run	ckpt_a	ckpt_b	acc_a	acc_b	acc_delta	global_block	stage	block	head	js_divergence	cosine_distance	topk_overlap_change	entropy_a	entropy_b	entropy_delta	oscillation_score
original	48	49	80.598	80.514	-0.08400000000000318	0	0	0	0	7.13097935574012e-07	2.165211266502709e-06	0.0	3.77528890140757	3.775423531383025	0.00013462997545499178	1.63413067475759e-05
original	48	49	80.598	80.514	-0.08400000000000318	0	0	0	1	6.54033758076222e-07	1.9400433892702296e-07	0.0	2.2339988308971197	2.234690612419061	0.0006917815219411594	7.002619029111919e-05
original	48	49	80.598	80.514	-0.08400000000000318	0	0	0	2	1.0101644975869764e-06	3.635764972975686e-06	0.015306122448979591	3.824423235423639	3.8242648882560597	0.00015834716757945344	0.0153266030952081
original	48	49	80.598	80.514	-0.08400000000000318	1	0	1	0	3.587539324748396e-06	1.2389359578035553e-05	0.025510204081632654	3.7229732006814307	3.7224499002015947	0.0005233004798359531	0.025578511028519033
original	48	49	80.598	80.514	-0.08400000000000318	1	0	1	1	5.9621674357924815e-06	1.1834900184304331e-06	0.0	2.0447169956806763	2.0470788454412143	0.002361849760537993	0.0002433306335080222
original	48	49	80.598	80.514	-0.08400000000000318	1	0	1	2	2.8841858560699317e-06	1.0005229287735062e-05	0.0	3.7371375498437014	3.7366835674353616	0.00045398240833982584	5.8287655977787585e-05
original	48	49	80.598	80.514	-0.08400000000000318	2	1	0	0	4.944392787927509e-06	1.452102655219445e-05	0.04081632653061224	3.79088015372891	3.790842103837703	3.804989120714808e-05	0.040839596939073075
original	48	49	80.598	80.514	-0.08400000000000318	2	1	0	1	8.393147913959044e-06	2.8228566828047974e-05	0.03571428571428571	3.7767085858649256	3.775873776271354	0.0008348095935715172	0.035834388388384875
original	48	49	80.598	80.514	-0.08400000000000318	2	1	0	2	2.628607895978466e-05	3.82261366271841e-06	0.01020408163265306	1.770405136468097	1.7767073932259803	0.006302256757883207	0.010864416001063885
original	48	49	80.598	80.514	-0.08400000000000318	2	1	0	3	3.58304057798289e-05	3.921480953184009e-06	0.01020408163265306	1.4134561626993891	1.4262713309689656	0.012815168269576516	0.011525350346343725
original	48	49	80.598	80.514	-0.08400000000000318	2	1	0	4	4.4254420913788795e-05	2.3493556366993573e-06	0.03571428571428571	0.8135690474611343	0.8259386399891554	0.012369592528021056	0.03699784874363831
original	48	49	80.598	80.514	-0.08400000000000318	2	1	0	5	3.1523591305813845e-05	1.5022338644143929e-06	0.025510204081632654	0.9758404352653468	0.98162106304982	0.005780627784473191	0.0261212926852502
original	48	49	80.598	80.514	-0.08400000000000318	3	1	1	0	4.298753136981096e-06	6.890744388754477e-06	0.00510204081632653	3.0899327858376497	3.089910071674963	2.271416268673221e-05	0.005115501730120939
original	48	49	80.598	80.514	-0.08400000000000318	3	1	1	1	2.4528491871667596e-05	1.0692877410067858e-05	0.0	1.9160511912755338	1.91058719837235	0.00546399290318389	0.0005816206596001244
original	48	49	80.598	80.514	-0.08400000000000318	3	1	1	2	2.314072823819407e-05	3.0536868524499994e-05	0.0	3.031302006310553	3.027002040881013	0.00429996542953992	0.00048367413971668616
original	48	49	80.598	80.514	-0.08400000000000318	3	1	1	3	3.269172098792942e-05	6.89402782547699e-05	0.03571428571428571	3.4051454057886557	3.4051792692546203	3.3863465964678596e-05	0.03581930406012488
original	48	49	80.598	80.514	-0.08400000000000318	3	1	1	4	1.99476328025821e-05	1.4055777336596798e-05	0.0	2.733658877947215	2.734840333798017	0.0011814558508018713	0.00015214899521936605
original	48	49	80.598	80.514	-0.08400000000000318	3	1	1	5	1.2494975416022027e-05	2.3752123860076857e-05	0.00510204081632653	3.280596014389871	3.281326887029454	0.0007308726395827136	0.005211375179560901
original	48	49	80.598	80.514	-0.08400000000000318	4	2	0	0	2.7500088494547405e-05	2.547153715692918e-05	0.0	2.62005883395719	2.621260812173404	0.001201978216213817	0.0001731694472728583
original	48	49	80.598	80.514	-0.08400000000000318	4	2	0	1	2.8309572986990618e-05	3.860479091322144e-05	0.01020408163265306	3.4194439590725203	3.421091396040775	0.0016474369682546453	0.010435739693378736
original	48	49	80.598	80.514	-0.08400000000000318	4	2	0	2	5.187776876970492e-05	0.000138166801529227	0.025510204081632654	3.6212451137444783	3.6221715060802993	0.0009263923358209247	0.02579288788551368
original	48	49	80.598	80.514	-0.08400000000000318	4	2	0	3	6.093019044911703e-05	0.00018083358328302435	0.04081632653061224	3.698800462316382	3.6990780352897312	0.00027757297334929376	0.04108584760167931
original	48	49	80.598	80.514	-0.08400000000000318	4	2	0	4	2.7547791506996154e-05	8.919000777019015e-05	0.025510204081632654	3.7763111276197225	3.7761896899586698	0.0001214376610527701	0.025639085647015114
original	48	49	80.598	80.514	-0.08400000000000318	4	2	0	5	2.8729255242505194e-05	8.155081953842291e-06	0.00510204081632653	2.1077931337702425	2.107114517598694	0.0006786161715486294	0.00520678677067774
original	48	49	80.598	80.514	-0.08400000000000318	4	2	0	6	3.960155252839932e-05	9.667220866038662e-06	0.01020408163265306	2.253107177476863	2.2542879501748523	0.0011807726979893296	0.010371427675846432
original	48	49	80.598	80.514	-0.08400000000000318	4	2	0	7	2.6617719540635942e-05	9.88433710378267e-05	0.10204081632653061	3.836282891837563	3.8362370529446874	4.5838892875682546e-05	0.10217086130639665
original	48	49	80.598	80.514	-0.08400000000000318	4	2	0	8	3.4078744220866866e-05	0.00012614266667865248	0.08673469387755102	3.850211244167584	3.8504700285846494	0.0002587844170651721	0.08692079373015706
original	48	49	80.598	80.514	-0.08400000000000318	4	2	0	9	2.1613509337028386e-05	4.955275921370017e-05	0.02040816326530612	3.3728661276131935	3.3749331791438157	0.0020670515306222548	0.020686034686919073
original	48	49	80.598	80.514	-0.08400000000000318	4	2	0	10	4.1328909426006216e-05	7.3773618665118335e-06	0.0	2.096243378213381	2.0947228729531515	0.001520505260229399	0.00020075679731545795
original	48	49	80.598	80.514	-0.08400000000000318	4	2	0	11	3.3619274759109925e-05	8.19259598505706e-06	0.0	1.931602318322259	1.9305793687096384	0.0010229496126206161	0.0001441068320062286
original	48	49	80.598	80.514	-0.08400000000000318	5	2	1	0	8.462453614648861e-05	0.0001556084003396796	0.00510204081632653	3.2081527116861825	3.206128241318443	0.0020244703677394504	0.005544720789586643
original	48	49	80.598	80.514	-0.08400000000000318	5	2	1	1	4.675975506389223e-05	0.00012104266433932143	0.03571428571428571	3.5590685828224196	3.5591472153052623	7.863248284278868e-05	0.035889951381973206
original	48	49	80.598	80.514	-0.08400000000000318	5	2	1	2	3.618046774529091e-05	7.17807218069133e-05	0.01020408163265306	3.3877945854981215	3.389212661239139	0.0014180757410175993	0.010453850396307024
original	48	49	80.598	80.514	-0.08400000000000318	5	2	1	3	5.594594298900958e-05	3.341795384470547e-05	0.0	2.511367347701431	2.513881923644724	0.0025145759432927406	0.00034082149116298913
original	48	49	80.598	80.514	-0.08400000000000318	5	2	1	4	5.669135741783425e-05	3.5531293460566715e-05	0.02040816326530612	2.532515717313762	2.533513633414695	0.0009979161009332493	0.020600177526277845
original	48	49	80.598	80.514	-0.08400000000000318	5	2	1	5	5.814546807277189e-05	1.728441663650937e-05	0.0	2.162070168597893	2.1582063958998066	0.003863772698086354	0.0004618071545179167
original	48	49	80.598	80.514	-0.08400000000000318	5	2	1	6	4.717018959409166e-05	7.293274323405541e-05	0.02040816326530612	3.1712775601254686	3.1733919575054528	0.002114397379984201	0.02073970593613269
original	48	49	80.598	80.514	-0.08400000000000318	5	2	1	7	2.123330486290433e-05	1.0516076177080613e-05	0.0	2.105175343219141	2.104944386134774	0.00023095708436704498	5.484508947668944e-05
original	48	49	80.598	80.514	-0.08400000000000318	5	2	1	8	3.168395587285203e-05	1.1666480257188638e-05	0.0	2.171252234362437	2.1725011176781828	0.0012488833157457968	0.00016823876770462036
original	48	49	80.598	80.514	-0.08400000000000318	5	2	1	9	8.827689780681646e-05	0.00021666638981687747	0.030612244897959183	3.5455260696946973	3.545711012681105	0.000184942986407588	0.030935682484223636
original	48	49	80.598	80.514	-0.08400000000000318	5	2	1	10	9.847155221704373e-05	0.00012075772324282585	0.025510204081632654	3.0720033342302	3.073112793399618	0.00110945916941807	0.02584037927403433
original	48	49	80.598	80.514	-0.08400000000000318	5	2	1	11	9.392085694612861e-05	0.00013217463660497586	0.015306122448979591	2.9856745581554267	2.9877093078759644	0.002034749720537743	0.01573569291458447
original	48	49	80.598	80.514	-0.08400000000000318	6	2	2	0	6.118555507338873e-05	0.00019266028898867749	0.030612244897959183	3.756159048999709	3.7559714538764934	0.00018759512321553373	0.030884850254342802
original	48	49	80.598	80.514	-0.08400000000000318	6	2	2	1	4.499074632784348e-05	0.00017916073780188668	0.0663265306122449	3.707468321535735	3.711762017947086	0.004293696411350911	0.06698005173750972
original	48	49	80.598	80.514	-0.08400000000000318	6	2	2	2	9.242798454661036e-05	0.0002943385546131383	0.030612244897959183	3.720560461663405	3.7208634080344116	0.0003029463710064739	0.031029306074219578
original	48	49	80.598	80.514	-0.08400000000000318	6	2	2	3	3.30293625544593e-05	6.570457912968841e-05	0.03571428571428571	3.5956043804329316	3.5965023091100057	0.0008979286770740558	0.03590281252367727
original	48	49	80.598	80.514	-0.08400000000000318	6	2	2	4	9.732927536677531e-05	0.00024781821967645445	0.030612244897959183	3.6275211707789383	3.6285437088371677	0.001022538058229383	0.031059646198825352
original	48	49	80.598	80.514	-0.08400000000000318	6	2	2	5	1.7200497621371733e-05	2.247110258923879e-05	0.0	2.6025513237822757	2.603776232502336	0.0012249087200602027	0.0001621624722166308
original	48	49	80.598	80.514	-0.08400000000000318	6	2	2	6	3.263444843058466e-05	0.00010934593694644779	0.04591836734693878	3.8182852497694455	3.818081042861992	0.0002042069074534858	0.046080768423061164
original	48	49	80.598	80.514	-0.08400000000000318	6	2	2	7	5.875439830812432e-05	5.4017359863989256e-05	0.01020408163265306	3.010689280231422	3.012704616877316	0.0020153366458943722	0.010518387055414611
original	48	49	80.598	80.514	-0.08400000000000318	6	2	2	8	7.089572434587857e-05	0.00014277059844991502	0.025510204081632654	3.435547354391694	3.4370926274888203	0.0015452730971263762	0.025878397714141087
original	48	49	80.598	80.514	-0.08400000000000318	6	2	2	9	7.928093451496505e-05	6.866200952926338e-05	0.00510204081632653	2.6726489081699527	2.669400179038818	0.00324872913113472	0.005574856673484231
original	48	49	80.598	80.514	-0.08400000000000318	6	2	2	10	7.95722956617388e-05	8.08040009931954e-05	0.00510204081632653	2.837993613289441	2.8415171383820246	0.0035235250925835793	0.0056147696222398225
original	48	49	80.598	80.514	-0.08400000000000318	6	2	2	11	4.995462999193057e-05	0.00015984171775373923	0.05612244897959184	3.7355340657671476	3.736435258580559	0.0009011928134112779	0.05642236460867864
original	48	49	80.598	80.514	-0.08400000000000318	7	2	3	0	9.950834868125714e-05	8.705111652484998e-05	0.01020408163265306	2.716614439229035	2.7200055306530113	0.0033910914239765333	0.010729750240256821
original	48	49	80.598	80.514	-0.08400000000000318	7	2	3	1	0.00013676226581270013	6.553612539694775e-05	0.0	2.4394428949991727	2.4573147902350523	0.01787189523587962	0.00198948791479761
original	48	49	80.598	80.514	-0.08400000000000318	7	2	3	2	9.599425696033626e-05	7.599884352771369e-05	0.00510204081632653	2.675961827562855	2.6766441305796542	0.0006823030167990574	0.005342264218494486
original	48	49	80.598	80.514	-0.08400000000000318	7	2	3	3	3.3270008159238074e-05	9.024743115215728e-05	0.015306122448979591	3.6139053382348365	3.613715490398219	0.00018984783661757376	0.015448624671952743
original	48	49	80.598	80.514	-0.08400000000000318	7	2	3	4	0.00010118839842162774	0.0002461161096125597	0.015306122448979591	3.5959805148522856	3.598713847720377	0.0027333328680914093	0.01592676024382292
original	48	49	80.598	80.514	-0.08400000000000318	7	2	3	5	8.366142890329635e-05	5.960533145565883e-05	0.015306122448979591	2.226421365802249	2.224822401800241	0.0015989640020079854	0.015609285609539347
original	48	49	80.598	80.514	-0.08400000000000318	7	2	3	6	0.0001109054555591936	0.00024469830229389977	0.03571428571428571	3.4841693412470187	3.485632993742206	0.0014636524951874286	0.03621625472165755
original	48	49	80.598	80.514	-0.08400000000000318	7	2	3	7	6.978518805740824e-05	0.00014549888078851936	0.030612244897959183	3.392691533536653	3.3931159236339163	0.0004243900972631387	0.030869967976531427
original	48	49	80.598	80.514	-0.08400000000000318	7	2	3	8	5.914677291758423e-05	9.024210607633254e-05	0.015306122448979591	3.1141026177821307	3.1150193856999566	0.0009167679178259114	0.015547188119756099
original	48	49	80.598	80.514	-0.08400000000000318	7	2	3	9	0.00011180048982513173	0.00023708298545410678	0.03571428571428571	3.4220799616305504	3.4236664594327615	0.0015864978022110954	0.03622181896978606
original	48	49	80.598	80.514	-0.08400000000000318	7	2	3	10	6.0200391841426954e-05	3.543624520618849e-05	0.0	2.044042601603601	2.044298618725162	0.00025601712156131384	0.00012123834920374683
original	48	49	80.598	80.514	-0.08400000000000318	7	2	3	11	0.0001191233261865005	0.000322111045350848	0.025510204081632654	3.6626095944158505	3.6639981012466656	0.0013885068308150395	0.026090289136251506
original	48	49	80.598	80.514	-0.08400000000000318	8	2	4	0	0.00015197806979325493	0.00035538825641545646	0.01020408163265306	3.5865709348350965	3.5883839939000772	0.0018130590649807488	0.010892753865359846
original	48	49	80.598	80.514	-0.08400000000000318	8	2	4	1	0.0001243212681839793	0.00031941210886377025	0.05612244897959184	3.6180121409061563	3.6194181831595453	0.0014060422533890282	0.05670678658197849
original	48	49	80.598	80.514	-0.08400000000000318	8	2	4	2	0.00012978591932918924	0.0004146703275341723	0.04081632653061224	3.7703365735601166	3.7714419205052834	0.0011053469451667297	0.04147131747199228
original	48	49	80.598	80.514	-0.08400000000000318	8	2	4	3	0.0001571223066589027	0.0004428587631201131	0.061224489795918366	3.6943836193142	3.696060998044577	0.0016773787303767662	0.06199220873873506
original	48	49	80.598	80.514	-0.08400000000000318	8	2	4	4	2.5399342406946318e-05	8.976036981267477e-05	0.04591836734693878	3.686360140056757	3.6868306755600564	0.0004705355032994518	0.046080580609488345
original	48	49	80.598	80.514	-0.08400000000000318	8	2	4	5	0.00013009218426234095	0.00021968085785473157	0.02040816326530612	3.4233468041838258	3.4241711541596596	0.0008243499758338046	0.020840371305006572
original	48	49	80.598	80.514	-0.08400000000000318	8	2	4	6	8.335792737791564e-05	0.000262668729167137	0.061224489795918366	3.696781275955817	3.698478686641031	0.001697410685213896	0.06174025752098481
original	48	49	80.598	80.514	-0.08400000000000318	8	2	4	7	9.84242517211878e-05	0.0002805150606827178	0.03571428571428571	3.6763666848301373	3.6782680617921666	0.0019013769620292997	0.036283362722892544
original	48	49	80.598	80.514	-0.08400000000000318	8	2	4	8	4.6788378909522594e-05	0.00011069080932490927	0.02040816326530612	3.5363319995693194	3.5368907546363038	0.0005587550669843289	0.020621517960238988
original	48	49	80.598	80.514	-0.08400000000000318	8	2	4	9	7.708557567452428e-05	0.00015985867786094676	0.03571428571428571	3.632843668904341	3.6333011188300812	0.00045744992574014987	0.0359969749603952
original	48	49	80.598	80.514	-0.08400000000000318	8	2	4	10	9.351194368086135e-05	0.00020394898361009162	0.02040816326530612	3.5471551079481003	3.546166377393456	0.0009887305546443237	0.020804497248061504
original	48	49	80.598	80.514	-0.08400000000000318	8	2	4	11	0.00015347325135147265	0.00035624268840483975	0.05612244897959184	3.5980413760278402	3.595735799833958	0.002305576193882164	0.056862722538736366
original	48	49	80.598	80.514	-0.08400000000000318	9	2	5	0	0.00016355402404650106	0.00032631793309556567	0.04081632653061224	3.2134524294835085	3.213740568827594	0.0002881393440854474	0.04133501242216286
original	48	49	80.598	80.514	-0.08400000000000318	9	2	5	1	0.00014812891361312903	0.00026256021189918766	0.04081632653061224	3.2089998411501033	3.206655303520277	0.0023445376298263376	0.04146146941910719
original	48	49	80.598	80.514	-0.08400000000000318	9	2	5	2	0.0001499283691543805	0.00010239235450282269	0.025510204081632654	2.902224842714367	2.906705718312372	0.004480875598004808	0.026210612365090338
original	48	49	80.598	80.514	-0.08400000000000318	9	2	5	3	0.00015564955488750457	0.00031567548522148936	0.025510204081632654	3.3775420650890524	3.377421792097172	0.00012027299188055451	0.025993556420929702
original	48	49	80.598	80.514	-0.08400000000000318	9	2	5	4	9.607969108277838e-05	0.0001483272052303919	0.025510204081632654	3.0650594577344124	3.0650332809278527	2.6176806559696786e-05	0.02575722865860179
original	48	49	80.598	80.514	-0.08400000000000318	9	2	5	5	4.8174176501853094e-05	0.00012254547983392428	0.02040816326530612	3.5126759114058363	3.5130669680504862	0.00039105664464988976	0.020617988586106886
original	48	49	80.598	80.514	-0.08400000000000318	9	2	5	6	0.00017117014997177225	0.000417597425005356	0.025510204081632654	3.653679570410282	3.654914897223949	0.0012353268136671147	0.026222504337976495
original	48	49	80.598	80.514	-0.08400000000000318	9	2	5	7	0.00017334147193524542	0.0003877744445236475	0.05612244897959184	3.4139461212583613	3.4152073032105914	0.0012611819522301282	0.056809683091273745
original	48	49	80.598	80.514	-0.08400000000000318	9	2	5	8	0.00010227898107877288	0.0001414163452138073	0.00510204081632653	3.0266280144444027	3.0278752020715975	0.00124718762719489	0.0054704549053386
original	48	49	80.598	80.514	-0.08400000000000318	9	2	5	9	0.00014918785185912556	0.0002921389501053806	0.04591836734693878	3.273781237532857	3.274223427355355	0.0004421898224982179	0.04640391313115311
original	48	49	80.598	80.514	-0.08400000000000318	9	2	5	10	0.00014995886364347217	0.0003077613459058215	0.05612244897959184	3.3007327401365503	3.2994466032845025	0.0012861368520478145	0.056708782874345914
original	48	49	80.598	80.514	-0.08400000000000318	9	2	5	11	0.00010994919831607427	0.00025276503407067885	0.03571428571428571	3.2917052304832883	3.2925261800316172	0.0008209495483288975	0.03615909490150536
original	48	49	80.598	80.514	-0.08400000000000318	10	3	0	0	0.0006361845590473546	0.001712636356899222	0.04081632653061224	3.3109823347420186	3.3004574851329602	0.010524849609058418	0.04421763240746466
original	48	49	80.598	80.514	-0.08400000000000318	10	3	0	1	0.0006660425670252615	0.0015390898685507803	0.07142857142857142	3.2722635200091594	3.2590868792360066	0.013176640773152837	0.07495136794146276
original	48	49	80.598	80.514	-0.08400000000000318	10	3	0	2	0.0006711517734441621	0.0009417607466455369	0.0	3.2353079674230822	3.2295553620145565	0.005752605408525735	0.0021881730609422724
original	48	49	80.598	80.514	-0.08400000000000318	10	3	0	3	0.0005273922002162728	0.0010285017080294834	0.04591836734693878	3.4103558384713475	3.4053377568921577	0.005018081579189815	0.04797606941310352
original	48	49	80.598	80.514	-0.08400000000000318	10	3	0	4	0.0004786580748206325	0.0009037296744377477	0.025510204081632654	3.3562093332998835	3.345873201268242	0.010336132031641299	0.027926205034055164
original	48	49	80.598	80.514	-0.08400000000000318	10	3	0	5	0.0008541129604189772	0.0010180945514358664	0.01020408163265306	2.8754899246445675	2.8644483256446223	0.011041598999945279	0.013180449044502432
original	48	49	80.598	80.514	-0.08400000000000318	10	3	0	6	0.00048703066899621216	0.0008965634293861546	0.01020408163265306	3.401033541244815	3.390244290609256	0.010789250635559355	0.012666600794591363
original	48	49	80.598	80.514	-0.08400000000000318	10	3	0	7	0.0001841204707827289	0.0005455744625506576	0.01020408163265306	3.6028170869290417	3.601643849290009	0.0011732376390325427	0.0110511003298897
original	48	49	80.598	80.514	-0.08400000000000318	10	3	0	8	0.0005958414410110009	0.0012964239673395328	0.05102040816326531	3.1615644074778664	3.1525517525649174	0.009012654912949003	0.05381393906291074
original	48	49	80.598	80.514	-0.08400000000000318	10	3	0	9	0.00017060770192177667	0.0004557078517358759	0.00510204081632653	3.4073857378640806	3.4038948120733648	0.0034909257907158597	0.006077448949055769
original	48	49	80.598	80.514	-0.08400000000000318	10	3	0	10	0.0005612935682085124	0.0013008970196743963	0.05102040816326531	3.3507935980978187	3.3416560982652457	0.00913749983257306	0.05379634873440552
original	48	49	80.598	80.514	-0.08400000000000318	10	3	0	11	0.00047747652022886195	0.000954573688953464	0.03571428571428571	3.3470506179959423	3.341504156717118	0.0055464612788242995	0.03770098205135047
original	48	49	80.598	80.514	-0.08400000000000318	10	3	0	12	0.0005418157382934823	0.0012852537681768972	0.04591836734693878	3.265688887131457	3.2618807837431345	0.0038081033883226034	0.04812624719224142
original	48	49	80.598	80.514	-0.08400000000000318	10	3	0	13	0.0008116169097682088	0.0010511860972590714	0.01020408163265306	3.3357999016856765	3.3707200514547817	0.03492014976910518	0.015558899616590858
original	48	49	80.598	80.514	-0.08400000000000318	10	3	0	14	0.00022634741646857383	0.0005859752643838645	0.030612244897959183	3.3783353133435283	3.367472431448137	0.010862881895391308	0.032510855768350756
original	48	49	80.598	80.514	-0.08400000000000318	10	3	0	15	0.0004343387097432261	0.0007545595772578961	0.01020408163265306	3.1149246921632914	3.1078056367093345	0.007119055453956857	0.012104885465049868
original	48	49	80.598	80.514	-0.08400000000000318	10	3	0	16	0.0005233397337007705	0.0010691433636612624	0.061224489795918366	3.3758301766396146	3.373741525474046	0.002088651165568667	0.06302583800983726
original	48	49	80.598	80.514	-0.08400000000000318	10	3	0	17	0.0005531305087645215	0.0013198269046390543	0.02040816326530612	3.2875159074680393	3.279876527017531	0.00763938045050816	0.023045058723760514
original	48	49	80.598	80.514	-0.08400000000000318	10	3	0	18	0.0003349172137598943	0.0009344345686282951	0.015306122448979591	3.599951772718449	3.5934062742708224	0.006545498447626752	0.017230024076130456
original	48	49	80.598	80.514	-0.08400000000000318	10	3	0	19	0.0003743331348953247	0.0006568869332179705	0.00510204081632653	3.3775096092248065	3.377912283350204	0.00040267412539751746	0.0061735282969795765
original	48	49	80.598	80.514	-0.08400000000000318	10	3	0	20	0.0005509754998576863	0.0008223159852418505	0.04591836734693878	2.9885094159661505	2.9930393702960916	0.004529954329941077	0.047744654265032424
original	48	49	80.598	80.514	-0.08400000000000318	10	3	0	21	0.0002271088127673371	0.0007938370628742808	0.08163265306122448	3.5374917265349306	3.537769234234001	0.00027750769907042283	0.08268134970677316
original	48	49	80.598	80.514	-0.08400000000000318	10	3	0	22	0.0005275569477418265	0.001111797826283456	0.04081632653061224	3.345958529841742	3.3342062995035517	0.011752230338190284	0.04363090433845655
original	48	49	80.598	80.514	-0.08400000000000318	10	3	0	23	0.0005780126530764601	0.0012493815919779605	0.02040816326530612	3.262215111561401	3.250787078155376	0.011428033406025051	0.023378360850963047
original	48	49	80.598	80.514	-0.08400000000000318	11	3	1	0	4.266874408321634e-05	0.0001519501563002068	0.015306122448979591	3.424626618551773	3.425506437642656	0.0008798190908829717	0.015588723258451311
original	48	49	80.598	80.514	-0.08400000000000318	11	3	1	1	0.00018246581387086188	0.00043921170086280714	0.02040816326530612	3.591049351264666	3.587300620236871	0.003748731027795049	0.021404713882819296
original	48	49	80.598	80.514	-0.08400000000000318	11	3	1	2	0.00031219444340388654	0.0007328824737730111	0.03571428571428571	3.5052838356070803	3.502991122328035	0.002292713279045344	0.03698863395936714
original	48	49	80.598	80.514	-0.08400000000000318	11	3	1	3	0.00023879965338369558	0.0005256345631371451	0.030612244897959183	3.5217430634960007	3.5190665603184335	0.002676503177567291	0.03164432943223675
original	48	49	80.598	80.514	-0.08400000000000318	11	3	1	4	0.00020694576521435433	0.0005010878866854585	0.00510204081632653	3.581867019905655	3.5851237543028422	0.003256734397187433	0.006135747907945087
original	48	49	80.598	80.514	-0.08400000000000318	11	3	1	5	0.00010633550687193572	0.00032683152268986326	0.061224489795918366	3.5234851459591052	3.5209738042271264	0.0025113417319788667	0.06190879099867805
original	48	49	80.598	80.514	-0.08400000000000318	11	3	1	6	0.00026414699742239483	0.0005282454651811541	0.01020408163265306	3.409147128190839	3.4077792084246803	0.0013679197661589093	0.0111332660718725
original	48	49	80.598	80.514	-0.08400000000000318	11	3	1	7	0.00022537085279438672	0.0005704070822629692	0.025510204081632654	3.619244343343804	3.627084783800764	0.007840440456959641	0.027090026062385975
original	48	49	80.598	80.514	-0.08400000000000318	11	3	1	8	0.000265468347406157	0.0005541138589165717	0.04591836734693878	3.465731162983025	3.460589117971675	0.005142045011350405	0.04725215405439655
original	48	49	80.598	80.514	-0.08400000000000318	11	3	1	9	0.00034625935962779805	0.0006041727743809622	0.025510204081632654	3.338870647029375	3.341668572244525	0.002797925215149988	0.026740428737156412
original	48	49	80.598	80.514	-0.08400000000000318	11	3	1	10	0.00026138181791166373	0.0006451122920327901	0.01020408163265306	3.5542554135228515	3.5474658442015006	0.006789569321350886	0.011789532674732603
original	48	49	80.598	80.514	-0.08400000000000318	11	3	1	11	0.00019199404931499064	0.0003592252585477018	0.01020408163265306	3.5278060184402267	3.533537242173995	0.005731223733768331	0.011328423313892586
original	48	49	80.598	80.514	-0.08400000000000318	11	3	1	12	0.00022208487737380468	0.00046476402937312145	0.030612244897959183	3.453381109857086	3.455998887977082	0.0026177781199963057	0.03156087161670574
original	48	49	80.598	80.514	-0.08400000000000318	11	3	1	13	0.00023984708958477827	0.0005520339161194654	0.02040816326530612	3.5590434823044768	3.565865148279016	0.006821665974539037	0.02188221086846427
original	48	49	80.598	80.514	-0.08400000000000318	11	3	1	14	0.00017707945601047582	0.0005128944672474489	0.025510204081632654	3.57182888457543	3.574926245955546	0.0030973613801164035	0.02650991414290222
original	48	49	80.598	80.514	-0.08400000000000318	11	3	1	15	0.00019214162787238473	0.0005332250885488055	0.04081632653061224	3.6452346527266988	3.644316269860121	0.0009183828665779714	0.04163353153369123
original	48	49	80.598	80.514	-0.08400000000000318	11	3	1	16	0.0002411934005987793	0.0006406307934024857	0.04081632653061224	3.6142091205124838	3.6102938008791567	0.00391531963332703	0.04208968268794621
original	48	49	80.598	80.514	-0.08400000000000318	11	3	1	17	0.00022334524696853445	0.0005919684571766837	0.030612244897959183	3.5554954116967488	3.5617427071189525	0.0062472954222037025	0.03205228814432477
original	48	49	80.598	80.514	-0.08400000000000318	11	3	1	18	0.0003898633876102478	0.0007943455150767331	0.03571428571428571	3.5107151922212774	3.5268214758685206	0.016106283647243202	0.038509122981697015
original	48	49	80.598	80.514	-0.08400000000000318	11	3	1	19	0.00026513861502501144	0.0005450229349375224	0.00510204081632653	3.4523403494316742	3.4546092740945697	0.0022689246628955217	0.006139094832578617
original	48	49	80.598	80.514	-0.08400000000000318	11	3	1	20	0.00024099586275530755	0.0005288203776828704	0.015306122448979591	3.524253674266473	3.5258237778767128	0.0015701036102395705	0.016232949050441727
original	48	49	80.598	80.514	-0.08400000000000318	11	3	1	21	0.00027199101530038186	0.00045882120248530445	0.00510204081632653	3.4074239666087434	3.4186058362363627	0.011181869627619356	0.006951039996874152
original	48	49	80.598	80.514	-0.08400000000000318	11	3	1	22	0.00021338027847964507	0.00043769578389385444	0.030612244897959183	3.473204163352003	3.4824672117461923	0.009263048394189344	0.03218962579975162
original	48	49	80.598	80.514	-0.08400000000000318	11	3	1	23	0.00024939848855464895	0.000488717477956313	0.05102040816326531	3.314651221388658	3.319156585077355	0.004505363688696917	0.05220906049864596
original	49	50	80.514	80.63	0.11599999999999966	0	0	0	0	9.975865943270829e-07	3.0468583807063965e-06	0.0	3.775423531383025	3.775051444746689	0.0003720866363359221	4.1253108608625694e-05
original	49	50	80.514	80.63	0.11599999999999966	0	0	0	1	6.078845825968147e-07	1.5426342958591022e-07	0.0	2.234690612419061	2.2346109730857533	7.963933330756845e-05	8.72608134293957e-06
original	49	50	80.514	80.63	0.11599999999999966	0	0	0	2	1.5958537248102633e-06	5.725306488568727e-06	0.00510204081632653	3.8242648882560597	3.824311348434352	4.646017829212923e-05	0.005114007994369122
original	49	50	80.514	80.63	0.11599999999999966	1	0	1	0	5.196787996432849e-06	1.7263660265443015e-05	0.025510204081632654	3.7224499002015947	3.7234397402909627	0.000989840089367977	0.02563164853883133
original	49	50	80.514	80.63	0.11599999999999966	1	0	1	1	3.7462398965528513e-06	1.7706876218603895e-06	0.0	2.0470788454412143	2.046266194604085	0.0008126508371293362	8.678201123134686e-05
original	49	50	80.514	80.63	0.11599999999999966	1	0	1	2	2.8556195489266257e-06	9.731440818949721e-06	0.00510204081632653	3.7366835674353616	3.736403765291541	0.00027980214382061774	0.005142608091076468
original	49	50	80.514	80.63	0.11599999999999966	2	1	0	0	4.953291707663128e-06	1.4624830435128189e-05	0.02040816326530612	3.790842103837703	3.790976535501581	0.00013443166387805405	0.020441184553836717
original	49	50	80.514	80.63	0.11599999999999966	2	1	0	1	8.527309583318621e-06	2.6955057784827652e-05	0.015306122448979591	3.775873776271354	3.7761074431429766	0.00023366687162251765	0.015364971503509989
original	49	50	80.514	80.63	0.11599999999999966	2	1	0	2	2.816763046391756e-05	3.7478219737652196e-06	0.00510204081632653	1.7767073932259803	1.7701365702451568	0.006570822980823454	0.005791038566846558
original	49	50	80.514	80.63	0.11599999999999966	2	1	0	3	3.842517857706052e-05	3.9260041323485595e-06	0.015306122448979591	1.4262713309689656	1.4139507565955975	0.012320574373368087	0.01658053106902581
original	49	50	80.514	80.63	0.11599999999999966	2	1	0	4	4.10861046667052e-05	1.8627380503621893e-06	0.03571428571428571	0.8259386399891554	0.8169912790068723	0.008947360982283104	0.03665197065523109
original	49	50	80.514	80.63	0.11599999999999966	2	1	0	5	3.145737863298445e-05	1.8294650867556328e-06	0.015306122448979591	0.98162106304982	0.9761321082068639	0.005488954842956084	0.01588830477699494
original	49	50	80.514	80.63	0.11599999999999966	3	1	1	0	4.4101963698180835e-06	7.429407221981599e-06	0.00510204081632653	3.089910071674963	3.0905516053168087	0.0006415336418457152	0.005178033784102901
original	49	50	80.514	80.63	0.11599999999999966	3	1	1	1	1.8945032893324226e-05	1.1522621816584255e-05	0.0	1.91058719837235	1.908440802057863	0.002146396314486987	0.00024510728615860717
original	49	50	80.514	80.63	0.11599999999999966	3	1	1	2	2.224479460328981e-05	3.1325330369869064e-05	0.0	3.027002040881013	3.0282354183110654	0.0012333774300521405	0.00017690786797837292
original	49	50	80.514	80.63	0.11599999999999966	3	1	1	3	3.423981971622496e-05	7.926587492135262e-05	0.015306122448979591	3.4051792692546203	3.403429654444221	0.0017496148103992581	0.015594589624657096
original	49	50	80.514	80.63	0.11599999999999966	3	1	1	4	2.1240693625466417e-05	1.380260272920708e-05	0.0	2.734840333798017	2.7311652386010428	0.0036750951969741763	0.00040255281605209117
original	49	50	80.514	80.63	0.11599999999999966	3	1	1	5	1.1380945572123506e-05	2.002512292464953e-05	0.00510204081632653	3.281326887029454	3.2824690293903154	0.00114214236086152	0.005247661120909455
original	49	50	80.514	80.63	0.11599999999999966	4	2	0	0	2.7873813476753273e-05	2.7086244316354424e-05	0.0	2.621260812173404	2.620333454242387	0.0009273579310171698	0.0001476958508948247
original	49	50	80.514	80.63	0.11599999999999966	4	2	0	1	2.626650641383112e-05	3.587068621013767e-05	0.02040816326530612	3.421091396040775	3.4196523356847655	0.0014390603560094917	0.02061420649353104
original	49	50	80.514	80.63	0.11599999999999966	4	2	0	2	5.624963109453153e-05	0.00015013626035309535	0.015306122448979591	3.6221715060802993	3.621777993006335	0.0003935130739640691	0.015551859647823626
original	49	50	80.514	80.63	0.11599999999999966	4	2	0	3	6.971794457867446e-05	0.00021221016038552865	0.04591836734693878	3.6990780352897312	3.696922736839273	0.002155298450458254	0.04641582529694881
original	49	50	80.514	80.63	0.11599999999999966	4	2	0	4	3.067406944412585e-05	0.00010057590688594686	0.02040816326530612	3.7761896899586698	3.7765316106000344	0.00034192064136462363	0.020573605305772655
original	49	50	80.514	80.63	0.11599999999999966	4	2	0	5	2.9340650940009753e-05	8.108965744213492e-06	0.00510204081632653	2.107114517598694	2.1080523583527047	0.0009378407540108213	0.005233274508411836
original	49	50	80.514	80.63	0.11599999999999966	4	2	0	6	4.158688394088304e-05	1.1219939238471532e-05	0.0	2.2542879501748523	2.2518079550675494	0.0024799951073029014	0.0003008063339096447
original	49	50	80.514	80.63	0.11599999999999966	4	2	0	7	2.6216592136680916e-05	9.294666425763154e-05	0.11734693877551021	3.8362370529446874	3.8360699502658164	0.0001671026788709895	0.11748281229979163
original	49	50	80.514	80.63	0.11599999999999966	4	2	0	8	3.6744898516937786e-05	0.0001365111487812154	0.08673469387755102	3.8504700285846494	3.850504771677725	3.474309307582857e-05	0.08691142423415675
original	49	50	80.514	80.63	0.11599999999999966	4	2	0	9	2.506053551997314e-05	6.152535957981708e-05	0.025510204081632654	3.3749331791438157	3.374877052313184	5.6126830631608726e-05	0.025602402659795603
original	49	50	80.514	80.63	0.11599999999999966	4	2	0	10	4.3323309858846486e-05	9.192221626763697e-06	0.0	2.0947228729531515	2.0947206216532503	2.2512999011681245e-06	5.2740661475726996e-05
original	49	50	80.514	80.63	0.11599999999999966	4	2	0	11	2.9662639357510123e-05	6.82145898567299e-06	0.0	1.9305793687096384	1.9318483691672212	0.001269000457582825	0.00016338414410146563
original	49	50	80.514	80.63	0.11599999999999966	5	2	1	0	7.868890543900198e-05	0.00014284754717863724	0.00510204081632653	3.206128241318443	3.207382305810004	0.0012540644915608468	0.005448983718100254
original	49	50	80.514	80.63	0.11599999999999966	5	2	1	1	4.658947836516475e-05	0.0001156602014025232	0.030612244897959183	3.5591472153052623	3.5591275014056145	1.971389964783299e-05	0.030776465967691652
original	49	50	80.514	80.63	0.11599999999999966	5	2	1	2	3.604306118989382e-05	6.582381330655362e-05	0.015306122448979591	3.389212661239139	3.3885281389119406	0.0006845223271985112	0.01547644155619589
original	49	50	80.514	80.63	0.11599999999999966	5	2	1	3	5.532227721922068e-05	3.860503411456939e-05	0.0	2.513881923644724	2.5109226194027006	0.0029593042420232862	0.00038985773553611874
original	49	50	80.514	80.63	0.11599999999999966	5	2	1	4	5.56553535400411e-05	3.458709276504823e-05	0.015306122448979591	2.533513633414695	2.5338074986313024	0.00029386521660734743	0.015425751416945415
original	49	50	80.514	80.63	0.11599999999999966	5	2	1	5	5.2480557596280914e-05	1.5325060666815382e-05	0.00510204081632653	2.1582063958998066	2.161611532188712	0.003405136288905375	0.005510360063480164
original	49	50	80.514	80.63	0.11599999999999966	5	2	1	6	4.4885499097393894e-05	7.295021066455742e-05	0.01020408163265306	3.1733919575054528	3.173620969254731	0.0002290117492780297	0.010344818517342815
original	49	50	80.514	80.63	0.11599999999999966	5	2	1	7	2.2112952206696028e-05	1.2802308945958352e-05	0.0	2.104944386134774	2.1051381606934516	0.00019377455867752857	5.429271702040724e-05
original	49	50	80.514	80.63	0.11599999999999966	5	2	1	8	2.9041642476155348e-05	8.49308943129401e-06	0.0	2.1725011176781828	2.1715784544081216	0.0009226632700611859	0.00012980105891356795
original	49	50	80.514	80.63	0.11599999999999966	5	2	1	9	9.201645775675684e-05	0.00023556324007012464	0.04081632653061224	3.545711012681105	3.5449817522221543	0.0007292604589506091	0.04121683227433418
original	49	50	80.514	80.63	0.11599999999999966	5	2	1	10	9.783428761443602e-05	0.00012161138325128551	0.030612244897959183	3.073112793399618	3.071479961405144	0.00163283199447406	0.030994973768272312
original	49	50	80.514	80.63	0.11599999999999966	5	2	1	11	9.375737534294277e-05	0.00011839519128920006	0.02040816326530612	2.9877093078759644	2.9853439173082963	0.0023653905676681575	0.02085685488870508
original	49	50	80.514	80.63	0.11599999999999966	6	2	2	0	6.124734867475297e-05	0.0001914924306247734	0.02040816326530612	3.7559714538764934	3.7552655783676183	0.0007058755088751312	0.02073149059549316
original	49	50	80.514	80.63	0.11599999999999966	6	2	2	1	4.074971058409046e-05	0.00012588841446237176	0.09183673469387756	3.711762017947086	3.7104611722013163	0.0013008457457694966	0.09213345739350096
original	49	50	80.514	80.63	0.11599999999999966	6	2	2	2	8.827313027087414e-05	0.0002759347116892963	0.05612244897959184	3.7208634080344116	3.720173471240328	0.0006899367940835788	0.05655565050096037
original	49	50	80.514	80.63	0.11599999999999966	6	2	2	3	3.528128422693811e-05	7.141155636603003e-05	0.025510204081632654	3.5965023091100057	3.595266277056628	0.0012360320533777447	0.025740500127563397
original	49	50	80.514	80.63	0.11599999999999966	6	2	2	4	9.384797825786067e-05	0.0002455382130083228	0.04081632653061224	3.6285437088371677	3.6266755551903787	0.0018681536467890503	0.04134252808655733
original	49	50	80.514	80.63	0.11599999999999966	6	2	2	5	1.710853745786024e-05	2.5686421356030387e-05	0.0	2.603776232502336	2.6024108120447993	0.0013654204575366258	0.0001793370045675532
original	49	50	80.514	80.63	0.11599999999999966	6	2	2	6	3.028530717655813e-05	9.963039167504295e-05	0.05612244897959184	3.818081042861992	3.818297533357438	0.00021649049544603116	0.05627401372798804
original	49	50	80.514	80.63	0.11599999999999966	6	2	2	7	5.61530328621252e-05	6.310128432729378e-05	0.01020408163265306	3.012704616877316	3.012182680006096	0.0005219368712201522	0.010375529636964495
original	49	50	80.514	80.63	0.11599999999999966	6	2	2	8	7.116702734964652e-05	0.00013932017294415733	0.025510204081632654	3.4370926274888203	3.4371732650154563	8.06375266360071e-05	0.02572875503459006
original	49	50	80.514	80.63	0.11599999999999966	6	2	2	9	6.473888491719252e-05	4.4488053212443646e-05	0.0	2.669400179038818	2.6692421851888772	0.00015799384994075183	0.00012502632312371136
original	49	50	80.514	80.63	0.11599999999999966	6	2	2	10	7.833136637454692e-05	7.734126587466417e-05	0.01020408163265306	2.8415171383820246	2.8377347240829187	0.003782414299105863	0.010737995694812857
original	49	50	80.514	80.63	0.11599999999999966	6	2	2	11	4.761576256805956e-05	0.00014629502589491583	0.05102040816326531	3.736435258580559	3.736483485970821	4.8227390262223224e-05	0.051219141690754505
original	49	50	80.514	80.63	0.11599999999999966	7	2	3	0	8.116182958109435e-05	7.192199190109161e-05	0.00510204081632653	2.7200055306530113	2.7208119944679336	0.0008064638149223313	0.005335771019300949
original	49	50	80.514	80.63	0.11599999999999966	7	2	3	1	0.00012566179129516432	4.7307184930733825e-05	0.00510204081632653	2.4573147902350523	2.4470216331198777	0.010293157115174534	0.006304325504069882
original	49	50	80.514	80.63	0.11599999999999966	7	2	3	2	8.707517449820486e-05	7.230311554529134e-05	0.00510204081632653	2.6766441305796542	2.6773570092620194	0.0007128786823651367	0.00533270697460654
original	49	50	80.514	80.63	0.11599999999999966	7	2	3	3	3.5678870917944905e-05	0.00010128451420221563	0.00510204081632653	3.613715490398219	3.613209711330088	0.0005057790681308738	0.005289582108259779
original	49	50	80.514	80.63	0.11599999999999966	7	2	3	4	9.355813554941161e-05	0.00024119065477212764	0.030612244897959183	3.598713847720377	3.597705062824235	0.0010087848961419787	0.03104787217789492
original	49	50	80.514	80.63	0.11599999999999966	7	2	3	5	8.527569314534348e-05	5.463865982568983e-05	0.030612244897959183	2.224822401800241	2.22546932572953	0.0006469239292887785	0.030816851643859094
original	49	50	80.514	80.63	0.11599999999999966	7	2	3	6	0.00011167810706835945	0.00025872448584363106	0.030612244897959183	3.485632993742206	3.486208776748721	0.0005757830065147296	0.031040225791522644
original	49	50	80.514	80.63	0.11599999999999966	7	2	3	7	7.358755216159971e-05	0.00015387006471712095	0.02040816326530612	3.3931159236339163	3.3935919317115952	0.0004760080776788911	0.020683221689952732
original	49	50	80.514	80.63	0.11599999999999966	7	2	3	8	5.4873946760048006e-05	8.857542733042845e-05	0.015306122448979591	3.1150193856999566	3.1158102231928977	0.0007908374929410655	0.015528655572364174
original	49	50	80.514	80.63	0.11599999999999966	7	2	3	9	0.00010407985802021722	0.00022244371545510067	0.025510204081632654	3.4236664594327615	3.422875038908961	0.0007914205238006566	0.025915869707488038
original	49	50	80.514	80.63	0.11599999999999966	7	2	3	10	5.7781029261782275e-05	2.65067591189716e-05	0.00510204081632653	2.044298618725162	2.044946808205226	0.0006481894800636212	0.005251147552713646
original	49	50	80.514	80.63	0.11599999999999966	7	2	3	11	0.00011905651941679845	0.00033533977118360703	0.015306122448979591	3.6639981012466656	3.6633557977305777	0.0006423035160878499	0.01582474909118878
original	49	50	80.514	80.63	0.11599999999999966	8	2	4	0	0.0001474307395290932	0.0003443420645502515	0.015306122448979591	3.5883839939000772	3.58785081213641	0.0005331817636671232	0.01585121342942565
original	49	50	80.514	80.63	0.11599999999999966	8	2	4	1	0.00011978041216269449	0.000325139137621	0.0663265306122449	3.6194181831595453	3.6191927975838585	0.0002253855756868539	0.06679398871959728
original	49	50	80.514	80.63	0.11599999999999966	8	2	4	2	0.0001347106799288899	0.0004290494550073243	0.04591836734693878	3.7714419205052834	3.771146063438064	0.0002958570672193517	0.046511713188596926
original	49	50	80.514	80.63	0.11599999999999966	8	2	4	3	0.00013613443403934672	0.00038092790280630506	0.05102040816326531	3.696060998044577	3.695662319472791	0.0003986785717859931	0.05157733835728956
original	49	50	80.514	80.63	0.11599999999999966	8	2	4	4	2.618668106095898e-05	9.609379774444538e-05	0.025510204081632654	3.6868306755600564	3.6866306853690145	0.00019999019104188775	0.025652483579542248
original	49	50	80.514	80.63	0.11599999999999966	8	2	4	5	0.0001372276746175789	0.0002450452612101639	0.025510204081632654	3.4241711541596596	3.4248656052620574	0.0006944511023978528	0.02596192212770018
original	49	50	80.514	80.63	0.11599999999999966	8	2	4	6	9.413290606318914e-05	0.00029800224818488097	0.04591836734693878	3.698478686641031	3.6973201009586627	0.0011585856823681517	0.04642636106942366
original	49	50	80.514	80.63	0.11599999999999966	8	2	4	7	0.00010570701474937708	0.00031207243319431033	0.025510204081632654	3.6782680617921666	3.677758379880633	0.0005096819115335549	0.0259789517207297
original	49	50	80.514	80.63	0.11599999999999966	8	2	4	8	4.220757175693935e-05	9.61413988633808e-05	0.025510204081632654	3.5368907546363038	3.5354870436133123	0.0014037110229914163	0.025788924154552115
original	49	50	80.514	80.63	0.11599999999999966	8	2	4	9	7.206286487787182e-05	0.0001458241679517247	0.07653061224489796	3.6333011188300812	3.6326369840273443	0.0006641348027369709	0.07681491275800126
original	49	50	80.514	80.63	0.11599999999999966	8	2	4	10	9.331087947933464e-05	0.00022177186253757863	0.015306122448979591	3.546166377393456	3.5480086657295065	0.0018422883360504905	0.015805434024601554
original	49	50	80.514	80.63	0.11599999999999966	8	2	4	11	0.00014848241432211125	0.0003877160577375749	0.05102040816326531	3.595735799833958	3.5957092437544076	2.655607955048822e-05	0.051559262243280043
original	49	50	80.514	80.63	0.11599999999999966	9	2	5	0	0.0001490221321695439	0.00024658135194755015	0.025510204081632654	3.213740568827594	3.2157130864776597	0.001972517650065786	0.026103059330756326
original	49	50	80.514	80.63	0.11599999999999966	9	2	5	1	0.0001486201771295521	0.000271538691962947	0.03571428571428571	3.206655303520277	3.2071648277665017	0.0005095242462247462	0.036185397008000685
original	49	50	80.514	80.63	0.11599999999999966	9	2	5	2	0.00013435236821296068	9.546167682150664e-05	0.030612244897959183	2.906705718312372	2.897269783236972	0.009435935075400081	0.03178565245053366
original	49	50	80.514	80.63	0.11599999999999966	9	2	5	3	0.0001395069917674639	0.000267776419588861	0.030612244897959183	3.377421792097172	3.3778591917798315	0.000437399682659656	0.031063268277581473
original	49	50	80.514	80.63	0.11599999999999966	9	2	5	4	9.445514303005011e-05	0.0001402283613183286	0.02040816326530612	3.0650332809278527	3.0665539416343015	0.0015206607064488509	0.020794912840299384
original	49	50	80.514	80.63	0.11599999999999966	9	2	5	5	4.451294687841348e-05	0.00011975648253370608	0.04081632653061224	3.5130669680504862	3.5127615401605787	0.0003054278899075058	0.04101113874901511
original	49	50	80.514	80.63	0.11599999999999966	9	2	5	6	0.0001661015905189582	0.00038952813815473775	0.05102040816326531	3.654914897223949	3.6539754503552	0.0009394468687489166	0.05166998257881389
original	49	50	80.514	80.63	0.11599999999999966	9	2	5	7	0.0001571368489284697	0.00033130795957547754	0.04591836734693878	3.4152073032105914	3.4144973350951413	0.0007099681154500992	0.046477808966987735
original	49	50	80.514	80.63	0.11599999999999966	9	2	5	8	9.91062297309016e-05	0.0001290296283704695	0.00510204081632653	3.0278752020715975	3.0286780347394155	0.0008028326678179987	0.005410459941209702
original	49	50	80.514	80.63	0.11599999999999966	9	2	5	9	0.00013730674320966679	0.00022943876737169244	0.04081632653061224	3.274223427355355	3.2744603151168254	0.00023688776147023916	0.04120676081734062
original	49	50	80.514	80.63	0.11599999999999966	9	2	5	10	0.00013251679250551765	0.00023045661549125906	0.05102040816326531	3.2994466032845025	3.2999851830891025	0.0005385798046000367	0.05143723955172209
original	49	50	80.514	80.63	0.11599999999999966	9	2	5	11	0.00010737909033688464	0.00022560889930212102	0.04081632653061224	3.2925261800316172	3.2942102237035047	0.0016840436718874585	0.04131771888743999
original	49	50	80.514	80.63	0.11599999999999966	10	3	0	0	0.0005013661338044968	0.000799832354055563	0.04591836734693878	3.3004574851329602	3.3024718702129725	0.002014385080012282	0.04742100434280007
original	49	50	80.514	80.63	0.11599999999999966	10	3	0	1	0.0005131220770796521	0.0007545180191016465	0.03571428571428571	3.2590868792360066	3.261986304867529	0.0028994256315222344	0.03727186837361923
original	49	50	80.514	80.63	0.11599999999999966	10	3	0	2	0.0006724898486337642	0.0007726594643294726	0.00510204081632653	3.2295553620145565	3.235573211292846	0.006017849278289411	0.007148975057118708
original	49	50	80.514	80.63	0.11599999999999966	10	3	0	3	0.00048597699620914995	0.0008891567782060017	0.061224489795918366	3.4053377568921577	3.407752627471861	0.0024148705797033543	0.06284111062830386
original	49	50	80.514	80.63	0.11599999999999966	10	3	0	4	0.0005154473165172248	0.0007550917293051018	0.02040816326530612	3.345873201268242	3.350913009359317	0.00503980809107496	0.022182683120235944
original	49	50	80.514	80.63	0.11599999999999966	10	3	0	5	0.0007868645789071494	0.0007442886829862605	0.01020408163265306	2.8644483256446223	2.874483406076735	0.010035080432112764	0.012738742937757747
original	49	50	80.514	80.63	0.11599999999999966	10	3	0	6	0.000505572097969961	0.0008226713092186477	0.00510204081632653	3.390244290609256	3.3892888215871166	0.000955469022139166	0.006525831125729055
original	49	50	80.514	80.63	0.11599999999999966	10	3	0	7	0.00019038810041257587	0.0005737323889813961	0.015306122448979591	3.601643849290009	3.6048724735925095	0.0032286243025003714	0.016393105368623602
original	49	50	80.514	80.63	0.11599999999999966	10	3	0	8	0.000555895203213562	0.0008197236316113132	0.04081632653061224	3.1525517525649174	3.157938585627851	0.005386833062933416	0.04273062867173046
original	49	50	80.514	80.63	0.11599999999999966	10	3	0	9	0.00012719698438629475	0.0002724311432725779	0.025510204081632654	3.4038948120733648	3.4043472148644147	0.00045240279104996617	0.025955072488396524
original	49	50	80.514	80.63	0.11599999999999966	10	3	0	10	0.000538093652706724	0.000904698272039206	0.03571428571428571	3.3416560982652457	3.3555557142719175	0.013899616006671778	0.03854703923969882
original	49	50	80.514	80.63	0.11599999999999966	10	3	0	11	0.00046502187924875543	0.000809919840053408	0.05102040816326531	3.341504156717118	3.349511685116105	0.008007528398986885	0.053096102722466156
original	49	50	80.514	80.63	0.11599999999999966	10	3	0	12	0.0005122678464686304	0.0009040985627872811	0.03571428571428571	3.2618807837431345	3.263686701170818	0.0018059174276836565	0.03731124386630999
original	49	50	80.514	80.63	0.11599999999999966	10	3	0	13	0.0008101892861753469	0.001293756258609835	0.02040816326530612	3.3707200514547817	3.336024398393967	0.0346956530608149	0.025981674116172793
original	49	50	80.514	80.63	0.11599999999999966	10	3	0	14	0.00021041183834765253	0.0004749265828327687	0.030612244897959183	3.367472431448137	3.376241805258455	0.008769373810317838	0.03217452070017139
original	49	50	80.514	80.63	0.11599999999999966	10	3	0	15	0.0004425930979828883	0.0007004529480101329	0.015306122448979591	3.1078056367093345	3.1174264274975187	0.00962079078818423	0.017411247573791033
original	49	50	80.514	80.63	0.11599999999999966	10	3	0	16	0.0005425450566684919	0.0009639496916883372	0.04591836734693878	3.373741525474046	3.3790600886386506	0.005318563164604662	0.047956718411756076
original	49	50	80.514	80.63	0.11599999999999966	10	3	0	17	0.0005481313804682061	0.0010069238792653756	0.04081632653061224	3.279876527017531	3.2777143108760374	0.0021622161414938113	0.0425876034044952
original	49	50	80.514	80.63	0.11599999999999966	10	3	0	18	0.0003652009897473326	0.0008062947256793906	0.00510204081632653	3.5934062742708224	3.5907775677081877	0.0026287065626346973	0.006536407188016724
original	49	50	80.514	80.63	0.11599999999999966	10	3	0	19	0.0004145388460233026	0.0007059347349013256	0.02040816326530612	3.377912283350204	3.372479280018555	0.0054330033316492	0.02207193717939567
original	49	50	80.514	80.63	0.11599999999999966	10	3	0	20	0.0005740479451199413	0.0008249289850515984	0.030612244897959183	2.9930393702960916	2.9853929942437434	0.007646376052348192	0.03277585943336554
original	49	50	80.514	80.63	0.11599999999999966	10	3	0	21	0.0002159050379229119	0.0006800509725163328	0.0663265306122449	3.537769234234001	3.5367665385143816	0.0010026957196194175	0.06732275619464609
original	49	50	80.514	80.63	0.11599999999999966	10	3	0	22	0.0005466545204944188	0.0008676139838342811	0.030612244897959183	3.3342062995035517	3.342014561066515	0.007808261562963104	0.03280733955858419
original	49	50	80.514	80.63	0.11599999999999966	10	3	0	23	0.0005306787688991572	0.0008159769968540953	0.02040816326530612	3.250787078155376	3.2590905862792185	0.008303508123842729	0.022585169843443643
original	49	50	80.514	80.63	0.11599999999999966	11	3	1	0	3.236730961780311e-05	9.617614234436189e-05	0.01020408163265306	3.425506437642656	3.425299528530896	0.00020690911176002302	0.010353315995791229
original	49	50	80.514	80.63	0.11599999999999966	11	3	1	1	0.00020822171874263385	0.0005001810917067973	0.01020408163265306	3.587300620236871	3.595652754011741	0.008352133774869763	0.01174769782058947
original	49	50	80.514	80.63	0.11599999999999966	11	3	1	2	0.0002814130240761325	0.0007061026228615264	0.02040816326530612	3.502991122328035	3.5068443790132626	0.003853256685227624	0.021781004580766542
original	49	50	80.514	80.63	0.11599999999999966	11	3	1	3	0.00024277609210698328	0.0004649131026374098	0.015306122448979591	3.5190665603184335	3.5136163429483576	0.005450217370075894	0.016558833380731573
original	49	50	80.514	80.63	0.11599999999999966	11	3	1	4	0.00020449349231945222	0.0004480584412046573	0.01020408163265306	3.5851237543028422	3.580261217010822	0.0048625372920203525	0.011342887295379205
original	49	50	80.514	80.63	0.11599999999999966	11	3	1	5	9.712686684078679e-05	0.0002624874387403553	0.03571428571428571	3.5209738042271264	3.5206146261988813	0.000359178028245033	0.03610981782269136
original	49	50	80.514	80.63	0.11599999999999966	11	3	1	6	0.0002713040423730519	0.0005094204260666091	0.02040816326530612	3.4077792084246803	3.4124528345601064	0.004673626135426101	0.021656250347288394
original	49	50	80.514	80.63	0.11599999999999966	11	3	1	7	0.00022417960479451413	0.0005221796979602011	0.025510204081632654	3.627084783800764	3.626780202855503	0.0003045809452606463	0.026287021478913434
original	49	50	80.514	80.63	0.11599999999999966	11	3	1	8	0.0002563955441147668	0.0005967130882436056	0.05102040816326531	3.460589117971675	3.473046904025675	0.012457786054000053	0.05311929540102368
original	49	50	80.514	80.63	0.11599999999999966	11	3	1	9	0.00031478499186612106	0.0004862110201527825	0.00510204081632653	3.341668572244525	3.3378607269503258	0.003807845294199197	0.006283821357765353
original	49	50	80.514	80.63	0.11599999999999966	11	3	1	10	0.00025476831942629243	0.0005793056299058241	0.015306122448979591	3.5474658442015006	3.5525883859957945	0.005122541794293944	0.016652450577741104
original	49	50	80.514	80.63	0.11599999999999966	11	3	1	11	0.00027248993136900124	0.0005501765536333192	0.00510204081632653	3.533537242173995	3.52747979714308	0.006057445030914987	0.006530451804420349
original	49	50	80.514	80.63	0.11599999999999966	11	3	1	12	0.00019283548472190986	0.00035768417341863756	0.05102040816326531	3.455998887977082	3.454482241891996	0.0015166460850863928	0.0517225924299145
original	49	50	80.514	80.63	0.11599999999999966	11	3	1	13	0.0002305463985135281	0.0005337658229138675	0.02040816326530612	3.565865148279016	3.5691822078132933	0.003317059534277522	0.02150418144016127
original	49	50	80.514	80.63	0.11599999999999966	11	3	1	14	0.0001603945152705676	0.0004252035837249979	0.02040816326530612	3.574926245955546	3.570410795758423	0.004515450197123183	0.021445306384014005
original	49	50	80.514	80.63	0.11599999999999966	11	3	1	15	0.0002040592590005064	0.0005274376852375529	0.04081632653061224	3.644316269860121	3.649970186208031	0.005653916347910126	0.04211321510964131
original	49	50	80.514	80.63	0.11599999999999966	11	3	1	16	0.0002401454133056585	0.0006374401488259407	0.04591836734693878	3.6102938008791567	3.612253356343532	0.0019595554643752067	0.046991908455507894
original	49	50	80.514	80.63	0.11599999999999966	11	3	1	17	0.00020392327095175458	0.0004546177897747361	0.030612244897959183	3.5617427071189525	3.5641643010277755	0.0024215939088230165	0.03151294534956798
original	49	50	80.514	80.63	0.11599999999999966	11	3	1	18	0.00033919607522836796	0.0006652674155437355	0.02040816326530612	3.5268214758685206	3.5194871727899875	0.007334303078533111	0.022146057063931537
original	49	50	80.514	80.63	0.11599999999999966	11	3	1	19	0.00025592098274285885	0.0005554978087000118	0.02040816326530612	3.4546092740945697	3.4596771024307076	0.005067828336137836	0.021726364890362775
original	49	50	80.514	80.63	0.11599999999999966	11	3	1	20	0.0002509462756962612	0.0004995587448545225	0.025510204081632654	3.5258237778767128	3.522525004667502	0.0032987732092109034	0.02659058642310453
original	49	50	80.514	80.63	0.11599999999999966	11	3	1	21	0.00023457641206077904	0.0004375201692013997	0.0	3.4186058362363627	3.4122752236094342	0.006330612626928467	0.0013051578439550256
original	49	50	80.514	80.63	0.11599999999999966	11	3	1	22	0.00016566581942519405	0.00032962803845748567	0.030612244897959183	3.4824672117461923	3.4814395549038823	0.0010276568423099874	0.03121030444007286
original	49	50	80.514	80.63	0.11599999999999966	11	3	1	23	0.00027248211115660253	0.0004720297121959538	0.03571428571428571	3.319156585077355	3.3116900268065055	0.0074665582708495215	0.03720545336472322
original	50	51	80.63	80.616	-0.013999999999995794	0	0	0	0	9.424980057380801e-07	2.7842756076257302e-06	0.0	3.775051444746689	3.774688316367353	0.00036312837933616393	4.0039611546980205e-05
original	50	51	80.63	80.616	-0.013999999999995794	0	0	0	1	5.835509413210372e-07	1.5219569649005393e-07	0.0	2.2346109730857533	2.234839811035128	0.00022883794937467172	2.3619541575278268e-05
original	50	51	80.63	80.616	-0.013999999999995794	0	0	0	2	1.6056855177955232e-06	5.868663616737102e-06	0.00510204081632653	3.824311348434352	3.824453366954176	0.00014201851982420521	0.005123717017443483
original	50	51	80.63	80.616	-0.013999999999995794	1	0	1	0	3.864580307155916e-06	1.236437465146345e-05	0.00510204081632653	3.7234397402909627	3.7228628451268144	0.0005768951641482722	0.005175959287699977
original	50	51	80.63	80.616	-0.013999999999995794	1	0	1	1	5.257054578120298e-06	1.6977343207935647e-06	0.00510204081632653	2.046266194604085	2.044151724212771	0.0021144703913140717	0.005320442644356852
original	50	51	80.63	80.616	-0.013999999999995794	1	0	1	2	2.399630253162955e-06	7.75712156442232e-06	0.00510204081632653	3.736403765291541	3.7362604663820624	0.00014329890947850643	0.005126527459091966
original	50	51	80.63	80.616	-0.013999999999995794	2	1	0	0	5.146518572981866e-06	1.5539697312050293e-05	0.03571428571428571	3.790976535501581	3.790754996472162	0.00022153902941912662	0.035757125833112656
original	50	51	80.63	80.616	-0.013999999999995794	2	1	0	1	7.693593333021431e-06	2.583086725516104e-05	0.02040816326530612	3.7761074431429766	3.775949456863875	0.00015798627910168506	0.020457486353804472
original	50	51	80.63	80.616	-0.013999999999995794	2	1	0	2	2.501797146638266e-05	3.5753738124588708e-06	0.00510204081632653	1.7701365702451568	1.768221895885736	0.0019146743594207205	0.005322101597547444
original	50	51	80.63	80.616	-0.013999999999995794	2	1	0	3	3.052074023714416e-05	2.8958525201128182e-06	0.02040816326530612	1.4139507565955975	1.4090673966695137	0.004883359926083797	0.02092991585067176
original	50	51	80.63	80.616	-0.013999999999995794	2	1	0	4	3.680426018804469e-05	1.7197104102972816e-06	0.04081632653061224	0.8169912790068723	0.822224868431004	0.005233589424131657	0.04137820944362375
original	50	51	80.63	80.616	-0.013999999999995794	2	1	0	5	2.884539609184312e-05	1.8080920697327585e-06	0.015306122448979591	0.9761321082068639	0.9731595219911294	0.002972586215734485	0.015634034558714614
original	50	51	80.63	80.616	-0.013999999999995794	3	1	1	0	4.034957114105635e-06	7.075688644331279e-06	0.00510204081632653	3.0905516053168087	3.090490207702652	6.139761415679956e-05	0.0051192912235006474
original	50	51	80.63	80.616	-0.013999999999995794	3	1	1	1	2.1750036089113875e-05	8.175337832927454e-06	0.0	1.908440802057863	1.9040750937473339	0.004365708310529071	0.0004664962049749484
original	50	51	80.63	80.616	-0.013999999999995794	3	1	1	2	2.5189289140583108e-05	2.9963676654976013e-05	0.0	3.0282354183110654	3.0330292854182916	0.004793867107226291	0.0005345396765181881
original	50	51	80.63	80.616	-0.013999999999995794	3	1	1	3	3.332704202854025e-05	7.233335072986957e-05	0.025510204081632654	3.403429654444221	3.404324831329489	0.0008951768852680786	0.025705382162917872
original	50	51	80.63	80.616	-0.013999999999995794	3	1	1	4	1.9927293854080054e-05	1.3014161526436752e-05	0.0	2.7311652386010428	2.733430963006744	0.002265724405701164	0.0002595138959506332
original	50	51	80.63	80.616	-0.013999999999995794	3	1	1	5	1.0598771317264632e-05	1.80020997231356e-05	0.01020408163265306	3.2824690293903154	3.2825599260522393	9.089666192396706e-05	0.010241772169885857
original	50	51	80.63	80.616	-0.013999999999995794	4	2	0	0	2.708489538378132e-05	2.1005911168381353e-05	0.0	2.620333454242387	2.6218071307116704	0.0014736764692835358	0.00019545845348051624
original	50	51	80.63	80.616	-0.013999999999995794	4	2	0	1	3.5176801931175324e-05	6.315763982234213e-05	0.01020408163265306	3.4196523356847655	3.4204797725784406	0.0008274368936751486	0.010385159763774092
original	50	51	80.63	80.616	-0.013999999999995794	4	2	0	2	5.072717328446038e-05	0.0001321684123705147	0.025510204081632654	3.621777993006335	3.621792508614925	1.4515608589782403e-05	0.025694551228146605
original	50	51	80.63	80.616	-0.013999999999995794	4	2	0	3	6.799420414171823e-05	0.00020081169508767704	0.0663265306122449	3.696922736839273	3.69866073927159	0.0017380024323170318	0.066769136754706
original	50	51	80.63	80.616	-0.013999999999995794	4	2	0	4	2.8744226477539147e-05	9.044398377378027e-05	0.025510204081632654	3.7765316106000344	3.776221430939291	0.00031017966074342596	0.025660410257958316
original	50	51	80.63	80.616	-0.013999999999995794	4	2	0	5	2.8861649085254207e-05	9.433599336250431e-06	0.00510204081632653	2.1080523583527047	2.1107819082812753	0.0027295499285706626	0.005413291057605101
original	50	51	80.63	80.616	-0.013999999999995794	4	2	0	6	3.718395873871699e-05	1.0079160033815704e-05	0.0	2.2518079550675494	2.2548990775768916	0.0030911225093421812	0.0003563753697067508
original	50	51	80.63	80.616	-0.013999999999995794	4	2	0	7	3.685329960994619e-05	0.00013146130566366043	0.10714285714285714	3.8360699502658164	3.835892399607583	0.00017755065823354954	0.1073289268139541
original	50	51	80.63	80.616	-0.013999999999995794	4	2	0	8	3.076638394690722e-05	0.00011183469735775997	0.08673469387755102	3.850504771677725	3.850711584695323	0.00020681301759761794	0.08689797626061545
original	50	51	80.63	80.616	-0.013999999999995794	4	2	0	9	3.310643936064981e-05	7.397189969693407e-05	0.03571428571428571	3.374877052313184	3.3774173983640514	0.0025403460508672815	0.03607539865843003
original	50	51	80.63	80.616	-0.013999999999995794	4	2	0	10	3.9349821571074646e-05	7.795132539678562e-06	0.0	2.0947206216532503	2.095761522337432	0.0010409006841816115	0.00015123502252891436
original	50	51	80.63	80.616	-0.013999999999995794	4	2	0	11	2.982799432591556e-05	6.021662998789701e-06	0.0	1.9318483691672212	1.9320421602552242	0.0001937910880029925	5.522876612500451e-05
original	50	51	80.63	80.616	-0.013999999999995794	5	2	1	0	7.432884097286758e-05	0.00013234023638653003	0.01020408163265306	3.207382305810004	3.2072461937334693	0.00013611207653463353	0.010424361917665922
original	50	51	80.63	80.616	-0.013999999999995794	5	2	1	1	4.665753856263223e-05	0.00012156678261898701	0.04081632653061224	3.5591275014056145	3.5594771685275393	0.00034966712192474603	0.041019517563986335
original	50	51	80.63	80.616	-0.013999999999995794	5	2	1	2	3.7202811005377174e-05	7.881678427235084e-05	0.02040816326530612	3.3885281389119406	3.388375674792337	0.0001524641196035681	0.020539429272544207
original	50	51	80.63	80.616	-0.013999999999995794	5	2	1	3	5.205997838115448e-05	3.065126644463678e-05	0.0	2.5109226194027006	2.512009717292347	0.0010870978896462269	0.00019142103379041396
original	50	51	80.63	80.616	-0.013999999999995794	5	2	1	4	5.3202236102968526e-05	2.984676939776776e-05	0.01020408163265306	2.5338074986313024	2.5332663870640695	0.0005411115672329103	0.010341241794877089
original	50	51	80.63	80.616	-0.013999999999995794	5	2	1	5	4.719758232719496e-05	1.4049164932306013e-05	0.0	2.161611532188712	2.1618112649871812	0.0001997327984692987	8.122002710643084e-05
original	50	51	80.63	80.616	-0.013999999999995794	5	2	1	6	5.052670916893875e-05	7.64769369093754e-05	0.01020408163265306	3.173620969254731	3.1728154157148913	0.0008055535398394653	0.010411640632715321
original	50	51	80.63	80.616	-0.013999999999995794	5	2	1	7	2.1902578496485424e-05	1.0329775910644656e-05	0.0	2.1051381606934516	2.10490477632596	0.0002333843674917624	5.557079115630632e-05
original	50	51	80.63	80.616	-0.013999999999995794	5	2	1	8	3.162679191106794e-05	1.0584434271820875e-05	0.0	2.1715784544081216	2.174239674790465	0.002661220382343288	0.0003083332644172176
original	50	51	80.63	80.616	-0.013999999999995794	5	2	1	9	8.946713530125226e-05	0.0002222412909219651	0.05102040816326531	3.5449817522221543	3.545045610979014	6.385875685976927e-05	0.051338502465174504
original	50	51	80.63	80.616	-0.013999999999995794	5	2	1	10	9.625885353348266e-05	0.00011874029576863787	0.04081632653061224	3.071479961405144	3.0725022412762124	0.001022279871068399	0.0411335536670212
original	50	51	80.63	80.616	-0.013999999999995794	5	2	1	11	8.655387250772133e-05	0.00010717247267255647	0.01020408163265306	2.9853439173082963	2.9858396248498593	0.0004957075415630285	0.010447378731989641
original	50	51	80.63	80.616	-0.013999999999995794	6	2	2	0	5.9217718938353206e-05	0.00018610417936637536	0.025510204081632654	3.7552655783676183	3.7555115531852965	0.0002459748176781851	0.0257801234617052
original	50	51	80.63	80.616	-0.013999999999995794	6	2	2	1	3.841812414653494e-05	0.000113554691957507	0.061224489795918366	3.7104611722013163	3.7087545622130254	0.0017066099882909747	0.061547123610851504
original	50	51	80.63	80.616	-0.013999999999995794	6	2	2	2	8.735052396713163e-05	0.0002727678116941634	0.03571428571428571	3.720173471240328	3.720126942675675	4.65285646531477e-05	0.036079056906412325
original	50	51	80.63	80.616	-0.013999999999995794	6	2	2	3	3.781506543159749e-05	8.490653620363275e-05	0.025510204081632654	3.595266277056628	3.5942794673876617	0.0009868096689662487	0.02573160665016451
original	50	51	80.63	80.616	-0.013999999999995794	6	2	2	4	9.581025434985233e-05	0.0002652821183660725	0.02040816326530612	3.6266755551903787	3.627088426225379	0.0004128710350004283	0.020810542741522088
original	50	51	80.63	80.616	-0.013999999999995794	6	2	2	5	1.606184792362382e-05	2.4552332157368184e-05	0.00510204081632653	2.6024108120447993	2.603356610522588	0.0009457984777885287	0.005237234844186376
original	50	51	80.63	80.616	-0.013999999999995794	6	2	2	6	3.445041805001772e-05	0.00011738476027456368	0.061224489795918366	3.818297533357438	3.818389679644434	9.214628699583116e-05	0.06138553960294253
original	50	51	80.63	80.616	-0.013999999999995794	6	2	2	7	5.99273045822078e-05	6.464586687549012e-05	0.02040816326530612	3.012182680006096	3.0083447635589584	0.0038379164471376015	0.02091652808147758
original	50	51	80.63	80.616	-0.013999999999995794	6	2	2	8	7.349340915497372e-05	0.00015026571073284423	0.025510204081632654	3.4371732650154563	3.4360789688868296	0.0010942961286266595	0.025843392814383137
original	50	51	80.63	80.616	-0.013999999999995794	6	2	2	9	6.626445899377725e-05	5.0617239979011686e-05	0.00510204081632653	2.6692421851888772	2.668356572120638	0.0008856130682390884	0.005307483822123228
original	50	51	80.63	80.616	-0.013999999999995794	6	2	2	10	7.288779576856391e-05	7.087495345736716e-05	0.030612244897959183	2.8377347240829187	2.8391746214767024	0.0014398973937836956	0.03089999738656348
original	50	51	80.63	80.616	-0.013999999999995794	6	2	2	11	4.990177423823435e-05	0.00015906931554865444	0.061224489795918366	3.736483485970821	3.7359542840806297	0.0005292018901914552	0.0614863810747244
original	50	51	80.63	80.616	-0.013999999999995794	7	2	3	0	8.132323482160631e-05	7.092370495387357e-05	0.015306122448979591	2.7208119944679336	2.7175201722037983	0.00329182226413538	0.015787551615168607
original	50	51	80.63	80.616	-0.013999999999995794	7	2	3	1	0.0001509933194328673	7.193740415145644e-05	0.01020408163265306	2.4470216331198777	2.4294630652547333	0.017558567865144425	0.012182869142751827
original	50	51	80.63	80.616	-0.013999999999995794	7	2	3	2	8.422834715790172e-05	6.940612004258107e-05	0.00510204081632653	2.6773570092620194	2.6751851954511006	0.002171813810918799	0.005472856664618893
original	50	51	80.63	80.616	-0.013999999999995794	7	2	3	3	3.62995566417743e-05	9.975411077400853e-05	0.0	3.613209711330088	3.6132100403942484	3.2906416036482256e-07	0.0001360865738318193
original	50	51	80.63	80.616	-0.013999999999995794	7	2	3	4	8.973040824123644e-05	0.0002188627315953262	0.03571428571428571	3.597705062824235	3.595922938514224	0.001782124310011124	0.03620109128512339
original	50	51	80.63	80.616	-0.013999999999995794	7	2	3	5	8.802856683842063e-05	5.8952119482702514e-05	0.015306122448979591	2.22546932572953	2.2278058160734715	0.0023364903439415663	0.01568675216969487
original	50	51	80.63	80.616	-0.013999999999995794	7	2	3	6	0.0001137168873357346	0.0002569611103001579	0.025510204081632654	3.486208776748721	3.485937929313487	0.0002708474352339785	0.025907966822791947
original	50	51	80.63	80.616	-0.013999999999995794	7	2	3	7	7.319258042870075e-05	0.00016192998087816157	0.015306122448979591	3.3935919317115952	3.394475556162713	0.0008836244511178926	0.015629607455398244
original	50	51	80.63	80.616	-0.013999999999995794	7	2	3	8	5.3315812897757666e-05	8.430147067550742e-05	0.02040816326530612	3.1158102231928977	3.115033387930412	0.000776835262485509	0.020623464075127936
original	50	51	80.63	80.616	-0.013999999999995794	7	2	3	9	0.00010027687925780472	0.0002028250127478204	0.01020408163265306	3.422875038908961	3.4227495572822217	0.00012548162673908791	0.010519731687332595
original	50	51	80.63	80.616	-0.013999999999995794	7	2	3	10	5.832616407146135e-05	3.605573403497875e-05	0.01020408163265306	2.044946808205226	2.0463056880466777	0.0013588798414518877	0.01043435151490469
original	50	51	80.63	80.616	-0.013999999999995794	7	2	3	11	0.00012273624520359335	0.00034777433994792606	0.025510204081632654	3.6633557977305777	3.663072168294314	0.0002836294362635883	0.02600907761041053
original	50	51	80.63	80.616	-0.013999999999995794	8	2	4	0	0.00015998954653813618	0.000387485358431916	0.015306122448979591	3.58785081213641	3.5848984105178077	0.0029524016186024404	0.016148837515809887
original	50	51	80.63	80.616	-0.013999999999995794	8	2	4	1	0.00012974664558065526	0.0003620425660897375	0.0663265306122449	3.6191927975838585	3.6170060940764346	0.0021867035074238927	0.06703699017465768
original	50	51	80.63	80.616	-0.013999999999995794	8	2	4	2	0.0001424646386713135	0.00047492497472034767	0.05102040816326531	3.771146063438064	3.7692515082015303	0.0018945552365337015	0.051827253300310336
original	50	51	80.63	80.616	-0.013999999999995794	8	2	4	3	0.00014404485253584982	0.0004256824584675245	0.05612244897959184	3.695662319472791	3.693741276150202	0.0019210433225889112	0.056884280622854104
original	50	51	80.63	80.616	-0.013999999999995794	8	2	4	4	2.8821966770520065e-05	0.00010804413843967797	0.04591836734693878	3.6866306853690145	3.6865206957827796	0.00010998958623487098	0.04606623241077246
original	50	51	80.63	80.616	-0.013999999999995794	8	2	4	5	0.00014640657936179738	0.0002824329338695364	0.025510204081632654	3.4248656052620574	3.4224094471675484	0.0024561580945090533	0.026184659404314893
original	50	51	80.63	80.616	-0.013999999999995794	8	2	4	6	8.408174948594879e-05	0.0002757844939651477	0.04591836734693878	3.6973201009586627	3.6978254794341674	0.000505378475504692	0.04632877143794035
original	50	51	80.63	80.616	-0.013999999999995794	8	2	4	7	0.00010842162354645496	0.00033552898334876513	0.015306122448979591	3.677758379880633	3.6762458215845664	0.0015125582960666684	0.01590132888548148
original	50	51	80.63	80.616	-0.013999999999995794	8	2	4	8	5.212580794581191e-05	0.00011196783156519619	0.025510204081632654	3.5354870436133123	3.5380737778260705	0.002586734212758124	0.025932971142419475
original	50	51	80.63	80.616	-0.013999999999995794	8	2	4	9	6.747958768892462e-05	0.00014395722211724138	0.07653061224489796	3.6326369840273443	3.6322219706216305	0.0004150134057137045	0.0767835503952755
original	50	51	80.63	80.616	-0.013999999999995794	8	2	4	10	0.00010279754865851913	0.00024026459253378984	0.01020408163265306	3.5480086657295065	3.545172767127599	0.0028358986019072496	0.010830733634036095
original	50	51	80.63	80.616	-0.013999999999995794	8	2	4	11	0.0001516409389099567	0.00038543443476568573	0.061224489795918366	3.5957092437544076	3.5961306789700243	0.0004214352156166612	0.06180370869115567
original	50	51	80.63	80.616	-0.013999999999995794	9	2	5	0	0.00017084397520111594	0.00031016116174686914	0.05612244897959184	3.2157130864776597	3.2135381706188375	0.002174915858822235	0.05682094570242205
original	50	51	80.63	80.616	-0.013999999999995794	9	2	5	1	0.0001485395103190196	0.00027136602753807804	0.02040816326530612	3.2071648277665017	3.2070289796460965	0.0001358481204052353	0.02084165361520374
original	50	51	80.63	80.616	-0.013999999999995794	9	2	5	2	0.0001355271746203689	8.27344253555573e-05	0.04081632653061224	2.897269783236972	2.89339415187824	0.0038756313587318125	0.04142215126646135
original	50	51	80.63	80.616	-0.013999999999995794	9	2	5	3	0.00014404847821410745	0.00031302201840621713	0.04591836734693878	3.3778591917798315	3.3770218025455807	0.0008373892342508071	0.04645917676698418
original	50	51	80.63	80.616	-0.013999999999995794	9	2	5	4	9.87998013730603e-05	0.00014896087479021602	0.025510204081632654	3.0665539416343015	3.065871984896125	0.0006819567381763925	0.025826160431613572
original	50	51	80.63	80.616	-0.013999999999995794	9	2	5	5	4.831289626168518e-05	0.0001283962238420866	0.030612244897959183	3.5127615401605787	3.512760160499594	1.3796609845684316e-06	0.03078909198416141
original	50	51	80.63	80.616	-0.013999999999995794	9	2	5	6	0.00016469320911074512	0.00039451019873981696	0.05612244897959184	3.6539754503552	3.6534317884948977	0.0005436618603025245	0.05673601857347265
original	50	51	80.63	80.616	-0.013999999999995794	9	2	5	7	0.00016101052379296056	0.0003339815690445169	0.00510204081632653	3.4144973350951413	3.4135972380709436	0.000900097024197688	0.0056870426115837765
original	50	51	80.63	80.616	-0.013999999999995794	9	2	5	8	0.000104617258834699	0.00012940649839510154	0.0	3.0286780347394155	3.0308126963650093	0.0021346616255937256	0.00044748991978917313
original	50	51	80.63	80.616	-0.013999999999995794	9	2	5	9	0.00014216151855237072	0.0002704044138231998	0.05612244897959184	3.2744603151168254	3.273387831245384	0.001072483871441321	0.05664226329911154
original	50	51	80.63	80.616	-0.013999999999995794	9	2	5	10	0.00014425718308711585	0.000279762339811751	0.04591836734693878	3.2999851830891025	3.2989507699870506	0.0010344131020518788	0.046445828180042836
original	50	51	80.63	80.616	-0.013999999999995794	9	2	5	11	0.00010710599191337431	0.00020710651934074953	0.04591836734693878	3.2942102237035047	3.2942144107146705	4.187011165779353e-06	0.04623299855930948
original	50	51	80.63	80.616	-0.013999999999995794	10	3	0	0	0.0005820044642817604	0.0009741559730308547	0.04591836734693878	3.3024718702129725	3.299500191522762	0.002971678690210311	0.047771695653272425
original	50	51	80.63	80.616	-0.013999999999995794	10	3	0	1	0.0005905197939808978	0.0009717465528631397	0.04591836734693878	3.261986304867529	3.2608735111226324	0.0011127937448964786	0.047591913068272464
original	50	51	80.63	80.616	-0.013999999999995794	10	3	0	2	0.000830731929508827	0.0009082629039207646	0.00510204081632653	3.235573211292846	3.226382266635628	0.009190944657218036	0.0077601301154779255
original	50	51	80.63	80.616	-0.013999999999995794	10	3	0	3	0.0006080794289803015	0.000949773687833888	0.025510204081632654	3.407752627471861	3.416147417795982	0.008394790324120827	0.027907536230858926
original	50	51	80.63	80.616	-0.013999999999995794	10	3	0	4	0.0005757490929530255	0.0008825338979119302	0.01020408163265306	3.350913009359317	3.3521780909714733	0.0012650816121562158	0.011788872784733638
original	50	51	80.63	80.616	-0.013999999999995794	10	3	0	5	0.0008849385052180214	0.0009252489063751312	0.01020408163265306	2.874483406076735	2.8631225313295197	0.011360874747215366	0.013150356518967751
original	50	51	80.63	80.616	-0.013999999999995794	10	3	0	6	0.0006023381562484233	0.0009584299950148312	0.01020408163265306	3.3892888215871166	3.3970666604615345	0.007777838874417853	0.0125426336713581
original	50	51	80.63	80.616	-0.013999999999995794	10	3	0	7	0.00021461759407007399	0.0006279759044648392	0.015306122448979591	3.6048724735925095	3.6048377393423547	3.47342501547665e-05	0.016152189372529983
original	50	51	80.63	80.616	-0.013999999999995794	10	3	0	8	0.0006306020921416182	0.0010090187034055287	0.04591836734693878	3.157938585627851	3.1516541032462664	0.006284482381584411	0.04818643638064436
original	50	51	80.63	80.616	-0.013999999999995794	10	3	0	9	0.0001437373566575977	0.0003443546922896612	0.030612244897959183	3.4043472148644147	3.4040938323546293	0.0002533825097854603	0.031125675197884988
original	50	51	80.63	80.616	-0.013999999999995794	10	3	0	10	0.0006268393632929112	0.001024584423094721	0.04081632653061224	3.3555557142719175	3.3481452131692713	0.007410501102646183	0.04320880042726449
original	50	51	80.63	80.616	-0.013999999999995794	10	3	0	11	0.000605780325299874	0.000878846662109023	0.03571428571428571	3.349511685116105	3.343827117073865	0.005684568042239935	0.0377673695059186
original	50	51	80.63	80.616	-0.013999999999995794	10	3	0	12	0.0005091194030075923	0.0008833416568926333	0.04591836734693878	3.263686701170818	3.2705047977833765	0.006818096612558389	0.047992638068094846
original	50	51	80.63	80.616	-0.013999999999995794	10	3	0	13	0.0008945985142503172	0.0013121629026129344	0.02040816326530612	3.336024398393967	3.3176191030077895	0.0184052953861773	0.024455454220787102
original	50	51	80.63	80.616	-0.013999999999995794	10	3	0	14	0.00027818375405382377	0.0005884347953191149	0.025510204081632654	3.376241805258455	3.373912935150523	0.002328870107931813	0.026609709641798773
original	50	51	80.63	80.616	-0.013999999999995794	10	3	0	15	0.0005503960864614342	0.0007474630112662695	0.015306122448979591	3.1174264274975187	3.119658530605551	0.002232103108032124	0.016827191857510505
original	50	51	80.63	80.616	-0.013999999999995794	10	3	0	16	0.0006083119703297235	0.0009021174281518274	0.03571428571428571	3.3790600886386506	3.380187720403325	0.0011276317646742307	0.03733747828923469
original	50	51	80.63	80.616	-0.013999999999995794	10	3	0	17	0.0006244668434354547	0.0009481219708099564	0.025510204081632654	3.2777143108760374	3.2859189082095916	0.008204597333554275	0.02790325262923349
original	50	51	80.63	80.616	-0.013999999999995794	10	3	0	18	0.0005175654833194678	0.001114467676213371	0.0	3.5907775677081877	3.6070875702180647	0.01631000250987702	0.0032630334105205406
original	50	51	80.63	80.616	-0.013999999999995794	10	3	0	19	0.0005052975393811956	0.0007740320506018916	0.01020408163265306	3.372479280018555	3.3744919470756414	0.0020126670570865812	0.011684677928344806
original	50	51	80.63	80.616	-0.013999999999995794	10	3	0	20	0.0005868223239559986	0.0008920783266049837	0.04591836734693878	2.9853929942437434	2.992517723749752	0.00712472950600862	0.048109740948100624
original	50	51	80.63	80.616	-0.013999999999995794	10	3	0	21	0.00023191962178584192	0.0006441656286005903	0.05102040816326531	3.5367665385143816	3.5394888082426195	0.0027222697282378583	0.05216872038647553
original	50	51	80.63	80.616	-0.013999999999995794	10	3	0	22	0.0005834753091225023	0.000920853402442745	0.030612244897959183	3.342014561066515	3.342276637457296	0.00026207639078101863	0.03214278124860254
original	50	51	80.63	80.616	-0.013999999999995794	10	3	0	23	0.0006221930550168366	0.0008984098570630206	0.015306122448979591	3.2590905862792185	3.256117169718293	0.0029734165609256458	0.017124067017152012
original	50	51	80.63	80.616	-0.013999999999995794	11	3	1	0	3.7807528291922374e-05	0.00011212144816685754	0.015306122448979591	3.425299528530896	3.4252592005053293	4.032802556652726e-05	0.015460084227995025
original	50	51	80.63	80.616	-0.013999999999995794	11	3	1	1	0.00022762461171976415	0.0005544576346733221	0.01020408163265306	3.595652754011741	3.590507384182414	0.005145369829326896	0.011500700861978836
original	50	51	80.63	80.616	-0.013999999999995794	11	3	1	2	0.0002653486945161913	0.0006109690833423498	0.015306122448979591	3.5068443790132626	3.505961066078752	0.000883312934510716	0.016270771520289204
original	50	51	80.63	80.616	-0.013999999999995794	11	3	1	3	0.00032143972964725166	0.0007805989596455509	0.030612244897959183	3.5136163429483576	3.523380056216346	0.009763713267988638	0.03269065491405085
original	50	51	80.63	80.616	-0.013999999999995794	11	3	1	4	0.00030462811523309605	0.0008096389334805165	0.00510204081632653	3.580261217010822	3.5883888558692143	0.008127638858392405	0.007029071750879383
original	50	51	80.63	80.616	-0.013999999999995794	11	3	1	5	0.00010522522041620002	0.00030643074445202423	0.030612244897959183	3.5206146261988813	3.5229134675456484	0.0022988413467670554	0.031253784997504114
original	50	51	80.63	80.616	-0.013999999999995794	11	3	1	6	0.00036541062764985216	0.000860067097164352	0.025510204081632654	3.4124528345601064	3.4193192741339598	0.006866439573853356	0.027422325763832193
original	50	51	80.63	80.616	-0.013999999999995794	11	3	1	7	0.00023091580425682124	0.0005920982191757185	0.04591836734693878	3.626780202855503	3.6252254308522116	0.0015547720032915713	0.04689685857070047
original	50	51	80.63	80.616	-0.013999999999995794	11	3	1	8	0.00033883486645886114	0.0007546269674206796	0.0663265306122449	3.473046904025675	3.4648234604205506	0.008223443605124281	0.06824233680663687
original	50	51	80.63	80.616	-0.013999999999995794	11	3	1	9	0.00035882866524669047	0.0006236365288397883	0.01020408163265306	3.3378607269503258	3.3390097323829475	0.0011490054326217525	0.011301447370001716
original	50	51	80.63	80.616	-0.013999999999995794	11	3	1	10	0.00028754231369833955	0.0006767519162960145	0.01020408163265306	3.5525883859957945	3.5427703403363453	0.009818045659449215	0.012150180428592337
original	50	51	80.63	80.616	-0.013999999999995794	11	3	1	11	0.00033408987841803154	0.0007164227527799438	0.015306122448979591	3.52747979714308	3.5232302386944507	0.004249558448629287	0.016781590925040495
original	50	51	80.63	80.616	-0.013999999999995794	11	3	1	12	0.00021107602619404046	0.00048776159982455436	0.05612244897959184	3.454482241891996	3.4545168865171725	3.464462517666078e-05	0.05682475106812809
original	50	51	80.63	80.616	-0.013999999999995794	11	3	1	13	0.0002736769453276275	0.0006589510866571446	0.025510204081632654	3.5691822078132933	3.572946399906481	0.0037641920931879014	0.026819251322936218
original	50	51	80.63	80.616	-0.013999999999995794	11	3	1	14	0.00018271840193242322	0.0005182244709804884	0.03571428571428571	3.570410795758423	3.5769258798242065	0.006515084065783494	0.03706673699377697
original	50	51	80.63	80.616	-0.013999999999995794	11	3	1	15	0.00023073003863461423	0.0006325085374503381	0.061224489795918366	3.649970186208031	3.6442141582504526	0.005756027957578347	0.06266333116776115
original	50	51	80.63	80.616	-0.013999999999995794	11	3	1	16	0.00024961314381197213	0.0006456499929701209	0.03571428571428571	3.612253356343532	3.614848894073591	0.00259553773005905	0.03686910262407371
original	50	51	80.63	80.616	-0.013999999999995794	11	3	1	17	0.00021341019944173448	0.0005437273348961602	0.01020408163265306	3.5641643010277755	3.564074532374116	8.976865365939446e-05	0.010970196032356895
original	50	51	80.63	80.616	-0.013999999999995794	11	3	1	18	0.0003388534684164007	0.0006532866436976814	0.00510204081632653	3.5194871727899875	3.5147654353674684	0.004721737422519023	0.0065663546706925145
original	50	51	80.63	80.616	-0.013999999999995794	11	3	1	19	0.0003248855304346191	0.0007431675461239129	0.025510204081632654	3.4596771024307076	3.4566625760613063	0.003014526369401249	0.026879709795131313
original	50	51	80.63	80.616	-0.013999999999995794	11	3	1	20	0.00031555818336848084	0.0008010914085665455	0.030612244897959183	3.522525004667502	3.526793751991942	0.00426874732444027	0.03215576922233824
original	50	51	80.63	80.616	-0.013999999999995794	11	3	1	21	0.00031513889418522116	0.0006742981426313133	0.0	3.4122752236094342	3.4234317250799866	0.01115650147055236	0.0021050871838717705
original	50	51	80.63	80.616	-0.013999999999995794	11	3	1	22	0.0002425562276031231	0.000607229615110394	0.030612244897959183	3.4814395549038823	3.4826047943718774	0.0011652394679950717	0.031578554687472206
original	50	51	80.63	80.616	-0.013999999999995794	11	3	1	23	0.00029056497247773527	0.0005413598259930152	0.025510204081632654	3.3116900268065055	3.319085617154838	0.0073955903483327035	0.02708168791493667
original	51	52	80.616	80.724	0.10800000000000409	0	0	0	0	1.313510802481668e-06	4.065569064959362e-06	0.0	3.774688316367353	3.775447784420979	0.0007594680536260334	8.132588523004438e-05
original	51	52	80.616	80.724	0.10800000000000409	0	0	0	1	4.986681037273218e-07	2.0286654911494395e-07	0.0	2.234839811035128	2.2348478289075575	8.017872429544326e-06	1.5033218957966984e-06
original	51	52	80.616	80.724	0.10800000000000409	0	0	0	2	1.2701861354387494e-06	4.613040932022194e-06	0.00510204081632653	3.824453366954176	3.8245693771527294	0.00011601019855334016	0.005119525063249326
original	51	52	80.616	80.724	0.10800000000000409	1	0	1	0	3.7187665299991235e-06	1.2049535334401895e-05	0.02040816326530612	3.7228628451268144	3.7230650322650893	0.00020218713827491186	0.020444150280998014
original	51	52	80.616	80.724	0.10800000000000409	1	0	1	1	3.7251317656187966e-06	1.8658020675133002e-06	0.00510204081632653	2.044151724212771	2.045059734622223	0.0009080104094518759	0.00519843279110485
original	51	52	80.616	80.724	0.10800000000000409	1	0	1	2	3.5248110533550308e-06	1.2516228479753089e-05	0.00510204081632653	3.7362604663820624	3.7361405953773796	0.00011987100468280332	0.0051300689563279185
original	51	52	80.616	80.724	0.10800000000000409	2	1	0	0	5.080776577054309e-06	1.4194819333068764e-05	0.030612244897959183	3.790754996472162	3.790882771076517	0.00012777460435531296	0.030644297954304837
original	51	52	80.616	80.724	0.10800000000000409	2	1	0	1	7.717901898264699e-06	2.509714872289681e-05	0.00510204081632653	3.775949456863875	3.7755916683997692	0.00035778846410572385	0.005170634713358263
original	51	52	80.616	80.724	0.10800000000000409	2	1	0	2	2.2181227890230168e-05	2.66041921148652e-06	0.0	1.768221895885736	1.7725095087626004	0.0042876128768643	0.00045360293478814663
original	51	52	80.616	80.724	0.10800000000000409	2	1	0	3	3.455958146277233e-05	3.4111241266066017e-06	0.025510204081632654	1.4090673966695137	1.4213691737631309	0.012301777093617128	0.026778352496583748
original	51	52	80.616	80.724	0.10800000000000409	2	1	0	4	3.397264267245977e-05	1.5797449318677437e-06	0.030612244897959183	0.822224868431004	0.8206878686343173	0.0015369997966866444	0.030801497265232177
original	51	52	80.616	80.724	0.10800000000000409	2	1	0	5	2.760958588102038e-05	1.1352163922229153e-06	0.03571428571428571	0.9731595219911294	0.9703585773855447	0.0028009446055847764	0.03602312497711743
original	51	52	80.616	80.724	0.10800000000000409	3	1	1	0	4.514939185397541e-06	7.78445652194204e-06	0.0	3.090490207702652	3.091220111737701	0.0007299040350492447	8.528979921226405e-05
original	51	52	80.616	80.724	0.10800000000000409	3	1	1	1	2.8421946320748093e-05	7.711883160843591e-06	0.0	1.9040750937473339	1.911543633022331	0.0074685392749971324	0.000782987756981305
original	51	52	80.616	80.724	0.10800000000000409	3	1	1	2	2.065540445251686e-05	2.80831257959413e-05	0.0	3.0330292854182916	3.0340875854452243	0.0010583000269326348	0.00015456853294172163
original	51	52	80.616	80.724	0.10800000000000409	3	1	1	3	3.2142044520521714e-05	6.621633581549435e-05	0.030612244897959183	3.404324831329489	3.4052514951988035	0.0009266638693143925	0.03080326966522664
original	51	52	80.616	80.724	0.10800000000000409	3	1	1	4	1.8708081250045203e-05	1.2369202100570575e-05	0.0	2.733430963006744	2.7317782754184234	0.0016526875883204895	0.00019634604218266472
original	51	52	80.616	80.724	0.10800000000000409	3	1	1	5	1.2691082268178798e-05	2.412135475504673e-05	0.015306122448979591	3.2825599260522393	3.2812303406444716	0.0013295854077677305	0.01547589342677959
original	51	52	80.616	80.724	0.10800000000000409	4	2	0	0	3.134316217406852e-05	2.6146347921751634e-05	0.0	2.6218071307116704	2.618327789275644	0.003479341436026573	0.0004054236536984775
original	51	52	80.616	80.724	0.10800000000000409	4	2	0	1	3.149173879590196e-05	5.216877772962203e-05	0.02040816326530612	3.4204797725784406	3.4195544054340283	0.0009253671444122702	0.02058436049627287
original	51	52	80.616	80.724	0.10800000000000409	4	2	0	2	4.955040337464404e-05	0.00013158997888385038	0.03571428571428571	3.621792508614925	3.6208144845537062	0.0009780240612187185	0.03599322850266608
original	51	52	80.616	80.724	0.10800000000000409	4	2	0	3	6.518298949324381e-05	0.0001938418162797939	0.0663265306122449	3.69866073927159	3.697586484967671	0.0010742543039188313	0.06669298084840983
original	51	52	80.616	80.724	0.10800000000000409	4	2	0	4	3.2442395702774176e-05	0.00010281317464688744	0.030612244897959183	3.776221430939291	3.776511052798548	0.00028962185925696105	0.03077646265423454
original	51	52	80.616	80.724	0.10800000000000409	4	2	0	5	3.076805007701974e-05	7.898669872941078e-06	0.00510204081632653	2.1107819082812753	2.1120603697906337	0.0012784615093583973	0.00526855368721233
original	51	52	80.616	80.724	0.10800000000000409	4	2	0	6	3.900289501274681e-05	1.0173533896984388e-05	0.0	2.2548990775768916	2.256609274933369	0.001710197356477483	0.00022019616455747952
original	51	52	80.616	80.724	0.10800000000000409	4	2	0	7	2.930192694897139e-05	0.00010458478644781444	0.09693877551020408	3.835892399607583	3.836173872961867	0.0002814733542839676	0.09710080955902926
original	51	52	80.616	80.724	0.10800000000000409	4	2	0	8	3.089638315931395e-05	0.00011149390990272678	0.0663265306122449	3.850711584695323	3.8505026514527945	0.000208933242528353	0.06648981422955978
original	51	52	80.616	80.724	0.10800000000000409	4	2	0	9	3.2080599677953634e-05	7.425614465506047e-05	0.030612244897959183	3.3774173983640514	3.3749786991058808	0.00243869925817064	0.03096245156810926
original	51	52	80.616	80.724	0.10800000000000409	4	2	0	10	3.8984236886585676e-05	7.093573990979429e-06	0.0	2.095761522337432	2.096279443920313	0.000517921582880998	9.78699691656649e-05
original	51	52	80.616	80.724	0.10800000000000409	4	2	0	11	2.994795082165087e-05	5.1146684337810555e-06	0.0	1.9320421602552242	1.9330516495160424	0.0010094892608181194	0.00013601154533724385
original	51	52	80.616	80.724	0.10800000000000409	5	2	1	0	7.080942934315664e-05	0.00012049145453507659	0.0	3.2072461937334693	3.2061966146394143	0.0010495790940550087	0.0002962587932837341
original	51	52	80.616	80.724	0.10800000000000409	5	2	1	1	4.5372801347087766e-05	0.0001135180180780182	0.03571428571428571	3.5594771685275393	3.559512146818758	3.49782912185681e-05	0.03587667436283268
original	51	52	80.616	80.724	0.10800000000000409	5	2	1	2	3.249652424245463e-05	6.470518643564294e-05	0.01020408163265306	3.388375674792337	3.3882674284394527	0.00010824635288431139	0.010312107978619589
original	51	52	80.616	80.724	0.10800000000000409	5	2	1	3	5.764358519603627e-05	3.8143113176292154e-05	0.0	2.512009717292347	2.5131003676610586	0.0010906503687118096	0.0002048517352435094
original	51	52	80.616	80.724	0.10800000000000409	5	2	1	4	5.647052894523716e-05	3.980718337615041e-05	0.015306122448979591	2.5332663870640695	2.533610490776704	0.0003441037126346025	0.01543681053256444
original	51	52	80.616	80.724	0.10800000000000409	5	2	1	5	4.966071640147258e-05	1.4827946408391135e-05	0.0	2.1618112649871812	2.159631383016178	0.0021798819710032724	0.00028247685991019094
original	51	52	80.616	80.724	0.10800000000000409	5	2	1	6	5.2522820979641606e-05	7.709346367434922e-05	0.02040816326530612	3.1728154157148913	3.172073142890921	0.0007422728239703247	0.020612006832357144
original	51	52	80.616	80.724	0.10800000000000409	5	2	1	7	2.0280684076446e-05	9.97971232352679e-06	0.0	2.10490477632596	2.104958593022481	5.381669652093635e-05	3.5642066052066427e-05
original	51	52	80.616	80.724	0.10800000000000409	5	2	1	8	3.4821600326749247e-05	1.3033617854985025e-05	0.0	2.174239674790465	2.1736790374296056	0.0005606373608593174	0.00010391895426766602
original	51	52	80.616	80.724	0.10800000000000409	5	2	1	9	8.347610617792524e-05	0.00020868026806197815	0.04591836734693878	3.545045610979014	3.5454047307831638	0.0003591198041497101	0.046246435701593654
original	51	52	80.616	80.724	0.10800000000000409	5	2	1	10	9.931216558883385e-05	0.00012672866056340215	0.015306122448979591	3.0725022412762124	3.0735983376918545	0.0010960964156421227	0.01564177291669604
original	51	52	80.616	80.724	0.10800000000000409	5	2	1	11	9.614254533888504e-05	0.00011518490415252103	0.0	2.9858396248498593	2.9862215838976867	0.00038195904782734047	0.0002495233542741401
original	51	52	80.616	80.724	0.10800000000000409	6	2	2	0	5.1953875686819764e-05	0.0001655998621744592	0.015306122448979591	3.7555115531852965	3.755340105275532	0.00017144790976431068	0.015540820977817301
original	51	52	80.616	80.724	0.10800000000000409	6	2	2	1	3.427693487976682e-05	9.76766222745562e-05	0.07142857142857142	3.7087545622130254	3.7090638249176795	0.0003092627046541452	0.07159145125619117
original	51	52	80.616	80.724	0.10800000000000409	6	2	2	2	9.094445916854329e-05	0.00027894071371270535	0.061224489795918366	3.720126942675675	3.7207595424593283	0.0006325997836533759	0.06165763494716495
original	51	52	80.616	80.724	0.10800000000000409	6	2	2	3	3.615299240569099e-05	7.111031360851339e-05	0.01020408163265306	3.5942794673876617	3.5959317803921875	0.0016523130045258405	0.01047657623911985
original	51	52	80.616	80.724	0.10800000000000409	6	2	2	4	9.563395228463664e-05	0.0002559934795767216	0.030612244897959183	3.627088426225379	3.6270556364770306	3.2789748348527326e-05	0.030967151304655396
original	51	52	80.616	80.724	0.10800000000000409	6	2	2	5	1.6919749297662757e-05	2.147023753640287e-05	0.01020408163265306	2.603356610522588	2.6029564820520954	0.0004001284704924224	0.010282484466536368
original	51	52	80.616	80.724	0.10800000000000409	6	2	2	6	3.325582381291763e-05	0.00011452249356935784	0.0663265306122449	3.818389679644434	3.8186607010075537	0.0002710213631198499	0.06650141106593917
original	51	52	80.616	80.724	0.10800000000000409	6	2	2	7	5.9880375080690224e-05	5.412299161622336e-05	0.015306122448979591	3.0083447635589584	3.00988942731795	0.00154466375899176	0.01557459219157568
original	51	52	80.616	80.724	0.10800000000000409	6	2	2	8	6.647306328781361e-05	0.00012855871682615483	0.025510204081632654	3.4360789688868296	3.435683835470538	0.00039513341629149323	0.025744749203375772
original	51	52	80.616	80.724	0.10800000000000409	6	2	2	9	5.909510679605089e-05	4.012659065100177e-05	0.0	2.668356572120638	2.671238387423332	0.0028818153026937132	0.000387403227716424
original	51	52	80.616	80.724	0.10800000000000409	6	2	2	10	7.547387872283338e-05	7.034595665045273e-05	0.02040816326530612	2.8391746214767024	2.8400304500487423	0.0008558285720399184	0.0206395659578834
original	51	52	80.616	80.724	0.10800000000000409	6	2	2	11	4.7198505368086745e-05	0.00014778405948701057	0.04081632653061224	3.7359542840806297	3.7354101803951725	0.000544103685457209	0.04106571946401306
original	51	52	80.616	80.724	0.10800000000000409	7	2	3	0	7.984355116110132e-05	6.197705958288502e-05	0.015306122448979591	2.7175201722037983	2.717926322314145	0.00040615011034672577	0.01548855807075825
original	51	52	80.616	80.724	0.10800000000000409	7	2	3	1	0.00012937477357901999	4.717177417679075e-05	0.00510204081632653	2.4294630652547333	2.437516991502102	0.008053926247368892	0.00608397998881923
original	51	52	80.616	80.724	0.10800000000000409	7	2	3	2	9.169501193498866e-05	7.512273690990501e-05	0.00510204081632653	2.6751851954511006	2.677355210744419	0.0021700152933186168	0.005485860094503286
original	51	52	80.616	80.724	0.10800000000000409	7	2	3	3	3.683524041276417e-05	9.729032601168974e-05	0.00510204081632653	3.6132100403942484	3.6147300418003168	0.0015200014060683387	0.005388166523357818
original	51	52	80.616	80.724	0.10800000000000409	7	2	3	4	8.38948319936441e-05	0.0001928628891723072	0.030612244897959183	3.595922938514224	3.5957317688558597	0.00019116965836429856	0.030908119584961567
original	51	52	80.616	80.724	0.10800000000000409	7	2	3	5	8.213992085092308e-05	4.993967406374811e-05	0.02040816326530612	2.2278058160734715	2.228896689466419	0.0010908733929473335	0.020649330199515523
original	51	52	80.616	80.724	0.10800000000000409	7	2	3	6	0.0001143346867697421	0.00025500151699831	0.02040816326530612	3.485937929313487	3.4857468722797957	0.00019105703369115545	0.020796605172443288
original	51	52	80.616	80.724	0.10800000000000409	7	2	3	7	6.585659256066795e-05	0.00013946933953534746	0.01020408163265306	3.394475556162713	3.3945532357550876	7.767959237447997e-05	0.010417175523986525
original	51	52	80.616	80.724	0.10800000000000409	7	2	3	8	5.7542446207608906e-05	8.888284501884502e-05	0.015306122448979591	3.115033387930412	3.114673210505523	0.00036017742488914095	0.01548856548269496
original	51	52	80.616	80.724	0.10800000000000409	7	2	3	9	0.00010736209681728954	0.0002219433793579917	0.02040816326530612	3.4227495572822217	3.4219754656762778	0.000774091605943994	0.020814877902075802
original	51	52	80.616	80.724	0.10800000000000409	7	2	3	10	6.590681566980292e-05	4.188251556558331e-05	0.0	2.0463056880466777	2.045244031549416	0.0010616564972618647	0.0002139549809615727
original	51	52	80.616	80.724	0.10800000000000409	7	2	3	11	0.00011780581419860243	0.0003304746682510906	0.04591836734693878	3.663072168294314	3.6632940361252295	0.00022186783091537876	0.04638883461248001
original	51	52	80.616	80.724	0.10800000000000409	8	2	4	0	0.0001508814491261646	0.000343568066788813	0.01020408163265306	3.5848984105178077	3.5873347443860957	0.00243633386828801	0.01094216453539684
original	51	52	80.616	80.724	0.10800000000000409	8	2	4	1	0.00010266888621280757	0.0002668352865476953	0.030612244897959183	3.6170060940764346	3.6178806085864688	0.0008745145100341745	0.031069200521723104
original	51	52	80.616	80.724	0.10800000000000409	8	2	4	2	0.00012927473094525465	0.0004263889436800783	0.061224489795918366	3.7692515082015303	3.76915088338049	0.00010062482104045145	0.06179021595264774
original	51	52	80.616	80.724	0.10800000000000409	8	2	4	3	0.00013555250706231636	0.00039273259711969377	0.04591836734693878	3.693741276150202	3.6947353251581547	0.0009940490079527464	0.04654605735191606
original	51	52	80.616	80.724	0.10800000000000409	8	2	4	4	2.363441648184598e-05	8.523656281334002e-05	0.04081632653061224	3.6865206957827796	3.686697187274784	0.00017649149200416048	0.04094284665910784
original	51	52	80.616	80.724	0.10800000000000409	8	2	4	5	0.00012887488059859736	0.00022933758494692036	0.030612244897959183	3.4224094471675484	3.4258113049183687	0.0034018577508203585	0.03131064313858674
original	51	52	80.616	80.724	0.10800000000000409	8	2	4	6	7.98476717197839e-05	0.00024830514717300023	0.025510204081632654	3.6978254794341674	3.696812630146343	0.0010128492878243023	0.02593964182930787
original	51	52	80.616	80.724	0.10800000000000409	8	2	4	7	0.0001045372912868019	0.00031286988295664564	0.02040816326530612	3.6762458215845664	3.6768385261646683	0.0005927045801019659	0.020884840897559764
original	51	52	80.616	80.724	0.10800000000000409	8	2	4	8	4.637935061243447e-05	9.853475399768108e-05	0.015306122448979591	3.5380737778260705	3.535965249785713	0.002108528040357438	0.015661889357625452
original	51	52	80.616	80.724	0.10800000000000409	8	2	4	9	6.987194912740834e-05	0.0001467201437531651	0.05102040816326531	3.6322219706216305	3.6322717725028304	4.9801881199851294e-05	0.05124198044426587
original	51	52	80.616	80.724	0.10800000000000409	8	2	4	10	0.00010972543272480493	0.00025983458511225077	0.015306122448979591	3.545172767127599	3.5470806599325075	0.0019078928049083288	0.01586647174730748
original	51	52	80.616	80.724	0.10800000000000409	8	2	4	11	0.00015001441231627446	0.0003714084113379812	0.05102040816326531	3.5961306789700243	3.597215074490174	0.0010843955201496058	0.05165027053893453
original	51	52	80.616	80.724	0.10800000000000409	9	2	5	0	0.00016000034988832506	0.0002754717588319133	0.07142857142857142	3.2135381706188375	3.2134089273659066	0.00012924325293095507	0.07187696786258475
original	51	52	80.616	80.724	0.10800000000000409	9	2	5	1	0.00014293577886531704	0.0002459617538141945	0.030612244897959183	3.2070289796460965	3.207525910765557	0.0004969311194606973	0.031050835542584764
original	51	52	80.616	80.724	0.10800000000000409	9	2	5	2	0.00012735068368425255	7.258459124759309e-05	0.04591836734693878	2.89339415187824	2.8932820362462435	0.0001121156319965344	0.046129514185070275
original	51	52	80.616	80.724	0.10800000000000409	9	2	5	3	0.0001474501378570915	0.0003222383055317968	0.030612244897959183	3.3770218025455807	3.377764429845742	0.0007426273001613914	0.03115619607136421
original	51	52	80.616	80.724	0.10800000000000409	9	2	5	4	8.867624324838547e-05	0.00011622490389118223	0.015306122448979591	3.065871984896125	3.0656563625392392	0.0002156223568858806	0.015532585831807747
original	51	52	80.616	80.724	0.10800000000000409	9	2	5	5	4.693167634323391e-05	0.0001254549397019522	0.01020408163265306	3.512760160499594	3.513727610122374	0.0009674496227796148	0.010473213210976207
original	51	52	80.616	80.724	0.10800000000000409	9	2	5	6	0.0001539603745070705	0.0003273591997435821	0.04591836734693878	3.6534317884948977	3.6524308749581675	0.0010009135367301525	0.04649977827486245
original	51	52	80.616	80.724	0.10800000000000409	9	2	5	7	0.0001596180485175	0.00034553411541882184	0.03571428571428571	3.4135972380709436	3.414170910629573	0.00057367255862939	0.036276805134084975
original	51	52	80.616	80.724	0.10800000000000409	9	2	5	8	9.558564218573208e-05	0.00011362426762528965	0.00510204081632653	3.0308126963650093	3.0289389535502647	0.0018737428147446167	0.0054986250076120135
original	51	52	80.616	80.724	0.10800000000000409	9	2	5	9	0.0001388455916483834	0.00027024959824495376	0.061224489795918366	3.273387831245384	3.2731796743386057	0.000208156906778445	0.06165440067648954
original	51	52	80.616	80.724	0.10800000000000409	9	2	5	10	0.000139347975737462	0.0002621730838172631	0.02040816326530612	3.2989507699870506	3.2993408978318697	0.00039012784481906593	0.020848697109342753
original	51	52	80.616	80.724	0.10800000000000409	9	2	5	11	0.00010443818961999555	0.000203541528050466	0.0663265306122449	3.2942144107146705	3.2925529043114823	0.0016615064031881843	0.06680066097023418
original	51	52	80.616	80.724	0.10800000000000409	10	3	0	0	0.0003881497771011204	0.0005912196534262337	0.030612244897959183	3.299500191522762	3.307217407325563	0.007717215802800936	0.032363335908766624
original	51	52	80.616	80.724	0.10800000000000409	10	3	0	1	0.0004726854279667592	0.0008526596348661375	0.061224489795918366	3.2608735111226324	3.2679291619074133	0.007055650784780987	0.06325539993722937
original	51	52	80.616	80.724	0.10800000000000409	10	3	0	2	0.0006079207141725666	0.000618256503071346	0.0	3.226382266635628	3.239786454139458	0.013404187503830212	0.002566595967626934
original	51	52	80.616	80.724	0.10800000000000409	10	3	0	3	0.00045629503041760226	0.0007171372333151238	0.03571428571428571	3.416147417795982	3.408744194793881	0.007403223002100834	0.03762804027822852
original	51	52	80.616	80.724	0.10800000000000409	10	3	0	4	0.0003905285166739481	0.0005950667928336095	0.015306122448979591	3.3521780909714733	3.35511563798775	0.002937547016276465	0.016585472460114794
original	51	52	80.616	80.724	0.10800000000000409	10	3	0	5	0.0006154539519514073	0.0005253218384410063	0.00510204081632653	2.8631225313295197	2.8733443108696672	0.01022177954014758	0.007264994560733702
original	51	52	80.616	80.724	0.10800000000000409	10	3	0	6	0.0004651125558877169	0.0007922437859494424	0.00510204081632653	3.3970666604615345	3.3883823523802357	0.00868430808129883	0.007227827966293573
original	51	52	80.616	80.724	0.10800000000000409	10	3	0	7	0.00018045194781534627	0.0004998185394822219	0.02040816326530612	3.6048377393423547	3.6048523650213706	1.4625679015889403e-05	0.021089896320505275
original	51	52	80.616	80.724	0.10800000000000409	10	3	0	8	0.0004416186284977376	0.0006707316617352577	0.04081632653061224	3.1516541032462664	3.1553512038554064	0.0036971006091399694	0.042298386881759235
original	51	52	80.616	80.724	0.10800000000000409	10	3	0	9	0.00011448953462993164	0.0002511916500177458	0.02040816326530612	3.4040938323546293	3.4015009752998853	0.002592857054743991	0.0210331301554282
original	51	52	80.616	80.724	0.10800000000000409	10	3	0	10	0.0003900321776074076	0.0005964978246094654	0.04081632653061224	3.3481452131692713	3.353383480332961	0.005238267163689692	0.04232668324919808
original	51	52	80.616	80.724	0.10800000000000409	10	3	0	11	0.0004323703745940402	0.0005946368324681872	0.015306122448979591	3.343827117073865	3.34819610795665	0.004368990882785084	0.016770028744320327
original	51	52	80.616	80.724	0.10800000000000409	10	3	0	12	0.00035851426712262566	0.0005355566966815939	0.04591836734693878	3.2705047977833765	3.264517501730665	0.005987296052711422	0.047411167916014144
original	51	52	80.616	80.724	0.10800000000000409	10	3	0	13	0.0006713882431275807	0.0008851907044686858	0.02040816326530612	3.3176191030077895	3.3276915863286853	0.010072483320895831	0.02297199054499197
original	51	52	80.616	80.724	0.10800000000000409	10	3	0	14	0.0001771615136714403	0.000384530781811665	0.030612244897959183	3.373912935150523	3.3778354398497448	0.003922504699221729	0.03156618766336446
original	51	52	80.616	80.724	0.10800000000000409	10	3	0	15	0.0003719145000267535	0.0004964140179386511	0.015306122448979591	3.119658530605551	3.11744178934166	0.002216741263890931	0.016396125093334088
original	51	52	80.616	80.724	0.10800000000000409	10	3	0	16	0.0004521764175143896	0.0006982042731101812	0.030612244897959183	3.380187720403325	3.375360407244015	0.004827313159309732	0.03224535690451473
original	51	52	80.616	80.724	0.10800000000000409	10	3	0	17	0.00042573885309343877	0.0006238185258120588	0.025510204081632654	3.2859189082095916	3.2828284112188237	0.0030904969907679103	0.026868811159614942
original	51	52	80.616	80.724	0.10800000000000409	10	3	0	18	0.00027706340537958594	0.0005810078758172743	0.0	3.6070875702180647	3.600043794060919	0.007043776157145576	0.0015624488969114179
original	51	52	80.616	80.724	0.10800000000000409	10	3	0	19	0.0003641078856636257	0.0004955188280771905	0.00510204081632653	3.3744919470756414	3.391123825642575	0.01663187856693371	0.007624855386760717
original	51	52	80.616	80.724	0.10800000000000409	10	3	0	20	0.0004443186388442475	0.0005067985547895226	0.030612244897959183	2.992517723749752	2.9874100114495827	0.005107712300169265	0.03207413332160988
original	51	52	80.616	80.724	0.10800000000000409	10	3	0	21	0.0001890405982816409	0.000579198490731736	0.04591836734693878	3.5394888082426195	3.535698141205686	0.003790667036933648	0.04706567313964552
original	51	52	80.616	80.724	0.10800000000000409	10	3	0	22	0.0003907736444689947	0.0005782250050072602	0.030612244897959183	3.342276637457296	3.343386772571593	0.0011101351142972504	0.031692257058865164
original	51	52	80.616	80.724	0.10800000000000409	10	3	0	23	0.00045367192997462915	0.0006079855167532289	0.01020408163265306	3.256117169718293	3.255433502630748	0.0006836670875447481	0.011334105788135394
original	51	52	80.616	80.724	0.10800000000000409	11	3	1	0	2.80786834203064e-05	8.084385529616434e-05	0.015306122448979591	3.4252592005053293	3.4252116657838765	4.753472145280213e-05	0.015419798459841342
original	51	52	80.616	80.724	0.10800000000000409	11	3	1	1	0.00022563539157908442	0.0005168068966551198	0.015306122448979591	3.590507384182414	3.5960878945009993	0.005580510318585308	0.016606615769072325
original	51	52	80.616	80.724	0.10800000000000409	11	3	1	2	0.00020001742742090805	0.0003978744724723038	0.02040816326530612	3.505961066078752	3.505562213988522	0.00039885209023005075	0.021045940374222336
original	51	52	80.616	80.724	0.10800000000000409	11	3	1	3	0.00023778739067299584	0.00046783394425087277	0.02040816326530612	3.523380056216346	3.5285666640079336	0.0051866077915874165	0.021632445379388732
original	51	52	80.616	80.724	0.10800000000000409	11	3	1	4	0.00024153650658675143	0.0005593403930748142	0.025510204081632654	3.5883888558692143	3.5846506444489585	0.003738211420255766	0.026684902123319795
original	51	52	80.616	80.724	0.10800000000000409	11	3	1	5	8.102294019460155e-05	0.00022075977111180034	0.025510204081632654	3.5229134675456484	3.521394469221701	0.001518998323947418	0.025963886625333797
original	51	52	80.616	80.724	0.10800000000000409	11	3	1	6	0.00024283909265938836	0.0004412620042182347	0.00510204081632653	3.4193192741339598	3.413658801629269	0.005660472504690706	0.006352189163673224
original	51	52	80.616	80.724	0.10800000000000409	11	3	1	7	0.0001914918422224362	0.0004335335853761224	0.030612244897959183	3.6252254308522116	3.6254693228220964	0.0002438919698848352	0.031261659522546226
original	51	52	80.616	80.724	0.10800000000000409	11	3	1	8	0.0002848677332686013	0.000525330848980543	0.04081632653061224	3.4648234604205506	3.468015045224641	0.0031915848040906525	0.04194568359327045
original	51	52	80.616	80.724	0.10800000000000409	11	3	1	9	0.00023629789601907188	0.0004301606940664282	0.02040816326530612	3.3390097323829475	3.346318978236841	0.007309245853893476	0.02180554644078097
original	51	52	80.616	80.724	0.10800000000000409	11	3	1	10	0.0002792508568561907	0.000621218467832807	0.00510204081632653	3.5427703403363453	3.5544416482866668	0.011671307950321452	0.007169640936047673
original	51	52	80.616	80.724	0.10800000000000409	11	3	1	11	0.00022681607112520844	0.0005167402213870353	0.00510204081632653	3.5232302386944507	3.5369568088331698	0.01372657013871903	0.007218254122710677
original	51	52	80.616	80.724	0.10800000000000409	11	3	1	12	0.0001943257652202387	0.0003497759387413035	0.04591836734693878	3.4545168865171725	3.4553526993454318	0.0008358128282592858	0.04654605033372625
original	51	52	80.616	80.724	0.10800000000000409	11	3	1	13	0.00019834996538105966	0.00042117144255715555	0.025510204081632654	3.572946399906481	3.570822935625569	0.002123464280912035	0.026342071917662073
original	51	52	80.616	80.724	0.10800000000000409	11	3	1	14	0.0001305070749710857	0.0003117209308775015	0.030612244897959183	3.5769258798242065	3.57486126591791	0.0020646139062963087	0.0312609342944374
original	51	52	80.616	80.724	0.10800000000000409	11	3	1	15	0.00020024718606159812	0.00048031104240287004	0.04081632653061224	3.6442141582504526	3.6486735197609415	0.004459361510488868	0.0419428209101256
original	51	52	80.616	80.724	0.10800000000000409	11	3	1	16	0.0001879812744519147	0.00048506050867802575	0.030612244897959183	3.614848894073591	3.6189490034557457	0.00410010938215466	0.03169529761930459
original	51	52	80.616	80.724	0.10800000000000409	11	3	1	17	0.00020147887343672025	0.00045416377118001616	0.02040816326530612	3.564074532374116	3.563337446761235	0.0007370856128812164	0.02113751447121098
original	51	52	80.616	80.724	0.10800000000000409	11	3	1	18	0.0003182099942133243	0.0006304115435535884	0.02040816326530612	3.5147654353674684	3.5310538549739254	0.016288419606456994	0.022985626763718736
original	51	52	80.616	80.724	0.10800000000000409	11	3	1	19	0.00025421112635265166	0.0004160744180404796	0.015306122448979591	3.4566625760613063	3.460824063582606	0.004161487521299634	0.016392556745502686
original	51	52	80.616	80.724	0.10800000000000409	11	3	1	20	0.00020236510500235323	0.0004168432444874304	0.01020408163265306	3.526793751991942	3.529078781071865	0.0022850290799230066	0.011051792890135146
original	51	52	80.616	80.724	0.10800000000000409	11	3	1	21	0.0001973950265773175	0.0003430671951596409	0.0	3.4234317250799866	3.422485188312343	0.0009465367676435577	0.0006351158985013143
original	51	52	80.616	80.724	0.10800000000000409	11	3	1	22	0.00017979456881062896	0.000398353626092085	0.02040816326530612	3.4826047943718774	3.4898043973478083	0.007199602975930919	0.021706271757801925
original	51	52	80.616	80.724	0.10800000000000409	11	3	1	23	0.00024587819320038683	0.0003952725025059278	0.03571428571428571	3.319085617154838	3.30998481066614	0.009100806488698154	0.03726551705886184
original	52	53	80.724	80.668	-0.055999999999997385	0	0	0	0	7.45045926424167e-07	2.2543832999266655e-06	0.0	3.775447784420979	3.7753238982576995	0.0001238861632795185	1.5388045554302686e-05
original	52	53	80.724	80.668	-0.055999999999997385	0	0	0	1	5.080075268649505e-07	1.3296378054139524e-07	0.0	2.2348478289075575	2.235039487794641	0.00019165888708361223	1.980686001576757e-05
original	52	53	80.724	80.668	-0.055999999999997385	0	0	0	2	1.1599119712045237e-06	4.245772240341061e-06	0.00510204081632653	3.8245693771527294	3.8246762110744177	0.00010683392168830963	0.0051181298927069074
original	52	53	80.724	80.668	-0.055999999999997385	1	0	1	0	3.6581738691989824e-06	1.218082298981571e-05	0.015306122448979591	3.7230650322650893	3.7230555421555556	9.490109533771829e-06	0.015322910456791983
original	52	53	80.724	80.668	-0.055999999999997385	1	0	1	1	4.2330232452545405e-06	2.1489071759805967e-06	0.01020408163265306	2.045059734622223	2.046895699729837	0.0018359651076140793	0.010394060073835703
original	52	53	80.724	80.668	-0.055999999999997385	1	0	1	2	2.789308269167289e-06	9.63896652850238e-06	0.01020408163265306	3.7361405953773796	3.7361598715862496	1.9276208869989375e-05	0.010218437528337728
original	52	53	80.724	80.668	-0.055999999999997385	2	1	0	0	4.5589680035838056e-06	1.3447476597927555e-05	0.030612244897959183	3.790882771076517	3.790970960906679	8.818983016167792e-05	0.030639070325576865
original	52	53	80.724	80.668	-0.055999999999997385	2	1	0	1	7.843664710872571e-06	2.544386643121843e-05	0.015306122448979591	3.7755916683997692	3.7752990411665737	0.0002926272331955637	0.015368672703441237
original	52	53	80.724	80.668	-0.055999999999997385	2	1	0	2	2.4347246077417868e-05	3.289207330614552e-06	0.00510204081632653	1.7725095087626004	1.774296378326401	0.001786869563800586	0.005308364226114621
original	52	53	80.724	80.668	-0.055999999999997385	2	1	0	3	2.5287114863169483e-05	2.234549423607568e-06	0.00510204081632653	1.4213691737631309	1.4241787699287847	0.0028095961656537938	0.005410522097178687
original	52	53	80.724	80.668	-0.055999999999997385	2	1	0	4	3.796046209791395e-05	1.1774101567052497e-06	0.04081632653061224	0.8206878686343173	0.8270892441510114	0.006401375516694063	0.04149560195453626
original	52	53	80.724	80.668	-0.055999999999997385	2	1	0	5	2.9002427762176593e-05	1.6925681960433536e-06	0.04591836734693878	0.9703585773855447	0.9748063570315398	0.004447779645995187	0.04639384030749652
original	52	53	80.724	80.668	-0.055999999999997385	3	1	1	0	4.291342437055925e-06	6.757222422826281e-06	0.00510204081632653	3.091220111737701	3.0905240059205745	0.0006961058171266465	0.005182699962899077
original	52	53	80.724	80.668	-0.055999999999997385	3	1	1	1	1.7681584462531594e-05	7.373380439434918e-06	0.0	1.911543633022331	1.9100152992613708	0.0015283337609601766	0.00017788834099798418
original	52	53	80.724	80.668	-0.055999999999997385	3	1	1	2	2.096675778168382e-05	2.9701245486069006e-05	0.0	3.0340875854452243	3.031158442528414	0.0029291429168103456	0.0003435822949487874
original	52	53	80.724	80.668	-0.055999999999997385	3	1	1	3	3.4563681071740794e-05	8.284349281861836e-05	0.03571428571428571	3.4052514951988035	3.4052728485896027	2.1353390799117022e-05	0.03583382822725598
original	52	53	80.724	80.668	-0.055999999999997385	3	1	1	4	2.1655652175034065e-05	1.5909698536820116e-05	0.0	2.7317782754184234	2.734814282616868	0.003036007198444768	0.00034116607055633097
original	52	53	80.724	80.668	-0.055999999999997385	3	1	1	5	1.1530503587346909e-05	2.0096677689318554e-05	0.0	3.2812303406444716	3.282069765123188	0.0008394244787162108	0.00011556962914828655
original	52	53	80.724	80.668	-0.055999999999997385	4	2	0	0	2.8678666763648992e-05	2.4898538473983045e-05	0.0	2.618327789275644	2.621009558546092	0.0026817692704481644	0.0003217541322824485
original	52	53	80.724	80.668	-0.055999999999997385	4	2	0	1	2.5579463636396677e-05	4.251094672702571e-05	0.02040816326530612	3.4195544054340283	3.4205758833420115	0.001021477907983126	0.020578401466467857
original	52	53	80.724	80.668	-0.055999999999997385	4	2	0	2	5.2104721361319346e-05	0.00014346695306921564	0.015306122448979591	3.6208144845537062	3.621341656255296	0.0005271717015897792	0.015554411293569104
original	52	53	80.724	80.668	-0.055999999999997385	4	2	0	3	6.36272111965446e-05	0.00018054112598964167	0.05612244897959184	3.697586484967671	3.6976504509936334	6.396602596225875e-05	0.05637301391937425
original	52	53	80.724	80.668	-0.055999999999997385	4	2	0	4	2.9083322767936638e-05	9.373985089888848e-05	0.030612244897959183	3.776511052798548	3.77609020296868	0.00042084982986789754	0.0307771530546128
original	52	53	80.724	80.668	-0.055999999999997385	4	2	0	5	3.12609046562062e-05	6.763441540935666e-06	0.00510204081632653	2.1120603697906337	2.1093383709665163	0.0027219988241173887	0.005412265044935411
original	52	53	80.724	80.668	-0.055999999999997385	4	2	0	6	3.7667484036069856e-05	8.981485320802562e-06	0.00510204081632653	2.256609274933369	2.2559797954761898	0.0006294794571792828	0.005211637731401331
original	52	53	80.724	80.668	-0.055999999999997385	4	2	0	7	2.796660211525892e-05	9.770922905605328e-05	0.07653061224489796	3.836173872961867	3.836154925261848	1.8947700018756564e-05	0.07665818284607115
original	52	53	80.724	80.668	-0.055999999999997385	4	2	0	8	3.548039702096357e-05	0.00012845250176207745	0.0663265306122449	3.8505026514527945	3.8501485138892293	0.0003541375635651711	0.06652587726738446
original	52	53	80.724	80.668	-0.055999999999997385	4	2	0	9	1.6817322082776775e-05	3.6794381275351284e-05	0.02040816326530612	3.3749786991058808	3.3760618904833812	0.0010831913775004587	0.020570094106414295
original	52	53	80.724	80.668	-0.055999999999997385	4	2	0	10	4.317131727072766e-05	6.725291601283878e-06	0.0	2.096279443920313	2.0983809856265796	0.002101541706266641	0.00026005077949867563
original	52	53	80.724	80.668	-0.055999999999997385	4	2	0	11	2.973942155568842e-05	5.819171256526978e-06	0.0	1.9330516495160424	1.9322007682300941	0.0008508812859482351	0.00012064672140703892
original	52	53	80.724	80.668	-0.055999999999997385	5	2	1	0	6.686361470773941e-05	0.00011203103446966178	0.01020408163265306	3.2061966146394143	3.2056765726992693	0.0005200419401449885	0.01043498047584496
original	52	53	80.724	80.668	-0.055999999999997385	5	2	1	1	4.842220949383995e-05	0.00012962607294386697	0.03571428571428571	3.559512146818758	3.558867360574552	0.0006447862442056085	0.03595681262114398
original	52	53	80.724	80.668	-0.055999999999997385	5	2	1	2	3.624758129286002e-05	7.76271478443169e-05	0.01020408163265306	3.3882674284394527	3.3890791697724225	0.0008117413329697953	0.010399130495087217
original	52	53	80.724	80.668	-0.055999999999997385	5	2	1	3	5.526216543449856e-05	3.694147647814727e-05	0.00510204081632653	2.5131003676610586	2.5146030357810134	0.0015026681199548086	0.005344511270234657
original	52	53	80.724	80.668	-0.055999999999997385	5	2	1	4	5.5047915354079104e-05	3.554831316021634e-05	0.01020408163265306	2.533610490776704	2.533248615884851	0.00036187489185302013	0.010330865350352658
original	52	53	80.724	80.668	-0.055999999999997385	5	2	1	5	5.894378176497716e-05	2.019538976394397e-05	0.0	2.159631383016178	2.159794245927808	0.0001628629116301461	9.542546269193574e-05
original	52	53	80.724	80.668	-0.055999999999997385	5	2	1	6	4.788405721641115e-05	7.480452484198707e-05	0.030612244897959183	3.172073142890921	3.173235534980403	0.0011623920894821005	0.03085117268896579
original	52	53	80.724	80.668	-0.055999999999997385	5	2	1	7	2.0556442427216334e-05	1.107205348405138e-05	0.00510204081632653	2.104958593022481	2.1046085179694005	0.00035007505308026765	0.005168676817545824
original	52	53	80.724	80.668	-0.055999999999997385	5	2	1	8	3.097193357393654e-05	8.90498083572222e-06	0.0	2.1736790374296056	2.1727376703400463	0.0009413670895592752	0.0001340136233655863
original	52	53	80.724	80.668	-0.055999999999997385	5	2	1	9	8.359285404762235e-05	0.00021155462912059164	0.04591836734693878	3.5454047307831638	3.545203377511109	0.00020135327205483833	0.04623365015731248
original	52	53	80.724	80.668	-0.055999999999997385	5	2	1	10	0.00011009828310910204	0.0001377552260355408	0.02040816326530612	3.0735983376918545	3.0710709265397274	0.002527411152127179	0.020908757889663482
original	52	53	80.724	80.668	-0.055999999999997385	5	2	1	11	9.529263308094007e-05	0.00012156217414527326	0.0	2.9862215838976867	2.9866423207954007	0.0004207368977140469	0.00025892849699761804
original	52	53	80.724	80.668	-0.055999999999997385	6	2	2	0	5.999458801930273e-05	0.00018821837853078005	0.02040816326530612	3.755340105275532	3.754766916091688	0.0005731891838443026	0.020713695150240637
original	52	53	80.724	80.668	-0.055999999999997385	6	2	2	1	3.8001232604283475e-05	0.0001183246149604189	0.07653061224489796	3.7090638249176795	3.7103710667362373	0.0013072418185577916	0.07681766227431844
original	52	53	80.724	80.668	-0.055999999999997385	6	2	2	2	8.336890434960983e-05	0.0002598126880142271	0.04081632653061224	3.7207595424593283	3.7209918708252356	0.00023232836590736383	0.04118274095956682
original	52	53	80.724	80.668	-0.055999999999997385	6	2	2	3	3.467913537547491e-05	6.830304156746347e-05	0.04081632653061224	3.5959317803921875	3.5942146231117964	0.001717157280391124	0.041091024435594294
original	52	53	80.724	80.668	-0.055999999999997385	6	2	2	4	9.35025842093361e-05	0.0002507441273102984	0.025510204081632654	3.6270556364770306	3.6264450560806196	0.0006105803964109313	0.02591550883279338
original	52	53	80.724	80.668	-0.055999999999997385	6	2	2	5	1.9991911983903535e-05	3.142404006417632e-05	0.00510204081632653	2.6029564820520954	2.6036248873731616	0.0006684053210661567	0.005220297300481226
original	52	53	80.724	80.668	-0.055999999999997385	6	2	2	6	4.443189667904407e-05	0.00015109174454774887	0.05612244897959184	3.8186607010075537	3.8180565836485383	0.0006041173590154436	0.05637838435672017
original	52	53	80.724	80.668	-0.055999999999997385	6	2	2	7	6.0939784837476266e-05	5.447209780096163e-05	0.01020408163265306	3.00988942731795	3.0117743897608995	0.001884962442949334	0.01050798975958643
original	52	53	80.724	80.668	-0.055999999999997385	6	2	2	8	7.249771906027695e-05	0.00014498646250227232	0.015306122448979591	3.435683835470538	3.436744202124165	0.0010603666536268541	0.015629643295904827
original	52	53	80.724	80.668	-0.055999999999997385	6	2	2	9	6.55984449510289e-05	4.644197405534456e-05	0.0	2.671238387423332	2.6696264783546155	0.0016119090687163329	0.00027323132587800674
original	52	53	80.724	80.668	-0.055999999999997385	6	2	2	10	7.893908899034955e-05	7.37172862507185e-05	0.01020408163265306	2.8400304500487423	2.838351862341368	0.0016785877073743904	0.010524596778631568
original	52	53	80.724	80.668	-0.055999999999997385	6	2	2	11	4.517707245865918e-05	0.00014146937820946892	0.07142857142857142	3.7354101803951725	3.7357191782182895	0.00030899782311699653	0.07164611766155125
original	52	53	80.724	80.668	-0.055999999999997385	7	2	3	0	7.815957997525976e-05	6.597459444379616e-05	0.00510204081632653	2.717926322314145	2.71877599945757	0.0008496771434249872	0.005331142705088085
original	52	53	80.724	80.668	-0.055999999999997385	7	2	3	1	0.00013730234024196222	5.694107973508444e-05	0.01020408163265306	2.437516991502102	2.452758182422077	0.015241190919975	0.011922444144627608
original	52	53	80.724	80.668	-0.055999999999997385	7	2	3	2	8.869515309272734e-05	6.379986736604337e-05	0.015306122448979591	2.677355210744419	2.6787114189798773	0.0013562082354581229	0.015594238292984175
original	52	53	80.724	80.668	-0.055999999999997385	7	2	3	3	3.228460897835089e-05	8.667355353098039e-05	0.00510204081632653	3.6147300418003168	3.614243664717329	0.00048637708298793214	0.005269636687134655
original	52	53	80.724	80.668	-0.055999999999997385	7	2	3	4	9.98145694394264e-05	0.0002457154368793457	0.02040816326530612	3.5957317688558597	3.598426165994868	0.00269439713900832	0.021023132985525723
original	52	53	80.724	80.668	-0.055999999999997385	7	2	3	5	7.934199855414348e-05	4.7390725643525755e-05	0.015306122448979591	2.228896689466419	2.226961030573663	0.0019356588927559315	0.015626421062452853
original	52	53	80.724	80.668	-0.055999999999997385	7	2	3	6	0.00011590722846717569	0.0002653121716816864	0.03571428571428571	3.4857468722797957	3.486536030491052	0.0007891582112562467	0.0361744209355602
original	52	53	80.724	80.668	-0.055999999999997385	7	2	3	7	7.090270696571852e-05	0.0001413392635937205	0.02040816326530612	3.3945532357550876	3.3935780177933887	0.0009752179616988599	0.020717927032035448
original	52	53	80.724	80.668	-0.055999999999997385	7	2	3	8	5.549858696326136e-05	9.369698044259245e-05	0.015306122448979591	3.114673210505523	3.11431324476829	0.00035996573723284797	0.01549131459010873
original	52	53	80.724	80.668	-0.055999999999997385	7	2	3	9	0.00010340182238600932	0.00020172598812739917	0.025510204081632654	3.4219754656762778	3.4228359520307454	0.0008604863544676711	0.02590138052759283
original	52	53	80.724	80.668	-0.055999999999997385	7	2	3	10	5.9084967590113635e-05	3.605811381668378e-05	0.0	2.045244031549416	2.0446062568276875	0.0006377747217283236	0.00015892055357962978
original	52	53	80.724	80.668	-0.055999999999997385	7	2	3	11	0.00012108561870758728	0.00034245318113224066	0.05102040816326531	3.6632940361252295	3.663761949732907	0.0004679136076775059	0.051530738323872886
original	52	53	80.724	80.668	-0.055999999999997385	8	2	4	0	0.00014288451363670066	0.0003394720115967864	0.01020408163265306	3.5873347443860957	3.5883179804459506	0.0009832360598549528	0.010784761763872042
original	52	53	80.724	80.668	-0.055999999999997385	8	2	4	1	0.00010182948719681404	0.00025719066219631603	0.04591836734693878	3.6178806085864688	3.618778749072879	0.0008981404864103482	0.046367201544972945
original	52	53	80.724	80.668	-0.055999999999997385	8	2	4	2	0.0001346926174001229	0.0004389279009507918	0.07142857142857142	3.76915088338049	3.7702435666243694	0.0010926832438795664	0.0721114602713103
original	52	53	80.724	80.668	-0.055999999999997385	8	2	4	3	0.00013259827696875	0.0003823974769056049	0.061224489795918366	3.6947353251581547	3.6944343568205698	0.00030096833758497255	0.06176958238355122
original	52	53	80.724	80.668	-0.055999999999997385	8	2	4	4	2.1247602753198707e-05	7.373644852648464e-05	0.04591836734693878	3.686697187274784	3.686710120437521	1.293316273720535e-05	0.04601464471449218
original	52	53	80.724	80.668	-0.055999999999997385	8	2	4	5	0.00013074026068797366	0.00023064851916954066	0.04591836734693878	3.4258113049183687	3.424887869861546	0.0009234350568227967	0.046372099632478576
original	52	53	80.724	80.668	-0.055999999999997385	8	2	4	6	7.573346593031297e-05	0.00022848108082096363	0.025510204081632654	3.696812630146343	3.696485998456998	0.00032663168934510267	0.02584708179731844
original	52	53	80.724	80.668	-0.055999999999997385	8	2	4	7	0.00010900860859393527	0.000345282823531079	0.02040816326530612	3.6768385261646683	3.6777642245061215	0.0009256983414531739	0.020955024531576452
original	52	53	80.724	80.668	-0.055999999999997385	8	2	4	8	4.489034977844162e-05	0.0001008528044886825	0.030612244897959183	3.535965249785713	3.5369592658253284	0.000994016039615353	0.030857389656187843
original	52	53	80.724	80.668	-0.055999999999997385	8	2	4	9	7.692204256952562e-05	0.0001599718872505873	0.08163265306122448	3.6322717725028304	3.6329273211215987	0.0006555486187682646	0.08193510185292142
original	52	53	80.724	80.668	-0.055999999999997385	8	2	4	10	8.538059659271314e-05	0.0001835004527447337	0.01020408163265306	3.5470806599325075	3.5455442392727465	0.0015364206597610064	0.010626604747966608
original	52	53	80.724	80.668	-0.055999999999997385	8	2	4	11	0.0001444845513927881	0.0003675159057318078	0.05102040816326531	3.597215074490174	3.5969219811739506	0.0002930933162232918	0.05156171795201223
original	52	53	80.724	80.668	-0.055999999999997385	9	2	5	0	0.00015203267849215316	0.0002664660077380532	0.03571428571428571	3.2134089273659066	3.2135154430395634	0.00010651567365682624	0.0361434359678816
original	52	53	80.724	80.668	-0.055999999999997385	9	2	5	1	0.00014168873415816246	0.0002747354026069182	0.015306122448979591	3.207525910765557	3.2080440491242377	0.000518138358680531	0.015774360421612725
original	52	53	80.724	80.668	-0.055999999999997385	9	2	5	2	0.0001439957523960083	0.00010085298547712895	0.05102040816326531	2.8932820362462435	2.906492244957935	0.013210208711691429	0.05258627777230759
original	52	53	80.724	80.668	-0.055999999999997385	9	2	5	3	0.0001414644139241701	0.0003124114878626516	0.04081632653061224	3.377764429845742	3.37693992341655	0.0008245064291920734	0.041352653075318276
original	52	53	80.724	80.668	-0.055999999999997385	9	2	5	4	9.528822599293954e-05	0.00013503313168861109	0.025510204081632654	3.0656563625392392	3.0642634252329786	0.0013929373062606665	0.02587981916994027
original	52	53	80.724	80.668	-0.055999999999997385	9	2	5	5	4.564469837383542e-05	0.00011166630248293785	0.025510204081632654	3.513727610122374	3.512902164707057	0.0008254454153169277	0.025750059624021118
original	52	53	80.724	80.668	-0.055999999999997385	9	2	5	6	0.000156747133428959	0.0004020668067417077	0.03571428571428571	3.6524308749581675	3.6563281392391764	0.003897264281008894	0.03666282608255727
original	52	53	80.724	80.668	-0.055999999999997385	9	2	5	7	0.00015581457768544575	0.0003541359215001316	0.03571428571428571	3.414170910629573	3.4143140647669648	0.00014315413739174332	0.036238551627210465
original	52	53	80.724	80.668	-0.055999999999997385	9	2	5	8	0.00010070473595745073	0.00013722939122973177	0.0	3.0289389535502647	3.0277224622416075	0.0012164913086571971	0.0003595832580529022
original	52	53	80.724	80.668	-0.055999999999997385	9	2	5	9	0.00014830352927043333	0.00029897270014689337	0.05102040816326531	3.2731796743386057	3.273870791587992	0.0006911172493864193	0.05153679611762128
original	52	53	80.724	80.668	-0.055999999999997385	9	2	5	10	0.00014760457068388667	0.00027345260801603377	0.05612244897959184	3.2993408978318697	3.2985831320090533	0.0007577658228163919	0.056619282740573394
original	52	53	80.724	80.668	-0.055999999999997385	9	2	5	11	9.64449151586701e-05	0.00018930276313489092	0.030612244897959183	3.2925529043114823	3.2924825366848176	7.036762666468022e-05	0.03090502933891921
original	52	53	80.724	80.668	-0.055999999999997385	10	3	0	0	0.0004641046722106539	0.0007584482670028869	0.05102040816326531	3.307217407325563	3.3020297029617343	0.005187704363828871	0.05276173153886174
original	52	53	80.724	80.668	-0.055999999999997385	10	3	0	1	0.000515390495596732	0.0008384305742553666	0.04591836734693878	3.2679291619074133	3.2656806513972096	0.002248510510203694	0.047497039467811246
original	52	53	80.724	80.668	-0.055999999999997385	10	3	0	2	0.0006928192396235914	0.0008354421154477265	0.00510204081632653	3.239786454139458	3.2263966285853782	0.01338982555407986	0.007969284726805834
original	52	53	80.724	80.668	-0.055999999999997385	10	3	0	3	0.00046408242418316526	0.0007074135636728762	0.030612244897959183	3.408744194793881	3.4009257758838656	0.007818418910015446	0.032565582776816766
original	52	53	80.724	80.668	-0.055999999999997385	10	3	0	4	0.00045303701408540466	0.0006705466308806196	0.030612244897959183	3.35511563798775	3.3501424375135223	0.004973200474227557	0.03223314859034796
original	52	53	80.724	80.668	-0.055999999999997385	10	3	0	5	0.0007418629649890666	0.0006762055308989767	0.00510204081632653	2.8733443108696672	2.864811165584261	0.008533145285406274	0.0073734238407552
original	52	53	80.724	80.668	-0.055999999999997385	10	3	0	6	0.0004358016859725203	0.0007365623567041624	0.01020408163265306	3.3883823523802357	3.3847007347386016	0.003681617641634105	0.011744607439493153
original	52	53	80.724	80.668	-0.055999999999997385	10	3	0	7	0.00020368664228490946	0.0006373648195615589	0.015306122448979591	3.6048523650213706	3.6031543701165556	0.0016979949048150367	0.016316973401307566
original	52	53	80.724	80.668	-0.055999999999997385	10	3	0	8	0.0004611643299912863	0.0006795797976769657	0.04081632653061224	3.1553512038554064	3.1555762584063203	0.0002250545509139279	0.041979576113371886
original	52	53	80.724	80.668	-0.055999999999997385	10	3	0	9	0.0001529923320504531	0.00037253108202994767	0.015306122448979591	3.4015009752998853	3.4004357532432468	0.001065222056638504	0.015938168068723845
original	52	53	80.724	80.668	-0.055999999999997385	10	3	0	10	0.0004987451598055667	0.0007930925014710821	0.02040816326530612	3.353383480332961	3.3436461424266977	0.0097373379062633	0.0226737347172091
original	52	53	80.724	80.668	-0.055999999999997385	10	3	0	11	0.000428859846568619	0.0006188331272175551	0.015306122448979591	3.34819610795665	3.3436751177907387	0.004520990165911343	0.0168059144393569
original	52	53	80.724	80.668	-0.055999999999997385	10	3	0	12	0.00039743884184607463	0.0006392633823445459	0.04081632653061224	3.264517501730665	3.267627200660197	0.0031096989295318345	0.042163998647756044
original	52	53	80.724	80.668	-0.055999999999997385	10	3	0	13	0.0006963590510520961	0.0009963759303140973	0.04081632653061224	3.3276915863286853	3.3400115112297124	0.012319924901027068	0.04374105400208114
original	52	53	80.724	80.668	-0.055999999999997385	10	3	0	14	0.0002766989556568061	0.0006244972019952	0.030612244897959183	3.3778354398497448	3.369574271586197	0.008261168263547614	0.03233955788196596
original	52	53	80.724	80.668	-0.055999999999997385	10	3	0	15	0.00044534388836946074	0.000627702200509006	0.015306122448979591	3.11744178934166	3.1104202497886497	0.007021539553010214	0.017081322493159082
original	52	53	80.724	80.668	-0.055999999999997385	10	3	0	16	0.0004365981047195509	0.0006997848232918047	0.025510204081632654	3.375360407244015	3.370227200141263	0.005133207102752113	0.027159907719919222
original	52	53	80.724	80.668	-0.055999999999997385	10	3	0	17	0.0004805707128315408	0.0006739444519040516	0.02040816326530612	3.2828284112188237	3.278808335367035	0.00402007585178854	0.021964686015220565
original	52	53	80.724	80.668	-0.055999999999997385	10	3	0	18	0.0003465168703452859	0.0008278020308812861	0.01020408163265306	3.600043794060919	3.5896529172176823	0.010390876843236807	0.012417488218203312
original	52	53	80.724	80.668	-0.055999999999997385	10	3	0	19	0.00043891114646587805	0.0006785604925483302	0.01020408163265306	3.391123825642575	3.3766772596622503	0.014446565980324788	0.012766209869699747
original	52	53	80.724	80.668	-0.055999999999997385	10	3	0	20	0.0004968397784689774	0.0006674659616291434	0.05102040816326531	2.9874100114495827	2.9885351467727292	0.0011251353231465089	0.05229722743567808
original	52	53	80.724	80.668	-0.055999999999997385	10	3	0	21	0.00020872301336810015	0.0006153541449109845	0.05102040816326531	3.535698141205686	3.537719425494246	0.002021284288560299	0.05204661375040042
original	52	53	80.724	80.668	-0.055999999999997385	10	3	0	22	0.0004984412082773525	0.0007550274562796444	0.025510204081632654	3.343386772571593	3.3390748213589445	0.0043119512126486015	0.027194867867454512
original	52	53	80.724	80.668	-0.055999999999997385	10	3	0	23	0.0005123652980125383	0.0007029131940636812	0.01020408163265306	3.255433502630748	3.248501805920641	0.0069316967101071825	0.012112529795739999
original	52	53	80.724	80.668	-0.055999999999997385	11	3	1	0	3.4017834295332834e-05	0.00010275693984729273	0.01020408163265306	3.4252116657838765	3.425068277230075	0.00014338855380158222	0.010355195262175845
original	52	53	80.724	80.668	-0.055999999999997385	11	3	1	1	0.00021436427139385832	0.0005198184413157669	0.015306122448979591	3.5960878945009993	3.5882051107767716	0.007882783724227682	0.016828583534111985
original	52	53	80.724	80.668	-0.055999999999997385	11	3	1	2	0.00037820320529244366	0.0009766766103238567	0.030612244897959183	3.505562213988522	3.4865041496143565	0.01905806437416535	0.03387293115099202
original	52	53	80.724	80.668	-0.055999999999997385	11	3	1	3	0.0002562870255227443	0.0006144613601090088	0.030612244897959183	3.5285666640079336	3.5241697622475345	0.004396901760399086	0.03192268345963085
original	52	53	80.724	80.668	-0.055999999999997385	11	3	1	4	0.00025545989343030015	0.0006183868959940275	0.015306122448979591	3.5846506444489585	3.5844506767137854	0.00019996773517316768	0.016199966011921238
original	52	53	80.724	80.668	-0.055999999999997385	11	3	1	5	0.00010603413696994268	0.00029646704809871416	0.04081632653061224	3.521394469221701	3.522556883110069	0.001162413888367908	0.04133506910451769
original	52	53	80.724	80.668	-0.055999999999997385	11	3	1	6	0.0002570976157115174	0.00047291476107436115	0.00510204081632653	3.413658801629269	3.4156303296231765	0.0019715279939074293	0.006029205992503151
original	52	53	80.724	80.668	-0.055999999999997385	11	3	1	7	0.0003019241500470556	0.0008552183774034328	0.030612244897959183	3.6254693228220964	3.6131947789424275	0.012274543879668975	0.032996841813376566
original	52	53	80.724	80.668	-0.055999999999997385	11	3	1	8	0.0003066299090028178	0.0006425208206259914	0.04591836734693878	3.468015045224641	3.4583182496677214	0.009696795556919824	0.04783719763225957
original	52	53	80.724	80.668	-0.055999999999997385	11	3	1	9	0.00033707512667724925	0.0006626863200172028	0.02040816326530612	3.346318978236841	3.3346671133094175	0.011651864927423539	0.022573111204742924
original	52	53	80.724	80.668	-0.055999999999997385	11	3	1	10	0.0002819912053986968	0.0006893662472997608	0.01020408163265306	3.5544416482866668	3.548232397371096	0.006209250915570674	0.011796364176908585
original	52	53	80.724	80.668	-0.055999999999997385	11	3	1	11	0.00026925939660325793	0.0006590990023582766	0.015306122448979591	3.5369568088331698	3.528256056660769	0.00870075217240096	0.01710455606518122
original	52	53	80.724	80.668	-0.055999999999997385	11	3	1	12	0.00023224338994609647	0.00044714465256689984	0.03571428571428571	3.4553526993454318	3.4522506043736123	0.003102094971819458	0.036703883253980656
original	52	53	80.724	80.668	-0.055999999999997385	11	3	1	13	0.0002557223078479174	0.0006066302362538467	0.015306122448979591	3.570822935625569	3.564264078915143	0.00655885671042622	0.016824360664123978
original	52	53	80.724	80.668	-0.055999999999997385	11	3	1	14	0.00016462525104256678	0.00043728755207839143	0.025510204081632654	3.57486126591791	3.5684951872476027	0.006366078670307473	0.02674872475178436
original	52	53	80.724	80.668	-0.055999999999997385	11	3	1	15	0.00024538011500026594	0.000657353411413597	0.04591836734693878	3.6486735197609415	3.6417723023701756	0.006901217390765879	0.047511222612429224
original	52	53	80.724	80.668	-0.055999999999997385	11	3	1	16	0.00023310826516190122	0.0006136539689338694	0.02040816326530612	3.6189490034557457	3.611966766740831	0.0069822367149146025	0.021953149170893353
original	52	53	80.724	80.668	-0.055999999999997385	11	3	1	17	0.00022570065785573398	0.0005253765340648142	0.02040816326530612	3.563337446761235	3.5592267324652997	0.004110714295935125	0.02157031188682018
original	52	53	80.724	80.668	-0.055999999999997385	11	3	1	18	0.0003572867151017237	0.0007774469781445248	0.03571428571428571	3.5310538549739254	3.5147729783857717	0.016280876588153692	0.038477107066347334
original	52	53	80.724	80.668	-0.055999999999997385	11	3	1	19	0.0002632524242249716	0.0005231889360216568	0.02040816326530612	3.460824063582606	3.4547199412530367	0.00610412232956925	0.021805016858509677
original	52	53	80.724	80.668	-0.055999999999997385	11	3	1	20	0.00030217423211208183	0.0007550144034339512	0.03571428571428571	3.529078781071865	3.5188006902619495	0.010278090809915597	0.037799283430823304
original	52	53	80.724	80.668	-0.055999999999997385	11	3	1	21	0.00020145543164548055	0.0003706352656791534	0.0	3.422485188312343	3.4232160471967683	0.0007308588844252562	0.0006451765857671595
original	52	53	80.724	80.668	-0.055999999999997385	11	3	1	22	0.00023497092072094126	0.0005358174198847321	0.025510204081632654	3.4898043973478083	3.4799753786317598	0.009829018716048576	0.027263894293843186
original	52	53	80.724	80.668	-0.055999999999997385	11	3	1	23	0.000277691426862983	0.00048015921740762746	0.030612244897959183	3.30998481066614	3.3051181154555125	0.004866695210627547	0.031856765063292554
original	53	54	80.668	80.646	-0.02200000000000557	0	0	0	0	8.217128300698487e-07	2.4073222293363727e-06	0.0	3.7753238982576995	3.775251416332878	7.248192482167681e-05	1.0477227541573904e-05
original	53	54	80.668	80.646	-0.02200000000000557	0	0	0	1	4.512442414582371e-07	1.2005639526968537e-07	0.0	2.235039487794641	2.2352839427849522	0.00024445499031111595	2.501679966783952e-05
original	53	54	80.668	80.646	-0.02200000000000557	0	0	0	2	1.1275926674518512e-06	4.022980548912258e-06	0.01020408163265306	3.8246762110744177	3.8245792516429824	9.695943143528396e-05	0.010218928149012953
original	53	54	80.668	80.646	-0.02200000000000557	1	0	1	0	3.612376829775785e-06	1.193431758828023e-05	0.015306122448979591	3.7230555421555556	3.723640089441068	0.0005845472855123823	0.015380123871948885
original	53	54	80.668	80.646	-0.02200000000000557	1	0	1	1	4.2377228139717405e-06	1.7305228424691066e-06	0.0	2.046895699729837	2.0447531457025327	0.002142554027304122	0.00022022364838685307
original	53	54	80.668	80.646	-0.02200000000000557	1	0	1	2	2.9779762157737493e-06	1.0422189306580343e-05	0.01020408163265306	3.7361598715862496	3.7367934347113176	0.0006335631250680152	0.010280838110682217
original	53	54	80.668	80.646	-0.02200000000000557	2	1	0	0	4.482240245002097e-06	1.327627336600301e-05	0.02040816326530612	3.790970960906679	3.791022448634851	5.1487728172094904e-05	0.020431070551734334
original	53	54	80.668	80.646	-0.02200000000000557	2	1	0	1	8.597350554112522e-06	2.754724443532197e-05	0.02040816326530612	3.7752990411665737	3.776064949724067	0.0007659085574931446	0.02052089871604487
original	53	54	80.668	80.646	-0.02200000000000557	2	1	0	2	2.68297913199909e-05	2.8500234705575167e-06	0.0	1.774296378326401	1.7679702761295686	0.006326102196832384	0.0006622900344737868
original	53	54	80.668	80.646	-0.02200000000000557	2	1	0	3	2.8719003936844056e-05	2.124983678908343e-06	0.015306122448979591	1.4241787699287847	1.4173961996374762	0.006782570291308465	0.01601522346572619
original	53	54	80.668	80.646	-0.02200000000000557	2	1	0	4	3.8448474959922454e-05	1.4504009554494601e-06	0.04081632653061224	0.8270892441510114	0.8188768281652563	0.008212415985755062	0.04167746700510312
original	53	54	80.668	80.646	-0.02200000000000557	2	1	0	5	2.9720728127671953e-05	1.4346694141575966e-06	0.01020408163265306	0.9748063570315398	0.9709269955443663	0.003879361487173494	0.010623173178912239
original	53	54	80.668	80.646	-0.02200000000000557	3	1	1	0	4.303810241767694e-06	7.158249388350413e-06	0.00510204081632653	3.0905240059205745	3.090006063976294	0.0005179419442806754	0.0051652970703847155
original	53	54	80.668	80.646	-0.02200000000000557	3	1	1	1	1.988086643153346e-05	8.797336194188432e-06	0.0	1.9100152992613708	1.9068683135986864	0.003146985662684454	0.0003433767688941673
original	53	54	80.668	80.646	-0.02200000000000557	3	1	1	2	2.1417034300288502e-05	2.8761095553719862e-05	0.0	3.031158442528414	3.0287866915006045	0.002371751027809399	0.00028735323263494826
original	53	54	80.668	80.646	-0.02200000000000557	3	1	1	3	3.6037770929803794e-05	8.197661096587261e-05	0.04081632653061224	3.4052728485896027	3.4053077941237353	3.494553413263546e-05	0.04093783546592118
original	53	54	80.668	80.646	-0.02200000000000557	3	1	1	4	2.0721739243563936e-05	1.4510298474768035e-05	0.0	2.734814282616868	2.734325980991461	0.0004883016254071393	8.40622002590459e-05
original	53	54	80.668	80.646	-0.02200000000000557	3	1	1	5	1.2033752696697954e-05	2.0577264696508557e-05	0.01020408163265306	3.282069765123188	3.2819788770160874	9.088810710045081e-05	0.010245781460756312
original	53	54	80.668	80.646	-0.02200000000000557	4	2	0	0	3.055791589357279e-05	2.956230973671925e-05	0.0	2.621009558546092	2.619474254087352	0.001535304458740061	0.00021365067150429815
original	53	54	80.668	80.646	-0.02200000000000557	4	2	0	1	2.4554378901987052e-05	3.2867330185371024e-05	0.01020408163265306	3.4205758833420115	3.4194789222873485	0.0010969610546629482	0.010371199447206714
original	53	54	80.668	80.646	-0.02200000000000557	4	2	0	2	5.457183303827637e-05	0.00014433427686366684	0.02040816326530612	3.621341656255296	3.6200829596230473	0.001258696632248757	0.02073293903843294
original	53	54	80.668	80.646	-0.02200000000000557	4	2	0	3	6.706280255550353e-05	0.0001972689537311778	0.05102040816326531	3.6976504509936334	3.6971759378840123	0.0004745131096210997	0.05133219123051409
original	53	54	80.668	80.646	-0.02200000000000557	4	2	0	4	2.964261064573607e-05	9.4626514795082e-05	0.03571428571428571	3.77609020296868	3.776431734822833	0.0003415318541528656	0.03587270802514182
original	53	54	80.668	80.646	-0.02200000000000557	4	2	0	5	3.184904182619793e-05	8.488510381488013e-06	0.00510204081632653	2.1093383709665163	2.110327698137576	0.0009893271710597062	0.005241311085640187
original	53	54	80.668	80.646	-0.02200000000000557	4	2	0	6	4.0311809548429934e-05	9.876402189079592e-06	0.00510204081632653	2.2559797954761898	2.256495054420754	0.0005152589445640565	0.005203754922520446
original	53	54	80.668	80.646	-0.02200000000000557	4	2	0	7	3.0356261543576912e-05	0.00011067082291160713	0.11734693877551021	3.836154925261848	3.836212557237386	5.763197553809718e-05	0.1174937290575192
original	53	54	80.668	80.646	-0.02200000000000557	4	2	0	8	3.250332356314768e-05	0.0001192319799806496	0.07142857142857142	3.8501485138892293	3.8504553892605258	0.0003068753712964778	0.07161099426924487
original	53	54	80.668	80.646	-0.02200000000000557	4	2	0	9	1.5684097348507992e-05	3.2465388935865036e-05	0.025510204081632654	3.3760618904833812	3.3761551904399183	9.329995653706291e-05	0.025567683563570736
original	53	54	80.668	80.646	-0.02200000000000557	4	2	0	10	4.007011250131809e-05	6.736495599679593e-06	0.0	2.0983809856265796	2.097631734013713	0.0007492516128664306	0.00012173176938764075
original	53	54	80.668	80.646	-0.02200000000000557	4	2	0	11	2.7520986035268868e-05	4.332557030362061e-06	0.0	1.9322007682300941	1.932518035321539	0.00031726709144486165	6.358025221011709e-05
original	53	54	80.668	80.646	-0.02200000000000557	5	2	1	0	7.332987680290542e-05	0.00012949299432074568	0.01020408163265306	3.2056765726992693	3.2067869788491823	0.0011104061499129791	0.010517945118768008
original	53	54	80.668	80.646	-0.02200000000000557	5	2	1	1	4.636114182315103e-05	0.00012073256221112327	0.04081632653061224	3.558867360574552	3.5596592643752047	0.000791903800652527	0.04106261061471177
original	53	54	80.668	80.646	-0.02200000000000557	5	2	1	2	4.2635175827179206e-05	9.063654215935024e-05	0.02040816326530612	3.3890791697724225	3.3880130730974103	0.0010660966750122292	0.02064804465079387
original	53	54	80.668	80.646	-0.02200000000000557	5	2	1	3	5.4941186394021e-05	3.375990068699153e-05	0.0	2.5146030357810134	2.510373639235668	0.004229396545345487	0.0005116407416155612
original	53	54	80.668	80.646	-0.02200000000000557	5	2	1	4	5.48756093605317e-05	3.162063057093878e-05	0.00510204081632653	2.533248615884851	2.5311826259857875	0.0020659898990635917	0.00539513604616436
original	53	54	80.668	80.646	-0.02200000000000557	5	2	1	5	4.977369574677317e-05	1.3037516828906526e-05	0.0	2.159794245927808	2.1625238531607383	0.0027296072329301424	0.0003357719358686939
original	53	54	80.668	80.646	-0.02200000000000557	5	2	1	6	4.5686489259168616e-05	7.33689315386421e-05	0.015306122448979591	3.173235534980403	3.1724063640544267	0.0008291709259764524	0.015508094962375048
original	53	54	80.668	80.646	-0.02200000000000557	5	2	1	7	2.4834530374238973e-05	1.3985945607530859e-05	0.00510204081632653	2.1046085179694005	2.10478567174903	0.00017715377962934653	0.005158576670271235
original	53	54	80.668	80.646	-0.02200000000000557	5	2	1	8	3.256547322856794e-05	1.0306086411504545e-05	0.0	2.1727376703400463	2.1722300189221206	0.0005076514179256364	9.363670143263613e-05
original	53	54	80.668	80.646	-0.02200000000000557	5	2	1	9	8.036572724379609e-05	0.0001971972292088564	0.04081632653061224	3.545203377511109	3.5451916021081127	1.1775402996239137e-05	0.04109506702736452
original	53	54	80.668	80.646	-0.02200000000000557	5	2	1	10	0.00010198746491708776	0.0001316017787040824	0.02040816326530612	3.0710709265397274	3.0723309790276434	0.0012600524879160524	0.020767757757718896
original	53	54	80.668	80.646	-0.02200000000000557	5	2	1	11	8.890739275676703e-05	0.00011228280029895732	0.00510204081632653	2.9866423207954007	2.9852683317794746	0.0013739890159261137	0.0054406299109748665
original	53	54	80.668	80.646	-0.02200000000000557	6	2	2	0	5.5780343115345616e-05	0.00017332750301157773	0.030612244897959183	3.754766916091688	3.755024329721848	0.00025741363016029695	0.030867094107102137
original	53	54	80.668	80.646	-0.02200000000000557	6	2	2	1	3.315759826312438e-05	9.362981831151362e-05	0.05102040816326531	3.7103710667362373	3.7103918200206287	2.075328439143931e-05	0.05114927090827909
original	53	54	80.668	80.646	-0.02200000000000557	6	2	2	2	8.771176211301171e-05	0.0002794578991192065	0.061224489795918366	3.7209918708252356	3.7206422756541744	0.0003495951710612566	0.061626618974256704
original	53	54	80.668	80.646	-0.02200000000000557	6	2	2	3	3.572499543339737e-05	6.392243157415933e-05	0.04081632653061224	3.5942146231117964	3.5942532628241994	3.8639712403032433e-05	0.0409198379288601
original	53	54	80.668	80.646	-0.02200000000000557	6	2	2	4	9.510918381591254e-05	0.00026068911334087286	0.030612244897959183	3.6264450560806196	3.6273207908272407	0.0008757347466210597	0.031055616669778074
original	53	54	80.668	80.646	-0.02200000000000557	6	2	2	5	1.689066304208751e-05	2.563130682353698e-05	0.0	2.6036248873731616	2.6035220699026747	0.00010281747048690448	5.2803716914314944e-05
original	53	54	80.668	80.646	-0.02200000000000557	6	2	2	6	3.070159114483502e-05	0.00010017551623842103	0.05102040816326531	3.8180565836485383	3.8180378021355725	1.8781512965748703e-05	0.05115316342194514
original	53	54	80.668	80.646	-0.02200000000000557	6	2	2	7	6.395479333669142e-05	5.884174745907078e-05	0.01020408163265306	3.0117743897608995	3.0099702422718817	0.0018041474890178044	0.010507292922350604
original	53	54	80.668	80.646	-0.02200000000000557	6	2	2	8	7.364359465940342e-05	0.00014661213417543895	0.030612244897959183	3.436744202124165	3.435561035041252	0.0011831670829129948	0.030950817335085326
original	53	54	80.668	80.646	-0.02200000000000557	6	2	2	9	6.515398053558928e-05	4.806416143954273e-05	0.0	2.6696264783546155	2.670863407796075	0.0012369294414593668	0.0002369110861210687
original	53	54	80.668	80.646	-0.02200000000000557	6	2	2	10	7.595793107700317e-05	7.82427816230502e-05	0.02040816326530612	2.838351862341368	2.8397629089630207	0.0014110466216528117	0.020703468640171453
original	53	54	80.668	80.646	-0.02200000000000557	6	2	2	11	4.765615108303488e-05	0.0001574547991468611	0.07653061224489796	3.7357191782182895	3.73578993692643	7.075870814032825e-05	0.07674279906594188
original	53	54	80.668	80.646	-0.02200000000000557	7	2	3	0	9.156397919490088e-05	8.081044507490809e-05	0.01020408163265306	2.71877599945757	2.7212859614671245	0.002509962009554556	0.010627452257878325
original	53	54	80.668	80.646	-0.02200000000000557	7	2	3	1	0.00012959234071859287	4.492416392520848e-05	0.015306122448979591	2.452758182422077	2.451295248593018	0.0014629338290590432	0.015626932336529297
original	53	54	80.668	80.646	-0.02200000000000557	7	2	3	2	9.173042040260408e-05	6.730293766732398e-05	0.00510204081632653	2.6787114189798773	2.677244250788048	0.0014671681918292379	0.005407790993579382
original	53	54	80.668	80.646	-0.02200000000000557	7	2	3	3	3.241057223432821e-05	8.615250572252542e-05	0.0	3.614243664717329	3.6143165709602094	7.290624288058822e-05	0.00012585370224491244
original	53	54	80.668	80.646	-0.02200000000000557	7	2	3	4	9.690754128497196e-05	0.00024981454633854483	0.025510204081632654	3.598426165994868	3.5978281117709208	0.0005980542239472086	0.02591673159165089
original	53	54	80.668	80.646	-0.02200000000000557	7	2	3	5	7.51596032084527e-05	4.5067720853775306e-05	0.0	2.226961030573663	2.225489477115954	0.0014715534577089961	0.00026738266983312764
original	53	54	80.668	80.646	-0.02200000000000557	7	2	3	6	0.00011602123055649292	0.0002656708230721616	0.02040816326530612	3.486536030491052	3.484680279527074	0.0018557509639780534	0.02097543041533258
original	53	54	80.668	80.646	-0.02200000000000557	7	2	3	7	7.361359090521601e-05	0.00015181859009405496	0.01020408163265306	3.3935780177933887	3.3923769995627557	0.0012010182306330108	0.010549615636715632
original	53	54	80.668	80.646	-0.02200000000000557	7	2	3	8	5.442868803922324e-05	9.55267323057285e-05	0.01020408163265306	3.11431324476829	3.1130826293546114	0.0012306154136787484	0.010477098594365887
original	53	54	80.668	80.646	-0.02200000000000557	7	2	3	9	0.00010182598894176081	0.00019914626489858644	0.030612244897959183	3.4228359520307454	3.4224887303975353	0.00034722163321010413	0.03094793931512054
original	53	54	80.668	80.646	-0.02200000000000557	7	2	3	10	6.083254462206151e-05	4.3107776524164976e-05	0.01020408163265306	2.0446062568276875	2.0435831505382382	0.0010231062894492382	0.01041033258274421
original	53	54	80.668	80.646	-0.02200000000000557	7	2	3	11	0.0001221637570849906	0.0003353321100093565	0.025510204081632654	3.663761949732907	3.6620272218700185	0.0017347278628885299	0.026141172735015854
original	53	54	80.668	80.646	-0.02200000000000557	8	2	4	0	0.00014893054647103875	0.00034815259086662387	0.00510204081632653	3.5883179804459506	3.588223118923315	9.486152263571412e-05	0.005608610105927764
original	53	54	80.668	80.646	-0.02200000000000557	8	2	4	1	0.00010191337887931537	0.00023742606740817518	0.05612244897959184	3.618778749072879	3.618830147963866	5.139889098693118e-05	0.056466928314978015
original	53	54	80.668	80.646	-0.02200000000000557	8	2	4	2	0.00014270675780131924	0.00046408948753406953	0.05102040816326531	3.7702435666243694	3.7706375256352906	0.00039395901092120766	0.05166660030969282
original	53	54	80.668	80.646	-0.02200000000000557	8	2	4	3	0.00013671467227418488	0.0004142355975832457	0.04591836734693878	3.6944343568205698	3.6962681954027445	0.001833838582174785	0.046652701475013686
original	53	54	80.668	80.646	-0.02200000000000557	8	2	4	4	1.9773659037002727e-05	7.022514994770024e-05	0.05102040816326531	3.686710120437521	3.6867041407483705	5.979689150503731e-06	0.05111100494116506
original	53	54	80.668	80.646	-0.02200000000000557	8	2	4	5	0.0001310774228757811	0.0002337692782499179	0.025510204081632654	3.424887869861546	3.4259917173584844	0.0011038474969384815	0.025985435532452198
original	53	54	80.668	80.646	-0.02200000000000557	8	2	4	6	8.742119553872092e-05	0.00026298146189029925	0.03571428571428571	3.696485998456998	3.697888494941479	0.0014024964844812082	0.036204938020162857
original	53	54	80.668	80.646	-0.02200000000000557	8	2	4	7	9.960533854575143e-05	0.00029917595152462173	0.030612244897959183	3.6777642245061215	3.6787613168082096	0.0009970923020881095	0.031110735418238368
original	53	54	80.668	80.646	-0.02200000000000557	8	2	4	8	4.727038105655449e-05	0.00010903707422404985	0.03571428571428571	3.5369592658253284	3.536217821535304	0.0007414442900244289	0.03594473759856876
original	53	54	80.668	80.646	-0.02200000000000557	8	2	4	9	7.792953534114502e-05	0.0001518681942539457	0.07653061224489796	3.6329273211215987	3.6347125475561084	0.0017852264345097346	0.07693893261794403
original	53	54	80.668	80.646	-0.02200000000000557	8	2	4	10	8.451384827999866e-05	0.0001811659779913377	0.015306122448979591	3.5455442392727465	3.5481242280301504	0.0025799887574038394	0.01582980115099131
original	53	54	80.668	80.646	-0.02200000000000557	8	2	4	11	0.00013723325388577252	0.0003420733258822084	0.05612244897959184	3.5969219811739506	3.5979452366045015	0.001023255430550929	0.05670408110241491
original	53	54	80.668	80.646	-0.02200000000000557	9	2	5	0	0.00015904925037142726	0.0002803037275062037	0.04081632653061224	3.2135154430395634	3.214084689871387	0.0005692468318234667	0.041312604191672216
original	53	54	80.668	80.646	-0.02200000000000557	9	2	5	1	0.00014206955693732776	0.0002517983136079982	0.02040816326530612	3.2080440491242377	3.2081102667972643	6.621767302661397e-05	0.020808652903154107
original	53	54	80.668	80.646	-0.02200000000000557	9	2	5	2	0.00015053681900398916	0.00010771984626578579	0.05102040816326531	2.906492244957935	2.8978526288585162	0.008639616099418657	0.05214262643847695
original	53	54	80.668	80.646	-0.02200000000000557	9	2	5	3	0.00013552708068969197	0.0002794784781926518	0.025510204081632654	3.37693992341655	3.377334757071886	0.00039483365533588	0.025964693006048586
original	53	54	80.668	80.646	-0.02200000000000557	9	2	5	4	0.00010447737375843876	0.0001726096707995728	0.00510204081632653	3.0642634252329786	3.0642946520820162	3.1226849037668813e-05	0.0053822505457883085
original	53	54	80.668	80.646	-0.02200000000000557	9	2	5	5	4.874958188104888e-05	0.0001204226075210979	0.030612244897959183	3.512902164707057	3.5140125897642354	0.0011104250571785101	0.03089245959307918
original	53	54	80.668	80.646	-0.02200000000000557	9	2	5	6	0.00014979959543442458	0.0003630743190176089	0.03571428571428571	3.6563281392391764	3.6549211113615585	0.001407027877617928	0.03636786241649954
original	53	54	80.668	80.646	-0.02200000000000557	9	2	5	7	0.0001660347255909247	0.00037721125267287103	0.04081632653061224	3.4143140647669648	3.4131352549264515	0.0011788098405132175	0.041477453492927356
original	53	54	80.668	80.646	-0.02200000000000557	9	2	5	8	0.00010822513710415809	0.0001438208032029653	0.01020408163265306	3.0277224622416075	3.0259678092631317	0.001754652978475768	0.01063159287080776
original	53	54	80.668	80.646	-0.02200000000000557	9	2	5	9	0.00014699607084437988	0.00026866125091140614	0.00510204081632653	3.273870791587992	3.2729274239529653	0.0009433676350267817	0.005612034901584994
original	53	54	80.668	80.646	-0.02200000000000557	9	2	5	10	0.0001375939844111273	0.00025353813123751845	0.05102040816326531	3.2985831320090533	3.2987189444607057	0.00013581245165239508	0.051425121524079194
original	53	54	80.668	80.646	-0.02200000000000557	9	2	5	11	8.781616719456996e-05	0.0001730506999695347	0.01020408163265306	3.2924825366848176	3.292084111879154	0.00039842480566365523	0.010504790980383531
original	53	54	80.668	80.646	-0.02200000000000557	10	3	0	0	0.0005022799670540123	0.0007576745011594888	0.04591836734693878	3.3020297029617343	3.2996080971361574	0.0024216058255768225	0.04742048239770996
original	53	54	80.668	80.646	-0.02200000000000557	10	3	0	1	0.0005321522339013433	0.0007841971255623248	0.04591836734693878	3.2656806513972096	3.261624218567372	0.004056432829837586	0.047640359989386205
original	53	54	80.668	80.646	-0.02200000000000557	10	3	0	2	0.0006750002193942176	0.0006957469555751716	0.00510204081632653	3.2263966285853782	3.233022499062692	0.006625870477313889	0.0071353750390273085
original	53	54	80.668	80.646	-0.02200000000000557	10	3	0	3	0.0004906417392602366	0.0007774260975340619	0.025510204081632654	3.4009257758838656	3.4119003387110105	0.01097456282714493	0.027875728201141446
original	53	54	80.668	80.646	-0.02200000000000557	10	3	0	4	0.00046119654856459114	0.000687323187751776	0.01020408163265306	3.3501424375135223	3.349734540268149	0.00040789724537315664	0.011393391093506743
original	53	54	80.668	80.646	-0.02200000000000557	10	3	0	5	0.0008116922045588516	0.0007142515332636545	0.01020408163265306	2.864811165584261	2.8720202881746766	0.0072091225904156175	0.012450937629517128
original	53	54	80.668	80.646	-0.02200000000000557	10	3	0	6	0.0004976934369641317	0.0008177158196882583	0.0	3.3847007347386016	3.378122353849848	0.006578380888753621	0.0019732473455277523
original	53	54	80.668	80.646	-0.02200000000000557	10	3	0	7	0.0001656032966209172	0.00047585376331404916	0.015306122448979591	3.6031543701165556	3.604891963137286	0.0017375930207306212	0.01612133881098762
original	53	54	80.668	80.646	-0.02200000000000557	10	3	0	8	0.0005026513321230734	0.000703697845540252	0.03571428571428571	3.1555762584063203	3.154864395803818	0.0007118626025022223	0.03699182115219926
original	53	54	80.668	80.646	-0.02200000000000557	10	3	0	9	0.00014857944606873563	0.00034899609733762826	0.025510204081632654	3.4004357532432468	3.400732649175564	0.00029689593231729816	0.02603746921827075
original	53	54	80.668	80.646	-0.02200000000000557	10	3	0	10	0.0005071971858106783	0.0008088102454779644	0.05102040816326531	3.3436461424266977	3.348027918486093	0.004381776059395381	0.05277459320049349
original	53	54	80.668	80.646	-0.02200000000000557	10	3	0	11	0.00045416841338240385	0.0006614934325014366	0.030612244897959183	3.3436751177907387	3.3502807026492656	0.006605584858526914	0.03238846522969571
original	53	54	80.668	80.646	-0.02200000000000557	10	3	0	12	0.0004787925604982865	0.0007473478048730664	0.05102040816326531	3.267627200660197	3.2610048376426746	0.006622363017522392	0.0529087848303889
original	53	54	80.668	80.646	-0.02200000000000557	10	3	0	13	0.0006547559394242492	0.0008389373843874504	0.03571428571428571	3.3400115112297124	3.334065242128204	0.005946269101508417	0.037802605948248254
original	53	54	80.668	80.646	-0.02200000000000557	10	3	0	14	0.00021407574250064293	0.00042226425288904856	0.030612244897959183	3.369574271586197	3.371462163843186	0.0018878922569887102	0.03143737411904775
original	53	54	80.668	80.646	-0.02200000000000557	10	3	0	15	0.0003971440030279504	0.0006212897436117526	0.02040816326530612	3.1104202497886497	3.1062916618239917	0.0041285879646579815	0.021839455808411623
original	53	54	80.668	80.646	-0.02200000000000557	10	3	0	16	0.000493452841920918	0.000738635197438664	0.025510204081632654	3.370227200141263	3.3731440607037255	0.002916860562462542	0.027033978177238488
original	53	54	80.668	80.646	-0.02200000000000557	10	3	0	17	0.000540603099880513	0.0008315484084211455	0.05102040816326531	3.278808335367035	3.281298789914691	0.0024904545476558404	0.05264160512633255
original	53	54	80.668	80.646	-0.02200000000000557	10	3	0	18	0.0002839015109489005	0.0006430905402979858	0.00510204081632653	3.5896529172176823	3.5903083451685998	0.0006554279509174421	0.006094575662665161
original	53	54	80.668	80.646	-0.02200000000000557	10	3	0	19	0.00039241489428781275	0.000632560468794896	0.01020408163265306	3.3766772596622503	3.381995664448796	0.00531840478654555	0.011760897474390325
original	53	54	80.668	80.646	-0.02200000000000557	10	3	0	20	0.0005018900321054843	0.000736933867938161	0.030612244897959183	2.9885351467727292	2.9859946462199143	0.0025405005528149616	0.03210511885328432
original	53	54	80.668	80.646	-0.02200000000000557	10	3	0	21	0.00019830575495782262	0.000617687833019076	0.05612244897959184	3.537719425494246	3.5369859682638243	0.0007334572304218412	0.05701178829061092
original	53	54	80.668	80.646	-0.02200000000000557	10	3	0	22	0.0005405167096053287	0.0007621827463215602	0.03571428571428571	3.3390748213589445	3.3334904996097356	0.005584321749208865	0.03757541734513349
original	53	54	80.668	80.646	-0.02200000000000557	10	3	0	23	0.0005339472569486176	0.0007976384491561461	0.00510204081632653	3.248501805920641	3.2556665251894987	0.0071647192688577555	0.007150098449317069
original	53	54	80.668	80.646	-0.02200000000000557	11	3	1	0	3.60106809181039e-05	0.00010334008885637402	0.01020408163265306	3.425068277230075	3.4251992285306185	0.0001309513005436358	0.010356527532481903
original	53	54	80.668	80.646	-0.02200000000000557	11	3	1	1	0.0002222318977999871	0.0004883767116938831	0.02040816326530612	3.5882051107767716	3.58329703668594	0.0049080740908316045	0.02160957928388315
original	53	54	80.668	80.646	-0.02200000000000557	11	3	1	2	0.00028142856000397306	0.0005854214006320024	0.00510204081632653	3.4865041496143565	3.5002601398034296	0.013755990189073142	0.00734448979586982
original	53	54	80.668	80.646	-0.02200000000000557	11	3	1	3	0.00028868158987340907	0.000536998178620407	0.025510204081632654	3.5241697622475345	3.521466795624525	0.002702966623009395	0.02660618051242741
original	53	54	80.668	80.646	-0.02200000000000557	11	3	1	4	0.00024251975349611204	0.0006005228510007621	0.00510204081632653	3.5844506767137854	3.5897569602603183	0.005306283546532953	0.0064757117754767
original	53	54	80.668	80.646	-0.02200000000000557	11	3	1	5	9.005727662096863e-05	0.0002551755998272398	0.04591836734693878	3.522556883110069	3.523597632574107	0.0010407494640380932	0.0463676751697908
original	53	54	80.668	80.646	-0.02200000000000557	11	3	1	6	0.00025839512174901226	0.00044745490958086886	0.02040816326530612	3.4156303296231765	3.421188625244798	0.005558295621621578	0.02166984285879816
original	53	54	80.668	80.646	-0.02200000000000557	11	3	1	7	0.0002290139232851171	0.000565843092273477	0.01020408163265306	3.6131947789424275	3.621349709215028	0.008154930272600502	0.011814431675471705
original	53	54	80.668	80.646	-0.02200000000000557	11	3	1	8	0.00031450240329971223	0.0006329755437254336	0.04081632653061224	3.4583182496677214	3.4673991272414812	0.00908087757375986	0.04267189223501337
original	53	54	80.668	80.646	-0.02200000000000557	11	3	1	9	0.00032233237137776875	0.0004986524797078173	0.01020408163265306	3.3346671133094175	3.3364082171071465	0.001741103797729071	0.011199176863511554
original	53	54	80.668	80.646	-0.02200000000000557	11	3	1	10	0.00022400595128204776	0.00045643667253691955	0.01020408163265306	3.548232397371096	3.544411101122808	0.0038212962482879753	0.011266653881300825
original	53	54	80.668	80.646	-0.02200000000000557	11	3	1	11	0.00025558025582134733	0.00048293726378501045	0.01020408163265306	3.528256056660769	3.5248655086300533	0.003390548030715479	0.011281653955330966
original	53	54	80.668	80.646	-0.02200000000000557	11	3	1	12	0.0002387148256849211	0.0004500724500636766	0.05612244897959184	3.4522506043736123	3.4512621140239705	0.0009884903496417685	0.05691008529030461
original	53	54	80.668	80.646	-0.02200000000000557	11	3	1	13	0.0002438304888783499	0.000509432217070227	0.02040816326530612	3.564264078915143	3.5684878996050973	0.004223820689954305	0.02158380804025013
original	53	54	80.668	80.646	-0.02200000000000557	11	3	1	14	0.00016581733065632043	0.0003935400571019043	0.025510204081632654	3.5684951872476027	3.571678762890765	0.0031835756431624063	0.02638791903370712
original	53	54	80.668	80.646	-0.02200000000000557	11	3	1	15	0.0002373978042807665	0.000576765046063743	0.04081632653061224	3.6417723023701756	3.643457890087366	0.0016855877171906286	0.041799048152675815
original	53	54	80.668	80.646	-0.02200000000000557	11	3	1	16	0.0002082578850572041	0.0004954580393854435	0.015306122448979591	3.611966766740831	3.6177637905138944	0.005797023773063348	0.016589540750728573
original	53	54	80.668	80.646	-0.02200000000000557	11	3	1	17	0.00020057652156421965	0.00039651644844596046	0.01020408163265306	3.5592267324652997	3.5590696341485932	0.00015709831670651653	0.010816884434333892
original	53	54	80.668	80.646	-0.02200000000000557	11	3	1	18	0.00027009448386446436	0.0004645646555933025	0.00510204081632653	3.5147729783857717	3.513340395175141	0.0014325832106307779	0.0059799582768473745
original	53	54	80.668	80.646	-0.02200000000000557	11	3	1	19	0.00030186417828398794	0.0005376603042224204	0.02040816326530612	3.4547199412530367	3.45352435087854	0.001195590374496902	0.02136724678526222
original	53	54	80.668	80.646	-0.02200000000000557	11	3	1	20	0.0002879755341025261	0.0006685583586707455	0.02040816326530612	3.5188006902619495	3.526522316490967	0.00772162622901762	0.022136859780981153
original	53	54	80.668	80.646	-0.02200000000000557	11	3	1	21	0.00022124546485548154	0.0004302269149099036	0.0	3.4232160471967683	3.422011633417535	0.0012044137792335263	0.0007719137576887378
original	53	54	80.668	80.646	-0.02200000000000557	11	3	1	22	0.0002207140129078952	0.0004960498339141584	0.01020408163265306	3.4799753786317598	3.485939529856324	0.005964151224564063	0.01151726060193152
original	53	54	80.668	80.646	-0.02200000000000557	11	3	1	23	0.0002809827473540142	0.0004833225219148529	0.025510204081632654	3.3051181154555125	3.317379601606643	0.01226148615113054	0.027500657966014575
original	54	55	80.646	80.576	-0.07000000000000739	0	0	0	0	7.910798802154528e-07	2.4387311270412937e-06	0.0	3.775251416332878	3.775077663810921	0.00017375252195694912	2.0605063202951658e-05
original	54	55	80.646	80.576	-0.07000000000000739	0	0	0	1	4.1430667027427123e-07	1.1492141316349347e-07	0.0	2.2352839427849522	2.235281906287483	2.036497469326548e-06	7.328778303704195e-07
original	54	55	80.646	80.576	-0.07000000000000739	0	0	0	2	1.0225347259050704e-06	3.7364749034818345e-06	0.01020408163265306	3.8245792516429824	3.824461432088355	0.00011781955462719651	0.010220622597745168
original	54	55	80.646	80.576	-0.07000000000000739	1	0	1	0	3.5752508987811218e-06	1.1909169059576286e-05	0.025510204081632654	3.723640089441068	3.723331978120937	0.00030811132013086606	0.025556499633604096
original	54	55	80.646	80.576	-0.07000000000000739	1	0	1	1	3.439810251900289e-06	1.2916532979856399e-06	0.01020408163265306	2.0447531457025327	2.0453738058085422	0.0006206601060094741	0.010270879106803892
original	54	55	80.646	80.576	-0.07000000000000739	1	0	1	2	2.9401421395187718e-06	9.940447013079279e-06	0.0	3.7367934347113176	3.736474475035507	0.00031895967581085927	4.477655673368398e-05
original	54	55	80.646	80.576	-0.07000000000000739	2	1	0	0	4.609351742525846e-06	1.3427162283585758e-05	0.025510204081632654	3.791022448634851	3.790862125170499	0.00016032346435190803	0.025544272942093958
original	54	55	80.646	80.576	-0.07000000000000739	2	1	0	1	7.707549190964758e-06	2.4288629701718634e-05	0.01020408163265306	3.776064949724067	3.7757924812394155	0.00027246848465134477	0.010263324660010878
original	54	55	80.646	80.576	-0.07000000000000739	2	1	0	2	2.4086175682480424e-05	3.210329425629155e-06	0.01020408163265306	1.7679702761295686	1.770845828658661	0.00287555252909244	0.010518933390670414
original	54	55	80.646	80.576	-0.07000000000000739	2	1	0	3	3.834569018867748e-05	3.5287091280089555e-06	0.015306122448979591	1.4173961996374762	1.4314066349272938	0.014010435289817602	0.01674904037727804
original	54	55	80.646	80.576	-0.07000000000000739	2	1	0	4	3.421373289431958e-05	1.7601000011913115e-06	0.04591836734693878	0.8188768281652563	0.8222696998232787	0.0033928716580223783	0.04629362834563653
original	54	55	80.646	80.576	-0.07000000000000739	2	1	0	5	4.04415450176438e-05	2.168585503392606e-06	0.04081632653061224	0.9709269955443663	0.9836643678561312	0.01273737231176486	0.04213267389230976
original	54	55	80.646	80.576	-0.07000000000000739	3	1	1	0	4.353035011534598e-06	7.533113120294921e-06	0.00510204081632653	3.090006063976294	3.090534632812391	0.0005285688360969765	0.005166783848068058
original	54	55	80.646	80.576	-0.07000000000000739	3	1	1	1	2.4761078494683534e-05	7.745042839069072e-06	0.0	1.9068683135986864	1.9136404187816272	0.006772105182940802	0.0007097166396278328
original	54	55	80.646	80.576	-0.07000000000000739	3	1	1	2	2.1576411095215308e-05	3.057073712042779e-05	0.0	3.0287866915006045	3.0309663701519525	0.0021796786513479383	0.00027011501335043694
original	54	55	80.646	80.576	-0.07000000000000739	3	1	1	3	3.458344794382807e-05	7.95243567086601e-05	0.030612244897959183	3.4053077941237353	3.405049970050733	0.000257824073002233	0.030752135109911895
original	54	55	80.646	80.576	-0.07000000000000739	3	1	1	4	1.7267551575301068e-05	1.149201903805075e-05	0.0	2.734325980991461	2.7340607914805957	0.00026518951086540454	5.527852169989227e-05
original	54	55	80.646	80.576	-0.07000000000000739	3	1	1	5	1.1751362401917201e-05	2.09657545018338e-05	0.015306122448979591	3.2819788770160874	3.2804883038002988	0.0014905732157886042	0.015487896887462202
original	54	55	80.646	80.576	-0.07000000000000739	4	2	0	0	2.6575834871681203e-05	1.922315310010081e-05	0.0	2.619474254087352	2.6190479568342933	0.0004262972530586495	8.842871327764698e-05
original	54	55	80.646	80.576	-0.07000000000000739	4	2	0	1	2.5815777212010336e-05	3.699856539784996e-05	0.00510204081632653	3.4194789222873485	3.419827917933252	0.0003489956459032939	0.0051997547235267194
original	54	55	80.646	80.576	-0.07000000000000739	4	2	0	2	5.448793153861166e-05	0.00014169737598634935	0.025510204081632654	3.6200829596230473	3.6214466021352774	0.00136364251223009	0.025842753640380623
original	54	55	80.646	80.576	-0.07000000000000739	4	2	0	3	6.442864342558096e-05	0.00018514678687486796	0.05612244897959184	3.6971759378840123	3.698892258592017	0.0017163207080046483	0.056543656480692754
original	54	55	80.646	80.576	-0.07000000000000739	4	2	0	4	2.8714928266764904e-05	9.055502840460417e-05	0.01020408163265306	3.776431734822833	3.776552984967086	0.00012125014425290459	0.01033547660374972
original	54	55	80.646	80.576	-0.07000000000000739	4	2	0	5	3.204725863744794e-05	7.971742633006151e-06	0.00510204081632653	2.110327698137576	2.110923579063805	0.0005958809262289755	0.0052016479102198815
original	54	55	80.646	80.576	-0.07000000000000739	4	2	0	6	4.0817255694854307e-05	1.1231475351092257e-05	0.01020408163265306	2.256495054420754	2.25911033616047	0.0026152817397160355	0.01051765853767061
original	54	55	80.646	80.576	-0.07000000000000739	4	2	0	7	2.7318874955385296e-05	9.845411274911342e-05	0.08673469387755102	3.836212557237386	3.8361833517811177	2.9205456268499574e-05	0.08686338741088237
original	54	55	80.646	80.576	-0.07000000000000739	4	2	0	8	3.110303740559036e-05	0.0001144284683157748	0.10714285714285714	3.8504553892605258	3.850312404322523	0.00014298493800257717	0.10730268714237877
original	54	55	80.646	80.576	-0.07000000000000739	4	2	0	9	1.7770025919876055e-05	3.819570440044551e-05	0.00510204081632653	3.3761551904399183	3.3756288611716916	0.0005263292682267107	0.005210639473469523
original	54	55	80.646	80.576	-0.07000000000000739	4	2	0	10	3.869125788903555e-05	6.290221153171238e-06	0.0	2.097631734013713	2.0976950377480437	6.330373433049985e-05	5.131185247525678e-05
original	54	55	80.646	80.576	-0.07000000000000739	4	2	0	11	2.906368508522675e-05	4.832876172256029e-06	0.0	1.932518035321539	1.9340433366409748	0.0015253013194358456	0.00018642669320106736
original	54	55	80.646	80.576	-0.07000000000000739	5	2	1	0	7.20879891119397e-05	0.00012359805438144633	0.00510204081632653	3.2067869788491823	3.204766359167436	0.002020619681746272	0.005499788827994543
original	54	55	80.646	80.576	-0.07000000000000739	5	2	1	1	4.233299774908329e-05	0.00010753647461159144	0.03571428571428571	3.5596592643752047	3.5595516382193146	0.00010762615589010593	0.035874917802235395
original	54	55	80.646	80.576	-0.07000000000000739	5	2	1	2	4.242841898960162e-05	9.343900652181159e-05	0.02040816326530612	3.3880130730974103	3.3884409644967186	0.0004278913993083222	0.020586819830748365
original	54	55	80.646	80.576	-0.07000000000000739	5	2	1	3	5.705356905380603e-05	2.9237694358252853e-05	0.00510204081632653	2.510373639235668	2.512603276005909	0.002229636770241239	0.005411295756762713
original	54	55	80.646	80.576	-0.07000000000000739	5	2	1	4	5.622848962364905e-05	3.7606831121528295e-05	0.01020408163265306	2.5311826259857875	2.533638087931246	0.002455461945458648	0.010543463147944103
original	54	55	80.646	80.576	-0.07000000000000739	5	2	1	5	5.2951476579191735e-05	2.0457421834541023e-05	0.0	2.1625238531607383	2.1592121178116312	0.0033117353491070034	0.0004045824333244331
original	54	55	80.646	80.576	-0.07000000000000739	5	2	1	6	4.5247313346552206e-05	7.19503756141382e-05	0.00510204081632653	3.1724063640544267	3.171326750809914	0.0010796132445127782	0.005327199829738498
original	54	55	80.646	80.576	-0.07000000000000739	5	2	1	7	2.2568988529371076e-05	1.2193312642128085e-05	0.0	2.10478567174903	2.10490303056391	0.00011735881487995314	4.649818265949448e-05
original	54	55	80.646	80.576	-0.07000000000000739	5	2	1	8	3.336491384879804e-05	1.4478275080720415e-05	0.0	2.1722300189221206	2.1720885005506707	0.0001415183714499335	6.19950260745118e-05
original	54	55	80.646	80.576	-0.07000000000000739	5	2	1	9	8.21489891356583e-05	0.00020388658151371253	0.03571428571428571	3.5451916021081127	3.545335801558753	0.00014419945064014783	0.0360147412299991
original	54	55	80.646	80.576	-0.07000000000000739	5	2	1	10	9.666642205913075e-05	0.00013427801228060865	0.030612244897959183	3.0723309790276434	3.0728312203421972	0.0005002413145538398	0.030893213463754305
original	54	55	80.646	80.576	-0.07000000000000739	5	2	1	11	9.275263649211481e-05	0.00010875810782795536	0.01020408163265306	2.9852683317794746	2.985302652365003	3.43205855282136e-05	0.010409024435525951
original	54	55	80.646	80.576	-0.07000000000000739	6	2	2	0	5.727978867462099e-05	0.00018334523444896167	0.04081632653061224	3.755024329721848	3.754877833448454	0.00014649627339435867	0.04107160118107526
original	54	55	80.646	80.576	-0.07000000000000739	6	2	2	1	3.599839753475326e-05	0.00010539412637566858	0.07653061224489796	3.7103918200206287	3.7114648594263238	0.001073039405695031	0.07677930870937788
original	54	55	80.646	80.576	-0.07000000000000739	6	2	2	2	9.343425507501887e-05	0.0002938691729617027	0.0663265306122449	3.7206422756541744	3.720683426402814	4.11507486397511e-05	0.0667179491151456
original	54	55	80.646	80.576	-0.07000000000000739	6	2	2	3	3.62938155162442e-05	8.663194313029976e-05	0.030612244897959183	3.5942532628241994	3.5965047323130133	0.0022514694888138287	0.03096031760548711
original	54	55	80.646	80.576	-0.07000000000000739	6	2	2	4	9.632585413135691e-05	0.000252899297195297	0.025510204081632654	3.6273207908272407	3.6281134380279028	0.0007926472006620777	0.025938693953025515
original	54	55	80.646	80.576	-0.07000000000000739	6	2	2	5	1.815403309785656e-05	2.7178831633722922e-05	0.0	2.6035220699026747	2.602639293715581	0.0008827761870935369	0.00013361048344093316
original	54	55	80.646	80.576	-0.07000000000000739	6	2	2	6	3.312736685376165e-05	0.00011136934509414775	0.05102040816326531	3.8180378021355725	3.818436628353701	0.00039882621812825647	0.05120478749702605
original	54	55	80.646	80.576	-0.07000000000000739	6	2	2	7	5.962344847861398e-05	5.626858901841558e-05	0.015306122448979591	3.0099702422718817	3.0099309106753127	3.933159656899221e-05	0.01542594764613352
original	54	55	80.646	80.576	-0.07000000000000739	6	2	2	8	7.541555485870451e-05	0.00015274709590984425	0.02040816326530612	3.435561035041252	3.436598105147038	0.0010370701057857978	0.02074003292665325
original	54	55	80.646	80.576	-0.07000000000000739	6	2	2	9	6.902267970875309e-05	5.231210735345826e-05	0.0	2.670863407796075	2.6720927405923196	0.0012293327962447087	0.00024426806668668223
original	54	55	80.646	80.576	-0.07000000000000739	6	2	2	10	7.551998808955593e-05	7.605289275425253e-05	0.02040816326530612	2.8397629089630207	2.840310876911273	0.0005479679482522926	0.020614532940975157
original	54	55	80.646	80.576	-0.07000000000000739	6	2	2	11	4.84028371998421e-05	0.00015781524226521348	0.07653061224489796	3.73578993692643	3.7365973181111376	0.0008073811847078005	0.0768175684428338
original	54	55	80.646	80.576	-0.07000000000000739	7	2	3	0	8.43649186597794e-05	6.643318101362539e-05	0.02040816326530612	2.7212859614671245	2.719112888986231	0.002173072480893712	0.020776268613068898
original	54	55	80.646	80.576	-0.07000000000000739	7	2	3	1	0.00012624622999990215	4.3001646361284784e-05	0.0	2.451295248593018	2.451940774418642	0.0006455258256239382	0.00023380045892358077
original	54	55	80.646	80.576	-0.07000000000000739	7	2	3	2	9.066592424504663e-05	7.315801581875281e-05	0.00510204081632653	2.677244250788048	2.674973265925644	0.0022709848624038464	0.005492963242630715
original	54	55	80.646	80.576	-0.07000000000000739	7	2	3	3	3.4033156513944896e-05	9.040730054066248e-05	0.0	3.6143165709602094	3.6143942579310178	7.768697080834386e-05	0.00013220915413544176
original	54	55	80.646	80.576	-0.07000000000000739	7	2	3	4	9.506527210657078e-05	0.0002409283454497535	0.03571428571428571	3.5978281117709208	3.5983399262726516	0.0005118145017308784	0.03610146078201513
original	54	55	80.646	80.576	-0.07000000000000739	7	2	3	5	7.98408588264735e-05	4.94756725415435e-05	0.00510204081632653	2.225489477115954	2.2224121346444656	0.0030773424714882758	0.005539091594843375
original	54	55	80.646	80.576	-0.07000000000000739	7	2	3	6	0.00010674599695879739	0.0002486309017001309	0.04081632653061224	3.484680279527074	3.484613965515387	6.631401168677442e-05	0.041178334830439846
original	54	55	80.646	80.576	-0.07000000000000739	7	2	3	7	7.175131729699583e-05	0.0001599350696055435	0.025510204081632654	3.3923769995627557	3.3918401146209645	0.0005368849417912713	0.02579557896271432
original	54	55	80.646	80.576	-0.07000000000000739	7	2	3	8	5.269469466942861e-05	7.668230071189441e-05	0.01020408163265306	3.1130826293546114	3.1129863424600583	9.628689455309924e-05	0.010343087317489693
original	54	55	80.646	80.576	-0.07000000000000739	7	2	3	9	0.00010413648679076442	0.00021706104762175826	0.015306122448979591	3.4224887303975353	3.4217969532576586	0.0006917771398766703	0.015696497697379783
original	54	55	80.646	80.576	-0.07000000000000739	7	2	3	10	6.335355682113373e-05	3.9838968388439255e-05	0.0	2.0435831505382382	2.0430453893223497	0.0005377612158885547	0.00015696864679842846
original	54	55	80.646	80.576	-0.07000000000000739	7	2	3	11	0.00012273620320210496	0.0003300566963037044	0.025510204081632654	3.6620272218700185	3.6629049610732594	0.0008777392032408571	0.02605077090146255
original	54	55	80.646	80.576	-0.07000000000000739	8	2	4	0	0.00015077434746273006	0.0003736241097455073	0.0	3.588223118923315	3.586993197023821	0.001229921899494002	0.0006473906471576376
original	54	55	80.646	80.576	-0.07000000000000739	8	2	4	1	0.00010331261694823122	0.0002734243298168071	0.04591836734693878	3.618830147963866	3.618923336781222	9.318881735609352e-05	0.046304423175439424
original	54	55	80.646	80.576	-0.07000000000000739	8	2	4	2	0.0001357198216690953	0.00043428325220684627	0.05102040816326531	3.7706375256352906	3.7705241557930966	0.00011336984219401103	0.05160174822136065
original	54	55	80.646	80.576	-0.07000000000000739	8	2	4	3	0.00013948993812504728	0.00040175123940844326	0.05102040816326531	3.6962681954027445	3.6965731110139592	0.00030491561121470667	0.05159214090192027
original	54	55	80.646	80.576	-0.07000000000000739	8	2	4	4	2.3035674273428618e-05	8.295101665523053e-05	0.04591836734693878	3.6867041407483705	3.686916077837862	0.00021193708949152068	0.04604554774681659
original	54	55	80.646	80.576	-0.07000000000000739	8	2	4	5	0.00013224229711427223	0.0002479046453124356	0.030612244897959183	3.4259917173584844	3.4265988757232906	0.0006071583648061818	0.031053107676866507
original	54	55	80.646	80.576	-0.07000000000000739	8	2	4	6	8.530975050454419e-05	0.0002678895069887499	0.030612244897959183	3.697888494941479	3.698625227717247	0.0007367327757679121	0.031039117433029267
original	54	55	80.646	80.576	-0.07000000000000739	8	2	4	7	9.692707700462201e-05	0.0002973899466844898	0.03571428571428571	3.6787613168082096	3.6775408215718968	0.0012204952363128463	0.03623065226160611
original	54	55	80.646	80.576	-0.07000000000000739	8	2	4	8	5.1197327218778404e-05	0.0001318923778417247	0.025510204081632654	3.536217821535304	3.5368830536498628	0.0006652321145588225	0.02575981699814904
original	54	55	80.646	80.576	-0.07000000000000739	8	2	4	9	8.042021429746346e-05	0.00015381927944502216	0.07142857142857142	3.6347125475561084	3.6333435262709055	0.0013690212852028871	0.0717997130508342
original	54	55	80.646	80.576	-0.07000000000000739	8	2	4	10	8.917839823978996e-05	0.0001987071698983378	0.02040816326530612	3.5481242280301504	3.5463460322774587	0.0017781957526916692	0.020873868408713418
original	54	55	80.646	80.576	-0.07000000000000739	8	2	4	11	0.00014379700581011395	0.0003437769156674486	0.0663265306122449	3.5979452366045015	3.5955986904579467	0.0023465461465548287	0.06704875914837795
original	54	55	80.646	80.576	-0.07000000000000739	9	2	5	0	0.00015017289792464248	0.00026563249835709346	0.025510204081632654	3.214084689871387	3.213112061339783	0.0009726285316036254	0.02602327233107475
original	54	55	80.646	80.576	-0.07000000000000739	9	2	5	1	0.0001461046419142504	0.0002550220907611145	0.04081632653061224	3.2081102667972643	3.2063497163562755	0.0017605504409887729	0.04139350830738649
original	54	55	80.646	80.576	-0.07000000000000739	9	2	5	2	0.00015301749862009354	0.00010297821078886216	0.05612244897959184	2.8978526288585162	2.9077806130151505	0.009927984156634206	0.05737124310466422
original	54	55	80.646	80.576	-0.07000000000000739	9	2	5	3	0.00013759487512303832	0.0002838936256649438	0.025510204081632654	3.377334757071886	3.3764990169747207	0.0008357400971652496	0.02601526659213716
original	54	55	80.646	80.576	-0.07000000000000739	9	2	5	4	0.00010289375473197644	0.00014695557263688652	0.02040816326530612	3.0642946520820162	3.062330679569157	0.001963972512859069	0.02085440984396089
original	54	55	80.646	80.576	-0.07000000000000739	9	2	5	5	4.857493135869351e-05	0.00012949647194815395	0.02040816326530612	3.5140125897642354	3.513172061219795	0.0008405285444403887	0.020670287523057006
original	54	55	80.646	80.576	-0.07000000000000739	9	2	5	6	0.00013813802102562677	0.0003507877223439815	0.025510204081632654	3.6549211113615585	3.6552430768450512	0.00032196548349272547	0.026031326373351534
original	54	55	80.646	80.576	-0.07000000000000739	9	2	5	7	0.0001593932329446495	0.00033068305815608934	0.04591836734693878	3.4131352549264515	3.4147480657222364	0.0016128107957849025	0.046569724717618007
original	54	55	80.646	80.576	-0.07000000000000739	9	2	5	8	0.00010687413848553757	0.00013665808683926972	0.0	3.0259678092631317	3.0269072848465783	0.0009394755834466473	0.000337479783669472
original	54	55	80.646	80.576	-0.07000000000000739	9	2	5	9	0.0001454244168576746	0.0002757240226644031	0.04591836734693878	3.2729274239529653	3.2743935073337487	0.0014660833807833562	0.04648612412453919
original	54	55	80.646	80.576	-0.07000000000000739	9	2	5	10	0.0001526002994644067	0.0003205926519458391	0.025510204081632654	3.2987189444607057	3.2975152301149646	0.0012037143457410693	0.026103768467617007
original	54	55	80.646	80.576	-0.07000000000000739	9	2	5	11	9.86198882438363e-05	0.00021435855572193852	0.04591836734693878	3.292084111879154	3.2923858910544803	0.00030177917532636656	0.04626152370843719
original	54	55	80.646	80.576	-0.07000000000000739	10	3	0	0	0.0006035634602185871	0.0013939537576966865	0.04081632653061224	3.2996080971361574	3.3033277532744494	0.003719656138291949	0.04318580936235671
original	54	55	80.646	80.576	-0.07000000000000739	10	3	0	1	0.0006705036095823547	0.001297858830257237	0.04591836734693878	3.261624218567372	3.265525304037452	0.0039010854700798347	0.04827683833378635
original	54	55	80.646	80.576	-0.07000000000000739	10	3	0	2	0.0009145313827897901	0.001454209194414191	0.00510204081632653	3.233022499062692	3.2321616947862934	0.0008608042763986745	0.007556861821170379
original	54	55	80.646	80.576	-0.07000000000000739	10	3	0	3	0.0007353012090149104	0.0016143072162845273	0.04591836734693878	3.4119003387110105	3.4142144393880156	0.0023141006770051042	0.04849938583993873
original	54	55	80.646	80.576	-0.07000000000000739	10	3	0	4	0.0006034187122350378	0.0011876263781309682	0.01020408163265306	3.349734540268149	3.356503391284719	0.006768851016569766	0.012672011824676043
original	54	55	80.646	80.576	-0.07000000000000739	10	3	0	5	0.0010523364536485552	0.001626512649284928	0.01020408163265306	2.8720202881746766	2.8652927771565753	0.006727511018101318	0.013555681837396676
original	54	55	80.646	80.576	-0.07000000000000739	10	3	0	6	0.0006665742748075446	0.0014511836904488318	0.00510204081632653	3.378122353849848	3.3841846005799425	0.006062246730094589	0.007826023454592365
original	54	55	80.646	80.576	-0.07000000000000739	10	3	0	7	0.00021806265943009144	0.0006230534696561874	0.01020408163265306	3.604891963137286	3.604608192566158	0.0002837705711282723	0.011073574818852168
original	54	55	80.646	80.576	-0.07000000000000739	10	3	0	8	0.0007374010658851648	0.0014085701904684722	0.0663265306122449	3.154864395803818	3.1554534063833826	0.0005890105795645084	0.06853140292655499
original	54	55	80.646	80.576	-0.07000000000000739	10	3	0	9	0.00019090564696734244	0.0005494656792967012	0.030612244897959183	3.400732649175564	3.396429144397847	0.0043035047777171265	0.03178296670199494
original	54	55	80.646	80.576	-0.07000000000000739	10	3	0	10	0.0006661521306873915	0.0014100187815496712	0.061224489795918366	3.348027918486093	3.3459003271088177	0.002127591377275362	0.06351341984588296
original	54	55	80.646	80.576	-0.07000000000000739	10	3	0	11	0.0006311474312948834	0.001389289758324752	0.04591836734693878	3.3502807026492656	3.356859620607003	0.006578917957737573	0.04859669633233217
original	54	55	80.646	80.576	-0.07000000000000739	10	3	0	12	0.000562886855152658	0.0012233427696982657	0.061224489795918366	3.2610048376426746	3.27221320812123	0.011208370478555274	0.06413155646862481
original	54	55	80.646	80.576	-0.07000000000000739	10	3	0	13	0.0008073678751220158	0.0011970807469920963	0.030612244897959183	3.334065242128204	3.3347951485070717	0.0007299063788677174	0.032689684157960065
original	54	55	80.646	80.576	-0.07000000000000739	10	3	0	14	0.00032618885625302144	0.0007889596230524765	0.030612244897959183	3.371462163843186	3.3621619398090394	0.009300224034146432	0.03265741578067933
original	54	55	80.646	80.576	-0.07000000000000739	10	3	0	15	0.0005799808532751794	0.0011758981116687384	0.00510204081632653	3.1062916618239917	3.1020638341961657	0.004227827627826031	0.007280702544053051
original	54	55	80.646	80.576	-0.07000000000000739	10	3	0	16	0.000642352334764046	0.0014454369815528612	0.05612244897959184	3.3731440607037255	3.373459623234746	0.0003155625310204968	0.058241794549010795
original	54	55	80.646	80.576	-0.07000000000000739	10	3	0	17	0.0006799606505181741	0.0016501950177123526	0.04591836734693878	3.281298789914691	3.2877165384609066	0.006417748546215574	0.048890297869790864
original	54	55	80.646	80.576	-0.07000000000000739	10	3	0	18	0.0004004498472287945	0.0010172580917818808	0.0	3.5903083451685998	3.5848610007480017	0.0054473444205980215	0.0019624423810704773
original	54	55	80.646	80.576	-0.07000000000000739	10	3	0	19	0.0005066352198941587	0.0009278118309323791	0.01020408163265306	3.381995664448796	3.375320479776415	0.006675184672380929	0.01230604715071769
original	54	55	80.646	80.576	-0.07000000000000739	10	3	0	20	0.0005682096641908865	0.001017048415922428	0.025510204081632654	2.9859946462199143	2.9945497531526497	0.008555106932735423	0.02795097285501951
original	54	55	80.646	80.576	-0.07000000000000739	10	3	0	21	0.0002716500971354731	0.0008114284314970632	0.05612244897959184	3.5369859682638243	3.537644928594883	0.0006589603310587222	0.057271423541330246
original	54	55	80.646	80.576	-0.07000000000000739	10	3	0	22	0.0006899820416179136	0.0014067906241717054	0.04591836734693878	3.3334904996097356	3.339017964331535	0.0055274647217995465	0.048567886484908354
original	54	55	80.646	80.576	-0.07000000000000739	10	3	0	23	0.0006447049567246729	0.0013792447736584723	0.025510204081632654	3.2556665251894987	3.2549834874223302	0.0006830377671684928	0.02760245758873265
original	54	55	80.646	80.576	-0.07000000000000739	11	3	1	0	3.949199420129382e-05	0.00012062886730479505	0.015306122448979591	3.4251992285306185	3.425283942434142	8.47139035236033e-05	0.015474714700838041
original	54	55	80.646	80.576	-0.07000000000000739	11	3	1	1	0.0002792135433477996	0.0006602423923433021	0.02040816326530612	3.58329703668594	3.5922213503147873	0.008924313628847269	0.022240050563881952
original	54	55	80.646	80.576	-0.07000000000000739	11	3	1	2	0.0002711170404411716	0.0005986988701952578	0.02040816326530612	3.5002601398034296	3.495152551583486	0.005107588219943615	0.021788737997936913
original	54	55	80.646	80.576	-0.07000000000000739	11	3	1	3	0.00034876160926776347	0.0007895221815008568	0.015306122448979591	3.521466795624525	3.53185680072735	0.01039000510282495	0.017483406750030708
original	54	55	80.646	80.576	-0.07000000000000739	11	3	1	4	0.0003050730097834838	0.0007270732524901069	0.00510204081632653	3.5897569602603183	3.5830086628979623	0.006748297362356048	0.006809016814835725
original	54	55	80.646	80.576	-0.07000000000000739	11	3	1	5	0.00010910576494137967	0.0003150403837594018	0.04591836734693878	3.523597632574107	3.522745500567546	0.0008521320065608684	0.04642772669629565
original	54	55	80.646	80.576	-0.07000000000000739	11	3	1	6	0.00027706929225431327	0.0005869591859860579	0.02040816326530612	3.421188625244798	3.41920209995323	0.0019865252915680642	0.021470844272703297
original	54	55	80.646	80.576	-0.07000000000000739	11	3	1	7	0.00025197080364390654	0.0006879094279343967	0.03571428571428571	3.621349709215028	3.614708090045879	0.00664161916914896	0.03731832786277891
original	54	55	80.646	80.576	-0.07000000000000739	11	3	1	8	0.0002954266909318731	0.0006387371072540393	0.030612244897959183	3.4673991272414812	3.465924069622558	0.0014750576189230813	0.0316939144580374
original	54	55	80.646	80.576	-0.07000000000000739	11	3	1	9	0.0003906914704059116	0.0006459760163559647	0.00510204081632653	3.3364082171071465	3.328804068245779	0.007604148861367399	0.006899123189225146
original	54	55	80.646	80.576	-0.07000000000000739	11	3	1	10	0.0003029651386401883	0.0007567617597393772	0.0	3.544411101122808	3.5558696940341616	0.011458592911353538	0.002205586189514919
original	54	55	80.646	80.576	-0.07000000000000739	11	3	1	11	0.0003280466630804277	0.0007058343935308908	0.015306122448979591	3.5248655086300533	3.5312050339485634	0.00633952531851012	0.01697395603744192
original	54	55	80.646	80.576	-0.07000000000000739	11	3	1	12	0.0002525527649890549	0.0005181301330982047	0.03571428571428571	3.4512621140239705	3.4541612742777223	0.002899160253751809	0.036774884637748154
original	54	55	80.646	80.576	-0.07000000000000739	11	3	1	13	0.0003156588177485392	0.0007230739048893486	0.025510204081632654	3.5684878996050973	3.565662943315251	0.0028249562898463587	0.026831432433255177
original	54	55	80.646	80.576	-0.07000000000000739	11	3	1	14	0.00017084567680078478	0.0004928155140427881	0.04591836734693878	3.571678762890765	3.5761865471236565	0.004507784232891332	0.04703280696107148
original	54	55	80.646	80.576	-0.07000000000000739	11	3	1	15	0.0002395066503923008	0.0006571609909600262	0.04081632653061224	3.643457890087366	3.642709193787459	0.0007486962999072588	0.041787863801955295
original	54	55	80.646	80.576	-0.07000000000000739	11	3	1	16	0.00022854052802006854	0.0005425726549186383	0.025510204081632654	3.6177637905138944	3.617644254586182	0.0001195359277121888	0.02629327085734258
original	54	55	80.646	80.576	-0.07000000000000739	11	3	1	17	0.00025900145705132064	0.0006228286319014398	0.02040816326530612	3.5590696341485932	3.55571416748362	0.003355466664973328	0.021625540020756215
original	54	55	80.646	80.576	-0.07000000000000739	11	3	1	18	0.00035955909797794983	0.0007713317573994072	0.02040816326530612	3.513340395175141	3.5099536323571194	0.003386762818021527	0.021877730402485633
original	54	55	80.646	80.576	-0.07000000000000739	11	3	1	19	0.0003395646372085959	0.0007770037857465217	0.030612244897959183	3.45352435087854	3.456778903518842	0.0032545526403020553	0.032054268584944506
original	54	55	80.646	80.576	-0.07000000000000739	11	3	1	20	0.0002913521590932132	0.0006404637611596709	0.02040816326530612	3.526522316490967	3.5259827446269343	0.0005395718640328617	0.02139393637196229
original	54	55	80.646	80.576	-0.07000000000000739	11	3	1	21	0.00027108231352859763	0.0005814068862963762	0.00510204081632653	3.422011633417535	3.4214395313352757	0.0005721020822591072	0.006011740224377415
original	54	55	80.646	80.576	-0.07000000000000739	11	3	1	22	0.0002369515633875792	0.0005478370313652947	0.02040816326530612	3.485939529856324	3.4836989787839205	0.002240551072403285	0.021417006967299323
original	54	55	80.646	80.576	-0.07000000000000739	11	3	1	23	0.00024161776040250104	0.00042928000579534054	0.04081632653061224	3.317379601606643	3.318918368177769	0.001538766571126171	0.041641100953922705
original	55	56	80.576	80.536	-0.03999999999999204	0	0	0	0	9.812631145114275e-07	3.1217407140404774e-06	0.0	3.775077663810921	3.7756589927552042	0.0005813289442833103	6.223589825688294e-05
original	55	56	80.576	80.536	-0.03999999999999204	0	0	0	1	4.832254354021627e-07	2.2875101157726618e-07	0.0	2.235281906287483	2.235068323070678	0.00021358321680509107	2.2070298127488537e-05
original	55	56	80.576	80.536	-0.03999999999999204	0	0	0	2	1.1723766224142085e-06	4.302394661093167e-06	0.0	3.824461432088355	3.8241358956366294	0.00032553645172583856	3.8028416456091233e-05
original	55	56	80.576	80.536	-0.03999999999999204	1	0	1	0	3.85236753802738e-06	1.2432510694604382e-05	0.015306122448979591	3.723331978120937	3.722746553984679	0.0005854241362581725	0.015380949740838042
original	55	56	80.576	80.536	-0.03999999999999204	1	0	1	1	4.968660480965701e-06	1.627473492304965e-06	0.00510204081632653	2.0453738058085422	2.0479992639330167	0.0026254581244744557	0.005371182762747247
original	55	56	80.576	80.536	-0.03999999999999204	1	0	1	2	2.495900600486439e-06	8.143720791387032e-06	0.00510204081632653	3.736474475035507	3.736068626653058	0.00040584838244894783	0.005153265275963299
original	55	56	80.576	80.536	-0.03999999999999204	2	1	0	0	6.608143754654126e-06	1.8915851863421373e-05	0.02040816326530612	3.790862125170499	3.7908005804217852	6.154474871378213e-05	0.020439841735795578
original	55	56	80.576	80.536	-0.03999999999999204	2	1	0	1	6.979470988970592e-06	2.3034936721955113e-05	0.030612244897959183	3.7757924812394155	3.775608421319795	0.00018405991962033852	0.03066066529763214
original	55	56	80.576	80.536	-0.03999999999999204	2	1	0	2	2.6970873318338145e-05	5.463630715962786e-06	0.01020408163265306	1.770845828658661	1.7768477306548751	0.006001901996214087	0.01083670633630877
original	55	56	80.576	80.536	-0.03999999999999204	2	1	0	3	2.7917059069099164e-05	3.232157189780871e-06	0.02040816326530612	1.4314066349272938	1.4351712494706033	0.0037646145433094524	0.020815773935895947
original	55	56	80.576	80.536	-0.03999999999999204	2	1	0	4	3.262056842840024e-05	1.4745226996071281e-06	0.030612244897959183	0.8222696998232787	0.8252531359249028	0.002983436101624104	0.0309446835992496
original	55	56	80.576	80.536	-0.03999999999999204	2	1	0	5	3.050230913108318e-05	1.5057370331694742e-06	0.030612244897959183	0.9836643678561312	0.985311538796336	0.001647170940204834	0.03080897003814392
original	55	56	80.576	80.536	-0.03999999999999204	3	1	1	0	4.435365260216512e-06	7.343296175688074e-06	0.00510204081632653	3.090534632812391	3.090643595543183	0.00010896273079197272	0.005124715750841632
original	55	56	80.576	80.536	-0.03999999999999204	3	1	1	1	1.644845814648712e-05	7.401640284343536e-06	0.00510204081632653	1.9136404187816272	1.914062566818486	0.0004221480368589159	0.005168105718443253
original	55	56	80.576	80.536	-0.03999999999999204	3	1	1	2	1.9949169200386336e-05	2.6962603278168906e-05	0.00510204081632653	3.0309663701519525	3.0329853490319842	0.0020189788800317743	0.005350850476808263
original	55	56	80.576	80.536	-0.03999999999999204	3	1	1	3	3.2428129952992617e-05	6.826437939300156e-05	0.02040816326530612	3.405049970050733	3.4057384877868646	0.0006885177361315442	0.02057770754826527
original	55	56	80.576	80.536	-0.03999999999999204	3	1	1	4	1.736903783523762e-05	1.1686099524399474e-05	0.0	2.7340607914805957	2.7357857561606562	0.001724964680060559	0.000201551605365693
original	55	56	80.576	80.536	-0.03999999999999204	3	1	1	5	1.2682460361976254e-05	2.3066495209778104e-05	0.0	3.2804883038002988	3.281915607624679	0.0014273038243803882	0.00017847933800979317
original	55	56	80.576	80.536	-0.03999999999999204	4	2	0	0	2.5088788556355468e-05	1.8568748415659364e-05	0.0	2.6190479568342933	2.620827252817298	0.0017792959830047472	0.00022158713527248958
original	55	56	80.576	80.536	-0.03999999999999204	4	2	0	1	2.632134341406509e-05	3.546142860810786e-05	0.00510204081632653	3.419827917933252	3.42070906299226	0.0008811450590080483	0.005251938094249508
original	55	56	80.576	80.536	-0.03999999999999204	4	2	0	2	5.153168831115767e-05	0.0001389230917758777	0.02040816326530612	3.6214466021352774	3.6206263486372414	0.0008202534980359388	0.020680643395196752
original	55	56	80.576	80.536	-0.03999999999999204	4	2	0	3	6.21486091724624e-05	0.00017318714095460042	0.04591836734693878	3.698892258592017	3.6979657787000213	0.0009264798919956796	0.04624635108626541
original	55	56	80.576	80.536	-0.03999999999999204	4	2	0	4	2.6826185439635832e-05	8.491992584447328e-05	0.015306122448979591	3.776552984967086	3.7762920409730154	0.00026094399407039504	0.01544396295967074
original	55	56	80.576	80.536	-0.03999999999999204	4	2	0	5	3.131707352654412e-05	9.619659382620327e-06	0.01020408163265306	2.110923579063805	2.109274322650404	0.00164925641340119	0.010409944006902344
original	55	56	80.576	80.536	-0.03999999999999204	4	2	0	6	3.935336719138977e-05	1.108908600544467e-05	0.01020408163265306	2.25911033616047	2.2582484805682186	0.0008618555922512705	0.010340709645075021
original	55	56	80.576	80.536	-0.03999999999999204	4	2	0	7	2.4307542619976596e-05	8.619839267653973e-05	0.05612244897959184	3.8361833517811177	3.83623019375709	4.6841975972267136e-05	0.05623763911248558
original	55	56	80.576	80.536	-0.03999999999999204	4	2	0	8	3.303904164984761e-05	0.00012426887368832684	0.09693877551020408	3.850312404322523	3.8503580575511407	4.565322861749266e-05	0.097100648748404
original	55	56	80.576	80.536	-0.03999999999999204	4	2	0	9	1.5053518935041771e-05	2.9274677824542295e-05	0.02040816326530612	3.3756288611716916	3.3760997905654113	0.0004709293937197323	0.02049958440143768
original	55	56	80.576	80.536	-0.03999999999999204	4	2	0	10	4.139655185318814e-05	6.5728531503106424e-06	0.0	2.0976950377480437	2.0999833413528086	0.002288303604764952	0.00027679976547999394
original	55	56	80.576	80.536	-0.03999999999999204	4	2	0	11	2.8450336407415522e-05	5.324172137055605e-06	0.0	1.9340433366409748	1.933882027110337	0.00016130953063786535	4.990546160825766e-05
original	55	56	80.576	80.536	-0.03999999999999204	5	2	1	0	6.933355718231214e-05	0.00010984554985149497	0.015306122448979591	3.204766359167436	3.204989913713845	0.00022355454640887729	0.015507657010654286
original	55	56	80.576	80.536	-0.03999999999999204	5	2	1	1	4.599478150495124e-05	0.0001221673338900331	0.04081632653061224	3.5595516382193146	3.559098060071995	0.000453578147319611	0.041029846460739185
original	55	56	80.576	80.536	-0.03999999999999204	5	2	1	2	3.674086426789503e-05	7.44101140340847e-05	0.015306122448979591	3.3884409644967186	3.3891522791038278	0.0007113146071091592	0.015488404887992488
original	55	56	80.576	80.536	-0.03999999999999204	5	2	1	3	5.722356867589773e-05	3.88214593949332e-05	0.01020408163265306	2.512603276005909	2.5120937249292155	0.0005095510766937039	0.010351081768393262
original	55	56	80.576	80.536	-0.03999999999999204	5	2	1	4	5.303702513917912e-05	3.488467150103425e-05	0.015306122448979591	2.533638087931246	2.533916611373504	0.00027852344225776093	0.015421896489845582
original	55	56	80.576	80.536	-0.03999999999999204	5	2	1	5	5.1456922939060596e-05	1.4339753239056563e-05	0.0	2.1592121178116312	2.161846865779364	0.0026347479677326646	0.00032927147295138364
original	55	56	80.576	80.536	-0.03999999999999204	5	2	1	6	4.3139060668827805e-05	6.95762439093528e-05	0.01020408163265306	3.171326750809914	3.1722482441837525	0.0009214933738386222	0.010408946274615102
original	55	56	80.576	80.536	-0.03999999999999204	5	2	1	7	2.144876888940433e-05	1.0460301100079228e-05	0.0	2.10490303056391	2.1064643735297546	0.0015613429658447586	0.00018804336657395944
original	55	56	80.576	80.536	-0.03999999999999204	5	2	1	8	3.02023592238359e-05	1.1599427124031614e-05	0.00510204081632653	2.1720885005506707	2.1730404235074907	0.000951922956820006	0.005239034898356398
original	55	56	80.576	80.536	-0.03999999999999204	5	2	1	9	8.405454304385528e-05	0.00020764765133041152	0.04081632653061224	3.545335801558753	3.5454571126324956	0.00012131107374280248	0.04112015983236079
original	55	56	80.576	80.536	-0.03999999999999204	5	2	1	10	9.748571165108941e-05	0.00013490561802409484	0.015306122448979591	3.0728312203421972	3.074910933336903	0.0020797129947056625	0.015746485078125344
original	55	56	80.576	80.536	-0.03999999999999204	5	2	1	11	8.914470090737072e-05	0.00010145897498914369	0.01020408163265306	2.985302652365003	2.985712062462396	0.00040941009739325906	0.010435626318288902
original	55	56	80.576	80.536	-0.03999999999999204	6	2	2	0	5.515725014201517e-05	0.00016702484470121348	0.030612244897959183	3.754877833448454	3.7555367727382594	0.000658939289805538	0.030900320921782964
original	55	56	80.576	80.536	-0.03999999999999204	6	2	2	1	3.9473831756004884e-05	0.00011797552903991537	0.05102040816326531	3.7114648594263238	3.710374898819661	0.0010899606066625545	0.05128685358472748
original	55	56	80.576	80.536	-0.03999999999999204	6	2	2	2	9.487278019400347e-05	0.00030227284950068434	0.030612244897959183	3.720683426402814	3.7209223112288896	0.00023888482607548056	0.031033279010261417
original	55	56	80.576	80.536	-0.03999999999999204	6	2	2	3	3.384625922369922e-05	7.007452076901455e-05	0.030612244897959183	3.5965047323130133	3.595581910763403	0.0009228215496102088	0.03080844783291292
original	55	56	80.576	80.536	-0.03999999999999204	6	2	2	4	9.989730375044889e-05	0.0002667664330259223	0.01020408163265306	3.6281134380279028	3.6281136783022663	2.402743635165905e-07	0.010570769396865782
original	55	56	80.576	80.536	-0.03999999999999204	6	2	2	5	1.7664453822652274e-05	2.5203769964954326e-05	0.00510204081632653	2.602639293715581	2.603702216642665	0.0010629229270837648	0.005251201332822513
original	55	56	80.576	80.536	-0.03999999999999204	6	2	2	6	3.104031113305758e-05	0.0001034073819775605	0.0663265306122449	3.818436628353701	3.818182677418707	0.00025395093499369636	0.0664863733988549
original	55	56	80.576	80.536	-0.03999999999999204	6	2	2	7	5.964818713101721e-05	6.915497582471453e-05	0.01020408163265306	3.0099309106753127	3.011422236583087	0.0014913259077742325	0.010482017386386216
original	55	56	80.576	80.536	-0.03999999999999204	6	2	2	8	7.8372481014776e-05	0.00016412126375531244	0.02040816326530612	3.436598105147038	3.4358293529158144	0.000768752231223413	0.02072753223319855
original	55	56	80.576	80.536	-0.03999999999999204	6	2	2	9	6.905106810073456e-05	5.422913493502435e-05	0.00510204081632653	2.6720927405923196	2.6710654446650586	0.0010272959272610294	0.005328050612088392
original	55	56	80.576	80.536	-0.03999999999999204	6	2	2	10	8.227512007663517e-05	9.077658959621981e-05	0.0	2.840310876911273	2.841083604429641	0.0007727275183677662	0.00025032446150963163
original	55	56	80.576	80.536	-0.03999999999999204	6	2	2	11	4.440614954585249e-05	0.00013863476950237708	0.07653061224489796	3.7365973181111376	3.736511849684278	8.546842685941414e-05	0.07672220000663214
original	55	56	80.576	80.536	-0.03999999999999204	7	2	3	0	8.352492129373552e-05	6.018090886772409e-05	0.015306122448979591	2.719112888986231	2.725275440233254	0.006162551247023362	0.016066083403843388
original	55	56	80.576	80.536	-0.03999999999999204	7	2	3	1	0.0001276594487956931	4.3494984082514954e-05	0.02040816326530612	2.451940774418642	2.4586593465151036	0.006718572096461539	0.021251174907830482
original	55	56	80.576	80.536	-0.03999999999999204	7	2	3	2	9.848372698976964e-05	7.547492608916961e-05	0.00510204081632653	2.674973265925644	2.681879081597853	0.006905815672208604	0.00596658103662633
original	55	56	80.576	80.536	-0.03999999999999204	7	2	3	3	3.277158560099673e-05	8.679000473854614e-05	0.0	3.6143942579310178	3.6143530497600773	4.120817094044327e-05	0.0001236824074335872
original	55	56	80.576	80.536	-0.03999999999999204	7	2	3	4	9.23020096606213e-05	0.00023540489455597946	0.03571428571428571	3.5983399262726516	3.5987220808734364	0.0003821546007847232	0.03608020807858078
original	55	56	80.576	80.536	-0.03999999999999204	7	2	3	5	8.239610432117327e-05	5.1599585343731214e-05	0.00510204081632653	2.2224121346444656	2.2274545478988514	0.0050424132543858136	0.005740277831430016
original	55	56	80.576	80.536	-0.03999999999999204	7	2	3	6	0.00011014755940194905	0.00024748871186019983	0.015306122448979591	3.484613965515387	3.486772023907713	0.0021580583923257457	0.015879564559474316
original	55	56	80.576	80.536	-0.03999999999999204	7	2	3	7	6.475758769278695e-05	0.00013202997482852918	0.03571428571428571	3.3918401146209645	3.392576105165314	0.0007359905443493631	0.03598467233124197
original	55	56	80.576	80.536	-0.03999999999999204	7	2	3	8	5.5893506589074524e-05	8.975516084264168e-05	0.015306122448979591	3.1129863424600583	3.1138691799644884	0.0008828375044300785	0.015540054866854315
original	55	56	80.576	80.536	-0.03999999999999204	7	2	3	9	0.00010877269307732587	0.00024167563721644303	0.01020408163265306	3.4217969532576586	3.4237506661708688	0.001953712913210115	0.010749901254267842
original	55	56	80.576	80.536	-0.03999999999999204	7	2	3	10	6.559379850465889e-05	4.109584124500909e-05	0.01020408163265306	2.0430453893223497	2.0463080277089776	0.0032626383866278807	0.010637035111065517
original	55	56	80.576	80.536	-0.03999999999999204	7	2	3	11	0.0001244826503177096	0.0003494572581641542	0.030612244897959183	3.6629049610732594	3.664428630160546	0.0015236690872866276	0.031238551715169708
original	55	56	80.576	80.536	-0.03999999999999204	8	2	4	0	0.0001451676894561627	0.0003554252057901275	0.02040816326530612	3.586993197023821	3.585662190116856	0.001331006906964749	0.02104185685124889
original	55	56	80.576	80.536	-0.03999999999999204	8	2	4	1	0.00010563645066457214	0.00028472314186434033	0.04591836734693878	3.618923336781222	3.6169227620178535	0.002000574763368679	0.04650878441580456
original	55	56	80.576	80.536	-0.03999999999999204	8	2	4	2	0.00013257573232773265	0.00043496910399498656	0.05612244897959184	3.7705241557930966	3.7695806180410902	0.0009435377520063959	0.0567843475911152
original	55	56	80.576	80.536	-0.03999999999999204	8	2	4	3	0.00013401101352410684	0.00039329479095839837	0.04591836734693878	3.6965731110139592	3.6942517649181923	0.002321346095766952	0.04667780776099798
original	55	56	80.576	80.536	-0.03999999999999204	8	2	4	4	2.1908347766337857e-05	7.672641731404362e-05	0.03571428571428571	3.686916077837862	3.686386609106413	0.0005294687314489899	0.035865867352510995
original	55	56	80.576	80.536	-0.03999999999999204	8	2	4	5	0.00013869572334761655	0.0002571620791980145	0.030612244897959183	3.4265988757232906	3.4247248899643714	0.0018739857589191722	0.03119550127639673
original	55	56	80.576	80.536	-0.03999999999999204	8	2	4	6	8.924637047758897e-05	0.00030532138200001224	0.04591836734693878	3.698625227717247	3.696879359787102	0.0017458679301451951	0.0464875218924309
original	55	56	80.576	80.536	-0.03999999999999204	8	2	4	7	0.00010562530223229367	0.00033450626770126224	0.025510204081632654	3.6775408215718968	3.676207362984834	0.0013334585870627969	0.02608368151027249
original	55	56	80.576	80.536	-0.03999999999999204	8	2	4	8	4.473123285296002e-05	0.00010801206222066373	0.02040816326530612	3.5368830536498628	3.5364431077166194	0.0004399459332433686	0.02060490115370408
original	55	56	80.576	80.536	-0.03999999999999204	8	2	4	9	7.990478559027209e-05	0.00017195374886436188	0.05612244897959184	3.6333435262709055	3.6333201149105334	2.3411360372094236e-05	0.05637664865008368
original	55	56	80.576	80.536	-0.03999999999999204	8	2	4	10	9.324420474991034e-05	0.0002159832040963261	0.030612244897959183	3.5463460322774587	3.5452246837606904	0.0011213485167682613	0.031033607158482246
original	55	56	80.576	80.536	-0.03999999999999204	8	2	4	11	0.0001513474122412476	0.0003888279678180284	0.061224489795918366	3.5955986904579467	3.596039810741651	0.00044112028370424383	0.06180877720434806
original	55	56	80.576	80.536	-0.03999999999999204	9	2	5	0	0.0001518629237790192	0.000271783787843205	0.04081632653061224	3.213112061339783	3.212863880430587	0.00024818090919609403	0.041264791333154076
original	55	56	80.576	80.536	-0.03999999999999204	9	2	5	1	0.0001449401517383387	0.0002698302744718051	0.03571428571428571	3.2063497163562755	3.2067378710429426	0.00038815468666708597	0.036167871609162565
original	55	56	80.576	80.536	-0.03999999999999204	9	2	5	2	0.000145114906904529	8.777329755527141e-05	0.025510204081632654	2.9077806130151505	2.9067494979554014	0.001031115059749066	0.02584620379206736
original	55	56	80.576	80.536	-0.03999999999999204	9	2	5	3	0.0001319841560748272	0.00029009380940037133	0.03571428571428571	3.3764990169747207	3.3759916066304436	0.0005074103442770372	0.036187104714188616
original	55	56	80.576	80.536	-0.03999999999999204	9	2	5	4	9.350836160361498e-05	0.0001341066492465126	0.015306122448979591	3.062330679569157	3.062508068437676	0.00017738886851903501	0.015551476346681622
original	55	56	80.576	80.536	-0.03999999999999204	9	2	5	5	4.62269536359681e-05	0.00012010437825593634	0.03571428571428571	3.513172061219795	3.512683687991862	0.0004883732279328257	0.035929454368970895
original	55	56	80.576	80.536	-0.03999999999999204	9	2	5	6	0.00014632640426451678	0.00036635898814108003	0.05102040816326531	3.6552430768450512	3.655996213570538	0.0007531367254869359	0.0516084072282196
original	55	56	80.576	80.536	-0.03999999999999204	9	2	5	7	0.0001764903028467532	0.0004171154480556716	0.015306122448979591	3.4147480657222364	3.413860432059063	0.0008876336631735704	0.015988491566199373
original	55	56	80.576	80.536	-0.03999999999999204	9	2	5	8	0.00010382093885847918	0.0001320264730093612	0.00510204081632653	3.0269072848465783	3.0294281604480777	0.002520875601499384	0.005589975788344309
original	55	56	80.576	80.536	-0.03999999999999204	9	2	5	9	0.00013591682177975536	0.0003026702790595026	0.025510204081632654	3.2743935073337487	3.274223496099166	0.00017001123458282308	0.025965792305930192
original	55	56	80.576	80.536	-0.03999999999999204	9	2	5	10	0.00015220963515686538	0.000340135216944204	0.04081632653061224	3.2975152301149646	3.299622794662019	0.002107564547054519	0.041519427837418764
original	55	56	80.576	80.536	-0.03999999999999204	9	2	5	11	0.00010354346721864249	0.00024357890594017828	0.061224489795918366	3.2923858910544803	3.2938247981619853	0.0014389071075049387	0.06171550287982768
original	55	56	80.576	80.536	-0.03999999999999204	10	3	0	0	0.0005761269422829124	0.0011010911357646203	0.04591836734693878	3.3033277532744494	3.3027700044137918	0.0005577488606576253	0.04765136031105208
original	55	56	80.576	80.536	-0.03999999999999204	10	3	0	1	0.0006055431105115593	0.0010259467018565172	0.04591836734693878	3.265525304037452	3.2672254446584774	0.0017001406210255254	0.04771987122140941
original	55	56	80.576	80.536	-0.03999999999999204	10	3	0	2	0.0008874449497354249	0.0014155484247151406	0.01020408163265306	3.2321616947862934	3.2342701595736085	0.0021084647873150786	0.012717921485835134
original	55	56	80.576	80.536	-0.03999999999999204	10	3	0	3	0.0006514102248457228	0.0012559864134180643	0.04591836734693878	3.4142144393880156	3.401205620410795	0.013008818977220393	0.049126645882924605
original	55	56	80.576	80.536	-0.03999999999999204	10	3	0	4	0.0006215875934809678	0.0010743520060018108	0.015306122448979591	3.356503391284719	3.346245895558805	0.010257495725913834	0.018027811621053755
original	55	56	80.576	80.536	-0.03999999999999204	10	3	0	5	0.0009705449424435555	0.001225197274885792	0.01020408163265306	2.8652927771565753	2.872515739990504	0.007222962833928648	0.013122120133375274
original	55	56	80.576	80.536	-0.03999999999999204	10	3	0	6	0.0006259308846467083	0.0013638111876342895	0.01020408163265306	3.3841846005799425	3.3894394755749073	0.005254874994964798	0.012719311204430539
original	55	56	80.576	80.536	-0.03999999999999204	10	3	0	7	0.0002410117415319752	0.0007265965187805978	0.00510204081632653	3.604608192566158	3.604291426965577	0.00031676560058091496	0.006101325636697194
original	55	56	80.576	80.536	-0.03999999999999204	10	3	0	8	0.0006259190970606352	0.0009091706940874689	0.04081632653061224	3.1554534063833826	3.154024898846662	0.0014285075367204136	0.042494267075432385
original	55	56	80.576	80.536	-0.03999999999999204	10	3	0	9	0.0001764540195270534	0.0004562435316365354	0.02040816326530612	3.396429144397847	3.399142330943799	0.0027131865459519844	0.021312179471064906
original	55	56	80.576	80.536	-0.03999999999999204	10	3	0	10	0.0006253378412343501	0.0011397518483253766	0.04081632653061224	3.3459003271088177	3.3503837965614762	0.0044834694526585395	0.04302976316543782
original	55	56	80.576	80.536	-0.03999999999999204	10	3	0	11	0.0006066399708327555	0.001099107239789232	0.04081632653061224	3.356859620607003	3.34112663704496	0.015732983562043223	0.04409537209743855
original	55	56	80.576	80.536	-0.03999999999999204	10	3	0	12	0.0004973403688413304	0.000918333580844255	0.04591836734693878	3.27221320812123	3.2683927808915767	0.003820427229653145	0.047716084019589676
original	55	56	80.576	80.536	-0.03999999999999204	10	3	0	13	0.0007924652109315482	0.001261894761490856	0.02040816326530612	3.3347951485070717	3.339377835363005	0.004582686855933105	0.022920791923321835
original	55	56	80.576	80.536	-0.03999999999999204	10	3	0	14	0.00033575865179416657	0.000799577760499659	0.030612244897959183	3.3621619398090394	3.367818589437964	0.005656649628924537	0.03231324627314546
original	55	56	80.576	80.536	-0.03999999999999204	10	3	0	15	0.0005742759198499397	0.0010120977227634498	0.015306122448979591	3.1020638341961657	3.111583630842578	0.009519796646412448	0.017844475756234223
original	55	56	80.576	80.536	-0.03999999999999204	10	3	0	16	0.0006260814646932944	0.0011710336316298475	0.05612244897959184	3.373459623234746	3.3683686392918935	0.005090983942852567	0.05842866247020023
original	55	56	80.576	80.536	-0.03999999999999204	10	3	0	17	0.0006312032710817429	0.0010934863817250173	0.030612244897959183	3.2877165384609066	3.2788476855855606	0.008868852875346	0.03322381983830054
original	55	56	80.576	80.536	-0.03999999999999204	10	3	0	18	0.0003941174348161663	0.0009091008667304612	0.0	3.5848610007480017	3.582060037545921	0.0028009632020808972	0.0015833146217547173
original	55	56	80.576	80.536	-0.03999999999999204	10	3	0	19	0.0005868137077947477	0.0010491879019227657	0.02040816326530612	3.375320479776415	3.376531268811684	0.0012107890352690553	0.02216524377855054
original	55	56	80.576	80.536	-0.03999999999999204	10	3	0	20	0.0006186656202087867	0.0009265444790129695	0.04081632653061224	2.9945497531526497	2.9841386653018507	0.010411087850799028	0.0434026454149139
original	55	56	80.576	80.536	-0.03999999999999204	10	3	0	21	0.0002548328392073143	0.000733391706309261	0.08163265306122448	3.537644928594883	3.5364246735103926	0.001220255084490418	0.0827429031151901
original	55	56	80.576	80.536	-0.03999999999999204	10	3	0	22	0.0006375193122689429	0.0011497608518910019	0.05612244897959184	3.339017964331535	3.338744331133412	0.0002736331981232354	0.057937092463564106
original	55	56	80.576	80.536	-0.03999999999999204	10	3	0	23	0.0006359261265437002	0.0009728820394764304	0.02040816326530612	3.2549834874223302	3.254853415275118	0.00013007214721216798	0.022029978646047468
original	55	56	80.576	80.536	-0.03999999999999204	11	3	1	0	4.176469704382486e-05	0.0001438291410782444	0.015306122448979591	3.425283942434142	3.425093590123875	0.00019035231026709454	0.01551075151812837
original	55	56	80.576	80.536	-0.03999999999999204	11	3	1	1	0.0002928762985950048	0.0007522657006280298	0.02040816326530612	3.5922213503147873	3.582522705432321	0.0096986448824663	0.022423169752775786
original	55	56	80.576	80.536	-0.03999999999999204	11	3	1	2	0.0003524712791287761	0.0008419028091060099	0.03571428571428571	3.495152551583486	3.488580390772958	0.006572160810528249	0.037565875883573324
original	55	56	80.576	80.536	-0.03999999999999204	11	3	1	3	0.0003494968433883161	0.0008464069526920026	0.030612244897959183	3.53185680072735	3.5204075807261095	0.011449220001240601	0.03295307069416356
original	55	56	80.576	80.536	-0.03999999999999204	11	3	1	4	0.0003122818841500566	0.0008116351967500934	0.01020408163265306	3.5830086628979623	3.584510854190243	0.0015021912922805747	0.011478217842781267
original	55	56	80.576	80.536	-0.03999999999999204	11	3	1	5	0.000118612290575773	0.0003314811646332183	0.07142857142857142	3.522745500567546	3.521780827747935	0.0009646728196108789	0.0719751321657415
original	55	56	80.576	80.536	-0.03999999999999204	11	3	1	6	0.00036889419320458485	0.0007999685962338798	0.025510204081632654	3.41920209995323	3.419304376095298	0.00010227614206792524	0.02668929448527791
original	55	56	80.576	80.536	-0.03999999999999204	11	3	1	7	0.0002336333894432934	0.0005978576296840066	0.04081632653061224	3.614708090045879	3.615066810044516	0.00035871999863701376	0.04168368954960324
original	55	56	80.576	80.536	-0.03999999999999204	11	3	1	8	0.00033950705889710775	0.0007292104308889158	0.03571428571428571	3.465924069622558	3.4655330197175997	0.0003910499049584182	0.03682210819456758
original	55	56	80.576	80.536	-0.03999999999999204	11	3	1	9	0.00040561611876938726	0.0007406738217259345	0.01020408163265306	3.328804068245779	3.3348426957691686	0.0060386275233894615	0.01195423432548733
original	55	56	80.576	80.536	-0.03999999999999204	11	3	1	10	0.0003501316223690124	0.0008392037814797249	0.00510204081632653	3.5558696940341616	3.5400518538115815	0.01581784022258015	0.007873160242433282
original	55	56	80.576	80.536	-0.03999999999999204	11	3	1	11	0.0003102193088380725	0.0007080797739541511	0.02040816326530612	3.5312050339485634	3.528375503925382	0.002829530023181537	0.0217094153504165
original	55	56	80.576	80.536	-0.03999999999999204	11	3	1	12	0.000266154613543982	0.0005006407571638283	0.04591836734693878	3.4541612742777223	3.4500296050869723	0.004131669190750031	0.04709832963672159
original	55	56	80.576	80.536	-0.03999999999999204	11	3	1	13	0.00030856040306064577	0.0008173047322616034	0.025510204081632654	3.565662943315251	3.5696945627412804	0.004031619426029476	0.02703923115955785
original	55	56	80.576	80.536	-0.03999999999999204	11	3	1	14	0.00017468355008462436	0.00044806159306765014	0.025510204081632654	3.5761865471236565	3.572789530564214	0.0033970165594423563	0.026472650880729164
original	55	56	80.576	80.536	-0.03999999999999204	11	3	1	15	0.00029340540877393153	0.0008067727322450535	0.04591836734693878	3.642709193787459	3.6404330821508024	0.0022761116366565304	0.04724615665162342
original	55	56	80.576	80.536	-0.03999999999999204	11	3	1	16	0.0002426671344358501	0.0005938701259494694	0.015306122448979591	3.617644254586182	3.6130420287073894	0.004602225878792776	0.016602882297244187
original	55	56	80.576	80.536	-0.03999999999999204	11	3	1	17	0.00026321433077661487	0.0007181413560997107	0.025510204081632654	3.55571416748362	3.560357535331713	0.00464336784809305	0.026955896553318284
original	55	56	80.576	80.536	-0.03999999999999204	11	3	1	18	0.00040351760228547317	0.0009223818364714198	0.025510204081632654	3.5099536323571194	3.5206579407281904	0.010704308371070947	0.027906534357496644
original	55	56	80.576	80.536	-0.03999999999999204	11	3	1	19	0.0003575959347711416	0.0007380668616093766	0.030612244897959183	3.456778903518842	3.449922372811494	0.006856530707347819	0.032393560765074485
original	55	56	80.576	80.536	-0.03999999999999204	11	3	1	20	0.0003565699015611777	0.0008106774171888764	0.030612244897959183	3.5259827446269343	3.5146978363296904	0.011284908297243934	0.032907983046433636
original	55	56	80.576	80.536	-0.03999999999999204	11	3	1	21	0.00034668311271681323	0.0007776333178660666	0.01020408163265306	3.4214395313352757	3.420694166888743	0.0007453644465327258	0.011402934507889213
original	55	56	80.576	80.536	-0.03999999999999204	11	3	1	22	0.0003210512640004349	0.0007466097248841619	0.015306122448979591	3.4836989787839205	3.475480389538632	0.008218589245288399	0.01719564236239303
original	55	56	80.576	80.536	-0.03999999999999204	11	3	1	23	0.00030454694454269975	0.0005429394887805916	0.04081632653061224	3.318918368177769	3.310333820604038	0.008584547573731172	0.04252226772130865
original	56	57	80.536	80.66	0.12399999999999523	0	0	0	0	7.576389248901464e-07	2.208406595483048e-06	0.0	3.7756589927552042	3.775537919394653	0.00012107336055100504	1.5073381575473698e-05
original	56	57	80.536	80.66	0.12399999999999523	0	0	0	1	5.569435592793462e-07	1.659787612906527e-07	0.0	2.235068323070678	2.235311261058868	0.000242937988190306	2.50167211396006e-05
original	56	57	80.536	80.66	0.12399999999999523	0	0	0	2	1.0624138000986847e-06	3.955343145789492e-06	0.0	3.8241358956366294	3.824251707942748	0.00011581230611845683	1.6598987557733858e-05
original	56	57	80.536	80.66	0.12399999999999523	1	0	1	0	3.6422120283908054e-06	1.1619866545631297e-05	0.00510204081632653	3.722746553984679	3.7231830700224977	0.00043651603781880155	0.005160954498682432
original	56	57	80.536	80.66	0.12399999999999523	1	0	1	1	3.7404437231953657e-06	1.1650996880607778e-06	0.00510204081632653	2.0479992639330167	2.0468098597892896	0.0011894041437270353	0.00522588677411049
original	56	57	80.536	80.66	0.12399999999999523	1	0	1	2	2.3744557039202935e-06	7.829486108335004e-06	0.0	3.736068626653058	3.736187953521799	0.00011932686874116527	2.2136628686371825e-05
original	56	57	80.536	80.66	0.12399999999999523	2	1	0	0	5.702476135515422e-06	1.714802784313907e-05	0.030612244897959183	3.7908005804217852	3.790882205071101	8.162464931560365e-05	0.0306432578668694
original	56	57	80.536	80.66	0.12399999999999523	2	1	0	1	7.097063450205179e-06	2.3136320169925284e-05	0.025510204081632654	3.775608421319795	3.7753753179734866	0.00023310334630854967	0.02556374779988364
original	56	57	80.536	80.66	0.12399999999999523	2	1	0	2	2.520136749532891e-05	3.7506066212777966e-06	0.00510204081632653	1.7768477306548751	1.7753435552900463	0.0015041753648288303	0.00528141032692602
original	56	57	80.536	80.66	0.12399999999999523	2	1	0	3	2.607837791563664e-05	2.154708340085243e-06	0.015306122448979591	1.4351712494706033	1.4354769230974496	0.0003056736268463034	0.015364922897919945
original	56	57	80.536	80.66	0.12399999999999523	2	1	0	4	4.0083717662175505e-05	1.6337988770764866e-06	0.025510204081632654	0.8252531359249028	0.8358008396552955	0.01054770373039271	0.026606691971211176
original	56	57	80.536	80.66	0.12399999999999523	2	1	0	5	3.064582350312478e-05	1.452280264824246e-06	0.03571428571428571	0.985311538796336	0.9852230505376449	8.848825869112176e-05	0.035755232643922774
original	56	57	80.536	80.66	0.12399999999999523	3	1	1	0	4.307745770666322e-06	7.106852394800356e-06	0.0	3.090643595543183	3.090914762977511	0.00027116743432831214	3.8531341598297894e-05
original	56	57	80.536	80.66	0.12399999999999523	3	1	1	1	1.7729880293095517e-05	7.353508151619614e-06	0.00510204081632653	1.914062566818486	1.9114661232613965	0.002596443557089545	0.0053867685604802
original	56	57	80.536	80.66	0.12399999999999523	3	1	1	2	2.0634271388961216e-05	2.7734455572803185e-05	0.00510204081632653	3.0329853490319842	3.0340229072946534	0.0010375582626691582	0.00525416536955521
original	56	57	80.536	80.66	0.12399999999999523	3	1	1	3	3.486835398859064e-05	7.726238217231618e-05	0.01020408163265306	3.4057384877868646	3.4057440890137967	5.6012269320504515e-06	0.010316772491507172
original	56	57	80.536	80.66	0.12399999999999523	3	1	1	4	1.9160642615422307e-05	1.3612122431561069e-05	0.0	2.7357857561606562	2.7356693816221367	0.00011637453851953694	4.441021889893707e-05
original	56	57	80.536	80.66	0.12399999999999523	3	1	1	5	1.1371965036618452e-05	2.1156652792342356e-05	0.0	3.281915607624679	3.281187665569405	0.0007279420552741556	0.00010532282335637636
original	56	57	80.536	80.66	0.12399999999999523	4	2	0	0	2.3050008914781502e-05	1.9882268843085527e-05	0.0	2.620827252817298	2.621330576872789	0.0005033240554910279	9.326468330696981e-05
original	56	57	80.536	80.66	0.12399999999999523	4	2	0	1	2.478209017472687e-05	3.1499439653082106e-05	0.015306122448979591	3.42070906299226	3.42039319198595	0.00031587100630980913	0.01539399107943838
original	56	57	80.536	80.66	0.12399999999999523	4	2	0	2	5.634038008261387e-05	0.00015037915237836597	0.04081632653061224	3.6206263486372414	3.621228484488862	0.000602135851620389	0.04108325964823526
original	56	57	80.536	80.66	0.12399999999999523	4	2	0	3	5.981895325360024e-05	0.000181013939293595	0.05102040816326531	3.6979657787000213	3.6979330368801455	3.2741819875781175e-05	0.051264515237800075
original	56	57	80.536	80.66	0.12399999999999523	4	2	0	4	2.4241094135930097e-05	7.890182754377584e-05	0.030612244897959183	3.7762920409730154	3.7761194450577076	0.00017259591530782714	0.03073264741116967
original	56	57	80.536	80.66	0.12399999999999523	4	2	0	5	2.6919973148799578e-05	7.407866945086106e-06	0.00510204081632653	2.109274322650404	2.1103214494449136	0.0010471267945098006	0.005241081335871396
original	56	57	80.536	80.66	0.12399999999999523	4	2	0	6	4.040310789610354e-05	1.0584093276477802e-05	0.00510204081632653	2.2582484805682186	2.2594230385728444	0.0011745580046258475	0.005270483817961696
original	56	57	80.536	80.66	0.12399999999999523	4	2	0	7	3.0953840752509686e-05	0.00011009398096928358	0.09183673469387756	3.83623019375709	3.8362368837485086	6.689991418618035e-06	0.09197845151474121
original	56	57	80.536	80.66	0.12399999999999523	4	2	0	8	3.968467001171894e-05	0.00015145554780582327	0.09183673469387756	3.8503580575511407	3.8500075093358035	0.0003505482153371986	0.09206292973322883
original	56	57	80.536	80.66	0.12399999999999523	4	2	0	9	1.4253692365791487e-05	2.7908726139669326e-05	0.00510204081632653	3.3760997905654113	3.375851088562361	0.0002487020030503828	0.0051690734351370286
original	56	57	80.536	80.66	0.12399999999999523	4	2	0	10	4.33115451917408e-05	7.531382324232894e-06	0.0	2.0999833413528086	2.0970804584178873	0.002902882934921358	0.0003411312210081095
original	56	57	80.536	80.66	0.12399999999999523	4	2	0	11	3.058388389780367e-05	5.09971585682667e-06	0.0	1.933882027110337	1.9350397432605169	0.0011577161501798994	0.00015145521477262028
original	56	57	80.536	80.66	0.12399999999999523	5	2	1	0	7.466772237940786e-05	0.00012588348890330003	0.00510204081632653	3.204989913713845	3.206034558434217	0.0010446447203720233	0.00540705649964644
original	56	57	80.536	80.66	0.12399999999999523	5	2	1	1	4.7060046936849684e-05	0.00012578893792891677	0.05612244897959184	3.559098060071995	3.559847103151526	0.0007490430795309422	0.0563702022724107
original	56	57	80.536	80.66	0.12399999999999523	5	2	1	2	3.41498787595496e-05	6.786589102802942e-05	0.015306122448979591	3.3891522791038278	3.3902312190122945	0.0010789399084667473	0.015516032209613846
original	56	57	80.536	80.66	0.12399999999999523	5	2	1	3	5.394893920633698e-05	2.9545612874715133e-05	0.01020408163265306	2.5120937249292155	2.5134361210142577	0.0013423960850422745	0.01042181579323834
original	56	57	80.536	80.66	0.12399999999999523	5	2	1	4	5.2641431183922524e-05	3.2629249054560994e-05	0.015306122448979591	2.533916611373504	2.535020201912983	0.0011035905394791712	0.015501752183165992
original	56	57	80.536	80.66	0.12399999999999523	5	2	1	5	5.449335229446274e-05	1.658643670621185e-05	0.0	2.161846865779364	2.1627745150946507	0.0009276493152867715	0.00016384472052935174
original	56	57	80.536	80.66	0.12399999999999523	5	2	1	6	4.548264610790551e-05	7.693472531988821e-05	0.015306122448979591	3.1722482441837525	3.1731329699880373	0.0008847258042847805	0.015517012400835865
original	56	57	80.536	80.66	0.12399999999999523	5	2	1	7	2.281286045284077e-05	8.522393884158319e-06	0.00510204081632653	2.1064643735297546	2.1053199681134975	0.0011444054162570438	0.005247816612289234
original	56	57	80.536	80.66	0.12399999999999523	5	2	1	8	2.969053390491478e-05	9.808739306893521e-06	0.00510204081632653	2.1730404235074907	2.1745947236460452	0.0015543001385545097	0.00529697010339379
original	56	57	80.536	80.66	0.12399999999999523	5	2	1	9	8.677727699971269e-05	0.0002062208412469957	0.025510204081632654	3.5454571126324956	3.5458188969854882	0.00036178435299261125	0.02583938063517862
original	56	57	80.536	80.66	0.12399999999999523	5	2	1	10	9.574196970599472e-05	0.0001207539715645245	0.02040816326530612	3.074910933336903	3.0739860278022264	0.0009249055346765012	0.020717149760044292
original	56	57	80.536	80.66	0.12399999999999523	5	2	1	11	9.587725585824265e-05	0.00011129492579953215	0.015306122448979591	2.985712062462396	2.987574462870505	0.0018624004081089218	0.01569953467144826
original	56	57	80.536	80.66	0.12399999999999523	6	2	2	0	5.773782478711365e-05	0.00018816428048751277	0.02040816326530612	3.7555367727382594	3.754157424670995	0.0013793480672643632	0.02079200017730718
original	56	57	80.536	80.66	0.12399999999999523	6	2	2	1	3.811279900135879e-05	0.00010934174071619562	0.05102040816326531	3.710374898819661	3.711248435645035	0.0008735368253738329	0.05125521638552025
original	56	57	80.536	80.66	0.12399999999999523	6	2	2	2	9.431837700583351e-05	0.00029647468975435576	0.04081632653061224	3.7209223112288896	3.7203392782306146	0.0005830329982750015	0.04126542289719993
original	56	57	80.536	80.66	0.12399999999999523	6	2	2	3	3.464936756267962e-05	7.169166005305261e-05	0.015306122448979591	3.595581910763403	3.5954006916768924	0.00018121908651069774	0.015430585385246394
original	56	57	80.536	80.66	0.12399999999999523	6	2	2	4	9.84260471809808e-05	0.00025629166761376165	0.02040816326530612	3.6281136783022663	3.6271104406816015	0.0010032376206647875	0.02086320474216734
original	56	57	80.536	80.66	0.12399999999999523	6	2	2	5	1.9424884519883182e-05	2.87396044857946e-05	0.01020408163265306	2.603702216642665	2.6036729734932753	2.92431493895684e-05	0.010255170436597695
original	56	57	80.536	80.66	0.12399999999999523	6	2	2	6	3.261326137092368e-05	0.00010702605592016745	0.07653061224489796	3.818182677418707	3.818450450106815	0.0002677726881077369	0.07669702883099982
original	56	57	80.536	80.66	0.12399999999999523	6	2	2	7	5.8635581104300885e-05	6.364499003208568e-05	0.01020408163265306	3.011422236583087	3.0087509255649745	0.0026713110181124655	0.010593493305600695
original	56	57	80.536	80.66	0.12399999999999523	6	2	2	8	7.171264724253071e-05	0.00014190520011925223	0.030612244897959183	3.4358293529158144	3.435843424802397	1.4071886582645021e-05	0.03082726993397923
original	56	57	80.536	80.66	0.12399999999999523	6	2	2	9	6.36787471861992e-05	4.5405730695669e-05	0.00510204081632653	2.6710654446650586	2.6717777603400448	0.000712315674986197	0.0052823568617070184
original	56	57	80.536	80.66	0.12399999999999523	6	2	2	10	7.583193554647113e-05	7.297213477985842e-05	0.015306122448979591	2.841083604429641	2.8404317804985495	0.000651823931091311	0.015520108912415051
original	56	57	80.536	80.66	0.12399999999999523	6	2	2	11	4.6130127785476435e-05	0.0001445880577404246	0.05102040816326531	3.736511849684278	3.735915507091641	0.000596342592637189	0.051270760608054924
original	56	57	80.536	80.66	0.12399999999999523	7	2	3	0	8.651449628301127e-05	5.782677808741088e-05	0.00510204081632653	2.725275440233254	2.7186822284153243	0.006593211817929934	0.0059057032724899455
original	56	57	80.536	80.66	0.12399999999999523	7	2	3	1	0.00012746605039394598	4.6814606421974325e-05	0.015306122448979591	2.4586593465151036	2.444458552368801	0.014200794146302709	0.016900482520425784
original	56	57	80.536	80.66	0.12399999999999523	7	2	3	2	8.721557954138379e-05	6.0837230499877215e-05	0.0	2.681879081597853	2.6777253213098744	0.004153760287978425	0.0005634288388391036
original	56	57	80.536	80.66	0.12399999999999523	7	2	3	3	3.312901442457807e-05	8.527013179882026e-05	0.00510204081632653	3.6143530497600773	3.6136822754646825	0.0006707742953948603	0.005287517392089414
original	56	57	80.536	80.66	0.12399999999999523	7	2	3	4	8.960174921425164e-05	0.000222411552048718	0.025510204081632654	3.5987220808734364	3.598442454305565	0.0002796265678712828	0.02585018003968275
original	56	57	80.536	80.66	0.12399999999999523	7	2	3	5	7.791552177002428e-05	4.729648162904443e-05	0.00510204081632653	2.2274545478988514	2.225506919277733	0.0019476286211186356	0.005422015681837463
original	56	57	80.536	80.66	0.12399999999999523	7	2	3	6	0.00011323184477513899	0.0002584044672081509	0.015306122448979591	3.486772023907713	3.4861775266383175	0.000594497269395422	0.015737208487902426
original	56	57	80.536	80.66	0.12399999999999523	7	2	3	7	6.993517157625377e-05	0.00013776466610881943	0.015306122448979591	3.392576105165314	3.392991596768616	0.0004154916033023426	0.015555371446994898
original	56	57	80.536	80.66	0.12399999999999523	7	2	3	8	5.5222860072925674e-05	9.397813235290098e-05	0.025510204081632654	3.1138691799644884	3.114151387720606	0.00028220775611753623	0.025687625849670236
original	56	57	80.536	80.66	0.12399999999999523	7	2	3	9	0.00010094094441770653	0.00021186595913380568	0.015306122448979591	3.4237506661708688	3.4233199752672925	0.0004306909035762807	0.015661998442888733
original	56	57	80.536	80.66	0.12399999999999523	7	2	3	10	6.262313623376828e-05	3.5968371604577776e-05	0.0	2.0463080277089776	2.044855545527224	0.0014524821817536449	0.00024383972601371056
original	56	57	80.536	80.66	0.12399999999999523	7	2	3	11	0.00012075431512958564	0.00034748110961480005	0.02040816326530612	3.664428630160546	3.664659454836025	0.00023082467547919094	0.020899481157598425
original	56	57	80.536	80.66	0.12399999999999523	8	2	4	0	0.00013611629927876175	0.0003205536283273913	0.015306122448979591	3.585662190116856	3.5859842199772802	0.0003220298604240668	0.01579499536262815
original	56	57	80.536	80.66	0.12399999999999523	8	2	4	1	9.868290174032858e-05	0.0002460716897150217	0.061224489795918366	3.6169227620178535	3.616865062887859	5.769912999431526e-05	0.06157501430037315
original	56	57	80.536	80.66	0.12399999999999523	8	2	4	2	0.00012666531959175083	0.00042309062165379885	0.061224489795918366	3.7695806180410902	3.769766367760055	0.00018574971896478942	0.0617928207090604
original	56	57	80.536	80.66	0.12399999999999523	8	2	4	3	0.00012128681659259856	0.0003459660856757196	0.03571428571428571	3.6942517649181923	3.695580841374061	0.0013290764558688828	0.03631444626214092
original	56	57	80.536	80.66	0.12399999999999523	8	2	4	4	2.101156554695403e-05	7.405731878695754e-05	0.05102040816326531	3.686386609106413	3.6867677417429996	0.0003811326365865675	0.05115359031125787
original	56	57	80.536	80.66	0.12399999999999523	8	2	4	5	0.00011849302597225435	0.00021461423398783097	0.030612244897959183	3.4247248899643714	3.425904352620006	0.0011794626556347332	0.03106329842348274
original	56	57	80.536	80.66	0.12399999999999523	8	2	4	6	8.077530637127674e-05	0.000250146970505738	0.04591836734693878	3.696879359787102	3.697972956411679	0.0010935966245768647	0.04635864928627348
original	56	57	80.536	80.66	0.12399999999999523	8	2	4	7	0.0001029435022382745	0.00032082160087731904	0.025510204081632654	3.676207362984834	3.6769182089533876	0.0007108459685536417	0.02600505378160361
original	56	57	80.536	80.66	0.12399999999999523	8	2	4	8	4.5342310261629526e-05	0.00010730619026999566	0.015306122448979591	3.5364431077166194	3.536098567850457	0.00034453986616256316	0.015493224936127472
original	56	57	80.536	80.66	0.12399999999999523	8	2	4	9	7.356572242563268e-05	0.0001595968775897072	0.05612244897959184	3.6333201149105334	3.632455722387163	0.0008643925233702277	0.056442050831944195
original	56	57	80.536	80.66	0.12399999999999523	8	2	4	10	8.235056523888374e-05	0.00018436534571408814	0.025510204081632654	3.5452246837606904	3.5457666473858183	0.000541963625127817	0.02583111635509841
original	56	57	80.536	80.66	0.12399999999999523	8	2	4	11	0.0001308112312628158	0.0003011323660838672	0.04081632653061224	3.596039810741651	3.5956970699701003	0.0003427407715506092	0.041282544205113986
original	56	57	80.536	80.66	0.12399999999999523	9	2	5	0	0.0001452087073033181	0.00022878909858092822	0.025510204081632654	3.212863880430587	3.2133328921207696	0.0004690116901824304	0.02593110305653514
original	56	57	80.536	80.66	0.12399999999999523	9	2	5	1	0.00013363828444002367	0.00022101360859461128	0.030612244897959183	3.2067378710429426	3.205683769360042	0.0010541016829006544	0.031072306959283882
original	56	57	80.536	80.66	0.12399999999999523	9	2	5	2	0.00013620884327877533	8.95279432485685e-05	0.04081632653061224	2.9067494979554014	2.8971401967756214	0.009609301179779983	0.04200299343511758
original	56	57	80.536	80.66	0.12399999999999523	9	2	5	3	0.00013167982723756946	0.0002787046003344118	0.030612244897959183	3.3759916066304436	3.3762209938989183	0.00022938726847465674	0.03104556805237863
original	56	57	80.536	80.66	0.12399999999999523	9	2	5	4	8.749517046216346e-05	0.00012790944824125905	0.015306122448979591	3.062508068437676	3.064384249946108	0.001876181508431607	0.015709145218526174
original	56	57	80.536	80.66	0.12399999999999523	9	2	5	5	4.833750266408876e-05	0.0001225890330243118	0.03571428571428571	3.512683687991862	3.5124595778049437	0.00022411018691848028	0.03590762326866596
original	56	57	80.536	80.66	0.12399999999999523	9	2	5	6	0.00014623993178176193	0.00034997876970244146	0.03571428571428571	3.655996213570538	3.6544846803394804	0.0015115332310577934	0.036361657738875695
original	56	57	80.536	80.66	0.12399999999999523	9	2	5	7	0.0001625377295630587	0.0003396406288151965	0.02040816326530612	3.413860432059063	3.41275109082354	0.001109341235522976	0.021021275747236674
original	56	57	80.536	80.66	0.12399999999999523	9	2	5	8	0.00010698619951501258	0.000150719160432633	0.00510204081632653	3.0294281604480777	3.03084845534723	0.0014202948991521858	0.005501775666189395
original	56	57	80.536	80.66	0.12399999999999523	9	2	5	9	0.00014030733754334234	0.00026916899666817873	0.030612244897959183	3.274223496099166	3.272615645549266	0.0016078505498997586	0.03118250628716068
original	56	57	80.536	80.66	0.12399999999999523	9	2	5	10	0.0001389029452691563	0.00026037924464461515	0.02040816326530612	3.299622794662019	3.299609139826599	1.3654835420151556e-05	0.02080881093876191
original	56	57	80.536	80.66	0.12399999999999523	9	2	5	11	9.519210271294773e-05	0.00019320914846110426	0.04081632653061224	3.2938247981619853	3.2925718812295215	0.0012529169324637657	0.04123001947503267
original	56	57	80.536	80.66	0.12399999999999523	10	3	0	0	0.0004896308356750919	0.0008272052379507677	0.04081632653061224	3.3027700044137918	3.294812023642692	0.00795798077109966	0.04292896068134806
original	56	57	80.536	80.66	0.12399999999999523	10	3	0	1	0.0005010727501582466	0.0008792872512888295	0.04081632653061224	3.2672254446584774	3.260264662304783	0.006960782353694572	0.04289276476742877
original	56	57	80.536	80.66	0.12399999999999523	10	3	0	2	0.0007264491749867706	0.000945779088193377	0.00510204081632653	3.2342701595736085	3.2321328323927956	0.0021373271808129424	0.006988001797587972
original	56	57	80.536	80.66	0.12399999999999523	10	3	0	3	0.000527541557454865	0.0010055572063840668	0.05612244897959184	3.401205620410795	3.4068993406058983	0.005693720195103058	0.05822491976294108
original	56	57	80.536	80.66	0.12399999999999523	10	3	0	4	0.0005737653790446166	0.0009927919315548817	0.025510204081632654	3.346245895558805	3.352256169065676	0.006010273506870778	0.027677788742919228
original	56	57	80.536	80.66	0.12399999999999523	10	3	0	5	0.0008357688560973693	0.0009234030857844244	0.01020408163265306	2.872515739990504	2.8617459446855738	0.010769795304930163	0.01304023310502787
original	56	57	80.536	80.66	0.12399999999999523	10	3	0	6	0.0005220443396737652	0.0009121275397152573	0.00510204081632653	3.3894394755749073	3.38989660960574	0.0004571340308325844	0.006581926098798811
original	56	57	80.536	80.66	0.12399999999999523	10	3	0	7	0.0002063274069898601	0.0006188864533038796	0.025510204081632654	3.604291426965577	3.602550307298232	0.0017411196673449147	0.026509529908660887
original	56	57	80.536	80.66	0.12399999999999523	10	3	0	8	0.0005048166942868605	0.0007571644616951589	0.0663265306122449	3.154024898846662	3.1516286552761095	0.0023962435705526808	0.06782813612528218
original	56	57	80.536	80.66	0.12399999999999523	10	3	0	9	0.00014641776598880795	0.00041322900525841977	0.02040816326530612	3.399142330943799	3.4010748660397176	0.0019325350959187304	0.02116106354614522
original	56	57	80.536	80.66	0.12399999999999523	10	3	0	10	0.0005085533875029865	0.000915511526844992	0.025510204081632654	3.3503837965614762	3.345470300878582	0.004913495682894009	0.027425618564270032
original	56	57	80.536	80.66	0.12399999999999523	10	3	0	11	0.00038825794316792015	0.0006660864105758613	0.04081632653061224	3.34112663704496	3.3455927183896312	0.004466081344671302	0.04231727901882316
original	56	57	80.536	80.66	0.12399999999999523	10	3	0	12	0.0004483138631647314	0.0008291229674595169	0.025510204081632654	3.2683927808915767	3.2647087339471756	0.0036840469444010537	0.02715604560669701
original	56	57	80.536	80.66	0.12399999999999523	10	3	0	13	0.0006263156601710953	0.0008706675078672399	0.015306122448979591	3.339377835363005	3.3325805658045535	0.00679726955845128	0.017482832572863056
original	56	57	80.536	80.66	0.12399999999999523	10	3	0	14	0.0002572696968148982	0.0005257567070808822	0.02040816326530612	3.367818589437964	3.3640094582963442	0.003809131141619737	0.021572102783363876
original	56	57	80.536	80.66	0.12399999999999523	10	3	0	15	0.00046908162309437416	0.000801964915552178	0.00510204081632653	3.111583630842578	3.106384434292587	0.005199196549991125	0.006893007009972195
original	56	57	80.536	80.66	0.12399999999999523	10	3	0	16	0.0005442088530924588	0.001084601751947134	0.05102040816326531	3.3683686392918935	3.3753062270361567	0.0069375877442632294	0.05334297754273123
original	56	57	80.536	80.66	0.12399999999999523	10	3	0	17	0.0005576703700550008	0.001053511637932103	0.025510204081632654	3.2788476855855606	3.2831017924841963	0.004254106898635701	0.027546796779483327
original	56	57	80.536	80.66	0.12399999999999523	10	3	0	18	0.0003670341126786504	0.0009604608085705957	0.01020408163265306	3.582060037545921	3.5926304187693123	0.01057038122339149	0.012588614676241455
original	56	57	80.536	80.66	0.12399999999999523	10	3	0	19	0.0004479655337930674	0.0007737843960325952	0.02040816326530612	3.376531268811684	3.3786293070642697	0.002098038252585699	0.021839717020390354
original	56	57	80.536	80.66	0.12399999999999523	10	3	0	20	0.0005800204809397686	0.0010663602218279333	0.04081632653061224	2.9841386653018507	2.9854954418165316	0.001356776514680913	0.04259838488484803
original	56	57	80.536	80.66	0.12399999999999523	10	3	0	21	0.0002255218929774183	0.0007007207077075472	0.05612244897959184	3.5364246735103926	3.5330493701273187	0.003375303383073902	0.057386221918584196
original	56	57	80.536	80.66	0.12399999999999523	10	3	0	22	0.000529782769571121	0.0009415203862030985	0.061224489795918366	3.338744331133412	3.3420566904260567	0.0033123592926447287	0.06302702888095706
original	56	57	80.536	80.66	0.12399999999999523	10	3	0	23	0.000542396229301726	0.0009444900912285448	0.015306122448979591	3.254853415275118	3.2579011643550744	0.003047749079956308	0.017097783677505494
original	56	57	80.536	80.66	0.12399999999999523	11	3	1	0	3.156955800320004e-05	9.774218893920938e-05	0.00510204081632653	3.425093590123875	3.4247159948859323	0.00037759523794278493	0.005269112087063219
original	56	57	80.536	80.66	0.12399999999999523	11	3	1	1	0.00021258984943157126	0.0005092115149591958	0.00510204081632653	3.582522705432321	3.5826928194135843	0.0001701139812633201	0.005840853578843629
original	56	57	80.536	80.66	0.12399999999999523	11	3	1	2	0.0002811263724204357	0.0006506192679367473	0.01020408163265306	3.488580390772958	3.487939787282818	0.000640603490139835	0.011199887622024228
original	56	57	80.536	80.66	0.12399999999999523	11	3	1	3	0.00027587251283198475	0.0007160726773995929	0.02040816326530612	3.5204075807261095	3.523789805504954	0.0033822247788446447	0.021738330933422163
original	56	57	80.536	80.66	0.12399999999999523	11	3	1	4	0.0002735901457250944	0.0007349039030213333	0.015306122448979591	3.584510854190243	3.5783992823285717	0.006111571861671106	0.01692577368389313
original	56	57	80.536	80.66	0.12399999999999523	11	3	1	5	9.812743343414355e-05	0.0002677120146655776	0.030612244897959183	3.521780827747935	3.5218740225418474	9.31947939122324e-05	0.030987403825450125
original	56	57	80.536	80.66	0.12399999999999523	11	3	1	6	0.00029253378409138854	0.0006122901768508271	0.02040816326530612	3.419304376095298	3.410305400968637	0.008998975126660813	0.022212884738914418
original	56	57	80.536	80.66	0.12399999999999523	11	3	1	7	0.00022036547945812878	0.0005651513296134336	0.015306122448979591	3.615066810044516	3.6176415503722423	0.0025747403277263103	0.016349113290823787
original	56	57	80.536	80.66	0.12399999999999523	11	3	1	8	0.0003224568410865448	0.0007523798000502735	0.04081632653061224	3.4655330197175997	3.468639002396202	0.0031059826786021816	0.04220176143960928
original	56	57	80.536	80.66	0.12399999999999523	11	3	1	9	0.0003378582390085025	0.0005562504128849843	0.00510204081632653	3.3348426957691686	3.3344173067146965	0.00042538905447209174	0.006038688373667227
original	56	57	80.536	80.66	0.12399999999999523	11	3	1	10	0.0002927526239011679	0.000701935729264358	0.01020408163265306	3.5400518538115815	3.54920113716524	0.00914928335365861	0.012113698321184448
original	56	57	80.536	80.66	0.12399999999999523	11	3	1	11	0.00026509858403412224	0.0006266447919967	0.02040816326530612	3.528375503925382	3.534584685136757	0.006209181211374926	0.021920824762474436
original	56	57	80.536	80.66	0.12399999999999523	11	3	1	12	0.0002625419899504486	0.0005813138619652491	0.061224489795918366	3.4500296050869723	3.4500315372056605	1.932118688152684e-06	0.06206853885970288
original	56	57	80.536	80.66	0.12399999999999523	11	3	1	13	0.0003158839785116069	0.0008427726234296884	0.03571428571428571	3.5696945627412804	3.5601364673449796	0.009558095396300814	0.03782875185585709
original	56	57	80.536	80.66	0.12399999999999523	11	3	1	14	0.00018174217163043942	0.0005150888156185696	0.01020408163265306	3.572789530564214	3.5680400162521386	0.004749514312075487	0.011375864051109618
original	56	57	80.536	80.66	0.12399999999999523	11	3	1	15	0.0002600614568817114	0.0006655603032065249	0.04591836734693878	3.6404330821508024	3.642120628131767	0.0016875459809644333	0.047012743705123455
original	56	57	80.536	80.66	0.12399999999999523	11	3	1	16	0.00022967757312044646	0.0006029801957790903	0.03571428571428571	3.6130420287073894	3.6154381144012238	0.0023960856938343156	0.03678655205256868
original	56	57	80.536	80.66	0.12399999999999523	11	3	1	17	0.00027123929385406754	0.0006937577494916525	0.03571428571428571	3.560357535331713	3.5553506726687223	0.005006862662990663	0.0371799690239305
original	56	57	80.536	80.66	0.12399999999999523	11	3	1	18	0.0003125699762898099	0.0006268327158532871	0.025510204081632654	3.5206579407281904	3.5145540716695045	0.0061038690586858735	0.02705999367964434
original	56	57	80.536	80.66	0.12399999999999523	11	3	1	19	0.00030136642115529907	0.0006607142986604364	0.03571428571428571	3.449922372811494	3.4485500045565387	0.0013723682549553473	0.03681360325959698
original	56	57	80.536	80.66	0.12399999999999523	11	3	1	20	0.0002842545284731522	0.0006100857428973372	0.015306122448979591	3.5146978363296904	3.518856514793182	0.004158678463491494	0.01661633056669923
original	56	57	80.536	80.66	0.12399999999999523	11	3	1	21	0.0003011555853479291	0.0006605909885877281	0.00510204081632653	3.420694166888743	3.414912557077567	0.005781609811176036	0.006641948371379791
original	56	57	80.536	80.66	0.12399999999999523	11	3	1	22	0.0002934851842649291	0.0006745326005598296	0.030612244897959183	3.475480389538632	3.481492261969745	0.006011872431112675	0.03218144992589521
original	56	57	80.536	80.66	0.12399999999999523	11	3	1	23	0.00026872461494730556	0.00047266947229107625	0.015306122448979591	3.310333820604038	3.3128976069631846	0.002563786359146558	0.01630389517213263
original	57	58	80.66	80.562	-0.09799999999999898	0	0	0	0	7.249789778302161e-07	2.3305181798827235e-06	0.0	3.775537919394653	3.7757951181916103	0.00025719879695706993	2.8775376853419935e-05
original	57	58	80.66	80.562	-0.09799999999999898	0	0	0	1	5.236154701953152e-07	1.7436690058492132e-07	0.0	2.235311261058868	2.234988714932491	0.0003225461263771656	3.2952595008496804e-05
original	57	58	80.66	80.562	-0.09799999999999898	0	0	0	2	1.0272744740702341e-06	3.7596455155775033e-06	0.0	3.824251707942748	3.8243455715039114	9.38635611635874e-05	1.4173276106006478e-05
original	57	58	80.66	80.562	-0.09799999999999898	1	0	1	0	4.332701187406046e-06	1.3861237980639096e-05	0.01020408163265306	3.7231830700224977	3.724144116055731	0.000961046033233437	0.01031838017514445
original	57	58	80.66	80.562	-0.09799999999999898	1	0	1	1	3.54395098450553e-06	1.3680244229652416e-06	0.0	2.0468098597892896	2.0465077488104626	0.0003021109788270415	3.512307329017492e-05
original	57	58	80.66	80.562	-0.09799999999999898	1	0	1	2	3.255881919786343e-06	1.116076480300876e-05	0.01020408163265306	3.736187953521799	3.736347704384541	0.00015975086274178096	0.010234473365650034
original	57	58	80.66	80.562	-0.09799999999999898	2	1	0	0	4.449998820175841e-06	1.308451141379674e-05	0.04081632653061224	3.790882205071101	3.790679809896003	0.00020239517509779148	0.04085410055835599
original	57	58	80.66	80.562	-0.09799999999999898	2	1	0	1	7.152226580987078e-06	2.242102759841824e-05	0.025510204081632654	3.7753753179734866	3.77560687140738	0.00023155343389325012	0.025562932679201383
original	57	58	80.66	80.562	-0.09799999999999898	2	1	0	2	2.2330117360104895e-05	2.106989962724626e-06	0.0	1.7753435552900463	1.7742898866464127	0.001053668643633543	0.00012980397168618383
original	57	58	80.66	80.562	-0.09799999999999898	2	1	0	3	3.330447220610585e-05	2.4443698938281244e-06	0.02040816326530612	1.4354769230974496	1.4243406918752302	0.011136231222219406	0.021557535229627996
original	57	58	80.66	80.562	-0.09799999999999898	2	1	0	4	3.286460000541856e-05	1.2822317577709796e-06	0.030612244897959183	0.8358008396552955	0.8304418050341097	0.00535903462118581	0.03118229519184095
original	57	58	80.66	80.562	-0.09799999999999898	2	1	0	5	3.0194646717312965e-05	1.2748017973462922e-06	0.025510204081632654	0.9852230505376449	0.9783583308407501	0.006864719696894839	0.026228145499836795
original	57	58	80.66	80.562	-0.09799999999999898	3	1	1	0	4.4952069060808315e-06	6.72254371147929e-06	0.0	3.090914762977511	3.0907392751108493	0.00017548786666177207	2.876653728373733e-05
original	57	58	80.66	80.562	-0.09799999999999898	3	1	1	1	1.750252347711215e-05	6.105108692699979e-06	0.0	1.9114661232613965	1.9093892535311987	0.002076869730197828	0.00023129460518959494
original	57	58	80.66	80.562	-0.09799999999999898	3	1	1	2	2.2496133623156556e-05	3.0940006675805876e-05	0.0	3.0340229072946534	3.0325047987024796	0.001518108592173828	0.00020524699951634525
original	57	58	80.66	80.562	-0.09799999999999898	3	1	1	3	3.3942318993776274e-05	7.682967621025494e-05	0.02040816326530612	3.4057440890137967	3.406378950935957	0.0006348619221605567	0.02058242145272621
original	57	58	80.66	80.562	-0.09799999999999898	3	1	1	4	1.8576100918296783e-05	1.160216053552876e-05	0.0	2.7356693816221367	2.735725053430534	5.567180839749497e-05	3.574544229357504e-05
original	57	58	80.66	80.562	-0.09799999999999898	3	1	1	5	1.108086455506113e-05	2.2112650362449138e-05	0.0	3.281187665569405	3.281603779311469	0.0004161137420641836	7.480488912392863e-05
original	57	58	80.66	80.562	-0.09799999999999898	4	2	0	0	2.51196900178321e-05	2.184999683285671e-05	0.0	2.621330576872789	2.6212255309781383	0.00010504589465076819	5.747427631576563e-05
original	57	58	80.66	80.562	-0.09799999999999898	4	2	0	1	2.76691640795434e-05	4.477266621760734e-05	0.00510204081632653	3.42039319198595	3.419988201052664	0.00040499093328616453	0.005214981739952298
original	57	58	80.66	80.562	-0.09799999999999898	4	2	0	2	4.949719879364171e-05	0.00013166630562322368	0.030612244897959183	3.621228484488862	3.6206346806324974	0.0005938038563644277	0.03085278878801249
original	57	58	80.66	80.562	-0.09799999999999898	4	2	0	3	5.9888653419452246e-05	0.00017044064555071792	0.03571428571428571	3.6979330368801455	3.6983242651277375	0.00039122824759196817	0.035983737838015076
original	57	58	80.66	80.562	-0.09799999999999898	4	2	0	4	2.7923958540831225e-05	8.926029234945787e-05	0.03571428571428571	3.7761194450577076	3.7762744974771807	0.00015505241947311177	0.03584697520712331
original	57	58	80.66	80.562	-0.09799999999999898	4	2	0	5	2.9113611819545575e-05	8.526072842407473e-06	0.0	2.1103214494449136	2.110688159067731	0.00036670962281748487	7.431064694370154e-05
original	57	58	80.66	80.562	-0.09799999999999898	4	2	0	6	4.030212589859066e-05	9.945243903519696e-06	0.00510204081632653	2.2594230385728444	2.2584184622685597	0.0010045763042847433	0.005252745816557115
original	57	58	80.66	80.562	-0.09799999999999898	4	2	0	7	2.9254496406212825e-05	0.0001032723545750791	0.11224489795918367	3.8362368837485086	3.836152944944029	8.393880447954416e-05	0.11238581869061293
original	57	58	80.66	80.562	-0.09799999999999898	4	2	0	8	2.8304829222902724e-05	0.00010608854957416813	0.08163265306122448	3.8500075093358035	3.85006511541074	5.760607493643377e-05	0.0817728070475152
original	57	58	80.66	80.562	-0.09799999999999898	4	2	0	9	1.3516284343711588e-05	2.8248386770179934e-05	0.02040816326530612	3.375851088562361	3.3760690145579386	0.00021792599557768355	0.02047172053597778
original	57	58	80.66	80.562	-0.09799999999999898	4	2	0	10	3.942328943552727e-05	7.030741719260547e-06	0.0	2.0970804584178873	2.097174746970831	9.428855294357774e-05	5.588288644914559e-05
original	57	58	80.66	80.562	-0.09799999999999898	4	2	0	11	2.607915265205255e-05	5.568013444423592e-06	0.00510204081632653	1.9350397432605169	1.9353268367919658	0.00028709353144895644	0.005162397335567902
original	57	58	80.66	80.562	-0.09799999999999898	5	2	1	0	8.216601981200109e-05	0.00015173327447359775	0.00510204081632653	3.206034558434217	3.205623226555179	0.00041133187903774626	0.005377073298515903
original	57	58	80.66	80.562	-0.09799999999999898	5	2	1	1	4.3947705480735155e-05	0.00012024223776474496	0.04081632653061224	3.559847103151526	3.558878604612206	0.0009684985393199064	0.04107736632778971
original	57	58	80.66	80.562	-0.09799999999999898	5	2	1	2	3.36737208455274e-05	6.815986833708099e-05	0.01020408163265306	3.3902312190122945	3.389001421939781	0.0012297970725136942	0.010428894929087038
original	57	58	80.66	80.562	-0.09799999999999898	5	2	1	3	5.285477537608229e-05	3.0908955026998086e-05	0.0	2.5134361210142577	2.5128664125208067	0.0005697084934510599	0.00014073457974818636
original	57	58	80.66	80.562	-0.09799999999999898	5	2	1	4	5.364491268021253e-05	3.242253349988733e-05	0.00510204081632653	2.535020201912983	2.5325789189057613	0.002441283007221795	0.00543223656322881
original	57	58	80.66	80.562	-0.09799999999999898	5	2	1	5	5.1834666600892316e-05	1.7305512460263905e-05	0.0	2.1627745150946507	2.163339202251611	0.0005646871569604528	0.0001256088947572015
original	57	58	80.66	80.562	-0.09799999999999898	5	2	1	6	4.3155068029229415e-05	6.468303697293454e-05	0.015306122448979591	3.1731329699880373	3.17318924205491	5.627206687286446e-05	0.015419587760669042
original	57	58	80.66	80.562	-0.09799999999999898	5	2	1	7	2.255292183925693e-05	9.955684855844638e-06	0.00510204081632653	2.1053199681134975	2.1046980419619405	0.000621926151556984	0.00519674203817733
original	57	58	80.66	80.562	-0.09799999999999898	5	2	1	8	3.481139508043171e-05	1.0293070528133441e-05	0.00510204081632653	2.1745947236460452	2.170951015044939	0.003643708601106077	0.0055115161420457035
original	57	58	80.66	80.562	-0.09799999999999898	5	2	1	9	8.90638938112378e-05	0.0002199484017372244	0.030612244897959183	3.5458188969854882	3.5456373357858557	0.00018156119963252948	0.030939413313470897
original	57	58	80.66	80.562	-0.09799999999999898	5	2	1	10	9.726131231426206e-05	0.00011036276095122144	0.02040816326530612	3.0739860278022264	3.071898324426409	0.00208770337581754	0.02082455767615336
original	57	58	80.66	80.562	-0.09799999999999898	5	2	1	11	8.883988630763192e-05	0.00010438865174389189	0.02040816326530612	2.987574462870505	2.9860667319867997	0.0015077308837052605	0.02075216489172817
original	57	58	80.66	80.562	-0.09799999999999898	6	2	2	0	6.108572151425592e-05	0.00019955834244655968	0.030612244897959183	3.754157424670995	3.7554526515829343	0.0012952269119392845	0.031002411653113928
original	57	58	80.66	80.562	-0.09799999999999898	6	2	2	1	4.273130447748129e-05	0.00014109394596395486	0.08163265306122448	3.711248435645035	3.713947639004355	0.002699203359319835	0.0820863986475979
original	57	58	80.66	80.562	-0.09799999999999898	6	2	2	2	9.007609477294697e-05	0.0002858742978301132	0.05102040816326531	3.7203392782306146	3.7210861779090147	0.0007468996784001369	0.05147104852370838
original	57	58	80.66	80.562	-0.09799999999999898	6	2	2	3	3.3729849531447645e-05	7.490932362697045e-05	0.030612244897959183	3.5954006916768924	3.5961017408617164	0.0007010491848240541	0.030790988989600008
original	57	58	80.66	80.562	-0.09799999999999898	6	2	2	4	9.638455198430068e-05	0.0002442352864359121	0.02040816326530612	3.6271104406816015	3.6276981761360214	0.0005877354544199243	0.020807556649168325
original	57	58	80.66	80.562	-0.09799999999999898	6	2	2	5	1.6954314425629028e-05	2.4367828928339996e-05	0.00510204081632653	2.6036729734932753	2.6029646178898544	0.0007083556034208627	0.0052141985200225855
original	57	58	80.66	80.562	-0.09799999999999898	6	2	2	6	3.088523166602201e-05	0.00010460263478595522	0.04591836734693878	3.818450450106815	3.8184301892042116	2.0260902603208564e-05	0.046055881303651076
original	57	58	80.66	80.562	-0.09799999999999898	6	2	2	7	5.2812435526348515e-05	5.127781470026793e-05	0.01020408163265306	3.0087509255649745	3.01039011747501	0.0016391919100353647	0.010472091073883213
original	57	58	80.66	80.562	-0.09799999999999898	6	2	2	8	7.062425047463025e-05	0.0001418471796738041	0.025510204081632654	3.435843424802397	3.43639055826104	0.0005471334586428789	0.025777388857645373
original	57	58	80.66	80.562	-0.09799999999999898	6	2	2	9	6.287089853819684e-05	3.725249397945607e-05	0.00510204081632653	2.6717777603400448	2.6701854874965605	0.001592272843484288	0.005361391493192612
original	57	58	80.66	80.562	-0.09799999999999898	6	2	2	10	7.347308430176956e-05	6.0102777178272504e-05	0.015306122448979591	2.8404317804985495	2.8377850025280567	0.002646777970492842	0.015704376107508917
original	57	58	80.66	80.562	-0.09799999999999898	6	2	2	11	4.7221718728524274e-05	0.00015088429646048507	0.061224489795918366	3.735915507091641	3.7364427540372938	0.0005272469456527595	0.06147532050567265
original	57	58	80.66	80.562	-0.09799999999999898	7	2	3	0	8.579652307438783e-05	6.632437861808782e-05	0.01020408163265306	2.7186822284153243	2.7193898684961106	0.000707640080786387	0.010426966542424176
original	57	58	80.66	80.562	-0.09799999999999898	7	2	3	1	0.0001316494865386611	6.179668289585383e-05	0.00510204081632653	2.444458552368801	2.462599055879775	0.01814050351097407	0.0071095373368584526
original	57	58	80.66	80.562	-0.09799999999999898	7	2	3	2	8.338676928866607e-05	6.691456756069414e-05	0.0	2.6777253213098744	2.6777234653729907	1.855936883732312e-06	0.00015048693053773345
original	57	58	80.66	80.562	-0.09799999999999898	7	2	3	3	3.660528875090587e-05	9.947076823191292e-05	0.00510204081632653	3.6136822754646825	3.6138674626947673	0.00018518723008487115	0.005256635596317836
original	57	58	80.66	80.562	-0.09799999999999898	7	2	3	4	9.718210062012793e-05	0.0002466316322954354	0.025510204081632654	3.598442454305565	3.598898068941327	0.00045561463576193617	0.02589957927812441
original	57	58	80.66	80.562	-0.09799999999999898	7	2	3	5	8.102938881480285e-05	4.4848787312701255e-05	0.0	2.225506919277733	2.225211282961289	0.00029563631644391464	0.00015544180777189557
original	57	58	80.66	80.562	-0.09799999999999898	7	2	3	6	0.00011401773990735975	0.000262872333783859	0.04081632653061224	3.4861775266383175	3.485106791834719	0.0010707348035983166	0.041300290084663294
original	57	58	80.66	80.562	-0.09799999999999898	7	2	3	7	7.418854540272997e-05	0.00015681961074209827	0.02040816326530612	3.392991596768616	3.3916293749704147	0.0013622217982014462	0.02077539360127109
original	57	58	80.66	80.562	-0.09799999999999898	7	2	3	8	5.2514869180130355e-05	8.625120222960359e-05	0.025510204081632654	3.114151387720606	3.1142344452545343	8.305753392834347e-05	0.025657275906435222
original	57	58	80.66	80.562	-0.09799999999999898	7	2	3	9	0.00011014095999830371	0.00025378387966323857	0.02040816326530612	3.4233199752672925	3.422949952419679	0.00037002284761333826	0.020809090389728998
original	57	58	80.66	80.562	-0.09799999999999898	7	2	3	10	6.22629715405166e-05	4.103518598796985e-05	0.015306122448979591	2.044855545527224	2.0444618636365908	0.0003936818906331574	0.015448788795571393
original	57	58	80.66	80.562	-0.09799999999999898	7	2	3	11	0.00012295239077083047	0.00034118748982814306	0.00510204081632653	3.664659454836025	3.663345888412456	0.001313566423569057	0.005697537339282409
original	57	58	80.66	80.562	-0.09799999999999898	8	2	4	0	0.00016445980754467706	0.0004176156342879933	0.01020408163265306	3.5859842199772802	3.5889534888786856	0.002969268901405364	0.011083083964626268
original	57	58	80.66	80.562	-0.09799999999999898	8	2	4	1	0.00011524112157947253	0.0003071228657375302	0.0663265306122449	3.616865062887859	3.6194877738018287	0.0026227109139695948	0.06701116569095886
original	57	58	80.66	80.562	-0.09799999999999898	8	2	4	2	0.00012911713664927145	0.000435207775044244	0.05612244897959184	3.769766367760055	3.7722583548400963	0.0024919870800412802	0.05693597259928948
original	57	58	80.66	80.562	-0.09799999999999898	8	2	4	3	0.0001541010804797936	0.00046010391266204653	0.04591836734693878	3.695580841374061	3.697921716557386	0.002340875183324709	0.046766659858413086
original	57	58	80.66	80.562	-0.09799999999999898	8	2	4	4	2.2821053179239577e-05	8.068617416656654e-05	0.04081632653061224	3.6867677417429996	3.6871064365809634	0.0003386948379637822	0.04095370324175442
original	57	58	80.66	80.562	-0.09799999999999898	8	2	4	5	0.00013793216398694214	0.00026055684721615346	0.02040816326530612	3.425904352620006	3.425706312967119	0.0001980396528873385	0.02082645624179795
original	57	58	80.66	80.562	-0.09799999999999898	8	2	4	6	8.715501089892635e-05	0.00027287978530099455	0.05102040816326531	3.697972956411679	3.697479979472856	0.0004929769388226646	0.051429740653347496
original	57	58	80.66	80.562	-0.09799999999999898	8	2	4	7	0.00010759201645614645	0.0003374636896855687	0.030612244897959183	3.6769182089533876	3.678349114097978	0.001430905144590433	0.03120039111855994
original	57	58	80.66	80.562	-0.09799999999999898	8	2	4	8	4.853022959666907e-05	0.00011566109400329427	0.02040816326530612	3.536098567850457	3.5341287479042722	0.0019698199461846144	0.020769336583524547
original	57	58	80.66	80.562	-0.09799999999999898	8	2	4	9	7.351266087974882e-05	0.00015103090229173777	0.061224489795918366	3.632455722387163	3.634349495548552	0.0018937731613886122	0.06163841067522872
original	57	58	80.66	80.562	-0.09799999999999898	8	2	4	10	9.490901769823915e-05	0.0002116754642447205	0.030612244897959183	3.5457666473858183	3.5471515723833917	0.0013849249975734779	0.03105732187965949
original	57	58	80.66	80.562	-0.09799999999999898	8	2	4	11	0.00016233192452312745	0.00043268300149035266	0.0663265306122449	3.5956970699701003	3.6006571403877476	0.004960070417647344	0.06741755258002312
original	57	58	80.66	80.562	-0.09799999999999898	9	2	5	0	0.00015112284312286374	0.00025742918045168484	0.025510204081632654	3.2133328921207696	3.215590764307889	0.0022578721871195917	0.02614454332391916
original	57	58	80.66	80.562	-0.09799999999999898	9	2	5	1	0.00014845128542814997	0.0002578716464874953	0.02040816326530612	3.205683769360042	3.2080668502184118	0.0023830808583698015	0.021052794283058746
original	57	58	80.66	80.562	-0.09799999999999898	9	2	5	2	0.00014600719109118771	8.334623508554628e-05	0.03571428571428571	2.8971401967756214	2.907935474615261	0.010795277839639628	0.03702316692442641
original	57	58	80.66	80.562	-0.09799999999999898	9	2	5	3	0.00014567039217418964	0.0003140521167771526	0.030612244897959183	3.3762209938989183	3.377896339898138	0.0016753459992195907	0.031239502006832485
original	57	58	80.66	80.562	-0.09799999999999898	9	2	5	4	9.634875915158694e-05	0.00015415795140505395	0.03571428571428571	3.064384249946108	3.062705707086707	0.0016785428594006113	0.03613264671078241
original	57	58	80.66	80.562	-0.09799999999999898	9	2	5	5	5.0055304777841915e-05	0.00013500560902313108	0.03571428571428571	3.5124595778049437	3.5128150688544055	0.0003554910494618646	0.03593489573303287
original	57	58	80.66	80.562	-0.09799999999999898	9	2	5	6	0.00013555910313442965	0.0003306218557993512	0.030612244897959183	3.6544846803394804	3.6560424601372286	0.0015577797977481822	0.031234203836667782
original	57	58	80.66	80.562	-0.09799999999999898	9	2	5	7	0.0001789373298399185	0.0003736115891044278	0.04591836734693878	3.41275109082354	3.4143210111839424	0.001569920360402488	0.04662790830192337
original	57	58	80.66	80.562	-0.09799999999999898	9	2	5	8	0.00011198527947335867	0.00015096188606489314	0.00510204081632653	3.03084845534723	3.0245007305012583	0.00634772484597157	0.005999760466461939
original	57	58	80.66	80.562	-0.09799999999999898	9	2	5	9	0.00014411900811864788	0.0002837040584737771	0.025510204081632654	3.272615645549266	3.2745206511460228	0.0019050055967566593	0.026128527707900744
original	57	58	80.66	80.562	-0.09799999999999898	9	2	5	10	0.00014396767546174957	0.00026353923470257	0.02040816326530612	3.299609139826599	3.2980640646078583	0.001545075218740699	0.02097017769734451
original	57	58	80.66	80.562	-0.09799999999999898	9	2	5	11	0.00010471927605355378	0.00022782248568720131	0.04081632653061224	3.2925718812295215	3.2926015631583083	2.968192878682885e-05	0.04115183648523168
original	57	58	80.66	80.562	-0.09799999999999898	10	3	0	0	0.0005564227380062937	0.0010573954656429851	0.03571428571428571	3.294812023642692	3.307048987612814	0.012236963970122083	0.038551800314947204
original	57	58	80.66	80.562	-0.09799999999999898	10	3	0	1	0.0005627157670301041	0.00096360400117812	0.05102040816326531	3.260264662304783	3.2687564409254204	0.008491778620637547	0.053395905793537285
original	57	58	80.66	80.562	-0.09799999999999898	10	3	0	2	0.0007298828308295641	0.0010116208078757571	0.00510204081632653	3.2321328323927956	3.2467275883076603	0.014594755914864699	0.008303020046518322
original	57	58	80.66	80.562	-0.09799999999999898	10	3	0	3	0.0005295678898349529	0.0009159555824154175	0.04081632653061224	3.4068993406058983	3.413945486404306	0.007046145798407899	0.0429664645827034
original	57	58	80.66	80.562	-0.09799999999999898	10	3	0	4	0.0005139113475939032	0.0009671214954275476	0.02040816326530612	3.352256169065676	3.355526855036282	0.003270685970606202	0.022216264705388192
original	57	58	80.66	80.562	-0.09799999999999898	10	3	0	5	0.0008771940210784996	0.0010220878713005366	0.01020408163265306	2.8617459446855738	2.8774714270583934	0.015725482372819677	0.013675911762314065
original	57	58	80.66	80.562	-0.09799999999999898	10	3	0	6	0.0005057767883687116	0.0010027620214269062	0.00510204081632653	3.38989660960574	3.3962109144757355	0.006314304869995624	0.007242010113121711
original	57	58	80.66	80.562	-0.09799999999999898	10	3	0	7	0.0001757679734738508	0.000498940991007113	0.025510204081632654	3.602550307298232	3.6041454723382245	0.0015951650399923523	0.026344429550112854
original	57	58	80.66	80.562	-0.09799999999999898	10	3	0	8	0.0005745997300947109	0.0008861700768323377	0.07653061224489796	3.1516286552761095	3.1613771829465502	0.009748527670440765	0.0789662348188691
original	57	58	80.66	80.562	-0.09799999999999898	10	3	0	9	0.00014701627322395776	0.00035805115251330566	0.02040816326530612	3.4010748660397176	3.3987357894482404	0.0023390765914772516	0.021147138350191108
original	57	58	80.66	80.562	-0.09799999999999898	10	3	0	10	0.0005441409374968364	0.0010555954143481872	0.025510204081632654	3.345470300878582	3.354008543018303	0.008538242139720875	0.027963764647449763
original	57	58	80.66	80.562	-0.09799999999999898	10	3	0	11	0.0004560445330106261	0.000860337217157392	0.04591836734693878	3.3455927183896312	3.355443266454429	0.009850548064797682	0.048219803903586565
original	57	58	80.66	80.562	-0.09799999999999898	10	3	0	12	0.0004729221097668738	0.0008418577683901862	0.04081632653061224	3.2647087339471756	3.268609084645403	0.0039003506982271396	0.04252114147859202
original	57	58	80.66	80.562	-0.09799999999999898	10	3	0	13	0.0006721178877613517	0.0009511426503542308	0.025510204081632654	3.3325805658045535	3.343003803819316	0.010423238014762415	0.028175788421224476
original	57	58	80.66	80.562	-0.09799999999999898	10	3	0	14	0.0002359932621424793	0.0005975545316790898	0.030612244897959183	3.3640094582963442	3.369807355809757	0.005797897513412753	0.03202558244312203
original	57	58	80.66	80.562	-0.09799999999999898	10	3	0	15	0.0004515839428275693	0.000880365233947189	0.0	3.106384434292587	3.1076813168774033	0.0012968825848163057	0.0014616374352563889
original	57	58	80.66	80.562	-0.09799999999999898	10	3	0	16	0.000522120511425954	0.00101072567433802	0.04081632653061224	3.3753062270361567	3.38017673674035	0.004870509704193449	0.04283622368679556
original	57	58	80.66	80.562	-0.09799999999999898	10	3	0	17	0.0005746468688432202	0.0010911530651318557	0.03571428571428571	3.2831017924841963	3.2807691805587487	0.0023326119254476474	0.03761334684080555
original	57	58	80.66	80.562	-0.09799999999999898	10	3	0	18	0.0003733075337999051	0.0009533232147334036	0.00510204081632653	3.5926304187693123	3.593513604698633	0.0008831859293207955	0.006516990157791919
original	57	58	80.66	80.562	-0.09799999999999898	10	3	0	19	0.0004733437036574109	0.0008901934861459404	0.025510204081632654	3.3786293070642697	3.3818984164088963	0.003269109344626653	0.027200652205898672
original	57	58	80.66	80.562	-0.09799999999999898	10	3	0	20	0.0005421400813786575	0.0009334896537739334	0.03571428571428571	2.9854954418165316	2.9844733199196694	0.001022121896862238	0.037292127639124525
original	57	58	80.66	80.562	-0.09799999999999898	10	3	0	21	0.0002063451824185775	0.0006201537504150201	0.04591836734693878	3.5330493701273187	3.5358765172812614	0.0028271471539427218	0.04702758099516665
original	57	58	80.66	80.562	-0.09799999999999898	10	3	0	22	0.0005439930525341697	0.001011801724707162	0.030612244897959183	3.3420566904260567	3.343001257747707	0.0009445673216501582	0.03226249640736553
original	57	58	80.66	80.562	-0.09799999999999898	10	3	0	23	0.0005553087959786192	0.0009725546742239688	0.015306122448979591	3.2579011643550744	3.2548807630197265	0.0030204013353478665	0.01713602605271697
original	57	58	80.66	80.562	-0.09799999999999898	11	3	1	0	3.0496024177387574e-05	9.171758305770439e-05	0.00510204081632653	3.4247159948859323	3.425268387875582	0.0005523929896495972	0.005279493722526582
original	57	58	80.66	80.562	-0.09799999999999898	11	3	1	1	0.0002342046250249912	0.0005440066661599463	0.01020408163265306	3.5826928194135843	3.576824953642442	0.005867865771142178	0.011569079500952217
original	57	58	80.66	80.562	-0.09799999999999898	11	3	1	2	0.0003815806311385205	0.0009236863477763979	0.015306122448979591	3.487939787282818	3.5088369434919287	0.0208971562091107	0.01870110504880558
original	57	58	80.66	80.562	-0.09799999999999898	11	3	1	3	0.0002617077691448991	0.0006458689537575113	0.02040816326530612	3.523789805504954	3.5252805614825165	0.0014907559775623191	0.021464815585964764
original	57	58	80.66	80.562	-0.09799999999999898	11	3	1	4	0.000234194501616963	0.0005145651853790678	0.01020408163265306	3.5783992823285717	3.5808039007018575	0.0024046183732857607	0.011193303156977667
original	57	58	80.66	80.562	-0.09799999999999898	11	3	1	5	0.00010064012105029385	0.00029114346827185944	0.04591836734693878	3.5218740225418474	3.519966260531898	0.0019077620099494652	0.04650092713725588
original	57	58	80.66	80.562	-0.09799999999999898	11	3	1	6	0.00027360842041631564	0.0005447631677127918	0.025510204081632654	3.410305400968637	3.4110623482216536	0.0007569472530164489	0.026404270395063406
original	57	58	80.66	80.562	-0.09799999999999898	11	3	1	7	0.0002175257934858235	0.0005268347444131738	0.025510204081632654	3.6176415503722423	3.624090780748761	0.006449230376518678	0.026899487657183516
original	57	58	80.66	80.562	-0.09799999999999898	11	3	1	8	0.00028679077133348014	0.0006323111574418894	0.015306122448979591	3.468639002396202	3.4631830319050128	0.005455970491189177	0.01677082142687388
original	57	58	80.66	80.562	-0.09799999999999898	11	3	1	9	0.00032047295789210237	0.000654221133309596	0.015306122448979591	3.3344173067146965	3.3336804004759855	0.0007369062387110326	0.01635450716405239
original	57	58	80.66	80.562	-0.09799999999999898	11	3	1	10	0.0002944760281399746	0.0007228711647832009	0.02040816326530612	3.54920113716524	3.5468407816320284	0.0023603555332116777	0.021661546011550466
original	57	58	80.66	80.562	-0.09799999999999898	11	3	1	11	0.00026511737905029353	0.0005825803751625669	0.02040816326530612	3.534584685136757	3.533584921838192	0.000999763298564993	0.02135583734937548
original	57	58	80.66	80.562	-0.09799999999999898	11	3	1	12	0.00027585255997995774	0.000581734370619591	0.05612244897959184	3.4500315372056605	3.4575928881995672	0.007561350993906757	0.05773617100958206
original	57	58	80.66	80.562	-0.09799999999999898	11	3	1	13	0.000254318990852715	0.0006515617743633184	0.03571428571428571	3.5601364673449796	3.5651915645089542	0.005055097163974676	0.03712567619589922
original	57	58	80.66	80.562	-0.09799999999999898	11	3	1	14	0.0001640012907645028	0.00048359658356333934	0.025510204081632654	3.5680400162521386	3.5703207340760925	0.0022807178239538928	0.026385873738355884
original	57	58	80.66	80.562	-0.09799999999999898	11	3	1	15	0.00024002214199575126	0.000669752377095989	0.061224489795918366	3.642120628131767	3.644243297293205	0.0021226691614382176	0.062346531231153926
original	57	58	80.66	80.562	-0.09799999999999898	11	3	1	16	0.0002567132815484144	0.0006644845674659283	0.02040816326530612	3.6154381144012238	3.6170927938223785	0.0016546794211547144	0.021494829056435936
original	57	58	80.66	80.562	-0.09799999999999898	11	3	1	17	0.00022477816718465975	0.0005205800098186941	0.030612244897959183	3.5553506726687223	3.557075793084945	0.0017251204162227474	0.03153011511658481
original	57	58	80.66	80.562	-0.09799999999999898	11	3	1	18	0.00033370831188145995	0.0007053794332891883	0.025510204081632654	3.5145540716695045	3.5188529040124474	0.0042988323429429265	0.026979175061097593
original	57	58	80.66	80.562	-0.09799999999999898	11	3	1	19	0.0002985382123441767	0.0006058860792362841	0.05102040816326531	3.4485500045565387	3.450440131878114	0.0018901273215754522	0.052113845187003315
original	57	58	80.66	80.562	-0.09799999999999898	11	3	1	20	0.00026325565423390327	0.0006037111964108943	0.025510204081632654	3.518856514793182	3.526165673316802	0.0073091585236202405	0.027108086784639475
original	57	58	80.66	80.562	-0.09799999999999898	11	3	1	21	0.00026364303822506725	0.0005425825627810577	0.01020408163265306	3.414912557077567	3.4152212470493644	0.00030868997179744895	0.011041176230838931
original	57	58	80.66	80.562	-0.09799999999999898	11	3	1	22	0.0002491145833694115	0.0005380105939725155	0.025510204081632654	3.481492261969745	3.486273158024784	0.004780896055039285	0.02677541886447851
original	57	58	80.66	80.562	-0.09799999999999898	11	3	1	23	0.0003242089091906678	0.0006632420129377703	0.025510204081632654	3.3128976069631846	3.3114878586692655	0.0014097482939190442	0.026638629833152995
original	58	59	80.562	80.562	0.0	0	0	0	0	7.699688683705763e-07	2.8001670441257787e-06	0.0	3.7757951181916103	3.776207683429823	0.00041256523821253666	4.482665973375002e-05
original	58	59	80.562	80.562	0.0	0	0	0	1	4.746257842735027e-07	1.2103332303059489e-07	0.0	2.234988714932491	2.2352991369728974	0.00031042204040643284	3.1637863147947385e-05
original	58	59	80.562	80.562	0.0	0	0	0	2	1.0373465324254206e-06	3.9572036912849384e-06	0.01020408163265306	3.8243455715039114	3.8242303633505874	0.00011520815332399792	0.01022059699820917
original	58	59	80.562	80.562	0.0	1	0	1	0	3.1966423478600413e-06	9.92610428018903e-06	0.01020408163265306	3.724144116055731	3.7238437373404816	0.0003003787152495718	0.010247242250806065
original	58	59	80.562	80.562	0.0	1	0	1	1	3.597926335902391e-06	1.5188066671001366e-06	0.00510204081632653	2.0465077488104626	2.0463449028218386	0.00016284598862403854	0.005123442148191937
original	58	59	80.562	80.562	0.0	1	0	1	2	3.8018435731040446e-06	1.3897911996352263e-05	0.00510204081632653	3.736347704384541	3.7360060217892195	0.0003416825953213021	0.005153908831428117
original	58	59	80.562	80.562	0.0	2	1	0	0	5.276581685471922e-06	1.4991141782827455e-05	0.025510204081632654	3.790679809896003	3.7906912194305735	1.1409534570461233e-05	0.025531612758558
original	58	59	80.562	80.562	0.0	2	1	0	1	7.158986694277899e-06	2.3399942181590028e-05	0.015306122448979591	3.77560687140738	3.776013982629241	0.0004071112218611006	0.01537739250004157
original	58	59	80.562	80.562	0.0	2	1	0	2	2.231953079581287e-05	2.453858852002888e-06	0.0	1.7742898866464127	1.7754804783655194	0.0011905917191066262	0.0001438325615584784
original	58	59	80.562	80.562	0.0	2	1	0	3	2.727474916405412e-05	2.3245443141473032e-06	0.0	1.4243406918752302	1.4290688448093483	0.004728152934118102	0.0005024145868900116
original	58	59	80.562	80.562	0.0	2	1	0	4	3.1563888551900456e-05	1.5091256982957546e-06	0.02040816326530612	0.8304418050341097	0.8300454020536562	0.0003964029804535141	0.02048087657760167
original	58	59	80.562	80.562	0.0	2	1	0	5	4.164626035864624e-05	1.725811600850058e-06	0.03571428571428571	0.9783583308407501	0.9922249742262879	0.01386664338553778	0.037144322124798984
original	58	59	80.562	80.562	0.0	3	1	1	0	3.926613130036118e-06	5.646498784650511e-06	0.0	3.0907392751108493	3.0906588719910575	8.040311979184978e-05	1.7613423893871605e-05
original	58	59	80.562	80.562	0.0	3	1	1	1	1.680323130117804e-05	5.6547080996560695e-06	0.0	1.9093892535311987	1.907529226992501	0.0018600265386976567	0.0002084605932705998
original	58	59	80.562	80.562	0.0	3	1	1	2	2.15612201917751e-05	3.0070734363563112e-05	0.00510204081632653	3.0325047987024796	3.0304555455884206	0.002049253114059013	0.0053585980822877695
original	58	59	80.562	80.562	0.0	3	1	1	3	3.446429399474515e-05	8.109727317340276e-05	0.030612244897959183	3.406378950935957	3.405309994274493	0.0010689566614643375	0.030834702131273765
original	58	59	80.562	80.562	0.0	3	1	1	4	1.879951515835987e-05	1.1977107681415688e-05	0.0	2.735725053430534	2.7343112625872705	0.0014137908432636515	0.0001721557071661407
original	58	59	80.562	80.562	0.0	3	1	1	5	1.2579476347553917e-05	2.433292059478287e-05	0.00510204081632653	3.281603779311469	3.283618376387759	0.0020145970762897036	0.005340412920897837
original	58	59	80.562	80.562	0.0	4	2	0	0	2.6756608336043645e-05	2.2006670631569136e-05	0.0	2.6212255309781383	2.620623749276445	0.000601781701693227	0.00010894144913693549
original	58	59	80.562	80.562	0.0	4	2	0	1	2.5556792319489305e-05	3.6748776965689345e-05	0.015306122448979591	3.419988201052664	3.419664262878066	0.0003239381745978598	0.015400821835724556
original	58	59	80.562	80.562	0.0	4	2	0	2	5.0897754327388446e-05	0.0001345067067283212	0.04081632653061224	3.6206346806324974	3.6208997922669317	0.00026511163443432295	0.04102824215511138
original	58	59	80.562	80.562	0.0	4	2	0	3	6.38255824521115e-05	0.00018246745627203964	0.03571428571428571	3.6983242651277375	3.6982271718606063	9.709326713114308e-05	0.035970288079722974
original	58	59	80.562	80.562	0.0	4	2	0	4	2.71569404252137e-05	8.683017544941496e-05	0.025510204081632654	3.7762744974771807	3.7763859746953323	0.00011147721815163436	0.025635338919322445
original	58	59	80.562	80.562	0.0	4	2	0	5	2.8081197845662356e-05	7.11688853671788e-06	0.0	2.110688159067731	2.111815382072567	0.001127223004835809	0.00014792038686596115
original	58	59	80.562	80.562	0.0	4	2	0	6	4.01217411570515e-05	1.1449397198437516e-05	0.0	2.2584184622685597	2.2598948349684305	0.001476372699870776	0.00019920840834256664
original	58	59	80.562	80.562	0.0	4	2	0	7	2.945394976684443e-05	0.00010279205514451828	0.09693877551020408	3.836152944944029	3.8361768684683537	2.3923524324676038e-05	0.0970734138675479
original	58	59	80.562	80.562	0.0	4	2	0	8	2.943736083841398e-05	0.00010769760671736073	0.07653061224489796	3.85006511541074	3.850384356275667	0.00031924086492729487	0.07669967129894646
original	58	59	80.562	80.562	0.0	4	2	0	9	1.4497348632209636e-05	3.178499324296702e-05	0.015306122448979591	3.3760690145579386	3.3770405865388637	0.0009715719809251233	0.01544956198894728
original	58	59	80.562	80.562	0.0	4	2	0	10	3.8539305998953015e-05	7.242703054077815e-06	0.0	2.097174746970831	2.0993982360521115	0.002223489081280672	0.000268130917181098
original	58	59	80.562	80.562	0.0	4	2	0	11	2.672867266021648e-05	5.339046487140564e-06	0.0	1.9353268367919658	1.9363040137160006	0.0009771769240347616	0.00012978541155083323
original	58	59	80.562	80.562	0.0	5	2	1	0	7.550770886067459e-05	0.00012031037241277964	0.015306122448979591	3.205623226555179	3.2069095677827764	0.0012863412275971875	0.015630574653012763
original	58	59	80.562	80.562	0.0	5	2	1	1	4.2978518202346445e-05	0.00011162263470321232	0.030612244897959183	3.558878604612206	3.559098889500962	0.0002202848887558062	0.030788874539740323
original	58	59	80.562	80.562	0.0	5	2	1	2	3.790487625107692e-05	8.09757359371277e-05	0.01020408163265306	3.389001421939781	3.3883903823100696	0.0006110396297112075	0.010384066207812386
original	58	59	80.562	80.562	0.0	5	2	1	3	5.650537904973759e-05	3.048302670405345e-05	0.01020408163265306	2.5128664125208067	2.5120526088387973	0.0008138036820093397	0.010372450406607786
original	58	59	80.562	80.562	0.0	5	2	1	4	5.496952580937885e-05	3.503244281732876e-05	0.015306122448979591	2.5325789189057613	2.533883347417384	0.0013044285116228238	0.015526567268768582
original	58	59	80.562	80.562	0.0	5	2	1	5	4.7111493148212116e-05	1.4624422554621042e-05	0.00510204081632653	2.163339202251611	2.1622088465401563	0.0011303557114548113	0.005276812303174844
original	58	59	80.562	80.562	0.0	5	2	1	6	4.580151050288906e-05	7.91915712672342e-05	0.015306122448979591	3.17318924205491	3.1726206620181694	0.0005685800367407623	0.015487973534423792
original	58	59	80.562	80.562	0.0	5	2	1	7	2.0401645435386574e-05	8.410477767339941e-06	0.0	2.1046980419619405	2.105119902601341	0.0004218606394004176	7.099818714276828e-05
original	58	59	80.562	80.562	0.0	5	2	1	8	3.034965916347731e-05	9.01170888589764e-06	0.00510204081632653	2.170951015044939	2.1735430090724934	0.0025919940275542785	0.005400601587131333
original	58	59	80.562	80.562	0.0	5	2	1	9	8.438752593005651e-05	0.00019813469388352267	0.030612244897959183	3.5456373357858557	3.5465431905691	0.0009058547832441199	0.030985352596097176
original	58	59	80.562	80.562	0.0	5	2	1	10	9.398240751167498e-05	0.00011684540026124512	0.03571428571428571	3.071898324426409	3.0709918242594028	0.0009065001670061079	0.036015763538759245
original	58	59	80.562	80.562	0.0	5	2	1	11	8.97043861395619e-05	0.00010751903920769301	0.02040816326530612	2.9860667319867997	2.987461036290466	0.0013943043036661606	0.02074481712101999
original	58	59	80.562	80.562	0.0	6	2	2	0	5.447497878759641e-05	0.00017569707103026744	0.02040816326530612	3.7554526515829343	3.7557532798065014	0.00030062822356713426	0.020668398137480698
original	58	59	80.562	80.562	0.0	6	2	2	1	4.338904226508356e-05	0.00016460850322796983	0.08163265306122448	3.713947639004355	3.710645990883176	0.003301648121178946	0.08217081541883543
original	58	59	80.562	80.562	0.0	6	2	2	2	8.32751307245378e-05	0.0002665355489058774	0.02040816326530612	3.7210861779090147	3.7204730280330454	0.0006131498759693876	0.020819288932533476
original	58	59	80.562	80.562	0.0	6	2	2	3	3.330137767677691e-05	7.314383980194794e-05	0.025510204081632654	3.5961017408617164	3.5962375008292558	0.0001357599675393395	0.025630225295865314
original	58	59	80.562	80.562	0.0	6	2	2	4	9.814886223407028e-05	0.00026937864549436696	0.03571428571428571	3.6276981761360214	3.6278149934910573	0.00011681735503588087	0.036093494957517736
original	58	59	80.562	80.562	0.0	6	2	2	5	1.62705410644933e-05	2.5058869059568778e-05	0.00510204081632653	2.6029646178898544	2.602584617419726	0.0003800004701286497	0.005181370273463457
original	58	59	80.562	80.562	0.0	6	2	2	6	3.234983149065661e-05	0.00011183593662145164	0.061224489795918366	3.8184301892042116	3.818581574632261	0.00015138542804926658	0.061383814106835397
original	58	59	80.562	80.562	0.0	6	2	2	7	5.468329972888716e-05	5.5033213819721816e-05	0.015306122448979591	3.01039011747501	3.010111196860394	0.00027892061461587403	0.015443731023989788
original	58	59	80.562	80.562	0.0	6	2	2	8	7.026142433398349e-05	0.00013908382275151787	0.015306122448979591	3.43639055826104	3.435028992776262	0.001361565484777838	0.015651624244542875
original	58	59	80.562	80.562	0.0	6	2	2	9	6.913020385065585e-05	4.7157159203448096e-05	0.00510204081632653	2.6701854874965605	2.672052002574875	0.001866515078314368	0.005404979687212071
original	58	59	80.562	80.562	0.0	6	2	2	10	8.060621083494542e-05	6.900375526619484e-05	0.01020408163265306	2.8377850025280567	2.8391554851221636	0.001370482594106992	0.0104907398581649
original	58	59	80.562	80.562	0.0	6	2	2	11	4.9081988225965564e-05	0.0001597642927892995	0.07653061224489796	3.7364427540372938	3.736277932136646	0.00016482190064781577	0.07675594071597801
original	58	59	80.562	80.562	0.0	7	2	3	0	9.24469401771698e-05	8.018374436269404e-05	0.01020408163265306	2.7193898684961106	2.7180110962275483	0.0013787722685623116	0.010514589544049156
original	58	59	80.562	80.562	0.0	7	2	3	1	0.00016141274875480595	8.601707795874436e-05	0.01020408163265306	2.462599055879775	2.438804348655483	0.02379470722429211	0.012830982181795823
original	58	59	80.562	80.562	0.0	7	2	3	2	8.481541168507597e-05	6.571626613360859e-05	0.00510204081632653	2.6777234653729907	2.6775860684524186	0.00013739692057201935	0.005266312186202417
original	58	59	80.562	80.562	0.0	7	2	3	3	3.7623936177032206e-05	0.0001035782013604214	0.00510204081632653	3.6138674626947673	3.614298490379013	0.0004310276842458549	0.00528634572228857
original	58	59	80.562	80.562	0.0	7	2	3	4	9.150899570861905e-05	0.0002260433051696209	0.02040816326530612	3.598898068941327	3.5976479956615712	0.0012500732797557923	0.020850722894159943
original	58	59	80.562	80.562	0.0	7	2	3	5	7.567729451693337e-05	4.060650733517246e-05	0.0	2.225211282961289	2.2250783859788874	0.00013289698240148695	0.00012957350009225451
original	58	59	80.562	80.562	0.0	7	2	3	6	0.00011084902109772659	0.000258849290632468	0.030612244897959183	3.485106791834719	3.4845195954580848	0.0005871963766344024	0.03104066284735282
original	58	59	80.562	80.562	0.0	7	2	3	7	7.093389691308274e-05	0.00014866366533339281	0.025510204081632654	3.3916293749704147	3.392436667687829	0.0008072927174143096	0.02581053091562056
original	58	59	80.562	80.562	0.0	7	2	3	8	6.171082032074996e-05	0.00010396342085883248	0.03571428571428571	3.1142344452545343	3.113675303664513	0.0005591415900214614	0.03593587411446744
original	58	59	80.562	80.562	0.0	7	2	3	9	0.00010388233931622713	0.000225464821954513	0.00510204081632653	3.422949952419679	3.422277295302261	0.0006726571174180407	0.005498653689339075
original	58	59	80.562	80.562	0.0	7	2	3	10	6.058388483803661e-05	3.647298956233058e-05	0.01020408163265306	2.0444618636365908	2.0437969604003308	0.000664903236260006	0.010367628830679428
original	58	59	80.562	80.562	0.0	7	2	3	11	0.00012433778875636157	0.00034449295122707113	0.03571428571428571	3.663345888412456	3.6627771193107037	0.0005687691017524088	0.03623999336444438
original	58	59	80.562	80.562	0.0	8	2	4	0	0.00014646506743938394	0.0003644956608332972	0.015306122448979591	3.5889534888786856	3.5869957613719468	0.0019577275067388378	0.016012855927926156
original	58	59	80.562	80.562	0.0	8	2	4	1	0.00011128737445680761	0.00029203674467881413	0.05102040816326531	3.6194877738018287	3.617729134069968	0.001758639731860523	0.05159959625558698
original	58	59	80.562	80.562	0.0	8	2	4	2	0.00012934317396324385	0.0004254927388277485	0.030612244897959183	3.7722583548400963	3.7697554508161883	0.002502904023907959	0.03141737121314097
original	58	59	80.562	80.562	0.0	8	2	4	3	0.00014501440122340726	0.0004253375674136972	0.04591836734693878	3.697921716557386	3.6950762300222904	0.0028454865350955316	0.04677326796908544
original	58	59	80.562	80.562	0.0	8	2	4	4	2.4005768487895313e-05	8.631477595377746e-05	0.03571428571428571	3.6871064365809634	3.6863924510660167	0.0007139855149467245	0.03589600481022205
original	58	59	80.562	80.562	0.0	8	2	4	5	0.0001469353672011033	0.0002745954224085967	0.015306122448979591	3.425706312967119	3.4217266752730207	0.003979637694098148	0.016125617007999107
original	58	59	80.562	80.562	0.0	8	2	4	6	8.345505167385453e-05	0.00024426133143506945	0.04081632653061224	3.697479979472856	3.698484489778254	0.0010045103053979432	0.04124449394426096
original	58	59	80.562	80.562	0.0	8	2	4	7	0.00010964275511312609	0.0003392520376443997	0.04591836734693878	3.678349114097978	3.6767132169514234	0.0016358971465546546	0.04653085185435177
original	58	59	80.562	80.562	0.0	8	2	4	8	4.750319209436613e-05	0.00011163621991494566	0.030612244897959183	3.5341287479042722	3.5357984744335154	0.0016697265292431318	0.030938356962892807
original	58	59	80.562	80.562	0.0	8	2	4	9	6.866865102527262e-05	0.00014348446244205615	0.08163265306122448	3.634349495548552	3.6345372481883733	0.00018775263982151458	0.08186358143867396
original	58	59	80.562	80.562	0.0	8	2	4	10	9.05644308054318e-05	0.00020835176636957442	0.025510204081632654	3.5471515723833917	3.546234446381718	0.0009171260016738181	0.02590083287897504
original	58	59	80.562	80.562	0.0	8	2	4	11	0.00014730812198609182	0.00037375093280811456	0.05612244897959184	3.6006571403877476	3.5985367986209464	0.0021203417668012037	0.056855542211066167
original	58	59	80.562	80.562	0.0	9	2	5	0	0.00015477252364175408	0.00028443528848398625	0.04591836734693878	3.215590764307889	3.2141894244882057	0.0014013398196834892	0.046497709141032864
original	58	59	80.562	80.562	0.0	9	2	5	1	0.00013776335958096462	0.0002502958825159052	0.025510204081632654	3.2080668502184118	3.2074388405524172	0.0006280096659945222	0.025961064290328975
original	58	59	80.562	80.562	0.0	9	2	5	2	0.0001431089686378465	9.469762151148586e-05	0.03571428571428571	2.907935474615261	2.895933550227702	0.012001924387559093	0.037152284743190954
original	58	59	80.562	80.562	0.0	9	2	5	3	0.00014494045839617305	0.00031162132348971916	0.04591836734693878	3.377896339898138	3.376845321418837	0.0010510184793006694	0.04648003097675474
original	58	59	80.562	80.562	0.0	9	2	5	4	9.876743000770876e-05	0.0001497085954665911	0.02040816326530612	3.062705707086707	3.0648396743332498	0.0021339672465425785	0.02087003601543468
original	58	59	80.562	80.562	0.0	9	2	5	5	4.7324219397574296e-05	0.0001174432080409682	0.030612244897959183	3.5128150688544055	3.512365537579725	0.00044953127468039256	0.030821965452865766
original	58	59	80.562	80.562	0.0	9	2	5	6	0.0001522530622320161	0.0003574615645773882	0.030612244897959183	3.6560424601372286	3.656233807184988	0.00019134704775947142	0.031141094229544534
original	58	59	80.562	80.562	0.0	9	2	5	7	0.00017153128874383334	0.00036968359332101297	0.025510204081632654	3.4143210111839424	3.4139709377960057	0.0003500733879366891	0.02608642630249117
original	58	59	80.562	80.562	0.0	9	2	5	8	9.49491279938105e-05	0.00011396787551076759	0.0	3.0245007305012583	3.025782676078807	0.0012819455775487931	0.0003371115612594574
original	58	59	80.562	80.562	0.0	9	2	5	9	0.00014247313312339518	0.0002729362078296438	0.05612244897959184	3.2745206511460228	3.273193152031877	0.0013274991141458692	0.05667060823195946
original	58	59	80.562	80.562	0.0	9	2	5	10	0.00014127322395203536	0.000274480784398734	0.030612244897959183	3.2980640646078583	3.2996449085319846	0.001580843924126274	0.031186083298722578
original	58	59	80.562	80.562	0.0	9	2	5	11	0.00010139146576817937	0.00021271877388140403	0.05102040816326531	3.2926015631583083	3.292958005085385	0.00035644192707673383	0.05137016259562256
original	58	59	80.562	80.562	0.0	10	3	0	0	0.0004557340449427628	0.0008061477695078256	0.030612244897959183	3.307048987612814	3.302473123063158	0.0045758645496563055	0.0323317131673754
original	58	59	80.562	80.562	0.0	10	3	0	1	0.0004737173113346039	0.0008746438259135125	0.04081632653061224	3.2687564409254204	3.2731687806840366	0.004412339758616213	0.042605921643721976
original	58	59	80.562	80.562	0.0	10	3	0	2	0.0006081554808301227	0.0007836052460561405	0.015306122448979591	3.2467275883076603	3.238380491469782	0.008347096837878265	0.01753259285965368
original	58	59	80.562	80.562	0.0	10	3	0	3	0.0004442044767769341	0.0007538570120930732	0.04081632653061224	3.413945486404306	3.4131430638011886	0.0008024226031175807	0.04209463027979401
original	58	59	80.562	80.562	0.0	10	3	0	4	0.0004449784340026719	0.0007998520431434786	0.02040816326530612	3.355526855036282	3.35628234149338	0.000755486457097998	0.021728542388162072
original	58	59	80.562	80.562	0.0	10	3	0	5	0.0006179407695192183	0.0006991639794141635	0.01020408163265306	2.8774714270583934	2.8773745944198725	9.683263852089397e-05	0.011530869645438532
original	58	59	80.562	80.562	0.0	10	3	0	6	0.0003646337823659096	0.0007105827859116287	0.01020408163265306	3.3962109144757355	3.394286050528848	0.0019248639468876227	0.011471784595619362
original	58	59	80.562	80.562	0.0	10	3	0	7	0.0001971139961251141	0.0005972982016115846	0.00510204081632653	3.6041454723382245	3.6086759409516502	0.004530468613425764	0.006349499875405806
original	58	59	80.562	80.562	0.0	10	3	0	8	0.0004968299111337766	0.0008315434396930499	0.05612244897959184	3.1613771829465502	3.1626423879362124	0.0012652049896622053	0.057577342829384884
original	58	59	80.562	80.562	0.0	10	3	0	9	0.00014627613038266214	0.0003772457400581519	0.01020408163265306	3.3987357894482404	3.400464585177919	0.001728795729678545	0.010900483076061729
original	58	59	80.562	80.562	0.0	10	3	0	10	0.0004345650197375404	0.0008423846520519973	0.05612244897959184	3.354008543018303	3.349037383733383	0.004971159284920201	0.057896514579873395
original	58	59	80.562	80.562	0.0	10	3	0	11	0.00033695491376074924	0.0005952186691797756	0.025510204081632654	3.355443266454429	3.3540632994027204	0.0013799670517085083	0.026580374369744027
original	58	59	80.562	80.562	0.0	10	3	0	12	0.0003829321588706814	0.0006406266421874474	0.025510204081632654	3.268609084645403	3.2696787981888704	0.001069713543467632	0.02664073423703755
original	58	59	80.562	80.562	0.0	10	3	0	13	0.0007559156005338288	0.0013475913491773905	0.030612244897959183	3.343003803819316	3.323495250615099	0.01950855320421674	0.03466660716809208
original	58	59	80.562	80.562	0.0	10	3	0	14	0.0001913434399593701	0.0005085346511920497	0.02040816326530612	3.369807355809757	3.372503295137649	0.0026959393278920274	0.021377635289246744
original	58	59	80.562	80.562	0.0	10	3	0	15	0.00039857541164185295	0.0006669341668260609	0.01020408163265306	3.1076813168774033	3.113989210424067	0.006307893546663834	0.011900380565787357
original	58	59	80.562	80.562	0.0	10	3	0	16	0.0004616000654511323	0.0008820811140163309	0.04081632653061224	3.38017673674035	3.3794619260262473	0.0007148107141028426	0.04223148878148999
original	58	59	80.562	80.562	0.0	10	3	0	17	0.00038212559015191635	0.0005637429464296906	0.015306122448979591	3.2807691805587487	3.2792557555737334	0.001513424985015277	0.016403333484062727
original	58	59	80.562	80.562	0.0	10	3	0	18	0.0003125035429130407	0.0008721754945201221	0.02040816326530612	3.593513604698633	3.592413686308045	0.001099918390587984	0.02170283414179808
original	58	59	80.562	80.562	0.0	10	3	0	19	0.00039075398000089964	0.0006036736839168944	0.0	3.3818984164088963	3.392556895915473	0.010658479506576501	0.0020602756145754442
original	58	59	80.562	80.562	0.0	10	3	0	20	0.00047412527103780287	0.0006339511230010197	0.04591836734693878	2.9844733199196694	2.9880661507062296	0.0035928307865602527	0.04738572681963363
original	58	59	80.562	80.562	0.0	10	3	0	21	0.00020876240662339541	0.0006486578311777347	0.04591836734693878	3.5358765172812614	3.5395036240523154	0.003627106771054045	0.04713849826184531
original	58	59	80.562	80.562	0.0	10	3	0	22	0.00042677771283877557	0.0007673971411271685	0.025510204081632654	3.343001257747707	3.342962677438408	3.858030929881906e-05	0.026708236966528482
original	58	59	80.562	80.562	0.0	10	3	0	23	0.0004123757118100633	0.000657967814497451	0.01020408163265306	3.2548807630197265	3.2616330422696276	0.006752279249901072	0.011949653083950683
original	58	59	80.562	80.562	0.0	11	3	1	0	3.260657676014428e-05	0.00011095709442299206	0.015306122448979591	3.425268387875582	3.425068981482332	0.0001994063932500012	0.015469626759487728
original	58	59	80.562	80.562	0.0	11	3	1	1	0.0002561995990764133	0.0005904065083954801	0.00510204081632653	3.576824953642442	3.588609741495819	0.011784787853376777	0.007127125709136101
original	58	59	80.562	80.562	0.0	11	3	1	2	0.0002659162794292389	0.0006950054163017416	0.030612244897959183	3.5088369434919287	3.507545560023111	0.0012913834688177417	0.03170230494057194
original	58	59	80.562	80.562	0.0	11	3	1	3	0.000309646792196751	0.0007298964150003195	0.030612244897959183	3.5252805614825165	3.533307052327556	0.008026490845039369	0.032454437189660186
original	58	59	80.562	80.562	0.0	11	3	1	4	0.00023132952786794993	0.0006334355659970425	0.015306122448979591	3.5808039007018575	3.58192982809781	0.0011259273959525196	0.016283480282439835
original	58	59	80.562	80.562	0.0	11	3	1	5	0.00010858614912653906	0.0003300065028828403	0.04591836734693878	3.519966260531898	3.5238224831549827	0.003856222623084715	0.046742582261256625
original	58	59	80.562	80.562	0.0	11	3	1	6	0.0002887826620654013	0.00059359893447819	0.015306122448979591	3.4110623482216536	3.412853614684554	0.0017912664629005093	0.016367630691813233
original	58	59	80.562	80.562	0.0	11	3	1	7	0.00026713861715146875	0.0007083315074200014	0.015306122448979591	3.624090780748761	3.616575264332587	0.007515516416173984	0.01703314421516846
original	58	59	80.562	80.562	0.0	11	3	1	8	0.0002799444971897036	0.0005571076402527408	0.02040816326530612	3.4631830319050128	3.463459306978668	0.0002762750736553521	0.0212728429101141
original	58	59	80.562	80.562	0.0	11	3	1	9	0.00030876224884252045	0.0005440223263867283	0.03571428571428571	3.3336804004759855	3.333024836671689	0.000655563804296655	0.03663262666994463
original	58	59	80.562	80.562	0.0	11	3	1	10	0.00027016631189473423	0.0006034786460117347	0.01020408163265306	3.5468407816320284	3.550781864454503	0.0039410828224744066	0.011471834872806971
original	58	59	80.562	80.562	0.0	11	3	1	11	0.0002449565459034294	0.0005596841700421518	0.015306122448979591	3.533584921838192	3.539208778007804	0.005623856169612029	0.016673148781886374
original	58	59	80.562	80.562	0.0	11	3	1	12	0.00023986491913682644	0.0004827388415841183	0.04081632653061224	3.4575928881995672	3.452051906079455	0.005540982120112226	0.04209302850334441
original	58	59	80.562	80.562	0.0	11	3	1	13	0.00026617681394093887	0.0006976380902252721	0.025510204081632654	3.5651915645089542	3.5616643931465504	0.0035271713624038803	0.026826736122039254
original	58	59	80.562	80.562	0.0	11	3	1	14	0.0001454887919098865	0.00036571515327421533	0.03571428571428571	3.5703207340760925	3.570869906717722	0.0005491726416293474	0.03628040692363275
original	58	59	80.562	80.562	0.0	11	3	1	15	0.00022569729302622236	0.0005739174803620628	0.025510204081632654	3.644243297293205	3.6403136182309312	0.0039296790622738165	0.02670278676124832
original	58	59	80.562	80.562	0.0	11	3	1	16	0.0002426399496165371	0.0006499302878024693	0.02040816326530612	3.6170927938223785	3.616139240497101	0.0009535533252775785	0.021396088835252885
original	58	59	80.562	80.562	0.0	11	3	1	17	0.00023272733360808306	0.0005788507704256318	0.02040816326530612	3.557075793084945	3.5495941349246802	0.007481658160264804	0.021967907185366318
original	58	59	80.562	80.562	0.0	11	3	1	18	0.0002954898218356806	0.0005945489016456751	0.015306122448979591	3.5188529040124474	3.517117798894972	0.0017351051174756549	0.016369671684208515
original	58	59	80.562	80.562	0.0	11	3	1	19	0.00024494472071977475	0.000474669158253449	0.015306122448979591	3.450440131878114	3.4561368527460234	0.0056967208679092884	0.016595408414743745
original	58	59	80.562	80.562	0.0	11	3	1	20	0.00025041540943489986	0.0006096592724186278	0.02040816326530612	3.526165673316802	3.5205778890586337	0.005587784258168416	0.02182701637297649
original	58	59	80.562	80.562	0.0	11	3	1	21	0.00022046734708421707	0.0005264418723941455	0.01020408163265306	3.4152212470493644	3.418763033269196	0.0035417862198316996	0.011305169474114593
original	58	59	80.562	80.562	0.0	11	3	1	22	0.00022418444349984055	0.0005415817724105931	0.025510204081632654	3.486273158024784	3.479857668381538	0.0064154896432460085	0.026917519261867688
original	58	59	80.562	80.562	0.0	11	3	1	23	0.00030179714282428855	0.0005401065217515155	0.025510204081632654	3.3114878586692655	3.307696123330546	0.0037917353387193486	0.026731281280080395
original	59	60	80.562	80.57	0.007999999999995566	0	0	0	0	8.642904502110046e-07	2.573944235750858e-06	0.0	3.776207683429823	3.775808534348799	0.0003991490810237863	4.33531427883405e-05
original	59	60	80.562	80.57	0.007999999999995566	0	0	0	1	5.855164626645562e-07	1.4421597960279087e-07	0.0	2.2352991369728974	2.2355845205807046	0.0002853836078071659	2.9268093222983937e-05
original	59	60	80.562	80.57	0.007999999999995566	0	0	0	2	1.2000530803562805e-06	4.454886352589504e-06	0.00510204081632653	3.8242303633505874	3.824103095310306	0.00012726804028151406	0.005120422559787627
original	59	60	80.562	80.57	0.007999999999995566	1	0	1	0	3.302510617584581e-06	1.0261468125216666e-05	0.02040816326530612	3.7238437373404816	3.7237241282169653	0.00011960912351627329	0.020433688156400547
original	59	60	80.562	80.57	0.007999999999995566	1	0	1	1	3.351299697366737e-06	1.2866240272080276e-06	0.0	2.0463449028218386	2.047128910154907	0.0007840073330682706	8.303865703140183e-05
original	59	60	80.562	80.57	0.007999999999995566	1	0	1	2	2.9384059044483455e-06	1.0029486988916148e-05	0.00510204081632653	3.7360060217892195	3.7362544817863754	0.0002484599971559476	0.005139854708935489
original	59	60	80.562	80.57	0.007999999999995566	2	1	0	0	4.7359760757390004e-06	1.3402123922312548e-05	0.025510204081632654	3.7906912194305735	3.7907059533013125	1.4733870739025434e-05	0.02552981556870461
original	59	60	80.562	80.57	0.007999999999995566	2	1	0	1	7.809530054015703e-06	2.5989168065176926e-05	0.025510204081632654	3.776013982629241	3.7755979716548005	0.00041601097444043944	0.02558560387719589
original	59	60	80.562	80.57	0.007999999999995566	2	1	0	2	2.22164537283573e-05	3.2072297586616116e-06	0.00510204081632653	1.7754804783655194	1.7783405961701257	0.002860117804606377	0.005413476280274187
original	59	60	80.562	80.57	0.007999999999995566	2	1	0	3	2.6161171947861896e-05	2.6414592851908836e-06	0.01020408163265306	1.4290688448093483	1.4337672260888856	0.004698381279537367	0.01070272239183985
original	59	60	80.562	80.57	0.007999999999995566	2	1	0	4	3.223267806270313e-05	2.0080937788158337e-06	0.02040816326530612	0.8300454020536562	0.8291908711308036	0.0008545309228525921	0.0205278571294329
original	59	60	80.562	80.57	0.007999999999995566	2	1	0	5	3.1903927447775286e-05	1.4259189400345207e-06	0.025510204081632654	0.9922249742262879	0.9853698794794953	0.006855094746792578	0.02622904340269972
original	59	60	80.562	80.57	0.007999999999995566	3	1	1	0	4.507356715933502e-06	7.345487393006778e-06	0.00510204081632653	3.0906588719910575	3.0903416187392123	0.00031725325184517317	0.005145618985619988
original	59	60	80.562	80.57	0.007999999999995566	3	1	1	1	2.4921406619020634e-05	7.6164570577130775e-06	0.0	1.907529226992501	1.913907972315472	0.006378745322970891	0.0006704123959738229
original	59	60	80.562	80.57	0.007999999999995566	3	1	1	2	2.104135126503349e-05	3.021516308010508e-05	0.00510204081632653	3.0304555455884206	3.0306886117741105	0.0002330661856899674	0.005176603949240666
original	59	60	80.562	80.57	0.007999999999995566	3	1	1	3	3.694246340739113e-05	8.593313294746885e-05	0.03571428571428571	3.405309994274493	3.4057437188258057	0.0004337245513128529	0.03588053376577186
original	59	60	80.562	80.57	0.007999999999995566	3	1	1	4	2.1157303997959016e-05	1.4722044943793478e-05	0.0	2.7343112625872705	2.736611109140019	0.002299846552748619	0.0002658640042166144
original	59	60	80.562	80.57	0.007999999999995566	3	1	1	5	1.264546696560971e-05	2.2294500556907515e-05	0.01020408163265306	3.283618376387759	3.2818132357952643	0.0018051405924945918	0.010419535659425036
original	59	60	80.562	80.57	0.007999999999995566	4	2	0	0	2.436533318517673e-05	1.7898149641037975e-05	0.0	2.620623749276445	2.618705780165355	0.001917969111090212	0.0002340603939352359
original	59	60	80.562	80.57	0.007999999999995566	4	2	0	1	2.7593678990567247e-05	4.20960591520636e-05	0.01020408163265306	3.419664262878066	3.4188451629534486	0.0008190999246173725	0.01035568136325743
original	59	60	80.562	80.57	0.007999999999995566	4	2	0	2	5.1714765308959366e-05	0.00013508104838788615	0.030612244897959183	3.6208997922669317	3.620468766338712	0.00043102592821986363	0.030842143304478015
original	59	60	80.562	80.57	0.007999999999995566	4	2	0	3	6.340405306497265e-05	0.00019015929574517365	0.03571428571428571	3.6982271718606063	3.6980558728321045	0.00017129902850188117	0.035984978965946046
original	59	60	80.562	80.57	0.007999999999995566	4	2	0	4	3.258096477471609e-05	0.00011023243993135701	0.025510204081632654	3.7763859746953323	3.7764674934308062	8.151873547390664e-05	0.02566116935988612
original	59	60	80.562	80.57	0.007999999999995566	4	2	0	5	3.0942776026742625e-05	9.32447094958988e-06	0.0	2.111815382072567	2.1126311844097327	0.0008158023371658274	0.00012184748069291526
original	59	60	80.562	80.57	0.007999999999995566	4	2	0	6	4.0161875775764135e-05	1.0697214130828137e-05	0.00510204081632653	2.2598948349684305	2.2600884580553355	0.00019362308690507035	0.00517226221492363
original	59	60	80.562	80.57	0.007999999999995566	4	2	0	7	2.6627772486981257e-05	9.314200181875787e-05	0.08163265306122448	3.8361768684683537	3.8364755397706354	0.00029867130228167227	0.08178228996575838
original	59	60	80.562	80.57	0.007999999999995566	4	2	0	8	3.090555165584076e-05	0.00011378785917737222	0.07653061224489796	3.850384356275667	3.8504334872121695	4.913093650227296e-05	0.0766802187493814
original	59	60	80.562	80.57	0.007999999999995566	4	2	0	9	2.174797317127236e-05	5.882629580755694e-05	0.030612244897959183	3.3770405865388637	3.377004267962171	3.6318576692728755e-05	0.030696451024607285
original	59	60	80.562	80.57	0.007999999999995566	4	2	0	10	3.9404419659855265e-05	7.608349082532939e-06	0.0	2.0993982360521115	2.0990721459507373	0.0003260901013741879	7.9621778879807e-05
original	59	60	80.562	80.57	0.007999999999995566	4	2	0	11	3.0791556190268955e-05	6.011974798214581e-06	0.0	1.9363040137160006	1.934932603867475	0.0013714098485255732	0.00017394451584104088
original	59	60	80.562	80.57	0.007999999999995566	5	2	1	0	7.845214556547847e-05	0.00014265276927971637	0.01020408163265306	3.2069095677827764	3.2068748682551704	3.4699527605930314e-05	0.010428656500258848
original	59	60	80.562	80.57	0.007999999999995566	5	2	1	1	4.580144932934179e-05	0.00011162887250715237	0.05612244897959184	3.559098889500962	3.5599237799409003	0.0008248904399383861	0.05636236834542217
original	59	60	80.562	80.57	0.007999999999995566	5	2	1	2	3.5812553931885755e-05	7.691548017552119e-05	0.015306122448979591	3.3883903823100696	3.387373471219062	0.001016911091007433	0.015520541592187742
original	59	60	80.562	80.57	0.007999999999995566	5	2	1	3	5.565502970374674e-05	3.406483323409315e-05	0.01020408163265306	2.5120526088387973	2.5107766305887096	0.0012759782500877392	0.010421399320599673
original	59	60	80.562	80.57	0.007999999999995566	5	2	1	4	5.2845843083851063e-05	3.143049953002741e-05	0.01020408163265306	2.533883347417384	2.534097550213583	0.00021420279619910332	0.010309778254886848
original	59	60	80.562	80.57	0.007999999999995566	5	2	1	5	4.6889733559607526e-05	1.5067364882326295e-05	0.00510204081632653	2.1622088465401563	2.1610645444579846	0.0011443020821717553	0.00527842812298564
original	59	60	80.562	80.57	0.007999999999995566	5	2	1	6	4.8464106902374426e-05	8.214673304307585e-05	0.015306122448979591	3.1726206620181694	3.1729060800208004	0.0002854180026310438	0.015465275089188145
original	59	60	80.562	80.57	0.007999999999995566	5	2	1	7	2.1138112350110724e-05	1.0427126545309306e-05	0.0	2.105119902601341	2.1047681659568576	0.00035173664448340247	6.673890334376028e-05
original	59	60	80.562	80.57	0.007999999999995566	5	2	1	8	3.225094817620178e-05	1.0941395858332648e-05	0.0	2.1735430090724934	2.1738600135498696	0.00031700447737614823	7.489279177214924e-05
original	59	60	80.562	80.57	0.007999999999995566	5	2	1	9	8.619547355132807e-05	0.00020340053964595928	0.015306122448979591	3.5465431905691	3.545708226889242	0.0008349636798579141	0.015679214830162668
original	59	60	80.562	80.57	0.007999999999995566	5	2	1	10	0.00010524263843975525	0.00013792122991440614	0.02040816326530612	3.0709918242594028	3.0734753068493963	0.0024834825899935353	0.020899675392659633
original	59	60	80.562	80.57	0.007999999999995566	5	2	1	11	8.667158718539186e-05	0.00010371018061761106	0.015306122448979591	2.987461036290466	2.985603189537797	0.00185784675266909	0.015682288892049503
original	59	60	80.562	80.57	0.007999999999995566	6	2	2	0	6.040708304958394e-05	0.00019658831822255696	0.030612244897959183	3.7557532798065014	3.755200674332912	0.0005526054735893737	0.03092450084659026
original	59	60	80.562	80.57	0.007999999999995566	6	2	2	1	4.087241770845612e-05	0.00013834670835888296	0.05612244897959184	3.710645990883176	3.713246355270864	0.002600364387688181	0.05656170454442799
original	59	60	80.562	80.57	0.007999999999995566	6	2	2	2	8.640111662568746e-05	0.0002780982569230428	0.05102040816326531	3.7204730280330454	3.7214069889366637	0.0009339609036183028	0.05147830362717587
original	59	60	80.562	80.57	0.007999999999995566	6	2	2	3	3.830835116556973e-05	9.099353494368412e-05	0.025510204081632654	3.5962375008292558	3.5959587012456553	0.000278799583600442	0.025667385926101953
original	59	60	80.562	80.57	0.007999999999995566	6	2	2	4	9.731779056421873e-05	0.00025397289680018087	0.04591836734693878	3.6278149934910573	3.628116167911906	0.0003011744208487599	0.046299775476388055
original	59	60	80.562	80.57	0.007999999999995566	6	2	2	5	2.1467229235264915e-05	3.6794316354837875e-05	0.00510204081632653	2.602584617419726	2.603811921413125	0.001227303993398987	0.005283032761256532
original	59	60	80.562	80.57	0.007999999999995566	6	2	2	6	3.4160306406758186e-05	0.00011405424549915111	0.05102040816326531	3.818581574632261	3.8184955917150183	8.598291724259965e-05	0.05117722100689548
original	59	60	80.562	80.57	0.007999999999995566	6	2	2	7	5.9312490928510176e-05	6.024968702922351e-05	0.00510204081632653	3.010111196860394	3.012006531888034	0.001895335027640055	0.005411136497048269
original	59	60	80.562	80.57	0.007999999999995566	6	2	2	8	7.06659217753372e-05	0.00013105893245868305	0.015306122448979591	3.435028992776262	3.4363575272381315	0.001328534461869424	0.015640700749400556
original	59	60	80.562	80.57	0.007999999999995566	6	2	2	9	6.105719759336936e-05	4.500622376379937e-05	0.0	2.672052002574875	2.6728153095893785	0.0007633070145036669	0.0001823941228075354
original	59	60	80.562	80.57	0.007999999999995566	6	2	2	10	7.910326417986874e-05	8.507661252910026e-05	0.01020408163265306	2.8391554851221636	2.840595674550059	0.0014401894278952554	0.010512280452151556
original	59	60	80.562	80.57	0.007999999999995566	6	2	2	11	4.840814391176344e-05	0.00016260721878846862	0.0663265306122449	3.736277932136646	3.7366573826822123	0.00037945054556631774	0.06657549102950176
original	59	60	80.562	80.57	0.007999999999995566	7	2	3	0	8.651367418486004e-05	7.46705791419e-05	0.015306122448979591	2.7180110962275483	2.7166307886685668	0.0013803075589815528	0.015605337458204508
original	59	60	80.562	80.57	0.007999999999995566	7	2	3	1	0.00013695689777528227	5.575841563632e-05	0.015306122448979591	2.438804348655483	2.4560134660731845	0.01720911741770159	0.01721974950416135
original	59	60	80.562	80.57	0.007999999999995566	7	2	3	2	8.698400179067611e-05	7.100106740731693e-05	0.00510204081632653	2.6775860684524186	2.6740687752095313	0.0035172932428872983	0.005611755209813253
original	59	60	80.562	80.57	0.007999999999995566	7	2	3	3	3.4596842573506366e-05	9.736155873862895e-05	0.01020408163265306	3.614298490379013	3.613924883412758	0.0003736069662552133	0.010373400730590718
original	59	60	80.562	80.57	0.007999999999995566	7	2	3	4	8.973337606427037e-05	0.00022965454937740049	0.025510204081632654	3.5976479956615712	3.5968067745111876	0.0008412211503836531	0.025913714122112692
original	59	60	80.562	80.57	0.007999999999995566	7	2	3	5	7.128046175539138e-05	4.654341953402863e-05	0.00510204081632653	2.2250783859788874	2.222433788026731	0.0026445979521563245	0.005484324492831583
original	59	60	80.562	80.57	0.007999999999995566	7	2	3	6	0.00010622886256935778	0.00024591373405880024	0.01020408163265306	3.4845195954580848	3.484820262004268	0.0003006665461833258	0.01058629088389955
original	59	60	80.562	80.57	0.007999999999995566	7	2	3	7	6.648685602975617e-05	0.00013651538032988242	0.02040816326530612	3.392436667687829	3.3920387383500454	0.00039792933778359796	0.02065095843544412
original	59	60	80.562	80.57	0.007999999999995566	7	2	3	8	6.329762313208676e-05	0.000120907324062558	0.03571428571428571	3.113675303664513	3.1154911626956605	0.0018158590311476708	0.03608007656459512
original	59	60	80.562	80.57	0.007999999999995566	7	2	3	9	0.00010021927845201912	0.00021874181824199646	0.0	3.422277295302261	3.422044236990581	0.00023305831168007884	0.00034226692786202347
original	59	60	80.562	80.57	0.007999999999995566	7	2	3	10	6.543609970420747e-05	5.119522315844005e-05	0.01020408163265306	2.0437969604003308	2.0435373316747762	0.0002596287255545171	0.01034667582807116
original	59	60	80.562	80.57	0.007999999999995566	7	2	3	11	0.00011397344682379262	0.00032151566641214213	0.030612244897959183	3.6627771193107037	3.6626382711076904	0.0001388482030133531	0.031061618831496454
original	59	60	80.562	80.57	0.007999999999995566	8	2	4	0	0.00015156726262830498	0.0003900760780766177	0.01020408163265306	3.5869957613719468	3.5898539879531954	0.0028582265812486796	0.011031547631482851
original	59	60	80.562	80.57	0.007999999999995566	8	2	4	1	0.0001032996506854216	0.00027446165958489033	0.05612244897959184	3.617729134069968	3.6195387582263505	0.0018096241563823057	0.05668117270550038
original	59	60	80.562	80.57	0.007999999999995566	8	2	4	2	0.00014409771329093127	0.0004696129033384677	0.04081632653061224	3.7697554508161883	3.772536864660424	0.0027814138442354697	0.04170817853166518
original	59	60	80.562	80.57	0.007999999999995566	8	2	4	3	0.00014829875660275093	0.00042993784454303796	0.05612244897959184	3.6950762300222904	3.6982659667324205	0.00318973671013012	0.057019659251750635
original	59	60	80.562	80.57	0.007999999999995566	8	2	4	4	3.4174230664723245e-05	0.00013543793105452728	0.05102040816326531	3.6863924510660167	3.687412480057747	0.0010200289917303706	0.051292023224157594
original	59	60	80.562	80.57	0.007999999999995566	8	2	4	5	0.00016119650491789664	0.0002984719427867599	0.02040816326530612	3.4217266752730207	3.4269182585985014	0.005191583325480753	0.021386990045558853
original	59	60	80.562	80.57	0.007999999999995566	8	2	4	6	9.078259091322875e-05	0.0002899570053834788	0.05612244897959184	3.698484489778254	3.7002016911751854	0.0017172013969313227	0.05667490871558167
original	59	60	80.562	80.57	0.007999999999995566	8	2	4	7	0.00011747815053844961	0.0003549305750433218	0.03571428571428571	3.6767132169514234	3.679509019451205	0.002795802499781619	0.036466274689845646
original	59	60	80.562	80.57	0.007999999999995566	8	2	4	8	4.779033753530555e-05	0.00011701090905258393	0.02040816326530612	3.5357984744335154	3.5365533464104204	0.0007548719769050471	0.020648451709584514
original	59	60	80.562	80.57	0.007999999999995566	8	2	4	9	7.414777585517307e-05	0.00015139812298803346	0.0663265306122449	3.6345372481883733	3.634272445844118	0.0002648023442555214	0.06657855674551366
original	59	60	80.562	80.57	0.007999999999995566	8	2	4	10	9.505067554761644e-05	0.00020471476778349817	0.01020408163265306	3.546234446381718	3.5485245720664995	0.0022901256847815965	0.010732859644462335
original	59	60	80.562	80.57	0.007999999999995566	8	2	4	11	0.00015919409924903776	0.00038558327372195667	0.05612244897959184	3.5985367986209464	3.6000527398532944	0.0015159412323479948	0.056818820475797636
original	59	60	80.562	80.57	0.007999999999995566	9	2	5	0	0.00015427024527085308	0.00027091018071712103	0.02040816326530612	3.2141894244882057	3.2136903816797755	0.0004990428084301612	0.02088324797213711
original	59	60	80.562	80.57	0.007999999999995566	9	2	5	1	0.00015229882360694	0.0003036320519197444	0.030612244897959183	3.2074388405524172	3.207086804283044	0.00035203626937319044	0.031103379400423188
original	59	60	80.562	80.57	0.007999999999995566	9	2	5	2	0.00014602043394204177	9.586555768970051e-05	0.05612244897959184	2.895933550227702	2.909790921956299	0.013857371728597023	0.05775007214408328
original	59	60	80.562	80.57	0.007999999999995566	9	2	5	3	0.0001422824843703083	0.0003337345978584594	0.04591836734693878	3.376845321418837	3.376965819104635	0.00012049768579780462	0.04640643419774733
original	59	60	80.562	80.57	0.007999999999995566	9	2	5	4	9.826872042139039e-05	0.00014547530609831938	0.01020408163265306	3.0648396743332498	3.063475775442542	0.0013638988907076488	0.010584215548243535
original	59	60	80.562	80.57	0.007999999999995566	9	2	5	5	4.860100419696446e-05	0.00012476224411539505	0.025510204081632654	3.512365537579725	3.5126492442669126	0.0002837066871874683	0.02571193799866376
original	59	60	80.562	80.57	0.007999999999995566	9	2	5	6	0.00015133282676299195	0.0003560399286517413	0.03571428571428571	3.656233807184988	3.655746355916824	0.0004874512681638521	0.036270403596516836
original	59	60	80.562	80.57	0.007999999999995566	9	2	5	7	0.00016383411301917577	0.0003642044655700616	0.025510204081632654	3.4139709377960057	3.4150480008367885	0.0010770630407828108	0.026145948964300173
original	59	60	80.562	80.57	0.007999999999995566	9	2	5	8	0.00010956100852395595	0.0001495424408084478	0.00510204081632653	3.025782676078807	3.0271387135689682	0.0013560374901611105	0.005496748014675045
original	59	60	80.562	80.57	0.007999999999995566	9	2	5	9	0.000147527625093716	0.0002969584965298866	0.05612244897959184	3.273193152031877	3.274775661410176	0.0015825093782990685	0.05672518603904535
original	59	60	80.562	80.57	0.007999999999995566	9	2	5	10	0.00013697675371177707	0.0002874125222055435	0.03571428571428571	3.2996449085319846	3.2985991875944722	0.0010457209375123178	0.036243247083954266
original	59	60	80.562	80.57	0.007999999999995566	9	2	5	11	0.00010525290655901564	0.00022615158621175357	0.04081632653061224	3.292958005085385	3.2923515046978706	0.0006065003875144193	0.04120838106213445
original	59	60	80.562	80.57	0.007999999999995566	10	3	0	0	0.0005647373261050666	0.001022718152307478	0.03571428571428571	3.302473123063158	3.3175303074881057	0.015057184424947856	0.038807459635193046
original	59	60	80.562	80.57	0.007999999999995566	10	3	0	1	0.0005486201677263625	0.0009599812316055667	0.03571428571428571	3.2731687806840366	3.2737621661165424	0.0005933854325057553	0.037282225656868215
original	59	60	80.562	80.57	0.007999999999995566	10	3	0	2	0.000710874604626305	0.0008145994275365886	0.0	3.238380491469782	3.246401635615408	0.008021144145625936	0.002327588446725487
original	59	60	80.562	80.57	0.007999999999995566	10	3	0	3	0.0006276858689673432	0.001151564597122734	0.04081632653061224	3.4131430638011886	3.425471559532489	0.01232849573130057	0.04382842656983238
original	59	60	80.562	80.57	0.007999999999995566	10	3	0	4	0.0005740768170483712	0.0009114727137454759	0.00510204081632653	3.35628234149338	3.3724846026015953	0.01620226110821532	0.00820781645794191
original	59	60	80.562	80.57	0.007999999999995566	10	3	0	5	0.0007650901800054044	0.0007724247353588787	0.00510204081632653	2.8773745944198725	2.879919648844199	0.0025450544243263984	0.006894061174123453
original	59	60	80.562	80.57	0.007999999999995566	10	3	0	6	0.0005787467294342747	0.0009467935863610721	0.01020408163265306	3.394286050528848	3.4051048732596736	0.010818822730825683	0.012811504221530975
original	59	60	80.562	80.57	0.007999999999995566	10	3	0	7	0.00019296550861335295	0.0005983700231979583	0.01020408163265306	3.6086759409516502	3.6090286577096875	0.00035271675803727476	0.011030688840268098
original	59	60	80.562	80.57	0.007999999999995566	10	3	0	8	0.0005893141580259771	0.0008634979100314855	0.04591836734693878	3.1626423879362124	3.1667877002723284	0.004145312336115925	0.04778571064860783
original	59	60	80.562	80.57	0.007999999999995566	10	3	0	9	0.00016106208356914914	0.00043989975260783076	0.01020408163265306	3.400464585177919	3.400998795291156	0.0005342101132370658	0.010858464480153748
original	59	60	80.562	80.57	0.007999999999995566	10	3	0	10	0.0005850588545233731	0.0009838228566547702	0.03571428571428571	3.349037383733383	3.3626398328107845	0.013602449077401602	0.038643412333204015
original	59	60	80.562	80.57	0.007999999999995566	10	3	0	11	0.0005131145500040944	0.0008555427065241039	0.025510204081632654	3.3540632994027204	3.3649393097989395	0.010876010396219105	0.02796646237778276
original	59	60	80.562	80.57	0.007999999999995566	10	3	0	12	0.0005282467831724609	0.0012032907860347608	0.05102040816326531	3.2696787981888704	3.274010462036183	0.004331663847312761	0.0531851121172038
original	59	60	80.562	80.57	0.007999999999995566	10	3	0	13	0.0010611351208023078	0.0017028334700016634	0.02040816326530612	3.323495250615099	3.3586515342471523	0.03515628363205314	0.026687760219315404
original	59	60	80.562	80.57	0.007999999999995566	10	3	0	14	0.00024738926012447034	0.0005927117512342095	0.025510204081632654	3.372503295137649	3.3693554939924897	0.0031478011451593346	0.026665085207507266
original	59	60	80.562	80.57	0.007999999999995566	10	3	0	15	0.0004465652480126989	0.000698031226934348	0.015306122448979591	3.113989210424067	3.116223978489394	0.002234768065326964	0.016674195730459335
original	59	60	80.562	80.57	0.007999999999995566	10	3	0	16	0.0005512535745727555	0.000986612837965084	0.04081632653061224	3.3794619260262473	3.382729179749369	0.0032672537231217547	0.04268091831546226
original	59	60	80.562	80.57	0.007999999999995566	10	3	0	17	0.0006570401801482377	0.0012612035669515853	0.04081632653061224	3.2792557555737334	3.2974193563484673	0.01816360077473389	0.04455093035518545
original	59	60	80.562	80.57	0.007999999999995566	10	3	0	18	0.00038358556260278487	0.0009545677446685108	0.015306122448979591	3.592413686308045	3.5930654289601485	0.0006517426521033265	0.016709450021461222
original	59	60	80.562	80.57	0.007999999999995566	10	3	0	19	0.0005268217484608614	0.0008464459174046812	0.01020408163265306	3.392556895915473	3.3941116719452817	0.001554776029808913	0.011732826901499495
original	59	60	80.562	80.57	0.007999999999995566	10	3	0	20	0.0005291347512770437	0.0007598185548739478	0.04591836734693878	2.9880661507062296	2.992517787293825	0.004451636587595509	0.04765248431184932
original	59	60	80.562	80.57	0.007999999999995566	10	3	0	21	0.0002092557374659357	0.0006247006593602666	0.030612244897959183	3.5395036240523154	3.538942325613648	0.0005612984386673681	0.03150233113865212
original	59	60	80.562	80.57	0.007999999999995566	10	3	0	22	0.0005804415639647225	0.0010056969379017566	0.030612244897959183	3.342962677438408	3.3549104038796322	0.011947726441224216	0.03339315604394808
original	59	60	80.562	80.57	0.007999999999995566	10	3	0	23	0.0005971868354540917	0.0011323402970854213	0.04591836734693878	3.2616330422696276	3.2662105182071386	0.004577475937511011	0.04810564207322939
original	59	60	80.562	80.57	0.007999999999995566	11	3	1	0	3.767331313392161e-05	0.00013379138373859067	0.02040816326530612	3.425068981482332	3.425697911654506	0.0006289301721742468	0.020642520979396055
original	59	60	80.562	80.57	0.007999999999995566	11	3	1	1	0.0002379659297856845	0.0005455069756660214	0.01020408163265306	3.588609741495819	3.59010170430764	0.0014919628118210682	0.011136750819286872
original	59	60	80.562	80.57	0.007999999999995566	11	3	1	2	0.000297042752745845	0.0006533441789958738	0.02040816326530612	3.507545560023111	3.5121551151961303	0.0046095551730194195	0.021819505714349784
original	59	60	80.562	80.57	0.007999999999995566	11	3	1	3	0.00030424611884044653	0.0007192432369844681	0.030612244897959183	3.533307052327556	3.525991743321878	0.007315309005677673	0.032367265154351864
original	59	60	80.562	80.57	0.007999999999995566	11	3	1	4	0.0002856660137445162	0.0007341289444771082	0.00510204081632653	3.58192982809781	3.5906393519323405	0.008709523834530497	0.006992788158001205
original	59	60	80.562	80.57	0.007999999999995566	11	3	1	5	0.00010260837955095417	0.0002925024806507137	0.04591836734693878	3.5238224831549827	3.523832841389496	1.0358234513230258e-05	0.04631451403059177
original	59	60	80.562	80.57	0.007999999999995566	11	3	1	6	0.00031146136781988546	0.0006209904557280543	0.01020408163265306	3.412853614684554	3.420133824712084	0.007280210027529765	0.011864554458953978
original	59	60	80.562	80.57	0.007999999999995566	11	3	1	7	0.00023593699021588527	0.00059190190233116	0.025510204081632654	3.616575264332587	3.6164522814267177	0.0001229829058693177	0.026350341264766628
original	59	60	80.562	80.57	0.007999999999995566	11	3	1	8	0.0003287252560329764	0.0006384071867188146	0.03571428571428571	3.463459306978668	3.4679985145489014	0.004539207570233295	0.03713533891406083
original	59	60	80.562	80.57	0.007999999999995566	11	3	1	9	0.00032783890617486355	0.0005999291676646035	0.0	3.333024836671689	3.3384225464176747	0.005397709745985857	0.0014675390484380527
original	59	60	80.562	80.57	0.007999999999995566	11	3	1	10	0.0003124893307158053	0.0007916955512091706	0.02040816326530612	3.550781864454503	3.560283575182558	0.00950171072805528	0.022462519220036625
original	59	60	80.562	80.57	0.007999999999995566	11	3	1	11	0.00029991184297526135	0.0007618028158273837	0.015306122448979591	3.539208778007804	3.538533106095106	0.000675671912697684	0.016435404299052006
original	59	60	80.562	80.57	0.007999999999995566	11	3	1	12	0.000255730063546899	0.0005607828382859781	0.05102040816326531	3.452051906079455	3.459071603800073	0.007019697720617835	0.05253889083715997
original	59	60	80.562	80.57	0.007999999999995566	11	3	1	13	0.00030618263422894107	0.0007641278856098666	0.025510204081632654	3.5616643931465504	3.570308337849209	0.008643944702658501	0.027444909071737314
original	59	60	80.562	80.57	0.007999999999995566	11	3	1	14	0.00017720366197499418	0.0005217116731205396	0.04081632653061224	3.570869906717722	3.5754664546976724	0.0045965479799505715	0.04197489666370283
original	59	60	80.562	80.57	0.007999999999995566	11	3	1	15	0.0003234247796090018	0.0009064060953943853	0.030612244897959183	3.6403136182309312	3.6518087498606664	0.011495131629735145	0.03299158893593609
original	59	60	80.562	80.57	0.007999999999995566	11	3	1	16	0.00027057674420861077	0.0006724264224604592	0.025510204081632654	3.616139240497101	3.618861564211299	0.002722323714198005	0.026725439619721524
original	59	60	80.562	80.57	0.007999999999995566	11	3	1	17	0.00027254226500856297	0.0006863261421838907	0.02040816326530612	3.5495941349246802	3.5558649273679603	0.006270792443280104	0.021994110916826588
original	59	60	80.562	80.57	0.007999999999995566	11	3	1	18	0.0003427705389394583	0.0007948064323276549	0.030612244897959183	3.517117798894972	3.524465767849293	0.007347968954321438	0.03248461876465844
original	59	60	80.562	80.57	0.007999999999995566	11	3	1	19	0.0003363009507408007	0.0006503398672267346	0.01020408163265306	3.4561368527460234	3.4525188511849616	0.0036180015610618455	0.01155252260672678
original	59	60	80.562	80.57	0.007999999999995566	11	3	1	20	0.00027224291706542145	0.000607291767757645	0.030612244897959183	3.5205778890586337	3.525620677417038	0.0050427883584043265	0.031996058418622686
original	59	60	80.562	80.57	0.007999999999995566	11	3	1	21	0.0002725121706505843	0.0006468853637857652	0.015306122448979591	3.418763033269196	3.416003456466319	0.002759576802877195	0.01650147766370366
original	59	60	80.562	80.57	0.007999999999995566	11	3	1	22	0.00022920937589530844	0.0005351656258584248	0.025510204081632654	3.479857668381538	3.486512221667719	0.006654553286181031	0.02694003441200449
original	59	60	80.562	80.57	0.007999999999995566	11	3	1	23	0.00033920402207410043	0.0005956387395137375	0.04591836734693878	3.307696123330546	3.320048116250752	0.012351992920205834	0.0480884094005472
scheme_c	48	49	80.554	80.5	-0.054000000000002046	0	0	0	0	7.952737464630107e-07	2.4325992146190245e-06	0.0	3.7755100716378154	3.7756977734019266	0.00018770176411120332	2.1998049372202366e-05
scheme_c	48	49	80.554	80.5	-0.054000000000002046	0	0	0	1	6.550434434150116e-07	2.2210581995807388e-07	0.0	2.2345536991822867	2.23480866776204	0.0002549685797532675	2.6374007238699835e-05
scheme_c	48	49	80.554	80.5	-0.054000000000002046	0	0	0	2	1.0250103270067663e-06	3.827735539529975e-06	0.0	3.824355220694713	3.82426823301044	8.698768427306547e-05	1.3551514293843289e-05
scheme_c	48	49	80.554	80.5	-0.054000000000002046	1	0	1	0	3.6650616941289583e-06	1.2361763436441464e-05	0.015306122448979591	3.722474319168032	3.7220249772542413	0.0004493419137907573	0.015367083465489238
scheme_c	48	49	80.554	80.5	-0.054000000000002046	1	0	1	1	3.338524037863391e-06	1.007490907256603e-06	0.00510204081632653	2.0488943285337338	2.0495760249202277	0.0006816963864939574	0.005174556469921046
scheme_c	48	49	80.554	80.5	-0.054000000000002046	1	0	1	2	2.778315975615224e-06	9.683176482977451e-06	0.00510204081632653	3.736104457376697	3.7363032960136424	0.0001988386369453643	0.005134386172479659
scheme_c	48	49	80.554	80.5	-0.054000000000002046	2	1	0	0	4.183283047429967e-06	1.2201605143702388e-05	0.04591836734693878	3.790974540680264	3.7909634407750468	1.1099905217193395e-05	0.04593586222565163
scheme_c	48	49	80.554	80.5	-0.054000000000002046	2	1	0	1	8.816551124790873e-06	2.8388801671441755e-05	0.030612244897959183	3.777280687184496	3.7764067220274846	0.000873965157011547	0.03073684676645657
scheme_c	48	49	80.554	80.5	-0.054000000000002046	2	1	0	2	2.9862589027493643e-05	3.589326509345625e-06	0.00510204081632653	1.7635086256889738	1.773713002979024	0.010204377290050193	0.006155930460868389
scheme_c	48	49	80.554	80.5	-0.054000000000002046	2	1	0	3	3.398041457322476e-05	3.5154673875270603e-06	0.025510204081632654	1.413120342400658	1.4248904500016093	0.011770107600951318	0.02672471072368854
scheme_c	48	49	80.554	80.5	-0.054000000000002046	2	1	0	4	3.669640589482016e-05	1.5689255202788743e-06	0.03571428571428571	0.8196375371082573	0.8266071009372372	0.006969563828979952	0.03644950742859881
scheme_c	48	49	80.554	80.5	-0.054000000000002046	2	1	0	5	3.1605161942731685e-05	1.470499896849553e-06	0.015306122448979591	0.9691022247228762	0.976263243227084	0.007161018504207806	0.016055299961239954
scheme_c	48	49	80.554	80.5	-0.054000000000002046	3	1	1	0	4.261641609847028e-06	6.302691201942601e-06	0.0	3.090566651396998	3.090018909793699	0.0005477416032988458	6.533849314167421e-05
scheme_c	48	49	80.554	80.5	-0.054000000000002046	3	1	1	1	2.0340875634150368e-05	8.393967957931459e-06	0.0	1.9134782866897513	1.9095649168075228	0.003913369882228457	0.00042007183181492754
scheme_c	48	49	80.554	80.5	-0.054000000000002046	3	1	1	2	2.6426105957847592e-05	3.5393907289349436e-05	0.0	3.034647022577938	3.030400540761441	0.004246481816496672	0.00048646819489686426
scheme_c	48	49	80.554	80.5	-0.054000000000002046	3	1	1	3	3.573902342961279e-05	8.528784332173522e-05	0.04591836734693878	3.404036074506781	3.4045448239166447	0.0005087494098638956	0.04609026915467652
scheme_c	48	49	80.554	80.5	-0.054000000000002046	3	1	1	4	2.005655938926477e-05	1.3429236620954299e-05	0.0	2.731737834671806	2.7353701955797596	0.0036323609079533803	0.0003967218868055571
scheme_c	48	49	80.554	80.5	-0.054000000000002046	3	1	1	5	1.2068305856684862e-05	2.154072820093056e-05	0.00510204081632653	3.282734884322569	3.2826368416801124	9.804264245660832e-05	0.005145454114629806
scheme_c	48	49	80.554	80.5	-0.054000000000002046	4	2	0	0	3.377216582953485e-05	3.060575099178564e-05	0.0	2.6220632047854626	2.619154751896591	0.0029084528888714267	0.00035522320570846317
scheme_c	48	49	80.554	80.5	-0.054000000000002046	4	2	0	1	2.6396790335929994e-05	3.979614945426313e-05	0.030612244897959183	3.420539453051824	3.419909503061781	0.000629949990042622	0.030741432836753638
scheme_c	48	49	80.554	80.5	-0.054000000000002046	4	2	0	2	4.771490868829674e-05	0.00012227131063413665	0.01020408163265306	3.6221421032126675	3.6212551813995715	0.0008869218130960199	0.010462760033285097
scheme_c	48	49	80.554	80.5	-0.054000000000002046	4	2	0	3	6.428365813042744e-05	0.00018686979532556158	0.04591836734693878	3.6974314745320194	3.6989596112349283	0.0015281367029089665	0.046322334470685664
scheme_c	48	49	80.554	80.5	-0.054000000000002046	4	2	0	4	2.755298473328186e-05	8.54107307891594e-05	0.025510204081632654	3.776471354440722	3.776849738361664	0.000378383920942138	0.025661006189249307
scheme_c	48	49	80.554	80.5	-0.054000000000002046	4	2	0	5	3.2903428874308313e-05	1.0270744176921198e-05	0.00510204081632653	2.109573785800234	2.1087792116206763	0.0007945741795576389	0.005224672407333523
scheme_c	48	49	80.554	80.5	-0.054000000000002046	4	2	0	6	4.261442665955596e-05	1.0832786848102849e-05	0.00510204081632653	2.2546776686936147	2.2523241370639564	0.0023535316296583453	0.005390841192800023
scheme_c	48	49	80.554	80.5	-0.054000000000002046	4	2	0	7	2.6602843494308275e-05	9.326419600197422e-05	0.09183673469387756	3.836255215323103	3.836112205958844	0.00014300936425870603	0.09197090266979971
scheme_c	48	49	80.554	80.5	-0.054000000000002046	4	2	0	8	3.3643797155257876e-05	0.00012557016977798874	0.05612244897959184	3.850067668457922	3.8502693112586264	0.00020164280070433804	0.05630182722659552
scheme_c	48	49	80.554	80.5	-0.054000000000002046	4	2	0	9	2.355759731499064e-05	5.417514756200781e-05	0.015306122448979591	3.3759791367133496	3.376109515314778	0.00013037860142839364	0.01539689305399943
scheme_c	48	49	80.554	80.5	-0.054000000000002046	4	2	0	10	4.241605707609547e-05	8.851940558995963e-06	0.0	2.0945535756778733	2.0964306122907286	0.0018770366128553206	0.0002389716589206235
scheme_c	48	49	80.554	80.5	-0.054000000000002046	4	2	0	11	2.774028189246368e-05	6.002767269475129e-06	0.0	1.9310617935218781	1.9309998619164848	6.193160539336162e-05	3.993620970127497e-05
scheme_c	48	49	80.554	80.5	-0.054000000000002046	5	2	1	0	6.971861648767891e-05	0.00011190044682574118	0.01020408163265306	3.207276814148595	3.206438102428929	0.0008387117196662075	0.0104695718679331
scheme_c	48	49	80.554	80.5	-0.054000000000002046	5	2	1	1	5.175791272343055e-05	0.00015003176626415815	0.03571428571428571	3.559595524446	3.5596355828129367	4.005836693687925e-05	0.03592008122996699
scheme_c	48	49	80.554	80.5	-0.054000000000002046	5	2	1	2	3.959300497420897e-05	8.332532060340014e-05	0.015306122448979591	3.3887072013297104	3.388332843225118	0.0003743581045925204	0.015466476585016454
scheme_c	48	49	80.554	80.5	-0.054000000000002046	5	2	1	3	5.3773695249770774e-05	3.1877291283732845e-05	0.0	2.5116510002921357	2.5123888548170923	0.0007378545249565605	0.00015943643902915968
scheme_c	48	49	80.554	80.5	-0.054000000000002046	5	2	1	4	5.8056162751404274e-05	3.972232376914242e-05	0.01020408163265306	2.5335459978187767	2.532661334339507	0.0008846634792698538	0.010390326467100593
scheme_c	48	49	80.554	80.5	-0.054000000000002046	5	2	1	5	5.657272412965897e-05	1.962195593085969e-05	0.00510204081632653	2.162026925889114	2.158482759048729	0.0035441668403848325	0.005532652180425533
scheme_c	48	49	80.554	80.5	-0.054000000000002046	5	2	1	6	4.7347441591042385e-05	8.020846065959208e-05	0.0	3.172476617169218	3.1728442548047595	0.00036763763554148454	0.0001643196658047829
scheme_c	48	49	80.554	80.5	-0.054000000000002046	5	2	1	7	2.0264029200681147e-05	1.0411997170445275e-05	0.0	2.1052977362828704	2.105005107924414	0.00029262835845633717	5.993886221676014e-05
scheme_c	48	49	80.554	80.5	-0.054000000000002046	5	2	1	8	3.189414911962168e-05	1.218607755337775e-05	0.00510204081632653	2.1705206904912884	2.1702760346274723	0.00024465586381605675	0.005170586629381135
scheme_c	48	49	80.554	80.5	-0.054000000000002046	5	2	1	9	8.344096735656849e-05	0.00020662257198189593	0.03571428571428571	3.5455429864381656	3.546498225379043	0.0009552389408775674	0.03609987314771193
scheme_c	48	49	80.554	80.5	-0.054000000000002046	5	2	1	10	9.984857451830798e-05	0.0001315865919601089	0.025510204081632654	3.073069439663684	3.073130446657052	6.1006993368195594e-05	0.02574773994744789
scheme_c	48	49	80.554	80.5	-0.054000000000002046	5	2	1	11	9.235973761800075e-05	0.00012230925955303285	0.01020408163265306	2.984500744146859	2.9854337929898063	0.0009330488429473149	0.010512055514118827
scheme_c	48	49	80.554	80.5	-0.054000000000002046	6	2	2	0	6.403406974601371e-05	0.00020084552579402448	0.03571428571428571	3.753171737647334	3.7550677496256566	0.0018960119783226759	0.03616876650765802
scheme_c	48	49	80.554	80.5	-0.054000000000002046	6	2	2	1	0.00015817266473998375	0.0005338957752870632	0.05102040816326531	3.6745113938029363	3.6824340663152144	0.007922672512278073	0.05250474385452016
scheme_c	48	49	80.554	80.5	-0.054000000000002046	6	2	2	2	9.149474632276684e-05	0.00028771110670477995	0.04081632653061224	3.720050977106932	3.7210109134703835	0.0009599363634515967	0.041291526019984946
scheme_c	48	49	80.554	80.5	-0.054000000000002046	6	2	2	3	4.0427217108385636e-05	9.586700105645996e-05	0.02040816326530612	3.596591919383253	3.596060344271825	0.0005315751114283174	0.020597614994613798
scheme_c	48	49	80.554	80.5	-0.054000000000002046	6	2	2	4	0.0001005868021462415	0.0002650484040258583	0.03571428571428571	3.6247818422471116	3.627541905097356	0.002760062850244438	0.03635592720548225
scheme_c	48	49	80.554	80.5	-0.054000000000002046	6	2	2	5	2.4717537077502444e-05	4.548784665403538e-05	0.0	2.6015134358355887	2.604071132112884	0.002557696277295296	0.00032597501146106744
scheme_c	48	49	80.554	80.5	-0.054000000000002046	6	2	2	6	3.856470729443273e-05	0.0001338863703729265	0.07142857142857142	3.8180563201704176	3.818536958594772	0.00048063842435430715	0.07164908634867422
scheme_c	48	49	80.554	80.5	-0.054000000000002046	6	2	2	7	5.961703938795292e-05	6.541060853137992e-05	0.0	3.010255882258143	3.0119014863535747	0.0016456040954317963	0.0002895880574625125
scheme_c	48	49	80.554	80.5	-0.054000000000002046	6	2	2	8	7.240369348367304e-05	0.0001454742589073188	0.015306122448979591	3.4336041080740327	3.435593661494592	0.001989553420559176	0.0157229557434265
scheme_c	48	49	80.554	80.5	-0.054000000000002046	6	2	2	9	6.821862483076985e-05	5.2577685886290304e-05	0.00510204081632653	2.671119967919018	2.6709060707398202	0.00021389717919761964	0.005244226844963352
scheme_c	48	49	80.554	80.5	-0.054000000000002046	6	2	2	10	7.323865661688279e-05	6.43298670784942e-05	0.00510204081632653	2.8377841227639142	2.8403115623511432	0.002527439587229008	0.005492353298744809
scheme_c	48	49	80.554	80.5	-0.054000000000002046	6	2	2	11	5.5162763378873946e-05	0.0001762832256988478	0.04591836734693878	3.736391236467316	3.738400172723927	0.002008936256610916	0.04635070696167759
scheme_c	48	49	80.554	80.5	-0.054000000000002046	7	2	3	0	9.571928591310699e-05	8.630047961344367e-05	0.01020408163265306	2.720814812840394	2.7170421310842867	0.0037726817561072323	0.010763369573790335
scheme_c	48	49	80.554	80.5	-0.054000000000002046	7	2	3	1	0.00012655741997784356	4.9211722987996254e-05	0.01020408163265306	2.4359588957770164	2.44566784790857	0.009708952131553428	0.011350745988774244
scheme_c	48	49	80.554	80.5	-0.054000000000002046	7	2	3	2	0.00010400772397266426	9.411030342754145e-05	0.01020408163265306	2.6777410441474028	2.679417603052743	0.0016765589053400198	0.010569855550587268
scheme_c	48	49	80.554	80.5	-0.054000000000002046	7	2	3	3	3.191693646836128e-05	9.257154230546405e-05	0.015306122448979591	3.6134755533295526	3.612700866568881	0.0007746867606717167	0.015508079603820588
scheme_c	48	49	80.554	80.5	-0.054000000000002046	7	2	3	4	9.138025061391467e-05	0.00023624656248855125	0.02040816326530612	3.59549382863888	3.594338339903607	0.001155488735272936	0.020851338951935878
scheme_c	48	49	80.554	80.5	-0.054000000000002046	7	2	3	5	7.661200066046356e-05	4.7795620659485394e-05	0.015306122448979591	2.225376568181863	2.2261354234159647	0.0007588552341015742	0.015506415593709697
scheme_c	48	49	80.554	80.5	-0.054000000000002046	7	2	3	6	0.00010577070936496693	0.000247267337607604	0.030612244897959183	3.484453587003289	3.485625676126856	0.0011720891235671438	0.03108249185728847
scheme_c	48	49	80.554	80.5	-0.054000000000002046	7	2	3	7	8.0930832010449e-05	0.00018502901250505577	0.02040816326530612	3.3936388321522455	3.3949335927726505	0.001294760620405011	0.020803599171862128
scheme_c	48	49	80.554	80.5	-0.054000000000002046	7	2	3	8	6.169512708930564e-05	9.389203537335522e-05	0.01020408163265306	3.1147130656480164	3.115902079309652	0.0011890136616354852	0.010478570161279269
scheme_c	48	49	80.554	80.5	-0.054000000000002046	7	2	3	9	0.0001108633998094875	0.00023776057136970508	0.025510204081632654	3.4226681520696594	3.4251943872727715	0.002526235203112126	0.026111451573123057
scheme_c	48	49	80.554	80.5	-0.054000000000002046	7	2	3	10	6.185012117174847e-05	4.8257954015418214e-05	0.015306122448979591	2.0437323828031895	2.0432250501441596	0.0005073326590299132	0.01546696379006975
scheme_c	48	49	80.554	80.5	-0.054000000000002046	7	2	3	11	0.000119612506425711	0.0003387453999654788	0.04081632653061224	3.663424937887365	3.6643326853819076	0.0009077474945424768	0.04136545918645768
scheme_c	48	49	80.554	80.5	-0.054000000000002046	8	2	4	0	0.00016596094712220712	0.0004362455180865199	0.025510204081632654	3.5828096987311913	3.5868799454753972	0.004070246744205974	0.02651943522126198
scheme_c	48	49	80.554	80.5	-0.054000000000002046	8	2	4	1	0.00011927324887941714	0.00032580817177008115	0.05102040816326531	3.6169681446387565	3.618822164595899	0.0018540199571424054	0.05165089157962905
scheme_c	48	49	80.554	80.5	-0.054000000000002046	8	2	4	2	0.00014067503958750484	0.000456527401401674	0.07653061224489796	3.7668741531396974	3.7691027779043886	0.0022286247646912116	0.07735067716235626
scheme_c	48	49	80.554	80.5	-0.054000000000002046	8	2	4	3	0.00015218097791778562	0.00045598021680903766	0.04591836734693878	3.693500222845952	3.695899957015585	0.0023997341696326835	0.046766501958628866
scheme_c	48	49	80.554	80.5	-0.054000000000002046	8	2	4	4	0.0007777528712260618	0.0033679002254964896	0.030612244897959183	3.574118810130111	3.604809043632973	0.030690233502862263	0.03782692134496796
scheme_c	48	49	80.554	80.5	-0.054000000000002046	8	2	4	5	0.0001407140157628237	0.0002517819867295934	0.04081632653061224	3.42064602713346	3.422110240210569	0.0014642130771092	0.04135524384081558
scheme_c	48	49	80.554	80.5	-0.054000000000002046	8	2	4	6	9.54351886523416e-05	0.0003222378792716585	0.04591836734693878	3.700504551511189	3.70308421080894	0.002579659297750947	0.046594006344637874
scheme_c	48	49	80.554	80.5	-0.054000000000002046	8	2	4	7	0.00012275538071561	0.00041623627869535884	0.04081632653061224	3.6765645537533973	3.676635028747686	7.047499428880499e-05	0.04136236568945209
scheme_c	48	49	80.554	80.5	-0.054000000000002046	8	2	4	8	4.471934149113709e-05	0.00010522946966406987	0.025510204081632654	3.5430468857334416	3.5432533649873075	0.00020647925386585442	0.025680800818174445
scheme_c	48	49	80.554	80.5	-0.054000000000002046	8	2	4	9	0.00023429438854573854	0.0004816146884888406	0.061224489795918366	3.616284823022898	3.6161986308644547	8.619215844341e-05	0.06194901808879729
scheme_c	48	49	80.554	80.5	-0.054000000000002046	8	2	4	10	8.863984874654524e-05	0.00019288416059548563	0.030612244897959183	3.5452997113056886	3.5475336828728334	0.002233971567144888	0.031117166064015704
scheme_c	48	49	80.554	80.5	-0.054000000000002046	8	2	4	11	0.0001702691880489879	0.00041899345199225557	0.05102040816326531	3.5950568672142325	3.595483523878251	0.00042665666401875413	0.051652336469708425
scheme_c	48	49	80.554	80.5	-0.054000000000002046	9	2	5	0	0.00017339652574993028	0.0003479792395374437	0.02040816326530612	3.212496088887209	3.2142294453274607	0.0017333564402517432	0.021102874674618667
scheme_c	48	49	80.554	80.5	-0.054000000000002046	9	2	5	1	0.00014787550708985714	0.00029612095377506975	0.030612244897959183	3.207888608903418	3.206682637994385	0.0012059709090328496	0.031176838449727396
scheme_c	48	49	80.554	80.5	-0.054000000000002046	9	2	5	2	0.00015456570386833982	9.464709598083765e-05	0.030612244897959183	2.9032448089131466	2.9090708380336068	0.005826029120460152	0.03144406060985438
scheme_c	48	49	80.554	80.5	-0.054000000000002046	9	2	5	3	0.00014858457631904072	0.00035277643012832094	0.030612244897959183	3.3762719538122647	3.3769107324542462	0.0006387786419814745	0.031177483768604693
scheme_c	48	49	80.554	80.5	-0.054000000000002046	9	2	5	4	0.00010219108502478651	0.00015661613227524462	0.030612244897959183	3.0640577536030555	3.0652115466955436	0.0011537930924880868	0.030986431424508024
scheme_c	48	49	80.554	80.5	-0.054000000000002046	9	2	5	5	5.085954272950943e-05	0.00013438659734255065	0.02040816326530612	3.5113073748040167	3.511893077277822	0.0005857024738054051	0.020651979652758723
scheme_c	48	49	80.554	80.5	-0.054000000000002046	9	2	5	6	0.00016149425368255113	0.0004179376012789504	0.030612244897959183	3.6540147414311757	3.654200670036141	0.00018592860496546848	0.031210269613417232
scheme_c	48	49	80.554	80.5	-0.054000000000002046	9	2	5	7	0.00017867609087783107	0.00041063921288098104	0.015306122448979591	3.414027401334562	3.4146638135214706	0.0006364121869086858	0.015959078971429272
scheme_c	48	49	80.554	80.5	-0.054000000000002046	9	2	5	8	0.00010335284997954635	0.00013231650280198792	0.00510204081632653	3.022226816446472	3.0245223120264706	0.00229549557999853	0.005567259727107917
scheme_c	48	49	80.554	80.5	-0.054000000000002046	9	2	5	9	0.00014971658866912266	0.0002988877694950487	0.025510204081632654	3.2733202260342025	3.2730412267991924	0.00027899923501006896	0.02598670836329783
scheme_c	48	49	80.554	80.5	-0.054000000000002046	9	2	5	10	0.00015811284693163417	0.00035914491122923664	0.04591836734693878	3.2984132310397327	3.299160791528804	0.0007475604890712084	0.04651038115400677
scheme_c	48	49	80.554	80.5	-0.054000000000002046	9	2	5	11	9.937681751934495e-05	0.0002188301973793383	0.025510204081632654	3.2903401950744446	3.2920744806930378	0.0017342856185931232	0.02600183965839065
scheme_c	48	49	80.554	80.5	-0.054000000000002046	10	3	0	0	0.0005452272245695326	0.001139562905031477	0.030612244897959183	3.2974061249229867	3.295463452202842	0.0019426727201445892	0.03249130229957465
scheme_c	48	49	80.554	80.5	-0.054000000000002046	10	3	0	1	0.0007217366867127894	0.0014025789067728667	0.05612244897959184	3.263753129895321	3.24894264370903	0.014810486186290994	0.05972781319170659
scheme_c	48	49	80.554	80.5	-0.054000000000002046	10	3	0	2	0.0007837172702164158	0.001124576200511762	0.0	3.2277908370593296	3.2227169901143244	0.005073846945005123	0.00241567816522869
scheme_c	48	49	80.554	80.5	-0.054000000000002046	10	3	0	3	0.0005712198849863992	0.0010060460402465665	0.025510204081632654	3.402623060464443	3.4084579382165505	0.005834877752107559	0.027670957782076375
scheme_c	48	49	80.554	80.5	-0.054000000000002046	10	3	0	4	0.0005898559172520805	0.001135207077791467	0.025510204081632654	3.3397178995586216	3.338562672264859	0.0011552272937627173	0.02735078980605247
scheme_c	48	49	80.554	80.5	-0.054000000000002046	10	3	0	5	0.0008932636512184488	0.0012010377430875518	0.01020408163265306	2.8548161986560556	2.8456125381040462	0.009203660552009385	0.01321874908216
scheme_c	48	49	80.554	80.5	-0.054000000000002046	10	3	0	6	0.0005036964643296868	0.0008662196314708215	0.02040816326530612	3.3829067008120686	3.38772714494086	0.004820444128791568	0.022260123773985785
scheme_c	48	49	80.554	80.5	-0.054000000000002046	10	3	0	7	0.00020363758667671985	0.0006045005950822135	0.015306122448979591	3.605305593140749	3.6037788114903777	0.001526781650371234	0.01626693879577565
scheme_c	48	49	80.554	80.5	-0.054000000000002046	10	3	0	8	0.0006521535633567093	0.0010330225523186298	0.04591836734693878	3.155239958381931	3.141404399253156	0.013835559128775099	0.04898709937549163
scheme_c	48	49	80.554	80.5	-0.054000000000002046	10	3	0	9	0.00016999285614179385	0.0004431361568580927	0.015306122448979591	3.406841243102575	3.4060002345740092	0.0008410085285657232	0.01600335231483605
scheme_c	48	49	80.554	80.5	-0.054000000000002046	10	3	0	10	0.000551491301571715	0.0010863520820306727	0.025510204081632654	3.33645180367299	3.3284519986006513	0.007999805072338884	0.02794802797246893
scheme_c	48	49	80.554	80.5	-0.054000000000002046	10	3	0	11	0.0006063957054360579	0.0012499548076512212	0.025510204081632654	3.333358379762534	3.323992615345551	0.009365764416982891	0.028303131036418225
scheme_c	48	49	80.554	80.5	-0.054000000000002046	10	3	0	12	0.0005667353398210936	0.0011591068040710528	0.05102040816326531	3.250282448599967	3.254916664918881	0.004634216318914142	0.053209671939048866
scheme_c	48	49	80.554	80.5	-0.054000000000002046	10	3	0	13	0.0007027578384402966	0.0011463974621773731	0.02040816326530612	3.3937330817615665	3.3986042577179814	0.004871175956414842	0.022744436161565275
scheme_c	48	49	80.554	80.5	-0.054000000000002046	10	3	0	14	0.00025872266162535094	0.000555197778534744	0.030612244897959183	3.361172557720503	3.3624417279850016	0.0012691702644986869	0.03155308236456914
scheme_c	48	49	80.554	80.5	-0.054000000000002046	10	3	0	15	0.0004928890395260893	0.0008833856068085622	0.015306122448979591	3.0975340486937633	3.0942295233573076	0.0033045253364556437	0.017012849628959808
scheme_c	48	49	80.554	80.5	-0.054000000000002046	10	3	0	16	0.0006079007562433176	0.0011263206139024984	0.04591836734693878	3.3708601547776422	3.3573100910758913	0.013550063701750936	0.04900759508725969
scheme_c	48	49	80.554	80.5	-0.054000000000002046	10	3	0	17	0.0005763585297478844	0.0010032826537657025	0.02040816326530612	3.2651464594873874	3.271616169766151	0.006469710278763863	0.02263477547669609
scheme_c	48	49	80.554	80.5	-0.054000000000002046	10	3	0	18	0.00041477265479003344	0.0011433848260320456	0.01020408163265306	3.578118931422083	3.585084832168893	0.006965900746810139	0.012458829188156153
scheme_c	48	49	80.554	80.5	-0.054000000000002046	10	3	0	19	0.0004905913276506732	0.0007871557099675686	0.01020408163265306	3.3659119353365075	3.3727603231311325	0.006848387794625044	0.012166667449733807
scheme_c	48	49	80.554	80.5	-0.054000000000002046	10	3	0	20	0.0005759794594453914	0.0008249340750532408	0.05102040816326531	2.977807391978732	2.983834398548803	0.006027006570071158	0.05302402235477105
scheme_c	48	49	80.554	80.5	-0.054000000000002046	10	3	0	21	0.0002426787200804841	0.0007427328323835747	0.0663265306122449	3.5379680778942446	3.5376064558217966	0.00036162207244805344	0.06734810437195377
scheme_c	48	49	80.554	80.5	-0.054000000000002046	10	3	0	22	0.0006282973515453883	0.0010980820992541052	0.025510204081632654	3.3167699553021386	3.3256388298313704	0.008868874529231796	0.02812347098535533
scheme_c	48	49	80.554	80.5	-0.054000000000002046	10	3	0	23	0.0007163701999505024	0.0012871058922040435	0.030612244897959183	3.2498314994222857	3.2360699594902678	0.013761539932017897	0.03399187498331552
scheme_c	48	49	80.554	80.5	-0.054000000000002046	11	3	1	0	3.9558344043386705e-05	0.00012875366808107191	0.00510204081632653	3.4256682168302994	3.4261262979321714	0.0004580811018719544	0.005316160938638185
scheme_c	48	49	80.554	80.5	-0.054000000000002046	11	3	1	1	0.00028710097619560513	0.0007278267399447591	0.02040816326530612	3.5894689565315043	3.5943181149952124	0.0048491584637080365	0.021908006827817288
scheme_c	48	49	80.554	80.5	-0.054000000000002046	11	3	1	2	0.0003312114432735398	0.0008105332929495557	0.04081632653061224	3.499104036616717	3.501439557105944	0.0023355204892268056	0.04219162331575802
scheme_c	48	49	80.554	80.5	-0.054000000000002046	11	3	1	3	0.0003335751276469599	0.0008486523184372263	0.01020408163265306	3.520652978423515	3.517285981899044	0.003366996524471144	0.011723008731184361
scheme_c	48	49	80.554	80.5	-0.054000000000002046	11	3	1	4	0.0006134864680257051	0.0012104792055808167	0.00510204081632653	3.457524892976974	3.4750179205868252	0.017493027609851275	0.00867530925091818
scheme_c	48	49	80.554	80.5	-0.054000000000002046	11	3	1	5	9.454269948057907e-05	0.0002855704675182036	0.05612244897959184	3.523966537891386	3.525642393619339	0.001675855727953035	0.05667014771938592
scheme_c	48	49	80.554	80.5	-0.054000000000002046	11	3	1	6	0.0003573180927216496	0.0008296561736048647	0.02040816326530612	3.4058809845679754	3.412025389764279	0.006144405196303548	0.022209578051262988
scheme_c	48	49	80.554	80.5	-0.054000000000002046	11	3	1	7	0.00025712405649571817	0.0006242597340208045	0.015306122448979591	3.6206971162255943	3.6269956864225925	0.006298570196998199	0.016817363259195934
scheme_c	48	49	80.554	80.5	-0.054000000000002046	11	3	1	8	0.00036760614793802015	0.0007872084715094818	0.01020408163265306	3.4568741042713023	3.467720404849655	0.010846300578352785	0.01244352630993584
scheme_c	48	49	80.554	80.5	-0.054000000000002046	11	3	1	9	0.00032932452158438276	0.0006585008976979223	0.01020408163265306	3.3381112312344574	3.3408857059630424	0.0027744747285849414	0.011469354524793859
scheme_c	48	49	80.554	80.5	-0.054000000000002046	11	3	1	10	0.0003048016235003402	0.0007367474360611137	0.01020408163265306	3.557053256367549	3.5521183092245154	0.004934947143033774	0.011739125406517892
scheme_c	48	49	80.554	80.5	-0.054000000000002046	11	3	1	11	0.0003458315552668684	0.000808058966644154	0.02040816326530612	3.527404689684208	3.5306463463624107	0.0032416566782025313	0.021886219455037395
scheme_c	48	49	80.554	80.5	-0.054000000000002046	11	3	1	12	0.00026391068380944013	0.0006307683739112946	0.04591836734693878	3.4593007011086945	3.4641401014277613	0.004839400319066822	0.04729698643656619
scheme_c	48	49	80.554	80.5	-0.054000000000002046	11	3	1	13	0.0003771205723651441	0.000899877009692962	0.00510204081632653	3.5514544031597057	3.567384970860798	0.015930567701092357	0.007972095168493872
scheme_c	48	49	80.554	80.5	-0.054000000000002046	11	3	1	14	0.00019002509600610142	0.0006234027990372759	0.025510204081632654	3.5675136472181337	3.5707692105046216	0.003255563286487906	0.02664918830532482
scheme_c	48	49	80.554	80.5	-0.054000000000002046	11	3	1	15	0.0002635265556908081	0.000695960592684064	0.030612244897959183	3.639361584451759	3.639991214092966	0.0006296296412071634	0.031634695010454766
scheme_c	48	49	80.554	80.5	-0.054000000000002046	11	3	1	16	0.0002322310544110525	0.000625935662837751	0.015306122448979591	3.6116945217250254	3.6115903419173963	0.00010417980762911228	0.016174707146991305
scheme_c	48	49	80.554	80.5	-0.054000000000002046	11	3	1	17	0.0002473459340638346	0.000637463249340664	0.025510204081632654	3.554976403592451	3.560583327638805	0.005606924046353878	0.026955705669672543
scheme_c	48	49	80.554	80.5	-0.054000000000002046	11	3	1	18	0.000986326716362054	0.0016004856828202296	0.030612244897959183	3.3342439211997923	3.380548499231325	0.04630457803153254	0.037829515100294725
scheme_c	48	49	80.554	80.5	-0.054000000000002046	11	3	1	19	0.0003603196124861433	0.0008645821219345207	0.025510204081632654	3.446039313841917	3.449434056230251	0.0033947423883335937	0.027074580054886676
scheme_c	48	49	80.554	80.5	-0.054000000000002046	11	3	1	20	0.0003042544875652386	0.0007130858766373205	0.02040816326530612	3.523125665941465	3.523194448672258	6.87827307932487e-05	0.021432381902588005
scheme_c	48	49	80.554	80.5	-0.054000000000002046	11	3	1	21	0.0002757935754482365	0.0006264134708768854	0.00510204081632653	3.420722079366646	3.4160267307203633	0.004695348646282849	0.006473782727279937
scheme_c	48	49	80.554	80.5	-0.054000000000002046	11	3	1	22	0.0002998888850827296	0.0007163730159417403	0.015306122448979591	3.4820875362694292	3.489089816897062	0.00700228062763264	0.017022612412767327
scheme_c	48	49	80.554	80.5	-0.054000000000002046	11	3	1	23	0.00030248158781706613	0.0005212940255443499	0.03571428571428571	3.311300130422941	3.3173781675223872	0.00607803709944621	0.03714586503759175
scheme_c	49	50	80.5	80.594	0.09399999999999409	0	0	0	0	7.68595692463342e-07	2.399045494150265e-06	0.00510204081632653	3.7756977734019266	3.776030729432665	0.00033295603073835167	0.0051385040605869785
scheme_c	49	50	80.5	80.594	0.09399999999999409	0	0	0	1	4.5923878899511365e-07	1.0367281666479045e-07	0.0	2.23480866776204	2.2348844306400046	7.576287796462466e-05	8.13919940212237e-06
scheme_c	49	50	80.5	80.594	0.09399999999999409	0	0	0	2	1.0052063342747815e-06	3.7342165321030407e-06	0.00510204081632653	3.82426823301044	3.824391441095711	0.00012320808527110927	0.005119101047720019
scheme_c	49	50	80.5	80.594	0.09399999999999409	1	0	1	0	4.763946749490476e-06	1.5634031008571192e-05	0.01020408163265306	3.7220249772542413	3.722965150743344	0.0009401734891025804	0.010318496959321381
scheme_c	49	50	80.5	80.594	0.09399999999999409	1	0	1	1	4.7323980867998615e-06	1.3330139928546814e-06	0.01020408163265306	2.0495760249202277	2.047672510450533	0.0019035144696948336	0.010400498491702199
scheme_c	49	50	80.5	80.594	0.09399999999999409	1	0	1	2	2.5748445134331035e-06	8.501771535218694e-06	0.01020408163265306	3.7363032960136424	3.7362734993622015	2.979665144087207e-05	0.0102181379138458
scheme_c	49	50	80.5	80.594	0.09399999999999409	2	1	0	0	4.244417659852677e-06	1.295819199031989e-05	0.05612244897959184	3.7909634407750468	3.7908954454208277	6.799535421908587e-05	0.05614645112466392
scheme_c	49	50	80.5	80.594	0.09399999999999409	2	1	0	1	7.15600252282002e-06	2.319790377913744e-05	0.015306122448979591	3.7764067220274846	3.7766074455648866	0.00020072353740197002	0.015356548709021745
scheme_c	49	50	80.5	80.594	0.09399999999999409	2	1	0	2	2.3511741852696527e-05	2.994140884449159e-06	0.0	1.773713002979024	1.7708751286828723	0.0028378742961516767	0.0003102933123523134
scheme_c	49	50	80.5	80.594	0.09399999999999409	2	1	0	3	3.0267269039568032e-05	3.157567608047529e-06	0.015306122448979591	1.4248904500016093	1.4198871345066892	0.0050033154949200576	0.015839878835119215
scheme_c	49	50	80.5	80.594	0.09399999999999409	2	1	0	4	3.278855388939373e-05	1.4931285222674617e-06	0.03571428571428571	0.8266071009372372	0.8223302669658508	0.004276833971386451	0.03617625079383602
scheme_c	49	50	80.5	80.594	0.09399999999999409	2	1	0	5	3.085972062949949e-05	1.370564739922031e-06	0.015306122448979591	0.976263243227084	0.9828669182660272	0.006603675038943213	0.015998720238243336
scheme_c	49	50	80.5	80.594	0.09399999999999409	3	1	1	0	4.481213421650767e-06	6.477848002783837e-06	0.0	3.090018909793699	3.0899414153978952	7.749439580395645e-05	1.870850100483025e-05
scheme_c	49	50	80.5	80.594	0.09399999999999409	3	1	1	1	1.8008284220811282e-05	7.603045329762637e-06	0.0	1.9095649168075228	1.9071364171240923	0.0024284996834305073	0.00026846129789362465
scheme_c	49	50	80.5	80.594	0.09399999999999409	3	1	1	2	2.2172677773808053e-05	3.168745967441211e-05	0.00510204081632653	3.030400540761441	3.0296935953195243	0.0007069454419168508	0.005226595497966436
scheme_c	49	50	80.5	80.594	0.09399999999999409	3	1	1	3	3.5132699737040556e-05	7.801313229394147e-05	0.04591836734693878	3.4045448239166447	3.4047797214218063	0.00023489750516159091	0.046055002929485916
scheme_c	49	50	80.5	80.594	0.09399999999999409	3	1	1	4	1.8736142699861928e-05	1.2545132080821197e-05	0.0	2.7353701955797596	2.732926026628314	0.0024441689514453913	0.0002756981699252222
scheme_c	49	50	80.5	80.594	0.09399999999999409	3	1	1	5	1.266449549248691e-05	2.4811420251902305e-05	0.00510204081632653	3.2826368416801124	3.283662322702691	0.0010254810225784894	0.005242064834328769
scheme_c	49	50	80.5	80.594	0.09399999999999409	4	2	0	0	2.693413720145607e-05	2.2552589429958303e-05	0.0	2.619154751896591	2.6175538798733973	0.0016008720231939222	0.00020957392895080658
scheme_c	49	50	80.5	80.594	0.09399999999999409	4	2	0	1	2.7256034550059107e-05	4.175861324517971e-05	0.02040816326530612	3.419909503061781	3.4194809035393012	0.0004285995224799777	0.02052003786534936
scheme_c	49	50	80.5	80.594	0.09399999999999409	4	2	0	2	5.389034830157522e-05	0.00014135216010346952	0.025510204081632654	3.6212551813995715	3.622472019738119	0.0012168383385473547	0.025827130423892435
scheme_c	49	50	80.5	80.594	0.09399999999999409	4	2	0	3	6.362723521901518e-05	0.00018838706918067327	0.030612244897959183	3.6989596112349283	3.69816692263598	0.0007926885989482102	0.030943528062253693
scheme_c	49	50	80.5	80.594	0.09399999999999409	4	2	0	4	2.7222020733154656e-05	8.839458677212253e-05	0.04591836734693878	3.776849738361664	3.7765868346607347	0.0002629037009294066	0.04606027432453699
scheme_c	49	50	80.5	80.594	0.09399999999999409	4	2	0	5	3.217060231940049e-05	7.470151252242374e-06	0.0	2.1087792116206763	2.105970206917317	0.002809004703359097	0.0003205412239075526
scheme_c	49	50	80.5	80.594	0.09399999999999409	4	2	0	6	3.8537048442620047e-05	9.136406967313881e-06	0.01020408163265306	2.2523241370639564	2.250343880300479	0.0019802567634772394	0.010449780764410718
scheme_c	49	50	80.5	80.594	0.09399999999999409	4	2	0	7	2.611970437901834e-05	9.100214825985553e-05	0.0663265306122449	3.836112205958844	3.8360583742814316	5.383167741257466e-05	0.06644903563262504
scheme_c	49	50	80.5	80.594	0.09399999999999409	4	2	0	8	3.457175536130753e-05	0.0001298769096907959	0.07653061224489796	3.8502693112586264	3.850237667719133	3.164353949358656e-05	0.07669822526389942
scheme_c	49	50	80.5	80.594	0.09399999999999409	4	2	0	9	2.1332202676335433e-05	4.9713248925664644e-05	0.015306122448979591	3.376109515314778	3.373970661492189	0.0021388538225890485	0.015591053282840496
scheme_c	49	50	80.5	80.594	0.09399999999999409	4	2	0	10	4.236369186686436e-05	7.772420866802854e-06	0.0	2.0964306122907286	2.0955916412504476	0.0008389710402809669	0.0001340332167617639
scheme_c	49	50	80.5	80.594	0.09399999999999409	4	2	0	11	2.7890422893207424e-05	6.1321217710297304e-06	0.00510204081632653	1.9309998619164848	1.9318176564977854	0.0008177945813006016	0.005217842819120828
scheme_c	49	50	80.5	80.594	0.09399999999999409	5	2	1	0	6.890195090586353e-05	0.00011048964238813408	0.01020408163265306	3.206438102428929	3.2075718536856987	0.0011337512567699548	0.010496848351624054
scheme_c	49	50	80.5	80.594	0.09399999999999409	5	2	1	1	4.5153931290472615e-05	0.00011972131872428626	0.05102040816326531	3.5596355828129367	3.558994085331495	0.0006414974814417107	0.05124943316142424
scheme_c	49	50	80.5	80.594	0.09399999999999409	5	2	1	2	3.481449469240696e-05	7.400421252590217e-05	0.015306122448979591	3.388332843225118	3.388437367503267	0.0001045242781492206	0.015425393584012822
scheme_c	49	50	80.5	80.594	0.09399999999999409	5	2	1	3	5.2863398903341164e-05	3.105952894755237e-05	0.0	2.5123888548170923	2.5106642080628245	0.0017246467542677557	0.0002563876032776691
scheme_c	49	50	80.5	80.594	0.09399999999999409	5	2	1	4	5.6396102347659793e-05	3.456478768892879e-05	0.01020408163265306	2.532661334339507	2.532990484664044	0.00032915032453706417	0.010327957555143355
scheme_c	49	50	80.5	80.594	0.09399999999999409	5	2	1	5	5.0179908785653524e-05	1.4538051227086513e-05	0.00510204081632653	2.158482759048729	2.1578505319751273	0.0006322270736016655	0.005229981483699437
scheme_c	49	50	80.5	80.594	0.09399999999999409	5	2	1	6	4.585171091892935e-05	7.139467773742414e-05	0.00510204081632653	3.1728442548047595	3.172028611242885	0.0008156435618746904	0.005300851561170353
scheme_c	49	50	80.5	80.594	0.09399999999999409	5	2	1	7	2.1906552258444125e-05	1.1407216520709085e-05	0.0	2.105005107924414	2.1056414934024446	0.0006363854780304656	9.695231658219978e-05
scheme_c	49	50	80.5	80.594	0.09399999999999409	5	2	1	8	3.204851857446377e-05	9.939754248344812e-06	0.0	2.1702760346274723	2.1692748778681823	0.0010011567592900228	0.00014210394875181087
scheme_c	49	50	80.5	80.594	0.09399999999999409	5	2	1	9	8.062131522013953e-05	0.00019031441322336917	0.030612244897959183	3.546498225379043	3.545356003448776	0.001142221930267251	0.030997402819429417
scheme_c	49	50	80.5	80.594	0.09399999999999409	5	2	1	10	9.806086282646169e-05	0.00013022984681154703	0.02040816326530612	3.073130446657052	3.071338257737877	0.0017921889191749862	0.020815672866861628
scheme_c	49	50	80.5	80.594	0.09399999999999409	5	2	1	11	9.353349502646982e-05	0.0001222001887477564	0.01020408163265306	2.9854337929898063	2.9830263169527997	0.0024074760370065285	0.01066056292012794
scheme_c	49	50	80.5	80.594	0.09399999999999409	6	2	2	0	6.180449160882173e-05	0.00018929260046407492	0.025510204081632654	3.7550677496256566	3.7549158111503	0.00015193847535677207	0.025776495021241227
scheme_c	49	50	80.5	80.594	0.09399999999999409	6	2	2	1	7.138680024773486e-05	0.00021541148928327924	0.03571428571428571	3.6824340663152144	3.684388581215955	0.0019545149007407225	0.0361965354938908
scheme_c	49	50	80.5	80.594	0.09399999999999409	6	2	2	2	9.397105861567918e-05	0.00030014603747918756	0.04081632653061224	3.7210109134703835	3.720856767453099	0.00015414601728469535	0.04122585822843558
scheme_c	49	50	80.5	80.594	0.09399999999999409	6	2	2	3	3.514404251222081e-05	7.63291754735107e-05	0.04081632653061224	3.596060344271825	3.5957578962842547	0.00030244798757017577	0.040958044547354994
scheme_c	49	50	80.5	80.594	0.09399999999999409	6	2	2	4	0.00010562585929781544	0.00027842366932051554	0.04591836734693878	3.627541905097356	3.6258502694490713	0.0016916356482847839	0.04647158044038559
scheme_c	49	50	80.5	80.594	0.09399999999999409	6	2	2	5	1.8131404068608942e-05	2.7226750047071313e-05	0.01020408163265306	2.604071132112884	2.6038330374145255	0.00023809469835844865	0.010273249256604586
scheme_c	49	50	80.5	80.594	0.09399999999999409	6	2	2	6	3.844427543952659e-05	0.00013160680910939693	0.04081632653061224	3.818536958594772	3.817908724867061	0.0006282337277108141	0.041049200987932244
scheme_c	49	50	80.5	80.594	0.09399999999999409	6	2	2	7	6.045781139624046e-05	6.438496662142246e-05	0.01020408163265306	3.0119014863535747	3.0127658558346337	0.0008643694810590574	0.010415361358776628
scheme_c	49	50	80.5	80.594	0.09399999999999409	6	2	2	8	7.227466344272612e-05	0.00014917028648708808	0.01020408163265306	3.435593661494592	3.4335223678186844	0.0020712936759075262	0.010632655950173629
scheme_c	49	50	80.5	80.594	0.09399999999999409	6	2	2	9	6.469393477354293e-05	4.3535569616004466e-05	0.0	2.6709060707398202	2.6707867218326973	0.00011934890712295143	0.00012016439510184254
scheme_c	49	50	80.5	80.594	0.09399999999999409	6	2	2	10	7.258327259526294e-05	7.212632895892135e-05	0.02040816326530612	2.8403115623511432	2.8385378453519934	0.0017737169991498547	0.02073024456677529
scheme_c	49	50	80.5	80.594	0.09399999999999409	6	2	2	11	4.5220345994846886e-05	0.00014413165839688435	0.05102040816326531	3.738400172723927	3.737553651305312	0.000846521418615076	0.05129441230951855
scheme_c	49	50	80.5	80.594	0.09399999999999409	7	2	3	0	8.600893825761763e-05	7.088833856783161e-05	0.00510204081632653	2.7170421310842867	2.7152576670456994	0.0017844640385873412	0.005437384497010714
scheme_c	49	50	80.5	80.594	0.09399999999999409	7	2	3	1	0.0001330125091771144	6.276389397452675e-05	0.01020408163265306	2.44566784790857	2.4286874640774307	0.01698038383113909	0.01209789641891861
scheme_c	49	50	80.5	80.594	0.09399999999999409	7	2	3	2	9.87379821266107e-05	7.903492186778216e-05	0.01020408163265306	2.679417603052743	2.673079388484842	0.006338214567900735	0.011015675993437527
scheme_c	49	50	80.5	80.594	0.09399999999999409	7	2	3	3	3.415414270518725e-05	9.24765537808625e-05	0.01020408163265306	3.612700866568881	3.6120466644204647	0.0006542021484161609	0.010396132543980727
scheme_c	49	50	80.5	80.594	0.09399999999999409	7	2	3	4	8.724334780018796e-05	0.00020701639316778042	0.025510204081632654	3.594338339903607	3.593201863491384	0.001136476412223253	0.02591811146382295
scheme_c	49	50	80.5	80.594	0.09399999999999409	7	2	3	5	8.227365930876431e-05	5.024466295777685e-05	0.01020408163265306	2.2261354234159647	2.224331396601633	0.0018040268143315608	0.010517002636352758
scheme_c	49	50	80.5	80.594	0.09399999999999409	7	2	3	6	0.00011554926990171826	0.0002661194173334547	0.030612244897959183	3.485625676126856	3.4835005059303756	0.002125170196480397	0.031206430604842395
scheme_c	49	50	80.5	80.594	0.09399999999999409	7	2	3	7	7.149518629715864e-05	0.00015979013611955306	0.030612244897959183	3.3949335927726505	3.394818874274142	0.00011471849850863691	0.030855002070226758
scheme_c	49	50	80.5	80.594	0.09399999999999409	7	2	3	8	5.7430659465180324e-05	8.173210251616325e-05	0.015306122448979591	3.115902079309652	3.115792298766772	0.00010978054287980044	0.015456263265248916
scheme_c	49	50	80.5	80.594	0.09399999999999409	7	2	3	9	0.00011115275107972287	0.0002306838517451837	0.015306122448979591	3.4251943872727715	3.421776681688403	0.003417705584368491	0.015989729610241348
scheme_c	49	50	80.5	80.594	0.09399999999999409	7	2	3	10	6.104792155684621e-05	3.729189741163985e-05	0.01020408163265306	2.0432250501441596	2.041650977975778	0.0015740721683816794	0.010459828668459714
scheme_c	49	50	80.5	80.594	0.09399999999999409	7	2	3	11	0.00011754119607187231	0.0003084346348053435	0.03571428571428571	3.6643326853819076	3.6626392600214306	0.0016934253604770078	0.03630960408121063
scheme_c	49	50	80.5	80.594	0.09399999999999409	8	2	4	0	0.00014350230311043264	0.0003125094067921719	0.025510204081632654	3.5868799454753972	3.5831861442307233	0.003693801244673889	0.02633559591600265
scheme_c	49	50	80.5	80.594	0.09399999999999409	8	2	4	1	0.00010255675392469656	0.00026548587118890854	0.04591836734693878	3.618822164595899	3.6171453627968617	0.0016768017990371753	0.046454090151956104
scheme_c	49	50	80.5	80.594	0.09399999999999409	8	2	4	2	0.00013465205561616318	0.00044346418260465814	0.07142857142857142	3.7691027779043886	3.7688929107659592	0.0002098671384294093	0.07202767438063519
scheme_c	49	50	80.5	80.594	0.09399999999999409	8	2	4	3	0.00014218292344136675	0.000404091610471502	0.04591836734693878	3.695899957015585	3.69430507954457	0.0015948774710148328	0.046624129627953134
scheme_c	49	50	80.5	80.594	0.09399999999999409	8	2	4	4	0.00015169510811024832	0.0006241854035936578	0.01020408163265306	3.604809043632973	3.6150159637008588	0.010206920067885594	0.012000654151145526
scheme_c	49	50	80.5	80.594	0.09399999999999409	8	2	4	5	0.00013284657110386938	0.00022260758779169	0.04591836734693878	3.422110240210569	3.422736256409545	0.0006260161989759538	0.04633642312573193
scheme_c	49	50	80.5	80.594	0.09399999999999409	8	2	4	6	9.629536886064077e-05	0.0002976270933967573	0.061224489795918366	3.70308421080894	3.702337716057711	0.0007464947512292319	0.061693061733298686
scheme_c	49	50	80.5	80.594	0.09399999999999409	8	2	4	7	0.00010756076602164379	0.0003405660022247625	0.05102040816326531	3.676635028747686	3.676815970843275	0.00018094209558894292	0.051486629141070606
scheme_c	49	50	80.5	80.594	0.09399999999999409	8	2	4	8	4.879947550504474e-05	0.00011030452714955175	0.030612244897959183	3.5432533649873075	3.5420476630331885	0.001205701954118954	0.030891919096025674
scheme_c	49	50	80.5	80.594	0.09399999999999409	8	2	4	9	0.00013914365611261996	0.0002549043414065144	0.09183673469387756	3.6161986308644547	3.6162027177154	4.086850945217435e-06	0.0922311913764912
scheme_c	49	50	80.5	80.594	0.09399999999999409	8	2	4	10	8.875876523990751e-05	0.0001861039998315439	0.03571428571428571	3.5475336828728334	3.5438871288723517	0.00364655400048175	0.03635380387940534
scheme_c	49	50	80.5	80.594	0.09399999999999409	8	2	4	11	0.00013644748053402635	0.00032487733309416456	0.0663265306122449	3.595483523878251	3.593637797565091	0.0018457263131601565	0.06697242805718912
scheme_c	49	50	80.5	80.594	0.09399999999999409	9	2	5	0	0.00015623244233898943	0.00024829684147287256	0.025510204081632654	3.2142294453274607	3.2137315600802423	0.0004978852472183881	0.025964521890166355
scheme_c	49	50	80.5	80.594	0.09399999999999409	9	2	5	1	0.00013940504396034507	0.00022332119442325382	0.025510204081632654	3.206682637994385	3.206935577871223	0.00025293987683783214	0.025898224307700037
scheme_c	49	50	80.5	80.594	0.09399999999999409	9	2	5	2	0.0001555508666839744	0.00010533300905957166	0.04081632653061224	2.9090708380336068	2.899940875815865	0.00912996221774165	0.04199020662812995
scheme_c	49	50	80.5	80.594	0.09399999999999409	9	2	5	3	0.0001452583057352766	0.00029090460881442404	0.015306122448979591	3.3769107324542462	3.375895846935813	0.0010148855184333172	0.015843773915372623
scheme_c	49	50	80.5	80.594	0.09399999999999409	9	2	5	4	9.500483264635521e-05	0.0001378126804472135	0.02040816326530612	3.0652115466955436	3.064869366539026	0.0003421801565175464	0.02067519879405144
scheme_c	49	50	80.5	80.594	0.09399999999999409	9	2	5	5	5.021459433983319e-05	0.000130577081086658	0.03571428571428571	3.511893077277822	3.512301353242862	0.00040827596503989483	0.0359359049862162
scheme_c	49	50	80.5	80.594	0.09399999999999409	9	2	5	6	0.0001328496289306847	0.00032454636825185457	0.03571428571428571	3.654200670036141	3.652091491513998	0.002109178522143207	0.03638259956368257
scheme_c	49	50	80.5	80.594	0.09399999999999409	9	2	5	7	0.00016264694814047294	0.00035664696781612104	0.02040816326530612	3.4146638135214706	3.4130601967408833	0.0016036167805872914	0.02108781885932144
scheme_c	49	50	80.5	80.594	0.09399999999999409	9	2	5	8	0.00010149113799198867	0.00012577201776908797	0.0	3.0245223120264706	3.027981804635264	0.003459492608793191	0.0005732124166403958
scheme_c	49	50	80.5	80.594	0.09399999999999409	9	2	5	9	0.00014379610334011727	0.000261567668947027	0.04591836734693878	3.2730412267991924	3.2723589081782998	0.0006823186208926302	0.046391962981315184
scheme_c	49	50	80.5	80.594	0.09399999999999409	9	2	5	10	0.00013829233381944313	0.00026514439736136097	0.05102040816326531	3.299160791528804	3.2965187888408387	0.002642002687965217	0.05168804516324263
scheme_c	49	50	80.5	80.594	0.09399999999999409	9	2	5	11	9.06018876877037e-05	0.00018389531621032518	0.025510204081632654	3.2920744806930378	3.2908652740229583	0.00120920667007951	0.025905621952538635
scheme_c	49	50	80.5	80.594	0.09399999999999409	10	3	0	0	0.00048266793939466264	0.0012233982629308304	0.03571428571428571	3.295463452202842	3.301746259226866	0.006282807024023729	0.03804863261901358
scheme_c	49	50	80.5	80.594	0.09399999999999409	10	3	0	1	0.000498041794302743	0.0009122442254803076	0.061224489795918366	3.24894264370903	3.2549912296752606	0.00604858596623048	0.06323963441232446
scheme_c	49	50	80.5	80.594	0.09399999999999409	10	3	0	2	0.0006979888422202293	0.0010370165383571939	0.01020408163265306	3.2227169901143244	3.2204311471425187	0.002285842971805785	0.012167671310411063
scheme_c	49	50	80.5	80.594	0.09399999999999409	10	3	0	3	0.00043320039208380196	0.0008297567912903814	0.04081632653061224	3.4084579382165505	3.399342510084913	0.009115428131637682	0.042990826527150194
scheme_c	49	50	80.5	80.594	0.09399999999999409	10	3	0	4	0.00046394723948478534	0.000976834969652951	0.025510204081632654	3.338562672264859	3.341458217198654	0.002895544933795069	0.0272405407841499
scheme_c	49	50	80.5	80.594	0.09399999999999409	10	3	0	5	0.0007160422259305981	0.0010548163467924976	0.01020408163265306	2.8456125381040462	2.8608210947503743	0.01520855664632803	0.01349579587000896
scheme_c	49	50	80.5	80.594	0.09399999999999409	10	3	0	6	0.0004385876331604225	0.0008223610082206401	0.01020408163265306	3.38772714494086	3.382457084195251	0.005270060745609317	0.011992036348595055
scheme_c	49	50	80.5	80.594	0.09399999999999409	10	3	0	7	0.00016894906395593235	0.0005119823099678511	0.025510204081632654	3.6037788114903777	3.6038372705257546	5.845903537693431e-05	0.02619698135909413
scheme_c	49	50	80.5	80.594	0.09399999999999409	10	3	0	8	0.0005085180861897962	0.0009504188281488357	0.025510204081632654	3.141404399253156	3.147762167596557	0.006357768343400849	0.02760491783031137
scheme_c	49	50	80.5	80.594	0.09399999999999409	10	3	0	9	0.00014516499262001774	0.000425193518469702	0.00510204081632653	3.4060002345740092	3.3981926197238215	0.007807614850187772	0.0064531608124350276
scheme_c	49	50	80.5	80.594	0.09399999999999409	10	3	0	10	0.0005194790412759141	0.0010905065671114045	0.05102040816326531	3.3284519986006513	3.343627879152447	0.01517588055179564	0.05414798182683219
scheme_c	49	50	80.5	80.594	0.09399999999999409	10	3	0	11	0.00047421726343720524	0.0010290240153494334	0.030612244897959183	3.323992615345551	3.3344450193282773	0.010452403982726288	0.03316072657501845
scheme_c	49	50	80.5	80.594	0.09399999999999409	10	3	0	12	0.00047297397982226696	0.0010407932449489898	0.04081632653061224	3.254916664918881	3.2603015151414207	0.005384850222539761	0.04286857877763747
scheme_c	49	50	80.5	80.594	0.09399999999999409	10	3	0	13	0.0007948427137118917	0.0014678110735245609	0.03571428571428571	3.3986042577179814	3.370958624149881	0.027645633568100347	0.0407415028583322
scheme_c	49	50	80.5	80.594	0.09399999999999409	10	3	0	14	0.0001603630779922078	0.0003942629935071995	0.025510204081632654	3.3624417279850016	3.361028750182517	0.0014129778024845052	0.02620612793338051
scheme_c	49	50	80.5	80.594	0.09399999999999409	10	3	0	15	0.00039184616663521415	0.0007811541859896742	0.02040816326530612	3.0942295233573076	3.0975912309090785	0.0033617075517708983	0.0219173343731081
scheme_c	49	50	80.5	80.594	0.09399999999999409	10	3	0	16	0.00048371528953203383	0.001043143828540316	0.04591836734693878	3.3573100910758913	3.3651165823225164	0.007806491246625136	0.04822587558967364
scheme_c	49	50	80.5	80.594	0.09399999999999409	10	3	0	17	0.00047001567640792886	0.0010526542796012173	0.025510204081632654	3.271616169766151	3.272078781207227	0.00046261144107573315	0.027079135181749373
scheme_c	49	50	80.5	80.594	0.09399999999999409	10	3	0	18	0.0002908664132117775	0.000848740854202279	0.00510204081632653	3.585084832168893	3.5885709952890714	0.003486163120178354	0.006590264395758422
scheme_c	49	50	80.5	80.594	0.09399999999999409	10	3	0	19	0.0004397586297004117	0.0008680825630863476	0.0	3.3727603231311325	3.3658556678804525	0.0069046552506799586	0.0019983067178547553
scheme_c	49	50	80.5	80.594	0.09399999999999409	10	3	0	20	0.0005428503796741061	0.000887827674952435	0.03571428571428571	2.983834398548803	2.980633090811566	0.003201307737237258	0.03746509454263598
scheme_c	49	50	80.5	80.594	0.09399999999999409	10	3	0	21	0.0001958451201584179	0.0006147407680121564	0.061224489795918366	3.5376064558217966	3.5357179606245426	0.001888495197253981	0.06222392520381434
scheme_c	49	50	80.5	80.594	0.09399999999999409	10	3	0	22	0.0004626276699155605	0.0009680749193979876	0.04591836734693878	3.3256388298313704	3.3294532984767744	0.0038144686454040233	0.04773051680079273
scheme_c	49	50	80.5	80.594	0.09399999999999409	10	3	0	23	0.0005089105058290865	0.001026670017272746	0.02040816326530612	3.2360699594902678	3.2410528477250202	0.004982888234752458	0.022442032611883198
scheme_c	49	50	80.5	80.594	0.09399999999999409	11	3	1	0	3.579143650321041e-05	0.00011945399027113446	0.01020408163265306	3.4261262979321714	3.4251944221579045	0.0009318757742668993	0.010452514636854095
scheme_c	49	50	80.5	80.594	0.09399999999999409	11	3	1	1	0.000221218901628166	0.0005257140180764397	0.00510204081632653	3.5943181149952124	3.590826680057102	0.003491434938110327	0.006198117229842168
scheme_c	49	50	80.5	80.594	0.09399999999999409	11	3	1	2	0.00026977626499818637	0.0006250336582822591	0.02040816326530612	3.501439557105944	3.5024310548314213	0.0009914977254772417	0.02140212296113429
scheme_c	49	50	80.5	80.594	0.09399999999999409	11	3	1	3	0.0002675676353463295	0.0005996164149099092	0.01020408163265306	3.517285981899044	3.519701606385163	0.0024156244861188725	0.011312828131521187
scheme_c	49	50	80.5	80.594	0.09399999999999409	11	3	1	4	0.00037974987029467386	0.0007864068936671575	0.01020408163265306	3.4750179205868252	3.4807522745754835	0.005734353988658292	0.011943673795480721
scheme_c	49	50	80.5	80.594	0.09399999999999409	11	3	1	5	8.98312595831729e-05	0.00028978800021373097	0.04081632653061224	3.525642393619339	3.5229264625435706	0.0027159310757682853	0.041467538897985975
scheme_c	49	50	80.5	80.594	0.09399999999999409	11	3	1	6	0.0002633729770560437	0.0005999494465115385	0.01020408163265306	3.412025389764279	3.408932868968111	0.0030925207961680634	0.011376656135837448
scheme_c	49	50	80.5	80.594	0.09399999999999409	11	3	1	7	0.00022699139843963462	0.0005794511832305504	0.025510204081632654	3.6269956864225925	3.6229297662358895	0.0040659201867030426	0.026723238681973144
scheme_c	49	50	80.5	80.594	0.09399999999999409	11	3	1	8	0.0002657705702029261	0.0005602558003973135	0.03571428571428571	3.467720404849655	3.463549985208621	0.004170419641034151	0.036957354048989366
scheme_c	49	50	80.5	80.594	0.09399999999999409	11	3	1	9	0.00025435709774116594	0.0005127139298721772	0.01020408163265306	3.3408857059630424	3.3316201487230828	0.009265557239959588	0.011897708384262363
scheme_c	49	50	80.5	80.594	0.09399999999999409	11	3	1	10	0.0002636007037443357	0.000689157982103672	0.00510204081632653	3.5521183092245154	3.5463775669336273	0.005740742290888168	0.006628873731263354
scheme_c	49	50	80.5	80.594	0.09399999999999409	11	3	1	11	0.0002557714076466337	0.0005941335490992072	0.015306122448979591	3.5306463463624107	3.5302645403622437	0.0003818060001670176	0.016194208005742134
scheme_c	49	50	80.5	80.594	0.09399999999999409	11	3	1	12	0.00022142424316040434	0.0005088168043556607	0.0663265306122449	3.4641401014277613	3.4599964080194248	0.004143693408336535	0.06747114100059462
scheme_c	49	50	80.5	80.594	0.09399999999999409	11	3	1	13	0.00023284491059545777	0.0006096479137049915	0.030612244897959183	3.567384970860798	3.572179816039848	0.0047948451790498225	0.031934222240164616
scheme_c	49	50	80.5	80.594	0.09399999999999409	11	3	1	14	0.00018318387830453946	0.0005583612897210877	0.04081632653061224	3.5707692105046216	3.568318342470477	0.0024508680341446265	0.04180295850205233
scheme_c	49	50	80.5	80.594	0.09399999999999409	11	3	1	15	0.00021067148743243415	0.000551293255899199	0.04081632653061224	3.639991214092966	3.6402771179731808	0.00028590388021454416	0.041606881661965335
scheme_c	49	50	80.5	80.594	0.09399999999999409	11	3	1	16	0.0002317385534267153	0.0006238559036042535	0.025510204081632654	3.6115903419173963	3.6100125549144018	0.0015777870029944907	0.02652357723896307
scheme_c	49	50	80.5	80.594	0.09399999999999409	11	3	1	17	0.00023785755418852695	0.0006673202075262452	0.015306122448979591	3.560583327638805	3.564748295562739	0.004164967923934171	0.01662779700308778
scheme_c	49	50	80.5	80.594	0.09399999999999409	11	3	1	18	0.0005271235900936461	0.001098123357589631	0.02040816326530612	3.380548499231325	3.38731820863941	0.006769709408084967	0.022710381153797893
scheme_c	49	50	80.5	80.594	0.09399999999999409	11	3	1	19	0.00028689926307651567	0.0006399229861039357	0.01020408163265306	3.449434056230251	3.455437810052439	0.006003753822188429	0.011731279264052355
scheme_c	49	50	80.5	80.594	0.09399999999999409	11	3	1	20	0.00024103082074783307	0.0005614947482874832	0.015306122448979591	3.523194448672258	3.5189591658644233	0.004235282807834917	0.016532176298798402
scheme_c	49	50	80.5	80.594	0.09399999999999409	11	3	1	21	0.00022873983844902887	0.0005159099843821124	0.0	3.4160267307203633	3.414812474522153	0.0012142561982102507	0.0008660754426521664
scheme_c	49	50	80.5	80.594	0.09399999999999409	11	3	1	22	0.00018015678331531672	0.0004481459628991047	0.025510204081632654	3.489089816897062	3.486914914842435	0.0021749020546266706	0.026355997033309743
scheme_c	49	50	80.5	80.594	0.09399999999999409	11	3	1	23	0.0002684210667971642	0.0005398308193732548	0.030612244897959183	3.3173781675223872	3.316870383391532	0.0005077841308551712	0.03147127519721512
scheme_c	50	51	80.594	80.512	-0.08199999999999363	0	0	0	0	1.1954629909599675e-06	3.854804706882042e-06	0.00510204081632653	3.776030729432665	3.7752745103231655	0.000756219109499412	0.005182712994974313
scheme_c	50	51	80.594	80.512	-0.08199999999999363	0	0	0	1	5.134439340600211e-07	1.6323775708926291e-07	0.0	2.2348844306400046	2.2352965267114424	0.00041209607143777305	4.1886288834926596e-05
scheme_c	50	51	80.594	80.512	-0.08199999999999363	0	0	0	2	1.3718150608076054e-06	5.095535725141431e-06	0.00510204081632653	3.824391441095711	3.8244810742330175	8.96331373065884e-05	0.005117471480843138
scheme_c	50	51	80.594	80.512	-0.08199999999999363	1	0	1	0	3.249807812735535e-06	1.0596689474895449e-05	0.00510204081632653	3.722965150743344	3.7228570709383475	0.00010807980499638603	0.0051266952941138
scheme_c	50	51	80.594	80.512	-0.08199999999999363	1	0	1	1	3.319754573427318e-06	1.3850605253828974e-06	0.015306122448979591	2.047672510450533	2.0468634875743383	0.0008090228761945539	0.015391729551697857
scheme_c	50	51	80.594	80.512	-0.08199999999999363	1	0	1	2	2.329828257484014e-06	7.588422270776718e-06	0.0	3.7362734993622015	3.7365046566206357	0.0002311572584341448	3.3033976371675215e-05
scheme_c	50	51	80.594	80.512	-0.08199999999999363	2	1	0	0	4.7272660877187286e-06	1.3230715388279357e-05	0.030612244897959183	3.7908954454208277	3.7908381079900173	5.733743081037801e-05	0.030635936622516218
scheme_c	50	51	80.594	80.512	-0.08199999999999363	2	1	0	1	7.122280734643154e-06	2.375977596646983e-05	0.030612244897959183	3.7766074455648866	3.7762555611794393	0.0003518843854473097	0.030678315393205025
scheme_c	50	51	80.594	80.512	-0.08199999999999363	2	1	0	2	2.348208441731782e-05	2.54454696246853e-06	0.0	1.7708751286828723	1.7684185838054094	0.0024565448774629406	0.00027168111912608044
scheme_c	50	51	80.594	80.512	-0.08199999999999363	2	1	0	3	3.542361511589804e-05	2.730622291391427e-06	0.015306122448979591	1.4198871345066892	1.410537919979281	0.009349214527408334	0.016279198139127714
scheme_c	50	51	80.594	80.512	-0.08199999999999363	2	1	0	4	3.5270592947917436e-05	1.2377005709218736e-06	0.03571428571428571	0.8223302669658508	0.8155851018676618	0.00674516509818901	0.03642531051762345
scheme_c	50	51	80.594	80.512	-0.08199999999999363	2	1	0	5	3.623346831399309e-05	1.6517532092086284e-06	0.030612244897959183	0.9828669182660272	0.9723507739496403	0.010516144316386922	0.031701744551121076
scheme_c	50	51	80.594	80.512	-0.08199999999999363	3	1	1	0	4.2803898928426715e-06	6.8917703044402145e-06	0.00510204081632653	3.0899414153978952	3.0905960040765437	0.0006545886786484267	0.0051786718443886555
scheme_c	50	51	80.594	80.512	-0.08199999999999363	3	1	1	1	1.745292103333379e-05	6.955993203994204e-06	0.0	1.9071364171240923	1.9095651640785916	0.002428746954499239	0.0002672836096872519
scheme_c	50	51	80.594	80.512	-0.08199999999999363	3	1	1	2	2.164751309475246e-05	2.9257295132256722e-05	0.0	3.0296935953195243	3.03289944732943	0.003205852009905641	0.0003714900092175733
scheme_c	50	51	80.594	80.512	-0.08199999999999363	3	1	1	3	3.258413116853091e-05	6.835446812492041e-05	0.030612244897959183	3.4047797214218063	3.404993770961581	0.00021404953977466334	0.0307345884512301
scheme_c	50	51	80.594	80.512	-0.08199999999999363	3	1	1	4	1.8159140465525614e-05	1.1620270010892497e-05	0.0	2.732926026628314	2.733243906342269	0.0003178797139549161	6.156738187190972e-05
scheme_c	50	51	80.594	80.512	-0.08199999999999363	3	1	1	5	1.3030592010452842e-05	2.3441620797370888e-05	0.00510204081632653	3.283662322702691	3.282124779739164	0.0015375429635269278	0.005292267325487047
scheme_c	50	51	80.594	80.512	-0.08199999999999363	4	2	0	0	2.5689387865986796e-05	2.2968761859920583e-05	0.0	2.6175538798733973	2.6187140692507884	0.001160189377391152	0.0001646770874650226
scheme_c	50	51	80.594	80.512	-0.08199999999999363	4	2	0	1	2.5352151484802218e-05	4.115712565766483e-05	0.02040816326530612	3.4194809035393012	3.419498725769511	1.7822230209851853e-05	0.020476454765469575
scheme_c	50	51	80.594	80.512	-0.08199999999999363	4	2	0	2	5.5322425141355764e-05	0.00013953616937290025	0.025510204081632654	3.622472019738119	3.622187106340442	0.00028491339767677815	0.025733554015914588
scheme_c	50	51	80.594	80.512	-0.08199999999999363	4	2	0	3	6.579124271712645e-05	0.00018562494377039052	0.04591836734693878	3.69816692263598	3.6978407519619187	0.0003261706740613768	0.04620240060083243
scheme_c	50	51	80.594	80.512	-0.08199999999999363	4	2	0	4	2.688572272714777e-05	8.650556834033374e-05	0.02040816326530612	3.7765868346607347	3.776491775862907	9.505879782789606e-05	0.02053106043615639
scheme_c	50	51	80.594	80.512	-0.08199999999999363	4	2	0	5	3.040913008967479e-05	6.820849392852324e-06	0.00510204081632653	2.105970206917317	2.1094492069525033	0.003479000035186086	0.005487170799327666
scheme_c	50	51	80.594	80.512	-0.08199999999999363	4	2	0	6	4.4629923797682864e-05	1.1115503835257279e-05	0.00510204081632653	2.250343880300479	2.2558470540348674	0.005503173734388245	0.005708103617398295
scheme_c	50	51	80.594	80.512	-0.08199999999999363	4	2	0	7	2.9371522139411498e-05	0.00010172380875872467	0.10204081632653061	3.8360583742814316	3.8362263028234547	0.00016792854202307694	0.10218870451163106
scheme_c	50	51	80.594	80.512	-0.08199999999999363	4	2	0	8	3.000748416028781e-05	0.0001099084873306122	0.08673469387755102	3.850237667719133	3.85028019799921	4.253028007727977e-05	0.08687886287704966
scheme_c	50	51	80.594	80.512	-0.08199999999999363	4	2	0	9	2.127801672817239e-05	4.6350477761025743e-05	0.015306122448979591	3.373970661492189	3.375859520247536	0.001888858755346945	0.015562636819003484
scheme_c	50	51	80.594	80.512	-0.08199999999999363	4	2	0	10	4.1199280246012035e-05	8.017936716342433e-06	0.0	2.0955916412504476	2.096931530118625	0.0013398888681774856	0.00018320610378010305
scheme_c	50	51	80.594	80.512	-0.08199999999999363	4	2	0	11	2.8153062430847374e-05	4.569245403485134e-06	0.00510204081632653	1.9318176564977854	1.9326770308345338	0.0008593743367484308	0.005220700557835706
scheme_c	50	51	80.594	80.512	-0.08199999999999363	5	2	1	0	7.668818569767492e-05	0.0001294288779142283	0.015306122448979591	3.2075718536856987	3.2057143284469207	0.0018575252387780239	0.015697992036469297
scheme_c	50	51	80.594	80.512	-0.08199999999999363	5	2	1	1	4.595605766403115e-05	0.00012042960672165037	0.03571428571428571	3.558994085331495	3.5593017997745693	0.00030771444307431395	0.035911442822978826
scheme_c	50	51	80.594	80.512	-0.08199999999999363	5	2	1	2	3.5691776702608236e-05	7.841707863553982e-05	0.015306122448979591	3.388437367503267	3.3875693272519505	0.000868040251316593	0.015507035329449399
scheme_c	50	51	80.594	80.512	-0.08199999999999363	5	2	1	3	5.595559293683459e-05	3.697457469642451e-05	0.00510204081632653	2.5106642080628245	2.5118970317736946	0.001232823710870079	0.005318253355046798
scheme_c	50	51	80.594	80.512	-0.08199999999999363	5	2	1	4	5.324887798642895e-05	3.4116959188867924e-05	0.00510204081632653	2.532990484664044	2.53247405838349	0.0005164262805537057	0.005241049281557198
scheme_c	50	51	80.594	80.512	-0.08199999999999363	5	2	1	5	5.3024581263579186e-05	1.6178670242061877e-05	0.00510204081632653	2.1578505319751273	2.1619468417506793	0.004096309775551976	0.005580875045387369
scheme_c	50	51	80.594	80.512	-0.08199999999999363	5	2	1	6	4.873367007478332e-05	7.480402009374387e-05	0.015306122448979591	3.172028611242885	3.1726358595316677	0.0006072482887828912	0.015490384968026407
scheme_c	50	51	80.594	80.512	-0.08199999999999363	5	2	1	7	2.061114366688033e-05	1.2475911089770975e-05	0.0	2.1056414934024446	2.105139065767847	0.0005024276345975132	8.332981821640263e-05
scheme_c	50	51	80.594	80.512	-0.08199999999999363	5	2	1	8	3.188759450158556e-05	1.0301634944975824e-05	0.0	2.1692748778681823	2.1713059977575306	0.002031119889348343	0.00024530121838139566
scheme_c	50	51	80.594	80.512	-0.08199999999999363	5	2	1	9	7.900103739859504e-05	0.0001958192756091881	0.03571428571428571	3.545356003448776	3.5452158774582427	0.00014012599053314645	0.03600311862634681
scheme_c	50	51	80.594	80.512	-0.08199999999999363	5	2	1	10	9.789286684166392e-05	0.00012626515674163397	0.02040816326530612	3.071338257737877	3.0734053246112736	0.002067066873396417	0.02083902797622906
scheme_c	50	51	80.594	80.512	-0.08199999999999363	5	2	1	11	9.275629514692198e-05	0.0001115645482266947	0.01020408163265306	2.9830263169527997	2.9850685869324276	0.0020422699796278643	0.010612629473989464
scheme_c	50	51	80.594	80.512	-0.08199999999999363	6	2	2	0	6.650219248970708e-05	0.00021334260978878028	0.030612244897959183	3.7549158111503	3.754120021414944	0.0007957897353558785	0.03097166867377326
scheme_c	50	51	80.594	80.512	-0.08199999999999363	6	2	2	1	6.629596409581115e-05	0.00020879938444129387	0.030612244897959183	3.684388581215955	3.6858339014634534	0.0014453202474982163	0.03103187227124611
scheme_c	50	51	80.594	80.512	-0.08199999999999363	6	2	2	2	9.277539201139724e-05	0.0002983862892238509	0.03571428571428571	3.720856767453099	3.7203404048400937	0.0005163626130051391	0.03615708365682148
scheme_c	50	51	80.594	80.512	-0.08199999999999363	6	2	2	3	3.528714224269671e-05	7.887921951177379e-05	0.03571428571428571	3.5957578962842547	3.5951907719558944	0.0005671243283602578	0.03588516450887621
scheme_c	50	51	80.594	80.512	-0.08199999999999363	6	2	2	4	0.0001018134369170098	0.00026278721372907654	0.04081632653061224	3.6258502694490713	3.626431553069437	0.0005812836203658023	0.041239055543294906
scheme_c	50	51	80.594	80.512	-0.08199999999999363	6	2	2	5	1.8574278774201642e-05	2.932033415059543e-05	0.00510204081632653	2.6038330374145255	2.6028644619246286	0.0009685754898969279	0.00524679297824102
scheme_c	50	51	80.594	80.512	-0.08199999999999363	6	2	2	6	3.3335385687627294e-05	0.00011371355865485988	0.04081632653061224	3.817908724867061	3.818540631230121	0.0006319063630599864	0.04102656611126073
scheme_c	50	51	80.594	80.512	-0.08199999999999363	6	2	2	7	6.121730909118894e-05	6.52457835369491e-05	0.01020408163265306	3.0127658558346337	3.008613109042668	0.004152746791965534	0.010745819404477752
scheme_c	50	51	80.594	80.512	-0.08199999999999363	6	2	2	8	7.13477219681045e-05	0.0001487085979184899	0.015306122448979591	3.4335223678186844	3.43400464478814	0.0004822769694556861	0.015574406465811754
scheme_c	50	51	80.594	80.512	-0.08199999999999363	6	2	2	9	6.212126945372687e-05	4.370663782715667e-05	0.00510204081632653	2.6707867218326973	2.6695135523740006	0.0012731694586967102	0.005335185669477085
scheme_c	50	51	80.594	80.512	-0.08199999999999363	6	2	2	10	7.158477018748017e-05	7.043908099702012e-05	0.02040816326530612	2.8385378453519934	2.8369361517436484	0.0016016936083449451	0.020710356477325116
scheme_c	50	51	80.594	80.512	-0.08199999999999363	6	2	2	11	4.68796234253676e-05	0.00015288346569153344	0.08163265306122448	3.737553651305312	3.73804084008307	0.0004871887777579964	0.08188113502811718
scheme_c	50	51	80.594	80.512	-0.08199999999999363	7	2	3	0	8.282123681484726e-05	6.94914654590928e-05	0.01020408163265306	2.7152576670456994	2.7162314766479576	0.0009738096022582354	0.010453775295152824
scheme_c	50	51	80.594	80.512	-0.08199999999999363	7	2	3	1	0.0001251379272892516	4.5600248428034895e-05	0.00510204081632653	2.4286874640774307	2.4379821515239293	0.009294687446498529	0.00620224773669367
scheme_c	50	51	80.594	80.512	-0.08199999999999363	7	2	3	2	8.759322822656662e-05	5.950276922073172e-05	0.01020408163265306	2.673079388484842	2.675891289141669	0.0028119006568267935	0.010632367695783037
scheme_c	50	51	80.594	80.512	-0.08199999999999363	7	2	3	3	3.268095951684229e-05	8.428926058190456e-05	0.00510204081632653	3.6120466644204647	3.612656172375195	0.0006095079547301374	0.00527996183189829
scheme_c	50	51	80.594	80.512	-0.08199999999999363	7	2	3	4	9.024192825885275e-05	0.0002112000895877486	0.03571428571428571	3.593201863491384	3.5941051264586688	0.0009032629672849346	0.0361060540288608
scheme_c	50	51	80.594	80.512	-0.08199999999999363	7	2	3	5	7.713031919625543e-05	4.144823396801112e-05	0.01020408163265306	2.224331396601633	2.2247251519419926	0.00039375534035945847	0.010362035719853273
scheme_c	50	51	80.594	80.512	-0.08199999999999363	7	2	3	6	0.0001126848636622858	0.00026967076816275526	0.03571428571428571	3.4835005059303756	3.4846859610041823	0.0011854550738066294	0.03621518685349141
scheme_c	50	51	80.594	80.512	-0.08199999999999363	7	2	3	7	6.883782489835864e-05	0.00013780422453146812	0.02040816326530612	3.394818874274142	3.393684124468666	0.0011347498054758987	0.02072828029528354
scheme_c	50	51	80.594	80.512	-0.08199999999999363	7	2	3	8	5.879061048865991e-05	9.698240987732198e-05	0.03571428571428571	3.115792298766772	3.115045600447593	0.0007466983191792842	0.03594472856656963
scheme_c	50	51	80.594	80.512	-0.08199999999999363	7	2	3	9	0.00010522367051075138	0.00022178224766500332	0.03571428571428571	3.421776681688403	3.4212833724176046	0.000493309270798381	0.036090622559541305
scheme_c	50	51	80.594	80.512	-0.08199999999999363	7	2	3	10	6.487104367383962e-05	4.4676239890240055e-05	0.00510204081632653	2.041650977975778	2.0423563648543945	0.0007053868786166539	0.005282126787752276
scheme_c	50	51	80.594	80.512	-0.08199999999999363	7	2	3	11	0.00012120990198067342	0.00033681418873188207	0.015306122448979591	3.6626392600214306	3.6628772607117277	0.00023800069029711324	0.015787946608721858
scheme_c	50	51	80.594	80.512	-0.08199999999999363	8	2	4	0	0.00014541088621114516	0.0003336733719001561	0.015306122448979591	3.5831861442307233	3.5846093380059245	0.0014231937752011703	0.01592752608461101
scheme_c	50	51	80.594	80.512	-0.08199999999999363	8	2	4	1	0.00010275164491446834	0.00027069714671412726	0.05102040816326531	3.6171453627968617	3.6171969442210594	5.158142419769973e-05	0.05139901509731367
scheme_c	50	51	80.594	80.512	-0.08199999999999363	8	2	4	2	0.00014243176618688547	0.0004622506306102281	0.05102040816326531	3.7688929107659592	3.768168367606795	0.0007245431591642593	0.05169754487597884
scheme_c	50	51	80.594	80.512	-0.08199999999999363	8	2	4	3	0.00013544912372958918	0.00039143275652642195	0.061224489795918366	3.69430507954457	3.6946673646830672	0.00036228513849723143	0.061787600190024106
scheme_c	50	51	80.594	80.512	-0.08199999999999363	8	2	4	4	0.00013590851773141523	0.0005841816921197118	0.02040816326530612	3.6150159637008588	3.6237112033031207	0.008695239602261928	0.02199777743538344
scheme_c	50	51	80.594	80.512	-0.08199999999999363	8	2	4	5	0.00013064121832027345	0.00025437985317189327	0.03571428571428571	3.422736256409545	3.4224242981137443	0.00031195829580088485	0.03613050261535797
scheme_c	50	51	80.594	80.512	-0.08199999999999363	8	2	4	6	8.120117007516995e-05	0.0002462532170148801	0.07653061224489796	3.702337716057711	3.7018303095324896	0.0005074065252212989	0.07690880728451013
scheme_c	50	51	80.594	80.512	-0.08199999999999363	8	2	4	7	0.00010901520874117044	0.0003291096398573279	0.03571428571428571	3.676815970843275	3.6760858063440196	0.0007301644992554479	0.03622542701280975
scheme_c	50	51	80.594	80.512	-0.08199999999999363	8	2	4	8	4.6419204737795596e-05	0.00010552235118477249	0.025510204081632654	3.5420476630331885	3.541695873081454	0.00035178995173446026	0.02569732463272867
scheme_c	50	51	80.594	80.512	-0.08199999999999363	8	2	4	9	0.00014360799056356647	0.00028283911170423615	0.07653061224489796	3.6162027177154	3.616310771277145	0.00010805356174525826	0.07696786470334029
scheme_c	50	51	80.594	80.512	-0.08199999999999363	8	2	4	10	8.921510947298956e-05	0.0001891293940707861	0.01020408163265306	3.5438871288723517	3.546262489503155	0.002375360630803236	0.01071996219927716
scheme_c	50	51	80.594	80.512	-0.08199999999999363	8	2	4	11	0.00013691366976732614	0.0003225740919819975	0.07653061224489796	3.593637797565091	3.59624082819073	0.0026030306256390467	0.07725040306921119
scheme_c	50	51	80.594	80.512	-0.08199999999999363	9	2	5	0	0.00014633572809374275	0.000260204760465621	0.03571428571428571	3.2137315600802423	3.2112297350806323	0.0025018249996100472	0.03637100870280608
scheme_c	50	51	80.594	80.512	-0.08199999999999363	9	2	5	1	0.00013809773131008666	0.00023643316048360674	0.02040816326530612	3.206935577871223	3.205815366852734	0.0011202110184891367	0.020894715258948728
scheme_c	50	51	80.594	80.512	-0.08199999999999363	9	2	5	2	0.00014138219474824857	9.820494531365132e-05	0.04081632653061224	2.899940875815865	2.9026512496388435	0.0027103738229783403	0.041326951052971975
scheme_c	50	51	80.594	80.512	-0.08199999999999363	9	2	5	3	0.00013959395992605114	0.00031609216297956433	0.05102040816326531	3.375895846935813	3.3749634895157365	0.0009323574200763574	0.05156933002817855
scheme_c	50	51	80.594	80.512	-0.08199999999999363	9	2	5	4	0.00010109378471351945	0.00017114811199836488	0.02040816326530612	3.064869366539026	3.0638004885012227	0.0010688780378034224	0.020787292965798346
scheme_c	50	51	80.594	80.512	-0.08199999999999363	9	2	5	5	5.213719579100961e-05	0.00014021780961781527	0.03571428571428571	3.512301353242862	3.512364747907619	6.339466475724365e-05	0.035912980186170264
scheme_c	50	51	80.594	80.512	-0.08199999999999363	9	2	5	6	0.00014261153491494118	0.00033100389482343395	0.04081632653061224	3.652091491513998	3.6530080009544426	0.000916509440444635	0.04138159290439508
scheme_c	50	51	80.594	80.512	-0.08199999999999363	9	2	5	7	0.00015684585978128335	0.0003503425454074449	0.030612244897959183	3.4130601967408833	3.412428641960365	0.0006315547805182398	0.031182588781199734
scheme_c	50	51	80.594	80.512	-0.08199999999999363	9	2	5	8	9.669705351364526e-05	0.0001248529313537805	0.00510204081632653	3.027981804635264	3.0244880655778497	0.0034937390574141247	0.005672964706935369
scheme_c	50	51	80.594	80.512	-0.08199999999999363	9	2	5	9	0.00014788435604792775	0.00026755915373433137	0.03571428571428571	3.2723589081782998	3.2721667553568015	0.0001921528214983148	0.036148944506217806
scheme_c	50	51	80.594	80.512	-0.08199999999999363	9	2	5	10	0.00013433756507542742	0.000248247365099985	0.03571428571428571	3.2965187888408387	3.296102878359847	0.00041591048099176575	0.036138461692560304
scheme_c	50	51	80.594	80.512	-0.08199999999999363	9	2	5	11	0.00010312574504238773	0.00020645165677790622	0.030612244897959183	3.2908652740229583	3.2903795350559206	0.00048573896703763	0.03097039619648324
scheme_c	50	51	80.594	80.512	-0.08199999999999363	10	3	0	0	0.0005438128049377532	0.0009315639343253634	0.02040816326530612	3.301746259226866	3.299709671116688	0.002036588110177817	0.02208719881558702
scheme_c	50	51	80.594	80.512	-0.08199999999999363	10	3	0	1	0.0006233911555065942	0.0009352738381885883	0.04591836734693878	3.2549912296752606	3.2589114244738933	0.0039201947986327035	0.04786905182049723
scheme_c	50	51	80.594	80.512	-0.08199999999999363	10	3	0	2	0.0007664109272093426	0.0009198115800009843	0.01020408163265306	3.2204311471425187	3.231307720498273	0.010876573355754537	0.01297796147543884
scheme_c	50	51	80.594	80.512	-0.08199999999999363	10	3	0	3	0.0005402703043780974	0.0009294576971704549	0.03571428571428571	3.399342510084913	3.412660097183271	0.013317587098358175	0.03851577242567008
scheme_c	50	51	80.594	80.512	-0.08199999999999363	10	3	0	4	0.0006176195393582884	0.0009801699383881202	0.025510204081632654	3.341458217198654	3.3474530281153863	0.005994810916732263	0.027707474651052288
scheme_c	50	51	80.594	80.512	-0.08199999999999363	10	3	0	5	0.0008199429009489393	0.0008562861887683182	0.01020408163265306	2.8608210947503743	2.856258948968338	0.0045621457820361755	0.012336525300573935
scheme_c	50	51	80.594	80.512	-0.08199999999999363	10	3	0	6	0.0005991041191771109	0.0008935061727478599	0.0	3.382457084195251	3.3941366396619537	0.011679555466702851	0.002660565838595256
scheme_c	50	51	80.594	80.512	-0.08199999999999363	10	3	0	7	0.00022958499878290633	0.0006814517281504839	0.030612244897959183	3.6038372705257546	3.6093561754242307	0.0055189048984760625	0.03207517211474018
scheme_c	50	51	80.594	80.512	-0.08199999999999363	10	3	0	8	0.0005667859803686903	0.0007727827987119573	0.03571428571428571	3.147762167596557	3.153657163571487	0.005894995974930151	0.03764335409085937
scheme_c	50	51	80.594	80.512	-0.08199999999999363	10	3	0	9	0.00014519887355419087	0.00035955883433658187	0.00510204081632653	3.3981926197238215	3.401061616607402	0.0028689968835804436	0.005893698212575347
scheme_c	50	51	80.594	80.512	-0.08199999999999363	10	3	0	10	0.0006129953758364705	0.000998776307901239	0.04081632653061224	3.343627879152447	3.3417511931054835	0.0018766860469634494	0.042615766819046295
scheme_c	50	51	80.594	80.512	-0.08199999999999363	10	3	0	11	0.0005676965179981777	0.0009498061834825045	0.030612244897959183	3.3344450193282773	3.3390651478447957	0.004620128516518385	0.0325917604510917
scheme_c	50	51	80.594	80.512	-0.08199999999999363	10	3	0	12	0.0005135238136621896	0.0007959572639156809	0.04081632653061224	3.2603015151414207	3.26234541583756	0.002043900696139467	0.042330197677804056
scheme_c	50	51	80.594	80.512	-0.08199999999999363	10	3	0	13	0.0007088915807508143	0.0011300447585732565	0.03571428571428571	3.370958624149881	3.3664793535458513	0.00447927060402975	0.038001149114012756
scheme_c	50	51	80.594	80.512	-0.08199999999999363	10	3	0	14	0.00024274601594113557	0.0004346192537203475	0.025510204081632654	3.361028750182517	3.364980344188278	0.003951594005760839	0.026582728751870222
scheme_c	50	51	80.594	80.512	-0.08199999999999363	10	3	0	15	0.0004716160370165553	0.0006501170806270107	0.01020408163265306	3.0975912309090785	3.105402426380028	0.007811195470949439	0.012106934297391571
scheme_c	50	51	80.594	80.512	-0.08199999999999363	10	3	0	16	0.0006296937999337702	0.001078951692510155	0.025510204081632654	3.3651165823225164	3.3689359669225456	0.0038193846000291742	0.027600788034079494
scheme_c	50	51	80.594	80.512	-0.08199999999999363	10	3	0	17	0.0005830984447119324	0.0009162811446365993	0.015306122448979591	3.272078781207227	3.278595624432802	0.0065168432255751085	0.017457186360885633
scheme_c	50	51	80.594	80.512	-0.08199999999999363	10	3	0	18	0.00037680220990502964	0.000782600805865008	0.00510204081632653	3.5885709952890714	3.587350357246362	0.0012206380427093322	0.006383507636367501
scheme_c	50	51	80.594	80.512	-0.08199999999999363	10	3	0	19	0.0004662124142330521	0.0007313411080999144	0.0	3.3658556678804525	3.3763959004786996	0.010540232598247101	0.0022515767821576767
scheme_c	50	51	80.594	80.512	-0.08199999999999363	10	3	0	20	0.0005758654252467307	0.0007996728040775558	0.03571428571428571	2.980633090811566	2.99070181332353	0.010068722511964001	0.0380966961948064
scheme_c	50	51	80.594	80.512	-0.08199999999999363	10	3	0	21	0.0002825013326611544	0.0008341541330569857	0.07142857142857142	3.5357179606245426	3.5392030640492784	0.003485103424735847	0.07289373723676315
scheme_c	50	51	80.594	80.512	-0.08199999999999363	10	3	0	22	0.0005669551624164378	0.000814306577103685	0.030612244897959183	3.3294532984767744	3.337330225805081	0.007876927328306582	0.03278119937030996
scheme_c	50	51	80.594	80.512	-0.08199999999999363	10	3	0	23	0.0006228614499275884	0.0009375333101176997	0.030612244897959183	3.2410528477250202	3.248195391185328	0.007142543460307849	0.03288689400403526
scheme_c	50	51	80.594	80.512	-0.08199999999999363	11	3	1	0	4.555547004216225e-05	0.00014605770179476618	0.01020408163265306	3.4251944221579045	3.425807256331637	0.0006128341737325904	0.010456978221863249
scheme_c	50	51	80.594	80.512	-0.08199999999999363	11	3	1	1	0.00020661445609304144	0.0005106760173539948	0.015306122448979591	3.590826680057102	3.587216453578937	0.003610226478165224	0.01638443557024315
scheme_c	50	51	80.594	80.512	-0.08199999999999363	11	3	1	2	0.0002935915483306983	0.000652723866713778	0.030612244897959183	3.5024310548314213	3.5051246335180357	0.0026935786866144618	0.0318279181816651
scheme_c	50	51	80.594	80.512	-0.08199999999999363	11	3	1	3	0.000325355120384796	0.0007141939818885445	0.02040816326530612	3.519701606385163	3.5187858016368767	0.0009158047482862308	0.021539292842408082
scheme_c	50	51	80.594	80.512	-0.08199999999999363	11	3	1	4	0.00039272135101172176	0.0007805736252588513	0.00510204081632653	3.4807522745754835	3.4945792087222025	0.013826934146718983	0.007658029207269002
scheme_c	50	51	80.594	80.512	-0.08199999999999363	11	3	1	5	9.354018823964917e-05	0.0002722832579994394	0.03571428571428571	3.5229264625435706	3.523943581948423	0.0010171194048522736	0.03618182110101003
scheme_c	50	51	80.594	80.512	-0.08199999999999363	11	3	1	6	0.00029613104684586534	0.0005748185457598032	0.015306122448979591	3.408932868968111	3.4124074553664046	0.0034745863982936775	0.01652453068141463
scheme_c	50	51	80.594	80.512	-0.08199999999999363	11	3	1	7	0.0002372416010985119	0.0006029648290108991	0.025510204081632654	3.6229297662358895	3.6228516160854234	7.815015046608309e-05	0.02635822552678867
scheme_c	50	51	80.594	80.512	-0.08199999999999363	11	3	1	8	0.000302453627298091	0.0005604947564585849	0.04591836734693878	3.463549985208621	3.4660234961537704	0.002473510945149471	0.0470286668252104
scheme_c	50	51	80.594	80.512	-0.08199999999999363	11	3	1	9	0.00039839292976463455	0.0007029857984879317	0.01020408163265306	3.3316201487230828	3.3316987181116637	7.856938858097351e-05	0.011313317299763724
scheme_c	50	51	80.594	80.512	-0.08199999999999363	11	3	1	10	0.00028288226850111217	0.0006770898363595013	0.025510204081632654	3.5463775669336273	3.5456342448443006	0.0007433220893267034	0.026544508395425936
scheme_c	50	51	80.594	80.512	-0.08199999999999363	11	3	1	11	0.000289817343284976	0.0006718812717000366	0.025510204081632654	3.5302645403622437	3.5245141081866467	0.005750432175597009	0.027046945914177365
scheme_c	50	51	80.594	80.512	-0.08199999999999363	11	3	1	12	0.0002161516242422082	0.00044325778298448526	0.04591836734693878	3.4599964080194248	3.4560975385441397	0.0038988694752850606	0.04696766370169398
scheme_c	50	51	80.594	80.512	-0.08199999999999363	11	3	1	13	0.0002641496338013942	0.0006778754537037912	0.03571428571428571	3.572179816039848	3.566181017274778	0.005998798765070035	0.0372561906782979
scheme_c	50	51	80.594	80.512	-0.08199999999999363	11	3	1	14	0.0001832817236252169	0.0005150697739124688	0.04081632653061224	3.568318342470477	3.5676447636615825	0.0006735788088945149	0.041582035909039375
scheme_c	50	51	80.594	80.512	-0.08199999999999363	11	3	1	15	0.00023804731981950805	0.0006310401202541671	0.04081632653061224	3.6402771179731808	3.635372811392737	0.00490430658044394	0.042175844628730315
scheme_c	50	51	80.594	80.512	-0.08199999999999363	11	3	1	16	0.00022857190187681992	0.0005485365763642225	0.03571428571428571	3.6100125549144018	3.6145625356987203	0.0045499807843185636	0.03694639227095861
scheme_c	50	51	80.594	80.512	-0.08199999999999363	11	3	1	17	0.00025652207744519546	0.0006847315447914282	0.03571428571428571	3.564748295562739	3.556277625614723	0.008470669948016152	0.037502606331323955
scheme_c	50	51	80.594	80.512	-0.08199999999999363	11	3	1	18	0.00046008964507254384	0.0007168632592869928	0.025510204081632654	3.38731820863941	3.3864555207423357	0.0008626878970741103	0.026773425775699602
scheme_c	50	51	80.594	80.512	-0.08199999999999363	11	3	1	19	0.00035711977989035405	0.0007444374719079994	0.02040816326530612	3.455437810052439	3.4412238609517236	0.014213949100715606	0.022931115427176033
scheme_c	50	51	80.594	80.512	-0.08199999999999363	11	3	1	20	0.0002494261273545857	0.0005296224276614137	0.015306122448979591	3.5189591658644233	3.523720540100587	0.004761374236163629	0.016561308427611953
scheme_c	50	51	80.594	80.512	-0.08199999999999363	11	3	1	21	0.0002631831787919303	0.0004927150659655988	0.00510204081632653	3.414812474522153	3.4180073206603843	0.0031948461382311777	0.006177423674907177
scheme_c	50	51	80.594	80.512	-0.08199999999999363	11	3	1	22	0.00024555719750993926	0.0006604698888436067	0.015306122448979591	3.486914914842435	3.480681495737789	0.006233419104646032	0.01683549144579774
scheme_c	50	51	80.594	80.512	-0.08199999999999363	11	3	1	23	0.00025529507126787225	0.00042522728689164957	0.03571428571428571	3.316870383391532	3.322853906663252	0.005983523271719804	0.03699316039961721
scheme_c	51	52	80.512	80.534	0.02200000000000557	0	0	0	0	8.295105656740573e-07	2.5372037363302624e-06	0.0	3.7752745103231655	3.7755229656345826	0.0002484553114170396	2.821224544370828e-05
scheme_c	51	52	80.512	80.534	0.02200000000000557	0	0	0	1	5.411485990833008e-07	2.317110757710239e-07	0.0	2.2352965267114424	2.235401694279827	0.00010516756838452324	1.1289616513306648e-05
scheme_c	51	52	80.512	80.534	0.02200000000000557	0	0	0	2	1.3036434683793541e-06	4.637861248379949e-06	0.01020408163265306	3.8244810742330175	3.8243295348240776	0.0001515394089399713	0.010225177078263816
scheme_c	51	52	80.512	80.534	0.02200000000000557	1	0	1	0	3.6303769557733084e-06	1.1808552579539722e-05	0.02040816326530612	3.7228570709383475	3.7228699431233845	1.2872185036982842e-05	0.02042488941334513
scheme_c	51	52	80.512	80.534	0.02200000000000557	1	0	1	1	7.2058386214377025e-06	1.5934849892929037e-06	0.01020408163265306	2.0468634875743383	2.0502602479604026	0.0033967603860642903	0.01055255699487022
scheme_c	51	52	80.512	80.534	0.02200000000000557	1	0	1	2	2.5653741110420584e-06	8.351006020035356e-06	0.0	3.7365046566206357	3.73637308903935	0.00013156758128562984	2.4073138259640402e-05
scheme_c	51	52	80.512	80.534	0.02200000000000557	2	1	0	0	4.9422312930318076e-06	1.4330491497904774e-05	0.030612244897959183	3.7908381079900173	3.7907301770106887	0.00010793097932859652	0.030642310718682977
scheme_c	51	52	80.512	80.534	0.02200000000000557	2	1	0	1	7.5492364111382516e-06	2.4603448238291747e-05	0.025510204081632654	3.7762555611794393	3.776261868932277	6.3077528378308045e-06	0.025542987541565868
scheme_c	51	52	80.512	80.534	0.02200000000000557	2	1	0	2	2.4175090239455067e-05	3.4933804363701526e-06	0.00510204081632653	1.7684185838054094	1.768716055714656	0.00029747190924656053	0.005159456477927012
scheme_c	51	52	80.512	80.534	0.02200000000000557	2	1	0	3	3.847579047797362e-05	3.243769725380652e-06	0.030612244897959183	1.410537919979281	1.423490353458623	0.012952433479342051	0.031949207806096745
scheme_c	51	52	80.512	80.534	0.02200000000000557	2	1	0	4	3.265699214568281e-05	1.7056166478068846e-06	0.030612244897959183	0.8155851018676618	0.8206694604024349	0.005084358534773181	0.031155043360229992
scheme_c	51	52	80.512	80.534	0.02200000000000557	2	1	0	5	3.05639693956756e-05	1.4920320934308506e-06	0.025510204081632654	0.9723507739496403	0.9785469960748925	0.006196222125252171	0.026161882295646977
scheme_c	51	52	80.512	80.534	0.02200000000000557	3	1	1	0	4.0403665673424044e-06	6.67051150315956e-06	0.00510204081632653	3.0905960040765437	3.0902225291634955	0.00037347491304817737	0.005150099185701851
scheme_c	51	52	80.512	80.534	0.02200000000000557	3	1	1	1	2.116375959069332e-05	7.778329835672615e-06	0.0	1.9095651640785916	1.9147840996703385	0.005218935591746909	0.0005508356486010569
scheme_c	51	52	80.512	80.534	0.02200000000000557	3	1	1	2	2.231356540318097e-05	2.8998486989340044e-05	0.00510204081632653	3.03289944732943	3.02979119630213	0.0031082510272999464	0.005464177971449046
scheme_c	51	52	80.512	80.534	0.02200000000000557	3	1	1	3	3.118578541252312e-05	6.218301680183114e-05	0.02040816326530612	3.404993770961581	3.4049954051146565	1.6341530755248357e-06	0.020501695482828028
scheme_c	51	52	80.512	80.534	0.02200000000000557	3	1	1	4	1.8280536006572258e-05	1.1970155470941712e-05	0.0	2.733243906342269	2.7322683103428815	0.0009755959993875685	0.00012781029141627082
scheme_c	51	52	80.512	80.534	0.02200000000000557	3	1	1	5	1.2962326174110755e-05	2.3941972669416778e-05	0.00510204081632653	3.282124779739164	3.2821751809832045	5.040124404054325e-05	0.005143985239574112
scheme_c	51	52	80.512	80.534	0.02200000000000557	4	2	0	0	2.9766836935484586e-05	2.4761664781380865e-05	0.0	2.6187140692507884	2.6168966981415243	0.0018173711092641653	0.00023626561264328201
scheme_c	51	52	80.512	80.534	0.02200000000000557	4	2	0	1	2.6423338322720256e-05	4.532345199104171e-05	0.01020408163265306	3.419498725769511	3.4193770016209744	0.0001217241485367282	0.010288000837820496
scheme_c	51	52	80.512	80.534	0.02200000000000557	4	2	0	2	5.12061620103275e-05	0.00012926532157819803	0.02040816326530612	3.622187106340442	3.621240251414895	0.0009468549255471359	0.02068332024144936
scheme_c	51	52	80.512	80.534	0.02200000000000557	4	2	0	3	6.258211513269322e-05	0.00017735417318287539	0.04081632653061224	3.6978407519619187	3.69757874088566	0.0002620110762587835	0.04108246392655369
scheme_c	51	52	80.512	80.534	0.02200000000000557	4	2	0	4	2.6916647954609114e-05	8.61587515382789e-05	0.04081632653061224	3.776491775862907	3.7767108298366834	0.00021905397377652847	0.04095130732748278
scheme_c	51	52	80.512	80.534	0.02200000000000557	4	2	0	5	3.178646818144039e-05	7.475479401830576e-06	0.00510204081632653	2.1094492069525033	2.10970177311109	0.00025256615858681997	0.005166559379768483
scheme_c	51	52	80.512	80.534	0.02200000000000557	4	2	0	6	3.989187546375041e-05	1.1478169596568222e-05	0.0	2.2558470540348674	2.2572486969269074	0.0014016428920400337	0.00019153433426432202
scheme_c	51	52	80.512	80.534	0.02200000000000557	4	2	0	7	2.7526335529441762e-05	9.59995051814655e-05	0.11224489795918367	3.8362263028234547	3.8365453384187282	0.0003190355952735757	0.11240032735942193
scheme_c	51	52	80.512	80.534	0.02200000000000557	4	2	0	8	3.037643547131265e-05	0.0001098210096850405	0.08673469387755102	3.85028019799921	3.850385498560612	0.00010530056140201083	0.08688542137884757
scheme_c	51	52	80.512	80.534	0.02200000000000557	4	2	0	9	1.7523853816699703e-05	3.6638234294006367e-05	0.025510204081632654	3.375859520247536	3.3753686280656914	0.0004908921818445044	0.02561345538792781
scheme_c	51	52	80.512	80.534	0.02200000000000557	4	2	0	10	4.176689295396538e-05	7.727422437486808e-06	0.0	2.096931530118625	2.098589803705588	0.0016582735869627996	0.00021532167408773215
scheme_c	51	52	80.512	80.534	0.02200000000000557	4	2	0	11	3.0113281151222618e-05	5.439207554469583e-06	0.00510204081632653	1.9326770308345338	1.9329408542513242	0.00026382341679043186	0.005163975646711266
scheme_c	51	52	80.512	80.534	0.02200000000000557	5	2	1	0	6.928871446698508e-05	0.00010949139503457772	0.00510204081632653	3.2057143284469207	3.203705039025908	0.002009289421012639	0.005481749867929357
scheme_c	51	52	80.512	80.534	0.02200000000000557	5	2	1	1	4.724680218825823e-05	0.00012500098129064607	0.03571428571428571	3.5593017997745693	3.5591856817375684	0.00011611803700084522	0.03589814530146471
scheme_c	51	52	80.512	80.534	0.02200000000000557	5	2	1	2	3.800908192527092e-05	7.836633052604736e-05	0.02040816326530612	3.3875693272519505	3.3888655058838393	0.0012961786318888002	0.02065415654094632
scheme_c	51	52	80.512	80.534	0.02200000000000557	5	2	1	3	5.909374293123899e-05	4.3340360910248954e-05	0.00510204081632653	2.5118970317736946	2.5111232525577094	0.0007737792159852042	0.0052818528417665385
scheme_c	51	52	80.512	80.534	0.02200000000000557	5	2	1	4	5.3423383687405686e-05	3.8497375080215335e-05	0.0	2.53247405838349	2.5325414148286773	6.735644518718331e-05	9.865640328633935e-05
scheme_c	51	52	80.512	80.534	0.02200000000000557	5	2	1	5	6.934087705045346e-05	2.9084260635414694e-05	0.01020408163265306	2.1619468417506793	2.1565149934942087	0.005431848256470584	0.010845691595985987
scheme_c	51	52	80.512	80.534	0.02200000000000557	5	2	1	6	5.3024915456474975e-05	8.821172983908276e-05	0.015306122448979591	3.1726358595316677	3.1724891025511024	0.00014675698056532127	0.01546203479233168
scheme_c	51	52	80.512	80.534	0.02200000000000557	5	2	1	7	2.0398592473613766e-05	9.949799901209921e-06	0.0	2.105139065767847	2.104932041125986	0.0002070246418610644	5.105085656093013e-05
scheme_c	51	52	80.512	80.534	0.02200000000000557	5	2	1	8	2.9955014705618397e-05	1.0507569798701155e-05	0.00510204081632653	2.1713059977575306	2.170798924246761	0.0005070735107697288	0.005193210751907823
scheme_c	51	52	80.512	80.534	0.02200000000000557	5	2	1	9	9.271914099749141e-05	0.0002450440835602974	0.04081632653061224	3.5452158774582427	3.545491883014733	0.0002760055564903219	0.04118169031081906
scheme_c	51	52	80.512	80.534	0.02200000000000557	5	2	1	10	0.00010514836796396788	0.00014116421770615784	0.015306122448979591	3.0734053246112736	3.0729254656263865	0.000479858984887116	0.015600420933138428
scheme_c	51	52	80.512	80.534	0.02200000000000557	5	2	1	11	9.154926037356547e-05	0.00011093186030797231	0.015306122448979591	2.9850685869324276	2.9835673595386387	0.0015012273937888843	0.015658726309040017
scheme_c	51	52	80.512	80.534	0.02200000000000557	6	2	2	0	6.306118281652987e-05	0.00020433071316716678	0.03571428571428571	3.754120021414944	3.7548713125222304	0.0007512911072864448	0.03605680672099805
scheme_c	51	52	80.512	80.534	0.02200000000000557	6	2	2	1	6.916513560987586e-05	0.00020362893563585782	0.05102040816326531	3.6858339014634534	3.68846541926876	0.0026315178053066823	0.05155635401504171
scheme_c	51	52	80.512	80.534	0.02200000000000557	6	2	2	2	9.35008745261247e-05	0.0002969095238749553	0.061224489795918366	3.7203404048400937	3.721515807209992	0.0011754023698982152	0.061732440431309266
scheme_c	51	52	80.512	80.534	0.02200000000000557	6	2	2	3	3.423779583742705e-05	6.727308930865039e-05	0.01020408163265306	3.5951907719558944	3.5965571718307308	0.0013663998748363326	0.010442232505282771
scheme_c	51	52	80.512	80.534	0.02200000000000557	6	2	2	4	0.00010322552108315325	0.00028338271272021487	0.030612244897959183	3.626431553069437	3.6260568366425505	0.0003747164268865788	0.03103632477445121
scheme_c	51	52	80.512	80.534	0.02200000000000557	6	2	2	5	1.8274253017778473e-05	2.8866263459437214e-05	0.00510204081632653	2.6028644619246286	2.603439432072747	0.0005749701481185809	0.005206678347615604
scheme_c	51	52	80.512	80.534	0.02200000000000557	6	2	2	6	3.5621170789564996e-05	0.00011995517968010905	0.061224489795918366	3.818540631230121	3.819191914541112	0.0006512833109910687	0.06144519447748714
scheme_c	51	52	80.512	80.534	0.02200000000000557	6	2	2	7	6.352066045211474e-05	7.224431796204467e-05	0.01020408163265306	3.008613109042668	3.010544080833086	0.0019309717904176793	0.010532943790108986
scheme_c	51	52	80.512	80.534	0.02200000000000557	6	2	2	8	7.514665493916768e-05	0.00015682444991516054	0.015306122448979591	3.43400464478814	3.434004528808227	1.1597991322886969e-07	0.015538105151825242
scheme_c	51	52	80.512	80.534	0.02200000000000557	6	2	2	9	6.573052195943918e-05	5.073468799798864e-05	0.0	2.6695135523740006	2.6696964461642936	0.000182893790293015	0.00013475458898672932
scheme_c	51	52	80.512	80.534	0.02200000000000557	6	2	2	10	7.637712345917423e-05	8.019112080281943e-05	0.01020408163265306	2.8369361517436484	2.8374796755301794	0.0005435237865309972	0.010415002255568153
scheme_c	51	52	80.512	80.534	0.02200000000000557	6	2	2	11	4.5236302920889116e-05	0.0001445367544540277	0.0663265306122449	3.73804084008307	3.737785335383795	0.00025550469927493324	0.06654185413954732
scheme_c	51	52	80.512	80.534	0.02200000000000557	7	2	3	0	8.733962637395384e-05	7.958344665204287e-05	0.00510204081632653	2.7162314766479576	2.716208428728477	2.304791948049001e-05	0.005271268681300576
scheme_c	51	52	80.512	80.534	0.02200000000000557	7	2	3	1	0.00012541996352990648	4.7624366431464615e-05	0.00510204081632653	2.4379821515239293	2.4508708730872715	0.012888721563342198	0.006563957302622121
scheme_c	51	52	80.512	80.534	0.02200000000000557	7	2	3	2	9.691977893265647e-05	8.1704425037743e-05	0.02040816326530612	2.675891289141669	2.676684615574414	0.0007933264327451006	0.02066612011255103
scheme_c	51	52	80.512	80.534	0.02200000000000557	7	2	3	3	3.001875727104257e-05	7.727554273329051e-05	0.00510204081632653	3.612656172375195	3.613289133849564	0.000632961474368976	0.005272631263767761
scheme_c	51	52	80.512	80.534	0.02200000000000557	7	2	3	4	8.598125714057687e-05	0.00021918591579805913	0.025510204081632654	3.5941051264586688	3.5953671095870234	0.0012619831283546823	0.025941569567406758
scheme_c	51	52	80.512	80.534	0.02200000000000557	7	2	3	5	7.995942827549016e-05	4.745136276218531e-05	0.01020408163265306	2.2247251519419926	2.2241145708956642	0.0006105810463283845	0.010392550528323575
scheme_c	51	52	80.512	80.534	0.02200000000000557	7	2	3	6	0.00010982880139431947	0.0002716443458156137	0.02040816326530612	3.4846859610041823	3.484280513305913	0.00040544769826933447	0.020830181182342988
scheme_c	51	52	80.512	80.534	0.02200000000000557	7	2	3	7	7.346337885951197e-05	0.00016224670807507557	0.025510204081632654	3.393684124468666	3.3919269322814256	0.0017571921872403529	0.02592163338729128
scheme_c	51	52	80.512	80.534	0.02200000000000557	7	2	3	8	5.7354745596173215e-05	9.027097197999989e-05	0.015306122448979591	3.115045600447593	3.114886996609272	0.0001586038383210031	0.015469608550387865
scheme_c	51	52	80.512	80.534	0.02200000000000557	7	2	3	9	0.00011644483031184204	0.0002809338020079988	0.02040816326530612	3.4212833724176046	3.4217267626730576	0.00044339025545303556	0.020849880923171263
scheme_c	51	52	80.512	80.534	0.02200000000000557	7	2	3	10	6.622282685174813e-05	4.8803606111702535e-05	0.01020408163265306	2.0423563648543945	2.0419138809992834	0.0004424838551111421	0.010363356451127625
scheme_c	51	52	80.512	80.534	0.02200000000000557	7	2	3	11	0.00012427507769162687	0.00034390107486914623	0.030612244897959183	3.6628772607117277	3.6630319754515432	0.0001547147398155424	0.03109589252450151
scheme_c	51	52	80.512	80.534	0.02200000000000557	8	2	4	0	0.00017568207985024483	0.0004355272511294972	0.00510204081632653	3.5846093380059245	3.5878306818532133	0.0032213438472887823	0.006035384532035151
scheme_c	51	52	80.512	80.534	0.02200000000000557	8	2	4	1	0.00013145409072945404	0.0003717405963635789	0.04081632653061224	3.6171969442210594	3.6202162031975296	0.0030192589764701516	0.04162144711535229
scheme_c	51	52	80.512	80.534	0.02200000000000557	8	2	4	2	0.00014044476353569226	0.0004723809097761933	0.0663265306122449	3.768168367606795	3.770343503225822	0.0021751356190269355	0.06715686984745949
scheme_c	51	52	80.512	80.534	0.02200000000000557	8	2	4	3	0.00014226766724873398	0.00042189279686066783	0.04591836734693878	3.6946673646830672	3.69712798646607	0.002460621783002992	0.04672858998934848
scheme_c	51	52	80.512	80.534	0.02200000000000557	8	2	4	4	0.000165770217590002	0.0007241592224551674	0.03571428571428571	3.6237112033031207	3.6335166893505257	0.009805486047405054	0.03758476375907139
scheme_c	51	52	80.512	80.534	0.02200000000000557	8	2	4	5	0.00014070222704398478	0.0002905684092683325	0.02040816326530612	3.4224242981137443	3.4259380717599393	0.0035137736461949842	0.021190811266237935
scheme_c	51	52	80.512	80.534	0.02200000000000557	8	2	4	6	8.938706020066728e-05	0.00029726033064791935	0.05102040816326531	3.7018303095324896	3.704372542759848	0.002542233227358359	0.05166127887684973
scheme_c	51	52	80.512	80.534	0.02200000000000557	8	2	4	7	0.00010165422754345707	0.0003083965710901637	0.03571428571428571	3.6760858063440196	3.6790078740150105	0.002922067670990902	0.03641654328001842
scheme_c	51	52	80.512	80.534	0.02200000000000557	8	2	4	8	4.6608139381640586e-05	0.00010357612341360678	0.02040816326530612	3.541695873081454	3.542836796341202	0.0011409232597481278	0.020672439854076182
scheme_c	51	52	80.512	80.534	0.02200000000000557	8	2	4	9	0.0001502852495946447	0.00035479956571560223	0.04591836734693878	3.616310771277145	3.6204815201396228	0.004170748862477591	0.04684052704849678
scheme_c	51	52	80.512	80.534	0.02200000000000557	8	2	4	10	0.00010629053338840838	0.0002532746989246659	0.025510204081632654	3.546262489503155	3.5465275376969596	0.0002650481938046845	0.025896274133326198
scheme_c	51	52	80.512	80.534	0.02200000000000557	8	2	4	11	0.0001504944879285336	0.0003885302294530657	0.061224489795918366	3.59624082819073	3.5972698351365526	0.0010290069458225304	0.06186641520788222
scheme_c	51	52	80.512	80.534	0.02200000000000557	9	2	5	0	0.0001850187951052671	0.0004208652891806164	0.04591836734693878	3.2112297350806323	3.215470615130274	0.004240880049641849	0.04694833943618885
scheme_c	51	52	80.512	80.534	0.02200000000000557	9	2	5	1	0.00015479006479656566	0.00029830551318410503	0.025510204081632654	3.205815366852734	3.207526455733938	0.0017110888812039704	0.02613440854773372
scheme_c	51	52	80.512	80.534	0.02200000000000557	9	2	5	2	0.0001510772876120363	0.00011433763205803693	0.04081632653061224	2.9026512496388435	2.913282449405898	0.010631199767054511	0.04214486142698777
scheme_c	51	52	80.512	80.534	0.02200000000000557	9	2	5	3	0.00015626120549956337	0.00036890249208698656	0.03571428571428571	3.3749634895157365	3.377776643521393	0.002813154005656404	0.036520764812437906
scheme_c	51	52	80.512	80.534	0.02200000000000557	9	2	5	4	0.00010100277826241126	0.00015235583815653708	0.015306122448979591	3.0638004885012227	3.0639214096070573	0.0001209211058346149	0.015571573175982
scheme_c	51	52	80.512	80.534	0.02200000000000557	9	2	5	5	4.734393093733026e-05	0.00011084690632778837	0.025510204081632654	3.512364747907619	3.5128465221498244	0.0004817742422051907	0.02571657234311829
scheme_c	51	52	80.512	80.534	0.02200000000000557	9	2	5	6	0.0001633612322361196	0.00039857964209133456	0.07142857142857142	3.6530080009544426	3.6542110154934293	0.0012030145389867464	0.07211081375679755
scheme_c	51	52	80.512	80.534	0.02200000000000557	9	2	5	7	0.000167875368283802	0.0003872753742008017	0.025510204081632654	3.412428641960365	3.415565318155007	0.003136676194642085	0.026379022443581465
scheme_c	51	52	80.512	80.534	0.02200000000000557	9	2	5	8	0.00010403674836868352	0.000138228637648119	0.00510204081632653	3.0244880655778497	3.024156748564544	0.0003313170133054655	0.005377437903673879
scheme_c	51	52	80.512	80.534	0.02200000000000557	9	2	5	9	0.00015307061569100816	0.00029866437891579167	0.025510204081632654	3.2721667553568015	3.2742756328144638	0.002108877457662306	0.026172826822005682
scheme_c	51	52	80.512	80.534	0.02200000000000557	9	2	5	10	0.00014471130619163523	0.0002933481612564792	0.04081632653061224	3.296102878359847	3.2982990442685285	0.0021961659086815466	0.041474002588928506
scheme_c	51	52	80.512	80.534	0.02200000000000557	9	2	5	11	0.0001122664631650191	0.00024608555987670755	0.02040816326530612	3.2903795350559206	3.291704669516039	0.0013251344601181714	0.020899028734359667
scheme_c	51	52	80.512	80.534	0.02200000000000557	10	3	0	0	0.0005731835246493297	0.0009224538090844003	0.030612244897959183	3.299709671116688	3.3064443389945266	0.006734667877838607	0.032781349019476776
scheme_c	51	52	80.512	80.534	0.02200000000000557	10	3	0	1	0.0006275879478861103	0.0009333620138812782	0.0663265306122449	3.2589114244738933	3.2629721889967134	0.004060764522820115	0.0682935570262943
scheme_c	51	52	80.512	80.534	0.02200000000000557	10	3	0	2	0.0008696047741207774	0.0009616678643455945	0.00510204081632653	3.231307720498273	3.234803591812729	0.003495871314455723	0.007282900586238475
scheme_c	51	52	80.512	80.534	0.02200000000000557	10	3	0	3	0.0006677517706689967	0.001073820125226277	0.05612244897959184	3.412660097183271	3.401235704421871	0.01142439276140017	0.059006460151627124
scheme_c	51	52	80.512	80.534	0.02200000000000557	10	3	0	4	0.0007257937506360328	0.0010959005839237257	0.025510204081632654	3.3474530281153863	3.3433929767590844	0.00406005135630183	0.027737903551822592
scheme_c	51	52	80.512	80.534	0.02200000000000557	10	3	0	5	0.0010091459995740697	0.0009747145489219511	0.00510204081632653	2.856258948968338	2.8676681365746783	0.011409187606340243	0.008226820125456575
scheme_c	51	52	80.512	80.534	0.02200000000000557	10	3	0	6	0.0006785465326090749	0.0009211408406255561	0.01020408163265306	3.3941366396619537	3.383768627271847	0.010368012390106873	0.012840570244898378
scheme_c	51	52	80.512	80.534	0.02200000000000557	10	3	0	7	0.0002915676960663127	0.0008787640317737822	0.025510204081632654	3.6093561754242307	3.6034427472101918	0.005913428214038952	0.027271878630876642
scheme_c	51	52	80.512	80.534	0.02200000000000557	10	3	0	8	0.0006111539952138873	0.0009448701671380677	0.061224489795918366	3.153657163571487	3.1562414412618067	0.0025842776903197695	0.0630389417273023
scheme_c	51	52	80.512	80.534	0.02200000000000557	10	3	0	9	0.00019266929588439077	0.0004367448768275439	0.01020408163265306	3.401061616607402	3.4074885485021924	0.0064269318947904885	0.011476188994844044
scheme_c	51	52	80.512	80.534	0.02200000000000557	10	3	0	10	0.0006751221660186535	0.0010167268915378669	0.025510204081632654	3.3417511931054835	3.3391284323021004	0.002622760803383084	0.027464329219527482
scheme_c	51	52	80.512	80.534	0.02200000000000557	10	3	0	11	0.0005677557552077706	0.000797904850685982	0.02040816326530612	3.3390651478447957	3.336823207617459	0.002241940227336592	0.021998017893933533
scheme_c	51	52	80.512	80.534	0.02200000000000557	10	3	0	12	0.0005924531931770698	0.000924118151863218	0.04591836734693878	3.26234541583756	3.25908678527028	0.003258630567280374	0.0477608017487071
scheme_c	51	52	80.512	80.534	0.02200000000000557	10	3	0	13	0.0008714794029584495	0.0012840880967672774	0.03571428571428571	3.3664793535458513	3.3961759692522304	0.02969661570637916	0.04083951478464936
scheme_c	51	52	80.512	80.534	0.02200000000000557	10	3	0	14	0.0003435262613631669	0.000674941151558528	0.03571428571428571	3.364980344188278	3.3737019349893442	0.00872159080106627	0.03760491220731403
scheme_c	51	52	80.512	80.534	0.02200000000000557	10	3	0	15	0.0005295944845042777	0.000748572957300131	0.01020408163265306	3.105402426380028	3.107796720235266	0.00239429385523815	0.011721678459981285
scheme_c	51	52	80.512	80.534	0.02200000000000557	10	3	0	16	0.0006989756077588095	0.0010678001310795437	0.02040816326530612	3.3689359669225456	3.3714146564586454	0.002478689536099754	0.022422807957754448
scheme_c	51	52	80.512	80.534	0.02200000000000557	10	3	0	17	0.0007555210414985864	0.0011139050239140635	0.030612244897959183	3.278595624432802	3.2715307204371773	0.007064903995624761	0.03318816136293431
scheme_c	51	52	80.512	80.534	0.02200000000000557	10	3	0	18	0.00044497009941180506	0.0009614006977508582	0.015306122448979591	3.587350357246362	3.593624607977531	0.006274250731169051	0.01733991831925916
scheme_c	51	52	80.512	80.534	0.02200000000000557	10	3	0	19	0.0005021678717673148	0.0007209180523842784	0.00510204081632653	3.3763959004786996	3.3801138796705774	0.003717979191877774	0.006696924659665901
scheme_c	51	52	80.512	80.534	0.02200000000000557	10	3	0	20	0.0006161095879954356	0.0008053542013005677	0.04591836734693878	2.99070181332353	2.990237292821876	0.0004645205016537979	0.04738628318640016
scheme_c	51	52	80.512	80.534	0.02200000000000557	10	3	0	21	0.00028274496255913356	0.0008098198180018779	0.07142857142857142	3.5392030640492784	3.537237015775908	0.0019660482733705464	0.07271774103646948
scheme_c	51	52	80.512	80.534	0.02200000000000557	10	3	0	22	0.0007627422351918999	0.0009979059664645407	0.03571428571428571	3.337330225805081	3.33064451816946	0.006685707635620819	0.03814350467950423
scheme_c	51	52	80.512	80.534	0.02200000000000557	10	3	0	23	0.0007280264313806351	0.0009888662047710106	0.025510204081632654	3.248195391185328	3.2477140542993292	0.00048133688599882873	0.027275230406384184
scheme_c	51	52	80.512	80.534	0.02200000000000557	11	3	1	0	4.466603961919858e-05	0.00014685165472738682	0.0	3.425807256331637	3.4255783500059462	0.00022890632569083635	0.00021440832691566904
scheme_c	51	52	80.512	80.534	0.02200000000000557	11	3	1	1	0.00026364331903319963	0.0006460950668597532	0.02040816326530612	3.587216453578937	3.5937159430248795	0.006499489445942697	0.021967850595793342
scheme_c	51	52	80.512	80.534	0.02200000000000557	11	3	1	2	0.0003484612604408413	0.0008699661671841552	0.03571428571428571	3.5051246335180357	3.5006230749349396	0.004501558583096088	0.03738286900022032
scheme_c	51	52	80.512	80.534	0.02200000000000557	11	3	1	3	0.0003917010237342089	0.0008082555256969659	0.025510204081632654	3.5187858016368767	3.5267007854681447	0.007914983831267985	0.02750165901419063
scheme_c	51	52	80.512	80.534	0.02200000000000557	11	3	1	4	0.0004485161301771473	0.0010672271801072108	0.02040816326530612	3.4945792087222025	3.5079859487168483	0.013406739994645811	0.02326458057505506
scheme_c	51	52	80.512	80.534	0.02200000000000557	11	3	1	5	0.00011377204085993579	0.00032545091002833537	0.030612244897959183	3.523943581948423	3.5220405226430365	0.0019030593053863676	0.03124177377938609
scheme_c	51	52	80.512	80.534	0.02200000000000557	11	3	1	6	0.00041029953546549	0.0009081177393229778	0.015306122448979591	3.4124074553664046	3.4072932017862456	0.005114253580158934	0.017135965081783954
scheme_c	51	52	80.512	80.534	0.02200000000000557	11	3	1	7	0.0002621351475098942	0.0007108047979254017	0.04081632653061224	3.6228516160854234	3.622970910763027	0.00011929467760340984	0.04180119594380788
scheme_c	51	52	80.512	80.534	0.02200000000000557	11	3	1	8	0.0003767820854362445	0.0007180637683901203	0.04591836734693878	3.4660234961537704	3.463489346598281	0.0025341495554895843	0.047266628156314106
scheme_c	51	52	80.512	80.534	0.02200000000000557	11	3	1	9	0.0004711202842549443	0.0007528256558149149	0.00510204081632653	3.3316987181116637	3.3424099726702514	0.01071125455858768	0.007397112212255158
scheme_c	51	52	80.512	80.534	0.02200000000000557	11	3	1	10	0.0003590669079275848	0.0008303851821037656	0.015306122448979591	3.5456342448443006	3.5578131049433157	0.012178860099015143	0.017713460548912457
scheme_c	51	52	80.512	80.534	0.02200000000000557	11	3	1	11	0.0003534738062981204	0.0008020466717960639	0.015306122448979591	3.5245141081866467	3.5330718878731084	0.008557779686461764	0.017317420895719953
scheme_c	51	52	80.512	80.534	0.02200000000000557	11	3	1	12	0.00023957335175153356	0.0005167542559555427	0.05102040816326531	3.4560975385441397	3.4622159960994603	0.006118457555320589	0.05238858152650444
scheme_c	51	52	80.512	80.534	0.02200000000000557	11	3	1	13	0.00036569809683198874	0.0009228063044545154	0.03571428571428571	3.566181017274778	3.5671195569279988	0.0009385396532208823	0.03709664408089431
scheme_c	51	52	80.512	80.534	0.02200000000000557	11	3	1	14	0.00022301676281928282	0.000566112585607681	0.030612244897959183	3.5676447636615825	3.575169284067349	0.007524520405766566	0.0321538262869628
scheme_c	51	52	80.512	80.534	0.02200000000000557	11	3	1	15	0.0002781662157744315	0.0007140700844924242	0.030612244897959183	3.635372811392737	3.639176306005553	0.0038034946128160385	0.03198483065950764
scheme_c	51	52	80.512	80.534	0.02200000000000557	11	3	1	16	0.00025131242737829856	0.0006207680321473896	0.030612244897959183	3.6145625356987203	3.6162579536328505	0.0016954179341301945	0.03165386715089789
scheme_c	51	52	80.512	80.534	0.02200000000000557	11	3	1	17	0.00029245899739670776	0.0007351526997816382	0.04591836734693878	3.556277625614723	3.5633259609100487	0.0070483352953258915	0.04765081257364971
scheme_c	51	52	80.512	80.534	0.02200000000000557	11	3	1	18	0.0007394625743687173	0.0012458445287719666	0.01020408163265306	3.3864555207423357	3.4270668916773865	0.04061137093505085	0.01625052582929883
scheme_c	51	52	80.512	80.534	0.02200000000000557	11	3	1	19	0.00035036860540981347	0.0006781651880489736	0.02040816326530612	3.4412238609517236	3.4484397859842226	0.007215925032499015	0.022158289562014807
scheme_c	51	52	80.512	80.534	0.02200000000000557	11	3	1	20	0.0002893005518847997	0.0006249028995369832	0.015306122448979591	3.523720540100587	3.522582699068652	0.0011378410319347054	0.016334110003594846
scheme_c	51	52	80.512	80.534	0.02200000000000557	11	3	1	21	0.0003048488586891603	0.0006450874279736452	0.00510204081632653	3.4180073206603843	3.4258053442244294	0.007798023564045131	0.006831779459393849
scheme_c	51	52	80.512	80.534	0.02200000000000557	11	3	1	22	0.0002857467270339037	0.0006359550502630373	0.01020408163265306	3.480681495737789	3.4905222109047274	0.009840715166938185	0.01210985492664382
scheme_c	51	52	80.512	80.534	0.02200000000000557	11	3	1	23	0.00034148096316374995	0.0007064142559296549	0.02040816326530612	3.322853906663252	3.3141549141472453	0.008698992516006587	0.022325957736000185
scheme_c	52	53	80.534	80.548	0.013999999999995794	0	0	0	0	7.055862818772603e-07	2.219178261819721e-06	0.00510204081632653	3.7755229656345826	3.7756955800797076	0.0001726144451250633	0.005122227025382733
scheme_c	52	53	80.534	80.548	0.013999999999995794	0	0	0	1	7.11797938592273e-07	2.0073040496448868e-07	0.0	2.235401694279827	2.235996263954339	0.000594569674511991	6.036949579475587e-05
scheme_c	52	53	80.534	80.548	0.013999999999995794	0	0	0	2	1.0770248469965162e-06	4.069808784423756e-06	0.0	3.8243295348240776	3.824149912973996	0.00017962185008135734	2.310901863955601e-05
scheme_c	52	53	80.534	80.548	0.013999999999995794	1	0	1	0	3.4869428105610197e-06	1.076809925881772e-05	0.01020408163265306	3.7228699431233845	3.723383104517443	0.0005131613940583257	0.010269652814128272
scheme_c	52	53	80.534	80.548	0.013999999999995794	1	0	1	1	4.244148810341754e-06	1.1225541654003024e-06	0.01020408163265306	2.0502602479604026	2.048741308191799	0.0015189397686037331	0.010361342312489176
scheme_c	52	53	80.534	80.548	0.013999999999995794	1	0	1	2	2.6701112473553124e-06	9.338227327959636e-06	0.0	3.73637308903935	3.736288060231894	8.502880745586694e-05	2.0511219320901644e-05
scheme_c	52	53	80.534	80.548	0.013999999999995794	2	1	0	0	4.9345600608154425e-06	1.3258711529684497e-05	0.04081632653061224	3.7907301770106887	3.790776685756038	4.650874534917193e-05	0.04083917067673766
scheme_c	52	53	80.534	80.548	0.013999999999995794	2	1	0	1	7.368660176958688e-06	2.396449144315138e-05	0.04081632653061224	3.776261868932277	3.7761695702867595	9.229864551763001e-05	0.04085688954678411
scheme_c	52	53	80.534	80.548	0.013999999999995794	2	1	0	2	2.482869886692852e-05	3.4939472735029398e-06	0.00510204081632653	1.768716055714656	1.77554694719673	0.006830891482074053	0.005813452610674367
scheme_c	52	53	80.534	80.548	0.013999999999995794	2	1	0	3	2.4532565829295295e-05	1.9385656453430045e-06	0.03571428571428571	1.423490353458623	1.4254193136527886	0.0019289601941656631	0.03593365286517691
scheme_c	52	53	80.534	80.548	0.013999999999995794	2	1	0	4	3.442596387753066e-05	1.4928459272089967e-06	0.04591836734693878	0.8206694604024349	0.8276948600066063	0.007025399604171367	0.046656826117160655
scheme_c	52	53	80.534	80.548	0.013999999999995794	2	1	0	5	2.869414499611758e-05	1.5127700244699227e-06	0.02040816326530612	0.9785469960748925	0.9804609712131647	0.0019139751382721837	0.02062976769415393
scheme_c	52	53	80.534	80.548	0.013999999999995794	3	1	1	0	4.4253183062624954e-06	7.373667222254632e-06	0.0	3.0902225291634955	3.0900607763513466	0.00016175281214891868	2.7974266743408994e-05
scheme_c	52	53	80.534	80.548	0.013999999999995794	3	1	1	1	2.842880103022323e-05	9.24868262774936e-06	0.0	1.9147840996703385	1.9070163280806518	0.007767771589686667	0.0008144546426266393
scheme_c	52	53	80.534	80.548	0.013999999999995794	3	1	1	2	2.1086110232830216e-05	2.858905523284161e-05	0.01020408163265306	3.02979119630213	3.031122630553447	0.0013314342513170985	0.010386900223250442
scheme_c	52	53	80.534	80.548	0.013999999999995794	3	1	1	3	3.33712316058721e-05	7.162315540354403e-05	0.04591836734693878	3.4049954051146565	3.4046752101814985	0.0003201949331579357	0.046055381227263985
scheme_c	52	53	80.534	80.548	0.013999999999995794	3	1	1	4	1.933859540913394e-05	1.3980513529077143e-05	0.0	2.7322683103428815	2.7341505745069075	0.0018822641640259263	0.0002215455253408037
scheme_c	52	53	80.534	80.548	0.013999999999995794	3	1	1	5	1.2670606945303013e-05	2.3889783819841526e-05	0.01020408163265306	3.2821751809832045	3.2825993467548904	0.00042416577168591374	0.010283058600586795
scheme_c	52	53	80.534	80.548	0.013999999999995794	4	2	0	0	5.702954215650865e-05	4.743017505837166e-05	0.0	2.6168966981415243	2.6246506409666854	0.007753942825161175	0.000879853999730998
scheme_c	52	53	80.534	80.548	0.013999999999995794	4	2	0	1	3.4601747908945926e-05	6.000345136358831e-05	0.02040816326530612	3.4193770016209744	3.4206925669010446	0.0013155652800702633	0.02063432499258568
scheme_c	52	53	80.534	80.548	0.013999999999995794	4	2	0	2	5.5448657820542967e-05	0.00014307114725209402	0.02040816326530612	3.621240251414895	3.623355265571837	0.002115014156942152	0.020818184486072974
scheme_c	52	53	80.534	80.548	0.013999999999995794	4	2	0	3	6.084054709284958e-05	0.00016727925235848762	0.04081632653061224	3.69757874088566	3.6988433537845404	0.0012646128988804684	0.041170907619951624
scheme_c	52	53	80.534	80.548	0.013999999999995794	4	2	0	4	3.060604616206737e-05	9.660331704586245e-05	0.025510204081632654	3.7767108298366834	3.776028634964677	0.0006821948720063808	0.02570563293204122
scheme_c	52	53	80.534	80.548	0.013999999999995794	4	2	0	5	3.256367085475519e-05	9.79496834974114e-06	0.0	2.10970177311109	2.1106681316605145	0.0009663585494243954	0.00013899449414693586
scheme_c	52	53	80.534	80.548	0.013999999999995794	4	2	0	6	3.891510238639491e-05	1.1251187950422903e-05	0.00510204081632653	2.2572486969269074	2.257310463441656	6.176651474865125e-05	0.0051583837581382136
scheme_c	52	53	80.534	80.548	0.013999999999995794	4	2	0	7	3.0458858898305026e-05	0.00010858466335850192	0.08163265306122448	3.8365453384187282	3.8363929638384318	0.0001523745802964882	0.08178693404151094
scheme_c	52	53	80.534	80.548	0.013999999999995794	4	2	0	8	3.3270424569283754e-05	0.00012427722358554494	0.08673469387755102	3.850385498560612	3.8502482719806936	0.0001372265799184369	0.0869059641836977
scheme_c	52	53	80.534	80.548	0.013999999999995794	4	2	0	9	1.568234880154551e-05	2.790717461054193e-05	0.015306122448979591	3.3753686280656914	3.3748216787602567	0.0005469493054346408	0.015404406902935144
scheme_c	52	53	80.534	80.548	0.013999999999995794	4	2	0	10	3.99163744559881e-05	7.967447637646785e-06	0.0	2.098589803705588	2.098726695129032	0.0001368914234443075	6.157296443806564e-05
scheme_c	52	53	80.534	80.548	0.013999999999995794	4	2	0	11	2.947206011403173e-05	5.714112847665653e-06	0.00510204081632653	1.9329408542513242	1.9339750877549584	0.0010342335036341854	0.0052406503396516466
scheme_c	52	53	80.534	80.548	0.013999999999995794	5	2	1	0	7.645135526805193e-05	0.00013440919433205245	0.01020408163265306	3.203705039025908	3.206173629557475	0.0024685905315671164	0.010661801235409878
scheme_c	52	53	80.534	80.548	0.013999999999995794	5	2	1	1	7.308315490917248e-05	0.0002220340953302813	0.04591836734693878	3.5591856817375684	3.5591096022604747	7.607947709376006e-05	0.046221092544887606
scheme_c	52	53	80.534	80.548	0.013999999999995794	5	2	1	2	5.777510232909642e-05	0.00014528896263776847	0.01020408163265306	3.3888655058838393	3.389846597136782	0.0009810912529428784	0.010505254822914213
scheme_c	52	53	80.534	80.548	0.013999999999995794	5	2	1	3	6.118919034591244e-05	4.1854197561974615e-05	0.0	2.5111232525577094	2.515685796189801	0.004562543632091742	0.0005592977511170613
scheme_c	52	53	80.534	80.548	0.013999999999995794	5	2	1	4	5.975527506939885e-05	4.862206127109747e-05	0.00510204081632653	2.5325414148286773	2.534060793991533	0.0015193791628558273	0.005362356068952609
scheme_c	52	53	80.534	80.548	0.013999999999995794	5	2	1	5	0.00011068794208091539	5.3800988645158476e-05	0.01020408163265306	2.1565149934942087	2.1650111331126136	0.008496139618404897	0.011218184525219624
scheme_c	52	53	80.534	80.548	0.013999999999995794	5	2	1	6	5.1993256443727136e-05	8.781374636646078e-05	0.025510204081632654	3.1724891025511024	3.1725146362083674	2.5533657264986687e-05	0.025652564450169342
scheme_c	52	53	80.534	80.548	0.013999999999995794	5	2	1	7	2.632776711231448e-05	1.8288800828547558e-05	0.0	2.104932041125986	2.1068639315953095	0.0019318904693235162	0.00023780561487321368
scheme_c	52	53	80.534	80.548	0.013999999999995794	5	2	1	8	3.732900103401685e-05	1.7127090332413886e-05	0.0	2.170798924246761	2.1724914320912236	0.0016925078444627317	0.0002237068758127039
scheme_c	52	53	80.534	80.548	0.013999999999995794	5	2	1	9	0.00010048022582350162	0.00027655659138314803	0.030612244897959183	3.545491883014733	3.5453506239802115	0.00014125903452155697	0.03100340761861799
scheme_c	52	53	80.534	80.548	0.013999999999995794	5	2	1	10	0.00010456865388874944	0.000150204124206188	0.025510204081632654	3.0729254656263865	3.0733995792594193	0.0004741136330328466	0.025812388223030874
scheme_c	52	53	80.534	80.548	0.013999999999995794	5	2	1	11	9.366211216175105e-05	0.00011761032597701337	0.01020408163265306	2.9835673595386387	2.9859068102287574	0.0023394506901186496	0.01064929913980369
scheme_c	52	53	80.534	80.548	0.013999999999995794	6	2	2	0	9.129246101702637e-05	0.0003143549651229982	0.04591836734693878	3.7548713125222304	3.7530304152925646	0.0018408972296657389	0.04650810449604538
scheme_c	52	53	80.534	80.548	0.013999999999995794	6	2	2	1	0.003422355902472127	0.013877807386039165	0.20408163265306123	3.68846541926876	3.6584234091199006	0.030042010148859433	0.22438599695645847
scheme_c	52	53	80.534	80.548	0.013999999999995794	6	2	2	2	0.00012553748362876394	0.0004296110490165095	0.07142857142857142	3.721515807209992	3.7204986399884596	0.0010171672215322225	0.07208543668336992
scheme_c	52	53	80.534	80.548	0.013999999999995794	6	2	2	3	5.145283212317663e-05	0.00015047512141352914	0.04081632653061224	3.5965571718307308	3.5954342819593093	0.0011228898714215063	0.041130543471291095
scheme_c	52	53	80.534	80.548	0.013999999999995794	6	2	2	4	0.00014520904303246478	0.00042655197557806	0.03571428571428571	3.6260568366425505	3.6261809401879415	0.00012410354539094115	0.036298457087435336
scheme_c	52	53	80.534	80.548	0.013999999999995794	6	2	2	5	4.0915447304472864e-05	9.06295073859198e-05	0.015306122448979591	2.603439432072747	2.6045026829324214	0.0010632508596741808	0.015543992489637403
scheme_c	52	53	80.534	80.548	0.013999999999995794	6	2	2	6	6.60137215395804e-05	0.0002431397169047056	0.05612244897959184	3.819191914541112	3.8180015680738406	0.0011903464672715636	0.05655063706476328
scheme_c	52	53	80.534	80.548	0.013999999999995794	6	2	2	7	9.732812193337926e-05	0.0001169190547353205	0.02040816326530612	3.010544080833086	3.0157648345525745	0.005220753719488602	0.021144485813923683
scheme_c	52	53	80.534	80.548	0.013999999999995794	6	2	2	8	0.00010116023387047705	0.00022288695077721243	0.02040816326530612	3.434004528808227	3.4340180026526803	1.34738444534932e-05	0.02073355783439916
scheme_c	52	53	80.534	80.548	0.013999999999995794	6	2	2	9	0.00013591327421153698	0.0001471966390464985	0.0	2.6696964461642936	2.6750497676005964	0.005353321436302849	0.0008184420568883204
scheme_c	52	53	80.534	80.548	0.013999999999995794	6	2	2	10	0.00014759755859187367	0.0002170815133664128	0.015306122448979591	2.8374796755301794	2.8435192855469706	0.006039610016791208	0.016274762522617
scheme_c	52	53	80.534	80.548	0.013999999999995794	6	2	2	11	8.032217998148412e-05	0.0002840442885553296	0.0663265306122449	3.737785335383795	3.7369263724913364	0.0008589628924586812	0.06677679337002758
scheme_c	52	53	80.534	80.548	0.013999999999995794	7	2	3	0	0.00014285356560093671	0.00013687574418519421	0.00510204081632653	2.716208428728477	2.7259324550132518	0.009724026284774645	0.006354172754590126
scheme_c	52	53	80.534	80.548	0.013999999999995794	7	2	3	1	0.00025473245550574773	0.00013676208278712298	0.02040816326530612	2.4508708730872715	2.4788820422507736	0.028011169163502103	0.023600774719949202
scheme_c	52	53	80.534	80.548	0.013999999999995794	7	2	3	2	0.00017525378252030444	0.00018880536953924665	0.015306122448979591	2.676684615574414	2.6809371659995707	0.004252550425156709	0.016095436643554815
scheme_c	52	53	80.534	80.548	0.013999999999995794	7	2	3	3	4.774977633084429e-05	0.00014709047559491317	0.0	3.613289133849564	3.612935480538702	0.0003536533108619011	0.00023020558301194757
scheme_c	52	53	80.534	80.548	0.013999999999995794	7	2	3	4	0.0001809049326713445	0.0005709365608693728	0.030612244897959183	3.5953671095870234	3.596390122307648	0.0010230127206245498	0.031466387663562356
scheme_c	52	53	80.534	80.548	0.013999999999995794	7	2	3	5	8.807282568237305e-05	5.641245538934303e-05	0.01020408163265306	2.2241145708956642	2.2229551178825844	0.0011594530130798475	0.010464512215032761
scheme_c	52	53	80.534	80.548	0.013999999999995794	7	2	3	6	0.00014713549191882914	0.00040036646737062753	0.02040816326530612	3.484280513305913	3.4858621846982683	0.0015816713923553216	0.02111383236383111
scheme_c	52	53	80.534	80.548	0.013999999999995794	7	2	3	7	7.611590221872635e-05	0.00017225361726802557	0.04591836734693878	3.3919269322814256	3.3913014892215054	0.0006254430599201832	0.04622928117241755
scheme_c	52	53	80.534	80.548	0.013999999999995794	7	2	3	8	6.763431363210042e-05	0.00013740993070809893	0.015306122448979591	3.114886996609272	3.1163965112984267	0.0015095146891548339	0.015662118162235273
scheme_c	52	53	80.534	80.548	0.013999999999995794	7	2	3	9	0.00015202075590602812	0.00040006152952121177	0.015306122448979591	3.4217267626730576	3.422290055836	0.0005632931629424576	0.015914534050701076
scheme_c	52	53	80.534	80.548	0.013999999999995794	7	2	3	10	0.00010231073149424249	0.00011795476528564386	0.01020408163265306	2.0419138809992834	2.048011694149736	0.006097813150452769	0.011034128444478224
scheme_c	52	53	80.534	80.548	0.013999999999995794	7	2	3	11	0.0001621760118858839	0.00047913238872898667	0.030612244897959183	3.6630319754515432	3.664679032305537	0.0016470568539936892	0.03141825898397342
scheme_c	52	53	80.534	80.548	0.013999999999995794	8	2	4	0	0.00044335650789568395	0.0014246728064580827	0.030612244897959183	3.5878306818532133	3.5749141498075137	0.012916532045699647	0.03377192741688291
scheme_c	52	53	80.534	80.548	0.013999999999995794	8	2	4	1	0.00023568543807053405	0.0007401684485864868	0.07653061224489796	3.6202162031975296	3.612957478303391	0.007258724894138702	0.07823233862096886
scheme_c	52	53	80.534	80.548	0.013999999999995794	8	2	4	2	0.000337402157448606	0.0014184621488035898	0.11224489795918367	3.770343503225822	3.76019470587755	0.010148797348271898	0.11501564200026307
scheme_c	52	53	80.534	80.548	0.013999999999995794	8	2	4	3	0.0004064072918229158	0.001500177559610072	0.09693877551020408	3.69712798646607	3.6856873331779556	0.01144065328811461	0.09998942569044852
scheme_c	52	53	80.534	80.548	0.013999999999995794	8	2	4	4	0.02639805020681806	0.10540496456181947	0.27040816326530615	3.6335166893505257	3.3938699354173645	0.23964675393316126	0.42617585342725983
scheme_c	52	53	80.534	80.548	0.013999999999995794	8	2	4	5	0.0004524094546316652	0.001084202769980891	0.05612244897959184	3.4259380717599393	3.4189454710176848	0.006992600742254496	0.058358321278429846
scheme_c	52	53	80.534	80.548	0.013999999999995794	8	2	4	6	0.00016213195330917646	0.0006431073723270897	0.030612244897959183	3.704372542759848	3.6954596426705235	0.008912900089324438	0.03230877423252789
scheme_c	52	53	80.534	80.548	0.013999999999995794	8	2	4	7	0.00027900546397017514	0.0011046516916430882	0.04591836734693878	3.6790078740150105	3.667202235797663	0.011805638217347703	0.04848258832428681
scheme_c	52	53	80.534	80.548	0.013999999999995794	8	2	4	8	9.062994609727632e-05	0.00024259107854751605	0.030612244897959183	3.542836796341202	3.5396508644763442	0.0031859318648579382	0.03126405910908977
scheme_c	52	53	80.534	80.548	0.013999999999995794	8	2	4	9	0.0018929681196896853	0.00643844379137315	0.15306122448979592	3.6204815201396228	3.60951406770803	0.010967452431592584	0.16248938164401802
scheme_c	52	53	80.534	80.548	0.013999999999995794	8	2	4	10	0.0001779388413698991	0.00044358734084859464	0.015306122448979591	3.5465275376969596	3.537039158638008	0.009488379058951502	0.016876486537093238
scheme_c	52	53	80.534	80.548	0.013999999999995794	8	2	4	11	0.00047601686374037654	0.0015626040480097858	0.09693877551020408	3.5972698351365526	3.589794358118064	0.007475477018488608	0.0997249441238031
scheme_c	52	53	80.534	80.548	0.013999999999995794	9	2	5	0	0.0002230793973501551	0.0005185315456605055	0.04591836734693878	3.215470615130274	3.2143319101503836	0.001138704979890548	0.04677384878793849
scheme_c	52	53	80.534	80.548	0.013999999999995794	9	2	5	1	0.00020423684673959034	0.00048661788311210596	0.04591836734693878	3.207526455733938	3.2072949419015266	0.00023151383241115653	0.046632373460031594
scheme_c	52	53	80.534	80.548	0.013999999999995794	9	2	5	2	0.0002141061681360616	0.0002448677855499959	0.05102040816326531	2.913282449405898	2.9211452552633435	0.007862805857445476	0.05226566270269591
scheme_c	52	53	80.534	80.548	0.013999999999995794	9	2	5	3	0.000180247783132506	0.00040995949802913323	0.025510204081632654	3.377776643521393	3.3782333027994467	0.0004566592780537171	0.026146077290599663
scheme_c	52	53	80.534	80.548	0.013999999999995794	9	2	5	4	0.0001080952481840223	0.00020096105573941259	0.03571428571428571	3.0639214096070573	3.066649660701167	0.0027282510941097904	0.03629616712762013
scheme_c	52	53	80.534	80.548	0.013999999999995794	9	2	5	5	6.245537451820376e-05	0.00018911281202815822	0.025510204081632654	3.5128465221498244	3.5126451617871832	0.00020136036264117863	0.025781908304443133
scheme_c	52	53	80.534	80.548	0.013999999999995794	9	2	5	6	0.0001811596232477472	0.00048300848661220197	0.061224489795918366	3.6542110154934293	3.6549315102761417	0.0007204947827124109	0.06196070738404955
scheme_c	52	53	80.534	80.548	0.013999999999995794	9	2	5	7	0.00020915672018431334	0.0005225259649547231	0.05102040816326531	3.415565318155007	3.4156587830948695	9.346493986228666e-05	0.05176143734239057
scheme_c	52	53	80.534	80.548	0.013999999999995794	9	2	5	8	0.00011918241461534974	0.00017091865135299145	0.00510204081632653	3.024156748564544	3.0286790078407066	0.004522259276162455	0.005844367809911117
scheme_c	52	53	80.534	80.548	0.013999999999995794	9	2	5	9	0.00021138555673713618	0.00048742631862841446	0.04591836734693878	3.2742756328144638	3.2732072574582065	0.0010683753562572562	0.04672401675793005
scheme_c	52	53	80.534	80.548	0.013999999999995794	9	2	5	10	0.00016496840188732624	0.00036573041644683	0.05102040816326531	3.2982990442685285	3.298850012146814	0.0005509678782855687	0.05160620376942802
scheme_c	52	53	80.534	80.548	0.013999999999995794	9	2	5	11	0.00010023801377930949	0.00021625421073157014	0.025510204081632654	3.291704669516039	3.2919547664779523	0.00025009696191347075	0.02585170600233488
scheme_c	52	53	80.534	80.548	0.013999999999995794	10	3	0	0	0.0005434313286452096	0.0009159755199673603	0.030612244897959183	3.3064443389945266	3.286042745333804	0.020401593660722472	0.034111811112644004
scheme_c	52	53	80.534	80.548	0.013999999999995794	10	3	0	1	0.0005546936317383821	0.0009322861540783656	0.05612244897959184	3.2629721889967134	3.2452955478493064	0.01767664114740697	0.05937709288014928
scheme_c	52	53	80.534	80.548	0.013999999999995794	10	3	0	2	0.0008917556114377584	0.0011823237021761912	0.0	3.234803591812729	3.2101606901661657	0.024642901646563242	0.004538369478270274
scheme_c	52	53	80.534	80.548	0.013999999999995794	10	3	0	3	0.0005932878022363697	0.0011124448780694962	0.025510204081632654	3.401235704421871	3.3915698412788795	0.009665863142991338	0.028182523076237653
scheme_c	52	53	80.534	80.548	0.013999999999995794	10	3	0	4	0.0005604937607158209	0.0008599537181391836	0.02040816326530612	3.3433929767590844	3.3213505978833875	0.022042378875696933	0.02403284863173082
scheme_c	52	53	80.534	80.548	0.013999999999995794	10	3	0	5	0.0008778452115816558	0.00080141745650808	0.0	2.8676681365746783	2.8450351659233055	0.02263297065137282	0.003942559733227017
scheme_c	52	53	80.534	80.548	0.013999999999995794	10	3	0	6	0.0005806957863001125	0.0009749287786257055	0.00510204081632653	3.383768627271847	3.372125767266387	0.011642860005459887	0.007821951381798337
scheme_c	52	53	80.534	80.548	0.013999999999995794	10	3	0	7	0.00028557146205354406	0.0010666438511922616	0.02040816326530612	3.6034427472101918	3.6018502144732376	0.0015925327369541442	0.02191963185224734
scheme_c	52	53	80.534	80.548	0.013999999999995794	10	3	0	8	0.0005938118838617134	0.0009283551733875184	0.030612244897959183	3.1562414412618067	3.1390796291436036	0.017161812118203112	0.03385059316702872
scheme_c	52	53	80.534	80.548	0.013999999999995794	10	3	0	9	0.00016038455454611708	0.00040889678989031175	0.015306122448979591	3.4074885485021924	3.3990401312214398	0.00844841728075263	0.016720245521491282
scheme_c	52	53	80.534	80.548	0.013999999999995794	10	3	0	10	0.0006003383115740585	0.0009706258933637191	0.025510204081632654	3.3391284323021004	3.3198222187140503	0.01930621358805018	0.029011789645375447
scheme_c	52	53	80.534	80.548	0.013999999999995794	10	3	0	11	0.00046618891047607315	0.0007491190715642748	0.025510204081632654	3.336823207617459	3.3260163002490892	0.010806907368369867	0.027806202800509987
scheme_c	52	53	80.534	80.548	0.013999999999995794	10	3	0	12	0.0004867891834850611	0.0008791774571432764	0.03571428571428571	3.25908678527028	3.2490538873670043	0.01003289790327555	0.03808354214524161
scheme_c	52	53	80.534	80.548	0.013999999999995794	10	3	0	13	0.0007012565113771024	0.0013628982121247635	0.04081632653061224	3.3961759692522304	3.4003664200104753	0.004190450758244868	0.043299526329938595
scheme_c	52	53	80.534	80.548	0.013999999999995794	10	3	0	14	0.000307066270634756	0.0007687311535554686	0.030612244897959183	3.3737019349893442	3.353593525798025	0.020108409191319065	0.03369888324128132
scheme_c	52	53	80.534	80.548	0.013999999999995794	10	3	0	15	0.0005315242273642755	0.0007554166316866562	0.00510204081632653	3.107796720235266	3.084982619017131	0.022814101218135097	0.008670391797190972
scheme_c	52	53	80.534	80.548	0.013999999999995794	10	3	0	16	0.0005710303970313618	0.0009515489662578203	0.030612244897959183	3.3714146564586454	3.3615161338528496	0.009898522605795712	0.033124676521827934
scheme_c	52	53	80.534	80.548	0.013999999999995794	10	3	0	17	0.0005618899911230925	0.0008605120680967859	0.025510204081632654	3.2715307204371773	3.2543355711472026	0.017195149289974676	0.02865212106985
scheme_c	52	53	80.534	80.548	0.013999999999995794	10	3	0	18	0.000358234761818512	0.0009298843975217297	0.00510204081632653	3.593624607977531	3.5768992107898825	0.01672539718764865	0.008062699694431637
scheme_c	52	53	80.534	80.548	0.013999999999995794	10	3	0	19	0.0005056626843625272	0.0008176244381863373	0.00510204081632653	3.3801138796705774	3.3573602930043025	0.022753586666274916	0.008700686605502887
scheme_c	52	53	80.534	80.548	0.013999999999995794	10	3	0	20	0.0005207333279413373	0.0008048789337027351	0.03571428571428571	2.990237292821876	2.9827295385996457	0.007507754222230378	0.03779067339815282
scheme_c	52	53	80.534	80.548	0.013999999999995794	10	3	0	21	0.00019022849524280656	0.0005461402523353476	0.04081632653061224	3.537237015775908	3.538566006979826	0.0013289912039180507	0.0416855943985822
scheme_c	52	53	80.534	80.548	0.013999999999995794	10	3	0	22	0.0006843022924953245	0.0009697448547294485	0.03571428571428571	3.33064451816946	3.3099408857739925	0.020703632395467686	0.039438696101057255
scheme_c	52	53	80.534	80.548	0.013999999999995794	10	3	0	23	0.0005528905603223365	0.0007258183611901226	0.015306122448979591	3.2477140542993292	3.2274760386150434	0.02023801568428585	0.018608632938920636
scheme_c	52	53	80.534	80.548	0.013999999999995794	11	3	1	0	3.8000938519967405e-05	0.00012766630822758085	0.01020408163265306	3.4255783500059462	3.424484327269641	0.0010940227363054333	0.010479151153031153
scheme_c	52	53	80.534	80.548	0.013999999999995794	11	3	1	1	0.0006015150510711865	0.001830081342140466	0.015306122448979591	3.5937159430248795	3.560978116891893	0.03273782613298648	0.02101150145548989
scheme_c	52	53	80.534	80.548	0.013999999999995794	11	3	1	2	0.00041135039163412264	0.0011578390215746248	0.030612244897959183	3.5006230749349396	3.4864956710686856	0.014127403866253996	0.033594174697793334
scheme_c	52	53	80.534	80.548	0.013999999999995794	11	3	1	3	0.00039241097091922516	0.0009440572703613981	0.015306122448979591	3.5267007854681447	3.5122723889428777	0.014428396525266951	0.01808543034278691
scheme_c	52	53	80.534	80.548	0.013999999999995794	11	3	1	4	0.012792643184795366	0.024396980173858385	0.00510204081632653	3.5079859487168483	3.2285932157992954	0.27939273291755296	0.07023093746673557
scheme_c	52	53	80.534	80.548	0.013999999999995794	11	3	1	5	0.00011743387751519209	0.00038834474591553647	0.04591836734693878	3.5220405226430365	3.517969978682326	0.004070543960710271	0.046831200366440534
scheme_c	52	53	80.534	80.548	0.013999999999995794	11	3	1	6	0.00043707546782211995	0.0010089197595315458	0.00510204081632653	3.4072932017862456	3.391315763668229	0.01597743811801644	0.00814577985548184
scheme_c	52	53	80.534	80.548	0.013999999999995794	11	3	1	7	0.0005958794836696803	0.0019272663138725221	0.025510204081632654	3.622970910763027	3.594226244338516	0.02874466642451079	0.030907816521625935
scheme_c	52	53	80.534	80.548	0.013999999999995794	11	3	1	8	0.0005005317712099694	0.0011064972884798907	0.061224489795918366	3.463489346598281	3.438800419502225	0.024688927096055746	0.0653004115652138
scheme_c	52	53	80.534	80.548	0.013999999999995794	11	3	1	9	0.0007795702536120923	0.0015600521979515225	0.00510204081632653	3.3424099726702514	3.2928917702796663	0.04951820239058513	0.012393483506948659
scheme_c	52	53	80.534	80.548	0.013999999999995794	11	3	1	10	0.00044803791943670324	0.0012195945460035107	0.01020408163265306	3.5578131049433157	3.5340251418203104	0.02378796312300535	0.01425051041039381
scheme_c	52	53	80.534	80.548	0.013999999999995794	11	3	1	11	0.00048687952514622876	0.001325122956846836	0.015306122448979591	3.5330718878731084	3.508617224245336	0.024454663627772266	0.019563591293749884
scheme_c	52	53	80.534	80.548	0.013999999999995794	11	3	1	12	0.00030859235844603826	0.0006953527098890744	0.04591836734693878	3.4622159960994603	3.449577047722787	0.01263894837667312	0.048186207252941204
scheme_c	52	53	80.534	80.548	0.013999999999995794	11	3	1	13	0.00042173242415494887	0.001215911400983427	0.02040816326530612	3.5671195569279988	3.5503141536704943	0.01680540325750446	0.02372634741619494
scheme_c	52	53	80.534	80.548	0.013999999999995794	11	3	1	14	0.00024387246521905085	0.0006938168281012125	0.025510204081632654	3.575169284067349	3.5629960057730456	0.012173278294303369	0.027665221204383254
scheme_c	52	53	80.534	80.548	0.013999999999995794	11	3	1	15	0.000374449604192311	0.0010506893281923002	0.04591836734693878	3.639176306005553	3.6227240701067003	0.016452235898852585	0.04898872986920865
scheme_c	52	53	80.534	80.548	0.013999999999995794	11	3	1	16	0.00032725669592846015	0.0009433446161347669	0.04591836734693878	3.6162579536328505	3.601855335507719	0.01440261812513155	0.048629230471515156
scheme_c	52	53	80.534	80.548	0.013999999999995794	11	3	1	17	0.0004187419710256746	0.0013681213615357457	0.025510204081632654	3.5633259609100487	3.5439492012726457	0.01937675963740304	0.029234743377934375
scheme_c	52	53	80.534	80.548	0.013999999999995794	11	3	1	18	0.013246717125984252	0.01854461279545916	0.05102040816326531	3.4270668916773865	3.136747593843	0.2903192978343867	0.1118436678681474
scheme_c	52	53	80.534	80.548	0.013999999999995794	11	3	1	19	0.00046883887308344046	0.0009490675613982313	0.015306122448979591	3.4484397859842226	3.427156647014609	0.021283138969613535	0.018852342780422617
scheme_c	52	53	80.534	80.548	0.013999999999995794	11	3	1	20	0.0005222780624650936	0.0014077750740362216	0.01020408163265306	3.522582699068652	3.5004420904321267	0.02214060863652545	0.01434819563280692
scheme_c	52	53	80.534	80.548	0.013999999999995794	11	3	1	21	0.00044264828428808967	0.0011419451377503442	0.00510204081632653	3.4258053442244294	3.398272284184291	0.027533060040138224	0.009439940242378788
scheme_c	52	53	80.534	80.548	0.013999999999995794	11	3	1	22	0.0003027619167658772	0.0006862897152671854	0.015306122448979591	3.4905222109047274	3.4803550578875053	0.010167153017222041	0.017311889382734858
scheme_c	52	53	80.534	80.548	0.013999999999995794	11	3	1	23	0.00036596374474367414	0.0008205615966112578	0.03571428571428571	3.3141549141472453	3.3082405691201	0.0059143450271452735	0.03749224555835517
scheme_c	53	54	80.548	80.682	0.13400000000000034	0	0	0	0	9.996599392420405e-07	3.0690569410296575e-06	0.00510204081632653	3.7756955800797076	3.775460893703361	0.00023468637634671552	0.005129578170841473
scheme_c	53	54	80.548	80.682	0.13400000000000034	0	0	0	1	5.705565510472625e-07	3.0173411902367775e-07	0.0	2.235996263954339	2.2358772569299443	0.00011900702439460176	1.2772993109531117e-05
scheme_c	53	54	80.548	80.682	0.13400000000000034	0	0	0	2	1.1403698405529541e-06	4.268982044974834e-06	0.00510204081632653	3.824149912973996	3.82430343790385	0.00015352492985387656	0.005122802661197446
scheme_c	53	54	80.548	80.682	0.13400000000000034	1	0	1	0	4.219275022734619e-06	1.4137724122065265e-05	0.025510204081632654	3.723383104517443	3.7239402937098096	0.0005571891923668026	0.025584280000014132
scheme_c	53	54	80.548	80.682	0.13400000000000034	1	0	1	1	3.769832631456329e-06	1.6145551053892149e-06	0.01020408163265306	2.048741308191799	2.0477151185526647	0.0010261896391341452	0.01031208498430332
scheme_c	53	54	80.548	80.682	0.13400000000000034	1	0	1	2	2.396832032431104e-06	7.98661120693378e-06	0.0	3.736288060231894	3.7363835080403547	9.54478084604915e-05	1.9928224085414036e-05
scheme_c	53	54	80.548	80.682	0.13400000000000034	2	1	0	0	5.0735699822473605e-06	1.4438001852190574e-05	0.025510204081632654	3.790776685756038	3.7907933615045555	1.6675748517602784e-05	0.02553138322831885
scheme_c	53	54	80.548	80.682	0.13400000000000034	2	1	0	1	7.862332828974125e-06	2.577097475120471e-05	0.015306122448979591	3.7761695702867595	3.7765265314136154	0.00035696112685590364	0.01537545186924536
scheme_c	53	54	80.548	80.682	0.13400000000000034	2	1	0	2	2.418422482719212e-05	3.1455138919112002e-06	0.0	1.77554694719673	1.770318444414842	0.0052285027818879115	0.0005501800169078945
scheme_c	53	54	80.548	80.682	0.13400000000000034	2	1	0	3	3.813960926818009e-05	3.354381786668803e-06	0.030612244897959183	1.4254193136527886	1.4111770469324874	0.014242266720301267	0.032077965561044156
scheme_c	53	54	80.548	80.682	0.13400000000000034	2	1	0	4	3.474150829999786e-05	1.9001101466686876e-06	0.05102040816326531	0.8276948600066063	0.8240965485892635	0.003598311417342792	0.051416880923446255
scheme_c	53	54	80.548	80.682	0.13400000000000034	2	1	0	5	3.077478527226499e-05	1.4972525050893637e-06	0.02040816326530612	0.9804609712131647	0.9751001905080205	0.005360780705144119	0.020976513373597887
scheme_c	53	54	80.548	80.682	0.13400000000000034	3	1	1	0	4.251264876679052e-06	6.617940001896194e-06	0.0	3.0900607763513466	3.0906326844017387	0.0005719080503920893	6.806000991778417e-05
scheme_c	53	54	80.548	80.682	0.13400000000000034	3	1	1	1	1.7513893184879516e-05	8.215730032179458e-06	0.0	1.9070163280806518	1.9091221299296683	0.002105801849016542	0.0002363098081187132
scheme_c	53	54	80.548	80.682	0.13400000000000034	3	1	1	2	2.0670034027943756e-05	2.9060275121173262e-05	0.0	3.031122630553447	3.0326937700046304	0.0015711394511832566	0.00020684425426744269
scheme_c	53	54	80.548	80.682	0.13400000000000034	3	1	1	3	3.098745014869878e-05	6.46946324114328e-05	0.03571428571428571	3.4046752101814985	3.4050559884310796	0.00038077824958104856	0.03584804562180395
scheme_c	53	54	80.548	80.682	0.13400000000000034	3	1	1	4	1.834464380478333e-05	1.2762049626968697e-05	0.0	2.7341505745069075	2.7329491629992364	0.0012014115076710574	0.00015124784419885776
scheme_c	53	54	80.548	80.682	0.13400000000000034	3	1	1	5	1.224778842278982e-05	2.3953872056003966e-05	0.00510204081632653	3.2825993467548904	3.2828449027437645	0.0002455559888741021	0.005162798075692734
scheme_c	53	54	80.548	80.682	0.13400000000000034	4	2	0	0	3.915483358774435e-05	3.112768620783246e-05	0.0	2.6246506409666854	2.619432952856967	0.005217688109718566	0.0005920513307674333
scheme_c	53	54	80.548	80.682	0.13400000000000034	4	2	0	1	2.8067228528657102e-05	4.109332767465723e-05	0.025510204081632654	3.4206925669010446	3.419329952864105	0.0013626140369398243	0.02571562604152995
scheme_c	53	54	80.548	80.682	0.13400000000000034	4	2	0	2	4.805385985465364e-05	0.0001253017484212915	0.03571428571428571	3.623355265571837	3.6222941744663943	0.0010610911054427241	0.03599375043310593
scheme_c	53	54	80.548	80.682	0.13400000000000034	4	2	0	3	6.39769669748171e-05	0.00019185173223512653	0.025510204081632654	3.6988433537845404	3.6978510194261696	0.0009923343583708721	0.025865266216679682
scheme_c	53	54	80.548	80.682	0.13400000000000034	4	2	0	4	2.8389807486361622e-05	9.176513335473757e-05	0.030612244897959183	3.776028634964677	3.7761365342391633	0.00010789927448628944	0.030743189766248912
scheme_c	53	54	80.548	80.682	0.13400000000000034	4	2	0	5	3.0062808283375213e-05	1.006979359896576e-05	0.00510204081632653	2.1106681316605145	2.1110104545467214	0.0003423228862069472	0.005176405706829566
scheme_c	53	54	80.548	80.682	0.13400000000000034	4	2	0	6	4.1108552004636384e-05	1.1077647577018013e-05	0.00510204081632653	2.257310463441656	2.2553873554489776	0.0019231079926784744	0.005346537815176032
scheme_c	53	54	80.548	80.682	0.13400000000000034	4	2	0	7	3.176701489259299e-05	0.000113918082340847	0.0663265306122449	3.8363929638384318	3.8361263359059077	0.00026662793252407724	0.06649887850273074
scheme_c	53	54	80.548	80.682	0.13400000000000034	4	2	0	8	3.221786314627562e-05	0.00012217727528573974	0.08673469387755102	3.8502482719806936	3.8504896011274443	0.0002413291467506795	0.0869132219306581
scheme_c	53	54	80.548	80.682	0.13400000000000034	4	2	0	9	2.3639272213406413e-05	5.330897148159153e-05	0.015306122448979591	3.3748216787602567	3.3763479372446077	0.0015262584843509508	0.015535696541109685
scheme_c	53	54	80.548	80.682	0.13400000000000034	4	2	0	10	4.1291938026456716e-05	8.265728031364716e-06	0.0	2.098726695129032	2.0985925312372653	0.00013416389176690302	6.297405523451173e-05
scheme_c	53	54	80.548	80.682	0.13400000000000034	4	2	0	11	3.067966813786469e-05	5.664889514256366e-06	0.0	1.9339750877549584	1.9333092909912828	0.000665796763675619	0.00010292423401968296
scheme_c	53	54	80.548	80.682	0.13400000000000034	5	2	1	0	7.822021134726135e-05	0.00013282467164044132	0.01020408163265306	3.206173629557475	3.2073930436203697	0.0012194140628944972	0.010537067921930213
scheme_c	53	54	80.548	80.682	0.13400000000000034	5	2	1	1	4.995852298883738e-05	0.00012204132986437521	0.025510204081632654	3.5591096022604747	3.558006393616641	0.0011032086438338418	0.025792524798869253
scheme_c	53	54	80.548	80.682	0.13400000000000034	5	2	1	2	4.7301943100563315e-05	0.00010061450395359994	0.015306122448979591	3.389846597136782	3.387897817904098	0.0019487792326842168	0.015648916819302177
scheme_c	53	54	80.548	80.682	0.13400000000000034	5	2	1	3	5.683441505916582e-05	3.411581815404574e-05	0.0	2.515685796189801	2.5098167009863115	0.00586909520348966	0.0006778597535621777
scheme_c	53	54	80.548	80.682	0.13400000000000034	5	2	1	4	5.972894978348219e-05	4.3750298742151195e-05	0.01020408163265306	2.534060793991533	2.5306472559210698	0.0034135380704634066	0.010648914688225035
scheme_c	53	54	80.548	80.682	0.13400000000000034	5	2	1	5	6.329131092743197e-05	3.121030694386295e-05	0.00510204081632653	2.1650111331126136	2.162546529367864	0.0024646037447495495	0.00544300280867278
scheme_c	53	54	80.548	80.682	0.13400000000000034	5	2	1	6	5.023601136506896e-05	8.129147940039161e-05	0.02040816326530612	3.1725146362083674	3.173986815506415	0.00147217929804766	0.020686908685876346
scheme_c	53	54	80.548	80.682	0.13400000000000034	5	2	1	7	2.165638013249245e-05	1.0925571004127832e-05	0.0	2.1068639315953095	2.1057212490526025	0.0011426825427069964	0.00014685020540731994
scheme_c	53	54	80.548	80.682	0.13400000000000034	5	2	1	8	3.355859455315848e-05	1.3296222754810572e-05	0.00510204081632653	2.1724914320912236	2.1721349102966023	0.00035652179462131173	0.005184547813096631
scheme_c	53	54	80.548	80.682	0.13400000000000034	5	2	1	9	8.425449477609173e-05	0.00020608469447169764	0.02040816326530612	3.5453506239802115	3.5449273670375416	0.0004232569426698696	0.020740828148820896
scheme_c	53	54	80.548	80.682	0.13400000000000034	5	2	1	10	0.00010312216374186822	0.000144392816313621	0.015306122448979591	3.0733995792594193	3.071632152756454	0.0017674265029654634	0.015730380079331627
scheme_c	53	54	80.548	80.682	0.13400000000000034	5	2	1	11	8.657134331191288e-05	9.924104589997818e-05	0.01020408163265306	2.9859068102287574	2.9845794814009294	0.0013273288278279338	0.010522626904647744
scheme_c	53	54	80.548	80.682	0.13400000000000034	6	2	2	0	7.712095291652312e-05	0.0002477404578049569	0.01020408163265306	3.7530304152925646	3.751789345400815	0.0012410698917495466	0.010653050032549495
scheme_c	53	54	80.548	80.682	0.13400000000000034	6	2	2	1	0.001117161191743261	0.005079889224040679	0.07653061224489796	3.6584234091199006	3.63440153008479	0.02402187903511077	0.08512985056419298
scheme_c	53	54	80.548	80.682	0.13400000000000034	6	2	2	2	0.00010103895833923513	0.0003240320272256403	0.07653061224489796	3.7204986399884596	3.720441194405841	5.744558261877586e-05	0.07696142778872472
scheme_c	53	54	80.548	80.682	0.13400000000000034	6	2	2	3	3.792011936630944e-05	9.260899985719107e-05	0.02040816326530612	3.5954342819593093	3.596161789510154	0.0007275075508448303	0.020611443139614105
scheme_c	53	54	80.548	80.682	0.13400000000000034	6	2	2	4	0.00011710796497507756	0.00031626352680258485	0.03571428571428571	3.6261809401879415	3.624294456231019	0.001886483956922369	0.03633630560175561
scheme_c	53	54	80.548	80.682	0.13400000000000034	6	2	2	5	2.2064299725900638e-05	4.118784579409951e-05	0.01020408163265306	2.6045026829324214	2.604718318072135	0.00021563513971356585	0.010288897292144418
scheme_c	53	54	80.548	80.682	0.13400000000000034	6	2	2	6	4.790626054877072e-05	0.00017211783283421767	0.07142857142857142	3.8180015680738406	3.8192014951474387	0.0011999270735980616	0.07176858822931423
scheme_c	53	54	80.548	80.682	0.13400000000000034	6	2	2	7	6.48864224413778e-05	7.122743366061446e-05	0.01020408163265306	3.0157648345525745	3.012388076090284	0.0033767584622905744	0.01067787133498411
scheme_c	53	54	80.548	80.682	0.13400000000000034	6	2	2	8	7.77789338389601e-05	0.00016786440028426775	0.030612244897959183	3.4340180026526803	3.4323800155428392	0.001637987109841088	0.03102168694306652
scheme_c	53	54	80.548	80.682	0.13400000000000034	6	2	2	9	7.451460064198279e-05	5.965850637534853e-05	0.00510204081632653	2.6750497676005964	2.6717671751890224	0.0032825924115740257	0.005564473164501264
scheme_c	53	54	80.548	80.682	0.13400000000000034	6	2	2	10	8.209171071173653e-05	8.962652532162885e-05	0.025510204081632654	2.8435192855469706	2.8400310843980874	0.003488201148883263	0.026030742432554346
scheme_c	53	54	80.548	80.682	0.13400000000000034	6	2	2	11	5.0284520530780705e-05	0.0001584807387520204	0.04591836734693878	3.7369263724913364	3.7360652143296527	0.0008611581616837505	0.046213248422389955
scheme_c	53	54	80.548	80.682	0.13400000000000034	7	2	3	0	9.84594556009455e-05	8.4277472581884e-05	0.01020408163265306	2.7259324550132518	2.7197221977669335	0.006210257246318296	0.01100784428546772
scheme_c	53	54	80.548	80.682	0.13400000000000034	7	2	3	1	0.00012784593829342247	5.4708419191973334e-05	0.015306122448979591	2.4788820422507736	2.4756919636673165	0.003190078583457101	0.015807684664810695
scheme_c	53	54	80.548	80.682	0.13400000000000034	7	2	3	2	9.720960981435525e-05	7.409026389804119e-05	0.01020408163265306	2.6809371659995707	2.677225262503873	0.0037119034956978325	0.01074657185593524
scheme_c	53	54	80.548	80.682	0.13400000000000034	7	2	3	3	3.924628679375187e-05	0.0001098407690791614	0.01020408163265306	3.612935480538702	3.6132333826524343	0.0002979021137323734	0.01038295889989921
scheme_c	53	54	80.548	80.682	0.13400000000000034	7	2	3	4	0.00011218744327987251	0.0002945304776454938	0.01020408163265306	3.596390122307648	3.5940125382530503	0.002377584054597648	0.010848557959038191
scheme_c	53	54	80.548	80.682	0.13400000000000034	7	2	3	5	8.64249272949257e-05	6.729553125339738e-05	0.01020408163265306	2.2229551178825844	2.221438598978989	0.0015165189035952764	0.010509453981560913
scheme_c	53	54	80.548	80.682	0.13400000000000034	7	2	3	6	0.00012508762419510713	0.00028093485008995334	0.025510204081632654	3.4858621846982683	3.4825325726502614	0.003329612048006858	0.0262491877607184
scheme_c	53	54	80.548	80.682	0.13400000000000034	7	2	3	7	7.78372923862948e-05	0.00017109092622547006	0.04591836734693878	3.3913014892215054	3.3911586398915254	0.00014284932997998823	0.04618158049854854
scheme_c	53	54	80.548	80.682	0.13400000000000034	7	2	3	8	5.6214047546674064e-05	8.935947070587424e-05	0.01020408163265306	3.1163965112984267	3.1149354235729696	0.0014610877254570553	0.010495763923451314
scheme_c	53	54	80.548	80.682	0.13400000000000034	7	2	3	9	0.00011676270498468176	0.0002399530409126216	0.030612244897959183	3.422290055836	3.420229125874527	0.0020609299614728904	0.031175053640003773
scheme_c	53	54	80.548	80.682	0.13400000000000034	7	2	3	10	6.545857587077134e-05	5.134059377764899e-05	0.00510204081632653	2.048011694149736	2.045596272078636	0.0024154220711003482	0.005460382193084985
scheme_c	53	54	80.548	80.682	0.13400000000000034	7	2	3	11	0.00013304361560459427	0.00037714768625196626	0.04591836734693878	3.664679032305537	3.661853850519185	0.002825181786351827	0.046711076827430524
scheme_c	53	54	80.548	80.682	0.13400000000000034	8	2	4	0	0.00018493936275679402	0.0004459156021362487	0.030612244897959183	3.5749141498075137	3.575605738988992	0.0006915891814784914	0.03131225878100008
scheme_c	53	54	80.548	80.682	0.13400000000000034	8	2	4	1	0.00012904613862859147	0.00033723873921442937	0.05612244897959184	3.612957478303391	3.6133291823659026	0.00037170406251174626	0.05662590426368603
scheme_c	53	54	80.548	80.682	0.13400000000000034	8	2	4	2	0.00016194056163928565	0.0005153292425681411	0.061224489795918366	3.76019470587755	3.7613462471809687	0.0011515413034186572	0.06201691373046766
scheme_c	53	54	80.548	80.682	0.13400000000000034	8	2	4	3	0.00018831979975848838	0.0005671168037143515	0.07142857142857142	3.6856873331779556	3.688729147706431	0.003041814528475406	0.0724881894848918
scheme_c	53	54	80.548	80.682	0.13400000000000034	8	2	4	4	0.00401866502464532	0.009437023243985432	0.015306122448979591	3.3938699354173645	3.2597272359948497	0.13414269942251478	0.04217608065986182
scheme_c	53	54	80.548	80.682	0.13400000000000034	8	2	4	5	0.00017040202531922252	0.0003114192070867716	0.025510204081632654	3.4189454710176848	3.4188993649840036	4.6106033681159175e-05	0.025996635917406762
scheme_c	53	54	80.548	80.682	0.13400000000000034	8	2	4	6	9.988402639329264e-05	0.0002924367631472746	0.02040816326530612	3.6954596426705235	3.6968030043204108	0.0013433616498872425	0.02093482021983541
scheme_c	53	54	80.548	80.682	0.13400000000000034	8	2	4	7	0.00013834579775652626	0.00042979772083362455	0.04591836734693878	3.667202235797663	3.6681533169603457	0.000951081162682943	0.046581618981797225
scheme_c	53	54	80.548	80.682	0.13400000000000034	8	2	4	8	5.2992034007653895e-05	0.00013129138677459018	0.030612244897959183	3.5396508644763442	3.5394163260319393	0.00023453844440490812	0.030819982163181915
scheme_c	53	54	80.548	80.682	0.13400000000000034	8	2	4	9	0.0007623913659025779	0.0028733511738826545	0.08163265306122448	3.60951406770803	3.596164204166373	0.013349863541657125	0.08660338195517542
scheme_c	53	54	80.548	80.682	0.13400000000000034	8	2	4	10	0.00013968779036906525	0.0003646178192888705	0.030612244897959183	3.537039158638008	3.539210233891934	0.0021710752539259026	0.031333658033009706
scheme_c	53	54	80.548	80.682	0.13400000000000034	8	2	4	11	0.0001756962382994234	0.00041950376175081683	0.0663265306122449	3.589794358118064	3.5884788384853095	0.0013155196327545582	0.0670532825755706
scheme_c	53	54	80.548	80.682	0.13400000000000034	9	2	5	0	0.00016047843645097587	0.00028852443266602634	0.025510204081632654	3.2143319101503836	3.21475662729004	0.0004247171396563054	0.026001678664715287
scheme_c	53	54	80.548	80.682	0.13400000000000034	9	2	5	1	0.00015761847316563622	0.0003009305305708976	0.030612244897959183	3.2072949419015266	3.210316108445755	0.0030211665442285707	0.03137291055611857
scheme_c	53	54	80.548	80.682	0.13400000000000034	9	2	5	2	0.00015175371480673566	9.714503916136152e-05	0.03571428571428571	2.9211452552633435	2.927575849389524	0.006430594126180633	0.03660624388087187
scheme_c	53	54	80.548	80.682	0.13400000000000034	9	2	5	3	0.00016312196449564658	0.00035893893038918545	0.04081632653061224	3.3782333027994467	3.379248806030675	0.001015503231228454	0.04143993774861992
scheme_c	53	54	80.548	80.682	0.13400000000000034	9	2	5	4	9.320514044280795e-05	0.00014417779121234098	0.02040816326530612	3.066649660701167	3.069341455886282	0.0026917951851150868	0.02091472571547278
scheme_c	53	54	80.548	80.682	0.13400000000000034	9	2	5	5	5.251441636479517e-05	0.0001459397543693841	0.015306122448979591	3.5126451617871832	3.5130959670601274	0.00045080527294416584	0.015549657147008187
scheme_c	53	54	80.548	80.682	0.13400000000000034	9	2	5	6	0.00017003866164084716	0.00047273540003667236	0.04591836734693878	3.6549315102761417	3.6551484896471873	0.00021697937104558918	0.046582839345720856
scheme_c	53	54	80.548	80.682	0.13400000000000034	9	2	5	7	0.0001890773629907289	0.0004110490936707345	0.030612244897959183	3.4156587830948695	3.416218296226382	0.000559513131512368	0.03126832266777189
scheme_c	53	54	80.548	80.682	0.13400000000000034	9	2	5	8	0.00012957540930255527	0.00017714248760125617	0.01020408163265306	3.0286790078407066	3.029600830005849	0.0009218221651421388	0.010602981746071086
scheme_c	53	54	80.548	80.682	0.13400000000000034	9	2	5	9	0.0001679045456027257	0.0003560456592861527	0.05102040816326531	3.2732072574582065	3.2762192043840916	0.003011946925885134	0.0518455530607427
scheme_c	53	54	80.548	80.682	0.13400000000000034	9	2	5	10	0.00015999293893224925	0.0003110907634207294	0.03571428571428571	3.298850012146814	3.298451758609366	0.0003982535374480456	0.036225194770383495
scheme_c	53	54	80.548	80.682	0.13400000000000034	9	2	5	11	0.00010088219392728187	0.00020663963803835284	0.03571428571428571	3.2919547664779523	3.2925194615365134	0.0005646950585611599	0.03607827705210746
scheme_c	53	54	80.548	80.682	0.13400000000000034	10	3	0	0	0.0004901006708972617	0.0008698148949832785	0.025510204081632654	3.286042745333804	3.2931275011480516	0.007084755814247501	0.027578595228937942
scheme_c	53	54	80.548	80.682	0.13400000000000034	10	3	0	1	0.0004995063750677375	0.0007800376817369559	0.04591836734693878	3.2452955478493064	3.249332505836182	0.0040369579868757555	0.04760160720243105
scheme_c	53	54	80.548	80.682	0.13400000000000034	10	3	0	2	0.000790822558922931	0.0010978910396016728	0.0	3.2101606901661657	3.214271606633823	0.004110916467657155	0.0022998052452903196
scheme_c	53	54	80.548	80.682	0.13400000000000034	10	3	0	3	0.0005905804549028922	0.0012416614627933642	0.02040816326530612	3.3915698412788795	3.39928278740862	0.007712946129740494	0.023011699795976427
scheme_c	53	54	80.548	80.682	0.13400000000000034	10	3	0	4	0.0006090849691316114	0.0010069599924987793	0.025510204081632654	3.3213505978833875	3.3424029030936233	0.021052305210235822	0.029231479564286626
scheme_c	53	54	80.548	80.682	0.13400000000000034	10	3	0	5	0.0008014331484077564	0.0008473889912822274	0.015306122448979591	2.8450351659233055	2.8551580403091954	0.01012287438588988	0.017967232027258563
scheme_c	53	54	80.548	80.682	0.13400000000000034	10	3	0	6	0.0005306812426771948	0.0011897752114580218	0.0	3.372125767266387	3.377741656166849	0.005615888900462274	0.002282045344181444
scheme_c	53	54	80.548	80.682	0.13400000000000034	10	3	0	7	0.00021933669335190664	0.0006896835859903083	0.025510204081632654	3.6018502144732376	3.605006782638604	0.003156568165366469	0.026734881177511518
scheme_c	53	54	80.548	80.682	0.13400000000000034	10	3	0	8	0.0005463729829846096	0.000767186529942121	0.05102040816326531	3.1390796291436036	3.14555922226404	0.006479593120436444	0.05298192698823568
scheme_c	53	54	80.548	80.682	0.13400000000000034	10	3	0	9	0.0001388661021194369	0.00036735008451871387	0.01020408163265306	3.3990401312214398	3.4008628316296887	0.001822700408248945	0.010892567860116106
scheme_c	53	54	80.548	80.682	0.13400000000000034	10	3	0	10	0.0005736177612523856	0.0010791724189318508	0.025510204081632654	3.3198222187140503	3.3296504421722246	0.009828223458174357	0.028145816607634325
scheme_c	53	54	80.548	80.682	0.13400000000000034	10	3	0	11	0.0004866481503151812	0.0008616187363741368	0.030612244897959183	3.3260163002490892	3.332000508385365	0.005984208136275981	0.0325589325982761
scheme_c	53	54	80.548	80.682	0.13400000000000034	10	3	0	12	0.0004946764056708239	0.0009658050985705824	0.03571428571428571	3.2490538873670043	3.2505552161933164	0.0015013288263121538	0.03732490010115833
scheme_c	53	54	80.548	80.682	0.13400000000000034	10	3	0	13	0.0006855621900554084	0.001133415074481281	0.03571428571428571	3.4003664200104753	3.403492240020556	0.003125820010080549	0.037845844979830456
scheme_c	53	54	80.548	80.682	0.13400000000000034	10	3	0	14	0.00020929251959516152	0.0005272302361166714	0.025510204081632654	3.353593525798025	3.3584147041336525	0.004821178335627341	0.02672884467090722
scheme_c	53	54	80.548	80.682	0.13400000000000034	10	3	0	15	0.0004099374432903627	0.0007125450650283804	0.00510204081632653	3.084982619017131	3.0917224098876512	0.006739790870520235	0.006898502411697297
scheme_c	53	54	80.548	80.682	0.13400000000000034	10	3	0	16	0.0005115231411509102	0.0009250416706667597	0.03571428571428571	3.3615161338528496	3.3688751927308505	0.007359058878000813	0.03788675641390346
scheme_c	53	54	80.548	80.682	0.13400000000000034	10	3	0	17	0.0005886778534825417	0.0011013469206229143	0.04591836734693878	3.2543355711472026	3.2631171652091586	0.008781594061956	0.04848655152723984
scheme_c	53	54	80.548	80.682	0.13400000000000034	10	3	0	18	0.0003608595310375622	0.0010186970556118613	0.00510204081632653	3.5768992107898825	3.579518389339561	0.0026191785496783027	0.006743515257943784
scheme_c	53	54	80.548	80.682	0.13400000000000034	10	3	0	19	0.000468977470332787	0.000937867655152691	0.02040816326530612	3.3573602930043025	3.3710942282101524	0.013733935205849868	0.023188401911376583
scheme_c	53	54	80.548	80.682	0.13400000000000034	10	3	0	20	0.0005896397681577204	0.000904152929841473	0.04591836734693878	2.9827295385996457	2.9883964648803807	0.005666926280734952	0.04797885267301147
scheme_c	53	54	80.548	80.682	0.13400000000000034	10	3	0	21	0.0001917094640865115	0.0005472526533443212	0.04081632653061224	3.538566006979826	3.5369843676219848	0.0015816393578411692	0.04171345258382719
scheme_c	53	54	80.548	80.682	0.13400000000000034	10	3	0	22	0.0006028765384811278	0.0011169382674297568	0.030612244897959183	3.3099408857739925	3.318565881550654	0.008624995776661315	0.0331945592815362
scheme_c	53	54	80.548	80.682	0.13400000000000034	10	3	0	23	0.00054575020839657	0.0007985979111049257	0.015306122448979591	3.2274760386150434	3.239696684265211	0.012220645650167672	0.017872535133497854
scheme_c	53	54	80.548	80.682	0.13400000000000034	11	3	1	0	3.1155056507501006e-05	9.822688451222028e-05	0.01020408163265306	3.424484327269641	3.4244142896999406	7.003756970025421e-05	0.010340467330642807
scheme_c	53	54	80.548	80.682	0.13400000000000034	11	3	1	1	0.00026891327700085484	0.0006561218871241614	0.02040816326530612	3.560978116891893	3.557014350486482	0.003963766405410851	0.021729575069972223
scheme_c	53	54	80.548	80.682	0.13400000000000034	11	3	1	2	0.00030963853969492665	0.0006961714855280299	0.025510204081632654	3.4864956710686856	3.4902541220827428	0.0037584510140571403	0.026891859208261322
scheme_c	53	54	80.548	80.682	0.13400000000000034	11	3	1	3	0.0002699833107005854	0.0005487705457546399	0.02040816326530612	3.5122723889428777	3.514839793717995	0.00256740477511741	0.021483657599273086
scheme_c	53	54	80.548	80.682	0.13400000000000034	11	3	1	4	0.0007987055873075696	0.0010100740678223863	0.0	3.2285932157992954	3.191099567683206	0.03749364811608924	0.005558144466738879
scheme_c	53	54	80.548	80.682	0.13400000000000034	11	3	1	5	9.853360831449762e-05	0.00028190126467542154	0.030612244897959183	3.517969978682326	3.520289431585515	0.00231945290318869	0.031224625061267972
scheme_c	53	54	80.548	80.682	0.13400000000000034	11	3	1	6	0.0003488682041751848	0.0006826431139074218	0.00510204081632653	3.391315763668229	3.4054806593963667	0.014164895728137505	0.007550041707222887
scheme_c	53	54	80.548	80.682	0.13400000000000034	11	3	1	7	0.00033680988522428166	0.0008497545979008203	0.015306122448979591	3.594226244338516	3.6098152127490177	0.015588968410501725	0.018051583773154866
scheme_c	53	54	80.548	80.682	0.13400000000000034	11	3	1	8	0.0003913283887321906	0.0008166730951237877	0.03571428571428571	3.438800419502225	3.449281164857814	0.010480745355589072	0.037970361733700594
scheme_c	53	54	80.548	80.682	0.13400000000000034	11	3	1	9	0.000334541091854677	0.000484584858084669	0.0	3.2928917702796663	3.3048281317836428	0.011936361503976478	0.002012762100336994
scheme_c	53	54	80.548	80.682	0.13400000000000034	11	3	1	10	0.00030523711119403405	0.0006619388589945707	0.015306122448979591	3.5340251418203104	3.5375755887781533	0.003550446957842901	0.016628343114952485
scheme_c	53	54	80.548	80.682	0.13400000000000034	11	3	1	11	0.00032102146737259695	0.0006534262825352855	0.01020408163265306	3.508617224245336	3.521857434391108	0.013240210145772036	0.012502550397138146
scheme_c	53	54	80.548	80.682	0.13400000000000034	11	3	1	12	0.00023647637282471555	0.0004490134848113003	0.05102040816326531	3.449577047722787	3.452854068121581	0.0032770203987939617	0.05203360006078072
scheme_c	53	54	80.548	80.682	0.13400000000000034	11	3	1	13	0.00027305854308381177	0.0006691314983843233	0.01020408163265306	3.5503141536704943	3.5580975127020564	0.0077833590315621315	0.011924607577277408
scheme_c	53	54	80.548	80.682	0.13400000000000034	11	3	1	14	0.00019908871082065233	0.0004964776895690637	0.03571428571428571	3.5629960057730456	3.56790887842	0.0049128726469542805	0.036901139379370854
scheme_c	53	54	80.548	80.682	0.13400000000000034	11	3	1	15	0.0002452378136118421	0.000568832082779136	0.025510204081632654	3.6227240701067003	3.6277560520904024	0.0050319819837021385	0.026827472176393845
scheme_c	53	54	80.548	80.682	0.13400000000000034	11	3	1	16	0.00028267168185707717	0.0007150576202172854	0.025510204081632654	3.601855335507719	3.610058807118529	0.00820347161080992	0.027328280544788006
scheme_c	53	54	80.548	80.682	0.13400000000000034	11	3	1	17	0.0002689527553470796	0.0006300811154420494	0.01020408163265306	3.5439492012726457	3.540958278140378	0.0029909231322675645	0.011402207816668945
scheme_c	53	54	80.548	80.682	0.13400000000000034	11	3	1	18	0.0013043109257546582	0.00115393167854283	0.00510204081632653	3.136747593843	3.068779119260997	0.06796847458200306	0.014357130878824325
scheme_c	53	54	80.548	80.682	0.13400000000000034	11	3	1	19	0.0003181221152365885	0.0006513580867785196	0.025510204081632654	3.427156647014609	3.431500999930411	0.004344352915802041	0.026914119575227966
scheme_c	53	54	80.548	80.682	0.13400000000000034	11	3	1	20	0.00038077229185937416	0.0008336285651170394	0.00510204081632653	3.5004420904321267	3.5161016100487466	0.01565951961661982	0.007882393634964926
scheme_c	53	54	80.548	80.682	0.13400000000000034	11	3	1	21	0.00026393679091475653	0.0005075399121989843	0.00510204081632653	3.398272284184291	3.4080629022027007	0.009790618018409525	0.006852579321281224
scheme_c	53	54	80.548	80.682	0.13400000000000034	11	3	1	22	0.00020852278428985793	0.00043073686396544186	0.015306122448979591	3.4803550578875053	3.482954358960846	0.0025993010733404986	0.01620531220456894
scheme_c	53	54	80.548	80.682	0.13400000000000034	11	3	1	23	0.00031811142263552254	0.0006024963150933482	0.030612244897959183	3.3082405691201	3.3094101917708443	0.001169622650744273	0.03164981490076248
scheme_c	54	55	80.682	80.512	-0.1700000000000017	0	0	0	0	1.0183230828457833e-06	3.3865613625616575e-06	0.00510204081632653	3.775460893703361	3.7755576824190604	9.678871569951397e-05	0.005116124572341889
scheme_c	54	55	80.682	80.512	-0.1700000000000017	0	0	0	1	5.916684348836742e-07	1.861718067486251e-07	0.0	2.2358772569299443	2.23618459365691	0.00030733672696570125	3.151151293820242e-05
scheme_c	54	55	80.682	80.512	-0.1700000000000017	0	0	0	2	1.0317405488909333e-06	3.8010689047407453e-06	0.015306122448979591	3.82430343790385	3.824416842746376	0.00011340484252597705	0.015322295742685822
scheme_c	54	55	80.682	80.512	-0.1700000000000017	1	0	1	0	3.1516127342729664e-06	9.912212720619706e-06	0.025510204081632654	3.7239402937098096	3.7238338916769496	0.00010640203286005345	0.02553390811037355
scheme_c	54	55	80.682	80.512	-0.1700000000000017	1	0	1	1	3.5248604022195573e-06	1.6269922218370425e-06	0.00510204081632653	2.0477151185526647	2.046923213901581	0.0007919046510838079	0.005186383134058967
scheme_c	54	55	80.682	80.512	-0.1700000000000017	1	0	1	2	2.5152586603912736e-06	8.474971963878808e-06	0.0	3.7363835080403547	3.736129337668727	0.00025417037162789313	3.64072677870594e-05
scheme_c	54	55	80.682	80.512	-0.1700000000000017	2	1	0	0	5.296425077350984e-06	1.5126011514099424e-05	0.04591836734693878	3.7907933615045555	3.7907967489359002	3.387431344759051e-06	0.0459391285266647
scheme_c	54	55	80.682	80.512	-0.1700000000000017	2	1	0	1	7.525594859779111e-06	2.5220648606216756e-05	0.015306122448979591	3.7765265314136154	3.7763750972434726	0.00015143417014273908	0.015354012109459862
scheme_c	54	55	80.682	80.512	-0.1700000000000017	2	1	0	2	2.213585433064692e-05	2.3044943744388036e-06	0.0	1.770318444414842	1.7695608730494417	0.0007575713654004446	0.00010019748524513019
scheme_c	54	55	80.682	80.512	-0.1700000000000017	2	1	0	3	2.5677390997499865e-05	2.177315163387483e-06	0.01020408163265306	1.4111770469324874	1.4099425421417575	0.00123450479072984	0.010355386817886931
scheme_c	54	55	80.682	80.512	-0.1700000000000017	2	1	0	4	3.44447472956976e-05	2.0276267577168383e-06	0.02040816326530612	0.8240965485892635	0.8199179208819973	0.00417862770726618	0.020862498410086156
scheme_c	54	55	80.682	80.512	-0.1700000000000017	2	1	0	5	3.098379682338333e-05	1.532779945523366e-06	0.025510204081632654	0.9751001905080205	0.9792998446682479	0.004199654160227384	0.0259626860744243
scheme_c	54	55	80.682	80.512	-0.1700000000000017	3	1	1	0	4.1477125424526655e-06	6.353320062157941e-06	0.0	3.0906326844017387	3.090630634427648	2.049974090478912e-06	1.0706030013658499e-05
scheme_c	54	55	80.682	80.512	-0.1700000000000017	3	1	1	1	2.0801684377044896e-05	7.948043001748673e-06	0.0	1.9091221299296683	1.9045996750882928	0.004522454841375589	0.0004809952115163525
scheme_c	54	55	80.682	80.512	-0.1700000000000017	3	1	1	2	2.0332872956918392e-05	2.5348836812599806e-05	0.00510204081632653	3.0326937700046304	3.0303685191253584	0.002325250879271934	0.0053802476140232414
scheme_c	54	55	80.682	80.512	-0.1700000000000017	3	1	1	3	3.407939769549767e-05	6.794707625545904e-05	0.030612244897959183	3.4050559884310796	3.404550659004353	0.0005053294267267638	0.030764804314582814
scheme_c	54	55	80.682	80.512	-0.1700000000000017	3	1	1	4	1.8055354032820996e-05	1.1985550776527631e-05	0.0	2.7329491629992364	2.733745150608211	0.000795987608974702	0.00010963966570681882
scheme_c	54	55	80.682	80.512	-0.1700000000000017	3	1	1	5	1.1398562248984846e-05	2.0230691855083194e-05	0.0	3.2828449027437645	3.2824137686116135	0.00043113413215101204	7.474266731916925e-05
scheme_c	54	55	80.682	80.512	-0.1700000000000017	4	2	0	0	2.657029509822975e-05	1.833247027671625e-05	0.0	2.619432952856967	2.6209193885700195	0.0014864357130526251	0.0001935463366802085
scheme_c	54	55	80.682	80.512	-0.1700000000000017	4	2	0	1	2.8941511593263588e-05	4.045618840187171e-05	0.030612244897959183	3.419329952864105	3.4198758037656636	0.0005458509015587865	0.030736227688110195
scheme_c	54	55	80.682	80.512	-0.1700000000000017	4	2	0	2	4.619679196237257e-05	0.00012570986512194793	0.05102040816326531	3.6222941744663943	3.6216312138725475	0.0006629605938468508	0.051258610879734316
scheme_c	54	55	80.682	80.512	-0.1700000000000017	4	2	0	3	6.546982951285195e-05	0.00019454440462651768	0.030612244897959183	3.6978510194261696	3.6983254747685956	0.00047445534242607224	0.030919704666341162
scheme_c	54	55	80.682	80.512	-0.1700000000000017	4	2	0	4	2.611998923207589e-05	8.512212619316006e-05	0.030612244897959183	3.7761365342391633	3.7763611555806444	0.0002246213414811571	0.030745949147532536
scheme_c	54	55	80.682	80.512	-0.1700000000000017	4	2	0	5	3.0492868234390984e-05	8.989378797674696e-06	0.00510204081632653	2.1110104545467214	2.1112686129919496	0.00025815844522814047	0.005167338907881409
scheme_c	54	55	80.682	80.512	-0.1700000000000017	4	2	0	6	4.021366221254866e-05	1.0946573558379136e-05	0.00510204081632653	2.2553873554489776	2.2559242630244003	0.0005369075754226849	0.005206891809639727
scheme_c	54	55	80.682	80.512	-0.1700000000000017	4	2	0	7	2.8754299692984628e-05	0.00010219674277300861	0.11224489795918367	3.8361263359059077	3.836214980256989	8.864435108124624e-05	0.1123847134367578
scheme_c	54	55	80.682	80.512	-0.1700000000000017	4	2	0	8	2.8101801160213716e-05	0.00010190176029334364	0.07653061224489796	3.8504896011274443	3.8503825047692684	0.00010709635817596208	0.0766713254421691
scheme_c	54	55	80.682	80.512	-0.1700000000000017	4	2	0	9	1.703644765318377e-05	3.816320450400479e-05	0.02040816326530612	3.3763479372446077	3.375675711943128	0.0006722253014794788	0.020530585447611258
scheme_c	54	55	80.682	80.512	-0.1700000000000017	4	2	0	10	3.913338733163509e-05	7.5863580940582764e-06	0.0	2.0985925312372653	2.0984423456114523	0.0001501856258130374	6.17383080069971e-05
scheme_c	54	55	80.682	80.512	-0.1700000000000017	4	2	0	11	3.112591263615428e-05	6.118470210481064e-06	0.0	1.9333092909912828	1.9346320285957852	0.0013227376045024108	0.00016951814329687644
scheme_c	54	55	80.682	80.512	-0.1700000000000017	5	2	1	0	7.240337234165267e-05	0.00012596124623853733	0.015306122448979591	3.2073930436203697	3.2059712601497647	0.0014217834706049537	0.015646665414620276
scheme_c	54	55	80.682	80.512	-0.1700000000000017	5	2	1	1	5.2736225354616686e-05	0.00014045560578812566	0.03571428571428571	3.558006393616641	3.5589431560380023	0.0009367624213614256	0.0360011537875646
scheme_c	54	55	80.682	80.512	-0.1700000000000017	5	2	1	2	3.610416476466497e-05	7.463771773141836e-05	0.015306122448979591	3.387897817904098	3.387698401286393	0.00019941661770506158	0.015436805993246181
scheme_c	54	55	80.682	80.512	-0.1700000000000017	5	2	1	3	4.990564772320892e-05	2.8766139768876542e-05	0.00510204081632653	2.5098167009863115	2.5115543624467045	0.001737661460393003	0.0053544787498579155
scheme_c	54	55	80.682	80.512	-0.1700000000000017	5	2	1	4	5.802791544813202e-05	3.781824994841809e-05	0.025510204081632654	2.5306472559210698	2.533428664318756	0.002781408397686036	0.02588419108679781
scheme_c	54	55	80.682	80.512	-0.1700000000000017	5	2	1	5	4.750213549492918e-05	2.0342058032585264e-05	0.00510204081632653	2.162546529367864	2.16305361867373	0.0005070893058660708	0.0052205939404406515
scheme_c	54	55	80.682	80.512	-0.1700000000000017	5	2	1	6	4.9841604745393e-05	8.621339164827102e-05	0.01020408163265306	3.173986815506415	3.172951318785688	0.0010354967207271137	0.010443686301119436
scheme_c	54	55	80.682	80.512	-0.1700000000000017	5	2	1	7	2.465595510731653e-05	1.615723082792897e-05	0.0	2.1057212490526025	2.105290336953684	0.0004309120989183235	8.390439582707786e-05
scheme_c	54	55	80.682	80.512	-0.1700000000000017	5	2	1	8	3.5909055404580566e-05	1.6580306702485004e-05	0.0	2.1721349102966023	2.1706777358775287	0.0014571744190736702	0.0001982068040144326
scheme_c	54	55	80.682	80.512	-0.1700000000000017	5	2	1	9	9.092790146384243e-05	0.00022896757693757763	0.03571428571428571	3.5449273670375416	3.5457052408437546	0.0007778738062129698	0.03611196857330843
scheme_c	54	55	80.682	80.512	-0.1700000000000017	5	2	1	10	9.69257743496921e-05	0.00012450313006040492	0.01020408163265306	3.071632152756454	3.0724415312850963	0.0008093785286424904	0.010506448389927406
scheme_c	54	55	80.682	80.512	-0.1700000000000017	5	2	1	11	9.163333817295604e-05	0.00010876577657736863	0.02040816326530612	2.9845794814009294	2.98509218750047	0.0005127060995406829	0.020659832990010514
scheme_c	54	55	80.682	80.512	-0.1700000000000017	6	2	2	0	6.461604039763899e-05	0.0001989711839956998	0.025510204081632654	3.751789345400815	3.7525805576285567	0.000791212227741589	0.02585291252880015
scheme_c	54	55	80.682	80.512	-0.1700000000000017	6	2	2	1	0.00320496468399709	0.014160648474141224	0.12244897959183673	3.63440153008479	3.673434321305693	0.039032791220903196	0.14371787187206536
scheme_c	54	55	80.682	80.512	-0.1700000000000017	6	2	2	2	0.00010592945821755615	0.0003493285774991417	0.07142857142857142	3.720441194405841	3.7212410837686343	0.0007998893627934045	0.07196381840056745
scheme_c	54	55	80.682	80.512	-0.1700000000000017	6	2	2	3	3.766091202322429e-05	9.185583674164999e-05	0.03571428571428571	3.596161789510154	3.5955381306224243	0.00062365888772975	0.03590616835182356
scheme_c	54	55	80.682	80.512	-0.1700000000000017	6	2	2	4	0.00010724045341792848	0.00027337121956261257	0.025510204081632654	3.624294456231019	3.6265393449081516	0.0022448886771324617	0.026115304622326443
scheme_c	54	55	80.682	80.512	-0.1700000000000017	6	2	2	5	2.5015106824425702e-05	4.9095427024248295e-05	0.00510204081632653	2.604718318072135	2.60389278996804	0.0008255281040949747	0.005258704160584702
scheme_c	54	55	80.682	80.512	-0.1700000000000017	6	2	2	6	4.2013524693432256e-05	0.00014588769456880257	0.0663265306122449	3.8192014951474387	3.8182771747431574	0.0009243204042812536	0.06660686387193526
scheme_c	54	55	80.682	80.512	-0.1700000000000017	6	2	2	7	6.067458973914643e-05	5.2819848095131405e-05	0.0	3.012388076090284	3.010765318588598	0.0016227575016860563	0.0002757701880028835
scheme_c	54	55	80.682	80.512	-0.1700000000000017	6	2	2	8	8.505131414918473e-05	0.0001776094075557344	0.025510204081632654	3.4323800155428392	3.434291405324743	0.0019113897819038606	0.02596400378152796
scheme_c	54	55	80.682	80.512	-0.1700000000000017	6	2	2	9	7.878557828600079e-05	7.77129233200391e-05	0.00510204081632653	2.6717671751890224	2.669626306262543	0.0021408689264794667	0.005472626210580517
scheme_c	54	55	80.682	80.512	-0.1700000000000017	6	2	2	10	8.402434816811509e-05	9.95836640641512e-05	0.01020408163265306	2.8400310843980874	2.8400784419870813	4.735758899387932e-05	0.010392425403784714
scheme_c	54	55	80.682	80.512	-0.1700000000000017	6	2	2	11	6.202529306393541e-05	0.00021050821859291968	0.05612244897959184	3.7360652143296527	3.7378378772118097	0.00177266288215705	0.056572248779464394
scheme_c	54	55	80.682	80.512	-0.1700000000000017	7	2	3	0	9.977292618334578e-05	9.031304269058182e-05	0.00510204081632653	2.7197221977669335	2.719410658404863	0.000311539362070512	0.005323280721407509
scheme_c	54	55	80.682	80.512	-0.1700000000000017	7	2	3	1	0.00020698546845457382	9.595392854910845e-05	0.01020408163265306	2.4756919636673165	2.448975143581394	0.026716820085922688	0.013178703038249012
scheme_c	54	55	80.682	80.512	-0.1700000000000017	7	2	3	2	0.00011767735492276184	0.00010369007531874086	0.01020408163265306	2.677225262503873	2.6787348619641254	0.0015095994602525309	0.010576409008919816
scheme_c	54	55	80.682	80.512	-0.1700000000000017	7	2	3	3	3.407588645985336e-05	9.174987811755297e-05	0.01020408163265306	3.6132333826524343	3.611356480945662	0.0018769017067721272	0.01051759756790768
scheme_c	54	55	80.682	80.512	-0.1700000000000017	7	2	3	4	0.0001325964430513398	0.0004137391350427233	0.030612244897959183	3.5940125382530503	3.5944129905959676	0.00040045234291730125	0.031198625710344978
scheme_c	54	55	80.682	80.512	-0.1700000000000017	7	2	3	5	7.999119587319368e-05	4.872295447932995e-05	0.01020408163265306	2.221438598978989	2.223290308113031	0.001851709134041979	0.010517966696409782
scheme_c	54	55	80.682	80.512	-0.1700000000000017	7	2	3	6	0.00012227706472650699	0.00028552171280871175	0.04081632653061224	3.4825325726502614	3.485091151629903	0.0025585789796416236	0.04147998320611162
scheme_c	54	55	80.682	80.512	-0.1700000000000017	7	2	3	7	7.611501379726075e-05	0.0001627845078351342	0.015306122448979591	3.3911586398915254	3.392264925400069	0.0011062855085435253	0.01565565052146634
scheme_c	54	55	80.682	80.512	-0.1700000000000017	7	2	3	8	7.404000278509772e-05	0.0001554684248804561	0.025510204081632654	3.1149354235729696	3.114825621919204	0.0001098016537657287	0.02575069267467478
scheme_c	54	55	80.682	80.512	-0.1700000000000017	7	2	3	9	0.00011513714909231265	0.000253903414135892	0.02040816326530612	3.420229125874527	3.4226748211841267	0.0024456953095994827	0.021021773359494275
scheme_c	54	55	80.682	80.512	-0.1700000000000017	7	2	3	10	9.638449023274595e-05	8.68351644430776e-05	0.01020408163265306	2.045596272078636	2.043323013077659	0.002273259000976857	0.01061462718742657
scheme_c	54	55	80.682	80.512	-0.1700000000000017	7	2	3	11	0.00013939942756077673	0.00041021066886692825	0.04081632653061224	3.661853850519185	3.6630458589997943	0.0011920084806091857	0.04148513747510087
scheme_c	54	55	80.682	80.512	-0.1700000000000017	8	2	4	0	0.0002535600645951944	0.0007284202192540112	0.04081632653061224	3.575605738988992	3.5844417610790464	0.008836022090054296	0.04268190902346688
scheme_c	54	55	80.682	80.512	-0.1700000000000017	8	2	4	1	0.00014186881327778785	0.00041868340695028206	0.061224489795918366	3.6133291823659026	3.6184956120304763	0.005166429664573702	0.06230168498260381
scheme_c	54	55	80.682	80.512	-0.1700000000000017	8	2	4	2	0.00024359750104262413	0.0009705021683985571	0.10204081632653061	3.7613462471809687	3.7678666563835	0.006520409202531496	0.10390695691622494
scheme_c	54	55	80.682	80.512	-0.1700000000000017	8	2	4	3	0.0002616321964113567	0.000920438995586359	0.0663265306122449	3.688729147706431	3.6962042242654354	0.007475076559004368	0.06825610946014306
scheme_c	54	55	80.682	80.512	-0.1700000000000017	8	2	4	4	0.017813293533660554	0.05182555696054125	0.1377551020408163	3.2597272359948497	3.5239900166688467	0.264262780673997	0.23382023060241783
scheme_c	54	55	80.682	80.512	-0.1700000000000017	8	2	4	5	0.00028133024929435566	0.0005877184547974368	0.04081632653061224	3.4188993649840036	3.4236781575982773	0.004778792614273719	0.042163254496131404
scheme_c	54	55	80.682	80.512	-0.1700000000000017	8	2	4	6	0.00012886739265318797	0.0004756400127906568	0.030612244897959183	3.6968030043204108	3.703053812658959	0.006250808338548186	0.031841833137257844
scheme_c	54	55	80.682	80.512	-0.1700000000000017	8	2	4	7	0.00023500877469230036	0.0009052590051670251	0.061224489795918366	3.6681533169603457	3.677575638043008	0.009422321082662055	0.0633069896840439
scheme_c	54	55	80.682	80.512	-0.1700000000000017	8	2	4	8	9.413623957400212e-05	0.00025107391560141856	0.03571428571428571	3.5394163260319393	3.5428391363527325	0.003422810320793168	0.03640177690154045
scheme_c	54	55	80.682	80.512	-0.1700000000000017	8	2	4	9	0.0015113738124240819	0.005648880575937265	0.12244897959183673	3.596164204166373	3.609915981619624	0.013751777453250735	0.13098441172552316
scheme_c	54	55	80.682	80.512	-0.1700000000000017	8	2	4	10	0.00014093951923366846	0.0003225460029911975	0.025510204081632654	3.539210233891934	3.546068837173266	0.00685860328133181	0.0266595499319907
scheme_c	54	55	80.682	80.512	-0.1700000000000017	8	2	4	11	0.00028684435194007514	0.0008579782774571498	0.05612244897959184	3.5884788384853095	3.594295987356331	0.005817148871021693	0.05784898649609123
scheme_c	54	55	80.682	80.512	-0.1700000000000017	9	2	5	0	0.00016731606106844352	0.000312122570296669	0.04591836734693878	3.21475662729004	3.214819714002029	6.308671198906879e-05	0.046404114649502795
scheme_c	54	55	80.682	80.512	-0.1700000000000017	9	2	5	1	0.0001476071909339689	0.0002709252659435224	0.03571428571428571	3.210316108445755	3.2077741591696496	0.002541949276105626	0.03638701309877377
scheme_c	54	55	80.682	80.512	-0.1700000000000017	9	2	5	2	0.00017135258770191485	0.0001410825610562716	0.03571428571428571	2.927575849389524	2.913447938849411	0.014127910540113309	0.03743951191705523
scheme_c	54	55	80.682	80.512	-0.1700000000000017	9	2	5	3	0.0001637257691445738	0.00035827053979653467	0.03571428571428571	3.379248806030675	3.3785386301576263	0.0007101758730487795	0.036307299610531696
scheme_c	54	55	80.682	80.512	-0.1700000000000017	9	2	5	4	9.785170203834366e-05	0.00014754824083562657	0.01020408163265306	3.069341455886282	3.064673678296196	0.004667777590086075	0.010916259334535638
scheme_c	54	55	80.682	80.512	-0.1700000000000017	9	2	5	5	5.868414161231546e-05	0.00016454810032529021	0.030612244897959183	3.5130959670601274	3.511746304367425	0.0013496626927023136	0.03097044340916702
scheme_c	54	55	80.682	80.512	-0.1700000000000017	9	2	5	6	0.00015865453909793924	0.0004607154600005936	0.05102040816326531	3.6551484896471873	3.6541929835577864	0.0009555060894008705	0.05173532877130393
scheme_c	54	55	80.682	80.512	-0.1700000000000017	9	2	5	7	0.00018163448036083232	0.0004001094743876221	0.04081632653061224	3.416218296226382	3.4151634000117466	0.0010548962146352814	0.041503560106824225
scheme_c	54	55	80.682	80.512	-0.1700000000000017	9	2	5	8	0.0001113133740605772	0.00012995030537332752	0.015306122448979591	3.029600830005849	3.02408176975271	0.005519060253138974	0.016099292153727393
scheme_c	54	55	80.682	80.512	-0.1700000000000017	9	2	5	9	0.00014719300594423875	0.0002863216737180041	0.061224489795918366	3.2762192043840916	3.2743710163122994	0.0018481880717922117	0.061842823282759835
scheme_c	54	55	80.682	80.512	-0.1700000000000017	9	2	5	10	0.00016071340044909326	0.00030933069091798604	0.02040816326530612	3.298451758609366	3.3004253322494606	0.001973573640094539	0.021075564720682654
scheme_c	54	55	80.682	80.512	-0.1700000000000017	9	2	5	11	0.00010254801258718098	0.00020729752901049725	0.04081632653061224	3.2925194615365134	3.2922828495002596	0.00023661203625380267	0.0411498332758353
scheme_c	54	55	80.682	80.512	-0.1700000000000017	10	3	0	0	0.0006976296613517445	0.0015886117068479866	0.05102040816326531	3.2931275011480516	3.2917263653113	0.0014011358367516102	0.0534467631151402
scheme_c	54	55	80.682	80.512	-0.1700000000000017	10	3	0	1	0.0006992342160486307	0.0011607851321534524	0.04081632653061224	3.249332505836182	3.250689740878116	0.0013572350419339685	0.042812069383007724
scheme_c	54	55	80.682	80.512	-0.1700000000000017	10	3	0	2	0.000946025209012671	0.001168575573439412	0.00510204081632653	3.214271606633823	3.230568502059793	0.016296895425970348	0.008846331141375648
scheme_c	54	55	80.682	80.512	-0.1700000000000017	10	3	0	3	0.0007238199133202661	0.0012113207275042948	0.04081632653061224	3.39928278740862	3.4032932824645585	0.004010495055938534	0.043152516677030656
scheme_c	54	55	80.682	80.512	-0.1700000000000017	10	3	0	4	0.0007556934473360949	0.0011661294489464513	0.01020408163265306	3.3424029030936233	3.3416661193242745	0.0007367837693488255	0.01219958290587049
scheme_c	54	55	80.682	80.512	-0.1700000000000017	10	3	0	5	0.0011194593796490498	0.0013443788427475178	0.015306122448979591	2.8551580403091954	2.859062149987469	0.003904109678273482	0.018160371639203504
scheme_c	54	55	80.682	80.512	-0.1700000000000017	10	3	0	6	0.0006787412103067241	0.001133723441282819	0.01020408163265306	3.377741656166849	3.37889238814025	0.0011507319734009869	0.012131619481582702
scheme_c	54	55	80.682	80.512	-0.1700000000000017	10	3	0	7	0.00030617636494529134	0.0009456358804086351	0.02040816326530612	3.605006782638604	3.60475318354926	0.00025359908934419195	0.021685335419594467
scheme_c	54	55	80.682	80.512	-0.1700000000000017	10	3	0	8	0.0007711403180719228	0.0012626073894914658	0.05612244897959184	3.14555922226404	3.151117983649597	0.005558761385556998	0.05871207282571093
scheme_c	54	55	80.682	80.512	-0.1700000000000017	10	3	0	9	0.00018100369579841644	0.0004393392495986026	0.030612244897959183	3.4008628316296887	3.3974629604802526	0.0033998711494360734	0.031572574958299814
scheme_c	54	55	80.682	80.512	-0.1700000000000017	10	3	0	10	0.0007973961303042203	0.0015251453403496429	0.04591836734693878	3.3296504421722246	3.3416677384200963	0.012017296247871734	0.04944263844237981
scheme_c	54	55	80.682	80.512	-0.1700000000000017	10	3	0	11	0.000679415833299465	0.0011969453594401491	0.030612244897959183	3.332000508385365	3.3315611888380565	0.00043931954730869194	0.03253253804542967
scheme_c	54	55	80.682	80.512	-0.1700000000000017	10	3	0	12	0.0006182883181006524	0.0012763359694160092	0.05612244897959184	3.2505552161933164	3.2534184939919513	0.0028632777986348223	0.05830340104697198
scheme_c	54	55	80.682	80.512	-0.1700000000000017	10	3	0	13	0.0006160249736006679	0.0009326060401628755	0.025510204081632654	3.403492240020556	3.4148609706728714	0.011368730652315584	0.028195708160627758
scheme_c	54	55	80.682	80.512	-0.1700000000000017	10	3	0	14	0.00028326635640315163	0.0005911044181068359	0.02040816326530612	3.3584147041336525	3.3568413736674403	0.0015733304662122194	0.02143986708643733
scheme_c	54	55	80.682	80.512	-0.1700000000000017	10	3	0	15	0.000629913731549061	0.0009553322637801953	0.01020408163265306	3.0917224098876512	3.0850581584248573	0.006664251462793924	0.01245575277426171
scheme_c	54	55	80.682	80.512	-0.1700000000000017	10	3	0	16	0.0007343590807160616	0.0013118672580347823	0.04081632653061224	3.3688751927308505	3.366481782815075	0.002393409915775635	0.04310189386094065
scheme_c	54	55	80.682	80.512	-0.1700000000000017	10	3	0	17	0.0007624973796165804	0.00140765859276748	0.04081632653061224	3.2631171652091586	3.2695504929434023	0.0064333277342436546	0.043629815276420666
scheme_c	54	55	80.682	80.512	-0.1700000000000017	10	3	0	18	0.0004903751880585169	0.0011673520010473393	0.01020408163265306	3.579518389339561	3.576983088122267	0.0025353012172937284	0.012115338943488289
scheme_c	54	55	80.682	80.512	-0.1700000000000017	10	3	0	19	0.0006138686947640359	0.0010383578839830987	0.015306122448979591	3.3710942282101524	3.361402236182353	0.009691992027799579	0.01792754823050668
scheme_c	54	55	80.682	80.512	-0.1700000000000017	10	3	0	20	0.0006568448375498337	0.0009975977623843946	0.061224489795918366	2.9883964648803807	2.984996721022068	0.003399743858312654	0.06321890678168386
scheme_c	54	55	80.682	80.512	-0.1700000000000017	10	3	0	21	0.00024150505639395367	0.0007803862643185333	0.05102040816326531	3.5369843676219848	3.536820779345999	0.00016358827598583758	0.052058658311576377
scheme_c	54	55	80.682	80.512	-0.1700000000000017	10	3	0	22	0.0008015748637020063	0.0013797324985047599	0.03571428571428571	3.318565881550654	3.3234596642312564	0.0048937826806025875	0.03838497134455274
scheme_c	54	55	80.682	80.512	-0.1700000000000017	10	3	0	23	0.0007748528953336035	0.0013249830027538545	0.025510204081632654	3.239696684265211	3.239434250747088	0.0002624335181229398	0.027636283331532407
scheme_c	54	55	80.682	80.512	-0.1700000000000017	11	3	1	0	3.410290603470701e-05	0.00010719663980229832	0.0	3.4244142896999406	3.425327682251935	0.0009133925519946295	0.0002326388010364683
scheme_c	54	55	80.682	80.512	-0.1700000000000017	11	3	1	1	0.0005633938944790098	0.0015901778968473446	0.015306122448979591	3.557014350486482	3.586653493889782	0.029639143403299872	0.020423608580635935
scheme_c	54	55	80.682	80.512	-0.1700000000000017	11	3	1	2	0.00039723621842403616	0.0008496708665320929	0.03571428571428571	3.4902541220827428	3.4893433000422065	0.0009108220405362744	0.03705227500329547
scheme_c	54	55	80.682	80.512	-0.1700000000000017	11	3	1	3	0.00041450472341037436	0.0008434001674422209	0.02040816326530612	3.514839793717995	3.5209206848516694	0.006080891133674271	0.02227415726952614
scheme_c	54	55	80.682	80.512	-0.1700000000000017	11	3	1	4	0.0076250821272618625	0.010821856626855864	0.00510204081632653	3.191099567683206	3.4147647504542995	0.22366518277109337	0.045915497847553596
scheme_c	54	55	80.682	80.512	-0.1700000000000017	11	3	1	5	0.00011316116824185962	0.00030047565306756674	0.03571428571428571	3.520289431585515	3.5226592617713037	0.002369830185788846	0.03636490555417402
scheme_c	54	55	80.682	80.512	-0.1700000000000017	11	3	1	6	0.00046344275295894465	0.0008712129762111775	0.03571428571428571	3.4054806593963667	3.4171836791930748	0.01170301979670807	0.038219243423126645
scheme_c	54	55	80.682	80.512	-0.1700000000000017	11	3	1	7	0.00031596851820812216	0.0008506033801712887	0.02040816326530612	3.6098152127490177	3.6153468595099336	0.005531646760915887	0.02212789983977712
scheme_c	54	55	80.682	80.512	-0.1700000000000017	11	3	1	8	0.0004485292904182534	0.0008643630908917732	0.04081632653061224	3.449281164857814	3.4638687988915833	0.01458763403376917	0.04358798231529919
scheme_c	54	55	80.682	80.512	-0.1700000000000017	11	3	1	9	0.00044652665778736097	0.0007071855614662059	0.01020408163265306	3.3048281317836428	3.3223959390636746	0.017567807280031822	0.013114574579909808
scheme_c	54	55	80.682	80.512	-0.1700000000000017	11	3	1	10	0.00038289965014485995	0.0009458336905531217	0.015306122448979591	3.5375755887781533	3.5569180534368816	0.019342464658728353	0.018569102255550408
scheme_c	54	55	80.682	80.512	-0.1700000000000017	11	3	1	11	0.00035244791952478453	0.0007348626516734402	0.00510204081632653	3.521857434391108	3.526690256747848	0.004832822356739985	0.006672633623198753
scheme_c	54	55	80.682	80.512	-0.1700000000000017	11	3	1	12	0.00028050873404517686	0.0005830140537903539	0.04081632653061224	3.452854068121581	3.460152817856276	0.007298749734694798	0.04240972429191725
scheme_c	54	55	80.682	80.512	-0.1700000000000017	11	3	1	13	0.00034190454166188296	0.0008204254725315829	0.03571428571428571	3.5580975127020564	3.5633401833282483	0.005242670626191881	0.03740088279109837
scheme_c	54	55	80.682	80.512	-0.1700000000000017	11	3	1	14	0.00022304296271580146	0.0006136525334471399	0.03571428571428571	3.56790887842	3.5648318580414804	0.003077020378519535	0.036858683248300605
scheme_c	54	55	80.682	80.512	-0.1700000000000017	11	3	1	15	0.000321191346405886	0.0008940977721919596	0.04081632653061224	3.6277560520904024	3.6332281739996173	0.0054721219092148665	0.042578827840131575
scheme_c	54	55	80.682	80.512	-0.1700000000000017	11	3	1	16	0.000313575454393249	0.0008557315075194971	0.04081632653061224	3.610058807118529	3.6104460379252745	0.00038723080674563093	0.04202435657319955
scheme_c	54	55	80.682	80.512	-0.1700000000000017	11	3	1	17	0.0003840581816234868	0.0010797129107046333	0.02040816326530612	3.540958278140378	3.5557797891474383	0.014821511007060195	0.02335408545834026
scheme_c	54	55	80.682	80.512	-0.1700000000000017	11	3	1	18	0.008091548106192455	0.007528263056465367	0.025510204081632654	3.068779119260997	3.2989355173425357	0.23015639808153887	0.06414565505244436
scheme_c	54	55	80.682	80.512	-0.1700000000000017	11	3	1	19	0.00044056070494643103	0.0007883090464686493	0.01020408163265306	3.431500999930411	3.441949691853813	0.01044869192340192	0.012477820576408333
scheme_c	54	55	80.682	80.512	-0.1700000000000017	11	3	1	20	0.00042473670925404107	0.000935137216905968	0.030612244897959183	3.5161016100487466	3.517889074744443	0.0017874646956963502	0.032150865293688824
scheme_c	54	55	80.682	80.512	-0.1700000000000017	11	3	1	21	0.0004863854818372679	0.001055407574117484	0.015306122448979591	3.4080629022027007	3.4316802281124037	0.023617325909703002	0.01920964809590464
scheme_c	54	55	80.682	80.512	-0.1700000000000017	11	3	1	22	0.0002888200484865326	0.0006408860627938884	0.015306122448979591	3.482954358960846	3.4901047850582874	0.007150426097441542	0.016950871170004166
scheme_c	54	55	80.682	80.512	-0.1700000000000017	11	3	1	23	0.00033496354750777574	0.0005832754083427982	0.025510204081632654	3.3094101917708443	3.315097924572861	0.005687732802016843	0.02699721631768491
scheme_c	55	56	80.512	80.528	0.016000000000005343	0	0	0	0	7.749261728449177e-07	2.5543360999691345e-06	0.0	3.7755576824190604	3.77596024330951	0.00040256089044943266	4.358535131775732e-05
scheme_c	55	56	80.512	80.528	0.016000000000005343	0	0	0	1	4.7665795721692544e-07	1.2639843349759872e-07	0.0	2.23618459365691	2.236025288103718	0.0001593055531921017	1.6533611709924697e-05
scheme_c	55	56	80.512	80.528	0.016000000000005343	0	0	0	2	9.672038737490408e-07	3.528512311778975e-06	0.00510204081632653	3.824416842746376	3.8244864411920148	6.959844563869666e-05	0.005113496377075927
scheme_c	55	56	80.512	80.528	0.016000000000005343	1	0	1	0	3.0783228769936325e-06	9.929642705408526e-06	0.02040816326530612	3.7238338916769496	3.7240157427975213	0.00018185112057178543	0.020439356342945702
scheme_c	55	56	80.512	80.528	0.016000000000005343	1	0	1	1	5.0519397651699165e-06	1.7871313144901535e-06	0.00510204081632653	2.046923213901581	2.0496211176680816	0.0026979037665006977	0.00537867026405626
scheme_c	55	56	80.512	80.528	0.016000000000005343	1	0	1	2	2.595435344535401e-06	8.732195376226493e-06	0.00510204081632653	3.736129337668727	3.736060754916307	6.858275241983236e-05	0.0051202267222892756
scheme_c	55	56	80.512	80.528	0.016000000000005343	2	1	0	0	4.390279118058807e-06	1.2630347065445413e-05	0.025510204081632654	3.7907967489359002	3.79071969617529	7.705276061020783e-05	0.02553492998387718
scheme_c	55	56	80.512	80.528	0.016000000000005343	2	1	0	1	7.56639943575776e-06	2.4610805020253146e-05	0.02040816326530612	3.7763750972434726	3.776230469310339	0.0001446279331336342	0.020454803263075496
scheme_c	55	56	80.512	80.528	0.016000000000005343	2	1	0	2	2.443701366708951e-05	3.739785455758593e-06	0.0	1.7695608730494417	1.7713708020986318	0.0018099290491901954	0.00020916970404186765
scheme_c	55	56	80.512	80.528	0.016000000000005343	2	1	0	3	6.219179300527664e-05	4.856559882360223e-06	0.03571428571428571	1.4099425421417575	1.4342204146740885	0.024277872532330935	0.03820912132040644
scheme_c	55	56	80.512	80.528	0.016000000000005343	2	1	0	4	4.395656399545857e-05	2.1276707289352714e-06	0.04081632653061224	0.8199179208819973	0.8310190622931529	0.01110114141115559	0.041972524906452195
scheme_c	55	56	80.512	80.528	0.016000000000005343	2	1	0	5	3.0817723730192136e-05	1.6176226934616622e-06	0.04081632653061224	0.9792998446682479	0.9830018720062725	0.003702027338024605	0.041218964610838356
scheme_c	55	56	80.512	80.528	0.016000000000005343	3	1	1	0	4.217085638347096e-06	6.4093653007191165e-06	0.0	3.090630634427648	3.0904020538547443	0.00022858057290386924	3.348450822945314e-05
scheme_c	55	56	80.512	80.528	0.016000000000005343	3	1	1	1	3.321546900455588e-05	1.0492569529674256e-05	0.0	1.9045996750882928	1.9139032174169428	0.00930354232865005	0.0009740622713992352
scheme_c	55	56	80.512	80.528	0.016000000000005343	3	1	1	2	2.156471237660735e-05	2.5472785780689122e-05	0.00510204081632653	3.0303685191253584	3.033844068658387	0.0034755495330287545	0.0054966332677867024
scheme_c	55	56	80.512	80.528	0.016000000000005343	3	1	1	3	3.396504391642539e-05	7.033474767026426e-05	0.030612244897959183	3.404550659004353	3.4062042003629545	0.001653541358601629	0.030881898825406037
scheme_c	55	56	80.512	80.528	0.016000000000005343	3	1	1	4	1.93399322984961e-05	1.2196167605060815e-05	0.00510204081632653	2.733745150608211	2.7373592306385124	0.003614080030301281	0.005494984919260215
scheme_c	55	56	80.512	80.528	0.016000000000005343	3	1	1	5	1.2767641823117187e-05	2.264091544379454e-05	0.00510204081632653	3.2824137686116135	3.2829691453754872	0.0005553767638737384	0.005192987049980816
scheme_c	55	56	80.512	80.528	0.016000000000005343	4	2	0	0	2.584720563619495e-05	1.7071088933229284e-05	0.0	2.6209193885700195	2.622566341363605	0.001646952793585399	0.00020761357392796412
scheme_c	55	56	80.512	80.528	0.016000000000005343	4	2	0	1	2.4616844196406305e-05	3.1428400268040946e-05	0.015306122448979591	3.4198758037656636	3.419423316891708	0.00045248687395549325	0.01540741638083959
scheme_c	55	56	80.512	80.528	0.016000000000005343	4	2	0	2	4.54297341865857e-05	0.00011830105833887661	0.02040816326530612	3.6216312138725475	3.6224168950087994	0.0007856811362518812	0.02065046217145677
scheme_c	55	56	80.512	80.528	0.016000000000005343	4	2	0	3	6.161953888874085e-05	0.0001843283380505989	0.05102040816326531	3.6983254747685956	3.699343839081748	0.0010183643131522757	0.05136819247151987
scheme_c	55	56	80.512	80.528	0.016000000000005343	4	2	0	4	2.7073947379113882e-05	8.844777484995348e-05	0.04081632653061224	3.7763611555806444	3.775947865059929	0.00041329052071548134	0.04097317730491286
scheme_c	55	56	80.512	80.528	0.016000000000005343	4	2	0	5	2.9132456928298453e-05	8.527306961436665e-06	0.00510204081632653	2.1112686129919496	2.11155952665443	0.00029091366248046313	0.005168791946464311
scheme_c	55	56	80.512	80.528	0.016000000000005343	4	2	0	6	3.966920848058732e-05	1.0520591391505185e-05	0.01020408163265306	2.2559242630244003	2.259325493636713	0.003401230612312567	0.01059439449375641
scheme_c	55	56	80.512	80.528	0.016000000000005343	4	2	0	7	2.7206888570301933e-05	9.534976895320124e-05	0.08673469387755102	3.836214980256989	3.8362353970020813	2.0416745092344257e-05	0.08685929220958376
scheme_c	55	56	80.512	80.528	0.016000000000005343	4	2	0	8	4.054277922186526e-05	0.00015192089736204561	0.07653061224489796	3.8503825047692684	3.850105037044481	0.000277467724787428	0.07675082269396062
scheme_c	55	56	80.512	80.528	0.016000000000005343	4	2	0	9	1.5461289945180756e-05	3.07963334542638e-05	0.015306122448979591	3.375675711943128	3.376998022112396	0.0013223101692676487	0.015484611089305801
scheme_c	55	56	80.512	80.528	0.016000000000005343	4	2	0	10	4.261189997466601e-05	8.590821368947843e-06	0.0	2.0984423456114523	2.1008947033258343	0.002452357714382014	0.00029643849278181524
scheme_c	55	56	80.512	80.528	0.016000000000005343	4	2	0	11	2.986935116061704e-05	5.9830272478578195e-06	0.00510204081632653	1.9346320285957852	1.9359003712774647	0.001268342681679524	0.005264727462902958
scheme_c	55	56	80.512	80.528	0.016000000000005343	5	2	1	0	7.357689765319634e-05	0.00011930647164515307	0.01020408163265306	3.2059712601497647	3.206029131934239	5.7871784474361476e-05	0.010402752180398846
scheme_c	55	56	80.512	80.528	0.016000000000005343	5	2	1	1	4.4384572861661855e-05	0.0001073600131057395	0.03571428571428571	3.5589431560380023	3.559255598521797	0.00031244248379458384	0.03589727454863257
scheme_c	55	56	80.512	80.528	0.016000000000005343	5	2	1	2	4.056758240663603e-05	9.609639671326331e-05	0.01020408163265306	3.387698401286393	3.389520460068758	0.0018220587823649659	0.010522951490009457
scheme_c	55	56	80.512	80.528	0.016000000000005343	5	2	1	3	5.390185435398342e-05	3.024368278092826e-05	0.0	2.5115543624467045	2.5126089931268685	0.0010546306801639815	0.00018960860515130983
scheme_c	55	56	80.512	80.528	0.016000000000005343	5	2	1	4	5.6346478356943756e-05	4.022929033387079e-05	0.01020408163265306	2.533428664318756	2.534298931660321	0.0008702673415652562	0.0103876841355004
scheme_c	55	56	80.512	80.528	0.016000000000005343	5	2	1	5	4.5506235582460353e-05	1.0435633836514135e-05	0.00510204081632653	2.16305361867373	2.1621811617970987	0.0008724568766314	0.0052452283734086445
scheme_c	55	56	80.512	80.528	0.016000000000005343	5	2	1	6	4.7490749616016186e-05	7.610082622588887e-05	0.00510204081632653	3.172951318785688	3.1723330644143255	0.0006182543713624256	0.005287457829304678
scheme_c	55	56	80.512	80.528	0.016000000000005343	5	2	1	7	2.2393827503579772e-05	1.1198437719572851e-05	0.0	2.105290336953684	2.1058440511098926	0.000553714156208418	8.896368084399442e-05
scheme_c	55	56	80.512	80.528	0.016000000000005343	5	2	1	8	3.263113707619773e-05	1.0438383220012781e-05	0.00510204081632653	2.1706777358775287	2.174388598143777	0.0037108622662485047	0.005516196563247591
scheme_c	55	56	80.512	80.528	0.016000000000005343	5	2	1	9	8.812029931349612e-05	0.0002150834489211828	0.03571428571428571	3.5457052408437546	3.545782089942823	7.684909906835458e-05	0.03602517437242723
scheme_c	55	56	80.512	80.528	0.016000000000005343	5	2	1	10	0.00010100012720791961	0.00013041916192191305	0.02040816326530612	3.0724415312850963	3.073872532655224	0.001431001370127749	0.02078268269144873
scheme_c	55	56	80.512	80.528	0.016000000000005343	5	2	1	11	8.768898940744666e-05	0.00010710881565545449	0.02040816326530612	2.98509218750047	2.986237782859253	0.0011455953587828915	0.020717520606247312
scheme_c	55	56	80.512	80.528	0.016000000000005343	6	2	2	0	6.409611938568851e-05	0.00020662009097727196	0.030612244897959183	3.7525805576285567	3.752976147170111	0.0003955895415543864	0.03092252006247758
scheme_c	55	56	80.512	80.528	0.016000000000005343	6	2	2	1	0.00020145694453539923	0.0008218273473853399	0.04081632653061224	3.673434321305693	3.675376711798552	0.0019423904928590474	0.042033849871818886
scheme_c	55	56	80.512	80.528	0.016000000000005343	6	2	2	2	9.508283111501621e-05	0.0002966172909227849	0.05612244897959184	3.7212410837686343	3.720856709060066	0.00038437470856811373	0.05655258657248645
scheme_c	55	56	80.512	80.528	0.016000000000005343	6	2	2	3	3.138747467334777e-05	6.499092277845175e-05	0.04591836734693878	3.5955381306224243	3.5958449307643625	0.0003068001419381794	0.0460454257585844
scheme_c	55	56	80.512	80.528	0.016000000000005343	6	2	2	4	9.845999263680985e-05	0.00025266210638563713	0.04591836734693878	3.6265393449081516	3.626944629317956	0.00040528440980436287	0.04631001788694166
scheme_c	55	56	80.512	80.528	0.016000000000005343	6	2	2	5	1.74241986766778e-05	2.470308137259014e-05	0.0	2.60389278996804	2.603153849225457	0.0007389407425830719	0.00011602135430757513
scheme_c	55	56	80.512	80.528	0.016000000000005343	6	2	2	6	3.130412160509354e-05	0.00010769427813039911	0.03571428571428571	3.8182771747431574	3.8182708572879385	6.317455218951551e-06	0.0358539158595431
scheme_c	55	56	80.512	80.528	0.016000000000005343	6	2	2	7	5.758407931735732e-05	5.421878874900532e-05	0.015306122448979591	3.010765318588598	3.0104179430888656	0.0003473754997322942	0.015452662867019185
scheme_c	55	56	80.512	80.528	0.016000000000005343	6	2	2	8	7.527002734620993e-05	0.00014809108042967978	0.025510204081632654	3.434291405324743	3.4321195147015886	0.002171890623154482	0.025950754251723992
scheme_c	55	56	80.512	80.528	0.016000000000005343	6	2	2	9	6.23072482908025e-05	5.135071368222999e-05	0.00510204081632653	2.669626306262543	2.6701845048061656	0.0005581985436227122	0.005271518632661834
scheme_c	55	56	80.512	80.528	0.016000000000005343	6	2	2	10	7.441942732829807e-05	7.360994889205053e-05	0.02040816326530612	2.8400784419870813	2.8389632893496963	0.0011151526373849308	0.02066770790526496
scheme_c	55	56	80.512	80.528	0.016000000000005343	6	2	2	11	4.938785504685279e-05	0.00015214756051384892	0.05612244897959184	3.7378378772118097	3.736955775979095	0.0008821012327149269	0.05641219451842403
scheme_c	55	56	80.512	80.528	0.016000000000005343	7	2	3	0	7.806450815243169e-05	6.200230796138406e-05	0.01020408163265306	2.719410658404863	2.720802735496919	0.00139207709205591	0.010483356157972466
scheme_c	55	56	80.512	80.528	0.016000000000005343	7	2	3	1	0.00011628272601418243	4.034728512614105e-05	0.00510204081632653	2.448975143581394	2.44847248711096	0.0005026564704335712	0.005308936474510211
scheme_c	55	56	80.512	80.528	0.016000000000005343	7	2	3	2	8.547462179006565e-05	6.6231629742175e-05	0.00510204081632653	2.6787348619641254	2.6799718148585385	0.001236952894413168	0.005377442357300088
scheme_c	55	56	80.512	80.528	0.016000000000005343	7	2	3	3	3.502943165805906e-05	9.161239149291234e-05	0.01020408163265306	3.611356480945662	3.6120372401540672	0.0006807592084050462	0.010398799376644537
scheme_c	55	56	80.512	80.528	0.016000000000005343	7	2	3	4	8.682390759986644e-05	0.0002291835053567226	0.03571428571428571	3.5944129905959676	3.595116989090767	0.0007039984947994071	0.03610069297672224
scheme_c	55	56	80.512	80.528	0.016000000000005343	7	2	3	5	7.784540035285473e-05	4.4076373075019326e-05	0.015306122448979591	2.223290308113031	2.227602271088461	0.004311962975430017	0.015859240519950468
scheme_c	55	56	80.512	80.528	0.016000000000005343	7	2	3	6	0.00011313149570708111	0.00024790417499698236	0.02040816326530612	3.485091151629903	3.486226024363038	0.0011348727331350617	0.02088268620932369
scheme_c	55	56	80.512	80.528	0.016000000000005343	7	2	3	7	7.497443889777934e-05	0.00015531817955327654	0.025510204081632654	3.392264925400069	3.39322929574281	0.0009643703427411054	0.025836933734357817
scheme_c	55	56	80.512	80.528	0.016000000000005343	7	2	3	8	5.709494508488192e-05	9.562194423029524e-05	0.025510204081632654	3.114825621919204	3.114928687204233	0.00010306528502912471	0.025673227499450745
scheme_c	55	56	80.512	80.528	0.016000000000005343	7	2	3	9	0.00011104530057181192	0.00022148713034753076	0.02040816326530612	3.4226748211841267	3.423197473365246	0.0005226521811194651	0.02079296091433741
scheme_c	55	56	80.512	80.528	0.016000000000005343	7	2	3	10	5.960068456006392e-05	3.624641492727676e-05	0.01020408163265306	2.043323013077659	2.045581854560371	0.0022588414827118264	0.010525812880411583
scheme_c	55	56	80.512	80.528	0.016000000000005343	7	2	3	11	0.00012054151295877634	0.00031905477700944207	0.025510204081632654	3.6630458589997943	3.663402906048957	0.0003570470491625066	0.025985505076517125
scheme_c	55	56	80.512	80.528	0.016000000000005343	8	2	4	0	0.00013771564423400445	0.0003108639453830442	0.01020408163265306	3.5844417610790464	3.5855846293536557	0.0011428682746092989	0.010766948049731039
scheme_c	55	56	80.512	80.528	0.016000000000005343	8	2	4	1	0.00010215751178108349	0.00025932620154345276	0.061224489795918366	3.6184956120304763	3.618885879781753	0.0003902677512765962	0.06162500028437056
scheme_c	55	56	80.512	80.528	0.016000000000005343	8	2	4	2	0.0001248630866540226	0.000402176238383567	0.05612244897959184	3.7678666563835	3.7683641407775172	0.0004974843940170892	0.056699236744031135
scheme_c	55	56	80.512	80.528	0.016000000000005343	8	2	4	3	0.0001240438667921539	0.0003435248719856343	0.04591836734693878	3.6962042242654354	3.6962174039437588	1.3179678323371746e-05	0.046387254053548904
scheme_c	55	56	80.512	80.528	0.016000000000005343	8	2	4	4	0.0010516266180385441	0.004391952698878265	0.07653061224489796	3.5239900166688467	3.5670506940943008	0.04306067742545405	0.08628025930436017
scheme_c	55	56	80.512	80.528	0.016000000000005343	8	2	4	5	0.00012257237521236594	0.0002243232710489318	0.02040816326530612	3.4236781575982773	3.425033990958962	0.0013558333606846773	0.020890642247635885
scheme_c	55	56	80.512	80.528	0.016000000000005343	8	2	4	6	8.043662426634807e-05	0.0002465144269924169	0.05102040816326531	3.703053812658959	3.7027097288020645	0.0003440838568944393	0.05138176760021352
scheme_c	55	56	80.512	80.528	0.016000000000005343	8	2	4	7	0.0001033510632502604	0.0003037019366217697	0.04591836734693878	3.677575638043008	3.677805844779312	0.00023020673630425037	0.046348441020441236
scheme_c	55	56	80.512	80.528	0.016000000000005343	8	2	4	8	4.4877708736341354e-05	0.00010604287239279753	0.025510204081632654	3.5428391363527325	3.5430548401574873	0.00021570380475477435	0.02568269504323727
scheme_c	55	56	80.512	80.528	0.016000000000005343	8	2	4	9	0.00020997840776895889	0.000531434308218337	0.061224489795918366	3.609915981619624	3.6129169752198234	0.003000993600199564	0.062266001871925616
scheme_c	55	56	80.512	80.528	0.016000000000005343	8	2	4	10	8.896870737504232e-05	0.00019332298173480034	0.03571428571428571	3.546068837173266	3.546455037163199	0.000386199989933278	0.036035197402388884
scheme_c	55	56	80.512	80.528	0.016000000000005343	8	2	4	11	0.00013291242022441086	0.00033537565976526906	0.04591836734693878	3.594295987356331	3.5953322911374475	0.001036303781116299	0.04649028580504009
scheme_c	55	56	80.512	80.528	0.016000000000005343	9	2	5	0	0.00014180178131756484	0.0002588801441698596	0.03571428571428571	3.214819714002029	3.2152330605665496	0.00041334656452063356	0.0361563022962252
scheme_c	55	56	80.512	80.528	0.016000000000005343	9	2	5	1	0.00013323279679352642	0.00023591545322754204	0.02040816326530612	3.2077741591696496	3.208079261624349	0.0003051024546993908	0.02080782176079713
scheme_c	55	56	80.512	80.528	0.016000000000005343	9	2	5	2	0.00013467006642421767	8.662488078636787e-05	0.030612244897959183	2.913447938849411	2.9071474563625492	0.006300482486861547	0.031463588093855924
scheme_c	55	56	80.512	80.528	0.016000000000005343	9	2	5	3	0.00013439924846238505	0.0002974528887077499	0.025510204081632654	3.3785386301576263	3.377896806214211	0.0006418239434151651	0.026006238613144307
scheme_c	55	56	80.512	80.528	0.016000000000005343	9	2	5	4	9.396243721387641e-05	0.0001487113929359296	0.01020408163265306	3.064673678296196	3.062485451277539	0.002188227018657063	0.010665578164668572
scheme_c	55	56	80.512	80.528	0.016000000000005343	9	2	5	5	4.927276365379543e-05	0.000122627264401598	0.030612244897959183	3.511746304367425	3.511736720829409	9.583538016055826e-06	0.030785103279816182
scheme_c	55	56	80.512	80.528	0.016000000000005343	9	2	5	6	0.00013815138189194416	0.0003718924295731396	0.05612244897959184	3.6541929835577864	3.655858211619233	0.0016652280614466441	0.05679901559720159
scheme_c	55	56	80.512	80.528	0.016000000000005343	9	2	5	7	0.00015526118119160392	0.0003355659909586306	0.05102040816326531	3.4151634000117466	3.4155398201022082	0.0003764200904616821	0.051548877344461716
scheme_c	55	56	80.512	80.528	0.016000000000005343	9	2	5	8	9.479892472323032e-05	0.00011514574570636871	0.01020408163265306	3.02408176975271	3.0250170209758527	0.0009352512231428634	0.010507551425396945
scheme_c	55	56	80.512	80.528	0.016000000000005343	9	2	5	9	0.00013802454926803312	0.0002493879780322006	0.025510204081632654	3.2743710163122994	3.274907214156663	0.0005361978443634285	0.025951236393369232
scheme_c	55	56	80.512	80.528	0.016000000000005343	9	2	5	10	0.00013554209422043898	0.0002606684020810546	0.03571428571428571	3.3004253322494606	3.3007537482828924	0.0003284160334318109	0.036143337813930386
scheme_c	55	56	80.512	80.528	0.016000000000005343	9	2	5	11	9.982113777413449e-05	0.00021042572126894754	0.04591836734693878	3.2922828495002596	3.29163066636184	0.0006521831384196375	0.04629383251982382
scheme_c	55	56	80.512	80.528	0.016000000000005343	10	3	0	0	0.0005589076747031079	0.0009065697875756396	0.03571428571428571	3.2917263653113	3.2938683860290006	0.0021420207177005324	0.037393965248334514
scheme_c	55	56	80.512	80.528	0.016000000000005343	10	3	0	1	0.0005692147250121295	0.0008950268705157916	0.05102040816326531	3.250689740878116	3.2593061750262606	0.008616434148144503	0.05334629317360768
scheme_c	55	56	80.512	80.528	0.016000000000005343	10	3	0	2	0.0007422511454151048	0.0007799619731506668	0.00510204081632653	3.230568502059793	3.2367988275431805	0.006230325483387311	0.007247286483231033
scheme_c	55	56	80.512	80.528	0.016000000000005343	10	3	0	3	0.0005446198488051231	0.0008192391615899908	0.015306122448979591	3.4032932824645585	3.397457760509114	0.005835521955444456	0.01725353365491915
scheme_c	55	56	80.512	80.528	0.016000000000005343	10	3	0	4	0.0005565422462861303	0.0007535514750853789	0.015306122448979591	3.3416661193242745	3.338478856741887	0.00318726258238744	0.016934942428589846
scheme_c	55	56	80.512	80.528	0.016000000000005343	10	3	0	5	0.0008654005295706771	0.0006640924181654517	0.0	2.859062149987469	2.860314600238562	0.0012524502510933289	0.0016547379728454618
scheme_c	55	56	80.512	80.528	0.016000000000005343	10	3	0	6	0.0005218142936763789	0.0007032213166386914	0.0	3.37889238814025	3.384940491264265	0.006048103124014936	0.001829845922716564
scheme_c	55	56	80.512	80.528	0.016000000000005343	10	3	0	7	0.0002099195216785673	0.0006056903775076838	0.02040816326530612	3.60475318354926	3.603164826710141	0.001588356839119065	0.021382608848404278
scheme_c	55	56	80.512	80.528	0.016000000000005343	10	3	0	8	0.0005829564666873337	0.0009055576275872612	0.05612244897959184	3.151117983649597	3.1508781397777827	0.00023984387181430478	0.05763494746104786
scheme_c	55	56	80.512	80.528	0.016000000000005343	10	3	0	9	0.00018587073705855526	0.0004951780670136019	0.030612244897959183	3.3974629604802526	3.401365950790451	0.003902990310198362	0.03168359273305118
scheme_c	55	56	80.512	80.528	0.016000000000005343	10	3	0	10	0.0005341115303148448	0.0008083560659507549	0.04591836734693878	3.3416677384200963	3.343360915365469	0.001693176945372521	0.04743015263774163
scheme_c	55	56	80.512	80.528	0.016000000000005343	10	3	0	11	0.0005482514038379704	0.0006435727622742249	0.02040816326530612	3.3315611888380565	3.331774208121541	0.00021301928348460564	0.021621289359766777
scheme_c	55	56	80.512	80.528	0.016000000000005343	10	3	0	12	0.0005092450963948932	0.0007983027450902958	0.04591836734693878	3.2534184939919513	3.259576483524555	0.006157989532603825	0.047841714141684345
scheme_c	55	56	80.512	80.528	0.016000000000005343	10	3	0	13	0.0007324076822065044	0.001131107006155485	0.030612244897959183	3.4148609706728714	3.3938244422736674	0.021036528399204002	0.034579412426241574
scheme_c	55	56	80.512	80.528	0.016000000000005343	10	3	0	14	0.0002510695517738759	0.000548912364466636	0.05102040816326531	3.3568413736674403	3.3622857443559426	0.005444370688502342	0.05236482714835605
scheme_c	55	56	80.512	80.528	0.016000000000005343	10	3	0	15	0.0005138703607723292	0.0006401568999434559	0.025510204081632654	3.0850581584248573	3.092279760499593	0.007221602074735767	0.027386391549822014
scheme_c	55	56	80.512	80.528	0.016000000000005343	10	3	0	16	0.0005092971494569187	0.0007151564974551272	0.025510204081632654	3.366481782815075	3.36986615379889	0.003384370983815277	0.027073094826926228
scheme_c	55	56	80.512	80.528	0.016000000000005343	10	3	0	17	0.0005520681732549353	0.0007247906955311079	0.025510204081632654	3.2695504929434023	3.270528455769914	0.0009779628265116358	0.02688485923306986
scheme_c	55	56	80.512	80.528	0.016000000000005343	10	3	0	18	0.0003875248845775787	0.0008651519764749649	0.015306122448979591	3.576983088122267	3.576439037168369	0.0005440509538980898	0.016613204405421942
scheme_c	55	56	80.512	80.528	0.016000000000005343	10	3	0	19	0.00041903705337340317	0.0006407229768017331	0.02040816326530612	3.361402236182353	3.3723410867311387	0.010938850548785961	0.022561808350359855
scheme_c	55	56	80.512	80.528	0.016000000000005343	10	3	0	20	0.0005908971377520245	0.0008913849708576116	0.05102040816326531	2.984996721022068	2.976594661972568	0.008402059049500199	0.053342896176824965
scheme_c	55	56	80.512	80.528	0.016000000000005343	10	3	0	21	0.00020617434716828934	0.0005893736499924529	0.05612244897959184	3.536820779345999	3.5375986430325996	0.0007778636866007105	0.05699578334541265
scheme_c	55	56	80.512	80.528	0.016000000000005343	10	3	0	22	0.0005908497901657185	0.0007579063550193776	0.030612244897959183	3.3234596642312564	3.3269429231959124	0.0034832589646560663	0.03230932693960989
scheme_c	55	56	80.512	80.528	0.016000000000005343	10	3	0	23	0.0005168093468483159	0.0005892220069704246	0.015306122448979591	3.239434250747088	3.238907625050241	0.0005266256968470273	0.016464816372483038
scheme_c	55	56	80.512	80.528	0.016000000000005343	11	3	1	0	3.8473013200128317e-05	0.00012700216709582435	0.0	3.425327682251935	3.425644409622721	0.00031672737078602964	0.00019714791737455563
scheme_c	55	56	80.512	80.528	0.016000000000005343	11	3	1	1	0.0002474803137165948	0.0006133963204747461	0.02040816326530612	3.586653493889782	3.5800966811655224	0.006556812724259675	0.02192472117192343
scheme_c	55	56	80.512	80.528	0.016000000000005343	11	3	1	2	0.00027076131816784646	0.0005406492309534272	0.03571428571428571	3.4893433000422065	3.491401494757891	0.0020581947156843583	0.03673151573497542
scheme_c	55	56	80.512	80.528	0.016000000000005343	11	3	1	3	0.00028178430519392806	0.0005694338105642904	0.030612244897959183	3.5209206848516694	3.516005868740462	0.004914816111207365	0.03195494462483814
scheme_c	55	56	80.512	80.528	0.016000000000005343	11	3	1	4	0.0006543369647166391	0.0011568904932166557	0.00510204081632653	3.4147647504542995	3.4461150636404794	0.03135031318617987	0.010048299592877813
scheme_c	55	56	80.512	80.528	0.016000000000005343	11	3	1	5	9.62552212560296e-05	0.0002810449874943721	0.025510204081632654	3.5226592617713037	3.5207691133785	0.00189014839280377	0.026076519129663432
scheme_c	55	56	80.512	80.528	0.016000000000005343	11	3	1	6	0.0002770556845314721	0.0004565249212882261	0.02040816326530612	3.4171836791930748	3.409771022275638	0.007412656917436866	0.021883009562869506
scheme_c	55	56	80.512	80.528	0.016000000000005343	11	3	1	7	0.0002381839473431772	0.0005861503161124215	0.04591836734693878	3.6153468595099336	3.6130325438802338	0.002314315629699859	0.046974133173364366
scheme_c	55	56	80.512	80.528	0.016000000000005343	11	3	1	8	0.00028235932367874666	0.0005400431155749841	0.04591836734693878	3.4638687988915833	3.4616354806858705	0.00223331820571282	0.04696410160676379
scheme_c	55	56	80.512	80.528	0.016000000000005343	11	3	1	9	0.000306625719397131	0.0005553617493082585	0.015306122448979591	3.3223959390636746	3.3230184999532324	0.0006225608895578105	0.01623036600664076
scheme_c	55	56	80.512	80.528	0.016000000000005343	11	3	1	10	0.00028413804147253	0.0006276549180387336	0.025510204081632654	3.5569180534368816	3.5472204121598017	0.00969764127707995	0.027391761168851912
scheme_c	55	56	80.512	80.528	0.016000000000005343	11	3	1	11	0.0002904514748475756	0.000629446257988997	0.02040816326530612	3.526690256747848	3.5270994061616796	0.0004091494138314111	0.021368975939525834
scheme_c	55	56	80.512	80.528	0.016000000000005343	11	3	1	12	0.00023627767969391737	0.00046746192090052485	0.025510204081632654	3.460152817856276	3.4603694142170864	0.00021659636081050593	0.026235603318308143
scheme_c	55	56	80.512	80.528	0.016000000000005343	11	3	1	13	0.0002713507734421508	0.0006352009754945209	0.030612244897959183	3.5633401833282483	3.5613395607395817	0.002000622588666623	0.03171885890576252
scheme_c	55	56	80.512	80.528	0.016000000000005343	11	3	1	14	0.00017346792105740755	0.0004011202107310208	0.02040816326530612	3.5648318580414804	3.5653781294422116	0.0005462714007311575	0.021037378537167663
scheme_c	55	56	80.512	80.528	0.016000000000005343	11	3	1	15	0.00024008280361943868	0.0005767471815304459	0.04081632653061224	3.6332281739996173	3.630319858275849	0.002908315723768151	0.04192398808813894
scheme_c	55	56	80.512	80.528	0.016000000000005343	11	3	1	16	0.0002225470784772345	0.0005651603658410886	0.030612244897959183	3.6104460379252745	3.6100548034116	0.00039123451367473194	0.03143907579364498
scheme_c	55	56	80.512	80.528	0.016000000000005343	11	3	1	17	0.00022592743081790948	0.0004976613016296483	0.030612244897959183	3.5557797891474383	3.5549472741378563	0.0008325150095820355	0.031419085131364946
scheme_c	55	56	80.512	80.528	0.016000000000005343	11	3	1	18	0.0007913030140867076	0.0010465216641087904	0.01020408163265306	3.2989355173425357	3.3276556329859153	0.028720115643379618	0.014913917875186521
scheme_c	55	56	80.512	80.528	0.016000000000005343	11	3	1	19	0.00031198118715624224	0.0005095604023983569	0.03571428571428571	3.441949691853813	3.446081770306775	0.004132078452962151	0.03694903514913653
scheme_c	55	56	80.512	80.528	0.016000000000005343	11	3	1	20	0.00028839540544926123	0.0006156940758098584	0.025510204081632654	3.517889074744443	3.5120850328562754	0.0058040418881675215	0.026994697751708527
scheme_c	55	56	80.512	80.528	0.016000000000005343	11	3	1	21	0.0002562111998935513	0.000409808396885758	0.01020408163265306	3.4316802281124037	3.42613463290569	0.005545595206713827	0.011424660750103751
scheme_c	55	56	80.512	80.528	0.016000000000005343	11	3	1	22	0.00018717104097865973	0.00037896764230671565	0.01020408163265306	3.4901047850582874	3.4829836448889497	0.007121140169337625	0.011482334332872199
scheme_c	55	56	80.512	80.528	0.016000000000005343	11	3	1	23	0.0003195009460043576	0.0005258796456043546	0.015306122448979591	3.315097924572861	3.3080179590055003	0.007079965567360791	0.016859499597324384
scheme_c	56	57	80.528	80.564	0.03599999999998715	0	0	0	0	9.235272935543165e-07	2.7424038046008903e-06	0.0	3.77596024330951	3.77568524460523	0.0002749987042798274	3.116580152613795e-05
scheme_c	56	57	80.528	80.564	0.03599999999998715	0	0	0	1	4.211808849322703e-07	1.1302883029529198e-07	0.0	2.236025288103718	2.235994932140684	3.0355963033912303e-05	3.569806018618793e-06
scheme_c	56	57	80.528	80.564	0.03599999999998715	0	0	0	2	1.2735146444575358e-06	5.045998327957157e-06	0.01020408163265306	3.8244864411920148	3.824328736086414	0.00015770510560075834	0.01022617165618555
scheme_c	56	57	80.528	80.564	0.03599999999998715	1	0	1	0	3.271705027458985e-06	1.0608956616642296e-05	0.01020408163265306	3.7240157427975213	3.7242861522310253	0.00027040943350398194	0.01024500323764756
scheme_c	56	57	80.528	80.564	0.03599999999998715	1	0	1	1	5.941919356300723e-06	1.3665239769755644e-06	0.0	2.0496211176680816	2.047224531714869	0.002396585953212682	0.00024696703865454447
scheme_c	56	57	80.528	80.564	0.03599999999998715	1	0	1	2	2.536108200562094e-06	8.563817245232919e-06	0.00510204081632653	3.736060754916307	3.736326075290915	0.0002653203746079136	0.005139672779233117
scheme_c	56	57	80.528	80.564	0.03599999999998715	2	1	0	0	4.761599029331122e-06	1.3501003845783899e-05	0.015306122448979591	3.79071969617529	3.790758877892741	3.918171745098675e-05	0.015328303223599805
scheme_c	56	57	80.528	80.564	0.03599999999998715	2	1	0	1	7.1332637030208905e-06	2.3360184883469692e-05	0.025510204081632654	3.776230469310339	3.7760733289607002	0.00015714034963876244	0.02555641156518302
scheme_c	56	57	80.528	80.564	0.03599999999998715	2	1	0	2	2.385310249076104e-05	3.44952657149733e-06	0.00510204081632653	1.7713708020986318	1.7747405160072363	0.0033697139086044103	0.00546631483624923
scheme_c	56	57	80.528	80.564	0.03599999999998715	2	1	0	3	4.035071302357605e-05	3.3314566707520754e-06	0.03571428571428571	1.4342204146740885	1.419496286148714	0.014724128525374525	0.03723038073651749
scheme_c	56	57	80.528	80.564	0.03599999999998715	2	1	0	4	3.254044999634395e-05	1.6409087062463357e-06	0.030612244897959183	0.8310190622931529	0.8280816711964528	0.002937391096700104	0.030940165366331783
scheme_c	56	57	80.528	80.564	0.03599999999998715	2	1	0	5	2.9734062839610946e-05	1.6716091502111396e-06	0.025510204081632654	0.9830018720062725	0.980576455833629	0.0024254161726435797	0.025784151370886833
scheme_c	56	57	80.528	80.564	0.03599999999998715	3	1	1	0	4.092637993025674e-06	7.060614792164799e-06	0.00510204081632653	3.0904020538547443	3.090674398031391	0.0002723441766465662	0.005140428486776377
scheme_c	56	57	80.528	80.564	0.03599999999998715	3	1	1	1	2.8283808723568785e-05	1.0382349754589626e-05	0.0	1.9139032174169428	1.906012467991465	0.00789074942547785	0.0008277411010259434
scheme_c	56	57	80.528	80.564	0.03599999999998715	3	1	1	2	2.278777706553148e-05	3.184292413183076e-05	0.0	3.033844068658387	3.032743075582298	0.0011009930760890185	0.0001647300088062641
scheme_c	56	57	80.528	80.564	0.03599999999998715	3	1	1	3	3.6214886842475456e-05	7.552568532498416e-05	0.025510204081632654	3.4062042003629545	3.4047588943442086	0.0014453060187458178	0.025766475255674694
scheme_c	56	57	80.528	80.564	0.03599999999998715	3	1	1	4	1.8541549269203834e-05	1.170599288158325e-05	0.00510204081632653	2.7373592306385124	2.7353382249851617	0.002021005653350727	0.005334388923812389
scheme_c	56	57	80.528	80.564	0.03599999999998715	3	1	1	5	1.1714026974803832e-05	2.0286530936886038e-05	0.0	3.2829691453754872	3.2825569410175093	0.0004122043579779522	7.322099370948509e-05
scheme_c	56	57	80.528	80.564	0.03599999999998715	4	2	0	0	2.9733508690691276e-05	2.142504621571728e-05	0.0	2.622566341363605	2.6215831510165843	0.000983190347020546	0.00014947758960846317
scheme_c	56	57	80.528	80.564	0.03599999999998715	4	2	0	1	2.3222584132311642e-05	3.072945667270677e-05	0.01020408163265306	3.419423316891708	3.4191526554384017	0.0002706614533063423	0.010285099818788713
scheme_c	56	57	80.528	80.564	0.03599999999998715	4	2	0	2	5.3528373797734105e-05	0.00014376540984639696	0.025510204081632654	3.6224168950087994	3.622914891988021	0.0004979969792215933	0.025757297563198944
scheme_c	56	57	80.528	80.564	0.03599999999998715	4	2	0	3	6.503720144374154e-05	0.00019217144495353722	0.0663265306122449	3.699343839081748	3.699750213922815	0.00040637484106698096	0.06662437674274888
scheme_c	56	57	80.528	80.564	0.03599999999998715	4	2	0	4	2.6722733476280247e-05	8.841103031898001e-05	0.04081632653061224	3.775947865059929	3.7764859993579414	0.000538134298012416	0.040985273724208744
scheme_c	56	57	80.528	80.564	0.03599999999998715	4	2	0	5	2.7388288743667508e-05	7.919729863359315e-06	0.00510204081632653	2.11155952665443	2.1110061823449193	0.000553344309510706	0.005192683265884628
scheme_c	56	57	80.528	80.564	0.03599999999998715	4	2	0	6	4.083882765512924e-05	9.94345707905353e-06	0.01020408163265306	2.259325493636713	2.2559282195508072	0.0033972740859056216	0.010594591325977806
scheme_c	56	57	80.528	80.564	0.03599999999998715	4	2	0	7	2.9575306937089434e-05	0.00010643484896577515	0.07653061224489796	3.8362353970020813	3.836252011144152	1.66141420705479e-05	0.07666828381500788
scheme_c	56	57	80.528	80.564	0.03599999999998715	4	2	0	8	3.5154811588917154e-05	0.00012890704581380863	0.10204081632653061	3.850105037044481	3.84999148080618	0.0001135562383010047	0.10221623380776344
scheme_c	56	57	80.528	80.564	0.03599999999998715	4	2	0	9	1.9068405780364247e-05	3.996017528173912e-05	0.015306122448979591	3.376998022112396	3.3744824048194864	0.0025156172929095	0.015616712759332645
scheme_c	56	57	80.528	80.564	0.03599999999998715	4	2	0	10	3.8189555435263914e-05	7.255199986455629e-06	0.0	2.1008947033258343	2.098688189592717	0.002206513733117088	0.0002660961287334284
scheme_c	56	57	80.528	80.564	0.03599999999998715	4	2	0	11	3.1010163399847854e-05	5.290655374468045e-06	0.0	1.9359003712774647	1.9347897767304065	0.0011105945470581968	0.0001473602734801356
scheme_c	56	57	80.528	80.564	0.03599999999998715	5	2	1	0	7.795823255906627e-05	0.00013004442769359859	0.015306122448979591	3.206029131934239	3.206655305345729	0.0006261734114900719	0.015576742450381265
scheme_c	56	57	80.528	80.564	0.03599999999998715	5	2	1	1	4.302103954864258e-05	0.00010785982160532726	0.03571428571428571	3.559255598521797	3.559220753808925	3.4844712871962e-05	0.035868651046726874
scheme_c	56	57	80.528	80.564	0.03599999999998715	5	2	1	2	3.889493261438249e-05	8.552388835503244e-05	0.00510204081632653	3.389520460068758	3.387522329178354	0.001998130890403793	0.005426272726336325
scheme_c	56	57	80.528	80.564	0.03599999999998715	5	2	1	3	5.615680612803463e-05	3.426338453349498e-05	0.00510204081632653	2.5126089931268685	2.5114080611215157	0.0012009320053527617	0.005312554207523336
scheme_c	56	57	80.528	80.564	0.03599999999998715	5	2	1	4	5.201806042221843e-05	2.9658471802584963e-05	0.00510204081632653	2.534298931660321	2.532939381774927	0.0013595498853939958	0.005319672337090733
scheme_c	56	57	80.528	80.564	0.03599999999998715	5	2	1	5	5.177014412390348e-05	1.4363376250936533e-05	0.0	2.1621811617970987	2.1628579831021946	0.0006768213050958316	0.0001338156508844232
scheme_c	56	57	80.528	80.564	0.03599999999998715	5	2	1	6	4.3510887670891634e-05	7.082283220927188e-05	0.00510204081632653	3.1723330644143255	3.172343328988537	1.0264574211493738e-05	0.005217400993627843
scheme_c	56	57	80.528	80.564	0.03599999999998715	5	2	1	7	2.1392039907423294e-05	9.48218508323162e-06	0.0	2.1058440511098926	2.10639519074166	0.0005511396317672279	8.59881881673777e-05
scheme_c	56	57	80.528	80.564	0.03599999999998715	5	2	1	8	3.100947032642354e-05	1.1012825352096911e-05	0.0	2.174388598143777	2.1722899974133734	0.002098600730403799	0.0002518823687189004
scheme_c	56	57	80.528	80.564	0.03599999999998715	5	2	1	9	8.825078914948877e-05	0.00021133713658727515	0.04591836734693878	3.545782089942823	3.5461985604580204	0.0004164705151974424	0.046259602324195286
scheme_c	56	57	80.528	80.564	0.03599999999998715	5	2	1	10	9.731564876913539e-05	0.00013119602993627577	0.025510204081632654	3.073872532655224	3.0725576606963005	0.001314871958923547	0.02587020295623042
scheme_c	56	57	80.528	80.564	0.03599999999998715	5	2	1	11	8.791075426988165e-05	0.00011010668570299309	0.015306122448979591	2.986237782859253	2.9861281172804617	0.00010966557879132921	0.015515106446831598
scheme_c	56	57	80.528	80.564	0.03599999999998715	6	2	2	0	6.31473042603534e-05	0.0001954998394675389	0.03571428571428571	3.752976147170111	3.753755250044389	0.0007791028742780703	0.03605084314544141
scheme_c	56	57	80.528	80.564	0.03599999999998715	6	2	2	1	0.0001218491652576094	0.0003893046767673436	0.05102040816326531	3.675376711798552	3.6813202944647356	0.005943582666183556	0.05212592027190861
scheme_c	56	57	80.528	80.564	0.03599999999998715	6	2	2	2	9.169082778174197e-05	0.0002897260613340391	0.03571428571428571	3.720856709060066	3.721958430597765	0.0011017215376987188	0.036205874757171366
scheme_c	56	57	80.528	80.564	0.03599999999998715	6	2	2	3	3.215169815555774e-05	7.081386537077794e-05	0.04081632653061224	3.5958449307643625	3.5962044095174512	0.0003594787530887267	0.04095523996944745
scheme_c	56	57	80.528	80.564	0.03599999999998715	6	2	2	4	0.00010084590302775458	0.0002575639298320054	0.04591836734693878	3.626944629317956	3.6280900067258943	0.0011453774079384083	0.046391314920592376
scheme_c	56	57	80.528	80.564	0.03599999999998715	6	2	2	5	2.3248824765428478e-05	4.2747233200635115e-05	0.00510204081632653	2.603153849225457	2.603784281527967	0.0006304323025099201	0.005231080104543586
scheme_c	56	57	80.528	80.564	0.03599999999998715	6	2	2	6	3.0572907804440376e-05	0.00010303677055523153	0.04081632653061224	3.8182708572879385	3.8185839329982585	0.000313075710320021	0.040981243780003916
scheme_c	56	57	80.528	80.564	0.03599999999998715	6	2	2	7	5.5276286774084227e-05	5.168361482288386e-05	0.015306122448979591	3.0104179430888656	3.0108048022647327	0.0003868591758671158	0.01545176826816327
scheme_c	56	57	80.528	80.564	0.03599999999998715	6	2	2	8	7.680953903889656e-05	0.00014844217176435137	0.025510204081632654	3.4321195147015886	3.4346529149646394	0.0025334002630508223	0.025988795818740983
scheme_c	56	57	80.528	80.564	0.03599999999998715	6	2	2	9	6.442373620600614e-05	4.5983346807498826e-05	0.0	2.6701845048061656	2.6696376542190996	0.00054685058706605	0.00016509214172010997
scheme_c	56	57	80.528	80.564	0.03599999999998715	6	2	2	10	6.752892127006004e-05	6.14135486641798e-05	0.015306122448979591	2.8389632893496963	2.83773002763482	0.0012332617148764768	0.015558391090401478
scheme_c	56	57	80.528	80.564	0.03599999999998715	6	2	2	11	5.1400036008681e-05	0.00016799506208053927	0.04591836734693878	3.736955775979095	3.7390516884404374	0.002095912461342664	0.04634735369116227
scheme_c	56	57	80.528	80.564	0.03599999999998715	7	2	3	0	8.100144571024637e-05	5.835321349612066e-05	0.0	2.720802735496919	2.7177435643584595	0.0030591711384593268	0.0004452717730522997
scheme_c	56	57	80.528	80.564	0.03599999999998715	7	2	3	1	0.00011440876777315947	3.989721993047368e-05	0.00510204081632653	2.44847248711096	2.4466348025147147	0.001837684596245559	0.005440115263654719
scheme_c	56	57	80.528	80.564	0.03599999999998715	7	2	3	2	8.329924442722472e-05	6.624944348743167e-05	0.01020408163265306	2.6799718148585385	2.679329702199911	0.0006421126586273473	0.010417841586430452
scheme_c	56	57	80.528	80.564	0.03599999999998715	7	2	3	3	3.171487286049089e-05	8.300036739050665e-05	0.01020408163265306	3.6120372401540672	3.611683072695039	0.00035416745902816515	0.010354213618806875
scheme_c	56	57	80.528	80.564	0.03599999999998715	7	2	3	4	8.951857692841743e-05	0.00022624899528600473	0.04591836734693878	3.595116989090767	3.5957826196184284	0.0006656305276613317	0.04630069797191933
scheme_c	56	57	80.528	80.564	0.03599999999998715	7	2	3	5	7.608052851395362e-05	4.071085680290576e-05	0.01020408163265306	2.227602271088461	2.224251674436907	0.0033505966515541274	0.010655932683125332
scheme_c	56	57	80.528	80.564	0.03599999999998715	7	2	3	6	0.00010922840348661763	0.0002537445779885461	0.015306122448979591	3.486226024363038	3.486939229503021	0.0007132051399829642	0.01574041594445305
scheme_c	56	57	80.528	80.564	0.03599999999998715	7	2	3	7	6.860077528068792e-05	0.00014236141614287767	0.03571428571428571	3.39322929574281	3.3942532486103283	0.0010239528675182186	0.0360276431924611
scheme_c	56	57	80.528	80.564	0.03599999999998715	7	2	3	8	6.144856054248672e-05	0.0001054424052322478	0.02040816326530612	3.114928687204233	3.115079954385553	0.00015126718131996952	0.02059018094921285
scheme_c	56	57	80.528	80.564	0.03599999999998715	7	2	3	9	0.00010470228226392504	0.00021651844063841352	0.015306122448979591	3.423197473365246	3.4242201359436155	0.00102266257836936	0.015729609429718867
scheme_c	56	57	80.528	80.564	0.03599999999998715	7	2	3	10	6.564371909871872e-05	4.452080727324059e-05	0.015306122448979591	2.045581854560371	2.041719271929545	0.0038625826308256173	0.015802545238434114
scheme_c	56	57	80.528	80.564	0.03599999999998715	7	2	3	11	0.00012153890732840433	0.00033507353343309454	0.02040816326530612	3.663402906048957	3.6644611936399936	0.0010582875910367662	0.020970604465171298
scheme_c	56	57	80.528	80.564	0.03599999999998715	8	2	4	0	0.00015401244707905257	0.00035772834292369105	0.025510204081632654	3.5855846293536557	3.5847151914965427	0.0008694378571130201	0.026108888657346698
scheme_c	56	57	80.528	80.564	0.03599999999998715	8	2	4	1	0.00010837651519624258	0.00027764661572582394	0.03571428571428571	3.618885879781753	3.6178514289193586	0.0010344508623942872	0.0362037539314472
scheme_c	56	57	80.528	80.564	0.03599999999998715	8	2	4	2	0.00013143850988031554	0.00041596345700822823	0.05102040816326531	3.7683641407775172	3.769615668369562	0.00125152759204461	0.05169296288935831
scheme_c	56	57	80.528	80.564	0.03599999999998715	8	2	4	3	0.00014753140072331722	0.00044679615491272084	0.04591836734693878	3.6962174039437588	3.695358166929307	0.0008592370144517858	0.046598618604019995
scheme_c	56	57	80.528	80.564	0.03599999999998715	8	2	4	4	0.0004988909779742158	0.0021012937281450483	0.030612244897959183	3.5670506940943008	3.5922454628746716	0.025194768780370858	0.035731906482115536
scheme_c	56	57	80.528	80.564	0.03599999999998715	8	2	4	5	0.00013806825898546424	0.00024928337004082035	0.03571428571428571	3.425033990958962	3.42439578651173	0.0006382044472319492	0.03616545778803519
scheme_c	56	57	80.528	80.564	0.03599999999998715	8	2	4	6	8.147903659406778e-05	0.00025776610198602334	0.05612244897959184	3.7027097288020645	3.7027896610323183	7.993223025382079e-05	0.05646968734119731
scheme_c	56	57	80.528	80.564	0.03599999999998715	8	2	4	7	0.00011516745577853456	0.0003560842806603626	0.030612244897959183	3.677805844779312	3.677723693938134	8.215084117813021e-05	0.031091711718515894
scheme_c	56	57	80.528	80.564	0.03599999999998715	8	2	4	8	4.513601040562579e-05	0.00010617381206889931	0.015306122448979591	3.5430548401574873	3.5430282398250856	2.6600332401649496e-05	0.015460092304694282
scheme_c	56	57	80.528	80.564	0.03599999999998715	8	2	4	9	0.00018324163951081754	0.00039844678724343385	0.05612244897959184	3.6129169752198234	3.616208020320861	0.003291045101037504	0.05703324191644984
scheme_c	56	57	80.528	80.564	0.03599999999998715	8	2	4	10	9.797983445084037e-05	0.000217069577273854	0.01020408163265306	3.546455037163199	3.546364401637656	9.063552554300358e-05	0.010528194596932055
scheme_c	56	57	80.528	80.564	0.03599999999998715	8	2	4	11	0.00013705218141552307	0.0003545423414437199	0.061224489795918366	3.5953322911374475	3.595845666331267	0.000513375193819332	0.06176742183815954
scheme_c	56	57	80.528	80.564	0.03599999999998715	9	2	5	0	0.0001491560624719031	0.00027212687927968826	0.025510204081632654	3.2152330605665496	3.2171968827641804	0.0019638221976308046	0.026127869243147327
scheme_c	56	57	80.528	80.564	0.03599999999998715	9	2	5	1	0.0001474396807713864	0.00028688323064418597	0.03571428571428571	3.208079261624349	3.2096450048264327	0.0015657432020836914	0.03630518294590965
scheme_c	56	57	80.528	80.564	0.03599999999998715	9	2	5	2	0.00015073985848542044	0.00011260337279384025	0.04591836734693878	2.9071474563625492	2.90514627638783	0.0020011799747190473	0.04638182857568994
scheme_c	56	57	80.528	80.564	0.03599999999998715	9	2	5	3	0.00014239474305748263	0.00031386111484266177	0.025510204081632654	3.377896806214211	3.3790176106940333	0.0011208044798221017	0.02607854038751501
scheme_c	56	57	80.528	80.564	0.03599999999998715	9	2	5	4	0.00010092005547844415	0.0001593604336949106	0.015306122448979591	3.062485451277539	3.0646049657399748	0.0021195144624357454	0.01577835438439652
scheme_c	56	57	80.528	80.564	0.03599999999998715	9	2	5	5	4.785894157329001e-05	0.00012387356187981702	0.025510204081632654	3.511736720829409	3.5124719501633948	0.0007352293339857319	0.025755459518484333
scheme_c	56	57	80.528	80.564	0.03599999999998715	9	2	5	6	0.0001508930385400386	0.00042174314652687617	0.05102040816326531	3.655858211619233	3.655379892446969	0.00047831917226393017	0.05164087626555861
scheme_c	56	57	80.528	80.564	0.03599999999998715	9	2	5	7	0.00016644318913745687	0.00039577886836872356	0.04591836734693878	3.4155398201022082	3.4178649862315833	0.002325166129375056	0.04671310601738247
scheme_c	56	57	80.528	80.564	0.03599999999998715	9	2	5	8	9.97078906127907e-05	0.00012330069536681254	0.015306122448979591	3.0250170209758527	3.0266039162554934	0.001586895279640732	0.01568782056292327
scheme_c	56	57	80.528	80.564	0.03599999999998715	9	2	5	9	0.0001518094351410419	0.0003249188339050635	0.015306122448979591	3.274907214156663	3.27622118297214	0.0013139688154772955	0.015914247599573425
scheme_c	56	57	80.528	80.564	0.03599999999998715	9	2	5	10	0.0001469086685180191	0.00032541886256709507	0.03571428571428571	3.3007537482828924	3.300694795893222	5.8952389670352545e-05	0.03619250848433786
scheme_c	56	57	80.528	80.564	0.03599999999998715	9	2	5	11	0.00010289346476912938	0.0002290906482510513	0.02040816326530612	3.29163066636184	3.2946951876501758	0.0030645212883357864	0.02104659950715988
scheme_c	56	57	80.528	80.564	0.03599999999998715	10	3	0	0	0.0005005472245322182	0.0007735666576852429	0.05612244897959184	3.2938683860290006	3.294315163844747	0.0004467778157466462	0.05744124064338396
scheme_c	56	57	80.528	80.564	0.03599999999998715	10	3	0	1	0.0005287541985603579	0.0007722045778846276	0.05102040816326531	3.2593061750262606	3.260972428864251	0.0016662538379903502	0.05248799232350933
scheme_c	56	57	80.528	80.564	0.03599999999998715	10	3	0	2	0.0007500431971282525	0.0009674166020394726	0.01020408163265306	3.2367988275431805	3.2296461318778977	0.00715269566528276	0.012636810998349061
scheme_c	56	57	80.528	80.564	0.03599999999998715	10	3	0	3	0.0005403512834134938	0.0009191329897055844	0.04591836734693878	3.397457760509114	3.4090824941245437	0.011624733615429594	0.04854032498160082
scheme_c	56	57	80.528	80.564	0.03599999999998715	10	3	0	4	0.0005364940679181526	0.0007937039288140602	0.00510204081632653	3.338478856741887	3.3509855196069944	0.012506662865107376	0.007682905099569481
scheme_c	56	57	80.528	80.564	0.03599999999998715	10	3	0	5	0.0008106925183340391	0.000863294825327765	0.00510204081632653	2.860314600238562	2.8649232140702887	0.004608613831726505	0.007236889543160985
scheme_c	56	57	80.528	80.564	0.03599999999998715	10	3	0	6	0.0004876722430686014	0.0008007455467077262	0.01020408163265306	3.384940491264265	3.3844070781769884	0.000533413087276724	0.01154584073115706
scheme_c	56	57	80.528	80.564	0.03599999999998715	10	3	0	7	0.0001999271477647771	0.0006128692312606931	0.015306122448979591	3.603164826710141	3.605983843450608	0.0028190167404673616	0.0164008205020518
scheme_c	56	57	80.528	80.564	0.03599999999998715	10	3	0	8	0.0005249385124304113	0.0006749976982571848	0.03571428571428571	3.1508781397777827	3.1559440754899284	0.005065935712145642	0.03742081549618787
scheme_c	56	57	80.528	80.564	0.03599999999998715	10	3	0	9	0.0001748022979497905	0.00044455785961428074	0.01020408163265306	3.401365950790451	3.3978042661958137	0.0035616845946373488	0.011179610249680866
scheme_c	56	57	80.528	80.564	0.03599999999998715	10	3	0	10	0.0005087719878640952	0.0008113828927301947	0.025510204081632654	3.343360915365469	3.342268501052242	0.0010924143132267083	0.026939600393549614
scheme_c	56	57	80.528	80.564	0.03599999999998715	10	3	0	11	0.0005392567543558257	0.0007992459184468226	0.03571428571428571	3.331774208121541	3.341341175307207	0.009566967185665742	0.03800948510565493
scheme_c	56	57	80.528	80.564	0.03599999999998715	10	3	0	12	0.00044428956571011065	0.0007374369872803488	0.05612244897959184	3.259576483524555	3.2591055252287737	0.00047095829578136517	0.057351271362160436
scheme_c	56	57	80.528	80.564	0.03599999999998715	10	3	0	13	0.0008034239186068798	0.001287260050749861	0.03571428571428571	3.3938244422736674	3.379932020026664	0.013892422247003378	0.039194211908342796
scheme_c	56	57	80.528	80.564	0.03599999999998715	10	3	0	14	0.0002789963113735707	0.0006545619809975589	0.030612244897959183	3.3622857443559426	3.3608149589381786	0.00147078541776402	0.031692881732106715
scheme_c	56	57	80.528	80.564	0.03599999999998715	10	3	0	15	0.0005201412311074829	0.0008356104783571183	0.03571428571428571	3.092279760499593	3.098104061240701	0.005824300741108068	0.03765246749786112
scheme_c	56	57	80.528	80.564	0.03599999999998715	10	3	0	16	0.0005254297562308683	0.0008596122746292734	0.025510204081632654	3.36986615379889	3.3760422902747225	0.006176136475832372	0.02751285976007603
scheme_c	56	57	80.528	80.564	0.03599999999998715	10	3	0	17	0.0005339542272859108	0.0007778640349299648	0.030612244897959183	3.270528455769914	3.2761693366009235	0.005640880831009554	0.03248815124327601
scheme_c	56	57	80.528	80.564	0.03599999999998715	10	3	0	18	0.00038798347001823565	0.0010224958172336818	0.01020408163265306	3.576439037168369	3.5875860238434996	0.011146986675130588	0.012729259587418038
scheme_c	56	57	80.528	80.564	0.03599999999998715	10	3	0	19	0.00048416100020244206	0.0007747818862016143	0.01020408163265306	3.3723410867311387	3.37364882999791	0.0013077432667714106	0.011593798845734258
scheme_c	56	57	80.528	80.564	0.03599999999998715	10	3	0	20	0.0005761380850865904	0.0010600293603583166	0.04081632653061224	2.976594661972568	2.9895038930912055	0.01290923111863762	0.043743417087920906
scheme_c	56	57	80.528	80.564	0.03599999999998715	10	3	0	21	0.0002446084065830896	0.0008368469545264601	0.061224489795918366	3.5375986430325996	3.539328496999134	0.001729853966534467	0.06247893055368136
scheme_c	56	57	80.528	80.564	0.03599999999998715	10	3	0	22	0.000512184905775218	0.0007840358433534034	0.025510204081632654	3.3269429231959124	3.3336267848162113	0.006683861620298881	0.027474810992791164
scheme_c	56	57	80.528	80.564	0.03599999999998715	10	3	0	23	0.0005680465947319581	0.0008389654337457308	0.015306122448979591	3.238907625050241	3.255520978200719	0.01661335315047774	0.018374469792505052
scheme_c	56	57	80.528	80.564	0.03599999999998715	11	3	1	0	3.736141451149685e-05	0.00011821945496115482	0.015306122448979591	3.425644409622721	3.4252833141168124	0.0003610955059087928	0.015497812869043124
scheme_c	56	57	80.528	80.564	0.03599999999998715	11	3	1	1	0.00027567799697957387	0.0007605139260327132	0.02040816326530612	3.5800966811655224	3.5847480607465436	0.004651379581021242	0.02190949314642053
scheme_c	56	57	80.528	80.564	0.03599999999998715	11	3	1	2	0.00029752276647210187	0.0006694948142343948	0.04081632653061224	3.491401494757891	3.4972916272347576	0.005890132476866761	0.042372357359005415
scheme_c	56	57	80.528	80.564	0.03599999999998715	11	3	1	3	0.00032269044622494874	0.0007318531812576801	0.00510204081632653	3.516005868740462	3.520798067479238	0.004792198738775788	0.006635804317686738
scheme_c	56	57	80.528	80.564	0.03599999999998715	11	3	1	4	0.0005437686896299443	0.0014525079569347454	0.01020408163265306	3.4461150636404794	3.4600754592076095	0.013960395567130135	0.013596397835930765
scheme_c	56	57	80.528	80.564	0.03599999999998715	11	3	1	5	0.0001057207953780326	0.000313734409741695	0.03571428571428571	3.5207691133785	3.521006073809364	0.00023696043086385288	0.036157436962491823
scheme_c	56	57	80.528	80.564	0.03599999999998715	11	3	1	6	0.00028073868491733546	0.0005858283025294009	0.025510204081632654	3.409771022275638	3.4053937739040983	0.004377248371539633	0.026814495906233353
scheme_c	56	57	80.528	80.564	0.03599999999998715	11	3	1	7	0.00026216030034921674	0.0006631305748919791	0.04081632653061224	3.6130325438802338	3.6176506495683913	0.00461810568815757	0.042203427974669194
scheme_c	56	57	80.528	80.564	0.03599999999998715	11	3	1	8	0.0003201266263572515	0.0007375149930802793	0.04591836734693878	3.4616354806858705	3.4600152122564625	0.0016202684294079894	0.04713803580931711
scheme_c	56	57	80.528	80.564	0.03599999999998715	11	3	1	9	0.0002969950734492572	0.0005605676172704133	0.01020408163265306	3.3230184999532324	3.322515650159213	0.0005028497940195997	0.01111192930277469
scheme_c	56	57	80.528	80.564	0.03599999999998715	11	3	1	10	0.00025920579963289113	0.0005822923946500191	0.015306122448979591	3.5472204121598017	3.5471182648931214	0.00010214726668023033	0.016157835369930523
scheme_c	56	57	80.528	80.564	0.03599999999998715	11	3	1	11	0.00028513559593062445	0.0006746905832092365	0.04591836734693878	3.5270994061616796	3.5318774172426073	0.00477801108092768	0.04735599463417141
scheme_c	56	57	80.528	80.564	0.03599999999998715	11	3	1	12	0.0002799955800373067	0.0006226561150250998	0.04591836734693878	3.4603694142170864	3.4546568685206123	0.005712545696474169	0.047392273611648605
scheme_c	56	57	80.528	80.564	0.03599999999998715	11	3	1	13	0.00025812090878421544	0.0006541709702694298	0.02040816326530612	3.5613395607395817	3.5701518977214595	0.008812336981877777	0.022201688842547543
scheme_c	56	57	80.528	80.564	0.03599999999998715	11	3	1	14	0.00018103053448654692	0.0004428859995541101	0.025510204081632654	3.5653781294422116	3.563896535892652	0.0014815935495593457	0.026282279970629246
scheme_c	56	57	80.528	80.564	0.03599999999998715	11	3	1	15	0.0002429506811268201	0.0006423551293320839	0.03571428571428571	3.630319858275849	3.6369473586516	0.006627500375750994	0.037262341562319716
scheme_c	56	57	80.528	80.564	0.03599999999998715	11	3	1	16	0.0002386971065322422	0.0005896977238690759	0.025510204081632654	3.6100548034116	3.6160347423247066	0.005979938913106775	0.026936592803344647
scheme_c	56	57	80.528	80.564	0.03599999999998715	11	3	1	17	0.0002425620097583695	0.0005855354834073401	0.05612244897959184	3.5549472741378563	3.5525799347896183	0.0023673393482379623	0.057187280407581344
scheme_c	56	57	80.528	80.564	0.03599999999998715	11	3	1	18	0.0007634665771105844	0.0014023345137813559	0.025510204081632654	3.3276556329859153	3.35516576043976	0.027510127453844735	0.03042701791790907
scheme_c	56	57	80.528	80.564	0.03599999999998715	11	3	1	19	0.0003365009864709277	0.0007034548191686696	0.03571428571428571	3.446081770306775	3.4434979600816784	0.0025838102250967943	0.03701262254243499
scheme_c	56	57	80.528	80.564	0.03599999999998715	11	3	1	20	0.00028269368214092023	0.0006696040298415085	0.015306122448979591	3.5120850328562754	3.5175802879586335	0.005495255102358154	0.016807945671197835
scheme_c	56	57	80.528	80.564	0.03599999999998715	11	3	1	21	0.00031367486600695365	0.0005774763468920918	0.00510204081632653	3.42613463290569	3.421123522785968	0.005011110119721884	0.006494303041197764
scheme_c	56	57	80.528	80.564	0.03599999999998715	11	3	1	22	0.00023800914674228165	0.0006497160303200467	0.02040816326530612	3.4829836448889497	3.4914100800326957	0.00842643514374597	0.022138531956743045
scheme_c	56	57	80.528	80.564	0.03599999999998715	11	3	1	23	0.00028890933237115844	0.0004977184947665414	0.030612244897959183	3.3080179590055003	3.30903890764155	0.0010209486360497344	0.031500967588701856
scheme_c	57	58	80.564	80.514	-0.04999999999999716	0	0	0	0	7.885996094728461e-07	2.3457911948465693e-06	0.00510204081632653	3.77568524460523	3.7755900452351363	9.51993700937237e-05	0.005114695144140222
scheme_c	57	58	80.564	80.514	-0.04999999999999716	0	0	0	1	5.421842818994708e-07	1.88793512378993e-07	0.0	2.235994932140684	2.235968361139976	2.657100070813101e-05	3.388077865091565e-06
scheme_c	57	58	80.564	80.514	-0.04999999999999716	0	0	0	2	1.1426116443207766e-06	4.2202480072806026e-06	0.00510204081632653	3.824328736086414	3.824443826822394	0.00011509073598015007	0.005118912749576147
scheme_c	57	58	80.564	80.514	-0.04999999999999716	1	0	1	0	3.311876234064699e-06	1.0698894970184725e-05	0.030612244897959183	3.7242861522310253	3.7242069279591274	7.922427189788195e-05	0.03063417809635322
scheme_c	57	58	80.564	80.514	-0.04999999999999716	1	0	1	1	6.302247855830353e-06	1.884516474315312e-06	0.0	2.047224531714869	2.0494563837548947	0.002231852040025739	0.0002313719683327196
scheme_c	57	58	80.564	80.514	-0.04999999999999716	1	0	1	2	3.3571065206547704e-06	1.2233727312627174e-05	0.0	3.736326075290915	3.7363989091118013	7.283382088640877e-05	2.2874215921922823e-05
scheme_c	57	58	80.564	80.514	-0.04999999999999716	2	1	0	0	4.748715866560614e-06	1.3453375885541519e-05	0.01020408163265306	3.790758877892741	3.7906885173331846	7.036055955644827e-05	0.010229319780360808
scheme_c	57	58	80.564	80.514	-0.04999999999999716	2	1	0	1	7.167426310650894e-06	2.2906499144381698e-05	0.02040816326530612	3.7760733289607002	3.776388480290371	0.00031515132967063764	0.02046975232372822
scheme_c	57	58	80.564	80.514	-0.04999999999999716	2	1	0	2	2.3790678432517387e-05	3.142655489285495e-06	0.01020408163265306	1.7747405160072363	1.772062590534339	0.002677925472897247	0.010498807513864589
scheme_c	57	58	80.564	80.514	-0.04999999999999716	2	1	0	3	2.605733492074228e-05	2.057165278790407e-06	0.030612244897959183	1.419496286148714	1.4160580647066692	0.0034382214420447532	0.030984181542363192
scheme_c	57	58	80.564	80.514	-0.04999999999999716	2	1	0	4	3.339295096969397e-05	1.8665174790211125e-06	0.04081632653061224	0.8280816711964528	0.8277655464443168	0.00031612475213604885	0.04088319847427456
scheme_c	57	58	80.564	80.514	-0.04999999999999716	2	1	0	5	2.9272776889039974e-05	1.6234696450512232e-06	0.02040816326530612	0.980576455833629	0.9753501198354912	0.00522633599813771	0.02096169311165398
scheme_c	57	58	80.564	80.514	-0.04999999999999716	3	1	1	0	4.129920733410395e-06	7.459527447073455e-06	0.00510204081632653	3.090674398031391	3.09036496271413	0.0003094353172610198	0.005144573796233116
scheme_c	57	58	80.564	80.514	-0.04999999999999716	3	1	1	1	3.4431885866096336e-05	9.777077666028866e-06	0.0	1.906012467991465	1.9148083374132907	0.008795869421825753	0.0009237959057147005
scheme_c	57	58	80.564	80.514	-0.04999999999999716	3	1	1	2	2.2576241631569817e-05	2.8334784593742057e-05	0.00510204081632653	3.032743075582298	3.0357409555096146	0.0029978799273164825	0.00545273983528349
scheme_c	57	58	80.564	80.514	-0.04999999999999716	3	1	1	3	3.259747746911634e-05	6.702233099353805e-05	0.025510204081632654	3.4047588943442086	3.4068049300517487	0.002046035707540028	0.02581442746084931
scheme_c	57	58	80.564	80.514	-0.04999999999999716	3	1	1	4	1.8935332583833067e-05	1.2077036648627804e-05	0.00510204081632653	2.7353382249851617	2.7368231905193836	0.0014849655342219492	0.005281549738981186
scheme_c	57	58	80.564	80.514	-0.04999999999999716	3	1	1	5	1.1948576839571456e-05	2.1135770166047507e-05	0.00510204081632653	3.2825569410175093	3.282532227392108	2.4713625401240336e-05	0.005137596525872273
scheme_c	57	58	80.564	80.514	-0.04999999999999716	4	2	0	0	2.756968332436431e-05	1.6494285650980878e-05	0.0	2.6215831510165843	2.6188449259848143	0.002738225031770014	0.0003178864721523466
scheme_c	57	58	80.564	80.514	-0.04999999999999716	4	2	0	1	3.496332708923394e-05	5.937893401919414e-05	0.025510204081632654	3.4191526554384017	3.419435256150346	0.000282600711944081	0.025632806413935488
scheme_c	57	58	80.564	80.514	-0.04999999999999716	4	2	0	2	5.417835829572697e-05	0.00014036147761986584	0.02040816326530612	3.622914891988021	3.620625452273447	0.0022894397145738488	0.0208316470726791
scheme_c	57	58	80.564	80.514	-0.04999999999999716	4	2	0	3	6.968007771245528e-05	0.00020860152347623728	0.04591836734693878	3.699750213922815	3.699370222417193	0.0003799915056217351	0.04623464809868964
scheme_c	57	58	80.564	80.514	-0.04999999999999716	4	2	0	4	2.499973698118812e-05	8.127973676474998e-05	0.04081632653061224	3.7764859993579414	3.7764042095298804	8.178982806095192e-05	0.04093078498716428
scheme_c	57	58	80.564	80.514	-0.04999999999999716	4	2	0	5	3.715591454298933e-05	1.035713051900089e-05	0.0	2.1110061823449193	2.114832865833426	0.003826683488506788	0.00043018139391266905
scheme_c	57	58	80.564	80.514	-0.04999999999999716	4	2	0	6	4.339495693248812e-05	1.1178763454244844e-05	0.01020408163265306	2.2559282195508072	2.258790244797157	0.0028620252463498197	0.010544857877674776
scheme_c	57	58	80.564	80.514	-0.04999999999999716	4	2	0	7	3.0973920392186066e-05	0.0001125369443071289	0.09693877551020408	3.836252011144152	3.8362462630970673	5.748047084530583e-06	0.09708286117961185
scheme_c	57	58	80.564	80.514	-0.04999999999999716	4	2	0	8	3.777962512243262e-05	0.00014154690883549925	0.07653061224489796	3.84999148080618	3.8505805551365118	0.0005890743303318402	0.07676884621188908
scheme_c	57	58	80.564	80.514	-0.04999999999999716	4	2	0	9	2.7769042996138494e-05	6.29781653690431e-05	0.02040816326530612	3.3744824048194864	3.378590003266245	0.004107598446758676	0.02090967031834717
scheme_c	57	58	80.564	80.514	-0.04999999999999716	4	2	0	10	3.9897158648032944e-05	8.39452903067528e-06	0.0	2.098688189592717	2.1005783535051754	0.0018901639124582204	0.00023730807892453028
scheme_c	57	58	80.564	80.514	-0.04999999999999716	4	2	0	11	2.9137870637607597e-05	5.449582121341834e-06	0.00510204081632653	1.9347897767304065	1.9354593750865474	0.000669598356140888	0.005203588104699568
scheme_c	57	58	80.564	80.514	-0.04999999999999716	5	2	1	0	7.670016512933971e-05	0.0001386241389994547	0.01020408163265306	3.206655305345729	3.206074374276341	0.0005809310693880576	0.01047749904372066
scheme_c	57	58	80.564	80.514	-0.04999999999999716	5	2	1	1	4.5155925962037295e-05	0.00011936021962433152	0.05612244897959184	3.559220753808925	3.558945217093147	0.00027553671577784655	0.05631451879675599
scheme_c	57	58	80.564	80.514	-0.04999999999999716	5	2	1	2	4.214476283591063e-05	8.932951172735404e-05	0.015306122448979591	3.387522329178354	3.38876527961918	0.0012429504408260073	0.015561891767625456
scheme_c	57	58	80.564	80.514	-0.04999999999999716	5	2	1	3	5.5998040501488754e-05	3.312355545082024e-05	0.0	2.5114080611215157	2.5120392983053255	0.0006312371838097519	0.0001522453143332842
scheme_c	57	58	80.564	80.514	-0.04999999999999716	5	2	1	4	5.5840704053241265e-05	3.7405984391170044e-05	0.00510204081632653	2.532939381774927	2.5314058229588166	0.001533558816110503	0.0053486433863819925
scheme_c	57	58	80.564	80.514	-0.04999999999999716	5	2	1	5	4.6546012724320476e-05	1.318219233081841e-05	0.00510204081632653	2.1628579831021946	2.1631998550363942	0.00034187193419965567	0.005195956214801635
scheme_c	57	58	80.564	80.514	-0.04999999999999716	5	2	1	6	4.9929364308328014e-05	7.821290725484875e-05	0.01020408163265306	3.172343328988537	3.1723843573970494	4.102840851238909e-05	0.010336326745067475
scheme_c	57	58	80.564	80.514	-0.04999999999999716	5	2	1	7	2.044091985485106e-05	8.623168732513342e-06	0.0	2.10639519074166	2.1056089628244354	0.0007862279172243802	0.00010768688030980243
scheme_c	57	58	80.564	80.514	-0.04999999999999716	5	2	1	8	3.2165499822745524e-05	1.2572721793335795e-05	0.01020408163265306	2.1722899974133734	2.171900475015947	0.0003895223974264006	0.010287772094011783
scheme_c	57	58	80.564	80.514	-0.04999999999999716	5	2	1	9	8.332988090431266e-05	0.00019839077601147004	0.025510204081632654	3.5461985604580204	3.544736107789003	0.0014624526690174555	0.025938170005450182
scheme_c	57	58	80.564	80.514	-0.04999999999999716	5	2	1	10	9.800062703111076e-05	0.00012728369125547534	0.025510204081632654	3.0725576606963005	3.0710267001287552	0.0015309605675453142	0.02588858445667377
scheme_c	57	58	80.564	80.514	-0.04999999999999716	5	2	1	11	8.944218620296033e-05	0.00010304729424881476	0.01020408163265306	2.9861281172804617	2.986154169619306	2.605233884445113e-05	0.01039917634698928
scheme_c	57	58	80.564	80.514	-0.04999999999999716	6	2	2	0	6.622174982360817e-05	0.00020686956374116328	0.030612244897959183	3.753755250044389	3.7539448840408642	0.0001896339964750915	0.030904299611171464
scheme_c	57	58	80.564	80.514	-0.04999999999999716	6	2	2	1	6.947173118536867e-05	0.00023052283501701076	0.03571428571428571	3.6813202944647356	3.6813926464532645	7.23519885288404e-05	0.03602151547934098
scheme_c	57	58	80.564	80.514	-0.04999999999999716	6	2	2	2	9.69367239281809e-05	0.0003141358470321043	0.04591836734693878	3.721958430597765	3.720753236809253	0.0012051937885120267	0.04644995929675026
scheme_c	57	58	80.564	80.514	-0.04999999999999716	6	2	2	3	3.038221527024961e-05	6.252702160891577e-05	0.030612244897959183	3.5962044095174512	3.5966754934882545	0.0004710839708033099	0.030752262531918678
scheme_c	57	58	80.564	80.514	-0.04999999999999716	6	2	2	4	9.697702393881255e-05	0.00024889886649726023	0.025510204081632654	3.6280900067258943	3.626921480421358	0.0011685263045362326	0.025972932602522352
scheme_c	57	58	80.564	80.514	-0.04999999999999716	6	2	2	5	1.7742148222400344e-05	2.3185552069038273e-05	0.0	2.603784281527967	2.6035978915041724	0.00018639002379439162	5.956670267087778e-05
scheme_c	57	58	80.564	80.514	-0.04999999999999716	6	2	2	6	3.0468288251866356e-05	0.0001055304687673786	0.025510204081632654	3.8185839329982585	3.818294016931386	0.0002899160668725642	0.025675194445339153
scheme_c	57	58	80.564	80.514	-0.04999999999999716	6	2	2	7	5.554540707272782e-05	4.808875107387145e-05	0.00510204081632653	3.0108048022647327	3.010815163292877	1.0361028144334483e-05	0.005206711077287563
scheme_c	57	58	80.564	80.514	-0.04999999999999716	6	2	2	8	6.735608645300185e-05	0.00013142262646237413	0.015306122448979591	3.4346529149646394	3.434365769811175	0.00028714515346450753	0.015533615677241418
scheme_c	57	58	80.564	80.514	-0.04999999999999716	6	2	2	9	6.71239415052613e-05	5.223759732697619e-05	0.00510204081632653	2.6696376542190996	2.669796109890757	0.0001584556716576202	0.00523724792232453
scheme_c	57	58	80.564	80.514	-0.04999999999999716	6	2	2	10	6.977002425338305e-05	6.97209353948125e-05	0.02040816326530612	2.83773002763482	2.8375530711246104	0.00017695651020943615	0.02056534987597526
scheme_c	57	58	80.564	80.514	-0.04999999999999716	6	2	2	11	5.0084703252057896e-05	0.00016525491304009154	0.05612244897959184	3.7390516884404374	3.737606974788118	0.0014447136523192405	0.05648225996111591
scheme_c	57	58	80.564	80.514	-0.04999999999999716	7	2	3	0	8.721394377746291e-05	8.115901479821552e-05	0.01020408163265306	2.7177435643584595	2.7171545995295276	0.0005889648289318927	0.01043135107412193
scheme_c	57	58	80.564	80.514	-0.04999999999999716	7	2	3	1	0.00012130699514858117	4.334371366665479e-05	0.00510204081632653	2.4466348025147147	2.446079988199182	0.0005548143155325036	0.005322172956695017
scheme_c	57	58	80.564	80.514	-0.04999999999999716	7	2	3	2	8.986188977747235e-05	6.675685298940248e-05	0.015306122448979591	2.679329702199911	2.6771224597111605	0.0022072424887507047	0.015683465440621536
scheme_c	57	58	80.564	80.514	-0.04999999999999716	7	2	3	3	3.22533411011838e-05	9.307591959872852e-05	0.00510204081632653	3.611683072695039	3.6116455360943407	3.7536600698384603e-05	0.005231123737096281
scheme_c	57	58	80.564	80.514	-0.04999999999999716	7	2	3	4	8.889264239134726e-05	0.0002288383611581679	0.05102040816326531	3.5957826196184284	3.594409983562474	0.0013726360559545014	0.05147540277241027
scheme_c	57	58	80.564	80.514	-0.04999999999999716	7	2	3	5	7.740362049888467e-05	4.267877192287717e-05	0.01020408163265306	2.224251674436907	2.2245373212218893	0.00028564678498232965	0.010352728703573056
scheme_c	57	58	80.564	80.514	-0.04999999999999716	7	2	3	6	0.00010622264586716765	0.0002509682085187759	0.025510204081632654	3.486939229503021	3.4847306302501044	0.00220859925291661	0.026088254861310257
scheme_c	57	58	80.564	80.514	-0.04999999999999716	7	2	3	7	6.926482587057595e-05	0.000136272525999237	0.015306122448979591	3.3942532486103283	3.391969366146782	0.002283882463546494	0.015740048047204053
scheme_c	57	58	80.564	80.514	-0.04999999999999716	7	2	3	8	5.933868687909904e-05	0.00010043120732339261	0.00510204081632653	3.115079954385553	3.1138161210679893	0.001263833317563634	0.005388194042285385
scheme_c	57	58	80.564	80.514	-0.04999999999999716	7	2	3	9	0.00011147197646314822	0.00023599258222417596	0.025510204081632654	3.4242201359436155	3.422011477369831	0.0022086585737843833	0.026078534497698418
scheme_c	57	58	80.564	80.514	-0.04999999999999716	7	2	3	10	5.795589845280921e-05	3.088882661728132e-05	0.00510204081632653	2.041719271929545	2.0411115445772032	0.0006077273523419358	0.005251658276630814
scheme_c	57	58	80.564	80.514	-0.04999999999999716	7	2	3	11	0.0001251256483001581	0.0003537380983357208	0.04081632653061224	3.6644611936399936	3.661957051483462	0.002504142156531497	0.041545604492901275
scheme_c	57	58	80.564	80.514	-0.04999999999999716	8	2	4	0	0.0001571262522884198	0.0003678948506563584	0.015306122448979591	3.5847151914965427	3.5854158363198416	0.0007006448232989015	0.01590120803425426
scheme_c	57	58	80.564	80.514	-0.04999999999999716	8	2	4	1	0.00011089905715612302	0.0002775619610932978	0.05102040816326531	3.6178514289193586	3.617819320307141	3.2108612217474075e-05	0.05141208004273648
scheme_c	57	58	80.564	80.514	-0.04999999999999716	8	2	4	2	0.0001404758578264513	0.00046551477870238056	0.08673469387755102	3.769615668369562	3.77072008806565	0.0011044196960883212	0.08745112648368868
scheme_c	57	58	80.564	80.514	-0.04999999999999716	8	2	4	3	0.00014733898815662494	0.00042731968330100845	0.04591836734693878	3.695358166929307	3.6975691046130326	0.0022109376837256	0.04671411978676897
scheme_c	57	58	80.564	80.514	-0.04999999999999716	8	2	4	4	0.0001669578063179012	0.0006534646715199433	0.02040816326530612	3.5922454628746716	3.604189649169232	0.0119441862945604	0.022423004372600003
scheme_c	57	58	80.564	80.514	-0.04999999999999716	8	2	4	5	0.0001404679044502485	0.0002498912138477749	0.03571428571428571	3.42439578651173	3.4221649223593524	0.0022308641523776096	0.036327731247821494
scheme_c	57	58	80.564	80.514	-0.04999999999999716	8	2	4	6	7.844053912217391e-05	0.00024438905503931796	0.05102040816326531	3.7027896610323183	3.7010538295404345	0.0017358314918838325	0.051516820906615184
scheme_c	57	58	80.564	80.514	-0.04999999999999716	8	2	4	7	9.623021514387798e-05	0.0002836093573882481	0.04081632653061224	3.677723693938134	3.679684349659711	0.001960655721576998	0.041392231675302066
scheme_c	57	58	80.564	80.514	-0.04999999999999716	8	2	4	8	4.569195436327082e-05	0.00010917122432030357	0.015306122448979591	3.5430282398250856	3.542035166846246	0.0009930729788396597	0.015560292925547132
scheme_c	57	58	80.564	80.514	-0.04999999999999716	8	2	4	9	0.00015733007089130494	0.0003100380428271432	0.05612244897959184	3.616208020320861	3.6150524861940316	0.0011555341268292274	0.056705370505993204
scheme_c	57	58	80.564	80.514	-0.04999999999999716	8	2	4	10	9.192464763562052e-05	0.00020441591741804377	0.03571428571428571	3.546364401637656	3.544834220072226	0.0015301815654300555	0.03616364443588238
scheme_c	57	58	80.564	80.514	-0.04999999999999716	8	2	4	11	0.00014185108553366259	0.00034501093328531685	0.04081632653061224	3.595845666331267	3.5968117019079178	0.0009660355766509809	0.041399792107096316
scheme_c	57	58	80.564	80.514	-0.04999999999999716	9	2	5	0	0.0001601693706054942	0.0002948651899874477	0.03571428571428571	3.2171968827641804	3.2128239468762065	0.004372935887973828	0.03660661386367604
scheme_c	57	58	80.564	80.514	-0.04999999999999716	9	2	5	1	0.0001418747340968327	0.0002554315817406838	0.025510204081632654	3.2096450048264327	3.2072078221032414	0.002437182723191267	0.026151228669789296
scheme_c	57	58	80.564	80.514	-0.04999999999999716	9	2	5	2	0.00013432489478211446	8.233999396567437e-05	0.05612244897959184	2.90514627638783	2.9056618732843527	0.0005155968965224744	0.05639067355799187
scheme_c	57	58	80.564	80.514	-0.04999999999999716	9	2	5	3	0.000147391662104411	0.0003045814565436622	0.030612244897959183	3.3790176106940333	3.3769192596283877	0.0020983510656455984	0.031274053123171816
scheme_c	57	58	80.564	80.514	-0.04999999999999716	9	2	5	4	0.00010289293057663526	0.00013555347338589652	0.02040816326530612	3.0646049657399748	3.0643637370276187	0.00024122871235610077	0.020670732540504264
scheme_c	57	58	80.564	80.514	-0.04999999999999716	9	2	5	5	4.5344067555958655e-05	0.00012102170371841581	0.015306122448979591	3.5124719501633948	3.511822749472096	0.0006492006912988124	0.015537408289383848
scheme_c	57	58	80.564	80.514	-0.04999999999999716	9	2	5	6	0.0001533762995172495	0.0003717542747752045	0.05102040816326531	3.655379892446969	3.6526943269988563	0.0026855654481128255	0.05181409528236904
scheme_c	57	58	80.564	80.514	-0.04999999999999716	9	2	5	7	0.0001678702970929199	0.0003939357802794641	0.030612244897959183	3.4178649862315833	3.4134648188583965	0.004400167373186825	0.03161406771265025
scheme_c	57	58	80.564	80.514	-0.04999999999999716	9	2	5	8	0.00010314265467778713	0.00013176677114024038	0.0	3.0266039162554934	3.0241433594818883	0.002460556773605127	0.00048096510317854023
scheme_c	57	58	80.564	80.514	-0.04999999999999716	9	2	5	9	0.0001517809829328355	0.00028651339057472747	0.04081632653061224	3.27622118297214	3.27281164345671	0.0034095395154301045	0.041595574855662815
scheme_c	57	58	80.564	80.514	-0.04999999999999716	9	2	5	10	0.00014828462465039336	0.00030946011303067955	0.03571428571428571	3.300694795893222	3.296682345798352	0.004012450094870168	0.0365732754614538
scheme_c	57	58	80.564	80.514	-0.04999999999999716	9	2	5	11	9.832361411065297e-05	0.00018841325265561704	0.04591836734693878	3.2946951876501758	3.2907680105208503	0.003927177129325443	0.0465978219266376
scheme_c	57	58	80.564	80.514	-0.04999999999999716	10	3	0	0	0.00046216593772219184	0.00074505467753605	0.030612244897959183	3.294315163844747	3.3070877258722047	0.012772562027457468	0.03309672171596317
scheme_c	57	58	80.564	80.514	-0.04999999999999716	10	3	0	1	0.00047720523468826976	0.0007400810739376373	0.05612244897959184	3.260972428864251	3.2685256503156968	0.0075532214514457685	0.058095057433362324
scheme_c	57	58	80.564	80.514	-0.04999999999999716	10	3	0	2	0.0006426600619196174	0.000658784552512004	0.00510204081632653	3.2296461318778977	3.2374261984385573	0.007780066560659549	0.007181492086824106
scheme_c	57	58	80.564	80.514	-0.04999999999999716	10	3	0	3	0.00044574852248749754	0.0007187559639720842	0.030612244897959183	3.4090824941245437	3.407363279671091	0.0017192144534527998	0.03194867082976405
scheme_c	57	58	80.564	80.514	-0.04999999999999716	10	3	0	4	0.0004230750237943603	0.0006076849712709498	0.015306122448979591	3.3509855196069944	3.3534565142806025	0.002470994673608118	0.016583981911405712
scheme_c	57	58	80.564	80.514	-0.04999999999999716	10	3	0	5	0.0006294832539467624	0.00044891496263466113	0.00510204081632653	2.8649232140702887	2.869216457927484	0.004293243857195428	0.006609763418627497
scheme_c	57	58	80.564	80.514	-0.04999999999999716	10	3	0	6	0.00047122178919106706	0.0006825283762077472	0.01020408163265306	3.3844070781769884	3.39633196480698	0.011924886629991693	0.012550320461051045
scheme_c	57	58	80.564	80.514	-0.04999999999999716	10	3	0	7	0.0001836675813823321	0.0005045353882333625	0.02040816326530612	3.605983843450608	3.6073429011892943	0.0013590577386861646	0.021232272008790434
scheme_c	57	58	80.564	80.514	-0.04999999999999716	10	3	0	8	0.0004739708011698522	0.0006339435201748733	0.030612244897959183	3.1559440754899284	3.1556684887648943	0.00027558672503413817	0.03174771789180732
scheme_c	57	58	80.564	80.514	-0.04999999999999716	10	3	0	9	0.00014576325412175454	0.00035217726864222865	0.02040816326530612	3.3978042661958137	3.401947227822867	0.00414296162705341	0.021320399950775445
scheme_c	57	58	80.564	80.514	-0.04999999999999716	10	3	0	10	0.00044046015937076305	0.0006230848174334502	0.015306122448979591	3.342268501052242	3.3525265248713505	0.010258023819108342	0.01739546980769464
scheme_c	57	58	80.564	80.514	-0.04999999999999716	10	3	0	11	0.00047132178744577343	0.0006553479338754498	0.025510204081632654	3.341341175307207	3.343695694314224	0.0023545190070173305	0.02687232570365561
scheme_c	57	58	80.564	80.514	-0.04999999999999716	10	3	0	12	0.00039315042295155083	0.0006017850102871813	0.03571428571428571	3.2591055252287737	3.2675938442843884	0.008488319055614646	0.03755805305308591
scheme_c	57	58	80.564	80.514	-0.04999999999999716	10	3	0	13	0.0006202096890344372	0.0009098494083382702	0.030612244897959183	3.379932020026664	3.3708684244242972	0.009063595602366803	0.03304866355556857
scheme_c	57	58	80.564	80.514	-0.04999999999999716	10	3	0	14	0.0002333670415287566	0.0005145744327559321	0.030612244897959183	3.3608149589381786	3.371980586186792	0.011165627248613585	0.03247674909710523
scheme_c	57	58	80.564	80.514	-0.04999999999999716	10	3	0	15	0.00040240223498357654	0.0005379798320519491	0.025510204081632654	3.098104061240701	3.1029298966129146	0.004825835372213483	0.02693316968588953
scheme_c	57	58	80.564	80.514	-0.04999999999999716	10	3	0	16	0.0004250715364303808	0.0007040652215478671	0.05612244897959184	3.3760422902747225	3.3780312182296046	0.001988927954882147	0.0574504785330583
scheme_c	57	58	80.564	80.514	-0.04999999999999716	10	3	0	17	0.0005060035858138568	0.0006728717131150308	0.030612244897959183	3.2761693366009235	3.2809169308453443	0.0047475942444208385	0.03226587962133015
scheme_c	57	58	80.564	80.514	-0.04999999999999716	10	3	0	18	0.0003216707759819719	0.0006694274274232637	0.01020408163265306	3.5875860238434996	3.584906193184983	0.0026798306585167353	0.01146316290190997
scheme_c	57	58	80.564	80.514	-0.04999999999999716	10	3	0	19	0.0004133776089604854	0.0006019437591665566	0.01020408163265306	3.37364882999791	3.3761104211279904	0.002461591130080265	0.011465562113788129
scheme_c	57	58	80.564	80.514	-0.04999999999999716	10	3	0	20	0.0004961885445314903	0.0006964360869095021	0.04591836734693878	2.9895038930912055	2.9874866429044453	0.0020172501867601333	0.04731271699705578
scheme_c	57	58	80.564	80.514	-0.04999999999999716	10	3	0	21	0.0002088293332468207	0.000678692101475753	0.0663265306122449	3.539328496999134	3.53968584570712	0.0003573487079857607	0.06724978691776606
scheme_c	57	58	80.564	80.514	-0.04999999999999716	10	3	0	22	0.0005314108919434414	0.0007790370223310639	0.04081632653061224	3.3336267848162113	3.3477993195841123	0.014172534767900924	0.04354402792167684
scheme_c	57	58	80.564	80.514	-0.04999999999999716	10	3	0	23	0.00042483002654774074	0.0005064356146369242	0.02040816326530612	3.255520978200719	3.254119101105871	0.0014018770948478476	0.02147961661597557
scheme_c	57	58	80.564	80.514	-0.04999999999999716	11	3	1	0	3.3233120233875114e-05	0.00010030064020882801	0.015306122448979591	3.4252833141168124	3.4256153650096284	0.00033205089281596045	0.01547286129870389
scheme_c	57	58	80.564	80.514	-0.04999999999999716	11	3	1	1	0.0002446415727862605	0.0006086046079674112	0.015306122448979591	3.5847480607465436	3.5771210880919755	0.0076269726545681316	0.016922065895190075
scheme_c	57	58	80.564	80.514	-0.04999999999999716	11	3	1	2	0.0002639941667614134	0.00050966825253973	0.030612244897959183	3.4972916272347576	3.49581849608771	0.0014731311470477237	0.031533220431965096
scheme_c	57	58	80.564	80.514	-0.04999999999999716	11	3	1	3	0.00026537954784868866	0.0005451400521715444	0.015306122448979591	3.520798067479238	3.5178693156290195	0.0029287518502183474	0.01640951723402166
scheme_c	57	58	80.564	80.514	-0.04999999999999716	11	3	1	4	0.0003858456986535173	0.0007679658532945277	0.015306122448979591	3.4600754592076095	3.4738089108763255	0.013733451668715979	0.017833279167799233
scheme_c	57	58	80.564	80.514	-0.04999999999999716	11	3	1	5	9.36002885699461e-05	0.0002652796536178892	0.04081632653061224	3.521006073809364	3.521658308345803	0.0006522345364392557	0.041240429926444
scheme_c	57	58	80.564	80.514	-0.04999999999999716	11	3	1	6	0.0002729254624370091	0.0005111307656212594	0.025510204081632654	3.4053937739040983	3.407432143541481	0.0020383696373826865	0.02649809727342919
scheme_c	57	58	80.564	80.514	-0.04999999999999716	11	3	1	7	0.00021646938481791815	0.0005548842608396054	0.015306122448979591	3.6176506495683913	3.6224488705162994	0.0047982209479080495	0.01655729818942792
scheme_c	57	58	80.564	80.514	-0.04999999999999716	11	3	1	8	0.00026136449231485613	0.00047864354313353896	0.04081632653061224	3.4600152122564625	3.45960020387527	0.000415008381192461	0.041597835404179884
scheme_c	57	58	80.564	80.514	-0.04999999999999716	11	3	1	9	0.00033384317219275377	0.0006989175293090621	0.01020408163265306	3.322515650159213	3.334565233897173	0.01204958373796039	0.012441800707950916
scheme_c	57	58	80.564	80.514	-0.04999999999999716	11	3	1	10	0.00027567693634944935	0.0005882698876656933	0.02040816326530612	3.5471182648931214	3.5467309549123094	0.00038730998081204504	0.021310841087402468
scheme_c	57	58	80.564	80.514	-0.04999999999999716	11	3	1	11	0.0002897160279771014	0.000653854503374407	0.030612244897959183	3.5318774172426073	3.5310247239448382	0.0008526932977690471	0.0316410847590876
scheme_c	57	58	80.564	80.514	-0.04999999999999716	11	3	1	12	0.00023300299558060223	0.00046508978525838796	0.04591836734693878	3.4546568685206123	3.4604118788779217	0.005755010357309409	0.047191961163508704
scheme_c	57	58	80.564	80.514	-0.04999999999999716	11	3	1	13	0.0002328033497642441	0.000540329213811197	0.015306122448979591	3.5701518977214595	3.563674850574864	0.0064770471465953605	0.01672695972721457
scheme_c	57	58	80.564	80.514	-0.04999999999999716	11	3	1	14	0.00016990681507054388	0.0004497411914728966	0.03571428571428571	3.563896535892652	3.5644929860891055	0.0005964501964532687	0.036393578740474476
scheme_c	57	58	80.564	80.514	-0.04999999999999716	11	3	1	15	0.00020705529905784353	0.000506657976913405	0.030612244897959183	3.6369473586516	3.637077518827078	0.00013016017547773373	0.03133897419147821
scheme_c	57	58	80.564	80.514	-0.04999999999999716	11	3	1	16	0.0002594769920717814	0.0006311372326717191	0.04081632653061224	3.6160347423247066	3.6095558544206687	0.006478887904037833	0.042354829545759524
scheme_c	57	58	80.564	80.514	-0.04999999999999716	11	3	1	17	0.0002463384815693221	0.0005816077315042856	0.04591836734693878	3.5525799347896183	3.5523746088623915	0.00020532592722677379	0.04676684615273507
scheme_c	57	58	80.564	80.514	-0.04999999999999716	11	3	1	18	0.0006275356090770702	0.0009841605746672144	0.02040816326530612	3.35516576043976	3.380311626313382	0.025145865873621887	0.024534446036412593
scheme_c	57	58	80.564	80.514	-0.04999999999999716	11	3	1	19	0.00025439314986030814	0.000496128900696724	0.015306122448979591	3.4434979600816784	3.4452327861481926	0.0017348260665142057	0.01623012710618804
scheme_c	57	58	80.564	80.514	-0.04999999999999716	11	3	1	20	0.0002646596579454222	0.0006288539167932372	0.025510204081632654	3.5175802879586335	3.5213482758592587	0.003767987900625158	0.026780516446433828
scheme_c	57	58	80.564	80.514	-0.04999999999999716	11	3	1	21	0.0002874609763690396	0.0005610658092967125	0.01020408163265306	3.421123522785968	3.413050469167015	0.00807305361895283	0.011859913780214094
scheme_c	57	58	80.564	80.514	-0.04999999999999716	11	3	1	22	0.0002728415551482923	0.0006077042600266536	0.025510204081632654	3.4914100800326957	3.4821622582870297	0.009247821745665963	0.027315532071374195
scheme_c	57	58	80.564	80.514	-0.04999999999999716	11	3	1	23	0.00026322563090946504	0.00044809640185194954	0.04081632653061224	3.30903890764155	3.3047822858229763	0.00425662181857378	0.04195331074523103
scheme_c	58	59	80.514	80.538	0.02400000000000091	0	0	0	0	1.1806628995558283e-06	4.289655098244083e-06	0.00510204081632653	3.7755900452351363	3.7755283981696817	6.164706545463972e-05	0.005113675840869794
scheme_c	58	59	80.514	80.538	0.02400000000000091	0	0	0	1	6.850161602211378e-07	3.437765817571048e-07	0.0	2.235968361139976	2.2362987766530584	0.00033041551308254924	3.4070344050233165e-05
scheme_c	58	59	80.514	80.538	0.02400000000000091	0	0	0	2	1.4039283394939496e-06	5.259230257292913e-06	0.00510204081632653	3.824443826822394	3.824344758679139	9.906814325510993e-05	0.005118610789248829
scheme_c	58	59	80.514	80.538	0.02400000000000091	1	0	1	0	3.138358280676119e-06	1.0264678340199396e-05	0.025510204081632654	3.7242069279591274	3.7243188340827187	0.0001119061235912433	0.02553479773061265
scheme_c	58	59	80.514	80.538	0.02400000000000091	1	0	1	1	5.225405921955543e-06	2.9365270972636637e-06	0.00510204081632653	2.0494563837548947	2.046881815139451	0.0025745686154436953	0.005367659610890119
scheme_c	58	59	80.514	80.538	0.02400000000000091	1	0	1	2	2.6717758510267694e-06	9.239805297101e-06	0.0	3.7363989091118013	3.736057747936924	0.00034116117487714703	4.6027698635842474e-05
scheme_c	58	59	80.514	80.538	0.02400000000000091	2	1	0	0	5.980230587903949e-06	1.6844140485194892e-05	0.030612244897959183	3.7906885173331846	3.7907492220783303	6.070474514574542e-05	0.030641139743546857
scheme_c	58	59	80.514	80.538	0.02400000000000091	2	1	0	1	7.3833591335416905e-06	2.431890364307243e-05	0.025510204081632654	3.776388480290371	3.7757451332855108	0.0006433470048601286	0.02560624104489528
scheme_c	58	59	80.514	80.538	0.02400000000000091	2	1	0	2	2.44240736436732e-05	3.179288498245114e-06	0.00510204081632653	1.772062590534339	1.7752134410851466	0.003150850550807549	0.005444729233549203
scheme_c	58	59	80.514	80.538	0.02400000000000091	2	1	0	3	2.8045753831269268e-05	2.401697651643886e-06	0.015306122448979591	1.4160580647066692	1.4217974800428161	0.005739415336146969	0.0159105114340772
scheme_c	58	59	80.514	80.538	0.02400000000000091	2	1	0	4	3.253811134070126e-05	1.3744261748716013e-06	0.03571428571428571	0.8277655464443168	0.8293293753026152	0.0015638288582984217	0.03590458113763113
scheme_c	58	59	80.514	80.538	0.02400000000000091	2	1	0	5	3.295018890366936e-05	1.780864761657952e-06	0.02040816326530612	0.9753501198354912	0.9837393442904765	0.008389224454985245	0.021281816764469975
scheme_c	58	59	80.514	80.538	0.02400000000000091	3	1	1	0	3.9602365833962226e-06	6.489115886409991e-06	0.0	3.09036496271413	3.090188135085221	0.0001768276289086934	2.8132115360675556e-05
scheme_c	58	59	80.514	80.538	0.02400000000000091	3	1	1	1	2.0947946632171198e-05	7.2000965067875455e-06	0.00510204081632653	1.9148083374132907	1.9113066081306709	0.0035017292826198254	0.005480361787727471
scheme_c	58	59	80.514	80.538	0.02400000000000091	3	1	1	2	2.1888660420334018e-05	2.8074884182549553e-05	0.01020408163265306	3.0357409555096146	3.0329997867301137	0.0027411687795009243	0.010528162055206037
scheme_c	58	59	80.514	80.538	0.02400000000000091	3	1	1	3	3.309864712569679e-05	7.356832473037755e-05	0.03571428571428571	3.4068049300517487	3.406706406607345	9.852344440375305e-05	0.03583080503058216
scheme_c	58	59	80.514	80.538	0.02400000000000091	3	1	1	4	1.8961100978041928e-05	1.271892188514645e-05	0.00510204081632653	2.7368231905193836	2.7362913211179656	0.0005318694014180281	0.005186907779331521
scheme_c	58	59	80.514	80.538	0.02400000000000091	3	1	1	5	1.2205107869817365e-05	2.319892331936746e-05	0.00510204081632653	3.282532227392108	3.28282139173946	0.00028916434735215546	0.0051663612822509305
scheme_c	58	59	80.514	80.538	0.02400000000000091	4	2	0	0	2.389408983508627e-05	1.5573089468645662e-05	0.0	2.6188449259848143	2.6189067191516124	6.179316679810753e-05	4.5646495983542685e-05
scheme_c	58	59	80.514	80.538	0.02400000000000091	4	2	0	1	2.6000537280858474e-05	3.374920806531456e-05	0.01020408163265306	3.419435256150346	3.4194787966602744	4.354050992860792e-05	0.010268185428992094
scheme_c	58	59	80.514	80.538	0.02400000000000091	4	2	0	2	5.161447700393472e-05	0.0001405803580025733	0.030612244897959183	3.620625452273447	3.6217437022287937	0.0011182499553465952	0.03091626472850035
scheme_c	58	59	80.514	80.538	0.02400000000000091	4	2	0	3	6.862217261004026e-05	0.00019594317002114003	0.04081632653061224	3.699370222417193	3.699440613321233	7.039090403981874e-05	0.04108793096364741
scheme_c	58	59	80.514	80.538	0.02400000000000091	4	2	0	4	2.886942210405328e-05	9.32512296329957e-05	0.0663265306122449	3.7764042095298804	3.776646993855596	0.00024278432571556152	0.0664729296965535
scheme_c	58	59	80.514	80.538	0.02400000000000091	4	2	0	5	3.2648011562082e-05	9.223351284615156e-06	0.0	2.114832865833426	2.1139234859090363	0.0009093799243897749	0.00013280935528567464
scheme_c	58	59	80.514	80.538	0.02400000000000091	4	2	0	6	4.029129281156316e-05	8.712063122695568e-06	0.00510204081632653	2.258790244797157	2.2583852982103143	0.0004049465868427582	0.005191538830945064
scheme_c	58	59	80.514	80.538	0.02400000000000091	4	2	0	7	2.8832947817941538e-05	0.00010025025708293445	0.05612244897959184	3.8362462630970673	3.8362369078298455	9.355267221788921e-06	0.05625246771121489
scheme_c	58	59	80.514	80.538	0.02400000000000091	4	2	0	8	3.730931141143687e-05	0.0001367769157436527	0.05612244897959184	3.8505805551365118	3.8505251594884076	5.539564810419506e-05	0.056302074771557346
scheme_c	58	59	80.514	80.538	0.02400000000000091	4	2	0	9	1.3390249406739258e-05	2.600364680271916e-05	0.01020408163265306	3.378590003266245	3.377694819082197	0.0008951841840478814	0.010332993947267307
scheme_c	58	59	80.514	80.538	0.02400000000000091	4	2	0	10	4.001162915156219e-05	7.0662290333478595e-06	0.0	2.1005783535051754	2.1003632639418286	0.00021508956334681528	6.858681451959157e-05
scheme_c	58	59	80.514	80.538	0.02400000000000091	4	2	0	11	2.795366956011614e-05	5.01429102606199e-06	0.0	1.9354593750865474	1.9383985876977314	0.0029392126111840167	0.00032688922170457985
scheme_c	58	59	80.514	80.538	0.02400000000000091	5	2	1	0	7.228543380080554e-05	0.00011820088887704028	0.00510204081632653	3.206074374276341	3.2053633939352615	0.0007109803410796367	0.005363625173112339
scheme_c	58	59	80.514	80.538	0.02400000000000091	5	2	1	1	4.732920646075726e-05	0.000120832712758423	0.05102040816326531	3.558945217093147	3.5597726401107765	0.0008274230176295028	0.05127131238424744
scheme_c	58	59	80.514	80.538	0.02400000000000091	5	2	1	2	3.948033221640588e-05	8.798652739505641e-05	0.02040816326530612	3.38876527961918	3.3893227700375266	0.0005574904183465179	0.020591379166752233
scheme_c	58	59	80.514	80.538	0.02400000000000091	5	2	1	3	5.4284616793323065e-05	3.101757022117013e-05	0.01020408163265306	2.5120392983053255	2.5127018909391636	0.000662592633838166	0.01035564308305137
scheme_c	58	59	80.514	80.538	0.02400000000000091	5	2	1	4	5.48331816578132e-05	3.233853074402493e-05	0.0	2.5314058229588166	2.5334575284649348	0.0020517055061182177	0.0002923422630136599
scheme_c	58	59	80.514	80.538	0.02400000000000091	5	2	1	5	4.554861870461061e-05	1.0397931850092412e-05	0.00510204081632653	2.1631998550363942	2.1624803314587853	0.0007195235776089604	0.005229939724642129
scheme_c	58	59	80.514	80.538	0.02400000000000091	5	2	1	6	4.542295219738496e-05	6.87848383811307e-05	0.015306122448979591	3.1723843573970494	3.17222782974204	0.0001565276550095085	0.015435983005059058
scheme_c	58	59	80.514	80.538	0.02400000000000091	5	2	1	7	2.0631677669152652e-05	9.276539512437232e-06	0.0	2.1056089628244354	2.1055941750144394	1.478780999608631e-05	3.138699818119851e-05
scheme_c	58	59	80.514	80.538	0.02400000000000091	5	2	1	8	3.069557097384778e-05	1.0908013138966055e-05	0.00510204081632653	2.171900475015947	2.17383964996327	0.0019391749473229858	0.005337561895171643
scheme_c	58	59	80.514	80.538	0.02400000000000091	5	2	1	9	8.847359799221216e-05	0.00021850883328866644	0.030612244897959183	3.544736107789003	3.545463899278835	0.0007277914898322635	0.03099200647822329
scheme_c	58	59	80.514	80.538	0.02400000000000091	5	2	1	10	0.00010021631493908663	0.00013320925353266233	0.01020408163265306	3.0710267001287552	3.0713839599354795	0.00035725980672429714	0.010473233181797239
scheme_c	58	59	80.514	80.538	0.02400000000000091	5	2	1	11	9.257808671516237e-05	0.00011207058368933875	0.01020408163265306	2.986154169619306	2.987789360212142	0.001635190592836011	0.010572249362341163
scheme_c	58	59	80.514	80.538	0.02400000000000091	6	2	2	0	6.698212786881812e-05	0.00021237273373075904	0.02040816326530612	3.7539448840408642	3.755019894708064	0.0010750106671997273	0.02079501919362567
scheme_c	58	59	80.514	80.538	0.02400000000000091	6	2	2	1	6.105228823860438e-05	0.00020787255211518474	0.025510204081632654	3.6813926464532645	3.6796198757775036	0.0017727706757608708	0.02595640598956253
scheme_c	58	59	80.514	80.538	0.02400000000000091	6	2	2	2	9.270401183591511e-05	0.00029963484937500784	0.04081632653061224	3.720753236809253	3.720339292344101	0.0004139444651518609	0.04125005983833835
scheme_c	58	59	80.514	80.538	0.02400000000000091	6	2	2	3	3.290499048891429e-05	6.54943325364421e-05	0.04081632653061224	3.5966754934882545	3.596324776380491	0.0003507171077634652	0.04094979756441394
scheme_c	58	59	80.514	80.538	0.02400000000000091	6	2	2	4	0.00010630329502837365	0.0002870909471743843	0.01020408163265306	3.626921480421358	3.6263657443169324	0.0005557361044257192	0.01065304948529839
scheme_c	58	59	80.514	80.538	0.02400000000000091	6	2	2	5	1.8047160497817587e-05	2.8990015371932465e-05	0.01020408163265306	2.6035978915041724	2.604231431966814	0.0006335404626414132	0.010314472854786953
scheme_c	58	59	80.514	80.538	0.02400000000000091	6	2	2	6	3.291538214562927e-05	0.00011024658600600201	0.03571428571428571	3.818294016931386	3.8177646659429567	0.0005293509884292114	0.03591038278128027
scheme_c	58	59	80.514	80.538	0.02400000000000091	6	2	2	7	5.624387146722734e-05	5.3800766983136405e-05	0.015306122448979591	3.010815163292877	3.0115567858540615	0.0007416225611844851	0.015490329343548404
scheme_c	58	59	80.514	80.538	0.02400000000000091	6	2	2	8	7.154991134527004e-05	0.00014268519208626707	0.02040816326530612	3.434365769811175	3.4338313436881145	0.0005344261230604275	0.020675840981043702
scheme_c	58	59	80.514	80.538	0.02400000000000091	6	2	2	9	7.233600976942452e-05	5.8026094139629336e-05	0.0	2.669796109890757	2.6706220413253314	0.0008259314345742119	0.00021295524736647504
scheme_c	58	59	80.514	80.538	0.02400000000000091	6	2	2	10	7.324195339087527e-05	6.772640374475003e-05	0.02040816326530612	2.8375530711246104	2.836124507055776	0.0014285640688345147	0.020691988029325196
scheme_c	58	59	80.514	80.538	0.02400000000000091	6	2	2	11	4.816683240853873e-05	0.00015335710045927264	0.07653061224489796	3.737606974788118	3.7367186067440414	0.0008883680440767705	0.07682097298217344
scheme_c	58	59	80.514	80.538	0.02400000000000091	7	2	3	0	7.66409403523407e-05	5.894554293561782e-05	0.00510204081632653	2.7171545995295276	2.7187666321091006	0.0016120325795729862	0.005398830557571787
scheme_c	58	59	80.514	80.538	0.02400000000000091	7	2	3	1	0.0001375374611798612	6.28968867717461e-05	0.00510204081632653	2.446079988199182	2.427042447223071	0.01903754097611099	0.007206229261889236
scheme_c	58	59	80.514	80.538	0.02400000000000091	7	2	3	2	8.437171004328453e-05	6.313297909898985e-05	0.01020408163265306	2.6771224597111605	2.678264934056951	0.0011424743457904007	0.010465833756374375
scheme_c	58	59	80.514	80.538	0.02400000000000091	7	2	3	3	3.202158023046987e-05	8.353153654871992e-05	0.00510204081632653	3.6116455360943407	3.612583900479073	0.0009383643847322709	0.005311430371578947
scheme_c	58	59	80.514	80.538	0.02400000000000091	7	2	3	4	7.859159415758309e-05	0.0001909003541920029	0.025510204081632654	3.594409983562474	3.593785864725773	0.00062411883670066	0.025842107913652306
scheme_c	58	59	80.514	80.538	0.02400000000000091	7	2	3	5	7.871055534647856e-05	4.907147334820561e-05	0.00510204081632653	2.2245373212218893	2.2270846976428085	0.0025473764209191785	0.005484560487113132
scheme_c	58	59	80.514	80.538	0.02400000000000091	7	2	3	6	0.00011043737530317157	0.0002578754565234487	0.030612244897959183	3.4847306302501044	3.483795444392785	0.0009351858573194427	0.031074076315517746
scheme_c	58	59	80.514	80.538	0.02400000000000091	7	2	3	7	7.216642435804356e-05	0.0001549326000759299	0.02040816326530612	3.391969366146782	3.3932556820421786	0.00128631589539685	0.02076389387927978
scheme_c	58	59	80.514	80.538	0.02400000000000091	7	2	3	8	5.454182179772524e-05	8.321980488601444e-05	0.00510204081632653	3.1138161210679893	3.1135033891592463	0.0003127319087430358	0.005271075633884573
scheme_c	58	59	80.514	80.538	0.02400000000000091	7	2	3	9	0.00011177320886631579	0.00025676377652639193	0.01020408163265306	3.422011477369831	3.422352332908187	0.00034085553835572213	0.01060670417188134
scheme_c	58	59	80.514	80.538	0.02400000000000091	7	2	3	10	5.953456173172501e-05	3.7735806788452564e-05	0.01020408163265306	2.0411115445772032	2.04267122927672	0.00155968469951695	0.010457320471124933
scheme_c	58	59	80.514	80.538	0.02400000000000091	7	2	3	11	0.00012138961534487582	0.0003278203418607406	0.015306122448979591	3.661957051483462	3.662171746974284	0.00021469549082198114	0.015776801955267407
scheme_c	58	59	80.514	80.538	0.02400000000000091	8	2	4	0	0.00016848778627654858	0.00043510626597076385	0.01020408163265306	3.5854158363198416	3.585324686916613	9.114940322874077e-05	0.010816790625223248
scheme_c	58	59	80.514	80.538	0.02400000000000091	8	2	4	1	0.00011800639811340313	0.0003111952441228194	0.05102040816326531	3.617819320307141	3.61793214823292	0.00011282792577871348	0.0514608925980794
scheme_c	58	59	80.514	80.538	0.02400000000000091	8	2	4	2	0.00013683069418643067	0.00044856301839502066	0.05102040816326531	3.77072008806565	3.768747137223867	0.001972950841783394	0.051803096960025094
scheme_c	58	59	80.514	80.538	0.02400000000000091	8	2	4	3	0.00014544627106074877	0.00043182375071260104	0.04081632653061224	3.6975691046130326	3.694659825267005	0.0029092793460274713	0.04168452448698834
scheme_c	58	59	80.514	80.538	0.02400000000000091	8	2	4	4	0.0001094730448206913	0.0004656954315392925	0.00510204081632653	3.604189649169232	3.6104863233853886	0.006296674216156539	0.006306876714302168
scheme_c	58	59	80.514	80.538	0.02400000000000091	8	2	4	5	0.00014881972641267249	0.00028669247197610215	0.03571428571428571	3.4221649223593524	3.4205139420348534	0.0016509803244990628	0.036314895945124395
scheme_c	58	59	80.514	80.538	0.02400000000000091	8	2	4	6	8.505502432540031e-05	0.00026482078306044876	0.03571428571428571	3.7010538295404345	3.7018697120894544	0.0008158825490198751	0.03614574977657355
scheme_c	58	59	80.514	80.538	0.02400000000000091	8	2	4	7	0.0001077845484160761	0.0003136079050776175	0.04591836734693878	3.679684349659711	3.677723122351072	0.001961227308639124	0.04653588253129638
scheme_c	58	59	80.514	80.538	0.02400000000000091	8	2	4	8	4.5835778964085385e-05	0.00010467764076982355	0.030612244897959183	3.542035166846246	3.543569173384767	0.0015340065385212043	0.03091615897154521
scheme_c	58	59	80.514	80.538	0.02400000000000091	8	2	4	9	0.00015082466460952668	0.0002990237840670984	0.04591836734693878	3.6150524861940316	3.6155800636386157	0.0005275774445840931	0.046420973540073816
scheme_c	58	59	80.514	80.538	0.02400000000000091	8	2	4	10	9.821162211017009e-05	0.00023280357544430696	0.04081632653061224	3.544834220072226	3.5461520726553064	0.00131785258308037	0.041279126986474755
scheme_c	58	59	80.514	80.538	0.02400000000000091	8	2	4	11	0.00014226676264734832	0.00034856311890119063	0.0663265306122449	3.5968117019079178	3.5955943561286663	0.0012173457792514775	0.0669390950717186
scheme_c	58	59	80.514	80.538	0.02400000000000091	9	2	5	0	0.00015359857310120139	0.0003061353974659342	0.04591836734693878	3.2128239468762065	3.2125207756093586	0.0003031712668479791	0.04640841844419071
scheme_c	58	59	80.514	80.538	0.02400000000000091	9	2	5	1	0.00016070629573988851	0.00030252989696621935	0.015306122448979591	3.2072078221032414	3.206465447622513	0.0007423744807284471	0.015843596089758542
scheme_c	58	59	80.514	80.538	0.02400000000000091	9	2	5	2	0.0001564658334125692	0.00010082799809851828	0.025510204081632654	2.9056618732843527	2.891552884685539	0.01410898859881371	0.027178396773025113
scheme_c	58	59	80.514	80.538	0.02400000000000091	9	2	5	3	0.00015493950817550053	0.00036306564110344386	0.030612244897959183	3.3769192596283877	3.375268672954644	0.0016505866737435149	0.03129530871461248
scheme_c	58	59	80.514	80.538	0.02400000000000091	9	2	5	4	0.00010016530287012457	0.000157112018295269	0.02040816326530612	3.0643637370276187	3.0659531349564118	0.0015893979287930904	0.02082438037935082
scheme_c	58	59	80.514	80.538	0.02400000000000091	9	2	5	5	4.4824345003476935e-05	0.00011480940654307048	0.030612244897959183	3.511822749472096	3.511491553195163	0.0003311962769330101	0.03080499827719903
scheme_c	58	59	80.514	80.538	0.02400000000000091	9	2	5	6	0.00014233964954931376	0.0003400979803463988	0.030612244897959183	3.6526943269988563	3.651729640570198	0.0009646864286581014	0.03119115117072071
scheme_c	58	59	80.514	80.538	0.02400000000000091	9	2	5	7	0.0001675385921198519	0.00037591269685732787	0.03571428571428571	3.4134648188583965	3.4123616882894927	0.0011031305689037652	0.03636805006015327
scheme_c	58	59	80.514	80.538	0.02400000000000091	9	2	5	8	0.00010288287889807229	0.00013998741868925801	0.015306122448979591	3.0241433594818883	3.023900010727434	0.00024334875445441995	0.015573327622012365
scheme_c	58	59	80.514	80.538	0.02400000000000091	9	2	5	9	0.00014548082181155262	0.00028681234939242906	0.030612244897959183	3.27281164345671	3.271115265584209	0.001696377872501209	0.031214175856413284
scheme_c	58	59	80.514	80.538	0.02400000000000091	9	2	5	10	0.00014018214810280019	0.00029216850772850744	0.02040816326530612	3.296682345798352	3.2965958696550577	8.647614329415632e-05	0.020849161535466842
scheme_c	58	59	80.514	80.538	0.02400000000000091	9	2	5	11	0.00010151724981960733	0.00022454433609153668	0.025510204081632654	3.2907680105208503	3.2906387724531827	0.00012923806766762524	0.02584918947431056
scheme_c	58	59	80.514	80.538	0.02400000000000091	10	3	0	0	0.0006104315769972825	0.0011169846020889773	0.04081632653061224	3.3070877258722047	3.2964197071796666	0.010668018692538084	0.04361054457895231
scheme_c	58	59	80.514	80.538	0.02400000000000091	10	3	0	1	0.0005845159738316688	0.00102726725944291	0.061224489795918366	3.2685256503156968	3.2655961365247337	0.0029295137909630675	0.06312922440828926
scheme_c	58	59	80.514	80.538	0.02400000000000091	10	3	0	2	0.0008492038774240104	0.0008804394649161162	0.00510204081632653	3.2374261984385573	3.2244013131589555	0.013024885279601772	0.008134172686626834
scheme_c	58	59	80.514	80.538	0.02400000000000091	10	3	0	3	0.00059900637186565	0.0010812497667056498	0.025510204081632654	3.407363279671091	3.409270747913668	0.0019074682425772593	0.02738120704446168
scheme_c	58	59	80.514	80.538	0.02400000000000091	10	3	0	4	0.000605337496199555	0.0010398268546155665	0.02040816326530612	3.3534565142806025	3.3464185312417674	0.007037983038835183	0.02275712592000476
scheme_c	58	59	80.514	80.538	0.02400000000000091	10	3	0	5	0.0008846145624785337	0.0009575863139024143	0.00510204081632653	2.869216457927484	2.859136608344835	0.010079849582649292	0.007952226650972408
scheme_c	58	59	80.514	80.538	0.02400000000000091	10	3	0	6	0.0005703700652893456	0.0008435831001094574	0.01020408163265306	3.39633196480698	3.3845315741409494	0.011800390666030669	0.012798073864654931
scheme_c	58	59	80.514	80.538	0.02400000000000091	10	3	0	7	0.00020529072042613559	0.0005758459375485581	0.0	3.6073429011892943	3.606307772981459	0.0010351282078353563	0.0008846494787582292
scheme_c	58	59	80.514	80.538	0.02400000000000091	10	3	0	8	0.0006558223913133291	0.0010013179392180938	0.030612244897959183	3.1556684887648943	3.151495562027412	0.004172926737482374	0.03268667790223884
scheme_c	58	59	80.514	80.538	0.02400000000000091	10	3	0	9	0.0001751788686994546	0.00042533821429568963	0.01020408163265306	3.401947227822867	3.3975933976606676	0.004353830162199479	0.011239981731868152
scheme_c	58	59	80.514	80.538	0.02400000000000091	10	3	0	10	0.000656576626769888	0.000999525330251938	0.025510204081632654	3.3525265248713505	3.341142681886279	0.011383842985071446	0.028304690337161625
scheme_c	58	59	80.514	80.538	0.02400000000000091	10	3	0	11	0.0006247940208604735	0.001016199792263417	0.030612244897959183	3.343695694314224	3.3417995002700644	0.0018961940441597491	0.032442858115499046
scheme_c	58	59	80.514	80.538	0.02400000000000091	10	3	0	12	0.0005470238964726629	0.0010712654797756516	0.04081632653061224	3.2675938442843884	3.263105746296391	0.004488097987997541	0.04288342570566031
scheme_c	58	59	80.514	80.538	0.02400000000000091	10	3	0	13	0.0007735713532204775	0.0010432072846352503	0.030612244897959183	3.3708684244242972	3.3475610068598485	0.023307417564448762	0.034759765292259784
scheme_c	58	59	80.514	80.538	0.02400000000000091	10	3	0	14	0.00030365700763898665	0.000588337295680641	0.025510204081632654	3.371980586186792	3.360794320265504	0.011186265921288019	0.027520824977081082
scheme_c	58	59	80.514	80.538	0.02400000000000091	10	3	0	15	0.0005413205626398933	0.0007134559743163793	0.03571428571428571	3.1029298966129146	3.095645213489734	0.007284683123180535	0.03769753056356004
scheme_c	58	59	80.514	80.538	0.02400000000000091	10	3	0	16	0.0005824429527983284	0.001078358882223518	0.030612244897959183	3.3780312182296046	3.3662142731635125	0.0118169450660921	0.03345474123959024
scheme_c	58	59	80.514	80.538	0.02400000000000091	10	3	0	17	0.0007091789528932578	0.0012455379618965257	0.030612244897959183	3.2809169308453443	3.275144118287708	0.0057728125576361755	0.03314424306851258
scheme_c	58	59	80.514	80.538	0.02400000000000091	10	3	0	18	0.00043925293817964855	0.0009370993492396895	0.015306122448979591	3.584906193184983	3.5822058436443154	0.002700349540667446	0.016952509690465675
scheme_c	58	59	80.514	80.538	0.02400000000000091	10	3	0	19	0.0005472788935991577	0.0008450515007860648	0.01020408163265306	3.3761104211279904	3.3762881391034374	0.0001777179754469671	0.01161418382458298
scheme_c	58	59	80.514	80.538	0.02400000000000091	10	3	0	20	0.0006194861720246658	0.0009650381737877911	0.05102040816326531	2.9874866429044453	2.984584884933757	0.002901757970688479	0.05289510830614661
scheme_c	58	59	80.514	80.538	0.02400000000000091	10	3	0	21	0.00022210618214863417	0.0006543994025859368	0.05102040816326531	3.53968584570712	3.537321045446012	0.00236480026110808	0.052133393774110685
scheme_c	58	59	80.514	80.538	0.02400000000000091	10	3	0	22	0.0006962765187407494	0.0011530634429931519	0.03571428571428571	3.3477993195841123	3.3298487855818113	0.017950534002300955	0.03935867907624971
scheme_c	58	59	80.514	80.538	0.02400000000000091	10	3	0	23	0.0006901522369021606	0.0010621406928102983	0.030612244897959183	3.254119101105871	3.2539980313294845	0.00012106977638648431	0.03237664480531029
scheme_c	58	59	80.514	80.538	0.02400000000000091	11	3	1	0	3.298992912027884e-05	0.00010592330261838256	0.01020408163265306	3.4256153650096284	3.4251330857366873	0.0004822792729410885	0.010391222791685832
scheme_c	58	59	80.514	80.538	0.02400000000000091	11	3	1	1	0.00021626055589300526	0.0004523252216348528	0.00510204081632653	3.5771210880919755	3.5765682867728565	0.0005528013191189451	0.005825906725766283
scheme_c	58	59	80.514	80.538	0.02400000000000091	11	3	1	2	0.00029029135536598135	0.0006276431974682195	0.04081632653061224	3.49581849608771	3.494680327891528	0.0011381681961819545	0.04184807790306464
scheme_c	58	59	80.514	80.538	0.02400000000000091	11	3	1	3	0.0003098370484467721	0.0006790305527430984	0.025510204081632654	3.5178693156290195	3.5216627386592263	0.0037934230302067995	0.026878413985843203
scheme_c	58	59	80.514	80.538	0.02400000000000091	11	3	1	4	0.0003678808321483203	0.0007215529723969549	0.00510204081632653	3.4738089108763255	3.4820166578416267	0.008207746965301244	0.00701224931740193
scheme_c	58	59	80.514	80.538	0.02400000000000091	11	3	1	5	9.646422044993544e-05	0.00027695050445508684	0.04591836734693878	3.521658308345803	3.5216188736946146	3.943465118849687e-05	0.04629572553696265
scheme_c	58	59	80.514	80.538	0.02400000000000091	11	3	1	6	0.0003482754838717078	0.0006330832592926772	0.015306122448979591	3.407432143541481	3.4021294256736025	0.005302717867878393	0.016817752978931816
scheme_c	58	59	80.514	80.538	0.02400000000000091	11	3	1	7	0.0002768759617061669	0.0006911744944697595	0.025510204081632654	3.6224488705162994	3.613245823960468	0.009203046555831484	0.027398559193391726
scheme_c	58	59	80.514	80.538	0.02400000000000091	11	3	1	8	0.00036905130696055974	0.0006794323150050019	0.030612244897959183	3.45960020387527	3.455362147929066	0.004238055946204078	0.03208453411454515
scheme_c	58	59	80.514	80.538	0.02400000000000091	11	3	1	9	0.00038968046431158906	0.0006892294793431342	0.01020408163265306	3.334565233897173	3.325226183425769	0.009339050471404153	0.012216896623448199
scheme_c	58	59	80.514	80.538	0.02400000000000091	11	3	1	10	0.0002869454666988249	0.0006418417848835789	0.02040816326530612	3.5467309549123094	3.5462449001347567	0.00048605477755270243	0.021385555994643795
scheme_c	58	59	80.514	80.538	0.02400000000000091	11	3	1	11	0.0002740989670981398	0.0006261550701139873	0.01020408163265306	3.5310247239448382	3.5271377354787767	0.003886988466061503	0.011493034516471337
scheme_c	58	59	80.514	80.538	0.02400000000000091	11	3	1	12	0.00023890115500834868	0.000529063732002677	0.030612244897959183	3.4604118788779217	3.455621529540828	0.004790349337093769	0.03185924471867958
scheme_c	58	59	80.514	80.538	0.02400000000000091	11	3	1	13	0.000287905778684553	0.0006258143995512278	0.01020408163265306	3.563674850574864	3.5660969591699407	0.002422108595076633	0.011360012670396503
scheme_c	58	59	80.514	80.538	0.02400000000000091	11	3	1	14	0.00017343384073566654	0.00045505157127090357	0.030612244897959183	3.5644929860891055	3.5658785918746956	0.001385605785590105	0.031379290888524765
scheme_c	58	59	80.514	80.538	0.02400000000000091	11	3	1	15	0.0002435117165224869	0.0006030977827147233	0.025510204081632654	3.637077518827078	3.633766086632945	0.0033114321941329905	0.02668795680028316
scheme_c	58	59	80.514	80.538	0.02400000000000091	11	3	1	16	0.00024971265629047815	0.0005926935674499534	0.03571428571428571	3.6095558544206687	3.6075966479657366	0.001959206454932083	0.036752612583519355
scheme_c	58	59	80.514	80.538	0.02400000000000091	11	3	1	17	0.0002196020208715161	0.0005420404760296815	0.04591836734693878	3.5523746088623915	3.548994149945275	0.003380458917116691	0.04701805573555165
scheme_c	58	59	80.514	80.538	0.02400000000000091	11	3	1	18	0.0005759521414502773	0.0008868287053697133	0.015306122448979591	3.380311626313382	3.3845453283055575	0.004233701992175654	0.017192273495017146
scheme_c	58	59	80.514	80.538	0.02400000000000091	11	3	1	19	0.0003398345799715772	0.0006700463256671396	0.02040816326530612	3.4452327861481926	3.4358312097423878	0.009401576405804857	0.022358201811525324
scheme_c	58	59	80.514	80.538	0.02400000000000091	11	3	1	20	0.0002861065435226539	0.0006009889613708408	0.015306122448979591	3.5213482758592587	3.520428287571081	0.0009199882881776311	0.01628521678269085
scheme_c	58	59	80.514	80.538	0.02400000000000091	11	3	1	21	0.00027095078960594096	0.0005232493904925306	0.0	3.413050469167015	3.410609870543922	0.002440598623093315	0.0010382600424078032
scheme_c	58	59	80.514	80.538	0.02400000000000091	11	3	1	22	0.00024750976313820967	0.0005074849568805773	0.025510204081632654	3.4821622582870297	3.4792844721501157	0.002877786136914029	0.026552977415342842
scheme_c	58	59	80.514	80.538	0.02400000000000091	11	3	1	23	0.0002791795422883752	0.0004599299839274096	0.030612244897959183	3.3047822858229763	3.302385058786825	0.002397227036151417	0.031591077127790114
scheme_c	59	60	80.538	80.562	0.02400000000000091	0	0	0	0	1.1447580569233344e-06	3.4450878557690245e-06	0.00510204081632653	3.7755283981696817	3.775224365719941	0.00030403244974053223	0.005137033907213276
scheme_c	59	60	80.538	80.562	0.02400000000000091	0	0	0	1	5.729432980333182e-07	1.7809830865633813e-07	0.0	2.2362987766530584	2.2362349285527685	6.38481002899205e-05	7.135851635681706e-06
scheme_c	59	60	80.538	80.562	0.02400000000000091	0	0	0	2	1.3698199177552672e-06	5.3006670539534895e-06	0.00510204081632653	3.824344758679139	3.8243175669911844	2.719168795461968e-05	0.005111430472093701
scheme_c	59	60	80.538	80.562	0.02400000000000091	1	0	1	0	4.137174483454164e-06	1.3038228749318037e-05	0.02040816326530612	3.7243188340827187	3.7236247992705844	0.0006940348121342588	0.020494742149752318
scheme_c	59	60	80.538	80.562	0.02400000000000091	1	0	1	1	4.2192010453761e-06	2.1866500441447556e-06	0.00510204081632653	2.046881815139451	2.0479742158379075	0.0010924006984565082	0.005217686737261702
scheme_c	59	60	80.538	80.562	0.02400000000000091	1	0	1	2	2.392868911259913e-06	8.079628732171606e-06	0.0	3.736057747936924	3.7358406340104504	0.00021711392647372207	3.2183890290803725e-05
scheme_c	59	60	80.538	80.562	0.02400000000000091	2	1	0	0	4.174629392652486e-06	1.2664384684613061e-05	0.02040816326530612	3.7907492220783303	3.7907764180274195	2.7195949089175997e-05	0.020427721874292305
scheme_c	59	60	80.538	80.562	0.02400000000000091	2	1	0	1	7.188142348773385e-06	2.4178561727983272e-05	0.04591836734693878	3.7757451332855108	3.7757119479925314	3.318529297935413e-05	0.04595305258031347
scheme_c	59	60	80.538	80.562	0.02400000000000091	2	1	0	2	2.281786128105521e-05	2.6969600004367322e-06	0.0	1.7752134410851466	1.7739821668989897	0.0012312741861568721	0.00014864223989717918
scheme_c	59	60	80.538	80.562	0.02400000000000091	2	1	0	3	2.8021963710107092e-05	2.7122544817848038e-06	0.02040816326530612	1.4217974800428161	1.4237389167615118	0.0019414367186956216	0.020633041155367574
scheme_c	59	60	80.538	80.562	0.02400000000000091	2	1	0	4	4.277090066067319e-05	2.0717574663597915e-06	0.05102040816326531	0.8293293753026152	0.8200462817986683	0.009283093503946849	0.05199356017178703
scheme_c	59	60	80.538	80.562	0.02400000000000091	2	1	0	5	2.7390926593124477e-05	1.3674192668178264e-06	0.02040816326530612	0.9837393442904765	0.9840898259898118	0.00035048169933526996	0.02047196978109959
scheme_c	59	60	80.538	80.562	0.02400000000000091	3	1	1	0	4.4407158216417395e-06	7.605901705121099e-06	0.0	3.090188135085221	3.0902102877502173	2.215266499616675e-05	1.4261884026379512e-05
scheme_c	59	60	80.538	80.562	0.02400000000000091	3	1	1	1	1.9062375486712827e-05	9.087237299088002e-06	0.00510204081632653	1.9113066081306709	1.909593333083835	0.001713275046835827	0.005301517933795914
scheme_c	59	60	80.538	80.562	0.02400000000000091	3	1	1	2	2.374992660305707e-05	3.528949891040689e-05	0.00510204081632653	3.0329997867301137	3.031656993598608	0.0013427931315055375	0.005295359554990548
scheme_c	59	60	80.538	80.562	0.02400000000000091	3	1	1	3	3.7341022965985213e-05	9.106021727844915e-05	0.030612244897959183	3.406706406607345	3.4059487371766295	0.0007576694307154241	0.03081641308127516
scheme_c	59	60	80.538	80.562	0.02400000000000091	3	1	1	4	1.9822219433768195e-05	1.277257206122595e-05	0.0	2.7362913211179656	2.736855236975741	0.0005639158577754877	8.898637727254292e-05
scheme_c	59	60	80.538	80.562	0.02400000000000091	3	1	1	5	1.1088454319318641e-05	1.8570532221762193e-05	0.00510204081632653	3.28282139173946	3.2828432138644423	2.1822124982140423e-05	0.005133882015365825
scheme_c	59	60	80.538	80.562	0.02400000000000091	4	2	0	0	2.753261793531823e-05	2.3506374920878592e-05	0.0	2.6189067191516124	2.6181332421506944	0.0007734770009180103	0.00012838669294799787
scheme_c	59	60	80.538	80.562	0.02400000000000091	4	2	0	1	3.2230382362654676e-05	5.865753749012548e-05	0.025510204081632654	3.4194787966602744	3.4184847745590274	0.000994022101246994	0.025700494211610133
scheme_c	59	60	80.538	80.562	0.02400000000000091	4	2	0	2	5.28997089176273e-05	0.00014260213087224916	0.02040816326530612	3.6217437022287937	3.6215396217928264	0.00020408043596731318	0.020624073148692728
scheme_c	59	60	80.538	80.562	0.02400000000000091	4	2	0	3	6.827392308214389e-05	0.00020014254159261835	0.0663265306122449	3.699440613321233	3.6990737521197574	0.00036686120147555457	0.06663163319706722
scheme_c	59	60	80.538	80.562	0.02400000000000091	4	2	0	4	2.9233317233906532e-05	9.59482643604348e-05	0.04081632653061224	3.776646993855596	3.7765484560419194	9.853781367663572e-05	0.04095136189357425
scheme_c	59	60	80.538	80.562	0.02400000000000091	4	2	0	5	3.202609031012813e-05	8.020733104241451e-06	0.0	2.1139234859090363	2.113445146348141	0.00047833956089515794	8.788077950388538e-05
scheme_c	59	60	80.538	80.562	0.02400000000000091	4	2	0	6	3.920703366853982e-05	1.0025165242733003e-05	0.00510204081632653	2.2583852982103143	2.260070212198588	0.0016849139882735287	0.005319764414065156
scheme_c	59	60	80.538	80.562	0.02400000000000091	4	2	0	7	3.070262175044374e-05	0.00010930673918196909	0.061224489795918366	3.8362369078298455	3.8365985679873145	0.0003616601574689682	0.06140066517259767
scheme_c	59	60	80.538	80.562	0.02400000000000091	4	2	0	8	3.026285066379408e-05	0.0001127833518232979	0.07653061224489796	3.8505251594884076	3.850422258836986	0.00010290065142148919	0.0766839485125272
scheme_c	59	60	80.538	80.562	0.02400000000000091	4	2	0	9	1.8432107965831495e-05	4.04729509090318e-05	0.015306122448979591	3.377694819082197	3.375546844301107	0.0021479747810899674	0.01557982498596345
scheme_c	59	60	80.538	80.562	0.02400000000000091	4	2	0	10	4.208065033542061e-05	7.616856262604443e-06	0.0	2.1003632639418286	2.0998646071129308	0.0004986568288978255	9.95631894878076e-05
scheme_c	59	60	80.538	80.562	0.02400000000000091	4	2	0	11	3.1845618074657655e-05	5.991896124157847e-06	0.0	1.9383985876977314	1.9363159610696214	0.0020826266281099848	0.000246100177009814
scheme_c	59	60	80.538	80.562	0.02400000000000091	5	2	1	0	7.763865899442151e-05	0.0001308798414060286	0.01020408163265306	3.2053633939352615	3.2051475691000366	0.00021582483522486484	0.010434182616575997
scheme_c	59	60	80.538	80.562	0.02400000000000091	5	2	1	1	4.6746244979486244e-05	0.0001232712048007123	0.04081632653061224	3.5597726401107765	3.559550901521735	0.00022173858904173116	0.04100851783929661
scheme_c	59	60	80.538	80.562	0.02400000000000091	5	2	1	2	4.537155552100543e-05	0.00010329704855205346	0.00510204081632653	3.3893227700375266	3.3876197198090803	0.0017030502284463012	0.005421014443244219
scheme_c	59	60	80.538	80.562	0.02400000000000091	5	2	1	3	5.6965912640939175e-05	3.47137392834318e-05	0.01020408163265306	2.5127018909391636	2.512232431283186	0.00046945965597755546	0.010342707250175187
scheme_c	59	60	80.538	80.562	0.02400000000000091	5	2	1	4	5.517626496862705e-05	3.538004358638602e-05	0.00510204081632653	2.5334575284649348	2.531306495601088	0.002151032863846769	0.00540770041126622
scheme_c	59	60	80.538	80.562	0.02400000000000091	5	2	1	5	4.754125562823575e-05	1.0837653951156767e-05	0.00510204081632653	2.1624803314587853	2.1612829015921444	0.0011974298666408423	0.005280162712570007
scheme_c	59	60	80.538	80.562	0.02400000000000091	5	2	1	6	4.749574204556953e-05	7.697261178507553e-05	0.015306122448979591	3.17222782974204	3.172178776715662	4.905302637769893e-05	0.015435496105448006
scheme_c	59	60	80.538	80.562	0.02400000000000091	5	2	1	7	2.003999391152905e-05	8.235924679356188e-06	0.00510204081632653	2.1055941750144394	2.1045470953770833	0.0010470796373560631	0.005235024698653021
scheme_c	59	60	80.538	80.562	0.02400000000000091	5	2	1	8	3.350722573231678e-05	1.6008341076068078e-05	0.00510204081632653	2.17383964996327	2.1720110054501847	0.0018286445130852869	0.0053344208344434435
scheme_c	59	60	80.538	80.562	0.02400000000000091	5	2	1	9	8.9880039774454e-05	0.00022740587999203754	0.02040816326530612	3.545463899278835	3.545724310746808	0.0002604114679729541	0.020751490331869907
scheme_c	59	60	80.538	80.562	0.02400000000000091	5	2	1	10	0.00010242618427353066	0.00014175849288622366	0.015306122448979591	3.0713839599354795	3.0743488359606435	0.0029648760251639317	0.01584679472865574
scheme_c	59	60	80.538	80.562	0.02400000000000091	5	2	1	11	9.71185066061865e-05	0.00012471014716997075	0.01020408163265306	2.987789360212142	2.986123043479232	0.001666316732910289	0.010592541959720246
scheme_c	59	60	80.538	80.562	0.02400000000000091	6	2	2	0	5.710271985648846e-05	0.00017446135731646883	0.030612244897959183	3.755019894708064	3.75481556962662	0.0002043250814440789	0.030864241483276548
scheme_c	59	60	80.538	80.562	0.02400000000000091	6	2	2	1	8.525198366185856e-05	0.0003051399587672421	0.04591836734693878	3.6796198757775036	3.6864475730711166	0.006827697293612989	0.04699152901872918
scheme_c	59	60	80.538	80.562	0.02400000000000091	6	2	2	2	9.097994241553367e-05	0.00028375597316132595	0.05102040816326531	3.720339292344101	3.721015624152349	0.0006763318082478875	0.051462777259666956
scheme_c	59	60	80.538	80.562	0.02400000000000091	6	2	2	3	3.3987516577419944e-05	7.070172188361479e-05	0.04591836734693878	3.596324776380491	3.5956453195751528	0.0006794568053383188	0.04609100226593364
scheme_c	59	60	80.538	80.562	0.02400000000000091	6	2	2	4	0.00010002287945061784	0.0002685432009592592	0.025510204081632654	3.6263657443169324	3.6278773087698393	0.0015115644529068994	0.02602992660733322
scheme_c	59	60	80.538	80.562	0.02400000000000091	6	2	2	5	1.910131347493053e-05	3.265410066810581e-05	0.01020408163265306	2.604231431966814	2.6044128387248926	0.0001814067580787615	0.010273977722603973
scheme_c	59	60	80.538	80.562	0.02400000000000091	6	2	2	6	3.378422512727926e-05	0.00011824432019758024	0.04591836734693878	3.8177646659429567	3.818285102297462	0.0005204363545052715	0.046122439527714165
scheme_c	59	60	80.538	80.562	0.02400000000000091	6	2	2	7	5.5777678616030155e-05	5.6968167937987424e-05	0.02040816326530612	3.0115567858540615	3.0116750851583576	0.00011829930429607671	0.020532739042289746
scheme_c	59	60	80.538	80.562	0.02400000000000091	6	2	2	8	7.316815606611777e-05	0.00014649959515311561	0.02040816326530612	3.4338313436881145	3.4353784788821535	0.0015471351940390399	0.020782544535929256
scheme_c	59	60	80.538	80.562	0.02400000000000091	6	2	2	9	6.624973049494253e-05	5.084035345992444e-05	0.0	2.6706220413253314	2.6708876787623095	0.0002656374369780501	0.00014365382765267197
scheme_c	59	60	80.538	80.562	0.02400000000000091	6	2	2	10	7.169029533891435e-05	7.009212749087279e-05	0.01020408163265306	2.836124507055776	2.836360778036347	0.00023627098057099616	0.010369491153539946
scheme_c	59	60	80.538	80.562	0.02400000000000091	6	2	2	11	4.754216927461123e-05	0.0001493321128185343	0.07653061224489796	3.7367186067440414	3.738110112776883	0.0013915060328417717	0.07686663713027528
scheme_c	59	60	80.538	80.562	0.02400000000000091	7	2	3	0	8.479711328068624e-05	6.373782414414997e-05	0.00510204081632653	2.7187666321091006	2.7161241854793934	0.0026424466297072513	0.005514820416722092
scheme_c	59	60	80.538	80.562	0.02400000000000091	7	2	3	1	0.00012549695646272757	4.831239449920588e-05	0.00510204081632653	2.427042447223071	2.4344787755349104	0.007436328311839269	0.006019482998472391
scheme_c	59	60	80.538	80.562	0.02400000000000091	7	2	3	2	8.511448805175172e-05	7.05570912387099e-05	0.015306122448979591	2.678264934056951	2.676365884273419	0.0018990497835318365	0.015651699006623238
scheme_c	59	60	80.538	80.562	0.02400000000000091	7	2	3	3	3.4118755014820007e-05	9.68775409603273e-05	0.0	3.612583900479073	3.6113857077911513	0.001198192687921651	0.0002508155647673124
scheme_c	59	60	80.538	80.562	0.02400000000000091	7	2	3	4	8.133030944277611e-05	0.00020379391209812692	0.04081632653061224	3.593785864725773	3.5926142893438837	0.0011715753818895003	0.041218608290342094
scheme_c	59	60	80.538	80.562	0.02400000000000091	7	2	3	5	7.412608737675323e-05	4.232273368243167e-05	0.00510204081632653	2.2270846976428085	2.2249238633373687	0.002160834305439785	0.005434573067929694
scheme_c	59	60	80.538	80.562	0.02400000000000091	7	2	3	6	0.00011160775779496571	0.00025347016602605965	0.03571428571428571	3.483795444392785	3.483432033748773	0.0003634106440117968	0.03611570470250792
scheme_c	59	60	80.538	80.562	0.02400000000000091	7	2	3	7	7.346009534059725e-05	0.0001684476188038575	0.03571428571428571	3.3932556820421786	3.3930321387681115	0.00022354327406715058	0.03597854775583688
scheme_c	59	60	80.538	80.562	0.02400000000000091	7	2	3	8	5.011884707528646e-05	7.75664419101485e-05	0.00510204081632653	3.1135033891592463	3.114192339034326	0.0006889498750797252	0.005298621092819938
scheme_c	59	60	80.538	80.562	0.02400000000000091	7	2	3	9	0.00010897910653456721	0.0002245067979377291	0.01020408163265306	3.422352332908187	3.422676804603424	0.00032447169523708297	0.010570014706649066
scheme_c	59	60	80.538	80.562	0.02400000000000091	7	2	3	10	6.433672100354796e-05	3.993399437429712e-05	0.00510204081632653	2.04267122927672	2.042104250749661	0.0005669785270590033	0.005263009384410275
scheme_c	59	60	80.538	80.562	0.02400000000000091	7	2	3	11	0.00012134537135756202	0.00033076399933806844	0.03571428571428571	3.662171746974284	3.662114591257161	5.715571712316958e-05	0.036172110656693665
scheme_c	59	60	80.538	80.562	0.02400000000000091	8	2	4	0	0.00013700887563381642	0.0003232061993804214	0.0	3.585324686916613	3.587685791628657	0.002361104712043982	0.000696325546218636
scheme_c	59	60	80.538	80.562	0.02400000000000091	8	2	4	1	0.0001024182701286281	0.0002772474014626214	0.030612244897959183	3.61793214823292	3.6187434960855054	0.00081134785258552	0.031073045354808985
scheme_c	59	60	80.538	80.562	0.02400000000000091	8	2	4	2	0.00013678025382531564	0.0004621590692384103	0.04591836734693878	3.768747137223867	3.770154234319777	0.001407097095910359	0.04665801637959354
scheme_c	59	60	80.538	80.562	0.02400000000000091	8	2	4	3	0.00013943100072804062	0.000406613286007107	0.05612244897959184	3.694659825267005	3.696828684841817	0.0021688595748119432	0.05688537922380817
scheme_c	59	60	80.538	80.562	0.02400000000000091	8	2	4	4	0.00010538430675140719	0.00038585619758757517	0.02040816326530612	3.6104863233853886	3.6179805128328666	0.007494189447478039	0.021648822714392904
scheme_c	59	60	80.538	80.562	0.02400000000000091	8	2	4	5	0.0001378552394561197	0.00025444400198648687	0.01020408163265306	3.4205139420348534	3.423138407898375	0.002624465863521497	0.010858827460447817
scheme_c	59	60	80.538	80.562	0.02400000000000091	8	2	4	6	8.659103186784044e-05	0.00027001599173603896	0.03571428571428571	3.7018697120894544	3.7025782715961153	0.0007085595066609329	0.036141748688555686
scheme_c	59	60	80.538	80.562	0.02400000000000091	8	2	4	7	0.00010809960303532045	0.000320901034069232	0.04591836734693878	3.677723122351072	3.6800687667573433	0.0023456444062714965	0.046581932424670486
scheme_c	59	60	80.538	80.562	0.02400000000000091	8	2	4	8	4.3319575443298084e-05	9.806562626868409e-05	0.02040816326530612	3.543569173384767	3.542974373051483	0.0005948003332840734	0.02060902850034651
scheme_c	59	60	80.538	80.562	0.02400000000000091	8	2	4	9	0.00013033147703268025	0.00028408949605351896	0.05612244897959184	3.6155800636386157	3.6155089965315046	7.106710711113351e-05	0.05654397666338915
scheme_c	59	60	80.538	80.562	0.02400000000000091	8	2	4	10	9.169870964240186e-05	0.00020418283949852345	0.03571428571428571	3.5461520726553064	3.546453131707191	0.00030105905188460014	0.0360402731686151
scheme_c	59	60	80.538	80.562	0.02400000000000091	8	2	4	11	0.00014746417222016837	0.00036140965595299335	0.09183673469387756	3.5955943561286663	3.5985259666785474	0.002931610549881114	0.09263876957703883
scheme_c	59	60	80.538	80.562	0.02400000000000091	9	2	5	0	0.00014479472311957025	0.0002595587251855713	0.03571428571428571	3.2125207756093586	3.2123802343110683	0.00014054129829021988	0.036132693292419873
scheme_c	59	60	80.538	80.562	0.02400000000000091	9	2	5	1	0.00014379591786057623	0.00026331193311135426	0.015306122448979591	3.206465447622513	3.2055908366961456	0.0008746109263673141	0.015800691392588256
scheme_c	59	60	80.538	80.562	0.02400000000000091	9	2	5	2	0.0001451106937605353	8.27453108207532e-05	0.03571428571428571	2.891552884685539	2.9017901379792965	0.010237253293757576	0.036965867048242756
scheme_c	59	60	80.538	80.562	0.02400000000000091	9	2	5	3	0.00015181122127636606	0.00035027889443628446	0.03571428571428571	3.375268672954644	3.377007166418423	0.0017384934637787453	0.03639022517637624
scheme_c	59	60	80.538	80.562	0.02400000000000091	9	2	5	4	9.57878058135514e-05	0.00015200595040887332	0.02040816326530612	3.0659531349564118	3.0628119218342236	0.00314121312218818	0.020970078333747363
scheme_c	59	60	80.538	80.562	0.02400000000000091	9	2	5	5	4.977858554902525e-05	0.00013325295057120545	0.04591836734693878	3.511491553195163	3.5121228774791544	0.0006313242839914857	0.04616453131145816
scheme_c	59	60	80.538	80.562	0.02400000000000091	9	2	5	6	0.00013794068804021966	0.00032631989248699256	0.04081632653061224	3.651729640570198	3.6531130578247923	0.0013834172545941215	0.04141892883659887
scheme_c	59	60	80.538	80.562	0.02400000000000091	9	2	5	7	0.0001637661941065593	0.0003854973714898513	0.04591836734693878	3.4123616882894927	3.4139457446733488	0.0015840563838560584	0.0466260365509208
scheme_c	59	60	80.538	80.562	0.02400000000000091	9	2	5	8	0.00010273028893083206	0.00012989855469414113	0.015306122448979591	3.023900010727434	3.0238915966198117	8.414107622201072e-06	0.015539592703366786
scheme_c	59	60	80.538	80.562	0.02400000000000091	9	2	5	9	0.00014610381375533858	0.00027990813292422256	0.05102040816326531	3.271115265584209	3.2726615098528673	0.0015462442686584588	0.05160104453681071
scheme_c	59	60	80.538	80.562	0.02400000000000091	9	2	5	10	0.00013760775049251025	0.00027180973862950264	0.04081632653061224	3.2965958696550577	3.297284573589895	0.0006887039348373314	0.04129461441321799
scheme_c	59	60	80.538	80.562	0.02400000000000091	9	2	5	11	0.00010193453629564952	0.00021748852650949058	0.030612244897959183	3.2906387724531827	3.291304661544145	0.0006658890909623238	0.030998256869860553
scheme_c	59	60	80.538	80.562	0.02400000000000091	10	3	0	0	0.0005918181677041705	0.0009007883818921147	0.030612244897959183	3.2964197071796666	3.3057539297955545	0.0093342226158879	0.03303827370914426
scheme_c	59	60	80.538	80.562	0.02400000000000091	10	3	0	1	0.0006302882951886566	0.0009458624557214801	0.061224489795918366	3.2655961365247337	3.263665851283895	0.0019302852408387139	0.06299366907091238
scheme_c	59	60	80.538	80.562	0.02400000000000091	10	3	0	2	0.0008753174315354003	0.0008469077620115728	0.0	3.2244013131589555	3.237859347076518	0.013458033917562506	0.003068028585303224
scheme_c	59	60	80.538	80.562	0.02400000000000091	10	3	0	3	0.000618098094433117	0.0008811610705145023	0.02040816326530612	3.409270747913668	3.4147724899264533	0.0055017420127851935	0.02245759663153226
scheme_c	59	60	80.538	80.562	0.02400000000000091	10	3	0	4	0.0005928988557225631	0.0007839380685117359	0.015306122448979591	3.3464185312417674	3.3465935191231537	0.00017498788138636812	0.016700458161352526
scheme_c	59	60	80.538	80.562	0.02400000000000091	10	3	0	5	0.0011163192757600818	0.0009452628499311277	0.00510204081632653	2.859136608344835	2.8696085571393017	0.01047194879446689	0.008210817821464428
scheme_c	59	60	80.538	80.562	0.02400000000000091	10	3	0	6	0.0007079884409044848	0.0009186995815154697	0.00510204081632653	3.3845315741409494	3.3994503178318745	0.014918743690925051	0.00822060320783899
scheme_c	59	60	80.538	80.562	0.02400000000000091	10	3	0	7	0.0002333270830992797	0.0006515600553812506	0.00510204081632653	3.606307772981459	3.6079837927336618	0.001676019752202773	0.006154529930027338
scheme_c	59	60	80.538	80.562	0.02400000000000091	10	3	0	8	0.0005998713608197938	0.0007836226054831474	0.04591836734693878	3.151495562027412	3.158161992175513	0.006666430148101199	0.04796850432805184
scheme_c	59	60	80.538	80.562	0.02400000000000091	10	3	0	9	0.0001802995963728558	0.0004574244101743785	0.00510204081632653	3.3975933976606676	3.402875401122246	0.005282003461578366	0.006267965169031601
scheme_c	59	60	80.538	80.562	0.02400000000000091	10	3	0	10	0.0006826349668557666	0.0008435392683836529	0.02040816326530612	3.341142681886279	3.3580302211127524	0.016887539226473347	0.023623091423192875
scheme_c	59	60	80.538	80.562	0.02400000000000091	10	3	0	11	0.000614957174516375	0.0007808894791920817	0.030612244897959183	3.3417995002700644	3.3509043251965793	0.009104824926514876	0.032918574044319124
scheme_c	59	60	80.538	80.562	0.02400000000000091	10	3	0	12	0.0005468665006737854	0.000849679458476027	0.05102040816326531	3.263105746296391	3.2592346711443536	0.0038710751520372177	0.052804061637618846
scheme_c	59	60	80.538	80.562	0.02400000000000091	10	3	0	13	0.0009171272134966618	0.0013025516103735146	0.025510204081632654	3.3475610068598485	3.382508054135555	0.034947047275706744	0.031224587633073505
scheme_c	59	60	80.538	80.562	0.02400000000000091	10	3	0	14	0.0003069208235374253	0.0006474143739937377	0.04081632653061224	3.360794320265504	3.369864612987122	0.009070292721617967	0.042677691000305204
scheme_c	59	60	80.538	80.562	0.02400000000000091	10	3	0	15	0.000574698329166087	0.0008004897300293301	0.030612244897959183	3.095645213489734	3.108881118379061	0.01323590488932691	0.033311023446087294
scheme_c	59	60	80.538	80.562	0.02400000000000091	10	3	0	16	0.0006377531372973602	0.000969781586536822	0.03571428571428571	3.3662142731635125	3.3803753875365437	0.014161114373031136	0.03873793187542301
scheme_c	59	60	80.538	80.562	0.02400000000000091	10	3	0	17	0.0006919194835937378	0.001029520212531887	0.015306122448979591	3.275144118287708	3.275721019634898	0.0005769013471899065	0.017085252279824208
scheme_c	59	60	80.538	80.562	0.02400000000000091	10	3	0	18	0.0004145507718144539	0.000818227634316937	0.01020408163265306	3.5822058436443154	3.582627907760752	0.00042206411643652686	0.011479066450428104
scheme_c	59	60	80.538	80.562	0.02400000000000091	10	3	0	19	0.0005385564869854027	0.0007442388953756707	0.00510204081632653	3.3762881391034374	3.3789696575343005	0.0026815184308630613	0.006652988041773909
scheme_c	59	60	80.538	80.562	0.02400000000000091	10	3	0	20	0.0005937920819145746	0.0007660944648671952	0.05102040816326531	2.984584884933757	2.9859460837697958	0.0013611988360389127	0.052516414593650966
scheme_c	59	60	80.538	80.562	0.02400000000000091	10	3	0	21	0.0002194395571951126	0.0006336000169906431	0.04081632653061224	3.537321045446012	3.5389981185083887	0.0016770730623769659	0.041837073411035694
scheme_c	59	60	80.538	80.562	0.02400000000000091	10	3	0	22	0.0005995164766331117	0.0007490276303542265	0.025510204081632654	3.3298487855818113	3.3286111676548935	0.001237617926917789	0.026982509981311773
scheme_c	59	60	80.538	80.562	0.02400000000000091	10	3	0	23	0.0006691265734451743	0.0008778476693419579	0.025510204081632654	3.2539980313294845	3.254280763378441	0.00028273204895645776	0.02708545152931543
scheme_c	59	60	80.538	80.562	0.02400000000000091	11	3	1	0	3.9998689495113584e-05	0.00012771527337063215	0.015306122448979591	3.4251330857366873	3.4253307291023987	0.0001976433657113752	0.015493600748416474
scheme_c	59	60	80.538	80.562	0.02400000000000091	11	3	1	1	0.0003238165776222047	0.0008252686391237996	0.01020408163265306	3.5765682867728565	3.5896106986479857	0.013042411875129112	0.012657408036911975
scheme_c	59	60	80.538	80.562	0.02400000000000091	11	3	1	2	0.0003276675427062789	0.0006327398751042601	0.030612244897959183	3.494680327891528	3.499415013892237	0.004734686000709143	0.03204612091584064
scheme_c	59	60	80.538	80.562	0.02400000000000091	11	3	1	3	0.00032838837450181355	0.000679865074340591	0.02040816326530612	3.5216627386592263	3.526636256792343	0.004973518133116528	0.02191376852746018
scheme_c	59	60	80.538	80.562	0.02400000000000091	11	3	1	4	0.0004781098381607898	0.0009378877390030516	0.01020408163265306	3.4820166578416267	3.4941275877880513	0.012110929946424598	0.012831172204459361
scheme_c	59	60	80.538	80.562	0.02400000000000091	11	3	1	5	0.00011136861021570146	0.0003366680014146306	0.03571428571428571	3.5216188736946146	3.521628121802834	9.248108219228612e-06	0.036163247136737964
scheme_c	59	60	80.538	80.562	0.02400000000000091	11	3	1	6	0.00030855110622818023	0.0005596697674020712	0.02040816326530612	3.4021294256736025	3.4077185738833173	0.005589148209714789	0.02183529895990785
scheme_c	59	60	80.538	80.562	0.02400000000000091	11	3	1	7	0.00026285429351734387	0.0006282901862952883	0.03571428571428571	3.613245823960468	3.611125452198924	0.0021203717615438933	0.03681746737025273
scheme_c	59	60	80.538	80.562	0.02400000000000091	11	3	1	8	0.00043693971544670477	0.0008517190593996249	0.025510204081632654	3.455362147929066	3.4611503376988817	0.005788189769815766	0.027377681833460562
scheme_c	59	60	80.538	80.562	0.02400000000000091	11	3	1	9	0.00045124837743785	0.0008503123555285708	0.015306122448979591	3.325226183425769	3.3263601230296325	0.001133939603863432	0.016721077142332355
scheme_c	59	60	80.538	80.562	0.02400000000000091	11	3	1	10	0.0003325096498690174	0.0007459320760685451	0.025510204081632654	3.5462449001347567	3.554593920950937	0.008349020816180275	0.027423547889188243
scheme_c	59	60	80.538	80.562	0.02400000000000091	11	3	1	11	0.0002797030121771589	0.0005848530905061544	0.01020408163265306	3.5271377354787767	3.5297488896117133	0.002611154132936555	0.01132975314863003
scheme_c	59	60	80.538	80.562	0.02400000000000091	11	3	1	12	0.00024710973232848997	0.0005715263693935047	0.04081632653061224	3.455621529540828	3.460628290693114	0.005006761152285932	0.042135638747562834
scheme_c	59	60	80.538	80.562	0.02400000000000091	11	3	1	13	0.0003366194426912862	0.0007431649370185367	0.025510204081632654	3.5660969591699407	3.5684153472661535	0.0023183880962127645	0.026821827270963754
scheme_c	59	60	80.538	80.562	0.02400000000000091	11	3	1	14	0.0001902845823451853	0.0004640921854608404	0.025510204081632654	3.5658785918746956	3.566197509739966	0.00031891786527049604	0.02619647263596573
scheme_c	59	60	80.538	80.562	0.02400000000000091	11	3	1	15	0.00029786107358191336	0.0008398876926436483	0.04081632653061224	3.633766086632945	3.6407248414826068	0.006958754849661908	0.042649950781803996
scheme_c	59	60	80.538	80.562	0.02400000000000091	11	3	1	16	0.000266977772063909	0.0006183998529620816	0.015306122448979591	3.6075966479657366	3.6077173744873923	0.00012072652165562303	0.016203572726171143
scheme_c	59	60	80.538	80.562	0.02400000000000091	11	3	1	17	0.0002902971681090203	0.000763685046271223	0.02040816326530612	3.548994149945275	3.555434530052577	0.0064403801073020794	0.022106183490416573
scheme_c	59	60	80.538	80.562	0.02400000000000091	11	3	1	18	0.0005727083371944724	0.0010155398636048085	0.03571428571428571	3.3845453283055575	3.389929799036288	0.005384470730730673	0.03784098098815806
scheme_c	59	60	80.538	80.562	0.02400000000000091	11	3	1	19	0.0003880999286307571	0.0007598082171061948	0.025510204081632654	3.4358312097423878	3.4498680481247637	0.014036838382375905	0.028061796065607197
scheme_c	59	60	80.538	80.562	0.02400000000000091	11	3	1	20	0.00033374572308222125	0.0007142784474013508	0.015306122448979591	3.520428287571081	3.5249665175291303	0.0045382299580492	0.016807969615268085
scheme_c	59	60	80.538	80.562	0.02400000000000091	11	3	1	21	0.0003257458361160646	0.0006528399479844849	0.00510204081632653	3.410609870543922	3.4252585515821594	0.014648681038237577	0.007545494704250838
scheme_c	59	60	80.538	80.562	0.02400000000000091	11	3	1	22	0.0002757699980076365	0.0005841580086990428	0.015306122448979591	3.4792844721501157	3.484389806003603	0.005105333853487437	0.016676583841035014
scheme_c	59	60	80.538	80.562	0.02400000000000091	11	3	1	23	0.00031199700191946865	0.0006147153465088095	0.04591836734693878	3.302385058786825	3.306945369837804	0.0045603110509793154	0.047301110800464986
