pair	sample_index	target	direction	ref_pred	cmp_pred	ref_conf	cmp_conf	ref_true_prob	cmp_true_prob	true_prob_delta	ref_margin	cmp_margin
continuous_vs_candidate	11642	23	regressed	23	84	0.8307856321334839	0.7042277455329895	0.8307856321334839	0.068205825984478	-0.7625797986984253	2.665344715118408	2.3345718383789062
continuous_vs_candidate	29388	337	improved	50	337	0.5419368743896484	0.7363707423210144	0.044490572065114975	0.7363707423210144	0.6918801665306091	2.4998722076416016	2.5697569847106934
continuous_vs_candidate	48839	372	improved	972	372	0.15979671478271484	0.7055572867393494	0.06503681093454361	0.7055572867393494	0.640520453453064	0.6431112289428711	3.319859027862549
continuous_vs_candidate	21284	345	improved	295	345	0.4413456916809082	0.7397063374519348	0.11971931904554367	0.7397063374519348	0.6199870109558105	1.0038609504699707	2.6992640495300293
continuous_vs_candidate	34256	696	improved	813	696	0.3619561791419983	0.698512077331543	0.09058207273483276	0.698512077331543	0.6079300045967102	0.6789298057556152	1.8874406814575195
continuous_vs_candidate	32855	21	improved	23	21	0.6252725720405579	0.7114679217338562	0.11460969597101212	0.7114679217338562	0.5968582034111023	1.6966552734375	2.3971118927001953
continuous_vs_candidate	7421	79	regressed	79	316	0.6235113739967346	0.19575536251068115	0.6235113739967346	0.032261695712804794	-0.5912497043609619	2.042727470397949	1.2243881225585938
continuous_vs_candidate	31883	459	improved	684	459	0.7462814450263977	0.6699373126029968	0.09397263824939728	0.6699373126029968	0.5759646892547607	2.072099208831787	1.271615982055664
continuous_vs_candidate	33934	0	improved	397	0	0.08702113479375839	0.6442511081695557	0.07083487510681152	0.6442511081695557	0.5734162330627441	0.17120695114135742	2.527721405029297
continuous_vs_candidate	44909	18	improved	19	18	0.7063284516334534	0.6702955365180969	0.10232452303171158	0.6702955365180969	0.5679709911346436	1.9319310188293457	1.2242865562438965
continuous_vs_candidate	13792	764	regressed	764	515	0.8059818148612976	0.4758833050727844	0.8059818148612976	0.2593807876110077	-0.5466010570526123	2.3305821418762207	0.6068754196166992
continuous_vs_candidate	46516	200	regressed	200	226	0.7825882434844971	0.5703175663948059	0.7825882434844971	0.2407362014055252	-0.5418520569801331	1.7937860488891602	0.8624916076660156
continuous_vs_candidate	17728	489	regressed	489	287	0.6496492624282837	0.6425901055335999	0.6496492624282837	0.11229024827480316	-0.5373589992523193	1.5366253852844238	1.744420051574707
continuous_vs_candidate	38779	700	regressed	700	731	0.7052974104881287	0.23361057043075562	0.7052974104881287	0.16836780309677124	-0.5369296073913574	2.39115047454834	0.32750463485717773
continuous_vs_candidate	7728	644	improved	892	644	0.2918567657470703	0.7618699669837952	0.22505685687065125	0.7618699669837952	0.5368131399154663	0.25991010665893555	3.0839486122131348
continuous_vs_candidate	20674	125	improved	78	125	0.3186340034008026	0.7337568998336792	0.19797533750534058	0.7337568998336792	0.5357815623283386	0.47590065002441406	2.46157169342041
continuous_vs_candidate	48004	710	regressed	710	711	0.6858685612678528	0.1640155166387558	0.6858685612678528	0.15311478078365326	-0.5327537655830383	2.3101887702941895	0.003883838653564453
continuous_vs_candidate	47162	405	improved	628	405	0.23206233978271484	0.653468132019043	0.12488561123609543	0.653468132019043	0.5285825133323669	0.6196079254150391	2.849292278289795
continuous_vs_candidate	42368	775	improved	655	775	0.38946694135665894	0.674765944480896	0.149617999792099	0.674765944480896	0.5251479148864746	0.9566936492919922	2.3557944297790527
continuous_vs_candidate	31028	692	improved	518	692	0.5453786253929138	0.8548377156257629	0.33054792881011963	0.8548377156257629	0.5242897868156433	0.5007286071777344	2.499260425567627
continuous_vs_candidate	43100	415	improved	443	415	0.7455846667289734	0.6339377164840698	0.11131741851568222	0.6339377164840698	0.5226203203201294	1.9017829895019531	1.1294269561767578
continuous_vs_candidate	19459	674	improved	333	674	0.6604416370391846	0.6868105530738831	0.18165186047554016	0.6868105530738831	0.5051586627960205	1.2908167839050293	1.2091436386108398
continuous_vs_candidate	25325	822	improved	112	822	0.22298778593540192	0.6069072484970093	0.10337892919778824	0.6069072484970093	0.5035282969474792	0.7687158584594727	2.356212615966797
continuous_vs_candidate	42292	206	improved	221	206	0.5642440319061279	0.7077098488807678	0.20438332855701447	0.7077098488807678	0.5033265352249146	1.0154895782470703	1.4845056533813477
continuous_vs_candidate	16642	184	improved	185	184	0.4024994671344757	0.8858008980751038	0.3826761543750763	0.8858008980751038	0.5031247138977051	0.05050468444824219	3.6993885040283203
continuous_vs_candidate	34200	103	improved	360	103	0.6068958044052124	0.7963939905166626	0.2937343418598175	0.7963939905166626	0.5026596784591675	0.7256813049316406	2.1181063652038574
continuous_vs_candidate	34269	98	improved	143	98	0.5722580552101135	0.8448027968406677	0.34765124320983887	0.8448027968406677	0.49715155363082886	0.49839019775390625	2.3452720642089844
continuous_vs_candidate	9859	447	regressed	447	751	0.7233604788780212	0.3358879089355469	0.7233604788780212	0.22698277235031128	-0.49637770652770996	2.4207496643066406	0.3919034004211426
continuous_vs_candidate	18053	568	regressed	568	869	0.7459346652030945	0.540820837020874	0.7459346652030945	0.25290271639823914	-0.49303194880485535	1.8024425506591797	0.7600831985473633
continuous_vs_candidate	19067	893	regressed	893	464	0.6927847862243652	0.23538771271705627	0.6927847862243652	0.2025829702615738	-0.49020183086395264	1.9123616218566895	0.1500844955444336
continuous_vs_candidate	6094	444	regressed	444	870	0.77879399061203	0.4416601359844208	0.77879399061203	0.29134005308151245	-0.4874539375305176	1.959040641784668	0.4160494804382324
continuous_vs_candidate	12694	913	improved	833	913	0.5859384536743164	0.7201113700866699	0.23405340313911438	0.7201113700866699	0.48605796694755554	0.9176654815673828	1.6761770248413086
continuous_vs_candidate	47591	360	regressed	360	357	0.659559965133667	0.4046318829059601	0.659559965133667	0.17399340867996216	-0.48556655645370483	1.6872978210449219	0.8439602851867676
continuous_vs_candidate	33436	965	improved	934	965	0.23204724490642548	0.6798077821731567	0.1966087520122528	0.6798077821731567	0.48319903016090393	0.1657252311706543	2.153794288635254
continuous_vs_candidate	8746	839	regressed	839	718	0.6595494747161865	0.3274018466472626	0.6595494747161865	0.17706528306007385	-0.48248419165611267	1.6040167808532715	0.6146697998046875
continuous_vs_candidate	22226	17	regressed	17	14	0.8513839840888977	0.4250882863998413	0.8513839840888977	0.37040212750434875	-0.48098185658454895	3.362138271331787	0.13770771026611328
continuous_vs_candidate	6657	106	improved	342	106	0.5572122931480408	0.6204213500022888	0.14130420982837677	0.6204213500022888	0.47911715507507324	1.3720312118530273	1.377983570098877
continuous_vs_candidate	44603	758	improved	543	758	0.4061010181903839	0.6858015060424805	0.2072630673646927	0.6858015060424805	0.478538453578949	0.6726131439208984	2.8860979080200195
continuous_vs_candidate	22234	709	regressed	709	696	0.6160411834716797	0.1505763828754425	0.6160411834716797	0.13781975209712982	-0.47822141647338867	2.7614669799804688	0.08852386474609375
continuous_vs_candidate	28016	142	regressed	142	140	0.8065416216850281	0.45843616127967834	0.8065416216850281	0.3299523890018463	-0.47658923268318176	2.4837775230407715	0.3288726806640625
continuous_vs_candidate	8718	315	regressed	315	320	0.537932813167572	0.38650938868522644	0.537932813167572	0.06158694997429848	-0.47634586691856384	1.3315424919128418	1.0715980529785156
continuous_vs_candidate	6194	264	regressed	264	195	0.63376784324646	0.26902690529823303	0.63376784324646	0.15824072062969208	-0.4755271077156067	2.430562973022461	0.5306940078735352
continuous_vs_candidate	31411	193	improved	196	193	0.5595073699951172	0.6908931136131287	0.21608290076255798	0.6908931136131287	0.4748102128505707	0.9513945579528809	1.6111011505126953
continuous_vs_candidate	18541	154	regressed	154	151	0.7893691062927246	0.5370559096336365	0.7893691062927246	0.3156038820743561	-0.47376522421836853	2.6559929847717285	0.5316143035888672
continuous_vs_candidate	10648	92	improved	90	92	0.39076343178749084	0.811714768409729	0.34086230397224426	0.811714768409729	0.47085246443748474	0.13662385940551758	3.5194644927978516
continuous_vs_candidate	14256	182	improved	185	182	0.6971614956855774	0.6777740716934204	0.2085169106721878	0.6777740716934204	0.4692571759223938	1.2069969177246094	1.0430192947387695
continuous_vs_candidate	8460	818	regressed	818	626	0.6532936692237854	0.4013361930847168	0.6532936692237854	0.18522323668003082	-0.46807044744491577	2.2268242835998535	0.7732377052307129
continuous_vs_candidate	2701	141	regressed	141	142	0.6946502923965454	0.2634499669075012	0.6946502923965454	0.22721131145954132	-0.4674389958381653	2.664504051208496	0.14798307418823242
continuous_vs_candidate	25934	647	improved	899	647	0.38499295711517334	0.8326966166496277	0.3669363856315613	0.8326966166496277	0.4657602310180664	0.04803657531738281	2.0769853591918945
continuous_vs_candidate	10733	361	improved	362	361	0.5805290341377258	0.7326843738555908	0.268487811088562	0.7326843738555908	0.4641965627670288	0.7711343765258789	1.6350555419921875
continuous_vs_candidate	17446	45	regressed	45	47	0.7135571837425232	0.3553234338760376	0.7135571837425232	0.25070643424987793	-0.46285074949264526	2.0622167587280273	0.34874582290649414
continuous_vs_candidate	6129	851	regressed	851	651	0.5678290724754333	0.47677353024482727	0.5678290724754333	0.10690520703792572	-0.46092385053634644	1.9111237525939941	1.147378921508789
continuous_vs_candidate	21321	391	regressed	391	394	0.6619528532028198	0.6551066637039185	0.6619528532028198	0.2117253839969635	-0.4502274692058563	0.9330043792724609	1.1295080184936523
continuous_vs_candidate	575	733	improved	561	733	0.6225257515907288	0.6379016041755676	0.1894008070230484	0.6379016041755676	0.4485008120536804	1.1899194717407227	1.2163496017456055
continuous_vs_candidate	24181	467	improved	778	467	0.4648975729942322	0.753990113735199	0.3060998320579529	0.753990113735199	0.4478902816772461	0.4179058074951172	2.2695422172546387
continuous_vs_candidate	45285	134	improved	99	134	0.6967406272888184	0.6423439979553223	0.19468756020069122	0.6423439979553223	0.44765645265579224	1.275017261505127	0.9750385284423828
continuous_vs_candidate	12945	223	improved	224	223	0.42431458830833435	0.6968461871147156	0.24928638339042664	0.6968461871147156	0.44755980372428894	0.5318727493286133	1.843101978302002
continuous_vs_candidate	1399	159	improved	243	159	0.40922442078590393	0.8079169988632202	0.3628929853439331	0.8079169988632202	0.4450240135192871	0.12015581130981445	2.629805088043213
continuous_vs_candidate	20415	802	improved	701	802	0.30068859457969666	0.7113102078437805	0.26724880933761597	0.7113102078437805	0.44406139850616455	0.11789512634277344	1.8820500373840332
continuous_vs_candidate	49101	374	regressed	374	368	0.8031594157218933	0.3998366594314575	0.8031594157218933	0.36035266518592834	-0.44280675053596497	2.4271955490112305	0.1039729118347168
continuous_vs_candidate	11275	733	improved	494	733	0.14035604894161224	0.46086376905441284	0.018094131723046303	0.46086376905441284	0.4427696466445923	0.16888952255249023	2.464113712310791
continuous_vs_candidate	12567	392	improved	973	392	0.3110460042953491	0.7446810007095337	0.30231133103370667	0.7446810007095337	0.442369669675827	0.02848339080810547	1.7838692665100098
continuous_vs_candidate	24752	65	improved	977	65	0.4953300654888153	0.6736533045768738	0.23275932669639587	0.6736533045768738	0.4408939778804779	0.7552194595336914	1.9323878288269043
continuous_vs_candidate	34934	495	improved	504	495	0.24789094924926758	0.5464798212051392	0.10624802112579346	0.5464798212051392	0.4402318000793457	0.8472127914428711	1.7152419090270996
continuous_vs_candidate	33520	587	regressed	587	778	0.49577048420906067	0.08498463779687881	0.49577048420906067	0.05624938756227493	-0.43952110409736633	1.571460247039795	0.26787328720092773
continuous_vs_candidate	8616	972	regressed	972	50	0.627153217792511	0.3754343092441559	0.627153217792511	0.18990181386470795	-0.43725138902664185	2.455611228942871	0.6815762519836426
continuous_vs_candidate	41483	110	regressed	110	115	0.7540783286094666	0.5455521941184998	0.7540783286094666	0.31741395592689514	-0.4366643726825714	1.677192211151123	0.5415916442871094
continuous_vs_candidate	22868	542	improved	696	542	0.7528621554374695	0.5968993306159973	0.1606953889131546	0.5968993306159973	0.4362039566040039	1.5443716049194336	0.6430778503417969
continuous_vs_candidate	15636	150	improved	149	150	0.5160316228866577	0.7527262568473816	0.3168336749076843	0.7527262568473816	0.43589258193969727	0.4877910614013672	2.105882167816162
continuous_vs_candidate	9988	611	regressed	611	207	0.743695855140686	0.4799972176551819	0.743695855140686	0.30915117263793945	-0.4345446825027466	1.7162837982177734	0.43994998931884766
continuous_vs_candidate	37270	773	regressed	773	572	0.7969169020652771	0.5038240551948547	0.7969169020652771	0.3634544014930725	-0.4334625005722046	2.6179566383361816	0.32657337188720703
continuous_vs_candidate	3354	670	improved	518	670	0.6607488989830017	0.6834233999252319	0.25004783272743225	0.6834233999252319	0.4333755671977997	0.9717216491699219	1.2470526695251465
continuous_vs_candidate	21166	697	regressed	697	496	0.7303073406219482	0.5969980359077454	0.7303073406219482	0.29836055636405945	-0.4319467842578888	1.306304931640625	0.6936111450195312
continuous_vs_candidate	32554	79	improved	308	79	0.42788946628570557	0.753444254398346	0.32207101583480835	0.753444254398346	0.4313732385635376	0.28409290313720703	2.4347829818725586
continuous_vs_candidate	48977	356	improved	333	356	0.31243056058883667	0.6150658130645752	0.186269611120224	0.6150658130645752	0.4287962019443512	0.5171871185302734	1.738739013671875
continuous_vs_candidate	946	626	improved	696	626	0.3214961886405945	0.5945091843605042	0.17186802625656128	0.5945091843605042	0.42264115810394287	0.3499894142150879	2.12373685836792
continuous_vs_candidate	29956	287	regressed	287	356	0.7297295928001404	0.31150585412979126	0.7297295928001404	0.31093037128448486	-0.4187992215156555	1.6858553886413574	0.0018491744995117188
continuous_vs_candidate	43543	191	improved	189	191	0.609042227268219	0.6534131765365601	0.23672854900360107	0.6534131765365601	0.416684627532959	0.9449734687805176	1.1800761222839355
continuous_vs_candidate	35133	49	improved	360	49	0.14597859978675842	0.4672514796257019	0.051589883863925934	0.4672514796257019	0.41566160321235657	0.011911392211914062	0.5219831466674805
continuous_vs_candidate	33651	261	regressed	261	192	0.6248811483383179	0.5807694792747498	0.6248811483383179	0.20922650396823883	-0.41565465927124023	1.1977953910827637	1.0209364891052246
continuous_vs_candidate	30535	77	regressed	77	76	0.603947103023529	0.6343154311180115	0.603947103023529	0.18975332379341125	-0.4141937792301178	1.1994457244873047	1.2068214416503906
continuous_vs_candidate	22763	80	regressed	80	81	0.5437381863594055	0.7241162657737732	0.5437381863594055	0.13185545802116394	-0.4118827283382416	0.7656025886535645	1.7032456398010254
continuous_vs_candidate	17270	35	improved	50	35	0.6319864392280579	0.47295936942100525	0.06131386756896973	0.47295936942100525	0.4116455018520355	2.33286190032959	1.7921624183654785
continuous_vs_candidate	44498	366	regressed	366	367	0.6748819351196289	0.5537694096565247	0.6748819351196289	0.2643272280693054	-0.4105547070503235	1.2293663024902344	0.739560604095459
continuous_vs_candidate	40176	11	regressed	11	10	0.6657368540763855	0.6104758977890015	0.6657368540763855	0.2574206590652466	-0.4083161950111389	1.2304353713989258	0.8635272979736328
continuous_vs_candidate	7498	151	improved	253	151	0.607309877872467	0.5328935980796814	0.12533390522003174	0.5328935980796814	0.40755969285964966	1.5780577659606934	1.1095800399780273
continuous_vs_candidate	14480	21	improved	18	21	0.4790773093700409	0.4762091040611267	0.06899479776620865	0.4762091040611267	0.40721431374549866	0.897425651550293	1.1158618927001953
continuous_vs_candidate	41591	478	regressed	478	674	0.5674698948860168	0.25340506434440613	0.5674698948860168	0.1602735072374344	-0.40719640254974365	2.154514789581299	0.45810747146606445
continuous_vs_candidate	40125	20	improved	137	20	0.41384220123291016	0.7245568633079529	0.317959189414978	0.7245568633079529	0.40659767389297485	0.2635617256164551	2.236363410949707
continuous_vs_candidate	34796	468	regressed	468	436	0.6488736271858215	0.4015054404735565	0.6488736271858215	0.24262869358062744	-0.4062449336051941	2.4025020599365234	0.5036888122558594
continuous_vs_candidate	48909	52	improved	314	52	0.3711986541748047	0.5517716407775879	0.1462661325931549	0.5517716407775879	0.405505508184433	0.931309700012207	2.131305694580078
continuous_vs_candidate	18334	609	regressed	609	555	0.5552112460136414	0.22261500358581543	0.5552112460136414	0.1519840806722641	-0.40322715044021606	2.1852073669433594	0.3816680908203125
continuous_vs_candidate	20274	816	improved	666	816	0.3984537124633789	0.7267345190048218	0.32468828558921814	0.7267345190048218	0.40204623341560364	0.2047257423400879	2.014019012451172
continuous_vs_candidate	8505	650	improved	563	650	0.4435652196407318	0.561651349067688	0.15982982516288757	0.561651349067688	0.4018215239048004	1.020735263824463	2.1354522705078125
continuous_vs_candidate	27844	764	regressed	764	593	0.5266798138618469	0.14644020795822144	0.5266798138618469	0.12529487907886505	-0.40138494968414307	1.8999791145324707	0.0872507095336914
continuous_vs_candidate	19211	653	improved	756	653	0.44950729608535767	0.7317602038383484	0.33262354135513306	0.7317602038383484	0.39913666248321533	0.30114078521728516	1.480156421661377
continuous_vs_candidate	11646	531	improved	759	531	0.2599096894264221	0.6378355622291565	0.2394029051065445	0.6378355622291565	0.3984326720237732	0.08218622207641602	1.975132942199707
continuous_vs_candidate	37069	800	improved	468	800	0.5425237417221069	0.5101072788238525	0.11421274393796921	0.5101072788238525	0.39589452743530273	1.558168888092041	1.0355968475341797
continuous_vs_candidate	30450	652	improved	703	652	0.32465407252311707	0.5611664652824402	0.16576671600341797	0.5611664652824402	0.3953997492790222	0.038702964782714844	1.4291553497314453
continuous_vs_candidate	6893	721	improved	518	721	0.25358888506889343	0.5974124073982239	0.20223085582256317	0.5974124073982239	0.3951815366744995	0.2263045310974121	1.461315631866455
continuous_vs_candidate	33696	191	improved	234	191	0.2800031900405884	0.5082958936691284	0.11314128339290619	0.5082958936691284	0.39515459537506104	0.2723698616027832	1.9599647521972656
continuous_vs_candidate	13951	329	improved	973	329	0.45005443692207336	0.451579749584198	0.05654611065983772	0.451579749584198	0.3950336277484894	1.1187963485717773	1.175583839416504
continuous_vs_candidate	12278	426	improved	892	426	0.373063862323761	0.6770663857460022	0.2822124660015106	0.6770663857460022	0.3948539197444916	0.27908945083618164	1.752336025238037
continuous_vs_candidate	33379	753	regressed	753	743	0.607844889163971	0.2782692015171051	0.607844889163971	0.21376189589500427	-0.3940829932689667	1.7363147735595703	0.26372623443603516
continuous_vs_candidate	46440	583	improved	733	583	0.16680219769477844	0.477614164352417	0.08551889657974243	0.477614164352417	0.39209526777267456	0.6680712699890137	1.9256591796875
continuous_vs_candidate	40522	132	regressed	132	129	0.6672138571739197	0.5517643094062805	0.6672138571739197	0.2756337821483612	-0.39158007502555847	1.211996078491211	0.6940479278564453
continuous_vs_candidate	44953	640	regressed	640	904	0.5228477716445923	0.18935680389404297	0.5228477716445923	0.13162921369075775	-0.39121854305267334	1.6987857818603516	0.3636441230773926
continuous_vs_candidate	41036	880	regressed	880	972	0.5817211270332336	0.6801590919494629	0.5817211270332336	0.19194816052913666	-0.3897729516029358	1.4849739074707031	1.265101432800293
continuous_vs_candidate	17405	260	improved	257	260	0.4929470419883728	0.5701966285705566	0.1830262541770935	0.5701966285705566	0.38717037439346313	0.9907722473144531	1.6341867446899414
continuous_vs_candidate	36522	791	regressed	791	566	0.6234545707702637	0.2388213574886322	0.6234545707702637	0.2364516407251358	-0.38700294494628906	1.6464667320251465	0.009972095489501953
continuous_vs_candidate	13183	575	improved	803	575	0.2509040832519531	0.5105725526809692	0.1245708167552948	0.5105725526809692	0.38600173592567444	0.5278654098510742	1.7397303581237793
continuous_vs_candidate	4252	758	improved	543	758	0.3816240429878235	0.5237113237380981	0.1381130963563919	0.5237113237380981	0.38559824228286743	1.0163631439208984	1.7649421691894531
continuous_vs_candidate	1327	270	improved	296	270	0.43864351511001587	0.6833894848823547	0.301452100276947	0.6833894848823547	0.3819373846054077	0.3750758171081543	1.5937490463256836
continuous_vs_candidate	40074	188	improved	850	188	0.4833560287952423	0.5980810523033142	0.21657732129096985	0.5980810523033142	0.38150373101234436	0.8028059005737305	1.9784555435180664
continuous_vs_candidate	11831	116	improved	32	116	0.575634777545929	0.4911651611328125	0.11051049828529358	0.4911651611328125	0.3806546628475189	1.6503629684448242	0.8183441162109375
continuous_vs_candidate	4860	696	improved	794	696	0.6570386290550232	0.5020265579223633	0.1214035153388977	0.5020265579223633	0.3806230425834656	1.6886229515075684	0.4989175796508789
continuous_vs_candidate	22410	449	regressed	449	448	0.6330286264419556	0.5396960377693176	0.6330286264419556	0.2532327175140381	-0.3797959089279175	1.5245647430419922	0.7566971778869629
continuous_vs_candidate	47250	483	regressed	483	972	0.4959620535373688	0.153887540102005	0.4959620535373688	0.11636020243167877	-0.3796018362045288	2.2829837799072266	0.27953147888183594
continuous_vs_candidate	199	830	improved	791	830	0.29284441471099854	0.6437225341796875	0.26473236083984375	0.6437225341796875	0.37899017333984375	0.1009221076965332	1.8678321838378906
continuous_vs_candidate	569	417	improved	607	417	0.47690272331237793	0.6843962669372559	0.3059033751487732	0.6843962669372559	0.37849289178848267	0.4440431594848633	1.493452548980713
continuous_vs_candidate	16520	875	improved	566	875	0.5117520689964294	0.6152356863021851	0.23873254656791687	0.6152356863021851	0.3765031397342682	0.7624964714050293	1.5155596733093262
continuous_vs_candidate	46058	655	improved	570	655	0.28421279788017273	0.6213696002960205	0.2451547086238861	0.6213696002960205	0.3762148916721344	0.14783382415771484	1.0442314147949219
continuous_vs_candidate	31039	218	improved	215	218	0.4248005151748657	0.7150808572769165	0.3399659991264343	0.7150808572769165	0.3751148581504822	0.22277402877807617	1.6209383010864258
continuous_vs_candidate	47350	187	improved	200	187	0.7096866369247437	0.4333954453468323	0.05844371020793915	0.4333954453468323	0.37495172023773193	2.3041930198669434	0.8698511123657227
continuous_vs_candidate	44690	17	regressed	17	10	0.5840778350830078	0.4336695075035095	0.5840778350830078	0.20937474071979523	-0.3747031092643738	1.553138256072998	0.7281570434570312
continuous_vs_candidate	5030	318	improved	312	318	0.31932222843170166	0.650057852268219	0.27568820118904114	0.650057852268219	0.37436965107917786	0.14693021774291992	2.4154868125915527
continuous_vs_candidate	22657	419	regressed	419	774	0.5374868512153625	0.4080211818218231	0.5374868512153625	0.1645168513059616	-0.37296998500823975	0.7479219436645508	0.9083061218261719
continuous_vs_candidate	30855	596	improved	902	596	0.24073933064937592	0.5826833844184875	0.2100628912448883	0.5826833844184875	0.37262049317359924	0.1363077163696289	0.8902015686035156
continuous_vs_candidate	42325	310	regressed	310	120	0.51357501745224	0.14648748934268951	0.51357501745224	0.14113228023052216	-0.37244272232055664	1.8064942359924316	0.03724241256713867
continuous_vs_candidate	24990	282	regressed	282	285	0.5370165109634399	0.34754613041877747	0.5370165109634399	0.16461732983589172	-0.3723991811275482	0.7214393615722656	0.7472739219665527
continuous_vs_candidate	47696	390	improved	973	390	0.4026593863964081	0.6204239726066589	0.24865369498729706	0.6204239726066589	0.3717702627182007	0.48202991485595703	0.9553585052490234
continuous_vs_candidate	24202	49	regressed	49	394	0.4102894067764282	0.1855771839618683	0.4102894067764282	0.038754697889089584	-0.37153470516204834	1.1157102584838867	0.1950235366821289
continuous_vs_candidate	10560	462	improved	696	462	0.6215214729309082	0.6561928391456604	0.28494948148727417	0.6561928391456604	0.37124335765838623	0.7798585891723633	0.9699811935424805
continuous_vs_candidate	35320	788	regressed	788	454	0.6009965538978577	0.3483912944793701	0.6009965538978577	0.2300516664981842	-0.37094488739967346	2.885754108428955	0.4150223731994629
continuous_vs_candidate	4744	271	improved	274	271	0.39258450269699097	0.5915831327438354	0.22206518054008484	0.5915831327438354	0.3695179522037506	0.5697808265686035	1.2113494873046875
continuous_vs_candidate	47479	501	improved	841	501	0.6075745224952698	0.6637389659881592	0.2951076626777649	0.6637389659881592	0.3686313033103943	0.7221345901489258	0.9654254913330078
continuous_vs_candidate	34726	793	regressed	793	836	0.5684012174606323	0.2535091042518616	0.5684012174606323	0.1999318152666092	-0.3684694170951843	1.899731159210205	0.23742341995239258
continuous_vs_candidate	31919	93	improved	96	93	0.5103691220283508	0.6303315758705139	0.26269838213920593	0.6303315758705139	0.367633193731308	0.6641278266906738	1.148432731628418
continuous_vs_candidate	3710	707	improved	799	707	0.6812278628349304	0.46534815430641174	0.09786885976791382	0.46534815430641174	0.3674792945384979	1.9402685165405273	0.4346895217895508
continuous_vs_candidate	8276	772	improved	949	772	0.6072716116905212	0.6040684580802917	0.23771131038665771	0.6040684580802917	0.36635714769363403	0.9379191398620605	1.5621652603149414
continuous_vs_candidate	41029	90	improved	88	90	0.7273747324943542	0.5006653666496277	0.13493843376636505	0.5006653666496277	0.36572694778442383	1.6846232414245605	0.22163677215576172
continuous_vs_candidate	8179	883	improved	849	883	0.3888567388057709	0.5862326622009277	0.22229310870170593	0.5862326622009277	0.3639395534992218	0.5592141151428223	1.2746777534484863
continuous_vs_candidate	13730	796	regressed	796	788	0.6733354926109314	0.5294474363327026	0.6733354926109314	0.30995580554008484	-0.36337968707084656	1.4334239959716797	0.5354042053222656
continuous_vs_candidate	15740	126	improved	317	126	0.14515265822410583	0.42856937646865845	0.06655889749526978	0.42856937646865845	0.36201047897338867	0.7186617851257324	1.2971577644348145
continuous_vs_candidate	32545	151	improved	237	151	0.42707374691963196	0.5518718957901001	0.19128702580928802	0.5518718957901001	0.3605848550796509	0.8031816482543945	0.9782423973083496
continuous_vs_candidate	40325	169	improved	176	169	0.48487573862075806	0.6677678823471069	0.3071964681148529	0.6677678823471069	0.36057141423225403	0.4564051628112793	1.512343406677246
continuous_vs_candidate	43426	97	improved	137	97	0.4899848401546478	0.7564624547958374	0.39629319310188293	0.7564624547958374	0.36016926169395447	0.2122201919555664	1.8190155029296875
continuous_vs_candidate	33444	174	improved	254	174	0.23684027791023254	0.4283216595649719	0.06877242028713226	0.4283216595649719	0.35954922437667847	0.6293220520019531	1.419710636138916
continuous_vs_candidate	6755	355	improved	354	355	0.3245559334754944	0.5526116490364075	0.19419951736927032	0.5526116490364075	0.35841214656829834	0.5135717391967773	1.236288070678711
continuous_vs_candidate	49557	213	improved	211	213	0.36141374707221985	0.6405489444732666	0.2823423743247986	0.6405489444732666	0.358206570148468	0.2469029426574707	2.2841358184814453
continuous_vs_candidate	21875	43	improved	39	43	0.5218420028686523	0.5174852013587952	0.16019821166992188	0.5174852013587952	0.3572869896888733	1.180953025817871	0.7877211570739746
continuous_vs_candidate	32580	793	improved	794	793	0.5944699645042419	0.4442000687122345	0.08701705932617188	0.4442000687122345	0.3571830093860626	1.9215660095214844	1.0471153259277344
continuous_vs_candidate	31425	400	regressed	400	652	0.39302682876586914	0.6567369103431702	0.39302682876586914	0.03682170435786247	-0.35620513558387756	0.9377651214599609	2.8811960220336914
continuous_vs_candidate	27334	173	improved	176	173	0.47569796442985535	0.5822673439979553	0.2265676110982895	0.5822673439979553	0.35569971799850464	0.7417397499084473	0.9146413803100586
continuous_vs_candidate	35028	796	regressed	796	443	0.4353785812854767	0.56879723072052	0.4353785812854767	0.07972068339586258	-0.3556579053401947	1.1288537979125977	1.9649949073791504
continuous_vs_candidate	45155	262	regressed	262	235	0.4103286862373352	0.31312644481658936	0.4103286862373352	0.05478859692811966	-0.35554009675979614	1.9132280349731445	0.7014822959899902
continuous_vs_candidate	9188	794	regressed	794	669	0.4878402352333069	0.21449926495552063	0.4878402352333069	0.13258890807628632	-0.3552513122558594	2.0075440406799316	0.48105287551879883
continuous_vs_candidate	27862	893	regressed	893	709	0.49664029479026794	0.1831618696451187	0.49664029479026794	0.14184360206127167	-0.35479670763015747	1.8068199157714844	0.24470996856689453
continuous_vs_candidate	10150	622	regressed	622	878	0.5215426683425903	0.507993757724762	0.5215426683425903	0.16690512001514435	-0.3546375632286072	1.6994843482971191	1.1130437850952148
continuous_vs_candidate	41704	802	improved	518	802	0.7335412502288818	0.412957102060318	0.058492403477430344	0.412957102060318	0.35446470975875854	2.4497976303100586	0.15841388702392578
continuous_vs_candidate	33513	369	improved	381	369	0.4904869496822357	0.6992265582084656	0.345427006483078	0.6992265582084656	0.3537995517253876	0.3506174087524414	1.524397850036621
continuous_vs_candidate	24498	880	regressed	880	840	0.5109032988548279	0.4004010260105133	0.5109032988548279	0.15723392367362976	-0.3536693751811981	1.7515993118286133	0.9347319602966309
continuous_vs_candidate	3839	557	improved	538	557	0.5306590795516968	0.6901544332504272	0.33864572644233704	0.6901544332504272	0.3515087068080902	0.44916534423828125	1.3008689880371094
continuous_vs_candidate	8655	227	improved	237	227	0.16892513632774353	0.4988776743412018	0.14818207919597626	0.4988776743412018	0.3506956100463867	0.1310138702392578	2.3079423904418945
continuous_vs_candidate	13246	843	regressed	843	733	0.7358080744743347	0.40988168120384216	0.7358080744743347	0.3855031132698059	-0.3503049612045288	1.65753173828125	0.06131935119628906
continuous_vs_candidate	3325	360	regressed	360	337	0.5400995016098022	0.5180723071098328	0.5400995016098022	0.19048576056957245	-0.3496137261390686	1.2497978210449219	1.000537395477295
continuous_vs_candidate	42241	983	regressed	983	801	0.4275813698768616	0.1225658506155014	0.4275813698768616	0.07820756733417511	-0.34937381744384766	1.7693395614624023	0.3875398635864258
continuous_vs_candidate	17374	384	improved	381	384	0.32371214032173157	0.5177187323570251	0.16887299716472626	0.5177187323570251	0.3488457202911377	0.6507077217102051	1.6306118965148926
continuous_vs_candidate	28470	913	regressed	913	724	0.5391411185264587	0.6573674082756042	0.5391411185264587	0.19222058355808258	-0.34692054986953735	0.5203666687011719	1.2295994758605957
continuous_vs_candidate	12360	58	regressed	58	60	0.4250943660736084	0.7800330519676208	0.4250943660736084	0.07874216139316559	-0.346352219581604	0.17583274841308594	2.2931575775146484
continuous_vs_candidate	36465	106	improved	334	106	0.44768840074539185	0.7165295481681824	0.37068971991539	0.7165295481681824	0.34583982825279236	0.18873214721679688	1.3737874031066895
continuous_vs_candidate	20678	104	improved	276	104	0.2106482833623886	0.5028707981109619	0.15799352526664734	0.5028707981109619	0.3448772728443146	0.28763580322265625	1.425208568572998
continuous_vs_candidate	20547	753	regressed	753	223	0.5636598467826843	0.3192332983016968	0.5636598467826843	0.2212238758802414	-0.34243595600128174	1.2269983291625977	0.3667469024658203
continuous_vs_candidate	5753	491	improved	898	491	0.3006894886493683	0.49610447883605957	0.15399625897407532	0.49610447883605957	0.34210821986198425	0.6691498756408691	0.3621644973754883
continuous_vs_candidate	12640	468	improved	654	468	0.6695201396942139	0.47524943947792053	0.13332577049732208	0.47524943947792053	0.34192365407943726	1.6137657165527344	0.6988177299499512
continuous_vs_candidate	19808	924	improved	666	924	0.47488436102867126	0.6630359888076782	0.32140052318573	0.6630359888076782	0.34163546562194824	0.390383243560791	1.2033567428588867
continuous_vs_candidate	5934	290	regressed	290	288	0.5657177567481995	0.724895715713501	0.5657177567481995	0.224204882979393	-0.34151285886764526	0.3890972137451172	1.1734676361083984
continuous_vs_candidate	4903	354	regressed	354	676	0.49033188819885254	0.4991033673286438	0.49033188819885254	0.1499454379081726	-0.34038645029067993	1.1411523818969727	1.2025418281555176
continuous_vs_candidate	17958	374	improved	368	374	0.4846248924732208	0.6596400141716003	0.3195202946662903	0.6596400141716003	0.34011971950531006	0.41655445098876953	1.3335270881652832
continuous_vs_candidate	29309	121	regressed	121	122	0.6788387894630432	0.4450981914997101	0.6788387894630432	0.33974725008010864	-0.33909153938293457	1.6985969543457031	0.2700929641723633
continuous_vs_candidate	42887	452	improved	490	452	0.47462522983551025	0.6291207075119019	0.2902608811855316	0.6291207075119019	0.33885982632637024	0.4917454719543457	1.1958637237548828
continuous_vs_candidate	19705	33	improved	5	33	0.5110933184623718	0.3603980839252472	0.02189345471560955	0.3603980839252472	0.3385046422481537	0.4155864715576172	0.1932363510131836
continuous_vs_candidate	45279	639	improved	702	639	0.35652339458465576	0.4863792955875397	0.1498049944639206	0.4863792955875397	0.3365743160247803	0.6854653358459473	1.3753719329833984
continuous_vs_candidate	16865	261	regressed	261	174	0.5565699934959412	0.49879592657089233	0.5565699934959412	0.21999910473823547	-0.3365708887577057	0.9626946449279785	0.8185734748840332
continuous_vs_candidate	33964	652	regressed	652	830	0.6704692840576172	0.4749751389026642	0.6704692840576172	0.33400896191596985	-0.33646032214164734	1.3665237426757812	0.3520946502685547
continuous_vs_candidate	10851	137	regressed	137	136	0.4352265000343323	0.6558108925819397	0.4352265000343323	0.10000907629728317	-0.3352174162864685	0.40061426162719727	1.8806114196777344
continuous_vs_candidate	23506	618	improved	696	618	0.548957109451294	0.38816365599632263	0.053213391453027725	0.38816365599632263	0.3349502682685852	2.333710193634033	1.2287845611572266
continuous_vs_candidate	20212	230	improved	261	230	0.6045569181442261	0.511608362197876	0.17710767686367035	0.511608362197876	0.33450067043304443	1.2277379035949707	0.6159682273864746
continuous_vs_candidate	44445	279	improved	258	279	0.5536287426948547	0.6523837447166443	0.3182718753814697	0.6523837447166443	0.33411186933517456	0.5535883903503418	1.1652121543884277
continuous_vs_candidate	29476	676	improved	162	676	0.47357112169265747	0.5258637070655823	0.1918109655380249	0.5258637070655823	0.3340527415275574	0.9037919044494629	0.9712095260620117
continuous_vs_candidate	39614	805	improved	515	805	0.6444326639175415	0.386848509311676	0.05288057401776314	0.386848509311676	0.333967924118042	1.9196043014526367	0.5623140335083008
continuous_vs_candidate	42759	575	improved	656	575	0.33676499128341675	0.6237507462501526	0.2902478575706482	0.6237507462501526	0.3335028886795044	0.1486501693725586	1.382394790649414
continuous_vs_candidate	47246	411	regressed	411	614	0.4802429974079132	0.3512849509716034	0.4802429974079132	0.1471182107925415	-0.3331247866153717	1.1296086311340332	0.24493885040283203
continuous_vs_candidate	43957	180	regressed	180	209	0.50764000415802	0.3330422341823578	0.50764000415802	0.17522265017032623	-0.332417368888855	1.2640409469604492	0.6422119140625
continuous_vs_candidate	19200	737	regressed	737	960	0.4751303493976593	0.2715722322463989	0.4751303493976593	0.14329129457473755	-0.33183905482292175	1.2703566551208496	0.6393485069274902
continuous_vs_candidate	38379	981	improved	830	981	0.3278263211250305	0.6094367504119873	0.2780936658382416	0.6094367504119873	0.3313430845737457	0.16452598571777344	1.0229644775390625
continuous_vs_candidate	41319	785	regressed	785	772	0.5260591506958008	0.2859901189804077	0.5260591506958008	0.19516757130622864	-0.33089157938957214	1.884124755859375	0.3820986747741699
continuous_vs_candidate	1339	462	improved	808	462	0.34919413924217224	0.4252977669239044	0.09446395933628082	0.4252977669239044	0.3308337926864624	1.3074097633361816	0.6924858093261719
continuous_vs_candidate	5516	909	regressed	909	550	0.4890618622303009	0.35808295011520386	0.4890618622303009	0.15849018096923828	-0.3305716812610626	1.2395439147949219	0.8150720596313477
continuous_vs_candidate	17252	899	improved	606	899	0.44235220551490784	0.69766765832901	0.3673396408557892	0.69766765832901	0.3303280174732208	0.1858196258544922	1.3140435218811035
continuous_vs_candidate	8144	21	improved	91	21	0.5707944631576538	0.5466416478157043	0.21747168898582458	0.5466416478157043	0.32916995882987976	0.9649605751037598	1.12886381149292
continuous_vs_candidate	33573	818	improved	729	818	0.2536596357822418	0.4627876281738281	0.13411960005760193	0.4627876281738281	0.3286680281162262	0.6372613906860352	2.644071578979492
continuous_vs_candidate	7610	813	regressed	813	415	0.5443390607833862	0.37313610315322876	0.5443390607833862	0.2182028591632843	-0.32613620162010193	0.9634771347045898	0.5365180969238281
continuous_vs_candidate	40001	448	improved	494	448	0.27259403467178345	0.5758320093154907	0.24991194903850555	0.5758320093154907	0.325920045375824	0.08687496185302734	1.392035961151123
continuous_vs_candidate	31019	257	improved	222	257	0.44264212250709534	0.6652042865753174	0.33935925364494324	0.6652042865753174	0.32584503293037415	0.2657022476196289	1.515636920928955
continuous_vs_candidate	49	830	improved	728	830	0.26262250542640686	0.5684375166893005	0.24274636805057526	0.5684375166893005	0.3256911635398865	0.07870054244995117	2.577503204345703
continuous_vs_candidate	37461	147	improved	34	147	0.19060678780078888	0.4314061403274536	0.10701043903827667	0.4314061403274536	0.32439571619033813	0.425900936126709	1.1610255241394043
continuous_vs_candidate	16118	809	regressed	809	925	0.710176944732666	0.38873741030693054	0.710176944732666	0.3861730396747589	-0.3240039050579071	1.4307761192321777	0.006618499755859375
continuous_vs_candidate	38966	735	regressed	735	775	0.5199862122535706	0.42356032133102417	0.5199862122535706	0.1968332976102829	-0.32315289974212646	1.2614645957946777	0.7663388252258301
continuous_vs_candidate	40443	465	improved	652	465	0.7431462407112122	0.4258745610713959	0.1034768670797348	0.4258745610713959	0.32239770889282227	1.9715447425842285	0.12198925018310547
continuous_vs_candidate	41280	952	regressed	952	868	0.503544270992279	0.4528253674507141	0.503544270992279	0.18216624855995178	-0.32137802243232727	1.1518573760986328	0.9105868339538574
continuous_vs_candidate	16116	770	regressed	770	842	0.6489488482475281	0.34630608558654785	0.6489488482475281	0.3286878168582916	-0.32026103138923645	1.197702407836914	0.052214622497558594
continuous_vs_candidate	24462	593	improved	650	593	0.39891666173934937	0.7039791941642761	0.38415464758872986	0.7039791941642761	0.31982454657554626	0.03770732879638672	1.6810011863708496
continuous_vs_candidate	8091	212	improved	215	212	0.5739345550537109	0.6532168388366699	0.33415332436561584	0.6532168388366699	0.3190635144710541	0.5409154891967773	0.9903192520141602
continuous_vs_candidate	33402	199	regressed	199	219	0.38581570982933044	0.6343822479248047	0.38581570982933044	0.0672362893819809	-0.31857943534851074	0.5055265426635742	2.111645221710205
continuous_vs_candidate	7083	555	regressed	555	874	0.45242777466773987	0.1544904261827469	0.45242777466773987	0.1354707032442093	-0.3169570565223694	1.5267548561096191	0.1313767433166504
continuous_vs_candidate	34217	314	improved	674	314	0.18545937538146973	0.48826873302459717	0.17181746661663055	0.48826873302459717	0.3164512515068054	0.07640314102172852	1.5815248489379883
continuous_vs_candidate	27934	869	improved	617	869	0.31595492362976074	0.5417399406433105	0.22543519735336304	0.5417399406433105	0.3163047432899475	0.3375668525695801	1.5717535018920898
continuous_vs_candidate	4345	151	improved	237	151	0.33926939964294434	0.5747035145759583	0.25849151611328125	0.5747035145759583	0.316211998462677	0.27193164825439453	1.3844923973083496
continuous_vs_candidate	8431	412	regressed	412	877	0.5538248419761658	0.5401526689529419	0.5538248419761658	0.23895500600337982	-0.31486982107162476	1.403151035308838	0.8155765533447266
continuous_vs_candidate	6626	148	improved	147	148	0.5136894583702087	0.6414784789085388	0.3270813822746277	0.6414784789085388	0.31439709663391113	0.45140981674194336	0.9236435890197754
continuous_vs_candidate	49974	405	improved	146	405	0.44742387533187866	0.48492467403411865	0.17056804895401	0.48492467403411865	0.31435662508010864	0.9643721580505371	0.6607723236083984
continuous_vs_candidate	3631	131	regressed	131	128	0.6354640126228333	0.520796000957489	0.6354640126228333	0.32256045937538147	-0.3129035532474518	1.3647332191467285	0.4790678024291992
continuous_vs_candidate	5472	54	regressed	54	66	0.46311843395233154	0.3752973675727844	0.46311843395233154	0.15189053118228912	-0.3112279176712036	1.5955009460449219	0.9045586585998535
continuous_vs_candidate	8446	346	regressed	346	345	0.4500553607940674	0.7109090685844421	0.4500553607940674	0.1390400379896164	-0.3110153079032898	0.1495532989501953	1.6317825317382812
continuous_vs_candidate	24164	335	regressed	335	103	0.5749082565307617	0.354305624961853	0.5749082565307617	0.2640824317932129	-0.31082582473754883	1.3312010765075684	0.2938985824584961
continuous_vs_candidate	44120	729	regressed	729	892	0.60555100440979	0.5329484343528748	0.60555100440979	0.29474565386772156	-0.3108053505420685	1.0014514923095703	0.5923118591308594
continuous_vs_candidate	21438	702	improved	523	702	0.6790171265602112	0.4328995943069458	0.12213394790887833	0.4328995943069458	0.31076565384864807	1.7155280113220215	0.22183752059936523
continuous_vs_candidate	47985	971	improved	733	971	0.38063108921051025	0.6853189468383789	0.37673765420913696	0.6853189468383789	0.30858129262924194	0.010281562805175781	2.020962715148926
continuous_vs_candidate	24555	723	improved	905	723	0.09536455571651459	0.36370334029197693	0.05596702918410301	0.36370334029197693	0.3077363073825836	0.36423492431640625	2.185913562774658
continuous_vs_candidate	7968	845	regressed	845	711	0.3489113450050354	0.44232308864593506	0.3489113450050354	0.04130242392420769	-0.3076089322566986	0.4726676940917969	1.2121210098266602
continuous_vs_candidate	48451	913	improved	460	913	0.7072169184684753	0.38560688495635986	0.07818086445331573	0.38560688495635986	0.3074260354042053	2.202312469482422	0.6102514266967773
continuous_vs_candidate	14736	558	improved	764	558	0.5043421387672424	0.5941594839096069	0.28714004158973694	0.5941594839096069	0.30701944231987	0.5632848739624023	1.0303325653076172
continuous_vs_candidate	342	55	improved	59	55	0.46308633685112	0.7336264848709106	0.42700546979904175	0.7336264848709106	0.3066210150718689	0.0811166763305664	1.6063666343688965
continuous_vs_candidate	48520	120	improved	312	120	0.24724924564361572	0.49186545610427856	0.18541015684604645	0.49186545610427856	0.3064553141593933	0.2878265380859375	1.51800537109375
continuous_vs_candidate	39341	657	improved	812	657	0.7635157108306885	0.3982026278972626	0.09183213114738464	0.3982026278972626	0.30637049674987793	2.117971420288086	0.25691843032836914
continuous_vs_candidate	18022	929	regressed	929	6	0.35644859075546265	0.5342268347740173	0.35644859075546265	0.050155747681856155	-0.3062928318977356	0.8404126167297363	1.7373566627502441
continuous_vs_candidate	40093	530	improved	409	530	0.466295063495636	0.47610390186309814	0.17070432007312775	0.47610390186309814	0.3053995966911316	1.0048856735229492	0.4325418472290039
continuous_vs_candidate	29555	470	improved	883	470	0.48251020908355713	0.5503513216972351	0.24621319770812988	0.5503513216972351	0.3041381239891052	0.6728043556213379	0.827141284942627
continuous_vs_candidate	22280	470	improved	747	470	0.08984853327274323	0.36655962467193604	0.06247659772634506	0.36655962467193604	0.3040830194950104	0.01320791244506836	1.5311241149902344
continuous_vs_candidate	41655	59	regressed	59	111	0.4596107602119446	0.374808132648468	0.4596107602119446	0.15682025253772736	-0.3027905225753784	1.6286659240722656	0.8713140487670898
continuous_vs_candidate	31316	804	regressed	804	503	0.442909836769104	0.3813602030277252	0.442909836769104	0.14042195677757263	-0.30248787999153137	1.1571168899536133	0.9990925788879395
continuous_vs_candidate	19762	278	improved	274	278	0.30753105878829956	0.4429575502872467	0.14078441262245178	0.4429575502872467	0.3021731376647949	0.781346321105957	1.3437604904174805
continuous_vs_candidate	27330	61	improved	62	61	0.121236152946949	0.38449493050575256	0.0834411233663559	0.38449493050575256	0.30105382204055786	0.3735990524291992	1.1265177726745605
continuous_vs_candidate	11820	918	improved	922	918	0.4357902705669403	0.6188733577728271	0.31788885593414307	0.6188733577728271	0.3009845018386841	0.3154592514038086	1.1222038269042969
continuous_vs_candidate	13425	889	regressed	889	593	0.5073757171630859	0.4008682668209076	0.5073757171630859	0.20687757432460785	-0.3004981279373169	0.7134237289428711	0.6615056991577148
continuous_vs_candidate	4970	287	regressed	287	356	0.5485540628433228	0.4654741883277893	0.5485540628433228	0.24868996441364288	-0.29986411333084106	0.8108553886413574	0.6268496513366699
continuous_vs_candidate	45105	802	regressed	802	701	0.4714556634426117	0.24095100164413452	0.4714556634426117	0.17206859588623047	-0.2993870675563812	1.8508548736572266	0.336700439453125
continuous_vs_candidate	11602	846	regressed	846	583	0.5917617678642273	0.3619503080844879	0.5917617678642273	0.29251629114151	-0.2992454767227173	2.4284253120422363	0.21298646926879883
continuous_vs_candidate	22058	240	improved	238	240	0.6239521503448486	0.4960915148258209	0.19833271205425262	0.4960915148258209	0.2977588176727295	1.146127700805664	0.3538665771484375
continuous_vs_candidate	43625	737	improved	898	737	0.4006422460079193	0.6603066921234131	0.36264994740486145	0.6603066921234131	0.29765674471855164	0.09963083267211914	1.619089126586914
continuous_vs_candidate	30501	161	improved	162	161	0.7346212863922119	0.46624675393104553	0.16991262137889862	0.46624675393104553	0.2963341474533081	1.4640707969665527	0.0984344482421875
continuous_vs_candidate	5160	587	regressed	587	784	0.6463811993598938	0.4742906093597412	0.6463811993598938	0.3500746488571167	-0.2963065505027771	1.290034294128418	0.30367374420166016
continuous_vs_candidate	39642	765	improved	559	765	0.5659976601600647	0.47512131929397583	0.1790187954902649	0.47512131929397583	0.29610252380371094	1.1510992050170898	0.3489546775817871
continuous_vs_candidate	38246	457	improved	697	457	0.48580867052078247	0.47369393706321716	0.17761671543121338	0.47369393706321716	0.2960772216320038	1.0061869621276855	0.8688473701477051
continuous_vs_candidate	15286	319	improved	320	319	0.6387116312980652	0.576058566570282	0.28085023164749146	0.576058566570282	0.2952083349227905	0.8216314315795898	0.6159024238586426
continuous_vs_candidate	35221	457	regressed	457	761	0.4784698486328125	0.3662046194076538	0.4784698486328125	0.1845788061618805	-0.293891042470932	0.5648837089538574	0.6851158142089844
continuous_vs_candidate	26044	921	regressed	921	866	0.6817745566368103	0.4562857747077942	0.6817745566368103	0.3882908821105957	-0.2934836745262146	1.4635696411132812	0.16136455535888672
continuous_vs_candidate	29593	676	improved	162	676	0.4452757239341736	0.42947110533714294	0.13613565266132355	0.42947110533714294	0.2933354377746582	1.185041904449463	0.4087100028991699
continuous_vs_candidate	40654	499	regressed	499	539	0.3827337920665741	0.10475698113441467	0.3827337920665741	0.08995885401964188	-0.2927749454975128	2.304291248321533	0.15229082107543945
continuous_vs_candidate	2820	478	improved	662	478	0.12322454899549484	0.32936739921569824	0.036674000322818756	0.32936739921569824	0.2926934063434601	0.002399921417236328	1.5443129539489746
continuous_vs_candidate	40446	820	improved	565	820	0.48828911781311035	0.5393684506416321	0.2470000684261322	0.5393684506416321	0.2923683822154999	0.6815190315246582	0.8810362815856934
continuous_vs_candidate	22937	865	regressed	865	526	0.4398393929004669	0.1718152016401291	0.4398393929004669	0.14791592955589294	-0.291923463344574	1.6314067840576172	0.14977550506591797
continuous_vs_candidate	9015	211	improved	173	211	0.6184906363487244	0.5120854377746582	0.22044099867343903	0.5120854377746582	0.29164445400238037	1.0316519737243652	0.4995913505554199
continuous_vs_candidate	7150	513	improved	776	513	0.397478848695755	0.48138415813446045	0.19051891565322876	0.48138415813446045	0.2908652424812317	0.53240966796875	0.7344398498535156
continuous_vs_candidate	26354	697	improved	841	697	0.6100195050239563	0.4729379415512085	0.1821790635585785	0.4729379415512085	0.29075887799263	1.208500862121582	0.5727076530456543
continuous_vs_candidate	39368	131	regressed	131	128	0.5233830809593201	0.3657757043838501	0.5233830809593201	0.23373842239379883	-0.28964465856552124	1.7729401588439941	0.4478178024291992
continuous_vs_candidate	38658	740	improved	784	740	0.6681280136108398	0.3669239580631256	0.07737761735916138	0.3669239580631256	0.28954634070396423	2.1557822227478027	0.5943360328674316
continuous_vs_candidate	15415	882	regressed	882	613	0.6604986786842346	0.4091973304748535	0.6604986786842346	0.3713333010673523	-0.2891653776168823	1.4342374801635742	0.09709739685058594
continuous_vs_candidate	41303	965	improved	909	965	0.23706945776939392	0.48173508048057556	0.1926993578672409	0.48173508048057556	0.28903573751449585	0.20722198486328125	1.8240938186645508
continuous_vs_candidate	19499	962	improved	935	962	0.4595414698123932	0.6654698848724365	0.3769073784351349	0.6654698848724365	0.28856250643730164	0.19822978973388672	1.1766810417175293
continuous_vs_candidate	48113	537	regressed	537	249	0.5284609794616699	0.3980635702610016	0.5284609794616699	0.24010977149009705	-0.2883512079715729	1.178915023803711	0.5055155754089355
continuous_vs_candidate	21155	921	improved	917	921	0.607873260974884	0.5923642516136169	0.3044397830963135	0.5923642516136169	0.28792446851730347	0.691493034362793	0.6836738586425781
continuous_vs_candidate	6257	459	regressed	459	788	0.5500025153160095	0.4694760739803314	0.5500025153160095	0.26256251335144043	-0.2874400019645691	0.6689491271972656	0.5811281204223633
continuous_vs_candidate	37972	305	improved	307	305	0.5416820645332336	0.509391725063324	0.22202812135219574	0.509391725063324	0.28736358880996704	0.8918752670288086	1.2956509590148926
continuous_vs_candidate	20893	747	regressed	747	882	0.3404565155506134	0.20256054401397705	0.3404565155506134	0.053317178040742874	-0.28713932633399963	0.6026782989501953	1.3062019348144531
continuous_vs_candidate	33023	22	improved	23	22	0.3559114634990692	0.4263579547405243	0.1394382119178772	0.4263579547405243	0.2869197428226471	0.3529052734375	0.540748119354248
continuous_vs_candidate	43052	813	improved	923	813	0.3813367784023285	0.43024468421936035	0.14357398450374603	0.43024468421936035	0.2866706848144531	0.976832389831543	0.7731409072875977
continuous_vs_candidate	15951	931	improved	932	931	0.425449401140213	0.7040553092956543	0.4175187945365906	0.7040553092956543	0.2865365147590637	0.018816471099853516	1.3562593460083008
continuous_vs_candidate	5003	446	improved	636	446	0.45115891098976135	0.3372671902179718	0.05149994418025017	0.3372671902179718	0.28576725721359253	0.32237815856933594	0.4859952926635742
continuous_vs_candidate	14311	678	regressed	678	830	0.4875361919403076	0.2870584726333618	0.4875361919403076	0.20196382701396942	-0.285572350025177	1.2733912467956543	0.35159730911254883
continuous_vs_candidate	43587	206	improved	183	206	0.4533427357673645	0.4751414954662323	0.19090019166469574	0.4751414954662323	0.28424131870269775	0.8648977279663086	1.135155200958252
continuous_vs_candidate	16630	948	improved	922	948	0.3167198598384857	0.5197693705558777	0.2357657551765442	0.5197693705558777	0.2840036153793335	0.08261966705322266	1.111140251159668
continuous_vs_candidate	4905	91	regressed	91	86	0.30586761236190796	0.3779737055301666	0.30586761236190796	0.022394243627786636	-0.2834733724594116	0.8300976753234863	0.7369370460510254
continuous_vs_candidate	29888	316	regressed	316	125	0.3569987118244171	0.21077869832515717	0.3569987118244171	0.07380930334329605	-0.28318941593170166	1.4506325721740723	0.9331889152526855
continuous_vs_candidate	1314	552	regressed	552	819	0.5509312748908997	0.29807040095329285	0.5509312748908997	0.2682623267173767	-0.28266894817352295	1.1133441925048828	0.10536432266235352
continuous_vs_candidate	46851	116	improved	502	116	0.23487301170825958	0.4077237844467163	0.12512341141700745	0.4077237844467163	0.28260037302970886	0.6297445297241211	2.338895797729492
continuous_vs_candidate	49106	597	improved	792	597	0.23850426077842712	0.456264853477478	0.17381441593170166	0.456264853477478	0.28245043754577637	0.31639909744262695	1.5274195671081543
continuous_vs_candidate	18739	189	improved	186	189	0.4198305904865265	0.5151017904281616	0.23308445513248444	0.5151017904281616	0.2820173501968384	0.5884504318237305	1.4016327857971191
continuous_vs_candidate	30171	146	improved	132	146	0.5999605059623718	0.35161179304122925	0.06970556825399399	0.35161179304122925	0.28190621733665466	2.152583599090576	1.0324044227600098
continuous_vs_candidate	14925	652	regressed	652	869	0.3722134530544281	0.603728711605072	0.3722134530544281	0.09076084196567535	-0.28145259618759155	0.07374811172485352	1.8948969841003418
continuous_vs_candidate	48504	575	improved	573	575	0.4258052706718445	0.39051997661590576	0.10948585718870163	0.39051997661590576	0.28103411197662354	0.3733558654785156	0.07920694351196289
continuous_vs_candidate	10465	261	regressed	261	230	0.5503382682800293	0.413387656211853	0.5503382682800293	0.2693246603012085	-0.2810136079788208	1.0089879035949707	0.4284682273864746
continuous_vs_candidate	11539	298	regressed	298	356	0.5601811408996582	0.49291083216667175	0.5601811408996582	0.2799125015735626	-0.2802686393260956	0.8091578483581543	0.5658512115478516
continuous_vs_candidate	17363	601	improved	432	601	0.333477258682251	0.4205181896686554	0.14085164666175842	0.4205181896686554	0.279666543006897	0.8618674278259277	1.8568053245544434
continuous_vs_candidate	41476	730	regressed	730	979	0.4307243227958679	0.36382293701171875	0.4307243227958679	0.1516992598772049	-0.2790250778198242	0.8754558563232422	0.8747673034667969
continuous_vs_candidate	43143	130	regressed	130	129	0.42454883456230164	0.7231827974319458	0.42454883456230164	0.1459444761276245	-0.2786043584346771	0.055640220642089844	1.600435733795166
continuous_vs_candidate	7897	876	regressed	876	463	0.6384129524230957	0.4770389199256897	0.6384129524230957	0.35987091064453125	-0.27854204177856445	1.1868343353271484	0.28185272216796875
continuous_vs_candidate	46109	412	improved	362	412	0.4205295741558075	0.48802685737609863	0.20987334847450256	0.48802685737609863	0.27815350890159607	0.6950106620788574	0.4925270080566406
continuous_vs_candidate	39980	964	regressed	964	962	0.5024059414863586	0.3457707166671753	0.5024059414863586	0.22427909076213837	-0.2781268358230591	1.5671534538269043	0.43288469314575195
continuous_vs_candidate	40787	503	improved	505	503	0.4987387955188751	0.5761138796806335	0.29818594455718994	0.5761138796806335	0.2779279351234436	0.5143651962280273	0.7356414794921875
continuous_vs_candidate	22668	682	improved	920	682	0.6534754633903503	0.3740108013153076	0.09651756286621094	0.3740108013153076	0.2774932384490967	1.9125800132751465	0.49352598190307617
continuous_vs_candidate	18759	437	regressed	437	460	0.6807440519332886	0.505577802658081	0.6807440519332886	0.4038759768009186	-0.27686807513237	1.150393009185791	0.2245941162109375
continuous_vs_candidate	38853	99	regressed	99	21	0.656714916229248	0.41879358887672424	0.656714916229248	0.3804430365562439	-0.27627187967300415	1.2165718078613281	0.09604167938232422
continuous_vs_candidate	11635	794	regressed	794	905	0.4945465922355652	0.2909899353981018	0.4945465922355652	0.2183840274810791	-0.2761625647544861	0.49422550201416016	0.2870335578918457
continuous_vs_candidate	48992	740	improved	587	740	0.5611148476600647	0.38908669352531433	0.11305321007966995	0.38908669352531433	0.276033490896225	1.2541723251342773	0.4917593002319336
continuous_vs_candidate	8516	699	improved	558	699	0.3825700879096985	0.4160239100456238	0.1403021216392517	0.4160239100456238	0.27572178840637207	1.0031137466430664	0.1533031463623047
continuous_vs_candidate	33330	556	improved	703	556	0.30258622765541077	0.45358699560165405	0.17802739143371582	0.45358699560165405	0.27555960416793823	0.5304288864135742	1.1569695472717285
continuous_vs_candidate	26099	614	improved	887	614	0.4131167232990265	0.6005150079727173	0.3255273997783661	0.6005150079727173	0.2749876081943512	0.23828363418579102	1.1679930686950684
continuous_vs_candidate	48792	91	regressed	91	95	0.46031996607780457	0.3085917532444	0.46031996607780457	0.18575797975063324	-0.2745620012283325	0.39873600006103516	0.40613460540771484
continuous_vs_candidate	46260	348	improved	825	348	0.5971568822860718	0.5997650027275085	0.32535046339035034	0.5997650027275085	0.2744145393371582	0.6072769165039062	0.6428003311157227
continuous_vs_candidate	45466	593	regressed	593	878	0.5648252367973328	0.30379852652549744	0.5648252367973328	0.2908376157283783	-0.27398762106895447	1.830948829650879	0.043599605560302734
continuous_vs_candidate	18685	498	regressed	498	781	0.4627135396003723	0.4929954707622528	0.4627135396003723	0.18900945782661438	-0.27370408177375793	0.6976613998413086	0.9587030410766602
continuous_vs_candidate	45819	212	regressed	212	215	0.6992758512496948	0.44375231862068176	0.6992758512496948	0.42595595121383667	-0.27331990003585815	1.2090845108032227	0.040930747985839844
continuous_vs_candidate	31314	819	regressed	819	638	0.454645574092865	0.5239335298538208	0.454645574092865	0.18141314387321472	-0.27323243021965027	0.7206563949584961	1.0605878829956055
continuous_vs_candidate	9156	639	improved	879	639	0.6204038262367249	0.44319429993629456	0.17091648280620575	0.44319429993629456	0.27227783203125	1.2891955375671387	0.5233621597290039
continuous_vs_candidate	17952	597	improved	764	597	0.3749213218688965	0.6258086562156677	0.3539642095565796	0.6258086562156677	0.27184444665908813	0.057520389556884766	1.2862176895141602
continuous_vs_candidate	22032	801	improved	445	801	0.3033008277416229	0.5554203987121582	0.28476136922836304	0.5554203987121582	0.27065902948379517	0.06307363510131836	1.061793327331543
continuous_vs_candidate	42779	248	regressed	248	273	0.36386460065841675	0.2992897629737854	0.36386460065841675	0.09331031888723373	-0.2705542743206024	0.5938754081726074	0.44205760955810547
continuous_vs_candidate	6643	165	improved	237	165	0.384342759847641	0.33990707993507385	0.06952615827322006	0.33990707993507385	0.2703809142112732	0.9211440086364746	0.8675217628479004
continuous_vs_candidate	20051	928	regressed	928	960	0.6146186590194702	0.5408586859703064	0.6146186590194702	0.3443852961063385	-0.2702333629131317	0.673614501953125	0.4513969421386719
continuous_vs_candidate	17923	818	regressed	818	619	0.5686530470848083	0.6144630312919617	0.5686530470848083	0.2985243797302246	-0.27012866735458374	0.7155952453613281	0.7218971252441406
continuous_vs_candidate	22195	827	regressed	827	481	0.3152209520339966	0.2314220368862152	0.3152209520339966	0.04524649679660797	-0.2699744701385498	0.38593339920043945	0.12108850479125977
continuous_vs_candidate	21257	26	regressed	26	32	0.35969993472099304	0.4601097106933594	0.35969993472099304	0.08983223140239716	-0.2698677182197571	0.8977532386779785	1.6335210800170898
continuous_vs_candidate	2658	174	regressed	174	261	0.5672217011451721	0.404237300157547	0.5672217011451721	0.2975480258464813	-0.2696736752986908	1.5022077560424805	0.3064265251159668
continuous_vs_candidate	8402	736	improved	641	736	0.3023133873939514	0.5681489706039429	0.2986142933368683	0.5681489706039429	0.2695346772670746	0.012311458587646484	1.8314690589904785
continuous_vs_candidate	30116	787	regressed	787	577	0.4056832492351532	0.29227346181869507	0.4056832492351532	0.13637663424015045	-0.26930660009384155	1.7064580917358398	0.7622694969177246
continuous_vs_candidate	14189	728	improved	417	728	0.13593240082263947	0.38747960329055786	0.11873055249452591	0.38747960329055786	0.26874905824661255	0.10619020462036133	1.7533893585205078
continuous_vs_candidate	1364	159	regressed	159	168	0.6135119795799255	0.5061690807342529	0.6135119795799255	0.34516170620918274	-0.2683502733707428	0.9609103202819824	0.3828577995300293
continuous_vs_candidate	22561	934	improved	600	934	0.2755191922187805	0.3836638629436493	0.11546900868415833	0.3836638629436493	0.26819485425949097	0.30466318130493164	1.0578384399414062
continuous_vs_candidate	17663	578	improved	903	578	0.155167356133461	0.39852383732795715	0.13064421713352203	0.39852383732795715	0.2678796052932739	0.1720266342163086	1.7029314041137695
continuous_vs_candidate	21728	514	regressed	514	711	0.5922367572784424	0.33639460802078247	0.5922367572784424	0.32479292154312134	-0.26744383573532104	1.6524715423583984	0.03509712219238281
continuous_vs_candidate	22364	772	regressed	772	455	0.41363462805747986	0.6866381168365479	0.41363462805747986	0.14716176688671112	-0.26647287607192993	0.022225379943847656	1.5402750968933105
continuous_vs_candidate	32295	893	improved	424	893	0.1453401893377304	0.31983682513237	0.053691983222961426	0.31983682513237	0.26614484190940857	0.4779229164123535	1.5313081741333008
continuous_vs_candidate	49028	399	regressed	399	796	0.45967045426368713	0.6104923486709595	0.45967045426368713	0.1936584860086441	-0.26601195335388184	0.25799560546875	1.1481695175170898
continuous_vs_candidate	21311	699	improved	568	699	0.7159813642501831	0.30676472187042236	0.0412902869284153	0.30676472187042236	0.26547443866729736	2.853026866912842	0.9595708847045898
continuous_vs_candidate	22836	372	improved	370	372	0.5682242512702942	0.3300708532333374	0.06484375894069672	0.3300708532333374	0.2652270793914795	2.098738670349121	0.23585128784179688
continuous_vs_candidate	32456	261	improved	174	261	0.4748678505420685	0.6442328095436096	0.37926366925239563	0.6442328095436096	0.264969140291214	0.22480487823486328	0.9314260482788086
continuous_vs_candidate	17767	785	regressed	785	464	0.6182407140731812	0.452608197927475	0.6182407140731812	0.3533569276332855	-0.26488378643989563	1.127532958984375	0.24754810333251953
continuous_vs_candidate	32468	567	regressed	567	940	0.4933113157749176	0.32327163219451904	0.4933113157749176	0.22875511646270752	-0.2645561993122101	1.0244569778442383	0.3458409309387207
continuous_vs_candidate	16863	574	improved	429	574	0.5050469636917114	0.6143836975097656	0.34992772340774536	0.6143836975097656	0.26445597410202026	0.3669247627258301	0.945641040802002
continuous_vs_candidate	18052	536	improved	510	536	0.7446933388710022	0.42255541682243347	0.1585378795862198	0.42255541682243347	0.2640175223350525	1.5469789505004883	0.0779886245727539
continuous_vs_candidate	6485	706	regressed	706	762	0.5669604539871216	0.33136793971061707	0.5669604539871216	0.30340248346328735	-0.26355797052383423	1.7867894172668457	0.08816909790039062
continuous_vs_candidate	40920	770	regressed	770	630	0.5134519338607788	0.4256332516670227	0.5134519338607788	0.24990613758563995	-0.26354581117630005	1.1236662864685059	0.5324926376342773
continuous_vs_candidate	28288	914	regressed	914	484	0.36107584834098816	0.3454269766807556	0.36107584834098816	0.0975833460688591	-0.26349249482154846	0.35860681533813477	0.09164285659790039
continuous_vs_candidate	31837	467	regressed	467	766	0.4688260555267334	0.43150606751441956	0.4688260555267334	0.20610910654067993	-0.26271694898605347	0.7006130218505859	0.7388758659362793
continuous_vs_candidate	332	809	regressed	809	927	0.354874849319458	0.19778381288051605	0.354874849319458	0.09246936440467834	-0.26240548491477966	1.5809621810913086	0.2475595474243164
continuous_vs_candidate	9122	45	improved	71	45	0.32082319259643555	0.5719411969184875	0.30967363715171814	0.5719411969184875	0.2622675597667694	0.03537130355834961	2.433229446411133
continuous_vs_candidate	22693	838	regressed	838	582	0.3233860433101654	0.5307416319847107	0.3233860433101654	0.06113962084054947	-0.26224642992019653	0.2138805389404297	1.7323660850524902
continuous_vs_candidate	15008	170	improved	177	170	0.714844822883606	0.4625907242298126	0.20050689578056335	0.4625907242298126	0.26208382844924927	1.271216869354248	0.07259082794189453
continuous_vs_candidate	16430	770	regressed	770	787	0.4122600555419922	0.2134004533290863	0.4122600555419922	0.15034005045890808	-0.2619200050830841	1.3371591567993164	0.35027074813842773
continuous_vs_candidate	47973	500	improved	825	500	0.7103973031044006	0.41806259751319885	0.15616479516029358	0.41806259751319885	0.2618978023529053	1.5149126052856445	0.016501426696777344
continuous_vs_candidate	6834	124	regressed	124	119	0.5931439995765686	0.42203035950660706	0.5931439995765686	0.3318815529346466	-0.261262446641922	1.6659011840820312	0.24029922485351562
continuous_vs_candidate	15504	549	regressed	549	816	0.6194668412208557	0.3659727871417999	0.6194668412208557	0.3583603501319885	-0.2611064910888672	1.4788856506347656	0.021019935607910156
continuous_vs_candidate	8398	822	improved	484	822	0.5698752403259277	0.4125235974788666	0.15202803909778595	0.4125235974788666	0.26049554347991943	1.321352481842041	0.022431373596191406
continuous_vs_candidate	4364	150	regressed	150	34	0.38618430495262146	0.17671158909797668	0.38618430495262146	0.12629194557666779	-0.2598923444747925	1.5703315734863281	0.3359227180480957
continuous_vs_candidate	41907	124	regressed	124	119	0.6206254363059998	0.48832279443740845	0.6206254363059998	0.36074718832969666	-0.2598782479763031	0.9471511840820312	0.3027992248535156
continuous_vs_candidate	38232	589	improved	175	589	0.35239967703819275	0.48819035291671753	0.2285388708114624	0.48819035291671753	0.2596514821052551	0.4330596923828125	1.7232666015625
continuous_vs_candidate	14412	65	improved	327	65	0.29649317264556885	0.534551203250885	0.27490681409835815	0.534551203250885	0.25964438915252686	0.075592041015625	1.7369170188903809
continuous_vs_candidate	45651	741	improved	698	741	0.48414990305900574	0.4636751115322113	0.20457543432712555	0.4636751115322113	0.25909966230392456	0.8614578247070312	0.8887228965759277
continuous_vs_candidate	37403	183	regressed	183	265	0.4372026324272156	0.25578564405441284	0.4372026324272156	0.17867770791053772	-0.25852492451667786	0.9538612365722656	0.09438800811767578
continuous_vs_candidate	11162	153	regressed	153	203	0.4604162275791168	0.6169325709342957	0.4604162275791168	0.20252056419849396	-0.25789564847946167	0.29209375381469727	1.1139183044433594
continuous_vs_candidate	9022	538	regressed	538	497	0.33133792877197266	0.6936709880828857	0.33133792877197266	0.07438632845878601	-0.25695160031318665	0.17348623275756836	2.1776223182678223
continuous_vs_candidate	8588	503	improved	899	503	0.6419268250465393	0.535946249961853	0.27986907958984375	0.535946249961853	0.2560771703720093	0.8301525115966797	0.2948951721191406
continuous_vs_candidate	16927	417	regressed	417	701	0.5385092496871948	0.321419894695282	0.5385092496871948	0.28304824233055115	-0.2554610073566437	1.510115623474121	0.12713098526000977
continuous_vs_candidate	1435	572	improved	503	572	0.31614866852760315	0.43031734228134155	0.1748606562614441	0.43031734228134155	0.25545668601989746	0.5922231674194336	1.12648344039917
continuous_vs_candidate	1572	827	regressed	827	423	0.37051093578338623	0.1667262464761734	0.37051093578338623	0.11522029340267181	-0.2552906274795532	1.9050474166870117	0.3695073127746582
continuous_vs_candidate	19935	289	regressed	289	286	0.41800424456596375	0.3561592102050781	0.41800424456596375	0.1627877950668335	-0.25521644949913025	0.9669346809387207	0.7829303741455078
continuous_vs_candidate	37191	499	improved	477	499	0.49517813324928284	0.6201256513595581	0.36594730615615845	0.6201256513595581	0.25417834520339966	0.3024282455444336	0.8225984573364258
continuous_vs_candidate	31720	368	regressed	368	384	0.5321629047393799	0.3295583724975586	0.5321629047393799	0.27817457914352417	-0.2539883255958557	1.3306078910827637	0.16950464248657227
continuous_vs_candidate	36623	778	regressed	778	423	0.5381613373756409	0.2954785227775574	0.5381613373756409	0.2841734290122986	-0.2539879083633423	1.786935806274414	0.039011478424072266
continuous_vs_candidate	46430	238	regressed	238	240	0.5148112177848816	0.5084794163703918	0.5148112177848816	0.26114025712013245	-0.25367096066474915	0.7398777008056641	0.6663670539855957
continuous_vs_candidate	32982	724	improved	536	724	0.31601759791374207	0.4214969575405121	0.16787971556186676	0.4214969575405121	0.25361722707748413	0.09090614318847656	0.6771655082702637
continuous_vs_candidate	47779	731	improved	710	731	0.6804230809211731	0.41334712505340576	0.16013552248477936	0.41334712505340576	0.2532116174697876	1.4466943740844727	0.6470284461975098
continuous_vs_candidate	13762	67	improved	49	67	0.28611406683921814	0.3375110924243927	0.08474575728178024	0.3375110924243927	0.25276532769203186	0.7239809036254883	0.22077465057373047
continuous_vs_candidate	22216	82	regressed	82	21	0.32690197229385376	0.7589905261993408	0.32690197229385376	0.07451192289590836	-0.252390056848526	0.022809505462646484	2.3210301399230957
continuous_vs_candidate	5838	522	regressed	522	621	0.40266168117523193	0.23077839612960815	0.40266168117523193	0.1503605991601944	-0.25230109691619873	0.946505069732666	0.4284214973449707
continuous_vs_candidate	26041	181	regressed	181	266	0.35564112663269043	0.4573914706707001	0.35564112663269043	0.10384400933980942	-0.2517971098423004	0.6422991752624512	0.7806119918823242
continuous_vs_candidate	32195	875	regressed	875	432	0.2806626856327057	0.6058096289634705	0.2806626856327057	0.028966527432203293	-0.2516961693763733	0.46759033203125	2.272907257080078
continuous_vs_candidate	48677	876	improved	733	876	0.551461935043335	0.33540016412734985	0.08428950607776642	0.33540016412734985	0.25111067295074463	1.8783154487609863	0.2466268539428711
continuous_vs_candidate	27214	513	improved	875	513	0.4252544641494751	0.5670718550682068	0.3160681128501892	0.5670718550682068	0.2510037422180176	0.29673004150390625	0.5781898498535156
continuous_vs_candidate	24928	442	improved	497	442	0.5443812608718872	0.6072530746459961	0.3563747704029083	0.6072530746459961	0.25087830424308777	0.42366695404052734	0.7015647888183594
continuous_vs_candidate	26530	21	regressed	21	22	0.5766168236732483	0.559543788433075	0.5766168236732483	0.32582950592041016	-0.25078731775283813	0.5841541290283203	0.5407476425170898
continuous_vs_candidate	15495	489	improved	556	489	0.30784547328948975	0.5194569230079651	0.2689558267593384	0.5194569230079651	0.2505010962486267	0.13505077362060547	1.208796501159668
continuous_vs_candidate	9785	519	regressed	519	491	0.6490098237991333	0.43740376830101013	0.6490098237991333	0.39868512749671936	-0.25032469630241394	1.4698176383972168	0.09268474578857422
continuous_vs_candidate	10041	209	regressed	209	256	0.3875730335712433	0.4109407365322113	0.3875730335712433	0.13731592893600464	-0.25025710463523865	0.5601158142089844	1.0961647033691406
continuous_vs_candidate	38747	568	regressed	568	434	0.29806530475616455	0.4423832297325134	0.29806530475616455	0.04805077984929085	-0.2500145137310028	0.24876976013183594	1.3260297775268555
continuous_vs_candidate	30447	186	regressed	186	185	0.5930726528167725	0.35348764061927795	0.5930726528167725	0.3432462811470032	-0.2498263716697693	1.2832269668579102	0.029400348663330078
continuous_vs_candidate	27533	203	improved	153	203	0.3360343277454376	0.4390563368797302	0.18940159678459167	0.4390563368797302	0.24965474009513855	0.5733437538146973	1.0201683044433594
continuous_vs_candidate	30589	734	regressed	734	407	0.5196791887283325	0.599759042263031	0.5196791887283325	0.27051544189453125	-0.24916374683380127	0.3286733627319336	0.796198844909668
continuous_vs_candidate	38774	618	regressed	618	823	0.49294808506965637	0.35791540145874023	0.49294808506965637	0.24417255818843842	-0.24877552688121796	0.6801271438598633	0.38242149353027344
continuous_vs_candidate	29346	733	improved	682	733	0.3556361496448517	0.5268180966377258	0.2784489691257477	0.5268180966377258	0.24836912751197815	0.2446732521057129	0.9677176475524902
continuous_vs_candidate	29042	784	improved	813	784	0.3829842507839203	0.46182093024253845	0.21355023980140686	0.46182093024253845	0.2482706904411316	0.5841217041015625	1.1556639671325684
continuous_vs_candidate	8545	183	regressed	183	266	0.3185335099697113	0.5183283686637878	0.3185335099697113	0.0713423639535904	-0.2471911460161209	0.04823875427246094	0.7493629455566406
continuous_vs_candidate	4027	657	improved	682	657	0.2975510358810425	0.4628908634185791	0.21636204421520233	0.4628908634185791	0.24652881920337677	0.3186326026916504	0.7796716690063477
continuous_vs_candidate	37451	584	regressed	584	641	0.3493873178958893	0.10596445202827454	0.3493873178958893	0.10389097779989243	-0.24549633264541626	1.4177560806274414	0.01976156234741211
continuous_vs_candidate	19430	446	improved	893	446	0.48041924834251404	0.6624499559402466	0.41724899411201477	0.6624499559402466	0.2452009618282318	0.1409759521484375	0.983952522277832
continuous_vs_candidate	25630	759	improved	732	759	0.24065056443214417	0.46230605244636536	0.21719281375408173	0.46230605244636536	0.24511323869228363	0.10256052017211914	0.9286842346191406
continuous_vs_candidate	8729	197	improved	196	197	0.6528626084327698	0.4646931290626526	0.2197767049074173	0.4646931290626526	0.2449164241552353	1.088754653930664	0.44244384765625
continuous_vs_candidate	26022	775	regressed	775	842	0.3765711784362793	0.20556782186031342	0.3765711784362793	0.1323326975107193	-0.24423848092556	1.3720016479492188	0.4404568672180176
continuous_vs_candidate	42516	338	improved	361	338	0.3661118447780609	0.4205486476421356	0.17648273706436157	0.4205486476421356	0.24406591057777405	0.7297158241271973	0.4266514778137207
continuous_vs_candidate	7826	778	improved	786	778	0.2603101432323456	0.43138667941093445	0.1878224015235901	0.43138667941093445	0.24356427788734436	0.32637691497802734	1.173769474029541
continuous_vs_candidate	38400	170	improved	177	170	0.4180872142314911	0.507614254951477	0.2642706334590912	0.507614254951477	0.24334362149238586	0.45871639251708984	0.7913413047790527
continuous_vs_candidate	27601	435	improved	789	435	0.6706119775772095	0.36970171332359314	0.1265038698911667	0.36970171332359314	0.24319784343242645	1.6679177284240723	0.43871355056762695
continuous_vs_candidate	43429	367	improved	297	367	0.22204719483852386	0.37559935450553894	0.1327754259109497	0.37559935450553894	0.24282392859458923	0.3086390495300293	1.049821376800537
continuous_vs_candidate	5266	536	regressed	536	484	0.45336949825286865	0.6191887259483337	0.45336949825286865	0.21083113551139832	-0.24253836274147034	0.23514270782470703	1.077352523803711
continuous_vs_candidate	31493	420	improved	714	420	0.6667578220367432	0.3449266254901886	0.1026315838098526	0.3449266254901886	0.242295041680336	1.6692581176757812	0.03494548797607422
continuous_vs_candidate	28700	591	improved	452	591	0.15737943351268768	0.2959459125995636	0.054500505328178406	0.2959459125995636	0.2414454072713852	0.5850157737731934	1.3457393646240234
continuous_vs_candidate	15157	62	improved	390	62	0.28646567463874817	0.4262324869632721	0.18527719378471375	0.4262324869632721	0.24095529317855835	0.43576574325561523	1.4704194068908691
continuous_vs_candidate	44395	164	regressed	164	151	0.35147783160209656	0.19107261300086975	0.35147783160209656	0.11067672073841095	-0.2408011108636856	1.116194248199463	0.2871122360229492
continuous_vs_candidate	8234	917	regressed	917	611	0.40462952852249146	0.3276377320289612	0.40462952852249146	0.16429153084754944	-0.24033799767494202	0.6222281455993652	0.6902661323547363
continuous_vs_candidate	23345	551	regressed	551	696	0.4707985818386078	0.6727820634841919	0.4707985818386078	0.23097887635231018	-0.2398197054862976	0.11845588684082031	1.0690951347351074
continuous_vs_candidate	10482	99	improved	134	99	0.2789345383644104	0.4182370901107788	0.1789746880531311	0.4182370901107788	0.2392624020576477	0.44373273849487305	1.6499614715576172
continuous_vs_candidate	46555	218	improved	215	218	0.5307384729385376	0.4512726068496704	0.21357646584510803	0.4512726068496704	0.23769614100456238	0.9102745056152344	0.339688777923584
continuous_vs_candidate	49788	536	regressed	536	780	0.529826819896698	0.3427330553531647	0.529826819896698	0.2923171818256378	-0.23750963807106018	1.1325502395629883	0.15911245346069336
continuous_vs_candidate	3422	792	regressed	792	734	0.39493778347969055	0.4553804099559784	0.39493778347969055	0.15774106979370117	-0.23719671368598938	0.31486082077026367	1.060178279876709
continuous_vs_candidate	15920	587	regressed	587	491	0.4872111678123474	0.26642924547195435	0.4872111678123474	0.25009432435035706	-0.23711684346199036	2.6434125900268555	0.06327056884765625
continuous_vs_candidate	17818	630	regressed	630	514	0.512003481388092	0.33710145950317383	0.512003481388092	0.27530086040496826	-0.23670262098312378	1.1724233627319336	0.20251941680908203
continuous_vs_candidate	31296	435	improved	896	435	0.6740171909332275	0.390646755695343	0.15412333607673645	0.390646755695343	0.23652341961860657	1.4755024909973145	0.14957809448242188
continuous_vs_candidate	39894	550	improved	534	550	0.39043673872947693	0.6208685040473938	0.3844086527824402	0.6208685040473938	0.2364598512649536	0.015559673309326172	1.0781683921813965
continuous_vs_candidate	30763	694	improved	856	694	0.14660577476024628	0.3636375665664673	0.1276586651802063	0.3636375665664673	0.235978901386261	0.13838720321655273	1.1742281913757324
continuous_vs_candidate	20966	794	improved	443	794	0.3117058575153351	0.3529782295227051	0.1171388328075409	0.3529782295227051	0.23583939671516418	0.9787001609802246	0.4899897575378418
continuous_vs_candidate	6165	140	regressed	140	20	0.4207321107387543	0.2645207941532135	0.4207321107387543	0.18512505292892456	-0.2356070578098297	0.6729459762573242	0.0923151969909668
continuous_vs_candidate	22014	924	improved	923	924	0.21528664231300354	0.3767780065536499	0.141525998711586	0.3767780065536499	0.2352520078420639	0.048370361328125	1.205409049987793
continuous_vs_candidate	14633	173	regressed	173	246	0.40104949474334717	0.2457224279642105	0.40104949474334717	0.1660110056400299	-0.23503848910331726	1.3832602500915527	0.39092063903808594
continuous_vs_candidate	613	111	improved	77	111	0.22978010773658752	0.34990638494491577	0.11537283658981323	0.34990638494491577	0.23453354835510254	0.6889538764953613	1.1235499382019043
continuous_vs_candidate	29603	194	improved	155	194	0.284969687461853	0.36804795265197754	0.13369692862033844	0.36804795265197754	0.2343510240316391	0.7568073272705078	1.3056716918945312
continuous_vs_candidate	10849	131	regressed	131	132	0.38493648171424866	0.40524715185165405	0.38493648171424866	0.15102829039096832	-0.23390819132328033	0.04425382614135742	0.987030029296875
continuous_vs_candidate	8300	349	regressed	349	348	0.5051198601722717	0.47423145174980164	0.5051198601722717	0.2714080512523651	-0.23371180891990662	0.5044755935668945	0.5580720901489258
continuous_vs_candidate	28623	242	regressed	242	243	0.5901668071746826	0.49319037795066833	0.5901668071746826	0.35650694370269775	-0.23365986347198486	0.7067685127258301	0.3245415687561035
continuous_vs_candidate	3121	795	regressed	795	970	0.45734280347824097	0.6596879363059998	0.45734280347824097	0.2237328737974167	-0.23360992968082428	0.10603713989257812	1.0813140869140625
continuous_vs_candidate	7710	841	regressed	841	610	0.46763360500335693	0.6316496729850769	0.46763360500335693	0.23455992341041565	-0.23307368159294128	0.13434314727783203	0.990623950958252
continuous_vs_candidate	26924	353	regressed	353	352	0.461605042219162	0.2828184962272644	0.461605042219162	0.2290186583995819	-0.23258638381958008	0.5076112747192383	0.21100187301635742
continuous_vs_candidate	7468	199	improved	197	199	0.4776688814163208	0.4062159061431885	0.1743374466896057	0.4062159061431885	0.23187845945358276	1.007925033569336	0.4297065734863281
continuous_vs_candidate	17987	313	improved	310	313	0.19965970516204834	0.3781624436378479	0.1466393768787384	0.3781624436378479	0.2315230667591095	0.3086380958557129	1.4011754989624023
continuous_vs_candidate	40303	126	regressed	126	117	0.40021976828575134	0.17573505640029907	0.40021976828575134	0.1696150302886963	-0.23060473799705505	1.9282360076904297	0.0354461669921875
continuous_vs_candidate	6542	551	improved	631	551	0.5551692247390747	0.482400119304657	0.25184741616249084	0.482400119304657	0.23055270314216614	0.7904496192932129	0.5220370292663574
continuous_vs_candidate	12128	954	regressed	954	399	0.253574013710022	0.17969204485416412	0.253574013710022	0.023099420592188835	-0.230474591255188	1.0632524490356445	1.0351762771606445
continuous_vs_candidate	16975	729	regressed	729	446	0.34408825635910034	0.27168869972229004	0.34408825635910034	0.1137271448969841	-0.23036110401153564	1.0441384315490723	0.16493797302246094
continuous_vs_candidate	24687	371	improved	370	371	0.4554954767227173	0.4582546651363373	0.2278977781534195	0.4582546651363373	0.23035688698291779	0.6924886703491211	0.6511440277099609
continuous_vs_candidate	15498	313	regressed	313	315	0.42851758003234863	0.6106414794921875	0.42851758003234863	0.19885940849781036	-0.22965817153453827	0.12825965881347656	1.1219120025634766
continuous_vs_candidate	47918	295	regressed	295	297	0.5912625789642334	0.5079441070556641	0.5912625789642334	0.36161109805107117	-0.22965148091316223	0.7538614273071289	0.33980226516723633
continuous_vs_candidate	8967	885	improved	584	885	0.45760780572891235	0.4696224331855774	0.24015000462532043	0.4696224331855774	0.22947242856025696	0.6447486877441406	0.5114436149597168
continuous_vs_candidate	41610	124	regressed	124	125	0.43586957454681396	0.3804439604282379	0.43586957454681396	0.20651057362556458	-0.2293590009212494	0.4827899932861328	0.6109871864318848
continuous_vs_candidate	25157	440	improved	427	440	0.3107239902019501	0.2564947307109833	0.027330804616212845	0.2564947307109833	0.22916392982006073	0.4265713691711426	0.1942458152770996
continuous_vs_candidate	11258	563	regressed	563	418	0.6260371804237366	0.5223346948623657	0.6260371804237366	0.39705345034599304	-0.22898373007774353	0.7257213592529297	0.27423763275146484
continuous_vs_candidate	22448	989	improved	309	989	0.45802316069602966	0.422271192073822	0.19362300634384155	0.422271192073822	0.22864818572998047	0.8610067367553711	1.4201703071594238
continuous_vs_candidate	39763	807	improved	908	807	0.3573412597179413	0.5806897282600403	0.3529425859451294	0.5806897282600403	0.2277471423149109	0.012385845184326172	2.081315040588379
continuous_vs_candidate	46636	151	improved	263	151	0.41210830211639404	0.5456389784812927	0.31834572553634644	0.5456389784812927	0.2272932529449463	0.258148193359375	0.7106146812438965
continuous_vs_candidate	42849	673	improved	622	673	0.6787922978401184	0.3713279664516449	0.14409774541854858	0.3713279664516449	0.2272302210330963	1.54982328414917	0.043808937072753906
continuous_vs_candidate	19851	862	improved	980	862	0.41643059253692627	0.4865013062953949	0.2596655786037445	0.4865013062953949	0.2268357276916504	0.47232532501220703	0.6527185440063477
continuous_vs_candidate	46246	270	improved	258	270	0.43844157457351685	0.46769243478775024	0.2408941686153412	0.46769243478775024	0.22679826617240906	0.5988688468933105	1.0574665069580078
continuous_vs_candidate	22415	630	improved	514	630	0.3990788161754608	0.4503816068172455	0.22398583590984344	0.4503816068172455	0.22639577090740204	0.5775761604309082	0.578730583190918
continuous_vs_candidate	23228	778	improved	470	778	0.2093614637851715	0.2776228189468384	0.05147818848490715	0.2776228189468384	0.22614462673664093	1.0216383934020996	1.1558928489685059
continuous_vs_candidate	9359	879	regressed	879	723	0.2548036277294159	0.43670135736465454	0.2548036277294159	0.028739988803863525	-0.22606363892555237	0.5296878814697266	2.3066864013671875
continuous_vs_candidate	32687	303	regressed	303	304	0.6306322813034058	0.4359857738018036	0.6306322813034058	0.40489891171455383	-0.22573336958885193	0.9260315895080566	0.07397222518920898
continuous_vs_candidate	41644	200	improved	202	200	0.640722393989563	0.4925282895565033	0.2674422860145569	0.4925282895565033	0.2250860035419464	0.873692512512207	0.12615394592285156
continuous_vs_candidate	6023	36	improved	50	36	0.29322460293769836	0.33058515191078186	0.10568102449178696	0.33058515191078186	0.2249041199684143	1.0205135345458984	1.1248812675476074
continuous_vs_candidate	7811	658	improved	911	658	0.502299427986145	0.568913996219635	0.3442058861255646	0.568913996219635	0.22470811009407043	0.3779563903808594	0.6846151351928711
continuous_vs_candidate	34123	53	regressed	53	54	0.5821051597595215	0.4036393165588379	0.5821051597595215	0.3574334681034088	-0.22467169165611267	1.0971064567565918	0.12157249450683594
continuous_vs_candidate	46940	523	improved	462	523	0.28200915455818176	0.36845824122428894	0.14379572868347168	0.36845824122428894	0.22466251254081726	0.6735458374023438	0.45157670974731445
continuous_vs_candidate	26237	757	improved	497	757	0.4208057224750519	0.34415480494499207	0.11965207010507584	0.34415480494499207	0.22450274229049683	1.2575831413269043	0.7112894058227539
continuous_vs_candidate	6971	796	improved	518	796	0.4518178403377533	0.6214689016342163	0.39743781089782715	0.6214689016342163	0.22403109073638916	0.12824058532714844	1.0904874801635742
continuous_vs_candidate	12290	104	regressed	104	286	0.39052629470825195	0.18218465149402618	0.39052629470825195	0.1670047491788864	-0.22352154552936554	1.2567439079284668	0.08699846267700195
continuous_vs_candidate	20783	298	improved	276	298	0.5227993726730347	0.2517496943473816	0.028965532779693604	0.2517496943473816	0.222784161567688	2.240114688873291	0.22194862365722656
continuous_vs_candidate	7433	610	regressed	610	411	0.34015563130378723	0.5339515805244446	0.34015563130378723	0.11769597232341766	-0.22245965898036957	0.5503511428833008	1.5122003555297852
continuous_vs_candidate	3417	262	improved	245	262	0.363180547952652	0.5719191431999207	0.3496024012565613	0.5719191431999207	0.22231674194335938	0.038103580474853516	1.3056321144104004
continuous_vs_candidate	23947	826	improved	426	826	0.5198124647140503	0.5273404717445374	0.30513134598731995	0.5273404717445374	0.2222091257572174	0.5327258110046387	0.6234703063964844
continuous_vs_candidate	23073	774	improved	464	774	0.2856232225894928	0.504008412361145	0.2825064957141876	0.504008412361145	0.2215019166469574	0.010972023010253906	1.520230770111084
continuous_vs_candidate	18071	278	regressed	278	277	0.40506500005722046	0.6554344296455383	0.40506500005722046	0.18359136581420898	-0.22147363424301147	0.03971576690673828	1.2725858688354492
continuous_vs_candidate	17450	348	regressed	348	267	0.3730403780937195	0.3449130356311798	0.3730403780937195	0.1516885906457901	-0.22135178744792938	0.8971843719482422	0.8214626312255859
continuous_vs_candidate	33476	775	regressed	775	264	0.3004661798477173	0.09757642447948456	0.3004661798477173	0.07917013764381409	-0.2212960422039032	1.8383889198303223	0.20903682708740234
continuous_vs_candidate	5813	646	regressed	646	580	0.41869860887527466	0.47763684391975403	0.41869860887527466	0.19770658016204834	-0.22099202871322632	0.6181011199951172	0.8820667266845703
continuous_vs_candidate	14468	793	regressed	793	614	0.44011086225509644	0.5936682820320129	0.44011086225509644	0.2193208932876587	-0.22078996896743774	0.12928056716918945	0.9957847595214844
continuous_vs_candidate	5010	228	regressed	228	202	0.5509111285209656	0.33408668637275696	0.5509111285209656	0.33051344752311707	-0.2203976809978485	1.239384651184082	0.010753154754638672
continuous_vs_candidate	45100	347	improved	342	347	0.3455795645713806	0.5225204229354858	0.30228838324546814	0.5225204229354858	0.2202320396900177	0.13384151458740234	0.6786360740661621
continuous_vs_candidate	32308	266	regressed	266	202	0.26006966829299927	0.5189530253410339	0.26006966829299927	0.040309011936187744	-0.21976065635681152	0.5931220054626465	2.2411885261535645
continuous_vs_candidate	3951	48	regressed	48	39	0.40969839692115784	0.6577073335647583	0.40969839692115784	0.1905229389667511	-0.21917545795440674	0.19872522354125977	1.2389874458312988
continuous_vs_candidate	29916	180	improved	242	180	0.5635234117507935	0.3566010594367981	0.13754859566688538	0.3566010594367981	0.21905246376991272	1.410231590270996	0.08974218368530273
continuous_vs_candidate	395	187	improved	201	187	0.4187352657318115	0.49654915928840637	0.27752816677093506	0.49654915928840637	0.2190209925174713	0.4113163948059082	0.7448506355285645
continuous_vs_candidate	26620	155	regressed	155	204	0.5151970982551575	0.36138495802879333	0.5151970982551575	0.29647302627563477	-0.2187240719795227	0.6770725250244141	0.19798755645751953
continuous_vs_candidate	37646	799	regressed	799	564	0.40167996287345886	0.4874749779701233	0.40167996287345886	0.18295860290527344	-0.21872135996818542	0.2699918746948242	0.9799790382385254
continuous_vs_candidate	22579	760	improved	898	760	0.534035325050354	0.41862156987190247	0.20035246014595032	0.41862156987190247	0.21826910972595215	0.9803838729858398	0.17586803436279297
continuous_vs_candidate	23108	914	improved	780	914	0.43976518511772156	0.630393922328949	0.4121696352958679	0.630393922328949	0.21822428703308105	0.06480598449707031	0.9979157447814941
continuous_vs_candidate	11213	647	regressed	647	503	0.3507167398929596	0.1934961974620819	0.3507167398929596	0.13309957087039948	-0.21761716902256012	0.46961545944213867	0.21726655960083008
continuous_vs_candidate	42602	868	improved	591	868	0.5787864923477173	0.43610623478889465	0.21849654614925385	0.43610623478889465	0.2176096886396408	0.9741635322570801	0.24462890625
continuous_vs_candidate	33454	236	improved	238	236	0.42908257246017456	0.5509974360466003	0.3334167003631592	0.5509974360466003	0.21758073568344116	0.2522563934326172	0.8415226936340332
continuous_vs_candidate	29255	469	improved	716	469	0.12927588820457458	0.3316308557987213	0.11419028043746948	0.3316308557987213	0.21744057536125183	0.12408256530761719	1.000885009765625
continuous_vs_candidate	33792	467	improved	582	467	0.4787525236606598	0.5583686232566833	0.34106677770614624	0.5583686232566833	0.2173018455505371	0.33910560607910156	0.6921572685241699
continuous_vs_candidate	12116	689	improved	903	689	0.22612744569778442	0.356865793466568	0.13959509134292603	0.356865793466568	0.21727070212364197	0.48235273361206055	0.3926825523376465
continuous_vs_candidate	2554	240	improved	238	240	0.4287439286708832	0.48823416233062744	0.2710306942462921	0.48823416233062744	0.21720346808433533	0.45862770080566406	0.8851170539855957
continuous_vs_candidate	32343	262	regressed	262	237	0.28014346957206726	0.21806976199150085	0.28014346957206726	0.0630107969045639	-0.21713267266750336	0.9772839546203613	0.28389978408813477
continuous_vs_candidate	44659	199	improved	197	199	0.41830742359161377	0.43228158354759216	0.215301975607872	0.43228158354759216	0.21697960793972015	0.6641750335693359	0.6797065734863281
continuous_vs_candidate	2302	3	improved	4	3	0.6476693153381348	0.4483910799026489	0.2314630001783371	0.4483910799026489	0.21692807972431183	1.0289602279663086	0.1584782600402832
continuous_vs_candidate	16886	784	regressed	784	623	0.34492993354797363	0.4156275689601898	0.34492993354797363	0.12808622419834137	-0.21684370934963226	0.3855419158935547	1.1770858764648438
continuous_vs_candidate	8117	75	improved	77	75	0.5863228440284729	0.33289676904678345	0.11633292585611343	0.33289676904678345	0.2165638506412506	1.6174144744873047	0.038820743560791016
continuous_vs_candidate	20494	478	improved	709	478	0.3875233829021454	0.4726007878780365	0.25614476203918457	0.4726007878780365	0.21645602583885193	0.4140334129333496	0.6795859336853027
continuous_vs_candidate	11483	423	improved	675	423	0.3513365685939789	0.3340682089328766	0.11789289116859436	0.3340682089328766	0.21617531776428223	1.091968059539795	0.6891989707946777
continuous_vs_candidate	14788	249	improved	250	249	0.3460647463798523	0.4319533407688141	0.21592381596565247	0.4319533407688141	0.21602952480316162	0.2811245918273926	0.6530346870422363
continuous_vs_candidate	25830	921	improved	558	921	0.41275423765182495	0.4520663321018219	0.23618271946907043	0.4520663321018219	0.21588361263275146	0.5582466125488281	0.7856955528259277
continuous_vs_candidate	25420	708	regressed	708	873	0.44080790877342224	0.30164194107055664	0.44080790877342224	0.22524192929267883	-0.2155659794807434	0.9892988204956055	0.2920656204223633
continuous_vs_candidate	14607	377	regressed	377	335	0.3833411633968353	0.46426528692245483	0.3833411633968353	0.1681990772485733	-0.21514208614826202	0.5723295211791992	1.015307903289795
continuous_vs_candidate	28139	166	improved	162	166	0.6264902949333191	0.42502981424331665	0.21020489931106567	0.42502981424331665	0.21482491493225098	1.092050552368164	0.37660741806030273
continuous_vs_candidate	33458	197	regressed	197	199	0.42736512422561646	0.506212055683136	0.42736512422561646	0.21267159283161163	-0.21469353139400482	0.13292503356933594	0.8672065734863281
continuous_vs_candidate	44470	758	improved	491	758	0.19725343585014343	0.36278727650642395	0.14863671362400055	0.36278727650642395	0.2141505628824234	0.28298425674438477	0.810692310333252
continuous_vs_candidate	36292	88	regressed	88	21	0.5133345127105713	0.41717061400413513	0.5133345127105713	0.2993588149547577	-0.2139756977558136	0.9493956565856934	0.33185243606567383
continuous_vs_candidate	49146	55	regressed	55	64	0.4914969205856323	0.582247793674469	0.4914969205856323	0.2778107523918152	-0.21368616819381714	0.32246923446655273	0.7399559020996094
continuous_vs_candidate	34030	935	regressed	935	962	0.5345529913902283	0.5237428545951843	0.5345529913902283	0.32112157344818115	-0.21343141794204712	0.6669802665710449	0.4891810417175293
continuous_vs_candidate	5356	240	regressed	240	238	0.4828203022480011	0.5646730661392212	0.4828203022480011	0.26944467425346375	-0.21337562799453735	0.16637229919433594	0.7398838996887207
continuous_vs_candidate	38149	711	improved	551	711	0.3243710994720459	0.4912654459476471	0.2781562805175781	0.4912654459476471	0.21310916543006897	0.15370512008666992	0.8150839805603027
continuous_vs_candidate	23601	222	regressed	222	207	0.48953720927238464	0.4527548849582672	0.48953720927238464	0.27644747495651245	-0.2130897343158722	0.8503828048706055	0.4933300018310547
continuous_vs_candidate	33022	447	regressed	447	976	0.3562033176422119	0.345314621925354	0.3562033176422119	0.14355695247650146	-0.21264636516571045	0.6849617958068848	0.8777241706848145
continuous_vs_candidate	21698	40	improved	31	40	0.5032875537872314	0.37712809443473816	0.16463996469974518	0.37712809443473816	0.21248812973499298	1.1174006462097168	0.2689323425292969
continuous_vs_candidate	429	964	improved	567	964	0.3784773051738739	0.30537787079811096	0.09373823553323746	0.30537787079811096	0.2116396427154541	1.3956499099731445	0.6042766571044922
continuous_vs_candidate	965	244	improved	182	244	0.7812417149543762	0.23493564128875732	0.023541854694485664	0.23493564128875732	0.2113937884569168	3.191976547241211	0.9666461944580078
continuous_vs_candidate	21614	763	regressed	763	473	0.48602378368377686	0.4201936423778534	0.48602378368377686	0.274934321641922	-0.21108946204185486	0.8882884979248047	0.42418336868286133
continuous_vs_candidate	20187	893	regressed	893	709	0.6083551049232483	0.4819299578666687	0.6083551049232483	0.39728468656539917	-0.21107041835784912	0.8693199157714844	0.193145751953125
continuous_vs_candidate	10152	57	improved	54	57	0.37409496307373047	0.5012039542198181	0.29017308354377747	0.5012039542198181	0.21103087067604065	0.2540321350097656	0.9960217475891113
continuous_vs_candidate	17635	855	regressed	855	773	0.44116175174713135	0.5363368988037109	0.44116175174713135	0.2302062213420868	-0.21095553040504456	0.2166585922241211	0.8457870483398438
continuous_vs_candidate	21956	486	regressed	486	889	0.5171629190444946	0.5810189843177795	0.5171629190444946	0.30621519684791565	-0.21094772219657898	0.4220695495605469	0.6404953002929688
continuous_vs_candidate	27244	718	regressed	718	879	0.5119533538818359	0.37213119864463806	0.5119533538818359	0.3012765347957611	-0.21067681908607483	1.3917932510375977	0.21121788024902344
continuous_vs_candidate	1369	59	regressed	59	55	0.41443267464637756	0.5442683100700378	0.41443267464637756	0.20399098098278046	-0.2104416936635971	0.018616676330566406	0.9813666343688965
continuous_vs_candidate	46965	73	improved	76	73	0.3562968671321869	0.5423284769058228	0.33298495411872864	0.5423284769058228	0.20934352278709412	0.06766700744628906	1.2135066986083984
continuous_vs_candidate	47408	681	regressed	681	620	0.44111496210098267	0.28809937834739685	0.44111496210098267	0.23186245560646057	-0.2092525064945221	0.9078464508056641	0.2171611785888672
continuous_vs_candidate	47324	856	improved	634	856	0.5439938902854919	0.4806634783744812	0.2714117467403412	0.4806634783744812	0.20925173163414001	0.6953010559082031	0.5859894752502441
continuous_vs_candidate	1217	704	regressed	704	530	0.4111003577709198	0.2591055929660797	0.4111003577709198	0.2020263671875	-0.2090739905834198	0.7824087142944336	0.24883747100830078
continuous_vs_candidate	17410	870	improved	703	870	0.41010886430740356	0.46345260739326477	0.2545877695083618	0.46345260739326477	0.20886483788490295	0.4767770767211914	0.4919896125793457
continuous_vs_candidate	20492	245	improved	179	245	0.5326434969902039	0.29137319326400757	0.08269041776657104	0.29137319326400757	0.20868277549743652	1.1377887725830078	0.19964885711669922
continuous_vs_candidate	24182	217	regressed	217	195	0.36570462584495544	0.21801342070102692	0.36570462584495544	0.15731090307235718	-0.20839372277259827	0.9861946105957031	0.32633256912231445
continuous_vs_candidate	3315	433	regressed	433	445	0.3213084638118744	0.3047160804271698	0.3213084638118744	0.1132647842168808	-0.2080436795949936	0.01764678955078125	0.5073533058166504
continuous_vs_candidate	46945	449	improved	483	449	0.19761700928211212	0.3760966360569	0.16818514466285706	0.3760966360569	0.20791149139404297	0.019329547882080078	0.764336109161377
continuous_vs_candidate	321	850	improved	516	850	0.33801600337028503	0.5145226716995239	0.3066597580909729	0.5145226716995239	0.20786291360855103	0.09735441207885742	0.9651141166687012
continuous_vs_candidate	7841	193	improved	187	193	0.5616176724433899	0.3580573797225952	0.15069164335727692	0.3580573797225952	0.2073657363653183	1.3155856132507324	0.15325498580932617
continuous_vs_candidate	28992	12	regressed	12	94	0.2339838594198227	0.07619086652994156	0.2339838594198227	0.02671816572546959	-0.2072656899690628	1.5528340339660645	0.00696563720703125
continuous_vs_candidate	36759	443	improved	893	443	0.2885529696941376	0.35827454924583435	0.15143460035324097	0.35827454924583435	0.20683994889259338	0.6447248458862305	0.9177613258361816
continuous_vs_candidate	43839	680	improved	470	680	0.5500515699386597	0.414262980222702	0.20745302736759186	0.414262980222702	0.20680995285511017	0.9751071929931641	0.2437281608581543
continuous_vs_candidate	12035	213	improved	207	213	0.3971056342124939	0.5875123143196106	0.3808010220527649	0.5875123143196106	0.2067112922668457	0.04192543029785156	0.801795482635498
continuous_vs_candidate	10189	815	regressed	815	74	0.4824892282485962	0.288531631231308	0.4824892282485962	0.2761690020561218	-0.20632022619247437	1.1125516891479492	0.043791770935058594
continuous_vs_candidate	4008	838	improved	929	838	0.5006882548332214	0.5021373629570007	0.2963883876800537	0.5021373629570007	0.20574897527694702	0.5243129730224609	1.131880283355713
continuous_vs_candidate	7844	67	improved	58	67	0.20306605100631714	0.34996530413627625	0.14433816075325012	0.34996530413627625	0.20562714338302612	0.3413724899291992	0.8463640213012695
continuous_vs_candidate	20881	246	improved	179	246	0.31305211782455444	0.5174479484558105	0.3119922876358032	0.5174479484558105	0.20545566082000732	0.003391265869140625	1.2466416358947754
continuous_vs_candidate	8468	450	improved	660	450	0.2333366423845291	0.42857226729393005	0.22318466007709503	0.42857226729393005	0.20538760721683502	0.04448270797729492	1.5038385391235352
continuous_vs_candidate	9777	210	improved	805	210	0.1643960177898407	0.34164756536483765	0.13657043874263763	0.34164756536483765	0.2050771266222	0.17099380493164062	0.6104817390441895
continuous_vs_candidate	40875	961	improved	617	961	0.15586747229099274	0.2958856523036957	0.09088747948408127	0.2958856523036957	0.2049981653690338	0.2969040870666504	1.20420503616333
continuous_vs_candidate	19773	523	regressed	523	837	0.25996750593185425	0.15536534786224365	0.25996750593185425	0.05521262437105179	-0.20475488901138306	1.0277585983276367	0.06233644485473633
continuous_vs_candidate	9379	133	improved	85	133	0.22980241477489471	0.3632258474826813	0.1587378829717636	0.3632258474826813	0.20448796451091766	0.3699655532836914	0.6672396659851074
continuous_vs_candidate	8059	272	regressed	272	271	0.564487874507904	0.4696952998638153	0.564487874507904	0.3606276214122772	-0.20386025309562683	0.8918852806091309	0.2642383575439453
continuous_vs_candidate	34110	872	improved	572	872	0.5981255769729614	0.4963442087173462	0.29251793026924133	0.4963442087173462	0.20382627844810486	0.7152748107910156	0.5035800933837891
continuous_vs_candidate	35771	590	regressed	590	487	0.5021334290504456	0.5077211260795593	0.5021334290504456	0.29846787452697754	-0.20366555452346802	0.31252098083496094	0.5312700271606445
continuous_vs_candidate	44598	735	improved	689	735	0.26753076910972595	0.46030735969543457	0.2569739520549774	0.46030735969543457	0.20333340764045715	0.04025983810424805	1.0222539901733398
continuous_vs_candidate	10114	477	regressed	477	512	0.5175308585166931	0.35985279083251953	0.5175308585166931	0.314812570810318	-0.20271828770637512	0.4913043975830078	0.13371753692626953
continuous_vs_candidate	20909	603	improved	661	603	0.6110392808914185	0.3337506949901581	0.13122247159481049	0.3337506949901581	0.2025282233953476	1.5382671356201172	0.3368234634399414
continuous_vs_candidate	18579	567	improved	909	567	0.23753581941127777	0.3545745313167572	0.15232637524604797	0.3545745313167572	0.20224815607070923	0.4442930221557617	0.9618887901306152
continuous_vs_candidate	15543	899	regressed	899	756	0.4108448028564453	0.41658833622932434	0.4108448028564453	0.20861582458019257	-0.20222897827625275	0.49599218368530273	0.6916041374206543
continuous_vs_candidate	44113	423	improved	792	423	0.22541432082653046	0.3174179196357727	0.11586974561214447	0.3174179196357727	0.20154817402362823	0.665473461151123	1.4282727241516113
continuous_vs_candidate	46909	447	regressed	447	487	0.3702274560928345	0.35546091198921204	0.3702274560928345	0.16878531873226166	-0.20144213736057281	1.2865691184997559	0.7447876930236816
continuous_vs_candidate	38160	629	regressed	629	711	0.49553945660591125	0.29497581720352173	0.49553945660591125	0.2945447266101837	-0.20099472999572754	0.8422451019287109	0.0014624595642089844
continuous_vs_candidate	42633	730	improved	866	730	0.43157070875167847	0.5334551334381104	0.33257442712783813	0.5334551334381104	0.20088070631027222	0.26056766510009766	0.8330492973327637
continuous_vs_candidate	31325	202	improved	184	202	0.5845227241516113	0.5849627256393433	0.3841092884540558	0.5849627256393433	0.20085343718528748	0.41986846923828125	0.3928213119506836
continuous_vs_candidate	21489	211	regressed	211	209	0.4377690851688385	0.35759982466697693	0.4377690851688385	0.23695136606693268	-0.20081771910190582	1.2446179389953613	0.4115595817565918
continuous_vs_candidate	32648	712	regressed	712	469	0.3190627694129944	0.12547548115253448	0.3190627694129944	0.11834142357110977	-0.2007213532924652	1.129023551940918	0.058536529541015625
continuous_vs_candidate	33174	796	regressed	796	610	0.5929403901100159	0.40137779712677	0.5929403901100159	0.39281120896339417	-0.2001291811466217	1.040940761566162	0.021574020385742188
continuous_vs_candidate	20218	797	regressed	797	411	0.3829866945743561	0.6290034055709839	0.3829866945743561	0.18290585279464722	-0.20008084177970886	0.3586306571960449	1.2351651191711426
continuous_vs_candidate	12104	78	improved	302	78	0.387522429227829	0.5465999841690063	0.3465694189071655	0.5465999841690063	0.20003056526184082	0.11169052124023438	0.9195661544799805
continuous_vs_candidate	48110	913	regressed	913	801	0.2717301845550537	0.7163985371589661	0.2717301845550537	0.07249690592288971	-0.199233278632164	0.0023365020751953125	2.168032646179199
continuous_vs_candidate	9058	12	improved	10	12	0.4028473198413849	0.4708525836467743	0.2716541886329651	0.4708525836467743	0.1991983950138092	0.3940277099609375	0.2934103012084961
continuous_vs_candidate	7285	313	improved	311	313	0.39627665281295776	0.33416640758514404	0.13537810742855072	0.33416640758514404	0.19878830015659332	0.7215700149536133	0.0030884742736816406
continuous_vs_candidate	33770	644	improved	470	644	0.575268566608429	0.40533527731895447	0.20661602914333344	0.40533527731895447	0.19871924817562103	1.023974895477295	0.1635880470275879
continuous_vs_candidate	790	634	improved	428	634	0.11887726932764053	0.289213627576828	0.09057356417179108	0.289213627576828	0.19864006340503693	0.2719292640686035	1.4466142654418945
continuous_vs_candidate	36415	108	regressed	108	393	0.5847525000572205	0.470277339220047	0.5847525000572205	0.3861912488937378	-0.19856125116348267	0.7406520843505859	0.1969900131225586
continuous_vs_candidate	9451	559	improved	432	559	0.2289290875196457	0.25153520703315735	0.053047146648168564	0.25153520703315735	0.1984880566596985	0.2103867530822754	1.100245475769043
continuous_vs_candidate	16754	51	regressed	51	30	0.2354721873998642	0.3990837037563324	0.2354721873998642	0.03714785352349281	-0.19832433760166168	0.531865119934082	1.391571044921875
continuous_vs_candidate	48463	273	improved	263	273	0.4591030180454254	0.3589567244052887	0.16063815355300903	0.3589567244052887	0.19831857085227966	1.0501203536987305	0.4112401008605957
continuous_vs_candidate	16816	226	improved	197	226	0.43055459856987	0.533500611782074	0.3352053165435791	0.533500611782074	0.19829529523849487	0.25033092498779297	0.7183842658996582
continuous_vs_candidate	23643	460	regressed	460	437	0.3158886432647705	0.15489715337753296	0.3158886432647705	0.11760788410902023	-0.19828075170516968	0.6308574676513672	0.20855474472045898
continuous_vs_candidate	38265	813	regressed	813	618	0.41104403138160706	0.5112086534500122	0.41104403138160706	0.21314972639083862	-0.19789430499076843	0.1252269744873047	0.8747830390930176
continuous_vs_candidate	10683	302	regressed	302	305	0.43533003330230713	0.6262139678001404	0.43533003330230713	0.23767833411693573	-0.1976516991853714	0.09362030029296875	0.9687738418579102
continuous_vs_candidate	42457	635	improved	409	635	0.2477993667125702	0.31120532751083374	0.11368952691555023	0.31120532751083374	0.1975158005952835	0.7791481018066406	1.4082279205322266
continuous_vs_candidate	31451	35	regressed	35	316	0.20866993069648743	0.7336136698722839	0.20866993069648743	0.011845254339277744	-0.19682466983795166	0.20029211044311523	3.576418399810791
continuous_vs_candidate	23352	704	improved	920	704	0.5077394843101501	0.4059198200702667	0.20955123007297516	0.4059198200702667	0.19636858999729156	0.8850002288818359	0.23993396759033203
continuous_vs_candidate	28424	845	regressed	845	720	0.5017839670181274	0.5122301578521729	0.5017839670181274	0.3055860996246338	-0.19619786739349365	0.6709756851196289	0.5165424346923828
continuous_vs_candidate	16667	352	improved	351	352	0.3112536072731018	0.36852073669433594	0.17237599194049835	0.36852073669433594	0.19614474475383759	0.5909299850463867	0.03396749496459961
continuous_vs_candidate	28837	154	regressed	154	262	0.5888440608978271	0.47399425506591797	0.5888440608978271	0.3932054340839386	-0.19563862681388855	0.6255273818969727	0.18686294555664062
continuous_vs_candidate	699	494	regressed	494	442	0.5696969032287598	0.5447537302970886	0.5696969032287598	0.37442371249198914	-0.19527319073677063	0.5002908706665039	0.37494564056396484
continuous_vs_candidate	39816	195	improved	179	195	0.4518919289112091	0.24020390212535858	0.04538048803806305	0.24020390212535858	0.19482341408729553	0.4390745162963867	0.1705021858215332
continuous_vs_candidate	12656	204	regressed	204	200	0.39269641041755676	0.6564345955848694	0.39269641041755676	0.19812846183776855	-0.1945679485797882	0.05197858810424805	1.1979074478149414
continuous_vs_candidate	2537	272	regressed	272	271	0.40857914090156555	0.5048167705535889	0.40857914090156555	0.21404938399791718	-0.19452975690364838	0.11063480377197266	0.8579888343811035
continuous_vs_candidate	20871	195	improved	245	195	0.6260882616043091	0.4323326349258423	0.23808522522449493	0.4323326349258423	0.19424740970134735	0.966862678527832	0.03335285186767578
continuous_vs_candidate	49202	511	improved	627	511	0.34286391735076904	0.5070534944534302	0.31293946504592896	0.5070534944534302	0.19411402940750122	0.0913238525390625	1.3149218559265137
continuous_vs_candidate	23646	204	regressed	204	153	0.4008609652519226	0.6463008522987366	0.4008609652519226	0.20706187188625336	-0.19379909336566925	0.17432117462158203	1.1382474899291992
continuous_vs_candidate	4454	367	regressed	367	372	0.5159050822257996	0.357517272233963	0.5159050822257996	0.32210636138916016	-0.1937987208366394	0.8957877159118652	0.10430192947387695
continuous_vs_candidate	1661	689	regressed	689	578	0.5096314549446106	0.5360807180404663	0.5096314549446106	0.3158559799194336	-0.193775475025177	0.720923900604248	0.5289983749389648
continuous_vs_candidate	3702	303	improved	309	303	0.2609034478664398	0.43331772089004517	0.23966597020626068	0.43331772089004517	0.19365175068378448	0.08490419387817383	1.4463210105895996
continuous_vs_candidate	34445	514	regressed	514	788	0.6052354574203491	0.4501382112503052	0.6052354574203491	0.4116586148738861	-0.193576842546463	1.1607208251953125	0.08936023712158203
continuous_vs_candidate	33384	202	regressed	202	200	0.4944043457508087	0.45228901505470276	0.4944043457508087	0.30094197392463684	-0.19346237182617188	0.37369251251220703	0.40740394592285156
continuous_vs_candidate	19845	296	improved	279	296	0.4556426405906677	0.532029926776886	0.33917108178138733	0.532029926776886	0.19285884499549866	0.29520416259765625	0.7047557830810547
continuous_vs_candidate	2319	796	improved	570	796	0.46769294142723083	0.33252447843551636	0.1396791934967041	0.33252447843551636	0.19284528493881226	1.111546516418457	0.34064626693725586
continuous_vs_candidate	24233	240	regressed	240	238	0.5265413522720337	0.4112190008163452	0.5265413522720337	0.3337833285331726	-0.19275802373886108	0.6976222991943359	0.2086338996887207
continuous_vs_candidate	30256	16	regressed	16	91	0.3467566668987274	0.19086436927318573	0.3467566668987274	0.15454773604869843	-0.192208930850029	1.2576308250427246	0.2110600471496582
continuous_vs_candidate	8656	726	improved	750	726	0.1671004593372345	0.33580470085144043	0.14368732273578644	0.33580470085144043	0.192117378115654	0.1509556770324707	1.4114441871643066
continuous_vs_candidate	10410	637	regressed	637	771	0.4124282896518707	0.33976611495018005	0.4124282896518707	0.2208387404680252	-0.19158954918384552	0.41294240951538086	0.43082475662231445
continuous_vs_candidate	19718	260	improved	244	260	0.49607110023498535	0.44123712182044983	0.2496977597475052	0.44123712182044983	0.19153936207294464	0.6864681243896484	0.501002311706543
continuous_vs_candidate	19	817	regressed	817	751	0.45939913392066956	0.5866078734397888	0.45939913392066956	0.2683899402618408	-0.19100919365882874	0.1555805206298828	0.7819156646728516
continuous_vs_candidate	18809	791	regressed	791	870	0.4006468653678894	0.4137759804725647	0.4006468653678894	0.2096596658229828	-0.19098719954490662	0.6952457427978516	0.6798391342163086
continuous_vs_candidate	28620	478	improved	792	478	0.3002627193927765	0.36834046244621277	0.17790324985980988	0.36834046244621277	0.1904372125864029	0.5234179496765137	0.9452924728393555
continuous_vs_candidate	20027	585	regressed	585	968	0.4252735376358032	0.31571945548057556	0.4252735376358032	0.23518778383731842	-0.1900857537984848	0.9089698791503906	0.29446983337402344
continuous_vs_candidate	35182	921	regressed	921	917	0.4154815077781677	0.4643976092338562	0.4154815077781677	0.2254651039838791	-0.19001640379428864	0.37100696563720703	0.7225756645202637
continuous_vs_candidate	11159	963	improved	930	963	0.18349957466125488	0.33787602186203003	0.1481444537639618	0.33787602186203003	0.18973156809806824	0.21402454376220703	0.7859487533569336
continuous_vs_candidate	46545	765	improved	523	765	0.27148422598838806	0.3294052481651306	0.1400953084230423	0.3294052481651306	0.18930993974208832	0.6615810394287109	1.3384580612182617
continuous_vs_candidate	49251	277	improved	279	277	0.3680257499217987	0.3159482479095459	0.1270875334739685	0.3159482479095459	0.1888607144355774	1.063276767730713	0.3116912841796875
continuous_vs_candidate	6917	367	regressed	367	369	0.25954797863960266	0.5604895949363708	0.25954797863960266	0.070754274725914	-0.18879370391368866	0.27414608001708984	1.219541072845459
continuous_vs_candidate	45368	532	improved	799	532	0.2576863467693329	0.3410342037677765	0.15236102044582367	0.3410342037677765	0.18867318332195282	0.5254902839660645	0.6619977951049805
continuous_vs_candidate	3148	423	improved	598	423	0.2820803225040436	0.3500918447971344	0.16148120164871216	0.3500918447971344	0.18861064314842224	0.5578031539916992	0.692131519317627
continuous_vs_candidate	34228	641	improved	422	641	0.13051973283290863	0.234690859913826	0.046403877437114716	0.234690859913826	0.18828698992729187	0.0662374496459961	1.5009379386901855
continuous_vs_candidate	25489	750	regressed	750	797	0.2834249436855316	0.14472459256649017	0.2834249436855316	0.09516308456659317	-0.18826186656951904	0.8619470596313477	0.22616052627563477
continuous_vs_candidate	44237	572	regressed	572	899	0.3228071331977844	0.3179713189601898	0.3228071331977844	0.1345706433057785	-0.18823648989200592	0.5151247978210449	0.8598718643188477
continuous_vs_candidate	34295	806	improved	770	806	0.5002419948577881	0.4002991020679474	0.21215464174747467	0.4002991020679474	0.18814446032047272	0.8577766418457031	0.07959461212158203
continuous_vs_candidate	18386	539	improved	250	539	0.5000450015068054	0.490885466337204	0.3028506934642792	0.490885466337204	0.1880347728729248	0.5014581680297852	0.31110668182373047
continuous_vs_candidate	33680	267	regressed	267	266	0.41231006383895874	0.5318712592124939	0.41231006383895874	0.224300816655159	-0.18800924718379974	0.19915390014648438	0.8634133338928223
continuous_vs_candidate	49137	412	improved	637	412	0.3344106674194336	0.5009303092956543	0.31325432658195496	0.5009303092956543	0.18767598271369934	0.0653543472290039	1.1222176551818848
continuous_vs_candidate	39569	735	regressed	735	824	0.39850354194641113	0.44161102175712585	0.39850354194641113	0.21100887656211853	-0.1874946653842926	0.7302150726318359	0.7385292053222656
continuous_vs_candidate	16698	473	regressed	473	844	0.2925286889076233	0.4350219666957855	0.2925286889076233	0.10516012459993362	-0.18736857175827026	0.298891544342041	1.419912338256836
continuous_vs_candidate	44128	818	improved	535	818	0.564674973487854	0.4154762327671051	0.22861836850643158	0.4154762327671051	0.18685786426067352	0.9041962623596191	0.22080564498901367
continuous_vs_candidate	23183	33	improved	983	33	0.5681954622268677	0.49220484495162964	0.3054299056529999	0.49220484495162964	0.18677493929862976	0.6207451820373535	0.31664466857910156
continuous_vs_candidate	24142	711	regressed	711	572	0.37962526082992554	0.3373722732067108	0.37962526082992554	0.19286583364009857	-0.18675942718982697	0.23603153228759766	0.5591921806335449
continuous_vs_candidate	8648	517	improved	536	517	0.49974489212036133	0.5628170371055603	0.3761247992515564	0.5628170371055603	0.1866922378540039	0.2841768264770508	0.5907392501831055
continuous_vs_candidate	17655	26	improved	29	26	0.44982630014419556	0.5152501463890076	0.328561007976532	0.5152501463890076	0.18668913841247559	0.31413888931274414	0.8107895851135254
continuous_vs_candidate	40358	976	regressed	976	460	0.3273174464702606	0.419430136680603	0.3273174464702606	0.14063091576099396	-0.18668653070926666	0.3133811950683594	1.0927581787109375
continuous_vs_candidate	41323	593	improved	650	593	0.3659419119358063	0.5500515699386597	0.36358651518821716	0.5500515699386597	0.1864650547504425	0.006457328796386719	1.1810011863708496
continuous_vs_candidate	4830	104	regressed	104	280	0.35295358300209045	0.19614003598690033	0.35295358300209045	0.16661356389522552	-0.18634001910686493	0.9960517883300781	0.16315174102783203
continuous_vs_candidate	514	969	regressed	969	473	0.3922320008277893	0.5545337796211243	0.3922320008277893	0.20599853992462158	-0.18623346090316772	0.29100799560546875	0.9902586936950684
continuous_vs_candidate	2553	369	regressed	369	357	0.2834014892578125	0.2308196872472763	0.2834014892578125	0.09718557447195053	-0.18621590733528137	1.0412788391113281	0.8322529792785645
continuous_vs_candidate	47052	416	regressed	416	702	0.5217624306678772	0.5253292918205261	0.5217624306678772	0.3356866240501404	-0.18607580661773682	0.3645200729370117	0.4478473663330078
continuous_vs_candidate	3052	315	improved	303	315	0.43042269349098206	0.34558868408203125	0.15974628925323486	0.34558868408203125	0.1858423948287964	0.9911808967590332	0.3213624954223633
continuous_vs_candidate	17939	857	improved	406	857	0.4152909517288208	0.38702112436294556	0.20124518871307373	0.38702112436294556	0.18577593564987183	0.7244553565979004	0.6193652153015137
continuous_vs_candidate	24004	329	improved	113	329	0.3842504322528839	0.22125764191150665	0.03638850897550583	0.22125764191150665	0.18486914038658142	0.65179443359375	0.13860130310058594
continuous_vs_candidate	24939	478	regressed	478	519	0.3801283836364746	0.5323918461799622	0.3801283836364746	0.19548830389976501	-0.1846400797367096	0.4045143127441406	1.0018792152404785
continuous_vs_candidate	23474	47	regressed	47	42	0.256756454706192	0.5911585092544556	0.256756454706192	0.07217041403055191	-0.1845860481262207	0.8030610084533691	2.1030540466308594
continuous_vs_candidate	26136	661	improved	479	661	0.34077924489974976	0.48681798577308655	0.3025105595588684	0.48681798577308655	0.18430742621421814	0.11911869049072266	0.7871642112731934
continuous_vs_candidate	2843	517	improved	536	517	0.4378756880760193	0.47501999139785767	0.2908356189727783	0.47501999139785767	0.18418437242507935	0.4091768264770508	0.5907392501831055
continuous_vs_candidate	36435	146	regressed	146	99	0.45580610632896423	0.5161476135253906	0.45580610632896423	0.2718178629875183	-0.18398824334144592	0.3587641716003418	0.6412606239318848
continuous_vs_candidate	35441	590	regressed	590	487	0.40656110644340515	0.3908744752407074	0.40656110644340515	0.22270910441875458	-0.18385200202465057	0.34377050399780273	0.5625200271606445
continuous_vs_candidate	3998	871	regressed	871	484	0.586588978767395	0.4701478183269501	0.586588978767395	0.40298718214035034	-0.18360179662704468	1.0020737648010254	0.1541423797607422
continuous_vs_candidate	4424	838	improved	929	838	0.49434682726860046	0.3608630299568176	0.17749163508415222	0.3608630299568176	0.1833713948726654	1.0243139266967773	0.6318798065185547
continuous_vs_candidate	24927	930	regressed	930	962	0.44781234860420227	0.6252152323722839	0.44781234860420227	0.26456722617149353	-0.18324512243270874	0.0774221420288086	0.8600006103515625
continuous_vs_candidate	9042	252	regressed	252	197	0.34311094880104065	0.3593383729457855	0.34311094880104065	0.1598968356847763	-0.18321411311626434	0.8777308464050293	0.8097357749938965
continuous_vs_candidate	26814	627	regressed	627	654	0.36330002546310425	0.3685457408428192	0.36330002546310425	0.18010343611240387	-0.18319658935070038	0.2215251922607422	0.41224098205566406
continuous_vs_candidate	20939	596	improved	587	596	0.3731176257133484	0.3745574355125427	0.1917380839586258	0.3745574355125427	0.18281935155391693	0.6657633781433105	0.3655266761779785
continuous_vs_candidate	29915	415	regressed	415	931	0.2951391339302063	0.14516350626945496	0.2951391339302063	0.1123642548918724	-0.1827748715877533	0.8376607894897461	0.2561149597167969
continuous_vs_candidate	12757	764	improved	763	764	0.46646592020988464	0.4632350206375122	0.28074556589126587	0.4632350206375122	0.18248945474624634	0.5077362060546875	0.2422647476196289
continuous_vs_candidate	13866	689	improved	414	689	0.5709922313690186	0.22238844633102417	0.040045201778411865	0.22238844633102417	0.1823432445526123	1.896371841430664	0.24885845184326172
continuous_vs_candidate	22509	907	improved	440	907	0.5381740927696228	0.3791530430316925	0.19693195819854736	0.3791530430316925	0.18222108483314514	1.005323886871338	0.30713939666748047
continuous_vs_candidate	16663	682	improved	708	682	0.3016210198402405	0.3812785744667053	0.19963672757148743	0.3812785744667053	0.1816418468952179	0.4126720428466797	0.2748241424560547
continuous_vs_candidate	29133	187	improved	192	187	0.2617550194263458	0.38563036918640137	0.20403872430324554	0.38563036918640137	0.18159164488315582	0.2490992546081543	0.49485063552856445
continuous_vs_candidate	41097	587	regressed	587	767	0.38152164220809937	0.2560780346393585	0.38152164220809937	0.2001829445362091	-0.18133869767189026	0.18492937088012695	0.24625062942504883
continuous_vs_candidate	4891	886	regressed	886	737	0.4436303973197937	0.5948730111122131	0.4436303973197937	0.2624205946922302	-0.18120980262756348	0.11894512176513672	0.8183994293212891
continuous_vs_candidate	32630	147	improved	148	147	0.2275169938802719	0.3347473740577698	0.15368181467056274	0.3347473740577698	0.18106555938720703	0.39234066009521484	0.5451064109802246
continuous_vs_candidate	16519	232	regressed	232	217	0.3856751024723053	0.2603216767311096	0.3856751024723053	0.20511721074581146	-0.18055789172649384	1.0565705299377441	0.23833656311035156
continuous_vs_candidate	4257	185	improved	186	185	0.5100684762001038	0.4892567992210388	0.3087611496448517	0.4892567992210388	0.18049564957618713	0.5019769668579102	0.3731508255004883
continuous_vs_candidate	11514	132	improved	89	132	0.3843769431114197	0.5167256593704224	0.33635300397872925	0.5167256593704224	0.18037265539169312	0.13346242904663086	0.9292221069335938
continuous_vs_candidate	22697	813	improved	961	813	0.4157687723636627	0.3064795136451721	0.12644335627555847	0.3064795136451721	0.18003615736961365	1.1903347969055176	0.4658961296081543
continuous_vs_candidate	29300	700	regressed	700	999	0.6606336236000061	0.5000147819519043	0.6606336236000061	0.480814129114151	-0.1798194944858551	0.7108955383300781	0.03915691375732422
continuous_vs_candidate	35094	418	improved	709	418	0.3457307517528534	0.32326093316078186	0.1434808373451233	0.32326093316078186	0.17978009581565857	0.8794589042663574	0.057976722717285156
continuous_vs_candidate	11459	312	regressed	312	315	0.34657254815101624	0.509196937084198	0.34657254815101624	0.16730870306491852	-0.17926384508609772	0.23073053359985352	1.1129941940307617
continuous_vs_candidate	29519	35	improved	37	35	0.4980301558971405	0.4664864242076874	0.28742220997810364	0.4664864242076874	0.17906421422958374	0.549708366394043	0.6691126823425293
continuous_vs_candidate	25683	568	regressed	568	433	0.23477992415428162	0.28706037998199463	0.23477992415428162	0.05572766065597534	-0.17905226349830627	0.6108489036560059	1.6392159461975098
continuous_vs_candidate	49930	457	regressed	457	452	0.3644507825374603	0.3827909231185913	0.3644507825374603	0.18563178181648254	-0.17881900072097778	0.40131568908691406	0.7237238883972168
continuous_vs_candidate	13606	158	regressed	158	253	0.5528724789619446	0.5020941495895386	0.5528724789619446	0.37437504529953003	-0.17849743366241455	0.5814266204833984	0.2935295104980469
continuous_vs_candidate	9836	631	improved	804	631	0.4518801271915436	0.621029794216156	0.4426082372665405	0.621029794216156	0.17842155694961548	0.02073192596435547	0.7292633056640625
continuous_vs_candidate	23762	180	regressed	180	246	0.38451990485191345	0.3965812921524048	0.38451990485191345	0.20611239969730377	-0.17840750515460968	0.8143167495727539	0.6544594764709473
continuous_vs_candidate	18392	155	improved	204	155	0.5107308030128479	0.5717465281486511	0.3936314880847931	0.5717465281486511	0.17811504006385803	0.26042747497558594	0.48951244354248047
continuous_vs_candidate	47524	354	regressed	354	347	0.33014264702796936	0.3645271956920624	0.33014264702796936	0.15208731591701508	-0.17805533111095428	1.469517707824707	0.8741464614868164
continuous_vs_candidate	15862	912	improved	716	912	0.3859536945819855	0.43832579255104065	0.2603827714920044	0.43832579255104065	0.17794302105903625	0.39356470108032227	0.5750813484191895
continuous_vs_candidate	39485	411	improved	775	411	0.5120744705200195	0.3063361644744873	0.12847596406936646	0.3063361644744873	0.17786020040512085	1.382728099822998	0.05473470687866211
continuous_vs_candidate	4542	529	regressed	529	728	0.34744253754615784	0.4243013262748718	0.34744253754615784	0.16962166130542755	-0.17782087624073029	0.48941612243652344	0.9168734550476074
continuous_vs_candidate	19913	200	regressed	200	226	0.5836719274520874	0.426739364862442	0.5836719274520874	0.40593045949935913	-0.17774146795272827	0.9187860488891602	0.049991607666015625
continuous_vs_candidate	10161	624	regressed	624	454	0.4753569960594177	0.5775309205055237	0.4753569960594177	0.298316091299057	-0.17704090476036072	0.2145824432373047	0.6606082916259766
continuous_vs_candidate	33710	381	regressed	381	379	0.44051873683929443	0.5523656010627747	0.44051873683929443	0.26371726393699646	-0.17680147290229797	0.35427236557006836	0.7393326759338379
continuous_vs_candidate	9101	711	regressed	711	626	0.45192331075668335	0.4842723309993744	0.45192331075668335	0.2751726806163788	-0.17675063014030457	0.528510570526123	0.5652484893798828
continuous_vs_candidate	31215	976	improved	649	976	0.397244930267334	0.4183805584907532	0.24214541912078857	0.4183805584907532	0.1762351393699646	0.49501466751098633	0.8176174163818359
continuous_vs_candidate	41643	709	improved	893	709	0.5165702104568481	0.3346419334411621	0.158442422747612	0.3346419334411621	0.1761995106935501	1.1818199157714844	0.2556452751159668
continuous_vs_candidate	13256	49	improved	515	49	0.19560028612613678	0.21181194484233856	0.03572922572493553	0.21181194484233856	0.17608271539211273	0.5022459030151367	0.4874238967895508
continuous_vs_candidate	29526	556	regressed	556	766	0.5497170090675354	0.40603557229042053	0.5497170090675354	0.3741084933280945	-0.17560851573944092	1.0431466102600098	0.0818948745727539
continuous_vs_candidate	18095	543	improved	566	543	0.17959167063236237	0.22442932426929474	0.048878125846385956	0.22442932426929474	0.17555120587348938	0.6217265129089355	0.21429872512817383
continuous_vs_candidate	14114	789	improved	421	789	0.5617809295654297	0.38234663009643555	0.20687541365623474	0.38234663009643555	0.1754712164402008	0.998995304107666	0.15748977661132812
continuous_vs_candidate	24329	257	improved	258	257	0.4430934190750122	0.37834814190864563	0.2030760496854782	0.37834814190864563	0.17527209222316742	0.7802000045776367	0.3761582374572754
continuous_vs_candidate	45632	160	improved	226	160	0.3358694314956665	0.5068458318710327	0.3316476047039032	0.5068458318710327	0.17519822716712952	0.0126495361328125	0.518519401550293
continuous_vs_candidate	5035	954	regressed	954	942	0.352486789226532	0.3199552595615387	0.352486789226532	0.17747418582439423	-0.17501260340213776	0.47310590744018555	0.5893559455871582
continuous_vs_candidate	28767	369	improved	381	369	0.4263390600681305	0.38790827989578247	0.21290956437587738	0.38790827989578247	0.1749987155199051	0.6943674087524414	0.1493978500366211
continuous_vs_candidate	26081	999	regressed	999	700	0.33407774567604065	0.4160206913948059	0.33407774567604065	0.1591571420431137	-0.17492060363292694	0.07035446166992188	0.9608430862426758
continuous_vs_candidate	16878	751	regressed	751	864	0.286965936422348	0.31604453921318054	0.286965936422348	0.11237562447786331	-0.1745903193950653	0.21585893630981445	0.5153336524963379
continuous_vs_candidate	35301	264	regressed	264	232	0.521840512752533	0.41773173213005066	0.521840512752533	0.3472568094730377	-0.17458370327949524	0.908963680267334	0.18477487564086914
continuous_vs_candidate	19411	337	improved	360	337	0.5500789880752563	0.3833927512168884	0.20889775454998016	0.3833927512168884	0.17449499666690826	0.9682168960571289	0.3755373954772949
continuous_vs_candidate	69	584	regressed	584	451	0.4262830317020416	0.308435320854187	0.4262830317020416	0.25281986594200134	-0.17346316576004028	1.1761841773986816	0.19883489608764648
continuous_vs_candidate	28959	4	regressed	4	6	0.3788864016532898	0.48735859990119934	0.3788864016532898	0.20543047785758972	-0.17345592379570007	0.1047663688659668	0.8638925552368164
continuous_vs_candidate	15237	359	improved	434	359	0.35937002301216125	0.5165809392929077	0.3431380093097687	0.5165809392929077	0.17344292998313904	0.046219825744628906	0.9538230895996094
continuous_vs_candidate	29158	42	regressed	42	41	0.447025328874588	0.4079921841621399	0.447025328874588	0.27388089895248413	-0.17314442992210388	0.5075955390930176	0.39855480194091797
continuous_vs_candidate	15421	350	regressed	350	104	0.33822837471961975	0.18867127597332	0.33822837471961975	0.16517411172389984	-0.1730542629957199	2.116860866546631	0.13300609588623047
continuous_vs_candidate	12545	151	improved	237	151	0.28915929794311523	0.45568904280662537	0.2828865647315979	0.45568904280662537	0.17280247807502747	0.018697738647460938	0.5407428741455078
continuous_vs_candidate	345	834	improved	457	834	0.5155465006828308	0.3507840037345886	0.17807899415493011	0.3507840037345886	0.1727050095796585	1.063000202178955	0.0932621955871582
continuous_vs_candidate	20255	975	regressed	975	460	0.49532386660575867	0.487692654132843	0.49532386660575867	0.32266750931739807	-0.1726563572883606	0.3993682861328125	0.41306304931640625
continuous_vs_candidate	33928	742	regressed	742	605	0.2587190270423889	0.2976571023464203	0.2587190270423889	0.08646444231271744	-0.17225459218025208	0.13875722885131836	0.6538395881652832
continuous_vs_candidate	30902	529	improved	589	529	0.14354141056537628	0.30636468529701233	0.13437366485595703	0.30636468529701233	0.1719910204410553	0.06599903106689453	1.718721866607666
continuous_vs_candidate	45621	817	regressed	817	479	0.34956610202789307	0.2639422118663788	0.34956610202789307	0.17820186913013458	-0.17136423289775848	0.32584190368652344	0.16457891464233398
continuous_vs_candidate	43858	692	regressed	692	591	0.32297223806381226	0.345027357339859	0.32297223806381226	0.15185503661632538	-0.17111720144748688	0.6793117523193359	0.8206973075866699
continuous_vs_candidate	6118	883	regressed	883	427	0.4898557960987091	0.3828170895576477	0.4898557960987091	0.31898853182792664	-0.17086726427078247	0.911250114440918	0.1824021339416504
continuous_vs_candidate	44718	663	improved	442	663	0.5247100591659546	0.5527680516242981	0.38198521733283997	0.5527680516242981	0.17078283429145813	0.31746387481689453	0.4323692321777344
continuous_vs_candidate	16406	261	regressed	261	259	0.515532374382019	0.42709773778915405	0.515532374382019	0.34530988335609436	-0.17022249102592468	0.6624603271484375	0.2125706672668457
continuous_vs_candidate	13128	760	regressed	760	549	0.22177410125732422	0.2658371329307556	0.22177410125732422	0.051614388823509216	-0.170159712433815	0.4775967597961426	0.6479549407958984
continuous_vs_candidate	42890	313	regressed	313	315	0.40274345874786377	0.33764469623565674	0.40274345874786377	0.232777401804924	-0.16996605694293976	0.31575965881347656	0.37191152572631836
continuous_vs_candidate	3967	914	improved	780	914	0.6219348311424255	0.4452955722808838	0.27534621953964233	0.4452955722808838	0.16994935274124146	0.8148059844970703	0.12291622161865234
continuous_vs_candidate	11282	833	improved	403	833	0.4544235169887543	0.5441434383392334	0.3744790256023407	0.5441434383392334	0.1696644127368927	0.19349384307861328	0.6189632415771484
continuous_vs_candidate	45551	32	improved	31	32	0.5202621221542358	0.3963027894496918	0.22672975063323975	0.3963027894496918	0.16957303881645203	0.8305740356445312	0.5131988525390625
continuous_vs_candidate	3275	509	regressed	509	580	0.27603110671043396	0.24444490671157837	0.27603110671043396	0.10649056732654572	-0.16954053938388824	1.3255295753479004	0.8309335708618164
continuous_vs_candidate	47715	883	improved	738	883	0.6339433193206787	0.4394354224205017	0.2700314223766327	0.4394354224205017	0.16940400004386902	0.8534212112426758	0.02162456512451172
continuous_vs_candidate	24363	599	improved	310	599	0.45115119218826294	0.3331068754196167	0.1638346016407013	0.3331068754196167	0.1692722737789154	1.0129451751708984	0.33078718185424805
continuous_vs_candidate	4340	536	regressed	536	517	0.3141697347164154	0.4184037148952484	0.3141697347164154	0.14503245055675507	-0.16913728415966034	0.12792634963989258	1.0594892501831055
continuous_vs_candidate	29557	589	improved	570	589	0.23376186192035675	0.26250678300857544	0.09342608600854874	0.26250678300857544	0.1690807044506073	0.9171323776245117	1.2567038536071777
continuous_vs_candidate	41666	452	improved	911	452	0.43329668045043945	0.27468279004096985	0.10598830133676529	0.27468279004096985	0.16869449615478516	1.2078337669372559	0.029527664184570312
continuous_vs_candidate	44954	835	improved	919	835	0.1621544063091278	0.3211662769317627	0.1525518149137497	0.3211662769317627	0.168614462018013	0.06104469299316406	0.74908447265625
continuous_vs_candidate	20463	345	improved	339	345	0.4810277223587036	0.36661478877067566	0.19813048839569092	0.36661478877067566	0.16848430037498474	0.8869991302490234	0.08172607421875
continuous_vs_candidate	37379	756	regressed	756	463	0.33443543314933777	0.175215944647789	0.33443543314933777	0.16604995727539062	-0.16838547587394714	0.9461760520935059	0.05373048782348633
continuous_vs_candidate	13118	847	regressed	847	586	0.44800466299057007	0.5583440661430359	0.44800466299057007	0.27972254157066345	-0.16828212141990662	0.18380451202392578	0.6911773681640625
continuous_vs_candidate	19834	205	improved	256	205	0.4878498315811157	0.2673600912094116	0.09910344332456589	0.2673600912094116	0.16825664043426514	1.0795364379882812	0.04819917678833008
continuous_vs_candidate	23079	64	improved	55	64	0.37200963497161865	0.3916250169277191	0.2233971208333969	0.3916250169277191	0.1682278960943222	0.5099687576293945	0.20870590209960938
continuous_vs_candidate	28546	418	regressed	418	767	0.39335736632347107	0.6682363748550415	0.39335736632347107	0.2254256159067154	-0.16793175041675568	0.038257598876953125	1.0866518020629883
continuous_vs_candidate	32848	492	improved	921	492	0.2335641086101532	0.2871587872505188	0.1194317489862442	0.2871587872505188	0.1677270382642746	0.34437990188598633	0.891655445098877
continuous_vs_candidate	4779	632	regressed	632	733	0.43205130100250244	0.336185485124588	0.43205130100250244	0.2649368643760681	-0.16711443662643433	0.5119409561157227	0.23817157745361328
continuous_vs_candidate	39354	707	improved	528	707	0.5753769278526306	0.5325266122817993	0.3654271364212036	0.5325266122817993	0.1670994758605957	0.45395851135253906	0.29601001739501953
continuous_vs_candidate	20036	841	regressed	841	457	0.21562841534614563	0.09768082201480865	0.21562841534614563	0.048918191343545914	-0.16671022772789001	0.540743350982666	0.04492902755737305
continuous_vs_candidate	25029	480	improved	747	480	0.28835052251815796	0.2547011375427246	0.08818944543600082	0.2547011375427246	0.1665116846561432	1.1846895217895508	0.471527099609375
continuous_vs_candidate	255	413	improved	764	413	0.5222179889678955	0.5422758460044861	0.37585943937301636	0.5422758460044861	0.16641640663146973	0.3288698196411133	0.2959451675415039
continuous_vs_candidate	15555	735	improved	911	735	0.3155200481414795	0.44895124435424805	0.2825509309768677	0.44895124435424805	0.16640031337738037	0.11036348342895508	0.5147480964660645
continuous_vs_candidate	19303	713	regressed	713	742	0.5313777923583984	0.5712456703186035	0.5313777923583984	0.3652699589729309	-0.16610783338546753	0.24028491973876953	0.44718265533447266
continuous_vs_candidate	24528	537	regressed	537	249	0.3672458529472351	0.5170073509216309	0.3672458529472351	0.20134936273097992	-0.1658964902162552	0.15061569213867188	0.9430155754089355
continuous_vs_candidate	30382	423	improved	424	423	0.6073891520500183	0.44834113121032715	0.282646507024765	0.44834113121032715	0.16569462418556213	0.7649726867675781	0.2349700927734375
continuous_vs_candidate	11472	718	regressed	718	421	0.4328450560569763	0.41612789034843445	0.4328450560569763	0.26741352677345276	-0.16543152928352356	0.4663276672363281	0.4421963691711426
continuous_vs_candidate	7824	477	improved	456	477	0.2244541198015213	0.3210442364215851	0.15574751794338226	0.3210442364215851	0.16529671847820282	0.11384963989257812	0.6858186721801758
continuous_vs_candidate	13369	75	regressed	75	77	0.538085401058197	0.4327501058578491	0.538085401058197	0.37296390533447266	-0.16512149572372437	1.320085048675537	0.14867877960205078
continuous_vs_candidate	36169	715	improved	870	715	0.16542905569076538	0.290466845035553	0.12544426321983337	0.290466845035553	0.1650225818157196	0.13470888137817383	0.7233643531799316
continuous_vs_candidate	47035	431	improved	520	431	0.42284905910491943	0.40251919627189636	0.23753952980041504	0.40251919627189636	0.16497966647148132	0.5766811370849609	0.2984619140625
continuous_vs_candidate	26810	978	regressed	978	472	0.4621306359767914	0.46184295415878296	0.4621306359767914	0.297630250453949	-0.1645003855228424	0.7170677185058594	0.4393730163574219
continuous_vs_candidate	14964	684	regressed	684	929	0.37109875679016113	0.2997886836528778	0.37109875679016113	0.20667850971221924	-0.1644202470779419	0.6593718528747559	0.37191343307495117
continuous_vs_candidate	47999	67	regressed	67	68	0.3924041986465454	0.49803248047828674	0.3924041986465454	0.2281365841627121	-0.1642676144838333	0.031645774841308594	0.7807207107543945
continuous_vs_candidate	14234	235	regressed	235	236	0.20757800340652466	0.1812126338481903	0.20757800340652466	0.04346238076686859	-0.16411562263965607	0.6035375595092773	0.537935733795166
continuous_vs_candidate	36666	818	improved	644	818	0.20769597589969635	0.359048992395401	0.19493691623210907	0.359048992395401	0.16411207616329193	0.0633993148803711	1.2178115844726562
continuous_vs_candidate	46571	524	improved	461	524	0.4323940575122833	0.4356781542301178	0.2717234790325165	0.4356781542301178	0.16395467519760132	0.4645524024963379	0.16031265258789062
continuous_vs_candidate	38574	400	regressed	400	501	0.19964183866977692	0.30277058482170105	0.19964183866977692	0.03580288589000702	-0.1638389527797699	0.02138042449951172	0.7338542938232422
continuous_vs_candidate	8356	253	improved	173	253	0.5278983116149902	0.3932814300060272	0.22957728803157806	0.3932814300060272	0.16370414197444916	0.8326640129089355	0.22970914840698242
continuous_vs_candidate	10330	609	improved	864	609	0.41081708669662476	0.38799986243247986	0.22432023286819458	0.38799986243247986	0.16367962956428528	0.6050734519958496	0.801323413848877
continuous_vs_candidate	27878	648	regressed	648	896	0.4641835391521454	0.30443716049194336	0.4641835391521454	0.3005393147468567	-0.1636442244052887	1.049516201019287	0.01288604736328125
continuous_vs_candidate	14502	219	regressed	219	218	0.45233798027038574	0.5286062359809875	0.45233798027038574	0.2887353003025055	-0.16360267996788025	0.2701282501220703	0.6047334671020508
continuous_vs_candidate	48873	962	improved	923	962	0.2622223496437073	0.3158281445503235	0.15223832428455353	0.3158281445503235	0.16358982026576996	0.5437455177307129	0.1436147689819336
continuous_vs_candidate	43603	341	improved	512	341	0.1307997703552246	0.2288978397846222	0.06538694351911545	0.2288978397846222	0.16351088881492615	0.20207738876342773	1.0580401420593262
continuous_vs_candidate	34480	567	regressed	567	909	0.540579080581665	0.45826447010040283	0.540579080581665	0.3773166537284851	-0.16326242685317993	0.5557069778442383	0.19436168670654297
continuous_vs_candidate	7753	729	improved	495	729	0.4451436698436737	0.4116767644882202	0.24878226220607758	0.4116767644882202	0.16289450228214264	0.5818190574645996	0.4181361198425293
continuous_vs_candidate	18268	659	improved	868	659	0.6340982913970947	0.2500738799571991	0.08731748908758163	0.2500738799571991	0.16275638341903687	1.9826531410217285	0.017335891723632812
continuous_vs_candidate	20100	219	improved	217	219	0.33625394105911255	0.4646719694137573	0.3022678792476654	0.4646719694137573	0.16240409016609192	0.1065530776977539	0.7996983528137207
continuous_vs_candidate	11851	523	improved	870	523	0.3424452245235443	0.32409220933914185	0.16176407039165497	0.32409220933914185	0.16232813894748688	0.7499728202819824	0.2812333106994629
continuous_vs_candidate	14914	673	regressed	673	710	0.3163840174674988	0.23962201178073883	0.3163840174674988	0.15414299070835114	-0.16224102675914764	0.9543924331665039	0.44118213653564453
continuous_vs_candidate	30041	249	improved	250	249	0.34699568152427673	0.3718973696231842	0.20984351634979248	0.3718973696231842	0.16205385327339172	0.18737459182739258	0.46553468704223633
continuous_vs_candidate	28073	422	regressed	422	772	0.22250762581825256	0.30369114875793457	0.22250762581825256	0.060613326728343964	-0.161894291639328	0.5281319618225098	1.1408209800720215
continuous_vs_candidate	35293	292	improved	291	292	0.35161328315734863	0.42348018288612366	0.2616576552391052	0.42348018288612366	0.16182252764701843	0.29549503326416016	0.9230155944824219
continuous_vs_candidate	3364	42	regressed	42	44	0.43240609765052795	0.2764848470687866	0.43240609765052795	0.2707758843898773	-0.16163021326065063	0.9165887832641602	0.020864486694335938
continuous_vs_candidate	7731	152	regressed	152	154	0.5991519689559937	0.4407907724380493	0.5991519689559937	0.437692254781723	-0.16145971417427063	0.6804370880126953	0.007054328918457031
continuous_vs_candidate	25584	848	regressed	848	481	0.3863046169281006	0.41475552320480347	0.3863046169281006	0.22496414184570312	-0.16134047508239746	0.16949081420898438	0.611748218536377
continuous_vs_candidate	23153	511	regressed	511	436	0.4577654302120209	0.525881826877594	0.4577654302120209	0.29669609665870667	-0.1610693335533142	0.2402191162109375	0.5723681449890137
continuous_vs_candidate	31563	44	regressed	44	41	0.5975593328475952	0.46591994166374207	0.5975593328475952	0.43651533126831055	-0.16104400157928467	0.8722562789916992	0.06519031524658203
continuous_vs_candidate	44408	720	improved	455	720	0.6037898063659668	0.4659382998943329	0.3049422800540924	0.4659382998943329	0.16099601984024048	0.6831035614013672	0.06692028045654297
continuous_vs_candidate	7586	125	improved	124	125	0.15259870886802673	0.30681532621383667	0.14584176242351532	0.30681532621383667	0.16097356379032135	0.04528951644897461	0.26723718643188477
continuous_vs_candidate	7683	589	improved	722	589	0.35065823793411255	0.38785284757614136	0.2276252955198288	0.38785284757614136	0.16022755205631256	0.4321112632751465	1.22418212890625
continuous_vs_candidate	44156	999	improved	700	999	0.37089186906814575	0.27415931224823	0.11400758475065231	0.27415931224823	0.16015172004699707	1.1796455383300781	0.10165691375732422
continuous_vs_candidate	31063	751	improved	573	751	0.4775616526603699	0.3547307550907135	0.1948423534631729	0.3547307550907135	0.1598884016275406	0.8965024948120117	0.10357904434204102
continuous_vs_candidate	27504	246	improved	163	246	0.33826762437820435	0.36229395866394043	0.20261545479297638	0.36229395866394043	0.15967850387096405	0.5125274658203125	0.9196591377258301
continuous_vs_candidate	9910	881	regressed	881	905	0.38488999009132385	0.3177909851074219	0.38488999009132385	0.2255897969007492	-0.15930019319057465	0.6574287414550781	0.34267568588256836
continuous_vs_candidate	43366	226	regressed	226	200	0.5633887052536011	0.4092988073825836	0.5633887052536011	0.4042110741138458	-0.15917763113975525	0.8312134742736816	0.012508392333984375
continuous_vs_candidate	1876	214	regressed	214	213	0.391406774520874	0.3159566819667816	0.391406774520874	0.23240242898464203	-0.159004345536232	0.7864561080932617	0.30713462829589844
continuous_vs_candidate	28099	883	improved	643	883	0.20044636726379395	0.228178933262825	0.06919624656438828	0.228178933262825	0.15898269414901733	0.9079856872558594	1.2802581787109375
continuous_vs_candidate	39608	509	regressed	509	692	0.40583300590515137	0.35146474838256836	0.40583300590515137	0.2469315528869629	-0.15890145301818848	0.9283103942871094	0.3529982566833496
continuous_vs_candidate	45043	921	improved	692	921	0.24955934286117554	0.38559257984161377	0.22677554190158844	0.38559257984161377	0.15881703794002533	0.09573602676391602	1.1231293678283691
continuous_vs_candidate	44083	445	improved	836	445	0.3909189701080322	0.3297366201877594	0.17096243798732758	0.3297366201877594	0.15877418220043182	0.8270564079284668	0.04803276062011719
continuous_vs_candidate	35565	406	improved	857	406	0.5606404542922974	0.37278327345848083	0.21401256322860718	0.37278327345848083	0.15877071022987366	0.9630451202392578	0.03688478469848633
continuous_vs_candidate	46445	73	regressed	73	74	0.515435516834259	0.5070735216140747	0.515435516834259	0.35679665207862854	-0.1586388647556305	0.39876842498779297	0.3514900207519531
continuous_vs_candidate	19675	686	regressed	686	401	0.22208699584007263	0.19107654690742493	0.22208699584007263	0.06348789483308792	-0.1585991084575653	0.3437638282775879	0.22679376602172852
continuous_vs_candidate	34356	17	improved	14	17	0.5081203579902649	0.32651230692863464	0.16802388429641724	0.32651230692863464	0.1584884226322174	1.106612205505371	0.3310422897338867
continuous_vs_candidate	44621	643	improved	796	643	0.3128434419631958	0.44380873441696167	0.2857508063316345	0.44380873441696167	0.15805792808532715	0.09058284759521484	0.6317272186279297
continuous_vs_candidate	49818	241	improved	238	241	0.3733232617378235	0.526081919670105	0.3680475354194641	0.526081919670105	0.15803438425064087	0.014232635498046875	0.7981066703796387
continuous_vs_candidate	22030	785	regressed	785	691	0.19721442461013794	0.31607580184936523	0.19721442461013794	0.039300285279750824	-0.15791413187980652	0.6028628349304199	1.1953277587890625
continuous_vs_candidate	38792	735	improved	911	735	0.46401798725128174	0.36677178740501404	0.20894265174865723	0.36677178740501404	0.1578291356563568	0.7978634834289551	0.13974857330322266
continuous_vs_candidate	26266	503	improved	505	503	0.24981637299060822	0.3817903399467468	0.22421634197235107	0.3817903399467468	0.15757399797439575	0.10811471939086914	0.8293914794921875
continuous_vs_candidate	44452	639	improved	842	639	0.22250600159168243	0.28011175990104675	0.12268189340829849	0.28011175990104675	0.15742987394332886	0.5953593254089355	0.5295886993408203
continuous_vs_candidate	43041	73	improved	77	73	0.24619267880916595	0.3919432759284973	0.23456934094429016	0.3919432759284973	0.15737393498420715	0.04836320877075195	0.7015786170959473
continuous_vs_candidate	26348	499	improved	943	499	0.12682490050792694	0.23365414142608643	0.07649756222963333	0.23365414142608643	0.1571565866470337	0.04796552658081055	0.5256986618041992
continuous_vs_candidate	31669	526	improved	527	526	0.45086416602134705	0.4658021330833435	0.3088188171386719	0.4658021330833435	0.15698331594467163	0.37841129302978516	0.24659347534179688
continuous_vs_candidate	13239	414	improved	478	414	0.20658177137374878	0.3017207086086273	0.1450655162334442	0.3017207086086273	0.1566551923751831	0.35351085662841797	0.2716236114501953
continuous_vs_candidate	32307	295	regressed	295	297	0.5954684615135193	0.4510031044483185	0.5954684615135193	0.4388560354709625	-0.15661242604255676	0.7538614273071289	0.02730274200439453
continuous_vs_candidate	31435	636	improved	885	636	0.4529000222682953	0.38966524600982666	0.23313960433006287	0.38966524600982666	0.1565256416797638	0.6640338897705078	1.1172924041748047
continuous_vs_candidate	49224	64	improved	55	64	0.4617306590080261	0.5354370474815369	0.3789912164211273	0.5354370474815369	0.15644583106040955	0.19746875762939453	0.4899559020996094
continuous_vs_candidate	14075	658	regressed	658	806	0.5727089047431946	0.4302631914615631	0.5727089047431946	0.4162715971469879	-0.15643730759620667	0.7794265747070312	0.033059120178222656
continuous_vs_candidate	28750	725	regressed	725	711	0.3535432517528534	0.22440871596336365	0.3535432517528534	0.19730733335018158	-0.15623591840267181	0.8438515663146973	0.1287064552307129
