pair	class	total	ref_correct	cmp_correct	delta_correct	ref_acc	cmp_acc	avg_true_prob_delta	avg_margin_delta
best250_vs_phase2w	349	50	38	34	-4	76.0	68.0	-0.01992551051080227	-0.048478394746780396
best250_vs_phase2w	876	50	18	14	-4	36.0	28.0	-0.008962560445070267	0.017758788540959358
best250_vs_phase2w	264	50	37	34	-3	74.0	68.0	-0.014510822482407093	-0.01865674927830696
best250_vs_phase2w	813	50	28	25	-3	56.0	50.0	-0.01280897855758667	-0.034710463136434555
best250_vs_phase2w	928	50	40	37	-3	80.0	74.0	-0.011882605962455273	-0.09459270536899567
best250_vs_phase2w	764	50	31	28	-3	62.0	56.0	-0.010103915818035603	-0.03288036212325096
best250_vs_phase2w	303	50	43	40	-3	86.0	80.0	-0.008156073279678822	-0.014254322275519371
best250_vs_phase2w	250	50	38	35	-3	76.0	70.0	-0.007051543798297644	-0.02218080498278141
best250_vs_phase2w	859	50	36	33	-3	72.0	66.0	-0.0010429323883727193	0.041111286729574203
best250_vs_phase2w	709	50	43	41	-2	86.0	82.0	-0.021739978343248367	-0.10567187517881393
best250_vs_phase2w	472	50	49	47	-2	98.0	94.0	-0.01997225545346737	-0.1285136342048645
best250_vs_phase2w	386	50	34	32	-2	68.0	64.0	-0.017919963225722313	-0.05503354221582413
best250_vs_phase2w	872	50	40	38	-2	80.0	76.0	-0.013338341377675533	-0.08153966814279556
best250_vs_phase2w	586	50	45	43	-2	90.0	86.0	-0.012640373781323433	-0.1029978096485138
best250_vs_phase2w	175	50	36	34	-2	72.0	68.0	-0.011276738718152046	-0.09082231670618057
best250_vs_phase2w	415	50	26	24	-2	52.0	48.0	-0.011124959215521812	-0.03628362715244293
best250_vs_phase2w	914	50	39	37	-2	78.0	74.0	-0.010412123054265976	-0.03659458085894585
best250_vs_phase2w	796	50	42	40	-2	84.0	80.0	-0.009895803406834602	-0.057645510882139206
best250_vs_phase2w	666	50	45	43	-2	90.0	86.0	-0.008997834287583828	-0.05659106373786926
best250_vs_phase2w	245	50	45	43	-2	90.0	86.0	-0.008711393922567368	-0.03900093212723732
best250_vs_phase2w	925	50	32	30	-2	64.0	60.0	-0.007425984833389521	0.013631200417876244
best250_vs_phase2w	689	50	17	15	-2	34.0	30.0	-0.006764558143913746	-0.0023215103428810835
best250_vs_phase2w	765	50	39	37	-2	78.0	74.0	-0.006439248099923134	-0.022591285407543182
best250_vs_phase2w	407	50	48	46	-2	96.0	92.0	-0.006048249080777168	-0.027495555579662323
best250_vs_phase2w	515	50	37	35	-2	74.0	70.0	-0.005609756801277399	-0.014419011771678925
best250_vs_phase2w	526	50	33	31	-2	66.0	62.0	-0.004913019482046366	0.004028072580695152
best250_vs_phase2w	249	50	42	40	-2	84.0	80.0	-0.003959423862397671	0.02320578508079052
best250_vs_phase2w	632	50	31	29	-2	62.0	58.0	-0.0026840411592274904	0.006549997255206108
best250_vs_phase2w	494	50	39	37	-2	78.0	74.0	-0.002535778796300292	-0.05669581517577171
best250_vs_phase2w	101	50	37	35	-2	74.0	70.0	-0.0004186881997156888	0.01519789732992649
best250_vs_phase2w	121	50	45	43	-2	90.0	86.0	0.0009622552897781134	-0.014320621266961098
best250_vs_phase2w	799	50	26	24	-2	52.0	48.0	0.002270585624501109	0.024221640080213547
best250_vs_phase2w	211	50	46	44	-2	92.0	88.0	0.0028348583728075027	-0.005494966637343168
best250_vs_phase2w	935	50	38	36	-2	76.0	72.0	0.005152554716914892	0.01628032699227333
best250_vs_phase2w	46	50	28	26	-2	56.0	52.0	0.006053477991372347	0.04878788813948631
best250_vs_phase2w	218	50	46	45	-1	92.0	90.0	-0.02884238213300705	-0.20841073989868164
best250_vs_phase2w	655	50	41	40	-1	82.0	80.0	-0.02824820950627327	-0.18473845720291138
best250_vs_phase2w	442	50	36	35	-1	72.0	70.0	-0.02367226406931877	-0.0667152851819992
best250_vs_phase2w	909	50	32	31	-1	64.0	62.0	-0.021227821707725525	-0.08506341278553009
best250_vs_phase2w	577	50	46	45	-1	92.0	90.0	-0.020524926483631134	-0.062023553997278214
best250_vs_phase2w	279	50	50	49	-1	100.0	98.0	-0.019414985552430153	-0.20837955176830292
best250_vs_phase2w	573	50	50	49	-1	100.0	98.0	-0.01927717961370945	-0.12561242282390594
best250_vs_phase2w	204	50	36	35	-1	72.0	70.0	-0.017741866409778595	-0.0897219255566597
best250_vs_phase2w	49	50	41	40	-1	82.0	80.0	-0.016405530273914337	-0.0707220733165741
best250_vs_phase2w	319	50	43	42	-1	86.0	84.0	-0.015306218527257442	-0.04906323552131653
best250_vs_phase2w	265	50	35	34	-1	70.0	68.0	-0.01522139459848404	-0.0580911822617054
best250_vs_phase2w	915	50	49	48	-1	98.0	96.0	-0.01501611340790987	-0.12196329236030579
best250_vs_phase2w	660	50	36	35	-1	72.0	70.0	-0.01480057742446661	-0.13179825246334076
best250_vs_phase2w	165	50	30	29	-1	60.0	58.0	-0.014755750074982643	-0.049960147589445114
best250_vs_phase2w	931	50	37	36	-1	74.0	72.0	-0.014319466426968575	-0.02836698479950428
best250_vs_phase2w	638	50	17	16	-1	34.0	32.0	-0.013980677351355553	0.0029544830322265625
best250_vs_phase2w	555	50	45	44	-1	90.0	88.0	-0.013577398844063282	-0.1001497209072113
best250_vs_phase2w	759	50	41	40	-1	82.0	80.0	-0.013316345401108265	-0.03506988659501076
best250_vs_phase2w	469	50	35	34	-1	70.0	68.0	-0.013306980021297932	-0.04059721902012825
best250_vs_phase2w	294	50	47	46	-1	94.0	92.0	-0.012859043665230274	-0.06734928488731384
best250_vs_phase2w	233	50	41	40	-1	82.0	80.0	-0.012796733528375626	-0.029485827311873436
best250_vs_phase2w	862	50	40	39	-1	80.0	78.0	-0.012560879811644554	-0.12720435857772827
best250_vs_phase2w	108	50	34	33	-1	68.0	66.0	-0.012428914196789265	-0.041992828249931335
best250_vs_phase2w	686	50	39	38	-1	78.0	76.0	-0.012313070707023144	-0.047796402126550674
best250_vs_phase2w	464	50	34	33	-1	68.0	66.0	-0.012146389111876488	-0.054051473736763
best250_vs_phase2w	167	50	20	19	-1	40.0	38.0	-0.011923231184482574	-0.03983769565820694
best250_vs_phase2w	414	50	22	21	-1	44.0	42.0	-0.010324380360543728	-0.03034115768969059
best250_vs_phase2w	738	50	43	42	-1	86.0	84.0	-0.010178748518228531	-0.03687627613544464
best250_vs_phase2w	953	50	49	48	-1	98.0	96.0	-0.00982129480689764	-0.04451986402273178
best250_vs_phase2w	410	50	46	45	-1	92.0	90.0	-0.009491341188549995	-0.00858572032302618
best250_vs_phase2w	553	50	42	41	-1	84.0	82.0	-0.009299998171627522	-0.0737202912569046
best250_vs_phase2w	635	50	33	32	-1	66.0	64.0	-0.0091991713270545	-0.06585678458213806
best250_vs_phase2w	465	50	32	31	-1	64.0	62.0	-0.008927207440137863	0.03472183272242546
best250_vs_phase2w	128	50	46	45	-1	92.0	90.0	-0.008806522935628891	-0.09706705063581467
best250_vs_phase2w	214	50	46	45	-1	92.0	90.0	-0.008719525299966335	-0.025795917958021164
best250_vs_phase2w	153	50	43	42	-1	86.0	84.0	-0.008699093945324421	-0.01797381415963173
best250_vs_phase2w	844	50	37	36	-1	74.0	72.0	-0.008629039861261845	0.019659461453557014
best250_vs_phase2w	750	50	37	36	-1	74.0	72.0	-0.007759347092360258	-0.031327370554208755
best250_vs_phase2w	728	50	29	28	-1	58.0	56.0	-0.007677727844566107	-0.07052703946828842
best250_vs_phase2w	945	50	46	45	-1	92.0	90.0	-0.007415926083922386	-0.018250074237585068
best250_vs_phase2w	789	50	40	39	-1	80.0	78.0	-0.007370261009782553	-0.019357556477189064
best250_vs_phase2w	653	50	37	36	-1	74.0	72.0	-0.007350344676524401	-0.04308909550309181
best250_vs_phase2w	149	50	45	44	-1	90.0	88.0	-0.0070494478568434715	-0.03877728432416916
best250_vs_phase2w	3	50	40	39	-1	80.0	78.0	-0.006915986072272062	0.036549102514982224
best250_vs_phase2w	866	50	46	45	-1	92.0	90.0	-0.006838666740804911	-0.056001950055360794
best250_vs_phase2w	908	50	33	32	-1	66.0	64.0	-0.006755582522600889	-0.0388721264898777
best250_vs_phase2w	542	50	36	35	-1	72.0	70.0	-0.006726528983563185	-0.047764357179403305
best250_vs_phase2w	563	50	45	44	-1	90.0	88.0	-0.0062132650054991245	-0.09415790438652039
best250_vs_phase2w	68	50	15	14	-1	30.0	28.0	-0.006064971908926964	-0.014689101837575436
best250_vs_phase2w	50	50	45	44	-1	90.0	88.0	-0.006014757324010134	0.07430821657180786
best250_vs_phase2w	341	50	31	30	-1	62.0	60.0	-0.005770659539848566	-0.04109805077314377
best250_vs_phase2w	584	50	29	28	-1	58.0	56.0	-0.005731694865971804	-0.034221526235342026
best250_vs_phase2w	903	50	46	45	-1	92.0	90.0	-0.005716134328395128	-0.07345336675643921
best250_vs_phase2w	819	50	41	40	-1	82.0	80.0	-0.005463536828756332	-0.034625548869371414
best250_vs_phase2w	755	50	47	46	-1	94.0	92.0	-0.005413529463112354	-0.018060579895973206
best250_vs_phase2w	134	50	38	37	-1	76.0	74.0	-0.005309438798576593	-0.031829480081796646
best250_vs_phase2w	30	50	42	41	-1	84.0	82.0	-0.005236119031906128	0.016682643443346024
best250_vs_phase2w	757	50	44	43	-1	88.0	86.0	-0.004724639002233744	0.01723381131887436
best250_vs_phase2w	690	50	47	46	-1	94.0	92.0	-0.004513073712587357	-0.007887306623160839
best250_vs_phase2w	366	50	43	42	-1	86.0	84.0	-0.004220730625092983	-0.03691596910357475
best250_vs_phase2w	656	50	29	28	-1	58.0	56.0	-0.004152217879891396	0.017215251922607422
best250_vs_phase2w	602	50	40	39	-1	80.0	78.0	-0.004037957638502121	-0.01972593367099762
best250_vs_phase2w	843	50	46	45	-1	92.0	90.0	-0.003877678420394659	0.011018257588148117
best250_vs_phase2w	417	50	46	45	-1	92.0	90.0	-0.0037504362408071756	-0.08397406339645386
best250_vs_phase2w	210	50	46	45	-1	92.0	90.0	-0.0037076217122375965	-0.09644560515880585
best250_vs_phase2w	63	50	44	43	-1	88.0	86.0	-0.0035460751969367266	-0.0357133187353611
best250_vs_phase2w	636	50	34	33	-1	68.0	66.0	-0.0035049349535256624	0.07839764654636383
best250_vs_phase2w	147	50	47	46	-1	94.0	92.0	-0.003460607258602977	0.011059112846851349
best250_vs_phase2w	861	50	38	37	-1	76.0	74.0	-0.0033453600481152534	0.03741582855582237
best250_vs_phase2w	970	50	31	30	-1	62.0	60.0	-0.003263378981500864	0.026642179116606712
best250_vs_phase2w	978	50	25	24	-1	50.0	48.0	-0.0031359184067696333	-0.040750570595264435
best250_vs_phase2w	125	50	46	45	-1	92.0	90.0	-0.0030933802481740713	-0.03603013977408409
best250_vs_phase2w	938	50	48	47	-1	96.0	94.0	-0.003092630999162793	-0.040706418454647064
best250_vs_phase2w	374	50	39	38	-1	78.0	76.0	-0.002982816658914089	-0.015350389294326305
best250_vs_phase2w	924	50	44	43	-1	88.0	86.0	-0.002960431622341275	-0.022016238421201706
best250_vs_phase2w	467	50	43	42	-1	86.0	84.0	-0.002705242019146681	-0.000422840123064816
best250_vs_phase2w	97	50	48	47	-1	96.0	94.0	-0.0024716819170862436	-0.026127567514777184
best250_vs_phase2w	810	50	20	19	-1	40.0	38.0	-0.002294736448675394	-0.004426746163517237
best250_vs_phase2w	132	50	47	46	-1	94.0	92.0	-0.002266655210405588	-0.02457868494093418
best250_vs_phase2w	347	50	46	45	-1	92.0	90.0	-0.0022376859560608864	0.04745686426758766
best250_vs_phase2w	489	50	41	40	-1	82.0	80.0	-0.0021666509564965963	-0.04595785215497017
best250_vs_phase2w	363	50	47	46	-1	94.0	92.0	-0.0020277260337024927	0.0014939403627067804
best250_vs_phase2w	370	50	44	43	-1	88.0	86.0	-0.0015518292784690857	-0.07455863058567047
best250_vs_phase2w	272	50	32	31	-1	64.0	62.0	-0.0015334527706727386	-0.01336109172552824
best250_vs_phase2w	971	50	45	44	-1	90.0	88.0	-0.0015025085303932428	-0.033317357301712036
best250_vs_phase2w	919	50	40	39	-1	80.0	78.0	-0.0012000137940049171	0.040791597217321396
best250_vs_phase2w	74	50	30	29	-1	60.0	58.0	-0.001170019037090242	0.0067212581634521484
best250_vs_phase2w	960	50	34	33	-1	68.0	66.0	-0.001021161093376577	0.03432831913232803
best250_vs_phase2w	32	50	25	24	-1	50.0	48.0	-0.0010130113223567605	0.01484752632677555
best250_vs_phase2w	962	50	39	38	-1	78.0	76.0	-0.0009395915549248457	0.00030104638426564634
best250_vs_phase2w	468	50	37	36	-1	74.0	72.0	-0.0008877758518792689	-0.0422762967646122
best250_vs_phase2w	657	50	15	14	-1	30.0	28.0	-0.0008451890898868442	-0.002475204411894083
best250_vs_phase2w	697	50	36	35	-1	72.0	70.0	-0.0006709740846417844	0.03452306613326073
best250_vs_phase2w	905	50	36	35	-1	72.0	70.0	-0.0004945975379087031	-0.009251976385712624
best250_vs_phase2w	977	50	32	31	-1	64.0	62.0	-0.0004906313261017203	0.012819033116102219
best250_vs_phase2w	999	50	27	26	-1	54.0	52.0	-0.0004644022847060114	-0.008548039942979813
best250_vs_phase2w	678	50	37	36	-1	74.0	72.0	-6.247088458621874e-05	-0.02938304841518402
best250_vs_phase2w	781	50	46	45	-1	92.0	90.0	-5.924180004512891e-05	0.028711795806884766
best250_vs_phase2w	618	50	25	24	-1	50.0	48.0	0.0002639736339915544	-0.0004727172781713307
best250_vs_phase2w	55	50	34	33	-1	68.0	66.0	0.0002811598824337125	0.04420759156346321
best250_vs_phase2w	839	50	37	36	-1	74.0	72.0	0.0007045145612210035	0.032842159271240234
best250_vs_phase2w	893	50	37	36	-1	74.0	72.0	0.0007622133125551045	0.0314321331679821
best250_vs_phase2w	192	50	43	42	-1	86.0	84.0	0.0007708223420195282	0.039205409586429596
best250_vs_phase2w	682	50	43	42	-1	86.0	84.0	0.0009145480580627918	0.067816823720932
best250_vs_phase2w	109	50	48	47	-1	96.0	94.0	0.0010312366066500545	0.0009680938674136996
best250_vs_phase2w	206	50	46	45	-1	92.0	90.0	0.0010540123330429196	0.011226368136703968
best250_vs_phase2w	182	50	47	46	-1	94.0	92.0	0.001059057074598968	0.04644930735230446
best250_vs_phase2w	473	50	40	39	-1	80.0	78.0	0.0011106744641438127	0.024000663310289383
best250_vs_phase2w	239	50	50	49	-1	100.0	98.0	0.0011986648896709085	0.006276216357946396
best250_vs_phase2w	21	50	44	43	-1	88.0	86.0	0.0013627927983179688	0.0686277225613594
best250_vs_phase2w	596	50	37	36	-1	74.0	72.0	0.0014838788192719221	-0.01231510192155838
best250_vs_phase2w	463	50	30	29	-1	60.0	58.0	0.0014859149232506752	-0.006400012876838446
best250_vs_phase2w	336	50	48	47	-1	96.0	94.0	0.0015244839014485478	0.03978327661752701
best250_vs_phase2w	769	50	41	40	-1	82.0	80.0	0.0017845116090029478	0.00729854591190815
best250_vs_phase2w	683	50	35	34	-1	70.0	68.0	0.0018411746714264154	-0.015350084751844406
best250_vs_phase2w	270	50	48	47	-1	96.0	94.0	0.0019714152440428734	-0.025743646547198296
best250_vs_phase2w	580	50	46	45	-1	92.0	90.0	0.0020051258616149426	0.028254127129912376
best250_vs_phase2w	58	50	44	43	-1	88.0	86.0	0.0021991466637700796	0.026640567928552628
best250_vs_phase2w	767	50	33	32	-1	66.0	64.0	0.002369633875787258	0.0408569797873497
best250_vs_phase2w	782	50	10	9	-1	20.0	18.0	0.002379097044467926	-0.008411722257733345
best250_vs_phase2w	623	50	18	17	-1	36.0	34.0	0.0026628533378243446	0.016765184700489044
best250_vs_phase2w	395	50	41	40	-1	82.0	80.0	0.0026632798835635185	-0.034508638083934784
best250_vs_phase2w	178	50	48	47	-1	96.0	94.0	0.002727999584749341	0.024758748710155487
best250_vs_phase2w	422	50	32	31	-1	64.0	62.0	0.0028729536570608616	0.041129130870103836
best250_vs_phase2w	57	50	48	47	-1	96.0	94.0	0.0029516478534787893	0.007639188785105944
best250_vs_phase2w	582	50	34	33	-1	68.0	66.0	0.003002837533131242	-0.046114273369312286
best250_vs_phase2w	732	50	43	42	-1	86.0	84.0	0.0030131570529192686	0.003979806788265705
best250_vs_phase2w	608	50	38	37	-1	76.0	74.0	0.0031943286303430796	0.04144149646162987
best250_vs_phase2w	715	50	41	40	-1	82.0	80.0	0.00328599801287055	-0.04947005212306976
best250_vs_phase2w	694	50	48	47	-1	96.0	94.0	0.0033278069458901882	0.027758436277508736
best250_vs_phase2w	424	50	34	33	-1	68.0	66.0	0.0034294582437723875	-0.007064666599035263
best250_vs_phase2w	75	50	45	44	-1	90.0	88.0	0.0035811036359518766	0.022395968437194824
best250_vs_phase2w	404	50	48	47	-1	96.0	94.0	0.0036647915840148926	0.024585867300629616
best250_vs_phase2w	826	50	34	33	-1	68.0	66.0	0.0037682235706597567	0.023931875824928284
best250_vs_phase2w	225	50	47	46	-1	94.0	92.0	0.0037746995221823454	0.06437356770038605
best250_vs_phase2w	52	50	41	40	-1	82.0	80.0	0.004298826679587364	-0.01229175552725792
best250_vs_phase2w	453	50	38	37	-1	76.0	74.0	0.004305953159928322	0.02420523576438427
best250_vs_phase2w	570	50	47	46	-1	94.0	92.0	0.004366610664874315	0.03144434094429016
best250_vs_phase2w	917	50	44	43	-1	88.0	86.0	0.00438044173642993	0.044755272567272186
best250_vs_phase2w	47	50	41	40	-1	82.0	80.0	0.004668602254241705	-0.021296748891472816
best250_vs_phase2w	922	50	43	42	-1	86.0	84.0	0.004887636750936508	0.013631429523229599
best250_vs_phase2w	111	50	47	46	-1	94.0	92.0	0.004934284370392561	0.10854806751012802
best250_vs_phase2w	729	50	33	32	-1	66.0	64.0	0.005052609834820032	0.04407169297337532
best250_vs_phase2w	643	50	35	34	-1	70.0	68.0	0.005085456185042858	-0.0026647807098925114
best250_vs_phase2w	841	50	22	21	-1	44.0	42.0	0.005252146627753973	0.02969473786652088
best250_vs_phase2w	54	50	34	33	-1	68.0	66.0	0.00558450585231185	0.0181754007935524
best250_vs_phase2w	702	50	41	40	-1	82.0	80.0	0.00564899668097496	-0.0008553314255550504
best250_vs_phase2w	457	50	41	40	-1	82.0	80.0	0.005955652799457312	0.025518951937556267
best250_vs_phase2w	845	50	36	35	-1	72.0	70.0	0.006014813203364611	-0.0037984943483024836
best250_vs_phase2w	598	50	38	37	-1	76.0	74.0	0.006048110779374838	0.05272814631462097
best250_vs_phase2w	807	50	41	40	-1	82.0	80.0	0.006048485171049833	0.060821451246738434
best250_vs_phase2w	160	50	50	49	-1	100.0	98.0	0.006163007579743862	0.09819045662879944
best250_vs_phase2w	676	50	39	38	-1	78.0	76.0	0.006475146859884262	-0.039845000952482224
best250_vs_phase2w	65	50	42	41	-1	84.0	82.0	0.006579761393368244	0.03535310924053192
best250_vs_phase2w	129	50	50	49	-1	100.0	98.0	0.006751533132046461	0.10218538343906403
best250_vs_phase2w	293	50	48	47	-1	96.0	94.0	0.006864607334136963	0.06334622204303741
best250_vs_phase2w	240	50	21	20	-1	42.0	40.0	0.007287198211997747	0.003487806301563978
best250_vs_phase2w	172	50	41	40	-1	82.0	80.0	0.007407696917653084	0.005707130301743746
best250_vs_phase2w	763	50	47	46	-1	94.0	92.0	0.007501780521124601	0.09946216642856598
best250_vs_phase2w	654	50	41	40	-1	82.0	80.0	0.007641234900802374	0.05821328982710838
best250_vs_phase2w	505	50	35	34	-1	70.0	68.0	0.007699191104620695	0.027213869616389275
best250_vs_phase2w	722	50	45	44	-1	90.0	88.0	0.008802833966910839	0.07797574996948242
best250_vs_phase2w	520	50	39	38	-1	78.0	76.0	0.008971177972853184	0.06570799648761749
best250_vs_phase2w	814	50	49	48	-1	98.0	96.0	0.009028089232742786	0.05915689095854759
best250_vs_phase2w	869	50	33	32	-1	66.0	64.0	0.009080499410629272	0.06079103425145149
best250_vs_phase2w	667	50	35	34	-1	70.0	68.0	0.009212400764226913	-0.024210596457123756
best250_vs_phase2w	459	50	34	33	-1	68.0	66.0	0.009906673803925514	0.050739679485559464
best250_vs_phase2w	595	50	43	42	-1	86.0	84.0	0.01001268345862627	0.028972283005714417
best250_vs_phase2w	593	50	43	42	-1	86.0	84.0	0.010815327987074852	0.13551673293113708
best250_vs_phase2w	544	50	41	40	-1	82.0	80.0	0.01152612455189228	0.07074034959077835
best250_vs_phase2w	805	50	47	46	-1	94.0	92.0	0.012041544541716576	0.09782229363918304
best250_vs_phase2w	892	50	36	35	-1	72.0	70.0	0.01255754753947258	0.05990254506468773
best250_vs_phase2w	846	50	29	28	-1	58.0	56.0	0.013215620070695877	0.011398344300687313
best250_vs_phase2w	969	50	23	22	-1	46.0	44.0	0.013319599442183971	0.05195104703307152
best250_vs_phase2w	652	50	39	38	-1	78.0	76.0	0.014465218409895897	-0.005566616076976061
best250_vs_phase2w	747	50	37	36	-1	74.0	72.0	0.015941930934786797	0.10211851447820663
best250_vs_phase2w	865	50	33	32	-1	66.0	64.0	0.016250930726528168	0.061346206814050674
best250_vs_phase2w	706	50	33	32	-1	66.0	64.0	0.01715422235429287	0.032954636961221695
best250_vs_phase2w	470	50	36	35	-1	72.0	70.0	0.01748003251850605	0.06759251654148102
best250_vs_phase2w	357	50	47	47	0	94.0	94.0	-0.018736960366368294	-0.08913210034370422
best250_vs_phase2w	721	50	43	43	0	86.0	86.0	-0.018609078601002693	-0.16264218091964722
best250_vs_phase2w	490	50	39	39	0	78.0	78.0	-0.018421247601509094	-0.10594572871923447
best250_vs_phase2w	411	50	39	39	0	78.0	78.0	-0.01810580864548683	-0.06248193606734276
best250_vs_phase2w	679	50	49	49	0	98.0	98.0	-0.018020300194621086	-0.13489216566085815
best250_vs_phase2w	361	50	48	48	0	96.0	96.0	-0.017820049077272415	-0.13330529630184174
best250_vs_phase2w	179	50	36	36	0	72.0	72.0	-0.017794696614146233	-0.014329414814710617
best250_vs_phase2w	717	50	36	36	0	72.0	72.0	-0.01728537306189537	-0.09793636202812195
best250_vs_phase2w	609	50	38	38	0	76.0	76.0	-0.016084108501672745	-0.0194151122123003
best250_vs_phase2w	353	50	36	36	0	72.0	72.0	-0.015764258801937103	-0.04478529095649719
best250_vs_phase2w	884	50	39	39	0	78.0	78.0	-0.015156042762100697	-0.013870621100068092
best250_vs_phase2w	431	50	40	40	0	80.0	80.0	-0.014958701096475124	-0.029724931344389915
best250_vs_phase2w	512	50	49	49	0	98.0	98.0	-0.014520708471536636	-0.07906249910593033
best250_vs_phase2w	360	50	41	41	0	82.0	82.0	-0.014421272091567516	-0.06771732121706009
best250_vs_phase2w	474	50	39	39	0	78.0	78.0	-0.014105048030614853	-0.09868833422660828
best250_vs_phase2w	578	50	37	37	0	74.0	74.0	-0.013789601624011993	-0.07145959883928299
best250_vs_phase2w	2	50	41	41	0	82.0	82.0	-0.01359874289482832	-0.030034618452191353
best250_vs_phase2w	122	50	45	45	0	90.0	90.0	-0.0134767796844244	-0.125
best250_vs_phase2w	891	50	43	43	0	86.0	86.0	-0.013340167701244354	-0.07776478677988052
best250_vs_phase2w	183	50	46	46	0	92.0	92.0	-0.013136763125658035	-0.02039465866982937
best250_vs_phase2w	106	50	41	41	0	82.0	82.0	-0.013081854209303856	-0.030204134061932564
best250_vs_phase2w	213	50	43	43	0	86.0	86.0	-0.013025548309087753	-0.06063709408044815
best250_vs_phase2w	84	50	48	48	0	96.0	96.0	-0.012648194096982479	-0.10991325229406357
best250_vs_phase2w	529	50	40	40	0	80.0	80.0	-0.012292000465095043	-0.048028554767370224
best250_vs_phase2w	926	50	44	44	0	88.0	88.0	-0.01217389851808548	-0.05127223953604698
best250_vs_phase2w	511	50	43	43	0	86.0	86.0	-0.012097402475774288	-0.02437499910593033
best250_vs_phase2w	533	50	47	47	0	94.0	94.0	-0.011991625651717186	-0.07729986310005188
best250_vs_phase2w	412	50	37	37	0	74.0	74.0	-0.011931496672332287	-0.04062315821647644
best250_vs_phase2w	739	50	48	48	0	96.0	96.0	-0.011848402209579945	-0.10540176182985306
best250_vs_phase2w	510	50	46	46	0	92.0	92.0	-0.011497841216623783	-0.052528705447912216
best250_vs_phase2w	217	50	47	47	0	94.0	94.0	-0.011420621536672115	-0.05677555873990059
best250_vs_phase2w	64	50	33	33	0	66.0	66.0	-0.011314050294458866	-0.015258006751537323
best250_vs_phase2w	793	50	42	42	0	84.0	84.0	-0.011278779245913029	-0.11324579268693924
best250_vs_phase2w	328	50	46	46	0	92.0	92.0	-0.010954231955111027	-0.06947793811559677
best250_vs_phase2w	135	50	50	50	0	100.0	100.0	-0.01091453805565834	-0.050166770815849304
best250_vs_phase2w	498	50	37	37	0	74.0	74.0	-0.010800079442560673	-0.06872725486755371
best250_vs_phase2w	466	50	48	48	0	96.0	96.0	-0.010782408528029919	-0.12918205559253693
best250_vs_phase2w	189	50	42	42	0	84.0	84.0	-0.010658187791705132	-0.02830430120229721
best250_vs_phase2w	445	50	30	30	0	60.0	60.0	-0.010535730049014091	0.020648421719670296
best250_vs_phase2w	671	50	39	39	0	78.0	78.0	-0.010289831086993217	0.003835611278191209
best250_vs_phase2w	516	50	25	25	0	50.0	50.0	-0.010204149410128593	-0.0372164249420166
best250_vs_phase2w	985	50	49	49	0	98.0	98.0	-0.010128667578101158	-0.0645136833190918
best250_vs_phase2w	513	50	37	37	0	74.0	74.0	-0.01008625514805317	-0.013377122581005096
best250_vs_phase2w	394	50	45	45	0	90.0	90.0	-0.010038044303655624	-0.04950284957885742
best250_vs_phase2w	306	50	44	44	0	88.0	88.0	-0.009944441728293896	-0.01696206070482731
best250_vs_phase2w	428	50	42	42	0	84.0	84.0	-0.009927565231919289	-0.11669003218412399
best250_vs_phase2w	972	50	36	36	0	72.0	72.0	-0.009865867905318737	-0.022811641916632652
best250_vs_phase2w	534	50	32	32	0	64.0	64.0	-0.009772268123924732	-0.04223654791712761
best250_vs_phase2w	614	50	45	45	0	90.0	90.0	-0.009732279926538467	-0.04585898295044899
best250_vs_phase2w	486	50	45	45	0	90.0	90.0	-0.009700440801680088	-0.04421769082546234
best250_vs_phase2w	907	50	29	29	0	58.0	58.0	-0.009495683945715427	-0.0007086276891641319
best250_vs_phase2w	775	50	37	37	0	74.0	74.0	-0.00947889406234026	-0.01893571764230728
best250_vs_phase2w	756	50	42	42	0	84.0	84.0	-0.009431535378098488	-0.06903385370969772
best250_vs_phase2w	530	50	33	33	0	66.0	66.0	-0.009295951575040817	-0.057609833776950836
best250_vs_phase2w	797	50	35	35	0	70.0	70.0	-0.009241214953362942	-0.02896176278591156
best250_vs_phase2w	142	50	45	45	0	90.0	90.0	-0.009238655678927898	-0.09549330919981003
best250_vs_phase2w	29	50	47	47	0	94.0	94.0	-0.009213211014866829	-0.10978511720895767
best250_vs_phase2w	503	50	31	31	0	62.0	62.0	-0.00917730387300253	0.0023357486352324486
best250_vs_phase2w	774	50	41	41	0	82.0	82.0	-0.009172412566840649	-0.07895796000957489
best250_vs_phase2w	811	50	33	33	0	66.0	66.0	-0.009154158644378185	-0.029208602383732796
best250_vs_phase2w	93	50	48	48	0	96.0	96.0	-0.00908031314611435	0.006772184278815985
best250_vs_phase2w	888	50	42	42	0	84.0	84.0	-0.00900965090841055	-0.032075271010398865
best250_vs_phase2w	102	50	50	50	0	100.0	100.0	-0.008915790356695652	-0.01562502793967724
best250_vs_phase2w	852	50	43	43	0	86.0	86.0	-0.008877706713974476	-0.05694106966257095
best250_vs_phase2w	997	50	39	39	0	78.0	78.0	-0.008695490658283234	-0.02497253380715847
best250_vs_phase2w	733	50	25	25	0	50.0	50.0	-0.008686869405210018	-0.0008419418591074646
best250_vs_phase2w	354	50	48	48	0	96.0	96.0	-0.00844145193696022	-0.08505687862634659
best250_vs_phase2w	334	50	46	46	0	92.0	92.0	-0.00839250534772873	-0.03313479572534561
best250_vs_phase2w	668	50	48	48	0	96.0	96.0	-0.008312077261507511	-0.02930176816880703
best250_vs_phase2w	594	50	49	49	0	98.0	98.0	-0.008285474963486195	-0.0775710940361023
best250_vs_phase2w	556	50	32	32	0	64.0	64.0	-0.008215797133743763	-0.06791073083877563
best250_vs_phase2w	257	50	41	41	0	82.0	82.0	-0.008187822066247463	-0.03642044961452484
best250_vs_phase2w	23	50	49	49	0	98.0	98.0	-0.008186380378901958	-0.047495096921920776
best250_vs_phase2w	364	50	50	50	0	100.0	100.0	-0.008103298023343086	-0.1297532618045807
best250_vs_phase2w	276	50	47	47	0	94.0	94.0	-0.008035936392843723	-0.051531173288822174
best250_vs_phase2w	554	50	49	49	0	98.0	98.0	-0.007980206049978733	-0.08556072413921356
best250_vs_phase2w	337	50	41	41	0	82.0	82.0	-0.007943629287183285	-0.027453670278191566
best250_vs_phase2w	91	50	46	46	0	92.0	92.0	-0.007790419273078442	-0.09924625605344772
best250_vs_phase2w	20	50	44	44	0	88.0	88.0	-0.0076994262635707855	-0.0697244256734848
best250_vs_phase2w	904	50	33	33	0	66.0	66.0	-0.00768259959295392	-0.05045110732316971
best250_vs_phase2w	168	50	44	44	0	88.0	88.0	-0.007664558943361044	-0.07308666408061981
best250_vs_phase2w	591	50	40	40	0	80.0	80.0	-0.007649353705346584	0.023283205926418304
best250_vs_phase2w	509	50	32	32	0	64.0	64.0	-0.007603422272950411	0.05146494880318642
best250_vs_phase2w	858	50	40	40	0	80.0	80.0	-0.007567712105810642	-0.07206297665834427
best250_vs_phase2w	850	50	44	44	0	88.0	88.0	-0.007524826563894749	-0.03099967911839485
best250_vs_phase2w	833	50	43	43	0	86.0	86.0	-0.007477606646716595	-0.07984569668769836
best250_vs_phase2w	375	50	45	45	0	90.0	90.0	-0.007432274986058474	-0.0436459556221962
best250_vs_phase2w	832	50	46	46	0	92.0	92.0	-0.0072476607747375965	-0.043656691908836365
best250_vs_phase2w	521	50	44	44	0	88.0	88.0	-0.007245305925607681	-0.04062332957983017
best250_vs_phase2w	150	50	47	47	0	94.0	94.0	-0.007102857809513807	-0.0645986944437027
best250_vs_phase2w	881	50	42	42	0	84.0	84.0	-0.007100334390997887	-0.006569004151970148
best250_vs_phase2w	497	50	36	36	0	72.0	72.0	-0.007078275550156832	-0.013314571231603622
best250_vs_phase2w	517	50	42	42	0	84.0	84.0	-0.007015010342001915	0.03386804461479187
best250_vs_phase2w	980	50	44	44	0	88.0	88.0	-0.006952621974050999	-0.033837661147117615
best250_vs_phase2w	800	50	47	47	0	94.0	94.0	-0.006776554509997368	-0.08082740008831024
best250_vs_phase2w	561	50	47	47	0	94.0	94.0	-0.006719586905092001	-0.04020944610238075
best250_vs_phase2w	974	50	48	48	0	96.0	96.0	-0.006501548457890749	-0.029195336624979973
best250_vs_phase2w	777	50	43	43	0	86.0	86.0	-0.006485730409622192	-0.07232539355754852
best250_vs_phase2w	940	50	46	46	0	92.0	92.0	-0.0063543315045535564	-0.03445703536272049
best250_vs_phase2w	552	50	45	45	0	90.0	90.0	-0.00629854341968894	-0.029454879462718964
best250_vs_phase2w	461	50	27	27	0	54.0	54.0	-0.006284734699875116	-0.02322608046233654
best250_vs_phase2w	471	50	45	45	0	90.0	90.0	-0.006245903205126524	-0.11149528622627258
best250_vs_phase2w	625	50	47	47	0	94.0	94.0	-0.0061950827948749065	0.006746435072273016
best250_vs_phase2w	829	50	46	46	0	92.0	92.0	-0.006139386910945177	-0.037202492356300354
best250_vs_phase2w	920	50	41	41	0	82.0	82.0	-0.006100791040807962	-0.033472079783678055
best250_vs_phase2w	571	50	46	46	0	92.0	92.0	-0.005955117754638195	-0.05401613190770149
best250_vs_phase2w	247	50	47	47	0	94.0	94.0	-0.005870791617780924	-0.05621492490172386
best250_vs_phase2w	874	50	50	50	0	100.0	100.0	-0.005688787903636694	-0.029190540313720703
best250_vs_phase2w	954	50	45	45	0	90.0	90.0	-0.005583742167800665	-0.012688103131949902
best250_vs_phase2w	648	50	33	33	0	66.0	66.0	-0.005527452100068331	-0.05500352010130882
best250_vs_phase2w	597	50	37	37	0	74.0	74.0	-0.005505159962922335	-0.06482566893100739
best250_vs_phase2w	549	50	30	30	0	60.0	60.0	-0.0054019903764128685	-0.004570426885038614
best250_vs_phase2w	169	50	49	49	0	98.0	98.0	-0.005329902283847332	-0.029895057901740074
best250_vs_phase2w	952	50	46	46	0	92.0	92.0	-0.005314332898706198	-0.01808776892721653
best250_vs_phase2w	883	50	27	27	0	54.0	54.0	-0.005312460474669933	-0.12217099964618683
best250_vs_phase2w	806	50	34	34	0	68.0	68.0	-0.005213884636759758	-0.05968201532959938
best250_vs_phase2w	581	50	41	41	0	82.0	82.0	-0.005160536151379347	-0.015379514545202255
best250_vs_phase2w	15	50	48	48	0	96.0	96.0	-0.005153998266905546	-0.012606334872543812
best250_vs_phase2w	131	50	43	43	0	86.0	86.0	-0.005089728627353907	-0.030781030654907227
best250_vs_phase2w	86	50	44	44	0	88.0	88.0	-0.005085468757897615	-0.03508642315864563
best250_vs_phase2w	373	50	41	41	0	82.0	82.0	-0.005061378702521324	-0.04997267574071884
best250_vs_phase2w	941	50	40	40	0	80.0	80.0	-0.004996916279196739	0.02053878828883171
best250_vs_phase2w	460	50	36	36	0	72.0	72.0	-0.004991511348634958	-0.005319547839462757
best250_vs_phase2w	991	50	49	49	0	98.0	98.0	-0.004958436358720064	-0.042500000447034836
best250_vs_phase2w	82	50	43	43	0	86.0	86.0	-0.004943752195686102	0.022618504241108894
best250_vs_phase2w	137	50	43	43	0	86.0	86.0	-0.004940136801451445	-0.010641098022460938
best250_vs_phase2w	658	50	36	36	0	72.0	72.0	-0.004876637365669012	-0.02632169798016548
best250_vs_phase2w	855	50	38	38	0	76.0	76.0	-0.00486182514578104	-0.03888777643442154
best250_vs_phase2w	783	50	49	49	0	98.0	98.0	-0.004825587850064039	-0.00976356491446495
best250_vs_phase2w	40	50	32	32	0	64.0	64.0	-0.004756613168865442	-0.024374989792704582
best250_vs_phase2w	575	50	42	42	0	84.0	84.0	-0.004750033840537071	-0.07464316487312317
best250_vs_phase2w	724	50	42	42	0	84.0	84.0	-0.004598944913595915	-0.03254100680351257
best250_vs_phase2w	484	50	34	34	0	68.0	68.0	-0.00436745397746563	-0.006102132610976696
best250_vs_phase2w	295	50	45	45	0	90.0	90.0	-0.004358387086540461	0.02013683319091797
best250_vs_phase2w	773	50	34	34	0	68.0	68.0	-0.004335079342126846	-0.04371919482946396
best250_vs_phase2w	45	50	43	43	0	86.0	86.0	-0.0043069650419056416	0.013261061161756516
best250_vs_phase2w	215	50	49	49	0	98.0	98.0	-0.004294196143746376	0.011371889151632786
best250_vs_phase2w	628	50	47	47	0	94.0	94.0	-0.004233806859701872	-0.023145942017436028
best250_vs_phase2w	144	50	48	48	0	96.0	96.0	-0.004214406479150057	-0.032364245504140854
best250_vs_phase2w	344	50	49	49	0	98.0	98.0	-0.004182118456810713	-0.03491588681936264
best250_vs_phase2w	251	50	49	49	0	98.0	98.0	-0.004102848004549742	-0.05298200622200966
best250_vs_phase2w	119	50	38	38	0	76.0	76.0	-0.004082927014678717	-0.07538729906082153
best250_vs_phase2w	847	50	39	39	0	78.0	78.0	-0.004061332903802395	-0.018913736566901207
best250_vs_phase2w	277	50	34	34	0	68.0	68.0	-0.004053134471178055	0.01821674406528473
best250_vs_phase2w	900	50	48	48	0	96.0	96.0	-0.003917044494301081	-0.014254541136324406
best250_vs_phase2w	273	50	40	40	0	80.0	80.0	-0.003867006627842784	-0.032868776470422745
best250_vs_phase2w	514	50	38	38	0	76.0	76.0	-0.0038595222868025303	-0.00785805657505989
best250_vs_phase2w	170	50	35	35	0	70.0	70.0	-0.0038015274330973625	-0.06045980378985405
best250_vs_phase2w	320	50	45	45	0	90.0	90.0	-0.0037141270004212856	-0.020625000819563866
best250_vs_phase2w	902	50	42	42	0	84.0	84.0	-0.0036944840103387833	-0.0021678924094885588
best250_vs_phase2w	771	50	45	45	0	90.0	90.0	-0.0036148286890238523	-0.05680463835597038
best250_vs_phase2w	396	50	48	48	0	96.0	96.0	-0.00356883998028934	-0.028579730540513992
best250_vs_phase2w	475	50	47	47	0	94.0	94.0	-0.0035619514528661966	0.008245926350355148
best250_vs_phase2w	886	50	47	47	0	94.0	94.0	-0.0035340809263288975	-0.04229150712490082
best250_vs_phase2w	752	50	42	42	0	84.0	84.0	-0.003517172299325466	-0.01200794242322445
best250_vs_phase2w	350	50	48	48	0	96.0	96.0	-0.003452820237725973	0.013166818767786026
best250_vs_phase2w	934	50	46	46	0	92.0	92.0	-0.0032763583585619926	-0.016800345852971077
best250_vs_phase2w	456	50	41	41	0	82.0	82.0	-0.0032578930258750916	-0.02506057731807232
best250_vs_phase2w	601	50	39	39	0	78.0	78.0	-0.003245650790631771	-0.04933176934719086
best250_vs_phase2w	267	50	43	43	0	86.0	86.0	-0.003240748308598995	0.0010267257457599044
best250_vs_phase2w	221	50	45	45	0	90.0	90.0	-0.003238071221858263	-0.0032271479722112417
best250_vs_phase2w	538	50	39	39	0	78.0	78.0	-0.00320562906563282	-0.06027005985379219
best250_vs_phase2w	318	50	43	43	0	86.0	86.0	-0.0031969540286809206	0.022525377571582794
best250_vs_phase2w	957	50	47	47	0	94.0	94.0	-0.003132353536784649	-0.022136449813842773
best250_vs_phase2w	745	50	36	36	0	72.0	72.0	-0.0031238833907991648	-0.09182783961296082
best250_vs_phase2w	429	50	42	42	0	84.0	84.0	-0.003120455192402005	-0.0053028203547000885
best250_vs_phase2w	212	50	45	45	0	90.0	90.0	-0.003009338164702058	-0.022031145170331
best250_vs_phase2w	860	50	23	23	0	46.0	46.0	-0.0030056184623390436	-0.07318445295095444
best250_vs_phase2w	369	50	41	41	0	82.0	82.0	-0.0029751532711088657	-0.04529893025755882
best250_vs_phase2w	518	50	48	48	0	96.0	96.0	-0.002931541297584772	-0.01721765473484993
best250_vs_phase2w	734	50	44	44	0	88.0	88.0	-0.0028918790630996227	0.007245921995490789
best250_vs_phase2w	397	50	46	46	0	92.0	92.0	-0.002800830639898777	-0.015362109988927841
best250_vs_phase2w	450	50	48	48	0	96.0	96.0	-0.002785732503980398	-0.04919233173131943
best250_vs_phase2w	340	50	48	48	0	96.0	96.0	-0.0027537099085748196	-0.029746104031801224
best250_vs_phase2w	228	50	46	46	0	92.0	92.0	-0.0027222551871091127	-0.05689637362957001
best250_vs_phase2w	539	50	39	39	0	78.0	78.0	-0.0026694268453866243	0.0008430004236288369
best250_vs_phase2w	812	50	48	48	0	96.0	96.0	-0.0026518029626458883	-0.05838751792907715
best250_vs_phase2w	816	50	48	48	0	96.0	96.0	-0.0026054317131638527	-0.07772517949342728
best250_vs_phase2w	37	50	45	45	0	90.0	90.0	-0.0025514450389891863	-0.022083483636379242
best250_vs_phase2w	143	50	49	49	0	98.0	98.0	-0.0025494673755019903	-0.021276483312249184
best250_vs_phase2w	599	50	40	40	0	80.0	80.0	-0.002538342261686921	0.018595857545733452
best250_vs_phase2w	255	50	50	50	0	100.0	100.0	-0.0024800586979836226	0.01832893304526806
best250_vs_phase2w	219	50	43	43	0	86.0	86.0	-0.002479693852365017	-0.022049302235245705
best250_vs_phase2w	392	50	49	49	0	98.0	98.0	-0.0024099356960505247	-0.026836032047867775
best250_vs_phase2w	19	50	50	50	0	100.0	100.0	-0.002371683018282056	-0.02636159025132656
best250_vs_phase2w	419	50	43	43	0	86.0	86.0	-0.0022718673571944237	-0.05554882064461708
best250_vs_phase2w	569	50	48	48	0	96.0	96.0	-0.002216358669102192	-0.072144515812397
best250_vs_phase2w	387	50	47	47	0	94.0	94.0	-0.002195492386817932	-0.03550577163696289
best250_vs_phase2w	711	50	38	38	0	76.0	76.0	-0.002173725748434663	-0.0013522339286282659
best250_vs_phase2w	105	50	46	46	0	92.0	92.0	-0.0021185874938964844	0.03719715029001236
best250_vs_phase2w	434	50	30	30	0	60.0	60.0	-0.002102453028783202	0.004842896480113268
best250_vs_phase2w	590	50	27	27	0	54.0	54.0	-0.002089020097628236	0.017256993800401688
best250_vs_phase2w	89	50	49	49	0	98.0	98.0	-0.0020614711102098227	0.006223335396498442
best250_vs_phase2w	156	50	47	47	0	94.0	94.0	-0.0020481706596910954	0.01588616333901882
best250_vs_phase2w	194	50	42	42	0	84.0	84.0	-0.002025797264650464	-0.026919327676296234
best250_vs_phase2w	770	50	42	42	0	84.0	84.0	-0.002016053767874837	-0.02481006644666195
best250_vs_phase2w	388	50	47	47	0	94.0	94.0	-0.0020046541467309	-0.030052080750465393
best250_vs_phase2w	96	50	46	46	0	92.0	92.0	-0.001853428315371275	-0.0357901006937027
best250_vs_phase2w	148	50	50	50	0	100.0	100.0	-0.001851844834163785	-0.019772863015532494
best250_vs_phase2w	965	50	43	43	0	86.0	86.0	-0.0018427282338961959	0.0582871250808239
best250_vs_phase2w	955	50	49	49	0	98.0	98.0	-0.001842472585849464	-0.016140442341566086
best250_vs_phase2w	309	50	43	43	0	86.0	86.0	-0.0018300330266356468	-0.04018480330705643
best250_vs_phase2w	11	50	49	49	0	98.0	98.0	-0.001827946281991899	-0.022412290796637535
best250_vs_phase2w	133	50	48	48	0	96.0	96.0	-0.0018016737885773182	0.05949448421597481
best250_vs_phase2w	401	50	45	45	0	90.0	90.0	-0.0017814418533816934	-0.0012101554311811924
best250_vs_phase2w	79	50	43	43	0	86.0	86.0	-0.0017690786626189947	-0.013152151368558407
best250_vs_phase2w	141	50	46	46	0	92.0	92.0	-0.0016507761320099235	0.016406117007136345
best250_vs_phase2w	342	50	45	45	0	90.0	90.0	-0.0016450346447527409	0.004158439580351114
best250_vs_phase2w	687	50	45	45	0	90.0	90.0	-0.0016149267321452498	-0.005908832419663668
best250_vs_phase2w	104	50	45	45	0	90.0	90.0	-0.0016071186400949955	0.039989374577999115
best250_vs_phase2w	345	50	32	32	0	64.0	64.0	-0.0016065328381955624	-0.05097310245037079
best250_vs_phase2w	766	50	44	44	0	88.0	88.0	-0.0015918305143713951	-0.044794607907533646
best250_vs_phase2w	932	50	42	42	0	84.0	84.0	-0.0015236278995871544	0.016480540856719017
best250_vs_phase2w	310	50	40	40	0	80.0	80.0	-0.001507322769612074	-0.03396877273917198
best250_vs_phase2w	531	50	30	30	0	60.0	60.0	-0.0014341255882754922	-0.010193080641329288
best250_vs_phase2w	478	50	29	29	0	58.0	58.0	-0.0014225837076082826	-0.055462636053562164
best250_vs_phase2w	726	50	46	46	0	92.0	92.0	-0.0014009160222485662	0.040798261761665344
best250_vs_phase2w	452	50	38	38	0	76.0	76.0	-0.001394116086885333	0.09603122621774673
best250_vs_phase2w	123	50	43	43	0	86.0	86.0	-0.0013875241857022047	0.008082776330411434
best250_vs_phase2w	737	50	34	34	0	68.0	68.0	-0.0013409756356850266	-0.021740607917308807
best250_vs_phase2w	447	50	33	33	0	66.0	66.0	-0.0013384497724473476	0.06548111140727997
best250_vs_phase2w	402	50	31	31	0	62.0	62.0	-0.001289280829951167	-0.029871176928281784
best250_vs_phase2w	85	50	47	47	0	94.0	94.0	-0.0012556941946968436	0.01995999366044998
best250_vs_phase2w	98	50	47	47	0	94.0	94.0	-0.0012488099746406078	0.061928778886795044
best250_vs_phase2w	14	50	49	49	0	98.0	98.0	-0.0012200523633509874	-0.004641856998205185
best250_vs_phase2w	372	50	47	47	0	94.0	94.0	-0.0012109740637242794	0.01404279749840498
best250_vs_phase2w	292	50	48	48	0	96.0	96.0	-0.0012055381666868925	-0.035170480608940125
best250_vs_phase2w	493	50	15	15	0	30.0	30.0	-0.001190007897093892	-0.02321632392704487
best250_vs_phase2w	496	50	47	47	0	94.0	94.0	-0.0011845567496493459	0.019588060677051544
best250_vs_phase2w	284	50	48	48	0	96.0	96.0	-0.001077021355740726	-0.027221612632274628
best250_vs_phase2w	31	50	46	46	0	92.0	92.0	-0.0010561143280938268	-0.045812465250492096
best250_vs_phase2w	528	50	48	48	0	96.0	96.0	-0.001042319810949266	-0.03968749940395355
best250_vs_phase2w	574	50	47	47	0	94.0	94.0	-0.0009844005107879639	-0.02164345793426037
best250_vs_phase2w	220	50	36	36	0	72.0	72.0	-0.0009816921083256602	-0.016192426905035973
best250_vs_phase2w	943	50	37	37	0	74.0	74.0	-0.000881220621522516	0.03309278562664986
best250_vs_phase2w	899	50	17	17	0	34.0	34.0	-0.000758312875404954	-0.005535411648452282
best250_vs_phase2w	430	50	49	49	0	98.0	98.0	-0.0007175889331847429	-0.03252642601728439
best250_vs_phase2w	191	50	44	44	0	88.0	88.0	-0.0007096946355886757	-0.017422284930944443
best250_vs_phase2w	901	50	34	34	0	68.0	68.0	-0.0007006762898527086	0.019936751574277878
best250_vs_phase2w	362	50	44	44	0	88.0	88.0	-0.000631092581897974	-0.016406260430812836
best250_vs_phase2w	735	50	34	34	0	68.0	68.0	-0.0005759462947025895	-0.028096064925193787
best250_vs_phase2w	897	50	45	45	0	90.0	90.0	-0.000549753662198782	-0.04303790256381035
best250_vs_phase2w	776	50	37	37	0	74.0	74.0	-0.0004977059434168041	0.019777031615376472
best250_vs_phase2w	92	50	49	49	0	98.0	98.0	-0.0004960680962540209	-0.06728996336460114
best250_vs_phase2w	462	50	37	37	0	74.0	74.0	-0.00028525679954327643	-0.01512518897652626
best250_vs_phase2w	114	50	42	42	0	84.0	84.0	-0.0002500095870345831	-0.02249167487025261
best250_vs_phase2w	99	50	44	44	0	88.0	88.0	-0.0002358618366997689	0.09142506867647171
best250_vs_phase2w	610	50	45	45	0	90.0	90.0	-0.00020985469745937735	0.007796039804816246
best250_vs_phase2w	998	50	25	25	0	50.0	50.0	-0.0001708126801531762	0.03348039463162422
best250_vs_phase2w	333	50	50	50	0	100.0	100.0	-0.0001668047916609794	-0.04029102250933647
best250_vs_phase2w	565	50	50	50	0	100.0	100.0	-0.0001412892306689173	-0.01609417051076889
best250_vs_phase2w	947	50	21	21	0	42.0	42.0	-0.00013435892469715327	0.006562509573996067
best250_vs_phase2w	41	50	47	47	0	94.0	94.0	-0.000128039566334337	0.018729181960225105
best250_vs_phase2w	677	50	36	36	0	72.0	72.0	-0.00012187898391857743	0.00211022375151515
best250_vs_phase2w	426	50	45	45	0	90.0	90.0	-0.00010308549099136144	-0.01691853441298008
best250_vs_phase2w	302	50	35	35	0	70.0	70.0	-8.703053026692942e-05	-0.008497076109051704
best250_vs_phase2w	550	50	40	40	0	80.0	80.0	-7.333308167289943e-05	0.053339529782533646
best250_vs_phase2w	547	50	46	46	0	92.0	92.0	3.3063068258343264e-05	-0.011875019408762455
best250_vs_phase2w	992	50	43	43	0	86.0	86.0	0.00017677192226983607	-0.014675435610115528
best250_vs_phase2w	939	50	42	42	0	84.0	84.0	0.0001848166430136189	0.00651145912706852
best250_vs_phase2w	304	50	36	36	0	72.0	72.0	0.00029247612110339105	-0.025870027020573616
best250_vs_phase2w	209	50	48	48	0	96.0	96.0	0.00029887244454585016	-0.021433142945170403
best250_vs_phase2w	305	50	44	44	0	88.0	88.0	0.00030767335556447506	-0.051665835082530975
best250_vs_phase2w	835	50	42	42	0	84.0	84.0	0.00031858429429121315	0.09474574774503708
best250_vs_phase2w	287	50	38	38	0	76.0	76.0	0.0003256627533119172	-0.007612790912389755
best250_vs_phase2w	94	50	48	48	0	96.0	96.0	0.00036259263288229704	-0.03450328856706619
best250_vs_phase2w	685	50	48	48	0	96.0	96.0	0.00048798092757351696	0.02304784767329693
best250_vs_phase2w	35	50	34	34	0	68.0	68.0	0.0005048775929026306	0.004637813661247492
best250_vs_phase2w	226	50	31	31	0	62.0	62.0	0.000522490416187793	-0.01746215857565403
best250_vs_phase2w	330	50	40	40	0	80.0	80.0	0.0005502420826815069	-0.0162642952054739
best250_vs_phase2w	22	50	50	50	0	100.0	100.0	0.000645400898065418	0.041911352425813675
best250_vs_phase2w	753	50	41	41	0	82.0	82.0	0.0006930037052370608	0.042146310210227966
best250_vs_phase2w	100	50	49	49	0	98.0	98.0	0.0007161842077039182	0.004788045771420002
best250_vs_phase2w	268	50	46	46	0	92.0	92.0	0.0007594740600325167	0.010088234208524227
best250_vs_phase2w	443	50	37	37	0	74.0	74.0	0.0007658717804588377	0.022851724177598953
best250_vs_phase2w	26	50	31	31	0	62.0	62.0	0.0007916952599771321	0.04075589030981064
best250_vs_phase2w	80	50	44	44	0	88.0	88.0	0.0008044946007430553	0.023493042215704918
best250_vs_phase2w	346	50	45	45	0	90.0	90.0	0.0008853684412315488	0.048047445714473724
best250_vs_phase2w	48	50	48	48	0	96.0	96.0	0.0008965477463789284	0.06167389079928398
best250_vs_phase2w	863	50	48	48	0	96.0	96.0	0.0009268322610296309	-0.013125019147992134
best250_vs_phase2w	398	50	43	43	0	86.0	86.0	0.0010528855491429567	-0.0150460721924901
best250_vs_phase2w	566	50	41	41	0	82.0	82.0	0.0010766343912109733	0.01644417829811573
best250_vs_phase2w	451	50	42	42	0	84.0	84.0	0.0011508227325975895	0.04643378406763077
best250_vs_phase2w	477	50	38	38	0	76.0	76.0	0.0011751470156013966	-0.052154283970594406
best250_vs_phase2w	6	50	46	46	0	92.0	92.0	0.0012301006354391575	0.05964185670018196
best250_vs_phase2w	275	50	50	50	0	100.0	100.0	0.001230336376465857	0.034687500447034836
best250_vs_phase2w	332	50	50	50	0	100.0	100.0	0.001256317482329905	0.031140513718128204
best250_vs_phase2w	605	50	43	43	0	86.0	86.0	0.0012783380225300789	-0.01888369582593441
best250_vs_phase2w	986	50	50	50	0	100.0	100.0	0.0012817895039916039	0.02363756112754345
best250_vs_phase2w	491	50	49	49	0	98.0	98.0	0.0013037436874583364	-0.07212747633457184
best250_vs_phase2w	300	50	48	48	0	96.0	96.0	0.0013390907552093267	-0.0085019301623106
best250_vs_phase2w	663	50	34	34	0	68.0	68.0	0.0013429403770714998	0.00712819118052721
best250_vs_phase2w	545	50	44	44	0	88.0	88.0	0.0013723992742598057	-0.034612178802490234
best250_vs_phase2w	317	50	46	46	0	92.0	92.0	0.001390825374983251	-0.01451047882437706
best250_vs_phase2w	10	50	48	48	0	96.0	96.0	0.001401830348186195	0.022442998364567757
best250_vs_phase2w	838	50	26	26	0	52.0	52.0	0.00140996347181499	0.050938185304403305
best250_vs_phase2w	913	50	48	48	0	96.0	96.0	0.0014208900975063443	0.03682921454310417
best250_vs_phase2w	399	50	44	44	0	88.0	88.0	0.0014873860636726022	0.010230693966150284
best250_vs_phase2w	982	50	41	41	0	82.0	82.0	0.001654759980738163	0.01889052428305149
best250_vs_phase2w	356	50	22	22	0	44.0	44.0	0.001705839647911489	0.0033204650972038507
best250_vs_phase2w	88	50	49	49	0	98.0	98.0	0.0017257030121982098	-0.021751489490270615
best250_vs_phase2w	948	50	47	47	0	94.0	94.0	0.00173617631662637	0.012855472974479198
best250_vs_phase2w	701	50	48	48	0	96.0	96.0	0.001750150346197188	0.036698903888463974
best250_vs_phase2w	190	50	45	45	0	90.0	90.0	0.001759844133630395	0.0276542566716671
best250_vs_phase2w	693	50	40	40	0	80.0	80.0	0.0017716657603159547	0.06618449836969376
best250_vs_phase2w	252	50	44	44	0	88.0	88.0	0.0017944553401321173	-0.0011316585587337613
best250_vs_phase2w	274	50	47	47	0	94.0	94.0	0.0018493212992325425	0.058391742408275604
best250_vs_phase2w	479	50	22	22	0	44.0	44.0	0.0018508557695895433	-0.04216316342353821
best250_vs_phase2w	324	50	48	48	0	96.0	96.0	0.001878581359051168	0.06273354589939117
best250_vs_phase2w	261	50	48	48	0	96.0	96.0	0.001898207701742649	0.016437597572803497
best250_vs_phase2w	440	50	42	42	0	84.0	84.0	0.0019533231388777494	0.010135612450540066
best250_vs_phase2w	606	50	47	47	0	94.0	94.0	0.001959320390596986	0.030026674270629883
best250_vs_phase2w	485	50	35	35	0	70.0	70.0	0.001962580718100071	-0.025374222546815872
best250_vs_phase2w	645	50	50	50	0	100.0	100.0	0.0019648682791739702	-0.007700243033468723
best250_vs_phase2w	968	50	25	25	0	50.0	50.0	0.0020238503348082304	0.07130922377109528
best250_vs_phase2w	246	50	41	41	0	82.0	82.0	0.002041029976680875	-0.028542079031467438
best250_vs_phase2w	444	50	44	44	0	88.0	88.0	0.0020804451778531075	0.032870568335056305
best250_vs_phase2w	116	50	45	45	0	90.0	90.0	0.0021279652137309313	0.029729118570685387
best250_vs_phase2w	564	50	44	44	0	88.0	88.0	0.002194748492911458	-0.012812605127692223
best250_vs_phase2w	78	50	39	39	0	78.0	78.0	0.002197450492531061	-0.012724743224680424
best250_vs_phase2w	696	50	41	41	0	82.0	82.0	0.0022270171903073788	0.04974287003278732
best250_vs_phase2w	425	50	47	47	0	94.0	94.0	0.002254169899970293	0.03493276610970497
best250_vs_phase2w	185	50	34	34	0	68.0	68.0	0.0023050825111567974	-0.023821478709578514
best250_vs_phase2w	867	50	45	45	0	90.0	90.0	0.002314824378117919	0.011388082057237625
best250_vs_phase2w	937	50	46	46	0	92.0	92.0	0.0023474819026887417	0.03218669816851616
best250_vs_phase2w	532	50	41	41	0	82.0	82.0	0.00239187921397388	0.004614744335412979
best250_vs_phase2w	174	50	45	45	0	90.0	90.0	0.002435504924505949	0.018102694302797318
best250_vs_phase2w	958	50	47	47	0	94.0	94.0	0.002460280666127801	0.0241907499730587
best250_vs_phase2w	959	50	45	45	0	90.0	90.0	0.0024602848570793867	-0.03498728573322296
best250_vs_phase2w	368	50	41	41	0	82.0	82.0	0.0024682963266968727	0.011102523654699326
best250_vs_phase2w	692	50	30	30	0	60.0	60.0	0.0025807940401136875	0.006956920493394136
best250_vs_phase2w	482	50	13	13	0	26.0	26.0	0.002602902241051197	-0.022343987599015236
best250_vs_phase2w	72	50	48	48	0	96.0	96.0	0.0026115798391401768	-0.00024501801817677915
best250_vs_phase2w	389	50	43	43	0	86.0	86.0	0.0026393928565084934	0.011806650087237358
best250_vs_phase2w	127	50	46	46	0	92.0	92.0	0.002660233061760664	0.05663001909852028
best250_vs_phase2w	230	50	42	42	0	84.0	84.0	0.0027047840412706137	-0.04736504703760147
best250_vs_phase2w	18	50	48	48	0	96.0	96.0	0.002710586879402399	0.06513385474681854
best250_vs_phase2w	713	50	48	48	0	96.0	96.0	0.002757414011284709	-0.047348517924547195
best250_vs_phase2w	495	50	44	44	0	88.0	88.0	0.002830151002854109	0.0060749053955078125
best250_vs_phase2w	791	50	42	42	0	84.0	84.0	0.0028508505783975124	-0.01017788890749216
best250_vs_phase2w	145	50	49	49	0	98.0	98.0	0.0028796005062758923	0.024390334263443947
best250_vs_phase2w	130	50	49	49	0	98.0	98.0	0.0029145502485334873	0.020983152091503143
best250_vs_phase2w	488	50	17	17	0	34.0	34.0	0.00293086189776659	0.014555130153894424
best250_vs_phase2w	995	50	50	50	0	100.0	100.0	0.0029520774260163307	0.007839641533792019
best250_vs_phase2w	223	50	45	45	0	90.0	90.0	0.002964130835607648	-0.009267616085708141
best250_vs_phase2w	613	50	47	47	0	94.0	94.0	0.0030281536746770144	-0.01988811418414116
best250_vs_phase2w	562	50	47	47	0	94.0	94.0	0.0030410916078835726	0.04085655137896538
best250_vs_phase2w	708	50	31	31	0	62.0	62.0	0.003049732418730855	0.019250040873885155
best250_vs_phase2w	535	50	49	49	0	98.0	98.0	0.00306255673058331	-0.01928778737783432
best250_vs_phase2w	297	50	38	38	0	76.0	76.0	0.0030692655127495527	0.025518178939819336
best250_vs_phase2w	700	50	41	41	0	82.0	82.0	0.0031673472840338945	0.0012867068871855736
best250_vs_phase2w	746	50	46	46	0	92.0	92.0	0.003169993171468377	-0.033058300614356995
best250_vs_phase2w	248	50	27	27	0	54.0	54.0	0.00319985905662179	-0.0009651470463722944
best250_vs_phase2w	117	50	45	45	0	90.0	90.0	0.003211145056411624	-0.028973683714866638
best250_vs_phase2w	28	50	47	47	0	94.0	94.0	0.003255651332437992	0.031925275921821594
best250_vs_phase2w	281	50	38	38	0	76.0	76.0	0.0032783232163637877	-0.027653560042381287
best250_vs_phase2w	7	50	38	38	0	76.0	76.0	0.0032925247214734554	0.0026185130700469017
best250_vs_phase2w	355	50	48	48	0	96.0	96.0	0.003331067506223917	0.12604428827762604
best250_vs_phase2w	325	50	49	49	0	98.0	98.0	0.003340349765494466	-0.029374999925494194
best250_vs_phase2w	572	50	36	36	0	72.0	72.0	0.0034477426670491695	-0.0007539939833804965
best250_vs_phase2w	322	50	47	47	0	94.0	94.0	0.003505212953314185	-0.009160032495856285
best250_vs_phase2w	60	50	26	26	0	52.0	52.0	0.0035528000444173813	-0.03581234812736511
best250_vs_phase2w	152	50	42	42	0	84.0	84.0	0.003597126342356205	0.05216081440448761
best250_vs_phase2w	203	50	47	47	0	94.0	94.0	0.003598026931285858	0.024981947615742683
best250_vs_phase2w	87	50	49	49	0	98.0	98.0	0.0036246308591216803	0.04174310714006424
best250_vs_phase2w	113	50	44	44	0	88.0	88.0	0.0037503703497350216	0.014576387591660023
best250_vs_phase2w	675	50	29	29	0	58.0	58.0	0.0037550318520516157	0.03336971253156662
best250_vs_phase2w	197	50	43	43	0	86.0	86.0	0.003816933138296008	0.057924557477235794
best250_vs_phase2w	854	50	44	44	0	88.0	88.0	0.0038173324428498745	0.018997278064489365
best250_vs_phase2w	993	50	49	49	0	98.0	98.0	0.0038392681162804365	0.03295125067234039
best250_vs_phase2w	950	50	39	39	0	78.0	78.0	0.003839924233034253	0.0049112699925899506
best250_vs_phase2w	918	50	45	45	0	90.0	90.0	0.0038420611526817083	0.006090965121984482
best250_vs_phase2w	237	50	42	42	0	84.0	84.0	0.0038769470993429422	-0.05795242264866829
best250_vs_phase2w	647	50	44	44	0	88.0	88.0	0.0038950536400079727	-0.01098367664963007
best250_vs_phase2w	234	50	46	46	0	92.0	92.0	0.003918709699064493	0.021767405793070793
best250_vs_phase2w	684	50	45	45	0	90.0	90.0	0.0040071094408631325	0.05362698435783386
best250_vs_phase2w	262	50	49	49	0	98.0	98.0	0.004015445243567228	0.001628551515750587
best250_vs_phase2w	177	50	45	45	0	90.0	90.0	0.004035257268697023	0.027034558355808258
best250_vs_phase2w	699	50	42	42	0	84.0	84.0	0.004044819623231888	0.06158345192670822
best250_vs_phase2w	8	50	45	45	0	90.0	90.0	0.004048206377774477	0.013510103337466717
best250_vs_phase2w	384	50	47	47	0	94.0	94.0	0.004058039281517267	0.051616888493299484
best250_vs_phase2w	243	50	43	43	0	86.0	86.0	0.004132329486310482	0.017660904675722122
best250_vs_phase2w	71	50	47	47	0	94.0	94.0	0.004138550255447626	0.02185206487774849
best250_vs_phase2w	911	50	22	22	0	44.0	44.0	0.004157867282629013	-0.031242065131664276
best250_vs_phase2w	871	50	43	43	0	86.0	86.0	0.004203182645142078	-0.00032561301486566663
best250_vs_phase2w	196	50	36	36	0	72.0	72.0	0.004206191282719374	-0.03462958335876465
best250_vs_phase2w	795	50	43	43	0	86.0	86.0	0.004214596003293991	-0.0003157806349918246
best250_vs_phase2w	688	50	47	47	0	94.0	94.0	0.004267311189323664	0.008510866202414036
best250_vs_phase2w	944	50	44	44	0	88.0	88.0	0.004272596910595894	0.00536561943590641
best250_vs_phase2w	448	50	46	46	0	92.0	92.0	0.0042938669212162495	0.021425295621156693
best250_vs_phase2w	393	50	48	48	0	96.0	96.0	0.004359509330242872	0.04841272532939911
best250_vs_phase2w	476	50	49	49	0	98.0	98.0	0.004375508055090904	0.01840066909790039
best250_vs_phase2w	181	50	47	47	0	94.0	94.0	0.004405384883284569	0.06900925934314728
best250_vs_phase2w	642	50	44	44	0	88.0	88.0	0.004407316446304321	0.01937323622405529
best250_vs_phase2w	743	50	37	37	0	74.0	74.0	0.004415102768689394	0.062227390706539154
best250_vs_phase2w	560	50	48	48	0	96.0	96.0	0.004423393867909908	0.025680847465991974
best250_vs_phase2w	778	50	40	40	0	80.0	80.0	0.004465391393750906	0.06347929686307907
best250_vs_phase2w	110	50	45	45	0	90.0	90.0	0.004511386621743441	0.00031248093000613153
best250_vs_phase2w	975	50	32	32	0	64.0	64.0	0.00451378058642149	-0.04510842263698578
best250_vs_phase2w	942	50	41	41	0	82.0	82.0	0.0045194244012236595	0.0014973353827372193
best250_vs_phase2w	73	50	24	24	0	48.0	48.0	0.004529413767158985	0.0006046771886758506
best250_vs_phase2w	216	50	48	48	0	96.0	96.0	0.004542163107544184	0.047449491918087006
best250_vs_phase2w	815	50	36	36	0	72.0	72.0	0.004578732419759035	0.016246844083070755
best250_vs_phase2w	329	50	39	39	0	78.0	78.0	0.004593873396515846	0.04361210763454437
best250_vs_phase2w	139	50	50	50	0	100.0	100.0	0.004606238100677729	0.03136450797319412
best250_vs_phase2w	391	50	42	42	0	84.0	84.0	0.0046658287756145	0.09663919359445572
best250_vs_phase2w	420	50	49	49	0	98.0	98.0	0.004695656709372997	0.07469143718481064
best250_vs_phase2w	973	50	38	38	0	76.0	76.0	0.004756355658173561	0.0026980401016771793
best250_vs_phase2w	13	50	50	50	0	100.0	100.0	0.004768713843077421	0.012731160968542099
best250_vs_phase2w	508	50	39	39	0	78.0	78.0	0.004773529712110758	-0.02326425537467003
best250_vs_phase2w	260	50	45	45	0	90.0	90.0	0.004799791611731052	0.023577546700835228
best250_vs_phase2w	259	50	48	48	0	96.0	96.0	0.00487655121833086	0.008867263793945312
best250_vs_phase2w	308	50	44	44	0	88.0	88.0	0.00501950504258275	0.07065470516681671
best250_vs_phase2w	929	50	42	42	0	84.0	84.0	0.0050236983224749565	0.024372901767492294
best250_vs_phase2w	291	50	50	50	0	100.0	100.0	0.005097243934869766	0.01921646110713482
best250_vs_phase2w	25	50	49	49	0	98.0	98.0	0.005120614543557167	-0.0021875095553696156
best250_vs_phase2w	989	50	50	50	0	100.0	100.0	0.005166155751794577	0.009043511934578419
best250_vs_phase2w	788	50	47	47	0	94.0	94.0	0.005176232662051916	0.030485840514302254
best250_vs_phase2w	163	50	29	29	0	58.0	58.0	0.005229202099144459	0.020863456651568413
best250_vs_phase2w	95	50	48	48	0	96.0	96.0	0.005231616552919149	0.02187664993107319
best250_vs_phase2w	499	50	26	26	0	52.0	52.0	0.005243357270956039	0.044751834124326706
best250_vs_phase2w	744	50	19	19	0	38.0	38.0	0.005289523396641016	0.033151283860206604
best250_vs_phase2w	680	50	41	41	0	82.0	82.0	0.005351388826966286	0.04697975143790245
best250_vs_phase2w	236	50	40	40	0	80.0	80.0	0.005432158708572388	-0.008944978937506676
best250_vs_phase2w	371	50	35	35	0	70.0	70.0	0.005480552092194557	0.017500000074505806
best250_vs_phase2w	83	50	48	48	0	96.0	96.0	0.005505597684532404	-0.0039451029151678085
best250_vs_phase2w	785	50	46	46	0	92.0	92.0	0.005508987698704004	0.0658395066857338
best250_vs_phase2w	376	50	50	50	0	100.0	100.0	0.0055680954828858376	0.03008374199271202
best250_vs_phase2w	307	50	43	43	0	86.0	86.0	0.005573200527578592	0.06476200371980667
best250_vs_phase2w	506	50	39	39	0	78.0	78.0	0.00557919405400753	0.02138613723218441
best250_vs_phase2w	906	50	18	18	0	36.0	36.0	0.005605006590485573	-0.018345823511481285
best250_vs_phase2w	828	50	33	33	0	66.0	66.0	0.005617301445454359	0.022871769964694977
best250_vs_phase2w	615	50	40	40	0	80.0	80.0	0.0056580291129648685	0.11365794390439987
best250_vs_phase2w	38	50	46	46	0	92.0	92.0	0.005751687102019787	0.045551519840955734
best250_vs_phase2w	327	50	45	45	0	90.0	90.0	0.0057963109575212	0.0013414002023637295
best250_vs_phase2w	779	50	49	49	0	98.0	98.0	0.005797550082206726	0.0841817557811737
best250_vs_phase2w	727	50	45	45	0	90.0	90.0	0.005830449052155018	0.05027725175023079
best250_vs_phase2w	44	50	37	37	0	74.0	74.0	0.005894077010452747	0.008041953667998314
best250_vs_phase2w	258	50	49	49	0	98.0	98.0	0.005969615653157234	0.04405169561505318
best250_vs_phase2w	378	50	45	45	0	90.0	90.0	0.006003720220178366	0.034501105546951294
best250_vs_phase2w	984	50	48	48	0	96.0	96.0	0.006049805320799351	0.043913982808589935
best250_vs_phase2w	820	50	49	49	0	98.0	98.0	0.006104608066380024	-0.004364919848740101
best250_vs_phase2w	576	50	49	49	0	98.0	98.0	0.006110794376581907	0.04242682456970215
best250_vs_phase2w	725	50	28	28	0	56.0	56.0	0.006172216031700373	0.062415048480033875
best250_vs_phase2w	365	50	46	46	0	92.0	92.0	0.006251304876059294	0.05496983602643013
best250_vs_phase2w	878	50	44	44	0	88.0	88.0	0.006253217346966267	0.02187499962747097
best250_vs_phase2w	120	50	37	37	0	74.0	74.0	0.00629835482686758	0.04011700674891472
best250_vs_phase2w	607	50	49	49	0	98.0	98.0	0.006302081514149904	0.09668029099702835
best250_vs_phase2w	600	50	20	20	0	40.0	40.0	0.006391801871359348	0.013775024563074112
best250_vs_phase2w	0	50	49	49	0	98.0	98.0	0.0064145708456635475	0.030212277546525
best250_vs_phase2w	42	50	42	42	0	84.0	84.0	0.0064157042652368546	0.06977578997612
best250_vs_phase2w	343	50	48	48	0	96.0	96.0	0.006508783902972937	0.03125
best250_vs_phase2w	69	50	49	49	0	98.0	98.0	0.006531459279358387	0.07129421830177307
best250_vs_phase2w	910	50	39	39	0	78.0	78.0	0.0065613710321486	0.04044859856367111
best250_vs_phase2w	140	50	47	47	0	94.0	94.0	0.006586615927517414	0.030142974108457565
best250_vs_phase2w	224	50	39	39	0	78.0	78.0	0.0065892720595002174	0.09019016474485397
best250_vs_phase2w	589	50	40	40	0	80.0	80.0	0.0066030980087816715	-0.004798765294253826
best250_vs_phase2w	762	50	27	27	0	54.0	54.0	0.006607643328607082	-0.030274972319602966
best250_vs_phase2w	313	50	40	40	0	80.0	80.0	0.0066140275448560715	0.09232055395841599
best250_vs_phase2w	988	50	50	50	0	100.0	100.0	0.006708651315420866	0.04597017168998718
best250_vs_phase2w	282	50	12	12	0	24.0	24.0	0.006838083267211914	-0.01920599862933159
best250_vs_phase2w	176	50	42	42	0	84.0	84.0	0.006925141904503107	0.01617884635925293
best250_vs_phase2w	380	50	32	32	0	64.0	64.0	0.006951766554266214	0.008999986574053764
best250_vs_phase2w	286	50	47	47	0	94.0	94.0	0.006972623057663441	0.06499999761581421
best250_vs_phase2w	39	50	45	45	0	90.0	90.0	0.007012675516307354	0.003980293404310942
best250_vs_phase2w	644	50	38	38	0	76.0	76.0	0.007106282282620668	0.06514988094568253
best250_vs_phase2w	157	50	48	48	0	96.0	96.0	0.007205224595963955	0.047490693628787994
best250_vs_phase2w	51	50	49	49	0	98.0	98.0	0.0072336639277637005	5.2194594900356606e-05
best250_vs_phase2w	90	50	50	50	0	100.0	100.0	0.0072885071858763695	0.09804701060056686
best250_vs_phase2w	458	50	48	48	0	96.0	96.0	0.007328420411795378	0.0573577880859375
best250_vs_phase2w	278	50	36	36	0	72.0	72.0	0.007367582991719246	0.04750003665685654
best250_vs_phase2w	126	50	40	40	0	80.0	80.0	0.0073841894045472145	0.028533630073070526
best250_vs_phase2w	326	50	49	49	0	98.0	98.0	0.007393705192953348	-0.012024154886603355
best250_vs_phase2w	723	50	47	47	0	94.0	94.0	0.007423826958984137	0.06801220774650574
best250_vs_phase2w	173	50	39	39	0	78.0	78.0	0.00743764778599143	0.07925347238779068
best250_vs_phase2w	403	50	43	43	0	86.0	86.0	0.007441285997629166	0.033250465989112854
best250_vs_phase2w	201	50	33	33	0	66.0	66.0	0.007594101596623659	-0.028227301314473152
best250_vs_phase2w	802	50	47	47	0	94.0	94.0	0.007612818386405706	0.05043933913111687
best250_vs_phase2w	951	50	40	40	0	80.0	80.0	0.007627005688846111	0.040105655789375305
best250_vs_phase2w	936	50	46	46	0	92.0	92.0	0.0076352013275027275	0.052891913801431656
best250_vs_phase2w	138	50	48	48	0	96.0	96.0	0.007686410564929247	0.048923131078481674
best250_vs_phase2w	979	50	42	42	0	84.0	84.0	0.007889863103628159	0.0046197413466870785
best250_vs_phase2w	33	50	43	43	0	86.0	86.0	0.007933293469250202	0.05566145107150078
best250_vs_phase2w	976	50	30	30	0	60.0	60.0	0.007945987395942211	0.021837931126356125
best250_vs_phase2w	994	50	45	45	0	90.0	90.0	0.007970099337399006	0.0878068134188652
best250_vs_phase2w	16	50	46	46	0	92.0	92.0	0.007984314113855362	0.0643242821097374
best250_vs_phase2w	830	50	32	32	0	64.0	64.0	0.008044566959142685	0.13391627371311188
best250_vs_phase2w	271	50	30	30	0	60.0	60.0	0.008066261187195778	0.06653139740228653
best250_vs_phase2w	719	50	47	47	0	94.0	94.0	0.008137892931699753	0.0564412958920002
best250_vs_phase2w	70	50	47	47	0	94.0	94.0	0.008165199309587479	0.09829849004745483
best250_vs_phase2w	36	50	25	25	0	50.0	50.0	0.008264943026006222	0.007097644731402397
best250_vs_phase2w	772	50	35	35	0	70.0	70.0	0.008399204351007938	0.007982006296515465
best250_vs_phase2w	115	50	48	48	0	96.0	96.0	0.008429687470197678	0.09906250238418579
best250_vs_phase2w	112	50	42	42	0	84.0	84.0	0.008604967035353184	0.050368767231702805
best250_vs_phase2w	351	50	47	47	0	94.0	94.0	0.00869562104344368	0.0426272377371788
best250_vs_phase2w	620	50	14	14	0	28.0	28.0	0.008746850304305553	0.00838142354041338
best250_vs_phase2w	714	50	40	40	0	80.0	80.0	0.00888660829514265	0.045560892671346664
best250_vs_phase2w	808	50	36	36	0	72.0	72.0	0.008894836530089378	0.003392181359231472
best250_vs_phase2w	314	50	43	43	0	86.0	86.0	0.008927729912102222	0.11927056312561035
best250_vs_phase2w	736	50	45	45	0	90.0	90.0	0.008938748389482498	0.06905005127191544
best250_vs_phase2w	408	50	38	38	0	76.0	76.0	0.009000172838568687	0.03511105477809906
best250_vs_phase2w	801	50	46	46	0	92.0	92.0	0.009022515267133713	0.009743299335241318
best250_vs_phase2w	244	50	47	47	0	94.0	94.0	0.009047710336744785	0.0758594498038292
best250_vs_phase2w	821	50	45	45	0	90.0	90.0	0.009054411202669144	0.01712346076965332
best250_vs_phase2w	588	50	36	36	0	72.0	72.0	0.009417371824383736	0.007181987632066011
best250_vs_phase2w	323	50	49	49	0	98.0	98.0	0.009455971419811249	0.027770213782787323
best250_vs_phase2w	946	50	47	47	0	94.0	94.0	0.009498522616922855	0.07459002733230591
best250_vs_phase2w	579	50	38	38	0	76.0	76.0	0.009504890069365501	0.051990680396556854
best250_vs_phase2w	207	50	47	47	0	94.0	94.0	0.009686047211289406	-0.009192590601742268
best250_vs_phase2w	804	50	34	34	0	68.0	68.0	0.009713939391076565	0.05566145107150078
best250_vs_phase2w	159	50	41	41	0	82.0	82.0	0.00977334938943386	0.10093969106674194
best250_vs_phase2w	202	50	41	41	0	82.0	82.0	0.009857170283794403	0.005711841396987438
best250_vs_phase2w	823	50	39	39	0	78.0	78.0	0.00986970029771328	0.05551706254482269
best250_vs_phase2w	256	50	46	46	0	92.0	92.0	0.009967607446014881	0.0915725827217102
best250_vs_phase2w	626	50	43	43	0	86.0	86.0	0.009990702383220196	0.054659269750118256
best250_vs_phase2w	990	50	50	50	0	100.0	100.0	0.010038568638265133	0.07879113405942917
best250_vs_phase2w	146	50	50	50	0	100.0	100.0	0.01005993876606226	0.0939544141292572
best250_vs_phase2w	525	50	40	40	0	80.0	80.0	0.010067617520689964	0.0037789535708725452
best250_vs_phase2w	449	50	47	47	0	94.0	94.0	0.01007674727588892	0.045036524534225464
best250_vs_phase2w	611	50	47	47	0	94.0	94.0	0.010079821571707726	0.0805206298828125
best250_vs_phase2w	289	50	45	45	0	90.0	90.0	0.01010641548782587	0.05062498897314072
best250_vs_phase2w	438	50	30	30	0	60.0	60.0	0.010190023109316826	0.05752085521817207
best250_vs_phase2w	761	50	41	41	0	82.0	82.0	0.01021953858435154	0.04182984307408333
best250_vs_phase2w	885	50	15	15	0	30.0	30.0	0.010416451841592789	-0.004392366390675306
best250_vs_phase2w	487	50	41	41	0	82.0	82.0	0.010441050864756107	0.06578397005796432
best250_vs_phase2w	198	50	46	46	0	92.0	92.0	0.010451650246977806	0.05312500149011612
best250_vs_phase2w	956	50	49	49	0	98.0	98.0	0.010500374250113964	0.08343511819839478
best250_vs_phase2w	662	50	37	37	0	74.0	74.0	0.010553751140832901	0.019391631707549095
best250_vs_phase2w	266	50	30	30	0	60.0	60.0	0.010625148192048073	0.057195864617824554
best250_vs_phase2w	710	50	38	38	0	76.0	76.0	0.010697245597839355	0.06130216643214226
best250_vs_phase2w	9	50	50	50	0	100.0	100.0	0.010763144120573997	0.012682800181210041
best250_vs_phase2w	933	50	48	48	0	96.0	96.0	0.01082583423703909	0.10518486797809601
best250_vs_phase2w	834	50	30	30	0	60.0	60.0	0.010938707739114761	-0.03094259276986122
best250_vs_phase2w	502	50	33	33	0	66.0	66.0	0.010951723903417587	0.02465902268886566
best250_vs_phase2w	916	50	49	49	0	98.0	98.0	0.010968361981213093	0.05934349074959755
best250_vs_phase2w	604	50	49	49	0	98.0	98.0	0.011068928055465221	0.10295656323432922
best250_vs_phase2w	301	50	47	47	0	94.0	94.0	0.011255252175033092	0.05874999985098839
best250_vs_phase2w	649	50	46	46	0	92.0	92.0	0.01130070723593235	0.06205316632986069
best250_vs_phase2w	548	50	47	47	0	94.0	94.0	0.011348548345267773	0.05060308426618576
best250_vs_phase2w	446	50	35	35	0	70.0	70.0	0.011479508131742477	0.09569535404443741
best250_vs_phase2w	66	50	31	31	0	62.0	62.0	0.011711773462593555	0.022099770605564117
best250_vs_phase2w	585	50	27	27	0	54.0	54.0	0.011821852996945381	0.06648983806371689
best250_vs_phase2w	321	50	50	50	0	100.0	100.0	0.01186938676983118	0.029384518042206764
best250_vs_phase2w	760	50	42	42	0	84.0	84.0	0.0118966493755579	0.12259881943464279
best250_vs_phase2w	927	50	48	48	0	96.0	96.0	0.012003013864159584	0.1381232589483261
best250_vs_phase2w	62	50	30	30	0	60.0	60.0	0.012117883190512657	0.04243697226047516
best250_vs_phase2w	621	50	45	45	0	90.0	90.0	0.012274021282792091	0.08028490841388702
best250_vs_phase2w	616	50	45	45	0	90.0	90.0	0.012325477786362171	-0.00493684783577919
best250_vs_phase2w	432	50	42	42	0	84.0	84.0	0.01241149939596653	0.09196048974990845
best250_vs_phase2w	740	50	25	25	0	50.0	50.0	0.012447654269635677	0.045346278697252274
best250_vs_phase2w	557	50	42	42	0	84.0	84.0	0.012486991472542286	0.03439449146389961
best250_vs_phase2w	296	50	48	48	0	96.0	96.0	0.012510107830166817	0.07723716646432877
best250_vs_phase2w	704	50	45	45	0	90.0	90.0	0.012557119131088257	0.039599351584911346
best250_vs_phase2w	707	50	43	43	0	86.0	86.0	0.012695125304162502	0.059622470289468765
best250_vs_phase2w	640	50	48	48	0	96.0	96.0	0.012815449386835098	0.12427475303411484
best250_vs_phase2w	400	50	22	22	0	44.0	44.0	0.012838952243328094	0.014010085724294186
best250_vs_phase2w	158	50	31	31	0	62.0	62.0	0.013004706241190434	0.04276766628026962
best250_vs_phase2w	232	50	44	44	0	88.0	88.0	0.01312327105551958	0.019087038934230804
best250_vs_phase2w	299	50	48	48	0	96.0	96.0	0.013314856216311455	0.08749999850988388
best250_vs_phase2w	603	50	46	46	0	92.0	92.0	0.013466913253068924	-0.010801544412970543
best250_vs_phase2w	433	50	42	42	0	84.0	84.0	0.01347825862467289	0.03242094814777374
best250_vs_phase2w	803	50	49	49	0	98.0	98.0	0.013491958379745483	0.05192491412162781
best250_vs_phase2w	983	50	46	46	0	92.0	92.0	0.013741591013967991	0.05769706889986992
best250_vs_phase2w	390	50	34	34	0	68.0	68.0	0.013791097328066826	0.058479730039834976
best250_vs_phase2w	691	50	30	30	0	60.0	60.0	0.013866475783288479	0.05691247060894966
best250_vs_phase2w	263	50	48	48	0	96.0	96.0	0.014416023157536983	0.09465008974075317
best250_vs_phase2w	541	50	27	27	0	54.0	54.0	0.01485840417444706	0.06600558012723923
best250_vs_phase2w	435	50	28	28	0	56.0	56.0	0.01577785797417164	0.06527640670537949
best250_vs_phase2w	856	50	31	31	0	62.0	62.0	0.015832874923944473	0.041287556290626526
best250_vs_phase2w	439	50	48	48	0	96.0	96.0	0.016469523310661316	0.07905469089746475
best250_vs_phase2w	981	50	42	42	0	84.0	84.0	0.017002534121274948	0.06826175004243851
best250_vs_phase2w	912	50	38	38	0	76.0	76.0	0.01731429062783718	0.04136114567518234
best250_vs_phase2w	338	50	47	47	0	94.0	94.0	0.017341917380690575	0.15381717681884766
best250_vs_phase2w	171	50	47	47	0	94.0	94.0	0.01815635710954666	0.1575024276971817
best250_vs_phase2w	853	50	47	47	0	94.0	94.0	0.018711857497692108	0.14642107486724854
best250_vs_phase2w	352	50	44	44	0	88.0	88.0	0.01882951147854328	0.08749999850988388
best250_vs_phase2w	546	50	40	40	0	80.0	80.0	0.019219761714339256	0.06912852078676224
best250_vs_phase2w	731	50	31	31	0	62.0	62.0	0.02035784162580967	0.09752504527568817
best250_vs_phase2w	705	50	30	30	0	60.0	60.0	0.021798085421323776	0.02580314688384533
best250_vs_phase2w	712	50	40	40	0	80.0	80.0	0.030025865882635117	0.18105794489383698
best250_vs_phase2w	418	50	36	36	0	72.0	72.0	0.03483329713344574	0.11618940532207489
best250_vs_phase2w	507	50	42	43	1	84.0	86.0	-0.01661594584584236	-0.11882025003433228
best250_vs_phase2w	592	50	44	45	1	88.0	90.0	-0.01487145945429802	-0.14078283309936523
best250_vs_phase2w	184	50	38	39	1	76.0	78.0	-0.014292027801275253	-0.11837892234325409
best250_vs_phase2w	522	50	47	48	1	94.0	96.0	-0.013812328688800335	-0.10661371052265167
best250_vs_phase2w	837	50	19	20	1	38.0	40.0	-0.011543837375938892	-0.003820819780230522
best250_vs_phase2w	630	50	46	47	1	92.0	94.0	-0.011394265107810497	-0.08025292307138443
best250_vs_phase2w	136	50	49	50	1	98.0	100.0	-0.01127205602824688	-0.05672796070575714
best250_vs_phase2w	519	50	31	32	1	62.0	64.0	-0.010996266268193722	-0.11737478524446487
best250_vs_phase2w	331	50	46	47	1	92.0	94.0	-0.010835043154656887	-0.08041251450777054
best250_vs_phase2w	406	50	37	38	1	74.0	76.0	-0.010772185400128365	-0.018063288182020187
best250_vs_phase2w	229	50	48	49	1	96.0	98.0	-0.010727472603321075	-0.08453908562660217
best250_vs_phase2w	382	50	41	42	1	82.0	84.0	-0.010506386868655682	-0.024833383038640022
best250_vs_phase2w	377	50	40	41	1	80.0	82.0	-0.009969918988645077	-0.028316650539636612
best250_vs_phase2w	629	50	41	42	1	82.0	84.0	-0.009809971787035465	-0.08101820200681686
best250_vs_phase2w	637	50	41	42	1	82.0	84.0	-0.009415763430297375	-0.03517018258571625
best250_vs_phase2w	312	50	35	36	1	70.0	72.0	-0.009377957321703434	-0.03823096305131912
best250_vs_phase2w	817	50	33	34	1	66.0	68.0	-0.009210764430463314	0.0016983604291453958
best250_vs_phase2w	280	50	37	38	1	74.0	76.0	-0.008840616792440414	-0.002791872015222907
best250_vs_phase2w	67	50	42	43	1	84.0	86.0	-0.00857603084295988	-0.02428470551967621
best250_vs_phase2w	870	50	44	45	1	88.0	90.0	-0.008555697277188301	-0.08682305365800858
best250_vs_phase2w	154	50	44	45	1	88.0	90.0	-0.008398818783462048	-0.043750666081905365
best250_vs_phase2w	59	50	35	36	1	70.0	72.0	-0.008236464112997055	-0.023613348603248596
best250_vs_phase2w	567	50	26	27	1	52.0	54.0	-0.007824983447790146	-0.015091466717422009
best250_vs_phase2w	81	50	45	46	1	90.0	92.0	-0.007410679943859577	-0.08063513785600662
best250_vs_phase2w	873	50	47	48	1	94.0	96.0	-0.0071883248165249825	-0.06449171155691147
best250_vs_phase2w	107	50	46	47	1	92.0	94.0	-0.007088422775268555	-0.08242855221033096
best250_vs_phase2w	235	50	41	42	1	82.0	84.0	-0.007022329140454531	-0.024903345853090286
best250_vs_phase2w	437	50	38	39	1	76.0	78.0	-0.006857195869088173	-0.03492865711450577
best250_vs_phase2w	254	50	48	49	1	96.0	98.0	-0.006816741079092026	-0.03344966098666191
best250_vs_phase2w	751	50	39	40	1	78.0	80.0	-0.006776744034141302	-0.006174678914248943
best250_vs_phase2w	5	50	43	44	1	86.0	88.0	-0.0062171220779418945	-0.028642158955335617
best250_vs_phase2w	703	50	39	40	1	78.0	80.0	-0.005601637531071901	-0.03242899104952812
best250_vs_phase2w	436	50	34	35	1	68.0	70.0	-0.005562006961554289	-0.03000558912754059
best250_vs_phase2w	894	50	39	40	1	78.0	80.0	-0.0053621805272996426	-0.02683144621551037
best250_vs_phase2w	409	50	34	35	1	68.0	70.0	-0.005333208478987217	-0.014067516662180424
best250_vs_phase2w	24	50	48	49	1	96.0	98.0	-0.0048620253801345825	-0.05525407940149307
best250_vs_phase2w	540	50	43	44	1	86.0	88.0	-0.004660283215343952	-0.07433519512414932
best250_vs_phase2w	523	50	32	33	1	64.0	66.0	-0.004027943592518568	0.010668601840734482
best250_vs_phase2w	558	50	23	24	1	46.0	48.0	-0.004022218286991119	-0.018959932029247284
best250_vs_phase2w	161	50	41	42	1	82.0	84.0	-0.00399366207420826	-0.0505596362054348
best250_vs_phase2w	633	50	30	31	1	60.0	62.0	-0.0039739604108035564	-0.020032482221722603
best250_vs_phase2w	624	50	32	33	1	64.0	66.0	-0.0037984699010849	-0.013687925413250923
best250_vs_phase2w	315	50	43	44	1	86.0	88.0	-0.0037907848600298166	-0.00238038063980639
best250_vs_phase2w	501	50	19	20	1	38.0	40.0	-0.0036511269863694906	-0.04452171176671982
best250_vs_phase2w	53	50	46	47	1	92.0	94.0	-0.0034516328014433384	-0.03193800151348114
best250_vs_phase2w	879	50	38	39	1	76.0	78.0	-0.0028548131231218576	-0.06371621042490005
best250_vs_phase2w	792	50	36	37	1	72.0	74.0	-0.002485402626916766	-0.024871893227100372
best250_vs_phase2w	695	50	38	39	1	76.0	78.0	-0.0023111409973353148	-0.043046340346336365
best250_vs_phase2w	61	50	42	43	1	84.0	86.0	-0.0023028168361634016	-0.040045347064733505
best250_vs_phase2w	283	50	46	47	1	92.0	94.0	-0.002159415278583765	-0.10413713753223419
best250_vs_phase2w	298	50	39	40	1	78.0	80.0	-0.0020303474739193916	0.01876717619597912
best250_vs_phase2w	454	50	31	32	1	62.0	64.0	-0.0017721098847687244	0.004645147360861301
best250_vs_phase2w	155	50	37	38	1	74.0	76.0	-0.001472066156566143	0.009995870292186737
best250_vs_phase2w	987	50	21	22	1	42.0	44.0	-0.001103258109651506	0.02831154875457287
best250_vs_phase2w	103	50	40	41	1	80.0	82.0	-0.001102539012208581	0.0035435485187917948
best250_vs_phase2w	483	50	39	40	1	78.0	80.0	-0.0010183661943301558	-0.0005921268602833152
best250_vs_phase2w	840	50	44	45	1	88.0	90.0	-0.0010168731678277254	-0.003337431000545621
best250_vs_phase2w	455	50	41	42	1	82.0	84.0	-0.0009999715257436037	0.03104744851589203
best250_vs_phase2w	631	50	32	33	1	64.0	66.0	-0.0009693906176835299	0.03880926966667175
best250_vs_phase2w	290	50	39	40	1	78.0	80.0	-0.0005905961152166128	-0.027154885232448578
best250_vs_phase2w	963	50	42	43	1	84.0	86.0	-0.00048343659727834165	-0.03309362381696701
best250_vs_phase2w	664	50	18	19	1	36.0	38.0	-0.0004645153821911663	-0.00926002487540245
best250_vs_phase2w	661	50	45	46	1	90.0	92.0	-0.00036772130988538265	0.0450362004339695
best250_vs_phase2w	559	50	40	41	1	80.0	82.0	-0.000334799726260826	-0.033617809414863586
best250_vs_phase2w	188	50	42	43	1	84.0	86.0	-0.00012746482389047742	0.02442939765751362
best250_vs_phase2w	441	50	40	41	1	80.0	82.0	-6.168052641442046e-05	0.03966870158910751
best250_vs_phase2w	358	50	29	30	1	58.0	60.0	3.0028522814973257e-05	-0.007679395843297243
best250_vs_phase2w	650	50	29	30	1	58.0	60.0	0.0003798610414378345	0.08148720115423203
best250_vs_phase2w	195	50	44	45	1	88.0	90.0	0.0004817449953407049	0.0318022146821022
best250_vs_phase2w	966	50	33	34	1	66.0	68.0	0.0005297884345054626	-0.03920286148786545
best250_vs_phase2w	651	50	34	35	1	68.0	70.0	0.0006755146314390004	-0.010513458400964737
best250_vs_phase2w	798	50	40	41	1	80.0	82.0	0.0006825625896453857	-0.005961208138614893
best250_vs_phase2w	930	50	32	33	1	64.0	66.0	0.0006904019392095506	0.010527982376515865
best250_vs_phase2w	716	50	44	45	1	88.0	90.0	0.0007840510224923491	-0.007556648459285498
best250_vs_phase2w	875	50	42	43	1	84.0	86.0	0.0010122546227648854	-0.01340673491358757
best250_vs_phase2w	825	50	41	42	1	82.0	84.0	0.0011129253543913364	0.009972963482141495
best250_vs_phase2w	967	50	36	37	1	72.0	74.0	0.0011325717205181718	-0.016488665714859962
best250_vs_phase2w	612	50	46	47	1	92.0	94.0	0.0011736619053408504	-0.013965577818453312
best250_vs_phase2w	880	50	46	47	1	92.0	94.0	0.001330007566139102	0.058374784886837006
best250_vs_phase2w	316	50	48	49	1	96.0	98.0	0.0019388127839192748	0.01765528693795204
best250_vs_phase2w	427	50	33	34	1	66.0	68.0	0.0019646906293928623	-0.0005403709365054965
best250_vs_phase2w	790	50	34	35	1	68.0	70.0	0.0020897940266877413	-0.014432420954108238
best250_vs_phase2w	381	50	24	25	1	48.0	50.0	0.0024233071599155664	-0.043082982301712036
best250_vs_phase2w	673	50	23	24	1	46.0	48.0	0.0026265105698257685	0.03520778566598892
best250_vs_phase2w	824	50	33	34	1	66.0	68.0	0.002750624902546406	0.01624837890267372
best250_vs_phase2w	76	50	49	50	1	98.0	100.0	0.0029170915950089693	2.593994213384576e-05
best250_vs_phase2w	27	50	37	38	1	74.0	76.0	0.0031686872243881226	0.028383979573845863
best250_vs_phase2w	339	50	49	50	1	98.0	100.0	0.003185371169820428	0.004358387086540461
best250_vs_phase2w	672	50	47	48	1	94.0	96.0	0.003221810096874833	0.013396520167589188
best250_vs_phase2w	784	50	22	23	1	44.0	46.0	0.0035848403349518776	0.025157995522022247
best250_vs_phase2w	949	50	34	35	1	68.0	70.0	0.0037456376012414694	0.05270586907863617
best250_vs_phase2w	187	50	36	37	1	72.0	74.0	0.003961383830755949	-0.04642845317721367
best250_vs_phase2w	416	50	46	47	1	92.0	94.0	0.004129597917199135	-0.032083816826343536
best250_vs_phase2w	311	50	35	36	1	70.0	72.0	0.004198259674012661	-0.019519204273819923
best250_vs_phase2w	587	50	35	36	1	70.0	72.0	0.004323202185332775	0.03314429149031639
best250_vs_phase2w	583	50	46	47	1	92.0	94.0	0.004352163057774305	0.0798511877655983
best250_vs_phase2w	56	50	46	47	1	92.0	94.0	0.004632289055734873	-0.04776282235980034
best250_vs_phase2w	77	50	36	37	1	72.0	74.0	0.004695835057646036	0.00954420119524002
best250_vs_phase2w	842	50	33	34	1	66.0	68.0	0.00492929806932807	0.050873756408691406
best250_vs_phase2w	17	50	46	47	1	92.0	94.0	0.004939243663102388	0.039639052003622055
best250_vs_phase2w	551	50	43	44	1	86.0	88.0	0.005218065809458494	0.05796463042497635
best250_vs_phase2w	681	50	13	14	1	26.0	28.0	0.005575952120125294	0.002171468688175082
best250_vs_phase2w	780	50	40	41	1	80.0	82.0	0.005860422737896442	0.02496800385415554
best250_vs_phase2w	568	50	44	45	1	88.0	90.0	0.005873335991054773	0.014058113098144531
best250_vs_phase2w	996	50	47	48	1	94.0	96.0	0.00596023490652442	0.07077151536941528
best250_vs_phase2w	423	50	34	35	1	68.0	70.0	0.006084222812205553	-0.02044471725821495
best250_vs_phase2w	359	50	35	36	1	70.0	72.0	0.006113946437835693	0.005246066953986883
best250_vs_phase2w	617	50	42	43	1	84.0	86.0	0.006189259700477123	-0.0027418232057243586
best250_vs_phase2w	622	50	32	33	1	64.0	66.0	0.006228841375559568	0.05793234705924988
best250_vs_phase2w	527	50	33	34	1	66.0	68.0	0.006268169730901718	0.004597444552928209
best250_vs_phase2w	481	50	32	33	1	64.0	66.0	0.00651028286665678	-0.049466572701931
best250_vs_phase2w	241	50	37	38	1	74.0	76.0	0.006848303135484457	0.021138381212949753
best250_vs_phase2w	889	50	38	39	1	76.0	78.0	0.00687834806740284	0.05083701014518738
best250_vs_phase2w	749	50	44	45	1	88.0	90.0	0.006953442469239235	0.00882289931178093
best250_vs_phase2w	253	50	46	47	1	92.0	94.0	0.006977049633860588	0.01993497833609581
best250_vs_phase2w	634	50	39	40	1	78.0	80.0	0.0069803805090487	0.01322972308844328
best250_vs_phase2w	166	50	35	36	1	70.0	72.0	0.007067753467708826	0.07210049033164978
best250_vs_phase2w	698	50	37	38	1	74.0	76.0	0.00747483829036355	0.07906076312065125
best250_vs_phase2w	877	50	44	45	1	88.0	90.0	0.007541730534285307	0.040624961256980896
best250_vs_phase2w	868	50	33	34	1	66.0	68.0	0.007566850166767836	0.04693023860454559
best250_vs_phase2w	118	50	42	43	1	84.0	86.0	0.007584041450172663	0.009618673473596573
best250_vs_phase2w	186	50	38	39	1	76.0	78.0	0.007983981631696224	-0.0019525241805240512
best250_vs_phase2w	164	50	46	47	1	92.0	94.0	0.008080117404460907	0.09399013221263885
best250_vs_phase2w	665	50	39	40	1	78.0	80.0	0.008281104266643524	0.0398796945810318
best250_vs_phase2w	205	50	39	40	1	78.0	80.0	0.008375131525099277	-0.003870306070894003
best250_vs_phase2w	34	50	37	38	1	74.0	76.0	0.008564057759940624	0.03392748907208443
best250_vs_phase2w	12	50	47	48	1	94.0	96.0	0.008838879875838757	0.027552109211683273
best250_vs_phase2w	961	50	26	27	1	52.0	54.0	0.008947092108428478	0.061220377683639526
best250_vs_phase2w	669	50	48	49	1	96.0	98.0	0.00919221993535757	0.03416401892900467
best250_vs_phase2w	890	50	48	49	1	96.0	98.0	0.009429886937141418	0.0620134063065052
best250_vs_phase2w	238	50	36	37	1	72.0	74.0	0.009860779158771038	-0.0033154296688735485
best250_vs_phase2w	269	50	41	42	1	82.0	84.0	0.010391108691692352	0.029733382165431976
best250_vs_phase2w	758	50	41	42	1	82.0	84.0	0.010593323968350887	0.021721014752984047
best250_vs_phase2w	288	50	41	42	1	82.0	84.0	0.01065734401345253	0.051590967923402786
best250_vs_phase2w	285	50	32	33	1	64.0	66.0	0.011209211312234402	0.08507904410362244
best250_vs_phase2w	923	50	25	26	1	50.0	52.0	0.011972963809967041	0.0366380400955677
best250_vs_phase2w	222	50	37	38	1	74.0	76.0	0.012754584662616253	0.10195103287696838
best250_vs_phase2w	193	50	23	24	1	46.0	48.0	0.013102683238685131	-0.0027729319408535957
best250_vs_phase2w	627	50	40	41	1	80.0	82.0	0.013441642746329308	0.1167537197470665
best250_vs_phase2w	887	50	34	35	1	68.0	70.0	0.01371452771127224	0.07000242918729782
best250_vs_phase2w	124	50	39	40	1	78.0	80.0	0.01432365644723177	0.03389149531722069
best250_vs_phase2w	670	50	44	45	1	88.0	90.0	0.01437836792320013	0.018289193511009216
best250_vs_phase2w	619	50	32	33	1	64.0	66.0	0.014758064411580563	0.0475369356572628
best250_vs_phase2w	413	50	28	29	1	56.0	58.0	0.014833826571702957	0.04068158194422722
best250_vs_phase2w	748	50	28	29	1	56.0	58.0	0.01488904282450676	-0.012482242658734322
best250_vs_phase2w	741	50	37	38	1	74.0	76.0	0.01531817577779293	0.08048095554113388
best250_vs_phase2w	367	50	44	45	1	88.0	90.0	0.015360129997134209	0.12450870871543884
best250_vs_phase2w	964	50	40	41	1	80.0	82.0	0.015742681920528412	0.05523258075118065
best250_vs_phase2w	730	50	41	42	1	82.0	84.0	0.016400331631302834	0.1710805892944336
best250_vs_phase2w	543	50	35	36	1	70.0	72.0	0.016750721260905266	0.028016243129968643
best250_vs_phase2w	857	50	36	37	1	72.0	74.0	0.016908563673496246	0.08547551929950714
best250_vs_phase2w	151	50	35	36	1	70.0	72.0	0.017054330557584763	0.035714998841285706
best250_vs_phase2w	659	50	42	43	1	84.0	86.0	0.01839597336947918	0.08844483643770218
best250_vs_phase2w	674	50	46	47	1	92.0	94.0	0.018764743581414223	0.10791503638029099
best250_vs_phase2w	646	50	43	44	1	86.0	88.0	0.018869493156671524	0.08247599750757217
best250_vs_phase2w	1	50	48	49	1	96.0	98.0	0.021063627675175667	0.08341251313686371
best250_vs_phase2w	421	50	41	42	1	82.0	84.0	0.02130076475441456	0.09738664329051971
best250_vs_phase2w	896	50	46	47	1	92.0	94.0	0.021399883553385735	0.11697980016469955
best250_vs_phase2w	818	50	19	20	1	38.0	40.0	0.02244368940591812	0.012240839190781116
best250_vs_phase2w	537	50	46	47	1	92.0	94.0	0.024488775059580803	0.14604996144771576
best250_vs_phase2w	895	50	41	42	1	82.0	84.0	0.02596473880112171	0.11817637085914612
best250_vs_phase2w	208	50	44	45	1	88.0	90.0	0.03629259392619133	0.1355234533548355
best250_vs_phase2w	335	50	44	46	2	88.0	92.0	-0.004114680457860231	-0.07467614859342575
best250_vs_phase2w	180	50	29	31	2	58.0	62.0	-0.0015296069905161858	0.052293092012405396
best250_vs_phase2w	383	50	32	34	2	64.0	68.0	-0.00045411550672724843	0.003462200053036213
best250_vs_phase2w	504	50	30	32	2	60.0	64.0	-0.00024750857846811414	-0.03304602578282356
best250_vs_phase2w	162	50	43	45	2	86.0	90.0	-0.00013433695130515844	-0.016935082152485847
best250_vs_phase2w	524	50	23	25	2	46.0	50.0	8.368432463612407e-05	-0.0066664027981460094
best250_vs_phase2w	405	50	38	40	2	76.0	80.0	0.0003514111158438027	-0.0464530847966671
best250_vs_phase2w	720	50	42	44	2	84.0	88.0	0.001358686713501811	0.00564640061929822
best250_vs_phase2w	836	50	10	12	2	20.0	24.0	0.001903756521642208	0.0018729210132732987
best250_vs_phase2w	786	50	44	46	2	88.0	92.0	0.0024983412586152554	-0.00278644566424191
best250_vs_phase2w	809	50	33	35	2	66.0	70.0	0.0035381403286010027	-0.0072886087000370026
best250_vs_phase2w	242	50	40	42	2	80.0	84.0	0.004534544888883829	0.027156762778759003
best250_vs_phase2w	742	50	25	27	2	50.0	54.0	0.00670895678922534	0.025588521733880043
best250_vs_phase2w	768	50	44	46	2	88.0	92.0	0.006965918932110071	0.05692741274833679
best250_vs_phase2w	492	50	43	45	2	86.0	90.0	0.007050644140690565	0.014450597576797009
best250_vs_phase2w	227	50	32	34	2	64.0	68.0	0.007979920133948326	0.048581287264823914
best250_vs_phase2w	882	50	39	41	2	78.0	82.0	0.008404115214943886	0.09731754660606384
best250_vs_phase2w	864	50	38	40	2	76.0	80.0	0.008635020814836025	0.07146172225475311
best250_vs_phase2w	4	50	45	47	2	90.0	94.0	0.009181652218103409	0.10275022685527802
best250_vs_phase2w	794	50	34	36	2	68.0	72.0	0.009790249168872833	0.13305245339870453
best250_vs_phase2w	43	50	43	45	2	86.0	90.0	0.009975972585380077	0.03675514832139015
best250_vs_phase2w	822	50	45	47	2	90.0	94.0	0.011746026575565338	0.03667305037379265
best250_vs_phase2w	199	50	38	40	2	76.0	80.0	0.012475618161261082	-9.340286487713456e-05
best250_vs_phase2w	480	50	41	43	2	82.0	86.0	0.01266280934214592	0.1080210953950882
best250_vs_phase2w	898	50	35	37	2	70.0	74.0	0.012811293825507164	0.08584868162870407
best250_vs_phase2w	849	50	42	44	2	84.0	88.0	0.013670675456523895	0.07091076672077179
best250_vs_phase2w	379	50	44	46	2	88.0	92.0	0.013904614374041557	0.12227588891983032
best250_vs_phase2w	921	50	36	38	2	72.0	76.0	0.014659230597317219	0.08354868739843369
best250_vs_phase2w	639	50	18	20	2	36.0	40.0	0.015917770564556122	0.036264218389987946
best250_vs_phase2w	827	50	36	38	2	72.0	76.0	0.016943715512752533	0.06510794162750244
best250_vs_phase2w	851	50	37	39	2	74.0	78.0	0.017581038177013397	0.08516205847263336
best250_vs_phase2w	787	50	33	35	2	66.0	70.0	0.018066000193357468	0.14745086431503296
best250_vs_phase2w	641	50	43	45	2	86.0	90.0	0.02878882735967636	0.1424422711133957
best250_vs_phase2w	536	50	28	31	3	56.0	62.0	0.0028024655766785145	-0.04033192619681358
best250_vs_phase2w	348	50	33	36	3	66.0	72.0	0.007333144545555115	0.014818229712545872
best250_vs_phase2w	718	50	34	37	3	68.0	74.0	0.007650220301002264	-0.008209886960685253
best250_vs_phase2w	385	50	31	34	3	62.0	68.0	0.008892002515494823	0.03566157445311546
best250_vs_phase2w	500	50	45	48	3	90.0	96.0	0.00958920642733574	0.1376044750213623
best250_vs_phase2w	231	50	21	24	3	42.0	48.0	0.012133252806961536	0.019322652369737625
best250_vs_phase2w	200	50	36	39	3	72.0	78.0	0.013540105894207954	0.07411777228116989
best250_vs_phase2w	754	50	33	36	3	66.0	72.0	0.015603206120431423	0.03285536915063858
best250_vs_phase2w	848	50	22	25	3	44.0	50.0	0.024211455136537552	0.03938279300928116
best250_vs_phase2w	831	50	39	43	4	78.0	86.0	0.024663863703608513	0.044308632612228394
best250_vs_highdrift_damp	349	50	37	34	-3	74.0	68.0	-0.017113780602812767	-0.04885871708393097
best250_vs_highdrift_damp	876	50	17	14	-3	34.0	28.0	-0.010541328229010105	0.02712070383131504
best250_vs_highdrift_damp	892	50	38	35	-3	76.0	70.0	0.0030561990570276976	0.03062952123582363
best250_vs_highdrift_damp	655	50	42	40	-2	84.0	80.0	-0.01692136749625206	-0.13332629203796387
best250_vs_highdrift_damp	914	50	39	37	-2	78.0	74.0	-0.013546722009778023	-0.047243088483810425
best250_vs_highdrift_damp	165	50	31	29	-2	62.0	58.0	-0.012825417332351208	-0.09351236373186111
best250_vs_highdrift_damp	442	50	37	35	-2	74.0	70.0	-0.012151138857007027	-0.03961336985230446
best250_vs_highdrift_damp	468	50	38	36	-2	76.0	72.0	-0.01151381153613329	-0.03130107745528221
best250_vs_highdrift_damp	125	50	47	45	-2	94.0	90.0	-0.010886617004871368	-0.017059430480003357
best250_vs_highdrift_damp	515	50	37	35	-2	74.0	70.0	-0.005376209504902363	-0.05217694118618965
best250_vs_highdrift_damp	799	50	26	24	-2	52.0	48.0	-0.005184130277484655	-0.06253442168235779
best250_vs_highdrift_damp	478	50	31	29	-2	62.0	58.0	-0.003899092087522149	-0.020634278655052185
best250_vs_highdrift_damp	859	50	35	33	-2	70.0	66.0	-0.0038138371892273426	0.0008729457622393966
best250_vs_highdrift_damp	794	50	38	36	-2	76.0	72.0	-0.003767712041735649	0.031627025455236435
best250_vs_highdrift_damp	230	50	44	42	-2	88.0	84.0	-0.0029479246586561203	-0.05975061282515526
best250_vs_highdrift_damp	422	50	33	31	-2	66.0	62.0	-0.0029062109533697367	0.024294700473546982
best250_vs_highdrift_damp	969	50	24	22	-2	48.0	44.0	-0.002269977703690529	0.04517662897706032
best250_vs_highdrift_damp	250	50	37	35	-2	74.0	70.0	-0.001620566239580512	0.006507959216833115
best250_vs_highdrift_damp	502	50	35	33	-2	70.0	66.0	-0.0012456662952899933	0.017292985692620277
best250_vs_highdrift_damp	278	50	38	36	-2	76.0	72.0	-0.001181560568511486	-0.003470726078376174
best250_vs_highdrift_damp	841	50	23	21	-2	46.0	42.0	-0.0011537170503288507	0.007799348793923855
best250_vs_highdrift_damp	44	50	39	37	-2	78.0	74.0	-0.0011347746476531029	0.0016664409777149558
best250_vs_highdrift_damp	680	50	43	41	-2	86.0	82.0	-0.00034208939177915454	0.02318953536450863
best250_vs_highdrift_damp	845	50	37	35	-2	74.0	70.0	0.00024946019402705133	-0.014322099275887012
best250_vs_highdrift_damp	303	50	42	40	-2	84.0	80.0	0.001346546458080411	-0.010040292516350746
best250_vs_highdrift_damp	187	50	39	37	-2	78.0	74.0	0.0020427482668310404	-0.013624000363051891
best250_vs_highdrift_damp	652	50	40	38	-2	80.0	76.0	0.0020931398030370474	-0.061450738459825516
best250_vs_highdrift_damp	543	50	38	36	-2	76.0	72.0	0.003011449007317424	-0.012838869355618954
best250_vs_highdrift_damp	865	50	34	32	-2	68.0	64.0	0.009030208922922611	0.06767964363098145
best250_vs_highdrift_damp	204	50	36	35	-1	72.0	70.0	-0.017689527943730354	-0.05241023004055023
best250_vs_highdrift_damp	265	50	35	34	-1	70.0	68.0	-0.015424229204654694	-0.06952789425849915
best250_vs_highdrift_damp	686	50	39	38	-1	78.0	76.0	-0.015268406830728054	-0.05155288800597191
best250_vs_highdrift_damp	884	50	40	39	-1	80.0	78.0	-0.015226188115775585	-0.02371981553733349
best250_vs_highdrift_damp	361	50	49	48	-1	98.0	96.0	-0.015001432038843632	-0.10059154778718948
best250_vs_highdrift_damp	709	50	42	41	-1	84.0	82.0	-0.013374311849474907	-0.07270490378141403
best250_vs_highdrift_damp	586	50	44	43	-1	88.0	86.0	-0.013061905279755592	-0.11404523253440857
best250_vs_highdrift_damp	431	50	41	40	-1	82.0	80.0	-0.012975386343896389	-0.03479145094752312
best250_vs_highdrift_damp	577	50	46	45	-1	92.0	90.0	-0.012875254265964031	-0.019523562863469124
best250_vs_highdrift_damp	861	50	38	37	-1	76.0	74.0	-0.012621873989701271	-0.019737567752599716
best250_vs_highdrift_damp	179	50	37	36	-1	74.0	72.0	-0.01248434279114008	-0.027836017310619354
best250_vs_highdrift_damp	526	50	32	31	-1	64.0	62.0	-0.012265073135495186	-0.04988595098257065
best250_vs_highdrift_damp	153	50	43	42	-1	86.0	84.0	-0.012106922455132008	-0.01089180912822485
best250_vs_highdrift_damp	405	50	41	40	-1	82.0	80.0	-0.012053566053509712	-0.05132225900888443
best250_vs_highdrift_damp	386	50	33	32	-1	66.0	64.0	-0.011822610162198544	0.007335691247135401
best250_vs_highdrift_damp	638	50	17	16	-1	34.0	32.0	-0.011679701507091522	0.027699442580342293
best250_vs_highdrift_damp	294	50	47	46	-1	94.0	92.0	-0.011679019778966904	-0.05719023570418358
best250_vs_highdrift_damp	267	50	44	43	-1	88.0	86.0	-0.011581039056181908	-0.04822397232055664
best250_vs_highdrift_damp	573	50	50	49	-1	100.0	98.0	-0.011564941145479679	-0.07895147055387497
best250_vs_highdrift_damp	800	50	48	47	-1	96.0	94.0	-0.011159750632941723	-0.06215840205550194
best250_vs_highdrift_damp	602	50	40	39	-1	80.0	78.0	-0.010836319997906685	-0.024578342214226723
best250_vs_highdrift_damp	295	50	46	45	-1	92.0	90.0	-0.010753801092505455	0.0007532119634561241
best250_vs_highdrift_damp	319	50	43	42	-1	86.0	84.0	-0.010679354891180992	-0.03598272427916527
best250_vs_highdrift_damp	233	50	41	40	-1	82.0	80.0	-0.010284624062478542	-0.010743570514023304
best250_vs_highdrift_damp	472	50	48	47	-1	96.0	94.0	-0.010268197394907475	-0.05968368425965309
best250_vs_highdrift_damp	733	50	26	25	-1	52.0	50.0	-0.010149793699383736	0.028300771489739418
best250_vs_highdrift_damp	870	50	46	45	-1	92.0	90.0	-0.010068370029330254	-0.061009731143713
best250_vs_highdrift_damp	128	50	46	45	-1	92.0	90.0	-0.00976395234465599	-0.11303550004959106
best250_vs_highdrift_damp	881	50	43	42	-1	86.0	84.0	-0.009393105283379555	-0.012344980612397194
best250_vs_highdrift_damp	563	50	45	44	-1	90.0	88.0	-0.008706558495759964	-0.09561517834663391
best250_vs_highdrift_damp	210	50	46	45	-1	92.0	90.0	-0.008675073273479939	-0.11407721787691116
best250_vs_highdrift_damp	755	50	47	46	-1	94.0	92.0	-0.008609297685325146	-0.05528981238603592
best250_vs_highdrift_damp	750	50	37	36	-1	74.0	72.0	-0.008119503036141396	-0.03841870278120041
best250_vs_highdrift_damp	484	50	35	34	-1	70.0	68.0	-0.007703626062721014	-0.073316290974617
best250_vs_highdrift_damp	666	50	44	43	-1	88.0	86.0	-0.00766199454665184	-0.08025914430618286
best250_vs_highdrift_damp	894	50	41	40	-1	82.0	80.0	-0.007392505183815956	-0.05584104359149933
best250_vs_highdrift_damp	175	50	35	34	-1	70.0	68.0	-0.007367795333266258	-0.10054006427526474
best250_vs_highdrift_damp	765	50	38	37	-1	76.0	74.0	-0.007137977983802557	-0.04724912717938423
best250_vs_highdrift_damp	414	50	22	21	-1	44.0	42.0	-0.0070462943986058235	-0.01508596446365118
best250_vs_highdrift_damp	555	50	45	44	-1	90.0	88.0	-0.007005751598626375	-0.013162707909941673
best250_vs_highdrift_damp	516	50	26	25	-1	52.0	50.0	-0.0065880632027983665	-0.04153849557042122
best250_vs_highdrift_damp	101	50	36	35	-1	72.0	70.0	-0.006322935689240694	0.0013813114492222667
best250_vs_highdrift_damp	485	50	36	35	-1	72.0	70.0	-0.006287166848778725	-0.0371137410402298
best250_vs_highdrift_damp	63	50	44	43	-1	88.0	86.0	-0.006102846469730139	-0.037556495517492294
best250_vs_highdrift_damp	796	50	41	40	-1	82.0	80.0	-0.006040722597390413	-0.022670498117804527
best250_vs_highdrift_damp	272	50	32	31	-1	64.0	62.0	-0.005991813726723194	-0.020778875797986984
best250_vs_highdrift_damp	30	50	42	41	-1	84.0	82.0	-0.005880093667656183	0.032681360840797424
best250_vs_highdrift_damp	64	50	34	33	-1	68.0	66.0	-0.005858768243342638	-0.031215285882353783
best250_vs_highdrift_damp	811	50	34	33	-1	68.0	66.0	-0.005730966106057167	-0.04457509145140648
best250_vs_highdrift_damp	732	50	43	42	-1	86.0	84.0	-0.005705829709768295	-0.008049163967370987
best250_vs_highdrift_damp	237	50	43	42	-1	86.0	84.0	-0.005619323346763849	-0.04375210776925087
best250_vs_highdrift_damp	407	50	47	46	-1	94.0	92.0	-0.005212147254496813	-0.04245099052786827
best250_vs_highdrift_damp	511	50	44	43	-1	88.0	86.0	-0.005172928795218468	0.009925718419253826
best250_vs_highdrift_damp	192	50	43	42	-1	86.0	84.0	-0.005169138312339783	0.00458806985989213
best250_vs_highdrift_damp	108	50	34	33	-1	68.0	66.0	-0.004985317587852478	-0.00047507285489700735
best250_vs_highdrift_damp	997	50	40	39	-1	80.0	78.0	-0.004976549651473761	0.037227507680654526
best250_vs_highdrift_damp	689	50	16	15	-1	32.0	30.0	-0.004874546080827713	0.01051594689488411
best250_vs_highdrift_damp	920	50	42	41	-1	84.0	82.0	-0.004873557481914759	0.00197492609731853
best250_vs_highdrift_damp	508	50	40	39	-1	80.0	78.0	-0.004731280729174614	-0.04785570129752159
best250_vs_highdrift_damp	147	50	47	46	-1	94.0	92.0	-0.004699489567428827	0.03967994824051857
best250_vs_highdrift_damp	489	50	41	40	-1	82.0	80.0	-0.004641421604901552	-0.011882028542459011
best250_vs_highdrift_damp	553	50	42	41	-1	84.0	82.0	-0.00463885348290205	-0.04274178668856621
best250_vs_highdrift_damp	201	50	34	33	-1	68.0	66.0	-0.004531833343207836	-0.029300546273589134
best250_vs_highdrift_damp	417	50	46	45	-1	92.0	90.0	-0.0044760690070688725	-0.03611522540450096
best250_vs_highdrift_damp	955	50	50	49	-1	100.0	98.0	-0.004358270671218634	-0.01559465378522873
best250_vs_highdrift_damp	68	50	15	14	-1	30.0	28.0	-0.004354550503194332	-0.01906409300863743
best250_vs_highdrift_damp	345	50	33	32	-1	66.0	64.0	-0.004276880528777838	-0.038752250373363495
best250_vs_highdrift_damp	415	50	25	24	-1	50.0	48.0	-0.0040985895320773125	-0.0009566593216732144
best250_vs_highdrift_damp	943	50	38	37	-1	76.0	74.0	-0.0040338896214962006	-0.03335772454738617
best250_vs_highdrift_damp	632	50	30	29	-1	60.0	58.0	-0.003860579803586006	-0.01465170830488205
best250_vs_highdrift_damp	945	50	46	45	-1	92.0	90.0	-0.0037713947240263224	-0.011566657572984695
best250_vs_highdrift_damp	542	50	36	35	-1	72.0	70.0	-0.003489018650725484	-0.00041455269092693925
best250_vs_highdrift_damp	648	50	34	33	-1	68.0	66.0	-0.0034122569486498833	-0.05119582265615463
best250_vs_highdrift_damp	424	50	34	33	-1	68.0	66.0	-0.003403431735932827	-0.040395766496658325
best250_vs_highdrift_damp	137	50	44	43	-1	88.0	86.0	-0.0033704901579767466	0.016038836911320686
best250_vs_highdrift_damp	290	50	41	40	-1	82.0	80.0	-0.003322579199448228	-0.044168416410684586
best250_vs_highdrift_damp	764	50	29	28	-1	58.0	56.0	-0.003034386085346341	-0.014107856899499893
best250_vs_highdrift_damp	132	50	47	46	-1	94.0	92.0	-0.0029876388143748045	-0.05244952067732811
best250_vs_highdrift_damp	847	50	40	39	-1	80.0	78.0	-0.002965966472402215	-0.006396026816219091
best250_vs_highdrift_damp	908	50	33	32	-1	66.0	64.0	-0.0029301061294972897	0.011029682122170925
best250_vs_highdrift_damp	854	50	45	44	-1	90.0	88.0	-0.0027466572355479	-0.0069805048406124115
best250_vs_highdrift_damp	131	50	44	43	-1	88.0	86.0	-0.0025717373937368393	0.0035717582795768976
best250_vs_highdrift_damp	826	50	34	33	-1	68.0	66.0	-0.0025187302380800247	0.0023839569184929132
best250_vs_highdrift_damp	447	50	34	33	-1	68.0	66.0	-0.0024763753172010183	0.016628161072731018
best250_vs_highdrift_damp	391	50	43	42	-1	86.0	84.0	-0.0023935886565595865	0.0076500605791807175
best250_vs_highdrift_damp	119	50	39	38	-1	78.0	76.0	-0.002111679408699274	-0.0557791143655777
best250_vs_highdrift_damp	697	50	36	35	-1	72.0	70.0	-0.002048723166808486	-0.016661519184708595
best250_vs_highdrift_damp	35	50	35	34	-1	70.0	68.0	-0.001900015166029334	-0.021169882267713547
best250_vs_highdrift_damp	370	50	44	43	-1	88.0	86.0	-0.0018980206223204732	-0.05202697589993477
best250_vs_highdrift_damp	683	50	35	34	-1	70.0	68.0	-0.0018623722717165947	-0.05130038410425186
best250_vs_highdrift_damp	860	50	24	23	-1	48.0	46.0	-0.0018479758873581886	-0.07185795903205872
best250_vs_highdrift_damp	97	50	48	47	-1	96.0	94.0	-0.001693560159765184	-0.013088836334645748
best250_vs_highdrift_damp	77	50	38	37	-1	76.0	74.0	-0.0016292701475322247	0.017134055495262146
best250_vs_highdrift_damp	978	50	25	24	-1	50.0	48.0	-0.0015473138773813844	-0.014674492180347443
best250_vs_highdrift_damp	678	50	37	36	-1	74.0	72.0	-0.001443039975129068	-0.0031196116469800472
best250_vs_highdrift_damp	919	50	40	39	-1	80.0	78.0	-0.0014406419359147549	-0.017680244520306587
best250_vs_highdrift_damp	245	50	44	43	-1	88.0	86.0	-0.0013627836015075445	-0.014132947660982609
best250_vs_highdrift_damp	962	50	39	38	-1	78.0	76.0	-0.0013097679475322366	0.01564810797572136
best250_vs_highdrift_damp	977	50	32	31	-1	64.0	62.0	-0.0012429467169567943	-0.0018285178812220693
best250_vs_highdrift_damp	336	50	48	47	-1	96.0	94.0	-0.0011384341632947326	0.018986692652106285
best250_vs_highdrift_damp	214	50	46	45	-1	92.0	90.0	-0.0010844672797247767	-0.004882402252405882
best250_vs_highdrift_damp	482	50	14	13	-1	28.0	26.0	-0.00102927815169096	-0.02111865021288395
best250_vs_highdrift_damp	473	50	40	39	-1	80.0	78.0	-0.0009398502297699451	-0.044518329203128815
best250_vs_highdrift_damp	57	50	48	47	-1	96.0	94.0	-0.000704335339833051	0.005942849908024073
best250_vs_highdrift_damp	196	50	37	36	-1	74.0	72.0	-0.0006793409702368081	-0.046043720096349716
best250_vs_highdrift_damp	769	50	41	40	-1	82.0	80.0	-0.00044323474867269397	0.014364375732839108
best250_vs_highdrift_damp	185	50	35	34	-1	70.0	68.0	-0.0004352378600742668	0.03723981976509094
best250_vs_highdrift_damp	236	50	41	40	-1	82.0	80.0	-0.00041327887447550893	0.012717647477984428
best250_vs_highdrift_damp	479	50	23	22	-1	46.0	44.0	-0.0002389945148024708	-0.005317287519574165
best250_vs_highdrift_damp	395	50	41	40	-1	82.0	80.0	-9.370133193442598e-05	-0.08598757535219193
best250_vs_highdrift_damp	828	50	34	33	-1	68.0	66.0	8.200228330679238e-05	0.02762535959482193
best250_vs_highdrift_damp	363	50	47	46	-1	94.0	92.0	8.502811397193e-05	0.017009200528264046
best250_vs_highdrift_damp	677	50	37	36	-1	74.0	72.0	0.00010255008965032175	0.037833891808986664
best250_vs_highdrift_damp	74	50	30	29	-1	60.0	58.0	0.00020487442088779062	0.006223754957318306
best250_vs_highdrift_damp	506	50	40	39	-1	80.0	78.0	0.00023116458032745868	-0.01697598397731781
best250_vs_highdrift_damp	922	50	43	42	-1	86.0	84.0	0.000254374579526484	-0.002174158114939928
best250_vs_highdrift_damp	467	50	43	42	-1	86.0	84.0	0.00031072794809006155	-0.023773575201630592
best250_vs_highdrift_damp	172	50	41	40	-1	82.0	80.0	0.0004284936294425279	0.01450083777308464
best250_vs_highdrift_damp	282	50	13	12	-1	26.0	24.0	0.0006065389607101679	-0.03190910443663597
best250_vs_highdrift_damp	109	50	48	47	-1	96.0	94.0	0.0007385843782685697	0.03064807876944542
best250_vs_highdrift_damp	767	50	33	32	-1	66.0	64.0	0.0008800038485787809	-0.0028161238878965378
best250_vs_highdrift_damp	693	50	41	40	-1	82.0	80.0	0.0012479254510253668	0.014247436076402664
best250_vs_highdrift_damp	740	50	26	25	-1	52.0	50.0	0.001274304697290063	-0.022867297753691673
best250_vs_highdrift_damp	54	50	34	33	-1	68.0	66.0	0.001353154657408595	-0.005707502365112305
best250_vs_highdrift_damp	970	50	31	30	-1	62.0	60.0	0.0014637064887210727	-0.014377241022884846
best250_vs_highdrift_damp	191	50	45	44	-1	90.0	88.0	0.0015037516131997108	0.018295498564839363
best250_vs_highdrift_damp	608	50	38	37	-1	76.0	74.0	0.0015167599776759744	0.010791740380227566
best250_vs_highdrift_damp	807	50	41	40	-1	82.0	80.0	0.0015676070470362902	0.017102040350437164
best250_vs_highdrift_damp	293	50	48	47	-1	96.0	94.0	0.0016300780698657036	0.039283715188503265
best250_vs_highdrift_damp	623	50	18	17	-1	36.0	34.0	0.001879728166386485	-0.008031549863517284
best250_vs_highdrift_damp	454	50	33	32	-1	66.0	64.0	0.00197220710106194	0.010413656011223793
best250_vs_highdrift_damp	65	50	42	41	-1	84.0	82.0	0.002001313492655754	0.026531782001256943
best250_vs_highdrift_damp	83	50	49	48	-1	98.0	96.0	0.0021659857593476772	-0.006026687566190958
best250_vs_highdrift_damp	596	50	37	36	-1	74.0	72.0	0.0022638447117060423	0.023287124931812286
best250_vs_highdrift_damp	75	50	45	44	-1	90.0	88.0	0.0023240160662680864	0.02630220353603363
best250_vs_highdrift_damp	259	50	49	48	-1	98.0	96.0	0.0023941383697092533	-0.005902318749576807
best250_vs_highdrift_damp	650	50	31	30	-1	62.0	60.0	0.0024098006542772055	0.04496785253286362
best250_vs_highdrift_damp	905	50	36	35	-1	72.0	70.0	0.0028029049281030893	-0.037135545164346695
best250_vs_highdrift_damp	722	50	45	44	-1	90.0	88.0	0.002958448603749275	0.035919830203056335
best250_vs_highdrift_damp	643	50	35	34	-1	70.0	68.0	0.0029781032353639603	-0.02014683187007904
best250_vs_highdrift_damp	322	50	48	47	-1	96.0	94.0	0.0030059826094657183	0.00803698506206274
best250_vs_highdrift_damp	682	50	43	42	-1	86.0	84.0	0.003227934939786792	0.04588213935494423
best250_vs_highdrift_damp	178	50	48	47	-1	96.0	94.0	0.003539751283824444	0.01167516689747572
best250_vs_highdrift_damp	55	50	34	33	-1	68.0	66.0	0.003555913222953677	0.02590969018638134
best250_vs_highdrift_damp	708	50	32	31	-1	64.0	62.0	0.003645641263574362	0.04061431810259819
best250_vs_highdrift_damp	619	50	34	33	-1	68.0	66.0	0.0037875704001635313	0.016219481825828552
best250_vs_highdrift_damp	111	50	47	46	-1	94.0	92.0	0.003906333353370428	0.08623433858156204
best250_vs_highdrift_damp	46	50	27	26	-1	54.0	52.0	0.00394218135625124	0.03894074261188507
best250_vs_highdrift_damp	160	50	50	49	-1	100.0	98.0	0.004106719046831131	0.07265374064445496
best250_vs_highdrift_damp	47	50	41	40	-1	82.0	80.0	0.0041444492526352406	-0.04010355845093727
best250_vs_highdrift_damp	112	50	43	42	-1	86.0	84.0	0.004584848415106535	0.05307085067033768
best250_vs_highdrift_damp	649	50	47	46	-1	94.0	92.0	0.004687649197876453	0.017480064183473587
best250_vs_highdrift_damp	772	50	36	35	-1	72.0	70.0	0.00486569432541728	0.009994268417358398
best250_vs_highdrift_damp	240	50	21	20	-1	42.0	40.0	0.0050128609873354435	0.012780733406543732
best250_vs_highdrift_damp	432	50	43	42	-1	86.0	84.0	0.0050226058810949326	0.08353665471076965
best250_vs_highdrift_damp	452	50	39	38	-1	78.0	76.0	0.005113366991281509	0.04814336821436882
best250_vs_highdrift_damp	830	50	33	32	-1	66.0	64.0	0.005683678202331066	0.06754932552576065
best250_vs_highdrift_damp	814	50	49	48	-1	98.0	96.0	0.0058399648405611515	0.05107598006725311
best250_vs_highdrift_damp	166	50	37	36	-1	74.0	72.0	0.006359600927680731	0.04186907783150673
best250_vs_highdrift_damp	459	50	34	33	-1	68.0	66.0	0.006372347008436918	0.05722511187195778
best250_vs_highdrift_damp	173	50	40	39	-1	80.0	78.0	0.006460215896368027	0.0549071803689003
best250_vs_highdrift_damp	595	50	43	42	-1	86.0	84.0	0.0066496217623353004	0.011610575020313263
best250_vs_highdrift_damp	588	50	37	36	-1	74.0	72.0	0.007378907408565283	-0.0014707469381392002
best250_vs_highdrift_damp	433	50	43	42	-1	86.0	84.0	0.0074804965406656265	0.01799263060092926
best250_vs_highdrift_damp	885	50	16	15	-1	32.0	30.0	0.007566028740257025	0.020268650725483894
best250_vs_highdrift_damp	736	50	46	45	-1	92.0	90.0	0.007596707437187433	0.11890847235918045
best250_vs_highdrift_damp	976	50	31	30	-1	62.0	60.0	0.008167743682861328	0.03071633353829384
best250_vs_highdrift_damp	541	50	28	27	-1	56.0	54.0	0.008460299111902714	0.0316598117351532
best250_vs_highdrift_damp	983	50	47	46	-1	94.0	92.0	0.00928516499698162	0.03995857387781143
best250_vs_highdrift_damp	856	50	32	31	-1	64.0	62.0	0.011114737018942833	0.06446070969104767
best250_vs_highdrift_damp	748	50	30	29	-1	60.0	58.0	0.012273545376956463	-0.012325010262429714
best250_vs_highdrift_damp	522	50	48	48	0	96.0	96.0	-0.01894775964319706	-0.09787562489509583
best250_vs_highdrift_damp	679	50	49	49	0	98.0	98.0	-0.01876932568848133	-0.13957329094409943
best250_vs_highdrift_damp	357	50	47	47	0	94.0	94.0	-0.014208550564944744	-0.0832139328122139
best250_vs_highdrift_damp	106	50	41	41	0	82.0	82.0	-0.014185433275997639	-0.005759506020694971
best250_vs_highdrift_damp	717	50	36	36	0	72.0	72.0	-0.01412538904696703	-0.0724620521068573
best250_vs_highdrift_damp	797	50	35	35	0	70.0	70.0	-0.012955239042639732	-0.02742847427725792
best250_vs_highdrift_damp	575	50	42	42	0	84.0	84.0	-0.012953272089362144	-0.083768330514431
best250_vs_highdrift_damp	279	50	49	49	0	98.0	98.0	-0.012927811592817307	-0.11085563898086548
best250_vs_highdrift_damp	721	50	43	43	0	86.0	86.0	-0.012905302457511425	-0.11617457121610641
best250_vs_highdrift_damp	86	50	44	44	0	88.0	88.0	-0.012516684830188751	-0.06000000983476639
best250_vs_highdrift_damp	915	50	48	48	0	96.0	96.0	-0.012466507032513618	-0.08978377282619476
best250_vs_highdrift_damp	813	50	25	25	0	50.0	50.0	-0.012329408898949623	-0.06011386960744858
best250_vs_highdrift_damp	985	50	49	49	0	98.0	98.0	-0.012286691926419735	-0.08312936872243881
best250_vs_highdrift_damp	903	50	45	45	0	90.0	90.0	-0.012234660796821117	-0.06579515337944031
best250_vs_highdrift_damp	510	50	46	46	0	92.0	92.0	-0.0120366420596838	-0.07065312564373016
best250_vs_highdrift_damp	909	50	31	31	0	62.0	62.0	-0.011893224902451038	-0.04085354879498482
best250_vs_highdrift_damp	353	50	36	36	0	72.0	72.0	-0.011829007416963577	-0.0680474266409874
best250_vs_highdrift_damp	806	50	34	34	0	68.0	68.0	-0.011821219697594643	-0.054232243448495865
best250_vs_highdrift_damp	897	50	45	45	0	90.0	90.0	-0.011366205289959908	-0.12091337889432907
best250_vs_highdrift_damp	578	50	37	37	0	74.0	74.0	-0.011344457045197487	-0.09367441385984421
best250_vs_highdrift_damp	872	50	38	38	0	76.0	76.0	-0.011271086521446705	-0.04054280370473862
best250_vs_highdrift_damp	430	50	49	49	0	98.0	98.0	-0.011078942567110062	-0.09955894201993942
best250_vs_highdrift_damp	486	50	45	45	0	90.0	90.0	-0.010809495113790035	-0.0379832461476326
best250_vs_highdrift_damp	412	50	37	37	0	74.0	74.0	-0.010178761556744576	-0.08800649642944336
best250_vs_highdrift_damp	549	50	30	30	0	60.0	60.0	-0.0101659270003438	-0.021829375997185707
best250_vs_highdrift_damp	67	50	43	43	0	86.0	86.0	-0.010098481550812721	-0.022588005289435387
best250_vs_highdrift_damp	829	50	46	46	0	92.0	92.0	-0.009966431185603142	-0.04169701412320137
best250_vs_highdrift_damp	411	50	39	39	0	78.0	78.0	-0.00987269077450037	-0.03562949225306511
best250_vs_highdrift_damp	512	50	49	49	0	98.0	98.0	-0.009708726778626442	-0.04813017696142197
best250_vs_highdrift_damp	490	50	39	39	0	78.0	78.0	-0.009551418013870716	-0.060399264097213745
best250_vs_highdrift_damp	940	50	46	46	0	92.0	92.0	-0.009494014084339142	-0.0649459958076477
best250_vs_highdrift_damp	23	50	49	49	0	98.0	98.0	-0.009437840431928635	-0.08199670910835266
best250_vs_highdrift_damp	474	50	39	39	0	78.0	78.0	-0.009354949928820133	-0.06471174210309982
best250_vs_highdrift_damp	409	50	35	35	0	70.0	70.0	-0.009324080310761929	-0.03207620605826378
best250_vs_highdrift_damp	554	50	49	49	0	98.0	98.0	-0.009310847148299217	-0.037344228476285934
best250_vs_highdrift_damp	59	50	36	36	0	72.0	72.0	-0.009264414198696613	-0.005172471981495619
best250_vs_highdrift_damp	91	50	46	46	0	92.0	92.0	-0.009257817640900612	-0.0977696031332016
best250_vs_highdrift_damp	366	50	42	42	0	84.0	84.0	-0.00921226479113102	-0.05670523643493652
best250_vs_highdrift_damp	703	50	40	40	0	80.0	80.0	-0.009083091281354427	0.0031639765948057175
best250_vs_highdrift_damp	328	50	46	46	0	92.0	92.0	-0.009079121984541416	-0.014416179619729519
best250_vs_highdrift_damp	571	50	46	46	0	92.0	92.0	-0.00904724933207035	-0.036702271550893784
best250_vs_highdrift_damp	122	50	45	45	0	90.0	90.0	-0.009010277688503265	-0.022497177124023438
best250_vs_highdrift_damp	759	50	40	40	0	80.0	80.0	-0.00900346226990223	-0.0455901063978672
best250_vs_highdrift_damp	276	50	47	47	0	94.0	94.0	-0.008961544372141361	-0.07496630400419235
best250_vs_highdrift_damp	254	50	49	49	0	98.0	98.0	-0.008917086757719517	-0.06808655709028244
best250_vs_highdrift_damp	292	50	48	48	0	96.0	96.0	-0.00890364870429039	-0.07829547673463821
best250_vs_highdrift_damp	952	50	46	46	0	92.0	92.0	-0.008893677964806557	-0.08021818846464157
best250_vs_highdrift_damp	168	50	44	44	0	88.0	88.0	-0.008634963072836399	-0.03867919743061066
best250_vs_highdrift_damp	189	50	42	42	0	84.0	84.0	-0.0085997823625803	-0.03231306001543999
best250_vs_highdrift_damp	665	50	40	40	0	80.0	80.0	-0.008586044423282146	-0.024458017200231552
best250_vs_highdrift_damp	469	50	34	34	0	68.0	68.0	-0.00839622039347887	-0.040087901055812836
best250_vs_highdrift_damp	2	50	41	41	0	82.0	82.0	-0.008357862010598183	-0.026249999180436134
best250_vs_highdrift_damp	850	50	44	44	0	88.0	88.0	-0.00831751897931099	-0.012903699651360512
best250_vs_highdrift_damp	169	50	49	49	0	98.0	98.0	-0.008266571909189224	-0.05321250110864639
best250_vs_highdrift_damp	534	50	32	32	0	64.0	64.0	-0.008259288966655731	-0.044647444039583206
best250_vs_highdrift_damp	509	50	32	32	0	64.0	64.0	-0.008235234767198563	0.05636080726981163
best250_vs_highdrift_damp	396	50	48	48	0	96.0	96.0	-0.00823073461651802	-0.03607971966266632
best250_vs_highdrift_damp	925	50	30	30	0	60.0	60.0	-0.00819642934948206	-0.0011067581363022327
best250_vs_highdrift_damp	533	50	47	47	0	94.0	94.0	-0.008168436586856842	-0.05000000074505806
best250_vs_highdrift_damp	331	50	47	47	0	94.0	94.0	-0.008043085224926472	-0.04529820382595062
best250_vs_highdrift_damp	739	50	48	48	0	96.0	96.0	-0.007964195683598518	-0.059709060937166214
best250_vs_highdrift_damp	93	50	48	48	0	96.0	96.0	-0.007932847365736961	-0.06012818217277527
best250_vs_highdrift_damp	102	50	50	50	0	100.0	100.0	-0.00791603047400713	-0.025000018998980522
best250_vs_highdrift_damp	904	50	33	33	0	66.0	66.0	-0.007905089296400547	-0.07490374892950058
best250_vs_highdrift_damp	104	50	45	45	0	90.0	90.0	-0.007887890562415123	-0.03164822608232498
best250_vs_highdrift_damp	167	50	19	19	0	38.0	38.0	-0.007882225327193737	-0.032609280198812485
best250_vs_highdrift_damp	660	50	35	35	0	70.0	70.0	-0.007770142983645201	-0.06674719601869583
best250_vs_highdrift_damp	360	50	41	41	0	82.0	82.0	-0.007761998102068901	-0.037445470690727234
best250_vs_highdrift_damp	552	50	45	45	0	90.0	90.0	-0.00775240920484066	-0.03192313015460968
best250_vs_highdrift_damp	84	50	48	48	0	96.0	96.0	-0.007661221548914909	-0.05152419954538345
best250_vs_highdrift_damp	375	50	45	45	0	90.0	90.0	-0.007634832989424467	-0.05851469188928604
best250_vs_highdrift_damp	229	50	49	49	0	98.0	98.0	-0.007594633847475052	-0.032536230981349945
best250_vs_highdrift_damp	825	50	42	42	0	84.0	84.0	-0.007432937156409025	-0.04175230860710144
best250_vs_highdrift_damp	419	50	43	43	0	86.0	86.0	-0.007408231031149626	-0.00982513464987278
best250_vs_highdrift_damp	29	50	47	47	0	94.0	94.0	-0.007396293804049492	-0.08918613195419312
best250_vs_highdrift_damp	334	50	46	46	0	92.0	92.0	-0.007380123715847731	-0.025612955912947655
best250_vs_highdrift_damp	217	50	47	47	0	94.0	94.0	-0.0073400395922362804	-0.02187499962747097
best250_vs_highdrift_damp	928	50	37	37	0	74.0	74.0	-0.007255790755152702	-0.045602742582559586
best250_vs_highdrift_damp	318	50	43	43	0	86.0	86.0	-0.007112104445695877	0.03211641311645508
best250_vs_highdrift_damp	599	50	40	40	0	80.0	80.0	-0.00710006058216095	-0.021338939666748047
best250_vs_highdrift_damp	49	50	40	40	0	80.0	80.0	-0.007075331639498472	-0.05483700707554817
best250_vs_highdrift_damp	550	50	40	40	0	80.0	80.0	-0.00706673227250576	0.0025393390096724033
best250_vs_highdrift_damp	783	50	49	49	0	98.0	98.0	-0.007026453036814928	-0.051055908203125
best250_vs_highdrift_damp	953	50	48	48	0	96.0	96.0	-0.006902977824211121	-0.01691831648349762
best250_vs_highdrift_damp	734	50	44	44	0	88.0	88.0	-0.006810014136135578	-0.046712301671504974
best250_vs_highdrift_damp	213	50	43	43	0	86.0	86.0	-0.006788674741983414	-0.031257953494787216
best250_vs_highdrift_damp	373	50	41	41	0	82.0	82.0	-0.006690206006169319	-0.036456137895584106
best250_vs_highdrift_damp	142	50	45	45	0	90.0	90.0	-0.006683086045086384	-0.02200666442513466
best250_vs_highdrift_damp	852	50	43	43	0	86.0	86.0	-0.0066013946197927	-0.01950654946267605
best250_vs_highdrift_damp	837	50	20	20	0	40.0	40.0	-0.006596740335226059	-0.024412335827946663
best250_vs_highdrift_damp	954	50	45	45	0	90.0	90.0	-0.006569011136889458	-0.03299269825220108
best250_vs_highdrift_damp	556	50	32	32	0	64.0	64.0	-0.006541088223457336	-0.0826558992266655
best250_vs_highdrift_damp	48	50	48	48	0	96.0	96.0	-0.0064873541705310345	0.004651231691241264
best250_vs_highdrift_damp	37	50	45	45	0	90.0	90.0	-0.00644413847476244	-0.05219853296875954
best250_vs_highdrift_damp	312	50	36	36	0	72.0	72.0	-0.00640123151242733	-0.02605156973004341
best250_vs_highdrift_damp	341	50	30	30	0	60.0	60.0	-0.006400579120963812	-0.033737048506736755
best250_vs_highdrift_damp	392	50	49	49	0	98.0	98.0	-0.006312327925115824	-0.05886727198958397
best250_vs_highdrift_damp	880	50	47	47	0	94.0	94.0	-0.006255702581256628	0.026377735659480095
best250_vs_highdrift_damp	798	50	41	41	0	82.0	82.0	-0.006238420028239489	-0.028108559548854828
best250_vs_highdrift_damp	354	50	48	48	0	96.0	96.0	-0.006225153338164091	-0.07731010764837265
best250_vs_highdrift_damp	466	50	48	48	0	96.0	96.0	-0.006211319472640753	-0.07949456572532654
best250_vs_highdrift_damp	89	50	49	49	0	98.0	98.0	-0.00613530445843935	-0.019052691757678986
best250_vs_highdrift_damp	653	50	36	36	0	72.0	72.0	-0.006085129454731941	-0.04827510938048363
best250_vs_highdrift_damp	809	50	35	35	0	70.0	70.0	-0.006071918178349733	-0.04617823660373688
best250_vs_highdrift_damp	757	50	43	43	0	86.0	86.0	-0.006014639046043158	-0.041506994515657425
best250_vs_highdrift_damp	397	50	46	46	0	92.0	92.0	-0.00599139928817749	-0.03631966561079025
best250_vs_highdrift_damp	135	50	50	50	0	100.0	100.0	-0.005980979185551405	-0.025444306433200836
best250_vs_highdrift_damp	255	50	50	50	0	100.0	100.0	-0.005969030782580376	-0.029647445306181908
best250_vs_highdrift_damp	382	50	42	42	0	84.0	84.0	-0.005923145450651646	-0.0027505778707563877
best250_vs_highdrift_damp	149	50	44	44	0	88.0	88.0	-0.005908116232603788	-0.10753481090068817
best250_vs_highdrift_damp	20	50	44	44	0	88.0	88.0	-0.0059004537761211395	-0.05175322666764259
best250_vs_highdrift_damp	530	50	33	33	0	66.0	66.0	-0.005845503881573677	-0.01797526329755783
best250_vs_highdrift_damp	50	50	44	44	0	88.0	88.0	-0.00573455635458231	0.032928258180618286
best250_vs_highdrift_damp	320	50	45	45	0	90.0	90.0	-0.005726071540266275	-0.005625009536743164
best250_vs_highdrift_damp	629	50	42	42	0	84.0	84.0	-0.005696631036698818	-0.029649047181010246
best250_vs_highdrift_damp	184	50	39	39	0	78.0	78.0	-0.005660558119416237	-0.06865701824426651
best250_vs_highdrift_damp	372	50	47	47	0	94.0	94.0	-0.005647043697535992	-0.02998693473637104
best250_vs_highdrift_damp	261	50	48	48	0	96.0	96.0	-0.005630396772176027	-0.036249998956918716
best250_vs_highdrift_damp	789	50	39	39	0	78.0	78.0	-0.005609193351119757	-0.05338333174586296
best250_vs_highdrift_damp	531	50	30	30	0	60.0	60.0	-0.005603307858109474	-0.021257152780890465
best250_vs_highdrift_damp	501	50	20	20	0	40.0	40.0	-0.005579751916229725	-0.08415980637073517
best250_vs_highdrift_damp	518	50	48	48	0	96.0	96.0	-0.005574178881943226	-0.0488932803273201
best250_vs_highdrift_damp	776	50	37	37	0	74.0	74.0	-0.0055170017294585705	-0.021787863224744797
best250_vs_highdrift_damp	529	50	40	40	0	80.0	80.0	-0.005507062654942274	-0.01313256286084652
best250_vs_highdrift_damp	840	50	45	45	0	90.0	90.0	-0.0054829115979373455	-0.034579504281282425
best250_vs_highdrift_damp	498	50	37	37	0	74.0	74.0	-0.005472229793667793	-0.023087158799171448
best250_vs_highdrift_damp	974	50	48	48	0	96.0	96.0	-0.005398152861744165	-0.02776358649134636
best250_vs_highdrift_damp	939	50	42	42	0	84.0	84.0	-0.005356965586543083	0.03253357857465744
best250_vs_highdrift_damp	475	50	47	47	0	94.0	94.0	-0.0053375493735075	-0.059473324567079544
best250_vs_highdrift_damp	235	50	42	42	0	84.0	84.0	-0.005291641224175692	-0.008786630816757679
best250_vs_highdrift_damp	535	50	49	49	0	98.0	98.0	-0.005266563966870308	-0.061953239142894745
best250_vs_highdrift_damp	858	50	40	40	0	80.0	80.0	-0.005249400157481432	-0.018715495243668556
best250_vs_highdrift_damp	777	50	43	43	0	86.0	86.0	-0.005242939107120037	-0.05873076617717743
best250_vs_highdrift_damp	701	50	48	48	0	96.0	96.0	-0.005170232616364956	-0.022649163380265236
best250_vs_highdrift_damp	671	50	39	39	0	78.0	78.0	-0.005128558725118637	-0.013764925301074982
best250_vs_highdrift_damp	835	50	42	42	0	84.0	84.0	-0.005127800162881613	0.011938934214413166
best250_vs_highdrift_damp	832	50	46	46	0	92.0	92.0	-0.005014074966311455	-0.04718590900301933
best250_vs_highdrift_damp	429	50	42	42	0	84.0	84.0	-0.004944839980453253	-0.021341027691960335
best250_vs_highdrift_damp	874	50	50	50	0	100.0	100.0	-0.004926189314574003	-0.055396612733602524
best250_vs_highdrift_damp	45	50	43	43	0	86.0	86.0	-0.004717172589153051	0.02854974754154682
best250_vs_highdrift_damp	688	50	47	47	0	94.0	94.0	-0.004667969886213541	-0.04279249161481857
best250_vs_highdrift_damp	264	50	34	34	0	68.0	68.0	-0.004615912679582834	-0.0262877456843853
best250_vs_highdrift_damp	658	50	36	36	0	72.0	72.0	-0.004547690041363239	-0.054004982113838196
best250_vs_highdrift_damp	513	50	37	37	0	74.0	74.0	-0.004537516739219427	-0.01732509583234787
best250_vs_highdrift_damp	999	50	26	26	0	52.0	52.0	-0.00448085181415081	-0.0283218864351511
best250_vs_highdrift_damp	771	50	45	45	0	90.0	90.0	-0.0044614216312766075	-0.054680004715919495
best250_vs_highdrift_damp	337	50	41	41	0	82.0	82.0	-0.00444422522559762	-0.04606057330965996
best250_vs_highdrift_damp	690	50	46	46	0	92.0	92.0	-0.004401461686939001	-0.006203804165124893
best250_vs_highdrift_damp	594	50	49	49	0	98.0	98.0	-0.004379667807370424	-0.07787040621042252
best250_vs_highdrift_damp	728	50	28	28	0	56.0	56.0	-0.004361385479569435	-0.05170836299657822
best250_vs_highdrift_damp	150	50	47	47	0	94.0	94.0	-0.004357915837317705	-0.006003074813634157
best250_vs_highdrift_damp	900	50	48	48	0	96.0	96.0	-0.004354159347712994	-0.054549332708120346
best250_vs_highdrift_damp	15	50	48	48	0	96.0	96.0	-0.004353489261120558	-0.017064228653907776
best250_vs_highdrift_damp	163	50	29	29	0	58.0	58.0	-0.004328523762524128	-0.018991384655237198
best250_vs_highdrift_damp	566	50	41	41	0	82.0	82.0	-0.004317321348935366	-0.021247530356049538
best250_vs_highdrift_damp	61	50	43	43	0	86.0	86.0	-0.004282378125935793	-0.05522765964269638
best250_vs_highdrift_damp	306	50	44	44	0	88.0	88.0	-0.00426017539575696	-0.007773017976433039
best250_vs_highdrift_damp	340	50	48	48	0	96.0	96.0	-0.004224800039082766	-0.049988679587841034
best250_vs_highdrift_damp	866	50	45	45	0	90.0	90.0	-0.0041928282007575035	-0.05249369516968727
best250_vs_highdrift_damp	932	50	42	42	0	84.0	84.0	-0.004167676437646151	-0.0009961986215785146
best250_vs_highdrift_damp	3	50	39	39	0	78.0	78.0	-0.0040944721549749374	0.005387182347476482
best250_vs_highdrift_damp	251	50	49	49	0	98.0	98.0	-0.0040099238976836205	-0.05848541110754013
best250_vs_highdrift_damp	574	50	47	47	0	94.0	94.0	-0.00400055106729269	-0.0520506389439106
best250_vs_highdrift_damp	941	50	40	40	0	80.0	80.0	-0.003999695181846619	-0.01852748915553093
best250_vs_highdrift_damp	123	50	43	43	0	86.0	86.0	-0.0039610485546290874	0.007457470986992121
best250_vs_highdrift_damp	844	50	36	36	0	72.0	72.0	-0.003912212792783976	-0.006273155100643635
best250_vs_highdrift_damp	991	50	49	49	0	98.0	98.0	-0.003892874112352729	-0.03125
best250_vs_highdrift_damp	635	50	32	32	0	64.0	64.0	-0.003852566471323371	-0.04942074790596962
best250_vs_highdrift_damp	406	50	38	38	0	76.0	76.0	-0.0038063721731305122	-0.005356111563742161
best250_vs_highdrift_damp	11	50	49	49	0	98.0	98.0	-0.003796648932620883	-0.009550618939101696
best250_vs_highdrift_damp	888	50	42	42	0	84.0	84.0	-0.003773426404222846	0.00679745664820075
best250_vs_highdrift_damp	816	50	48	48	0	96.0	96.0	-0.0037355897948145866	-0.05746851861476898
best250_vs_highdrift_damp	957	50	47	47	0	94.0	94.0	-0.0037348559126257896	-0.02908390946686268
best250_vs_highdrift_damp	752	50	42	42	0	84.0	84.0	-0.003641179297119379	-0.016576500609517097
best250_vs_highdrift_damp	32	50	24	24	0	48.0	48.0	-0.003557163290679455	0.019871139898896217
best250_vs_highdrift_damp	971	50	44	44	0	88.0	88.0	-0.003555052215233445	-0.022464847192168236
best250_vs_highdrift_damp	724	50	42	42	0	84.0	84.0	-0.003545008599758148	-0.019209403544664383
best250_vs_highdrift_damp	873	50	48	48	0	96.0	96.0	-0.003529373789206147	-0.04114355146884918
best250_vs_highdrift_damp	930	50	33	33	0	66.0	66.0	-0.0035194093361496925	-0.008791389875113964
best250_vs_highdrift_damp	738	50	42	42	0	84.0	84.0	-0.0034615457989275455	0.003363590221852064
best250_vs_highdrift_damp	795	50	43	43	0	86.0	86.0	-0.0034174947068095207	-0.06170661747455597
best250_vs_highdrift_damp	901	50	34	34	0	68.0	68.0	-0.0034115645103156567	0.005153169855475426
best250_vs_highdrift_damp	862	50	39	39	0	78.0	78.0	-0.003360313829034567	-0.08293040096759796
best250_vs_highdrift_damp	965	50	43	43	0	86.0	86.0	-0.0032917307689785957	0.07785110175609589
best250_vs_highdrift_damp	569	50	48	48	0	96.0	96.0	-0.003209151094779372	-0.07495192438364029
best250_vs_highdrift_damp	410	50	45	45	0	90.0	90.0	-0.0032091354951262474	0.01526268944144249
best250_vs_highdrift_damp	951	50	40	40	0	80.0	80.0	-0.00319106038659811	-0.04050980508327484
best250_vs_highdrift_damp	685	50	48	48	0	96.0	96.0	-0.0031573933083564043	0.010037193074822426
best250_vs_highdrift_damp	883	50	27	27	0	54.0	54.0	-0.003136579878628254	-0.10582750290632248
best250_vs_highdrift_damp	581	50	41	41	0	82.0	82.0	-0.003082740819081664	0.006146764848381281
best250_vs_highdrift_damp	194	50	42	42	0	84.0	84.0	-0.003066303441300988	-0.032971516251564026
best250_vs_highdrift_damp	645	50	50	50	0	100.0	100.0	-0.0030517708510160446	-0.01841501146554947
best250_vs_highdrift_damp	958	50	47	47	0	94.0	94.0	-0.0029881945811212063	0.005247793160378933
best250_vs_highdrift_damp	460	50	36	36	0	72.0	72.0	-0.0029417790938168764	0.012088289484381676
best250_vs_highdrift_damp	450	50	48	48	0	96.0	96.0	-0.002877534134313464	-0.0408787727355957
best250_vs_highdrift_damp	141	50	46	46	0	92.0	92.0	-0.002841226989403367	0.03272649645805359
best250_vs_highdrift_damp	26	50	31	31	0	62.0	62.0	-0.0028381270822137594	0.023255910724401474
best250_vs_highdrift_damp	310	50	40	40	0	80.0	80.0	-0.00283688772469759	-0.0722900778055191
best250_vs_highdrift_damp	561	50	47	47	0	94.0	94.0	-0.0027965842746198177	0.01830785721540451
best250_vs_highdrift_damp	181	50	47	47	0	94.0	94.0	-0.002769285114482045	0.046750251203775406
best250_vs_highdrift_damp	812	50	48	48	0	96.0	96.0	-0.0027602429036051035	-0.053619299083948135
best250_vs_highdrift_damp	183	50	46	46	0	92.0	92.0	-0.0027399843093007803	0.04692304506897926
best250_vs_highdrift_damp	197	50	43	43	0	86.0	86.0	-0.002731642220169306	-0.024797525256872177
best250_vs_highdrift_damp	926	50	44	44	0	88.0	88.0	-0.0026816052850335836	-0.033305417746305466
best250_vs_highdrift_damp	973	50	38	38	0	76.0	76.0	-0.0026636808179318905	0.014389476738870144
best250_vs_highdrift_damp	753	50	41	41	0	82.0	82.0	-0.002659018151462078	0.033570095896720886
best250_vs_highdrift_damp	532	50	41	41	0	82.0	82.0	-0.0026555927470326424	-0.027885256335139275
best250_vs_highdrift_damp	105	50	46	46	0	92.0	92.0	-0.002655405318364501	0.06499999761581421
best250_vs_highdrift_damp	766	50	44	44	0	88.0	88.0	-0.002627809066325426	-0.042154256254434586
best250_vs_highdrift_damp	40	50	32	32	0	64.0	64.0	-0.002607997739687562	-0.004374942742288113
best250_vs_highdrift_damp	793	50	42	42	0	84.0	84.0	-0.002552854362875223	-0.034095946699380875
best250_vs_highdrift_damp	781	50	45	45	0	90.0	90.0	-0.002522854832932353	0.007330598775297403
best250_vs_highdrift_damp	5	50	44	44	0	88.0	88.0	-0.0024774139747023582	-0.002877149498090148
best250_vs_highdrift_damp	281	50	38	38	0	76.0	76.0	-0.002435488160699606	0.015104303136467934
best250_vs_highdrift_damp	995	50	50	50	0	100.0	100.0	-0.0024141871836036444	-0.007036666851490736
best250_vs_highdrift_damp	362	50	44	44	0	88.0	88.0	-0.0023241532035171986	-0.016208648681640625
best250_vs_highdrift_damp	143	50	49	49	0	98.0	98.0	-0.00230909651145339	-0.05713711678981781
best250_vs_highdrift_damp	309	50	43	43	0	86.0	86.0	-0.0022884092759341	-0.029865704476833344
best250_vs_highdrift_damp	342	50	45	45	0	90.0	90.0	-0.002279778243973851	-0.001875009504146874
best250_vs_highdrift_damp	972	50	36	36	0	72.0	72.0	-0.00225532497279346	-0.01375000923871994
best250_vs_highdrift_damp	96	50	46	46	0	92.0	92.0	-0.0022498387843370438	-0.054433975368738174
best250_vs_highdrift_damp	966	50	34	34	0	68.0	68.0	-0.0022491905838251114	-0.04591592773795128
best250_vs_highdrift_damp	347	50	45	45	0	90.0	90.0	-0.002186969853937626	0.023658981546759605
best250_vs_highdrift_damp	504	50	32	32	0	64.0	64.0	-0.0021634220611304045	-0.0466802604496479
best250_vs_highdrift_damp	22	50	50	50	0	100.0	100.0	-0.0021455222740769386	0.022036762908101082
best250_vs_highdrift_damp	369	50	41	41	0	82.0	82.0	-0.0021362598054111004	-0.00842392910271883
best250_vs_highdrift_damp	576	50	49	49	0	98.0	98.0	-0.0020813154987990856	0.0069848825223743916
best250_vs_highdrift_damp	448	50	46	46	0	92.0	92.0	-0.002074017422273755	0.012805108912289143
best250_vs_highdrift_damp	239	50	49	49	0	98.0	98.0	-0.0020601944997906685	0.001587018952704966
best250_vs_highdrift_damp	609	50	38	38	0	76.0	76.0	-0.0020558468531817198	0.010737419128417969
best250_vs_highdrift_damp	745	50	36	36	0	72.0	72.0	-0.0020534563809633255	-0.059252072125673294
best250_vs_highdrift_damp	343	50	48	48	0	96.0	96.0	-0.00204696087166667	-0.02438124641776085
best250_vs_highdrift_damp	770	50	42	42	0	84.0	84.0	-0.0020355277229100466	-0.02690066397190094
best250_vs_highdrift_damp	982	50	41	41	0	82.0	82.0	-0.0020037079229950905	0.026076870039105415
best250_vs_highdrift_damp	948	50	47	47	0	94.0	94.0	-0.00197492609731853	-0.012325734831392765
best250_vs_highdrift_damp	117	50	45	45	0	90.0	90.0	-0.001969396835193038	-0.03689781203866005
best250_vs_highdrift_damp	425	50	47	47	0	94.0	94.0	-0.0019328409107401967	0.0014423751272261143
best250_vs_highdrift_damp	393	50	48	48	0	96.0	96.0	-0.0019165369449183345	-0.00033727646223269403
best250_vs_highdrift_damp	426	50	45	45	0	90.0	90.0	-0.0019010151736438274	-0.0036535931285470724
best250_vs_highdrift_damp	219	50	43	43	0	86.0	86.0	-0.0018783918349072337	-0.04793272912502289
best250_vs_highdrift_damp	855	50	38	38	0	76.0	76.0	-0.0018728893483057618	-0.010086250491440296
best250_vs_highdrift_damp	350	50	48	48	0	96.0	96.0	-0.0018501088488847017	0.03082813322544098
best250_vs_highdrift_damp	613	50	47	47	0	94.0	94.0	-0.0018220788333564997	-0.029234858229756355
best250_vs_highdrift_damp	735	50	34	34	0	68.0	68.0	-0.0018191131530329585	-0.02999684400856495
best250_vs_highdrift_damp	462	50	37	37	0	74.0	74.0	-0.00169554038438946	-0.05069039389491081
best250_vs_highdrift_damp	654	50	40	40	0	80.0	80.0	-0.0016757913399487734	-0.006540021859109402
best250_vs_highdrift_damp	19	50	50	50	0	100.0	100.0	-0.0016517841722816229	-0.047749556601047516
best250_vs_highdrift_damp	228	50	46	46	0	92.0	92.0	-0.0016262495191767812	-0.030808888375759125
best250_vs_highdrift_damp	356	50	22	22	0	44.0	44.0	-0.001623922842554748	-0.0054763127118349075
best250_vs_highdrift_damp	10	50	48	48	0	96.0	96.0	-0.0015946965431794524	1.3628005945065524e-05
best250_vs_highdrift_damp	936	50	46	46	0	92.0	92.0	-0.0015653286827728152	0.004747371654957533
best250_vs_highdrift_damp	998	50	25	25	0	50.0	50.0	-0.0015597624005749822	0.02151496894657612
best250_vs_highdrift_damp	815	50	36	36	0	72.0	72.0	-0.001553487149067223	-0.0159771628677845
best250_vs_highdrift_damp	875	50	43	43	0	86.0	86.0	-0.0015028927009552717	-0.016180258244276047
best250_vs_highdrift_damp	16	50	46	46	0	92.0	92.0	-0.0014885441632941365	0.05049533769488335
best250_vs_highdrift_damp	461	50	27	27	0	54.0	54.0	-0.0014828656567260623	0.0008522319840267301
best250_vs_highdrift_damp	565	50	50	50	0	100.0	100.0	-0.001482012216001749	-0.020165644586086273
best250_vs_highdrift_damp	746	50	46	46	0	92.0	92.0	-0.0014751084381714463	-0.03266482427716255
best250_vs_highdrift_damp	947	50	21	21	0	42.0	42.0	-0.0014605155447497964	0.009687500074505806
best250_vs_highdrift_damp	190	50	45	45	0	90.0	90.0	-0.0014477852964773774	0.005896377377212048
best250_vs_highdrift_damp	960	50	33	33	0	66.0	66.0	-0.001441190717741847	-0.0011323165381327271
best250_vs_highdrift_damp	514	50	38	38	0	76.0	76.0	-0.0013960604555904865	-0.04321182146668434
best250_vs_highdrift_damp	94	50	48	48	0	96.0	96.0	-0.001375937950797379	-0.05242394283413887
best250_vs_highdrift_damp	126	50	40	40	0	80.0	80.0	-0.001342379255220294	0.004619130864739418
best250_vs_highdrift_damp	572	50	36	36	0	72.0	72.0	-0.001324537442997098	-0.030319109559059143
best250_vs_highdrift_damp	737	50	34	34	0	68.0	68.0	-0.0013222518609836698	-0.01912527158856392
best250_vs_highdrift_damp	401	50	45	45	0	90.0	90.0	-0.0012711032759398222	-0.02055494301021099
best250_vs_highdrift_damp	114	50	42	42	0	84.0	84.0	-0.0012335415231063962	-0.009784460067749023
best250_vs_highdrift_damp	597	50	37	37	0	74.0	74.0	-0.0012196754105389118	0.009571705013513565
best250_vs_highdrift_damp	176	50	42	42	0	84.0	84.0	-0.0011852484894916415	-0.06541593372821808
best250_vs_highdrift_damp	986	50	50	50	0	100.0	100.0	-0.001167720532976091	-0.012291708029806614
best250_vs_highdrift_damp	545	50	44	44	0	88.0	88.0	-0.0011630483204498887	-0.05728849768638611
best250_vs_highdrift_damp	463	50	29	29	0	58.0	58.0	-0.0011539444094523787	-0.016014184802770615
best250_vs_highdrift_damp	715	50	40	40	0	80.0	80.0	-0.0011342403013259172	-0.05099119246006012
best250_vs_highdrift_damp	335	50	46	46	0	92.0	92.0	-0.0011294543510302901	0.017540888860821724
best250_vs_highdrift_damp	434	50	30	30	0	60.0	60.0	-0.0010831643594428897	-0.03124978020787239
best250_vs_highdrift_damp	580	50	45	45	0	90.0	90.0	-0.0010731485672295094	0.00017498015949968249
best250_vs_highdrift_damp	273	50	40	40	0	80.0	80.0	-0.0010225455043837428	-0.044126175343990326
best250_vs_highdrift_damp	428	50	42	42	0	84.0	84.0	-0.0010189056629315019	-0.02887747809290886
best250_vs_highdrift_damp	487	50	41	41	0	82.0	82.0	-0.0009987899102270603	0.005471467971801758
best250_vs_highdrift_damp	495	50	44	44	0	88.0	88.0	-0.0009820412378758192	-0.034211691468954086
best250_vs_highdrift_damp	585	50	27	27	0	54.0	54.0	-0.0009809451876208186	-0.003920688759535551
best250_vs_highdrift_damp	344	50	49	49	0	98.0	98.0	-0.0009601039928384125	-0.018423138186335564
best250_vs_highdrift_damp	82	50	43	43	0	86.0	86.0	-0.0009255595505237579	0.0024999903980642557
best250_vs_highdrift_damp	262	50	49	49	0	98.0	98.0	-0.0009033587411977351	-0.03172371909022331
best250_vs_highdrift_damp	538	50	39	39	0	78.0	78.0	-0.0008468676242046058	-0.02664467878639698
best250_vs_highdrift_damp	483	50	40	40	0	80.0	80.0	-0.0008147777407430112	0.013177376240491867
best250_vs_highdrift_damp	790	50	35	35	0	70.0	70.0	-0.0007717747939750552	-0.014479484409093857
best250_vs_highdrift_damp	913	50	48	48	0	96.0	96.0	-0.0007684933952987194	0.014731139875948429
best250_vs_highdrift_damp	92	50	49	49	0	98.0	98.0	-0.0007230687187984586	-0.01735643297433853
best250_vs_highdrift_damp	528	50	48	48	0	96.0	96.0	-0.0007227683672681451	-0.058873310685157776
best250_vs_highdrift_damp	221	50	45	45	0	90.0	90.0	-0.0007007017848081887	-0.0029463195241987705
best250_vs_highdrift_damp	387	50	47	47	0	94.0	94.0	-0.0006104012718424201	-0.020530615001916885
best250_vs_highdrift_damp	601	50	39	39	0	78.0	78.0	-0.0006035029655322433	-0.029540786519646645
best250_vs_highdrift_damp	959	50	45	45	0	90.0	90.0	-0.0005967653123661876	-0.029365815222263336
best250_vs_highdrift_damp	984	50	48	48	0	96.0	96.0	-0.0005318215698935091	0.0005054855137132108
best250_vs_highdrift_damp	625	50	47	47	0	94.0	94.0	-0.0005073976353742182	0.00562939653173089
best250_vs_highdrift_damp	18	50	48	48	0	96.0	96.0	-0.0005051334737800062	0.061763983219861984
best250_vs_highdrift_damp	317	50	46	46	0	92.0	92.0	-0.00048430354217998683	-0.008832492865622044
best250_vs_highdrift_damp	332	50	50	50	0	100.0	100.0	-0.00045898676034994423	0.008437924087047577
best250_vs_highdrift_damp	139	50	50	50	0	100.0	100.0	-0.00042214273707941175	-0.022583799436688423
best250_vs_highdrift_damp	935	50	36	36	0	72.0	72.0	-0.00035387114621698856	-0.008609714917838573
best250_vs_highdrift_damp	277	50	34	34	0	68.0	68.0	-0.0003473116084933281	0.018106240779161453
best250_vs_highdrift_damp	981	50	42	42	0	84.0	84.0	-0.000325655797496438	-0.0022753048688173294
best250_vs_highdrift_damp	31	50	46	46	0	92.0	92.0	-0.00029773375717923045	-0.009999990463256836
best250_vs_highdrift_damp	720	50	44	44	0	88.0	88.0	-0.00028459489112719893	-0.020358553156256676
best250_vs_highdrift_damp	223	50	45	45	0	90.0	90.0	-0.0002786272671073675	-0.04775872081518173
best250_vs_highdrift_damp	980	50	44	44	0	88.0	88.0	-0.0002613149117678404	-0.05912594869732857
best250_vs_highdrift_damp	17	50	47	47	0	94.0	94.0	-0.0001863771612988785	0.04109375923871994
best250_vs_highdrift_damp	388	50	47	47	0	94.0	94.0	-0.00017657718854025006	-0.02007661759853363
best250_vs_highdrift_damp	402	50	31	31	0	62.0	62.0	-0.00017122850113082677	0.01633009873330593
best250_vs_highdrift_damp	471	50	45	45	0	90.0	90.0	-0.00016681432316545397	-0.03162401169538498
best250_vs_highdrift_damp	497	50	36	36	0	72.0	72.0	-0.00015520669694524258	0.004474067594856024
best250_vs_highdrift_damp	247	50	47	47	0	94.0	94.0	-0.0001365176576655358	-0.03564886003732681
best250_vs_highdrift_damp	886	50	47	47	0	94.0	94.0	-9.865828178590164e-05	0.030383311212062836
best250_vs_highdrift_damp	364	50	50	50	0	100.0	100.0	-4.191279367660172e-05	-0.051940079778432846
best250_vs_highdrift_damp	657	50	14	14	0	28.0	28.0	2.1391584596130997e-05	0.012426614761352539
best250_vs_highdrift_damp	851	50	39	39	0	78.0	78.0	4.338655708124861e-05	0.08172458410263062
best250_vs_highdrift_damp	994	50	45	45	0	90.0	90.0	7.915485912235454e-05	0.02429204061627388
best250_vs_highdrift_damp	389	50	43	43	0	86.0	86.0	8.698565943632275e-05	0.0013549614232033491
best250_vs_highdrift_damp	257	50	41	41	0	82.0	82.0	0.000106695071735885	-0.0026997660752385855
best250_vs_highdrift_damp	593	50	42	42	0	84.0	84.0	0.00011642843310255557	0.059945955872535706
best250_vs_highdrift_damp	403	50	43	43	0	86.0	86.0	0.00015390090993605554	0.033562954515218735
best250_vs_highdrift_damp	399	50	44	44	0	88.0	88.0	0.0001772526593413204	0.004014730453491211
best250_vs_highdrift_damp	614	50	45	45	0	90.0	90.0	0.0001914214517455548	-0.01299985870718956
best250_vs_highdrift_damp	316	50	49	49	0	98.0	98.0	0.00019786365737672895	0.008311280980706215
best250_vs_highdrift_damp	944	50	44	44	0	88.0	88.0	0.00020158417464699596	-0.007624225690960884
best250_vs_highdrift_damp	899	50	17	17	0	34.0	34.0	0.00020168907940387726	0.029127225279808044
best250_vs_highdrift_damp	692	50	30	30	0	60.0	60.0	0.00022275306400842965	0.01008843444287777
best250_vs_highdrift_damp	993	50	49	49	0	98.0	98.0	0.000233892205869779	0.02316533960402012
best250_vs_highdrift_damp	333	50	50	50	0	100.0	100.0	0.00023569584300275892	-0.013207521289587021
best250_vs_highdrift_damp	398	50	43	43	0	86.0	86.0	0.00025100744096562266	0.024426383897662163
best250_vs_highdrift_damp	661	50	46	46	0	92.0	92.0	0.0002565186587162316	-0.0066824243403971195
best250_vs_highdrift_damp	675	50	29	29	0	58.0	58.0	0.00027077808044850826	0.05628470331430435
best250_vs_highdrift_damp	351	50	47	47	0	94.0	94.0	0.00028834998374804854	0.014839849434792995
best250_vs_highdrift_damp	234	50	46	46	0	92.0	92.0	0.00029618755797855556	-0.0353277213871479
best250_vs_highdrift_damp	610	50	45	45	0	90.0	90.0	0.0003208607085980475	0.017335738986730576
best250_vs_highdrift_damp	14	50	49	49	0	98.0	98.0	0.00032368392567150295	0.03473323956131935
best250_vs_highdrift_damp	967	50	37	37	0	74.0	74.0	0.000439925555838272	-0.014656390994787216
best250_vs_highdrift_damp	791	50	42	42	0	84.0	84.0	0.00044086805428378284	-0.03173607960343361
best250_vs_highdrift_damp	133	50	48	48	0	96.0	96.0	0.0004642505955416709	0.09023191779851913
best250_vs_highdrift_damp	669	50	49	49	0	98.0	98.0	0.0004965652478858829	-0.0034777068067342043
best250_vs_highdrift_damp	220	50	36	36	0	72.0	72.0	0.0005009538144804537	0.009832773357629776
best250_vs_highdrift_damp	476	50	49	49	0	98.0	98.0	0.0005242598126642406	-0.020480375736951828
best250_vs_highdrift_damp	52	50	40	40	0	80.0	80.0	0.0005609162035398185	-0.020324086770415306
best250_vs_highdrift_damp	330	50	40	40	0	80.0	80.0	0.0005726098897866905	-0.021250009536743164
best250_vs_highdrift_damp	195	50	45	45	0	90.0	90.0	0.0005729102995246649	-0.014881581999361515
best250_vs_highdrift_damp	694	50	47	47	0	94.0	94.0	0.0005828118300996721	-0.014980649575591087
best250_vs_highdrift_damp	58	50	43	43	0	86.0	86.0	0.0006330363685265183	0.008139533922076225
best250_vs_highdrift_damp	271	50	30	30	0	60.0	60.0	0.0006354381912387908	0.031856719404459
best250_vs_highdrift_damp	927	50	48	48	0	96.0	96.0	0.0006425952888093889	0.04578040912747383
best250_vs_highdrift_damp	182	50	46	46	0	92.0	92.0	0.0006543119088746607	0.03298966586589813
best250_vs_highdrift_damp	209	50	48	48	0	96.0	96.0	0.0006587404059246182	0.022067442536354065
best250_vs_highdrift_damp	606	50	47	47	0	94.0	94.0	0.0007352352258749306	0.03398451954126358
best250_vs_highdrift_damp	72	50	48	48	0	96.0	96.0	0.0007458174368366599	0.0016299820272251964
best250_vs_highdrift_damp	305	50	44	44	0	88.0	88.0	0.0007676619570702314	-0.03666584566235542
best250_vs_highdrift_damp	80	50	44	44	0	88.0	88.0	0.000781576381996274	0.043791141360998154
best250_vs_highdrift_damp	325	50	49	49	0	98.0	98.0	0.0007947371923364699	-0.01685083471238613
best250_vs_highdrift_damp	51	50	49	49	0	98.0	98.0	0.0008086884045042098	-0.009286289103329182
best250_vs_highdrift_damp	225	50	46	46	0	92.0	92.0	0.0008218518923968077	-2.973556547658518e-05
best250_vs_highdrift_damp	156	50	47	47	0	94.0	94.0	0.0008583724265918136	-0.003445281879976392
best250_vs_highdrift_damp	902	50	42	42	0	84.0	84.0	0.0008896950166672468	0.028498992323875427
best250_vs_highdrift_damp	36	50	25	25	0	50.0	50.0	0.0009185081580653787	-0.0075898552313447
best250_vs_highdrift_damp	291	50	50	50	0	100.0	100.0	0.00097694993019104	-0.03589344024658203
best250_vs_highdrift_damp	863	50	48	48	0	96.0	96.0	0.0009835324017331004	-0.019687509164214134
best250_vs_highdrift_damp	287	50	38	38	0	76.0	76.0	0.0010091778822243214	-0.0215999037027359
best250_vs_highdrift_damp	98	50	47	47	0	94.0	94.0	0.0010201346594840288	0.08816095441579819
best250_vs_highdrift_damp	942	50	41	41	0	82.0	82.0	0.001078751520253718	-0.01114466693252325
best250_vs_highdrift_damp	992	50	43	43	0	86.0	86.0	0.0011169386561959982	0.03194895759224892
best250_vs_highdrift_damp	6	50	46	46	0	92.0	92.0	0.0011228658258914948	0.04292702674865723
best250_vs_highdrift_damp	820	50	49	49	0	98.0	98.0	0.001172491000033915	-0.02595485746860504
best250_vs_highdrift_damp	934	50	46	46	0	92.0	92.0	0.0011737749446183443	0.044419337064027786
best250_vs_highdrift_damp	39	50	45	45	0	90.0	90.0	0.001190596492961049	-0.004562053829431534
best250_vs_highdrift_damp	910	50	39	39	0	78.0	78.0	0.0012526230420917273	0.026690702885389328
best250_vs_highdrift_damp	78	50	39	39	0	78.0	78.0	0.0012805945007130504	-0.031641654670238495
best250_vs_highdrift_damp	127	50	46	46	0	92.0	92.0	0.0013265839079394937	0.05968189239501953
best250_vs_highdrift_damp	274	50	47	47	0	94.0	94.0	0.0013364386977627873	0.03557687625288963
best250_vs_highdrift_damp	13	50	50	50	0	100.0	100.0	0.0013366949278861284	-0.009462232701480389
best250_vs_highdrift_damp	27	50	38	38	0	76.0	76.0	0.0013517438201233745	0.01875479705631733
best250_vs_highdrift_damp	477	50	38	38	0	76.0	76.0	0.001353182946331799	-0.01831185258924961
best250_vs_highdrift_damp	687	50	45	45	0	90.0	90.0	0.0014022976392880082	0.004551038611680269
best250_vs_highdrift_damp	990	50	50	50	0	100.0	100.0	0.0014429569710046053	0.05049758031964302
best250_vs_highdrift_damp	242	50	42	42	0	84.0	84.0	0.0015217155450955033	-0.009464082308113575
best250_vs_highdrift_damp	749	50	45	45	0	90.0	90.0	0.0015709558501839638	0.010974283330142498
best250_vs_highdrift_damp	756	50	42	42	0	84.0	84.0	0.0015784349525347352	-0.04536115750670433
best250_vs_highdrift_damp	668	50	48	48	0	96.0	96.0	0.001610439969226718	0.0434129424393177
best250_vs_highdrift_damp	134	50	37	37	0	74.0	74.0	0.00166696822270751	-0.013425064273178577
best250_vs_highdrift_damp	607	50	49	49	0	98.0	98.0	0.0016806966159492731	0.03509685397148132
best250_vs_highdrift_damp	355	50	48	48	0	96.0	96.0	0.001726952032186091	0.061580296605825424
best250_vs_highdrift_damp	177	50	45	45	0	90.0	90.0	0.0017538763349875808	0.017823971807956696
best250_vs_highdrift_damp	138	50	48	48	0	96.0	96.0	0.0017870335141196847	-0.012953424826264381
best250_vs_highdrift_damp	560	50	48	48	0	96.0	96.0	0.0018080025911331177	-0.004626359790563583
best250_vs_highdrift_damp	87	50	49	49	0	98.0	98.0	0.0018090151716023684	0.05490405112504959
best250_vs_highdrift_damp	100	50	49	49	0	98.0	98.0	0.0018136773724108934	0.0075248717330396175
best250_vs_highdrift_damp	758	50	42	42	0	84.0	84.0	0.0018412014469504356	0.015661420300602913
best250_vs_highdrift_damp	611	50	47	47	0	94.0	94.0	0.0018413364887237549	0.0434686653316021
best250_vs_highdrift_damp	591	50	40	40	0	80.0	80.0	0.0018526542698964477	0.023011455312371254
best250_vs_highdrift_damp	946	50	47	47	0	94.0	94.0	0.0018694255268201232	0.017589597031474113
best250_vs_highdrift_damp	667	50	34	34	0	68.0	68.0	0.0018696722108870745	-0.03265965357422829
best250_vs_highdrift_damp	906	50	18	18	0	36.0	36.0	0.0018991869874298573	0.023601895198225975
best250_vs_highdrift_damp	911	50	22	22	0	44.0	44.0	0.001944268587976694	-0.041040029376745224
best250_vs_highdrift_damp	916	50	49	49	0	98.0	98.0	0.0019483264768496156	0.025083493441343307
best250_vs_highdrift_damp	670	50	45	45	0	90.0	90.0	0.0019652126356959343	-0.011990099214017391
best250_vs_highdrift_damp	496	50	47	47	0	94.0	94.0	0.0020141438581049442	0.039776161313056946
best250_vs_highdrift_damp	275	50	50	50	0	100.0	100.0	0.002028808696195483	0.04715380817651749
best250_vs_highdrift_damp	25	50	49	49	0	98.0	98.0	0.002070044633001089	-0.021250009536743164
best250_vs_highdrift_damp	130	50	49	49	0	98.0	98.0	0.0020731326658278704	-0.0045312498696148396
best250_vs_highdrift_damp	268	50	46	46	0	92.0	92.0	0.0020886182319372892	0.051103249192237854
best250_vs_highdrift_damp	443	50	37	37	0	74.0	74.0	0.0020897993817925453	0.014467153698205948
best250_vs_highdrift_damp	937	50	46	46	0	92.0	92.0	0.002147484105080366	0.02026757225394249
best250_vs_highdrift_damp	0	50	49	49	0	98.0	98.0	0.0022057387977838516	0.034218646585941315
best250_vs_highdrift_damp	465	50	31	31	0	62.0	62.0	0.0022479707840830088	-0.010224666446447372
best250_vs_highdrift_damp	88	50	49	49	0	98.0	98.0	0.0022519463673233986	0.009458942338824272
best250_vs_highdrift_damp	152	50	42	42	0	84.0	84.0	0.0022524043451994658	0.044660817831754684
best250_vs_highdrift_damp	145	50	49	49	0	98.0	98.0	0.0022833796683698893	0.026251930743455887
best250_vs_highdrift_damp	456	50	41	41	0	82.0	82.0	0.002305508591234684	-0.016108054667711258
best250_vs_highdrift_damp	121	50	43	43	0	86.0	86.0	0.0023207985796034336	0.024038858711719513
best250_vs_highdrift_damp	216	50	48	48	0	96.0	96.0	0.002362501574680209	0.009146261028945446
best250_vs_highdrift_damp	788	50	47	47	0	94.0	94.0	0.002376637188717723	-0.014011058956384659
best250_vs_highdrift_damp	8	50	45	45	0	90.0	90.0	0.0023987647145986557	0.001863565412349999
best250_vs_highdrift_damp	302	50	35	35	0	70.0	70.0	0.0024048066698014736	0.002682523801922798
best250_vs_highdrift_damp	711	50	38	38	0	76.0	76.0	0.002477074507623911	-0.00877398531883955
best250_vs_highdrift_damp	120	50	37	37	0	74.0	74.0	0.002500794129446149	0.035694848746061325
best250_vs_highdrift_damp	260	50	45	45	0	90.0	90.0	0.002529504941776395	0.002156581962481141
best250_vs_highdrift_damp	346	50	45	45	0	90.0	90.0	0.002531991573050618	-0.001145048183389008
best250_vs_highdrift_damp	365	50	46	46	0	92.0	92.0	0.0025670109316706657	0.05767066031694412
best250_vs_highdrift_damp	988	50	50	50	0	100.0	100.0	0.002603674540296197	0.028296928852796555
best250_vs_highdrift_damp	203	50	47	47	0	94.0	94.0	0.0026048915460705757	0.02505779266357422
best250_vs_highdrift_damp	996	50	48	48	0	96.0	96.0	0.0026107016019523144	0.04679729416966438
best250_vs_highdrift_damp	494	50	37	37	0	74.0	74.0	0.002673660172149539	-0.027170361950993538
best250_vs_highdrift_damp	600	50	20	20	0	40.0	40.0	0.002677328884601593	-0.010787592269480228
best250_vs_highdrift_damp	71	50	47	47	0	94.0	94.0	0.002737177535891533	0.006828908808529377
best250_vs_highdrift_damp	41	50	47	47	0	94.0	94.0	0.002745079342275858	0.028125667944550514
best250_vs_highdrift_damp	368	50	41	41	0	82.0	82.0	0.0027490698266774416	0.03579002246260643
best250_vs_highdrift_damp	215	50	49	49	0	98.0	98.0	0.002773574087768793	0.04738985002040863
best250_vs_highdrift_damp	76	50	50	50	0	100.0	100.0	0.002778206253424287	0.0007675742963328958
best250_vs_highdrift_damp	95	50	48	48	0	96.0	96.0	0.0028170556761324406	-0.0033004856668412685
best250_vs_highdrift_damp	115	50	48	48	0	96.0	96.0	0.0028291873168200254	0.04500000923871994
best250_vs_highdrift_damp	604	50	49	49	0	98.0	98.0	0.002930994611233473	0.014250831678509712
best250_vs_highdrift_damp	605	50	43	43	0	86.0	86.0	0.0030314477626234293	-0.008979110978543758
best250_vs_highdrift_damp	562	50	47	47	0	94.0	94.0	0.0030496525578200817	0.05355150252580643
best250_vs_highdrift_damp	286	50	47	47	0	94.0	94.0	0.003053452121093869	0.05230667069554329
best250_vs_highdrift_damp	857	50	37	37	0	74.0	74.0	0.003096537897363305	0.025725966319441795
best250_vs_highdrift_damp	564	50	44	44	0	88.0	88.0	0.003123783739283681	-0.009908323176205158
best250_vs_highdrift_damp	315	50	44	44	0	88.0	88.0	0.003162760054692626	0.029262227937579155
best250_vs_highdrift_damp	493	50	15	15	0	30.0	30.0	0.003231200622394681	-0.013353471644222736
best250_vs_highdrift_damp	376	50	50	50	0	100.0	100.0	0.0032321929465979338	-0.0027625560760498047
best250_vs_highdrift_damp	390	50	34	34	0	68.0	68.0	0.0033096149563789368	-0.014983873814344406
best250_vs_highdrift_damp	558	50	24	24	0	48.0	48.0	0.0033269638661295176	0.04091399163007736
best250_vs_highdrift_damp	453	50	37	37	0	74.0	74.0	0.0033559990115463734	-0.011152010411024094
best250_vs_highdrift_damp	159	50	41	41	0	82.0	82.0	0.0034468250814825296	0.06300149857997894
best250_vs_highdrift_damp	297	50	38	38	0	76.0	76.0	0.003485867055132985	0.0018023204756900668
best250_vs_highdrift_damp	743	50	37	37	0	74.0	74.0	0.0035121107939630747	0.0421777069568634
best250_vs_highdrift_damp	714	50	40	40	0	80.0	80.0	0.0035136686637997627	-0.016441546380519867
best250_vs_highdrift_damp	842	50	34	34	0	68.0	68.0	0.0035366874653846025	0.024501504376530647
best250_vs_highdrift_damp	222	50	38	38	0	76.0	76.0	0.0035465701948851347	0.03040841966867447
best250_vs_highdrift_damp	989	50	50	50	0	100.0	100.0	0.0035481045488268137	0.015104275196790695
best250_vs_highdrift_damp	719	50	47	47	0	94.0	94.0	0.003550998866558075	0.023582229390740395
best250_vs_highdrift_damp	42	50	42	42	0	84.0	84.0	0.0035743273328989744	0.012059764936566353
best250_vs_highdrift_damp	801	50	46	46	0	92.0	92.0	0.0036442596465349197	-0.0006973552517592907
best250_vs_highdrift_damp	226	50	31	31	0	62.0	62.0	0.003652370534837246	0.03382304310798645
best250_vs_highdrift_damp	304	50	36	36	0	72.0	72.0	0.0036551854573190212	0.035936105996370316
best250_vs_highdrift_damp	499	50	26	26	0	52.0	52.0	0.0036584145855158567	0.008378476835787296
best250_vs_highdrift_damp	56	50	47	47	0	94.0	94.0	0.003667290788143873	-0.0006677436758764088
best250_vs_highdrift_damp	253	50	47	47	0	94.0	94.0	0.0037664466071873903	0.029850415885448456
best250_vs_highdrift_damp	28	50	47	47	0	94.0	94.0	0.0037668615113943815	0.04056112468242645
best250_vs_highdrift_damp	878	50	44	44	0	88.0	88.0	0.003810178954154253	0.018124990165233612
best250_vs_highdrift_damp	371	50	35	35	0	70.0	70.0	0.0038418248295783997	0.012414894066751003
best250_vs_highdrift_damp	727	50	45	45	0	90.0	90.0	0.003888338804244995	0.025937499478459358
best250_vs_highdrift_damp	730	50	42	42	0	84.0	84.0	0.003906709142029285	0.08563756942749023
best250_vs_highdrift_damp	520	50	38	38	0	76.0	76.0	0.003926063887774944	0.037042971700429916
best250_vs_highdrift_damp	113	50	44	44	0	88.0	88.0	0.0039821951650083065	0.024687500670552254
best250_vs_highdrift_damp	404	50	47	47	0	94.0	94.0	0.00398548087105155	0.023749999701976776
best250_vs_highdrift_damp	7	50	38	38	0	76.0	76.0	0.004002621863037348	0.017966527491807938
best250_vs_highdrift_damp	308	50	44	44	0	88.0	88.0	0.004017784260213375	0.06680566072463989
best250_vs_highdrift_damp	622	50	33	33	0	66.0	66.0	0.004026768263429403	0.039286863058805466
best250_vs_highdrift_damp	244	50	47	47	0	94.0	94.0	0.004049849230796099	0.03597848862409592
best250_vs_highdrift_damp	449	50	47	47	0	94.0	94.0	0.004051057621836662	0.02449149079620838
best250_vs_highdrift_damp	505	50	34	34	0	68.0	68.0	0.004054304212331772	-0.02455107681453228
best250_vs_highdrift_damp	148	50	50	50	0	100.0	100.0	0.004139297176152468	0.012187490239739418
best250_vs_highdrift_damp	140	50	47	47	0	94.0	94.0	0.004147970117628574	-0.005288839340209961
best250_vs_highdrift_damp	12	50	48	48	0	96.0	96.0	0.0041599757969379425	0.05184704810380936
best250_vs_highdrift_damp	384	50	47	47	0	94.0	94.0	0.004164476413279772	0.02386578544974327
best250_vs_highdrift_damp	804	50	34	34	0	68.0	68.0	0.004220753908157349	-0.020639104768633842
best250_vs_highdrift_damp	144	50	48	48	0	96.0	96.0	0.004265159834176302	0.03023967705667019
best250_vs_highdrift_damp	821	50	45	45	0	90.0	90.0	0.0042752353474497795	0.0028124810196459293
best250_vs_highdrift_damp	33	50	43	43	0	86.0	86.0	0.004296825733035803	0.05270545929670334
best250_vs_highdrift_damp	186	50	39	39	0	78.0	78.0	0.004298115149140358	-0.042509328573942184
best250_vs_highdrift_damp	968	50	25	25	0	50.0	50.0	0.004380502738058567	0.07064869999885559
best250_vs_highdrift_damp	327	50	45	45	0	90.0	90.0	0.004389232490211725	0.012208118103444576
best250_vs_highdrift_damp	329	50	39	39	0	78.0	78.0	0.004451989661902189	0.029676837846636772
best250_vs_highdrift_damp	785	50	46	46	0	92.0	92.0	0.004683738574385643	0.031997669488191605
best250_vs_highdrift_damp	707	50	43	43	0	86.0	86.0	0.00472347903996706	-0.007799062877893448
best250_vs_highdrift_damp	62	50	30	30	0	60.0	60.0	0.004753687418997288	-6.301880057435483e-05
best250_vs_highdrift_damp	129	50	49	49	0	98.0	98.0	0.004785922821611166	0.05799873173236847
best250_vs_highdrift_damp	762	50	27	27	0	54.0	54.0	0.004828969947993755	-0.06140681356191635
best250_vs_highdrift_damp	616	50	45	45	0	90.0	90.0	0.004939578007906675	-0.03738913685083389
best250_vs_highdrift_damp	696	50	41	41	0	82.0	82.0	0.00495374808087945	0.06867019832134247
best250_vs_highdrift_damp	157	50	48	48	0	96.0	96.0	0.004960250109434128	0.003734855679795146
best250_vs_highdrift_damp	90	50	50	50	0	100.0	100.0	0.0050067235715687275	0.07185863703489304
best250_vs_highdrift_damp	438	50	30	30	0	60.0	60.0	0.005025045946240425	0.03187078610062599
best250_vs_highdrift_damp	644	50	38	38	0	76.0	76.0	0.0050406442023813725	0.0221894271671772
best250_vs_highdrift_damp	547	50	46	46	0	92.0	92.0	0.005092049017548561	0.03733265772461891
best250_vs_highdrift_damp	420	50	49	49	0	98.0	98.0	0.0051539624109864235	0.06256572902202606
best250_vs_highdrift_damp	69	50	49	49	0	98.0	98.0	0.0051809740252792835	0.06449326872825623
best250_vs_highdrift_damp	288	50	42	42	0	84.0	84.0	0.005226759240031242	0.04093749821186066
best250_vs_highdrift_damp	768	50	46	46	0	92.0	92.0	0.00523778423666954	0.09064476191997528
best250_vs_highdrift_damp	803	50	49	49	0	98.0	98.0	0.005252001341432333	0.008595628663897514
best250_vs_highdrift_damp	642	50	44	44	0	88.0	88.0	0.005349131301045418	0.0193637665361166
best250_vs_highdrift_damp	224	50	39	39	0	78.0	78.0	0.00538767222315073	0.056339722126722336
best250_vs_highdrift_damp	300	50	48	48	0	96.0	96.0	0.005417955573648214	0.032633982598781586
best250_vs_highdrift_damp	548	50	47	47	0	94.0	94.0	0.005423473659902811	0.03483697772026062
best250_vs_highdrift_damp	725	50	28	28	0	56.0	56.0	0.005425885785371065	0.04665377736091614
best250_vs_highdrift_damp	761	50	41	41	0	82.0	82.0	0.005460798274725676	-0.014889269135892391
best250_vs_highdrift_damp	699	50	42	42	0	84.0	84.0	0.005525804590433836	0.011476635932922363
best250_vs_highdrift_damp	702	50	40	40	0	80.0	80.0	0.005533906631171703	0.017050933092832565
best250_vs_highdrift_damp	380	50	32	32	0	64.0	64.0	0.005597506649792194	0.0038136576768010855
best250_vs_highdrift_damp	248	50	27	27	0	54.0	54.0	0.005606185644865036	0.0012031745864078403
best250_vs_highdrift_damp	839	50	36	36	0	72.0	72.0	0.005608975887298584	0.058315668255090714
best250_vs_highdrift_damp	491	50	49	49	0	98.0	98.0	0.005635693669319153	-0.018017282709479332
best250_vs_highdrift_damp	73	50	24	24	0	48.0	48.0	0.005808211397379637	0.00917470920830965
best250_vs_highdrift_damp	70	50	47	47	0	94.0	94.0	0.005817359779030085	0.047847118228673935
best250_vs_highdrift_damp	621	50	45	45	0	90.0	90.0	0.005850744899362326	0.06923840194940567
best250_vs_highdrift_damp	640	50	48	48	0	96.0	96.0	0.005864893086254597	0.05929212644696236
best250_vs_highdrift_damp	802	50	47	47	0	94.0	94.0	0.005876692943274975	0.03169281780719757
best250_vs_highdrift_damp	849	50	44	44	0	88.0	88.0	0.005898775067180395	0.006092557683587074
best250_vs_highdrift_damp	451	50	42	42	0	84.0	84.0	0.005927921738475561	0.04500554874539375
best250_vs_highdrift_damp	579	50	38	38	0	76.0	76.0	0.005971216131001711	0.03903700038790703
best250_vs_highdrift_damp	684	50	45	45	0	90.0	90.0	0.005979508627206087	0.08736231923103333
best250_vs_highdrift_damp	444	50	44	44	0	88.0	88.0	0.00599404564127326	0.01701304502785206
best250_vs_highdrift_damp	488	50	17	17	0	34.0	34.0	0.006012054160237312	0.016759661957621574
best250_vs_highdrift_damp	676	50	38	38	0	76.0	76.0	0.006027144379913807	-0.03275064378976822
best250_vs_highdrift_damp	846	50	28	28	0	56.0	56.0	0.006047347094863653	-0.011250000447034836
best250_vs_highdrift_damp	760	50	42	42	0	84.0	84.0	0.0060785128735005856	0.02351369895040989
best250_vs_highdrift_damp	296	50	48	48	0	96.0	96.0	0.006172708701342344	0.017434339970350266
best250_vs_highdrift_damp	266	50	30	30	0	60.0	60.0	0.0061834631487727165	0.02071641944348812
best250_vs_highdrift_damp	603	50	46	46	0	92.0	92.0	0.006189441774040461	0.012401904910802841
best250_vs_highdrift_damp	729	50	32	32	0	64.0	64.0	0.006207955535501242	0.06723233312368393
best250_vs_highdrift_damp	313	50	40	40	0	80.0	80.0	0.006292338948696852	0.06506586074829102
best250_vs_highdrift_damp	174	50	45	45	0	90.0	90.0	0.006421809084713459	0.04602149873971939
best250_vs_highdrift_damp	458	50	48	48	0	96.0	96.0	0.006433891132473946	0.03210177272558212
best250_vs_highdrift_damp	352	50	44	44	0	88.0	88.0	0.006456543225795031	0.026875000447034836
best250_vs_highdrift_damp	232	50	44	44	0	88.0	88.0	0.006474957335740328	0.0010323524475097656
best250_vs_highdrift_damp	587	50	36	36	0	72.0	72.0	0.006481248885393143	0.005852470174431801
best250_vs_highdrift_damp	620	50	14	14	0	28.0	28.0	0.006580196786671877	-0.0032176971435546875
best250_vs_highdrift_damp	238	50	37	37	0	74.0	74.0	0.006593187339603901	-0.0005543231964111328
best250_vs_highdrift_damp	557	50	42	42	0	84.0	84.0	0.006600084714591503	-0.000605516426730901
best250_vs_highdrift_damp	34	50	38	38	0	76.0	76.0	0.006639959290623665	0.061250314116477966
best250_vs_highdrift_damp	808	50	36	36	0	72.0	72.0	0.00677176658064127	0.053819429129362106
best250_vs_highdrift_damp	301	50	47	47	0	94.0	94.0	0.0070756059139966965	0.0637499988079071
best250_vs_highdrift_damp	691	50	30	30	0	60.0	60.0	0.007094584871083498	0.013798628002405167
best250_vs_highdrift_damp	9	50	50	50	0	100.0	100.0	0.0071412138640880585	0.025233449414372444
best250_vs_highdrift_damp	38	50	46	46	0	92.0	92.0	0.007204338442534208	0.07800581306219101
best250_vs_highdrift_damp	321	50	50	50	0	100.0	100.0	0.007247841916978359	0.025685949251055717
best250_vs_highdrift_damp	323	50	49	49	0	98.0	98.0	0.007262532599270344	0.011323375627398491
best250_vs_highdrift_damp	1	50	49	49	0	98.0	98.0	0.0073128677904605865	0.02941041998565197
best250_vs_highdrift_damp	818	50	20	20	0	40.0	40.0	0.007361775264143944	0.05518119037151337
best250_vs_highdrift_damp	867	50	45	45	0	90.0	90.0	0.007389320060610771	0.049129609018564224
best250_vs_highdrift_damp	975	50	32	32	0	64.0	64.0	0.0074130152352154255	-0.011647281236946583
best250_vs_highdrift_damp	731	50	31	31	0	62.0	62.0	0.007428189739584923	0.017355365678668022
best250_vs_highdrift_damp	662	50	37	37	0	74.0	74.0	0.007466570939868689	0.01624269410967827
best250_vs_highdrift_damp	211	50	44	44	0	88.0	88.0	0.0077048055827617645	-0.02701713517308235
best250_vs_highdrift_damp	289	50	45	45	0	90.0	90.0	0.007881741970777512	0.06062499061226845
best250_vs_highdrift_damp	723	50	47	47	0	94.0	94.0	0.00829312577843666	0.04534544795751572
best250_vs_highdrift_damp	589	50	40	40	0	80.0	80.0	0.008314063772559166	-0.00030760763911530375
best250_vs_highdrift_damp	706	50	32	32	0	64.0	64.0	0.008328791707754135	0.037365950644016266
best250_vs_highdrift_damp	778	50	40	40	0	80.0	80.0	0.008509956300258636	0.014367837458848953
best250_vs_highdrift_damp	713	50	48	48	0	96.0	96.0	0.008597931824624538	0.010719776153564453
best250_vs_highdrift_damp	171	50	47	47	0	94.0	94.0	0.008638816885650158	0.06407908350229263
best250_vs_highdrift_damp	146	50	50	50	0	100.0	100.0	0.00871135015040636	0.06441137939691544
best250_vs_highdrift_damp	933	50	48	48	0	96.0	96.0	0.008716979995369911	0.08050023019313812
best250_vs_highdrift_damp	763	50	46	46	0	92.0	92.0	0.008869810029864311	0.05461781471967697
best250_vs_highdrift_damp	193	50	24	24	0	48.0	48.0	0.008885318413376808	-0.02037729322910309
best250_vs_highdrift_damp	198	50	46	46	0	92.0	92.0	0.009047272615134716	0.059949569404125214
best250_vs_highdrift_damp	307	50	43	43	0	86.0	86.0	0.00923175923526287	0.040332306176424026
best250_vs_highdrift_damp	421	50	42	42	0	84.0	84.0	0.009249960072338581	0.041121531277894974
best250_vs_highdrift_damp	256	50	46	46	0	92.0	92.0	0.009291381575167179	0.06159471347928047
best250_vs_highdrift_damp	258	50	49	49	0	98.0	98.0	0.009338716976344585	0.04269421473145485
best250_vs_highdrift_damp	805	50	46	46	0	92.0	92.0	0.009461890906095505	0.07890033721923828
best250_vs_highdrift_damp	869	50	32	32	0	64.0	64.0	0.00953291729092598	0.02934524603188038
best250_vs_highdrift_damp	598	50	37	37	0	74.0	74.0	0.00962136872112751	0.03326993063092232
best250_vs_highdrift_damp	66	50	31	31	0	62.0	62.0	0.009897155687212944	0.036302823573350906
best250_vs_highdrift_damp	263	50	48	48	0	96.0	96.0	0.010072719305753708	0.05790300294756889
best250_vs_highdrift_damp	582	50	33	33	0	66.0	66.0	0.010475355200469494	0.01269921287894249
best250_vs_highdrift_damp	710	50	38	38	0	76.0	76.0	0.011017379350960255	0.0465795136988163
best250_vs_highdrift_damp	979	50	42	42	0	84.0	84.0	0.011159109883010387	0.03784126415848732
best250_vs_highdrift_damp	470	50	35	35	0	70.0	70.0	0.011785686947405338	0.05041612684726715
best250_vs_highdrift_damp	704	50	45	45	0	90.0	90.0	0.012647384777665138	0.04821673408150673
best250_vs_highdrift_damp	546	50	40	40	0	80.0	80.0	0.012754571624100208	0.053792115300893784
best250_vs_highdrift_damp	887	50	35	35	0	70.0	70.0	0.012820021249353886	0.07522937655448914
best250_vs_highdrift_damp	525	50	40	40	0	80.0	80.0	0.01297700870782137	0.04674104228615761
best250_vs_highdrift_damp	615	50	40	40	0	80.0	80.0	0.0132422661408782	0.09978334605693817
best250_vs_highdrift_damp	705	50	30	30	0	60.0	60.0	0.014282304793596268	-0.016112981364130974
best250_vs_highdrift_damp	787	50	35	35	0	70.0	70.0	0.014480795711278915	0.11336643248796463
best250_vs_highdrift_damp	912	50	38	38	0	76.0	76.0	0.015777483582496643	0.040858425199985504
best250_vs_highdrift_damp	338	50	47	47	0	94.0	94.0	0.019350750371813774	0.15229608118534088
best250_vs_highdrift_damp	445	50	29	30	1	58.0	60.0	-0.01189394574612379	0.005265455227345228
best250_vs_highdrift_damp	107	50	46	47	1	92.0	94.0	-0.011461641639471054	-0.10332649201154709
best250_vs_highdrift_damp	647	50	43	44	1	86.0	88.0	-0.010608255863189697	-0.11836019158363342
best250_vs_highdrift_damp	567	50	26	27	1	52.0	54.0	-0.010177196003496647	-0.007350940722972155
best250_vs_highdrift_damp	592	50	44	45	1	88.0	90.0	-0.009548939764499664	-0.0877193734049797
best250_vs_highdrift_damp	637	50	41	42	1	82.0	84.0	-0.009510558098554611	-0.04737595468759537
best250_vs_highdrift_damp	280	50	37	38	1	74.0	76.0	-0.00926202442497015	-0.011408405378460884
best250_vs_highdrift_damp	154	50	44	45	1	88.0	90.0	-0.007834975607693195	-0.05597437918186188
best250_vs_highdrift_damp	517	50	41	42	1	82.0	84.0	-0.0076069957576692104	0.02239813841879368
best250_vs_highdrift_damp	436	50	34	35	1	68.0	70.0	-0.007579389959573746	-0.0825103223323822
best250_vs_highdrift_damp	584	50	27	28	1	54.0	56.0	-0.007410911843180656	-0.06272987276315689
best250_vs_highdrift_damp	891	50	42	43	1	84.0	86.0	-0.007304786238819361	-0.044320058077573776
best250_vs_highdrift_damp	664	50	18	19	1	36.0	38.0	-0.007055158726871014	-0.028628816828131676
best250_vs_highdrift_damp	81	50	45	46	1	90.0	92.0	-0.006809365004301071	-0.07228522002696991
best250_vs_highdrift_damp	53	50	46	47	1	92.0	94.0	-0.006551188416779041	-0.026525650173425674
best250_vs_highdrift_damp	252	50	43	44	1	86.0	88.0	-0.006442448124289513	-0.06069773808121681
best250_vs_highdrift_damp	773	50	33	34	1	66.0	68.0	-0.006051850505173206	-0.024383068084716797
best250_vs_highdrift_damp	651	50	34	35	1	68.0	70.0	-0.0059318155981600285	-0.023697547614574432
best250_vs_highdrift_damp	963	50	42	43	1	84.0	86.0	-0.00583961047232151	-0.06113576889038086
best250_vs_highdrift_damp	618	50	23	24	1	46.0	48.0	-0.005601126700639725	-0.026011867448687553
best250_vs_highdrift_damp	519	50	31	32	1	62.0	64.0	-0.005578920710831881	-0.06384959071874619
best250_vs_highdrift_damp	377	50	40	41	1	80.0	82.0	-0.005496668629348278	-0.020488061010837555
best250_vs_highdrift_damp	918	50	44	45	1	88.0	90.0	-0.00526932068169117	-0.018891945481300354
best250_vs_highdrift_damp	879	50	38	39	1	76.0	78.0	-0.005251878406852484	-0.054956331849098206
best250_vs_highdrift_damp	218	50	44	45	1	88.0	90.0	-0.005239547695964575	-0.06787583976984024
best250_vs_highdrift_damp	298	50	39	40	1	78.0	80.0	-0.005208183545619249	-0.005690488964319229
best250_vs_highdrift_damp	136	50	49	50	1	98.0	100.0	-0.005094432272017002	-0.014383277855813503
best250_vs_highdrift_damp	536	50	30	31	1	60.0	62.0	-0.004973025526851416	-0.040571488440036774
best250_vs_highdrift_damp	246	50	40	41	1	80.0	82.0	-0.004887556191533804	-0.052849169820547104
best250_vs_highdrift_damp	540	50	43	44	1	86.0	88.0	-0.004725614562630653	-0.031568728387355804
best250_vs_highdrift_damp	775	50	36	37	1	72.0	74.0	-0.0046848393976688385	0.02898300252854824
best250_vs_highdrift_damp	521	50	43	44	1	86.0	88.0	-0.004478604067116976	-0.042019013315439224
best250_vs_highdrift_damp	79	50	42	43	1	84.0	86.0	-0.00447545712813735	-0.06201363727450371
best250_vs_highdrift_damp	440	50	41	42	1	82.0	84.0	-0.004380036145448685	-0.007937030866742134
best250_vs_highdrift_damp	924	50	42	43	1	84.0	86.0	-0.004113394767045975	-0.041062451899051666
best250_vs_highdrift_damp	283	50	46	47	1	92.0	94.0	-0.0036743273958563805	-0.05280498415231705
best250_vs_highdrift_damp	774	50	40	41	1	80.0	82.0	-0.003081111004576087	-0.033686522394418716
best250_vs_highdrift_damp	116	50	44	45	1	88.0	90.0	-0.0030381244141608477	0.005745134316384792
best250_vs_highdrift_damp	524	50	24	25	1	48.0	50.0	-0.0029859787318855524	-0.009549646638333797
best250_vs_highdrift_damp	718	50	36	37	1	72.0	74.0	-0.002919115126132965	-0.0020574568770825863
best250_vs_highdrift_damp	339	50	49	50	1	98.0	100.0	-0.002877592109143734	-0.03850029036402702
best250_vs_highdrift_damp	374	50	37	38	1	74.0	76.0	-0.0027386341243982315	0.002533502643927932
best250_vs_highdrift_damp	441	50	40	41	1	80.0	82.0	-0.002729056403040886	0.01219236385077238
best250_vs_highdrift_damp	819	50	39	40	1	78.0	80.0	-0.0027089572977274656	-0.050928279757499695
best250_vs_highdrift_damp	833	50	42	43	1	84.0	86.0	-0.002673220122233033	-0.03056233376264572
best250_vs_highdrift_damp	381	50	24	25	1	48.0	50.0	-0.0025391331873834133	-0.04964549094438553
best250_vs_highdrift_damp	810	50	18	19	1	36.0	38.0	-0.0023887655697762966	0.011854972690343857
best250_vs_highdrift_damp	931	50	35	36	1	70.0	72.0	-0.0020440698135644197	0.009177999570965767
best250_vs_highdrift_damp	628	50	46	47	1	92.0	94.0	-0.0014348269905894995	0.002209453610703349
best250_vs_highdrift_damp	212	50	44	45	1	88.0	90.0	-0.0014065280556678772	-0.038175180554389954
best250_vs_highdrift_damp	464	50	32	33	1	64.0	66.0	-0.0013356864219531417	-0.0903308317065239
best250_vs_highdrift_damp	716	50	44	45	1	88.0	90.0	-0.0010591810569167137	-0.025330983102321625
best250_vs_highdrift_damp	481	50	32	33	1	64.0	66.0	-0.0005782435182482004	-0.03505335748195648
best250_vs_highdrift_damp	155	50	37	38	1	74.0	76.0	-0.0005005449056625366	-0.024704722687602043
best250_vs_highdrift_damp	241	50	37	38	1	74.0	76.0	-0.000402825913624838	-0.0024503516033291817
best250_vs_highdrift_damp	161	50	41	42	1	82.0	84.0	-0.00028570910217240453	-0.02350948378443718
best250_vs_highdrift_damp	636	50	32	33	1	64.0	66.0	-0.0002473838976584375	0.05835656076669693
best250_vs_highdrift_damp	782	50	8	9	1	16.0	18.0	-0.00021181016927585006	-0.002273655030876398
best250_vs_highdrift_damp	324	50	47	48	1	94.0	96.0	-0.00021095112606417388	0.02397006005048752
best250_vs_highdrift_damp	24	50	48	49	1	96.0	98.0	-0.000141153039294295	-0.006143484264612198
best250_vs_highdrift_damp	539	50	38	39	1	76.0	78.0	-8.386269473703578e-05	-0.050508249551057816
best250_vs_highdrift_damp	950	50	38	39	1	76.0	78.0	0.00014032215403858572	0.010612402111291885
best250_vs_highdrift_damp	170	50	34	35	1	68.0	70.0	0.00018181666382588446	-0.02635452337563038
best250_vs_highdrift_damp	836	50	11	12	1	22.0	24.0	0.00020372867584228516	0.007282905746251345
best250_vs_highdrift_damp	726	50	45	46	1	90.0	92.0	0.0003524121711961925	0.00978851318359375
best250_vs_highdrift_damp	843	50	44	45	1	88.0	90.0	0.00038338222657330334	0.0022805691696703434
best250_vs_highdrift_damp	180	50	30	31	1	60.0	62.0	0.0004998617805540562	0.01718420907855034
best250_vs_highdrift_damp	631	50	32	33	1	64.0	66.0	0.0006338381208479404	0.039738625288009644
best250_vs_highdrift_damp	823	50	38	39	1	76.0	78.0	0.0006673611933365464	0.04304361343383789
best250_vs_highdrift_damp	60	50	25	26	1	50.0	52.0	0.0006913478719070554	-0.004940500482916832
best250_vs_highdrift_damp	559	50	40	41	1	80.0	82.0	0.0007906761020421982	0.028049582615494728
best250_vs_highdrift_damp	672	50	47	48	1	94.0	96.0	0.0007992946193553507	0.0016308879712596536
best250_vs_highdrift_damp	624	50	32	33	1	64.0	66.0	0.0009813731303438544	0.010949525982141495
best250_vs_highdrift_damp	394	50	44	45	1	88.0	90.0	0.0011304363142699003	-0.006780738942325115
best250_vs_highdrift_damp	227	50	33	34	1	66.0	68.0	0.0012306631542742252	-0.016097649931907654
best250_vs_highdrift_damp	284	50	47	48	1	94.0	96.0	0.0013929399428889155	-0.0169217586517334
best250_vs_highdrift_damp	358	50	29	30	1	58.0	60.0	0.0014979243278503418	-0.001303548808209598
best250_vs_highdrift_damp	673	50	23	24	1	46.0	48.0	0.001578069874085486	0.029607420787215233
best250_vs_highdrift_damp	956	50	48	49	1	96.0	98.0	0.0017615044489502907	-0.006495828740298748
best250_vs_highdrift_damp	249	50	39	40	1	78.0	80.0	0.0017794728046283126	0.05919480323791504
best250_vs_highdrift_damp	938	50	46	47	1	92.0	94.0	0.0018828589236363769	0.020875664427876472
best250_vs_highdrift_damp	164	50	46	47	1	92.0	94.0	0.0019012483535334468	0.06913964450359344
best250_vs_highdrift_damp	4	50	46	47	1	92.0	94.0	0.0019013875862583518	0.011643447913229465
best250_vs_highdrift_damp	949	50	34	35	1	68.0	70.0	0.0019085779786109924	0.0503779798746109
best250_vs_highdrift_damp	786	50	45	46	1	90.0	92.0	0.0020640194416046143	-0.020508738234639168
best250_vs_highdrift_damp	698	50	37	38	1	74.0	76.0	0.0020958820823580027	0.013039607554674149
best250_vs_highdrift_damp	118	50	42	43	1	84.0	86.0	0.002143988385796547	0.029698390513658524
best250_vs_highdrift_damp	583	50	46	47	1	92.0	94.0	0.0021896352991461754	0.026888761669397354
best250_vs_highdrift_damp	890	50	48	49	1	96.0	98.0	0.0021995590068399906	0.0020242261234670877
best250_vs_highdrift_damp	446	50	34	35	1	68.0	70.0	0.002425846178084612	0.005675869062542915
best250_vs_highdrift_damp	882	50	40	41	1	80.0	82.0	0.0024535334669053555	0.006780700758099556
best250_vs_highdrift_damp	311	50	35	36	1	70.0	72.0	0.002481139497831464	-0.0050959112122654915
best250_vs_highdrift_damp	188	50	42	43	1	84.0	86.0	0.0025807213969528675	0.04715918377041817
best250_vs_highdrift_damp	590	50	26	27	1	52.0	54.0	0.002643982181325555	0.03321399539709091
best250_vs_highdrift_damp	964	50	40	41	1	80.0	82.0	0.00266155949793756	-0.016043586656451225
best250_vs_highdrift_damp	871	50	42	43	1	84.0	86.0	0.0027846836019307375	0.0011716079898178577
best250_vs_highdrift_damp	205	50	39	40	1	78.0	80.0	0.002800347749143839	-0.049710121005773544
best250_vs_highdrift_damp	21	50	42	43	1	84.0	86.0	0.0028685317374765873	-0.001133232144638896
best250_vs_highdrift_damp	656	50	27	28	1	54.0	56.0	0.0029116617515683174	0.033204879611730576
best250_vs_highdrift_damp	630	50	46	47	1	92.0	94.0	0.002935591386631131	-0.023849716410040855
best250_vs_highdrift_damp	85	50	46	47	1	92.0	94.0	0.0031069284304976463	0.05849716067314148
best250_vs_highdrift_damp	695	50	38	39	1	76.0	78.0	0.003179513616487384	-0.00012205124221509323
best250_vs_highdrift_damp	681	50	13	14	1	26.0	28.0	0.0032149464823305607	-0.02510870061814785
best250_vs_highdrift_damp	568	50	44	45	1	88.0	90.0	0.003326752223074436	-0.004424247890710831
best250_vs_highdrift_damp	527	50	33	34	1	66.0	68.0	0.0034965300001204014	-0.010592851787805557
best250_vs_highdrift_damp	612	50	46	47	1	92.0	94.0	0.0036858513485640287	0.03035588189959526
best250_vs_highdrift_damp	202	50	40	41	1	80.0	82.0	0.00377877289429307	0.024154596030712128
best250_vs_highdrift_damp	285	50	32	33	1	64.0	66.0	0.004082458559423685	0.036776505410671234
best250_vs_highdrift_damp	423	50	34	35	1	68.0	70.0	0.004303585737943649	-0.04572248458862305
best250_vs_highdrift_damp	923	50	25	26	1	50.0	52.0	0.004475646186619997	-0.0017547321040183306
best250_vs_highdrift_damp	659	50	42	43	1	84.0	86.0	0.004505651071667671	0.01573563553392887
best250_vs_highdrift_damp	779	50	48	49	1	96.0	98.0	0.004613873083144426	0.0587930865585804
best250_vs_highdrift_damp	243	50	42	43	1	84.0	86.0	0.004757592920213938	-0.017400283366441727
best250_vs_highdrift_damp	626	50	42	43	1	84.0	86.0	0.004882479086518288	0.01443014107644558
best250_vs_highdrift_damp	617	50	42	43	1	84.0	86.0	0.005166520364582539	0.006248836405575275
best250_vs_highdrift_damp	379	50	45	46	1	90.0	92.0	0.005251976661384106	0.08354346454143524
best250_vs_highdrift_damp	570	50	45	46	1	90.0	92.0	0.005505503620952368	0.017349157482385635
best250_vs_highdrift_damp	634	50	39	40	1	78.0	80.0	0.005681131966412067	0.029584502801299095
best250_vs_highdrift_damp	877	50	44	45	1	88.0	90.0	0.005706847179681063	0.03925229236483574
best250_vs_highdrift_damp	367	50	44	45	1	88.0	90.0	0.005843807477504015	0.10099112242460251
best250_vs_highdrift_damp	158	50	30	31	1	60.0	62.0	0.005934768356382847	0.01508421916514635
best250_vs_highdrift_damp	326	50	48	49	1	96.0	98.0	0.0061471713706851006	0.020502261817455292
best250_vs_highdrift_damp	439	50	47	48	1	94.0	96.0	0.006445360369980335	0.04119568690657616
best250_vs_highdrift_damp	378	50	44	45	1	88.0	90.0	0.006521902047097683	0.04877324029803276
best250_vs_highdrift_damp	270	50	46	47	1	92.0	94.0	0.006649896036833525	-0.011585845611989498
best250_vs_highdrift_damp	43	50	44	45	1	88.0	90.0	0.006795542314648628	0.024179372936487198
best250_vs_highdrift_damp	893	50	35	36	1	70.0	72.0	0.006884259637445211	0.02603490836918354
best250_vs_highdrift_damp	868	50	33	34	1	66.0	68.0	0.007144490256905556	0.07942306250333786
best250_vs_highdrift_damp	299	50	47	48	1	94.0	96.0	0.00721787940710783	0.05831577256321907
best250_vs_highdrift_damp	896	50	46	47	1	92.0	94.0	0.007286992855370045	0.00856480561196804
best250_vs_highdrift_damp	162	50	44	45	1	88.0	90.0	0.007299637421965599	-0.008940715342760086
best250_vs_highdrift_damp	359	50	35	36	1	70.0	72.0	0.007665896322578192	-0.006223793141543865
best250_vs_highdrift_damp	742	50	26	27	1	52.0	54.0	0.007976135239005089	0.024052800610661507
best250_vs_highdrift_damp	627	50	40	41	1	80.0	82.0	0.008056563325226307	0.09157757461071014
best250_vs_highdrift_damp	408	50	37	38	1	74.0	76.0	0.008702184073626995	0.0872083380818367
best250_vs_highdrift_damp	646	50	43	44	1	86.0	88.0	0.008912494406104088	0.004934673197567463
best250_vs_highdrift_damp	822	50	46	47	1	92.0	94.0	0.009056913666427135	0.0328909307718277
best250_vs_highdrift_damp	416	50	46	47	1	92.0	94.0	0.009252507239580154	0.01957831345498562
best250_vs_highdrift_damp	413	50	28	29	1	56.0	58.0	0.009284411557018757	0.04495546221733093
best250_vs_highdrift_damp	435	50	27	28	1	54.0	56.0	0.009750946424901485	0.0589732825756073
best250_vs_highdrift_damp	206	50	44	45	1	88.0	90.0	0.009877240285277367	0.07906866073608398
best250_vs_highdrift_damp	314	50	42	43	1	84.0	86.0	0.010374069213867188	0.13911235332489014
best250_vs_highdrift_damp	712	50	39	40	1	78.0	80.0	0.01096264086663723	0.04575996473431587
best250_vs_highdrift_damp	824	50	33	34	1	66.0	68.0	0.011029355227947235	0.04550284519791603
best250_vs_highdrift_damp	741	50	37	38	1	74.0	76.0	0.011425981298089027	0.02662619575858116
best250_vs_highdrift_damp	500	50	47	48	1	94.0	96.0	0.0116673419252038	0.1274833083152771
best250_vs_highdrift_damp	700	50	40	41	1	80.0	82.0	0.011680066585540771	0.079354427754879
best250_vs_highdrift_damp	917	50	42	43	1	84.0	86.0	0.01172355655580759	0.06553412228822708
best250_vs_highdrift_damp	921	50	37	38	1	74.0	76.0	0.012318065389990807	0.0772889107465744
best250_vs_highdrift_damp	663	50	33	34	1	66.0	68.0	0.01285562478005886	0.06292533874511719
best250_vs_highdrift_damp	747	50	35	36	1	70.0	72.0	0.013063568621873856	0.06953262537717819
best250_vs_highdrift_damp	853	50	46	47	1	92.0	94.0	0.013086664490401745	0.11605750769376755
best250_vs_highdrift_damp	674	50	46	47	1	92.0	94.0	0.014031379483640194	0.07628215104341507
best250_vs_highdrift_damp	834	50	29	30	1	58.0	60.0	0.014380238950252533	-0.04871566593647003
best250_vs_highdrift_damp	537	50	46	47	1	92.0	94.0	0.01581556349992752	0.08809502422809601
best250_vs_highdrift_damp	895	50	41	42	1	82.0	84.0	0.0190384890884161	0.056463614106178284
best250_vs_highdrift_damp	641	50	44	45	1	88.0	90.0	0.020631438121199608	0.07922810316085815
best250_vs_highdrift_damp	208	50	44	45	1	88.0	90.0	0.030842864885926247	0.14741769433021545
best250_vs_highdrift_damp	507	50	41	43	2	82.0	86.0	-0.017179589718580246	-0.1291554570198059
best250_vs_highdrift_damp	503	50	29	31	2	58.0	62.0	-0.006445043254643679	-0.020177822560071945
best250_vs_highdrift_damp	523	50	31	33	2	62.0	66.0	-0.003903617849573493	-0.037536218762397766
best250_vs_highdrift_damp	792	50	35	37	2	70.0	74.0	-0.003751602489501238	-0.01078127883374691
best250_vs_highdrift_damp	817	50	32	34	2	64.0	68.0	-0.0036243856884539127	0.012526044622063637
best250_vs_highdrift_damp	383	50	32	34	2	64.0	68.0	-0.0031536994501948357	0.022846050560474396
best250_vs_highdrift_damp	987	50	20	22	2	40.0	44.0	-0.0023438804782927036	0.007625141181051731
best250_vs_highdrift_damp	889	50	37	39	2	74.0	78.0	-0.0017736244481056929	0.018999185413122177
best250_vs_highdrift_damp	103	50	39	41	2	78.0	82.0	-0.0016775343101471663	0.015490102581679821
best250_vs_highdrift_damp	929	50	40	42	2	80.0	84.0	-0.0010025739902630448	-0.003556737909093499
best250_vs_highdrift_damp	751	50	38	40	2	76.0	80.0	-0.0009268245194107294	-0.02037249505519867
best250_vs_highdrift_damp	633	50	29	31	2	58.0	62.0	0.0006250508595257998	-0.07057952880859375
best250_vs_highdrift_damp	455	50	40	42	2	80.0	84.0	0.0007620755350217223	0.029189663007855415
best250_vs_highdrift_damp	110	50	43	45	2	86.0	90.0	0.002721632132306695	0.015821505337953568
best250_vs_highdrift_damp	437	50	37	39	2	74.0	78.0	0.003207552945241332	0.03193678706884384
best250_vs_highdrift_damp	427	50	32	34	2	64.0	68.0	0.003269492881372571	0.00547792436555028
best250_vs_highdrift_damp	838	50	24	26	2	48.0	52.0	0.003662535222247243	0.0017408371204510331
best250_vs_highdrift_damp	551	50	42	44	2	84.0	88.0	0.003787417197600007	0.005079364869743586
best250_vs_highdrift_damp	898	50	35	37	2	70.0	74.0	0.0038868719711899757	-0.009698648005723953
best250_vs_highdrift_damp	207	50	45	47	2	90.0	94.0	0.004359294660389423	-0.048161134123802185
best250_vs_highdrift_damp	744	50	17	19	2	34.0	38.0	0.004791891202330589	0.03176186606287956
best250_vs_highdrift_damp	780	50	39	41	2	78.0	82.0	0.005206044763326645	0.03556098788976669
best250_vs_highdrift_damp	124	50	38	40	2	76.0	80.0	0.005729028955101967	0.0021196745801717043
best250_vs_highdrift_damp	961	50	25	27	2	50.0	54.0	0.006254215259104967	0.03881470859050751
best250_vs_highdrift_damp	99	50	42	44	2	84.0	88.0	0.00713150342926383	0.03552529215812683
best250_vs_highdrift_damp	492	50	43	45	2	86.0	90.0	0.007766467984765768	0.03560693562030792
best250_vs_highdrift_damp	231	50	22	24	2	44.0	48.0	0.00809407327324152	0.04678361862897873
best250_vs_highdrift_damp	544	50	38	40	2	76.0	80.0	0.00823991559445858	0.05602758377790451
best250_vs_highdrift_damp	754	50	34	36	2	68.0	72.0	0.008668973110616207	0.018405379727482796
best250_vs_highdrift_damp	385	50	32	34	2	64.0	68.0	0.009024262428283691	0.0021710300352424383
best250_vs_highdrift_damp	151	50	34	36	2	68.0	72.0	0.009427371434867382	0.021710949018597603
best250_vs_highdrift_damp	348	50	34	36	2	68.0	72.0	0.009553102776408195	0.00721011171117425
best250_vs_highdrift_damp	480	50	41	43	2	82.0	86.0	0.0101894186809659	0.06808469444513321
best250_vs_highdrift_damp	200	50	37	39	2	74.0	78.0	0.01039145514369011	0.0152809526771307
best250_vs_highdrift_damp	827	50	36	38	2	72.0	76.0	0.011539792641997337	0.02778513915836811
best250_vs_highdrift_damp	639	50	18	20	2	36.0	40.0	0.01171024702489376	-0.0072127534076571465
best250_vs_highdrift_damp	400	50	20	22	2	40.0	44.0	0.012409771792590618	0.011797361075878143
best250_vs_highdrift_damp	199	50	38	40	2	76.0	80.0	0.01241876557469368	0.026285162195563316
best250_vs_highdrift_damp	269	50	40	42	2	80.0	84.0	0.014343271031975746	0.018106650561094284
best250_vs_highdrift_damp	848	50	23	25	2	46.0	50.0	0.014689023606479168	0.014917774125933647
best250_vs_highdrift_damp	418	50	34	36	2	68.0	72.0	0.023845596238970757	0.07589831948280334
best250_vs_highdrift_damp	907	50	26	29	3	52.0	58.0	-0.002454731846228242	0.00901950802654028
best250_vs_highdrift_damp	784	50	20	23	3	40.0	46.0	0.001903987256810069	0.1416654735803604
best250_vs_highdrift_damp	457	50	37	40	3	74.0	80.0	0.007982705719769001	-0.035183485597372055
best250_vs_highdrift_damp	831	50	40	43	3	80.0	86.0	0.016092728823423386	0.03296487033367157
best250_vs_highdrift_damp	864	50	37	40	3	74.0	80.0	0.025004591792821884	0.1632050722837448
best250_vs_movev_damp	250	50	38	35	-3	76.0	70.0	-0.005818384233862162	0.003023491008207202
best250_vs_movev_damp	876	50	17	14	-3	34.0	28.0	-0.003986545372754335	0.02073054388165474
best250_vs_movev_damp	859	50	36	33	-3	72.0	66.0	-0.0036990176886320114	0.030608033761382103
best250_vs_movev_damp	386	50	34	32	-2	68.0	64.0	-0.012573434971272945	-0.013961095362901688
best250_vs_movev_damp	789	50	41	39	-2	82.0	78.0	-0.010427777655422688	-0.02657242864370346
best250_vs_movev_damp	165	50	31	29	-2	62.0	58.0	-0.008512993343174458	-0.06401315331459045
best250_vs_movev_damp	442	50	37	35	-2	74.0	70.0	-0.007225419394671917	-0.011321182362735271
best250_vs_movev_damp	680	50	43	41	-2	86.0	82.0	-0.006227802485227585	-0.015543622896075249
best250_vs_movev_damp	813	50	27	25	-2	54.0	50.0	-0.006128522101789713	-0.06154382601380348
best250_vs_movev_damp	407	50	48	46	-2	96.0	92.0	-0.006034680642187595	-0.04058017581701279
best250_vs_movev_damp	46	50	28	26	-2	56.0	52.0	-0.005891120061278343	-0.02475721389055252
best250_vs_movev_damp	111	50	48	46	-2	96.0	92.0	-0.005655400920659304	-0.07057718187570572
best250_vs_movev_damp	648	50	35	33	-2	70.0	66.0	-0.004745014477521181	-0.027893267571926117
best250_vs_movev_damp	765	50	39	37	-2	78.0	74.0	-0.004236365668475628	-0.02106843888759613
best250_vs_movev_damp	655	50	42	40	-2	84.0	80.0	-0.0028214636258780956	-0.03713345527648926
best250_vs_movev_damp	185	50	36	34	-2	72.0	68.0	-0.0027046706527471542	-0.012541179545223713
best250_vs_movev_damp	689	50	17	15	-2	34.0	30.0	-0.0024548231158405542	-0.00384349818341434
best250_vs_movev_damp	935	50	38	36	-2	76.0	72.0	-0.0015472003724426031	0.010610323399305344
best250_vs_movev_damp	245	50	45	43	-2	90.0	86.0	-0.0012402567081153393	0.011376313865184784
best250_vs_movev_damp	422	50	33	31	-2	66.0	62.0	-0.00020072207553312182	0.05244256183505058
best250_vs_movev_damp	65	50	43	41	-2	86.0	82.0	0.0004908073460683227	-0.0008676719735376537
best250_vs_movev_damp	943	50	39	37	-2	78.0	74.0	0.0008317715837620199	0.0014813232701271772
best250_vs_movev_damp	579	50	40	38	-2	80.0	76.0	0.001802433398552239	0.039195701479911804
best250_vs_movev_damp	811	50	35	33	-2	70.0	66.0	0.0031163052190095186	0.06386672705411911
best250_vs_movev_damp	799	50	26	24	-2	52.0	48.0	0.003570541739463806	-0.0010410308605059981
best250_vs_movev_damp	764	50	30	28	-2	60.0	56.0	0.004198072012513876	0.03801490738987923
best250_vs_movev_damp	652	50	40	38	-2	80.0	76.0	0.004931032657623291	-0.05470074713230133
best250_vs_movev_damp	456	50	43	41	-2	86.0	82.0	0.005092408042401075	0.05307251960039139
best250_vs_movev_damp	923	50	28	26	-2	56.0	52.0	0.006394586991518736	0.03666553646326065
best250_vs_movev_damp	577	50	46	45	-1	92.0	90.0	-0.012410414405167103	-0.046746626496315
best250_vs_movev_damp	872	50	39	38	-1	78.0	76.0	-0.01167536061257124	-0.04285488277673721
best250_vs_movev_damp	295	50	46	45	-1	92.0	90.0	-0.00961355585604906	-0.02212759107351303
best250_vs_movev_damp	798	50	42	41	-1	84.0	82.0	-0.008639697916805744	-0.02730914205312729
best250_vs_movev_damp	147	50	47	46	-1	94.0	92.0	-0.008504257537424564	-0.008626528084278107
best250_vs_movev_damp	366	50	43	42	-1	86.0	84.0	-0.008197404444217682	-0.002429037122055888
best250_vs_movev_damp	68	50	15	14	-1	30.0	28.0	-0.008153539150953293	-0.002203979529440403
best250_vs_movev_damp	134	50	38	37	-1	76.0	74.0	-0.008143615908920765	-0.052160996943712234
best250_vs_movev_damp	892	50	36	35	-1	72.0	70.0	-0.007804055232554674	-0.0375555045902729
best250_vs_movev_damp	294	50	47	46	-1	94.0	92.0	-0.007615461479872465	-0.03322101756930351
best250_vs_movev_damp	643	50	35	34	-1	70.0	68.0	-0.007575958967208862	-0.06952741742134094
best250_vs_movev_damp	488	50	18	17	-1	36.0	34.0	-0.007550942245870829	0.03145219758152962
best250_vs_movev_damp	865	50	33	32	-1	66.0	64.0	-0.0073522948659956455	-0.00924700777977705
best250_vs_movev_damp	469	50	35	34	-1	70.0	68.0	-0.0071435063146054745	-0.028353843837976456
best250_vs_movev_damp	440	50	43	42	-1	86.0	84.0	-0.007001054473221302	-0.05670778453350067
best250_vs_movev_damp	510	50	47	46	-1	94.0	92.0	-0.006939603015780449	-0.03342259302735329
best250_vs_movev_damp	978	50	25	24	-1	50.0	48.0	-0.006841092836111784	-0.018216028809547424
best250_vs_movev_damp	697	50	36	35	-1	72.0	70.0	-0.006742351222783327	-0.03938300162553787
best250_vs_movev_damp	711	50	39	38	-1	78.0	76.0	-0.006718799937516451	0.024080628529191017
best250_vs_movev_damp	632	50	30	29	-1	60.0	58.0	-0.00659176055341959	-0.014147758483886719
best250_vs_movev_damp	3	50	40	39	-1	80.0	78.0	-0.006584765389561653	-0.034498196095228195
best250_vs_movev_damp	424	50	34	33	-1	68.0	66.0	-0.006376707926392555	-0.005602598190307617
best250_vs_movev_damp	471	50	46	45	-1	92.0	90.0	-0.006343848537653685	-0.05734480917453766
best250_vs_movev_damp	575	50	43	42	-1	86.0	84.0	-0.006299763917922974	-0.01724773459136486
best250_vs_movev_damp	742	50	28	27	-1	56.0	54.0	-0.006229455582797527	0.008936920203268528
best250_vs_movev_damp	649	50	47	46	-1	94.0	92.0	-0.006169578991830349	-0.05044073238968849
best250_vs_movev_damp	491	50	50	49	-1	100.0	98.0	-0.006006035953760147	-0.11159580945968628
best250_vs_movev_damp	426	50	46	45	-1	92.0	90.0	-0.005696943961083889	-0.012075233273208141
best250_vs_movev_damp	184	50	40	39	-1	80.0	78.0	-0.0056902640499174595	-0.04805493354797363
best250_vs_movev_damp	582	50	34	33	-1	68.0	66.0	-0.005374944303184748	-0.05944418907165527
best250_vs_movev_damp	232	50	45	44	-1	90.0	88.0	-0.0053093223832547665	-0.015912018716335297
best250_vs_movev_damp	651	50	36	35	-1	72.0	70.0	-0.005288560409098864	-0.04377227649092674
best250_vs_movev_damp	320	50	46	45	-1	92.0	90.0	-0.005224461667239666	-0.014705228619277477
best250_vs_movev_damp	807	50	41	40	-1	82.0	80.0	-0.005203898064792156	-0.03375741094350815
best250_vs_movev_damp	654	50	41	40	-1	82.0	80.0	-0.005113338120281696	-0.04657258093357086
best250_vs_movev_damp	945	50	46	45	-1	92.0	90.0	-0.0050758980214595795	-0.003517208155244589
best250_vs_movev_damp	732	50	43	42	-1	86.0	84.0	-0.00479683605954051	-0.04976055026054382
best250_vs_movev_damp	971	50	45	44	-1	90.0	88.0	-0.004316331818699837	-0.0504569448530674
best250_vs_movev_damp	509	50	33	32	-1	66.0	64.0	-0.0042956192046403885	0.014215793460607529
best250_vs_movev_damp	724	50	43	42	-1	86.0	84.0	-0.0041642258875072	-0.023495741188526154
best250_vs_movev_damp	482	50	14	13	-1	28.0	26.0	-0.004151727072894573	0.02071632444858551
best250_vs_movev_damp	800	50	48	47	-1	96.0	94.0	-0.004096293356269598	0.025672387331724167
best250_vs_movev_damp	837	50	21	20	-1	42.0	40.0	-0.0040663727559149265	-0.05525778606534004
best250_vs_movev_damp	770	50	43	42	-1	86.0	84.0	-0.0038787529338151217	-0.019041327759623528
best250_vs_movev_damp	452	50	39	38	-1	78.0	76.0	-0.0037758282851427794	0.032211557030677795
best250_vs_movev_damp	252	50	45	44	-1	90.0	88.0	-0.0037750047631561756	-0.023092297837138176
best250_vs_movev_damp	115	50	49	48	-1	98.0	96.0	-0.003739172127097845	-0.0002885055437218398
best250_vs_movev_damp	266	50	31	30	-1	62.0	60.0	-0.0037008340004831553	0.03273473680019379
best250_vs_movev_damp	757	50	44	43	-1	88.0	86.0	-0.0036854958161711693	-0.0208797175437212
best250_vs_movev_damp	763	50	47	46	-1	94.0	92.0	-0.003603217890486121	-0.022392863407731056
best250_vs_movev_damp	197	50	44	43	-1	88.0	86.0	-0.0035618769470602274	0.017486752942204475
best250_vs_movev_damp	47	50	41	40	-1	82.0	80.0	-0.003455349477007985	-0.007979574613273144
best250_vs_movev_damp	928	50	38	37	-1	76.0	74.0	-0.003308923216536641	-0.04918457195162773
best250_vs_movev_damp	485	50	36	35	-1	72.0	70.0	-0.0032603067811578512	-0.031156616285443306
best250_vs_movev_damp	265	50	35	34	-1	70.0	68.0	-0.003199174767360091	-0.020393820479512215
best250_vs_movev_damp	861	50	38	37	-1	76.0	74.0	-0.0031338483095169067	-0.02147161401808262
best250_vs_movev_damp	233	50	41	40	-1	82.0	80.0	-0.0031039451714605093	0.023839006200432777
best250_vs_movev_damp	241	50	39	38	-1	78.0	76.0	-0.0028536191675812006	-0.019139641895890236
best250_vs_movev_damp	464	50	34	33	-1	68.0	66.0	-0.002814988140016794	-0.0773022249341011
best250_vs_movev_damp	962	50	39	38	-1	78.0	76.0	-0.0027548999059945345	-0.034602660685777664
best250_vs_movev_damp	709	50	42	41	-1	84.0	82.0	-0.0026586686726659536	0.007820234633982182
best250_vs_movev_damp	390	50	35	34	-1	70.0	68.0	-0.0025381306186318398	0.014753866009414196
best250_vs_movev_damp	915	50	49	48	-1	98.0	96.0	-0.002538047032430768	-0.009613733738660812
best250_vs_movev_damp	690	50	47	46	-1	94.0	92.0	-0.002408296102657914	-0.0026511286851018667
best250_vs_movev_damp	694	50	48	47	-1	96.0	94.0	-0.0023105856962502003	-0.025273647159337997
best250_vs_movev_damp	526	50	32	31	-1	64.0	62.0	-0.0022928155958652496	0.013607845641672611
best250_vs_movev_damp	91	50	47	46	-1	94.0	92.0	-0.002254663035273552	-0.03135151043534279
best250_vs_movev_damp	370	50	44	43	-1	88.0	86.0	-0.0021590786054730415	-0.07179839164018631
best250_vs_movev_damp	938	50	48	47	-1	96.0	94.0	-0.0020962683483958244	-0.0066461036913096905
best250_vs_movev_damp	683	50	35	34	-1	70.0	68.0	-0.002046753652393818	-0.02643442153930664
best250_vs_movev_damp	193	50	25	24	-1	50.0	48.0	-0.002011683536693454	-0.023913230746984482
best250_vs_movev_damp	195	50	46	45	-1	92.0	90.0	-0.0019969933200627565	-0.0021274567116051912
best250_vs_movev_damp	614	50	46	45	-1	92.0	90.0	-0.001970699755474925	-0.005171098746359348
best250_vs_movev_damp	767	50	33	32	-1	66.0	64.0	-0.0019641458056867123	-0.009337530471384525
best250_vs_movev_damp	349	50	35	34	-1	70.0	68.0	-0.0019590980373322964	-0.019411249086260796
best250_vs_movev_damp	503	50	32	31	-1	64.0	62.0	-0.0019306556787341833	0.004121379926800728
best250_vs_movev_damp	345	50	33	32	-1	66.0	64.0	-0.001914842170663178	-0.01909802481532097
best250_vs_movev_damp	836	50	13	12	-1	26.0	24.0	-0.0017972546629607677	-0.01570632867515087
best250_vs_movev_damp	920	50	42	41	-1	84.0	82.0	-0.001780767343007028	0.03370562568306923
best250_vs_movev_damp	214	50	46	45	-1	92.0	90.0	-0.0017357395263388753	-0.01630905084311962
best250_vs_movev_damp	35	50	35	34	-1	70.0	68.0	-0.001711279503069818	0.0026443195529282093
best250_vs_movev_damp	402	50	32	31	-1	64.0	62.0	-0.0016574169276282191	0.00959450751543045
best250_vs_movev_damp	843	50	46	45	-1	92.0	90.0	-0.0015152111882343888	0.011410580016672611
best250_vs_movev_damp	885	50	16	15	-1	32.0	30.0	-0.0015070753870531917	-0.036337900906801224
best250_vs_movev_damp	586	50	44	43	-1	88.0	86.0	-0.001415324630215764	-0.012740382924675941
best250_vs_movev_damp	132	50	47	46	-1	94.0	92.0	-0.0014007538557052612	0.011300487443804741
best250_vs_movev_damp	983	50	47	46	-1	94.0	92.0	-0.0012969389790669084	-0.03135744109749794
best250_vs_movev_damp	677	50	37	36	-1	74.0	72.0	-0.0012481722515076399	0.006775865331292152
best250_vs_movev_damp	969	50	23	22	-1	46.0	44.0	-0.0011322603095322847	0.03609414026141167
best250_vs_movev_damp	635	50	33	32	-1	66.0	64.0	-0.0011284344363957644	-0.021953172981739044
best250_vs_movev_damp	657	50	15	14	-1	30.0	28.0	-0.0011158413253724575	-0.006099453195929527
best250_vs_movev_damp	776	50	38	37	-1	76.0	74.0	-0.0008333844016306102	0.035077743232250214
best250_vs_movev_damp	502	50	34	33	-1	68.0	66.0	-0.000822142930701375	-0.008482227101922035
best250_vs_movev_damp	826	50	34	33	-1	68.0	66.0	-0.0007335867267102003	0.03529077395796776
best250_vs_movev_damp	722	50	45	44	-1	90.0	88.0	-0.0006931794341653585	-0.0527871698141098
best250_vs_movev_damp	356	50	23	22	-1	46.0	44.0	-0.0006459061987698078	0.012329425662755966
best250_vs_movev_damp	542	50	36	35	-1	72.0	70.0	-0.0005767029360868037	-0.0038586617447435856
best250_vs_movev_damp	678	50	37	36	-1	74.0	72.0	-0.0005603733006864786	-0.026433009654283524
best250_vs_movev_damp	211	50	45	44	-1	90.0	88.0	-0.00038666516775265336	0.019445208832621574
best250_vs_movev_damp	83	50	49	48	-1	98.0	96.0	-0.0003685687552206218	-0.03497704491019249
best250_vs_movev_damp	782	50	10	9	-1	20.0	18.0	-0.0002515603555366397	0.002967176493257284
best250_vs_movev_damp	778	50	41	40	-1	82.0	80.0	-0.00014258980809245259	-0.03119811974465847
best250_vs_movev_damp	54	50	34	33	-1	68.0	66.0	-0.00012922169116791338	0.011566400527954102
best250_vs_movev_damp	909	50	32	31	-1	64.0	62.0	-0.0001207998429890722	-0.043588533997535706
best250_vs_movev_damp	78	50	40	39	-1	80.0	78.0	-8.944913861341774e-05	-0.011551380157470703
best250_vs_movev_damp	506	50	40	39	-1	80.0	78.0	-3.5873352317139506e-05	0.022390402853488922
best250_vs_movev_damp	297	50	39	38	-1	78.0	76.0	1.73851840372663e-05	-0.009687671437859535
best250_vs_movev_damp	553	50	42	41	-1	84.0	82.0	8.456825889879838e-05	0.002787475474178791
best250_vs_movev_damp	125	50	46	45	-1	92.0	90.0	0.00015386015002150089	0.028276681900024414
best250_vs_movev_damp	706	50	33	32	-1	66.0	64.0	0.00019520446949172765	-0.020015191286802292
best250_vs_movev_damp	363	50	47	46	-1	94.0	92.0	0.00023718744341749698	0.04408674314618111
best250_vs_movev_damp	49	50	41	40	-1	82.0	80.0	0.000305001885863021	-0.021714219823479652
best250_vs_movev_damp	467	50	43	42	-1	86.0	84.0	0.0004346872738096863	0.003892536275088787
best250_vs_movev_damp	137	50	44	43	-1	88.0	86.0	0.00047961901873350143	-0.007555017247796059
best250_vs_movev_damp	824	50	35	34	-1	70.0	68.0	0.0004951078444719315	0.03224443271756172
best250_vs_movev_damp	141	50	47	46	-1	94.0	92.0	0.0005593025707639754	0.015812167897820473
best250_vs_movev_damp	640	50	49	48	-1	98.0	96.0	0.0006483218166977167	0.020156297832727432
best250_vs_movev_damp	854	50	45	44	-1	90.0	88.0	0.0006852895021438599	-0.0002413368201814592
best250_vs_movev_damp	505	50	35	34	-1	70.0	68.0	0.0009872254449874163	0.01772489584982395
best250_vs_movev_damp	149	50	45	44	-1	90.0	88.0	0.0010094287572428584	0.038353510200977325
best250_vs_movev_damp	737	50	35	34	-1	70.0	68.0	0.0010179143864661455	-0.008982010185718536
best250_vs_movev_damp	160	50	50	49	-1	100.0	98.0	0.0010748020140454173	0.06811725348234177
best250_vs_movev_damp	708	50	32	31	-1	64.0	62.0	0.0013249579351395369	0.008690433576703072
best250_vs_movev_damp	303	50	41	40	-1	82.0	80.0	0.0013353900285437703	0.042543746531009674
best250_vs_movev_damp	812	50	49	48	-1	98.0	96.0	0.0013554400065913796	0.06638771295547485
best250_vs_movev_damp	128	50	46	45	-1	92.0	90.0	0.0014197612181305885	-0.0335867702960968
best250_vs_movev_damp	981	50	43	42	-1	86.0	84.0	0.0014540735865011811	-0.00795669574290514
best250_vs_movev_damp	544	50	41	40	-1	82.0	80.0	0.0015055174008011818	-0.0024808787275105715
best250_vs_movev_damp	44	50	38	37	-1	76.0	74.0	0.0015315159689635038	-0.01390246395021677
best250_vs_movev_damp	823	50	40	39	-1	80.0	78.0	0.0015787004958838224	0.004747467115521431
best250_vs_movev_damp	230	50	43	42	-1	86.0	84.0	0.0016030039405450225	-0.025184936821460724
best250_vs_movev_damp	33	50	44	43	-1	88.0	86.0	0.001629413920454681	0.04500275477766991
best250_vs_movev_damp	856	50	32	31	-1	64.0	62.0	0.0020096739754080772	0.017286013811826706
best250_vs_movev_damp	21	50	44	43	-1	88.0	86.0	0.0024427177850157022	0.02537173219025135
best250_vs_movev_damp	380	50	33	32	-1	66.0	64.0	0.0025665501598268747	-0.018356256186962128
best250_vs_movev_damp	63	50	44	43	-1	88.0	86.0	0.00257127289660275	0.05624397099018097
best250_vs_movev_damp	97	50	48	47	-1	96.0	94.0	0.002593888668343425	0.015509634278714657
best250_vs_movev_damp	4	50	48	47	-1	96.0	94.0	0.002753828652203083	0.01625111512839794
best250_vs_movev_damp	598	50	38	37	-1	76.0	74.0	0.0028187502175569534	0.009034748189151287
best250_vs_movev_damp	264	50	35	34	-1	70.0	68.0	0.0028954693116247654	0.009613704867661
best250_vs_movev_damp	497	50	37	36	-1	74.0	72.0	0.003180804895237088	0.022179270163178444
best250_vs_movev_damp	555	50	45	44	-1	90.0	88.0	0.0033273198641836643	0.022247543558478355
best250_vs_movev_damp	960	50	34	33	-1	68.0	66.0	0.003663336392492056	0.031181536614894867
best250_vs_movev_damp	248	50	28	27	-1	56.0	54.0	0.003775746561586857	0.026272334158420563
best250_vs_movev_damp	769	50	41	40	-1	82.0	80.0	0.00377768580801785	0.05775816738605499
best250_vs_movev_damp	55	50	34	33	-1	68.0	66.0	0.003825956489890814	0.02896321378648281
best250_vs_movev_damp	290	50	41	40	-1	82.0	80.0	0.004033938515931368	0.022081585600972176
best250_vs_movev_damp	968	50	26	25	-1	52.0	50.0	0.004178964998573065	0.04724528267979622
best250_vs_movev_damp	602	50	40	39	-1	80.0	78.0	0.00422877911478281	0.03742697834968567
best250_vs_movev_damp	805	50	47	46	-1	94.0	92.0	0.004236571956425905	0.022308722138404846
best250_vs_movev_damp	775	50	38	37	-1	76.0	74.0	0.004261931870132685	0.03591003268957138
best250_vs_movev_damp	515	50	36	35	-1	72.0	70.0	0.004439007490873337	0.052043601870536804
best250_vs_movev_damp	369	50	42	41	-1	84.0	82.0	0.004660782404243946	0.020451994612812996
best250_vs_movev_damp	845	50	36	35	-1	72.0	70.0	0.004880219232290983	0.030473021790385246
best250_vs_movev_damp	705	50	31	30	-1	62.0	60.0	0.005811337381601334	-0.02852517180144787
best250_vs_movev_damp	238	50	38	37	-1	76.0	74.0	0.006312532816082239	0.00607301713898778
best250_vs_movev_damp	494	50	38	37	-1	76.0	74.0	0.006456725765019655	-0.01777748018503189
best250_vs_movev_damp	310	50	41	40	-1	82.0	80.0	0.0069697583094239235	0.029604177922010422
best250_vs_movev_damp	841	50	22	21	-1	44.0	42.0	0.00723618920892477	0.0342836007475853
best250_vs_movev_damp	905	50	36	35	-1	72.0	70.0	0.007741335779428482	0.06101358309388161
best250_vs_movev_damp	707	50	44	43	-1	88.0	86.0	0.00898298341780901	0.03164792060852051
best250_vs_movev_damp	772	50	36	35	-1	72.0	70.0	0.00965956225991249	0.06689684092998505
best250_vs_movev_damp	756	50	43	42	-1	86.0	84.0	0.009778035804629326	0.03860655799508095
best250_vs_movev_damp	534	50	32	32	0	64.0	64.0	-0.013737250119447708	-0.0702643170952797
best250_vs_movev_damp	99	50	44	44	0	88.0	88.0	-0.012151727452874184	-0.03881097957491875
best250_vs_movev_damp	692	50	30	30	0	60.0	60.0	-0.01084051001816988	-0.058463696390390396
best250_vs_movev_damp	914	50	37	37	0	74.0	74.0	-0.01014232262969017	-0.03273856267333031
best250_vs_movev_damp	862	50	39	39	0	78.0	78.0	-0.009969649836421013	-0.040874432772397995
best250_vs_movev_damp	797	50	35	35	0	70.0	70.0	-0.009734870865941048	-0.00468647014349699
best250_vs_movev_damp	728	50	28	28	0	56.0	56.0	-0.0094058932736516	-0.05866558849811554
best250_vs_movev_damp	446	50	35	35	0	70.0	70.0	-0.009370059706270695	-0.05373171716928482
best250_vs_movev_damp	671	50	39	39	0	78.0	78.0	-0.00936043169349432	0.01686006598174572
best250_vs_movev_damp	455	50	42	42	0	84.0	84.0	-0.009235170669853687	-0.06354279816150665
best250_vs_movev_damp	676	50	38	38	0	76.0	76.0	-0.009115463122725487	-0.11339486390352249
best250_vs_movev_damp	580	50	45	45	0	90.0	90.0	-0.008642489090561867	-0.028117207810282707
best250_vs_movev_damp	844	50	36	36	0	72.0	72.0	-0.008415915071964264	0.04145311191678047
best250_vs_movev_damp	973	50	38	38	0	76.0	76.0	-0.008352648466825485	-0.020834818482398987
best250_vs_movev_damp	521	50	44	44	0	88.0	88.0	-0.008329140953719616	-0.018843699246644974
best250_vs_movev_damp	284	50	48	48	0	96.0	96.0	-0.008150848560035229	-0.04053306579589844
best250_vs_movev_damp	10	50	48	48	0	96.0	96.0	-0.007986747659742832	-0.01616644859313965
best250_vs_movev_damp	686	50	38	38	0	76.0	76.0	-0.007963729090988636	-0.01784977875649929
best250_vs_movev_damp	23	50	49	49	0	98.0	98.0	-0.007931415922939777	-0.06537652015686035
best250_vs_movev_damp	322	50	47	47	0	94.0	94.0	-0.0077473814599215984	-0.079424187541008
best250_vs_movev_damp	84	50	48	48	0	96.0	96.0	-0.007483965717256069	-0.018501929938793182
best250_vs_movev_damp	925	50	30	30	0	60.0	60.0	-0.007250876631587744	0.006042261142283678
best250_vs_movev_damp	592	50	45	45	0	90.0	90.0	-0.006832123268395662	-0.03390965610742569
best250_vs_movev_damp	135	50	50	50	0	100.0	100.0	-0.006831888109445572	-0.04028484225273132
best250_vs_movev_damp	210	50	45	45	0	90.0	90.0	-0.006716677453368902	-0.07495079189538956
best250_vs_movev_damp	597	50	37	37	0	74.0	74.0	-0.0067138890735805035	-0.017158441245555878
best250_vs_movev_damp	636	50	33	33	0	66.0	66.0	-0.006656976882368326	0.042500030249357224
best250_vs_movev_damp	604	50	49	49	0	98.0	98.0	-0.006580933928489685	-0.08582691848278046
best250_vs_movev_damp	334	50	46	46	0	92.0	92.0	-0.006572300568223	-0.04484037309885025
best250_vs_movev_damp	884	50	39	39	0	78.0	78.0	-0.006554281339049339	0.004164686426520348
best250_vs_movev_damp	508	50	39	39	0	78.0	78.0	-0.00655246851965785	-0.03990403190255165
best250_vs_movev_damp	86	50	44	44	0	88.0	88.0	-0.006468421313911676	-0.03696142137050629
best250_vs_movev_damp	239	50	49	49	0	98.0	98.0	-0.006453760899603367	-0.017360830679535866
best250_vs_movev_damp	318	50	43	43	0	86.0	86.0	-0.006352222058922052	-0.012708492577075958
best250_vs_movev_damp	875	50	43	43	0	86.0	86.0	-0.00628626998513937	-0.04993024840950966
best250_vs_movev_damp	117	50	45	45	0	90.0	90.0	-0.0062506417743861675	-0.07608185708522797
best250_vs_movev_damp	930	50	33	33	0	66.0	66.0	-0.006129336543381214	0.0006146240048110485
best250_vs_movev_damp	512	50	49	49	0	98.0	98.0	-0.006125062704086304	-0.01253541000187397
best250_vs_movev_damp	670	50	45	45	0	90.0	90.0	-0.005985626485198736	-0.046357642859220505
best250_vs_movev_damp	806	50	34	34	0	68.0	68.0	-0.005893481895327568	-0.0367739200592041
best250_vs_movev_damp	286	50	47	47	0	94.0	94.0	-0.005866751540452242	-0.03138009086251259
best250_vs_movev_damp	487	50	41	41	0	82.0	82.0	-0.005819687619805336	-0.043198250234127045
best250_vs_movev_damp	721	50	43	43	0	86.0	86.0	-0.005798233672976494	-0.08391636610031128
best250_vs_movev_damp	513	50	37	37	0	74.0	74.0	-0.005664370022714138	0.008031129837036133
best250_vs_movev_damp	181	50	47	47	0	94.0	94.0	-0.005566412582993507	-0.03668322414159775
best250_vs_movev_damp	360	50	41	41	0	82.0	82.0	-0.005544174928218126	-0.042629603296518326
best250_vs_movev_damp	450	50	48	48	0	96.0	96.0	-0.005524101667106152	-0.025390977039933205
best250_vs_movev_damp	666	50	43	43	0	86.0	86.0	-0.005523954518139362	-0.017987804487347603
best250_vs_movev_damp	524	50	25	25	0	50.0	50.0	-0.005509156733751297	-0.02328535169363022
best250_vs_movev_damp	448	50	46	46	0	92.0	92.0	-0.0054861451499164104	-0.041262999176979065
best250_vs_movev_damp	451	50	42	42	0	84.0	84.0	-0.005463276989758015	0.019852647557854652
best250_vs_movev_damp	794	50	36	36	0	72.0	72.0	-0.005450892262160778	0.0509498305618763
best250_vs_movev_damp	522	50	48	48	0	96.0	96.0	-0.005411529913544655	-0.024006785824894905
best250_vs_movev_damp	835	50	42	42	0	84.0	84.0	-0.005362223833799362	0.015155821107327938
best250_vs_movev_damp	267	50	43	43	0	86.0	86.0	-0.005351164378225803	-0.015625009313225746
best250_vs_movev_damp	209	50	48	48	0	96.0	96.0	-0.005198223516345024	-0.0015423488803207874
best250_vs_movev_damp	987	50	22	22	0	44.0	44.0	-0.005174858961254358	-0.003978719934821129
best250_vs_movev_damp	540	50	44	44	0	88.0	88.0	-0.005171462427824736	-0.0358622744679451
best250_vs_movev_damp	207	50	47	47	0	94.0	94.0	-0.00516480440273881	-0.018044911324977875
best250_vs_movev_damp	816	50	48	48	0	96.0	96.0	-0.005143213085830212	-0.072995126247406
best250_vs_movev_damp	120	50	37	37	0	74.0	74.0	-0.0051429616287350655	-0.04500240460038185
best250_vs_movev_damp	357	50	47	47	0	94.0	94.0	-0.005082051735371351	-0.0031448935624212027
best250_vs_movev_damp	478	50	29	29	0	58.0	58.0	-0.005058063194155693	0.04582374542951584
best250_vs_movev_damp	567	50	27	27	0	54.0	54.0	-0.00505589647218585	-0.03378639370203018
best250_vs_movev_damp	957	50	47	47	0	94.0	94.0	-0.005040230229496956	-0.022560348734259605
best250_vs_movev_damp	415	50	24	24	0	48.0	48.0	-0.00503245135769248	-0.03377952426671982
best250_vs_movev_damp	213	50	43	43	0	86.0	86.0	-0.005000694189220667	-0.06599190086126328
best250_vs_movev_damp	810	50	19	19	0	38.0	38.0	-0.004999691620469093	0.008296298794448376
best250_vs_movev_damp	251	50	49	49	0	98.0	98.0	-0.0049605839885771275	-0.026185417547822
best250_vs_movev_damp	337	50	41	41	0	82.0	82.0	-0.00492745591327548	-0.019947003573179245
best250_vs_movev_damp	30	50	41	41	0	82.0	82.0	-0.004923344124108553	0.035624999552965164
best250_vs_movev_damp	375	50	45	45	0	90.0	90.0	-0.004862331319600344	-0.02200383134186268
best250_vs_movev_damp	717	50	36	36	0	72.0	72.0	-0.004858274944126606	-0.03686848655343056
best250_vs_movev_damp	119	50	38	38	0	76.0	76.0	-0.004612306132912636	-0.07846434414386749
best250_vs_movev_damp	183	50	46	46	0	92.0	92.0	-0.004566054791212082	0.024716967716813087
best250_vs_movev_damp	662	50	37	37	0	74.0	74.0	-0.004520544782280922	-0.09523027390241623
best250_vs_movev_damp	217	50	47	47	0	94.0	94.0	-0.004466842859983444	-0.024582119658589363
best250_vs_movev_damp	906	50	18	18	0	36.0	36.0	-0.0044510383158922195	-0.014208240434527397
best250_vs_movev_damp	459	50	33	33	0	66.0	66.0	-0.00444701686501503	-0.057809799909591675
best250_vs_movev_damp	411	50	39	39	0	78.0	78.0	-0.0044398377649486065	-0.05162917077541351
best250_vs_movev_damp	899	50	17	17	0	34.0	34.0	-0.0044378358870744705	0.0008657264988869429
best250_vs_movev_damp	475	50	47	47	0	94.0	94.0	-0.004425297491252422	-0.042434874922037125
best250_vs_movev_damp	172	50	40	40	0	80.0	80.0	-0.00436743488535285	0.00772031769156456
best250_vs_movev_damp	204	50	35	35	0	70.0	70.0	-0.00434279628098011	-0.06698247045278549
best250_vs_movev_damp	104	50	45	45	0	90.0	90.0	-0.0043144007213413715	-0.010907468385994434
best250_vs_movev_damp	613	50	47	47	0	94.0	94.0	-0.004286403767764568	-0.029419947415590286
best250_vs_movev_damp	873	50	48	48	0	96.0	96.0	-0.004255514591932297	-0.04270604997873306
best250_vs_movev_damp	940	50	46	46	0	92.0	92.0	-0.004234709311276674	-0.013575286604464054
best250_vs_movev_damp	726	50	46	46	0	92.0	92.0	-0.004182794596999884	-0.011061535216867924
best250_vs_movev_damp	850	50	44	44	0	88.0	88.0	-0.004097952973097563	-0.014063701964914799
best250_vs_movev_damp	659	50	43	43	0	86.0	86.0	-0.004096813965588808	-0.0241475198417902
best250_vs_movev_damp	954	50	45	45	0	90.0	90.0	-0.004040336702018976	0.013100090436637402
best250_vs_movev_damp	466	50	48	48	0	96.0	96.0	-0.0040200152434408665	-0.04750130698084831
best250_vs_movev_damp	819	50	40	40	0	80.0	80.0	-0.003997008316218853	-0.028893250972032547
best250_vs_movev_damp	738	50	42	42	0	84.0	84.0	-0.00398635258898139	-0.03101440519094467
best250_vs_movev_damp	483	50	40	40	0	80.0	80.0	-0.003966138698160648	-0.031562499701976776
best250_vs_movev_damp	702	50	40	40	0	80.0	80.0	-0.003934476990252733	-0.009475689381361008
best250_vs_movev_damp	460	50	36	36	0	72.0	72.0	-0.003920253366231918	0.011822271160781384
best250_vs_movev_damp	658	50	36	36	0	72.0	72.0	-0.0038935793563723564	-0.01786421798169613
best250_vs_movev_damp	820	50	49	49	0	98.0	98.0	-0.0038854735903441906	-0.03748992085456848
best250_vs_movev_damp	893	50	36	36	0	72.0	72.0	-0.003803734667599201	0.012413835152983665
best250_vs_movev_damp	550	50	40	40	0	80.0	80.0	-0.003772830357775092	-0.008814429864287376
best250_vs_movev_damp	473	50	39	39	0	78.0	78.0	-0.0037255638744682074	0.012859830632805824
best250_vs_movev_damp	465	50	31	31	0	62.0	62.0	-0.003685333766043186	-0.04683263599872589
best250_vs_movev_damp	739	50	48	48	0	96.0	96.0	-0.003679432673379779	-0.010689144022762775
best250_vs_movev_damp	647	50	44	44	0	88.0	88.0	-0.0035897851921617985	-0.04276423528790474
best250_vs_movev_damp	317	50	46	46	0	92.0	92.0	-0.0035893686581403017	-0.03205602616071701
best250_vs_movev_damp	50	50	44	44	0	88.0	88.0	-0.0035815939772874117	-0.011493387632071972
best250_vs_movev_damp	430	50	49	49	0	98.0	98.0	-0.003450700081884861	-0.03816435858607292
best250_vs_movev_damp	270	50	47	47	0	94.0	94.0	-0.003437525127083063	-0.020212536677718163
best250_vs_movev_damp	953	50	48	48	0	96.0	96.0	-0.0034109128173440695	0.016825847327709198
best250_vs_movev_damp	887	50	35	35	0	70.0	70.0	-0.003404247108846903	0.021451693028211594
best250_vs_movev_damp	578	50	37	37	0	74.0	74.0	-0.00338228652253747	-0.010284767486155033
best250_vs_movev_damp	561	50	47	47	0	94.0	94.0	-0.0033482550643384457	0.008404092863202095
best250_vs_movev_damp	342	50	45	45	0	90.0	90.0	-0.0033035585656762123	-2.8610228852699038e-08
best250_vs_movev_damp	908	50	32	32	0	64.0	64.0	-0.0032725483179092407	-0.06610889732837677
best250_vs_movev_damp	17	50	47	47	0	94.0	94.0	-0.0032553381752222776	-0.01178912166506052
best250_vs_movev_damp	400	50	22	22	0	44.0	44.0	-0.0032051289454102516	0.007298641372472048
best250_vs_movev_damp	194	50	42	42	0	84.0	84.0	-0.003191470867022872	-0.012491712346673012
best250_vs_movev_damp	341	50	30	30	0	60.0	60.0	-0.003179954830557108	0.004461536183953285
best250_vs_movev_damp	886	50	47	47	0	94.0	94.0	-0.0031796288676559925	-0.04248046875
best250_vs_movev_damp	821	50	45	45	0	90.0	90.0	-0.003150548320263624	-0.008076362311840057
best250_vs_movev_damp	106	50	41	41	0	82.0	82.0	-0.0031287630554288626	0.015142755582928658
best250_vs_movev_damp	511	50	43	43	0	86.0	86.0	-0.0031234025955200195	0.020291633903980255
best250_vs_movev_damp	247	50	47	47	0	94.0	94.0	-0.0031195497140288353	-0.004047021735459566
best250_vs_movev_damp	822	50	47	47	0	94.0	94.0	-0.0031044483184814453	-0.025616664439439774
best250_vs_movev_damp	829	50	46	46	0	92.0	92.0	-0.0030866670422255993	-0.0011415290646255016
best250_vs_movev_damp	625	50	47	47	0	94.0	94.0	-0.0030801587272435427	0.03281358629465103
best250_vs_movev_damp	261	50	48	48	0	96.0	96.0	-0.0030783694237470627	-0.011641006916761398
best250_vs_movev_damp	870	50	45	45	0	90.0	90.0	-0.0030764073599129915	-0.020707082003355026
best250_vs_movev_damp	305	50	44	44	0	88.0	88.0	-0.0030592360999435186	-0.04760334640741348
best250_vs_movev_damp	347	50	45	45	0	90.0	90.0	-0.003036319511011243	0.006384849548339844
best250_vs_movev_damp	353	50	36	36	0	72.0	72.0	-0.0030267727561295033	-0.019477758556604385
best250_vs_movev_damp	548	50	47	47	0	94.0	94.0	-0.002964186016470194	0.00959042552858591
best250_vs_movev_damp	61	50	43	43	0	86.0	86.0	-0.00295674498192966	-0.015181408263742924
best250_vs_movev_damp	401	50	45	45	0	90.0	90.0	-0.002925417385995388	-0.03108363226056099
best250_vs_movev_damp	852	50	43	43	0	86.0	86.0	-0.0029120563995093107	-0.024475116282701492
best250_vs_movev_damp	188	50	43	43	0	86.0	86.0	-0.002888777758926153	-0.032561834901571274
best250_vs_movev_damp	569	50	48	48	0	96.0	96.0	-0.002888270653784275	0.0028385447803884745
best250_vs_movev_damp	725	50	28	28	0	56.0	56.0	-0.002882902044802904	0.04113951697945595
best250_vs_movev_damp	984	50	48	48	0	96.0	96.0	-0.002830707933753729	-0.012069092132151127
best250_vs_movev_damp	594	50	49	49	0	98.0	98.0	-0.0027860403060913086	-0.08353152871131897
best250_vs_movev_damp	531	50	30	30	0	60.0	60.0	-0.002758266869932413	0.014172029681503773
best250_vs_movev_damp	0	50	49	49	0	98.0	98.0	-0.0027526922058314085	-0.0249163918197155
best250_vs_movev_damp	936	50	46	46	0	92.0	92.0	-0.0027479894924908876	0.017872381955385208
best250_vs_movev_damp	142	50	45	45	0	90.0	90.0	-0.0027375847566872835	0.016424808651208878
best250_vs_movev_damp	15	50	48	48	0	96.0	96.0	-0.002734109992161393	-0.00581422820687294
best250_vs_movev_damp	425	50	47	47	0	94.0	94.0	-0.002727890620008111	-0.012563534080982208
best250_vs_movev_damp	882	50	41	41	0	82.0	82.0	-0.0027259148191660643	0.022480029612779617
best250_vs_movev_damp	29	50	47	47	0	94.0	94.0	-0.0027068040799349546	-0.03601881116628647
best250_vs_movev_damp	154	50	45	45	0	90.0	90.0	-0.0027006915770471096	-0.011105604469776154
best250_vs_movev_damp	198	50	46	46	0	92.0	92.0	-0.0026969334576278925	-0.014425421133637428
best250_vs_movev_damp	429	50	42	42	0	84.0	84.0	-0.002650623908266425	-0.018163099884986877
best250_vs_movev_damp	486	50	45	45	0	90.0	90.0	-0.0026432762388139963	-0.017032118514180183
best250_vs_movev_damp	559	50	41	41	0	82.0	82.0	-0.0026357006281614304	-0.025432690978050232
best250_vs_movev_damp	292	50	48	48	0	96.0	96.0	-0.0026242947205901146	-0.0026704883202910423
best250_vs_movev_damp	93	50	48	48	0	96.0	96.0	-0.0026161682326346636	-0.024374989792704582
best250_vs_movev_damp	454	50	32	32	0	64.0	64.0	-0.002608425682410598	-0.037399519234895706
best250_vs_movev_damp	431	50	40	40	0	80.0	80.0	-0.0025957899633795023	-0.025079375132918358
best250_vs_movev_damp	105	50	46	46	0	92.0	92.0	-0.0025934840086847544	0.047004491090774536
best250_vs_movev_damp	665	50	40	40	0	80.0	80.0	-0.002591045806184411	-0.008295049890875816
best250_vs_movev_damp	924	50	43	43	0	86.0	86.0	-0.002587232505902648	-0.03952590003609657
best250_vs_movev_damp	219	50	43	43	0	86.0	86.0	-0.002560228109359741	-0.024617968127131462
best250_vs_movev_damp	840	50	45	45	0	90.0	90.0	-0.00255918363109231	-0.0587039478123188
best250_vs_movev_damp	82	50	43	43	0	86.0	86.0	-0.002559025539085269	0.01511850394308567
best250_vs_movev_damp	626	50	43	43	0	86.0	86.0	-0.0025463395286351442	0.004505977500230074
best250_vs_movev_damp	269	50	42	42	0	84.0	84.0	-0.0025365042965859175	-0.0062500000931322575
best250_vs_movev_damp	539	50	39	39	0	78.0	78.0	-0.0025283365976065397	-0.022106485441327095
best250_vs_movev_damp	529	50	40	40	0	80.0	80.0	-0.00251448224298656	0.01858331635594368
best250_vs_movev_damp	417	50	45	45	0	90.0	90.0	-0.0025123178493231535	-0.03933852165937424
best250_vs_movev_damp	796	50	40	40	0	80.0	80.0	-0.002508147619664669	-0.030628329142928123
best250_vs_movev_damp	436	50	35	35	0	70.0	70.0	-0.0024947377387434244	-0.017382221296429634
best250_vs_movev_damp	37	50	45	45	0	90.0	90.0	-0.0024915419053286314	-0.020625000819563866
best250_vs_movev_damp	371	50	35	35	0	70.0	70.0	-0.0024596399161964655	-0.0143280029296875
best250_vs_movev_damp	814	50	48	48	0	96.0	96.0	-0.0024586706422269344	-0.011255407705903053
best250_vs_movev_damp	750	50	36	36	0	72.0	72.0	-0.002411972265690565	0.009395990520715714
best250_vs_movev_damp	57	50	47	47	0	94.0	94.0	-0.0024117655120790005	0.008686895482242107
best250_vs_movev_damp	316	50	49	49	0	98.0	98.0	-0.0023999186232686043	-0.03300482779741287
best250_vs_movev_damp	437	50	39	39	0	78.0	78.0	-0.00238634180277586	-0.0015875911340117455
best250_vs_movev_damp	601	50	39	39	0	78.0	78.0	-0.0023785091470927	-0.03272944316267967
best250_vs_movev_damp	900	50	48	48	0	96.0	96.0	-0.0023685991764068604	-0.040706805884838104
best250_vs_movev_damp	354	50	48	48	0	96.0	96.0	-0.002367764711380005	0.011251087300479412
best250_vs_movev_damp	379	50	46	46	0	92.0	92.0	-0.0023404601961374283	0.051546916365623474
best250_vs_movev_damp	949	50	35	35	0	70.0	70.0	-0.0023268156219273806	-0.006060161627829075
best250_vs_movev_damp	572	50	36	36	0	72.0	72.0	-0.002323024207726121	-0.03169793263077736
best250_vs_movev_damp	396	50	48	48	0	96.0	96.0	-0.0023117673117667437	-0.010694179683923721
best250_vs_movev_damp	291	50	50	50	0	100.0	100.0	-0.0022890602704137564	0.009686451405286789
best250_vs_movev_damp	31	50	46	46	0	92.0	92.0	-0.0022723469883203506	-0.0407726876437664
best250_vs_movev_damp	169	50	49	49	0	98.0	98.0	-0.002238563494756818	-0.02712971717119217
best250_vs_movev_damp	997	50	39	39	0	78.0	78.0	-0.0021829085890203714	0.0066167451441287994
best250_vs_movev_damp	947	50	21	21	0	42.0	42.0	-0.0021652199793606997	0.015625009313225746
best250_vs_movev_damp	394	50	45	45	0	90.0	90.0	-0.002161062555387616	-0.011774406768381596
best250_vs_movev_damp	166	50	36	36	0	72.0	72.0	-0.0021545428317040205	0.0169939324259758
best250_vs_movev_damp	825	50	42	42	0	84.0	84.0	-0.0021429515909403563	0.012111454270780087
best250_vs_movev_damp	168	50	44	44	0	88.0	88.0	-0.0021072854287922382	-0.024670619517564774
best250_vs_movev_damp	259	50	48	48	0	96.0	96.0	-0.0021031065843999386	-0.029999980702996254
best250_vs_movev_damp	902	50	42	42	0	84.0	84.0	-0.002040742663666606	0.003868637140840292
best250_vs_movev_damp	520	50	38	38	0	76.0	76.0	-0.0020250817760825157	0.011250428855419159
best250_vs_movev_damp	581	50	41	41	0	82.0	82.0	-0.0020191692747175694	-0.030238600447773933
best250_vs_movev_damp	955	50	49	49	0	98.0	98.0	-0.0019968601409345865	0.01473984681069851
best250_vs_movev_damp	457	50	40	40	0	80.0	80.0	-0.001967225456610322	-0.06092850863933563
best250_vs_movev_damp	557	50	42	42	0	84.0	84.0	-0.0019615907222032547	-0.03795187175273895
best250_vs_movev_damp	622	50	33	33	0	66.0	66.0	-0.00192830350715667	0.025147609412670135
best250_vs_movev_damp	260	50	45	45	0	90.0	90.0	-0.0019174993503838778	-0.04149564728140831
best250_vs_movev_damp	489	50	40	40	0	80.0	80.0	-0.001917253714054823	-0.0048413085751235485
best250_vs_movev_damp	538	50	39	39	0	78.0	78.0	-0.0019168384606018662	-0.03241641819477081
best250_vs_movev_damp	225	50	46	46	0	92.0	92.0	-0.0019120887154713273	-0.027190474793314934
best250_vs_movev_damp	113	50	44	44	0	88.0	88.0	-0.001903858152218163	0.00407441146671772
best250_vs_movev_damp	58	50	43	43	0	86.0	86.0	-0.0018964308546856046	-0.026822203770279884
best250_vs_movev_damp	645	50	50	50	0	100.0	100.0	-0.001877490314655006	-0.025663956999778748
best250_vs_movev_damp	331	50	47	47	0	94.0	94.0	-0.0018541656900197268	-0.021424846723675728
best250_vs_movev_damp	795	50	43	43	0	86.0	86.0	-0.0018452198710292578	-0.030330104753375053
best250_vs_movev_damp	986	50	50	50	0	100.0	100.0	-0.0018218278419226408	-0.009543504565954208
best250_vs_movev_damp	951	50	40	40	0	80.0	80.0	-0.001806046231649816	-0.020937519147992134
best250_vs_movev_damp	399	50	44	44	0	88.0	88.0	-0.0017967649037018418	-0.010706796310842037
best250_vs_movev_damp	927	50	48	48	0	96.0	96.0	-0.001740862731821835	-0.013125019147992134
best250_vs_movev_damp	255	50	50	50	0	100.0	100.0	-0.001711102668195963	0.009504947811365128
best250_vs_movev_damp	934	50	46	46	0	92.0	92.0	-0.0017050779424607754	-0.003763542277738452
best250_vs_movev_damp	254	50	49	49	0	98.0	98.0	-0.0016961825313046575	-0.0007563877152279019
best250_vs_movev_damp	830	50	32	32	0	64.0	64.0	-0.0016934974119067192	-0.03856265917420387
best250_vs_movev_damp	661	50	46	46	0	92.0	92.0	-0.0016456629382446408	-0.005340661853551865
best250_vs_movev_damp	543	50	36	36	0	72.0	72.0	-0.001614852575585246	-0.05433369800448418
best250_vs_movev_damp	574	50	47	47	0	94.0	94.0	-0.0015821215929463506	-0.025764064863324165
best250_vs_movev_damp	330	50	40	40	0	80.0	80.0	-0.001554002519696951	-0.008737984113395214
best250_vs_movev_damp	28	50	47	47	0	94.0	94.0	-0.0015523609472438693	0.015078497119247913
best250_vs_movev_damp	941	50	40	40	0	80.0	80.0	-0.001539273071102798	-0.018036995083093643
best250_vs_movev_damp	13	50	50	50	0	100.0	100.0	-0.0015352368354797363	-0.019563769921660423
best250_vs_movev_damp	224	50	39	39	0	78.0	78.0	-0.0015243286034092307	-0.014061345718801022
best250_vs_movev_damp	462	50	37	37	0	74.0	74.0	-0.0015002504223957658	-0.020155372098088264
best250_vs_movev_damp	523	50	33	33	0	66.0	66.0	-0.001496348180808127	-0.005937881302088499
best250_vs_movev_damp	576	50	49	49	0	98.0	98.0	-0.0014880024828016758	-0.02321726828813553
best250_vs_movev_damp	474	50	39	39	0	78.0	78.0	-0.0014843029202893376	0.015992365777492523
best250_vs_movev_damp	922	50	42	42	0	84.0	84.0	-0.001479713129810989	-0.037458620965480804
best250_vs_movev_damp	785	50	46	46	0	92.0	92.0	-0.0014755800366401672	0.01130717247724533
best250_vs_movev_damp	163	50	29	29	0	58.0	58.0	-0.0014649293152615428	0.025215892121195793
best250_vs_movev_damp	948	50	47	47	0	94.0	94.0	-0.0014562502037733793	0.0136457160115242
best250_vs_movev_damp	158	50	31	31	0	62.0	62.0	-0.001420478569343686	-0.01478810328990221
best250_vs_movev_damp	879	50	39	39	0	78.0	78.0	-0.0013933265581727028	-0.01897689886391163
best250_vs_movev_damp	443	50	37	37	0	74.0	74.0	-0.0013783371541649103	-0.002386427018791437
best250_vs_movev_damp	226	50	31	31	0	62.0	62.0	-0.001368895173072815	0.012283745221793652
best250_vs_movev_damp	189	50	42	42	0	84.0	84.0	-0.0013490613782778382	-0.0019203567644581199
best250_vs_movev_damp	727	50	45	45	0	90.0	90.0	-0.0013232785277068615	-0.016875000670552254
best250_vs_movev_damp	994	50	45	45	0	90.0	90.0	-0.0013215995859354734	-0.014774704352021217
best250_vs_movev_damp	206	50	45	45	0	90.0	90.0	-0.0012810274492949247	0.03445890545845032
best250_vs_movev_damp	45	50	43	43	0	86.0	86.0	-0.0012488614302128553	0.0049764253199100494
best250_vs_movev_damp	201	50	33	33	0	66.0	66.0	-0.001243468257598579	-0.04984278604388237
best250_vs_movev_damp	18	50	48	48	0	96.0	96.0	-0.0012393788201734424	0.0308823399245739
best250_vs_movev_damp	965	50	43	43	0	86.0	86.0	-0.0012281525414437056	0.06851588934659958
best250_vs_movev_damp	112	50	42	42	0	84.0	84.0	-0.0011750822886824608	0.02672949805855751
best250_vs_movev_damp	985	50	49	49	0	98.0	98.0	-0.0011733670253306627	0.00547586428001523
best250_vs_movev_damp	447	50	33	33	0	66.0	66.0	-0.0011729371035471559	-0.01540200226008892
best250_vs_movev_damp	631	50	33	33	0	66.0	66.0	-0.001147399190813303	0.032707203179597855
best250_vs_movev_damp	496	50	47	47	0	94.0	94.0	-0.001101737143471837	1.6317368135787547e-05
best250_vs_movev_damp	385	50	34	34	0	68.0	68.0	-0.0010530404979363084	-0.008647680282592773
best250_vs_movev_damp	361	50	48	48	0	96.0	96.0	-0.0010482531506568193	-0.0025021552573889494
best250_vs_movev_damp	784	50	23	23	0	46.0	46.0	-0.0010333186946809292	0.04620945826172829
best250_vs_movev_damp	273	50	40	40	0	80.0	80.0	-0.0010251787025481462	-0.012317619286477566
best250_vs_movev_damp	684	50	45	45	0	90.0	90.0	-0.0009887147461995482	0.0018937396816909313
best250_vs_movev_damp	735	50	34	34	0	68.0	68.0	-0.0009848865447565913	0.023918818682432175
best250_vs_movev_damp	281	50	38	38	0	76.0	76.0	-0.0009664379758760333	0.0065611074678599834
best250_vs_movev_damp	157	50	48	48	0	96.0	96.0	-0.0009640292846597731	-0.022574959322810173
best250_vs_movev_damp	216	50	48	48	0	96.0	96.0	-0.0009629750275053084	-0.03633963689208031
best250_vs_movev_damp	325	50	49	49	0	98.0	98.0	-0.0009474011021666229	-0.015267925336956978
best250_vs_movev_damp	565	50	50	50	0	100.0	100.0	-0.0009361684205941856	-0.014371786266565323
best250_vs_movev_damp	950	50	39	39	0	78.0	78.0	-0.0009277157369069755	-0.00773622514680028
best250_vs_movev_damp	703	50	40	40	0	80.0	80.0	-0.0009047183557413518	0.04091803729534149
best250_vs_movev_damp	773	50	34	34	0	68.0	68.0	-0.0008947761380113661	-0.0582321360707283
best250_vs_movev_damp	904	50	33	33	0	66.0	66.0	-0.000879688945133239	-0.022779513150453568
best250_vs_movev_damp	11	50	49	49	0	98.0	98.0	-0.0008654695702716708	0.022971410304307938
best250_vs_movev_damp	863	50	48	48	0	96.0	96.0	-0.0008605769253335893	-0.0045384978875517845
best250_vs_movev_damp	393	50	48	48	0	96.0	96.0	-0.0008601027657277882	0.0047071934677660465
best250_vs_movev_damp	518	50	48	48	0	96.0	96.0	-0.0008341810898855329	0.009032392874360085
best250_vs_movev_damp	24	50	49	49	0	98.0	98.0	-0.0008159652352333069	-0.010148201137781143
best250_vs_movev_damp	19	50	50	50	0	100.0	100.0	-0.0008155095856636763	-0.020807217806577682
best250_vs_movev_damp	846	50	28	28	0	56.0	56.0	-0.0007928518461994827	-0.0017639255383983254
best250_vs_movev_damp	554	50	49	49	0	98.0	98.0	-0.0007895579910837114	-0.013825979083776474
best250_vs_movev_damp	716	50	45	45	0	90.0	90.0	-0.0007823785999789834	-0.007289009168744087
best250_vs_movev_damp	388	50	47	47	0	94.0	94.0	-0.0007430653204210103	-0.006146697793155909
best250_vs_movev_damp	693	50	40	40	0	80.0	80.0	-0.0007389155216515064	-0.04771282151341438
best250_vs_movev_damp	939	50	42	42	0	84.0	84.0	-0.0007198487292043865	-0.016461161896586418
best250_vs_movev_damp	528	50	48	48	0	96.0	96.0	-0.0007032948196865618	0.004258975852280855
best250_vs_movev_damp	190	50	45	45	0	90.0	90.0	-0.0006903308676555753	0.016709309071302414
best250_vs_movev_damp	309	50	43	43	0	86.0	86.0	-0.0006590051925741136	-0.012833977118134499
best250_vs_movev_damp	596	50	36	36	0	72.0	72.0	-0.0006589579861611128	-0.05461249500513077
best250_vs_movev_damp	38	50	46	46	0	92.0	92.0	-0.0006576395244337618	0.00023985862208064646
best250_vs_movev_damp	145	50	49	49	0	98.0	98.0	-0.0006555640720762312	-0.0338437519967556
best250_vs_movev_damp	100	50	49	49	0	98.0	98.0	-0.0006460081203840673	0.02138078771531582
best250_vs_movev_damp	80	50	44	44	0	88.0	88.0	-0.0006450978107750416	0.02418961562216282
best250_vs_movev_damp	484	50	34	34	0	68.0	68.0	-0.0006238906062208116	0.00979192741215229
best250_vs_movev_damp	9	50	50	50	0	100.0	100.0	-0.0005807387642562389	-0.02262972854077816
best250_vs_movev_damp	171	50	47	47	0	94.0	94.0	-0.0005609594518318772	0.01816382445394993
best250_vs_movev_damp	123	50	43	43	0	86.0	86.0	-0.00046137094614095986	0.005534639582037926
best250_vs_movev_damp	387	50	47	47	0	94.0	94.0	-0.0004481635696720332	-0.008085117675364017
best250_vs_movev_damp	22	50	50	50	0	100.0	100.0	-0.00044420838821679354	0.010661354288458824
best250_vs_movev_damp	998	50	25	25	0	50.0	50.0	-0.0004326090856920928	0.010625000111758709
best250_vs_movev_damp	989	50	50	50	0	100.0	100.0	-0.0004135143826715648	0.01869804412126541
best250_vs_movev_damp	874	50	50	50	0	100.0	100.0	-0.00038536667125299573	0.003884859150275588
best250_vs_movev_damp	607	50	49	49	0	98.0	98.0	-0.000323555403156206	0.016697444021701813
best250_vs_movev_damp	438	50	30	30	0	60.0	60.0	-0.00031610782025381923	-0.03249994292855263
best250_vs_movev_damp	734	50	44	44	0	88.0	88.0	-0.0003141574561595917	0.0076626967638731
best250_vs_movev_damp	148	50	50	50	0	100.0	100.0	-0.00030544816399924457	-0.014687499962747097
best250_vs_movev_damp	476	50	49	49	0	98.0	98.0	-0.00026986925513483584	-0.02624467760324478
best250_vs_movev_damp	12	50	48	48	0	96.0	96.0	-0.00025882385671138763	0.015747785568237305
best250_vs_movev_damp	781	50	45	45	0	90.0	90.0	-0.000256124883890152	-0.0462273508310318
best250_vs_movev_damp	102	50	50	50	0	100.0	100.0	-0.00023156881798058748	-0.004999990575015545
best250_vs_movev_damp	495	50	44	44	0	88.0	88.0	-0.0002304762601852417	-0.022274218499660492
best250_vs_movev_damp	911	50	22	22	0	44.0	44.0	-0.00019095852621831	-0.0008284664363600314
best250_vs_movev_damp	514	50	38	38	0	76.0	76.0	-0.00017232299433089793	0.01283403392881155
best250_vs_movev_damp	92	50	49	49	0	98.0	98.0	-0.00016198419325519353	-0.0068956948816776276
best250_vs_movev_damp	858	50	40	40	0	80.0	80.0	-0.00014124036533758044	-0.0062897298485040665
best250_vs_movev_damp	472	50	47	47	0	94.0	94.0	-0.0001243594306288287	-0.020625000819563866
best250_vs_movev_damp	362	50	44	44	0	88.0	88.0	-0.00010050177661469206	0.008679637685418129
best250_vs_movev_damp	942	50	41	41	0	82.0	82.0	-9.681612573331222e-05	-0.004931230563670397
best250_vs_movev_damp	114	50	42	42	0	84.0	84.0	-9.166486415779218e-05	-0.04010239616036415
best250_vs_movev_damp	389	50	43	43	0	86.0	86.0	-9.021162986755371e-05	0.0013549518771469593
best250_vs_movev_damp	890	50	49	49	0	98.0	98.0	-8.15936946310103e-05	0.0398692712187767
best250_vs_movev_damp	392	50	49	49	0	98.0	98.0	-8.045274444157258e-05	-0.031211042776703835
best250_vs_movev_damp	621	50	45	45	0	90.0	90.0	-6.186872633406892e-05	-0.05895885452628136
best250_vs_movev_damp	244	50	47	47	0	94.0	94.0	-5.1438211812637746e-05	-0.02106516808271408
best250_vs_movev_damp	398	50	43	43	0	86.0	86.0	-2.5809556973399594e-05	0.021676521748304367
best250_vs_movev_damp	501	50	20	20	0	40.0	40.0	-1.7792022845242172e-05	-0.015712490305304527
best250_vs_movev_damp	87	50	49	49	0	98.0	98.0	1.8439664927427657e-05	-0.012560882605612278
best250_vs_movev_damp	74	50	29	29	0	58.0	58.0	3.0391514883376658e-05	0.003621816635131836
best250_vs_movev_damp	153	50	42	42	0	84.0	84.0	4.8811958549777046e-05	-0.037961434572935104
best250_vs_movev_damp	593	50	42	42	0	84.0	84.0	6.157375901238993e-05	-0.011523732915520668
best250_vs_movev_damp	591	50	40	40	0	80.0	80.0	7.613554771523923e-05	0.006802969146519899
best250_vs_movev_damp	315	50	44	44	0	88.0	88.0	7.973291212692857e-05	-0.0030501175206154585
best250_vs_movev_damp	907	50	29	29	0	58.0	58.0	9.943053009919822e-05	0.08660183101892471
best250_vs_movev_damp	343	50	48	48	0	96.0	96.0	0.00010290637874277309	0.007577543146908283
best250_vs_movev_damp	220	50	36	36	0	72.0	72.0	0.00013221822155173868	-0.0023370457347482443
best250_vs_movev_damp	299	50	48	48	0	96.0	96.0	0.0001423923677066341	-0.015937499701976776
best250_vs_movev_damp	274	50	47	47	0	94.0	94.0	0.00016355488332919776	0.019885778427124023
best250_vs_movev_damp	271	50	30	30	0	60.0	60.0	0.0001636838132981211	0.02239195816218853
best250_vs_movev_damp	974	50	48	48	0	96.0	96.0	0.00017348550318274647	0.009687518700957298
best250_vs_movev_damp	701	50	48	48	0	96.0	96.0	0.00019000298925675452	-0.012239350937306881
best250_vs_movev_damp	73	50	24	24	0	48.0	48.0	0.00019936471653636545	-0.03564535081386566
best250_vs_movev_damp	25	50	49	49	0	98.0	98.0	0.00020322318596299738	-0.01891627348959446
best250_vs_movev_damp	660	50	35	35	0	70.0	70.0	0.000204572977963835	-0.02963028848171234
best250_vs_movev_damp	94	50	48	48	0	96.0	96.0	0.00022806852939538658	-0.010746870189905167
best250_vs_movev_damp	60	50	26	26	0	52.0	52.0	0.00023188050545286387	0.004500150680541992
best250_vs_movev_damp	791	50	42	42	0	84.0	84.0	0.00025401695165783167	0.011875009164214134
best250_vs_movev_damp	611	50	47	47	0	94.0	94.0	0.0002758628106676042	-0.0018787574954330921
best250_vs_movev_damp	410	50	45	45	0	90.0	90.0	0.00029574453947134316	0.03246145322918892
best250_vs_movev_damp	340	50	48	48	0	96.0	96.0	0.00030232928111217916	0.011257247999310493
best250_vs_movev_damp	276	50	47	47	0	94.0	94.0	0.00034137695911340415	-0.017466306686401367
best250_vs_movev_damp	608	50	37	37	0	74.0	74.0	0.0003739605890586972	-0.023365164175629616
best250_vs_movev_damp	311	50	36	36	0	72.0	72.0	0.00037978164618834853	-0.019999999552965164
best250_vs_movev_damp	39	50	45	45	0	90.0	90.0	0.0003847965563181788	0.008432417176663876
best250_vs_movev_damp	352	50	44	44	0	88.0	88.0	0.0003946531505789608	0.014999999664723873
best250_vs_movev_damp	143	50	49	49	0	98.0	98.0	0.00041484058601781726	-0.0208898838609457
best250_vs_movev_damp	493	50	15	15	0	30.0	30.0	0.0004170931060798466	-0.018097419291734695
best250_vs_movev_damp	916	50	49	49	0	98.0	98.0	0.00043540625483728945	0.007630243431776762
best250_vs_movev_damp	72	50	48	48	0	96.0	96.0	0.00045038736425340176	-0.005870018154382706
best250_vs_movev_damp	268	50	46	46	0	92.0	92.0	0.0004623594868462533	0.00011249542149016634
best250_vs_movev_damp	2	50	41	41	0	82.0	82.0	0.00046532400301657617	0.02968749962747097
best250_vs_movev_damp	867	50	45	45	0	90.0	90.0	0.00046871573431417346	0.010526895523071289
best250_vs_movev_damp	952	50	46	46	0	92.0	92.0	0.0005086570745334029	0.010031061246991158
best250_vs_movev_damp	42	50	42	42	0	84.0	84.0	0.0005529965274035931	-0.010077714920043945
best250_vs_movev_damp	75	50	44	44	0	88.0	88.0	0.000569579133298248	0.0007906246464699507
best250_vs_movev_damp	133	50	48	48	0	96.0	96.0	0.0005817987257614732	0.06561126559972763
best250_vs_movev_damp	418	50	36	36	0	72.0	72.0	0.0005858865333721042	-0.017580823972821236
best250_vs_movev_damp	420	50	49	49	0	98.0	98.0	0.0005962845170870423	0.04902210086584091
best250_vs_movev_damp	414	50	21	21	0	42.0	42.0	0.0006137005402706563	-0.0037793731316924095
best250_vs_movev_damp	759	50	40	40	0	80.0	80.0	0.0006174782174639404	0.04189433157444
best250_vs_movev_damp	453	50	37	37	0	74.0	74.0	0.0006521762697957456	-0.021053094416856766
best250_vs_movev_damp	668	50	48	48	0	96.0	96.0	0.0006693860632367432	0.003991680219769478
best250_vs_movev_damp	287	50	38	38	0	76.0	76.0	0.0006811512866988778	0.006504087243229151
best250_vs_movev_damp	406	50	38	38	0	76.0	76.0	0.0006838954868726432	-0.027499999850988388
best250_vs_movev_damp	7	50	38	38	0	76.0	76.0	0.0006859273998998106	0.00011851310409838334
best250_vs_movev_damp	243	50	43	43	0	86.0	86.0	0.0006883272435516119	0.004937772639095783
best250_vs_movev_damp	995	50	50	50	0	100.0	100.0	0.0007229947950690985	0.013281240127980709
best250_vs_movev_damp	532	50	41	41	0	82.0	82.0	0.0007253781077452004	-0.025151481851935387
best250_vs_movev_damp	428	50	42	42	0	84.0	84.0	0.0007342742173932493	-0.02020568773150444
best250_vs_movev_damp	144	50	48	48	0	96.0	96.0	0.0007620516698807478	-0.0048296451568603516
best250_vs_movev_damp	96	50	46	46	0	92.0	92.0	0.0007779624429531395	-0.0312198456376791
best250_vs_movev_damp	257	50	41	41	0	82.0	82.0	0.0007976999622769654	0.04653680697083473
best250_vs_movev_damp	839	50	36	36	0	72.0	72.0	0.0008086421876214445	0.04045768827199936
best250_vs_movev_damp	256	50	46	46	0	92.0	92.0	0.0008100987761281431	0.02241126075387001
best250_vs_movev_damp	90	50	50	50	0	100.0	100.0	0.0008434629417024553	-0.0025060272309929132
best250_vs_movev_damp	14	50	49	49	0	98.0	98.0	0.0008718461031094193	0.017566118389368057
best250_vs_movev_damp	138	50	48	48	0	96.0	96.0	0.0008801224757917225	-0.010338086634874344
best250_vs_movev_damp	109	50	47	47	0	94.0	94.0	0.0008832344319671392	0.025312509387731552
best250_vs_movev_damp	66	50	31	31	0	62.0	62.0	0.0008996293181553483	0.029248876497149467
best250_vs_movev_damp	282	50	12	12	0	24.0	24.0	0.0009276296477764845	-0.013361120596528053
best250_vs_movev_damp	815	50	36	36	0	72.0	72.0	0.0009583775536157191	0.006079044193029404
best250_vs_movev_damp	628	50	47	47	0	94.0	94.0	0.0009649716084823012	0.01923154853284359
best250_vs_movev_damp	228	50	46	46	0	92.0	92.0	0.0009835760574787855	0.005991659127175808
best250_vs_movev_damp	139	50	50	50	0	100.0	100.0	0.0009928250219672918	-0.017085399478673935
best250_vs_movev_damp	382	50	42	42	0	84.0	84.0	0.000994908856227994	0.024375010281801224
best250_vs_movev_damp	901	50	34	34	0	68.0	68.0	0.0010140995727851987	0.016235828399658203
best250_vs_movev_damp	327	50	45	45	0	90.0	90.0	0.0010207293089479208	-0.034173689782619476
best250_vs_movev_damp	321	50	50	50	0	100.0	100.0	0.0010359627194702625	0.020009489730000496
best250_vs_movev_damp	642	50	44	44	0	88.0	88.0	0.0010625853901728988	-0.022125616669654846
best250_vs_movev_damp	359	50	36	36	0	72.0	72.0	0.0011043512495234609	0.009724998846650124
best250_vs_movev_damp	566	50	41	41	0	82.0	82.0	0.001138490391895175	0.0019729710184037685
best250_vs_movev_damp	323	50	49	49	0	98.0	98.0	0.001155566773377359	0.001689481781795621
best250_vs_movev_damp	535	50	49	49	0	98.0	98.0	0.001165583380497992	0.010781249962747097
best250_vs_movev_damp	881	50	42	42	0	84.0	84.0	0.0011683464981615543	0.03498843312263489
best250_vs_movev_damp	302	50	35	35	0	70.0	70.0	0.0011725511867552996	0.022307291626930237
best250_vs_movev_damp	307	50	43	43	0	86.0	86.0	0.0011738359462469816	0.004773416556417942
best250_vs_movev_damp	237	50	42	42	0	84.0	84.0	0.0011996403336524963	0.012800607830286026
best250_vs_movev_damp	306	50	44	44	0	88.0	88.0	0.0012009493075311184	0.039495326578617096
best250_vs_movev_damp	766	50	44	44	0	88.0	88.0	0.0012093603145331144	0.00046713827759958804
best250_vs_movev_damp	853	50	47	47	0	94.0	94.0	0.00124157324898988	0.019442234188318253
best250_vs_movev_damp	992	50	43	43	0	86.0	86.0	0.0012458860874176025	-0.016176043078303337
best250_vs_movev_damp	477	50	38	38	0	76.0	76.0	0.0012711643939837813	-0.025171032175421715
best250_vs_movev_damp	644	50	38	38	0	76.0	76.0	0.001299810130149126	0.021099405363202095
best250_vs_movev_damp	833	50	43	43	0	86.0	86.0	0.0013151323655620217	-0.004623594228178263
best250_vs_movev_damp	131	50	43	43	0	86.0	86.0	0.0013383850455284119	0.025554705411195755
best250_vs_movev_damp	177	50	45	45	0	90.0	90.0	0.001348047866486013	-0.02794630080461502
best250_vs_movev_damp	16	50	46	46	0	92.0	92.0	0.0013749891659244895	-0.04946369677782059
best250_vs_movev_damp	585	50	27	27	0	54.0	54.0	0.001402375753968954	0.04766309633851051
best250_vs_movev_damp	463	50	29	29	0	58.0	58.0	0.0014144437154754996	0.006149664055556059
best250_vs_movev_damp	696	50	41	41	0	82.0	82.0	0.00142142444383353	0.04798487573862076
best250_vs_movev_damp	280	50	38	38	0	76.0	76.0	0.0014272477710619569	0.008577117696404457
best250_vs_movev_damp	263	50	48	48	0	96.0	96.0	0.001452751806937158	0.013705797493457794
best250_vs_movev_damp	977	50	31	31	0	62.0	62.0	0.0014794894959777594	0.011552190408110619
best250_vs_movev_damp	182	50	46	46	0	92.0	92.0	0.0014936903025954962	-0.028695296496152878
best250_vs_movev_damp	669	50	49	49	0	98.0	98.0	0.0015001774299889803	0.008610543794929981
best250_vs_movev_damp	308	50	44	44	0	88.0	88.0	0.0015046000480651855	0.07356178015470505
best250_vs_movev_damp	98	50	47	47	0	94.0	94.0	0.0015710793668404222	0.036656998097896576
best250_vs_movev_damp	783	50	49	49	0	98.0	98.0	0.0015727749560028315	0.05566216632723808
best250_vs_movev_damp	937	50	46	46	0	92.0	92.0	0.0015751637984067202	0.014469261281192303
best250_vs_movev_damp	605	50	43	43	0	86.0	86.0	0.0016013566637411714	-0.016708001494407654
best250_vs_movev_damp	606	50	47	47	0	94.0	94.0	0.0016433036653324962	0.016643105074763298
best250_vs_movev_damp	409	50	35	35	0	70.0	70.0	0.001675517880357802	-0.002681560581550002
best250_vs_movev_damp	329	50	39	39	0	78.0	78.0	0.001685373019427061	0.01063272450119257
best250_vs_movev_damp	517	50	42	42	0	84.0	84.0	0.0016982716042548418	0.05751300975680351
best250_vs_movev_damp	832	50	46	46	0	92.0	92.0	0.001710475655272603	-0.006400757003575563
best250_vs_movev_damp	404	50	47	47	0	94.0	94.0	0.0017411739099770784	0.018124999478459358
best250_vs_movev_damp	85	50	47	47	0	94.0	94.0	0.001744257751852274	0.05312500149011612
best250_vs_movev_damp	713	50	48	48	0	96.0	96.0	0.0017468411242589355	0.02275579422712326
best250_vs_movev_damp	777	50	43	43	0	86.0	86.0	0.001748385257087648	-0.004052886739373207
best250_vs_movev_damp	376	50	50	50	0	100.0	100.0	0.0018175030127167702	0.0026263617910444736
best250_vs_movev_damp	121	50	43	43	0	86.0	86.0	0.0018178022000938654	0.0018682288937270641
best250_vs_movev_damp	549	50	30	30	0	60.0	60.0	0.0018290913430973887	0.04408778250217438
best250_vs_movev_damp	851	50	39	39	0	78.0	78.0	0.0018304260447621346	0.034152526408433914
best250_vs_movev_damp	991	50	49	49	0	98.0	98.0	0.001850615139119327	0.0078125
best250_vs_movev_damp	838	50	26	26	0	52.0	52.0	0.0018800527323037386	0.012939777225255966
best250_vs_movev_damp	403	50	43	43	0	86.0	86.0	0.0019186550052836537	0.06554336845874786
best250_vs_movev_damp	803	50	49	49	0	98.0	98.0	0.0019345140317454934	-0.004944066982716322
best250_vs_movev_damp	993	50	49	49	0	98.0	98.0	0.001949226250872016	0.03583906963467598
best250_vs_movev_damp	253	50	47	47	0	94.0	94.0	0.0019534388557076454	0.015151338651776314
best250_vs_movev_damp	868	50	34	34	0	68.0	68.0	0.0019670079927891493	-0.011166896671056747
best250_vs_movev_damp	108	50	33	33	0	66.0	66.0	0.0019863161724060774	-0.002970151836052537
best250_vs_movev_damp	752	50	42	42	0	84.0	84.0	0.0019867366645485163	0.034674644470214844
best250_vs_movev_damp	743	50	37	37	0	74.0	74.0	0.0019875913858413696	0.009328088723123074
best250_vs_movev_damp	470	50	35	35	0	70.0	70.0	0.0020005456171929836	-0.042834311723709106
best250_vs_movev_damp	685	50	48	48	0	96.0	96.0	0.002005399437621236	0.06617633998394012
best250_vs_movev_damp	159	50	41	41	0	82.0	82.0	0.0020236053969711065	-0.0003987121453974396
best250_vs_movev_damp	234	50	46	46	0	92.0	92.0	0.0020359158515930176	-0.02079099602997303
best250_vs_movev_damp	976	50	30	30	0	60.0	60.0	0.0020650820806622505	-0.01911424659192562
best250_vs_movev_damp	933	50	48	48	0	96.0	96.0	0.0021303165704011917	0.010336208157241344
best250_vs_movev_damp	929	50	42	42	0	84.0	84.0	0.0021370688918977976	-0.038131989538669586
best250_vs_movev_damp	435	50	28	28	0	56.0	56.0	0.0021444526500999928	0.01497151330113411
best250_vs_movev_damp	533	50	47	47	0	94.0	94.0	0.0021671766880899668	0.010625000111758709
best250_vs_movev_damp	350	50	48	48	0	96.0	96.0	0.002197256311774254	0.008745708502829075
best250_vs_movev_damp	324	50	48	48	0	96.0	96.0	0.0022294188383966684	0.03968749940395355
best250_vs_movev_damp	667	50	34	34	0	68.0	68.0	0.002231550868600607	-0.01858655922114849
best250_vs_movev_damp	227	50	34	34	0	68.0	68.0	0.0022561391815543175	0.03511594608426094
best250_vs_movev_damp	755	50	46	46	0	92.0	92.0	0.00225900043733418	0.06508961319923401
best250_vs_movev_damp	240	50	20	20	0	40.0	40.0	0.0022618353832513094	0.021504946053028107
best250_vs_movev_damp	26	50	31	31	0	62.0	62.0	0.0022668265737593174	0.06698189675807953
best250_vs_movev_damp	556	50	32	32	0	64.0	64.0	0.0022716897074133158	-0.027080707252025604
best250_vs_movev_damp	367	50	45	45	0	90.0	90.0	0.0022903631906956434	0.024482164531946182
best250_vs_movev_damp	174	50	45	45	0	90.0	90.0	0.002328552072867751	0.03986065834760666
best250_vs_movev_damp	753	50	41	41	0	82.0	82.0	0.002338249469175935	-0.004892759490758181
best250_vs_movev_damp	129	50	49	49	0	98.0	98.0	0.0023699873127043247	0.031157808378338814
best250_vs_movev_damp	545	50	44	44	0	88.0	88.0	0.0024243241641670465	0.01150467898696661
best250_vs_movev_damp	616	50	45	45	0	90.0	90.0	0.002426045248284936	-0.03665114566683769
best250_vs_movev_damp	51	50	49	49	0	98.0	98.0	0.002441741293296218	-0.009912796318531036
best250_vs_movev_damp	589	50	40	40	0	80.0	80.0	0.002459749113768339	-0.004596224054694176
best250_vs_movev_damp	351	50	47	47	0	94.0	94.0	0.0024968842044472694	-0.026957588270306587
best250_vs_movev_damp	89	50	49	49	0	98.0	98.0	0.0025212245527654886	0.04436330497264862
best250_vs_movev_damp	71	50	47	47	0	94.0	94.0	0.0025285801384598017	0.019811496138572693
best250_vs_movev_damp	458	50	48	48	0	96.0	96.0	0.0025418230798095465	-0.010589361190795898
best250_vs_movev_damp	504	50	32	32	0	64.0	64.0	0.0025616781786084175	0.0036650467664003372
best250_vs_movev_damp	36	50	25	25	0	50.0	50.0	0.002564036287367344	-0.015509949065744877
best250_vs_movev_damp	612	50	47	47	0	94.0	94.0	0.002667755587026477	0.015702057629823685
best250_vs_movev_damp	278	50	36	36	0	72.0	72.0	0.002686220919713378	-0.0008439540979452431
best250_vs_movev_damp	397	50	46	46	0	92.0	92.0	0.002701506717130542	-0.021228093653917313
best250_vs_movev_damp	313	50	40	40	0	80.0	80.0	0.0027386057190597057	0.03000296652317047
best250_vs_movev_damp	866	50	45	45	0	90.0	90.0	0.0027575267013162374	-0.00269488338381052
best250_vs_movev_damp	946	50	47	47	0	94.0	94.0	0.002789044287055731	0.02694481797516346
best250_vs_movev_damp	6	50	46	46	0	92.0	92.0	0.002870087046176195	0.031052008271217346
best250_vs_movev_damp	849	50	44	44	0	88.0	88.0	0.0028784177266061306	-0.005099782720208168
best250_vs_movev_damp	69	50	49	49	0	98.0	98.0	0.0028806906193494797	0.052331142127513885
best250_vs_movev_damp	88	50	49	49	0	98.0	98.0	0.002882251050323248	0.045982979238033295
best250_vs_movev_damp	584	50	28	28	0	56.0	56.0	0.0028865737840533257	0.011187667958438396
best250_vs_movev_damp	793	50	42	42	0	84.0	84.0	0.0029114147182554007	0.0012038135901093483
best250_vs_movev_damp	599	50	40	40	0	80.0	80.0	0.002945448737591505	0.059942081570625305
best250_vs_movev_damp	913	50	48	48	0	96.0	96.0	0.0030375742353498936	0.05109713599085808
best250_vs_movev_damp	191	50	44	44	0	88.0	88.0	0.00306717655621469	-0.05767006799578667
best250_vs_movev_damp	564	50	44	44	0	88.0	88.0	0.003145321272313595	0.009247208014130592
best250_vs_movev_damp	301	50	47	47	0	94.0	94.0	0.0031524812802672386	0.03353431820869446
best250_vs_movev_damp	695	50	39	39	0	78.0	78.0	0.003281150944530964	0.030871039256453514
best250_vs_movev_damp	627	50	41	41	0	82.0	82.0	0.003310120664536953	0.008246689103543758
best250_vs_movev_damp	8	50	45	45	0	90.0	90.0	0.00333081791177392	0.005697612650692463
best250_vs_movev_damp	560	50	48	48	0	96.0	96.0	0.003356843488290906	-0.003644227981567383
best250_vs_movev_damp	688	50	47	47	0	94.0	94.0	0.0034022757317870855	0.04654309153556824
best250_vs_movev_damp	673	50	24	24	0	48.0	48.0	0.003423660295084119	0.006379146594554186
best250_vs_movev_damp	408	50	38	38	0	76.0	76.0	0.0034384322352707386	0.017370596528053284
best250_vs_movev_damp	745	50	36	36	0	72.0	72.0	0.0034459573216736317	-0.003718090010806918
best250_vs_movev_damp	444	50	44	44	0	88.0	88.0	0.003474190831184387	0.024291353300213814
best250_vs_movev_damp	490	50	39	39	0	78.0	78.0	0.0034852393437176943	0.0268838033080101
best250_vs_movev_damp	364	50	50	50	0	100.0	100.0	0.003503701649606228	-0.004736604634672403
best250_vs_movev_damp	547	50	46	46	0	92.0	92.0	0.0035198412369936705	0.028537092730402946
best250_vs_movev_damp	736	50	45	45	0	90.0	90.0	0.003536202246323228	0.03822934255003929
best250_vs_movev_damp	730	50	42	42	0	84.0	84.0	0.003578096628189087	0.03184148669242859
best250_vs_movev_damp	788	50	47	47	0	94.0	94.0	0.003591629909351468	0.010703754611313343
best250_vs_movev_damp	809	50	35	35	0	70.0	70.0	0.0036158254370093346	0.002628164365887642
best250_vs_movev_damp	842	50	34	34	0	68.0	68.0	0.003660262329503894	0.012804413214325905
best250_vs_movev_damp	170	50	35	35	0	70.0	70.0	0.003677146742120385	-0.023889752104878426
best250_vs_movev_damp	395	50	40	40	0	80.0	80.0	0.00367978448048234	-0.011340389028191566
best250_vs_movev_damp	332	50	50	50	0	100.0	100.0	0.003702919464558363	0.026928715407848358
best250_vs_movev_damp	963	50	43	43	0	86.0	86.0	0.0037179095670580864	0.01393186580389738
best250_vs_movev_damp	982	50	41	41	0	82.0	82.0	0.003722424851730466	0.0505816750228405
best250_vs_movev_damp	336	50	47	47	0	94.0	94.0	0.003788350848481059	0.024215402081608772
best250_vs_movev_damp	43	50	45	45	0	90.0	90.0	0.003792419331148267	-0.012766104191541672
best250_vs_movev_damp	449	50	47	47	0	94.0	94.0	0.0038204926531761885	0.047107525169849396
best250_vs_movev_damp	152	50	42	42	0	84.0	84.0	0.0038215622771531343	0.03624999150633812
best250_vs_movev_damp	338	50	47	47	0	94.0	94.0	0.003845866536721587	0.014228086918592453
best250_vs_movev_damp	289	50	45	45	0	90.0	90.0	0.003934958484023809	0.06687498837709427
best250_vs_movev_damp	161	50	42	42	0	84.0	84.0	0.003990088123828173	0.03111441619694233
best250_vs_movev_damp	275	50	50	50	0	100.0	100.0	0.004011556971818209	0.05027880519628525
best250_vs_movev_damp	130	50	49	49	0	98.0	98.0	0.00401407340541482	-0.005447425879538059
best250_vs_movev_damp	479	50	22	22	0	44.0	44.0	0.004017308354377747	-0.005809049587696791
best250_vs_movev_damp	374	50	38	38	0	76.0	76.0	0.00415612431243062	0.02865242026746273
best250_vs_movev_damp	525	50	40	40	0	80.0	80.0	0.0042064557783305645	0.010029563680291176
best250_vs_movev_damp	156	50	47	47	0	94.0	94.0	0.00423910329118371	0.0353299155831337
best250_vs_movev_damp	980	50	44	44	0	88.0	88.0	0.004448415245860815	0.014435786753892899
best250_vs_movev_damp	562	50	47	47	0	94.0	94.0	0.004485285375267267	0.058692511171102524
best250_vs_movev_damp	146	50	50	50	0	100.0	100.0	0.004520496819168329	-0.009964761324226856
best250_vs_movev_damp	552	50	45	45	0	90.0	90.0	0.00452701048925519	0.01428855862468481
best250_vs_movev_damp	682	50	42	42	0	84.0	84.0	0.004563880618661642	0.049157582223415375
best250_vs_movev_damp	749	50	45	45	0	90.0	90.0	0.004593787249177694	0.022875584661960602
best250_vs_movev_damp	641	50	45	45	0	90.0	90.0	0.004607283975929022	0.0330013670027256
best250_vs_movev_damp	828	50	33	33	0	66.0	66.0	0.004669953603297472	-0.01589754968881607
best250_vs_movev_damp	62	50	30	30	0	60.0	60.0	0.004674555733799934	-0.006874980870634317
best250_vs_movev_damp	41	50	47	47	0	94.0	94.0	0.004711651708930731	0.047791969031095505
best250_vs_movev_damp	748	50	29	29	0	58.0	58.0	0.004731905646622181	-0.0003714656922966242
best250_vs_movev_damp	434	50	30	30	0	60.0	60.0	0.00475142989307642	-0.017908306792378426
best250_vs_movev_damp	761	50	41	41	0	82.0	82.0	0.004755968227982521	-0.0169854536652565
best250_vs_movev_damp	530	50	33	33	0	66.0	66.0	0.0047989096492528915	0.020229043439030647
best250_vs_movev_damp	300	50	48	48	0	96.0	96.0	0.004822131711989641	0.04591605067253113
best250_vs_movev_damp	746	50	46	46	0	92.0	92.0	0.00488508865237236	0.0025670528411865234
best250_vs_movev_damp	563	50	44	44	0	88.0	88.0	0.004984174855053425	-0.0082619097083807
best250_vs_movev_damp	740	50	25	25	0	50.0	50.0	0.005075296852737665	-0.04709699749946594
best250_vs_movev_damp	34	50	38	38	0	76.0	76.0	0.005175419617444277	0.005492820870131254
best250_vs_movev_damp	140	50	47	47	0	94.0	94.0	0.0052070170640945435	0.048228513449430466
best250_vs_movev_damp	719	50	47	47	0	94.0	94.0	0.005263993050903082	0.04525597393512726
best250_vs_movev_damp	70	50	47	47	0	94.0	94.0	0.005331607069820166	0.032936859875917435
best250_vs_movev_damp	758	50	42	42	0	84.0	84.0	0.005395095329731703	0.03370651230216026
best250_vs_movev_damp	468	50	36	36	0	72.0	72.0	0.005442853085696697	0.001133069978095591
best250_vs_movev_damp	333	50	50	50	0	100.0	100.0	0.005447822622954845	0.040816470980644226
best250_vs_movev_damp	52	50	40	40	0	80.0	80.0	0.005493598058819771	-0.013241462409496307
best250_vs_movev_damp	588	50	36	36	0	72.0	72.0	0.0054943375289440155	-0.025088997557759285
best250_vs_movev_damp	595	50	42	42	0	84.0	84.0	0.005508730188012123	0.03033999353647232
best250_vs_movev_damp	990	50	50	50	0	100.0	100.0	0.0055156429298222065	0.05726141855120659
best250_vs_movev_damp	127	50	46	46	0	92.0	92.0	0.005564314778894186	0.04002940282225609
best250_vs_movev_damp	223	50	45	45	0	90.0	90.0	0.005581221543252468	0.03013840690255165
best250_vs_movev_damp	878	50	44	44	0	88.0	88.0	0.0056033567525446415	0.026542874053120613
best250_vs_movev_damp	432	50	42	42	0	84.0	84.0	0.005611314903944731	0.026054048910737038
best250_vs_movev_damp	558	50	24	24	0	48.0	48.0	0.005645913537591696	0.023606080561876297
best250_vs_movev_damp	988	50	50	50	0	100.0	100.0	0.005695508327335119	0.037984419614076614
best250_vs_movev_damp	445	50	30	30	0	60.0	60.0	0.005853867623955011	0.029680976644158363
best250_vs_movev_damp	847	50	39	39	0	78.0	78.0	0.0059112501330673695	0.028913546353578568
best250_vs_movev_damp	419	50	43	43	0	86.0	86.0	0.0059797437861561775	0.04626370593905449
best250_vs_movev_damp	687	50	45	45	0	90.0	90.0	0.0060346294194459915	0.014722032472491264
best250_vs_movev_damp	178	50	47	47	0	94.0	94.0	0.006111893802881241	0.043851472437381744
best250_vs_movev_damp	203	50	47	47	0	94.0	94.0	0.00613972544670105	0.01585455983877182
best250_vs_movev_damp	573	50	49	49	0	98.0	98.0	0.0061620003543794155	0.032872579991817474
best250_vs_movev_damp	760	50	42	42	0	84.0	84.0	0.00618367176502943	0.04616926982998848
best250_vs_movev_damp	368	50	41	41	0	82.0	82.0	0.0061862836591899395	0.04806327819824219
best250_vs_movev_damp	179	50	36	36	0	72.0	72.0	0.006194741930812597	0.051431093364953995
best250_vs_movev_damp	926	50	44	44	0	88.0	88.0	0.006203663535416126	0.016691360622644424
best250_vs_movev_damp	373	50	41	41	0	82.0	82.0	0.006390742491930723	0.04796907305717468
best250_vs_movev_damp	917	50	43	43	0	86.0	86.0	0.006398050580173731	0.07876159995794296
best250_vs_movev_damp	710	50	38	38	0	76.0	76.0	0.006518070120364428	0.020863628014922142
best250_vs_movev_damp	808	50	36	36	0	72.0	72.0	0.006521299947053194	-0.008860588073730469
best250_vs_movev_damp	600	50	20	20	0	40.0	40.0	0.006525353062897921	0.030115384608507156
best250_vs_movev_damp	723	50	47	47	0	94.0	94.0	0.006532666739076376	0.05081609636545181
best250_vs_movev_damp	384	50	47	47	0	94.0	94.0	0.0065332804806530476	0.03482954949140549
best250_vs_movev_damp	818	50	20	20	0	40.0	40.0	0.006667258683592081	0.004624424036592245
best250_vs_movev_damp	355	50	48	48	0	96.0	96.0	0.006809710990637541	0.12042838335037231
best250_vs_movev_damp	910	50	39	39	0	78.0	78.0	0.006904079113155603	0.0509457029402256
best250_vs_movev_damp	372	50	47	47	0	94.0	94.0	0.007030876353383064	0.07409527152776718
best250_vs_movev_damp	801	50	46	46	0	92.0	92.0	0.007054480724036694	0.011250000447034836
best250_vs_movev_damp	258	50	49	49	0	98.0	98.0	0.007233500946313143	0.04349059984087944
best250_vs_movev_damp	344	50	49	49	0	98.0	98.0	0.007319935597479343	0.0059954263269901276
best250_vs_movev_damp	391	50	42	42	0	84.0	84.0	0.007329821586608887	0.03499116003513336
best250_vs_movev_damp	346	50	45	45	0	90.0	90.0	0.007331266533583403	0.03360583260655403
best250_vs_movev_damp	639	50	20	20	0	40.0	40.0	0.007379170041531324	0.02398601546883583
best250_vs_movev_damp	221	50	45	45	0	90.0	90.0	0.007672169711440802	0.07228224724531174
best250_vs_movev_damp	196	50	36	36	0	72.0	72.0	0.007760236971080303	0.01190391555428505
best250_vs_movev_damp	729	50	32	32	0	64.0	64.0	0.007969525642693043	0.05084109306335449
best250_vs_movev_damp	869	50	32	32	0	64.0	64.0	0.008009608834981918	-0.005849561654031277
best250_vs_movev_damp	296	50	48	48	0	96.0	96.0	0.00874769501388073	0.05179155245423317
best250_vs_movev_damp	365	50	46	46	0	92.0	92.0	0.009116219356656075	0.10381000488996506
best250_vs_movev_damp	731	50	31	31	0	62.0	62.0	0.00918953400105238	0.0763651430606842
best250_vs_movev_damp	499	50	26	26	0	52.0	52.0	0.009253008291125298	0.03797800838947296
best250_vs_movev_damp	646	50	44	44	0	88.0	88.0	0.009257830679416656	0.013175878673791885
best250_vs_movev_damp	704	50	45	45	0	90.0	90.0	0.009403901174664497	0.04355856776237488
best250_vs_movev_damp	860	50	23	23	0	46.0	46.0	0.009520942345261574	-0.0189028549939394
best250_vs_movev_damp	615	50	40	40	0	80.0	80.0	0.010343972593545914	0.08701096475124359
best250_vs_movev_damp	700	50	41	41	0	82.0	82.0	0.010687739588320255	0.027557525783777237
best250_vs_movev_damp	714	50	40	40	0	80.0	80.0	0.01075791846960783	0.05344313755631447
best250_vs_movev_damp	541	50	27	27	0	54.0	54.0	0.011025872081518173	0.058073826134204865
best250_vs_movev_damp	571	50	46	46	0	92.0	92.0	0.012401299551129341	0.0553564727306366
best250_vs_movev_damp	718	50	36	37	1	72.0	74.0	-0.015661414712667465	-0.03173208236694336
best250_vs_movev_damp	880	50	46	47	1	92.0	94.0	-0.011591020971536636	-0.018748579546809196
best250_vs_movev_damp	507	50	42	43	1	84.0	86.0	-0.009821314364671707	-0.086198590695858
best250_vs_movev_damp	164	50	46	47	1	92.0	94.0	-0.00738411583006382	-0.03664162755012512
best250_vs_movev_damp	679	50	48	49	1	96.0	98.0	-0.007311075460165739	-0.05813683569431305
best250_vs_movev_damp	527	50	33	34	1	66.0	68.0	-0.007016429211944342	-0.027731629088521004
best250_vs_movev_damp	637	50	41	42	1	82.0	84.0	-0.006883848458528519	-0.06282468140125275
best250_vs_movev_damp	827	50	37	38	1	74.0	76.0	-0.00640790956094861	-0.0431629940867424
best250_vs_movev_damp	630	50	46	47	1	92.0	94.0	-0.006075373850762844	-0.047777555882930756
best250_vs_movev_damp	427	50	33	34	1	66.0	68.0	-0.005598191171884537	-0.024599295109510422
best250_vs_movev_damp	381	50	24	25	1	48.0	50.0	-0.0053990851156413555	-0.06724412739276886
best250_vs_movev_damp	319	50	41	42	1	82.0	84.0	-0.0053570144809782505	-0.030390433967113495
best250_vs_movev_damp	285	50	32	33	1	64.0	66.0	-0.004802371840924025	0.042119141668081284
best250_vs_movev_damp	107	50	46	47	1	92.0	94.0	-0.004452891182154417	-0.03897850215435028
best250_vs_movev_damp	897	50	44	45	1	88.0	90.0	-0.004301626700907946	-0.0023203755263239145
best250_vs_movev_damp	675	50	28	29	1	56.0	58.0	-0.004067995585501194	-0.014047575183212757
best250_vs_movev_damp	771	50	44	45	1	88.0	90.0	-0.0039602541364729404	-0.06178294122219086
best250_vs_movev_damp	741	50	37	38	1	74.0	76.0	-0.003903821809217334	-0.029003724455833435
best250_vs_movev_damp	405	50	39	40	1	78.0	80.0	-0.0038899672217667103	-0.04935729131102562
best250_vs_movev_damp	81	50	45	46	1	90.0	92.0	-0.003743846667930484	-0.048558272421360016
best250_vs_movev_damp	64	50	32	33	1	64.0	66.0	-0.0035128281451761723	-0.016191549599170685
best250_vs_movev_damp	48	50	47	48	1	94.0	96.0	-0.003499661572277546	-0.047083016484975815
best250_vs_movev_damp	733	50	24	25	1	48.0	50.0	-0.0034819720312952995	0.02489425614476204
best250_vs_movev_damp	996	50	47	48	1	94.0	96.0	-0.003457212820649147	-0.013426008634269238
best250_vs_movev_damp	79	50	42	43	1	84.0	86.0	-0.003403623588383198	-0.031823109835386276
best250_vs_movev_damp	335	50	45	46	1	90.0	92.0	-0.0033180268947035074	-0.020987559109926224
best250_vs_movev_damp	918	50	44	45	1	88.0	90.0	-0.0033137300051748753	-0.02484964393079281
best250_vs_movev_damp	891	50	42	43	1	84.0	86.0	-0.0031665258575230837	-0.03991847112774849
best250_vs_movev_damp	173	50	38	39	1	76.0	78.0	-0.0028504261281341314	-0.02219538763165474
best250_vs_movev_damp	439	50	47	48	1	94.0	96.0	-0.0025850934907794	-0.003275747410953045
best250_vs_movev_damp	77	50	36	37	1	72.0	74.0	-0.0025533598382025957	0.044334087520837784
best250_vs_movev_damp	180	50	30	31	1	60.0	62.0	-0.0022772178053855896	-0.020398741587996483
best250_vs_movev_damp	32	50	23	24	1	46.0	48.0	-0.002226934302598238	0.030368680134415627
best250_vs_movev_damp	715	50	39	40	1	78.0	80.0	-0.0020153718069195747	-0.014368915930390358
best250_vs_movev_damp	500	50	47	48	1	94.0	96.0	-0.001964808441698551	0.027955904603004456
best250_vs_movev_damp	888	50	41	42	1	82.0	84.0	-0.0018413022626191378	0.005940590053796768
best250_vs_movev_damp	931	50	35	36	1	70.0	72.0	-0.0017190891085192561	-0.009572649374604225
best250_vs_movev_damp	288	50	41	42	1	82.0	84.0	-0.0016132051823660731	-0.04559653252363205
best250_vs_movev_damp	167	50	18	19	1	36.0	38.0	-0.0015412048669531941	-0.01151132583618164
best250_vs_movev_damp	762	50	26	27	1	52.0	54.0	-0.0014391419244930148	-0.017023496329784393
best250_vs_movev_damp	136	50	49	50	1	98.0	100.0	-0.0012492521200329065	0.0017743397038429976
best250_vs_movev_damp	40	50	31	32	1	62.0	64.0	-0.0012298685032874346	-0.027809763327240944
best250_vs_movev_damp	698	50	37	38	1	74.0	76.0	-0.0012030212674289942	-0.003482332220301032
best250_vs_movev_damp	229	50	48	49	1	96.0	98.0	-0.0011655214475467801	-0.009066352620720863
best250_vs_movev_damp	76	50	49	50	1	98.0	100.0	-0.001135044964030385	0.004374637734144926
best250_vs_movev_damp	20	50	43	44	1	86.0	88.0	-0.0011247405782341957	0.00705752382054925
best250_vs_movev_damp	894	50	39	40	1	78.0	80.0	-0.0011110317427664995	-0.03676885738968849
best250_vs_movev_damp	583	50	46	47	1	92.0	94.0	-0.0010900229681283236	-0.0625264048576355
best250_vs_movev_damp	328	50	45	46	1	90.0	92.0	-0.0010580607922747731	-0.008367376402020454
best250_vs_movev_damp	516	50	24	25	1	48.0	50.0	-0.0010310944635421038	-0.013213004916906357
best250_vs_movev_damp	421	50	41	42	1	82.0	84.0	-0.0007445698720403016	-0.060928307473659515
best250_vs_movev_damp	192	50	41	42	1	82.0	84.0	-0.0007065215613692999	0.016084108501672745
best250_vs_movev_damp	481	50	32	33	1	64.0	66.0	-0.0006099821766838431	-0.03612138703465462
best250_vs_movev_damp	212	50	44	45	1	88.0	90.0	-0.0005938810063526034	-0.02312294952571392
best250_vs_movev_damp	779	50	48	49	1	96.0	98.0	-0.0005465271533466876	0.00651908852159977
best250_vs_movev_damp	116	50	44	45	1	88.0	90.0	-0.00046315326471813023	0.040387991815805435
best250_vs_movev_damp	283	50	46	47	1	92.0	94.0	-0.00041041328222490847	-0.018841153010725975
best250_vs_movev_damp	966	50	33	34	1	66.0	68.0	-0.0003948986413888633	-0.04083165153861046
best250_vs_movev_damp	59	50	35	36	1	70.0	72.0	-0.00036054995143786073	-0.025495566427707672
best250_vs_movev_damp	618	50	23	24	1	46.0	48.0	-0.0001441509957658127	0.019649676978588104
best250_vs_movev_damp	790	50	34	35	1	68.0	70.0	-5.7677327276906e-05	-0.020436067134141922
best250_vs_movev_damp	919	50	38	39	1	76.0	78.0	-5.038697418058291e-05	-0.0378551185131073
best250_vs_movev_damp	27	50	37	38	1	74.0	76.0	9.785246220417321e-05	-0.01039235107600689
best250_vs_movev_damp	768	50	45	46	1	90.0	92.0	0.00013124823453836143	0.0396626740694046
best250_vs_movev_damp	53	50	46	47	1	92.0	94.0	0.00021255388855934143	-0.006296367850154638
best250_vs_movev_damp	804	50	33	34	1	66.0	68.0	0.0002599318395368755	-0.054152391850948334
best250_vs_movev_damp	972	50	35	36	1	70.0	72.0	0.00028481005574576557	-0.043749742209911346
best250_vs_movev_damp	623	50	16	17	1	32.0	34.0	0.00029713392723351717	0.014948473311960697
best250_vs_movev_damp	855	50	37	38	1	74.0	76.0	0.0003251186280976981	-0.03392064943909645
best250_vs_movev_damp	629	50	41	42	1	82.0	84.0	0.00034478516317903996	0.0030826188158243895
best250_vs_movev_damp	377	50	40	41	1	80.0	82.0	0.0007424986106343567	-0.01895388588309288
best250_vs_movev_damp	932	50	41	42	1	82.0	84.0	0.0007732923259027302	0.021579494699835777
best250_vs_movev_damp	242	50	41	42	1	82.0	84.0	0.0007878963369876146	0.04035875201225281
best250_vs_movev_damp	895	50	41	42	1	82.0	84.0	0.0007987776189111173	0.014780397526919842
best250_vs_movev_damp	699	50	41	42	1	82.0	84.0	0.0009137822198681533	0.10530365258455276
best250_vs_movev_damp	1	50	48	49	1	96.0	98.0	0.0009472700767219067	-0.011709404177963734
best250_vs_movev_damp	326	50	48	49	1	96.0	98.0	0.0010326565243303776	-0.030102510005235672
best250_vs_movev_damp	744	50	18	19	1	36.0	38.0	0.0010376531863585114	0.02605792135000229
best250_vs_movev_damp	383	50	33	34	1	66.0	68.0	0.0010801504831761122	0.01799030229449272
best250_vs_movev_damp	272	50	30	31	1	60.0	62.0	0.001086688949726522	-0.03185958042740822
best250_vs_movev_damp	959	50	44	45	1	88.0	90.0	0.0011003664694726467	-0.045921508222818375
best250_vs_movev_damp	222	50	37	38	1	74.0	76.0	0.0011372732697054744	0.022456826642155647
best250_vs_movev_damp	176	50	41	42	1	82.0	84.0	0.0011606952175498009	0.011368846520781517
best250_vs_movev_damp	650	50	29	30	1	58.0	60.0	0.0012084702029824257	0.08042202889919281
best250_vs_movev_damp	720	50	43	44	1	86.0	88.0	0.0012884509051218629	-0.0014060401590541005
best250_vs_movev_damp	944	50	43	44	1	86.0	88.0	0.0014156937832012773	-0.01362484972923994
best250_vs_movev_damp	903	50	44	45	1	88.0	90.0	0.0014731490518897772	0.024990243837237358
best250_vs_movev_damp	568	50	44	45	1	88.0	90.0	0.001499530510045588	-0.03616471216082573
best250_vs_movev_damp	249	50	39	40	1	78.0	80.0	0.0015094572445377707	0.026552371680736542
best250_vs_movev_damp	620	50	13	14	1	26.0	28.0	0.001509697875007987	0.0022046088706701994
best250_vs_movev_damp	712	50	39	40	1	78.0	80.0	0.0015106096398085356	-0.024153290316462517
best250_vs_movev_damp	103	50	40	41	1	80.0	82.0	0.00153058348223567	0.028556613251566887
best250_vs_movev_damp	958	50	46	47	1	92.0	94.0	0.001579480478540063	0.010550746694207191
best250_vs_movev_damp	546	50	39	40	1	78.0	80.0	0.0015977990115061402	0.029802750796079636
best250_vs_movev_damp	519	50	31	32	1	62.0	64.0	0.0016622390830889344	-0.017949437722563744
best250_vs_movev_damp	339	50	49	50	1	98.0	100.0	0.0017050157766789198	-0.008547620847821236
best250_vs_movev_damp	416	50	46	47	1	92.0	94.0	0.0017438739305362105	0.03748854622244835
best250_vs_movev_damp	970	50	29	30	1	58.0	60.0	0.001755095669068396	0.0008708572131581604
best250_vs_movev_damp	205	50	39	40	1	78.0	80.0	0.0018259519711136818	-0.033813249319791794
best250_vs_movev_damp	95	50	47	48	1	94.0	96.0	0.001884274766780436	0.009991150349378586
best250_vs_movev_damp	956	50	48	49	1	96.0	98.0	0.001980510540306568	-0.020653849467635155
best250_vs_movev_damp	101	50	34	35	1	68.0	70.0	0.0020054341293871403	0.029884643852710724
best250_vs_movev_damp	877	50	44	45	1	88.0	90.0	0.0020222929306328297	0.05066655948758125
best250_vs_movev_damp	461	50	26	27	1	52.0	54.0	0.0020381363574415445	-0.0011850070441141725
best250_vs_movev_damp	786	50	45	46	1	90.0	92.0	0.0020562929566949606	-0.008565005846321583
best250_vs_movev_damp	277	50	33	34	1	66.0	68.0	0.0021569158416241407	0.0009840107522904873
best250_vs_movev_damp	175	50	33	34	1	66.0	68.0	0.0022774210665374994	-0.07371160387992859
best250_vs_movev_damp	110	50	44	45	1	88.0	90.0	0.0023023306857794523	0.005228719674050808
best250_vs_movev_damp	126	50	39	40	1	78.0	80.0	0.002393457805737853	0.01813986711204052
best250_vs_movev_damp	122	50	44	45	1	88.0	90.0	0.0024085526820272207	-0.02846056967973709
best250_vs_movev_damp	898	50	36	37	1	72.0	74.0	0.002422681776806712	0.057573795318603516
best250_vs_movev_damp	56	50	46	47	1	92.0	94.0	0.00258139381185174	0.009912128560245037
best250_vs_movev_damp	896	50	46	47	1	92.0	94.0	0.0026630291249603033	0.0026579666882753372
best250_vs_movev_damp	619	50	32	33	1	64.0	66.0	0.0028141255024820566	0.02888559363782406
best250_vs_movev_damp	967	50	36	37	1	72.0	74.0	0.0028304182924330235	-0.003826189087703824
best250_vs_movev_damp	312	50	35	36	1	70.0	72.0	0.0028771841898560524	0.028842421248555183
best250_vs_movev_damp	187	50	36	37	1	72.0	74.0	0.002934935037046671	-0.038729678839445114
best250_vs_movev_damp	150	50	46	47	1	92.0	94.0	0.0029522906988859177	0.021279048174619675
best250_vs_movev_damp	747	50	35	36	1	70.0	72.0	0.0032153818756341934	0.030398711562156677
best250_vs_movev_damp	883	50	26	27	1	52.0	54.0	0.0032330455724149942	-0.028630981221795082
best250_vs_movev_damp	912	50	37	38	1	74.0	76.0	0.003301340388134122	-0.03228204324841499
best250_vs_movev_damp	656	50	27	28	1	54.0	56.0	0.0033633823040872812	0.06483309715986252
best250_vs_movev_damp	964	50	40	41	1	80.0	82.0	0.0035607614554464817	-0.0029404545202851295
best250_vs_movev_damp	871	50	42	43	1	84.0	86.0	0.003661010880023241	0.0004253482911735773
best250_vs_movev_damp	199	50	39	40	1	78.0	80.0	0.0037319189868867397	-4.7082899982342497e-05
best250_vs_movev_damp	848	50	24	25	1	48.0	50.0	0.003755217883735895	0.017906226217746735
best250_vs_movev_damp	5	50	43	44	1	86.0	88.0	0.003769202157855034	0.018232841044664383
best250_vs_movev_damp	298	50	39	40	1	78.0	80.0	0.0039043468423187733	0.10082291811704636
best250_vs_movev_damp	279	50	48	49	1	96.0	98.0	0.00411686347797513	0.02018709108233452
best250_vs_movev_damp	610	50	44	45	1	88.0	90.0	0.00413971533998847	0.008303270675241947
best250_vs_movev_damp	202	50	40	41	1	80.0	82.0	0.004466061946004629	-0.023689890280365944
best250_vs_movev_damp	672	50	47	48	1	94.0	96.0	0.004467298276722431	-0.01318799052387476
best250_vs_movev_damp	246	50	40	41	1	80.0	82.0	0.004480819683521986	0.0056805419735610485
best250_vs_movev_damp	293	50	46	47	1	92.0	94.0	0.004581857938319445	0.030403757467865944
best250_vs_movev_damp	304	50	35	36	1	70.0	72.0	0.004582676105201244	0.025952424854040146
best250_vs_movev_damp	979	50	41	42	1	82.0	84.0	0.004640019964426756	0.016120605170726776
best250_vs_movev_damp	653	50	35	36	1	70.0	72.0	0.004684119485318661	-0.009019088931381702
best250_vs_movev_damp	412	50	36	37	1	72.0	74.0	0.004724389407783747	-0.010360250249505043
best250_vs_movev_damp	537	50	46	47	1	92.0	94.0	0.004799206741154194	-0.0008250427199527621
best250_vs_movev_damp	235	50	41	42	1	82.0	84.0	0.004897858016192913	0.0813177078962326
best250_vs_movev_damp	857	50	36	37	1	72.0	74.0	0.0050485990941524506	-0.0051119280979037285
best250_vs_movev_damp	587	50	35	36	1	70.0	72.0	0.005241840612143278	0.014882535673677921
best250_vs_movev_damp	480	50	42	43	1	84.0	86.0	0.0053186784498393536	0.02137051522731781
best250_vs_movev_damp	634	50	39	40	1	78.0	80.0	0.00536189554259181	0.07348782569169998
best250_vs_movev_damp	774	50	40	41	1	80.0	82.0	0.005386036820709705	0.03937115520238876
best250_vs_movev_damp	155	50	37	38	1	74.0	76.0	0.005941468290984631	-0.0009168529650196433
best250_vs_movev_damp	663	50	33	34	1	66.0	68.0	0.005953013431280851	0.04259182885289192
best250_vs_movev_damp	314	50	42	43	1	84.0	86.0	0.006336841732263565	0.08351106941699982
best250_vs_movev_damp	348	50	35	36	1	70.0	72.0	0.006385786458849907	0.029870662838220596
best250_vs_movev_damp	603	50	45	46	1	90.0	92.0	0.006467367522418499	0.06931035220623016
best250_vs_movev_damp	215	50	48	49	1	96.0	98.0	0.006492915563285351	0.03442083299160004
best250_vs_movev_damp	124	50	39	40	1	78.0	80.0	0.006680890452116728	-0.015374412760138512
best250_vs_movev_damp	208	50	44	45	1	88.0	90.0	0.0071005201898515224	0.01563834212720394
best250_vs_movev_damp	802	50	46	47	1	92.0	94.0	0.007126377429813147	0.03755272924900055
best250_vs_movev_damp	638	50	15	16	1	30.0	32.0	0.007496175821870565	-0.009989986196160316
best250_vs_movev_damp	186	50	38	39	1	76.0	78.0	0.007564082741737366	-0.038005903363227844
best250_vs_movev_damp	236	50	39	40	1	78.0	80.0	0.007751964498311281	0.04693201184272766
best250_vs_movev_damp	413	50	28	29	1	56.0	58.0	0.007839573547244072	0.020849352702498436
best250_vs_movev_damp	609	50	37	38	1	74.0	76.0	0.00802090484648943	0.06147048994898796
best250_vs_movev_damp	218	50	44	45	1	88.0	90.0	0.008483201265335083	-0.010645056143403053
best250_vs_movev_damp	378	50	44	45	1	88.0	90.0	0.008484672755002975	0.025002889335155487
best250_vs_movev_damp	889	50	38	39	1	76.0	78.0	0.00861182902008295	0.019314775243401527
best250_vs_movev_damp	433	50	41	42	1	82.0	84.0	0.00883946381509304	-0.0025561524089425802
best250_vs_movev_damp	691	50	29	30	1	58.0	60.0	0.009038258343935013	0.013885059393942356
best250_vs_movev_damp	262	50	48	49	1	96.0	98.0	0.009536517783999443	0.04262183979153633
best250_vs_movev_damp	570	50	45	46	1	90.0	92.0	0.010590403340756893	0.0566987618803978
best250_vs_movev_damp	200	50	37	39	2	74.0	78.0	-0.010992113500833511	-0.08032307028770447
best250_vs_movev_damp	551	50	42	44	2	84.0	88.0	-0.002816970692947507	-1.4705658031743951e-05
best250_vs_movev_damp	961	50	25	27	2	50.0	54.0	-0.001837815041653812	-0.03218097612261772
best250_vs_movev_damp	358	50	28	30	2	56.0	60.0	-0.0014545806916430593	0.0015491866506636143
best250_vs_movev_damp	617	50	41	43	2	82.0	86.0	-0.00012050524674123153	0.007956409826874733
best250_vs_movev_damp	536	50	29	31	2	58.0	62.0	-9.36142387217842e-05	-0.031992197036743164
best250_vs_movev_damp	754	50	34	36	2	68.0	72.0	-6.417051190510392e-05	0.03656000271439552
best250_vs_movev_damp	162	50	43	45	2	86.0	90.0	0.00043173343874514103	-0.0031445217318832874
best250_vs_movev_damp	681	50	12	14	2	24.0	28.0	0.0005102002760395408	0.008884811773896217
best250_vs_movev_damp	674	50	45	47	2	90.0	94.0	0.0013191676698625088	0.012583541683852673
best250_vs_movev_damp	67	50	41	43	2	82.0	86.0	0.0019616184290498495	0.04064052551984787
best250_vs_movev_damp	498	50	35	37	2	70.0	74.0	0.002132996916770935	-0.0327194444835186
best250_vs_movev_damp	664	50	17	19	2	34.0	38.0	0.0024402725975960493	0.017920445650815964
best250_vs_movev_damp	780	50	39	41	2	78.0	82.0	0.00278210430406034	0.029935989528894424
best250_vs_movev_damp	817	50	32	34	2	64.0	68.0	0.0030652463901787996	0.017810631543397903
best250_vs_movev_damp	999	50	24	26	2	48.0	52.0	0.003242236329242587	-0.04843796789646149
best250_vs_movev_damp	441	50	39	41	2	78.0	82.0	0.0038323462940752506	0.014764967374503613
best250_vs_movev_damp	864	50	38	40	2	76.0	80.0	0.004197907168418169	-0.05332509055733681
best250_vs_movev_damp	624	50	31	33	2	62.0	66.0	0.004303663969039917	-0.005492973141372204
best250_vs_movev_damp	751	50	38	40	2	76.0	80.0	0.004576573148369789	0.017644967883825302
best250_vs_movev_damp	921	50	36	38	2	72.0	76.0	0.005330801475793123	0.06274666637182236
best250_vs_movev_damp	792	50	35	37	2	70.0	74.0	0.0060948338359594345	0.038951970636844635
best250_vs_movev_damp	492	50	43	45	2	86.0	90.0	0.0068654585629701614	0.05037384852766991
best250_vs_movev_damp	423	50	33	35	2	66.0	70.0	0.006925088353455067	0.022472171112895012
best250_vs_movev_damp	975	50	30	32	2	60.0	64.0	0.006998398341238499	-0.01214954350143671
best250_vs_movev_damp	151	50	34	36	2	68.0	72.0	0.007310058921575546	0.019816618412733078
best250_vs_movev_damp	834	50	28	30	2	56.0	60.0	0.007554461248219013	-0.05976426228880882
best250_vs_movev_damp	787	50	33	35	2	66.0	70.0	0.0076087461784482	0.04377986863255501
best250_vs_movev_damp	590	50	25	27	2	50.0	54.0	0.012057524174451828	0.023117199540138245
best250_vs_movev_damp	633	50	28	31	3	56.0	62.0	-0.0026539124082773924	-0.03199069947004318
best250_vs_movev_damp	231	50	21	24	3	42.0	48.0	0.004200874827802181	0.005052242428064346
best250_vs_movev_damp	118	50	40	43	3	80.0	86.0	0.009173324331641197	0.04810895770788193
best250_vs_movev_damp	831	50	39	43	4	78.0	86.0	0.0077071296982467175	0.02446555159986019
