pair	sample_index	target	direction	ref_pred	cmp_pred	ref_conf	cmp_conf	ref_true_prob	cmp_true_prob	true_prob_delta	ref_margin	cmp_margin
best250_vs_phase2w	42791	848	improved	732	848	0.44187337160110474	0.4010550081729889	0.1405823677778244	0.4010550081729889	0.2604726552963257	1.1452298164367676	1.0735201835632324
best250_vs_phase2w	31230	602	regressed	602	678	0.40944990515708923	0.3508441150188446	0.40944990515708923	0.1764475703239441	-0.23300233483314514	0.4376816749572754	0.6873183250427246
best250_vs_phase2w	44445	279	regressed	279	258	0.5640773177146912	0.46306031942367554	0.5640773177146912	0.34153857827186584	-0.22253873944282532	0.7581038475036621	0.3043966293334961
best250_vs_phase2w	21129	831	improved	721	831	0.6396306753158569	0.5040768980979919	0.2945941388607025	0.5040768980979919	0.20948275923728943	0.7752923965454102	0.16220760345458984
best250_vs_phase2w	1317	218	regressed	218	156	0.5399098992347717	0.38816121220588684	0.5399098992347717	0.3487304449081421	-0.19117945432662964	0.8616280555725098	0.10712146759033203
best250_vs_phase2w	15670	641	improved	522	641	0.4264715313911438	0.5107693076133728	0.3202446401119232	0.5107693076133728	0.19052466750144958	0.28646039962768555	0.6510400772094727
best250_vs_phase2w	27345	312	improved	316	312	0.3110157549381256	0.4722082018852234	0.28243356943130493	0.4722082018852234	0.18977463245391846	0.09640026092529297	1.403599739074707
best250_vs_phase2w	26641	536	improved	484	536	0.5973216891288757	0.4704742729663849	0.2928999960422516	0.4704742729663849	0.1775742769241333	0.7126245498657227	0.09987545013427734
best250_vs_phase2w	8555	996	improved	991	996	0.4899904429912567	0.5719496011734009	0.39911460876464844	0.5719496011734009	0.17283499240875244	0.2051372528076172	0.6698627471923828
best250_vs_phase2w	45105	802	regressed	802	701	0.37367480993270874	0.3344604969024658	0.37367480993270874	0.20659595727920532	-0.16707885265350342	0.4557461738586426	0.4817538261413574
best250_vs_phase2w	2302	3	regressed	3	4	0.45060282945632935	0.5968655943870544	0.45060282945632935	0.2835761606693268	-0.16702666878700256	0.06828880310058594	0.7442111968994141
best250_vs_phase2w	18198	558	improved	513	558	0.18877774477005005	0.34172600507736206	0.1753987818956375	0.34172600507736206	0.16632722318172455	0.07350826263427734	1.3952417373657227
best250_vs_phase2w	8504	848	improved	713	848	0.33420664072036743	0.42351067066192627	0.2586752772331238	0.42351067066192627	0.1648353934288025	0.25618600845336914	1.087564468383789
best250_vs_phase2w	32920	963	improved	957	963	0.14273889362812042	0.29044800996780396	0.1290901154279709	0.29044800996780396	0.16135789453983307	0.10050630569458008	0.8994936943054199
best250_vs_phase2w	19942	245	regressed	245	242	0.48849067091941833	0.5355802178382874	0.48849067091941833	0.3284841775894165	-0.16000649333000183	0.2611379623413086	0.4888620376586914
best250_vs_phase2w	22897	772	improved	600	772	0.40243762731552124	0.4020034968852997	0.24202454090118408	0.4020034968852997	0.1599789559841156	0.5085010528564453	0.2102489471435547
best250_vs_phase2w	7918	436	improved	627	436	0.42004072666168213	0.5504944324493408	0.39474380016326904	0.5504944324493408	0.15575063228607178	0.062114715576171875	0.6253852844238281
best250_vs_phase2w	45628	227	improved	173	227	0.43272310495376587	0.4773240387439728	0.3246176838874817	0.4773240387439728	0.1527063548564911	0.28744983673095703	0.46255016326904297
best250_vs_phase2w	48580	609	improved	407	609	0.5962319374084473	0.45314913988113403	0.30191653966903687	0.45314913988113403	0.15123260021209717	0.6804790496826172	0.0070209503173828125
best250_vs_phase2w	21729	483	improved	442	483	0.34451499581336975	0.45328179001808167	0.3029631972312927	0.45328179001808167	0.15031859278678894	0.1285262107849121	0.9027237892150879
best250_vs_phase2w	24597	456	regressed	456	875	0.5158805847167969	0.37489333748817444	0.5158805847167969	0.36610400676727295	-0.14977657794952393	0.8825259208679199	0.023724079132080078
best250_vs_phase2w	41479	666	regressed	666	502	0.47107627987861633	0.4864388108253479	0.47107627987861633	0.3238565921783447	-0.1472196877002716	0.4056892395019531	0.40681028366088867
best250_vs_phase2w	29603	194	regressed	194	155	0.3089144229888916	0.23396849632263184	0.3089144229888916	0.1617918312549591	-0.1471225917339325	0.6936240196228027	0.18830156326293945
best250_vs_phase2w	7794	422	improved	764	422	0.3383076786994934	0.47506260871887207	0.3329472541809082	0.47506260871887207	0.14211535453796387	0.015971660614013672	0.7965283393859863
best250_vs_phase2w	46112	489	improved	858	489	0.5031276345252991	0.4701216518878937	0.3317241668701172	0.4701216518878937	0.1383974850177765	0.41654014587402344	0.27095985412597656
best250_vs_phase2w	13061	709	regressed	709	529	0.4117281138896942	0.4563588798046112	0.4117281138896942	0.2743363678455353	-0.13739174604415894	0.2723259925842285	0.5089244842529297
best250_vs_phase2w	34944	56	improved	61	56	0.3732277750968933	0.3559706509113312	0.21890860795974731	0.3559706509113312	0.13706204295158386	0.5335345268249512	0.37271547317504883
best250_vs_phase2w	36507	627	improved	468	627	0.2728129029273987	0.36268219351768494	0.22567784786224365	0.36268219351768494	0.13700434565544128	0.18967771530151367	0.6853222846984863
best250_vs_phase2w	5548	834	improved	655	834	0.4371090233325958	0.3406088650226593	0.2077585905790329	0.3406088650226593	0.1328502744436264	0.7438058853149414	0.1311941146850586
best250_vs_phase2w	13888	618	regressed	618	910	0.39272361993789673	0.35839274525642395	0.39272361993789673	0.25999683141708374	-0.132726788520813	0.17903995513916016	0.32096004486083984
best250_vs_phase2w	24181	467	regressed	467	778	0.48723170161247253	0.39188724756240845	0.48723170161247253	0.35473549365997314	-0.1324962079524994	0.46289825439453125	0.09960174560546875
best250_vs_phase2w	4700	246	improved	178	246	0.5677087306976318	0.44888025522232056	0.3165843188762665	0.44888025522232056	0.13229593634605408	0.5840187072753906	0.040981292724609375
best250_vs_phase2w	17939	857	improved	406	857	0.39353615045547485	0.3373488485813141	0.2086140662431717	0.3373488485813141	0.1287347823381424	0.6346869468688965	0.17781305313110352
best250_vs_phase2w	35800	81	improved	132	81	0.4108092486858368	0.40353426337242126	0.2776387929916382	0.40353426337242126	0.12589547038078308	0.39180803298950195	0.29569196701049805
best250_vs_phase2w	17728	489	regressed	489	287	0.3718291223049164	0.3894704580307007	0.3718291223049164	0.2464076429605484	-0.12542147934436798	0.29219913482666016	0.45780086517333984
best250_vs_phase2w	46449	134	regressed	134	136	0.3615131676197052	0.39189305901527405	0.3615131676197052	0.23767465353012085	-0.12383851408958435	0.15616369247436523	0.5000863075256348
best250_vs_phase2w	40519	798	improved	426	798	0.44938090443611145	0.5305593013763428	0.40687599778175354	0.5305593013763428	0.12368330359458923	0.09936237335205078	0.4631376266479492
best250_vs_phase2w	26002	206	regressed	206	197	0.45170342922210693	0.44937166571617126	0.45170342922210693	0.32849013805389404	-0.12321329116821289	0.46790599822998047	0.31334352493286133
best250_vs_phase2w	34099	4	improved	2	4	0.4332887828350067	0.47871673107147217	0.3555610179901123	0.47871673107147217	0.12315571308135986	0.1977076530456543	0.4585433006286621
best250_vs_phase2w	48616	315	improved	312	315	0.3276943862438202	0.3897615075111389	0.267133504152298	0.3897615075111389	0.12262800335884094	0.20433282852172852	0.3894171714782715
best250_vs_phase2w	23820	222	improved	257	222	0.5404854416847229	0.4639214873313904	0.3415681719779968	0.4639214873313904	0.12235331535339355	0.4589204788208008	0.10357952117919922
best250_vs_phase2w	7911	283	improved	285	283	0.4087010622024536	0.32889530062675476	0.20725159347057343	0.32889530062675476	0.12164370715618134	0.6790504455566406	0.10219955444335938
best250_vs_phase2w	26646	814	regressed	814	450	0.4809550344944	0.41848820447921753	0.4809550344944	0.360188364982605	-0.12076666951179504	0.5999784469604492	0.15002155303955078
best250_vs_phase2w	28623	242	improved	243	242	0.43159446120262146	0.530724823474884	0.4103010296821594	0.530724823474884	0.12042379379272461	0.05059528350830078	0.4494047164916992
best250_vs_phase2w	2923	827	improved	588	827	0.3099544644355774	0.30869609117507935	0.18853113055229187	0.30869609117507935	0.12016496062278748	0.4971623420715332	0.0965876579284668
best250_vs_phase2w	9156	639	improved	879	639	0.37639084458351135	0.4170432388782501	0.29708439111709595	0.4170432388782501	0.11995884776115417	0.23661184310913086	0.45088863372802734
best250_vs_phase2w	13729	64	improved	55	64	0.3836735486984253	0.4234386682510376	0.3039546608924866	0.4234386682510376	0.11948400735855103	0.23291349411010742	0.4233360290527344
best250_vs_phase2w	9360	185	improved	193	185	0.4240291714668274	0.3764859437942505	0.25832852721214294	0.3764859437942505	0.11815741658210754	0.49557018280029297	0.16067981719970703
best250_vs_phase2w	10330	609	regressed	609	864	0.3615950047969818	0.3384878635406494	0.3615950047969818	0.2435462921857834	-0.11804871261119843	0.6083188056945801	0.3291811943054199
best250_vs_phase2w	11356	707	improved	886	707	0.34793198108673096	0.4014278054237366	0.2839142382144928	0.4014278054237366	0.11751356720924377	0.20333480834960938	0.5779151916503906
best250_vs_phase2w	31934	499	improved	909	499	0.27990081906318665	0.39092275500297546	0.27383366227149963	0.39092275500297546	0.11708909273147583	0.02191448211669922	0.9572362899780273
best250_vs_phase2w	14725	208	improved	207	208	0.44752514362335205	0.4135684072971344	0.2966715395450592	0.4135684072971344	0.1168968677520752	0.41110706329345703	0.02639293670654297
best250_vs_phase2w	18965	931	regressed	931	930	0.43372583389282227	0.4011228382587433	0.43372583389282227	0.3171176612377167	-0.11660817265510559	0.26500511169433594	0.23499488830566406
best250_vs_phase2w	23713	185	regressed	185	226	0.3639509677886963	0.3898466229438782	0.3639509677886963	0.2478870153427124	-0.11606395244598389	0.35971975326538086	0.45278024673461914
best250_vs_phase2w	18828	817	regressed	817	436	0.3391532599925995	0.23989549279212952	0.3391532599925995	0.22340425848960876	-0.11574900150299072	0.678779125213623	0.07122039794921875
best250_vs_phase2w	25325	822	improved	112	822	0.34916436672210693	0.25165265798568726	0.13643954694271088	0.25165265798568726	0.11521311104297638	0.9396610260009766	0.06033897399902344
best250_vs_phase2w	15128	242	improved	247	242	0.32493409514427185	0.4259730875492096	0.3117689788341522	0.4259730875492096	0.11420410871505737	0.041359901428222656	0.6773900985717773
best250_vs_phase2w	48936	200	improved	204	200	0.5210399627685547	0.43023762106895447	0.31872498989105225	0.43023762106895447	0.11151263117790222	0.4914979934692383	0.07100200653076172
best250_vs_phase2w	10286	755	regressed	755	807	0.47396624088287354	0.551155149936676	0.47396624088287354	0.36259087920188904	-0.1113753616809845	0.08125877380371094	0.41874122619628906
best250_vs_phase2w	34356	17	improved	14	17	0.422343909740448	0.4195314943790436	0.30870211124420166	0.4195314943790436	0.11082938313484192	0.3134431838989258	0.3740568161010742
best250_vs_phase2w	26104	149	regressed	149	6	0.35224637389183044	0.4079517722129822	0.35224637389183044	0.24195007979869843	-0.11029629409313202	0.07133245468139648	0.5224175453186035
best250_vs_phase2w	49402	407	regressed	407	734	0.49940502643585205	0.500777006149292	0.49940502643585205	0.3891688287258148	-0.11023619771003723	0.24785232543945312	0.2521476745605469
best250_vs_phase2w	22586	109	regressed	109	6	0.39836639165878296	0.4262772798538208	0.39836639165878296	0.2882131040096283	-0.11015328764915466	0.2648601531982422	0.3913898468017578
best250_vs_phase2w	5913	129	regressed	129	144	0.395989328622818	0.4604758322238922	0.395989328622818	0.28638941049575806	-0.10959991812705994	0.21259212493896484	0.47490787506103516
best250_vs_phase2w	9507	61	improved	59	61	0.312368243932724	0.4147268533706665	0.30517005920410156	0.4147268533706665	0.10955679416656494	0.023313522338867188	0.5079364776611328
best250_vs_phase2w	21712	856	improved	730	856	0.34107503294944763	0.3860444724559784	0.27683839201927185	0.3860444724559784	0.10920608043670654	0.20866870880126953	0.38508129119873047
best250_vs_phase2w	19779	698	improved	663	698	0.523310661315918	0.4365876019001007	0.32794734835624695	0.4365876019001007	0.10864025354385376	0.46732234954833984	0.09517765045166016
best250_vs_phase2w	2319	796	regressed	796	570	0.3059692680835724	0.26175040006637573	0.3059692680835724	0.19813063740730286	-0.10783863067626953	0.5652852058410645	0.27846479415893555
best250_vs_phase2w	23560	717	regressed	717	864	0.37988805770874023	0.3757461607456207	0.37988805770874023	0.2723890244960785	-0.10749903321266174	0.4283175468444824	0.3216824531555176
best250_vs_phase2w	41767	654	regressed	654	705	0.44955942034721375	0.36839941143989563	0.44955942034721375	0.3422835171222687	-0.10727590322494507	0.5514712333679199	0.07352828979492188
best250_vs_phase2w	19646	30	regressed	30	32	0.3854218125343323	0.3615027666091919	0.3854218125343323	0.27850988507270813	-0.10691192746162415	0.17668390274047852	0.2608160972595215
best250_vs_phase2w	46609	966	improved	907	966	0.23930366337299347	0.3250519633293152	0.21830831468105316	0.3250519633293152	0.10674364864826202	0.0018362998962402344	0.12692499160766602
best250_vs_phase2w	23261	363	regressed	363	103	0.23940739035606384	0.16942821443080902	0.23940739035606384	0.1331108957529068	-0.10629649460315704	0.9462532997131348	0.24124670028686523
best250_vs_phase2w	13018	294	regressed	294	295	0.45238789916038513	0.40456622838974	0.45238789916038513	0.34626469016075134	-0.10612320899963379	0.3131380081176758	0.15561199188232422
best250_vs_phase2w	48067	586	regressed	586	847	0.4857126474380493	0.3893989324569702	0.4857126474380493	0.3804062604904175	-0.10530638694763184	0.5703854560852051	0.023364543914794922
best250_vs_phase2w	45931	749	improved	696	749	0.21313297748565674	0.26897814869880676	0.16419900953769684	0.26897814869880676	0.10477913916110992	0.2608370780944824	0.3954129219055176
best250_vs_phase2w	15124	656	regressed	656	424	0.24574966728687286	0.23979739844799042	0.24574966728687286	0.141591414809227	-0.10415825247764587	0.31690120697021484	0.5268487930297852
best250_vs_phase2w	48106	436	improved	609	436	0.2978658974170685	0.398479163646698	0.29453030228614807	0.398479163646698	0.10394886136054993	0.011261463165283203	0.9574885368347168
best250_vs_phase2w	5228	147	regressed	147	51	0.3729979991912842	0.4292595088481903	0.3729979991912842	0.2690546214580536	-0.10394337773323059	0.1266026496887207	0.4671473503112793
best250_vs_phase2w	22364	772	regressed	772	455	0.46362990140914917	0.39988261461257935	0.46362990140914917	0.3597385883331299	-0.10389131307601929	0.7067065238952637	0.10579347610473633
best250_vs_phase2w	21842	582	regressed	582	737	0.38051432371139526	0.2907828688621521	0.38051432371139526	0.27755284309387207	-0.1029614806175232	0.47081565856933594	0.04656553268432617
best250_vs_phase2w	8356	253	improved	173	253	0.4123556911945343	0.5083861947059631	0.4054539203643799	0.5083861947059631	0.10293227434158325	0.01687908172607422	0.3893709182739258
best250_vs_phase2w	33491	57	regressed	57	54	0.20960892736911774	0.2903214991092682	0.20960892736911774	0.10681045055389404	-0.1027984768152237	0.21881675720214844	0.7777671813964844
best250_vs_phase2w	6581	264	regressed	264	263	0.40672120451927185	0.4790443480014801	0.40672120451927185	0.3044654428958893	-0.10225576162338257	0.046764373779296875	0.4532356262207031
best250_vs_phase2w	17292	787	improved	461	787	0.31662970781326294	0.3673666715621948	0.2660844624042511	0.3673666715621948	0.10128220915794373	0.1739192008972168	0.3260807991027832
best250_vs_phase2w	18354	844	regressed	844	778	0.2470138818025589	0.3437928259372711	0.2470138818025589	0.14616894721984863	-0.10084493458271027	0.08222389221191406	0.8552761077880859
best250_vs_phase2w	37470	501	regressed	501	452	0.4888274073600769	0.5303705334663391	0.4888274073600769	0.38887131214141846	-0.09995609521865845	0.12717247009277344	0.31032752990722656
best250_vs_phase2w	49922	794	improved	578	794	0.19336099922657013	0.2403271645307541	0.14087443053722382	0.2403271645307541	0.09945273399353027	0.31668996810913086	0.30831003189086914
best250_vs_phase2w	40319	507	improved	827	507	0.3795773386955261	0.31031376123428345	0.21089458465576172	0.31031376123428345	0.09941917657852173	0.5876998901367188	0.16230010986328125
best250_vs_phase2w	6129	851	improved	651	851	0.3481888771057129	0.4430195987224579	0.34422457218170166	0.4430195987224579	0.09879502654075623	0.011450767517089844	0.48854923248291016
best250_vs_phase2w	7669	659	improved	522	659	0.29862460494041443	0.2918064296245575	0.19312334060668945	0.2918064296245575	0.09868308901786804	0.43585824966430664	0.28289175033569336
best250_vs_phase2w	31619	737	regressed	737	898	0.39654916524887085	0.3321400582790375	0.39654916524887085	0.29825207591056824	-0.09829708933830261	0.3298821449279785	0.10761785507202148
best250_vs_phase2w	6888	630	regressed	630	502	0.5252396464347839	0.4469369649887085	0.5252396464347839	0.4269939959049225	-0.09824565052986145	0.45435237884521484	0.045647621154785156
best250_vs_phase2w	7943	843	regressed	843	489	0.33109283447265625	0.3155975043773651	0.33109283447265625	0.23323678970336914	-0.09785604476928711	0.2913365364074707	0.3024134635925293
best250_vs_phase2w	32764	917	regressed	917	599	0.39509373903274536	0.4400550425052643	0.39509373903274536	0.2973729074001312	-0.09772083163261414	0.13933658599853516	0.39191293716430664
best250_vs_phase2w	48233	632	regressed	632	550	0.24851123988628387	0.23283249139785767	0.24851123988628387	0.1511056125164032	-0.09740562736988068	0.09890985488891602	0.432340145111084
best250_vs_phase2w	22430	759	improved	745	759	0.39718836545944214	0.4709930717945099	0.37379923462867737	0.4709930717945099	0.09719383716583252	0.06069183349609375	0.5643081665039062
best250_vs_phase2w	17797	586	regressed	586	864	0.14159293472766876	0.10804514586925507	0.14159293472766876	0.04513290151953697	-0.09646002948284149	0.133392333984375	0.0031371116638183594
best250_vs_phase2w	12362	492	improved	868	492	0.20610295236110687	0.29587578773498535	0.19972087442874908	0.29587578773498535	0.09615491330623627	0.031455039978027344	0.5056586265563965
best250_vs_phase2w	43401	860	improved	424	860	0.36308321356773376	0.36378735303878784	0.26796039938926697	0.36378735303878784	0.09582695364952087	0.30379295349121094	0.32120704650878906
best250_vs_phase2w	2040	381	improved	369	381	0.507453203201294	0.45424243807792664	0.35874104499816895	0.45424243807792664	0.09550139307975769	0.3468036651611328	0.09069633483886719
best250_vs_phase2w	6855	204	regressed	204	155	0.4894915223121643	0.43327152729034424	0.4894915223121643	0.39418232440948486	-0.09530919790267944	0.31169843673706055	0.09455108642578125
best250_vs_phase2w	3935	641	improved	618	641	0.3747960925102234	0.46146315336227417	0.3665931224822998	0.46146315336227417	0.09487003087997437	0.022129535675048828	0.35287046432495117
best250_vs_phase2w	21203	506	regressed	506	879	0.41691282391548157	0.3474428951740265	0.41691282391548157	0.3221150040626526	-0.09479781985282898	0.26805830001831055	0.07569169998168945
best250_vs_phase2w	9948	366	regressed	366	367	0.3164568245410919	0.40119001269340515	0.3164568245410919	0.22192040085792542	-0.0945364236831665	0.0641336441040039	0.5921163558959961
best250_vs_phase2w	46109	412	improved	362	412	0.48741403222084045	0.4238772392272949	0.3299952447414398	0.4238772392272949	0.0938819944858551	0.39003562927246094	0.10996437072753906
best250_vs_phase2w	31435	636	regressed	636	885	0.27797016501426697	0.34717240929603577	0.27797016501426697	0.1845657229423523	-0.09340444207191467	0.02443408966064453	0.6318159103393555
best250_vs_phase2w	6016	799	regressed	799	789	0.4440179765224457	0.3676722049713135	0.4440179765224457	0.351068377494812	-0.09294959902763367	0.42253923416137695	0.04621076583862305
best250_vs_phase2w	15747	864	improved	468	864	0.4260101616382599	0.4443250298500061	0.351378470659256	0.4443250298500061	0.09294655919075012	0.19259929656982422	0.24490070343017578
best250_vs_phase2w	4198	413	regressed	413	465	0.3357800543308258	0.37432873249053955	0.3357800543308258	0.24306440353393555	-0.09271565079689026	0.1306920051574707	0.4318079948425293
best250_vs_phase2w	9058	12	improved	10	12	0.4337494373321533	0.32585930824279785	0.23328526318073273	0.32585930824279785	0.09257404506206512	0.6202049255371094	0.004795074462890625
best250_vs_phase2w	21657	227	improved	179	227	0.2967411279678345	0.3571750223636627	0.264646977186203	0.3571750223636627	0.09252804517745972	0.11446332931518555	0.7805752754211426
best250_vs_phase2w	37880	859	regressed	859	742	0.43297258019447327	0.39641883969306946	0.43297258019447327	0.3406994342803955	-0.09227314591407776	0.3172798156738281	0.15147066116333008
best250_vs_phase2w	20157	347	regressed	347	346	0.38477402925491333	0.3922961354255676	0.38477402925491333	0.2931652069091797	-0.09160882234573364	0.17746925354003906	0.29128074645996094
best250_vs_phase2w	37526	124	improved	118	124	0.33811846375465393	0.3661484122276306	0.2745993435382843	0.3661484122276306	0.09154906868934631	0.2080831527709961	0.1981668472290039
best250_vs_phase2w	13526	537	improved	248	537	0.33906978368759155	0.40820837020874023	0.31693774461746216	0.40820837020874023	0.09127062559127808	0.06750059127807617	0.3387484550476074
best250_vs_phase2w	18083	194	improved	200	194	0.43653151392936707	0.4002446234226227	0.30905961990356445	0.4002446234226227	0.09118500351905823	0.34532642364501953	0.15467357635498047
best250_vs_phase2w	25492	108	regressed	108	329	0.3930160403251648	0.43382778763771057	0.3930160403251648	0.3019072413444519	-0.09110879898071289	0.19997215270996094	0.36252784729003906
best250_vs_phase2w	25057	593	regressed	593	819	0.37986794114112854	0.2918750047683716	0.37986794114112854	0.2889966368675232	-0.09087130427360535	0.39633941650390625	0.00991058349609375
best250_vs_phase2w	7653	290	improved	38	290	0.23572544753551483	0.29171738028526306	0.2009499967098236	0.29171738028526306	0.09076738357543945	0.15961170196533203	0.5852260589599609
best250_vs_phase2w	16979	175	regressed	175	194	0.40416407585144043	0.33369797468185425	0.40416407585144043	0.3137868344783783	-0.09037724137306213	0.4072275161743164	0.061522483825683594
best250_vs_phase2w	44120	729	regressed	729	455	0.25178393721580505	0.3375111520290375	0.25178393721580505	0.16167189180850983	-0.09011204540729523	0.17022037506103516	0.5406842231750488
best250_vs_phase2w	9263	211	regressed	211	208	0.3219261169433594	0.3087828755378723	0.3219261169433594	0.2328081727027893	-0.08911794424057007	0.6238265037536621	0.2824234962463379
best250_vs_phase2w	2255	831	improved	598	831	0.2847272753715515	0.24335049092769623	0.15429872274398804	0.24335049092769623	0.08905176818370819	0.6126413345336914	0.043608665466308594
best250_vs_phase2w	19211	653	regressed	653	756	0.43049895763397217	0.4490295350551605	0.43049895763397217	0.3419710099697113	-0.08852794766426086	0.07138729095458984	0.27236270904541016
best250_vs_phase2w	40805	151	improved	230	151	0.2238548994064331	0.2525191903114319	0.16418980062007904	0.2525191903114319	0.08832938969135284	0.30997514724731445	0.47127485275268555
best250_vs_phase2w	34105	52	regressed	52	44	0.3072146475315094	0.4575720429420471	0.3072146475315094	0.21916621923446655	-0.08804842829704285	0.013895988464355469	0.7361040115356445
best250_vs_phase2w	35502	758	improved	391	758	0.1781013309955597	0.19715356826782227	0.10917267948389053	0.19715356826782227	0.08798088878393173	0.4894218444824219	0.3855781555175781
best250_vs_phase2w	48873	962	regressed	962	923	0.349747896194458	0.3140047490596771	0.349747896194458	0.2623794376850128	-0.08736845850944519	0.28913354873657227	0.17961645126342773
best250_vs_phase2w	33402	199	improved	219	199	0.3268437683582306	0.40917375683784485	0.32188349962234497	0.40917375683784485	0.08729025721549988	0.015292644500732422	0.5472068786621094
best250_vs_phase2w	37351	757	regressed	757	812	0.2307538092136383	0.23999004065990448	0.2307538092136383	0.14388900995254517	-0.08686479926109314	0.48844480514526367	0.5115551948547363
best250_vs_phase2w	40044	32	improved	995	32	0.25268396735191345	0.20892967283725739	0.12210419028997421	0.20892967283725739	0.08682548254728317	0.7272648811340332	0.1789851188659668
best250_vs_phase2w	34591	732	regressed	732	759	0.23780986666679382	0.19436612725257874	0.23780986666679382	0.1510903239250183	-0.08671954274177551	0.34188413619995117	0.25186586380004883
best250_vs_phase2w	9277	759	regressed	759	447	0.33735331892967224	0.39629852771759033	0.33735331892967224	0.2507307827472687	-0.08662253618240356	0.07346200942993164	0.45778799057006836
best250_vs_phase2w	8956	824	regressed	824	452	0.36877235770225525	0.3032662272453308	0.36877235770225525	0.28222915530204773	-0.08654320240020752	0.42810821533203125	0.07189178466796875
best250_vs_phase2w	47561	768	improved	752	768	0.18692374229431152	0.24084703624248505	0.15438184142112732	0.24084703624248505	0.08646519482135773	0.19127178192138672	0.8399782180786133
best250_vs_phase2w	6525	909	regressed	909	582	0.33855265378952026	0.40532055497169495	0.33855265378952026	0.2531045079231262	-0.08544814586639404	0.09162425994873047	0.47087574005126953
best250_vs_phase2w	8022	689	regressed	689	731	0.17636190354824066	0.14270995557308197	0.17636190354824066	0.09103851765394211	-0.08532338589429855	0.5504684448242188	0.44953155517578125
best250_vs_phase2w	40245	164	improved	166	164	0.3131601810455322	0.2887803316116333	0.2042209804058075	0.2887803316116333	0.0845593512058258	0.42751216888427734	0.19748783111572266
best250_vs_phase2w	41443	697	regressed	697	775	0.31633496284484863	0.2897516191005707	0.31633496284484863	0.23219743371009827	-0.08413752913475037	0.2785639762878418	0.2214360237121582
best250_vs_phase2w	26047	865	regressed	865	454	0.2781608998775482	0.27790945768356323	0.2781608998775482	0.19425068795681	-0.08391021192073822	0.3311772346496582	0.28307294845581055
best250_vs_phase2w	5113	202	improved	200	202	0.2229609489440918	0.25550946593284607	0.17171159386634827	0.25550946593284607	0.0837978720664978	0.26118040084838867	0.11381959915161133
best250_vs_phase2w	15722	883	improved	504	883	0.27725479006767273	0.277603417634964	0.1941254436969757	0.277603417634964	0.08347797393798828	0.3564324378967285	0.3310675621032715
best250_vs_phase2w	6273	173	improved	852	173	0.3288061022758484	0.3574322760105133	0.2739833891391754	0.3574322760105133	0.08344888687133789	0.18240070343017578	0.3488492965698242
best250_vs_phase2w	6303	877	regressed	877	905	0.40635401010513306	0.41237273812294006	0.40635401010513306	0.3230102062225342	-0.08334380388259888	0.3495063781738281	0.24424362182617188
best250_vs_phase2w	29750	170	improved	876	170	0.35889101028442383	0.29708313941955566	0.2141539454460144	0.29708313941955566	0.08292919397354126	0.5163235664367676	0.13992643356323242
best250_vs_phase2w	1461	436	regressed	436	627	0.33429187536239624	0.4284195005893707	0.33429187536239624	0.2519521117210388	-0.08233976364135742	0.03163623809814453	0.5308637619018555
best250_vs_phase2w	17325	303	regressed	303	304	0.4029173254966736	0.4859013557434082	0.4029173254966736	0.32068467140197754	-0.08223265409469604	0.02195262908935547	0.41554737091064453
best250_vs_phase2w	15442	818	improved	619	818	0.5167561769485474	0.5023099780082703	0.4203369915485382	0.5023099780082703	0.08197298645973206	0.2065143585205078	0.10598564147949219
best250_vs_phase2w	21086	877	improved	421	877	0.33455419540405273	0.3270653486251831	0.24544191360473633	0.3270653486251831	0.08162343502044678	0.3097386360168457	0.0652613639831543
best250_vs_phase2w	30664	953	regressed	953	706	0.2203252762556076	0.2853051722049713	0.2203252762556076	0.13886290788650513	-0.08146236836910248	0.09242773056030273	0.7200722694396973
best250_vs_phase2w	46419	922	regressed	922	458	0.4621366262435913	0.4280337393283844	0.4621366262435913	0.38116103410720825	-0.08097559213638306	0.2590198516845703	0.11598014831542969
best250_vs_phase2w	36598	784	regressed	784	731	0.37435245513916016	0.3114210069179535	0.37435245513916016	0.29385584592819214	-0.08049660921096802	0.16069412231445312	0.05805635452270508
best250_vs_phase2w	25630	759	regressed	759	732	0.24780765175819397	0.29359784722328186	0.24780765175819397	0.16759942471981049	-0.08020822703838348	0.06436586380004883	0.5606341361999512
best250_vs_phase2w	26899	691	improved	570	691	0.4910234212875366	0.5481706857681274	0.46834129095077515	0.5481706857681274	0.0798293948173523	0.04729461669921875	0.26520538330078125
best250_vs_phase2w	12571	24	improved	135	24	0.3563026487827301	0.3239678740501404	0.24465294182300568	0.3239678740501404	0.0793149322271347	0.37593984603881836	0.12406015396118164
best250_vs_phase2w	8075	516	regressed	516	850	0.3920508325099945	0.46962594985961914	0.3920508325099945	0.3127920925617218	-0.0792587399482727	0.03110218048095703	0.40639781951904297
best250_vs_phase2w	40104	252	regressed	252	208	0.2603760063648224	0.2762323021888733	0.2603760063648224	0.18120655417442322	-0.07916945219039917	0.10964536666870117	0.24749755859375
best250_vs_phase2w	14252	361	improved	358	361	0.39170193672180176	0.3707452118396759	0.2918940484523773	0.3707452118396759	0.07885116338729858	0.2941102981567383	0.08088970184326172
best250_vs_phase2w	198	862	regressed	862	470	0.2606847882270813	0.31822025775909424	0.2606847882270813	0.18195630609989166	-0.07872848212718964	0.06602287292480469	0.5589771270751953
best250_vs_phase2w	26141	792	improved	887	792	0.10292857140302658	0.1636534333229065	0.08506541699171066	0.1636534333229065	0.07858801633119583	0.1906147003173828	0.9656352996826172
best250_vs_phase2w	11472	718	improved	821	718	0.27414053678512573	0.34408247470855713	0.2658160924911499	0.34408247470855713	0.07826638221740723	0.030836105346679688	0.2504148483276367
best250_vs_phase2w	10988	124	improved	125	124	0.3092096745967865	0.2978396713733673	0.21990172564983368	0.2978396713733673	0.07793794572353363	0.3408389091491699	0.4404110908508301
best250_vs_phase2w	16486	49	regressed	49	50	0.4195845425128937	0.4371664226055145	0.4195845425128937	0.3421742618083954	-0.07741028070449829	0.03625631332397461	0.2449936866760254
best250_vs_phase2w	19705	33	regressed	33	5	0.30560508370399475	0.26195982098579407	0.30560508370399475	0.2282179892063141	-0.07738709449768066	0.2996101379394531	0.01824951171875
best250_vs_phase2w	31995	229	improved	232	229	0.39983221888542175	0.44877710938453674	0.37146469950675964	0.44877710938453674	0.0773124098777771	0.07359123229980469	0.3326587677001953
best250_vs_phase2w	30661	239	regressed	239	240	0.3585651218891144	0.3784998655319214	0.3585651218891144	0.2814154028892517	-0.07714971899986267	0.07861614227294922	0.2963838577270508
best250_vs_phase2w	47461	930	improved	941	930	0.23189078271389008	0.22321376204490662	0.14665791392326355	0.22321376204490662	0.07655584812164307	0.4581637382507324	0.10433626174926758
best250_vs_phase2w	45072	243	improved	254	243	0.48075827956199646	0.4180401563644409	0.3418079912662506	0.4180401563644409	0.07623216509819031	0.34111547470092773	0.0026345252990722656
best250_vs_phase2w	25994	158	improved	240	158	0.2919572591781616	0.30324867367744446	0.2270381897687912	0.30324867367744446	0.07621048390865326	0.25148916244506836	0.40476083755493164
best250_vs_phase2w	14098	200	improved	226	200	0.4132736921310425	0.3532145917415619	0.27800261974334717	0.3532145917415619	0.07521197199821472	0.39647960662841797	0.07227039337158203
best250_vs_phase2w	42484	789	regressed	789	583	0.33712559938430786	0.3240616023540497	0.33712559938430786	0.26193639636039734	-0.07518920302391052	0.22466754913330078	0.21283197402954102
best250_vs_phase2w	40808	747	regressed	747	417	0.3509475886821747	0.32886791229248047	0.3509475886821747	0.27610543370246887	-0.07484215497970581	0.13762664794921875	0.17487335205078125
best250_vs_phase2w	37998	199	improved	224	199	0.18658225238323212	0.14115184545516968	0.06657882034778595	0.14115184545516968	0.07457302510738373	1.0304856300354004	0.09451436996459961
best250_vs_phase2w	699	494	regressed	494	442	0.46822088956832886	0.40719175338745117	0.46822088956832886	0.393831729888916	-0.07438915967941284	0.34163999557495117	0.03336048126220703
best250_vs_phase2w	6970	500	improved	972	500	0.44503599405288696	0.5076732635498047	0.4335877299308777	0.5076732635498047	0.074085533618927	0.026061058044433594	0.3489389419555664
best250_vs_phase2w	3183	887	improved	406	887	0.4558584988117218	0.4975786507129669	0.42371755838394165	0.4975786507129669	0.07386109232902527	0.07311534881591797	0.23938465118408203
best250_vs_phase2w	33579	787	improved	643	787	0.18559043109416962	0.2047782838344574	0.13114896416664124	0.2047782838344574	0.07362931966781616	0.34720849990844727	0.34029150009155273
best250_vs_phase2w	2546	967	improved	969	967	0.36922046542167664	0.4245380163192749	0.35100436210632324	0.4245380163192749	0.07353365421295166	0.05059528350830078	0.2619047164916992
best250_vs_phase2w	31983	718	improved	562	718	0.17919082939624786	0.2088010311126709	0.13549336791038513	0.2088010311126709	0.07330766320228577	0.2795286178588867	0.22047138214111328
best250_vs_phase2w	3919	501	improved	601	501	0.27923059463500977	0.2651979327201843	0.1922416388988495	0.2651979327201843	0.07295629382133484	0.017268657684326172	0.11273384094238281
best250_vs_phase2w	48497	233	regressed	233	197	0.27663636207580566	0.33173125982284546	0.27663636207580566	0.20384542644023895	-0.07279093563556671	0.013036727905273438	0.48696327209472656
best250_vs_phase2w	8804	964	improved	809	964	0.15732355415821075	0.16199573874473572	0.08922817558050156	0.16199573874473572	0.07276756316423416	0.22528934478759766	0.026642322540283203
best250_vs_phase2w	29657	515	regressed	515	652	0.3678706884384155	0.2997143268585205	0.3678706884384155	0.2952020764350891	-0.07266861200332642	0.547330379486084	0.015169620513916016
best250_vs_phase2w	36251	889	improved	486	889	0.2803051173686981	0.318560391664505	0.2459680140018463	0.318560391664505	0.07259237766265869	0.1306772232055664	0.38388681411743164
best250_vs_phase2w	8487	969	improved	784	969	0.10227447748184204	0.16279076039791107	0.09033302962779999	0.16279076039791107	0.07245773077011108	0.12415695190429688	0.9322972297668457
best250_vs_phase2w	43937	652	improved	715	652	0.41210049390792847	0.461885929107666	0.38947057723999023	0.461885929107666	0.07241535186767578	0.05647897720336914	0.25602102279663086
best250_vs_phase2w	49974	405	improved	146	405	0.2754519581794739	0.3223556876182556	0.2500757873058319	0.3223556876182556	0.0722799003124237	0.096649169921875	0.372100830078125
best250_vs_phase2w	31718	200	improved	155	200	0.31854745745658875	0.37375402450561523	0.30156099796295166	0.37375402450561523	0.07219302654266357	0.05479907989501953	0.35145044326782227
best250_vs_phase2w	47952	382	improved	278	382	0.13024549186229706	0.19686831533908844	0.12479985505342484	0.19686831533908844	0.0720684602856636	0.0427098274230957	0.8947901725769043
best250_vs_phase2w	7347	167	regressed	167	166	0.4815254211425781	0.554345965385437	0.4815254211425781	0.4095134437084198	-0.07201197743415833	0.009680747985839844	0.30281925201416016
best250_vs_phase2w	9162	367	improved	366	367	0.4691721200942993	0.43680518865585327	0.36479517817497253	0.43680518865585327	0.07201001048088074	0.2516336441040039	0.0921163558959961
best250_vs_phase2w	42302	813	improved	567	813	0.42443135380744934	0.43859535455703735	0.3666245639324188	0.43859535455703735	0.07197079062461853	0.14641189575195312	0.13483810424804688
best250_vs_phase2w	44021	125	regressed	125	112	0.46753180027008057	0.40487295389175415	0.46753180027008057	0.3957068622112274	-0.07182493805885315	0.3520998954772949	0.022899627685546875
best250_vs_phase2w	42633	730	improved	866	730	0.3985265791416168	0.45708730816841125	0.3852795958518982	0.45708730816841125	0.07180771231651306	0.033804893493652344	0.24744510650634766
best250_vs_phase2w	16752	765	regressed	765	423	0.40200018882751465	0.41170990467071533	0.40200018882751465	0.33031851053237915	-0.0716816782951355	0.0922384262084961	0.2202615737915039
best250_vs_phase2w	14781	573	regressed	573	621	0.4314992129802704	0.4607086479663849	0.4314992129802704	0.3600063920021057	-0.07149282097816467	0.2221064567565918	0.2466440200805664
best250_vs_phase2w	19841	153	regressed	153	805	0.17111912369728088	0.24234342575073242	0.17111912369728088	0.09973736107349396	-0.07138176262378693	0.11218452453613281	0.6401939392089844
best250_vs_phase2w	45632	160	regressed	160	226	0.2807917594909668	0.3087865114212036	0.2807917594909668	0.20960848033428192	-0.07118327915668488	0.11259126663208008	0.3874087333679199
best250_vs_phase2w	2843	517	regressed	517	536	0.34453168511390686	0.3609313666820526	0.34453168511390686	0.2735629975795746	-0.07096868753433228	0.09784412384033203	0.27715587615966797
best250_vs_phase2w	49791	592	improved	771	592	0.19996634125709534	0.19772231578826904	0.1268599033355713	0.19772231578826904	0.07086241245269775	0.21242094039916992	0.4383230209350586
best250_vs_phase2w	4014	864	regressed	864	779	0.3356023132801056	0.32201865315437317	0.3356023132801056	0.2650497257709503	-0.07055258750915527	0.18030786514282227	0.19469213485717773
best250_vs_phase2w	46797	540	improved	536	540	0.22138553857803345	0.2525343894958496	0.18229904770851135	0.2525343894958496	0.07023534178733826	0.19425725936889648	0.18074274063110352
best250_vs_phase2w	3182	370	regressed	370	372	0.4483778476715088	0.3804642856121063	0.4483778476715088	0.3782687485218048	-0.07010909914970398	0.43171262741088867	0.005787372589111328
best250_vs_phase2w	37705	43	improved	42	43	0.35997459292411804	0.3273894786834717	0.25731387734413147	0.3273894786834717	0.07007560133934021	0.3357367515563965	0.07051324844360352
best250_vs_phase2w	11158	184	improved	192	184	0.22315184772014618	0.24792508780956268	0.17786245048046112	0.24792508780956268	0.07006263732910156	0.22684192657470703	0.33565807342529297
best250_vs_phase2w	23474	47	regressed	47	42	0.35707083344459534	0.32145705819129944	0.35707083344459534	0.2870805859565735	-0.06999024748802185	0.07439899444580078	0.11310100555419922
best250_vs_phase2w	42163	33	improved	34	33	0.4151304066181183	0.475104957818985	0.4051520824432373	0.475104957818985	0.06995287537574768	0.02433013916015625	0.22566986083984375
best250_vs_phase2w	11124	452	regressed	452	463	0.369966983795166	0.36852118372917175	0.369966983795166	0.30033639073371887	-0.06963059306144714	0.10790491104125977	0.20459508895874023
best250_vs_phase2w	41775	945	regressed	945	943	0.32848623394966125	0.3039368689060211	0.32848623394966125	0.25886622071266174	-0.06962001323699951	0.2457413673400879	0.1605086326599121
best250_vs_phase2w	28049	1	improved	393	1	0.32540860772132874	0.25069719552993774	0.18108238279819489	0.25069719552993774	0.06961481273174286	0.5861296653747559	0.07012033462524414
best250_vs_phase2w	10724	240	improved	241	240	0.37926214933395386	0.3921377658843994	0.3230714499950409	0.3921377658843994	0.06906631588935852	0.1603541374206543	0.027146339416503906
best250_vs_phase2w	27614	243	regressed	243	242	0.4470537602901459	0.3827308714389801	0.4470537602901459	0.3782012164592743	-0.06885254383087158	0.3630943298339844	0.011905670166015625
best250_vs_phase2w	6584	433	improved	842	433	0.32302093505859375	0.3273879289627075	0.25856146216392517	0.3273879289627075	0.06882646679878235	0.22258377075195312	0.15241622924804688
best250_vs_phase2w	8863	633	improved	513	633	0.34527990221977234	0.361400306224823	0.29276275634765625	0.361400306224823	0.06863754987716675	0.1649928092956543	0.1475071907043457
best250_vs_phase2w	18612	472	regressed	472	977	0.32497331500053406	0.2854386866092682	0.32497331500053406	0.25637754797935486	-0.0685957670211792	0.0801239013671875	0.1073760986328125
best250_vs_phase2w	46873	469	regressed	469	634	0.3234374225139618	0.4120759069919586	0.3234374225139618	0.25512391328811646	-0.06831350922584534	0.08304166793823242	0.4794583320617676
best250_vs_phase2w	39477	796	regressed	796	658	0.32227176427841187	0.261807918548584	0.32227176427841187	0.25396937131881714	-0.06830239295959473	0.3133525848388672	0.030397415161132812
best250_vs_phase2w	4324	848	improved	481	848	0.37885305285453796	0.30979621410369873	0.2415049970149994	0.30979621410369873	0.06829121708869934	0.4072866439819336	0.01952838897705078
best250_vs_phase2w	37619	421	improved	453	421	0.2905801236629486	0.2930699586868286	0.2248431295156479	0.2930699586868286	0.06822682917118073	0.25647640228271484	0.024773597717285156
best250_vs_phase2w	1661	689	improved	578	689	0.465990275144577	0.5051050186157227	0.43695947527885437	0.5051050186157227	0.06814554333686829	0.06432437896728516	0.31067562103271484
best250_vs_phase2w	36531	839	regressed	839	718	0.503555417060852	0.500981330871582	0.503555417060852	0.43548139929771423	-0.06807401776313782	0.17238330841064453	0.14011669158935547
best250_vs_phase2w	6075	851	improved	548	851	0.252754271030426	0.27447518706321716	0.20662446320056915	0.27447518706321716	0.06785072386264801	0.20151472091674805	0.14223527908325195
best250_vs_phase2w	47545	619	improved	818	619	0.12506012618541718	0.1610843688249588	0.09325236827135086	0.1610843688249588	0.06783200055360794	0.293485164642334	0.300264835357666
best250_vs_phase2w	37451	584	regressed	584	641	0.1350824385881424	0.2401609867811203	0.1350824385881424	0.06747671216726303	-0.06760572642087936	0.13672304153442383	1.161808967590332
best250_vs_phase2w	1974	515	regressed	515	808	0.5146079063415527	0.4812481701374054	0.5146079063415527	0.44721344113349915	-0.06739446520805359	0.2391529083251953	0.07334709167480469
best250_vs_phase2w	49983	441	regressed	441	903	0.22425082325935364	0.26484066247940063	0.22425082325935364	0.1568591147661209	-0.06739170849323273	0.16371965408325195	0.523780345916748
best250_vs_phase2w	5355	895	improved	908	895	0.2831580340862274	0.3104373514652252	0.2432016134262085	0.3104373514652252	0.06723573803901672	0.1521143913269043	0.1291356086730957
best250_vs_phase2w	10603	245	regressed	245	189	0.356350302696228	0.3072893023490906	0.356350302696228	0.28922906517982483	-0.0671212375164032	0.15817928314208984	0.060570716857910156
best250_vs_phase2w	44125	155	improved	204	155	0.42738863825798035	0.4687781035900116	0.4018162488937378	0.4687781035900116	0.0669618546962738	0.06169891357421875	0.25080108642578125
best250_vs_phase2w	20330	270	regressed	270	269	0.44328030943870544	0.4601559042930603	0.44328030943870544	0.3764597475528717	-0.06682056188583374	0.11174583435058594	0.20075416564941406
best250_vs_phase2w	22642	516	improved	431	516	0.322245717048645	0.3197764754295349	0.25305116176605225	0.3197764754295349	0.06672531366348267	0.24172258377075195	0.10202741622924805
best250_vs_phase2w	40077	77	improved	73	77	0.3897905945777893	0.4517749547958374	0.3851175606250763	0.4517749547958374	0.06665739417076111	0.012061119079589844	0.23793840408325195
best250_vs_phase2w	12937	809	improved	868	809	0.24338288605213165	0.26268136501312256	0.19605953991413116	0.26268136501312256	0.0666218250989914	0.07457494735717773	0.04585742950439453
best250_vs_phase2w	44361	214	regressed	214	212	0.30694514513015747	0.24407528340816498	0.30694514513015747	0.24051044881343842	-0.06643469631671906	0.07903671264648438	0.014713287353515625
best250_vs_phase2w	34945	178	regressed	178	209	0.46541762351989746	0.45594117045402527	0.46541762351989746	0.39965370297431946	-0.065763920545578	0.18073463439941406	0.13176536560058594
best250_vs_phase2w	29077	595	regressed	595	856	0.45227015018463135	0.42943352460861206	0.45227015018463135	0.3866879940032959	-0.06558215618133545	0.27015113830566406	0.10484886169433594
best250_vs_phase2w	42318	182	regressed	182	193	0.2596604824066162	0.2528676390647888	0.2596604824066162	0.19410744309425354	-0.06555303931236267	0.29804563522338867	0.26445436477661133
best250_vs_phase2w	31347	882	improved	559	882	0.16605553030967712	0.1673525869846344	0.10192201286554337	0.1673525869846344	0.06543057411909103	0.4722294807434082	0.5118856430053711
best250_vs_phase2w	26512	928	regressed	928	960	0.505212128162384	0.44318538904190063	0.505212128162384	0.43988037109375	-0.06533175706863403	0.24251461029052734	0.007485389709472656
best250_vs_phase2w	14156	319	regressed	319	320	0.46998703479766846	0.40807482600212097	0.46998703479766846	0.40471982955932617	-0.06526720523834229	0.2417440414428711	0.008255481719970703
best250_vs_phase2w	12385	395	regressed	395	389	0.4056669771671295	0.42377883195877075	0.4056669771671295	0.3405384421348572	-0.06512853503227234	0.03131580352783203	0.21868371963500977
best250_vs_phase2w	28615	478	regressed	478	709	0.25887560844421387	0.26833271980285645	0.25887560844421387	0.19378072023391724	-0.06509488821029663	0.36199951171875	0.32550048828125
best250_vs_phase2w	6594	269	improved	272	269	0.3510180115699768	0.3798646330833435	0.3147750794887543	0.3798646330833435	0.06508955359458923	0.1089792251586914	0.2660207748413086
best250_vs_phase2w	1644	331	improved	330	331	0.3623301684856415	0.3766044080257416	0.31215205788612366	0.3766044080257416	0.06445235013961792	0.14906549453735352	0.2571845054626465
best250_vs_phase2w	31431	831	improved	721	831	0.392762154340744	0.3534200191497803	0.28906795382499695	0.3534200191497803	0.06435206532478333	0.30654239654541016	0.037207603454589844
best250_vs_phase2w	48157	489	regressed	489	310	0.2837277352809906	0.33365753293037415	0.2837277352809906	0.21943150460720062	-0.06429623067378998	0.11217498779296875	0.41907501220703125
best250_vs_phase2w	19063	121	regressed	121	119	0.4053558111190796	0.4526461064815521	0.4053558111190796	0.3410778045654297	-0.0642780065536499	0.09200000762939453	0.28299999237060547
best250_vs_phase2w	32391	802	improved	803	802	0.3605382740497589	0.40241187810897827	0.338174432516098	0.40241187810897827	0.06423744559288025	0.06403636932373047	0.27971363067626953
best250_vs_phase2w	17545	870	improved	612	870	0.4282875955104828	0.4010360836982727	0.33691656589508057	0.4010360836982727	0.06411951780319214	0.239959716796875	0.135040283203125
best250_vs_phase2w	569	417	regressed	417	607	0.44788703322410583	0.4166208803653717	0.44788703322410583	0.38415995240211487	-0.06372708082199097	0.2938823699951172	0.08111763000488281
best250_vs_phase2w	32744	674	improved	840	674	0.09310522675514221	0.11822732537984848	0.05450407415628433	0.11822732537984848	0.06372325122356415	0.14390897750854492	0.30829524993896484
best250_vs_phase2w	36652	632	regressed	632	848	0.343171089887619	0.29842302203178406	0.343171089887619	0.2796196937561035	-0.0635513961315155	0.24741840362548828	0.06508159637451172
best250_vs_phase2w	14607	377	improved	380	377	0.2963787913322449	0.3139346241950989	0.2504318952560425	0.3139346241950989	0.0635027289390564	0.16845130920410156	0.08154869079589844
best250_vs_phase2w	26597	623	regressed	623	777	0.30715498328208923	0.38825565576553345	0.30715498328208923	0.24388685822486877	-0.06326812505722046	0.0037903785705566406	0.46495962142944336
best250_vs_phase2w	10764	925	regressed	925	910	0.16159892082214355	0.18714521825313568	0.16159892082214355	0.09850679337978363	-0.06309212744235992	0.014490604400634766	0.38346004486083984
best250_vs_phase2w	23108	914	regressed	914	780	0.4459814131259918	0.4953617751598358	0.4459814131259918	0.38302692770957947	-0.06295448541641235	0.055316925048828125	0.2571830749511719
best250_vs_phase2w	44641	884	regressed	884	818	0.21944978833198547	0.22278667986392975	0.21944978833198547	0.1565174162387848	-0.06293237209320068	0.31403112411499023	0.35304737091064453
best250_vs_phase2w	23928	623	improved	813	623	0.35717183351516724	0.3385070562362671	0.2756456434726715	0.3385070562362671	0.06286141276359558	0.25910091400146484	0.11589908599853516
best250_vs_phase2w	13789	166	improved	164	166	0.31247636675834656	0.3722224235534668	0.3093709349632263	0.3722224235534668	0.06285148859024048	0.009987831115722656	0.5525121688842773
best250_vs_phase2w	8380	103	improved	58	103	0.3620039224624634	0.2512587606906891	0.1891905963420868	0.2512587606906891	0.062068164348602295	0.648900032043457	0.007349967956542969
best250_vs_phase2w	15415	882	improved	613	882	0.35151737928390503	0.41045305132865906	0.3485449254512787	0.41045305132865906	0.06190812587738037	0.008491992950439453	0.21025800704956055
best250_vs_phase2w	3585	454	improved	457	454	0.17601913213729858	0.23490482568740845	0.1731618493795395	0.23490482568740845	0.06174297630786896	0.016366004943847656	0.13988399505615234
best250_vs_phase2w	32574	764	regressed	764	763	0.22891788184642792	0.22748397290706635	0.22891788184642792	0.16721142828464508	-0.06170645356178284	0.06717920303344727	0.30782079696655273
best250_vs_phase2w	42912	666	regressed	666	463	0.26443231105804443	0.2194433957338333	0.26443231105804443	0.20279282331466675	-0.061639487743377686	0.29609060287475586	0.07890939712524414
best250_vs_phase2w	48582	110	improved	115	110	0.4330425262451172	0.486971378326416	0.42543694376945496	0.486971378326416	0.06153443455696106	0.017719268798828125	0.23228073120117188
best250_vs_phase2w	3230	617	improved	903	617	0.3209940493106842	0.3285731077194214	0.26705458760261536	0.3285731077194214	0.06151852011680603	0.18396949768066406	0.37853050231933594
best250_vs_phase2w	27886	361	regressed	361	208	0.14798927307128906	0.14099939167499542	0.14798927307128906	0.08684372901916504	-0.06114554405212402	0.29308128356933594	0.43264341354370117
best250_vs_phase2w	45780	631	improved	838	631	0.458707720041275	0.5137270092964172	0.45258474349975586	0.5137270092964172	0.06114226579666138	0.013438224792480469	0.23656177520751953
best250_vs_phase2w	47397	293	regressed	293	288	0.46073248982429504	0.42772266268730164	0.46073248982429504	0.3995920717716217	-0.06114041805267334	0.24446916580200195	0.06803083419799805
best250_vs_phase2w	15466	873	improved	698	873	0.3778446316719055	0.4090191423892975	0.34792083501815796	0.4090191423892975	0.061098307371139526	0.08250808715820312	0.13624191284179688
best250_vs_phase2w	1409	825	improved	519	825	0.40572109818458557	0.377719521522522	0.3167281746864319	0.377719521522522	0.06099134683609009	0.24762201309204102	0.09612798690795898
best250_vs_phase2w	4781	827	improved	697	827	0.16265413165092468	0.20144616067409515	0.14050006866455078	0.20144616067409515	0.06094609200954437	0.14641809463500977	0.32233190536499023
best250_vs_phase2w	6201	238	improved	240	238	0.34810006618499756	0.3629283905029297	0.3020642101764679	0.3629283905029297	0.06086418032646179	0.14185047149658203	0.10814952850341797
best250_vs_phase2w	38730	691	regressed	691	983	0.296888142824173	0.2385295182466507	0.296888142824173	0.23611022531986237	-0.06077791750431061	0.1460556983947754	0.01019430160522461
best250_vs_phase2w	23246	915	regressed	915	879	0.1430196464061737	0.12938202917575836	0.1430196464061737	0.08228964358568192	-0.06073000282049179	0.35997581481933594	0.45252418518066406
best250_vs_phase2w	18512	285	improved	281	285	0.397757351398468	0.34990060329437256	0.2892844080924988	0.34990060329437256	0.06061619520187378	0.3184318542480469	0.025318145751953125
best250_vs_phase2w	14399	386	regressed	386	101	0.45999404788017273	0.4364309012889862	0.45999404788017273	0.39947760105133057	-0.06051644682884216	0.2552776336669922	0.08847236633300781
best250_vs_phase2w	41062	623	regressed	623	563	0.3108525276184082	0.3287632465362549	0.3108525276184082	0.2504881024360657	-0.06036442518234253	0.1030735969543457	0.2719264030456543
best250_vs_phase2w	23231	876	regressed	876	435	0.47589781880378723	0.44295597076416016	0.47589781880378723	0.4156387448310852	-0.060259073972702026	0.24884605407714844	0.06365394592285156
best250_vs_phase2w	11240	264	regressed	264	232	0.21919623017311096	0.15945053100585938	0.21919623017311096	0.15911446511745453	-0.06008176505565643	0.21663999557495117	0.002110004425048828
best250_vs_phase2w	33923	186	improved	852	186	0.35867610573768616	0.40504443645477295	0.3452158570289612	0.40504443645477295	0.05982857942581177	0.038249969482421875	0.3680000305175781
best250_vs_phase2w	30410	702	regressed	702	602	0.29695791006088257	0.25562983751296997	0.29695791006088257	0.23718644678592682	-0.05977146327495575	0.08136606216430664	0.07488393783569336
best250_vs_phase2w	3813	50	regressed	50	61	0.2660612165927887	0.22532618045806885	0.2660612165927887	0.2064535915851593	-0.059607625007629395	0.38127660751342773	0.08747339248657227
best250_vs_phase2w	36502	188	improved	155	188	0.4102763533592224	0.40526673197746277	0.346492737531662	0.40526673197746277	0.05877399444580078	0.16896915435791016	0.14353084564208984
best250_vs_phase2w	6481	876	regressed	876	435	0.515381932258606	0.48674657940864563	0.515381932258606	0.4567287564277649	-0.058653175830841064	0.18634605407714844	0.06365394592285156
best250_vs_phase2w	40410	681	improved	620	681	0.4421366751194	0.4357492923736572	0.3775118291378021	0.4357492923736572	0.0582374632358551	0.15801715850830078	0.09198284149169922
best250_vs_phase2w	24277	264	regressed	264	263	0.45835304260253906	0.461029976606369	0.45835304260253906	0.4005054831504822	-0.057847559452056885	0.10926437377929688	0.14073562622070312
best250_vs_phase2w	14182	463	regressed	463	373	0.4685591459274292	0.4255181550979614	0.4685591459274292	0.41108885407447815	-0.05747029185295105	0.1842517852783203	0.03449821472167969
best250_vs_phase2w	10294	441	improved	737	441	0.4036991596221924	0.4565281867980957	0.39906996488571167	0.4565281867980957	0.05745822191238403	0.011533260345458984	0.300966739654541
best250_vs_phase2w	31022	905	regressed	905	749	0.2643362581729889	0.22427156567573547	0.2643362581729889	0.20697200298309326	-0.05736425518989563	0.7634758949279785	0.08027410507202148
best250_vs_phase2w	40184	623	regressed	623	563	0.3597954213619232	0.3847462832927704	0.3597954213619232	0.30244749784469604	-0.05734792351722717	0.009323596954345703	0.2406764030456543
best250_vs_phase2w	356	173	regressed	173	215	0.41403135657310486	0.40458449721336365	0.41403135657310486	0.35720789432525635	-0.05682346224784851	0.1254572868347168	0.1245427131652832
best250_vs_phase2w	28750	725	regressed	725	849	0.2236849069595337	0.2779734134674072	0.2236849069595337	0.16708137094974518	-0.05660353600978851	0.11595535278320312	0.5090446472167969
best250_vs_phase2w	49137	412	regressed	412	637	0.4389778971672058	0.41587042808532715	0.4389778971672058	0.3825974762439728	-0.05638042092323303	0.1978597640991211	0.0833902359008789
best250_vs_phase2w	10195	624	improved	884	624	0.23809432983398438	0.20613940060138702	0.14978675544261932	0.20613940060138702	0.0563526451587677	0.4634542465209961	0.005295753479003906
best250_vs_phase2w	9080	588	regressed	588	790	0.4976637363433838	0.45925256609916687	0.4976637363433838	0.4413624405860901	-0.0563012957572937	0.21026611328125	0.03973388671875
best250_vs_phase2w	42374	798	improved	426	798	0.32147055864334106	0.2973315417766571	0.24130062758922577	0.2973315417766571	0.056030914187431335	0.2868623733520508	0.08813762664794922
best250_vs_phase2w	14480	21	regressed	21	18	0.2956695854663849	0.2820735275745392	0.2956695854663849	0.2398047000169754	-0.055864885449409485	0.27515697479248047	0.16234302520751953
best250_vs_phase2w	22107	612	improved	870	612	0.42351993918418884	0.40304648876190186	0.3476027548313141	0.40304648876190186	0.05544373393058777	0.197540283203125	0.083709716796875
best250_vs_phase2w	42497	500	improved	825	500	0.2657773792743683	0.2981542646884918	0.2427380234003067	0.2981542646884918	0.05541624128818512	0.09067630767822266	0.19057369232177734
best250_vs_phase2w	24188	335	improved	562	335	0.28684568405151367	0.31914055347442627	0.2638237774372101	0.31914055347442627	0.055316776037216187	0.0836629867553711	0.3538370132446289
best250_vs_phase2w	37232	925	regressed	925	809	0.4404491186141968	0.5142755508422852	0.4404491186141968	0.385245144367218	-0.05520397424697876	0.02362060546875	0.28887939453125
best250_vs_phase2w	31096	54	regressed	54	63	0.2558117210865021	0.24853184819221497	0.2558117210865021	0.20061758160591125	-0.05519413948059082	0.1608295440673828	0.2141704559326172
best250_vs_phase2w	1544	422	regressed	422	543	0.3372650146484375	0.2834727168083191	0.3372650146484375	0.28212881088256836	-0.05513620376586914	0.18274784088134766	0.004752159118652344
best250_vs_phase2w	38526	453	regressed	453	652	0.2260168492794037	0.18877944350242615	0.2260168492794037	0.1709252893924713	-0.05509155988693237	0.011031627655029297	0.09935283660888672
best250_vs_phase2w	17038	763	regressed	763	413	0.40213948488235474	0.37942785024642944	0.40213948488235474	0.3475340008735657	-0.05460548400878906	0.19344854354858398	0.08780193328857422
best250_vs_phase2w	24224	359	improved	358	359	0.37608540058135986	0.4193432331085205	0.3652147352695465	0.4193432331085205	0.054128497838974	0.029330730438232422	0.18941926956176758
best250_vs_phase2w	27504	246	regressed	246	159	0.25499534606933594	0.24891139566898346	0.25499534606933594	0.2012513279914856	-0.05374401807785034	0.03745746612548828	0.21254253387451172
best250_vs_phase2w	9900	977	regressed	977	978	0.46651554107666016	0.4822568893432617	0.46651554107666016	0.41290828585624695	-0.05360725522041321	0.09474849700927734	0.15525150299072266
best250_vs_phase2w	18071	278	improved	277	278	0.4426926076412201	0.43086549639701843	0.37733566761016846	0.43086549639701843	0.053529828786849976	0.15974044799804688	0.12150955200195312
best250_vs_phase2w	10807	341	regressed	341	342	0.44809097051620483	0.4218176305294037	0.44809097051620483	0.394636332988739	-0.05345463752746582	0.18339157104492188	0.06660842895507812
best250_vs_phase2w	9620	442	regressed	442	497	0.4876216650009155	0.4528263509273529	0.4876216650009155	0.434194952249527	-0.05342671275138855	0.14548492431640625	0.04201507568359375
best250_vs_phase2w	12557	151	regressed	151	158	0.407224178314209	0.39746320247650146	0.407224178314209	0.3541083037853241	-0.05311587452888489	0.16575050354003906	0.11549949645996094
best250_vs_phase2w	25557	754	improved	688	754	0.4418659806251526	0.39569413661956787	0.34272003173828125	0.39569413661956787	0.05297410488128662	0.2540926933288574	0.08965730667114258
best250_vs_phase2w	12075	348	improved	349	348	0.5018427968025208	0.47500696778297424	0.42221125960350037	0.47500696778297424	0.05279570817947388	0.17278099060058594	0.07721900939941406
best250_vs_phase2w	1432	161	improved	162	161	0.3986804485321045	0.4367210566997528	0.38401177525520325	0.4367210566997528	0.05270928144454956	0.037487030029296875	0.21251296997070312
best250_vs_phase2w	46030	78	improved	75	78	0.15724380314350128	0.20958098769187927	0.15715138614177704	0.20958098769187927	0.052429601550102234	0.0005879402160644531	0.34551095962524414
best250_vs_phase2w	19972	712	improved	572	712	0.18939532339572906	0.2202453464269638	0.1680016666650772	0.2202453464269638	0.0522436797618866	0.11986255645751953	0.44263744354248047
best250_vs_phase2w	43606	374	regressed	374	371	0.3225666284561157	0.36732766032218933	0.3225666284561157	0.2704116702079773	-0.05215495824813843	0.006191253662109375	0.3063087463378906
best250_vs_phase2w	22374	866	regressed	866	730	0.3757072389125824	0.3435436487197876	0.3757072389125824	0.32355499267578125	-0.05215224623680115	0.34630489349365234	0.059945106506347656
best250_vs_phase2w	38394	165	regressed	165	234	0.26552385091781616	0.23314574360847473	0.26552385091781616	0.2136169821023941	-0.05190686881542206	0.2250208854675293	0.0874791145324707
best250_vs_phase2w	10221	737	improved	441	737	0.3450775742530823	0.379747599363327	0.3279307782649994	0.379747599363327	0.05181682109832764	0.050966739654541016	0.261533260345459
best250_vs_phase2w	29866	817	improved	511	817	0.4829397201538086	0.45144134759902954	0.3996283710002899	0.45144134759902954	0.051812976598739624	0.18935680389404297	0.12314319610595703
best250_vs_phase2w	1554	170	regressed	170	267	0.16151843965053558	0.21420203149318695	0.16151843965053558	0.10973932594060898	-0.051779113709926605	0.00023031234741210938	0.23154211044311523
best250_vs_phase2w	45551	32	regressed	32	31	0.3979022204875946	0.3727775812149048	0.3979022204875946	0.34632325172424316	-0.05157896876335144	0.1451406478881836	0.0736093521118164
best250_vs_phase2w	11258	563	regressed	563	418	0.4792972207069397	0.4945169687271118	0.4792972207069397	0.42774271965026855	-0.05155450105667114	0.10494041442871094	0.14505958557128906
best250_vs_phase2w	28647	349	regressed	349	348	0.45052799582481384	0.4883999526500702	0.45052799582481384	0.3989817202091217	-0.05154627561569214	0.04778099060058594	0.20221900939941406
best250_vs_phase2w	48894	921	improved	922	921	0.16996484994888306	0.1877487450838089	0.13624246418476105	0.1877487450838089	0.05150628089904785	0.22115564346313477	0.49759435653686523
best250_vs_phase2w	23154	987	improved	925	987	0.1812244951725006	0.21961374580860138	0.16819186508655548	0.21961374580860138	0.0514218807220459	0.061409950256347656	0.3628687858581543
best250_vs_phase2w	24545	665	improved	671	665	0.4233435392379761	0.4044246971607208	0.3532421290874481	0.4044246971607208	0.051182568073272705	0.1810302734375	0.1314697265625
best250_vs_phase2w	17907	505	regressed	505	899	0.257179319858551	0.2577281594276428	0.257179319858551	0.20631715655326843	-0.05086216330528259	0.24625921249389648	0.22249078750610352
best250_vs_phase2w	13738	517	improved	733	517	0.19368894398212433	0.22133535146713257	0.17084254324436188	0.22133535146713257	0.05049280822277069	0.12551116943359375	0.12448883056640625
best250_vs_phase2w	39445	660	regressed	660	705	0.44967496395111084	0.3994502127170563	0.44967496395111084	0.3993571102619171	-0.050317853689193726	0.24976682662963867	0.00023317337036132812
best250_vs_phase2w	35874	709	regressed	709	893	0.3030318319797516	0.3143596947193146	0.3030318319797516	0.2529493570327759	-0.05008247494697571	0.09515142440795898	0.21734857559204102
best250_vs_phase2w	28193	379	improved	365	379	0.3540026545524597	0.3879958987236023	0.3379811644554138	0.3879958987236023	0.05001473426818848	0.046314239501953125	0.20368576049804688
best250_vs_phase2w	46457	509	regressed	509	582	0.39144155383110046	0.39960891008377075	0.39144155383110046	0.34147098660469055	-0.04997056722640991	0.09277629852294922	0.15722370147705078
best250_vs_phase2w	48371	798	regressed	798	893	0.1461459994316101	0.1486329883337021	0.1461459994316101	0.09630301594734192	-0.04984298348426819	0.034769535064697266	0.16540861129760742
best250_vs_phase2w	15031	634	improved	488	634	0.28118646144866943	0.213827446103096	0.164098858833313	0.213827446103096	0.04972858726978302	0.5385489463806152	0.023951053619384766
best250_vs_phase2w	6749	125	regressed	125	119	0.4241308867931366	0.45899152755737305	0.4241308867931366	0.37447062134742737	-0.04966026544570923	0.04648113250732422	0.20351839065551758
best250_vs_phase2w	23079	64	regressed	64	55	0.36310315132141113	0.3384562134742737	0.36310315132141113	0.31347864866256714	-0.049624502658843994	0.07958650588989258	0.07666349411010742
best250_vs_phase2w	2440	128	regressed	128	136	0.30589956045150757	0.26758089661598206	0.30589956045150757	0.2564363479614258	-0.04946321249008179	0.20745849609375	0.04254150390625
best250_vs_phase2w	44408	720	improved	455	720	0.4497242867946625	0.4520546495914459	0.4027705490589142	0.4520546495914459	0.04928410053253174	0.11026763916015625	0.07723236083984375
best250_vs_phase2w	34801	175	regressed	175	184	0.2258559763431549	0.19328707456588745	0.2258559763431549	0.17664963006973267	-0.04920634627342224	0.06624174118041992	0.09000825881958008
best250_vs_phase2w	21875	43	improved	39	43	0.31363293528556824	0.3493925631046295	0.3002828359603882	0.3493925631046295	0.04910972714424133	0.04349851608276367	0.20650148391723633
best250_vs_phase2w	4420	472	regressed	472	693	0.4611425995826721	0.4634680151939392	0.4611425995826721	0.412177711725235	-0.048964887857437134	0.07021713256835938	0.11728286743164062
best250_vs_phase2w	49864	21	regressed	21	23	0.29875820875167847	0.28536924719810486	0.29875820875167847	0.24980869889259338	-0.04894950985908508	0.02316141128540039	0.1330885887145996
best250_vs_phase2w	24366	718	improved	694	718	0.4562378525733948	0.3347008526325226	0.2857712507247925	0.3347008526325226	0.0489296019077301	0.4678225517272949	0.06342792510986328
best250_vs_phase2w	46497	132	regressed	132	975	0.3667476177215576	0.35843634605407715	0.3667476177215576	0.3179338276386261	-0.04881379008293152	0.06759214401245117	0.11990785598754883
best250_vs_phase2w	29888	316	improved	78	316	0.10229742527008057	0.12955093383789062	0.08085662126541138	0.12955093383789062	0.04869431257247925	0.13523006439208984	0.5115299224853516
best250_vs_phase2w	34830	976	regressed	976	980	0.4108201861381531	0.4849459230899811	0.4108201861381531	0.36213552951812744	-0.048684656620025635	0.020481109619140625	0.2920188903808594
best250_vs_phase2w	34624	728	regressed	728	281	0.24861545860767365	0.2465566247701645	0.24861545860767365	0.20033685863018036	-0.048278599977493286	0.07365846633911133	0.20759153366088867
best250_vs_phase2w	41585	703	improved	912	703	0.35898569226264954	0.3929041028022766	0.3446705937385559	0.3929041028022766	0.0482335090637207	0.04069328308105469	0.11555671691894531
best250_vs_phase2w	33414	379	improved	366	379	0.4111165404319763	0.3832940459251404	0.33518916368484497	0.3832940459251404	0.04810488224029541	0.20418167114257812	0.07706832885742188
best250_vs_phase2w	20893	747	improved	882	747	0.18392618000507355	0.17963378131389618	0.13160817325115204	0.17963378131389618	0.04802560806274414	0.3347053527832031	0.19654464721679688
best250_vs_phase2w	1024	485	improved	754	485	0.41744011640548706	0.43128344416618347	0.3834659159183502	0.43128344416618347	0.04781752824783325	0.08489036560058594	0.16510963439941406
best250_vs_phase2w	23204	587	improved	784	587	0.29127737879753113	0.324892520904541	0.2772018611431122	0.324892520904541	0.04769065976142883	0.049530029296875	0.262969970703125
best250_vs_phase2w	16230	799	regressed	799	519	0.29930776357650757	0.25773686170578003	0.29930776357650757	0.251761257648468	-0.04754650592803955	0.5702919960021973	0.023458003997802734
best250_vs_phase2w	9799	40	improved	46	40	0.321916788816452	0.34692201018333435	0.2994949519634247	0.34692201018333435	0.04742705821990967	0.07219552993774414	0.02155447006225586
best250_vs_phase2w	3102	500	improved	972	500	0.49499383568763733	0.4469969570636749	0.3998079299926758	0.4469969570636749	0.047189027070999146	0.2135610580444336	0.036438941955566406
best250_vs_phase2w	4600	303	regressed	303	311	0.3006220757961273	0.25418782234191895	0.3006220757961273	0.2534829080104828	-0.04713916778564453	0.309722900390625	0.002777099609375
best250_vs_phase2w	37807	501	improved	869	501	0.2195703238248825	0.24677129089832306	0.19971325993537903	0.24677129089832306	0.04705803096294403	0.09478998184204102	0.3464059829711914
best250_vs_phase2w	22072	742	improved	662	742	0.23459026217460632	0.23760439455509186	0.1910119503736496	0.23760439455509186	0.04659244418144226	0.12451982498168945	0.20026540756225586
best250_vs_phase2w	11814	717	improved	654	717	0.4304802119731903	0.45371997356414795	0.4072515070438385	0.45371997356414795	0.04646846652030945	0.05547046661376953	0.19452953338623047
best250_vs_phase2w	28708	577	regressed	577	868	0.3332460820674896	0.3029877245426178	0.3332460820674896	0.2868475317955017	-0.046398550271987915	0.35150861740112305	0.05474138259887695
best250_vs_phase2w	43152	453	regressed	453	786	0.19073547422885895	0.20157763361930847	0.19073547422885895	0.14435438811779022	-0.046381086111068726	0.44734668731689453	0.3144345283508301
best250_vs_phase2w	47234	639	improved	638	639	0.46001172065734863	0.4863591492176056	0.44005152583122253	0.4863591492176056	0.04630762338638306	0.04436016082763672	0.14313983917236328
best250_vs_phase2w	26530	21	improved	22	21	0.42146968841552734	0.44394564628601074	0.3976437747478485	0.44394564628601074	0.04630187153816223	0.05819129943847656	0.19180870056152344
best250_vs_phase2w	8568	46	regressed	46	42	0.29807615280151367	0.29327061772346497	0.29807615280151367	0.2518285810947418	-0.04624757170677185	0.4414029121398926	0.15234708786010742
best250_vs_phase2w	40816	415	regressed	415	498	0.31848517060279846	0.3022535443305969	0.31848517060279846	0.27232828736305237	-0.046156883239746094	0.051991939544677734	0.10425806045532227
best250_vs_phase2w	20607	509	regressed	509	860	0.2811359763145447	0.28069502115249634	0.2811359763145447	0.23521456122398376	-0.04592141509056091	0.041979312896728516	0.17677068710327148
best250_vs_phase2w	17941	413	improved	764	413	0.4463793933391571	0.4608168303966522	0.4149016737937927	0.4608168303966522	0.0459151566028595	0.07312774658203125	0.08312225341796875
best250_vs_phase2w	19899	584	regressed	584	523	0.1517348736524582	0.1339246928691864	0.1517348736524582	0.10595331341028214	-0.045781560242176056	0.5351395606994629	0.23427915573120117
best250_vs_phase2w	10500	227	regressed	227	225	0.30369025468826294	0.33273738622665405	0.30369025468826294	0.2581179738044739	-0.04557228088378906	0.058563232421875	0.253936767578125
best250_vs_phase2w	24207	686	regressed	686	740	0.17715664207935333	0.17049966752529144	0.17715664207935333	0.13171643018722534	-0.04544021189212799	0.054418087005615234	0.25808191299438477
best250_vs_phase2w	25732	427	improved	756	427	0.4616090953350067	0.4750853180885315	0.42992326617240906	0.4750853180885315	0.045162051916122437	0.07111167907714844	0.17888832092285156
best250_vs_phase2w	41762	413	improved	652	413	0.4028870463371277	0.40567269921302795	0.36056214570999146	0.40567269921302795	0.0451105535030365	0.1109919548034668	0.1390080451965332
best250_vs_phase2w	22008	865	improved	788	865	0.21573007106781006	0.2287067323923111	0.18365740776062012	0.2287067323923111	0.04504932463169098	0.16095590591430664	0.05779409408569336
best250_vs_phase2w	11977	813	regressed	813	521	0.11048106104135513	0.08299098908901215	0.11048106104135513	0.06560064107179642	-0.044880419969558716	0.13985347747802734	0.21373462677001953
best250_vs_phase2w	32507	822	improved	735	822	0.2747083604335785	0.2883906066417694	0.24362601339817047	0.2883906066417694	0.04476459324359894	0.12007570266723633	0.28617429733276367
best250_vs_phase2w	32627	280	improved	277	280	0.3916111886501312	0.3211912214756012	0.2764667570590973	0.3211912214756012	0.044724464416503906	0.3481788635253906	0.026821136474609375
best250_vs_phase2w	40790	249	regressed	249	250	0.3322239816188812	0.3392932713031769	0.3322239816188812	0.2877555787563324	-0.04446840286254883	0.022746562957763672	0.16475343704223633
best250_vs_phase2w	7532	101	regressed	101	385	0.4579063057899475	0.4505807161331177	0.4579063057899475	0.41391679644584656	-0.04398950934410095	0.16512775421142578	0.08487224578857422
best250_vs_phase2w	33384	202	regressed	202	200	0.3647598922252655	0.3677251636981964	0.3647598922252655	0.3209083080291748	-0.0438515841960907	0.27006959915161133	0.13618040084838867
best250_vs_phase2w	24005	845	regressed	845	674	0.23631326854228973	0.21161317825317383	0.23631326854228973	0.19251473248004913	-0.0437985360622406	0.3741626739501953	0.09458732604980469
best250_vs_phase2w	15573	961	improved	909	961	0.1409171223640442	0.13116011023521423	0.0874132364988327	0.13116011023521423	0.04374687373638153	0.3095383644104004	0.08497476577758789
best250_vs_phase2w	20813	464	regressed	464	877	0.12473030388355255	0.08550167828798294	0.12473030388355255	0.08108220249414444	-0.04364810138940811	0.446927547454834	0.053072452545166016
best250_vs_phase2w	20367	348	improved	349	348	0.4567252993583679	0.47892647981643677	0.43541571497917175	0.47892647981643677	0.043510764837265015	0.04778099060058594	0.13971900939941406
best250_vs_phase2w	7411	441	improved	647	441	0.13939541578292847	0.148423433303833	0.1049518957734108	0.148423433303833	0.04347153753042221	0.2838125228881836	0.2786874771118164
best250_vs_phase2w	7586	125	improved	124	125	0.08933587372303009	0.1085657924413681	0.06516953557729721	0.1085657924413681	0.04339625686407089	0.010666847229003906	0.18458890914916992
best250_vs_phase2w	15456	824	improved	533	824	0.28174954652786255	0.3042549788951874	0.2609686851501465	0.3042549788951874	0.043286293745040894	0.07661819458007812	0.20463180541992188
best250_vs_phase2w	13323	136	improved	137	136	0.18552571535110474	0.17333069443702698	0.1301063597202301	0.17333069443702698	0.043224334716796875	0.0321497917175293	0.05230855941772461
best250_vs_phase2w	15111	711	improved	929	711	0.13032124936580658	0.10072711110115051	0.05761948972940445	0.10072711110115051	0.04310762137174606	0.6183910369873047	0.020999431610107422
best250_vs_phase2w	901	747	regressed	747	955	0.2565235495567322	0.24224303662776947	0.2565235495567322	0.21346133947372437	-0.04306221008300781	0.24851417541503906	0.12648582458496094
best250_vs_phase2w	2688	868	improved	519	868	0.1740119606256485	0.19521109759807587	0.15216326713562012	0.19521109759807587	0.04304783046245575	0.1341700553894043	0.1783299446105957
best250_vs_phase2w	11285	339	improved	866	339	0.13686825335025787	0.10728781670331955	0.0643104836344719	0.10728781670331955	0.042977333068847656	0.10258102416992188	0.034784793853759766
best250_vs_phase2w	8242	742	improved	713	742	0.46923479437828064	0.5099299550056458	0.46718260645866394	0.5099299550056458	0.04274734854698181	0.004383087158203125	0.18311691284179688
best250_vs_phase2w	40376	241	improved	238	241	0.31021371483802795	0.3497467339038849	0.30703631043434143	0.3497467339038849	0.04271042346954346	0.010295391082763672	0.20845460891723633
best250_vs_phase2w	15624	210	regressed	210	243	0.2605944871902466	0.2981029152870178	0.2605944871902466	0.21801535785198212	-0.042579129338264465	0.030876636505126953	0.31287336349487305
best250_vs_phase2w	35505	508	improved	664	508	0.1677827686071396	0.17800277471542358	0.13549160957336426	0.17800277471542358	0.042511165142059326	0.15407752990722656	0.0674896240234375
best250_vs_phase2w	23947	826	regressed	826	426	0.32513153553009033	0.3969250023365021	0.32513153553009033	0.28273746371269226	-0.04239407181739807	0.004521369934082031	0.33922863006591797
best250_vs_phase2w	25133	639	regressed	639	173	0.15763051807880402	0.1781262904405594	0.15763051807880402	0.1154591366648674	-0.042171381413936615	0.2681388854980469	0.4335761070251465
best250_vs_phase2w	29713	205	improved	224	205	0.30742037296295166	0.2695203721523285	0.22736713290214539	0.2695203721523285	0.042153239250183105	0.3016500473022461	0.042099952697753906
best250_vs_phase2w	24847	767	regressed	767	418	0.3857937157154083	0.36610448360443115	0.3857937157154083	0.34384334087371826	-0.041950374841690063	0.3122673034667969	0.06273269653320312
best250_vs_phase2w	6310	780	improved	914	780	0.4473971128463745	0.4395808279514313	0.3976726531982422	0.4395808279514313	0.04190817475318909	0.11781740188598633	0.06968259811401367
best250_vs_phase2w	5666	383	improved	384	383	0.4934065341949463	0.45560458302497864	0.4140438437461853	0.45560458302497864	0.041560739278793335	0.17536163330078125	0.01213836669921875
best250_vs_phase2w	28220	682	regressed	682	583	0.3259090781211853	0.3292796015739441	0.3259090781211853	0.2844551205635071	-0.04145395755767822	0.134918212890625	0.146331787109375
best250_vs_phase2w	32231	121	regressed	121	122	0.28199201822280884	0.3052879273891449	0.28199201822280884	0.2409987896680832	-0.04099322855472565	0.1385364532470703	0.2364635467529297
best250_vs_phase2w	12165	231	regressed	231	230	0.4560640752315521	0.4730311632156372	0.4560640752315521	0.41509878635406494	-0.04096528887748718	0.056855201721191406	0.1306447982788086
best250_vs_phase2w	16259	385	improved	101	385	0.4731825590133667	0.4676799476146698	0.42702969908714294	0.4676799476146698	0.040650248527526855	0.10262775421142578	0.08487224578857422
best250_vs_phase2w	13867	480	improved	922	480	0.27997878193855286	0.3068469762802124	0.26635077595710754	0.3068469762802124	0.04049620032310486	0.04989957809448242	0.10635042190551758
best250_vs_phase2w	5381	876	regressed	876	706	0.3864832818508148	0.36281120777130127	0.3864832818508148	0.34608232975006104	-0.040400952100753784	0.26529407501220703	0.04720592498779297
best250_vs_phase2w	26883	831	improved	750	831	0.45430177450180054	0.4305226504802704	0.39019545912742615	0.4305226504802704	0.04032719135284424	0.1521139144897461	0.035386085510253906
best250_vs_phase2w	8179	883	regressed	883	849	0.3095521032810211	0.3272060453891754	0.3095521032810211	0.26934686303138733	-0.04020524024963379	0.33665990829467773	0.19459009170532227
best250_vs_phase2w	30041	249	regressed	249	248	0.2987903952598572	0.27712443470954895	0.2987903952598572	0.25863116979599	-0.04015922546386719	0.08718633651733398	0.06056022644042969
best250_vs_phase2w	29207	423	improved	424	423	0.5105610489845276	0.46575701236724854	0.4258694350719452	0.46575701236724854	0.039887577295303345	0.18137741088867188	0.006122589111328125
best250_vs_phase2w	9711	349	regressed	349	348	0.4630200266838074	0.4573318660259247	0.4630200266838074	0.42334622144699097	-0.039673805236816406	0.04778099060058594	0.07721900939941406
best250_vs_phase2w	8117	75	regressed	75	77	0.3136928379535675	0.3405516743659973	0.3136928379535675	0.2742844820022583	-0.039408355951309204	0.1273488998413086	0.2164011001586914
best250_vs_phase2w	47985	971	regressed	971	517	0.3788471817970276	0.3540138602256775	0.3788471817970276	0.33947882056236267	-0.03936836123466492	0.08307552337646484	0.041924476623535156
best250_vs_phase2w	43546	784	improved	600	784	0.19173234701156616	0.16822631657123566	0.12900979816913605	0.16822631657123566	0.03921651840209961	0.396212100982666	0.13503789901733398
best250_vs_phase2w	34079	938	regressed	938	659	0.21320506930351257	0.20512282848358154	0.21320506930351257	0.17442041635513306	-0.03878465294837952	0.28051280975341797	0.1621403694152832
best250_vs_phase2w	21233	522	improved	575	522	0.39134278893470764	0.42440009117126465	0.3856211304664612	0.42440009117126465	0.03877896070480347	0.014728546142578125	0.23527145385742188
best250_vs_phase2w	48242	172	regressed	172	171	0.483253538608551	0.5038861036300659	0.483253538608551	0.44474831223487854	-0.038505226373672485	0.06265830993652344	0.12484169006347656
best250_vs_phase2w	29593	676	regressed	676	162	0.2825126647949219	0.24523091316223145	0.2825126647949219	0.24409589171409607	-0.038416773080825806	0.3703608512878418	0.004639148712158203
best250_vs_phase2w	47953	248	improved	249	248	0.362185537815094	0.39133548736572266	0.35335397720336914	0.39133548736572266	0.037981510162353516	0.024686336517333984	0.381563663482666
best250_vs_phase2w	96	764	regressed	764	758	0.11487112194299698	0.14260773360729218	0.11487112194299698	0.07691287249326706	-0.03795824944972992	0.13257551193237305	0.48922157287597656
best250_vs_phase2w	21647	231	improved	230	231	0.438785582780838	0.4477238059043884	0.4098808467388153	0.4477238059043884	0.03784295916557312	0.06814432144165039	0.056855201721191406
best250_vs_phase2w	12650	193	improved	185	193	0.24112625420093536	0.27772408723831177	0.2400604784488678	0.27772408723831177	0.03766360878944397	0.004429817199707031	0.18307018280029297
best250_vs_phase2w	7571	288	improved	290	288	0.44838786125183105	0.436653733253479	0.39908847212791443	0.436653733253479	0.037565261125564575	0.11647558212280273	0.07102394104003906
best250_vs_phase2w	20939	596	regressed	596	587	0.3317664861679077	0.3259599506855011	0.3317664861679077	0.29420167207717896	-0.03756481409072876	0.022490978240966797	0.1025090217590332
best250_vs_phase2w	5941	667	regressed	667	457	0.3418518304824829	0.3558555245399475	0.3418518304824829	0.304372102022171	-0.03747972846031189	0.15622615814208984	0.15627384185791016
best250_vs_phase2w	41263	542	regressed	542	767	0.13779136538505554	0.13623623549938202	0.13779136538505554	0.10032042115926743	-0.037470944225788116	0.06897878646850586	0.30602121353149414
best250_vs_phase2w	12328	231	improved	230	231	0.44805818796157837	0.45591846108436584	0.41854244470596313	0.45591846108436584	0.03737601637840271	0.0681447982788086	0.056855201721191406
best250_vs_phase2w	30630	230	improved	231	230	0.4495448172092438	0.46199482679367065	0.4246988892555237	0.46199482679367065	0.03729593753814697	0.056855201721191406	0.0681447982788086
best250_vs_phase2w	1438	406	improved	497	406	0.41064152121543884	0.43262240290641785	0.3954339325428009	0.43262240290641785	0.03718847036361694	0.03773689270019531	0.1497631072998047
best250_vs_phase2w	34310	960	regressed	960	927	0.33809465169906616	0.3729515075683594	0.33809465169906616	0.3010731637477875	-0.037021487951278687	0.0984044075012207	0.2140951156616211
best250_vs_phase2w	38614	928	regressed	928	960	0.39053359627723694	0.40404605865478516	0.39053359627723694	0.3539104759693146	-0.03662312030792236	0.05501508712768555	0.13248491287231445
best250_vs_phase2w	1499	914	regressed	914	780	0.4145551025867462	0.4052157700061798	0.4145551025867462	0.37794041633605957	-0.036614686250686646	0.11781692504882812	0.06968307495117188
best250_vs_phase2w	35229	520	regressed	520	669	0.37967368960380554	0.431341290473938	0.37967368960380554	0.34311333298683167	-0.03656035661697388	0.14616107940673828	0.22883892059326172
best250_vs_phase2w	43618	568	improved	368	568	0.39148879051208496	0.38672834634780884	0.35017192363739014	0.38672834634780884	0.0365564227104187	0.11153268814086914	0.10721731185913086
best250_vs_phase2w	166	813	regressed	813	828	0.10696575790643692	0.10809483379125595	0.10696575790643692	0.07046124339103699	-0.03650451451539993	0.32791996002197266	0.4279460906982422
best250_vs_phase2w	44375	949	improved	990	949	0.18255044519901276	0.18375730514526367	0.14735394716262817	0.18375730514526367	0.0364033579826355	0.2141890525817871	0.1608109474182129
best250_vs_phase2w	9142	524	improved	461	524	0.275941401720047	0.23949556052684784	0.2754933536052704	0.23949556052684784	-0.035997793078422546	0.00162506103515625	0.12337493896484375
best250_vs_phase2w	29528	348	improved	349	348	0.449876993894577	0.46483439207077026	0.42888692021369934	0.46483439207077026	0.03594747185707092	0.04778099060058594	0.13971900939941406
best250_vs_phase2w	20707	738	regressed	738	949	0.46136441826820374	0.49817195534706116	0.46136441826820374	0.4256497025489807	-0.03571471571922302	0.03017139434814453	0.15732860565185547
best250_vs_phase2w	8461	890	improved	852	890	0.11733926087617874	0.1505407840013504	0.11487378180027008	0.1505407840013504	0.03566700220108032	0.02123546600341797	0.10376453399658203
best250_vs_phase2w	32442	669	improved	728	669	0.10193988680839539	0.12453905493021011	0.0888812467455864	0.12453905493021011	0.03565780818462372	0.13708209991455078	0.41475629806518555
best250_vs_phase2w	25384	672	improved	797	672	0.4783802926540375	0.4583461880683899	0.422904908657074	0.4583461880683899	0.03544127941131592	0.12325859069824219	0.0017414093017578125
best250_vs_phase2w	48471	424	regressed	424	423	0.4243813455104828	0.44350725412368774	0.4243813455104828	0.38900479674339294	-0.035376548767089844	0.11887741088867188	0.13112258911132812
best250_vs_phase2w	1328	231	improved	230	231	0.40025895833969116	0.4211132526397705	0.3857605755329132	0.4211132526397705	0.0353526771068573	0.036894798278808594	0.1506052017211914
best250_vs_phase2w	26033	725	improved	899	725	0.3079632818698883	0.33738255500793457	0.30205655097961426	0.33738255500793457	0.03532600402832031	0.01936626434326172	0.16813373565673828
best250_vs_phase2w	37676	856	regressed	856	866	0.43305590748786926	0.4615432322025299	0.43305590748786926	0.39776134490966797	-0.035294562578201294	0.038776397705078125	0.14872360229492188
best250_vs_phase2w	33823	707	regressed	707	877	0.3035481572151184	0.28779223561286926	0.3035481572151184	0.26841869950294495	-0.03512945771217346	0.2740592956542969	0.06969070434570312
best250_vs_phase2w	48704	53	improved	56	53	0.3562110662460327	0.3423784375190735	0.3073561489582062	0.3423784375190735	0.03502228856086731	0.14751625061035156	0.25873374938964844
best250_vs_phase2w	40173	437	improved	460	437	0.417348176240921	0.42789632081985474	0.3929635286331177	0.42789632081985474	0.03493279218673706	0.06020402908325195	0.12729597091674805
best250_vs_phase2w	49575	373	improved	371	373	0.21115946769714355	0.22693787515163422	0.19207356870174408	0.22693787515163422	0.03486430644989014	0.09473514556884766	0.09276485443115234
best250_vs_phase2w	47228	383	improved	384	383	0.4329628348350525	0.4336893558502197	0.3990310728549957	0.4336893558502197	0.034658282995224	0.08161258697509766	0.13713741302490234
best250_vs_phase2w	5111	630	improved	464	630	0.12034261226654053	0.135318323969841	0.10073314607143402	0.135318323969841	0.03458517789840698	0.17786788940429688	0.19713211059570312
best250_vs_phase2w	43033	59	improved	40	59	0.26230302453041077	0.2288583368062973	0.1943368911743164	0.2288583368062973	0.034521445631980896	0.24030447006225586	0.012592792510986328
best250_vs_phase2w	28889	754	improved	819	754	0.19744764268398285	0.16522322595119476	0.13074086606502533	0.16522322595119476	0.034482359886169434	0.41225624084472656	0.025243759155273438
best250_vs_phase2w	41203	786	improved	776	786	0.18065734207630157	0.10242200642824173	0.0679953470826149	0.10242200642824173	0.03442665934562683	0.7916707992553711	0.12700796127319336
best250_vs_phase2w	19525	622	improved	759	622	0.30701619386672974	0.3138708770275116	0.2796003520488739	0.3138708770275116	0.034270524978637695	0.09353923797607422	0.21896076202392578
best250_vs_phase2w	29560	630	improved	502	630	0.3072448670864105	0.32770976424217224	0.2935350239276886	0.32770976424217224	0.03417474031448364	0.04564809799194336	0.17310237884521484
best250_vs_phase2w	13113	869	regressed	869	903	0.22514845430850983	0.23655298352241516	0.22514845430850983	0.19108529388904572	-0.03406316041946411	0.22404766082763672	0.21345233917236328
best250_vs_phase2w	8873	583	improved	534	583	0.33730512857437134	0.33057546615600586	0.2965698838233948	0.33057546615600586	0.034005582332611084	0.12870502471923828	0.15254497528076172
best250_vs_phase2w	12104	78	regressed	78	302	0.38128432631492615	0.35770857334136963	0.38128432631492615	0.34772804379463196	-0.03355628252029419	0.28420209884643555	0.028297901153564453
best250_vs_phase2w	48158	864	improved	555	864	0.3707786202430725	0.3768007457256317	0.34352004528045654	0.3768007457256317	0.03328070044517517	0.07635974884033203	0.17364072799682617
best250_vs_phase2w	27471	523	improved	872	523	0.14623849093914032	0.1099175363779068	0.14317746460437775	0.1099175363779068	-0.03325992822647095	0.021153926849365234	0.19786357879638672
best250_vs_phase2w	22649	386	regressed	386	101	0.3626099228858948	0.3384975492954254	0.3626099228858948	0.3298191428184509	-0.03279078006744385	0.09902763366699219	0.025972366333007812
best250_vs_phase2w	16247	21	improved	912	21	0.30640047788619995	0.32426759600639343	0.29157498478889465	0.32426759600639343	0.03269261121749878	0.04959583282470703	0.04415416717529297
best250_vs_phase2w	37904	908	regressed	908	895	0.32112371921539307	0.32820969820022583	0.32112371921539307	0.2884487807750702	-0.032674938440322876	0.11014890670776367	0.1291351318359375
best250_vs_phase2w	15846	584	improved	902	584	0.14806780219078064	0.1595534235239029	0.12716777622699738	0.1595534235239029	0.03238564729690552	0.15216302871704102	0.285336971282959
best250_vs_phase2w	38593	588	improved	401	588	0.17616277933120728	0.18447445333003998	0.15210597217082977	0.18447445333003998	0.032368481159210205	0.14683103561401367	0.009418964385986328
best250_vs_phase2w	20610	151	improved	158	151	0.4614693820476532	0.43052175641059875	0.3984835743904114	0.43052175641059875	0.03203818202018738	0.14674949645996094	0.04075050354003906
best250_vs_phase2w	12920	976	improved	972	976	0.43089085817337036	0.4390277564525604	0.4070005714893341	0.4390277564525604	0.03202718496322632	0.05704021453857422	0.13045978546142578
best250_vs_phase2w	47132	373	regressed	373	370	0.2299264669418335	0.23642680048942566	0.2299264669418335	0.1979457437992096	-0.0319807231426239	0.009854316711425781	0.17764568328857422
best250_vs_phase2w	21503	118	improved	119	118	0.40327298641204834	0.3794647455215454	0.34752601385116577	0.3794647455215454	0.03193873167037964	0.1487741470336914	0.038725852966308594
best250_vs_phase2w	31820	180	improved	179	180	0.4962267577648163	0.45671963691711426	0.4250273108482361	0.45671963691711426	0.031692326068878174	0.15487957000732422	0.03262042999267578
best250_vs_phase2w	20496	453	improved	648	453	0.24909333884716034	0.24245686829090118	0.21085572242736816	0.24245686829090118	0.03160114586353302	0.16665363311767578	0.08334636688232422
best250_vs_phase2w	42018	655	regressed	655	836	0.10855915397405624	0.08087743818759918	0.10855915397405624	0.0770619660615921	-0.03149718791246414	0.1391749382019043	0.0483250617980957
best250_vs_phase2w	17879	875	improved	513	875	0.4302038252353668	0.45023971796035767	0.41896405816078186	0.45023971796035767	0.031275659799575806	0.0264739990234375	0.0985260009765625
best250_vs_phase2w	15977	349	regressed	349	348	0.4964549243450165	0.4721371531486511	0.4964549243450165	0.46523863077163696	-0.031216293573379517	0.11028099060058594	0.014719009399414062
best250_vs_phase2w	23649	741	improved	496	741	0.16139738261699677	0.12037619948387146	0.0892796516418457	0.12037619948387146	0.031096547842025757	0.004100799560546875	0.16200494766235352
best250_vs_phase2w	193	68	regressed	68	66	0.4215834140777588	0.4101734757423401	0.4215834140777588	0.3905302584171295	-0.031053155660629272	0.07592535018920898	0.049074649810791016
best250_vs_phase2w	43557	681	improved	620	681	0.3972979485988617	0.4274309575557709	0.3965964913368225	0.4274309575557709	0.030834466218948364	0.0017671585083007812	0.09198284149169922
best250_vs_phase2w	34672	848	improved	482	848	0.14947724342346191	0.1737791895866394	0.1431899517774582	0.1737791895866394	0.030589237809181213	0.04297208786010742	0.11327791213989258
best250_vs_phase2w	21498	499	regressed	499	618	0.07751838862895966	0.06006871908903122	0.07751838862895966	0.04696466028690338	-0.030553728342056274	0.12117719650268555	0.05477094650268555
best250_vs_phase2w	6091	110	regressed	110	115	0.4385448098182678	0.41532179713249207	0.4385448098182678	0.4080275595188141	-0.030517250299453735	0.10728120803833008	0.017718791961669922
best250_vs_phase2w	2219	414	regressed	414	980	0.13784100115299225	0.1082116886973381	0.13784100115299225	0.10739026218652725	-0.030450738966464996	0.05488014221191406	0.0076198577880859375
best250_vs_phase2w	32680	794	improved	896	794	0.3057953119277954	0.31597983837127686	0.2855573892593384	0.31597983837127686	0.030422449111938477	0.06847286224365234	0.11902713775634766
best250_vs_phase2w	13754	849	improved	899	849	0.2961006462574005	0.3233967125415802	0.2930601239204407	0.3233967125415802	0.030336588621139526	0.010321617126464844	0.23967838287353516
best250_vs_phase2w	46395	810	regressed	810	878	0.4303325414657593	0.4396726191043854	0.4303325414657593	0.4002075791358948	-0.030124962329864502	0.030952930450439453	0.09404706954956055
best250_vs_phase2w	40683	409	improved	892	409	0.44945088028907776	0.4576415419578552	0.42762380838394165	0.4576415419578552	0.030017733573913574	0.049782752990722656	0.012717247009277344
best250_vs_phase2w	2001	876	regressed	876	598	0.2925325632095337	0.26432961225509644	0.2925325632095337	0.26290440559387207	-0.02962815761566162	0.24459362030029297	0.005406379699707031
best250_vs_phase2w	374	809	improved	551	809	0.32628509402275085	0.31417644023895264	0.28457412123680115	0.31417644023895264	0.02960231900215149	0.1367778778076172	0.05072212219238281
best250_vs_phase2w	11992	482	regressed	482	485	0.42450758814811707	0.4004722833633423	0.42450758814811707	0.3949055075645447	-0.029602080583572388	0.23600196838378906	0.013998031616210938
best250_vs_phase2w	14142	5	improved	6	5	0.42861947417259216	0.4395652711391449	0.4100663959980011	0.4395652711391449	0.0294988751411438	0.04425048828125	0.11199951171875
best250_vs_phase2w	39567	834	regressed	834	523	0.22199681401252747	0.2070237249135971	0.22199681401252747	0.19251835346221924	-0.029478460550308228	0.08360815048217773	0.07264184951782227
best250_vs_phase2w	24413	335	improved	371	335	0.14493125677108765	0.16014164686203003	0.13083268702030182	0.16014164686203003	0.02930895984172821	0.1023402214050293	0.1476597785949707
best250_vs_phase2w	28093	494	regressed	494	758	0.10895120352506638	0.08023650199174881	0.10895120352506638	0.07969637960195541	-0.029254823923110962	0.49324560165405273	0.006754398345947266
best250_vs_highdrift_damp	41479	666	regressed	666	502	0.5438637733459473	0.4864388108253479	0.5438637733459473	0.3238565921783447	-0.22000718116760254	0.6556892395019531	0.40681028366088867
best250_vs_highdrift_damp	20535	747	improved	882	747	0.2440795749425888	0.3967265784740448	0.1801948845386505	0.3967265784740448	0.2165316939353943	0.3034553527832031	1.0090446472167969
best250_vs_highdrift_damp	31230	602	regressed	602	678	0.38092851638793945	0.3508441150188446	0.38092851638793945	0.1764475703239441	-0.20448094606399536	0.3751816749572754	0.6873183250427246
best250_vs_highdrift_damp	7918	436	improved	627	436	0.45997387170791626	0.5504944324493408	0.35836607217788696	0.5504944324493408	0.19212836027145386	0.24961471557617188	0.6253852844238281
best250_vs_highdrift_damp	30364	784	improved	783	784	0.48901548981666565	0.5314083099365234	0.3398367464542389	0.5314083099365234	0.19157156348228455	0.36392879486083984	0.41732120513916016
best250_vs_highdrift_damp	35800	81	improved	132	81	0.5049657225608826	0.40353426337242126	0.22034227848052979	0.40353426337242126	0.18319198489189148	0.8293085098266602	0.29569196701049805
best250_vs_highdrift_damp	42791	848	improved	732	848	0.326797753572464	0.4010550081729889	0.22010654211044312	0.4010550081729889	0.18094846606254578	0.3952298164367676	1.0735201835632324
best250_vs_highdrift_damp	38853	99	improved	21	99	0.41819560527801514	0.5631742477416992	0.38298165798187256	0.5631742477416992	0.18019258975982666	0.08796215057373047	0.9120378494262695
best250_vs_highdrift_damp	4155	665	regressed	665	671	0.3627587854862213	0.3141230642795563	0.3627587854862213	0.18586201965808868	-0.17689676582813263	0.6314692497253418	0.43410825729370117
best250_vs_highdrift_damp	46109	412	improved	362	412	0.5506439805030823	0.4238772392272949	0.2562241852283478	0.4238772392272949	0.16765305399894714	0.7650356292724609	0.10996437072753906
best250_vs_highdrift_damp	21657	227	improved	179	227	0.2957209348678589	0.3571750223636627	0.19295421242713928	0.3571750223636627	0.16422080993652344	0.42696332931518555	0.7805752754211426
best250_vs_highdrift_damp	37880	859	regressed	859	742	0.5016723871231079	0.39641883969306946	0.5016723871231079	0.3406994342803955	-0.1609729528427124	0.6922798156738281	0.15147066116333008
best250_vs_highdrift_damp	3597	241	improved	240	241	0.507960855960846	0.5456497669219971	0.3850056529045105	0.5456497669219971	0.16064411401748657	0.2771463394165039	0.4728536605834961
best250_vs_highdrift_damp	33402	199	improved	219	199	0.4069981575012207	0.40917375683784485	0.2508276402950287	0.40917375683784485	0.15834611654281616	0.4840426445007324	0.5472068786621094
best250_vs_highdrift_damp	16134	999	regressed	999	700	0.5057309865951538	0.5915331840515137	0.5057309865951538	0.35547932982444763	-0.15025165677070618	0.11574935913085938	0.5092506408691406
best250_vs_highdrift_damp	29750	170	improved	876	170	0.37087953090667725	0.29708313941955566	0.1474226713180542	0.29708313941955566	0.14966046810150146	0.9225735664367676	0.13992643356323242
best250_vs_highdrift_damp	19942	245	regressed	245	242	0.4769548773765564	0.5355802178382874	0.4769548773765564	0.3284841775894165	-0.1484706997871399	0.1986379623413086	0.4888620376586914
best250_vs_highdrift_damp	28546	418	improved	767	418	0.4099775552749634	0.5420302152633667	0.3974563479423523	0.5420302152633667	0.1445738673210144	0.031017303466796875	0.5939826965332031
best250_vs_highdrift_damp	20654	85	improved	86	85	0.3845854103565216	0.4663401246070862	0.32181280851364136	0.4663401246070862	0.14452731609344482	0.17819595336914062	0.5093040466308594
best250_vs_highdrift_damp	14626	432	regressed	432	875	0.32869604229927063	0.3378961980342865	0.32869604229927063	0.18596038222312927	-0.14273566007614136	0.18404483795166016	0.5972051620483398
best250_vs_highdrift_damp	23713	185	regressed	185	226	0.38930562138557434	0.3898466229438782	0.38930562138557434	0.2478870153427124	-0.14141860604286194	0.7034697532653809	0.45278024673461914
best250_vs_highdrift_damp	12571	24	improved	135	24	0.3764628469944	0.3239678740501404	0.18330098688602448	0.3239678740501404	0.1406668871641159	0.7196898460388184	0.12406015396118164
best250_vs_highdrift_damp	20633	847	regressed	847	586	0.3889237642288208	0.4261779487133026	0.3889237642288208	0.2485692799091339	-0.1403544843196869	0.17961454391479492	0.5391354560852051
best250_vs_highdrift_damp	6884	176	improved	160	176	0.3885268270969391	0.4774264395236969	0.34118783473968506	0.4774264395236969	0.13623860478401184	0.1299290657043457	0.4638209342956543
best250_vs_highdrift_damp	15670	641	improved	522	641	0.3897750675678253	0.5107693076133728	0.3758198618888855	0.5107693076133728	0.1349494457244873	0.036459922790527344	0.6510400772094727
best250_vs_highdrift_damp	21129	831	improved	721	831	0.5526630878448486	0.5040768980979919	0.3703528344631195	0.5040768980979919	0.13372406363487244	0.40029239654541016	0.16220760345458984
best250_vs_highdrift_damp	37470	501	regressed	501	452	0.522198498249054	0.5303705334663391	0.522198498249054	0.38887131214141846	-0.1333271861076355	0.25217247009277344	0.31032752990722656
best250_vs_highdrift_damp	24955	314	improved	124	314	0.17504315078258514	0.28434306383132935	0.1516440510749817	0.28434306383132935	0.13269901275634766	0.14349651336669922	0.6690034866333008
best250_vs_highdrift_damp	17410	870	regressed	870	703	0.33588331937789917	0.4617236256599426	0.33588331937789917	0.20462296903133392	-0.13126035034656525	0.1549525260925293	0.8137974739074707
best250_vs_highdrift_damp	32920	963	improved	957	963	0.18164066970348358	0.29044800996780396	0.159217968583107	0.29044800996780396	0.13123004138469696	0.13175630569458008	0.8994936943054199
best250_vs_highdrift_damp	46501	112	regressed	112	119	0.3464343249797821	0.4121282398700714	0.3464343249797821	0.21528567373752594	-0.13114865124225616	0.17914915084838867	0.6493687629699707
best250_vs_highdrift_damp	36507	627	improved	468	627	0.27214470505714417	0.36268219351768494	0.23227132856845856	0.36268219351768494	0.13041086494922638	0.15842771530151367	0.6853222846984863
best250_vs_highdrift_damp	13526	537	improved	248	537	0.35964733362197876	0.40820837020874023	0.2786965072154999	0.40820837020874023	0.12951186299324036	0.25500059127807617	0.3387484550476074
best250_vs_highdrift_damp	5512	125	regressed	125	124	0.5031226277351379	0.5145308971405029	0.5031226277351379	0.3753444254398346	-0.12777820229530334	0.3095884323120117	0.3154115676879883
best250_vs_highdrift_damp	13900	206	improved	267	206	0.4819731116294861	0.3766138255596161	0.24991215765476227	0.3766138255596161	0.12670166790485382	0.6567788124084473	0.06197166442871094
best250_vs_highdrift_damp	5552	391	regressed	391	390	0.43850648403167725	0.35589486360549927	0.43850648403167725	0.312360942363739	-0.12614554166793823	0.3070240020751953	0.1304759979248047
best250_vs_highdrift_damp	7373	804	improved	788	804	0.1632009744644165	0.2472597062587738	0.12171842902898788	0.2472597062587738	0.12554126977920532	0.14359521865844727	0.3190732002258301
best250_vs_highdrift_damp	48067	586	regressed	586	847	0.5046473145484924	0.3893989324569702	0.5046473145484924	0.3804062604904175	-0.12424105405807495	0.6328854560852051	0.023364543914794922
best250_vs_highdrift_damp	45105	802	regressed	802	701	0.330650269985199	0.3344604969024658	0.330650269985199	0.20659595727920532	-0.12405431270599365	0.20574617385864258	0.4817538261413574
best250_vs_highdrift_damp	28329	457	improved	834	457	0.39814114570617676	0.4071270227432251	0.28464940190315247	0.4071270227432251	0.12247762084007263	0.33554840087890625	0.25820159912109375
best250_vs_highdrift_damp	9272	935	improved	928	935	0.47342386841773987	0.5322619080543518	0.41032734513282776	0.5322619080543518	0.12193456292152405	0.143035888671875	0.419464111328125
best250_vs_highdrift_damp	12362	492	improved	868	492	0.24875937402248383	0.29587578773498535	0.17636065185070038	0.29587578773498535	0.11951513588428497	0.34395503997802734	0.5056586265563965
best250_vs_highdrift_damp	28288	914	regressed	914	484	0.34223681688308716	0.36138397455215454	0.34223681688308716	0.22318483889102936	-0.1190519779920578	0.26805925369262695	0.39801788330078125
best250_vs_highdrift_damp	17728	489	regressed	489	287	0.3648691773414612	0.3894704580307007	0.3648691773414612	0.2464076429605484	-0.11846153438091278	0.16719913482666016	0.45780086517333984
best250_vs_highdrift_damp	39383	950	improved	951	950	0.39027708768844604	0.4955516457557678	0.3772566616535187	0.4955516457557678	0.11829498410224915	0.03393125534057617	0.5285687446594238
best250_vs_highdrift_damp	48233	632	regressed	632	550	0.268996924161911	0.23283249139785767	0.268996924161911	0.1511056125164032	-0.11789131164550781	0.473909854888916	0.432340145111084
best250_vs_highdrift_damp	9944	807	regressed	807	912	0.27960509061813354	0.21344973146915436	0.27960509061813354	0.1619037240743637	-0.11770136654376984	0.5986003875732422	0.2763996124267578
best250_vs_highdrift_damp	15747	864	improved	468	864	0.4487376809120178	0.4443250298500061	0.32663366198539734	0.4443250298500061	0.11769136786460876	0.3175992965698242	0.24490070343017578
best250_vs_highdrift_damp	14781	573	regressed	573	621	0.4772237241268158	0.4607086479663849	0.4772237241268158	0.3600063920021057	-0.11721733212471008	0.4096064567565918	0.2466440200805664
best250_vs_highdrift_damp	42384	151	improved	172	151	0.4019700288772583	0.47590121626853943	0.3599231541156769	0.47590121626853943	0.11597806215286255	0.11048698425292969	0.4832625389099121
best250_vs_highdrift_damp	7590	853	improved	448	853	0.19701054692268372	0.25174257159233093	0.13586139678955078	0.25174257159233093	0.11588117480278015	0.37162208557128906	0.6283779144287109
best250_vs_highdrift_damp	39477	796	regressed	796	658	0.3692970275878906	0.261807918548584	0.3692970275878906	0.25396937131881714	-0.11532765626907349	0.3758525848388672	0.030397415161132812
best250_vs_highdrift_damp	40158	949	regressed	949	934	0.41681015491485596	0.4145219624042511	0.41681015491485596	0.3024072051048279	-0.11440294981002808	0.4033985137939453	0.3153514862060547
best250_vs_highdrift_damp	32554	79	improved	308	79	0.4239620566368103	0.48515310883522034	0.3714595139026642	0.48515310883522034	0.11369359493255615	0.1322040557861328	0.4615459442138672
best250_vs_highdrift_damp	45072	243	improved	254	243	0.5005934238433838	0.4180401563644409	0.3044262230396271	0.4180401563644409	0.11361393332481384	0.49736547470092773	0.0026345252990722656
best250_vs_highdrift_damp	26060	823	improved	153	823	0.345388263463974	0.44748130440711975	0.33437666296958923	0.44748130440711975	0.11310464143753052	0.032401084899902344	0.5925984382629395
best250_vs_highdrift_damp	41231	99	improved	127	99	0.40259870886802673	0.46796533465385437	0.35515421628952026	0.46796533465385437	0.1128111183643341	0.12538814544677734	0.49961185455322266
best250_vs_highdrift_damp	25384	672	improved	797	672	0.5710455179214478	0.4583461880683899	0.34696027636528015	0.4583461880683899	0.11138591170310974	0.4982585906982422	0.0017414093017578125
best250_vs_highdrift_damp	18499	468	regressed	468	779	0.42180973291397095	0.39974135160446167	0.42180973291397095	0.31066787242889404	-0.1111418604850769	0.3104066848754883	0.2520933151245117
best250_vs_highdrift_damp	30585	394	improved	391	394	0.4029061794281006	0.3333495557308197	0.22562932968139648	0.3333495557308197	0.10772022604942322	0.5798101425170898	0.10768985748291016
best250_vs_highdrift_damp	26641	536	improved	484	536	0.5419270992279053	0.4704742729663849	0.36321935057640076	0.4704742729663849	0.10725492238998413	0.40012454986572266	0.09987545013427734
best250_vs_highdrift_damp	4085	726	improved	771	726	0.3087541460990906	0.2856766879558563	0.1784965544939041	0.2856766879558563	0.10718013346195221	0.547976016998291	0.17077398300170898
best250_vs_highdrift_damp	13730	796	improved	788	796	0.4393315613269806	0.43994849920272827	0.3333408832550049	0.43994849920272827	0.10660761594772339	0.2760887145996094	0.22391128540039062
best250_vs_highdrift_damp	45632	160	regressed	160	226	0.31551098823547363	0.3087865114212036	0.31551098823547363	0.20960848033428192	-0.10590250790119171	0.20634126663208008	0.3874087333679199
best250_vs_highdrift_damp	46609	966	improved	907	966	0.24908003211021423	0.3250519633293152	0.2202358990907669	0.3250519633293152	0.10481606423854828	0.06433629989624023	0.12692499160766602
best250_vs_highdrift_damp	13575	265	regressed	265	153	0.443215012550354	0.38449037075042725	0.443215012550354	0.33850547671318054	-0.10470953583717346	0.3101215362548828	0.1273784637451172
best250_vs_highdrift_damp	10936	929	improved	212	929	0.29087820649147034	0.35765644907951355	0.2529531419277191	0.35765644907951355	0.10470330715179443	0.13970041275024414	0.45404958724975586
best250_vs_highdrift_damp	8863	633	improved	513	633	0.4140970706939697	0.361400306224823	0.25687965750694275	0.361400306224823	0.10452064871788025	0.4774928092956543	0.1475071907043457
best250_vs_highdrift_damp	15602	108	regressed	108	393	0.42807838320732117	0.5106640458106995	0.42807838320732117	0.3252347707748413	-0.10284361243247986	0.04883575439453125	0.45116472244262695
best250_vs_highdrift_damp	14788	249	improved	250	249	0.27504274249076843	0.374554842710495	0.272713840007782	0.374554842710495	0.10184100270271301	0.008503437042236328	0.524686336517334
best250_vs_highdrift_damp	29317	218	improved	215	218	0.4269082844257355	0.37542563676834106	0.2741842269897461	0.37542563676834106	0.10124140977859497	0.44276905059814453	0.36973094940185547
best250_vs_highdrift_damp	23560	717	regressed	717	864	0.3733285963535309	0.3757461607456207	0.3733285963535309	0.2723890244960785	-0.10093957185745239	0.3033175468444824	0.3216824531555176
best250_vs_highdrift_damp	23108	914	regressed	914	780	0.4832938611507416	0.4953617751598358	0.4832938611507416	0.38302692770957947	-0.10026693344116211	0.18031692504882812	0.2571830749511719
best250_vs_highdrift_damp	11356	707	improved	886	707	0.33644819259643555	0.4014278054237366	0.3015269339084625	0.4014278054237366	0.09990087151527405	0.10958480834960938	0.5779151916503906
best250_vs_highdrift_damp	22586	109	regressed	109	6	0.3879247307777405	0.4262772798538208	0.3879247307777405	0.2882131040096283	-0.09971162676811218	0.1711101531982422	0.3913898468017578
best250_vs_highdrift_damp	48582	110	improved	115	110	0.5061459541320801	0.486971378326416	0.3872637152671814	0.486971378326416	0.09970766305923462	0.2677192687988281	0.23228073120117188
best250_vs_highdrift_damp	4701	295	regressed	295	297	0.4154684543609619	0.5053325295448303	0.4154684543609619	0.31656742095947266	-0.09890103340148926	0.0948190689086914	0.4676804542541504
best250_vs_highdrift_damp	9089	843	improved	890	843	0.3070894181728363	0.3749951720237732	0.2761041224002838	0.3749951720237732	0.09889104962348938	0.10636091232299805	0.45613908767700195
best250_vs_highdrift_damp	21203	506	regressed	506	879	0.42088598012924194	0.3474428951740265	0.42088598012924194	0.3221150040626526	-0.09877097606658936	0.29930830001831055	0.07569169998168945
best250_vs_highdrift_damp	33622	997	regressed	997	995	0.3527027368545532	0.4451163709163666	0.3527027368545532	0.25396817922592163	-0.09873455762863159	0.001373291015625	0.561126708984375
best250_vs_highdrift_damp	10286	755	regressed	755	807	0.4609549343585968	0.551155149936676	0.4609549343585968	0.36259087920188904	-0.09836405515670776	0.018758773803710938	0.41874122619628906
best250_vs_highdrift_damp	23947	826	regressed	826	426	0.380950927734375	0.3969250023365021	0.380950927734375	0.28273746371269226	-0.09821346402168274	0.12952136993408203	0.33922863006591797
best250_vs_highdrift_damp	3102	500	improved	972	500	0.5211604237556458	0.4469969570636749	0.3489737808704376	0.4469969570636749	0.0980231761932373	0.4010610580444336	0.036438941955566406
best250_vs_highdrift_damp	10503	288	regressed	288	290	0.4429383873939514	0.5297037959098816	0.4429383873939514	0.3449303209781647	-0.09800806641578674	0.008523941040039062	0.42897558212280273
best250_vs_highdrift_damp	3230	617	improved	903	617	0.3241129517555237	0.3285731077194214	0.2306433618068695	0.3285731077194214	0.09792974591255188	0.34021949768066406	0.37853050231933594
best250_vs_highdrift_damp	11158	184	improved	192	184	0.18303757905960083	0.24792508780956268	0.15052056312561035	0.24792508780956268	0.09740452468395233	0.19559192657470703	0.33565807342529297
best250_vs_highdrift_damp	38929	523	improved	882	523	0.38533148169517517	0.33434420824050903	0.2373283952474594	0.33434420824050903	0.09701581299304962	0.48465919494628906	0.35909080505371094
best250_vs_highdrift_damp	16752	765	regressed	765	423	0.4267325699329376	0.41170990467071533	0.4267325699329376	0.33031851053237915	-0.09641405940055847	0.2797384262084961	0.2202615737915039
best250_vs_highdrift_damp	28199	150	regressed	150	295	0.1701800525188446	0.16064351797103882	0.1701800525188446	0.07378876209259033	-0.09639129042625427	0.3470187187194824	0.7779812812805176
best250_vs_highdrift_damp	3631	131	regressed	131	128	0.4030170440673828	0.4966892600059509	0.4030170440673828	0.3066859245300293	-0.09633111953735352	0.049109458923339844	0.48214054107666016
best250_vs_highdrift_damp	5228	147	regressed	147	51	0.36451831459999084	0.4292595088481903	0.36451831459999084	0.2690546214580536	-0.09546369314193726	0.0641026496887207	0.4671473503112793
best250_vs_highdrift_damp	2440	128	regressed	128	136	0.35045692324638367	0.26758089661598206	0.35045692324638367	0.2564363479614258	-0.09402057528495789	0.55120849609375	0.04254150390625
best250_vs_highdrift_damp	29657	515	regressed	515	652	0.3892061412334442	0.2997143268585205	0.3892061412334442	0.2952020764350891	-0.0940040647983551	0.6410799026489258	0.015169620513916016
best250_vs_highdrift_damp	21086	877	improved	421	877	0.3599992096424103	0.3270653486251831	0.23307567834854126	0.3270653486251831	0.09398967027664185	0.4347386360168457	0.0652613639831543
best250_vs_highdrift_damp	41447	473	improved	512	473	0.43792805075645447	0.4997122883796692	0.40682855248451233	0.4997122883796692	0.09288373589515686	0.07366275787353516	0.33258724212646484
best250_vs_highdrift_damp	48471	424	regressed	424	423	0.4816829562187195	0.44350725412368774	0.4816829562187195	0.38900479674339294	-0.09267815947532654	0.24387741088867188	0.13112258911132812
best250_vs_highdrift_damp	6749	125	regressed	125	119	0.46690475940704346	0.45899152755737305	0.46690475940704346	0.37447062134742737	-0.09243413805961609	0.2652311325073242	0.20351839065551758
best250_vs_highdrift_damp	37218	207	improved	219	207	0.4471699595451355	0.41863682866096497	0.32622453570365906	0.41863682866096497	0.09241229295730591	0.3153529167175293	0.1846470832824707
best250_vs_highdrift_damp	36652	632	regressed	632	848	0.3715015649795532	0.29842302203178406	0.3715015649795532	0.2796196937561035	-0.09188187122344971	0.3724184036254883	0.06508159637451172
best250_vs_highdrift_damp	43618	568	improved	368	568	0.48060446977615356	0.38672834634780884	0.2954535186290741	0.38672834634780884	0.09127482771873474	0.48653316497802734	0.10721731185913086
best250_vs_highdrift_damp	19913	200	improved	226	200	0.41380569338798523	0.44828492403030396	0.3574219346046448	0.44828492403030396	0.09086298942565918	0.14647960662841797	0.25977039337158203
best250_vs_highdrift_damp	12104	78	regressed	78	302	0.4375881552696228	0.35770857334136963	0.4375881552696228	0.34772804379463196	-0.08986011147499084	0.47170209884643555	0.028297901153564453
best250_vs_highdrift_damp	9162	367	improved	366	367	0.4751746654510498	0.43680518865585327	0.34707775712013245	0.43680518865585327	0.08972743153572083	0.3141336441040039	0.0921163558959961
best250_vs_highdrift_damp	25028	202	improved	262	202	0.4103434979915619	0.437963604927063	0.34829986095428467	0.437963604927063	0.08966374397277832	0.16393089294433594	0.46106910705566406
best250_vs_highdrift_damp	19646	30	regressed	30	32	0.36810770630836487	0.3615027666091919	0.36810770630836487	0.27850988507270813	-0.08959782123565674	0.17668390274047852	0.2608160972595215
best250_vs_highdrift_damp	1554	170	regressed	170	267	0.19922779500484467	0.21420203149318695	0.19922779500484467	0.10973932594060898	-0.08948846906423569	0.23743820190429688	0.23154211044311523
best250_vs_highdrift_damp	28708	577	regressed	577	868	0.375645250082016	0.3029877245426178	0.375645250082016	0.2868475317955017	-0.08879771828651428	0.507758617401123	0.05474138259887695
best250_vs_highdrift_damp	374	809	improved	551	809	0.3879438638687134	0.31417644023895264	0.22539012134075165	0.31417644023895264	0.08878631889820099	0.5430278778076172	0.05072212219238281
best250_vs_highdrift_damp	44496	543	regressed	543	422	0.49638062715530396	0.5724586248397827	0.49638062715530396	0.4078676104545593	-0.08851301670074463	0.036002159118652344	0.33899784088134766
best250_vs_highdrift_damp	19779	698	improved	663	698	0.49024829268455505	0.4365876019001007	0.34813475608825684	0.4365876019001007	0.08845284581184387	0.34232234954833984	0.09517765045166016
best250_vs_highdrift_damp	13371	938	improved	964	938	0.2505415678024292	0.2926260530948639	0.20443184673786163	0.2926260530948639	0.08819420635700226	0.20339012145996094	0.45285987854003906
best250_vs_highdrift_damp	26141	792	improved	887	792	0.07833214104175568	0.1636534333229065	0.0756860077381134	0.1636534333229065	0.08796742558479309	0.03436470031738281	0.9656352996826172
best250_vs_highdrift_damp	17939	857	improved	406	857	0.36651667952537537	0.3373488485813141	0.24947459995746613	0.3373488485813141	0.08787424862384796	0.3846869468688965	0.17781305313110352
best250_vs_highdrift_damp	44361	214	regressed	214	212	0.3282133638858795	0.24407528340816498	0.3282133638858795	0.24051044881343842	-0.0877029150724411	0.7040367126464844	0.014713287353515625
best250_vs_highdrift_damp	41443	697	regressed	697	775	0.3196243941783905	0.2897516191005707	0.3196243941783905	0.23219743371009827	-0.08742696046829224	0.3098139762878418	0.2214360237121582
best250_vs_highdrift_damp	13018	294	regressed	294	295	0.43304044008255005	0.40456622838974	0.43304044008255005	0.34626469016075134	-0.0867757499217987	0.21938800811767578	0.15561199188232422
best250_vs_highdrift_damp	12757	764	improved	763	764	0.3863656222820282	0.46247825026512146	0.376234769821167	0.46247825026512146	0.08624348044395447	0.026570796966552734	0.41092967987060547
best250_vs_highdrift_damp	40807	811	regressed	811	753	0.4489186108112335	0.5051526427268982	0.4489186108112335	0.3634919822216034	-0.08542662858963013	0.014646530151367188	0.3291034698486328
best250_vs_highdrift_damp	753	44	regressed	44	60	0.31447240710258484	0.27250707149505615	0.31447240710258484	0.22970867156982422	-0.08476373553276062	0.2666473388671875	0.1708526611328125
best250_vs_highdrift_damp	22072	742	improved	662	742	0.22704538702964783	0.23760439455509186	0.1532614827156067	0.23760439455509186	0.08434291183948517	0.18701982498168945	0.20026540756225586
best250_vs_highdrift_damp	25866	465	improved	597	465	0.4298458993434906	0.44568121433258057	0.3614870309829712	0.44568121433258057	0.08419418334960938	0.1732006072998047	0.2642993927001953
best250_vs_highdrift_damp	8179	883	regressed	883	849	0.3531164526939392	0.3272060453891754	0.3531164526939392	0.26934686303138733	-0.08376958966255188	0.6491599082946777	0.19459009170532227
best250_vs_highdrift_damp	24944	259	regressed	259	151	0.4028269350528717	0.44064879417419434	0.4028269350528717	0.3211210370063782	-0.08170589804649353	0.058569908142089844	0.31643009185791016
best250_vs_highdrift_damp	2447	299	improved	298	299	0.437326043844223	0.4031413197517395	0.32148420810699463	0.4031413197517395	0.08165711164474487	0.30773067474365234	0.12976932525634766
best250_vs_highdrift_damp	48734	683	regressed	683	432	0.5446837544441223	0.492231547832489	0.5446837544441223	0.4636792242527008	-0.08100453019142151	0.3152437210083008	0.05975627899169922
best250_vs_highdrift_damp	29161	983	regressed	983	801	0.38231658935546875	0.3343121111392975	0.38231658935546875	0.3015979826450348	-0.08071860671043396	0.5845198631286621	0.10298013687133789
best250_vs_highdrift_damp	14607	377	improved	380	377	0.2596289813518524	0.3139346241950989	0.23352807760238647	0.3139346241950989	0.0804065465927124	0.10595130920410156	0.08154869079589844
best250_vs_highdrift_damp	6594	269	improved	272	269	0.34502238035202026	0.3798646330833435	0.2998793125152588	0.3798646330833435	0.07998532056808472	0.1402292251586914	0.2660207748413086
best250_vs_highdrift_damp	15722	883	improved	504	883	0.2268030345439911	0.277603417634964	0.19763058423995972	0.277603417634964	0.07997283339500427	0.13768243789672852	0.3310675621032715
best250_vs_highdrift_damp	18083	194	improved	200	194	0.43926364183425903	0.4002446234226227	0.3208659291267395	0.4002446234226227	0.07937869429588318	0.31407642364501953	0.15467357635498047
best250_vs_highdrift_damp	6855	204	regressed	204	155	0.47310569882392883	0.43327152729034424	0.47310569882392883	0.39418232440948486	-0.07892337441444397	0.24919843673706055	0.09455108642578125
best250_vs_highdrift_damp	13074	838	improved	631	838	0.3971269428730011	0.45664188265800476	0.37811341881752014	0.45664188265800476	0.07852846384048462	0.04906177520751953	0.26343822479248047
best250_vs_highdrift_damp	8487	969	improved	784	969	0.10813555866479874	0.16279076039791107	0.08428709208965302	0.16279076039791107	0.07850366830825806	0.24915695190429688	0.9322972297668457
best250_vs_highdrift_damp	38761	841	improved	610	841	0.4164135754108429	0.4943155348300934	0.4160829186439514	0.4943155348300934	0.07823261618614197	0.0007944107055664062	0.3742055892944336
best250_vs_highdrift_damp	1917	570	improved	643	570	0.3564344644546509	0.41735905408859253	0.33914417028427124	0.41735905408859253	0.07821488380432129	0.04972505569458008	0.2627749443054199
best250_vs_highdrift_damp	39035	732	regressed	732	613	0.14771558344364166	0.1382095217704773	0.14771558344364166	0.06967848539352417	-0.07803709805011749	0.07293701171875	0.039066314697265625
best250_vs_highdrift_damp	34099	4	improved	2	4	0.40511247515678406	0.47871673107147217	0.40099841356277466	0.47871673107147217	0.07771831750869751	0.010207176208496094	0.4585433006286621
best250_vs_highdrift_damp	46457	509	regressed	509	582	0.4187633991241455	0.39960891008377075	0.4187633991241455	0.34147098660469055	-0.07729241251945496	0.3427762985229492	0.15722370147705078
best250_vs_highdrift_damp	36251	889	improved	432	889	0.3479563891887665	0.318560391664505	0.24128153920173645	0.318560391664505	0.07727885246276855	0.36611270904541016	0.38388681411743164
best250_vs_highdrift_damp	38206	647	improved	332	647	0.18538826704025269	0.25594964623451233	0.17871804535388947	0.25594964623451233	0.07723160088062286	0.036643028259277344	0.43210697174072266
best250_vs_highdrift_damp	34030	935	regressed	935	962	0.4799705743789673	0.4176695942878723	0.4799705743789673	0.40301957726478577	-0.07695099711418152	0.43304443359375	0.03570556640625
best250_vs_highdrift_damp	19484	47	regressed	47	319	0.14095816016197205	0.11814893037080765	0.14095816016197205	0.06432031840085983	-0.07663784176111221	0.30108642578125	0.03967714309692383
best250_vs_highdrift_damp	24224	359	improved	358	359	0.3876064419746399	0.4193432331085205	0.34271863102912903	0.4193432331085205	0.07662460207939148	0.12308073043823242	0.18941926956176758
best250_vs_highdrift_damp	15415	882	improved	613	882	0.34749260544776917	0.41045305132865906	0.3339534103870392	0.41045305132865906	0.07649964094161987	0.03974199295043945	0.21025800704956055
best250_vs_highdrift_damp	6016	799	regressed	799	789	0.42726433277130127	0.3676722049713135	0.42726433277130127	0.351068377494812	-0.07619595527648926	0.39128923416137695	0.04621076583862305
best250_vs_highdrift_damp	356	173	regressed	173	215	0.4331481158733368	0.40458449721336365	0.4331481158733368	0.35720789432525635	-0.07594022154808044	0.2192072868347168	0.1245427131652832
best250_vs_highdrift_damp	33022	447	regressed	447	976	0.24599134922027588	0.2528509199619293	0.24599134922027588	0.17035897076129913	-0.07563237845897675	0.19885778427124023	0.39489221572875977
best250_vs_highdrift_damp	19972	712	improved	572	712	0.17372995615005493	0.2202453464269638	0.14476902782917023	0.2202453464269638	0.07547631859779358	0.18236255645751953	0.44263744354248047
best250_vs_highdrift_damp	6297	775	improved	639	775	0.43351566791534424	0.39499631524086	0.32011598348617554	0.39499631524086	0.07488033175468445	0.30324459075927734	0.009255409240722656
best250_vs_highdrift_damp	7532	101	regressed	101	385	0.48874562978744507	0.4505807161331177	0.48874562978744507	0.41391679644584656	-0.07482883334159851	0.2901277542114258	0.08487224578857422
best250_vs_highdrift_damp	26899	691	improved	570	691	0.4963090121746063	0.5481706857681274	0.47338271141052246	0.5481706857681274	0.07478797435760498	0.04729461669921875	0.26520538330078125
best250_vs_highdrift_damp	33491	57	regressed	57	54	0.18099701404571533	0.2903214991092682	0.18099701404571533	0.10681045055389404	-0.07418656349182129	0.06256675720214844	0.7777671813964844
best250_vs_highdrift_damp	1432	161	improved	162	161	0.41387486457824707	0.4367210566997528	0.3629723787307739	0.4367210566997528	0.07374867796897888	0.13123703002929688	0.21251296997070312
best250_vs_highdrift_damp	8987	155	improved	204	155	0.4540364742279053	0.3954569399356842	0.32221823930740356	0.3954569399356842	0.07323870062828064	0.34294843673706055	0.12580156326293945
best250_vs_highdrift_damp	31096	54	regressed	54	63	0.2737879157066345	0.24853184819221497	0.2737879157066345	0.20061758160591125	-0.07317033410072327	0.1920795440673828	0.2141704559326172
best250_vs_highdrift_damp	37526	124	improved	118	124	0.3389793336391449	0.3661484122276306	0.2930537462234497	0.3661484122276306	0.07309466600418091	0.1455831527709961	0.1981668472290039
best250_vs_highdrift_damp	11472	718	improved	821	718	0.3072880208492279	0.34408247470855713	0.2712929844856262	0.34408247470855713	0.07278949022293091	0.12458610534667969	0.2504148483276367
best250_vs_highdrift_damp	45211	892	regressed	892	549	0.19388581812381744	0.20736081898212433	0.19388581812381744	0.12111794948577881	-0.07276786863803864	0.05605459213256836	0.5376954078674316
best250_vs_highdrift_damp	10988	124	improved	125	124	0.3166736662387848	0.2978396713733673	0.22520990669727325	0.2978396713733673	0.07262976467609406	0.3408389091491699	0.4404110908508301
best250_vs_highdrift_damp	28663	689	regressed	689	887	0.364896297454834	0.3418872356414795	0.364896297454834	0.2924327552318573	-0.07246354222297668	0.4375038146972656	0.15624618530273438
best250_vs_highdrift_damp	10985	507	improved	681	507	0.19369982182979584	0.25073838233947754	0.17871226370334625	0.25073838233947754	0.07202611863613129	0.08053255081176758	0.4507174491882324
best250_vs_highdrift_damp	5394	288	improved	290	288	0.37173545360565186	0.3924243748188019	0.3206840753555298	0.3924243748188019	0.0717402994632721	0.14772605895996094	0.28977394104003906
best250_vs_highdrift_damp	2237	652	regressed	652	715	0.4387175142765045	0.4268740117549896	0.4387175142765045	0.36732974648475647	-0.07138776779174805	0.16227102279663086	0.15022897720336914
best250_vs_highdrift_damp	38030	650	regressed	650	542	0.36248093843460083	0.38559073209762573	0.36248093843460083	0.2911127507686615	-0.07136818766593933	0.0939340591430664	0.2810659408569336
best250_vs_highdrift_damp	10505	619	regressed	619	846	0.49153932929039	0.4874144196510315	0.49153932929039	0.42023760080337524	-0.07130172848701477	0.10170555114746094	0.14829444885253906
best250_vs_highdrift_damp	39714	748	regressed	748	902	0.1962042599916458	0.1537727564573288	0.1962042599916458	0.1250077784061432	-0.07119648158550262	0.8241500854492188	0.20709991455078125
best250_vs_highdrift_damp	49930	457	improved	735	457	0.22357608377933502	0.21417540311813354	0.142979234457016	0.21417540311813354	0.07119616866111755	0.2676396369934082	0.133087158203125
best250_vs_highdrift_damp	4198	413	regressed	413	465	0.3142566680908203	0.37432873249053955	0.3142566680908203	0.24306440353393555	-0.07119226455688477	0.0681920051574707	0.4318079948425293
best250_vs_highdrift_damp	33947	418	improved	767	418	0.2843850553035736	0.3141191005706787	0.2433040291070938	0.3141191005706787	0.0708150714635849	0.15601730346679688	0.18773269653320312
best250_vs_highdrift_damp	1368	408	improved	586	408	0.3661552369594574	0.33463865518569946	0.2639268636703491	0.33463865518569946	0.07071179151535034	0.32738542556762695	0.26636457443237305
best250_vs_highdrift_damp	12385	395	regressed	395	389	0.4112420678138733	0.42377883195877075	0.4112420678138733	0.3405384421348572	-0.07070362567901611	0.09381628036499023	0.21868371963500977
best250_vs_highdrift_damp	40245	164	improved	166	164	0.22989988327026367	0.2887803316116333	0.21813884377479553	0.2887803316116333	0.07064148783683777	0.03944253921508789	0.19748783111572266
best250_vs_highdrift_damp	2923	827	improved	588	827	0.2690351903438568	0.30869609117507935	0.2380973845720291	0.30869609117507935	0.07059870660305023	0.1221623420715332	0.0965876579284668
best250_vs_highdrift_damp	20607	509	regressed	509	860	0.30560165643692017	0.28069502115249634	0.30560165643692017	0.23521456122398376	-0.0703870952129364	0.19822931289672852	0.17677068710327148
best250_vs_highdrift_damp	35874	709	regressed	709	893	0.3232302963733673	0.3143596947193146	0.3232302963733673	0.2529493570327759	-0.07028093934059143	0.407651424407959	0.21734857559204102
best250_vs_highdrift_damp	18360	290	regressed	290	342	0.12434189766645432	0.080449678003788	0.12434189766645432	0.05406330153346062	-0.070278599858284	0.8871474266052246	0.3974761962890625
best250_vs_highdrift_damp	49844	240	regressed	240	241	0.3193940222263336	0.3644678592681885	0.3193940222263336	0.2494688779115677	-0.06992514431476593	0.1521458625793457	0.3791041374206543
best250_vs_highdrift_damp	575	733	regressed	733	561	0.3514314293861389	0.4133969247341156	0.3514314293861389	0.28181731700897217	-0.06961411237716675	0.0856008529663086	0.3831491470336914
best250_vs_highdrift_damp	16054	553	regressed	553	526	0.2593550384044647	0.23367470502853394	0.2593550384044647	0.18979617953300476	-0.06955885887145996	0.5420207977294922	0.2079792022705078
best250_vs_highdrift_damp	11124	452	regressed	452	463	0.36861300468444824	0.36852118372917175	0.36861300468444824	0.30033639073371887	-0.06827661395072937	0.045404911041259766	0.20459508895874023
best250_vs_highdrift_damp	43004	457	improved	499	457	0.12109170854091644	0.18909400701522827	0.1210041493177414	0.18909400701522827	0.06808985769748688	0.0007233619689941406	0.1662144660949707
best250_vs_highdrift_damp	48547	866	improved	561	866	0.27355140447616577	0.2936003804206848	0.22603574395179749	0.2936003804206848	0.06756463646888733	0.1907963752746582	0.3092036247253418
best250_vs_highdrift_damp	47219	943	regressed	943	939	0.47949719429016113	0.47265195846557617	0.47949719429016113	0.41208574175834656	-0.06741145253181458	0.17537212371826172	0.13712787628173828
best250_vs_highdrift_damp	45780	631	improved	838	631	0.4816000461578369	0.5137270092964172	0.4463823437690735	0.5137270092964172	0.06734466552734375	0.07593822479248047	0.23656177520751953
best250_vs_highdrift_damp	38175	841	regressed	841	917	0.19421784579753876	0.18878838419914246	0.19421784579753876	0.12687914073467255	-0.06733870506286621	0.13385820388793945	0.16471481323242188
best250_vs_highdrift_damp	25154	212	improved	215	212	0.32195138931274414	0.3131047487258911	0.246100053191185	0.3131047487258911	0.06700469553470612	0.2686624526977539	0.012587547302246094
best250_vs_highdrift_damp	15535	350	improved	353	350	0.41678762435913086	0.4620855152606964	0.39533188939094543	0.4620855152606964	0.06675362586975098	0.052851200103759766	0.22839879989624023
best250_vs_highdrift_damp	46497	132	regressed	132	975	0.38458549976348877	0.35843634605407715	0.38458549976348877	0.3179338276386261	-0.06665167212486267	0.31759214401245117	0.11990785598754883
best250_vs_highdrift_damp	41762	413	improved	652	413	0.39130234718322754	0.40567269921302795	0.3394201099872589	0.40567269921302795	0.06625258922576904	0.1422419548034668	0.1390080451965332
best250_vs_highdrift_damp	40184	623	regressed	623	563	0.3686124086380005	0.3847462832927704	0.3686124086380005	0.30244749784469604	-0.06616491079330444	0.1030735969543457	0.2406764030456543
best250_vs_highdrift_damp	48704	53	improved	56	53	0.386179119348526	0.3423784375190735	0.2762441337108612	0.3423784375190735	0.06613430380821228	0.33501625061035156	0.25873374938964844
best250_vs_highdrift_damp	16230	799	regressed	799	519	0.31784436106681824	0.25773686170578003	0.31784436106681824	0.251761257648468	-0.06608310341835022	0.6477570533752441	0.023458003997802734
best250_vs_highdrift_damp	2040	381	improved	369	381	0.48505455255508423	0.45424243807792664	0.38856393098831177	0.45424243807792664	0.06567850708961487	0.2218036651611328	0.09069633483886719
best250_vs_highdrift_damp	39950	162	improved	161	162	0.32678669691085815	0.24669155478477478	0.18159793317317963	0.24669155478477478	0.06509362161159515	0.5875124931335449	0.03748750686645508
best250_vs_highdrift_damp	5536	211	improved	180	211	0.3570823073387146	0.39486974477767944	0.32985132932662964	0.39486974477767944	0.0650184154510498	0.07932424545288086	0.26442575454711914
best250_vs_highdrift_damp	10724	240	improved	241	240	0.4089018404483795	0.3921377658843994	0.32721614837646484	0.3921377658843994	0.06492161750793457	0.2228541374206543	0.027146339416503906
best250_vs_highdrift_damp	44641	884	regressed	884	818	0.22143565118312836	0.22278667986392975	0.22143565118312836	0.1565174162387848	-0.06491823494434357	0.17820262908935547	0.35304737091064453
best250_vs_highdrift_damp	24069	907	improved	614	907	0.27522704005241394	0.3169071078300476	0.2524968981742859	0.3169071078300476	0.06441020965576172	0.0861973762512207	0.3200526237487793
best250_vs_highdrift_damp	8804	964	improved	809	964	0.15676893293857574	0.16199573874473572	0.09765250235795975	0.16199573874473572	0.06434323638677597	0.16278934478759766	0.026642322540283203
best250_vs_highdrift_damp	48158	864	improved	555	864	0.34803909063339233	0.3768007457256317	0.31253156065940857	0.3768007457256317	0.06426918506622314	0.10760927200317383	0.17364072799682617
best250_vs_highdrift_damp	35274	889	improved	486	889	0.5410260558128357	0.47023075819015503	0.40607595443725586	0.47023075819015503	0.06415480375289917	0.2869272232055664	0.025572776794433594
best250_vs_highdrift_damp	11285	339	improved	866	339	0.14733055233955383	0.10728781670331955	0.043320782482624054	0.10728781670331955	0.0639670342206955	0.16508102416992188	0.034784793853759766
best250_vs_highdrift_damp	38574	400	improved	501	400	0.19867809116840363	0.1886514127254486	0.12469518184661865	0.1886514127254486	0.06395623087882996	0.46581363677978516	0.06543636322021484
best250_vs_highdrift_damp	22664	201	regressed	201	187	0.3896692991256714	0.3869595527648926	0.3896692991256714	0.3257308006286621	-0.06393849849700928	0.10900115966796875	0.17224884033203125
best250_vs_highdrift_damp	24056	137	regressed	137	131	0.22092293202877045	0.220415860414505	0.22092293202877045	0.15700682997703552	-0.06391610205173492	0.19014883041381836	0.33922672271728516
best250_vs_highdrift_damp	43152	453	regressed	453	786	0.20823581516742706	0.20157763361930847	0.20823581516742706	0.14435438811779022	-0.06388142704963684	0.1680312156677246	0.3144345283508301
best250_vs_highdrift_damp	43927	508	regressed	508	742	0.2756495177745819	0.31165701150894165	0.2756495177745819	0.21185976266860962	-0.06378975510597229	0.17652130126953125	0.38597869873046875
best250_vs_highdrift_damp	27886	361	regressed	361	208	0.15061792731285095	0.14099939167499542	0.15061792731285095	0.08684372901916504	-0.06377419829368591	0.23410463333129883	0.43264341354370117
best250_vs_highdrift_damp	41203	786	improved	776	786	0.17858585715293884	0.10242200642824173	0.03951406478881836	0.10242200642824173	0.06290794163942337	0.4166707992553711	0.12700796127319336
best250_vs_highdrift_damp	38394	165	regressed	165	234	0.2765064835548401	0.23314574360847473	0.2765064835548401	0.2136169821023941	-0.06288950145244598	0.3812708854675293	0.0874791145324707
best250_vs_highdrift_damp	13569	542	regressed	542	513	0.2247677594423294	0.19485318660736084	0.2247677594423294	0.16223718225955963	-0.06253057718276978	0.34806299209594727	0.18318700790405273
best250_vs_highdrift_damp	49137	412	regressed	412	637	0.4449933171272278	0.41587042808532715	0.4449933171272278	0.3825974762439728	-0.062395840883255005	0.1666097640991211	0.0833902359008789
best250_vs_highdrift_damp	26047	865	regressed	865	454	0.2564084529876709	0.27790945768356323	0.2564084529876709	0.19425068795681	-0.0621577650308609	0.2374272346496582	0.28307294845581055
best250_vs_highdrift_damp	40319	507	improved	827	507	0.31678131222724915	0.31031376123428345	0.24820667505264282	0.31031376123428345	0.062107086181640625	0.24394989013671875	0.16230010986328125
best250_vs_highdrift_damp	5355	895	improved	908	895	0.2983472943305969	0.3104373514652252	0.24836359918117523	0.3104373514652252	0.06207375228404999	0.1833643913269043	0.1291356086730957
best250_vs_highdrift_damp	2546	967	improved	969	967	0.36975768208503723	0.4245380163192749	0.3626733422279358	0.4245380163192749	0.06186467409133911	0.01934528350830078	0.2619047164916992
best250_vs_highdrift_damp	17042	736	regressed	736	846	0.1735009402036667	0.2141633778810501	0.1735009402036667	0.1117505207657814	-0.061750419437885284	0.005779743194580078	0.6504702568054199
best250_vs_highdrift_damp	11125	923	improved	928	923	0.4374438226222992	0.40530169010162354	0.34403175115585327	0.40530169010162354	0.061269938945770264	0.24021434783935547	0.07228565216064453
best250_vs_highdrift_damp	25284	231	improved	230	231	0.5034976005554199	0.4761844575405121	0.41506457328796387	0.4761844575405121	0.06111988425254822	0.1931447982788086	0.056855201721191406
best250_vs_highdrift_damp	8182	646	improved	448	646	0.12275105714797974	0.18281497061252594	0.12171824276447296	0.18281497061252594	0.06109672784805298	0.008449554443359375	0.3353004455566406
best250_vs_highdrift_damp	6303	877	regressed	877	905	0.3838055431842804	0.41237273812294006	0.3838055431842804	0.3230102062225342	-0.060795336961746216	0.09950637817382812	0.24424362182617188
best250_vs_highdrift_damp	34830	976	regressed	976	980	0.42282870411872864	0.4849459230899811	0.42282870411872864	0.36213552951812744	-0.060693174600601196	0.08298110961914062	0.2920188903808594
best250_vs_highdrift_damp	42302	813	improved	567	813	0.42433640360832214	0.43859535455703735	0.3781778812408447	0.43859535455703735	0.06041747331619263	0.11516189575195312	0.13483810424804688
best250_vs_highdrift_damp	19525	622	improved	759	622	0.2963017523288727	0.3138708770275116	0.2534937262535095	0.3138708770275116	0.060377150774002075	0.15603923797607422	0.21896076202392578
best250_vs_highdrift_damp	1661	689	improved	578	689	0.44582387804985046	0.5051050186157227	0.44501131772994995	0.5051050186157227	0.060093700885772705	0.0018243789672851562	0.31067562103271484
best250_vs_highdrift_damp	9554	179	regressed	179	180	0.4148706793785095	0.35564976930618286	0.4148706793785095	0.3551628887653351	-0.05970779061317444	0.3111295700073242	0.0013699531555175781
best250_vs_highdrift_damp	47924	854	regressed	854	884	0.3231203258037567	0.285115510225296	0.3231203258037567	0.263526976108551	-0.05959334969520569	0.2962613105773926	0.07873868942260742
best250_vs_highdrift_damp	4014	864	regressed	864	779	0.3245926797389984	0.32201865315437317	0.3245926797389984	0.2650497257709503	-0.059542953968048096	0.055307865142822266	0.19469213485717773
best250_vs_highdrift_damp	25967	539	improved	265	539	0.3277686834335327	0.272788405418396	0.21330124139785767	0.272788405418396	0.05948716402053833	0.42960262298583984	0.13289737701416016
best250_vs_highdrift_damp	37519	241	regressed	241	240	0.45121362805366516	0.40275609493255615	0.45121362805366516	0.3919700086116791	-0.059243619441986084	0.2853541374206543	0.027145862579345703
best250_vs_highdrift_damp	21875	43	improved	39	43	0.3655896484851837	0.3493925631046295	0.2901833653450012	0.3493925631046295	0.059209197759628296	0.23099851608276367	0.20650148391723633
best250_vs_highdrift_damp	9900	977	regressed	977	978	0.4720885157585144	0.4822568893432617	0.4720885157585144	0.41290828585624695	-0.059180229902267456	0.15724849700927734	0.15525150299072266
best250_vs_highdrift_damp	6481	876	regressed	876	435	0.515818178653717	0.48674657940864563	0.515818178653717	0.4567287564277649	-0.05908942222595215	0.18634605407714844	0.06365394592285156
best250_vs_highdrift_damp	26646	814	regressed	814	450	0.41905897855758667	0.41848820447921753	0.41905897855758667	0.360188364982605	-0.05887061357498169	0.22497844696044922	0.15002155303955078
best250_vs_highdrift_damp	34801	175	regressed	175	184	0.23525699973106384	0.19328707456588745	0.23525699973106384	0.17664963006973267	-0.05860736966133118	0.3787417411804199	0.09000825881958008
best250_vs_highdrift_damp	8461	890	improved	852	890	0.15992550551891327	0.1505407840013504	0.09203993529081345	0.1505407840013504	0.05850084871053696	0.552485466003418	0.10376453399658203
best250_vs_highdrift_damp	4600	303	regressed	303	311	0.31193119287490845	0.25418782234191895	0.31193119287490845	0.2534829080104828	-0.05844828486442566	0.559722900390625	0.002777099609375
best250_vs_highdrift_damp	25116	949	improved	309	949	0.1143023818731308	0.1436605453491211	0.08578506112098694	0.1436605453491211	0.057875484228134155	0.2870025634765625	0.4629974365234375
best250_vs_highdrift_damp	46030	78	improved	75	78	0.18327026069164276	0.20958098769187927	0.15184706449508667	0.20958098769187927	0.0577339231967926	0.18808794021606445	0.34551095962524414
best250_vs_highdrift_damp	48271	65	improved	60	65	0.3649985194206238	0.41840288043022156	0.36083805561065674	0.41840288043022156	0.05756482481956482	0.011464118957519531	0.26978588104248047
best250_vs_highdrift_damp	26983	523	improved	840	523	0.16564488410949707	0.22301848232746124	0.16552495956420898	0.22301848232746124	0.05749352276325226	0.0007243156433105469	0.43677568435668945
best250_vs_highdrift_damp	11762	809	regressed	809	925	0.3939320147037506	0.3667009770870209	0.3939320147037506	0.33644214272499084	-0.057489871978759766	0.19512939453125	0.08612060546875
best250_vs_highdrift_damp	28154	596	regressed	596	587	0.37863439321517944	0.33431535959243774	0.37863439321517944	0.32120373845100403	-0.057430654764175415	0.1162409782409668	0.0400090217590332
best250_vs_highdrift_damp	47603	110	improved	52	110	0.3283486068248749	0.3778792917728424	0.3204842209815979	0.3778792917728424	0.05739507079124451	0.024242877960205078	0.4132571220397949
best250_vs_highdrift_damp	8022	689	regressed	689	731	0.14838771522045135	0.14270995557308197	0.14838771522045135	0.09103851765394211	-0.05734919756650925	0.11296844482421875	0.44953155517578125
best250_vs_highdrift_damp	22766	265	improved	850	265	0.3689015507698059	0.295538991689682	0.23822516202926636	0.295538991689682	0.05731382966041565	0.4373135566711426	0.15643644332885742
best250_vs_highdrift_damp	32627	280	improved	277	280	0.3858722746372223	0.3211912214756012	0.2640339136123657	0.3211912214756012	0.057157307863235474	0.3794288635253906	0.026821136474609375
best250_vs_highdrift_damp	4324	848	improved	481	848	0.34996283054351807	0.30979621410369873	0.2527924180030823	0.30979621410369873	0.057003796100616455	0.2197866439819336	0.01952838897705078
best250_vs_highdrift_damp	35748	833	improved	628	833	0.33397674560546875	0.38142475485801697	0.3244771361351013	0.38142475485801697	0.05694761872291565	0.028856277465820312	0.3461437225341797
best250_vs_highdrift_damp	7367	230	regressed	230	231	0.48074424266815186	0.47754526138305664	0.48074424266815186	0.42381787300109863	-0.05692636966705322	0.1306447982788086	0.1193552017211914
best250_vs_highdrift_damp	9188	794	regressed	794	578	0.2516202926635742	0.22178713977336884	0.2516202926635742	0.19490811228752136	-0.056712180376052856	0.37081003189086914	0.12918996810913086
best250_vs_highdrift_damp	46246	270	improved	258	270	0.3678382337093353	0.4198375642299652	0.36321523785591125	0.4198375642299652	0.056622326374053955	0.012647628784179688	0.1436023712158203
best250_vs_highdrift_damp	25325	822	improved	112	822	0.22159329056739807	0.25165265798568726	0.1951332539319992	0.25165265798568726	0.05651940405368805	0.12716102600097656	0.06033897399902344
best250_vs_highdrift_damp	45621	817	improved	479	817	0.26304659247398376	0.30172306299209595	0.2452244907617569	0.30172306299209595	0.05649857223033905	0.07015705108642578	0.14859294891357422
best250_vs_highdrift_damp	43984	154	improved	207	154	0.35354095697402954	0.257348895072937	0.20085331797599792	0.257348895072937	0.05649557709693909	0.5654244422912598	0.15332603454589844
best250_vs_highdrift_damp	24181	467	regressed	467	778	0.4110145568847656	0.39188724756240845	0.4110145568847656	0.35473549365997314	-0.05627906322479248	0.15039825439453125	0.09960174560546875
best250_vs_highdrift_damp	48242	172	regressed	172	171	0.500929057598114	0.5038861036300659	0.500929057598114	0.44474831223487854	-0.056180745363235474	0.12515830993652344	0.12484169006347656
best250_vs_highdrift_damp	24597	456	regressed	456	875	0.4220985770225525	0.37489333748817444	0.4220985770225525	0.36610400676727295	-0.05599457025527954	0.2887759208679199	0.023724079132080078
best250_vs_highdrift_damp	10363	740	regressed	740	621	0.22053714096546173	0.24196796119213104	0.22053714096546173	0.16484014689922333	-0.0556969940662384	0.022420883178710938	0.38382911682128906
best250_vs_highdrift_damp	48746	499	improved	415	499	0.15608933568000793	0.17878961563110352	0.12310944497585297	0.17878961563110352	0.05568017065525055	0.23735475540161133	0.26264524459838867
best250_vs_highdrift_damp	45651	741	improved	698	741	0.2760035991668701	0.297199547290802	0.24156980216503143	0.297199547290802	0.05562974512577057	0.1332554817199707	0.2729945182800293
best250_vs_highdrift_damp	44033	695	improved	507	695	0.34319061040878296	0.2584306597709656	0.20280452072620392	0.2584306597709656	0.05562613904476166	0.5260434150695801	0.09895658493041992
best250_vs_highdrift_damp	29603	194	regressed	194	155	0.21719041466712952	0.23396849632263184	0.21719041466712952	0.1617918312549591	-0.05539858341217041	0.2569255828857422	0.18830156326293945
best250_vs_highdrift_damp	27248	153	regressed	153	257	0.24361814558506012	0.2531794309616089	0.24361814558506012	0.18830925226211548	-0.05530889332294464	0.07898712158203125	0.29601287841796875
best250_vs_highdrift_damp	42163	33	improved	34	33	0.4302995204925537	0.475104957818985	0.4199565649032593	0.475104957818985	0.05514839291572571	0.02433013916015625	0.22566986083984375
best250_vs_highdrift_damp	32391	802	improved	803	802	0.35884079337120056	0.40241187810897827	0.34726646542549133	0.40241187810897827	0.05514541268348694	0.03278636932373047	0.27971363067626953
best250_vs_highdrift_damp	16247	21	improved	912	21	0.3106159269809723	0.32426759600639343	0.269134521484375	0.32426759600639343	0.05513307452201843	0.14334583282470703	0.04415416717529297
best250_vs_highdrift_damp	26704	845	regressed	845	424	0.4206879734992981	0.36828702688217163	0.4206879734992981	0.36581605672836304	-0.05487191677093506	0.3682680130004883	0.006731986999511719
best250_vs_highdrift_damp	7863	197	improved	196	197	0.265095978975296	0.2101374715566635	0.15544942021369934	0.2101374715566635	0.05468805134296417	0.34154367446899414	0.028728485107421875
best250_vs_highdrift_damp	28412	197	regressed	197	205	0.3081473112106323	0.33019885420799255	0.3081473112106323	0.253598153591156	-0.05454915761947632	0.17355585098266602	0.263944149017334
best250_vs_highdrift_damp	6643	165	regressed	165	236	0.27851876616477966	0.2844739258289337	0.27851876616477966	0.22398589551448822	-0.05453287065029144	0.1984415054321289	0.2390584945678711
best250_vs_highdrift_damp	1520	830	regressed	830	764	0.17080841958522797	0.16065062582492828	0.17080841958522797	0.11637675017118454	-0.054431669414043427	0.3338508605957031	0.3223991394042969
best250_vs_highdrift_damp	28240	422	regressed	422	543	0.48424315452575684	0.44608932733535767	0.48424315452575684	0.4303148090839386	-0.05392834544181824	0.24524784088134766	0.036002159118652344
best250_vs_highdrift_damp	49791	592	improved	771	592	0.17125803232192993	0.19772231578826904	0.14393411576747894	0.19772231578826904	0.0537882000207901	0.17381572723388672	0.4383230209350586
best250_vs_highdrift_damp	24207	686	regressed	686	740	0.1853225976228714	0.17049966752529144	0.1853225976228714	0.13171643018722534	-0.05360616743564606	0.11691808700561523	0.25808191299438477
best250_vs_highdrift_damp	31820	180	improved	179	180	0.5011225342750549	0.45671963691711426	0.4032154679298401	0.45671963691711426	0.05350416898727417	0.21737957000732422	0.03262042999267578
best250_vs_highdrift_damp	24994	345	regressed	345	690	0.4236600995063782	0.43202388286590576	0.4236600995063782	0.3703590929508209	-0.05330100655555725	0.0022411346435546875	0.1540079116821289
best250_vs_highdrift_damp	18205	968	improved	967	968	0.4139936566352844	0.464209645986557	0.4110105633735657	0.464209645986557	0.05319908261299133	0.007231712341308594	0.3052682876586914
best250_vs_highdrift_damp	11258	563	regressed	563	418	0.4808826744556427	0.4945169687271118	0.4808826744556427	0.42774271965026855	-0.053139954805374146	0.10494041442871094	0.14505958557128906
best250_vs_highdrift_damp	42971	431	regressed	431	797	0.135902538895607	0.16030536592006683	0.135902538895607	0.08277550339698792	-0.05312703549861908	0.2453017234802246	0.6609482765197754
best250_vs_highdrift_damp	41877	652	regressed	652	864	0.2437877506017685	0.2469371110200882	0.2437877506017685	0.1911013126373291	-0.05268643796443939	0.3374199867248535	0.2563300132751465
best250_vs_highdrift_damp	40754	284	improved	174	284	0.38326701521873474	0.40568745136260986	0.3530091941356659	0.40568745136260986	0.05267825722694397	0.08223772048950195	0.26151227951049805
best250_vs_highdrift_damp	40188	326	improved	322	326	0.38193783164024353	0.42947259545326233	0.377398282289505	0.42947259545326233	0.052074313163757324	0.01195669174194336	0.23804330825805664
best250_vs_highdrift_damp	22642	516	improved	431	516	0.3310270309448242	0.3197764754295349	0.26819854974746704	0.3197764754295349	0.05157792568206787	0.21047258377075195	0.10202741622924805
best250_vs_highdrift_damp	26883	831	improved	750	831	0.46979811787605286	0.4305226504802704	0.37905797362327576	0.4305226504802704	0.05146467685699463	0.2146139144897461	0.035386085510253906
best250_vs_highdrift_damp	33404	176	regressed	176	173	0.4187372922897339	0.3887630105018616	0.4187372922897339	0.3672785460948944	-0.05145874619483948	0.19315052032470703	0.05684947967529297
best250_vs_highdrift_damp	14725	208	improved	207	208	0.4389602243900299	0.4135684072971344	0.36214756965637207	0.4135684072971344	0.05142083764076233	0.19235706329345703	0.02639293670654297
best250_vs_highdrift_damp	4700	246	improved	178	246	0.460271954536438	0.44888025522232056	0.3975413143634796	0.44888025522232056	0.05133894085884094	0.14651870727539062	0.040981292724609375
best250_vs_highdrift_damp	40787	503	improved	505	503	0.4045707583427429	0.4530283510684967	0.402010440826416	0.4530283510684967	0.05101791024208069	0.006348609924316406	0.2436513900756836
best250_vs_highdrift_damp	5548	834	improved	655	834	0.3163711428642273	0.3406088650226593	0.28984901309013367	0.3406088650226593	0.050759851932525635	0.0875558853149414	0.1311941146850586
best250_vs_highdrift_damp	14013	827	improved	556	827	0.3539569675922394	0.3701958954334259	0.3201777935028076	0.3701958954334259	0.050018101930618286	0.10029888153076172	0.11845111846923828
best250_vs_highdrift_damp	12680	282	regressed	282	285	0.403104692697525	0.4048633277416229	0.403104692697525	0.3530972898006439	-0.050007402896881104	0.14444351196289062	0.13680601119995117
best250_vs_highdrift_damp	9080	588	regressed	588	790	0.49120262265205383	0.45925256609916687	0.49120262265205383	0.4413624405860901	-0.049840182065963745	0.21026611328125	0.03973388671875
best250_vs_highdrift_damp	15624	210	regressed	210	243	0.2677757143974304	0.2981029152870178	0.2677757143974304	0.21801535785198212	-0.0497603565454483	0.030876636505126953	0.31287336349487305
best250_vs_highdrift_damp	2255	831	improved	598	831	0.31605666875839233	0.24335049092769623	0.19408190250396729	0.24335049092769623	0.04926858842372894	0.4876413345336914	0.043608665466308594
best250_vs_highdrift_damp	22364	772	regressed	772	455	0.4086518883705139	0.39988261461257935	0.4086518883705139	0.3597385883331299	-0.04891330003738403	0.23795652389526367	0.10579347610473633
best250_vs_highdrift_damp	22374	866	regressed	866	730	0.3722998797893524	0.3435436487197876	0.3722998797893524	0.32355499267578125	-0.04874488711357117	0.31505489349365234	0.059945106506347656
best250_vs_highdrift_damp	31375	860	regressed	860	454	0.361150324344635	0.32293635606765747	0.361150324344635	0.3124304413795471	-0.04871988296508789	0.15442705154418945	0.03307342529296875
best250_vs_highdrift_damp	4503	838	improved	593	838	0.30366528034210205	0.2639254033565521	0.21531614661216736	0.2639254033565521	0.048609256744384766	0.34381866455078125	0.03118133544921875
best250_vs_highdrift_damp	12047	348	regressed	348	519	0.13462306559085846	0.14826589822769165	0.13462306559085846	0.08616873621940613	-0.04845432937145233	0.17605018615722656	0.5426998138427734
best250_vs_highdrift_damp	2554	240	regressed	240	238	0.39974719285964966	0.37963131070137024	0.39974719285964966	0.35153189301490784	-0.04821529984474182	0.23560094833374023	0.07690000534057617
best250_vs_highdrift_damp	24545	665	improved	671	665	0.4011650085449219	0.4044246971607208	0.3563247323036194	0.4044246971607208	0.04809996485710144	0.1185302734375	0.1314697265625
best250_vs_highdrift_damp	12540	700	improved	999	700	0.4691314995288849	0.46587517857551575	0.4178547263145447	0.46587517857551575	0.04802045226097107	0.11574935913085938	0.07175064086914062
best250_vs_highdrift_damp	47234	639	improved	638	639	0.4582926034927368	0.4863591492176056	0.4384070038795471	0.4863591492176056	0.04795214533805847	0.04436016082763672	0.14313983917236328
best250_vs_highdrift_damp	11230	456	improved	764	456	0.36247873306274414	0.3785834312438965	0.331099271774292	0.3785834312438965	0.04748415946960449	0.09054756164550781	0.1907024383544922
best250_vs_highdrift_damp	18644	77	regressed	77	73	0.38851144909858704	0.39115819334983826	0.38851144909858704	0.3410574495792389	-0.047453999519348145	0.05043840408325195	0.13706111907958984
best250_vs_highdrift_damp	14480	21	regressed	21	18	0.2869323194026947	0.2820735275745392	0.2869323194026947	0.2398047000169754	-0.0471276193857193	0.27515697479248047	0.16234302520751953
best250_vs_highdrift_damp	38963	924	improved	923	924	0.35592812299728394	0.3349732458591461	0.28802794218063354	0.3349732458591461	0.04694530367851257	0.2116713523864746	0.03832864761352539
best250_vs_highdrift_damp	28615	478	regressed	478	709	0.24062085151672363	0.26833271980285645	0.24062085151672363	0.19378072023391724	-0.046840131282806396	0.08074951171875	0.32550048828125
best250_vs_highdrift_damp	9202	622	regressed	622	759	0.27670201659202576	0.26872074604034424	0.27670201659202576	0.22989746928215027	-0.04680454730987549	0.09396076202392578	0.15603923797607422
best250_vs_highdrift_damp	26512	928	regressed	928	960	0.48662588000297546	0.44318538904190063	0.48662588000297546	0.43988037109375	-0.046745508909225464	0.18001461029052734	0.007485389709472656
best250_vs_highdrift_damp	23086	682	regressed	682	698	0.1586432307958603	0.1724403202533722	0.1586432307958603	0.11200303584337234	-0.046640194952487946	0.06847476959228516	0.170654296875
best250_vs_highdrift_damp	14399	386	regressed	386	101	0.44597533345222473	0.4364309012889862	0.44597533345222473	0.39947760105133057	-0.046497732400894165	0.1615276336669922	0.08847236633300781
best250_vs_highdrift_damp	41775	945	regressed	945	943	0.30524590611457825	0.3039368689060211	0.30524590611457825	0.25886622071266174	-0.046379685401916504	0.2144913673400879	0.1605086326599121
best250_vs_highdrift_damp	7669	659	improved	522	659	0.26927441358566284	0.2918064296245575	0.24558000266551971	0.2918064296245575	0.04622642695903778	0.09210824966430664	0.28289175033569336
best250_vs_highdrift_damp	38359	663	improved	698	663	0.39655402302742004	0.3849068582057953	0.33870673179626465	0.3849068582057953	0.04620012640953064	0.15767765045166016	0.09232234954833984
best250_vs_highdrift_damp	9620	442	regressed	442	497	0.4803410470485687	0.4528263509273529	0.4803410470485687	0.434194952249527	-0.04614609479904175	0.14548492431640625	0.04201507568359375
best250_vs_highdrift_damp	26597	623	regressed	623	777	0.28997233510017395	0.38825565576553345	0.28997233510017395	0.24388685822486877	-0.046085476875305176	0.0037903785705566406	0.46495962142944336
best250_vs_highdrift_damp	11635	794	regressed	794	905	0.22107228636741638	0.24219894409179688	0.22107228636741638	0.17500248551368713	-0.04606980085372925	0.018790721893310547	0.32495927810668945
best250_vs_highdrift_damp	25347	211	regressed	211	159	0.3637697994709015	0.3308238983154297	0.3637697994709015	0.3177216649055481	-0.046048134565353394	0.14708948135375977	0.040410518646240234
best250_vs_highdrift_damp	16259	385	improved	101	385	0.46745073795318604	0.4676799476146698	0.42185693979263306	0.4676799476146698	0.04582300782203674	0.10262775421142578	0.08487224578857422
best250_vs_highdrift_damp	39064	170	improved	177	170	0.38408857583999634	0.39068201184272766	0.34492361545562744	0.39068201184272766	0.04575839638710022	0.10755014419555664	0.20494985580444336
best250_vs_highdrift_damp	39612	969	regressed	969	737	0.2721990942955017	0.36789682507514954	0.2721990942955017	0.2264767289161682	-0.045722365379333496	0.01483917236328125	0.48516035079956055
best250_vs_highdrift_damp	40160	966	regressed	966	572	0.3198401629924774	0.3351747989654541	0.3198401629924774	0.27413874864578247	-0.045701414346694946	0.04898214340209961	0.2010178565979004
best250_vs_highdrift_damp	16602	473	regressed	473	778	0.2540888488292694	0.2175339162349701	0.2540888488292694	0.20843103528022766	-0.04565781354904175	0.1805286407470703	0.004525184631347656
best250_vs_highdrift_damp	1544	422	regressed	422	543	0.3276870846748352	0.2834727168083191	0.3276870846748352	0.28212881088256836	-0.045558273792266846	0.026497840881347656	0.004752159118652344
best250_vs_highdrift_damp	6356	590	improved	487	590	0.4093022048473358	0.43854326009750366	0.39354047179222107	0.43854326009750366	0.04500278830528259	0.03926992416381836	0.11698007583618164
best250_vs_highdrift_damp	24244	623	improved	644	623	0.1277809590101242	0.11350448429584503	0.06875984370708466	0.11350448429584503	0.044744640588760376	0.08541679382324219	0.028219223022460938
best250_vs_highdrift_damp	36502	188	improved	155	188	0.4011104702949524	0.40526673197746277	0.36059942841529846	0.40526673197746277	0.04466730356216431	0.10646915435791016	0.14353084564208984
best250_vs_highdrift_damp	32410	968	regressed	968	463	0.22794857621192932	0.25419631600379944	0.22794857621192932	0.1837710738182068	-0.044177502393722534	0.050583839416503906	0.3244161605834961
best250_vs_highdrift_damp	2688	868	improved	519	868	0.15755584836006165	0.19521109759807587	0.15131442248821259	0.19521109759807587	0.04389667510986328	0.0404200553894043	0.1783299446105957
best250_vs_highdrift_damp	40173	437	improved	460	437	0.4079304337501526	0.42789632081985474	0.38409605622291565	0.42789632081985474	0.04380026459693909	0.06020402908325195	0.12729597091674805
best250_vs_highdrift_damp	42894	656	improved	436	656	0.3552030622959137	0.397942453622818	0.35479462146759033	0.397942453622818	0.04314783215522766	0.0011506080627441406	0.18634939193725586
best250_vs_highdrift_damp	46599	484	regressed	484	871	0.4791511297225952	0.4536214768886566	0.4791511297225952	0.43606048822402954	-0.043090641498565674	0.14801788330078125	0.03948211669921875
best250_vs_highdrift_damp	45465	324	improved	325	324	0.41455167531967163	0.4314984977245331	0.38853639364242554	0.4314984977245331	0.042962104082107544	0.06481075286865234	0.18518924713134766
best250_vs_highdrift_damp	32663	618	regressed	618	828	0.521630585193634	0.48170730471611023	0.521630585193634	0.4788898825645447	-0.042740702629089355	0.18163394927978516	0.005866050720214844
best250_vs_highdrift_damp	4591	237	regressed	237	159	0.10847540944814682	0.07451857626438141	0.10847540944814682	0.06576605141162872	-0.0427093580365181	0.28130531311035156	0.12494468688964844
best250_vs_highdrift_damp	16380	35	regressed	35	36	0.2161065936088562	0.18355916440486908	0.2161065936088562	0.17343269288539886	-0.042673900723457336	0.1932525634765625	0.0567474365234375
best250_vs_highdrift_damp	11268	864	improved	705	864	0.19171969592571259	0.20709343254566193	0.1648387312889099	0.20709343254566193	0.042254701256752014	0.15106678009033203	0.39121198654174805
best250_vs_highdrift_damp	48918	427	improved	822	427	0.15987838804721832	0.18251407146453857	0.14043815433979034	0.18251407146453857	0.04207591712474823	0.12964630126953125	0.40160369873046875
best250_vs_highdrift_damp	48894	921	improved	922	921	0.18757934868335724	0.1877487450838089	0.1457359343767166	0.1877487450838089	0.042012810707092285	0.25240564346313477	0.49759435653686523
best250_vs_highdrift_damp	10396	918	improved	736	918	0.07436729967594147	0.11347097903490067	0.07154392451047897	0.11347097903490067	0.04192705452442169	0.038704872131347656	0.43004512786865234
best250_vs_highdrift_damp	41637	881	regressed	881	642	0.25274714827537537	0.2588614821434021	0.25274714827537537	0.21085186302661896	-0.04189528524875641	0.07611274719238281	0.2051372528076172
best250_vs_highdrift_damp	6310	780	improved	914	780	0.4474181830883026	0.4395808279514313	0.39769139885902405	0.4395808279514313	0.04188942909240723	0.11781740188598633	0.06968259811401367
best250_vs_highdrift_damp	20335	521	improved	960	521	0.3405478596687317	0.3003216087818146	0.25843381881713867	0.3003216087818146	0.0418877899646759	0.27591609954833984	0.036583900451660156
best250_vs_highdrift_damp	34910	492	improved	401	492	0.14243783056735992	0.17194640636444092	0.13014942407608032	0.17194640636444092	0.041796982288360596	0.09022235870361328	0.3160276412963867
best250_vs_highdrift_damp	10330	609	regressed	609	864	0.28528425097465515	0.3384878635406494	0.28528425097465515	0.2435462921857834	-0.041737958788871765	0.13956880569458008	0.3291811943054199
best250_vs_highdrift_damp	40410	681	improved	620	681	0.4339835047721863	0.4357492923736572	0.394448846578598	0.4357492923736572	0.041300445795059204	0.09551715850830078	0.09198284149169922
best250_vs_highdrift_damp	14544	837	regressed	837	877	0.1763674020767212	0.16196765005588531	0.1763674020767212	0.135101318359375	-0.04126608371734619	0.03737831115722656	0.14452219009399414
best250_vs_highdrift_damp	3182	370	regressed	370	372	0.419506698846817	0.3804642856121063	0.419506698846817	0.3782687485218048	-0.04123795032501221	0.21296262741088867	0.005787372589111328
best250_vs_highdrift_damp	8242	742	improved	713	742	0.47078970074653625	0.5099299550056458	0.4687306880950928	0.5099299550056458	0.04119926691055298	0.004383087158203125	0.18311691284179688
best250_vs_highdrift_damp	21130	433	regressed	433	975	0.14971718192100525	0.12822292745113373	0.14971718192100525	0.10868526250123978	-0.04103191941976547	0.1159358024597168	0.1653141975402832
best250_vs_highdrift_damp	5111	630	improved	464	630	0.13592930138111115	0.135318323969841	0.09432695806026459	0.135318323969841	0.040991365909576416	0.3653678894042969	0.19713211059570312
best250_vs_highdrift_damp	44375	949	improved	990	949	0.1561264544725418	0.18375730514526367	0.1428045928478241	0.18375730514526367	0.040952712297439575	0.08918905258178711	0.1608109474182129
best250_vs_highdrift_damp	25420	708	regressed	708	873	0.2726643979549408	0.2734293043613434	0.2726643979549408	0.23203220963478088	-0.04063218832015991	0.054583072662353516	0.16416692733764648
best250_vs_highdrift_damp	39824	272	regressed	272	269	0.24607910215854645	0.22930088639259338	0.24607910215854645	0.20546266436576843	-0.040616437792778015	0.1089792251586914	0.1097707748413086
best250_vs_highdrift_damp	34945	178	regressed	178	209	0.44017377495765686	0.45594117045402527	0.44017377495765686	0.39965370297431946	-0.0405200719833374	0.11823463439941406	0.13176536560058594
best250_vs_highdrift_damp	25732	427	improved	756	427	0.43846645951271057	0.4750853180885315	0.43470674753189087	0.4750853180885315	0.040378570556640625	0.008611679077148438	0.17888832092285156
best250_vs_highdrift_damp	5842	779	improved	874	779	0.26587074995040894	0.23822344839572906	0.19800832867622375	0.23822344839572906	0.04021511971950531	0.29470109939575195	0.11154890060424805
best250_vs_highdrift_damp	15573	961	improved	923	961	0.13853639364242554	0.13116011023521423	0.0912083312869072	0.13116011023521423	0.03995177894830704	0.09671163558959961	0.08497476577758789
best250_vs_highdrift_damp	6215	541	regressed	541	822	0.3195997476577759	0.3137556314468384	0.3195997476577759	0.27976056933403015	-0.03983917832374573	0.13531970977783203	0.11468029022216797
best250_vs_highdrift_damp	37676	856	regressed	856	866	0.437427282333374	0.4615432322025299	0.437427282333374	0.39776134490966797	-0.039665937423706055	0.038776397705078125	0.14872360229492188
best250_vs_highdrift_damp	48832	544	improved	827	544	0.34777966141700745	0.3868030309677124	0.34714213013648987	0.3868030309677124	0.039660900831222534	0.001834869384765625	0.060665130615234375
best250_vs_highdrift_damp	31142	455	improved	116	455	0.3805502951145172	0.3681114614009857	0.32851070165634155	0.3681114614009857	0.039600759744644165	0.1470489501953125	0.1654510498046875
best250_vs_highdrift_damp	43557	681	improved	620	681	0.4008704125881195	0.4274309575557709	0.38785091042518616	0.4274309575557709	0.03958004713058472	0.03301715850830078	0.09198284149169922
best250_vs_highdrift_damp	39918	841	regressed	841	894	0.3913167119026184	0.4045127332210541	0.3913167119026184	0.3518196940422058	-0.0394970178604126	0.11043548583984375	0.13956451416015625
best250_vs_highdrift_damp	26266	503	improved	505	503	0.14770707488059998	0.14012248814105988	0.10087508708238602	0.14012248814105988	0.03924740105867386	0.32182788848876953	0.2711610794067383
best250_vs_highdrift_damp	29528	348	improved	349	348	0.44646531343460083	0.46483439207077026	0.4256344139575958	0.46483439207077026	0.03919997811317444	0.04778099060058594	0.13971900939941406
best250_vs_highdrift_damp	6354	240	regressed	240	238	0.4431394338607788	0.41036486625671387	0.4431394338607788	0.4044981300830841	-0.0386413037776947	0.20435094833374023	0.014399528503417969
best250_vs_highdrift_damp	46797	540	improved	536	540	0.22927795350551605	0.2525343894958496	0.21393617987632751	0.2525343894958496	0.038598209619522095	0.06925725936889648	0.18074274063110352
best250_vs_highdrift_damp	514	969	regressed	969	473	0.2899059057235718	0.2652978003025055	0.2899059057235718	0.2513364553451538	-0.03856945037841797	0.2896895408630371	0.05406045913696289
best250_vs_highdrift_damp	569	417	regressed	417	607	0.4227224290370941	0.4166208803653717	0.4227224290370941	0.38415995240211487	-0.03856247663497925	0.07513236999511719	0.08111763000488281
best250_vs_highdrift_damp	42018	655	regressed	655	836	0.11545917391777039	0.08087743818759918	0.11545917391777039	0.0770619660615921	-0.038397207856178284	0.3266749382019043	0.0483250617980957
best250_vs_highdrift_damp	38990	150	improved	390	150	0.3671351671218872	0.36801624298095703	0.32962363958358765	0.36801624298095703	0.038392603397369385	0.10777854919433594	0.07972145080566406
best250_vs_highdrift_damp	24005	845	regressed	845	674	0.2307630479335785	0.21161317825317383	0.2307630479335785	0.19251473248004913	-0.03824831545352936	0.1866626739501953	0.09458732604980469
best250_vs_highdrift_damp	38726	465	regressed	465	609	0.17591482400894165	0.14403432607650757	0.17591482400894165	0.13785727322101593	-0.03805755078792572	0.45616722106933594	0.04383277893066406
best250_vs_highdrift_damp	5664	655	regressed	655	823	0.28066951036453247	0.25428062677383423	0.28066951036453247	0.24271497130393982	-0.03795453906059265	0.3284487724304199	0.046550750732421875
best250_vs_highdrift_damp	40044	32	improved	995	32	0.25092458724975586	0.20892967283725739	0.1709955781698227	0.20892967283725739	0.03793409466743469	0.3835148811340332	0.1789851188659668
best250_vs_highdrift_damp	37998	199	improved	224	199	0.15554292500019073	0.14115184545516968	0.1036931574344635	0.14115184545516968	0.03745868802070618	0.4054856300354004	0.09451436996459961
best250_vs_highdrift_damp	43134	955	regressed	955	599	0.19560492038726807	0.1629296839237213	0.19560492038726807	0.1583142727613449	-0.03729064762592316	0.19001340866088867	0.028736591339111328
best250_vs_highdrift_damp	42849	673	regressed	673	622	0.36663201451301575	0.3691615164279938	0.36663201451301575	0.32942333817481995	-0.0372086763381958	0.011109352111816406	0.1138906478881836
best250_vs_highdrift_damp	18470	689	improved	578	689	0.452174574136734	0.46104541420936584	0.424004465341568	0.46104541420936584	0.03704094886779785	0.06432437896728516	0.12317562103271484
best250_vs_highdrift_damp	21632	250	regressed	250	248	0.41824594140052795	0.392886221408844	0.41824594140052795	0.3815377354621887	-0.03670820593833923	0.09568977355957031	0.029310226440429688
best250_vs_highdrift_damp	1974	515	regressed	515	808	0.48388293385505676	0.4812481701374054	0.48388293385505676	0.44721344113349915	-0.03666949272155762	0.11415290832519531	0.07334709167480469
best250_vs_highdrift_damp	11220	892	regressed	892	448	0.5002691745758057	0.4692891836166382	0.5002691745758057	0.4636068642139435	-0.03666231036186218	0.17531776428222656	0.012182235717773438
best250_vs_highdrift_damp	926	33	regressed	33	36	0.18725892901420593	0.2283354103565216	0.18725892901420593	0.15068325400352478	-0.03657567501068115	0.05311441421508789	0.4156355857849121
best250_vs_highdrift_damp	15596	977	improved	814	977	0.40748098492622375	0.34822961688041687	0.31178879737854004	0.34822961688041687	0.03644081950187683	0.2676682472229004	0.07608175277709961
best250_vs_highdrift_damp	27184	784	improved	696	784	0.277610719203949	0.22711867094039917	0.26315420866012573	0.22711867094039917	-0.03603553771972656	0.053479671478271484	0.07152032852172852
best250_vs_highdrift_damp	23188	184	regressed	184	191	0.3281666934490204	0.2952680289745331	0.3281666934490204	0.2924836277961731	-0.03568306565284729	0.1467752456665039	0.009474754333496094
best250_vs_highdrift_damp	48216	915	improved	425	915	0.33244800567626953	0.35185757279396057	0.3162194788455963	0.35185757279396057	0.03563809394836426	0.05004692077636719	0.2937030792236328
best250_vs_highdrift_damp	47228	383	improved	384	383	0.40579044818878174	0.4336893558502197	0.3981083631515503	0.4336893558502197	0.035580992698669434	0.019112586975097656	0.13713741302490234
best250_vs_highdrift_damp	25837	516	regressed	516	529	0.15647928416728973	0.14552363753318787	0.15647928416728973	0.12094556540250778	-0.03553371876478195	0.21624183654785156	0.1849980354309082
best250_vs_highdrift_damp	32839	632	improved	848	632	0.23304462432861328	0.216048002243042	0.18102748692035675	0.216048002243042	0.03502051532268524	0.20702791213989258	0.028668880462646484
best250_vs_highdrift_damp	33088	987	improved	923	987	0.13497190177440643	0.15932728350162506	0.12453704327344894	0.15932728350162506	0.03479024022817612	0.08046340942382812	0.06790304183959961
best250_vs_highdrift_damp	48873	962	regressed	962	923	0.29716795682907104	0.3140047490596771	0.29716795682907104	0.2623794376850128	-0.03478851914405823	0.007883548736572266	0.17961645126342773
best250_vs_highdrift_damp	6284	101	regressed	101	385	0.43870288133621216	0.43979692459106445	0.43870288133621216	0.40401047468185425	-0.03469240665435791	0.10262823104858398	0.08487224578857422
best250_vs_highdrift_damp	41499	83	regressed	83	138	0.22030460834503174	0.2098703384399414	0.22030460834503174	0.18562865257263184	-0.0346759557723999	0.62725830078125	0.12274169921875
best250_vs_highdrift_damp	15111	711	improved	929	711	0.08822011202573776	0.10072711110115051	0.06634998321533203	0.10072711110115051	0.03437712788581848	0.08714103698730469	0.020999431610107422
best250_vs_highdrift_damp	15846	584	improved	902	584	0.14132460951805115	0.1595534235239029	0.12522928416728973	0.1595534235239029	0.03432413935661316	0.12091302871704102	0.285336971282959
best250_vs_highdrift_damp	8568	46	regressed	46	42	0.2859213650226593	0.29327061772346497	0.2859213650226593	0.2518285810947418	-0.03409278392791748	0.22265291213989258	0.15234708786010742
best250_vs_highdrift_damp	38425	857	regressed	857	885	0.14251284301280975	0.16012951731681824	0.14251284301280975	0.10842465609312057	-0.03408818691968918	0.23507261276245117	0.38992738723754883
best250_vs_highdrift_damp	24945	894	regressed	894	799	0.34450146555900574	0.3781656324863434	0.34450146555900574	0.3105612099170685	-0.033940255641937256	0.02179861068725586	0.19695138931274414
best250_vs_highdrift_damp	7994	400	improved	667	400	0.490065336227417	0.4927898049354553	0.4590155780315399	0.4927898049354553	0.033774226903915405	0.06545448303222656	0.05954551696777344
best250_vs_highdrift_damp	44757	636	improved	748	636	0.47465381026268005	0.48930975794792175	0.4555473029613495	0.48930975794792175	0.033762454986572266	0.04108619689941406	0.08391380310058594
best250_vs_highdrift_damp	5941	667	regressed	667	457	0.33813005685806274	0.3558555245399475	0.33813005685806274	0.304372102022171	-0.033757954835891724	0.09372615814208984	0.15627384185791016
best250_vs_highdrift_damp	23261	363	regressed	363	103	0.16685590147972107	0.16942821443080902	0.16685590147972107	0.1331108957529068	-0.03374500572681427	0.41500329971313477	0.24124670028686523
best250_vs_highdrift_damp	14412	65	regressed	65	327	0.2247709184885025	0.19169582426548004	0.2247709184885025	0.1911396086215973	-0.03363130986690521	0.49709415435791016	0.0029058456420898438
best250_vs_highdrift_damp	39155	278	regressed	278	277	0.3795601725578308	0.358266681432724	0.3795601725578308	0.34603407979011536	-0.033526092767715454	0.09025907516479492	0.034740447998046875
best250_vs_highdrift_damp	32147	207	improved	260	207	0.31601956486701965	0.2548165023326874	0.22131302952766418	0.2548165023326874	0.03350347280502319	0.35622596740722656	0.17502403259277344
best250_vs_highdrift_damp	5381	876	regressed	876	706	0.37955790758132935	0.36281120777130127	0.37955790758132935	0.34608232975006104	-0.03347557783126831	0.20279407501220703	0.04720592498779297
best250_vs_highdrift_damp	31022	905	regressed	905	749	0.24037939310073853	0.22427156567573547	0.24037939310073853	0.20697200298309326	-0.033407390117645264	0.6384758949279785	0.08027410507202148
best250_vs_highdrift_damp	29210	385	improved	101	385	0.4599727690219879	0.4484395980834961	0.4151083528995514	0.4484395980834961	0.0333312451839447	0.10262775421142578	0.02237224578857422
best250_vs_highdrift_damp	17941	413	improved	764	413	0.4458698630332947	0.4608168303966522	0.4275834262371063	0.4608168303966522	0.0332334041595459	0.04187774658203125	0.08312225341796875
best250_vs_highdrift_damp	45551	32	regressed	32	31	0.379533052444458	0.3727775812149048	0.379533052444458	0.34632325172424316	-0.033209800720214844	0.020140647888183594	0.0736093521118164
best250_vs_highdrift_damp	10195	624	improved	884	624	0.22101831436157227	0.20613940060138702	0.17304320633411407	0.20613940060138702	0.03309619426727295	0.2447042465209961	0.005295753479003906
best250_vs_highdrift_damp	9799	40	improved	46	40	0.3835347294807434	0.34692201018333435	0.3798341155052185	0.34692201018333435	-0.032912105321884155	0.00969552993774414	0.02155447006225586
best250_vs_highdrift_damp	16598	977	regressed	977	484	0.30268099904060364	0.2943238317966461	0.30268099904060364	0.2698011100292206	-0.03287988901138306	0.006754398345947266	0.08699560165405273
best250_vs_highdrift_damp	20212	230	regressed	230	261	0.34702667593955994	0.33116739988327026	0.34702667593955994	0.31415507197380066	-0.03287160396575928	0.10351276397705078	0.05273723602294922
best250_vs_highdrift_damp	44735	744	improved	657	744	0.4714386761188507	0.48611101508140564	0.45333316922187805	0.48611101508140564	0.03277784585952759	0.03916168212890625	0.08583831787109375
best250_vs_highdrift_damp	7586	125	improved	124	125	0.12571895122528076	0.1085657924413681	0.07603074610233307	0.1085657924413681	0.032535046339035034	0.4481668472290039	0.18458890914916992
best250_vs_highdrift_damp	27987	817	improved	479	817	0.37206968665122986	0.4017069935798645	0.369231253862381	0.4017069935798645	0.03247573971748352	0.0076580047607421875	0.05484199523925781
best250_vs_highdrift_damp	32677	891	improved	593	891	0.14219620823860168	0.15972435474395752	0.1272783875465393	0.15972435474395752	0.03244596719741821	0.11083126068115234	0.011196613311767578
best250_vs_highdrift_damp	12449	236	regressed	236	267	0.34878647327423096	0.406161904335022	0.34878647327423096	0.3163798451423645	-0.032406628131866455	0.00019168853759765625	0.24980831146240234
best250_vs_highdrift_damp	46168	107	improved	574	107	0.22514930367469788	0.19386477768421173	0.16146549582481384	0.19386477768421173	0.03239928185939789	0.3324723243713379	0.1362776756286621
best250_vs_highdrift_damp	37904	908	regressed	908	895	0.3208053410053253	0.32820969820022583	0.3208053410053253	0.2884487807750702	-0.03235656023025513	0.0583648681640625	0.1291351318359375
best250_vs_highdrift_damp	37460	511	regressed	511	817	0.3687990605831146	0.3581329882144928	0.3687990605831146	0.33705994486808777	-0.031739115715026855	0.09560632705688477	0.060643672943115234
best250_vs_highdrift_damp	40400	790	regressed	790	588	0.4669899046421051	0.4742274284362793	0.4669899046421051	0.43546783924102783	-0.03152206540107727	0.03973388671875	0.08526611328125
best250_vs_highdrift_damp	40816	415	regressed	415	498	0.30359116196632385	0.3022535443305969	0.30359116196632385	0.27232828736305237	-0.031262874603271484	0.020741939544677734	0.10425806045532227
best250_vs_highdrift_damp	2174	192	regressed	192	226	0.16205275058746338	0.16058792173862457	0.16205275058746338	0.13079264760017395	-0.03126010298728943	0.576021671295166	0.20522832870483398
best250_vs_highdrift_damp	14871	774	improved	423	774	0.2601754367351532	0.2620472311973572	0.23082569241523743	0.2620472311973572	0.03122153878211975	0.11969327926635742	0.005306720733642578
best250_vs_highdrift_damp	25517	348	improved	349	348	0.4600226581096649	0.46946650743484497	0.4385592043399811	0.46946650743484497	0.03090730309486389	0.04778099060058594	0.07721900939941406
best250_vs_highdrift_damp	9711	349	regressed	349	348	0.45414113998413086	0.4573318660259247	0.45414113998413086	0.42334622144699097	-0.030794918537139893	0.04778099060058594	0.07721900939941406
best250_vs_highdrift_damp	20900	269	improved	360	269	0.3377107083797455	0.2814926505088806	0.25075092911720276	0.2814926505088806	0.030741721391677856	0.2977294921875	0.2335205078125
best250_vs_highdrift_damp	42975	824	improved	474	824	0.2830761671066284	0.25355207920074463	0.22282041609287262	0.25355207920074463	0.03073166310787201	0.18106842041015625	0.0419001579284668
best250_vs_highdrift_damp	48120	931	improved	932	931	0.3078659474849701	0.29451867938041687	0.2638155519962311	0.29451867938041687	0.03070312738418579	0.15441417694091797	0.15808582305908203
best250_vs_highdrift_damp	46395	810	regressed	810	878	0.4306325316429138	0.4396726191043854	0.4306325316429138	0.4002075791358948	-0.030424952507019043	0.030952930450439453	0.09404706954956055
best250_vs_highdrift_damp	23378	439	improved	652	439	0.3092833161354065	0.31783798336982727	0.2874320447444916	0.31783798336982727	0.030405938625335693	0.07327127456665039	0.02047872543334961
best250_vs_highdrift_damp	15169	648	regressed	648	794	0.33808428049087524	0.37074533104896545	0.33808428049087524	0.30769214034080505	-0.03039214015007019	0.0635838508605957	0.1864156723022461
best250_vs_highdrift_damp	26449	742	regressed	742	713	0.4565204977989197	0.4556916058063507	0.4565204977989197	0.4262104034423828	-0.030310094356536865	0.058116912841796875	0.06688308715820312
best250_vs_highdrift_damp	16221	349	regressed	349	348	0.44630101323127747	0.44941800832748413	0.44630101323127747	0.4160204529762268	-0.03028056025505066	0.04778099060058594	0.07721900939941406
best250_vs_highdrift_damp	44298	892	regressed	892	409	0.30063754320144653	0.29148340225219727	0.30063754320144653	0.27036309242248535	-0.03027445077896118	0.08103275299072266	0.07521724700927734
best250_vs_highdrift_damp	37652	792	improved	802	792	0.20457498729228973	0.22772380709648132	0.19766020774841309	0.22772380709648132	0.030063599348068237	0.03438520431518555	0.18436479568481445
best250_vs_highdrift_damp	14572	871	improved	484	871	0.39186781644821167	0.4130120277404785	0.38295090198516846	0.4130120277404785	0.03006112575531006	0.02301788330078125	0.10198211669921875
best250_vs_highdrift_damp	39599	435	improved	876	435	0.4526521861553192	0.455635130405426	0.4257183372974396	0.455635130405426	0.02991679310798645	0.06134605407714844	0.06365394592285156
best250_vs_highdrift_damp	39775	116	improved	113	116	0.31872794032096863	0.3295355439186096	0.2997494637966156	0.3295355439186096	0.02978608012199402	0.06139087677001953	0.06360912322998047
best250_vs_highdrift_damp	48192	819	improved	781	819	0.4305320978164673	0.38209041953086853	0.3525179922580719	0.38209041953086853	0.02957242727279663	0.1999201774597168	0.0500798225402832
best250_vs_highdrift_damp	33696	191	regressed	191	234	0.18776030838489532	0.17155815660953522	0.18776030838489532	0.15829770267009735	-0.029462605714797974	0.0445551872253418	0.0804448127746582
best250_vs_highdrift_damp	6878	804	regressed	804	711	0.3054657280445099	0.29790207743644714	0.3054657280445099	0.2760510742664337	-0.029414653778076172	0.017570972442626953	0.07617902755737305
best250_vs_highdrift_damp	22473	437	improved	460	437	0.3273880183696747	0.3189798593521118	0.2895830273628235	0.3189798593521118	0.02939683198928833	0.12270402908325195	0.03354597091674805
best250_vs_highdrift_damp	46419	922	regressed	922	458	0.4105423092842102	0.4280337393283844	0.4105423092842102	0.38116103410720825	-0.029381275177001953	0.009019851684570312	0.11598014831542969
best250_vs_highdrift_damp	7411	441	improved	647	441	0.11958706378936768	0.148423433303833	0.11928102374076843	0.148423433303833	0.029142409563064575	0.0025625228881835938	0.2786874771118164
best250_vs_highdrift_damp	49591	322	regressed	322	326	0.3622003495693207	0.3395766615867615	0.3622003495693207	0.33308789134025574	-0.02911245822906494	0.10570669174194336	0.01929330825805664
best250_vs_highdrift_damp	7333	654	improved	757	654	0.35903817415237427	0.33414027094841003	0.3052923083305359	0.33414027094841003	0.028847962617874146	0.16215896606445312	0.025341033935546875
best250_vs_highdrift_damp	47397	293	regressed	293	288	0.42843979597091675	0.42772266268730164	0.42843979597091675	0.3995920717716217	-0.028847724199295044	0.05696916580200195	0.06803083419799805
best250_vs_highdrift_damp	8117	75	regressed	75	77	0.30304649472236633	0.3405516743659973	0.30304649472236633	0.2742844820022583	-0.028762012720108032	0.0023488998413085938	0.2164011001586914
best250_vs_highdrift_damp	4627	265	improved	151	265	0.1893828809261322	0.15086357295513153	0.17949514091014862	0.15086357295513153	-0.02863156795501709	0.05362272262573242	0.10262727737426758
best250_vs_highdrift_damp	2219	414	regressed	414	980	0.13601016998291016	0.1082116886973381	0.13601016998291016	0.10739026218652725	-0.028619907796382904	0.24238014221191406	0.0076198577880859375
best250_vs_highdrift_damp	12075	348	improved	349	348	0.4682425260543823	0.47500696778297424	0.44639554619789124	0.47500696778297424	0.028611421585083008	0.04778099060058594	0.07721900939941406
best250_vs_highdrift_damp	28889	754	improved	819	754	0.1938999742269516	0.16522322595119476	0.13667231798171997	0.16522322595119476	0.028550907969474792	0.34975624084472656	0.025243759155273438
best250_vs_highdrift_damp	12937	809	improved	659	809	0.24564175307750702	0.26268136501312256	0.234154611825943	0.26268136501312256	0.028526753187179565	0.04789257049560547	0.04585742950439453
best250_vs_highdrift_damp	332	809	regressed	809	928	0.19044892489910126	0.18146075308322906	0.19044892489910126	0.16200412809848785	-0.028444796800613403	0.2303323745727539	0.1134176254272461
best250_vs_highdrift_damp	14156	319	regressed	319	320	0.43314695358276367	0.40807482600212097	0.43314695358276367	0.40471982955932617	-0.0284271240234375	0.054244041442871094	0.008255481719970703
best250_vs_highdrift_damp	29713	205	improved	224	205	0.2968454658985138	0.2695203721523285	0.24112406373023987	0.2695203721523285	0.028396308422088623	0.2079000473022461	0.042099952697753906
best250_vs_highdrift_damp	32744	674	improved	840	674	0.09606646001338959	0.11822732537984848	0.08986742049455643	0.11822732537984848	0.028359904885292053	0.06670475006103516	0.30829524993896484
best250_vs_highdrift_damp	48497	233	regressed	233	197	0.23217394948005676	0.33173125982284546	0.23217394948005676	0.20384542644023895	-0.02832852303981781	0.013036727905273438	0.48696327209472656
best250_vs_highdrift_damp	7911	283	improved	285	283	0.34845322370529175	0.32889530062675476	0.3005768954753876	0.32889530062675476	0.028318405151367188	0.14780044555664062	0.10219955444335938
best250_vs_highdrift_damp	13757	567	improved	952	567	0.2378104031085968	0.2170920968055725	0.18880093097686768	0.2170920968055725	0.028291165828704834	0.23078060150146484	0.019219398498535156
best250_vs_highdrift_damp	26081	999	improved	700	999	0.36366167664527893	0.36670923233032227	0.3384830057621002	0.36670923233032227	0.028226226568222046	0.07175016403198242	0.05324983596801758
best250_vs_highdrift_damp	5374	780	improved	724	780	0.43263840675354004	0.4310939908027649	0.4028722047805786	0.4310939908027649	0.02822178602218628	0.07128286361694336	0.053717613220214844
best250_vs_highdrift_damp	49737	764	regressed	764	413	0.4314424991607666	0.4117777645587921	0.4314424991607666	0.40337294340133667	-0.02806955575942993	0.22937774658203125	0.02062225341796875
best250_vs_highdrift_damp	27111	526	regressed	526	681	0.19952592253684998	0.17563073337078094	0.19952592253684998	0.17151081562042236	-0.028015106916427612	0.22978591918945312	0.023737430572509766
best250_vs_highdrift_damp	48081	667	improved	446	667	0.20109453797340393	0.22343432903289795	0.19558100402355194	0.22343432903289795	0.02785332500934601	0.027800559997558594	0.034699440002441406
best250_vs_highdrift_damp	39528	459	regressed	459	982	0.13239726424217224	0.11551651358604431	0.13239726424217224	0.10456191748380661	-0.02783534675836563	0.40036582946777344	0.09963417053222656
best250_vs_highdrift_damp	43640	479	regressed	479	817	0.22977466881275177	0.22023263573646545	0.22977466881275177	0.20206540822982788	-0.02770926058292389	0.12393665313720703	0.08609294891357422
best250_vs_highdrift_damp	27083	798	regressed	798	769	0.44115620851516724	0.4814777076244354	0.44115620851516724	0.4135721027851105	-0.027584105730056763	0.03547191619873047	0.15202808380126953
best250_vs_highdrift_damp	21287	166	regressed	166	162	0.39841338992118835	0.4075685143470764	0.39841338992118835	0.3711502254009247	-0.027263164520263672	0.03139781951904297	0.09360218048095703
best250_vs_highdrift_damp	20496	453	improved	648	453	0.262462317943573	0.24245686829090118	0.21533693373203278	0.24245686829090118	0.027119934558868408	0.19790363311767578	0.08334636688232422
best250_vs_highdrift_damp	33823	707	regressed	707	877	0.29549896717071533	0.28779223561286926	0.29549896717071533	0.26841869950294495	-0.027080267667770386	0.055309295654296875	0.06969070434570312
best250_vs_highdrift_damp	15421	350	regressed	350	104	0.1067500188946724	0.1280962973833084	0.1067500188946724	0.07974923402070999	-0.027000784873962402	0.4323549270629883	0.4738950729370117
best250_vs_highdrift_damp	23246	915	regressed	915	879	0.1092236191034317	0.12938202917575836	0.1092236191034317	0.08228964358568192	-0.026933975517749786	0.04747581481933594	0.45252418518066406
best250_vs_highdrift_damp	32376	267	regressed	267	266	0.3120439052581787	0.32031723856925964	0.3120439052581787	0.28523191809654236	-0.026811987161636353	0.008990764617919922	0.11600923538208008
best250_vs_highdrift_damp	4420	472	regressed	472	693	0.43896356225013733	0.4634680151939392	0.43896356225013733	0.412177711725235	-0.026785850524902344	0.007717132568359375	0.11728286743164062
best250_vs_highdrift_damp	15223	74	regressed	74	73	0.2958056628704071	0.2778482735157013	0.2958056628704071	0.2691073715686798	-0.026698291301727295	0.030535221099853516	0.031964778900146484
best250_vs_highdrift_damp	12189	828	regressed	828	778	0.19255085289478302	0.18682003021240234	0.19255085289478302	0.16606058180332184	-0.02649027109146118	0.25720691680908203	0.11779308319091797
best250_vs_highdrift_damp	27409	187	regressed	187	201	0.3562461733818054	0.3348342478275299	0.3562461733818054	0.3297663927078247	-0.026479780673980713	0.17224884033203125	0.01525115966796875
best250_vs_highdrift_damp	44021	125	regressed	125	112	0.4221596121788025	0.40487295389175415	0.4221596121788025	0.3957068622112274	-0.026452749967575073	0.07085037231445312	0.022899627685546875
best250_vs_highdrift_damp	21539	648	regressed	648	905	0.24524247646331787	0.23564501106739044	0.24524247646331787	0.21886411309242249	-0.026378363370895386	0.01987457275390625	0.07387542724609375
best250_vs_highdrift_damp	2171	502	regressed	502	806	0.41171973943710327	0.44526445865631104	0.41171973943710327	0.38536012172698975	-0.026359617710113525	0.07425975799560547	0.14449024200439453
best250_vs_highdrift_damp	14311	678	regressed	678	450	0.1323142945766449	0.11337878555059433	0.1323142945766449	0.10598444938659668	-0.026329845190048218	0.28752994537353516	0.06744194030761719
best250_vs_highdrift_damp	38321	482	regressed	482	848	0.42727696895599365	0.4352789521217346	0.42727696895599365	0.40099892020225525	-0.026278048753738403	0.04297161102294922	0.08202838897705078
best250_vs_highdrift_damp	40107	800	regressed	800	886	0.28287628293037415	0.3403415083885193	0.28287628293037415	0.2566779553890228	-0.02619832754135132	0.03037261962890625	0.28212738037109375
best250_vs_highdrift_damp	37795	480	improved	534	480	0.1993282437324524	0.16239166259765625	0.18834377825260162	0.16239166259765625	-0.025952115654945374	0.056684017181396484	0.037065982818603516
best250_vs_highdrift_damp	2319	796	regressed	796	570	0.2240641564130783	0.26175040006637573	0.2240641564130783	0.19813063740730286	-0.02593351900577545	0.15903520584106445	0.27846479415893555
best250_vs_highdrift_damp	7729	265	regressed	265	153	0.33137309551239014	0.32592958211898804	0.33137309551239014	0.30545511841773987	-0.02591797709465027	0.1538715362548828	0.06487846374511719
best250_vs_highdrift_damp	1328	231	improved	230	231	0.4101554751396179	0.4211132526397705	0.3952986001968384	0.4211132526397705	0.02581465244293213	0.036894798278808594	0.1506052017211914
best250_vs_highdrift_damp	13867	480	improved	922	480	0.30483099818229675	0.3068469762802124	0.28107118606567383	0.3068469762802124	0.025775790214538574	0.08114957809448242	0.10635042190551758
best250_vs_highdrift_damp	9476	65	regressed	65	390	0.3950955271720886	0.3860749900341034	0.3950955271720886	0.36958086490631104	-0.025514662265777588	0.14383792877197266	0.043662071228027344
best250_vs_highdrift_damp	10853	898	improved	845	898	0.37556925415992737	0.31441375613212585	0.339854896068573	0.31441375613212585	-0.025441139936447144	0.09992408752441406	0.025075912475585938
best250_vs_highdrift_damp	11992	482	regressed	482	485	0.42007869482040405	0.4004722833633423	0.42007869482040405	0.3949055075645447	-0.025173187255859375	0.17350196838378906	0.013998031616210938
best250_vs_highdrift_damp	35505	508	improved	620	508	0.16267800331115723	0.17800277471542358	0.1532529890537262	0.17800277471542358	0.024749785661697388	0.0021724700927734375	0.0674896240234375
best250_vs_movev_damp	27345	312	improved	316	312	0.2961632013320923	0.4722082018852234	0.26067131757736206	0.4722082018852234	0.21153688430786133	0.12765026092529297	1.403599739074707
best250_vs_movev_damp	45632	160	regressed	160	226	0.4090857207775116	0.3087865114212036	0.4090857207775116	0.20960848033428192	-0.19947724044322968	0.6125912666320801	0.3874087333679199
best250_vs_movev_damp	46109	412	improved	362	412	0.5372549891471863	0.4238772392272949	0.22762219607830048	0.4238772392272949	0.19625504314899445	0.8587856292724609	0.10996437072753906
best250_vs_movev_damp	32535	674	improved	644	674	0.4298504889011383	0.5971887111663818	0.40405985713005066	0.5971887111663818	0.19312885403633118	0.0618743896484375	0.9693756103515625
best250_vs_movev_damp	24515	390	regressed	390	391	0.43906429409980774	0.5139674544334412	0.43906429409980774	0.25186318159103394	-0.1872011125087738	0.3492259979248047	0.7132740020751953
best250_vs_movev_damp	2302	3	regressed	3	4	0.4672304093837738	0.5968655943870544	0.4672304093837738	0.2835761606693268	-0.18365424871444702	0.13078880310058594	0.7442111968994141
best250_vs_movev_damp	29603	194	regressed	194	155	0.3364524841308594	0.23396849632263184	0.3364524841308594	0.1617918312549591	-0.17466065287590027	1.1623740196228027	0.18830156326293945
best250_vs_movev_damp	5228	147	regressed	147	51	0.4375946521759033	0.4292595088481903	0.4375946521759033	0.2690546214580536	-0.16854003071784973	0.4391026496887207	0.4671473503112793
best250_vs_movev_damp	8516	699	improved	558	699	0.38232243061065674	0.5154664516448975	0.3536848723888397	0.5154664516448975	0.16178157925605774	0.07785797119140625	0.6721420288085938
best250_vs_movev_damp	16486	49	regressed	49	50	0.5027291178703308	0.4371664226055145	0.5027291178703308	0.3421742618083954	-0.16055485606193542	0.4112563133239746	0.2449936866760254
best250_vs_movev_damp	42791	848	improved	732	848	0.3614792823791504	0.4010550081729889	0.24346542358398438	0.4010550081729889	0.15758958458900452	0.3952298164367676	1.0735201835632324
best250_vs_movev_damp	13730	796	improved	788	796	0.48712509870529175	0.43994849920272827	0.2878479063510895	0.43994849920272827	0.1521005928516388	0.5260887145996094	0.22391128540039062
best250_vs_movev_damp	12	712	improved	622	712	0.47944989800453186	0.5021502375602722	0.352711945772171	0.5021502375602722	0.1494382917881012	0.3069877624511719	0.4430122375488281
best250_vs_movev_damp	36507	627	improved	468	627	0.24218589067459106	0.36268219351768494	0.2132633626461029	0.36268219351768494	0.14941883087158203	0.12717771530151367	0.6853222846984863
best250_vs_movev_damp	23713	185	regressed	185	226	0.396231472492218	0.3898466229438782	0.396231472492218	0.2478870153427124	-0.14834445714950562	0.32846927642822266	0.45278024673461914
best250_vs_movev_damp	42750	236	improved	234	236	0.4369412958621979	0.5827281475067139	0.4349054992198944	0.5827281475067139	0.14782264828681946	0.004670143127441406	0.6203298568725586
best250_vs_movev_damp	17410	870	regressed	870	703	0.35191890597343445	0.4617236256599426	0.35191890597343445	0.20462296903133392	-0.14729593694210052	0.0299530029296875	0.8137974739074707
best250_vs_movev_damp	41443	697	regressed	697	775	0.3785040080547333	0.2897516191005707	0.3785040080547333	0.23219743371009827	-0.146306574344635	0.5285639762878418	0.2214360237121582
best250_vs_movev_damp	3630	293	improved	288	293	0.5022647976875305	0.44984495639801025	0.3125758171081543	0.44984495639801025	0.13726913928985596	0.47428035736083984	0.18196916580200195
best250_vs_movev_damp	40158	949	regressed	949	934	0.4383978545665741	0.4145219624042511	0.4383978545665741	0.3024072051048279	-0.13599064946174622	0.3721485137939453	0.3153514862060547
best250_vs_movev_damp	34944	56	improved	61	56	0.36487263441085815	0.3559706509113312	0.2208014279603958	0.3559706509113312	0.13516922295093536	0.5022845268249512	0.37271547317504883
best250_vs_movev_damp	6884	176	improved	160	176	0.40446051955223083	0.4774264395236969	0.3442523777484894	0.4774264395236969	0.13317406177520752	0.1611790657043457	0.4638209342956543
best250_vs_movev_damp	48704	53	improved	56	53	0.4470376670360565	0.3423784375190735	0.21301798522472382	0.3423784375190735	0.12936045229434967	0.7412662506103516	0.25873374938964844
best250_vs_movev_damp	35800	81	improved	132	81	0.43302085995674133	0.40353426337242126	0.2749193608760834	0.40353426337242126	0.1286149024963379	0.45430803298950195	0.29569196701049805
best250_vs_movev_damp	12718	750	improved	520	750	0.4870401918888092	0.5215056538581848	0.39566004276275635	0.5215056538581848	0.12584561109542847	0.20779132843017578	0.3547086715698242
best250_vs_movev_damp	19078	521	regressed	521	965	0.4109182357788086	0.38210007548332214	0.4109182357788086	0.28579816222190857	-0.12512007355690002	0.30335330963134766	0.29039669036865234
best250_vs_movev_damp	27930	603	improved	690	603	0.3593366742134094	0.4240812063217163	0.3000129163265228	0.4240812063217163	0.12406828999519348	0.1804342269897461	0.5070657730102539
best250_vs_movev_damp	2097	959	improved	923	959	0.2574704587459564	0.34471064805984497	0.22151145339012146	0.34471064805984497	0.12319919466972351	0.15043067932128906	0.5995693206787109
best250_vs_movev_damp	47985	971	regressed	971	517	0.4624943137168884	0.3540138602256775	0.4624943137168884	0.33947882056236267	-0.12301549315452576	0.45807552337646484	0.041924476623535156
best250_vs_movev_damp	37470	501	regressed	501	452	0.5118802189826965	0.5303705334663391	0.5118802189826965	0.38887131214141846	-0.12300890684127808	0.25217247009277344	0.31032752990722656
best250_vs_movev_damp	37526	124	improved	118	124	0.40945133566856384	0.3661484122276306	0.24328532814979553	0.3661484122276306	0.12286308407783508	0.5205831527709961	0.1981668472290039
best250_vs_movev_damp	42417	570	improved	836	570	0.37205132842063904	0.4138903021812439	0.2911747694015503	0.4138903021812439	0.1227155327796936	0.24510812759399414	0.5048918724060059
best250_vs_movev_damp	32391	802	improved	803	802	0.37198683619499207	0.40241187810897827	0.28035932779312134	0.40241187810897827	0.12205255031585693	0.28278636932373047	0.27971363067626953
best250_vs_movev_damp	4183	48	improved	385	48	0.15771007537841797	0.18937671184539795	0.06759130209684372	0.18937671184539795	0.12178540974855423	0.8472790718078613	0.7152209281921387
best250_vs_movev_damp	49402	407	regressed	407	734	0.5105531215667725	0.500777006149292	0.5105531215667725	0.3891688287258148	-0.12138429284095764	0.3103523254394531	0.2521476745605469
best250_vs_movev_damp	27083	798	regressed	798	769	0.534493088722229	0.4814777076244354	0.534493088722229	0.4135721027851105	-0.12092098593711853	0.41047191619873047	0.15202808380126953
best250_vs_movev_damp	49202	511	improved	627	511	0.3531034588813782	0.4022311270236969	0.28189462423324585	0.4022311270236969	0.12033650279045105	0.22522783279418945	0.7122721672058105
best250_vs_movev_damp	31230	602	regressed	602	678	0.29493117332458496	0.3508441150188446	0.29493117332458496	0.1764475703239441	-0.11848360300064087	0.1564316749572754	0.6873183250427246
best250_vs_movev_damp	21129	831	improved	721	831	0.5410646796226501	0.5040768980979919	0.38596493005752563	0.5040768980979919	0.11811196804046631	0.33779239654541016	0.16220760345458984
best250_vs_movev_damp	49251	277	improved	279	277	0.36015942692756653	0.4669552445411682	0.34948453307151794	0.4669552445411682	0.11747071146965027	0.03008747100830078	0.563662052154541
best250_vs_movev_damp	23474	47	regressed	47	42	0.40394359827041626	0.32145705819129944	0.40394359827041626	0.2870805859565735	-0.11686301231384277	0.6056489944458008	0.11310100555419922
best250_vs_movev_damp	9001	921	improved	922	921	0.3905554711818695	0.4937435984611511	0.3776296377182007	0.4937435984611511	0.11611396074295044	0.03365612030029297	0.46634387969970703
best250_vs_movev_damp	31911	724	regressed	724	854	0.32913538813591003	0.26673945784568787	0.32913538813591003	0.21341659128665924	-0.1157187968492508	0.4019737243652344	0.22302627563476562
best250_vs_movev_damp	41767	654	regressed	654	705	0.45740339159965515	0.36839941143989563	0.45740339159965515	0.3422835171222687	-0.11511987447738647	0.7389712333679199	0.07352828979492188
best250_vs_movev_damp	26002	206	regressed	206	197	0.4425494372844696	0.44937166571617126	0.4425494372844696	0.32849013805389404	-0.11405929923057556	0.24915647506713867	0.31334352493286133
best250_vs_movev_damp	42894	656	improved	436	656	0.3429279625415802	0.397942453622818	0.28397035598754883	0.397942453622818	0.11397209763526917	0.18865060806274414	0.18634939193725586
best250_vs_movev_damp	19942	245	regressed	245	242	0.44238394498825073	0.5355802178382874	0.44238394498825073	0.3284841775894165	-0.11389976739883423	0.0736379623413086	0.4888620376586914
best250_vs_movev_damp	40104	252	regressed	252	208	0.29435479640960693	0.2762323021888733	0.29435479640960693	0.18120655417442322	-0.11314824223518372	0.3283958435058594	0.24749755859375
best250_vs_movev_damp	7150	513	regressed	513	776	0.33324500918388367	0.33359023928642273	0.33324500918388367	0.2202991545200348	-0.11294585466384888	0.30382299423217773	0.41492700576782227
best250_vs_movev_damp	15747	864	improved	468	864	0.48583534359931946	0.4443250298500061	0.33221107721328735	0.4443250298500061	0.11211395263671875	0.3800992965698242	0.24490070343017578
best250_vs_movev_damp	31995	229	improved	232	229	0.42393743991851807	0.44877710938453674	0.3368860185146332	0.44877710938453674	0.11189109086990356	0.2298412322998047	0.3326587677001953
best250_vs_movev_damp	17545	870	improved	612	870	0.4602333903312683	0.4010360836982727	0.2909129559993744	0.4010360836982727	0.11012312769889832	0.458709716796875	0.135040283203125
best250_vs_movev_damp	27886	361	regressed	361	208	0.19489066302776337	0.14099939167499542	0.19489066302776337	0.08684372901916504	-0.10804693400859833	0.48410463333129883	0.43264341354370117
best250_vs_movev_damp	40807	811	regressed	811	753	0.4700894057750702	0.5051526427268982	0.4700894057750702	0.3634919822216034	-0.1065974235534668	0.1396465301513672	0.3291034698486328
best250_vs_movev_damp	45491	122	improved	119	122	0.45311006903648376	0.4429781436920166	0.3368368446826935	0.4429781436920166	0.10614129900932312	0.2965364456176758	0.20346355438232422
best250_vs_movev_damp	46873	469	regressed	469	634	0.3610507845878601	0.4120759069919586	0.3610507845878601	0.25512391328811646	-0.10592687129974365	0.23929166793823242	0.4794583320617676
best250_vs_movev_damp	4206	95	improved	382	95	0.21544939279556274	0.2446126937866211	0.13904304802417755	0.2446126937866211	0.10556964576244354	0.037935733795166016	0.4124932289123535
best250_vs_movev_damp	10161	624	improved	454	624	0.529391884803772	0.44159483909606934	0.3364236354827881	0.44159483909606934	0.10517120361328125	0.4533576965332031	0.10914230346679688
best250_vs_movev_damp	32544	932	improved	923	932	0.4188426733016968	0.42498305439949036	0.32006800174713135	0.42498305439949036	0.10491505265235901	0.26896190643310547	0.35603809356689453
best250_vs_movev_damp	10988	124	improved	125	124	0.30770280957221985	0.2978396713733673	0.19311687350273132	0.2978396713733673	0.10472279787063599	0.4658389091491699	0.4404110908508301
best250_vs_movev_damp	6643	165	regressed	165	236	0.3276951014995575	0.2844739258289337	0.3276951014995575	0.22398589551448822	-0.10370920598506927	0.4484415054321289	0.2390584945678711
best250_vs_movev_damp	11124	452	regressed	452	463	0.40381714701652527	0.36852118372917175	0.40381714701652527	0.30033639073371887	-0.1034807562828064	0.29540491104125977	0.20459508895874023
best250_vs_movev_damp	14252	361	improved	358	361	0.3825024962425232	0.3707452118396759	0.2677690386772156	0.3707452118396759	0.10297617316246033	0.3566102981567383	0.08088970184326172
best250_vs_movev_damp	6587	115	regressed	115	973	0.26526597142219543	0.2484927922487259	0.26526597142219543	0.16397976875305176	-0.10128620266914368	0.17807912826538086	0.41567087173461914
best250_vs_movev_damp	29317	218	improved	215	218	0.35401442646980286	0.37542563676834106	0.2742578089237213	0.37542563676834106	0.10116782784461975	0.25526905059814453	0.36973094940185547
best250_vs_movev_damp	12385	395	regressed	395	389	0.4410325586795807	0.42377883195877075	0.4410325586795807	0.3405384421348572	-0.10049411654472351	0.25006628036499023	0.21868371963500977
best250_vs_movev_damp	9948	366	regressed	366	367	0.3207941949367523	0.40119001269340515	0.3207941949367523	0.22192040085792542	-0.0988737940788269	0.1578836441040039	0.5921163558959961
best250_vs_movev_damp	13729	64	improved	55	64	0.33983850479125977	0.4234386682510376	0.32475045323371887	0.4234386682510376	0.09868821501731873	0.04541349411010742	0.4233360290527344
best250_vs_movev_damp	41146	651	regressed	651	187	0.4518188536167145	0.5204722285270691	0.4518188536167145	0.35382676124572754	-0.09799209237098694	0.051570892333984375	0.3859291076660156
best250_vs_movev_damp	20607	509	regressed	509	860	0.33248308300971985	0.28069502115249634	0.33248308300971985	0.23521456122398376	-0.09726852178573608	0.3857293128967285	0.17677068710327148
best250_vs_movev_damp	47960	648	regressed	648	760	0.3949260711669922	0.3402078449726105	0.3949260711669922	0.2980203926563263	-0.0969056785106659	0.33635520935058594	0.13239479064941406
best250_vs_movev_damp	36251	889	improved	432	889	0.2656432092189789	0.318560391664505	0.22219179570674896	0.318560391664505	0.09636859595775604	0.17861318588256836	0.38388681411743164
best250_vs_movev_damp	4701	295	regressed	295	297	0.41270196437835693	0.5053325295448303	0.41270196437835693	0.31656742095947266	-0.09613454341888428	0.032319068908691406	0.4676804542541504
best250_vs_movev_damp	38394	165	regressed	165	234	0.30944913625717163	0.23314574360847473	0.30944913625717163	0.2136169821023941	-0.09583215415477753	0.5062708854675293	0.0874791145324707
best250_vs_movev_damp	23075	162	improved	161	162	0.26927700638771057	0.2454240620136261	0.14963935315608978	0.2454240620136261	0.09578470885753632	0.28531408309936523	0.03748750686645508
best250_vs_movev_damp	4700	246	improved	178	246	0.5249907374382019	0.44888025522232056	0.35313907265663147	0.44888025522232056	0.09574118256568909	0.3965187072753906	0.040981292724609375
best250_vs_movev_damp	26641	536	improved	484	536	0.5253477096557617	0.4704742729663849	0.37481623888015747	0.4704742729663849	0.09565803408622742	0.33762454986572266	0.09987545013427734
best250_vs_movev_damp	12969	737	regressed	737	692	0.3140399754047394	0.35431969165802	0.3140399754047394	0.2183842658996582	-0.09565570950508118	0.14105653762817383	0.48394346237182617
best250_vs_movev_damp	26899	691	improved	570	691	0.5052313804626465	0.5481706857681274	0.4526965022087097	0.5481706857681274	0.09547418355941772	0.10979461669921875	0.26520538330078125
best250_vs_movev_damp	46449	134	regressed	134	136	0.3298279345035553	0.39189305901527405	0.3298279345035553	0.23767465353012085	-0.09215328097343445	0.09366369247436523	0.5000863075256348
best250_vs_movev_damp	8956	824	regressed	824	452	0.37423762679100037	0.3032662272453308	0.37423762679100037	0.28222915530204773	-0.09200847148895264	0.5218582153320312	0.07189178466796875
best250_vs_movev_damp	43618	568	improved	368	568	0.385638564825058	0.38672834634780884	0.2950420379638672	0.38672834634780884	0.09168630838394165	0.26778268814086914	0.10721731185913086
best250_vs_movev_damp	46609	966	improved	907	966	0.2558791935443878	0.3250519633293152	0.23342958092689514	0.3250519633293152	0.09162238240242004	0.0018362998962402344	0.12692499160766602
best250_vs_movev_damp	48233	632	regressed	632	550	0.24203570187091827	0.23283249139785767	0.24203570187091827	0.1511056125164032	-0.09093008935451508	0.411409854888916	0.432340145111084
best250_vs_movev_damp	24056	137	regressed	137	131	0.24783295392990112	0.220415860414505	0.24783295392990112	0.15700682997703552	-0.0908261239528656	0.28577327728271484	0.33922672271728516
best250_vs_movev_damp	25382	442	improved	497	442	0.48083335161209106	0.44988977909088135	0.359065979719162	0.44988977909088135	0.09082379937171936	0.29201459884643555	0.08298492431640625
best250_vs_movev_damp	24955	314	improved	124	314	0.21046027541160583	0.28434306383132935	0.19408582150936127	0.28434306383132935	0.09025724232196808	0.08099651336669922	0.6690034866333008
best250_vs_movev_damp	7911	283	improved	285	283	0.4026918411254883	0.32889530062675476	0.23873905837535858	0.32889530062675476	0.09015624225139618	0.5228004455566406	0.10219955444335938
best250_vs_movev_damp	32343	262	improved	237	262	0.24398618936538696	0.32378464937210083	0.23406440019607544	0.32378464937210083	0.08972024917602539	0.041515350341796875	0.5209846496582031
best250_vs_movev_damp	22642	516	improved	431	516	0.29323431849479675	0.3197764754295349	0.23026926815509796	0.3197764754295349	0.08950720727443695	0.24172258377075195	0.10202741622924805
best250_vs_movev_damp	41755	843	regressed	843	488	0.4725814461708069	0.45982280373573303	0.4725814461708069	0.3831348717212677	-0.08944657444953918	0.25504589080810547	0.18245410919189453
best250_vs_movev_damp	46497	132	regressed	132	975	0.4071602523326874	0.35843634605407715	0.4071602523326874	0.3179338276386261	-0.08922642469406128	0.41134214401245117	0.11990785598754883
best250_vs_movev_damp	13526	537	improved	248	537	0.34165364503860474	0.40820837020874023	0.3193529546260834	0.40820837020874023	0.08885541558265686	0.06750059127807617	0.3387484550476074
best250_vs_movev_damp	26104	149	regressed	149	6	0.33067670464515686	0.4079517722129822	0.33067670464515686	0.24195007979869843	-0.08872662484645844	0.07133245468139648	0.5224175453186035
best250_vs_movev_damp	3182	370	regressed	370	372	0.4668999910354614	0.3804642856121063	0.4668999910354614	0.3782687485218048	-0.08863124251365662	0.40046262741088867	0.005787372589111328
best250_vs_movev_damp	5113	202	improved	200	202	0.246428981423378	0.25550946593284607	0.16748493909835815	0.25550946593284607	0.08802452683448792	0.38618040084838867	0.11381959915161133
best250_vs_movev_damp	10002	711	regressed	711	551	0.4565429985523224	0.41840100288391113	0.4565429985523224	0.3688413202762604	-0.08770167827606201	0.37392616271972656	0.12607383728027344
best250_vs_movev_damp	28329	457	improved	834	457	0.3821963667869568	0.4071270227432251	0.31946128606796265	0.4071270227432251	0.08766573667526245	0.17929840087890625	0.25820159912109375
best250_vs_movev_damp	37351	757	regressed	757	812	0.23094414174556732	0.23999004065990448	0.23094414174556732	0.14388900995254517	-0.08705513179302216	0.17594480514526367	0.5115551948547363
best250_vs_movev_damp	48792	91	regressed	91	95	0.2721596658229828	0.36009663343429565	0.2721596658229828	0.18518084287643433	-0.08697882294654846	0.022460460662841797	0.6650395393371582
best250_vs_movev_damp	6970	500	improved	972	500	0.4597541093826294	0.5076732635498047	0.4207886755466461	0.5076732635498047	0.08688458800315857	0.0885610580444336	0.3489389419555664
best250_vs_movev_damp	15967	975	improved	703	975	0.509066104888916	0.5381295084953308	0.4521850347518921	0.5381295084953308	0.08594447374343872	0.11848640441894531	0.2565135955810547
best250_vs_movev_damp	345	834	improved	457	834	0.30312323570251465	0.3512173891067505	0.26532018184661865	0.3512173891067505	0.08589720726013184	0.13320207595825195	0.741797924041748
best250_vs_movev_damp	16035	77	improved	73	77	0.4407757520675659	0.5209506154060364	0.4354914724826813	0.5209506154060364	0.0854591429233551	0.012061119079589844	0.36293888092041016
best250_vs_movev_damp	44361	214	regressed	214	212	0.32591643929481506	0.24407528340816498	0.32591643929481506	0.24051044881343842	-0.08540599048137665	0.5165367126464844	0.014713287353515625
best250_vs_movev_damp	5512	125	regressed	125	124	0.460572212934494	0.5145308971405029	0.460572212934494	0.3753444254398346	-0.08522778749465942	0.05958843231201172	0.3154115676879883
best250_vs_movev_damp	15874	175	improved	189	175	0.22614574432373047	0.2991465628147125	0.2140202522277832	0.2991465628147125	0.08512631058692932	0.05510902404785156	0.6323909759521484
best250_vs_movev_damp	6199	855	improved	761	855	0.1471843421459198	0.22089530527591705	0.13584443926811218	0.22089530527591705	0.08505086600780487	0.08017539978027344	0.44370126724243164
best250_vs_movev_damp	26535	826	regressed	826	409	0.3982698321342468	0.4238402843475342	0.3982698321342468	0.3137706220149994	-0.08449921011924744	0.011805534362792969	0.30069446563720703
best250_vs_movev_damp	26720	657	regressed	657	812	0.2946055829524994	0.307860404253006	0.2946055829524994	0.21071280539035797	-0.08389277756214142	0.370849609375	0.379150390625
best250_vs_movev_damp	7755	836	regressed	836	837	0.4099302589893341	0.4164637625217438	0.4099302589893341	0.32616370916366577	-0.08376654982566833	0.0055999755859375	0.2444000244140625
best250_vs_movev_damp	15031	634	improved	488	634	0.2873697578907013	0.213827446103096	0.1306106597185135	0.213827446103096	0.08321678638458252	0.7885489463806152	0.023951053619384766
best250_vs_movev_damp	19779	698	improved	663	698	0.4995317757129669	0.4365876019001007	0.3547271192073822	0.4365876019001007	0.0818604826927185	0.34232234954833984	0.09517765045166016
best250_vs_movev_damp	15645	488	regressed	488	494	0.3424285054206848	0.31764164566993713	0.3424285054206848	0.26064789295196533	-0.08178061246871948	0.3959965705871582	0.1977534294128418
best250_vs_movev_damp	40188	326	improved	322	326	0.42471688985824585	0.42947259545326233	0.34791773557662964	0.42947259545326233	0.08155485987663269	0.19945669174194336	0.23804330825805664
best250_vs_movev_damp	31619	737	regressed	737	898	0.3795616924762726	0.3321400582790375	0.3795616924762726	0.29825207591056824	-0.08130961656570435	0.3923821449279785	0.10761785507202148
best250_vs_movev_damp	48936	200	improved	204	200	0.4731288254261017	0.43023762106895447	0.3491039276123047	0.43023762106895447	0.08113369345664978	0.3039979934692383	0.07100200653076172
best250_vs_movev_damp	5548	834	improved	655	834	0.34231656789779663	0.3406088650226593	0.2599996030330658	0.3406088650226593	0.0806092619895935	0.2750558853149414	0.1311941146850586
best250_vs_movev_damp	35030	706	regressed	706	762	0.46202412247657776	0.4482978284358978	0.46202412247657776	0.38155657052993774	-0.08046755194664001	0.21380138397216797	0.16119861602783203
best250_vs_movev_damp	12449	236	regressed	236	267	0.39681339263916016	0.406161904335022	0.39681339263916016	0.3163798451423645	-0.08043354749679565	0.25019216537475586	0.24980831146240234
best250_vs_movev_damp	43401	860	improved	424	860	0.3193069100379944	0.36378735303878784	0.2842516303062439	0.36378735303878784	0.07953572273254395	0.11629295349121094	0.32120704650878906
best250_vs_movev_damp	8487	969	improved	784	969	0.11408890038728714	0.16279076039791107	0.08353962004184723	0.16279076039791107	0.07925114035606384	0.3116569519042969	0.9322972297668457
best250_vs_movev_damp	33923	186	improved	852	186	0.3499458134174347	0.40504443645477295	0.32645049691200256	0.40504443645477295	0.07859393954277039	0.06949996948242188	0.3680000305175781
best250_vs_movev_damp	37497	197	regressed	197	233	0.371167927980423	0.4181361496448517	0.371167927980423	0.2926625609397888	-0.07850536704063416	0.04946327209472656	0.35678672790527344
best250_vs_movev_damp	2255	831	improved	598	831	0.32550036907196045	0.24335049092769623	0.16570718586444855	0.24335049092769623	0.07764330506324768	0.6751413345336914	0.043608665466308594
best250_vs_movev_damp	9202	622	regressed	622	759	0.3075351417064667	0.26872074604034424	0.3075351417064667	0.22989746928215027	-0.0776376724243164	0.18771076202392578	0.15603923797607422
best250_vs_movev_damp	46018	792	improved	596	792	0.3132714331150055	0.3390405476093292	0.26165199279785156	0.3390405476093292	0.07738855481147766	0.1800546646118164	0.038695335388183594
best250_vs_movev_damp	18083	194	improved	200	194	0.44214126467704773	0.4002446234226227	0.32296791672706604	0.4002446234226227	0.07727670669555664	0.31407642364501953	0.15467357635498047
best250_vs_movev_damp	32848	492	improved	921	492	0.2278139740228653	0.26212427020072937	0.1849905401468277	0.26212427020072937	0.07713373005390167	0.20822477340698242	0.3230252265930176
best250_vs_movev_damp	14607	377	improved	380	377	0.34881117939949036	0.3139346241950989	0.23682688176631927	0.3139346241950989	0.0771077424287796	0.38720130920410156	0.08154869079589844
best250_vs_movev_damp	17292	787	improved	461	787	0.2960585653781891	0.3673666715621948	0.29087337851524353	0.3673666715621948	0.0764932930469513	0.017669200897216797	0.3260807991027832
best250_vs_movev_damp	4846	921	improved	631	921	0.1351439207792282	0.20774558186531067	0.13176822662353516	0.20774558186531067	0.07597735524177551	0.025295734405517578	0.6850943565368652
best250_vs_movev_damp	15925	141	regressed	141	142	0.34781062602996826	0.40996548533439636	0.34781062602996826	0.2720627188682556	-0.07574790716171265	0.08995962142944336	0.41004037857055664
best250_vs_movev_damp	17325	303	regressed	303	304	0.39593151211738586	0.4859013557434082	0.39593151211738586	0.32068467140197754	-0.07524684071540833	0.08445262908935547	0.41554737091064453
best250_vs_movev_damp	22107	612	improved	870	612	0.4121687412261963	0.40304648876190186	0.32787829637527466	0.40304648876190186	0.0751681923866272	0.228790283203125	0.083709716796875
best250_vs_movev_damp	14666	319	improved	320	319	0.40432459115982056	0.42902299761772156	0.3538816571235657	0.42902299761772156	0.07514134049415588	0.1332554817199707	0.2729945182800293
best250_vs_movev_damp	24048	248	regressed	248	249	0.4152680039405823	0.463066041469574	0.4152680039405823	0.3410171866416931	-0.07425081729888916	0.10031318664550781	0.3059368133544922
best250_vs_movev_damp	40044	32	improved	995	32	0.24963510036468506	0.20892967283725739	0.13669270277023315	0.20892967283725739	0.07223697006702423	0.6022648811340332	0.1789851188659668
best250_vs_movev_damp	46539	663	improved	483	663	0.3242480158805847	0.3359845280647278	0.26394346356391907	0.3359845280647278	0.07204106450080872	0.20577383041381836	0.10672664642333984
best250_vs_movev_damp	11508	872	regressed	872	608	0.41149625182151794	0.3908236026763916	0.41149625182151794	0.33979296684265137	-0.07170328497886658	0.4225802421569824	0.13991975784301758
best250_vs_movev_damp	20040	249	improved	248	249	0.37008270621299744	0.34863507747650146	0.27752551436424255	0.34863507747650146	0.07110956311225891	0.287813663482666	0.055936336517333984
best250_vs_movev_damp	9944	807	regressed	807	912	0.23273801803588867	0.21344973146915436	0.23273801803588867	0.1619037240743637	-0.07083429396152496	0.2236003875732422	0.2763996124267578
best250_vs_movev_damp	48471	424	regressed	424	423	0.4596575200557709	0.44350725412368774	0.4596575200557709	0.38900479674339294	-0.07065272331237793	0.18137741088867188	0.13112258911132812
best250_vs_movev_damp	39807	799	improved	639	799	0.20100902020931244	0.26396727561950684	0.193579763174057	0.26396727561950684	0.07038751244544983	0.03766012191772461	0.3060898780822754
best250_vs_movev_damp	4906	441	improved	572	441	0.4743458926677704	0.4746151864528656	0.4045681059360504	0.4746151864528656	0.07004708051681519	0.1591167449951172	0.1533832550048828
best250_vs_movev_damp	21203	506	regressed	506	879	0.39203765988349915	0.3474428951740265	0.39203765988349915	0.3221150040626526	-0.06992265582084656	0.17430830001831055	0.07569169998168945
best250_vs_movev_damp	48067	586	regressed	586	847	0.45014330744743347	0.3893989324569702	0.45014330744743347	0.3804062604904175	-0.06973704695701599	0.4141354560852051	0.023364543914794922
best250_vs_movev_damp	34079	938	regressed	938	659	0.24413365125656128	0.20512282848358154	0.24413365125656128	0.17442041635513306	-0.06971323490142822	0.4316096305847168	0.1621403694152832
best250_vs_movev_damp	7206	999	improved	700	999	0.2682991027832031	0.33499079942703247	0.2658287286758423	0.33499079942703247	0.06916207075119019	0.009250164031982422	0.3344998359680176
best250_vs_movev_damp	34591	732	regressed	732	759	0.2202298790216446	0.19436612725257874	0.2202298790216446	0.1510903239250183	-0.06913955509662628	0.23524761199951172	0.25186586380004883
best250_vs_movev_damp	37619	421	improved	453	421	0.3179173767566681	0.2930699586868286	0.22398190200328827	0.2930699586868286	0.06908805668354034	0.35022640228271484	0.024773597717285156
best250_vs_movev_damp	42484	789	regressed	789	583	0.33080095052719116	0.3240616023540497	0.33080095052719116	0.26193639636039734	-0.06886455416679382	0.318418025970459	0.21283197402954102
best250_vs_movev_damp	49259	513	improved	650	513	0.3381541967391968	0.4054437279701233	0.3366367518901825	0.4054437279701233	0.0688069760799408	0.004497528076171875	0.2767524719238281
best250_vs_movev_damp	5050	812	regressed	812	657	0.39952966570854187	0.3398929834365845	0.39952966570854187	0.3308057188987732	-0.06872394680976868	0.254150390625	0.027099609375
best250_vs_movev_damp	38467	794	regressed	794	648	0.19362439215183258	0.19991329312324524	0.19362439215183258	0.12496701627969742	-0.06865737587213516	0.030166149139404297	0.4698338508605957
best250_vs_movev_damp	33823	707	regressed	707	877	0.3368496596813202	0.28779223561286926	0.3368496596813202	0.26841869950294495	-0.06843096017837524	0.18030929565429688	0.06969070434570312
best250_vs_movev_damp	23928	623	improved	813	623	0.3091958463191986	0.3385070562362671	0.27039235830307007	0.3385070562362671	0.06811469793319702	0.13410091400146484	0.11589908599853516
best250_vs_movev_damp	16845	770	regressed	770	774	0.4288998246192932	0.3762893080711365	0.4288998246192932	0.36127614974975586	-0.06762367486953735	0.27178430557250977	0.040715694427490234
best250_vs_movev_damp	26512	928	regressed	928	960	0.5074687600135803	0.44318538904190063	0.5074687600135803	0.43988037109375	-0.06758838891983032	0.30501461029052734	0.007485389709472656
best250_vs_movev_damp	10294	441	improved	737	441	0.4062349200248718	0.4565281867980957	0.3892214000225067	0.4565281867980957	0.06730678677558899	0.042783260345458984	0.300966739654541
best250_vs_movev_damp	1974	515	regressed	515	808	0.5142737627029419	0.4812481701374054	0.5142737627029419	0.44721344113349915	-0.06706032156944275	0.2391529083251953	0.07334709167480469
best250_vs_movev_damp	26704	845	regressed	845	424	0.4328159689903259	0.36828702688217163	0.4328159689903259	0.36581605672836304	-0.06699991226196289	0.4307680130004883	0.006731986999511719
best250_vs_movev_damp	16099	930	regressed	930	415	0.4153536260128021	0.4184313416481018	0.4153536260128021	0.34876662492752075	-0.06658700108528137	0.16164016723632812	0.18210983276367188
best250_vs_movev_damp	33423	185	regressed	185	186	0.4562993049621582	0.44768664240837097	0.4562993049621582	0.39058688282966614	-0.06571242213249207	0.1760568618774414	0.1364431381225586
best250_vs_movev_damp	14883	612	regressed	612	870	0.24351373314857483	0.28703516721725464	0.24351373314857483	0.1778275966644287	-0.06568613648414612	0.021209716796875	0.478790283203125
best250_vs_movev_damp	29133	187	improved	192	187	0.22921255230903625	0.22661569714546204	0.1611141413450241	0.22661569714546204	0.06550155580043793	0.352536678314209	0.01599884033203125
best250_vs_movev_damp	20893	747	improved	882	747	0.16460055112838745	0.17963378131389618	0.11415604501962662	0.17963378131389618	0.06547773629426956	0.3659553527832031	0.19654464721679688
best250_vs_movev_damp	28049	1	improved	393	1	0.3441239595413208	0.25069719552993774	0.18560528755187988	0.25069719552993774	0.06509190797805786	0.539696216583252	0.07012033462524414
best250_vs_movev_damp	47924	854	regressed	854	884	0.3283522129058838	0.285115510225296	0.3283522129058838	0.263526976108551	-0.06482523679733276	0.3275113105773926	0.07873868942260742
best250_vs_movev_damp	7605	653	improved	505	653	0.2176165133714676	0.2726783752441406	0.20793916285037994	0.2726783752441406	0.06473921239376068	0.045488834381103516	0.3607611656188965
best250_vs_movev_damp	49552	711	regressed	711	572	0.24068638682365417	0.3073059916496277	0.24068638682365417	0.17627258598804474	-0.06441380083560944	0.006687641143798828	0.5447678565979004
best250_vs_movev_damp	23351	888	improved	821	888	0.3764045834541321	0.36581188440322876	0.30153602361679077	0.36581188440322876	0.06427586078643799	0.22177505493164062	0.24697494506835938
best250_vs_movev_damp	25384	672	improved	797	672	0.5052133798599243	0.4583461880683899	0.3941463232040405	0.4583461880683899	0.06419986486434937	0.2482585906982422	0.0017414093017578125
best250_vs_movev_damp	7373	804	improved	788	804	0.2035721242427826	0.2472597062587738	0.18313953280448914	0.2472597062587738	0.06412017345428467	0.10577201843261719	0.3190732002258301
best250_vs_movev_damp	40107	800	regressed	800	886	0.3207663297653198	0.3403415083885193	0.3207663297653198	0.2566779553890228	-0.064088374376297	0.15537261962890625	0.28212738037109375
best250_vs_movev_damp	12083	649	regressed	649	825	0.47416776418685913	0.4263603687286377	0.47416776418685913	0.4101695120334625	-0.0639982521533966	0.3675355911254883	0.03871440887451172
best250_vs_movev_damp	40410	681	improved	620	681	0.4637458026409149	0.4357492923736572	0.37197232246398926	0.4357492923736572	0.06377696990966797	0.22051715850830078	0.09198284149169922
best250_vs_movev_damp	21842	582	regressed	582	737	0.34121760725975037	0.2907828688621521	0.34121760725975037	0.27755284309387207	-0.0636647641658783	0.2659339904785156	0.04656553268432617
best250_vs_movev_damp	25420	708	regressed	708	873	0.29551583528518677	0.2734293043613434	0.29551583528518677	0.23203220963478088	-0.06348362565040588	0.21083307266235352	0.16416692733764648
best250_vs_movev_damp	27682	715	improved	652	715	0.4390667974948883	0.44859078526496887	0.3851490914821625	0.44859078526496887	0.0634416937828064	0.13102102279663086	0.15022945404052734
best250_vs_movev_damp	2843	517	regressed	517	536	0.3369547724723816	0.3609313666820526	0.3369547724723816	0.2735629975795746	-0.063391774892807	0.09784412384033203	0.27715587615966797
best250_vs_movev_damp	30682	643	regressed	643	772	0.24164214730262756	0.18032540380954742	0.24164214730262756	0.17862194776535034	-0.06302019953727722	0.4905085563659668	0.009491443634033203
best250_vs_movev_damp	18845	510	regressed	510	554	0.22394320368766785	0.24620577692985535	0.22394320368766785	0.16124671697616577	-0.06269648671150208	0.2955179214477539	0.4232320785522461
best250_vs_movev_damp	3230	617	improved	903	617	0.29124706983566284	0.3285731077194214	0.26612135767936707	0.3285731077194214	0.06245175004005432	0.09021949768066406	0.37853050231933594
best250_vs_movev_damp	40184	623	regressed	623	563	0.3644205331802368	0.3847462832927704	0.3644205331802368	0.30244749784469604	-0.06197303533554077	0.0718235969543457	0.2406764030456543
best250_vs_movev_damp	10603	245	regressed	245	189	0.35066309571266174	0.3072893023490906	0.35066309571266174	0.28922906517982483	-0.061434030532836914	0.15817928314208984	0.060570716857910156
best250_vs_movev_damp	47545	619	improved	818	619	0.11090650409460068	0.1610843688249588	0.09975352883338928	0.1610843688249588	0.06133083999156952	0.10598516464233398	0.300264835357666
best250_vs_movev_damp	39477	796	regressed	796	658	0.3150104880332947	0.261807918548584	0.3150104880332947	0.25396937131881714	-0.06104111671447754	0.2196025848388672	0.030397415161132812
best250_vs_movev_damp	22180	501	regressed	501	885	0.3200993835926056	0.33180344104766846	0.3200993835926056	0.259219229221344	-0.0608801543712616	0.12813138961791992	0.24686861038208008
best250_vs_movev_damp	48582	110	improved	115	110	0.4621815085411072	0.486971378326416	0.42655375599861145	0.486971378326416	0.060417622327804565	0.08021926879882812	0.23228073120117188
best250_vs_movev_damp	45379	593	improved	650	593	0.3419371545314789	0.392250657081604	0.3318762481212616	0.392250657081604	0.06037440896034241	0.029864788055419922	0.2513852119445801
best250_vs_movev_damp	48580	609	improved	407	609	0.5010711550712585	0.45314913988113403	0.3929840922355652	0.45314913988113403	0.06016504764556885	0.2429790496826172	0.0070209503173828125
best250_vs_movev_damp	27491	776	regressed	776	528	0.14181998372077942	0.1305331587791443	0.14181998372077942	0.08251562714576721	-0.05930435657501221	0.16636037826538086	0.12414169311523438
best250_vs_movev_damp	48497	233	regressed	233	197	0.263050377368927	0.33173125982284546	0.263050377368927	0.20384542644023895	-0.05920495092868805	0.013036727905273438	0.48696327209472656
best250_vs_movev_damp	48158	864	improved	555	864	0.4135582745075226	0.3768007457256317	0.31764650344848633	0.3768007457256317	0.059154242277145386	0.26385927200317383	0.17364072799682617
best250_vs_movev_damp	33579	787	improved	643	787	0.25706085562705994	0.2047782838344574	0.1459631770849228	0.2047782838344574	0.05881510674953461	0.5659584999084473	0.34029150009155273
best250_vs_movev_damp	1317	218	regressed	218	156	0.40732622146606445	0.38816121220588684	0.40732622146606445	0.3487304449081421	-0.05859577655792236	0.23662853240966797	0.10712146759033203
best250_vs_movev_damp	47219	943	regressed	943	939	0.4706707298755646	0.47265195846557617	0.4706707298755646	0.41208574175834656	-0.05858498811721802	0.11287212371826172	0.13712787628173828
best250_vs_movev_damp	40602	27	improved	455	27	0.43189728260040283	0.3887823820114136	0.33032912015914917	0.3887823820114136	0.058453261852264404	0.2680983543395996	0.07565164566040039
best250_vs_movev_damp	48873	962	regressed	962	923	0.3202599883079529	0.3140047490596771	0.3202599883079529	0.2623794376850128	-0.057880550622940063	0.10163354873657227	0.17961645126342773
best250_vs_movev_damp	33454	236	improved	238	236	0.3607352674007416	0.3775556683540344	0.3197968006134033	0.3775556683540344	0.057758867740631104	0.12045860290527344	0.28579139709472656
best250_vs_movev_damp	39775	116	improved	113	116	0.4208657145500183	0.3295355439186096	0.27203288674354553	0.3295355439186096	0.05750265717506409	0.43639087677001953	0.06360912322998047
best250_vs_movev_damp	16247	21	improved	912	21	0.3494495153427124	0.32426759600639343	0.267204225063324	0.32426759600639343	0.05706337094306946	0.26834583282470703	0.04415416717529297
best250_vs_movev_damp	22271	617	improved	786	617	0.4063734710216522	0.4541417360305786	0.39724838733673096	0.4541417360305786	0.056893348693847656	0.022710800170898438	0.32103919982910156
best250_vs_movev_damp	3919	501	improved	689	501	0.2974378764629364	0.2651979327201843	0.2083437293767929	0.2651979327201843	0.05685420334339142	0.17023134231567383	0.11273384094238281
best250_vs_movev_damp	41570	765	regressed	765	857	0.3857349157333374	0.408758282661438	0.3857349157333374	0.32900190353393555	-0.056733012199401855	0.15793943405151367	0.21706056594848633
best250_vs_movev_damp	28615	478	regressed	478	709	0.2501964271068573	0.26833271980285645	0.2501964271068573	0.19378072023391724	-0.056415706872940063	0.36199951171875	0.32550048828125
best250_vs_movev_damp	8873	583	improved	534	583	0.3217688798904419	0.33057546615600586	0.27420568466186523	0.33057546615600586	0.056369781494140625	0.15995502471923828	0.15254497528076172
best250_vs_movev_damp	37807	501	improved	869	501	0.2303658425807953	0.24677129089832306	0.19078148901462555	0.24677129089832306	0.05598980188369751	0.18853998184204102	0.3464059829711914
best250_vs_movev_damp	25057	593	regressed	593	819	0.34493309259414673	0.2918750047683716	0.34493309259414673	0.2889966368675232	-0.055936455726623535	0.17758941650390625	0.00991058349609375
best250_vs_movev_damp	6014	733	improved	645	733	0.3484030067920685	0.37551090121269226	0.3195967376232147	0.37551090121269226	0.05591416358947754	0.08629989624023438	0.13245010375976562
best250_vs_movev_damp	28240	422	regressed	422	543	0.48602044582366943	0.44608932733535767	0.48602044582366943	0.4303148090839386	-0.055705636739730835	0.30774784088134766	0.036002159118652344
best250_vs_movev_damp	32574	764	regressed	764	763	0.22285404801368713	0.22748397290706635	0.22285404801368713	0.16721142828464508	-0.05564261972904205	0.06717920303344727	0.30782079696655273
best250_vs_movev_damp	14725	208	improved	207	208	0.42052868008613586	0.4135684072971344	0.35795438289642334	0.4135684072971344	0.05561402440071106	0.16110706329345703	0.02639293670654297
best250_vs_movev_damp	28716	909	regressed	909	469	0.27487626671791077	0.24662595987319946	0.27487626671791077	0.21963070333003998	-0.05524556338787079	0.16532468795776367	0.11592531204223633
best250_vs_movev_damp	37676	856	regressed	856	866	0.4528835117816925	0.4615432322025299	0.4528835117816925	0.39776134490966797	-0.055122166872024536	0.10127639770507812	0.14872360229492188
best250_vs_movev_damp	34310	960	regressed	960	927	0.356027215719223	0.3729515075683594	0.356027215719223	0.3010731637477875	-0.05495405197143555	0.1609044075012207	0.2140951156616211
best250_vs_movev_damp	12742	407	regressed	407	555	0.32777151465415955	0.28335726261138916	0.32777151465415955	0.2729113698005676	-0.05486014485359192	0.05618858337402344	0.03756141662597656
best250_vs_movev_damp	23820	222	improved	257	222	0.47367188334465027	0.4639214873313904	0.40915513038635254	0.4639214873313904	0.05476635694503784	0.14642047882080078	0.10357952117919922
best250_vs_movev_damp	25347	211	regressed	211	159	0.37244415283203125	0.3308238983154297	0.37244415283203125	0.3177216649055481	-0.054722487926483154	0.11583948135375977	0.040410518646240234
best250_vs_movev_damp	8568	46	regressed	46	42	0.3064517080783844	0.29327061772346497	0.3064517080783844	0.2518285810947418	-0.05462312698364258	0.3164029121398926	0.15234708786010742
best250_vs_movev_damp	15722	883	improved	504	883	0.24058952927589417	0.277603417634964	0.2231646478176117	0.277603417634964	0.054438769817352295	0.07518243789672852	0.3310675621032715
best250_vs_movev_damp	38656	889	improved	432	889	0.19809342920780182	0.23066917061805725	0.1763773262500763	0.23066917061805725	0.05429184436798096	0.11611318588256836	0.44638681411743164
best250_vs_movev_damp	27511	923	regressed	923	928	0.28306177258491516	0.2650286853313446	0.28306177258491516	0.2289201319217682	-0.05414164066314697	0.4120821952819824	0.14646482467651367
best250_vs_movev_damp	13018	294	regressed	294	295	0.4003719389438629	0.40456622838974	0.4003719389438629	0.34626469016075134	-0.05410724878311157	0.09438800811767578	0.15561199188232422
best250_vs_movev_damp	30191	635	regressed	635	426	0.4460182189941406	0.39214634895324707	0.4460182189941406	0.39194631576538086	-0.054071903228759766	0.24948978424072266	0.0005102157592773438
best250_vs_movev_damp	45780	631	improved	838	631	0.4659615159034729	0.5137270092964172	0.4597417116165161	0.5137270092964172	0.05398529767990112	0.013438224792480469	0.23656177520751953
best250_vs_movev_damp	13575	265	regressed	265	153	0.3924514353275299	0.38449037075042725	0.3924514353275299	0.33850547671318054	-0.053945958614349365	0.1851215362548828	0.1273784637451172
best250_vs_movev_damp	14399	386	regressed	386	101	0.45336809754371643	0.4364309012889862	0.45336809754371643	0.39947760105133057	-0.053890496492385864	0.2240276336669922	0.08847236633300781
best250_vs_movev_damp	40805	151	improved	230	151	0.25449201464653015	0.2525191903114319	0.19869963824748993	0.2525191903114319	0.053819552063941956	0.24747514724731445	0.47127485275268555
best250_vs_movev_damp	41762	413	improved	652	413	0.4057696759700775	0.40567269921302795	0.35196924209594727	0.40567269921302795	0.05370345711708069	0.1422419548034668	0.1390080451965332
best250_vs_movev_damp	13323	136	improved	91	136	0.18733328580856323	0.17333069443702698	0.1197250559926033	0.17333069443702698	0.053605638444423676	0.0616002082824707	0.05230855941772461
best250_vs_movev_damp	2923	827	improved	588	827	0.27940627932548523	0.30869609117507935	0.2551252543926239	0.30869609117507935	0.053570836782455444	0.0909123420715332	0.0965876579284668
best250_vs_movev_damp	16752	765	regressed	765	423	0.3836965560913086	0.41170990467071533	0.3836965560913086	0.33031851053237915	-0.05337804555892944	0.1234884262084961	0.2202615737915039
best250_vs_movev_damp	47461	930	improved	941	930	0.22970032691955566	0.22321376204490662	0.16984084248542786	0.22321376204490662	0.05337291955947876	0.3019137382507324	0.10433626174926758
best250_vs_movev_damp	21398	637	improved	800	637	0.4404022693634033	0.4007071852684021	0.34738826751708984	0.4007071852684021	0.053318917751312256	0.2372455596923828	0.04400444030761719
best250_vs_movev_damp	28708	577	regressed	577	868	0.3401333689689636	0.3029877245426178	0.3401333689689636	0.2868475317955017	-0.053285837173461914	0.25775861740112305	0.05474138259887695
best250_vs_movev_damp	37880	859	regressed	859	742	0.39394494891166687	0.39641883969306946	0.39394494891166687	0.3406994342803955	-0.05324551463127136	0.12977933883666992	0.15147066116333008
best250_vs_movev_damp	27411	111	regressed	111	114	0.248421773314476	0.3295844495296478	0.248421773314476	0.19532141089439392	-0.05310036242008209	0.16431379318237305	0.523186206817627
best250_vs_movev_damp	40319	507	improved	827	507	0.3494526445865631	0.31031376123428345	0.25721651315689087	0.31031376123428345	0.05309724807739258	0.30644989013671875	0.16230010986328125
best250_vs_movev_damp	7532	101	regressed	101	385	0.46697375178337097	0.4505807161331177	0.46697375178337097	0.41391679644584656	-0.053056955337524414	0.16512775421142578	0.08487224578857422
best250_vs_movev_damp	43152	453	regressed	453	786	0.19712553918361664	0.20157763361930847	0.19712553918361664	0.14435438811779022	-0.052771151065826416	0.10553121566772461	0.3144345283508301
best250_vs_movev_damp	25732	427	improved	756	427	0.43960869312286377	0.4750853180885315	0.4224298596382141	0.4750853180885315	0.05265545845031738	0.03986167907714844	0.17888832092285156
best250_vs_movev_damp	21632	250	regressed	250	248	0.43415367603302	0.392886221408844	0.43415367603302	0.3815377354621887	-0.0526159405708313	0.1581897735595703	0.029310226440429688
best250_vs_movev_damp	34388	283	improved	284	283	0.3940149247646332	0.4386579990386963	0.3862777352333069	0.4386579990386963	0.052380263805389404	0.019832134246826172	0.26141786575317383
best250_vs_movev_damp	734	928	regressed	928	927	0.40370550751686096	0.42499133944511414	0.40370550751686096	0.3513343036174774	-0.052371203899383545	0.09091949462890625	0.19033050537109375
best250_vs_movev_damp	2572	610	improved	887	610	0.1856425553560257	0.2345198541879654	0.182150200009346	0.2345198541879654	0.052369654178619385	0.018991470336914062	0.10600852966308594
best250_vs_movev_damp	6686	111	regressed	111	116	0.15733519196510315	0.14550162851810455	0.15733519196510315	0.10506762564182281	-0.052267566323280334	0.6119170188903809	0.32558298110961914
best250_vs_movev_damp	35707	378	improved	381	378	0.37844422459602356	0.34530478715896606	0.29306215047836304	0.34530478715896606	0.05224263668060303	0.25568389892578125	0.02556610107421875
best250_vs_movev_damp	14412	65	regressed	65	327	0.24337537586688995	0.19169582426548004	0.24337537586688995	0.1911396086215973	-0.052235767245292664	0.43459415435791016	0.0029058456420898438
best250_vs_movev_damp	16230	799	regressed	799	519	0.3038213849067688	0.25773686170578003	0.3038213849067688	0.251761257648468	-0.05206012725830078	0.5077919960021973	0.023458003997802734
best250_vs_movev_damp	31039	218	improved	215	218	0.4527214467525482	0.4494612514972687	0.3974253237247467	0.4494612514972687	0.05203592777252197	0.13027000427246094	0.11972999572753906
best250_vs_movev_damp	36652	632	regressed	632	848	0.33010169863700867	0.29842302203178406	0.33010169863700867	0.2796196937561035	-0.05048200488090515	0.24741840362548828	0.06508159637451172
best250_vs_movev_damp	47780	471	regressed	471	920	0.3481874167919159	0.417545348405838	0.3481874167919159	0.29791459441185	-0.05027282238006592	0.006163597106933594	0.3375864028930664
best250_vs_movev_damp	24413	335	improved	371	335	0.22842538356781006	0.16014164686203003	0.11037342995405197	0.16014164686203003	0.04976821690797806	0.7273402214050293	0.1476597785949707
best250_vs_movev_damp	323	4	regressed	4	2	0.42022618651390076	0.45170164108276367	0.42022618651390076	0.37067076563835144	-0.049555420875549316	0.052292823791503906	0.1977076530456543
best250_vs_movev_damp	29161	983	regressed	983	801	0.3507808446884155	0.3343121111392975	0.3507808446884155	0.3015979826450348	-0.04918286204338074	0.2407698631286621	0.10298013687133789
best250_vs_movev_damp	13738	517	improved	733	517	0.22152148187160492	0.22133535146713257	0.17243294417858124	0.22133535146713257	0.04890240728855133	0.25051116943359375	0.12448883056640625
best250_vs_movev_damp	17992	498	improved	627	498	0.17755988240242004	0.21386584639549255	0.16498829424381256	0.21386584639549255	0.04887755215167999	0.07343339920043945	0.45781660079956055
best250_vs_movev_damp	21539	648	regressed	648	905	0.2676374614238739	0.23564501106739044	0.2676374614238739	0.21886411309242249	-0.048773348331451416	0.08237457275390625	0.07387542724609375
best250_vs_movev_damp	5842	779	improved	874	779	0.29741790890693665	0.23822344839572906	0.18946175277233124	0.23822344839572906	0.04876169562339783	0.45095109939575195	0.11154890060424805
best250_vs_movev_damp	38990	150	improved	390	150	0.3785299062728882	0.36801624298095703	0.31926342844963074	0.36801624298095703	0.048752814531326294	0.17027854919433594	0.07972145080566406
best250_vs_movev_damp	1499	914	regressed	914	780	0.4262501001358032	0.4052157700061798	0.4262501001358032	0.37794041633605957	-0.04830968379974365	0.11781692504882812	0.06968307495117188
best250_vs_movev_damp	41248	118	improved	119	118	0.3699175715446472	0.3876495063304901	0.3393411934375763	0.3876495063304901	0.04830831289291382	0.0862741470336914	0.1637258529663086
best250_vs_movev_damp	24597	456	regressed	456	875	0.4143567681312561	0.37489333748817444	0.4143567681312561	0.36610400676727295	-0.048252761363983154	0.3512759208679199	0.023724079132080078
best250_vs_movev_damp	44408	720	improved	455	720	0.4803440272808075	0.4520546495914459	0.40412935614585876	0.4520546495914459	0.04792529344558716	0.17276763916015625	0.07723236083984375
best250_vs_movev_damp	2623	542	regressed	542	541	0.40936291217803955	0.43839162588119507	0.40936291217803955	0.3617429733276367	-0.04761993885040283	0.05782127380371094	0.19217872619628906
best250_vs_movev_damp	26402	101	improved	386	101	0.434572696685791	0.4409946799278259	0.3936001658439636	0.4409946799278259	0.047394514083862305	0.09902763366699219	0.1509723663330078
best250_vs_movev_damp	48547	866	improved	561	866	0.26303818821907043	0.2936003804206848	0.24628831446170807	0.2936003804206848	0.047312065958976746	0.0657963752746582	0.3092036247253418
best250_vs_movev_damp	24977	575	regressed	575	603	0.23938916623592377	0.3809371888637543	0.23938916623592377	0.19215378165245056	-0.047235384583473206	0.06566143035888672	0.6843385696411133
best250_vs_movev_damp	26814	627	regressed	627	654	0.36743709444999695	0.3674427568912506	0.36743709444999695	0.320361852645874	-0.047075241804122925	0.050383567810058594	0.1371164321899414
best250_vs_movev_damp	6303	877	regressed	877	905	0.3698515295982361	0.41237273812294006	0.3698515295982361	0.3230102062225342	-0.046841323375701904	0.005756378173828125	0.24424362182617188
best250_vs_movev_damp	27567	944	improved	946	944	0.44496291875839233	0.4906533360481262	0.44405147433280945	0.4906533360481262	0.04660186171531677	0.0020503997802734375	0.18544960021972656
best250_vs_movev_damp	41030	633	improved	313	633	0.18877334892749786	0.19315525889396667	0.14660583436489105	0.19315525889396667	0.04654942452907562	0.25279951095581055	0.40345048904418945
best250_vs_movev_damp	46180	935	regressed	935	910	0.45752936601638794	0.41425248980522156	0.45752936601638794	0.4111577272415161	-0.046371638774871826	0.24250125885009766	0.007498741149902344
best250_vs_movev_damp	30156	544	regressed	544	521	0.3223901689052582	0.3321433961391449	0.3223901689052582	0.276161789894104	-0.046228379011154175	0.25292015075683594	0.18457984924316406
best250_vs_movev_damp	1741	297	regressed	297	234	0.2378239929676056	0.2492527961730957	0.2378239929676056	0.19169917702674866	-0.046124815940856934	0.11245965957641602	0.262540340423584
best250_vs_movev_damp	44298	892	regressed	892	409	0.31640419363975525	0.29148340225219727	0.31640419363975525	0.27036309242248535	-0.0460411012172699	0.20603275299072266	0.07521724700927734
best250_vs_movev_damp	19705	33	regressed	33	5	0.2741703689098358	0.26195982098579407	0.2741703689098358	0.2282179892063141	-0.04595237970352173	0.09910964965820312	0.01824951171875
best250_vs_movev_damp	48679	519	improved	692	519	0.27162137627601624	0.2595479190349579	0.21366733312606812	0.2595479190349579	0.04588058590888977	0.2399888038635254	0.07251119613647461
best250_vs_movev_damp	40245	164	improved	210	164	0.2619718611240387	0.2887803316116333	0.24290429055690765	0.2887803316116333	0.04587604105472565	0.07556962966918945	0.19748783111572266
best250_vs_movev_damp	9488	686	improved	535	686	0.25049319863319397	0.26462793350219727	0.2188447117805481	0.26462793350219727	0.04578322172164917	0.1350693702697754	0.08368062973022461
best250_vs_movev_damp	45677	66	regressed	66	68	0.46709418296813965	0.45487484335899353	0.46709418296813965	0.4216170608997345	-0.04547712206840515	0.11157512664794922	0.07592487335205078
best250_vs_movev_damp	10500	227	regressed	227	225	0.303470641374588	0.33273738622665405	0.303470641374588	0.2581179738044739	-0.045352667570114136	0.027313232421875	0.253936767578125
best250_vs_movev_damp	40125	20	improved	137	20	0.2793463468551636	0.32432201504707336	0.2790968418121338	0.32432201504707336	0.045225173234939575	0.0008935928344726562	0.15535640716552734
best250_vs_movev_damp	6584	433	improved	842	433	0.30198630690574646	0.3273879289627075	0.2826043367385864	0.3273879289627075	0.044783592224121094	0.06633377075195312	0.15241622924804688
best250_vs_movev_damp	39614	805	regressed	805	515	0.41986605525016785	0.3876737058162689	0.41986605525016785	0.3751915693283081	-0.04467448592185974	0.15477275848388672	0.03272724151611328
best250_vs_movev_damp	26941	912	improved	716	912	0.46617263555526733	0.5008800029754639	0.4565012753009796	0.5008800029754639	0.04437872767448425	0.020964622497558594	0.1665353775024414
best250_vs_movev_damp	5394	288	improved	290	288	0.3561055362224579	0.3924243748188019	0.34810391068458557	0.3924243748188019	0.04432046413421631	0.022726058959960938	0.28977394104003906
best250_vs_movev_damp	15701	440	regressed	440	737	0.4440891742706299	0.4255293309688568	0.4440891742706299	0.399851530790329	-0.0442376434803009	0.1252593994140625	0.0622406005859375
best250_vs_movev_damp	6624	193	regressed	193	187	0.3454887270927429	0.35010185837745667	0.3454887270927429	0.3015027344226837	-0.043985992670059204	0.069305419921875	0.1494450569152832
best250_vs_movev_damp	5666	383	improved	384	383	0.49052801728248596	0.45560458302497864	0.4116283059120178	0.45560458302497864	0.043976277112960815	0.17536163330078125	0.01213836669921875
best250_vs_movev_damp	4873	128	regressed	128	146	0.11343676596879959	0.08649768680334091	0.11343676596879959	0.06959739327430725	-0.04383937269449234	0.35147714614868164	0.10011768341064453
best250_vs_movev_damp	34030	935	regressed	935	962	0.446834921836853	0.4176695942878723	0.446834921836853	0.40301957726478577	-0.04381534457206726	0.27679443359375	0.03570556640625
best250_vs_movev_damp	26883	831	improved	750	831	0.4502914249897003	0.4305226504802704	0.3867509961128235	0.4305226504802704	0.0437716543674469	0.1521139144897461	0.035386085510253906
best250_vs_movev_damp	26047	865	regressed	865	454	0.23789851367473602	0.27790945768356323	0.23789851367473602	0.19425068795681	-0.043647825717926025	0.048104286193847656	0.28307294845581055
best250_vs_movev_damp	39612	969	regressed	969	737	0.270090788602829	0.36789682507514954	0.270090788602829	0.2264767289161682	-0.04361405968666077	0.07733917236328125	0.48516035079956055
best250_vs_movev_damp	45277	395	improved	58	395	0.223343625664711	0.21524262428283691	0.17172814905643463	0.21524262428283691	0.04351447522640228	0.2627987861633301	0.14345121383666992
best250_vs_movev_damp	37460	511	regressed	511	817	0.3805178105831146	0.3581329882144928	0.3805178105831146	0.33705994486808777	-0.043457865715026855	0.22060632705688477	0.060643672943115234
best250_vs_movev_damp	5664	655	regressed	655	823	0.28593042492866516	0.25428062677383423	0.28593042492866516	0.24271497130393982	-0.04321545362472534	0.3596987724304199	0.046550750732421875
best250_vs_movev_damp	31337	555	regressed	555	864	0.3066330850124359	0.2681295871734619	0.3066330850124359	0.2635069489479065	-0.04312613606452942	0.17010927200317383	0.017390727996826172
best250_vs_movev_damp	9620	442	regressed	442	497	0.47723186016082764	0.4528263509273529	0.47723186016082764	0.434194952249527	-0.04303690791130066	0.14548492431640625	0.04201507568359375
best250_vs_movev_damp	37754	750	regressed	750	223	0.1554713249206543	0.1327129602432251	0.1554713249206543	0.11257265508174896	-0.042898669838905334	0.11666011810302734	0.16458988189697266
best250_vs_movev_damp	8987	155	improved	204	155	0.3869600296020508	0.3954569399356842	0.3526136577129364	0.3954569399356842	0.0428432822227478	0.09294843673706055	0.12580156326293945
best250_vs_movev_damp	24366	718	improved	694	718	0.3631132245063782	0.3347008526325226	0.29204052686691284	0.3347008526325226	0.04266032576560974	0.21782207489013672	0.06342792510986328
best250_vs_movev_damp	17907	505	regressed	505	899	0.2487628310918808	0.2577281594276428	0.2487628310918808	0.20631715655326843	-0.042445674538612366	0.18375921249389648	0.22249078750610352
best250_vs_movev_damp	45819	212	improved	215	212	0.47165194153785706	0.4639351963996887	0.4215034544467926	0.4639351963996887	0.04243174195289612	0.11241340637207031	0.07508659362792969
best250_vs_movev_damp	8870	551	improved	773	551	0.20669472217559814	0.18429838120937347	0.14193028211593628	0.18429838120937347	0.042368099093437195	0.37590694427490234	0.061593055725097656
best250_vs_movev_damp	8022	689	regressed	689	731	0.1333174705505371	0.14270995557308197	0.1333174705505371	0.09103851765394211	-0.042278952896595	0.01921844482421875	0.44953155517578125
best250_vs_movev_damp	5374	780	improved	724	780	0.44481953978538513	0.4310939908027649	0.3891192376613617	0.4310939908027649	0.0419747531414032	0.13378286361694336	0.053717613220214844
best250_vs_movev_damp	29858	242	improved	159	242	0.40021228790283203	0.4089779853820801	0.36708226799964905	0.4089779853820801	0.04189571738243103	0.08640909194946289	0.1635909080505371
best250_vs_movev_damp	32975	689	regressed	689	578	0.3656983971595764	0.3347640931606293	0.3656983971595764	0.3238730728626251	-0.041825324296951294	0.21692562103271484	0.033074378967285156
best250_vs_movev_damp	6310	780	improved	914	780	0.44772687554359436	0.4395808279514313	0.39796578884124756	0.4395808279514313	0.041615039110183716	0.11781740188598633	0.06968259811401367
best250_vs_movev_damp	2237	652	regressed	652	715	0.40884917974472046	0.4268740117549896	0.40884917974472046	0.36732974648475647	-0.04151943325996399	0.06852102279663086	0.15022897720336914
best250_vs_movev_damp	8695	26	improved	27	26	0.4399445354938507	0.44478869438171387	0.4033867418766022	0.44478869438171387	0.041401952505111694	0.08675289154052734	0.10074710845947266
best250_vs_movev_damp	23188	184	regressed	184	191	0.3334736227989197	0.2952680289745331	0.3334736227989197	0.2924836277961731	-0.04098999500274658	0.3030252456665039	0.009474754333496094
best250_vs_movev_damp	49372	423	improved	424	423	0.2517627775669098	0.28644976019859314	0.24551555514335632	0.28644976019859314	0.040934205055236816	0.025126934051513672	0.16237306594848633
best250_vs_movev_damp	10396	918	improved	478	918	0.08701761066913605	0.11347097903490067	0.0725921019911766	0.11347097903490067	0.04087887704372406	0.04879951477050781	0.43004512786865234
best250_vs_movev_damp	14142	5	improved	6	5	0.4300464391708374	0.4395652711391449	0.398773193359375	0.4395652711391449	0.0407920777797699	0.07550048828125	0.11199951171875
best250_vs_movev_damp	48865	457	regressed	457	424	0.2472825050354004	0.21427078545093536	0.2472825050354004	0.20677611231803894	-0.04050639271736145	0.46439599990844727	0.035604000091552734
best250_vs_movev_damp	440	298	improved	355	298	0.09876454621553421	0.10931137949228287	0.0689728632569313	0.10931137949228287	0.04033851623535156	0.018032550811767578	0.026480674743652344
best250_vs_movev_damp	48498	215	improved	218	215	0.2169066071510315	0.22098252177238464	0.18077188730239868	0.22098252177238464	0.04021063446998596	0.18223094940185547	0.38026905059814453
best250_vs_movev_damp	29713	205	improved	224	205	0.3100508153438568	0.2695203721523285	0.22931259870529175	0.2695203721523285	0.04020777344703674	0.3016500473022461	0.042099952697753906
best250_vs_movev_damp	16380	35	regressed	35	36	0.21351458132266998	0.18355916440486908	0.21351458132266998	0.17343269288539886	-0.04008188843727112	0.0682525634765625	0.0567474365234375
best250_vs_movev_damp	6273	173	improved	852	173	0.3257860839366913	0.3574322760105133	0.317376971244812	0.3574322760105133	0.040055304765701294	0.02615070343017578	0.3488492965698242
best250_vs_movev_damp	31096	54	regressed	54	63	0.24057191610336304	0.24853184819221497	0.24057191610336304	0.20061758160591125	-0.03995433449745178	0.06707954406738281	0.2141704559326172
best250_vs_movev_damp	21561	690	regressed	690	719	0.16386593878269196	0.1622217893600464	0.16386593878269196	0.12422642856836319	-0.039639510214328766	0.6227579116821289	0.2668585777282715
best250_vs_movev_damp	1092	55	regressed	55	59	0.4115421175956726	0.4365890622138977	0.4115421175956726	0.3721683621406555	-0.03937375545501709	0.027853965759277344	0.15964603424072266
best250_vs_movev_damp	34562	21	regressed	21	22	0.1602807641029358	0.12825562059879303	0.1602807641029358	0.12100525945425034	-0.039275504648685455	0.06680870056152344	0.05819129943847656
best250_vs_movev_damp	34738	897	improved	971	897	0.43078237771987915	0.43798601627349854	0.3988524079322815	0.43798601627349854	0.03913360834121704	0.0770115852355957	0.1104879379272461
best250_vs_movev_damp	20335	521	improved	960	521	0.30396923422813416	0.3003216087818146	0.2613891661167145	0.3003216087818146	0.0389324426651001	0.15091609954833984	0.036583900451660156
best250_vs_movev_damp	193	68	regressed	68	66	0.4289763569831848	0.4101734757423401	0.4289763569831848	0.3905302584171295	-0.0384460985660553	0.07592487335205078	0.049074649810791016
best250_vs_movev_damp	42331	943	regressed	943	939	0.4599011540412903	0.48356154561042786	0.4599011540412903	0.42159733176231384	-0.03830382227897644	0.05037212371826172	0.13712787628173828
best250_vs_movev_damp	33481	919	improved	704	919	0.14983472228050232	0.17763479053974152	0.13963629305362701	0.17763479053974152	0.0379984974861145	0.07049179077148438	0.3522062301635742
best250_vs_movev_damp	14871	774	improved	423	774	0.277407705783844	0.2620472311973572	0.2240893840789795	0.2620472311973572	0.037957847118377686	0.21344327926635742	0.005306720733642578
best250_vs_movev_damp	21086	877	improved	421	877	0.35887521505355835	0.3270653486251831	0.28916171193122864	0.3270653486251831	0.03790363669395447	0.2159886360168457	0.0652613639831543
best250_vs_movev_damp	11240	264	regressed	264	232	0.19668781757354736	0.15945053100585938	0.19668781757354736	0.15911446511745453	-0.037573352456092834	0.24788999557495117	0.002110004425048828
best250_vs_movev_damp	47692	250	regressed	250	248	0.47077882289886475	0.4753595292568207	0.47077882289886475	0.4336601793766022	-0.03711864352226257	0.03318977355957031	0.09181022644042969
best250_vs_movev_damp	22364	772	regressed	772	455	0.3967304825782776	0.39988261461257935	0.3967304825782776	0.3597385883331299	-0.036991894245147705	0.14420652389526367	0.10579347610473633
best250_vs_movev_damp	21672	497	regressed	497	406	0.2621673345565796	0.24571673572063446	0.2621673345565796	0.22518353164196014	-0.036983802914619446	0.10023641586303711	0.08726358413696289
best250_vs_movev_damp	28945	880	improved	879	880	0.3209974467754364	0.27737000584602356	0.31422746181488037	0.27737000584602356	-0.03685745596885681	0.021316051483154297	0.0411839485168457
best250_vs_movev_damp	8863	633	improved	513	633	0.3279299736022949	0.361400306224823	0.3250754177570343	0.361400306224823	0.036324888467788696	0.008742809295654297	0.1475071907043457
best250_vs_movev_damp	17821	679	improved	883	679	0.169230118393898	0.19520847499370575	0.1589299887418747	0.19520847499370575	0.036278486251831055	0.06279563903808594	0.06220436096191406
best250_vs_movev_damp	6356	590	improved	487	590	0.40568506717681885	0.43854326009750366	0.4024445116519928	0.43854326009750366	0.036098748445510864	0.00801992416381836	0.11698007583618164
best250_vs_movev_damp	753	44	regressed	44	60	0.26576316356658936	0.27250707149505615	0.26576316356658936	0.22970867156982422	-0.03605449199676514	0.2041473388671875	0.1708526611328125
best250_vs_movev_damp	40571	657	regressed	657	744	0.4997398555278778	0.47465500235557556	0.4997398555278778	0.4637056291103363	-0.036034226417541504	0.10166168212890625	0.02333831787109375
best250_vs_movev_damp	4844	823	regressed	823	617	0.48698529601097107	0.47659268975257874	0.48698529601097107	0.45110881328582764	-0.03587648272514343	0.07004642486572266	0.054953575134277344
best250_vs_movev_damp	19136	756	regressed	756	747	0.3801649212837219	0.39356929063796997	0.3801649212837219	0.3444008231163025	-0.035764098167419434	0.14779901504516602	0.13345098495483398
best250_vs_movev_damp	31022	905	regressed	905	749	0.2426845282316208	0.22427156567573547	0.2426845282316208	0.20697200298309326	-0.03571252524852753	0.3884758949279785	0.08027410507202148
best250_vs_movev_damp	19831	59	improved	60	59	0.4345974624156952	0.46489042043685913	0.4292377531528473	0.46489042043685913	0.03565266728401184	0.012409210205078125	0.17509078979492188
best250_vs_movev_damp	17120	862	regressed	862	733	0.08979947119951248	0.07154791057109833	0.08979947119951248	0.05464605614542961	-0.03515341505408287	0.32425975799560547	0.26949024200439453
best250_vs_movev_damp	44606	894	improved	799	894	0.37172606587409973	0.32190683484077454	0.28677722811698914	0.32190683484077454	0.0351296067237854	0.25945138931274414	0.02179861068725586
best250_vs_movev_damp	9799	40	improved	46	40	0.356830358505249	0.34692201018333435	0.31186333298683167	0.34692201018333435	0.035058677196502686	0.13469552993774414	0.02155447006225586
best250_vs_movev_damp	9900	977	regressed	977	978	0.4478914737701416	0.4822568893432617	0.4478914737701416	0.41290828585624695	-0.03498318791389465	0.032248497009277344	0.15525150299072266
best250_vs_movev_damp	23246	915	regressed	915	879	0.11723169684410095	0.12938202917575836	0.11723169684410095	0.08228964358568192	-0.03494205325841904	0.23497581481933594	0.45252418518066406
best250_vs_movev_damp	17939	857	improved	406	857	0.30540570616722107	0.3373488485813141	0.30246153473854065	0.3373488485813141	0.03488731384277344	0.009686946868896484	0.17781305313110352
best250_vs_movev_damp	39714	748	regressed	748	902	0.1598309576511383	0.1537727564573288	0.1598309576511383	0.1250077784061432	-0.03482317924499512	0.16790008544921875	0.20709991455078125
best250_vs_movev_damp	32744	674	improved	840	674	0.08921927213668823	0.11822732537984848	0.08346207439899445	0.11822732537984848	0.034765250980854034	0.018908977508544922	0.30829524993896484
best250_vs_movev_damp	28089	629	improved	551	629	0.4097557067871094	0.395734041929245	0.3610183894634247	0.395734041929245	0.03471565246582031	0.1266322135925293	0.0608677864074707
best250_vs_movev_damp	4914	859	regressed	859	904	0.28440675139427185	0.2586608827114105	0.28440675139427185	0.24976295232772827	-0.03464379906654358	0.1524944305419922	0.03500556945800781
best250_vs_movev_damp	980	744	improved	657	744	0.44279444217681885	0.46015414595603943	0.4257890284061432	0.46015414595603943	0.03436511754989624	0.03916168212890625	0.08583831787109375
best250_vs_movev_damp	20496	453	improved	648	453	0.2965693473815918	0.24245686829090118	0.2081226259469986	0.24245686829090118	0.03433424234390259	0.3541536331176758	0.08334636688232422
best250_vs_movev_damp	39950	162	improved	161	162	0.27116236090660095	0.24669155478477478	0.21250282227993011	0.24669155478477478	0.034188732504844666	0.24376249313354492	0.03748750686645508
best250_vs_movev_damp	7367	230	regressed	230	231	0.4575263261795044	0.47754526138305664	0.4575263261795044	0.42381787300109863	-0.03370845317840576	0.005644798278808594	0.1193552017211914
best250_vs_movev_damp	20610	151	improved	158	151	0.4596342444419861	0.43052175641059875	0.39689889550209045	0.43052175641059875	0.0336228609085083	0.14674949645996094	0.04075050354003906
best250_vs_movev_damp	43428	250	regressed	250	248	0.4804365038871765	0.46037915349006653	0.4804365038871765	0.44708114862442017	-0.03335535526275635	0.09568977355957031	0.029310226440429688
best250_vs_movev_damp	15573	961	improved	909	961	0.15812265872955322	0.13116011023521423	0.09808611124753952	0.13116011023521423	0.03307399898767471	0.2782883644104004	0.08497476577758789
best250_vs_movev_damp	35874	709	regressed	709	893	0.28587955236434937	0.3143596947193146	0.28587955236434937	0.2529493570327759	-0.032930195331573486	0.032651424407958984	0.21734857559204102
best250_vs_movev_damp	41775	945	regressed	945	943	0.29163071513175964	0.3039368689060211	0.29163071513175964	0.25886622071266174	-0.0327644944190979	0.08949136734008789	0.1605086326599121
best250_vs_movev_damp	2750	876	regressed	876	435	0.46276751160621643	0.43056684732437134	0.46276751160621643	0.43007028102874756	-0.03269723057746887	0.06134605407714844	0.0011539459228515625
best250_vs_movev_damp	24181	467	regressed	467	778	0.38734355568885803	0.39188724756240845	0.38734355568885803	0.35473549365997314	-0.03260806202888489	0.08789825439453125	0.09960174560546875
best250_vs_movev_damp	25816	532	regressed	532	883	0.1708519160747528	0.15741556882858276	0.1708519160747528	0.13828988373279572	-0.03256203234195709	0.21421289443969727	0.12953710556030273
best250_vs_movev_damp	21257	26	regressed	26	32	0.3121207058429718	0.35635679960250854	0.3121207058429718	0.2798478901386261	-0.0322728157043457	0.008313655853271484	0.24168634414672852
best250_vs_movev_damp	20411	958	improved	462	958	0.29644352197647095	0.3045410215854645	0.2723255753517151	0.3045410215854645	0.03221544623374939	0.08485841751098633	0.29014158248901367
best250_vs_movev_damp	29207	423	improved	424	423	0.48839181661605835	0.46575701236724854	0.4336512088775635	0.46575701236724854	0.03210580348968506	0.11887741088867188	0.006122589111328125
best250_vs_movev_damp	11992	482	regressed	482	485	0.4270050525665283	0.4004722833633423	0.4270050525665283	0.3949055075645447	-0.03209954500198364	0.11100196838378906	0.013998031616210938
best250_vs_movev_damp	29228	744	regressed	744	657	0.450571745634079	0.46341198682785034	0.450571745634079	0.41861632466316223	-0.03195542097091675	0.02333831787109375	0.10166168212890625
best250_vs_movev_damp	34684	626	regressed	626	777	0.1264709234237671	0.16276904940605164	0.1264709234237671	0.0945839211344719	-0.0318870022892952	0.05090522766113281	0.5428447723388672
best250_vs_movev_damp	13900	206	improved	267	206	0.4161342978477478	0.3766138255596161	0.3448052406311035	0.3766138255596161	0.03180858492851257	0.18802833557128906	0.06197166442871094
best250_vs_movev_damp	24883	680	regressed	680	784	0.2046031951904297	0.17892123758792877	0.2046031951904297	0.1730838119983673	-0.03151938319206238	0.2793302536010742	0.03316974639892578
best250_vs_movev_damp	11978	272	improved	271	272	0.3511277139186859	0.377818763256073	0.3465539216995239	0.377818763256073	0.03126484155654907	0.013111591339111328	0.11188840866088867
best250_vs_movev_damp	12075	348	improved	349	348	0.46558576822280884	0.47500696778297424	0.44386276602745056	0.47500696778297424	0.03114420175552368	0.04778099060058594	0.07721900939941406
best250_vs_movev_damp	47999	67	improved	68	67	0.39763593673706055	0.38810503482818604	0.3571319878101349	0.38810503482818604	0.030973047018051147	0.10743141174316406	0.08006858825683594
best250_vs_movev_damp	16956	987	improved	998	987	0.3546152412891388	0.31929612159729004	0.3501589596271515	0.31929612159729004	-0.03086283802986145	0.012646198272705078	0.04985380172729492
best250_vs_movev_damp	43227	482	regressed	482	485	0.33428213000297546	0.3487387001514435	0.33428213000297546	0.3034827709197998	-0.03079935908317566	0.11100196838378906	0.13899803161621094
best250_vs_movev_damp	35505	508	improved	664	508	0.18232761323451996	0.17800277471542358	0.147237166762352	0.17800277471542358	0.030765607953071594	0.2137603759765625	0.0674896240234375
best250_vs_movev_damp	26449	742	regressed	742	713	0.45682060718536377	0.4556916058063507	0.45682060718536377	0.4262104034423828	-0.030610203742980957	0.058116912841796875	0.06688308715820312
best250_vs_movev_damp	2040	381	improved	369	381	0.4385747015476227	0.45424243807792664	0.42378512024879456	0.45424243807792664	0.03045731782913208	0.03430366516113281	0.09069633483886719
best250_vs_movev_damp	42769	310	regressed	310	76	0.192960724234581	0.22515179216861725	0.192960724234581	0.16256599128246307	-0.03039473295211792	0.018059253692626953	0.32569074630737305
best250_vs_movev_damp	17941	413	improved	764	413	0.4489375352859497	0.4608168303966522	0.4305253028869629	0.4608168303966522	0.03029152750968933	0.04187774658203125	0.08312225341796875
best250_vs_movev_damp	7619	694	regressed	694	859	0.1370285600423813	0.1313992589712143	0.1370285600423813	0.10678141564130783	-0.030247144401073456	0.33607959747314453	0.07478618621826172
best250_vs_movev_damp	37421	920	regressed	920	919	0.11288910359144211	0.09827087074518204	0.11288910359144211	0.08311765640974045	-0.02977144718170166	0.051279544830322266	0.016597747802734375
best250_vs_movev_damp	43540	494	improved	632	494	0.12622405588626862	0.1348690688610077	0.10510734468698502	0.1348690688610077	0.029761724174022675	0.1297774314880371	0.004423618316650391
best250_vs_movev_damp	1697	842	improved	638	842	0.18751855194568634	0.20424562692642212	0.1746012419462204	0.20424562692642212	0.02964438498020172	0.07137298583984375	0.39737701416015625
best250_vs_movev_damp	9501	664	improved	527	664	0.2992655038833618	0.2965731620788574	0.26702678203582764	0.2965731620788574	0.029546380043029785	0.1139822006225586	0.011017799377441406
best250_vs_movev_damp	15596	977	improved	814	977	0.3793472349643707	0.34822961688041687	0.31879037618637085	0.34822961688041687	0.02943924069404602	0.1739182472229004	0.07608175277709961
best250_vs_movev_damp	37782	979	improved	975	979	0.3468948006629944	0.3754139542579651	0.34601131081581116	0.3754139542579651	0.02940264344215393	0.0025501251220703125	0.3099498748779297
best250_vs_movev_damp	5355	895	improved	908	895	0.3074408769607544	0.3104373514652252	0.2810881733894348	0.3104373514652252	0.029349178075790405	0.0896143913269043	0.1291356086730957
best250_vs_movev_damp	48120	931	improved	932	931	0.32974979281425476	0.29451867938041687	0.26544827222824097	0.29451867938041687	0.029070407152175903	0.21691417694091797	0.15808582305908203
best250_vs_movev_damp	43927	508	regressed	508	742	0.2409057766199112	0.31165701150894165	0.2409057766199112	0.21185976266860962	-0.029046013951301575	0.05152130126953125	0.38597869873046875
best250_vs_movev_damp	35698	498	improved	867	498	0.27158647775650024	0.2749841511249542	0.2460310012102127	0.2749841511249542	0.028953149914741516	0.09882307052612305	0.24492692947387695
best250_vs_movev_damp	41460	402	regressed	402	776	0.13530471920967102	0.2233647108078003	0.13530471920967102	0.10671495646238327	-0.02858976274728775	0.011355400085449219	0.7386445999145508
best250_vs_movev_damp	41078	751	improved	817	751	0.44742873311042786	0.442958265542984	0.4144386053085327	0.442958265542984	0.028519660234451294	0.07659244537353516	0.048407554626464844
best250_vs_movev_damp	14480	21	regressed	21	18	0.26826468110084534	0.2820735275745392	0.26826468110084534	0.2398047000169754	-0.028459981083869934	0.21265697479248047	0.16234302520751953
best250_vs_movev_damp	37998	199	improved	224	199	0.17442521452903748	0.14115184545516968	0.11270349472761154	0.14115184545516968	0.028448350727558136	0.4367356300354004	0.09451436996459961
best250_vs_movev_damp	15239	598	regressed	598	664	0.235795795917511	0.23861800134181976	0.235795795917511	0.2074217051267624	-0.028374090790748596	0.016139984130859375	0.10476827621459961
best250_vs_movev_damp	16054	553	regressed	553	526	0.21816349029541016	0.23367470502853394	0.21816349029541016	0.18979617953300476	-0.028367310762405396	0.1357707977294922	0.2079792022705078
best250_vs_movev_damp	18360	290	regressed	290	342	0.08221983164548874	0.080449678003788	0.08221983164548874	0.05406330153346062	-0.028156530112028122	0.3246474266052246	0.3974761962890625
best250_vs_movev_damp	41877	652	regressed	652	864	0.219138041138649	0.2469371110200882	0.219138041138649	0.1911013126373291	-0.028036728501319885	0.14991998672485352	0.2563300132751465
best250_vs_movev_damp	12328	231	improved	230	231	0.4582481384277344	0.45591846108436584	0.4280611574649811	0.45591846108436584	0.027857303619384766	0.0681447982788086	0.056855201721191406
best250_vs_movev_damp	33464	192	improved	186	192	0.35394829511642456	0.35576143860816956	0.32791686058044434	0.35576143860816956	0.02784457802772522	0.07639074325561523	0.14235925674438477
best250_vs_movev_damp	44375	949	improved	990	949	0.16523687541484833	0.18375730514526367	0.15593527257442474	0.18375730514526367	0.027822032570838928	0.05793905258178711	0.1608109474182129
best250_vs_movev_damp	39556	442	regressed	442	494	0.33753108978271484	0.350778192281723	0.33753108978271484	0.31021469831466675	-0.027316391468048096	0.09586048126220703	0.12288951873779297
best250_vs_movev_damp	332	809	regressed	809	928	0.18931348621845245	0.18146075308322906	0.18931348621845245	0.16200412809848785	-0.0273093581199646	0.3865823745727539	0.1134176254272461
best250_vs_movev_damp	23867	380	regressed	380	382	0.4486406743526459	0.42429807782173157	0.4486406743526459	0.42147096991539	-0.02716970443725586	0.11831474304199219	0.0066852569580078125
best250_vs_movev_damp	18412	492	improved	695	492	0.1389816403388977	0.15910078585147858	0.13204015791416168	0.15910078585147858	0.027060627937316895	0.05123567581176758	0.13626432418823242
best250_vs_movev_damp	44430	885	regressed	885	588	0.18767046928405762	0.17246215045452118	0.18767046928405762	0.16066642105579376	-0.027004048228263855	0.2729024887084961	0.0708475112915039
best250_vs_movev_damp	14098	200	improved	226	200	0.4416705071926117	0.3532145917415619	0.32630565762519836	0.3532145917415619	0.026908934116363525	0.30272960662841797	0.07227039337158203
best250_vs_movev_damp	14544	837	regressed	837	877	0.1616775393486023	0.16196765005588531	0.1616775393486023	0.135101318359375	-0.026576220989227295	0.0061283111572265625	0.14452219009399414
best250_vs_movev_damp	32677	891	improved	593	891	0.1397620141506195	0.15972435474395752	0.13316777348518372	0.15972435474395752	0.026556581258773804	0.028277873992919922	0.011196613311767578
best250_vs_movev_damp	23243	614	regressed	614	697	0.42633694410324097	0.43214932084083557	0.42633694410324097	0.39986705780029297	-0.026469886302947998	0.016111373901367188	0.07763910293579102
best250_vs_movev_damp	6978	618	improved	411	618	0.15287300944328308	0.16014647483825684	0.13386698067188263	0.16014647483825684	0.026279494166374207	0.13276100158691406	0.08598899841308594
best250_vs_movev_damp	15111	711	improved	585	711	0.0996885672211647	0.10072711110115051	0.07448147982358932	0.10072711110115051	0.026245631277561188	0.2915005683898926	0.020999431610107422
best250_vs_movev_damp	22649	386	regressed	386	101	0.35580703616142273	0.3384975492954254	0.35580703616142273	0.3298191428184509	-0.025987893342971802	0.09902763366699219	0.025972366333007812
best250_vs_movev_damp	25781	968	regressed	968	464	0.17873486876487732	0.23753146827220917	0.17873486876487732	0.15285860002040863	-0.02587626874446869	0.12171316146850586	0.44078683853149414
best250_vs_movev_damp	43557	681	improved	620	681	0.41505488753318787	0.4274309575557709	0.4015747010707855	0.4274309575557709	0.02585625648498535	0.03301715850830078	0.09198284149169922
best250_vs_movev_damp	18071	278	improved	277	278	0.4065376818180084	0.43086549639701843	0.40512117743492126	0.43086549639701843	0.025744318962097168	0.003490447998046875	0.12150955200195312
best250_vs_movev_damp	16753	862	improved	696	862	0.14845800399780273	0.16622646152973175	0.1409180611371994	0.16622646152973175	0.02530840039253235	0.0521235466003418	0.5103764533996582
best250_vs_movev_damp	4878	21	improved	22	21	0.307453989982605	0.2808797061443329	0.2559888958930969	0.2808797061443329	0.024890810251235962	0.18319129943847656	0.16055870056152344
best250_vs_movev_damp	24207	686	regressed	686	740	0.1565619558095932	0.17049966752529144	0.1565619558095932	0.13171643018722534	-0.02484552562236786	0.08566808700561523	0.25808191299438477
best250_vs_movev_damp	5381	876	regressed	876	706	0.3706759810447693	0.36281120777130127	0.3706759810447693	0.34608232975006104	-0.024593651294708252	0.10904407501220703	0.04720592498779297
best250_vs_movev_damp	30669	981	regressed	981	457	0.1093541756272316	0.15315169095993042	0.1093541756272316	0.08496709913015366	-0.024387076497077942	0.16083526611328125	0.5891647338867188
best250_vs_movev_damp	41203	786	improved	776	786	0.17756357789039612	0.10242200642824173	0.07813327014446259	0.10242200642824173	0.024288736283779144	0.7604207992553711	0.12700796127319336
best250_vs_movev_damp	26557	859	regressed	859	882	0.14765548706054688	0.1277383416891098	0.14765548706054688	0.12349480390548706	-0.024160683155059814	0.3099651336669922	0.03378486633300781
best250_vs_movev_damp	44730	620	improved	742	620	0.23320874571800232	0.2470182627439499	0.222936749458313	0.2470182627439499	0.024081513285636902	0.04504585266113281	0.3299541473388672
best250_vs_movev_damp	48750	485	regressed	485	848	0.16816599667072296	0.1592453271150589	0.16816599667072296	0.14419491589069366	-0.023971080780029297	0.11947011947631836	0.09927988052368164
best250_vs_movev_damp	37971	590	improved	681	590	0.28444457054138184	0.29981914162635803	0.2758685350418091	0.29981914162635803	0.02395060658454895	0.03061389923095703	0.12563610076904297
best250_vs_movev_damp	21647	231	improved	230	231	0.45381662249565125	0.4477238059043884	0.4239215850830078	0.4477238059043884	0.023802220821380615	0.0681447982788086	0.056855201721191406
best250_vs_movev_damp	29654	748	improved	893	748	0.43511003255844116	0.4105686843395233	0.3868579864501953	0.4105686843395233	0.023710697889328003	0.11754131317138672	0.007458686828613281
best250_vs_movev_damp	19525	622	improved	759	622	0.2993456721305847	0.3138708770275116	0.2901969254016876	0.3138708770275116	0.023673951625823975	0.03103923797607422	0.21896076202392578
best250_vs_movev_damp	23231	876	regressed	876	435	0.43923962116241455	0.44295597076416016	0.43923962116241455	0.4156387448310852	-0.023600876331329346	0.12384605407714844	0.06365394592285156
best250_vs_movev_damp	7796	426	regressed	426	618	0.28115159273147583	0.27460187673568726	0.28115159273147583	0.25766316056251526	-0.02348843216896057	0.06133079528808594	0.06366920471191406
best250_vs_movev_damp	10195	624	improved	884	624	0.1995849907398224	0.20613940060138702	0.1826891154050827	0.20613940060138702	0.02345028519630432	0.0884542465209961	0.005295753479003906
best250_vs_movev_damp	17435	119	regressed	119	118	0.11181869357824326	0.08928906917572021	0.11181869357824326	0.08862404525279999	-0.023194648325443268	0.0862741470336914	0.007475852966308594
best250_vs_movev_damp	26081	999	improved	700	999	0.34692904353141785	0.36670923233032227	0.3437346816062927	0.36670923233032227	0.02297455072402954	0.009250164031982422	0.05324983596801758
best250_vs_movev_damp	6016	799	regressed	799	789	0.3740098178386688	0.3676722049713135	0.3740098178386688	0.351068377494812	-0.02294144034385681	0.11003923416137695	0.04621076583862305
best250_vs_movev_damp	15728	691	improved	570	691	0.4537826478481293	0.45574358105659485	0.43282079696655273	0.45574358105659485	0.022922784090042114	0.04729461669921875	0.01520538330078125
best250_vs_movev_damp	29560	630	improved	502	630	0.31906986236572266	0.32770976424217224	0.3048325181007385	0.32770976424217224	0.022877246141433716	0.045647621154785156	0.17310237884521484
best250_vs_movev_damp	46065	762	improved	457	762	0.36487877368927	0.3332853317260742	0.31052693724632263	0.3332853317260742	0.022758394479751587	0.16129446029663086	0.15120506286621094
best250_vs_movev_damp	20051	928	improved	960	928	0.417052686214447	0.43665167689323425	0.4139425456523895	0.43665167689323425	0.022709131240844727	0.007485389709472656	0.055014610290527344
best250_vs_movev_damp	22011	618	improved	596	618	0.24874290823936462	0.1885233372449875	0.16586926579475403	0.1885233372449875	0.02265407145023346	0.40522003173828125	0.03227996826171875
best250_vs_movev_damp	11285	339	improved	866	339	0.10933123528957367	0.10728781670331955	0.08469748497009277	0.10728781670331955	0.022590331733226776	0.040081024169921875	0.034784793853759766
best250_vs_movev_damp	48906	195	regressed	195	245	0.32680097222328186	0.3648199141025543	0.32680097222328186	0.30425938963890076	-0.022541582584381104	0.005976676940917969	0.18152332305908203
best250_vs_movev_damp	1861	103	improved	58	103	0.05676449462771416	0.06168487295508385	0.03930143266916275	0.06168487295508385	0.022383440285921097	0.36765003204345703	0.4202079772949219
best250_vs_movev_damp	19516	789	regressed	789	421	0.2642619013786316	0.2811063528060913	0.2642619013786316	0.24191366136074066	-0.02234824001789093	0.06859779357910156	0.15015220642089844
best250_vs_movev_damp	38593	588	improved	401	588	0.1937503218650818	0.18447445333003998	0.162144735455513	0.18447445333003998	0.022329717874526978	0.17808103561401367	0.009418964385986328
best250_vs_movev_damp	14311	678	regressed	678	450	0.12829355895519257	0.11337878555059433	0.12829355895519257	0.10598444938659668	-0.022309109568595886	0.25627994537353516	0.06744194030761719
best250_vs_movev_damp	18854	482	improved	848	482	0.2460288405418396	0.21912534534931183	0.2412710040807724	0.21912534534931183	-0.02214565873146057	0.019527912139892578	0.10547208786010742
best250_vs_movev_damp	8804	964	improved	809	964	0.1642932891845703	0.16199573874473572	0.13988147675991058	0.16199573874473572	0.022114261984825134	0.1608576774597168	0.026642322540283203
best250_vs_movev_damp	49835	107	improved	35	107	0.22963272035121918	0.23902423679828644	0.21710379421710968	0.23902423679828644	0.021920442581176758	0.056105613708496094	0.2251443862915039
best250_vs_movev_damp	49185	751	improved	817	751	0.4200173616409302	0.41048213839530945	0.38904833793640137	0.41048213839530945	0.02143380045890808	0.07659244537353516	0.04840707778930664
best250_vs_movev_damp	37172	961	improved	773	961	0.12380791455507278	0.1277671903371811	0.10643264651298523	0.1277671903371811	0.021334543824195862	0.15121889114379883	0.06753110885620117
best250_vs_movev_damp	12104	78	regressed	78	302	0.36897435784339905	0.35770857334136963	0.36897435784339905	0.34772804379463196	-0.02124631404876709	0.03420209884643555	0.028297901153564453
best250_vs_movev_damp	27987	817	improved	479	817	0.4082648456096649	0.4017069935798645	0.38060346245765686	0.4017069935798645	0.02110353112220764	0.07015800476074219	0.05484199523925781
best250_vs_movev_damp	31431	831	improved	721	831	0.3743530809879303	0.3534200191497803	0.3323395252227783	0.3534200191497803	0.021080493927001953	0.11904239654541016	0.037207603454589844
best250_vs_movev_damp	48045	768	improved	414	768	0.1688222885131836	0.18002423644065857	0.15917018055915833	0.18002423644065857	0.020854055881500244	0.05887269973754883	0.19112730026245117
best250_vs_movev_damp	47578	817	improved	792	817	0.0839160680770874	0.08790256828069687	0.06729056686162949	0.08790256828069687	0.020612001419067383	0.22079706192016602	0.029202938079833984
best250_vs_movev_damp	6274	811	regressed	811	753	0.39869406819343567	0.3967294692993164	0.39869406819343567	0.3781915009021759	-0.020502567291259766	0.014646053314208984	0.047853946685791016
best250_vs_movev_damp	9080	588	regressed	588	790	0.46185654401779175	0.45925256609916687	0.46185654401779175	0.4413624405860901	-0.02049410343170166	0.02276611328125	0.03973388671875
best250_vs_movev_damp	49864	21	regressed	21	23	0.2702954113483429	0.28536924719810486	0.2702954113483429	0.24980869889259338	-0.02048671245574951	0.1481614112854004	0.1330885887145996
best250_vs_movev_damp	1952	626	improved	644	626	0.1613633781671524	0.16143831610679626	0.14097408950328827	0.16143831610679626	0.020464226603507996	0.1252117156982422	0.11491727828979492
best250_vs_movev_damp	12937	809	improved	659	809	0.297251433134079	0.26268136501312256	0.24236281216144562	0.26268136501312256	0.02031855285167694	0.20414257049560547	0.04585742950439453
best250_vs_movev_damp	40843	167	improved	166	167	0.36451002955436707	0.34507375955581665	0.3248082101345062	0.34507375955581665	0.020265549421310425	0.11531925201416016	0.009680747985839844
best250_vs_movev_damp	22060	202	improved	194	202	0.14204257726669312	0.14440034329891205	0.12415402382612228	0.14440034329891205	0.020246319472789764	0.13460397720336914	0.11539602279663086
best250_vs_movev_damp	28601	631	regressed	631	686	0.10471142083406448	0.1402054727077484	0.10471142083406448	0.08447536826133728	-0.020236052572727203	0.024600982666015625	0.5066490173339844
best250_vs_movev_damp	13607	67	improved	54	67	0.26403090357780457	0.22621625661849976	0.20602476596832275	0.22621625661849976	0.020191490650177002	0.13445377349853516	0.00193023681640625
best250_vs_movev_damp	39622	266	regressed	266	265	0.36703330278396606	0.3718754053115845	0.36703330278396606	0.3468626141548157	-0.02017068862915039	0.024119853973388672	0.06963014602661133
best250_vs_movev_damp	7586	125	improved	124	125	0.10701506584882736	0.1085657924413681	0.08846071362495422	0.1085657924413681	0.02010507881641388	0.19041109085083008	0.18458890914916992
best250_vs_movev_damp	6481	876	regressed	876	435	0.4767271876335144	0.48674657940864563	0.4767271876335144	0.4567287564277649	-0.01999843120574951	0.06134605407714844	0.06365394592285156
best250_vs_movev_damp	42018	655	regressed	655	836	0.09689938277006149	0.08087743818759918	0.09689938277006149	0.0770619660615921	-0.01983741670846939	0.3266749382019043	0.0483250617980957
best250_vs_movev_damp	29866	817	improved	511	817	0.43246474862098694	0.45144134759902954	0.43166249990463257	0.45144134759902954	0.019778847694396973	0.0018568038940429688	0.12314319610595703
best250_vs_movev_damp	23204	587	improved	784	587	0.31074970960617065	0.324892520904541	0.3051208257675171	0.324892520904541	0.019771695137023926	0.018280029296875	0.262969970703125
best250_vs_movev_damp	38842	481	improved	453	481	0.28494271636009216	0.29452937841415405	0.2749565839767456	0.29452937841415405	0.019572794437408447	0.035675048828125	0.089324951171875
best250_vs_movev_damp	4324	848	improved	482	848	0.30317020416259766	0.30979621410369873	0.29041844606399536	0.30979621410369873	0.01937776803970337	0.030213356018066406	0.01952838897705078
best250_vs_movev_damp	17203	238	regressed	238	240	0.33523836731910706	0.32133930921554565	0.33523836731910706	0.31596994400024414	-0.019268423318862915	0.07689952850341797	0.01685047149658203
best250_vs_movev_damp	41311	673	regressed	673	527	0.25082388520240784	0.247561514377594	0.25082388520240784	0.23165716230869293	-0.019166722893714905	0.027349472045898438	0.06640052795410156
best250_vs_movev_damp	17149	358	improved	359	358	0.413515567779541	0.4318585693836212	0.41272249817848206	0.4318585693836212	0.01913607120513916	0.0019197463989257812	0.06058025360107422
best250_vs_movev_damp	39890	861	regressed	861	731	0.28358182311058044	0.26515161991119385	0.28358182311058044	0.2644919455051422	-0.019089877605438232	0.09125900268554688	0.002490997314453125
best250_vs_movev_damp	21363	842	regressed	842	472	0.06874560564756393	0.08245475590229034	0.06874560564756393	0.04976965859532356	-0.01897594705224037	0.026405811309814453	0.43775510787963867
best250_vs_movev_damp	39677	409	regressed	409	844	0.12904436886310577	0.15958808362483978	0.12904436886310577	0.11016835272312164	-0.01887601613998413	0.035663604736328125	0.3705863952636719
best250_vs_movev_damp	41499	83	regressed	83	138	0.16682323813438416	0.2098703384399414	0.16682323813438416	0.18562865257263184	0.01880541443824768	0.25225830078125	0.12274169921875
best250_vs_movev_damp	28620	478	improved	792	478	0.25425946712493896	0.21342702209949493	0.2321862429380417	0.21342702209949493	-0.018759220838546753	0.09081554412841797	0.03418445587158203
best250_vs_movev_damp	40683	409	improved	892	409	0.46154218912124634	0.4576415419578552	0.43912792205810547	0.4576415419578552	0.018513619899749756	0.049782752990722656	0.012717247009277344
best250_vs_movev_damp	514	969	regressed	969	473	0.26983875036239624	0.2652978003025055	0.26983875036239624	0.2513364553451538	-0.01850229501724243	0.1646895408630371	0.05406045913696289
best250_vs_movev_damp	36945	601	improved	846	601	0.06414534151554108	0.05901527777314186	0.040525585412979126	0.05901527777314186	0.018489692360162735	0.09713125228881836	0.07541322708129883
best250_vs_movev_damp	1247	46	regressed	46	40	0.44842761754989624	0.45342254638671875	0.44842761754989624	0.4301011562347412	-0.01832646131515503	0.009696006774902344	0.052803993225097656
best250_vs_movev_damp	37795	480	improved	534	480	0.20206128060817719	0.16239166259765625	0.14411868155002594	0.16239166259765625	0.01827298104763031	0.3379340171813965	0.037065982818603516
best250_vs_movev_damp	37668	969	regressed	969	659	0.22508223354816437	0.2177840620279312	0.22508223354816437	0.20682716369628906	-0.018255069851875305	0.0733795166015625	0.0516204833984375
best250_vs_movev_damp	13171	227	improved	235	227	0.3982202410697937	0.3911445736885071	0.37303251028060913	0.3911445736885071	0.01811206340789795	0.06533956527709961	0.02841043472290039
best250_vs_movev_damp	45040	876	improved	435	876	0.46698716282844543	0.48453739285469055	0.466448575258255	0.48453739285469055	0.018088817596435547	0.0011539459228515625	0.06134605407714844
