pair	class	total	ref_correct	cmp_correct	delta_correct	ref_acc	cmp_acc	avg_true_prob_delta	avg_margin_delta
2cx_vs_plain	587	50	37	30	-7	74.0	60.0	-0.04809963330626488	-0.0925864577293396
2cx_vs_plain	848	50	27	21	-6	54.0	42.0	-0.03626468777656555	0.06509552896022797
2cx_vs_plain	764	50	30	24	-6	60.0	48.0	-0.013090682215988636	-0.0003929233644157648
2cx_vs_plain	718	50	36	30	-6	72.0	60.0	-0.0071943593211472034	0.056584473699331284
2cx_vs_plain	864	50	41	36	-5	82.0	72.0	-0.06714462488889694	-0.23028965294361115
2cx_vs_plain	386	50	37	32	-5	74.0	64.0	-0.03794330731034279	-0.17362698912620544
2cx_vs_plain	567	50	30	25	-5	60.0	50.0	-0.022512182593345642	-0.2652658522129059
2cx_vs_plain	681	50	18	13	-5	36.0	26.0	-0.011165392585098743	0.10472896695137024
2cx_vs_plain	186	50	41	37	-4	82.0	74.0	-0.03466155007481575	-0.24140678346157074
2cx_vs_plain	610	50	45	41	-4	90.0	82.0	-0.02567686140537262	-0.07096603512763977
2cx_vs_plain	498	50	36	32	-4	72.0	64.0	-0.01903880573809147	0.09037614613771439
2cx_vs_plain	108	50	37	33	-4	74.0	66.0	-0.016184434294700623	-0.14655320346355438
2cx_vs_plain	797	50	39	35	-4	78.0	70.0	-0.015291924588382244	0.06768393516540527
2cx_vs_plain	760	50	44	40	-4	88.0	80.0	-0.012778542935848236	-0.05675297603011131
2cx_vs_plain	923	50	29	25	-4	58.0	50.0	-0.00869728997349739	-0.15555188059806824
2cx_vs_plain	770	50	43	39	-4	86.0	78.0	0.013833808712661266	0.1411469429731369
2cx_vs_plain	775	50	37	33	-4	74.0	66.0	0.030587997287511826	0.2547784447669983
2cx_vs_plain	750	50	36	33	-3	72.0	66.0	-0.045755673199892044	-0.2606634199619293
2cx_vs_plain	979	50	44	41	-3	88.0	82.0	-0.04245362803339958	-0.2286195158958435
2cx_vs_plain	841	50	23	20	-3	46.0	40.0	-0.037450335919857025	-0.10058410465717316
2cx_vs_plain	468	50	37	34	-3	74.0	68.0	-0.03732246905565262	-0.06182098388671875
2cx_vs_plain	652	50	41	38	-3	82.0	76.0	-0.03519561141729355	-0.12648944556713104
2cx_vs_plain	447	50	35	32	-3	70.0	64.0	-0.03214268013834953	-0.17394530773162842
2cx_vs_plain	173	50	41	38	-3	82.0	76.0	-0.021991074085235596	-0.03273888677358627
2cx_vs_plain	896	50	45	42	-3	90.0	84.0	-0.017801618203520775	-0.07212777435779572
2cx_vs_plain	796	50	41	38	-3	82.0	76.0	-0.01775139570236206	0.05994430556893349
2cx_vs_plain	441	50	42	39	-3	84.0	78.0	-0.01644924469292164	-0.2526026666164398
2cx_vs_plain	509	50	30	27	-3	60.0	54.0	-0.014607398770749569	0.0878954604268074
2cx_vs_plain	744	50	19	16	-3	38.0	32.0	-0.013443083502352238	0.11085091531276703
2cx_vs_plain	154	50	44	41	-3	88.0	82.0	-0.012564620934426785	-0.05763843655586243
2cx_vs_plain	481	50	33	30	-3	66.0	60.0	-0.011069980449974537	0.1111222356557846
2cx_vs_plain	658	50	37	34	-3	74.0	68.0	-0.010472854599356651	0.04357175901532173
2cx_vs_plain	756	50	42	39	-3	84.0	78.0	-0.009810027666389942	-0.1061946377158165
2cx_vs_plain	590	50	31	28	-3	62.0	56.0	-0.009168312884867191	0.12756608426570892
2cx_vs_plain	529	50	42	39	-3	84.0	78.0	-0.005891298875212669	0.05778905004262924
2cx_vs_plain	167	50	20	17	-3	40.0	34.0	-0.00565276388078928	0.05610456317663193
2cx_vs_plain	124	50	38	35	-3	76.0	70.0	-0.0024470738135278225	-0.04431769251823425
2cx_vs_plain	241	50	38	35	-3	76.0	70.0	-0.0019434451824054122	0.01069668773561716
2cx_vs_plain	813	50	24	21	-3	48.0	42.0	0.0010322812013328075	0.03451652452349663
2cx_vs_plain	207	50	45	42	-3	90.0	84.0	0.001079423469491303	-0.1608671247959137
2cx_vs_plain	881	50	43	40	-3	86.0	80.0	0.0019313585944473743	0.07330737262964249
2cx_vs_plain	304	50	35	32	-3	70.0	64.0	0.006635237950831652	-0.009587650187313557
2cx_vs_plain	768	50	48	45	-3	96.0	90.0	0.009331994690001011	0.21946343779563904
2cx_vs_plain	549	50	30	28	-2	60.0	56.0	-0.0526367649435997	-0.21278062462806702
2cx_vs_plain	543	50	38	36	-2	76.0	72.0	-0.052506230771541595	-0.25840386748313904
2cx_vs_plain	563	50	46	44	-2	92.0	88.0	-0.040965814143419266	-0.23238781094551086
2cx_vs_plain	457	50	43	41	-2	86.0	82.0	-0.038322485983371735	-0.1380162388086319
2cx_vs_plain	939	50	42	40	-2	84.0	80.0	-0.037050601094961166	-0.2148389369249344
2cx_vs_plain	665	50	40	38	-2	80.0	76.0	-0.03653060272336006	-0.21085666120052338
2cx_vs_plain	785	50	47	45	-2	94.0	90.0	-0.03383110463619232	-0.2915753126144409
2cx_vs_plain	82	50	45	43	-2	90.0	86.0	-0.03212849050760269	-0.04368111491203308
2cx_vs_plain	778	50	42	40	-2	84.0	80.0	-0.030879057943820953	-0.2212054431438446
2cx_vs_plain	506	50	38	36	-2	76.0	72.0	-0.029267925769090652	-0.0030401230324059725
2cx_vs_plain	313	50	41	39	-2	82.0	78.0	-0.029125742614269257	-0.24421922862529755
2cx_vs_plain	8	50	46	44	-2	92.0	88.0	-0.028004946187138557	-0.33860793709754944
2cx_vs_plain	444	50	45	43	-2	90.0	86.0	-0.027638506144285202	-0.2314056009054184
2cx_vs_plain	348	50	36	34	-2	72.0	68.0	-0.025467930361628532	-0.14380688965320587
2cx_vs_plain	243	50	44	42	-2	88.0	84.0	-0.024747595191001892	-0.21428407728672028
2cx_vs_plain	58	50	43	41	-2	86.0	82.0	-0.024243781343102455	-0.051694355905056
2cx_vs_plain	982	50	43	41	-2	86.0	82.0	-0.023100288584828377	-0.27648288011550903
2cx_vs_plain	976	50	31	29	-2	62.0	58.0	-0.02176828868687153	-0.026606645435094833
2cx_vs_plain	494	50	39	37	-2	78.0	74.0	-0.021752309054136276	-0.04345338046550751
2cx_vs_plain	140	50	47	45	-2	94.0	90.0	-0.02045135572552681	0.012618894688785076
2cx_vs_plain	920	50	43	41	-2	86.0	82.0	-0.01926261931657791	0.020020198076963425
2cx_vs_plain	263	50	49	47	-2	98.0	94.0	-0.01900562085211277	-0.150823712348938
2cx_vs_plain	431	50	42	40	-2	84.0	80.0	-0.018943512812256813	-0.05264068767428398
2cx_vs_plain	941	50	43	41	-2	86.0	82.0	-0.01843372732400894	-0.015991192311048508
2cx_vs_plain	403	50	46	44	-2	92.0	88.0	-0.017847426235675812	-0.14382776618003845
2cx_vs_plain	295	50	46	44	-2	92.0	88.0	-0.017188269644975662	-0.10404643416404724
2cx_vs_plain	791	50	41	39	-2	82.0	78.0	-0.017051268368959427	-0.11857082694768906
2cx_vs_plain	149	50	46	44	-2	92.0	88.0	-0.016845328733325005	-0.03465535119175911
2cx_vs_plain	366	50	40	38	-2	80.0	76.0	-0.01678403466939926	-0.04724131524562836
2cx_vs_plain	502	50	37	35	-2	74.0	70.0	-0.01633407175540924	-0.1386507749557495
2cx_vs_plain	650	50	31	29	-2	62.0	58.0	-0.01596110872924328	-0.09956466406583786
2cx_vs_plain	463	50	31	29	-2	62.0	58.0	-0.01584642566740513	0.06990759074687958
2cx_vs_plain	847	50	41	39	-2	82.0	78.0	-0.01549411192536354	0.028393831104040146
2cx_vs_plain	211	50	44	42	-2	88.0	84.0	-0.014810454100370407	-0.043430816382169724
2cx_vs_plain	44	50	39	37	-2	78.0	74.0	-0.01426465529948473	-0.10069631785154343
2cx_vs_plain	385	50	33	31	-2	66.0	62.0	-0.014018510468304157	-0.05327480286359787
2cx_vs_plain	261	50	46	44	-2	92.0	88.0	-0.013952422887086868	-0.048219822347164154
2cx_vs_plain	519	50	33	31	-2	66.0	62.0	-0.013456791639328003	-0.2793804109096527
2cx_vs_plain	394	50	43	41	-2	86.0	82.0	-0.012605631723999977	0.037280596792697906
2cx_vs_plain	931	50	35	33	-2	70.0	66.0	-0.012309827841818333	-0.14981114864349365
2cx_vs_plain	146	50	50	48	-2	100.0	96.0	-0.01220613718032837	-0.19057555496692657
2cx_vs_plain	954	50	45	43	-2	90.0	86.0	-0.0116947116330266	0.019219379872083664
2cx_vs_plain	202	50	40	38	-2	80.0	76.0	-0.011413243599236012	-0.1276550590991974
2cx_vs_plain	367	50	45	43	-2	90.0	86.0	-0.011340450495481491	0.03471473604440689
2cx_vs_plain	401	50	46	44	-2	92.0	88.0	-0.011233682744204998	-0.017506379634141922
2cx_vs_plain	517	50	44	42	-2	88.0	84.0	-0.009696980938315392	-0.18364264070987701
2cx_vs_plain	282	50	11	9	-2	22.0	18.0	-0.00918679591268301	0.01122903823852539
2cx_vs_plain	35	50	37	35	-2	74.0	70.0	-0.00830147136002779	0.02445656806230545
2cx_vs_plain	640	50	50	48	-2	100.0	96.0	-0.00821576826274395	-0.019537411630153656
2cx_vs_plain	200	50	37	35	-2	74.0	70.0	-0.008127773180603981	0.08341383934020996
2cx_vs_plain	299	50	48	46	-2	96.0	92.0	-0.007492780685424805	-0.061571940779685974
2cx_vs_plain	556	50	35	33	-2	70.0	66.0	-0.007316415198147297	-0.014723978005349636
2cx_vs_plain	987	50	23	21	-2	46.0	42.0	-0.006181368138641119	-0.002075767610222101
2cx_vs_plain	568	50	43	41	-2	86.0	82.0	-0.005775462370365858	0.004901790525764227
2cx_vs_plain	269	50	40	38	-2	80.0	76.0	-0.0054596965201199055	-0.07641568034887314
2cx_vs_plain	664	50	21	19	-2	42.0	38.0	-0.005429226905107498	-0.007008457090705633
2cx_vs_plain	975	50	32	30	-2	64.0	60.0	-0.005303429439663887	-0.05336422100663185
2cx_vs_plain	213	50	44	42	-2	88.0	84.0	-0.0052619618363678455	0.0042646597139537334
2cx_vs_plain	827	50	39	37	-2	78.0	74.0	-0.004966038279235363	-0.12897847592830658
2cx_vs_plain	969	50	26	24	-2	52.0	48.0	-0.0046515753492712975	0.16864356398582458
2cx_vs_plain	252	50	43	41	-2	86.0	82.0	-0.004284786060452461	0.039246197789907455
2cx_vs_plain	667	50	33	31	-2	66.0	62.0	-0.0033700882922858	-0.07088856399059296
2cx_vs_plain	16	50	46	44	-2	92.0	88.0	-0.0025509661063551903	-0.06130553409457207
2cx_vs_plain	479	50	25	23	-2	50.0	46.0	-0.0019787230994552374	0.026293879374861717
2cx_vs_plain	74	50	32	30	-2	64.0	60.0	-0.0018516016425564885	0.04995109513401985
2cx_vs_plain	88	50	50	48	-2	100.0	96.0	-0.0017369568813592196	-0.06228891387581825
2cx_vs_plain	901	50	35	33	-2	70.0	66.0	-0.0012319193920120597	0.02701576240360737
2cx_vs_plain	966	50	34	32	-2	68.0	64.0	-0.0009072762914001942	0.001780920079909265
2cx_vs_plain	588	50	39	37	-2	78.0	74.0	-0.00022205233108252287	-0.06861449033021927
2cx_vs_plain	921	50	36	34	-2	72.0	68.0	0.000988167361356318	0.025329064577817917
2cx_vs_plain	597	50	38	36	-2	76.0	72.0	0.002044172491878271	0.08344893157482147
2cx_vs_plain	845	50	36	34	-2	72.0	68.0	0.003031645668670535	-0.12022552639245987
2cx_vs_plain	899	50	22	20	-2	44.0	40.0	0.004246552009135485	-0.011325941421091557
2cx_vs_plain	158	50	33	31	-2	66.0	62.0	0.0042826407589018345	-0.052726879715919495
2cx_vs_plain	752	50	43	41	-2	86.0	82.0	0.005661930423229933	0.03086499124765396
2cx_vs_plain	214	50	46	44	-2	92.0	88.0	0.007730400655418634	0.14227750897407532
2cx_vs_plain	456	50	45	43	-2	90.0	86.0	0.007851721718907356	0.14794105291366577
2cx_vs_plain	963	50	44	42	-2	88.0	84.0	0.007988041266798973	-0.0016828441293910146
2cx_vs_plain	885	50	17	15	-2	34.0	30.0	0.008486100472509861	0.022272806614637375
2cx_vs_plain	78	50	41	39	-2	82.0	78.0	0.011429126374423504	0.05002109706401825
2cx_vs_plain	978	50	23	21	-2	46.0	42.0	0.012188486754894257	0.2028609812259674
2cx_vs_plain	484	50	37	35	-2	74.0	70.0	0.014754357747733593	0.016140718013048172
2cx_vs_plain	654	50	41	39	-2	82.0	78.0	0.01521392073482275	0.141604945063591
2cx_vs_plain	905	50	34	32	-2	68.0	64.0	0.015509693883359432	-0.003031549509614706
2cx_vs_plain	926	50	44	42	-2	88.0	84.0	0.01942106895148754	0.12066848576068878
2cx_vs_plain	673	50	23	21	-2	46.0	42.0	0.026472797617316246	0.15247653424739838
2cx_vs_plain	232	50	43	41	-2	86.0	82.0	0.040103692561388016	0.05425078421831131
2cx_vs_plain	887	50	35	34	-1	70.0	68.0	-0.05621390417218208	-0.23593541979789734
2cx_vs_plain	174	50	46	45	-1	92.0	90.0	-0.053876496851444244	-0.4717440903186798
2cx_vs_plain	839	50	36	35	-1	72.0	70.0	-0.044594839215278625	-0.17358645796775818
2cx_vs_plain	265	50	39	38	-1	78.0	76.0	-0.043954815715551376	-0.18943101167678833
2cx_vs_plain	511	50	44	43	-1	88.0	86.0	-0.043356455862522125	-0.2767965793609619
2cx_vs_plain	249	50	42	41	-1	84.0	82.0	-0.0416121669113636	-0.25535497069358826
2cx_vs_plain	929	50	42	41	-1	84.0	82.0	-0.03592656925320625	-0.09656531363725662
2cx_vs_plain	884	50	40	39	-1	80.0	78.0	-0.032500606030225754	-0.1858404576778412
2cx_vs_plain	702	50	43	42	-1	86.0	84.0	-0.029627734795212746	-0.12450231611728668
2cx_vs_plain	196	50	37	36	-1	74.0	72.0	-0.0287579745054245	-0.20423363149166107
2cx_vs_plain	787	50	34	33	-1	68.0	66.0	-0.02824575826525688	-0.14008530974388123
2cx_vs_plain	141	50	47	46	-1	94.0	92.0	-0.02637704834342003	-0.2821823060512543
2cx_vs_plain	272	50	30	29	-1	60.0	58.0	-0.02498205006122589	-0.1262115240097046
2cx_vs_plain	825	50	43	42	-1	86.0	84.0	-0.02493712678551674	0.01843998022377491
2cx_vs_plain	238	50	35	34	-1	70.0	68.0	-0.024476679041981697	-0.04050824046134949
2cx_vs_plain	622	50	32	31	-1	64.0	62.0	-0.024063467979431152	-0.011822824366390705
2cx_vs_plain	950	50	41	40	-1	82.0	80.0	-0.02262764982879162	-0.09986074268817902
2cx_vs_plain	81	50	47	46	-1	94.0	92.0	-0.020773205906152725	-0.06522679328918457
2cx_vs_plain	483	50	39	38	-1	78.0	76.0	-0.02074696309864521	-0.13528989255428314
2cx_vs_plain	593	50	41	40	-1	82.0	80.0	-0.020598366856575012	-0.07064404338598251
2cx_vs_plain	281	50	38	37	-1	76.0	74.0	-0.01993357203900814	-0.0723429024219513
2cx_vs_plain	670	50	45	44	-1	90.0	88.0	-0.01948111318051815	-0.06078923121094704
2cx_vs_plain	710	50	36	35	-1	72.0	70.0	-0.01835903711616993	-0.10965309292078018
2cx_vs_plain	878	50	42	41	-1	84.0	82.0	-0.01790567860007286	-0.07246579229831696
2cx_vs_plain	753	50	41	40	-1	82.0	80.0	-0.017113840207457542	-0.15984608232975006
2cx_vs_plain	303	50	40	39	-1	80.0	78.0	-0.0169769749045372	-0.11086443811655045
2cx_vs_plain	925	50	32	31	-1	64.0	62.0	-0.016936279833316803	-0.0977332666516304
2cx_vs_plain	433	50	43	42	-1	86.0	84.0	-0.01681351289153099	0.0708528459072113
2cx_vs_plain	804	50	34	33	-1	68.0	66.0	-0.016769414767622948	-0.1186203733086586
2cx_vs_plain	795	50	42	41	-1	84.0	82.0	-0.016624940559267998	-0.12145423144102097
2cx_vs_plain	278	50	37	36	-1	74.0	72.0	-0.015976376831531525	-0.0673307403922081
2cx_vs_plain	354	50	47	46	-1	94.0	92.0	-0.015959300100803375	0.09477566927671432
2cx_vs_plain	132	50	47	46	-1	94.0	92.0	-0.01550055481493473	0.0068618012592196465
2cx_vs_plain	318	50	45	44	-1	90.0	88.0	-0.0154349897056818	-0.039067115634679794
2cx_vs_plain	49	50	40	39	-1	80.0	78.0	-0.015235697850584984	-0.1896887570619583
2cx_vs_plain	680	50	44	43	-1	88.0	86.0	-0.014826059341430664	-0.13084369897842407
2cx_vs_plain	3	50	40	39	-1	80.0	78.0	-0.014492626301944256	-0.10572224855422974
2cx_vs_plain	63	50	44	43	-1	88.0	86.0	-0.014424157328903675	-0.13439953327178955
2cx_vs_plain	93	50	50	49	-1	100.0	98.0	-0.014047641307115555	-0.0941247045993805
2cx_vs_plain	437	50	38	37	-1	76.0	74.0	-0.013951726257801056	0.003945722710341215
2cx_vs_plain	964	50	39	38	-1	78.0	76.0	-0.013295230455696583	-0.19762855768203735
2cx_vs_plain	180	50	32	31	-1	64.0	62.0	-0.013076020404696465	-0.11470451205968857
2cx_vs_plain	536	50	30	29	-1	60.0	58.0	-0.012993283569812775	0.01143960002809763
2cx_vs_plain	317	50	46	45	-1	92.0	90.0	-0.012961254455149174	-0.1081073209643364
2cx_vs_plain	198	50	46	45	-1	92.0	90.0	-0.012868680991232395	-0.04491748660802841
2cx_vs_plain	134	50	39	38	-1	78.0	76.0	-0.012335186824202538	-0.009705104865133762
2cx_vs_plain	246	50	43	42	-1	86.0	84.0	-0.01181094255298376	-0.02030320093035698
2cx_vs_plain	383	50	34	33	-1	68.0	66.0	-0.011667716316878796	-0.02440440095961094
2cx_vs_plain	123	50	44	43	-1	88.0	86.0	-0.011456524953246117	0.10249966382980347
2cx_vs_plain	1	50	48	47	-1	96.0	94.0	-0.011198258027434349	-0.10266044735908508
2cx_vs_plain	627	50	41	40	-1	82.0	80.0	-0.011136051267385483	-0.14037473499774933
2cx_vs_plain	377	50	42	41	-1	84.0	82.0	-0.010660656727850437	0.03140660375356674
2cx_vs_plain	882	50	40	39	-1	80.0	78.0	-0.010436308570206165	-0.09365516901016235
2cx_vs_plain	867	50	45	44	-1	90.0	88.0	-0.010311579331755638	0.010240621864795685
2cx_vs_plain	671	50	40	39	-1	80.0	78.0	-0.010214541107416153	-0.15497986972332
2cx_vs_plain	953	50	49	48	-1	98.0	96.0	-0.010165471583604813	-0.04495472088456154
2cx_vs_plain	181	50	45	44	-1	90.0	88.0	-0.009637255221605301	-0.07480818033218384
2cx_vs_plain	728	50	32	31	-1	64.0	62.0	-0.009157363325357437	-0.055381566286087036
2cx_vs_plain	152	50	42	41	-1	84.0	82.0	-0.009141180664300919	-0.16112922132015228
2cx_vs_plain	706	50	32	31	-1	64.0	62.0	-0.009071546606719494	-0.1877181977033615
2cx_vs_plain	288	50	41	40	-1	82.0	80.0	-0.009020797908306122	-0.07103854417800903
2cx_vs_plain	289	50	46	45	-1	92.0	90.0	-0.008882773108780384	-0.09134078025817871
2cx_vs_plain	703	50	40	39	-1	80.0	78.0	-0.008344211615622044	-0.06896794587373734
2cx_vs_plain	350	50	48	47	-1	96.0	94.0	-0.007860548794269562	-0.005107068922370672
2cx_vs_plain	798	50	40	39	-1	80.0	78.0	-0.007821829989552498	0.04092675819993019
2cx_vs_plain	602	50	40	39	-1	80.0	78.0	-0.007618088275194168	-0.018007822334766388
2cx_vs_plain	883	50	29	28	-1	58.0	56.0	-0.007597421295940876	-0.20370326936244965
2cx_vs_plain	935	50	37	36	-1	74.0	72.0	-0.00734594464302063	-0.04306972399353981
2cx_vs_plain	60	50	26	25	-1	52.0	50.0	-0.007337519899010658	-0.03374846279621124
2cx_vs_plain	788	50	47	46	-1	94.0	92.0	-0.007300888188183308	0.04259722679853439
2cx_vs_plain	611	50	48	47	-1	96.0	94.0	-0.007006166037172079	0.16077451407909393
2cx_vs_plain	31	50	46	45	-1	92.0	90.0	-0.00695782620459795	-0.03682243451476097
2cx_vs_plain	435	50	27	26	-1	54.0	52.0	-0.006850693374872208	-0.016523046419024467
2cx_vs_plain	327	50	45	44	-1	90.0	88.0	-0.006808731704950333	-0.10131426155567169
2cx_vs_plain	922	50	44	43	-1	88.0	86.0	-0.006763427052646875	0.01757444441318512
2cx_vs_plain	628	50	47	46	-1	94.0	92.0	-0.006576742976903915	-0.12821447849273682
2cx_vs_plain	345	50	33	32	-1	66.0	64.0	-0.006504426710307598	-0.012997951358556747
2cx_vs_plain	786	50	44	43	-1	88.0	86.0	-0.006300443783402443	-0.17879711091518402
2cx_vs_plain	755	50	46	45	-1	92.0	90.0	-0.006139001343399286	-0.1991814374923706
2cx_vs_plain	544	50	40	39	-1	80.0	78.0	-0.006046725437045097	-0.08107934147119522
2cx_vs_plain	368	50	40	39	-1	80.0	78.0	-0.005885458551347256	-0.012574596330523491
2cx_vs_plain	219	50	43	42	-1	86.0	84.0	-0.005716645624488592	0.06184300407767296
2cx_vs_plain	874	50	50	49	-1	100.0	98.0	-0.0055587273091077805	-0.2877727150917053
2cx_vs_plain	68	50	18	17	-1	36.0	34.0	-0.005347554571926594	-0.0799006000161171
2cx_vs_plain	880	50	48	47	-1	96.0	94.0	-0.004739665891975164	0.09942859411239624
2cx_vs_plain	283	50	48	47	-1	96.0	94.0	-0.0045699081383645535	-0.08135520666837692
2cx_vs_plain	37	50	45	44	-1	90.0	88.0	-0.0044623007997870445	0.01769484579563141
2cx_vs_plain	908	50	33	32	-1	66.0	64.0	-0.00434121023863554	0.06644649803638458
2cx_vs_plain	669	50	49	48	-1	98.0	96.0	-0.004307195078581572	0.1240801215171814
2cx_vs_plain	131	50	43	42	-1	86.0	84.0	-0.0040207309648394585	0.03677906095981598
2cx_vs_plain	716	50	47	46	-1	94.0	92.0	-0.0037106084637343884	-0.07415995001792908
2cx_vs_plain	59	50	34	33	-1	68.0	66.0	-0.003442370565608144	-0.03403499722480774
2cx_vs_plain	574	50	48	47	-1	96.0	94.0	-0.003417359199374914	0.041357193142175674
2cx_vs_plain	70	50	45	44	-1	90.0	88.0	-0.0032837926410138607	-0.1369447112083435
2cx_vs_plain	176	50	43	42	-1	86.0	84.0	-0.0031314357183873653	-0.057337816804647446
2cx_vs_plain	230	50	45	44	-1	90.0	88.0	-0.0029027024284005165	-0.054595690220594406
2cx_vs_plain	547	50	45	44	-1	90.0	88.0	-0.002901314524933696	0.06401285529136658
2cx_vs_plain	522	50	48	47	-1	96.0	94.0	-0.002864664187654853	0.054289285093545914
2cx_vs_plain	76	50	50	49	-1	100.0	98.0	-0.0025980686768889427	-0.09530431032180786
2cx_vs_plain	339	50	50	49	-1	100.0	98.0	-0.002318248152732849	-0.16379113495349884
2cx_vs_plain	159	50	41	40	-1	82.0	80.0	-0.0022401774767786264	0.03551437333226204
2cx_vs_plain	705	50	30	29	-1	60.0	58.0	-0.002192380838096142	-0.06964743882417679
2cx_vs_plain	514	50	40	39	-1	80.0	78.0	-0.0020937088411301374	-0.07310600578784943
2cx_vs_plain	624	50	34	33	-1	68.0	66.0	-0.0018534539267420769	-0.03580564633011818
2cx_vs_plain	938	50	47	46	-1	94.0	92.0	-0.0017985535087063909	0.023478956893086433
2cx_vs_plain	392	50	49	48	-1	98.0	96.0	-0.0017600501887500286	0.11656208336353302
2cx_vs_plain	725	50	27	26	-1	54.0	52.0	-0.001311549567617476	-0.05705878138542175
2cx_vs_plain	409	50	32	31	-1	64.0	62.0	-0.0009984287898987532	0.08875765651464462
2cx_vs_plain	360	50	42	41	-1	84.0	82.0	-0.0009407252073287964	-0.00783525500446558
2cx_vs_plain	142	50	45	44	-1	90.0	88.0	-0.0004830965481232852	0.21000175178050995
2cx_vs_plain	983	50	44	43	-1	88.0	86.0	-0.0004036426544189453	0.00604001060128212
2cx_vs_plain	427	50	32	31	-1	64.0	62.0	-9.440541180083528e-05	-0.10958350449800491
2cx_vs_plain	277	50	34	33	-1	68.0	66.0	0.0005166658665984869	-0.022982493042945862
2cx_vs_plain	722	50	44	43	-1	88.0	86.0	0.0007842169725336134	-0.09175179153680801
2cx_vs_plain	224	50	40	39	-1	80.0	78.0	0.0009139198227785528	0.147507444024086
2cx_vs_plain	721	50	44	43	-1	88.0	86.0	0.0014103985158726573	-0.11325021833181381
2cx_vs_plain	572	50	36	35	-1	72.0	70.0	0.0014980564592406154	0.07455262541770935
2cx_vs_plain	842	50	38	37	-1	76.0	74.0	0.001803354942239821	-0.08826977759599686
2cx_vs_plain	621	50	44	43	-1	88.0	86.0	0.0019823915790766478	0.08704686164855957
2cx_vs_plain	79	50	42	41	-1	84.0	82.0	0.0025040835607796907	-0.041153375059366226
2cx_vs_plain	970	50	28	27	-1	56.0	54.0	0.0025259582325816154	-0.015391254797577858
2cx_vs_plain	477	50	39	38	-1	78.0	76.0	0.002964567858725786	0.11731699109077454
2cx_vs_plain	500	50	46	45	-1	92.0	90.0	0.00308187841437757	-0.18536685407161713
2cx_vs_plain	4	50	45	44	-1	90.0	88.0	0.003154388163238764	0.06252942979335785
2cx_vs_plain	711	50	40	39	-1	80.0	78.0	0.0032759541645646095	0.1823880821466446
2cx_vs_plain	541	50	29	28	-1	58.0	56.0	0.003711012890562415	-0.05442402884364128
2cx_vs_plain	959	50	45	44	-1	90.0	88.0	0.0038532058242708445	-0.062436219304800034
2cx_vs_plain	584	50	27	26	-1	54.0	52.0	0.0038655020762234926	-0.0439232736825943
2cx_vs_plain	203	50	48	47	-1	96.0	94.0	0.0038756688591092825	0.0679444968700409
2cx_vs_plain	889	50	36	35	-1	72.0	70.0	0.004266900010406971	0.08079767227172852
2cx_vs_plain	405	50	40	39	-1	80.0	78.0	0.004444970283657312	0.06445188820362091
2cx_vs_plain	772	50	37	36	-1	74.0	72.0	0.0048123071901500225	0.14092189073562622
2cx_vs_plain	713	50	47	46	-1	94.0	92.0	0.004939644131809473	0.06044469028711319
2cx_vs_plain	734	50	44	43	-1	88.0	86.0	0.005229932721704245	0.03283505514264107
2cx_vs_plain	733	50	28	27	-1	56.0	54.0	0.005698532331734896	-0.05696947127580643
2cx_vs_plain	749	50	45	44	-1	90.0	88.0	0.006416731514036655	0.0067545510828495026
2cx_vs_plain	0	50	49	48	-1	98.0	96.0	0.006496137008070946	0.1279357373714447
2cx_vs_plain	802	50	49	48	-1	98.0	96.0	0.006672878749668598	0.0083646010607481
2cx_vs_plain	393	50	47	46	-1	94.0	92.0	0.006947057321667671	-0.018367528915405273
2cx_vs_plain	888	50	42	41	-1	84.0	82.0	0.006967879366129637	0.10429444909095764
2cx_vs_plain	638	50	15	14	-1	30.0	28.0	0.0069916569627821445	-0.004022274166345596
2cx_vs_plain	184	50	38	37	-1	76.0	74.0	0.007530613336712122	-0.052068520337343216
2cx_vs_plain	23	50	49	48	-1	98.0	96.0	0.007612926419824362	0.11227934062480927
2cx_vs_plain	369	50	41	40	-1	82.0	80.0	0.007625597063452005	0.09089840948581696
2cx_vs_plain	429	50	42	41	-1	84.0	82.0	0.007702580187469721	0.03673602268099785
2cx_vs_plain	592	50	44	43	-1	88.0	86.0	0.008018290624022484	0.09158401191234589
2cx_vs_plain	751	50	41	40	-1	82.0	80.0	0.008024618960916996	0.012630682438611984
2cx_vs_plain	436	50	36	35	-1	72.0	70.0	0.00811069831252098	0.020268430933356285
2cx_vs_plain	637	50	43	42	-1	86.0	84.0	0.008283311501145363	-0.06527192890644073
2cx_vs_plain	537	50	47	46	-1	94.0	92.0	0.008583334274590015	-0.04018060863018036
2cx_vs_plain	715	50	41	40	-1	82.0	80.0	0.008658218197524548	0.1579144299030304
2cx_vs_plain	911	50	23	22	-1	46.0	44.0	0.008840220980346203	-0.021558227017521858
2cx_vs_plain	310	50	41	40	-1	82.0	80.0	0.009297161363065243	0.0748952180147171
2cx_vs_plain	358	50	29	28	-1	58.0	56.0	0.011892804875969887	-0.03536894917488098
2cx_vs_plain	709	50	42	41	-1	84.0	82.0	0.01206511352211237	0.07929366827011108
2cx_vs_plain	307	50	43	42	-1	86.0	84.0	0.012495912611484528	0.0956171452999115
2cx_vs_plain	807	50	41	40	-1	82.0	80.0	0.012613857164978981	0.18107406795024872
2cx_vs_plain	903	50	44	43	-1	88.0	86.0	0.013914314098656178	0.22055627405643463
2cx_vs_plain	297	50	38	37	-1	76.0	74.0	0.01402648352086544	0.10214585065841675
2cx_vs_plain	53	50	44	43	-1	88.0	86.0	0.015881411731243134	0.1696735918521881
2cx_vs_plain	332	50	50	49	-1	100.0	98.0	0.016191227361559868	0.15953488647937775
2cx_vs_plain	917	50	42	41	-1	84.0	82.0	0.01636994071304798	0.024314070120453835
2cx_vs_plain	357	50	47	46	-1	94.0	92.0	0.016562391072511673	0.041247252374887466
2cx_vs_plain	591	50	42	41	-1	84.0	82.0	0.016763407737016678	0.10616694390773773
2cx_vs_plain	273	50	41	40	-1	82.0	80.0	0.017831576988101006	0.16074413061141968
2cx_vs_plain	298	50	40	39	-1	80.0	78.0	0.017872046679258347	0.1725149154663086
2cx_vs_plain	626	50	41	40	-1	82.0	80.0	0.017927508801221848	-0.007854614406824112
2cx_vs_plain	915	50	49	48	-1	98.0	96.0	0.01854640245437622	0.1979561746120453
2cx_vs_plain	956	50	50	49	-1	100.0	98.0	0.018955856561660767	0.18547485768795013
2cx_vs_plain	736	50	46	45	-1	92.0	90.0	0.019596224650740623	0.16551262140274048
2cx_vs_plain	553	50	43	42	-1	86.0	84.0	0.01998858153820038	0.09527695924043655
2cx_vs_plain	353	50	36	35	-1	72.0	70.0	0.022101841866970062	0.13745874166488647
2cx_vs_plain	909	50	31	30	-1	62.0	60.0	0.023192517459392548	0.15748214721679688
2cx_vs_plain	264	50	32	31	-1	64.0	62.0	0.023702964186668396	-0.07895872741937637
2cx_vs_plain	521	50	44	43	-1	88.0	86.0	0.02393963374197483	0.07801644504070282
2cx_vs_plain	416	50	47	46	-1	94.0	92.0	0.02507014200091362	0.3567142188549042
2cx_vs_plain	774	50	39	38	-1	78.0	76.0	0.02563251554965973	0.07117316871881485
2cx_vs_plain	223	50	46	45	-1	92.0	90.0	0.026170991361141205	0.29483237862586975
2cx_vs_plain	7	50	38	37	-1	76.0	74.0	0.02680117078125477	0.11145931482315063
2cx_vs_plain	700	50	39	38	-1	78.0	76.0	0.026851890608668327	-0.06341655552387238
2cx_vs_plain	861	50	38	37	-1	76.0	74.0	0.02686256170272827	0.0140866469591856
2cx_vs_plain	183	50	44	43	-1	88.0	86.0	0.0270265880972147	0.012791824527084827
2cx_vs_plain	741	50	37	36	-1	74.0	72.0	0.029271848499774933	0.15320047736167908
2cx_vs_plain	555	50	47	46	-1	94.0	92.0	0.030869923532009125	0.2652072012424469
2cx_vs_plain	971	50	45	44	-1	90.0	88.0	0.03297153487801552	0.30246466398239136
2cx_vs_plain	204	50	35	34	-1	70.0	68.0	0.03941895067691803	0.32381466031074524
2cx_vs_plain	712	50	40	39	-1	80.0	78.0	0.04092143103480339	0.2285040318965912
2cx_vs_plain	162	50	44	44	0	88.0	88.0	-0.04649409279227257	-0.2735343277454376
2cx_vs_plain	227	50	35	35	0	70.0	70.0	-0.04366285726428032	-0.20867232978343964
2cx_vs_plain	761	50	42	42	0	84.0	84.0	-0.04285165295004845	-0.3029327094554901
2cx_vs_plain	275	50	50	50	0	100.0	100.0	-0.03547072410583496	-0.2547731101512909
2cx_vs_plain	235	50	44	44	0	88.0	88.0	-0.03351861611008644	-0.16408595442771912
2cx_vs_plain	113	50	44	44	0	88.0	88.0	-0.032022520899772644	-0.20130588114261627
2cx_vs_plain	598	50	35	35	0	70.0	70.0	-0.030361657962203026	-0.0839209109544754
2cx_vs_plain	719	50	46	46	0	92.0	92.0	-0.027344752103090286	-0.2246646285057068
2cx_vs_plain	821	50	45	45	0	90.0	90.0	-0.026982121169567108	-0.11459819972515106
2cx_vs_plain	616	50	45	45	0	90.0	90.0	-0.025432640686631203	-0.3148374557495117
2cx_vs_plain	257	50	42	42	0	84.0	84.0	-0.024683894589543343	-0.29115840792655945
2cx_vs_plain	399	50	43	43	0	86.0	86.0	-0.024339962750673294	-0.21417616307735443
2cx_vs_plain	668	50	48	48	0	96.0	96.0	-0.02393747866153717	-0.22801066935062408
2cx_vs_plain	649	50	46	46	0	92.0	92.0	-0.023788433521986008	-0.19220735132694244
2cx_vs_plain	601	50	37	37	0	74.0	74.0	-0.022490588948130608	-0.0743209570646286
2cx_vs_plain	783	50	49	49	0	98.0	98.0	-0.022357497364282608	-0.0078458022326231
2cx_vs_plain	492	50	40	40	0	80.0	80.0	-0.02231309376657009	-0.0526529885828495
2cx_vs_plain	10	50	48	48	0	96.0	96.0	-0.021133098751306534	-0.025107765570282936
2cx_vs_plain	581	50	41	41	0	82.0	82.0	-0.020385615527629852	-0.1660148948431015
2cx_vs_plain	564	50	43	43	0	86.0	86.0	-0.019204771146178246	-0.0556657612323761
2cx_vs_plain	36	50	27	27	0	54.0	54.0	-0.019188135862350464	-0.18631233274936676
2cx_vs_plain	814	50	49	49	0	98.0	98.0	-0.01867644116282463	-0.050407007336616516
2cx_vs_plain	525	50	41	41	0	82.0	82.0	-0.018594803288578987	0.04586412385106087
2cx_vs_plain	453	50	37	37	0	74.0	74.0	-0.018370971083641052	-0.23772196471691132
2cx_vs_plain	434	50	31	31	0	62.0	62.0	-0.018330946564674377	-0.21037746965885162
2cx_vs_plain	595	50	43	43	0	86.0	86.0	-0.017867855727672577	-0.19224552810192108
2cx_vs_plain	99	50	42	42	0	84.0	84.0	-0.017602207139134407	-0.25271502137184143
2cx_vs_plain	886	50	47	47	0	94.0	94.0	-0.017567671835422516	-0.008723077364265919
2cx_vs_plain	64	50	34	34	0	68.0	68.0	-0.017381398007273674	-0.026226462796330452
2cx_vs_plain	398	50	43	43	0	86.0	86.0	-0.017212960869073868	-0.23025715351104736
2cx_vs_plain	973	50	39	39	0	78.0	78.0	-0.017170462757349014	-0.264879047870636
2cx_vs_plain	43	50	45	45	0	90.0	90.0	-0.016932114958763123	0.012210998684167862
2cx_vs_plain	172	50	39	39	0	78.0	78.0	-0.016785316169261932	-0.10059745609760284
2cx_vs_plain	779	50	48	48	0	96.0	96.0	-0.016493327915668488	-0.15756434202194214
2cx_vs_plain	769	50	40	40	0	80.0	80.0	-0.01602105051279068	-0.20676982402801514
2cx_vs_plain	302	50	36	36	0	72.0	72.0	-0.0159657783806324	-0.16401325166225433
2cx_vs_plain	217	50	46	46	0	92.0	92.0	-0.01593499258160591	-0.08738511800765991
2cx_vs_plain	56	50	46	46	0	92.0	92.0	-0.015851862728595734	-0.18553340435028076
2cx_vs_plain	582	50	34	34	0	68.0	68.0	-0.015729637816548347	0.03566088527441025
2cx_vs_plain	233	50	41	41	0	82.0	82.0	-0.015524376183748245	-0.10018470138311386
2cx_vs_plain	371	50	34	34	0	68.0	68.0	-0.015449448488652706	-0.10284008085727692
2cx_vs_plain	161	50	43	43	0	86.0	86.0	-0.015232793986797333	-0.06627994775772095
2cx_vs_plain	455	50	40	40	0	80.0	80.0	-0.015114504843950272	-0.09766221046447754
2cx_vs_plain	139	50	49	49	0	98.0	98.0	-0.015101250261068344	-0.1266181617975235
2cx_vs_plain	940	50	45	45	0	90.0	90.0	-0.014488892629742622	-0.023753367364406586
2cx_vs_plain	164	50	47	47	0	94.0	94.0	-0.014460444450378418	-0.016936607658863068
2cx_vs_plain	729	50	32	32	0	64.0	64.0	-0.01417201291769743	-0.08093731105327606
2cx_vs_plain	985	50	50	50	0	100.0	100.0	-0.014074498787522316	-0.30374836921691895
2cx_vs_plain	850	50	43	43	0	86.0	86.0	-0.013818107545375824	-0.13503488898277283
2cx_vs_plain	531	50	29	29	0	58.0	58.0	-0.013719985261559486	0.03222475200891495
2cx_vs_plain	130	50	49	49	0	98.0	98.0	-0.013663511723279953	-0.062471725046634674
2cx_vs_plain	229	50	49	49	0	98.0	98.0	-0.013502129353582859	-0.14692050218582153
2cx_vs_plain	816	50	48	48	0	96.0	96.0	-0.013444402255117893	-0.17289631068706512
2cx_vs_plain	268	50	48	48	0	96.0	96.0	-0.013398414477705956	-0.03591785579919815
2cx_vs_plain	879	50	39	39	0	78.0	78.0	-0.013143334537744522	-0.22354328632354736
2cx_vs_plain	765	50	39	39	0	78.0	78.0	-0.013081997632980347	-0.007609367370605469
2cx_vs_plain	989	50	50	50	0	100.0	100.0	-0.012647319585084915	-0.05555601045489311
2cx_vs_plain	794	50	37	37	0	74.0	74.0	-0.01237733568996191	-0.10917589068412781
2cx_vs_plain	410	50	45	45	0	90.0	90.0	-0.01235237717628479	-0.13863492012023926
2cx_vs_plain	335	50	47	47	0	94.0	94.0	-0.01217218954116106	-0.1755979210138321
2cx_vs_plain	949	50	35	35	0	70.0	70.0	-0.01213088259100914	-0.09695363789796829
2cx_vs_plain	647	50	44	44	0	88.0	88.0	-0.012097473256289959	-0.1596185266971588
2cx_vs_plain	646	50	45	45	0	90.0	90.0	-0.012089260853827	0.12979143857955933
2cx_vs_plain	326	50	48	48	0	96.0	96.0	-0.011876367032527924	-0.14061786234378815
2cx_vs_plain	846	50	28	28	0	56.0	56.0	-0.0117859598249197	0.030318260192871094
2cx_vs_plain	932	50	41	41	0	82.0	82.0	-0.011773431673645973	-0.10822159796953201
2cx_vs_plain	320	50	47	47	0	94.0	94.0	-0.011761988513171673	-0.08445176482200623
2cx_vs_plain	808	50	36	36	0	72.0	72.0	-0.011221137829124928	-0.07007885724306107
2cx_vs_plain	286	50	47	47	0	94.0	94.0	-0.011075016111135483	-0.1939907968044281
2cx_vs_plain	331	50	46	46	0	92.0	92.0	-0.011057037860155106	-0.12035707384347916
2cx_vs_plain	442	50	39	39	0	78.0	78.0	-0.011021231301128864	-0.13584236800670624
2cx_vs_plain	505	50	33	33	0	66.0	66.0	-0.010906350798904896	-0.1825120747089386
2cx_vs_plain	290	50	41	41	0	82.0	82.0	-0.010727358050644398	-0.07706669718027115
2cx_vs_plain	97	50	47	47	0	94.0	94.0	-0.010686228051781654	-0.17739254236221313
2cx_vs_plain	234	50	47	47	0	94.0	94.0	-0.010560359805822372	-0.05018678680062294
2cx_vs_plain	771	50	45	45	0	90.0	90.0	-0.010537193156778812	-0.01162427943199873
2cx_vs_plain	346	50	45	45	0	90.0	90.0	-0.010076181963086128	-0.017362719401717186
2cx_vs_plain	475	50	46	46	0	92.0	92.0	-0.009692084044218063	0.006308155134320259
2cx_vs_plain	26	50	33	33	0	66.0	66.0	-0.009489602409303188	-0.1734011024236679
2cx_vs_plain	612	50	47	47	0	94.0	94.0	-0.009433737024664879	-0.030460406094789505
2cx_vs_plain	732	50	42	42	0	84.0	84.0	-0.009293691255152225	0.06686337292194366
2cx_vs_plain	247	50	47	47	0	94.0	94.0	-0.009281119331717491	-0.17747090756893158
2cx_vs_plain	102	50	50	50	0	100.0	100.0	-0.009191935881972313	-0.05818169564008713
2cx_vs_plain	89	50	49	49	0	98.0	98.0	-0.009027104824781418	0.026663923636078835
2cx_vs_plain	780	50	40	40	0	80.0	80.0	-0.008817695081233978	-0.1651938557624817
2cx_vs_plain	937	50	46	46	0	92.0	92.0	-0.00874563492834568	-0.057016562670469284
2cx_vs_plain	685	50	49	49	0	98.0	98.0	-0.008742141537368298	-0.16867229342460632
2cx_vs_plain	688	50	47	47	0	94.0	94.0	-0.008729088120162487	0.0357462614774704
2cx_vs_plain	691	50	30	30	0	60.0	60.0	-0.008714206516742706	0.015900878235697746
2cx_vs_plain	485	50	31	31	0	62.0	62.0	-0.008531809784471989	-0.07804770767688751
2cx_vs_plain	828	50	33	33	0	66.0	66.0	-0.00851393025368452	-0.18376627564430237
2cx_vs_plain	862	50	40	40	0	80.0	80.0	-0.008488941937685013	0.021807145327329636
2cx_vs_plain	144	50	48	48	0	96.0	96.0	-0.00839630514383316	0.15353108942508698
2cx_vs_plain	69	50	49	49	0	98.0	98.0	-0.00833639595657587	-0.23394650220870972
2cx_vs_plain	254	50	49	49	0	98.0	98.0	-0.008279332891106606	-0.017715683206915855
2cx_vs_plain	890	50	48	48	0	96.0	96.0	-0.008134633302688599	-0.0011206102790310979
2cx_vs_plain	739	50	48	48	0	96.0	96.0	-0.008107846602797508	-0.1218169629573822
2cx_vs_plain	46	50	24	24	0	48.0	48.0	-0.007965577766299248	0.007138614542782307
2cx_vs_plain	19	50	50	50	0	100.0	100.0	-0.007873525843024254	-0.11922294646501541
2cx_vs_plain	128	50	44	44	0	88.0	88.0	-0.0077535961754620075	-0.009571037255227566
2cx_vs_plain	793	50	40	40	0	80.0	80.0	-0.007572179660201073	0.10998084396123886
2cx_vs_plain	460	50	35	35	0	70.0	70.0	-0.00754857761785388	0.014726858586072922
2cx_vs_plain	461	50	24	24	0	48.0	48.0	-0.007377626374363899	-0.017390822991728783
2cx_vs_plain	781	50	44	44	0	88.0	88.0	-0.0073575484566390514	0.03025699593126774
2cx_vs_plain	900	50	48	48	0	96.0	96.0	-0.007304085418581963	0.06897113472223282
2cx_vs_plain	72	50	48	48	0	96.0	96.0	-0.00726633844897151	-0.033924903720617294
2cx_vs_plain	41	50	47	47	0	94.0	94.0	-0.007249913178384304	0.040915776044130325
2cx_vs_plain	129	50	50	50	0	100.0	100.0	-0.00718868151307106	-0.10082177817821503
2cx_vs_plain	178	50	48	48	0	96.0	96.0	-0.007188054732978344	-0.10373933613300323
2cx_vs_plain	748	50	28	28	0	56.0	56.0	-0.00698411650955677	0.02847106009721756
2cx_vs_plain	267	50	44	44	0	88.0	88.0	-0.006806029472500086	-0.05719888582825661
2cx_vs_plain	397	50	47	47	0	94.0	94.0	-0.006625063251703978	-0.10177162289619446
2cx_vs_plain	735	50	34	34	0	68.0	68.0	-0.006543527822941542	0.02131873182952404
2cx_vs_plain	122	50	45	45	0	90.0	90.0	-0.006342434789985418	0.03407800570130348
2cx_vs_plain	496	50	48	48	0	96.0	96.0	-0.006328114308416843	-0.13746431469917297
2cx_vs_plain	562	50	47	47	0	94.0	94.0	-0.006290835328400135	0.06303337216377258
2cx_vs_plain	378	50	45	45	0	90.0	90.0	-0.00617436645552516	-0.04842037335038185
2cx_vs_plain	831	50	41	41	0	82.0	82.0	-0.006170882377773523	0.10792364180088043
2cx_vs_plain	271	50	31	31	0	62.0	62.0	-0.006062207743525505	0.1171429455280304
2cx_vs_plain	849	50	42	42	0	84.0	84.0	-0.005959129426628351	-0.07836635410785675
2cx_vs_plain	678	50	37	37	0	74.0	74.0	-0.0058129881508648396	-0.04134442284703255
2cx_vs_plain	352	50	43	43	0	86.0	86.0	-0.005660261958837509	-0.04321899265050888
2cx_vs_plain	996	50	45	45	0	90.0	90.0	-0.005649392027407885	-0.045688848942518234
2cx_vs_plain	569	50	48	48	0	96.0	96.0	-0.005410083569586277	-0.19665879011154175
2cx_vs_plain	571	50	46	46	0	92.0	92.0	-0.0054062604904174805	0.058081358671188354
2cx_vs_plain	552	50	46	46	0	92.0	92.0	-0.005313174333423376	-0.03070859983563423
2cx_vs_plain	947	50	21	21	0	42.0	42.0	-0.005273616407066584	0.038105182349681854
2cx_vs_plain	459	50	32	32	0	64.0	64.0	-0.0051048677414655685	-0.1373293250799179
2cx_vs_plain	789	50	43	43	0	86.0	86.0	-0.005047666374593973	-0.10116996616125107
2cx_vs_plain	487	50	40	40	0	80.0	80.0	-0.004840342793613672	0.07466277480125427
2cx_vs_plain	226	50	30	30	0	60.0	60.0	-0.00482575036585331	-0.07090163230895996
2cx_vs_plain	381	50	23	23	0	46.0	46.0	-0.004812648985534906	-0.26634854078292847
2cx_vs_plain	387	50	47	47	0	94.0	94.0	-0.004796063061803579	-0.06086084246635437
2cx_vs_plain	373	50	39	39	0	78.0	78.0	-0.004794688895344734	-0.16390086710453033
2cx_vs_plain	17	50	46	46	0	92.0	92.0	-0.004739297553896904	-0.05194178596138954
2cx_vs_plain	197	50	42	42	0	84.0	84.0	-0.004714409355074167	0.06955835968255997
2cx_vs_plain	65	50	42	42	0	84.0	84.0	-0.004578729160130024	-0.12960834801197052
2cx_vs_plain	573	50	50	50	0	100.0	100.0	-0.004428201355040073	-0.08758936077356339
2cx_vs_plain	906	50	17	17	0	34.0	34.0	-0.004209309350699186	0.03094697929918766
2cx_vs_plain	376	50	50	50	0	100.0	100.0	-0.004045412410050631	0.01940895989537239
2cx_vs_plain	763	50	46	46	0	92.0	92.0	-0.003980577923357487	-0.04519972950220108
2cx_vs_plain	977	50	32	32	0	64.0	64.0	-0.00395604781806469	-0.09541521966457367
2cx_vs_plain	984	50	48	48	0	96.0	96.0	-0.003941755276173353	-0.042036619037389755
2cx_vs_plain	71	50	47	47	0	94.0	94.0	-0.003596318420022726	-0.13583838939666748
2cx_vs_plain	362	50	44	44	0	88.0	88.0	-0.003576188115403056	0.038263458758592606
2cx_vs_plain	324	50	48	48	0	96.0	96.0	-0.0035752386320382357	-0.2193317860364914
2cx_vs_plain	934	50	46	46	0	92.0	92.0	-0.00345895835198462	-0.08927560597658157
2cx_vs_plain	694	50	47	47	0	94.0	94.0	-0.003233168739825487	-0.01897653564810753
2cx_vs_plain	5	50	43	43	0	86.0	86.0	-0.0031973945442587137	-0.12051525712013245
2cx_vs_plain	942	50	39	39	0	78.0	78.0	-0.003104608738794923	-0.03422776237130165
2cx_vs_plain	251	50	49	49	0	98.0	98.0	-0.002744673751294613	-0.027279682457447052
2cx_vs_plain	687	50	46	46	0	92.0	92.0	-0.002741348696872592	-0.06379225850105286
2cx_vs_plain	255	50	50	50	0	100.0	100.0	-0.0024229323025792837	0.09968416392803192
2cx_vs_plain	936	50	44	44	0	88.0	88.0	-0.0023352401331067085	0.08075836300849915
2cx_vs_plain	726	50	46	46	0	92.0	92.0	-0.0022151924204081297	0.006176901049911976
2cx_vs_plain	323	50	48	48	0	96.0	96.0	-0.0021013496443629265	-0.007211627904325724
2cx_vs_plain	873	50	48	48	0	96.0	96.0	-0.002038508653640747	-0.013349514454603195
2cx_vs_plain	61	50	42	42	0	84.0	84.0	-0.0018791081383824348	-0.01870596967637539
2cx_vs_plain	215	50	49	49	0	98.0	98.0	-0.0017754334257915616	-0.03554067760705948
2cx_vs_plain	52	50	42	42	0	84.0	84.0	-0.0017648114589974284	-0.13832563161849976
2cx_vs_plain	836	50	11	11	0	22.0	22.0	-0.0017507273005321622	-0.09430921822786331
2cx_vs_plain	85	50	47	47	0	94.0	94.0	-0.0014467531582340598	0.05772387608885765
2cx_vs_plain	840	50	45	45	0	90.0	90.0	-0.0014201914891600609	-0.11507012695074081
2cx_vs_plain	877	50	44	44	0	88.0	88.0	-0.0013685724698007107	-0.16123592853546143
2cx_vs_plain	566	50	41	41	0	82.0	82.0	-0.0012803071876987815	-0.0669785663485527
2cx_vs_plain	98	50	46	46	0	92.0	92.0	-0.0012755650095641613	-0.02298881486058235
2cx_vs_plain	952	50	45	45	0	90.0	90.0	-0.0012606990057975054	0.04348687082529068
2cx_vs_plain	948	50	47	47	0	94.0	94.0	-0.001249865279532969	-0.09085460752248764
2cx_vs_plain	121	50	43	43	0	86.0	86.0	-0.001072269631549716	-0.07462507486343384
2cx_vs_plain	854	50	45	45	0	90.0	90.0	-0.0010654762154445052	0.06609183549880981
2cx_vs_plain	55	50	33	33	0	66.0	66.0	-0.0010484808590263128	-0.017267609015107155
2cx_vs_plain	467	50	42	42	0	84.0	84.0	-0.0009403729345649481	-0.04232042282819748
2cx_vs_plain	714	50	40	40	0	80.0	80.0	-0.0009389612241648138	-0.16823473572731018
2cx_vs_plain	155	50	41	41	0	82.0	82.0	-0.0008139240671880543	-0.12123829126358032
2cx_vs_plain	24	50	49	49	0	98.0	98.0	-0.0007987874560058117	0.07460662722587585
2cx_vs_plain	94	50	48	48	0	96.0	96.0	-0.0007896599126979709	-0.004877052269876003
2cx_vs_plain	489	50	39	39	0	78.0	78.0	-0.0007234968361444771	0.26829594373703003
2cx_vs_plain	100	50	49	49	0	98.0	98.0	-0.0006538243615068495	0.17357349395751953
2cx_vs_plain	96	50	46	46	0	92.0	92.0	-0.0005381887895055115	0.032702017575502396
2cx_vs_plain	404	50	47	47	0	94.0	94.0	-0.0004744996258523315	0.031931351870298386
2cx_vs_plain	594	50	49	49	0	98.0	98.0	-0.0004582205438055098	0.03913828730583191
2cx_vs_plain	609	50	43	43	0	86.0	86.0	-0.0003117418382316828	-0.0816735327243805
2cx_vs_plain	452	50	41	41	0	82.0	82.0	-0.00026258171419613063	0.15347489714622498
2cx_vs_plain	27	50	38	38	0	76.0	76.0	-9.993000276153907e-05	-0.09024012833833694
2cx_vs_plain	80	50	44	44	0	88.0	88.0	-6.363317424984416e-06	-0.06403966248035431
2cx_vs_plain	279	50	49	49	0	98.0	98.0	0.000288493640255183	-0.10799247771501541
2cx_vs_plain	800	50	47	47	0	94.0	94.0	0.0004284006427042186	-0.08076292276382446
2cx_vs_plain	538	50	40	40	0	80.0	80.0	0.00048683214117772877	0.13217051327228546
2cx_vs_plain	316	50	48	48	0	96.0	96.0	0.0005756675964221358	0.11275733262300491
2cx_vs_plain	136	50	50	50	0	100.0	100.0	0.0005772596341557801	-0.006961011793464422
2cx_vs_plain	696	50	41	41	0	82.0	82.0	0.0005939301918260753	-0.0842953771352768
2cx_vs_plain	701	50	47	47	0	94.0	94.0	0.0006019440479576588	0.005064897704869509
2cx_vs_plain	287	50	37	37	0	74.0	74.0	0.0006535911816172302	0.021874122321605682
2cx_vs_plain	127	50	47	47	0	94.0	94.0	0.000698340532835573	-0.0624409019947052
2cx_vs_plain	988	50	49	49	0	98.0	98.0	0.000735184527002275	-0.09463602304458618
2cx_vs_plain	951	50	41	41	0	82.0	82.0	0.0007751531666144729	0.0074517917819321156
2cx_vs_plain	683	50	35	35	0	70.0	70.0	0.0007995492778718472	-0.027462292462587357
2cx_vs_plain	333	50	50	50	0	100.0	100.0	0.0009294807678088546	0.19552677869796753
2cx_vs_plain	9	50	50	50	0	100.0	100.0	0.000979456934146583	0.05113748461008072
2cx_vs_plain	276	50	47	47	0	94.0	94.0	0.0010104408720508218	0.06700039654970169
2cx_vs_plain	274	50	47	47	0	94.0	94.0	0.0010126213310286403	0.005684537813067436
2cx_vs_plain	708	50	34	34	0	68.0	68.0	0.001097091706469655	-0.1333729475736618
2cx_vs_plain	994	50	45	45	0	90.0	90.0	0.001149133313447237	-0.08632810413837433
2cx_vs_plain	105	50	46	46	0	92.0	92.0	0.001287706196308136	0.19590049982070923
2cx_vs_plain	720	50	42	42	0	84.0	84.0	0.0013315165415406227	-0.18368250131607056
2cx_vs_plain	408	50	37	37	0	74.0	74.0	0.001336557324975729	-0.0045740604400634766
2cx_vs_plain	388	50	48	48	0	96.0	96.0	0.0013375889975577593	0.10437978804111481
2cx_vs_plain	510	50	46	46	0	92.0	92.0	0.0013575248885899782	0.07358527183532715
2cx_vs_plain	449	50	45	45	0	90.0	90.0	0.0015298259677365422	-0.0097210593521595
2cx_vs_plain	545	50	44	44	0	88.0	88.0	0.00157552573364228	-0.15106603503227234
2cx_vs_plain	639	50	21	21	0	42.0	42.0	0.0016236513620242476	0.13296502828598022
2cx_vs_plain	14	50	48	48	0	96.0	96.0	0.0016442370833829045	0.15268711745738983
2cx_vs_plain	642	50	46	46	0	92.0	92.0	0.0016590678133070469	-0.04791773855686188
2cx_vs_plain	576	50	49	49	0	98.0	98.0	0.0017124218866229057	0.12775056064128876
2cx_vs_plain	792	50	34	34	0	68.0	68.0	0.0018920800648629665	0.037009820342063904
2cx_vs_plain	493	50	16	16	0	32.0	32.0	0.0020281842444092035	-0.08252701908349991
2cx_vs_plain	897	50	45	45	0	90.0	90.0	0.00207581277936697	-0.06228195130825043
2cx_vs_plain	466	50	48	48	0	96.0	96.0	0.002091786591336131	-0.07259388267993927
2cx_vs_plain	73	50	27	27	0	54.0	54.0	0.002216323511675	0.054096583276987076
2cx_vs_plain	432	50	43	43	0	86.0	86.0	0.0022390587255358696	-0.042876385152339935
2cx_vs_plain	672	50	47	47	0	94.0	94.0	0.002245324896648526	0.18805550038814545
2cx_vs_plain	375	50	47	47	0	94.0	94.0	0.002280877437442541	-0.003910484258085489
2cx_vs_plain	585	50	24	24	0	48.0	48.0	0.002339257625862956	0.05525629222393036
2cx_vs_plain	300	50	47	47	0	94.0	94.0	0.0023711533285677433	-0.1350129097700119
2cx_vs_plain	330	50	40	40	0	80.0	80.0	0.002490655519068241	-0.016591863706707954
2cx_vs_plain	577	50	46	46	0	92.0	92.0	0.0026379746850579977	0.07501054555177689
2cx_vs_plain	12	50	48	48	0	96.0	96.0	0.0029410526622086763	-0.08093153685331345
2cx_vs_plain	832	50	46	46	0	92.0	92.0	0.0031022459734231234	0.03428758680820465
2cx_vs_plain	114	50	43	43	0	86.0	86.0	0.003196493024006486	-0.0699586495757103
2cx_vs_plain	315	50	45	45	0	90.0	90.0	0.003236406482756138	0.08804263919591904
2cx_vs_plain	967	50	36	36	0	72.0	72.0	0.003270592074841261	0.018814774230122566
2cx_vs_plain	117	50	46	46	0	92.0	92.0	0.003315626410767436	0.0230280589312315
2cx_vs_plain	727	50	45	45	0	90.0	90.0	0.0034445759374648333	-0.05960683897137642
2cx_vs_plain	308	50	43	43	0	86.0	86.0	0.0036326071713119745	-0.04157189279794693
2cx_vs_plain	391	50	44	44	0	88.0	88.0	0.0037268095184117556	-0.048874303698539734
2cx_vs_plain	924	50	43	43	0	86.0	86.0	0.0037334379740059376	0.13922648131847382
2cx_vs_plain	29	50	48	48	0	96.0	96.0	0.003741103457286954	0.013467836193740368
2cx_vs_plain	945	50	46	46	0	92.0	92.0	0.004132555332034826	0.2989538908004761
2cx_vs_plain	92	50	49	49	0	98.0	98.0	0.004190904088318348	-0.06344188004732132
2cx_vs_plain	370	50	44	44	0	88.0	88.0	0.004360151942819357	0.1133691668510437
2cx_vs_plain	548	50	46	46	0	92.0	92.0	0.004366666078567505	0.04590757191181183
2cx_vs_plain	910	50	40	40	0	80.0	80.0	0.004437886644154787	-0.06997233629226685
2cx_vs_plain	677	50	35	35	0	70.0	70.0	0.004598547238856554	0.009609823115170002
2cx_vs_plain	746	50	48	48	0	96.0	96.0	0.0048242248594760895	0.08658025413751602
2cx_vs_plain	815	50	35	35	0	70.0	70.0	0.004949911031872034	-0.05454367771744728
2cx_vs_plain	54	50	33	33	0	66.0	66.0	0.004958812613040209	-0.050524912774562836
2cx_vs_plain	133	50	48	48	0	96.0	96.0	0.005149644799530506	-0.09010595083236694
2cx_vs_plain	6	50	45	45	0	90.0	90.0	0.0052175093442201614	0.0239826962351799
2cx_vs_plain	87	50	48	48	0	96.0	96.0	0.005295813083648682	0.10276126116514206
2cx_vs_plain	605	50	43	43	0	86.0	86.0	0.005333990324288607	0.006460046861320734
2cx_vs_plain	191	50	45	45	0	90.0	90.0	0.005384830292314291	0.025774965062737465
2cx_vs_plain	228	50	45	45	0	90.0	90.0	0.0054352073930203915	-0.014580306597054005
2cx_vs_plain	115	50	47	47	0	94.0	94.0	0.005677225533872843	-0.08128656446933746
2cx_vs_plain	169	50	49	49	0	98.0	98.0	0.005755973048508167	-0.02044597640633583
2cx_vs_plain	199	50	39	39	0	78.0	78.0	0.005764693487435579	0.1658233255147934
2cx_vs_plain	340	50	48	48	0	96.0	96.0	0.005978071596473455	0.05065672844648361
2cx_vs_plain	565	50	50	50	0	100.0	100.0	0.006127297878265381	0.09308706223964691
2cx_vs_plain	325	50	48	48	0	96.0	96.0	0.006156083196401596	0.05475165322422981
2cx_vs_plain	520	50	39	39	0	78.0	78.0	0.006363804917782545	0.08294627070426941
2cx_vs_plain	321	50	50	50	0	100.0	100.0	0.006416799034923315	0.1050453633069992
2cx_vs_plain	91	50	46	46	0	92.0	92.0	0.00661098025739193	-0.13078969717025757
2cx_vs_plain	992	50	43	43	0	86.0	86.0	0.00668534217402339	0.06257472932338715
2cx_vs_plain	57	50	46	46	0	92.0	92.0	0.0068528903648257256	-0.010958433151245117
2cx_vs_plain	583	50	46	46	0	92.0	92.0	0.007048734463751316	0.23266351222991943
2cx_vs_plain	933	50	48	48	0	96.0	96.0	0.007220757659524679	0.04271947965025902
2cx_vs_plain	343	50	48	48	0	96.0	96.0	0.007271998096257448	0.028138790279626846
2cx_vs_plain	894	50	40	40	0	80.0	80.0	0.007314826361835003	-0.0194097813218832
2cx_vs_plain	438	50	30	30	0	60.0	60.0	0.007359166629612446	-0.1777561902999878
2cx_vs_plain	837	50	20	20	0	40.0	40.0	0.0074151670560240746	0.05944528430700302
2cx_vs_plain	645	50	50	50	0	100.0	100.0	0.007500182371586561	-0.030237913131713867
2cx_vs_plain	109	50	49	49	0	98.0	98.0	0.007591343950480223	0.08039815723896027
2cx_vs_plain	422	50	30	30	0	60.0	60.0	0.007605723571032286	0.018070802092552185
2cx_vs_plain	579	50	38	38	0	76.0	76.0	0.007706874515861273	-0.05494910106062889
2cx_vs_plain	745	50	36	36	0	72.0	72.0	0.007795899640768766	0.10346664488315582
2cx_vs_plain	106	50	40	40	0	80.0	80.0	0.007843920029699802	0.17694929242134094
2cx_vs_plain	875	50	41	41	0	82.0	82.0	0.008036907762289047	0.09023700654506683
2cx_vs_plain	742	50	27	27	0	54.0	54.0	0.008285816758871078	0.21246151626110077
2cx_vs_plain	486	50	45	45	0	90.0	90.0	0.008487177081406116	-0.030609779059886932
2cx_vs_plain	187	50	37	37	0	74.0	74.0	0.008597678504884243	0.0026704214978963137
2cx_vs_plain	586	50	45	45	0	90.0	90.0	0.00864777248352766	0.055019084364175797
2cx_vs_plain	221	50	45	45	0	90.0	90.0	0.008692031726241112	0.04426327720284462
2cx_vs_plain	695	50	38	38	0	76.0	76.0	0.008768872357904911	-0.03676912188529968
2cx_vs_plain	425	50	47	47	0	94.0	94.0	0.008876633830368519	-0.014735708013176918
2cx_vs_plain	843	50	44	44	0	88.0	88.0	0.00904597993940115	0.059293050318956375
2cx_vs_plain	625	50	47	47	0	94.0	94.0	0.009105193428695202	0.07865456491708755
2cx_vs_plain	580	50	45	45	0	90.0	90.0	0.009128959849476814	0.19644451141357422
2cx_vs_plain	614	50	46	46	0	92.0	92.0	0.009280440397560596	-0.1063169464468956
2cx_vs_plain	110	50	44	44	0	88.0	88.0	0.009331649169325829	0.1466047167778015
2cx_vs_plain	464	50	31	31	0	62.0	62.0	0.009433076716959476	0.00043981551425531507
2cx_vs_plain	607	50	49	49	0	98.0	98.0	0.009449648670852184	0.13156503438949585
2cx_vs_plain	801	50	47	47	0	94.0	94.0	0.009462599642574787	-0.08338509500026703
2cx_vs_plain	15	50	49	49	0	98.0	98.0	0.009585326537489891	-0.007315893191844225
2cx_vs_plain	11	50	48	48	0	96.0	96.0	0.009952887892723083	-0.015733040869235992
2cx_vs_plain	865	50	34	34	0	68.0	68.0	0.010131793096661568	-0.01057277712970972
2cx_vs_plain	617	50	43	43	0	86.0	86.0	0.01019501592963934	0.11718210577964783
2cx_vs_plain	328	50	47	47	0	94.0	94.0	0.010197714902460575	-0.04133538156747818
2cx_vs_plain	45	50	41	41	0	82.0	82.0	0.010198400355875492	0.12247058004140854
2cx_vs_plain	629	50	41	41	0	82.0	82.0	0.010245732963085175	0.09641581773757935
2cx_vs_plain	554	50	49	49	0	98.0	98.0	0.010462206788361073	0.12473729997873306
2cx_vs_plain	13	50	50	50	0	100.0	100.0	0.010462621226906776	0.07553217560052872
2cx_vs_plain	364	50	50	50	0	100.0	100.0	0.01088345143944025	0.04757007583975792
2cx_vs_plain	384	50	48	48	0	96.0	96.0	0.010995648801326752	0.17712587118148804
2cx_vs_plain	248	50	21	21	0	42.0	42.0	0.011822674423456192	-0.040593814104795456
2cx_vs_plain	997	50	38	38	0	76.0	76.0	0.0120481476187706	0.02749665267765522
2cx_vs_plain	528	50	48	48	0	96.0	96.0	0.012189751490950584	0.06488462537527084
2cx_vs_plain	448	50	45	45	0	90.0	90.0	0.012231363914906979	0.11005102097988129
2cx_vs_plain	292	50	49	49	0	98.0	98.0	0.012684251181781292	0.07607466727495193
2cx_vs_plain	990	50	50	50	0	100.0	100.0	0.012712120078504086	0.285104364156723
2cx_vs_plain	895	50	42	42	0	84.0	84.0	0.012861182913184166	0.039214275777339935
2cx_vs_plain	417	50	46	46	0	92.0	92.0	0.012897909618914127	0.05583252012729645
2cx_vs_plain	927	50	48	48	0	96.0	96.0	0.012926009483635426	0.09031638503074646
2cx_vs_plain	955	50	50	50	0	100.0	100.0	0.012953194789588451	0.09055624902248383
2cx_vs_plain	991	50	49	49	0	98.0	98.0	0.013084940612316132	-0.06384997069835663
2cx_vs_plain	663	50	32	32	0	64.0	64.0	0.01333578024059534	-0.06204943731427193
2cx_vs_plain	208	50	42	42	0	84.0	84.0	0.013961967080831528	0.28546586632728577
2cx_vs_plain	256	50	47	47	0	94.0	94.0	0.013973066583275795	0.14999449253082275
2cx_vs_plain	365	50	46	46	0	92.0	92.0	0.013973698951303959	0.011006560176610947
2cx_vs_plain	119	50	37	37	0	74.0	74.0	0.014095311984419823	-0.11138347536325455
2cx_vs_plain	857	50	37	37	0	74.0	74.0	0.014113491401076317	0.10177332907915115
2cx_vs_plain	891	50	41	41	0	82.0	82.0	0.014545931480824947	0.1705911010503769
2cx_vs_plain	871	50	40	40	0	80.0	80.0	0.014572027139365673	0.09226837009191513
2cx_vs_plain	634	50	41	41	0	82.0	82.0	0.01463036797940731	0.10922421514987946
2cx_vs_plain	604	50	48	48	0	96.0	96.0	0.014632855542004108	0.006950092501938343
2cx_vs_plain	407	50	46	46	0	92.0	92.0	0.015247884206473827	0.03962839022278786
2cx_vs_plain	400	50	22	22	0	44.0	44.0	0.015274487435817719	0.19674967229366302
2cx_vs_plain	145	50	49	49	0	98.0	98.0	0.01543002761900425	0.19444847106933594
2cx_vs_plain	858	50	42	42	0	84.0	84.0	0.015503871254622936	0.07762143760919571
2cx_vs_plain	443	50	39	39	0	78.0	78.0	0.015613367781043053	0.19129016995429993
2cx_vs_plain	48	50	48	48	0	96.0	96.0	0.015659861266613007	0.20924685895442963
2cx_vs_plain	904	50	33	33	0	66.0	66.0	0.015854373574256897	0.08617306500673294
2cx_vs_plain	995	50	50	50	0	100.0	100.0	0.01601317711174488	0.08585762232542038
2cx_vs_plain	244	50	47	47	0	94.0	94.0	0.016228508204221725	0.16196483373641968
2cx_vs_plain	993	50	50	50	0	100.0	100.0	0.016300294548273087	-0.02769020013511181
2cx_vs_plain	120	50	37	37	0	74.0	74.0	0.016708308830857277	-0.04371611773967743
2cx_vs_plain	731	50	33	33	0	66.0	66.0	0.016718611121177673	0.11719001829624176
2cx_vs_plain	546	50	39	39	0	78.0	78.0	0.01720755733549595	-0.0191342830657959
2cx_vs_plain	305	50	45	45	0	90.0	90.0	0.01731955260038376	0.14867286384105682
2cx_vs_plain	476	50	49	49	0	98.0	98.0	0.01733902283012867	0.14226418733596802
2cx_vs_plain	535	50	49	49	0	98.0	98.0	0.01754278875887394	0.05909447744488716
2cx_vs_plain	150	50	45	45	0	90.0	90.0	0.017676236107945442	0.13094405829906464
2cx_vs_plain	961	50	26	26	0	52.0	52.0	0.0180496983230114	0.08461522310972214
2cx_vs_plain	892	50	33	33	0	66.0	66.0	0.01836535520851612	0.18068169057369232
2cx_vs_plain	25	50	49	49	0	98.0	98.0	0.018545961007475853	0.13238409161567688
2cx_vs_plain	185	50	35	35	0	70.0	70.0	0.01894911378622055	0.23106949031352997
2cx_vs_plain	684	50	44	44	0	88.0	88.0	0.019399387761950493	0.12630349397659302
2cx_vs_plain	396	50	48	48	0	96.0	96.0	0.01950790174305439	0.1802644580602646
2cx_vs_plain	465	50	30	30	0	60.0	60.0	0.019583439454436302	0.04750528186559677
2cx_vs_plain	697	50	36	36	0	72.0	72.0	0.02006007917225361	-0.11609408259391785
2cx_vs_plain	104	50	42	42	0	84.0	84.0	0.02006559632718563	0.18247447907924652
2cx_vs_plain	690	50	47	47	0	94.0	94.0	0.02034200169146061	0.05177656188607216
2cx_vs_plain	189	50	42	42	0	84.0	84.0	0.02036484330892563	0.1857568770647049
2cx_vs_plain	644	50	40	40	0	80.0	80.0	0.021613769233226776	0.09846428036689758
2cx_vs_plain	767	50	34	34	0	68.0	68.0	0.021615635603666306	-0.07879748195409775
2cx_vs_plain	653	50	37	37	0	74.0	74.0	0.021718457341194153	0.3999757766723633
2cx_vs_plain	986	50	50	50	0	100.0	100.0	0.021988220512866974	0.1508808732032776
2cx_vs_plain	42	50	42	42	0	84.0	84.0	0.022981151938438416	0.12365993857383728
2cx_vs_plain	860	50	25	25	0	50.0	50.0	0.023556064814329147	0.1550591140985489
2cx_vs_plain	958	50	46	46	0	92.0	92.0	0.023903287947177887	0.2200164943933487
2cx_vs_plain	693	50	40	40	0	80.0	80.0	0.024143420159816742	0.26542598009109497
2cx_vs_plain	981	50	43	43	0	86.0	86.0	0.0241618100553751	0.15967363119125366
2cx_vs_plain	972	50	34	34	0	68.0	68.0	0.025148257613182068	0.05685430392622948
2cx_vs_plain	430	50	50	50	0	100.0	100.0	0.025895090773701668	0.3049849271774292
2cx_vs_plain	240	50	20	20	0	40.0	40.0	0.026425056159496307	0.036940738558769226
2cx_vs_plain	738	50	42	42	0	84.0	84.0	0.028157483786344528	0.1413496732711792
2cx_vs_plain	301	50	48	48	0	96.0	96.0	0.02832126058638096	0.1988796442747116
2cx_vs_plain	643	50	36	36	0	72.0	72.0	0.02847997099161148	0.18620018661022186
2cx_vs_plain	523	50	30	30	0	60.0	60.0	0.03043181635439396	0.16820111870765686
2cx_vs_plain	469	50	34	34	0	68.0	68.0	0.03273801505565643	0.1636437624692917
2cx_vs_plain	578	50	39	39	0	78.0	78.0	0.03286321088671684	0.18330970406532288
2cx_vs_plain	853	50	47	47	0	94.0	94.0	0.03489457815885544	0.20792149007320404
2cx_vs_plain	965	50	44	44	0	88.0	88.0	0.035490963608026505	0.16034719347953796
2cx_vs_plain	190	50	45	45	0	90.0	90.0	0.03656602278351784	0.2224951982498169
2cx_vs_plain	125	50	48	48	0	96.0	96.0	0.03988046944141388	0.24687302112579346
2cx_vs_plain	980	50	42	42	0	84.0	84.0	0.04053964465856552	0.3359536826610565
2cx_vs_plain	126	50	40	40	0	80.0	80.0	0.042484432458877563	0.1498514711856842
2cx_vs_plain	743	50	36	37	1	72.0	74.0	-0.041546571999788284	-0.3664538860321045
2cx_vs_plain	480	50	40	41	1	80.0	82.0	-0.025679534301161766	-0.23550797998905182
2cx_vs_plain	2	50	43	44	1	86.0	88.0	-0.023290853947401047	-0.23854583501815796
2cx_vs_plain	491	50	49	50	1	98.0	100.0	-0.023127757012844086	-0.2983630299568176
2cx_vs_plain	62	50	29	30	1	58.0	60.0	-0.023022983223199844	-0.15750475227832794
2cx_vs_plain	50	50	45	46	1	90.0	92.0	-0.019458310678601265	-0.16165342926979065
2cx_vs_plain	296	50	47	48	1	94.0	96.0	-0.018188338726758957	-0.17244647443294525
2cx_vs_plain	623	50	18	19	1	36.0	38.0	-0.017992908135056496	-0.0066679189912974834
2cx_vs_plain	619	50	32	33	1	64.0	66.0	-0.01749144122004509	-0.026678133755922318
2cx_vs_plain	533	50	47	48	1	94.0	96.0	-0.017319893464446068	-0.20982034504413605
2cx_vs_plain	730	50	40	41	1	80.0	82.0	-0.015503699891269207	-0.1368294507265091
2cx_vs_plain	112	50	41	42	1	82.0	84.0	-0.01387481577694416	-0.30757465958595276
2cx_vs_plain	406	50	37	38	1	74.0	76.0	-0.013162906281650066	-0.12427444756031036
2cx_vs_plain	631	50	32	33	1	64.0	66.0	-0.01221955381333828	-0.08649278432130814
2cx_vs_plain	195	50	45	46	1	90.0	92.0	-0.01210441067814827	-0.2653886079788208
2cx_vs_plain	137	50	44	45	1	88.0	90.0	-0.011484560556709766	-0.11813370883464813
2cx_vs_plain	916	50	49	50	1	98.0	100.0	-0.010782493278384209	-0.1521461457014084
2cx_vs_plain	402	50	33	34	1	66.0	68.0	-0.01043575070798397	0.011687908321619034
2cx_vs_plain	661	50	46	47	1	92.0	94.0	-0.00989213865250349	-0.06980947405099869
2cx_vs_plain	259	50	47	48	1	94.0	96.0	-0.00946907326579094	-0.23368696868419647
2cx_vs_plain	160	50	49	50	1	98.0	100.0	-0.00938995461910963	-0.20455607771873474
2cx_vs_plain	773	50	32	33	1	64.0	66.0	-0.009187400341033936	-0.04239128157496452
2cx_vs_plain	205	50	39	40	1	78.0	80.0	-0.009115580469369888	-0.22087837755680084
2cx_vs_plain	919	50	40	41	1	80.0	82.0	-0.009086988866329193	0.0055739497765898705
2cx_vs_plain	336	50	47	48	1	94.0	96.0	-0.008052254095673561	-0.11390330642461777
2cx_vs_plain	820	50	49	50	1	98.0	100.0	-0.0071746488101780415	-0.18374769389629364
2cx_vs_plain	157	50	47	48	1	94.0	96.0	-0.006879615597426891	-0.1512278914451599
2cx_vs_plain	930	50	32	33	1	64.0	66.0	-0.006878748070448637	0.04286026954650879
2cx_vs_plain	210	50	45	46	1	90.0	92.0	-0.006370837800204754	0.05151405185461044
2cx_vs_plain	999	50	25	26	1	50.0	52.0	-0.006183369550853968	-0.09004101157188416
2cx_vs_plain	454	50	31	32	1	62.0	64.0	-0.005934605374932289	-0.058896008878946304
2cx_vs_plain	395	50	38	39	1	76.0	78.0	-0.005701484624296427	-0.02904869057238102
2cx_vs_plain	412	50	38	39	1	76.0	78.0	-0.005322490818798542	0.050242308527231216
2cx_vs_plain	83	50	48	49	1	96.0	98.0	-0.004469816107302904	-0.10122744739055634
2cx_vs_plain	351	50	46	47	1	92.0	94.0	-0.003915656823664904	-0.08211871236562729
2cx_vs_plain	499	50	27	28	1	54.0	56.0	-0.0035724833142012358	-0.10490229725837708
2cx_vs_plain	974	50	48	49	1	96.0	98.0	-0.0035477804485708475	-0.14564502239227295
2cx_vs_plain	829	50	45	46	1	90.0	92.0	-0.00337314885109663	-0.02312147058546543
2cx_vs_plain	662	50	35	36	1	70.0	72.0	-0.0031582422088831663	-0.07757584750652313
2cx_vs_plain	135	50	49	50	1	98.0	100.0	-0.0027049649506807327	-0.007083330303430557
2cx_vs_plain	355	50	46	47	1	92.0	94.0	-0.002486883196979761	0.015854358673095703
2cx_vs_plain	852	50	41	42	1	82.0	84.0	-0.002262687776237726	-0.007126426789909601
2cx_vs_plain	143	50	48	49	1	96.0	98.0	-0.002036002930253744	-0.021723423153162003
2cx_vs_plain	558	50	21	22	1	42.0	44.0	-0.001874042209237814	-0.1463051736354828
2cx_vs_plain	660	50	34	35	1	68.0	70.0	-0.0017644130857661366	-0.06676837801933289
2cx_vs_plain	968	50	26	27	1	52.0	54.0	-0.0010132177267223597	-0.17273487150669098
2cx_vs_plain	868	50	36	37	1	72.0	74.0	-0.0005760357598774135	-0.10173431038856506
2cx_vs_plain	34	50	35	36	1	70.0	72.0	-0.0004404265491757542	-0.20363382995128632
2cx_vs_plain	280	50	36	37	1	72.0	74.0	-0.000382906204322353	-0.14617688953876495
2cx_vs_plain	193	50	27	28	1	54.0	56.0	-0.000326339591993019	-0.07163733243942261
2cx_vs_plain	835	50	42	43	1	84.0	86.0	-5.922608033870347e-05	0.012375068850815296
2cx_vs_plain	471	50	45	46	1	90.0	92.0	-6.927251888555475e-06	-0.00461233127862215
2cx_vs_plain	421	50	41	42	1	82.0	84.0	0.00011573940719245002	-0.020088128745555878
2cx_vs_plain	175	50	33	34	1	66.0	68.0	0.00047864989028312266	0.08879119157791138
2cx_vs_plain	138	50	47	48	1	94.0	96.0	0.0006241819355636835	-0.10264982283115387
2cx_vs_plain	218	50	46	47	1	92.0	94.0	0.00063892244361341	-0.03859591484069824
2cx_vs_plain	242	50	41	42	1	82.0	84.0	0.0011277311714366078	-0.012615852057933807
2cx_vs_plain	153	50	41	42	1	82.0	84.0	0.0015015571843832731	-0.030763540416955948
2cx_vs_plain	342	50	44	45	1	88.0	90.0	0.0015729294391348958	0.031144971027970314
2cx_vs_plain	322	50	46	47	1	92.0	94.0	0.0016008925158530474	-0.1361975222826004
2cx_vs_plain	784	50	24	25	1	48.0	50.0	0.0020413207821547985	0.03537896275520325
2cx_vs_plain	236	50	39	40	1	78.0	80.0	0.002508129458874464	0.11550293117761612
2cx_vs_plain	439	50	47	48	1	94.0	96.0	0.00278601236641407	0.046621035784482956
2cx_vs_plain	192	50	42	43	1	84.0	86.0	0.0027912687510252	-0.1856018602848053
2cx_vs_plain	957	50	47	48	1	94.0	96.0	0.002997156698256731	0.1373523473739624
2cx_vs_plain	898	50	32	33	1	64.0	66.0	0.003469098825007677	-0.07232996821403503
2cx_vs_plain	686	50	38	39	1	76.0	78.0	0.003555505769327283	0.00740255368873477
2cx_vs_plain	855	50	37	38	1	74.0	76.0	0.0037233722396194935	-0.020130949094891548
2cx_vs_plain	913	50	47	48	1	94.0	96.0	0.003750772448256612	0.10548955947160721
2cx_vs_plain	75	50	44	45	1	88.0	90.0	0.003893426153808832	0.04488254711031914
2cx_vs_plain	18	50	46	47	1	92.0	94.0	0.0039347936399281025	0.09882647544145584
2cx_vs_plain	648	50	30	31	1	60.0	62.0	0.004128373693674803	-0.05454454571008682
2cx_vs_plain	806	50	32	33	1	64.0	66.0	0.004396215546876192	0.1016290932893753
2cx_vs_plain	809	50	30	31	1	60.0	62.0	0.004565926734358072	0.07253863662481308
2cx_vs_plain	717	50	34	35	1	68.0	70.0	0.004578512627631426	0.14541636407375336
2cx_vs_plain	293	50	47	48	1	94.0	96.0	0.004635713994503021	0.1733965128660202
2cx_vs_plain	245	50	45	46	1	90.0	92.0	0.004805061966180801	0.11571145802736282
2cx_vs_plain	182	50	46	47	1	92.0	94.0	0.004839516710489988	0.07674553990364075
2cx_vs_plain	22	50	49	50	1	98.0	100.0	0.004906109534204006	-0.00825159065425396
2cx_vs_plain	411	50	39	40	1	78.0	80.0	0.005229049362242222	0.22698341310024261
2cx_vs_plain	918	50	44	45	1	88.0	90.0	0.005479265935719013	0.07992768287658691
2cx_vs_plain	946	50	45	46	1	90.0	92.0	0.006268141325563192	0.08542284369468689
2cx_vs_plain	284	50	48	49	1	96.0	98.0	0.0065527260303497314	0.21940559148788452
2cx_vs_plain	414	50	21	22	1	42.0	44.0	0.006724264472723007	0.04163253679871559
2cx_vs_plain	220	50	36	37	1	72.0	74.0	0.007480721455067396	0.17973095178604126
2cx_vs_plain	361	50	47	48	1	94.0	96.0	0.007628202438354492	0.07949596643447876
2cx_vs_plain	488	50	17	18	1	34.0	36.0	0.007697326596826315	-0.006502313539385796
2cx_vs_plain	863	50	47	48	1	94.0	96.0	0.008831612765789032	0.05961032956838608
2cx_vs_plain	163	50	29	30	1	58.0	60.0	0.008909115567803383	-0.01735468953847885
2cx_vs_plain	30	50	41	42	1	82.0	84.0	0.009437785483896732	-0.07398785650730133
2cx_vs_plain	630	50	44	45	1	88.0	90.0	0.009470808319747448	0.0232416819781065
2cx_vs_plain	960	50	33	34	1	66.0	68.0	0.009769939817488194	-0.04046226665377617
2cx_vs_plain	20	50	43	44	1	86.0	88.0	0.0099311713129282	0.0052747344598174095
2cx_vs_plain	329	50	39	40	1	78.0	80.0	0.009944614954292774	0.10115034878253937
2cx_vs_plain	32	50	25	26	1	50.0	52.0	0.009976196102797985	-0.06807395070791245
2cx_vs_plain	312	50	32	33	1	64.0	66.0	0.010042794048786163	-0.06567917764186859
2cx_vs_plain	699	50	42	43	1	84.0	86.0	0.010075021535158157	-0.040573932230472565
2cx_vs_plain	561	50	45	46	1	90.0	92.0	0.010093212127685547	0.04288867115974426
2cx_vs_plain	216	50	47	48	1	94.0	96.0	0.010876856744289398	0.06799216568470001
2cx_vs_plain	390	50	35	36	1	70.0	72.0	0.011221986263990402	0.010005015879869461
2cx_vs_plain	754	50	36	37	1	72.0	74.0	0.011244329623878002	0.14954353868961334
2cx_vs_plain	495	50	45	46	1	90.0	92.0	0.011402729898691177	-0.07556557655334473
2cx_vs_plain	518	50	48	49	1	96.0	98.0	0.011435260996222496	0.028292875736951828
2cx_vs_plain	501	50	18	19	1	36.0	38.0	0.011451993137598038	0.04225092753767967
2cx_vs_plain	844	50	35	36	1	70.0	72.0	0.011579355224967003	-0.0011649036314338446
2cx_vs_plain	560	50	47	48	1	94.0	96.0	0.011915231123566628	0.09732668101787567
2cx_vs_plain	893	50	36	37	1	72.0	74.0	0.01191655918955803	0.06814119964838028
2cx_vs_plain	473	50	38	39	1	76.0	78.0	0.011989700607955456	-0.028253469616174698
2cx_vs_plain	944	50	44	45	1	88.0	90.0	0.012470165267586708	0.04856039211153984
2cx_vs_plain	615	50	40	41	1	80.0	82.0	0.012672994285821915	-0.059303008019924164
2cx_vs_plain	356	50	22	23	1	44.0	46.0	0.012986715883016586	0.09837637096643448
2cx_vs_plain	676	50	37	38	1	74.0	76.0	0.01308860257267952	0.051939040422439575
2cx_vs_plain	704	50	45	46	1	90.0	92.0	0.013256850652396679	0.01846546120941639
2cx_vs_plain	445	50	30	31	1	60.0	62.0	0.013515855185687542	-0.04405241087079048
2cx_vs_plain	606	50	44	45	1	88.0	90.0	0.01352869626134634	0.06550878286361694
2cx_vs_plain	39	50	44	45	1	88.0	90.0	0.013672939501702785	-0.053284987807273865
2cx_vs_plain	379	50	46	47	1	92.0	94.0	0.013807165436446667	0.043092116713523865
2cx_vs_plain	363	50	46	47	1	92.0	94.0	0.013962403871119022	-0.10775641351938248
2cx_vs_plain	651	50	33	34	1	66.0	68.0	0.014043832197785378	0.03525612875819206
2cx_vs_plain	95	50	47	48	1	94.0	96.0	0.0142928222194314	0.14304402470588684
2cx_vs_plain	426	50	44	45	1	88.0	90.0	0.015202964656054974	0.032531119883060455
2cx_vs_plain	679	50	47	48	1	94.0	96.0	0.015407541766762733	0.12326986342668533
2cx_vs_plain	675	50	27	28	1	54.0	56.0	0.015538666397333145	0.046740856021642685
2cx_vs_plain	171	50	45	46	1	90.0	92.0	0.015915939584374428	0.013988800346851349
2cx_vs_plain	319	50	42	43	1	84.0	86.0	0.015945058315992355	0.02217819169163704
2cx_vs_plain	344	50	49	50	1	98.0	100.0	0.016094841063022614	0.10372547805309296
2cx_vs_plain	201	50	32	33	1	64.0	66.0	0.01659870706498623	0.14574557542800903
2cx_vs_plain	515	50	32	33	1	64.0	66.0	0.01685791276395321	0.03641234338283539
2cx_vs_plain	530	50	33	34	1	66.0	68.0	0.01693909615278244	-0.003176841652020812
2cx_vs_plain	51	50	47	48	1	94.0	96.0	0.01777784898877144	0.06827013194561005
2cx_vs_plain	600	50	20	21	1	40.0	42.0	0.017951512709259987	0.21530628204345703
2cx_vs_plain	503	50	30	31	1	60.0	62.0	0.018072379752993584	0.02873840369284153
2cx_vs_plain	674	50	46	47	1	92.0	94.0	0.018349461257457733	-0.12179310619831085
2cx_vs_plain	294	50	46	47	1	92.0	94.0	0.018589891493320465	0.18572117388248444
2cx_vs_plain	451	50	42	43	1	84.0	86.0	0.018843891099095345	0.09091153740882874
2cx_vs_plain	372	50	47	48	1	94.0	96.0	0.019068503752350807	0.12326980382204056
2cx_vs_plain	766	50	44	45	1	88.0	90.0	0.01917344145476818	0.1070328801870346
2cx_vs_plain	636	50	30	31	1	60.0	62.0	0.0195926446467638	0.01692912168800831
2cx_vs_plain	819	50	39	40	1	78.0	80.0	0.019730258733034134	0.026835355907678604
2cx_vs_plain	309	50	42	43	1	84.0	86.0	0.01980144903063774	0.027971524745225906
2cx_vs_plain	306	50	45	46	1	90.0	92.0	0.01994837448000908	-0.0485740564763546
2cx_vs_plain	156	50	47	48	1	94.0	96.0	0.020387008786201477	0.10380774736404419
2cx_vs_plain	291	50	49	50	1	98.0	100.0	0.020508689805865288	0.18118542432785034
2cx_vs_plain	655	50	39	40	1	78.0	80.0	0.020631177350878716	0.09656783938407898
2cx_vs_plain	458	50	48	49	1	96.0	98.0	0.02191087231040001	0.15396550297737122
2cx_vs_plain	570	50	45	46	1	90.0	92.0	0.022348301485180855	0.053949106484651566
2cx_vs_plain	86	50	42	43	1	84.0	86.0	0.02260490693151951	0.039254330098629
2cx_vs_plain	805	50	46	47	1	92.0	94.0	0.023090925067663193	0.15393587946891785
2cx_vs_plain	90	50	49	50	1	98.0	100.0	0.023762917146086693	0.22706769406795502
2cx_vs_plain	757	50	44	45	1	88.0	90.0	0.023994294926524162	0.1710190325975418
2cx_vs_plain	84	50	48	49	1	96.0	98.0	0.024610908702015877	0.24810177087783813
2cx_vs_plain	907	50	26	27	1	52.0	54.0	0.025558840483427048	0.08773382008075714
2cx_vs_plain	497	50	34	35	1	68.0	70.0	0.025753267109394073	0.018812628462910652
2cx_vs_plain	613	50	46	47	1	92.0	94.0	0.02713801898062229	0.23721690475940704
2cx_vs_plain	21	50	42	43	1	84.0	86.0	0.027810491621494293	0.05205950886011124
2cx_vs_plain	314	50	41	42	1	82.0	84.0	0.02908255159854889	0.2623646557331085
2cx_vs_plain	450	50	47	48	1	94.0	96.0	0.02947445958852768	0.26947569847106934
2cx_vs_plain	151	50	34	35	1	68.0	70.0	0.02958270162343979	0.3525337278842926
2cx_vs_plain	38	50	42	43	1	84.0	86.0	0.032521240413188934	0.09874013066291809
2cx_vs_plain	799	50	23	24	1	46.0	48.0	0.034280527383089066	0.07260922342538834
2cx_vs_plain	902	50	41	42	1	82.0	84.0	0.034972552210092545	0.21876260638237
2cx_vs_plain	790	50	35	36	1	70.0	72.0	0.03517686203122139	0.15044499933719635
2cx_vs_plain	103	50	40	41	1	80.0	82.0	0.03541779890656471	0.2146802842617035
2cx_vs_plain	440	50	41	42	1	82.0	84.0	0.03681552782654762	0.0381460003554821
2cx_vs_plain	212	50	43	44	1	86.0	88.0	0.03730836138129234	0.15112614631652832
2cx_vs_plain	472	50	47	48	1	94.0	96.0	0.042044058442115784	0.19144397974014282
2cx_vs_plain	462	50	36	37	1	72.0	74.0	0.042391832917928696	0.10952101647853851
2cx_vs_plain	833	50	40	42	2	80.0	84.0	-0.040134720504283905	-0.44204139709472656
2cx_vs_plain	866	50	45	47	2	90.0	94.0	-0.03864046931266785	-0.11049015820026398
2cx_vs_plain	912	50	37	39	2	74.0	78.0	-0.013663343153893948	-0.05992736667394638
2cx_vs_plain	177	50	44	46	2	88.0	92.0	-0.013004524633288383	-0.21875090897083282
2cx_vs_plain	237	50	40	42	2	80.0	84.0	-0.01261027343571186	-0.023653317242860794
2cx_vs_plain	380	50	32	34	2	64.0	68.0	-0.010453513823449612	-0.13648641109466553
2cx_vs_plain	188	50	42	44	2	84.0	88.0	-0.009720446541905403	-0.2897694408893585
2cx_vs_plain	118	50	41	43	2	82.0	86.0	-0.009619511663913727	-0.11307709664106369
2cx_vs_plain	633	50	26	28	2	52.0	56.0	-0.006718008313328028	-0.19796910881996155
2cx_vs_plain	359	50	35	37	2	70.0	74.0	-0.005658438429236412	-0.08991844952106476
2cx_vs_plain	512	50	47	49	2	94.0	98.0	-0.0050597963854670525	-0.09271416068077087
2cx_vs_plain	608	50	35	37	2	70.0	74.0	-0.004287190269678831	-0.052484817802906036
2cx_vs_plain	28	50	45	47	2	90.0	94.0	-0.004014893434941769	-0.00565196992829442
2cx_vs_plain	557	50	38	40	2	76.0	80.0	-0.003848135704174638	-0.09962517768144608
2cx_vs_plain	508	50	40	42	2	80.0	84.0	-0.002653801115229726	0.0015574932331219316
2cx_vs_plain	231	50	18	20	2	36.0	40.0	-0.0018006983445957303	0.03325912356376648
2cx_vs_plain	209	50	45	47	2	90.0	94.0	-6.58997887512669e-05	-0.06960364431142807
2cx_vs_plain	382	50	40	42	2	80.0	84.0	0.002335210330784321	0.019669627770781517
2cx_vs_plain	656	50	26	28	2	52.0	56.0	0.0026085854042321444	0.0022501659113913774
2cx_vs_plain	747	50	34	36	2	68.0	72.0	0.003435212653130293	-0.09676098078489304
2cx_vs_plain	337	50	40	42	2	80.0	84.0	0.004328964743763208	-0.18155613541603088
2cx_vs_plain	826	50	34	36	2	68.0	72.0	0.005082577466964722	0.03477232903242111
2cx_vs_plain	374	50	37	39	2	74.0	78.0	0.005582621321082115	0.08393362164497375
2cx_vs_plain	534	50	30	32	2	60.0	64.0	0.006107389461249113	0.07920261472463608
2cx_vs_plain	776	50	35	37	2	70.0	74.0	0.006247982382774353	0.05039957910776138
2cx_vs_plain	107	50	46	48	2	92.0	96.0	0.006359918043017387	-0.19283391535282135
2cx_vs_plain	341	50	30	32	2	60.0	64.0	0.006386750843375921	-0.06509892642498016
2cx_vs_plain	589	50	38	40	2	76.0	80.0	0.006676071789115667	0.09754432737827301
2cx_vs_plain	810	50	18	20	2	36.0	40.0	0.00672016479074955	0.09430193901062012
2cx_vs_plain	698	50	37	39	2	74.0	78.0	0.0067826868034899235	0.07758014649152756
2cx_vs_plain	803	50	47	49	2	94.0	98.0	0.006845101714134216	0.03981354832649231
2cx_vs_plain	239	50	48	50	2	96.0	100.0	0.007084694691002369	-0.022822914645075798
2cx_vs_plain	179	50	35	37	2	70.0	74.0	0.009009221568703651	-0.035069189965724945
2cx_vs_plain	632	50	29	31	2	58.0	62.0	0.00906526017934084	0.026506757363677025
2cx_vs_plain	532	50	40	42	2	80.0	84.0	0.009343321435153484	0.10900956392288208
2cx_vs_plain	516	50	26	28	2	52.0	56.0	0.01080214511603117	0.026123542338609695
2cx_vs_plain	872	50	37	39	2	74.0	78.0	0.010947519913315773	-0.026021279394626617
2cx_vs_plain	258	50	48	50	2	96.0	100.0	0.011190993711352348	-0.09538579732179642
2cx_vs_plain	707	50	42	44	2	84.0	88.0	0.011211805045604706	-0.07510852813720703
2cx_vs_plain	262	50	46	48	2	92.0	96.0	0.011225410737097263	0.09152542054653168
2cx_vs_plain	478	50	27	29	2	54.0	58.0	0.011287148110568523	-0.019290294498205185
2cx_vs_plain	737	50	33	35	2	66.0	70.0	0.011802568100392818	-0.05430315062403679
2cx_vs_plain	859	50	36	38	2	72.0	76.0	0.012097854167222977	0.11772611737251282
2cx_vs_plain	415	50	22	24	2	44.0	48.0	0.013099399395287037	-0.0941070094704628
2cx_vs_plain	540	50	42	44	2	84.0	88.0	0.013161927461624146	-0.13901787996292114
2cx_vs_plain	147	50	47	49	2	94.0	98.0	0.013361687771975994	0.01656665839254856
2cx_vs_plain	482	50	14	16	2	28.0	32.0	0.013518700376152992	0.05046585202217102
2cx_vs_plain	811	50	33	35	2	66.0	70.0	0.01357334852218628	0.1481534242630005
2cx_vs_plain	225	50	47	49	2	94.0	98.0	0.013723339885473251	0.006771536078304052
2cx_vs_plain	659	50	43	45	2	86.0	90.0	0.014549095183610916	0.13097363710403442
2cx_vs_plain	550	50	38	40	2	76.0	80.0	0.015603636391460896	0.0010642147390171885
2cx_vs_plain	260	50	45	47	2	90.0	94.0	0.015715280547738075	0.11181552708148956
2cx_vs_plain	266	50	29	31	2	58.0	62.0	0.016113460063934326	0.08255522698163986
2cx_vs_plain	423	50	35	37	2	70.0	74.0	0.01637164317071438	-0.031024904921650887
2cx_vs_plain	682	50	41	43	2	82.0	86.0	0.016484232619404793	0.16581745445728302
2cx_vs_plain	338	50	43	45	2	86.0	90.0	0.01657930761575699	0.3453699052333832
2cx_vs_plain	812	50	46	48	2	92.0	96.0	0.01736556366086006	0.2142513245344162
2cx_vs_plain	723	50	47	49	2	94.0	98.0	0.017369307577610016	0.13601534068584442
2cx_vs_plain	838	50	23	25	2	46.0	50.0	0.01838049106299877	0.08234096318483353
2cx_vs_plain	420	50	48	50	2	96.0	100.0	0.01856527477502823	0.10055924206972122
2cx_vs_plain	526	50	30	32	2	60.0	64.0	0.019364172592759132	-0.025242872536182404
2cx_vs_plain	559	50	40	42	2	80.0	84.0	0.020371027290821075	0.20068341493606567
2cx_vs_plain	762	50	26	28	2	52.0	56.0	0.020528648048639297	0.09497520327568054
2cx_vs_plain	428	50	40	42	2	80.0	84.0	0.021175570785999298	-0.07264059036970139
2cx_vs_plain	347	50	45	47	2	90.0	94.0	0.022452840581536293	0.10399793833494186
2cx_vs_plain	603	50	43	45	2	86.0	90.0	0.022525710985064507	0.19451038539409637
2cx_vs_plain	424	50	34	36	2	68.0	72.0	0.023086054250597954	-0.008387088775634766
2cx_vs_plain	33	50	42	44	2	84.0	88.0	0.023294806480407715	0.0936989039182663
2cx_vs_plain	47	50	39	41	2	78.0	82.0	0.026180768385529518	0.19992031157016754
2cx_vs_plain	111	50	46	48	2	92.0	96.0	0.026493225246667862	0.1328853964805603
2cx_vs_plain	194	50	42	44	2	84.0	88.0	0.026538219302892685	0.093472421169281
2cx_vs_plain	777	50	42	44	2	84.0	88.0	0.027225147932767868	0.1946018785238266
2cx_vs_plain	998	50	24	26	2	48.0	52.0	0.027380431070923805	0.007184247951954603
2cx_vs_plain	823	50	38	40	2	76.0	80.0	0.029221978038549423	0.11034543067216873
2cx_vs_plain	270	50	46	48	2	92.0	96.0	0.030476899817585945	0.10921146720647812
2cx_vs_plain	168	50	42	44	2	84.0	88.0	0.032727643847465515	0.2493019551038742
2cx_vs_plain	470	50	33	35	2	66.0	70.0	0.03547816351056099	0.21489696204662323
2cx_vs_plain	334	50	45	47	2	90.0	94.0	0.03717195615172386	0.3715774118900299
2cx_vs_plain	824	50	33	35	2	66.0	70.0	0.03911086171865463	0.1466614305973053
2cx_vs_plain	914	50	37	39	2	74.0	78.0	0.04104792699217796	0.17703206837177277
2cx_vs_plain	692	50	27	29	2	54.0	58.0	0.041552260518074036	-0.052961599081754684
2cx_vs_plain	474	50	37	39	2	74.0	78.0	0.04246559739112854	0.10561545193195343
2cx_vs_plain	635	50	33	35	2	66.0	70.0	0.04258956015110016	0.06654093414545059
2cx_vs_plain	596	50	37	39	2	74.0	78.0	0.0463985912501812	0.3250046670436859
2cx_vs_plain	148	50	48	50	2	96.0	100.0	0.04786522313952446	0.2862987518310547
2cx_vs_plain	413	50	32	34	2	64.0	68.0	0.050369955599308014	0.0793096050620079
2cx_vs_plain	513	50	37	40	3	74.0	80.0	-0.016566738486289978	-0.09008926153182983
2cx_vs_plain	641	50	42	45	3	84.0	90.0	-0.011909294873476028	-0.18073008954524994
2cx_vs_plain	527	50	32	35	3	64.0	70.0	-0.001718804589472711	0.02746228128671646
2cx_vs_plain	253	50	44	47	3	88.0	94.0	0.004040884785354137	0.112886942923069
2cx_vs_plain	876	50	17	20	3	34.0	40.0	0.005484855268150568	-0.01566184125840664
2cx_vs_plain	507	50	40	43	3	80.0	86.0	0.0075370087288320065	-0.07074961066246033
2cx_vs_plain	551	50	42	45	3	84.0	90.0	0.0075948298908770084	0.05276339501142502
2cx_vs_plain	666	50	39	42	3	78.0	84.0	0.007890250533819199	-0.02176283858716488
2cx_vs_plain	817	50	29	32	3	58.0	64.0	0.00951849203556776	0.08811338245868683
2cx_vs_plain	446	50	31	34	3	62.0	68.0	0.010795272886753082	-0.008681192062795162
2cx_vs_plain	851	50	35	38	3	70.0	76.0	0.011372753418982029	0.13066020607948303
2cx_vs_plain	542	50	34	37	3	68.0	74.0	0.01656476780772209	-0.013231792487204075
2cx_vs_plain	524	50	26	29	3	52.0	58.0	0.019096415489912033	0.10180887579917908
2cx_vs_plain	116	50	43	46	3	86.0	92.0	0.020148731768131256	0.14881496131420135
2cx_vs_plain	311	50	33	36	3	66.0	72.0	0.020247135311365128	-0.020624924451112747
2cx_vs_plain	222	50	35	38	3	70.0	76.0	0.0217361431568861	-0.05193936452269554
2cx_vs_plain	206	50	45	48	3	90.0	96.0	0.021787486970424652	0.11356260627508163
2cx_vs_plain	599	50	37	40	3	74.0	80.0	0.022702567279338837	0.1733565777540207
2cx_vs_plain	758	50	39	42	3	78.0	84.0	0.02351558953523636	0.17481662333011627
2cx_vs_plain	389	50	41	44	3	82.0	88.0	0.02434040606021881	0.10010810196399689
2cx_vs_plain	101	50	36	39	3	72.0	78.0	0.024676645174622536	0.031689777970314026
2cx_vs_plain	490	50	38	41	3	76.0	82.0	0.02631283365190029	0.11033754050731659
2cx_vs_plain	66	50	25	28	3	50.0	56.0	0.0263357013463974	0.0520600788295269
2cx_vs_plain	250	50	38	41	3	76.0	82.0	0.02680673636496067	0.03677226975560188
2cx_vs_plain	67	50	39	42	3	78.0	84.0	0.027186112478375435	-0.1448066085577011
2cx_vs_plain	962	50	37	40	3	74.0	80.0	0.028272032737731934	0.20171764492988586
2cx_vs_plain	856	50	29	32	3	58.0	64.0	0.030163578689098358	0.03519033268094063
2cx_vs_plain	928	50	35	38	3	70.0	76.0	0.030331747606396675	0.16486965119838715
2cx_vs_plain	40	50	35	38	3	70.0	76.0	0.03330722451210022	0.043805599212646484
2cx_vs_plain	724	50	42	45	3	84.0	90.0	0.03433537855744362	0.1638384759426117
2cx_vs_plain	575	50	41	44	3	82.0	88.0	0.03523555397987366	0.2535959482192993
2cx_vs_plain	740	50	23	26	3	46.0	52.0	0.0366351455450058	0.04476873576641083
2cx_vs_plain	943	50	34	37	3	68.0	74.0	0.04084286838769913	0.18919295072555542
2cx_vs_plain	165	50	29	32	3	58.0	64.0	0.04613847658038139	0.10079152137041092
2cx_vs_plain	77	50	32	35	3	64.0	70.0	0.050880175083875656	0.08213438093662262
2cx_vs_plain	869	50	32	35	3	64.0	70.0	0.052422817796468735	0.2611812651157379
2cx_vs_plain	618	50	22	25	3	44.0	50.0	0.058754704892635345	0.1618613600730896
2cx_vs_plain	419	50	39	43	4	78.0	86.0	-0.013025453314185143	-0.20635883510112762
2cx_vs_plain	166	50	31	35	4	62.0	70.0	0.0070294528268277645	-0.010293531231582165
2cx_vs_plain	504	50	24	28	4	48.0	56.0	0.008992308750748634	0.15346942842006683
2cx_vs_plain	782	50	8	12	4	16.0	24.0	0.010644781403243542	0.005608558654785156
2cx_vs_plain	418	50	32	36	4	64.0	72.0	0.011080772615969181	0.019947128370404243
2cx_vs_plain	285	50	31	35	4	62.0	70.0	0.01141827367246151	0.0315389521420002
2cx_vs_plain	620	50	9	13	4	18.0	26.0	0.016912778839468956	-0.03098907507956028
2cx_vs_plain	689	50	15	19	4	30.0	38.0	0.018217019736766815	-0.15152722597122192
2cx_vs_plain	657	50	16	20	4	32.0	40.0	0.01823582500219345	-0.10571315884590149
2cx_vs_plain	759	50	38	42	4	76.0	84.0	0.019915681332349777	0.05406530201435089
2cx_vs_plain	870	50	43	47	4	86.0	94.0	0.02000458911061287	0.1214967668056488
2cx_vs_plain	349	50	33	37	4	66.0	74.0	0.02365000732243061	0.05933581292629242
2cx_vs_plain	822	50	45	49	4	90.0	98.0	0.03553210571408272	0.17303138971328735
2cx_vs_plain	834	50	28	32	4	56.0	64.0	0.04472367465496063	0.0005427265423350036
2cx_vs_plain	539	50	34	39	5	68.0	78.0	0.02041872963309288	0.02927144058048725
2cx_vs_plain	818	50	17	22	5	34.0	44.0	0.022679300978779793	0.223866805434227
2cx_vs_plain	170	50	32	38	6	64.0	76.0	0.03471028059720993	0.05296884477138519
2cx_vs_plain	830	50	32	38	6	64.0	76.0	0.09922712296247482	0.3872630298137665
2cx_vs_reexplore	718	50	37	30	-7	74.0	60.0	-0.0038042115047574043	0.0817309319972992
2cx_vs_reexplore	764	50	29	24	-5	58.0	48.0	-0.032693665474653244	-0.1443771868944168
2cx_vs_reexplore	744	50	21	16	-5	42.0	32.0	-0.021863125264644623	0.038360346108675
2cx_vs_reexplore	658	50	39	34	-5	78.0	68.0	-0.020698003470897675	-0.02043868973851204
2cx_vs_reexplore	813	50	26	21	-5	52.0	42.0	-0.004810412880033255	-0.08200375735759735
2cx_vs_reexplore	186	50	41	37	-4	82.0	74.0	-0.031556013971567154	-0.15134494006633759
2cx_vs_reexplore	386	50	36	32	-4	72.0	64.0	-0.0243450328707695	-0.2176193743944168
2cx_vs_reexplore	447	50	36	32	-4	72.0	64.0	-0.023922087624669075	-0.05713123455643654
2cx_vs_reexplore	697	50	40	36	-4	80.0	72.0	-0.019713807851076126	-0.0639408528804779
2cx_vs_reexplore	504	50	32	28	-4	64.0	56.0	-0.013480945490300655	0.049482107162475586
2cx_vs_reexplore	587	50	34	30	-4	68.0	60.0	-0.006558895111083984	-0.07853500545024872
2cx_vs_reexplore	881	50	44	40	-4	88.0	80.0	-0.002861949848011136	0.09838825464248657
2cx_vs_reexplore	158	50	35	31	-4	70.0	62.0	0.0007228449103422463	0.028218746185302734
2cx_vs_reexplore	796	50	42	38	-4	84.0	76.0	0.0010516787879168987	0.1107478141784668
2cx_vs_reexplore	241	50	38	35	-3	76.0	70.0	-0.03937658295035362	-0.12679487466812134
2cx_vs_reexplore	864	50	39	36	-3	78.0	72.0	-0.03831365332007408	-0.08114003390073776
2cx_vs_reexplore	652	50	41	38	-3	82.0	76.0	-0.03553187847137451	-0.11980118602514267
2cx_vs_reexplore	748	50	31	28	-3	62.0	56.0	-0.028065282851457596	-0.2050071507692337
2cx_vs_reexplore	809	50	34	31	-3	68.0	62.0	-0.02591937594115734	-0.09292128682136536
2cx_vs_reexplore	498	50	35	32	-3	70.0	64.0	-0.02528679184615612	-0.08428338915109634
2cx_vs_reexplore	359	50	40	37	-3	80.0	74.0	-0.0247263852506876	-0.1251877248287201
2cx_vs_reexplore	929	50	44	41	-3	88.0	82.0	-0.021460389718413353	0.12683522701263428
2cx_vs_reexplore	278	50	39	36	-3	78.0	72.0	-0.01924881711602211	0.0014521217672154307
2cx_vs_reexplore	610	50	44	41	-3	88.0	82.0	-0.01704411953687668	-0.10385966300964355
2cx_vs_reexplore	248	50	24	21	-3	48.0	42.0	-0.01431384775787592	-0.03658541664481163
2cx_vs_reexplore	483	50	41	38	-3	82.0	76.0	-0.013279564678668976	-0.058112114667892456
2cx_vs_reexplore	584	50	29	26	-3	58.0	52.0	-0.012628627941012383	0.0010769558139145374
2cx_vs_reexplore	252	50	44	41	-3	88.0	82.0	-0.01227760873734951	0.14966490864753723
2cx_vs_reexplore	536	50	32	29	-3	64.0	58.0	-0.010920234024524689	0.05958928167819977
2cx_vs_reexplore	261	50	47	44	-3	94.0	88.0	-0.009268444962799549	0.10918468236923218
2cx_vs_reexplore	497	50	38	35	-3	76.0	70.0	-0.008390925824642181	-0.026642465963959694
2cx_vs_reexplore	441	50	42	39	-3	84.0	78.0	-0.007095495238900185	-0.09397384524345398
2cx_vs_reexplore	40	50	41	38	-3	82.0	76.0	-0.0066541265696287155	0.01819602958858013
2cx_vs_reexplore	892	50	36	33	-3	72.0	66.0	-0.005802057217806578	0.08040131628513336
2cx_vs_reexplore	632	50	34	31	-3	68.0	62.0	-0.0028198170475661755	0.05796293169260025
2cx_vs_reexplore	673	50	24	21	-3	48.0	42.0	-0.00157172919716686	0.03247838839888573
2cx_vs_reexplore	700	50	41	38	-3	82.0	76.0	0.00015952526882756501	-0.1326393485069275
2cx_vs_reexplore	282	50	12	9	-3	24.0	18.0	0.003111201571300626	0.05262148752808571
2cx_vs_reexplore	650	50	32	29	-3	64.0	58.0	0.004899649415165186	0.09026152640581131
2cx_vs_reexplore	638	50	17	14	-3	34.0	28.0	0.006077764090150595	-0.01613060012459755
2cx_vs_reexplore	662	50	38	36	-2	76.0	72.0	-0.042506489902734756	-0.2655293941497803
2cx_vs_reexplore	804	50	35	33	-2	70.0	66.0	-0.03951874375343323	-0.1746167242527008
2cx_vs_reexplore	399	50	45	43	-2	90.0	86.0	-0.034813292324543	-0.24354831874370575
2cx_vs_reexplore	756	50	41	39	-2	82.0	78.0	-0.03289381042122841	-0.17662455141544342
2cx_vs_reexplore	646	50	47	45	-2	94.0	90.0	-0.03147615119814873	-0.14192715287208557
2cx_vs_reexplore	785	50	47	45	-2	94.0	90.0	-0.031365297734737396	-0.21821321547031403
2cx_vs_reexplore	310	50	42	40	-2	84.0	80.0	-0.02955402433872223	-0.04294059798121452
2cx_vs_reexplore	366	50	40	38	-2	80.0	76.0	-0.02930517867207527	-0.2812211513519287
2cx_vs_reexplore	196	50	38	36	-2	76.0	72.0	-0.028642499819397926	-0.12071220576763153
2cx_vs_reexplore	272	50	31	29	-2	62.0	58.0	-0.027147121727466583	-0.0796511098742485
2cx_vs_reexplore	979	50	43	41	-2	86.0	82.0	-0.024076096713542938	-0.10598662495613098
2cx_vs_reexplore	923	50	27	25	-2	54.0	50.0	-0.021943487226963043	-0.23882198333740234
2cx_vs_reexplore	167	50	19	17	-2	38.0	34.0	-0.02109908126294613	0.12483164668083191
2cx_vs_reexplore	828	50	35	33	-2	70.0	66.0	-0.019740669056773186	-0.17335477471351624
2cx_vs_reexplore	287	50	39	37	-2	78.0	74.0	-0.019277727231383324	-0.07920404523611069
2cx_vs_reexplore	172	50	41	39	-2	82.0	78.0	-0.018254421651363373	-0.0810161679983139
2cx_vs_reexplore	154	50	43	41	-2	86.0	82.0	-0.017846565693616867	-0.21370457112789154
2cx_vs_reexplore	983	50	45	43	-2	90.0	86.0	-0.017200035974383354	-0.07145151495933533
2cx_vs_reexplore	627	50	42	40	-2	84.0	80.0	-0.016805971041321754	-0.04692398011684418
2cx_vs_reexplore	233	50	43	41	-2	86.0	82.0	-0.01646052859723568	-0.11741011589765549
2cx_vs_reexplore	925	50	33	31	-2	66.0	62.0	-0.016195444390177727	-0.02412959188222885
2cx_vs_reexplore	557	50	42	40	-2	84.0	80.0	-0.01592741534113884	0.015590190887451172
2cx_vs_reexplore	238	50	36	34	-2	72.0	68.0	-0.015633506700396538	0.0406009778380394
2cx_vs_reexplore	556	50	35	33	-2	70.0	66.0	-0.015096884220838547	-0.003100776579231024
2cx_vs_reexplore	108	50	35	33	-2	70.0	66.0	-0.015081068500876427	-0.0655331015586853
2cx_vs_reexplore	73	50	29	27	-2	58.0	54.0	-0.01475642528384924	0.05503121390938759
2cx_vs_reexplore	792	50	36	34	-2	72.0	68.0	-0.012909914366900921	0.05472279712557793
2cx_vs_reexplore	655	50	42	40	-2	84.0	80.0	-0.01234498992562294	-0.013579120859503746
2cx_vs_reexplore	775	50	35	33	-2	70.0	66.0	-0.012160850688815117	-0.12609165906906128
2cx_vs_reexplore	63	50	45	43	-2	90.0	86.0	-0.011008428409695625	-0.04531700164079666
2cx_vs_reexplore	131	50	44	42	-2	88.0	84.0	-0.009072056040167809	0.049586717039346695
2cx_vs_reexplore	791	50	41	39	-2	82.0	78.0	-0.008756089955568314	0.03295908123254776
2cx_vs_reexplore	537	50	48	46	-2	96.0	92.0	-0.00848472397774458	-0.02735842764377594
2cx_vs_reexplore	563	50	46	44	-2	92.0	88.0	-0.00846907589584589	0.0944928452372551
2cx_vs_reexplore	592	50	45	43	-2	90.0	86.0	-0.00806338433176279	-0.00038051605224609375
2cx_vs_reexplore	509	50	29	27	-2	58.0	54.0	-0.007798064965754747	-0.09650100767612457
2cx_vs_reexplore	312	50	35	33	-2	70.0	66.0	-0.007548768073320389	-0.09119251370429993
2cx_vs_reexplore	140	50	47	45	-2	94.0	90.0	-0.007056755945086479	-0.13471227884292603
2cx_vs_reexplore	481	50	32	30	-2	64.0	60.0	-0.005375003442168236	-0.008942165412008762
2cx_vs_reexplore	770	50	41	39	-2	82.0	78.0	-0.005344974808394909	0.0967642217874527
2cx_vs_reexplore	142	50	46	44	-2	92.0	88.0	-0.004565105307847261	0.1519046276807785
2cx_vs_reexplore	922	50	45	43	-2	90.0	86.0	-0.004380430560559034	0.011350374668836594
2cx_vs_reexplore	849	50	44	42	-2	88.0	84.0	-0.004295644350349903	-0.0810919776558876
2cx_vs_reexplore	905	50	34	32	-2	68.0	64.0	-0.0040428838692605495	0.0003682994865812361
2cx_vs_reexplore	640	50	50	48	-2	100.0	96.0	-0.003963715862482786	-0.022685442119836807
2cx_vs_reexplore	931	50	35	33	-2	70.0	66.0	-0.003448260948061943	-0.20205837488174438
2cx_vs_reexplore	53	50	45	43	-2	90.0	86.0	-0.002293877536430955	0.0837516188621521
2cx_vs_reexplore	954	50	45	43	-2	90.0	86.0	-0.0019414651906117797	0.09543509781360626
2cx_vs_reexplore	750	50	35	33	-2	70.0	66.0	-0.001787136192433536	-0.002339162863790989
2cx_vs_reexplore	664	50	21	19	-2	42.0	38.0	-0.001678777509368956	-0.059751443564891815
2cx_vs_reexplore	103	50	43	41	-2	86.0	82.0	-0.0011131608625873923	0.08301880955696106
2cx_vs_reexplore	593	50	42	40	-2	84.0	80.0	-1.864254409156274e-05	0.058714598417282104
2cx_vs_reexplore	219	50	44	42	-2	88.0	84.0	0.00024358899099752307	0.17010541260242462
2cx_vs_reexplore	427	50	33	31	-2	66.0	62.0	0.0012286454439163208	-0.1589549332857132
2cx_vs_reexplore	978	50	23	21	-2	46.0	42.0	0.0014856297057121992	0.019928492605686188
2cx_vs_reexplore	214	50	46	44	-2	92.0	88.0	0.0029434622265398502	0.11114396899938583
2cx_vs_reexplore	456	50	45	43	-2	90.0	86.0	0.0029744687490165234	0.12591834366321564
2cx_vs_reexplore	409	50	33	31	-2	66.0	62.0	0.0034937546588480473	-0.005366363562643528
2cx_vs_reexplore	124	50	37	35	-2	74.0	70.0	0.004149955697357655	-0.16781318187713623
2cx_vs_reexplore	567	50	27	25	-2	54.0	50.0	0.004261198453605175	0.02202802710235119
2cx_vs_reexplore	362	50	46	44	-2	92.0	88.0	0.004668216686695814	0.2450696974992752
2cx_vs_reexplore	444	50	45	43	-2	90.0	86.0	0.0056107002310454845	-0.001241712598130107
2cx_vs_reexplore	429	50	43	41	-2	86.0	82.0	0.006564522162079811	0.09638217836618423
2cx_vs_reexplore	721	50	45	43	-2	90.0	86.0	0.006564753595739603	0.03823774307966232
2cx_vs_reexplore	827	50	39	37	-2	78.0	74.0	0.00763409398496151	0.058175355195999146
2cx_vs_reexplore	195	50	48	46	-2	96.0	92.0	0.00855205301195383	0.05931508168578148
2cx_vs_reexplore	232	50	43	41	-2	86.0	82.0	0.00901463907212019	-0.022293586283922195
2cx_vs_reexplore	23	50	50	48	-2	100.0	96.0	0.009668081998825073	0.23842598497867584
2cx_vs_reexplore	710	50	37	35	-2	74.0	70.0	0.010215734131634235	0.035054806619882584
2cx_vs_reexplore	393	50	48	46	-2	96.0	92.0	0.010550904087722301	0.0743652805685997
2cx_vs_reexplore	523	50	32	30	-2	64.0	60.0	0.01069658063352108	-0.041366174817085266
2cx_vs_reexplore	941	50	43	41	-2	86.0	82.0	0.0136687271296978	0.10519058257341385
2cx_vs_reexplore	559	50	44	42	-2	88.0	84.0	0.019261732697486877	0.2594723105430603
2cx_vs_reexplore	119	50	39	37	-2	78.0	74.0	0.01972665823996067	-0.02700733207166195
2cx_vs_reexplore	350	50	49	47	-2	98.0	94.0	0.01973053626716137	0.11890237033367157
2cx_vs_reexplore	591	50	43	41	-2	86.0	82.0	0.02412540838122368	0.19635345041751862
2cx_vs_reexplore	419	50	44	43	-1	88.0	86.0	-0.05583193153142929	-0.2724943161010742
2cx_vs_reexplore	4	50	45	44	-1	90.0	88.0	-0.05060810223221779	-0.3541089594364166
2cx_vs_reexplore	794	50	38	37	-1	76.0	74.0	-0.04906762018799782	-0.22348566353321075
2cx_vs_reexplore	964	50	39	38	-1	78.0	76.0	-0.04200204461812973	-0.2491489052772522
2cx_vs_reexplore	795	50	42	41	-1	84.0	82.0	-0.036034051328897476	-0.1633525788784027
2cx_vs_reexplore	719	50	47	46	-1	94.0	92.0	-0.034106697887182236	-0.26122036576271057
2cx_vs_reexplore	887	50	35	34	-1	70.0	68.0	-0.03247273340821266	0.011243915185332298
2cx_vs_reexplore	778	50	41	40	-1	82.0	80.0	-0.03216222673654556	-0.17985430359840393
2cx_vs_reexplore	817	50	33	32	-1	66.0	64.0	-0.032124925404787064	0.025783319026231766
2cx_vs_reexplore	939	50	41	40	-1	82.0	80.0	-0.03002794086933136	-0.18720027804374695
2cx_vs_reexplore	709	50	42	41	-1	84.0	82.0	-0.029072342440485954	-0.15594184398651123
2cx_vs_reexplore	164	50	48	47	-1	96.0	94.0	-0.02871769666671753	-0.10410277545452118
2cx_vs_reexplore	352	50	44	43	-1	88.0	86.0	-0.028309378772974014	-0.18903812766075134
2cx_vs_reexplore	82	50	44	43	-1	88.0	86.0	-0.027824658900499344	-0.02291543036699295
2cx_vs_reexplore	313	50	40	39	-1	80.0	78.0	-0.027212830260396004	-0.06825246661901474
2cx_vs_reexplore	665	50	39	38	-1	78.0	76.0	-0.025237133726477623	-0.2655891180038452
2cx_vs_reexplore	315	50	46	45	-1	92.0	90.0	-0.024225305765867233	-0.06744285672903061
2cx_vs_reexplore	598	50	36	35	-1	72.0	70.0	-0.022631945088505745	-0.1305922418832779
2cx_vs_reexplore	666	50	43	42	-1	86.0	84.0	-0.02225237898528576	-0.07925888150930405
2cx_vs_reexplore	3	50	40	39	-1	80.0	78.0	-0.02223813533782959	-0.18266695737838745
2cx_vs_reexplore	930	50	34	33	-1	68.0	66.0	-0.022043971344828606	0.08725211024284363
2cx_vs_reexplore	104	50	43	42	-1	86.0	84.0	-0.021566476672887802	-0.3172953724861145
2cx_vs_reexplore	882	50	40	39	-1	80.0	78.0	-0.02098682150244713	-0.039104871451854706
2cx_vs_reexplore	874	50	50	49	-1	100.0	98.0	-0.02078813873231411	-0.2967433035373688
2cx_vs_reexplore	875	50	42	41	-1	84.0	82.0	-0.020555725321173668	-0.07350268214941025
2cx_vs_reexplore	360	50	42	41	-1	84.0	82.0	-0.020116589963436127	0.03212111443281174
2cx_vs_reexplore	515	50	34	33	-1	68.0	66.0	-0.020101256668567657	-0.06373913586139679
2cx_vs_reexplore	152	50	42	41	-1	84.0	82.0	-0.020076727494597435	-0.3121244013309479
2cx_vs_reexplore	1	50	48	47	-1	96.0	94.0	-0.018868306651711464	-0.18359041213989258
2cx_vs_reexplore	468	50	35	34	-1	70.0	68.0	-0.01866178587079048	0.06117914244532585
2cx_vs_reexplore	123	50	44	43	-1	88.0	86.0	-0.018412794917821884	-0.01911150850355625
2cx_vs_reexplore	180	50	32	31	-1	64.0	62.0	-0.01841023750603199	-0.08811549097299576
2cx_vs_reexplore	924	50	44	43	-1	88.0	86.0	-0.01805245317518711	-0.0099542997777462
2cx_vs_reexplore	141	50	47	46	-1	94.0	92.0	-0.017230628058314323	-0.07986479997634888
2cx_vs_reexplore	373	50	40	39	-1	80.0	78.0	-0.016782283782958984	-0.09311593323945999
2cx_vs_reexplore	865	50	35	34	-1	70.0	68.0	-0.016397543251514435	-0.12539084255695343
2cx_vs_reexplore	79	50	42	41	-1	84.0	82.0	-0.0162045918405056	-0.18504451215267181
2cx_vs_reexplore	634	50	42	41	-1	84.0	82.0	-0.015424605458974838	-0.13163183629512787
2cx_vs_reexplore	230	50	45	44	-1	90.0	88.0	-0.01451865304261446	-0.28874197602272034
2cx_vs_reexplore	520	50	40	39	-1	80.0	78.0	-0.014496701769530773	-0.06558559089899063
2cx_vs_reexplore	798	50	40	39	-1	80.0	78.0	-0.013747627846896648	0.05669513717293739
2cx_vs_reexplore	648	50	32	31	-1	64.0	62.0	-0.013482432812452316	-0.04369319975376129
2cx_vs_reexplore	708	50	35	34	-1	70.0	68.0	-0.01268183346837759	-0.11086450517177582
2cx_vs_reexplore	55	50	34	33	-1	68.0	66.0	-0.012609400786459446	-0.02489505708217621
2cx_vs_reexplore	330	50	41	40	-1	82.0	80.0	-0.012529749423265457	0.02738526277244091
2cx_vs_reexplore	461	50	25	24	-1	50.0	48.0	-0.012317716144025326	-0.04322170093655586
2cx_vs_reexplore	838	50	26	25	-1	52.0	50.0	-0.011385560035705566	0.16977813839912415
2cx_vs_reexplore	810	50	21	20	-1	42.0	40.0	-0.011299042962491512	0.02728721685707569
2cx_vs_reexplore	431	50	41	40	-1	82.0	80.0	-0.011289170011878014	-0.11282696574926376
2cx_vs_reexplore	506	50	37	36	-1	74.0	72.0	-0.01066973339766264	-0.021499719470739365
2cx_vs_reexplore	227	50	36	35	-1	72.0	70.0	-0.01050977036356926	-0.12673331797122955
2cx_vs_reexplore	519	50	32	31	-1	64.0	62.0	-0.010245459154248238	-0.03406456857919693
2cx_vs_reexplore	181	50	45	44	-1	90.0	88.0	-0.01010781992226839	-0.11373314261436462
2cx_vs_reexplore	437	50	38	37	-1	76.0	74.0	-0.01010711770504713	-0.09696820378303528
2cx_vs_reexplore	159	50	41	40	-1	82.0	80.0	-0.009905984625220299	-0.07584875822067261
2cx_vs_reexplore	209	50	48	47	-1	96.0	94.0	-0.009880449622869492	-0.04302280396223068
2cx_vs_reexplore	884	50	40	39	-1	80.0	78.0	-0.009524408727884293	-0.053796835243701935
2cx_vs_reexplore	691	50	31	30	-1	62.0	60.0	-0.009400269947946072	0.04921470582485199
2cx_vs_reexplore	966	50	33	32	-1	66.0	64.0	-0.009250873699784279	-0.022948656231164932
2cx_vs_reexplore	80	50	45	44	-1	90.0	88.0	-0.009230942465364933	-0.14603941142559052
2cx_vs_reexplore	300	50	48	47	-1	96.0	94.0	-0.008515439927577972	-0.0490589439868927
2cx_vs_reexplore	604	50	49	48	-1	98.0	96.0	-0.008445510640740395	-0.1916574239730835
2cx_vs_reexplore	203	50	48	47	-1	96.0	94.0	-0.008196597918868065	-0.11641101539134979
2cx_vs_reexplore	383	50	34	33	-1	68.0	66.0	-0.008084490895271301	0.013746709562838078
2cx_vs_reexplore	824	50	36	35	-1	72.0	70.0	-0.008072211407124996	-0.027507906779646873
2cx_vs_reexplore	590	50	29	28	-1	58.0	56.0	-0.007798430509865284	-0.025032224133610725
2cx_vs_reexplore	871	50	41	40	-1	82.0	80.0	-0.007658087648451328	-0.054788168519735336
2cx_vs_reexplore	149	50	45	44	-1	90.0	88.0	-0.00751139409840107	-0.015512275509536266
2cx_vs_reexplore	11	50	49	48	-1	98.0	96.0	-0.006955418735742569	-0.026946496218442917
2cx_vs_reexplore	918	50	46	45	-1	92.0	90.0	-0.006828140001744032	-0.10131096839904785
2cx_vs_reexplore	400	50	23	22	-1	46.0	44.0	-0.006545578129589558	0.1078483983874321
2cx_vs_reexplore	568	50	42	41	-1	84.0	82.0	-0.006426861975342035	-0.016214799135923386
2cx_vs_reexplore	920	50	42	41	-1	84.0	82.0	-0.006384672597050667	-0.03676383197307587
2cx_vs_reexplore	780	50	41	40	-1	82.0	80.0	-0.0063813175074756145	-0.06908175349235535
2cx_vs_reexplore	8	50	45	44	-1	90.0	88.0	-0.0063576530665159225	-0.12661629915237427
2cx_vs_reexplore	781	50	45	44	-1	90.0	88.0	-0.0061232238076627254	0.048782605677843094
2cx_vs_reexplore	295	50	45	44	-1	90.0	88.0	-0.005686123389750719	-0.047422513365745544
2cx_vs_reexplore	474	50	40	39	-1	80.0	78.0	-0.005409548059105873	-0.09526090323925018
2cx_vs_reexplore	201	50	34	33	-1	68.0	66.0	-0.005088192410767078	0.08365622162818909
2cx_vs_reexplore	625	50	48	47	-1	96.0	94.0	-0.0050050681456923485	-0.034775592386722565
2cx_vs_reexplore	948	50	48	47	-1	96.0	94.0	-0.0042805541306734085	-0.10289594531059265
2cx_vs_reexplore	883	50	29	28	-1	58.0	56.0	-0.004253501538187265	-0.12961775064468384
2cx_vs_reexplore	727	50	46	45	-1	92.0	90.0	-0.004129364620894194	-0.09068181365728378
2cx_vs_reexplore	617	50	44	43	-1	88.0	86.0	-0.004046149086207151	0.04639763385057449
2cx_vs_reexplore	16	50	45	44	-1	90.0	88.0	-0.00371533096767962	-0.13175277411937714
2cx_vs_reexplore	487	50	41	40	-1	82.0	80.0	-0.0035359519533813	0.22196859121322632
2cx_vs_reexplore	701	50	48	47	-1	96.0	94.0	-0.0033462056890130043	-0.152813121676445
2cx_vs_reexplore	438	50	31	30	-1	62.0	60.0	-0.0029090368188917637	-0.1519613265991211
2cx_vs_reexplore	802	50	49	48	-1	98.0	96.0	-0.002746864454820752	0.08088520914316177
2cx_vs_reexplore	720	50	43	42	-1	86.0	84.0	-0.002635213080793619	-0.12242306768894196
2cx_vs_reexplore	908	50	33	32	-1	66.0	64.0	-0.0025738943368196487	0.10661482810974121
2cx_vs_reexplore	851	50	39	38	-1	78.0	76.0	-0.0022511871065944433	-0.014695911668241024
2cx_vs_reexplore	854	50	46	45	-1	92.0	90.0	-0.0021123141050338745	-0.024277497082948685
2cx_vs_reexplore	121	50	44	43	-1	88.0	86.0	-0.0017362924991175532	-0.01395074836909771
2cx_vs_reexplore	44	50	38	37	-1	76.0	74.0	-0.001587243634276092	-0.13297681510448456
2cx_vs_reexplore	600	50	22	21	-1	44.0	42.0	-0.001518998178653419	0.18936046957969666
2cx_vs_reexplore	714	50	41	40	-1	82.0	80.0	-0.001463617430999875	0.06280135363340378
2cx_vs_reexplore	726	50	47	46	-1	94.0	92.0	-0.0011912626214325428	0.06400047242641449
2cx_vs_reexplore	541	50	29	28	-1	58.0	56.0	-0.0010175514034926891	0.07517313957214355
2cx_vs_reexplore	805	50	48	47	-1	96.0	94.0	-0.0002759236085694283	0.004868535790592432
2cx_vs_reexplore	734	50	44	43	-1	88.0	86.0	0.00030407251324504614	-0.10537981241941452
2cx_vs_reexplore	681	50	14	13	-1	28.0	26.0	0.00043741732952184975	-0.015124253928661346
2cx_vs_reexplore	572	50	36	35	-1	72.0	70.0	0.0005043385899625719	-0.0038384245708584785
2cx_vs_reexplore	878	50	42	41	-1	84.0	82.0	0.0007694124942645431	-0.05843471363186836
2cx_vs_reexplore	713	50	47	46	-1	94.0	92.0	0.000852736528031528	0.1531251072883606
2cx_vs_reexplore	0	50	49	48	-1	98.0	96.0	0.0008610904333181679	-0.04338056594133377
2cx_vs_reexplore	316	50	49	48	-1	98.0	96.0	0.0010222234996035695	0.12445826828479767
2cx_vs_reexplore	952	50	46	45	-1	92.0	90.0	0.0010704323649406433	-0.011436023749411106
2cx_vs_reexplore	243	50	43	42	-1	86.0	84.0	0.0011819106293842196	-0.1313401311635971
2cx_vs_reexplore	906	50	18	17	-1	36.0	34.0	0.0013335981639102101	0.05368829891085625
2cx_vs_reexplore	36	50	28	27	-1	56.0	54.0	0.0013560171937569976	-0.04689763858914375
2cx_vs_reexplore	970	50	28	27	-1	56.0	54.0	0.001578527968376875	-0.06065590679645538
2cx_vs_reexplore	110	50	45	44	-1	90.0	88.0	0.0017800539499148726	0.15672868490219116
2cx_vs_reexplore	926	50	43	42	-1	86.0	84.0	0.0017906511202454567	0.1491444706916809
2cx_vs_reexplore	368	50	40	39	-1	80.0	78.0	0.0018256556941196322	0.10093272477388382
2cx_vs_reexplore	70	50	45	44	-1	90.0	88.0	0.001999473897740245	0.021527843549847603
2cx_vs_reexplore	768	50	46	45	-1	92.0	90.0	0.002057405421510339	0.11671403795480728
2cx_vs_reexplore	88	50	49	48	-1	98.0	96.0	0.0026094955392181873	0.08631972968578339
2cx_vs_reexplore	554	50	50	49	-1	100.0	98.0	0.002980524906888604	0.1197325736284256
2cx_vs_reexplore	806	50	34	33	-1	68.0	66.0	0.003079569898545742	0.16274318099021912
2cx_vs_reexplore	377	50	42	41	-1	84.0	82.0	0.003151260083541274	0.07521487027406693
2cx_vs_reexplore	686	50	40	39	-1	80.0	78.0	0.00334203545935452	0.08080635964870453
2cx_vs_reexplore	692	50	30	29	-1	60.0	58.0	0.0038682199083268642	-0.09662806242704391
2cx_vs_reexplore	845	50	35	34	-1	70.0	68.0	0.00400000624358654	0.06694171577692032
2cx_vs_reexplore	654	50	40	39	-1	80.0	78.0	0.004331536591053009	0.03402974084019661
2cx_vs_reexplore	408	50	38	37	-1	76.0	74.0	0.004641420673578978	0.025641174986958504
2cx_vs_reexplore	679	50	49	48	-1	98.0	96.0	0.004723228048533201	-0.026728486642241478
2cx_vs_reexplore	693	50	41	40	-1	82.0	80.0	0.005167319905012846	0.17540405690670013
2cx_vs_reexplore	751	50	41	40	-1	82.0	80.0	0.005606058053672314	-0.01015426591038704
2cx_vs_reexplore	128	50	45	44	-1	90.0	88.0	0.005629613529890776	0.1175709217786789
2cx_vs_reexplore	391	50	45	44	-1	90.0	88.0	0.006091411225497723	-0.023777933791279793
2cx_vs_reexplore	269	50	39	38	-1	78.0	76.0	0.006439989898353815	-0.14200757443904877
2cx_vs_reexplore	786	50	44	43	-1	88.0	86.0	0.006451879162341356	0.013840503990650177
2cx_vs_reexplore	826	50	37	36	-1	74.0	72.0	0.007245421409606934	0.08822755515575409
2cx_vs_reexplore	722	50	44	43	-1	88.0	86.0	0.007450799457728863	0.012780475430190563
2cx_vs_reexplore	522	50	48	47	-1	96.0	94.0	0.008406921289861202	0.09267494082450867
2cx_vs_reexplore	669	50	49	48	-1	98.0	96.0	0.008479438722133636	0.15834350883960724
2cx_vs_reexplore	611	50	48	47	-1	96.0	94.0	0.008503931574523449	0.27976566553115845
2cx_vs_reexplore	749	50	45	44	-1	90.0	88.0	0.008763236925005913	0.015379343181848526
2cx_vs_reexplore	150	50	46	45	-1	92.0	90.0	0.008776380680501461	0.13683664798736572
2cx_vs_reexplore	473	50	40	39	-1	80.0	78.0	0.009290180169045925	0.14898061752319336
2cx_vs_reexplore	671	50	40	39	-1	80.0	78.0	0.009298063814640045	-0.01395196933299303
2cx_vs_reexplore	385	50	32	31	-1	64.0	62.0	0.009595490992069244	0.04771055281162262
2cx_vs_reexplore	257	50	43	42	-1	86.0	84.0	0.00995807908475399	-0.06617022305727005
2cx_vs_reexplore	264	50	32	31	-1	64.0	62.0	0.010192807763814926	0.05161014571785927
2cx_vs_reexplore	660	50	36	35	-1	72.0	70.0	0.010487628169357777	0.1294769048690796
2cx_vs_reexplore	901	50	34	33	-1	68.0	66.0	0.011630378663539886	0.09549569338560104
2cx_vs_reexplore	54	50	34	33	-1	68.0	66.0	0.011697934940457344	0.11912424862384796
2cx_vs_reexplore	307	50	43	42	-1	86.0	84.0	0.011905224062502384	0.23137928545475006
2cx_vs_reexplore	642	50	47	46	-1	94.0	92.0	0.012673459015786648	0.2123355120420456
2cx_vs_reexplore	449	50	46	45	-1	92.0	90.0	0.013266430236399174	0.07096531987190247
2cx_vs_reexplore	479	50	24	23	-1	48.0	46.0	0.01354196947067976	0.10434715449810028
2cx_vs_reexplore	494	50	38	37	-1	76.0	74.0	0.01382842380553484	0.0477452278137207
2cx_vs_reexplore	961	50	27	26	-1	54.0	52.0	0.013989457860589027	-0.09056003391742706
2cx_vs_reexplore	76	50	50	49	-1	100.0	98.0	0.014423023909330368	0.11327587068080902
2cx_vs_reexplore	223	50	46	45	-1	92.0	90.0	0.01529928669333458	0.2767843008041382
2cx_vs_reexplore	281	50	38	37	-1	76.0	74.0	0.015398702584207058	0.07838736474514008
2cx_vs_reexplore	680	50	44	43	-1	88.0	86.0	0.015401160344481468	0.15850365161895752
2cx_vs_reexplore	263	50	48	47	-1	96.0	94.0	0.015940604731440544	0.030489768832921982
2cx_vs_reexplore	208	50	43	42	-1	86.0	84.0	0.015988176688551903	0.22728829085826874
2cx_vs_reexplore	367	50	44	43	-1	88.0	86.0	0.016324052587151527	0.39863452315330505
2cx_vs_reexplore	189	50	43	42	-1	86.0	84.0	0.01664925180375576	0.03586195781826973
2cx_vs_reexplore	958	50	47	46	-1	94.0	92.0	0.016674483194947243	0.1497713327407837
2cx_vs_reexplore	297	50	38	37	-1	76.0	74.0	0.018454808741807938	0.30080199241638184
2cx_vs_reexplore	357	50	47	46	-1	94.0	92.0	0.018465889617800713	0.1116865947842598
2cx_vs_reexplore	690	50	48	47	-1	96.0	94.0	0.018787505105137825	0.024047527462244034
2cx_vs_reexplore	725	50	27	26	-1	54.0	52.0	0.01915857009589672	-0.009827136993408203
2cx_vs_reexplore	61	50	43	42	-1	86.0	84.0	0.019230257719755173	0.07719036936759949
2cx_vs_reexplore	980	50	43	42	-1	86.0	84.0	0.023934541270136833	0.23336613178253174
2cx_vs_reexplore	298	50	40	39	-1	80.0	78.0	0.024016067385673523	0.1847601681947708
2cx_vs_reexplore	963	50	43	42	-1	86.0	84.0	0.024265848100185394	0.25429847836494446
2cx_vs_reexplore	546	50	40	39	-1	80.0	78.0	0.02430420182645321	0.04336930438876152
2cx_vs_reexplore	975	50	31	30	-1	62.0	60.0	0.030584897845983505	0.006101255305111408
2cx_vs_reexplore	741	50	37	36	-1	74.0	72.0	0.03131433576345444	0.013237543404102325
2cx_vs_reexplore	774	50	39	38	-1	78.0	76.0	0.03410173952579498	0.04021533951163292
2cx_vs_reexplore	653	50	38	37	-1	76.0	74.0	0.038423970341682434	0.3739916682243347
2cx_vs_reexplore	711	50	40	39	-1	80.0	78.0	0.046995922923088074	0.4209093451499939
2cx_vs_reexplore	50	50	46	46	0	92.0	92.0	-0.05180075019598007	-0.6638590097427368
2cx_vs_reexplore	866	50	47	47	0	94.0	94.0	-0.03150270879268646	-0.13010692596435547
2cx_vs_reexplore	787	50	33	33	0	66.0	66.0	-0.02941804565489292	-0.09784530848264694
2cx_vs_reexplore	432	50	43	43	0	86.0	86.0	-0.027509070932865143	-0.2645108997821808
2cx_vs_reexplore	624	50	33	33	0	66.0	66.0	-0.027184195816516876	-0.1161242201924324
2cx_vs_reexplore	622	50	31	31	0	62.0	62.0	-0.021886317059397697	0.06818246841430664
2cx_vs_reexplore	176	50	42	42	0	84.0	84.0	-0.021605324000120163	0.024852896109223366
2cx_vs_reexplore	265	50	38	38	0	76.0	76.0	-0.020998556166887283	-0.16482487320899963
2cx_vs_reexplore	460	50	35	35	0	70.0	70.0	-0.02073143981397152	-0.08663057535886765
2cx_vs_reexplore	821	50	45	45	0	90.0	90.0	-0.020208436995744705	-0.1457918882369995
2cx_vs_reexplore	788	50	46	46	0	92.0	92.0	-0.020060241222381592	-0.17625339329242706
2cx_vs_reexplore	173	50	38	38	0	76.0	76.0	-0.020043324679136276	-0.21207870543003082
2cx_vs_reexplore	825	50	42	42	0	84.0	84.0	-0.020021291449666023	-0.03469250723719597
2cx_vs_reexplore	414	50	22	22	0	44.0	44.0	-0.019696464762091637	-0.014236335642635822
2cx_vs_reexplore	502	50	35	35	0	70.0	70.0	-0.019089186564087868	0.012391033582389355
2cx_vs_reexplore	573	50	50	50	0	100.0	100.0	-0.018997926265001297	-0.35959404706954956
2cx_vs_reexplore	762	50	28	28	0	56.0	56.0	-0.018924923613667488	-0.12460646033287048
2cx_vs_reexplore	47	50	41	41	0	82.0	82.0	-0.01868622377514839	-0.10126753896474838
2cx_vs_reexplore	839	50	35	35	0	70.0	70.0	-0.01844041980803013	-0.04041687026619911
2cx_vs_reexplore	217	50	46	46	0	92.0	92.0	-0.01825537532567978	-0.09365449100732803
2cx_vs_reexplore	753	50	40	40	0	80.0	80.0	-0.017627324908971786	-0.024138126522302628
2cx_vs_reexplore	564	50	43	43	0	86.0	86.0	-0.017242634668946266	-0.03767923265695572
2cx_vs_reexplore	268	50	48	48	0	96.0	96.0	-0.01689920201897621	-0.07651319354772568
2cx_vs_reexplore	723	50	49	49	0	98.0	98.0	-0.015891127288341522	-0.1587177813053131
2cx_vs_reexplore	950	50	40	40	0	80.0	80.0	-0.015581595711410046	-0.09330126643180847
2cx_vs_reexplore	976	50	29	29	0	58.0	58.0	-0.015512323006987572	-0.031845711171627045
2cx_vs_reexplore	118	50	43	43	0	86.0	86.0	-0.014958083629608154	-0.12545043230056763
2cx_vs_reexplore	135	50	50	50	0	100.0	100.0	-0.014909422025084496	-0.12566609680652618
2cx_vs_reexplore	982	50	41	41	0	82.0	82.0	-0.014787611551582813	-0.23641212284564972
2cx_vs_reexplore	166	50	35	35	0	70.0	70.0	-0.014675655402243137	-0.04558318108320236
2cx_vs_reexplore	320	50	47	47	0	94.0	94.0	-0.014609689824283123	-0.05385573208332062
2cx_vs_reexplore	130	50	49	49	0	98.0	98.0	-0.014465728774666786	-0.20045986771583557
2cx_vs_reexplore	760	50	40	40	0	80.0	80.0	-0.014375664293766022	-0.049623727798461914
2cx_vs_reexplore	81	50	46	46	0	92.0	92.0	-0.013644997030496597	-0.03984354808926582
2cx_vs_reexplore	937	50	46	46	0	92.0	92.0	-0.01330327708274126	-0.03834697604179382
2cx_vs_reexplore	5	50	43	43	0	86.0	86.0	-0.013275951147079468	-0.21151836216449738
2cx_vs_reexplore	113	50	44	44	0	88.0	88.0	-0.013233635574579239	-0.12696169316768646
2cx_vs_reexplore	288	50	40	40	0	80.0	80.0	-0.012874864041805267	-0.03394973650574684
2cx_vs_reexplore	668	50	48	48	0	96.0	96.0	-0.012634776532649994	-0.18630436062812805
2cx_vs_reexplore	371	50	34	34	0	68.0	68.0	-0.012580676935613155	0.0026245880872011185
2cx_vs_reexplore	477	50	38	38	0	76.0	76.0	-0.012425852008163929	-0.0712476372718811
2cx_vs_reexplore	641	50	45	45	0	90.0	90.0	-0.012414472177624702	-0.19180834293365479
2cx_vs_reexplore	335	50	47	47	0	94.0	94.0	-0.0120574114844203	-0.15323232114315033
2cx_vs_reexplore	742	50	27	27	0	54.0	54.0	-0.011644002981483936	0.026299219578504562
2cx_vs_reexplore	91	50	46	46	0	92.0	92.0	-0.011468911543488503	0.0010776997078210115
2cx_vs_reexplore	31	50	45	45	0	90.0	90.0	-0.011318014934659004	-0.12482587993144989
2cx_vs_reexplore	72	50	48	48	0	96.0	96.0	-0.011303551495075226	-0.061637572944164276
2cx_vs_reexplore	631	50	33	33	0	66.0	66.0	-0.01079452782869339	-0.04654426500201225
2cx_vs_reexplore	877	50	44	44	0	88.0	88.0	-0.010633493773639202	-0.17728698253631592
2cx_vs_reexplore	401	50	44	44	0	88.0	88.0	-0.009485227055847645	-0.07842376083135605
2cx_vs_reexplore	649	50	46	46	0	92.0	92.0	-0.009419786743819714	-0.09144480526447296
2cx_vs_reexplore	771	50	45	45	0	90.0	90.0	-0.009318215772509575	-0.08951520174741745
2cx_vs_reexplore	304	50	32	32	0	64.0	64.0	-0.009270602837204933	-0.053989581763744354
2cx_vs_reexplore	585	50	24	24	0	48.0	48.0	-0.009269067086279392	-0.12408671528100967
2cx_vs_reexplore	259	50	48	48	0	96.0	96.0	-0.009214167483150959	-0.2318924516439438
2cx_vs_reexplore	9	50	50	50	0	100.0	100.0	-0.009043439291417599	-0.07894249260425568
2cx_vs_reexplore	143	50	49	49	0	98.0	98.0	-0.008913004770874977	-0.030849970877170563
2cx_vs_reexplore	171	50	46	46	0	92.0	92.0	-0.008537408895790577	-0.07024513930082321
2cx_vs_reexplore	886	50	47	47	0	94.0	94.0	-0.008472017012536526	0.034105490893125534
2cx_vs_reexplore	783	50	49	49	0	98.0	98.0	-0.008465396240353584	0.1653124988079071
2cx_vs_reexplore	829	50	46	46	0	92.0	92.0	-0.00833106879144907	0.020785503089427948
2cx_vs_reexplore	271	50	31	31	0	62.0	62.0	-0.008300511166453362	0.04412687197327614
2cx_vs_reexplore	512	50	49	49	0	98.0	98.0	-0.008172120898962021	-0.14480915665626526
2cx_vs_reexplore	41	50	47	47	0	94.0	94.0	-0.008125272579491138	0.08632078766822815
2cx_vs_reexplore	213	50	42	42	0	84.0	84.0	-0.00809895433485508	0.00860815029591322
2cx_vs_reexplore	685	50	49	49	0	98.0	98.0	-0.008033203892409801	-0.21122583746910095
2cx_vs_reexplore	293	50	48	48	0	96.0	96.0	-0.008006665855646133	0.09156885743141174
2cx_vs_reexplore	94	50	48	48	0	96.0	96.0	-0.007910016924142838	-0.06990695744752884
2cx_vs_reexplore	326	50	48	48	0	96.0	96.0	-0.0077421958558261395	-0.07841096073389053
2cx_vs_reexplore	343	50	48	48	0	96.0	96.0	-0.007531459908932447	-0.07231684774160385
2cx_vs_reexplore	299	50	46	46	0	92.0	92.0	-0.007428484968841076	-0.09007224440574646
2cx_vs_reexplore	398	50	43	43	0	86.0	86.0	-0.007197964005172253	-0.15063679218292236
2cx_vs_reexplore	967	50	36	36	0	72.0	72.0	-0.006666421424597502	-0.024845991283655167
2cx_vs_reexplore	599	50	40	40	0	80.0	80.0	-0.006631363183259964	0.009413070976734161
2cx_vs_reexplore	488	50	18	18	0	36.0	36.0	-0.006433611735701561	-0.02328975684940815
2cx_vs_reexplore	237	50	42	42	0	84.0	84.0	-0.006263429298996925	-0.13245084881782532
2cx_vs_reexplore	289	50	45	45	0	90.0	90.0	-0.0062004136852920055	-0.06477627903223038
2cx_vs_reexplore	22	50	50	50	0	100.0	100.0	-0.006190379150211811	-0.2341606318950653
2cx_vs_reexplore	940	50	45	45	0	90.0	90.0	-0.006158243864774704	0.0360613614320755
2cx_vs_reexplore	19	50	50	50	0	100.0	100.0	-0.00605791574344039	-0.14971114695072174
2cx_vs_reexplore	889	50	35	35	0	70.0	70.0	-0.005961483344435692	-0.02992180734872818
2cx_vs_reexplore	466	50	48	48	0	96.0	96.0	-0.0058288234286010265	-0.10273861140012741
2cx_vs_reexplore	661	50	47	47	0	94.0	94.0	-0.005788605194538832	-0.10828211903572083
2cx_vs_reexplore	586	50	45	45	0	90.0	90.0	-0.00577638391405344	-0.157432422041893
2cx_vs_reexplore	616	50	45	45	0	90.0	90.0	-0.005559980403631926	-0.023108024150133133
2cx_vs_reexplore	595	50	43	43	0	86.0	86.0	-0.005456199869513512	-0.04828651249408722
2cx_vs_reexplore	909	50	30	30	0	60.0	60.0	-0.0054427869617938995	-0.01303396187722683
2cx_vs_reexplore	916	50	50	50	0	100.0	100.0	-0.00527842715382576	-0.06676898151636124
2cx_vs_reexplore	897	50	45	45	0	90.0	90.0	-0.004775309935212135	-0.08040301501750946
2cx_vs_reexplore	102	50	50	50	0	100.0	100.0	-0.004663444589823484	-0.030597906559705734
2cx_vs_reexplore	984	50	48	48	0	96.0	96.0	-0.004648041911423206	0.036154910922050476
2cx_vs_reexplore	100	50	49	49	0	98.0	98.0	-0.004629094153642654	0.07879603654146194
2cx_vs_reexplore	900	50	48	48	0	96.0	96.0	-0.004506369587033987	-0.012848186306655407
2cx_vs_reexplore	379	50	47	47	0	94.0	94.0	-0.004391472786664963	-0.10257390886545181
2cx_vs_reexplore	927	50	48	48	0	96.0	96.0	-0.0043460833840072155	-0.12347588688135147
2cx_vs_reexplore	376	50	50	50	0	100.0	100.0	-0.004304142203181982	0.11067560315132141
2cx_vs_reexplore	402	50	34	34	0	68.0	68.0	-0.004298360552638769	-0.06836747378110886
2cx_vs_reexplore	98	50	46	46	0	92.0	92.0	-0.0040646144188940525	-0.10904881358146667
2cx_vs_reexplore	688	50	47	47	0	94.0	94.0	-0.0039682104252278805	0.04281968995928764
2cx_vs_reexplore	811	50	35	35	0	70.0	70.0	-0.0038640093989670277	0.09963543713092804
2cx_vs_reexplore	87	50	48	48	0	96.0	96.0	-0.00384462415240705	0.010617551393806934
2cx_vs_reexplore	645	50	50	50	0	100.0	100.0	-0.0038124716375023127	-0.14979714155197144
2cx_vs_reexplore	769	50	40	40	0	80.0	80.0	-0.003760109655559063	-0.12024202197790146
2cx_vs_reexplore	274	50	47	47	0	94.0	94.0	-0.003756091697141528	0.004878206178545952
2cx_vs_reexplore	505	50	33	33	0	66.0	66.0	-0.0035573989152908325	-0.12755762040615082
2cx_vs_reexplore	178	50	48	48	0	96.0	96.0	-0.0035111841280013323	-0.14518789947032928
2cx_vs_reexplore	92	50	49	49	0	98.0	98.0	-0.0032437639310956	-0.006427431013435125
2cx_vs_reexplore	254	50	49	49	0	98.0	98.0	-0.0032316988799721003	-0.03829998895525932
2cx_vs_reexplore	463	50	29	29	0	58.0	58.0	-0.003096942324191332	0.004188432823866606
2cx_vs_reexplore	370	50	44	44	0	88.0	88.0	-0.0030124986078590155	0.07837612181901932
2cx_vs_reexplore	138	50	48	48	0	96.0	96.0	-0.002691029803827405	-0.03276096284389496
2cx_vs_reexplore	324	50	48	48	0	96.0	96.0	-0.002678350545465946	-0.1210574209690094
2cx_vs_reexplore	434	50	31	31	0	62.0	62.0	-0.002466919831931591	-0.1405344158411026
2cx_vs_reexplore	589	50	40	40	0	80.0	80.0	-0.002171363914385438	0.042834244668483734
2cx_vs_reexplore	127	50	47	47	0	94.0	94.0	-0.002149731619283557	-0.05815621465444565
2cx_vs_reexplore	987	50	21	21	0	42.0	42.0	-0.0020784824155271053	-0.012399215251207352
2cx_vs_reexplore	382	50	42	42	0	84.0	84.0	-0.002026468748226762	0.017645321786403656
2cx_vs_reexplore	296	50	48	48	0	96.0	96.0	-0.0019266498275101185	-0.052316177636384964
2cx_vs_reexplore	544	50	39	39	0	78.0	78.0	-0.0019195820204913616	0.025009851902723312
2cx_vs_reexplore	425	50	47	47	0	94.0	94.0	-0.0018670818535611033	-0.05635029822587967
2cx_vs_reexplore	525	50	41	41	0	82.0	82.0	-0.0018095150589942932	0.0671168640255928
2cx_vs_reexplore	614	50	46	46	0	92.0	92.0	-0.001801669248379767	-0.16948890686035156
2cx_vs_reexplore	422	50	30	30	0	60.0	60.0	-0.0014377683401107788	0.04392554238438606
2cx_vs_reexplore	729	50	32	32	0	64.0	64.0	-0.0013127512065693736	-0.04085252806544304
2cx_vs_reexplore	621	50	43	43	0	86.0	86.0	-0.0011526313610374928	-0.1263422667980194
2cx_vs_reexplore	286	50	47	47	0	94.0	94.0	-0.0010957117192447186	-0.004589900840073824
2cx_vs_reexplore	743	50	37	37	0	74.0	74.0	-0.0008408999419771135	-0.19397129118442535
2cx_vs_reexplore	628	50	46	46	0	92.0	92.0	-0.0007755980477668345	-0.008158636279404163
2cx_vs_reexplore	574	50	47	47	0	94.0	94.0	-0.0007587343570776284	0.07583748549222946
2cx_vs_reexplore	684	50	44	44	0	88.0	88.0	-0.0007136767962947488	0.11329081654548645
2cx_vs_reexplore	464	50	31	31	0	62.0	62.0	-0.0006779205868951976	0.03286686912178993
2cx_vs_reexplore	934	50	46	46	0	92.0	92.0	-0.0005538660334423184	0.002441015327349305
2cx_vs_reexplore	69	50	49	49	0	98.0	98.0	-2.3039729057927616e-05	-0.16747504472732544
2cx_vs_reexplore	706	50	31	31	0	62.0	62.0	0.00012865304597653449	0.006168899592012167
2cx_vs_reexplore	356	50	23	23	0	46.0	46.0	0.00036845236900262535	0.018101615831255913
2cx_vs_reexplore	275	50	50	50	0	100.0	100.0	0.0005155801773071289	0.05055765062570572
2cx_vs_reexplore	27	50	38	38	0	76.0	76.0	0.0006467157509177923	0.02183833159506321
2cx_vs_reexplore	276	50	47	47	0	94.0	94.0	0.0007921209908090532	0.05736427381634712
2cx_vs_reexplore	148	50	50	50	0	100.0	100.0	0.0008149826317094266	-0.06192772090435028
2cx_vs_reexplore	672	50	47	47	0	94.0	94.0	0.0010419510072097182	0.09591381996870041
2cx_vs_reexplore	890	50	48	48	0	96.0	96.0	0.0010664659785106778	0.06122938171029091
2cx_vs_reexplore	308	50	43	43	0	86.0	86.0	0.0011348627740517259	-0.01652635633945465
2cx_vs_reexplore	85	50	47	47	0	94.0	94.0	0.0011909855529665947	-0.04997064545750618
2cx_vs_reexplore	702	50	42	42	0	84.0	84.0	0.0011985130840912461	-0.06586416065692902
2cx_vs_reexplore	694	50	47	47	0	94.0	94.0	0.0011986473109573126	-0.030578671023249626
2cx_vs_reexplore	955	50	50	50	0	100.0	100.0	0.0012552774278447032	0.007023706566542387
2cx_vs_reexplore	323	50	48	48	0	96.0	96.0	0.0013270605122670531	-0.017508191987872124
2cx_vs_reexplore	476	50	49	49	0	98.0	98.0	0.0013496193569153547	-0.04169733077287674
2cx_vs_reexplore	486	50	45	45	0	90.0	90.0	0.0014601063448935747	-0.22875869274139404
2cx_vs_reexplore	687	50	46	46	0	92.0	92.0	0.0016874750144779682	0.06201445683836937
2cx_vs_reexplore	562	50	47	47	0	94.0	94.0	0.001880874391645193	0.11267181485891342
2cx_vs_reexplore	808	50	36	36	0	72.0	72.0	0.001886438694782555	0.006477422546595335
2cx_vs_reexplore	953	50	48	48	0	96.0	96.0	0.0019622505642473698	0.01483369804918766
2cx_vs_reexplore	97	50	47	47	0	94.0	94.0	0.002031465759500861	-0.12942837178707123
2cx_vs_reexplore	182	50	47	47	0	94.0	94.0	0.0021364521235227585	0.059252090752124786
2cx_vs_reexplore	765	50	39	39	0	78.0	78.0	0.0022065246012061834	0.07726285606622696
2cx_vs_reexplore	67	50	42	42	0	84.0	84.0	0.0023058420047163963	-0.15668810904026031
2cx_vs_reexplore	994	50	45	45	0	90.0	90.0	0.0026509433519095182	-0.0010794162517413497
2cx_vs_reexplore	800	50	47	47	0	94.0	94.0	0.0027282380033284426	-0.011663122102618217
2cx_vs_reexplore	14	50	48	48	0	96.0	96.0	0.002806110307574272	0.1291278898715973
2cx_vs_reexplore	13	50	50	50	0	100.0	100.0	0.002907214220613241	0.061899326741695404
2cx_vs_reexplore	607	50	49	49	0	98.0	98.0	0.0029430072754621506	-0.05088850110769272
2cx_vs_reexplore	96	50	46	46	0	92.0	92.0	0.003025052137672901	-0.08452599495649338
2cx_vs_reexplore	183	50	43	43	0	86.0	86.0	0.0030452690552920103	-0.054033469408750534
2cx_vs_reexplore	534	50	32	32	0	64.0	64.0	0.0032700086012482643	-0.07380907237529755
2cx_vs_reexplore	558	50	22	22	0	44.0	44.0	0.003280290402472019	0.19635941088199615
2cx_vs_reexplore	337	50	42	42	0	84.0	84.0	0.0034571222495287657	0.009450454264879227
2cx_vs_reexplore	553	50	42	42	0	84.0	84.0	0.003858791198581457	0.029796915128827095
2cx_vs_reexplore	17	50	46	46	0	92.0	92.0	0.003894930239766836	-0.03635869920253754
2cx_vs_reexplore	251	50	49	49	0	98.0	98.0	0.003958138637244701	-0.08646968007087708
2cx_vs_reexplore	89	50	49	49	0	98.0	98.0	0.003964358940720558	0.037262167781591415
2cx_vs_reexplore	995	50	50	50	0	100.0	100.0	0.0039650737307965755	-0.014659375883638859
2cx_vs_reexplore	220	50	37	37	0	74.0	74.0	0.004171819891780615	0.09330151230096817
2cx_vs_reexplore	814	50	49	49	0	98.0	98.0	0.0042096697725355625	0.16634109616279602
2cx_vs_reexplore	20	50	44	44	0	88.0	88.0	0.004338515922427177	0.06540818512439728
2cx_vs_reexplore	683	50	35	35	0	70.0	70.0	0.004407812841236591	0.05073554813861847
2cx_vs_reexplore	10	50	48	48	0	96.0	96.0	0.004431741777807474	0.028623266145586967
2cx_vs_reexplore	500	50	45	45	0	90.0	90.0	0.004596243612468243	-0.06952397525310516
2cx_vs_reexplore	387	50	47	47	0	94.0	94.0	0.004648979287594557	0.015022563748061657
2cx_vs_reexplore	731	50	33	33	0	66.0	66.0	0.004706216044723988	0.031908463686704636
2cx_vs_reexplore	139	50	49	49	0	98.0	98.0	0.004709392320364714	0.1410156488418579
2cx_vs_reexplore	549	50	28	28	0	56.0	56.0	0.004768271930515766	-0.02855112962424755
2cx_vs_reexplore	428	50	42	42	0	84.0	84.0	0.0048044826835393906	0.1100991740822792
2cx_vs_reexplore	968	50	27	27	0	54.0	54.0	0.004826976452022791	-0.0205579474568367
2cx_vs_reexplore	325	50	48	48	0	96.0	96.0	0.004850364755839109	-0.037752848118543625
2cx_vs_reexplore	7	50	37	37	0	74.0	74.0	0.005134382285177708	0.022923974320292473
2cx_vs_reexplore	137	50	45	45	0	90.0	90.0	0.005154484882950783	0.038958024233579636
2cx_vs_reexplore	560	50	48	48	0	96.0	96.0	0.005173378624022007	0.09908806532621384
2cx_vs_reexplore	659	50	45	45	0	90.0	90.0	0.0051903314888477325	0.04402495548129082
2cx_vs_reexplore	576	50	49	49	0	98.0	98.0	0.005262226331979036	0.1156192496418953
2cx_vs_reexplore	540	50	44	44	0	88.0	88.0	0.0053339614532887936	-0.06713308393955231
2cx_vs_reexplore	381	50	23	23	0	46.0	46.0	0.005374210886657238	-0.051787424832582474
2cx_vs_reexplore	115	50	47	47	0	94.0	94.0	0.005786921828985214	-0.05696074664592743
2cx_vs_reexplore	146	50	48	48	0	96.0	96.0	0.0059236097149550915	0.04961548000574112
2cx_vs_reexplore	60	50	25	25	0	50.0	50.0	0.005948326550424099	-0.003650503233075142
2cx_vs_reexplore	736	50	45	45	0	90.0	90.0	0.00597797054797411	0.0627659261226654
2cx_vs_reexplore	550	50	40	40	0	80.0	80.0	0.00622920086607337	-0.10420853644609451
2cx_vs_reexplore	291	50	50	50	0	100.0	100.0	0.006333428435027599	0.07255298644304276
2cx_vs_reexplore	478	50	29	29	0	58.0	58.0	0.006354689598083496	0.14116670191287994
2cx_vs_reexplore	859	50	38	38	0	76.0	76.0	0.006411286536604166	0.0693865492939949
2cx_vs_reexplore	581	50	41	41	0	82.0	82.0	0.006632009521126747	-0.027764521539211273
2cx_vs_reexplore	228	50	45	45	0	90.0	90.0	0.00668736919760704	-0.0076940725557506084
2cx_vs_reexplore	255	50	50	50	0	100.0	100.0	0.006741704884916544	0.014909334480762482
2cx_vs_reexplore	704	50	46	46	0	92.0	92.0	0.006781761534512043	0.11104647815227509
2cx_vs_reexplore	160	50	50	50	0	100.0	100.0	0.006867359392344952	0.027822313830256462
2cx_vs_reexplore	25	50	49	49	0	98.0	98.0	0.006894269958138466	0.03970322757959366
2cx_vs_reexplore	959	50	44	44	0	88.0	88.0	0.006922820117324591	0.023819275200366974
2cx_vs_reexplore	42	50	42	42	0	84.0	84.0	0.006980258971452713	-0.10274127125740051
2cx_vs_reexplore	369	50	40	40	0	80.0	80.0	0.0069939373061060905	0.19363899528980255
2cx_vs_reexplore	936	50	44	44	0	88.0	88.0	0.0069941068068146706	0.11508741974830627
2cx_vs_reexplore	988	50	49	49	0	98.0	98.0	0.007034105248749256	0.0685930997133255
2cx_vs_reexplore	971	50	44	44	0	88.0	88.0	0.007158811669796705	0.04602231830358505
2cx_vs_reexplore	583	50	46	46	0	92.0	92.0	0.007172475568950176	0.2741471230983734
2cx_vs_reexplore	454	50	32	32	0	64.0	64.0	0.007178192958235741	-0.028690949082374573
2cx_vs_reexplore	629	50	41	41	0	82.0	82.0	0.007384038995951414	0.0439249612390995
2cx_vs_reexplore	439	50	48	48	0	96.0	96.0	0.007612072397023439	0.12067744880914688
2cx_vs_reexplore	229	50	49	49	0	98.0	98.0	0.0076216585002839565	0.09579451382160187
2cx_vs_reexplore	216	50	48	48	0	96.0	96.0	0.00763937970623374	-0.1814032346010208
2cx_vs_reexplore	392	50	48	48	0	96.0	96.0	0.00782104767858982	0.19164343178272247
2cx_vs_reexplore	570	50	46	46	0	92.0	92.0	0.007886136882007122	-0.03651587665081024
2cx_vs_reexplore	496	50	48	48	0	96.0	96.0	0.008013452403247356	0.0976787582039833
2cx_vs_reexplore	95	50	48	48	0	96.0	96.0	0.008138993754982948	0.16938987374305725
2cx_vs_reexplore	426	50	45	45	0	90.0	90.0	0.008315413258969784	0.18327121436595917
2cx_vs_reexplore	605	50	43	43	0	86.0	86.0	0.008376110345125198	0.1746099442243576
2cx_vs_reexplore	535	50	49	49	0	98.0	98.0	0.008407466113567352	-0.059247225522994995
2cx_vs_reexplore	144	50	48	48	0	96.0	96.0	0.008538846857845783	0.20072829723358154
2cx_vs_reexplore	565	50	50	50	0	100.0	100.0	0.008616941049695015	0.09239047020673752
2cx_vs_reexplore	755	50	45	45	0	90.0	90.0	0.008841782808303833	0.04648919031023979
2cx_vs_reexplore	606	50	45	45	0	90.0	90.0	0.008877318352460861	0.05537079647183418
2cx_vs_reexplore	832	50	46	46	0	92.0	92.0	0.0088825523853302	-0.06431835889816284
2cx_vs_reexplore	169	50	49	49	0	98.0	98.0	0.008957232348620892	0.0295491311699152
2cx_vs_reexplore	766	50	45	45	0	90.0	90.0	0.008961438201367855	0.11231842637062073
2cx_vs_reexplore	626	50	40	40	0	80.0	80.0	0.009242197498679161	0.011795034632086754
2cx_vs_reexplore	880	50	47	47	0	94.0	94.0	0.009311235509812832	0.23591618239879608
2cx_vs_reexplore	29	50	48	48	0	96.0	96.0	0.009485956281423569	-0.08333761990070343
2cx_vs_reexplore	404	50	47	47	0	94.0	94.0	0.00952408742159605	0.07378945499658585
2cx_vs_reexplore	675	50	28	28	0	56.0	56.0	0.00952866394072771	-0.026034975424408913
2cx_vs_reexplore	322	50	47	47	0	94.0	94.0	0.009722183458507061	0.07178312540054321
2cx_vs_reexplore	83	50	49	49	0	98.0	98.0	0.009780819527804852	0.04821358621120453
2cx_vs_reexplore	705	50	29	29	0	58.0	58.0	0.009798122569918633	0.031994305551052094
2cx_vs_reexplore	339	50	49	49	0	98.0	98.0	0.00982980988919735	0.10760626941919327
2cx_vs_reexplore	84	50	49	49	0	98.0	98.0	0.009834077209234238	0.12435837835073471
2cx_vs_reexplore	221	50	45	45	0	90.0	90.0	0.010140979662537575	0.06658336520195007
2cx_vs_reexplore	340	50	48	48	0	96.0	96.0	0.010292879305779934	0.07508253306150436
2cx_vs_reexplore	407	50	46	46	0	92.0	92.0	0.01051727682352066	0.09950391948223114
2cx_vs_reexplore	904	50	33	33	0	66.0	66.0	0.01054798997938633	0.07707908004522324
2cx_vs_reexplore	451	50	43	43	0	86.0	86.0	0.010763871483504772	0.09103173017501831
2cx_vs_reexplore	332	50	49	49	0	98.0	98.0	0.010804722085595131	0.04029003158211708
2cx_vs_reexplore	850	50	43	43	0	86.0	86.0	0.010843307711184025	0.05750368908047676
2cx_vs_reexplore	120	50	37	37	0	74.0	74.0	0.010895073413848877	0.030101509764790535
2cx_vs_reexplore	328	50	47	47	0	94.0	94.0	0.01089570764452219	-0.07147810608148575
2cx_vs_reexplore	917	50	41	41	0	82.0	82.0	0.011120336130261421	-0.0483061708509922
2cx_vs_reexplore	834	50	32	32	0	64.0	64.0	0.011175607331097126	0.05858101695775986
2cx_vs_reexplore	915	50	48	48	0	96.0	96.0	0.011205482296645641	0.17900913953781128
2cx_vs_reexplore	888	50	41	41	0	82.0	82.0	0.011219981126487255	0.06313690543174744
2cx_vs_reexplore	65	50	42	42	0	84.0	84.0	0.011250670067965984	-0.05076906085014343
2cx_vs_reexplore	946	50	46	46	0	92.0	92.0	0.011370834894478321	0.041127949953079224
2cx_vs_reexplore	484	50	35	35	0	70.0	70.0	0.01141390297561884	0.08471068739891052
2cx_vs_reexplore	943	50	37	37	0	74.0	74.0	0.01151423342525959	0.08580849319696426
2cx_vs_reexplore	571	50	46	46	0	92.0	92.0	0.01184569951146841	0.13519658148288727
2cx_vs_reexplore	111	50	48	48	0	96.0	96.0	0.011850867420434952	0.13336002826690674
2cx_vs_reexplore	273	50	40	40	0	80.0	80.0	0.011944533325731754	0.15464451909065247
2cx_vs_reexplore	262	50	48	48	0	96.0	96.0	0.01208888366818428	0.10909367352724075
2cx_vs_reexplore	857	50	37	37	0	74.0	74.0	0.012189415283501148	0.10902875661849976
2cx_vs_reexplore	37	50	44	44	0	88.0	88.0	0.01245893444865942	0.12950167059898376
2cx_vs_reexplore	990	50	50	50	0	100.0	100.0	0.012547089718282223	0.12155985087156296
2cx_vs_reexplore	772	50	36	36	0	72.0	72.0	0.012583810836076736	0.017164096236228943
2cx_vs_reexplore	334	50	47	47	0	94.0	94.0	0.012705526314675808	0.21888747811317444
2cx_vs_reexplore	327	50	44	44	0	88.0	88.0	0.012916254810988903	0.033934086561203
2cx_vs_reexplore	204	50	34	34	0	68.0	68.0	0.012930188328027725	0.07682284712791443
2cx_vs_reexplore	545	50	44	44	0	88.0	88.0	0.012940452434122562	0.09123162180185318
2cx_vs_reexplore	812	50	48	48	0	96.0	96.0	0.012949474155902863	0.34855592250823975
2cx_vs_reexplore	763	50	46	46	0	92.0	92.0	0.013263827189803123	0.035711802542209625
2cx_vs_reexplore	896	50	42	42	0	84.0	84.0	0.01332276314496994	0.03231881186366081
2cx_vs_reexplore	168	50	44	44	0	88.0	88.0	0.013573813252151012	0.07684323191642761
2cx_vs_reexplore	853	50	47	47	0	94.0	94.0	0.013590429909527302	0.08527776598930359
2cx_vs_reexplore	945	50	46	46	0	92.0	92.0	0.013662291690707207	0.23915794491767883
2cx_vs_reexplore	891	50	41	41	0	82.0	82.0	0.01367045659571886	0.20585422217845917
2cx_vs_reexplore	215	50	49	49	0	98.0	98.0	0.013842442072927952	0.20355814695358276
2cx_vs_reexplore	637	50	42	42	0	84.0	84.0	0.014350715093314648	0.15906430780887604
2cx_vs_reexplore	247	50	47	47	0	94.0	94.0	0.01438406016677618	0.08186455816030502
2cx_vs_reexplore	895	50	42	42	0	84.0	84.0	0.014443010091781616	0.2012414187192917
2cx_vs_reexplore	815	50	35	35	0	70.0	70.0	0.014502665027976036	-0.007347364444285631
2cx_vs_reexplore	105	50	46	46	0	92.0	92.0	0.014647083356976509	0.15147541463375092
2cx_vs_reexplore	521	50	43	43	0	86.0	86.0	0.014715002849698067	0.056756287813186646
2cx_vs_reexplore	938	50	46	46	0	92.0	92.0	0.014832270331680775	0.1918388307094574
2cx_vs_reexplore	737	50	35	35	0	70.0	70.0	0.014897401444613934	-0.020822010934352875
2cx_vs_reexplore	514	50	39	39	0	78.0	78.0	0.014998448081314564	0.002966642379760742
2cx_vs_reexplore	678	50	37	37	0	74.0	74.0	0.015233755111694336	0.08993866294622421
2cx_vs_reexplore	405	50	39	39	0	78.0	78.0	0.01525912806391716	0.157650887966156
2cx_vs_reexplore	991	50	49	49	0	98.0	98.0	0.015272949822247028	-0.03844675049185753
2cx_vs_reexplore	747	50	36	36	0	72.0	72.0	0.015323307365179062	0.012401389889419079
2cx_vs_reexplore	185	50	35	35	0	70.0	70.0	0.0154745327308774	0.245785653591156
2cx_vs_reexplore	133	50	48	48	0	96.0	96.0	0.015589969232678413	0.030450668185949326
2cx_vs_reexplore	145	50	49	49	0	98.0	98.0	0.015743765980005264	0.1901347041130066
2cx_vs_reexplore	12	50	48	48	0	96.0	96.0	0.015836618840694427	0.05113980174064636
2cx_vs_reexplore	448	50	45	45	0	90.0	90.0	0.01583879441022873	0.17721600830554962
2cx_vs_reexplore	532	50	42	42	0	84.0	84.0	0.015996377915143967	0.23523098230361938
2cx_vs_reexplore	578	50	39	39	0	78.0	78.0	0.016035277396440506	0.020737648010253906
2cx_vs_reexplore	823	50	40	40	0	80.0	80.0	0.01610168069601059	0.10175985097885132
2cx_vs_reexplore	986	50	50	50	0	100.0	100.0	0.01618422567844391	0.10557477176189423
2cx_vs_reexplore	309	50	43	43	0	86.0	86.0	0.016284646466374397	0.12896311283111572
2cx_vs_reexplore	745	50	36	36	0	72.0	72.0	0.016341902315616608	0.09620074927806854
2cx_vs_reexplore	696	50	41	41	0	82.0	82.0	0.01637771539390087	-0.037113018333911896
2cx_vs_reexplore	417	50	46	46	0	92.0	92.0	0.01651838608086109	0.13753779232501984
2cx_vs_reexplore	354	50	46	46	0	92.0	92.0	0.01653207093477249	0.20572878420352936
2cx_vs_reexplore	752	50	41	41	0	82.0	82.0	0.01665395312011242	0.12634718418121338
2cx_vs_reexplore	867	50	44	44	0	88.0	88.0	0.01685420237481594	0.10807850956916809
2cx_vs_reexplore	548	50	46	46	0	92.0	92.0	0.0171358659863472	0.2188057154417038
2cx_vs_reexplore	15	50	49	49	0	98.0	98.0	0.017386283725500107	0.0747264102101326
2cx_vs_reexplore	319	50	43	43	0	86.0	86.0	0.017449315637350082	0.06310664117336273
2cx_vs_reexplore	992	50	43	43	0	86.0	86.0	0.017847726121544838	0.19964908063411713
2cx_vs_reexplore	872	50	39	39	0	78.0	78.0	0.017869122326374054	0.09950289130210876
2cx_vs_reexplore	910	50	40	40	0	80.0	80.0	0.0180661678314209	0.07399828732013702
2cx_vs_reexplore	365	50	46	46	0	92.0	92.0	0.018646683543920517	0.1533554643392563
2cx_vs_reexplore	898	50	33	33	0	66.0	66.0	0.01886017993092537	0.08771836012601852
2cx_vs_reexplore	345	50	32	32	0	64.0	64.0	0.019057469442486763	0.011858472600579262
2cx_vs_reexplore	410	50	45	45	0	90.0	90.0	0.019075507298111916	0.12289974838495255
2cx_vs_reexplore	57	50	46	46	0	92.0	92.0	0.01935664564371109	0.07263734936714172
2cx_vs_reexplore	703	50	39	39	0	78.0	78.0	0.019883111119270325	0.13681872189044952
2cx_vs_reexplore	861	50	37	37	0	74.0	74.0	0.020415417850017548	-0.18390823900699615
2cx_vs_reexplore	284	50	49	49	0	98.0	98.0	0.02089863456785679	0.28858304023742676
2cx_vs_reexplore	333	50	50	50	0	100.0	100.0	0.02099551633000374	0.37986624240875244
2cx_vs_reexplore	38	50	43	43	0	86.0	86.0	0.021054381504654884	0.14186666905879974
2cx_vs_reexplore	472	50	48	48	0	96.0	96.0	0.021143030375242233	0.1988610029220581
2cx_vs_reexplore	793	50	40	40	0	80.0	80.0	0.021169662475585938	0.3095352351665497
2cx_vs_reexplore	588	50	37	37	0	74.0	74.0	0.021572276949882507	0.03433074802160263
2cx_vs_reexplore	597	50	36	36	0	72.0	72.0	0.022708909586071968	0.11417248845100403
2cx_vs_reexplore	114	50	43	43	0	86.0	86.0	0.02293502725660801	0.15487344563007355
2cx_vs_reexplore	651	50	34	34	0	68.0	68.0	0.02301742136478424	0.043860215693712234
2cx_vs_reexplore	129	50	50	50	0	100.0	100.0	0.02347577176988125	0.18225593864917755
2cx_vs_reexplore	695	50	38	38	0	76.0	76.0	0.023580603301525116	0.160923570394516
2cx_vs_reexplore	613	50	47	47	0	94.0	94.0	0.0236931424587965	0.2564036250114441
2cx_vs_reexplore	712	50	39	39	0	78.0	78.0	0.02383650839328766	-0.0067108916118741035
2cx_vs_reexplore	93	50	49	49	0	98.0	98.0	0.023906374350190163	0.2763376533985138
2cx_vs_reexplore	843	50	44	44	0	88.0	88.0	0.024679947644472122	0.23388363420963287
2cx_vs_reexplore	301	50	48	48	0	96.0	96.0	0.025265123695135117	0.1999197006225586
2cx_vs_reexplore	86	50	43	43	0	86.0	86.0	0.02549644559621811	0.0640384778380394
2cx_vs_reexplore	317	50	45	45	0	90.0	90.0	0.025564903393387794	0.12451396137475967
2cx_vs_reexplore	364	50	50	50	0	100.0	100.0	0.025619711726903915	0.24957214295864105
2cx_vs_reexplore	106	50	40	40	0	80.0	80.0	0.026144975796341896	0.3180375397205353
2cx_vs_reexplore	430	50	50	50	0	100.0	100.0	0.02675156109035015	0.29992324113845825
2cx_vs_reexplore	207	50	42	42	0	84.0	84.0	0.026847844943404198	-0.10926905274391174
2cx_vs_reexplore	852	50	42	42	0	84.0	84.0	0.026894230395555496	0.12376878410577774
2cx_vs_reexplore	202	50	38	38	0	76.0	76.0	0.02734765037894249	0.06979060173034668
2cx_vs_reexplore	6	50	45	45	0	90.0	90.0	0.02755298651754856	0.15388163924217224
2cx_vs_reexplore	797	50	35	35	0	70.0	70.0	0.02761027030646801	0.2038111835718155
2cx_vs_reexplore	997	50	38	38	0	76.0	76.0	0.027701253071427345	0.10370601713657379
2cx_vs_reexplore	349	50	37	37	0	74.0	74.0	0.02812395803630352	0.03403334692120552
2cx_vs_reexplore	132	50	46	46	0	92.0	92.0	0.028266888111829758	0.08392533659934998
2cx_vs_reexplore	396	50	48	48	0	96.0	96.0	0.028431059792637825	0.13143466413021088
2cx_vs_reexplore	935	50	36	36	0	72.0	72.0	0.02924436517059803	0.16659961640834808
2cx_vs_reexplore	78	50	39	39	0	78.0	78.0	0.029986949637532234	0.33696937561035156
2cx_vs_reexplore	212	50	44	44	0	88.0	88.0	0.03229295834898949	0.14708371460437775
2cx_vs_reexplore	956	50	49	49	0	98.0	98.0	0.03503898158669472	0.3008558750152588
2cx_vs_reexplore	314	50	42	42	0	84.0	84.0	0.035124942660331726	0.458413302898407
2cx_vs_reexplore	580	50	45	45	0	90.0	90.0	0.03632625192403793	0.3781604468822479
2cx_vs_reexplore	415	50	24	24	0	48.0	48.0	0.03941293805837631	0.0004376792930997908
2cx_vs_reexplore	965	50	44	44	0	88.0	88.0	0.04074958339333534	0.28258875012397766
2cx_vs_reexplore	835	50	43	43	0	86.0	86.0	0.04181332886219025	0.3050856292247772
2cx_vs_reexplore	416	50	46	46	0	92.0	92.0	0.046069346368312836	0.40853431820869446
2cx_vs_reexplore	59	50	33	33	0	66.0	66.0	0.04960174486041069	0.09060454368591309
2cx_vs_reexplore	174	50	44	45	1	88.0	90.0	-0.028922798112034798	-0.195316880941391
2cx_vs_reexplore	841	50	19	20	1	38.0	40.0	-0.026407022029161453	-0.11057666689157486
2cx_vs_reexplore	912	50	38	39	1	76.0	78.0	-0.025228984653949738	-0.233083114027977
2cx_vs_reexplore	162	50	43	44	1	86.0	88.0	-0.022690171375870705	-0.07092711329460144
2cx_vs_reexplore	846	50	27	28	1	54.0	56.0	-0.02064422145485878	0.0029432487208396196
2cx_vs_reexplore	732	50	41	42	1	82.0	84.0	-0.01838812045753002	-0.13569769263267517
2cx_vs_reexplore	543	50	35	36	1	70.0	72.0	-0.018132109194993973	-0.2961040437221527
2cx_vs_reexplore	35	50	34	35	1	68.0	70.0	-0.016364261507987976	0.07976541668176651
2cx_vs_reexplore	996	50	44	45	1	88.0	90.0	-0.01601591147482395	-0.11291446536779404
2cx_vs_reexplore	582	50	33	34	1	66.0	68.0	-0.01589183509349823	0.11682242155075073
2cx_vs_reexplore	490	50	40	41	1	80.0	82.0	-0.015095979906618595	-0.05915116146206856
2cx_vs_reexplore	475	50	45	46	1	90.0	92.0	-0.014598318375647068	-0.08120594173669815
2cx_vs_reexplore	480	50	40	41	1	80.0	82.0	-0.014348515309393406	-0.09546790271997452
2cx_vs_reexplore	842	50	36	37	1	72.0	74.0	-0.014104366302490234	-0.10080188512802124
2cx_vs_reexplore	510	50	45	46	1	90.0	92.0	-0.01336611621081829	-0.08269990980625153
2cx_vs_reexplore	533	50	47	48	1	94.0	96.0	-0.012921336106956005	-0.14900317788124084
2cx_vs_reexplore	977	50	31	32	1	62.0	64.0	-0.012754478491842747	-0.21841172873973846
2cx_vs_reexplore	754	50	36	37	1	72.0	74.0	-0.012634051032364368	-0.010233917273581028
2cx_vs_reexplore	112	50	41	42	1	82.0	84.0	-0.012599574401974678	-0.2812877893447876
2cx_vs_reexplore	457	50	40	41	1	80.0	82.0	-0.012445948086678982	-0.03583630546927452
2cx_vs_reexplore	153	50	41	42	1	82.0	84.0	-0.012092807330191135	-0.21127842366695404
2cx_vs_reexplore	211	50	41	42	1	82.0	84.0	-0.012031899765133858	-0.026493845507502556
2cx_vs_reexplore	30	50	41	42	1	82.0	84.0	-0.011300062760710716	-0.15940603613853455
2cx_vs_reexplore	985	50	49	50	1	98.0	100.0	-0.010408950038254261	-0.21988025307655334
2cx_vs_reexplore	471	50	45	46	1	90.0	92.0	-0.009256843477487564	0.016862278804183006
2cx_vs_reexplore	306	50	45	46	1	90.0	92.0	-0.009100445546209812	-0.14137953519821167
2cx_vs_reexplore	46	50	23	24	1	46.0	48.0	-0.008546153083443642	0.15174949169158936
2cx_vs_reexplore	947	50	20	21	1	40.0	42.0	-0.008507209829986095	0.027862034738063812
2cx_vs_reexplore	569	50	47	48	1	94.0	96.0	-0.007848493754863739	-0.26938748359680176
2cx_vs_reexplore	761	50	41	42	1	82.0	84.0	-0.00777422497048974	-0.09307128936052322
2cx_vs_reexplore	527	50	34	35	1	68.0	70.0	-0.007748081814497709	0.02579416334629059
2cx_vs_reexplore	837	50	19	20	1	38.0	40.0	-0.006808610633015633	0.04784442111849785
2cx_vs_reexplore	56	50	45	46	1	90.0	92.0	-0.00603452930226922	-0.15504714846611023
2cx_vs_reexplore	157	50	47	48	1	94.0	96.0	-0.004921345505863428	-0.19629554450511932
2cx_vs_reexplore	779	50	47	48	1	94.0	96.0	-0.004313128534704447	0.1417468935251236
2cx_vs_reexplore	75	50	44	45	1	88.0	90.0	-0.0041976505890488625	-0.05427396669983864
2cx_vs_reexplore	667	50	30	31	1	60.0	62.0	-0.0038371956907212734	-0.054578084498643875
2cx_vs_reexplore	803	50	48	49	1	96.0	98.0	-0.003691522404551506	-0.039752036333084106
2cx_vs_reexplore	518	50	48	49	1	96.0	98.0	-0.0028765785973519087	-0.10696292668581009
2cx_vs_reexplore	630	50	44	45	1	88.0	90.0	-0.002585435751825571	-0.07747098058462143
2cx_vs_reexplore	855	50	37	38	1	74.0	76.0	-0.0025816718116402626	-0.0539432056248188
2cx_vs_reexplore	421	50	41	42	1	82.0	84.0	-0.0021922229789197445	-0.10339316725730896
2cx_vs_reexplore	210	50	45	46	1	90.0	92.0	-0.0021247349213808775	-0.004783268086612225
2cx_vs_reexplore	530	50	33	34	1	66.0	68.0	-0.001974808517843485	-0.06474258750677109
2cx_vs_reexplore	879	50	38	39	1	76.0	78.0	-0.001948666526004672	-0.09479221701622009
2cx_vs_reexplore	989	50	49	50	1	98.0	100.0	-0.001836802694015205	-0.03491326421499252
2cx_vs_reexplore	236	50	39	40	1	78.0	80.0	-0.0016968905692920089	0.012249822728335857
2cx_vs_reexplore	58	50	40	41	1	80.0	82.0	-0.0014725488144904375	0.12997105717658997
2cx_vs_reexplore	836	50	10	11	1	20.0	22.0	-0.0013842731714248657	-0.04021323099732399
2cx_vs_reexplore	840	50	44	45	1	88.0	90.0	-0.0012967842631042004	-0.11564452946186066
2cx_vs_reexplore	594	50	48	49	1	96.0	98.0	-0.0011249041417613626	-0.039492759853601456
2cx_vs_reexplore	517	50	41	42	1	82.0	84.0	-0.0009199199266731739	-0.10801474750041962
2cx_vs_reexplore	507	50	42	43	1	84.0	86.0	-0.0009030873188748956	0.05550006777048111
2cx_vs_reexplore	302	50	35	36	1	70.0	72.0	-0.0008708262466825545	-0.02105710096657276
2cx_vs_reexplore	511	50	42	43	1	84.0	86.0	-0.0005313479923643172	0.052573252469301224
2cx_vs_reexplore	974	50	48	49	1	96.0	98.0	4.904389425064437e-05	-0.052638694643974304
2cx_vs_reexplore	773	50	32	33	1	64.0	66.0	0.0003009194042533636	-0.0720677450299263
2cx_vs_reexplore	670	50	43	44	1	86.0	88.0	0.0004072836018167436	0.02776407264173031
2cx_vs_reexplore	807	50	39	40	1	78.0	80.0	0.0007034587906673551	0.12374408543109894
2cx_vs_reexplore	446	50	33	34	1	66.0	68.0	0.0011341945501044393	0.018240338191390038
2cx_vs_reexplore	136	50	49	50	1	98.0	100.0	0.0017862123204395175	0.07835975289344788
2cx_vs_reexplore	699	50	42	43	1	84.0	86.0	0.0017936943331733346	-0.1391012817621231
2cx_vs_reexplore	388	50	47	48	1	94.0	96.0	0.001841943827457726	0.18594706058502197
2cx_vs_reexplore	303	50	38	39	1	76.0	78.0	0.001859924173913896	-0.07081623375415802
2cx_vs_reexplore	489	50	38	39	1	76.0	78.0	0.00227075582370162	0.22719743847846985
2cx_vs_reexplore	389	50	43	44	1	86.0	88.0	0.002626284258440137	-0.015600118786096573
2cx_vs_reexplore	620	50	12	13	1	24.0	26.0	0.0026397521141916513	0.009981022216379642
2cx_vs_reexplore	285	50	34	35	1	68.0	70.0	0.002661420963704586	-0.17499591410160065
2cx_vs_reexplore	633	50	27	28	1	54.0	56.0	0.0027208272367715836	0.08521268516778946
2cx_vs_reexplore	969	50	23	24	1	46.0	48.0	0.0027674587909132242	0.047327958047389984
2cx_vs_reexplore	602	50	38	39	1	76.0	78.0	0.002908932976424694	0.0799705907702446
2cx_vs_reexplore	363	50	46	47	1	92.0	94.0	0.00311213918030262	-0.1492878496646881
2cx_vs_reexplore	485	50	30	31	1	60.0	62.0	0.003228464163839817	-0.13140374422073364
2cx_vs_reexplore	442	50	38	39	1	76.0	78.0	0.003336154855787754	-0.1242278665304184
2cx_vs_reexplore	68	50	16	17	1	32.0	34.0	0.0034277921076864004	-0.009523877874016762
2cx_vs_reexplore	403	50	43	44	1	86.0	88.0	0.0034591425210237503	0.06476132571697235
2cx_vs_reexplore	566	50	40	41	1	80.0	82.0	0.0035527017898857594	-0.07160063832998276
2cx_vs_reexplore	453	50	36	37	1	72.0	74.0	0.003603041870519519	-0.017276296392083168
2cx_vs_reexplore	24	50	48	49	1	96.0	98.0	0.003985186107456684	0.12137246131896973
2cx_vs_reexplore	318	50	43	44	1	86.0	88.0	0.00404846016317606	0.036753807216882706
2cx_vs_reexplore	279	50	48	49	1	96.0	98.0	0.004384839441627264	-0.08092507719993591
2cx_vs_reexplore	455	50	39	40	1	78.0	80.0	0.004416417330503464	0.10760733485221863
2cx_vs_reexplore	321	50	49	50	1	98.0	100.0	0.004561654757708311	0.054444216191768646
2cx_vs_reexplore	26	50	32	33	1	64.0	66.0	0.004574163816869259	-0.04511381313204765
2cx_vs_reexplore	552	50	45	46	1	90.0	92.0	0.0046000005677342415	-0.08085858076810837
2cx_vs_reexplore	258	50	49	50	1	98.0	100.0	0.004771887790411711	-0.11283224076032639
2cx_vs_reexplore	406	50	37	38	1	74.0	76.0	0.005129088182002306	-0.003321313764899969
2cx_vs_reexplore	355	50	46	47	1	92.0	94.0	0.00539272790774703	-0.05597603693604469
2cx_vs_reexplore	348	50	33	34	1	66.0	68.0	0.005616775713860989	-0.07772507518529892
2cx_vs_reexplore	601	50	36	37	1	72.0	74.0	0.005849803797900677	-0.07323885709047318
2cx_vs_reexplore	609	50	42	43	1	84.0	86.0	0.00602432806044817	0.02587738074362278
2cx_vs_reexplore	445	50	30	31	1	60.0	62.0	0.00604133028537035	-0.020840663462877274
2cx_vs_reexplore	508	50	41	42	1	82.0	84.0	0.00605263514444232	0.0627015084028244
2cx_vs_reexplore	266	50	30	31	1	60.0	62.0	0.00634586438536644	0.030517006292939186
2cx_vs_reexplore	156	50	47	48	1	94.0	96.0	0.006446573883295059	0.1880037486553192
2cx_vs_reexplore	816	50	47	48	1	94.0	96.0	0.006669013295322657	0.01815325766801834
2cx_vs_reexplore	782	50	11	12	1	22.0	24.0	0.006733046844601631	-0.06969933211803436
2cx_vs_reexplore	267	50	43	44	1	86.0	88.0	0.006943866144865751	0.1273755431175232
2cx_vs_reexplore	820	50	49	50	1	98.0	100.0	0.007045673672109842	0.06121383607387543
2cx_vs_reexplore	831	50	40	41	1	80.0	82.0	0.00741529231891036	0.12415065616369247
2cx_vs_reexplore	18	50	46	47	1	92.0	94.0	0.007561894133687019	0.19594547152519226
2cx_vs_reexplore	949	50	34	35	1	68.0	70.0	0.0077174948528409	0.08449377864599228
2cx_vs_reexplore	34	50	35	36	1	70.0	72.0	0.00787437241524458	-0.08611307293176651
2cx_vs_reexplore	561	50	45	46	1	90.0	92.0	0.007938610389828682	0.016334552317857742
2cx_vs_reexplore	790	50	35	36	1	70.0	72.0	0.008299975655972958	0.17282100021839142
2cx_vs_reexplore	635	50	34	35	1	68.0	70.0	0.008314203470945358	-0.10036339610815048
2cx_vs_reexplore	43	50	44	45	1	88.0	90.0	0.008342504501342773	0.20416271686553955
2cx_vs_reexplore	235	50	43	44	1	86.0	88.0	0.009157245978713036	0.07605228573083878
2cx_vs_reexplore	493	50	15	16	1	30.0	32.0	0.009157898835837841	0.06375191360712051
2cx_vs_reexplore	844	50	35	36	1	70.0	72.0	0.009387272410094738	0.012517528608441353
2cx_vs_reexplore	280	50	36	37	1	72.0	74.0	0.009428614750504494	0.0015760230598971248
2cx_vs_reexplore	643	50	35	36	1	70.0	72.0	0.009553123265504837	-0.030787624418735504
2cx_vs_reexplore	603	50	44	45	1	88.0	90.0	0.009757554158568382	-0.005823683924973011
2cx_vs_reexplore	682	50	42	43	1	84.0	86.0	0.009891513735055923	0.2816001772880554
2cx_vs_reexplore	868	50	36	37	1	72.0	74.0	0.010062851943075657	-0.15516865253448486
2cx_vs_reexplore	378	50	44	45	1	88.0	90.0	0.010151608847081661	0.07387004792690277
2cx_vs_reexplore	134	50	37	38	1	74.0	76.0	0.01015836838632822	-0.0770123079419136
2cx_vs_reexplore	292	50	48	49	1	96.0	98.0	0.010258994996547699	-0.06881798803806305
2cx_vs_reexplore	932	50	40	41	1	80.0	82.0	0.010322983376681805	-0.031649235635995865
2cx_vs_reexplore	226	50	29	30	1	58.0	60.0	0.010396079160273075	-0.07461254298686981
2cx_vs_reexplore	101	50	38	39	1	76.0	78.0	0.010414120741188526	0.03531242534518242
2cx_vs_reexplore	873	50	47	48	1	94.0	96.0	0.010616115294396877	0.1504230797290802
2cx_vs_reexplore	495	50	45	46	1	90.0	92.0	0.010968620888888836	-0.09707082062959671
2cx_vs_reexplore	993	50	49	50	1	98.0	100.0	0.0112682543694973	-0.0019852351397275925
2cx_vs_reexplore	942	50	38	39	1	76.0	78.0	0.011571818962693214	-0.040708981454372406
2cx_vs_reexplore	394	50	40	41	1	80.0	82.0	0.012125863693654537	0.0684841126203537
2cx_vs_reexplore	615	50	40	41	1	80.0	82.0	0.012142213992774487	-0.01465202309191227
2cx_vs_reexplore	919	50	40	41	1	80.0	82.0	0.012215972878038883	0.06329765170812607
2cx_vs_reexplore	51	50	47	48	1	94.0	96.0	0.012378061190247536	-0.00108477589674294
2cx_vs_reexplore	899	50	19	20	1	38.0	40.0	0.01260276511311531	0.10176987946033478
2cx_vs_reexplore	739	50	47	48	1	94.0	96.0	0.012724739499390125	0.07973360270261765
2cx_vs_reexplore	776	50	36	37	1	72.0	74.0	0.012992105446755886	0.01909911073744297
2cx_vs_reexplore	117	50	45	46	1	90.0	92.0	0.013107878156006336	-0.002479810733348131
2cx_vs_reexplore	353	50	34	35	1	68.0	70.0	0.013117806985974312	0.06577600538730621
2cx_vs_reexplore	612	50	46	47	1	92.0	94.0	0.013357696123421192	0.10319894552230835
2cx_vs_reexplore	911	50	21	22	1	42.0	44.0	0.013581165112555027	-0.05154739320278168
2cx_vs_reexplore	71	50	46	47	1	92.0	94.0	0.013618651777505875	-0.20335453748703003
2cx_vs_reexplore	338	50	44	45	1	88.0	90.0	0.01363500114530325	0.3531113862991333
2cx_vs_reexplore	224	50	38	39	1	76.0	78.0	0.013866854831576347	0.2866056263446808
2cx_vs_reexplore	420	50	49	50	1	98.0	100.0	0.014199238270521164	0.2978202700614929
2cx_vs_reexplore	90	50	49	50	1	98.0	100.0	0.014234956353902817	0.08360567688941956
2cx_vs_reexplore	738	50	41	42	1	82.0	84.0	0.014497775584459305	0.10381460189819336
2cx_vs_reexplore	951	50	40	41	1	80.0	82.0	0.0149368392303586	0.14745557308197021
2cx_vs_reexplore	436	50	34	35	1	68.0	70.0	0.01494472287595272	-0.04053705185651779
2cx_vs_reexplore	957	50	47	48	1	94.0	96.0	0.015149788931012154	0.29144492745399475
2cx_vs_reexplore	218	50	46	47	1	92.0	94.0	0.015555770136415958	0.11207067221403122
2cx_vs_reexplore	342	50	44	45	1	88.0	90.0	0.015571288764476776	0.05212388187646866
2cx_vs_reexplore	165	50	31	32	1	62.0	64.0	0.015722520649433136	-0.03377776965498924
2cx_vs_reexplore	863	50	47	48	1	94.0	96.0	0.01579328067600727	0.059004686772823334
2cx_vs_reexplore	547	50	43	44	1	86.0	88.0	0.015804825350642204	0.17305099964141846
2cx_vs_reexplore	450	50	47	48	1	94.0	96.0	0.016337862238287926	0.0105229951441288
2cx_vs_reexplore	677	50	34	35	1	68.0	70.0	0.016512686386704445	0.14538916945457458
2cx_vs_reexplore	933	50	47	48	1	94.0	96.0	0.016561297699809074	0.06047975644469261
2cx_vs_reexplore	188	50	43	44	1	86.0	88.0	0.01713203266263008	-0.11431662738323212
2cx_vs_reexplore	184	50	36	37	1	72.0	74.0	0.017212221398949623	0.17263071238994598
2cx_vs_reexplore	107	50	47	48	1	94.0	96.0	0.01729932241141796	-0.015428552404046059
2cx_vs_reexplore	200	50	34	35	1	68.0	70.0	0.01760115846991539	0.1740783154964447
2cx_vs_reexplore	847	50	38	39	1	76.0	78.0	0.01768040843307972	0.021017199382185936
2cx_vs_reexplore	193	50	27	28	1	54.0	56.0	0.018062559887766838	-0.1057078167796135
2cx_vs_reexplore	151	50	34	35	1	68.0	70.0	0.018518947064876556	0.13543114066123962
2cx_vs_reexplore	799	50	23	24	1	46.0	48.0	0.019229717552661896	-0.035641059279441833
2cx_vs_reexplore	819	50	39	40	1	78.0	80.0	0.01925208605825901	0.03695730119943619
2cx_vs_reexplore	516	50	27	28	1	54.0	56.0	0.01962514966726303	0.08764514327049255
2cx_vs_reexplore	384	50	47	48	1	94.0	96.0	0.019984818994998932	0.19779448211193085
2cx_vs_reexplore	767	50	33	34	1	66.0	68.0	0.020085327327251434	0.08912909775972366
2cx_vs_reexplore	390	50	35	36	1	70.0	72.0	0.020134232938289642	0.019863223657011986
2cx_vs_reexplore	336	50	47	48	1	94.0	96.0	0.020305532962083817	0.16170135140419006
2cx_vs_reexplore	433	50	41	42	1	82.0	84.0	0.020597899332642555	0.20319515466690063
2cx_vs_reexplore	347	50	46	47	1	92.0	94.0	0.0206342451274395	0.07030054181814194
2cx_vs_reexplore	663	50	31	32	1	62.0	64.0	0.020753536373376846	0.004007234703749418
2cx_vs_reexplore	998	50	25	26	1	50.0	52.0	0.020781880244612694	0.007190294098109007
2cx_vs_reexplore	222	50	37	38	1	74.0	76.0	0.02122245728969574	-0.05707301199436188
2cx_vs_reexplore	244	50	46	47	1	92.0	94.0	0.02122986875474453	0.13277119398117065
2cx_vs_reexplore	395	50	38	39	1	76.0	78.0	0.022294629365205765	0.1327390819787979
2cx_vs_reexplore	48	50	47	48	1	94.0	96.0	0.022878499701619148	0.05395010858774185
2cx_vs_reexplore	716	50	45	46	1	90.0	92.0	0.02297988347709179	0.12042286992073059
2cx_vs_reexplore	465	50	29	30	1	58.0	60.0	0.02313259430229664	0.06718967109918594
2cx_vs_reexplore	161	50	42	43	1	84.0	86.0	0.023291246965527534	0.17318616807460785
2cx_vs_reexplore	294	50	46	47	1	92.0	94.0	0.02342095412313938	0.17812757194042206
2cx_vs_reexplore	577	50	45	46	1	90.0	92.0	0.023739244788885117	0.01404526736587286
2cx_vs_reexplore	411	50	39	40	1	78.0	80.0	0.024867024272680283	0.057180892676115036
2cx_vs_reexplore	801	50	46	47	1	92.0	94.0	0.02520708553493023	0.09189800918102264
2cx_vs_reexplore	372	50	47	48	1	94.0	96.0	0.02558482252061367	0.2688804268836975
2cx_vs_reexplore	902	50	41	42	1	82.0	84.0	0.02570490539073944	0.24746716022491455
2cx_vs_reexplore	526	50	31	32	1	62.0	64.0	0.025804691016674042	0.040178269147872925
2cx_vs_reexplore	346	50	44	45	1	88.0	90.0	0.027318289503455162	0.1747814118862152
2cx_vs_reexplore	903	50	42	43	1	84.0	86.0	0.027505071833729744	0.33732226490974426
2cx_vs_reexplore	529	50	38	39	1	76.0	78.0	0.027948016300797462	0.19481182098388672
2cx_vs_reexplore	860	50	24	25	1	48.0	50.0	0.02813006564974785	0.16249722242355347
2cx_vs_reexplore	757	50	44	45	1	88.0	90.0	0.029215727001428604	0.07197976112365723
2cx_vs_reexplore	644	50	39	40	1	78.0	80.0	0.029962750151753426	0.12167266756296158
2cx_vs_reexplore	199	50	38	39	1	76.0	78.0	0.03022182174026966	0.3207305073738098
2cx_vs_reexplore	361	50	47	48	1	94.0	96.0	0.031048979610204697	0.16628824174404144
2cx_vs_reexplore	122	50	44	45	1	88.0	90.0	0.03262806311249733	0.30112168192863464
2cx_vs_reexplore	270	50	47	48	1	94.0	96.0	0.033580902963876724	0.12482679635286331
2cx_vs_reexplore	528	50	47	48	1	94.0	96.0	0.034160684794187546	0.151304230093956
2cx_vs_reexplore	858	50	41	42	1	82.0	84.0	0.03617817163467407	0.2074899822473526
2cx_vs_reexplore	39	50	44	45	1	88.0	90.0	0.03749755024909973	0.1125500425696373
2cx_vs_reexplore	467	50	41	42	1	82.0	84.0	0.041215330362319946	0.12402935326099396
2cx_vs_reexplore	758	50	41	42	1	82.0	84.0	0.04557756334543228	0.3520023226737976
2cx_vs_reexplore	190	50	44	45	1	88.0	90.0	0.05506598949432373	0.3761460781097412
2cx_vs_reexplore	412	50	37	39	2	74.0	78.0	-0.038567326962947845	-0.16447222232818604
2cx_vs_reexplore	249	50	39	41	2	78.0	82.0	-0.017714140936732292	-0.0981181412935257
2cx_vs_reexplore	177	50	44	46	2	88.0	92.0	-0.014677600935101509	-0.3106052279472351
2cx_vs_reexplore	205	50	38	40	2	76.0	80.0	-0.012970246374607086	-0.30715492367744446
2cx_vs_reexplore	290	50	39	41	2	78.0	82.0	-0.009815855883061886	-0.1579507440328598
2cx_vs_reexplore	62	50	28	30	2	56.0	60.0	-0.00874768104404211	-0.12876509130001068
2cx_vs_reexplore	730	50	39	41	2	78.0	82.0	-0.005309515632688999	-0.08999413251876831
2cx_vs_reexplore	459	50	30	32	2	60.0	64.0	-0.0020774335134774446	0.04629063606262207
2cx_vs_reexplore	848	50	19	21	2	38.0	42.0	-0.0020146502647548914	-0.08011991530656815
2cx_vs_reexplore	973	50	37	39	2	74.0	78.0	-0.0018305849516764283	-0.06936974823474884
2cx_vs_reexplore	191	50	43	45	2	86.0	90.0	-0.00037746308953501284	0.01585460640490055
2cx_vs_reexplore	246	50	40	42	2	80.0	84.0	0.00028325497987680137	0.031204519793391228
2cx_vs_reexplore	579	50	36	38	2	72.0	76.0	0.0010611265897750854	0.017743654549121857
2cx_vs_reexplore	351	50	45	47	2	90.0	94.0	0.0011449140729382634	-0.050349485129117966
2cx_vs_reexplore	862	50	38	40	2	76.0	80.0	0.0013260417617857456	0.020630255341529846
2cx_vs_reexplore	99	50	40	42	2	80.0	84.0	0.002405220875516534	0.1001066192984581
2cx_vs_reexplore	575	50	42	44	2	84.0	88.0	0.0029006837867200375	0.0885455310344696
2cx_vs_reexplore	397	50	45	47	2	90.0	94.0	0.0031058371532708406	-0.08783934265375137
2cx_vs_reexplore	375	50	45	47	2	90.0	94.0	0.004420642741024494	-0.03473147377371788
2cx_vs_reexplore	746	50	46	48	2	92.0	96.0	0.0047285365872085094	0.12159619480371475
2cx_vs_reexplore	234	50	45	47	2	90.0	94.0	0.005490825977176428	-0.05347144976258278
2cx_vs_reexplore	717	50	33	35	2	66.0	70.0	0.0059117889031767845	0.049170464277267456
2cx_vs_reexplore	331	50	44	46	2	88.0	92.0	0.00642688013613224	0.05092515051364899
2cx_vs_reexplore	531	50	27	29	2	54.0	58.0	0.008402316831052303	0.11468764394521713
2cx_vs_reexplore	482	50	14	16	2	28.0	32.0	0.008467166684567928	0.06878223270177841
2cx_vs_reexplore	242	50	40	42	2	80.0	84.0	0.008523453027009964	-0.0085567282512784
2cx_vs_reexplore	329	50	38	40	2	76.0	80.0	0.00871580746024847	0.2132091522216797
2cx_vs_reexplore	187	50	35	37	2	70.0	74.0	0.010081904008984566	0.008679972030222416
2cx_vs_reexplore	28	50	45	47	2	90.0	94.0	0.01041697058826685	0.057737790048122406
2cx_vs_reexplore	163	50	28	30	2	56.0	60.0	0.010538768023252487	-0.004268493503332138
2cx_vs_reexplore	225	50	47	49	2	94.0	98.0	0.011287692002952099	-0.1011936366558075
2cx_vs_reexplore	45	50	39	41	2	78.0	82.0	0.011327770538628101	0.10156220197677612
2cx_vs_reexplore	155	50	39	41	2	78.0	82.0	0.011358201503753662	-0.03574872016906738
2cx_vs_reexplore	206	50	46	48	2	92.0	96.0	0.01138006430119276	-0.05709419399499893
2cx_vs_reexplore	492	50	38	40	2	76.0	80.0	0.01198947336524725	0.020360127091407776
2cx_vs_reexplore	608	50	35	37	2	70.0	74.0	0.012401487678289413	0.07395535707473755
2cx_vs_reexplore	435	50	24	26	2	48.0	52.0	0.013568059541285038	0.023216981440782547
2cx_vs_reexplore	789	50	41	43	2	82.0	86.0	0.013614585623145103	0.08325791358947754
2cx_vs_reexplore	277	50	31	33	2	62.0	66.0	0.014720666222274303	0.10324202477931976
2cx_vs_reexplore	74	50	28	30	2	56.0	60.0	0.016281599178910255	0.10069040209054947
2cx_vs_reexplore	542	50	35	37	2	70.0	74.0	0.017297321930527687	0.13677503168582916
2cx_vs_reexplore	358	50	26	28	2	52.0	56.0	0.017530111595988274	-0.012682028114795685
2cx_vs_reexplore	192	50	41	43	2	82.0	86.0	0.017923856154084206	0.020173445343971252
2cx_vs_reexplore	885	50	13	15	2	26.0	30.0	0.018326956778764725	0.0826721265912056
2cx_vs_reexplore	698	50	37	39	2	74.0	78.0	0.019515860825777054	-0.018450699746608734
2cx_vs_reexplore	109	50	47	49	2	94.0	98.0	0.020111847668886185	0.12399690598249435
2cx_vs_reexplore	198	50	43	45	2	86.0	90.0	0.020827362313866615	0.11952471733093262
2cx_vs_reexplore	944	50	43	45	2	86.0	90.0	0.021441616117954254	0.04905717819929123
2cx_vs_reexplore	499	50	26	28	2	52.0	56.0	0.02171296626329422	-0.19604355096817017
2cx_vs_reexplore	21	50	41	43	2	82.0	86.0	0.022206159308552742	-0.02395116724073887
2cx_vs_reexplore	856	50	30	32	2	60.0	64.0	0.022281451150774956	-0.04737101495265961
2cx_vs_reexplore	981	50	41	43	2	82.0	86.0	0.022771386429667473	0.08682408928871155
2cx_vs_reexplore	179	50	35	37	2	70.0	74.0	0.02295791357755661	-0.10490918159484863
2cx_vs_reexplore	253	50	45	47	2	90.0	94.0	0.02349664643406868	0.1667695939540863
2cx_vs_reexplore	458	50	47	49	2	94.0	98.0	0.023656487464904785	0.27093955874443054
2cx_vs_reexplore	305	50	43	45	2	86.0	90.0	0.024102600291371346	0.11276105046272278
2cx_vs_reexplore	639	50	19	21	2	38.0	42.0	0.024656035006046295	0.05732910335063934
2cx_vs_reexplore	52	50	40	42	2	80.0	84.0	0.02465992607176304	0.12399342656135559
2cx_vs_reexplore	194	50	42	44	2	84.0	88.0	0.025322148576378822	0.06673002243041992
2cx_vs_reexplore	469	50	32	34	2	64.0	68.0	0.02569529041647911	0.08297866582870483
2cx_vs_reexplore	470	50	33	35	2	66.0	70.0	0.02782553620636463	0.10995541512966156
2cx_vs_reexplore	822	50	47	49	2	94.0	98.0	0.028867710381746292	0.12550492584705353
2cx_vs_reexplore	715	50	38	40	2	76.0	80.0	0.030688565224409103	0.27482566237449646
2cx_vs_reexplore	733	50	25	27	2	50.0	54.0	0.030971158295869827	0.13038231432437897
2cx_vs_reexplore	239	50	48	50	2	96.0	100.0	0.03102146089076996	0.12109003216028214
2cx_vs_reexplore	914	50	37	39	2	74.0	78.0	0.031157920137047768	0.07445532828569412
2cx_vs_reexplore	147	50	47	49	2	94.0	98.0	0.031525250524282455	0.2748866677284241
2cx_vs_reexplore	283	50	45	47	2	90.0	94.0	0.03269810229539871	0.15044552087783813
2cx_vs_reexplore	921	50	32	34	2	64.0	68.0	0.03316868469119072	0.10016520321369171
2cx_vs_reexplore	647	50	42	44	2	84.0	88.0	0.0337420217692852	0.10966719686985016
2cx_vs_reexplore	960	50	32	34	2	64.0	68.0	0.03382344916462898	0.03263677656650543
2cx_vs_reexplore	66	50	26	28	2	52.0	56.0	0.033886104822158813	-0.018095606938004494
2cx_vs_reexplore	913	50	46	48	2	92.0	96.0	0.034270282834768295	0.3349033296108246
2cx_vs_reexplore	260	50	45	47	2	90.0	94.0	0.03623892739415169	0.2843362092971802
2cx_vs_reexplore	462	50	35	37	2	70.0	74.0	0.03673883527517319	0.08187727630138397
2cx_vs_reexplore	116	50	44	46	2	88.0	92.0	0.037961412221193314	0.30749860405921936
2cx_vs_reexplore	344	50	48	50	2	96.0	100.0	0.03875677287578583	0.1360928863286972
2cx_vs_reexplore	869	50	33	35	2	66.0	70.0	0.039444781839847565	0.32038310170173645
2cx_vs_reexplore	33	50	42	44	2	84.0	88.0	0.05106370896100998	0.272617906332016
2cx_vs_reexplore	833	50	39	42	3	78.0	84.0	-0.013951637782156467	-0.1830849051475525
2cx_vs_reexplore	32	50	23	26	3	46.0	52.0	-0.003825283609330654	-0.0017431831220164895
2cx_vs_reexplore	999	50	23	26	3	46.0	52.0	0.00011704027565428987	0.0864083468914032
2cx_vs_reexplore	656	50	25	28	3	50.0	56.0	0.002980190562084317	-0.016193026676774025
2cx_vs_reexplore	870	50	44	47	3	88.0	94.0	0.0049792747013270855	0.03961329534649849
2cx_vs_reexplore	728	50	28	31	3	56.0	62.0	0.008710968308150768	-0.08342897146940231
2cx_vs_reexplore	423	50	34	37	3	68.0	74.0	0.010033631697297096	-0.0025405501946806908
2cx_vs_reexplore	907	50	24	27	3	48.0	54.0	0.01159473042935133	-0.07435627281665802
2cx_vs_reexplore	707	50	41	44	3	82.0	88.0	0.012108965776860714	-0.049631308764219284
2cx_vs_reexplore	245	50	43	46	3	86.0	92.0	0.01267626415938139	0.014545602723956108
2cx_vs_reexplore	440	50	39	42	3	78.0	84.0	0.013552847318351269	-0.07643835991621017
2cx_vs_reexplore	777	50	41	44	3	82.0	88.0	0.013704092241823673	0.05765581130981445
2cx_vs_reexplore	623	50	16	19	3	32.0	38.0	0.014116940088570118	-0.013281993567943573
2cx_vs_reexplore	928	50	35	38	3	70.0	76.0	0.014356350526213646	0.10994911938905716
2cx_vs_reexplore	962	50	37	40	3	74.0	80.0	0.0151541568338871	0.036388665437698364
2cx_vs_reexplore	452	50	38	41	3	76.0	82.0	0.015316478908061981	0.037257518619298935
2cx_vs_reexplore	619	50	30	33	3	60.0	66.0	0.015431135892868042	0.10001752525568008
2cx_vs_reexplore	894	50	37	40	3	74.0	80.0	0.015674564987421036	0.13977044820785522
2cx_vs_reexplore	374	50	36	39	3	72.0	78.0	0.015726130455732346	0.07892199605703354
2cx_vs_reexplore	231	50	17	20	3	34.0	40.0	0.01581806130707264	-0.0005880260723643005
2cx_vs_reexplore	784	50	22	25	3	44.0	50.0	0.018664656206965446	0.18260008096694946
2cx_vs_reexplore	311	50	33	36	3	66.0	72.0	0.020359909161925316	0.07408315688371658
2cx_vs_reexplore	175	50	31	34	3	62.0	68.0	0.021093009039759636	0.040631409734487534
2cx_vs_reexplore	503	50	28	31	3	56.0	62.0	0.021664945408701897	-0.09933385252952576
2cx_vs_reexplore	240	50	17	20	3	34.0	40.0	0.022010182961821556	0.05600501969456673
2cx_vs_reexplore	636	50	28	31	3	56.0	62.0	0.02294587530195713	0.045257654041051865
2cx_vs_reexplore	551	50	42	45	3	84.0	90.0	0.02476518601179123	0.12967346608638763
2cx_vs_reexplore	424	50	33	36	3	66.0	72.0	0.025526275858283043	0.10234400629997253
2cx_vs_reexplore	501	50	16	19	3	32.0	38.0	0.02561867982149124	0.22563335299491882
2cx_vs_reexplore	538	50	37	40	3	74.0	80.0	0.02573021687567234	0.19668416678905487
2cx_vs_reexplore	443	50	36	39	3	72.0	78.0	0.0293866153806448	0.12380071729421616
2cx_vs_reexplore	125	50	45	48	3	90.0	96.0	0.0314578153192997	0.11789523810148239
2cx_vs_reexplore	77	50	32	35	3	64.0	70.0	0.03153805434703827	0.16713756322860718
2cx_vs_reexplore	674	50	44	47	3	88.0	94.0	0.03384200483560562	0.09051584452390671
2cx_vs_reexplore	2	50	41	44	3	82.0	88.0	0.034896183758974075	0.20468296110630035
2cx_vs_reexplore	724	50	42	45	3	84.0	90.0	0.035061199218034744	0.20257513225078583
2cx_vs_reexplore	49	50	36	39	3	72.0	78.0	0.043761614710092545	0.18814077973365784
2cx_vs_reexplore	676	50	35	38	3	70.0	76.0	0.04679464176297188	0.2609277665615082
2cx_vs_reexplore	830	50	35	38	3	70.0	76.0	0.052379269152879715	0.23735900223255157
2cx_vs_reexplore	972	50	31	34	3	62.0	68.0	0.05324988812208176	0.07847318798303604
2cx_vs_reexplore	689	50	16	19	3	32.0	38.0	0.05460427328944206	-0.04633985459804535
2cx_vs_reexplore	555	50	43	46	3	86.0	92.0	0.0578138642013073	0.25406891107559204
2cx_vs_reexplore	418	50	32	36	4	64.0	72.0	-0.012392665259540081	-0.09705287218093872
2cx_vs_reexplore	818	50	18	22	4	36.0	44.0	-0.003601459786295891	0.05333590507507324
2cx_vs_reexplore	380	50	30	34	4	60.0	68.0	-0.0019294059602543712	-0.0776003748178482
2cx_vs_reexplore	876	50	16	20	4	32.0	40.0	0.0006530223763547838	0.006725006271153688
2cx_vs_reexplore	256	50	43	47	4	86.0	94.0	0.0038478875067085028	-0.03012065961956978
2cx_vs_reexplore	341	50	28	32	4	56.0	64.0	0.008389046415686607	-0.09910722821950912
2cx_vs_reexplore	735	50	30	34	4	60.0	68.0	0.012379215098917484	0.0034053612034767866
2cx_vs_reexplore	197	50	38	42	4	76.0	84.0	0.0199594646692276	0.15542417764663696
2cx_vs_reexplore	491	50	46	50	4	92.0	100.0	0.024840664118528366	0.003129062708467245
2cx_vs_reexplore	524	50	25	29	4	50.0	58.0	0.02737327851355076	0.03725992143154144
2cx_vs_reexplore	759	50	38	42	4	76.0	84.0	0.030081341043114662	0.2411271333694458
2cx_vs_reexplore	64	50	30	34	4	60.0	68.0	0.038859471678733826	0.14988625049591064
2cx_vs_reexplore	893	50	33	37	4	66.0	74.0	0.04339858889579773	0.06347139179706573
2cx_vs_reexplore	740	50	22	26	4	44.0	52.0	0.04392540827393532	0.08016528189182281
2cx_vs_reexplore	126	50	36	40	4	72.0	80.0	0.04594431072473526	0.33720457553863525
2cx_vs_reexplore	413	50	30	34	4	60.0	68.0	0.047396883368492126	0.06987742334604263
2cx_vs_reexplore	618	50	21	25	4	42.0	50.0	0.04905850067734718	0.06982206553220749
2cx_vs_reexplore	596	50	35	39	4	70.0	78.0	0.060815777629613876	0.25644463300704956
2cx_vs_reexplore	657	50	15	20	5	30.0	40.0	0.0185727346688509	-0.0528748519718647
2cx_vs_reexplore	250	50	35	41	6	70.0	82.0	0.01975882053375244	0.028827715665102005
2cx_vs_reexplore	513	50	34	40	6	68.0	80.0	0.02945702150464058	0.056977711617946625
2cx_vs_reexplore	539	50	33	39	6	66.0	78.0	0.03707578033208847	0.23737432062625885
2cx_vs_reexplore	170	50	32	38	6	64.0	76.0	0.06037857383489609	0.12118921428918839
2cx_vs_anchorunmoved	587	50	37	30	-7	74.0	60.0	-0.0495368055999279	-0.1925211399793625
2cx_vs_anchorunmoved	248	50	27	21	-6	54.0	42.0	-0.04009537771344185	0.041535310447216034
2cx_vs_anchorunmoved	610	50	46	41	-5	92.0	82.0	-0.03746393695473671	-0.22394448518753052
2cx_vs_anchorunmoved	764	50	29	24	-5	58.0	48.0	-0.018895840272307396	-0.07810019701719284
2cx_vs_anchorunmoved	447	50	36	32	-4	72.0	64.0	-0.04091033339500427	-0.08155316114425659
2cx_vs_anchorunmoved	261	50	48	44	-4	96.0	88.0	-0.03759883716702461	-0.11816869676113129
2cx_vs_anchorunmoved	655	50	44	40	-4	88.0	80.0	-0.022345401346683502	-0.04849779233336449
2cx_vs_anchorunmoved	809	50	35	31	-4	70.0	62.0	-0.01648668199777603	-0.04423960670828819
2cx_vs_anchorunmoved	793	50	44	40	-4	88.0	80.0	-0.009219178929924965	0.1398646980524063
2cx_vs_anchorunmoved	304	50	36	32	-4	72.0	64.0	-0.008776677772402763	-0.04581116512417793
2cx_vs_anchorunmoved	978	50	25	21	-4	50.0	42.0	0.007555866148322821	0.08431391417980194
2cx_vs_anchorunmoved	878	50	44	41	-3	88.0	82.0	-0.03535565361380577	-0.24976220726966858
2cx_vs_anchorunmoved	252	50	44	41	-3	88.0	82.0	-0.03225396201014519	-0.21506494283676147
2cx_vs_anchorunmoved	505	50	36	33	-3	72.0	66.0	-0.0320676788687706	-0.19098396599292755
2cx_vs_anchorunmoved	923	50	28	25	-3	56.0	50.0	-0.03034033812582493	-0.16858702898025513
2cx_vs_anchorunmoved	785	50	48	45	-3	96.0	90.0	-0.02995649166405201	-0.1917542815208435
2cx_vs_anchorunmoved	568	50	44	41	-3	88.0	82.0	-0.025624318048357964	-0.07888416200876236
2cx_vs_anchorunmoved	386	50	35	32	-3	70.0	64.0	-0.021065888926386833	-0.1653890609741211
2cx_vs_anchorunmoved	787	50	36	33	-3	72.0	66.0	-0.019553547725081444	-0.027125339955091476
2cx_vs_anchorunmoved	593	50	43	40	-3	86.0	80.0	-0.017213985323905945	-0.09862545877695084
2cx_vs_anchorunmoved	889	50	38	35	-3	76.0	70.0	-0.017043065279722214	-0.0016243266873061657
2cx_vs_anchorunmoved	710	50	38	35	-3	76.0	70.0	-0.01697249710559845	-0.19339872896671295
2cx_vs_anchorunmoved	924	50	46	43	-3	92.0	86.0	-0.01468969788402319	0.1501065194606781
2cx_vs_anchorunmoved	671	50	42	39	-3	84.0	78.0	-0.014615044929087162	-0.07586115598678589
2cx_vs_anchorunmoved	813	50	24	21	-3	48.0	42.0	-0.012699050828814507	-0.020755795761942863
2cx_vs_anchorunmoved	627	50	43	40	-3	86.0	80.0	-0.012624548748135567	-0.10521576553583145
2cx_vs_anchorunmoved	692	50	32	29	-3	64.0	58.0	-0.010777914896607399	-0.06022801250219345
2cx_vs_anchorunmoved	441	50	42	39	-3	84.0	78.0	-0.010000496171414852	-0.12481611222028732
2cx_vs_anchorunmoved	541	50	31	28	-3	62.0	56.0	-0.009420526213943958	0.09984798729419708
2cx_vs_anchorunmoved	456	50	46	43	-3	92.0	86.0	-0.008975568227469921	-0.012564439326524734
2cx_vs_anchorunmoved	905	50	35	32	-3	70.0	64.0	-0.00803642999380827	-0.07601377367973328
2cx_vs_anchorunmoved	124	50	38	35	-3	76.0	70.0	-0.007649204693734646	0.014193887822329998
2cx_vs_anchorunmoved	449	50	48	45	-3	96.0	90.0	-0.007241630926728249	-0.004867658484727144
2cx_vs_anchorunmoved	584	50	29	26	-3	58.0	52.0	-0.00699317641556263	0.004412460140883923
2cx_vs_anchorunmoved	892	50	36	33	-3	72.0	66.0	-0.006745071616023779	-0.029968690127134323
2cx_vs_anchorunmoved	481	50	33	30	-3	66.0	60.0	-0.006533443462103605	0.04434732347726822
2cx_vs_anchorunmoved	954	50	46	43	-3	92.0	86.0	-0.0053932759910821915	0.09249294549226761
2cx_vs_anchorunmoved	232	50	44	41	-3	88.0	82.0	-0.00418801000341773	-0.029314184561371803
2cx_vs_anchorunmoved	917	50	44	41	-3	88.0	82.0	-0.0030929804779589176	-0.08517950028181076
2cx_vs_anchorunmoved	770	50	42	39	-3	84.0	78.0	-0.002420347649604082	0.142858624458313
2cx_vs_anchorunmoved	367	50	46	43	-3	92.0	86.0	-0.001345654483884573	0.2117786407470703
2cx_vs_anchorunmoved	79	50	44	41	-3	88.0	82.0	0.0001835358125390485	-0.012738742865622044
2cx_vs_anchorunmoved	718	50	33	30	-3	66.0	60.0	0.0007475331658497453	-0.01692339964210987
2cx_vs_anchorunmoved	119	50	40	37	-3	80.0	74.0	0.006271755788475275	-0.09401851892471313
2cx_vs_anchorunmoved	775	50	36	33	-3	72.0	66.0	0.0102756442502141	0.0871250182390213
2cx_vs_anchorunmoved	939	50	42	40	-2	84.0	80.0	-0.061432134360075	-0.27745795249938965
2cx_vs_anchorunmoved	406	50	40	38	-2	80.0	76.0	-0.041317328810691833	-0.25582826137542725
2cx_vs_anchorunmoved	750	50	35	33	-2	70.0	66.0	-0.03881584480404854	-0.10767538100481033
2cx_vs_anchorunmoved	543	50	38	36	-2	76.0	72.0	-0.036172911524772644	-0.13572341203689575
2cx_vs_anchorunmoved	1	50	49	47	-2	98.0	94.0	-0.03468817099928856	-0.2561781406402588
2cx_vs_anchorunmoved	930	50	35	33	-2	70.0	66.0	-0.03331135958433151	-0.15756261348724365
2cx_vs_anchorunmoved	598	50	37	35	-2	74.0	70.0	-0.031217480078339577	-0.13191966712474823
2cx_vs_anchorunmoved	485	50	33	31	-2	66.0	62.0	-0.030739884823560715	-0.15866069495677948
2cx_vs_anchorunmoved	360	50	43	41	-2	86.0	82.0	-0.029936356469988823	-0.07435078918933868
2cx_vs_anchorunmoved	265	50	40	38	-2	80.0	76.0	-0.02976912260055542	-0.15933141112327576
2cx_vs_anchorunmoved	929	50	43	41	-2	86.0	82.0	-0.027257274836301804	-0.02621208131313324
2cx_vs_anchorunmoved	821	50	47	45	-2	94.0	90.0	-0.026897286996245384	-0.15149101614952087
2cx_vs_anchorunmoved	492	50	42	40	-2	84.0	80.0	-0.02570091001689434	-0.04666418954730034
2cx_vs_anchorunmoved	401	50	46	44	-2	92.0	88.0	-0.02424130029976368	-0.18229466676712036
2cx_vs_anchorunmoved	461	50	26	24	-2	52.0	48.0	-0.023989209905266762	0.004314622841775417
2cx_vs_anchorunmoved	322	50	49	47	-2	98.0	94.0	-0.02242373861372471	-0.10723039507865906
2cx_vs_anchorunmoved	359	50	39	37	-2	78.0	74.0	-0.022345170378684998	-0.10998140275478363
2cx_vs_anchorunmoved	502	50	37	35	-2	74.0	70.0	-0.021006502211093903	-0.03287526220083237
2cx_vs_anchorunmoved	75	50	47	45	-2	94.0	90.0	-0.020753802731633186	0.0023514938075095415
2cx_vs_anchorunmoved	864	50	38	36	-2	76.0	72.0	-0.01981722190976143	-0.003248682012781501
2cx_vs_anchorunmoved	463	50	31	29	-2	62.0	58.0	-0.01947704888880253	-0.15282215178012848
2cx_vs_anchorunmoved	104	50	44	42	-2	88.0	84.0	-0.01885278895497322	-0.0724656954407692
2cx_vs_anchorunmoved	637	50	44	42	-2	88.0	84.0	-0.01828153058886528	-0.02610689215362072
2cx_vs_anchorunmoved	673	50	23	21	-2	46.0	42.0	-0.017906302586197853	-0.15601499378681183
2cx_vs_anchorunmoved	755	50	47	45	-2	94.0	90.0	-0.016992472112178802	-0.17587639391422272
2cx_vs_anchorunmoved	931	50	35	33	-2	70.0	66.0	-0.016249248757958412	-0.12747454643249512
2cx_vs_anchorunmoved	558	50	24	22	-2	48.0	44.0	-0.01612229086458683	-0.08650720864534378
2cx_vs_anchorunmoved	630	50	47	45	-2	94.0	90.0	-0.01574786566197872	-0.02573690377175808
2cx_vs_anchorunmoved	99	50	44	42	-2	88.0	84.0	-0.014531899243593216	-0.1186516210436821
2cx_vs_anchorunmoved	893	50	39	37	-2	78.0	74.0	-0.014328568242490292	-0.10052415728569031
2cx_vs_anchorunmoved	186	50	39	37	-2	78.0	74.0	-0.013322564773261547	-0.14514416456222534
2cx_vs_anchorunmoved	721	50	45	43	-2	90.0	86.0	-0.011578998528420925	-0.09942719340324402
2cx_vs_anchorunmoved	154	50	43	41	-2	86.0	82.0	-0.011040860787034035	-0.046142272651195526
2cx_vs_anchorunmoved	898	50	35	33	-2	70.0	66.0	-0.009869364090263844	-0.016225166618824005
2cx_vs_anchorunmoved	494	50	39	37	-2	78.0	74.0	-0.009560558013617992	-0.030583476647734642
2cx_vs_anchorunmoved	665	50	40	38	-2	80.0	76.0	-0.009355216287076473	-0.07878612726926804
2cx_vs_anchorunmoved	681	50	15	13	-2	30.0	26.0	-0.00898719858378172	-0.058905962854623795
2cx_vs_anchorunmoved	327	50	46	44	-2	92.0	88.0	-0.008944220840930939	-0.12217088043689728
2cx_vs_anchorunmoved	667	50	33	31	-2	66.0	62.0	-0.008630693890154362	0.03827826678752899
2cx_vs_anchorunmoved	815	50	37	35	-2	74.0	70.0	-0.008559771813452244	-0.05839948728680611
2cx_vs_anchorunmoved	514	50	41	39	-2	82.0	78.0	-0.00833529606461525	0.033619195222854614
2cx_vs_anchorunmoved	592	50	45	43	-2	90.0	86.0	-0.008262970484793186	0.099852055311203
2cx_vs_anchorunmoved	348	50	36	34	-2	72.0	68.0	-0.008193441666662693	-0.049243975430727005
2cx_vs_anchorunmoved	240	50	22	20	-2	44.0	40.0	-0.00811982061713934	0.02764110639691353
2cx_vs_anchorunmoved	131	50	44	42	-2	88.0	84.0	-0.00792266707867384	0.01389295607805252
2cx_vs_anchorunmoved	585	50	26	24	-2	52.0	48.0	-0.007479161489754915	-0.012624540366232395
2cx_vs_anchorunmoved	394	50	43	41	-2	86.0	82.0	-0.006769721396267414	-0.07409372925758362
2cx_vs_anchorunmoved	882	50	41	39	-2	82.0	78.0	-0.005945156328380108	0.04070328548550606
2cx_vs_anchorunmoved	515	50	35	33	-2	70.0	66.0	-0.004843458998948336	0.0643727034330368
2cx_vs_anchorunmoved	287	50	39	37	-2	78.0	74.0	-0.004779929295182228	-0.010445489548146725
2cx_vs_anchorunmoved	55	50	35	33	-2	70.0	66.0	-0.004664993844926357	-0.05978536605834961
2cx_vs_anchorunmoved	67	50	44	42	-2	88.0	84.0	-0.0035454791504889727	-0.2539016604423523
2cx_vs_anchorunmoved	474	50	41	39	-2	82.0	78.0	-0.0035408891271799803	-0.0007393264677375555
2cx_vs_anchorunmoved	219	50	44	42	-2	88.0	84.0	-0.0034304261207580566	0.09689676016569138
2cx_vs_anchorunmoved	966	50	34	32	-2	68.0	64.0	-0.0024352725595235825	-0.03863629326224327
2cx_vs_anchorunmoved	23	50	50	48	-2	100.0	96.0	-0.00100637914147228	0.1094873696565628
2cx_vs_anchorunmoved	264	50	33	31	-2	66.0	62.0	-0.0009415021631866693	-0.11922314763069153
2cx_vs_anchorunmoved	187	50	39	37	-2	78.0	74.0	-0.0004114222538191825	0.006307735573500395
2cx_vs_anchorunmoved	975	50	32	30	-2	64.0	60.0	0.000595505814999342	-0.06182281672954559
2cx_vs_anchorunmoved	272	50	31	29	-2	62.0	58.0	0.0011072811903432012	0.011531811207532883
2cx_vs_anchorunmoved	278	50	38	36	-2	76.0	72.0	0.0013658207608386874	0.09382042288780212
2cx_vs_anchorunmoved	926	50	44	42	-2	88.0	84.0	0.0014245325000956655	0.05964375659823418
2cx_vs_anchorunmoved	280	50	39	37	-2	78.0	74.0	0.002483831252902746	-0.003352365456521511
2cx_vs_anchorunmoved	881	50	42	40	-2	84.0	80.0	0.004237511660903692	0.06246748939156532
2cx_vs_anchorunmoved	393	50	48	46	-2	96.0	92.0	0.004363523330539465	0.04570196196436882
2cx_vs_anchorunmoved	297	50	39	37	-2	78.0	74.0	0.00468759099021554	0.11394170671701431
2cx_vs_anchorunmoved	349	50	39	37	-2	78.0	74.0	0.006540875416249037	0.01032253261655569
2cx_vs_anchorunmoved	70	50	46	44	-2	92.0	88.0	0.006656065117567778	-0.019979028031229973
2cx_vs_anchorunmoved	536	50	31	29	-2	62.0	58.0	0.007358757313340902	0.05020413547754288
2cx_vs_anchorunmoved	867	50	46	44	-2	92.0	88.0	0.00830982718616724	0.009787416085600853
2cx_vs_anchorunmoved	53	50	45	43	-2	90.0	86.0	0.010838556103408337	0.10900374501943588
2cx_vs_anchorunmoved	7	50	39	37	-2	78.0	74.0	0.012454581446945667	-0.04148884862661362
2cx_vs_anchorunmoved	827	50	39	37	-2	78.0	74.0	0.01506648026406765	0.08770540356636047
2cx_vs_anchorunmoved	200	50	37	35	-2	74.0	70.0	0.01969577744603157	0.24130718410015106
2cx_vs_anchorunmoved	676	50	40	38	-2	80.0	76.0	0.03059711493551731	0.33844318985939026
2cx_vs_anchorunmoved	979	50	42	41	-1	84.0	82.0	-0.04274769872426987	-0.3008575141429901
2cx_vs_anchorunmoved	177	50	47	46	-1	94.0	92.0	-0.0390823595225811	-0.38864123821258545
2cx_vs_anchorunmoved	205	50	41	40	-1	82.0	80.0	-0.03710773587226868	-0.23071491718292236
2cx_vs_anchorunmoved	563	50	45	44	-1	90.0	88.0	-0.036116670817136765	-0.1283041089773178
2cx_vs_anchorunmoved	794	50	38	37	-1	76.0	74.0	-0.03507840260863304	-0.1284594088792801
2cx_vs_anchorunmoved	837	50	21	20	-1	42.0	40.0	-0.033887531608343124	0.00841505080461502
2cx_vs_anchorunmoved	622	50	32	31	-1	64.0	62.0	-0.033643074333667755	-0.075006864964962
2cx_vs_anchorunmoved	626	50	41	40	-1	82.0	80.0	-0.033231452107429504	-0.14931784570217133
2cx_vs_anchorunmoved	473	50	40	39	-1	80.0	78.0	-0.03261352702975273	-0.1322271227836609
2cx_vs_anchorunmoved	509	50	28	27	-1	56.0	54.0	-0.0313502699136734	-0.036680154502391815
2cx_vs_anchorunmoved	381	50	24	23	-1	48.0	46.0	-0.031006906181573868	-0.1726866513490677
2cx_vs_anchorunmoved	549	50	29	28	-1	58.0	56.0	-0.029841654002666473	-0.2922317385673523
2cx_vs_anchorunmoved	871	50	41	40	-1	82.0	80.0	-0.02919791266322136	-0.21075117588043213
2cx_vs_anchorunmoved	174	50	46	45	-1	92.0	90.0	-0.028978507965803146	-0.17008942365646362
2cx_vs_anchorunmoved	897	50	46	45	-1	92.0	90.0	-0.027721023187041283	-0.2949522137641907
2cx_vs_anchorunmoved	579	50	39	38	-1	78.0	76.0	-0.026621326804161072	-0.16706237196922302
2cx_vs_anchorunmoved	920	50	42	41	-1	84.0	82.0	-0.025690333917737007	-0.13243316113948822
2cx_vs_anchorunmoved	373	50	40	39	-1	80.0	78.0	-0.02512519806623459	-0.12649275362491608
2cx_vs_anchorunmoved	209	50	48	47	-1	96.0	94.0	-0.024859266355633736	-0.26224255561828613
2cx_vs_anchorunmoved	108	50	34	33	-1	68.0	66.0	-0.02429712750017643	-0.21896152198314667
2cx_vs_anchorunmoved	742	50	28	27	-1	56.0	54.0	-0.024150913581252098	-0.10919134318828583
2cx_vs_anchorunmoved	887	50	35	34	-1	70.0	68.0	-0.02351243980228901	-0.06669694185256958
2cx_vs_anchorunmoved	434	50	32	31	-1	64.0	62.0	-0.0231916643679142	-0.14467088878154755
2cx_vs_anchorunmoved	468	50	35	34	-1	70.0	68.0	-0.022273896262049675	-0.05372919887304306
2cx_vs_anchorunmoved	670	50	45	44	-1	90.0	88.0	-0.02220967225730419	-0.05822920799255371
2cx_vs_anchorunmoved	886	50	48	47	-1	96.0	94.0	-0.020950788632035255	-0.11111974716186523
2cx_vs_anchorunmoved	652	50	39	38	-1	78.0	76.0	-0.020282670855522156	-0.12353678047657013
2cx_vs_anchorunmoved	399	50	44	43	-1	88.0	86.0	-0.020277567207813263	-0.17865148186683655
2cx_vs_anchorunmoved	46	50	25	24	-1	50.0	48.0	-0.019533563405275345	0.06778988987207413
2cx_vs_anchorunmoved	738	50	43	42	-1	86.0	84.0	-0.01929965801537037	-0.15557484328746796
2cx_vs_anchorunmoved	553	50	43	42	-1	86.0	84.0	-0.018970603123307228	-0.16567589342594147
2cx_vs_anchorunmoved	444	50	44	43	-1	88.0	86.0	-0.01870029792189598	-0.23422890901565552
2cx_vs_anchorunmoved	203	50	48	47	-1	96.0	94.0	-0.01779976673424244	-0.16476674377918243
2cx_vs_anchorunmoved	747	50	37	36	-1	74.0	72.0	-0.017679132521152496	-0.13413457572460175
2cx_vs_anchorunmoved	196	50	37	36	-1	74.0	72.0	-0.017650682479143143	-0.11120819300413132
2cx_vs_anchorunmoved	383	50	34	33	-1	68.0	66.0	-0.017408814281225204	0.039610568434000015
2cx_vs_anchorunmoved	817	50	33	32	-1	66.0	64.0	-0.017380964010953903	0.14216242730617523
2cx_vs_anchorunmoved	295	50	45	44	-1	90.0	88.0	-0.017197301611304283	-0.08709415793418884
2cx_vs_anchorunmoved	698	50	40	39	-1	80.0	78.0	-0.017187291756272316	-0.07568543404340744
2cx_vs_anchorunmoved	795	50	42	41	-1	84.0	82.0	-0.016980793327093124	-0.13598184287548065
2cx_vs_anchorunmoved	82	50	44	43	-1	88.0	86.0	-0.01682394929230213	-0.09014984220266342
2cx_vs_anchorunmoved	552	50	47	46	-1	94.0	92.0	-0.016748594120144844	-0.19706036150455475
2cx_vs_anchorunmoved	976	50	30	29	-1	60.0	58.0	-0.015550212003290653	-0.029116658493876457
2cx_vs_anchorunmoved	35	50	36	35	-1	72.0	70.0	-0.015292243100702763	-0.048172444105148315
2cx_vs_anchorunmoved	935	50	37	36	-1	74.0	72.0	-0.015004153363406658	0.08539040386676788
2cx_vs_anchorunmoved	983	50	44	43	-1	88.0	86.0	-0.014758198522031307	-0.15800413489341736
2cx_vs_anchorunmoved	58	50	42	41	-1	84.0	82.0	-0.01464412733912468	-0.011099395342171192
2cx_vs_anchorunmoved	749	50	45	44	-1	90.0	88.0	-0.014619130641222	-0.16136448085308075
2cx_vs_anchorunmoved	776	50	38	37	-1	76.0	74.0	-0.014617676846683025	-0.06069253757596016
2cx_vs_anchorunmoved	765	50	40	39	-1	80.0	78.0	-0.014597817324101925	-0.07804795354604721
2cx_vs_anchorunmoved	700	50	39	38	-1	78.0	76.0	-0.014433452859520912	-0.10744597762823105
2cx_vs_anchorunmoved	299	50	47	46	-1	94.0	92.0	-0.014099698513746262	-0.08332575857639313
2cx_vs_anchorunmoved	366	50	39	38	-1	78.0	76.0	-0.01403825543820858	-0.1132635772228241
2cx_vs_anchorunmoved	318	50	45	44	-1	90.0	88.0	-0.014025556854903698	-0.10205555707216263
2cx_vs_anchorunmoved	847	50	40	39	-1	80.0	78.0	-0.013857608661055565	0.0365201011300087
2cx_vs_anchorunmoved	619	50	34	33	-1	68.0	66.0	-0.012920515611767769	0.058503407984972
2cx_vs_anchorunmoved	202	50	39	38	-1	78.0	76.0	-0.012176616117358208	-0.15656892955303192
2cx_vs_anchorunmoved	329	50	41	40	-1	82.0	80.0	-0.012174227274954319	0.07497464120388031
2cx_vs_anchorunmoved	152	50	42	41	-1	84.0	82.0	-0.012137698009610176	-0.18968448042869568
2cx_vs_anchorunmoved	595	50	44	43	-1	88.0	86.0	-0.012027761898934841	-0.06754060089588165
2cx_vs_anchorunmoved	181	50	45	44	-1	90.0	88.0	-0.011995800770819187	-0.09405073523521423
2cx_vs_anchorunmoved	361	50	49	48	-1	98.0	96.0	-0.01197367999702692	-0.16541364789009094
2cx_vs_anchorunmoved	409	50	32	31	-1	64.0	62.0	-0.011872424744069576	-0.030624188482761383
2cx_vs_anchorunmoved	540	50	45	44	-1	90.0	88.0	-0.011824431829154491	-0.07283016294240952
2cx_vs_anchorunmoved	631	50	34	33	-1	68.0	66.0	-0.011318409815430641	-0.08414841443300247
2cx_vs_anchorunmoved	875	50	42	41	-1	84.0	82.0	-0.010651872493326664	0.0517471581697464
2cx_vs_anchorunmoved	760	50	41	40	-1	82.0	80.0	-0.010621141642332077	-0.02042553946375847
2cx_vs_anchorunmoved	73	50	28	27	-1	56.0	54.0	-0.010413658805191517	0.03554529324173927
2cx_vs_anchorunmoved	646	50	46	45	-1	92.0	90.0	-0.010411348193883896	-0.057223912328481674
2cx_vs_anchorunmoved	773	50	34	33	-1	68.0	66.0	-0.010183556005358696	-0.009914016351103783
2cx_vs_anchorunmoved	922	50	44	43	-1	88.0	86.0	-0.010123228654265404	0.03341377153992653
2cx_vs_anchorunmoved	693	50	41	40	-1	82.0	80.0	-0.010080057196319103	-0.006075267679989338
2cx_vs_anchorunmoved	500	50	46	45	-1	92.0	90.0	-0.009419846348464489	-0.10775699466466904
2cx_vs_anchorunmoved	281	50	38	37	-1	76.0	74.0	-0.009177688509225845	0.05847182124853134
2cx_vs_anchorunmoved	941	50	42	41	-1	84.0	82.0	-0.009158148430287838	0.005129375495016575
2cx_vs_anchorunmoved	608	50	38	37	-1	76.0	74.0	-0.008859998546540737	-0.03460188955068588
2cx_vs_anchorunmoved	874	50	50	49	-1	100.0	98.0	-0.008779644966125488	-0.21109001338481903
2cx_vs_anchorunmoved	312	50	34	33	-1	68.0	66.0	-0.007603681180626154	-0.030708741396665573
2cx_vs_anchorunmoved	519	50	32	31	-1	64.0	62.0	-0.007565455045551062	-0.17076946794986725
2cx_vs_anchorunmoved	146	50	49	48	-1	98.0	96.0	-0.007433321326971054	-0.09494632482528687
2cx_vs_anchorunmoved	204	50	35	34	-1	70.0	68.0	-0.00721749709919095	-0.07384051382541656
2cx_vs_anchorunmoved	110	50	45	44	-1	90.0	88.0	-0.006241064053028822	0.15375714004039764
2cx_vs_anchorunmoved	330	50	41	40	-1	82.0	80.0	-0.006158694624900818	0.037685804069042206
2cx_vs_anchorunmoved	161	50	44	43	-1	88.0	86.0	-0.005825513042509556	-0.05979131534695625
2cx_vs_anchorunmoved	467	50	43	42	-1	86.0	84.0	-0.005761234555393457	-0.037694379687309265
2cx_vs_anchorunmoved	417	50	47	46	-1	94.0	92.0	-0.005390923470258713	-0.041571930050849915
2cx_vs_anchorunmoved	850	50	44	43	-1	88.0	86.0	-0.005279413424432278	0.03011035919189453
2cx_vs_anchorunmoved	744	50	17	16	-1	34.0	32.0	-0.005066520068794489	0.08791209012269974
2cx_vs_anchorunmoved	31	50	46	45	-1	92.0	90.0	-0.0050003849901258945	-0.0910361111164093
2cx_vs_anchorunmoved	498	50	33	32	-1	66.0	64.0	-0.00490746833384037	-0.07942552864551544
2cx_vs_anchorunmoved	16	50	45	44	-1	90.0	88.0	-0.004861964378505945	-0.0804588794708252
2cx_vs_anchorunmoved	141	50	47	46	-1	94.0	92.0	-0.004855750594288111	-0.00962927844375372
2cx_vs_anchorunmoved	904	50	34	33	-1	68.0	66.0	-0.004700294230133295	-0.0008548736805096269
2cx_vs_anchorunmoved	725	50	27	26	-1	54.0	52.0	-0.004663837142288685	-0.05228282883763313
2cx_vs_anchorunmoved	169	50	50	49	-1	100.0	98.0	-0.004586878232657909	-0.004184741992503405
2cx_vs_anchorunmoved	332	50	50	49	-1	100.0	98.0	-0.0044228690676391125	-0.07294062525033951
2cx_vs_anchorunmoved	628	50	47	46	-1	94.0	92.0	-0.004130961839109659	-0.12187133729457855
2cx_vs_anchorunmoved	3	50	40	39	-1	80.0	78.0	-0.003761962754651904	-0.02003604918718338
2cx_vs_anchorunmoved	63	50	44	43	-1	88.0	86.0	-0.00362993311136961	-0.18628783524036407
2cx_vs_anchorunmoved	909	50	31	30	-1	62.0	60.0	-0.003505738452076912	-0.1563219130039215
2cx_vs_anchorunmoved	609	50	44	43	-1	88.0	86.0	-0.003373547689989209	0.08814235031604767
2cx_vs_anchorunmoved	271	50	32	31	-1	64.0	62.0	-0.00336083653382957	0.01241365447640419
2cx_vs_anchorunmoved	5	50	44	43	-1	88.0	86.0	-0.0033341029193252325	0.010765419341623783
2cx_vs_anchorunmoved	603	50	46	45	-1	92.0	90.0	-0.0032968895975500345	0.04270119592547417
2cx_vs_anchorunmoved	839	50	36	35	-1	72.0	70.0	-0.0030675847083330154	-0.018948735669255257
2cx_vs_anchorunmoved	537	50	47	46	-1	94.0	92.0	-0.0029837130568921566	0.03763536363840103
2cx_vs_anchorunmoved	12	50	49	48	-1	98.0	96.0	-0.00290273898281157	-0.14083434641361237
2cx_vs_anchorunmoved	133	50	49	48	-1	98.0	96.0	-0.0027131414972245693	-0.10873740911483765
2cx_vs_anchorunmoved	556	50	34	33	-1	68.0	66.0	-0.002413532929494977	-0.06381392478942871
2cx_vs_anchorunmoved	346	50	46	45	-1	92.0	90.0	-0.002394747920334339	-0.05924910679459572
2cx_vs_anchorunmoved	582	50	35	34	-1	70.0	68.0	-0.0023654932156205177	0.1590707004070282
2cx_vs_anchorunmoved	217	50	47	46	-1	94.0	92.0	-0.002121154684573412	0.006874837912619114
2cx_vs_anchorunmoved	437	50	38	37	-1	76.0	74.0	-0.002035943791270256	0.06861792504787445
2cx_vs_anchorunmoved	11	50	49	48	-1	98.0	96.0	-0.0019434314453974366	-0.06902743130922318
2cx_vs_anchorunmoved	325	50	49	48	-1	98.0	96.0	-0.0016740048304200172	-0.027495326474308968
2cx_vs_anchorunmoved	91	50	47	46	-1	94.0	92.0	-0.001336573390290141	0.02795279584825039
2cx_vs_anchorunmoved	792	50	35	34	-1	70.0	68.0	-0.0011641461169347167	0.021970024332404137
2cx_vs_anchorunmoved	17	50	47	46	-1	94.0	92.0	-0.0010746908374130726	0.08469861000776291
2cx_vs_anchorunmoved	713	50	47	46	-1	94.0	92.0	-0.0010465173982083797	0.14340326189994812
2cx_vs_anchorunmoved	243	50	43	42	-1	86.0	84.0	-0.0009088856168091297	-0.16248512268066406
2cx_vs_anchorunmoved	737	50	36	35	-1	72.0	70.0	-0.0005304581136442721	-0.07023486495018005
2cx_vs_anchorunmoved	178	50	49	48	-1	98.0	96.0	-0.0004746846971102059	-0.0018435001838952303
2cx_vs_anchorunmoved	395	50	40	39	-1	80.0	78.0	-0.00024440884590148926	0.06962414085865021
2cx_vs_anchorunmoved	554	50	50	49	-1	100.0	98.0	-4.26751357736066e-05	0.04368596151471138
2cx_vs_anchorunmoved	356	50	24	23	-1	48.0	46.0	0.0002923047577496618	-0.008221893571317196
2cx_vs_anchorunmoved	429	50	42	41	-1	84.0	82.0	0.0005723583744838834	-0.024043388664722443
2cx_vs_anchorunmoved	686	50	40	39	-1	80.0	78.0	0.0008921223925426602	-0.01975645124912262
2cx_vs_anchorunmoved	709	50	42	41	-1	84.0	82.0	0.0015491268131881952	0.008400487713515759
2cx_vs_anchorunmoved	804	50	34	33	-1	68.0	66.0	0.001602324889972806	0.021545706316828728
2cx_vs_anchorunmoved	896	50	43	42	-1	86.0	84.0	0.0018392286729067564	-0.033454589545726776
2cx_vs_anchorunmoved	451	50	44	43	-1	88.0	86.0	0.0021280411165207624	0.06496161222457886
2cx_vs_anchorunmoved	149	50	45	44	-1	90.0	88.0	0.002552194055169821	0.2429608553647995
2cx_vs_anchorunmoved	903	50	44	43	-1	88.0	86.0	0.002843528985977173	0.1249803826212883
2cx_vs_anchorunmoved	499	50	29	28	-1	58.0	56.0	0.0028754412196576595	-0.17528069019317627
2cx_vs_anchorunmoved	167	50	18	17	-1	36.0	34.0	0.0029706372879445553	0.1156165823340416
2cx_vs_anchorunmoved	362	50	45	44	-1	90.0	88.0	0.00332848122343421	0.08038906008005142
2cx_vs_anchorunmoved	660	50	36	35	-1	72.0	70.0	0.003416862105950713	0.07945095002651215
2cx_vs_anchorunmoved	908	50	33	32	-1	66.0	64.0	0.0036281580105423927	0.1840783655643463
2cx_vs_anchorunmoved	47	50	42	41	-1	84.0	82.0	0.00421002134680748	0.18766483664512634
2cx_vs_anchorunmoved	546	50	40	39	-1	80.0	78.0	0.004261932335793972	-0.02973838895559311
2cx_vs_anchorunmoved	796	50	39	38	-1	78.0	76.0	0.00436568446457386	0.08451719582080841
2cx_vs_anchorunmoved	705	50	30	29	-1	60.0	58.0	0.004428177140653133	0.04871917888522148
2cx_vs_anchorunmoved	305	50	46	45	-1	92.0	90.0	0.006237659603357315	0.05310661345720291
2cx_vs_anchorunmoved	350	50	48	47	-1	96.0	94.0	0.006689456757158041	0.1329813152551651
2cx_vs_anchorunmoved	353	50	36	35	-1	72.0	70.0	0.006711849011480808	0.17530477046966553
2cx_vs_anchorunmoved	506	50	37	36	-1	74.0	72.0	0.00680729141458869	0.0728721171617508
2cx_vs_anchorunmoved	933	50	49	48	-1	98.0	96.0	0.006919134873896837	0.03552272915840149
2cx_vs_anchorunmoved	415	50	25	24	-1	50.0	48.0	0.0071614026091992855	-0.1289350539445877
2cx_vs_anchorunmoved	952	50	46	45	-1	92.0	90.0	0.007228562608361244	0.12235468626022339
2cx_vs_anchorunmoved	611	50	48	47	-1	96.0	94.0	0.007386526092886925	0.16402773559093475
2cx_vs_anchorunmoved	857	50	38	37	-1	76.0	74.0	0.007390878163278103	0.11639316380023956
2cx_vs_anchorunmoved	865	50	35	34	-1	70.0	68.0	0.007450716570019722	0.07620306313037872
2cx_vs_anchorunmoved	801	50	48	47	-1	96.0	94.0	0.007890946231782436	-0.07750795036554337
2cx_vs_anchorunmoved	956	50	50	49	-1	100.0	98.0	0.008079973049461842	0.019900808110833168
2cx_vs_anchorunmoved	591	50	42	41	-1	84.0	82.0	0.00828235037624836	0.11468134075403214
2cx_vs_anchorunmoved	567	50	26	25	-1	52.0	50.0	0.008305855095386505	-0.01623890921473503
2cx_vs_anchorunmoved	497	50	36	35	-1	72.0	70.0	0.008553368039429188	0.006753778550773859
2cx_vs_anchorunmoved	282	50	10	9	-1	20.0	18.0	0.008632129989564419	0.09919851273298264
2cx_vs_anchorunmoved	277	50	34	33	-1	68.0	66.0	0.008798204362392426	0.05507306009531021
2cx_vs_anchorunmoved	722	50	44	43	-1	88.0	86.0	0.008983400650322437	0.08411625772714615
2cx_vs_anchorunmoved	479	50	24	23	-1	48.0	46.0	0.009477091953158379	0.27037885785102844
2cx_vs_anchorunmoved	791	50	40	39	-1	80.0	78.0	0.009785878472030163	-0.00882717128843069
2cx_vs_anchorunmoved	307	50	43	42	-1	86.0	84.0	0.01033311989158392	0.05474528297781944
2cx_vs_anchorunmoved	433	50	43	42	-1	86.0	84.0	0.01065968070179224	0.17225764691829681
2cx_vs_anchorunmoved	88	50	49	48	-1	98.0	96.0	0.0110263517126441	0.22935955226421356
2cx_vs_anchorunmoved	808	50	37	36	-1	74.0	72.0	0.01221439242362976	-0.04324894770979881
2cx_vs_anchorunmoved	42	50	43	42	-1	86.0	84.0	0.01263766922056675	0.0852109044790268
2cx_vs_anchorunmoved	529	50	40	39	-1	80.0	78.0	0.01280408538877964	0.02509465254843235
2cx_vs_anchorunmoved	945	50	47	46	-1	94.0	92.0	0.01304728351533413	0.16561618447303772
2cx_vs_anchorunmoved	717	50	36	35	-1	72.0	70.0	0.013201434165239334	0.22035136818885803
2cx_vs_anchorunmoved	263	50	48	47	-1	96.0	94.0	0.013473882339894772	0.11739259958267212
2cx_vs_anchorunmoved	354	50	47	46	-1	94.0	92.0	0.015078111551702023	0.3181453049182892
2cx_vs_anchorunmoved	114	50	44	43	-1	88.0	86.0	0.015611102804541588	0.005927915684878826
2cx_vs_anchorunmoved	128	50	45	44	-1	90.0	88.0	0.01590648479759693	0.17247655987739563
2cx_vs_anchorunmoved	797	50	36	35	-1	72.0	70.0	0.01643696241080761	0.12262489646673203
2cx_vs_anchorunmoved	711	50	40	39	-1	80.0	78.0	0.016534199938178062	0.2131756842136383
2cx_vs_anchorunmoved	472	50	49	48	-1	98.0	96.0	0.016883043572306633	0.11231351643800735
2cx_vs_anchorunmoved	605	50	44	43	-1	88.0	86.0	0.01701940968632698	0.1403455287218094
2cx_vs_anchorunmoved	734	50	44	43	-1	88.0	86.0	0.01725558005273342	0.032355278730392456
2cx_vs_anchorunmoved	971	50	45	44	-1	90.0	88.0	0.019569627940654755	0.17744402587413788
2cx_vs_anchorunmoved	345	50	33	32	-1	66.0	64.0	0.020148660987615585	0.10439491271972656
2cx_vs_anchorunmoved	142	50	45	44	-1	90.0	88.0	0.02153151109814644	0.23708513379096985
2cx_vs_anchorunmoved	861	50	38	37	-1	76.0	74.0	0.021975941956043243	0.02092224545776844
2cx_vs_anchorunmoved	571	50	47	46	-1	94.0	92.0	0.022020535543560982	0.13216212391853333
2cx_vs_anchorunmoved	61	50	43	42	-1	86.0	84.0	0.022410914301872253	0.12888166308403015
2cx_vs_anchorunmoved	38	50	44	43	-1	88.0	86.0	0.026538457721471786	0.13190506398677826
2cx_vs_anchorunmoved	416	50	47	46	-1	94.0	92.0	0.03134040907025337	0.36415985226631165
2cx_vs_anchorunmoved	207	50	43	42	-1	86.0	84.0	0.032397955656051636	-0.0910198986530304
2cx_vs_anchorunmoved	59	50	34	33	-1	68.0	66.0	0.03423848748207092	0.09603272378444672
2cx_vs_anchorunmoved	972	50	35	34	-1	70.0	68.0	0.03467836603522301	0.22320449352264404
2cx_vs_anchorunmoved	741	50	37	36	-1	74.0	72.0	0.04936031252145767	0.31105998158454895
2cx_vs_anchorunmoved	706	50	31	31	0	62.0	62.0	-0.040874358266592026	-0.3462396562099457
2cx_vs_anchorunmoved	50	50	46	46	0	92.0	92.0	-0.03444201871752739	-0.4460839033126831
2cx_vs_anchorunmoved	419	50	43	43	0	86.0	86.0	-0.028642963618040085	-0.23580032587051392
2cx_vs_anchorunmoved	164	50	47	47	0	94.0	94.0	-0.028474170714616776	-0.21813127398490906
2cx_vs_anchorunmoved	634	50	41	41	0	82.0	82.0	-0.027671832591295242	-0.29910942912101746
2cx_vs_anchorunmoved	649	50	46	46	0	92.0	92.0	-0.027635786682367325	-0.2645544707775116
2cx_vs_anchorunmoved	783	50	49	49	0	98.0	98.0	-0.02762269787490368	-0.13883844017982483
2cx_vs_anchorunmoved	788	50	46	46	0	92.0	92.0	-0.027477335184812546	-0.2016824334859848
2cx_vs_anchorunmoved	162	50	44	44	0	88.0	88.0	-0.02684844471514225	-0.2112199366092682
2cx_vs_anchorunmoved	259	50	48	48	0	96.0	96.0	-0.025000538676977158	-0.30911785364151
2cx_vs_anchorunmoved	233	50	41	41	0	82.0	82.0	-0.024049708619713783	-0.25541946291923523
2cx_vs_anchorunmoved	932	50	41	41	0	82.0	82.0	-0.023785702884197235	-0.07787337899208069
2cx_vs_anchorunmoved	475	50	46	46	0	92.0	92.0	-0.023237958550453186	-0.03843403980135918
2cx_vs_anchorunmoved	237	50	42	42	0	84.0	84.0	-0.023103702813386917	-0.3353244662284851
2cx_vs_anchorunmoved	668	50	48	48	0	96.0	96.0	-0.022869473323225975	-0.19488239288330078
2cx_vs_anchorunmoved	732	50	42	42	0	84.0	84.0	-0.022081272676587105	0.006504650227725506
2cx_vs_anchorunmoved	974	50	49	49	0	98.0	98.0	-0.02201257273554802	-0.3146573007106781
2cx_vs_anchorunmoved	4	50	44	44	0	88.0	88.0	-0.0219589751213789	-0.2555423974990845
2cx_vs_anchorunmoved	525	50	41	41	0	82.0	82.0	-0.021340593695640564	-0.015278282575309277
2cx_vs_anchorunmoved	616	50	45	45	0	90.0	90.0	-0.021229537203907967	-0.21467813849449158
2cx_vs_anchorunmoved	756	50	39	39	0	78.0	78.0	-0.02113705687224865	-0.2407355159521103
2cx_vs_anchorunmoved	950	50	40	40	0	80.0	80.0	-0.02063252031803131	-0.07400789111852646
2cx_vs_anchorunmoved	846	50	28	28	0	56.0	56.0	-0.020602302625775337	-0.10174313187599182
2cx_vs_anchorunmoved	290	50	41	41	0	82.0	82.0	-0.020233599469065666	-0.3093336820602417
2cx_vs_anchorunmoved	41	50	47	47	0	94.0	94.0	-0.019624508917331696	-0.019543886184692383
2cx_vs_anchorunmoved	293	50	48	48	0	96.0	96.0	-0.01955750770866871	-0.13358713686466217
2cx_vs_anchorunmoved	581	50	41	41	0	82.0	82.0	-0.019190657883882523	-0.13364574313163757
2cx_vs_anchorunmoved	214	50	44	44	0	88.0	88.0	-0.018833721056580544	-0.1524920016527176
2cx_vs_anchorunmoved	781	50	44	44	0	88.0	88.0	-0.018447324633598328	-0.05531350150704384
2cx_vs_anchorunmoved	666	50	42	42	0	84.0	84.0	-0.018126219511032104	-0.16486094892024994
2cx_vs_anchorunmoved	685	50	49	49	0	98.0	98.0	-0.0179752167314291	-0.27459707856178284
2cx_vs_anchorunmoved	996	50	45	45	0	90.0	90.0	-0.017873072996735573	-0.12095696479082108
2cx_vs_anchorunmoved	729	50	32	32	0	64.0	64.0	-0.017586126923561096	-0.03360278904438019
2cx_vs_anchorunmoved	377	50	41	41	0	82.0	82.0	-0.017456797882914543	-0.05476154386997223
2cx_vs_anchorunmoved	641	50	45	45	0	90.0	90.0	-0.017204292118549347	-0.2119554877281189
2cx_vs_anchorunmoved	440	50	42	42	0	84.0	84.0	-0.017060626298189163	-0.21891850233078003
2cx_vs_anchorunmoved	81	50	46	46	0	92.0	92.0	-0.016658687964081764	-0.09999755024909973
2cx_vs_anchorunmoved	56	50	46	46	0	92.0	92.0	-0.016419872641563416	-0.279746413230896
2cx_vs_anchorunmoved	960	50	34	34	0	68.0	68.0	-0.01625894010066986	-0.07538960129022598
2cx_vs_anchorunmoved	69	50	49	49	0	98.0	98.0	-0.015682218596339226	-0.2198372334241867
2cx_vs_anchorunmoved	410	50	45	45	0	90.0	90.0	-0.015654539689421654	-0.1737220734357834
2cx_vs_anchorunmoved	275	50	50	50	0	100.0	100.0	-0.015467800199985504	-0.12828171253204346
2cx_vs_anchorunmoved	688	50	47	47	0	94.0	94.0	-0.015165151096880436	0.0001921558432513848
2cx_vs_anchorunmoved	720	50	42	42	0	84.0	84.0	-0.015143041498959064	-0.22915701568126678
2cx_vs_anchorunmoved	371	50	34	34	0	68.0	68.0	-0.014873390085995197	-0.08378887176513672
2cx_vs_anchorunmoved	370	50	44	44	0	88.0	88.0	-0.014735367149114609	-0.10874828696250916
2cx_vs_anchorunmoved	432	50	43	43	0	86.0	86.0	-0.014717170968651772	-0.12201648950576782
2cx_vs_anchorunmoved	19	50	50	50	0	100.0	100.0	-0.01471253763884306	-0.15057472884655
2cx_vs_anchorunmoved	719	50	46	46	0	92.0	92.0	-0.014663026668131351	-0.15644308924674988
2cx_vs_anchorunmoved	228	50	45	45	0	90.0	90.0	-0.014474169351160526	-0.2535175085067749
2cx_vs_anchorunmoved	925	50	31	31	0	62.0	62.0	-0.014263004064559937	0.014054355211555958
2cx_vs_anchorunmoved	438	50	30	30	0	60.0	60.0	-0.014241707511246204	-0.31699812412261963
2cx_vs_anchorunmoved	835	50	43	43	0	86.0	86.0	-0.014114120975136757	-0.02075015939772129
2cx_vs_anchorunmoved	779	50	48	48	0	96.0	96.0	-0.014062033966183662	0.005050773732364178
2cx_vs_anchorunmoved	727	50	45	45	0	90.0	90.0	-0.013808087445795536	-0.1972430795431137
2cx_vs_anchorunmoved	833	50	42	42	0	84.0	84.0	-0.013549571856856346	-0.2730788290500641
2cx_vs_anchorunmoved	153	50	42	42	0	84.0	84.0	-0.013542604632675648	-0.046797703951597214
2cx_vs_anchorunmoved	43	50	45	45	0	90.0	90.0	-0.013494232669472694	0.02050449326634407
2cx_vs_anchorunmoved	489	50	39	39	0	78.0	78.0	-0.013407702557742596	-0.0025343417655676603
2cx_vs_anchorunmoved	389	50	44	44	0	88.0	88.0	-0.013241995126008987	-0.09745656698942184
2cx_vs_anchorunmoved	30	50	42	42	0	84.0	84.0	-0.01253635436296463	-0.2564697265625
2cx_vs_anchorunmoved	115	50	47	47	0	94.0	94.0	-0.01216727402061224	-0.15479589998722076
2cx_vs_anchorunmoved	168	50	44	44	0	88.0	88.0	-0.012073085643351078	-0.08862253278493881
2cx_vs_anchorunmoved	816	50	48	48	0	96.0	96.0	-0.012018310837447643	-0.030962305143475533
2cx_vs_anchorunmoved	947	50	21	21	0	42.0	42.0	-0.01194409467279911	0.021529750898480415
2cx_vs_anchorunmoved	351	50	47	47	0	94.0	94.0	-0.011899544857442379	-0.4016333520412445
2cx_vs_anchorunmoved	160	50	50	50	0	100.0	100.0	-0.011884413659572601	-0.19352370500564575
2cx_vs_anchorunmoved	118	50	43	43	0	86.0	86.0	-0.01146506518125534	-0.05216538533568382
2cx_vs_anchorunmoved	309	50	43	43	0	86.0	86.0	-0.010957266204059124	-0.06085607409477234
2cx_vs_anchorunmoved	899	50	20	20	0	40.0	40.0	-0.010390052571892738	0.03482743352651596
2cx_vs_anchorunmoved	173	50	38	38	0	76.0	76.0	-0.010119590908288956	-0.1405881643295288
2cx_vs_anchorunmoved	805	50	47	47	0	94.0	94.0	-0.010052564553916454	-0.06976958364248276
2cx_vs_anchorunmoved	289	50	45	45	0	90.0	90.0	-0.01000349409878254	-0.12143799662590027
2cx_vs_anchorunmoved	478	50	29	29	0	58.0	58.0	-0.00993301346898079	-0.038027018308639526
2cx_vs_anchorunmoved	640	50	48	48	0	96.0	96.0	-0.009806293062865734	-0.07254238426685333
2cx_vs_anchorunmoved	989	50	50	50	0	100.0	100.0	-0.009759685024619102	-0.07538852840662003
2cx_vs_anchorunmoved	176	50	42	42	0	84.0	84.0	-0.0097425552085042	0.0003418254782445729
2cx_vs_anchorunmoved	566	50	41	41	0	82.0	82.0	-0.00961074698716402	-0.019383858889341354
2cx_vs_anchorunmoved	229	50	49	49	0	98.0	98.0	-0.00953966099768877	0.046823978424072266
2cx_vs_anchorunmoved	113	50	44	44	0	88.0	88.0	-0.009530806913971901	-0.07034070044755936
2cx_vs_anchorunmoved	455	50	40	40	0	80.0	80.0	-0.00949343666434288	0.10096380859613419
2cx_vs_anchorunmoved	507	50	43	43	0	86.0	86.0	-0.009441167116165161	-0.0019158268114551902
2cx_vs_anchorunmoved	97	50	47	47	0	94.0	94.0	-0.009431684389710426	-0.06577414274215698
2cx_vs_anchorunmoved	326	50	48	48	0	96.0	96.0	-0.00939994491636753	-0.13540849089622498
2cx_vs_anchorunmoved	703	50	39	39	0	78.0	78.0	-0.009348802268505096	-0.01160117145627737
2cx_vs_anchorunmoved	604	50	48	48	0	96.0	96.0	-0.009330128319561481	-0.14458933472633362
2cx_vs_anchorunmoved	761	50	42	42	0	84.0	84.0	-0.00931303296238184	-0.1712375283241272
2cx_vs_anchorunmoved	963	50	42	42	0	84.0	84.0	-0.009224673733115196	-0.0038086508866399527
2cx_vs_anchorunmoved	829	50	46	46	0	92.0	92.0	-0.009142381139099598	0.054602012038230896
2cx_vs_anchorunmoved	486	50	45	45	0	90.0	90.0	-0.00910730380564928	-0.13884702324867249
2cx_vs_anchorunmoved	368	50	39	39	0	78.0	78.0	-0.009080103598535061	0.06313726305961609
2cx_vs_anchorunmoved	985	50	50	50	0	100.0	100.0	-0.00872351136058569	-0.139799103140831
2cx_vs_anchorunmoved	442	50	39	39	0	78.0	78.0	-0.00831039808690548	-0.1392168551683426
2cx_vs_anchorunmoved	127	50	47	47	0	94.0	94.0	-0.008184322156012058	-0.26844632625579834
2cx_vs_anchorunmoved	211	50	42	42	0	84.0	84.0	-0.008181280456483364	0.05126352235674858
2cx_vs_anchorunmoved	745	50	36	36	0	72.0	72.0	-0.008113627322018147	-0.054385650902986526
2cx_vs_anchorunmoved	769	50	40	40	0	80.0	80.0	-0.008083176799118519	0.02332095056772232
2cx_vs_anchorunmoved	321	50	50	50	0	100.0	100.0	-0.00796294305473566	-0.037807971239089966
2cx_vs_anchorunmoved	672	50	47	47	0	94.0	94.0	-0.007768946699798107	0.04008561000227928
2cx_vs_anchorunmoved	317	50	45	45	0	90.0	90.0	-0.007761713117361069	-0.023032044991850853
2cx_vs_anchorunmoved	645	50	50	50	0	100.0	100.0	-0.007748288102447987	-0.1139056608080864
2cx_vs_anchorunmoved	677	50	35	35	0	70.0	70.0	-0.00761067820712924	0.10256852209568024
2cx_vs_anchorunmoved	782	50	12	12	0	24.0	24.0	-0.0074992068111896515	-3.459930303506553e-05
2cx_vs_anchorunmoved	814	50	49	49	0	98.0	98.0	-0.007438548840582371	-0.12616336345672607
2cx_vs_anchorunmoved	425	50	47	47	0	94.0	94.0	-0.007345020771026611	-0.2673620879650116
2cx_vs_anchorunmoved	557	50	40	40	0	80.0	80.0	-0.007266146130859852	-0.013341989368200302
2cx_vs_anchorunmoved	789	50	43	43	0	86.0	86.0	-0.007236747536808252	0.015101099386811256
2cx_vs_anchorunmoved	139	50	49	49	0	98.0	98.0	-0.0072174821980297565	-0.05817992985248566
2cx_vs_anchorunmoved	488	50	18	18	0	36.0	36.0	-0.006966998800635338	-0.1464768648147583
2cx_vs_anchorunmoved	255	50	50	50	0	100.0	100.0	-0.006933378987014294	0.04027220606803894
2cx_vs_anchorunmoved	942	50	39	39	0	78.0	78.0	-0.006851211655884981	-0.04983588308095932
2cx_vs_anchorunmoved	102	50	50	50	0	100.0	100.0	-0.0067831589840352535	-0.09349498152732849
2cx_vs_anchorunmoved	94	50	48	48	0	96.0	96.0	-0.006669234484434128	-0.1833682805299759
2cx_vs_anchorunmoved	182	50	47	47	0	94.0	94.0	-0.006664659827947617	0.059796303510665894
2cx_vs_anchorunmoved	392	50	48	48	0	96.0	96.0	-0.006286186166107655	0.058303650468587875
2cx_vs_anchorunmoved	14	50	48	48	0	96.0	96.0	-0.005988698452711105	0.02408788725733757
2cx_vs_anchorunmoved	310	50	40	40	0	80.0	80.0	-0.005567776970565319	-0.02365591935813427
2cx_vs_anchorunmoved	130	50	49	49	0	98.0	98.0	-0.005535957869142294	-0.10118280351161957
2cx_vs_anchorunmoved	662	50	36	36	0	72.0	72.0	-0.0054647414945065975	0.015916375443339348
2cx_vs_anchorunmoved	880	50	47	47	0	94.0	94.0	-0.005141191650182009	0.14306582510471344
2cx_vs_anchorunmoved	385	50	31	31	0	62.0	62.0	-0.0049280221574008465	-0.04100709781050682
2cx_vs_anchorunmoved	466	50	48	48	0	96.0	96.0	-0.004788680002093315	-0.07878652215003967
2cx_vs_anchorunmoved	504	50	28	28	0	56.0	56.0	-0.004687821492552757	0.08033974468708038
2cx_vs_anchorunmoved	900	50	48	48	0	96.0	96.0	-0.004643199034035206	0.009898891672492027
2cx_vs_anchorunmoved	143	50	49	49	0	98.0	98.0	-0.00450871093198657	-0.03137803077697754
2cx_vs_anchorunmoved	388	50	48	48	0	96.0	96.0	-0.004457274451851845	0.09211702644824982
2cx_vs_anchorunmoved	778	50	40	40	0	80.0	80.0	-0.004116256721317768	-0.06654975563287735
2cx_vs_anchorunmoved	333	50	50	50	0	100.0	100.0	-0.004047046881169081	0.10856425017118454
2cx_vs_anchorunmoved	227	50	35	35	0	70.0	70.0	-0.00391289172694087	-0.20501205325126648
2cx_vs_anchorunmoved	296	50	48	48	0	96.0	96.0	-0.0038214833475649357	-0.030803890898823738
2cx_vs_anchorunmoved	531	50	29	29	0	58.0	58.0	-0.0038096343632787466	0.044069718569517136
2cx_vs_anchorunmoved	916	50	50	50	0	100.0	100.0	-0.003741198219358921	0.03451985493302345
2cx_vs_anchorunmoved	606	50	45	45	0	90.0	90.0	-0.0037322896532714367	0.018598051741719246
2cx_vs_anchorunmoved	89	50	49	49	0	98.0	98.0	-0.0036391117610037327	0.03509523347020149
2cx_vs_anchorunmoved	845	50	34	34	0	68.0	68.0	-0.003537825308740139	-0.08692324906587601
2cx_vs_anchorunmoved	562	50	47	47	0	94.0	94.0	-0.0033736061304807663	-0.020607471466064453
2cx_vs_anchorunmoved	376	50	50	50	0	100.0	100.0	-0.003188877133652568	0.0048864553682506084
2cx_vs_anchorunmoved	308	50	43	43	0	86.0	86.0	-0.003181678242981434	0.01032409630715847
2cx_vs_anchorunmoved	391	50	44	44	0	88.0	88.0	-0.0030724250245839357	-0.1883036494255066
2cx_vs_anchorunmoved	247	50	47	47	0	94.0	94.0	-0.0028923326171934605	0.029509324580430984
2cx_vs_anchorunmoved	629	50	41	41	0	82.0	82.0	-0.0028624343685805798	-0.017592592164874077
2cx_vs_anchorunmoved	569	50	48	48	0	96.0	96.0	-0.0027776912320405245	-0.12651921808719635
2cx_vs_anchorunmoved	422	50	30	30	0	60.0	60.0	-0.002683141501620412	0.06065870448946953
2cx_vs_anchorunmoved	483	50	38	38	0	76.0	76.0	-0.0025973476003855467	-0.02087637037038803
2cx_vs_anchorunmoved	355	50	47	47	0	94.0	94.0	-0.002569926902651787	-0.12346464395523071
2cx_vs_anchorunmoved	300	50	47	47	0	94.0	94.0	-0.0024325954727828503	-0.12395774573087692
2cx_vs_anchorunmoved	24	50	49	49	0	98.0	98.0	-0.00242257840000093	0.036998674273490906
2cx_vs_anchorunmoved	129	50	50	50	0	100.0	100.0	-0.0023262000177055597	-0.05085374787449837
2cx_vs_anchorunmoved	276	50	47	47	0	94.0	94.0	-0.0020518421661108732	-0.07205628603696823
2cx_vs_anchorunmoved	76	50	49	49	0	98.0	98.0	-0.001957331784069538	-0.11728471517562866
2cx_vs_anchorunmoved	213	50	42	42	0	84.0	84.0	-0.0019311377545818686	-0.013418827205896378
2cx_vs_anchorunmoved	577	50	46	46	0	92.0	92.0	-0.001789282076060772	0.005347757134586573
2cx_vs_anchorunmoved	988	50	49	49	0	98.0	98.0	-0.001549988053739071	-0.12717567384243011
2cx_vs_anchorunmoved	780	50	40	40	0	80.0	80.0	-0.0013682330027222633	-0.05515420809388161
2cx_vs_anchorunmoved	701	50	47	47	0	94.0	94.0	-0.0012378335231915116	-0.0102700712159276
2cx_vs_anchorunmoved	83	50	49	49	0	98.0	98.0	-0.0012258130591362715	-0.1769566386938095
2cx_vs_anchorunmoved	26	50	33	33	0	66.0	66.0	-0.0011969730257987976	-0.031296681612730026
2cx_vs_anchorunmoved	873	50	48	48	0	96.0	96.0	-0.0011324119986966252	-0.03749023377895355
2cx_vs_anchorunmoved	306	50	46	46	0	92.0	92.0	-0.0010243887081742287	-0.013300037011504173
2cx_vs_anchorunmoved	323	50	48	48	0	96.0	96.0	-0.0008266905206255615	0.03000330924987793
2cx_vs_anchorunmoved	601	50	37	37	0	74.0	74.0	-0.0007764944457449019	-0.057813938707113266
2cx_vs_anchorunmoved	683	50	35	35	0	70.0	70.0	-0.0006968039087951183	-0.030253753066062927
2cx_vs_anchorunmoved	93	50	49	49	0	98.0	98.0	-0.0006709712906740606	0.010671129450201988
2cx_vs_anchorunmoved	121	50	43	43	0	86.0	86.0	-0.0006605255766771734	-0.04419318214058876
2cx_vs_anchorunmoved	828	50	33	33	0	66.0	66.0	-0.0005144781898707151	-0.2796330749988556
2cx_vs_anchorunmoved	27	50	38	38	0	76.0	76.0	-7.955134060466662e-05	-0.09045369923114777
2cx_vs_anchorunmoved	241	50	35	35	0	70.0	70.0	-7.924407691461965e-05	-0.03432433307170868
2cx_vs_anchorunmoved	866	50	47	47	0	94.0	94.0	-6.108731031417847e-05	0.005674619693309069
2cx_vs_anchorunmoved	460	50	35	35	0	70.0	70.0	-1.6328842320945114e-05	0.1080065667629242
2cx_vs_anchorunmoved	984	50	48	48	0	96.0	96.0	0.00032846390968188643	-0.057496871799230576
2cx_vs_anchorunmoved	87	50	48	48	0	96.0	96.0	0.0003674957260955125	0.023746414110064507
2cx_vs_anchorunmoved	338	50	45	45	0	90.0	90.0	0.0004945835680700839	0.32807457447052
2cx_vs_anchorunmoved	191	50	45	45	0	90.0	90.0	0.0005726802628487349	-0.05628684163093567
2cx_vs_anchorunmoved	522	50	47	47	0	94.0	94.0	0.0005758812767453492	-0.013684882782399654
2cx_vs_anchorunmoved	408	50	37	37	0	74.0	74.0	0.0006886222981847823	0.01638038642704487
2cx_vs_anchorunmoved	336	50	48	48	0	96.0	96.0	0.0007240939303301275	0.07734443992376328
2cx_vs_anchorunmoved	215	50	49	49	0	98.0	98.0	0.0007643562275916338	0.14627857506275177
2cx_vs_anchorunmoved	411	50	40	40	0	80.0	80.0	0.00077216507634148	-0.00047931671724654734
2cx_vs_anchorunmoved	679	50	48	48	0	96.0	96.0	0.0009622621582821012	-0.0009380626725032926
2cx_vs_anchorunmoved	538	50	40	40	0	80.0	80.0	0.0009834374068304896	0.08481493592262268
2cx_vs_anchorunmoved	364	50	50	50	0	100.0	100.0	0.0010049664415419102	-0.08307721465826035
2cx_vs_anchorunmoved	9	50	50	50	0	100.0	100.0	0.0010207199957221746	0.07138529419898987
2cx_vs_anchorunmoved	547	50	44	44	0	88.0	88.0	0.0011725774966180325	0.05686025694012642
2cx_vs_anchorunmoved	669	50	48	48	0	96.0	96.0	0.0012934064725413918	0.1121375635266304
2cx_vs_anchorunmoved	953	50	48	48	0	96.0	96.0	0.0012967810034751892	-0.003750391071662307
2cx_vs_anchorunmoved	476	50	49	49	0	98.0	98.0	0.0013878148747608066	0.03585198521614075
2cx_vs_anchorunmoved	92	50	49	49	0	98.0	98.0	0.0016619201051071286	0.023111391812562943
2cx_vs_anchorunmoved	991	50	49	49	0	98.0	98.0	0.0016910333652049303	-0.061581410467624664
2cx_vs_anchorunmoved	199	50	39	39	0	78.0	78.0	0.0016999030485749245	-0.05981626361608505
2cx_vs_anchorunmoved	714	50	40	40	0	80.0	80.0	0.0018156470032408834	-0.043475598096847534
2cx_vs_anchorunmoved	235	50	44	44	0	88.0	88.0	0.0018945086048915982	0.11852472275495529
2cx_vs_anchorunmoved	771	50	45	45	0	90.0	90.0	0.001921775983646512	-0.005243158433586359
2cx_vs_anchorunmoved	251	50	49	49	0	98.0	98.0	0.002198129892349243	0.08713316917419434
2cx_vs_anchorunmoved	643	50	36	36	0	72.0	72.0	0.002260912675410509	-0.027662668377161026
2cx_vs_anchorunmoved	998	50	26	26	0	52.0	52.0	0.0022951222490519285	-0.07344355434179306
2cx_vs_anchorunmoved	286	50	47	47	0	94.0	94.0	0.0023942328989505768	0.002898149425163865
2cx_vs_anchorunmoved	254	50	49	49	0	98.0	98.0	0.0024261188227683306	-0.1609162539243698
2cx_vs_anchorunmoved	25	50	49	49	0	98.0	98.0	0.0025361361913383007	-0.043249234557151794
2cx_vs_anchorunmoved	736	50	45	45	0	90.0	90.0	0.0025423699989914894	-0.0009119224268943071
2cx_vs_anchorunmoved	752	50	41	41	0	82.0	82.0	0.002640534657984972	0.09589128196239471
2cx_vs_anchorunmoved	206	50	48	48	0	96.0	96.0	0.002691391622647643	-0.08155205845832825
2cx_vs_anchorunmoved	576	50	49	49	0	98.0	98.0	0.0027116972487419844	0.12469115108251572
2cx_vs_anchorunmoved	768	50	45	45	0	90.0	90.0	0.0027547520585358143	0.23300360143184662
2cx_vs_anchorunmoved	615	50	41	41	0	82.0	82.0	0.0028443632181733847	-0.038176704198122025
2cx_vs_anchorunmoved	179	50	37	37	0	74.0	74.0	0.002938604913651943	-0.1097036823630333
2cx_vs_anchorunmoved	994	50	45	45	0	90.0	90.0	0.0032371918205171824	0.0016531562432646751
2cx_vs_anchorunmoved	863	50	48	48	0	96.0	96.0	0.0033413937781006098	-0.08394236862659454
2cx_vs_anchorunmoved	487	50	40	40	0	80.0	80.0	0.0033492709044367075	0.12575599551200867
2cx_vs_anchorunmoved	574	50	47	47	0	94.0	94.0	0.0033511335495859385	0.00042116164695471525
2cx_vs_anchorunmoved	992	50	43	43	0	86.0	86.0	0.0034180048387497663	0.06934448331594467
2cx_vs_anchorunmoved	927	50	48	48	0	96.0	96.0	0.003720891196280718	0.008037786930799484
2cx_vs_anchorunmoved	6	50	45	45	0	90.0	90.0	0.0037658566143363714	-0.07152774184942245
2cx_vs_anchorunmoved	995	50	50	50	0	100.0	100.0	0.0038414383307099342	0.004828214645385742
2cx_vs_anchorunmoved	928	50	38	38	0	76.0	76.0	0.0038480914663523436	0.03687543049454689
2cx_vs_anchorunmoved	80	50	44	44	0	88.0	88.0	0.003860846860334277	0.037359751760959625
2cx_vs_anchorunmoved	967	50	36	36	0	72.0	72.0	0.0038827909156680107	0.056466005742549896
2cx_vs_anchorunmoved	534	50	32	32	0	64.0	64.0	0.003925474360585213	-0.026035919785499573
2cx_vs_anchorunmoved	72	50	48	48	0	96.0	96.0	0.004040822386741638	0.019518155604600906
2cx_vs_anchorunmoved	921	50	34	34	0	68.0	68.0	0.00409036735072732	0.028725814074277878
2cx_vs_anchorunmoved	95	50	48	48	0	96.0	96.0	0.004101451486349106	0.0976589173078537
2cx_vs_anchorunmoved	33	50	44	44	0	88.0	88.0	0.004137042909860611	0.015041103586554527
2cx_vs_anchorunmoved	800	50	47	47	0	94.0	94.0	0.004144113510847092	-0.01408744789659977
2cx_vs_anchorunmoved	8	50	44	44	0	88.0	88.0	0.0042596617713570595	-0.09180784970521927
2cx_vs_anchorunmoved	993	50	50	50	0	100.0	100.0	0.004320736043155193	0.04051058739423752
2cx_vs_anchorunmoved	938	50	46	46	0	92.0	92.0	0.004650290124118328	0.04737531766295433
2cx_vs_anchorunmoved	890	50	48	48	0	96.0	96.0	0.004668661393225193	0.02505660615861416
2cx_vs_anchorunmoved	661	50	47	47	0	94.0	94.0	0.004769859369844198	0.01761847548186779
2cx_vs_anchorunmoved	746	50	48	48	0	96.0	96.0	0.004848258104175329	0.10799580812454224
2cx_vs_anchorunmoved	60	50	25	25	0	50.0	50.0	0.004848693497478962	0.0014409541618078947
2cx_vs_anchorunmoved	852	50	42	42	0	84.0	84.0	0.004859159700572491	-0.009852742776274681
2cx_vs_anchorunmoved	365	50	46	46	0	92.0	92.0	0.00488185603171587	0.04210444539785385
2cx_vs_anchorunmoved	490	50	41	41	0	82.0	82.0	0.005050722509622574	0.029233045876026154
2cx_vs_anchorunmoved	607	50	49	49	0	98.0	98.0	0.005220719613134861	0.11470290273427963
2cx_vs_anchorunmoved	398	50	43	43	0	86.0	86.0	0.005283068865537643	-0.19153091311454773
2cx_vs_anchorunmoved	246	50	42	42	0	84.0	84.0	0.005336313042789698	0.13614265620708466
2cx_vs_anchorunmoved	439	50	48	48	0	96.0	96.0	0.0053506288677453995	0.09761261194944382
2cx_vs_anchorunmoved	496	50	48	48	0	96.0	96.0	0.005607712082564831	-0.028610525652766228
2cx_vs_anchorunmoved	343	50	48	48	0	96.0	96.0	0.005890099331736565	-0.044929102063179016
2cx_vs_anchorunmoved	739	50	48	48	0	96.0	96.0	0.006044481880962849	-0.008337869308888912
2cx_vs_anchorunmoved	471	50	46	46	0	92.0	92.0	0.00614885101094842	0.011627215892076492
2cx_vs_anchorunmoved	414	50	22	22	0	44.0	44.0	0.006149568594992161	0.1892065554857254
2cx_vs_anchorunmoved	520	50	39	39	0	78.0	78.0	0.006200963165611029	0.18351346254348755
2cx_vs_anchorunmoved	968	50	27	27	0	54.0	54.0	0.00651940330862999	-0.040636852383613586
2cx_vs_anchorunmoved	48	50	48	48	0	96.0	96.0	0.0067484718747437	0.09157726913690567
2cx_vs_anchorunmoved	34	50	36	36	0	72.0	72.0	0.006786020938307047	-0.03134756162762642
2cx_vs_anchorunmoved	583	50	46	46	0	92.0	92.0	0.006810500752180815	0.19314324855804443
2cx_vs_anchorunmoved	221	50	45	45	0	90.0	90.0	0.006905497517436743	-0.07461945712566376
2cx_vs_anchorunmoved	450	50	48	48	0	96.0	96.0	0.006912419572472572	0.08652429282665253
2cx_vs_anchorunmoved	279	50	49	49	0	98.0	98.0	0.007098531816154718	-0.026716822758316994
2cx_vs_anchorunmoved	613	50	47	47	0	94.0	94.0	0.007186690345406532	0.16574029624462128
2cx_vs_anchorunmoved	269	50	38	38	0	76.0	76.0	0.007237912621349096	-0.06010520085692406
2cx_vs_anchorunmoved	319	50	43	43	0	86.0	86.0	0.007429273333400488	-0.013399343937635422
2cx_vs_anchorunmoved	695	50	38	38	0	76.0	76.0	0.007586522493511438	0.0030336284544318914
2cx_vs_anchorunmoved	387	50	47	47	0	94.0	94.0	0.007595008704811335	0.14786718785762787
2cx_vs_anchorunmoved	521	50	43	43	0	86.0	86.0	0.0076393429189920425	-0.009086341597139835
2cx_vs_anchorunmoved	426	50	45	45	0	90.0	90.0	0.007696053944528103	0.16986164450645447
2cx_vs_anchorunmoved	806	50	33	33	0	66.0	66.0	0.007753444369882345	-0.022623300552368164
2cx_vs_anchorunmoved	858	50	42	42	0	84.0	84.0	0.007771375123411417	0.17070144414901733
2cx_vs_anchorunmoved	132	50	46	46	0	92.0	92.0	0.007939735427498817	0.0761566162109375
2cx_vs_anchorunmoved	140	50	45	45	0	90.0	90.0	0.00803857296705246	-0.0604182705283165
2cx_vs_anchorunmoved	990	50	50	50	0	100.0	100.0	0.008047445677220821	0.12184984982013702
2cx_vs_anchorunmoved	684	50	44	44	0	88.0	88.0	0.008054427802562714	0.21337734162807465
2cx_vs_anchorunmoved	245	50	46	46	0	92.0	92.0	0.008054953068494797	0.05106406286358833
2cx_vs_anchorunmoved	201	50	33	33	0	66.0	66.0	0.008056795224547386	0.18961390852928162
2cx_vs_anchorunmoved	436	50	35	35	0	70.0	70.0	0.008136697113513947	0.07347143441438675
2cx_vs_anchorunmoved	159	50	40	40	0	80.0	80.0	0.008211830630898476	0.12222276628017426
2cx_vs_anchorunmoved	45	50	41	41	0	82.0	82.0	0.008299008943140507	0.004971275106072426
2cx_vs_anchorunmoved	382	50	42	42	0	84.0	84.0	0.008366563357412815	0.014198665507137775
2cx_vs_anchorunmoved	748	50	28	28	0	56.0	56.0	0.008974608033895493	-0.050570279359817505
2cx_vs_anchorunmoved	212	50	44	44	0	88.0	88.0	0.009110119193792343	-0.033764343708753586
2cx_vs_anchorunmoved	100	50	49	49	0	98.0	98.0	0.009180924855172634	0.2287355363368988
2cx_vs_anchorunmoved	144	50	48	48	0	96.0	96.0	0.00922887772321701	0.2523590922355652
2cx_vs_anchorunmoved	955	50	50	50	0	100.0	100.0	0.009290801361203194	0.01347818411886692
2cx_vs_anchorunmoved	13	50	50	50	0	100.0	100.0	0.009341939352452755	0.029245328158140182
2cx_vs_anchorunmoved	84	50	49	49	0	98.0	98.0	0.009360264986753464	0.07715603709220886
2cx_vs_anchorunmoved	823	50	40	40	0	80.0	80.0	0.009480983950197697	0.07268223166465759
2cx_vs_anchorunmoved	74	50	30	30	0	60.0	60.0	0.009859873913228512	0.02009577676653862
2cx_vs_anchorunmoved	78	50	39	39	0	78.0	78.0	0.010126495733857155	0.08970605581998825
2cx_vs_anchorunmoved	57	50	46	46	0	92.0	92.0	0.010133407078683376	-0.0032762717455625534
2cx_vs_anchorunmoved	970	50	27	27	0	54.0	54.0	0.010322301648557186	-0.06606953591108322
2cx_vs_anchorunmoved	369	50	40	40	0	80.0	80.0	0.010356851853430271	0.09651336073875427
2cx_vs_anchorunmoved	726	50	46	46	0	92.0	92.0	0.010373128578066826	0.08308026939630508
2cx_vs_anchorunmoved	959	50	44	44	0	88.0	88.0	0.010596849955618382	0.09510067105293274
2cx_vs_anchorunmoved	96	50	46	46	0	92.0	92.0	0.010781262069940567	0.05058024451136589
2cx_vs_anchorunmoved	324	50	48	48	0	96.0	96.0	0.010835588909685612	0.04741356894373894
2cx_vs_anchorunmoved	766	50	45	45	0	90.0	90.0	0.010941262356936932	0.03516461327672005
2cx_vs_anchorunmoved	832	50	46	46	0	92.0	92.0	0.010996809229254723	-0.050885267555713654
2cx_vs_anchorunmoved	588	50	37	37	0	74.0	74.0	0.011099343188107014	-0.032302092760801315
2cx_vs_anchorunmoved	10	50	48	48	0	96.0	96.0	0.011242135427892208	0.14496423304080963
2cx_vs_anchorunmoved	267	50	44	44	0	88.0	88.0	0.01131394412368536	0.05634969845414162
2cx_vs_anchorunmoved	548	50	46	46	0	92.0	92.0	0.011317040771245956	0.1697293519973755
2cx_vs_anchorunmoved	238	50	34	34	0	68.0	68.0	0.011470361612737179	0.08665274828672409
2cx_vs_anchorunmoved	85	50	47	47	0	94.0	94.0	0.011476118117570877	-0.08610671758651733
2cx_vs_anchorunmoved	565	50	50	50	0	100.0	100.0	0.011502107605338097	0.11819515377283096
2cx_vs_anchorunmoved	21	50	43	43	0	86.0	86.0	0.011509107425808907	0.11042840778827667
2cx_vs_anchorunmoved	915	50	48	48	0	96.0	96.0	0.011866973713040352	0.0577310286462307
2cx_vs_anchorunmoved	680	50	43	43	0	86.0	86.0	0.0120704285800457	0.13491560518741608
2cx_vs_anchorunmoved	316	50	48	48	0	96.0	96.0	0.012158578261733055	0.2579036056995392
2cx_vs_anchorunmoved	313	50	39	39	0	78.0	78.0	0.012384896166622639	0.06947685033082962
2cx_vs_anchorunmoved	555	50	46	46	0	92.0	92.0	0.012417279183864594	0.03347209095954895
2cx_vs_anchorunmoved	294	50	47	47	0	94.0	94.0	0.012438755482435226	0.08667933195829391
2cx_vs_anchorunmoved	948	50	47	47	0	94.0	94.0	0.012443773448467255	0.07434041798114777
2cx_vs_anchorunmoved	262	50	48	48	0	96.0	96.0	0.012521671131253242	0.24382711946964264
2cx_vs_anchorunmoved	443	50	39	39	0	78.0	78.0	0.012560803443193436	0.2159581333398819
2cx_vs_anchorunmoved	961	50	26	26	0	52.0	52.0	0.012693125754594803	0.03163313865661621
2cx_vs_anchorunmoved	151	50	35	35	0	70.0	70.0	0.013601885177195072	0.13182257115840912
2cx_vs_anchorunmoved	986	50	50	50	0	100.0	100.0	0.013765313662588596	0.10151001065969467
2cx_vs_anchorunmoved	54	50	33	33	0	66.0	66.0	0.01414911076426506	0.019177580252289772
2cx_vs_anchorunmoved	812	50	48	48	0	96.0	96.0	0.014218750409781933	0.27125832438468933
2cx_vs_anchorunmoved	465	50	30	30	0	60.0	60.0	0.014248647727072239	0.17929232120513916
2cx_vs_anchorunmoved	918	50	45	45	0	90.0	90.0	0.014405297115445137	0.09991618245840073
2cx_vs_anchorunmoved	138	50	48	48	0	96.0	96.0	0.014449888840317726	0.08439663052558899
2cx_vs_anchorunmoved	15	50	49	49	0	98.0	98.0	0.014582782052457333	0.04531978443264961
2cx_vs_anchorunmoved	767	50	34	34	0	68.0	68.0	0.015027940273284912	0.03775260969996452
2cx_vs_anchorunmoved	298	50	39	39	0	78.0	78.0	0.015140638686716557	0.053401585668325424
2cx_vs_anchorunmoved	427	50	31	31	0	62.0	62.0	0.015186214819550514	-0.040077876299619675
2cx_vs_anchorunmoved	328	50	47	47	0	94.0	94.0	0.01566058211028576	0.016924582421779633
2cx_vs_anchorunmoved	404	50	47	47	0	94.0	94.0	0.015726521611213684	0.08528735488653183
2cx_vs_anchorunmoved	597	50	36	36	0	72.0	72.0	0.015756642445921898	0.04541516304016113
2cx_vs_anchorunmoved	844	50	36	36	0	72.0	72.0	0.01576746627688408	0.13757063448429108
2cx_vs_anchorunmoved	651	50	34	34	0	68.0	68.0	0.015786636620759964	-0.056964367628097534
2cx_vs_anchorunmoved	470	50	35	35	0	70.0	70.0	0.01588728465139866	0.16512368619441986
2cx_vs_anchorunmoved	273	50	40	40	0	80.0	80.0	0.016026830300688744	0.11723583936691284
2cx_vs_anchorunmoved	216	50	48	48	0	96.0	96.0	0.01621774584054947	-0.012850455939769745
2cx_vs_anchorunmoved	407	50	46	46	0	92.0	92.0	0.016438433900475502	0.2386709600687027
2cx_vs_anchorunmoved	614	50	46	46	0	92.0	92.0	0.01654546521604061	0.08785068243741989
2cx_vs_anchorunmoved	888	50	41	41	0	82.0	82.0	0.01668708398938179	0.06311143934726715
2cx_vs_anchorunmoved	274	50	47	47	0	94.0	94.0	0.016753308475017548	0.06306659430265427
2cx_vs_anchorunmoved	678	50	37	37	0	74.0	74.0	0.016929594799876213	0.10698069632053375
2cx_vs_anchorunmoved	122	50	45	45	0	90.0	90.0	0.017034882679581642	0.17705439031124115
2cx_vs_anchorunmoved	826	50	36	36	0	72.0	72.0	0.017598073929548264	0.0924878716468811
2cx_vs_anchorunmoved	997	50	38	38	0	76.0	76.0	0.01766984909772873	0.17194503545761108
2cx_vs_anchorunmoved	230	50	44	44	0	88.0	88.0	0.0177241750061512	-0.08833469450473785
2cx_vs_anchorunmoved	145	50	49	49	0	98.0	98.0	0.01774175465106964	0.19516803324222565
2cx_vs_anchorunmoved	545	50	44	44	0	88.0	88.0	0.017781458795070648	-0.056205034255981445
2cx_vs_anchorunmoved	134	50	38	38	0	76.0	76.0	0.018420865759253502	0.14026732742786407
2cx_vs_anchorunmoved	819	50	40	40	0	80.0	80.0	0.0187364649027586	0.1244976595044136
2cx_vs_anchorunmoved	185	50	35	35	0	70.0	70.0	0.018808960914611816	0.13213485479354858
2cx_vs_anchorunmoved	291	50	50	50	0	100.0	100.0	0.019241133704781532	0.26539677381515503
2cx_vs_anchorunmoved	334	50	47	47	0	94.0	94.0	0.019789328798651695	0.21887335181236267
2cx_vs_anchorunmoved	357	50	46	46	0	92.0	92.0	0.019809775054454803	0.042938996106386185
2cx_vs_anchorunmoved	535	50	49	49	0	98.0	98.0	0.019859394058585167	0.12838192284107208
2cx_vs_anchorunmoved	675	50	28	28	0	56.0	56.0	0.020320426672697067	-0.03000658005475998
2cx_vs_anchorunmoved	696	50	41	41	0	82.0	82.0	0.0204316433519125	0.04005109891295433
2cx_vs_anchorunmoved	44	50	37	37	0	74.0	74.0	0.020692799240350723	0.13697580993175507
2cx_vs_anchorunmoved	658	50	34	34	0	68.0	68.0	0.020874636247754097	0.11008844524621964
2cx_vs_anchorunmoved	578	50	39	39	0	78.0	78.0	0.02131897769868374	0.04539687931537628
2cx_vs_anchorunmoved	559	50	42	42	0	84.0	84.0	0.021561846137046814	0.21178169548511505
2cx_vs_anchorunmoved	691	50	30	30	0	60.0	60.0	0.021939100697636604	0.10538240522146225
2cx_vs_anchorunmoved	642	50	46	46	0	92.0	92.0	0.0227260310202837	0.22978763282299042
2cx_vs_anchorunmoved	528	50	48	48	0	96.0	96.0	0.02300638146698475	0.14879900217056274
2cx_vs_anchorunmoved	396	50	48	48	0	96.0	96.0	0.023980088531970978	0.2528790533542633
2cx_vs_anchorunmoved	980	50	42	42	0	84.0	84.0	0.024046622216701508	0.3207816183567047
2cx_vs_anchorunmoved	901	50	33	33	0	66.0	66.0	0.024607861414551735	0.07626542448997498
2cx_vs_anchorunmoved	831	50	41	41	0	82.0	82.0	0.0249618012458086	0.1581309586763382
2cx_vs_anchorunmoved	183	50	43	43	0	86.0	86.0	0.02500925585627556	0.030623111873865128
2cx_vs_anchorunmoved	523	50	30	30	0	60.0	60.0	0.02514013834297657	0.09538251161575317
2cx_vs_anchorunmoved	379	50	47	47	0	94.0	94.0	0.025668321177363396	0.07608681917190552
2cx_vs_anchorunmoved	284	50	49	49	0	98.0	98.0	0.026101894676685333	0.31943705677986145
2cx_vs_anchorunmoved	958	50	46	46	0	92.0	92.0	0.026204900816082954	0.23911237716674805
2cx_vs_anchorunmoved	314	50	42	42	0	84.0	84.0	0.026659034192562103	0.27065807580947876
2cx_vs_anchorunmoved	430	50	50	50	0	100.0	100.0	0.027594594284892082	0.44230490922927856
2cx_vs_anchorunmoved	891	50	41	41	0	82.0	82.0	0.027722101658582687	0.19504500925540924
2cx_vs_anchorunmoved	572	50	35	35	0	70.0	70.0	0.02831733040511608	0.21840883791446686
2cx_vs_anchorunmoved	150	50	45	45	0	90.0	90.0	0.028711887076497078	0.2784821391105652
2cx_vs_anchorunmoved	158	50	31	31	0	62.0	62.0	0.029592856764793396	0.04576431214809418
2cx_vs_anchorunmoved	340	50	48	48	0	96.0	96.0	0.029992597177624702	0.25166425108909607
2cx_vs_anchorunmoved	390	50	36	36	0	72.0	72.0	0.030831975862383842	0.14477145671844482
2cx_vs_anchorunmoved	208	50	42	42	0	84.0	84.0	0.03409821167588234	0.3434216380119324
2cx_vs_anchorunmoved	965	50	44	44	0	88.0	88.0	0.035163432359695435	0.11883828043937683
2cx_vs_anchorunmoved	86	50	43	43	0	86.0	86.0	0.03654429316520691	0.061052531003952026
2cx_vs_anchorunmoved	763	50	46	46	0	92.0	92.0	0.03707311302423477	0.08717959374189377
2cx_vs_anchorunmoved	39	50	45	45	0	90.0	90.0	0.040205616503953934	0.13075877726078033
2cx_vs_anchorunmoved	126	50	40	40	0	80.0	80.0	0.04529275745153427	0.24722999334335327
2cx_vs_anchorunmoved	288	50	40	40	0	80.0	80.0	0.050805822014808655	0.36612221598625183
2cx_vs_anchorunmoved	533	50	47	48	1	94.0	96.0	-0.033397722989320755	-0.3366881310939789
2cx_vs_anchorunmoved	480	50	40	41	1	80.0	82.0	-0.027765894308686256	-0.26002928614616394
2cx_vs_anchorunmoved	841	50	19	20	1	38.0	40.0	-0.02700570784509182	-0.10372994095087051
2cx_vs_anchorunmoved	633	50	27	28	1	54.0	56.0	-0.025278663262724876	-0.22823700308799744
2cx_vs_anchorunmoved	573	50	49	50	1	98.0	100.0	-0.023041242733597755	-0.2509932816028595
2cx_vs_anchorunmoved	754	50	36	37	1	72.0	74.0	-0.019755642861127853	-0.029847707599401474
2cx_vs_anchorunmoved	912	50	38	39	1	76.0	78.0	-0.019257284700870514	-0.17580661177635193
2cx_vs_anchorunmoved	999	50	25	26	1	50.0	52.0	-0.01783917099237442	-0.08279780298471451
2cx_vs_anchorunmoved	234	50	46	47	1	92.0	94.0	-0.01769130863249302	-0.2766611874103546
2cx_vs_anchorunmoved	518	50	48	49	1	96.0	98.0	-0.017106616869568825	-0.33409884572029114
2cx_vs_anchorunmoved	883	50	27	28	1	54.0	56.0	-0.01555253379046917	-0.13329793512821198
2cx_vs_anchorunmoved	708	50	33	34	1	66.0	68.0	-0.014294675551354885	-0.21915008127689362
2cx_vs_anchorunmoved	818	50	21	22	1	42.0	44.0	-0.01428417768329382	0.14706438779830933
2cx_vs_anchorunmoved	188	50	43	44	1	86.0	88.0	-0.013759923167526722	-0.261678010225296
2cx_vs_anchorunmoved	210	50	45	46	1	90.0	92.0	-0.013607070781290531	-0.0573280043900013
2cx_vs_anchorunmoved	594	50	48	49	1	96.0	98.0	-0.013596206903457642	-0.14575105905532837
2cx_vs_anchorunmoved	530	50	33	34	1	66.0	68.0	-0.013156802393496037	-0.12912841141223907
2cx_vs_anchorunmoved	564	50	42	43	1	84.0	86.0	-0.012558779679238796	-0.09342102706432343
2cx_vs_anchorunmoved	730	50	40	41	1	80.0	82.0	-0.01251065731048584	-0.12523911893367767
2cx_vs_anchorunmoved	431	50	39	40	1	78.0	80.0	-0.011903923004865646	-0.18620076775550842
2cx_vs_anchorunmoved	842	50	36	37	1	72.0	74.0	-0.011140928603708744	-0.07044801861047745
2cx_vs_anchorunmoved	157	50	47	48	1	94.0	96.0	-0.010976948775351048	-0.15279802680015564
2cx_vs_anchorunmoved	452	50	40	41	1	80.0	82.0	-0.01081330981105566	-0.027990931645035744
2cx_vs_anchorunmoved	378	50	44	45	1	88.0	90.0	-0.010742222890257835	-0.14544785022735596
2cx_vs_anchorunmoved	820	50	49	50	1	98.0	100.0	-0.010573063045740128	-0.16839566826820374
2cx_vs_anchorunmoved	798	50	38	39	1	76.0	78.0	-0.010019589215517044	-0.03870715573430061
2cx_vs_anchorunmoved	803	50	48	49	1	96.0	98.0	-0.009773289784789085	-0.10775904357433319
2cx_vs_anchorunmoved	337	50	41	42	1	82.0	84.0	-0.008406424894928932	-0.03701523691415787
2cx_vs_anchorunmoved	728	50	30	31	1	60.0	62.0	-0.008226457983255386	0.13513825833797455
2cx_vs_anchorunmoved	590	50	27	28	1	54.0	56.0	-0.007951832376420498	0.005239477381110191
2cx_vs_anchorunmoved	877	50	43	44	1	86.0	88.0	-0.00779579346999526	-0.24628406763076782
2cx_vs_anchorunmoved	982	50	40	41	1	80.0	82.0	-0.0077519346959888935	-0.18727172911167145
2cx_vs_anchorunmoved	620	50	12	13	1	24.0	26.0	-0.0065516079775989056	0.026044882833957672
2cx_vs_anchorunmoved	659	50	44	45	1	88.0	90.0	-0.006361728999763727	-0.10975496470928192
2cx_vs_anchorunmoved	375	50	46	47	1	92.0	94.0	-0.006044244859367609	-0.08852413296699524
2cx_vs_anchorunmoved	937	50	45	46	1	90.0	92.0	-0.005316050257533789	-0.08249031007289886
2cx_vs_anchorunmoved	446	50	33	34	1	66.0	68.0	-0.004969434347003698	-0.07058171927928925
2cx_vs_anchorunmoved	372	50	47	48	1	94.0	96.0	-0.004823806695640087	-0.05301840603351593
2cx_vs_anchorunmoved	650	50	28	29	1	56.0	58.0	-0.004606302827596664	-0.04932703822851181
2cx_vs_anchorunmoved	421	50	41	42	1	82.0	84.0	-0.004042540676891804	-0.0908542349934578
2cx_vs_anchorunmoved	302	50	35	36	1	70.0	72.0	-0.003456548787653446	-0.0861407071352005
2cx_vs_anchorunmoved	510	50	45	46	1	90.0	92.0	-0.0033714640885591507	0.11301347613334656
2cx_vs_anchorunmoved	987	50	20	21	1	40.0	42.0	-0.0032187392935156822	-0.03398708254098892
2cx_vs_anchorunmoved	335	50	46	47	1	92.0	94.0	-0.002942607505246997	-0.1787264496088028
2cx_vs_anchorunmoved	22	50	49	50	1	98.0	100.0	-0.0022528362460434437	-0.11166606843471527
2cx_vs_anchorunmoved	934	50	45	46	1	90.0	92.0	-0.0021697699557989836	-0.16955654323101044
2cx_vs_anchorunmoved	560	50	47	48	1	94.0	96.0	-0.002144121564924717	-0.09352931380271912
2cx_vs_anchorunmoved	239	50	49	50	1	98.0	100.0	-0.0017180460272356868	-0.012562207877635956
2cx_vs_anchorunmoved	374	50	38	39	1	76.0	78.0	-0.0011548860929906368	0.06510328501462936
2cx_vs_anchorunmoved	724	50	44	45	1	88.0	90.0	-0.0010048156837001443	-0.052302513271570206
2cx_vs_anchorunmoved	106	50	39	40	1	78.0	80.0	-0.0007894638110883534	0.12306516617536545
2cx_vs_anchorunmoved	266	50	30	31	1	60.0	62.0	-0.0007569894078187644	0.040924713015556335
2cx_vs_anchorunmoved	135	50	49	50	1	98.0	100.0	-0.00041206181049346924	-0.13101041316986084
2cx_vs_anchorunmoved	125	50	47	48	1	94.0	96.0	-0.0002820765948854387	0.027451954782009125
2cx_vs_anchorunmoved	849	50	41	42	1	82.0	84.0	-0.00024212658172473311	-0.03498022258281708
2cx_vs_anchorunmoved	624	50	32	33	1	64.0	66.0	-0.00018571763939689845	0.07089894264936447
2cx_vs_anchorunmoved	464	50	30	31	1	60.0	62.0	-2.489492362656165e-05	-0.005867452826350927
2cx_vs_anchorunmoved	495	50	45	46	1	90.0	92.0	0.0004071584262419492	-0.1056625172495842
2cx_vs_anchorunmoved	946	50	45	46	1	90.0	92.0	0.0006696796626783907	0.030385904014110565
2cx_vs_anchorunmoved	854	50	44	45	1	88.0	90.0	0.0013177795335650444	0.017986593768000603
2cx_vs_anchorunmoved	402	50	33	34	1	66.0	68.0	0.0013199400855228305	0.008489370346069336
2cx_vs_anchorunmoved	862	50	39	40	1	78.0	80.0	0.0018761286046355963	0.13048481941223145
2cx_vs_anchorunmoved	172	50	38	39	1	76.0	78.0	0.002543722977861762	-0.055414408445358276
2cx_vs_anchorunmoved	256	50	46	47	1	92.0	94.0	0.0025995061732828617	0.07908265292644501
2cx_vs_anchorunmoved	384	50	47	48	1	94.0	96.0	0.0026381260249763727	0.0771283358335495
2cx_vs_anchorunmoved	339	50	48	49	1	96.0	98.0	0.002719390904530883	0.014940871857106686
2cx_vs_anchorunmoved	699	50	42	43	1	84.0	86.0	0.002724729711189866	-0.178557351231575
2cx_vs_anchorunmoved	949	50	34	35	1	68.0	70.0	0.0031551870051771402	0.05127469077706337
2cx_vs_anchorunmoved	876	50	19	20	1	38.0	40.0	0.0032055156771093607	0.015888718888163567
2cx_vs_anchorunmoved	403	50	43	44	1	86.0	88.0	0.0033982170280069113	0.041156671941280365
2cx_vs_anchorunmoved	51	50	47	48	1	94.0	96.0	0.0035475080367177725	-0.03834056854248047
2cx_vs_anchorunmoved	111	50	47	48	1	94.0	96.0	0.0035559118259698153	-0.008367194794118404
2cx_vs_anchorunmoved	561	50	45	46	1	90.0	92.0	0.003703091759234667	0.04264139011502266
2cx_vs_anchorunmoved	825	50	41	42	1	82.0	84.0	0.004097079858183861	0.2732657492160797
2cx_vs_anchorunmoved	397	50	46	47	1	92.0	94.0	0.004118479322642088	0.01417429931461811
2cx_vs_anchorunmoved	117	50	45	46	1	90.0	92.0	0.0050223516300320625	0.008236503228545189
2cx_vs_anchorunmoved	171	50	45	46	1	90.0	92.0	0.005028183571994305	-0.010025005787611008
2cx_vs_anchorunmoved	331	50	45	46	1	90.0	92.0	0.005055153276771307	0.003035268746316433
2cx_vs_anchorunmoved	163	50	29	30	1	58.0	60.0	0.005190153140574694	-0.017399949952960014
2cx_vs_anchorunmoved	37	50	43	44	1	86.0	88.0	0.0053253923542797565	-0.0077828215435147285
2cx_vs_anchorunmoved	320	50	46	47	1	92.0	94.0	0.00542920408770442	0.03793175518512726
2cx_vs_anchorunmoved	617	50	42	43	1	84.0	86.0	0.005533889401704073	0.14171484112739563
2cx_vs_anchorunmoved	512	50	48	49	1	96.0	98.0	0.005635571666061878	0.00979628600180149
2cx_vs_anchorunmoved	772	50	35	36	1	70.0	72.0	0.0056678783148527145	0.22785690426826477
2cx_vs_anchorunmoved	90	50	49	50	1	98.0	100.0	0.0056861042976379395	0.02022266387939453
2cx_vs_anchorunmoved	459	50	31	32	1	62.0	64.0	0.0057923449203372	-0.000864543893840164
2cx_vs_anchorunmoved	222	50	37	38	1	74.0	76.0	0.006310990080237389	-0.09552284330129623
2cx_vs_anchorunmoved	405	50	38	39	1	76.0	78.0	0.006359109189361334	0.0719253420829773
2cx_vs_anchorunmoved	612	50	46	47	1	92.0	94.0	0.006371472030878067	0.08577322959899902
2cx_vs_anchorunmoved	198	50	44	45	1	88.0	90.0	0.0068086241371929646	0.02805357053875923
2cx_vs_anchorunmoved	906	50	16	17	1	32.0	34.0	0.00694382144138217	-0.007839689031243324
2cx_vs_anchorunmoved	694	50	46	47	1	92.0	94.0	0.007205954287201166	0.029983453452587128
2cx_vs_anchorunmoved	65	50	41	42	1	82.0	84.0	0.007523224223405123	-0.0136949447914958
2cx_vs_anchorunmoved	420	50	49	50	1	98.0	100.0	0.007833415642380714	-0.010142965242266655
2cx_vs_anchorunmoved	501	50	18	19	1	36.0	38.0	0.00801522471010685	0.1616176813840866
2cx_vs_anchorunmoved	824	50	34	35	1	68.0	70.0	0.008345920592546463	-0.04055559262633324
2cx_vs_anchorunmoved	570	50	45	46	1	90.0	92.0	0.008394050411880016	-0.14665526151657104
2cx_vs_anchorunmoved	342	50	44	45	1	88.0	90.0	0.008574461564421654	-0.025248270481824875
2cx_vs_anchorunmoved	18	50	46	47	1	92.0	94.0	0.00869709625840187	-0.13225248456001282
2cx_vs_anchorunmoved	511	50	42	43	1	84.0	86.0	0.008813411928713322	0.024462098255753517
2cx_vs_anchorunmoved	123	50	42	43	1	84.0	86.0	0.009484369307756424	0.11933809518814087
2cx_vs_anchorunmoved	539	50	38	39	1	76.0	78.0	0.009816073812544346	0.12373407185077667
2cx_vs_anchorunmoved	29	50	47	48	1	94.0	96.0	0.010095956735312939	-0.041426047682762146
2cx_vs_anchorunmoved	843	50	43	44	1	86.0	88.0	0.010133408010005951	-0.06175664812326431
2cx_vs_anchorunmoved	52	50	41	42	1	82.0	84.0	0.010362892411649227	0.07400921732187271
2cx_vs_anchorunmoved	71	50	46	47	1	92.0	94.0	0.010547876358032227	-0.05724969878792763
2cx_vs_anchorunmoved	638	50	13	14	1	26.0	28.0	0.010549644008278847	0.019290199503302574
2cx_vs_anchorunmoved	136	50	49	50	1	98.0	100.0	0.01065624225884676	0.11210931092500687
2cx_vs_anchorunmoved	884	50	38	39	1	76.0	78.0	0.010730411857366562	-0.07569930702447891
2cx_vs_anchorunmoved	807	50	39	40	1	78.0	80.0	0.011065399274230003	0.191514790058136
2cx_vs_anchorunmoved	895	50	41	42	1	82.0	84.0	0.011194050312042236	0.09462863206863403
2cx_vs_anchorunmoved	790	50	35	36	1	70.0	72.0	0.011213221587240696	0.17413559556007385
2cx_vs_anchorunmoved	632	50	30	31	1	60.0	62.0	0.011444257572293282	0.08125573396682739
2cx_vs_anchorunmoved	940	50	44	45	1	88.0	90.0	0.011825693771243095	0.19076041877269745
2cx_vs_anchorunmoved	687	50	45	46	1	90.0	92.0	0.01184635516256094	-0.012078571133315563
2cx_vs_anchorunmoved	682	50	42	43	1	84.0	86.0	0.012381541542708874	0.012138109654188156
2cx_vs_anchorunmoved	516	50	27	28	1	54.0	56.0	0.012432160787284374	0.024746809154748917
2cx_vs_anchorunmoved	36	50	26	27	1	52.0	54.0	0.012518835254013538	-0.06631077826023102
2cx_vs_anchorunmoved	156	50	47	48	1	94.0	96.0	0.012765150517225266	0.15579213201999664
2cx_vs_anchorunmoved	303	50	38	39	1	76.0	78.0	0.012926445342600346	-0.19520732760429382
2cx_vs_anchorunmoved	226	50	29	30	1	58.0	60.0	0.012936064973473549	-0.07873392850160599
2cx_vs_anchorunmoved	462	50	36	37	1	72.0	74.0	0.013223204761743546	0.027339201420545578
2cx_vs_anchorunmoved	49	50	38	39	1	76.0	78.0	0.013244401663541794	0.00902091059833765
2cx_vs_anchorunmoved	20	50	43	44	1	86.0	88.0	0.013512033969163895	0.01459068339318037
2cx_vs_anchorunmoved	224	50	38	39	1	76.0	78.0	0.013728946447372437	0.26483985781669617
2cx_vs_anchorunmoved	493	50	15	16	1	30.0	32.0	0.01399680133908987	-0.02028634026646614
2cx_vs_anchorunmoved	951	50	40	41	1	80.0	82.0	0.014016766101121902	0.011953716166317463
2cx_vs_anchorunmoved	103	50	40	41	1	80.0	82.0	0.014031377620995045	0.13318374752998352
2cx_vs_anchorunmoved	910	50	39	40	1	78.0	80.0	0.014574594795703888	-0.0021969748195260763
2cx_vs_anchorunmoved	257	50	41	42	1	82.0	84.0	0.014583524316549301	-0.09111002832651138
2cx_vs_anchorunmoved	428	50	41	42	1	82.0	84.0	0.015338246710598469	-0.049450960010290146
2cx_vs_anchorunmoved	853	50	46	47	1	92.0	94.0	0.01562861166894436	0.04759589210152626
2cx_vs_anchorunmoved	716	50	45	46	1	90.0	92.0	0.016009487211704254	0.003319759387522936
2cx_vs_anchorunmoved	458	50	48	49	1	96.0	98.0	0.016416840255260468	0.10873882472515106
2cx_vs_anchorunmoved	625	50	46	47	1	92.0	94.0	0.016794675961136818	0.15765491127967834
2cx_vs_anchorunmoved	105	50	45	46	1	90.0	92.0	0.016963759437203407	0.19917705655097961
2cx_vs_anchorunmoved	236	50	39	40	1	78.0	80.0	0.016972817480564117	0.14393089711666107
2cx_vs_anchorunmoved	969	50	23	24	1	46.0	48.0	0.017511360347270966	0.10322510451078415
2cx_vs_anchorunmoved	822	50	48	49	1	96.0	98.0	0.01753530465066433	0.20380882918834686
2cx_vs_anchorunmoved	911	50	21	22	1	42.0	44.0	0.01767951436340809	0.11734437942504883
2cx_vs_anchorunmoved	740	50	25	26	1	50.0	52.0	0.017835844308137894	-0.14964063465595245
2cx_vs_anchorunmoved	712	50	38	39	1	76.0	78.0	0.017942987382411957	-0.10934256762266159
2cx_vs_anchorunmoved	600	50	20	21	1	40.0	42.0	0.01809375360608101	0.14507979154586792
2cx_vs_anchorunmoved	0	50	47	48	1	94.0	96.0	0.018124813213944435	0.2128811627626419
2cx_vs_anchorunmoved	957	50	47	48	1	94.0	96.0	0.01865917257964611	0.27947932481765747
2cx_vs_anchorunmoved	811	50	34	35	1	68.0	70.0	0.018745215609669685	0.07464224100112915
2cx_vs_anchorunmoved	352	50	42	43	1	84.0	86.0	0.01891959272325039	-0.005865583196282387
2cx_vs_anchorunmoved	690	50	46	47	1	92.0	94.0	0.01910311169922352	0.037742625921964645
2cx_vs_anchorunmoved	137	50	44	45	1	88.0	90.0	0.019131645560264587	0.09613608568906784
2cx_vs_anchorunmoved	400	50	21	22	1	42.0	44.0	0.019338054582476616	0.139414981007576
2cx_vs_anchorunmoved	120	50	36	37	1	72.0	74.0	0.020236805081367493	0.08701609820127487
2cx_vs_anchorunmoved	621	50	42	43	1	84.0	86.0	0.02029070071876049	0.0974941998720169
2cx_vs_anchorunmoved	358	50	27	28	1	54.0	56.0	0.020636416971683502	-0.020323695614933968
2cx_vs_anchorunmoved	840	50	44	45	1	88.0	90.0	0.021535754203796387	0.029707269743084908
2cx_vs_anchorunmoved	189	50	41	42	1	82.0	84.0	0.022508135065436363	0.15626519918441772
2cx_vs_anchorunmoved	223	50	44	45	1	88.0	90.0	0.023981723934412003	0.12095355987548828
2cx_vs_anchorunmoved	914	50	38	39	1	76.0	78.0	0.024913925677537918	0.043308839201927185
2cx_vs_anchorunmoved	586	50	44	45	1	88.0	90.0	0.02508290857076645	0.1304449886083603
2cx_vs_anchorunmoved	517	50	41	42	1	82.0	84.0	0.025160230696201324	0.036312397569417953
2cx_vs_anchorunmoved	654	50	38	39	1	76.0	78.0	0.02536865696310997	0.25866812467575073
2cx_vs_anchorunmoved	166	50	34	35	1	68.0	70.0	0.025549210608005524	0.11865010112524033
2cx_vs_anchorunmoved	244	50	46	47	1	92.0	94.0	0.026457156985998154	0.10712600499391556
2cx_vs_anchorunmoved	674	50	46	47	1	92.0	94.0	0.026466798037290573	0.10850129276514053
2cx_vs_anchorunmoved	220	50	36	37	1	72.0	74.0	0.02670607529580593	0.2861822843551636
2cx_vs_anchorunmoved	872	50	38	39	1	76.0	78.0	0.027736572548747063	0.109184630215168
2cx_vs_anchorunmoved	253	50	46	47	1	92.0	94.0	0.027963433414697647	0.43347594141960144
2cx_vs_anchorunmoved	786	50	42	43	1	84.0	86.0	0.028608955442905426	0.15137429535388947
2cx_vs_anchorunmoved	936	50	43	44	1	86.0	88.0	0.02921917662024498	0.30739209055900574
2cx_vs_anchorunmoved	292	50	48	49	1	96.0	98.0	0.031092919409275055	0.07580389827489853
2cx_vs_anchorunmoved	184	50	36	37	1	72.0	74.0	0.031585969030857086	0.24844825267791748
2cx_vs_anchorunmoved	774	50	37	38	1	74.0	76.0	0.03166387602686882	0.11804188042879105
2cx_vs_anchorunmoved	2	50	43	44	1	86.0	88.0	0.03342492878437042	0.27727198600769043
2cx_vs_anchorunmoved	715	50	39	40	1	78.0	80.0	0.03423701599240303	0.2761835753917694
2cx_vs_anchorunmoved	242	50	41	42	1	82.0	84.0	0.03474951907992363	0.13208681344985962
2cx_vs_anchorunmoved	148	50	49	50	1	98.0	100.0	0.0370166152715683	0.2326565533876419
2cx_vs_anchorunmoved	704	50	45	46	1	90.0	92.0	0.039291419088840485	0.2331869751214981
2cx_vs_anchorunmoved	218	50	46	47	1	92.0	94.0	0.04086053743958473	0.12303683161735535
2cx_vs_anchorunmoved	635	50	34	35	1	68.0	70.0	0.04422398656606674	0.06562808901071548
2cx_vs_anchorunmoved	580	50	44	45	1	88.0	90.0	0.046087540686130524	0.40196600556373596
2cx_vs_anchorunmoved	190	50	44	45	1	88.0	90.0	0.04763704165816307	0.4266819357872009
2cx_vs_anchorunmoved	112	50	40	42	2	80.0	84.0	-0.029855500906705856	-0.5398074984550476
2cx_vs_anchorunmoved	491	50	48	50	2	96.0	100.0	-0.027438506484031677	-0.18711037933826447
2cx_vs_anchorunmoved	412	50	37	39	2	74.0	78.0	-0.021231381222605705	0.037871330976486206
2cx_vs_anchorunmoved	879	50	37	39	2	74.0	78.0	-0.020449675619602203	-0.10874959081411362
2cx_vs_anchorunmoved	380	50	32	34	2	64.0	68.0	-0.017734603956341743	-0.1581186056137085
2cx_vs_anchorunmoved	981	50	41	43	2	82.0	86.0	-0.015182798728346825	-0.14373402297496796
2cx_vs_anchorunmoved	973	50	37	39	2	74.0	78.0	-0.013499883003532887	-0.12394686043262482
2cx_vs_anchorunmoved	656	50	26	28	2	52.0	56.0	-0.012647791765630245	-0.0840911865234375
2cx_vs_anchorunmoved	453	50	35	37	2	70.0	74.0	-0.011818897910416126	-0.1886841356754303
2cx_vs_anchorunmoved	735	50	32	34	2	64.0	68.0	-0.009900948964059353	-0.02902611717581749
2cx_vs_anchorunmoved	192	50	41	43	2	82.0	86.0	-0.009608052670955658	-0.24101334810256958
2cx_vs_anchorunmoved	648	50	29	31	2	58.0	62.0	-0.009158981032669544	-0.16694790124893188
2cx_vs_anchorunmoved	542	50	35	37	2	70.0	74.0	-0.009148519486188889	-0.09059891104698181
2cx_vs_anchorunmoved	315	50	43	45	2	86.0	90.0	-0.008437013253569603	-0.1430506855249405
2cx_vs_anchorunmoved	249	50	39	41	2	78.0	82.0	-0.007360413670539856	-0.08030647039413452
2cx_vs_anchorunmoved	527	50	33	35	2	66.0	70.0	-0.0071288482286036015	0.05136981979012489
2cx_vs_anchorunmoved	268	50	46	48	2	92.0	96.0	-0.005521197337657213	0.026144256815314293
2cx_vs_anchorunmoved	526	50	30	32	2	60.0	64.0	-0.004706632345914841	-0.0974343791604042
2cx_vs_anchorunmoved	225	50	47	49	2	94.0	98.0	-0.0037570043932646513	-0.30680760741233826
2cx_vs_anchorunmoved	544	50	37	39	2	74.0	78.0	-0.002620677463710308	-0.05442313104867935
2cx_vs_anchorunmoved	532	50	40	42	2	80.0	84.0	-0.00247445167042315	0.0019226360600441694
2cx_vs_anchorunmoved	193	50	26	28	2	52.0	56.0	-0.0021210703998804092	-0.09330684691667557
2cx_vs_anchorunmoved	753	50	38	40	2	76.0	80.0	-0.002090349793434143	-0.15507389605045319
2cx_vs_anchorunmoved	341	50	30	32	2	60.0	64.0	-0.00018379896937403828	-0.03987959772348404
2cx_vs_anchorunmoved	731	50	31	33	2	62.0	66.0	0.0017928248271346092	-0.170227512717247
2cx_vs_anchorunmoved	919	50	39	41	2	78.0	82.0	0.001999140018597245	-0.006643438246101141
2cx_vs_anchorunmoved	907	50	25	27	2	50.0	54.0	0.004578202497214079	-0.13311231136322021
2cx_vs_anchorunmoved	344	50	48	50	2	96.0	100.0	0.004925343673676252	-0.01142029743641615
2cx_vs_anchorunmoved	448	50	43	45	2	86.0	90.0	0.006142434664070606	0.04244443029165268
2cx_vs_anchorunmoved	435	50	24	26	2	48.0	52.0	0.006824325304478407	0.14663800597190857
2cx_vs_anchorunmoved	550	50	38	40	2	76.0	80.0	0.0070256199687719345	-0.09938862919807434
2cx_vs_anchorunmoved	836	50	9	11	2	18.0	22.0	0.0071672480553388596	-0.10557815432548523
2cx_vs_anchorunmoved	482	50	14	16	2	28.0	32.0	0.007916056551039219	0.09390874207019806
2cx_vs_anchorunmoved	68	50	15	17	2	30.0	34.0	0.008003966882824898	-0.004646720830351114
2cx_vs_anchorunmoved	855	50	36	38	2	72.0	76.0	0.008107151836156845	0.09803415089845657
2cx_vs_anchorunmoved	644	50	38	40	2	76.0	80.0	0.008556535467505455	0.02045745775103569
2cx_vs_anchorunmoved	258	50	48	50	2	96.0	100.0	0.009646523743867874	-0.1462499052286148
2cx_vs_anchorunmoved	107	50	46	48	2	92.0	96.0	0.010033761151134968	-0.08157774060964584
2cx_vs_anchorunmoved	524	50	27	29	2	54.0	58.0	0.01141719613224268	0.06765682250261307
2cx_vs_anchorunmoved	147	50	47	49	2	94.0	98.0	0.01166935358196497	0.10338959097862244
2cx_vs_anchorunmoved	944	50	43	45	2	86.0	90.0	0.011702964082360268	0.037741631269454956
2cx_vs_anchorunmoved	810	50	18	20	2	36.0	40.0	0.012190916575491428	0.04826536029577255
2cx_vs_anchorunmoved	636	50	29	31	2	58.0	62.0	0.012340662069618702	-0.04320969432592392
2cx_vs_anchorunmoved	802	50	46	48	2	92.0	96.0	0.0132985794916749	0.06296264380216599
2cx_vs_anchorunmoved	799	50	22	24	2	44.0	48.0	0.013453389517962933	-0.09738214313983917
2cx_vs_anchorunmoved	363	50	45	47	2	90.0	94.0	0.014594211243093014	0.027790280058979988
2cx_vs_anchorunmoved	503	50	29	31	2	58.0	62.0	0.015619291923940182	0.025752954185009003
2cx_vs_anchorunmoved	194	50	42	44	2	84.0	88.0	0.015987301245331764	0.0014619254507124424
2cx_vs_anchorunmoved	751	50	38	40	2	76.0	80.0	0.01652688719332218	0.010343904606997967
2cx_vs_anchorunmoved	445	50	29	31	2	58.0	62.0	0.017584996297955513	-0.04757823050022125
2cx_vs_anchorunmoved	175	50	32	34	2	64.0	68.0	0.017897451296448708	-0.13681334257125854
2cx_vs_anchorunmoved	424	50	34	36	2	68.0	72.0	0.01861228048801422	0.0885603204369545
2cx_vs_anchorunmoved	40	50	36	38	2	72.0	76.0	0.018986649811267853	0.02009841986000538
2cx_vs_anchorunmoved	109	50	47	49	2	94.0	98.0	0.019689923152327538	0.12362224608659744
2cx_vs_anchorunmoved	180	50	29	31	2	58.0	62.0	0.02049385942518711	-0.03415544331073761
2cx_vs_anchorunmoved	116	50	44	46	2	88.0	92.0	0.020691029727458954	0.203278586268425
2cx_vs_anchorunmoved	197	50	40	42	2	80.0	84.0	0.020792732015252113	0.08339661359786987
2cx_vs_anchorunmoved	260	50	45	47	2	90.0	94.0	0.021105151623487473	0.21184104681015015
2cx_vs_anchorunmoved	860	50	23	25	2	46.0	50.0	0.021540088579058647	0.18162816762924194
2cx_vs_anchorunmoved	77	50	33	35	2	66.0	70.0	0.022468795999884605	0.03391335532069206
2cx_vs_anchorunmoved	64	50	32	34	2	64.0	68.0	0.023005802184343338	0.10162730515003204
2cx_vs_anchorunmoved	454	50	30	32	2	60.0	64.0	0.024397391825914383	-0.06586252897977829
2cx_vs_anchorunmoved	943	50	35	37	2	70.0	74.0	0.024701839312911034	0.0854819118976593
2cx_vs_anchorunmoved	885	50	13	15	2	26.0	30.0	0.02585090696811676	-0.0009980201721191406
2cx_vs_anchorunmoved	301	50	46	48	2	92.0	96.0	0.027217278257012367	0.138295516371727
2cx_vs_anchorunmoved	98	50	44	46	2	88.0	92.0	0.027361715212464333	0.06870231032371521
2cx_vs_anchorunmoved	733	50	25	27	2	50.0	54.0	0.027892403304576874	0.15857572853565216
2cx_vs_anchorunmoved	894	50	38	40	2	76.0	80.0	0.028403284028172493	0.039390917867422104
2cx_vs_anchorunmoved	347	50	45	47	2	90.0	94.0	0.02878541499376297	0.10033154487609863
2cx_vs_anchorunmoved	647	50	42	44	2	84.0	88.0	0.03073056973516941	0.14707469940185547
2cx_vs_anchorunmoved	913	50	46	48	2	92.0	96.0	0.03322162851691246	0.30816352367401123
2cx_vs_anchorunmoved	697	50	34	36	2	68.0	72.0	0.033958662301301956	0.1083514615893364
2cx_vs_anchorunmoved	618	50	23	25	2	46.0	50.0	0.035590603947639465	0.035782136023044586
2cx_vs_anchorunmoved	902	50	40	42	2	80.0	84.0	0.036053456366062164	0.30769962072372437
2cx_vs_anchorunmoved	757	50	43	45	2	86.0	90.0	0.0362992025911808	0.11174226552248001
2cx_vs_anchorunmoved	66	50	26	28	2	52.0	56.0	0.03884045407176018	0.01974654197692871
2cx_vs_anchorunmoved	469	50	32	34	2	64.0	68.0	0.049776218831539154	0.34659263491630554
2cx_vs_anchorunmoved	851	50	35	38	3	70.0	76.0	-0.017255503684282303	0.06434234976768494
2cx_vs_anchorunmoved	702	50	39	42	3	78.0	84.0	-0.015275098383426666	-0.2077641487121582
2cx_vs_anchorunmoved	457	50	38	41	3	76.0	82.0	-0.01145166251808405	-0.23515358567237854
2cx_vs_anchorunmoved	508	50	39	42	3	78.0	84.0	-0.010750831104815006	-0.08483782410621643
2cx_vs_anchorunmoved	62	50	27	30	3	54.0	60.0	-0.007819938473403454	0.018667688593268394
2cx_vs_anchorunmoved	513	50	37	40	3	74.0	80.0	-0.0003700947854667902	-0.01948893629014492
2cx_vs_anchorunmoved	589	50	37	40	3	74.0	80.0	0.00018149502284359187	-0.024364596232771873
2cx_vs_anchorunmoved	165	50	29	32	3	58.0	64.0	0.0012008058838546276	-0.07251391559839249
2cx_vs_anchorunmoved	664	50	16	19	3	32.0	38.0	0.003011072985827923	-0.006977081298828125
2cx_vs_anchorunmoved	777	50	41	44	3	82.0	88.0	0.00429827906191349	0.011649980209767818
2cx_vs_anchorunmoved	551	50	42	45	3	84.0	90.0	0.004544432274997234	0.022135935723781586
2cx_vs_anchorunmoved	977	50	29	32	3	58.0	64.0	0.0056555140763521194	-0.03788435831665993
2cx_vs_anchorunmoved	639	50	18	21	3	36.0	42.0	0.00700242817401886	0.06702198833227158
2cx_vs_anchorunmoved	231	50	17	20	3	34.0	40.0	0.007610625121742487	-0.03660496696829796
2cx_vs_anchorunmoved	28	50	44	47	3	88.0	94.0	0.007717030588537455	0.04070349782705307
2cx_vs_anchorunmoved	623	50	16	19	3	32.0	38.0	0.008968468755483627	0.046147510409355164
2cx_vs_anchorunmoved	762	50	25	28	3	50.0	56.0	0.008980375714600086	0.0873517245054245
2cx_vs_anchorunmoved	759	50	39	42	3	78.0	84.0	0.009165901690721512	0.10468940436840057
2cx_vs_anchorunmoved	663	50	29	32	3	58.0	64.0	0.00918545387685299	0.05428355187177658
2cx_vs_anchorunmoved	195	50	43	46	3	86.0	92.0	0.013143206015229225	0.00037127494579181075
2cx_vs_anchorunmoved	848	50	18	21	3	36.0	42.0	0.014699970372021198	-0.0646367073059082
2cx_vs_anchorunmoved	707	50	41	44	3	82.0	88.0	0.015410296618938446	0.06309153884649277
2cx_vs_anchorunmoved	283	50	44	47	3	88.0	94.0	0.015685535967350006	0.05645143613219261
2cx_vs_anchorunmoved	758	50	39	42	3	78.0	84.0	0.0165176372975111	0.2071852684020996
2cx_vs_anchorunmoved	743	50	34	37	3	68.0	74.0	0.016546759754419327	0.032950565218925476
2cx_vs_anchorunmoved	868	50	34	37	3	68.0	74.0	0.017586832866072655	0.08231694251298904
2cx_vs_anchorunmoved	784	50	22	25	3	44.0	50.0	0.018307514488697052	0.03248352184891701
2cx_vs_anchorunmoved	285	50	32	35	3	64.0	70.0	0.018793104216456413	0.02659093774855137
2cx_vs_anchorunmoved	723	50	46	49	3	92.0	98.0	0.022433066740632057	0.07697699964046478
2cx_vs_anchorunmoved	311	50	33	36	3	66.0	72.0	0.023152880370616913	0.05256792902946472
2cx_vs_anchorunmoved	32	50	23	26	3	46.0	52.0	0.02466021478176117	0.08966205269098282
2cx_vs_anchorunmoved	599	50	37	40	3	74.0	80.0	0.024773234501481056	0.22511477768421173
2cx_vs_anchorunmoved	856	50	29	32	3	58.0	64.0	0.025239715352654457	0.07627028226852417
2cx_vs_anchorunmoved	101	50	36	39	3	72.0	78.0	0.028268730267882347	0.02048770897090435
2cx_vs_anchorunmoved	962	50	37	40	3	74.0	80.0	0.029198192059993744	0.28828883171081543
2cx_vs_anchorunmoved	575	50	41	44	3	82.0	88.0	0.029276637360453606	0.240056574344635
2cx_vs_anchorunmoved	477	50	35	38	3	70.0	76.0	0.03132583573460579	0.19445441663265228
2cx_vs_anchorunmoved	484	50	32	35	3	64.0	70.0	0.03690829873085022	0.0935354009270668
2cx_vs_anchorunmoved	653	50	34	37	3	68.0	74.0	0.042221613228321075	0.3143262565135956
2cx_vs_anchorunmoved	602	50	36	39	3	72.0	78.0	0.047881267964839935	0.24165107309818268
2cx_vs_anchorunmoved	418	50	32	36	4	64.0	72.0	0.004946243949234486	-0.07814270257949829
2cx_vs_anchorunmoved	964	50	34	38	4	68.0	76.0	0.008238593116402626	-0.04320373386144638
2cx_vs_anchorunmoved	859	50	34	38	4	68.0	76.0	0.011206489987671375	0.11770002543926239
2cx_vs_anchorunmoved	838	50	21	25	4	42.0	50.0	0.013261543586850166	0.21335449814796448
2cx_vs_anchorunmoved	423	50	33	37	4	66.0	74.0	0.017532404512166977	0.0268710907548666
2cx_vs_anchorunmoved	870	50	43	47	4	86.0	94.0	0.022830940783023834	0.14279796183109283
2cx_vs_anchorunmoved	155	50	37	41	4	74.0	82.0	0.033537451177835464	0.11920107156038284
2cx_vs_anchorunmoved	270	50	44	48	4	88.0	96.0	0.038504406809806824	0.10427409410476685
2cx_vs_anchorunmoved	170	50	34	38	4	68.0	76.0	0.052312418818473816	0.13238297402858734
2cx_vs_anchorunmoved	657	50	15	20	5	30.0	40.0	0.013132575899362564	0.03159258887171745
2cx_vs_anchorunmoved	689	50	14	19	5	28.0	38.0	0.04093198478221893	-0.0519854910671711
2cx_vs_anchorunmoved	250	50	35	41	6	70.0	82.0	0.024597397074103355	0.03483029454946518
2cx_vs_anchorunmoved	596	50	33	39	6	66.0	78.0	0.026346487924456596	0.11059962213039398
2cx_vs_anchorunmoved	413	50	28	34	6	56.0	68.0	0.040106091648340225	0.09662920981645584
2cx_vs_anchorunmoved	869	50	29	35	6	58.0	70.0	0.05357665941119194	0.23120330274105072
2cx_vs_anchorunmoved	834	50	25	32	7	50.0	64.0	0.045294370502233505	0.032680682837963104
2cx_vs_anchorunmoved	830	50	31	38	7	62.0	76.0	0.1019606664776802	0.5681120157241821
