pair	sample_index	target	direction	ref_pred	cmp_pred	ref_conf	cmp_conf	ref_true_prob	cmp_true_prob	true_prob_delta	ref_margin	cmp_margin
2cx_vs_plain	31885	262	improved	283	262	0.4841650724411011	0.9017715454101562	0.2504361867904663	0.9017715454101562	0.6513353586196899	0.6592216491699219	3.8140439987182617
2cx_vs_plain	33403	606	improved	622	606	0.597286581993103	0.789240300655365	0.1513729691505432	0.789240300655365	0.6378673315048218	1.372650146484375	2.846284866333008
2cx_vs_plain	32554	79	improved	308	79	0.6737620830535889	0.753444254398346	0.11681366711854935	0.753444254398346	0.6366305947303772	1.7522969245910645	2.4347829818725586
2cx_vs_plain	34256	696	improved	487	696	0.3750399947166443	0.698512077331543	0.06810050457715988	0.698512077331543	0.6304115653038025	0.821014404296875	1.8874406814575195
2cx_vs_plain	47250	483	regressed	483	972	0.7361853122711182	0.153887540102005	0.7361853122711182	0.11636020243167877	-0.6198251247406006	4.385272026062012	0.27953147888183594
2cx_vs_plain	38779	700	regressed	700	731	0.7776539325714111	0.23361057043075562	0.7776539325714111	0.16836780309677124	-0.6092861294746399	2.578817367553711	0.32750463485717773
2cx_vs_plain	7421	79	regressed	79	316	0.6315271258354187	0.19575536251068115	0.6315271258354187	0.032261695712804794	-0.599265456199646	2.168120861053467	1.2243881225585938
2cx_vs_plain	29388	337	improved	342	337	0.23010453581809998	0.7363707423210144	0.14507827162742615	0.7363707423210144	0.5912925004959106	0.3056650161743164	2.5697569847106934
2cx_vs_plain	45466	593	regressed	593	878	0.8786948323249817	0.30379852652549744	0.8786948323249817	0.2908376157283783	-0.5878572463989258	3.8937277793884277	0.043599605560302734
2cx_vs_plain	22481	367	regressed	367	369	0.7435623407363892	0.6348447799682617	0.7435623407363892	0.16443787515163422	-0.5791244506835938	1.7111763954162598	1.3508477210998535
2cx_vs_plain	46262	39	improved	380	39	0.17788414657115936	0.6651194095611572	0.09055633097887039	0.6651194095611572	0.5745630860328674	0.6751604080200195	3.35109281539917
2cx_vs_plain	41591	478	regressed	478	674	0.7230328321456909	0.25340506434440613	0.7230328321456909	0.1602735072374344	-0.5627593398094177	2.8228702545166016	0.45810747146606445
2cx_vs_plain	40074	188	improved	850	188	0.8404117822647095	0.5980810523033142	0.04096902534365654	0.5980810523033142	0.5571120381355286	3.02107572555542	1.9784555435180664
2cx_vs_plain	22848	311	improved	66	311	0.2900964319705963	0.7363119721412659	0.17994153499603271	0.7363119721412659	0.5563704371452332	0.4775815010070801	2.127784252166748
2cx_vs_plain	43384	775	improved	794	775	0.34591376781463623	0.8761593699455261	0.32243970036506653	0.8761593699455261	0.5537196397781372	0.07027339935302734	3.899054527282715
2cx_vs_plain	40125	20	improved	137	20	0.47265082597732544	0.7245568633079529	0.18838253617286682	0.7245568633079529	0.5361742973327637	0.9198822975158691	2.236363410949707
2cx_vs_plain	22868	542	improved	696	542	0.8771209120750427	0.5968993306159973	0.06673747301101685	0.5968993306159973	0.5301618576049805	2.575878143310547	0.6430778503417969
2cx_vs_plain	47162	405	improved	628	405	0.21582788228988647	0.653468132019043	0.1235593855381012	0.653468132019043	0.5299087762832642	0.5577592849731445	2.849292278289795
2cx_vs_plain	32416	47	improved	44	47	0.5012425184249878	0.6963702440261841	0.1680588573217392	0.6963702440261841	0.5283113718032837	1.092775821685791	2.6573314666748047
2cx_vs_plain	19656	712	improved	845	712	0.692435085773468	0.7423200011253357	0.21519708633422852	0.7423200011253357	0.5271229147911072	1.1686601638793945	1.644007682800293
2cx_vs_plain	21134	864	regressed	864	407	0.6263197064399719	0.6567942500114441	0.6263197064399719	0.10499736666679382	-0.5213223695755005	1.6347990036010742	1.8334355354309082
2cx_vs_plain	33022	447	regressed	447	976	0.6626803874969482	0.345314621925354	0.6626803874969482	0.14355695247650146	-0.5191234350204468	2.434427261352539	0.8777241706848145
2cx_vs_plain	27748	11	improved	303	11	0.3997010290622711	0.7901857495307922	0.27486366033554077	0.7901857495307922	0.5153220891952515	0.37444162368774414	2.850836753845215
2cx_vs_plain	44846	216	improved	257	216	0.2781001031398773	0.7776277661323547	0.26592347025871277	0.7776277661323547	0.5117043256759644	0.04477262496948242	3.1330504417419434
2cx_vs_plain	49	830	improved	728	830	0.12639039754867554	0.5684375166893005	0.05691586062312126	0.5684375166893005	0.5115216374397278	0.2751345634460449	2.577503204345703
2cx_vs_plain	46430	238	regressed	238	240	0.7704877853393555	0.5084794163703918	0.7704877853393555	0.26114025712013245	-0.5093475580215454	2.146137237548828	0.6663670539855957
2cx_vs_plain	18524	964	regressed	964	931	0.7003129720687866	0.5282061100006104	0.7003129720687866	0.19213394820690155	-0.5081790089607239	1.7700018882751465	1.011293888092041
2cx_vs_plain	15263	171	improved	178	171	0.6163250803947449	0.5571601986885071	0.04918265715241432	0.5571601986885071	0.5079775452613831	2.528233528137207	2.1597375869750977
2cx_vs_plain	33069	812	improved	404	812	0.5851024985313416	0.5727332234382629	0.06530727446079254	0.5727332234382629	0.5074259638786316	2.192683696746826	2.0571541786193848
2cx_vs_plain	29847	697	regressed	697	655	0.6242386102676392	0.18569228053092957	0.6242386102676392	0.11756652593612671	-0.5066720843315125	3.136915683746338	0.45708656311035156
2cx_vs_plain	9244	822	improved	808	822	0.51051265001297	0.6492183208465576	0.14289450645446777	0.6492183208465576	0.5063238143920898	1.2733087539672852	2.3203649520874023
2cx_vs_plain	33419	793	improved	808	793	0.5898297429084778	0.8089298009872437	0.302844762802124	0.8089298009872437	0.5060850381851196	0.6666135787963867	2.176952362060547
2cx_vs_plain	24181	467	improved	778	467	0.5878605842590332	0.753990113735199	0.24997727572917938	0.753990113735199	0.5040128231048584	0.8551197052001953	2.2695422172546387
2cx_vs_plain	49272	75	improved	310	75	0.3209936320781708	0.6312001943588257	0.12892629206180573	0.6312001943588257	0.5022739171981812	0.9121804237365723	1.2133588790893555
2cx_vs_plain	1327	270	improved	296	270	0.6156233549118042	0.6833894848823547	0.18202920258045197	0.6833894848823547	0.501360297203064	1.218468189239502	1.5937490463256836
2cx_vs_plain	35221	457	regressed	457	761	0.6853921413421631	0.3662046194076538	0.6853921413421631	0.1845788061618805	-0.500813364982605	2.2525434494018555	0.6851158142089844
2cx_vs_plain	27612	697	improved	614	697	0.7127649188041687	0.6770537495613098	0.17672917246818542	0.6770537495613098	0.5003246068954468	1.3945331573486328	1.2932729721069336
2cx_vs_plain	43421	498	regressed	498	762	0.6668086647987366	0.22670972347259521	0.6668086647987366	0.16723287105560303	-0.49957579374313354	2.1193270683288574	0.20458316802978516
2cx_vs_plain	41261	351	improved	352	351	0.5183478593826294	0.6945523023605347	0.1962481290102005	0.6945523023605347	0.49830418825149536	0.9712667465209961	1.7785329818725586
2cx_vs_plain	27392	830	improved	652	830	0.7272243499755859	0.6034597158432007	0.10564924031496048	0.6034597158432007	0.4978104829788208	1.9291105270385742	1.1020946502685547
2cx_vs_plain	22216	82	regressed	82	21	0.5712903141975403	0.7589905261993408	0.5712903141975403	0.07451192289590836	-0.4967783987522125	1.2733149528503418	2.3210301399230957
2cx_vs_plain	42194	838	improved	419	838	0.40878424048423767	0.6990522742271423	0.2060876339673996	0.6990522742271423	0.49296462535858154	0.6848859786987305	2.283461093902588
2cx_vs_plain	2701	141	regressed	141	142	0.7190718650817871	0.2634499669075012	0.7190718650817871	0.22721131145954132	-0.491860568523407	3.1339430809020996	0.14798307418823242
2cx_vs_plain	16975	729	regressed	729	446	0.6040675044059753	0.27168869972229004	0.6040675044059753	0.1137271448969841	-0.49034035205841064	1.8880195617675781	0.16493797302246094
2cx_vs_plain	47479	501	improved	841	501	0.7107270956039429	0.6637389659881592	0.1735803484916687	0.6637389659881592	0.4901586174964905	1.4096479415893555	0.9654254913330078
2cx_vs_plain	39905	629	improved	626	629	0.32961976528167725	0.80781090259552	0.3181307911872864	0.80781090259552	0.48968011140823364	0.0354771614074707	3.839538097381592
2cx_vs_plain	5865	183	improved	265	183	0.5409766435623169	0.5342400670051575	0.046558354049921036	0.5342400670051575	0.48768171668052673	0.781916618347168	0.8436985015869141
2cx_vs_plain	19078	521	improved	965	521	0.6164628267288208	0.6503509283065796	0.1634698212146759	0.6503509283065796	0.4868811070919037	1.3273696899414062	1.9531097412109375
2cx_vs_plain	43100	415	improved	443	415	0.7457720637321472	0.6339377164840698	0.14747147262096405	0.6339377164840698	0.4864662289619446	1.6207852363586426	1.1294269561767578
2cx_vs_plain	35122	999	regressed	999	617	0.6841804385185242	0.4771943986415863	0.6841804385185242	0.20187094807624817	-0.482309490442276	1.8274316787719727	0.860295295715332
2cx_vs_plain	31837	467	regressed	467	766	0.6848469376564026	0.43150606751441956	0.6848469376564026	0.20610910654067993	-0.47873783111572266	2.0447492599487305	0.7388758659362793
2cx_vs_plain	40754	284	improved	174	284	0.3550855815410614	0.8108590245246887	0.33244019746780396	0.8108590245246887	0.47841882705688477	0.06589889526367188	3.3397302627563477
2cx_vs_plain	35098	209	improved	225	209	0.540744423866272	0.8149948716163635	0.3386261761188507	0.8149948716163635	0.4763686954975128	0.4680500030517578	3.1249709129333496
2cx_vs_plain	14736	558	improved	764	558	0.6417055130004883	0.5941594839096069	0.12248080968856812	0.5941594839096069	0.4716786742210388	1.656175136566162	1.0303325653076172
2cx_vs_plain	24498	880	regressed	880	840	0.6221845149993896	0.4004010260105133	0.6221845149993896	0.15723392367362976	-0.4649505913257599	1.7528376579284668	0.9347319602966309
2cx_vs_plain	199	830	improved	791	830	0.5247607231140137	0.6437225341796875	0.18000517785549164	0.6437225341796875	0.46371734142303467	1.0699567794799805	1.8678321838378906
2cx_vs_plain	10971	630	improved	703	630	0.6479154229164124	0.6635794043540955	0.20081517100334167	0.6635794043540955	0.4627642333507538	1.1713752746582031	0.8912878036499023
2cx_vs_plain	28936	824	improved	885	824	0.4052811563014984	0.8052866458892822	0.34395718574523926	0.8052866458892822	0.46132946014404297	0.1640639305114746	2.1170811653137207
2cx_vs_plain	42384	151	improved	172	151	0.37582817673683167	0.8016970157623291	0.3405342996120453	0.8016970157623291	0.4611627161502838	0.09861612319946289	4.119311332702637
2cx_vs_plain	46516	200	regressed	200	226	0.699830949306488	0.5703175663948059	0.699830949306488	0.2407362014055252	-0.459094762802124	1.3249726295471191	0.8624916076660156
2cx_vs_plain	46441	38	improved	28	38	0.37707024812698364	0.6152302026748657	0.15626929700374603	0.6152302026748657	0.4589608907699585	0.8808507919311523	2.1186633110046387
2cx_vs_plain	6488	334	improved	360	334	0.3705233931541443	0.6752783060073853	0.21733734011650085	0.6752783060073853	0.4579409658908844	0.5334658622741699	1.8722667694091797
2cx_vs_plain	42081	965	improved	928	965	0.47234833240509033	0.7938826680183411	0.3390562832355499	0.7938826680183411	0.45482638478279114	0.33155059814453125	1.7940177917480469
2cx_vs_plain	12278	426	improved	892	426	0.39265331625938416	0.6770663857460022	0.22422383725643158	0.6770663857460022	0.4528425335884094	0.5602822303771973	1.752336025238037
2cx_vs_plain	47312	38	improved	397	38	0.4349927008152008	0.8424504995346069	0.3916284143924713	0.8424504995346069	0.4508220851421356	0.10501575469970703	3.050652503967285
2cx_vs_plain	28470	913	regressed	913	724	0.6420689225196838	0.6573674082756042	0.6420689225196838	0.19222058355808258	-0.44984835386276245	1.1452083587646484	1.2295994758605957
2cx_vs_plain	15565	494	regressed	494	653	0.48088401556015015	0.6000750660896301	0.48088401556015015	0.032806992530822754	-0.4480770230293274	1.4422345161437988	2.317573070526123
2cx_vs_plain	6074	366	regressed	366	294	0.6076944470405579	0.40586787462234497	0.6076944470405579	0.16116604208946228	-0.4465284049510956	1.9514427185058594	0.9235925674438477
2cx_vs_plain	3422	792	regressed	792	734	0.6037465929985046	0.4553804099559784	0.6037465929985046	0.15774106979370117	-0.44600552320480347	1.2213349342346191	1.060178279876709
2cx_vs_plain	23250	903	improved	221	903	0.41913968324661255	0.7002548575401306	0.2543013095855713	0.7002548575401306	0.4459535479545593	0.49968433380126953	2.218991279602051
2cx_vs_plain	11642	23	regressed	23	84	0.5138515830039978	0.7042277455329895	0.5138515830039978	0.068205825984478	-0.4456457495689392	0.7279601097106934	2.3345718383789062
2cx_vs_plain	15754	84	improved	136	84	0.40304163098335266	0.820986270904541	0.375794917345047	0.820986270904541	0.445191353559494	0.06999635696411133	2.430466651916504
2cx_vs_plain	34796	468	regressed	468	436	0.6874045729637146	0.4015054404735565	0.6874045729637146	0.24262869358062744	-0.44477587938308716	1.9958000183105469	0.5036888122558594
2cx_vs_plain	17805	392	regressed	392	390	0.4814617335796356	0.8065539598464966	0.4814617335796356	0.038331884890794754	-0.44312983751296997	0.9530830383300781	3.0464887619018555
2cx_vs_plain	45285	134	improved	99	134	0.6379287838935852	0.6423439979553223	0.20195260643959045	0.6423439979553223	0.4403913915157318	1.150193691253662	0.9750385284423828
2cx_vs_plain	34217	314	improved	118	314	0.20345765352249146	0.48826873302459717	0.05252163112163544	0.48826873302459717	0.43574708700180054	0.4354524612426758	1.5815248489379883
2cx_vs_plain	17818	630	regressed	630	514	0.7103444337844849	0.33710145950317383	0.7103444337844849	0.27530086040496826	-0.4350435733795166	2.266267776489258	0.20251941680908203
2cx_vs_plain	36292	88	regressed	88	21	0.7343840599060059	0.41717061400413513	0.7343840599060059	0.2993588149547577	-0.43502524495124817	2.387007236480713	0.33185243606567383
2cx_vs_plain	25325	822	improved	112	822	0.4829382300376892	0.6069072484970093	0.1744503527879715	0.6069072484970093	0.432456910610199	1.0182485580444336	2.356212615966797
2cx_vs_plain	44909	18	improved	19	18	0.5882660150527954	0.6702955365180969	0.2391783893108368	0.6702955365180969	0.43111714720726013	0.8999695777893066	1.2242865562438965
2cx_vs_plain	47324	856	improved	634	856	0.7733719944953918	0.4806634783744812	0.05223315954208374	0.4806634783744812	0.42843031883239746	2.695042610168457	0.5859894752502441
2cx_vs_plain	46168	107	improved	574	107	0.2294585406780243	0.6131827235221863	0.18510591983795166	0.6131827235221863	0.4280768036842346	0.21479415893554688	1.4107036590576172
2cx_vs_plain	32456	261	improved	174	261	0.6950461864471436	0.6442328095436096	0.21756255626678467	0.6442328095436096	0.42667025327682495	1.161491870880127	0.9314260482788086
2cx_vs_plain	9564	512	improved	673	512	0.4001156985759735	0.7019809484481812	0.27548739314079285	0.7019809484481812	0.4264935553073883	0.3732118606567383	2.3767242431640625
2cx_vs_plain	31883	459	improved	684	459	0.5749765038490295	0.6699373126029968	0.2449696809053421	0.6699373126029968	0.4249676465988159	0.8531947135925293	1.271615982055664
2cx_vs_plain	24462	593	improved	650	593	0.42181408405303955	0.7039791941642761	0.27915728092193604	0.7039791941642761	0.4248219132423401	0.41278934478759766	1.6810011863708496
2cx_vs_plain	44910	66	improved	49	66	0.2704731523990631	0.6368856430053711	0.2143823206424713	0.6368856430053711	0.4225033223628998	0.23241186141967773	1.4223670959472656
2cx_vs_plain	39075	824	improved	533	824	0.4353945851325989	0.7567211985588074	0.33438190817832947	0.7567211985588074	0.4223392903804779	0.26396894454956055	2.142380714416504
2cx_vs_plain	25056	580	regressed	580	738	0.7128125429153442	0.5130224823951721	0.7128125429153442	0.2923024892807007	-0.42051005363464355	1.593337059020996	0.562530517578125
2cx_vs_plain	49249	961	improved	6	961	0.40618306398391724	0.7206016182899475	0.3018316328525543	0.7206016182899475	0.4187699854373932	0.2969346046447754	2.2342467308044434
2cx_vs_plain	753	44	regressed	44	60	0.7274385690689087	0.33703574538230896	0.7274385690689087	0.3092153072357178	-0.4182232618331909	2.6329574584960938	0.086151123046875
2cx_vs_plain	35320	788	regressed	788	454	0.6444188952445984	0.3483912944793701	0.6444188952445984	0.2300516664981842	-0.4143672287464142	2.1666836738586426	0.4150223731994629
2cx_vs_plain	6626	148	improved	147	148	0.6681403517723083	0.6414784789085388	0.2276008576154709	0.6414784789085388	0.41387760639190674	1.0769047737121582	0.9236435890197754
2cx_vs_plain	5567	312	regressed	312	600	0.509019136428833	0.19134201109409332	0.509019136428833	0.09583354741334915	-0.41318559646606445	1.5896921157836914	0.30373668670654297
2cx_vs_plain	47397	293	improved	288	293	0.4727458357810974	0.7559781670570374	0.34288060665130615	0.7559781670570374	0.4130975604057312	0.32117557525634766	1.9595708847045898
2cx_vs_plain	32833	355	regressed	355	9	0.5342453122138977	0.6383211612701416	0.5342453122138977	0.12126464396715164	-0.41298067569732666	1.1207785606384277	1.6608662605285645
2cx_vs_plain	28458	559	improved	532	559	0.46483543515205383	0.7576004266738892	0.34549272060394287	0.7576004266738892	0.4121077060699463	0.29671192169189453	1.6721782684326172
2cx_vs_plain	13070	671	regressed	671	518	0.6843122839927673	0.5664888024330139	0.6843122839927673	0.27271097898483276	-0.41160130500793457	1.3003854751586914	0.7310447692871094
2cx_vs_plain	22226	17	regressed	17	14	0.7814162373542786	0.4250882863998413	0.7814162373542786	0.37040212750434875	-0.4110141098499298	2.362034797668457	0.13770771026611328
2cx_vs_plain	42763	553	regressed	553	559	0.5200483202934265	0.43515926599502563	0.5200483202934265	0.11016681790351868	-0.40988150238990784	1.2824296951293945	1.2696032524108887
2cx_vs_plain	4126	239	improved	238	239	0.33899906277656555	0.7470247149467468	0.33717480301856995	0.7470247149467468	0.4098499119281769	0.0053958892822265625	2.7349390983581543
2cx_vs_plain	33573	818	improved	729	818	0.26681944727897644	0.4627876281738281	0.0535573735833168	0.4627876281738281	0.4092302620410919	1.4692978858947754	2.644071578979492
2cx_vs_plain	14075	658	regressed	658	806	0.8253549933433533	0.4302631914615631	0.8253549933433533	0.4162715971469879	-0.40908339619636536	2.56141996383667	0.033059120178222656
2cx_vs_plain	37461	147	improved	139	147	0.32218173146247864	0.4314061403274536	0.024207012727856636	0.4314061403274536	0.40719911456108093	1.634955883026123	1.1610255241394043
2cx_vs_plain	24990	282	regressed	282	285	0.5712915658950806	0.34754613041877747	0.5712915658950806	0.16461732983589172	-0.40667423605918884	1.2216510772705078	0.7472739219665527
2cx_vs_plain	40176	11	regressed	11	10	0.6635538339614868	0.6104758977890015	0.6635538339614868	0.2574206590652466	-0.40613317489624023	1.386373519897461	0.8635272979736328
2cx_vs_plain	45100	347	improved	342	347	0.6404150128364563	0.5225204229354858	0.11742520332336426	0.5225204229354858	0.4050952196121216	1.696314811706543	0.6786360740661621
2cx_vs_plain	13047	489	improved	829	489	0.2732667326927185	0.5313066244125366	0.12688526511192322	0.5313066244125366	0.4044213593006134	0.7671651840209961	2.788442611694336
2cx_vs_plain	41751	693	regressed	693	421	0.4802370071411133	0.8981202840805054	0.4802370071411133	0.07687243819236755	-0.4033645689487457	0.04180431365966797	2.4581565856933594
2cx_vs_plain	31039	218	improved	215	218	0.5510911345481873	0.7150808572769165	0.3127575218677521	0.7150808572769165	0.40232333540916443	0.566472053527832	1.6209383010864258
2cx_vs_plain	21390	253	improved	173	253	0.4268701374530792	0.602627694606781	0.20382799208164215	0.602627694606781	0.39879971742630005	0.7392034530639648	1.5109591484069824
2cx_vs_plain	24568	81	regressed	81	82	0.4852086305618286	0.5561757683753967	0.4852086305618286	0.08662423491477966	-0.39858439564704895	0.6400318145751953	1.8595046997070312
2cx_vs_plain	44202	774	regressed	774	770	0.6459367275238037	0.3824704587459564	0.6459367275238037	0.24855603277683258	-0.3973807096481323	2.0371928215026855	0.4309830665588379
2cx_vs_plain	36522	791	regressed	791	566	0.6322404742240906	0.2388213574886322	0.6322404742240906	0.2364516407251358	-0.39578884840011597	2.146397113800049	0.009972095489501953
2cx_vs_plain	6734	812	improved	744	812	0.3565349578857422	0.6002348065376282	0.20778252184391022	0.6002348065376282	0.39245229959487915	0.3450765609741211	1.7102527618408203
2cx_vs_plain	22937	865	regressed	865	526	0.5386810302734375	0.1718152016401291	0.5386810302734375	0.14791592955589294	-0.39076510071754456	1.9119524955749512	0.14977550506591797
2cx_vs_plain	31563	44	regressed	44	41	0.8267568945884705	0.46591994166374207	0.8267568945884705	0.43651533126831055	-0.3902415633201599	2.0597448348999023	0.06519031524658203
2cx_vs_plain	14480	21	improved	18	21	0.5459930896759033	0.4762091040611267	0.08630935102701187	0.4762091040611267	0.38989976048469543	1.8446683883666992	1.1158618927001953
2cx_vs_plain	486	165	improved	163	165	0.5485368371009827	0.6384267210960388	0.25037848949432373	0.6384267210960388	0.3880482316017151	0.7842807769775391	1.1842193603515625
2cx_vs_plain	45224	715	regressed	715	491	0.42386555671691895	0.07715814560651779	0.42386555671691895	0.03610459342598915	-0.3877609670162201	1.1653318405151367	0.2122502326965332
2cx_vs_plain	35583	389	improved	391	389	0.4376561939716339	0.6201818585395813	0.23268575966358185	0.6201818585395813	0.38749611377716064	0.6317448616027832	1.4618349075317383
2cx_vs_plain	41924	524	improved	461	524	0.15314483642578125	0.5185332894325256	0.13156042993068695	0.5185332894325256	0.3869728446006775	0.1519179344177246	1.2540626525878906
2cx_vs_plain	43784	379	improved	295	379	0.2608588635921478	0.641653299331665	0.2569926083087921	0.641653299331665	0.3846606910228729	0.01493215560913086	2.1413979530334473
2cx_vs_plain	20138	529	regressed	529	696	0.6535881757736206	0.42201507091522217	0.6535881757736206	0.2698136568069458	-0.3837745189666748	1.7088603973388672	0.4473094940185547
2cx_vs_plain	1364	159	regressed	159	168	0.7277429103851318	0.5061690807342529	0.7277429103851318	0.34516170620918274	-0.3825812041759491	1.58622407913208	0.3828577995300293
2cx_vs_plain	34661	872	improved	840	872	0.36096373200416565	0.6033478379249573	0.22281722724437714	0.6033478379249573	0.38053059577941895	0.4824256896972656	1.0489177703857422
2cx_vs_plain	10175	553	regressed	553	772	0.4593517780303955	0.3209821283817291	0.4593517780303955	0.07890656590461731	-0.3804452121257782	2.204887866973877	1.403120994567871
2cx_vs_plain	14256	182	improved	185	182	0.5004309415817261	0.6777740716934204	0.2975495457649231	0.6777740716934204	0.3802245259284973	0.5198888778686523	1.0430192947387695
2cx_vs_plain	8478	549	regressed	549	692	0.5800614356994629	0.2745516300201416	0.5800614356994629	0.20007306337356567	-0.3799883723258972	1.6213140487670898	0.31645679473876953
2cx_vs_plain	10366	834	improved	457	834	0.24383559823036194	0.5815850496292114	0.20196223258972168	0.5815850496292114	0.37962281703948975	0.1884136199951172	1.0174388885498047
2cx_vs_plain	6094	444	regressed	444	870	0.670784056186676	0.4416601359844208	0.670784056186676	0.29134005308151245	-0.3794440031051636	1.7714920043945312	0.4160494804382324
2cx_vs_plain	46627	124	improved	122	124	0.4979080855846405	0.7583427429199219	0.37902340292930603	0.7583427429199219	0.37931933999061584	0.27281761169433594	1.7902674674987793
2cx_vs_plain	10560	462	improved	696	462	0.6043285131454468	0.6561928391456604	0.27693796157836914	0.6561928391456604	0.37925487756729126	0.7803244590759277	0.9699811935424805
2cx_vs_plain	23325	658	regressed	658	474	0.564082682132721	0.37315094470977783	0.564082682132721	0.18506810069084167	-0.3790145814418793	1.1424574851989746	0.47962474822998047
2cx_vs_plain	5252	478	improved	549	478	0.23998905718326569	0.5515748858451843	0.17269845306873322	0.5515748858451843	0.3788764476776123	0.17306137084960938	1.1255731582641602
2cx_vs_plain	46040	403	regressed	403	895	0.6721872091293335	0.6733640432357788	0.6721872091293335	0.2933109700679779	-0.3788762390613556	0.8576288223266602	0.8310527801513672
2cx_vs_plain	9394	140	regressed	140	139	0.7045971155166626	0.5822727084159851	0.7045971155166626	0.3269694745540619	-0.3776276409626007	1.1098289489746094	0.5770721435546875
2cx_vs_plain	17120	862	improved	608	862	0.08247927576303482	0.45325222611427307	0.07605208456516266	0.45325222611427307	0.3772001266479492	0.0749053955078125	2.9499077796936035
2cx_vs_plain	48977	356	improved	357	356	0.27251502871513367	0.6150658130645752	0.23788972198963165	0.6150658130645752	0.37717610597610474	0.13588666915893555	1.738739013671875
2cx_vs_plain	5160	587	regressed	587	784	0.724892258644104	0.4742906093597412	0.724892258644104	0.3500746488571167	-0.3748176097869873	1.5711259841918945	0.30367374420166016
2cx_vs_plain	33444	174	improved	195	174	0.414787232875824	0.4283216595649719	0.05363823100924492	0.4283216595649719	0.3746834397315979	1.5278234481811523	1.419710636138916
2cx_vs_plain	21257	26	regressed	26	32	0.46361243724823	0.4601097106933594	0.46361243724823	0.08983223140239716	-0.37378019094467163	1.1472468376159668	1.6335210800170898
2cx_vs_plain	31411	193	improved	196	193	0.49867814779281616	0.6908931136131287	0.31738564372062683	0.6908931136131287	0.37350746989250183	0.45184326171875	1.6111011505126953
2cx_vs_plain	19482	225	improved	235	225	0.37628015875816345	0.6202089190483093	0.24705277383327484	0.6202089190483093	0.3731561303138733	0.4207320213317871	1.767268180847168
2cx_vs_plain	27934	869	improved	617	869	0.3559388518333435	0.5417399406433105	0.16928818821907043	0.5417399406433105	0.3724517524242401	0.7431564331054688	1.5717535018920898
2cx_vs_plain	17728	489	regressed	489	287	0.4839572310447693	0.6425901055335999	0.4839572310447693	0.11229024827480316	-0.37166696786880493	0.7549781799316406	1.744420051574707
2cx_vs_plain	18035	40	improved	311	40	0.37160661816596985	0.5412050485610962	0.17010681331157684	0.5412050485610962	0.37109822034835815	0.3470339775085449	1.37614107131958
2cx_vs_plain	4593	306	improved	302	306	0.49170562624931335	0.4930570423603058	0.12232933193445206	0.4930570423603058	0.3707277178764343	1.3911633491516113	0.8269648551940918
2cx_vs_plain	33402	199	regressed	199	219	0.43721672892570496	0.6343822479248047	0.43721672892570496	0.0672362893819809	-0.36998045444488525	0.8179502487182617	2.111645221710205
2cx_vs_plain	45253	760	regressed	760	550	0.6885383725166321	0.5152860879898071	0.6885383725166321	0.3192754089832306	-0.3692629635334015	1.3964533805847168	0.478668212890625
2cx_vs_plain	19516	789	regressed	789	421	0.44680070877075195	0.5552411079406738	0.44680070877075195	0.07762524485588074	-0.3691754639148712	1.094888687133789	1.9675097465515137
2cx_vs_plain	34023	456	regressed	456	776	0.5446166396141052	0.607826828956604	0.5446166396141052	0.17601297795772552	-0.3686036467552185	1.8802800178527832	1.2393321990966797
2cx_vs_plain	33643	506	regressed	506	117	0.6518033742904663	0.40960440039634705	0.6518033742904663	0.28374385833740234	-0.36805951595306396	1.539219856262207	0.36711978912353516
2cx_vs_plain	31670	518	improved	671	518	0.5719661116600037	0.6014929413795471	0.23391184210777283	0.6014929413795471	0.3675810992717743	0.8941354751586914	1.2935452461242676
2cx_vs_plain	32855	21	improved	23	21	0.3585062623023987	0.7114679217338562	0.34425416588783264	0.7114679217338562	0.36721375584602356	0.04056596755981445	2.3971118927001953
2cx_vs_plain	39269	898	improved	970	898	0.22872386872768402	0.4517347514629364	0.08536645025014877	0.4517347514629364	0.36636829376220703	0.9855623245239258	1.264897346496582
2cx_vs_plain	14975	200	regressed	200	226	0.49395591020584106	0.7292549014091492	0.49395591020584106	0.1283205896615982	-0.36563533544540405	0.13747310638427734	1.7374916076660156
2cx_vs_plain	40522	132	regressed	132	129	0.6395230889320374	0.5517643094062805	0.6395230889320374	0.2756337821483612	-0.36388930678367615	0.8997230529785156	0.6940479278564453
2cx_vs_plain	41319	785	regressed	785	772	0.5584908723831177	0.2859901189804077	0.5584908723831177	0.19516757130622864	-0.36332330107688904	1.8058242797851562	0.3820986747741699
2cx_vs_plain	4542	529	regressed	529	728	0.5325986742973328	0.4243013262748718	0.5325986742973328	0.16962166130542755	-0.3629770278930664	1.1453957557678223	0.9168734550476074
2cx_vs_plain	10150	622	regressed	622	878	0.5297735929489136	0.507993757724762	0.5297735929489136	0.16690512001514435	-0.3628684878349304	2.3653340339660645	1.1130437850952148
2cx_vs_plain	34255	285	improved	283	285	0.42636194825172424	0.5324718356132507	0.16968347132205963	0.5324718356132507	0.3627883791923523	0.921353816986084	2.266453266143799
2cx_vs_plain	36157	818	improved	745	818	0.21849116683006287	0.5778685212135315	0.21572643518447876	0.5778685212135315	0.36214208602905273	0.012734413146972656	2.049642562866211
2cx_vs_plain	28549	212	improved	180	212	0.5700216293334961	0.5004608631134033	0.13887682557106018	0.5004608631134033	0.36158403754234314	1.4120869636535645	1.1195502281188965
2cx_vs_plain	33143	575	improved	609	575	0.6168584227561951	0.5714285969734192	0.21001708507537842	0.5714285969734192	0.36141151189804077	1.0774507522583008	0.7652683258056641
2cx_vs_plain	20218	797	regressed	797	411	0.5440704822540283	0.6290034055709839	0.5440704822540283	0.18290585279464722	-0.3611646294593811	0.5460596084594727	1.2351651191711426
2cx_vs_plain	19253	88	regressed	88	735	0.4770745635032654	0.12924489378929138	0.4770745635032654	0.11666497588157654	-0.36040958762168884	1.995345115661621	0.1024026870727539
2cx_vs_plain	42759	575	improved	656	575	0.43135866522789	0.6237507462501526	0.2637675404548645	0.6237507462501526	0.3599832057952881	0.49187183380126953	1.382394790649414
2cx_vs_plain	47591	360	regressed	360	357	0.5329559445381165	0.4046318829059601	0.5329559445381165	0.17399340867996216	-0.3589625358581543	1.6102728843688965	0.8439602851867676
2cx_vs_plain	39408	796	improved	399	796	0.3373606503009796	0.6935964822769165	0.3347494900226593	0.6935964822769165	0.3588469922542572	0.007770061492919922	1.6169195175170898
2cx_vs_plain	41200	438	improved	899	438	0.5023384690284729	0.6300918459892273	0.27205345034599304	0.6300918459892273	0.35803839564323425	0.6132755279541016	0.9490737915039062
2cx_vs_plain	13118	847	regressed	847	586	0.6376243233680725	0.5583440661430359	0.6376243233680725	0.27972254157066345	-0.35790178179740906	0.9955301284790039	0.6911773681640625
2cx_vs_plain	15881	149	regressed	149	145	0.4319988489151001	0.8752772212028503	0.4319988489151001	0.07418639212846756	-0.35781246423721313	0.0946035385131836	2.4679598808288574
2cx_vs_plain	10297	894	improved	495	894	0.4720504879951477	0.5900694727897644	0.23276813328266144	0.5900694727897644	0.35730135440826416	0.7070431709289551	1.1678099632263184
2cx_vs_plain	3573	969	improved	899	969	0.3796343207359314	0.5431965589523315	0.18633660674095154	0.5431965589523315	0.35685995221138	0.7116537094116211	1.2260785102844238
2cx_vs_plain	12650	193	improved	185	193	0.4263729155063629	0.49500253796577454	0.13831479847431183	0.49500253796577454	0.3566877245903015	1.1257820129394531	1.3123788833618164
2cx_vs_plain	48194	519	improved	478	519	0.6061827540397644	0.553149938583374	0.19723378121852875	0.553149938583374	0.3559161424636841	1.1227917671203613	0.6893792152404785
2cx_vs_plain	37270	773	regressed	773	572	0.7191145420074463	0.5038240551948547	0.7191145420074463	0.3634544014930725	-0.3556601405143738	1.4861855506896973	0.32657337188720703
2cx_vs_plain	16630	948	improved	945	948	0.626441478729248	0.5197693705558777	0.1645357608795166	0.5197693705558777	0.3552336096763611	1.3369274139404297	1.111140251159668
2cx_vs_plain	7899	575	regressed	575	870	0.43345609307289124	0.4668770730495453	0.43345609307289124	0.07873158156871796	-0.3547245264053345	1.5057621002197266	0.8936471939086914
2cx_vs_plain	45510	156	improved	218	156	0.7427994608879089	0.4296073615550995	0.07495732605457306	0.4296073615550995	0.35465002059936523	2.183528423309326	0.08144378662109375
2cx_vs_plain	44373	776	improved	513	776	0.44579336047172546	0.7280893921852112	0.37598487734794617	0.7280893921852112	0.352104514837265	0.17030668258666992	1.7040724754333496
2cx_vs_plain	29593	676	improved	162	676	0.4453365206718445	0.42947110533714294	0.07756010442972183	0.42947110533714294	0.3519110083580017	1.747776985168457	0.4087100028991699
2cx_vs_plain	28288	914	regressed	914	484	0.4479427635669708	0.3454269766807556	0.4479427635669708	0.0975833460688591	-0.35035941004753113	0.796666145324707	0.09164285659790039
2cx_vs_plain	24202	49	regressed	49	394	0.3890952467918396	0.1855771839618683	0.3890952467918396	0.038754697889089584	-0.3503405451774597	0.2727055549621582	0.1950235366821289
2cx_vs_plain	16878	751	regressed	751	864	0.46213480830192566	0.31604453921318054	0.46213480830192566	0.11237562447786331	-0.34975919127464294	0.9977374076843262	0.5153336524963379
2cx_vs_plain	26933	881	improved	767	881	0.3693223297595978	0.6322844624519348	0.2827489674091339	0.6322844624519348	0.3495354950428009	0.26711034774780273	1.9830842018127441
2cx_vs_plain	47357	963	regressed	963	965	0.5194787383079529	0.7108666300773621	0.5194787383079529	0.1700579673051834	-0.34942078590393066	0.5076107978820801	1.4303455352783203
2cx_vs_plain	19459	674	improved	333	674	0.48137030005455017	0.6868105530738831	0.3383002281188965	0.6868105530738831	0.3485103249549866	0.3527030944824219	1.2091436386108398
2cx_vs_plain	37778	730	improved	912	730	0.6719313859939575	0.42020541429519653	0.07187062501907349	0.42020541429519653	0.34833478927612305	2.235288619995117	0.6221027374267578
2cx_vs_plain	30116	787	regressed	787	577	0.484235942363739	0.29227346181869507	0.484235942363739	0.13637663424015045	-0.34785932302474976	1.9161782264709473	0.7622694969177246
2cx_vs_plain	6091	110	improved	115	110	0.47800466418266296	0.6532840132713318	0.3055534064769745	0.6532840132713318	0.3477306067943573	0.4474959373474121	1.4896583557128906
2cx_vs_plain	7025	60	regressed	60	77	0.5440234541893005	0.36811432242393494	0.5440234541893005	0.19701729714870453	-0.3470061421394348	2.7458558082580566	0.6251020431518555
2cx_vs_plain	49962	424	improved	860	424	0.3757098615169525	0.5558934807777405	0.20908989012241364	0.5558934807777405	0.34680360555648804	0.5860528945922852	0.9452486038208008
2cx_vs_plain	35323	341	improved	467	341	0.6686480641365051	0.542036771774292	0.19563086330890656	0.542036771774292	0.34640592336654663	1.2290282249450684	0.3649024963378906
2cx_vs_plain	21166	697	regressed	697	496	0.6444318294525146	0.5969980359077454	0.6444318294525146	0.29836055636405945	-0.3460712730884552	0.9935035705566406	0.6936111450195312
2cx_vs_plain	18917	200	regressed	200	229	0.5838623046875	0.5599099397659302	0.5838623046875	0.23816263675689697	-0.345699667930603	1.0513286590576172	0.8548221588134766
2cx_vs_plain	10157	790	improved	582	790	0.4176686406135559	0.6711273789405823	0.3257584273815155	0.6711273789405823	0.3453689515590668	0.24853229522705078	1.251394271850586
2cx_vs_plain	26041	181	regressed	181	266	0.4482414722442627	0.4573914706707001	0.4482414722442627	0.10384400933980942	-0.3443974554538727	0.7989668846130371	0.7806119918823242
2cx_vs_plain	33017	923	improved	965	923	0.6954212784767151	0.4729798138141632	0.12877151370048523	0.4729798138141632	0.344208300113678	1.6864781379699707	1.000091552734375
2cx_vs_plain	10824	793	regressed	793	842	0.567819356918335	0.3292393982410431	0.567819356918335	0.22377458214759827	-0.3440447747707367	1.4887943267822266	0.38614606857299805
2cx_vs_plain	7498	151	improved	253	151	0.5908555388450623	0.5328935980796814	0.1889640837907791	0.5328935980796814	0.3439295291900635	1.1400146484375	1.1095800399780273
2cx_vs_plain	9461	749	regressed	749	784	0.4525725245475769	0.12276389449834824	0.4525725245475769	0.10964091122150421	-0.3429316282272339	1.1680026054382324	0.1130523681640625
2cx_vs_plain	8431	412	regressed	412	877	0.5816706418991089	0.5401526689529419	0.5816706418991089	0.23895500600337982	-0.34271562099456787	1.528414249420166	0.8155765533447266
2cx_vs_plain	17405	260	improved	257	260	0.40934351086616516	0.5701966285705566	0.22814740240573883	0.5701966285705566	0.342049241065979	0.5845627784729004	1.6341867446899414
2cx_vs_plain	44670	898	improved	680	898	0.46795907616615295	0.7361406683921814	0.3944016695022583	0.7361406683921814	0.3417389988899231	0.17101097106933594	1.7981328964233398
2cx_vs_plain	24362	474	improved	735	474	0.47302231192588806	0.6557276248931885	0.31400272250175476	0.6557276248931885	0.3417249023914337	0.4097409248352051	1.277376651763916
2cx_vs_plain	18992	347	improved	295	347	0.5162064433097839	0.6075692772865295	0.2663215696811676	0.6075692772865295	0.34124770760536194	0.6618022918701172	2.0569348335266113
2cx_vs_plain	19610	548	improved	482	548	0.5160407423973083	0.5242652893066406	0.18351677060127258	0.5242652893066406	0.34074851870536804	1.0338797569274902	0.9357366561889648
2cx_vs_plain	41907	124	regressed	124	119	0.7006858587265015	0.48832279443740845	0.7006858587265015	0.36074718832969666	-0.3399386703968048	1.6028037071228027	0.3027992248535156
2cx_vs_plain	25630	759	improved	732	759	0.43304723501205444	0.46230605244636536	0.1230054721236229	0.46230605244636536	0.33930057287216187	1.258617877960205	0.9286842346191406
2cx_vs_plain	48478	108	regressed	108	393	0.7243791818618774	0.4700811803340912	0.7243791818618774	0.3860301375389099	-0.33834904432296753	1.4280519485473633	0.1969900131225586
2cx_vs_plain	41603	178	regressed	178	168	0.38336125016212463	0.4510355293750763	0.38336125016212463	0.045023489743471146	-0.3383377492427826	1.1642818450927734	1.673060417175293
2cx_vs_plain	31	124	regressed	124	122	0.5062338709831238	0.7017018795013428	0.5062338709831238	0.1681787073612213	-0.33805516362190247	0.28968238830566406	1.4284815788269043
2cx_vs_plain	8718	315	regressed	315	320	0.39909306168556213	0.38650938868522644	0.39909306168556213	0.06158694997429848	-0.33750611543655396	0.3626828193664551	1.0715980529785156
2cx_vs_plain	6822	549	regressed	549	692	0.5045108795166016	0.6647161841392517	0.5045108795166016	0.16740278899669647	-0.3371080756187439	0.46506404876708984	1.3789572715759277
2cx_vs_plain	18644	77	improved	73	77	0.6402975916862488	0.5397459268569946	0.20502667129039764	0.5397459268569946	0.3347192406654358	1.1387929916381836	0.8296713829040527
2cx_vs_plain	41097	587	regressed	587	767	0.5348560810089111	0.2560780346393585	0.5348560810089111	0.2001829445362091	-0.334673136472702	1.1221685409545898	0.24625062942504883
2cx_vs_plain	21225	809	regressed	809	924	0.5816324353218079	0.25003594160079956	0.5816324353218079	0.2469901591539383	-0.33464229106903076	0.9307541847229004	0.012256145477294922
2cx_vs_plain	46088	95	improved	92	95	0.3828718364238739	0.5668780207633972	0.2325088232755661	0.5668780207633972	0.3343691825866699	0.49877214431762695	1.594461441040039
2cx_vs_plain	18717	828	regressed	828	969	0.6633756756782532	0.4636961817741394	0.6633756756782532	0.3295780420303345	-0.3337976336479187	1.1588220596313477	0.3414163589477539
2cx_vs_plain	40279	126	improved	79	126	0.4189465045928955	0.7063247561454773	0.3726784586906433	0.7063247561454773	0.333646297454834	0.11702728271484375	2.539341926574707
2cx_vs_plain	23003	618	improved	567	618	0.3287380635738373	0.5478305816650391	0.21449247002601624	0.5478305816650391	0.3333381116390228	0.4269866943359375	2.0102200508117676
2cx_vs_plain	36435	146	regressed	146	99	0.6047956943511963	0.5161476135253906	0.6047956943511963	0.2718178629875183	-0.332977831363678	1.5458478927612305	0.6412606239318848
2cx_vs_plain	31115	828	improved	538	828	0.21072888374328613	0.5103636384010315	0.17866165935993195	0.5103636384010315	0.33170199394226074	0.16507863998413086	1.7411589622497559
2cx_vs_plain	48004	710	regressed	710	711	0.48481401801109314	0.1640155166387558	0.48481401801109314	0.15311478078365326	-0.3316992521286011	1.9032678604125977	0.003883838653564453
2cx_vs_plain	29810	469	improved	499	469	0.2750369906425476	0.5884750485420227	0.25686484575271606	0.5884750485420227	0.33161020278930664	0.06835556030273438	2.0361294746398926
2cx_vs_plain	19211	653	improved	756	653	0.4790140390396118	0.7317602038383484	0.40135496854782104	0.7317602038383484	0.33040523529052734	0.17688369750976562	1.480156421661377
2cx_vs_plain	48992	740	improved	726	740	0.4108840525150299	0.38908669352531433	0.058914657682180405	0.38908669352531433	0.33017203211784363	0.05872154235839844	0.4917593002319336
2cx_vs_plain	16247	21	regressed	21	912	0.5457699298858643	0.35850170254707336	0.5457699298858643	0.21590130031108856	-0.3298686146736145	1.4928092956542969	0.5071120262145996
2cx_vs_plain	46873	469	regressed	469	634	0.523728609085083	0.2711281478404999	0.523728609085083	0.19441302120685577	-0.3293156027793884	1.2925424575805664	0.33260679244995117
2cx_vs_plain	23204	587	regressed	587	784	0.4880393147468567	0.28749844431877136	0.4880393147468567	0.16017934679985046	-0.3278599679470062	0.8835000991821289	0.15566396713256836
2cx_vs_plain	17727	943	improved	939	943	0.45679593086242676	0.7245631814002991	0.3968356251716614	0.7245631814002991	0.3277275562286377	0.1407146453857422	1.702892780303955
2cx_vs_plain	40093	530	improved	409	530	0.5549156069755554	0.47610390186309814	0.14866280555725098	0.47610390186309814	0.32744109630584717	1.3171353340148926	0.4325418472290039
2cx_vs_plain	39984	888	regressed	888	821	0.4204450249671936	0.20424588024616241	0.4204450249671936	0.09305683523416519	-0.327388197183609	1.4329490661621094	0.7861142158508301
2cx_vs_plain	1140	294	improved	357	294	0.36817821860313416	0.4756627678871155	0.1487232744693756	0.4756627678871155	0.32693949341773987	0.8858866691589355	0.9471478462219238
2cx_vs_plain	28016	142	regressed	142	140	0.6558414101600647	0.45843616127967834	0.6558414101600647	0.3299523890018463	-0.3258890211582184	1.1400599479675293	0.3288726806640625
2cx_vs_plain	2658	174	regressed	174	261	0.6231051683425903	0.404237300157547	0.6231051683425903	0.2975480258464813	-0.325557142496109	1.442741870880127	0.3064265251159668
2cx_vs_plain	2751	651	regressed	651	688	0.5449342727661133	0.2400723248720169	0.5449342727661133	0.21938684582710266	-0.3255474269390106	1.5040864944458008	0.0901036262512207
2cx_vs_plain	12919	291	improved	260	291	0.42157241702079773	0.6607851982116699	0.3358003795146942	0.6607851982116699	0.3249848186969757	0.22747468948364258	1.6783719062805176
2cx_vs_plain	38632	429	regressed	429	988	0.49449190497398376	0.19717822968959808	0.49449190497398376	0.16951382160186768	-0.3249780833721161	2.3841404914855957	0.15117359161376953
2cx_vs_plain	48014	444	regressed	444	870	0.4882887899875641	0.716874361038208	0.4882887899875641	0.1634245067834854	-0.3248642683029175	0.20899200439453125	1.4785494804382324
2cx_vs_plain	12152	852	improved	522	852	0.4207150638103485	0.7248188853263855	0.40055230259895325	0.7248188853263855	0.32426658272743225	0.049111366271972656	1.5136141777038574
2cx_vs_plain	2637	813	regressed	813	499	0.7010200619697571	0.39281734824180603	0.7010200619697571	0.3768917918205261	-0.32412827014923096	1.3330297470092773	0.04138660430908203
2cx_vs_plain	35771	590	regressed	590	487	0.6224867701530457	0.5077211260795593	0.6224867701530457	0.29846787452697754	-0.3240188956260681	0.8127536773681641	0.5312700271606445
2cx_vs_plain	47271	647	improved	438	647	0.4031978249549866	0.43278226256370544	0.10884260386228561	0.43278226256370544	0.32393965125083923	1.2517056465148926	0.2529110908508301
2cx_vs_plain	41644	200	improved	202	200	0.7558633089065552	0.4925282895565033	0.16877739131450653	0.4925282895565033	0.32375091314315796	1.4992799758911133	0.12615394592285156
2cx_vs_plain	17250	869	improved	655	869	0.2816775143146515	0.49178242683410645	0.16805103421211243	0.49178242683410645	0.323731392621994	0.5164952278137207	1.6392769813537598
2cx_vs_plain	3839	557	improved	538	557	0.4207237958908081	0.6901544332504272	0.3670066297054291	0.6901544332504272	0.32314780354499817	0.1365966796875	1.3008689880371094
2cx_vs_plain	47464	450	improved	802	450	0.38464704155921936	0.6869211196899414	0.3659086525440216	0.6869211196899414	0.3210124671459198	0.0499424934387207	1.450477123260498
2cx_vs_plain	40787	503	improved	505	503	0.5840584635734558	0.5761138796806335	0.2553427219390869	0.5761138796806335	0.32077115774154663	0.8273944854736328	0.7356414794921875
2cx_vs_plain	39693	635	improved	685	635	0.7525340914726257	0.4156321883201599	0.09491509199142456	0.4156321883201599	0.32071709632873535	2.0704636573791504	0.024087905883789062
2cx_vs_plain	30993	818	improved	545	818	0.3177715837955475	0.5231374502182007	0.2027931660413742	0.5231374502182007	0.3203442692756653	0.4491462707519531	1.1759023666381836
2cx_vs_plain	47524	354	regressed	354	347	0.47207996249198914	0.3645271956920624	0.47207996249198914	0.15208731591701508	-0.31999266147613525	1.9662137031555176	0.8741464614868164
2cx_vs_plain	47973	500	improved	825	500	0.7589619755744934	0.41806259751319885	0.09807044267654419	0.41806259751319885	0.31999215483665466	2.0462656021118164	0.016501426696777344
2cx_vs_plain	28546	418	regressed	418	767	0.5448862910270691	0.6682363748550415	0.5448862910270691	0.2254256159067154	-0.3194606900215149	0.6002635955810547	1.0866518020629883
2cx_vs_plain	44406	310	improved	314	310	0.3260531723499298	0.39457428455352783	0.07522304356098175	0.39457428455352783	0.3193512558937073	1.0421719551086426	0.0951995849609375
2cx_vs_plain	9523	435	regressed	435	904	0.4695904552936554	0.1693456918001175	0.4695904552936554	0.15064388513565063	-0.31894657015800476	1.1262998580932617	0.11702346801757812
2cx_vs_plain	40615	154	improved	204	154	0.2843269109725952	0.49723342061042786	0.17845039069652557	0.49723342061042786	0.3187830448150635	0.07314872741699219	1.7219600677490234
2cx_vs_plain	35028	796	regressed	796	443	0.39726755023002625	0.56879723072052	0.39726755023002625	0.07972068339586258	-0.31754687428474426	1.5978107452392578	1.9649949073791504
2cx_vs_plain	24200	618	improved	926	618	0.623360276222229	0.5328976511955261	0.21597164869308472	0.5328976511955261	0.3169260025024414	1.0599775314331055	0.43997669219970703
2cx_vs_plain	33964	652	regressed	652	830	0.6509321928024292	0.4749751389026642	0.6509321928024292	0.33400896191596985	-0.31692323088645935	1.3666105270385742	0.3520946502685547
2cx_vs_plain	48533	267	improved	265	267	0.4063803553581238	0.472797155380249	0.15591497719287872	0.472797155380249	0.3168821930885315	0.09441661834716797	0.5740861892700195
2cx_vs_plain	45279	639	improved	702	639	0.3570864200592041	0.4863792955875397	0.1700429767370224	0.4863792955875397	0.31633633375167847	0.6229887008666992	1.3753719329833984
2cx_vs_plain	25420	708	regressed	708	873	0.540916383266449	0.30164194107055664	0.540916383266449	0.22524192929267883	-0.31567445397377014	1.3017783164978027	0.2920656204223633
2cx_vs_plain	41642	666	improved	435	666	0.21030212938785553	0.4912775158882141	0.17704468965530396	0.4912775158882141	0.31423282623291016	0.17214298248291016	2.015664577484131
2cx_vs_plain	46452	610	regressed	610	443	0.597969651222229	0.4158753454685211	0.597969651222229	0.2841390371322632	-0.3138306140899658	1.6156601905822754	0.3809218406677246
2cx_vs_plain	26722	369	regressed	369	367	0.46432366967201233	0.7377645969390869	0.46432366967201233	0.1509537547826767	-0.3133699297904968	0.25757312774658203	1.58665132522583
2cx_vs_plain	19202	469	improved	909	469	0.5119187831878662	0.5643847584724426	0.2516518533229828	0.5643847584724426	0.31273290514945984	0.7101192474365234	1.1019887924194336
2cx_vs_plain	19705	33	improved	6	33	0.4613705575466156	0.3603980839252472	0.04785768687725067	0.3603980839252472	0.3125404119491577	0.2718505859375	0.1932363510131836
2cx_vs_plain	24182	217	regressed	217	195	0.4693431556224823	0.21801342070102692	0.4693431556224823	0.15731090307235718	-0.3120322525501251	1.8918094635009766	0.32633256912231445
2cx_vs_plain	1339	462	improved	808	462	0.4906896948814392	0.4252977669239044	0.1135016530752182	0.4252977669239044	0.3117961287498474	1.4639945030212402	0.6924858093261719
2cx_vs_plain	16995	403	regressed	403	536	0.4002135097980499	0.3092838525772095	0.4002135097980499	0.0885261669754982	-0.3116873502731323	0.5311651229858398	0.38199806213378906
2cx_vs_plain	5266	536	regressed	536	484	0.5218600630760193	0.6191887259483337	0.5218600630760193	0.21083113551139832	-0.31102892756462097	0.48493480682373047	1.077352523803711
2cx_vs_plain	18083	194	improved	200	194	0.7509411573410034	0.4156879484653473	0.10520901530981064	0.4156879484653473	0.31047892570495605	1.9653782844543457	0.2847766876220703
2cx_vs_plain	48275	675	improved	468	675	0.35623985528945923	0.44041872024536133	0.13049191236495972	0.44041872024536133	0.3099268078804016	1.0042929649353027	1.0575385093688965
2cx_vs_plain	26354	697	improved	841	697	0.563850462436676	0.4729379415512085	0.16321304440498352	0.4729379415512085	0.309724897146225	1.2397327423095703	0.5727076530456543
2cx_vs_plain	6439	303	improved	312	303	0.46271851658821106	0.6508190631866455	0.3421097993850708	0.6508190631866455	0.3087092638015747	0.3019871711730957	1.4478812217712402
2cx_vs_plain	19637	652	regressed	652	413	0.4671136438846588	0.6203995943069458	0.4671136438846588	0.15876421332359314	-0.3083494305610657	0.44953346252441406	1.3629436492919922
2cx_vs_plain	43545	665	regressed	665	518	0.5170285701751709	0.5808169841766357	0.5170285701751709	0.21005769073963165	-0.30697089433670044	0.6704502105712891	1.0170536041259766
2cx_vs_plain	34849	303	regressed	303	994	0.40329721570014954	0.35483840107917786	0.40329721570014954	0.09658747911453247	-0.30670973658561707	1.4797005653381348	1.301213264465332
2cx_vs_plain	30007	920	regressed	920	530	0.4092942774295807	0.568955659866333	0.4092942774295807	0.1031600832939148	-0.3061341941356659	0.6981348991394043	1.7075204849243164
2cx_vs_plain	46851	116	improved	502	116	0.27825871109962463	0.4077237844467163	0.10189560800790787	0.4077237844467163	0.30582818388938904	1.0046024322509766	2.338895797729492
2cx_vs_plain	22058	240	improved	238	240	0.7008228898048401	0.4960915148258209	0.1905411183834076	0.4960915148258209	0.30555039644241333	1.3023872375488281	0.3538665771484375
2cx_vs_plain	5428	349	improved	348	349	0.5399079918861389	0.6048004031181335	0.2994424104690552	0.6048004031181335	0.30535799264907837	0.5894765853881836	0.6606788635253906
2cx_vs_plain	5813	646	regressed	646	580	0.5021266937255859	0.47763684391975403	0.5021266937255859	0.19770658016204834	-0.3044201135635376	0.7119617462158203	0.8820667266845703
2cx_vs_plain	27244	718	regressed	718	879	0.6053591966629028	0.37213119864463806	0.6053591966629028	0.3012765347957611	-0.3040826618671417	2.1100316047668457	0.21121788024902344
2cx_vs_plain	27330	61	improved	62	61	0.20591390132904053	0.38449493050575256	0.0807727724313736	0.38449493050575256	0.3037221431732178	0.7965841293334961	1.1265177726745605
2cx_vs_plain	9988	611	regressed	611	207	0.6122050285339355	0.4799972176551819	0.6122050285339355	0.30915117263793945	-0.3030538558959961	1.2480039596557617	0.43994998931884766
2cx_vs_plain	37274	116	improved	69	116	0.48718181252479553	0.6806769371032715	0.377984881401062	0.6806769371032715	0.3026920557022095	0.2537832260131836	2.058603286743164
2cx_vs_plain	30763	694	improved	913	694	0.1527959257364273	0.3636375665664673	0.06192025542259216	0.3636375665664673	0.3017173111438751	0.10083436965942383	1.1742281913757324
2cx_vs_plain	43555	138	improved	343	138	0.6462240219116211	0.4641435146331787	0.16254647076129913	0.4641435146331787	0.30159705877304077	1.3801822662353516	0.776242733001709
2cx_vs_plain	15008	170	improved	177	170	0.7420936822891235	0.4625907242298126	0.1620669960975647	0.4625907242298126	0.3005237281322479	1.52146577835083	0.07259082794189453
2cx_vs_plain	40325	169	improved	176	169	0.46607157588005066	0.6677678823471069	0.3674829602241516	0.6677678823471069	0.3002849221229553	0.23766231536865234	1.512343406677246
2cx_vs_plain	40421	768	regressed	768	560	0.4205870032310486	0.3103155791759491	0.4205870032310486	0.12032527476549149	-0.3002617359161377	0.7086105346679688	0.6898260116577148
2cx_vs_plain	13762	67	improved	49	67	0.6438102722167969	0.3375110924243927	0.03752736374735832	0.3375110924243927	0.2999837398529053	2.5055861473083496	0.22077465057373047
2cx_vs_plain	11896	830	improved	652	830	0.5751050710678101	0.3912712335586548	0.09176144748926163	0.3912712335586548	0.29950979351997375	1.3557829856872559	0.3833451271057129
2cx_vs_plain	10465	261	regressed	261	230	0.5684805512428284	0.413387656211853	0.5684805512428284	0.2693246603012085	-0.2991558909416199	0.9471902847290039	0.4284682273864746
2cx_vs_plain	20547	753	regressed	753	223	0.5191188454627991	0.3192332983016968	0.5191188454627991	0.2212238758802414	-0.2978949546813965	1.5079059600830078	0.3667469024658203
2cx_vs_plain	14731	7	regressed	7	86	0.4364703893661499	0.2521129250526428	0.4364703893661499	0.13902360200881958	-0.2974467873573303	1.3417253494262695	0.5952334403991699
2cx_vs_plain	19935	289	regressed	289	286	0.4602166414260864	0.3561592102050781	0.4602166414260864	0.1627877950668335	-0.29742884635925293	1.5299582481384277	0.7829303741455078
2cx_vs_plain	6755	355	improved	354	355	0.2591409981250763	0.5526116490364075	0.255507230758667	0.5526116490364075	0.2971044182777405	0.014121532440185547	1.236288070678711
2cx_vs_plain	49840	258	improved	222	258	0.3331597149372101	0.4616085886955261	0.16462281346321106	0.4616085886955261	0.29698577523231506	0.26645803451538086	0.6863422393798828
2cx_vs_plain	13123	400	improved	601	400	0.36680299043655396	0.40088045597076416	0.1040463000535965	0.40088045597076416	0.29683417081832886	1.259988784790039	1.6461553573608398
2cx_vs_plain	44535	593	regressed	593	784	0.5527564287185669	0.36422139406204224	0.5527564287185669	0.256185382604599	-0.2965710461139679	1.6795001029968262	0.35186052322387695
2cx_vs_plain	43182	961	improved	932	961	0.3247796595096588	0.6023826003074646	0.306331604719162	0.6023826003074646	0.2960509955883026	0.05847883224487305	1.850574016571045
2cx_vs_plain	8746	839	regressed	839	718	0.47261935472488403	0.3274018466472626	0.47261935472488403	0.17706528306007385	-0.2955540716648102	0.6352910995483398	0.6146697998046875
2cx_vs_plain	35707	378	regressed	378	381	0.3742251992225647	0.5891391634941101	0.3742251992225647	0.07917366921901703	-0.2950515151023865	0.8053030967712402	1.823167324066162
2cx_vs_plain	29309	121	regressed	121	122	0.6339735388755798	0.4450981914997101	0.6339735388755798	0.33974725008010864	-0.2942262887954712	1.0419411659240723	0.2700929641723633
2cx_vs_plain	26814	627	regressed	627	654	0.474209189414978	0.3685457408428192	0.474209189414978	0.18010343611240387	-0.29410576820373535	0.4716787338256836	0.41224098205566406
2cx_vs_plain	29133	187	improved	192	187	0.45119673013687134	0.38563036918640137	0.09181135892868042	0.38563036918640137	0.29381901025772095	1.2123346328735352	0.49485063552856445
2cx_vs_plain	14562	885	improved	750	885	0.42966413497924805	0.4759327471256256	0.18227623403072357	0.4759327471256256	0.29365652799606323	0.857480525970459	2.0172810554504395
2cx_vs_plain	40443	465	improved	652	465	0.6755290031433105	0.4258745610713959	0.1326606422662735	0.4258745610713959	0.2932139039039612	1.627701759338379	0.12198925018310547
2cx_vs_plain	1614	304	improved	303	304	0.6987254023551941	0.4322129189968109	0.1391255408525467	0.4322129189968109	0.293087363243103	1.6138811111450195	0.1364727020263672
2cx_vs_plain	25529	143	improved	139	143	0.2915154993534088	0.5322285890579224	0.2395496815443039	0.5322285890579224	0.2926788926124573	0.19633245468139648	2.0848631858825684
2cx_vs_plain	28158	8	regressed	8	766	0.38748612999916077	0.13139091432094574	0.38748612999916077	0.09482261538505554	-0.2926635146141052	2.3326497077941895	0.3261690139770508
2cx_vs_plain	38310	804	regressed	804	412	0.4612630307674408	0.6876697540283203	0.4612630307674408	0.1696869432926178	-0.291576087474823	0.47530651092529297	1.3993535041809082
2cx_vs_plain	25489	750	regressed	750	797	0.3857426047325134	0.14472459256649017	0.3857426047325134	0.09516308456659317	-0.29057952761650085	1.4244194030761719	0.22616052627563477
2cx_vs_plain	31579	58	regressed	58	53	0.5322913527488708	0.384777307510376	0.5322913527488708	0.24270448088645935	-0.2895868718624115	1.1642241477966309	0.46082019805908203
2cx_vs_plain	23352	704	improved	920	704	0.5434099435806274	0.4059198200702667	0.11635619401931763	0.4059198200702667	0.2895636260509491	1.5412077903747559	0.23993396759033203
2cx_vs_plain	14753	497	improved	663	497	0.5771843791007996	0.6149255633354187	0.3259446918964386	0.6149255633354187	0.2889808714389801	0.5714340209960938	0.8660664558410645
2cx_vs_plain	37587	170	improved	177	170	0.684090793132782	0.4794669449329376	0.19183292984962463	0.4794669449329376	0.287634015083313	1.27146577835083	0.35384130477905273
2cx_vs_plain	19808	924	improved	666	924	0.39312708377838135	0.6630359888076782	0.37541529536247253	0.6630359888076782	0.2876206934452057	0.04610013961791992	1.2033567428588867
2cx_vs_plain	26384	509	regressed	509	692	0.4246889054775238	0.7717992663383484	0.4246889054775238	0.13710208237171173	-0.2875868082046509	0.27225303649902344	1.7279987335205078
2cx_vs_plain	26237	757	improved	497	757	0.44879111647605896	0.34415480494499207	0.05664854869246483	0.34415480494499207	0.28750625252723694	2.0696911811828613	0.7112894058227539
2cx_vs_plain	27914	77	improved	73	77	0.4494856595993042	0.5647304058074951	0.2774278521537781	0.5647304058074951	0.28730255365371704	0.4825429916381836	0.6421718597412109
2cx_vs_plain	16454	309	improved	308	309	0.41336169838905334	0.49603021144866943	0.2090393751859665	0.49603021144866943	0.28699082136154175	0.681800365447998	0.6301755905151367
2cx_vs_plain	44120	729	regressed	729	892	0.5815221071243286	0.5329484343528748	0.5815221071243286	0.29474565386772156	-0.28677645325660706	1.0952496528625488	0.5923118591308594
2cx_vs_plain	2923	827	regressed	827	588	0.5644065737724304	0.3440704941749573	0.5644065737724304	0.2805916368961334	-0.283814936876297	1.2336320877075195	0.20394611358642578
2cx_vs_plain	15504	549	regressed	549	816	0.6417232751846313	0.3659727871417999	0.6417232751846313	0.3583603501319885	-0.2833629250526428	1.5414490699768066	0.021019935607910156
2cx_vs_plain	7683	589	improved	722	589	0.4272896349430084	0.38785284757614136	0.10529708862304688	0.38785284757614136	0.2825557589530945	1.4006762504577637	1.22418212890625
2cx_vs_plain	356	173	regressed	173	215	0.46355053782463074	0.6887428164482117	0.46355053782463074	0.1811269074678421	-0.28242361545562744	0.35201120376586914	1.335669994354248
2cx_vs_plain	46260	348	improved	825	348	0.6208871603012085	0.5997650027275085	0.31770235300064087	0.5997650027275085	0.2820626497268677	0.6700344085693359	0.6428003311157227
2cx_vs_plain	5108	961	regressed	961	69	0.3828892111778259	0.1607028990983963	0.3828892111778259	0.10124686360359192	-0.281642347574234	1.569138526916504	0.46199560165405273
2cx_vs_plain	41667	893	improved	496	893	0.44096389412879944	0.37655603885650635	0.09533180296421051	0.37655603885650635	0.28122425079345703	0.7549991607666016	0.16069793701171875
2cx_vs_plain	2126	359	improved	454	359	0.13602852821350098	0.3295404314994812	0.04885072261095047	0.3295404314994812	0.28068971633911133	0.27002716064453125	0.7744078636169434
2cx_vs_plain	34726	793	regressed	793	836	0.4799802303314209	0.2535091042518616	0.4799802303314209	0.1999318152666092	-0.2800484299659729	1.4501919746398926	0.23742341995239258
2cx_vs_plain	5472	54	regressed	54	66	0.4306670129299164	0.3752973675727844	0.4306670129299164	0.15189053118228912	-0.27877646684646606	0.8453159332275391	0.9045586585998535
2cx_vs_plain	19063	121	improved	119	121	0.5747346878051758	0.5445670485496521	0.26612618565559387	0.5445670485496521	0.2784408628940582	0.7699379920959473	0.4180898666381836
2cx_vs_plain	18261	166	improved	162	166	0.5698030591011047	0.5479596257209778	0.2695278525352478	0.5479596257209778	0.27843177318573	0.7486190795898438	0.7203569412231445
2cx_vs_plain	4700	246	regressed	246	178	0.6883084177970886	0.46940720081329346	0.6883084177970886	0.4111995995044708	-0.2771088182926178	1.1174545288085938	0.13239192962646484
2cx_vs_plain	41499	83	improved	138	83	0.22629037499427795	0.4913783073425293	0.2144240289926529	0.4913783073425293	0.2769542932510376	0.053863525390625	1.6642098426818848
2cx_vs_plain	43929	613	improved	673	613	0.5273099541664124	0.6863383054733276	0.40946298837661743	0.6863383054733276	0.2768753170967102	0.2529420852661133	1.215799331665039
2cx_vs_plain	44174	818	improved	745	818	0.251598596572876	0.36802443861961365	0.09138675034046173	0.36802443861961365	0.2766376733779907	1.0127344131469727	0.23714256286621094
2cx_vs_plain	29442	394	regressed	394	103	0.5230644345283508	0.3365801274776459	0.5230644345283508	0.24666941165924072	-0.2763950228691101	1.376457691192627	0.3107872009277344
2cx_vs_plain	37382	934	improved	933	934	0.45246535539627075	0.5410686135292053	0.2647958993911743	0.5410686135292053	0.276272714138031	0.5357518196105957	1.0890884399414062
2cx_vs_plain	32219	686	improved	633	686	0.17983634769916534	0.3495580554008484	0.0735020861029625	0.3495580554008484	0.2760559618473053	0.44959354400634766	1.7619881629943848
2cx_vs_plain	17635	855	regressed	855	773	0.5061245560646057	0.5363368988037109	0.5061245560646057	0.2302062213420868	-0.2759183347225189	0.9979677200317383	0.8457870483398438
2cx_vs_plain	48278	317	regressed	317	316	0.520919144153595	0.544142484664917	0.520919144153595	0.24537630379199982	-0.27554285526275635	0.6411571502685547	0.7964181900024414
2cx_vs_plain	9836	631	improved	804	631	0.581634521484375	0.621029794216156	0.34559571743011475	0.621029794216156	0.27543407678604126	0.5205726623535156	0.7292633056640625
2cx_vs_plain	23232	868	improved	415	868	0.4020411968231201	0.5802716016769409	0.30493268370628357	0.5802716016769409	0.27533891797065735	0.27646350860595703	1.1921758651733398
2cx_vs_plain	15485	134	regressed	134	132	0.4544130265712738	0.45969948172569275	0.4544130265712738	0.17909075319766998	-0.2753222584724426	0.8384280204772949	0.9426803588867188
2cx_vs_plain	28570	898	regressed	898	899	0.6290857195854187	0.5841842889785767	0.6290857195854187	0.35509154200553894	-0.27399417757987976	0.8457851409912109	0.49784088134765625
2cx_vs_plain	4008	838	improved	929	838	0.45131397247314453	0.5021373629570007	0.22856128215789795	0.5021373629570007	0.2735760807991028	0.68035888671875	1.131880283355713
2cx_vs_plain	4454	367	regressed	367	372	0.5956141352653503	0.357517272233963	0.5956141352653503	0.32210636138916016	-0.2735077738761902	1.270460605621338	0.10430192947387695
2cx_vs_plain	30904	996	regressed	996	944	0.3951497972011566	0.537092387676239	0.3951497972011566	0.12209200859069824	-0.2730577886104584	0.20704174041748047	1.2184419631958008
2cx_vs_plain	17497	813	improved	790	813	0.2914988696575165	0.5049319267272949	0.23189020156860352	0.5049319267272949	0.2730417251586914	0.22877216339111328	1.5214414596557617
2cx_vs_plain	18685	498	regressed	498	781	0.4618922472000122	0.4929954707622528	0.4618922472000122	0.18900945782661438	-0.2728827893733978	0.5729084014892578	0.9587030410766602
2cx_vs_plain	11213	647	regressed	647	503	0.40586957335472107	0.1934961974620819	0.40586957335472107	0.13309957087039948	-0.2727699875831604	0.37652587890625	0.21726655960083008
2cx_vs_plain	35596	766	improved	467	766	0.5212143659591675	0.595223605632782	0.32255494594573975	0.595223605632782	0.27266865968704224	0.4798879623413086	0.7388758659362793
2cx_vs_plain	27046	888	regressed	888	562	0.5354477763175964	0.2688447833061218	0.5354477763175964	0.2637721300125122	-0.27167564630508423	1.9188251495361328	0.019048690795898438
2cx_vs_plain	26409	160	improved	226	160	0.3020012676715851	0.38117241859436035	0.10973838716745377	0.38117241859436035	0.2714340388774872	0.7694969177246094	0.8935198783874512
2cx_vs_plain	49517	667	regressed	667	835	0.3932388424873352	0.14583884179592133	0.3932388424873352	0.12221287935972214	-0.27102595567703247	1.3244433403015137	0.17673778533935547
2cx_vs_plain	22897	772	regressed	772	600	0.4332236647605896	0.6370892524719238	0.4332236647605896	0.16301210224628448	-0.2702115774154663	0.6364679336547852	1.3630852699279785
2cx_vs_plain	21964	936	improved	728	936	0.37773609161376953	0.6038429141044617	0.3340231776237488	0.6038429141044617	0.2698197364807129	0.1229853630065918	1.5021076202392578
2cx_vs_plain	44991	717	improved	436	717	0.45447418093681335	0.5395227670669556	0.2698369324207306	0.5395227670669556	0.269685834646225	0.5213232040405273	1.1348838806152344
2cx_vs_plain	29157	207	regressed	207	212	0.5417901277542114	0.3968176543712616	0.5417901277542114	0.2726445496082306	-0.26914557814598083	1.4685873985290527	0.3753080368041992
2cx_vs_plain	41884	907	improved	714	907	0.12311643362045288	0.37077847123146057	0.1018558070063591	0.37077847123146057	0.2689226567745209	0.18957233428955078	0.3304290771484375
2cx_vs_plain	35642	436	regressed	436	627	0.5452557802200317	0.5112795233726501	0.5452557802200317	0.27705222368240356	-0.2682035565376282	0.8870620727539062	0.6127104759216309
2cx_vs_plain	31493	420	improved	714	420	0.7295060753822327	0.3449266254901886	0.07716436684131622	0.3449266254901886	0.2677622437477112	2.246429920196533	0.03494548797607422
2cx_vs_plain	37837	313	regressed	313	46	0.3655186891555786	0.3396591544151306	0.3655186891555786	0.09790843725204468	-0.26761025190353394	0.4254465103149414	0.07481765747070312
2cx_vs_plain	38966	735	regressed	735	775	0.4644317924976349	0.42356032133102417	0.4644317924976349	0.1968332976102829	-0.2675985097885132	1.046776294708252	0.7663388252258301
2cx_vs_plain	31359	222	improved	257	222	0.32135477662086487	0.39952296018600464	0.13199372589588165	0.39952296018600464	0.2675292491912842	0.407257080078125	0.5781130790710449
2cx_vs_plain	26407	969	regressed	969	631	0.5820493102073669	0.3318313956260681	0.5820493102073669	0.315967857837677	-0.26608145236968994	0.8255538940429688	0.04898643493652344
2cx_vs_plain	24927	930	regressed	930	962	0.5306049585342407	0.6252152323722839	0.5306049585342407	0.26456722617149353	-0.2660377323627472	0.452301025390625	0.8600006103515625
2cx_vs_plain	43349	557	improved	733	557	0.6013387441635132	0.5520692467689514	0.28656452894210815	0.5520692467689514	0.26550471782684326	0.7411947250366211	0.6650161743164062
2cx_vs_plain	45499	811	improved	237	811	0.27632203698158264	0.5394346117973328	0.2739703059196472	0.5394346117973328	0.26546430587768555	0.008547306060791016	1.2724895477294922
2cx_vs_plain	46419	922	regressed	922	458	0.6498143672943115	0.45317205786705017	0.6498143672943115	0.38443106412887573	-0.2653833031654358	1.0859098434448242	0.16450738906860352
2cx_vs_plain	2307	103	improved	344	103	0.3620060980319977	0.6155226230621338	0.3505162000656128	0.6155226230621338	0.265006422996521	0.03225421905517578	1.5924310684204102
2cx_vs_plain	34941	600	improved	488	600	0.42579102516174316	0.6421890258789062	0.37787842750549316	0.6421890258789062	0.2643105983734131	0.11937618255615234	1.005091667175293
2cx_vs_plain	18499	468	regressed	468	779	0.4347366988658905	0.5129102468490601	0.4347366988658905	0.17046131193637848	-0.26427537202835083	0.7098050117492676	1.1015925407409668
2cx_vs_plain	23474	47	regressed	47	42	0.335958331823349	0.5911585092544556	0.335958331823349	0.07217041403055191	-0.2637879252433777	0.05369091033935547	2.1030540466308594
2cx_vs_plain	1900	628	regressed	628	460	0.3287639319896698	0.18889319896697998	0.3287639319896698	0.0656345933675766	-0.2631293535232544	1.3810267448425293	0.3542046546936035
2cx_vs_plain	23506	618	improved	696	618	0.3815658688545227	0.38816365599632263	0.12515608966350555	0.38816365599632263	0.26300758123397827	1.1147217750549316	1.2287845611572266
2cx_vs_plain	1741	297	regressed	297	234	0.4115872085094452	0.349151611328125	0.4115872085094452	0.14920936524868011	-0.26237785816192627	2.0264134407043457	0.8501558303833008
2cx_vs_plain	29916	180	improved	242	180	0.5277945399284363	0.3566010594367981	0.09430437535047531	0.3566010594367981	0.2622966766357422	1.487877368927002	0.08974218368530273
2cx_vs_plain	14388	148	improved	147	148	0.37377673387527466	0.5403524041175842	0.27810630202293396	0.5403524041175842	0.26224610209465027	0.2956552505493164	0.7048935890197754
2cx_vs_plain	30216	909	improved	478	909	0.1918787956237793	0.4130317270755768	0.1508050113916397	0.4130317270755768	0.2622267007827759	0.2408761978149414	1.3531136512756348
2cx_vs_plain	13676	887	regressed	887	689	0.4375855028629303	0.34409913420677185	0.4375855028629303	0.17554143071174622	-0.2620440721511841	0.5766839981079102	0.6730546951293945
2cx_vs_plain	32824	553	improved	526	553	0.6959412097930908	0.4637916088104248	0.20197609066963196	0.4637916088104248	0.26181551814079285	1.2371158599853516	0.012783050537109375
2cx_vs_plain	10685	793	regressed	793	411	0.2886519432067871	0.2650536298751831	0.2886519432067871	0.0270654559135437	-0.2615864872932434	1.6681013107299805	0.26220035552978516
2cx_vs_plain	19718	260	improved	244	260	0.4447471797466278	0.44123712182044983	0.17983433604240417	0.44123712182044983	0.26140278577804565	0.9054698944091797	0.501002311706543
2cx_vs_plain	8144	21	improved	91	21	0.3539348244667053	0.5466416478157043	0.2854623794555664	0.5466416478157043	0.26117926836013794	0.21500253677368164	1.12886381149292
2cx_vs_plain	12673	342	improved	343	342	0.4850689470767975	0.6426595449447632	0.38170096278190613	0.6426595449447632	0.26095858216285706	0.2396535873413086	1.0727877616882324
2cx_vs_plain	34945	178	improved	209	178	0.4890754222869873	0.503861129283905	0.24303893744945526	0.503861129283905	0.2608221769332886	0.6992950439453125	0.3633890151977539
2cx_vs_plain	44214	360	improved	103	360	0.43272340297698975	0.5082095861434937	0.24817906320095062	0.5082095861434937	0.26003050804138184	0.5559482574462891	1.2256441116333008
2cx_vs_plain	23775	600	regressed	600	772	0.518673300743103	0.2969798147678375	0.518673300743103	0.2589796483516693	-0.2596936523914337	2.113532066345215	0.13691473007202148
2cx_vs_plain	34611	600	regressed	600	700	0.5292941331863403	0.4212198555469513	0.5292941331863403	0.27041754126548767	-0.25887659192085266	2.08803653717041	0.4431877136230469
2cx_vs_plain	39123	319	regressed	319	320	0.6727004051208496	0.44465911388397217	0.6727004051208496	0.41393542289733887	-0.25876498222351074	1.6786699295043945	0.07159805297851562
2cx_vs_plain	8398	822	improved	484	822	0.5769878029823303	0.4125235974788666	0.15393304824829102	0.4125235974788666	0.25859054923057556	1.2480230331420898	0.022431373596191406
2cx_vs_plain	41762	413	improved	652	413	0.4853171408176422	0.5583347082138062	0.3000711500644684	0.5583347082138062	0.25826355814933777	0.48078298568725586	0.6754436492919922
2cx_vs_plain	20313	540	improved	536	540	0.32271161675453186	0.5632551312446594	0.30527976155281067	0.5632551312446594	0.25797536969184875	0.055530548095703125	1.2251548767089844
2cx_vs_plain	48621	796	regressed	796	795	0.5607210397720337	0.33144813776016235	0.5607210397720337	0.30370885133743286	-0.25701218843460083	0.8501591682434082	0.0874018669128418
2cx_vs_plain	8644	696	regressed	696	749	0.44659411907196045	0.2155899852514267	0.44659411907196045	0.19016698002815247	-0.256427139043808	1.0309548377990723	0.12547588348388672
2cx_vs_plain	6485	706	regressed	706	762	0.5595424175262451	0.33136793971061707	0.5595424175262451	0.30340248346328735	-0.25613993406295776	2.287250518798828	0.08816909790039062
2cx_vs_plain	30664	953	regressed	953	706	0.2867540717124939	0.6443454623222351	0.2867540717124939	0.030618011951446533	-0.25613605976104736	0.6718845367431641	3.0466465950012207
2cx_vs_plain	1314	552	regressed	552	819	0.5237577557563782	0.29807040095329285	0.5237577557563782	0.2682623267173767	-0.25549542903900146	0.8942346572875977	0.10536432266235352
2cx_vs_plain	23939	870	improved	444	870	0.2748814821243286	0.5155254006385803	0.2607593536376953	0.5155254006385803	0.254766047000885	0.05274200439453125	0.4561471939086914
2cx_vs_plain	22531	338	improved	617	338	0.36408770084381104	0.43815192580223083	0.18352124094963074	0.43815192580223083	0.2546306848526001	0.5609488487243652	1.3946104049682617
2cx_vs_plain	8117	75	improved	77	75	0.46156495809555054	0.33289676904678345	0.07829717546701431	0.33289676904678345	0.25459960103034973	0.7362074851989746	0.038820743560791016
2cx_vs_plain	26888	691	improved	672	691	0.4552191495895386	0.5088427662849426	0.25475984811782837	0.5088427662849426	0.25408291816711426	0.5804576873779297	0.8878898620605469
2cx_vs_plain	38030	650	regressed	650	542	0.549664318561554	0.4578694701194763	0.549664318561554	0.29564952850341797	-0.254014790058136	0.9379596710205078	0.4374094009399414
2cx_vs_plain	39184	329	improved	327	329	0.14034375548362732	0.31824374198913574	0.06431084871292114	0.31824374198913574	0.2539328932762146	0.17344188690185547	0.7189269065856934
2cx_vs_plain	34250	154	regressed	154	259	0.5809234380722046	0.3642919063568115	0.5809234380722046	0.32717666029930115	-0.25374677777290344	1.6110992431640625	0.10745525360107422
2cx_vs_plain	30919	807	regressed	807	839	0.2822268307209015	0.41828984022140503	0.2822268307209015	0.028811726719141006	-0.2534151077270508	0.5747113227844238	1.9165802001953125
2cx_vs_plain	26477	389	improved	395	389	0.32991474866867065	0.46752288937568665	0.21529337763786316	0.46752288937568665	0.2522295117378235	0.4268326759338379	1.0418305397033691
2cx_vs_plain	33770	644	improved	470	644	0.5686333775520325	0.40533527731895447	0.1542510986328125	0.40533527731895447	0.25108417868614197	1.3046541213989258	0.1635880470275879
2cx_vs_plain	3315	433	regressed	433	445	0.36396580934524536	0.3047160804271698	0.36396580934524536	0.1132647842168808	-0.25070101022720337	0.42348623275756836	0.5073533058166504
2cx_vs_plain	6851	770	regressed	770	774	0.4345386028289795	0.6673830151557922	0.4345386028289795	0.18412183225154877	-0.25041675567626953	0.30655717849731445	1.287766456604004
2cx_vs_plain	19834	205	improved	197	205	0.5461256504058838	0.2673600912094116	0.017310138791799545	0.2673600912094116	0.2500499486923218	0.795569896697998	0.04819917678833008
2cx_vs_plain	33651	261	regressed	261	192	0.45906588435173035	0.5807694792747498	0.45906588435173035	0.20922650396823883	-0.24983938038349152	0.4798545837402344	1.0209364891052246
2cx_vs_plain	30682	643	improved	772	643	0.40754666924476624	0.3146653473377228	0.0654754713177681	0.3146653473377228	0.24918988347053528	1.5453410148620605	1.2337350845336914
2cx_vs_plain	32687	303	regressed	303	304	0.6537414193153381	0.4359857738018036	0.6537414193153381	0.40489891171455383	-0.2488425076007843	1.0513811111450195	0.07397222518920898
2cx_vs_plain	36589	498	regressed	498	781	0.2669011652469635	0.6982541680335999	0.2669011652469635	0.018217453733086586	-0.24868370592594147	0.010407447814941406	3.64620304107666
2cx_vs_plain	38774	618	regressed	618	823	0.49161455035209656	0.35791540145874023	0.49161455035209656	0.24417255818843842	-0.24744199216365814	1.3368353843688965	0.38242149353027344
2cx_vs_plain	13729	64	regressed	64	55	0.35894832015037537	0.38157960772514343	0.35894832015037537	0.11166746914386749	-0.24728085100650787	0.20838117599487305	0.1712045669555664
2cx_vs_plain	2820	478	improved	921	478	0.14673689007759094	0.32936739921569824	0.08210475742816925	0.32936739921569824	0.247262641787529	0.5120401382446289	1.5443129539489746
2cx_vs_plain	15286	319	improved	320	319	0.5822492241859436	0.576058566570282	0.32883909344673157	0.576058566570282	0.24721947312355042	0.5713300704956055	0.6159024238586426
2cx_vs_plain	40619	327	regressed	327	112	0.3770080804824829	0.2224339246749878	0.3770080804824829	0.12984754145145416	-0.24716053903102875	1.1810417175292969	0.53826904296875
2cx_vs_plain	42824	161	regressed	161	218	0.634731113910675	0.42868345975875854	0.634731113910675	0.38778844475746155	-0.2469426691532135	1.0247507095336914	0.10025882720947266
2cx_vs_plain	31435	636	improved	885	636	0.30492424964904785	0.38966524600982666	0.14291322231292725	0.38966524600982666	0.24675202369689941	0.7578258514404297	1.1172924041748047
2cx_vs_plain	39140	474	regressed	474	834	0.5814912915229797	0.33920198678970337	0.5814912915229797	0.33475688099861145	-0.2467344105243683	1.2373123168945312	0.01319122314453125
2cx_vs_plain	14252	361	improved	358	361	0.3222382962703705	0.5007405877113342	0.2540907561779022	0.5007405877113342	0.246649831533432	0.23759984970092773	0.6062679290771484
2cx_vs_plain	18797	77	regressed	77	73	0.4593585431575775	0.5175374746322632	0.4593585431575775	0.21272577345371246	-0.24663276970386505	0.4237074851989746	0.8890781402587891
2cx_vs_plain	7266	159	improved	211	159	0.392167866230011	0.5543925762176514	0.3084073066711426	0.5543925762176514	0.2459852695465088	0.24026870727539062	1.5402026176452637
2cx_vs_plain	7157	781	regressed	781	800	0.40793272852897644	0.4088931381702423	0.40793272852897644	0.16199660301208496	-0.24593612551689148	0.2922825813293457	0.9258785247802734
2cx_vs_plain	28912	610	improved	837	610	0.33983924984931946	0.5599570274353027	0.31501486897468567	0.5599570274353027	0.24494215846061707	0.07585287094116211	0.9865264892578125
2cx_vs_plain	13792	764	regressed	764	515	0.5039335489273071	0.4758833050727844	0.5039335489273071	0.2593807876110077	-0.24455276131629944	0.7679028511047363	0.6068754196166992
2cx_vs_plain	27518	858	improved	789	858	0.48327431082725525	0.44308745861053467	0.1989392191171646	0.44308745861053467	0.24414823949337006	0.8875851631164551	0.7373337745666504
2cx_vs_plain	13841	916	improved	922	916	0.47890499234199524	0.6064416170120239	0.3626006543636322	0.6064416170120239	0.24384096264839172	0.2782001495361328	0.9100255966186523
2cx_vs_plain	35565	406	improved	857	406	0.6780976057052612	0.37278327345848083	0.1300744265317917	0.37278327345848083	0.24270884692668915	1.6511845588684082	0.03688478469848633
2cx_vs_plain	24555	723	improved	905	723	0.12157326936721802	0.36370334029197693	0.12143439054489136	0.36370334029197693	0.24226894974708557	0.0011429786682128906	2.185913562774658
2cx_vs_plain	5516	909	regressed	909	550	0.4006960988044739	0.35808295011520386	0.4006960988044739	0.15849018096923828	-0.2422059178352356	1.0830192565917969	0.8150720596313477
2cx_vs_plain	35605	405	regressed	405	780	0.3229806423187256	0.09736685454845428	0.3229806423187256	0.08108633011579514	-0.24189430475234985	1.8160290718078613	0.12708425521850586
2cx_vs_plain	17923	818	regressed	818	619	0.5404154062271118	0.6144630312919617	0.5404154062271118	0.2985243797302246	-0.2418910264968872	0.4656076431274414	0.7218971252441406
2cx_vs_plain	28558	806	improved	496	806	0.4648335874080658	0.6243235468864441	0.38246652483940125	0.6243235468864441	0.24185702204704285	0.1950383186340332	0.9308571815490723
2cx_vs_plain	28519	702	regressed	702	602	0.5433918833732605	0.6202194094657898	0.5433918833732605	0.30162718892097473	-0.24176469445228577	0.2792387008666992	0.720881462097168
2cx_vs_plain	6191	885	regressed	885	831	0.4740578830242157	0.6157974004745483	0.4740578830242157	0.23257754743099213	-0.24148033559322357	0.1206502914428711	0.9736943244934082
2cx_vs_plain	28481	759	improved	786	759	0.14454668760299683	0.33136969804763794	0.09004995226860046	0.33136969804763794	0.24131974577903748	0.373018741607666	1.6207232475280762
2cx_vs_plain	21926	470	improved	929	470	0.4168184995651245	0.49152836203575134	0.2510726749897003	0.49152836203575134	0.24045568704605103	0.5069084167480469	0.8996791839599609
2cx_vs_plain	38868	334	improved	337	334	0.45330923795700073	0.6029605865478516	0.36316150426864624	0.6029605865478516	0.23979908227920532	0.2217268943786621	0.8719396591186523
2cx_vs_plain	13649	159	regressed	159	168	0.3539316952228546	0.4549795091152191	0.3539316952228546	0.11413642764091492	-0.2397952675819397	0.4299740791320801	1.3828577995300293
2cx_vs_plain	31316	804	regressed	804	503	0.38012662529945374	0.3813602030277252	0.38012662529945374	0.14042195677757263	-0.2397046685218811	0.845191478729248	0.9990925788879395
2cx_vs_plain	42704	401	regressed	401	881	0.5119391679763794	0.4564753472805023	0.5119391679763794	0.27282941341400146	-0.23910975456237793	1.3288202285766602	0.5146880149841309
2cx_vs_plain	10082	418	improved	784	418	0.44219061732292175	0.5768583416938782	0.3377724587917328	0.5768583416938782	0.23908588290214539	0.26936864852905273	0.7934250831604004
2cx_vs_plain	39477	796	regressed	796	658	0.5304973125457764	0.3230791389942169	0.5304973125457764	0.29194921255111694	-0.23854809999465942	1.3987417221069336	0.1013174057006836
2cx_vs_plain	29161	983	improved	801	983	0.34999504685401917	0.5846286416053772	0.34612226486206055	0.5846286416053772	0.23850637674331665	0.011126995086669922	1.050717830657959
2cx_vs_plain	41766	543	regressed	543	686	0.4103219211101532	0.44103822112083435	0.4103219211101532	0.17205767333507538	-0.23826424777507782	0.3089466094970703	0.9413018226623535
2cx_vs_plain	5250	454	improved	453	454	0.6290804743766785	0.4659792482852936	0.22778776288032532	0.4659792482852936	0.23819148540496826	1.0158448219299316	0.23384571075439453
2cx_vs_plain	33099	567	regressed	567	544	0.46298614144325256	0.5660649538040161	0.46298614144325256	0.2248087078332901	-0.23817743360996246	0.8059978485107422	0.9234590530395508
2cx_vs_plain	43052	813	improved	923	813	0.4112972021102905	0.43024468421936035	0.19257773458957672	0.43024468421936035	0.23766694962978363	0.7588162422180176	0.7731409072875977
2cx_vs_plain	9859	447	regressed	447	751	0.4636469781398773	0.3358879089355469	0.4636469781398773	0.22698277235031128	-0.23666420578956604	1.781571865081787	0.3919034004211426
2cx_vs_plain	41479	666	improved	502	666	0.40894412994384766	0.5592984557151794	0.32266244292259216	0.5592984557151794	0.23663601279258728	0.23697185516357422	0.9818549156188965
2cx_vs_plain	42849	673	improved	622	673	0.6762072443962097	0.3713279664516449	0.13480286300182343	0.3713279664516449	0.23652510344982147	1.6126861572265625	0.043808937072753906
2cx_vs_plain	26022	775	regressed	775	842	0.3682270348072052	0.20556782186031342	0.3682270348072052	0.1323326975107193	-0.2358943372964859	1.6284003257751465	0.4404568672180176
2cx_vs_plain	20375	641	improved	522	641	0.6453024744987488	0.34783443808555603	0.11246227473020554	0.34783443808555603	0.2353721559047699	1.7471013069152832	0.09669065475463867
2cx_vs_plain	44850	864	regressed	864	661	0.3186512291431427	0.44125601649284363	0.3186512291431427	0.0851445272564888	-0.2335067093372345	0.2338566780090332	0.5668587684631348
2cx_vs_plain	48531	432	improved	683	432	0.5676255226135254	0.5968188047409058	0.3633652329444885	0.5968188047409058	0.23345357179641724	0.44605350494384766	0.6791563034057617
2cx_vs_plain	42308	618	improved	696	618	0.17062245309352875	0.29290276765823364	0.05957472696900368	0.29290276765823364	0.23332804441452026	0.3697667121887207	0.6350345611572266
2cx_vs_plain	43031	655	improved	608	655	0.17315727472305298	0.3878909945487976	0.15484032034873962	0.3878909945487976	0.23305067420005798	0.11180591583251953	0.07580280303955078
2cx_vs_plain	4652	741	regressed	741	885	0.43470439314842224	0.4611537456512451	0.43470439314842224	0.2019166201353073	-0.23278777301311493	0.6114091873168945	0.8258767127990723
2cx_vs_plain	44509	307	regressed	307	302	0.43689045310020447	0.5628728866577148	0.43689045310020447	0.20411370694637299	-0.23277674615383148	0.36104631423950195	1.0143766403198242
2cx_vs_plain	44241	335	improved	287	335	0.3475112020969391	0.5099828243255615	0.2772974669933319	0.5099828243255615	0.23268535733222961	0.2257061004638672	0.9933571815490723
2cx_vs_plain	44710	928	improved	960	928	0.6712722182273865	0.49164262413978577	0.2594081163406372	0.49164262413978577	0.23223450779914856	0.9507722854614258	0.11110305786132812
2cx_vs_plain	31063	751	improved	573	751	0.6557509303092957	0.3547307550907135	0.12252026796340942	0.3547307550907135	0.23221048712730408	1.677504539489746	0.10357904434204102
2cx_vs_plain	1520	830	improved	615	830	0.06451430916786194	0.27025526762008667	0.0381741002202034	0.27025526762008667	0.23208117485046387	0.12599802017211914	1.2270355224609375
2cx_vs_plain	26101	505	improved	827	505	0.6039814949035645	0.45142894983291626	0.2196631282567978	0.45142894983291626	0.23176582157611847	1.0114483833312988	0.20727157592773438
2cx_vs_plain	24801	906	improved	834	906	0.3832851052284241	0.596592128276825	0.36506640911102295	0.596592128276825	0.231525719165802	0.04869985580444336	1.2013111114501953
2cx_vs_plain	49930	457	regressed	457	452	0.4171215891838074	0.3827909231185913	0.4171215891838074	0.18563178181648254	-0.23148980736732483	1.3706097602844238	0.7237238883972168
2cx_vs_plain	45368	532	improved	799	532	0.30580320954322815	0.3410342037677765	0.10970735549926758	0.3410342037677765	0.2313268482685089	1.025125503540039	0.6619977951049805
2cx_vs_plain	47696	390	improved	973	390	0.4073185324668884	0.6204239726066589	0.3895243704319	0.6204239726066589	0.2308996021747589	0.044669151306152344	0.9553585052490234
2cx_vs_plain	36999	346	regressed	346	343	0.30057603120803833	0.5273633599281311	0.30057603120803833	0.06973222643136978	-0.23084381222724915	0.10186290740966797	2.0232272148132324
2cx_vs_plain	21489	211	regressed	211	209	0.46768617630004883	0.35759982466697693	0.46768617630004883	0.23695136606693268	-0.23073481023311615	1.2129149436950684	0.4115595817565918
2cx_vs_plain	28999	377	regressed	377	378	0.4945463538169861	0.4553736448287964	0.4945463538169861	0.2640766501426697	-0.2304697036743164	1.3848066329956055	0.5448789596557617
2cx_vs_plain	16407	705	regressed	705	547	0.3751770257949829	0.37295886874198914	0.3751770257949829	0.1448637694120407	-0.2303132563829422	1.276845932006836	0.9415278434753418
2cx_vs_plain	24413	335	regressed	335	378	0.3304326832294464	0.11691337078809738	0.3304326832294464	0.10016930103302002	-0.2302633821964264	1.4573826789855957	0.09758996963500977
2cx_vs_plain	17093	4	regressed	4	3	0.34649258852005005	0.4073999524116516	0.34649258852005005	0.11646224558353424	-0.2300303429365158	0.342252254486084	0.9009547233581543
2cx_vs_plain	45048	997	improved	666	997	0.08715196698904037	0.29696300625801086	0.06712902337312698	0.29696300625801086	0.22983399033546448	0.26103687286376953	1.2774896621704102
2cx_vs_plain	16925	135	improved	128	135	0.15333154797554016	0.36823955178260803	0.13857318460941315	0.36823955178260803	0.22966636717319489	0.10120391845703125	1.6956429481506348
2cx_vs_plain	21906	735	improved	824	735	0.5039206743240356	0.36234766244888306	0.13293011486530304	0.36234766244888306	0.22941754758358002	0.9298357963562012	0.3552207946777344
2cx_vs_plain	7844	67	improved	58	67	0.1810186505317688	0.34996530413627625	0.1207994893193245	0.34996530413627625	0.22916582226753235	0.4044680595397949	0.8463640213012695
2cx_vs_plain	27214	513	improved	875	513	0.5150660872459412	0.5670718550682068	0.3379274606704712	0.5670718550682068	0.2291443943977356	0.4214639663696289	0.5781898498535156
2cx_vs_plain	22071	64	regressed	64	55	0.49822118878364563	0.5408605933189392	0.49822118878364563	0.26924383640289307	-0.22897735238075256	0.30213069915771484	0.6975440979003906
2cx_vs_plain	41655	59	regressed	59	111	0.38569375872612	0.374808132648468	0.38569375872612	0.15682025253772736	-0.22887350618839264	0.7354979515075684	0.8713140487670898
2cx_vs_plain	24863	3	improved	2	3	0.505364716053009	0.5126859545707703	0.28450512886047363	0.5126859545707703	0.22818082571029663	0.5745291709899902	0.7381706237792969
2cx_vs_plain	42878	603	improved	256	603	0.21533742547035217	0.4255369305610657	0.19736075401306152	0.4255369305610657	0.22817617654800415	0.0871729850769043	0.16338634490966797
2cx_vs_plain	7433	610	regressed	610	411	0.3451763093471527	0.5339515805244446	0.3451763093471527	0.11769597232341766	-0.22748033702373505	0.5815701484680176	1.5122003555297852
2cx_vs_plain	26136	661	improved	479	661	0.3416009545326233	0.48681798577308655	0.2594267725944519	0.48681798577308655	0.22739121317863464	0.27516889572143555	0.7871642112731934
2cx_vs_plain	33454	236	improved	238	236	0.4460720121860504	0.5509974360466003	0.325539767742157	0.5509974360466003	0.22545766830444336	0.31499576568603516	0.8415226936340332
2cx_vs_plain	44359	77	regressed	77	769	0.40933799743652344	0.2373329997062683	0.40933799743652344	0.18423308432102203	-0.2251049131155014	0.9031248092651367	0.21819591522216797
2cx_vs_plain	10045	705	improved	654	705	0.5329594016075134	0.4998965561389923	0.2748265862464905	0.4998965561389923	0.22506996989250183	0.6623048782348633	0.5252590179443359
2cx_vs_plain	699	494	regressed	494	442	0.5994744896888733	0.5447537302970886	0.5994744896888733	0.37442371249198914	-0.22505077719688416	0.6247529983520508	0.37494564056396484
2cx_vs_plain	46774	716	regressed	716	787	0.3762519657611847	0.18241265416145325	0.3762519657611847	0.1512826830148697	-0.224969282746315	1.3958020210266113	0.18712139129638672
2cx_vs_plain	30726	834	improved	486	834	0.2635226547718048	0.36520129442214966	0.1405545175075531	0.36520129442214966	0.22464677691459656	0.6285438537597656	0.49594831466674805
2cx_vs_plain	10267	964	improved	961	964	0.1369091421365738	0.23555441200733185	0.011210826225578785	0.23555441200733185	0.22434358298778534	0.13264083862304688	0.3097352981567383
2cx_vs_plain	38963	924	regressed	924	923	0.34213918447494507	0.45780128240585327	0.34213918447494507	0.1178419440984726	-0.22429724037647247	0.20515823364257812	1.357090950012207
2cx_vs_plain	26597	623	improved	563	623	0.2646355628967285	0.34941014647483826	0.12521067261695862	0.34941014647483826	0.22419947385787964	0.7483558654785156	0.8141484260559082
2cx_vs_plain	22469	718	regressed	718	839	0.6232447028160095	0.42924991250038147	0.6232447028160095	0.39909905195236206	-0.22414565086364746	0.9584589004516602	0.0728297233581543
2cx_vs_plain	17767	785	regressed	785	464	0.5773351788520813	0.452608197927475	0.5773351788520813	0.3533569276332855	-0.22397825121879578	1.0341691970825195	0.24754810333251953
2cx_vs_plain	38559	403	improved	536	403	0.31611746549606323	0.5203818678855896	0.29693982005119324	0.5203818678855896	0.22344204783439636	0.06258440017700195	1.0927886962890625
2cx_vs_plain	39614	805	improved	515	805	0.5884492993354797	0.386848509311676	0.16340848803520203	0.386848509311676	0.223440021276474	1.2812376022338867	0.5623140335083008
2cx_vs_plain	28380	411	improved	868	411	0.13485199213027954	0.34544065594673157	0.12244829535484314	0.34544065594673157	0.22299236059188843	0.09648895263671875	1.184676170349121
2cx_vs_plain	10482	99	improved	134	99	0.2603546977043152	0.4182370901107788	0.1953394114971161	0.4182370901107788	0.22289767861366272	0.2873063087463379	1.6499614715576172
2cx_vs_plain	12499	418	improved	563	418	0.3048986494541168	0.3796618580818176	0.15701903402805328	0.3796618580818176	0.22264282405376434	0.5949492454528809	0.7429876327514648
2cx_vs_plain	7150	513	improved	875	513	0.6108165979385376	0.48138415813446045	0.2587423324584961	0.48138415813446045	0.22264182567596436	0.8589639663696289	0.7344398498535156
2cx_vs_plain	49284	844	improved	848	844	0.3528636693954468	0.3182505965232849	0.09625564515590668	0.3182505965232849	0.22199495136737823	0.5806193351745605	0.3263978958129883
2cx_vs_plain	29555	470	improved	883	470	0.34470242261886597	0.5503513216972351	0.3283919095993042	0.5503513216972351	0.2219594120979309	0.04847383499145508	0.827141284942627
2cx_vs_plain	43064	474	improved	785	474	0.5295501351356506	0.30361345410346985	0.08196593821048737	0.30361345410346985	0.22164751589298248	1.7796502113342285	0.7047390937805176
2cx_vs_plain	18879	723	improved	862	723	0.5568142533302307	0.49105650186538696	0.26955223083496094	0.49105650186538696	0.22150427103042603	0.7254695892333984	0.5868310928344727
2cx_vs_plain	1172	442	improved	663	442	0.4413487911224365	0.44442182779312134	0.22312331199645996	0.44442182779312134	0.22129851579666138	0.6339340209960938	0.5676307678222656
2cx_vs_plain	29608	242	improved	163	242	0.10349397361278534	0.31785205006599426	0.09656519442796707	0.31785205006599426	0.2212868630886078	0.04392194747924805	1.0192079544067383
2cx_vs_plain	43366	226	regressed	226	200	0.6254323720932007	0.4092988073825836	0.6254323720932007	0.4042110741138458	-0.22122129797935486	1.2062773704528809	0.012508392333984375
2cx_vs_plain	27245	667	regressed	667	400	0.46400174498558044	0.34990888833999634	0.46400174498558044	0.24297548830509186	-0.2210262566804886	0.8542795181274414	0.3647122383117676
2cx_vs_plain	46126	112	improved	116	112	0.3432486355304718	0.25779327750205994	0.03690461814403534	0.25779327750205994	0.2208886593580246	2.2301182746887207	0.4891934394836426
2cx_vs_plain	8091	212	improved	215	212	0.450846791267395	0.6532168388366699	0.4326429069042206	0.6532168388366699	0.22057393193244934	0.041214942932128906	0.9903192520141602
2cx_vs_plain	37782	979	regressed	979	525	0.40389755368232727	0.41965189576148987	0.40389755368232727	0.1835678219795227	-0.22032973170280457	0.7361230850219727	0.8268413543701172
2cx_vs_plain	26411	619	regressed	619	818	0.6329677700996399	0.5450657606124878	0.6329677700996399	0.4127340614795685	-0.2202337086200714	0.7218923568725586	0.2781028747558594
2cx_vs_plain	31446	338	improved	106	338	0.3324615955352783	0.2543356716632843	0.03414921090006828	0.2543356716632843	0.22018645703792572	1.6872553825378418	0.558112621307373
2cx_vs_plain	9769	740	regressed	740	752	0.41016581654548645	0.23075416684150696	0.41016581654548645	0.19099903106689453	-0.21916678547859192	0.9046201705932617	0.18908452987670898
2cx_vs_plain	42575	651	improved	897	651	0.36438941955566406	0.5238609313964844	0.30475127696990967	0.5238609313964844	0.2191096544265747	0.1787271499633789	1.6337461471557617
2cx_vs_plain	45621	817	regressed	817	479	0.3972223699092865	0.2639422118663788	0.3972223699092865	0.17820186913013458	-0.21902050077915192	0.6383571624755859	0.16457891464233398
2cx_vs_plain	12116	689	improved	903	689	0.4313022494316101	0.356865793466568	0.1381492018699646	0.356865793466568	0.2187165915966034	1.138474941253662	0.3926825523376465
2cx_vs_plain	47246	411	regressed	411	614	0.3655989468097687	0.3512849509716034	0.3655989468097687	0.1471182107925415	-0.21848073601722717	0.4417891502380371	0.24493885040283203
2cx_vs_plain	44237	572	regressed	572	899	0.35257503390312195	0.3179713189601898	0.35257503390312195	0.1345706433057785	-0.21800439059734344	0.30371665954589844	0.8598718643188477
2cx_vs_plain	14502	219	regressed	219	218	0.5062932372093201	0.5286062359809875	0.5062932372093201	0.2887353003025055	-0.21755793690681458	0.4886589050292969	0.6047334671020508
2cx_vs_plain	21311	699	improved	568	699	0.48771849274635315	0.30676472187042236	0.08934780210256577	0.30676472187042236	0.217416912317276	1.6972017288208008	0.9595708847045898
2cx_vs_plain	8516	699	improved	558	699	0.4787651002407074	0.4160239100456238	0.19880148768424988	0.4160239100456238	0.2172224223613739	0.8789033889770508	0.1533031463623047
2cx_vs_plain	323	4	improved	2	4	0.43495291471481323	0.5619732737541199	0.34479889273643494	0.5619732737541199	0.21717438101768494	0.23227643966674805	0.9234428405761719
2cx_vs_plain	25382	442	regressed	442	497	0.596038818359375	0.4796891510486603	0.596038818359375	0.3788737654685974	-0.2171650528907776	0.9205732345581055	0.23593521118164062
2cx_vs_plain	30561	801	regressed	801	570	0.5342082977294922	0.4138854146003723	0.5342082977294922	0.3173993229866028	-0.2168089747428894	0.9221162796020508	0.2654285430908203
2cx_vs_plain	25157	440	improved	427	440	0.39839687943458557	0.2564947307109833	0.03971109539270401	0.2564947307109833	0.21678364276885986	0.8007063865661621	0.1942458152770996
2cx_vs_plain	26044	921	regressed	921	866	0.6050167679786682	0.4562857747077942	0.6050167679786682	0.3882908821105957	-0.2167258858680725	1.2447314262390137	0.16136455535888672
2cx_vs_plain	42810	108	regressed	108	393	0.5692894458770752	0.48668670654296875	0.5692894458770752	0.3527044951915741	-0.2165849506855011	0.6155519485473633	0.3219900131225586
2cx_vs_plain	2846	200	improved	202	200	0.4504804015159607	0.5675631165504456	0.35108721256256104	0.5675631165504456	0.21647590398788452	0.24927997589111328	1.6261539459228516
2cx_vs_plain	29603	194	improved	155	194	0.20881961286067963	0.36804795265197754	0.15169067680835724	0.36804795265197754	0.2163572758436203	0.10277223587036133	1.3056716918945312
2cx_vs_plain	23337	544	regressed	544	521	0.5484017729759216	0.5070514678955078	0.5484017729759216	0.33212345838546753	-0.2162783145904541	0.4198627471923828	0.42310571670532227
2cx_vs_plain	15543	899	regressed	899	756	0.42472001910209656	0.41658833622932434	0.42472001910209656	0.20861582458019257	-0.216104194521904	0.6829562187194824	0.6916041374206543
2cx_vs_plain	47953	248	improved	249	248	0.5989452004432678	0.4051499664783478	0.18916937708854675	0.4051499664783478	0.21598058938980103	1.1525273323059082	0.34696483612060547
2cx_vs_plain	16232	474	improved	638	474	0.14040571451187134	0.34917429089546204	0.13327917456626892	0.34917429089546204	0.21589511632919312	0.05209016799926758	1.2601146697998047
2cx_vs_plain	41447	473	improved	512	473	0.6200248599052429	0.5050827860832214	0.28919532895088196	0.5050827860832214	0.21588745713233948	0.7626571655273438	0.2373828887939453
2cx_vs_plain	44374	899	regressed	899	849	0.34289437532424927	0.18597263097763062	0.34289437532424927	0.12720394134521484	-0.21569043397903442	0.9542350769042969	0.3798079490661621
2cx_vs_plain	36295	155	improved	204	155	0.5095607042312622	0.5029063820838928	0.28726357221603394	0.5029063820838928	0.2156428098678589	0.5731487274169922	0.30201244354248047
2cx_vs_plain	3935	641	improved	618	641	0.6522761583328247	0.3218218982219696	0.10684028267860413	0.3218218982219696	0.21498161554336548	1.8091330528259277	0.003529071807861328
2cx_vs_plain	577	234	regressed	234	852	0.4426838159561157	0.6455844044685364	0.4426838159561157	0.22781401872634888	-0.21486979722976685	0.021223068237304688	1.0416264533996582
2cx_vs_plain	48173	706	improved	663	706	0.41713017225265503	0.3123933672904968	0.09793033450841904	0.3123933672904968	0.2144630253314972	1.4491419792175293	0.831718921661377
2cx_vs_plain	7333	654	regressed	654	757	0.35129162669181824	0.5407368540763855	0.35129162669181824	0.13684499263763428	-0.21444663405418396	0.3444228172302246	1.3740839958190918
2cx_vs_plain	15721	409	regressed	409	426	0.43867722153663635	0.45436975359916687	0.43867722153663635	0.2243715524673462	-0.21430566906929016	0.700681209564209	0.7056078910827637
2cx_vs_plain	47499	575	improved	817	575	0.42754441499710083	0.23923370242118835	0.02509065717458725	0.23923370242118835	0.2141430377960205	0.40535449981689453	0.41379356384277344
2cx_vs_plain	49380	835	improved	70	835	0.23375818133354187	0.39274862408638	0.1789005845785141	0.39274862408638	0.2138480395078659	0.2674570083618164	1.2334270477294922
2cx_vs_plain	4994	718	regressed	718	694	0.2858959138393402	0.20296376943588257	0.2858959138393402	0.07212433218955994	-0.21377158164978027	0.8287816047668457	0.1757345199584961
2cx_vs_plain	10114	477	regressed	477	512	0.5284906029701233	0.35985279083251953	0.5284906029701233	0.314812570810318	-0.2136780321598053	0.4921407699584961	0.13371753692626953
2cx_vs_plain	36768	742	improved	713	742	0.4783081114292145	0.4488634467124939	0.2354193776845932	0.4488634467124939	0.2134440690279007	0.7088866233825684	0.8221831321716309
2cx_vs_plain	8555	996	improved	991	996	0.6166404485702515	0.43256863951683044	0.21922819316387177	0.43256863951683044	0.21334044635295868	1.0341730117797852	0.43349647521972656
2cx_vs_plain	37490	509	regressed	509	865	0.50899738073349	0.5309474468231201	0.50899738073349	0.2956715226173401	-0.2133258581161499	0.35251617431640625	0.585413932800293
2cx_vs_plain	32674	644	regressed	644	862	0.379852294921875	0.4547688364982605	0.379852294921875	0.16654737293720245	-0.21330492198467255	0.37050962448120117	1.004509449005127
2cx_vs_plain	21695	173	regressed	173	172	0.41829997301101685	0.46319448947906494	0.41829997301101685	0.2052890956401825	-0.21301087737083435	0.34310197830200195	0.813727855682373
2cx_vs_plain	29032	438	regressed	438	647	0.43339061737060547	0.5302368402481079	0.43339061737060547	0.2203930914402008	-0.21299752593040466	0.4032754898071289	0.8779110908508301
2cx_vs_plain	29463	250	improved	249	250	0.6471993923187256	0.4237772524356842	0.21080251038074493	0.4237772524356842	0.21297474205493927	1.1217327117919922	0.3779616355895996
2cx_vs_plain	44730	620	improved	742	620	0.24526171386241913	0.3026532530784607	0.08971955627202988	0.3026532530784607	0.21293368935585022	1.0056371688842773	0.7754011154174805
2cx_vs_plain	2076	778	regressed	778	767	0.4319276511669159	0.28719744086265564	0.4319276511669159	0.2190050333738327	-0.2129226177930832	0.822242259979248	0.2710752487182617
2cx_vs_plain	17006	932	improved	931	932	0.5424713492393494	0.4225686192512512	0.20972634851932526	0.4225686192512512	0.21284227073192596	0.9503316879272461	0.23749065399169922
2cx_vs_plain	25584	848	regressed	848	481	0.4376726448535919	0.41475552320480347	0.4376726448535919	0.22496414184570312	-0.2127085030078888	0.17028141021728516	0.611748218536377
2cx_vs_plain	40393	386	improved	385	386	0.5504893660545349	0.43980497121810913	0.22754143178462982	0.43980497121810913	0.2122635394334793	0.8834753036499023	0.33510589599609375
2cx_vs_plain	47977	588	regressed	588	868	0.6355834603309631	0.4447290301322937	0.6355834603309631	0.4233718514442444	-0.21221160888671875	1.1694927215576172	0.04921436309814453
2cx_vs_plain	27234	504	improved	469	504	0.3761461675167084	0.41226857900619507	0.20034907758235931	0.41226857900619507	0.21191950142383575	0.6299166679382324	1.1745190620422363
2cx_vs_plain	18961	692	improved	921	692	0.37539955973625183	0.48664841055870056	0.2752220332622528	0.48664841055870056	0.21142637729644775	0.3104128837585449	0.6893706321716309
2cx_vs_plain	19845	296	improved	279	296	0.5048690438270569	0.532029926776886	0.32127928733825684	0.532029926776886	0.21075063943862915	0.45198822021484375	0.7047557830810547
2cx_vs_plain	42191	201	improved	193	201	0.49994128942489624	0.5904151797294617	0.3805783987045288	0.5904151797294617	0.20983678102493286	0.2727985382080078	0.7893943786621094
2cx_vs_plain	47735	34	improved	360	34	0.23079322278499603	0.25144243240356445	0.041659995913505554	0.25144243240356445	0.2097824364900589	0.6620945930480957	0.788017749786377
2cx_vs_plain	33607	551	improved	712	551	0.5634794235229492	0.35302481055259705	0.14329148828983307	0.35302481055259705	0.20973332226276398	1.3692498207092285	0.34952735900878906
2cx_vs_plain	5998	385	regressed	385	386	0.5051266551017761	0.30216360092163086	0.5051266551017761	0.29540956020355225	-0.20971709489822388	1.0277910232543945	0.02260589599609375
2cx_vs_plain	7335	653	regressed	653	505	0.4305843412876129	0.28725114464759827	0.4305843412876129	0.2209341675043106	-0.2096501737833023	1.1120924949645996	0.26249217987060547
2cx_vs_plain	3016	889	regressed	889	486	0.46333572268486023	0.3017197549343109	0.46333572268486023	0.2540404200553894	-0.20929530262947083	0.6414546966552734	0.17200517654418945
2cx_vs_plain	26081	999	regressed	999	700	0.3681176006793976	0.4160206913948059	0.3681176006793976	0.1591571420431137	-0.20896045863628387	0.4763607978820801	0.9608430862426758
2cx_vs_plain	2546	967	improved	969	967	0.4262038767337799	0.3966776132583618	0.18782082200050354	0.3966776132583618	0.20885679125785828	0.8194293975830078	0.429931640625
2cx_vs_plain	14566	151	regressed	151	285	0.32668912410736084	0.38258039951324463	0.32668912410736084	0.11816772818565369	-0.20852139592170715	0.1383676528930664	0.1902313232421875
2cx_vs_plain	26924	353	regressed	353	352	0.4375058710575104	0.2828184962272644	0.4375058710575104	0.2290186583995819	-0.20848721265792847	0.47692394256591797	0.21100187301635742
2cx_vs_plain	32580	793	improved	794	793	0.4916173219680786	0.4442000687122345	0.23598912358283997	0.4442000687122345	0.20821094512939453	0.733914852142334	1.0471153259277344
2cx_vs_plain	39601	567	regressed	567	544	0.4673705995082855	0.46281537413597107	0.4673705995082855	0.2592051029205322	-0.2081654965877533	0.6394438743591309	0.5797085762023926
2cx_vs_plain	7662	881	regressed	881	579	0.5483828186988831	0.5582818984985352	0.5483828186988831	0.34058713912963867	-0.20779567956924438	0.44365692138671875	0.49419307708740234
2cx_vs_plain	2353	47	improved	43	47	0.4430208206176758	0.3038734495639801	0.09636873006820679	0.3038734495639801	0.20750471949577332	0.9751453399658203	0.261995792388916
2cx_vs_plain	22198	170	improved	177	170	0.4502303898334503	0.6085827946662903	0.40123334527015686	0.6085827946662903	0.20734944939613342	0.11521625518798828	0.8850913047790527
2cx_vs_plain	34591	732	regressed	732	759	0.3048724830150604	0.4070023000240326	0.3048724830150604	0.09752751886844635	-0.20734496414661407	0.22736787796020508	1.4286842346191406
2cx_vs_plain	32494	236	regressed	236	676	0.27312996983528137	0.11562928557395935	0.27312996983528137	0.06580543518066406	-0.2073245346546173	1.795036792755127	0.12337636947631836
2cx_vs_plain	12953	619	improved	879	619	0.728655993938446	0.36081457138061523	0.1538180410861969	0.36081457138061523	0.20699653029441833	1.5554313659667969	0.06932735443115234
2cx_vs_plain	24734	529	regressed	529	975	0.4699321687221527	0.6504752039909363	0.4699321687221527	0.2634735107421875	-0.2064586579799652	0.09587478637695312	0.9037504196166992
2cx_vs_plain	44167	731	improved	813	731	0.18185485899448395	0.27139514684677124	0.06495771557092667	0.27139514684677124	0.20643743872642517	0.771491527557373	1.2202420234680176
2cx_vs_plain	16742	490	improved	488	490	0.3145348131656647	0.4088837206363678	0.20280255377292633	0.4088837206363678	0.20608116686344147	0.4388618469238281	0.7792539596557617
2cx_vs_plain	7710	841	regressed	841	610	0.44054561853408813	0.6316496729850769	0.44054561853408813	0.23455992341041565	-0.20598569512367249	0.009340286254882812	0.990623950958252
2cx_vs_plain	25281	484	regressed	484	871	0.5638417601585388	0.5383601188659668	0.5638417601585388	0.35787007212638855	-0.20597168803215027	0.5917730331420898	0.4083576202392578
2cx_vs_plain	49654	330	regressed	330	331	0.5127031803131104	0.35540297627449036	0.5127031803131104	0.3067728579044342	-0.20593032240867615	0.7279291152954102	0.14714479446411133
2cx_vs_plain	6044	729	improved	618	729	0.3712981343269348	0.30660438537597656	0.10080386698246002	0.30660438537597656	0.20580051839351654	0.968994140625	0.10264396667480469
2cx_vs_plain	40056	170	improved	177	170	0.5861051082611084	0.5030971765518188	0.297609806060791	0.5030971765518188	0.20548737049102783	0.6777157783508301	0.35384130477905273
2cx_vs_plain	35773	656	improved	734	656	0.5788055062294006	0.31843775510787964	0.11295176297426224	0.31843775510787964	0.205485999584198	1.6340055465698242	0.05321025848388672
2cx_vs_plain	49146	55	regressed	55	64	0.4831250309944153	0.582247793674469	0.4831250309944153	0.2778107523918152	-0.2053142786026001	0.26036930084228516	0.7399559020996094
2cx_vs_plain	1026	170	regressed	170	192	0.27835389971733093	0.7424135208129883	0.27835389971733093	0.07343671470880508	-0.20491719245910645	0.0930337905883789	2.3134822845458984
2cx_vs_plain	18759	437	regressed	437	460	0.6084728240966797	0.505577802658081	0.6084728240966797	0.4038759768009186	-0.2045968472957611	0.71319580078125	0.2245941162109375
2cx_vs_plain	13695	513	improved	652	513	0.18856404721736908	0.2780598998069763	0.07364557683467865	0.2780598998069763	0.20441432297229767	0.9401736259460449	0.5286092758178711
2cx_vs_plain	23202	971	regressed	971	879	0.4319494664669037	0.42814168334007263	0.4319494664669037	0.22769466042518616	-0.20425480604171753	0.8997211456298828	0.6314487457275391
2cx_vs_plain	49170	374	improved	371	374	0.3684258759021759	0.31376758217811584	0.10969065129756927	0.31376758217811584	0.20407693088054657	1.2115755081176758	0.2577390670776367
2cx_vs_plain	8017	777	improved	499	777	0.5505537390708923	0.5223394632339478	0.3182770907878876	0.5223394632339478	0.20406237244606018	0.5480022430419922	0.5147924423217773
2cx_vs_plain	2441	509	regressed	509	737	0.2870633006095886	0.30761680006980896	0.2870633006095886	0.08304861932992935	-0.20401468873023987	0.815859317779541	1.3094286918640137
2cx_vs_plain	15596	977	regressed	977	814	0.5199112296104431	0.4599371552467346	0.5199112296104431	0.31600573658943176	-0.20390549302101135	0.37458324432373047	0.37532949447631836
2cx_vs_plain	4878	21	regressed	21	22	0.2646991014480591	0.4400091767311096	0.2646991014480591	0.06085825338959694	-0.20384085178375244	0.27193403244018555	0.8753600120544434
2cx_vs_plain	22511	123	regressed	123	121	0.4816618859767914	0.49605414271354675	0.4816618859767914	0.2781386077404022	-0.20352327823638916	0.5467371940612793	0.5785655975341797
2cx_vs_plain	14509	883	improved	448	883	0.42323750257492065	0.3571052551269531	0.1536158174276352	0.3571052551269531	0.20348943769931793	1.0134787559509277	0.5394067764282227
2cx_vs_plain	18053	568	regressed	568	869	0.45627814531326294	0.540820837020874	0.45627814531326294	0.25290271639823914	-0.2033754289150238	0.5209970474243164	0.7600831985473633
2cx_vs_plain	23351	888	improved	821	888	0.531627893447876	0.3860589563846588	0.18289147317409515	0.3860589563846588	0.20316748321056366	1.0670509338378906	0.24513578414916992
2cx_vs_plain	11046	860	regressed	860	692	0.347267210483551	0.30611366033554077	0.347267210483551	0.1448083072900772	-0.20245890319347382	1.4076175689697266	0.7485456466674805
2cx_vs_plain	40427	209	improved	211	209	0.380689412355423	0.5619433522224426	0.3597174882888794	0.5619433522224426	0.20222586393356323	0.05666494369506836	1.34906005859375
2cx_vs_plain	33023	22	improved	23	22	0.2619306445121765	0.4263579547405243	0.22413603961467743	0.4263579547405243	0.20222191512584686	0.13431596755981445	0.540748119354248
2cx_vs_plain	1435	572	improved	503	572	0.3314562737941742	0.43031734228134155	0.2282049059867859	0.43031734228134155	0.20211243629455566	0.37325191497802734	1.12648344039917
2cx_vs_plain	514	969	regressed	969	473	0.4079020321369171	0.5545337796211243	0.4079020321369171	0.20599853992462158	-0.20190349221229553	0.13461875915527344	0.9902586936950684
2cx_vs_plain	21186	465	regressed	465	597	0.40624505281448364	0.581963062286377	0.40624505281448364	0.20493237674236298	-0.20131267607212067	0.6439251899719238	1.043726921081543
2cx_vs_plain	44003	830	improved	652	830	0.5732761025428772	0.37695029377937317	0.17631229758262634	0.37695029377937317	0.20063799619674683	1.1791105270385742	0.03959465026855469
2cx_vs_plain	44621	643	improved	796	643	0.3018872141838074	0.44380873441696167	0.24323409795761108	0.44380873441696167	0.20057463645935059	0.09778499603271484	0.6317272186279297
2cx_vs_plain	26702	650	regressed	650	819	0.32560887932777405	0.3891826868057251	0.32560887932777405	0.12511640787124634	-0.2004924714565277	0.5529069900512695	1.1348042488098145
2cx_vs_plain	9947	424	regressed	424	589	0.3048233091831207	0.16687971353530884	0.3048233091831207	0.10459496080875397	-0.20022834837436676	0.12652301788330078	0.4671778678894043
2cx_vs_plain	35019	546	improved	961	546	0.25328120589256287	0.33679381012916565	0.13725604116916656	0.33679381012916565	0.19953776895999908	0.6126523017883301	1.418776035308838
2cx_vs_plain	17939	857	improved	406	857	0.4534783363342285	0.38702112436294556	0.18808266520500183	0.38702112436294556	0.19893845915794373	0.88006591796875	0.6193652153015137
2cx_vs_plain	16142	756	regressed	756	412	0.3789645731449127	0.4339440166950226	0.3789645731449127	0.18025356531143188	-0.19871100783348083	0.558985710144043	0.8785510063171387
2cx_vs_plain	30950	860	improved	498	860	0.46769726276397705	0.3566615581512451	0.15808798372745514	0.3566615581512451	0.19857357442378998	1.084669589996338	0.41550397872924805
2cx_vs_plain	1554	170	improved	228	170	0.22283579409122467	0.2954975366592407	0.09705450385808945	0.2954975366592407	0.19844302535057068	0.4087667465209961	0.38829851150512695
2cx_vs_plain	41231	99	improved	127	99	0.2957434356212616	0.46536216139793396	0.26694801449775696	0.46536216139793396	0.198414146900177	0.10243844985961914	0.5609259605407715
2cx_vs_plain	27122	760	regressed	760	553	0.5032203793525696	0.4328731894493103	0.5032203793525696	0.30488330125808716	-0.19833707809448242	0.6494975090026855	0.35051584243774414
2cx_vs_plain	42792	421	regressed	421	520	0.4539649188518524	0.4598124027252197	0.4539649188518524	0.2558993697166443	-0.19806554913520813	0.601595401763916	0.5860342979431152
2cx_vs_plain	22234	709	regressed	709	696	0.3356103003025055	0.1505763828754425	0.3356103003025055	0.13781975209712982	-0.19779054820537567	1.3801779747009277	0.08852386474609375
2cx_vs_plain	40446	820	improved	565	820	0.45012974739074707	0.5393684506416321	0.34164947271347046	0.5393684506416321	0.19771897792816162	0.27575063705444336	0.8810362815856934
2cx_vs_plain	46001	163	improved	243	163	0.3368989825248718	0.2699451446533203	0.07247237116098404	0.2699451446533203	0.19747278094291687	1.387122631072998	0.24456548690795898
2cx_vs_plain	13668	128	improved	23	128	0.572815477848053	0.33638647198677063	0.13920478522777557	0.33638647198677063	0.19718168675899506	1.4146175384521484	0.5545768737792969
2cx_vs_plain	28837	154	regressed	154	262	0.5902953147888184	0.47399425506591797	0.5902953147888184	0.3932054340839386	-0.19708988070487976	0.7502446174621582	0.18686294555664062
2cx_vs_plain	45513	648	improved	771	648	0.5871036648750305	0.22764526307582855	0.03067832998931408	0.22764526307582855	0.19696693122386932	2.0330862998962402	0.23597002029418945
2cx_vs_plain	46636	151	improved	263	151	0.46578478813171387	0.5456389784812927	0.3488859534263611	0.5456389784812927	0.19675302505493164	0.28897857666015625	0.7106146812438965
2cx_vs_plain	15748	346	improved	345	346	0.29810452461242676	0.4270676076412201	0.23056118190288544	0.4270676076412201	0.19650642573833466	0.2569279670715332	0.9932174682617188
2cx_vs_plain	28735	195	regressed	195	245	0.604036271572113	0.4330306947231293	0.604036271572113	0.40765121579170227	-0.19638505578041077	0.8775725364685059	0.060396671295166016
2cx_vs_plain	25633	283	regressed	283	287	0.39705973863601685	0.3868626058101654	0.39705973863601685	0.20080342888832092	-0.19625630974769592	0.5006499290466309	0.6557431221008301
2cx_vs_plain	1035	597	regressed	597	464	0.43202370405197144	0.6073791980743408	0.43202370405197144	0.23602238297462463	-0.1960013210773468	0.11760902404785156	0.9452266693115234
2cx_vs_plain	22275	517	regressed	517	540	0.615108847618103	0.4367999732494354	0.615108847618103	0.41939353942871094	-0.1957153081893921	1.0524873733520508	0.040665626525878906
2cx_vs_plain	20036	841	regressed	841	457	0.24380046129226685	0.09768082201480865	0.24380046129226685	0.048918191343545914	-0.19488227367401123	1.3218116760253906	0.04492902755737305
2cx_vs_plain	9223	312	improved	318	312	0.3257904052734375	0.4702497720718384	0.276105672121048	0.4702497720718384	0.1941440999507904	0.16547060012817383	0.5141477584838867
2cx_vs_plain	11258	563	regressed	563	418	0.5911821722984314	0.5223346948623657	0.5911821722984314	0.39705345034599304	-0.19412872195243835	0.5386123657226562	0.27423763275146484
2cx_vs_plain	43587	206	improved	183	206	0.2961892783641815	0.4751414954662323	0.28111398220062256	0.4751414954662323	0.19402751326560974	0.05223846435546875	1.135155200958252
2cx_vs_plain	4252	758	improved	543	758	0.34580036997795105	0.5237113237380981	0.32980331778526306	0.5237113237380981	0.19390800595283508	0.04736518859863281	1.7649421691894531
2cx_vs_plain	34110	872	improved	572	872	0.5457710027694702	0.4963442087173462	0.30252212285995483	0.4963442087173462	0.19382208585739136	0.5900449752807617	0.5035800933837891
2cx_vs_plain	47719	434	regressed	434	858	0.30324316024780273	0.19597339630126953	0.30324316024780273	0.10981642454862595	-0.1934267282485962	0.5798473358154297	0.4090409278869629
2cx_vs_plain	32098	534	improved	732	534	0.09377121925354004	0.28155797719955444	0.08833425492048264	0.28155797719955444	0.1932237148284912	0.0015530586242675781	1.0027790069580078
2cx_vs_plain	35420	133	improved	93	133	0.2573361396789551	0.25090375542640686	0.05830599367618561	0.25090375542640686	0.19259776175022125	0.37410926818847656	0.2954540252685547
2cx_vs_plain	14788	249	improved	250	249	0.32866814732551575	0.4319533407688141	0.23967452347278595	0.4319533407688141	0.19227881729602814	0.15579462051391602	0.6530346870422363
2cx_vs_plain	25967	539	improved	265	539	0.34148967266082764	0.30210697650909424	0.11040250957012177	0.30210697650909424	0.19170446693897247	0.43816614151000977	0.37095212936401367
2cx_vs_plain	44083	445	improved	836	445	0.4593532979488373	0.3297366201877594	0.13806889951229095	0.3297366201877594	0.19166772067546844	0.990325927734375	0.04803276062011719
2cx_vs_plain	656	363	improved	106	363	0.18719927966594696	0.26367872953414917	0.07211348414421082	0.26367872953414917	0.19156524538993835	0.8526320457458496	0.6399073600769043
2cx_vs_plain	24267	640	regressed	640	458	0.6096480488777161	0.4261001944541931	0.6096480488777161	0.4188601076602936	-0.19078794121742249	0.9827461242675781	0.017137527465820312
2cx_vs_plain	26045	770	regressed	770	880	0.2609291672706604	0.27048006653785706	0.2609291672706604	0.07017328590154648	-0.19075587391853333	0.4946713447570801	0.6909952163696289
2cx_vs_plain	40920	770	regressed	770	630	0.44046393036842346	0.4256332516670227	0.44046393036842346	0.24990613758563995	-0.1905577927827835	0.6240534782409668	0.5324926376342773
2cx_vs_plain	8356	253	improved	173	253	0.637998640537262	0.3932814300060272	0.2029343694448471	0.3932814300060272	0.19034706056118011	1.1454534530639648	0.22970914840698242
2cx_vs_plain	26556	193	regressed	193	170	0.3218080997467041	0.3931752145290375	0.3218080997467041	0.1315489560365677	-0.1902591437101364	0.9986796379089355	0.7600913047790527
2cx_vs_plain	17307	823	improved	610	823	0.3012698292732239	0.3749268651008606	0.18493309617042542	0.3749268651008606	0.18999376893043518	0.48801231384277344	0.4497857093811035
2cx_vs_plain	25029	480	improved	747	480	0.348893940448761	0.2547011375427246	0.06471278518438339	0.2547011375427246	0.18998834490776062	1.6848092079162598	0.471527099609375
2cx_vs_plain	4185	603	improved	864	603	0.33296605944633484	0.2628016173839569	0.07296434789896011	0.2628016173839569	0.1898372769355774	1.3837742805480957	1.4508485794067383
2cx_vs_plain	42769	310	regressed	310	76	0.29722860455513	0.5492756962776184	0.29722860455513	0.10747318714857101	-0.1897554099559784	0.3376345634460449	1.6313591003417969
2cx_vs_plain	6297	775	regressed	775	639	0.4670768678188324	0.4873569905757904	0.4670768678188324	0.2773282527923584	-0.189748615026474	0.43520355224609375	0.5637950897216797
2cx_vs_plain	16881	386	improved	354	386	0.22228077054023743	0.3507591784000397	0.16110292077064514	0.3507591784000397	0.18965625762939453	0.25092267990112305	0.42885589599609375
2cx_vs_plain	40415	862	regressed	862	552	0.45485642552375793	0.33240821957588196	0.45485642552375793	0.2659887373447418	-0.1888676881790161	0.8089151382446289	0.22290992736816406
2cx_vs_plain	15011	825	regressed	825	483	0.4764954447746277	0.6053349375724792	0.4764954447746277	0.28779977560043335	-0.18869566917419434	0.13197898864746094	0.7435169219970703
2cx_vs_plain	15393	146	regressed	146	22	0.3788711726665497	0.31270140409469604	0.3788711726665497	0.1902708113193512	-0.1886003613471985	1.4715795516967773	0.49680042266845703
2cx_vs_plain	21716	657	improved	471	657	0.3506719172000885	0.3953489363193512	0.20690187811851501	0.3953489363193512	0.18844705820083618	0.5276064872741699	0.5921716690063477
2cx_vs_plain	32639	386	regressed	386	101	0.5335723757743835	0.4213334918022156	0.5335723757743835	0.3451417088508606	-0.18843066692352295	0.8943157196044922	0.19946956634521484
2cx_vs_plain	34030	935	regressed	935	962	0.5092890858650208	0.5237428545951843	0.5092890858650208	0.32112157344818115	-0.1881675124168396	0.6354770660400391	0.4891810417175293
2cx_vs_plain	1574	676	regressed	676	570	0.5140112042427063	0.3307253122329712	0.5140112042427063	0.3260810971260071	-0.18793010711669922	1.2985162734985352	0.014142036437988281
2cx_vs_plain	3765	270	improved	269	270	0.45661771297454834	0.6311538815498352	0.4433095455169678	0.6311538815498352	0.18784433603286743	0.029578208923339844	0.9077506065368652
2cx_vs_plain	1261	699	regressed	699	840	0.2589695155620575	0.3002569377422333	0.2589695155620575	0.0711936354637146	-0.1877758800983429	0.6229119300842285	1.1023612022399902
2cx_vs_plain	30589	734	regressed	734	407	0.45803016424179077	0.599759042263031	0.45803016424179077	0.27051544189453125	-0.18751472234725952	0.07820606231689453	0.796198844909668
2cx_vs_plain	34522	454	improved	860	454	0.34347280859947205	0.5234355926513672	0.3359393775463104	0.5234355926513672	0.18749621510505676	0.02217721939086914	0.7901997566223145
2cx_vs_plain	8234	917	regressed	917	611	0.3517518639564514	0.3276377320289612	0.3517518639564514	0.16429153084754944	-0.18746033310890198	0.6214895248413086	0.6902661323547363
2cx_vs_plain	9442	391	regressed	391	389	0.3879721760749817	0.25604093074798584	0.3879721760749817	0.2007884681224823	-0.1871837079524994	1.096808910369873	0.24308538436889648
2cx_vs_plain	24905	926	regressed	926	544	0.33250680565834045	0.3016792833805084	0.33250680565834045	0.14564165472984314	-0.18686515092849731	0.501488208770752	0.728215217590332
2cx_vs_plain	187	16	regressed	16	17	0.3701747953891754	0.4471518099308014	0.3701747953891754	0.1833263635635376	-0.18684843182563782	0.5706682205200195	0.8916301727294922
2cx_vs_plain	44575	58	regressed	58	53	0.32934296131134033	0.29933521151542664	0.32934296131134033	0.14252164959907532	-0.18682131171226501	0.47672414779663086	0.4489126205444336
2cx_vs_plain	20959	150	regressed	150	360	0.5361297130584717	0.36671504378318787	0.5361297130584717	0.3495617210865021	-0.1865679919719696	0.9209766387939453	0.04790496826171875
2cx_vs_plain	26104	149	regressed	149	6	0.401469886302948	0.42971089482307434	0.401469886302948	0.21499985456466675	-0.18647003173828125	0.120025634765625	0.6924753189086914
2cx_vs_plain	11998	440	improved	737	440	0.4607350826263428	0.5734708309173584	0.3870808482170105	0.5734708309173584	0.1863899827003479	0.17418956756591797	0.5135574340820312
2cx_vs_plain	13508	730	regressed	730	836	0.20000401139259338	0.3985775411128998	0.20000401139259338	0.013714365661144257	-0.18628963828086853	0.19311857223510742	1.1107258796691895
2cx_vs_plain	46555	218	improved	215	218	0.3877488970756531	0.4512726068496704	0.26543936133384705	0.4512726068496704	0.18583324551582336	0.37897157669067383	0.339688777923584
2cx_vs_plain	6274	811	improved	753	811	0.4356449246406555	0.5885106325149536	0.40271899104118347	0.5885106325149536	0.18579164147377014	0.07858848571777344	0.7030153274536133
2cx_vs_plain	26245	133	regressed	133	141	0.3172870874404907	0.1701829731464386	0.3172870874404907	0.13166362047195435	-0.18562346696853638	1.0290064811706543	0.19607114791870117
2cx_vs_plain	44496	543	regressed	543	422	0.6495506167411804	0.5115319490432739	0.6495506167411804	0.46396851539611816	-0.18558210134506226	0.6522483825683594	0.09759330749511719
2cx_vs_plain	30003	725	regressed	725	494	0.4366297125816345	0.3555773198604584	0.4366297125816345	0.25198617577552795	-0.18464353680610657	0.5617756843566895	0.34436845779418945
2cx_vs_plain	11602	846	regressed	846	583	0.4771192669868469	0.3619503080844879	0.4771192669868469	0.29251629114151	-0.18460297584533691	1.4747705459594727	0.21298646926879883
2cx_vs_plain	24882	329	regressed	329	116	0.34806427359580994	0.17171503603458405	0.34806427359580994	0.16352038085460663	-0.1845438927412033	0.6076726913452148	0.04889869689941406
2cx_vs_plain	30447	186	regressed	186	185	0.5274975299835205	0.35348764061927795	0.5274975299835205	0.3432462811470032	-0.18425124883651733	1.4377665519714355	0.029400348663330078
2cx_vs_plain	12348	743	regressed	743	860	0.2758968472480774	0.1335994452238083	0.2758968472480774	0.0917554572224617	-0.1841413974761963	0.8118834495544434	0.15119695663452148
2cx_vs_plain	37328	686	improved	535	686	0.4145795702934265	0.5317248702049255	0.34762492775917053	0.5317248702049255	0.184099942445755	0.17614078521728516	0.6367335319519043
2cx_vs_plain	49137	412	improved	637	412	0.4625084400177002	0.5009303092956543	0.3171001672744751	0.5009303092956543	0.1838301420211792	0.37744712829589844	1.1222176551818848
2cx_vs_plain	2097	959	regressed	959	923	0.4029279947280884	0.2493649274110794	0.4029279947280884	0.21928183734416962	-0.18364615738391876	0.7144260406494141	0.12855958938598633
2cx_vs_plain	41967	403	regressed	403	895	0.4402015805244446	0.6269947290420532	0.4402015805244446	0.2565658390522003	-0.18363574147224426	0.10762834548950195	0.8935527801513672
2cx_vs_plain	18233	515	improved	47	515	0.23697949945926666	0.2448890060186386	0.06134362146258354	0.2448890060186386	0.18354538083076477	0.16846036911010742	1.1543517112731934
2cx_vs_plain	608	809	improved	967	809	0.36404237151145935	0.34226304292678833	0.1589231789112091	0.34226304292678833	0.18333986401557922	0.8288493156433105	0.7029504776000977
2cx_vs_plain	3951	48	regressed	48	39	0.37384751439094543	0.6577073335647583	0.37384751439094543	0.1905229389667511	-0.18332457542419434	0.10480546951293945	1.2389874458312988
2cx_vs_plain	38175	841	improved	788	841	0.28354281187057495	0.32932576537132263	0.14647354185581207	0.32932576537132263	0.18285222351551056	0.6605181694030762	1.2455458641052246
2cx_vs_plain	3864	432	improved	764	432	0.5765948295593262	0.3986009359359741	0.2159174680709839	0.3986009359359741	0.18268346786499023	0.982243537902832	0.017594337463378906
2cx_vs_plain	31096	54	improved	63	54	0.3313261568546295	0.4601905345916748	0.2779236435890198	0.4601905345916748	0.18226689100265503	0.17575693130493164	1.1991796493530273
2cx_vs_plain	13371	938	regressed	938	964	0.34401369094848633	0.2316126674413681	0.34401369094848633	0.16216525435447693	-0.1818484365940094	0.7686691284179688	0.35645055770874023
2cx_vs_plain	38849	267	regressed	267	155	0.4497678577899933	0.36370861530303955	0.4497678577899933	0.2680552005767822	-0.18171265721321106	0.7258739471435547	0.3051600456237793
2cx_vs_plain	31811	845	regressed	845	784	0.25894638895988464	0.48458969593048096	0.25894638895988464	0.07754769176244736	-0.1813986897468567	0.04261970520019531	1.832409381866455
2cx_vs_plain	18541	154	regressed	154	151	0.496906042098999	0.5370559096336365	0.496906042098999	0.3156038820743561	-0.18130216002464294	0.2802591323852539	0.5316143035888672
2cx_vs_plain	13582	939	regressed	939	943	0.4450703561306	0.5497856140136719	0.4450703561306	0.2638512849807739	-0.18121907114982605	0.07821464538574219	0.7341427803039551
2cx_vs_plain	18809	791	regressed	791	870	0.39083006978034973	0.4137759804725647	0.39083006978034973	0.2096596658229828	-0.18117040395736694	0.5077910423278809	0.6798391342163086
2cx_vs_plain	33127	253	improved	151	253	0.36588621139526367	0.345950722694397	0.1648171991109848	0.345950722694397	0.18113352358341217	0.7974853515625	0.8591704368591309
2cx_vs_plain	33930	671	improved	970	671	0.3976925015449524	0.5352563858032227	0.35423946380615234	0.5352563858032227	0.1810169219970703	0.11570596694946289	0.5722513198852539
2cx_vs_plain	11060	983	regressed	983	776	0.21109206974506378	0.5239360928535461	0.21109206974506378	0.03011069819331169	-0.1809813678264618	0.01853036880493164	1.7980284690856934
2cx_vs_plain	28960	40	improved	44	40	0.46754488348960876	0.4989960789680481	0.3180936574935913	0.4989960789680481	0.1809024214744568	0.3851494789123535	0.6783390045166016
2cx_vs_plain	10288	446	improved	549	446	0.22758634388446808	0.3944946825504303	0.21399730443954468	0.3944946825504303	0.18049737811088562	0.06156635284423828	0.6263704299926758
2cx_vs_plain	34531	47	improved	39	47	0.48548534512519836	0.2891418933868408	0.10965724289417267	0.2891418933868408	0.17948465049266815	1.4877896308898926	0.16943025588989258
2cx_vs_plain	39341	657	improved	812	657	0.609708309173584	0.3982026278972626	0.21900510787963867	0.3982026278972626	0.1791975200176239	1.023885726928711	0.25691843032836914
2cx_vs_plain	37497	197	regressed	197	233	0.4544445872306824	0.47067129611968994	0.4544445872306824	0.2756069004535675	-0.17883768677711487	0.43401336669921875	0.535184383392334
2cx_vs_plain	20255	975	regressed	975	460	0.50139319896698	0.487692654132843	0.50139319896698	0.32266750931739807	-0.1787256896495819	0.3376789093017578	0.41306304931640625
2cx_vs_plain	45772	692	improved	700	692	0.22034691274166107	0.3429965674877167	0.16454771161079407	0.3429965674877167	0.1784488558769226	0.29200267791748047	0.7627239227294922
2cx_vs_plain	42325	310	regressed	310	120	0.3194185197353363	0.14648748934268951	0.3194185197353363	0.14113228023052216	-0.17828623950481415	2.0495662689208984	0.03724241256713867
2cx_vs_plain	8434	174	regressed	174	227	0.3174366354942322	0.3013150095939636	0.3174366354942322	0.13930246233940125	-0.17813417315483093	0.4224567413330078	0.47521114349365234
2cx_vs_plain	7386	151	regressed	151	496	0.3845037817955017	0.5076536536216736	0.3845037817955017	0.2066093534231186	-0.17789442837238312	0.19479942321777344	0.8989696502685547
2cx_vs_plain	41985	507	improved	508	507	0.20764078199863434	0.3666907846927643	0.18880270421504974	0.3666907846927643	0.17788808047771454	0.08204269409179688	0.7998003959655762
2cx_vs_plain	42881	217	improved	218	217	0.35313156247138977	0.3118741810321808	0.13420714437961578	0.3118741810321808	0.177667036652565	0.37102842330932617	0.4080677032470703
2cx_vs_plain	44126	400	improved	457	400	0.49006056785583496	0.3715190887451172	0.19450533390045166	0.3715190887451172	0.17701375484466553	0.9240694046020508	0.826423168182373
2cx_vs_plain	26810	978	regressed	978	472	0.47404745221138	0.46184295415878296	0.47404745221138	0.297630250453949	-0.17641720175743103	0.4983339309692383	0.4393730163574219
2cx_vs_plain	17450	348	regressed	348	267	0.32796967029571533	0.3449130356311798	0.32796967029571533	0.1516885906457901	-0.17628107964992523	0.8973898887634277	0.8214626312255859
2cx_vs_plain	33292	929	regressed	929	601	0.24320995807647705	0.2277633249759674	0.24320995807647705	0.067027747631073	-0.17618221044540405	0.7146420478820801	0.21655750274658203
2cx_vs_plain	48873	962	improved	923	962	0.2815646529197693	0.3158281445503235	0.1396903395652771	0.3158281445503235	0.1761378049850464	0.7009339332580566	0.1436147689819336
2cx_vs_plain	34958	513	improved	558	513	0.20224051177501678	0.33253490924835205	0.15640617907047272	0.33253490924835205	0.17612873017787933	0.22368097305297852	0.6494126319885254
2cx_vs_plain	33680	267	regressed	267	266	0.4003717005252838	0.5318712592124939	0.4003717005252838	0.224300816655159	-0.17607088387012482	0.07393836975097656	0.8634133338928223
2cx_vs_plain	47780	471	improved	920	471	0.4637696444988251	0.5099714994430542	0.3341134190559387	0.5099714994430542	0.17585808038711548	0.3279075622558594	0.6710758209228516
2cx_vs_plain	20861	914	improved	780	914	0.48785674571990967	0.5792989134788513	0.4035435914993286	0.5792989134788513	0.1757553219795227	0.18973731994628906	0.5604162216186523
2cx_vs_plain	25701	822	improved	401	822	0.25618141889572144	0.3704690933227539	0.1955130398273468	0.3704690933227539	0.1749560534954071	0.1839456558227539	0.8546075820922852
2cx_vs_plain	39608	509	regressed	509	692	0.4218384623527527	0.35146474838256836	0.4218384623527527	0.2469315528869629	-0.1749069094657898	0.42850351333618164	0.3529982566833496
2cx_vs_plain	48491	560	improved	652	560	0.22289715707302094	0.3618796467781067	0.1871962696313858	0.3618796467781067	0.1746833771467209	0.09282112121582031	0.9180831909179688
2cx_vs_plain	47408	681	regressed	681	620	0.406525582075119	0.28809937834739685	0.406525582075119	0.23186245560646057	-0.17466312646865845	0.8451495170593262	0.2171611785888672
2cx_vs_plain	43033	59	regressed	59	40	0.3463982939720154	0.2910560071468353	0.3463982939720154	0.17177161574363708	-0.1746266782283783	0.6298537254333496	0.3314323425292969
2cx_vs_plain	28959	4	regressed	4	6	0.37986674904823303	0.48735859990119934	0.37986674904823303	0.20543047785758972	-0.1744362711906433	0.07460308074951172	0.8638925552368164
2cx_vs_plain	15421	350	regressed	350	104	0.33956095576286316	0.18867127597332	0.33956095576286316	0.16517411172389984	-0.17438684403896332	1.8358988761901855	0.13300609588623047
2cx_vs_plain	29677	406	improved	687	406	0.45653852820396423	0.4325047731399536	0.25822868943214417	0.4325047731399536	0.17427608370780945	0.5698275566101074	0.587038516998291
2cx_vs_plain	17068	913	improved	665	913	0.1839282363653183	0.354292094707489	0.18009710311889648	0.354292094707489	0.17419499158859253	0.02104949951171875	1.3879284858703613
2cx_vs_plain	43976	468	regressed	468	454	0.21424515545368195	0.1511354297399521	0.21424515545368195	0.0401533879339695	-0.17409177124500275	0.8190693855285645	0.33228540420532227
2cx_vs_plain	8494	768	regressed	768	746	0.27150964736938477	0.20761294662952423	0.27150964736938477	0.09766556322574615	-0.1738440841436386	1.014787197113037	0.5525164604187012
2cx_vs_plain	49290	943	improved	939	943	0.42796239256858826	0.4913631081581116	0.3180059790611267	0.4913631081581116	0.17335712909698486	0.2969651222229004	0.9216423034667969
2cx_vs_plain	11138	836	regressed	836	823	0.3341453969478607	0.5181028246879578	0.3341453969478607	0.16090889275074005	-0.17323650419712067	0.08092212677001953	1.1693353652954102
2cx_vs_plain	46004	811	regressed	811	753	0.28692543506622314	0.32392004132270813	0.28692543506622314	0.11369427293539047	-0.17323115468025208	0.5776615142822266	1.0469837188720703
2cx_vs_plain	20809	193	regressed	193	187	0.39911285042762756	0.52721107006073	0.39911285042762756	0.22607244551181793	-0.17304040491580963	0.09013080596923828	0.846745491027832
2cx_vs_plain	17639	395	regressed	395	58	0.28591036796569824	0.5323432087898254	0.28591036796569824	0.1131080910563469	-0.17280226945877075	0.012706279754638672	1.5489444732666016
2cx_vs_plain	13866	689	improved	414	689	0.44378599524497986	0.22238844633102417	0.049763139337301254	0.22238844633102417	0.17262530326843262	1.770721435546875	0.24885845184326172
2cx_vs_plain	31983	718	regressed	718	460	0.24144165217876434	0.17867058515548706	0.24144165217876434	0.06891626864671707	-0.17252537608146667	0.3894014358520508	0.4360499382019043
2cx_vs_plain	16663	682	improved	708	682	0.25343990325927734	0.3812785744667053	0.20881731808185577	0.3812785744667053	0.17246125638484955	0.19366693496704102	0.2748241424560547
2cx_vs_plain	46743	722	regressed	722	784	0.4773196280002594	0.32461994886398315	0.4773196280002594	0.30488795042037964	-0.17243167757987976	0.7495522499084473	0.06271076202392578
2cx_vs_plain	42025	285	improved	282	285	0.43068927526474	0.4495340883731842	0.27726832032203674	0.4495340883731842	0.17226576805114746	0.4404010772705078	0.5597743988037109
2cx_vs_plain	38070	552	improved	629	552	0.35510116815567017	0.26989349722862244	0.09765226393938065	0.26989349722862244	0.1722412407398224	0.3362302780151367	0.6068277359008789
2cx_vs_plain	38425	857	regressed	857	885	0.3049203157424927	0.2260775864124298	0.3049203157424927	0.13283567130565643	-0.17208464443683624	0.999598503112793	0.5317654609680176
2cx_vs_plain	34480	567	regressed	567	909	0.5493241548538208	0.45826447010040283	0.5493241548538208	0.3773166537284851	-0.1720075011253357	0.9934978485107422	0.19436168670654297
2cx_vs_plain	43610	499	improved	583	499	0.24536390602588654	0.39428216218948364	0.22227780520915985	0.39428216218948364	0.1720043569803238	0.09881448745727539	0.5878205299377441
2cx_vs_plain	23459	585	improved	589	585	0.5754273533821106	0.557033360004425	0.3853074014186859	0.557033360004425	0.17172595858573914	0.40107154846191406	0.28615474700927734
2cx_vs_plain	10539	803	improved	569	803	0.37185347080230713	0.5112836360931396	0.33983075618743896	0.5112836360931396	0.17145287990570068	0.09005212783813477	0.4728879928588867
2cx_vs_plain	3795	999	improved	559	999	0.3961688280105591	0.23774777352809906	0.06670831888914108	0.23774777352809906	0.17103946208953857	1.5031590461730957	0.9373345375061035
2cx_vs_plain	22384	563	regressed	563	777	0.39848998188972473	0.4507308304309845	0.39848998188972473	0.22750109434127808	-0.17098888754844666	0.2225346565246582	0.6837153434753418
2cx_vs_plain	49765	26	improved	28	26	0.553044319152832	0.40822845697402954	0.2373669445514679	0.40822845697402954	0.17086151242256165	0.8458309173583984	0.09191083908081055
2cx_vs_plain	23748	119	improved	118	119	0.4178902506828308	0.5209360122680664	0.35033613443374634	0.5209360122680664	0.17059987783432007	0.17632579803466797	0.6665196418762207
2cx_vs_plain	27183	740	improved	600	740	0.14455509185791016	0.30599573254585266	0.13545837998390198	0.30599573254585266	0.17053735256195068	0.06499624252319336	1.7473883628845215
2cx_vs_plain	38658	740	improved	784	740	0.4567004442214966	0.3669239580631256	0.19644923508167267	0.3669239580631256	0.17047472298145294	0.8436236381530762	0.5943360328674316
2cx_vs_plain	26697	705	regressed	705	624	0.43707841634750366	0.39813464879989624	0.43707841634750366	0.26663264632225037	-0.1704457700252533	0.34905433654785156	0.40091848373413086
2cx_vs_plain	26899	691	regressed	691	570	0.49017906188964844	0.6274396181106567	0.49017906188964844	0.3197818398475647	-0.17039722204208374	0.0762014389038086	0.6740083694458008
2cx_vs_plain	4424	838	improved	929	838	0.3763931095600128	0.3608630299568176	0.1906188279390335	0.3608630299568176	0.17024420201778412	0.6803584098815918	0.6318798065185547
2cx_vs_plain	49067	428	improved	234	428	0.5518206357955933	0.4029362201690674	0.23279233276844025	0.4029362201690674	0.17014388740062714	0.8630762100219727	0.26204538345336914
2cx_vs_plain	15511	837	regressed	837	523	0.41541606187820435	0.4034265875816345	0.41541606187820435	0.24550847709178925	-0.1699075847864151	0.9720597267150879	0.49666309356689453
2cx_vs_plain	7161	431	regressed	431	865	0.23366376757621765	0.0935007706284523	0.23366376757621765	0.06386230885982513	-0.16980145871639252	0.756009578704834	0.13866424560546875
2cx_vs_plain	9451	559	improved	513	559	0.1739368438720703	0.25153520703315735	0.08217433094978333	0.25153520703315735	0.16936087608337402	0.41281700134277344	1.100245475769043
2cx_vs_plain	43858	692	regressed	692	591	0.3206109404563904	0.345027357339859	0.3206109404563904	0.15185503661632538	-0.168755903840065	1.148472785949707	0.8206973075866699
2cx_vs_plain	11416	391	improved	389	391	0.29660695791244507	0.3871458172798157	0.21847088634967804	0.3871458172798157	0.16867493093013763	0.3057551383972168	0.6204924583435059
2cx_vs_plain	35051	318	regressed	318	314	0.28343597054481506	0.34666675329208374	0.28343597054481506	0.11520913243293762	-0.16822683811187744	0.9301576614379883	1.1016149520874023
2cx_vs_plain	40358	976	regressed	976	460	0.30867522954940796	0.419430136680603	0.30867522954940796	0.14063091576099396	-0.168044313788414	0.4077792167663574	1.0927581787109375
2cx_vs_plain	23918	504	improved	885	504	0.36277663707733154	0.4260939061641693	0.25843286514282227	0.4260939061641693	0.16766104102134705	0.33915138244628906	1.1303043365478516
2cx_vs_plain	34445	514	regressed	514	788	0.5791708827018738	0.4501382112503052	0.5791708827018738	0.4116586148738861	-0.16751226782798767	0.8481597900390625	0.08936023712158203
2cx_vs_plain	44961	836	regressed	836	733	0.23184099793434143	0.07792588323354721	0.23184099793434143	0.06443911790847778	-0.16740188002586365	0.07955694198608398	0.19003725051879883
2cx_vs_plain	22060	202	regressed	202	184	0.3302338421344757	0.1993277370929718	0.3302338421344757	0.1630442589521408	-0.1671895831823349	0.2678561210632324	0.2009286880493164
2cx_vs_plain	39135	601	improved	578	601	0.4134598672389984	0.4589639902114868	0.29198405146598816	0.4589639902114868	0.16697993874549866	0.34786128997802734	0.43332862854003906
2cx_vs_plain	47350	187	improved	200	187	0.35179364681243896	0.4333954453468323	0.2665523886680603	0.4333954453468323	0.16684305667877197	0.27747392654418945	0.8698511123657227
2cx_vs_plain	27248	153	improved	257	153	0.2151278555393219	0.3103036880493164	0.1434931457042694	0.3103036880493164	0.166810542345047	0.13979148864746094	0.5322237014770508
2cx_vs_plain	29699	452	regressed	452	748	0.2995668947696686	0.5635669827461243	0.2995668947696686	0.13348384201526642	-0.16608305275440216	0.028165340423583984	1.4403057098388672
2cx_vs_plain	26761	917	improved	454	917	0.445139616727829	0.4990982711315155	0.3330373167991638	0.4990982711315155	0.16606095433235168	0.2901334762573242	0.8978009223937988
2cx_vs_plain	10221	737	improved	441	737	0.403146892786026	0.4004654884338379	0.234419047832489	0.4004654884338379	0.16604644060134888	0.5421905517578125	0.23897457122802734
2cx_vs_plain	7940	402	improved	758	402	0.22553251683712006	0.17998461425304413	0.014502952806651592	0.17998461425304413	0.16548165678977966	0.6643581390380859	0.3517742156982422
2cx_vs_plain	37298	478	improved	205	478	0.33165180683135986	0.47950807213783264	0.31449267268180847	0.47950807213783264	0.16501539945602417	0.05312490463256836	1.2590785026550293
2cx_vs_plain	19577	464	improved	473	464	0.2900846302509308	0.4021740257740021	0.23734165728092194	0.4021740257740021	0.16483236849308014	0.20067214965820312	1.0897140502929688
2cx_vs_plain	12029	3	regressed	3	2	0.47150683403015137	0.6374170780181885	0.47150683403015137	0.3069990873336792	-0.16450774669647217	0.01922130584716797	0.7305793762207031
2cx_vs_plain	34708	539	improved	774	539	0.428780734539032	0.5811063051223755	0.4168221950531006	0.5811063051223755	0.1642841100692749	0.028285980224609375	0.6902828216552734
2cx_vs_reexplore	2213	59	improved	40	59	0.6901944279670715	0.803139328956604	0.03560488671064377	0.803139328956604	0.7675344347953796	1.5497760772705078	2.6289005279541016
2cx_vs_reexplore	4830	104	regressed	104	280	0.8079990148544312	0.19614003598690033	0.8079990148544312	0.16661356389522552	-0.6413854360580444	3.7150378227233887	0.16315174102783203
2cx_vs_reexplore	7421	79	regressed	79	316	0.6616666316986084	0.19575536251068115	0.6616666316986084	0.032261695712804794	-0.6294049620628357	2.355469226837158	1.2243881225585938
2cx_vs_reexplore	2814	116	improved	119	116	0.45056620240211487	0.8486939668655396	0.2215246856212616	0.8486939668655396	0.6271692514419556	0.7099709510803223	2.9463143348693848
2cx_vs_reexplore	6482	313	regressed	313	303	0.7976778745651245	0.22576506435871124	0.7976778745651245	0.1724652647972107	-0.6252126097679138	2.678741455078125	0.2692990303039551
2cx_vs_reexplore	569	417	improved	607	417	0.7901074290275574	0.6843962669372559	0.06652721762657166	0.6843962669372559	0.6178690195083618	2.474557876586914	1.493452548980713
2cx_vs_reexplore	9188	794	regressed	794	669	0.7435224652290344	0.21449926495552063	0.7435224652290344	0.13258890807628632	-0.6109335422515869	3.5273265838623047	0.48105287551879883
2cx_vs_reexplore	44815	539	improved	769	539	0.4347195625305176	0.7953159809112549	0.18495017290115356	0.7953159809112549	0.6103658080101013	0.8546147346496582	2.551725387573242
2cx_vs_reexplore	11642	23	regressed	23	84	0.6584904789924622	0.7042277455329895	0.6584904789924622	0.068205825984478	-0.5902846455574036	1.259669303894043	2.3345718383789062
2cx_vs_reexplore	49517	667	regressed	667	835	0.7077659368515015	0.14583884179592133	0.7077659368515015	0.12221287935972214	-0.5855530500411987	3.0433645248413086	0.17673778533935547
2cx_vs_reexplore	43100	415	improved	443	415	0.7808877229690552	0.6339377164840698	0.05861882120370865	0.6339377164840698	0.5753188729286194	2.5893754959106445	1.1294269561767578
2cx_vs_reexplore	45466	593	regressed	593	878	0.8536924123764038	0.30379852652549744	0.8536924123764038	0.2908376157283783	-0.5628547668457031	3.331540584564209	0.043599605560302734
2cx_vs_reexplore	34256	696	improved	813	696	0.35776305198669434	0.698512077331543	0.1430344134569168	0.698512077331543	0.5554776787757874	0.4292902946472168	1.8874406814575195
2cx_vs_reexplore	26509	793	improved	452	793	0.49941596388816833	0.9071394801139832	0.3517206013202667	0.9071394801139832	0.555418848991394	0.3506021499633789	3.2746200561523438
2cx_vs_reexplore	33403	606	improved	622	606	0.5497354865074158	0.789240300655365	0.2370099127292633	0.789240300655365	0.5522303581237793	0.8413352966308594	2.846284866333008
2cx_vs_reexplore	47591	360	regressed	360	357	0.7205955386161804	0.4046318829059601	0.7205955386161804	0.17399340867996216	-0.5466021299362183	2.1558752059936523	0.8439602851867676
2cx_vs_reexplore	12189	828	regressed	828	778	0.6683546900749207	0.1806536763906479	0.6683546900749207	0.12599800527095795	-0.5423566699028015	1.9834327697753906	0.36031579971313477
2cx_vs_reexplore	10150	622	regressed	622	878	0.7064247727394104	0.507993757724762	0.7064247727394104	0.16690512001514435	-0.5395196676254272	2.19905424118042	1.1130437850952148
2cx_vs_reexplore	8066	823	improved	480	823	0.4531221091747284	0.9228882193565369	0.3855762183666229	0.9228882193565369	0.5373120307922363	0.1614227294921875	3.775974750518799
2cx_vs_reexplore	19361	394	improved	830	394	0.375332772731781	0.6935553550720215	0.15654167532920837	0.6935553550720215	0.5370136499404907	0.8744907379150391	2.187922477722168
2cx_vs_reexplore	36522	791	regressed	791	566	0.7728486061096191	0.2388213574886322	0.7728486061096191	0.2364516407251358	-0.5363969802856445	2.8966493606567383	0.009972095489501953
2cx_vs_reexplore	44909	18	improved	19	18	0.6710270047187805	0.6702955365180969	0.13715332746505737	0.6702955365180969	0.5331422090530396	1.587709903717041	1.2242865562438965
2cx_vs_reexplore	31028	692	improved	518	692	0.5729520916938782	0.8548377156257629	0.3263605237007141	0.8548377156257629	0.5284771919250488	0.5627994537353516	2.499260425567627
2cx_vs_reexplore	11763	720	improved	419	720	0.48560816049575806	0.8232020735740662	0.29586899280548096	0.8232020735740662	0.5273330807685852	0.4954853057861328	2.7325439453125
2cx_vs_reexplore	18499	468	regressed	468	779	0.6974387764930725	0.5129102468490601	0.6974387764930725	0.17046131193637848	-0.5269774794578552	2.21030855178833	1.1015925407409668
2cx_vs_reexplore	37027	206	improved	266	206	0.248505100607872	0.7275492548942566	0.20511548221111298	0.7275492548942566	0.5224337577819824	0.19189023971557617	1.7657556533813477
2cx_vs_reexplore	24181	467	improved	778	467	0.5342888832092285	0.753990113735199	0.2418159395456314	0.753990113735199	0.5121741890907288	0.792759895324707	2.2695422172546387
2cx_vs_reexplore	27965	852	improved	641	852	0.3496452271938324	0.7756796479225159	0.2667621374130249	0.7756796479225159	0.508917510509491	0.27056169509887695	3.7943949699401855
2cx_vs_reexplore	18022	929	regressed	929	6	0.5557188987731934	0.5342268347740173	0.5557188987731934	0.050155747681856155	-0.5055631399154663	1.0907011032104492	1.7373566627502441
2cx_vs_reexplore	38632	429	regressed	429	988	0.6746518611907959	0.19717822968959808	0.6746518611907959	0.16951382160186768	-0.5051380395889282	2.8175458908081055	0.15117359161376953
2cx_vs_reexplore	36248	104	improved	330	104	0.3934285044670105	0.8328575491905212	0.32943156361579895	0.8328575491905212	0.5034259557723999	0.17753076553344727	3.478602886199951
2cx_vs_reexplore	6257	459	regressed	459	788	0.7620156407356262	0.4694760739803314	0.7620156407356262	0.26256251335144043	-0.4994531273841858	1.6064071655273438	0.5811281204223633
2cx_vs_reexplore	1808	470	improved	626	470	0.5429250597953796	0.7251144647598267	0.22664915025234222	0.7251144647598267	0.49846529960632324	0.873568058013916	2.064113140106201
2cx_vs_reexplore	31365	256	improved	223	256	0.3133693337440491	0.6696456074714661	0.17152529954910278	0.6696456074714661	0.4981203079223633	0.4371299743652344	1.93239164352417
2cx_vs_reexplore	32855	21	improved	23	21	0.37522709369659424	0.7114679217338562	0.2185136079788208	0.7114679217338562	0.4929543137550354	0.5406832695007324	2.3971118927001953
2cx_vs_reexplore	6074	366	regressed	366	294	0.6539790630340576	0.40586787462234497	0.6539790630340576	0.16116604208946228	-0.49281302094459534	2.0139832496643066	0.9235925674438477
2cx_vs_reexplore	35221	457	regressed	457	761	0.6738262176513672	0.3662046194076538	0.6738262176513672	0.1845788061618805	-0.4892474114894867	1.7524147033691406	0.6851158142089844
2cx_vs_reexplore	36623	778	regressed	778	423	0.7705233097076416	0.2954785227775574	0.7705233097076416	0.2841734290122986	-0.486349880695343	2.710452079772949	0.039011478424072266
2cx_vs_reexplore	45100	347	improved	342	347	0.6320751309394836	0.5225204229354858	0.03760727494955063	0.5225204229354858	0.4849131405353546	1.532670021057129	0.6786360740661621
2cx_vs_reexplore	17374	384	improved	381	384	0.5305292010307312	0.5177187323570251	0.03304263576865196	0.5177187323570251	0.4846760928630829	1.3545904159545898	1.6306118965148926
2cx_vs_reexplore	44498	366	regressed	366	367	0.7478281855583191	0.5537694096565247	0.7478281855583191	0.2643272280693054	-0.48350095748901367	1.8545570373535156	0.739560604095459
2cx_vs_reexplore	2701	141	regressed	141	142	0.7104403376579285	0.2634499669075012	0.7104403376579285	0.22721131145954132	-0.48322904109954834	2.384212017059326	0.14798307418823242
2cx_vs_reexplore	46516	200	regressed	200	226	0.7223877906799316	0.5703175663948059	0.7223877906799316	0.2407362014055252	-0.4816516041755676	1.4809770584106445	0.8624916076660156
2cx_vs_reexplore	2076	778	regressed	778	767	0.7002439498901367	0.28719744086265564	0.7002439498901367	0.2190050333738327	-0.4812389016151428	2.291196346282959	0.2710752487182617
2cx_vs_reexplore	4970	287	regressed	287	356	0.7296673655509949	0.4654741883277893	0.7296673655509949	0.24868996441364288	-0.4809774160385132	2.4044699668884277	0.6268496513366699
2cx_vs_reexplore	33069	812	improved	404	812	0.4454607665538788	0.5727332234382629	0.09290571510791779	0.5727332234382629	0.47982752323150635	1.5675239562988281	2.0571541786193848
2cx_vs_reexplore	8920	643	improved	788	643	0.2934170067310333	0.6666877269744873	0.1892649531364441	0.6666877269744873	0.4774227738380432	0.4384469985961914	2.3739490509033203
2cx_vs_reexplore	37749	893	improved	446	893	0.5119026899337769	0.812942385673523	0.3359338641166687	0.812942385673523	0.47700852155685425	0.4212203025817871	2.328547954559326
2cx_vs_reexplore	12580	894	improved	841	894	0.35849031805992126	0.7398743033409119	0.26329460740089417	0.7398743033409119	0.4765796959400177	0.3086280822753906	1.566554069519043
2cx_vs_reexplore	31567	252	regressed	252	199	0.5704609751701355	0.6955362558364868	0.5704609751701355	0.09512969851493835	-0.47533127665519714	1.7294111251831055	1.9894418716430664
2cx_vs_reexplore	37069	800	improved	468	800	0.701351523399353	0.5101072788238525	0.03855585306882858	0.5101072788238525	0.47155141830444336	2.9009013175964355	1.0355968475341797
2cx_vs_reexplore	44603	758	improved	543	758	0.23213867843151093	0.6858015060424805	0.21458764374256134	0.6858015060424805	0.4712138772010803	0.07861661911010742	2.8860979080200195
2cx_vs_reexplore	45285	134	improved	99	134	0.7404423952102661	0.6423439979553223	0.1715688705444336	0.6423439979553223	0.47077512741088867	1.4622631072998047	0.9750385284423828
2cx_vs_reexplore	36270	317	improved	316	317	0.6349379420280457	0.6338514685630798	0.1631670594215393	0.6338514685630798	0.4706844091415405	1.358752727508545	1.2660818099975586
2cx_vs_reexplore	29847	697	regressed	697	655	0.5870044231414795	0.18569228053092957	0.5870044231414795	0.11756652593612671	-0.4694378972053528	2.261387825012207	0.45708656311035156
2cx_vs_reexplore	43946	121	regressed	121	123	0.7048438191413879	0.46205806732177734	0.7048438191413879	0.23610028624534607	-0.46874353289604187	2.015857696533203	0.6714339256286621
2cx_vs_reexplore	48405	354	improved	355	354	0.40090230107307434	0.7307614684104919	0.2623054087162018	0.7307614684104919	0.46845605969429016	0.4242081642150879	1.9824624061584473
2cx_vs_reexplore	1432	161	improved	162	161	0.4847058951854706	0.7529799938201904	0.2864261567592621	0.7529799938201904	0.46655383706092834	0.5260615348815918	2.2234344482421875
2cx_vs_reexplore	96	764	regressed	764	456	0.5571202635765076	0.20395581424236298	0.5571202635765076	0.0915195643901825	-0.4656006991863251	1.8236799240112305	0.8013505935668945
2cx_vs_reexplore	8624	944	improved	989	944	0.2796499729156494	0.48796945810317993	0.023237476125359535	0.48796945810317993	0.46473199129104614	0.6359729766845703	1.575467586517334
2cx_vs_reexplore	44292	747	improved	560	747	0.6785421967506409	0.5132691860198975	0.049128640443086624	0.5132691860198975	0.46414053440093994	2.625504493713379	0.24951934814453125
2cx_vs_reexplore	39640	71	improved	75	71	0.6472748517990112	0.5508934855461121	0.08760134875774384	0.5508934855461121	0.46329212188720703	1.9999747276306152	1.6565322875976562
2cx_vs_reexplore	49	830	improved	731	830	0.15353572368621826	0.5684375166893005	0.10594358295202255	0.5684375166893005	0.4624939262866974	0.37102651596069336	2.577503204345703
2cx_vs_reexplore	26104	149	regressed	149	6	0.6759456992149353	0.42971089482307434	0.6759456992149353	0.21499985456466675	-0.46094584465026855	1.306976318359375	0.6924753189086914
2cx_vs_reexplore	47250	483	regressed	483	972	0.577235758304596	0.153887540102005	0.577235758304596	0.11636020243167877	-0.46087557077407837	2.7518482208251953	0.27953147888183594
2cx_vs_reexplore	19459	674	improved	333	674	0.5505512356758118	0.6868105530738831	0.2274959236383438	0.6868105530738831	0.45931464433670044	0.8837876319885254	1.2091436386108398
2cx_vs_reexplore	23325	658	regressed	658	474	0.6414007544517517	0.37315094470977783	0.6414007544517517	0.18506810069084167	-0.45633265376091003	1.361299991607666	0.47962474822998047
2cx_vs_reexplore	44445	279	improved	258	279	0.6465966105461121	0.6523837447166443	0.1991262584924698	0.6523837447166443	0.4532575011253357	1.177783489227295	1.1652121543884277
2cx_vs_reexplore	48701	190	improved	202	190	0.3546977937221527	0.7409191727638245	0.2877303659915924	0.7409191727638245	0.45318880677223206	0.2092423439025879	2.071885108947754
2cx_vs_reexplore	28016	142	regressed	142	140	0.7827185392379761	0.45843616127967834	0.7827185392379761	0.3299523890018463	-0.45276615023612976	2.233259677886963	0.3288726806640625
2cx_vs_reexplore	33643	506	regressed	506	117	0.7360796332359314	0.40960440039634705	0.7360796332359314	0.28374385833740234	-0.45233577489852905	2.5704870223999023	0.36711978912353516
2cx_vs_reexplore	20274	816	improved	666	816	0.4916512072086334	0.7267345190048218	0.27551740407943726	0.7267345190048218	0.4512171149253845	0.5791187286376953	2.014019012451172
2cx_vs_reexplore	25325	822	improved	112	822	0.3933282196521759	0.6069072484970093	0.15599553287029266	0.6069072484970093	0.4509117007255554	0.9248170852661133	2.356212615966797
2cx_vs_reexplore	3422	792	regressed	792	734	0.6079930067062378	0.4553804099559784	0.6079930067062378	0.15774106979370117	-0.4502519369125366	1.1904253959655762	1.060178279876709
2cx_vs_reexplore	40074	188	improved	850	188	0.5676795244216919	0.5980810523033142	0.14959493279457092	0.5980810523033142	0.4484861195087433	1.3336257934570312	1.9784555435180664
2cx_vs_reexplore	25443	738	improved	943	738	0.4977071285247803	0.8875406980514526	0.4394592046737671	0.8875406980514526	0.44808149337768555	0.1244668960571289	2.7818961143493652
2cx_vs_reexplore	28049	1	regressed	1	393	0.6822852492332458	0.2493630200624466	0.6822852492332458	0.23465768992900848	-0.44762754440307617	2.083282470703125	0.06078195571899414
2cx_vs_reexplore	22408	813	regressed	813	696	0.5587413311004639	0.3451232314109802	0.5587413311004639	0.11319965124130249	-0.4455416798591614	0.8112096786499023	0.5197057723999023
2cx_vs_reexplore	14736	558	improved	764	558	0.5394241213798523	0.5941594839096069	0.14974981546401978	0.5941594839096069	0.44440966844558716	0.9538421630859375	1.0303325653076172
2cx_vs_reexplore	38656	889	improved	432	889	0.26553836464881897	0.5918487310409546	0.14791126549243927	0.5918487310409546	0.4439374804496765	0.27262401580810547	2.6203598976135254
2cx_vs_reexplore	8431	412	regressed	412	877	0.6822532415390015	0.5401526689529419	0.6822532415390015	0.23895500600337982	-0.44329822063446045	1.8098549842834473	0.8155765533447266
2cx_vs_reexplore	21638	480	regressed	480	880	0.5104020833969116	0.6994531750679016	0.5104020833969116	0.06780735403299332	-0.4425947368144989	0.9160914421081543	2.3336281776428223
2cx_vs_reexplore	24409	804	regressed	804	899	0.7818282246589661	0.38036465644836426	0.7818282246589661	0.34059107303619385	-0.4412371516227722	2.2328619956970215	0.11044788360595703
2cx_vs_reexplore	45105	802	regressed	802	701	0.612055242061615	0.24095100164413452	0.612055242061615	0.17206859588623047	-0.4399866461753845	2.444880962371826	0.336700439453125
2cx_vs_reexplore	11275	733	improved	173	733	0.07687142491340637	0.46086376905441284	0.024459468200802803	0.46086376905441284	0.436404287815094	0.18525362014770508	2.464113712310791
2cx_vs_reexplore	23250	903	improved	221	903	0.43551474809646606	0.7002548575401306	0.2643102705478668	0.7002548575401306	0.4359445869922638	0.4994049072265625	2.218991279602051
2cx_vs_reexplore	13425	889	regressed	889	593	0.6402784585952759	0.4008682668209076	0.6402784585952759	0.20687757432460785	-0.43340086936950684	2.0788798332214355	0.6615056991577148
2cx_vs_reexplore	40532	202	regressed	202	228	0.5269452333450317	0.11187379062175751	0.5269452333450317	0.09374933689832687	-0.43319588899612427	2.427992343902588	0.17674684524536133
2cx_vs_reexplore	20674	125	improved	78	125	0.41431108117103577	0.7337568998336792	0.3011024296283722	0.7337568998336792	0.432654470205307	0.3191666603088379	2.46157169342041
2cx_vs_reexplore	48909	52	improved	314	52	0.4099011719226837	0.5517716407775879	0.1219264417886734	0.5517716407775879	0.4298452138900757	1.017660140991211	2.131305694580078
2cx_vs_reexplore	11514	132	improved	89	132	0.6560844779014587	0.5167256593704224	0.08801226317882538	0.5167256593704224	0.4287133812904358	2.0088133811950684	0.9292221069335938
2cx_vs_reexplore	27466	338	improved	157	338	0.4417407810688019	0.7256847023963928	0.29783502221107483	0.7256847023963928	0.427849680185318	0.3941836357116699	1.6682705879211426
2cx_vs_reexplore	33348	321	improved	301	321	0.25953030586242676	0.6221664547920227	0.19794514775276184	0.6221664547920227	0.42422130703926086	0.27088356018066406	2.698202610015869
2cx_vs_reexplore	13532	126	improved	868	126	0.12981097400188446	0.4558272063732147	0.03182210400700569	0.4558272063732147	0.42400509119033813	1.0628085136413574	2.5311660766601562
2cx_vs_reexplore	32308	266	regressed	266	202	0.46166184544563293	0.5189530253410339	0.46166184544563293	0.040309011936187744	-0.4213528335094452	0.6866898536682129	2.2411885261535645
2cx_vs_reexplore	16659	787	regressed	787	491	0.6274992823600769	0.23744884133338928	0.6274992823600769	0.20627838373184204	-0.42122089862823486	2.41940975189209	0.14072561264038086
2cx_vs_reexplore	23003	618	improved	567	618	0.2502312958240509	0.5478305816650391	0.12712781131267548	0.5478305816650391	0.4207027554512024	0.6771926879882812	2.0102200508117676
2cx_vs_reexplore	37470	501	improved	452	501	0.6755673885345459	0.6658656001091003	0.24545863270759583	0.6658656001091003	0.4204069674015045	1.0124244689941406	0.9251461029052734
2cx_vs_reexplore	33651	261	regressed	261	192	0.6293696165084839	0.5807694792747498	0.6293696165084839	0.20922650396823883	-0.42014312744140625	1.1984601020812988	1.0209364891052246
2cx_vs_reexplore	22226	17	regressed	17	14	0.7896075248718262	0.4250882863998413	0.7896075248718262	0.37040212750434875	-0.4192053973674774	2.1128435134887695	0.13770771026611328
2cx_vs_reexplore	16878	751	regressed	751	864	0.5304371118545532	0.31604453921318054	0.5304371118545532	0.11237562447786331	-0.4180614948272705	1.4037632942199707	0.5153336524963379
2cx_vs_reexplore	31670	518	improved	671	518	0.6233749985694885	0.6014929413795471	0.18647882342338562	0.6014929413795471	0.4150141179561615	1.2068305015563965	1.2935452461242676
2cx_vs_reexplore	21489	211	regressed	211	209	0.6510788798332214	0.35759982466697693	0.6510788798332214	0.23695136606693268	-0.41412752866744995	2.4510412216186523	0.4115595817565918
2cx_vs_reexplore	13047	489	improved	829	489	0.22400330007076263	0.5313066244125366	0.11787518113851547	0.5313066244125366	0.41343143582344055	0.4218158721923828	2.788442611694336
2cx_vs_reexplore	45990	459	improved	879	459	0.22618000209331512	0.5833709836006165	0.17024573683738708	0.5833709836006165	0.41312524676322937	0.20655012130737305	1.703653335571289
2cx_vs_reexplore	33444	174	improved	254	174	0.38211843371391296	0.4283216595649719	0.01755364239215851	0.4283216595649719	0.4107680320739746	0.7536211013793945	1.419710636138916
2cx_vs_reexplore	47479	501	improved	841	501	0.6724268198013306	0.6637389659881592	0.2542250454425812	0.6637389659881592	0.409513920545578	0.9726734161376953	0.9654254913330078
2cx_vs_reexplore	9272	935	improved	928	935	0.570848286151886	0.7081966996192932	0.29920023679733276	0.7081966996192932	0.40899646282196045	0.6460103988647461	1.2297935485839844
2cx_vs_reexplore	9731	307	regressed	307	317	0.49801602959632874	0.7066056728363037	0.49801602959632874	0.09098553657531738	-0.40703049302101135	0.5128374099731445	2.049772262573242
2cx_vs_reexplore	41123	491	improved	768	491	0.18559008836746216	0.5497699975967407	0.14283260703086853	0.5497699975967407	0.4069373905658722	0.26186704635620117	2.1865782737731934
2cx_vs_reexplore	24056	137	improved	99	137	0.2436838299036026	0.609367311000824	0.20283430814743042	0.609367311000824	0.40653300285339355	0.18348217010498047	1.9099235534667969
2cx_vs_reexplore	41483	110	regressed	110	115	0.7235143780708313	0.5455521941184998	0.7235143780708313	0.31741395592689514	-0.40610042214393616	1.458481788635254	0.5415916442871094
2cx_vs_reexplore	26118	555	improved	830	555	0.19506198167800903	0.48189032077789307	0.07582733780145645	0.48189032077789307	0.4060629904270172	0.29251956939697266	1.1483850479125977
2cx_vs_reexplore	10730	49	improved	975	49	0.3091268837451935	0.6766007542610168	0.2711082398891449	0.6766007542610168	0.40549251437187195	0.13123369216918945	2.681079387664795
2cx_vs_reexplore	42194	838	improved	419	838	0.49829596281051636	0.6990522742271423	0.29363638162612915	0.6990522742271423	0.4054158926010132	0.5288519859313965	2.283461093902588
2cx_vs_reexplore	26814	627	regressed	627	654	0.5852563381195068	0.3685457408428192	0.5852563381195068	0.18010343611240387	-0.40515291690826416	1.284463882446289	0.41224098205566406
2cx_vs_reexplore	27934	869	improved	617	869	0.4079781174659729	0.5417399406433105	0.1375386118888855	0.5417399406433105	0.40420132875442505	1.0873088836669922	1.5717535018920898
2cx_vs_reexplore	42759	575	improved	656	575	0.4354335069656372	0.6237507462501526	0.22064748406410217	0.6237507462501526	0.4031032621860504	0.6797757148742676	1.382394790649414
2cx_vs_reexplore	49272	75	improved	310	75	0.5867635607719421	0.6312001943588257	0.22846080362796783	0.6312001943588257	0.40273940563201904	0.9432573318481445	1.2133588790893555
2cx_vs_reexplore	33964	652	regressed	652	830	0.7360893487930298	0.4749751389026642	0.7360893487930298	0.33400896191596985	-0.40208038687705994	1.7101473808288574	0.3520946502685547
2cx_vs_reexplore	22088	207	improved	265	207	0.410129189491272	0.5784987211227417	0.17712444067001343	0.5784987211227417	0.40137428045272827	0.8396196365356445	1.5988073348999023
2cx_vs_reexplore	30256	16	regressed	16	91	0.5532171726226807	0.19086436927318573	0.5532171726226807	0.15454773604869843	-0.39866942167282104	1.976107120513916	0.2110600471496582
2cx_vs_reexplore	3285	21	improved	135	21	0.32260820269584656	0.5023323893547058	0.10542817413806915	0.5023323893547058	0.39690423011779785	1.1184086799621582	1.6346068382263184
2cx_vs_reexplore	18541	154	regressed	154	151	0.7123106718063354	0.5370559096336365	0.7123106718063354	0.3156038820743561	-0.39670678973197937	1.6239838600158691	0.5316143035888672
2cx_vs_reexplore	16975	729	regressed	729	446	0.5103976726531982	0.27168869972229004	0.5103976726531982	0.1137271448969841	-0.39667052030563354	1.2542786598205566	0.16493797302246094
2cx_vs_reexplore	40415	862	regressed	862	552	0.6620036959648132	0.33240821957588196	0.6620036959648132	0.2659887373447418	-0.3960149586200714	3.79384183883667	0.22290992736816406
2cx_vs_reexplore	31115	828	improved	538	828	0.3359517753124237	0.5103636384010315	0.115049809217453	0.5103636384010315	0.3953138291835785	1.0716023445129395	1.7411589622497559
2cx_vs_reexplore	23355	489	regressed	489	448	0.4910429120063782	0.513129711151123	0.4910429120063782	0.09628520905971527	-0.3947576880455017	1.0448756217956543	1.6732139587402344
2cx_vs_reexplore	24202	49	regressed	49	394	0.43247416615486145	0.1855771839618683	0.43247416615486145	0.038754697889089584	-0.39371946454048157	0.7409486770629883	0.1950235366821289
2cx_vs_reexplore	6317	634	regressed	634	491	0.5393398404121399	0.8076431155204773	0.5393398404121399	0.145622119307518	-0.3937177062034607	0.4117555618286133	1.7131052017211914
2cx_vs_reexplore	49146	55	regressed	55	64	0.6713043451309204	0.582247793674469	0.6713043451309204	0.2778107523918152	-0.3934935927391052	1.2291526794433594	0.7399559020996094
2cx_vs_reexplore	46237	49	improved	50	49	0.7259640693664551	0.5689724683761597	0.1763022392988205	0.5689724683761597	0.392670214176178	1.4153008460998535	0.6157331466674805
2cx_vs_reexplore	49737	764	regressed	764	413	0.7367047667503357	0.4934920072555542	0.7367047667503357	0.3448334038257599	-0.3918713629245758	1.6413421630859375	0.3584451675415039
2cx_vs_reexplore	9859	447	regressed	447	751	0.6176510453224182	0.3358879089355469	0.6176510453224182	0.22698277235031128	-0.39066827297210693	1.5141897201538086	0.3919034004211426
2cx_vs_reexplore	11124	452	improved	463	452	0.35140112042427063	0.6680322289466858	0.2789982259273529	0.6680322289466858	0.3890340030193329	0.23072290420532227	1.425689697265625
2cx_vs_reexplore	17405	260	improved	257	260	0.5210689306259155	0.5701966285705566	0.1817670315504074	0.5701966285705566	0.38842958211898804	1.0531563758850098	1.6341867446899414
2cx_vs_reexplore	2751	651	regressed	651	688	0.6075121760368347	0.2400723248720169	0.6075121760368347	0.21938684582710266	-0.38812533020973206	2.097883701324463	0.0901036262512207
2cx_vs_reexplore	36292	88	regressed	88	21	0.6874548196792603	0.41717061400413513	0.6874548196792603	0.2993588149547577	-0.38809600472450256	1.449512004852295	0.33185243606567383
2cx_vs_reexplore	19078	521	improved	965	521	0.41350993514060974	0.6503509283065796	0.26302093267440796	0.6503509283065796	0.38732999563217163	0.45244789123535156	1.9531097412109375
2cx_vs_reexplore	25863	208	improved	223	208	0.3274642825126648	0.6376224160194397	0.2505483031272888	0.6376224160194397	0.3870741128921509	0.2677273750305176	2.076176166534424
2cx_vs_reexplore	41319	785	regressed	785	772	0.5801097750663757	0.2859901189804077	0.5801097750663757	0.19516757130622864	-0.3849422037601471	1.7119150161743164	0.3820986747741699
2cx_vs_reexplore	17980	621	improved	870	621	0.2537497878074646	0.5561107993125916	0.17195434868335724	0.5561107993125916	0.3841564655303955	0.38911962509155273	1.454970359802246
2cx_vs_reexplore	22937	865	regressed	865	526	0.5312347412109375	0.1718152016401291	0.5312347412109375	0.14791592955589294	-0.38331881165504456	1.2567501068115234	0.14977550506591797
2cx_vs_reexplore	5642	341	improved	297	341	0.21717050671577454	0.5520666241645813	0.17005176842212677	0.5520666241645813	0.3820148706436157	0.24457979202270508	1.537020206451416
2cx_vs_reexplore	46498	528	improved	584	528	0.25221049785614014	0.5395728945732117	0.158338263630867	0.5395728945732117	0.38123464584350586	0.4655303955078125	1.6154241561889648
2cx_vs_reexplore	45621	817	regressed	817	479	0.5591683387756348	0.2639422118663788	0.5591683387756348	0.17820186913013458	-0.3809664845466614	0.8258218765258789	0.16457891464233398
2cx_vs_reexplore	27518	858	improved	789	858	0.7454420924186707	0.44308745861053467	0.062317583709955215	0.44308745861053467	0.38076987862586975	2.481733798980713	0.7373337745666504
2cx_vs_reexplore	10340	412	improved	877	412	0.6272839307785034	0.7254058718681335	0.34550419449806213	0.7254058718681335	0.3799016773700714	0.5963945388793945	1.0906734466552734
2cx_vs_reexplore	21257	26	regressed	26	32	0.4682462513446808	0.4601097106933594	0.4682462513446808	0.08983223140239716	-0.3784140348434448	1.6203126907348633	1.6335210800170898
2cx_vs_reexplore	17952	597	improved	764	597	0.3699515163898468	0.6258086562156677	0.24773487448692322	0.6258086562156677	0.3780737817287445	0.4010128974914551	1.2862176895141602
2cx_vs_reexplore	5030	318	improved	312	318	0.358154296875	0.650057852268219	0.2728728652000427	0.650057852268219	0.37718498706817627	0.2719578742980957	2.4154868125915527
2cx_vs_reexplore	37782	979	regressed	979	525	0.5598279237747192	0.41965189576148987	0.5598279237747192	0.1835678219795227	-0.37626010179519653	1.1469202041625977	0.8268413543701172
2cx_vs_reexplore	18053	568	regressed	568	869	0.6289514899253845	0.540820837020874	0.6289514899253845	0.25290271639823914	-0.3760487735271454	1.115203857421875	0.7600831985473633
2cx_vs_reexplore	30919	807	regressed	807	839	0.4048444926738739	0.41828984022140503	0.4048444926738739	0.028811726719141006	-0.3760327696800232	1.4806766510009766	1.9165802001953125
2cx_vs_reexplore	5865	183	improved	265	183	0.3412439823150635	0.5342400670051575	0.15879271924495697	0.5342400670051575	0.3754473328590393	0.2820601463317871	0.8436985015869141
2cx_vs_reexplore	26302	836	improved	518	836	0.16463159024715424	0.5231027007102966	0.14791882038116455	0.5231027007102966	0.3751838803291321	0.10704660415649414	0.6419758796691895
2cx_vs_reexplore	24927	930	regressed	930	962	0.6390687823295593	0.6252152323722839	0.6390687823295593	0.26456722617149353	-0.3745015561580658	1.0772018432617188	0.8600006103515625
2cx_vs_reexplore	24413	335	regressed	335	378	0.47076475620269775	0.11691337078809738	0.47076475620269775	0.10016930103302002	-0.37059545516967773	1.9427685737609863	0.09758996963500977
2cx_vs_reexplore	23474	47	regressed	47	42	0.4414924383163452	0.5911585092544556	0.4414924383163452	0.07217041403055191	-0.3693220317363739	1.6162128448486328	2.1030540466308594
2cx_vs_reexplore	3839	557	improved	538	557	0.47235387563705444	0.6901544332504272	0.32089704275131226	0.6901544332504272	0.369257390499115	0.3866081237792969	1.3008689880371094
2cx_vs_reexplore	42325	310	regressed	310	120	0.5094621777534485	0.14648748934268951	0.5094621777534485	0.14113228023052216	-0.36832988262176514	2.0570173263549805	0.03724241256713867
2cx_vs_reexplore	13676	887	regressed	887	689	0.5422536134719849	0.34409913420677185	0.5422536134719849	0.17554143071174622	-0.36671218276023865	1.1392040252685547	0.6730546951293945
2cx_vs_reexplore	45279	639	improved	702	639	0.36887988448143005	0.4863792955875397	0.12074929475784302	0.4863792955875397	0.36563000082969666	0.560542106628418	1.3753719329833984
2cx_vs_reexplore	46419	922	regressed	922	458	0.748555600643158	0.45317205786705017	0.748555600643158	0.38443106412887573	-0.3641245365142822	1.9293508529663086	0.16450738906860352
2cx_vs_reexplore	47324	856	improved	634	856	0.6200017333030701	0.4806634783744812	0.11745402216911316	0.4806634783744812	0.36320945620536804	1.663675308227539	0.5859894752502441
2cx_vs_reexplore	33454	236	improved	238	236	0.5998824834823608	0.5509974360466003	0.1882651150226593	0.5509974360466003	0.36273232102394104	1.1588826179504395	0.8415226936340332
2cx_vs_reexplore	12607	383	improved	82	383	0.15220214426517487	0.42294764518737793	0.061591986566782	0.42294764518737793	0.36135566234588623	0.7108449935913086	0.4999842643737793
2cx_vs_reexplore	19067	893	regressed	893	464	0.5638318061828613	0.23538771271705627	0.5638318061828613	0.2025829702615738	-0.36124885082244873	1.4754137992858887	0.1500844955444336
2cx_vs_reexplore	6893	721	improved	518	721	0.32495495676994324	0.5974124073982239	0.23617596924304962	0.5974124073982239	0.36123645305633545	0.3191094398498535	1.461315631866455
2cx_vs_reexplore	13772	319	improved	318	319	0.37645721435546875	0.6025993227958679	0.24157048761844635	0.6025993227958679	0.36102885007858276	0.44364309310913086	1.462615966796875
2cx_vs_reexplore	42693	266	improved	153	266	0.5841390490531921	0.5396695137023926	0.17872779071331024	0.5396695137023926	0.36094170808792114	1.1842751502990723	0.5306129455566406
2cx_vs_reexplore	2658	174	regressed	174	261	0.6582936644554138	0.404237300157547	0.6582936644554138	0.2975480258464813	-0.3607456386089325	2.126589775085449	0.3064265251159668
2cx_vs_reexplore	42887	452	improved	490	452	0.46776899695396423	0.6291207075119019	0.2686766982078552	0.6291207075119019	0.36044400930404663	0.5544657707214355	1.1958637237548828
2cx_vs_reexplore	27214	513	improved	875	513	0.6112922430038452	0.5670718550682068	0.20803922414779663	0.5670718550682068	0.35903263092041016	1.0778484344482422	0.5781898498535156
2cx_vs_reexplore	37270	773	regressed	773	572	0.7217903137207031	0.5038240551948547	0.7217903137207031	0.3634544014930725	-0.3583359122276306	1.6419596672058105	0.32657337188720703
2cx_vs_reexplore	13792	764	regressed	764	515	0.6176452040672302	0.4758833050727844	0.6176452040672302	0.2593807876110077	-0.35826441645622253	1.4241886138916016	0.6068754196166992
2cx_vs_reexplore	41924	524	improved	655	524	0.25649958848953247	0.5185332894325256	0.16036103665828705	0.5185332894325256	0.3581722378730774	0.4696993827819824	1.2540626525878906
2cx_vs_reexplore	4008	838	improved	929	838	0.6833214163780212	0.5021373629570007	0.14420665800571442	0.5021373629570007	0.3579307198524475	1.555717945098877	1.131880283355713
2cx_vs_reexplore	42763	553	regressed	553	559	0.4676673412322998	0.43515926599502563	0.4676673412322998	0.11016681790351868	-0.35750052332878113	1.3955178260803223	1.2696032524108887
2cx_vs_reexplore	41261	351	improved	352	351	0.3724706470966339	0.6945523023605347	0.338264137506485	0.6945523023605347	0.3562881648540497	0.09633111953735352	1.7785329818725586
2cx_vs_reexplore	37461	147	improved	34	147	0.19126588106155396	0.4314061403274536	0.07619118690490723	0.4314061403274536	0.3552149534225464	0.14449501037597656	1.1610255241394043
2cx_vs_reexplore	16159	103	regressed	103	394	0.46737587451934814	0.21053391695022583	0.46737587451934814	0.11249782890081406	-0.3548780381679535	1.9231634140014648	0.5186309814453125
2cx_vs_reexplore	22897	772	regressed	772	600	0.5172287225723267	0.6370892524719238	0.5172287225723267	0.16301210224628448	-0.35421663522720337	0.7615752220153809	1.3630852699279785
2cx_vs_reexplore	24882	329	regressed	329	116	0.5175949931144714	0.17171503603458405	0.5175949931144714	0.16352038085460663	-0.3540745973587036	1.3574304580688477	0.04889869689941406
2cx_vs_reexplore	8746	839	regressed	839	718	0.5311009883880615	0.3274018466472626	0.5311009883880615	0.17706528306007385	-0.35403570532798767	1.1356329917907715	0.6146697998046875
2cx_vs_reexplore	1140	294	improved	357	294	0.3018582761287689	0.4756627678871155	0.1218780130147934	0.4756627678871155	0.3537847399711609	0.3853311538696289	0.9471478462219238
2cx_vs_reexplore	11602	846	regressed	846	583	0.6452114582061768	0.3619503080844879	0.6452114582061768	0.29251629114151	-0.35269516706466675	2.4118003845214844	0.21298646926879883
2cx_vs_reexplore	5370	964	regressed	964	965	0.47035571932792664	0.537604570388794	0.47035571932792664	0.11900849640369415	-0.3513472080230713	0.4613814353942871	1.5079283714294434
2cx_vs_reexplore	12278	426	improved	892	426	0.3803926706314087	0.6770663857460022	0.3261156380176544	0.6770663857460022	0.3509507477283478	0.15395212173461914	1.752336025238037
2cx_vs_reexplore	16249	597	improved	413	597	0.2108428031206131	0.5529195070266724	0.2023889273405075	0.5529195070266724	0.35053056478500366	0.040921688079833984	2.0215225219726562
2cx_vs_reexplore	13216	351	improved	343	351	0.3694581687450409	0.6389840841293335	0.28876128792762756	0.6389840841293335	0.35022279620170593	0.24643707275390625	1.6288185119628906
2cx_vs_reexplore	46430	238	regressed	238	240	0.6113497018814087	0.5084794163703918	0.6113497018814087	0.26114025712013245	-0.35020944476127625	1.3891792297363281	0.6663670539855957
2cx_vs_reexplore	40176	11	regressed	11	10	0.6071712970733643	0.6104758977890015	0.6071712970733643	0.2574206590652466	-0.3497506380081177	0.980165958404541	0.8635272979736328
2cx_vs_reexplore	31410	198	improved	196	198	0.6305481791496277	0.5349551439285278	0.1864740550518036	0.5349551439285278	0.34848108887672424	1.2182974815368652	0.5009956359863281
2cx_vs_reexplore	633	375	improved	369	375	0.4513598680496216	0.4686654806137085	0.12092102319002151	0.4686654806137085	0.3477444648742676	1.3171272277832031	1.3705453872680664
2cx_vs_reexplore	37170	2	improved	3	2	0.4167509973049164	0.742987871170044	0.39609938859939575	0.742987871170044	0.3468884825706482	0.05082368850708008	1.7930793762207031
2cx_vs_reexplore	29309	121	regressed	121	122	0.6859008073806763	0.4450981914997101	0.6859008073806763	0.33974725008010864	-0.3461535573005676	1.7292866706848145	0.2700929641723633
2cx_vs_reexplore	15596	977	regressed	977	814	0.6620984673500061	0.4599371552467346	0.6620984673500061	0.31600573658943176	-0.34609273076057434	1.2811150550842285	0.37532949447631836
2cx_vs_reexplore	6191	885	regressed	885	831	0.5786082744598389	0.6157974004745483	0.5786082744598389	0.23257754743099213	-0.34603071212768555	0.6206159591674805	0.9736943244934082
2cx_vs_reexplore	18186	344	improved	103	344	0.46370986104011536	0.5860437750816345	0.24079734086990356	0.5860437750816345	0.34524643421173096	0.6553034782409668	1.438819408416748
2cx_vs_reexplore	12673	342	improved	343	342	0.5501806735992432	0.6426595449447632	0.29751265048980713	0.6426595449447632	0.34514689445495605	0.6147899627685547	1.0727877616882324
2cx_vs_reexplore	15648	49	improved	50	49	0.4307697117328644	0.7216745615005493	0.3767275810241699	0.7216745615005493	0.3449469804763794	0.13405132293701172	1.6157331466674805
2cx_vs_reexplore	12851	656	improved	468	656	0.332104355096817	0.6454086303710938	0.30082792043685913	0.6454086303710938	0.3445807099342346	0.09891080856323242	2.1506032943725586
2cx_vs_reexplore	8398	822	improved	484	822	0.7411280870437622	0.4125235974788666	0.06832539290189743	0.4125235974788666	0.34419819712638855	2.1229734420776367	0.022431373596191406
2cx_vs_reexplore	29935	697	regressed	697	775	0.5637126564979553	0.23415341973304749	0.5637126564979553	0.21988297998905182	-0.3438296914100647	1.4373393058776855	0.0628809928894043
2cx_vs_reexplore	8091	212	improved	215	212	0.6044933199882507	0.6532168388366699	0.310510516166687	0.6532168388366699	0.3427063226699829	0.666172981262207	0.9903192520141602
2cx_vs_reexplore	4903	354	regressed	354	676	0.492116779088974	0.4991033673286438	0.492116779088974	0.1499454379081726	-0.3421713411808014	1.547041893005371	1.2025418281555176
2cx_vs_reexplore	42497	500	regressed	500	825	0.47780486941337585	0.4394030272960663	0.47780486941337585	0.13624006509780884	-0.341564804315567	1.23492431640625	1.0455341339111328
2cx_vs_reexplore	5753	491	improved	898	491	0.22859440743923187	0.49610447883605957	0.15510189533233643	0.49610447883605957	0.34100258350372314	0.3878669738769531	0.3621644973754883
2cx_vs_reexplore	38379	981	improved	830	981	0.32704874873161316	0.6094367504119873	0.2688985764980316	0.6094367504119873	0.3405381739139557	0.19577503204345703	1.0229644775390625
2cx_vs_reexplore	5472	54	regressed	54	66	0.4923727810382843	0.3752973675727844	0.4923727810382843	0.15189053118228912	-0.340482234954834	1.5949487686157227	0.9045586585998535
2cx_vs_reexplore	43421	498	regressed	498	762	0.5076943635940552	0.22670972347259521	0.5076943635940552	0.16723287105560303	-0.34046149253845215	1.883223056793213	0.20458316802978516
2cx_vs_reexplore	35293	292	improved	291	292	0.40410947799682617	0.42348018288612366	0.08355334401130676	0.42348018288612366	0.3399268388748169	1.5762004852294922	0.9230155944824219
2cx_vs_reexplore	43785	897	improved	742	897	0.30734336376190186	0.5400554537773132	0.20058199763298035	0.5400554537773132	0.3394734561443329	0.2596888542175293	1.701131820678711
2cx_vs_reexplore	22107	612	improved	870	612	0.573988676071167	0.4641698896884918	0.12570209801197052	0.4641698896884918	0.3384677767753601	1.5186948776245117	0.5438528060913086
2cx_vs_reexplore	19086	843	improved	474	843	0.1438288688659668	0.47709810733795166	0.13978320360183716	0.47709810733795166	0.3373149037361145	0.021535873413085938	1.4935412406921387
2cx_vs_reexplore	48237	820	improved	471	820	0.37480980157852173	0.569180965423584	0.2318766564130783	0.569180965423584	0.3373042941093445	0.4802131652832031	1.583531379699707
2cx_vs_reexplore	8065	163	improved	235	163	0.23962001502513885	0.4752778112888336	0.13799527287483215	0.4752778112888336	0.33728253841400146	0.5518350601196289	2.0418920516967773
2cx_vs_reexplore	12571	24	improved	135	24	0.32320088148117065	0.5961164236068726	0.25889432430267334	0.5961164236068726	0.3372220993041992	0.22185420989990234	1.1540250778198242
2cx_vs_reexplore	16086	658	regressed	658	806	0.42642873525619507	0.703372597694397	0.42642873525619507	0.08926219493150711	-0.33716654777526855	0.0923910140991211	2.0643086433410645
2cx_vs_reexplore	635	784	regressed	784	696	0.38582485914230347	0.6001259088516235	0.38582485914230347	0.04869947209954262	-0.33712539076805115	0.4575614929199219	1.1563806533813477
2cx_vs_reexplore	45347	492	improved	764	492	0.2769703269004822	0.5308355093002319	0.19425563514232635	0.5308355093002319	0.3365798592567444	0.3547353744506836	1.9310975074768066
2cx_vs_reexplore	10628	191	improved	189	191	0.5003518462181091	0.6774687767028809	0.3414889872074127	0.6774687767028809	0.33597978949546814	0.38199615478515625	1.3050761222839355
2cx_vs_reexplore	45921	241	regressed	241	238	0.684197723865509	0.4131492078304291	0.684197723865509	0.34833529591560364	-0.3358624279499054	1.2983207702636719	0.17064332962036133
2cx_vs_reexplore	27930	603	regressed	603	690	0.5797547101974487	0.26592689752578735	0.5797547101974487	0.24566768109798431	-0.3340870141983032	1.545638084411621	0.07924175262451172
2cx_vs_reexplore	3325	360	regressed	360	337	0.5237036347389221	0.5180723071098328	0.5237036347389221	0.19048576056957245	-0.3332178592681885	1.0618085861206055	1.000537395477295
2cx_vs_reexplore	37219	960	improved	923	960	0.4829615354537964	0.5534318685531616	0.22113825380802155	0.5534318685531616	0.33229362964630127	0.7811489105224609	1.06353759765625
2cx_vs_reexplore	38310	804	regressed	804	412	0.5005056858062744	0.6876697540283203	0.5005056858062744	0.1696869432926178	-0.3308187425136566	0.25661468505859375	1.3993535041809082
2cx_vs_reexplore	19705	33	improved	6	33	0.46297335624694824	0.3603980839252472	0.03004416450858116	0.3603980839252472	0.33035391569137573	0.3971834182739258	0.1932363510131836
2cx_vs_reexplore	20839	202	regressed	202	194	0.3626841902732849	0.16513533890247345	0.3626841902732849	0.03236522898077965	-0.33031895756721497	1.3303728103637695	0.05836915969848633
2cx_vs_reexplore	28212	533	improved	443	533	0.6058573126792908	0.6440383791923523	0.31437939405441284	0.6440383791923523	0.32965898513793945	0.6560440063476562	0.9688544273376465
2cx_vs_reexplore	11060	983	regressed	983	776	0.3593314290046692	0.5239360928535461	0.3593314290046692	0.03011069819331169	-0.3292207419872284	0.816988468170166	1.7980284690856934
2cx_vs_reexplore	48064	172	regressed	172	296	0.5346782803535461	0.349234014749527	0.5346782803535461	0.20595790445804596	-0.3287203907966614	0.9410524368286133	0.5280704498291016
2cx_vs_reexplore	11774	807	improved	449	807	0.17043575644493103	0.49500077962875366	0.16667021811008453	0.49500077962875366	0.3283305764198303	0.022341251373291016	1.1961731910705566
2cx_vs_reexplore	17410	870	improved	703	870	0.3836156725883484	0.46345260739326477	0.1357099711894989	0.46345260739326477	0.32774263620376587	1.039121150970459	0.4919896125793457
2cx_vs_reexplore	40930	122	improved	124	122	0.4509725570678711	0.7607336640357971	0.4334116280078888	0.7607336640357971	0.3273220360279083	0.0397186279296875	1.8972315788269043
2cx_vs_reexplore	30058	463	regressed	463	469	0.42797422409057617	0.6467276215553284	0.42797422409057617	0.10123036801815033	-0.32674384117126465	0.02075481414794922	1.8545265197753906
2cx_vs_reexplore	38425	857	regressed	857	885	0.459150493144989	0.2260775864124298	0.459150493144989	0.13283567130565643	-0.3263148069381714	1.749610424041748	0.5317654609680176
2cx_vs_reexplore	5266	536	regressed	536	484	0.5367775559425354	0.6191887259483337	0.5367775559425354	0.21083113551139832	-0.3259464204311371	0.5474529266357422	1.077352523803711
2cx_vs_reexplore	43858	692	regressed	692	591	0.4772805869579315	0.345027357339859	0.4772805869579315	0.15185503661632538	-0.32542556524276733	1.6795587539672852	0.8206973075866699
2cx_vs_reexplore	8460	818	regressed	818	626	0.5101372599601746	0.4013361930847168	0.5101372599601746	0.18522323668003082	-0.32491403818130493	2.351649761199951	0.7732377052307129
2cx_vs_reexplore	16430	770	regressed	770	787	0.47378361225128174	0.2134004533290863	0.47378361225128174	0.15034005045890808	-0.32344356179237366	1.962132453918457	0.35027074813842773
2cx_vs_reexplore	29346	733	improved	682	733	0.2441302090883255	0.5268180966377258	0.20351190865039825	0.5268180966377258	0.32330620288848877	0.024834156036376953	0.9677176475524902
2cx_vs_reexplore	26384	509	regressed	509	692	0.45989203453063965	0.7717992663383484	0.45989203453063965	0.13710208237171173	-0.3227899670600891	0.7098302841186523	1.7279987335205078
2cx_vs_reexplore	49411	728	improved	703	728	0.2916792333126068	0.4609209895133972	0.13901157677173615	0.4609209895133972	0.32190942764282227	0.7410974502563477	1.6649794578552246
2cx_vs_reexplore	32537	344	improved	341	344	0.42932286858558655	0.7003467679023743	0.37973901629447937	0.7003467679023743	0.3206077516078949	0.12272500991821289	1.5026211738586426
2cx_vs_reexplore	42813	905	regressed	905	831	0.641470730304718	0.35378867387771606	0.641470730304718	0.3210589587688446	-0.3204117715358734	1.7469124794006348	0.09707498550415039
2cx_vs_reexplore	45043	921	improved	692	921	0.3779510259628296	0.38559257984161377	0.06554339081048965	0.38559257984161377	0.3200491964817047	1.7520523071289062	1.1231293678283691
2cx_vs_reexplore	48992	740	improved	726	740	0.501932680606842	0.38908669352531433	0.06977539509534836	0.38908669352531433	0.3193112909793854	0.6833887100219727	0.4917593002319336
2cx_vs_reexplore	17449	735	improved	610	735	0.6259908676147461	0.5231620073318481	0.20392286777496338	0.5231620073318481	0.31923913955688477	1.121593952178955	0.7536273002624512
2cx_vs_reexplore	36435	146	regressed	146	99	0.5905693769454956	0.5161476135253906	0.5905693769454956	0.2718178629875183	-0.3187515139579773	1.2962703704833984	0.6412606239318848
2cx_vs_reexplore	2440	128	regressed	128	136	0.3306884765625	0.7598174214363098	0.3306884765625	0.01221054419875145	-0.31847792863845825	0.3055586814880371	3.651700019836426
2cx_vs_reexplore	48278	317	regressed	317	316	0.5638178586959839	0.544142484664917	0.5638178586959839	0.24537630379199982	-0.31844156980514526	0.8599977493286133	0.7964181900024414
2cx_vs_reexplore	39990	592	regressed	592	813	0.4873884916305542	0.2328316569328308	0.4873884916305542	0.16912779211997986	-0.31826069951057434	2.7000603675842285	0.31966114044189453
2cx_vs_reexplore	33792	467	improved	582	467	0.556847870349884	0.5583686232566833	0.24061448872089386	0.5583686232566833	0.3177541494369507	0.8390960693359375	0.6921572685241699
2cx_vs_reexplore	21166	697	regressed	697	496	0.6158632636070251	0.5969980359077454	0.6158632636070251	0.29836055636405945	-0.3175027072429657	0.8057584762573242	0.6936111450195312
2cx_vs_reexplore	27345	312	regressed	312	310	0.35147130489349365	0.6948570013046265	0.35147130489349365	0.035036999732255936	-0.3164342939853668	0.4500131607055664	1.815648078918457
2cx_vs_reexplore	39693	635	improved	685	635	0.7183307409286499	0.4156321883201599	0.09954708814620972	0.4156321883201599	0.3160851001739502	1.9762992858886719	0.024087905883789062
2cx_vs_reexplore	14925	652	regressed	652	869	0.4059767425060272	0.603728711605072	0.4059767425060272	0.09076084196567535	-0.3152158856391907	0.38610315322875977	1.8948969841003418
2cx_vs_reexplore	37972	305	improved	307	305	0.44625139236450195	0.509391725063324	0.19465379416942596	0.509391725063324	0.3147379159927368	0.8296599388122559	1.2956509590148926
2cx_vs_reexplore	16881	386	improved	354	386	0.5903785228729248	0.3507591784000397	0.036254554986953735	0.3507591784000397	0.31450462341308594	2.790198802947998	0.42885589599609375
2cx_vs_reexplore	40787	503	improved	505	503	0.528905987739563	0.5761138796806335	0.26215577125549316	0.5761138796806335	0.3139581084251404	0.7018718719482422	0.7356414794921875
2cx_vs_reexplore	43610	499	improved	583	499	0.4246094524860382	0.39428216218948364	0.08056299388408661	0.39428216218948364	0.31371915340423584	1.662130355834961	0.5878205299377441
2cx_vs_reexplore	46260	348	improved	825	348	0.6335058212280273	0.5997650027275085	0.28611451387405396	0.5997650027275085	0.3136504888534546	0.7948770523071289	0.6428003311157227
2cx_vs_reexplore	1364	159	regressed	159	168	0.6582530736923218	0.5061690807342529	0.6582530736923218	0.34516170620918274	-0.31309136748313904	1.0545024871826172	0.3828577995300293
2cx_vs_reexplore	46591	785	improved	638	785	0.21619218587875366	0.4571295976638794	0.14417217671871185	0.4571295976638794	0.31295740604400635	0.40515947341918945	1.6436176300048828
2cx_vs_reexplore	30116	787	regressed	787	577	0.44856980443000793	0.29227346181869507	0.44856980443000793	0.13637663424015045	-0.3121931552886963	1.331681251525879	0.7622694969177246
2cx_vs_reexplore	45593	108	regressed	108	985	0.3605789542198181	0.731255054473877	0.3605789542198181	0.05184635519981384	-0.3087325990200043	0.13507986068725586	2.646477699279785
2cx_vs_reexplore	19340	428	regressed	428	866	0.5622117519378662	0.26163625717163086	0.5622117519378662	0.2549321949481964	-0.3072795569896698	1.755361557006836	0.025957584381103516
2cx_vs_reexplore	29755	970	regressed	970	802	0.4147295355796814	0.577151358127594	0.4147295355796814	0.1075165793299675	-0.3072129487991333	0.5378508567810059	1.6804594993591309
2cx_vs_reexplore	44535	593	regressed	593	784	0.5625618100166321	0.36422139406204224	0.5625618100166321	0.256185382604599	-0.3063764274120331	1.7110991477966309	0.35186052322387695
2cx_vs_reexplore	37587	170	improved	177	170	0.6609352827072144	0.4794669449329376	0.1741008758544922	0.4794669449329376	0.30536606907844543	1.3340210914611816	0.35384130477905273
2cx_vs_reexplore	4183	48	improved	385	48	0.18181739747524261	0.31952109932899475	0.014384826645255089	0.31952109932899475	0.3051362633705139	0.921940803527832	0.7443394660949707
2cx_vs_reexplore	22280	470	improved	818	470	0.12031035870313644	0.36655962467193604	0.06201383098959923	0.36655962467193604	0.3045457899570465	0.662717342376709	1.5311241149902344
2cx_vs_reexplore	17923	818	regressed	818	619	0.6026925444602966	0.6144630312919617	0.6026925444602966	0.2985243797302246	-0.304168164730072	0.6531848907470703	0.7218971252441406
2cx_vs_reexplore	22868	542	improved	696	542	0.6482898592948914	0.5968993306159973	0.29297393560409546	0.5968993306159973	0.30392539501190186	0.7942543029785156	0.6430778503417969
2cx_vs_reexplore	12029	3	regressed	3	2	0.6094371676445007	0.6374170780181885	0.6094371676445007	0.3069990873336792	-0.30243808031082153	0.6445732116699219	0.7305793762207031
2cx_vs_reexplore	49224	64	improved	55	64	0.5832899808883667	0.5354370474815369	0.2332315593957901	0.5354370474815369	0.30220550298690796	0.9166526794433594	0.4899559020996094
2cx_vs_reexplore	34661	872	improved	840	872	0.44460994005203247	0.6033478379249573	0.30136793851852417	0.6033478379249573	0.3019798994064331	0.38886547088623047	1.0489177703857422
2cx_vs_reexplore	42878	603	improved	256	603	0.5218214392662048	0.4255369305610657	0.12478607147932053	0.4255369305610657	0.30075085163116455	1.4307246208190918	0.16338634490966797
2cx_vs_reexplore	40487	885	regressed	885	679	0.46162089705467224	0.3082117438316345	0.46162089705467224	0.16091804206371307	-0.30070286989212036	1.0379977226257324	0.6498918533325195
2cx_vs_reexplore	43275	233	regressed	233	226	0.4904358983039856	0.6022730469703674	0.4904358983039856	0.19033031165599823	-0.30010557174682617	0.5978555679321289	1.1519498825073242
2cx_vs_reexplore	12640	468	improved	654	468	0.6050717234611511	0.47524943947792053	0.17528671026229858	0.47524943947792053	0.29996272921562195	1.2389240264892578	0.6988177299499512
2cx_vs_reexplore	14914	673	regressed	673	710	0.45362451672554016	0.23962201178073883	0.45362451672554016	0.15414299070835114	-0.29948151111602783	1.7110724449157715	0.44118213653564453
2cx_vs_reexplore	22763	80	regressed	80	81	0.43121427297592163	0.7241162657737732	0.43121427297592163	0.13185545802116394	-0.2993588149547577	0.015415191650390625	1.7032456398010254
2cx_vs_reexplore	26002	206	improved	197	206	0.6249614953994751	0.42383909225463867	0.12473805248737335	0.42383909225463867	0.2991010546684265	1.6114740371704102	1.7327876091003418
2cx_vs_reexplore	34099	4	regressed	4	2	0.5660999417304993	0.5235565304756165	0.5660999417304993	0.2678259313106537	-0.2982740104198456	0.9863686561584473	0.6703076362609863
2cx_vs_reexplore	28570	898	regressed	898	899	0.652933657169342	0.5841842889785767	0.652933657169342	0.35509154200553894	-0.2978421151638031	0.8143196105957031	0.49784088134765625
2cx_vs_reexplore	46040	403	regressed	403	895	0.5909618735313416	0.6733640432357788	0.5909618735313416	0.2933109700679779	-0.29765090346336365	0.4822578430175781	0.8310527801513672
2cx_vs_reexplore	14252	361	improved	358	361	0.4249766767024994	0.5007405877113342	0.2033303678035736	0.5007405877113342	0.2974102199077606	0.7372021675109863	0.6062679290771484
2cx_vs_reexplore	10482	99	improved	134	99	0.3106118440628052	0.4182370901107788	0.12085086852312088	0.4182370901107788	0.2973862290382385	0.9439868927001953	1.6499614715576172
2cx_vs_reexplore	33127	253	improved	157	253	0.28614306449890137	0.345950722694397	0.04874628037214279	0.345950722694397	0.2972044348716736	0.034984588623046875	0.8591704368591309
2cx_vs_reexplore	14151	604	regressed	604	438	0.6714248061180115	0.4243626892566681	0.6714248061180115	0.3748968243598938	-0.2965279817581177	1.5634188652038574	0.12393760681152344
2cx_vs_reexplore	34110	872	improved	572	872	0.7179393768310547	0.4963442087173462	0.20004236698150635	0.4963442087173462	0.29630184173583984	1.2778558731079102	0.5035800933837891
2cx_vs_reexplore	28912	610	improved	837	610	0.3890449106693268	0.5599570274353027	0.263925701379776	0.5599570274353027	0.29603132605552673	0.3880271911621094	0.9865264892578125
2cx_vs_reexplore	40550	219	regressed	219	218	0.6358307600021362	0.46984583139419556	0.6358307600021362	0.3399916887283325	-0.2958390712738037	1.2075281143188477	0.3234834671020508
2cx_vs_reexplore	18524	964	regressed	964	931	0.48787620663642883	0.5282061100006104	0.48787620663642883	0.19213394820690155	-0.2957422733306885	0.48868417739868164	1.011293888092041
2cx_vs_reexplore	43543	191	improved	189	191	0.5246945023536682	0.6534131765365601	0.3581027686595917	0.6534131765365601	0.2953104078769684	0.38199615478515625	1.1800761222839355
2cx_vs_reexplore	18685	498	regressed	498	781	0.4839561879634857	0.4929954707622528	0.4839561879634857	0.18900945782661438	-0.29494673013687134	1.7913508415222168	0.9587030410766602
2cx_vs_reexplore	49788	536	regressed	536	780	0.5860931277275085	0.3427330553531647	0.5860931277275085	0.2923171818256378	-0.2937759459018707	1.434309959411621	0.15911245346069336
2cx_vs_reexplore	3631	131	regressed	131	128	0.6162803173065186	0.520796000957489	0.6162803173065186	0.32256045937538147	-0.2937198579311371	1.4593462944030762	0.4790678024291992
2cx_vs_reexplore	19637	652	regressed	652	413	0.45230910181999207	0.6203995943069458	0.45230910181999207	0.15876421332359314	-0.2935448884963989	0.38672351837158203	1.3629436492919922
2cx_vs_reexplore	5819	772	improved	679	772	0.35627683997154236	0.4847411811351776	0.19148114323616028	0.4847411811351776	0.29326003789901733	0.6209187507629395	1.0665783882141113
2cx_vs_reexplore	28424	845	regressed	845	720	0.5986890196800232	0.5122301578521729	0.5986890196800232	0.3055860996246338	-0.2931029200553894	0.8585309982299805	0.5165424346923828
2cx_vs_reexplore	38955	177	improved	227	177	0.38680434226989746	0.5796920657157898	0.28688153624534607	0.5796920657157898	0.2928105294704437	0.29884958267211914	1.57603120803833
2cx_vs_reexplore	34796	468	regressed	468	436	0.5351110100746155	0.4015054404735565	0.5351110100746155	0.24262869358062744	-0.29248231649398804	1.2457966804504395	0.5036888122558594
2cx_vs_reexplore	40393	386	improved	385	386	0.5905082821846008	0.43980497121810913	0.14806760847568512	0.43980497121810913	0.2917373776435852	1.383314609527588	0.33510589599609375
2cx_vs_reexplore	26810	978	regressed	978	472	0.5893241167068481	0.46184295415878296	0.5893241167068481	0.297630250453949	-0.29169386625289917	1.4046721458435059	0.4393730163574219
2cx_vs_reexplore	32580	793	improved	794	793	0.6129670143127441	0.4442000687122345	0.15261200070381165	0.4442000687122345	0.29158806800842285	1.3904123306274414	1.0471153259277344
2cx_vs_reexplore	36759	443	improved	893	443	0.41740158200263977	0.35827454924583435	0.06679495424032211	0.35827454924583435	0.29147958755493164	1.8324213027954102	0.9177613258361816
2cx_vs_reexplore	6129	851	regressed	851	651	0.39784494042396545	0.47677353024482727	0.39784494042396545	0.10690520703792572	-0.2909397482872009	0.6303744316101074	1.147378921508789
2cx_vs_reexplore	8179	883	improved	849	883	0.3793197274208069	0.5862326622009277	0.2964530885219574	0.5862326622009277	0.28977957367897034	0.246490478515625	1.2746777534484863
2cx_vs_reexplore	29956	287	regressed	287	356	0.6006715893745422	0.31150585412979126	0.6006715893745422	0.31093037128448486	-0.2897412180900574	1.0294699668884277	0.0018491744995117188
2cx_vs_reexplore	31563	44	regressed	44	41	0.724861204624176	0.46591994166374207	0.724861204624176	0.43651533126831055	-0.2883458733558655	1.3725242614746094	0.06519031524658203
2cx_vs_reexplore	23237	907	improved	648	907	0.2333182841539383	0.403604120016098	0.11535803973674774	0.403604120016098	0.2882460951805115	0.7043628692626953	1.7133312225341797
2cx_vs_reexplore	753	44	regressed	44	60	0.5973380208015442	0.33703574538230896	0.5973380208015442	0.3092153072357178	-0.2881227135658264	1.6642584800720215	0.086151123046875
2cx_vs_reexplore	49028	399	regressed	399	796	0.48153066635131836	0.6104923486709595	0.48153066635131836	0.1936584860086441	-0.28787219524383545	0.5080227851867676	1.1481695175170898
2cx_vs_reexplore	34056	202	improved	175	202	0.24448932707309723	0.4758407473564148	0.188894122838974	0.4758407473564148	0.2869466245174408	0.25798511505126953	1.2733430862426758
2cx_vs_reexplore	5560	970	regressed	970	672	0.579612672328949	0.4183818995952606	0.579612672328949	0.29397088289260864	-0.28564178943634033	1.8238563537597656	0.35291385650634766
2cx_vs_reexplore	1741	297	regressed	297	234	0.4347951114177704	0.349151611328125	0.4347951114177704	0.14920936524868011	-0.28558576107025146	1.8822531700134277	0.8501558303833008
2cx_vs_reexplore	24672	715	improved	652	715	0.499575674533844	0.5650250315666199	0.2794857919216156	0.5650250315666199	0.2855392396450043	0.5808076858520508	1.0437169075012207
2cx_vs_reexplore	8276	772	improved	949	772	0.511364758014679	0.6040684580802917	0.3199593424797058	0.6040684580802917	0.28410911560058594	0.4688892364501953	1.5621652603149414
2cx_vs_reexplore	34793	150	regressed	150	976	0.48797178268432617	0.3444851338863373	0.48797178268432617	0.20439842343330383	-0.28357335925102234	0.6031408309936523	0.521979808807373
2cx_vs_reexplore	9493	705	regressed	705	565	0.4831294119358063	0.621472179889679	0.4831294119358063	0.1999422162771225	-0.28318721055984497	0.4282393455505371	1.1340627670288086
2cx_vs_reexplore	7433	610	regressed	610	411	0.4003574550151825	0.5339515805244446	0.4003574550151825	0.11769597232341766	-0.282661497592926	0.48810863494873047	1.5122003555297852
2cx_vs_reexplore	19391	436	improved	609	436	0.4170483946800232	0.5321630239486694	0.2495032101869583	0.5321630239486694	0.2826598286628723	0.513730525970459	1.4547090530395508
2cx_vs_reexplore	29248	588	improved	431	588	0.30088159441947937	0.5586243271827698	0.27638018131256104	0.5586243271827698	0.28224414587020874	0.08493947982788086	1.4774360656738281
2cx_vs_reexplore	49962	424	improved	860	424	0.3952479064464569	0.5558934807777405	0.27371102571487427	0.5558934807777405	0.2821824550628662	0.36744022369384766	0.9452486038208008
2cx_vs_reexplore	27334	173	improved	176	173	0.43303635716438293	0.5822673439979553	0.30009958148002625	0.5822673439979553	0.2821677625179291	0.36670732498168945	0.9146413803100586
2cx_vs_reexplore	15504	549	regressed	549	816	0.639912486076355	0.3659727871417999	0.639912486076355	0.3583603501319885	-0.28155213594436646	1.6038217544555664	0.021019935607910156
2cx_vs_reexplore	35028	796	regressed	796	443	0.3606325089931488	0.56879723072052	0.3606325089931488	0.07972068339586258	-0.2809118330478668	0.7226495742797852	1.9649949073791504
2cx_vs_reexplore	30714	207	regressed	207	213	0.5878987312316895	0.41653457283973694	0.5878987312316895	0.3080228567123413	-0.27987587451934814	0.9792594909667969	0.30179548263549805
2cx_vs_reexplore	18759	437	regressed	437	460	0.6825734972953796	0.505577802658081	0.6825734972953796	0.4038759768009186	-0.27869752049446106	1.2755537033081055	0.2245941162109375
2cx_vs_reexplore	9042	252	regressed	252	197	0.43823757767677307	0.3593383729457855	0.43823757767677307	0.1598968356847763	-0.27834075689315796	1.44022798538208	0.8097357749938965
2cx_vs_reexplore	20547	753	regressed	753	223	0.49935972690582275	0.3192332983016968	0.49935972690582275	0.2212238758802414	-0.27813583612442017	0.820439338684082	0.3667469024658203
2cx_vs_reexplore	46112	489	regressed	489	858	0.40198543667793274	0.7177984714508057	0.40198543667793274	0.1260170191526413	-0.27596843242645264	0.009997367858886719	1.739771842956543
2cx_vs_reexplore	8253	884	regressed	884	500	0.34300845861434937	0.7974734306335449	0.34300845861434937	0.0676225945353508	-0.27538585662841797	0.1888866424560547	2.4675064086914062
2cx_vs_reexplore	48398	408	regressed	408	814	0.6282728910446167	0.4724830090999603	0.6282728910446167	0.35293278098106384	-0.27534011006355286	1.1769862174987793	0.29172420501708984
2cx_vs_reexplore	27862	893	regressed	893	709	0.416227787733078	0.1831618696451187	0.416227787733078	0.14184360206127167	-0.27438420057296753	0.931922435760498	0.24470996856689453
2cx_vs_reexplore	44953	640	regressed	640	904	0.40578168630599976	0.18935680389404297	0.40578168630599976	0.13162921369075775	-0.2741524577140808	1.6057467460632324	0.3636441230773926
2cx_vs_reexplore	15008	170	improved	177	170	0.7154569029808044	0.4625907242298126	0.1884627342224121	0.4625907242298126	0.2741279900074005	1.3340210914611816	0.07259082794189453
2cx_vs_reexplore	46555	218	improved	215	218	0.5149977207183838	0.4512726068496704	0.17726987600326538	0.4512726068496704	0.27400273084640503	1.0664892196655273	0.339688777923584
2cx_vs_reexplore	36490	625	regressed	625	628	0.47660547494888306	0.5632724165916443	0.47660547494888306	0.20268605649471283	-0.27391940355300903	0.5090913772583008	1.0221052169799805
2cx_vs_reexplore	33770	644	improved	470	644	0.6424297094345093	0.40533527731895447	0.1314437985420227	0.40533527731895447	0.27389147877693176	1.5866780281066895	0.1635880470275879
2cx_vs_reexplore	1876	214	regressed	214	213	0.5058937668800354	0.3159566819667816	0.5058937668800354	0.23240242898464203	-0.2734913229942322	0.9740357398986816	0.30713462829589844
2cx_vs_reexplore	17690	731	improved	644	731	0.3510112166404724	0.5939447283744812	0.32097893953323364	0.5939447283744812	0.27296578884124756	0.08944272994995117	1.6290559768676758
2cx_vs_reexplore	17818	630	regressed	630	514	0.5481740236282349	0.33710145950317383	0.5481740236282349	0.27530086040496826	-0.2728731632232666	1.3246383666992188	0.20251941680908203
2cx_vs_reexplore	29598	662	regressed	662	754	0.4958919882774353	0.3574359118938446	0.4958919882774353	0.2240123152732849	-0.2718796730041504	0.9699745178222656	0.4672551155090332
2cx_vs_reexplore	15495	489	improved	556	489	0.45547521114349365	0.5194569230079651	0.24881160259246826	0.5194569230079651	0.2706453204154968	0.6046452522277832	1.208796501159668
2cx_vs_reexplore	15740	126	improved	317	126	0.1791268289089203	0.42856937646865845	0.15833233296871185	0.42856937646865845	0.2702370285987854	0.1233978271484375	1.2971577644348145
2cx_vs_reexplore	7292	280	improved	343	280	0.22056157886981964	0.4243360757827759	0.15476050972938538	0.4243360757827759	0.2695755660533905	0.35429811477661133	0.7346391677856445
2cx_vs_reexplore	3262	876	improved	445	876	0.2277955412864685	0.4932610094547272	0.22384464740753174	0.4932610094547272	0.26941636204719543	0.017496109008789062	1.5761313438415527
2cx_vs_reexplore	16072	960	improved	923	960	0.4581041932106018	0.4544566571712494	0.18510954082012177	0.4544566571712494	0.2693471312522888	0.9061489105224609	0.8576469421386719
2cx_vs_reexplore	9219	671	improved	444	671	0.6035881042480469	0.4419364631175995	0.1730290651321411	0.4419364631175995	0.2689073979854584	1.2494325637817383	0.4065399169921875
2cx_vs_reexplore	37778	730	improved	912	730	0.48918402194976807	0.42020541429519653	0.1513935774564743	0.42020541429519653	0.26881182193756104	1.1728558540344238	0.6221027374267578
2cx_vs_reexplore	28546	418	regressed	418	767	0.4936531186103821	0.6682363748550415	0.4936531186103821	0.2254256159067154	-0.2682275176048279	0.35051536560058594	1.0866518020629883
2cx_vs_reexplore	38479	779	improved	874	779	0.4764949679374695	0.5332260131835938	0.2652255892753601	0.5332260131835938	0.26800042390823364	0.58587646484375	1.2270679473876953
2cx_vs_reexplore	22234	709	regressed	709	696	0.4053509533405304	0.1505763828754425	0.4053509533405304	0.13781975209712982	-0.26753121614456177	0.9743351936340332	0.08852386474609375
2cx_vs_reexplore	20608	918	regressed	918	922	0.5221632719039917	0.4348284602165222	0.5221632719039917	0.2549086809158325	-0.2672545909881592	1.0909051895141602	0.5340461730957031
2cx_vs_reexplore	4198	413	regressed	413	465	0.5304816961288452	0.5284673571586609	0.5304816961288452	0.26333722472190857	-0.26714447140693665	0.9283008575439453	0.6965456008911133
2cx_vs_reexplore	44762	515	regressed	515	447	0.5663846731185913	0.34003281593322754	0.5663846731185913	0.3004007041454315	-0.2659839689731598	2.0011916160583496	0.12392473220825195
2cx_vs_reexplore	20027	585	regressed	585	968	0.49983859062194824	0.31571945548057556	0.49983859062194824	0.23518778383731842	-0.264650821685791	1.2527751922607422	0.29446983337402344
2cx_vs_reexplore	7266	159	improved	211	159	0.404788076877594	0.5543925762176514	0.2898388206958771	0.5543925762176514	0.2645537555217743	0.33403873443603516	1.5402026176452637
2cx_vs_reexplore	9427	374	improved	371	374	0.4935857355594635	0.43088486790657043	0.1665494590997696	0.43088486790657043	0.26433539390563965	1.0864043235778809	0.3202385902404785
2cx_vs_reexplore	23506	618	improved	696	618	0.3052281439304352	0.38816365599632263	0.12461766600608826	0.38816365599632263	0.2635459899902344	0.8958091735839844	1.2287845611572266
2cx_vs_reexplore	7731	152	regressed	152	154	0.7007994055747986	0.4407907724380493	0.7007994055747986	0.437692254781723	-0.26310715079307556	1.2117962837219238	0.007054328918457031
2cx_vs_reexplore	6820	707	improved	412	707	0.42182019352912903	0.34287029504776	0.08006560802459717	0.34287029504776	0.26280468702316284	1.2787017822265625	0.2138657569885254
2cx_vs_reexplore	22415	630	improved	514	630	0.3791293799877167	0.4503816068172455	0.18783754110336304	0.4503816068172455	0.26254406571388245	0.7023000717163086	0.578730583190918
2cx_vs_reexplore	42414	415	improved	928	415	0.48554423451423645	0.5890299081802368	0.3265814185142517	0.5890299081802368	0.2624484896659851	0.3965911865234375	0.6662683486938477
2cx_vs_reexplore	6276	735	regressed	735	972	0.3641560971736908	0.2421480268239975	0.3641560971736908	0.10219532251358032	-0.2619607746601105	1.2627358436584473	0.8626632690429688
2cx_vs_reexplore	26044	921	regressed	921	866	0.6494565606117249	0.4562857747077942	0.6494565606117249	0.3882908821105957	-0.26116567850112915	1.2134218215942383	0.16136455535888672
2cx_vs_reexplore	41029	90	improved	88	90	0.6112745404243469	0.5006653666496277	0.2399158626794815	0.5006653666496277	0.2607495188713074	0.9352579116821289	0.22163677215576172
2cx_vs_reexplore	42602	868	improved	591	868	0.676417350769043	0.43610623478889465	0.1755210906267166	0.43610623478889465	0.26058512926101685	1.3490509986877441	0.24462890625
2cx_vs_reexplore	39233	256	improved	244	256	0.4497954547405243	0.577882707118988	0.31733211874961853	0.577882707118988	0.2605505883693695	0.348844051361084	1.2761421203613281
2cx_vs_reexplore	25065	805	regressed	805	518	0.46077266335487366	0.3502490818500519	0.46077266335487366	0.2009277194738388	-0.25984495878219604	0.632042407989502	0.555699348449707
2cx_vs_reexplore	29423	908	regressed	908	405	0.36946967244148254	0.29558688402175903	0.36946967244148254	0.1096968874335289	-0.25977277755737305	0.9896278381347656	0.9912419319152832
2cx_vs_reexplore	35642	436	regressed	436	627	0.536643385887146	0.5112795233726501	0.536643385887146	0.27705222368240356	-0.25959116220474243	1.0433154106140137	0.6127104759216309
2cx_vs_reexplore	3929	443	improved	463	443	0.1232433095574379	0.35315483808517456	0.09366164356470108	0.35315483808517456	0.2594932019710541	0.2744717597961426	1.3819546699523926
2cx_vs_reexplore	42032	646	regressed	646	488	0.3597466051578522	0.6334580183029175	0.3597466051578522	0.10045622289180756	-0.2592903971672058	0.34604597091674805	1.8414716720581055
2cx_vs_reexplore	39140	474	regressed	474	834	0.5933079719543457	0.33920198678970337	0.5933079719543457	0.33475688099861145	-0.25855109095573425	1.6436448097229004	0.01319122314453125
2cx_vs_reexplore	21321	391	regressed	391	394	0.4700687527656555	0.6551066637039185	0.4700687527656555	0.2117253839969635	-0.258343368768692	0.057647705078125	1.1295080184936523
2cx_vs_reexplore	26237	757	improved	497	757	0.24245674908161163	0.34415480494499207	0.08584025502204895	0.34415480494499207	0.2583145499229431	0.699521541595459	0.7112894058227539
2cx_vs_reexplore	36026	716	improved	552	716	0.5879058241844177	0.5925268530845642	0.33425232768058777	0.5925268530845642	0.25827452540397644	0.5646705627441406	0.5601711273193359
2cx_vs_reexplore	30447	186	regressed	186	185	0.6014877557754517	0.35348764061927795	0.6014877557754517	0.3432462811470032	-0.2582414746284485	1.1578397750854492	0.029400348663330078
2cx_vs_reexplore	37382	934	improved	933	934	0.3538801074028015	0.5410686135292053	0.28313565254211426	0.5410686135292053	0.25793296098709106	0.22303199768066406	1.0890884399414062
2cx_vs_reexplore	7224	717	improved	511	717	0.22203929722309113	0.3613288700580597	0.10371895879507065	0.3613288700580597	0.25760990381240845	0.76116943359375	1.2631611824035645
2cx_vs_reexplore	15262	153	improved	204	153	0.12151569873094559	0.3767676055431366	0.1193140521645546	0.3767676055431366	0.2574535608291626	0.018284320831298828	2.1845874786376953
2cx_vs_reexplore	24182	217	regressed	217	195	0.41449427604675293	0.21801342070102692	0.41449427604675293	0.15731090307235718	-0.25718337297439575	1.485757827758789	0.32633256912231445
2cx_vs_reexplore	16035	77	improved	73	77	0.5906752943992615	0.5588101148605347	0.30223166942596436	0.5588101148605347	0.2565784454345703	0.6700725555419922	0.5796718597412109
2cx_vs_reexplore	25056	580	regressed	580	738	0.5472186207771301	0.5130224823951721	0.5472186207771301	0.2923024892807007	-0.25491613149642944	0.6561198234558105	0.562530517578125
2cx_vs_reexplore	10041	209	regressed	209	256	0.3916056454181671	0.4109407365322113	0.3916056454181671	0.13731592893600464	-0.2542897164821625	0.5953149795532227	1.0961647033691406
2cx_vs_reexplore	8255	475	improved	15	475	0.616633951663971	0.4402989447116852	0.1861211210489273	0.4402989447116852	0.2541778087615967	1.1978778839111328	0.14571142196655273
2cx_vs_reexplore	4795	556	regressed	556	787	0.5074418783187866	0.2587229311466217	0.5074418783187866	0.253385454416275	-0.2540564239025116	1.4793753623962402	0.020845890045166016
2cx_vs_reexplore	5355	895	improved	908	895	0.32153746485710144	0.5561702251434326	0.3022288382053375	0.5561702251434326	0.2539413869380951	0.06192970275878906	1.5326924324035645
2cx_vs_reexplore	32625	380	improved	374	380	0.28028902411460876	0.42708227038383484	0.17330609261989594	0.42708227038383484	0.2537761926651001	0.4581737518310547	0.9589462280273438
2cx_vs_reexplore	17363	601	improved	432	601	0.24010445177555084	0.4205181896686554	0.16715410351753235	0.4205181896686554	0.25336408615112305	0.36215782165527344	1.8568053245544434
2cx_vs_reexplore	15748	346	improved	345	346	0.2640714645385742	0.4270676076412201	0.17472727596759796	0.4270676076412201	0.25234031677246094	0.19564056396484375	0.9932174682617188
2cx_vs_reexplore	3833	924	regressed	924	923	0.3247597813606262	0.37302711606025696	0.3247597813606262	0.0724799633026123	-0.2522798180580139	0.20634078979492188	0.312591552734375
2cx_vs_reexplore	47999	67	regressed	67	68	0.4798312187194824	0.49803248047828674	0.4798312187194824	0.2281365841627121	-0.25169461965560913	0.6253046989440918	0.7807207107543945
2cx_vs_reexplore	5664	655	improved	845	655	0.18706336617469788	0.42281749844551086	0.17263507843017578	0.42281749844551086	0.2501824200153351	0.08026742935180664	1.1518864631652832
2cx_vs_reexplore	26921	419	regressed	419	834	0.3459644615650177	0.26207324862480164	0.3459644615650177	0.0957842767238617	-0.250180184841156	0.49364519119262695	1.0065255165100098
2cx_vs_reexplore	26461	451	improved	617	451	0.5252446532249451	0.6048514246940613	0.35520413517951965	0.6048514246940613	0.24964728951454163	0.3911714553833008	0.6714458465576172
2cx_vs_reexplore	10243	198	improved	196	198	0.5392473340034485	0.6441705822944641	0.3947005867958069	0.6441705822944641	0.24946999549865723	0.31204700469970703	0.9384956359863281
2cx_vs_reexplore	12035	213	improved	207	213	0.45313453674316406	0.5875123143196106	0.3384680151939392	0.5875123143196106	0.2490442991256714	0.2917594909667969	0.801795482635498
2cx_vs_reexplore	489	815	improved	74	815	0.40412217378616333	0.44957783818244934	0.2007702887058258	0.44957783818244934	0.24880754947662354	0.5517830848693848	0.4874582290649414
2cx_vs_reexplore	7911	283	improved	285	283	0.632979154586792	0.36002013087272644	0.11160232871770859	0.36002013087272644	0.24841779470443726	1.7354955673217773	0.29604673385620117
2cx_vs_reexplore	28764	698	improved	743	698	0.6208337545394897	0.46774551272392273	0.21955552697181702	0.46774551272392273	0.2481899857521057	1.0394582748413086	0.3350410461425781
2cx_vs_reexplore	28959	4	regressed	4	6	0.4535120129585266	0.48735859990119934	0.4535120129585266	0.20543047785758972	-0.2480815351009369	0.5426645278930664	0.8638925552368164
2cx_vs_reexplore	15804	631	improved	720	631	0.4258400499820709	0.5459310412406921	0.2979198694229126	0.5459310412406921	0.24801117181777954	0.3572392463684082	1.2049560546875
2cx_vs_reexplore	44214	360	improved	103	360	0.46956589818000793	0.5082095861434937	0.26106593012809753	0.5082095861434937	0.24714365601539612	0.5870356559753418	1.2256441116333008
2cx_vs_reexplore	40920	770	regressed	770	630	0.4967179298400879	0.4256332516670227	0.4967179298400879	0.24990613758563995	-0.24681179225444794	1.123948574066162	0.5324926376342773
2cx_vs_reexplore	10297	894	improved	495	894	0.47884950041770935	0.5900694727897644	0.34365734457969666	0.5900694727897644	0.24641212821006775	0.3317413330078125	1.1678099632263184
2cx_vs_reexplore	11025	520	regressed	520	721	0.5137231945991516	0.4025409519672394	0.5137231945991516	0.2673647403717041	-0.2463584542274475	1.1526575088500977	0.4091830253601074
2cx_vs_reexplore	11675	5	improved	65	5	0.31787747144699097	0.4869817793369293	0.240883007645607	0.4869817793369293	0.24609877169132233	0.27735471725463867	0.6969647407531738
2cx_vs_reexplore	41443	697	improved	775	697	0.48674848675727844	0.39408987760543823	0.1484261155128479	0.39408987760543823	0.24566376209259033	1.1876602172851562	0.9058690071105957
2cx_vs_reexplore	49791	592	regressed	592	771	0.3119528591632843	0.3618336021900177	0.3119528591632843	0.06630130857229233	-0.24565154314041138	0.4473609924316406	0.36273622512817383
2cx_vs_reexplore	31678	599	regressed	599	410	0.5718719363212585	0.471316933631897	0.5718719363212585	0.3268877863883972	-0.24498414993286133	0.7585477828979492	0.36591386795043945
2cx_vs_reexplore	11998	440	improved	737	440	0.5690820813179016	0.5734708309173584	0.3286353051662445	0.5734708309173584	0.2448355257511139	0.5490760803222656	0.5135574340820312
2cx_vs_reexplore	47271	647	improved	438	647	0.4095073342323303	0.43278226256370544	0.18806742131710052	0.43278226256370544	0.24471484124660492	0.7781543731689453	0.2529110908508301
2cx_vs_reexplore	9841	665	regressed	665	870	0.27998003363609314	0.23390233516693115	0.27998003363609314	0.03536191210150719	-0.24461811780929565	0.29785680770874023	0.2061471939086914
2cx_vs_reexplore	30216	909	improved	478	909	0.2765530049800873	0.4130317270755768	0.1692805290222168	0.4130317270755768	0.24375119805335999	0.4908452033996582	1.3531136512756348
2cx_vs_reexplore	7586	125	improved	316	125	0.12504896521568298	0.30681532621383667	0.06402885168790817	0.30681532621383667	0.2427864670753479	0.5930171012878418	0.26723718643188477
2cx_vs_reexplore	12718	750	improved	520	750	0.6678821444511414	0.42965930700302124	0.18766845762729645	0.42965930700302124	0.2419908493757248	1.269434928894043	0.10538196563720703
2cx_vs_reexplore	24990	282	regressed	282	285	0.4061341881752014	0.34754613041877747	0.4061341881752014	0.16461732983589172	-0.2415168583393097	0.5333824157714844	0.7472739219665527
2cx_vs_reexplore	9156	639	improved	879	639	0.553486704826355	0.44319429993629456	0.202096089720726	0.44319429993629456	0.24109821021556854	1.0074944496154785	0.5233621597290039
2cx_vs_reexplore	12176	842	regressed	842	433	0.44345229864120483	0.6461453437805176	0.44345229864120483	0.202627032995224	-0.24082526564598083	0.15346622467041016	1.1596574783325195
2cx_vs_reexplore	19275	406	regressed	406	857	0.63338702917099	0.48596441745758057	0.63338702917099	0.39268967509269714	-0.24069735407829285	0.9738664627075195	0.21311569213867188
2cx_vs_reexplore	5838	522	regressed	522	621	0.39097219705581665	0.23077839612960815	0.39097219705581665	0.1503605991601944	-0.24061159789562225	2.266083240509033	0.4284214973449707
2cx_vs_reexplore	26041	181	regressed	181	266	0.3442726135253906	0.4573914706707001	0.3442726135253906	0.10384400933980942	-0.2404285967350006	0.1425013542175293	0.7806119918823242
2cx_vs_reexplore	23204	587	regressed	587	784	0.400588721036911	0.28749844431877136	0.400588721036911	0.16017934679985046	-0.24040937423706055	0.5712904930114746	0.15566396713256836
2cx_vs_reexplore	47958	45	improved	666	45	0.2564021944999695	0.391675740480423	0.151817187666893	0.391675740480423	0.23985855281352997	0.5240702629089355	1.6974067687988281
2cx_vs_reexplore	48531	432	improved	683	432	0.49230074882507324	0.5968188047409058	0.35708144307136536	0.5968188047409058	0.2397373616695404	0.32112598419189453	0.6791563034057617
2cx_vs_reexplore	26924	353	regressed	353	352	0.468631774187088	0.2828184962272644	0.468631774187088	0.2290186583995819	-0.2396131157875061	0.8208775520324707	0.21100187301635742
2cx_vs_reexplore	42750	236	improved	234	236	0.4044187664985657	0.6093927025794983	0.37035325169563293	0.6093927025794983	0.23903945088386536	0.08799362182617188	0.975435733795166
2cx_vs_reexplore	26101	505	improved	827	505	0.6218623518943787	0.45142894983291626	0.21247348189353943	0.45142894983291626	0.23895546793937683	1.073901653289795	0.20727157592773438
2cx_vs_reexplore	12853	283	improved	281	283	0.5699281096458435	0.46800103783607483	0.22905685007572174	0.46800103783607483	0.2389441877603531	0.9115400314331055	0.2131214141845703
2cx_vs_reexplore	1339	462	improved	808	462	0.2703779637813568	0.4252977669239044	0.18678155541419983	0.4252977669239044	0.2385162115097046	0.36988115310668945	0.6924858093261719
2cx_vs_reexplore	2537	272	regressed	272	271	0.4525173008441925	0.5048167705535889	0.4525173008441925	0.21404938399791718	-0.23846791684627533	0.1732473373413086	0.8579888343811035
2cx_vs_reexplore	1416	739	improved	808	739	0.3078887164592743	0.5141007900238037	0.27578088641166687	0.5141007900238037	0.23831990361213684	0.11013174057006836	1.5773553848266602
2cx_vs_reexplore	17006	932	improved	931	932	0.5073269605636597	0.4225686192512512	0.1842852383852005	0.4225686192512512	0.23828338086605072	1.0126709938049316	0.23749065399169922
2cx_vs_reexplore	19913	200	regressed	200	226	0.6441208720207214	0.426739364862442	0.6441208720207214	0.40593045949935913	-0.2381904125213623	1.1059770584106445	0.049991607666015625
2cx_vs_reexplore	47973	500	improved	825	500	0.6800916790962219	0.41806259751319885	0.18030530214309692	0.41806259751319885	0.23775729537010193	1.3275761604309082	0.016501426696777344
2cx_vs_reexplore	25420	708	regressed	708	873	0.4628795087337494	0.30164194107055664	0.4628795087337494	0.22524192929267883	-0.23763757944107056	2.0515809059143066	0.2920656204223633
2cx_vs_reexplore	24200	618	improved	926	618	0.5178267359733582	0.5328976511955261	0.2957688570022583	0.5328976511955261	0.23712879419326782	0.5600624084472656	0.43997669219970703
2cx_vs_reexplore	17939	857	improved	406	857	0.4106009304523468	0.38702112436294556	0.15028083324432373	0.38702112436294556	0.23674029111862183	0.8752031326293945	0.6193652153015137
2cx_vs_reexplore	10560	462	improved	696	462	0.4458656907081604	0.6561928391456604	0.4195016622543335	0.6561928391456604	0.2366911768913269	0.060950279235839844	0.9699811935424805
2cx_vs_reexplore	44635	721	regressed	721	741	0.584753155708313	0.41224902868270874	0.584753155708313	0.3481992185115814	-0.23655393719673157	1.1754860877990723	0.1688528060913086
2cx_vs_reexplore	5502	827	improved	463	827	0.16102810204029083	0.3796052932739258	0.14391005039215088	0.3796052932739258	0.2356952428817749	0.11239051818847656	2.0082321166992188
2cx_vs_reexplore	18809	791	regressed	791	870	0.4451691806316376	0.4137759804725647	0.4451691806316376	0.2096596658229828	-0.23550951480865479	1.07017183303833	0.6798391342163086
2cx_vs_reexplore	15535	350	regressed	350	353	0.5167245268821716	0.5823283195495605	0.5167245268821716	0.28151166439056396	-0.23521286249160767	0.36676979064941406	0.726860523223877
2cx_vs_reexplore	14828	823	improved	720	823	0.31180933117866516	0.43677636981010437	0.2015652358531952	0.43677636981010437	0.23521113395690918	0.15151214599609375	0.4025149345397949
2cx_vs_reexplore	13951	329	improved	65	329	0.2658921778202057	0.451579749584198	0.21657168865203857	0.451579749584198	0.23500806093215942	0.2051692008972168	1.175583839416504
2cx_vs_reexplore	31296	435	improved	896	435	0.6024088859558105	0.390646755695343	0.15609709918498993	0.390646755695343	0.2345496565103531	1.3504581451416016	0.14957809448242188
2cx_vs_reexplore	656	363	improved	106	363	0.41087281703948975	0.26367872953414917	0.029276516288518906	0.26367872953414917	0.23440220952033997	1.9221148490905762	0.6399073600769043
2cx_vs_reexplore	47646	874	regressed	874	829	0.6533339619636536	0.4397580325603485	0.6533339619636536	0.41922643780708313	-0.23410752415657043	1.1406846046447754	0.04781341552734375
2cx_vs_reexplore	18083	194	improved	200	194	0.6730673313140869	0.4156879484653473	0.18175773322582245	0.4156879484653473	0.23393021523952484	1.3091707229614258	0.2847766876220703
2cx_vs_reexplore	29476	676	improved	162	676	0.41078686714172363	0.5258637070655823	0.292105495929718	0.5258637070655823	0.23375821113586426	0.3409595489501953	0.9712095260620117
2cx_vs_reexplore	255	413	improved	764	413	0.5506706833839417	0.5422758460044861	0.3086768090724945	0.5422758460044861	0.23359903693199158	0.5788421630859375	0.2959451675415039
2cx_vs_reexplore	2126	359	improved	454	359	0.1387406438589096	0.3295404314994812	0.09605079144239426	0.3295404314994812	0.23348963260650635	0.1110086441040039	0.7744078636169434
2cx_vs_reexplore	2846	200	improved	202	200	0.4167182445526123	0.5675631165504456	0.3350633978843689	0.5675631165504456	0.23249971866607666	0.21809053421020508	1.6261539459228516
2cx_vs_reexplore	17767	785	regressed	785	464	0.5858479142189026	0.452608197927475	0.5858479142189026	0.3533569276332855	-0.23249098658561707	0.7528696060180664	0.24754810333251953
2cx_vs_reexplore	19434	338	regressed	338	106	0.24066700041294098	0.8044557571411133	0.24066700041294098	0.008441153913736343	-0.23222585022449493	0.005480766296386719	3.7457265853881836
2cx_vs_reexplore	20196	117	improved	608	117	0.32458508014678955	0.2862144410610199	0.054295677691698074	0.2862144410610199	0.23191876709461212	0.8621001243591309	0.3995175361633301
2cx_vs_reexplore	17965	641	regressed	641	543	0.4572449326515198	0.25510045886039734	0.4572449326515198	0.22533659636974335	-0.23190833628177643	1.5009374618530273	0.12406206130981445
2cx_vs_reexplore	28347	598	regressed	598	556	0.42347124218940735	0.2841486632823944	0.42347124218940735	0.19197282195091248	-0.23149842023849487	1.0447654724121094	0.39214372634887695
2cx_vs_reexplore	1435	572	improved	503	572	0.2549086809158325	0.43031734228134155	0.19887441396713257	0.43031734228134155	0.23144292831420898	0.2482318878173828	1.12648344039917
2cx_vs_reexplore	8967	885	improved	584	885	0.3772823214530945	0.4696224331855774	0.23889189958572388	0.4696224331855774	0.23073053359985352	0.4569826126098633	0.5114436149597168
2cx_vs_reexplore	22836	372	improved	370	372	0.4665519595146179	0.3300708532333374	0.09946352243423462	0.3300708532333374	0.23060733079910278	1.5362677574157715	0.23585128784179688
2cx_vs_reexplore	44116	907	regressed	907	966	0.5810828804969788	0.5501740574836731	0.5810828804969788	0.3505185842514038	-0.23056429624557495	0.6117591857910156	0.4508209228515625
2cx_vs_reexplore	23706	730	improved	523	730	0.2727462351322174	0.2806984484195709	0.050206948071718216	0.2806984484195709	0.230491504073143	0.33789825439453125	0.18210554122924805
2cx_vs_reexplore	15721	409	regressed	409	426	0.45459288358688354	0.45436975359916687	0.45459288358688354	0.2243715524673462	-0.23022133111953735	0.8902983665466309	0.7056078910827637
2cx_vs_reexplore	22586	109	improved	6	109	0.3904682695865631	0.5951617360115051	0.3652117848396301	0.5951617360115051	0.229949951171875	0.06686925888061523	1.7458186149597168
2cx_vs_reexplore	1572	827	regressed	827	423	0.3450210690498352	0.1667262464761734	0.3450210690498352	0.11522029340267181	-0.2298007756471634	1.842226505279541	0.3695073127746582
2cx_vs_reexplore	5423	163	improved	168	163	0.4283526539802551	0.6502915024757385	0.4205184876918793	0.6502915024757385	0.22977301478385925	0.01845836639404297	1.106903076171875
2cx_vs_reexplore	47977	588	regressed	588	868	0.6531197428703308	0.4447290301322937	0.6531197428703308	0.4233718514442444	-0.22974789142608643	1.2945771217346191	0.04921436309814453
2cx_vs_reexplore	9058	12	improved	10	12	0.41831567883491516	0.4708525836467743	0.24126803874969482	0.4708525836467743	0.22958454489707947	0.5503277778625488	0.2934103012084961
2cx_vs_reexplore	20081	109	improved	991	109	0.5487982630729675	0.39999428391456604	0.1704447716474533	0.39999428391456604	0.22954951226711273	1.1693196296691895	0.049017906188964844
2cx_vs_reexplore	38849	267	regressed	267	155	0.4974064826965332	0.36370861530303955	0.4974064826965332	0.2680552005767822	-0.22935128211975098	1.1638298034667969	0.3051600456237793
2cx_vs_reexplore	2039	999	improved	700	999	0.5448097586631775	0.5053417086601257	0.2760927081108093	0.5053417086601257	0.2292490005493164	0.6796998977661133	0.3829069137573242
2cx_vs_reexplore	22968	492	improved	754	492	0.11452996730804443	0.2703922688961029	0.041304245591163635	0.2703922688961029	0.22908802330493927	0.35651731491088867	0.6804642677307129
2cx_vs_reexplore	21875	43	improved	39	43	0.2956564426422119	0.5174852013587952	0.2884363830089569	0.5174852013587952	0.22904881834983826	0.024723529815673828	0.7877211570739746
2cx_vs_reexplore	33464	192	improved	186	192	0.4000541865825653	0.4711320996284485	0.24261872470378876	0.4711320996284485	0.22851337492465973	0.5001087188720703	0.5001378059387207
2cx_vs_reexplore	18560	601	improved	775	601	0.3695676624774933	0.26799067854881287	0.039641372859478	0.26799067854881287	0.22834929823875427	1.0744028091430664	0.9333286285400391
2cx_vs_reexplore	36847	568	regressed	568	850	0.5122280120849609	0.5460122227668762	0.5122280120849609	0.28389430046081543	-0.2283337116241455	0.37769031524658203	0.6540393829345703
2cx_vs_reexplore	19642	827	regressed	827	550	0.3161945641040802	0.11565013974905014	0.3161945641040802	0.0879797711968422	-0.2282148003578186	1.1668319702148438	0.03410768508911133
2cx_vs_reexplore	35133	49	improved	50	49	0.2570294141769409	0.4672514796257019	0.23928114771842957	0.4672514796257019	0.22797033190727234	0.07155132293701172	0.5219831466674805
2cx_vs_reexplore	41036	880	regressed	880	972	0.41936033964157104	0.6801590919494629	0.41936033964157104	0.19194816052913666	-0.2274121791124344	0.20398378372192383	1.265101432800293
2cx_vs_reexplore	26034	126	improved	314	126	0.5657444596290588	0.4596065878868103	0.23234975337982178	0.4596065878868103	0.22725683450698853	0.8898987770080566	0.8909077644348145
2cx_vs_reexplore	7826	778	improved	786	778	0.20709764957427979	0.43138667941093445	0.2042199671268463	0.43138667941093445	0.22716671228408813	0.013992786407470703	1.173769474029541
2cx_vs_reexplore	29593	676	improved	162	676	0.4022792875766754	0.42947110533714294	0.20284396409988403	0.42947110533714294	0.2266271412372589	0.6847095489501953	0.4087100028991699
2cx_vs_reexplore	35191	427	improved	653	427	0.3425593376159668	0.5442591905593872	0.31778374314308167	0.5442591905593872	0.22647544741630554	0.0750737190246582	1.2375478744506836
2cx_vs_reexplore	39064	170	improved	177	170	0.5212924480438232	0.45236724615097046	0.22639700770378113	0.45236724615097046	0.22597023844718933	0.8340210914611816	0.5725913047790527
2cx_vs_reexplore	34356	17	improved	14	17	0.44298791885375977	0.32651230692863464	0.10074938088655472	0.32651230692863464	0.22576293349266052	1.4809064865112305	0.3310422897338867
2cx_vs_reexplore	49101	374	regressed	374	368	0.5861037373542786	0.3998366594314575	0.5861037373542786	0.36035266518592834	-0.22575107216835022	1.0519232749938965	0.1039729118347168
2cx_vs_reexplore	39512	14	regressed	14	18	0.26882806420326233	0.18837681412696838	0.26882806420326233	0.04343394190073013	-0.2253941297531128	1.4704437255859375	0.8683738708496094
2cx_vs_reexplore	27085	920	regressed	920	874	0.37865084409713745	0.154241144657135	0.37865084409713745	0.15326626598834991	-0.22538457810878754	1.383293628692627	0.006340503692626953
2cx_vs_reexplore	41762	413	improved	652	413	0.4463132619857788	0.5583347082138062	0.3329685926437378	0.5583347082138062	0.22536611557006836	0.29297304153442383	0.6754436492919922
2cx_vs_reexplore	27844	764	regressed	764	593	0.35046133399009705	0.14644020795822144	0.35046133399009705	0.12529487907886505	-0.225166454911232	1.587564468383789	0.0872507095336914
2cx_vs_reexplore	25102	833	improved	682	833	0.4045659899711609	0.3263535797595978	0.10126744955778122	0.3263535797595978	0.22508612275123596	1.385049819946289	0.8645634651184082
2cx_vs_reexplore	8707	566	improved	819	566	0.3247722089290619	0.512921154499054	0.28796255588531494	0.512921154499054	0.224958598613739	0.12029361724853516	0.9112353324890137
2cx_vs_reexplore	7844	67	improved	58	67	0.13746605813503265	0.34996530413627625	0.12545162439346313	0.34996530413627625	0.2245136797428131	0.05091047286987305	0.8463640213012695
2cx_vs_reexplore	48873	962	improved	923	962	0.34459108114242554	0.3158281445503235	0.0915316566824913	0.3158281445503235	0.2242964804172516	0.8791861534118652	0.1436147689819336
2cx_vs_reexplore	47735	34	improved	360	34	0.290057897567749	0.25144243240356445	0.02715964987874031	0.25144243240356445	0.22428278625011444	1.068615436553955	0.788017749786377
2cx_vs_reexplore	24157	698	improved	406	698	0.42807185649871826	0.4262297749519348	0.20209193229675293	0.4262297749519348	0.22413784265518188	0.7505683898925781	0.43653059005737305
2cx_vs_reexplore	32543	242	improved	243	242	0.4023301303386688	0.620953381061554	0.39741992950439453	0.620953381061554	0.22353345155715942	0.012279510498046875	1.9567084312438965
2cx_vs_reexplore	32098	534	improved	732	534	0.35565516352653503	0.28155797719955444	0.05822029337286949	0.28155797719955444	0.22333768010139465	1.809727668762207	1.0027790069580078
2cx_vs_reexplore	6711	964	improved	961	964	0.5810558795928955	0.5146376490592957	0.2914324700832367	0.5146376490592957	0.22320517897605896	0.6900386810302734	0.4347352981567383
2cx_vs_reexplore	69	584	regressed	584	451	0.47518086433410645	0.308435320854187	0.47518086433410645	0.25281986594200134	-0.2223609983921051	1.92649507522583	0.19883489608764648
2cx_vs_reexplore	21311	699	improved	568	699	0.2803746163845062	0.30676472187042236	0.08469358086585999	0.30676472187042236	0.22207114100456238	1.1970868110656738	0.9595708847045898
2cx_vs_reexplore	37451	584	regressed	584	641	0.3259512782096863	0.10596445202827454	0.3259512782096863	0.10389097779989243	-0.22206029295921326	1.5498619079589844	0.01976156234741211
2cx_vs_reexplore	18140	14	improved	96	14	0.1549368053674698	0.3733257055282593	0.15275847911834717	0.3733257055282593	0.2205672264099121	0.014159202575683594	1.595296859741211
2cx_vs_reexplore	6485	706	regressed	706	762	0.5238962769508362	0.33136793971061707	0.5238962769508362	0.30340248346328735	-0.22049379348754883	0.7555432319641113	0.08816909790039062
2cx_vs_reexplore	27878	648	regressed	648	896	0.5206111669540405	0.30443716049194336	0.5206111669540405	0.3005393147468567	-0.22007185220718384	0.7374267578125	0.01288604736328125
2cx_vs_reexplore	8017	777	improved	499	777	0.5566204786300659	0.5223394632339478	0.3023786246776581	0.5223394632339478	0.21996083855628967	0.610203742980957	0.5147924423217773
2cx_vs_reexplore	10597	265	improved	153	265	0.40069448947906494	0.5330518484115601	0.31332287192344666	0.5330518484115601	0.2197289764881134	0.24596500396728516	1.2506375312805176
2cx_vs_reexplore	25029	480	improved	747	480	0.3019716441631317	0.2547011375427246	0.0350477509200573	0.2547011375427246	0.21965338289737701	2.1536216735839844	0.471527099609375
2cx_vs_reexplore	23079	64	improved	55	64	0.4047718346118927	0.3916250169277191	0.17228858172893524	0.3916250169277191	0.21933643519878387	0.8541526794433594	0.20870590209960938
2cx_vs_reexplore	7842	459	improved	638	459	0.4303821623325348	0.4901253879070282	0.27079248428344727	0.4901253879070282	0.21933290362358093	0.4633207321166992	0.7868137359619141
2cx_vs_reexplore	44754	499	regressed	499	596	0.635204017162323	0.4563837945461273	0.635204017162323	0.41606441140174866	-0.21913960576057434	1.3137855529785156	0.09249401092529297
2cx_vs_reexplore	23241	497	regressed	497	449	0.4136820435523987	0.4054532051086426	0.4136820435523987	0.1947895884513855	-0.21889245510101318	0.7358589172363281	0.7330856323242188
2cx_vs_reexplore	17306	696	regressed	696	806	0.3239787518978119	0.582491397857666	0.3239787518978119	0.10517127066850662	-0.21880748867988586	0.06922101974487305	1.7117242813110352
2cx_vs_reexplore	5160	587	regressed	587	784	0.5686885714530945	0.4742906093597412	0.5686885714530945	0.3500746488571167	-0.21861392259597778	0.6962909698486328	0.30367374420166016
2cx_vs_reexplore	15438	26	improved	119	26	0.7808930277824402	0.23890025913715363	0.020681722089648247	0.23890025913715363	0.21821853518486023	3.4347643852233887	0.11944866180419922
2cx_vs_reexplore	24603	395	improved	389	395	0.42938360571861267	0.5814574360847473	0.3633212745189667	0.5814574360847473	0.21813616156578064	0.16706323623657227	0.8331694602966309
2cx_vs_reexplore	44575	58	regressed	58	53	0.3602341413497925	0.29933521151542664	0.3602341413497925	0.14252164959907532	-0.21771249175071716	0.6014571189880371	0.4489126205444336
2cx_vs_reexplore	11023	579	improved	881	579	0.5856184959411621	0.5494990944862366	0.3318059742450714	0.5494990944862366	0.21769312024116516	0.5681180953979492	0.36919307708740234
2cx_vs_reexplore	21695	173	regressed	173	172	0.4229225516319275	0.46319448947906494	0.4229225516319275	0.2052890956401825	-0.217633455991745	0.27999162673950195	0.813727855682373
2cx_vs_reexplore	30589	734	regressed	734	407	0.48790863156318665	0.599759042263031	0.48790863156318665	0.27051544189453125	-0.2173931896686554	0.20319747924804688	0.796198844909668
2cx_vs_reexplore	4078	977	improved	99	977	0.5012849569320679	0.321431964635849	0.10411600023508072	0.321431964635849	0.21731597185134888	1.571669101715088	0.053200721740722656
2cx_vs_reexplore	14100	650	improved	813	650	0.6312634944915771	0.35064634680747986	0.1333409547805786	0.35064634680747986	0.21730539202690125	1.5548138618469238	0.19541597366333008
2cx_vs_reexplore	13984	385	improved	386	385	0.5010835528373718	0.598613440990448	0.381395548582077	0.598613440990448	0.21721789240837097	0.2729358673095703	0.7898941040039062
2cx_vs_reexplore	20624	971	improved	837	971	0.32254377007484436	0.2993848919868469	0.08229765295982361	0.2993848919868469	0.21708723902702332	1.2328686714172363	1.2279753684997559
2cx_vs_reexplore	30151	469	regressed	469	827	0.2971325218677521	0.15469059348106384	0.2971325218677521	0.08008238673210144	-0.21705013513565063	1.0603852272033691	0.5508332252502441
2cx_vs_reexplore	9910	881	regressed	881	905	0.4423575699329376	0.3177909851074219	0.4423575699329376	0.2255897969007492	-0.21676777303218842	1.0636425018310547	0.34267568588256836
2cx_vs_reexplore	38779	700	regressed	700	731	0.3847207725048065	0.23361057043075562	0.3847207725048065	0.16836780309677124	-0.21635296940803528	0.016219139099121094	0.32750463485717773
2cx_vs_reexplore	2637	813	regressed	813	499	0.16056346893310547	0.39281734824180603	0.16056346893310547	0.3768917918205261	0.21632832288742065	0.05234718322753906	0.04138660430908203
2cx_vs_reexplore	35238	559	regressed	559	756	0.3981436491012573	0.1835915893316269	0.3981436491012573	0.18211127817630768	-0.21603237092494965	0.7418789863586426	0.008095741271972656
2cx_vs_reexplore	28735	195	regressed	195	245	0.6235135197639465	0.4330306947231293	0.6235135197639465	0.40765121579170227	-0.21586230397224426	0.9398484230041504	0.060396671295166016
2cx_vs_reexplore	47052	416	regressed	416	702	0.5513513088226318	0.5253292918205261	0.5513513088226318	0.3356866240501404	-0.21566468477249146	0.708035945892334	0.4478473663330078
2cx_vs_reexplore	39184	329	improved	679	329	0.21397988498210907	0.31824374198913574	0.10288935899734497	0.31824374198913574	0.21535438299179077	0.7004156112670898	0.7189269065856934
2cx_vs_reexplore	25764	806	regressed	806	655	0.5319768190383911	0.5171726942062378	0.5319768190383911	0.3171922564506531	-0.21478456258773804	0.44863033294677734	0.48886871337890625
2cx_vs_reexplore	32848	492	improved	921	492	0.2842614948749542	0.2871587872505188	0.07308034598827362	0.2871587872505188	0.21407844126224518	0.6569075584411621	0.891655445098877
2cx_vs_reexplore	33607	551	improved	712	551	0.5471228361129761	0.35302481055259705	0.13912415504455566	0.35302481055259705	0.21390065550804138	1.3693065643310547	0.34952735900878906
2cx_vs_reexplore	26095	331	improved	330	331	0.5830035209655762	0.5229504108428955	0.3093365728855133	0.5229504108428955	0.2136138379573822	0.633763313293457	0.24089431762695312
2cx_vs_reexplore	3446	787	improved	732	787	0.04997357726097107	0.255793035030365	0.042401671409606934	0.255793035030365	0.21339136362075806	0.164306640625	1.8089404106140137
2cx_vs_reexplore	2843	517	improved	536	517	0.4197387099266052	0.47501999139785767	0.2618815004825592	0.47501999139785767	0.21313849091529846	0.4717402458190918	0.5907392501831055
2cx_vs_reexplore	35564	499	improved	766	499	0.48273080587387085	0.48162028193473816	0.2687849700450897	0.48162028193473816	0.21283531188964844	0.5855474472045898	0.6644392013549805
2cx_vs_reexplore	40808	747	improved	417	747	0.37252089381217957	0.4136430323123932	0.20108744502067566	0.4136430323123932	0.21255558729171753	0.6165533065795898	0.3526120185852051
2cx_vs_reexplore	17270	35	improved	50	35	0.35235124826431274	0.47295936942100525	0.26047438383102417	0.47295936942100525	0.21248498558998108	0.3021240234375	1.7921624183654785
2cx_vs_reexplore	44395	164	regressed	164	151	0.3226940631866455	0.19107261300086975	0.3226940631866455	0.11067672073841095	-0.21201734244823456	0.703798770904541	0.2871122360229492
2cx_vs_reexplore	46940	523	improved	462	523	0.29757851362228394	0.36845824122428894	0.156511589884758	0.36845824122428894	0.21194665133953094	0.6425480842590332	0.45157670974731445
2cx_vs_reexplore	8516	699	improved	558	699	0.6115980744361877	0.4160239100456238	0.2041299194097519	0.4160239100456238	0.2118939906358719	1.0973186492919922	0.1533031463623047
2cx_vs_reexplore	32981	726	regressed	726	637	0.3284493386745453	0.3464069664478302	0.3284493386745453	0.11663311719894409	-0.2118162214756012	0.8488559722900391	1.0885810852050781
2cx_vs_reexplore	13695	513	improved	652	513	0.39579761028289795	0.2780598998069763	0.06650802493095398	0.2780598998069763	0.21155187487602234	1.7835803031921387	0.5286092758178711
2cx_vs_reexplore	23183	33	improved	983	33	0.5919264554977417	0.49220484495162964	0.28065580129623413	0.49220484495162964	0.2115490436553955	0.746253490447998	0.31664466857910156
2cx_vs_reexplore	14612	737	improved	855	737	0.08264770358800888	0.279593825340271	0.06834854930639267	0.279593825340271	0.21124526858329773	0.18996667861938477	1.6881108283996582
2cx_vs_reexplore	15863	561	improved	678	561	0.30553317070007324	0.3017137050628662	0.09047120809555054	0.3017137050628662	0.21124249696731567	1.217026710510254	1.797307014465332
2cx_vs_reexplore	34868	2	improved	4	2	0.6783716082572937	0.3270237147808075	0.11582456529140472	0.3270237147808075	0.21119914948940277	1.7676186561584473	0.043079376220703125
2cx_vs_reexplore	48677	876	improved	733	876	0.42166048288345337	0.33540016412734985	0.12420906871557236	0.33540016412734985	0.2111910879611969	1.2222342491149902	0.2466268539428711
2cx_vs_reexplore	23928	623	improved	813	623	0.35303252935409546	0.48587852716445923	0.27469658851623535	0.48587852716445923	0.21118193864822388	0.25089311599731445	0.967862606048584
2cx_vs_reexplore	35320	788	regressed	788	454	0.4409883916378021	0.3483912944793701	0.4409883916378021	0.2300516664981842	-0.21093672513961792	1.3393826484680176	0.4150223731994629
2cx_vs_reexplore	22123	429	regressed	429	840	0.4134206771850586	0.42367100715637207	0.4134206771850586	0.20256276428699493	-0.21085791289806366	0.2929391860961914	0.7379074096679688
2cx_vs_reexplore	13762	67	improved	49	67	0.2762203812599182	0.3375110924243927	0.1266792118549347	0.3375110924243927	0.210831880569458	0.779541015625	0.22077465057373047
2cx_vs_reexplore	9394	140	regressed	140	139	0.537716269493103	0.5822727084159851	0.537716269493103	0.3269694745540619	-0.21074679493904114	0.36035919189453125	0.5770721435546875
2cx_vs_reexplore	14502	219	regressed	219	218	0.49942654371261597	0.5286062359809875	0.49942654371261597	0.2887353003025055	-0.21069124341011047	0.6137785911560059	0.6047334671020508
2cx_vs_reexplore	8566	165	improved	237	165	0.5404227375984192	0.43101930618286133	0.22044965624809265	0.43101930618286133	0.21056964993476868	0.8966822624206543	0.25897741317749023
2cx_vs_reexplore	35171	362	regressed	362	359	0.27657195925712585	0.5251294374465942	0.27657195925712585	0.06604251265525818	-0.21052944660186768	0.08680295944213867	1.1597709655761719
2cx_vs_reexplore	41097	587	regressed	587	767	0.41003918647766113	0.2560780346393585	0.41003918647766113	0.2001829445362091	-0.20985624194145203	0.6225190162658691	0.24625062942504883
2cx_vs_reexplore	41280	952	regressed	952	868	0.39174818992614746	0.4528253674507141	0.39174818992614746	0.18216624855995178	-0.20958194136619568	0.620607852935791	0.9105868339538574
2cx_vs_reexplore	823	383	regressed	383	853	0.29790008068084717	0.4986165463924408	0.29790008068084717	0.08846525102853775	-0.20943483710289001	0.2501206398010254	1.7292275428771973
2cx_vs_reexplore	19147	208	regressed	208	162	0.3823109567165375	0.3480968177318573	0.3823109567165375	0.17338408529758453	-0.20892687141895294	1.5220046043395996	0.6969714164733887
2cx_vs_reexplore	21906	735	improved	824	735	0.4532885253429413	0.36234766244888306	0.1535947620868683	0.36234766244888306	0.20875290036201477	0.5232806205749512	0.3552207946777344
2cx_vs_reexplore	4185	603	improved	864	603	0.1804899126291275	0.2628016173839569	0.054064828902482986	0.2628016173839569	0.20873679220676422	0.8526320457458496	1.4508485794067383
2cx_vs_reexplore	10396	918	regressed	918	769	0.3398602604866028	0.22607946395874023	0.3398602604866028	0.13118986785411835	-0.20867039263248444	1.9340128898620605	0.5442409515380859
2cx_vs_reexplore	37003	597	improved	726	597	0.19843681156635284	0.35261717438697815	0.14411143958568573	0.35261717438697815	0.20850573480129242	0.3198838233947754	1.1853070259094238
2cx_vs_reexplore	37519	241	regressed	241	240	0.6066553592681885	0.46259605884552	0.6066553592681885	0.3983551263809204	-0.20830023288726807	0.7880535125732422	0.14951038360595703
2cx_vs_reexplore	16927	417	regressed	417	701	0.4912477731704712	0.321419894695282	0.4912477731704712	0.28304824233055115	-0.20819953083992004	1.7168583869934082	0.12713098526000977
2cx_vs_reexplore	29042	784	improved	813	784	0.3661017417907715	0.46182093024253845	0.2540050148963928	0.46182093024253845	0.20781591534614563	0.3655571937561035	1.1556639671325684
2cx_vs_reexplore	40714	831	improved	598	831	0.3632836639881134	0.5609528422355652	0.35323214530944824	0.5609528422355652	0.20772069692611694	0.028058528900146484	1.0970301628112793
2cx_vs_reexplore	22831	304	regressed	304	301	0.6150000691413879	0.41082847118377686	0.6150000691413879	0.40733078122138977	-0.20766928791999817	0.9287405014038086	0.008550167083740234
2cx_vs_reexplore	3990	750	regressed	750	39	0.3355472683906555	0.31693822145462036	0.3355472683906555	0.12788723409175873	-0.2076600342988968	2.1550769805908203	0.9075579643249512
2cx_vs_reexplore	45546	568	improved	501	568	0.25348445773124695	0.35285401344299316	0.14535227417945862	0.35285401344299316	0.20750173926353455	0.5561423301696777	0.25606250762939453
2cx_vs_reexplore	4593	306	improved	302	306	0.32902178168296814	0.4930570423603058	0.28567445278167725	0.4930570423603058	0.20738258957862854	0.14127111434936523	0.8269648551940918
2cx_vs_reexplore	36169	715	improved	870	715	0.19326888024806976	0.290466845035553	0.08351068198680878	0.290466845035553	0.2069561630487442	0.44771718978881836	0.7233643531799316
2cx_vs_reexplore	20494	478	improved	709	478	0.34406203031539917	0.4726007878780365	0.26584821939468384	0.4726007878780365	0.20675256848335266	0.25789642333984375	0.6795859336853027
2cx_vs_reexplore	38348	797	improved	841	797	0.3009561598300934	0.45252901315689087	0.24602550268173218	0.45252901315689087	0.2065035104751587	0.20152950286865234	1.1739082336425781
2cx_vs_reexplore	46885	807	improved	811	807	0.3722900450229645	0.4148145020008087	0.2083176076412201	0.4148145020008087	0.20649689435958862	0.5806093215942383	0.26314592361450195
2cx_vs_reexplore	45309	623	improved	777	623	0.23441368341445923	0.42776986956596375	0.22140535712242126	0.42776986956596375	0.20636451244354248	0.05709218978881836	1.0679330825805664
2cx_vs_reexplore	13369	75	regressed	75	77	0.5791917443275452	0.4327501058578491	0.5791917443275452	0.37296390533447266	-0.2062278389930725	1.2574505805969238	0.14867877960205078
2cx_vs_reexplore	16829	555	improved	407	555	0.5153210163116455	0.4090893566608429	0.20305415987968445	0.4090893566608429	0.20603519678115845	0.9313173294067383	0.19330644607543945
2cx_vs_reexplore	11508	872	regressed	872	608	0.5370631814002991	0.5314148664474487	0.5370631814002991	0.3313792645931244	-0.20568391680717468	0.5901622772216797	0.47227954864501953
2cx_vs_reexplore	39816	195	improved	179	195	0.24750156700611115	0.24020390212535858	0.03506624698638916	0.24020390212535858	0.20513765513896942	0.0010881423950195312	0.1705021858215332
2cx_vs_reexplore	30003	725	regressed	725	494	0.4567028284072876	0.3555773198604584	0.4567028284072876	0.25198617577552795	-0.20471665263175964	1.092841625213623	0.34436845779418945
2cx_vs_reexplore	25157	440	improved	427	440	0.26972696185112	0.2564947307109833	0.051837753504514694	0.2564947307109833	0.20465697348117828	0.5611133575439453	0.1942458152770996
2cx_vs_reexplore	29244	386	regressed	386	101	0.5415575504302979	0.4112814664840698	0.5415575504302979	0.33690744638442993	-0.20465010404586792	0.6444082260131836	0.19946956634521484
2cx_vs_reexplore	10936	929	regressed	929	212	0.24279139935970306	0.7170207500457764	0.24279139935970306	0.038510389626026154	-0.2042810022830963	0.29508543014526367	2.9241766929626465
2cx_vs_reexplore	10974	899	improved	968	899	0.2912505567073822	0.45260825753211975	0.2484404295682907	0.45260825753211975	0.20416782796382904	0.1589808464050293	0.23527050018310547
2cx_vs_reexplore	41971	213	regressed	213	220	0.5080153346061707	0.35562747716903687	0.5080153346061707	0.30387869477272034	-0.20413663983345032	1.0620512962341309	0.1572551727294922
2cx_vs_reexplore	43606	374	improved	371	374	0.30611392855644226	0.4594081938266754	0.25564828515052795	0.4594081938266754	0.20375990867614746	0.18015480041503906	0.5702390670776367
2cx_vs_reexplore	43052	813	improved	923	813	0.426897257566452	0.43024468421936035	0.22658726572990417	0.43024468421936035	0.20365741848945618	0.6334133148193359	0.7731409072875977
2cx_vs_reexplore	33605	463	improved	738	463	0.549367368221283	0.5727342367172241	0.36916384100914	0.5727342367172241	0.2035703957080841	0.39752674102783203	0.5400524139404297
2cx_vs_reexplore	27505	993	improved	947	993	0.28117984533309937	0.479556143283844	0.2761760950088501	0.479556143283844	0.2033800482749939	0.017955780029296875	0.8607182502746582
2cx_vs_reexplore	10724	240	improved	241	240	0.43890929222106934	0.5535896420478821	0.3502822518348694	0.5535896420478821	0.2033073902130127	0.2255535125732422	0.712010383605957
2cx_vs_reexplore	46452	610	regressed	610	443	0.48738062381744385	0.4158753454685211	0.48738062381744385	0.2841390371322632	-0.20324158668518066	1.0529494285583496	0.3809218406677246
2cx_vs_reexplore	8234	917	regressed	917	611	0.36694419384002686	0.3276377320289612	0.36694419384002686	0.16429153084754944	-0.20265266299247742	1.246713638305664	0.6902661323547363
2cx_vs_reexplore	13522	898	improved	899	898	0.5967946648597717	0.5651368498802185	0.36263352632522583	0.5651368498802185	0.20250332355499268	0.4981803894042969	0.37715911865234375
2cx_vs_reexplore	4994	718	regressed	718	694	0.2744171619415283	0.20296376943588257	0.2744171619415283	0.07212433218955994	-0.20229282975196838	0.9225382804870605	0.1757345199584961
2cx_vs_reexplore	1241	352	regressed	352	276	0.24298296868801117	0.27840298414230347	0.24298296868801117	0.04080524668097496	-0.2021777182817459	0.5541224479675293	1.8547477722167969
2cx_vs_reexplore	48194	519	improved	478	519	0.44996246695518494	0.553149938583374	0.3511061668395996	0.553149938583374	0.20204377174377441	0.2480754852294922	0.6893792152404785
2cx_vs_reexplore	31442	923	regressed	923	618	0.30836737155914307	0.45845896005630493	0.30836737155914307	0.10642572492361069	-0.20194163918495178	0.4532804489135742	1.460423469543457
2cx_vs_reexplore	37522	353	improved	350	353	0.2484578788280487	0.4437727630138397	0.2428036481142044	0.4437727630138397	0.20096911489963531	0.023020267486572266	1.0706100463867188
2cx_vs_reexplore	39368	131	regressed	131	128	0.4344768524169922	0.3657757043838501	0.4344768524169922	0.23373842239379883	-0.20073843002319336	1.0843462944030762	0.4478178024291992
2cx_vs_reexplore	15537	58	improved	30	58	0.4175386428833008	0.4310270845890045	0.23041000962257385	0.4310270845890045	0.20061707496643066	0.5945167541503906	0.8112502098083496
2cx_vs_reexplore	41410	478	regressed	478	412	0.29161253571510315	0.25234317779541016	0.29161253571510315	0.09107138216495514	-0.200541153550148	0.4494357109069824	0.8094229698181152
2cx_vs_reexplore	40896	847	improved	586	847	0.5028749108314514	0.566448450088501	0.3661026656627655	0.566448450088501	0.20034578442573547	0.3174276351928711	0.7150721549987793
2cx_vs_reexplore	35559	658	regressed	658	533	0.3168913722038269	0.3234483003616333	0.3168913722038269	0.11663015931844711	-0.2002612054347992	0.230377197265625	1.020031452178955
2cx_vs_reexplore	25489	750	regressed	750	797	0.29527178406715393	0.14472459256649017	0.29527178406715393	0.09516308456659317	-0.20010870695114136	1.1510648727416992	0.22616052627563477
2cx_vs_reexplore	17068	913	improved	665	913	0.22220776975154877	0.354292094707489	0.15426304936408997	0.354292094707489	0.20002904534339905	0.36495351791381836	1.3879284858703613
2cx_vs_reexplore	29603	194	improved	155	194	0.27058130502700806	0.36804795265197754	0.16812634468078613	0.36804795265197754	0.1999216079711914	0.11424398422241211	1.3056716918945312
2cx_vs_reexplore	28481	759	improved	872	759	0.13782669603824615	0.33136969804763794	0.1316196769475937	0.33136969804763794	0.19975002110004425	0.046080589294433594	1.6207232475280762
2cx_vs_reexplore	1172	442	improved	663	442	0.4551817774772644	0.44442182779312134	0.2449127584695816	0.44442182779312134	0.19950906932353973	0.6197948455810547	0.5676307678222656
2cx_vs_reexplore	4192	502	regressed	502	665	0.2846018373966217	0.09949126839637756	0.2846018373966217	0.08563312888145447	-0.19896870851516724	1.6314654350280762	0.14999771118164062
2cx_vs_reexplore	18894	795	regressed	795	788	0.6006624698638916	0.4193192422389984	0.6006624698638916	0.402172327041626	-0.19849014282226562	1.114668846130371	0.041751861572265625
2cx_vs_reexplore	16872	893	improved	748	893	0.513589084148407	0.5641910433769226	0.365823894739151	0.5641910433769226	0.1983671486377716	0.33927154541015625	0.5356979370117188
2cx_vs_reexplore	11258	563	regressed	563	418	0.5952550172805786	0.5223346948623657	0.5952550172805786	0.39705345034599304	-0.19820156693458557	0.7263422012329102	0.27423763275146484
2cx_vs_reexplore	36565	58	improved	53	58	0.4420519769191742	0.5674328207969666	0.3693091571331024	0.5674328207969666	0.19812366366386414	0.1797933578491211	0.820429801940918
2cx_vs_reexplore	7188	450	improved	802	450	0.45070064067840576	0.5424957275390625	0.344500869512558	0.5424957275390625	0.19799485802650452	0.2687067985534668	0.700477123260498
2cx_vs_reexplore	3852	784	improved	760	784	0.3013930916786194	0.3468173146247864	0.1499258577823639	0.3468173146247864	0.19689145684242249	0.6982746124267578	0.770449161529541
2cx_vs_reexplore	9777	210	improved	158	210	0.18290655314922333	0.34164756536483765	0.1447892040014267	0.34164756536483765	0.19685836136341095	0.20425176620483398	0.6104817390441895
2cx_vs_reexplore	42600	237	improved	253	237	0.5793939232826233	0.3635459542274475	0.16693077981472015	0.3635459542274475	0.19661517441272736	1.24440336227417	0.25633764266967773
2cx_vs_reexplore	46391	189	regressed	189	191	0.30791646242141724	0.4105692505836487	0.30791646242141724	0.11132663488388062	-0.19658982753753662	0.03824615478515625	1.0602049827575684
2cx_vs_reexplore	32954	710	regressed	710	626	0.254507452249527	0.32964637875556946	0.254507452249527	0.058571502566337585	-0.1959359496831894	0.8852028846740723	0.8006868362426758
2cx_vs_reexplore	11627	445	regressed	445	433	0.45260509848594666	0.5853034853935242	0.45260509848594666	0.2570532262325287	-0.19555187225341797	0.39583492279052734	0.8228473663330078
2cx_vs_reexplore	46204	798	regressed	798	769	0.597588062286377	0.4379151463508606	0.597588062286377	0.40208813548088074	-0.19549992680549622	0.7271194458007812	0.08535385131835938
2cx_vs_reexplore	23075	162	regressed	162	161	0.37121838331222534	0.510963499546051	0.37121838331222534	0.17575900256633759	-0.19545938074588776	0.6198115348815918	1.0671844482421875
2cx_vs_reexplore	35611	413	improved	730	413	0.24958720803260803	0.253354012966156	0.058419011533260345	0.253354012966156	0.19493499398231506	1.1591944694519043	0.6084451675415039
2cx_vs_reexplore	4257	185	improved	186	185	0.5179887413978577	0.4892567992210388	0.29467225074768066	0.4892567992210388	0.19458454847335815	0.5640897750854492	0.3731508255004883
2cx_vs_reexplore	39485	411	improved	775	411	0.4899943470954895	0.3063361644744873	0.11198575049638748	0.3063361644744873	0.19435042142868042	1.4760222434997559	0.05473470687866211
2cx_vs_reexplore	34708	539	improved	774	539	0.4239281117916107	0.5811063051223755	0.3869580626487732	0.5811063051223755	0.1941482424736023	0.09124755859375	0.6902828216552734
2cx_vs_reexplore	29750	170	improved	463	170	0.4514846205711365	0.2708137333393097	0.0768575668334961	0.2708137333393097	0.1939561665058136	1.77058744430542	0.3859844207763672
2cx_vs_reexplore	8718	315	regressed	315	320	0.2554253339767456	0.38650938868522644	0.2554253339767456	0.06158694997429848	-0.19383838772773743	0.7888212203979492	1.0715980529785156
2cx_vs_reexplore	31720	368	regressed	368	384	0.47158166766166687	0.3295583724975586	0.47158166766166687	0.27817457914352417	-0.1934070885181427	1.0807933807373047	0.16950464248657227
2cx_vs_reexplore	36589	498	regressed	498	781	0.21112872660160065	0.6982541680335999	0.21112872660160065	0.018217453733086586	-0.1929112672805786	0.982506275177002	3.64620304107666
2cx_vs_reexplore	46173	761	improved	754	761	0.18855492770671844	0.3806011974811554	0.1877005696296692	0.3806011974811554	0.1929006278514862	0.0045413970947265625	0.7771282196044922
2cx_vs_reexplore	44237	572	regressed	572	899	0.32682332396507263	0.3179713189601898	0.32682332396507263	0.1345706433057785	-0.19225268065929413	0.7649068832397461	0.8598718643188477
2cx_vs_reexplore	29888	316	regressed	316	125	0.2649601697921753	0.21077869832515717	0.2649601697921753	0.07380930334329605	-0.19115087389945984	1.6939549446105957	0.9331889152526855
2cx_vs_reexplore	32621	572	regressed	572	441	0.3627006709575653	0.36080029606819153	0.3627006709575653	0.1717739850282669	-0.1909266859292984	0.7582502365112305	0.7421450614929199
2cx_vs_reexplore	11077	492	regressed	492	362	0.4239443838596344	0.47488638758659363	0.4239443838596344	0.23335213959217072	-0.19059224426746368	0.19545984268188477	0.7105269432067871
2cx_vs_reexplore	31063	751	improved	573	751	0.5344384908676147	0.3547307550907135	0.164582759141922	0.3547307550907135	0.1901479959487915	1.1778030395507812	0.10357904434204102
2cx_vs_reexplore	45006	227	regressed	227	205	0.30432090163230896	0.11773268133401871	0.30432090163230896	0.11459217220544815	-0.1897287368774414	1.023787498474121	0.02703714370727539
2cx_vs_reexplore	38175	841	improved	865	841	0.15612982213497162	0.32932576537132263	0.13987082242965698	0.32932576537132263	0.18945494294166565	0.10615825653076172	1.2455458641052246
2cx_vs_reexplore	10181	596	improved	499	596	0.3390485644340515	0.3704269230365753	0.18124647438526154	0.3704269230365753	0.18918044865131378	0.6262855529785156	0.49874401092529297
2cx_vs_reexplore	14075	658	regressed	658	806	0.6050800085067749	0.4302631914615631	0.6050800085067749	0.4162715971469879	-0.188808411359787	0.8423910140991211	0.033059120178222656
2cx_vs_reexplore	29463	250	improved	249	250	0.5981264710426331	0.4237772524356842	0.23499378561973572	0.4237772524356842	0.1887834668159485	0.9342432022094727	0.3779616355895996
2cx_vs_reexplore	8877	76	regressed	76	77	0.3674399256706238	0.26330000162124634	0.3674399256706238	0.17881746590137482	-0.18862245976924896	0.5504651069641113	0.3869285583496094
2cx_vs_reexplore	47367	841	improved	610	841	0.36694860458374023	0.5366055965423584	0.34802448749542236	0.5366055965423584	0.18858110904693604	0.052948951721191406	0.9468770027160645
2cx_vs_reexplore	41667	893	improved	748	893	0.4490024149417877	0.37655603885650635	0.1880122572183609	0.37655603885650635	0.18854378163814545	0.870521068572998	0.16069793701171875
2cx_vs_reexplore	16698	473	regressed	473	844	0.2931346893310547	0.4350219666957855	0.2931346893310547	0.10516012459993362	-0.18797457218170166	0.2987494468688965	1.419912338256836
2cx_vs_reexplore	23351	888	improved	821	888	0.492867112159729	0.3860589563846588	0.19822701811790466	0.3860589563846588	0.18783193826675415	0.9108266830444336	0.24513578414916992
2cx_vs_reexplore	22949	39	improved	46	39	0.43987730145454407	0.5469629168510437	0.35959890484809875	0.5469629168510437	0.18736401200294495	0.2015066146850586	0.7359294891357422
2cx_vs_reexplore	29677	406	improved	687	406	0.4471181035041809	0.4325047731399536	0.2451961487531662	0.4325047731399536	0.18730862438678741	0.600764274597168	0.587038516998291
2cx_vs_reexplore	26081	999	regressed	999	700	0.3462066054344177	0.4160206913948059	0.3462066054344177	0.1591571420431137	-0.18704946339130402	0.07030010223388672	0.9608430862426758
2cx_vs_reexplore	43618	568	improved	368	568	0.5034841895103455	0.37530723214149475	0.18857236206531525	0.37530723214149475	0.1867348700761795	0.9820704460144043	0.23646116256713867
2cx_vs_reexplore	37017	596	improved	996	596	0.08800534158945084	0.25843337178230286	0.07185986638069153	0.25843337178230286	0.18657350540161133	0.16451597213745117	1.399205207824707
2cx_vs_reexplore	28689	935	improved	938	935	0.46898153424263	0.34631240367889404	0.15996769070625305	0.34631240367889404	0.186344712972641	1.0755915641784668	0.11265420913696289
2cx_vs_reexplore	39445	660	improved	705	660	0.47840169072151184	0.5005875825881958	0.3144087493419647	0.5005875825881958	0.18617883324623108	0.4197568893432617	0.3614692687988281
2cx_vs_reexplore	47779	731	improved	710	731	0.28586438298225403	0.41334712505340576	0.22760242223739624	0.41334712505340576	0.18574470281600952	0.22791719436645508	0.6470284461975098
2cx_vs_reexplore	42308	618	improved	474	618	0.33906686305999756	0.29290276765823364	0.10720771551132202	0.29290276765823364	0.18569505214691162	0.9255132675170898	0.6350345611572266
2cx_vs_reexplore	9805	162	improved	539	162	0.19830769300460815	0.32666078209877014	0.1410205364227295	0.32666078209877014	0.18564024567604065	0.340914249420166	1.1515650749206543
2cx_vs_reexplore	41666	452	improved	911	452	0.376142293214798	0.27468279004096985	0.08919600397348404	0.27468279004096985	0.1854867935180664	0.9397964477539062	0.029527664184570312
2cx_vs_reexplore	18644	77	improved	73	77	0.39500102400779724	0.5397459268569946	0.3547152280807495	0.5397459268569946	0.18503069877624512	0.10757303237915039	0.8296713829040527
2cx_vs_reexplore	36438	35	regressed	35	36	0.4826413094997406	0.32711291313171387	0.4826413094997406	0.29787492752075195	-0.18476638197898865	0.4050436019897461	0.09363174438476562
2cx_vs_reexplore	29855	569	improved	595	569	0.24793529510498047	0.3928534984588623	0.20814675092697144	0.3928534984588623	0.18470674753189087	0.17492437362670898	0.7937135696411133
2cx_vs_reexplore	14152	231	improved	230	231	0.6072046160697937	0.4440649151802063	0.25966909527778625	0.4440649151802063	0.18439581990242004	0.8494577407836914	0.18148040771484375
2cx_vs_reexplore	15309	895	regressed	895	908	0.37477803230285645	0.29513758420944214	0.37477803230285645	0.19083012640476227	-0.18394790589809418	0.6255702972412109	0.43605804443359375
2cx_vs_reexplore	37874	40	regressed	40	46	0.5492787957191467	0.49000972509384155	0.5492787957191467	0.3653506338596344	-0.18392816185951233	0.4560260772705078	0.2935676574707031
2cx_vs_reexplore	4045	591	regressed	591	728	0.6010077595710754	0.44700250029563904	0.6010077595710754	0.4172004461288452	-0.18380731344223022	0.9306373596191406	0.06899738311767578
2cx_vs_reexplore	38055	531	improved	464	531	0.5292544960975647	0.34526392817497253	0.1614711582660675	0.34526392817497253	0.18379276990890503	1.1871428489685059	0.12501287460327148
2cx_vs_reexplore	11483	423	improved	675	423	0.317776083946228	0.3340682089328766	0.15040577948093414	0.3340682089328766	0.18366242945194244	0.7480101585388184	0.6891989707946777
2cx_vs_reexplore	15169	648	regressed	648	794	0.3641495704650879	0.5934484601020813	0.3641495704650879	0.18053120374679565	-0.18361836671829224	0.060558319091796875	1.190046787261963
2cx_vs_reexplore	24886	514	improved	518	514	0.3647323250770569	0.2453148514032364	0.06175524368882179	0.2453148514032364	0.1835596114397049	1.1551799774169922	0.7544560432434082
2cx_vs_reexplore	20371	608	improved	697	608	0.24233897030353546	0.2362596094608307	0.05275695025920868	0.2362596094608307	0.183502659201622	0.9440608024597168	0.006284236907958984
2cx_vs_reexplore	47780	471	improved	920	471	0.4002782702445984	0.5099714994430542	0.3268032371997833	0.5099714994430542	0.18316826224327087	0.20280170440673828	0.6710758209228516
2cx_vs_reexplore	18827	225	improved	235	225	0.5585511922836304	0.35095319151878357	0.1679932177066803	0.35095319151878357	0.18295997381210327	1.2014226913452148	0.11101770401000977
2cx_vs_reexplore	8954	714	improved	402	714	0.37635353207588196	0.5190848708152771	0.33647850155830383	0.5190848708152771	0.18260636925697327	0.11199474334716797	0.6068143844604492
2cx_vs_reexplore	18253	179	improved	182	179	0.5547351241111755	0.31068551540374756	0.12844642996788025	0.31068551540374756	0.1822390854358673	1.4629788398742676	0.2872295379638672
2cx_vs_reexplore	3795	999	improved	807	999	0.2124512791633606	0.23774777352809906	0.055575426667928696	0.23774777352809906	0.18217234313488007	0.6531310081481934	0.9373345375061035
2cx_vs_reexplore	33520	587	regressed	587	778	0.23835037648677826	0.08498463779687881	0.23835037648677826	0.05624938756227493	-0.18210098147392273	0.42058420181274414	0.26787328720092773
2cx_vs_reexplore	22664	201	regressed	201	187	0.36486315727233887	0.46484315395355225	0.36486315727233887	0.18297497928142548	-0.1818881779909134	0.13017940521240234	0.9323506355285645
2cx_vs_reexplore	7050	892	regressed	892	409	0.4740515649318695	0.5544865727424622	0.4740515649318695	0.29223698377609253	-0.18181458115577698	0.26595163345336914	0.6404776573181152
2cx_vs_reexplore	46873	469	regressed	469	634	0.3762155771255493	0.2711281478404999	0.3762155771255493	0.19441302120685577	-0.18180255591869354	0.7923398017883301	0.33260679244995117
2cx_vs_reexplore	37023	469	improved	876	469	0.3618205487728119	0.37766245007514954	0.19588647782802582	0.37766245007514954	0.18177597224712372	0.3423466682434082	0.823878288269043
2cx_vs_reexplore	44109	644	regressed	644	470	0.4552328288555145	0.6123191118240356	0.4552328288555145	0.2737160325050354	-0.18151679635047913	0.13207244873046875	0.8051624298095703
2cx_vs_reexplore	39608	509	regressed	509	692	0.4284464418888092	0.35146474838256836	0.4284464418888092	0.2469315528869629	-0.1815148890018463	0.8660802841186523	0.3529982566833496
2cx_vs_reexplore	47953	248	improved	249	248	0.5874302387237549	0.4051499664783478	0.2237568497657776	0.4051499664783478	0.1813931167125702	0.9651975631713867	0.34696483612060547
2cx_vs_reexplore	13246	843	regressed	843	733	0.566573441028595	0.40988168120384216	0.566573441028595	0.3855031132698059	-0.18107032775878906	0.6574382781982422	0.06131935119628906
2cx_vs_reexplore	41218	893	improved	748	893	0.37347152829170227	0.48238125443458557	0.3014397621154785	0.48238125443458557	0.18094149231910706	0.21427154541015625	0.5981979370117188
2cx_vs_reexplore	12104	78	improved	302	78	0.3842797875404358	0.5465999841690063	0.3657763600349426	0.5465999841690063	0.18082362413406372	0.04934883117675781	0.9195661544799805
2cx_vs_reexplore	30950	860	improved	498	860	0.4895133376121521	0.3566615581512451	0.17620010673999786	0.3566615581512451	0.18046145141124725	1.0217914581298828	0.41550397872924805
2cx_vs_reexplore	2441	509	regressed	509	737	0.263473778963089	0.30761680006980896	0.263473778963089	0.08304861932992935	-0.18042516708374023	0.3783426284790039	1.3094286918640137
2cx_vs_reexplore	15530	56	improved	60	56	0.29248422384262085	0.46539929509162903	0.2851369380950928	0.46539929509162903	0.18026235699653625	0.02544116973876953	0.755457878112793
2cx_vs_reexplore	48023	68	improved	66	68	0.1214737519621849	0.296029657125473	0.11582222580909729	0.296029657125473	0.18020743131637573	0.030029773712158203	0.3901329040527344
2cx_vs_reexplore	34851	600	improved	488	600	0.21030645072460175	0.273963987827301	0.09383027255535126	0.273963987827301	0.18013371527194977	0.3249850273132324	0.2989053726196289
2cx_vs_reexplore	3195	677	improved	448	677	0.1590283215045929	0.33854666352272034	0.1585109382867813	0.33854666352272034	0.18003572523593903	0.0032587051391601562	0.9649829864501953
2cx_vs_reexplore	25584	848	regressed	848	481	0.40480121970176697	0.41475552320480347	0.40480121970176697	0.22496414184570312	-0.17983707785606384	0.2325897216796875	0.611748218536377
2cx_vs_reexplore	7841	193	improved	187	193	0.41602468490600586	0.3580573797225952	0.17835229635238647	0.3580573797225952	0.17970508337020874	0.8469839096069336	0.15325498580932617
2cx_vs_reexplore	38782	373	regressed	373	371	0.36897343397140503	0.27826711535453796	0.36897343397140503	0.18936404585838318	-0.17960938811302185	0.5212588310241699	0.38491010665893555
2cx_vs_reexplore	32468	567	regressed	567	940	0.40830618143081665	0.32327163219451904	0.40830618143081665	0.22875511646270752	-0.17955106496810913	0.7794699668884277	0.3458409309387207
2cx_vs_reexplore	374	809	improved	551	809	0.40279534459114075	0.3421801030635834	0.16265365481376648	0.3421801030635834	0.1795264482498169	0.9068055152893066	0.530609130859375
2cx_vs_reexplore	9785	519	regressed	519	491	0.5780219435691833	0.43740376830101013	0.5780219435691833	0.39868512749671936	-0.179336816072464	1.0636558532714844	0.09268474578857422
2cx_vs_reexplore	41062	623	improved	418	623	0.4300815463066101	0.3072236478328705	0.12827157974243164	0.3072236478328705	0.17895206809043884	0.42990732192993164	0.0016484260559082031
2cx_vs_reexplore	48004	710	regressed	710	711	0.331933856010437	0.1640155166387558	0.331933856010437	0.15311478078365326	-0.17881907522678375	1.1810555458068848	0.003883838653564453
2cx_vs_reexplore	45096	824	regressed	824	474	0.3931005001068115	0.27759480476379395	0.3931005001068115	0.2145547717809677	-0.1785457283258438	0.8182306289672852	0.2575974464416504
2cx_vs_reexplore	699	494	regressed	494	442	0.5529160499572754	0.5447537302970886	0.5529160499572754	0.37442371249198914	-0.17849233746528625	0.4998760223388672	0.37494564056396484
2cx_vs_reexplore	14721	977	improved	958	977	0.4536709785461426	0.21435846388339996	0.03626954182982445	0.21435846388339996	0.17808891832828522	1.5147218704223633	0.08199644088745117
2cx_vs_reexplore	7824	477	improved	764	477	0.2287856936454773	0.3210442364215851	0.14296366274356842	0.3210442364215851	0.17808057367801666	0.47019529342651367	0.6858186721801758
2cx_vs_reexplore	42699	843	regressed	843	660	0.3868376910686493	0.4054401218891144	0.3868376910686493	0.20884573459625244	-0.17799195647239685	1.0867528915405273	0.6633772850036621
2cx_vs_reexplore	45513	648	improved	771	648	0.4929531216621399	0.22764526307582855	0.04966332018375397	0.22764526307582855	0.17798194289207458	1.8765110969543457	0.23597002029418945
2cx_vs_reexplore	13866	689	improved	414	689	0.384657084941864	0.22238844633102417	0.044483933597803116	0.22238844633102417	0.17790451645851135	1.7087326049804688	0.24885845184326172
2cx_vs_reexplore	34445	514	regressed	514	788	0.5895073413848877	0.4501382112503052	0.5895073413848877	0.4116586148738861	-0.1778487265110016	0.8791084289550781	0.08936023712158203
2cx_vs_reexplore	39477	796	regressed	796	658	0.4697261452674866	0.3230791389942169	0.4697261452674866	0.29194921255111694	-0.17777693271636963	1.1170659065246582	0.1013174057006836
2cx_vs_reexplore	38966	735	regressed	735	775	0.3745633363723755	0.42356032133102417	0.3745633363723755	0.1968332976102829	-0.1777300387620926	0.5154924392700195	0.7663388252258301
2cx_vs_reexplore	22243	872	regressed	872	759	0.5474873781204224	0.5143682360649109	0.5474873781204224	0.3699859380722046	-0.17750144004821777	0.5460805892944336	0.32947444915771484
2cx_vs_reexplore	49974	405	improved	146	405	0.38180452585220337	0.48492467403411865	0.3080492317676544	0.48492467403411865	0.17687544226646423	0.21464920043945312	0.6607723236083984
2cx_vs_reexplore	35960	623	improved	777	623	0.5445643663406372	0.4698450565338135	0.2930648624897003	0.4698450565338135	0.17678019404411316	0.6195921897888184	0.2241840362548828
2cx_vs_reexplore	22973	230	regressed	230	231	0.5875864624977112	0.434712678194046	0.5875864624977112	0.4108404219150543	-0.17674604058265686	0.7244577407836914	0.05648040771484375
2cx_vs_reexplore	4364	150	regressed	150	34	0.30274245142936707	0.17671158909797668	0.30274245142936707	0.12629194557666779	-0.17645050585269928	0.7581949234008789	0.3359227180480957
2cx_vs_reexplore	660	631	regressed	631	711	0.3131433129310608	0.38136887550354004	0.3131433129310608	0.13688568770885468	-0.17625762522220612	0.9752373695373535	1.0246210098266602
2cx_vs_reexplore	33965	444	improved	870	444	0.2118605226278305	0.3395160138607025	0.1633199006319046	0.3395160138607025	0.1761961132287979	0.018795490264892578	0.6962528228759766
2cx_vs_reexplore	15645	488	regressed	488	494	0.3227514922618866	0.4550643861293793	0.3227514922618866	0.14671590924263	-0.1760355830192566	0.5241994857788086	1.1319408416748047
2cx_vs_reexplore	20330	270	improved	269	270	0.4723780155181885	0.5220789313316345	0.34608200192451477	0.5220789313316345	0.17599692940711975	0.31110382080078125	0.5952506065368652
2cx_vs_reexplore	29321	590	improved	487	590	0.49209097027778625	0.5140200853347778	0.33832287788391113	0.5140200853347778	0.1756972074508667	0.3746628761291504	0.49997997283935547
2cx_vs_reexplore	33441	880	improved	444	880	0.24203824996948242	0.2625400424003601	0.0869455486536026	0.2625400424003601	0.1755944937467575	0.6772828102111816	0.6320853233337402
2cx_vs_reexplore	48113	537	regressed	537	249	0.4155091643333435	0.3980635702610016	0.4155091643333435	0.24010977149009705	-0.17539939284324646	0.2760038375854492	0.5055155754089355
2cx_vs_reexplore	8117	75	improved	77	75	0.375573992729187	0.33289676904678345	0.15773338079452515	0.33289676904678345	0.1751633882522583	0.4861769676208496	0.038820743560791016
2cx_vs_reexplore	39458	964	regressed	964	961	0.40336915850639343	0.5167950391769409	0.40336915850639343	0.2286933958530426	-0.17467576265335083	0.059961795806884766	0.8152642250061035
2cx_vs_reexplore	31336	211	improved	180	211	0.2125353068113327	0.3419831693172455	0.16737639904022217	0.3419831693172455	0.17460677027702332	0.2388629913330078	0.6056523323059082
2cx_vs_reexplore	15587	906	regressed	906	774	0.2969403564929962	0.2248418629169464	0.2969403564929962	0.12256945669651031	-0.1743708997964859	0.5490937232971191	0.40592241287231445
2cx_vs_reexplore	10267	964	improved	924	964	0.25655561685562134	0.23555441200733185	0.06124523654580116	0.23555441200733185	0.17430917918682098	0.9611711502075195	0.3097352981567383
2cx_vs_reexplore	26696	440	improved	737	440	0.442126989364624	0.5951176285743713	0.4209529459476471	0.5951176285743713	0.17416468262672424	0.049076080322265625	0.8260579109191895
2cx_vs_reexplore	23337	544	regressed	544	521	0.506210446357727	0.5070514678955078	0.506210446357727	0.33212345838546753	-0.17408698797225952	0.35747241973876953	0.42310571670532227
2cx_vs_reexplore	26899	691	regressed	691	570	0.49377375841140747	0.6274396181106567	0.49377375841140747	0.3197818398475647	-0.17399191856384277	0.07603168487548828	0.6740083694458008
2cx_vs_reexplore	21438	702	improved	523	702	0.5139106512069702	0.4328995943069458	0.25935524702072144	0.4328995943069458	0.17354434728622437	0.6838507652282715	0.22183752059936523
2cx_vs_reexplore	6268	421	improved	562	421	0.25245970487594604	0.22899428009986877	0.0556536465883255	0.22899428009986877	0.17334063351154327	1.1058001518249512	0.05059528350830078
2cx_vs_reexplore	29168	893	improved	709	893	0.5932056903839111	0.40430474281311035	0.23101049661636353	0.40430474281311035	0.17329424619674683	0.9430780410766602	0.26604747772216797
2cx_vs_reexplore	33594	823	regressed	823	617	0.35300418734550476	0.44711923599243164	0.35300418734550476	0.17997902631759644	-0.17302516102790833	0.18398332595825195	0.9099850654602051
2cx_vs_reexplore	44128	818	improved	535	818	0.5454148054122925	0.4154762327671051	0.24251432716846466	0.4154762327671051	0.17296190559864044	0.81048583984375	0.22080564498901367
2cx_vs_reexplore	30535	77	regressed	77	76	0.36264434456825256	0.6343154311180115	0.36264434456825256	0.18975332379341125	-0.1728910207748413	0.10578536987304688	1.2068214416503906
2cx_vs_reexplore	14163	997	improved	947	997	0.5752052664756775	0.3704703450202942	0.19793878495693207	0.3704703450202942	0.17253156006336212	1.0667691230773926	0.027489662170410156
2cx_vs_reexplore	30041	249	improved	250	249	0.32977256178855896	0.3718973696231842	0.19936689734458923	0.3718973696231842	0.17253047227859497	0.06220436096191406	0.46553468704223633
2cx_vs_reexplore	48746	499	regressed	499	415	0.3568083643913269	0.2840558588504791	0.3568083643913269	0.18429522216320038	-0.17251314222812653	1.0674772262573242	0.4326319694519043
2cx_vs_reexplore	44120	729	regressed	729	892	0.46720772981643677	0.5329484343528748	0.46720772981643677	0.29474565386772156	-0.1724620759487152	0.3139486312866211	0.5923118591308594
2cx_vs_reexplore	4860	696	improved	794	696	0.4959642291069031	0.5020265579223633	0.330005019903183	0.5020265579223633	0.1720215380191803	0.4073958396911621	0.4989175796508789
2cx_vs_reexplore	39762	907	improved	939	907	0.647610068321228	0.24250683188438416	0.07061444967985153	0.24250683188438416	0.17189237475395203	2.014681816101074	0.033949851989746094
2cx_vs_reexplore	7478	973	improved	913	973	0.3496444821357727	0.45763275027275085	0.28582265973091125	0.45763275027275085	0.1718100905418396	0.20154523849487305	1.3919668197631836
2cx_vs_reexplore	8059	272	regressed	272	271	0.5322229862213135	0.4696952998638153	0.5322229862213135	0.3606276214122772	-0.17159536480903625	0.6732473373413086	0.2642383575439453
2cx_vs_reexplore	13606	158	regressed	158	253	0.5457788705825806	0.5020941495895386	0.5457788705825806	0.37437504529953003	-0.17140382528305054	0.5190591812133789	0.2935295104980469
2cx_vs_reexplore	30396	933	improved	962	933	0.449137806892395	0.5914368033409119	0.4200393855571747	0.5914368033409119	0.17139741778373718	0.06698131561279297	0.8078365325927734
2cx_vs_reexplore	5813	646	regressed	646	580	0.3690648674964905	0.47763684391975403	0.3690648674964905	0.19770658016204834	-0.17135828733444214	0.4301438331604004	0.8820667266845703
2cx_vs_reexplore	42478	639	regressed	639	638	0.46333423256874084	0.38678988814353943	0.46333423256874084	0.29207295179367065	-0.1712612807750702	0.09452247619628906	0.28087806701660156
2cx_vs_reexplore	6542	551	improved	631	551	0.44311097264289856	0.482400119304657	0.3112719655036926	0.482400119304657	0.17112815380096436	0.3531532287597656	0.5220370292663574
2cx_vs_reexplore	30449	555	improved	800	555	0.4033874273300171	0.4629102647304535	0.2917982339859009	0.4629102647304535	0.1711120307445526	0.3238348960876465	1.8013010025024414
2cx_vs_reexplore	4146	928	improved	968	928	0.29786279797554016	0.41639888286590576	0.24541467428207397	0.41639888286590576	0.1709842085838318	0.19368362426757812	0.8998761177062988
2cx_vs_reexplore	44174	818	improved	745	818	0.4642951488494873	0.36802443861961365	0.19720850884914398	0.36802443861961365	0.17081592977046967	0.8562588691711426	0.23714256286621094
2cx_vs_reexplore	31386	838	regressed	838	631	0.5905852317810059	0.44196486473083496	0.5905852317810059	0.4198569655418396	-0.17072826623916626	0.6363735198974609	0.051316261291503906
2cx_vs_reexplore	18095	543	improved	687	543	0.3205195367336273	0.22442932426929474	0.05373382568359375	0.22442932426929474	0.170695498585701	1.0157146453857422	0.21429872512817383
2cx_vs_reexplore	16037	957	improved	582	957	0.2359643131494522	0.25659018754959106	0.08601202815771103	0.25659018754959106	0.17057815194129944	0.12081718444824219	0.1428518295288086
2cx_vs_reexplore	3953	504	regressed	504	725	0.3647606670856476	0.2954659163951874	0.3647606670856476	0.19428421556949615	-0.17047645151615143	0.4675254821777344	0.4192314147949219
2cx_vs_reexplore	42241	983	regressed	983	801	0.24859833717346191	0.1225658506155014	0.24859833717346191	0.07820756733417511	-0.1703907698392868	1.2198052406311035	0.3875398635864258
2cx_vs_reexplore	3575	670	improved	518	670	0.41314107179641724	0.5007334351539612	0.33116579055786133	0.5007334351539612	0.16956764459609985	0.22116994857788086	0.4658026695251465
2cx_vs_reexplore	21672	497	regressed	497	406	0.37511739134788513	0.38452857732772827	0.37511739134788513	0.20575451850891113	-0.169362872838974	0.49979686737060547	0.6253342628479004
2cx_vs_reexplore	42161	73	regressed	73	74	0.45528778433799744	0.4463370144367218	0.45528778433799744	0.2859551012516022	-0.16933268308639526	0.46113157272338867	0.4452395439147949
2cx_vs_reexplore	30501	161	improved	162	161	0.6063516736030579	0.46624675393104553	0.29704928398132324	0.46624675393104553	0.1691974699497223	0.71356201171875	0.0984344482421875
2cx_vs_reexplore	11282	833	improved	403	833	0.45511600375175476	0.5441434383392334	0.37502604722976685	0.5441434383392334	0.16911739110946655	0.1935567855834961	0.6189632415771484
2cx_vs_reexplore	28837	154	regressed	154	262	0.5622555017471313	0.47399425506591797	0.5622555017471313	0.3932054340839386	-0.16905006766319275	0.5003242492675781	0.18686294555664062
2cx_vs_reexplore	13817	174	improved	235	174	0.1283441185951233	0.26302510499954224	0.09404801577329636	0.26302510499954224	0.16897708177566528	0.3109097480773926	1.3898067474365234
2cx_vs_reexplore	40522	132	regressed	132	129	0.4442993402481079	0.5517643094062805	0.4442993402481079	0.2756337821483612	-0.1686655580997467	0.3059115409851074	0.6940479278564453
2cx_vs_reexplore	4700	246	regressed	246	178	0.5798302888870239	0.46940720081329346	0.5798302888870239	0.4111995995044708	-0.1686306893825531	0.679774284362793	0.13239192962646484
2cx_vs_reexplore	31446	338	improved	333	338	0.16083478927612305	0.2543356716632843	0.08575163781642914	0.2543356716632843	0.16858403384685516	0.1337881088256836	0.558112621307373
2cx_vs_reexplore	49364	676	improved	774	676	0.3787097930908203	0.43922117352485657	0.2707371115684509	0.43922117352485657	0.16848406195640564	0.33562183380126953	0.508087158203125
2cx_vs_reexplore	5108	961	regressed	961	69	0.26964595913887024	0.1607028990983963	0.26964595913887024	0.10124686360359192	-0.16839909553527832	0.3508014678955078	0.46199560165405273
2cx_vs_reexplore	18382	225	improved	271	225	0.3545598089694977	0.27569928765296936	0.10731568932533264	0.27569928765296936	0.16838359832763672	1.1951022148132324	0.29851770401000977
2cx_vs_reexplore	49324	413	improved	764	413	0.5285987854003906	0.493643194437027	0.3254268169403076	0.493643194437027	0.16821637749671936	0.4850921630859375	0.1709451675415039
2cx_vs_reexplore	4772	538	improved	497	538	0.4433302581310272	0.530669093132019	0.3624952733516693	0.530669093132019	0.16817381978034973	0.20130348205566406	0.6735239028930664
2cx_vs_reexplore	34023	456	regressed	456	776	0.34386152029037476	0.607826828956604	0.34386152029037476	0.17601297795772552	-0.16784854233264923	0.9162631034851074	1.2393321990966797
2cx_vs_reexplore	46797	540	regressed	540	536	0.33492448925971985	0.20043513178825378	0.33492448925971985	0.1672341674566269	-0.16769032180309296	0.2879495620727539	0.18109560012817383
2cx_vs_reexplore	25926	281	improved	285	281	0.33762308955192566	0.4196171164512634	0.25194859504699707	0.4196171164512634	0.16766852140426636	0.29270505905151367	0.7051997184753418
2cx_vs_reexplore	39984	888	regressed	888	821	0.2605559527873993	0.20424588024616241	0.2605559527873993	0.09305683523416519	-0.1674991250038147	0.3079233169555664	0.7861142158508301
2cx_vs_reexplore	39443	256	improved	205	256	0.2770425081253052	0.340750128030777	0.17333951592445374	0.340750128030777	0.16741061210632324	0.4689188003540039	0.7501368522644043
2cx_vs_reexplore	10189	815	regressed	815	74	0.44352081418037415	0.288531631231308	0.44352081418037415	0.2761690020561218	-0.16735181212425232	1.2066936492919922	0.043791770935058594
2cx_vs_reexplore	15837	515	regressed	515	861	0.23094040155410767	0.11239852011203766	0.23094040155410767	0.06377284228801727	-0.1671675592660904	0.5268468856811523	0.4869694709777832
2cx_vs_reexplore	40443	465	improved	652	465	0.5845517516136169	0.4258745610713959	0.25873929262161255	0.4258745610713959	0.16713526844978333	0.8150243759155273	0.12198925018310547
2cx_vs_reexplore	14114	789	improved	421	789	0.4275118410587311	0.38234663009643555	0.2152286320924759	0.38234663009643555	0.16711799800395966	0.6862812042236328	0.15748977661132812
2cx_vs_reexplore	27244	718	regressed	718	879	0.4682639539241791	0.37213119864463806	0.4682639539241791	0.3012765347957611	-0.16698741912841797	1.632338523864746	0.21121788024902344
2cx_vs_reexplore	13186	970	improved	795	970	0.4359314441680908	0.47226908802986145	0.3052859902381897	0.47226908802986145	0.16698309779167175	0.35623598098754883	0.3313140869140625
2cx_vs_reexplore	12036	32	improved	31	32	0.28292056918144226	0.44475436210632324	0.2778906226158142	0.44475436210632324	0.16686373949050903	0.017938613891601562	0.7006988525390625
2cx_vs_reexplore	15466	873	improved	698	873	0.4553888142108917	0.5030598640441895	0.3362117111682892	0.5030598640441895	0.16684815287590027	0.30341053009033203	0.5718588829040527
2cx_vs_reexplore	48451	913	improved	460	913	0.4851345419883728	0.38560688495635986	0.21889856457710266	0.38560688495635986	0.1667083203792572	0.7958178520202637	0.6102514266967773
2cx_vs_reexplore	12545	151	improved	237	151	0.4571129083633423	0.45568904280662537	0.28908270597457886	0.45568904280662537	0.1666063368320465	0.4582176208496094	0.5407428741455078
2cx_vs_reexplore	26749	491	improved	608	491	0.12653180956840515	0.1830424666404724	0.016569385305047035	0.1830424666404724	0.16647307574748993	0.3712453842163086	0.9630951881408691
2cx_vs_anchorunmoved	34269	98	improved	143	98	0.8086301684379578	0.8448027968406677	0.1321459412574768	0.8448027968406677	0.7126568555831909	1.8114347457885742	2.3452720642089844
2cx_vs_anchorunmoved	34256	696	improved	813	696	0.6474939584732056	0.698512077331543	0.02484404481947422	0.698512077331543	0.6736680269241333	2.4292569160461426	1.8874406814575195
2cx_vs_anchorunmoved	44909	18	improved	19	18	0.7716851234436035	0.6702955365180969	0.056222543120384216	0.6702955365180969	0.6140729784965515	2.6192588806152344	1.2242865562438965
2cx_vs_anchorunmoved	7025	60	regressed	60	77	0.8087412714958191	0.36811432242393494	0.8087412714958191	0.19701729714870453	-0.6117239594459534	4.62102746963501	0.6251020431518555
2cx_vs_anchorunmoved	47162	405	improved	628	405	0.4322127103805542	0.653468132019043	0.04578755795955658	0.653468132019043	0.6076805591583252	1.7626242637634277	2.849292278289795
2cx_vs_anchorunmoved	3275	509	regressed	509	580	0.7076023817062378	0.24444490671157837	0.7076023817062378	0.10649056732654572	-0.6011118292808533	3.2004971504211426	0.8309335708618164
2cx_vs_anchorunmoved	24462	593	improved	650	593	0.6207274198532104	0.7039791941642761	0.11059390008449554	0.7039791941642761	0.5933852791786194	1.725027084350586	1.6810011863708496
2cx_vs_anchorunmoved	46112	489	regressed	489	858	0.7103705406188965	0.7177984714508057	0.7103705406188965	0.1260170191526413	-0.584353506565094	1.791123390197754	1.739771842956543
2cx_vs_anchorunmoved	24927	930	regressed	930	962	0.8399738669395447	0.6252152323722839	0.8399738669395447	0.26456722617149353	-0.5754066705703735	2.4522714614868164	0.8600006103515625
2cx_vs_anchorunmoved	33934	0	improved	397	0	0.17686600983142853	0.6442511081695557	0.07949341088533401	0.6442511081695557	0.5647577047348022	0.07748222351074219	2.527721405029297
2cx_vs_anchorunmoved	11642	23	regressed	23	84	0.6316467523574829	0.7042277455329895	0.6316467523574829	0.068205825984478	-0.5634409189224243	1.0406584739685059	2.3345718383789062
2cx_vs_anchorunmoved	9089	843	improved	890	843	0.3225264251232147	0.7232550978660583	0.16465185582637787	0.7232550978660583	0.5586032271385193	0.6723518371582031	2.611154079437256
2cx_vs_anchorunmoved	13425	889	regressed	889	593	0.7645919322967529	0.4008682668209076	0.7645919322967529	0.20687757432460785	-0.5577143430709839	2.463547706604004	0.6615056991577148
2cx_vs_anchorunmoved	8431	412	regressed	412	877	0.7962344884872437	0.5401526689529419	0.7962344884872437	0.23895500600337982	-0.5572794675827026	2.9036293029785156	0.8155765533447266
2cx_vs_anchorunmoved	1610	700	improved	923	700	0.28752362728118896	0.6928451657295227	0.14146876335144043	0.6928451657295227	0.5513764023780823	0.24686670303344727	2.2283782958984375
2cx_vs_anchorunmoved	28959	4	regressed	4	6	0.7565277218818665	0.48735859990119934	0.7565277218818665	0.20543047785758972	-0.5510972738265991	2.2612452507019043	0.8638925552368164
2cx_vs_anchorunmoved	27612	697	improved	614	697	0.6986727714538574	0.6770537495613098	0.1349242776632309	0.6770537495613098	0.5421294569969177	1.6444687843322754	1.2932729721069336
2cx_vs_anchorunmoved	33402	199	regressed	199	219	0.6077436804771423	0.6343822479248047	0.6077436804771423	0.0672362893819809	-0.5405073761940002	1.5054330825805664	2.111645221710205
2cx_vs_anchorunmoved	18053	568	regressed	568	869	0.791933536529541	0.540820837020874	0.791933536529541	0.25290271639823914	-0.5390307903289795	2.6777896881103516	0.7600831985473633
2cx_vs_anchorunmoved	42759	575	improved	656	575	0.5869318842887878	0.6237507462501526	0.09359808266162872	0.6237507462501526	0.5301526784896851	1.5844755172729492	1.382394790649414
2cx_vs_anchorunmoved	10150	622	regressed	622	878	0.6964579820632935	0.507993757724762	0.6964579820632935	0.16690512001514435	-0.5295528769493103	2.6052746772766113	1.1130437850952148
2cx_vs_anchorunmoved	7421	79	regressed	79	316	0.5548005104064941	0.19575536251068115	0.5548005104064941	0.032261695712804794	-0.5225388407707214	1.793156623840332	1.2243881225585938
2cx_vs_anchorunmoved	36609	179	improved	223	179	0.6346251368522644	0.6170300245285034	0.09771482646465302	0.6170300245285034	0.5193151831626892	1.870981216430664	1.3941006660461426
2cx_vs_anchorunmoved	3325	360	regressed	360	337	0.706774115562439	0.5180723071098328	0.706774115562439	0.19048576056957245	-0.5162883400917053	2.1555709838867188	1.000537395477295
2cx_vs_anchorunmoved	49	830	improved	728	830	0.37685921788215637	0.5684375166893005	0.05341450497508049	0.5684375166893005	0.5150229930877686	1.953789234161377	2.577503204345703
2cx_vs_anchorunmoved	35320	788	regressed	788	454	0.7407592535018921	0.3483912944793701	0.7407592535018921	0.2300516664981842	-0.5107076168060303	2.854106903076172	0.4150223731994629
2cx_vs_anchorunmoved	33069	812	improved	814	812	0.07092314213514328	0.5727332234382629	0.06331845372915268	0.5727332234382629	0.509414792060852	0.01433706283569336	2.0571541786193848
2cx_vs_anchorunmoved	40522	132	regressed	132	129	0.7843189239501953	0.5517643094062805	0.7843189239501953	0.2756337821483612	-0.5086851119995117	2.55618953704834	0.6940479278564453
2cx_vs_anchorunmoved	30478	813	improved	910	813	0.2671380043029785	0.7365779876708984	0.22816915810108185	0.7365779876708984	0.5084088444709778	0.15767812728881836	1.5924568176269531
2cx_vs_anchorunmoved	47246	411	regressed	411	614	0.653535783290863	0.3512849509716034	0.653535783290863	0.1471182107925415	-0.5064175724983215	1.8170194625854492	0.24493885040283203
2cx_vs_anchorunmoved	2751	651	regressed	651	688	0.7233926057815552	0.2400723248720169	0.7233926057815552	0.21938684582710266	-0.5040057897567749	1.6915321350097656	0.0901036262512207
2cx_vs_anchorunmoved	44498	366	regressed	366	367	0.7672160267829895	0.5537694096565247	0.7672160267829895	0.2643272280693054	-0.5028887987136841	2.198258399963379	0.739560604095459
2cx_vs_anchorunmoved	9859	447	regressed	447	751	0.7255085110664368	0.3358879089355469	0.7255085110664368	0.22698277235031128	-0.4985257387161255	2.823899269104004	0.3919034004211426
2cx_vs_anchorunmoved	28016	142	regressed	142	140	0.822640061378479	0.45843616127967834	0.822640061378479	0.3299523890018463	-0.4926876723766327	2.639967441558838	0.3288726806640625
2cx_vs_anchorunmoved	13730	796	regressed	796	788	0.8000496029853821	0.5294474363327026	0.8000496029853821	0.30995580554008484	-0.49009379744529724	2.1837668418884277	0.5354042053222656
2cx_vs_anchorunmoved	40240	207	improved	219	207	0.6374812126159668	0.6415310502052307	0.15217803418636322	0.6415310502052307	0.4893530011177063	1.4324736595153809	1.9425573348999023
2cx_vs_anchorunmoved	22586	109	improved	6	109	0.6400176882743835	0.5951617360115051	0.10731462389230728	0.5951617360115051	0.48784711956977844	1.7857308387756348	1.7458186149597168
2cx_vs_anchorunmoved	32597	697	improved	470	697	0.5597298741340637	0.7322561740875244	0.2466733455657959	0.7322561740875244	0.4855828285217285	0.8193893432617188	1.7431550025939941
2cx_vs_anchorunmoved	43100	415	improved	443	415	0.5919280648231506	0.6339377164840698	0.15031912922859192	0.6339377164840698	0.4836185872554779	1.3706245422363281	1.1294269561767578
2cx_vs_anchorunmoved	28992	12	regressed	12	94	0.5051718354225159	0.07619086652994156	0.5051718354225159	0.02671816572546959	-0.478453665971756	1.8514418601989746	0.00696563720703125
2cx_vs_anchorunmoved	31230	602	improved	678	602	0.2946854531764984	0.6144568920135498	0.13662967085838318	0.6144568920135498	0.4778272211551666	0.7686343193054199	2.4775328636169434
2cx_vs_anchorunmoved	40074	188	improved	850	188	0.6464760899543762	0.5980810523033142	0.12080101668834686	0.5980810523033142	0.47728002071380615	1.677391529083252	1.9784555435180664
2cx_vs_anchorunmoved	47863	469	improved	909	469	0.37864500284194946	0.8473353385925293	0.370127409696579	0.8473353385925293	0.4772079288959503	0.022751808166503906	3.1957387924194336
2cx_vs_anchorunmoved	27930	603	regressed	603	690	0.7189638018608093	0.26592689752578735	0.7189638018608093	0.24566768109798431	-0.4732961058616638	1.858081340789795	0.07924175262451172
2cx_vs_anchorunmoved	46168	107	improved	574	107	0.26096099615097046	0.6131827235221863	0.1402951180934906	0.6131827235221863	0.4728876054286957	0.6206226348876953	1.4107036590576172
2cx_vs_anchorunmoved	9430	181	regressed	181	267	0.5064995884895325	0.5102248191833496	0.5064995884895325	0.03384749963879585	-0.4726520776748657	1.6372923851013184	1.135948657989502
2cx_vs_anchorunmoved	19200	737	regressed	737	960	0.6136726140975952	0.2715722322463989	0.6136726140975952	0.14329129457473755	-0.47038131952285767	2.3848557472229004	0.6393485069274902
2cx_vs_anchorunmoved	27122	760	regressed	760	553	0.7750892639160156	0.4328731894493103	0.7750892639160156	0.30488330125808716	-0.47020596265792847	2.21199893951416	0.35051584243774414
2cx_vs_anchorunmoved	45009	175	improved	201	175	0.3213150203227997	0.6723695993423462	0.2072175294160843	0.6723695993423462	0.4651520848274231	0.43865299224853516	2.0920934677124023
2cx_vs_anchorunmoved	40176	11	regressed	11	10	0.7215338349342346	0.6104758977890015	0.7215338349342346	0.2574206590652466	-0.46411317586898804	1.7614564895629883	0.8635272979736328
2cx_vs_anchorunmoved	23267	940	improved	964	940	0.1994159072637558	0.6220344305038452	0.1588638722896576	0.6220344305038452	0.4631705582141876	0.22734498977661133	1.8344035148620605
2cx_vs_anchorunmoved	4830	104	regressed	104	280	0.6293289661407471	0.19614003598690033	0.6293289661407471	0.16661356389522552	-0.46271538734436035	2.3374133110046387	0.16315174102783203
2cx_vs_anchorunmoved	39114	847	improved	609	847	0.57657790184021	0.5819922089576721	0.1200050339102745	0.5819922089576721	0.461987167596817	1.5022382736206055	1.9963221549987793
2cx_vs_anchorunmoved	20415	802	improved	701	802	0.3964953124523163	0.7113102078437805	0.24991543591022491	0.7113102078437805	0.4613947868347168	0.46154165267944336	1.8820500373840332
2cx_vs_anchorunmoved	34194	590	improved	617	590	0.35153457522392273	0.5592527985572815	0.10050352662801743	0.5592527985572815	0.45874926447868347	1.252115249633789	1.3100976943969727
2cx_vs_anchorunmoved	45466	593	regressed	593	878	0.7457754015922546	0.30379852652549744	0.7457754015922546	0.2908376157283783	-0.45493778586387634	2.1437697410583496	0.043599605560302734
2cx_vs_anchorunmoved	35983	728	improved	982	728	0.3873571455478668	0.7600760459899902	0.30567464232444763	0.7600760459899902	0.4544014036655426	0.23682594299316406	3.387965679168701
2cx_vs_anchorunmoved	5865	183	improved	265	183	0.30875858664512634	0.5342400670051575	0.08185101300477982	0.5342400670051575	0.45238906145095825	0.18823671340942383	0.8436985015869141
2cx_vs_anchorunmoved	9442	391	regressed	391	389	0.6525546312332153	0.25604093074798584	0.6525546312332153	0.2007884681224823	-0.45176616311073303	2.4440903663635254	0.24308538436889648
2cx_vs_anchorunmoved	13118	847	regressed	847	586	0.7302995324134827	0.5583440661430359	0.7302995324134827	0.27972254157066345	-0.4505769908428192	1.8701610565185547	0.6911773681640625
2cx_vs_anchorunmoved	40125	20	improved	137	20	0.3369698226451874	0.7245568633079529	0.27550411224365234	0.7245568633079529	0.44905275106430054	0.20139074325561523	2.236363410949707
2cx_vs_anchorunmoved	47591	360	regressed	360	357	0.6225077509880066	0.4046318829059601	0.6225077509880066	0.17399340867996216	-0.44851434230804443	1.8290224075317383	0.8439602851867676
2cx_vs_anchorunmoved	39980	964	regressed	964	962	0.6696329116821289	0.3457707166671753	0.6696329116821289	0.22427909076213837	-0.44535380601882935	2.474050998687744	0.43288469314575195
2cx_vs_anchorunmoved	25863	208	improved	223	208	0.4568150043487549	0.6376224160194397	0.19299407303333282	0.6376224160194397	0.44462835788726807	0.8616189956665039	2.076176166534424
2cx_vs_anchorunmoved	34888	602	improved	702	602	0.4763951003551483	0.7720651030540466	0.32810094952583313	0.7720651030540466	0.4439641535282135	0.3729262351989746	2.127131462097168
2cx_vs_anchorunmoved	5252	478	improved	700	478	0.3834884464740753	0.5515748858451843	0.10992678254842758	0.5515748858451843	0.44164809584617615	1.249495029449463	1.1255731582641602
2cx_vs_anchorunmoved	19211	653	improved	756	653	0.5073646903038025	0.7317602038383484	0.29234448075294495	0.7317602038383484	0.43941572308540344	0.5512971878051758	1.480156421661377
2cx_vs_anchorunmoved	31	124	regressed	124	122	0.6074600219726562	0.7017018795013428	0.6074600219726562	0.1681787073612213	-0.43928131461143494	0.9462356567382812	1.4284815788269043
2cx_vs_anchorunmoved	37400	313	improved	868	313	0.25868815183639526	0.6777073740959167	0.24042834341526031	0.6777073740959167	0.4372790455818176	0.07320117950439453	2.77048921585083
2cx_vs_anchorunmoved	48690	593	regressed	593	419	0.6047070622444153	0.7846091389656067	0.6047070622444153	0.16969706118106842	-0.43501001596450806	1.0002384185791016	1.5311708450317383
2cx_vs_anchorunmoved	31837	467	regressed	467	766	0.6406405568122864	0.43150606751441956	0.6406405568122864	0.20610910654067993	-0.43453145027160645	1.8547210693359375	0.7388758659362793
2cx_vs_anchorunmoved	6094	444	regressed	444	870	0.7245717644691467	0.4416601359844208	0.7245717644691467	0.29134005308151245	-0.4332317113876343	1.7088055610656738	0.4160494804382324
2cx_vs_anchorunmoved	5675	197	improved	214	197	0.32059451937675476	0.5965346097946167	0.16343094408512115	0.5965346097946167	0.43310368061065674	0.03635406494140625	1.0136375427246094
2cx_vs_anchorunmoved	35692	128	regressed	128	131	0.7209993004798889	0.3516559898853302	0.7209993004798889	0.2945566177368164	-0.4264426827430725	2.3529763221740723	0.17718219757080078
2cx_vs_anchorunmoved	27334	173	improved	176	173	0.5474447011947632	0.5822673439979553	0.15818260610103607	0.5822673439979553	0.42408472299575806	1.241511344909668	0.9146413803100586
2cx_vs_anchorunmoved	44241	335	improved	287	335	0.6616664528846741	0.5099828243255615	0.08621067553758621	0.5099828243255615	0.4237721562385559	2.0379676818847656	0.9933571815490723
2cx_vs_anchorunmoved	41036	880	regressed	880	972	0.6122812032699585	0.6801590919494629	0.6122812032699585	0.19194816052913666	-0.42033302783966064	1.2350263595581055	1.265101432800293
2cx_vs_anchorunmoved	17621	786	improved	526	786	0.316142201423645	0.5239747762680054	0.10517630726099014	0.5239747762680054	0.4187984764575958	0.7109079360961914	1.766158103942871
2cx_vs_anchorunmoved	4008	838	improved	929	838	0.7394206523895264	0.5021373629570007	0.08355098962783813	0.5021373629570007	0.4185863733291626	2.1804099082946777	1.131880283355713
2cx_vs_anchorunmoved	40104	252	regressed	252	208	0.43971139192581177	0.5820399522781372	0.43971139192581177	0.022445490583777428	-0.4172658920288086	0.9542379379272461	0.8662643432617188
2cx_vs_anchorunmoved	31115	828	improved	538	828	0.2775222957134247	0.5103636384010315	0.09503702819347382	0.5103636384010315	0.4153265953063965	1.0716347694396973	1.7411589622497559
2cx_vs_anchorunmoved	40001	448	improved	494	448	0.26461681723594666	0.5758320093154907	0.16159772872924805	0.5758320093154907	0.4142342805862427	0.07292699813842773	1.392035961151123
2cx_vs_anchorunmoved	33513	369	improved	381	369	0.5614417195320129	0.6992265582084656	0.289273202419281	0.6992265582084656	0.40995335578918457	0.6631364822387695	1.524397850036621
2cx_vs_anchorunmoved	38853	99	regressed	99	21	0.7897621393203735	0.41879358887672424	0.7897621393203735	0.3804430365562439	-0.40931910276412964	2.7477641105651855	0.09604167938232422
2cx_vs_anchorunmoved	17405	260	improved	257	260	0.39787203073501587	0.5701966285705566	0.1622314155101776	0.5701966285705566	0.40796521306037903	0.8971066474914551	1.6341867446899414
2cx_vs_anchorunmoved	18238	523	improved	872	523	0.17696967720985413	0.5799508690834045	0.17477717995643616	0.5799508690834045	0.4051736891269684	0.0124664306640625	1.644047737121582
2cx_vs_anchorunmoved	38937	105	improved	383	105	0.5369428992271423	0.6866470575332642	0.2818520963191986	0.6866470575332642	0.40479496121406555	0.6445093154907227	2.198490619659424
2cx_vs_anchorunmoved	16698	473	regressed	473	844	0.5094038844108582	0.4350219666957855	0.5094038844108582	0.10516012459993362	-0.4042437672615051	1.3299965858459473	1.419912338256836
2cx_vs_anchorunmoved	19082	312	regressed	312	303	0.6752648949623108	0.3500286042690277	0.6752648949623108	0.2783510684967041	-0.3969138264656067	1.7229313850402832	0.22913169860839844
2cx_vs_anchorunmoved	18186	344	improved	103	344	0.468168169260025	0.5860437750816345	0.18937499821186066	0.5860437750816345	0.39666879177093506	0.9050984382629395	1.438819408416748
2cx_vs_anchorunmoved	27015	868	improved	529	868	0.5016760230064392	0.6467140913009644	0.25190863013267517	0.6467140913009644	0.3948054611682892	0.6888880729675293	1.7800049781799316
2cx_vs_anchorunmoved	17731	845	improved	731	845	0.4472445249557495	0.6626863479614258	0.2680325210094452	0.6626863479614258	0.3946538269519806	0.5119972229003906	1.5818748474121094
2cx_vs_anchorunmoved	646	303	improved	70	303	0.6197518110275269	0.5130787491798401	0.11962445080280304	0.5130787491798401	0.39345431327819824	1.6449618339538574	0.6363577842712402
2cx_vs_anchorunmoved	11060	983	regressed	983	776	0.42348605394363403	0.5239360928535461	0.42348605394363403	0.03011069819331169	-0.39337536692619324	1.0668015480041504	1.7980284690856934
2cx_vs_anchorunmoved	39075	824	improved	533	824	0.41849300265312195	0.7567211985588074	0.36421024799346924	0.7567211985588074	0.39251095056533813	0.13892889022827148	2.142380714416504
2cx_vs_anchorunmoved	46516	200	regressed	200	226	0.6331184506416321	0.5703175663948059	0.6331184506416321	0.2407362014055252	-0.39238226413726807	1.1373295783996582	0.8624916076660156
2cx_vs_anchorunmoved	24930	596	improved	597	596	0.5914242267608643	0.5728864669799805	0.1807609647512436	0.5728864669799805	0.3921254873275757	1.1853580474853516	1.2521934509277344
2cx_vs_anchorunmoved	25279	301	improved	985	301	0.4715523421764374	0.5840446352958679	0.1928481012582779	0.5840446352958679	0.3911965489387512	0.894127368927002	1.685093879699707
2cx_vs_anchorunmoved	25489	750	regressed	750	797	0.48541027307510376	0.14472459256649017	0.48541027307510376	0.09516308456659317	-0.3902471959590912	1.5808048248291016	0.22616052627563477
2cx_vs_anchorunmoved	7441	8	improved	251	8	0.2475702166557312	0.5915776491165161	0.20196737349033356	0.5915776491165161	0.38961029052734375	0.20358800888061523	1.697822093963623
2cx_vs_anchorunmoved	15881	149	regressed	149	145	0.4633462727069855	0.8752772212028503	0.4633462727069855	0.07418639212846756	-0.3891598880290985	0.2196359634399414	2.4679598808288574
2cx_vs_anchorunmoved	45285	134	improved	99	134	0.6231028437614441	0.6423439979553223	0.25333577394485474	0.6423439979553223	0.38900822401046753	0.8999958038330078	0.9750385284423828
2cx_vs_anchorunmoved	41610	124	regressed	124	125	0.5955082774162292	0.3804439604282379	0.5955082774162292	0.20651057362556458	-0.3889977037906647	1.8888440132141113	0.6109871864318848
2cx_vs_anchorunmoved	29296	632	improved	920	632	0.178017258644104	0.5527073740959167	0.16391585767269135	0.5527073740959167	0.3887915015220642	0.08252716064453125	2.226393222808838
2cx_vs_anchorunmoved	10936	929	regressed	929	212	0.42599722743034363	0.7170207500457764	0.42599722743034363	0.038510389626026154	-0.38748684525489807	1.2322397232055664	2.9241766929626465
2cx_vs_anchorunmoved	10465	261	regressed	261	230	0.6558791399002075	0.413387656211853	0.6558791399002075	0.2693246603012085	-0.386554479598999	1.8533439636230469	0.4284682273864746
2cx_vs_anchorunmoved	17374	384	improved	381	384	0.27880221605300903	0.5177187323570251	0.1323903203010559	0.5177187323570251	0.38532841205596924	0.26094865798950195	1.6306118965148926
2cx_vs_anchorunmoved	22868	542	improved	696	542	0.6814766526222229	0.5968993306159973	0.21166378259658813	0.5968993306159973	0.3852355480194092	1.1692628860473633	0.6430778503417969
2cx_vs_anchorunmoved	8494	768	regressed	768	746	0.4828357696533203	0.20761294662952423	0.4828357696533203	0.09766556322574615	-0.38517022132873535	2.1519722938537598	0.5525164604187012
2cx_vs_anchorunmoved	45366	270	improved	258	270	0.6005248427391052	0.5551407933235168	0.17122206091880798	0.5551407933235168	0.38391873240470886	1.254842758178711	1.432466983795166
2cx_vs_anchorunmoved	1265	980	improved	978	980	0.30632346868515015	0.6497009992599487	0.2665161192417145	0.6497009992599487	0.38318488001823425	0.1392068862915039	1.6892008781433105
2cx_vs_anchorunmoved	10685	793	regressed	793	411	0.40977251529693604	0.2650536298751831	0.40977251529693604	0.0270654559135437	-0.38270705938339233	2.1991219520568848	0.26220035552978516
2cx_vs_anchorunmoved	33573	818	improved	729	818	0.3793107271194458	0.4627876281738281	0.08105342835187912	0.4627876281738281	0.3817341923713684	1.5432472229003906	2.644071578979492
2cx_vs_anchorunmoved	24801	906	improved	457	906	0.24789346754550934	0.596592128276825	0.21488960087299347	0.596592128276825	0.3817025423049927	0.14287471771240234	1.2013111114501953
2cx_vs_anchorunmoved	41261	351	improved	352	351	0.40320688486099243	0.6945523023605347	0.3130995035171509	0.6945523023605347	0.3814527988433838	0.2529287338256836	1.7785329818725586
2cx_vs_anchorunmoved	17797	586	improved	652	586	0.11828958243131638	0.4738098382949829	0.0942377895116806	0.4738098382949829	0.3795720338821411	0.05796480178833008	0.9910297393798828
2cx_vs_anchorunmoved	36435	146	regressed	146	99	0.6508954763412476	0.5161476135253906	0.6508954763412476	0.2718178629875183	-0.37907761335372925	1.358567237854004	0.6412606239318848
2cx_vs_anchorunmoved	40787	503	improved	505	503	0.6205595135688782	0.5761138796806335	0.19858519732952118	0.5761138796806335	0.37752866744995117	1.1394033432006836	0.7356414794921875
2cx_vs_anchorunmoved	9988	611	regressed	611	207	0.6855427622795105	0.4799972176551819	0.6855427622795105	0.30915117263793945	-0.37639158964157104	1.6538491249084473	0.43994998931884766
2cx_vs_anchorunmoved	12863	910	improved	809	910	0.18304790556430817	0.4329339563846588	0.05689125135540962	0.4329339563846588	0.3760426938533783	0.07321310043334961	1.8000307083129883
2cx_vs_anchorunmoved	1327	270	improved	296	270	0.47727280855178833	0.6833894848823547	0.3081696033477783	0.6833894848823547	0.3752198815345764	0.4374380111694336	1.5937490463256836
2cx_vs_anchorunmoved	14006	315	improved	313	315	0.263942688703537	0.499345988035202	0.12434107065200806	0.499345988035202	0.37500491738319397	0.17567825317382812	0.40316200256347656
2cx_vs_anchorunmoved	2042	189	improved	187	189	0.13589408993721008	0.46298226714134216	0.08808028697967529	0.46298226714134216	0.37490198016166687	0.37830448150634766	1.6949234008789062
2cx_vs_anchorunmoved	41200	438	improved	899	438	0.4719472825527191	0.6300918459892273	0.2554740011692047	0.6300918459892273	0.3746178448200226	0.6137466430664062	0.9490737915039062
2cx_vs_anchorunmoved	49599	131	regressed	131	129	0.44784116744995117	0.4844488501548767	0.44784116744995117	0.07477131485939026	-0.3730698525905609	1.6747727394104004	1.756547451019287
2cx_vs_anchorunmoved	15119	237	regressed	237	236	0.7300858497619629	0.4847371578216553	0.7300858497619629	0.35752859711647034	-0.37255725264549255	1.6953444480895996	0.30439138412475586
2cx_vs_anchorunmoved	42325	310	regressed	310	120	0.513310968875885	0.14648748934268951	0.513310968875885	0.14113228023052216	-0.37217867374420166	2.3379836082458496	0.03724241256713867
2cx_vs_anchorunmoved	12362	492	regressed	492	626	0.4817723035812378	0.26406118273735046	0.4817723035812378	0.11031585186719894	-0.37145644426345825	1.3457951545715332	0.872833251953125
2cx_vs_anchorunmoved	20680	806	improved	655	806	0.4994681179523468	0.6769298911094666	0.30633750557899475	0.6769298911094666	0.3705923855304718	0.48885631561279297	1.823631763458252
2cx_vs_anchorunmoved	5069	75	regressed	75	303	0.3951340913772583	0.631641685962677	0.3951340913772583	0.024559538811445236	-0.37057456374168396	0.8058505058288574	2.7719640731811523
2cx_vs_anchorunmoved	32200	572	improved	604	572	0.2985471189022064	0.6186022758483887	0.24826155602931976	0.6186022758483887	0.3703407049179077	0.18444490432739258	1.9389829635620117
2cx_vs_anchorunmoved	13246	843	regressed	843	733	0.7554726600646973	0.40988168120384216	0.7554726600646973	0.3855031132698059	-0.36996954679489136	1.5948638916015625	0.06131935119628906
2cx_vs_anchorunmoved	44237	572	regressed	572	899	0.5044129490852356	0.3179713189601898	0.5044129490852356	0.1345706433057785	-0.3698422908782959	0.9603538513183594	0.8598718643188477
2cx_vs_anchorunmoved	49733	869	improved	474	869	0.45503637194633484	0.6696590781211853	0.3003734350204468	0.6696590781211853	0.3692856431007385	0.41535091400146484	1.8842535018920898
2cx_vs_anchorunmoved	8736	880	improved	430	880	0.3227391541004181	0.6826049089431763	0.3138836622238159	0.6826049089431763	0.36872124671936035	0.027822017669677734	1.722306251525879
2cx_vs_anchorunmoved	37403	183	regressed	183	265	0.5464080572128296	0.25578564405441284	0.5464080572128296	0.17867770791053772	-0.36773034930229187	1.9855775833129883	0.09438800811767578
2cx_vs_anchorunmoved	12278	426	improved	892	426	0.31868094205856323	0.6770663857460022	0.3095826208591461	0.6770663857460022	0.3674837648868561	0.028965473175048828	1.752336025238037
2cx_vs_anchorunmoved	11602	846	regressed	846	583	0.657549262046814	0.3619503080844879	0.657549262046814	0.29251629114151	-0.36503297090530396	2.0058746337890625	0.21298646926879883
2cx_vs_anchorunmoved	42763	553	regressed	553	559	0.4751420319080353	0.43515926599502563	0.4751420319080353	0.11016681790351868	-0.3649752140045166	1.6573476791381836	1.2696032524108887
2cx_vs_anchorunmoved	26044	921	regressed	921	866	0.7524392604827881	0.4562857747077942	0.7524392604827881	0.3882908821105957	-0.3641483783721924	2.1507959365844727	0.16136455535888672
2cx_vs_anchorunmoved	32458	609	regressed	609	407	0.4788982570171356	0.7356172800064087	0.4788982570171356	0.11629125475883484	-0.3626070022583008	0.21771621704101562	1.8446121215820312
2cx_vs_anchorunmoved	49602	678	improved	566	678	0.19381889700889587	0.5508532524108887	0.18902896344661713	0.5508532524108887	0.36182427406311035	0.025023937225341797	1.5694808959960938
2cx_vs_anchorunmoved	37933	393	regressed	393	329	0.6744360327720642	0.3622813820838928	0.6744360327720642	0.3127036392688751	-0.3617323935031891	2.0712509155273438	0.14716529846191406
2cx_vs_anchorunmoved	48785	460	regressed	460	913	0.5097872018814087	0.6352536082267761	0.5097872018814087	0.14841654896736145	-0.36137065291404724	0.6708197593688965	1.4540014266967773
2cx_vs_anchorunmoved	6917	367	regressed	367	369	0.4319723844528198	0.5604895949363708	0.4319723844528198	0.070754274725914	-0.36121809482574463	0.4926261901855469	1.219541072845459
2cx_vs_anchorunmoved	361	686	improved	685	686	0.23055224120616913	0.578218936920166	0.217745840549469	0.578218936920166	0.360473096370697	0.05714893341064453	1.5680689811706543
2cx_vs_anchorunmoved	8276	772	improved	949	772	0.5668193697929382	0.6040684580802917	0.24372227489948273	0.6040684580802917	0.3603461980819702	0.8440113067626953	1.5621652603149414
2cx_vs_anchorunmoved	38425	857	regressed	857	885	0.49298006296157837	0.2260775864124298	0.49298006296157837	0.13283567130565643	-0.36014437675476074	2.1740827560424805	0.5317654609680176
2cx_vs_anchorunmoved	44678	258	improved	270	258	0.4229784607887268	0.5853907465934753	0.22750324010849	0.5853907465934753	0.35788750648498535	0.6201567649841309	1.1612839698791504
2cx_vs_anchorunmoved	1741	297	regressed	297	234	0.5061648488044739	0.349151611328125	0.5061648488044739	0.14920936524868011	-0.35695546865463257	1.8063278198242188	0.8501558303833008
2cx_vs_anchorunmoved	4252	758	improved	543	758	0.38558924198150635	0.5237113237380981	0.16838200390338898	0.5237113237380981	0.35532933473587036	0.8285374641418457	1.7649421691894531
2cx_vs_anchorunmoved	30763	694	improved	858	694	0.3559384047985077	0.3636375665664673	0.009887656196951866	0.3636375665664673	0.3537499010562897	1.9570584297180176	1.1742281913757324
2cx_vs_anchorunmoved	29072	59	improved	753	59	0.354961097240448	0.6269214749336243	0.27384260296821594	0.6269214749336243	0.3530788719654083	0.25945472717285156	1.1536779403686523
2cx_vs_anchorunmoved	15263	171	improved	178	171	0.39265117049217224	0.5571601986885071	0.2044023871421814	0.5571601986885071	0.3527578115463257	0.6528310775756836	2.1597375869750977
2cx_vs_anchorunmoved	14468	793	regressed	793	614	0.572043776512146	0.5936682820320129	0.572043776512146	0.2193208932876587	-0.3527228832244873	0.7227010726928711	0.9957847595214844
2cx_vs_anchorunmoved	15504	549	regressed	549	816	0.7103449106216431	0.3659727871417999	0.7103449106216431	0.3583603501319885	-0.35198456048965454	1.9789104461669922	0.021019935607910156
2cx_vs_anchorunmoved	47453	65	improved	390	65	0.36244988441467285	0.5972890257835388	0.24613328278064728	0.5972890257835388	0.35115575790405273	0.38701295852661133	1.5507149696350098
2cx_vs_anchorunmoved	15511	837	regressed	837	523	0.5966371297836304	0.4034265875816345	0.5966371297836304	0.24550847709178925	-0.35112863779067993	1.597069263458252	0.49666309356689453
2cx_vs_anchorunmoved	35028	796	regressed	796	443	0.4288310706615448	0.56879723072052	0.4288310706615448	0.07972068339586258	-0.3491103947162628	0.7539491653442383	1.9649949073791504
2cx_vs_anchorunmoved	27934	869	improved	834	869	0.2044922262430191	0.5417399406433105	0.19386209547519684	0.5417399406433105	0.3478778600692749	0.05338287353515625	1.5717535018920898
2cx_vs_anchorunmoved	30081	253	regressed	253	173	0.47246524691581726	0.7095714807510376	0.47246524691581726	0.12466385215520859	-0.3478013873100281	0.38604736328125	1.7390403747558594
2cx_vs_anchorunmoved	17250	869	improved	655	869	0.25844699144363403	0.49178242683410645	0.14477570354938507	0.49178242683410645	0.34700673818588257	0.5795049667358398	1.6392769813537598
2cx_vs_anchorunmoved	24555	723	improved	905	723	0.2264268398284912	0.36370334029197693	0.017434613779187202	0.36370334029197693	0.3462687134742737	1.3848538398742676	2.185913562774658
2cx_vs_anchorunmoved	18992	347	improved	295	347	0.30770865082740784	0.6075692772865295	0.26169756054878235	0.6075692772865295	0.3458717167377472	0.16196393966674805	2.0569348335266113
2cx_vs_anchorunmoved	20674	125	improved	78	125	0.391430139541626	0.7337568998336792	0.3888283967971802	0.7337568998336792	0.344928503036499	0.006669044494628906	2.46157169342041
2cx_vs_anchorunmoved	32373	451	regressed	451	584	0.5830305218696594	0.28483837842941284	0.5830305218696594	0.23883116245269775	-0.34419935941696167	1.7608208656311035	0.17616510391235352
2cx_vs_anchorunmoved	4611	996	improved	997	996	0.2948112487792969	0.48695996403694153	0.14282125234603882	0.48695996403694153	0.3441387116909027	0.7247414588928223	1.8057374954223633
2cx_vs_anchorunmoved	39693	635	improved	685	635	0.7649269104003906	0.4156321883201599	0.0728587806224823	0.4156321883201599	0.3427734076976776	2.35125732421875	0.024087905883789062
2cx_vs_anchorunmoved	5108	961	regressed	961	69	0.442657470703125	0.1607028990983963	0.442657470703125	0.10124686360359192	-0.3414106070995331	2.1712818145751953	0.46199560165405273
2cx_vs_anchorunmoved	49982	189	improved	219	189	0.10326265543699265	0.42924219369888306	0.08846487104892731	0.42924219369888306	0.34077733755111694	0.15467023849487305	1.7775936126708984
2cx_vs_anchorunmoved	3839	557	improved	538	557	0.4854887127876282	0.6901544332504272	0.35111531615257263	0.6901544332504272	0.3390391170978546	0.32404136657714844	1.3008689880371094
2cx_vs_anchorunmoved	29593	676	improved	162	676	0.3943011462688446	0.42947110533714294	0.09100519865751266	0.42947110533714294	0.3384658992290497	1.466198444366455	0.4087100028991699
2cx_vs_anchorunmoved	20705	165	improved	234	165	0.4163743257522583	0.6800569295883179	0.34249773621559143	0.6800569295883179	0.33755919337272644	0.19531965255737305	1.8987717628479004
2cx_vs_anchorunmoved	21297	830	improved	862	830	0.17507508397102356	0.3907824158668518	0.053580280393362045	0.3907824158668518	0.33720213174819946	1.1402382850646973	1.5160274505615234
2cx_vs_anchorunmoved	15008	170	improved	177	170	0.7889994382858276	0.4625907242298126	0.12607063353061676	0.4625907242298126	0.33652007579803467	1.83392333984375	0.07259082794189453
2cx_vs_anchorunmoved	22441	557	regressed	557	733	0.5058632493019104	0.34474366903305054	0.5058632493019104	0.16949395835399628	-0.33636927604675293	0.8526830673217773	0.7099838256835938
2cx_vs_anchorunmoved	4903	354	regressed	354	676	0.48566579818725586	0.4991033673286438	0.48566579818725586	0.1499454379081726	-0.33572036027908325	1.8574233055114746	1.2025418281555176
2cx_vs_anchorunmoved	21390	253	improved	173	253	0.3724365830421448	0.602627694606781	0.2670309543609619	0.602627694606781	0.3355967402458191	0.3327021598815918	1.5109591484069824
2cx_vs_anchorunmoved	10366	834	improved	906	834	0.24942646920681	0.5815850496292114	0.24605174362659454	0.5815850496292114	0.3355333209037781	0.013622283935546875	1.0174388885498047
2cx_vs_anchorunmoved	35133	49	improved	360	49	0.19464218616485596	0.4672514796257019	0.13260570168495178	0.4672514796257019	0.3346457779407501	0.38378286361694336	0.5219831466674805
2cx_vs_anchorunmoved	17363	601	improved	583	601	0.13109444081783295	0.4205181896686554	0.0860191062092781	0.4205181896686554	0.3344990909099579	0.42134857177734375	1.8568053245544434
2cx_vs_anchorunmoved	47197	943	improved	939	943	0.4979599714279175	0.6713848114013672	0.3369002640247345	0.6713848114013672	0.3344845473766327	0.3907327651977539	1.515392780303955
2cx_vs_anchorunmoved	7266	159	improved	211	159	0.4495672285556793	0.5543925762176514	0.22123019397258759	0.5543925762176514	0.3331623673439026	0.7090816497802734	1.5402026176452637
2cx_vs_anchorunmoved	21699	919	improved	788	919	0.24524906277656555	0.5662136673927307	0.23314130306243896	0.5662136673927307	0.33307236433029175	0.050629615783691406	2.667860507965088
2cx_vs_anchorunmoved	22226	17	regressed	17	14	0.7033892869949341	0.4250882863998413	0.7033892869949341	0.37040212750434875	-0.3329871594905853	2.174999237060547	0.13770771026611328
2cx_vs_anchorunmoved	31883	459	improved	684	459	0.49521690607070923	0.6699373126029968	0.3370319604873657	0.6699373126029968	0.3329053521156311	0.38481807708740234	1.271615982055664
2cx_vs_anchorunmoved	1364	159	regressed	159	168	0.6780427694320679	0.5061690807342529	0.6780427694320679	0.34516170620918274	-0.33288106322288513	1.0859928131103516	0.3828577995300293
2cx_vs_anchorunmoved	49106	597	improved	792	597	0.6759671568870544	0.456264853477478	0.12455730140209198	0.456264853477478	0.33170753717422485	1.6913785934448242	1.5274195671081543
2cx_vs_anchorunmoved	47250	483	regressed	483	972	0.4470023214817047	0.153887540102005	0.4470023214817047	0.11636020243167877	-0.33064210414886475	2.189293384552002	0.27953147888183594
2cx_vs_anchorunmoved	40093	530	improved	409	530	0.581778347492218	0.47610390186309814	0.14635448157787323	0.47610390186309814	0.3297494053840637	1.3800578117370605	0.4325418472290039
2cx_vs_anchorunmoved	1572	827	regressed	827	423	0.4439217746257782	0.1667262464761734	0.4439217746257782	0.11522029340267181	-0.3287014961242676	2.2797365188598633	0.3695073127746582
2cx_vs_anchorunmoved	17818	630	regressed	630	514	0.6036620736122131	0.33710145950317383	0.6036620736122131	0.27530086040496826	-0.3283612132072449	1.6372346878051758	0.20251941680908203
2cx_vs_anchorunmoved	48992	740	improved	587	740	0.6012675166130066	0.38908669352531433	0.06089285388588905	0.38908669352531433	0.3281938433647156	1.3791170120239258	0.4917593002319336
2cx_vs_anchorunmoved	48909	52	improved	314	52	0.26803484559059143	0.5517716407775879	0.22364245355129242	0.5517716407775879	0.3281291723251343	0.18106842041015625	2.131305694580078
2cx_vs_anchorunmoved	42699	843	regressed	843	660	0.5351654887199402	0.4054401218891144	0.5351654887199402	0.20884573459625244	-0.32631975412368774	2.2115583419799805	0.6633772850036621
2cx_vs_anchorunmoved	38779	700	regressed	700	731	0.49379050731658936	0.23361057043075562	0.49379050731658936	0.16836780309677124	-0.3254227042198181	0.641444206237793	0.32750463485717773
2cx_vs_anchorunmoved	33963	49	improved	50	49	0.39217326045036316	0.7139449715614319	0.38866662979125977	0.7139449715614319	0.3252783417701721	0.008981704711914062	1.6157331466674805
2cx_vs_anchorunmoved	2675	937	improved	938	937	0.49027469754219055	0.7121031880378723	0.3872475028038025	0.7121031880378723	0.3248556852340698	0.2359018325805664	1.545638084411621
2cx_vs_anchorunmoved	38310	804	regressed	804	412	0.4942779242992401	0.6876697540283203	0.4942779242992401	0.1696869432926178	-0.3245909810066223	0.3816108703613281	1.3993535041809082
2cx_vs_anchorunmoved	8967	885	improved	584	885	0.3548232614994049	0.4696224331855774	0.14505068957805634	0.4696224331855774	0.32457172870635986	0.8945364952087402	0.5114436149597168
2cx_vs_anchorunmoved	43399	770	regressed	770	643	0.3682498633861542	0.6310188174247742	0.3682498633861542	0.04382762685418129	-0.3244222402572632	0.3319587707519531	1.7801990509033203
2cx_vs_anchorunmoved	7683	589	improved	722	589	0.33700406551361084	0.38785284757614136	0.0646551176905632	0.38785284757614136	0.32319772243499756	1.424281120300293	1.22418212890625
2cx_vs_anchorunmoved	34793	150	regressed	150	976	0.5260526537895203	0.3444851338863373	0.5260526537895203	0.20439842343330383	-0.32165423035621643	0.7907605171203613	0.521979808807373
2cx_vs_anchorunmoved	14975	200	regressed	200	226	0.4496840238571167	0.7292549014091492	0.4496840238571167	0.1283205896615982	-0.3213634490966797	0.0748300552368164	1.7374916076660156
2cx_vs_anchorunmoved	4905	91	regressed	91	86	0.3427357077598572	0.3779737055301666	0.3427357077598572	0.022394243627786636	-0.32034146785736084	0.48636960983276367	0.7369370460510254
2cx_vs_anchorunmoved	2572	610	regressed	610	887	0.42655253410339355	0.16945905983448029	0.42655253410339355	0.10648917406797409	-0.32006335258483887	1.35554838180542	0.24219131469726562
2cx_vs_anchorunmoved	3573	969	improved	725	969	0.23195505142211914	0.5431965589523315	0.22325651347637177	0.5431965589523315	0.3199400305747986	0.038222312927246094	1.2260785102844238
2cx_vs_anchorunmoved	1931	37	improved	35	37	0.39447221159935	0.6326874494552612	0.31314894556999207	0.6326874494552612	0.31953850388526917	0.23086977005004883	1.4246373176574707
2cx_vs_anchorunmoved	35771	590	regressed	590	487	0.616549015045166	0.5077211260795593	0.616549015045166	0.29846787452697754	-0.3180811405181885	0.906578540802002	0.5312700271606445
2cx_vs_anchorunmoved	19225	798	improved	712	798	0.27051490545272827	0.5604926943778992	0.24269598722457886	0.5604926943778992	0.3177967071533203	0.10851764678955078	2.3292222023010254
2cx_vs_anchorunmoved	14304	834	improved	457	834	0.3466312885284424	0.6049022674560547	0.28729644417762756	0.6049022674560547	0.3176058232784271	0.18774700164794922	1.4682621955871582
2cx_vs_anchorunmoved	8446	346	regressed	346	345	0.45619428157806396	0.7109090685844421	0.45619428157806396	0.1390400379896164	-0.3171542286872864	0.6807336807250977	1.6317825317382812
2cx_vs_anchorunmoved	24409	804	regressed	804	899	0.657325267791748	0.38036465644836426	0.657325267791748	0.34059107303619385	-0.3167341947555542	1.920600414276123	0.11044788360595703
2cx_vs_anchorunmoved	23828	447	regressed	447	872	0.3988267779350281	0.41898423433303833	0.3988267779350281	0.08221553266048431	-0.31661123037338257	0.5588836669921875	1.6284890174865723
2cx_vs_anchorunmoved	31670	518	improved	671	518	0.38560155034065247	0.6014929413795471	0.28559672832489014	0.6014929413795471	0.315896213054657	0.30022382736206055	1.2935452461242676
2cx_vs_anchorunmoved	15537	58	improved	30	58	0.27672240138053894	0.4310270845890045	0.11528731882572174	0.4310270845890045	0.3157397508621216	0.0476069450378418	0.8112502098083496
2cx_vs_anchorunmoved	36074	836	improved	619	836	0.29175665974617004	0.3845573961734772	0.06892438232898712	0.3845573961734772	0.31563299894332886	1.1281795501708984	0.14197635650634766
2cx_vs_anchorunmoved	8624	944	improved	953	944	0.27083536982536316	0.48796945810317993	0.173550084233284	0.48796945810317993	0.31441938877105713	0.44504499435424805	1.575467586517334
2cx_vs_anchorunmoved	48278	317	regressed	317	316	0.5597290992736816	0.544142484664917	0.5597290992736816	0.24537630379199982	-0.314352810382843	0.8288335800170898	0.7964181900024414
2cx_vs_anchorunmoved	47479	501	improved	841	501	0.4946964979171753	0.6637389659881592	0.3495174050331116	0.6637389659881592	0.3142215609550476	0.34739112854003906	0.9654254913330078
2cx_vs_anchorunmoved	13792	764	regressed	764	515	0.5727985501289368	0.4758833050727844	0.5727985501289368	0.2593807876110077	-0.3134177625179291	1.23689603805542	0.6068754196166992
2cx_vs_anchorunmoved	9785	519	regressed	519	491	0.7115693092346191	0.43740376830101013	0.7115693092346191	0.39868512749671936	-0.3128841817378998	1.9386506080627441	0.09268474578857422
2cx_vs_anchorunmoved	47750	624	improved	481	624	0.19185882806777954	0.4121551513671875	0.09945756942033768	0.4121551513671875	0.3126975893974304	0.017580032348632812	1.2492623329162598
2cx_vs_anchorunmoved	33651	261	regressed	261	192	0.521661102771759	0.5807694792747498	0.521661102771759	0.20922650396823883	-0.3124346137046814	0.6358880996704102	1.0209364891052246
2cx_vs_anchorunmoved	44575	58	regressed	58	53	0.45481377840042114	0.29933521151542664	0.45481377840042114	0.14252164959907532	-0.3122921288013458	0.757850170135498	0.4489126205444336
2cx_vs_anchorunmoved	44770	756	improved	877	756	0.29932284355163574	0.46137404441833496	0.1495618373155594	0.46137404441833496	0.31181222200393677	0.6938128471374512	1.3996219635009766
2cx_vs_anchorunmoved	47350	187	improved	200	187	0.5451585650444031	0.4333954453468323	0.12206985801458359	0.4333954453468323	0.3113255798816681	1.496483325958252	0.8698511123657227
2cx_vs_anchorunmoved	5360	838	improved	929	838	0.5081775188446045	0.5849776268005371	0.2739432156085968	0.5849776268005371	0.3110344111919403	0.6179099082946777	1.006880283355713
2cx_vs_anchorunmoved	10396	918	regressed	918	769	0.44196149706840515	0.22607946395874023	0.44196149706840515	0.13118986785411835	-0.310771644115448	2.0936269760131836	0.5442409515380859
2cx_vs_anchorunmoved	37461	147	improved	34	147	0.24396511912345886	0.4314061403274536	0.12092165648937225	0.4314061403274536	0.31048446893692017	0.17564916610717773	1.1610255241394043
2cx_vs_anchorunmoved	7610	813	regressed	813	415	0.5285832285881042	0.37313610315322876	0.5285832285881042	0.2182028591632843	-0.31038036942481995	1.0259027481079102	0.5365180969238281
2cx_vs_anchorunmoved	24990	282	regressed	282	285	0.47479066252708435	0.34754613041877747	0.47479066252708435	0.16461732983589172	-0.3101733326911926	0.6899685859680176	0.7472739219665527
2cx_vs_anchorunmoved	45639	907	regressed	907	883	0.6167274117469788	0.39518415927886963	0.6167274117469788	0.3066292405128479	-0.31009817123413086	1.9027409553527832	0.25371265411376953
2cx_vs_anchorunmoved	34738	897	regressed	897	971	0.6499801278114319	0.4723794162273407	0.6499801278114319	0.34048575162887573	-0.30949437618255615	1.4538040161132812	0.3274092674255371
2cx_vs_anchorunmoved	8234	917	regressed	917	611	0.4733816087245941	0.3276377320289612	0.4733816087245941	0.16429153084754944	-0.3090900778770447	1.4032063484191895	0.6902661323547363
2cx_vs_anchorunmoved	34522	454	improved	860	454	0.330275297164917	0.5234355926513672	0.21511077880859375	0.5234355926513672	0.30832481384277344	0.4287734031677246	0.7901997566223145
2cx_vs_anchorunmoved	44635	721	regressed	721	741	0.6563877463340759	0.41224902868270874	0.6563877463340759	0.3481992185115814	-0.3081885278224945	1.5501632690429688	0.1688528060913086
2cx_vs_anchorunmoved	32922	238	improved	241	238	0.3923683166503906	0.6485353708267212	0.3403734564781189	0.6485353708267212	0.3081619143486023	0.14215755462646484	1.4518938064575195
2cx_vs_anchorunmoved	33964	652	regressed	652	830	0.642166018486023	0.4749751389026642	0.642166018486023	0.33400896191596985	-0.3081570565700531	1.6167855262756348	0.3520946502685547
2cx_vs_anchorunmoved	17980	621	improved	870	621	0.3233174979686737	0.5561107993125916	0.2482655644416809	0.5561107993125916	0.30784523487091064	0.26413583755493164	1.454970359802246
2cx_vs_anchorunmoved	31096	54	improved	63	54	0.510299563407898	0.4601905345916748	0.15261349081993103	0.4601905345916748	0.3075770437717438	1.2070894241333008	1.1991796493530273
2cx_vs_anchorunmoved	10560	462	improved	696	462	0.5392270684242249	0.6561928391456604	0.3486612141132355	0.6561928391456604	0.3075316250324249	0.4360361099243164	0.9699811935424805
2cx_vs_anchorunmoved	42430	647	improved	968	647	0.22121310234069824	0.4852999746799469	0.17978350818157196	0.4852999746799469	0.30551648139953613	0.20737314224243164	1.5459742546081543
2cx_vs_anchorunmoved	9110	748	regressed	748	414	0.7072314023971558	0.453225314617157	0.7072314023971558	0.4029597342014313	-0.3042716681957245	1.3828458786010742	0.1175527572631836
2cx_vs_anchorunmoved	8989	447	regressed	447	471	0.5632463693618774	0.5167678594589233	0.5632463693618774	0.26016101241111755	-0.3030853569507599	0.7192277908325195	0.6862931251525879
2cx_vs_anchorunmoved	46452	610	regressed	610	443	0.5869699716567993	0.4158753454685211	0.5869699716567993	0.2841390371322632	-0.30283093452453613	1.6154446601867676	0.3809218406677246
2cx_vs_anchorunmoved	18797	77	regressed	77	73	0.5152990221977234	0.5175374746322632	0.5152990221977234	0.21272577345371246	-0.3025732636451721	0.7046771049499512	0.8890781402587891
2cx_vs_anchorunmoved	43273	941	regressed	941	950	0.4231199324131012	0.20455439388751984	0.4231199324131012	0.12074384093284607	-0.3023760914802551	1.1294097900390625	0.5271625518798828
2cx_vs_anchorunmoved	575	733	improved	561	733	0.41913750767707825	0.6379016041755676	0.33586016297340393	0.6379016041755676	0.3020414412021637	0.22150421142578125	1.2163496017456055
2cx_vs_anchorunmoved	28288	914	regressed	914	484	0.3985227346420288	0.3454269766807556	0.3985227346420288	0.0975833460688591	-0.3009393811225891	0.6420660018920898	0.09164285659790039
2cx_vs_anchorunmoved	41231	99	improved	127	99	0.6787694692611694	0.46536216139793396	0.16484317183494568	0.46536216139793396	0.3005189895629883	1.4152870178222656	0.5609259605407715
2cx_vs_anchorunmoved	43625	737	improved	898	737	0.4233782887458801	0.6603066921234131	0.35998034477233887	0.6603066921234131	0.3003263473510742	0.1622166633605957	1.619089126586914
2cx_vs_anchorunmoved	7150	513	improved	875	513	0.6846258640289307	0.48138415813446045	0.1814851611852646	0.48138415813446045	0.29989898204803467	1.3276987075805664	0.7344398498535156
2cx_vs_anchorunmoved	15157	62	improved	114	62	0.16272135078907013	0.4262324869632721	0.12656977772712708	0.4262324869632721	0.299662709236145	0.25124549865722656	1.4704194068908691
2cx_vs_anchorunmoved	25561	223	improved	227	223	0.4713168740272522	0.544493556022644	0.24570511281490326	0.544493556022644	0.2987884283065796	0.6513986587524414	1.0046257972717285
2cx_vs_anchorunmoved	23506	618	improved	696	618	0.5614108443260193	0.38816365599632263	0.08976129442453384	0.38816365599632263	0.2984023690223694	1.833299160003662	1.2287845611572266
2cx_vs_anchorunmoved	10082	418	improved	784	418	0.5826044678688049	0.5768583416938782	0.2785060703754425	0.5768583416938782	0.29835227131843567	0.7380685806274414	0.7934250831604004
2cx_vs_anchorunmoved	28999	377	regressed	377	378	0.5621461272239685	0.4553736448287964	0.5621461272239685	0.2640766501426697	-0.29806947708129883	1.1428117752075195	0.5448789596557617
2cx_vs_anchorunmoved	38963	924	regressed	924	923	0.41571396589279175	0.45780128240585327	0.41571396589279175	0.1178419440984726	-0.29787200689315796	0.5177369117736816	1.357090950012207
2cx_vs_anchorunmoved	19796	759	improved	745	759	0.7209250926971436	0.4677029550075531	0.17003686726093292	0.4677029550075531	0.297666072845459	1.4445199966430664	0.43112754821777344
2cx_vs_anchorunmoved	5266	536	regressed	536	484	0.508242130279541	0.6191887259483337	0.508242130279541	0.21083113551139832	-0.2974109947681427	0.6101398468017578	1.077352523803711
2cx_vs_anchorunmoved	9864	377	improved	380	377	0.18579110503196716	0.45274701714515686	0.15557700395584106	0.45274701714515686	0.2971700131893158	0.17748212814331055	1.4473037719726562
2cx_vs_anchorunmoved	9836	631	improved	804	631	0.6183227300643921	0.621029794216156	0.32418113946914673	0.621029794216156	0.2968486547470093	0.6457080841064453	0.7292633056640625
2cx_vs_anchorunmoved	44406	310	improved	314	310	0.6180689334869385	0.39457428455352783	0.09797997027635574	0.39457428455352783	0.2965943217277527	1.841836929321289	0.0951995849609375
2cx_vs_anchorunmoved	45279	639	improved	702	639	0.3633808493614197	0.4863792955875397	0.1901198774576187	0.4863792955875397	0.29625940322875977	0.647796630859375	1.3753719329833984
2cx_vs_anchorunmoved	4493	705	improved	547	705	0.45938026905059814	0.7104201912879944	0.4148389995098114	0.7104201912879944	0.295581191778183	0.10198783874511719	1.3355755805969238
2cx_vs_anchorunmoved	23073	774	improved	464	774	0.2880067825317383	0.504008412361145	0.20844745635986328	0.504008412361145	0.29556095600128174	0.32329702377319336	1.520230770111084
2cx_vs_anchorunmoved	47324	856	improved	634	856	0.526349663734436	0.4806634783744812	0.1862778663635254	0.4806634783744812	0.2943856120109558	1.0387263298034668	0.5859894752502441
2cx_vs_anchorunmoved	29248	588	improved	431	588	0.32632771134376526	0.5586243271827698	0.2645115554332733	0.5586243271827698	0.29411277174949646	0.21001720428466797	1.4774360656738281
2cx_vs_anchorunmoved	38232	589	improved	191	589	0.4192778170108795	0.48819035291671753	0.19411177933216095	0.48819035291671753	0.2940785884857178	0.7700996398925781	1.7232666015625
2cx_vs_anchorunmoved	35293	292	improved	291	292	0.32519692182540894	0.42348018288612366	0.12955978512763977	0.42348018288612366	0.2939203977584839	0.9202885627746582	0.9230155944824219
2cx_vs_anchorunmoved	24182	217	regressed	217	195	0.45113733410835266	0.21801342070102692	0.45113733410835266	0.15731090307235718	-0.2938264310359955	2.16514253616333	0.32633256912231445
2cx_vs_anchorunmoved	48504	575	improved	573	575	0.6812544465065002	0.39051997661590576	0.09675487875938416	0.39051997661590576	0.2937650978565216	1.9517550468444824	0.07920694351196289
2cx_vs_anchorunmoved	8943	913	improved	724	913	0.395358681678772	0.6386334896087646	0.3451210856437683	0.6386334896087646	0.29351240396499634	0.13589811325073242	1.5829010009765625
2cx_vs_anchorunmoved	26237	757	improved	497	757	0.41783788800239563	0.34415480494499207	0.05111350864171982	0.34415480494499207	0.29304128885269165	1.8348503112792969	0.7112894058227539
2cx_vs_anchorunmoved	28837	154	regressed	154	262	0.6859762072563171	0.47399425506591797	0.6859762072563171	0.3932054340839386	-0.29277077317237854	1.281357765197754	0.18686294555664062
2cx_vs_anchorunmoved	31978	67	regressed	67	68	0.3835618197917938	0.1394779533147812	0.3835618197917938	0.09296153485774994	-0.2906002998352051	1.594200611114502	0.40572071075439453
2cx_vs_anchorunmoved	23232	868	improved	415	868	0.43367040157318115	0.5802716016769409	0.2902080714702606	0.5802716016769409	0.2900635302066803	0.4016866683959961	1.1921758651733398
2cx_vs_anchorunmoved	36270	317	improved	316	317	0.47819650173187256	0.6338514685630798	0.3446761965751648	0.6338514685630798	0.28917527198791504	0.32741641998291016	1.2660818099975586
2cx_vs_anchorunmoved	25766	911	improved	885	911	0.4469369053840637	0.5254072546958923	0.23648396134376526	0.5254072546958923	0.2889232933521271	0.6365370750427246	1.3638033866882324
2cx_vs_anchorunmoved	41097	587	regressed	587	767	0.4890603721141815	0.2560780346393585	0.4890603721141815	0.2001829445362091	-0.2888774275779724	1.028965950012207	0.24625062942504883
2cx_vs_anchorunmoved	16130	673	regressed	673	530	0.5854158997535706	0.3094666302204132	0.5854158997535706	0.2967451810836792	-0.28867071866989136	1.364342212677002	0.0419764518737793
2cx_vs_anchorunmoved	39568	615	regressed	615	841	0.3335644006729126	0.2542271912097931	0.3335644006729126	0.04533347487449646	-0.28823092579841614	1.1609115600585938	0.00937652587890625
2cx_vs_anchorunmoved	12035	213	improved	207	213	0.4833131432533264	0.5875123143196106	0.2993437945842743	0.5875123143196106	0.2881685197353363	0.47907209396362305	0.801795482635498
2cx_vs_anchorunmoved	33792	467	improved	582	467	0.5879267454147339	0.5583686232566833	0.2704688608646393	0.5583686232566833	0.28789976239204407	0.7764453887939453	0.6921572685241699
2cx_vs_anchorunmoved	22107	612	improved	870	612	0.3257583975791931	0.4641698896884918	0.1765703409910202	0.4641698896884918	0.2875995635986328	0.6124367713928223	0.5438528060913086
2cx_vs_anchorunmoved	43421	498	regressed	498	762	0.45477139949798584	0.22670972347259521	0.45477139949798584	0.16723287105560303	-0.2875385284423828	1.6189117431640625	0.20458316802978516
2cx_vs_anchorunmoved	45100	347	improved	342	347	0.45780399441719055	0.5225204229354858	0.23539438843727112	0.5225204229354858	0.2871260344982147	0.6651787757873535	0.6786360740661621
2cx_vs_anchorunmoved	44621	643	improved	501	643	0.46649855375289917	0.44380873441696167	0.15734203159809113	0.44380873441696167	0.28646671772003174	1.0868330001831055	0.6317272186279297
2cx_vs_anchorunmoved	38868	334	improved	337	334	0.4478284418582916	0.6029605865478516	0.31652718782424927	0.6029605865478516	0.2864333987236023	0.3470010757446289	0.8719396591186523
2cx_vs_anchorunmoved	10243	198	improved	196	198	0.5205823183059692	0.6441705822944641	0.357937753200531	0.6441705822944641	0.2862328290939331	0.3745889663696289	0.9384956359863281
2cx_vs_anchorunmoved	26722	369	regressed	369	367	0.43717503547668457	0.7377645969390869	0.43717503547668457	0.1509537547826767	-0.2862212657928467	0.06987380981445312	1.58665132522583
2cx_vs_anchorunmoved	38292	830	improved	487	830	0.25702720880508423	0.4416539967060089	0.1554805040359497	0.4416539967060089	0.2861734926700592	0.5026617050170898	2.1532583236694336
2cx_vs_anchorunmoved	36292	88	regressed	88	21	0.5854266881942749	0.41717061400413513	0.5854266881942749	0.2993588149547577	-0.2860678732395172	1.1057734489440918	0.33185243606567383
2cx_vs_anchorunmoved	11207	363	improved	362	363	0.34446659684181213	0.5390360355377197	0.2542855739593506	0.5390360355377197	0.28475046157836914	0.3035392761230469	1.3537492752075195
2cx_vs_anchorunmoved	939	669	improved	831	669	0.4410332143306732	0.48028555512428284	0.1963152140378952	0.48028555512428284	0.28397035598754883	0.8093986511230469	1.0344443321228027
2cx_vs_anchorunmoved	18879	723	improved	862	723	0.45697399973869324	0.49105650186538696	0.20774783194065094	0.49105650186538696	0.2833086848258972	0.7883014678955078	0.5868310928344727
2cx_vs_anchorunmoved	30800	568	regressed	568	735	0.5934298634529114	0.39494284987449646	0.5934298634529114	0.3102037310600281	-0.2832261323928833	1.1022014617919922	0.24151182174682617
2cx_vs_anchorunmoved	36967	923	regressed	923	965	0.4444296956062317	0.4664651155471802	0.4444296956062317	0.16122078895568848	-0.2832089066505432	1.1571145057678223	1.062408447265625
2cx_vs_anchorunmoved	8746	839	regressed	839	718	0.4601225256919861	0.3274018466472626	0.4601225256919861	0.17706528306007385	-0.28305724263191223	0.7918701171875	0.6146697998046875
2cx_vs_anchorunmoved	49224	64	improved	55	64	0.5929000973701477	0.5354370474815369	0.25243255496025085	0.5354370474815369	0.283004492521286	0.8538818359375	0.4899559020996094
2cx_vs_anchorunmoved	5250	454	improved	453	454	0.690881609916687	0.4659792482852936	0.18298110365867615	0.4659792482852936	0.28299814462661743	1.3285856246948242	0.23384571075439453
2cx_vs_anchorunmoved	22422	580	improved	428	580	0.6720157265663147	0.5381083488464355	0.25527065992355347	0.5381083488464355	0.2828376889228821	0.9679574966430664	0.28189849853515625
2cx_vs_anchorunmoved	48677	876	improved	733	876	0.3150480389595032	0.33540016412734985	0.05287539213895798	0.33540016412734985	0.2825247645378113	1.0739731788635254	0.2466268539428711
2cx_vs_anchorunmoved	31082	322	regressed	322	326	0.4484217166900635	0.7076317071914673	0.4484217166900635	0.16599290072917938	-0.2824288010597229	0.20671939849853516	1.4499788284301758
2cx_vs_anchorunmoved	9042	252	regressed	252	197	0.4421493709087372	0.3593383729457855	0.4421493709087372	0.1598968356847763	-0.28225255012512207	0.9139924049377441	0.8097357749938965
2cx_vs_anchorunmoved	23928	623	improved	813	623	0.3809596598148346	0.48587852716445923	0.20373591780662537	0.48587852716445923	0.28214260935783386	0.6258687973022461	0.967862606048584
2cx_vs_anchorunmoved	47381	449	regressed	449	975	0.5865768790245056	0.3909654915332794	0.5865768790245056	0.30614110827445984	-0.2804357707500458	1.1297879219055176	0.24457311630249023
2cx_vs_anchorunmoved	38246	457	improved	697	457	0.5129209756851196	0.47369393706321716	0.19346408545970917	0.47369393706321716	0.2802298665046692	0.9750299453735352	0.8688473701477051
2cx_vs_anchorunmoved	39459	776	regressed	776	875	0.4925057291984558	0.3393363058567047	0.4925057291984558	0.21256640553474426	-0.27993932366371155	1.5239653587341309	0.46773719787597656
2cx_vs_anchorunmoved	32861	337	improved	360	337	0.434266060590744	0.5878344178199768	0.30814993381500244	0.5878344178199768	0.27968448400497437	0.34307098388671875	1.281787395477295
2cx_vs_anchorunmoved	20865	860	improved	415	860	0.2790357768535614	0.5190504789352417	0.23947188258171082	0.5190504789352417	0.2795785963535309	0.15290403366088867	1.0033035278320312
2cx_vs_anchorunmoved	10381	790	improved	473	790	0.36982256174087524	0.45661282539367676	0.17703570425510406	0.45661282539367676	0.2795771360397339	0.7366719245910645	0.5136704444885254
2cx_vs_anchorunmoved	16659	787	regressed	787	491	0.485752135515213	0.23744884133338928	0.485752135515213	0.20627838373184204	-0.27947375178337097	1.8880071640014648	0.14072561264038086
2cx_vs_anchorunmoved	40532	202	regressed	202	228	0.373127281665802	0.11187379062175751	0.373127281665802	0.09374933689832687	-0.27937793731689453	1.8543882369995117	0.17674684524536133
2cx_vs_anchorunmoved	21964	936	improved	728	936	0.3789494037628174	0.6038429141044617	0.3248005211353302	0.6038429141044617	0.27904239296913147	0.1541914939880371	1.5021076202392578
2cx_vs_anchorunmoved	18685	498	regressed	498	781	0.46792706847190857	0.4929954707622528	0.46792706847190857	0.18900945782661438	-0.2789176106452942	0.7914361953735352	0.9587030410766602
2cx_vs_anchorunmoved	21225	809	regressed	809	924	0.5255221128463745	0.25003594160079956	0.5255221128463745	0.2469901591539383	-0.2785319685935974	1.0871586799621582	0.012256145477294922
2cx_vs_anchorunmoved	26245	133	regressed	133	141	0.40969333052635193	0.1701829731464386	0.40969333052635193	0.13166362047195435	-0.2780297100543976	1.12727689743042	0.19607114791870117
2cx_vs_anchorunmoved	42600	237	improved	253	237	0.6747116446495056	0.3635459542274475	0.08626006543636322	0.3635459542274475	0.2772858738899231	2.0569186210632324	0.25633764266967773
2cx_vs_anchorunmoved	29042	784	improved	813	784	0.3996250331401825	0.46182093024253845	0.18471840023994446	0.46182093024253845	0.277102530002594	0.7716941833496094	1.1556639671325684
2cx_vs_anchorunmoved	36026	716	improved	552	716	0.5914520621299744	0.5925268530845642	0.3158387541770935	0.5925268530845642	0.2766880989074707	0.6273488998413086	0.5601711273193359
2cx_vs_anchorunmoved	7911	283	improved	285	283	0.6074562668800354	0.36002013087272644	0.08343583345413208	0.36002013087272644	0.27658429741859436	1.9852023124694824	0.29604673385620117
2cx_vs_anchorunmoved	19637	652	regressed	652	413	0.43534621596336365	0.6203995943069458	0.43534621596336365	0.15876421332359314	-0.2765820026397705	0.32472705841064453	1.3629436492919922
2cx_vs_anchorunmoved	34849	303	regressed	303	994	0.3730041980743408	0.35483840107917786	0.3730041980743408	0.09658747911453247	-0.27641671895980835	1.6985058784484863	1.301213264465332
2cx_vs_anchorunmoved	21311	699	improved	568	699	0.6358495354652405	0.30676472187042236	0.03038451075553894	0.30676472187042236	0.2763802111148834	3.0410289764404297	0.9595708847045898
2cx_vs_anchorunmoved	48478	108	regressed	108	393	0.6615862250328064	0.4700811803340912	0.6615862250328064	0.3860301375389099	-0.2755560874938965	1.1154255867004395	0.1969900131225586
2cx_vs_anchorunmoved	40286	537	regressed	537	248	0.5408582091331482	0.3776119649410248	0.5408582091331482	0.2654394507408142	-0.275418758392334	0.8660039901733398	0.352480411529541
2cx_vs_anchorunmoved	12029	3	regressed	3	2	0.5818601250648499	0.6374170780181885	0.5818601250648499	0.3069990873336792	-0.27486103773117065	0.5194215774536133	0.7305793762207031
2cx_vs_anchorunmoved	2820	478	improved	921	478	0.10134962946176529	0.32936739921569824	0.054976362735033035	0.32936739921569824	0.2743910253047943	0.23107433319091797	1.5443129539489746
2cx_vs_anchorunmoved	28570	898	regressed	898	899	0.6287454962730408	0.5841842889785767	0.6287454962730408	0.35509154200553894	-0.27365395426750183	0.6894941329956055	0.49784088134765625
2cx_vs_anchorunmoved	43395	615	improved	899	615	0.2652260363101959	0.49285632371902466	0.21988607943058014	0.49285632371902466	0.2729702591896057	0.18747282028198242	1.5219001770019531
2cx_vs_anchorunmoved	31969	519	regressed	519	521	0.35818952322006226	0.2483828216791153	0.35818952322006226	0.085544154047966	-0.27264535427093506	0.6545424461364746	0.7204751968383789
2cx_vs_anchorunmoved	15565	494	regressed	494	653	0.30499476194381714	0.6000750660896301	0.30499476194381714	0.032806992530822754	-0.2721877694129944	0.5364527702331543	2.317573070526123
2cx_vs_anchorunmoved	5003	446	improved	636	446	0.3829357326030731	0.3372671902179718	0.06561631709337234	0.3372671902179718	0.27165088057518005	0.19768619537353516	0.4859952926635742
2cx_vs_anchorunmoved	24672	715	improved	652	715	0.42166823148727417	0.5650250315666199	0.29341763257980347	0.5650250315666199	0.2716073989868164	0.3626217842102051	1.0437169075012207
2cx_vs_anchorunmoved	33770	644	improved	470	644	0.5618675947189331	0.40533527731895447	0.13444232940673828	0.40533527731895447	0.2708929479122162	1.430130958557129	0.1635880470275879
2cx_vs_anchorunmoved	32833	355	regressed	355	9	0.39111897349357605	0.6383211612701416	0.39111897349357605	0.12126464396715164	-0.269854336977005	0.2770400047302246	1.6608662605285645
2cx_vs_anchorunmoved	13614	834	improved	391	834	0.27736490964889526	0.5231954455375671	0.2542160153388977	0.5231954455375671	0.26897943019866943	0.08714962005615234	1.8745121955871582
2cx_vs_anchorunmoved	22364	772	regressed	772	455	0.415720671415329	0.6866381168365479	0.415720671415329	0.14716176688671112	-0.26855891942977905	0.11570453643798828	1.5402750968933105
2cx_vs_anchorunmoved	10161	624	regressed	624	454	0.5667552947998047	0.5775309205055237	0.5667552947998047	0.298316091299057	-0.2684392035007477	0.7456464767456055	0.6606082916259766
2cx_vs_anchorunmoved	27392	830	improved	652	830	0.44061198830604553	0.6034597158432007	0.3353348672389984	0.6034597158432007	0.26812484860420227	0.27303504943847656	1.1020946502685547
2cx_vs_anchorunmoved	14731	7	regressed	7	86	0.4071134328842163	0.2521129250526428	0.4071134328842163	0.13902360200881958	-0.26808983087539673	1.1859321594238281	0.5952334403991699
2cx_vs_anchorunmoved	19366	73	improved	77	73	0.2844458520412445	0.5307096242904663	0.2626614272594452	0.5307096242904663	0.2680481970310211	0.07967710494995117	1.514078140258789
2cx_vs_anchorunmoved	29713	205	regressed	205	224	0.43743157386779785	0.3877711594104767	0.43743157386779785	0.17044773697853088	-0.26698383688926697	0.49114274978637695	0.3843498229980469
2cx_vs_anchorunmoved	31720	368	regressed	368	384	0.545056164264679	0.3295583724975586	0.545056164264679	0.27817457914352417	-0.2668815851211548	1.3615140914916992	0.16950464248657227
2cx_vs_anchorunmoved	12318	97	improved	99	97	0.30994606018066406	0.5430632829666138	0.276201456785202	0.5430632829666138	0.26686182618141174	0.11526775360107422	1.7914390563964844
2cx_vs_anchorunmoved	16667	352	improved	351	352	0.6036971807479858	0.36852073669433594	0.10197742283344269	0.36852073669433594	0.26654332876205444	1.7783212661743164	0.03396749496459961
2cx_vs_anchorunmoved	49101	374	regressed	374	368	0.6264626383781433	0.3998366594314575	0.6264626383781433	0.36035266518592834	-0.26610997319221497	1.6147446632385254	0.1039729118347168
2cx_vs_anchorunmoved	14502	219	regressed	219	218	0.5533872246742249	0.5286062359809875	0.5533872246742249	0.2887353003025055	-0.26465192437171936	0.8013467788696289	0.6047334671020508
2cx_vs_anchorunmoved	22138	477	improved	551	477	0.17741772532463074	0.41401177644729614	0.14959631860256195	0.41401177644729614	0.264415442943573	0.15078163146972656	1.574134349822998
2cx_vs_anchorunmoved	12853	283	improved	281	283	0.5924270153045654	0.46800103783607483	0.20366592705249786	0.46800103783607483	0.26433509588241577	1.067746639251709	0.2131214141845703
2cx_vs_anchorunmoved	3771	905	regressed	905	858	0.5345456004142761	0.4586833119392395	0.5345456004142761	0.27045443654060364	-0.2640911638736725	0.8848543167114258	0.5282564163208008
2cx_vs_anchorunmoved	27518	858	improved	789	858	0.44994857907295227	0.44308745861053467	0.17945067584514618	0.44308745861053467	0.2636367678642273	0.9192328453063965	0.7373337745666504
2cx_vs_anchorunmoved	31693	895	improved	403	895	0.4566085636615753	0.6486769318580627	0.38523924350738525	0.6486769318580627	0.2634376883506775	0.16996192932128906	0.9560527801513672
2cx_vs_anchorunmoved	34796	468	regressed	468	436	0.5053535103797913	0.4015054404735565	0.5053535103797913	0.24262869358062744	-0.2627248167991638	0.8083400726318359	0.5036888122558594
2cx_vs_anchorunmoved	31493	420	improved	714	420	0.6461777091026306	0.3449266254901886	0.08248261362314224	0.3449266254901886	0.26244401931762695	1.9818458557128906	0.03494548797607422
2cx_vs_anchorunmoved	38632	429	regressed	429	988	0.43180370330810547	0.19717822968959808	0.43180370330810547	0.16951382160186768	-0.2622898817062378	1.5361614227294922	0.15117359161376953
2cx_vs_anchorunmoved	5160	587	regressed	587	784	0.6123142242431641	0.4742906093597412	0.6123142242431641	0.3500746488571167	-0.26223957538604736	0.6964187622070312	0.30367374420166016
2cx_vs_anchorunmoved	40443	465	improved	652	465	0.5553485751152039	0.4258745610713959	0.16364052891731262	0.4258745610713959	0.26223403215408325	1.221923828125	0.12198925018310547
2cx_vs_anchorunmoved	40174	686	improved	592	686	0.43341657519340515	0.6602886319160461	0.3999043405056	0.6602886319160461	0.26038429141044617	0.0804738998413086	1.0445871353149414
2cx_vs_anchorunmoved	1435	572	improved	503	572	0.5245127081871033	0.43031734228134155	0.17057055234909058	0.43031734228134155	0.259746789932251	1.1233205795288086	1.12648344039917
2cx_vs_anchorunmoved	49983	441	regressed	441	903	0.3582864999771118	0.3845420181751251	0.3582864999771118	0.09879209101200104	-0.259494423866272	0.17193603515625	0.9527297019958496
2cx_vs_anchorunmoved	40593	540	regressed	540	718	0.3617011308670044	0.4073249101638794	0.3617011308670044	0.10235939174890518	-0.2593417465686798	0.27533626556396484	1.0490798950195312
2cx_vs_anchorunmoved	46555	218	improved	215	218	0.5086497664451599	0.4512726068496704	0.19227315485477448	0.4512726068496704	0.25899946689605713	0.9728426933288574	0.339688777923584
2cx_vs_anchorunmoved	20714	203	regressed	203	229	0.3528371751308441	0.28180909156799316	0.3528371751308441	0.09552773088216782	-0.2573094367980957	1.877507209777832	1.0818133354187012
2cx_vs_anchorunmoved	14607	377	regressed	377	335	0.4243015944957733	0.46426528692245483	0.4243015944957733	0.1681990772485733	-0.2561025023460388	0.26001787185668945	1.015307903289795
2cx_vs_anchorunmoved	33023	22	improved	21	22	0.5562928318977356	0.4263579547405243	0.17129813134670258	0.4263579547405243	0.2550598382949829	1.177889347076416	0.540748119354248
2cx_vs_anchorunmoved	8718	315	regressed	315	320	0.31662517786026	0.38650938868522644	0.31662517786026	0.06158694997429848	-0.25503823161125183	0.3512454032897949	1.0715980529785156
2cx_vs_anchorunmoved	48023	68	improved	749	68	0.2418411374092102	0.296029657125473	0.041281379759311676	0.296029657125473	0.25474828481674194	1.1087021827697754	0.3901329040527344
2cx_vs_anchorunmoved	15747	864	regressed	864	468	0.4821758568286896	0.5836813449859619	0.4821758568286896	0.22803783416748047	-0.2541380226612091	0.43535900115966797	0.9398436546325684
2cx_vs_anchorunmoved	21728	514	regressed	514	711	0.5785066485404968	0.33639460802078247	0.5785066485404968	0.32479292154312134	-0.2537137269973755	0.8084945678710938	0.03509712219238281
2cx_vs_anchorunmoved	35422	367	regressed	367	369	0.4509766697883606	0.5237687230110168	0.4509766697883606	0.19739407300949097	-0.25358259677886963	0.4301261901855469	0.9758481979370117
2cx_vs_anchorunmoved	29552	329	regressed	329	126	0.32957032322883606	0.3755650818347931	0.32957032322883606	0.07599183171987534	-0.2535784840583801	0.3167285919189453	0.10184144973754883
2cx_vs_anchorunmoved	3319	199	improved	252	199	0.3399845063686371	0.5408831238746643	0.2876426875591278	0.5408831238746643	0.2532404363155365	0.16718101501464844	1.3956918716430664
2cx_vs_anchorunmoved	46807	753	improved	783	753	0.31201639771461487	0.4178350567817688	0.16468559205532074	0.4178350567817688	0.25314944982528687	0.6390175819396973	1.1732425689697266
2cx_vs_anchorunmoved	26101	505	improved	827	505	0.6185483932495117	0.45142894983291626	0.19853022694587708	0.45142894983291626	0.2528987228870392	1.1364340782165527	0.20727157592773438
2cx_vs_anchorunmoved	9635	503	regressed	503	550	0.3627678155899048	0.2955392003059387	0.3627678155899048	0.11016742140054703	-0.25260040163993835	1.2632088661193848	0.9868001937866211
2cx_vs_anchorunmoved	18759	437	regressed	437	460	0.6564109921455383	0.505577802658081	0.6564109921455383	0.4038759768009186	-0.25253501534461975	1.0256242752075195	0.2245941162109375
2cx_vs_anchorunmoved	32308	266	regressed	266	202	0.2927793264389038	0.5189530253410339	0.2927793264389038	0.040309011936187744	-0.25247031450271606	0.09301328659057617	2.2411885261535645
2cx_vs_anchorunmoved	47271	647	improved	438	647	0.3178049623966217	0.43278226256370544	0.18161289393901825	0.43278226256370544	0.2511693835258484	0.5595602989196777	0.2529110908508301
2cx_vs_anchorunmoved	41591	478	regressed	478	674	0.4114059805870056	0.25340506434440613	0.4114059805870056	0.1602735072374344	-0.2511324882507324	1.1356425285339355	0.45810747146606445
2cx_vs_anchorunmoved	5459	190	improved	196	190	0.5070541501045227	0.512249767780304	0.26149895787239075	0.512249767780304	0.2507508099079132	0.6621875762939453	0.6815671920776367
2cx_vs_anchorunmoved	9493	705	regressed	705	565	0.450591504573822	0.621472179889679	0.450591504573822	0.1999422162771225	-0.25064927339553833	0.36562538146972656	1.1340627670288086
2cx_vs_anchorunmoved	13544	593	regressed	593	626	0.3426715135574341	0.18644019961357117	0.3426715135574341	0.09204626828432083	-0.25062525272369385	0.41927003860473633	0.04242849349975586
2cx_vs_anchorunmoved	14100	650	improved	813	650	0.6932451128959656	0.35064634680747986	0.10066883265972137	0.35064634680747986	0.24997751414775848	1.9295473098754883	0.19541597366333008
2cx_vs_anchorunmoved	23081	592	improved	481	592	0.2006271481513977	0.3932914137840271	0.14373745024204254	0.3932914137840271	0.24955396354198456	0.33345985412597656	1.3597431182861328
2cx_vs_anchorunmoved	29161	983	improved	801	983	0.40911218523979187	0.5846286416053772	0.33519771695137024	0.5846286416053772	0.24943092465400696	0.19926881790161133	1.050717830657959
2cx_vs_anchorunmoved	20972	377	improved	378	377	0.4099458158016205	0.5188470482826233	0.269437700510025	0.5188470482826233	0.24940934777259827	0.41968774795532227	0.9473037719726562
2cx_vs_anchorunmoved	41483	110	regressed	110	115	0.5658714771270752	0.5455521941184998	0.5658714771270752	0.31741395592689514	-0.24845752120018005	0.6460332870483398	0.5415916442871094
2cx_vs_anchorunmoved	11416	391	improved	389	391	0.37548860907554626	0.3871458172798157	0.13904790580272675	0.3871458172798157	0.24809791147708893	0.9934096336364746	0.6204924583435059
2cx_vs_anchorunmoved	44878	723	improved	795	723	0.36058422923088074	0.5022501349449158	0.25481945276260376	0.5022501349449158	0.247430682182312	0.347170352935791	2.090529441833496
2cx_vs_anchorunmoved	18902	740	regressed	740	413	0.45873671770095825	0.2336134910583496	0.45873671770095825	0.2113712728023529	-0.24736544489860535	1.3996601104736328	0.1000518798828125
2cx_vs_anchorunmoved	21489	211	regressed	211	209	0.4836048483848572	0.35759982466697693	0.4836048483848572	0.23695136606693268	-0.2466534823179245	1.4001622200012207	0.4115595817565918
2cx_vs_anchorunmoved	15392	796	improved	518	796	0.4505879282951355	0.6427266597747803	0.39653629064559937	0.6427266597747803	0.2461903691291809	0.12778568267822266	1.2467379570007324
2cx_vs_anchorunmoved	23974	461	regressed	461	465	0.4229230284690857	0.39776360988616943	0.4229230284690857	0.1771732121706009	-0.2457498162984848	0.4414634704589844	0.8087301254272461
2cx_vs_anchorunmoved	23352	704	improved	920	704	0.4696232080459595	0.4059198200702667	0.16075001657009125	0.4059198200702667	0.24516980350017548	1.072080135345459	0.23993396759033203
2cx_vs_anchorunmoved	31063	751	improved	573	751	0.7078208923339844	0.3547307550907135	0.1096271499991417	0.3547307550907135	0.2451035976409912	1.8651061058044434	0.10357904434204102
2cx_vs_anchorunmoved	18782	903	regressed	903	883	0.3808187246322632	0.1775301843881607	0.3808187246322632	0.1359507292509079	-0.24486799538135529	1.7698707580566406	0.266848087310791
2cx_vs_anchorunmoved	29300	700	regressed	700	999	0.7253344058990479	0.5000147819519043	0.7253344058990479	0.480814129114151	-0.24452027678489685	1.0236997604370117	0.03915691375732422
2cx_vs_anchorunmoved	47870	693	regressed	693	472	0.5627822875976562	0.5117941498756409	0.5627822875976562	0.3183140456676483	-0.24446824193000793	0.8687057495117188	0.474884033203125
2cx_vs_anchorunmoved	41476	730	regressed	730	979	0.39607667922973633	0.36382293701171875	0.39607667922973633	0.1516992598772049	-0.24437741935253143	0.46913671493530273	0.8747673034667969
2cx_vs_anchorunmoved	35221	457	regressed	457	761	0.4286807179450989	0.3662046194076538	0.4286807179450989	0.1845788061618805	-0.24410191178321838	0.15841197967529297	0.6851158142089844
2cx_vs_anchorunmoved	46885	807	improved	811	807	0.41741421818733215	0.4148145020008087	0.17096257209777832	0.4148145020008087	0.2438519299030304	0.892634391784668	0.26314592361450195
2cx_vs_anchorunmoved	34030	935	regressed	935	962	0.5649087429046631	0.5237428545951843	0.5649087429046631	0.32112157344818115	-0.24378716945648193	0.7604742050170898	0.4891810417175293
2cx_vs_anchorunmoved	6008	549	regressed	549	539	0.42497968673706055	0.24082066118717194	0.42497968673706055	0.18123354017734528	-0.24374614655971527	1.3412461280822754	0.28426599502563477
2cx_vs_anchorunmoved	40393	386	improved	385	386	0.5545307397842407	0.43980497121810913	0.19606104493141174	0.43980497121810913	0.2437439262866974	1.039696216583252	0.33510589599609375
2cx_vs_anchorunmoved	12674	531	improved	530	531	0.6697915196418762	0.4743686318397522	0.23066115379333496	0.4743686318397522	0.24370747804641724	1.066016674041748	0.21541929244995117
2cx_vs_anchorunmoved	10041	209	regressed	209	256	0.3809037506580353	0.4109407365322113	0.3809037506580353	0.13731592893600464	-0.24358782172203064	0.7201991081237793	1.0961647033691406
2cx_vs_anchorunmoved	34744	615	regressed	615	556	0.3886891007423401	0.426590234041214	0.3886891007423401	0.14523957669734955	-0.24344952404499054	0.797266960144043	1.077439308166504
2cx_vs_anchorunmoved	22408	813	regressed	813	696	0.35483917593955994	0.3451232314109802	0.35483917593955994	0.11319965124130249	-0.24163952469825745	0.40482187271118164	0.5197057723999023
2cx_vs_anchorunmoved	13678	731	improved	523	731	0.2533796727657318	0.39905399084091187	0.15804161131381989	0.39905399084091187	0.24101237952709198	0.0042629241943359375	0.18940162658691406
2cx_vs_anchorunmoved	41319	785	regressed	785	772	0.4354272186756134	0.2859901189804077	0.4354272186756134	0.19516757130622864	-0.24025964736938477	1.4618396759033203	0.3820986747741699
2cx_vs_anchorunmoved	41704	802	improved	518	802	0.46882936358451843	0.412957102060318	0.17293524742126465	0.412957102060318	0.24002185463905334	0.997321605682373	0.15841388702392578
2cx_vs_anchorunmoved	11213	647	regressed	647	503	0.3729567229747772	0.1934961974620819	0.3729567229747772	0.13309957087039948	-0.23985715210437775	0.9367003440856934	0.21726655960083008
2cx_vs_anchorunmoved	16865	261	regressed	261	174	0.4597937762737274	0.49879592657089233	0.4597937762737274	0.21999910473823547	-0.23979467153549194	0.5257878303527832	0.8185734748840332
2cx_vs_anchorunmoved	44120	729	regressed	729	892	0.5341138243675232	0.5329484343528748	0.5341138243675232	0.29474565386772156	-0.23936817049980164	0.9389567375183105	0.5923118591308594
2cx_vs_anchorunmoved	33459	684	improved	541	684	0.4216219186782837	0.6185508370399475	0.3795348107814789	0.6185508370399475	0.23901602625846863	0.1051626205444336	1.050990104675293
2cx_vs_anchorunmoved	6626	148	improved	147	148	0.4629362225532532	0.6414784789085388	0.4027479290962219	0.6414784789085388	0.2387305498123169	0.13927841186523438	0.9236435890197754
2cx_vs_anchorunmoved	4424	838	improved	929	838	0.5614007115364075	0.3608630299568176	0.12227535992860794	0.3608630299568176	0.23858767747879028	1.5241594314575195	0.6318798065185547
2cx_vs_anchorunmoved	20586	902	improved	455	902	0.3832104802131653	0.336941123008728	0.09871383011341095	0.336941123008728	0.23822729289531708	1.3563594818115234	0.24137020111083984
2cx_vs_anchorunmoved	44912	2	improved	4	2	0.523216724395752	0.37191352248191833	0.134141743183136	0.37191352248191833	0.23777177929878235	1.3610987663269043	0.29530763626098633
2cx_vs_anchorunmoved	45224	715	regressed	715	491	0.2731102705001831	0.07715814560651779	0.2731102705001831	0.03610459342598915	-0.23700568079948425	1.712738037109375	0.2122502326965332
2cx_vs_anchorunmoved	39184	329	improved	679	329	0.23103930056095123	0.31824374198913574	0.08125284314155579	0.31824374198913574	0.23699089884757996	0.17064619064331055	0.7189269065856934
2cx_vs_anchorunmoved	35301	264	regressed	264	232	0.5838866829872131	0.41773173213005066	0.5838866829872131	0.3472568094730377	-0.23662987351417542	1.1592507362365723	0.18477487564086914
2cx_vs_anchorunmoved	2843	517	improved	536	517	0.28882426023483276	0.47501999139785767	0.23871445655822754	0.47501999139785767	0.23630553483963013	0.1905503273010254	0.5907392501831055
2cx_vs_anchorunmoved	18198	558	regressed	558	513	0.2878522574901581	0.378911554813385	0.2878522574901581	0.051600147038698196	-0.23625211417675018	0.7565484046936035	0.7334275245666504
2cx_vs_anchorunmoved	37837	313	regressed	313	46	0.33391469717025757	0.3396591544151306	0.33391469717025757	0.09790843725204468	-0.2360062599182129	0.3810453414916992	0.07481765747070312
2cx_vs_anchorunmoved	46655	446	regressed	446	893	0.6580747365951538	0.48602747917175293	0.6580747365951538	0.42208966612815857	-0.23598507046699524	0.8588972091674805	0.14104747772216797
2cx_vs_anchorunmoved	48873	962	improved	923	962	0.5277101397514343	0.3158281445503235	0.07986432313919067	0.3158281445503235	0.2359638214111328	1.723104476928711	0.1436147689819336
2cx_vs_anchorunmoved	43984	154	regressed	154	207	0.46829041838645935	0.33409905433654785	0.46829041838645935	0.23268376290798187	-0.23560665547847748	0.5130176544189453	0.3617572784423828
2cx_vs_anchorunmoved	22058	240	improved	238	240	0.49830612540245056	0.4960915148258209	0.2611851096153259	0.4960915148258209	0.234906405210495	0.6459851264953613	0.3538665771484375
2cx_vs_anchorunmoved	2168	327	regressed	327	65	0.3236585557460785	0.6297265887260437	0.3236585557460785	0.08908751606941223	-0.23457103967666626	0.3565850257873535	1.8944649696350098
2cx_vs_anchorunmoved	17739	194	improved	204	194	0.28712570667266846	0.3259960412979126	0.09155873209238052	0.3259960412979126	0.23443731665611267	0.13573169708251953	1.1691551208496094
2cx_vs_anchorunmoved	43052	813	improved	923	813	0.3258032202720642	0.43024468421936035	0.19593557715415955	0.43024468421936035	0.2343091070652008	0.5085077285766602	0.7731409072875977
2cx_vs_anchorunmoved	49202	511	improved	627	511	0.29917916655540466	0.5070534944534302	0.27291086316108704	0.5070534944534302	0.23414263129234314	0.09189748764038086	1.3149218559265137
2cx_vs_anchorunmoved	43976	468	regressed	468	454	0.2738516926765442	0.1511354297399521	0.2738516926765442	0.0401533879339695	-0.233698308467865	0.8817386627197266	0.33228540420532227
2cx_vs_anchorunmoved	429	964	improved	567	964	0.5763506293296814	0.30537787079811096	0.07176107168197632	0.30537787079811096	0.23361679911613464	2.0833740234375	0.6042766571044922
2cx_vs_anchorunmoved	22234	709	regressed	709	696	0.3708682954311371	0.1505763828754425	0.3708682954311371	0.13781975209712982	-0.23304854333400726	1.692967414855957	0.08852386474609375
2cx_vs_anchorunmoved	12201	47	regressed	47	67	0.25429219007492065	0.5020007491111755	0.25429219007492065	0.021765487268567085	-0.23252670466899872	0.33518266677856445	1.9202208518981934
2cx_vs_anchorunmoved	34531	47	improved	39	47	0.3359065055847168	0.2891418933868408	0.05727820098400116	0.2891418933868408	0.23186369240283966	0.34534740447998047	0.16943025588989258
2cx_vs_anchorunmoved	11159	963	improved	930	963	0.2377525269985199	0.33787602186203003	0.1060519739985466	0.33787602186203003	0.23182404041290283	0.7285151481628418	0.7859487533569336
2cx_vs_anchorunmoved	19391	436	improved	609	436	0.3142792880535126	0.5321630239486694	0.3003486394882202	0.5321630239486694	0.23181438446044922	0.04533815383911133	1.4547090530395508
2cx_vs_anchorunmoved	47035	431	improved	520	431	0.4572027623653412	0.40251919627189636	0.1711266189813614	0.40251919627189636	0.23139257729053497	0.9827232360839844	0.2984619140625
2cx_vs_anchorunmoved	5472	54	regressed	54	66	0.3832724690437317	0.3752973675727844	0.3832724690437317	0.15189053118228912	-0.23138193786144257	0.8453660011291504	0.9045586585998535
2cx_vs_anchorunmoved	45344	908	regressed	908	895	0.578292965888977	0.4603005349636078	0.578292965888977	0.34695228934288025	-0.2313406765460968	0.9366974830627441	0.28269243240356445
2cx_vs_anchorunmoved	41603	178	regressed	178	168	0.27616554498672485	0.4510355293750763	0.27616554498672485	0.045023489743471146	-0.231142058968544	0.5079083442687988	1.673060417175293
2cx_vs_anchorunmoved	26883	831	improved	750	831	0.6257492303848267	0.4591347575187683	0.22807668149471283	0.4591347575187683	0.23105807602405548	1.009267807006836	0.20972537994384766
2cx_vs_anchorunmoved	17923	818	regressed	818	619	0.5290706157684326	0.6144630312919617	0.5290706157684326	0.2985243797302246	-0.230546236038208	0.7155704498291016	0.7218971252441406
2cx_vs_anchorunmoved	20196	117	improved	608	117	0.26832202076911926	0.2862144410610199	0.055852942168712616	0.2862144410610199	0.23036149144172668	1.487093448638916	0.3995175361633301
2cx_vs_anchorunmoved	6150	686	regressed	686	773	0.48650503158569336	0.3270559310913086	0.48650503158569336	0.2563905715942383	-0.23011445999145508	1.7877349853515625	0.24342918395996094
2cx_vs_anchorunmoved	39680	765	regressed	765	857	0.5137873888015747	0.43822476267814636	0.5137873888015747	0.2844384014606476	-0.22934898734092712	0.5362472534179688	0.43221521377563477
2cx_vs_anchorunmoved	13070	671	regressed	671	518	0.501916766166687	0.5664888024330139	0.501916766166687	0.27271097898483276	-0.22920578718185425	0.20647430419921875	0.7310447692871094
2cx_vs_anchorunmoved	23075	162	regressed	162	161	0.4047825336456299	0.510963499546051	0.4047825336456299	0.17575900256633759	-0.2290235310792923	0.807462215423584	1.0671844482421875
2cx_vs_anchorunmoved	16925	135	improved	130	135	0.248493954539299	0.36823955178260803	0.13934682309627533	0.36823955178260803	0.2288927286863327	0.5784525871276855	1.6956429481506348
2cx_vs_anchorunmoved	29442	394	regressed	394	103	0.475459486246109	0.3365801274776459	0.475459486246109	0.24666941165924072	-0.2287900745868683	1.3142237663269043	0.3107872009277344
2cx_vs_anchorunmoved	11356	707	regressed	707	886	0.43990737199783325	0.36691373586654663	0.43990737199783325	0.2116745114326477	-0.22823286056518555	0.5123085975646973	0.550076961517334
2cx_vs_anchorunmoved	45281	511	improved	817	511	0.4694531559944153	0.5930653810501099	0.3653818666934967	0.5930653810501099	0.22768351435661316	0.2506256103515625	0.6246166229248047
2cx_vs_anchorunmoved	15442	818	regressed	818	619	0.5496402382850647	0.6244867444038391	0.5496402382850647	0.3229614496231079	-0.2266787886619568	0.27807044982910156	0.6593971252441406
2cx_vs_anchorunmoved	3214	544	improved	521	544	0.5326508283615112	0.5646436214447021	0.3379685878753662	0.5646436214447021	0.22667503356933594	0.4549131393432617	0.9206438064575195
2cx_vs_anchorunmoved	18917	200	regressed	200	229	0.46472129225730896	0.5599099397659302	0.46472129225730896	0.23816263675689697	-0.226558655500412	0.6764497756958008	0.8548221588134766
2cx_vs_anchorunmoved	12640	468	improved	654	468	0.5051569938659668	0.47524943947792053	0.24886012077331543	0.47524943947792053	0.2263893187046051	0.7079782485961914	0.6988177299499512
2cx_vs_anchorunmoved	42516	338	improved	361	338	0.4428940415382385	0.4205486476421356	0.19439569115638733	0.4205486476421356	0.2261529564857483	0.8234348297119141	0.4266514778137207
2cx_vs_anchorunmoved	46940	523	improved	462	523	0.34841278195381165	0.36845824122428894	0.14274117350578308	0.36845824122428894	0.22571706771850586	0.8923549652099609	0.45157670974731445
2cx_vs_anchorunmoved	39233	256	improved	224	256	0.3556862771511078	0.577882707118988	0.3524714410305023	0.577882707118988	0.22541126608848572	0.009079456329345703	1.2761421203613281
2cx_vs_anchorunmoved	6482	313	regressed	313	303	0.39763143658638	0.22576506435871124	0.39763143658638	0.1724652647972107	-0.2251661717891693	1.6160006523132324	0.2692990303039551
2cx_vs_anchorunmoved	46851	116	improved	502	116	0.25081565976142883	0.4077237844467163	0.18263278901576996	0.4077237844467163	0.22509099543094635	0.31724071502685547	2.338895797729492
2cx_vs_anchorunmoved	3710	707	improved	799	707	0.5265256762504578	0.46534815430641174	0.24033714830875397	0.46534815430641174	0.22501100599765778	0.7842574119567871	0.4346895217895508
2cx_vs_anchorunmoved	21155	921	improved	917	921	0.536655068397522	0.5923642516136169	0.3675054609775543	0.5923642516136169	0.22485879063606262	0.3786172866821289	0.6836738586425781
2cx_vs_anchorunmoved	41280	952	regressed	952	868	0.40673044323921204	0.4528253674507141	0.40673044323921204	0.18216624855995178	-0.22456419467926025	0.9018230438232422	0.9105868339538574
2cx_vs_anchorunmoved	3136	871	improved	780	871	0.3684792220592499	0.49737656116485596	0.2734055519104004	0.49737656116485596	0.22397100925445557	0.2984280586242676	1.1703472137451172
2cx_vs_anchorunmoved	2566	319	improved	320	319	0.5812636017799377	0.5322232246398926	0.3083378076553345	0.5322232246398926	0.2238854169845581	0.6340084075927734	0.4284024238586426
2cx_vs_anchorunmoved	7917	444	regressed	444	839	0.6004973649978638	0.4336291551589966	0.6004973649978638	0.37682580947875977	-0.223671555519104	0.9843988418579102	0.14040660858154297
2cx_vs_anchorunmoved	25750	933	regressed	933	923	0.3527882695198059	0.30577176809310913	0.3527882695198059	0.12925539910793304	-0.22353287041187286	0.07602262496948242	0.607090950012207
2cx_vs_anchorunmoved	17091	544	improved	521	544	0.3902646005153656	0.5128793716430664	0.2895018756389618	0.5128793716430664	0.22337749600410461	0.2986631393432617	1.1081433296203613
2cx_vs_anchorunmoved	48288	502	regressed	502	861	0.44572803378105164	0.3110492527484894	0.44572803378105164	0.22261403501033783	-0.2231139987707138	1.1964421272277832	0.33451175689697266
2cx_vs_anchorunmoved	37270	773	regressed	773	572	0.5864285826683044	0.5038240551948547	0.5864285826683044	0.3634544014930725	-0.22297418117523193	1.235856056213379	0.32657337188720703
2cx_vs_anchorunmoved	29346	733	improved	708	733	0.34489551186561584	0.5268180966377258	0.3040798008441925	0.5268180966377258	0.22273829579353333	0.12595129013061523	0.9677176475524902
2cx_vs_anchorunmoved	41062	623	improved	563	623	0.47442808747291565	0.3072236478328705	0.08518334478139877	0.3072236478328705	0.2220402956008911	0.6949481964111328	0.0016484260559082031
2cx_vs_anchorunmoved	18725	415	regressed	415	762	0.48811301589012146	0.6105278730392456	0.48811301589012146	0.2663312554359436	-0.22178176045417786	0.17063140869140625	0.8295831680297852
2cx_vs_anchorunmoved	22459	415	regressed	415	723	0.3693576157093048	0.160884290933609	0.3693576157093048	0.14799462258815765	-0.22136299312114716	1.3852834701538086	0.08350944519042969
2cx_vs_anchorunmoved	12104	78	improved	302	78	0.45278072357177734	0.5465999841690063	0.3253193497657776	0.5465999841690063	0.22128063440322876	0.3306007385253906	0.9195661544799805
2cx_vs_anchorunmoved	21166	697	regressed	697	496	0.5194951295852661	0.5969980359077454	0.5194951295852661	0.29836055636405945	-0.22113457322120667	0.43114185333251953	0.6936111450195312
2cx_vs_anchorunmoved	6334	824	improved	735	824	0.4264889657497406	0.55983567237854	0.33872976899147034	0.55983567237854	0.2211059033870697	0.23038387298583984	0.6760296821594238
2cx_vs_anchorunmoved	41661	172	improved	253	172	0.4878784716129303	0.409920334815979	0.18916723132133484	0.409920334815979	0.22075310349464417	0.9474349021911621	0.3652687072753906
2cx_vs_anchorunmoved	25420	708	regressed	708	873	0.4454527795314789	0.30164194107055664	0.4454527795314789	0.22524192929267883	-0.22021085023880005	1.2080063819885254	0.2920656204223633
2cx_vs_anchorunmoved	49146	55	regressed	55	64	0.49780845642089844	0.582247793674469	0.49780845642089844	0.2778107523918152	-0.21999770402908325	0.3226318359375	0.7399559020996094
2cx_vs_anchorunmoved	18217	567	improved	930	567	0.5176586508750916	0.41253283619880676	0.1925632208585739	0.41253283619880676	0.21996961534023285	0.9888916015625	0.38533926010131836
2cx_vs_anchorunmoved	31552	463	improved	756	463	0.4245520234107971	0.5910613536834717	0.371448278427124	0.5910613536834717	0.21961307525634766	0.13362503051757812	0.8037309646606445
2cx_vs_anchorunmoved	44881	373	regressed	373	372	0.45214083790779114	0.2809144854545593	0.45214083790779114	0.23268447816371918	-0.21945635974407196	1.3650975227355957	0.18836688995361328
2cx_vs_anchorunmoved	33643	506	regressed	506	117	0.5028635859489441	0.40960440039634705	0.5028635859489441	0.28374385833740234	-0.21911972761154175	0.7579007148742676	0.36711978912353516
2cx_vs_anchorunmoved	44292	747	improved	560	747	0.41522279381752014	0.5132691860198975	0.2943347096443176	0.5132691860198975	0.21893447637557983	0.3440976142883301	0.24951934814453125
2cx_vs_anchorunmoved	35323	341	improved	467	341	0.5729524493217468	0.542036771774292	0.3231915831565857	0.542036771774292	0.2188451886177063	0.5725574493408203	0.3649024963378906
2cx_vs_anchorunmoved	46430	238	regressed	238	240	0.4796602427959442	0.5084794163703918	0.4796602427959442	0.26114025712013245	-0.21851998567581177	0.4584846496582031	0.6663670539855957
2cx_vs_anchorunmoved	37500	278	regressed	278	277	0.5557429194450378	0.5690957307815552	0.5557429194450378	0.3374653458595276	-0.21827757358551025	0.5708227157592773	0.5225858688354492
2cx_vs_anchorunmoved	28049	1	regressed	1	393	0.4528546929359436	0.2493630200624466	0.4528546929359436	0.23465768992900848	-0.21819700300693512	0.8642692565917969	0.06078195571899414
2cx_vs_anchorunmoved	12047	348	regressed	348	519	0.30137208104133606	0.14718812704086304	0.30137208104133606	0.08319884538650513	-0.21817323565483093	1.8827018737792969	0.5045347213745117
2cx_vs_anchorunmoved	656	363	improved	106	363	0.21394702792167664	0.26367872953414917	0.045540355145931244	0.26367872953414917	0.21813836693763733	0.7655572891235352	0.6399073600769043
2cx_vs_anchorunmoved	7083	555	regressed	555	874	0.35338059067726135	0.1544904261827469	0.35338059067726135	0.1354707032442093	-0.21790988743305206	0.8086614608764648	0.1313767433166504
2cx_vs_anchorunmoved	2702	175	regressed	175	207	0.46330755949020386	0.3940682113170624	0.46330755949020386	0.2456032782793045	-0.21770428121089935	0.4026675224304199	0.472806453704834
2cx_vs_anchorunmoved	44126	400	improved	457	400	0.29247286915779114	0.3715190887451172	0.15386338531970978	0.3715190887451172	0.2176557034254074	0.6423068046569824	0.826423168182373
2cx_vs_anchorunmoved	33965	444	improved	904	444	0.24806912243366241	0.3395160138607025	0.12193726003170013	0.3395160138607025	0.21757875382900238	0.3877568244934082	0.6962528228759766
2cx_vs_anchorunmoved	7498	151	improved	253	151	0.399212509393692	0.5328935980796814	0.31596216559410095	0.5328935980796814	0.21693143248558044	0.2338714599609375	1.1095800399780273
2cx_vs_anchorunmoved	25347	211	improved	159	211	0.33443719148635864	0.500236451625824	0.28330689668655396	0.500236451625824	0.21692955493927002	0.16591835021972656	0.8347973823547363
2cx_vs_anchorunmoved	6594	269	improved	272	269	0.41307923197746277	0.509264349937439	0.2923716902732849	0.509264349937439	0.21689265966415405	0.3456134796142578	0.8107991218566895
2cx_vs_anchorunmoved	43858	692	regressed	692	591	0.3687094449996948	0.345027357339859	0.3687094449996948	0.15185503661632538	-0.21685440838336945	0.9296741485595703	0.8206973075866699
2cx_vs_anchorunmoved	46609	966	regressed	966	921	0.4149841070175171	0.549759566783905	0.4149841070175171	0.19820460677146912	-0.21677950024604797	0.2006378173828125	1.0201811790466309
2cx_vs_anchorunmoved	49567	760	regressed	760	648	0.5886462330818176	0.4087657928466797	0.5886462330818176	0.372481107711792	-0.21616512537002563	0.9380087852478027	0.0929560661315918
2cx_vs_anchorunmoved	1900	628	regressed	628	460	0.2817663252353668	0.18889319896697998	0.2817663252353668	0.0656345933675766	-0.21613173186779022	1.3143596649169922	0.3542046546936035
2cx_vs_anchorunmoved	7953	362	regressed	362	306	0.23718364536762238	0.6620461344718933	0.23718364536762238	0.021175839006900787	-0.216007798910141	0.6344642639160156	2.3581290245056152
2cx_vs_anchorunmoved	23337	544	regressed	544	521	0.5480631589889526	0.5070514678955078	0.5480631589889526	0.33212345838546753	-0.2159397006034851	0.5450868606567383	0.42310571670532227
2cx_vs_anchorunmoved	38938	97	regressed	97	137	0.4329829812049866	0.5872267484664917	0.4329829812049866	0.21744078397750854	-0.21554219722747803	0.3809385299682617	0.9934844970703125
2cx_vs_anchorunmoved	4045	591	regressed	591	728	0.6326891183853149	0.44700250029563904	0.6326891183853149	0.4172004461288452	-0.21548867225646973	1.024357795715332	0.06899738311767578
2cx_vs_anchorunmoved	19556	867	regressed	867	757	0.5302811861038208	0.4684129059314728	0.5302811861038208	0.3148943781852722	-0.21538680791854858	0.8525481224060059	0.3971128463745117
2cx_vs_anchorunmoved	19242	750	regressed	750	831	0.5000104904174805	0.37370765209198	0.5000104904174805	0.284646600484848	-0.21536388993263245	0.6655178070068359	0.27222537994384766
2cx_vs_anchorunmoved	30116	787	regressed	787	577	0.35146719217300415	0.29227346181869507	0.35146719217300415	0.13637663424015045	-0.2150905579328537	1.7140998840332031	0.7622694969177246
2cx_vs_anchorunmoved	39608	509	regressed	509	692	0.4620211124420166	0.35146474838256836	0.4620211124420166	0.2469315528869629	-0.2150895595550537	0.39739418029785156	0.3529982566833496
2cx_vs_anchorunmoved	36134	285	improved	284	285	0.4511650800704956	0.42765140533447266	0.2125733494758606	0.42765140533447266	0.21507805585861206	0.7525463104248047	0.62200927734375
2cx_vs_anchorunmoved	4970	287	regressed	287	356	0.4635993242263794	0.4654741883277893	0.4635993242263794	0.24868996441364288	-0.2149093598127365	0.4671821594238281	0.6268496513366699
2cx_vs_anchorunmoved	22152	838	improved	898	838	0.34908896684646606	0.42067229747772217	0.2058367282152176	0.42067229747772217	0.21483556926250458	0.5282435417175293	1.1134729385375977
2cx_vs_anchorunmoved	45277	395	regressed	395	58	0.23290251195430756	0.3528285026550293	0.23290251195430756	0.01837126351892948	-0.21453124284744263	0.388120174407959	1.4778857231140137
2cx_vs_anchorunmoved	23491	872	improved	759	872	0.41104045510292053	0.4675622880458832	0.2530793249607086	0.4675622880458832	0.21448296308517456	0.4849886894226074	0.6392760276794434
2cx_vs_anchorunmoved	37470	501	improved	452	501	0.4865629971027374	0.6658656001091003	0.4514324367046356	0.6658656001091003	0.21443316340446472	0.07494068145751953	0.9251461029052734
2cx_vs_anchorunmoved	13676	887	regressed	887	689	0.389520525932312	0.34409913420677185	0.389520525932312	0.17554143071174622	-0.2139790952205658	0.3576960563659668	0.6730546951293945
2cx_vs_anchorunmoved	45621	817	regressed	817	479	0.39217957854270935	0.2639422118663788	0.39217957854270935	0.17820186913013458	-0.21397770941257477	0.45085811614990234	0.16457891464233398
2cx_vs_anchorunmoved	24882	329	regressed	329	116	0.37715956568717957	0.17171503603458405	0.37715956568717957	0.16352038085460663	-0.21363918483257294	0.48207664489746094	0.04889869689941406
2cx_vs_anchorunmoved	34726	793	regressed	793	836	0.41349077224731445	0.2535091042518616	0.41349077224731445	0.1999318152666092	-0.21355895698070526	0.9184379577636719	0.23742341995239258
2cx_vs_anchorunmoved	37569	800	regressed	800	507	0.4152902364730835	0.36280032992362976	0.4152902364730835	0.20193292200565338	-0.21335731446743011	0.9460282325744629	0.5859169960021973
2cx_vs_anchorunmoved	45368	532	improved	799	532	0.3683823347091675	0.3410342037677765	0.12808117270469666	0.3410342037677765	0.21295303106307983	1.0564570426940918	0.6619977951049805
2cx_vs_anchorunmoved	7908	233	improved	267	233	0.33864626288414	0.419279545545578	0.20644980669021606	0.419279545545578	0.21282973885536194	0.49489879608154297	1.0625519752502441
2cx_vs_anchorunmoved	44113	423	improved	792	423	0.13575972616672516	0.3174179196357727	0.10479679703712463	0.3174179196357727	0.21262112259864807	0.2588634490966797	1.4282727241516113
2cx_vs_anchorunmoved	16486	49	regressed	49	50	0.583573043346405	0.49609827995300293	0.583573043346405	0.37102046608924866	-0.21255257725715637	0.9597678184509277	0.29051685333251953
2cx_vs_anchorunmoved	13740	904	regressed	904	828	0.4598952531814575	0.5697186589241028	0.4598952531814575	0.24738602340221405	-0.21250922977924347	0.29111337661743164	0.8341927528381348
2cx_vs_anchorunmoved	43036	339	improved	912	339	0.4259369671344757	0.6018111109733582	0.38955408334732056	0.6018111109733582	0.2122570276260376	0.08928871154785156	1.0671334266662598
2cx_vs_anchorunmoved	5	658	improved	496	658	0.3219134211540222	0.31587231159210205	0.10364625602960587	0.31587231159210205	0.21222606301307678	1.1332988739013672	0.8040485382080078
2cx_vs_anchorunmoved	1330	183	improved	267	183	0.26534026861190796	0.3892033100128174	0.1776609718799591	0.3892033100128174	0.21154233813285828	0.01615762710571289	0.6615452766418457
2cx_vs_anchorunmoved	11853	847	regressed	847	586	0.6097611784934998	0.4128926694393158	0.6097611784934998	0.3987201750278473	-0.21104100346565247	1.0889110565185547	0.0349278450012207
2cx_vs_anchorunmoved	11635	794	regressed	794	905	0.4289436936378479	0.2909899353981018	0.4289436936378479	0.2183840274810791	-0.2105596661567688	0.4629840850830078	0.2870335578918457
2cx_vs_anchorunmoved	23706	730	improved	523	730	0.18582981824874878	0.2806984484195709	0.07018637657165527	0.2806984484195709	0.21051207184791565	0.8067626953125	0.18210554122924805
2cx_vs_anchorunmoved	11147	700	regressed	700	591	0.5428394675254822	0.5140295624732971	0.5428394675254822	0.3326873481273651	-0.21015211939811707	0.6280527114868164	0.4350776672363281
2cx_vs_anchorunmoved	27504	246	improved	243	246	0.15494206547737122	0.36229395866394043	0.15219341218471527	0.36229395866394043	0.21010054647922516	0.017899036407470703	0.9196591377258301
2cx_vs_anchorunmoved	10603	245	regressed	245	189	0.3260880410671234	0.6337594985961914	0.3260880410671234	0.11622697860002518	-0.20986106991767883	0.1790781021118164	1.69612455368042
2cx_vs_anchorunmoved	41668	432	regressed	432	776	0.4380418360233307	0.3850405812263489	0.4380418360233307	0.2282087504863739	-0.2098330855369568	0.4915280342102051	0.45224523544311523
2cx_vs_anchorunmoved	3781	596	improved	499	596	0.5992429852485657	0.46705731749534607	0.25736695528030396	0.46705731749534607	0.20969036221504211	0.8451642990112305	0.09249401092529297
2cx_vs_anchorunmoved	17987	313	improved	77	313	0.20008814334869385	0.3781624436378479	0.16869665682315826	0.3781624436378479	0.20946578681468964	0.1706557273864746	1.4011754989624023
2cx_vs_anchorunmoved	699	494	regressed	494	442	0.5831748843193054	0.5447537302970886	0.5831748843193054	0.37442371249198914	-0.20875117182731628	0.6251630783081055	0.37494564056396484
2cx_vs_anchorunmoved	47977	588	regressed	588	868	0.6320129632949829	0.4447290301322937	0.6320129632949829	0.4233718514442444	-0.20864111185073853	0.9507899284362793	0.04921436309814453
2cx_vs_anchorunmoved	49783	923	regressed	923	924	0.5016701817512512	0.3488682508468628	0.5016701817512512	0.2931062877178192	-0.208563894033432	0.9550418853759766	0.17415904998779297
2cx_vs_anchorunmoved	1520	830	improved	461	830	0.07627221941947937	0.27025526762008667	0.06174321472644806	0.27025526762008667	0.2085120528936386	0.21132469177246094	1.2270355224609375
2cx_vs_anchorunmoved	3359	707	improved	877	707	0.4559737741947174	0.4826591908931732	0.274311363697052	0.4826591908931732	0.20834782719612122	0.508171558380127	0.7107892036437988
2cx_vs_anchorunmoved	23079	64	improved	55	64	0.39325618743896484	0.3916250169277191	0.18388856947422028	0.3916250169277191	0.20773644745349884	0.7601313591003418	0.20870590209960938
2cx_vs_anchorunmoved	22667	702	improved	422	702	0.42135342955589294	0.44809114933013916	0.24055996537208557	0.44809114933013916	0.2075311839580536	0.5605025291442871	1.1863598823547363
2cx_vs_anchorunmoved	38289	403	improved	895	403	0.4438212513923645	0.5259689092636108	0.3190615177154541	0.5259689092636108	0.20690739154815674	0.33003807067871094	0.4189472198486328
2cx_vs_anchorunmoved	48491	560	improved	439	560	0.15797744691371918	0.3618796467781067	0.15498962998390198	0.3618796467781067	0.2068900167942047	0.019093990325927734	0.9180831909179688
2cx_vs_anchorunmoved	28212	533	improved	443	533	0.4514162540435791	0.6440383791923523	0.4376169741153717	0.6440383791923523	0.2064214050769806	0.031045913696289062	0.9688544273376465
2cx_vs_anchorunmoved	15721	409	regressed	409	426	0.43050718307495117	0.45436975359916687	0.43050718307495117	0.2243715524673462	-0.20613563060760498	0.5780959129333496	0.7056078910827637
2cx_vs_anchorunmoved	4891	886	regressed	886	737	0.4680534899234772	0.5948730111122131	0.4680534899234772	0.2624205946922302	-0.20563289523124695	0.11885356903076172	0.8183994293212891
2cx_vs_anchorunmoved	7914	470	regressed	470	481	0.26603153347969055	0.32447826862335205	0.26603153347969055	0.06047114357352257	-0.20556038618087769	0.6012468338012695	1.1257376670837402
2cx_vs_anchorunmoved	43527	870	improved	665	870	0.4080296456813812	0.4341614246368408	0.22863136231899261	0.4341614246368408	0.2055300623178482	0.5792288780212402	0.4205183982849121
2cx_vs_anchorunmoved	41637	881	regressed	881	642	0.4005221426486969	0.24861083924770355	0.4005221426486969	0.1953226923942566	-0.2051994502544403	0.3496584892272949	0.12204265594482422
2cx_vs_anchorunmoved	3315	433	regressed	433	445	0.31842684745788574	0.3047160804271698	0.31842684745788574	0.1132647842168808	-0.20516206324100494	0.6352591514587402	0.5073533058166504
2cx_vs_anchorunmoved	6718	869	improved	523	869	0.169302836060524	0.2860693037509918	0.0809527039527893	0.2860693037509918	0.20511659979820251	0.06999969482421875	0.4573969841003418
2cx_vs_anchorunmoved	48237	820	improved	471	820	0.3683816194534302	0.569180965423584	0.36428502202033997	0.569180965423584	0.20489594340324402	0.011182785034179688	1.583531379699707
2cx_vs_anchorunmoved	38294	600	improved	677	600	0.2726019024848938	0.3411587178707123	0.1363394409418106	0.3411587178707123	0.20481927692890167	0.6928648948669434	0.7762537002563477
2cx_vs_anchorunmoved	26081	999	regressed	999	700	0.36378782987594604	0.4160206913948059	0.36378782987594604	0.1591571420431137	-0.20463068783283234	0.2887997627258301	0.9608430862426758
2cx_vs_anchorunmoved	12812	827	improved	800	827	0.4122801423072815	0.3655674159526825	0.16099786758422852	0.3655674159526825	0.20456954836845398	0.7347655296325684	0.9195041656494141
2cx_vs_anchorunmoved	14828	823	improved	617	823	0.2814229726791382	0.43677636981010437	0.23246176540851593	0.43677636981010437	0.20431460440158844	0.035990238189697266	0.4025149345397949
2cx_vs_anchorunmoved	6643	165	improved	234	165	0.24792271852493286	0.33990707993507385	0.1358494609594345	0.33990707993507385	0.20405761897563934	0.14238405227661133	0.8675217628479004
2cx_vs_anchorunmoved	11258	563	regressed	563	418	0.6008146405220032	0.5223346948623657	0.6008146405220032	0.39705345034599304	-0.20376119017601013	0.6011981964111328	0.27423763275146484
2cx_vs_anchorunmoved	18579	567	improved	909	567	0.16697056591510773	0.3545745313167572	0.15106798708438873	0.3545745313167572	0.20350654423236847	0.10008764266967773	0.9618887901306152
2cx_vs_anchorunmoved	40920	770	regressed	770	630	0.4532718062400818	0.4256332516670227	0.4532718062400818	0.24990613758563995	-0.20336566865444183	0.8113346099853516	0.5324926376342773
2cx_vs_anchorunmoved	30003	725	regressed	725	494	0.4553280472755432	0.3555773198604584	0.4553280472755432	0.25198617577552795	-0.20334187150001526	1.5140795707702637	0.34436845779418945
2cx_vs_anchorunmoved	20187	893	regressed	893	709	0.6003507375717163	0.4819299578666687	0.6003507375717163	0.39728468656539917	-0.20306605100631714	0.744532585144043	0.193145751953125
2cx_vs_anchorunmoved	44470	758	improved	491	758	0.19932669401168823	0.36278727650642395	0.15991351008415222	0.36278727650642395	0.20287376642227173	0.22031211853027344	0.810692310333252
2cx_vs_anchorunmoved	4198	413	regressed	413	465	0.466184139251709	0.5284673571586609	0.466184139251709	0.26333722472190857	-0.20284691452980042	0.5534467697143555	0.6965456008911133
2cx_vs_anchorunmoved	37411	592	regressed	592	754	0.31364426016807556	0.43218758702278137	0.31364426016807556	0.110814668238163	-0.20282959938049316	0.10769510269165039	1.0646734237670898
2cx_vs_anchorunmoved	30783	708	improved	668	708	0.43688610196113586	0.6360280513763428	0.43331220746040344	0.6360280513763428	0.20271584391593933	0.008213996887207031	0.8665857315063477
2cx_vs_anchorunmoved	7157	781	regressed	781	800	0.36463069915771484	0.4088931381702423	0.36463069915771484	0.16199660301208496	-0.20263409614562988	0.32328367233276367	0.9258785247802734
2cx_vs_anchorunmoved	36295	155	improved	204	155	0.5673988461494446	0.5029063820838928	0.30046460032463074	0.5029063820838928	0.20244178175926208	0.6357326507568359	0.30201244354248047
2cx_vs_anchorunmoved	47276	781	improved	530	781	0.6655281186103821	0.4716241955757141	0.2695920169353485	0.4716241955757141	0.2020321786403656	0.9036712646484375	0.3465132713317871
2cx_vs_anchorunmoved	31215	976	improved	649	976	0.4420396685600281	0.4183805584907532	0.2165389508008957	0.4183805584907532	0.20184160768985748	0.7136292457580566	0.8176174163818359
2cx_vs_anchorunmoved	19067	893	regressed	893	464	0.4041343629360199	0.23538771271705627	0.4041343629360199	0.2025829702615738	-0.2015513926744461	0.13145875930786133	0.1500844955444336
2cx_vs_anchorunmoved	37638	617	improved	749	617	0.14200198650360107	0.28610605001449585	0.0851924940943718	0.28610605001449585	0.20091354846954346	0.42794370651245117	1.167433738708496
2cx_vs_anchorunmoved	18612	472	regressed	472	978	0.38027986884117126	0.3456050753593445	0.38027986884117126	0.17963369190692902	-0.20064617693424225	0.5865397453308105	0.3034958839416504
2cx_vs_anchorunmoved	12221	241	improved	240	241	0.41871538758277893	0.5609408617019653	0.3606230616569519	0.5609408617019653	0.20031780004501343	0.14935827255249023	0.8192400932312012
2cx_vs_anchorunmoved	25967	539	improved	265	539	0.3264607787132263	0.30210697650909424	0.10229016840457916	0.30210697650909424	0.19981680810451508	0.12573671340942383	0.37095212936401367
2cx_vs_anchorunmoved	20212	230	improved	261	230	0.4170593321323395	0.511608362197876	0.31180688738822937	0.511608362197876	0.1998014748096466	0.2908444404602051	0.6159682273864746
2cx_vs_anchorunmoved	26888	691	improved	672	691	0.44502636790275574	0.5088427662849426	0.3099386394023895	0.5088427662849426	0.1989041268825531	0.3617591857910156	0.8878898620605469
2cx_vs_anchorunmoved	35958	307	regressed	307	302	0.5549623370170593	0.40938258171081543	0.5549623370170593	0.35612204670906067	-0.19884029030799866	0.7986350059509277	0.13937664031982422
2cx_vs_anchorunmoved	18160	189	regressed	189	201	0.3595746159553528	0.527661919593811	0.3595746159553528	0.1608068197965622	-0.1987677961587906	0.24898290634155273	1.1882519721984863
2cx_vs_anchorunmoved	17884	519	improved	737	519	0.42966505885124207	0.5754294991493225	0.3769621253013611	0.5754294991493225	0.19846737384796143	0.1308612823486328	1.3066411018371582
2cx_vs_anchorunmoved	8076	812	regressed	812	540	0.4119945466518402	0.406583309173584	0.4119945466518402	0.21416975557804108	-0.19782479107379913	0.3902459144592285	0.6410198211669922
2cx_vs_anchorunmoved	10189	815	regressed	815	74	0.47379806637763977	0.288531631231308	0.47379806637763977	0.2761690020561218	-0.19762906432151794	0.9876885414123535	0.043791770935058594
2cx_vs_anchorunmoved	34023	456	regressed	456	776	0.37340211868286133	0.607826828956604	0.37340211868286133	0.17601297795772552	-0.1973891407251358	0.8224868774414062	1.2393321990966797
2cx_vs_anchorunmoved	45123	594	improved	486	594	0.5775452256202698	0.4043945372104645	0.20704863965511322	0.4043945372104645	0.19734589755535126	1.0258331298828125	0.12961912155151367
2cx_vs_anchorunmoved	47052	416	regressed	416	702	0.5328356027603149	0.5253292918205261	0.5328356027603149	0.3356866240501404	-0.19714897871017456	0.5519261360168457	0.4478473663330078
2cx_vs_anchorunmoved	30772	395	regressed	395	65	0.23528645932674408	0.2859092652797699	0.23528645932674408	0.038363855332136154	-0.19692260026931763	0.5763592720031738	0.24086427688598633
2cx_vs_anchorunmoved	29916	180	improved	242	180	0.4358891248703003	0.3566010594367981	0.1597895324230194	0.3566010594367981	0.1968115270137787	1.003530502319336	0.08974218368530273
2cx_vs_anchorunmoved	49256	626	regressed	626	503	0.30702733993530273	0.14069095253944397	0.30702733993530273	0.1103995218873024	-0.19662782549858093	1.1640148162841797	0.24245977401733398
2cx_vs_anchorunmoved	37069	800	improved	468	800	0.4262049198150635	0.5101072788238525	0.31353652477264404	0.5101072788238525	0.1965707540512085	0.307004451751709	1.0355968475341797
2cx_vs_anchorunmoved	2701	141	regressed	141	142	0.42330607771873474	0.2634499669075012	0.42330607771873474	0.22721131145954132	-0.19609476625919342	1.5714941024780273	0.14798307418823242
2cx_vs_anchorunmoved	42163	33	regressed	33	34	0.4555973708629608	0.6129766702651978	0.4555973708629608	0.2596145272254944	-0.19598284363746643	0.2347264289855957	0.8591289520263672
2cx_vs_anchorunmoved	15543	899	regressed	899	756	0.4044084846973419	0.41658833622932434	0.4044084846973419	0.20861582458019257	-0.19579266011714935	0.49595212936401367	0.6916041374206543
2cx_vs_anchorunmoved	42308	618	improved	696	618	0.1586507111787796	0.29290276765823364	0.09723743796348572	0.29290276765823364	0.19566532969474792	0.025864601135253906	0.6350345611572266
2cx_vs_anchorunmoved	726	187	regressed	187	201	0.47850221395492554	0.41369375586509705	0.47850221395492554	0.2828669250011444	-0.19563528895378113	0.5263595581054688	0.38014936447143555
2cx_vs_anchorunmoved	17023	851	improved	564	851	0.39927780628204346	0.5711615681648254	0.37559762597084045	0.5711615681648254	0.19556394219398499	0.06113910675048828	0.7197451591491699
2cx_vs_anchorunmoved	18990	702	improved	642	702	0.31683188676834106	0.48941662907600403	0.29409411549568176	0.48941662907600403	0.19532251358032227	0.07447147369384766	1.4353690147399902
2cx_vs_anchorunmoved	20335	521	improved	960	521	0.323220431804657	0.48461437225341797	0.28960543870925903	0.48461437225341797	0.19500893354415894	0.10981512069702148	0.9832305908203125
2cx_vs_anchorunmoved	374	809	improved	551	809	0.45633453130722046	0.3421801030635834	0.14803911745548248	0.3421801030635834	0.1941409856081009	1.1257495880126953	0.530609130859375
2cx_vs_anchorunmoved	20330	270	improved	269	270	0.5235880613327026	0.5220789313316345	0.3281683921813965	0.5220789313316345	0.19391053915023804	0.4671783447265625	0.5952506065368652
2cx_vs_anchorunmoved	22579	760	improved	898	760	0.4668113887310028	0.41862156987190247	0.22484123706817627	0.41862156987190247	0.1937803328037262	0.7305307388305664	0.17586803436279297
2cx_vs_anchorunmoved	36773	401	regressed	401	889	0.5085045099258423	0.3504336476325989	0.5085045099258423	0.31490176916122437	-0.19360274076461792	0.5801830291748047	0.10691070556640625
2cx_vs_anchorunmoved	11896	830	improved	652	830	0.36650732159614563	0.3912712335586548	0.19779536128044128	0.3912712335586548	0.1934758722782135	0.5434765815734863	0.3833451271057129
2cx_vs_anchorunmoved	44174	818	improved	745	818	0.46588465571403503	0.36802443861961365	0.1746024638414383	0.36802443861961365	0.19342197477817535	0.9814262390136719	0.23714256286621094
2cx_vs_anchorunmoved	13886	676	regressed	676	173	0.5062387585639954	0.4103556275367737	0.5062387585639954	0.31298327445983887	-0.1932554841041565	0.8854031562805176	0.2708745002746582
2cx_vs_anchorunmoved	15239	598	regressed	598	664	0.42991605401039124	0.25611525774002075	0.42991605401039124	0.23668238520622253	-0.1932336688041687	0.7957873344421387	0.07890844345092773
2cx_vs_anchorunmoved	18911	192	improved	199	192	0.6137585639953613	0.48887646198272705	0.29644036293029785	0.48887646198272705	0.1924360990524292	0.7277555465698242	0.2098102569580078
2cx_vs_anchorunmoved	15637	66	improved	54	66	0.4286423623561859	0.44398048520088196	0.2515789568424225	0.44398048520088196	0.19240152835845947	0.5328660011291504	0.6233086585998535
2cx_vs_anchorunmoved	19851	862	improved	980	862	0.34510868787765503	0.4865013062953949	0.2941313683986664	0.4865013062953949	0.19236993789672852	0.15983295440673828	0.6527185440063477
2cx_vs_anchorunmoved	39123	319	regressed	319	320	0.6061187982559204	0.44465911388397217	0.6061187982559204	0.41393542289733887	-0.19218337535858154	1.0534915924072266	0.07159805297851562
2cx_vs_anchorunmoved	18717	828	regressed	828	969	0.5217052102088928	0.4636961817741394	0.5217052102088928	0.3295780420303345	-0.19212716817855835	0.6271257400512695	0.3414163589477539
2cx_vs_anchorunmoved	23320	968	improved	762	968	0.4074089527130127	0.34360843896865845	0.15148624777793884	0.34360843896865845	0.1921221911907196	0.9893226623535156	0.5417723655700684
2cx_vs_anchorunmoved	35052	924	regressed	924	965	0.42295530438423157	0.5790799856185913	0.42295530438423157	0.2308899611234665	-0.19206534326076508	0.018601417541503906	0.919499397277832
2cx_vs_anchorunmoved	13984	385	improved	386	385	0.4715588688850403	0.598613440990448	0.4067670404911041	0.598613440990448	0.19184640049934387	0.14780330657958984	0.7898941040039062
2cx_vs_anchorunmoved	6194	264	regressed	264	195	0.3499579429626465	0.26902690529823303	0.3499579429626465	0.15824072062969208	-0.1917172223329544	1.008169174194336	0.5306940078735352
2cx_vs_anchorunmoved	20027	585	regressed	585	968	0.4268563389778137	0.31571945548057556	0.4268563389778137	0.23518778383731842	-0.1916685551404953	0.7996091842651367	0.29446983337402344
2cx_vs_anchorunmoved	32081	305	regressed	305	78	0.4054388403892517	0.4048135280609131	0.4054388403892517	0.21382002532482147	-0.19161881506443024	1.206031322479248	0.6382918357849121
2cx_vs_anchorunmoved	11046	860	regressed	860	692	0.3363068997859955	0.30611366033554077	0.3363068997859955	0.1448083072900772	-0.19149859249591827	0.8140406608581543	0.7485456466674805
2cx_vs_anchorunmoved	10701	647	improved	828	647	0.45081520080566406	0.5670776963233948	0.37559694051742554	0.5670776963233948	0.19148075580596924	0.1825408935546875	0.8173227310180664
2cx_vs_anchorunmoved	7511	35	regressed	35	36	0.5124126672744751	0.3995633125305176	0.5124126672744751	0.321096271276474	-0.1913163959980011	0.9675045013427734	0.21863126754760742
2cx_vs_anchorunmoved	15456	824	regressed	824	533	0.4263586401939392	0.4739784896373749	0.4263586401939392	0.2350485771894455	-0.1913100630044937	0.4548211097717285	0.7013697624206543
2cx_vs_anchorunmoved	29750	170	improved	463	170	0.4302392899990082	0.2708137333393097	0.08043096959590912	0.2708137333393097	0.19038276374340057	1.5118184089660645	0.3859844207763672
2cx_vs_anchorunmoved	33325	872	improved	622	872	0.3122413158416748	0.40226680040359497	0.21280696988105774	0.40226680040359497	0.18945983052253723	0.3833909034729004	0.7102861404418945
2cx_vs_anchorunmoved	45551	32	improved	31	32	0.48987314105033875	0.3963027894496918	0.20694202184677124	0.3963027894496918	0.18936076760292053	0.8617076873779297	0.5131988525390625
2cx_vs_anchorunmoved	19972	712	improved	572	712	0.5905828475952148	0.22007039189338684	0.031138628721237183	0.22007039189338684	0.18893176317214966	2.887176513671875	0.5574464797973633
2cx_vs_anchorunmoved	29915	415	regressed	415	931	0.30100882053375244	0.14516350626945496	0.30100882053375244	0.1123642548918724	-0.18864455819129944	0.11870622634887695	0.2561149597167969
2cx_vs_anchorunmoved	18382	225	improved	271	225	0.4201074540615082	0.27569928765296936	0.08739306032657623	0.27569928765296936	0.18830622732639313	1.5700945854187012	0.29851770401000977
2cx_vs_anchorunmoved	21657	227	improved	179	227	0.469312459230423	0.4701671600341797	0.2821386754512787	0.4701671600341797	0.188028484582901	0.5088701248168945	0.5221343040466309
2cx_vs_anchorunmoved	33753	821	regressed	821	718	0.43786928057670593	0.5795357823371887	0.43786928057670593	0.249858558177948	-0.18801072239875793	0.09649181365966797	0.8413324356079102
2cx_vs_anchorunmoved	48531	432	improved	683	432	0.4979548454284668	0.5968188047409058	0.4093366265296936	0.5968188047409058	0.18748217821121216	0.19597148895263672	0.6791563034057617
2cx_vs_anchorunmoved	7824	477	improved	764	477	0.2670547664165497	0.3210442364215851	0.13410113751888275	0.3210442364215851	0.18694309890270233	0.6047978401184082	0.6858186721801758
2cx_vs_anchorunmoved	1664	671	regressed	671	518	0.5232439041137695	0.5792624950408936	0.5232439041137695	0.33636972308158875	-0.1868741810321808	0.20647430419921875	0.5435447692871094
2cx_vs_anchorunmoved	2791	241	improved	240	241	0.5545712113380432	0.5150631070137024	0.3282703161239624	0.5150631070137024	0.18679279088974	0.524357795715332	0.35048961639404297
2cx_vs_anchorunmoved	41030	633	improved	313	633	0.2458910048007965	0.2661982476711273	0.07944998145103455	0.2661982476711273	0.18674826622009277	1.1297607421875	0.8075046539306641
2cx_vs_anchorunmoved	31469	801	improved	983	801	0.36787164211273193	0.28643056750297546	0.10018344223499298	0.28643056750297546	0.18624712526798248	0.6110820770263672	0.13678216934204102
2cx_vs_anchorunmoved	19202	469	improved	909	469	0.45237329602241516	0.5643847584724426	0.37823134660720825	0.5643847584724426	0.18615341186523438	0.1790018081665039	1.1019887924194336
2cx_vs_anchorunmoved	10669	762	improved	441	762	0.3580440282821655	0.3933587372303009	0.20738248527050018	0.3933587372303009	0.18597625195980072	0.5460910797119141	0.7040271759033203
2cx_vs_anchorunmoved	49564	446	regressed	446	549	0.42028096318244934	0.480307400226593	0.42028096318244934	0.2344040423631668	-0.18587692081928253	0.03235340118408203	0.7173800468444824
2cx_vs_anchorunmoved	45189	271	regressed	271	274	0.408479779958725	0.5727928876876831	0.408479779958725	0.2226550430059433	-0.18582473695278168	0.4615778923034668	0.9449005126953125
2cx_vs_anchorunmoved	17956	426	regressed	426	778	0.3894140422344208	0.6173269748687744	0.3894140422344208	0.20365826785564423	-0.18575577437877655	0.20346689224243164	1.1089553833007812
2cx_vs_anchorunmoved	12157	625	improved	554	625	0.41588687896728516	0.5855075120925903	0.40018630027770996	0.5855075120925903	0.18532121181488037	0.0384831428527832	0.9299373626708984
2cx_vs_anchorunmoved	5236	248	regressed	248	269	0.30935749411582947	0.4562525451183319	0.30935749411582947	0.12405405938625336	-0.1853034347295761	0.5728960037231445	1.3023290634155273
2cx_vs_anchorunmoved	43603	341	improved	512	341	0.4175649583339691	0.2288978397846222	0.04376637935638428	0.2288978397846222	0.18513146042823792	0.9205145835876465	1.0580401420593262
2cx_vs_anchorunmoved	7237	919	improved	498	919	0.13764052093029022	0.2293609231710434	0.044241391122341156	0.2293609231710434	0.18511953949928284	0.07268619537353516	0.8165402412414551
2cx_vs_anchorunmoved	8059	272	regressed	272	271	0.5450932383537292	0.4696952998638153	0.5450932383537292	0.3606276214122772	-0.18446561694145203	0.6108436584472656	0.2642383575439453
2cx_vs_anchorunmoved	3230	617	improved	903	617	0.2851009666919708	0.39731937646865845	0.21291837096214294	0.39731937646865845	0.1844010055065155	0.2919344902038574	0.8335800170898438
2cx_vs_anchorunmoved	26458	999	regressed	999	700	0.43445885181427	0.6536667943000793	0.43445885181427	0.25007346272468567	-0.18438538908958435	0.5387997627258301	0.9608430862426758
2cx_vs_anchorunmoved	43946	121	regressed	121	123	0.4204714000225067	0.46205806732177734	0.4204714000225067	0.23610028624534607	-0.18437111377716064	0.4532899856567383	0.6714339256286621
2cx_vs_anchorunmoved	6820	707	improved	412	707	0.3378598093986511	0.34287029504776	0.15871025621891022	0.34287029504776	0.1841600388288498	0.7555508613586426	0.2138657569885254
2cx_vs_anchorunmoved	40167	740	regressed	740	589	0.38202425837516785	0.3600728213787079	0.38202425837516785	0.19793149828910828	-0.18409276008605957	0.43262434005737305	0.5983853340148926
2cx_vs_anchorunmoved	42872	452	regressed	452	805	0.19446344673633575	0.3928573429584503	0.19446344673633575	0.010455349460244179	-0.18400809168815613	0.43612051010131836	1.733036994934082
2cx_vs_anchorunmoved	33710	381	regressed	381	379	0.4474596679210663	0.5523656010627747	0.4474596679210663	0.26371726393699646	-0.18374240398406982	0.22969913482666016	0.7393326759338379
2cx_vs_anchorunmoved	40207	867	improved	569	867	0.6082286834716797	0.3134743571281433	0.12975625693798065	0.3134743571281433	0.18371810019016266	1.5448932647705078	0.5956149101257324
2cx_vs_anchorunmoved	27245	667	regressed	667	400	0.4264904260635376	0.34990888833999634	0.4264904260635376	0.24297548830509186	-0.18351493775844574	0.6356344223022461	0.3647122383117676
2cx_vs_anchorunmoved	21695	173	regressed	173	172	0.3887174427509308	0.46319448947906494	0.3887174427509308	0.2052890956401825	-0.1834283471107483	0.4676370620727539	0.813727855682373
2cx_vs_anchorunmoved	21780	3	regressed	3	4	0.29139992594718933	0.2280702441930771	0.29139992594718933	0.10797307640314102	-0.1834268569946289	0.5758180618286133	0.1048574447631836
2cx_vs_anchorunmoved	44415	922	regressed	922	458	0.3995181620121002	0.5744329690933228	0.3995181620121002	0.21623733639717102	-0.1832808256149292	0.617088794708252	0.9770069122314453
2cx_vs_anchorunmoved	26402	101	improved	386	101	0.5906191468238831	0.4837489426136017	0.30054059624671936	0.4837489426136017	0.18320834636688232	0.6755886077880859	0.26196956634521484
2cx_vs_anchorunmoved	3052	315	improved	303	315	0.4665767550468445	0.34558868408203125	0.16270916163921356	0.34558868408203125	0.1828795224428177	1.0534582138061523	0.3213624954223633
2cx_vs_anchorunmoved	26899	691	regressed	691	570	0.50223308801651	0.6274396181106567	0.50223308801651	0.3197818398475647	-0.1824512481689453	0.07601261138916016	0.6740083694458008
2cx_vs_anchorunmoved	32485	516	improved	669	516	0.4066867232322693	0.5008533596992493	0.3184819519519806	0.5008533596992493	0.18237140774726868	0.2444772720336914	0.8178267478942871
2cx_vs_anchorunmoved	30256	16	regressed	16	91	0.33677923679351807	0.19086436927318573	0.33677923679351807	0.15454773604869843	-0.18223150074481964	1.0078225135803223	0.2110600471496582
2cx_vs_anchorunmoved	41755	843	improved	488	843	0.45656511187553406	0.448167085647583	0.2660021483898163	0.448167085647583	0.18216493725776672	0.540226936340332	0.14712905883789062
2cx_vs_anchorunmoved	29137	409	regressed	409	530	0.40620407462120056	0.28671953082084656	0.40620407462120056	0.22440728545188904	-0.18179678916931152	1.0749173164367676	0.2450418472290039
2cx_vs_anchorunmoved	22167	773	regressed	773	659	0.3549969494342804	0.2673974335193634	0.3549969494342804	0.17326311767101288	-0.18173383176326752	0.7062849998474121	0.43392467498779297
2cx_vs_anchorunmoved	2711	159	improved	211	159	0.3792000710964203	0.46184220910072327	0.2801239788532257	0.46184220910072327	0.18171823024749756	0.30283164978027344	0.6339526176452637
2cx_vs_anchorunmoved	4685	608	regressed	608	411	0.46510258316993713	0.34858351945877075	0.46510258316993713	0.28394949436187744	-0.1811530888080597	0.982574462890625	0.20508146286010742
2cx_vs_anchorunmoved	21333	269	regressed	269	270	0.5099620819091797	0.4501694440841675	0.5099620819091797	0.32885727286338806	-0.18110480904579163	0.5296783447265625	0.31400012969970703
2cx_vs_anchorunmoved	44755	304	regressed	304	301	0.5803728103637695	0.4155144989490509	0.5803728103637695	0.3993017375469208	-0.18107107281684875	0.8975777626037598	0.039800167083740234
2cx_vs_anchorunmoved	8648	517	improved	536	517	0.4481244385242462	0.5628170371055603	0.38213393092155457	0.5628170371055603	0.18068310618400574	0.1592998504638672	0.5907392501831055
2cx_vs_anchorunmoved	37778	730	improved	912	730	0.4694194793701172	0.42020541429519653	0.2395325005054474	0.42020541429519653	0.18067291378974915	0.6728076934814453	0.6221027374267578
2cx_vs_anchorunmoved	34480	567	regressed	567	909	0.5577334761619568	0.45826447010040283	0.5577334761619568	0.3773166537284851	-0.18041682243347168	0.8686628341674805	0.19436168670654297
2cx_vs_anchorunmoved	28139	166	improved	162	166	0.5175894498825073	0.42502981424331665	0.24488875269889832	0.42502981424331665	0.18014106154441833	0.7483782768249512	0.37660741806030273
2cx_vs_anchorunmoved	23351	888	improved	821	888	0.4382866621017456	0.3860589563846588	0.2060530185699463	0.3860589563846588	0.18000593781471252	0.7547397613525391	0.24513578414916992
2cx_vs_anchorunmoved	37969	197	regressed	197	198	0.5684023499488831	0.5290147662162781	0.5684023499488831	0.3885665833950043	-0.17983576655387878	0.44198036193847656	0.3085517883300781
2cx_vs_anchorunmoved	7050	892	regressed	892	409	0.4717083275318146	0.5544865727424622	0.4717083275318146	0.29223698377609253	-0.17947134375572205	0.1719036102294922	0.6404776573181152
2cx_vs_anchorunmoved	39767	912	improved	348	912	0.5249744057655334	0.38588854670524597	0.2064547836780548	0.38588854670524597	0.17943376302719116	0.9332680702209473	0.004147529602050781
2cx_vs_anchorunmoved	31209	643	regressed	643	723	0.37148940563201904	0.2217753380537033	0.37148940563201904	0.19211359322071075	-0.1793758124113083	1.2002687454223633	0.14357805252075195
2cx_vs_anchorunmoved	9188	794	regressed	794	669	0.31194719672203064	0.21449926495552063	0.31194719672203064	0.13258890807628632	-0.17935828864574432	1.1417522430419922	0.48105287551879883
2cx_vs_anchorunmoved	14075	658	regressed	658	806	0.5955994129180908	0.4302631914615631	0.5955994129180908	0.4162715971469879	-0.1793278157711029	0.9360709190368652	0.033059120178222656
2cx_vs_anchorunmoved	26673	322	regressed	322	321	0.4953324794769287	0.35102346539497375	0.4953324794769287	0.31619980931282043	-0.17913267016410828	0.8647022247314453	0.10447883605957031
2cx_vs_anchorunmoved	9816	55	regressed	55	64	0.39914724230766296	0.461229145526886	0.39914724230766296	0.2200685441493988	-0.17907869815826416	0.2288813591003418	0.7399559020996094
2cx_vs_anchorunmoved	21869	36	improved	37	36	0.5080100297927856	0.4222662150859833	0.2431958168745041	0.4222662150859833	0.1790703982114792	0.7366342544555664	0.5127444267272949
2cx_vs_anchorunmoved	19904	964	improved	567	964	0.3617207705974579	0.3873034119606018	0.2082519233226776	0.3873034119606018	0.1790514886379242	0.5521240234375	0.8542766571044922
2cx_vs_anchorunmoved	26599	587	regressed	587	710	0.24074164032936096	0.4385521411895752	0.24074164032936096	0.061705220490694046	-0.17903642356395721	0.6889004707336426	1.0250120162963867
2cx_vs_anchorunmoved	39990	592	regressed	592	813	0.3480030596256256	0.2328316569328308	0.3480030596256256	0.16912779211997986	-0.17887526750564575	1.4764552116394043	0.31966114044189453
2cx_vs_anchorunmoved	9847	187	regressed	187	177	0.21527771651744843	0.13393190503120422	0.21527771651744843	0.03648099675774574	-0.17879672348499298	1.105720043182373	0.594428539276123
2cx_vs_anchorunmoved	17446	45	regressed	45	47	0.42941129207611084	0.3553234338760376	0.42941129207611084	0.25070643424987793	-0.1787048578262329	1.0310311317443848	0.34874582290649414
2cx_vs_anchorunmoved	23474	47	regressed	47	42	0.25062912702560425	0.5911585092544556	0.25062912702560425	0.07217041403055191	-0.17845872044563293	0.27268266677856445	2.1030540466308594
2cx_vs_anchorunmoved	9156	639	improved	879	639	0.4537980854511261	0.44319429993629456	0.2647777199745178	0.44319429993629456	0.17841657996177673	0.5387616157531738	0.5233621597290039
2cx_vs_anchorunmoved	21615	851	improved	779	851	0.23496367037296295	0.31674885749816895	0.1386786252260208	0.31674885749816895	0.17807023227214813	0.5272717475891113	0.7852120399475098
2cx_vs_anchorunmoved	47779	731	improved	710	731	0.3682335317134857	0.41334712505340576	0.23559147119522095	0.41334712505340576	0.17775565385818481	0.44661808013916016	0.6470284461975098
2cx_vs_anchorunmoved	6087	813	regressed	813	618	0.44811418652534485	0.6290061473846436	0.44811418652534485	0.27059099078178406	-0.1775231957435608	0.03129005432128906	0.8435325622558594
2cx_vs_anchorunmoved	3112	132	improved	131	132	0.4163246154785156	0.588219940662384	0.4107973575592041	0.588219940662384	0.17742258310317993	0.01336526870727539	0.924530029296875
2cx_vs_anchorunmoved	26433	966	regressed	966	960	0.27670788764953613	0.20923832058906555	0.27670788764953613	0.09954831749200821	-0.17715957760810852	1.154980182647705	0.742830753326416
2cx_vs_anchorunmoved	44234	656	regressed	656	436	0.3694242238998413	0.5990189909934998	0.3694242238998413	0.1926659345626831	-0.1767582893371582	0.021975994110107422	1.1343355178833008
2cx_vs_anchorunmoved	6938	386	regressed	386	101	0.566331148147583	0.5064175128936768	0.566331148147583	0.38970574736595154	-0.17662540078163147	0.6130890846252441	0.26196956634521484
2cx_vs_anchorunmoved	47918	295	regressed	295	297	0.5381150841712952	0.5079441070556641	0.5381150841712952	0.36161109805107117	-0.176503986120224	0.4095802307128906	0.33980226516723633
2cx_vs_anchorunmoved	28347	598	regressed	598	556	0.3683522045612335	0.2841486632823944	0.3683522045612335	0.19197282195091248	-0.17637938261032104	0.38871097564697266	0.39214372634887695
2cx_vs_anchorunmoved	32824	553	improved	526	553	0.6397141814231873	0.4637916088104248	0.2874903082847595	0.4637916088104248	0.17630130052566528	0.7998323440551758	0.012783050537109375
2cx_vs_anchorunmoved	42513	399	regressed	399	869	0.41444361209869385	0.3705337643623352	0.41444361209869385	0.2381744384765625	-0.17626917362213135	0.9019665718078613	0.4419412612915039
2cx_vs_anchorunmoved	24506	638	improved	655	638	0.23700009286403656	0.4017805755138397	0.2255905568599701	0.4017805755138397	0.17619001865386963	0.04933881759643555	0.46837759017944336
2cx_vs_anchorunmoved	25140	637	regressed	637	919	0.27796199917793274	0.5233680009841919	0.27796199917793274	0.10189197957515717	-0.17607001960277557	0.08218717575073242	1.6363716125488281
2cx_vs_anchorunmoved	42602	868	improved	591	868	0.5709009766578674	0.43610623478889465	0.2600562572479248	0.43610623478889465	0.17604997754096985	0.7863178253173828	0.24462890625
2cx_vs_anchorunmoved	11762	809	improved	925	809	0.518122136592865	0.3775196373462677	0.20156656205654144	0.3775196373462677	0.17595307528972626	0.9440913200378418	0.11838150024414062
2cx_vs_anchorunmoved	41366	877	improved	480	877	0.17086449265480042	0.3409143388271332	0.16508261859416962	0.3409143388271332	0.17583172023296356	0.034424781799316406	1.1889305114746094
2cx_vs_anchorunmoved	32468	567	regressed	567	940	0.40441620349884033	0.32327163219451904	0.40441620349884033	0.22875511646270752	-0.1756610870361328	0.36866235733032227	0.3458409309387207
2cx_vs_anchorunmoved	21716	657	improved	812	657	0.3275209963321686	0.3953489363193512	0.21979579329490662	0.3953489363193512	0.17555314302444458	0.3988533020019531	0.5921716690063477
2cx_vs_anchorunmoved	39984	888	regressed	888	821	0.2683459520339966	0.20424588024616241	0.2683459520339966	0.09305683523416519	-0.175289124250412	0.30776023864746094	0.7861142158508301
2cx_vs_anchorunmoved	8492	861	regressed	861	653	0.3004510700702667	0.318161278963089	0.3004510700702667	0.12521907687187195	-0.17523199319839478	0.9625844955444336	0.9324936866760254
2cx_vs_anchorunmoved	37351	757	improved	705	757	0.17820172011852264	0.2432204782962799	0.06799983978271484	0.2432204782962799	0.17522063851356506	0.5624079704284668	0.32661008834838867
2cx_vs_anchorunmoved	18176	627	regressed	627	867	0.335928738117218	0.20801714062690735	0.335928738117218	0.1611146628856659	-0.17481407523155212	0.6756024360656738	0.25550413131713867
2cx_vs_anchorunmoved	4914	859	improved	904	859	0.3732820153236389	0.404348760843277	0.22966806590557098	0.404348760843277	0.174680694937706	0.4856991767883301	0.2957630157470703
2cx_vs_anchorunmoved	24048	248	regressed	248	249	0.5682663917541504	0.4053007960319519	0.5682663917541504	0.39409592747688293	-0.17417046427726746	0.9722437858581543	0.02803516387939453
2cx_vs_anchorunmoved	25749	504	improved	968	504	0.45377740263938904	0.5611875653266907	0.3876321613788605	0.5611875653266907	0.1735554039478302	0.15754985809326172	0.6236763000488281
2cx_vs_anchorunmoved	16663	682	improved	708	682	0.5020687580108643	0.3812785744667053	0.20794667303562164	0.3812785744667053	0.17333190143108368	0.8814554214477539	0.2748241424560547
2cx_vs_anchorunmoved	6969	428	improved	516	428	0.45183292031288147	0.24519260227680206	0.07201643288135529	0.24519260227680206	0.17317616939544678	1.8364181518554688	0.007194995880126953
2cx_vs_anchorunmoved	8478	549	regressed	549	692	0.37313568592071533	0.2745516300201416	0.37313568592071533	0.20007306337356567	-0.17306262254714966	0.9650864601135254	0.31645679473876953
2cx_vs_anchorunmoved	21257	26	regressed	26	32	0.2624906897544861	0.4601097106933594	0.2624906897544861	0.08983223140239716	-0.17265845835208893	1.0849099159240723	1.6335210800170898
2cx_vs_anchorunmoved	19303	713	regressed	713	742	0.5378715395927429	0.5712456703186035	0.5378715395927429	0.3652699589729309	-0.172601580619812	0.2403554916381836	0.44718265533447266
2cx_vs_anchorunmoved	13832	599	improved	410	599	0.45275193452835083	0.5509549975395203	0.3784554898738861	0.5509549975395203	0.17249950766563416	0.1792459487915039	0.6340856552124023
2cx_vs_anchorunmoved	11638	885	regressed	885	658	0.2681398093700409	0.34094589948654175	0.2681398093700409	0.09601983428001404	-0.17211997509002686	0.07778120040893555	0.3759746551513672
2cx_vs_anchorunmoved	15863	561	improved	678	561	0.3866576850414276	0.3017137050628662	0.12973883748054504	0.3017137050628662	0.17197486758232117	1.0920162200927734	1.797307014465332
2cx_vs_anchorunmoved	7841	193	improved	187	193	0.4340950846672058	0.3580573797225952	0.1860860288143158	0.3580573797225952	0.17197135090827942	0.8470544815063477	0.15325498580932617
2cx_vs_anchorunmoved	12116	689	improved	903	689	0.4226563572883606	0.356865793466568	0.18499954044818878	0.356865793466568	0.1718662530183792	0.8262062072753906	0.3926825523376465
2cx_vs_anchorunmoved	12528	843	improved	765	843	0.18132318556308746	0.28133323788642883	0.1097673550248146	0.28133323788642883	0.17156589031219482	0.33893775939941406	0.716822624206543
2cx_vs_anchorunmoved	44710	928	improved	960	928	0.6058756709098816	0.49164262413978577	0.3200947642326355	0.49164262413978577	0.17154785990715027	0.6380577087402344	0.11110305786132812
2cx_vs_anchorunmoved	13866	689	improved	414	689	0.5002672076225281	0.22238844633102417	0.051065489649772644	0.22238844633102417	0.17132295668125153	1.7085633277893066	0.24885845184326172
2cx_vs_anchorunmoved	24329	257	improved	258	257	0.4379097521305084	0.37834814190864563	0.20708899199962616	0.37834814190864563	0.17125914990901947	0.7488641738891602	0.3761582374572754
2cx_vs_anchorunmoved	9461	749	regressed	749	784	0.2807050347328186	0.12276389449834824	0.2807050347328186	0.10964091122150421	-0.1710641235113144	0.23080873489379883	0.1130523681640625
2cx_vs_anchorunmoved	37314	155	improved	204	155	0.5707124471664429	0.4215869903564453	0.25054872035980225	0.4215869903564453	0.17103826999664307	0.8232321739196777	0.23951244354248047
2cx_vs_anchorunmoved	17435	119	regressed	119	118	0.09032770246267319	0.30223584175109863	0.09032770246267319	0.2611844539642334	0.17085674405097961	0.019965171813964844	0.1459808349609375
2cx_vs_anchorunmoved	32202	4	improved	395	4	0.4665059745311737	0.49614962935447693	0.32542747259140015	0.49614962935447693	0.17072215676307678	0.36013126373291016	0.3269796371459961
2cx_vs_anchorunmoved	23204	587	regressed	587	784	0.33069702982902527	0.28749844431877136	0.33069702982902527	0.16017934679985046	-0.1705176830291748	0.16516876220703125	0.15566396713256836
2cx_vs_anchorunmoved	11516	579	regressed	579	620	0.2891245484352112	0.1515645980834961	0.2891245484352112	0.11875085532665253	-0.17037369310855865	1.056591510772705	0.24398422241210938
2cx_vs_anchorunmoved	1322	846	improved	619	846	0.4531785249710083	0.4106755256652832	0.24033324420452118	0.4106755256652832	0.17034228146076202	0.6342597007751465	0.05343341827392578
2cx_vs_anchorunmoved	5965	753	improved	905	753	0.321363240480423	0.35288581252098083	0.18265894055366516	0.35288581252098083	0.17022687196731567	0.5183210372924805	0.3907341957092285
2cx_vs_anchorunmoved	8954	714	improved	402	714	0.3559265434741974	0.5190848708152771	0.3495234549045563	0.5190848708152771	0.16956141591072083	0.018153667449951172	0.6068143844604492
2cx_vs_anchorunmoved	26266	503	improved	505	503	0.2680492401123047	0.3817903399467468	0.21230381727218628	0.3817903399467468	0.16948652267456055	0.2331523895263672	0.8293914794921875
2cx_vs_anchorunmoved	35565	406	improved	857	406	0.5172136425971985	0.37278327345848083	0.20357301831245422	0.37278327345848083	0.1692102551460266	0.9324312210083008	0.03688478469848633
2cx_vs_anchorunmoved	35605	405	regressed	405	780	0.2500397861003876	0.09736685454845428	0.2500397861003876	0.08108633011579514	-0.16895344853401184	0.7595372200012207	0.12708425521850586
2cx_vs_anchorunmoved	16298	236	improved	234	236	0.5544742941856384	0.41636747121810913	0.2475324124097824	0.41636747121810913	0.16883505880832672	0.8064789772033691	0.03793525695800781
2cx_vs_anchorunmoved	26881	881	regressed	881	642	0.23702020943164825	0.1344309151172638	0.23702020943164825	0.06819114089012146	-0.1688290685415268	0.9746584892272949	0.6787357330322266
2cx_vs_anchorunmoved	15670	641	regressed	641	522	0.5694444179534912	0.41233697533607483	0.5694444179534912	0.4008278250694275	-0.16861659288406372	0.6901540756225586	0.028308868408203125
2cx_vs_anchorunmoved	15393	146	regressed	146	22	0.3586476445198059	0.31270140409469604	0.3586476445198059	0.1902708113193512	-0.1683768332004547	0.8563313484191895	0.49680042266845703
2cx_vs_anchorunmoved	24945	894	improved	799	894	0.5198972225189209	0.3227333128452301	0.15438231825828552	0.3227333128452301	0.16835099458694458	1.2141990661621094	0.0042171478271484375
2cx_vs_anchorunmoved	36169	715	improved	444	715	0.15460343658924103	0.290466845035553	0.12216657400131226	0.290466845035553	0.16830027103424072	0.08380603790283203	0.7233643531799316
2cx_vs_anchorunmoved	31002	964	improved	923	964	0.20148490369319916	0.2418057769536972	0.07351595163345337	0.2418057769536972	0.16828982532024384	0.032114505767822266	0.27323007583618164
2cx_vs_anchorunmoved	17472	698	regressed	698	873	0.3706834614276886	0.49107539653778076	0.3706834614276886	0.20280376076698303	-0.16787970066070557	0.5223193168640137	0.8843588829040527
2cx_vs_anchorunmoved	31654	838	regressed	838	648	0.2740057706832886	0.3044090270996094	0.2740057706832886	0.10681920498609543	-0.16718655824661255	0.14029598236083984	1.0472345352172852
2cx_vs_anchorunmoved	8826	610	regressed	610	918	0.4626646637916565	0.40856000781059265	0.4626646637916565	0.29621854424476624	-0.16644611954689026	0.4597053527832031	0.32154130935668945
2cx_vs_anchorunmoved	2446	987	improved	998	987	0.32970374822616577	0.15384532511234283	0.3201404809951782	0.15384532511234283	-0.1662951558828354	0.029434680938720703	0.1578989028930664
2cx_vs_anchorunmoved	4542	529	regressed	529	728	0.3358311951160431	0.4243013262748718	0.3358311951160431	0.16962166130542755	-0.16620953381061554	0.23942899703979492	0.9168734550476074
2cx_vs_anchorunmoved	10751	570	improved	882	570	0.5624648332595825	0.3991227447986603	0.2329859435558319	0.3991227447986603	0.16613680124282837	0.8813505172729492	0.05614042282104492
2cx_vs_anchorunmoved	19	817	regressed	817	751	0.43427956104278564	0.5866078734397888	0.43427956104278564	0.2683899402618408	-0.16588962078094482	0.030355453491210938	0.7819156646728516
2cx_vs_anchorunmoved	26969	905	improved	743	905	0.5255939364433289	0.5343753099441528	0.36852285265922546	0.5343753099441528	0.16585245728492737	0.3550262451171875	0.45751094818115234
2cx_vs_anchorunmoved	31579	58	regressed	58	53	0.40851131081581116	0.384777307510376	0.40851131081581116	0.24270448088645935	-0.1658068299293518	0.47660017013549805	0.46082019805908203
2cx_vs_anchorunmoved	7221	237	regressed	237	234	0.2705908715724945	0.17595237493515015	0.2705908715724945	0.10497873276472092	-0.165612131357193	1.071434497833252	0.5164556503295898
2cx_vs_anchorunmoved	13582	939	regressed	939	943	0.42924463748931885	0.5497856140136719	0.42924463748931885	0.2638512849807739	-0.16539335250854492	0.015732765197753906	0.7341427803039551
2cx_vs_anchorunmoved	47255	549	improved	411	549	0.3039402663707733	0.2839403450489044	0.11858487874269485	0.2839403450489044	0.16535547375679016	0.9412021636962891	0.5585412979125977
2cx_vs_anchorunmoved	30589	734	regressed	734	407	0.4355594217777252	0.599759042263031	0.4355594217777252	0.27051544189453125	-0.16504397988319397	0.015976905822753906	0.796198844909668
2cx_vs_anchorunmoved	18135	62	improved	56	62	0.2818647027015686	0.35562047362327576	0.19119767844676971	0.35562047362327576	0.16442279517650604	0.3881192207336426	0.8307023048400879
2cx_vs_anchorunmoved	46656	869	improved	614	869	0.48102259635925293	0.21404017508029938	0.04985082894563675	0.21404017508029938	0.16418933868408203	1.1444635391235352	0.34007930755615234
2cx_vs_anchorunmoved	40077	77	improved	73	77	0.4053386151790619	0.4565182030200958	0.29240792989730835	0.4565182030200958	0.16411027312278748	0.32657289505004883	0.26717185974121094
2cx_vs_anchorunmoved	39210	808	regressed	808	822	0.33108317852020264	0.22315523028373718	0.33108317852020264	0.16712686419487	-0.16395631432533264	1.408754825592041	0.28911447525024414
2cx_vs_anchorunmoved	16035	77	improved	73	77	0.4684913754463196	0.5588101148605347	0.39512190222740173	0.5588101148605347	0.16368821263313293	0.17032337188720703	0.5796718597412109
2cx_vs_anchorunmoved	10175	553	regressed	553	772	0.24248835444450378	0.3209821283817291	0.24248835444450378	0.07890656590461731	-0.16358178853988647	0.9095754623413086	1.403120994567871
2cx_vs_anchorunmoved	47499	575	improved	817	575	0.26263847947120667	0.23923370242118835	0.07585128396749496	0.23923370242118835	0.1633824110031128	0.28035497665405273	0.41379356384277344
2cx_vs_anchorunmoved	23775	600	regressed	600	772	0.4222090542316437	0.2969798147678375	0.4222090542316437	0.2589796483516693	-0.16322940587997437	1.4638652801513672	0.13691473007202148
2cx_vs_anchorunmoved	41971	213	regressed	213	220	0.46685782074928284	0.35562747716903687	0.46685782074928284	0.30387869477272034	-0.1629791259765625	0.5622119903564453	0.1572551727294922
2cx_vs_anchorunmoved	13107	165	improved	164	165	0.18813566863536835	0.3210701048374176	0.15815243124961853	0.3210701048374176	0.16291767358779907	0.17360401153564453	1.0237717628479004
2cx_vs_anchorunmoved	19340	428	regressed	428	866	0.4176817834377289	0.26163625717163086	0.4176817834377289	0.2549321949481964	-0.16274958848953247	1.3800945281982422	0.025957584381103516
2cx_vs_anchorunmoved	46797	540	regressed	540	536	0.3298957943916321	0.20043513178825378	0.3298957943916321	0.1672341674566269	-0.1626616269350052	0.35024213790893555	0.18109560012817383
2cx_vs_anchorunmoved	34228	641	improved	422	641	0.09043771773576736	0.234690859913826	0.07245209068059921	0.234690859913826	0.16223877668380737	0.22173595428466797	1.5009379386901855
2cx_vs_anchorunmoved	42207	922	improved	782	922	0.21683058142662048	0.2571360468864441	0.09504787623882294	0.2571360468864441	0.16208817064762115	0.7248725891113281	0.6737356185913086
2cx_vs_anchorunmoved	31669	526	improved	527	526	0.4725259840488434	0.4658021330833435	0.30403774976730347	0.4658021330833435	0.16176438331604004	0.44094085693359375	0.24659347534179688
2cx_vs_anchorunmoved	21906	735	improved	824	735	0.46127912402153015	0.36234766244888306	0.20071524381637573	0.36234766244888306	0.16163241863250732	0.8048534393310547	0.3552207946777344
2cx_vs_anchorunmoved	22831	304	regressed	304	301	0.5689045786857605	0.41082847118377686	0.5689045786857605	0.40733078122138977	-0.16157379746437073	0.8663277626037598	0.008550167083740234
2cx_vs_anchorunmoved	33460	98	improved	143	98	0.31036531925201416	0.35590222477912903	0.19442866742610931	0.35590222477912903	0.16147355735301971	0.4676847457885742	0.5060715675354004
2cx_vs_anchorunmoved	21287	166	regressed	166	162	0.44786399602890015	0.47161126136779785	0.44786399602890015	0.28650686144828796	-0.16135713458061218	0.5016217231750488	0.49839258193969727
2cx_vs_anchorunmoved	49708	478	improved	698	478	0.22117526829242706	0.17814280092716217	0.01684841327369213	0.17814280092716217	0.1612943857908249	1.2676692008972168	0.9183535575866699
2cx_vs_anchorunmoved	47650	864	regressed	864	555	0.4234248995780945	0.3457360565662384	0.4234248995780945	0.26215454936027527	-0.1612703502178192	0.8475885391235352	0.27674150466918945
2cx_vs_anchorunmoved	25056	580	regressed	580	738	0.45327645540237427	0.5130224823951721	0.45327645540237427	0.2923024892807007	-0.16097396612167358	0.1560654640197754	0.562530517578125
2cx_vs_anchorunmoved	30886	197	improved	183	197	0.4757266640663147	0.496782511472702	0.33613741397857666	0.496782511472702	0.16064509749412537	0.3473234176635742	0.6523680686950684
2cx_vs_anchorunmoved	27862	893	regressed	893	709	0.3024846017360687	0.1831618696451187	0.3024846017360687	0.14184360206127167	-0.16064099967479706	0.900782585144043	0.24470996856689453
2cx_vs_anchorunmoved	47754	99	regressed	99	134	0.31948164105415344	0.3281899690628052	0.31948164105415344	0.15894435346126556	-0.16053728759288788	0.08749580383300781	0.496795654296875
2cx_vs_anchorunmoved	11617	996	regressed	996	993	0.4831715524196625	0.5629045963287354	0.4831715524196625	0.3231542706489563	-0.16001728177070618	0.19532299041748047	0.5549802780151367
2cx_vs_anchorunmoved	41778	489	improved	463	489	0.37501049041748047	0.3081433176994324	0.14817383885383606	0.3081433176994324	0.1599694788455963	0.9285678863525391	0.1974630355834961
2cx_vs_anchorunmoved	7517	849	improved	505	849	0.4225780963897705	0.5129257440567017	0.3530649244785309	0.5129257440567017	0.15986081957817078	0.17972230911254883	0.9143047332763672
2cx_vs_anchorunmoved	26354	697	improved	841	697	0.330089271068573	0.4729379415512085	0.31317415833473206	0.4729379415512085	0.15976378321647644	0.052603721618652344	0.5727076530456543
