pair	class	total	ref_correct	cmp_correct	delta_correct	ref_acc	cmp_acc	avg_true_prob_delta	avg_margin_delta
best250_vs_ckpt10	799	50	29	24	-5	58.0	48.0	-0.018199140205979347	-0.05178301781415939
best250_vs_ckpt10	876	50	19	14	-5	38.0	28.0	0.0006834156811237335	-0.04443921893835068
best250_vs_ckpt10	386	50	36	32	-4	72.0	64.0	-0.03162249177694321	-0.08854958415031433
best250_vs_ckpt10	40	50	36	32	-4	72.0	64.0	-0.024956271052360535	-0.048884619027376175
best250_vs_ckpt10	709	50	45	41	-4	90.0	82.0	-0.022900588810443878	-0.04042987897992134
best250_vs_ckpt10	349	50	38	34	-4	76.0	68.0	-0.01949230581521988	-0.03558528795838356
best250_vs_ckpt10	969	50	26	22	-4	52.0	44.0	-0.008064938709139824	0.0016712951473891735
best250_vs_ckpt10	865	50	36	32	-4	72.0	64.0	0.006665898486971855	0.01812298782169819
best250_vs_ckpt10	165	50	32	29	-3	64.0	58.0	-0.059249866753816605	-0.12050580978393555
best250_vs_ckpt10	303	50	43	40	-3	86.0	80.0	-0.033152658492326736	-0.263149231672287
best250_vs_ckpt10	830	50	35	32	-3	70.0	64.0	-0.022233910858631134	-0.11125659197568893
best250_vs_ckpt10	68	50	17	14	-3	34.0	28.0	-0.02099744975566864	-0.050357330590486526
best250_vs_ckpt10	711	50	41	38	-3	82.0	76.0	-0.014519048854708672	-0.016550730913877487
best250_vs_ckpt10	804	50	37	34	-3	74.0	68.0	-0.011526042595505714	-0.055708158761262894
best250_vs_ckpt10	908	50	35	32	-3	70.0	64.0	-0.00903054978698492	-0.08333723992109299
best250_vs_ckpt10	943	50	40	37	-3	80.0	74.0	-0.0071288603357970715	-0.037660226225852966
best250_vs_ckpt10	47	50	43	40	-3	86.0	80.0	0.003458948340266943	0.027558602392673492
best250_vs_ckpt10	488	50	20	17	-3	40.0	34.0	0.004720174707472324	-0.03534311428666115
best250_vs_ckpt10	185	50	37	34	-3	74.0	68.0	0.009669099003076553	0.04474449157714844
best250_vs_ckpt10	846	50	31	28	-3	62.0	56.0	0.012336056679487228	0.11485518515110016
best250_vs_ckpt10	652	50	41	38	-3	82.0	76.0	0.013228117488324642	-0.03920698165893555
best250_vs_ckpt10	655	50	42	40	-2	84.0	80.0	-0.06127101555466652	-0.3565307557582855
best250_vs_ckpt10	523	50	35	33	-2	70.0	66.0	-0.03800118342041969	-0.059320393949747086
best250_vs_ckpt10	784	50	25	23	-2	50.0	46.0	-0.036453746259212494	0.1771112084388733
best250_vs_ckpt10	529	50	42	40	-2	84.0	80.0	-0.035408228635787964	-0.19312332570552826
best250_vs_ckpt10	227	50	36	34	-2	72.0	68.0	-0.03281231224536896	-0.07396044582128525
best250_vs_ckpt10	360	50	43	41	-2	86.0	82.0	-0.027233900502324104	-0.0856388509273529
best250_vs_ckpt10	702	50	42	40	-2	84.0	80.0	-0.024773655459284782	-0.17262306809425354
best250_vs_ckpt10	931	50	38	36	-2	76.0	72.0	-0.023281190544366837	-0.07018452882766724
best250_vs_ckpt10	67	50	45	43	-2	90.0	86.0	-0.02308414690196514	-0.03889308124780655
best250_vs_ckpt10	840	50	47	45	-2	94.0	90.0	-0.023078637197613716	-0.07854104042053223
best250_vs_ckpt10	295	50	47	45	-2	94.0	90.0	-0.022344008088111877	-0.08046168088912964
best250_vs_ckpt10	653	50	38	36	-2	76.0	72.0	-0.022026989609003067	-0.10791011899709702
best250_vs_ckpt10	631	50	35	33	-2	70.0	66.0	-0.02042067050933838	0.031318530440330505
best250_vs_ckpt10	335	50	48	46	-2	96.0	92.0	-0.0197776909917593	-0.17990677058696747
best250_vs_ckpt10	860	50	25	23	-2	50.0	46.0	-0.019645430147647858	-0.1861269623041153
best250_vs_ckpt10	250	50	37	35	-2	74.0	70.0	-0.018341461196541786	-0.04037805646657944
best250_vs_ckpt10	738	50	44	42	-2	88.0	84.0	-0.017743367701768875	-0.13540105521678925
best250_vs_ckpt10	918	50	47	45	-2	94.0	90.0	-0.016902193427085876	-0.1372895985841751
best250_vs_ckpt10	609	50	40	38	-2	80.0	76.0	-0.016566725447773933	-0.03212593123316765
best250_vs_ckpt10	294	50	48	46	-2	96.0	92.0	-0.016485651955008507	-0.03371346369385719
best250_vs_ckpt10	732	50	44	42	-2	88.0	84.0	-0.01629973202943802	-0.09147506952285767
best250_vs_ckpt10	452	50	40	38	-2	80.0	76.0	-0.015873350203037262	0.011387624777853489
best250_vs_ckpt10	755	50	48	46	-2	96.0	92.0	-0.013661853037774563	0.004711446817964315
best250_vs_ckpt10	345	50	34	32	-2	68.0	64.0	-0.013198775239288807	-0.09578481316566467
best250_vs_ckpt10	708	50	33	31	-2	66.0	62.0	-0.011459113098680973	-0.05016472935676575
best250_vs_ckpt10	977	50	33	31	-2	66.0	62.0	-0.010466412641108036	-0.00025916099548339844
best250_vs_ckpt10	412	50	39	37	-2	78.0	74.0	-0.010349485091865063	-0.0393630713224411
best250_vs_ckpt10	706	50	34	32	-2	68.0	64.0	-0.008715173229575157	-0.1516997218132019
best250_vs_ckpt10	924	50	45	43	-2	90.0	86.0	-0.008679133839905262	0.004064349923282862
best250_vs_ckpt10	503	50	33	31	-2	66.0	62.0	-0.008596625179052353	0.16982834041118622
best250_vs_ckpt10	925	50	32	30	-2	64.0	60.0	-0.00854202825576067	0.051143206655979156
best250_vs_ckpt10	658	50	38	36	-2	76.0	72.0	-0.008312772028148174	0.019707288593053818
best250_vs_ckpt10	563	50	46	44	-2	92.0	88.0	-0.0077309394255280495	-0.061546534299850464
best250_vs_ckpt10	632	50	31	29	-2	62.0	58.0	-0.0073517095297575	0.07491517812013626
best250_vs_ckpt10	909	50	33	31	-2	66.0	62.0	-0.006299010012298822	-0.10051245987415314
best250_vs_ckpt10	862	50	41	39	-2	82.0	78.0	-0.006150196772068739	-0.1836288422346115
best250_vs_ckpt10	267	50	45	43	-2	90.0	86.0	-0.0061057195998728275	0.042354583740234375
best250_vs_ckpt10	459	50	35	33	-2	70.0	66.0	-0.004859121982008219	0.059891004115343094
best250_vs_ckpt10	880	50	49	47	-2	98.0	94.0	-0.003825042862445116	0.052079372107982635
best250_vs_ckpt10	447	50	35	33	-2	70.0	66.0	-0.0026683383621275425	-0.023526988923549652
best250_vs_ckpt10	125	50	47	45	-2	94.0	90.0	-0.0025285249575972557	-0.0771816074848175
best250_vs_ckpt10	854	50	46	44	-2	92.0	88.0	-0.002253047889098525	0.022296123206615448
best250_vs_ckpt10	838	50	28	26	-2	56.0	52.0	-0.002103324281051755	0.04374014958739281
best250_vs_ckpt10	859	50	35	33	-2	70.0	66.0	-0.0019456043373793364	-0.028713827952742577
best250_vs_ckpt10	482	50	15	13	-2	30.0	26.0	-0.001149697694927454	-0.06723985075950623
best250_vs_ckpt10	158	50	33	31	-2	66.0	62.0	0.00012741512909997255	0.0938539206981659
best250_vs_ckpt10	807	50	42	40	-2	84.0	80.0	0.0003249269793741405	0.05381883680820465
best250_vs_ckpt10	588	50	38	36	-2	76.0	72.0	0.0004026037349831313	-0.02370108664035797
best250_vs_ckpt10	733	50	27	25	-2	54.0	50.0	0.0007620471878908575	-0.015842532739043236
best250_vs_ckpt10	2	50	43	41	-2	86.0	82.0	0.001682145637460053	0.21828781068325043
best250_vs_ckpt10	78	50	41	39	-2	82.0	78.0	0.0017251803074032068	0.0279974564909935
best250_vs_ckpt10	787	50	37	35	-2	74.0	70.0	0.00351345119997859	-0.027300052344799042
best250_vs_ckpt10	577	50	47	45	-2	94.0	90.0	0.004092637449502945	0.07155667245388031
best250_vs_ckpt10	682	50	44	42	-2	88.0	84.0	0.004368234891444445	0.055584222078323364
best250_vs_ckpt10	541	50	29	27	-2	58.0	54.0	0.0076263826340436935	0.14679068326950073
best250_vs_ckpt10	214	50	47	45	-2	94.0	90.0	0.008175107650458813	0.00471559539437294
best250_vs_ckpt10	841	50	23	21	-2	46.0	42.0	0.009461825713515282	-0.06083438917994499
best250_vs_ckpt10	424	50	35	33	-2	70.0	66.0	0.009660996496677399	-0.02146809548139572
best250_vs_ckpt10	697	50	37	35	-2	74.0	70.0	0.015883145853877068	0.1147727221250534
best250_vs_ckpt10	65	50	43	41	-2	86.0	82.0	0.017252951860427856	0.2207440882921219
best250_vs_ckpt10	693	50	42	40	-2	84.0	80.0	0.018299242481589317	0.06680899858474731
best250_vs_ckpt10	494	50	38	37	-1	76.0	74.0	-0.04061724990606308	-0.1203102394938469
best250_vs_ckpt10	578	50	38	37	-1	76.0	74.0	-0.03859690949320793	-0.14037087559700012
best250_vs_ckpt10	59	50	37	36	-1	74.0	72.0	-0.037983618676662445	-0.053767766803503036
best250_vs_ckpt10	218	50	46	45	-1	92.0	90.0	-0.03575887531042099	-0.27358371019363403
best250_vs_ckpt10	835	50	43	42	-1	86.0	84.0	-0.025255253538489342	-0.07081885635852814
best250_vs_ckpt10	456	50	42	41	-1	84.0	82.0	-0.024118805304169655	-0.14694157242774963
best250_vs_ckpt10	800	50	48	47	-1	96.0	94.0	-0.02403535321354866	-0.17083138227462769
best250_vs_ckpt10	49	50	41	40	-1	82.0	80.0	-0.023479528725147247	-0.18016286194324493
best250_vs_ckpt10	550	50	41	40	-1	82.0	80.0	-0.02203085832297802	0.006109714508056641
best250_vs_ckpt10	414	50	22	21	-1	44.0	42.0	-0.021379996091127396	-0.010054655373096466
best250_vs_ckpt10	361	50	49	48	-1	98.0	96.0	-0.020968958735466003	-0.005253887269645929
best250_vs_ckpt10	176	50	43	42	-1	86.0	84.0	-0.02047574706375599	-0.034354619681835175
best250_vs_ckpt10	928	50	38	37	-1	76.0	74.0	-0.020401373505592346	-0.2355552613735199
best250_vs_ckpt10	3	50	40	39	-1	80.0	78.0	-0.020299380645155907	-0.002965955762192607
best250_vs_ckpt10	750	50	37	36	-1	74.0	72.0	-0.01930645853281021	-0.03706510365009308
best250_vs_ckpt10	245	50	44	43	-1	88.0	86.0	-0.019297678023576736	-0.1571413278579712
best250_vs_ckpt10	474	50	40	39	-1	80.0	78.0	-0.019049448892474174	-0.1426209956407547
best250_vs_ckpt10	677	50	37	36	-1	74.0	72.0	-0.018511449918150902	-0.03819012641906738
best250_vs_ckpt10	210	50	46	45	-1	92.0	90.0	-0.01775728166103363	-0.156117245554924
best250_vs_ckpt10	337	50	42	41	-1	84.0	82.0	-0.01765032857656479	-0.08483686298131943
best250_vs_ckpt10	233	50	41	40	-1	82.0	80.0	-0.017531927675008774	-0.031852398067712784
best250_vs_ckpt10	847	50	40	39	-1	80.0	78.0	-0.017440905794501305	-0.13039442896842957
best250_vs_ckpt10	759	50	41	40	-1	82.0	80.0	-0.017019929364323616	-0.023224564269185066
best250_vs_ckpt10	123	50	44	43	-1	88.0	86.0	-0.016979295760393143	-0.0710614025592804
best250_vs_ckpt10	377	50	42	41	-1	84.0	82.0	-0.016848891973495483	-0.04861735180020332
best250_vs_ckpt10	283	50	48	47	-1	96.0	94.0	-0.016436319798231125	-0.16758586466312408
best250_vs_ckpt10	757	50	44	43	-1	88.0	86.0	-0.016246793791651726	-0.09458423405885696
best250_vs_ckpt10	292	50	49	48	-1	98.0	96.0	-0.015932800248265266	-0.01793898642063141
best250_vs_ckpt10	571	50	47	46	-1	94.0	92.0	-0.014002098701894283	-0.15840807557106018
best250_vs_ckpt10	417	50	46	45	-1	92.0	90.0	-0.013967612758278847	-0.15168623626232147
best250_vs_ckpt10	910	50	40	39	-1	80.0	78.0	-0.013368885964155197	-0.025577496737241745
best250_vs_ckpt10	637	50	43	42	-1	86.0	84.0	-0.012952512130141258	-0.04596169292926788
best250_vs_ckpt10	63	50	44	43	-1	88.0	86.0	-0.012490050867199898	0.01398356445133686
best250_vs_ckpt10	288	50	43	42	-1	86.0	84.0	-0.012340382672846317	-0.014663181267678738
best250_vs_ckpt10	716	50	46	45	-1	92.0	90.0	-0.012151878327131271	-0.1291705220937729
best250_vs_ckpt10	150	50	48	47	-1	96.0	94.0	-0.011923904530704021	-0.021721821278333664
best250_vs_ckpt10	797	50	36	35	-1	72.0	70.0	-0.011877477169036865	0.0619456022977829
best250_vs_ckpt10	777	50	44	43	-1	88.0	86.0	-0.011268896982073784	-0.02276787720620632
best250_vs_ckpt10	29	50	48	47	-1	96.0	94.0	-0.011178280226886272	-0.04733617603778839
best250_vs_ckpt10	586	50	44	43	-1	88.0	86.0	-0.01110133621841669	0.030157241970300674
best250_vs_ckpt10	553	50	42	41	-1	84.0	82.0	-0.011049327440559864	0.05117270350456238
best250_vs_ckpt10	33	50	44	43	-1	88.0	86.0	-0.010213923640549183	0.023519964888691902
best250_vs_ckpt10	186	50	40	39	-1	80.0	78.0	-0.01008309330791235	-0.08643462508916855
best250_vs_ckpt10	763	50	47	46	-1	94.0	92.0	-0.009401838295161724	-0.07339750230312347
best250_vs_ckpt10	213	50	44	43	-1	88.0	86.0	-0.009283601306378841	-0.07265209406614304
best250_vs_ckpt10	717	50	37	36	-1	74.0	72.0	-0.009088273160159588	-0.004080572165548801
best250_vs_ckpt10	363	50	47	46	-1	94.0	92.0	-0.008740696124732494	-0.06065492704510689
best250_vs_ckpt10	74	50	30	29	-1	60.0	58.0	-0.008533503860235214	-0.026460152119398117
best250_vs_ckpt10	904	50	34	33	-1	68.0	66.0	-0.008069307543337345	-0.07385726273059845
best250_vs_ckpt10	690	50	47	46	-1	94.0	92.0	-0.007726216688752174	-0.012862577103078365
best250_vs_ckpt10	971	50	45	44	-1	90.0	88.0	-0.0073583899065852165	-0.12201002240180969
best250_vs_ckpt10	745	50	37	36	-1	74.0	72.0	-0.007236768025904894	-0.08848703652620316
best250_vs_ckpt10	471	50	46	45	-1	92.0	90.0	-0.007209164090454578	-0.1274169534444809
best250_vs_ckpt10	442	50	36	35	-1	72.0	70.0	-0.006755720358341932	-0.05051945522427559
best250_vs_ckpt10	982	50	42	41	-1	84.0	82.0	-0.006709456909447908	0.02476644515991211
best250_vs_ckpt10	978	50	25	24	-1	50.0	48.0	-0.006603823509067297	0.10467300564050674
best250_vs_ckpt10	163	50	30	29	-1	60.0	58.0	-0.006509174592792988	-0.137189581990242
best250_vs_ckpt10	199	50	41	40	-1	82.0	80.0	-0.006293865852057934	-0.10629341006278992
best250_vs_ckpt10	814	50	49	48	-1	98.0	96.0	-0.00617048516869545	-0.11365901678800583
best250_vs_ckpt10	468	50	37	36	-1	74.0	72.0	-0.00599316880106926	-0.07443235069513321
best250_vs_ckpt10	554	50	50	49	-1	100.0	98.0	-0.005918449256569147	0.011335782706737518
best250_vs_ckpt10	293	50	48	47	-1	96.0	94.0	-0.005733121652156115	-0.1016603633761406
best250_vs_ckpt10	993	50	50	49	-1	100.0	98.0	-0.005542975850403309	0.047217272222042084
best250_vs_ckpt10	481	50	34	33	-1	68.0	66.0	-0.00526038371026516	-0.1035485714673996
best250_vs_ckpt10	191	50	45	44	-1	90.0	88.0	-0.005133362952619791	-0.04036189243197441
best250_vs_ckpt10	526	50	32	31	-1	64.0	62.0	-0.005121558904647827	-0.042557526379823685
best250_vs_ckpt10	197	50	44	43	-1	88.0	86.0	-0.004607457667589188	-0.10362481325864792
best250_vs_ckpt10	531	50	31	30	-1	62.0	60.0	-0.00457798084244132	-0.09461722522974014
best250_vs_ckpt10	746	50	47	46	-1	94.0	92.0	-0.004451192915439606	-0.023929834365844727
best250_vs_ckpt10	772	50	36	35	-1	72.0	70.0	-0.004177745897322893	-0.07386355102062225
best250_vs_ckpt10	882	50	42	41	-1	84.0	82.0	-0.004137554671615362	0.05001308396458626
best250_vs_ckpt10	948	50	48	47	-1	96.0	94.0	-0.004013770259916782	-0.06301643699407578
best250_vs_ckpt10	812	50	49	48	-1	98.0	96.0	-0.003801207058131695	-0.12566731870174408
best250_vs_ckpt10	614	50	46	45	-1	92.0	90.0	-0.0036990896333009005	0.004493150860071182
best250_vs_ckpt10	445	50	31	30	-1	62.0	60.0	-0.0036103054881095886	0.10936688631772995
best250_vs_ckpt10	821	50	46	45	-1	92.0	90.0	-0.0035987221635878086	-0.06734635680913925
best250_vs_ckpt10	60	50	27	26	-1	54.0	52.0	-0.0032719706650823355	0.009498834609985352
best250_vs_ckpt10	84	50	49	48	-1	98.0	96.0	-0.0031929737888276577	-0.07737669348716736
best250_vs_ckpt10	26	50	32	31	-1	64.0	62.0	-0.0031829827930778265	0.09192422777414322
best250_vs_ckpt10	920	50	42	41	-1	84.0	82.0	-0.002999936928972602	0.04617912322282791
best250_vs_ckpt10	946	50	48	47	-1	96.0	94.0	-0.0029777211602777243	0.01482889149338007
best250_vs_ckpt10	205	50	41	40	-1	82.0	80.0	-0.0026402738876640797	-0.07848760485649109
best250_vs_ckpt10	728	50	29	28	-1	58.0	56.0	-0.002586165675893426	-0.07669048011302948
best250_vs_ckpt10	352	50	45	44	-1	90.0	88.0	-0.0024581952020525932	-0.05116204172372818
best250_vs_ckpt10	808	50	37	36	-1	74.0	72.0	-0.0023333514109253883	-0.07064738869667053
best250_vs_ckpt10	108	50	34	33	-1	68.0	66.0	-0.0018326831050217152	0.03937210142612457
best250_vs_ckpt10	789	50	40	39	-1	80.0	78.0	-0.0017221105517819524	-0.02079029008746147
best250_vs_ckpt10	646	50	45	44	-1	90.0	88.0	-0.0017039984231814742	-0.018729200586676598
best250_vs_ckpt10	346	50	46	45	-1	92.0	90.0	-0.0016926033422350883	0.10636285692453384
best250_vs_ckpt10	388	50	48	47	-1	96.0	94.0	-0.001162024331279099	-0.03556280955672264
best250_vs_ckpt10	556	50	33	32	-1	66.0	64.0	-0.0011081936536356807	0.0597793385386467
best250_vs_ckpt10	644	50	39	38	-1	78.0	76.0	-0.0010447329841554165	0.05794413387775421
best250_vs_ckpt10	484	50	35	34	-1	70.0	68.0	-0.0008369175484403968	-0.04548517242074013
best250_vs_ckpt10	699	50	43	42	-1	86.0	84.0	-0.0006394019001163542	-0.10334727168083191
best250_vs_ckpt10	282	50	13	12	-1	26.0	24.0	-0.0001279017305932939	-0.05600069835782051
best250_vs_ckpt10	257	50	42	41	-1	84.0	82.0	-0.00010973632015520707	0.0896727591753006
best250_vs_ckpt10	722	50	45	44	-1	90.0	88.0	-2.6178955522482283e-05	0.01896536909043789
best250_vs_ckpt10	922	50	43	42	-1	86.0	84.0	6.481662421720102e-05	0.04570649191737175
best250_vs_ckpt10	458	50	49	48	-1	98.0	96.0	0.00016740501450840384	0.027348719537258148
best250_vs_ckpt10	601	50	40	39	-1	80.0	78.0	0.000611431896686554	-0.022230826318264008
best250_vs_ckpt10	464	50	34	33	-1	68.0	66.0	0.0006290334276854992	-0.08818996697664261
best250_vs_ckpt10	747	50	37	36	-1	74.0	72.0	0.0008256980800069869	0.0361485481262207
best250_vs_ckpt10	657	50	15	14	-1	30.0	28.0	0.0008831723243929446	-0.019560985267162323
best250_vs_ckpt10	160	50	50	49	-1	100.0	98.0	0.0014281070325523615	0.03659362718462944
best250_vs_ckpt10	235	50	43	42	-1	86.0	84.0	0.001432952587492764	0.025015057995915413
best250_vs_ckpt10	347	50	46	45	-1	92.0	90.0	0.001466386136598885	0.07052789628505707
best250_vs_ckpt10	35	50	35	34	-1	70.0	68.0	0.001711293705739081	-0.041582755744457245
best250_vs_ckpt10	134	50	38	37	-1	76.0	74.0	0.0017357254400849342	-0.07415661960840225
best250_vs_ckpt10	501	50	21	20	-1	42.0	40.0	0.0018814242212101817	0.07471228390932083
best250_vs_ckpt10	929	50	43	42	-1	86.0	84.0	0.0020056888461112976	0.04168734699487686
best250_vs_ckpt10	195	50	46	45	-1	92.0	90.0	0.0021450240164995193	0.08142134547233582
best250_vs_ckpt10	767	50	33	32	-1	66.0	64.0	0.00228166114538908	-0.003948688507080078
best250_vs_ckpt10	52	50	41	40	-1	82.0	80.0	0.0026438096538186073	-0.05485803633928299
best250_vs_ckpt10	129	50	50	49	-1	100.0	98.0	0.002682548249140382	0.08492749184370041
best250_vs_ckpt10	356	50	23	22	-1	46.0	44.0	0.0028786268085241318	0.02999405935406685
best250_vs_ckpt10	351	50	48	47	-1	96.0	94.0	0.002925264183431864	0.05283868685364723
best250_vs_ckpt10	402	50	32	31	-1	64.0	62.0	0.003032033797353506	-0.01842680014669895
best250_vs_ckpt10	899	50	18	17	-1	36.0	34.0	0.0031822919845581055	0.05428561195731163
best250_vs_ckpt10	115	50	49	48	-1	98.0	96.0	0.003690006211400032	0.08141425251960754
best250_vs_ckpt10	313	50	41	40	-1	82.0	80.0	0.00452802237123251	0.0386287122964859
best250_vs_ckpt10	499	50	27	26	-1	54.0	52.0	0.004692830611020327	0.0874108225107193
best250_vs_ckpt10	178	50	48	47	-1	96.0	94.0	0.00478448485955596	0.08187549561262131
best250_vs_ckpt10	177	50	46	45	-1	92.0	90.0	0.004806526470929384	0.030978631228208542
best250_vs_ckpt10	330	50	41	40	-1	82.0	80.0	0.004842044319957495	-0.017180470749735832
best250_vs_ckpt10	542	50	36	35	-1	72.0	70.0	0.005013716407120228	-0.06110024452209473
best250_vs_ckpt10	805	50	47	46	-1	94.0	92.0	0.005098198540508747	-0.016352476552128792
best250_vs_ckpt10	582	50	34	33	-1	68.0	66.0	0.005397981498390436	-0.1039840579032898
best250_vs_ckpt10	627	50	42	41	-1	84.0	82.0	0.005427599418908358	0.17045654356479645
best250_vs_ckpt10	220	50	37	36	-1	74.0	72.0	0.00557213369756937	0.07911299914121628
best250_vs_ckpt10	960	50	34	33	-1	68.0	66.0	0.005675745662301779	0.06068699061870575
best250_vs_ckpt10	182	50	47	46	-1	94.0	92.0	0.006189324893057346	0.11029257625341415
best250_vs_ckpt10	619	50	34	33	-1	68.0	66.0	0.00642963033169508	-0.0294593907892704
best250_vs_ckpt10	109	50	48	47	-1	96.0	94.0	0.006440088618546724	-0.007069454062730074
best250_vs_ckpt10	161	50	43	42	-1	86.0	84.0	0.0067446231842041016	0.09145758301019669
best250_vs_ckpt10	225	50	47	46	-1	94.0	92.0	0.006903096567839384	0.09305872768163681
best250_vs_ckpt10	676	50	39	38	-1	78.0	76.0	0.006982867605984211	-0.010227370075881481
best250_vs_ckpt10	175	50	35	34	-1	70.0	68.0	0.007229567039757967	0.052621640264987946
best250_vs_ckpt10	397	50	47	46	-1	94.0	92.0	0.007689923048019409	0.09468661993741989
best250_vs_ckpt10	861	50	38	37	-1	76.0	74.0	0.008196967653930187	0.051517389714717865
best250_vs_ckpt10	370	50	44	43	-1	88.0	86.0	0.008201518096029758	-0.03857416287064552
best250_vs_ckpt10	802	50	48	47	-1	96.0	94.0	0.008281493559479713	0.10556040704250336
best250_vs_ckpt10	193	50	25	24	-1	50.0	48.0	0.00893903523683548	0.14628815650939941
best250_vs_ckpt10	172	50	41	40	-1	82.0	80.0	0.009185117669403553	0.03373270109295845
best250_vs_ckpt10	479	50	23	22	-1	46.0	44.0	0.010435148142278194	-0.023472853004932404
best250_vs_ckpt10	121	50	44	43	-1	88.0	86.0	0.010545688681304455	0.09965444356203079
best250_vs_ckpt10	941	50	41	40	-1	82.0	80.0	0.01074184849858284	0.0907181054353714
best250_vs_ckpt10	683	50	35	34	-1	70.0	68.0	0.01078876480460167	-0.08206860721111298
best250_vs_ckpt10	497	50	37	36	-1	74.0	72.0	0.011108942329883575	0.02645035833120346
best250_vs_ckpt10	232	50	45	44	-1	90.0	88.0	0.011293459683656693	-0.04119643196463585
best250_vs_ckpt10	101	50	36	35	-1	72.0	70.0	0.011340838856995106	0.025272531434893608
best250_vs_ckpt10	444	50	45	44	-1	90.0	88.0	0.0115971639752388	0.10013454407453537
best250_vs_ckpt10	508	50	40	39	-1	80.0	78.0	0.011923129670321941	0.01874399185180664
best250_vs_ckpt10	120	50	38	37	-1	76.0	74.0	0.011967234313488007	0.08110714703798294
best250_vs_ckpt10	73	50	25	24	-1	50.0	48.0	0.011999641545116901	0.0028294753283262253
best250_vs_ckpt10	422	50	32	31	-1	64.0	62.0	0.01234884187579155	0.020367249846458435
best250_vs_ckpt10	467	50	43	42	-1	86.0	84.0	0.012447662651538849	-0.006889076437801123
best250_vs_ckpt10	765	50	38	37	-1	76.0	74.0	0.012577290646731853	0.05855962634086609
best250_vs_ckpt10	141	50	47	46	-1	94.0	92.0	0.014780988916754723	0.12951502203941345
best250_vs_ckpt10	574	50	48	47	-1	96.0	94.0	0.01500244066119194	0.12807556986808777
best250_vs_ckpt10	696	50	42	41	-1	84.0	82.0	0.015260369516909122	0.16048061847686768
best250_vs_ckpt10	434	50	31	30	-1	62.0	60.0	0.015685610473155975	0.08197750896215439
best250_vs_ckpt10	450	50	49	48	-1	98.0	96.0	0.01573716662824154	0.08834931254386902
best250_vs_ckpt10	407	50	47	46	-1	94.0	92.0	0.01612546481192112	0.18580883741378784
best250_vs_ckpt10	532	50	42	41	-1	84.0	82.0	0.016545407474040985	0.0677230954170227
best250_vs_ckpt10	883	50	28	27	-1	56.0	54.0	0.016618836671113968	0.0070540811866521835
best250_vs_ckpt10	983	50	47	46	-1	94.0	92.0	0.016832131892442703	0.1082257628440857
best250_vs_ckpt10	595	50	43	42	-1	86.0	84.0	0.01709539256989956	0.05622841790318489
best250_vs_ckpt10	705	50	31	30	-1	62.0	60.0	0.017464585602283478	0.05033530294895172
best250_vs_ckpt10	885	50	16	15	-1	32.0	30.0	0.017728306353092194	0.1077321246266365
best250_vs_ckpt10	972	50	37	36	-1	74.0	72.0	0.017744464799761772	0.09191101044416428
best250_vs_ckpt10	981	50	43	42	-1	86.0	84.0	0.01797792874276638	0.08482957631349564
best250_vs_ckpt10	756	50	43	42	-1	86.0	84.0	0.01894335448741913	0.007452440448105335
best250_vs_ckpt10	505	50	35	34	-1	70.0	68.0	0.019138937816023827	0.039907559752464294
best250_vs_ckpt10	596	50	37	36	-1	74.0	72.0	0.02064468152821064	-0.010378780774772167
best250_vs_ckpt10	811	50	34	33	-1	68.0	66.0	0.021586837247014046	0.05780528858304024
best250_vs_ckpt10	611	50	48	47	-1	96.0	94.0	0.02204829268157482	0.15416470170021057
best250_vs_ckpt10	203	50	48	47	-1	96.0	94.0	0.022791018709540367	0.14156945049762726
best250_vs_ckpt10	470	50	36	35	-1	72.0	70.0	0.0257649514824152	0.13371320068836212
best250_vs_ckpt10	964	50	42	41	-1	84.0	82.0	0.02825540117919445	-0.006662511732429266
best250_vs_ckpt10	801	50	47	46	-1	94.0	92.0	0.039735134690999985	0.21586769819259644
best250_vs_ckpt10	795	50	43	43	0	86.0	86.0	-0.026195311918854713	-0.14931637048721313
best250_vs_ckpt10	893	50	36	36	0	72.0	72.0	-0.02536805160343647	-0.10180693864822388
best250_vs_ckpt10	679	50	49	49	0	98.0	98.0	-0.025291211903095245	-0.1376812905073166
best250_vs_ckpt10	829	50	46	46	0	92.0	92.0	-0.025098305195569992	-0.2341773360967636
best250_vs_ckpt10	907	50	29	29	0	58.0	58.0	-0.024281185120344162	0.011585903353989124
best250_vs_ckpt10	328	50	46	46	0	92.0	92.0	-0.024166354909539223	-0.28845763206481934
best250_vs_ckpt10	533	50	47	47	0	94.0	94.0	-0.023173067718744278	-0.10854271799325943
best250_vs_ckpt10	411	50	39	39	0	78.0	78.0	-0.022889357060194016	-0.14696089923381805
best250_vs_ckpt10	486	50	45	45	0	90.0	90.0	-0.0228731632232666	-0.06263549625873566
best250_vs_ckpt10	512	50	49	49	0	98.0	98.0	-0.021960975602269173	-0.14613448083400726
best250_vs_ckpt10	850	50	44	44	0	88.0	88.0	-0.021721215918660164	-0.04359859600663185
best250_vs_ckpt10	739	50	48	48	0	96.0	96.0	-0.021252093836665154	-0.17150093615055084
best250_vs_ckpt10	852	50	43	43	0	86.0	86.0	-0.020980143919587135	-0.03601030260324478
best250_vs_ckpt10	334	50	46	46	0	92.0	92.0	-0.01992972567677498	-0.20576046407222748
best250_vs_ckpt10	298	50	40	40	0	80.0	80.0	-0.019902734085917473	-0.11277212202548981
best250_vs_ckpt10	775	50	37	37	0	74.0	74.0	-0.0186308640986681	-0.13157522678375244
best250_vs_ckpt10	365	50	46	46	0	92.0	92.0	-0.017794568091630936	-0.10950376838445663
best250_vs_ckpt10	507	50	43	43	0	86.0	86.0	-0.017292821779847145	-0.16679349541664124
best250_vs_ckpt10	790	50	35	35	0	70.0	70.0	-0.016822637990117073	-0.14144599437713623
best250_vs_ckpt10	192	50	42	42	0	84.0	84.0	-0.016425250098109245	-0.02166707068681717
best250_vs_ckpt10	64	50	33	33	0	66.0	66.0	-0.016177304089069366	-0.06195030361413956
best250_vs_ckpt10	519	50	32	32	0	64.0	64.0	-0.015919096767902374	-0.17836420238018036
best250_vs_ckpt10	102	50	50	50	0	100.0	100.0	-0.01581353135406971	-0.03731418773531914
best250_vs_ckpt10	234	50	46	46	0	92.0	92.0	-0.01578138768672943	-0.14223158359527588
best250_vs_ckpt10	809	50	35	35	0	70.0	70.0	-0.015751099213957787	-0.01819274015724659
best250_vs_ckpt10	490	50	39	39	0	78.0	78.0	-0.015415294095873833	-0.008505134843289852
best250_vs_ckpt10	832	50	46	46	0	92.0	92.0	-0.015398774296045303	-0.04293356090784073
best250_vs_ckpt10	915	50	48	48	0	96.0	96.0	-0.01538181398063898	-0.15835490822792053
best250_vs_ckpt10	122	50	45	45	0	90.0	90.0	-0.015302475541830063	-0.14672011137008667
best250_vs_ckpt10	819	50	40	40	0	80.0	80.0	-0.01486925594508648	-0.14867961406707764
best250_vs_ckpt10	362	50	44	44	0	88.0	88.0	-0.014451558701694012	-0.044421471655368805
best250_vs_ckpt10	472	50	47	47	0	94.0	94.0	-0.014034095220267773	-0.14448286592960358
best250_vs_ckpt10	903	50	45	45	0	90.0	90.0	-0.013731736689805984	-0.07448377460241318
best250_vs_ckpt10	980	50	44	44	0	88.0	88.0	-0.01367925200611353	-0.10702071338891983
best250_vs_ckpt10	902	50	42	42	0	84.0	84.0	-0.013252757489681244	-0.07351966947317123
best250_vs_ckpt10	224	50	39	39	0	78.0	78.0	-0.013198597356677055	-0.2666081488132477
best250_vs_ckpt10	967	50	37	37	0	74.0	74.0	-0.013150121085345745	-0.07592841237783432
best250_vs_ckpt10	319	50	42	42	0	84.0	84.0	-0.013076882809400558	0.05233854427933693
best250_vs_ckpt10	395	50	40	40	0	80.0	80.0	-0.013043793849647045	-0.12192729115486145
best250_vs_ckpt10	189	50	42	42	0	84.0	84.0	-0.012554806657135487	-0.006854210048913956
best250_vs_ckpt10	953	50	48	48	0	96.0	96.0	-0.012512769550085068	-0.11421693861484528
best250_vs_ckpt10	743	50	37	37	0	74.0	74.0	-0.012281390838325024	-0.1297697126865387
best250_vs_ckpt10	431	50	40	40	0	80.0	80.0	-0.012045024894177914	-0.05540718138217926
best250_vs_ckpt10	734	50	44	44	0	88.0	88.0	-0.011677611619234085	-0.0872281864285469
best250_vs_ckpt10	254	50	49	49	0	98.0	98.0	-0.011637712828814983	-0.14116346836090088
best250_vs_ckpt10	806	50	34	34	0	68.0	68.0	-0.011258053593337536	-0.11701849102973938
best250_vs_ckpt10	950	50	39	39	0	78.0	78.0	-0.010977850295603275	-0.12911097705364227
best250_vs_ckpt10	223	50	45	45	0	90.0	90.0	-0.010608743876218796	-0.03439273685216904
best250_vs_ckpt10	884	50	39	39	0	78.0	78.0	-0.010563063435256481	0.0058562564663589
best250_vs_ckpt10	955	50	49	49	0	98.0	98.0	-0.010325879789888859	-0.08100846409797668
best250_vs_ckpt10	573	50	49	49	0	98.0	98.0	-0.010211479850113392	-0.11284065991640091
best250_vs_ckpt10	229	50	49	49	0	98.0	98.0	-0.01012762077152729	-0.13457134366035461
best250_vs_ckpt10	143	50	49	49	0	98.0	98.0	-0.010055821388959885	-0.021611079573631287
best250_vs_ckpt10	863	50	48	48	0	96.0	96.0	-0.010039448738098145	-0.07376065850257874
best250_vs_ckpt10	194	50	42	42	0	84.0	84.0	-0.009927980601787567	-0.1678457409143448
best250_vs_ckpt10	569	50	48	48	0	96.0	96.0	-0.00986446999013424	-0.10561865568161011
best250_vs_ckpt10	31	50	46	46	0	92.0	92.0	-0.009726058691740036	-0.13012702763080597
best250_vs_ckpt10	342	50	45	45	0	90.0	90.0	-0.009658829309046268	-0.059051763266325
best250_vs_ckpt10	302	50	35	35	0	70.0	70.0	-0.009603289887309074	-0.040068816393613815
best250_vs_ckpt10	77	50	37	37	0	74.0	74.0	-0.009421398863196373	0.009894724003970623
best250_vs_ckpt10	133	50	48	48	0	96.0	96.0	-0.009355303831398487	-0.05997338145971298
best250_vs_ckpt10	23	50	49	49	0	98.0	98.0	-0.009324603714048862	-0.0027879809495061636
best250_vs_ckpt10	952	50	46	46	0	92.0	92.0	-0.00931632425636053	-0.021416224539279938
best250_vs_ckpt10	317	50	46	46	0	92.0	92.0	-0.009313852526247501	-0.15542560815811157
best250_vs_ckpt10	396	50	48	48	0	96.0	96.0	-0.009134833700954914	-0.06048671901226044
best250_vs_ckpt10	621	50	45	45	0	90.0	90.0	-0.009028874337673187	0.0038567923475056887
best250_vs_ckpt10	105	50	46	46	0	92.0	92.0	-0.008889633230865002	-0.05937085300683975
best250_vs_ckpt10	15	50	48	48	0	96.0	96.0	-0.008774146437644958	-0.15489992499351501
best250_vs_ckpt10	914	50	37	37	0	74.0	74.0	-0.008622539229691029	-0.025770016014575958
best250_vs_ckpt10	949	50	35	35	0	70.0	70.0	-0.008526794612407684	-0.08271235227584839
best250_vs_ckpt10	167	50	19	19	0	38.0	38.0	-0.008401326835155487	-0.07462592422962189
best250_vs_ckpt10	979	50	42	42	0	84.0	84.0	-0.008278433233499527	-0.09084877371788025
best250_vs_ckpt10	998	50	25	25	0	50.0	50.0	-0.008124948479235172	-0.002897596452385187
best250_vs_ckpt10	766	50	44	44	0	88.0	88.0	-0.008057956583797932	-0.18245354294776917
best250_vs_ckpt10	888	50	42	42	0	84.0	84.0	-0.008029838092625141	-0.08277799934148788
best250_vs_ckpt10	824	50	34	34	0	68.0	68.0	-0.007976447232067585	-0.039704225957393646
best250_vs_ckpt10	493	50	15	15	0	30.0	30.0	-0.007844562642276287	-0.08227679133415222
best250_vs_ckpt10	14	50	49	49	0	98.0	98.0	-0.007795121055096388	-0.002636556513607502
best250_vs_ckpt10	34	50	38	38	0	76.0	76.0	-0.007784737274050713	0.03051573783159256
best250_vs_ckpt10	168	50	44	44	0	88.0	88.0	-0.007526549510657787	-0.08272047340869904
best250_vs_ckpt10	870	50	45	45	0	90.0	90.0	-0.007384948898106813	-0.06061078980565071
best250_vs_ckpt10	591	50	40	40	0	80.0	80.0	-0.00726619828492403	-0.0759483352303505
best250_vs_ckpt10	61	50	43	43	0	86.0	86.0	-0.007243452128022909	-0.0917544811964035
best250_vs_ckpt10	538	50	39	39	0	78.0	78.0	-0.0071314857341349125	0.04796770215034485
best250_vs_ckpt10	664	50	19	19	0	38.0	38.0	-0.007107153534889221	0.021220417693257332
best250_vs_ckpt10	788	50	47	47	0	94.0	94.0	-0.006655263248831034	-0.03822501003742218
best250_vs_ckpt10	287	50	38	38	0	76.0	76.0	-0.0065468549728393555	-0.10624557733535767
best250_vs_ckpt10	996	50	48	48	0	96.0	96.0	-0.006527142599225044	0.03709894046187401
best250_vs_ckpt10	276	50	47	47	0	94.0	94.0	-0.0063970088958740234	-0.061702679842710495
best250_vs_ckpt10	518	50	48	48	0	96.0	96.0	-0.006394805386662483	-0.0822829082608223
best250_vs_ckpt10	350	50	48	48	0	96.0	96.0	-0.006362602114677429	0.014285631477832794
best250_vs_ckpt10	742	50	27	27	0	54.0	54.0	-0.006339386571198702	-0.06759466975927353
best250_vs_ckpt10	842	50	34	34	0	68.0	68.0	-0.006327406037598848	-0.04689857363700867
best250_vs_ckpt10	945	50	45	45	0	90.0	90.0	-0.006271250080317259	-0.1378726065158844
best250_vs_ckpt10	566	50	41	41	0	82.0	82.0	-0.006186710670590401	0.04850363731384277
best250_vs_ckpt10	339	50	50	50	0	100.0	100.0	-0.00581012386828661	-0.09667451679706573
best250_vs_ckpt10	322	50	47	47	0	94.0	94.0	-0.005717588122934103	-0.11029116809368134
best250_vs_ckpt10	509	50	32	32	0	64.0	64.0	-0.005593536421656609	0.06266440451145172
best250_vs_ckpt10	94	50	48	48	0	96.0	96.0	-0.005582965444773436	-0.08854315429925919
best250_vs_ckpt10	530	50	33	33	0	66.0	66.0	-0.005555715411901474	-0.047135792672634125
best250_vs_ckpt10	958	50	47	47	0	94.0	94.0	-0.005539781413972378	-0.07952752709388733
best250_vs_ckpt10	30	50	41	41	0	82.0	82.0	-0.005526677239686251	0.06469565629959106
best250_vs_ckpt10	511	50	43	43	0	86.0	86.0	-0.005481974687427282	-0.027114257216453552
best250_vs_ckpt10	399	50	44	44	0	88.0	88.0	-0.005300881341099739	-0.09492602199316025
best250_vs_ckpt10	753	50	41	41	0	82.0	82.0	-0.00523607712239027	0.06368532031774521
best250_vs_ckpt10	570	50	46	46	0	92.0	92.0	-0.0052283708937466145	-0.02106916345655918
best250_vs_ckpt10	10	50	48	48	0	96.0	96.0	-0.005217614583671093	-0.0636507123708725
best250_vs_ckpt10	410	50	45	45	0	90.0	90.0	-0.0051286909729242325	0.01646306924521923
best250_vs_ckpt10	560	50	48	48	0	96.0	96.0	-0.005096448585391045	-0.03866555169224739
best250_vs_ckpt10	320	50	45	45	0	90.0	90.0	-0.005052634514868259	-0.031139859929680824
best250_vs_ckpt10	306	50	44	44	0	88.0	88.0	-0.005036653485149145	-0.08622502535581589
best250_vs_ckpt10	726	50	46	46	0	92.0	92.0	-0.004995841532945633	-0.05326904356479645
best250_vs_ckpt10	483	50	40	40	0	80.0	80.0	-0.00494806794449687	-0.045134659856557846
best250_vs_ckpt10	555	50	44	44	0	88.0	88.0	-0.004918959923088551	-0.08361972123384476
best250_vs_ckpt10	318	50	43	43	0	86.0	86.0	-0.004777311813086271	-0.02849223092198372
best250_vs_ckpt10	183	50	46	46	0	92.0	92.0	-0.004729465115815401	0.0334298238158226
best250_vs_ckpt10	735	50	34	34	0	68.0	68.0	-0.004648461006581783	-0.011930103413760662
best250_vs_ckpt10	783	50	49	49	0	98.0	98.0	-0.004630558658391237	0.0568191334605217
best250_vs_ckpt10	791	50	42	42	0	84.0	84.0	-0.0045221722684800625	-0.03724156320095062
best250_vs_ckpt10	398	50	43	43	0	86.0	86.0	-0.004407459869980812	-0.05975604057312012
best250_vs_ckpt10	962	50	38	38	0	76.0	76.0	-0.004295187070965767	0.04520828276872635
best250_vs_ckpt10	148	50	50	50	0	100.0	100.0	-0.0042340075597167015	-0.05616343393921852
best250_vs_ckpt10	37	50	45	45	0	90.0	90.0	-0.00421213498339057	-0.010249147191643715
best250_vs_ckpt10	307	50	43	43	0	86.0	86.0	-0.004195474088191986	0.015504216775298119
best250_vs_ckpt10	201	50	33	33	0	66.0	66.0	-0.004189999308437109	-0.06253191083669662
best250_vs_ckpt10	291	50	50	50	0	100.0	100.0	-0.004176097922027111	-0.010877027176320553
best250_vs_ckpt10	274	50	47	47	0	94.0	94.0	-0.004128915257751942	-0.09584257751703262
best250_vs_ckpt10	359	50	36	36	0	72.0	72.0	-0.003920347895473242	-0.04820635914802551
best250_vs_ckpt10	936	50	46	46	0	92.0	92.0	-0.003917851019650698	0.045645542442798615
best250_vs_ckpt10	985	50	49	49	0	98.0	98.0	-0.0039137243293225765	0.04647769033908844
best250_vs_ckpt10	461	50	27	27	0	54.0	54.0	-0.003734569065272808	-0.013488531112670898
best250_vs_ckpt10	926	50	44	44	0	88.0	88.0	-0.003730636788532138	0.0114917466416955
best250_vs_ckpt10	170	50	35	35	0	70.0	70.0	-0.003702629590407014	0.05512647703289986
best250_vs_ckpt10	974	50	48	48	0	96.0	96.0	-0.0036517006810754538	0.010257196612656116
best250_vs_ckpt10	305	50	44	44	0	88.0	88.0	-0.0034446718636900187	0.01975068636238575
best250_vs_ckpt10	114	50	42	42	0	84.0	84.0	-0.0032923307735472918	-0.01047408115118742
best250_vs_ckpt10	107	50	47	47	0	94.0	94.0	-0.003093385137617588	-0.07154043018817902
best250_vs_ckpt10	466	50	48	48	0	96.0	96.0	-0.0029527819715440273	-0.07301247864961624
best250_vs_ckpt10	992	50	43	43	0	86.0	86.0	-0.002922661369666457	0.002752857282757759
best250_vs_ckpt10	638	50	16	16	0	32.0	32.0	-0.002877551829442382	0.08758269995450974
best250_vs_ckpt10	874	50	50	50	0	100.0	100.0	-0.0027882789727300406	-0.025801438838243484
best250_vs_ckpt10	937	50	46	46	0	92.0	92.0	-0.0027864472940564156	0.00012194633745821193
best250_vs_ckpt10	309	50	43	43	0	86.0	86.0	-0.002698329044505954	-0.04792209714651108
best250_vs_ckpt10	510	50	46	46	0	92.0	92.0	-0.0026938719674944878	0.029731063172221184
best250_vs_ckpt10	837	50	20	20	0	40.0	40.0	-0.0026622998993843794	-0.04595774784684181
best250_vs_ckpt10	776	50	37	37	0	74.0	74.0	-0.00265529309399426	-0.00725757610052824
best250_vs_ckpt10	240	50	20	20	0	40.0	40.0	-0.002590143121778965	0.10881287604570389
best250_vs_ckpt10	672	50	48	48	0	96.0	96.0	-0.002505554584786296	0.0017575073288753629
best250_vs_ckpt10	712	50	40	40	0	80.0	80.0	-0.0024266906548291445	-0.045697737485170364
best250_vs_ckpt10	164	50	47	47	0	94.0	94.0	-0.0021541600581258535	-0.048029348254203796
best250_vs_ckpt10	221	50	45	45	0	90.0	90.0	-0.0021302313543856144	-0.026518965139985085
best250_vs_ckpt10	11	50	49	49	0	98.0	98.0	-0.002077293349429965	-0.11977697163820267
best250_vs_ckpt10	117	50	45	45	0	90.0	90.0	-0.0020538470707833767	-0.005875320639461279
best250_vs_ckpt10	17	50	47	47	0	94.0	94.0	-0.001973574748262763	0.04114239662885666
best250_vs_ckpt10	312	50	36	36	0	72.0	72.0	-0.001942943432368338	-0.06326141953468323
best250_vs_ckpt10	762	50	27	27	0	54.0	54.0	-0.0018584694480523467	0.05395735800266266
best250_vs_ckpt10	994	50	45	45	0	90.0	90.0	-0.0018584117060527205	0.08652551472187042
best250_vs_ckpt10	668	50	48	48	0	96.0	96.0	-0.0018439751584082842	0.031941965222358704
best250_vs_ckpt10	325	50	49	49	0	98.0	98.0	-0.0017280500615015626	-0.07607865333557129
best250_vs_ckpt10	820	50	49	49	0	98.0	98.0	-0.0016930886777117848	0.03455769643187523
best250_vs_ckpt10	127	50	46	46	0	92.0	92.0	-0.0016585831763222814	-0.04307093471288681
best250_vs_ckpt10	856	50	31	31	0	62.0	62.0	-0.0016440190374851227	0.05422424152493477
best250_vs_ckpt10	752	50	42	42	0	84.0	84.0	-0.0016424835193902254	0.0547347366809845
best250_vs_ckpt10	56	50	47	47	0	94.0	94.0	-0.0016148015856742859	-0.08214034885168076
best250_vs_ckpt10	364	50	50	50	0	100.0	100.0	-0.001596369780600071	-0.04440048336982727
best250_vs_ckpt10	438	50	30	30	0	60.0	60.0	-0.001506126020103693	0.014660653658211231
best250_vs_ckpt10	628	50	47	47	0	94.0	94.0	-0.0010889362310990691	0.014365263283252716
best250_vs_ckpt10	815	50	36	36	0	72.0	72.0	-0.0010395583231002092	0.05197508633136749
best250_vs_ckpt10	957	50	47	47	0	94.0	94.0	-0.0010047757532447577	-0.04571317508816719
best250_vs_ckpt10	465	50	31	31	0	62.0	62.0	-0.0010027075186371803	-0.08639664947986603
best250_vs_ckpt10	642	50	44	44	0	88.0	88.0	-0.0009442605078220367	-0.013761110603809357
best250_vs_ckpt10	457	50	40	40	0	80.0	80.0	-0.0008250254322774708	-0.08110801875591278
best250_vs_ckpt10	426	50	45	45	0	90.0	90.0	-0.000772259256336838	-0.03501291200518608
best250_vs_ckpt10	375	50	45	45	0	90.0	90.0	-0.0007103994721546769	-0.02821405418217182
best250_vs_ckpt10	97	50	47	47	0	94.0	94.0	-0.0005693850107491016	0.0409376434981823
best250_vs_ckpt10	380	50	32	32	0	64.0	64.0	-0.0005138766719028354	-0.054465025663375854
best250_vs_ckpt10	866	50	45	45	0	90.0	90.0	-0.0005113044171594083	-0.038714732974767685
best250_vs_ckpt10	403	50	43	43	0	86.0	86.0	-0.0005075225490145385	0.17913848161697388
best250_vs_ckpt10	425	50	47	47	0	94.0	94.0	-0.0003222401428502053	-0.06128393113613129
best250_vs_ckpt10	514	50	38	38	0	76.0	76.0	-0.0003149264957755804	-0.024147748947143555
best250_vs_ckpt10	947	50	21	21	0	42.0	42.0	-0.00023889198200777173	-0.01996864378452301
best250_vs_ckpt10	545	50	44	44	0	88.0	88.0	-0.00012468754721339792	-0.1062273308634758
best250_vs_ckpt10	991	50	49	49	0	98.0	98.0	-0.00012004628661088645	0.06212053447961807
best250_vs_ckpt10	886	50	47	47	0	94.0	94.0	-8.840725058689713e-05	0.03823040798306465
best250_vs_ckpt10	353	50	36	36	0	72.0	72.0	-7.78758549131453e-05	0.00024743081303313375
best250_vs_ckpt10	275	50	50	50	0	100.0	100.0	-3.4214259358122945e-05	-0.01838582009077072
best250_vs_ckpt10	391	50	42	42	0	84.0	84.0	4.4242442527320236e-05	-0.02176586166024208
best250_vs_ckpt10	575	50	42	42	0	84.0	84.0	0.00020913958724122494	-0.010677843354642391
best250_vs_ckpt10	181	50	47	47	0	94.0	94.0	0.0006061355816200376	0.1722329556941986
best250_vs_ckpt10	965	50	43	43	0	86.0	86.0	0.0006485633784905076	0.08961302042007446
best250_vs_ckpt10	916	50	49	49	0	98.0	98.0	0.0007098543574102223	0.017364511266350746
best250_vs_ckpt10	995	50	50	50	0	100.0	100.0	0.000827292213216424	0.05592804029583931
best250_vs_ckpt10	656	50	28	28	0	56.0	56.0	0.0008758008480072021	0.035760555416345596
best250_vs_ckpt10	625	50	47	47	0	94.0	94.0	0.0008846710552461445	0.029392994940280914
best250_vs_ckpt10	540	50	44	44	0	88.0	88.0	0.0009227953269146383	0.02063526213169098
best250_vs_ckpt10	379	50	46	46	0	92.0	92.0	0.0010979985818266869	0.13442425429821014
best250_vs_ckpt10	327	50	45	45	0	90.0	90.0	0.001111699384637177	0.05010746046900749
best250_vs_ckpt10	565	50	50	50	0	100.0	100.0	0.0011407709680497646	0.032238513231277466
best250_vs_ckpt10	911	50	22	22	0	44.0	44.0	0.0013085311511531472	-0.05084964632987976
best250_vs_ckpt10	357	50	47	47	0	94.0	94.0	0.0013158981455489993	0.020604992285370827
best250_vs_ckpt10	867	50	45	45	0	90.0	90.0	0.0013265934539958835	0.006961831822991371
best250_vs_ckpt10	698	50	38	38	0	76.0	76.0	0.0013548183487728238	0.01066548377275467
best250_vs_ckpt10	323	50	49	49	0	98.0	98.0	0.0014462199760600924	-0.035696860402822495
best250_vs_ckpt10	228	50	46	46	0	92.0	92.0	0.0014955512015148997	0.008956022560596466
best250_vs_ckpt10	157	50	48	48	0	96.0	96.0	0.0015448367921635509	-0.1694343239068985
best250_vs_ckpt10	57	50	47	47	0	94.0	94.0	0.0015736994100734591	0.0032542990520596504
best250_vs_ckpt10	249	50	40	40	0	80.0	80.0	0.0016292601358145475	0.009637441486120224
best250_vs_ckpt10	367	50	45	45	0	90.0	90.0	0.0017259679734706879	-0.022802038118243217
best250_vs_ckpt10	516	50	25	25	0	50.0	50.0	0.001981219043955207	0.022159185260534286
best250_vs_ckpt10	892	50	35	35	0	70.0	70.0	0.0020044916309416294	0.030229778960347176
best250_vs_ckpt10	54	50	33	33	0	66.0	66.0	0.002037070458754897	0.007177333813160658
best250_vs_ckpt10	341	50	30	30	0	60.0	60.0	0.0020756027661263943	0.04171968623995781
best250_vs_ckpt10	89	50	49	49	0	98.0	98.0	0.0021562534384429455	-0.019072547554969788
best250_vs_ckpt10	944	50	44	44	0	88.0	88.0	0.0021596995647996664	-0.0007464504451490939
best250_vs_ckpt10	782	50	9	9	0	18.0	18.0	0.0021615123841911554	-0.053346872329711914
best250_vs_ckpt10	270	50	47	47	0	94.0	94.0	0.002182940486818552	-0.013960685580968857
best250_vs_ckpt10	93	50	48	48	0	96.0	96.0	0.0022418538574129343	-0.06036584824323654
best250_vs_ckpt10	687	50	45	45	0	90.0	90.0	0.0023002889938652515	-0.02309633232653141
best250_vs_ckpt10	603	50	46	46	0	92.0	92.0	0.002308446215465665	0.04031303524971008
best250_vs_ckpt10	85	50	47	47	0	94.0	94.0	0.002319404622539878	0.10227305442094803
best250_vs_ckpt10	423	50	35	35	0	70.0	70.0	0.0023250149097293615	-0.04154827073216438
best250_vs_ckpt10	19	50	50	50	0	100.0	100.0	0.0023748171515762806	-0.0018487167544662952
best250_vs_ckpt10	873	50	48	48	0	96.0	96.0	0.002375619951635599	0.006292753387242556
best250_vs_ckpt10	384	50	47	47	0	94.0	94.0	0.0024675028398633003	-0.05554237216711044
best250_vs_ckpt10	28	50	47	47	0	94.0	94.0	0.002587066264823079	0.02775941789150238
best250_vs_ckpt10	939	50	42	42	0	84.0	84.0	0.0026818751357495785	0.01792714186012745
best250_vs_ckpt10	643	50	34	34	0	68.0	68.0	0.0026913154870271683	0.017690887674689293
best250_vs_ckpt10	16	50	46	46	0	92.0	92.0	0.0030059474520385265	-0.16001754999160767
best250_vs_ckpt10	581	50	41	41	0	82.0	82.0	0.003070412902161479	0.04107996076345444
best250_vs_ckpt10	502	50	33	33	0	66.0	66.0	0.003140554064884782	0.10261839628219604
best250_vs_ckpt10	135	50	50	50	0	100.0	100.0	0.003184921806678176	0.06137391924858093
best250_vs_ckpt10	966	50	34	34	0	68.0	68.0	0.0032135227229446173	-0.05390406772494316
best250_vs_ckpt10	147	50	46	46	0	92.0	92.0	0.0033518860582262278	0.19875721633434296
best250_vs_ckpt10	528	50	48	48	0	96.0	96.0	0.003373746294528246	0.01190122589468956
best250_vs_ckpt10	179	50	36	36	0	72.0	72.0	0.003486529691144824	0.10956811904907227
best250_vs_ckpt10	901	50	34	34	0	68.0	68.0	0.0035460477229207754	-0.055945731699466705
best250_vs_ckpt10	927	50	48	48	0	96.0	96.0	0.0035460854414850473	0.04319577291607857
best250_vs_ckpt10	18	50	48	48	0	96.0	96.0	0.003644426353275776	0.12661060690879822
best250_vs_ckpt10	251	50	49	49	0	98.0	98.0	0.0037008707877248526	-0.015178775414824486
best250_vs_ckpt10	110	50	45	45	0	90.0	90.0	0.0037088976241648197	-0.09105892479419708
best250_vs_ckpt10	878	50	44	44	0	88.0	88.0	0.0037423125468194485	0.01324763335287571
best250_vs_ckpt10	477	50	38	38	0	76.0	76.0	0.0037940728943794966	0.10724630951881409
best250_vs_ckpt10	244	50	47	47	0	94.0	94.0	0.0038327574729919434	0.04115540534257889
best250_vs_ckpt10	255	50	50	50	0	100.0	100.0	0.0038492924068123102	0.08523375540971756
best250_vs_ckpt10	72	50	48	48	0	96.0	96.0	0.003986058756709099	0.011540336534380913
best250_vs_ckpt10	142	50	45	45	0	90.0	90.0	0.00400320440530777	0.04740016907453537
best250_vs_ckpt10	828	50	33	33	0	66.0	66.0	0.0040855370461940765	0.003945293370634317
best250_vs_ckpt10	180	50	31	31	0	62.0	62.0	0.004156934097409248	0.07665815204381943
best250_vs_ckpt10	116	50	45	45	0	90.0	90.0	0.004161821212619543	0.07578135281801224
best250_vs_ckpt10	333	50	50	50	0	100.0	100.0	0.0041867755353450775	-0.032399922609329224
best250_vs_ckpt10	420	50	49	49	0	98.0	98.0	0.004214255139231682	0.07422742992639542
best250_vs_ckpt10	132	50	46	46	0	92.0	92.0	0.00423008669167757	-0.07185714691877365
best250_vs_ckpt10	552	50	45	45	0	90.0	90.0	0.004249522462487221	0.04774107038974762
best250_vs_ckpt10	919	50	39	39	0	78.0	78.0	0.0042623789049685	-0.039481326937675476
best250_vs_ckpt10	230	50	42	42	0	84.0	84.0	0.004509652033448219	-0.04657613858580589
best250_vs_ckpt10	961	50	27	27	0	54.0	54.0	0.004531111102551222	0.009767064824700356
best250_vs_ckpt10	376	50	50	50	0	100.0	100.0	0.004582732915878296	-0.008243178948760033
best250_vs_ckpt10	126	50	40	40	0	80.0	80.0	0.00460068928077817	0.06227759271860123
best250_vs_ckpt10	83	50	48	48	0	96.0	96.0	0.00462796026840806	0.08184535056352615
best250_vs_ckpt10	954	50	45	45	0	90.0	90.0	0.00463085575029254	0.06136699765920639
best250_vs_ckpt10	710	50	38	38	0	76.0	76.0	0.004749030340462923	-0.06579606235027313
best250_vs_ckpt10	894	50	40	40	0	80.0	80.0	0.004761354997754097	-0.031019801273941994
best250_vs_ckpt10	879	50	39	39	0	78.0	78.0	0.004849541001021862	-0.03389505296945572
best250_vs_ckpt10	691	50	30	30	0	60.0	60.0	0.004886067938059568	-0.097079798579216
best250_vs_ckpt10	207	50	47	47	0	94.0	94.0	0.004906708374619484	-0.09694937616586685
best250_vs_ckpt10	984	50	48	48	0	96.0	96.0	0.004918702412396669	-0.038644496351480484
best250_vs_ckpt10	196	50	36	36	0	72.0	72.0	0.0049423109740018845	-0.04344839230179787
best250_vs_ckpt10	326	50	49	49	0	98.0	98.0	0.0049597895704209805	0.04324451461434364
best250_vs_ckpt10	55	50	33	33	0	66.0	66.0	0.005028860177844763	0.07042095810174942
best250_vs_ckpt10	430	50	49	49	0	98.0	98.0	0.005161587614566088	0.17623268067836761
best250_vs_ckpt10	576	50	49	49	0	98.0	98.0	0.005172071047127247	0.010538740083575249
best250_vs_ckpt10	22	50	50	50	0	100.0	100.0	0.00522654177621007	0.029274500906467438
best250_vs_ckpt10	688	50	47	47	0	94.0	94.0	0.005320821888744831	0.09409963339567184
best250_vs_ckpt10	46	50	26	26	0	52.0	52.0	0.005428317002952099	-0.0413600355386734
best250_vs_ckpt10	940	50	46	46	0	92.0	92.0	0.005449303425848484	0.08630649745464325
best250_vs_ckpt10	401	50	45	45	0	90.0	90.0	0.005460696294903755	0.036719437688589096
best250_vs_ckpt10	385	50	34	34	0	68.0	68.0	0.005486041307449341	0.07555706799030304
best250_vs_ckpt10	853	50	47	47	0	94.0	94.0	0.005490835290402174	0.0322173610329628
best250_vs_ckpt10	149	50	44	44	0	88.0	88.0	0.005505966488271952	0.10247202217578888
best250_vs_ckpt10	215	50	49	49	0	98.0	98.0	0.005514891352504492	0.05019011348485947
best250_vs_ckpt10	451	50	42	42	0	84.0	84.0	0.00556921074166894	0.0656643807888031
best250_vs_ckpt10	372	50	47	47	0	94.0	94.0	0.005739182233810425	0.031168900430202484
best250_vs_ckpt10	989	50	50	50	0	100.0	100.0	0.005765478126704693	0.08959735184907913
best250_vs_ckpt10	131	50	43	43	0	86.0	86.0	0.005811992101371288	0.05516480281949043
best250_vs_ckpt10	39	50	45	45	0	90.0	90.0	0.005945276003330946	0.021907949820160866
best250_vs_ckpt10	562	50	47	47	0	94.0	94.0	0.005951262079179287	-0.033041466027498245
best250_vs_ckpt10	103	50	41	41	0	82.0	82.0	0.00596579210832715	0.1816442459821701
best250_vs_ckpt10	520	50	38	38	0	76.0	76.0	0.005979747045785189	0.014374447055161
best250_vs_ckpt10	650	50	30	30	0	60.0	60.0	0.006025579757988453	0.12542031705379486
best250_vs_ckpt10	986	50	50	50	0	100.0	100.0	0.0060825347900390625	0.09891530126333237
best250_vs_ckpt10	720	50	44	44	0	88.0	88.0	0.0060919965617358685	0.02750701829791069
best250_vs_ckpt10	615	50	40	40	0	80.0	80.0	0.006163096521049738	0.06483078002929688
best250_vs_ckpt10	557	50	42	42	0	84.0	84.0	0.006225423887372017	-0.007801494561135769
best250_vs_ckpt10	265	50	34	34	0	68.0	68.0	0.0062355161644518375	-0.017925767228007317
best250_vs_ckpt10	343	50	48	48	0	96.0	96.0	0.006293643265962601	0.005802316591143608
best250_vs_ckpt10	436	50	35	35	0	70.0	70.0	0.00630006892606616	0.13094361126422882
best250_vs_ckpt10	685	50	48	48	0	96.0	96.0	0.0063736289739608765	0.08011521399021149
best250_vs_ckpt10	629	50	42	42	0	84.0	84.0	0.0064041465520858765	0.07653988152742386
best250_vs_ckpt10	387	50	47	47	0	94.0	94.0	0.006425152998417616	0.07078572362661362
best250_vs_ckpt10	80	50	44	44	0	88.0	88.0	0.006439253222197294	0.06725753843784332
best250_vs_ckpt10	723	50	47	47	0	94.0	94.0	0.006589110940694809	0.06954386085271835
best250_vs_ckpt10	279	50	49	49	0	98.0	98.0	0.006601496133953333	-0.0524728000164032
best250_vs_ckpt10	602	50	39	39	0	78.0	78.0	0.006634298712015152	0.07543125003576279
best250_vs_ckpt10	816	50	48	48	0	96.0	96.0	0.00677860714495182	-0.009605283848941326
best250_vs_ckpt10	535	50	49	49	0	98.0	98.0	0.006851229816675186	0.11042052507400513
best250_vs_ckpt10	727	50	45	45	0	90.0	90.0	0.006952408701181412	0.023334121331572533
best250_vs_ckpt10	970	50	30	30	0	60.0	60.0	0.006975742522627115	0.07444224506616592
best250_vs_ckpt10	200	50	39	39	0	78.0	78.0	0.006992544047534466	0.07078438997268677
best250_vs_ckpt10	900	50	48	48	0	96.0	96.0	0.007045683450996876	0.07392029464244843
best250_vs_ckpt10	268	50	46	46	0	92.0	92.0	0.007089747115969658	0.0420842170715332
best250_vs_ckpt10	273	50	40	40	0	80.0	80.0	0.007135164923965931	0.04050607606768608
best250_vs_ckpt10	604	50	49	49	0	98.0	98.0	0.0072306422516703606	0.034587547183036804
best250_vs_ckpt10	162	50	45	45	0	90.0	90.0	0.00729189021512866	0.03132372722029686
best250_vs_ckpt10	354	50	48	48	0	96.0	96.0	0.007415300235152245	0.09037008136510849
best250_vs_ckpt10	645	50	50	50	0	100.0	100.0	0.007437543943524361	0.0032837390899658203
best250_vs_ckpt10	209	50	48	48	0	96.0	96.0	0.007490434683859348	-0.010850649327039719
best250_vs_ckpt10	858	50	40	40	0	80.0	80.0	0.007551917806267738	0.1021895706653595
best250_vs_ckpt10	670	50	45	45	0	90.0	90.0	0.007570406422019005	-0.005972261540591717
best250_vs_ckpt10	82	50	43	43	0	86.0	86.0	0.007650105748325586	0.07354217767715454
best250_vs_ckpt10	247	50	47	47	0	94.0	94.0	0.007664883509278297	0.06503354012966156
best250_vs_ckpt10	25	50	49	49	0	98.0	98.0	0.007771960459649563	0.0021620369516313076
best250_vs_ckpt10	825	50	42	42	0	84.0	84.0	0.008088984526693821	-0.0015552330296486616
best250_vs_ckpt10	222	50	38	38	0	76.0	76.0	0.00821942463517189	0.05775764584541321
best250_vs_ckpt10	92	50	49	49	0	98.0	98.0	0.008260118775069714	0.08661101013422012
best250_vs_ckpt10	730	50	42	42	0	84.0	84.0	0.008297257125377655	0.13961218297481537
best250_vs_ckpt10	50	50	44	44	0	88.0	88.0	0.00837042834609747	0.2642172873020172
best250_vs_ckpt10	297	50	38	38	0	76.0	76.0	0.008463211357593536	0.03778022900223732
best250_vs_ckpt10	355	50	48	48	0	96.0	96.0	0.008501321077346802	0.1011783704161644
best250_vs_ckpt10	12	50	48	48	0	96.0	96.0	0.008559895679354668	0.0389687642455101
best250_vs_ckpt10	616	50	45	45	0	90.0	90.0	0.008714796043932438	0.10610397160053253
best250_vs_ckpt10	769	50	40	40	0	80.0	80.0	0.008887899108231068	0.08133947104215622
best250_vs_ckpt10	289	50	45	45	0	90.0	90.0	0.008934400044381618	0.03173790127038956
best250_vs_ckpt10	271	50	30	30	0	60.0	60.0	0.008993467316031456	0.1016048714518547
best250_vs_ckpt10	9	50	50	50	0	100.0	100.0	0.009110230021178722	0.10467923432588577
best250_vs_ckpt10	661	50	46	46	0	92.0	92.0	0.009135186672210693	0.04536779224872589
best250_vs_ckpt10	96	50	46	46	0	92.0	92.0	0.00920088030397892	0.044333744794130325
best250_vs_ckpt10	674	50	47	47	0	94.0	94.0	0.00945438165217638	0.12161364406347275
best250_vs_ckpt10	635	50	32	32	0	64.0	64.0	0.009455426596105099	0.009184866212308407
best250_vs_ckpt10	476	50	49	49	0	98.0	98.0	0.009578309953212738	0.11370284110307693
best250_vs_ckpt10	651	50	35	35	0	70.0	70.0	0.00972940493375063	0.09093352407217026
best250_vs_ckpt10	87	50	49	49	0	98.0	98.0	0.009789103642106056	0.07979393005371094
best250_vs_ckpt10	91	50	46	46	0	92.0	92.0	0.00980464555323124	-0.00749999051913619
best250_vs_ckpt10	539	50	39	39	0	78.0	78.0	0.009912585839629173	0.11162391304969788
best250_vs_ckpt10	211	50	44	44	0	88.0	88.0	0.010032905265688896	0.026608524844050407
best250_vs_ckpt10	933	50	48	48	0	96.0	96.0	0.010062497109174728	0.05254748463630676
best250_vs_ckpt10	138	50	48	48	0	96.0	96.0	0.010191261768341064	0.04091839864850044
best250_vs_ckpt10	128	50	45	45	0	90.0	90.0	0.010248198173940182	-0.019173555076122284
best250_vs_ckpt10	71	50	47	47	0	94.0	94.0	0.010263175703585148	0.017355384305119514
best250_vs_ckpt10	100	50	49	49	0	98.0	98.0	0.010263903997838497	0.1362706422805786
best250_vs_ckpt10	113	50	44	44	0	88.0	88.0	0.010313373059034348	0.032049600034952164
best250_vs_ckpt10	111	50	46	46	0	92.0	92.0	0.010321062058210373	0.13687440752983093
best250_vs_ckpt10	13	50	50	50	0	100.0	100.0	0.01044598501175642	0.08277168869972229
best250_vs_ckpt10	98	50	47	47	0	94.0	94.0	0.010560465045273304	-0.02837371826171875
best250_vs_ckpt10	169	50	49	49	0	98.0	98.0	0.010605228133499622	0.07218942046165466
best250_vs_ckpt10	887	50	35	35	0	70.0	70.0	0.010620691813528538	0.05338091775774956
best250_vs_ckpt10	137	50	43	43	0	86.0	86.0	0.010652899742126465	0.017236175015568733
best250_vs_ckpt10	761	50	41	41	0	82.0	82.0	0.010655117221176624	-0.06815372407436371
best250_vs_ckpt10	259	50	48	48	0	96.0	96.0	0.010978695936501026	-0.013426875695586205
best250_vs_ckpt10	868	50	34	34	0	68.0	68.0	0.011176151223480701	0.010679550468921661
best250_vs_ckpt10	694	50	47	47	0	94.0	94.0	0.011191943660378456	0.04432555288076401
best250_vs_ckpt10	321	50	50	50	0	100.0	100.0	0.011343354359269142	0.09642644971609116
best250_vs_ckpt10	299	50	48	48	0	96.0	96.0	0.011401793919503689	0.10743079334497452
best250_vs_ckpt10	144	50	48	48	0	96.0	96.0	0.011518856510519981	0.06088363751769066
best250_vs_ckpt10	269	50	42	42	0	84.0	84.0	0.011533655226230621	0.01974163018167019
best250_vs_ckpt10	440	50	42	42	0	84.0	84.0	0.011635754257440567	0.03698178380727768
best250_vs_ckpt10	906	50	18	18	0	36.0	36.0	0.01163965743035078	-0.022298211231827736
best250_vs_ckpt10	0	50	49	49	0	98.0	98.0	0.011647766456007957	0.014617710374295712
best250_vs_ckpt10	496	50	47	47	0	94.0	94.0	0.011654133908450603	0.1798992156982422
best250_vs_ckpt10	139	50	50	50	0	100.0	100.0	0.011868429370224476	0.014427337795495987
best250_vs_ckpt10	749	50	45	45	0	90.0	90.0	0.01207654271274805	0.20412936806678772
best250_vs_ckpt10	849	50	44	44	0	88.0	88.0	0.012169264256954193	0.027841463685035706
best250_vs_ckpt10	692	50	30	30	0	60.0	60.0	0.012258142232894897	0.011626720428466797
best250_vs_ckpt10	301	50	47	47	0	94.0	94.0	0.01261194795370102	0.06831412017345428
best250_vs_ckpt10	589	50	40	40	0	80.0	80.0	0.012805376201868057	-0.014994287863373756
best250_vs_ckpt10	429	50	42	42	0	84.0	84.0	0.01281768549233675	0.0036365604028105736
best250_vs_ckpt10	990	50	50	50	0	100.0	100.0	0.013026868924498558	0.08583644032478333
best250_vs_ckpt10	88	50	49	49	0	98.0	98.0	0.013670289888978004	-0.030816851183772087
best250_vs_ckpt10	392	50	49	49	0	98.0	98.0	0.013715028762817383	0.16643202304840088
best250_vs_ckpt10	62	50	30	30	0	60.0	60.0	0.013806344009935856	0.06130768731236458
best250_vs_ckpt10	713	50	48	48	0	96.0	96.0	0.014144588261842728	0.06151565536856651
best250_vs_ckpt10	572	50	36	36	0	72.0	72.0	0.014178473502397537	0.04891887679696083
best250_vs_ckpt10	296	50	48	48	0	96.0	96.0	0.014383316971361637	0.047489624470472336
best250_vs_ckpt10	159	50	41	41	0	82.0	82.0	0.014508399181067944	0.037427596747875214
best250_vs_ckpt10	75	50	44	44	0	88.0	88.0	0.014699445106089115	0.1443873941898346
best250_vs_ckpt10	469	50	34	34	0	68.0	68.0	0.014884748496115208	0.21207164227962494
best250_vs_ckpt10	261	50	48	48	0	96.0	96.0	0.01523151621222496	0.1436777263879776
best250_vs_ckpt10	263	50	48	48	0	96.0	96.0	0.015242847613990307	0.10397832095623016
best250_vs_ckpt10	736	50	45	45	0	90.0	90.0	0.015473086386919022	0.14904135465621948
best250_vs_ckpt10	432	50	42	42	0	84.0	84.0	0.015902794897556305	0.09792893379926682
best250_vs_ckpt10	278	50	36	36	0	72.0	72.0	0.016057826578617096	0.06704453378915787
best250_vs_ckpt10	543	50	36	36	0	72.0	72.0	0.01649250090122223	0.03185039386153221
best250_vs_ckpt10	564	50	44	44	0	88.0	88.0	0.01723230443894863	0.036103755235672
best250_vs_ckpt10	70	50	47	47	0	94.0	94.0	0.01732098124921322	0.05262336879968643
best250_vs_ckpt10	314	50	43	43	0	86.0	86.0	0.01733006164431572	0.20753076672554016
best250_vs_ckpt10	607	50	49	49	0	98.0	98.0	0.017539316788315773	0.2405022233724594
best250_vs_ckpt10	428	50	42	42	0	84.0	84.0	0.01757727563381195	0.08516409248113632
best250_vs_ckpt10	662	50	37	37	0	74.0	74.0	0.017610346898436546	0.13149255514144897
best250_vs_ckpt10	286	50	47	47	0	94.0	94.0	0.017665930092334747	0.17797593772411346
best250_vs_ckpt10	460	50	36	36	0	72.0	72.0	0.017795009538531303	0.05656950920820236
best250_vs_ckpt10	719	50	47	47	0	94.0	94.0	0.01785057969391346	0.0731317400932312
best250_vs_ckpt10	988	50	50	50	0	100.0	100.0	0.017979934811592102	0.08880874514579773
best250_vs_ckpt10	212	50	45	45	0	90.0	90.0	0.018057607114315033	0.05697837844491005
best250_vs_ckpt10	206	50	45	45	0	90.0	90.0	0.018063338473439217	0.07654213160276413
best250_vs_ckpt10	415	50	24	24	0	48.0	48.0	0.01810595951974392	0.02220630645751953
best250_vs_ckpt10	236	50	40	40	0	80.0	80.0	0.018390633165836334	0.03625158220529556
best250_vs_ckpt10	112	50	42	42	0	84.0	84.0	0.01866697147488594	0.18156029284000397
best250_vs_ckpt10	785	50	46	46	0	92.0	92.0	0.01873841881752014	0.22580629587173462
best250_vs_ckpt10	239	50	49	49	0	98.0	98.0	0.01917519047856331	0.17439422011375427
best250_vs_ckpt10	561	50	47	47	0	94.0	94.0	0.01940050907433033	0.1399616301059723
best250_vs_ckpt10	678	50	36	36	0	72.0	72.0	0.019503198564052582	0.10468977689743042
best250_vs_ckpt10	42	50	42	42	0	84.0	84.0	0.019712913781404495	0.25771498680114746
best250_vs_ckpt10	640	50	48	48	0	96.0	96.0	0.019735965877771378	0.05658363178372383
best250_vs_ckpt10	634	50	40	40	0	80.0	80.0	0.020210793241858482	0.16035878658294678
best250_vs_ckpt10	404	50	47	47	0	94.0	94.0	0.020256835967302322	0.06238922104239464
best250_vs_ckpt10	284	50	48	48	0	96.0	96.0	0.020291006192564964	0.15184153616428375
best250_vs_ckpt10	669	50	49	49	0	98.0	98.0	0.020310847088694572	0.13524718582630157
best250_vs_ckpt10	673	50	24	24	0	48.0	48.0	0.02037610486149788	-0.017100734636187553
best250_vs_ckpt10	156	50	47	47	0	94.0	94.0	0.02047060802578926	0.035822104662656784
best250_vs_ckpt10	729	50	32	32	0	64.0	64.0	0.021082155406475067	0.15016935765743256
best250_vs_ckpt10	36	50	25	25	0	50.0	50.0	0.02170046977698803	0.0889371931552887
best250_vs_ckpt10	145	50	49	49	0	98.0	98.0	0.021793967112898827	0.16480426490306854
best250_vs_ckpt10	262	50	49	49	0	98.0	98.0	0.022473912686109543	0.037884894758462906
best250_vs_ckpt10	641	50	45	45	0	90.0	90.0	0.022768208757042885	0.16112124919891357
best250_vs_ckpt10	495	50	44	44	0	88.0	88.0	0.023510288447141647	0.11461176723241806
best250_vs_ckpt10	935	50	36	36	0	72.0	72.0	0.02371663600206375	0.12407264113426208
best250_vs_ckpt10	725	50	28	28	0	56.0	56.0	0.02410561963915825	0.076351098716259
best250_vs_ckpt10	446	50	35	35	0	70.0	70.0	0.025999275967478752	0.1058378592133522
best250_vs_ckpt10	778	50	40	40	0	80.0	80.0	0.026756007224321365	0.1379581093788147
best250_vs_ckpt10	90	50	50	50	0	100.0	100.0	0.027351096272468567	0.2981601357460022
best250_vs_ckpt10	525	50	40	40	0	80.0	80.0	0.028030645102262497	0.053172044456005096
best250_vs_ckpt10	190	50	45	45	0	90.0	90.0	0.02910054661333561	0.16691410541534424
best250_vs_ckpt10	707	50	43	43	0	86.0	86.0	0.03048117086291313	0.07619712501764297
best250_vs_ckpt10	654	50	40	40	0	80.0	80.0	0.030759477987885475	0.2033042013645172
best250_vs_ckpt10	827	50	38	38	0	76.0	76.0	0.03281356394290924	0.18353122472763062
best250_vs_ckpt10	216	50	48	48	0	96.0	96.0	0.03332720696926117	0.32692036032676697
best250_vs_ckpt10	256	50	46	46	0	92.0	92.0	0.03449595347046852	0.3043524920940399
best250_vs_ckpt10	731	50	31	31	0	62.0	62.0	0.034939251840114594	0.22198577225208282
best250_vs_ckpt10	630	50	46	47	1	92.0	94.0	-0.027243489399552345	-0.1828862428665161
best250_vs_ckpt10	241	50	37	38	1	74.0	76.0	-0.02534446306526661	-0.16019578278064728
best250_vs_ckpt10	599	50	39	40	1	78.0	80.0	-0.017531931400299072	-0.06800898909568787
best250_vs_ckpt10	875	50	42	43	1	84.0	86.0	-0.013162956573069096	-0.06534641236066818
best250_vs_ckpt10	666	50	42	43	1	84.0	86.0	-0.0126072121784091	-0.1342279016971588
best250_vs_ckpt10	217	50	46	47	1	92.0	94.0	-0.012344828806817532	0.0018417930696159601
best250_vs_ckpt10	455	50	41	42	1	82.0	84.0	-0.011448225006461143	-0.16121463477611542
best250_vs_ckpt10	833	50	42	43	1	84.0	86.0	-0.010985330678522587	-0.07542423158884048
best250_vs_ckpt10	592	50	44	45	1	88.0	90.0	-0.010404955595731735	-0.11990740895271301
best250_vs_ckpt10	760	50	41	42	1	82.0	84.0	-0.010262824594974518	-0.03046664223074913
best250_vs_ckpt10	881	50	41	42	1	82.0	84.0	-0.009958695620298386	-0.019944248721003532
best250_vs_ckpt10	822	50	46	47	1	92.0	94.0	-0.008871138095855713	-0.08986333757638931
best250_vs_ckpt10	517	50	41	42	1	82.0	84.0	-0.008651071228086948	-0.010652332566678524
best250_vs_ckpt10	437	50	38	39	1	76.0	78.0	-0.008506175130605698	-0.07140979170799255
best250_vs_ckpt10	608	50	36	37	1	72.0	74.0	-0.008416903205215931	-0.009816322475671768
best250_vs_ckpt10	155	50	37	38	1	74.0	76.0	-0.007581107784062624	-0.010227623395621777
best250_vs_ckpt10	41	50	46	47	1	92.0	94.0	-0.007446799892932177	-0.05157417431473732
best250_vs_ckpt10	475	50	46	47	1	92.0	94.0	-0.007166086230427027	-0.06428848952054977
best250_vs_ckpt10	522	50	47	48	1	94.0	96.0	-0.0070822350680828094	-0.07381090521812439
best250_vs_ckpt10	246	50	40	41	1	80.0	82.0	-0.006892102770507336	-0.12041880935430527
best250_vs_ckpt10	290	50	39	40	1	78.0	80.0	-0.006465339567512274	-0.06490229815244675
best250_vs_ckpt10	104	50	44	45	1	88.0	90.0	-0.006307363044470549	0.028728989884257317
best250_vs_ckpt10	8	50	44	45	1	88.0	90.0	-0.0062623536214232445	-0.08642519265413284
best250_vs_ckpt10	721	50	42	43	1	84.0	86.0	-0.006049529183655977	-0.17557868361473083
best250_vs_ckpt10	741	50	37	38	1	74.0	76.0	-0.0054803527891635895	-0.15577930212020874
best250_vs_ckpt10	568	50	44	45	1	88.0	90.0	-0.005016474053263664	-0.08411835879087448
best250_vs_ckpt10	660	50	34	35	1	68.0	70.0	-0.004994560964405537	-0.09372816234827042
best250_vs_ckpt10	280	50	37	38	1	74.0	76.0	-0.004474164452403784	-0.006048650946468115
best250_vs_ckpt10	703	50	39	40	1	78.0	80.0	-0.004294394515454769	0.04573054239153862
best250_vs_ckpt10	53	50	46	47	1	92.0	94.0	-0.004234113730490208	-0.11324554681777954
best250_vs_ckpt10	435	50	27	28	1	54.0	56.0	-0.003948851488530636	0.14179226756095886
best250_vs_ckpt10	605	50	42	43	1	84.0	86.0	-0.0037940414622426033	-0.022969398647546768
best250_vs_ckpt10	724	50	41	42	1	82.0	84.0	-0.0037541938945651054	-0.058968305587768555
best250_vs_ckpt10	38	50	45	46	1	90.0	92.0	-0.0037434473633766174	-0.062041331082582474
best250_vs_ckpt10	198	50	45	46	1	90.0	92.0	-0.0032654786482453346	-0.052080534398555756
best250_vs_ckpt10	826	50	32	33	1	64.0	66.0	-0.002888523740693927	-0.03526872768998146
best250_vs_ckpt10	400	50	21	22	1	42.0	44.0	-0.0027293991297483444	0.004459877032786608
best250_vs_ckpt10	810	50	18	19	1	36.0	38.0	-0.002359089907258749	0.032013196498155594
best250_vs_ckpt10	513	50	36	37	1	72.0	74.0	-0.002324863104149699	-0.02807518094778061
best250_vs_ckpt10	20	50	43	44	1	86.0	88.0	-0.0020694027189165354	-0.1051713153719902
best250_vs_ckpt10	803	50	48	49	1	96.0	98.0	-0.0018001645803451538	-0.08066678792238235
best250_vs_ckpt10	913	50	47	48	1	94.0	96.0	-0.0016777354758232832	0.03290816396474838
best250_vs_ckpt10	48	50	47	48	1	94.0	96.0	-0.0014867681311443448	-0.011865044012665749
best250_vs_ckpt10	277	50	33	34	1	66.0	68.0	-0.0014845734694972634	-0.03149421513080597
best250_vs_ckpt10	44	50	36	37	1	72.0	74.0	-0.001482269144617021	-0.1377795934677124
best250_vs_ckpt10	304	50	35	36	1	70.0	72.0	-0.0014818948693573475	0.11958014219999313
best250_vs_ckpt10	779	50	48	49	1	96.0	98.0	-0.0010788417421281338	0.03346249461174011
best250_vs_ckpt10	548	50	46	47	1	92.0	94.0	-0.000971897563431412	-0.05945597589015961
best250_vs_ckpt10	648	50	32	33	1	64.0	66.0	-0.0007518023485317826	-0.08062130957841873
best250_vs_ckpt10	368	50	40	41	1	80.0	82.0	-0.0005896322545595467	-0.0671096220612526
best250_vs_ckpt10	382	50	41	42	1	82.0	84.0	-0.000267506402451545	0.04796605184674263
best250_vs_ckpt10	81	50	45	46	1	90.0	92.0	-0.00022667735174763948	-0.007063016761094332
best250_vs_ckpt10	24	50	48	49	1	96.0	98.0	-0.00018581480253487825	-0.005769615061581135
best250_vs_ckpt10	204	50	34	35	1	68.0	70.0	-0.0001653704821364954	-0.09865453839302063
best250_vs_ckpt10	968	50	24	25	1	48.0	50.0	2.0211953597026877e-05	-0.019494008272886276
best250_vs_ckpt10	260	50	44	45	1	88.0	90.0	0.00011067479499615729	0.032263364642858505
best250_vs_ckpt10	610	50	44	45	1	88.0	90.0	0.00028682776610367	0.08175472170114517
best250_vs_ckpt10	844	50	35	36	1	70.0	72.0	0.0013515368336811662	0.019645357504487038
best250_vs_ckpt10	27	50	37	38	1	74.0	76.0	0.0014229465741664171	-0.013920278288424015
best250_vs_ckpt10	136	50	49	50	1	98.0	100.0	0.0014723535859957337	0.05103761702775955
best250_vs_ckpt10	79	50	42	43	1	84.0	86.0	0.0017151805805042386	0.11331889033317566
best250_vs_ckpt10	636	50	32	33	1	64.0	66.0	0.0017448349390178919	0.1127079501748085
best250_vs_ckpt10	95	50	47	48	1	94.0	96.0	0.001894195331260562	-0.008589677512645721
best250_vs_ckpt10	620	50	13	14	1	26.0	28.0	0.0022420757450163364	-0.016672583296895027
best250_vs_ckpt10	932	50	41	42	1	82.0	84.0	0.002315317280590534	-0.0641833245754242
best250_vs_ckpt10	408	50	37	38	1	74.0	76.0	0.0023710597306489944	-0.04498572275042534
best250_vs_ckpt10	264	50	33	34	1	66.0	68.0	0.002765198005363345	0.03913616016507149
best250_vs_ckpt10	999	50	25	26	1	50.0	52.0	0.002809008350595832	-0.014336729422211647
best250_vs_ckpt10	324	50	47	48	1	94.0	96.0	0.002880285494029522	0.09686687588691711
best250_vs_ckpt10	316	50	48	49	1	96.0	98.0	0.0029087867587804794	0.08536283671855927
best250_vs_ckpt10	704	50	44	45	1	88.0	90.0	0.0031012147665023804	0.07521720975637436
best250_vs_ckpt10	536	50	30	31	1	60.0	62.0	0.0033419800456613302	0.019657859578728676
best250_vs_ckpt10	154	50	44	45	1	88.0	90.0	0.003590296022593975	-0.03907274082303047
best250_vs_ckpt10	448	50	45	46	1	90.0	92.0	0.003856341354548931	0.02985158935189247
best250_vs_ckpt10	373	50	40	41	1	80.0	82.0	0.0038623034488409758	-0.07631050795316696
best250_vs_ckpt10	594	50	48	49	1	96.0	98.0	0.0039013295900076628	0.04773764684796333
best250_vs_ckpt10	187	50	36	37	1	72.0	74.0	0.004109880421310663	-0.10198413580656052
best250_vs_ckpt10	774	50	40	41	1	80.0	82.0	0.004419699311256409	0.013619575649499893
best250_vs_ckpt10	329	50	38	39	1	76.0	78.0	0.004424697253853083	0.05537387728691101
best250_vs_ckpt10	559	50	40	41	1	80.0	82.0	0.004491838626563549	0.033029306679964066
best250_vs_ckpt10	310	50	39	40	1	78.0	80.0	0.004551983904093504	0.1396750807762146
best250_vs_ckpt10	771	50	44	45	1	88.0	90.0	0.004696792457252741	-0.06734338402748108
best250_vs_ckpt10	369	50	40	41	1	80.0	82.0	0.004872022196650505	-0.015579529106616974
best250_vs_ckpt10	597	50	36	37	1	72.0	74.0	0.004932178184390068	0.004981441423296928
best250_vs_ckpt10	740	50	24	25	1	48.0	50.0	0.004973431117832661	-0.08284514397382736
best250_vs_ckpt10	639	50	19	20	1	38.0	40.0	0.005107985343784094	-0.01670639030635357
best250_vs_ckpt10	332	50	49	50	1	98.0	100.0	0.005625166930258274	0.11424275487661362
best250_vs_ckpt10	537	50	46	47	1	92.0	94.0	0.0056304652243852615	0.0028800677973777056
best250_vs_ckpt10	237	50	41	42	1	82.0	84.0	0.005773299373686314	0.08930911868810654
best250_vs_ckpt10	441	50	40	41	1	80.0	82.0	0.00579436169937253	0.11929866671562195
best250_vs_ckpt10	547	50	45	46	1	90.0	92.0	0.006232692394405603	-0.01650775969028473
best250_vs_ckpt10	340	50	47	48	1	94.0	96.0	0.00628343690186739	-0.013253659941256046
best250_vs_ckpt10	558	50	23	24	1	46.0	48.0	0.006406328175216913	0.03568744659423828
best250_vs_ckpt10	473	50	38	39	1	76.0	78.0	0.006507652811706066	0.018463974818587303
best250_vs_ckpt10	959	50	44	45	1	88.0	90.0	0.006575622595846653	-0.05141187831759453
best250_vs_ckpt10	58	50	42	43	1	84.0	86.0	0.006668727844953537	0.07534272223711014
best250_vs_ckpt10	612	50	46	47	1	92.0	94.0	0.006862923968583345	0.0461430661380291
best250_vs_ckpt10	938	50	46	47	1	92.0	94.0	0.0069105480797588825	0.094060517847538
best250_vs_ckpt10	383	50	33	34	1	66.0	68.0	0.006922329775989056	-0.038203123956918716
best250_vs_ckpt10	823	50	38	39	1	76.0	78.0	0.007186568807810545	-0.03981145843863487
best250_vs_ckpt10	701	50	47	48	1	94.0	96.0	0.007213184610009193	0.09590627998113632
best250_vs_ckpt10	845	50	34	35	1	68.0	70.0	0.007400433998554945	0.017626972869038582
best250_vs_ckpt10	119	50	37	38	1	74.0	76.0	0.007496582809835672	-0.07048427313566208
best250_vs_ckpt10	462	50	36	37	1	72.0	74.0	0.008090043440461159	0.07264736294746399
best250_vs_ckpt10	5	50	43	44	1	86.0	88.0	0.008501443080604076	0.04978189617395401
best250_vs_ckpt10	419	50	42	43	1	84.0	86.0	0.008509241044521332	0.012034549377858639
best250_vs_ckpt10	242	50	41	42	1	82.0	84.0	0.008633607998490334	0.03739473223686218
best250_vs_ckpt10	413	50	28	29	1	56.0	58.0	0.00887571182101965	-0.04914432391524315
best250_vs_ckpt10	633	50	30	31	1	60.0	62.0	0.009316735900938511	0.04026099294424057
best250_vs_ckpt10	617	50	42	43	1	84.0	86.0	0.009460730478167534	-0.04074143245816231
best250_vs_ckpt10	45	50	42	43	1	84.0	86.0	0.009657681919634342	0.05860543251037598
best250_vs_ckpt10	449	50	46	47	1	92.0	94.0	0.009678414091467857	0.10305996984243393
best250_vs_ckpt10	684	50	44	45	1	88.0	90.0	0.009706373326480389	-0.032126132398843765
best250_vs_ckpt10	219	50	42	43	1	84.0	86.0	0.009804452769458294	0.06980043649673462
best250_vs_ckpt10	598	50	36	37	1	72.0	74.0	0.009972692467272282	0.0740782767534256
best250_vs_ckpt10	843	50	44	45	1	88.0	90.0	0.010381171479821205	0.19259896874427795
best250_vs_ckpt10	336	50	46	47	1	92.0	94.0	0.01047191396355629	0.1858927309513092
best250_vs_ckpt10	308	50	43	44	1	86.0	88.0	0.010976753197610378	0.19302009046077728
best250_vs_ckpt10	623	50	16	17	1	32.0	34.0	0.010998380370438099	-0.05104623734951019
best250_vs_ckpt10	583	50	46	47	1	92.0	94.0	0.011075496673583984	-0.05826810747385025
best250_vs_ckpt10	76	50	49	50	1	98.0	100.0	0.011365179903805256	0.03684501722455025
best250_vs_ckpt10	579	50	37	38	1	74.0	76.0	0.011616714298725128	0.06482263654470444
best250_vs_ckpt10	487	50	40	41	1	80.0	82.0	0.011620628647506237	0.08919727057218552
best250_vs_ckpt10	671	50	38	39	1	76.0	78.0	0.011688530445098877	0.14898663759231567
best250_vs_ckpt10	792	50	36	37	1	72.0	74.0	0.012192495167255402	0.07117155939340591
best250_vs_ckpt10	344	50	48	49	1	96.0	98.0	0.012448808178305626	0.025649242103099823
best250_vs_ckpt10	366	50	41	42	1	82.0	84.0	0.01259849313646555	0.12055030465126038
best250_vs_ckpt10	848	50	24	25	1	48.0	50.0	0.013069752603769302	-0.023217592388391495
best250_vs_ckpt10	421	50	41	42	1	82.0	84.0	0.013302712701261044	0.09605485200881958
best250_vs_ckpt10	781	50	44	45	1	88.0	90.0	0.013483686372637749	0.015172548592090607
best250_vs_ckpt10	718	50	36	37	1	72.0	74.0	0.013593877665698528	-0.0025810240767896175
best250_vs_ckpt10	675	50	28	29	1	56.0	58.0	0.01362527720630169	0.05450209602713585
best250_vs_ckpt10	1	50	48	49	1	96.0	98.0	0.013829987496137619	0.0049696252681314945
best250_vs_ckpt10	649	50	45	46	1	90.0	92.0	0.013964085839688778	0.03169911354780197
best250_vs_ckpt10	521	50	43	44	1	86.0	88.0	0.014023602940142155	0.10702905058860779
best250_vs_ckpt10	714	50	39	40	1	78.0	80.0	0.014049322344362736	0.06819499284029007
best250_vs_ckpt10	253	50	46	47	1	92.0	94.0	0.014195351861417294	0.06864196807146072
best250_vs_ckpt10	285	50	32	33	1	64.0	66.0	0.0144308777526021	0.1237301379442215
best250_vs_ckpt10	393	50	47	48	1	94.0	96.0	0.014670225791633129	0.10448190569877625
best250_vs_ckpt10	300	50	47	48	1	94.0	96.0	0.01495728176087141	0.07087293267250061
best250_vs_ckpt10	549	50	29	30	1	58.0	60.0	0.015114221721887589	0.01587865874171257
best250_vs_ckpt10	506	50	38	39	1	76.0	78.0	0.015412910841405392	0.14282265305519104
best250_vs_ckpt10	515	50	34	35	1	68.0	70.0	0.015468494966626167	0.1798078715801239
best250_vs_ckpt10	895	50	41	42	1	82.0	84.0	0.015578350983560085	0.13827885687351227
best250_vs_ckpt10	773	50	33	34	1	66.0	68.0	0.01558102946728468	-0.008567065931856632
best250_vs_ckpt10	51	50	48	49	1	96.0	98.0	0.015597403049468994	0.06844236701726913
best250_vs_ckpt10	764	50	27	28	1	54.0	56.0	0.016010308638215065	-0.016708040609955788
best250_vs_ckpt10	600	50	19	20	1	38.0	40.0	0.016063444316387177	0.17604641616344452
best250_vs_ckpt10	934	50	45	46	1	90.0	92.0	0.016129571944475174	0.1426590532064438
best250_vs_ckpt10	917	50	42	43	1	84.0	86.0	0.016197752207517624	0.04391205683350563
best250_vs_ckpt10	857	50	36	37	1	72.0	74.0	0.016414355486631393	0.05425552278757095
best250_vs_ckpt10	453	50	36	37	1	72.0	74.0	0.016453471034765244	0.09035181254148483
best250_vs_ckpt10	130	50	48	49	1	96.0	98.0	0.016539856791496277	0.1267949342727661
best250_vs_ckpt10	406	50	37	38	1	74.0	76.0	0.016687963157892227	-0.06178358197212219
best250_vs_ckpt10	896	50	46	47	1	92.0	94.0	0.01688356138765812	0.08377445489168167
best250_vs_ckpt10	389	50	42	43	1	84.0	86.0	0.01740637794137001	0.12003817409276962
best250_vs_ckpt10	146	50	49	50	1	98.0	100.0	0.017702672630548477	0.08632036298513412
best250_vs_ckpt10	416	50	46	47	1	92.0	94.0	0.017799843102693558	0.0706506222486496
best250_vs_ckpt10	378	50	44	45	1	88.0	90.0	0.01794879138469696	0.13476762175559998
best250_vs_ckpt10	942	50	40	41	1	80.0	82.0	0.018184229731559753	0.15395891666412354
best250_vs_ckpt10	956	50	48	49	1	96.0	98.0	0.018520113080739975	0.10042449086904526
best250_vs_ckpt10	152	50	41	42	1	82.0	84.0	0.0192000363022089	0.19936275482177734
best250_vs_ckpt10	890	50	48	49	1	96.0	98.0	0.019370481371879578	0.163812518119812
best250_vs_ckpt10	905	50	34	35	1	68.0	70.0	0.01955965720117092	0.09484560787677765
best250_vs_ckpt10	480	50	42	43	1	84.0	86.0	0.020410852506756783	0.10320436209440231
best250_vs_ckpt10	454	50	31	32	1	62.0	64.0	0.020679187029600143	0.04204471409320831
best250_vs_ckpt10	140	50	46	47	1	92.0	94.0	0.02100963145494461	0.09305386245250702
best250_vs_ckpt10	348	50	35	36	1	70.0	72.0	0.021423665806651115	0.07690940797328949
best250_vs_ckpt10	798	50	40	41	1	80.0	82.0	0.021659689024090767	0.12255005538463593
best250_vs_ckpt10	463	50	28	29	1	56.0	58.0	0.021894097328186035	0.07011254131793976
best250_vs_ckpt10	43	50	44	45	1	88.0	90.0	0.021984217688441277	0.08343241363763809
best250_vs_ckpt10	174	50	44	45	1	88.0	90.0	0.022073160856962204	0.23667962849140167
best250_vs_ckpt10	7	50	37	38	1	74.0	76.0	0.022173363715410233	0.05254864692687988
best250_vs_ckpt10	544	50	39	40	1	78.0	80.0	0.02219143696129322	0.040563154965639114
best250_vs_ckpt10	951	50	39	40	1	78.0	80.0	0.022383445873856544	0.14849208295345306
best250_vs_ckpt10	69	50	48	49	1	96.0	98.0	0.022581705823540688	0.1264890730381012
best250_vs_ckpt10	834	50	29	30	1	58.0	60.0	0.023538531735539436	0.08937156945466995
best250_vs_ckpt10	258	50	48	49	1	96.0	98.0	0.024038176983594894	0.13448363542556763
best250_vs_ckpt10	202	50	40	41	1	80.0	82.0	0.024075107648968697	0.04705939441919327
best250_vs_ckpt10	491	50	48	49	1	96.0	98.0	0.027608724310994148	0.08901844173669815
best250_vs_ckpt10	647	50	43	44	1	86.0	88.0	0.027660345658659935	0.04613472893834114
best250_vs_ckpt10	238	50	36	37	1	72.0	74.0	0.027981828898191452	0.10985823720693588
best250_vs_ckpt10	151	50	35	36	1	70.0	72.0	0.03028843365609646	0.14231012761592865
best250_vs_ckpt10	6	50	45	46	1	90.0	92.0	0.03058777004480362	0.2022264450788498
best250_vs_ckpt10	4	50	46	47	1	92.0	94.0	0.03117629513144493	0.11903514713048935
best250_vs_ckpt10	912	50	37	38	1	74.0	76.0	0.03207346796989441	0.17204156517982483
best250_vs_ckpt10	751	50	39	40	1	78.0	80.0	0.03209429606795311	0.11556679755449295
best250_vs_ckpt10	877	50	44	45	1	88.0	90.0	0.0363149456679821	0.16856452822685242
best250_vs_ckpt10	171	50	46	47	1	92.0	94.0	0.03664303943514824	0.37594208121299744
best250_vs_ckpt10	839	50	35	36	1	70.0	72.0	0.0405266247689724	0.1856653392314911
best250_vs_ckpt10	439	50	47	48	1	94.0	96.0	0.04641421139240265	0.24444177746772766
best250_vs_ckpt10	700	50	39	41	2	78.0	82.0	-0.012251878157258034	-0.06781832873821259
best250_vs_ckpt10	381	50	23	25	2	46.0	50.0	-0.0075685326009988785	-0.08628854155540466
best250_vs_ckpt10	897	50	43	45	2	86.0	90.0	-0.007361757569015026	-0.16283534467220306
best250_vs_ckpt10	311	50	34	36	2	68.0	72.0	-0.005222454201430082	-0.023829422891139984
best250_vs_ckpt10	498	50	35	37	2	70.0	74.0	-0.004823017865419388	0.021749572828412056
best250_vs_ckpt10	744	50	17	19	2	34.0	38.0	-0.004806122742593288	0.050768718123435974
best250_vs_ckpt10	331	50	45	47	2	90.0	94.0	-0.004464294295758009	-0.019840307533740997
best250_vs_ckpt10	855	50	36	38	2	72.0	76.0	-0.003176364814862609	-0.16051216423511505
best250_vs_ckpt10	976	50	28	30	2	56.0	60.0	-0.0031557369511574507	-0.008584537543356419
best250_vs_ckpt10	489	50	38	40	2	76.0	80.0	-0.0026427528355270624	0.0011091327760368586
best250_vs_ckpt10	32	50	22	24	2	44.0	48.0	-0.0025626684073358774	0.02303309366106987
best250_vs_ckpt10	681	50	12	14	2	24.0	28.0	-0.0011536211241036654	-0.024173861369490623
best250_vs_ckpt10	405	50	38	40	2	76.0	80.0	0.00014636553532909602	-0.1493409425020218
best250_vs_ckpt10	665	50	38	40	2	76.0	80.0	0.00020435676560737193	-0.035125091671943665
best250_vs_ckpt10	590	50	25	27	2	50.0	54.0	0.0010097261983901262	-0.02743741124868393
best250_vs_ckpt10	606	50	45	47	2	90.0	94.0	0.001576165552251041	-0.0011848449939861894
best250_vs_ckpt10	86	50	42	44	2	84.0	88.0	0.0019755540415644646	-0.022300757467746735
best250_vs_ckpt10	891	50	41	43	2	82.0	86.0	0.0019870088435709476	0.04048147052526474
best250_vs_ckpt10	786	50	44	46	2	88.0	92.0	0.0022688903845846653	0.10068274289369583
best250_vs_ckpt10	374	50	36	38	2	72.0	76.0	0.0026615166570991278	-0.020096415653824806
best250_vs_ckpt10	584	50	26	28	2	52.0	56.0	0.003558626165613532	-0.06257674098014832
best250_vs_ckpt10	663	50	32	34	2	64.0	68.0	0.003593266708776355	0.02984868921339512
best250_vs_ckpt10	689	50	13	15	2	26.0	30.0	0.003890085266903043	0.03518674895167351
best250_vs_ckpt10	737	50	32	34	2	64.0	68.0	0.003945310600101948	-0.04041225463151932
best250_vs_ckpt10	794	50	34	36	2	68.0	72.0	0.005038565956056118	0.1268194317817688
best250_vs_ckpt10	872	50	36	38	2	72.0	76.0	0.00529393320903182	0.02765568345785141
best250_vs_ckpt10	793	50	40	42	2	80.0	84.0	0.005729686003178358	-0.0062077282927930355
best250_vs_ckpt10	780	50	39	41	2	78.0	82.0	0.005740834400057793	0.0781979113817215
best250_vs_ckpt10	272	50	29	31	2	58.0	62.0	0.007361521944403648	0.060326699167490005
best250_vs_ckpt10	997	50	37	39	2	74.0	78.0	0.007713280152529478	0.09756974875926971
best250_vs_ckpt10	390	50	32	34	2	64.0	68.0	0.008119163103401661	0.07544654607772827
best250_vs_ckpt10	248	50	25	27	2	50.0	54.0	0.008314731530845165	-0.00909047108143568
best250_vs_ckpt10	695	50	37	39	2	74.0	78.0	0.008592058904469013	-0.013570642098784447
best250_vs_ckpt10	768	50	44	46	2	88.0	92.0	0.008745997212827206	0.09135901182889938
best250_vs_ckpt10	184	50	37	39	2	74.0	78.0	0.00886488240212202	-0.07357955724000931
best250_vs_ckpt10	973	50	36	38	2	72.0	76.0	0.009310340508818626	0.07742736488580704
best250_vs_ckpt10	231	50	22	24	2	44.0	48.0	0.009567586705088615	0.03296469524502754
best250_vs_ckpt10	527	50	32	34	2	64.0	68.0	0.009832577779889107	0.048838481307029724
best250_vs_ckpt10	371	50	33	35	2	66.0	70.0	0.011423729360103607	0.0952293798327446
best250_vs_ckpt10	930	50	31	33	2	62.0	66.0	0.012010091915726662	-0.026991816237568855
best250_vs_ckpt10	252	50	42	44	2	84.0	88.0	0.012135225348174572	-0.09506329894065857
best250_vs_ckpt10	593	50	40	42	2	80.0	84.0	0.01236019004136324	0.0312781035900116
best250_vs_ckpt10	987	50	20	22	2	40.0	44.0	0.012828734703361988	-0.007557868957519531
best250_vs_ckpt10	534	50	30	32	2	60.0	64.0	0.013068759813904762	0.021215829998254776
best250_vs_ckpt10	478	50	27	29	2	54.0	58.0	0.013194373808801174	0.03809966892004013
best250_vs_ckpt10	613	50	45	47	2	90.0	94.0	0.013882648199796677	0.058126840740442276
best250_vs_ckpt10	281	50	36	38	2	72.0	76.0	0.014183919876813889	0.010081234388053417
best250_vs_ckpt10	659	50	41	43	2	82.0	86.0	0.01468588225543499	0.06645236909389496
best250_vs_ckpt10	715	50	38	40	2	76.0	80.0	0.01550310105085373	0.05639636144042015
best250_vs_ckpt10	266	50	28	30	2	56.0	60.0	0.015505925752222538	0.07565925270318985
best250_vs_ckpt10	680	50	39	41	2	78.0	82.0	0.01559945847839117	0.08436833322048187
best250_vs_ckpt10	923	50	24	26	2	48.0	52.0	0.015922723338007927	0.14355453848838806
best250_vs_ckpt10	851	50	37	39	2	74.0	78.0	0.015932705253362656	0.10714548826217651
best250_vs_ckpt10	243	50	41	43	2	82.0	86.0	0.016004610806703568	-0.029128609225153923
best250_vs_ckpt10	188	50	41	43	2	82.0	86.0	0.01615985669195652	0.03681959956884384
best250_vs_ckpt10	754	50	34	36	2	68.0	72.0	0.01624169759452343	0.05283694341778755
best250_vs_ckpt10	427	50	32	34	2	64.0	68.0	0.01767650991678238	0.07339245080947876
best250_vs_ckpt10	118	50	41	43	2	82.0	86.0	0.017889901995658875	0.03955600783228874
best250_vs_ckpt10	226	50	29	31	2	58.0	62.0	0.019879095256328583	0.005321693606674671
best250_vs_ckpt10	443	50	35	37	2	70.0	74.0	0.020004117861390114	0.04440067335963249
best250_vs_ckpt10	500	50	46	48	2	92.0	96.0	0.021554887294769287	0.07654193788766861
best250_vs_ckpt10	817	50	32	34	2	64.0	68.0	0.022505931556224823	0.06865321099758148
best250_vs_ckpt10	898	50	35	37	2	70.0	74.0	0.023000868037343025	0.10577214509248734
best250_vs_ckpt10	748	50	27	29	2	54.0	58.0	0.023350859060883522	-0.004719657823443413
best250_vs_ckpt10	667	50	32	34	2	64.0	68.0	0.023672962561249733	0.06252393871545792
best250_vs_ckpt10	153	50	40	42	2	80.0	84.0	0.023757142946124077	0.11605210602283478
best250_vs_ckpt10	869	50	30	32	2	60.0	64.0	0.02401542104780674	0.11281731724739075
best250_vs_ckpt10	580	50	43	45	2	86.0	90.0	0.024717196822166443	0.07624728232622147
best250_vs_ckpt10	585	50	25	27	2	50.0	54.0	0.025724565610289574	0.08744411170482635
best250_vs_ckpt10	626	50	41	43	2	82.0	86.0	0.026618916541337967	0.06516459584236145
best250_vs_ckpt10	315	50	42	44	2	84.0	88.0	0.029852254316210747	0.19766506552696228
best250_vs_ckpt10	99	50	42	44	2	84.0	88.0	0.030046837404370308	0.09685731679201126
best250_vs_ckpt10	587	50	34	36	2	68.0	72.0	0.03183600679039955	0.1397545486688614
best250_vs_ckpt10	818	50	18	20	2	36.0	40.0	0.035785797983407974	0.17644785344600677
best250_vs_ckpt10	546	50	38	40	2	76.0	80.0	0.03773491829633713	0.19397354125976562
best250_vs_ckpt10	166	50	34	36	2	68.0	72.0	0.040320854634046555	0.04805682227015495
best250_vs_ckpt10	338	50	45	47	2	90.0	94.0	0.04212230071425438	0.2972744107246399
best250_vs_ckpt10	433	50	40	42	2	80.0	84.0	0.045352429151535034	0.11638379096984863
best250_vs_ckpt10	208	50	43	45	2	86.0	90.0	0.05190035328269005	0.29107335209846497
best250_vs_ckpt10	567	50	24	27	3	48.0	54.0	-0.01910502277314663	-0.1377885490655899
best250_vs_ckpt10	758	50	39	42	3	78.0	84.0	-0.005841911304742098	-0.05536535382270813
best250_vs_ckpt10	106	50	38	41	3	76.0	82.0	-0.005084700416773558	-0.0701335147023201
best250_vs_ckpt10	409	50	32	35	3	64.0	70.0	0.004199920687824488	0.02540445327758789
best250_vs_ckpt10	551	50	41	44	3	82.0	88.0	0.005708326585590839	0.004272241611033678
best250_vs_ckpt10	492	50	42	45	3	84.0	90.0	0.006564278621226549	0.023687558248639107
best250_vs_ckpt10	871	50	40	43	3	80.0	86.0	0.006856937427073717	-0.06032903492450714
best250_vs_ckpt10	686	50	35	38	3	70.0	76.0	0.008130543865263462	0.01625186949968338
best250_vs_ckpt10	618	50	21	24	3	42.0	48.0	0.009766947478055954	-0.02854766882956028
best250_vs_ckpt10	831	50	40	43	3	80.0	86.0	0.010486790910363197	0.02900116890668869
best250_vs_ckpt10	813	50	22	25	3	44.0	50.0	0.011197204701602459	0.01559496857225895
best250_vs_ckpt10	624	50	30	33	3	60.0	66.0	0.011353816837072372	-0.04110424965620041
best250_vs_ckpt10	358	50	27	30	3	54.0	60.0	0.013135760091245174	-0.01339797955006361
best250_vs_ckpt10	796	50	37	40	3	74.0	80.0	0.013730030506849289	-0.012963524088263512
best250_vs_ckpt10	963	50	40	43	3	80.0	86.0	0.015149773098528385	-0.008006000891327858
best250_vs_ckpt10	975	50	29	32	3	58.0	64.0	0.015842773020267487	-0.028294581919908524
best250_vs_ckpt10	524	50	22	25	3	44.0	50.0	0.016196180135011673	-0.008311605080962181
best250_vs_ckpt10	770	50	39	42	3	78.0	84.0	0.02245015650987625	0.08854425698518753
best250_vs_ckpt10	622	50	30	33	3	60.0	66.0	0.023738570511341095	0.0826869085431099
best250_vs_ckpt10	889	50	36	39	3	72.0	78.0	0.027382485568523407	0.07309973984956741
best250_vs_ckpt10	21	50	40	43	3	80.0	86.0	0.028951816260814667	0.19669224321842194
best250_vs_ckpt10	418	50	33	36	3	66.0	72.0	0.03016597591340542	0.05232328549027443
best250_vs_ckpt10	394	50	42	45	3	84.0	90.0	0.03887227177619934	0.2462533712387085
best250_vs_ckpt10	124	50	37	40	3	74.0	80.0	0.04175753518939018	0.057448044419288635
best250_vs_ckpt10	485	50	31	35	4	62.0	70.0	0.0030126171186566353	0.003326892852783203
best250_vs_ckpt10	836	50	8	12	4	16.0	24.0	0.006783946882933378	-0.0028111457359045744
best250_vs_ckpt10	504	50	28	32	4	56.0	64.0	0.01322188600897789	0.03387394919991493
best250_vs_ckpt10	66	50	27	31	4	54.0	62.0	0.02767457254230976	0.05190993472933769
best250_vs_ckpt10	921	50	34	38	4	68.0	76.0	0.04444427415728569	0.20489272475242615
best250_vs_ckpt10	173	50	34	39	5	68.0	78.0	0.030471064150333405	0.11838606745004654
best250_vs_ckpt10	864	50	35	40	5	70.0	80.0	0.04444891959428787	0.1281471699476242
best250_vs_phase2w	349	50	38	34	-4	76.0	68.0	-0.01992551051080227	-0.048478394746780396
best250_vs_phase2w	876	50	18	14	-4	36.0	28.0	-0.008962560445070267	0.017758788540959358
best250_vs_phase2w	264	50	37	34	-3	74.0	68.0	-0.014510822482407093	-0.01865674927830696
best250_vs_phase2w	813	50	28	25	-3	56.0	50.0	-0.01280897855758667	-0.034710463136434555
best250_vs_phase2w	928	50	40	37	-3	80.0	74.0	-0.011882605962455273	-0.09459270536899567
best250_vs_phase2w	764	50	31	28	-3	62.0	56.0	-0.010103915818035603	-0.03288036212325096
best250_vs_phase2w	303	50	43	40	-3	86.0	80.0	-0.008156073279678822	-0.014254322275519371
best250_vs_phase2w	250	50	38	35	-3	76.0	70.0	-0.007051543798297644	-0.02218080498278141
best250_vs_phase2w	859	50	36	33	-3	72.0	66.0	-0.0010429323883727193	0.041111286729574203
best250_vs_phase2w	709	50	43	41	-2	86.0	82.0	-0.021739978343248367	-0.10567187517881393
best250_vs_phase2w	472	50	49	47	-2	98.0	94.0	-0.01997225545346737	-0.1285136342048645
best250_vs_phase2w	386	50	34	32	-2	68.0	64.0	-0.017919963225722313	-0.05503354221582413
best250_vs_phase2w	872	50	40	38	-2	80.0	76.0	-0.013338341377675533	-0.08153966814279556
best250_vs_phase2w	586	50	45	43	-2	90.0	86.0	-0.012640373781323433	-0.1029978096485138
best250_vs_phase2w	175	50	36	34	-2	72.0	68.0	-0.011276738718152046	-0.09082231670618057
best250_vs_phase2w	415	50	26	24	-2	52.0	48.0	-0.011124959215521812	-0.03628362715244293
best250_vs_phase2w	914	50	39	37	-2	78.0	74.0	-0.010412123054265976	-0.03659458085894585
best250_vs_phase2w	796	50	42	40	-2	84.0	80.0	-0.009895803406834602	-0.057645510882139206
best250_vs_phase2w	666	50	45	43	-2	90.0	86.0	-0.008997834287583828	-0.05659106373786926
best250_vs_phase2w	245	50	45	43	-2	90.0	86.0	-0.008711393922567368	-0.03900093212723732
best250_vs_phase2w	925	50	32	30	-2	64.0	60.0	-0.007425984833389521	0.013631200417876244
best250_vs_phase2w	689	50	17	15	-2	34.0	30.0	-0.006764558143913746	-0.0023215103428810835
best250_vs_phase2w	765	50	39	37	-2	78.0	74.0	-0.006439248099923134	-0.022591285407543182
best250_vs_phase2w	407	50	48	46	-2	96.0	92.0	-0.006048249080777168	-0.027495555579662323
best250_vs_phase2w	515	50	37	35	-2	74.0	70.0	-0.005609756801277399	-0.014419011771678925
best250_vs_phase2w	526	50	33	31	-2	66.0	62.0	-0.004913019482046366	0.004028072580695152
best250_vs_phase2w	249	50	42	40	-2	84.0	80.0	-0.003959423862397671	0.02320578508079052
best250_vs_phase2w	632	50	31	29	-2	62.0	58.0	-0.0026840411592274904	0.006549997255206108
best250_vs_phase2w	494	50	39	37	-2	78.0	74.0	-0.002535778796300292	-0.05669581517577171
best250_vs_phase2w	101	50	37	35	-2	74.0	70.0	-0.0004186881997156888	0.01519789732992649
best250_vs_phase2w	121	50	45	43	-2	90.0	86.0	0.0009622552897781134	-0.014320621266961098
best250_vs_phase2w	799	50	26	24	-2	52.0	48.0	0.002270585624501109	0.024221640080213547
best250_vs_phase2w	211	50	46	44	-2	92.0	88.0	0.0028348583728075027	-0.005494966637343168
best250_vs_phase2w	935	50	38	36	-2	76.0	72.0	0.005152554716914892	0.01628032699227333
best250_vs_phase2w	46	50	28	26	-2	56.0	52.0	0.006053477991372347	0.04878788813948631
best250_vs_phase2w	218	50	46	45	-1	92.0	90.0	-0.02884238213300705	-0.20841073989868164
best250_vs_phase2w	655	50	41	40	-1	82.0	80.0	-0.02824820950627327	-0.18473845720291138
best250_vs_phase2w	442	50	36	35	-1	72.0	70.0	-0.02367226406931877	-0.0667152851819992
best250_vs_phase2w	909	50	32	31	-1	64.0	62.0	-0.021227821707725525	-0.08506341278553009
best250_vs_phase2w	577	50	46	45	-1	92.0	90.0	-0.020524926483631134	-0.062023553997278214
best250_vs_phase2w	279	50	50	49	-1	100.0	98.0	-0.019414985552430153	-0.20837955176830292
best250_vs_phase2w	573	50	50	49	-1	100.0	98.0	-0.01927717961370945	-0.12561242282390594
best250_vs_phase2w	204	50	36	35	-1	72.0	70.0	-0.017741866409778595	-0.0897219255566597
best250_vs_phase2w	49	50	41	40	-1	82.0	80.0	-0.016405530273914337	-0.0707220733165741
best250_vs_phase2w	319	50	43	42	-1	86.0	84.0	-0.015306218527257442	-0.04906323552131653
best250_vs_phase2w	265	50	35	34	-1	70.0	68.0	-0.01522139459848404	-0.0580911822617054
best250_vs_phase2w	915	50	49	48	-1	98.0	96.0	-0.01501611340790987	-0.12196329236030579
best250_vs_phase2w	660	50	36	35	-1	72.0	70.0	-0.01480057742446661	-0.13179825246334076
best250_vs_phase2w	165	50	30	29	-1	60.0	58.0	-0.014755750074982643	-0.049960147589445114
best250_vs_phase2w	931	50	37	36	-1	74.0	72.0	-0.014319466426968575	-0.02836698479950428
best250_vs_phase2w	638	50	17	16	-1	34.0	32.0	-0.013980677351355553	0.0029544830322265625
best250_vs_phase2w	555	50	45	44	-1	90.0	88.0	-0.013577398844063282	-0.1001497209072113
best250_vs_phase2w	759	50	41	40	-1	82.0	80.0	-0.013316345401108265	-0.03506988659501076
best250_vs_phase2w	469	50	35	34	-1	70.0	68.0	-0.013306980021297932	-0.04059721902012825
best250_vs_phase2w	294	50	47	46	-1	94.0	92.0	-0.012859043665230274	-0.06734928488731384
best250_vs_phase2w	233	50	41	40	-1	82.0	80.0	-0.012796733528375626	-0.029485827311873436
best250_vs_phase2w	862	50	40	39	-1	80.0	78.0	-0.012560879811644554	-0.12720435857772827
best250_vs_phase2w	108	50	34	33	-1	68.0	66.0	-0.012428914196789265	-0.041992828249931335
best250_vs_phase2w	686	50	39	38	-1	78.0	76.0	-0.012313070707023144	-0.047796402126550674
best250_vs_phase2w	464	50	34	33	-1	68.0	66.0	-0.012146389111876488	-0.054051473736763
best250_vs_phase2w	167	50	20	19	-1	40.0	38.0	-0.011923231184482574	-0.03983769565820694
best250_vs_phase2w	414	50	22	21	-1	44.0	42.0	-0.010324380360543728	-0.03034115768969059
best250_vs_phase2w	738	50	43	42	-1	86.0	84.0	-0.010178748518228531	-0.03687627613544464
best250_vs_phase2w	953	50	49	48	-1	98.0	96.0	-0.00982129480689764	-0.04451986402273178
best250_vs_phase2w	410	50	46	45	-1	92.0	90.0	-0.009491341188549995	-0.00858572032302618
best250_vs_phase2w	553	50	42	41	-1	84.0	82.0	-0.009299998171627522	-0.0737202912569046
best250_vs_phase2w	635	50	33	32	-1	66.0	64.0	-0.0091991713270545	-0.06585678458213806
best250_vs_phase2w	465	50	32	31	-1	64.0	62.0	-0.008927207440137863	0.03472183272242546
best250_vs_phase2w	128	50	46	45	-1	92.0	90.0	-0.008806522935628891	-0.09706705063581467
best250_vs_phase2w	214	50	46	45	-1	92.0	90.0	-0.008719525299966335	-0.025795917958021164
best250_vs_phase2w	153	50	43	42	-1	86.0	84.0	-0.008699093945324421	-0.01797381415963173
best250_vs_phase2w	844	50	37	36	-1	74.0	72.0	-0.008629039861261845	0.019659461453557014
best250_vs_phase2w	750	50	37	36	-1	74.0	72.0	-0.007759347092360258	-0.031327370554208755
best250_vs_phase2w	728	50	29	28	-1	58.0	56.0	-0.007677727844566107	-0.07052703946828842
best250_vs_phase2w	945	50	46	45	-1	92.0	90.0	-0.007415926083922386	-0.018250074237585068
best250_vs_phase2w	789	50	40	39	-1	80.0	78.0	-0.007370261009782553	-0.019357556477189064
best250_vs_phase2w	653	50	37	36	-1	74.0	72.0	-0.007350344676524401	-0.04308909550309181
best250_vs_phase2w	149	50	45	44	-1	90.0	88.0	-0.0070494478568434715	-0.03877728432416916
best250_vs_phase2w	3	50	40	39	-1	80.0	78.0	-0.006915986072272062	0.036549102514982224
best250_vs_phase2w	866	50	46	45	-1	92.0	90.0	-0.006838666740804911	-0.056001950055360794
best250_vs_phase2w	908	50	33	32	-1	66.0	64.0	-0.006755582522600889	-0.0388721264898777
best250_vs_phase2w	542	50	36	35	-1	72.0	70.0	-0.006726528983563185	-0.047764357179403305
best250_vs_phase2w	563	50	45	44	-1	90.0	88.0	-0.0062132650054991245	-0.09415790438652039
best250_vs_phase2w	68	50	15	14	-1	30.0	28.0	-0.006064971908926964	-0.014689101837575436
best250_vs_phase2w	50	50	45	44	-1	90.0	88.0	-0.006014757324010134	0.07430821657180786
best250_vs_phase2w	341	50	31	30	-1	62.0	60.0	-0.005770659539848566	-0.04109805077314377
best250_vs_phase2w	584	50	29	28	-1	58.0	56.0	-0.005731694865971804	-0.034221526235342026
best250_vs_phase2w	903	50	46	45	-1	92.0	90.0	-0.005716134328395128	-0.07345336675643921
best250_vs_phase2w	819	50	41	40	-1	82.0	80.0	-0.005463536828756332	-0.034625548869371414
best250_vs_phase2w	755	50	47	46	-1	94.0	92.0	-0.005413529463112354	-0.018060579895973206
best250_vs_phase2w	134	50	38	37	-1	76.0	74.0	-0.005309438798576593	-0.031829480081796646
best250_vs_phase2w	30	50	42	41	-1	84.0	82.0	-0.005236119031906128	0.016682643443346024
best250_vs_phase2w	757	50	44	43	-1	88.0	86.0	-0.004724639002233744	0.01723381131887436
best250_vs_phase2w	690	50	47	46	-1	94.0	92.0	-0.004513073712587357	-0.007887306623160839
best250_vs_phase2w	366	50	43	42	-1	86.0	84.0	-0.004220730625092983	-0.03691596910357475
best250_vs_phase2w	656	50	29	28	-1	58.0	56.0	-0.004152217879891396	0.017215251922607422
best250_vs_phase2w	602	50	40	39	-1	80.0	78.0	-0.004037957638502121	-0.01972593367099762
best250_vs_phase2w	843	50	46	45	-1	92.0	90.0	-0.003877678420394659	0.011018257588148117
best250_vs_phase2w	417	50	46	45	-1	92.0	90.0	-0.0037504362408071756	-0.08397406339645386
best250_vs_phase2w	210	50	46	45	-1	92.0	90.0	-0.0037076217122375965	-0.09644560515880585
best250_vs_phase2w	63	50	44	43	-1	88.0	86.0	-0.0035460751969367266	-0.0357133187353611
best250_vs_phase2w	636	50	34	33	-1	68.0	66.0	-0.0035049349535256624	0.07839764654636383
best250_vs_phase2w	147	50	47	46	-1	94.0	92.0	-0.003460607258602977	0.011059112846851349
best250_vs_phase2w	861	50	38	37	-1	76.0	74.0	-0.0033453600481152534	0.03741582855582237
best250_vs_phase2w	970	50	31	30	-1	62.0	60.0	-0.003263378981500864	0.026642179116606712
best250_vs_phase2w	978	50	25	24	-1	50.0	48.0	-0.0031359184067696333	-0.040750570595264435
best250_vs_phase2w	125	50	46	45	-1	92.0	90.0	-0.0030933802481740713	-0.03603013977408409
best250_vs_phase2w	938	50	48	47	-1	96.0	94.0	-0.003092630999162793	-0.040706418454647064
best250_vs_phase2w	374	50	39	38	-1	78.0	76.0	-0.002982816658914089	-0.015350389294326305
best250_vs_phase2w	924	50	44	43	-1	88.0	86.0	-0.002960431622341275	-0.022016238421201706
best250_vs_phase2w	467	50	43	42	-1	86.0	84.0	-0.002705242019146681	-0.000422840123064816
best250_vs_phase2w	97	50	48	47	-1	96.0	94.0	-0.0024716819170862436	-0.026127567514777184
best250_vs_phase2w	810	50	20	19	-1	40.0	38.0	-0.002294736448675394	-0.004426746163517237
best250_vs_phase2w	132	50	47	46	-1	94.0	92.0	-0.002266655210405588	-0.02457868494093418
best250_vs_phase2w	347	50	46	45	-1	92.0	90.0	-0.0022376859560608864	0.04745686426758766
best250_vs_phase2w	489	50	41	40	-1	82.0	80.0	-0.0021666509564965963	-0.04595785215497017
best250_vs_phase2w	363	50	47	46	-1	94.0	92.0	-0.0020277260337024927	0.0014939403627067804
best250_vs_phase2w	370	50	44	43	-1	88.0	86.0	-0.0015518292784690857	-0.07455863058567047
best250_vs_phase2w	272	50	32	31	-1	64.0	62.0	-0.0015334527706727386	-0.01336109172552824
best250_vs_phase2w	971	50	45	44	-1	90.0	88.0	-0.0015025085303932428	-0.033317357301712036
best250_vs_phase2w	919	50	40	39	-1	80.0	78.0	-0.0012000137940049171	0.040791597217321396
best250_vs_phase2w	74	50	30	29	-1	60.0	58.0	-0.001170019037090242	0.0067212581634521484
best250_vs_phase2w	960	50	34	33	-1	68.0	66.0	-0.001021161093376577	0.03432831913232803
best250_vs_phase2w	32	50	25	24	-1	50.0	48.0	-0.0010130113223567605	0.01484752632677555
best250_vs_phase2w	962	50	39	38	-1	78.0	76.0	-0.0009395915549248457	0.00030104638426564634
best250_vs_phase2w	468	50	37	36	-1	74.0	72.0	-0.0008877758518792689	-0.0422762967646122
best250_vs_phase2w	657	50	15	14	-1	30.0	28.0	-0.0008451890898868442	-0.002475204411894083
best250_vs_phase2w	697	50	36	35	-1	72.0	70.0	-0.0006709740846417844	0.03452306613326073
best250_vs_phase2w	905	50	36	35	-1	72.0	70.0	-0.0004945975379087031	-0.009251976385712624
best250_vs_phase2w	977	50	32	31	-1	64.0	62.0	-0.0004906313261017203	0.012819033116102219
best250_vs_phase2w	999	50	27	26	-1	54.0	52.0	-0.0004644022847060114	-0.008548039942979813
best250_vs_phase2w	678	50	37	36	-1	74.0	72.0	-6.247088458621874e-05	-0.02938304841518402
best250_vs_phase2w	781	50	46	45	-1	92.0	90.0	-5.924180004512891e-05	0.028711795806884766
best250_vs_phase2w	618	50	25	24	-1	50.0	48.0	0.0002639736339915544	-0.0004727172781713307
best250_vs_phase2w	55	50	34	33	-1	68.0	66.0	0.0002811598824337125	0.04420759156346321
best250_vs_phase2w	839	50	37	36	-1	74.0	72.0	0.0007045145612210035	0.032842159271240234
best250_vs_phase2w	893	50	37	36	-1	74.0	72.0	0.0007622133125551045	0.0314321331679821
best250_vs_phase2w	192	50	43	42	-1	86.0	84.0	0.0007708223420195282	0.039205409586429596
best250_vs_phase2w	682	50	43	42	-1	86.0	84.0	0.0009145480580627918	0.067816823720932
best250_vs_phase2w	109	50	48	47	-1	96.0	94.0	0.0010312366066500545	0.0009680938674136996
best250_vs_phase2w	206	50	46	45	-1	92.0	90.0	0.0010540123330429196	0.011226368136703968
best250_vs_phase2w	182	50	47	46	-1	94.0	92.0	0.001059057074598968	0.04644930735230446
best250_vs_phase2w	473	50	40	39	-1	80.0	78.0	0.0011106744641438127	0.024000663310289383
best250_vs_phase2w	239	50	50	49	-1	100.0	98.0	0.0011986648896709085	0.006276216357946396
best250_vs_phase2w	21	50	44	43	-1	88.0	86.0	0.0013627927983179688	0.0686277225613594
best250_vs_phase2w	596	50	37	36	-1	74.0	72.0	0.0014838788192719221	-0.01231510192155838
best250_vs_phase2w	463	50	30	29	-1	60.0	58.0	0.0014859149232506752	-0.006400012876838446
best250_vs_phase2w	336	50	48	47	-1	96.0	94.0	0.0015244839014485478	0.03978327661752701
best250_vs_phase2w	769	50	41	40	-1	82.0	80.0	0.0017845116090029478	0.00729854591190815
best250_vs_phase2w	683	50	35	34	-1	70.0	68.0	0.0018411746714264154	-0.015350084751844406
best250_vs_phase2w	270	50	48	47	-1	96.0	94.0	0.0019714152440428734	-0.025743646547198296
best250_vs_phase2w	580	50	46	45	-1	92.0	90.0	0.0020051258616149426	0.028254127129912376
best250_vs_phase2w	58	50	44	43	-1	88.0	86.0	0.0021991466637700796	0.026640567928552628
best250_vs_phase2w	767	50	33	32	-1	66.0	64.0	0.002369633875787258	0.0408569797873497
best250_vs_phase2w	782	50	10	9	-1	20.0	18.0	0.002379097044467926	-0.008411722257733345
best250_vs_phase2w	623	50	18	17	-1	36.0	34.0	0.0026628533378243446	0.016765184700489044
best250_vs_phase2w	395	50	41	40	-1	82.0	80.0	0.0026632798835635185	-0.034508638083934784
best250_vs_phase2w	178	50	48	47	-1	96.0	94.0	0.002727999584749341	0.024758748710155487
best250_vs_phase2w	422	50	32	31	-1	64.0	62.0	0.0028729536570608616	0.041129130870103836
best250_vs_phase2w	57	50	48	47	-1	96.0	94.0	0.0029516478534787893	0.007639188785105944
best250_vs_phase2w	582	50	34	33	-1	68.0	66.0	0.003002837533131242	-0.046114273369312286
best250_vs_phase2w	732	50	43	42	-1	86.0	84.0	0.0030131570529192686	0.003979806788265705
best250_vs_phase2w	608	50	38	37	-1	76.0	74.0	0.0031943286303430796	0.04144149646162987
best250_vs_phase2w	715	50	41	40	-1	82.0	80.0	0.00328599801287055	-0.04947005212306976
best250_vs_phase2w	694	50	48	47	-1	96.0	94.0	0.0033278069458901882	0.027758436277508736
best250_vs_phase2w	424	50	34	33	-1	68.0	66.0	0.0034294582437723875	-0.007064666599035263
best250_vs_phase2w	75	50	45	44	-1	90.0	88.0	0.0035811036359518766	0.022395968437194824
best250_vs_phase2w	404	50	48	47	-1	96.0	94.0	0.0036647915840148926	0.024585867300629616
best250_vs_phase2w	826	50	34	33	-1	68.0	66.0	0.0037682235706597567	0.023931875824928284
best250_vs_phase2w	225	50	47	46	-1	94.0	92.0	0.0037746995221823454	0.06437356770038605
best250_vs_phase2w	52	50	41	40	-1	82.0	80.0	0.004298826679587364	-0.01229175552725792
best250_vs_phase2w	453	50	38	37	-1	76.0	74.0	0.004305953159928322	0.02420523576438427
best250_vs_phase2w	570	50	47	46	-1	94.0	92.0	0.004366610664874315	0.03144434094429016
best250_vs_phase2w	917	50	44	43	-1	88.0	86.0	0.00438044173642993	0.044755272567272186
best250_vs_phase2w	47	50	41	40	-1	82.0	80.0	0.004668602254241705	-0.021296748891472816
best250_vs_phase2w	922	50	43	42	-1	86.0	84.0	0.004887636750936508	0.013631429523229599
best250_vs_phase2w	111	50	47	46	-1	94.0	92.0	0.004934284370392561	0.10854806751012802
best250_vs_phase2w	729	50	33	32	-1	66.0	64.0	0.005052609834820032	0.04407169297337532
best250_vs_phase2w	643	50	35	34	-1	70.0	68.0	0.005085456185042858	-0.0026647807098925114
best250_vs_phase2w	841	50	22	21	-1	44.0	42.0	0.005252146627753973	0.02969473786652088
best250_vs_phase2w	54	50	34	33	-1	68.0	66.0	0.00558450585231185	0.0181754007935524
best250_vs_phase2w	702	50	41	40	-1	82.0	80.0	0.00564899668097496	-0.0008553314255550504
best250_vs_phase2w	457	50	41	40	-1	82.0	80.0	0.005955652799457312	0.025518951937556267
best250_vs_phase2w	845	50	36	35	-1	72.0	70.0	0.006014813203364611	-0.0037984943483024836
best250_vs_phase2w	598	50	38	37	-1	76.0	74.0	0.006048110779374838	0.05272814631462097
best250_vs_phase2w	807	50	41	40	-1	82.0	80.0	0.006048485171049833	0.060821451246738434
best250_vs_phase2w	160	50	50	49	-1	100.0	98.0	0.006163007579743862	0.09819045662879944
best250_vs_phase2w	676	50	39	38	-1	78.0	76.0	0.006475146859884262	-0.039845000952482224
best250_vs_phase2w	65	50	42	41	-1	84.0	82.0	0.006579761393368244	0.03535310924053192
best250_vs_phase2w	129	50	50	49	-1	100.0	98.0	0.006751533132046461	0.10218538343906403
best250_vs_phase2w	293	50	48	47	-1	96.0	94.0	0.006864607334136963	0.06334622204303741
best250_vs_phase2w	240	50	21	20	-1	42.0	40.0	0.007287198211997747	0.003487806301563978
best250_vs_phase2w	172	50	41	40	-1	82.0	80.0	0.007407696917653084	0.005707130301743746
best250_vs_phase2w	763	50	47	46	-1	94.0	92.0	0.007501780521124601	0.09946216642856598
best250_vs_phase2w	654	50	41	40	-1	82.0	80.0	0.007641234900802374	0.05821328982710838
best250_vs_phase2w	505	50	35	34	-1	70.0	68.0	0.007699191104620695	0.027213869616389275
best250_vs_phase2w	722	50	45	44	-1	90.0	88.0	0.008802833966910839	0.07797574996948242
best250_vs_phase2w	520	50	39	38	-1	78.0	76.0	0.008971177972853184	0.06570799648761749
best250_vs_phase2w	814	50	49	48	-1	98.0	96.0	0.009028089232742786	0.05915689095854759
best250_vs_phase2w	869	50	33	32	-1	66.0	64.0	0.009080499410629272	0.06079103425145149
best250_vs_phase2w	667	50	35	34	-1	70.0	68.0	0.009212400764226913	-0.024210596457123756
best250_vs_phase2w	459	50	34	33	-1	68.0	66.0	0.009906673803925514	0.050739679485559464
best250_vs_phase2w	595	50	43	42	-1	86.0	84.0	0.01001268345862627	0.028972283005714417
best250_vs_phase2w	593	50	43	42	-1	86.0	84.0	0.010815327987074852	0.13551673293113708
best250_vs_phase2w	544	50	41	40	-1	82.0	80.0	0.01152612455189228	0.07074034959077835
best250_vs_phase2w	805	50	47	46	-1	94.0	92.0	0.012041544541716576	0.09782229363918304
best250_vs_phase2w	892	50	36	35	-1	72.0	70.0	0.01255754753947258	0.05990254506468773
best250_vs_phase2w	846	50	29	28	-1	58.0	56.0	0.013215620070695877	0.011398344300687313
best250_vs_phase2w	969	50	23	22	-1	46.0	44.0	0.013319599442183971	0.05195104703307152
best250_vs_phase2w	652	50	39	38	-1	78.0	76.0	0.014465218409895897	-0.005566616076976061
best250_vs_phase2w	747	50	37	36	-1	74.0	72.0	0.015941930934786797	0.10211851447820663
best250_vs_phase2w	865	50	33	32	-1	66.0	64.0	0.016250930726528168	0.061346206814050674
best250_vs_phase2w	706	50	33	32	-1	66.0	64.0	0.01715422235429287	0.032954636961221695
best250_vs_phase2w	470	50	36	35	-1	72.0	70.0	0.01748003251850605	0.06759251654148102
best250_vs_phase2w	357	50	47	47	0	94.0	94.0	-0.018736960366368294	-0.08913210034370422
best250_vs_phase2w	721	50	43	43	0	86.0	86.0	-0.018609078601002693	-0.16264218091964722
best250_vs_phase2w	490	50	39	39	0	78.0	78.0	-0.018421247601509094	-0.10594572871923447
best250_vs_phase2w	411	50	39	39	0	78.0	78.0	-0.01810580864548683	-0.06248193606734276
best250_vs_phase2w	679	50	49	49	0	98.0	98.0	-0.018020300194621086	-0.13489216566085815
best250_vs_phase2w	361	50	48	48	0	96.0	96.0	-0.017820049077272415	-0.13330529630184174
best250_vs_phase2w	179	50	36	36	0	72.0	72.0	-0.017794696614146233	-0.014329414814710617
best250_vs_phase2w	717	50	36	36	0	72.0	72.0	-0.01728537306189537	-0.09793636202812195
best250_vs_phase2w	609	50	38	38	0	76.0	76.0	-0.016084108501672745	-0.0194151122123003
best250_vs_phase2w	353	50	36	36	0	72.0	72.0	-0.015764258801937103	-0.04478529095649719
best250_vs_phase2w	884	50	39	39	0	78.0	78.0	-0.015156042762100697	-0.013870621100068092
best250_vs_phase2w	431	50	40	40	0	80.0	80.0	-0.014958701096475124	-0.029724931344389915
best250_vs_phase2w	512	50	49	49	0	98.0	98.0	-0.014520708471536636	-0.07906249910593033
best250_vs_phase2w	360	50	41	41	0	82.0	82.0	-0.014421272091567516	-0.06771732121706009
best250_vs_phase2w	474	50	39	39	0	78.0	78.0	-0.014105048030614853	-0.09868833422660828
best250_vs_phase2w	578	50	37	37	0	74.0	74.0	-0.013789601624011993	-0.07145959883928299
best250_vs_phase2w	2	50	41	41	0	82.0	82.0	-0.01359874289482832	-0.030034618452191353
best250_vs_phase2w	122	50	45	45	0	90.0	90.0	-0.0134767796844244	-0.125
best250_vs_phase2w	891	50	43	43	0	86.0	86.0	-0.013340167701244354	-0.07776478677988052
best250_vs_phase2w	183	50	46	46	0	92.0	92.0	-0.013136763125658035	-0.02039465866982937
best250_vs_phase2w	106	50	41	41	0	82.0	82.0	-0.013081854209303856	-0.030204134061932564
best250_vs_phase2w	213	50	43	43	0	86.0	86.0	-0.013025548309087753	-0.06063709408044815
best250_vs_phase2w	84	50	48	48	0	96.0	96.0	-0.012648194096982479	-0.10991325229406357
best250_vs_phase2w	529	50	40	40	0	80.0	80.0	-0.012292000465095043	-0.048028554767370224
best250_vs_phase2w	926	50	44	44	0	88.0	88.0	-0.01217389851808548	-0.05127223953604698
best250_vs_phase2w	511	50	43	43	0	86.0	86.0	-0.012097402475774288	-0.02437499910593033
best250_vs_phase2w	533	50	47	47	0	94.0	94.0	-0.011991625651717186	-0.07729986310005188
best250_vs_phase2w	412	50	37	37	0	74.0	74.0	-0.011931496672332287	-0.04062315821647644
best250_vs_phase2w	739	50	48	48	0	96.0	96.0	-0.011848402209579945	-0.10540176182985306
best250_vs_phase2w	510	50	46	46	0	92.0	92.0	-0.011497841216623783	-0.052528705447912216
best250_vs_phase2w	217	50	47	47	0	94.0	94.0	-0.011420621536672115	-0.05677555873990059
best250_vs_phase2w	64	50	33	33	0	66.0	66.0	-0.011314050294458866	-0.015258006751537323
best250_vs_phase2w	793	50	42	42	0	84.0	84.0	-0.011278779245913029	-0.11324579268693924
best250_vs_phase2w	328	50	46	46	0	92.0	92.0	-0.010954231955111027	-0.06947793811559677
best250_vs_phase2w	135	50	50	50	0	100.0	100.0	-0.01091453805565834	-0.050166770815849304
best250_vs_phase2w	498	50	37	37	0	74.0	74.0	-0.010800079442560673	-0.06872725486755371
best250_vs_phase2w	466	50	48	48	0	96.0	96.0	-0.010782408528029919	-0.12918205559253693
best250_vs_phase2w	189	50	42	42	0	84.0	84.0	-0.010658187791705132	-0.02830430120229721
best250_vs_phase2w	445	50	30	30	0	60.0	60.0	-0.010535730049014091	0.020648421719670296
best250_vs_phase2w	671	50	39	39	0	78.0	78.0	-0.010289831086993217	0.003835611278191209
best250_vs_phase2w	516	50	25	25	0	50.0	50.0	-0.010204149410128593	-0.0372164249420166
best250_vs_phase2w	985	50	49	49	0	98.0	98.0	-0.010128667578101158	-0.0645136833190918
best250_vs_phase2w	513	50	37	37	0	74.0	74.0	-0.01008625514805317	-0.013377122581005096
best250_vs_phase2w	394	50	45	45	0	90.0	90.0	-0.010038044303655624	-0.04950284957885742
best250_vs_phase2w	306	50	44	44	0	88.0	88.0	-0.009944441728293896	-0.01696206070482731
best250_vs_phase2w	428	50	42	42	0	84.0	84.0	-0.009927565231919289	-0.11669003218412399
best250_vs_phase2w	972	50	36	36	0	72.0	72.0	-0.009865867905318737	-0.022811641916632652
best250_vs_phase2w	534	50	32	32	0	64.0	64.0	-0.009772268123924732	-0.04223654791712761
best250_vs_phase2w	614	50	45	45	0	90.0	90.0	-0.009732279926538467	-0.04585898295044899
best250_vs_phase2w	486	50	45	45	0	90.0	90.0	-0.009700440801680088	-0.04421769082546234
best250_vs_phase2w	907	50	29	29	0	58.0	58.0	-0.009495683945715427	-0.0007086276891641319
best250_vs_phase2w	775	50	37	37	0	74.0	74.0	-0.00947889406234026	-0.01893571764230728
best250_vs_phase2w	756	50	42	42	0	84.0	84.0	-0.009431535378098488	-0.06903385370969772
best250_vs_phase2w	530	50	33	33	0	66.0	66.0	-0.009295951575040817	-0.057609833776950836
best250_vs_phase2w	797	50	35	35	0	70.0	70.0	-0.009241214953362942	-0.02896176278591156
best250_vs_phase2w	142	50	45	45	0	90.0	90.0	-0.009238655678927898	-0.09549330919981003
best250_vs_phase2w	29	50	47	47	0	94.0	94.0	-0.009213211014866829	-0.10978511720895767
best250_vs_phase2w	503	50	31	31	0	62.0	62.0	-0.00917730387300253	0.0023357486352324486
best250_vs_phase2w	774	50	41	41	0	82.0	82.0	-0.009172412566840649	-0.07895796000957489
best250_vs_phase2w	811	50	33	33	0	66.0	66.0	-0.009154158644378185	-0.029208602383732796
best250_vs_phase2w	93	50	48	48	0	96.0	96.0	-0.00908031314611435	0.006772184278815985
best250_vs_phase2w	888	50	42	42	0	84.0	84.0	-0.00900965090841055	-0.032075271010398865
best250_vs_phase2w	102	50	50	50	0	100.0	100.0	-0.008915790356695652	-0.01562502793967724
best250_vs_phase2w	852	50	43	43	0	86.0	86.0	-0.008877706713974476	-0.05694106966257095
best250_vs_phase2w	997	50	39	39	0	78.0	78.0	-0.008695490658283234	-0.02497253380715847
best250_vs_phase2w	733	50	25	25	0	50.0	50.0	-0.008686869405210018	-0.0008419418591074646
best250_vs_phase2w	354	50	48	48	0	96.0	96.0	-0.00844145193696022	-0.08505687862634659
best250_vs_phase2w	334	50	46	46	0	92.0	92.0	-0.00839250534772873	-0.03313479572534561
best250_vs_phase2w	668	50	48	48	0	96.0	96.0	-0.008312077261507511	-0.02930176816880703
best250_vs_phase2w	594	50	49	49	0	98.0	98.0	-0.008285474963486195	-0.0775710940361023
best250_vs_phase2w	556	50	32	32	0	64.0	64.0	-0.008215797133743763	-0.06791073083877563
best250_vs_phase2w	257	50	41	41	0	82.0	82.0	-0.008187822066247463	-0.03642044961452484
best250_vs_phase2w	23	50	49	49	0	98.0	98.0	-0.008186380378901958	-0.047495096921920776
best250_vs_phase2w	364	50	50	50	0	100.0	100.0	-0.008103298023343086	-0.1297532618045807
best250_vs_phase2w	276	50	47	47	0	94.0	94.0	-0.008035936392843723	-0.051531173288822174
best250_vs_phase2w	554	50	49	49	0	98.0	98.0	-0.007980206049978733	-0.08556072413921356
best250_vs_phase2w	337	50	41	41	0	82.0	82.0	-0.007943629287183285	-0.027453670278191566
best250_vs_phase2w	91	50	46	46	0	92.0	92.0	-0.007790419273078442	-0.09924625605344772
best250_vs_phase2w	20	50	44	44	0	88.0	88.0	-0.0076994262635707855	-0.0697244256734848
best250_vs_phase2w	904	50	33	33	0	66.0	66.0	-0.00768259959295392	-0.05045110732316971
best250_vs_phase2w	168	50	44	44	0	88.0	88.0	-0.007664558943361044	-0.07308666408061981
best250_vs_phase2w	591	50	40	40	0	80.0	80.0	-0.007649353705346584	0.023283205926418304
best250_vs_phase2w	509	50	32	32	0	64.0	64.0	-0.007603422272950411	0.05146494880318642
best250_vs_phase2w	858	50	40	40	0	80.0	80.0	-0.007567712105810642	-0.07206297665834427
best250_vs_phase2w	850	50	44	44	0	88.0	88.0	-0.007524826563894749	-0.03099967911839485
best250_vs_phase2w	833	50	43	43	0	86.0	86.0	-0.007477606646716595	-0.07984569668769836
best250_vs_phase2w	375	50	45	45	0	90.0	90.0	-0.007432274986058474	-0.0436459556221962
best250_vs_phase2w	832	50	46	46	0	92.0	92.0	-0.0072476607747375965	-0.043656691908836365
best250_vs_phase2w	521	50	44	44	0	88.0	88.0	-0.007245305925607681	-0.04062332957983017
best250_vs_phase2w	150	50	47	47	0	94.0	94.0	-0.007102857809513807	-0.0645986944437027
best250_vs_phase2w	881	50	42	42	0	84.0	84.0	-0.007100334390997887	-0.006569004151970148
best250_vs_phase2w	497	50	36	36	0	72.0	72.0	-0.007078275550156832	-0.013314571231603622
best250_vs_phase2w	517	50	42	42	0	84.0	84.0	-0.007015010342001915	0.03386804461479187
best250_vs_phase2w	980	50	44	44	0	88.0	88.0	-0.006952621974050999	-0.033837661147117615
best250_vs_phase2w	800	50	47	47	0	94.0	94.0	-0.006776554509997368	-0.08082740008831024
best250_vs_phase2w	561	50	47	47	0	94.0	94.0	-0.006719586905092001	-0.04020944610238075
best250_vs_phase2w	974	50	48	48	0	96.0	96.0	-0.006501548457890749	-0.029195336624979973
best250_vs_phase2w	777	50	43	43	0	86.0	86.0	-0.006485730409622192	-0.07232539355754852
best250_vs_phase2w	940	50	46	46	0	92.0	92.0	-0.0063543315045535564	-0.03445703536272049
best250_vs_phase2w	552	50	45	45	0	90.0	90.0	-0.00629854341968894	-0.029454879462718964
best250_vs_phase2w	461	50	27	27	0	54.0	54.0	-0.006284734699875116	-0.02322608046233654
best250_vs_phase2w	471	50	45	45	0	90.0	90.0	-0.006245903205126524	-0.11149528622627258
best250_vs_phase2w	625	50	47	47	0	94.0	94.0	-0.0061950827948749065	0.006746435072273016
best250_vs_phase2w	829	50	46	46	0	92.0	92.0	-0.006139386910945177	-0.037202492356300354
best250_vs_phase2w	920	50	41	41	0	82.0	82.0	-0.006100791040807962	-0.033472079783678055
best250_vs_phase2w	571	50	46	46	0	92.0	92.0	-0.005955117754638195	-0.05401613190770149
best250_vs_phase2w	247	50	47	47	0	94.0	94.0	-0.005870791617780924	-0.05621492490172386
best250_vs_phase2w	874	50	50	50	0	100.0	100.0	-0.005688787903636694	-0.029190540313720703
best250_vs_phase2w	954	50	45	45	0	90.0	90.0	-0.005583742167800665	-0.012688103131949902
best250_vs_phase2w	648	50	33	33	0	66.0	66.0	-0.005527452100068331	-0.05500352010130882
best250_vs_phase2w	597	50	37	37	0	74.0	74.0	-0.005505159962922335	-0.06482566893100739
best250_vs_phase2w	549	50	30	30	0	60.0	60.0	-0.0054019903764128685	-0.004570426885038614
best250_vs_phase2w	169	50	49	49	0	98.0	98.0	-0.005329902283847332	-0.029895057901740074
best250_vs_phase2w	952	50	46	46	0	92.0	92.0	-0.005314332898706198	-0.01808776892721653
best250_vs_phase2w	883	50	27	27	0	54.0	54.0	-0.005312460474669933	-0.12217099964618683
best250_vs_phase2w	806	50	34	34	0	68.0	68.0	-0.005213884636759758	-0.05968201532959938
best250_vs_phase2w	581	50	41	41	0	82.0	82.0	-0.005160536151379347	-0.015379514545202255
best250_vs_phase2w	15	50	48	48	0	96.0	96.0	-0.005153998266905546	-0.012606334872543812
best250_vs_phase2w	131	50	43	43	0	86.0	86.0	-0.005089728627353907	-0.030781030654907227
best250_vs_phase2w	86	50	44	44	0	88.0	88.0	-0.005085468757897615	-0.03508642315864563
best250_vs_phase2w	373	50	41	41	0	82.0	82.0	-0.005061378702521324	-0.04997267574071884
best250_vs_phase2w	941	50	40	40	0	80.0	80.0	-0.004996916279196739	0.02053878828883171
best250_vs_phase2w	460	50	36	36	0	72.0	72.0	-0.004991511348634958	-0.005319547839462757
best250_vs_phase2w	991	50	49	49	0	98.0	98.0	-0.004958436358720064	-0.042500000447034836
best250_vs_phase2w	82	50	43	43	0	86.0	86.0	-0.004943752195686102	0.022618504241108894
best250_vs_phase2w	137	50	43	43	0	86.0	86.0	-0.004940136801451445	-0.010641098022460938
best250_vs_phase2w	658	50	36	36	0	72.0	72.0	-0.004876637365669012	-0.02632169798016548
best250_vs_phase2w	855	50	38	38	0	76.0	76.0	-0.00486182514578104	-0.03888777643442154
best250_vs_phase2w	783	50	49	49	0	98.0	98.0	-0.004825587850064039	-0.00976356491446495
best250_vs_phase2w	40	50	32	32	0	64.0	64.0	-0.004756613168865442	-0.024374989792704582
best250_vs_phase2w	575	50	42	42	0	84.0	84.0	-0.004750033840537071	-0.07464316487312317
best250_vs_phase2w	724	50	42	42	0	84.0	84.0	-0.004598944913595915	-0.03254100680351257
best250_vs_phase2w	484	50	34	34	0	68.0	68.0	-0.00436745397746563	-0.006102132610976696
best250_vs_phase2w	295	50	45	45	0	90.0	90.0	-0.004358387086540461	0.02013683319091797
best250_vs_phase2w	773	50	34	34	0	68.0	68.0	-0.004335079342126846	-0.04371919482946396
best250_vs_phase2w	45	50	43	43	0	86.0	86.0	-0.0043069650419056416	0.013261061161756516
best250_vs_phase2w	215	50	49	49	0	98.0	98.0	-0.004294196143746376	0.011371889151632786
best250_vs_phase2w	628	50	47	47	0	94.0	94.0	-0.004233806859701872	-0.023145942017436028
best250_vs_phase2w	144	50	48	48	0	96.0	96.0	-0.004214406479150057	-0.032364245504140854
best250_vs_phase2w	344	50	49	49	0	98.0	98.0	-0.004182118456810713	-0.03491588681936264
best250_vs_phase2w	251	50	49	49	0	98.0	98.0	-0.004102848004549742	-0.05298200622200966
best250_vs_phase2w	119	50	38	38	0	76.0	76.0	-0.004082927014678717	-0.07538729906082153
best250_vs_phase2w	847	50	39	39	0	78.0	78.0	-0.004061332903802395	-0.018913736566901207
best250_vs_phase2w	277	50	34	34	0	68.0	68.0	-0.004053134471178055	0.01821674406528473
best250_vs_phase2w	900	50	48	48	0	96.0	96.0	-0.003917044494301081	-0.014254541136324406
best250_vs_phase2w	273	50	40	40	0	80.0	80.0	-0.003867006627842784	-0.032868776470422745
best250_vs_phase2w	514	50	38	38	0	76.0	76.0	-0.0038595222868025303	-0.00785805657505989
best250_vs_phase2w	170	50	35	35	0	70.0	70.0	-0.0038015274330973625	-0.06045980378985405
best250_vs_phase2w	320	50	45	45	0	90.0	90.0	-0.0037141270004212856	-0.020625000819563866
best250_vs_phase2w	902	50	42	42	0	84.0	84.0	-0.0036944840103387833	-0.0021678924094885588
best250_vs_phase2w	771	50	45	45	0	90.0	90.0	-0.0036148286890238523	-0.05680463835597038
best250_vs_phase2w	396	50	48	48	0	96.0	96.0	-0.00356883998028934	-0.028579730540513992
best250_vs_phase2w	475	50	47	47	0	94.0	94.0	-0.0035619514528661966	0.008245926350355148
best250_vs_phase2w	886	50	47	47	0	94.0	94.0	-0.0035340809263288975	-0.04229150712490082
best250_vs_phase2w	752	50	42	42	0	84.0	84.0	-0.003517172299325466	-0.01200794242322445
best250_vs_phase2w	350	50	48	48	0	96.0	96.0	-0.003452820237725973	0.013166818767786026
best250_vs_phase2w	934	50	46	46	0	92.0	92.0	-0.0032763583585619926	-0.016800345852971077
best250_vs_phase2w	456	50	41	41	0	82.0	82.0	-0.0032578930258750916	-0.02506057731807232
best250_vs_phase2w	601	50	39	39	0	78.0	78.0	-0.003245650790631771	-0.04933176934719086
best250_vs_phase2w	267	50	43	43	0	86.0	86.0	-0.003240748308598995	0.0010267257457599044
best250_vs_phase2w	221	50	45	45	0	90.0	90.0	-0.003238071221858263	-0.0032271479722112417
best250_vs_phase2w	538	50	39	39	0	78.0	78.0	-0.00320562906563282	-0.06027005985379219
best250_vs_phase2w	318	50	43	43	0	86.0	86.0	-0.0031969540286809206	0.022525377571582794
best250_vs_phase2w	957	50	47	47	0	94.0	94.0	-0.003132353536784649	-0.022136449813842773
best250_vs_phase2w	745	50	36	36	0	72.0	72.0	-0.0031238833907991648	-0.09182783961296082
best250_vs_phase2w	429	50	42	42	0	84.0	84.0	-0.003120455192402005	-0.0053028203547000885
best250_vs_phase2w	212	50	45	45	0	90.0	90.0	-0.003009338164702058	-0.022031145170331
best250_vs_phase2w	860	50	23	23	0	46.0	46.0	-0.0030056184623390436	-0.07318445295095444
best250_vs_phase2w	369	50	41	41	0	82.0	82.0	-0.0029751532711088657	-0.04529893025755882
best250_vs_phase2w	518	50	48	48	0	96.0	96.0	-0.002931541297584772	-0.01721765473484993
best250_vs_phase2w	734	50	44	44	0	88.0	88.0	-0.0028918790630996227	0.007245921995490789
best250_vs_phase2w	397	50	46	46	0	92.0	92.0	-0.002800830639898777	-0.015362109988927841
best250_vs_phase2w	450	50	48	48	0	96.0	96.0	-0.002785732503980398	-0.04919233173131943
best250_vs_phase2w	340	50	48	48	0	96.0	96.0	-0.0027537099085748196	-0.029746104031801224
best250_vs_phase2w	228	50	46	46	0	92.0	92.0	-0.0027222551871091127	-0.05689637362957001
best250_vs_phase2w	539	50	39	39	0	78.0	78.0	-0.0026694268453866243	0.0008430004236288369
best250_vs_phase2w	812	50	48	48	0	96.0	96.0	-0.0026518029626458883	-0.05838751792907715
best250_vs_phase2w	816	50	48	48	0	96.0	96.0	-0.0026054317131638527	-0.07772517949342728
best250_vs_phase2w	37	50	45	45	0	90.0	90.0	-0.0025514450389891863	-0.022083483636379242
best250_vs_phase2w	143	50	49	49	0	98.0	98.0	-0.0025494673755019903	-0.021276483312249184
best250_vs_phase2w	599	50	40	40	0	80.0	80.0	-0.002538342261686921	0.018595857545733452
best250_vs_phase2w	255	50	50	50	0	100.0	100.0	-0.0024800586979836226	0.01832893304526806
best250_vs_phase2w	219	50	43	43	0	86.0	86.0	-0.002479693852365017	-0.022049302235245705
best250_vs_phase2w	392	50	49	49	0	98.0	98.0	-0.0024099356960505247	-0.026836032047867775
best250_vs_phase2w	19	50	50	50	0	100.0	100.0	-0.002371683018282056	-0.02636159025132656
best250_vs_phase2w	419	50	43	43	0	86.0	86.0	-0.0022718673571944237	-0.05554882064461708
best250_vs_phase2w	569	50	48	48	0	96.0	96.0	-0.002216358669102192	-0.072144515812397
best250_vs_phase2w	387	50	47	47	0	94.0	94.0	-0.002195492386817932	-0.03550577163696289
best250_vs_phase2w	711	50	38	38	0	76.0	76.0	-0.002173725748434663	-0.0013522339286282659
best250_vs_phase2w	105	50	46	46	0	92.0	92.0	-0.0021185874938964844	0.03719715029001236
best250_vs_phase2w	434	50	30	30	0	60.0	60.0	-0.002102453028783202	0.004842896480113268
best250_vs_phase2w	590	50	27	27	0	54.0	54.0	-0.002089020097628236	0.017256993800401688
best250_vs_phase2w	89	50	49	49	0	98.0	98.0	-0.0020614711102098227	0.006223335396498442
best250_vs_phase2w	156	50	47	47	0	94.0	94.0	-0.0020481706596910954	0.01588616333901882
best250_vs_phase2w	194	50	42	42	0	84.0	84.0	-0.002025797264650464	-0.026919327676296234
best250_vs_phase2w	770	50	42	42	0	84.0	84.0	-0.002016053767874837	-0.02481006644666195
best250_vs_phase2w	388	50	47	47	0	94.0	94.0	-0.0020046541467309	-0.030052080750465393
best250_vs_phase2w	96	50	46	46	0	92.0	92.0	-0.001853428315371275	-0.0357901006937027
best250_vs_phase2w	148	50	50	50	0	100.0	100.0	-0.001851844834163785	-0.019772863015532494
best250_vs_phase2w	965	50	43	43	0	86.0	86.0	-0.0018427282338961959	0.0582871250808239
best250_vs_phase2w	955	50	49	49	0	98.0	98.0	-0.001842472585849464	-0.016140442341566086
best250_vs_phase2w	309	50	43	43	0	86.0	86.0	-0.0018300330266356468	-0.04018480330705643
best250_vs_phase2w	11	50	49	49	0	98.0	98.0	-0.001827946281991899	-0.022412290796637535
best250_vs_phase2w	133	50	48	48	0	96.0	96.0	-0.0018016737885773182	0.05949448421597481
best250_vs_phase2w	401	50	45	45	0	90.0	90.0	-0.0017814418533816934	-0.0012101554311811924
best250_vs_phase2w	79	50	43	43	0	86.0	86.0	-0.0017690786626189947	-0.013152151368558407
best250_vs_phase2w	141	50	46	46	0	92.0	92.0	-0.0016507761320099235	0.016406117007136345
best250_vs_phase2w	342	50	45	45	0	90.0	90.0	-0.0016450346447527409	0.004158439580351114
best250_vs_phase2w	687	50	45	45	0	90.0	90.0	-0.0016149267321452498	-0.005908832419663668
best250_vs_phase2w	104	50	45	45	0	90.0	90.0	-0.0016071186400949955	0.039989374577999115
best250_vs_phase2w	345	50	32	32	0	64.0	64.0	-0.0016065328381955624	-0.05097310245037079
best250_vs_phase2w	766	50	44	44	0	88.0	88.0	-0.0015918305143713951	-0.044794607907533646
best250_vs_phase2w	932	50	42	42	0	84.0	84.0	-0.0015236278995871544	0.016480540856719017
best250_vs_phase2w	310	50	40	40	0	80.0	80.0	-0.001507322769612074	-0.03396877273917198
best250_vs_phase2w	531	50	30	30	0	60.0	60.0	-0.0014341255882754922	-0.010193080641329288
best250_vs_phase2w	478	50	29	29	0	58.0	58.0	-0.0014225837076082826	-0.055462636053562164
best250_vs_phase2w	726	50	46	46	0	92.0	92.0	-0.0014009160222485662	0.040798261761665344
best250_vs_phase2w	452	50	38	38	0	76.0	76.0	-0.001394116086885333	0.09603122621774673
best250_vs_phase2w	123	50	43	43	0	86.0	86.0	-0.0013875241857022047	0.008082776330411434
best250_vs_phase2w	737	50	34	34	0	68.0	68.0	-0.0013409756356850266	-0.021740607917308807
best250_vs_phase2w	447	50	33	33	0	66.0	66.0	-0.0013384497724473476	0.06548111140727997
best250_vs_phase2w	402	50	31	31	0	62.0	62.0	-0.001289280829951167	-0.029871176928281784
best250_vs_phase2w	85	50	47	47	0	94.0	94.0	-0.0012556941946968436	0.01995999366044998
best250_vs_phase2w	98	50	47	47	0	94.0	94.0	-0.0012488099746406078	0.061928778886795044
best250_vs_phase2w	14	50	49	49	0	98.0	98.0	-0.0012200523633509874	-0.004641856998205185
best250_vs_phase2w	372	50	47	47	0	94.0	94.0	-0.0012109740637242794	0.01404279749840498
best250_vs_phase2w	292	50	48	48	0	96.0	96.0	-0.0012055381666868925	-0.035170480608940125
best250_vs_phase2w	493	50	15	15	0	30.0	30.0	-0.001190007897093892	-0.02321632392704487
best250_vs_phase2w	496	50	47	47	0	94.0	94.0	-0.0011845567496493459	0.019588060677051544
best250_vs_phase2w	284	50	48	48	0	96.0	96.0	-0.001077021355740726	-0.027221612632274628
best250_vs_phase2w	31	50	46	46	0	92.0	92.0	-0.0010561143280938268	-0.045812465250492096
best250_vs_phase2w	528	50	48	48	0	96.0	96.0	-0.001042319810949266	-0.03968749940395355
best250_vs_phase2w	574	50	47	47	0	94.0	94.0	-0.0009844005107879639	-0.02164345793426037
best250_vs_phase2w	220	50	36	36	0	72.0	72.0	-0.0009816921083256602	-0.016192426905035973
best250_vs_phase2w	943	50	37	37	0	74.0	74.0	-0.000881220621522516	0.03309278562664986
best250_vs_phase2w	899	50	17	17	0	34.0	34.0	-0.000758312875404954	-0.005535411648452282
best250_vs_phase2w	430	50	49	49	0	98.0	98.0	-0.0007175889331847429	-0.03252642601728439
best250_vs_phase2w	191	50	44	44	0	88.0	88.0	-0.0007096946355886757	-0.017422284930944443
best250_vs_phase2w	901	50	34	34	0	68.0	68.0	-0.0007006762898527086	0.019936751574277878
best250_vs_phase2w	362	50	44	44	0	88.0	88.0	-0.000631092581897974	-0.016406260430812836
best250_vs_phase2w	735	50	34	34	0	68.0	68.0	-0.0005759462947025895	-0.028096064925193787
best250_vs_phase2w	897	50	45	45	0	90.0	90.0	-0.000549753662198782	-0.04303790256381035
best250_vs_phase2w	776	50	37	37	0	74.0	74.0	-0.0004977059434168041	0.019777031615376472
best250_vs_phase2w	92	50	49	49	0	98.0	98.0	-0.0004960680962540209	-0.06728996336460114
best250_vs_phase2w	462	50	37	37	0	74.0	74.0	-0.00028525679954327643	-0.01512518897652626
best250_vs_phase2w	114	50	42	42	0	84.0	84.0	-0.0002500095870345831	-0.02249167487025261
best250_vs_phase2w	99	50	44	44	0	88.0	88.0	-0.0002358618366997689	0.09142506867647171
best250_vs_phase2w	610	50	45	45	0	90.0	90.0	-0.00020985469745937735	0.007796039804816246
best250_vs_phase2w	998	50	25	25	0	50.0	50.0	-0.0001708126801531762	0.03348039463162422
best250_vs_phase2w	333	50	50	50	0	100.0	100.0	-0.0001668047916609794	-0.04029102250933647
best250_vs_phase2w	565	50	50	50	0	100.0	100.0	-0.0001412892306689173	-0.01609417051076889
best250_vs_phase2w	947	50	21	21	0	42.0	42.0	-0.00013435892469715327	0.006562509573996067
best250_vs_phase2w	41	50	47	47	0	94.0	94.0	-0.000128039566334337	0.018729181960225105
best250_vs_phase2w	677	50	36	36	0	72.0	72.0	-0.00012187898391857743	0.00211022375151515
best250_vs_phase2w	426	50	45	45	0	90.0	90.0	-0.00010308549099136144	-0.01691853441298008
best250_vs_phase2w	302	50	35	35	0	70.0	70.0	-8.703053026692942e-05	-0.008497076109051704
best250_vs_phase2w	550	50	40	40	0	80.0	80.0	-7.333308167289943e-05	0.053339529782533646
best250_vs_phase2w	547	50	46	46	0	92.0	92.0	3.3063068258343264e-05	-0.011875019408762455
best250_vs_phase2w	992	50	43	43	0	86.0	86.0	0.00017677192226983607	-0.014675435610115528
best250_vs_phase2w	939	50	42	42	0	84.0	84.0	0.0001848166430136189	0.00651145912706852
best250_vs_phase2w	304	50	36	36	0	72.0	72.0	0.00029247612110339105	-0.025870027020573616
best250_vs_phase2w	209	50	48	48	0	96.0	96.0	0.00029887244454585016	-0.021433142945170403
best250_vs_phase2w	305	50	44	44	0	88.0	88.0	0.00030767335556447506	-0.051665835082530975
best250_vs_phase2w	835	50	42	42	0	84.0	84.0	0.00031858429429121315	0.09474574774503708
best250_vs_phase2w	287	50	38	38	0	76.0	76.0	0.0003256627533119172	-0.007612790912389755
best250_vs_phase2w	94	50	48	48	0	96.0	96.0	0.00036259263288229704	-0.03450328856706619
best250_vs_phase2w	685	50	48	48	0	96.0	96.0	0.00048798092757351696	0.02304784767329693
best250_vs_phase2w	35	50	34	34	0	68.0	68.0	0.0005048775929026306	0.004637813661247492
best250_vs_phase2w	226	50	31	31	0	62.0	62.0	0.000522490416187793	-0.01746215857565403
best250_vs_phase2w	330	50	40	40	0	80.0	80.0	0.0005502420826815069	-0.0162642952054739
best250_vs_phase2w	22	50	50	50	0	100.0	100.0	0.000645400898065418	0.041911352425813675
best250_vs_phase2w	753	50	41	41	0	82.0	82.0	0.0006930037052370608	0.042146310210227966
best250_vs_phase2w	100	50	49	49	0	98.0	98.0	0.0007161842077039182	0.004788045771420002
best250_vs_phase2w	268	50	46	46	0	92.0	92.0	0.0007594740600325167	0.010088234208524227
best250_vs_phase2w	443	50	37	37	0	74.0	74.0	0.0007658717804588377	0.022851724177598953
best250_vs_phase2w	26	50	31	31	0	62.0	62.0	0.0007916952599771321	0.04075589030981064
best250_vs_phase2w	80	50	44	44	0	88.0	88.0	0.0008044946007430553	0.023493042215704918
best250_vs_phase2w	346	50	45	45	0	90.0	90.0	0.0008853684412315488	0.048047445714473724
best250_vs_phase2w	48	50	48	48	0	96.0	96.0	0.0008965477463789284	0.06167389079928398
best250_vs_phase2w	863	50	48	48	0	96.0	96.0	0.0009268322610296309	-0.013125019147992134
best250_vs_phase2w	398	50	43	43	0	86.0	86.0	0.0010528855491429567	-0.0150460721924901
best250_vs_phase2w	566	50	41	41	0	82.0	82.0	0.0010766343912109733	0.01644417829811573
best250_vs_phase2w	451	50	42	42	0	84.0	84.0	0.0011508227325975895	0.04643378406763077
best250_vs_phase2w	477	50	38	38	0	76.0	76.0	0.0011751470156013966	-0.052154283970594406
best250_vs_phase2w	6	50	46	46	0	92.0	92.0	0.0012301006354391575	0.05964185670018196
best250_vs_phase2w	275	50	50	50	0	100.0	100.0	0.001230336376465857	0.034687500447034836
best250_vs_phase2w	332	50	50	50	0	100.0	100.0	0.001256317482329905	0.031140513718128204
best250_vs_phase2w	605	50	43	43	0	86.0	86.0	0.0012783380225300789	-0.01888369582593441
best250_vs_phase2w	986	50	50	50	0	100.0	100.0	0.0012817895039916039	0.02363756112754345
best250_vs_phase2w	491	50	49	49	0	98.0	98.0	0.0013037436874583364	-0.07212747633457184
best250_vs_phase2w	300	50	48	48	0	96.0	96.0	0.0013390907552093267	-0.0085019301623106
best250_vs_phase2w	663	50	34	34	0	68.0	68.0	0.0013429403770714998	0.00712819118052721
best250_vs_phase2w	545	50	44	44	0	88.0	88.0	0.0013723992742598057	-0.034612178802490234
best250_vs_phase2w	317	50	46	46	0	92.0	92.0	0.001390825374983251	-0.01451047882437706
best250_vs_phase2w	10	50	48	48	0	96.0	96.0	0.001401830348186195	0.022442998364567757
best250_vs_phase2w	838	50	26	26	0	52.0	52.0	0.00140996347181499	0.050938185304403305
best250_vs_phase2w	913	50	48	48	0	96.0	96.0	0.0014208900975063443	0.03682921454310417
best250_vs_phase2w	399	50	44	44	0	88.0	88.0	0.0014873860636726022	0.010230693966150284
best250_vs_phase2w	982	50	41	41	0	82.0	82.0	0.001654759980738163	0.01889052428305149
best250_vs_phase2w	356	50	22	22	0	44.0	44.0	0.001705839647911489	0.0033204650972038507
best250_vs_phase2w	88	50	49	49	0	98.0	98.0	0.0017257030121982098	-0.021751489490270615
best250_vs_phase2w	948	50	47	47	0	94.0	94.0	0.00173617631662637	0.012855472974479198
best250_vs_phase2w	701	50	48	48	0	96.0	96.0	0.001750150346197188	0.036698903888463974
best250_vs_phase2w	190	50	45	45	0	90.0	90.0	0.001759844133630395	0.0276542566716671
best250_vs_phase2w	693	50	40	40	0	80.0	80.0	0.0017716657603159547	0.06618449836969376
best250_vs_phase2w	252	50	44	44	0	88.0	88.0	0.0017944553401321173	-0.0011316585587337613
best250_vs_phase2w	274	50	47	47	0	94.0	94.0	0.0018493212992325425	0.058391742408275604
best250_vs_phase2w	479	50	22	22	0	44.0	44.0	0.0018508557695895433	-0.04216316342353821
best250_vs_phase2w	324	50	48	48	0	96.0	96.0	0.001878581359051168	0.06273354589939117
best250_vs_phase2w	261	50	48	48	0	96.0	96.0	0.001898207701742649	0.016437597572803497
best250_vs_phase2w	440	50	42	42	0	84.0	84.0	0.0019533231388777494	0.010135612450540066
best250_vs_phase2w	606	50	47	47	0	94.0	94.0	0.001959320390596986	0.030026674270629883
best250_vs_phase2w	485	50	35	35	0	70.0	70.0	0.001962580718100071	-0.025374222546815872
best250_vs_phase2w	645	50	50	50	0	100.0	100.0	0.0019648682791739702	-0.007700243033468723
best250_vs_phase2w	968	50	25	25	0	50.0	50.0	0.0020238503348082304	0.07130922377109528
best250_vs_phase2w	246	50	41	41	0	82.0	82.0	0.002041029976680875	-0.028542079031467438
best250_vs_phase2w	444	50	44	44	0	88.0	88.0	0.0020804451778531075	0.032870568335056305
best250_vs_phase2w	116	50	45	45	0	90.0	90.0	0.0021279652137309313	0.029729118570685387
best250_vs_phase2w	564	50	44	44	0	88.0	88.0	0.002194748492911458	-0.012812605127692223
best250_vs_phase2w	78	50	39	39	0	78.0	78.0	0.002197450492531061	-0.012724743224680424
best250_vs_phase2w	696	50	41	41	0	82.0	82.0	0.0022270171903073788	0.04974287003278732
best250_vs_phase2w	425	50	47	47	0	94.0	94.0	0.002254169899970293	0.03493276610970497
best250_vs_phase2w	185	50	34	34	0	68.0	68.0	0.0023050825111567974	-0.023821478709578514
best250_vs_phase2w	867	50	45	45	0	90.0	90.0	0.002314824378117919	0.011388082057237625
best250_vs_phase2w	937	50	46	46	0	92.0	92.0	0.0023474819026887417	0.03218669816851616
best250_vs_phase2w	532	50	41	41	0	82.0	82.0	0.00239187921397388	0.004614744335412979
best250_vs_phase2w	174	50	45	45	0	90.0	90.0	0.002435504924505949	0.018102694302797318
best250_vs_phase2w	958	50	47	47	0	94.0	94.0	0.002460280666127801	0.0241907499730587
best250_vs_phase2w	959	50	45	45	0	90.0	90.0	0.0024602848570793867	-0.03498728573322296
best250_vs_phase2w	368	50	41	41	0	82.0	82.0	0.0024682963266968727	0.011102523654699326
best250_vs_phase2w	692	50	30	30	0	60.0	60.0	0.0025807940401136875	0.006956920493394136
best250_vs_phase2w	482	50	13	13	0	26.0	26.0	0.002602902241051197	-0.022343987599015236
best250_vs_phase2w	72	50	48	48	0	96.0	96.0	0.0026115798391401768	-0.00024501801817677915
best250_vs_phase2w	389	50	43	43	0	86.0	86.0	0.0026393928565084934	0.011806650087237358
best250_vs_phase2w	127	50	46	46	0	92.0	92.0	0.002660233061760664	0.05663001909852028
best250_vs_phase2w	230	50	42	42	0	84.0	84.0	0.0027047840412706137	-0.04736504703760147
best250_vs_phase2w	18	50	48	48	0	96.0	96.0	0.002710586879402399	0.06513385474681854
best250_vs_phase2w	713	50	48	48	0	96.0	96.0	0.002757414011284709	-0.047348517924547195
best250_vs_phase2w	495	50	44	44	0	88.0	88.0	0.002830151002854109	0.0060749053955078125
best250_vs_phase2w	791	50	42	42	0	84.0	84.0	0.0028508505783975124	-0.01017788890749216
best250_vs_phase2w	145	50	49	49	0	98.0	98.0	0.0028796005062758923	0.024390334263443947
best250_vs_phase2w	130	50	49	49	0	98.0	98.0	0.0029145502485334873	0.020983152091503143
best250_vs_phase2w	488	50	17	17	0	34.0	34.0	0.00293086189776659	0.014555130153894424
best250_vs_phase2w	995	50	50	50	0	100.0	100.0	0.0029520774260163307	0.007839641533792019
best250_vs_phase2w	223	50	45	45	0	90.0	90.0	0.002964130835607648	-0.009267616085708141
best250_vs_phase2w	613	50	47	47	0	94.0	94.0	0.0030281536746770144	-0.01988811418414116
best250_vs_phase2w	562	50	47	47	0	94.0	94.0	0.0030410916078835726	0.04085655137896538
best250_vs_phase2w	708	50	31	31	0	62.0	62.0	0.003049732418730855	0.019250040873885155
best250_vs_phase2w	535	50	49	49	0	98.0	98.0	0.00306255673058331	-0.01928778737783432
best250_vs_phase2w	297	50	38	38	0	76.0	76.0	0.0030692655127495527	0.025518178939819336
best250_vs_phase2w	700	50	41	41	0	82.0	82.0	0.0031673472840338945	0.0012867068871855736
best250_vs_phase2w	746	50	46	46	0	92.0	92.0	0.003169993171468377	-0.033058300614356995
best250_vs_phase2w	248	50	27	27	0	54.0	54.0	0.00319985905662179	-0.0009651470463722944
best250_vs_phase2w	117	50	45	45	0	90.0	90.0	0.003211145056411624	-0.028973683714866638
best250_vs_phase2w	28	50	47	47	0	94.0	94.0	0.003255651332437992	0.031925275921821594
best250_vs_phase2w	281	50	38	38	0	76.0	76.0	0.0032783232163637877	-0.027653560042381287
best250_vs_phase2w	7	50	38	38	0	76.0	76.0	0.0032925247214734554	0.0026185130700469017
best250_vs_phase2w	355	50	48	48	0	96.0	96.0	0.003331067506223917	0.12604428827762604
best250_vs_phase2w	325	50	49	49	0	98.0	98.0	0.003340349765494466	-0.029374999925494194
best250_vs_phase2w	572	50	36	36	0	72.0	72.0	0.0034477426670491695	-0.0007539939833804965
best250_vs_phase2w	322	50	47	47	0	94.0	94.0	0.003505212953314185	-0.009160032495856285
best250_vs_phase2w	60	50	26	26	0	52.0	52.0	0.0035528000444173813	-0.03581234812736511
best250_vs_phase2w	152	50	42	42	0	84.0	84.0	0.003597126342356205	0.05216081440448761
best250_vs_phase2w	203	50	47	47	0	94.0	94.0	0.003598026931285858	0.024981947615742683
best250_vs_phase2w	87	50	49	49	0	98.0	98.0	0.0036246308591216803	0.04174310714006424
best250_vs_phase2w	113	50	44	44	0	88.0	88.0	0.0037503703497350216	0.014576387591660023
best250_vs_phase2w	675	50	29	29	0	58.0	58.0	0.0037550318520516157	0.03336971253156662
best250_vs_phase2w	197	50	43	43	0	86.0	86.0	0.003816933138296008	0.057924557477235794
best250_vs_phase2w	854	50	44	44	0	88.0	88.0	0.0038173324428498745	0.018997278064489365
best250_vs_phase2w	993	50	49	49	0	98.0	98.0	0.0038392681162804365	0.03295125067234039
best250_vs_phase2w	950	50	39	39	0	78.0	78.0	0.003839924233034253	0.0049112699925899506
best250_vs_phase2w	918	50	45	45	0	90.0	90.0	0.0038420611526817083	0.006090965121984482
best250_vs_phase2w	237	50	42	42	0	84.0	84.0	0.0038769470993429422	-0.05795242264866829
best250_vs_phase2w	647	50	44	44	0	88.0	88.0	0.0038950536400079727	-0.01098367664963007
best250_vs_phase2w	234	50	46	46	0	92.0	92.0	0.003918709699064493	0.021767405793070793
best250_vs_phase2w	684	50	45	45	0	90.0	90.0	0.0040071094408631325	0.05362698435783386
best250_vs_phase2w	262	50	49	49	0	98.0	98.0	0.004015445243567228	0.001628551515750587
best250_vs_phase2w	177	50	45	45	0	90.0	90.0	0.004035257268697023	0.027034558355808258
best250_vs_phase2w	699	50	42	42	0	84.0	84.0	0.004044819623231888	0.06158345192670822
best250_vs_phase2w	8	50	45	45	0	90.0	90.0	0.004048206377774477	0.013510103337466717
best250_vs_phase2w	384	50	47	47	0	94.0	94.0	0.004058039281517267	0.051616888493299484
best250_vs_phase2w	243	50	43	43	0	86.0	86.0	0.004132329486310482	0.017660904675722122
best250_vs_phase2w	71	50	47	47	0	94.0	94.0	0.004138550255447626	0.02185206487774849
best250_vs_phase2w	911	50	22	22	0	44.0	44.0	0.004157867282629013	-0.031242065131664276
best250_vs_phase2w	871	50	43	43	0	86.0	86.0	0.004203182645142078	-0.00032561301486566663
best250_vs_phase2w	196	50	36	36	0	72.0	72.0	0.004206191282719374	-0.03462958335876465
best250_vs_phase2w	795	50	43	43	0	86.0	86.0	0.004214596003293991	-0.0003157806349918246
best250_vs_phase2w	688	50	47	47	0	94.0	94.0	0.004267311189323664	0.008510866202414036
best250_vs_phase2w	944	50	44	44	0	88.0	88.0	0.004272596910595894	0.00536561943590641
best250_vs_phase2w	448	50	46	46	0	92.0	92.0	0.0042938669212162495	0.021425295621156693
best250_vs_phase2w	393	50	48	48	0	96.0	96.0	0.004359509330242872	0.04841272532939911
best250_vs_phase2w	476	50	49	49	0	98.0	98.0	0.004375508055090904	0.01840066909790039
best250_vs_phase2w	181	50	47	47	0	94.0	94.0	0.004405384883284569	0.06900925934314728
best250_vs_phase2w	642	50	44	44	0	88.0	88.0	0.004407316446304321	0.01937323622405529
best250_vs_phase2w	743	50	37	37	0	74.0	74.0	0.004415102768689394	0.062227390706539154
best250_vs_phase2w	560	50	48	48	0	96.0	96.0	0.004423393867909908	0.025680847465991974
best250_vs_phase2w	778	50	40	40	0	80.0	80.0	0.004465391393750906	0.06347929686307907
best250_vs_phase2w	110	50	45	45	0	90.0	90.0	0.004511386621743441	0.00031248093000613153
best250_vs_phase2w	975	50	32	32	0	64.0	64.0	0.00451378058642149	-0.04510842263698578
best250_vs_phase2w	942	50	41	41	0	82.0	82.0	0.0045194244012236595	0.0014973353827372193
best250_vs_phase2w	73	50	24	24	0	48.0	48.0	0.004529413767158985	0.0006046771886758506
best250_vs_phase2w	216	50	48	48	0	96.0	96.0	0.004542163107544184	0.047449491918087006
best250_vs_phase2w	815	50	36	36	0	72.0	72.0	0.004578732419759035	0.016246844083070755
best250_vs_phase2w	329	50	39	39	0	78.0	78.0	0.004593873396515846	0.04361210763454437
best250_vs_phase2w	139	50	50	50	0	100.0	100.0	0.004606238100677729	0.03136450797319412
best250_vs_phase2w	391	50	42	42	0	84.0	84.0	0.0046658287756145	0.09663919359445572
best250_vs_phase2w	420	50	49	49	0	98.0	98.0	0.004695656709372997	0.07469143718481064
best250_vs_phase2w	973	50	38	38	0	76.0	76.0	0.004756355658173561	0.0026980401016771793
best250_vs_phase2w	13	50	50	50	0	100.0	100.0	0.004768713843077421	0.012731160968542099
best250_vs_phase2w	508	50	39	39	0	78.0	78.0	0.004773529712110758	-0.02326425537467003
best250_vs_phase2w	260	50	45	45	0	90.0	90.0	0.004799791611731052	0.023577546700835228
best250_vs_phase2w	259	50	48	48	0	96.0	96.0	0.00487655121833086	0.008867263793945312
best250_vs_phase2w	308	50	44	44	0	88.0	88.0	0.00501950504258275	0.07065470516681671
best250_vs_phase2w	929	50	42	42	0	84.0	84.0	0.0050236983224749565	0.024372901767492294
best250_vs_phase2w	291	50	50	50	0	100.0	100.0	0.005097243934869766	0.01921646110713482
best250_vs_phase2w	25	50	49	49	0	98.0	98.0	0.005120614543557167	-0.0021875095553696156
best250_vs_phase2w	989	50	50	50	0	100.0	100.0	0.005166155751794577	0.009043511934578419
best250_vs_phase2w	788	50	47	47	0	94.0	94.0	0.005176232662051916	0.030485840514302254
best250_vs_phase2w	163	50	29	29	0	58.0	58.0	0.005229202099144459	0.020863456651568413
best250_vs_phase2w	95	50	48	48	0	96.0	96.0	0.005231616552919149	0.02187664993107319
best250_vs_phase2w	499	50	26	26	0	52.0	52.0	0.005243357270956039	0.044751834124326706
best250_vs_phase2w	744	50	19	19	0	38.0	38.0	0.005289523396641016	0.033151283860206604
best250_vs_phase2w	680	50	41	41	0	82.0	82.0	0.005351388826966286	0.04697975143790245
best250_vs_phase2w	236	50	40	40	0	80.0	80.0	0.005432158708572388	-0.008944978937506676
best250_vs_phase2w	371	50	35	35	0	70.0	70.0	0.005480552092194557	0.017500000074505806
best250_vs_phase2w	83	50	48	48	0	96.0	96.0	0.005505597684532404	-0.0039451029151678085
best250_vs_phase2w	785	50	46	46	0	92.0	92.0	0.005508987698704004	0.0658395066857338
best250_vs_phase2w	376	50	50	50	0	100.0	100.0	0.0055680954828858376	0.03008374199271202
best250_vs_phase2w	307	50	43	43	0	86.0	86.0	0.005573200527578592	0.06476200371980667
best250_vs_phase2w	506	50	39	39	0	78.0	78.0	0.00557919405400753	0.02138613723218441
best250_vs_phase2w	906	50	18	18	0	36.0	36.0	0.005605006590485573	-0.018345823511481285
best250_vs_phase2w	828	50	33	33	0	66.0	66.0	0.005617301445454359	0.022871769964694977
best250_vs_phase2w	615	50	40	40	0	80.0	80.0	0.0056580291129648685	0.11365794390439987
best250_vs_phase2w	38	50	46	46	0	92.0	92.0	0.005751687102019787	0.045551519840955734
best250_vs_phase2w	327	50	45	45	0	90.0	90.0	0.0057963109575212	0.0013414002023637295
best250_vs_phase2w	779	50	49	49	0	98.0	98.0	0.005797550082206726	0.0841817557811737
best250_vs_phase2w	727	50	45	45	0	90.0	90.0	0.005830449052155018	0.05027725175023079
best250_vs_phase2w	44	50	37	37	0	74.0	74.0	0.005894077010452747	0.008041953667998314
best250_vs_phase2w	258	50	49	49	0	98.0	98.0	0.005969615653157234	0.04405169561505318
best250_vs_phase2w	378	50	45	45	0	90.0	90.0	0.006003720220178366	0.034501105546951294
best250_vs_phase2w	984	50	48	48	0	96.0	96.0	0.006049805320799351	0.043913982808589935
best250_vs_phase2w	820	50	49	49	0	98.0	98.0	0.006104608066380024	-0.004364919848740101
best250_vs_phase2w	576	50	49	49	0	98.0	98.0	0.006110794376581907	0.04242682456970215
best250_vs_phase2w	725	50	28	28	0	56.0	56.0	0.006172216031700373	0.062415048480033875
best250_vs_phase2w	365	50	46	46	0	92.0	92.0	0.006251304876059294	0.05496983602643013
best250_vs_phase2w	878	50	44	44	0	88.0	88.0	0.006253217346966267	0.02187499962747097
best250_vs_phase2w	120	50	37	37	0	74.0	74.0	0.00629835482686758	0.04011700674891472
best250_vs_phase2w	607	50	49	49	0	98.0	98.0	0.006302081514149904	0.09668029099702835
best250_vs_phase2w	600	50	20	20	0	40.0	40.0	0.006391801871359348	0.013775024563074112
best250_vs_phase2w	0	50	49	49	0	98.0	98.0	0.0064145708456635475	0.030212277546525
best250_vs_phase2w	42	50	42	42	0	84.0	84.0	0.0064157042652368546	0.06977578997612
best250_vs_phase2w	343	50	48	48	0	96.0	96.0	0.006508783902972937	0.03125
best250_vs_phase2w	69	50	49	49	0	98.0	98.0	0.006531459279358387	0.07129421830177307
best250_vs_phase2w	910	50	39	39	0	78.0	78.0	0.0065613710321486	0.04044859856367111
best250_vs_phase2w	140	50	47	47	0	94.0	94.0	0.006586615927517414	0.030142974108457565
best250_vs_phase2w	224	50	39	39	0	78.0	78.0	0.0065892720595002174	0.09019016474485397
best250_vs_phase2w	589	50	40	40	0	80.0	80.0	0.0066030980087816715	-0.004798765294253826
best250_vs_phase2w	762	50	27	27	0	54.0	54.0	0.006607643328607082	-0.030274972319602966
best250_vs_phase2w	313	50	40	40	0	80.0	80.0	0.0066140275448560715	0.09232055395841599
best250_vs_phase2w	988	50	50	50	0	100.0	100.0	0.006708651315420866	0.04597017168998718
best250_vs_phase2w	282	50	12	12	0	24.0	24.0	0.006838083267211914	-0.01920599862933159
best250_vs_phase2w	176	50	42	42	0	84.0	84.0	0.006925141904503107	0.01617884635925293
best250_vs_phase2w	380	50	32	32	0	64.0	64.0	0.006951766554266214	0.008999986574053764
best250_vs_phase2w	286	50	47	47	0	94.0	94.0	0.006972623057663441	0.06499999761581421
best250_vs_phase2w	39	50	45	45	0	90.0	90.0	0.007012675516307354	0.003980293404310942
best250_vs_phase2w	644	50	38	38	0	76.0	76.0	0.007106282282620668	0.06514988094568253
best250_vs_phase2w	157	50	48	48	0	96.0	96.0	0.007205224595963955	0.047490693628787994
best250_vs_phase2w	51	50	49	49	0	98.0	98.0	0.0072336639277637005	5.2194594900356606e-05
best250_vs_phase2w	90	50	50	50	0	100.0	100.0	0.0072885071858763695	0.09804701060056686
best250_vs_phase2w	458	50	48	48	0	96.0	96.0	0.007328420411795378	0.0573577880859375
best250_vs_phase2w	278	50	36	36	0	72.0	72.0	0.007367582991719246	0.04750003665685654
best250_vs_phase2w	126	50	40	40	0	80.0	80.0	0.0073841894045472145	0.028533630073070526
best250_vs_phase2w	326	50	49	49	0	98.0	98.0	0.007393705192953348	-0.012024154886603355
best250_vs_phase2w	723	50	47	47	0	94.0	94.0	0.007423826958984137	0.06801220774650574
best250_vs_phase2w	173	50	39	39	0	78.0	78.0	0.00743764778599143	0.07925347238779068
best250_vs_phase2w	403	50	43	43	0	86.0	86.0	0.007441285997629166	0.033250465989112854
best250_vs_phase2w	201	50	33	33	0	66.0	66.0	0.007594101596623659	-0.028227301314473152
best250_vs_phase2w	802	50	47	47	0	94.0	94.0	0.007612818386405706	0.05043933913111687
best250_vs_phase2w	951	50	40	40	0	80.0	80.0	0.007627005688846111	0.040105655789375305
best250_vs_phase2w	936	50	46	46	0	92.0	92.0	0.0076352013275027275	0.052891913801431656
best250_vs_phase2w	138	50	48	48	0	96.0	96.0	0.007686410564929247	0.048923131078481674
best250_vs_phase2w	979	50	42	42	0	84.0	84.0	0.007889863103628159	0.0046197413466870785
best250_vs_phase2w	33	50	43	43	0	86.0	86.0	0.007933293469250202	0.05566145107150078
best250_vs_phase2w	976	50	30	30	0	60.0	60.0	0.007945987395942211	0.021837931126356125
best250_vs_phase2w	994	50	45	45	0	90.0	90.0	0.007970099337399006	0.0878068134188652
best250_vs_phase2w	16	50	46	46	0	92.0	92.0	0.007984314113855362	0.0643242821097374
best250_vs_phase2w	830	50	32	32	0	64.0	64.0	0.008044566959142685	0.13391627371311188
best250_vs_phase2w	271	50	30	30	0	60.0	60.0	0.008066261187195778	0.06653139740228653
best250_vs_phase2w	719	50	47	47	0	94.0	94.0	0.008137892931699753	0.0564412958920002
best250_vs_phase2w	70	50	47	47	0	94.0	94.0	0.008165199309587479	0.09829849004745483
best250_vs_phase2w	36	50	25	25	0	50.0	50.0	0.008264943026006222	0.007097644731402397
best250_vs_phase2w	772	50	35	35	0	70.0	70.0	0.008399204351007938	0.007982006296515465
best250_vs_phase2w	115	50	48	48	0	96.0	96.0	0.008429687470197678	0.09906250238418579
best250_vs_phase2w	112	50	42	42	0	84.0	84.0	0.008604967035353184	0.050368767231702805
best250_vs_phase2w	351	50	47	47	0	94.0	94.0	0.00869562104344368	0.0426272377371788
best250_vs_phase2w	620	50	14	14	0	28.0	28.0	0.008746850304305553	0.00838142354041338
best250_vs_phase2w	714	50	40	40	0	80.0	80.0	0.00888660829514265	0.045560892671346664
best250_vs_phase2w	808	50	36	36	0	72.0	72.0	0.008894836530089378	0.003392181359231472
best250_vs_phase2w	314	50	43	43	0	86.0	86.0	0.008927729912102222	0.11927056312561035
best250_vs_phase2w	736	50	45	45	0	90.0	90.0	0.008938748389482498	0.06905005127191544
best250_vs_phase2w	408	50	38	38	0	76.0	76.0	0.009000172838568687	0.03511105477809906
best250_vs_phase2w	801	50	46	46	0	92.0	92.0	0.009022515267133713	0.009743299335241318
best250_vs_phase2w	244	50	47	47	0	94.0	94.0	0.009047710336744785	0.0758594498038292
best250_vs_phase2w	821	50	45	45	0	90.0	90.0	0.009054411202669144	0.01712346076965332
best250_vs_phase2w	588	50	36	36	0	72.0	72.0	0.009417371824383736	0.007181987632066011
best250_vs_phase2w	323	50	49	49	0	98.0	98.0	0.009455971419811249	0.027770213782787323
best250_vs_phase2w	946	50	47	47	0	94.0	94.0	0.009498522616922855	0.07459002733230591
best250_vs_phase2w	579	50	38	38	0	76.0	76.0	0.009504890069365501	0.051990680396556854
best250_vs_phase2w	207	50	47	47	0	94.0	94.0	0.009686047211289406	-0.009192590601742268
best250_vs_phase2w	804	50	34	34	0	68.0	68.0	0.009713939391076565	0.05566145107150078
best250_vs_phase2w	159	50	41	41	0	82.0	82.0	0.00977334938943386	0.10093969106674194
best250_vs_phase2w	202	50	41	41	0	82.0	82.0	0.009857170283794403	0.005711841396987438
best250_vs_phase2w	823	50	39	39	0	78.0	78.0	0.00986970029771328	0.05551706254482269
best250_vs_phase2w	256	50	46	46	0	92.0	92.0	0.009967607446014881	0.0915725827217102
best250_vs_phase2w	626	50	43	43	0	86.0	86.0	0.009990702383220196	0.054659269750118256
best250_vs_phase2w	990	50	50	50	0	100.0	100.0	0.010038568638265133	0.07879113405942917
best250_vs_phase2w	146	50	50	50	0	100.0	100.0	0.01005993876606226	0.0939544141292572
best250_vs_phase2w	525	50	40	40	0	80.0	80.0	0.010067617520689964	0.0037789535708725452
best250_vs_phase2w	449	50	47	47	0	94.0	94.0	0.01007674727588892	0.045036524534225464
best250_vs_phase2w	611	50	47	47	0	94.0	94.0	0.010079821571707726	0.0805206298828125
best250_vs_phase2w	289	50	45	45	0	90.0	90.0	0.01010641548782587	0.05062498897314072
best250_vs_phase2w	438	50	30	30	0	60.0	60.0	0.010190023109316826	0.05752085521817207
best250_vs_phase2w	761	50	41	41	0	82.0	82.0	0.01021953858435154	0.04182984307408333
best250_vs_phase2w	885	50	15	15	0	30.0	30.0	0.010416451841592789	-0.004392366390675306
best250_vs_phase2w	487	50	41	41	0	82.0	82.0	0.010441050864756107	0.06578397005796432
best250_vs_phase2w	198	50	46	46	0	92.0	92.0	0.010451650246977806	0.05312500149011612
best250_vs_phase2w	956	50	49	49	0	98.0	98.0	0.010500374250113964	0.08343511819839478
best250_vs_phase2w	662	50	37	37	0	74.0	74.0	0.010553751140832901	0.019391631707549095
best250_vs_phase2w	266	50	30	30	0	60.0	60.0	0.010625148192048073	0.057195864617824554
best250_vs_phase2w	710	50	38	38	0	76.0	76.0	0.010697245597839355	0.06130216643214226
best250_vs_phase2w	9	50	50	50	0	100.0	100.0	0.010763144120573997	0.012682800181210041
best250_vs_phase2w	933	50	48	48	0	96.0	96.0	0.01082583423703909	0.10518486797809601
best250_vs_phase2w	834	50	30	30	0	60.0	60.0	0.010938707739114761	-0.03094259276986122
best250_vs_phase2w	502	50	33	33	0	66.0	66.0	0.010951723903417587	0.02465902268886566
best250_vs_phase2w	916	50	49	49	0	98.0	98.0	0.010968361981213093	0.05934349074959755
best250_vs_phase2w	604	50	49	49	0	98.0	98.0	0.011068928055465221	0.10295656323432922
best250_vs_phase2w	301	50	47	47	0	94.0	94.0	0.011255252175033092	0.05874999985098839
best250_vs_phase2w	649	50	46	46	0	92.0	92.0	0.01130070723593235	0.06205316632986069
best250_vs_phase2w	548	50	47	47	0	94.0	94.0	0.011348548345267773	0.05060308426618576
best250_vs_phase2w	446	50	35	35	0	70.0	70.0	0.011479508131742477	0.09569535404443741
best250_vs_phase2w	66	50	31	31	0	62.0	62.0	0.011711773462593555	0.022099770605564117
best250_vs_phase2w	585	50	27	27	0	54.0	54.0	0.011821852996945381	0.06648983806371689
best250_vs_phase2w	321	50	50	50	0	100.0	100.0	0.01186938676983118	0.029384518042206764
best250_vs_phase2w	760	50	42	42	0	84.0	84.0	0.0118966493755579	0.12259881943464279
best250_vs_phase2w	927	50	48	48	0	96.0	96.0	0.012003013864159584	0.1381232589483261
best250_vs_phase2w	62	50	30	30	0	60.0	60.0	0.012117883190512657	0.04243697226047516
best250_vs_phase2w	621	50	45	45	0	90.0	90.0	0.012274021282792091	0.08028490841388702
best250_vs_phase2w	616	50	45	45	0	90.0	90.0	0.012325477786362171	-0.00493684783577919
best250_vs_phase2w	432	50	42	42	0	84.0	84.0	0.01241149939596653	0.09196048974990845
best250_vs_phase2w	740	50	25	25	0	50.0	50.0	0.012447654269635677	0.045346278697252274
best250_vs_phase2w	557	50	42	42	0	84.0	84.0	0.012486991472542286	0.03439449146389961
best250_vs_phase2w	296	50	48	48	0	96.0	96.0	0.012510107830166817	0.07723716646432877
best250_vs_phase2w	704	50	45	45	0	90.0	90.0	0.012557119131088257	0.039599351584911346
best250_vs_phase2w	707	50	43	43	0	86.0	86.0	0.012695125304162502	0.059622470289468765
best250_vs_phase2w	640	50	48	48	0	96.0	96.0	0.012815449386835098	0.12427475303411484
best250_vs_phase2w	400	50	22	22	0	44.0	44.0	0.012838952243328094	0.014010085724294186
best250_vs_phase2w	158	50	31	31	0	62.0	62.0	0.013004706241190434	0.04276766628026962
best250_vs_phase2w	232	50	44	44	0	88.0	88.0	0.01312327105551958	0.019087038934230804
best250_vs_phase2w	299	50	48	48	0	96.0	96.0	0.013314856216311455	0.08749999850988388
best250_vs_phase2w	603	50	46	46	0	92.0	92.0	0.013466913253068924	-0.010801544412970543
best250_vs_phase2w	433	50	42	42	0	84.0	84.0	0.01347825862467289	0.03242094814777374
best250_vs_phase2w	803	50	49	49	0	98.0	98.0	0.013491958379745483	0.05192491412162781
best250_vs_phase2w	983	50	46	46	0	92.0	92.0	0.013741591013967991	0.05769706889986992
best250_vs_phase2w	390	50	34	34	0	68.0	68.0	0.013791097328066826	0.058479730039834976
best250_vs_phase2w	691	50	30	30	0	60.0	60.0	0.013866475783288479	0.05691247060894966
best250_vs_phase2w	263	50	48	48	0	96.0	96.0	0.014416023157536983	0.09465008974075317
best250_vs_phase2w	541	50	27	27	0	54.0	54.0	0.01485840417444706	0.06600558012723923
best250_vs_phase2w	435	50	28	28	0	56.0	56.0	0.01577785797417164	0.06527640670537949
best250_vs_phase2w	856	50	31	31	0	62.0	62.0	0.015832874923944473	0.041287556290626526
best250_vs_phase2w	439	50	48	48	0	96.0	96.0	0.016469523310661316	0.07905469089746475
best250_vs_phase2w	981	50	42	42	0	84.0	84.0	0.017002534121274948	0.06826175004243851
best250_vs_phase2w	912	50	38	38	0	76.0	76.0	0.01731429062783718	0.04136114567518234
best250_vs_phase2w	338	50	47	47	0	94.0	94.0	0.017341917380690575	0.15381717681884766
best250_vs_phase2w	171	50	47	47	0	94.0	94.0	0.01815635710954666	0.1575024276971817
best250_vs_phase2w	853	50	47	47	0	94.0	94.0	0.018711857497692108	0.14642107486724854
best250_vs_phase2w	352	50	44	44	0	88.0	88.0	0.01882951147854328	0.08749999850988388
best250_vs_phase2w	546	50	40	40	0	80.0	80.0	0.019219761714339256	0.06912852078676224
best250_vs_phase2w	731	50	31	31	0	62.0	62.0	0.02035784162580967	0.09752504527568817
best250_vs_phase2w	705	50	30	30	0	60.0	60.0	0.021798085421323776	0.02580314688384533
best250_vs_phase2w	712	50	40	40	0	80.0	80.0	0.030025865882635117	0.18105794489383698
best250_vs_phase2w	418	50	36	36	0	72.0	72.0	0.03483329713344574	0.11618940532207489
best250_vs_phase2w	507	50	42	43	1	84.0	86.0	-0.01661594584584236	-0.11882025003433228
best250_vs_phase2w	592	50	44	45	1	88.0	90.0	-0.01487145945429802	-0.14078283309936523
best250_vs_phase2w	184	50	38	39	1	76.0	78.0	-0.014292027801275253	-0.11837892234325409
best250_vs_phase2w	522	50	47	48	1	94.0	96.0	-0.013812328688800335	-0.10661371052265167
best250_vs_phase2w	837	50	19	20	1	38.0	40.0	-0.011543837375938892	-0.003820819780230522
best250_vs_phase2w	630	50	46	47	1	92.0	94.0	-0.011394265107810497	-0.08025292307138443
best250_vs_phase2w	136	50	49	50	1	98.0	100.0	-0.01127205602824688	-0.05672796070575714
best250_vs_phase2w	519	50	31	32	1	62.0	64.0	-0.010996266268193722	-0.11737478524446487
best250_vs_phase2w	331	50	46	47	1	92.0	94.0	-0.010835043154656887	-0.08041251450777054
best250_vs_phase2w	406	50	37	38	1	74.0	76.0	-0.010772185400128365	-0.018063288182020187
best250_vs_phase2w	229	50	48	49	1	96.0	98.0	-0.010727472603321075	-0.08453908562660217
best250_vs_phase2w	382	50	41	42	1	82.0	84.0	-0.010506386868655682	-0.024833383038640022
best250_vs_phase2w	377	50	40	41	1	80.0	82.0	-0.009969918988645077	-0.028316650539636612
best250_vs_phase2w	629	50	41	42	1	82.0	84.0	-0.009809971787035465	-0.08101820200681686
best250_vs_phase2w	637	50	41	42	1	82.0	84.0	-0.009415763430297375	-0.03517018258571625
best250_vs_phase2w	312	50	35	36	1	70.0	72.0	-0.009377957321703434	-0.03823096305131912
best250_vs_phase2w	817	50	33	34	1	66.0	68.0	-0.009210764430463314	0.0016983604291453958
best250_vs_phase2w	280	50	37	38	1	74.0	76.0	-0.008840616792440414	-0.002791872015222907
best250_vs_phase2w	67	50	42	43	1	84.0	86.0	-0.00857603084295988	-0.02428470551967621
best250_vs_phase2w	870	50	44	45	1	88.0	90.0	-0.008555697277188301	-0.08682305365800858
best250_vs_phase2w	154	50	44	45	1	88.0	90.0	-0.008398818783462048	-0.043750666081905365
best250_vs_phase2w	59	50	35	36	1	70.0	72.0	-0.008236464112997055	-0.023613348603248596
best250_vs_phase2w	567	50	26	27	1	52.0	54.0	-0.007824983447790146	-0.015091466717422009
best250_vs_phase2w	81	50	45	46	1	90.0	92.0	-0.007410679943859577	-0.08063513785600662
best250_vs_phase2w	873	50	47	48	1	94.0	96.0	-0.0071883248165249825	-0.06449171155691147
best250_vs_phase2w	107	50	46	47	1	92.0	94.0	-0.007088422775268555	-0.08242855221033096
best250_vs_phase2w	235	50	41	42	1	82.0	84.0	-0.007022329140454531	-0.024903345853090286
best250_vs_phase2w	437	50	38	39	1	76.0	78.0	-0.006857195869088173	-0.03492865711450577
best250_vs_phase2w	254	50	48	49	1	96.0	98.0	-0.006816741079092026	-0.03344966098666191
best250_vs_phase2w	751	50	39	40	1	78.0	80.0	-0.006776744034141302	-0.006174678914248943
best250_vs_phase2w	5	50	43	44	1	86.0	88.0	-0.0062171220779418945	-0.028642158955335617
best250_vs_phase2w	703	50	39	40	1	78.0	80.0	-0.005601637531071901	-0.03242899104952812
best250_vs_phase2w	436	50	34	35	1	68.0	70.0	-0.005562006961554289	-0.03000558912754059
best250_vs_phase2w	894	50	39	40	1	78.0	80.0	-0.0053621805272996426	-0.02683144621551037
best250_vs_phase2w	409	50	34	35	1	68.0	70.0	-0.005333208478987217	-0.014067516662180424
best250_vs_phase2w	24	50	48	49	1	96.0	98.0	-0.0048620253801345825	-0.05525407940149307
best250_vs_phase2w	540	50	43	44	1	86.0	88.0	-0.004660283215343952	-0.07433519512414932
best250_vs_phase2w	523	50	32	33	1	64.0	66.0	-0.004027943592518568	0.010668601840734482
best250_vs_phase2w	558	50	23	24	1	46.0	48.0	-0.004022218286991119	-0.018959932029247284
best250_vs_phase2w	161	50	41	42	1	82.0	84.0	-0.00399366207420826	-0.0505596362054348
best250_vs_phase2w	633	50	30	31	1	60.0	62.0	-0.0039739604108035564	-0.020032482221722603
best250_vs_phase2w	624	50	32	33	1	64.0	66.0	-0.0037984699010849	-0.013687925413250923
best250_vs_phase2w	315	50	43	44	1	86.0	88.0	-0.0037907848600298166	-0.00238038063980639
best250_vs_phase2w	501	50	19	20	1	38.0	40.0	-0.0036511269863694906	-0.04452171176671982
best250_vs_phase2w	53	50	46	47	1	92.0	94.0	-0.0034516328014433384	-0.03193800151348114
best250_vs_phase2w	879	50	38	39	1	76.0	78.0	-0.0028548131231218576	-0.06371621042490005
best250_vs_phase2w	792	50	36	37	1	72.0	74.0	-0.002485402626916766	-0.024871893227100372
best250_vs_phase2w	695	50	38	39	1	76.0	78.0	-0.0023111409973353148	-0.043046340346336365
best250_vs_phase2w	61	50	42	43	1	84.0	86.0	-0.0023028168361634016	-0.040045347064733505
best250_vs_phase2w	283	50	46	47	1	92.0	94.0	-0.002159415278583765	-0.10413713753223419
best250_vs_phase2w	298	50	39	40	1	78.0	80.0	-0.0020303474739193916	0.01876717619597912
best250_vs_phase2w	454	50	31	32	1	62.0	64.0	-0.0017721098847687244	0.004645147360861301
best250_vs_phase2w	155	50	37	38	1	74.0	76.0	-0.001472066156566143	0.009995870292186737
best250_vs_phase2w	987	50	21	22	1	42.0	44.0	-0.001103258109651506	0.02831154875457287
best250_vs_phase2w	103	50	40	41	1	80.0	82.0	-0.001102539012208581	0.0035435485187917948
best250_vs_phase2w	483	50	39	40	1	78.0	80.0	-0.0010183661943301558	-0.0005921268602833152
best250_vs_phase2w	840	50	44	45	1	88.0	90.0	-0.0010168731678277254	-0.003337431000545621
best250_vs_phase2w	455	50	41	42	1	82.0	84.0	-0.0009999715257436037	0.03104744851589203
best250_vs_phase2w	631	50	32	33	1	64.0	66.0	-0.0009693906176835299	0.03880926966667175
best250_vs_phase2w	290	50	39	40	1	78.0	80.0	-0.0005905961152166128	-0.027154885232448578
best250_vs_phase2w	963	50	42	43	1	84.0	86.0	-0.00048343659727834165	-0.03309362381696701
best250_vs_phase2w	664	50	18	19	1	36.0	38.0	-0.0004645153821911663	-0.00926002487540245
best250_vs_phase2w	661	50	45	46	1	90.0	92.0	-0.00036772130988538265	0.0450362004339695
best250_vs_phase2w	559	50	40	41	1	80.0	82.0	-0.000334799726260826	-0.033617809414863586
best250_vs_phase2w	188	50	42	43	1	84.0	86.0	-0.00012746482389047742	0.02442939765751362
best250_vs_phase2w	441	50	40	41	1	80.0	82.0	-6.168052641442046e-05	0.03966870158910751
best250_vs_phase2w	358	50	29	30	1	58.0	60.0	3.0028522814973257e-05	-0.007679395843297243
best250_vs_phase2w	650	50	29	30	1	58.0	60.0	0.0003798610414378345	0.08148720115423203
best250_vs_phase2w	195	50	44	45	1	88.0	90.0	0.0004817449953407049	0.0318022146821022
best250_vs_phase2w	966	50	33	34	1	66.0	68.0	0.0005297884345054626	-0.03920286148786545
best250_vs_phase2w	651	50	34	35	1	68.0	70.0	0.0006755146314390004	-0.010513458400964737
best250_vs_phase2w	798	50	40	41	1	80.0	82.0	0.0006825625896453857	-0.005961208138614893
best250_vs_phase2w	930	50	32	33	1	64.0	66.0	0.0006904019392095506	0.010527982376515865
best250_vs_phase2w	716	50	44	45	1	88.0	90.0	0.0007840510224923491	-0.007556648459285498
best250_vs_phase2w	875	50	42	43	1	84.0	86.0	0.0010122546227648854	-0.01340673491358757
best250_vs_phase2w	825	50	41	42	1	82.0	84.0	0.0011129253543913364	0.009972963482141495
best250_vs_phase2w	967	50	36	37	1	72.0	74.0	0.0011325717205181718	-0.016488665714859962
best250_vs_phase2w	612	50	46	47	1	92.0	94.0	0.0011736619053408504	-0.013965577818453312
best250_vs_phase2w	880	50	46	47	1	92.0	94.0	0.001330007566139102	0.058374784886837006
best250_vs_phase2w	316	50	48	49	1	96.0	98.0	0.0019388127839192748	0.01765528693795204
best250_vs_phase2w	427	50	33	34	1	66.0	68.0	0.0019646906293928623	-0.0005403709365054965
best250_vs_phase2w	790	50	34	35	1	68.0	70.0	0.0020897940266877413	-0.014432420954108238
best250_vs_phase2w	381	50	24	25	1	48.0	50.0	0.0024233071599155664	-0.043082982301712036
best250_vs_phase2w	673	50	23	24	1	46.0	48.0	0.0026265105698257685	0.03520778566598892
best250_vs_phase2w	824	50	33	34	1	66.0	68.0	0.002750624902546406	0.01624837890267372
best250_vs_phase2w	76	50	49	50	1	98.0	100.0	0.0029170915950089693	2.593994213384576e-05
best250_vs_phase2w	27	50	37	38	1	74.0	76.0	0.0031686872243881226	0.028383979573845863
best250_vs_phase2w	339	50	49	50	1	98.0	100.0	0.003185371169820428	0.004358387086540461
best250_vs_phase2w	672	50	47	48	1	94.0	96.0	0.003221810096874833	0.013396520167589188
best250_vs_phase2w	784	50	22	23	1	44.0	46.0	0.0035848403349518776	0.025157995522022247
best250_vs_phase2w	949	50	34	35	1	68.0	70.0	0.0037456376012414694	0.05270586907863617
best250_vs_phase2w	187	50	36	37	1	72.0	74.0	0.003961383830755949	-0.04642845317721367
best250_vs_phase2w	416	50	46	47	1	92.0	94.0	0.004129597917199135	-0.032083816826343536
best250_vs_phase2w	311	50	35	36	1	70.0	72.0	0.004198259674012661	-0.019519204273819923
best250_vs_phase2w	587	50	35	36	1	70.0	72.0	0.004323202185332775	0.03314429149031639
best250_vs_phase2w	583	50	46	47	1	92.0	94.0	0.004352163057774305	0.0798511877655983
best250_vs_phase2w	56	50	46	47	1	92.0	94.0	0.004632289055734873	-0.04776282235980034
best250_vs_phase2w	77	50	36	37	1	72.0	74.0	0.004695835057646036	0.00954420119524002
best250_vs_phase2w	842	50	33	34	1	66.0	68.0	0.00492929806932807	0.050873756408691406
best250_vs_phase2w	17	50	46	47	1	92.0	94.0	0.004939243663102388	0.039639052003622055
best250_vs_phase2w	551	50	43	44	1	86.0	88.0	0.005218065809458494	0.05796463042497635
best250_vs_phase2w	681	50	13	14	1	26.0	28.0	0.005575952120125294	0.002171468688175082
best250_vs_phase2w	780	50	40	41	1	80.0	82.0	0.005860422737896442	0.02496800385415554
best250_vs_phase2w	568	50	44	45	1	88.0	90.0	0.005873335991054773	0.014058113098144531
best250_vs_phase2w	996	50	47	48	1	94.0	96.0	0.00596023490652442	0.07077151536941528
best250_vs_phase2w	423	50	34	35	1	68.0	70.0	0.006084222812205553	-0.02044471725821495
best250_vs_phase2w	359	50	35	36	1	70.0	72.0	0.006113946437835693	0.005246066953986883
best250_vs_phase2w	617	50	42	43	1	84.0	86.0	0.006189259700477123	-0.0027418232057243586
best250_vs_phase2w	622	50	32	33	1	64.0	66.0	0.006228841375559568	0.05793234705924988
best250_vs_phase2w	527	50	33	34	1	66.0	68.0	0.006268169730901718	0.004597444552928209
best250_vs_phase2w	481	50	32	33	1	64.0	66.0	0.00651028286665678	-0.049466572701931
best250_vs_phase2w	241	50	37	38	1	74.0	76.0	0.006848303135484457	0.021138381212949753
best250_vs_phase2w	889	50	38	39	1	76.0	78.0	0.00687834806740284	0.05083701014518738
best250_vs_phase2w	749	50	44	45	1	88.0	90.0	0.006953442469239235	0.00882289931178093
best250_vs_phase2w	253	50	46	47	1	92.0	94.0	0.006977049633860588	0.01993497833609581
best250_vs_phase2w	634	50	39	40	1	78.0	80.0	0.0069803805090487	0.01322972308844328
best250_vs_phase2w	166	50	35	36	1	70.0	72.0	0.007067753467708826	0.07210049033164978
best250_vs_phase2w	698	50	37	38	1	74.0	76.0	0.00747483829036355	0.07906076312065125
best250_vs_phase2w	877	50	44	45	1	88.0	90.0	0.007541730534285307	0.040624961256980896
best250_vs_phase2w	868	50	33	34	1	66.0	68.0	0.007566850166767836	0.04693023860454559
best250_vs_phase2w	118	50	42	43	1	84.0	86.0	0.007584041450172663	0.009618673473596573
best250_vs_phase2w	186	50	38	39	1	76.0	78.0	0.007983981631696224	-0.0019525241805240512
best250_vs_phase2w	164	50	46	47	1	92.0	94.0	0.008080117404460907	0.09399013221263885
best250_vs_phase2w	665	50	39	40	1	78.0	80.0	0.008281104266643524	0.0398796945810318
best250_vs_phase2w	205	50	39	40	1	78.0	80.0	0.008375131525099277	-0.003870306070894003
best250_vs_phase2w	34	50	37	38	1	74.0	76.0	0.008564057759940624	0.03392748907208443
best250_vs_phase2w	12	50	47	48	1	94.0	96.0	0.008838879875838757	0.027552109211683273
best250_vs_phase2w	961	50	26	27	1	52.0	54.0	0.008947092108428478	0.061220377683639526
best250_vs_phase2w	669	50	48	49	1	96.0	98.0	0.00919221993535757	0.03416401892900467
best250_vs_phase2w	890	50	48	49	1	96.0	98.0	0.009429886937141418	0.0620134063065052
best250_vs_phase2w	238	50	36	37	1	72.0	74.0	0.009860779158771038	-0.0033154296688735485
best250_vs_phase2w	269	50	41	42	1	82.0	84.0	0.010391108691692352	0.029733382165431976
best250_vs_phase2w	758	50	41	42	1	82.0	84.0	0.010593323968350887	0.021721014752984047
best250_vs_phase2w	288	50	41	42	1	82.0	84.0	0.01065734401345253	0.051590967923402786
best250_vs_phase2w	285	50	32	33	1	64.0	66.0	0.011209211312234402	0.08507904410362244
best250_vs_phase2w	923	50	25	26	1	50.0	52.0	0.011972963809967041	0.0366380400955677
best250_vs_phase2w	222	50	37	38	1	74.0	76.0	0.012754584662616253	0.10195103287696838
best250_vs_phase2w	193	50	23	24	1	46.0	48.0	0.013102683238685131	-0.0027729319408535957
best250_vs_phase2w	627	50	40	41	1	80.0	82.0	0.013441642746329308	0.1167537197470665
best250_vs_phase2w	887	50	34	35	1	68.0	70.0	0.01371452771127224	0.07000242918729782
best250_vs_phase2w	124	50	39	40	1	78.0	80.0	0.01432365644723177	0.03389149531722069
best250_vs_phase2w	670	50	44	45	1	88.0	90.0	0.01437836792320013	0.018289193511009216
best250_vs_phase2w	619	50	32	33	1	64.0	66.0	0.014758064411580563	0.0475369356572628
best250_vs_phase2w	413	50	28	29	1	56.0	58.0	0.014833826571702957	0.04068158194422722
best250_vs_phase2w	748	50	28	29	1	56.0	58.0	0.01488904282450676	-0.012482242658734322
best250_vs_phase2w	741	50	37	38	1	74.0	76.0	0.01531817577779293	0.08048095554113388
best250_vs_phase2w	367	50	44	45	1	88.0	90.0	0.015360129997134209	0.12450870871543884
best250_vs_phase2w	964	50	40	41	1	80.0	82.0	0.015742681920528412	0.05523258075118065
best250_vs_phase2w	730	50	41	42	1	82.0	84.0	0.016400331631302834	0.1710805892944336
best250_vs_phase2w	543	50	35	36	1	70.0	72.0	0.016750721260905266	0.028016243129968643
best250_vs_phase2w	857	50	36	37	1	72.0	74.0	0.016908563673496246	0.08547551929950714
best250_vs_phase2w	151	50	35	36	1	70.0	72.0	0.017054330557584763	0.035714998841285706
best250_vs_phase2w	659	50	42	43	1	84.0	86.0	0.01839597336947918	0.08844483643770218
best250_vs_phase2w	674	50	46	47	1	92.0	94.0	0.018764743581414223	0.10791503638029099
best250_vs_phase2w	646	50	43	44	1	86.0	88.0	0.018869493156671524	0.08247599750757217
best250_vs_phase2w	1	50	48	49	1	96.0	98.0	0.021063627675175667	0.08341251313686371
best250_vs_phase2w	421	50	41	42	1	82.0	84.0	0.02130076475441456	0.09738664329051971
best250_vs_phase2w	896	50	46	47	1	92.0	94.0	0.021399883553385735	0.11697980016469955
best250_vs_phase2w	818	50	19	20	1	38.0	40.0	0.02244368940591812	0.012240839190781116
best250_vs_phase2w	537	50	46	47	1	92.0	94.0	0.024488775059580803	0.14604996144771576
best250_vs_phase2w	895	50	41	42	1	82.0	84.0	0.02596473880112171	0.11817637085914612
best250_vs_phase2w	208	50	44	45	1	88.0	90.0	0.03629259392619133	0.1355234533548355
best250_vs_phase2w	335	50	44	46	2	88.0	92.0	-0.004114680457860231	-0.07467614859342575
best250_vs_phase2w	180	50	29	31	2	58.0	62.0	-0.0015296069905161858	0.052293092012405396
best250_vs_phase2w	383	50	32	34	2	64.0	68.0	-0.00045411550672724843	0.003462200053036213
best250_vs_phase2w	504	50	30	32	2	60.0	64.0	-0.00024750857846811414	-0.03304602578282356
best250_vs_phase2w	162	50	43	45	2	86.0	90.0	-0.00013433695130515844	-0.016935082152485847
best250_vs_phase2w	524	50	23	25	2	46.0	50.0	8.368432463612407e-05	-0.0066664027981460094
best250_vs_phase2w	405	50	38	40	2	76.0	80.0	0.0003514111158438027	-0.0464530847966671
best250_vs_phase2w	720	50	42	44	2	84.0	88.0	0.001358686713501811	0.00564640061929822
best250_vs_phase2w	836	50	10	12	2	20.0	24.0	0.001903756521642208	0.0018729210132732987
best250_vs_phase2w	786	50	44	46	2	88.0	92.0	0.0024983412586152554	-0.00278644566424191
best250_vs_phase2w	809	50	33	35	2	66.0	70.0	0.0035381403286010027	-0.0072886087000370026
best250_vs_phase2w	242	50	40	42	2	80.0	84.0	0.004534544888883829	0.027156762778759003
best250_vs_phase2w	742	50	25	27	2	50.0	54.0	0.00670895678922534	0.025588521733880043
best250_vs_phase2w	768	50	44	46	2	88.0	92.0	0.006965918932110071	0.05692741274833679
best250_vs_phase2w	492	50	43	45	2	86.0	90.0	0.007050644140690565	0.014450597576797009
best250_vs_phase2w	227	50	32	34	2	64.0	68.0	0.007979920133948326	0.048581287264823914
best250_vs_phase2w	882	50	39	41	2	78.0	82.0	0.008404115214943886	0.09731754660606384
best250_vs_phase2w	864	50	38	40	2	76.0	80.0	0.008635020814836025	0.07146172225475311
best250_vs_phase2w	4	50	45	47	2	90.0	94.0	0.009181652218103409	0.10275022685527802
best250_vs_phase2w	794	50	34	36	2	68.0	72.0	0.009790249168872833	0.13305245339870453
best250_vs_phase2w	43	50	43	45	2	86.0	90.0	0.009975972585380077	0.03675514832139015
best250_vs_phase2w	822	50	45	47	2	90.0	94.0	0.011746026575565338	0.03667305037379265
best250_vs_phase2w	199	50	38	40	2	76.0	80.0	0.012475618161261082	-9.340286487713456e-05
best250_vs_phase2w	480	50	41	43	2	82.0	86.0	0.01266280934214592	0.1080210953950882
best250_vs_phase2w	898	50	35	37	2	70.0	74.0	0.012811293825507164	0.08584868162870407
best250_vs_phase2w	849	50	42	44	2	84.0	88.0	0.013670675456523895	0.07091076672077179
best250_vs_phase2w	379	50	44	46	2	88.0	92.0	0.013904614374041557	0.12227588891983032
best250_vs_phase2w	921	50	36	38	2	72.0	76.0	0.014659230597317219	0.08354868739843369
best250_vs_phase2w	639	50	18	20	2	36.0	40.0	0.015917770564556122	0.036264218389987946
best250_vs_phase2w	827	50	36	38	2	72.0	76.0	0.016943715512752533	0.06510794162750244
best250_vs_phase2w	851	50	37	39	2	74.0	78.0	0.017581038177013397	0.08516205847263336
best250_vs_phase2w	787	50	33	35	2	66.0	70.0	0.018066000193357468	0.14745086431503296
best250_vs_phase2w	641	50	43	45	2	86.0	90.0	0.02878882735967636	0.1424422711133957
best250_vs_phase2w	536	50	28	31	3	56.0	62.0	0.0028024655766785145	-0.04033192619681358
best250_vs_phase2w	348	50	33	36	3	66.0	72.0	0.007333144545555115	0.014818229712545872
best250_vs_phase2w	718	50	34	37	3	68.0	74.0	0.007650220301002264	-0.008209886960685253
best250_vs_phase2w	385	50	31	34	3	62.0	68.0	0.008892002515494823	0.03566157445311546
best250_vs_phase2w	500	50	45	48	3	90.0	96.0	0.00958920642733574	0.1376044750213623
best250_vs_phase2w	231	50	21	24	3	42.0	48.0	0.012133252806961536	0.019322652369737625
best250_vs_phase2w	200	50	36	39	3	72.0	78.0	0.013540105894207954	0.07411777228116989
best250_vs_phase2w	754	50	33	36	3	66.0	72.0	0.015603206120431423	0.03285536915063858
best250_vs_phase2w	848	50	22	25	3	44.0	50.0	0.024211455136537552	0.03938279300928116
best250_vs_phase2w	831	50	39	43	4	78.0	86.0	0.024663863703608513	0.044308632612228394
best250_vs_u300	265	50	38	34	-4	76.0	68.0	-0.01458857674151659	-0.08438467979431152
best250_vs_u300	876	50	18	14	-4	36.0	28.0	0.0011946756858378649	0.03733694925904274
best250_vs_u300	764	50	31	28	-3	62.0	56.0	-0.012360240332782269	-0.002621450461447239
best250_vs_u300	845	50	38	35	-3	76.0	70.0	-0.007538008503615856	-0.08639710396528244
best250_vs_u300	657	50	17	14	-3	34.0	28.0	-0.005880370270460844	0.0066241552121937275
best250_vs_u300	892	50	38	35	-3	76.0	70.0	0.0053927963599562645	0.038955699652433395
best250_vs_u300	909	50	33	31	-2	66.0	62.0	-0.025588547810912132	-0.10889670997858047
best250_vs_u300	717	50	38	36	-2	76.0	72.0	-0.023244157433509827	-0.11639367789030075
best250_vs_u300	686	50	40	38	-2	80.0	76.0	-0.020482121035456657	-0.1139671579003334
best250_vs_u300	987	50	24	22	-2	48.0	44.0	-0.014461569488048553	-0.007322445046156645
best250_vs_u300	960	50	35	33	-2	70.0	66.0	-0.013957913033664227	-0.04504731297492981
best250_vs_u300	914	50	39	37	-2	78.0	74.0	-0.012118455953896046	0.014455966651439667
best250_vs_u300	233	50	42	40	-2	84.0	80.0	-0.011064836755394936	-0.02097661979496479
best250_vs_u300	709	50	43	41	-2	86.0	82.0	-0.010377831757068634	-0.02816987968981266
best250_vs_u300	526	50	33	31	-2	66.0	62.0	-0.00945413950830698	-0.025542354211211205
best250_vs_u300	97	50	49	47	-2	98.0	94.0	-0.009440016001462936	-0.05744081363081932
best250_vs_u300	872	50	40	38	-2	80.0	76.0	-0.009249348193407059	-0.009332695044577122
best250_vs_u300	945	50	47	45	-2	94.0	90.0	-0.008444531820714474	0.013512239791452885
best250_vs_u300	165	50	31	29	-2	62.0	58.0	-0.007102713454514742	-0.025075377896428108
best250_vs_u300	128	50	47	45	-2	94.0	90.0	-0.006781000643968582	-0.03660472854971886
best250_vs_u300	185	50	36	34	-2	72.0	68.0	-0.005042888689786196	-0.01410832442343235
best250_vs_u300	655	50	42	40	-2	84.0	80.0	-0.004127428401261568	-0.08016178011894226
best250_vs_u300	666	50	45	43	-2	90.0	86.0	-0.0035233444068580866	-0.015683984383940697
best250_vs_u300	101	50	37	35	-2	74.0	70.0	-0.00260076392441988	0.02741478942334652
best250_vs_u300	515	50	37	35	-2	74.0	70.0	-0.002488172147423029	0.023240214213728905
best250_vs_u300	799	50	26	24	-2	52.0	48.0	-0.002087111584842205	0.007044200785458088
best250_vs_u300	732	50	44	42	-2	88.0	84.0	-0.000713467423338443	-0.009860200807452202
best250_vs_u300	341	50	32	30	-2	64.0	60.0	-0.0005776240141130984	0.010243444703519344
best250_vs_u300	473	50	41	39	-2	82.0	78.0	0.00032159729744307697	0.008265857584774494
best250_vs_u300	465	50	33	31	-2	66.0	62.0	0.0009359691757708788	-0.005489921662956476
best250_vs_u300	885	50	17	15	-2	34.0	30.0	0.0010911650024354458	-0.08745965361595154
best250_vs_u300	928	50	39	37	-2	78.0	74.0	0.0013496922329068184	-0.02798767015337944
best250_vs_u300	111	50	48	46	-2	96.0	92.0	0.00303267827257514	0.07875565439462662
best250_vs_u300	652	50	40	38	-2	80.0	76.0	0.024115052074193954	0.07482341676950455
best250_vs_u300	712	50	41	40	-1	82.0	80.0	-0.017544331029057503	-0.06566179543733597
best250_vs_u300	577	50	46	45	-1	92.0	90.0	-0.01692155748605728	-0.04686237499117851
best250_vs_u300	915	50	49	48	-1	98.0	96.0	-0.01667167618870735	-0.11927055567502975
best250_vs_u300	349	50	35	34	-1	70.0	68.0	-0.014628871344029903	-0.037536218762397766
best250_vs_u300	757	50	44	43	-1	88.0	86.0	-0.013504725880920887	-0.06230701506137848
best250_vs_u300	884	50	40	39	-1	80.0	78.0	-0.013476559892296791	-0.011219825595617294
best250_vs_u300	510	50	47	46	-1	94.0	92.0	-0.013167730532586575	-0.06620968878269196
best250_vs_u300	733	50	26	25	-1	52.0	50.0	-0.013041818514466286	0.018409347161650658
best250_vs_u300	192	50	43	42	-1	86.0	84.0	-0.01299094595015049	-0.0756811648607254
best250_vs_u300	755	50	47	46	-1	94.0	92.0	-0.010634958744049072	-0.011464834213256836
best250_vs_u300	573	50	50	49	-1	100.0	98.0	-0.010489747859537601	-0.00762284267693758
best250_vs_u300	721	50	44	43	-1	88.0	86.0	-0.01039490383118391	-0.06574545800685883
best250_vs_u300	842	50	35	34	-1	70.0	68.0	-0.010382996872067451	0.03170381486415863
best250_vs_u300	3	50	40	39	-1	80.0	78.0	-0.010367196053266525	-0.03489794582128525
best250_vs_u300	781	50	46	45	-1	92.0	90.0	-0.009334907867014408	-0.0213844683021307
best250_vs_u300	635	50	33	32	-1	66.0	64.0	-0.009317781776189804	-0.0036945724859833717
best250_vs_u300	484	50	35	34	-1	70.0	68.0	-0.009268372319638729	-0.05711435154080391
best250_vs_u300	549	50	31	30	-1	62.0	60.0	-0.009258908219635487	-0.02986210770905018
best250_vs_u300	550	50	41	40	-1	82.0	80.0	-0.00893232598900795	-0.019228745251893997
best250_vs_u300	315	50	45	44	-1	90.0	88.0	-0.008852808736264706	-0.011166077107191086
best250_vs_u300	336	50	48	47	-1	96.0	94.0	-0.008458326570689678	-0.01666245423257351
best250_vs_u300	460	50	37	36	-1	74.0	72.0	-0.008253234438598156	-0.01064461749047041
best250_vs_u300	99	50	45	44	-1	90.0	88.0	-0.008026309311389923	-0.029453372582793236
best250_vs_u300	574	50	48	47	-1	96.0	94.0	-0.007428940385580063	-0.06692998856306076
best250_vs_u300	350	50	49	48	-1	98.0	96.0	-0.007174523081630468	-0.0021111678797751665
best250_vs_u300	290	50	41	40	-1	82.0	80.0	-0.007039851043373346	-0.03868884965777397
best250_vs_u300	464	50	34	33	-1	68.0	66.0	-0.006919258739799261	-0.06764163076877594
best250_vs_u300	690	50	47	46	-1	94.0	92.0	-0.006802127230912447	0.002641210565343499
best250_vs_u300	30	50	42	41	-1	84.0	82.0	-0.006638543680310249	0.029807643964886665
best250_vs_u300	586	50	44	43	-1	88.0	86.0	-0.0066057853400707245	-0.05610214173793793
best250_vs_u300	414	50	22	21	-1	44.0	42.0	-0.0064467377960681915	-0.06966909766197205
best250_vs_u300	172	50	41	40	-1	82.0	80.0	-0.006419007666409016	-0.06432544440031052
best250_vs_u300	740	50	26	25	-1	52.0	50.0	-0.006281138863414526	-0.013956661336123943
best250_vs_u300	694	50	48	47	-1	96.0	94.0	-0.006261780858039856	-0.052669916301965714
best250_vs_u300	765	50	38	37	-1	76.0	74.0	-0.0062551540322601795	-0.07599050551652908
best250_vs_u300	431	50	41	40	-1	82.0	80.0	-0.0061596292071044445	-0.007052287925034761
best250_vs_u300	789	50	40	39	-1	80.0	78.0	-0.0060288007371127605	-0.015344248153269291
best250_vs_u300	593	50	43	42	-1	86.0	84.0	-0.006028421688824892	0.03131958842277527
best250_vs_u300	121	50	44	43	-1	88.0	86.0	-0.00588467251509428	-0.034064408391714096
best250_vs_u300	361	50	49	48	-1	98.0	96.0	-0.005862351041287184	-0.04327129200100899
best250_vs_u300	908	50	33	32	-1	66.0	64.0	-0.005838216748088598	-0.029262561351060867
best250_vs_u300	419	50	44	43	-1	88.0	86.0	-0.005705689080059528	-0.02046096883714199
best250_vs_u300	272	50	32	31	-1	64.0	62.0	-0.005674691405147314	0.007127142045646906
best250_vs_u300	390	50	35	34	-1	70.0	68.0	-0.00560610368847847	-0.04568241909146309
best250_vs_u300	689	50	16	15	-1	32.0	30.0	-0.0055844746530056	0.010054855607450008
best250_vs_u300	812	50	49	48	-1	98.0	96.0	-0.005427958909422159	-0.043002691119909286
best250_vs_u300	294	50	47	46	-1	94.0	92.0	-0.005307566374540329	-0.052736081182956696
best250_vs_u300	407	50	47	46	-1	94.0	92.0	-0.005292325746268034	-0.05033128708600998
best250_vs_u300	83	50	49	48	-1	98.0	96.0	-0.005124836694449186	-0.03834034129977226
best250_vs_u300	62	50	31	30	-1	62.0	60.0	-0.00492039555683732	-0.009164686314761639
best250_vs_u300	249	50	41	40	-1	82.0	80.0	-0.004919220227748156	0.02260998636484146
best250_vs_u300	457	50	41	40	-1	82.0	80.0	-0.004917541053146124	-0.054427556693553925
best250_vs_u300	47	50	41	40	-1	82.0	80.0	-0.0047844769433140755	-0.08473866432905197
best250_vs_u300	287	50	39	38	-1	78.0	76.0	-0.004627501126378775	-0.02452944777905941
best250_vs_u300	467	50	43	42	-1	86.0	84.0	-0.004531098995357752	-0.0062184808775782585
best250_vs_u300	386	50	33	32	-1	66.0	64.0	-0.00446789525449276	0.0033025741577148438
best250_vs_u300	866	50	46	45	-1	92.0	90.0	-0.004405726213008165	-0.0681309625506401
best250_vs_u300	463	50	30	29	-1	60.0	58.0	-0.004388520028442144	-0.031743936240673065
best250_vs_u300	50	50	45	44	-1	90.0	88.0	-0.003911674488335848	0.027260132133960724
best250_vs_u300	531	50	31	30	-1	62.0	60.0	-0.0037325399462133646	-0.009424238465726376
best250_vs_u300	823	50	40	39	-1	80.0	78.0	-0.0037276751827448606	0.0279499813914299
best250_vs_u300	469	50	35	34	-1	70.0	68.0	-0.003721859771758318	0.04442615434527397
best250_vs_u300	555	50	45	44	-1	90.0	88.0	-0.0036958232522010803	-0.006212072446942329
best250_vs_u300	804	50	35	34	-1	70.0	68.0	-0.003508332883939147	-0.06369000673294067
best250_vs_u300	132	50	47	46	-1	94.0	92.0	-0.003476623212918639	0.014917411841452122
best250_vs_u300	204	50	36	35	-1	72.0	70.0	-0.003287559375166893	-0.07556230574846268
best250_vs_u300	366	50	43	42	-1	86.0	84.0	-0.0031481855548918247	0.0243047047406435
best250_vs_u300	542	50	36	35	-1	72.0	70.0	-0.0031169294379651546	0.009986944496631622
best250_vs_u300	175	50	35	34	-1	70.0	68.0	-0.003072632011026144	-0.03867928683757782
best250_vs_u300	697	50	36	35	-1	72.0	70.0	-0.0030568293295800686	-0.0438811220228672
best250_vs_u300	224	50	40	39	-1	80.0	78.0	-0.0029891100712120533	-0.01650409772992134
best250_vs_u300	179	50	37	36	-1	74.0	72.0	-0.002952418988570571	-0.02412337251007557
best250_vs_u300	46	50	27	26	-1	54.0	52.0	-0.0026893289759755135	0.04037218913435936
best250_vs_u300	770	50	43	42	-1	86.0	84.0	-0.0024993252009153366	0.04656602069735527
best250_vs_u300	955	50	50	49	-1	100.0	98.0	-0.0024535497650504112	-0.01609213836491108
best250_vs_u300	899	50	18	17	-1	36.0	34.0	-0.0024147939402610064	0.011140203103423119
best250_vs_u300	351	50	48	47	-1	96.0	94.0	-0.0019988117273896933	-0.021299267187714577
best250_vs_u300	120	50	38	37	-1	76.0	74.0	-0.001946203992702067	-0.01826639100909233
best250_vs_u300	935	50	37	36	-1	74.0	72.0	-0.001926473923958838	-0.01200543437153101
best250_vs_u300	472	50	48	47	-1	96.0	94.0	-0.001862402306869626	-0.03530868515372276
best250_vs_u300	54	50	34	33	-1	68.0	66.0	-0.0017380616627633572	-0.030619220808148384
best250_vs_u300	769	50	41	40	-1	82.0	80.0	-0.0017183434683829546	-0.02755451202392578
best250_vs_u300	813	50	26	25	-1	52.0	50.0	-0.0015894615789875388	-0.004316272679716349
best250_vs_u300	682	50	43	42	-1	86.0	84.0	-0.0014810855500400066	0.004231090657413006
best250_vs_u300	391	50	43	42	-1	86.0	84.0	-0.0014505222206935287	0.08308913558721542
best250_vs_u300	782	50	10	9	-1	20.0	18.0	-0.0013559636427089572	-0.008439960889518261
best250_vs_u300	479	50	23	22	-1	46.0	44.0	-0.0013538131024688482	0.0028625489212572575
best250_vs_u300	506	50	40	39	-1	80.0	78.0	-0.0012868744088336825	0.05984140560030937
best250_vs_u300	363	50	47	46	-1	94.0	92.0	-0.001118350774049759	0.02039201743900776
best250_vs_u300	310	50	41	40	-1	82.0	80.0	-0.0010573561303317547	-0.027341432869434357
best250_vs_u300	553	50	42	41	-1	84.0	82.0	-0.0009150212863460183	0.008099975995719433
best250_vs_u300	582	50	34	33	-1	68.0	66.0	-0.000741269497666508	-0.04440745338797569
best250_vs_u300	643	50	35	34	-1	70.0	68.0	-0.0007404026109725237	-0.058726582676172256
best250_vs_u300	115	50	49	48	-1	98.0	96.0	-0.0006250429432839155	0.00024398803361691535
best250_vs_u300	919	50	40	39	-1	80.0	78.0	-0.0006097079603932798	-0.007758493535220623
best250_vs_u300	649	50	47	46	-1	94.0	92.0	-0.0005652630352415144	-0.05680442973971367
best250_vs_u300	147	50	47	46	-1	94.0	92.0	-0.0005426433635875583	0.04231864959001541
best250_vs_u300	711	50	39	38	-1	78.0	76.0	-1.799836718419101e-05	0.02224287949502468
best250_vs_u300	983	50	47	46	-1	94.0	92.0	7.747441850369796e-05	-0.0066512394696474075
best250_vs_u300	303	50	41	40	-1	82.0	80.0	0.0005183024914003909	-0.04029349237680435
best250_vs_u300	49	50	41	40	-1	82.0	80.0	0.0006409407942555845	-0.06748692691326141
best250_vs_u300	482	50	14	13	-1	28.0	26.0	0.0009103423217311502	-0.010127296671271324
best250_vs_u300	40	50	33	32	-1	66.0	64.0	0.0009232789161615074	0.017873773351311684
best250_vs_u300	422	50	32	31	-1	64.0	62.0	0.0010145375272259116	0.04033545404672623
best250_vs_u300	370	50	44	43	-1	88.0	86.0	0.00113432586658746	-0.02865367941558361
best250_vs_u300	588	50	37	36	-1	74.0	72.0	0.0012411721982061863	-0.0016413879347965121
best250_vs_u300	424	50	34	33	-1	68.0	66.0	0.0014495350187644362	-0.02088286355137825
best250_vs_u300	308	50	45	44	-1	90.0	88.0	0.0014590307837352157	0.03139897435903549
best250_vs_u300	767	50	33	32	-1	66.0	64.0	0.00170493358746171	0.059311505407094955
best250_vs_u300	240	50	21	20	-1	42.0	40.0	0.0019391329260542989	0.02015688829123974
best250_vs_u300	683	50	35	34	-1	70.0	68.0	0.002200331538915634	-0.024982433766126633
best250_vs_u300	160	50	50	49	-1	100.0	98.0	0.0023506346624344587	0.09948406368494034
best250_vs_u300	618	50	25	24	-1	50.0	48.0	0.0026019590441137552	-0.01736406236886978
best250_vs_u300	585	50	28	27	-1	56.0	54.0	0.0028278862591832876	0.02950768545269966
best250_vs_u300	971	50	45	44	-1	90.0	88.0	0.0028977375477552414	0.009637365117669106
best250_vs_u300	214	50	46	45	-1	92.0	90.0	0.002926901215687394	-0.018764924257993698
best250_vs_u300	282	50	13	12	-1	26.0	24.0	0.003053609048947692	-0.02447712980210781
best250_vs_u300	259	50	49	48	-1	98.0	96.0	0.003088707337155938	0.02796970307826996
best250_vs_u300	33	50	44	43	-1	88.0	86.0	0.0032370376866310835	0.0013550949515774846
best250_vs_u300	166	50	37	36	-1	74.0	72.0	0.0033272868022322655	0.02978523261845112
best250_vs_u300	602	50	40	39	-1	80.0	78.0	0.003420985536649823	-0.03935786336660385
best250_vs_u300	678	50	37	36	-1	74.0	72.0	0.0034884668421000242	-0.07051416486501694
best250_vs_u300	125	50	46	45	-1	92.0	90.0	0.003589208936318755	0.033738527446985245
best250_vs_u300	738	50	43	42	-1	86.0	84.0	0.0037535696756094694	0.014050188474357128
best250_vs_u300	807	50	41	40	-1	82.0	80.0	0.003820081241428852	0.010343771427869797
best250_vs_u300	456	50	42	41	-1	84.0	82.0	0.003917491063475609	0.04194125160574913
best250_vs_u300	859	50	34	33	-1	68.0	66.0	0.004210561979562044	0.06449801474809647
best250_vs_u300	923	50	27	26	-1	54.0	52.0	0.004348095506429672	0.03019363433122635
best250_vs_u300	722	50	45	44	-1	90.0	88.0	0.004477561917155981	0.024020280689001083
best250_vs_u300	65	50	42	41	-1	84.0	82.0	0.004806020297110081	0.05844159051775932
best250_vs_u300	750	50	37	36	-1	74.0	72.0	0.005005517043173313	0.047616805881261826
best250_vs_u300	745	50	37	36	-1	74.0	72.0	0.005058364477008581	-0.010084209032356739
best250_vs_u300	44	50	38	37	-1	76.0	74.0	0.005530830472707748	0.0413590632379055
best250_vs_u300	193	50	25	24	-1	50.0	48.0	0.0060426234267652035	0.02789139747619629
best250_vs_u300	814	50	49	48	-1	98.0	96.0	0.0062448857352137566	0.057654157280921936
best250_vs_u300	639	50	21	20	-1	42.0	40.0	0.006708754226565361	-0.02043820358812809
best250_vs_u300	705	50	31	30	-1	62.0	60.0	0.006840524263679981	-0.016690902411937714
best250_vs_u300	830	50	33	32	-1	66.0	64.0	0.007477883715182543	0.07322308421134949
best250_vs_u300	776	50	38	37	-1	76.0	74.0	0.007575292140245438	0.07149934023618698
best250_vs_u300	747	50	37	36	-1	74.0	72.0	0.0076828692108392715	0.07967144250869751
best250_vs_u300	906	50	19	18	-1	38.0	36.0	0.008045409806072712	-0.03143252432346344
best250_vs_u300	35	50	35	34	-1	70.0	68.0	0.00893891230225563	0.022019319236278534
best250_vs_u300	250	50	36	35	-1	72.0	70.0	0.00963620189577341	0.04117240011692047
best250_vs_u300	380	50	33	32	-1	66.0	64.0	0.01014244556427002	0.03703413903713226
best250_vs_u300	614	50	46	45	-1	92.0	90.0	0.010189222171902657	0.09948069602251053
best250_vs_u300	869	50	33	32	-1	66.0	64.0	0.010556613095104694	0.0552375502884388
best250_vs_u300	595	50	43	42	-1	86.0	84.0	0.011440652422606945	0.016895581036806107
best250_vs_u300	219	50	44	43	-1	88.0	86.0	0.01194728258997202	0.05783100053668022
best250_vs_u300	841	50	22	21	-1	44.0	42.0	0.01236516609787941	0.09471717476844788
best250_vs_u300	680	50	42	41	-1	84.0	82.0	0.012802563607692719	0.09603186696767807
best250_vs_u300	785	50	47	46	-1	94.0	92.0	0.013189177960157394	0.12505106627941132
best250_vs_u300	905	50	36	35	-1	72.0	70.0	0.014885582961142063	0.06470676511526108
best250_vs_u300	596	50	37	36	-1	74.0	72.0	0.015872754156589508	0.018602019175887108
best250_vs_u300	202	50	42	41	-1	84.0	82.0	0.018561577424407005	0.07005416601896286
best250_vs_u300	671	50	39	39	0	78.0	78.0	-0.02948233298957348	-0.09094828367233276
best250_vs_u300	522	50	48	48	0	96.0	96.0	-0.021148014813661575	-0.1373768299818039
best250_vs_u300	328	50	46	46	0	92.0	92.0	-0.018360614776611328	-0.13148902356624603
best250_vs_u300	800	50	47	47	0	94.0	94.0	-0.01761108823120594	-0.11962202191352844
best250_vs_u300	106	50	41	41	0	82.0	82.0	-0.017317205667495728	-0.09637198597192764
best250_vs_u300	529	50	40	40	0	80.0	80.0	-0.016659211367368698	-0.05410772189497948
best250_vs_u300	806	50	34	34	0	68.0	68.0	-0.016653837636113167	-0.09481181204319
best250_vs_u300	360	50	41	41	0	82.0	82.0	-0.016225632280111313	-0.0837126150727272
best250_vs_u300	210	50	45	45	0	90.0	90.0	-0.01574944704771042	-0.15121448040008545
best250_vs_u300	512	50	49	49	0	98.0	98.0	-0.015014962293207645	-0.09876427054405212
best250_vs_u300	900	50	48	48	0	96.0	96.0	-0.01500378642231226	-0.1285298615694046
best250_vs_u300	591	50	40	40	0	80.0	80.0	-0.014571471139788628	-0.09058362990617752
best250_vs_u300	93	50	48	48	0	96.0	96.0	-0.013800070621073246	-0.10515622794628143
best250_vs_u300	751	50	40	40	0	80.0	80.0	-0.0135758426040411	-0.05337243899703026
best250_vs_u300	844	50	36	36	0	72.0	72.0	-0.013355059549212456	-0.04687432199716568
best250_vs_u300	213	50	43	43	0	86.0	86.0	-0.013342011719942093	-0.07947539538145065
best250_vs_u300	891	50	43	43	0	86.0	86.0	-0.013278495520353317	-0.09091959148645401
best250_vs_u300	679	50	49	49	0	98.0	98.0	-0.01320117712020874	-0.08917674422264099
best250_vs_u300	261	50	48	48	0	96.0	96.0	-0.013113430701196194	-0.09968748688697815
best250_vs_u300	601	50	39	39	0	78.0	78.0	-0.013027024455368519	-0.02493218332529068
best250_vs_u300	775	50	37	37	0	74.0	74.0	-0.012878240086138248	-0.04460327327251434
best250_vs_u300	229	50	49	49	0	98.0	98.0	-0.012867135927081108	-0.09005572646856308
best250_vs_u300	411	50	39	39	0	78.0	78.0	-0.012686780653893948	-0.13595105707645416
best250_vs_u300	551	50	44	44	0	88.0	88.0	-0.012205894105136395	-0.08705483376979828
best250_vs_u300	645	50	50	50	0	100.0	100.0	-0.012172622606158257	-0.10187097638845444
best250_vs_u300	874	50	50	50	0	100.0	100.0	-0.012134538032114506	-0.12346263229846954
best250_vs_u300	239	50	49	49	0	98.0	98.0	-0.011892549693584442	-0.08995413780212402
best250_vs_u300	940	50	46	46	0	92.0	92.0	-0.011599443852901459	-0.025538530200719833
best250_vs_u300	320	50	45	45	0	90.0	90.0	-0.011346268467605114	-0.045625001192092896
best250_vs_u300	374	50	38	38	0	76.0	76.0	-0.010805793106555939	-0.02523358352482319
best250_vs_u300	471	50	45	45	0	90.0	90.0	-0.010767447762191296	-0.15508651733398438
best250_vs_u300	153	50	42	42	0	84.0	84.0	-0.010656156577169895	-0.0416463166475296
best250_vs_u300	494	50	37	37	0	74.0	74.0	-0.010638642124831676	-0.07950480282306671
best250_vs_u300	795	50	43	43	0	86.0	86.0	-0.010569551959633827	-0.06820274144411087
best250_vs_u300	201	50	33	33	0	66.0	66.0	-0.010439179837703705	-0.04897865280508995
best250_vs_u300	692	50	30	30	0	60.0	60.0	-0.01037780661135912	-0.0708450898528099
best250_vs_u300	483	50	40	40	0	80.0	80.0	-0.010226015001535416	-0.022102108225226402
best250_vs_u300	88	50	49	49	0	98.0	98.0	-0.010194513015449047	-0.05683852359652519
best250_vs_u300	605	50	43	43	0	86.0	86.0	-0.010133480653166771	-0.11858847737312317
best250_vs_u300	92	50	49	49	0	98.0	98.0	-0.01011598389595747	-0.06583035737276077
best250_vs_u300	434	50	30	30	0	60.0	60.0	-0.010114762000739574	-0.040588732808828354
best250_vs_u300	862	50	39	39	0	78.0	78.0	-0.010023856535553932	-0.1281662881374359
best250_vs_u300	718	50	37	37	0	74.0	74.0	-0.00992936734110117	-0.0493481270968914
best250_vs_u300	941	50	40	40	0	80.0	80.0	-0.009924910962581635	-0.014943599700927734
best250_vs_u300	974	50	48	48	0	96.0	96.0	-0.009829745627939701	-0.08724672347307205
best250_vs_u300	835	50	42	42	0	84.0	84.0	-0.009742477908730507	0.007570924703031778
best250_vs_u300	509	50	32	32	0	64.0	64.0	-0.009724442847073078	0.02654355950653553
best250_vs_u300	728	50	28	28	0	56.0	56.0	-0.00940279196947813	-0.03406420722603798
best250_vs_u300	759	50	40	40	0	80.0	80.0	-0.00912860780954361	-0.04830322414636612
best250_vs_u300	145	50	49	49	0	98.0	98.0	-0.009105110540986061	-0.10300686210393906
best250_vs_u300	964	50	41	41	0	82.0	82.0	-0.00910427886992693	-0.05074608698487282
best250_vs_u300	319	50	42	42	0	84.0	84.0	-0.009083491750061512	-0.040157660841941833
best250_vs_u300	664	50	19	19	0	38.0	38.0	-0.009033693931996822	-0.029626406729221344
best250_vs_u300	487	50	41	41	0	82.0	82.0	-0.008706267923116684	-0.060466039925813675
best250_vs_u300	450	50	48	48	0	96.0	96.0	-0.008676007390022278	-0.07703141123056412
best250_vs_u300	318	50	43	43	0	86.0	86.0	-0.008673385716974735	-0.027998628094792366
best250_vs_u300	347	50	45	45	0	90.0	90.0	-0.008519629016518593	-0.036545418202877045
best250_vs_u300	109	50	47	47	0	94.0	94.0	-0.008434670977294445	-0.022820014506578445
best250_vs_u300	693	50	40	40	0	80.0	80.0	-0.008427617140114307	-0.027920924127101898
best250_vs_u300	242	50	42	42	0	84.0	84.0	-0.008373474702239037	-0.04781850799918175
best250_vs_u300	578	50	37	37	0	74.0	74.0	-0.008336015976965427	0.0060404203832149506
best250_vs_u300	277	50	34	34	0	68.0	68.0	-0.008174972608685493	0.0038417531177401543
best250_vs_u300	533	50	47	47	0	94.0	94.0	-0.008142048493027687	-0.08040011674165726
best250_vs_u300	920	50	41	41	0	82.0	82.0	-0.007902693003416061	-0.024191655218601227
best250_vs_u300	497	50	36	36	0	72.0	72.0	-0.007893438450992107	-0.01740093156695366
best250_vs_u300	429	50	42	42	0	84.0	84.0	-0.0077444203197956085	-0.04769761860370636
best250_vs_u300	415	50	24	24	0	48.0	48.0	-0.007737459149211645	-0.013871240429580212
best250_vs_u300	84	50	48	48	0	96.0	96.0	-0.007675777655094862	-0.06167830526828766
best250_vs_u300	973	50	38	38	0	76.0	76.0	-0.007654729299247265	-0.02836717665195465
best250_vs_u300	880	50	47	47	0	94.0	94.0	-0.00755112012848258	0.03484001010656357
best250_vs_u300	886	50	47	47	0	94.0	94.0	-0.0075485436245799065	-0.04099949821829796
best250_vs_u300	946	50	47	47	0	94.0	94.0	-0.0074615092016756535	-0.0010629273019731045
best250_vs_u300	552	50	45	45	0	90.0	90.0	-0.007405304815620184	-0.02402486838400364
best250_vs_u300	291	50	50	50	0	100.0	100.0	-0.007366911042481661	-0.04041096568107605
best250_vs_u300	918	50	45	45	0	90.0	90.0	-0.007215567864477634	-0.036438751965761185
best250_vs_u300	910	50	39	39	0	78.0	78.0	-0.007202178239822388	-0.010395288467407227
best250_vs_u300	571	50	46	46	0	92.0	92.0	-0.007110969629138708	-0.13851392269134521
best250_vs_u300	534	50	32	32	0	64.0	64.0	-0.007063176017254591	-0.024059800431132317
best250_vs_u300	568	50	45	45	0	90.0	90.0	-0.00698268786072731	-0.06754205375909805
best250_vs_u300	583	50	47	47	0	94.0	94.0	-0.006931522861123085	-0.06625956296920776
best250_vs_u300	22	50	50	50	0	100.0	100.0	-0.00685155438259244	-0.054489392787218094
best250_vs_u300	565	50	50	50	0	100.0	100.0	-0.006831442005932331	-0.03984011709690094
best250_vs_u300	989	50	50	50	0	100.0	100.0	-0.006797307636588812	-0.05062955990433693
best250_vs_u300	353	50	36	36	0	72.0	72.0	-0.006756654940545559	-0.021660299971699715
best250_vs_u300	48	50	48	48	0	96.0	96.0	-0.0067203897051513195	0.004864044021815062
best250_vs_u300	108	50	33	33	0	66.0	66.0	-0.006698033306747675	-0.04818609356880188
best250_vs_u300	517	50	42	42	0	84.0	84.0	-0.006694871000945568	0.04195083677768707
best250_vs_u300	177	50	45	45	0	90.0	90.0	-0.006668181624263525	-0.025446301326155663
best250_vs_u300	957	50	47	47	0	94.0	94.0	-0.0065719569101929665	-0.050257109105587006
best250_vs_u300	478	50	29	29	0	58.0	58.0	-0.006567162461578846	-0.057822275906801224
best250_vs_u300	428	50	42	42	0	84.0	84.0	-0.006508163176476955	-0.06023154407739639
best250_vs_u300	607	50	49	49	0	98.0	98.0	-0.006358808372169733	-0.05829332396388054
best250_vs_u300	89	50	49	49	0	98.0	98.0	-0.006335465703159571	-0.021111369132995605
best250_vs_u300	117	50	45	45	0	90.0	90.0	-0.00630256487056613	-0.06693139672279358
best250_vs_u300	86	50	44	44	0	88.0	88.0	-0.0062796203419566154	-0.028125010430812836
best250_vs_u300	317	50	46	46	0	92.0	92.0	-0.006275184918195009	-0.05703917518258095
best250_vs_u300	189	50	42	42	0	84.0	84.0	-0.006265941075980663	0.007410173304378986
best250_vs_u300	942	50	41	41	0	82.0	82.0	-0.006198393180966377	-0.03406963497400284
best250_vs_u300	131	50	43	43	0	86.0	86.0	-0.006169149652123451	0.02125009521842003
best250_vs_u300	902	50	42	42	0	84.0	84.0	-0.006113933864980936	-0.07078619301319122
best250_vs_u300	447	50	33	33	0	66.0	66.0	-0.006017080508172512	0.006999397184699774
best250_vs_u300	610	50	45	45	0	90.0	90.0	-0.00600848812609911	-0.06191619858145714
best250_vs_u300	904	50	33	33	0	66.0	66.0	-0.005967321805655956	-0.042772501707077026
best250_vs_u300	396	50	48	48	0	96.0	96.0	-0.0058459071442484856	0.004773454740643501
best250_vs_u300	486	50	45	45	0	90.0	90.0	-0.005776031408458948	-0.05919027328491211
best250_vs_u300	897	50	45	45	0	90.0	90.0	-0.005766346585005522	-0.05407389625906944
best250_vs_u300	576	50	49	49	0	98.0	98.0	-0.005714528728276491	-0.04136767238378525
best250_vs_u300	518	50	48	48	0	96.0	96.0	-0.005688982550054789	-0.038167934864759445
best250_vs_u300	999	50	26	26	0	52.0	52.0	-0.005663660820573568	-0.035598430782556534
best250_vs_u300	888	50	42	42	0	84.0	84.0	-0.005639636889100075	-0.009013747796416283
best250_vs_u300	985	50	49	49	0	98.0	98.0	-0.00560628529638052	-0.03236211836338043
best250_vs_u300	94	50	48	48	0	96.0	96.0	-0.005593399982899427	-0.017559194937348366
best250_vs_u300	68	50	14	14	0	28.0	28.0	-0.005552125629037619	-0.019841346889734268
best250_vs_u300	832	50	46	46	0	92.0	92.0	-0.005542142316699028	-0.08807945996522903
best250_vs_u300	392	50	49	49	0	98.0	98.0	-0.00553964963182807	-0.025610171258449554
best250_vs_u300	96	50	46	46	0	92.0	92.0	-0.005526348948478699	-0.09412480145692825
best250_vs_u300	793	50	42	42	0	84.0	84.0	-0.005520422011613846	-0.01564626768231392
best250_vs_u300	569	50	48	48	0	96.0	96.0	-0.005494123324751854	-0.05813749134540558
best250_vs_u300	31	50	46	46	0	92.0	92.0	-0.0054806554690003395	-0.04952268674969673
best250_vs_u300	17	50	47	47	0	94.0	94.0	-0.0054621915332973	-0.055156249552965164
best250_vs_u300	309	50	43	43	0	86.0	86.0	-0.005457462277263403	-0.02689647674560547
best250_vs_u300	359	50	36	36	0	72.0	72.0	-0.005421536508947611	-0.021219033747911453
best250_vs_u300	949	50	35	35	0	70.0	70.0	-0.005401052068918943	0.02027963660657406
best250_vs_u300	276	50	47	47	0	94.0	94.0	-0.005399029236286879	-0.02528117224574089
best250_vs_u300	939	50	42	42	0	84.0	84.0	-0.005350533872842789	0.011092443019151688
best250_vs_u300	235	50	42	42	0	84.0	84.0	-0.005321647506207228	0.014872350730001926
best250_vs_u300	852	50	43	43	0	86.0	86.0	-0.005302435252815485	-0.03143836930394173
best250_vs_u300	703	50	40	40	0	80.0	80.0	-0.005167926661670208	-0.013797368854284286
best250_vs_u300	628	50	47	47	0	94.0	94.0	-0.005111699923872948	-0.03566272556781769
best250_vs_u300	342	50	45	45	0	90.0	90.0	-0.005082177929580212	-0.02250000089406967
best250_vs_u300	144	50	48	48	0	96.0	96.0	-0.005029556807130575	-0.04713698476552963
best250_vs_u300	625	50	47	47	0	94.0	94.0	-0.004995827563107014	0.012684536166489124
best250_vs_u300	783	50	49	49	0	98.0	98.0	-0.004932667128741741	-0.0324336439371109
best250_vs_u300	933	50	48	48	0	96.0	96.0	-0.004929371643811464	-0.006666440982371569
best250_vs_u300	943	50	37	37	0	74.0	74.0	-0.004900554195046425	-0.016824159771203995
best250_vs_u300	142	50	45	45	0	90.0	90.0	-0.004891487304121256	-0.010937470942735672
best250_vs_u300	71	50	47	47	0	94.0	94.0	-0.004866631235927343	-0.06613931059837341
best250_vs_u300	997	50	39	39	0	78.0	78.0	-0.004766421392560005	0.01388908363878727
best250_vs_u300	511	50	43	43	0	86.0	86.0	-0.004759014118462801	0.0029685210902243853
best250_vs_u300	743	50	37	37	0	74.0	74.0	-0.00474537443369627	-0.02922617830336094
best250_vs_u300	91	50	46	46	0	92.0	92.0	-0.004680773243308067	-0.036901216953992844
best250_vs_u300	169	50	49	49	0	98.0	98.0	-0.004626503214240074	-0.03806421160697937
best250_vs_u300	617	50	43	43	0	86.0	86.0	-0.00457838224247098	-0.038988322019577026
best250_vs_u300	130	50	49	49	0	98.0	98.0	-0.004559570457786322	-0.010917291976511478
best250_vs_u300	23	50	49	49	0	98.0	98.0	-0.0044319117441773415	-0.058555785566568375
best250_vs_u300	950	50	39	39	0	78.0	78.0	-0.004417360294610262	0.018269920721650124
best250_vs_u300	538	50	39	39	0	78.0	78.0	-0.004398754332214594	-0.05705428123474121
best250_vs_u300	701	50	48	48	0	96.0	96.0	-0.004353770986199379	-0.026777267456054688
best250_vs_u300	850	50	44	44	0	88.0	88.0	-0.004325891844928265	-0.02366076409816742
best250_vs_u300	10	50	48	48	0	96.0	96.0	-0.004313269164413214	-0.061786774545907974
best250_vs_u300	773	50	34	34	0	68.0	68.0	-0.004274600651115179	0.0012613869039341807
best250_vs_u300	867	50	45	45	0	90.0	90.0	-0.0042594303376972675	-0.01465718261897564
best250_vs_u300	604	50	49	49	0	98.0	98.0	-0.004227083176374435	-0.07288438826799393
best250_vs_u300	375	50	45	45	0	90.0	90.0	-0.004145091399550438	-0.026472100988030434
best250_vs_u300	178	50	47	47	0	94.0	94.0	-0.00414142943918705	-0.04071374982595444
best250_vs_u300	676	50	38	38	0	76.0	76.0	-0.004121147561818361	-0.05411519482731819
best250_vs_u300	476	50	49	49	0	98.0	98.0	-0.004088862333446741	-0.041146308183670044
best250_vs_u300	936	50	46	46	0	92.0	92.0	-0.004082989878952503	-0.03959273174405098
best250_vs_u300	796	50	40	40	0	80.0	80.0	-0.00402472959831357	-0.04312501847743988
best250_vs_u300	95	50	48	48	0	96.0	96.0	-0.004017458762973547	0.003357992274686694
best250_vs_u300	76	50	50	50	0	100.0	100.0	-0.0039776102639734745	-0.06608011573553085
best250_vs_u300	220	50	36	36	0	72.0	72.0	-0.0038997477386146784	-0.028553428128361702
best250_vs_u300	966	50	34	34	0	68.0	68.0	-0.0038651693612337112	-0.03449943661689758
best250_vs_u300	739	50	48	48	0	96.0	96.0	-0.0038578358944505453	-0.04437487572431564
best250_vs_u300	540	50	44	44	0	88.0	88.0	-0.003855406306684017	-0.0648869052529335
best250_vs_u300	327	50	45	45	0	90.0	90.0	-0.0038106718566268682	-0.008733806200325489
best250_vs_u300	562	50	47	47	0	94.0	94.0	-0.0037721707485616207	0.028347617015242577
best250_vs_u300	958	50	47	47	0	94.0	94.0	-0.0037331620696932077	-0.012430038303136826
best250_vs_u300	329	50	39	39	0	78.0	78.0	-0.0037138438783586025	-0.06806976348161697
best250_vs_u300	528	50	48	48	0	96.0	96.0	-0.0037074515130370855	-0.008851165883243084
best250_vs_u300	843	50	45	45	0	90.0	90.0	-0.0036836876533925533	-0.007432861253619194
best250_vs_u300	752	50	42	42	0	84.0	84.0	-0.0036828964948654175	0.02234473265707493
best250_vs_u300	425	50	47	47	0	94.0	94.0	-0.0035717927385121584	0.0007657146197743714
best250_vs_u300	123	50	43	43	0	86.0	86.0	-0.003497521625831723	-0.05376552417874336
best250_vs_u300	836	50	12	12	0	24.0	24.0	-0.003489717608317733	-0.008551130071282387
best250_vs_u300	100	50	49	49	0	98.0	98.0	-0.00347231631167233	-0.010507927276194096
best250_vs_u300	127	50	46	46	0	92.0	92.0	-0.003426483366638422	0.041316356509923935
best250_vs_u300	393	50	48	48	0	96.0	96.0	-0.0034189883153885603	0.013998308219015598
best250_vs_u300	594	50	49	49	0	98.0	98.0	-0.0033952086232602596	-0.0665186196565628
best250_vs_u300	133	50	48	48	0	96.0	96.0	-0.003296683542430401	0.014794779010117054
best250_vs_u300	734	50	44	44	0	88.0	88.0	-0.0032486217096447945	0.0007457542233169079
best250_vs_u300	948	50	47	47	0	94.0	94.0	-0.003248615190386772	-0.011217040941119194
best250_vs_u300	451	50	42	42	0	84.0	84.0	-0.003246229374781251	0.009341459721326828
best250_vs_u300	87	50	49	49	0	98.0	98.0	-0.003212063340470195	-0.0024214554578065872
best250_vs_u300	77	50	37	37	0	74.0	74.0	-0.0032033512834459543	0.04387402534484863
best250_vs_u300	646	50	44	44	0	88.0	88.0	-0.003133555641397834	-0.06622273474931717
best250_vs_u300	724	50	42	42	0	84.0	84.0	-0.00311947800219059	0.01219531986862421
best250_vs_u300	236	50	40	40	0	80.0	80.0	-0.0031064192298799753	-0.06526019424200058
best250_vs_u300	953	50	48	48	0	96.0	96.0	-0.0030856539960950613	-0.026550130918622017
best250_vs_u300	746	50	46	46	0	92.0	92.0	-0.0030164700001478195	-0.0034075547009706497
best250_vs_u300	267	50	43	43	0	86.0	86.0	-0.0030118271242827177	-0.029114332050085068
best250_vs_u300	149	50	44	44	0	88.0	88.0	-0.0029424000531435013	-0.06418480724096298
best250_vs_u300	15	50	48	48	0	96.0	96.0	-0.002904062857851386	0.031164120882749557
best250_vs_u300	29	50	47	47	0	94.0	94.0	-0.0028882892802357674	-0.04208043962717056
best250_vs_u300	624	50	33	33	0	66.0	66.0	-0.0028285300359129906	0.02140161581337452
best250_vs_u300	307	50	43	43	0	86.0	86.0	-0.0028264629654586315	-0.012480173259973526
best250_vs_u300	554	50	49	49	0	98.0	98.0	-0.002809460274875164	0.0023715305142104626
best250_vs_u300	911	50	22	22	0	44.0	44.0	-0.002789160003885627	-0.08889378607273102
best250_vs_u300	882	50	41	41	0	82.0	82.0	-0.0027329062577337027	0.033945854753255844
best250_vs_u300	365	50	46	46	0	92.0	92.0	-0.0026990363840013742	-0.0742369294166565
best250_vs_u300	217	50	47	47	0	94.0	94.0	-0.0026442455127835274	-0.016205359250307083
best250_vs_u300	820	50	49	49	0	98.0	98.0	-0.0026329478714615107	0.00020704269991256297
best250_vs_u300	561	50	47	47	0	94.0	94.0	-0.002608152572065592	-0.022336577996611595
best250_vs_u300	14	50	49	49	0	98.0	98.0	-0.0025319235865026712	0.04441361501812935
best250_vs_u300	954	50	45	45	0	90.0	90.0	-0.00252824486233294	-0.009640035219490528
best250_vs_u300	855	50	38	38	0	76.0	76.0	-0.002513438230380416	-0.0007772159297019243
best250_vs_u300	931	50	36	36	0	72.0	72.0	-0.002492759609594941	-0.031856879591941833
best250_vs_u300	55	50	33	33	0	66.0	66.0	-0.0024828147143125534	-0.009648818522691727
best250_vs_u300	398	50	43	43	0	86.0	86.0	-0.0024755385238677263	-0.029446477070450783
best250_vs_u300	998	50	25	25	0	50.0	50.0	-0.0024314280599355698	0.0018749714363366365
best250_vs_u300	228	50	46	46	0	92.0	92.0	-0.0023277010768651962	-0.021889258176088333
best250_vs_u300	181	50	47	47	0	94.0	94.0	-0.002283311216160655	0.02640240639448166
best250_vs_u300	417	50	45	45	0	90.0	90.0	-0.002194336149841547	0.01284017600119114
best250_vs_u300	245	50	43	43	0	86.0	86.0	-0.002182150259613991	-0.013374938629567623
best250_vs_u300	727	50	45	45	0	90.0	90.0	-0.0021811160258948803	-0.023179855197668076
best250_vs_u300	707	50	43	43	0	86.0	86.0	-0.002174763008952141	-0.04022254794836044
best250_vs_u300	134	50	37	37	0	74.0	74.0	-0.0021308776922523975	-0.017866821959614754
best250_vs_u300	475	50	47	47	0	94.0	94.0	-0.0021220871713012457	-0.023436421528458595
best250_vs_u300	660	50	35	35	0	70.0	70.0	-0.002100846730172634	-0.040802136063575745
best250_vs_u300	951	50	40	40	0	80.0	80.0	-0.0020941775292158127	-0.030822305008769035
best250_vs_u300	0	50	49	49	0	98.0	98.0	-0.0020577223040163517	-0.03921884670853615
best250_vs_u300	323	50	49	49	0	98.0	98.0	-0.0020380469504743814	-0.07482311129570007
best250_vs_u300	452	50	38	38	0	76.0	76.0	-0.0020359032787382603	-0.023800507187843323
best250_vs_u300	947	50	21	21	0	42.0	42.0	-0.002035892102867365	0.0003124999930150807
best250_vs_u300	597	50	37	37	0	74.0	74.0	-0.002009853720664978	-0.027539720758795738
best250_vs_u300	668	50	48	48	0	96.0	96.0	-0.0020089077297598124	0.019870376214385033
best250_vs_u300	606	50	47	47	0	94.0	94.0	-0.0019463637145236135	0.043726131319999695
best250_vs_u300	376	50	50	50	0	100.0	100.0	-0.001923575415275991	-0.050203438848257065
best250_vs_u300	57	50	47	47	0	94.0	94.0	-0.0019070538692176342	0.010283708572387695
best250_vs_u300	938	50	47	47	0	94.0	94.0	-0.0019006991060450673	-0.022054247558116913
best250_vs_u300	603	50	46	46	0	92.0	92.0	-0.0019002640619874	-0.0291538517922163
best250_vs_u300	925	50	30	30	0	60.0	60.0	-0.001887432299554348	0.03299350664019585
best250_vs_u300	122	50	45	45	0	90.0	90.0	-0.0018567469669505954	-0.051018714904785156
best250_vs_u300	508	50	39	39	0	78.0	78.0	-0.0018500820733606815	-0.051858462393283844
best250_vs_u300	967	50	37	37	0	74.0	74.0	-0.0018155877478420734	-0.03531188890337944
best250_vs_u300	409	50	35	35	0	70.0	70.0	-0.0018095369450747967	0.025919942185282707
best250_vs_u300	426	50	45	45	0	90.0	90.0	-0.001808512955904007	-0.021462440490722656
best250_vs_u300	959	50	45	45	0	90.0	90.0	-0.0017974189249798656	-0.03163168951869011
best250_vs_u300	357	50	47	47	0	94.0	94.0	-0.0017666110070422292	-0.03608301281929016
best250_vs_u300	252	50	44	44	0	88.0	88.0	-0.001765633118338883	-0.005738420411944389
best250_vs_u300	352	50	44	44	0	88.0	88.0	-0.00175910082180053	-0.011660289950668812
best250_vs_u300	993	50	49	49	0	98.0	98.0	-0.0017410570289939642	-0.011635636910796165
best250_vs_u300	766	50	44	44	0	88.0	88.0	-0.0017270809039473534	0.0014525222359225154
best250_vs_u300	41	50	47	47	0	94.0	94.0	-0.0017113324720412493	-0.036746758967638016
best250_vs_u300	863	50	48	48	0	96.0	96.0	-0.0017007981659844518	0.0017114734509959817
best250_vs_u300	875	50	43	43	0	86.0	86.0	-0.0016683931462466717	-0.07329428941011429
best250_vs_u300	675	50	29	29	0	58.0	58.0	-0.0016473117284476757	0.02320943772792816
best250_vs_u300	530	50	33	33	0	66.0	66.0	-0.0016285728197544813	0.0002294826554134488
best250_vs_u300	237	50	42	42	0	84.0	84.0	-0.0016223922139033675	-0.04559755325317383
best250_vs_u300	403	50	43	43	0	86.0	86.0	-0.0016009369865059853	0.029350528493523598
best250_vs_u300	281	50	38	38	0	76.0	76.0	-0.0015262127853929996	0.0022078324109315872
best250_vs_u300	405	50	40	40	0	80.0	80.0	-0.0015246481634676456	-0.032064829021692276
best250_vs_u300	275	50	50	50	0	100.0	100.0	-0.0015170109691098332	0.007778806611895561
best250_vs_u300	82	50	43	43	0	86.0	86.0	-0.0015015114331617951	0.01875000074505806
best250_vs_u300	994	50	45	45	0	90.0	90.0	-0.0014962878776714206	-0.031113119795918465
best250_vs_u300	644	50	38	38	0	76.0	76.0	-0.0014786735409870744	0.046796273440122604
best250_vs_u300	532	50	41	41	0	82.0	82.0	-0.0014372891746461391	-0.0054144952446222305
best250_vs_u300	12	50	48	48	0	96.0	96.0	-0.0014190874062478542	0.0032189274206757545
best250_vs_u300	658	50	36	36	0	72.0	72.0	-0.0014105403097346425	-0.020696450024843216
best250_vs_u300	442	50	35	35	0	70.0	70.0	-0.0013294897507876158	0.005986452102661133
best250_vs_u300	32	50	24	24	0	48.0	48.0	-0.0013255462981760502	0.0034142208751291037
best250_vs_u300	274	50	47	47	0	94.0	94.0	-0.0012895885156467557	0.02905818074941635
best250_vs_u300	292	50	48	48	0	96.0	96.0	-0.0012891280930489302	-0.008920478634536266
best250_vs_u300	708	50	31	31	0	62.0	62.0	-0.001277094823308289	-0.04987088218331337
best250_vs_u300	731	50	31	31	0	62.0	62.0	-0.0012481261510401964	0.0032734107226133347
best250_vs_u300	808	50	36	36	0	72.0	72.0	-0.0012339275563135743	-0.0028399848379194736
best250_vs_u300	901	50	34	34	0	68.0	68.0	-0.0012229863787069917	-0.019263392314314842
best250_vs_u300	488	50	17	17	0	34.0	34.0	-0.0012037454871460795	0.03530097007751465
best250_vs_u300	924	50	43	43	0	86.0	86.0	-0.001201208564452827	-0.024024220183491707
best250_vs_u300	753	50	41	41	0	82.0	82.0	-0.0011632246896624565	-0.023297300562262535
best250_vs_u300	80	50	44	44	0	88.0	88.0	-0.001138495746999979	0.033185891807079315
best250_vs_u300	829	50	46	46	0	92.0	92.0	-0.0010945270769298077	0.05961646884679794
best250_vs_u300	394	50	45	45	0	90.0	90.0	-0.0010593124898150563	-0.009377297945320606
best250_vs_u300	389	50	43	43	0	86.0	86.0	-0.0010528776329010725	0.04593750089406967
best250_vs_u300	581	50	41	41	0	82.0	82.0	-0.001019149785861373	-0.003102474147453904
best250_vs_u300	952	50	46	46	0	92.0	92.0	-0.0009820847772061825	0.0073231603018939495
best250_vs_u300	286	50	47	47	0	94.0	94.0	-0.000961141602601856	0.001105937990359962
best250_vs_u300	271	50	30	30	0	60.0	60.0	-0.0009153247810900211	-0.002683572703972459
best250_vs_u300	840	50	45	45	0	90.0	90.0	-0.0008920496911741793	-0.023087339475750923
best250_vs_u300	440	50	42	42	0	84.0	84.0	-0.0008581684669479728	0.01726250723004341
best250_vs_u300	102	50	50	50	0	100.0	100.0	-0.00085098622366786	-0.022812500596046448
best250_vs_u300	251	50	49	49	0	98.0	98.0	-0.0007957674679346383	-0.03793856501579285
best250_vs_u300	805	50	46	46	0	92.0	92.0	-0.000768734491430223	0.019020386040210724
best250_vs_u300	11	50	49	49	0	98.0	98.0	-0.000737139256671071	-0.025984173640608788
best250_vs_u300	598	50	37	37	0	74.0	74.0	-0.0007314974209293723	0.006870002951472998
best250_vs_u300	493	50	15	15	0	30.0	30.0	-0.0007099735084921122	0.03443233668804169
best250_vs_u300	13	50	50	50	0	100.0	100.0	-0.0007043397636152804	-0.02757791429758072
best250_vs_u300	684	50	45	45	0	90.0	90.0	-0.0006807902245782316	0.014356556348502636
best250_vs_u300	448	50	46	46	0	92.0	92.0	-0.0006272560567595065	0.004182720091193914
best250_vs_u300	69	50	49	49	0	98.0	98.0	-0.0006271667080000043	0.010914620943367481
best250_vs_u300	221	50	45	45	0	90.0	90.0	-0.000604339234996587	-0.026881074532866478
best250_vs_u300	371	50	35	35	0	70.0	70.0	-0.0005995023529976606	-0.04015805199742317
best250_vs_u300	345	50	32	32	0	64.0	64.0	-0.0005064784199930727	-0.03154679387807846
best250_vs_u300	883	50	27	27	0	54.0	54.0	-0.0004092816961929202	-0.02847752533853054
best250_vs_u300	322	50	47	47	0	94.0	94.0	-0.0003825636231340468	-0.03286169096827507
best250_vs_u300	196	50	36	36	0	72.0	72.0	-0.0003555379807949066	-0.04538554325699806
best250_vs_u300	640	50	48	48	0	96.0	96.0	-0.0002834936894942075	-0.0052942754700779915
best250_vs_u300	927	50	48	48	0	96.0	96.0	-0.00020873695029877126	-0.008750524371862411
best250_vs_u300	539	50	39	39	0	78.0	78.0	-0.00020783700165338814	-3.125190778519027e-05
best250_vs_u300	726	50	46	46	0	92.0	92.0	-0.00019529700512066483	-0.008473405614495277
best250_vs_u300	362	50	44	44	0	88.0	88.0	-0.0001871219283202663	0.0022028922103345394
best250_vs_u300	801	50	46	46	0	92.0	92.0	-0.0001688075135461986	-0.01571216620504856
best250_vs_u300	491	50	49	49	0	98.0	98.0	-0.0001534061157144606	-0.10617665201425552
best250_vs_u300	26	50	31	31	0	62.0	62.0	-9.066685743164271e-05	0.06289616227149963
best250_vs_u300	991	50	49	49	0	98.0	98.0	-8.794248424237594e-05	-0.016809454187750816
best250_vs_u300	324	50	48	48	0	96.0	96.0	-2.4618953830213286e-05	0.00023356438032351434
best250_vs_u300	847	50	39	39	0	78.0	78.0	1.6097426851047203e-05	0.023625239729881287
best250_vs_u300	331	50	47	47	0	94.0	94.0	2.8853119147242978e-05	-0.03467319533228874
best250_vs_u300	9	50	50	50	0	100.0	100.0	3.773689240915701e-05	-0.012175150215625763
best250_vs_u300	78	50	39	39	0	78.0	78.0	4.7752484533702955e-05	-0.022864684462547302
best250_vs_u300	873	50	48	48	0	96.0	96.0	0.00012658670311793685	-0.0014537525130435824
best250_vs_u300	333	50	50	50	0	100.0	100.0	0.00014934777573216707	-0.03290010616183281
best250_vs_u300	126	50	40	40	0	80.0	80.0	0.00021891042706556618	0.0008232498075813055
best250_vs_u300	563	50	44	44	0	88.0	88.0	0.00021907866175752133	-0.05265624076128006
best250_vs_u300	1	50	49	49	0	98.0	98.0	0.0002247902739327401	0.03149157389998436
best250_vs_u300	833	50	43	43	0	86.0	86.0	0.000271484546829015	0.0005966663593426347
best250_vs_u300	599	50	40	40	0	80.0	80.0	0.00027423148276284337	0.027033356949687004
best250_vs_u300	19	50	50	50	0	100.0	100.0	0.00029236674890853465	0.015795670449733734
best250_vs_u300	535	50	49	49	0	98.0	98.0	0.00032375543378293514	-0.0005020236712880433
best250_vs_u300	137	50	43	43	0	86.0	86.0	0.0003398321568965912	0.008402385748922825
best250_vs_u300	621	50	45	45	0	90.0	90.0	0.000366810942068696	0.022806845605373383
best250_vs_u300	794	50	36	36	0	72.0	72.0	0.0004421573830768466	0.036671388894319534
best250_vs_u300	332	50	50	50	0	100.0	100.0	0.00044892370351590216	-0.0037444066256284714
best250_vs_u300	207	50	47	47	0	94.0	94.0	0.0005168804782442749	-0.007732400670647621
best250_vs_u300	90	50	50	50	0	100.0	100.0	0.0005286228843033314	0.04132698103785515
best250_vs_u300	74	50	29	29	0	58.0	58.0	0.0005314953741617501	0.017345285043120384
best250_vs_u300	881	50	42	42	0	84.0	84.0	0.0005520352860912681	0.027157746255397797
best250_vs_u300	688	50	47	47	0	94.0	94.0	0.00055536167928949	-0.020390482619404793
best250_vs_u300	98	50	47	47	0	94.0	94.0	0.0005830626469105482	0.03224869817495346
best250_vs_u300	161	50	42	42	0	84.0	84.0	0.0006083798361942172	-0.03609897568821907
best250_vs_u300	656	50	28	28	0	56.0	56.0	0.0006144802318885922	-0.0061811828054487705
best250_vs_u300	140	50	47	47	0	94.0	94.0	0.0006183061050251126	-0.02036931924521923
best250_vs_u300	383	50	34	34	0	68.0	68.0	0.0006327072624117136	-0.012500009499490261
best250_vs_u300	520	50	38	38	0	76.0	76.0	0.0006338378880172968	0.004411935806274414
best250_vs_u300	669	50	49	49	0	98.0	98.0	0.0006377330282703042	-0.023359011858701706
best250_vs_u300	995	50	50	50	0	100.0	100.0	0.0006422317237593234	0.012446851469576359
best250_vs_u300	284	50	48	48	0	96.0	96.0	0.0006589198019355536	0.008216934278607368
best250_vs_u300	395	50	40	40	0	80.0	80.0	0.0007089603459462523	-0.05287262797355652
best250_vs_u300	992	50	43	43	0	86.0	86.0	0.0007431955891661346	0.015291376039385796
best250_vs_u300	878	50	44	44	0	88.0	88.0	0.0007546005654148757	-0.0031250000465661287
best250_vs_u300	388	50	47	47	0	94.0	94.0	0.0008241829345934093	-0.014394235797226429
best250_vs_u300	505	50	34	34	0	68.0	68.0	0.0008242183830589056	-0.019795827567577362
best250_vs_u300	647	50	44	44	0	88.0	88.0	0.0008626114577054977	-0.07684076577425003
best250_vs_u300	926	50	44	44	0	88.0	88.0	0.000868085480760783	0.02723325788974762
best250_vs_u300	301	50	47	47	0	94.0	94.0	0.0008859525551088154	0.028750000521540642
best250_vs_u300	404	50	47	47	0	94.0	94.0	0.0008923569112084806	0.008915386162698269
best250_vs_u300	141	50	46	46	0	92.0	92.0	0.0009684821707196534	0.09141070395708084
best250_vs_u300	397	50	46	46	0	92.0	92.0	0.0009969561360776424	-0.013792982324957848
best250_vs_u300	268	50	46	46	0	92.0	92.0	0.0010082849767059088	-0.014224911108613014
best250_vs_u300	203	50	47	47	0	94.0	94.0	0.0010330897057428956	0.017774619162082672
best250_vs_u300	52	50	40	40	0	80.0	80.0	0.0010356978746131063	-0.08969990909099579
best250_vs_u300	184	50	39	39	0	78.0	78.0	0.0011567141627892852	-0.012735776603221893
best250_vs_u300	305	50	44	44	0	88.0	88.0	0.0011862762039527297	-0.051665835082530975
best250_vs_u300	61	50	43	43	0	86.0	86.0	0.0012022453593090177	-0.023044204339385033
best250_vs_u300	894	50	40	40	0	80.0	80.0	0.0012287924764677882	-0.022716207429766655
best250_vs_u300	432	50	42	42	0	84.0	84.0	0.0012930675875395536	0.0005859279772266746
best250_vs_u300	16	50	46	46	0	92.0	92.0	0.0013024333165958524	-0.019539209082722664
best250_vs_u300	556	50	32	32	0	64.0	64.0	0.001329165999777615	-0.026179341599345207
best250_vs_u300	113	50	44	44	0	88.0	88.0	0.0013593357289209962	0.011261911131441593
best250_vs_u300	557	50	42	42	0	84.0	84.0	0.001386003103107214	-0.007161932066082954
best250_vs_u300	498	50	37	37	0	74.0	74.0	0.0014229064108803868	-0.006156005896627903
best250_vs_u300	570	50	46	46	0	92.0	92.0	0.0014448176370933652	-0.00219865795224905
best250_vs_u300	188	50	43	43	0	86.0	86.0	0.0014641155721619725	0.02649122290313244
best250_vs_u300	458	50	48	48	0	96.0	96.0	0.0015133738052099943	-0.015901852399110794
best250_vs_u300	661	50	46	46	0	92.0	92.0	0.0015221659559756517	0.04570053145289421
best250_vs_u300	75	50	44	44	0	88.0	88.0	0.0015350879402831197	0.024530820548534393
best250_vs_u300	984	50	48	48	0	96.0	96.0	0.0015390769112855196	0.010449380613863468
best250_vs_u300	262	50	49	49	0	98.0	98.0	0.0015426701866090298	-0.012760067358613014
best250_vs_u300	729	50	32	32	0	64.0	64.0	0.0015523417387157679	0.03257041797041893
best250_vs_u300	300	50	48	48	0	96.0	96.0	0.001565480837598443	0.004041061270982027
best250_vs_u300	937	50	46	46	0	92.0	92.0	0.0015800300752744079	0.025311680510640144
best250_vs_u300	481	50	33	33	0	66.0	66.0	0.0016035409644246101	-0.03949432447552681
best250_vs_u300	408	50	38	38	0	76.0	76.0	0.0016368806827813387	-0.02552861161530018
best250_vs_u300	143	50	49	49	0	98.0	98.0	0.001645856536924839	0.0008713054703548551
best250_vs_u300	225	50	46	46	0	92.0	92.0	0.001657666522078216	0.008290586061775684
best250_vs_u300	600	50	20	20	0	40.0	40.0	0.0016608255682513118	0.011586733162403107
best250_vs_u300	523	50	33	33	0	66.0	66.0	0.001672703423537314	-0.0038348007947206497
best250_vs_u300	255	50	50	50	0	100.0	100.0	0.0016904377844184637	0.025727681815624237
best250_vs_u300	916	50	49	49	0	98.0	98.0	0.0017236060230061412	-0.00013497352483682334
best250_vs_u300	444	50	44	44	0	88.0	88.0	0.0017420420190319419	-0.0013178252847865224
best250_vs_u300	489	50	40	40	0	80.0	80.0	0.0017797373002395034	-0.03922569379210472
best250_vs_u300	798	50	41	41	0	82.0	82.0	0.0017946328734979033	-0.022736653685569763
best250_vs_u300	312	50	36	36	0	72.0	72.0	0.0018036372493952513	-0.0060515496879816055
best250_vs_u300	270	50	47	47	0	94.0	94.0	0.0018080839654430747	0.006037454586476088
best250_vs_u300	139	50	50	50	0	100.0	100.0	0.0018113970290869474	-0.007915487512946129
best250_vs_u300	566	50	41	41	0	82.0	82.0	0.0019409127999097109	-0.024118157103657722
best250_vs_u300	810	50	19	19	0	38.0	38.0	0.0019420197932049632	0.013523158617317677
best250_vs_u300	146	50	50	50	0	100.0	100.0	0.0019530021818354726	0.04348934069275856
best250_vs_u300	654	50	40	40	0	80.0	80.0	0.001968756318092346	-0.0030264758970588446
best250_vs_u300	986	50	50	50	0	100.0	100.0	0.001989074982702732	0.04059334844350815
best250_vs_u300	560	50	48	48	0	96.0	96.0	0.0020772614516317844	0.03810279816389084
best250_vs_u300	234	50	46	46	0	92.0	92.0	0.0022531296126544476	0.01665576919913292
best250_vs_u300	176	50	42	42	0	84.0	84.0	0.0022644521668553352	0.03137464448809624
best250_vs_u300	981	50	42	42	0	84.0	84.0	0.0024099762085825205	-0.003174047451466322
best250_vs_u300	372	50	47	47	0	94.0	94.0	0.0024258852936327457	0.03407556563615799
best250_vs_u300	138	50	48	48	0	96.0	96.0	0.002442131284624338	0.029776860028505325
best250_vs_u300	2	50	41	41	0	82.0	82.0	0.0024924457538872957	0.012866267934441566
best250_vs_u300	20	50	44	44	0	88.0	88.0	0.002622357802465558	0.04110012948513031
best250_vs_u300	720	50	44	44	0	88.0	88.0	0.0027147734072059393	-0.034335508942604065
best250_vs_u300	685	50	48	48	0	96.0	96.0	0.002720699878409505	0.06234093755483627
best250_vs_u300	311	50	36	36	0	72.0	72.0	0.0027406918816268444	-0.014663705602288246
best250_vs_u300	815	50	36	36	0	72.0	72.0	0.002857399173080921	0.020391998812556267
best250_vs_u300	129	50	49	49	0	98.0	98.0	0.002860404783859849	0.05195944756269455
best250_vs_u300	962	50	38	38	0	76.0	76.0	0.002879053121432662	0.02647138573229313
best250_vs_u300	387	50	47	47	0	94.0	94.0	0.002966076135635376	-0.0109745217487216
best250_vs_u300	316	50	49	49	0	98.0	98.0	0.0030019229743629694	0.027425499632954597
best250_vs_u300	968	50	25	25	0	50.0	50.0	0.00300790136680007	0.059214115142822266
best250_vs_u300	173	50	39	39	0	78.0	78.0	0.003024657256901264	0.016946114599704742
best250_vs_u300	980	50	44	44	0	88.0	88.0	0.0030963525641709566	0.030875224620103836
best250_vs_u300	696	50	41	41	0	82.0	82.0	0.0031757133547216654	0.03266074135899544
best250_vs_u300	768	50	46	46	0	92.0	92.0	0.00318167544901371	0.005206251051276922
best250_vs_u300	791	50	42	42	0	84.0	84.0	0.003189989598467946	-0.015625
best250_vs_u300	470	50	35	35	0	70.0	70.0	0.003221657359972596	0.0017352104187011719
best250_vs_u300	401	50	45	45	0	90.0	90.0	0.0032437616027891636	0.014508218504488468
best250_vs_u300	152	50	42	42	0	84.0	84.0	0.0033190655522048473	0.025624990463256836
best250_vs_u300	39	50	45	45	0	90.0	90.0	0.0033442210406064987	0.006053304765373468
best250_vs_u300	340	50	48	48	0	96.0	96.0	0.003362501272931695	0.03114861436188221
best250_vs_u300	330	50	40	40	0	80.0	80.0	0.003362875198945403	-0.00936297420412302
best250_vs_u300	544	50	40	40	0	80.0	80.0	0.0033687823452055454	-0.010255708359181881
best250_vs_u300	436	50	35	35	0	70.0	70.0	0.003392260055989027	0.01928967423737049
best250_vs_u300	516	50	25	25	0	50.0	50.0	0.0033948076888918877	0.016648244112730026
best250_vs_u300	182	50	46	46	0	92.0	92.0	0.003405656898394227	0.02216721512377262
best250_vs_u300	79	50	43	43	0	86.0	86.0	0.003433595411479473	0.05117250606417656
best250_vs_u300	344	50	49	49	0	98.0	98.0	0.0034621553495526314	-0.009853648953139782
best250_vs_u300	343	50	48	48	0	96.0	96.0	0.0034776024986058474	0.017862806096673012
best250_vs_u300	736	50	45	45	0	90.0	90.0	0.0034879010636359453	0.03673793748021126
best250_vs_u300	453	50	37	37	0	74.0	74.0	0.0035169944167137146	0.013598918914794922
best250_vs_u300	797	50	35	35	0	70.0	70.0	0.003523627296090126	0.02741927094757557
best250_vs_u300	502	50	33	33	0	66.0	66.0	0.003568778047338128	0.0021546268835663795
best250_vs_u300	564	50	44	44	0	88.0	88.0	0.0035716532729566097	-0.03855130076408386
best250_vs_u300	821	50	45	45	0	90.0	90.0	0.0037035509012639523	0.04116562008857727
best250_vs_u300	788	50	47	47	0	94.0	94.0	0.0037577825132757425	-0.05280594900250435
best250_vs_u300	306	50	44	44	0	88.0	88.0	0.003771029179915786	0.04863324016332626
best250_vs_u300	297	50	38	38	0	76.0	76.0	0.0038113815244287252	-0.041371118277311325
best250_vs_u300	853	50	47	47	0	94.0	94.0	0.0038321635220199823	0.04864061251282692
best250_vs_u300	364	50	50	50	0	100.0	100.0	0.003972926177084446	-0.021833401173353195
best250_vs_u300	148	50	50	50	0	100.0	100.0	0.003987783100455999	0.007102136500179768
best250_vs_u300	85	50	47	47	0	94.0	94.0	0.003992533311247826	0.051249999552965164
best250_vs_u300	295	50	45	45	0	90.0	90.0	0.004020299296826124	0.08543655276298523
best250_vs_u300	662	50	37	37	0	74.0	74.0	0.004036242142319679	-0.03589591011404991
best250_vs_u300	988	50	50	50	0	100.0	100.0	0.004135404247790575	0.030188942328095436
best250_vs_u300	247	50	47	47	0	94.0	94.0	0.004199049435555935	0.013399171642959118
best250_vs_u300	969	50	22	22	0	44.0	44.0	0.004210219252854586	0.016756506636738777
best250_vs_u300	430	50	49	49	0	98.0	98.0	0.0042850119061768055	-0.05201518163084984
best250_vs_u300	771	50	45	45	0	90.0	90.0	0.004338564816862345	0.06343749165534973
best250_vs_u300	677	50	36	36	0	72.0	72.0	0.0044039455242455006	0.038564737886190414
best250_vs_u300	289	50	45	45	0	90.0	90.0	0.0044149961322546005	0.0756232738494873
best250_vs_u300	191	50	44	44	0	88.0	88.0	0.004427081439644098	-0.004288215655833483
best250_vs_u300	858	50	40	40	0	80.0	80.0	0.004448464140295982	0.03607635572552681
best250_vs_u300	356	50	22	22	0	44.0	44.0	0.004475879482924938	0.023651303723454475
best250_vs_u300	216	50	48	48	0	96.0	96.0	0.0045191021636128426	0.018273955211043358
best250_vs_u300	21	50	43	43	0	86.0	86.0	0.004521544557064772	0.020329371094703674
best250_vs_u300	416	50	47	47	0	94.0	94.0	0.004562499467283487	0.018432950600981712
best250_vs_u300	104	50	45	45	0	90.0	90.0	0.004571633879095316	0.017448024824261665
best250_vs_u300	826	50	33	33	0	66.0	66.0	0.004638340324163437	-0.002109470311552286
best250_vs_u300	73	50	24	24	0	48.0	48.0	0.004640904720872641	-0.011895332485437393
best250_vs_u300	384	50	47	47	0	94.0	94.0	0.004694557283073664	0.07022907584905624
best250_vs_u300	687	50	45	45	0	90.0	90.0	0.004767660517245531	0.0009063815814442933
best250_vs_u300	302	50	35	35	0	70.0	70.0	0.004769217222929001	0.043044958263635635
best250_vs_u300	8	50	45	45	0	90.0	90.0	0.004829032812267542	-0.013743839226663113
best250_vs_u300	373	50	41	41	0	82.0	82.0	0.0048388708382844925	0.0038080119993537664
best250_vs_u300	846	50	28	28	0	56.0	56.0	0.004907251801341772	0.018756570294499397
best250_vs_u300	368	50	41	41	0	82.0	82.0	0.00492453295737505	0.011639385484158993
best250_vs_u300	260	50	45	45	0	90.0	90.0	0.004937247838824987	-0.007360382005572319
best250_vs_u300	266	50	30	30	0	60.0	60.0	0.004991655703634024	0.05062498152256012
best250_vs_u300	51	50	49	49	0	98.0	98.0	0.0049929250963032246	0.0023251534439623356
best250_vs_u300	670	50	45	45	0	90.0	90.0	0.005024413578212261	-0.005732641089707613
best250_vs_u300	72	50	48	48	0	96.0	96.0	0.005025685299187899	0.005379981826990843
best250_vs_u300	63	50	43	43	0	86.0	86.0	0.005106223281472921	-0.0023278139997273684
best250_vs_u300	956	50	49	49	0	98.0	98.0	0.005111798644065857	0.007896956987679005
best250_vs_u300	525	50	40	40	0	80.0	80.0	0.0051946924068033695	0.04592796415090561
best250_vs_u300	611	50	47	47	0	94.0	94.0	0.005210429430007935	0.030733060091733932
best250_vs_u300	443	50	37	37	0	74.0	74.0	0.005250614136457443	-0.020183373242616653
best250_vs_u300	543	50	36	36	0	72.0	72.0	0.00529881939291954	-0.007747316267341375
best250_vs_u300	183	50	46	46	0	92.0	92.0	0.005305358208715916	0.010723390616476536
best250_vs_u300	558	50	24	24	0	48.0	48.0	0.005336218047887087	0.013627949170768261
best250_vs_u300	156	50	47	47	0	94.0	94.0	0.005348279606550932	0.035391196608543396
best250_vs_u300	648	50	33	33	0	66.0	66.0	0.005382596980780363	0.006784792058169842
best250_vs_u300	824	50	34	34	0	68.0	68.0	0.005394072737544775	0.011426849290728569
best250_vs_u300	714	50	40	40	0	80.0	80.0	0.005429317243397236	0.046077366918325424
best250_vs_u300	378	50	45	45	0	90.0	90.0	0.005444402806460857	0.04866540804505348
best250_vs_u300	406	50	38	38	0	76.0	76.0	0.00544683076441288	0.013749999925494194
best250_vs_u300	572	50	36	36	0	72.0	72.0	0.005591720342636108	0.09019356966018677
best250_vs_u300	377	50	41	41	0	82.0	82.0	0.00559549406170845	-0.004975338000804186
best250_vs_u300	269	50	42	42	0	84.0	84.0	0.005626270547509193	0.045043591409921646
best250_vs_u300	608	50	37	37	0	74.0	74.0	0.005659470334649086	0.02128920517861843
best250_vs_u300	982	50	41	41	0	82.0	82.0	0.005694832187145948	0.061681196093559265
best250_vs_u300	613	50	47	47	0	94.0	94.0	0.005818492732942104	0.05048203468322754
best250_vs_u300	548	50	47	47	0	94.0	94.0	0.005884762853384018	0.0739654153585434
best250_vs_u300	206	50	45	45	0	90.0	90.0	0.005889153108000755	0.025504903867840767
best250_vs_u300	854	50	44	44	0	88.0	88.0	0.005985843017697334	0.012622728012502193
best250_vs_u300	321	50	50	50	0	100.0	100.0	0.005987715907394886	-0.0027132416144013405
best250_vs_u300	25	50	49	49	0	98.0	98.0	0.006028715521097183	-0.028437510132789612
best250_vs_u300	929	50	42	42	0	84.0	84.0	0.00607916247099638	-0.03069915808737278
best250_vs_u300	934	50	46	46	0	92.0	92.0	0.0061431098729372025	0.07107686996459961
best250_vs_u300	990	50	50	50	0	100.0	100.0	0.006325623020529747	0.0388302318751812
best250_vs_u300	501	50	20	20	0	40.0	40.0	0.006426104344427586	0.061788760125637054
best250_vs_u300	369	50	41	41	0	82.0	82.0	0.006440367549657822	0.03782607242465019
best250_vs_u300	580	50	45	45	0	90.0	90.0	0.006457979790866375	0.034407444298267365
best250_vs_u300	496	50	47	47	0	94.0	94.0	0.0064778015948832035	0.06787541508674622
best250_vs_u300	400	50	22	22	0	44.0	44.0	0.006486545316874981	0.03377916291356087
best250_vs_u300	42	50	42	42	0	84.0	84.0	0.006562079302966595	0.04563793167471886
best250_vs_u300	244	50	47	47	0	94.0	94.0	0.006600059103220701	-0.002215375890955329
best250_vs_u300	699	50	42	42	0	84.0	84.0	0.0066247922368347645	0.05196696147322655
best250_vs_u300	620	50	14	14	0	28.0	28.0	0.006749617401510477	-0.039467744529247284
best250_vs_u300	758	50	42	42	0	84.0	84.0	0.006765357684344053	0.050987936556339264
best250_vs_u300	279	50	49	49	0	98.0	98.0	0.00682420190423727	-0.010842514224350452
best250_vs_u300	427	50	34	34	0	68.0	68.0	0.006914237048476934	0.0009375095251016319
best250_vs_u300	490	50	39	39	0	78.0	78.0	0.007002905011177063	0.019028929993510246
best250_vs_u300	163	50	29	29	0	58.0	58.0	0.007138212211430073	0.058291446417570114
best250_vs_u300	7	50	38	38	0	76.0	76.0	0.007147950120270252	0.030000019818544388
best250_vs_u300	197	50	43	43	0	86.0	86.0	0.007240840699523687	0.02899814583361149
best250_vs_u300	223	50	45	45	0	90.0	90.0	0.007290972862392664	0.011304340325295925
best250_vs_u300	579	50	38	38	0	76.0	76.0	0.007314260583370924	0.0589430145919323
best250_vs_u300	913	50	48	48	0	96.0	96.0	0.007363798096776009	0.07107577472925186
best250_vs_u300	190	50	45	45	0	90.0	90.0	0.00742361368611455	0.049434270709753036
best250_vs_u300	777	50	43	43	0	86.0	86.0	0.00744343176484108	0.04150591790676117
best250_vs_u300	706	50	32	32	0	64.0	64.0	0.0075827776454389095	0.01848076842725277
best250_vs_u300	730	50	42	42	0	84.0	84.0	0.00763337966054678	0.04641086608171463
best250_vs_u300	977	50	31	31	0	62.0	62.0	0.007750585209578276	0.021945687010884285
best250_vs_u300	514	50	38	38	0	76.0	76.0	0.00779006676748395	0.08950906991958618
best250_vs_u300	547	50	46	46	0	92.0	92.0	0.007849781773984432	0.08358266204595566
best250_vs_u300	887	50	35	35	0	70.0	70.0	0.007906638085842133	0.0468149371445179
best250_vs_u300	700	50	41	41	0	82.0	82.0	0.007931437343358994	0.07718276977539062
best250_vs_u300	37	50	45	45	0	90.0	90.0	0.008053768426179886	0.026365060359239578
best250_vs_u300	112	50	42	42	0	84.0	84.0	0.00805906392633915	0.03569106012582779
best250_vs_u300	466	50	48	48	0	96.0	96.0	0.00816984660923481	0.006679887883365154
best250_vs_u300	253	50	47	47	0	94.0	94.0	0.00821505393832922	0.024937324225902557
best250_vs_u300	211	50	44	44	0	88.0	88.0	0.008228867314755917	-0.004964904859662056
best250_vs_u300	257	50	41	41	0	82.0	82.0	0.008417148143053055	-0.023366011679172516
best250_vs_u300	912	50	38	38	0	76.0	76.0	0.008582960814237595	0.023360582068562508
best250_vs_u300	410	50	45	45	0	90.0	90.0	0.00871984101831913	0.060648392885923386
best250_vs_u300	778	50	40	40	0	80.0	80.0	0.008866398595273495	0.0821666419506073
best250_vs_u300	446	50	35	35	0	70.0	70.0	0.008878021501004696	0.04315461963415146
best250_vs_u300	719	50	47	47	0	94.0	94.0	0.009094702079892159	0.06762392073869705
best250_vs_u300	114	50	42	42	0	84.0	84.0	0.009193848818540573	0.04801250621676445
best250_vs_u300	174	50	45	45	0	90.0	90.0	0.009241683408617973	0.12044885009527206
best250_vs_u300	258	50	49	49	0	98.0	98.0	0.009252001531422138	0.008614949882030487
best250_vs_u300	273	50	40	40	0	80.0	80.0	0.009388405829668045	-0.002121581928804517
best250_vs_u300	313	50	40	40	0	80.0	80.0	0.009459192864596844	0.08222447335720062
best250_vs_u300	748	50	29	29	0	58.0	58.0	0.009523879736661911	-0.045301273465156555
best250_vs_u300	157	50	48	48	0	96.0	96.0	0.009709855541586876	-0.0015831851633265615
best250_vs_u300	589	50	40	40	0	80.0	80.0	0.009742396883666515	0.06875034421682358
best250_vs_u300	36	50	25	25	0	50.0	50.0	0.009755869396030903	0.010107593610882759
best250_vs_u300	171	50	47	47	0	94.0	94.0	0.00987524539232254	0.0869138240814209
best250_vs_u300	248	50	27	27	0	54.0	54.0	0.009959826245903969	0.004886188544332981
best250_vs_u300	28	50	47	47	0	94.0	94.0	0.010025086812675	0.05918458104133606
best250_vs_u300	230	50	42	42	0	84.0	84.0	0.010036085732281208	0.020475959405303
best250_vs_u300	541	50	27	27	0	54.0	54.0	0.010396969504654408	0.061958931386470795
best250_vs_u300	763	50	46	46	0	92.0	92.0	0.010524256154894829	0.08501995354890823
best250_vs_u300	979	50	42	42	0	84.0	84.0	0.010556885972619057	0.035998355597257614
best250_vs_u300	545	50	44	44	0	88.0	88.0	0.010614288039505482	0.049382805824279785
best250_vs_u300	243	50	43	43	0	86.0	86.0	0.011006682179868221	0.06778945028781891
best250_vs_u300	60	50	26	26	0	52.0	52.0	0.011021462269127369	0.035437650978565216
best250_vs_u300	159	50	41	41	0	82.0	82.0	0.011038838885724545	0.05247652158141136
best250_vs_u300	704	50	45	45	0	90.0	90.0	0.011043965816497803	0.05118347331881523
best250_vs_u300	612	50	47	47	0	94.0	94.0	0.011051795445382595	0.06590764224529266
best250_vs_u300	710	50	38	38	0	76.0	76.0	0.011063355021178722	0.04783938452601433
best250_vs_u300	616	50	45	45	0	90.0	90.0	0.011129646562039852	-0.010230626910924911
best250_vs_u300	816	50	48	48	0	96.0	96.0	0.011280601844191551	0.0932406634092331
best250_vs_u300	477	50	38	38	0	76.0	76.0	0.011328655295073986	0.03966447710990906
best250_vs_u300	857	50	37	37	0	74.0	74.0	0.011368111707270145	0.07213088124990463
best250_vs_u300	713	50	48	48	0	96.0	96.0	0.011405113153159618	0.029004564508795738
best250_vs_u300	439	50	48	48	0	96.0	96.0	0.011427939869463444	0.0013603306142613292
best250_vs_u300	346	50	45	45	0	90.0	90.0	0.011430702172219753	0.02860584296286106
best250_vs_u300	893	50	36	36	0	72.0	72.0	0.01143802609294653	0.019525403156876564
best250_vs_u300	421	50	42	42	0	84.0	84.0	0.011445904150605202	0.03560171276330948
best250_vs_u300	865	50	32	32	0	64.0	64.0	0.01148586068302393	0.08260340988636017
best250_vs_u300	402	50	31	31	0	62.0	62.0	0.011585600674152374	0.029530992731451988
best250_vs_u300	922	50	42	42	0	84.0	84.0	0.011666565202176571	0.07515018433332443
best250_vs_u300	976	50	30	30	0	60.0	60.0	0.011961554177105427	0.019843541085720062
best250_vs_u300	296	50	48	48	0	96.0	96.0	0.012024390511214733	0.07766710221767426
best250_vs_u300	702	50	40	40	0	80.0	80.0	0.012081066146492958	0.04209386929869652
best250_vs_u300	264	50	34	34	0	68.0	68.0	0.012155774049460888	0.027947615832090378
best250_vs_u300	828	50	33	33	0	66.0	66.0	0.0124597093090415	0.11658752709627151
best250_vs_u300	338	50	47	47	0	94.0	94.0	0.012711482122540474	0.10476642847061157
best250_vs_u300	825	50	42	42	0	84.0	84.0	0.013078402727842331	0.12292682379484177
best250_vs_u300	256	50	46	46	0	92.0	92.0	0.013118970207870007	0.0922984629869461
best250_vs_u300	917	50	43	43	0	86.0	86.0	0.013143498450517654	0.0842776894569397
best250_vs_u300	896	50	47	47	0	94.0	94.0	0.013810289092361927	0.06772105395793915
best250_vs_u300	861	50	37	37	0	74.0	74.0	0.01387231145054102	0.06960755586624146
best250_vs_u300	615	50	40	40	0	80.0	80.0	0.014057531021535397	0.09427570551633835
best250_vs_u300	772	50	35	35	0	70.0	70.0	0.014238941483199596	0.055835455656051636
best250_vs_u300	420	50	49	49	0	98.0	98.0	0.014646640978753567	0.1273941546678543
best250_vs_u300	263	50	48	48	0	96.0	96.0	0.016270171850919724	0.03589021787047386
best250_vs_u300	198	50	46	46	0	92.0	92.0	0.01689021848142147	0.11942543089389801
best250_vs_u300	158	50	31	31	0	62.0	62.0	0.0171220526099205	0.04309000074863434
best250_vs_u300	864	50	40	40	0	80.0	80.0	0.01777605153620243	0.09897655248641968
best250_vs_u300	449	50	47	47	0	94.0	94.0	0.01805890165269375	0.11656250059604645
best250_vs_u300	485	50	35	35	0	70.0	70.0	0.0184952300041914	0.049640245735645294
best250_vs_u300	760	50	42	42	0	84.0	84.0	0.018908856436610222	0.10504306852817535
best250_vs_u300	209	50	48	48	0	96.0	96.0	0.01896359585225582	0.11388812959194183
best250_vs_u300	232	50	44	44	0	88.0	88.0	0.019155334681272507	0.04138985648751259
best250_vs_u300	418	50	36	36	0	72.0	72.0	0.019380534067749977	0.05203904211521149
best250_vs_u300	70	50	47	47	0	94.0	94.0	0.019770458340644836	0.1668107658624649
best250_vs_u300	587	50	36	36	0	72.0	72.0	0.021562226116657257	0.07227305322885513
best250_vs_u300	575	50	41	42	1	82.0	84.0	-0.01330025214701891	-0.09829487651586533
best250_vs_u300	507	50	42	43	1	84.0	86.0	-0.012781631201505661	-0.07336098700761795
best250_vs_u300	809	50	34	35	1	68.0	70.0	-0.012111339718103409	-0.03195706382393837
best250_vs_u300	107	50	46	47	1	92.0	94.0	-0.011564474552869797	-0.10472872853279114
best250_vs_u300	218	50	44	45	1	88.0	90.0	-0.011495871469378471	-0.08193734288215637
best250_vs_u300	567	50	26	27	1	52.0	54.0	-0.011309320107102394	-0.04849052429199219
best250_vs_u300	59	50	35	36	1	70.0	72.0	-0.010105660185217857	-0.0402371771633625
best250_vs_u300	474	50	38	39	1	76.0	78.0	-0.009636166505515575	-0.034325581043958664
best250_vs_u300	136	50	49	50	1	98.0	100.0	-0.009240776300430298	-0.054254960268735886
best250_vs_u300	637	50	41	42	1	82.0	84.0	-0.0091966912150383	-0.10401174426078796
best250_vs_u300	455	50	41	42	1	82.0	84.0	-0.008621049113571644	-0.08391222357749939
best250_vs_u300	437	50	38	39	1	76.0	78.0	-0.008619051426649094	-0.0348370261490345
best250_vs_u300	67	50	42	43	1	84.0	86.0	-0.008471962064504623	-0.03569357097148895
best250_vs_u300	412	50	36	37	1	72.0	74.0	-0.007897288538515568	-0.042416591197252274
best250_vs_u300	725	50	27	28	1	54.0	56.0	-0.0076963771134614944	0.05067761242389679
best250_vs_u300	592	50	44	45	1	88.0	90.0	-0.007584484294056892	-0.0894947350025177
best250_vs_u300	963	50	42	43	1	84.0	86.0	-0.007449858356267214	-0.06427924335002899
best250_vs_u300	780	50	40	41	1	80.0	82.0	-0.006992904469370842	0.001523675862699747
best250_vs_u300	116	50	44	45	1	88.0	90.0	-0.006143162027001381	0.025472411885857582
best250_vs_u300	737	50	33	34	1	66.0	68.0	-0.0058231414295732975	-0.021315546706318855
best250_vs_u300	965	50	42	43	1	84.0	86.0	-0.005131356883794069	0.032626017928123474
best250_vs_u300	519	50	31	32	1	62.0	64.0	-0.005111024249345064	-0.023111172020435333
best250_vs_u300	461	50	26	27	1	52.0	54.0	-0.004896474536508322	-0.02403325028717518
best250_vs_u300	337	50	40	41	1	80.0	82.0	-0.004849756136536598	-0.04838735610246658
best250_vs_u300	367	50	44	45	1	88.0	90.0	-0.0046866233460605145	-0.0026923560071736574
best250_vs_u300	629	50	41	42	1	82.0	84.0	-0.004666454158723354	-0.05286688730120659
best250_vs_u300	495	50	43	44	1	86.0	88.0	-0.004527381155639887	-0.04452485963702202
best250_vs_u300	135	50	49	50	1	98.0	100.0	-0.00446745939552784	-0.004425611346960068
best250_vs_u300	334	50	45	46	1	90.0	92.0	-0.004110514186322689	-0.021967992186546326
best250_vs_u300	622	50	32	33	1	64.0	66.0	-0.003489563474431634	-0.017095880582928658
best250_vs_u300	698	50	37	38	1	74.0	76.0	-0.0033950249198824167	-0.02280685491859913
best250_vs_u300	559	50	40	41	1	80.0	82.0	-0.0032551074400544167	-0.022971544414758682
best250_vs_u300	672	50	47	48	1	94.0	96.0	-0.003242879407480359	-0.0227829460054636
best250_vs_u300	280	50	37	38	1	74.0	76.0	-0.003103389637544751	-0.04476447030901909
best250_vs_u300	462	50	36	37	1	72.0	74.0	-0.003071481827646494	-0.05232424661517143
best250_vs_u300	779	50	48	49	1	96.0	98.0	-0.0028639875818043947	-0.02996525727212429
best250_vs_u300	632	50	28	29	1	56.0	58.0	-0.002786165801808238	-0.014813604764640331
best250_vs_u300	630	50	46	47	1	92.0	94.0	-0.0027186060324311256	-0.05526779219508171
best250_vs_u300	774	50	40	41	1	80.0	82.0	-0.0025166526902467012	-0.049572113901376724
best250_vs_u300	970	50	29	30	1	58.0	60.0	-0.002483491087332368	0.004907207563519478
best250_vs_u300	636	50	32	33	1	64.0	66.0	-0.002308962866663933	0.03836468607187271
best250_vs_u300	695	50	38	39	1	76.0	78.0	-0.0022831179667264223	-0.04004724323749542
best250_vs_u300	930	50	32	33	1	64.0	66.0	-0.002258583903312683	-0.01422590296715498
best250_vs_u300	944	50	43	44	1	86.0	88.0	-0.002199870999902487	0.0037399958819150925
best250_vs_u300	584	50	27	28	1	54.0	56.0	-0.0021775378845632076	0.048921529203653336
best250_vs_u300	972	50	35	36	1	70.0	72.0	-0.002153001958504319	-0.021699104458093643
best250_vs_u300	454	50	31	32	1	62.0	64.0	-0.002038880018517375	-0.044028833508491516
best250_vs_u300	5	50	43	44	1	86.0	88.0	-0.0019451305270195007	0.006915311794728041
best250_vs_u300	81	50	45	46	1	90.0	92.0	-0.001915101078338921	-0.02860613912343979
best250_vs_u300	64	50	32	33	1	64.0	66.0	-0.0018731332384049892	0.0038084506522864103
best250_vs_u300	195	50	44	45	1	88.0	90.0	-0.0016457682941108942	-0.0037372398655861616
best250_vs_u300	24	50	48	49	1	96.0	98.0	-0.0016255511436611414	-0.005979614332318306
best250_vs_u300	504	50	31	32	1	62.0	64.0	-0.0016222592676058412	-0.01951047033071518
best250_vs_u300	293	50	46	47	1	92.0	94.0	-0.0015812850324437022	0.020403757691383362
best250_vs_u300	105	50	45	46	1	90.0	92.0	-0.001322830910794437	0.019527215510606766
best250_vs_u300	45	50	42	43	1	84.0	86.0	-0.0012698614737018943	0.0206423569470644
best250_vs_u300	790	50	34	35	1	68.0	70.0	-0.0012310754973441362	-0.011144581250846386
best250_vs_u300	996	50	47	48	1	94.0	96.0	-0.0009090815437957644	0.029706792905926704
best250_vs_u300	978	50	23	24	1	46.0	48.0	-0.0009059287840500474	-0.03450657054781914
best250_vs_u300	167	50	18	19	1	36.0	38.0	-0.0008342016953974962	-0.001663799281232059
best250_vs_u300	811	50	32	33	1	64.0	66.0	-0.0006642773514613509	0.004072923678904772
best250_vs_u300	817	50	33	34	1	66.0	68.0	-0.000649533118121326	0.008359117433428764
best250_vs_u300	154	50	44	45	1	88.0	90.0	-0.0006318350206129253	-0.020839914679527283
best250_vs_u300	653	50	35	36	1	70.0	72.0	-0.0005768302362412214	0.015776481479406357
best250_vs_u300	907	50	28	29	1	56.0	58.0	-0.0004345785127952695	-0.0035447310656309128
best250_vs_u300	903	50	44	45	1	88.0	90.0	-0.00039915682282298803	-0.04650357365608215
best250_vs_u300	6	50	45	46	1	90.0	92.0	-0.00023041904205456376	0.020947037264704704
best250_vs_u300	445	50	29	30	1	58.0	60.0	-0.00021598555031232536	0.052593622356653214
best250_vs_u300	354	50	47	48	1	94.0	96.0	-0.00020857721392530948	0.03258943557739258
best250_vs_u300	241	50	37	38	1	74.0	76.0	1.0860115253308322e-05	-0.012829771265387535
best250_vs_u300	348	50	35	36	1	70.0	72.0	0.00014715880388393998	-0.01730964705348015
best250_vs_u300	851	50	38	39	1	76.0	78.0	0.0001619610993657261	0.024890221655368805
best250_vs_u300	735	50	33	34	1	66.0	68.0	0.00023248366778716445	-0.010617370717227459
best250_vs_u300	18	50	47	48	1	94.0	96.0	0.0003290344902779907	0.05640426650643349
best250_vs_u300	226	50	30	31	1	60.0	62.0	0.000637581804767251	0.00531768798828125
best250_vs_u300	932	50	41	42	1	82.0	84.0	0.0007044935482554138	-0.010559320449829102
best250_vs_u300	837	50	19	20	1	38.0	40.0	0.001044637756422162	-0.017743606120347977
best250_vs_u300	254	50	48	49	1	96.0	98.0	0.001113652135245502	-0.042153406888246536
best250_vs_u300	38	50	45	46	1	90.0	92.0	0.0011796572944149375	0.008531350642442703
best250_vs_u300	27	50	37	38	1	74.0	76.0	0.001246853731572628	0.03159414231777191
best250_vs_u300	433	50	41	42	1	82.0	84.0	0.0012905980693176389	-0.017510518431663513
best250_vs_u300	53	50	46	47	1	92.0	94.0	0.001423332141712308	0.020622216165065765
best250_vs_u300	246	50	40	41	1	80.0	82.0	0.0016002279007807374	-0.06657903641462326
best250_vs_u300	665	50	39	40	1	78.0	80.0	0.0016319104470312595	0.0070737265050411224
best250_vs_u300	715	50	39	40	1	78.0	80.0	0.001680915942415595	-0.07490427047014236
best250_vs_u300	503	50	30	31	1	60.0	62.0	0.001796567696146667	0.046109046787023544
best250_vs_u300	716	50	44	45	1	88.0	90.0	0.002077526645734906	-0.016641922295093536
best250_vs_u300	590	50	26	27	1	52.0	54.0	0.0021634504664689302	-0.005475225392729044
best250_vs_u300	215	50	48	49	1	96.0	98.0	0.0023276894353330135	0.046459950506687164
best250_vs_u300	681	50	13	14	1	26.0	28.0	0.002649941248819232	-0.010080328211188316
best250_vs_u300	879	50	38	39	1	76.0	78.0	0.002730288775637746	0.012613868340849876
best250_vs_u300	164	50	46	47	1	92.0	94.0	0.002785017481073737	0.02796374261379242
best250_vs_u300	339	50	49	50	1	98.0	100.0	0.0027888512704521418	0.023656493052840233
best250_vs_u300	762	50	26	27	1	52.0	54.0	0.0028599256183952093	0.05626675486564636
best250_vs_u300	877	50	44	45	1	88.0	90.0	0.0028772479854524136	0.04943683743476868
best250_vs_u300	56	50	46	47	1	92.0	94.0	0.0030538165010511875	-0.03991106152534485
best250_vs_u300	34	50	37	38	1	74.0	76.0	0.0030573736876249313	0.01718229241669178
best250_vs_u300	304	50	35	36	1	70.0	72.0	0.0031061330810189247	0.021025419235229492
best250_vs_u300	627	50	40	41	1	80.0	82.0	0.0031123505905270576	0.06382713466882706
best250_vs_u300	619	50	32	33	1	64.0	66.0	0.0032340700272470713	0.01750573143362999
best250_vs_u300	626	50	42	43	1	84.0	86.0	0.0032534850761294365	0.0478089414536953
best250_vs_u300	385	50	33	34	1	66.0	68.0	0.0033506674226373434	-0.0031055069994181395
best250_vs_u300	500	50	47	48	1	94.0	96.0	0.003420575289055705	0.0360015407204628
best250_vs_u300	638	50	15	16	1	30.0	32.0	0.003452223725616932	0.010623283684253693
best250_vs_u300	871	50	42	43	1	84.0	86.0	0.003532475559040904	0.0034543038345873356
best250_vs_u300	659	50	42	43	1	84.0	86.0	0.003562982426956296	-0.00077395437983796
best250_vs_u300	527	50	33	34	1	66.0	68.0	0.0038146444130688906	0.026485003530979156
best250_vs_u300	194	50	41	42	1	82.0	84.0	0.0038731766398996115	0.0414615236222744
best250_vs_u300	110	50	44	45	1	88.0	90.0	0.004055429715663195	-0.01721971482038498
best250_vs_u300	834	50	29	30	1	58.0	60.0	0.004270903300493956	-0.051970597356557846
best250_vs_u300	4	50	46	47	1	92.0	94.0	0.00431739492341876	0.04760604724287987
best250_vs_u300	651	50	34	35	1	68.0	70.0	0.0044542658142745495	-0.015212059020996094
best250_vs_u300	537	50	46	47	1	92.0	94.0	0.004491023253649473	0.023549947887659073
best250_vs_u300	723	50	46	47	1	92.0	94.0	0.004511226899921894	0.003764524357393384
best250_vs_u300	459	50	32	33	1	64.0	66.0	0.004895942285656929	0.03093050979077816
best250_vs_u300	827	50	37	38	1	74.0	76.0	0.004935264587402344	0.008536510169506073
best250_vs_u300	212	50	44	45	1	88.0	90.0	0.005186515860259533	-0.0026675795670598745
best250_vs_u300	492	50	44	45	1	88.0	90.0	0.0053387051448225975	0.03502156212925911
best250_vs_u300	674	50	46	47	1	92.0	94.0	0.00535056134685874	0.041974764317274094
best250_vs_u300	187	50	36	37	1	72.0	74.0	0.00545079167932272	-0.01860206574201584
best250_vs_u300	119	50	37	38	1	74.0	76.0	0.0054549952037632465	0.028622446581721306
best250_vs_u300	890	50	48	49	1	96.0	98.0	0.005732114892452955	0.024936432018876076
best250_vs_u300	787	50	34	35	1	68.0	70.0	0.005912233609706163	0.07773880660533905
best250_vs_u300	667	50	33	34	1	66.0	68.0	0.006058713421225548	-0.03162146732211113
best250_vs_u300	326	50	48	49	1	96.0	98.0	0.006221971474587917	-0.010225811041891575
best250_vs_u300	860	50	22	23	1	44.0	46.0	0.006295202765613794	0.008944502100348473
best250_vs_u300	673	50	23	24	1	46.0	48.0	0.006418354343622923	0.047169361263513565
best250_vs_u300	382	50	41	42	1	82.0	84.0	0.0066162836737930775	0.04266660660505295
best250_vs_u300	761	50	40	41	1	80.0	82.0	0.0066226692870259285	-0.021091308444738388
best250_vs_u300	756	50	41	42	1	82.0	84.0	0.006709463428705931	-0.015260610729455948
best250_vs_u300	299	50	47	48	1	94.0	96.0	0.006788226310163736	0.01903698965907097
best250_vs_u300	623	50	16	17	1	32.0	34.0	0.006903490982949734	0.03803202509880066
best250_vs_u300	298	50	39	40	1	78.0	80.0	0.007039242424070835	0.059326812624931335
best250_vs_u300	742	50	26	27	1	52.0	54.0	0.007067701779305935	0.004443922080099583
best250_vs_u300	848	50	24	25	1	48.0	50.0	0.007076299283653498	0.03309723734855652
best250_vs_u300	744	50	18	19	1	36.0	38.0	0.0072137294337153435	0.04262062907218933
best250_vs_u300	381	50	24	25	1	48.0	50.0	0.007216643076390028	0.0032035731710493565
best250_vs_u300	631	50	32	33	1	64.0	66.0	0.007314934860914946	0.03914057835936546
best250_vs_u300	438	50	29	30	1	58.0	60.0	0.007409004028886557	0.03885231912136078
best250_vs_u300	155	50	37	38	1	74.0	76.0	0.007887856103479862	0.026103438809514046
best250_vs_u300	609	50	37	38	1	74.0	76.0	0.00790681503713131	0.029412975534796715
best250_vs_u300	423	50	34	35	1	68.0	70.0	0.008045624941587448	-0.030444735661149025
best250_vs_u300	480	50	42	43	1	84.0	86.0	0.008330311626195908	0.03824649751186371
best250_vs_u300	205	50	39	40	1	78.0	80.0	0.008530115708708763	-0.007306652143597603
best250_vs_u300	513	50	36	37	1	72.0	74.0	0.008545268326997757	0.03999095782637596
best250_vs_u300	499	50	25	26	1	50.0	52.0	0.008694146759808064	0.04633491486310959
best250_vs_u300	379	50	45	46	1	90.0	92.0	0.008714048191905022	0.10235816240310669
best250_vs_u300	822	50	46	47	1	92.0	94.0	0.008731701411306858	0.013295488432049751
best250_vs_u300	749	50	44	45	1	88.0	90.0	0.00887885969132185	0.02831397019326687
best250_vs_u300	58	50	42	43	1	84.0	86.0	0.008996643126010895	0.05643869563937187
best250_vs_u300	168	50	43	44	1	86.0	88.0	0.009179058484733105	0.0016755295218899846
best250_vs_u300	784	50	22	23	1	44.0	46.0	0.009284209460020065	0.08774032443761826
best250_vs_u300	325	50	48	49	1	96.0	98.0	0.009724415838718414	0.026416035369038582
best250_vs_u300	521	50	43	44	1	86.0	88.0	0.009850949048995972	0.03138231113553047
best250_vs_u300	642	50	43	44	1	86.0	88.0	0.01006164588034153	0.03603287786245346
best250_vs_u300	786	50	45	46	1	90.0	92.0	0.010313586331903934	0.10105324536561966
best250_vs_u300	802	50	46	47	1	92.0	94.0	0.010735277086496353	0.09316065907478333
best250_vs_u300	355	50	47	48	1	94.0	96.0	0.01113718282431364	0.14315086603164673
best250_vs_u300	399	50	43	44	1	86.0	88.0	0.012667668983340263	0.053457822650671005
best250_vs_u300	868	50	33	34	1	66.0	68.0	0.013509197160601616	0.016649646684527397
best250_vs_u300	435	50	27	28	1	54.0	56.0	0.013654954731464386	0.02508828230202198
best250_vs_u300	227	50	33	34	1	66.0	68.0	0.013744235970079899	0.058658525347709656
best250_vs_u300	856	50	30	31	1	60.0	62.0	0.014474647119641304	0.04903304949402809
best250_vs_u300	818	50	19	20	1	38.0	40.0	0.014847907237708569	0.07805968075990677
best250_vs_u300	151	50	35	36	1	70.0	72.0	0.015726568177342415	0.07395082712173462
best250_vs_u300	468	50	35	36	1	70.0	72.0	0.015831509605050087	0.07599033415317535
best250_vs_u300	238	50	36	37	1	72.0	74.0	0.016475407406687737	0.01972050592303276
best250_vs_u300	285	50	32	33	1	64.0	66.0	0.016630714759230614	0.08582963049411774
best250_vs_u300	641	50	44	45	1	88.0	90.0	0.01701059751212597	0.05399128794670105
best250_vs_u300	839	50	35	36	1	70.0	72.0	0.017777442932128906	0.09013616293668747
best250_vs_u300	314	50	42	43	1	84.0	86.0	0.022574884817004204	0.2159672975540161
best250_vs_u300	895	50	41	42	1	82.0	84.0	0.02365182340145111	0.0954286977648735
best250_vs_u300	803	50	48	49	1	96.0	98.0	0.025698494166135788	0.13484561443328857
best250_vs_u300	870	50	43	45	2	86.0	90.0	-0.006533612031489611	-0.07648244500160217
best250_vs_u300	413	50	27	29	2	54.0	58.0	-0.005851417314261198	0.013015585020184517
best250_vs_u300	283	50	45	47	2	90.0	94.0	-0.0027131128590554	-0.06843025982379913
best250_vs_u300	961	50	25	27	2	50.0	54.0	-0.0026973080821335316	-0.03859332948923111
best250_vs_u300	441	50	39	41	2	78.0	82.0	-0.0010693465592339635	0.0006017589475959539
best250_vs_u300	231	50	22	24	2	44.0	48.0	0.0011242092587053776	0.02043045125901699
best250_vs_u300	536	50	29	31	2	58.0	62.0	0.0017841419903561473	-0.04574866220355034
best250_vs_u300	524	50	23	25	2	46.0	50.0	0.0018625706434249878	-0.005416431464254856
best250_vs_u300	650	50	28	30	2	56.0	60.0	0.003978899214416742	-0.0030658531468361616
best250_vs_u300	170	50	33	35	2	66.0	70.0	0.0040860967710614204	-0.024138890206813812
best250_vs_u300	819	50	38	40	2	76.0	80.0	0.004912117030471563	-0.012186909094452858
best250_vs_u300	358	50	28	30	2	56.0	60.0	0.005151188466697931	-0.0058463094756007195
best250_vs_u300	335	50	44	46	2	88.0	92.0	0.005238153971731663	-0.03479300066828728
best250_vs_u300	118	50	41	43	2	82.0	86.0	0.0053380574099719524	0.016153069213032722
best250_vs_u300	898	50	35	37	2	70.0	74.0	0.005780205596238375	0.018643073737621307
best250_vs_u300	921	50	36	38	2	72.0	76.0	0.00804277416318655	0.04238946735858917
best250_vs_u300	124	50	38	40	2	76.0	80.0	0.008263269439339638	0.01274467445909977
best250_vs_u300	975	50	30	32	2	60.0	64.0	0.009077363647520542	0.022682761773467064
best250_vs_u300	103	50	39	41	2	78.0	82.0	0.009452023543417454	0.02165585570037365
best250_vs_u300	838	50	24	26	2	48.0	52.0	0.00961377378553152	0.08830335736274719
best250_vs_u300	754	50	34	36	2	68.0	72.0	0.010053114034235477	0.046681392937898636
best250_vs_u300	180	50	29	31	2	58.0	62.0	0.010133118368685246	0.05378155782818794
best250_vs_u300	199	50	38	40	2	76.0	80.0	0.011576762422919273	-0.0021175004076212645
best250_vs_u300	741	50	36	38	2	72.0	76.0	0.012579304166138172	0.012078609317541122
best250_vs_u300	43	50	43	45	2	86.0	90.0	0.01361179817467928	0.01808014325797558
best250_vs_u300	278	50	34	36	2	68.0	72.0	0.013983195647597313	0.028470782563090324
best250_vs_u300	200	50	37	39	2	74.0	78.0	0.014425711706280708	0.051726847887039185
best250_vs_u300	66	50	29	31	2	58.0	62.0	0.015230165794491768	0.02888224646449089
best250_vs_u300	849	50	42	44	2	84.0	88.0	0.015522949397563934	0.04885687679052353
best250_vs_u300	889	50	37	39	2	74.0	78.0	0.015884580090641975	0.04772743210196495
best250_vs_u300	663	50	32	34	2	64.0	68.0	0.015988340601325035	0.08317095041275024
best250_vs_u300	691	50	28	30	2	56.0	60.0	0.016142338514328003	0.028059711679816246
best250_vs_u300	546	50	38	40	2	76.0	80.0	0.016966262832283974	0.07211235165596008
best250_vs_u300	162	50	43	45	2	86.0	90.0	0.018571749329566956	0.04803954064846039
best250_vs_u300	634	50	38	40	2	76.0	80.0	0.019039614126086235	0.07713095843791962
best250_vs_u300	222	50	36	38	2	72.0	76.0	0.020511241629719734	0.10153443366289139
best250_vs_u300	186	50	37	39	2	74.0	78.0	0.021217990666627884	0.027013082057237625
best250_vs_u300	208	50	43	45	2	86.0	90.0	0.023384222760796547	0.08740212768316269
best250_vs_u300	633	50	28	31	3	56.0	62.0	-0.00844141747802496	-0.0728045403957367
best250_vs_u300	150	50	44	47	3	88.0	94.0	-0.004172287415713072	-0.027094144374132156
best250_vs_u300	792	50	34	37	3	68.0	74.0	0.011876226402819157	0.07797203958034515
best250_vs_u300	288	50	39	42	3	78.0	84.0	0.013028516434133053	0.008522901684045792
best250_vs_u300	831	50	39	43	4	78.0	86.0	0.02219926379621029	0.08069998770952225
