pair	sample_index	target	direction	ref_pred	cmp_pred	ref_conf	cmp_conf	ref_true_prob	cmp_true_prob	true_prob_delta	ref_margin	cmp_margin
best250_vs_ckpt10	12481	394	improved	79	394	0.3455638885498047	0.8252245187759399	0.07655458152294159	0.8252245187759399	0.7486699223518372	0.6871547698974609	3.7430410385131836
best250_vs_ckpt10	1320	69	improved	66	69	0.2502935528755188	0.8693941235542297	0.20085209608078003	0.8693941235542297	0.6685420274734497	0.22006559371948242	4.092795372009277
best250_vs_ckpt10	6074	366	improved	294	366	0.6247271299362183	0.7379915118217468	0.10674894601106644	0.7379915118217468	0.631242573261261	1.7668352127075195	2.6706690788269043
best250_vs_ckpt10	21046	418	improved	838	418	0.4583219587802887	0.6485934257507324	0.08954473584890366	0.6485934257507324	0.5590487122535706	0.5132904052734375	1.8672528266906738
best250_vs_ckpt10	1261	699	regressed	699	840	0.7372844815254211	0.24739502370357513	0.7372844815254211	0.20882795751094818	-0.5284565091133118	2.8582382202148438	0.16947555541992188
best250_vs_ckpt10	41766	543	improved	711	543	0.25808146595954895	0.7451843023300171	0.2222956269979477	0.7451843023300171	0.5228886604309082	0.14926719665527344	2.850583553314209
best250_vs_ckpt10	13668	128	improved	23	128	0.398188054561615	0.7442084550857544	0.22898423671722412	0.7442084550857544	0.5152242183685303	0.5532712936401367	2.5717148780822754
best250_vs_ckpt10	2213	59	regressed	59	40	0.6418259739875793	0.5770124197006226	0.6418259739875793	0.1387893259525299	-0.503036618232727	1.231344223022461	1.4249067306518555
best250_vs_ckpt10	40398	156	improved	218	156	0.6993904113769531	0.6152274012565613	0.1232353076338768	0.6152274012565613	0.4919920861721039	1.7361135482788086	1.2633709907531738
best250_vs_ckpt10	30512	390	improved	391	390	0.4511462450027466	0.6514433026313782	0.16166378557682037	0.6514433026313782	0.489779531955719	1.0262727737426758	1.9429759979248047
best250_vs_ckpt10	41610	124	improved	125	124	0.30570051074028015	0.6089267730712891	0.12778621912002563	0.6089267730712891	0.4811405539512634	0.8722472190856934	2.1462268829345703
best250_vs_ckpt10	37165	394	improved	4	394	0.6672337055206299	0.5655946731567383	0.10277538001537323	0.5655946731567383	0.46281927824020386	1.8705945014953613	1.2544007301330566
best250_vs_ckpt10	4014	864	regressed	864	779	0.726822555065155	0.32201865315437317	0.726822555065155	0.2650497257709503	-0.4617728292942047	1.8390192985534668	0.19469213485717773
best250_vs_ckpt10	34039	840	regressed	840	539	0.5861194133758545	0.7130537629127502	0.5861194133758545	0.13972081243991852	-0.44639861583709717	0.7137422561645508	1.6299104690551758
best250_vs_ckpt10	1317	218	regressed	218	156	0.7890751361846924	0.38816121220588684	0.7890751361846924	0.3487304449081421	-0.4403446912765503	2.9007391929626465	0.10712146759033203
best250_vs_ckpt10	25065	805	regressed	805	518	0.5980806946754456	0.6158681511878967	0.5980806946754456	0.1618860512971878	-0.43619465827941895	1.2260613441467285	1.3361401557922363
best250_vs_ckpt10	36999	346	regressed	346	343	0.6589738726615906	0.2395341396331787	0.6589738726615906	0.22302807867527008	-0.4359458088874817	1.8343911170959473	0.07139825820922852
best250_vs_ckpt10	7850	534	improved	859	534	0.36260735988616943	0.7775222063064575	0.3435914218425751	0.7775222063064575	0.43393078446388245	0.053867340087890625	3.0080103874206543
best250_vs_ckpt10	47727	49	regressed	49	977	0.5277719497680664	0.5573431849479675	0.5277719497680664	0.09779024124145508	-0.42998170852661133	1.0097880363464355	1.7403564453125
best250_vs_ckpt10	32178	913	improved	724	913	0.37816017866134644	0.6713467836380005	0.24369682371616364	0.6713467836380005	0.42764997482299805	0.4393930435180664	1.716360092163086
best250_vs_ckpt10	34099	4	improved	2	4	0.7974575161933899	0.47871673107147217	0.058996327221393585	0.47871673107147217	0.4197204113006592	2.6039533615112305	0.4585433006286621
best250_vs_ckpt10	4187	918	regressed	918	922	0.7502617239952087	0.4744292199611664	0.7502617239952087	0.35664287209510803	-0.3936188519001007	1.9959220886230469	0.28537750244140625
best250_vs_ckpt10	41119	152	improved	157	152	0.4445246160030365	0.8035577535629272	0.413521409034729	0.8035577535629272	0.39003634452819824	0.072296142578125	2.3021645545959473
best250_vs_ckpt10	36933	784	regressed	784	845	0.553774356842041	0.6072355508804321	0.553774356842041	0.16760683059692383	-0.3861675262451172	1.056565284729004	1.2872958183288574
best250_vs_ckpt10	12964	593	improved	513	593	0.5344036817550659	0.5774803161621094	0.19155526161193848	0.5774803161621094	0.3859250545501709	1.025975227355957	0.7871322631835938
best250_vs_ckpt10	31654	838	regressed	838	648	0.5993281602859497	0.4885459840297699	0.5993281602859497	0.2204086184501648	-0.3789195418357849	1.2670230865478516	0.7959504127502441
best250_vs_ckpt10	24597	456	regressed	456	875	0.7426791191101074	0.37489333748817444	0.7426791191101074	0.36610400676727295	-0.3765751123428345	2.1636481285095215	0.023724079132080078
best250_vs_ckpt10	18646	153	improved	229	153	0.6409441232681274	0.4499393403530121	0.07446534186601639	0.4499393403530121	0.3754740059375763	2.1526083946228027	1.3162736892700195
best250_vs_ckpt10	46650	764	improved	889	764	0.4061681926250458	0.4321526288986206	0.06033439189195633	0.4321526288986206	0.3718182444572449	1.2707901000976562	0.8738918304443359
best250_vs_ckpt10	37351	757	regressed	757	812	0.5140620470046997	0.23999004065990448	0.5140620470046997	0.14388900995254517	-0.37017303705215454	1.7756175994873047	0.5115551948547363
best250_vs_ckpt10	18965	931	regressed	931	930	0.6850945949554443	0.4011228382587433	0.6850945949554443	0.3171176612377167	-0.36797693371772766	1.640249252319336	0.23499488830566406
best250_vs_ckpt10	28725	487	improved	626	487	0.31551188230514526	0.5129876136779785	0.146848663687706	0.5129876136779785	0.36613893508911133	0.764793872833252	1.765876293182373
best250_vs_ckpt10	28131	605	improved	861	605	0.2755413055419922	0.5134254097938538	0.14740915596485138	0.5134254097938538	0.3660162687301636	0.6255254745483398	2.0304551124572754
best250_vs_ckpt10	40016	951	improved	956	951	0.18774515390396118	0.4180913269519806	0.05415523424744606	0.4180913269519806	0.36393609642982483	0.26778697967529297	1.6803784370422363
best250_vs_ckpt10	45309	623	improved	563	623	0.5133360028266907	0.565011739730835	0.20295350253582	0.565011739730835	0.36205822229385376	0.9279537200927734	1.4412903785705566
best250_vs_ckpt10	22007	907	regressed	907	920	0.5750837922096252	0.4599027633666992	0.5750837922096252	0.21705186367034912	-0.3580319285392761	1.3738579750061035	0.7508788108825684
best250_vs_ckpt10	14413	253	improved	171	253	0.4416949152946472	0.6877332925796509	0.3298470675945282	0.6877332925796509	0.3578862249851227	0.2919902801513672	1.6763043403625488
best250_vs_ckpt10	11282	833	regressed	833	403	0.635040283203125	0.536837637424469	0.635040283203125	0.27765190601348877	-0.35738837718963623	1.0592975616455078	0.659327507019043
best250_vs_ckpt10	8446	346	improved	345	346	0.4356039762496948	0.6346160173416138	0.27800583839416504	0.6346160173416138	0.35661017894744873	0.44909143447875977	1.582003116607666
best250_vs_ckpt10	38853	99	improved	21	99	0.31313884258270264	0.5631742477416992	0.20984147489070892	0.5631742477416992	0.3533327579498291	0.11660003662109375	0.9120378494262695
best250_vs_ckpt10	20576	606	improved	589	606	0.4838981032371521	0.632546067237854	0.28006622195243835	0.632546067237854	0.35247984528541565	0.5468482971191406	1.04766845703125
best250_vs_ckpt10	40107	800	regressed	800	886	0.6071895360946655	0.3403415083885193	0.6071895360946655	0.2566779553890228	-0.3505115807056427	1.5302371978759766	0.28212738037109375
best250_vs_ckpt10	21374	816	improved	641	816	0.49640774726867676	0.5499098300933838	0.1997949331998825	0.5499098300933838	0.3501148819923401	0.9101061820983887	0.9025092124938965
best250_vs_ckpt10	29831	389	improved	391	389	0.40961727499961853	0.7214099168777466	0.37460875511169434	0.7214099168777466	0.34680116176605225	0.0893411636352539	2.1608495712280273
best250_vs_ckpt10	49251	277	improved	279	277	0.209394633769989	0.4669552445411682	0.12331842631101608	0.4669552445411682	0.34363681077957153	0.5294508934020996	0.563662052154541
best250_vs_ckpt10	46545	765	improved	523	765	0.282486230134964	0.42024701833724976	0.08151189982891083	0.42024701833724976	0.33873510360717773	1.1714258193969727	1.3195257186889648
best250_vs_ckpt10	45002	395	regressed	395	63	0.5198177695274353	0.265714555978775	0.5198177695274353	0.18175983428955078	-0.3380579352378845	1.838963508605957	0.37973642349243164
best250_vs_ckpt10	30993	818	improved	545	818	0.3953084349632263	0.5824607014656067	0.24804945290088654	0.5824607014656067	0.33441126346588135	0.46603822708129883	1.4088411331176758
best250_vs_ckpt10	4860	696	regressed	696	794	0.6360127329826355	0.5258941054344177	0.6360127329826355	0.30260270833969116	-0.33341002464294434	0.8539819717407227	0.5526790618896484
best250_vs_ckpt10	20878	456	regressed	456	872	0.5354397892951965	0.5643393397331238	0.5354397892951965	0.20223276317119598	-0.33320701122283936	0.5677938461303711	1.0262365341186523
best250_vs_ckpt10	41231	99	improved	127	99	0.7100141644477844	0.46796533465385437	0.13542963564395905	0.46796533465385437	0.33253568410873413	1.6568326950073242	0.49961185455322266
best250_vs_ckpt10	2990	206	regressed	206	179	0.5190067887306213	0.4763629734516144	0.5190067887306213	0.18742217123508453	-0.331584632396698	0.7855520248413086	0.9328165054321289
best250_vs_ckpt10	28814	929	regressed	929	728	0.5110691785812378	0.5372150540351868	0.5110691785812378	0.18204444646835327	-0.3290247321128845	0.48017311096191406	1.0821475982666016
best250_vs_ckpt10	38488	310	improved	308	310	0.3492133915424347	0.5773046016693115	0.2486652135848999	0.5773046016693115	0.3286393880844116	0.33957576751708984	1.535752296447754
best250_vs_ckpt10	47397	293	regressed	293	288	0.7271041870117188	0.42772266268730164	0.7271041870117188	0.3995920717716217	-0.32751211524009705	1.5883007049560547	0.06803083419799805
best250_vs_ckpt10	6643	165	regressed	165	236	0.5509458780288696	0.2844739258289337	0.5509458780288696	0.22398589551448822	-0.3269599676132202	1.3193964958190918	0.2390584945678711
best250_vs_ckpt10	14418	680	improved	720	680	0.2502898871898651	0.5162301063537598	0.19297108054161072	0.5162301063537598	0.32325902581214905	0.26007938385009766	1.364842414855957
best250_vs_ckpt10	1106	547	improved	705	547	0.5059679746627808	0.6118528842926025	0.2915932536125183	0.6118528842926025	0.32025963068008423	0.5511136054992676	0.886589527130127
best250_vs_ckpt10	29423	908	regressed	908	405	0.4217239320278168	0.4408680498600006	0.4217239320278168	0.10310401767492294	-0.31861990690231323	1.3279099464416504	1.4530072212219238
best250_vs_ckpt10	41479	666	regressed	666	502	0.6398367881774902	0.4864388108253479	0.6398367881774902	0.3238565921783447	-0.3159801959991455	1.1557574272155762	0.40681028366088867
best250_vs_ckpt10	29526	556	improved	766	556	0.3994157612323761	0.5893154740333557	0.27346011996269226	0.5893154740333557	0.31585535407066345	0.3788471221923828	1.3401603698730469
best250_vs_ckpt10	303	982	regressed	982	456	0.3843371272087097	0.15019093453884125	0.3843371272087097	0.07143831998109818	-0.31289881467819214	0.5892081260681152	0.4886817932128906
best250_vs_ckpt10	8873	583	improved	534	583	0.6852381229400635	0.33057546615600586	0.022635847330093384	0.33057546615600586	0.3079396188259125	3.3776774406433105	0.15254497528076172
best250_vs_ckpt10	9394	140	improved	139	140	0.5973691344261169	0.5975992679595947	0.2898043990135193	0.5975992679595947	0.30779486894607544	0.7233290672302246	0.6519622802734375
best250_vs_ckpt10	26646	814	regressed	814	450	0.6675634384155273	0.41848820447921753	0.6675634384155273	0.360188364982605	-0.30737507343292236	1.5059618949890137	0.15002155303955078
best250_vs_ckpt10	34661	872	improved	523	872	0.33147063851356506	0.5082807540893555	0.20535072684288025	0.5082807540893555	0.3029300272464752	0.24926185607910156	0.8329296112060547
best250_vs_ckpt10	31142	455	improved	116	455	0.7938927412033081	0.3681114614009857	0.06576883047819138	0.3681114614009857	0.30234262347221375	2.49080228805542	0.1654510498046875
best250_vs_ckpt10	12917	175	regressed	175	204	0.371845006942749	0.2944251596927643	0.371845006942749	0.07048697769641876	-0.30135804414749146	1.1949591636657715	0.6602635383605957
best250_vs_ckpt10	3275	509	regressed	509	738	0.38897278904914856	0.2873290777206421	0.38897278904914856	0.09016665816307068	-0.2988061308860779	0.9343647956848145	1.158968448638916
best250_vs_ckpt10	17621	786	improved	762	786	0.2661283314228058	0.49102699756622314	0.19283780455589294	0.49102699756622314	0.2981891930103302	0.3221292495727539	1.326085090637207
best250_vs_ckpt10	15262	153	improved	219	153	0.2423366755247116	0.39106109738349915	0.0930810198187828	0.39106109738349915	0.29798007011413574	0.9568576812744141	1.6209864616394043
best250_vs_ckpt10	7610	813	improved	415	813	0.4195287823677063	0.5073506236076355	0.20945186913013458	0.5073506236076355	0.2978987693786621	0.6946382522583008	0.6804094314575195
best250_vs_ckpt10	26467	246	regressed	246	195	0.4569436311721802	0.3230893611907959	0.4569436311721802	0.1595219075679779	-0.29742172360420227	0.919647216796875	0.14179134368896484
best250_vs_ckpt10	31725	924	regressed	924	934	0.5984919667243958	0.4509923756122589	0.5984919667243958	0.3010993003845215	-0.29739266633987427	1.3451933860778809	0.4040102958679199
best250_vs_ckpt10	22511	123	regressed	123	121	0.5273033380508423	0.6088148951530457	0.5273033380508423	0.2307719588279724	-0.2965313792228699	0.7788095474243164	0.9700841903686523
best250_vs_ckpt10	47650	864	improved	555	864	0.2444961965084076	0.5294153094291687	0.23380038142204285	0.5294153094291687	0.29561492800712585	0.044732093811035156	1.392390251159668
best250_vs_ckpt10	22309	165	regressed	165	236	0.44827550649642944	0.6722607612609863	0.44827550649642944	0.1564657837152481	-0.29180973768234253	0.23011016845703125	1.4578089714050293
best250_vs_ckpt10	48622	338	improved	180	338	0.2268492579460144	0.4289363920688629	0.1373138427734375	0.4289363920688629	0.2916225492954254	0.502016544342041	1.3099861145019531
best250_vs_ckpt10	16116	770	improved	842	770	0.5762202143669128	0.5351895689964294	0.2439679205417633	0.5351895689964294	0.29122164845466614	0.8594532012939453	0.4538431167602539
best250_vs_ckpt10	21926	470	improved	929	470	0.5108937621116638	0.41691556572914124	0.12649855017662048	0.41691556572914124	0.29041701555252075	1.3959307670593262	1.1039166450500488
best250_vs_ckpt10	27966	173	improved	215	173	0.3998713791370392	0.632449209690094	0.3423379361629486	0.632449209690094	0.2901112735271454	0.15534448623657227	1.1879572868347168
best250_vs_ckpt10	41612	755	regressed	755	807	0.5620556473731995	0.3894914984703064	0.5620556473731995	0.2727622091770172	-0.28929343819618225	0.706817626953125	0.35624170303344727
best250_vs_ckpt10	18308	86	improved	81	86	0.538572371006012	0.4376046061515808	0.1484556943178177	0.4376046061515808	0.2891489267349243	1.28863525390625	0.3301253318786621
best250_vs_ckpt10	45077	443	improved	697	443	0.5922105312347412	0.40265145897865295	0.11367087066173553	0.40265145897865295	0.2889806032180786	1.65055513381958	0.06850910186767578
best250_vs_ckpt10	46449	134	regressed	134	136	0.5265296101570129	0.39189305901527405	0.5265296101570129	0.23767465353012085	-0.2888549566268921	1.1874923706054688	0.5000863075256348
best250_vs_ckpt10	21842	582	regressed	582	737	0.5657326579093933	0.2907828688621521	0.5657326579093933	0.27755284309387207	-0.28817981481552124	1.5336389541625977	0.04656553268432617
best250_vs_ckpt10	8505	650	improved	563	650	0.3807864785194397	0.6017717719078064	0.3143042325973511	0.6017717719078064	0.2874675393104553	0.1918773651123047	1.4639897346496582
best250_vs_ckpt10	34830	976	regressed	976	980	0.6493291258811951	0.4849459230899811	0.6493291258811951	0.36213552951812744	-0.2871935963630676	1.3640618324279785	0.2920188903808594
best250_vs_ckpt10	35986	930	improved	934	930	0.5242372751235962	0.47156375646591187	0.18578878045082092	0.47156375646591187	0.28577497601509094	1.0373339653015137	0.5567793846130371
best250_vs_ckpt10	17731	845	improved	731	845	0.3204104006290436	0.5218418836593628	0.23682653903961182	0.5218418836593628	0.285015344619751	0.3022747039794922	1.2917394638061523
best250_vs_ckpt10	40790	249	regressed	249	250	0.5722209215164185	0.3392932713031769	0.5722209215164185	0.2877555787563324	-0.28446534276008606	1.178934097290039	0.16475343704223633
best250_vs_ckpt10	16979	175	regressed	175	194	0.5978317856788635	0.33369797468185425	0.5978317856788635	0.3137868344783783	-0.28404495120048523	0.9692702293395996	0.061522483825683594
best250_vs_ckpt10	45466	593	improved	401	593	0.3610153794288635	0.5562041401863098	0.2726394534111023	0.5562041401863098	0.2835646867752075	0.28077030181884766	1.3443050384521484
best250_vs_ckpt10	18990	702	regressed	702	642	0.5252234935760498	0.37500089406967163	0.5252234935760498	0.2422872632741928	-0.2829362154006958	1.219733715057373	0.43680429458618164
best250_vs_ckpt10	3182	370	regressed	370	372	0.6610527634620667	0.3804642856121063	0.6610527634620667	0.3782687485218048	-0.28278401494026184	1.7131166458129883	0.005787372589111328
best250_vs_ckpt10	44695	705	regressed	705	716	0.608504056930542	0.3424190580844879	0.608504056930542	0.3260663151741028	-0.2824377417564392	1.2951850891113281	0.0489344596862793
best250_vs_ckpt10	8516	699	improved	558	699	0.5870370864868164	0.5154664516448975	0.23359474539756775	0.5154664516448975	0.2818717062473297	0.9215002059936523	0.6721420288085938
best250_vs_ckpt10	48106	436	improved	609	436	0.42104095220565796	0.398479163646698	0.11928349733352661	0.398479163646698	0.2791956663131714	1.2612271308898926	0.9574885368347168
best250_vs_ckpt10	2174	192	regressed	192	226	0.4086723327636719	0.16058792173862457	0.4086723327636719	0.13079264760017395	-0.2778796851634979	1.7987313270568848	0.20522832870483398
best250_vs_ckpt10	10257	455	regressed	455	626	0.4547376334667206	0.32131868600845337	0.4547376334667206	0.17697583138942719	-0.2777618169784546	0.966339111328125	0.5964202880859375
best250_vs_ckpt10	27118	2	regressed	2	3	0.5281027555465698	0.6366117000579834	0.5281027555465698	0.2504045367240906	-0.27769821882247925	0.4410514831542969	0.933082103729248
best250_vs_ckpt10	35293	292	regressed	292	291	0.3363330066204071	0.6741430163383484	0.3363330066204071	0.05927354842424393	-0.2770594656467438	0.3503074645996094	2.431279182434082
best250_vs_ckpt10	38369	225	regressed	225	262	0.5397619605064392	0.2985049784183502	0.5397619605064392	0.26335784792900085	-0.27640411257743835	2.187572956085205	0.1252727508544922
best250_vs_ckpt10	39443	256	improved	205	256	0.3537098467350006	0.5607808232307434	0.2854298949241638	0.5607808232307434	0.2753509283065796	0.21448040008544922	1.1604280471801758
best250_vs_ckpt10	31563	44	improved	41	44	0.44801849126815796	0.7016929984092712	0.4268064498901367	0.7016929984092712	0.2748865485191345	0.048503875732421875	1.3891253471374512
best250_vs_ckpt10	6819	447	regressed	447	633	0.5470584630966187	0.5034040212631226	0.5470584630966187	0.2729250490665436	-0.2741334140300751	1.0751590728759766	0.6121959686279297
best250_vs_ckpt10	17450	348	improved	267	348	0.18144093453884125	0.37308841943740845	0.09915535151958466	0.37308841943740845	0.2739330530166626	0.5998101234436035	0.9395380020141602
best250_vs_ckpt10	19942	245	regressed	245	242	0.6020637154579163	0.5355802178382874	0.6020637154579163	0.3284841775894165	-0.27357953786849976	0.8865222930908203	0.4888620376586914
best250_vs_ckpt10	11304	695	improved	684	695	0.21136662364006042	0.433209627866745	0.1612880975008011	0.433209627866745	0.2719215154647827	0.2704019546508789	1.6359248161315918
best250_vs_ckpt10	47943	793	improved	463	793	0.5869244337081909	0.4545477628707886	0.18333746492862701	0.4545477628707886	0.27121031284332275	1.1635675430297852	0.2740936279296875
best250_vs_ckpt10	457	934	improved	933	934	0.5658839344978333	0.5330995321273804	0.2624157667160034	0.5330995321273804	0.27068376541137695	0.7684588432312012	0.5434503555297852
best250_vs_ckpt10	24492	504	improved	631	504	0.2547565996646881	0.4021743834018707	0.132248193025589	0.4021743834018707	0.26992619037628174	0.6163158416748047	1.3672285079956055
best250_vs_ckpt10	23355	489	regressed	489	448	0.42921459674835205	0.5220064520835876	0.42921459674835205	0.16039380431175232	-0.26882079243659973	0.28847694396972656	1.1800479888916016
best250_vs_ckpt10	44659	199	regressed	199	197	0.5174117088317871	0.3511655926704407	0.5174117088317871	0.24997641146183014	-0.26743531227111816	1.5351519584655762	0.3398914337158203
best250_vs_ckpt10	47550	921	improved	424	921	0.4641292989253998	0.48584750294685364	0.2213793694972992	0.48584750294685364	0.26446813344955444	0.7402853965759277	0.8222804069519043
best250_vs_ckpt10	23245	28	regressed	28	35	0.3359595537185669	0.38678428530693054	0.3359595537185669	0.0723390057682991	-0.2636205554008484	1.010322093963623	1.074775218963623
best250_vs_ckpt10	28933	893	improved	709	893	0.29391515254974365	0.3779689371585846	0.11490163207054138	0.3779689371585846	0.2630673050880432	0.9392147064208984	1.373598575592041
best250_vs_ckpt10	36465	106	improved	334	106	0.5118429064750671	0.5672927498817444	0.3046831488609314	0.5672927498817444	0.262609601020813	0.5187454223632812	0.9189448356628418
best250_vs_ckpt10	34145	575	improved	609	575	0.35797518491744995	0.5990813374519348	0.33767956495285034	0.5990813374519348	0.2614017724990845	0.05836629867553711	0.9734592437744141
best250_vs_ckpt10	15438	26	regressed	26	119	0.303561270236969	0.7097308039665222	0.303561270236969	0.04377700388431549	-0.2597842812538147	0.24600696563720703	2.450340747833252
best250_vs_ckpt10	753	44	regressed	44	60	0.4894282817840576	0.27250707149505615	0.4894282817840576	0.22970867156982422	-0.2597196102142334	1.2040820121765137	0.1708526611328125
best250_vs_ckpt10	39552	389	regressed	389	391	0.5752456784248352	0.4873952865600586	0.5752456784248352	0.31613680720329285	-0.25910887122154236	1.0356593132019043	0.43290042877197266
best250_vs_ckpt10	26504	513	improved	875	513	0.3890010416507721	0.6328128576278687	0.3752354383468628	0.6328128576278687	0.25757741928100586	0.036028385162353516	1.1827235221862793
best250_vs_ckpt10	44560	835	regressed	835	908	0.4079374670982361	0.6276754140853882	0.4079374670982361	0.15062551200389862	-0.25731194019317627	0.2607393264770508	1.4272265434265137
best250_vs_ckpt10	43784	379	regressed	379	295	0.3135097622871399	0.5226284265518188	0.3135097622871399	0.05674094706773758	-0.2567688226699829	0.42615795135498047	1.8649811744689941
best250_vs_ckpt10	3526	864	improved	803	864	0.4698975384235382	0.6001983284950256	0.3435017466545105	0.6001983284950256	0.25669658184051514	0.3133225440979004	0.9674439430236816
best250_vs_ckpt10	41036	880	regressed	880	972	0.5921294689178467	0.514623761177063	0.5921294689178467	0.3357684314250946	-0.2563610374927521	0.8234944343566895	0.4270143508911133
best250_vs_ckpt10	15747	864	improved	468	864	0.6039361357688904	0.4443250298500061	0.18914024531841278	0.4443250298500061	0.25518476963043213	1.1609797477722168	0.24490070343017578
best250_vs_ckpt10	6657	106	improved	342	106	0.3996259868144989	0.5646576285362244	0.30998048186302185	0.5646576285362244	0.2546771466732025	0.25401973724365234	1.1835236549377441
best250_vs_ckpt10	13289	465	regressed	465	413	0.5827999114990234	0.4958633780479431	0.5827999114990234	0.32844123244285583	-0.2543586790561676	0.8381338119506836	0.4119424819946289
best250_vs_ckpt10	11627	445	regressed	445	433	0.5123082995414734	0.47646525502204895	0.5123082995414734	0.258340984582901	-0.2539673149585724	0.7314291000366211	0.612114429473877
best250_vs_ckpt10	13929	626	improved	862	626	0.3457242250442505	0.46247023344039917	0.20857396721839905	0.46247023344039917	0.2538962662220001	0.505347728729248	1.0885686874389648
best250_vs_ckpt10	17405	260	improved	257	260	0.5338169932365417	0.45273786783218384	0.19907554984092712	0.45273786783218384	0.2536623179912567	0.9863686561584473	0.6700592041015625
best250_vs_ckpt10	47282	675	improved	656	675	0.5487866401672363	0.5173845291137695	0.2637520432472229	0.5173845291137695	0.25363248586654663	0.7327003479003906	0.5176658630371094
best250_vs_ckpt10	3068	159	improved	246	159	0.5405974388122559	0.469551146030426	0.21710728108882904	0.469551146030426	0.2524438500404358	0.9122834205627441	0.8687925338745117
best250_vs_ckpt10	46945	449	improved	483	449	0.3415680229663849	0.4367857873439789	0.1862822026014328	0.4367857873439789	0.2505035996437073	0.5173211097717285	1.081416130065918
best250_vs_ckpt10	18035	40	regressed	40	311	0.5022287964820862	0.32854267954826355	0.5022287964820862	0.2523263096809387	-0.24990248680114746	1.484086513519287	0.2639436721801758
best250_vs_ckpt10	5567	312	improved	600	312	0.3335230052471161	0.35251909494400024	0.1038622334599495	0.35251909494400024	0.24865686893463135	1.0004968643188477	0.8335795402526855
best250_vs_ckpt10	29300	700	improved	999	700	0.49886003136634827	0.7215136885643005	0.47305768728256226	0.7215136885643005	0.24845600128173828	0.05310821533203125	1.0717506408691406
best250_vs_ckpt10	9804	613	improved	749	613	0.32741594314575195	0.4512046277523041	0.20322906970977783	0.4512046277523041	0.24797555804252625	0.4768977165222168	1.3671221733093262
best250_vs_ckpt10	5266	536	regressed	536	484	0.641767144203186	0.40383198857307434	0.641767144203186	0.39381226897239685	-0.24795487523078918	1.1618576049804688	0.025124549865722656
best250_vs_ckpt10	20633	847	regressed	847	586	0.49578312039375305	0.4261779487133026	0.49578312039375305	0.2485692799091339	-0.24721384048461914	1.2111282348632812	0.5391354560852051
best250_vs_ckpt10	4602	824	improved	735	824	0.360334187746048	0.45342910289764404	0.2062494158744812	0.45342910289764404	0.24717968702316284	0.557945728302002	0.7542190551757812
best250_vs_ckpt10	41027	813	improved	473	813	0.31058937311172485	0.4881057143211365	0.2411108762025833	0.4881057143211365	0.24699483811855316	0.25321483612060547	0.5282573699951172
best250_vs_ckpt10	27346	298	regressed	298	86	0.4053140878677368	0.43244487047195435	0.4053140878677368	0.15868164598941803	-0.2466324418783188	1.8096418380737305	1.0025548934936523
best250_vs_ckpt10	20674	125	regressed	125	78	0.4338465929031372	0.38463854789733887	0.4338465929031372	0.18807053565979004	-0.24577605724334717	0.4406752586364746	0.715487003326416
best250_vs_ckpt10	47157	872	improved	523	872	0.48539280891418457	0.5861120223999023	0.3407464623451233	0.5861120223999023	0.24536556005477905	0.3538198471069336	0.9274039268493652
best250_vs_ckpt10	13514	771	improved	868	771	0.3865823447704315	0.5436005592346191	0.2987561821937561	0.5436005592346191	0.24484437704086304	0.2577171325683594	0.9608802795410156
best250_vs_ckpt10	22659	490	regressed	490	735	0.48016953468322754	0.62291419506073	0.48016953468322754	0.23597362637519836	-0.24419590830802917	0.34178733825683594	0.9706888198852539
best250_vs_ckpt10	22243	872	improved	759	872	0.47179603576660156	0.6077032685279846	0.36440956592559814	0.6077032685279846	0.24329370260238647	0.2582683563232422	0.8360166549682617
best250_vs_ckpt10	46419	922	regressed	922	458	0.6236819624900818	0.4280337393283844	0.6236819624900818	0.38116103410720825	-0.24252092838287354	1.0094151496887207	0.11598014831542969
best250_vs_ckpt10	30961	238	regressed	238	240	0.5878096222877502	0.5297125577926636	0.5878096222877502	0.34696853160858154	-0.2408410906791687	0.7016973495483398	0.42310047149658203
best250_vs_ckpt10	8655	227	regressed	227	151	0.37323707342147827	0.2221173495054245	0.37323707342147827	0.1326903998851776	-0.24054667353630066	1.3779921531677246	0.5151872634887695
best250_vs_ckpt10	20212	230	regressed	230	261	0.5527632236480713	0.33116739988327026	0.5527632236480713	0.31415507197380066	-0.23860815167427063	1.3232431411743164	0.05273723602294922
best250_vs_ckpt10	29935	697	improved	775	697	0.34039950370788574	0.5466681122779846	0.3090280592441559	0.5466681122779846	0.23764005303382874	0.09668779373168945	1.934814453125
best250_vs_ckpt10	31604	7	improved	8	7	0.5532394051551819	0.5728759169578552	0.33590471744537354	0.5728759169578552	0.2369711995124817	0.4989633560180664	0.5627908706665039
best250_vs_ckpt10	37526	124	improved	118	124	0.5068751573562622	0.3661484122276306	0.1295415461063385	0.3661484122276306	0.23660686612129211	1.3642630577087402	0.1981668472290039
best250_vs_ckpt10	19158	623	improved	327	623	0.2970815598964691	0.48278534412384033	0.2464098185300827	0.48278534412384033	0.23637552559375763	0.1870107650756836	2.281665802001953
best250_vs_ckpt10	22441	557	regressed	557	733	0.4724525213241577	0.4013969302177429	0.4724525213241577	0.2371116578578949	-0.23534086346626282	0.7236251831054688	0.5264196395874023
best250_vs_ckpt10	17325	303	regressed	303	304	0.555543065071106	0.4859013557434082	0.555543065071106	0.32068467140197754	-0.23485839366912842	1.1781234741210938	0.41554737091064453
best250_vs_ckpt10	6129	851	improved	651	851	0.4349147081375122	0.4430195987224579	0.20942416787147522	0.4430195987224579	0.23359543085098267	0.7307882308959961	0.48854923248291016
best250_vs_ckpt10	33654	465	regressed	465	652	0.4200119972229004	0.4168747067451477	0.4200119972229004	0.18653181195259094	-0.23348018527030945	0.5705366134643555	0.8041839599609375
best250_vs_ckpt10	49153	956	improved	135	956	0.13034307956695557	0.31250521540641785	0.07919315993785858	0.31250521540641785	0.23331205546855927	0.27508974075317383	0.4956932067871094
best250_vs_ckpt10	46407	110	regressed	110	115	0.5655127167701721	0.5577091574668884	0.5655127167701721	0.33232665061950684	-0.23318606615066528	0.669980525970459	0.5177192687988281
best250_vs_ckpt10	37044	803	improved	547	803	0.3464597463607788	0.42933157086372375	0.19634412229061127	0.42933157086372375	0.2329874485731125	0.5678977966308594	0.9323992729187012
best250_vs_ckpt10	13395	605	regressed	605	487	0.566423237323761	0.350934237241745	0.566423237323761	0.33347511291503906	-0.23294812440872192	1.1985092163085938	0.051030635833740234
best250_vs_ckpt10	48014	444	regressed	444	870	0.5250829458236694	0.6026720404624939	0.5250829458236694	0.292398601770401	-0.23268434405326843	0.4331221580505371	0.7232551574707031
best250_vs_ckpt10	46949	609	regressed	609	734	0.4082373380661011	0.49324819445610046	0.4082373380661011	0.17673224210739136	-0.23150509595870972	0.1922903060913086	1.026376724243164
best250_vs_ckpt10	21186	465	improved	597	465	0.3428938686847687	0.45593011379241943	0.22466941177845	0.45593011379241943	0.23126070201396942	0.4227910041809082	0.6392993927001953
best250_vs_ckpt10	1399	159	regressed	159	243	0.44737356901168823	0.5851432085037231	0.44737356901168823	0.21624693274497986	-0.23112663626670837	0.19276094436645508	0.9954357147216797
best250_vs_ckpt10	8910	735	regressed	735	474	0.5245823264122009	0.3519449532032013	0.5245823264122009	0.2936552166938782	-0.23092710971832275	1.3500347137451172	0.18106842041015625
best250_vs_ckpt10	16667	352	regressed	352	351	0.49463069438934326	0.4970422089099884	0.49463069438934326	0.26384350657463074	-0.23078718781471252	0.8667154312133789	0.6333189010620117
best250_vs_ckpt10	10352	249	improved	248	249	0.39237362146377563	0.5527262687683105	0.3230535089969635	0.5527262687683105	0.22967275977134705	0.1943964958190918	0.837186336517334
best250_vs_ckpt10	19133	41	improved	40	41	0.48594042658805847	0.3723486363887787	0.14310280978679657	0.3723486363887787	0.22924582660198212	1.2225227355957031	0.4650239944458008
best250_vs_ckpt10	6037	395	improved	389	395	0.418838232755661	0.6349478363990784	0.4058397114276886	0.6349478363990784	0.22910812497138977	0.03152656555175781	1.218815803527832
best250_vs_ckpt10	27457	579	improved	582	579	0.5094789266586304	0.5222017168998718	0.29553887248039246	0.5222017168998718	0.22666284441947937	0.5445880889892578	0.4555215835571289
best250_vs_ckpt10	38394	165	regressed	165	234	0.4402116537094116	0.23314574360847473	0.4402116537094116	0.2136169821023941	-0.22659467160701752	1.0693964958190918	0.0874791145324707
best250_vs_ckpt10	49144	233	regressed	233	206	0.26363617181777954	0.6690590381622314	0.26363617181777954	0.03709575533866882	-0.22654041647911072	0.23247909545898438	2.8923697471618652
best250_vs_ckpt10	15504	549	improved	816	549	0.5763345956802368	0.4847801625728607	0.2585832178592682	0.4847801625728607	0.22619694471359253	0.8014707565307617	0.542396068572998
best250_vs_ckpt10	8356	253	improved	173	253	0.5381176471710205	0.5083861947059631	0.2830943763256073	0.5083861947059631	0.22529181838035583	0.6422967910766602	0.3893709182739258
best250_vs_ckpt10	36666	818	improved	980	818	0.40251630544662476	0.3538254499435425	0.12857872247695923	0.3538254499435425	0.22524672746658325	1.1411943435668945	0.7337512969970703
best250_vs_ckpt10	16349	869	improved	756	869	0.42257171869277954	0.5894178748130798	0.36430007219314575	0.5894178748130798	0.22511780261993408	0.14838123321533203	0.8516826629638672
best250_vs_ckpt10	30078	66	improved	54	66	0.33600667119026184	0.39417707920074463	0.1692856401205063	0.39417707920074463	0.22489143908023834	0.5406427383422852	0.799074649810791
best250_vs_ckpt10	3474	67	regressed	67	66	0.4318777322769165	0.3219579756259918	0.4318777322769165	0.2078183889389038	-0.2240593433380127	0.6735062599182129	0.017824649810791016
best250_vs_ckpt10	49974	405	improved	146	405	0.3284090459346771	0.3223556876182556	0.09986300021409988	0.3223556876182556	0.22249269485473633	0.6411905288696289	0.372100830078125
best250_vs_ckpt10	29332	577	regressed	577	494	0.3517363965511322	0.20854032039642334	0.3517363965511322	0.12930595874786377	-0.22243043780326843	0.08413839340209961	0.46393680572509766
best250_vs_ckpt10	32940	214	regressed	214	165	0.2781215012073517	0.25895094871520996	0.2781215012073517	0.05587947741150856	-0.22224202752113342	0.24851655960083008	0.7503757476806641
best250_vs_ckpt10	20415	802	regressed	802	701	0.3547751009464264	0.428203821182251	0.3547751009464264	0.1329995095729828	-0.2217755913734436	0.08083868026733398	1.1692538261413574
best250_vs_ckpt10	3315	433	improved	838	433	0.4007563591003418	0.40414342284202576	0.1827031373977661	0.40414342284202576	0.22144028544425964	0.7854909896850586	0.7770218849182129
best250_vs_ckpt10	15191	166	improved	162	166	0.6179692149162292	0.40940824151039124	0.18846549093723297	0.40940824151039124	0.22094275057315826	1.1875238418579102	0.18764781951904297
best250_vs_ckpt10	38313	740	improved	477	740	0.5185051560401917	0.6033158898353577	0.3824307918548584	0.6033158898353577	0.22088509798049927	0.30440235137939453	0.6957387924194336
best250_vs_ckpt10	13061	709	regressed	709	529	0.4939689338207245	0.4563588798046112	0.4939689338207245	0.2743363678455353	-0.2196325659751892	0.8042278289794922	0.5089244842529297
best250_vs_ckpt10	25837	516	regressed	516	529	0.34040212631225586	0.14552363753318787	0.34040212631225586	0.12094556540250778	-0.21945655345916748	1.0533905029296875	0.1849980354309082
best250_vs_ckpt10	5113	202	improved	200	202	0.15202777087688446	0.25550946593284607	0.03684191778302193	0.25550946593284607	0.21866755187511444	0.2094416618347168	0.11381959915161133
best250_vs_ckpt10	16950	650	regressed	650	818	0.42617544531822205	0.3064160645008087	0.42617544531822205	0.20767374336719513	-0.21850170195102692	0.6735901832580566	0.3889756202697754
best250_vs_ckpt10	33441	880	regressed	880	870	0.2947765290737152	0.22202342748641968	0.2947765290737152	0.076338030397892	-0.2184385061264038	1.0623722076416016	0.3482542037963867
best250_vs_ckpt10	5548	834	improved	655	834	0.42631322145462036	0.3406088650226593	0.12294229120016098	0.3406088650226593	0.21766656637191772	1.1153793334960938	0.1311941146850586
best250_vs_ckpt10	42717	369	improved	367	369	0.357326865196228	0.5257951021194458	0.3082007169723511	0.5257951021194458	0.21759438514709473	0.14789962768554688	1.1335325241088867
best250_vs_ckpt10	27682	715	improved	652	715	0.6330350041389465	0.44859078526496887	0.23121961951255798	0.44859078526496887	0.2173711657524109	1.007157802581787	0.15022945404052734
best250_vs_ckpt10	49137	412	regressed	412	637	0.5999337434768677	0.41587042808532715	0.5999337434768677	0.3825974762439728	-0.2173362672328949	0.7913742065429688	0.0833902359008789
best250_vs_ckpt10	16855	587	improved	784	587	0.36952266097068787	0.49973264336586	0.2825227379798889	0.49973264336586	0.21720990538597107	0.26845312118530273	0.9817194938659668
best250_vs_ckpt10	16754	51	improved	30	51	0.2503379285335541	0.2795184850692749	0.06336939334869385	0.2795184850692749	0.21614909172058105	0.7104353904724121	1.3451471328735352
best250_vs_ckpt10	16430	770	improved	787	770	0.14786109328269958	0.3613438010215759	0.1453886330127716	0.3613438010215759	0.21595516800880432	0.016862869262695312	1.0149807929992676
best250_vs_ckpt10	13047	489	improved	829	489	0.16989681124687195	0.3639580309391022	0.14820784330368042	0.3639580309391022	0.21575018763542175	0.13657569885253906	0.8632521629333496
best250_vs_ckpt10	32702	510	improved	540	510	0.37607505917549133	0.5821250081062317	0.3666129410266876	0.5821250081062317	0.21551206707954407	0.025482177734375	1.443284034729004
best250_vs_ckpt10	42018	655	regressed	655	836	0.2924773693084717	0.08087743818759918	0.2924773693084717	0.0770619660615921	-0.21541540324687958	1.2013182640075684	0.0483250617980957
best250_vs_ckpt10	18198	558	improved	513	558	0.19252166152000427	0.34172600507736206	0.12680324912071228	0.34172600507736206	0.21492275595664978	0.417572021484375	1.3952417373657227
best250_vs_ckpt10	39425	99	regressed	99	97	0.3917200565338135	0.41518571972846985	0.3917200565338135	0.17695914208889008	-0.2147609144449234	1.0347046852111816	0.8528070449829102
best250_vs_ckpt10	28412	197	regressed	197	205	0.4676460027694702	0.33019885420799255	0.4676460027694702	0.253598153591156	-0.2140478491783142	0.7983803749084473	0.263944149017334
best250_vs_ckpt10	34591	732	regressed	732	759	0.3649815618991852	0.19436612725257874	0.3649815618991852	0.1510903239250183	-0.21389123797416687	0.9355382919311523	0.25186586380004883
best250_vs_ckpt10	9101	711	regressed	711	626	0.40916797518730164	0.6484081745147705	0.40916797518730164	0.19536517560482025	-0.21380279958248138	0.01925182342529297	1.1996498107910156
best250_vs_ckpt10	16678	774	improved	770	774	0.29059088230133057	0.46279075741767883	0.251167893409729	0.46279075741767883	0.21162286400794983	0.14579486846923828	0.6032156944274902
best250_vs_ckpt10	3799	898	improved	720	898	0.26030439138412476	0.4390019476413727	0.22776064276695251	0.4390019476413727	0.21124130487442017	0.13355636596679688	0.8666338920593262
best250_vs_ckpt10	35028	796	improved	911	796	0.22971773147583008	0.34205278754234314	0.13134361803531647	0.34205278754234314	0.21070916950702667	0.16524362564086914	0.7220058441162109
best250_vs_ckpt10	45079	697	regressed	697	601	0.3441302180290222	0.36329180002212524	0.3441302180290222	0.1336391717195511	-0.21049104630947113	0.1252269744873047	1.0000629425048828
best250_vs_ckpt10	26530	21	improved	22	21	0.6124379634857178	0.44394564628601074	0.23347680270671844	0.44394564628601074	0.2104688435792923	0.9643650054931641	0.19180870056152344
best250_vs_ckpt10	8568	46	regressed	46	42	0.4619878828525543	0.29327061772346497	0.4619878828525543	0.2518285810947418	-0.2101593017578125	1.2852191925048828	0.15234708786010742
best250_vs_ckpt10	10685	793	improved	610	793	0.13553036749362946	0.3072880208492279	0.09753543138504028	0.3072880208492279	0.20975258946418762	0.1384906768798828	1.4035234451293945
best250_vs_ckpt10	3805	728	regressed	728	501	0.39925113320350647	0.4289325773715973	0.39925113320350647	0.19125467538833618	-0.2079964578151703	0.911374568939209	0.8076939582824707
best250_vs_ckpt10	34868	2	regressed	2	4	0.4879758954048157	0.5179955363273621	0.4879758954048157	0.28010743856430054	-0.20786845684051514	0.7535514831542969	0.6147933006286621
best250_vs_ckpt10	3839	557	improved	538	557	0.5118057131767273	0.5398004651069641	0.33227694034576416	0.5398004651069641	0.20752352476119995	0.431976318359375	0.5056524276733398
best250_vs_ckpt10	15925	141	regressed	141	142	0.4794543981552124	0.40996548533439636	0.4794543981552124	0.2720627188682556	-0.2073916792869568	1.026930809020996	0.41004037857055664
best250_vs_ckpt10	29654	748	improved	893	748	0.5836203098297119	0.4105686843395233	0.203183114528656	0.4105686843395233	0.2073855698108673	1.055142879486084	0.007458686828613281
best250_vs_ckpt10	37646	799	regressed	799	564	0.3788919746875763	0.5398474931716919	0.3788919746875763	0.1724860668182373	-0.206405907869339	0.07809972763061523	1.140970230102539
best250_vs_ckpt10	10059	419	improved	542	419	0.3648476302623749	0.36170727014541626	0.15531834959983826	0.36170727014541626	0.206388920545578	0.8540029525756836	0.5838127136230469
best250_vs_ckpt10	46260	348	regressed	348	825	0.558494508266449	0.5361536145210266	0.558494508266449	0.3522508144378662	-0.20624369382858276	0.4551992416381836	0.4200773239135742
best250_vs_ckpt10	21939	63	regressed	63	82	0.2755252718925476	0.27306053042411804	0.2755252718925476	0.07085569202899933	-0.20466957986354828	0.8381352424621582	1.349048137664795
best250_vs_ckpt10	30628	642	regressed	642	641	0.4680560529232025	0.5779173374176025	0.4680560529232025	0.26356208324432373	-0.20449396967887878	0.33994293212890625	0.7851419448852539
best250_vs_ckpt10	13729	64	improved	55	64	0.36653202772140503	0.4234386682510376	0.21945838630199432	0.4234386682510376	0.20398028194904327	0.5129232406616211	0.4233360290527344
best250_vs_ckpt10	20896	666	improved	932	666	0.2737399637699127	0.44214293360710144	0.23826415836811066	0.44214293360710144	0.20387877523899078	0.13879871368408203	1.1904420852661133
best250_vs_ckpt10	404	795	regressed	795	970	0.44996511936187744	0.28662025928497314	0.44996511936187744	0.24620674550533295	-0.2037583738565445	0.7545719146728516	0.13030385971069336
best250_vs_ckpt10	2126	359	regressed	359	454	0.27908191084861755	0.12152598053216934	0.27908191084861755	0.07584364712238312	-0.20323826372623444	0.5007848739624023	0.030475616455078125
best250_vs_ckpt10	39690	735	improved	911	735	0.39858344197273254	0.38570234179496765	0.1829293817281723	0.38570234179496765	0.20277296006679535	0.7788166999816895	0.15870237350463867
best250_vs_ckpt10	14725	208	improved	207	208	0.4811004400253296	0.4135684072971344	0.21245890855789185	0.4135684072971344	0.20110949873924255	0.8173274993896484	0.02639293670654297
best250_vs_ckpt10	32756	335	regressed	335	336	0.4343337416648865	0.3262037932872772	0.4343337416648865	0.23325033485889435	-0.20108340680599213	1.264084815979004	0.33541011810302734
best250_vs_ckpt10	13606	158	regressed	158	253	0.47904059290885925	0.6178363561630249	0.47904059290885925	0.27868711948394775	-0.2003534734249115	0.2663850784301758	0.7961339950561523
best250_vs_ckpt10	38246	457	regressed	457	697	0.5026252865791321	0.33025068044662476	0.5026252865791321	0.3030189275741577	-0.19960635900497437	0.8202614784240723	0.08605670928955078
best250_vs_ckpt10	10503	288	regressed	288	290	0.5444820523262024	0.5297037959098816	0.5444820523262024	0.3449303209781647	-0.19955173134803772	0.508000373840332	0.42897558212280273
best250_vs_ckpt10	22107	612	improved	870	612	0.43709543347358704	0.40304648876190186	0.20448218286037445	0.40304648876190186	0.1985643059015274	0.7596707344055176	0.083709716796875
best250_vs_ckpt10	19779	698	improved	663	698	0.38042518496513367	0.4365876019001007	0.238367959856987	0.4365876019001007	0.1982196420431137	0.46747398376464844	0.09517765045166016
best250_vs_ckpt10	38465	153	improved	332	153	0.42197659611701965	0.46917715668678284	0.2716819941997528	0.46917715668678284	0.19749516248703003	0.44031763076782227	0.6218037605285645
best250_vs_ckpt10	5143	524	improved	787	524	0.15887629985809326	0.33087772130966187	0.13381463289260864	0.33087772130966187	0.19706308841705322	0.17167043685913086	0.45354413986206055
best250_vs_ckpt10	27505	993	regressed	993	997	0.38128724694252014	0.3677070140838623	0.38128724694252014	0.18453487753868103	-0.1967523694038391	0.5915946960449219	0.40625572204589844
best250_vs_ckpt10	44021	125	regressed	125	112	0.5913747549057007	0.40487295389175415	0.5913747549057007	0.3957068622112274	-0.19566789269447327	0.8525400161743164	0.022899627685546875
best250_vs_ckpt10	45008	975	improved	976	975	0.4351399838924408	0.3979639410972595	0.20283806324005127	0.3979639410972595	0.19512587785720825	0.7632598876953125	0.4241981506347656
best250_vs_ckpt10	36148	689	improved	578	689	0.2778778672218323	0.404201865196228	0.20926350355148315	0.404201865196228	0.19493836164474487	0.2835874557495117	1.1544256210327148
best250_vs_ckpt10	28623	242	improved	243	242	0.48275086283683777	0.530724823474884	0.3359442353248596	0.530724823474884	0.19478058815002441	0.36255550384521484	0.4494047164916992
best250_vs_ckpt10	28929	893	improved	591	893	0.196063831448555	0.355307012796402	0.1605503112077713	0.355307012796402	0.19475670158863068	0.19983291625976562	1.0562424659729004
best250_vs_ckpt10	37187	860	regressed	860	624	0.3004954755306244	0.3420720398426056	0.3004954755306244	0.10580059140920639	-0.1946948766708374	0.1854267120361328	0.4216423034667969
best250_vs_ckpt10	31442	923	regressed	923	521	0.32660651206970215	0.4921327233314514	0.32660651206970215	0.13205450773239136	-0.1945520043373108	0.8746724128723145	1.3155336380004883
best250_vs_ckpt10	30237	173	improved	171	173	0.17156237363815308	0.30957019329071045	0.11503694951534271	0.30957019329071045	0.19453324377536774	0.39969348907470703	1.036933422088623
best250_vs_ckpt10	8896	265	regressed	265	190	0.2849196493625641	0.10918400436639786	0.2849196493625641	0.09093263000249863	-0.19398701190948486	1.038421630859375	0.18291568756103516
best250_vs_ckpt10	44113	423	improved	792	423	0.14767159521579742	0.3059299886226654	0.11221975088119507	0.3059299886226654	0.19371023774147034	0.27453184127807617	1.63224458694458
best250_vs_ckpt10	9206	649	improved	500	649	0.3517891466617584	0.3138350546360016	0.12020430713891983	0.3138350546360016	0.19363075494766235	1.0738391876220703	0.7082118988037109
best250_vs_ckpt10	17307	823	improved	610	823	0.2266303151845932	0.4094544053077698	0.21584399044513702	0.4094544053077698	0.19361041486263275	0.04876422882080078	1.3245372772216797
best250_vs_ckpt10	26641	536	improved	484	536	0.6013928651809692	0.4704742729663849	0.2768860459327698	0.4704742729663849	0.1935882270336151	0.7756423950195312	0.09987545013427734
best250_vs_ckpt10	27998	671	regressed	671	518	0.5275506377220154	0.5667550563812256	0.5275506377220154	0.33413878083229065	-0.19341185688972473	0.34671783447265625	0.5283708572387695
best250_vs_ckpt10	39328	541	regressed	541	731	0.3010082244873047	0.5650063753128052	0.3010082244873047	0.10852721333503723	-0.19248101115226746	0.4436039924621582	1.6498360633850098
best250_vs_ckpt10	7550	340	improved	345	340	0.44743040204048157	0.5326810479164124	0.34039637446403503	0.5326810479164124	0.19228467345237732	0.2734103202819824	1.0388927459716797
best250_vs_ckpt10	22271	617	improved	786	617	0.5163795948028564	0.4541417360305786	0.2619514763355255	0.4541417360305786	0.1921902596950531	0.678682804107666	0.32103919982910156
best250_vs_ckpt10	38055	531	regressed	531	464	0.5391561985015869	0.42001673579216003	0.5391561985015869	0.34762081503868103	-0.19153538346290588	0.9982671737670898	0.18918228149414062
best250_vs_ckpt10	27614	243	regressed	243	242	0.5694109201431274	0.3827308714389801	0.5694109201431274	0.3782012164592743	-0.19120970368385315	1.018805980682373	0.011905670166015625
best250_vs_ckpt10	17093	4	improved	3	4	0.48949134349823	0.3302658200263977	0.13931185007095337	0.3302658200263977	0.19095396995544434	1.2566518783569336	0.11921072006225586
best250_vs_ckpt10	26060	823	improved	153	823	0.41063472628593445	0.44748130440711975	0.25667840242385864	0.44748130440711975	0.1908029019832611	0.4698801040649414	0.5925984382629395
best250_vs_ckpt10	15967	975	improved	703	975	0.6061820983886719	0.5381295084953308	0.34761843085289	0.5381295084953308	0.1905110776424408	0.5560750961303711	0.2565135955810547
best250_vs_ckpt10	35800	81	improved	89	81	0.21888810396194458	0.40353426337242126	0.21304073929786682	0.40353426337242126	0.19049352407455444	0.027077198028564453	0.29569196701049805
best250_vs_ckpt10	47750	624	improved	481	624	0.3440532684326172	0.4003395438194275	0.2105358988046646	0.4003395438194275	0.18980364501476288	0.49114036560058594	0.7587862014770508
best250_vs_ckpt10	9996	519	regressed	519	950	0.5053613185882568	0.4903806447982788	0.5053613185882568	0.31603100895881653	-0.1893303096294403	0.4355583190917969	0.43934154510498047
best250_vs_ckpt10	35898	341	improved	830	341	0.24252738058567047	0.31768035888671875	0.1284654438495636	0.31768035888671875	0.18921491503715515	0.6354546546936035	0.7704586982727051
best250_vs_ckpt10	15060	656	improved	436	656	0.46112900972366333	0.5157642364501953	0.3266447186470032	0.5157642364501953	0.18911951780319214	0.3448047637939453	0.6238493919372559
best250_vs_ckpt10	21039	585	improved	982	585	0.3580282926559448	0.49873441457748413	0.31038418412208557	0.49873441457748413	0.18835023045539856	0.14280128479003906	0.6695680618286133
best250_vs_ckpt10	15537	58	regressed	58	30	0.4089718163013458	0.2408464252948761	0.4089718163013458	0.220803901553154	-0.18816791474819183	0.7778058052062988	0.020433902740478516
best250_vs_ckpt10	9901	351	regressed	351	346	0.2423963099718094	0.20458576083183289	0.2423963099718094	0.05427819490432739	-0.188118115067482	0.42325448989868164	0.10378074645996094
best250_vs_ckpt10	48616	315	improved	312	315	0.3086274564266205	0.3897615075111389	0.20214144885540009	0.3897615075111389	0.18762005865573883	0.22082996368408203	0.3894171714782715
best250_vs_ckpt10	10312	706	regressed	706	421	0.2387443333864212	0.1351768523454666	0.2387443333864212	0.05140061303973198	-0.18734371662139893	0.2517547607421875	0.9517459869384766
best250_vs_ckpt10	14283	130	improved	134	130	0.30332812666893005	0.25609391927719116	0.06927419453859329	0.25609391927719116	0.18681973218917847	1.4767427444458008	0.6486496925354004
best250_vs_ckpt10	42881	217	improved	218	217	0.30276739597320557	0.3908878564834595	0.20407870411872864	0.3908878564834595	0.18680915236473083	0.39445924758911133	0.7251205444335938
best250_vs_ckpt10	25144	212	regressed	212	216	0.4997754395008087	0.48139217495918274	0.4997754395008087	0.31349214911460876	-0.18628329038619995	0.5086135864257812	0.4289078712463379
best250_vs_ckpt10	9959	554	regressed	554	625	0.40214666724205017	0.4737043082714081	0.40214666724205017	0.21635694801807404	-0.18578971922397614	0.2789883613586426	0.783653736114502
best250_vs_ckpt10	13018	294	regressed	294	295	0.5314416885375977	0.40456622838974	0.5314416885375977	0.34626469016075134	-0.1851769983768463	0.750640869140625	0.15561199188232422
best250_vs_ckpt10	41111	773	improved	968	773	0.2431175261735916	0.32096627354621887	0.135872945189476	0.32096627354621887	0.18509332835674286	0.3629770278930664	0.6367402076721191
best250_vs_ckpt10	9620	442	regressed	442	497	0.6192690134048462	0.4528263509273529	0.6192690134048462	0.434194952249527	-0.1850740611553192	0.7703084945678711	0.04201507568359375
best250_vs_ckpt10	38289	403	regressed	403	895	0.45214951038360596	0.5077158212661743	0.45214951038360596	0.2674729526042938	-0.18467655777931213	0.23362159729003906	0.6409034729003906
best250_vs_ckpt10	15722	883	improved	504	883	0.24172306060791016	0.277603417634964	0.09347742050886154	0.277603417634964	0.18412598967552185	0.37989091873168945	0.3310675621032715
best250_vs_ckpt10	32544	932	improved	923	932	0.45881351828575134	0.42498305439949036	0.24092060327529907	0.42498305439949036	0.18406245112419128	0.6441764831542969	0.35603809356689453
best250_vs_ckpt10	11158	184	improved	192	184	0.3203020989894867	0.24792508780956268	0.0644996166229248	0.24792508780956268	0.18342547118663788	0.6425008773803711	0.33565807342529297
best250_vs_ckpt10	44795	827	improved	909	827	0.21721675992012024	0.325136661529541	0.14176149666309357	0.325136661529541	0.18337516486644745	0.32293176651000977	1.0211515426635742
best250_vs_ckpt10	48936	200	improved	204	200	0.6060962080955505	0.43023762106895447	0.24692443013191223	0.43023762106895447	0.18331319093704224	0.897956371307373	0.07100200653076172
best250_vs_ckpt10	24462	593	improved	650	593	0.33201614022254944	0.42617496848106384	0.2431311458349228	0.42617496848106384	0.18304382264614105	0.3115825653076172	0.8138852119445801
best250_vs_ckpt10	5664	655	regressed	655	823	0.4246821999549866	0.25428062677383423	0.4246821999549866	0.24271497130393982	-0.18196722865104675	1.081395149230957	0.046550750732421875
best250_vs_ckpt10	17849	608	improved	457	608	0.17394545674324036	0.33126920461654663	0.14977078139781952	0.33126920461654663	0.1814984232187271	0.14963579177856445	1.0788259506225586
best250_vs_ckpt10	31314	819	improved	638	819	0.5257557034492493	0.3751055896282196	0.19366702437400818	0.3751055896282196	0.18143856525421143	0.9986963272094727	0.15775060653686523
best250_vs_ckpt10	28199	150	regressed	150	295	0.2550489008426666	0.16064351797103882	0.2550489008426666	0.07378876209259033	-0.1812601387500763	0.2848200798034668	0.7779812812805176
best250_vs_ckpt10	37313	205	regressed	205	750	0.2943706214427948	0.5090711116790771	0.2943706214427948	0.1132340356707573	-0.1811365783214569	0.21547174453735352	1.5031309127807617
best250_vs_ckpt10	9847	187	improved	177	187	0.10903559625148773	0.2520255446434021	0.07089845836162567	0.2520255446434021	0.18112708628177643	0.43042564392089844	2.1317596435546875
best250_vs_ckpt10	47780	471	regressed	471	920	0.4789656400680542	0.417545348405838	0.4789656400680542	0.29791459441185	-0.18105104565620422	0.7249846458435059	0.3375864028930664
best250_vs_ckpt10	40614	682	regressed	682	634	0.3924669623374939	0.5900056958198547	0.3924669623374939	0.21148380637168884	-0.18098315596580505	0.22408819198608398	1.0259838104248047
best250_vs_ckpt10	1140	294	regressed	294	357	0.2942066788673401	0.24165686964988708	0.2942066788673401	0.11492764949798584	-0.17927902936935425	0.35016727447509766	0.7126040458679199
best250_vs_ckpt10	31365	256	regressed	256	223	0.27871620655059814	0.3420499563217163	0.27871620655059814	0.10037503391504288	-0.17834118008613586	0.32818031311035156	0.14732122421264648
best250_vs_ckpt10	4146	928	improved	968	928	0.41093263030052185	0.3582707345485687	0.1800512671470642	0.3582707345485687	0.17821946740150452	0.8251876831054688	0.4874730110168457
best250_vs_ckpt10	38097	180	regressed	180	151	0.2837890386581421	0.3336968719959259	0.2837890386581421	0.10572898387908936	-0.17806005477905273	0.8511080741882324	1.1493539810180664
best250_vs_ckpt10	19340	428	regressed	428	866	0.3109011650085449	0.47466912865638733	0.3109011650085449	0.13310781121253967	-0.17779335379600525	0.13442707061767578	1.271458625793457
best250_vs_ckpt10	32219	686	improved	633	686	0.10955223441123962	0.2583843469619751	0.08075233548879623	0.2583843469619751	0.17763200402259827	0.30501461029052734	1.0702672004699707
best250_vs_ckpt10	15874	175	improved	189	175	0.19294513761997223	0.2991465628147125	0.12159164249897003	0.2991465628147125	0.1775549203157425	0.46173763275146484	0.6323909759521484
best250_vs_ckpt10	42763	553	regressed	553	559	0.27088308334350586	0.4031885862350464	0.27088308334350586	0.09349853545427322	-0.17738455533981323	0.3355879783630371	0.9528813362121582
best250_vs_ckpt10	46940	523	regressed	523	462	0.39136171340942383	0.35482025146484375	0.39136171340942383	0.214280903339386	-0.17708081007003784	0.2767624855041504	0.5043234825134277
best250_vs_ckpt10	43647	360	regressed	360	103	0.4190565049648285	0.39250487089157104	0.4190565049648285	0.24263599514961243	-0.17642050981521606	0.45687294006347656	0.4809865951538086
best250_vs_ckpt10	32036	166	improved	162	166	0.4367118775844574	0.5499261617660522	0.3735305368900299	0.5499261617660522	0.17639562487602234	0.15627384185791016	0.7813982963562012
best250_vs_ckpt10	5178	653	regressed	653	866	0.20367737114429474	0.24316123127937317	0.20367737114429474	0.027557596564292908	-0.17611977458000183	0.8534383773803711	1.1417860984802246
best250_vs_ckpt10	1481	534	improved	910	534	0.5614300966262817	0.49181845784187317	0.3159387707710266	0.49181845784187317	0.17587968707084656	0.5749387741088867	0.2992973327636719
best250_vs_ckpt10	3935	641	improved	618	641	0.39960163831710815	0.46146315336227417	0.2858215272426605	0.46146315336227417	0.17564162611961365	0.3351006507873535	0.35287046432495117
best250_vs_ckpt10	4424	838	regressed	838	929	0.37659814953804016	0.5936717391014099	0.37659814953804016	0.20107994973659515	-0.175518199801445	0.011315345764160156	1.0826239585876465
best250_vs_ckpt10	28708	577	regressed	577	868	0.4617646634578705	0.3029877245426178	0.4617646634578705	0.2868475317955017	-0.17491713166236877	1.288909912109375	0.05474138259887695
best250_vs_ckpt10	44479	634	regressed	634	990	0.30004698038101196	0.19439122080802917	0.30004698038101196	0.1256648302078247	-0.17438215017318726	0.5930080413818359	0.09247779846191406
best250_vs_ckpt10	19411	337	regressed	337	360	0.3979421555995941	0.4697814881801605	0.3979421555995941	0.2236870527267456	-0.1742551028728485	0.6322388648986816	0.7420196533203125
best250_vs_ckpt10	31934	499	improved	909	499	0.3326721489429474	0.39092275500297546	0.2167038917541504	0.39092275500297546	0.17421886324882507	0.42862558364868164	0.9572362899780273
best250_vs_ckpt10	20628	523	regressed	523	608	0.4459559917449951	0.5449850559234619	0.4459559917449951	0.2727169990539551	-0.17323899269104004	0.08891487121582031	0.6923236846923828
best250_vs_ckpt10	24233	240	regressed	240	238	0.49500906467437744	0.41957977414131165	0.49500906467437744	0.3220973014831543	-0.17291176319122314	0.7670526504516602	0.26440000534057617
best250_vs_ckpt10	48081	667	improved	446	667	0.256904661655426	0.22343432903289795	0.05074843764305115	0.22343432903289795	0.1726858913898468	0.9824652671813965	0.034699440002441406
best250_vs_ckpt10	38849	267	regressed	267	155	0.35464051365852356	0.3420313596725464	0.35464051365852356	0.18210245668888092	-0.17253805696964264	0.2758646011352539	0.6303329467773438
best250_vs_ckpt10	25088	155	regressed	155	154	0.42781174182891846	0.42450442910194397	0.42781174182891846	0.25533217191696167	-0.1724795699119568	0.3979029655456543	0.508357048034668
best250_vs_ckpt10	9244	822	improved	808	822	0.28749677538871765	0.35564786195755005	0.18330803513526917	0.35564786195755005	0.17233982682228088	0.4500436782836914	0.768531322479248
best250_vs_ckpt10	12757	764	improved	763	764	0.40737876296043396	0.46247825026512146	0.29047638177871704	0.46247825026512146	0.17200186848640442	0.33822107315063477	0.41092967987060547
best250_vs_ckpt10	33022	447	regressed	447	976	0.3422773778438568	0.2528509199619293	0.3422773778438568	0.17035897076129913	-0.17191840708255768	0.6988615989685059	0.39489221572875977
best250_vs_ckpt10	15565	494	regressed	494	637	0.30722784996032715	0.44486361742019653	0.30722784996032715	0.1355539709329605	-0.17167387902736664	0.030664443969726562	1.1883978843688965
best250_vs_ckpt10	18992	347	regressed	347	295	0.26954346895217896	0.18854567408561707	0.26954346895217896	0.09793203324079514	-0.17161142826080322	0.822258472442627	0.04054403305053711
best250_vs_ckpt10	27464	796	improved	795	796	0.365634560585022	0.5013108849525452	0.3310898542404175	0.5013108849525452	0.17022103071212769	0.09924459457397461	0.7756705284118652
best250_vs_ckpt10	47561	768	improved	655	768	0.3489948511123657	0.24084703624248505	0.07085904479026794	0.24084703624248505	0.1699879914522171	1.5602431297302246	0.8399782180786133
best250_vs_ckpt10	19365	942	improved	940	942	0.4249071478843689	0.5302389860153198	0.3603096008300781	0.5302389860153198	0.1699293851852417	0.16490697860717773	0.6786007881164551
best250_vs_ckpt10	7260	777	regressed	777	563	0.3595408797264099	0.36352768540382385	0.3595408797264099	0.18964211642742157	-0.16989876329898834	0.34946727752685547	0.6507167816162109
best250_vs_ckpt10	6969	428	improved	516	428	0.39919930696487427	0.33014026284217834	0.16081005334854126	0.33014026284217834	0.16933020949363708	0.9092369079589844	0.4652242660522461
best250_vs_ckpt10	21118	409	improved	437	409	0.6149032115936279	0.4058491885662079	0.23671454191207886	0.4058491885662079	0.16913464665412903	0.9546098709106445	0.07669448852539062
best250_vs_ckpt10	40675	485	improved	754	485	0.3242562711238861	0.4403271973133087	0.27126118540763855	0.4403271973133087	0.16906601190567017	0.1784520149230957	0.35260963439941406
best250_vs_ckpt10	25325	822	improved	112	822	0.3496015965938568	0.25165265798568726	0.0829024687409401	0.25165265798568726	0.16875019669532776	1.2264199256896973	0.06033897399902344
best250_vs_ckpt10	42554	544	improved	567	544	0.3988540768623352	0.3954697549343109	0.2268153578042984	0.3954697549343109	0.1686543971300125	0.5644593238830566	0.5916547775268555
best250_vs_ckpt10	4855	724	improved	536	724	0.259408175945282	0.36985254287719727	0.20131096243858337	0.36985254287719727	0.1685415804386139	0.2535519599914551	0.5903983116149902
best250_vs_ckpt10	17239	826	improved	531	826	0.40380197763442993	0.33165648579597473	0.16332004964351654	0.33165648579597473	0.1683364361524582	0.9052128791809082	0.31397342681884766
best250_vs_ckpt10	5865	183	regressed	183	267	0.37217631936073303	0.4235248267650604	0.37217631936073303	0.20393991470336914	-0.1682364046573639	0.3939213752746582	0.7307868003845215
best250_vs_ckpt10	9089	843	improved	890	843	0.33455440402030945	0.3749951720237732	0.20686061680316925	0.3749951720237732	0.16813455522060394	0.48075437545776367	0.45613908767700195
best250_vs_ckpt10	16420	789	regressed	789	799	0.5657061338424683	0.48766961693763733	0.5657061338424683	0.3977598547935486	-0.16794627904891968	0.48392486572265625	0.20378971099853516
best250_vs_ckpt10	27655	905	improved	799	905	0.4474867582321167	0.44863829016685486	0.28167083859443665	0.44863829016685486	0.1669674515724182	0.4629077911376953	0.5683679580688477
best250_vs_ckpt10	21823	979	improved	970	979	0.32894366979599	0.4104960262775421	0.24359716475009918	0.4104960262775421	0.16689886152744293	0.3003706932067871	0.6059837341308594
best250_vs_ckpt10	11135	923	improved	926	923	0.4125186502933502	0.5685854554176331	0.40176621079444885	0.5685854554176331	0.1668192446231842	0.026411056518554688	0.6609926223754883
best250_vs_ckpt10	15943	199	regressed	199	226	0.4168837070465088	0.3994907736778259	0.4168837070465088	0.2502228617668152	-0.1666608452796936	0.40753173828125	0.46783876419067383
best250_vs_ckpt10	4992	493	improved	651	493	0.1786080151796341	0.28528597950935364	0.11878424882888794	0.28528597950935364	0.1665017306804657	0.3037142753601074	0.5834274291992188
best250_vs_ckpt10	49728	553	regressed	553	651	0.23904995620250702	0.4664584696292877	0.23904995620250702	0.07258925586938858	-0.16646069288253784	0.0458378791809082	0.892392635345459
best250_vs_ckpt10	9948	366	regressed	366	367	0.38837334513664246	0.40119001269340515	0.38837334513664246	0.22192040085792542	-0.16645294427871704	0.563878059387207	0.5921163558959961
best250_vs_ckpt10	23086	682	regressed	682	698	0.27842819690704346	0.1724403202533722	0.27842819690704346	0.11200303584337234	-0.1664251685142517	0.8497505187988281	0.170654296875
best250_vs_ckpt10	32662	772	improved	844	772	0.34015414118766785	0.412156343460083	0.24607490003108978	0.412156343460083	0.16608144342899323	0.3237628936767578	0.7078371047973633
best250_vs_ckpt10	20003	551	improved	629	551	0.37045639753341675	0.43723195791244507	0.27158305048942566	0.43723195791244507	0.1656489074230194	0.3104677200317383	0.9703822135925293
best250_vs_ckpt10	36598	784	regressed	784	731	0.4594244956970215	0.3114210069179535	0.4594244956970215	0.29385584592819214	-0.16556864976882935	0.7855405807495117	0.05805635452270508
best250_vs_ckpt10	47052	416	improved	702	416	0.413604199886322	0.49608901143074036	0.33071601390838623	0.49608901143074036	0.16537299752235413	0.2236495018005371	0.5574655532836914
best250_vs_ckpt10	42693	266	regressed	266	153	0.4210539758205414	0.4257733225822449	0.4210539758205414	0.2558007836341858	-0.1652531921863556	0.555328369140625	0.5095081329345703
best250_vs_ckpt10	49982	189	improved	219	189	0.12908464670181274	0.2374141663312912	0.07248129695653915	0.2374141663312912	0.16493287682533264	0.5771398544311523	1.471940517425537
best250_vs_ckpt10	36287	66	improved	54	66	0.3212280869483948	0.31627026200294495	0.15203456580638885	0.31627026200294495	0.1642356961965561	0.6031427383422852	0.06468677520751953
best250_vs_ckpt10	27792	918	regressed	918	504	0.4629846513271332	0.5566437840461731	0.4629846513271332	0.2988697290420532	-0.16411492228507996	0.12848854064941406	0.621917724609375
best250_vs_ckpt10	49424	840	regressed	840	603	0.2513779103755951	0.14815928041934967	0.2513779103755951	0.08807924389839172	-0.16329866647720337	1.1359119415283203	0.5200510025024414
best250_vs_ckpt10	9269	104	improved	17	104	0.0667809396982193	0.1914849728345871	0.02877483330667019	0.1914849728345871	0.16271014511585236	0.18109989166259766	1.7146072387695312
best250_vs_ckpt10	28159	680	improved	899	680	0.30222755670547485	0.43100327253341675	0.268494576215744	0.43100327253341675	0.16250869631767273	0.11834955215454102	1.0380969047546387
best250_vs_ckpt10	15602	108	regressed	108	393	0.4876910448074341	0.5106640458106995	0.4876910448074341	0.3252347707748413	-0.16245627403259277	0.4244852066040039	0.45116472244262695
best250_vs_ckpt10	2040	381	improved	369	381	0.5640124678611755	0.45424243807792664	0.2918761670589447	0.45424243807792664	0.16236627101898193	0.6587467193603516	0.09069633483886719
best250_vs_ckpt10	20147	529	regressed	529	457	0.28059279918670654	0.4410986304283142	0.28059279918670654	0.11834569275379181	-0.16224710643291473	0.8483567237854004	1.3156585693359375
best250_vs_ckpt10	41594	781	improved	981	781	0.49443185329437256	0.5156516432762146	0.3536643385887146	0.5156516432762146	0.1619873046875	0.33506107330322266	0.41443300247192383
best250_vs_ckpt10	4600	303	regressed	303	311	0.4154132306575775	0.25418782234191895	0.4154132306575775	0.2534829080104828	-0.16193032264709473	0.9049630165100098	0.002777099609375
best250_vs_ckpt10	9742	378	regressed	378	379	0.3523530662059784	0.27310746908187866	0.3523530662059784	0.1905106008052826	-0.1618424654006958	0.48426151275634766	0.36015748977661133
best250_vs_ckpt10	10431	931	regressed	931	943	0.2551411986351013	0.19786767661571503	0.2551411986351013	0.09350436925888062	-0.1616368293762207	0.5629363059997559	0.7495903968811035
best250_vs_ckpt10	9597	406	improved	857	406	0.5056177973747253	0.38809606432914734	0.22656910121440887	0.38809606432914734	0.16152696311473846	0.8027310371398926	0.3221869468688965
best250_vs_ckpt10	699	494	regressed	494	442	0.5552622079849243	0.40719175338745117	0.5552622079849243	0.393831729888916	-0.1614304780960083	0.5921716690063477	0.03336048126220703
best250_vs_ckpt10	47973	500	improved	825	500	0.4183304011821747	0.5436360239982605	0.3823544979095459	0.5436360239982605	0.1612815260887146	0.08992338180541992	0.7843236923217773
best250_vs_ckpt10	43587	206	improved	183	206	0.37296929955482483	0.4048953950405121	0.24362485110759735	0.4048953950405121	0.16127054393291473	0.42586660385131836	0.4802579879760742
best250_vs_ckpt10	40262	491	improved	465	491	0.37993624806404114	0.2829720377922058	0.12180770933628082	0.2829720377922058	0.161164328455925	0.4006338119506836	0.1122736930847168
best250_vs_ckpt10	15806	673	regressed	673	778	0.23247042298316956	0.23887278139591217	0.23247042298316956	0.07170800864696503	-0.16076241433620453	0.4510369300842285	0.4674873352050781
best250_vs_ckpt10	44768	558	improved	522	558	0.3540242910385132	0.470851331949234	0.3104079067707062	0.470851331949234	0.16044342517852783	0.13147830963134766	0.7436485290527344
best250_vs_ckpt10	46282	718	regressed	718	919	0.3133670687675476	0.21583285927772522	0.3133670687675476	0.15296661853790283	-0.16040045022964478	0.8121833801269531	0.3442845344543457
best250_vs_ckpt10	37969	197	improved	198	197	0.48225972056388855	0.5585799813270569	0.39876094460487366	0.5585799813270569	0.15981903672218323	0.19012069702148438	0.4350862503051758
best250_vs_ckpt10	27539	84	regressed	84	89	0.3318452537059784	0.4033619165420532	0.3318452537059784	0.17231005430221558	-0.15953519940376282	0.39913082122802734	0.8505387306213379
best250_vs_ckpt10	43706	748	improved	488	748	0.4677978456020355	0.4996638894081116	0.34021106362342834	0.4996638894081116	0.15945282578468323	0.3184700012207031	0.4311532974243164
best250_vs_ckpt10	21859	654	improved	734	654	0.45888450741767883	0.4863925576210022	0.32699233293533325	0.4863925576210022	0.15940022468566895	0.33886194229125977	0.4428424835205078
best250_vs_ckpt10	18265	602	improved	702	602	0.5092706680297852	0.5024610757827759	0.3434126675128937	0.5024610757827759	0.1590484082698822	0.3940467834472656	0.41863346099853516
best250_vs_ckpt10	23835	515	improved	808	515	0.4534723460674286	0.6075772047042847	0.44857364892959595	0.6075772047042847	0.15900355577468872	0.010861396789550781	0.7391529083251953
best250_vs_ckpt10	22773	208	improved	215	208	0.2406860589981079	0.21980956196784973	0.06090306118130684	0.21980956196784973	0.1589065045118332	0.556882381439209	0.37014341354370117
best250_vs_ckpt10	44104	658	regressed	658	496	0.4487804174423218	0.5110251903533936	0.4487804174423218	0.28996750712394714	-0.15881291031837463	0.2462911605834961	0.5666499137878418
best250_vs_ckpt10	11635	794	regressed	794	905	0.33368757367134094	0.24219894409179688	0.33368757367134094	0.17500248551368713	-0.1586850881576538	0.45626211166381836	0.32495927810668945
best250_vs_ckpt10	8635	614	regressed	614	982	0.29488155245780945	0.40491095185279846	0.29488155245780945	0.13625812530517578	-0.15862342715263367	0.5668554306030273	1.089116096496582
best250_vs_ckpt10	32920	963	improved	957	963	0.1931251883506775	0.29044800996780396	0.13183251023292542	0.29044800996780396	0.15861549973487854	0.3818063735961914	0.8994936943054199
best250_vs_ckpt10	41971	213	regressed	213	220	0.3421943187713623	0.47190967202186584	0.3421943187713623	0.18358726799488068	-0.15860705077648163	0.1495380401611328	0.9440975189208984
best250_vs_ckpt10	30581	678	improved	419	678	0.14203739166259766	0.253552109003067	0.09506987035274506	0.253552109003067	0.15848223865032196	0.40147829055786133	0.848513126373291
best250_vs_ckpt10	15421	350	regressed	350	104	0.2379303127527237	0.1280962973833084	0.2379303127527237	0.07974923402070999	-0.1581810712814331	0.5889568328857422	0.4738950729370117
best250_vs_ckpt10	17120	862	regressed	862	733	0.212784081697464	0.07154791057109833	0.212784081697464	0.05464605614542961	-0.15813802182674408	1.5742988586425781	0.26949024200439453
best250_vs_ckpt10	1974	515	regressed	515	808	0.6048145294189453	0.4812481701374054	0.6048145294189453	0.44721344113349915	-0.15760108828544617	0.6766386032104492	0.07334709167480469
best250_vs_ckpt10	37163	742	improved	549	742	0.304360568523407	0.3243330419063568	0.16775549948215485	0.3243330419063568	0.15657754242420197	0.595705509185791	0.6221928596496582
best250_vs_ckpt10	41218	893	regressed	893	748	0.3793394863605499	0.432760089635849	0.3793394863605499	0.22284474968910217	-0.15649473667144775	0.05514240264892578	0.6637082099914551
best250_vs_ckpt10	33930	671	improved	970	671	0.4208109974861145	0.43646591901779175	0.28002145886421204	0.43646591901779175	0.1564444601535797	0.4073176383972168	0.31096935272216797
best250_vs_ckpt10	9113	226	improved	201	226	0.4167366921901703	0.5168977379798889	0.3604796826839447	0.5168977379798889	0.1564180552959442	0.1450190544128418	0.5425138473510742
best250_vs_ckpt10	15263	171	improved	178	171	0.22915847599506378	0.38298073410987854	0.22662082314491272	0.38298073410987854	0.15635991096496582	0.011135578155517578	1.3021202087402344
best250_vs_ckpt10	10500	227	regressed	227	225	0.4133254587650299	0.33273738622665405	0.4133254587650299	0.2581179738044739	-0.15520748496055603	0.6816520690917969	0.253936767578125
best250_vs_ckpt10	34301	831	improved	265	831	0.255110502243042	0.3345479667186737	0.17949256300926208	0.3345479667186737	0.15505540370941162	0.3515629768371582	0.5546374320983887
best250_vs_ckpt10	21695	173	improved	172	173	0.5117366909980774	0.43914759159088135	0.2842406630516052	0.43914759159088135	0.15490692853927612	0.5879888534545898	0.1617755889892578
best250_vs_ckpt10	1236	632	regressed	632	482	0.3097360134124756	0.26716896891593933	0.3097360134124756	0.15483006834983826	-0.15490594506263733	0.31515026092529297	0.10547161102294922
best250_vs_ckpt10	40191	33	regressed	33	34	0.5615368485450745	0.47216808795928955	0.5615368485450745	0.4066711664199829	-0.15486568212509155	0.47611522674560547	0.14933013916015625
best250_vs_ckpt10	48906	195	regressed	195	245	0.45905375480651855	0.3648199141025543	0.45905375480651855	0.30425938963890076	-0.1547943651676178	0.7864313125610352	0.18152332305908203
best250_vs_ckpt10	2554	240	regressed	240	238	0.505957305431366	0.37963131070137024	0.505957305431366	0.35153189301490784	-0.15442541241645813	0.9233026504516602	0.07690000534057617
best250_vs_ckpt10	8729	197	regressed	197	196	0.4548436999320984	0.4525420069694519	0.4548436999320984	0.30069878697395325	-0.15414491295814514	0.34134674072265625	0.4087715148925781
best250_vs_ckpt10	17939	857	improved	406	857	0.3351304233074188	0.3373488485813141	0.18327738344669342	0.3373488485813141	0.15407146513462067	0.6035189628601074	0.17781305313110352
best250_vs_ckpt10	9688	904	regressed	904	905	0.38120415806770325	0.41059908270835876	0.38120415806770325	0.2273503541946411	-0.15385380387306213	0.7216687202453613	0.5911250114440918
best250_vs_ckpt10	1045	678	regressed	678	523	0.2675963342189789	0.25301218032836914	0.2675963342189789	0.11374299228191376	-0.15385334193706512	1.3733630180358887	0.7994961738586426
best250_vs_ckpt10	11356	707	improved	886	707	0.2764438986778259	0.4014278054237366	0.24773985147476196	0.4014278054237366	0.1536879539489746	0.10962867736816406	0.5779151916503906
best250_vs_ckpt10	36903	717	regressed	717	864	0.4700261950492859	0.3858288824558258	0.4700261950492859	0.31693971157073975	-0.15308648347854614	0.8030514717102051	0.19668245315551758
best250_vs_ckpt10	45491	122	improved	119	122	0.5007892847061157	0.4429781436920166	0.28991201519966125	0.4429781436920166	0.15306612849235535	0.5466079711914062	0.20346355438232422
best250_vs_ckpt10	12198	784	regressed	784	740	0.365296334028244	0.27270135283470154	0.365296334028244	0.21236202120780945	-0.15293431282043457	0.6874876022338867	0.25008487701416016
best250_vs_ckpt10	782	290	improved	288	290	0.44651198387145996	0.5958242416381836	0.4429539740085602	0.5958242416381836	0.1528702676296234	0.008000373840332031	0.6789760589599609
best250_vs_ckpt10	5707	923	improved	996	923	0.41855987906455994	0.5161365866661072	0.36345040798187256	0.5161365866661072	0.15268617868423462	0.14117717742919922	0.5463886260986328
best250_vs_ckpt10	44678	258	improved	270	258	0.35263708233833313	0.47800353169441223	0.325317919254303	0.47800353169441223	0.15268561244010925	0.08063650131225586	0.7313976287841797
best250_vs_ckpt10	11683	553	improved	760	553	0.49363788962364197	0.4921928346157074	0.33955103158950806	0.4921928346157074	0.15264180302619934	0.3741779327392578	0.4382905960083008
best250_vs_ckpt10	27070	506	regressed	506	517	0.4098046123981476	0.523104727268219	0.4098046123981476	0.25743770599365234	-0.15236690640449524	0.009433746337890625	0.7090039253234863
best250_vs_ckpt10	47731	300	improved	815	300	0.15501980483531952	0.2231772094964981	0.07115839421749115	0.2231772094964981	0.15201881527900696	0.3355116844177246	0.6245899200439453
best250_vs_ckpt10	49835	107	improved	35	107	0.301908016204834	0.23902423679828644	0.0870426818728447	0.23902423679828644	0.15198156237602234	0.2252030372619629	0.2251443862915039
best250_vs_ckpt10	46825	235	regressed	235	174	0.3939930200576782	0.5566989183425903	0.3939930200576782	0.24211366474628448	-0.15187935531139374	0.16692113876342773	0.8326172828674316
best250_vs_ckpt10	20826	650	regressed	650	845	0.2306189090013504	0.4865477681159973	0.2306189090013504	0.07874898612499237	-0.15186992287635803	0.0854339599609375	1.1186513900756836
best250_vs_ckpt10	29891	187	improved	194	187	0.13094814121723175	0.282005250453949	0.13048633933067322	0.282005250453949	0.15151891112327576	0.003532886505126953	0.7119450569152832
best250_vs_ckpt10	49492	315	improved	313	315	0.4851349890232086	0.610612690448761	0.45912039279937744	0.610612690448761	0.15149229764938354	0.05511474609375	0.6946735382080078
best250_vs_ckpt10	37023	469	improved	876	469	0.3157044053077698	0.35696205496788025	0.20550930500030518	0.35696205496788025	0.15145274996757507	0.42931509017944336	0.22701358795166016
best250_vs_ckpt10	43518	655	improved	797	655	0.46234583854675293	0.2567310035228729	0.10531361401081085	0.2567310035228729	0.15141738951206207	1.4793705940246582	0.2398395538330078
best250_vs_ckpt10	47784	821	regressed	821	718	0.4614744484424591	0.511488676071167	0.4614744484424591	0.3101049065589905	-0.15136954188346863	0.24956035614013672	0.5004148483276367
best250_vs_ckpt10	43984	154	improved	207	154	0.32775169610977173	0.257348895072937	0.10611511766910553	0.257348895072937	0.15123377740383148	0.15304803848266602	0.15332603454589844
best250_vs_ckpt10	8624	944	regressed	944	989	0.33652734756469727	0.2692921757698059	0.33652734756469727	0.1856401413679123	-0.15088720619678497	1.503645896911621	0.37198686599731445
best250_vs_ckpt10	3998	871	improved	484	871	0.4637030065059662	0.4618079662322998	0.3113052546977997	0.4618079662322998	0.15050271153450012	0.398470401763916	0.32073259353637695
best250_vs_ckpt10	46457	509	regressed	509	582	0.49190255999565125	0.39960891008377075	0.49190255999565125	0.34147098660469055	-0.1504315733909607	0.6866164207458496	0.15722370147705078
best250_vs_ckpt10	34398	856	improved	866	856	0.43473994731903076	0.5248209834098816	0.3745523691177368	0.5248209834098816	0.15026861429214478	0.1490163803100586	0.5387763977050781
best250_vs_ckpt10	10286	755	regressed	755	807	0.5124032497406006	0.551155149936676	0.5124032497406006	0.36259087920188904	-0.14981237053871155	0.269317626953125	0.41874122619628906
best250_vs_ckpt10	40519	798	improved	426	798	0.4207349419593811	0.5305593013763428	0.38099056482315063	0.5305593013763428	0.14956873655319214	0.0992283821105957	0.4631376266479492
best250_vs_ckpt10	11077	492	regressed	492	362	0.3465718626976013	0.44998699426651	0.3465718626976013	0.19725756347179413	-0.1493142992258072	0.2064380645751953	0.8247084617614746
best250_vs_ckpt10	33127	253	regressed	253	151	0.35653212666511536	0.32953503727912903	0.35653212666511536	0.20733094215393066	-0.1492011845111847	0.8479127883911133	0.4633665084838867
best250_vs_ckpt10	36563	236	improved	234	236	0.526871383190155	0.4047766625881195	0.2556331157684326	0.4047766625881195	0.1491435468196869	0.7232131958007812	0.3390793800354004
best250_vs_ckpt10	13730	796	improved	788	796	0.3489294946193695	0.43994849920272827	0.2908633351325989	0.43994849920272827	0.1490851640701294	0.18201637268066406	0.22391128540039062
best250_vs_ckpt10	26118	555	improved	830	555	0.17094360291957855	0.24104058742523193	0.09201594442129135	0.24104058742523193	0.14902463555335999	0.23282814025878906	0.5054526329040527
best250_vs_ckpt10	22304	910	regressed	910	618	0.2685217261314392	0.36737704277038574	0.2685217261314392	0.12028317153453827	-0.14823855459690094	0.16414117813110352	1.1165399551391602
best250_vs_ckpt10	26680	386	regressed	386	385	0.45404595136642456	0.5633044242858887	0.45404595136642456	0.3058135509490967	-0.14823240041732788	0.13987445831298828	0.610844612121582
best250_vs_ckpt10	15393	146	improved	21	146	0.18871288001537323	0.31205999851226807	0.16404934227466583	0.31205999851226807	0.14801065623760223	0.0043849945068359375	0.8015027046203613
best250_vs_ckpt10	26477	389	improved	391	389	0.32982632517814636	0.4402255117893219	0.29235681891441345	0.4402255117893219	0.14786869287490845	0.1205911636352539	1.0670995712280273
best250_vs_ckpt10	40457	926	regressed	926	935	0.23454932868480682	0.392151415348053	0.23454932868480682	0.0867888331413269	-0.14776049554347992	0.08456611633300781	0.7876396179199219
best250_vs_ckpt10	29847	697	regressed	697	655	0.26126807928085327	0.12810339033603668	0.26126807928085327	0.11381115764379501	-0.14745691418647766	0.9758434295654297	0.11829710006713867
best250_vs_ckpt10	11268	864	improved	654	864	0.25476494431495667	0.20709343254566193	0.059642642736434937	0.20709343254566193	0.147450789809227	0.1758871078491211	0.39121198654174805
best250_vs_ckpt10	35274	889	improved	486	889	0.6266244053840637	0.47023075819015503	0.32316240668296814	0.47023075819015503	0.1470683515071869	0.6621923446655273	0.025572776794433594
best250_vs_ckpt10	41585	703	improved	912	703	0.4790448546409607	0.3929041028022766	0.24611975252628326	0.3929041028022766	0.14678435027599335	0.6659760475158691	0.11555671691894531
best250_vs_ckpt10	39894	550	regressed	550	534	0.4353184401988983	0.42991340160369873	0.4353184401988983	0.28894901275634766	-0.14636942744255066	0.22728824615478516	0.39733362197875977
best250_vs_ckpt10	23378	439	improved	652	439	0.37880173325538635	0.31783798336982727	0.17152473330497742	0.31783798336982727	0.14631325006484985	0.7922854423522949	0.02047872543334961
best250_vs_ckpt10	23956	899	regressed	899	725	0.5506303310394287	0.5593287944793701	0.5506303310394287	0.4043795168399811	-0.14625081419944763	0.3631277084350586	0.3243837356567383
best250_vs_ckpt10	40272	3	regressed	3	2	0.48483431339263916	0.49491316080093384	0.48483431339263916	0.3386489152908325	-0.14618539810180664	0.4964485168457031	0.37941837310791016
best250_vs_ckpt10	15553	66	regressed	66	67	0.35100623965263367	0.37132376432418823	0.35100623965263367	0.20511707663536072	-0.14588916301727295	0.7508726119995117	0.5934934616088867
best250_vs_ckpt10	7710	841	regressed	841	610	0.44470909237861633	0.5769900679588318	0.44470909237861633	0.299100786447525	-0.1456083059310913	0.06154060363769531	0.6570444107055664
best250_vs_ckpt10	34945	178	regressed	178	209	0.5445480942726135	0.45594117045402527	0.5445480942726135	0.39965370297431946	-0.14489439129829407	1.337388038635254	0.13176536560058594
best250_vs_ckpt10	22071	64	regressed	64	55	0.431871235370636	0.5441758036613464	0.431871235370636	0.2871799170970917	-0.1446913182735443	0.049576759338378906	0.6391634941101074
best250_vs_ckpt10	33404	176	regressed	176	173	0.5115894079208374	0.3887630105018616	0.5115894079208374	0.3672785460948944	-0.144310861825943	0.911522388458252	0.05684947967529297
best250_vs_ckpt10	28193	379	improved	365	379	0.44829273223876953	0.3879958987236023	0.24375300109386444	0.3879958987236023	0.14424289762973785	0.6092910766601562	0.20368576049804688
best250_vs_ckpt10	18261	166	improved	162	166	0.461614727973938	0.49242305755615234	0.34843680262565613	0.49242305755615234	0.14398625493049622	0.28127384185791016	0.37514829635620117
best250_vs_ckpt10	36582	943	regressed	943	939	0.5503899455070496	0.46622902154922485	0.5503899455070496	0.40648582577705383	-0.14390411972999573	0.5818743705749512	0.13712787628173828
best250_vs_ckpt10	29451	738	regressed	738	580	0.36364156007766724	0.44545650482177734	0.36364156007766724	0.21975573897361755	-0.14388582110404968	0.10662460327148438	0.7065830230712891
best250_vs_ckpt10	11124	452	regressed	452	463	0.44330719113349915	0.36852118372917175	0.44330719113349915	0.30033639073371887	-0.14297080039978027	0.8578305244445801	0.20459508895874023
best250_vs_ckpt10	21086	877	improved	421	877	0.42826569080352783	0.3270653486251831	0.18465524911880493	0.3270653486251831	0.14241009950637817	0.8412532806396484	0.0652613639831543
best250_vs_ckpt10	15624	210	regressed	210	243	0.36000314354896545	0.2981029152870178	0.36000314354896545	0.21801535785198212	-0.14198778569698334	0.6870813369750977	0.31287336349487305
best250_vs_ckpt10	3147	531	improved	530	531	0.4104365110397339	0.4575823247432709	0.3156929314136505	0.4575823247432709	0.14188939332962036	0.262451171875	0.5186901092529297
best250_vs_ckpt10	40369	631	regressed	631	838	0.4471217095851898	0.5268221497535706	0.4471217095851898	0.30556872487068176	-0.14155298471450806	0.1742095947265625	0.5446882247924805
best250_vs_ckpt10	6194	264	improved	151	264	0.1822851449251175	0.29033583402633667	0.14894099533557892	0.29033583402633667	0.14139483869075775	0.20202207565307617	0.8289632797241211
best250_vs_ckpt10	43047	206	improved	221	206	0.4185488820075989	0.4616965055465698	0.32078924775123596	0.4616965055465698	0.14090725779533386	0.2660093307495117	0.3905143737792969
best250_vs_ckpt10	27105	686	improved	710	686	0.2199202924966812	0.3531038463115692	0.2122364044189453	0.3531038463115692	0.1408674418926239	0.035564422607421875	1.3400545120239258
best250_vs_ckpt10	33046	231	improved	230	231	0.43301141262054443	0.5450183749198914	0.4043711721897125	0.5450183749198914	0.14064720273017883	0.06843090057373047	0.5881047248840332
best250_vs_ckpt10	45277	395	improved	58	395	0.30872344970703125	0.21524262428283691	0.07465434819459915	0.21524262428283691	0.14058828353881836	0.306241512298584	0.14345121383666992
best250_vs_ckpt10	10595	73	regressed	73	74	0.48807770013809204	0.4897308647632599	0.48807770013809204	0.34751948714256287	-0.14055821299552917	0.2808389663696289	0.3430352210998535
best250_vs_ckpt10	10591	655	regressed	655	697	0.24605409801006317	0.3391440212726593	0.24605409801006317	0.10600344091653824	-0.14005064964294434	0.3054065704345703	0.7233777046203613
best250_vs_ckpt10	15958	336	improved	295	336	0.29553720355033875	0.23291172087192535	0.0931660532951355	0.23291172087192535	0.13974566757678986	0.9988746643066406	0.5951318740844727
best250_vs_ckpt10	7971	114	improved	113	114	0.41314831376075745	0.5439227223396301	0.40501514077186584	0.5439227223396301	0.13890758156776428	0.0198822021484375	0.6987128257751465
best250_vs_ckpt10	46112	489	improved	858	489	0.5026819109916687	0.4701216518878937	0.33127543330192566	0.4701216518878937	0.13884621858596802	0.4170074462890625	0.27095985412597656
best250_vs_ckpt10	30116	787	regressed	787	777	0.26988837122917175	0.15054424107074738	0.26988837122917175	0.13179510831832886	-0.1380932629108429	0.6168146133422852	0.06047248840332031
best250_vs_ckpt10	13369	75	improved	77	75	0.39153969287872314	0.5067719221115112	0.3689899146556854	0.5067719221115112	0.1377820074558258	0.059317588806152344	0.6898484230041504
best250_vs_ckpt10	16380	35	regressed	35	36	0.31095507740974426	0.18355916440486908	0.31095507740974426	0.17343269288539886	-0.1375223845243454	0.3814530372619629	0.0567474365234375
best250_vs_ckpt10	25347	211	regressed	211	159	0.4552344083786011	0.3308238983154297	0.4552344083786011	0.3177216649055481	-0.13751274347305298	0.5532774925231934	0.040410518646240234
best250_vs_ckpt10	12582	212	improved	207	212	0.31478238105773926	0.33574506640434265	0.19832023978233337	0.33574506640434265	0.13742482662200928	0.46199846267700195	0.31954097747802734
best250_vs_ckpt10	32863	709	regressed	709	591	0.33859509229660034	0.3925422728061676	0.33859509229660034	0.20144206285476685	-0.1371530294418335	0.2081317901611328	0.667142391204834
best250_vs_ckpt10	24826	790	regressed	790	509	0.36209630966186523	0.45462608337402344	0.36209630966186523	0.2249707281589508	-0.13712558150291443	0.0462346076965332	0.7035050392150879
best250_vs_ckpt10	44575	58	improved	53	58	0.3060120642185211	0.33053967356681824	0.19364559650421143	0.33053967356681824	0.1368940770626068	0.4575948715209961	0.6379365921020508
best250_vs_ckpt10	23204	587	improved	784	587	0.48921677470207214	0.324892520904541	0.18807712197303772	0.324892520904541	0.1368153989315033	0.9559535980224609	0.262969970703125
best250_vs_ckpt10	33317	418	improved	767	418	0.3454253673553467	0.40587282180786133	0.26912930607795715	0.40587282180786133	0.13674351572990417	0.24958467483520508	0.3127326965332031
best250_vs_ckpt10	20972	377	regressed	377	378	0.3686891496181488	0.3591649532318115	0.3686891496181488	0.23207375407218933	-0.13661539554595947	0.6760993003845215	0.43672657012939453
best250_vs_ckpt10	33315	455	improved	507	455	0.24928990006446838	0.22896169126033783	0.0924515351653099	0.22896169126033783	0.13651016354560852	0.6529364585876465	0.07064199447631836
best250_vs_ckpt10	3325	360	regressed	360	337	0.35380423069000244	0.40924933552742004	0.35380423069000244	0.217314213514328	-0.13649001717567444	0.21151113510131836	0.6329803466796875
best250_vs_ckpt10	49245	711	regressed	711	966	0.41603174805641174	0.3008987009525299	0.41603174805641174	0.27956342697143555	-0.1364683210849762	0.394960880279541	0.07354450225830078
best250_vs_ckpt10	21438	702	improved	523	702	0.4593723714351654	0.5058612823486328	0.3694268465042114	0.5058612823486328	0.1364344358444214	0.21790838241577148	0.40705156326293945
best250_vs_ckpt10	27409	187	regressed	187	201	0.46611085534095764	0.3348342478275299	0.46611085534095764	0.3297663927078247	-0.13634446263313293	0.8288564682006836	0.01525115966796875
best250_vs_ckpt10	48067	586	regressed	586	847	0.5164355039596558	0.3893989324569702	0.5164355039596558	0.3804062604904175	-0.13602924346923828	0.6951217651367188	0.023364543914794922
best250_vs_ckpt10	12571	24	improved	135	24	0.4808207154273987	0.3239678740501404	0.18817675113677979	0.3239678740501404	0.1357911229133606	0.938112735748291	0.12406015396118164
best250_vs_ckpt10	28557	413	regressed	413	559	0.40190744400024414	0.3088415563106537	0.40190744400024414	0.26637139916419983	-0.1355360448360443	0.20805740356445312	0.14793682098388672
best250_vs_ckpt10	26597	623	regressed	623	777	0.3792581260204315	0.38825565576553345	0.3792581260204315	0.24388685822486877	-0.13537126779556274	0.4725790023803711	0.46495962142944336
best250_vs_ckpt10	30610	211	improved	159	211	0.4404538869857788	0.5198612809181213	0.3851310610771179	0.5198612809181213	0.13473021984100342	0.13422203063964844	0.42833995819091797
best250_vs_ckpt10	47162	405	improved	628	405	0.22933107614517212	0.33095818758010864	0.19639798998832703	0.33095818758010864	0.13456019759178162	0.15502357482910156	0.9702467918395996
best250_vs_ckpt10	15615	246	improved	178	246	0.38431185483932495	0.3850537836551666	0.2505452334880829	0.3850537836551666	0.13450855016708374	0.42781496047973633	0.16598081588745117
best250_vs_ckpt10	29443	111	improved	70	111	0.16107653081417084	0.25211283564567566	0.11787398159503937	0.25211283564567566	0.1342388540506363	0.04717445373535156	0.6251115798950195
best250_vs_ckpt10	44033	695	improved	507	695	0.278780996799469	0.2584306597709656	0.1243319883942604	0.2584306597709656	0.13409867882728577	0.8074712753295898	0.09895658493041992
best250_vs_ckpt10	45123	594	improved	486	594	0.4046221077442169	0.4909694492816925	0.35689374804496765	0.4909694492816925	0.13407570123672485	0.12551546096801758	0.655482292175293
best250_vs_ckpt10	1692	497	improved	425	497	0.22870606184005737	0.29368478059768677	0.15978442132472992	0.29368478059768677	0.13390035927295685	0.019141674041748047	0.1605997085571289
best250_vs_phase2w	42791	848	improved	732	848	0.44187337160110474	0.4010550081729889	0.1405823677778244	0.4010550081729889	0.2604726552963257	1.1452298164367676	1.0735201835632324
best250_vs_phase2w	31230	602	regressed	602	678	0.40944990515708923	0.3508441150188446	0.40944990515708923	0.1764475703239441	-0.23300233483314514	0.4376816749572754	0.6873183250427246
best250_vs_phase2w	44445	279	regressed	279	258	0.5640773177146912	0.46306031942367554	0.5640773177146912	0.34153857827186584	-0.22253873944282532	0.7581038475036621	0.3043966293334961
best250_vs_phase2w	21129	831	improved	721	831	0.6396306753158569	0.5040768980979919	0.2945941388607025	0.5040768980979919	0.20948275923728943	0.7752923965454102	0.16220760345458984
best250_vs_phase2w	1317	218	regressed	218	156	0.5399098992347717	0.38816121220588684	0.5399098992347717	0.3487304449081421	-0.19117945432662964	0.8616280555725098	0.10712146759033203
best250_vs_phase2w	15670	641	improved	522	641	0.4264715313911438	0.5107693076133728	0.3202446401119232	0.5107693076133728	0.19052466750144958	0.28646039962768555	0.6510400772094727
best250_vs_phase2w	27345	312	improved	316	312	0.3110157549381256	0.4722082018852234	0.28243356943130493	0.4722082018852234	0.18977463245391846	0.09640026092529297	1.403599739074707
best250_vs_phase2w	26641	536	improved	484	536	0.5973216891288757	0.4704742729663849	0.2928999960422516	0.4704742729663849	0.1775742769241333	0.7126245498657227	0.09987545013427734
best250_vs_phase2w	8555	996	improved	991	996	0.4899904429912567	0.5719496011734009	0.39911460876464844	0.5719496011734009	0.17283499240875244	0.2051372528076172	0.6698627471923828
best250_vs_phase2w	45105	802	regressed	802	701	0.37367480993270874	0.3344604969024658	0.37367480993270874	0.20659595727920532	-0.16707885265350342	0.4557461738586426	0.4817538261413574
best250_vs_phase2w	2302	3	regressed	3	4	0.45060282945632935	0.5968655943870544	0.45060282945632935	0.2835761606693268	-0.16702666878700256	0.06828880310058594	0.7442111968994141
best250_vs_phase2w	18198	558	improved	513	558	0.18877774477005005	0.34172600507736206	0.1753987818956375	0.34172600507736206	0.16632722318172455	0.07350826263427734	1.3952417373657227
best250_vs_phase2w	8504	848	improved	713	848	0.33420664072036743	0.42351067066192627	0.2586752772331238	0.42351067066192627	0.1648353934288025	0.25618600845336914	1.087564468383789
best250_vs_phase2w	32920	963	improved	957	963	0.14273889362812042	0.29044800996780396	0.1290901154279709	0.29044800996780396	0.16135789453983307	0.10050630569458008	0.8994936943054199
best250_vs_phase2w	19942	245	regressed	245	242	0.48849067091941833	0.5355802178382874	0.48849067091941833	0.3284841775894165	-0.16000649333000183	0.2611379623413086	0.4888620376586914
best250_vs_phase2w	22897	772	improved	600	772	0.40243762731552124	0.4020034968852997	0.24202454090118408	0.4020034968852997	0.1599789559841156	0.5085010528564453	0.2102489471435547
best250_vs_phase2w	7918	436	improved	627	436	0.42004072666168213	0.5504944324493408	0.39474380016326904	0.5504944324493408	0.15575063228607178	0.062114715576171875	0.6253852844238281
best250_vs_phase2w	45628	227	improved	173	227	0.43272310495376587	0.4773240387439728	0.3246176838874817	0.4773240387439728	0.1527063548564911	0.28744983673095703	0.46255016326904297
best250_vs_phase2w	48580	609	improved	407	609	0.5962319374084473	0.45314913988113403	0.30191653966903687	0.45314913988113403	0.15123260021209717	0.6804790496826172	0.0070209503173828125
best250_vs_phase2w	21729	483	improved	442	483	0.34451499581336975	0.45328179001808167	0.3029631972312927	0.45328179001808167	0.15031859278678894	0.1285262107849121	0.9027237892150879
best250_vs_phase2w	24597	456	regressed	456	875	0.5158805847167969	0.37489333748817444	0.5158805847167969	0.36610400676727295	-0.14977657794952393	0.8825259208679199	0.023724079132080078
best250_vs_phase2w	41479	666	regressed	666	502	0.47107627987861633	0.4864388108253479	0.47107627987861633	0.3238565921783447	-0.1472196877002716	0.4056892395019531	0.40681028366088867
best250_vs_phase2w	29603	194	regressed	194	155	0.3089144229888916	0.23396849632263184	0.3089144229888916	0.1617918312549591	-0.1471225917339325	0.6936240196228027	0.18830156326293945
best250_vs_phase2w	7794	422	improved	764	422	0.3383076786994934	0.47506260871887207	0.3329472541809082	0.47506260871887207	0.14211535453796387	0.015971660614013672	0.7965283393859863
best250_vs_phase2w	46112	489	improved	858	489	0.5031276345252991	0.4701216518878937	0.3317241668701172	0.4701216518878937	0.1383974850177765	0.41654014587402344	0.27095985412597656
best250_vs_phase2w	13061	709	regressed	709	529	0.4117281138896942	0.4563588798046112	0.4117281138896942	0.2743363678455353	-0.13739174604415894	0.2723259925842285	0.5089244842529297
best250_vs_phase2w	34944	56	improved	61	56	0.3732277750968933	0.3559706509113312	0.21890860795974731	0.3559706509113312	0.13706204295158386	0.5335345268249512	0.37271547317504883
best250_vs_phase2w	36507	627	improved	468	627	0.2728129029273987	0.36268219351768494	0.22567784786224365	0.36268219351768494	0.13700434565544128	0.18967771530151367	0.6853222846984863
best250_vs_phase2w	5548	834	improved	655	834	0.4371090233325958	0.3406088650226593	0.2077585905790329	0.3406088650226593	0.1328502744436264	0.7438058853149414	0.1311941146850586
best250_vs_phase2w	13888	618	regressed	618	910	0.39272361993789673	0.35839274525642395	0.39272361993789673	0.25999683141708374	-0.132726788520813	0.17903995513916016	0.32096004486083984
best250_vs_phase2w	24181	467	regressed	467	778	0.48723170161247253	0.39188724756240845	0.48723170161247253	0.35473549365997314	-0.1324962079524994	0.46289825439453125	0.09960174560546875
best250_vs_phase2w	4700	246	improved	178	246	0.5677087306976318	0.44888025522232056	0.3165843188762665	0.44888025522232056	0.13229593634605408	0.5840187072753906	0.040981292724609375
best250_vs_phase2w	17939	857	improved	406	857	0.39353615045547485	0.3373488485813141	0.2086140662431717	0.3373488485813141	0.1287347823381424	0.6346869468688965	0.17781305313110352
best250_vs_phase2w	35800	81	improved	132	81	0.4108092486858368	0.40353426337242126	0.2776387929916382	0.40353426337242126	0.12589547038078308	0.39180803298950195	0.29569196701049805
best250_vs_phase2w	17728	489	regressed	489	287	0.3718291223049164	0.3894704580307007	0.3718291223049164	0.2464076429605484	-0.12542147934436798	0.29219913482666016	0.45780086517333984
best250_vs_phase2w	46449	134	regressed	134	136	0.3615131676197052	0.39189305901527405	0.3615131676197052	0.23767465353012085	-0.12383851408958435	0.15616369247436523	0.5000863075256348
best250_vs_phase2w	40519	798	improved	426	798	0.44938090443611145	0.5305593013763428	0.40687599778175354	0.5305593013763428	0.12368330359458923	0.09936237335205078	0.4631376266479492
best250_vs_phase2w	26002	206	regressed	206	197	0.45170342922210693	0.44937166571617126	0.45170342922210693	0.32849013805389404	-0.12321329116821289	0.46790599822998047	0.31334352493286133
best250_vs_phase2w	34099	4	improved	2	4	0.4332887828350067	0.47871673107147217	0.3555610179901123	0.47871673107147217	0.12315571308135986	0.1977076530456543	0.4585433006286621
best250_vs_phase2w	48616	315	improved	312	315	0.3276943862438202	0.3897615075111389	0.267133504152298	0.3897615075111389	0.12262800335884094	0.20433282852172852	0.3894171714782715
best250_vs_phase2w	23820	222	improved	257	222	0.5404854416847229	0.4639214873313904	0.3415681719779968	0.4639214873313904	0.12235331535339355	0.4589204788208008	0.10357952117919922
best250_vs_phase2w	7911	283	improved	285	283	0.4087010622024536	0.32889530062675476	0.20725159347057343	0.32889530062675476	0.12164370715618134	0.6790504455566406	0.10219955444335938
best250_vs_phase2w	26646	814	regressed	814	450	0.4809550344944	0.41848820447921753	0.4809550344944	0.360188364982605	-0.12076666951179504	0.5999784469604492	0.15002155303955078
best250_vs_phase2w	28623	242	improved	243	242	0.43159446120262146	0.530724823474884	0.4103010296821594	0.530724823474884	0.12042379379272461	0.05059528350830078	0.4494047164916992
best250_vs_phase2w	2923	827	improved	588	827	0.3099544644355774	0.30869609117507935	0.18853113055229187	0.30869609117507935	0.12016496062278748	0.4971623420715332	0.0965876579284668
best250_vs_phase2w	9156	639	improved	879	639	0.37639084458351135	0.4170432388782501	0.29708439111709595	0.4170432388782501	0.11995884776115417	0.23661184310913086	0.45088863372802734
best250_vs_phase2w	13729	64	improved	55	64	0.3836735486984253	0.4234386682510376	0.3039546608924866	0.4234386682510376	0.11948400735855103	0.23291349411010742	0.4233360290527344
best250_vs_phase2w	9360	185	improved	193	185	0.4240291714668274	0.3764859437942505	0.25832852721214294	0.3764859437942505	0.11815741658210754	0.49557018280029297	0.16067981719970703
best250_vs_phase2w	10330	609	regressed	609	864	0.3615950047969818	0.3384878635406494	0.3615950047969818	0.2435462921857834	-0.11804871261119843	0.6083188056945801	0.3291811943054199
best250_vs_phase2w	11356	707	improved	886	707	0.34793198108673096	0.4014278054237366	0.2839142382144928	0.4014278054237366	0.11751356720924377	0.20333480834960938	0.5779151916503906
best250_vs_phase2w	31934	499	improved	909	499	0.27990081906318665	0.39092275500297546	0.27383366227149963	0.39092275500297546	0.11708909273147583	0.02191448211669922	0.9572362899780273
best250_vs_phase2w	14725	208	improved	207	208	0.44752514362335205	0.4135684072971344	0.2966715395450592	0.4135684072971344	0.1168968677520752	0.41110706329345703	0.02639293670654297
best250_vs_phase2w	18965	931	regressed	931	930	0.43372583389282227	0.4011228382587433	0.43372583389282227	0.3171176612377167	-0.11660817265510559	0.26500511169433594	0.23499488830566406
best250_vs_phase2w	23713	185	regressed	185	226	0.3639509677886963	0.3898466229438782	0.3639509677886963	0.2478870153427124	-0.11606395244598389	0.35971975326538086	0.45278024673461914
best250_vs_phase2w	18828	817	regressed	817	436	0.3391532599925995	0.23989549279212952	0.3391532599925995	0.22340425848960876	-0.11574900150299072	0.678779125213623	0.07122039794921875
best250_vs_phase2w	25325	822	improved	112	822	0.34916436672210693	0.25165265798568726	0.13643954694271088	0.25165265798568726	0.11521311104297638	0.9396610260009766	0.06033897399902344
best250_vs_phase2w	15128	242	improved	247	242	0.32493409514427185	0.4259730875492096	0.3117689788341522	0.4259730875492096	0.11420410871505737	0.041359901428222656	0.6773900985717773
best250_vs_phase2w	48936	200	improved	204	200	0.5210399627685547	0.43023762106895447	0.31872498989105225	0.43023762106895447	0.11151263117790222	0.4914979934692383	0.07100200653076172
best250_vs_phase2w	10286	755	regressed	755	807	0.47396624088287354	0.551155149936676	0.47396624088287354	0.36259087920188904	-0.1113753616809845	0.08125877380371094	0.41874122619628906
best250_vs_phase2w	34356	17	improved	14	17	0.422343909740448	0.4195314943790436	0.30870211124420166	0.4195314943790436	0.11082938313484192	0.3134431838989258	0.3740568161010742
best250_vs_phase2w	26104	149	regressed	149	6	0.35224637389183044	0.4079517722129822	0.35224637389183044	0.24195007979869843	-0.11029629409313202	0.07133245468139648	0.5224175453186035
best250_vs_phase2w	49402	407	regressed	407	734	0.49940502643585205	0.500777006149292	0.49940502643585205	0.3891688287258148	-0.11023619771003723	0.24785232543945312	0.2521476745605469
best250_vs_phase2w	22586	109	regressed	109	6	0.39836639165878296	0.4262772798538208	0.39836639165878296	0.2882131040096283	-0.11015328764915466	0.2648601531982422	0.3913898468017578
best250_vs_phase2w	5913	129	regressed	129	144	0.395989328622818	0.4604758322238922	0.395989328622818	0.28638941049575806	-0.10959991812705994	0.21259212493896484	0.47490787506103516
best250_vs_phase2w	9507	61	improved	59	61	0.312368243932724	0.4147268533706665	0.30517005920410156	0.4147268533706665	0.10955679416656494	0.023313522338867188	0.5079364776611328
best250_vs_phase2w	21712	856	improved	730	856	0.34107503294944763	0.3860444724559784	0.27683839201927185	0.3860444724559784	0.10920608043670654	0.20866870880126953	0.38508129119873047
best250_vs_phase2w	19779	698	improved	663	698	0.523310661315918	0.4365876019001007	0.32794734835624695	0.4365876019001007	0.10864025354385376	0.46732234954833984	0.09517765045166016
best250_vs_phase2w	2319	796	regressed	796	570	0.3059692680835724	0.26175040006637573	0.3059692680835724	0.19813063740730286	-0.10783863067626953	0.5652852058410645	0.27846479415893555
best250_vs_phase2w	23560	717	regressed	717	864	0.37988805770874023	0.3757461607456207	0.37988805770874023	0.2723890244960785	-0.10749903321266174	0.4283175468444824	0.3216824531555176
best250_vs_phase2w	41767	654	regressed	654	705	0.44955942034721375	0.36839941143989563	0.44955942034721375	0.3422835171222687	-0.10727590322494507	0.5514712333679199	0.07352828979492188
best250_vs_phase2w	19646	30	regressed	30	32	0.3854218125343323	0.3615027666091919	0.3854218125343323	0.27850988507270813	-0.10691192746162415	0.17668390274047852	0.2608160972595215
best250_vs_phase2w	46609	966	improved	907	966	0.23930366337299347	0.3250519633293152	0.21830831468105316	0.3250519633293152	0.10674364864826202	0.0018362998962402344	0.12692499160766602
best250_vs_phase2w	23261	363	regressed	363	103	0.23940739035606384	0.16942821443080902	0.23940739035606384	0.1331108957529068	-0.10629649460315704	0.9462532997131348	0.24124670028686523
best250_vs_phase2w	13018	294	regressed	294	295	0.45238789916038513	0.40456622838974	0.45238789916038513	0.34626469016075134	-0.10612320899963379	0.3131380081176758	0.15561199188232422
best250_vs_phase2w	48067	586	regressed	586	847	0.4857126474380493	0.3893989324569702	0.4857126474380493	0.3804062604904175	-0.10530638694763184	0.5703854560852051	0.023364543914794922
best250_vs_phase2w	45931	749	improved	696	749	0.21313297748565674	0.26897814869880676	0.16419900953769684	0.26897814869880676	0.10477913916110992	0.2608370780944824	0.3954129219055176
best250_vs_phase2w	15124	656	regressed	656	424	0.24574966728687286	0.23979739844799042	0.24574966728687286	0.141591414809227	-0.10415825247764587	0.31690120697021484	0.5268487930297852
best250_vs_phase2w	48106	436	improved	609	436	0.2978658974170685	0.398479163646698	0.29453030228614807	0.398479163646698	0.10394886136054993	0.011261463165283203	0.9574885368347168
best250_vs_phase2w	5228	147	regressed	147	51	0.3729979991912842	0.4292595088481903	0.3729979991912842	0.2690546214580536	-0.10394337773323059	0.1266026496887207	0.4671473503112793
best250_vs_phase2w	22364	772	regressed	772	455	0.46362990140914917	0.39988261461257935	0.46362990140914917	0.3597385883331299	-0.10389131307601929	0.7067065238952637	0.10579347610473633
best250_vs_phase2w	21842	582	regressed	582	737	0.38051432371139526	0.2907828688621521	0.38051432371139526	0.27755284309387207	-0.1029614806175232	0.47081565856933594	0.04656553268432617
best250_vs_phase2w	8356	253	improved	173	253	0.4123556911945343	0.5083861947059631	0.4054539203643799	0.5083861947059631	0.10293227434158325	0.01687908172607422	0.3893709182739258
best250_vs_phase2w	33491	57	regressed	57	54	0.20960892736911774	0.2903214991092682	0.20960892736911774	0.10681045055389404	-0.1027984768152237	0.21881675720214844	0.7777671813964844
best250_vs_phase2w	6581	264	regressed	264	263	0.40672120451927185	0.4790443480014801	0.40672120451927185	0.3044654428958893	-0.10225576162338257	0.046764373779296875	0.4532356262207031
best250_vs_phase2w	17292	787	improved	461	787	0.31662970781326294	0.3673666715621948	0.2660844624042511	0.3673666715621948	0.10128220915794373	0.1739192008972168	0.3260807991027832
best250_vs_phase2w	18354	844	regressed	844	778	0.2470138818025589	0.3437928259372711	0.2470138818025589	0.14616894721984863	-0.10084493458271027	0.08222389221191406	0.8552761077880859
best250_vs_phase2w	37470	501	regressed	501	452	0.4888274073600769	0.5303705334663391	0.4888274073600769	0.38887131214141846	-0.09995609521865845	0.12717247009277344	0.31032752990722656
best250_vs_phase2w	49922	794	improved	578	794	0.19336099922657013	0.2403271645307541	0.14087443053722382	0.2403271645307541	0.09945273399353027	0.31668996810913086	0.30831003189086914
best250_vs_phase2w	40319	507	improved	827	507	0.3795773386955261	0.31031376123428345	0.21089458465576172	0.31031376123428345	0.09941917657852173	0.5876998901367188	0.16230010986328125
best250_vs_phase2w	6129	851	improved	651	851	0.3481888771057129	0.4430195987224579	0.34422457218170166	0.4430195987224579	0.09879502654075623	0.011450767517089844	0.48854923248291016
best250_vs_phase2w	7669	659	improved	522	659	0.29862460494041443	0.2918064296245575	0.19312334060668945	0.2918064296245575	0.09868308901786804	0.43585824966430664	0.28289175033569336
best250_vs_phase2w	31619	737	regressed	737	898	0.39654916524887085	0.3321400582790375	0.39654916524887085	0.29825207591056824	-0.09829708933830261	0.3298821449279785	0.10761785507202148
best250_vs_phase2w	6888	630	regressed	630	502	0.5252396464347839	0.4469369649887085	0.5252396464347839	0.4269939959049225	-0.09824565052986145	0.45435237884521484	0.045647621154785156
best250_vs_phase2w	7943	843	regressed	843	489	0.33109283447265625	0.3155975043773651	0.33109283447265625	0.23323678970336914	-0.09785604476928711	0.2913365364074707	0.3024134635925293
best250_vs_phase2w	32764	917	regressed	917	599	0.39509373903274536	0.4400550425052643	0.39509373903274536	0.2973729074001312	-0.09772083163261414	0.13933658599853516	0.39191293716430664
best250_vs_phase2w	48233	632	regressed	632	550	0.24851123988628387	0.23283249139785767	0.24851123988628387	0.1511056125164032	-0.09740562736988068	0.09890985488891602	0.432340145111084
best250_vs_phase2w	22430	759	improved	745	759	0.39718836545944214	0.4709930717945099	0.37379923462867737	0.4709930717945099	0.09719383716583252	0.06069183349609375	0.5643081665039062
best250_vs_phase2w	17797	586	regressed	586	864	0.14159293472766876	0.10804514586925507	0.14159293472766876	0.04513290151953697	-0.09646002948284149	0.133392333984375	0.0031371116638183594
best250_vs_phase2w	12362	492	improved	868	492	0.20610295236110687	0.29587578773498535	0.19972087442874908	0.29587578773498535	0.09615491330623627	0.031455039978027344	0.5056586265563965
best250_vs_phase2w	43401	860	improved	424	860	0.36308321356773376	0.36378735303878784	0.26796039938926697	0.36378735303878784	0.09582695364952087	0.30379295349121094	0.32120704650878906
best250_vs_phase2w	2040	381	improved	369	381	0.507453203201294	0.45424243807792664	0.35874104499816895	0.45424243807792664	0.09550139307975769	0.3468036651611328	0.09069633483886719
best250_vs_phase2w	6855	204	regressed	204	155	0.4894915223121643	0.43327152729034424	0.4894915223121643	0.39418232440948486	-0.09530919790267944	0.31169843673706055	0.09455108642578125
best250_vs_phase2w	3935	641	improved	618	641	0.3747960925102234	0.46146315336227417	0.3665931224822998	0.46146315336227417	0.09487003087997437	0.022129535675048828	0.35287046432495117
best250_vs_phase2w	21203	506	regressed	506	879	0.41691282391548157	0.3474428951740265	0.41691282391548157	0.3221150040626526	-0.09479781985282898	0.26805830001831055	0.07569169998168945
best250_vs_phase2w	9948	366	regressed	366	367	0.3164568245410919	0.40119001269340515	0.3164568245410919	0.22192040085792542	-0.0945364236831665	0.0641336441040039	0.5921163558959961
best250_vs_phase2w	46109	412	improved	362	412	0.48741403222084045	0.4238772392272949	0.3299952447414398	0.4238772392272949	0.0938819944858551	0.39003562927246094	0.10996437072753906
best250_vs_phase2w	31435	636	regressed	636	885	0.27797016501426697	0.34717240929603577	0.27797016501426697	0.1845657229423523	-0.09340444207191467	0.02443408966064453	0.6318159103393555
best250_vs_phase2w	6016	799	regressed	799	789	0.4440179765224457	0.3676722049713135	0.4440179765224457	0.351068377494812	-0.09294959902763367	0.42253923416137695	0.04621076583862305
best250_vs_phase2w	15747	864	improved	468	864	0.4260101616382599	0.4443250298500061	0.351378470659256	0.4443250298500061	0.09294655919075012	0.19259929656982422	0.24490070343017578
best250_vs_phase2w	4198	413	regressed	413	465	0.3357800543308258	0.37432873249053955	0.3357800543308258	0.24306440353393555	-0.09271565079689026	0.1306920051574707	0.4318079948425293
best250_vs_phase2w	9058	12	improved	10	12	0.4337494373321533	0.32585930824279785	0.23328526318073273	0.32585930824279785	0.09257404506206512	0.6202049255371094	0.004795074462890625
best250_vs_phase2w	21657	227	improved	179	227	0.2967411279678345	0.3571750223636627	0.264646977186203	0.3571750223636627	0.09252804517745972	0.11446332931518555	0.7805752754211426
best250_vs_phase2w	37880	859	regressed	859	742	0.43297258019447327	0.39641883969306946	0.43297258019447327	0.3406994342803955	-0.09227314591407776	0.3172798156738281	0.15147066116333008
best250_vs_phase2w	20157	347	regressed	347	346	0.38477402925491333	0.3922961354255676	0.38477402925491333	0.2931652069091797	-0.09160882234573364	0.17746925354003906	0.29128074645996094
best250_vs_phase2w	37526	124	improved	118	124	0.33811846375465393	0.3661484122276306	0.2745993435382843	0.3661484122276306	0.09154906868934631	0.2080831527709961	0.1981668472290039
best250_vs_phase2w	13526	537	improved	248	537	0.33906978368759155	0.40820837020874023	0.31693774461746216	0.40820837020874023	0.09127062559127808	0.06750059127807617	0.3387484550476074
best250_vs_phase2w	18083	194	improved	200	194	0.43653151392936707	0.4002446234226227	0.30905961990356445	0.4002446234226227	0.09118500351905823	0.34532642364501953	0.15467357635498047
best250_vs_phase2w	25492	108	regressed	108	329	0.3930160403251648	0.43382778763771057	0.3930160403251648	0.3019072413444519	-0.09110879898071289	0.19997215270996094	0.36252784729003906
best250_vs_phase2w	25057	593	regressed	593	819	0.37986794114112854	0.2918750047683716	0.37986794114112854	0.2889966368675232	-0.09087130427360535	0.39633941650390625	0.00991058349609375
best250_vs_phase2w	7653	290	improved	38	290	0.23572544753551483	0.29171738028526306	0.2009499967098236	0.29171738028526306	0.09076738357543945	0.15961170196533203	0.5852260589599609
best250_vs_phase2w	16979	175	regressed	175	194	0.40416407585144043	0.33369797468185425	0.40416407585144043	0.3137868344783783	-0.09037724137306213	0.4072275161743164	0.061522483825683594
best250_vs_phase2w	44120	729	regressed	729	455	0.25178393721580505	0.3375111520290375	0.25178393721580505	0.16167189180850983	-0.09011204540729523	0.17022037506103516	0.5406842231750488
best250_vs_phase2w	9263	211	regressed	211	208	0.3219261169433594	0.3087828755378723	0.3219261169433594	0.2328081727027893	-0.08911794424057007	0.6238265037536621	0.2824234962463379
best250_vs_phase2w	2255	831	improved	598	831	0.2847272753715515	0.24335049092769623	0.15429872274398804	0.24335049092769623	0.08905176818370819	0.6126413345336914	0.043608665466308594
best250_vs_phase2w	19211	653	regressed	653	756	0.43049895763397217	0.4490295350551605	0.43049895763397217	0.3419710099697113	-0.08852794766426086	0.07138729095458984	0.27236270904541016
best250_vs_phase2w	40805	151	improved	230	151	0.2238548994064331	0.2525191903114319	0.16418980062007904	0.2525191903114319	0.08832938969135284	0.30997514724731445	0.47127485275268555
best250_vs_phase2w	34105	52	regressed	52	44	0.3072146475315094	0.4575720429420471	0.3072146475315094	0.21916621923446655	-0.08804842829704285	0.013895988464355469	0.7361040115356445
best250_vs_phase2w	35502	758	improved	391	758	0.1781013309955597	0.19715356826782227	0.10917267948389053	0.19715356826782227	0.08798088878393173	0.4894218444824219	0.3855781555175781
best250_vs_phase2w	48873	962	regressed	962	923	0.349747896194458	0.3140047490596771	0.349747896194458	0.2623794376850128	-0.08736845850944519	0.28913354873657227	0.17961645126342773
best250_vs_phase2w	33402	199	improved	219	199	0.3268437683582306	0.40917375683784485	0.32188349962234497	0.40917375683784485	0.08729025721549988	0.015292644500732422	0.5472068786621094
best250_vs_phase2w	37351	757	regressed	757	812	0.2307538092136383	0.23999004065990448	0.2307538092136383	0.14388900995254517	-0.08686479926109314	0.48844480514526367	0.5115551948547363
best250_vs_phase2w	40044	32	improved	995	32	0.25268396735191345	0.20892967283725739	0.12210419028997421	0.20892967283725739	0.08682548254728317	0.7272648811340332	0.1789851188659668
best250_vs_phase2w	34591	732	regressed	732	759	0.23780986666679382	0.19436612725257874	0.23780986666679382	0.1510903239250183	-0.08671954274177551	0.34188413619995117	0.25186586380004883
best250_vs_phase2w	9277	759	regressed	759	447	0.33735331892967224	0.39629852771759033	0.33735331892967224	0.2507307827472687	-0.08662253618240356	0.07346200942993164	0.45778799057006836
best250_vs_phase2w	8956	824	regressed	824	452	0.36877235770225525	0.3032662272453308	0.36877235770225525	0.28222915530204773	-0.08654320240020752	0.42810821533203125	0.07189178466796875
best250_vs_phase2w	47561	768	improved	752	768	0.18692374229431152	0.24084703624248505	0.15438184142112732	0.24084703624248505	0.08646519482135773	0.19127178192138672	0.8399782180786133
best250_vs_phase2w	6525	909	regressed	909	582	0.33855265378952026	0.40532055497169495	0.33855265378952026	0.2531045079231262	-0.08544814586639404	0.09162425994873047	0.47087574005126953
best250_vs_phase2w	8022	689	regressed	689	731	0.17636190354824066	0.14270995557308197	0.17636190354824066	0.09103851765394211	-0.08532338589429855	0.5504684448242188	0.44953155517578125
best250_vs_phase2w	40245	164	improved	166	164	0.3131601810455322	0.2887803316116333	0.2042209804058075	0.2887803316116333	0.0845593512058258	0.42751216888427734	0.19748783111572266
best250_vs_phase2w	41443	697	regressed	697	775	0.31633496284484863	0.2897516191005707	0.31633496284484863	0.23219743371009827	-0.08413752913475037	0.2785639762878418	0.2214360237121582
best250_vs_phase2w	26047	865	regressed	865	454	0.2781608998775482	0.27790945768356323	0.2781608998775482	0.19425068795681	-0.08391021192073822	0.3311772346496582	0.28307294845581055
best250_vs_phase2w	5113	202	improved	200	202	0.2229609489440918	0.25550946593284607	0.17171159386634827	0.25550946593284607	0.0837978720664978	0.26118040084838867	0.11381959915161133
best250_vs_phase2w	15722	883	improved	504	883	0.27725479006767273	0.277603417634964	0.1941254436969757	0.277603417634964	0.08347797393798828	0.3564324378967285	0.3310675621032715
best250_vs_phase2w	6273	173	improved	852	173	0.3288061022758484	0.3574322760105133	0.2739833891391754	0.3574322760105133	0.08344888687133789	0.18240070343017578	0.3488492965698242
best250_vs_phase2w	6303	877	regressed	877	905	0.40635401010513306	0.41237273812294006	0.40635401010513306	0.3230102062225342	-0.08334380388259888	0.3495063781738281	0.24424362182617188
best250_vs_phase2w	29750	170	improved	876	170	0.35889101028442383	0.29708313941955566	0.2141539454460144	0.29708313941955566	0.08292919397354126	0.5163235664367676	0.13992643356323242
best250_vs_phase2w	1461	436	regressed	436	627	0.33429187536239624	0.4284195005893707	0.33429187536239624	0.2519521117210388	-0.08233976364135742	0.03163623809814453	0.5308637619018555
best250_vs_phase2w	17325	303	regressed	303	304	0.4029173254966736	0.4859013557434082	0.4029173254966736	0.32068467140197754	-0.08223265409469604	0.02195262908935547	0.41554737091064453
best250_vs_phase2w	15442	818	improved	619	818	0.5167561769485474	0.5023099780082703	0.4203369915485382	0.5023099780082703	0.08197298645973206	0.2065143585205078	0.10598564147949219
best250_vs_phase2w	21086	877	improved	421	877	0.33455419540405273	0.3270653486251831	0.24544191360473633	0.3270653486251831	0.08162343502044678	0.3097386360168457	0.0652613639831543
best250_vs_phase2w	30664	953	regressed	953	706	0.2203252762556076	0.2853051722049713	0.2203252762556076	0.13886290788650513	-0.08146236836910248	0.09242773056030273	0.7200722694396973
best250_vs_phase2w	46419	922	regressed	922	458	0.4621366262435913	0.4280337393283844	0.4621366262435913	0.38116103410720825	-0.08097559213638306	0.2590198516845703	0.11598014831542969
best250_vs_phase2w	36598	784	regressed	784	731	0.37435245513916016	0.3114210069179535	0.37435245513916016	0.29385584592819214	-0.08049660921096802	0.16069412231445312	0.05805635452270508
best250_vs_phase2w	25630	759	regressed	759	732	0.24780765175819397	0.29359784722328186	0.24780765175819397	0.16759942471981049	-0.08020822703838348	0.06436586380004883	0.5606341361999512
best250_vs_phase2w	26899	691	improved	570	691	0.4910234212875366	0.5481706857681274	0.46834129095077515	0.5481706857681274	0.0798293948173523	0.04729461669921875	0.26520538330078125
best250_vs_phase2w	12571	24	improved	135	24	0.3563026487827301	0.3239678740501404	0.24465294182300568	0.3239678740501404	0.0793149322271347	0.37593984603881836	0.12406015396118164
best250_vs_phase2w	8075	516	regressed	516	850	0.3920508325099945	0.46962594985961914	0.3920508325099945	0.3127920925617218	-0.0792587399482727	0.03110218048095703	0.40639781951904297
best250_vs_phase2w	40104	252	regressed	252	208	0.2603760063648224	0.2762323021888733	0.2603760063648224	0.18120655417442322	-0.07916945219039917	0.10964536666870117	0.24749755859375
best250_vs_phase2w	14252	361	improved	358	361	0.39170193672180176	0.3707452118396759	0.2918940484523773	0.3707452118396759	0.07885116338729858	0.2941102981567383	0.08088970184326172
best250_vs_phase2w	198	862	regressed	862	470	0.2606847882270813	0.31822025775909424	0.2606847882270813	0.18195630609989166	-0.07872848212718964	0.06602287292480469	0.5589771270751953
best250_vs_phase2w	26141	792	improved	887	792	0.10292857140302658	0.1636534333229065	0.08506541699171066	0.1636534333229065	0.07858801633119583	0.1906147003173828	0.9656352996826172
best250_vs_phase2w	11472	718	improved	821	718	0.27414053678512573	0.34408247470855713	0.2658160924911499	0.34408247470855713	0.07826638221740723	0.030836105346679688	0.2504148483276367
best250_vs_phase2w	10988	124	improved	125	124	0.3092096745967865	0.2978396713733673	0.21990172564983368	0.2978396713733673	0.07793794572353363	0.3408389091491699	0.4404110908508301
best250_vs_phase2w	16486	49	regressed	49	50	0.4195845425128937	0.4371664226055145	0.4195845425128937	0.3421742618083954	-0.07741028070449829	0.03625631332397461	0.2449936866760254
best250_vs_phase2w	19705	33	regressed	33	5	0.30560508370399475	0.26195982098579407	0.30560508370399475	0.2282179892063141	-0.07738709449768066	0.2996101379394531	0.01824951171875
best250_vs_phase2w	31995	229	improved	232	229	0.39983221888542175	0.44877710938453674	0.37146469950675964	0.44877710938453674	0.0773124098777771	0.07359123229980469	0.3326587677001953
best250_vs_phase2w	30661	239	regressed	239	240	0.3585651218891144	0.3784998655319214	0.3585651218891144	0.2814154028892517	-0.07714971899986267	0.07861614227294922	0.2963838577270508
best250_vs_phase2w	47461	930	improved	941	930	0.23189078271389008	0.22321376204490662	0.14665791392326355	0.22321376204490662	0.07655584812164307	0.4581637382507324	0.10433626174926758
best250_vs_phase2w	45072	243	improved	254	243	0.48075827956199646	0.4180401563644409	0.3418079912662506	0.4180401563644409	0.07623216509819031	0.34111547470092773	0.0026345252990722656
best250_vs_phase2w	25994	158	improved	240	158	0.2919572591781616	0.30324867367744446	0.2270381897687912	0.30324867367744446	0.07621048390865326	0.25148916244506836	0.40476083755493164
best250_vs_phase2w	14098	200	improved	226	200	0.4132736921310425	0.3532145917415619	0.27800261974334717	0.3532145917415619	0.07521197199821472	0.39647960662841797	0.07227039337158203
best250_vs_phase2w	42484	789	regressed	789	583	0.33712559938430786	0.3240616023540497	0.33712559938430786	0.26193639636039734	-0.07518920302391052	0.22466754913330078	0.21283197402954102
best250_vs_phase2w	40808	747	regressed	747	417	0.3509475886821747	0.32886791229248047	0.3509475886821747	0.27610543370246887	-0.07484215497970581	0.13762664794921875	0.17487335205078125
best250_vs_phase2w	37998	199	improved	224	199	0.18658225238323212	0.14115184545516968	0.06657882034778595	0.14115184545516968	0.07457302510738373	1.0304856300354004	0.09451436996459961
best250_vs_phase2w	699	494	regressed	494	442	0.46822088956832886	0.40719175338745117	0.46822088956832886	0.393831729888916	-0.07438915967941284	0.34163999557495117	0.03336048126220703
best250_vs_phase2w	6970	500	improved	972	500	0.44503599405288696	0.5076732635498047	0.4335877299308777	0.5076732635498047	0.074085533618927	0.026061058044433594	0.3489389419555664
best250_vs_phase2w	3183	887	improved	406	887	0.4558584988117218	0.4975786507129669	0.42371755838394165	0.4975786507129669	0.07386109232902527	0.07311534881591797	0.23938465118408203
best250_vs_phase2w	33579	787	improved	643	787	0.18559043109416962	0.2047782838344574	0.13114896416664124	0.2047782838344574	0.07362931966781616	0.34720849990844727	0.34029150009155273
best250_vs_phase2w	2546	967	improved	969	967	0.36922046542167664	0.4245380163192749	0.35100436210632324	0.4245380163192749	0.07353365421295166	0.05059528350830078	0.2619047164916992
best250_vs_phase2w	31983	718	improved	562	718	0.17919082939624786	0.2088010311126709	0.13549336791038513	0.2088010311126709	0.07330766320228577	0.2795286178588867	0.22047138214111328
best250_vs_phase2w	3919	501	improved	601	501	0.27923059463500977	0.2651979327201843	0.1922416388988495	0.2651979327201843	0.07295629382133484	0.017268657684326172	0.11273384094238281
best250_vs_phase2w	48497	233	regressed	233	197	0.27663636207580566	0.33173125982284546	0.27663636207580566	0.20384542644023895	-0.07279093563556671	0.013036727905273438	0.48696327209472656
best250_vs_phase2w	8804	964	improved	809	964	0.15732355415821075	0.16199573874473572	0.08922817558050156	0.16199573874473572	0.07276756316423416	0.22528934478759766	0.026642322540283203
best250_vs_phase2w	29657	515	regressed	515	652	0.3678706884384155	0.2997143268585205	0.3678706884384155	0.2952020764350891	-0.07266861200332642	0.547330379486084	0.015169620513916016
best250_vs_phase2w	36251	889	improved	486	889	0.2803051173686981	0.318560391664505	0.2459680140018463	0.318560391664505	0.07259237766265869	0.1306772232055664	0.38388681411743164
best250_vs_phase2w	8487	969	improved	784	969	0.10227447748184204	0.16279076039791107	0.09033302962779999	0.16279076039791107	0.07245773077011108	0.12415695190429688	0.9322972297668457
best250_vs_phase2w	43937	652	improved	715	652	0.41210049390792847	0.461885929107666	0.38947057723999023	0.461885929107666	0.07241535186767578	0.05647897720336914	0.25602102279663086
best250_vs_phase2w	49974	405	improved	146	405	0.2754519581794739	0.3223556876182556	0.2500757873058319	0.3223556876182556	0.0722799003124237	0.096649169921875	0.372100830078125
best250_vs_phase2w	31718	200	improved	155	200	0.31854745745658875	0.37375402450561523	0.30156099796295166	0.37375402450561523	0.07219302654266357	0.05479907989501953	0.35145044326782227
best250_vs_phase2w	47952	382	improved	278	382	0.13024549186229706	0.19686831533908844	0.12479985505342484	0.19686831533908844	0.0720684602856636	0.0427098274230957	0.8947901725769043
best250_vs_phase2w	7347	167	regressed	167	166	0.4815254211425781	0.554345965385437	0.4815254211425781	0.4095134437084198	-0.07201197743415833	0.009680747985839844	0.30281925201416016
best250_vs_phase2w	9162	367	improved	366	367	0.4691721200942993	0.43680518865585327	0.36479517817497253	0.43680518865585327	0.07201001048088074	0.2516336441040039	0.0921163558959961
best250_vs_phase2w	42302	813	improved	567	813	0.42443135380744934	0.43859535455703735	0.3666245639324188	0.43859535455703735	0.07197079062461853	0.14641189575195312	0.13483810424804688
best250_vs_phase2w	44021	125	regressed	125	112	0.46753180027008057	0.40487295389175415	0.46753180027008057	0.3957068622112274	-0.07182493805885315	0.3520998954772949	0.022899627685546875
best250_vs_phase2w	42633	730	improved	866	730	0.3985265791416168	0.45708730816841125	0.3852795958518982	0.45708730816841125	0.07180771231651306	0.033804893493652344	0.24744510650634766
best250_vs_phase2w	16752	765	regressed	765	423	0.40200018882751465	0.41170990467071533	0.40200018882751465	0.33031851053237915	-0.0716816782951355	0.0922384262084961	0.2202615737915039
best250_vs_phase2w	14781	573	regressed	573	621	0.4314992129802704	0.4607086479663849	0.4314992129802704	0.3600063920021057	-0.07149282097816467	0.2221064567565918	0.2466440200805664
best250_vs_phase2w	19841	153	regressed	153	805	0.17111912369728088	0.24234342575073242	0.17111912369728088	0.09973736107349396	-0.07138176262378693	0.11218452453613281	0.6401939392089844
best250_vs_phase2w	45632	160	regressed	160	226	0.2807917594909668	0.3087865114212036	0.2807917594909668	0.20960848033428192	-0.07118327915668488	0.11259126663208008	0.3874087333679199
best250_vs_phase2w	2843	517	regressed	517	536	0.34453168511390686	0.3609313666820526	0.34453168511390686	0.2735629975795746	-0.07096868753433228	0.09784412384033203	0.27715587615966797
best250_vs_phase2w	49791	592	improved	771	592	0.19996634125709534	0.19772231578826904	0.1268599033355713	0.19772231578826904	0.07086241245269775	0.21242094039916992	0.4383230209350586
best250_vs_phase2w	4014	864	regressed	864	779	0.3356023132801056	0.32201865315437317	0.3356023132801056	0.2650497257709503	-0.07055258750915527	0.18030786514282227	0.19469213485717773
best250_vs_phase2w	46797	540	improved	536	540	0.22138553857803345	0.2525343894958496	0.18229904770851135	0.2525343894958496	0.07023534178733826	0.19425725936889648	0.18074274063110352
best250_vs_phase2w	3182	370	regressed	370	372	0.4483778476715088	0.3804642856121063	0.4483778476715088	0.3782687485218048	-0.07010909914970398	0.43171262741088867	0.005787372589111328
best250_vs_phase2w	37705	43	improved	42	43	0.35997459292411804	0.3273894786834717	0.25731387734413147	0.3273894786834717	0.07007560133934021	0.3357367515563965	0.07051324844360352
best250_vs_phase2w	11158	184	improved	192	184	0.22315184772014618	0.24792508780956268	0.17786245048046112	0.24792508780956268	0.07006263732910156	0.22684192657470703	0.33565807342529297
best250_vs_phase2w	23474	47	regressed	47	42	0.35707083344459534	0.32145705819129944	0.35707083344459534	0.2870805859565735	-0.06999024748802185	0.07439899444580078	0.11310100555419922
best250_vs_phase2w	42163	33	improved	34	33	0.4151304066181183	0.475104957818985	0.4051520824432373	0.475104957818985	0.06995287537574768	0.02433013916015625	0.22566986083984375
best250_vs_phase2w	11124	452	regressed	452	463	0.369966983795166	0.36852118372917175	0.369966983795166	0.30033639073371887	-0.06963059306144714	0.10790491104125977	0.20459508895874023
best250_vs_phase2w	41775	945	regressed	945	943	0.32848623394966125	0.3039368689060211	0.32848623394966125	0.25886622071266174	-0.06962001323699951	0.2457413673400879	0.1605086326599121
best250_vs_phase2w	28049	1	improved	393	1	0.32540860772132874	0.25069719552993774	0.18108238279819489	0.25069719552993774	0.06961481273174286	0.5861296653747559	0.07012033462524414
best250_vs_phase2w	10724	240	improved	241	240	0.37926214933395386	0.3921377658843994	0.3230714499950409	0.3921377658843994	0.06906631588935852	0.1603541374206543	0.027146339416503906
best250_vs_phase2w	27614	243	regressed	243	242	0.4470537602901459	0.3827308714389801	0.4470537602901459	0.3782012164592743	-0.06885254383087158	0.3630943298339844	0.011905670166015625
best250_vs_phase2w	6584	433	improved	842	433	0.32302093505859375	0.3273879289627075	0.25856146216392517	0.3273879289627075	0.06882646679878235	0.22258377075195312	0.15241622924804688
best250_vs_phase2w	8863	633	improved	513	633	0.34527990221977234	0.361400306224823	0.29276275634765625	0.361400306224823	0.06863754987716675	0.1649928092956543	0.1475071907043457
best250_vs_phase2w	18612	472	regressed	472	977	0.32497331500053406	0.2854386866092682	0.32497331500053406	0.25637754797935486	-0.0685957670211792	0.0801239013671875	0.1073760986328125
best250_vs_phase2w	46873	469	regressed	469	634	0.3234374225139618	0.4120759069919586	0.3234374225139618	0.25512391328811646	-0.06831350922584534	0.08304166793823242	0.4794583320617676
best250_vs_phase2w	39477	796	regressed	796	658	0.32227176427841187	0.261807918548584	0.32227176427841187	0.25396937131881714	-0.06830239295959473	0.3133525848388672	0.030397415161132812
best250_vs_phase2w	4324	848	improved	481	848	0.37885305285453796	0.30979621410369873	0.2415049970149994	0.30979621410369873	0.06829121708869934	0.4072866439819336	0.01952838897705078
best250_vs_phase2w	37619	421	improved	453	421	0.2905801236629486	0.2930699586868286	0.2248431295156479	0.2930699586868286	0.06822682917118073	0.25647640228271484	0.024773597717285156
best250_vs_phase2w	1661	689	improved	578	689	0.465990275144577	0.5051050186157227	0.43695947527885437	0.5051050186157227	0.06814554333686829	0.06432437896728516	0.31067562103271484
best250_vs_phase2w	36531	839	regressed	839	718	0.503555417060852	0.500981330871582	0.503555417060852	0.43548139929771423	-0.06807401776313782	0.17238330841064453	0.14011669158935547
best250_vs_phase2w	6075	851	improved	548	851	0.252754271030426	0.27447518706321716	0.20662446320056915	0.27447518706321716	0.06785072386264801	0.20151472091674805	0.14223527908325195
best250_vs_phase2w	47545	619	improved	818	619	0.12506012618541718	0.1610843688249588	0.09325236827135086	0.1610843688249588	0.06783200055360794	0.293485164642334	0.300264835357666
best250_vs_phase2w	37451	584	regressed	584	641	0.1350824385881424	0.2401609867811203	0.1350824385881424	0.06747671216726303	-0.06760572642087936	0.13672304153442383	1.161808967590332
best250_vs_phase2w	1974	515	regressed	515	808	0.5146079063415527	0.4812481701374054	0.5146079063415527	0.44721344113349915	-0.06739446520805359	0.2391529083251953	0.07334709167480469
best250_vs_phase2w	49983	441	regressed	441	903	0.22425082325935364	0.26484066247940063	0.22425082325935364	0.1568591147661209	-0.06739170849323273	0.16371965408325195	0.523780345916748
best250_vs_phase2w	5355	895	improved	908	895	0.2831580340862274	0.3104373514652252	0.2432016134262085	0.3104373514652252	0.06723573803901672	0.1521143913269043	0.1291356086730957
best250_vs_phase2w	10603	245	regressed	245	189	0.356350302696228	0.3072893023490906	0.356350302696228	0.28922906517982483	-0.0671212375164032	0.15817928314208984	0.060570716857910156
best250_vs_phase2w	44125	155	improved	204	155	0.42738863825798035	0.4687781035900116	0.4018162488937378	0.4687781035900116	0.0669618546962738	0.06169891357421875	0.25080108642578125
best250_vs_phase2w	20330	270	regressed	270	269	0.44328030943870544	0.4601559042930603	0.44328030943870544	0.3764597475528717	-0.06682056188583374	0.11174583435058594	0.20075416564941406
best250_vs_phase2w	22642	516	improved	431	516	0.322245717048645	0.3197764754295349	0.25305116176605225	0.3197764754295349	0.06672531366348267	0.24172258377075195	0.10202741622924805
best250_vs_phase2w	40077	77	improved	73	77	0.3897905945777893	0.4517749547958374	0.3851175606250763	0.4517749547958374	0.06665739417076111	0.012061119079589844	0.23793840408325195
best250_vs_phase2w	12937	809	improved	868	809	0.24338288605213165	0.26268136501312256	0.19605953991413116	0.26268136501312256	0.0666218250989914	0.07457494735717773	0.04585742950439453
best250_vs_phase2w	44361	214	regressed	214	212	0.30694514513015747	0.24407528340816498	0.30694514513015747	0.24051044881343842	-0.06643469631671906	0.07903671264648438	0.014713287353515625
best250_vs_phase2w	34945	178	regressed	178	209	0.46541762351989746	0.45594117045402527	0.46541762351989746	0.39965370297431946	-0.065763920545578	0.18073463439941406	0.13176536560058594
best250_vs_phase2w	29077	595	regressed	595	856	0.45227015018463135	0.42943352460861206	0.45227015018463135	0.3866879940032959	-0.06558215618133545	0.27015113830566406	0.10484886169433594
best250_vs_phase2w	42318	182	regressed	182	193	0.2596604824066162	0.2528676390647888	0.2596604824066162	0.19410744309425354	-0.06555303931236267	0.29804563522338867	0.26445436477661133
best250_vs_phase2w	31347	882	improved	559	882	0.16605553030967712	0.1673525869846344	0.10192201286554337	0.1673525869846344	0.06543057411909103	0.4722294807434082	0.5118856430053711
best250_vs_phase2w	26512	928	regressed	928	960	0.505212128162384	0.44318538904190063	0.505212128162384	0.43988037109375	-0.06533175706863403	0.24251461029052734	0.007485389709472656
best250_vs_phase2w	14156	319	regressed	319	320	0.46998703479766846	0.40807482600212097	0.46998703479766846	0.40471982955932617	-0.06526720523834229	0.2417440414428711	0.008255481719970703
best250_vs_phase2w	12385	395	regressed	395	389	0.4056669771671295	0.42377883195877075	0.4056669771671295	0.3405384421348572	-0.06512853503227234	0.03131580352783203	0.21868371963500977
best250_vs_phase2w	28615	478	regressed	478	709	0.25887560844421387	0.26833271980285645	0.25887560844421387	0.19378072023391724	-0.06509488821029663	0.36199951171875	0.32550048828125
best250_vs_phase2w	6594	269	improved	272	269	0.3510180115699768	0.3798646330833435	0.3147750794887543	0.3798646330833435	0.06508955359458923	0.1089792251586914	0.2660207748413086
best250_vs_phase2w	1644	331	improved	330	331	0.3623301684856415	0.3766044080257416	0.31215205788612366	0.3766044080257416	0.06445235013961792	0.14906549453735352	0.2571845054626465
best250_vs_phase2w	31431	831	improved	721	831	0.392762154340744	0.3534200191497803	0.28906795382499695	0.3534200191497803	0.06435206532478333	0.30654239654541016	0.037207603454589844
best250_vs_phase2w	48157	489	regressed	489	310	0.2837277352809906	0.33365753293037415	0.2837277352809906	0.21943150460720062	-0.06429623067378998	0.11217498779296875	0.41907501220703125
best250_vs_phase2w	19063	121	regressed	121	119	0.4053558111190796	0.4526461064815521	0.4053558111190796	0.3410778045654297	-0.0642780065536499	0.09200000762939453	0.28299999237060547
best250_vs_phase2w	32391	802	improved	803	802	0.3605382740497589	0.40241187810897827	0.338174432516098	0.40241187810897827	0.06423744559288025	0.06403636932373047	0.27971363067626953
best250_vs_phase2w	17545	870	improved	612	870	0.4282875955104828	0.4010360836982727	0.33691656589508057	0.4010360836982727	0.06411951780319214	0.239959716796875	0.135040283203125
best250_vs_phase2w	569	417	regressed	417	607	0.44788703322410583	0.4166208803653717	0.44788703322410583	0.38415995240211487	-0.06372708082199097	0.2938823699951172	0.08111763000488281
best250_vs_phase2w	32744	674	improved	840	674	0.09310522675514221	0.11822732537984848	0.05450407415628433	0.11822732537984848	0.06372325122356415	0.14390897750854492	0.30829524993896484
best250_vs_phase2w	36652	632	regressed	632	848	0.343171089887619	0.29842302203178406	0.343171089887619	0.2796196937561035	-0.0635513961315155	0.24741840362548828	0.06508159637451172
best250_vs_phase2w	14607	377	improved	380	377	0.2963787913322449	0.3139346241950989	0.2504318952560425	0.3139346241950989	0.0635027289390564	0.16845130920410156	0.08154869079589844
best250_vs_phase2w	26597	623	regressed	623	777	0.30715498328208923	0.38825565576553345	0.30715498328208923	0.24388685822486877	-0.06326812505722046	0.0037903785705566406	0.46495962142944336
best250_vs_phase2w	10764	925	regressed	925	910	0.16159892082214355	0.18714521825313568	0.16159892082214355	0.09850679337978363	-0.06309212744235992	0.014490604400634766	0.38346004486083984
best250_vs_phase2w	23108	914	regressed	914	780	0.4459814131259918	0.4953617751598358	0.4459814131259918	0.38302692770957947	-0.06295448541641235	0.055316925048828125	0.2571830749511719
best250_vs_phase2w	44641	884	regressed	884	818	0.21944978833198547	0.22278667986392975	0.21944978833198547	0.1565174162387848	-0.06293237209320068	0.31403112411499023	0.35304737091064453
best250_vs_phase2w	23928	623	improved	813	623	0.35717183351516724	0.3385070562362671	0.2756456434726715	0.3385070562362671	0.06286141276359558	0.25910091400146484	0.11589908599853516
best250_vs_phase2w	13789	166	improved	164	166	0.31247636675834656	0.3722224235534668	0.3093709349632263	0.3722224235534668	0.06285148859024048	0.009987831115722656	0.5525121688842773
best250_vs_phase2w	8380	103	improved	58	103	0.3620039224624634	0.2512587606906891	0.1891905963420868	0.2512587606906891	0.062068164348602295	0.648900032043457	0.007349967956542969
best250_vs_phase2w	15415	882	improved	613	882	0.35151737928390503	0.41045305132865906	0.3485449254512787	0.41045305132865906	0.06190812587738037	0.008491992950439453	0.21025800704956055
best250_vs_phase2w	3585	454	improved	457	454	0.17601913213729858	0.23490482568740845	0.1731618493795395	0.23490482568740845	0.06174297630786896	0.016366004943847656	0.13988399505615234
best250_vs_phase2w	32574	764	regressed	764	763	0.22891788184642792	0.22748397290706635	0.22891788184642792	0.16721142828464508	-0.06170645356178284	0.06717920303344727	0.30782079696655273
best250_vs_phase2w	42912	666	regressed	666	463	0.26443231105804443	0.2194433957338333	0.26443231105804443	0.20279282331466675	-0.061639487743377686	0.29609060287475586	0.07890939712524414
best250_vs_phase2w	48582	110	improved	115	110	0.4330425262451172	0.486971378326416	0.42543694376945496	0.486971378326416	0.06153443455696106	0.017719268798828125	0.23228073120117188
best250_vs_phase2w	3230	617	improved	903	617	0.3209940493106842	0.3285731077194214	0.26705458760261536	0.3285731077194214	0.06151852011680603	0.18396949768066406	0.37853050231933594
best250_vs_phase2w	27886	361	regressed	361	208	0.14798927307128906	0.14099939167499542	0.14798927307128906	0.08684372901916504	-0.06114554405212402	0.29308128356933594	0.43264341354370117
best250_vs_phase2w	45780	631	improved	838	631	0.458707720041275	0.5137270092964172	0.45258474349975586	0.5137270092964172	0.06114226579666138	0.013438224792480469	0.23656177520751953
best250_vs_phase2w	47397	293	regressed	293	288	0.46073248982429504	0.42772266268730164	0.46073248982429504	0.3995920717716217	-0.06114041805267334	0.24446916580200195	0.06803083419799805
best250_vs_phase2w	15466	873	improved	698	873	0.3778446316719055	0.4090191423892975	0.34792083501815796	0.4090191423892975	0.061098307371139526	0.08250808715820312	0.13624191284179688
best250_vs_phase2w	1409	825	improved	519	825	0.40572109818458557	0.377719521522522	0.3167281746864319	0.377719521522522	0.06099134683609009	0.24762201309204102	0.09612798690795898
best250_vs_phase2w	4781	827	improved	697	827	0.16265413165092468	0.20144616067409515	0.14050006866455078	0.20144616067409515	0.06094609200954437	0.14641809463500977	0.32233190536499023
best250_vs_phase2w	6201	238	improved	240	238	0.34810006618499756	0.3629283905029297	0.3020642101764679	0.3629283905029297	0.06086418032646179	0.14185047149658203	0.10814952850341797
best250_vs_phase2w	38730	691	regressed	691	983	0.296888142824173	0.2385295182466507	0.296888142824173	0.23611022531986237	-0.06077791750431061	0.1460556983947754	0.01019430160522461
best250_vs_phase2w	23246	915	regressed	915	879	0.1430196464061737	0.12938202917575836	0.1430196464061737	0.08228964358568192	-0.06073000282049179	0.35997581481933594	0.45252418518066406
best250_vs_phase2w	18512	285	improved	281	285	0.397757351398468	0.34990060329437256	0.2892844080924988	0.34990060329437256	0.06061619520187378	0.3184318542480469	0.025318145751953125
best250_vs_phase2w	14399	386	regressed	386	101	0.45999404788017273	0.4364309012889862	0.45999404788017273	0.39947760105133057	-0.06051644682884216	0.2552776336669922	0.08847236633300781
best250_vs_phase2w	41062	623	regressed	623	563	0.3108525276184082	0.3287632465362549	0.3108525276184082	0.2504881024360657	-0.06036442518234253	0.1030735969543457	0.2719264030456543
best250_vs_phase2w	23231	876	regressed	876	435	0.47589781880378723	0.44295597076416016	0.47589781880378723	0.4156387448310852	-0.060259073972702026	0.24884605407714844	0.06365394592285156
best250_vs_phase2w	11240	264	regressed	264	232	0.21919623017311096	0.15945053100585938	0.21919623017311096	0.15911446511745453	-0.06008176505565643	0.21663999557495117	0.002110004425048828
best250_vs_phase2w	33923	186	improved	852	186	0.35867610573768616	0.40504443645477295	0.3452158570289612	0.40504443645477295	0.05982857942581177	0.038249969482421875	0.3680000305175781
best250_vs_phase2w	30410	702	regressed	702	602	0.29695791006088257	0.25562983751296997	0.29695791006088257	0.23718644678592682	-0.05977146327495575	0.08136606216430664	0.07488393783569336
best250_vs_phase2w	3813	50	regressed	50	61	0.2660612165927887	0.22532618045806885	0.2660612165927887	0.2064535915851593	-0.059607625007629395	0.38127660751342773	0.08747339248657227
best250_vs_phase2w	36502	188	improved	155	188	0.4102763533592224	0.40526673197746277	0.346492737531662	0.40526673197746277	0.05877399444580078	0.16896915435791016	0.14353084564208984
best250_vs_phase2w	6481	876	regressed	876	435	0.515381932258606	0.48674657940864563	0.515381932258606	0.4567287564277649	-0.058653175830841064	0.18634605407714844	0.06365394592285156
best250_vs_phase2w	40410	681	improved	620	681	0.4421366751194	0.4357492923736572	0.3775118291378021	0.4357492923736572	0.0582374632358551	0.15801715850830078	0.09198284149169922
best250_vs_phase2w	24277	264	regressed	264	263	0.45835304260253906	0.461029976606369	0.45835304260253906	0.4005054831504822	-0.057847559452056885	0.10926437377929688	0.14073562622070312
best250_vs_phase2w	14182	463	regressed	463	373	0.4685591459274292	0.4255181550979614	0.4685591459274292	0.41108885407447815	-0.05747029185295105	0.1842517852783203	0.03449821472167969
best250_vs_phase2w	10294	441	improved	737	441	0.4036991596221924	0.4565281867980957	0.39906996488571167	0.4565281867980957	0.05745822191238403	0.011533260345458984	0.300966739654541
best250_vs_phase2w	31022	905	regressed	905	749	0.2643362581729889	0.22427156567573547	0.2643362581729889	0.20697200298309326	-0.05736425518989563	0.7634758949279785	0.08027410507202148
best250_vs_phase2w	40184	623	regressed	623	563	0.3597954213619232	0.3847462832927704	0.3597954213619232	0.30244749784469604	-0.05734792351722717	0.009323596954345703	0.2406764030456543
best250_vs_phase2w	356	173	regressed	173	215	0.41403135657310486	0.40458449721336365	0.41403135657310486	0.35720789432525635	-0.05682346224784851	0.1254572868347168	0.1245427131652832
best250_vs_phase2w	28750	725	regressed	725	849	0.2236849069595337	0.2779734134674072	0.2236849069595337	0.16708137094974518	-0.05660353600978851	0.11595535278320312	0.5090446472167969
best250_vs_phase2w	49137	412	regressed	412	637	0.4389778971672058	0.41587042808532715	0.4389778971672058	0.3825974762439728	-0.05638042092323303	0.1978597640991211	0.0833902359008789
best250_vs_phase2w	10195	624	improved	884	624	0.23809432983398438	0.20613940060138702	0.14978675544261932	0.20613940060138702	0.0563526451587677	0.4634542465209961	0.005295753479003906
best250_vs_phase2w	9080	588	regressed	588	790	0.4976637363433838	0.45925256609916687	0.4976637363433838	0.4413624405860901	-0.0563012957572937	0.21026611328125	0.03973388671875
best250_vs_phase2w	42374	798	improved	426	798	0.32147055864334106	0.2973315417766571	0.24130062758922577	0.2973315417766571	0.056030914187431335	0.2868623733520508	0.08813762664794922
best250_vs_phase2w	14480	21	regressed	21	18	0.2956695854663849	0.2820735275745392	0.2956695854663849	0.2398047000169754	-0.055864885449409485	0.27515697479248047	0.16234302520751953
best250_vs_phase2w	22107	612	improved	870	612	0.42351993918418884	0.40304648876190186	0.3476027548313141	0.40304648876190186	0.05544373393058777	0.197540283203125	0.083709716796875
best250_vs_phase2w	42497	500	improved	825	500	0.2657773792743683	0.2981542646884918	0.2427380234003067	0.2981542646884918	0.05541624128818512	0.09067630767822266	0.19057369232177734
best250_vs_phase2w	24188	335	improved	562	335	0.28684568405151367	0.31914055347442627	0.2638237774372101	0.31914055347442627	0.055316776037216187	0.0836629867553711	0.3538370132446289
best250_vs_phase2w	37232	925	regressed	925	809	0.4404491186141968	0.5142755508422852	0.4404491186141968	0.385245144367218	-0.05520397424697876	0.02362060546875	0.28887939453125
best250_vs_phase2w	31096	54	regressed	54	63	0.2558117210865021	0.24853184819221497	0.2558117210865021	0.20061758160591125	-0.05519413948059082	0.1608295440673828	0.2141704559326172
best250_vs_phase2w	1544	422	regressed	422	543	0.3372650146484375	0.2834727168083191	0.3372650146484375	0.28212881088256836	-0.05513620376586914	0.18274784088134766	0.004752159118652344
best250_vs_phase2w	38526	453	regressed	453	652	0.2260168492794037	0.18877944350242615	0.2260168492794037	0.1709252893924713	-0.05509155988693237	0.011031627655029297	0.09935283660888672
best250_vs_phase2w	17038	763	regressed	763	413	0.40213948488235474	0.37942785024642944	0.40213948488235474	0.3475340008735657	-0.05460548400878906	0.19344854354858398	0.08780193328857422
best250_vs_phase2w	24224	359	improved	358	359	0.37608540058135986	0.4193432331085205	0.3652147352695465	0.4193432331085205	0.054128497838974	0.029330730438232422	0.18941926956176758
best250_vs_phase2w	27504	246	regressed	246	159	0.25499534606933594	0.24891139566898346	0.25499534606933594	0.2012513279914856	-0.05374401807785034	0.03745746612548828	0.21254253387451172
best250_vs_phase2w	9900	977	regressed	977	978	0.46651554107666016	0.4822568893432617	0.46651554107666016	0.41290828585624695	-0.05360725522041321	0.09474849700927734	0.15525150299072266
best250_vs_phase2w	18071	278	improved	277	278	0.4426926076412201	0.43086549639701843	0.37733566761016846	0.43086549639701843	0.053529828786849976	0.15974044799804688	0.12150955200195312
best250_vs_phase2w	10807	341	regressed	341	342	0.44809097051620483	0.4218176305294037	0.44809097051620483	0.394636332988739	-0.05345463752746582	0.18339157104492188	0.06660842895507812
best250_vs_phase2w	9620	442	regressed	442	497	0.4876216650009155	0.4528263509273529	0.4876216650009155	0.434194952249527	-0.05342671275138855	0.14548492431640625	0.04201507568359375
best250_vs_phase2w	12557	151	regressed	151	158	0.407224178314209	0.39746320247650146	0.407224178314209	0.3541083037853241	-0.05311587452888489	0.16575050354003906	0.11549949645996094
best250_vs_phase2w	25557	754	improved	688	754	0.4418659806251526	0.39569413661956787	0.34272003173828125	0.39569413661956787	0.05297410488128662	0.2540926933288574	0.08965730667114258
best250_vs_phase2w	12075	348	improved	349	348	0.5018427968025208	0.47500696778297424	0.42221125960350037	0.47500696778297424	0.05279570817947388	0.17278099060058594	0.07721900939941406
best250_vs_phase2w	1432	161	improved	162	161	0.3986804485321045	0.4367210566997528	0.38401177525520325	0.4367210566997528	0.05270928144454956	0.037487030029296875	0.21251296997070312
best250_vs_phase2w	46030	78	improved	75	78	0.15724380314350128	0.20958098769187927	0.15715138614177704	0.20958098769187927	0.052429601550102234	0.0005879402160644531	0.34551095962524414
best250_vs_phase2w	19972	712	improved	572	712	0.18939532339572906	0.2202453464269638	0.1680016666650772	0.2202453464269638	0.0522436797618866	0.11986255645751953	0.44263744354248047
best250_vs_phase2w	43606	374	regressed	374	371	0.3225666284561157	0.36732766032218933	0.3225666284561157	0.2704116702079773	-0.05215495824813843	0.006191253662109375	0.3063087463378906
best250_vs_phase2w	22374	866	regressed	866	730	0.3757072389125824	0.3435436487197876	0.3757072389125824	0.32355499267578125	-0.05215224623680115	0.34630489349365234	0.059945106506347656
best250_vs_phase2w	38394	165	regressed	165	234	0.26552385091781616	0.23314574360847473	0.26552385091781616	0.2136169821023941	-0.05190686881542206	0.2250208854675293	0.0874791145324707
best250_vs_phase2w	10221	737	improved	441	737	0.3450775742530823	0.379747599363327	0.3279307782649994	0.379747599363327	0.05181682109832764	0.050966739654541016	0.261533260345459
best250_vs_phase2w	29866	817	improved	511	817	0.4829397201538086	0.45144134759902954	0.3996283710002899	0.45144134759902954	0.051812976598739624	0.18935680389404297	0.12314319610595703
best250_vs_phase2w	1554	170	regressed	170	267	0.16151843965053558	0.21420203149318695	0.16151843965053558	0.10973932594060898	-0.051779113709926605	0.00023031234741210938	0.23154211044311523
best250_vs_phase2w	45551	32	regressed	32	31	0.3979022204875946	0.3727775812149048	0.3979022204875946	0.34632325172424316	-0.05157896876335144	0.1451406478881836	0.0736093521118164
best250_vs_phase2w	11258	563	regressed	563	418	0.4792972207069397	0.4945169687271118	0.4792972207069397	0.42774271965026855	-0.05155450105667114	0.10494041442871094	0.14505958557128906
best250_vs_phase2w	28647	349	regressed	349	348	0.45052799582481384	0.4883999526500702	0.45052799582481384	0.3989817202091217	-0.05154627561569214	0.04778099060058594	0.20221900939941406
best250_vs_phase2w	48894	921	improved	922	921	0.16996484994888306	0.1877487450838089	0.13624246418476105	0.1877487450838089	0.05150628089904785	0.22115564346313477	0.49759435653686523
best250_vs_phase2w	23154	987	improved	925	987	0.1812244951725006	0.21961374580860138	0.16819186508655548	0.21961374580860138	0.0514218807220459	0.061409950256347656	0.3628687858581543
best250_vs_phase2w	24545	665	improved	671	665	0.4233435392379761	0.4044246971607208	0.3532421290874481	0.4044246971607208	0.051182568073272705	0.1810302734375	0.1314697265625
best250_vs_phase2w	17907	505	regressed	505	899	0.257179319858551	0.2577281594276428	0.257179319858551	0.20631715655326843	-0.05086216330528259	0.24625921249389648	0.22249078750610352
best250_vs_phase2w	13738	517	improved	733	517	0.19368894398212433	0.22133535146713257	0.17084254324436188	0.22133535146713257	0.05049280822277069	0.12551116943359375	0.12448883056640625
best250_vs_phase2w	39445	660	regressed	660	705	0.44967496395111084	0.3994502127170563	0.44967496395111084	0.3993571102619171	-0.050317853689193726	0.24976682662963867	0.00023317337036132812
best250_vs_phase2w	35874	709	regressed	709	893	0.3030318319797516	0.3143596947193146	0.3030318319797516	0.2529493570327759	-0.05008247494697571	0.09515142440795898	0.21734857559204102
best250_vs_phase2w	28193	379	improved	365	379	0.3540026545524597	0.3879958987236023	0.3379811644554138	0.3879958987236023	0.05001473426818848	0.046314239501953125	0.20368576049804688
best250_vs_phase2w	46457	509	regressed	509	582	0.39144155383110046	0.39960891008377075	0.39144155383110046	0.34147098660469055	-0.04997056722640991	0.09277629852294922	0.15722370147705078
best250_vs_phase2w	48371	798	regressed	798	893	0.1461459994316101	0.1486329883337021	0.1461459994316101	0.09630301594734192	-0.04984298348426819	0.034769535064697266	0.16540861129760742
best250_vs_phase2w	15031	634	improved	488	634	0.28118646144866943	0.213827446103096	0.164098858833313	0.213827446103096	0.04972858726978302	0.5385489463806152	0.023951053619384766
best250_vs_phase2w	6749	125	regressed	125	119	0.4241308867931366	0.45899152755737305	0.4241308867931366	0.37447062134742737	-0.04966026544570923	0.04648113250732422	0.20351839065551758
best250_vs_phase2w	23079	64	regressed	64	55	0.36310315132141113	0.3384562134742737	0.36310315132141113	0.31347864866256714	-0.049624502658843994	0.07958650588989258	0.07666349411010742
best250_vs_phase2w	2440	128	regressed	128	136	0.30589956045150757	0.26758089661598206	0.30589956045150757	0.2564363479614258	-0.04946321249008179	0.20745849609375	0.04254150390625
best250_vs_phase2w	44408	720	improved	455	720	0.4497242867946625	0.4520546495914459	0.4027705490589142	0.4520546495914459	0.04928410053253174	0.11026763916015625	0.07723236083984375
best250_vs_phase2w	34801	175	regressed	175	184	0.2258559763431549	0.19328707456588745	0.2258559763431549	0.17664963006973267	-0.04920634627342224	0.06624174118041992	0.09000825881958008
best250_vs_phase2w	21875	43	improved	39	43	0.31363293528556824	0.3493925631046295	0.3002828359603882	0.3493925631046295	0.04910972714424133	0.04349851608276367	0.20650148391723633
best250_vs_phase2w	4420	472	regressed	472	693	0.4611425995826721	0.4634680151939392	0.4611425995826721	0.412177711725235	-0.048964887857437134	0.07021713256835938	0.11728286743164062
best250_vs_phase2w	49864	21	regressed	21	23	0.29875820875167847	0.28536924719810486	0.29875820875167847	0.24980869889259338	-0.04894950985908508	0.02316141128540039	0.1330885887145996
best250_vs_phase2w	24366	718	improved	694	718	0.4562378525733948	0.3347008526325226	0.2857712507247925	0.3347008526325226	0.0489296019077301	0.4678225517272949	0.06342792510986328
best250_vs_phase2w	46497	132	regressed	132	975	0.3667476177215576	0.35843634605407715	0.3667476177215576	0.3179338276386261	-0.04881379008293152	0.06759214401245117	0.11990785598754883
best250_vs_phase2w	29888	316	improved	78	316	0.10229742527008057	0.12955093383789062	0.08085662126541138	0.12955093383789062	0.04869431257247925	0.13523006439208984	0.5115299224853516
best250_vs_phase2w	34830	976	regressed	976	980	0.4108201861381531	0.4849459230899811	0.4108201861381531	0.36213552951812744	-0.048684656620025635	0.020481109619140625	0.2920188903808594
best250_vs_phase2w	34624	728	regressed	728	281	0.24861545860767365	0.2465566247701645	0.24861545860767365	0.20033685863018036	-0.048278599977493286	0.07365846633911133	0.20759153366088867
best250_vs_phase2w	41585	703	improved	912	703	0.35898569226264954	0.3929041028022766	0.3446705937385559	0.3929041028022766	0.0482335090637207	0.04069328308105469	0.11555671691894531
best250_vs_phase2w	33414	379	improved	366	379	0.4111165404319763	0.3832940459251404	0.33518916368484497	0.3832940459251404	0.04810488224029541	0.20418167114257812	0.07706832885742188
best250_vs_phase2w	20893	747	improved	882	747	0.18392618000507355	0.17963378131389618	0.13160817325115204	0.17963378131389618	0.04802560806274414	0.3347053527832031	0.19654464721679688
best250_vs_phase2w	1024	485	improved	754	485	0.41744011640548706	0.43128344416618347	0.3834659159183502	0.43128344416618347	0.04781752824783325	0.08489036560058594	0.16510963439941406
best250_vs_phase2w	23204	587	improved	784	587	0.29127737879753113	0.324892520904541	0.2772018611431122	0.324892520904541	0.04769065976142883	0.049530029296875	0.262969970703125
best250_vs_phase2w	16230	799	regressed	799	519	0.29930776357650757	0.25773686170578003	0.29930776357650757	0.251761257648468	-0.04754650592803955	0.5702919960021973	0.023458003997802734
best250_vs_phase2w	9799	40	improved	46	40	0.321916788816452	0.34692201018333435	0.2994949519634247	0.34692201018333435	0.04742705821990967	0.07219552993774414	0.02155447006225586
best250_vs_phase2w	3102	500	improved	972	500	0.49499383568763733	0.4469969570636749	0.3998079299926758	0.4469969570636749	0.047189027070999146	0.2135610580444336	0.036438941955566406
best250_vs_phase2w	4600	303	regressed	303	311	0.3006220757961273	0.25418782234191895	0.3006220757961273	0.2534829080104828	-0.04713916778564453	0.309722900390625	0.002777099609375
best250_vs_phase2w	37807	501	improved	869	501	0.2195703238248825	0.24677129089832306	0.19971325993537903	0.24677129089832306	0.04705803096294403	0.09478998184204102	0.3464059829711914
best250_vs_phase2w	22072	742	improved	662	742	0.23459026217460632	0.23760439455509186	0.1910119503736496	0.23760439455509186	0.04659244418144226	0.12451982498168945	0.20026540756225586
best250_vs_phase2w	11814	717	improved	654	717	0.4304802119731903	0.45371997356414795	0.4072515070438385	0.45371997356414795	0.04646846652030945	0.05547046661376953	0.19452953338623047
best250_vs_phase2w	28708	577	regressed	577	868	0.3332460820674896	0.3029877245426178	0.3332460820674896	0.2868475317955017	-0.046398550271987915	0.35150861740112305	0.05474138259887695
best250_vs_phase2w	43152	453	regressed	453	786	0.19073547422885895	0.20157763361930847	0.19073547422885895	0.14435438811779022	-0.046381086111068726	0.44734668731689453	0.3144345283508301
best250_vs_phase2w	47234	639	improved	638	639	0.46001172065734863	0.4863591492176056	0.44005152583122253	0.4863591492176056	0.04630762338638306	0.04436016082763672	0.14313983917236328
best250_vs_phase2w	26530	21	improved	22	21	0.42146968841552734	0.44394564628601074	0.3976437747478485	0.44394564628601074	0.04630187153816223	0.05819129943847656	0.19180870056152344
best250_vs_phase2w	8568	46	regressed	46	42	0.29807615280151367	0.29327061772346497	0.29807615280151367	0.2518285810947418	-0.04624757170677185	0.4414029121398926	0.15234708786010742
best250_vs_phase2w	40816	415	regressed	415	498	0.31848517060279846	0.3022535443305969	0.31848517060279846	0.27232828736305237	-0.046156883239746094	0.051991939544677734	0.10425806045532227
best250_vs_phase2w	20607	509	regressed	509	860	0.2811359763145447	0.28069502115249634	0.2811359763145447	0.23521456122398376	-0.04592141509056091	0.041979312896728516	0.17677068710327148
best250_vs_phase2w	17941	413	improved	764	413	0.4463793933391571	0.4608168303966522	0.4149016737937927	0.4608168303966522	0.0459151566028595	0.07312774658203125	0.08312225341796875
best250_vs_phase2w	19899	584	regressed	584	523	0.1517348736524582	0.1339246928691864	0.1517348736524582	0.10595331341028214	-0.045781560242176056	0.5351395606994629	0.23427915573120117
best250_vs_phase2w	10500	227	regressed	227	225	0.30369025468826294	0.33273738622665405	0.30369025468826294	0.2581179738044739	-0.04557228088378906	0.058563232421875	0.253936767578125
best250_vs_phase2w	24207	686	regressed	686	740	0.17715664207935333	0.17049966752529144	0.17715664207935333	0.13171643018722534	-0.04544021189212799	0.054418087005615234	0.25808191299438477
best250_vs_phase2w	25732	427	improved	756	427	0.4616090953350067	0.4750853180885315	0.42992326617240906	0.4750853180885315	0.045162051916122437	0.07111167907714844	0.17888832092285156
best250_vs_phase2w	41762	413	improved	652	413	0.4028870463371277	0.40567269921302795	0.36056214570999146	0.40567269921302795	0.0451105535030365	0.1109919548034668	0.1390080451965332
best250_vs_phase2w	22008	865	improved	788	865	0.21573007106781006	0.2287067323923111	0.18365740776062012	0.2287067323923111	0.04504932463169098	0.16095590591430664	0.05779409408569336
best250_vs_phase2w	11977	813	regressed	813	521	0.11048106104135513	0.08299098908901215	0.11048106104135513	0.06560064107179642	-0.044880419969558716	0.13985347747802734	0.21373462677001953
best250_vs_phase2w	32507	822	improved	735	822	0.2747083604335785	0.2883906066417694	0.24362601339817047	0.2883906066417694	0.04476459324359894	0.12007570266723633	0.28617429733276367
best250_vs_phase2w	32627	280	improved	277	280	0.3916111886501312	0.3211912214756012	0.2764667570590973	0.3211912214756012	0.044724464416503906	0.3481788635253906	0.026821136474609375
best250_vs_phase2w	40790	249	regressed	249	250	0.3322239816188812	0.3392932713031769	0.3322239816188812	0.2877555787563324	-0.04446840286254883	0.022746562957763672	0.16475343704223633
best250_vs_phase2w	7532	101	regressed	101	385	0.4579063057899475	0.4505807161331177	0.4579063057899475	0.41391679644584656	-0.04398950934410095	0.16512775421142578	0.08487224578857422
best250_vs_phase2w	33384	202	regressed	202	200	0.3647598922252655	0.3677251636981964	0.3647598922252655	0.3209083080291748	-0.0438515841960907	0.27006959915161133	0.13618040084838867
best250_vs_phase2w	24005	845	regressed	845	674	0.23631326854228973	0.21161317825317383	0.23631326854228973	0.19251473248004913	-0.0437985360622406	0.3741626739501953	0.09458732604980469
best250_vs_phase2w	15573	961	improved	909	961	0.1409171223640442	0.13116011023521423	0.0874132364988327	0.13116011023521423	0.04374687373638153	0.3095383644104004	0.08497476577758789
best250_vs_phase2w	20813	464	regressed	464	877	0.12473030388355255	0.08550167828798294	0.12473030388355255	0.08108220249414444	-0.04364810138940811	0.446927547454834	0.053072452545166016
best250_vs_phase2w	20367	348	improved	349	348	0.4567252993583679	0.47892647981643677	0.43541571497917175	0.47892647981643677	0.043510764837265015	0.04778099060058594	0.13971900939941406
best250_vs_phase2w	7411	441	improved	647	441	0.13939541578292847	0.148423433303833	0.1049518957734108	0.148423433303833	0.04347153753042221	0.2838125228881836	0.2786874771118164
best250_vs_phase2w	7586	125	improved	124	125	0.08933587372303009	0.1085657924413681	0.06516953557729721	0.1085657924413681	0.04339625686407089	0.010666847229003906	0.18458890914916992
best250_vs_phase2w	15456	824	improved	533	824	0.28174954652786255	0.3042549788951874	0.2609686851501465	0.3042549788951874	0.043286293745040894	0.07661819458007812	0.20463180541992188
best250_vs_phase2w	13323	136	improved	137	136	0.18552571535110474	0.17333069443702698	0.1301063597202301	0.17333069443702698	0.043224334716796875	0.0321497917175293	0.05230855941772461
best250_vs_phase2w	15111	711	improved	929	711	0.13032124936580658	0.10072711110115051	0.05761948972940445	0.10072711110115051	0.04310762137174606	0.6183910369873047	0.020999431610107422
best250_vs_phase2w	901	747	regressed	747	955	0.2565235495567322	0.24224303662776947	0.2565235495567322	0.21346133947372437	-0.04306221008300781	0.24851417541503906	0.12648582458496094
best250_vs_phase2w	2688	868	improved	519	868	0.1740119606256485	0.19521109759807587	0.15216326713562012	0.19521109759807587	0.04304783046245575	0.1341700553894043	0.1783299446105957
best250_vs_phase2w	11285	339	improved	866	339	0.13686825335025787	0.10728781670331955	0.0643104836344719	0.10728781670331955	0.042977333068847656	0.10258102416992188	0.034784793853759766
best250_vs_phase2w	8242	742	improved	713	742	0.46923479437828064	0.5099299550056458	0.46718260645866394	0.5099299550056458	0.04274734854698181	0.004383087158203125	0.18311691284179688
best250_vs_phase2w	40376	241	improved	238	241	0.31021371483802795	0.3497467339038849	0.30703631043434143	0.3497467339038849	0.04271042346954346	0.010295391082763672	0.20845460891723633
best250_vs_phase2w	15624	210	regressed	210	243	0.2605944871902466	0.2981029152870178	0.2605944871902466	0.21801535785198212	-0.042579129338264465	0.030876636505126953	0.31287336349487305
best250_vs_phase2w	35505	508	improved	664	508	0.1677827686071396	0.17800277471542358	0.13549160957336426	0.17800277471542358	0.042511165142059326	0.15407752990722656	0.0674896240234375
best250_vs_phase2w	23947	826	regressed	826	426	0.32513153553009033	0.3969250023365021	0.32513153553009033	0.28273746371269226	-0.04239407181739807	0.004521369934082031	0.33922863006591797
best250_vs_phase2w	25133	639	regressed	639	173	0.15763051807880402	0.1781262904405594	0.15763051807880402	0.1154591366648674	-0.042171381413936615	0.2681388854980469	0.4335761070251465
best250_vs_phase2w	29713	205	improved	224	205	0.30742037296295166	0.2695203721523285	0.22736713290214539	0.2695203721523285	0.042153239250183105	0.3016500473022461	0.042099952697753906
best250_vs_phase2w	24847	767	regressed	767	418	0.3857937157154083	0.36610448360443115	0.3857937157154083	0.34384334087371826	-0.041950374841690063	0.3122673034667969	0.06273269653320312
best250_vs_phase2w	6310	780	improved	914	780	0.4473971128463745	0.4395808279514313	0.3976726531982422	0.4395808279514313	0.04190817475318909	0.11781740188598633	0.06968259811401367
best250_vs_phase2w	5666	383	improved	384	383	0.4934065341949463	0.45560458302497864	0.4140438437461853	0.45560458302497864	0.041560739278793335	0.17536163330078125	0.01213836669921875
best250_vs_phase2w	28220	682	regressed	682	583	0.3259090781211853	0.3292796015739441	0.3259090781211853	0.2844551205635071	-0.04145395755767822	0.134918212890625	0.146331787109375
best250_vs_phase2w	32231	121	regressed	121	122	0.28199201822280884	0.3052879273891449	0.28199201822280884	0.2409987896680832	-0.04099322855472565	0.1385364532470703	0.2364635467529297
best250_vs_phase2w	12165	231	regressed	231	230	0.4560640752315521	0.4730311632156372	0.4560640752315521	0.41509878635406494	-0.04096528887748718	0.056855201721191406	0.1306447982788086
best250_vs_phase2w	16259	385	improved	101	385	0.4731825590133667	0.4676799476146698	0.42702969908714294	0.4676799476146698	0.040650248527526855	0.10262775421142578	0.08487224578857422
best250_vs_phase2w	13867	480	improved	922	480	0.27997878193855286	0.3068469762802124	0.26635077595710754	0.3068469762802124	0.04049620032310486	0.04989957809448242	0.10635042190551758
best250_vs_phase2w	5381	876	regressed	876	706	0.3864832818508148	0.36281120777130127	0.3864832818508148	0.34608232975006104	-0.040400952100753784	0.26529407501220703	0.04720592498779297
best250_vs_phase2w	26883	831	improved	750	831	0.45430177450180054	0.4305226504802704	0.39019545912742615	0.4305226504802704	0.04032719135284424	0.1521139144897461	0.035386085510253906
best250_vs_phase2w	8179	883	regressed	883	849	0.3095521032810211	0.3272060453891754	0.3095521032810211	0.26934686303138733	-0.04020524024963379	0.33665990829467773	0.19459009170532227
best250_vs_phase2w	30041	249	regressed	249	248	0.2987903952598572	0.27712443470954895	0.2987903952598572	0.25863116979599	-0.04015922546386719	0.08718633651733398	0.06056022644042969
best250_vs_phase2w	29207	423	improved	424	423	0.5105610489845276	0.46575701236724854	0.4258694350719452	0.46575701236724854	0.039887577295303345	0.18137741088867188	0.006122589111328125
best250_vs_phase2w	9711	349	regressed	349	348	0.4630200266838074	0.4573318660259247	0.4630200266838074	0.42334622144699097	-0.039673805236816406	0.04778099060058594	0.07721900939941406
best250_vs_phase2w	8117	75	regressed	75	77	0.3136928379535675	0.3405516743659973	0.3136928379535675	0.2742844820022583	-0.039408355951309204	0.1273488998413086	0.2164011001586914
best250_vs_phase2w	47985	971	regressed	971	517	0.3788471817970276	0.3540138602256775	0.3788471817970276	0.33947882056236267	-0.03936836123466492	0.08307552337646484	0.041924476623535156
best250_vs_phase2w	43546	784	improved	600	784	0.19173234701156616	0.16822631657123566	0.12900979816913605	0.16822631657123566	0.03921651840209961	0.396212100982666	0.13503789901733398
best250_vs_phase2w	34079	938	regressed	938	659	0.21320506930351257	0.20512282848358154	0.21320506930351257	0.17442041635513306	-0.03878465294837952	0.28051280975341797	0.1621403694152832
best250_vs_phase2w	21233	522	improved	575	522	0.39134278893470764	0.42440009117126465	0.3856211304664612	0.42440009117126465	0.03877896070480347	0.014728546142578125	0.23527145385742188
best250_vs_phase2w	48242	172	regressed	172	171	0.483253538608551	0.5038861036300659	0.483253538608551	0.44474831223487854	-0.038505226373672485	0.06265830993652344	0.12484169006347656
best250_vs_phase2w	29593	676	regressed	676	162	0.2825126647949219	0.24523091316223145	0.2825126647949219	0.24409589171409607	-0.038416773080825806	0.3703608512878418	0.004639148712158203
best250_vs_phase2w	47953	248	improved	249	248	0.362185537815094	0.39133548736572266	0.35335397720336914	0.39133548736572266	0.037981510162353516	0.024686336517333984	0.381563663482666
best250_vs_phase2w	96	764	regressed	764	758	0.11487112194299698	0.14260773360729218	0.11487112194299698	0.07691287249326706	-0.03795824944972992	0.13257551193237305	0.48922157287597656
best250_vs_phase2w	21647	231	improved	230	231	0.438785582780838	0.4477238059043884	0.4098808467388153	0.4477238059043884	0.03784295916557312	0.06814432144165039	0.056855201721191406
best250_vs_phase2w	12650	193	improved	185	193	0.24112625420093536	0.27772408723831177	0.2400604784488678	0.27772408723831177	0.03766360878944397	0.004429817199707031	0.18307018280029297
best250_vs_phase2w	7571	288	improved	290	288	0.44838786125183105	0.436653733253479	0.39908847212791443	0.436653733253479	0.037565261125564575	0.11647558212280273	0.07102394104003906
best250_vs_phase2w	20939	596	regressed	596	587	0.3317664861679077	0.3259599506855011	0.3317664861679077	0.29420167207717896	-0.03756481409072876	0.022490978240966797	0.1025090217590332
best250_vs_phase2w	5941	667	regressed	667	457	0.3418518304824829	0.3558555245399475	0.3418518304824829	0.304372102022171	-0.03747972846031189	0.15622615814208984	0.15627384185791016
best250_vs_phase2w	41263	542	regressed	542	767	0.13779136538505554	0.13623623549938202	0.13779136538505554	0.10032042115926743	-0.037470944225788116	0.06897878646850586	0.30602121353149414
best250_vs_phase2w	12328	231	improved	230	231	0.44805818796157837	0.45591846108436584	0.41854244470596313	0.45591846108436584	0.03737601637840271	0.0681447982788086	0.056855201721191406
best250_vs_phase2w	30630	230	improved	231	230	0.4495448172092438	0.46199482679367065	0.4246988892555237	0.46199482679367065	0.03729593753814697	0.056855201721191406	0.0681447982788086
best250_vs_phase2w	1438	406	improved	497	406	0.41064152121543884	0.43262240290641785	0.3954339325428009	0.43262240290641785	0.03718847036361694	0.03773689270019531	0.1497631072998047
best250_vs_phase2w	34310	960	regressed	960	927	0.33809465169906616	0.3729515075683594	0.33809465169906616	0.3010731637477875	-0.037021487951278687	0.0984044075012207	0.2140951156616211
best250_vs_phase2w	38614	928	regressed	928	960	0.39053359627723694	0.40404605865478516	0.39053359627723694	0.3539104759693146	-0.03662312030792236	0.05501508712768555	0.13248491287231445
best250_vs_phase2w	1499	914	regressed	914	780	0.4145551025867462	0.4052157700061798	0.4145551025867462	0.37794041633605957	-0.036614686250686646	0.11781692504882812	0.06968307495117188
best250_vs_phase2w	35229	520	regressed	520	669	0.37967368960380554	0.431341290473938	0.37967368960380554	0.34311333298683167	-0.03656035661697388	0.14616107940673828	0.22883892059326172
best250_vs_phase2w	43618	568	improved	368	568	0.39148879051208496	0.38672834634780884	0.35017192363739014	0.38672834634780884	0.0365564227104187	0.11153268814086914	0.10721731185913086
best250_vs_phase2w	166	813	regressed	813	828	0.10696575790643692	0.10809483379125595	0.10696575790643692	0.07046124339103699	-0.03650451451539993	0.32791996002197266	0.4279460906982422
best250_vs_phase2w	44375	949	improved	990	949	0.18255044519901276	0.18375730514526367	0.14735394716262817	0.18375730514526367	0.0364033579826355	0.2141890525817871	0.1608109474182129
best250_vs_phase2w	9142	524	improved	461	524	0.275941401720047	0.23949556052684784	0.2754933536052704	0.23949556052684784	-0.035997793078422546	0.00162506103515625	0.12337493896484375
best250_vs_phase2w	29528	348	improved	349	348	0.449876993894577	0.46483439207077026	0.42888692021369934	0.46483439207077026	0.03594747185707092	0.04778099060058594	0.13971900939941406
best250_vs_phase2w	20707	738	regressed	738	949	0.46136441826820374	0.49817195534706116	0.46136441826820374	0.4256497025489807	-0.03571471571922302	0.03017139434814453	0.15732860565185547
best250_vs_phase2w	8461	890	improved	852	890	0.11733926087617874	0.1505407840013504	0.11487378180027008	0.1505407840013504	0.03566700220108032	0.02123546600341797	0.10376453399658203
best250_vs_phase2w	32442	669	improved	728	669	0.10193988680839539	0.12453905493021011	0.0888812467455864	0.12453905493021011	0.03565780818462372	0.13708209991455078	0.41475629806518555
best250_vs_phase2w	25384	672	improved	797	672	0.4783802926540375	0.4583461880683899	0.422904908657074	0.4583461880683899	0.03544127941131592	0.12325859069824219	0.0017414093017578125
best250_vs_phase2w	48471	424	regressed	424	423	0.4243813455104828	0.44350725412368774	0.4243813455104828	0.38900479674339294	-0.035376548767089844	0.11887741088867188	0.13112258911132812
best250_vs_phase2w	1328	231	improved	230	231	0.40025895833969116	0.4211132526397705	0.3857605755329132	0.4211132526397705	0.0353526771068573	0.036894798278808594	0.1506052017211914
best250_vs_phase2w	26033	725	improved	899	725	0.3079632818698883	0.33738255500793457	0.30205655097961426	0.33738255500793457	0.03532600402832031	0.01936626434326172	0.16813373565673828
best250_vs_phase2w	37676	856	regressed	856	866	0.43305590748786926	0.4615432322025299	0.43305590748786926	0.39776134490966797	-0.035294562578201294	0.038776397705078125	0.14872360229492188
best250_vs_phase2w	33823	707	regressed	707	877	0.3035481572151184	0.28779223561286926	0.3035481572151184	0.26841869950294495	-0.03512945771217346	0.2740592956542969	0.06969070434570312
best250_vs_phase2w	48704	53	improved	56	53	0.3562110662460327	0.3423784375190735	0.3073561489582062	0.3423784375190735	0.03502228856086731	0.14751625061035156	0.25873374938964844
best250_vs_phase2w	40173	437	improved	460	437	0.417348176240921	0.42789632081985474	0.3929635286331177	0.42789632081985474	0.03493279218673706	0.06020402908325195	0.12729597091674805
best250_vs_phase2w	49575	373	improved	371	373	0.21115946769714355	0.22693787515163422	0.19207356870174408	0.22693787515163422	0.03486430644989014	0.09473514556884766	0.09276485443115234
best250_vs_phase2w	47228	383	improved	384	383	0.4329628348350525	0.4336893558502197	0.3990310728549957	0.4336893558502197	0.034658282995224	0.08161258697509766	0.13713741302490234
best250_vs_phase2w	5111	630	improved	464	630	0.12034261226654053	0.135318323969841	0.10073314607143402	0.135318323969841	0.03458517789840698	0.17786788940429688	0.19713211059570312
best250_vs_phase2w	43033	59	improved	40	59	0.26230302453041077	0.2288583368062973	0.1943368911743164	0.2288583368062973	0.034521445631980896	0.24030447006225586	0.012592792510986328
best250_vs_phase2w	28889	754	improved	819	754	0.19744764268398285	0.16522322595119476	0.13074086606502533	0.16522322595119476	0.034482359886169434	0.41225624084472656	0.025243759155273438
best250_vs_phase2w	41203	786	improved	776	786	0.18065734207630157	0.10242200642824173	0.0679953470826149	0.10242200642824173	0.03442665934562683	0.7916707992553711	0.12700796127319336
best250_vs_phase2w	19525	622	improved	759	622	0.30701619386672974	0.3138708770275116	0.2796003520488739	0.3138708770275116	0.034270524978637695	0.09353923797607422	0.21896076202392578
best250_vs_phase2w	29560	630	improved	502	630	0.3072448670864105	0.32770976424217224	0.2935350239276886	0.32770976424217224	0.03417474031448364	0.04564809799194336	0.17310237884521484
best250_vs_phase2w	13113	869	regressed	869	903	0.22514845430850983	0.23655298352241516	0.22514845430850983	0.19108529388904572	-0.03406316041946411	0.22404766082763672	0.21345233917236328
best250_vs_phase2w	8873	583	improved	534	583	0.33730512857437134	0.33057546615600586	0.2965698838233948	0.33057546615600586	0.034005582332611084	0.12870502471923828	0.15254497528076172
best250_vs_phase2w	12104	78	regressed	78	302	0.38128432631492615	0.35770857334136963	0.38128432631492615	0.34772804379463196	-0.03355628252029419	0.28420209884643555	0.028297901153564453
best250_vs_phase2w	48158	864	improved	555	864	0.3707786202430725	0.3768007457256317	0.34352004528045654	0.3768007457256317	0.03328070044517517	0.07635974884033203	0.17364072799682617
best250_vs_phase2w	27471	523	improved	872	523	0.14623849093914032	0.1099175363779068	0.14317746460437775	0.1099175363779068	-0.03325992822647095	0.021153926849365234	0.19786357879638672
best250_vs_phase2w	22649	386	regressed	386	101	0.3626099228858948	0.3384975492954254	0.3626099228858948	0.3298191428184509	-0.03279078006744385	0.09902763366699219	0.025972366333007812
best250_vs_phase2w	16247	21	improved	912	21	0.30640047788619995	0.32426759600639343	0.29157498478889465	0.32426759600639343	0.03269261121749878	0.04959583282470703	0.04415416717529297
best250_vs_phase2w	37904	908	regressed	908	895	0.32112371921539307	0.32820969820022583	0.32112371921539307	0.2884487807750702	-0.032674938440322876	0.11014890670776367	0.1291351318359375
best250_vs_phase2w	15846	584	improved	902	584	0.14806780219078064	0.1595534235239029	0.12716777622699738	0.1595534235239029	0.03238564729690552	0.15216302871704102	0.285336971282959
best250_vs_phase2w	38593	588	improved	401	588	0.17616277933120728	0.18447445333003998	0.15210597217082977	0.18447445333003998	0.032368481159210205	0.14683103561401367	0.009418964385986328
best250_vs_phase2w	20610	151	improved	158	151	0.4614693820476532	0.43052175641059875	0.3984835743904114	0.43052175641059875	0.03203818202018738	0.14674949645996094	0.04075050354003906
best250_vs_phase2w	12920	976	improved	972	976	0.43089085817337036	0.4390277564525604	0.4070005714893341	0.4390277564525604	0.03202718496322632	0.05704021453857422	0.13045978546142578
best250_vs_phase2w	47132	373	regressed	373	370	0.2299264669418335	0.23642680048942566	0.2299264669418335	0.1979457437992096	-0.0319807231426239	0.009854316711425781	0.17764568328857422
best250_vs_phase2w	21503	118	improved	119	118	0.40327298641204834	0.3794647455215454	0.34752601385116577	0.3794647455215454	0.03193873167037964	0.1487741470336914	0.038725852966308594
best250_vs_phase2w	31820	180	improved	179	180	0.4962267577648163	0.45671963691711426	0.4250273108482361	0.45671963691711426	0.031692326068878174	0.15487957000732422	0.03262042999267578
best250_vs_phase2w	20496	453	improved	648	453	0.24909333884716034	0.24245686829090118	0.21085572242736816	0.24245686829090118	0.03160114586353302	0.16665363311767578	0.08334636688232422
best250_vs_phase2w	42018	655	regressed	655	836	0.10855915397405624	0.08087743818759918	0.10855915397405624	0.0770619660615921	-0.03149718791246414	0.1391749382019043	0.0483250617980957
best250_vs_phase2w	17879	875	improved	513	875	0.4302038252353668	0.45023971796035767	0.41896405816078186	0.45023971796035767	0.031275659799575806	0.0264739990234375	0.0985260009765625
best250_vs_phase2w	15977	349	regressed	349	348	0.4964549243450165	0.4721371531486511	0.4964549243450165	0.46523863077163696	-0.031216293573379517	0.11028099060058594	0.014719009399414062
best250_vs_phase2w	23649	741	improved	496	741	0.16139738261699677	0.12037619948387146	0.0892796516418457	0.12037619948387146	0.031096547842025757	0.004100799560546875	0.16200494766235352
best250_vs_phase2w	193	68	regressed	68	66	0.4215834140777588	0.4101734757423401	0.4215834140777588	0.3905302584171295	-0.031053155660629272	0.07592535018920898	0.049074649810791016
best250_vs_phase2w	43557	681	improved	620	681	0.3972979485988617	0.4274309575557709	0.3965964913368225	0.4274309575557709	0.030834466218948364	0.0017671585083007812	0.09198284149169922
best250_vs_phase2w	34672	848	improved	482	848	0.14947724342346191	0.1737791895866394	0.1431899517774582	0.1737791895866394	0.030589237809181213	0.04297208786010742	0.11327791213989258
best250_vs_phase2w	21498	499	regressed	499	618	0.07751838862895966	0.06006871908903122	0.07751838862895966	0.04696466028690338	-0.030553728342056274	0.12117719650268555	0.05477094650268555
best250_vs_phase2w	6091	110	regressed	110	115	0.4385448098182678	0.41532179713249207	0.4385448098182678	0.4080275595188141	-0.030517250299453735	0.10728120803833008	0.017718791961669922
best250_vs_phase2w	2219	414	regressed	414	980	0.13784100115299225	0.1082116886973381	0.13784100115299225	0.10739026218652725	-0.030450738966464996	0.05488014221191406	0.0076198577880859375
best250_vs_phase2w	32680	794	improved	896	794	0.3057953119277954	0.31597983837127686	0.2855573892593384	0.31597983837127686	0.030422449111938477	0.06847286224365234	0.11902713775634766
best250_vs_phase2w	13754	849	improved	899	849	0.2961006462574005	0.3233967125415802	0.2930601239204407	0.3233967125415802	0.030336588621139526	0.010321617126464844	0.23967838287353516
best250_vs_phase2w	46395	810	regressed	810	878	0.4303325414657593	0.4396726191043854	0.4303325414657593	0.4002075791358948	-0.030124962329864502	0.030952930450439453	0.09404706954956055
best250_vs_phase2w	40683	409	improved	892	409	0.44945088028907776	0.4576415419578552	0.42762380838394165	0.4576415419578552	0.030017733573913574	0.049782752990722656	0.012717247009277344
best250_vs_phase2w	2001	876	regressed	876	598	0.2925325632095337	0.26432961225509644	0.2925325632095337	0.26290440559387207	-0.02962815761566162	0.24459362030029297	0.005406379699707031
best250_vs_phase2w	374	809	improved	551	809	0.32628509402275085	0.31417644023895264	0.28457412123680115	0.31417644023895264	0.02960231900215149	0.1367778778076172	0.05072212219238281
best250_vs_phase2w	11992	482	regressed	482	485	0.42450758814811707	0.4004722833633423	0.42450758814811707	0.3949055075645447	-0.029602080583572388	0.23600196838378906	0.013998031616210938
best250_vs_phase2w	14142	5	improved	6	5	0.42861947417259216	0.4395652711391449	0.4100663959980011	0.4395652711391449	0.0294988751411438	0.04425048828125	0.11199951171875
best250_vs_phase2w	39567	834	regressed	834	523	0.22199681401252747	0.2070237249135971	0.22199681401252747	0.19251835346221924	-0.029478460550308228	0.08360815048217773	0.07264184951782227
best250_vs_phase2w	24413	335	improved	371	335	0.14493125677108765	0.16014164686203003	0.13083268702030182	0.16014164686203003	0.02930895984172821	0.1023402214050293	0.1476597785949707
best250_vs_phase2w	28093	494	regressed	494	758	0.10895120352506638	0.08023650199174881	0.10895120352506638	0.07969637960195541	-0.029254823923110962	0.49324560165405273	0.006754398345947266
best250_vs_u300	23474	47	regressed	47	42	0.5351033210754395	0.32145705819129944	0.5351033210754395	0.2870805859565735	-0.24802273511886597	1.5743989944458008	0.11310100555419922
best250_vs_u300	37044	803	improved	547	803	0.2721618115901947	0.42933157086372375	0.21757552027702332	0.42933157086372375	0.21175605058670044	0.22385072708129883	0.9323992729187012
best250_vs_u300	47324	856	improved	634	856	0.3612734079360962	0.4830376207828522	0.2728482484817505	0.4830376207828522	0.21018937230110168	0.2807192802429199	0.9380307197570801
best250_vs_u300	35800	81	improved	132	81	0.4953315258026123	0.40353426337242126	0.20304320752620697	0.40353426337242126	0.2004910558462143	0.8918085098266602	0.29569196701049805
best250_vs_u300	2302	3	regressed	3	4	0.4833701252937317	0.5968655943870544	0.4833701252937317	0.2835761606693268	-0.1997939646244049	0.25578880310058594	0.7442111968994141
best250_vs_u300	6492	105	improved	380	105	0.46509814262390137	0.47817686200141907	0.27981746196746826	0.47817686200141907	0.1983594000339508	0.5081110000610352	0.33563899993896484
best250_vs_u300	7794	422	improved	764	422	0.36897721886634827	0.47506260871887207	0.2828066051006317	0.47506260871887207	0.19225600361824036	0.26597166061401367	0.7965283393859863
best250_vs_u300	22897	772	improved	600	772	0.49895718693733215	0.4020034968852997	0.21278223395347595	0.4020034968852997	0.18922126293182373	0.8522510528564453	0.2102489471435547
best250_vs_u300	15670	641	improved	522	641	0.4235430955886841	0.5107693076133728	0.3385578393936157	0.5107693076133728	0.17221146821975708	0.22396039962768555	0.6510400772094727
best250_vs_u300	3422	792	improved	734	792	0.37751954793930054	0.49007999897003174	0.3187192976474762	0.49007999897003174	0.17136070132255554	0.1693115234375	0.7994384765625
best250_vs_u300	12960	468	improved	920	468	0.41523608565330505	0.5056763887405396	0.34247392416000366	0.5056763887405396	0.1632024645805359	0.19265174865722656	0.7135977745056152
best250_vs_u300	8956	824	regressed	824	452	0.44302433729171753	0.3032662272453308	0.44302433729171753	0.28222915530204773	-0.1607951819896698	1.0531082153320312	0.07189178466796875
best250_vs_u300	21657	227	improved	179	227	0.3563295006752014	0.3571750223636627	0.19886822998523712	0.3571750223636627	0.1583067923784256	0.5832133293151855	0.7805752754211426
best250_vs_u300	31230	602	regressed	602	678	0.33466190099716187	0.3508441150188446	0.33466190099716187	0.1764475703239441	-0.15821433067321777	0.1564316749572754	0.6873183250427246
best250_vs_u300	28288	914	regressed	914	484	0.37621259689331055	0.36138397455215454	0.37621259689331055	0.22318483889102936	-0.1530277580022812	0.26805877685546875	0.39801788330078125
best250_vs_u300	15636	150	improved	149	150	0.31109124422073364	0.40570297837257385	0.25268250703811646	0.40570297837257385	0.1530204713344574	0.20795249938964844	0.9170475006103516
best250_vs_u300	32920	963	improved	957	963	0.14550219476222992	0.29044800996780396	0.14007596671581268	0.29044800996780396	0.15037204325199127	0.03800630569458008	0.8994936943054199
best250_vs_u300	36666	818	improved	980	818	0.22913706302642822	0.3538254499435425	0.20526906847953796	0.3538254499435425	0.14855638146400452	0.10999870300292969	0.7337512969970703
best250_vs_u300	44445	279	regressed	279	258	0.48850274085998535	0.46306031942367554	0.48850274085998535	0.34153857827186584	-0.1469641625881195	0.4456033706665039	0.3043966293334961
best250_vs_u300	36507	627	improved	468	627	0.2240055948495865	0.36268219351768494	0.216641366481781	0.36268219351768494	0.14604082703590393	0.03342771530151367	0.6853222846984863
best250_vs_u300	24515	390	regressed	390	391	0.39716246724128723	0.5139674544334412	0.39716246724128723	0.25186318159103394	-0.1452992856502533	0.1304759979248047	0.7132740020751953
best250_vs_u300	48704	53	improved	56	53	0.4178783595561981	0.3423784375190735	0.1991232931613922	0.3423784375190735	0.14325514435768127	0.7412662506103516	0.25873374938964844
best250_vs_u300	37880	859	regressed	859	742	0.4820326566696167	0.39641883969306946	0.4820326566696167	0.3406994342803955	-0.1413332223892212	0.5047798156738281	0.15147066116333008
best250_vs_u300	36903	717	regressed	717	864	0.45762956142425537	0.3858288824558258	0.45762956142425537	0.31693971157073975	-0.14068984985351562	0.4908175468444824	0.19668245315551758
best250_vs_u300	5512	125	regressed	125	124	0.5148727893829346	0.5145308971405029	0.5148727893829346	0.3753444254398346	-0.13952836394309998	0.3720884323120117	0.3154115676879883
best250_vs_u300	45632	160	regressed	160	226	0.348654180765152	0.3087865114212036	0.348654180765152	0.20960848033428192	-0.13904570043087006	0.3625912666320801	0.3874087333679199
best250_vs_u300	32663	618	regressed	618	828	0.6175506711006165	0.48170730471611023	0.6175506711006165	0.4788898825645447	-0.13866078853607178	0.6191339492797852	0.005866050720214844
best250_vs_u300	6525	909	regressed	909	582	0.39057430624961853	0.40532055497169495	0.39057430624961853	0.2531045079231262	-0.1374697983264923	0.40412425994873047	0.47087574005126953
best250_vs_u300	15215	969	regressed	969	928	0.45464226603507996	0.4604766368865967	0.45464226603507996	0.3189765214920044	-0.13566574454307556	0.19535541534423828	0.3671445846557617
best250_vs_u300	23459	585	regressed	585	589	0.5428218841552734	0.5456154346466064	0.5428218841552734	0.4092274010181427	-0.13359448313713074	0.2748565673828125	0.2876434326171875
best250_vs_u300	5427	706	improved	762	706	0.44129619002342224	0.5586391687393188	0.4256075620651245	0.5586391687393188	0.13303160667419434	0.03619861602783203	0.526301383972168
best250_vs_u300	39897	337	improved	336	337	0.4616612195968628	0.5524349808692932	0.42024150490760803	0.5524349808692932	0.13219347596168518	0.09400177001953125	0.46849822998046875
best250_vs_u300	30364	784	improved	783	784	0.4622693657875061	0.5314083099365234	0.3998018503189087	0.5314083099365234	0.13160645961761475	0.14517879486083984	0.41732120513916016
best250_vs_u300	6129	851	improved	651	851	0.39205071330070496	0.4430195987224579	0.31143492460250854	0.4430195987224579	0.13158467411994934	0.23020076751708984	0.48854923248291016
best250_vs_u300	20	642	improved	644	642	0.42364105582237244	0.5053203105926514	0.3754400610923767	0.5053203105926514	0.12988024950027466	0.1207876205444336	0.4417123794555664
best250_vs_u300	34944	56	improved	61	56	0.3308856189250946	0.3559706509113312	0.22689518332481384	0.3559706509113312	0.12907546758651733	0.37728452682495117	0.37271547317504883
best250_vs_u300	3509	721	regressed	721	723	0.32520100474357605	0.39247623085975647	0.32520100474357605	0.19696342945098877	-0.12823757529258728	0.06054210662841797	0.689457893371582
best250_vs_u300	6587	115	regressed	115	973	0.2920181453227997	0.2484927922487259	0.2920181453227997	0.16397976875305176	-0.12803837656974792	0.14682912826538086	0.41567087173461914
best250_vs_u300	26002	206	regressed	206	197	0.4544845223426819	0.44937166571617126	0.4544845223426819	0.32849013805389404	-0.12599438428878784	0.34290647506713867	0.31334352493286133
best250_vs_u300	24597	456	regressed	456	875	0.4919911324977875	0.37489333748817444	0.4919911324977875	0.36610400676727295	-0.12588712573051453	0.9137759208679199	0.023724079132080078
best250_vs_u300	31619	737	regressed	737	898	0.42411088943481445	0.3321400582790375	0.42411088943481445	0.29825207591056824	-0.12585881352424622	0.6111321449279785	0.10761785507202148
best250_vs_u300	37470	501	regressed	501	452	0.5135926604270935	0.5303705334663391	0.5135926604270935	0.38887131214141846	-0.12472134828567505	0.25217247009277344	0.31032752990722656
best250_vs_u300	23713	185	regressed	185	226	0.3724660575389862	0.3898466229438782	0.3724660575389862	0.2478870153427124	-0.1245790421962738	0.48471975326538086	0.45278024673461914
best250_vs_u300	9948	366	regressed	366	367	0.34633368253707886	0.40119001269340515	0.34633368253707886	0.22192040085792542	-0.12441328167915344	0.2516336441040039	0.5921163558959961
best250_vs_u300	12459	839	improved	718	839	0.5597443580627441	0.47930049896240234	0.3559761047363281	0.47930049896240234	0.12332439422607422	0.45261669158935547	0.10988330841064453
best250_vs_u300	22923	119	improved	124	119	0.34796980023384094	0.4149397611618042	0.29228314757347107	0.4149397611618042	0.12265661358833313	0.1743927001953125	0.5756072998046875
best250_vs_u300	26530	21	improved	22	21	0.4960319697856903	0.44394564628601074	0.32164520025253296	0.44394564628601074	0.12230044603347778	0.43319129943847656	0.19180870056152344
best250_vs_u300	43943	336	regressed	336	299	0.48729750514030457	0.4083889424800873	0.48729750514030457	0.36677199602127075	-0.12052550911903381	0.4862699508666992	0.10747957229614258
best250_vs_u300	48832	544	improved	827	544	0.41537973284721375	0.3868030309677124	0.26769769191741943	0.3868030309677124	0.11910533905029297	0.4393348693847656	0.060665130615234375
best250_vs_u300	3047	826	improved	710	826	0.39733365178108215	0.4420643150806427	0.3234100341796875	0.4420643150806427	0.1186542809009552	0.2058553695678711	0.3566446304321289
best250_vs_u300	44408	720	improved	455	720	0.542644202709198	0.4520546495914459	0.3340151011943817	0.4520546495914459	0.11803954839706421	0.48526763916015625	0.07723236083984375
best250_vs_u300	16752	765	regressed	765	423	0.44775110483169556	0.41170990467071533	0.44775110483169556	0.33031851053237915	-0.1174325942993164	0.4359884262084961	0.2202615737915039
best250_vs_u300	41612	755	regressed	755	807	0.3897618055343628	0.3894914984703064	0.3897618055343628	0.2727622091770172	-0.11699959635734558	0.14375877380371094	0.35624170303344727
best250_vs_u300	20839	202	regressed	202	194	0.2464020550251007	0.35716456174850464	0.2464020550251007	0.130137637257576	-0.11626441776752472	0.24039602279663086	1.0096039772033691
best250_vs_u300	45628	227	improved	173	227	0.39994534850120544	0.4773240387439728	0.36190366744995117	0.4773240387439728	0.1154203712940216	0.09994983673095703	0.46255016326904297
best250_vs_u300	23643	460	regressed	460	437	0.3471251428127289	0.3379944860935211	0.3471251428127289	0.2317672222852707	-0.11535792052745819	0.09145450592041016	0.37729597091674805
best250_vs_u300	21129	831	improved	721	831	0.5450307726860046	0.5040768980979919	0.3887941241264343	0.5040768980979919	0.11528277397155762	0.33779239654541016	0.16220760345458984
best250_vs_u300	13729	64	improved	55	64	0.36630702018737793	0.4234386682510376	0.30891257524490356	0.4234386682510376	0.11452609300613403	0.17041349411010742	0.4233360290527344
best250_vs_u300	28708	577	regressed	577	868	0.3995473384857178	0.3029877245426178	0.3995473384857178	0.2868475317955017	-0.11269980669021606	0.570258617401123	0.05474138259887695
best250_vs_u300	25994	158	improved	240	158	0.29609251022338867	0.30324867367744446	0.1908872276544571	0.30324867367744446	0.11236144602298737	0.43898916244506836	0.40476083755493164
best250_vs_u300	46109	412	improved	362	412	0.46034684777259827	0.4238772392272949	0.31166988611221313	0.4238772392272949	0.11220735311508179	0.39003562927246094	0.10996437072753906
best250_vs_u300	30950	860	improved	498	860	0.3597084581851959	0.38757023215293884	0.27548104524612427	0.38757023215293884	0.11208918690681458	0.26677513122558594	0.26447486877441406
best250_vs_u300	21203	506	regressed	506	879	0.43327733874320984	0.3474428951740265	0.43327733874320984	0.3221150040626526	-0.11116233468055725	0.26805877685546875	0.07569169998168945
best250_vs_u300	33441	880	regressed	880	870	0.1868634670972824	0.22202342748641968	0.1868634670972824	0.076338030397892	-0.11052543669939041	0.2448883056640625	0.3482542037963867
best250_vs_u300	23075	162	improved	161	162	0.3218161463737488	0.2454240620136261	0.1349923312664032	0.2454240620136261	0.1104317307472229	0.5665640830993652	0.03748750686645508
best250_vs_u300	4700	246	improved	178	246	0.5362269282341003	0.44888025522232056	0.33884361386299133	0.44888025522232056	0.11003664135932922	0.4590187072753906	0.040981292724609375
best250_vs_u300	40158	949	regressed	949	934	0.41144055128097534	0.4145219624042511	0.41144055128097534	0.3024072051048279	-0.10903334617614746	0.2158985137939453	0.3153514862060547
best250_vs_u300	22286	50	regressed	50	49	0.44159194827079773	0.4866165816783905	0.44159194827079773	0.33277618885040283	-0.1088157594203949	0.1512436866760254	0.3800063133239746
best250_vs_u300	41767	654	regressed	654	705	0.4500564634799957	0.36839941143989563	0.4500564634799957	0.3422835171222687	-0.10777294635772705	0.6452212333679199	0.07352828979492188
best250_vs_u300	32391	802	improved	803	802	0.32527801394462585	0.40241187810897827	0.2957143485546112	0.40241187810897827	0.10669752955436707	0.09528636932373047	0.27971363067626953
best250_vs_u300	24545	665	improved	671	665	0.48856765031814575	0.4044246971607208	0.29825466871261597	0.4044246971607208	0.10617002844810486	0.4935302734375	0.1314697265625
best250_vs_u300	46407	110	regressed	110	115	0.43732988834381104	0.5577091574668884	0.43732988834381104	0.33232665061950684	-0.1050032377243042	0.044780731201171875	0.5177192687988281
best250_vs_u300	40188	326	improved	322	326	0.4351961314678192	0.42947259545326233	0.32459884881973267	0.42947259545326233	0.10487374663352966	0.29320669174194336	0.23804330825805664
best250_vs_u300	21712	856	improved	730	856	0.3060978949069977	0.3860444724559784	0.2815292179584503	0.3860444724559784	0.10451525449752808	0.08366870880126953	0.38508129119873047
best250_vs_u300	49059	644	improved	722	644	0.23794126510620117	0.2643120288848877	0.16011348366737366	0.2643120288848877	0.10419854521751404	0.39614105224609375	0.35385894775390625
best250_vs_u300	39943	756	improved	427	756	0.21261432766914368	0.3113400936126709	0.20785526931285858	0.3113400936126709	0.10348482429981232	0.02263784408569336	0.28986215591430664
best250_vs_u300	40174	686	regressed	686	592	0.4926314353942871	0.47715672850608826	0.4926314353942871	0.3893563151359558	-0.1032751202583313	0.23414993286132812	0.20335006713867188
best250_vs_u300	11356	707	improved	886	707	0.34352004528045654	0.4014278054237366	0.29839277267456055	0.4014278054237366	0.10303503274917603	0.14083480834960938	0.5779151916503906
best250_vs_u300	18560	601	regressed	601	614	0.2173168957233429	0.24930092692375183	0.2173168957233429	0.1158866137266159	-0.10143028199672699	0.2964515686035156	0.7660484313964844
best250_vs_u300	26641	536	improved	484	536	0.5173450708389282	0.4704742729663849	0.369106650352478	0.4704742729663849	0.10136762261390686	0.33762454986572266	0.09987545013427734
best250_vs_u300	4970	287	regressed	287	356	0.350577712059021	0.36165744066238403	0.350577712059021	0.24955515563488007	-0.10102255642414093	0.1289825439453125	0.3710174560546875
best250_vs_u300	37163	742	improved	549	742	0.25377461314201355	0.3243330419063568	0.22332751750946045	0.3243330419063568	0.10100552439689636	0.1278071403503418	0.6221928596496582
best250_vs_u300	45931	749	improved	696	749	0.26304200291633606	0.26897814869880676	0.16800212860107422	0.26897814869880676	0.10097602009773254	0.4483370780944824	0.3954129219055176
best250_vs_u300	7532	101	regressed	101	385	0.5144453644752502	0.4505807161331177	0.5144453644752502	0.41391679644584656	-0.10052856802940369	0.3526277542114258	0.08487224578857422
best250_vs_u300	15967	975	improved	703	975	0.5250868797302246	0.5381295084953308	0.43815702199935913	0.5381295084953308	0.09997248649597168	0.1809864044189453	0.2565135955810547
best250_vs_u300	5394	288	improved	290	288	0.3975841701030731	0.3924243748188019	0.2933688461780548	0.3924243748188019	0.09905552864074707	0.30397605895996094	0.28977394104003906
best250_vs_u300	34801	175	regressed	175	184	0.2756526470184326	0.19328707456588745	0.2756526470184326	0.17664963006973267	-0.09900301694869995	0.5349917411804199	0.09000825881958008
best250_vs_u300	33402	199	improved	219	199	0.3683457672595978	0.40917375683784485	0.3102812170982361	0.40917375683784485	0.09889253973960876	0.17154312133789062	0.5472068786621094
best250_vs_u300	42028	747	regressed	747	417	0.3440329134464264	0.49690717458724976	0.3440329134464264	0.24525032937526703	-0.09878258407115936	0.10637664794921875	0.7061238288879395
best250_vs_u300	19211	653	regressed	653	756	0.4401560127735138	0.4490295350551605	0.4401560127735138	0.3419710099697113	-0.09818500280380249	0.19638729095458984	0.27236270904541016
best250_vs_u300	31285	624	regressed	624	453	0.4486912488937378	0.39757218956947327	0.4486912488937378	0.35238954424858093	-0.09630170464515686	0.3168611526489258	0.12063932418823242
best250_vs_u300	16420	789	regressed	789	799	0.49363186955451965	0.48766961693763733	0.49363186955451965	0.3977598547935486	-0.09587201476097107	0.17121028900146484	0.20378971099853516
best250_vs_u300	26308	314	improved	310	314	0.303109735250473	0.3806016445159912	0.2851148247718811	0.3806016445159912	0.09548681974411011	0.0612030029296875	0.5325469970703125
best250_vs_u300	46873	469	regressed	469	634	0.3505597412586212	0.4120759069919586	0.3505597412586212	0.25512391328811646	-0.09543582797050476	0.14554166793823242	0.4794583320617676
best250_vs_u300	26899	691	improved	570	691	0.505491316318512	0.5481706857681274	0.45292937755584717	0.5481706857681274	0.09524130821228027	0.10979461669921875	0.26520538330078125
best250_vs_u300	6303	877	regressed	877	905	0.4180670976638794	0.41237273812294006	0.4180670976638794	0.3230102062225342	-0.09505689144134521	0.4745063781738281	0.24424362182617188
best250_vs_u300	42163	33	improved	34	33	0.47063693404197693	0.475104957818985	0.38079333305358887	0.475104957818985	0.09431162476539612	0.21183013916015625	0.22566986083984375
best250_vs_u300	37802	308	regressed	308	312	0.18816109001636505	0.22005921602249146	0.18816109001636505	0.09473961591720581	-0.09342147409915924	0.43848562240600586	0.7458767890930176
best250_vs_u300	15596	977	improved	814	977	0.47092512249946594	0.34822961688041687	0.25551480054855347	0.34822961688041687	0.0927148163318634	0.6114187240600586	0.07608175277709961
best250_vs_u300	8380	103	improved	58	103	0.33448585867881775	0.2512587606906891	0.15916548669338226	0.2512587606906891	0.09209327399730682	0.742650032043457	0.007349967956542969
best250_vs_u300	24084	663	improved	698	663	0.22874881327152252	0.2998487949371338	0.2079809308052063	0.2998487949371338	0.09186786413192749	0.09517812728881836	0.15493535995483398
best250_vs_u300	40044	32	improved	995	32	0.31204771995544434	0.20892967283725739	0.1174357458949089	0.20892967283725739	0.09149392694234848	0.9772648811340332	0.1789851188659668
best250_vs_u300	5016	945	regressed	945	990	0.25016558170318604	0.2937089502811432	0.25016558170318604	0.15911352634429932	-0.09105205535888672	0.07452869415283203	0.612971305847168
best250_vs_u300	16486	49	regressed	49	50	0.43281611800193787	0.4371664226055145	0.43281611800193787	0.3421742618083954	-0.09064185619354248	0.03625631332397461	0.2449936866760254
best250_vs_u300	23820	222	improved	257	222	0.4897569417953491	0.4639214873313904	0.3733397126197815	0.4639214873313904	0.09058177471160889	0.2714204788208008	0.10357952117919922
best250_vs_u300	40104	252	regressed	252	208	0.2715076804161072	0.2762323021888733	0.2715076804161072	0.18120655417442322	-0.09030112624168396	0.07839584350585938	0.24749755859375
best250_vs_u300	23086	682	regressed	682	698	0.20217826962471008	0.1724403202533722	0.20217826962471008	0.11200303584337234	-0.09017523378133774	0.16222476959228516	0.170654296875
best250_vs_u300	34250	154	improved	230	154	0.2612115740776062	0.25767579674720764	0.16792771220207214	0.25767579674720764	0.0897480845451355	0.3139052391052246	0.30820274353027344
best250_vs_u300	39035	732	regressed	732	613	0.15932691097259521	0.1382095217704773	0.15932691097259521	0.06967848539352417	-0.08964842557907104	0.22918701171875	0.039066314697265625
best250_vs_u300	26499	334	improved	379	334	0.4166702926158905	0.42358869314193726	0.33425062894821167	0.42358869314193726	0.08933806419372559	0.22040414810180664	0.12334585189819336
best250_vs_u300	9379	133	improved	331	133	0.26313480734825134	0.32823246717453003	0.23905599117279053	0.32823246717453003	0.0891764760017395	0.09596872329711914	0.31028127670288086
best250_vs_u300	49777	351	regressed	351	352	0.3502707779407501	0.41386181116104126	0.3502707779407501	0.26115158200263977	-0.08911919593811035	0.03956890106201172	0.4604310989379883
best250_vs_u300	40790	249	regressed	249	250	0.3764110207557678	0.3392932713031769	0.3764110207557678	0.2877555787563324	-0.08865544199943542	0.30399656295776367	0.16475343704223633
best250_vs_u300	45508	634	improved	778	634	0.47258657217025757	0.4442336857318878	0.3558524549007416	0.4442336857318878	0.08838123083114624	0.2837047576904297	0.028795242309570312
best250_vs_u300	28329	457	improved	834	457	0.3699505627155304	0.4071270227432251	0.3190414309501648	0.4071270227432251	0.0880855917930603	0.14804840087890625	0.25820159912109375
best250_vs_u300	36251	889	improved	432	889	0.28431272506713867	0.318560391664505	0.23049108684062958	0.318560391664505	0.08806930482387543	0.17293548583984375	0.38388681411743164
best250_vs_u300	20335	521	improved	960	521	0.2981013059616089	0.3003216087818146	0.21251600980758667	0.3003216087818146	0.0878055989742279	0.33841609954833984	0.036583900451660156
best250_vs_u300	43033	59	improved	40	59	0.2959597706794739	0.2288583368062973	0.14157311618328094	0.2288583368062973	0.08728522062301636	0.14655447006225586	0.012592792510986328
best250_vs_u300	24188	335	improved	562	335	0.32368990778923035	0.31914055347442627	0.2318575233221054	0.31914055347442627	0.08728303015232086	0.3336629867553711	0.3538370132446289
best250_vs_u300	48580	609	improved	407	609	0.5286910533905029	0.45314913988113403	0.36592382192611694	0.45314913988113403	0.08722531795501709	0.3679790496826172	0.0070209503173828125
best250_vs_u300	38246	457	regressed	457	697	0.3894137740135193	0.33025068044662476	0.3894137740135193	0.3030189275741577	-0.08639484643936157	0.570192813873291	0.08605670928955078
best250_vs_u300	16372	653	improved	899	653	0.2111015021800995	0.2579633891582489	0.17189082503318787	0.2579633891582489	0.08607256412506104	0.20547962188720703	0.20077037811279297
best250_vs_u300	47952	382	improved	278	382	0.13181135058403015	0.19686831533908844	0.11145956814289093	0.19686831533908844	0.08540874719619751	0.1677098274230957	0.8947901725769043
best250_vs_u300	17545	870	improved	612	870	0.4408048987388611	0.4010360836982727	0.31573164463043213	0.4010360836982727	0.08530443906784058	0.333709716796875	0.135040283203125
best250_vs_u300	5228	147	regressed	147	51	0.35434165596961975	0.4292595088481903	0.35434165596961975	0.2690546214580536	-0.08528703451156616	0.0953526496887207	0.4671473503112793
best250_vs_u300	26883	831	improved	750	831	0.4856204688549042	0.4305226504802704	0.34578371047973633	0.4305226504802704	0.08473894000053406	0.3396139144897461	0.035386085510253906
best250_vs_u300	13526	537	improved	248	537	0.34686052799224854	0.40820837020874023	0.32421979308128357	0.40820837020874023	0.08398857712745667	0.06750106811523438	0.3387484550476074
best250_vs_u300	27886	361	regressed	361	208	0.17009353637695312	0.14099939167499542	0.17009353637695312	0.08684372901916504	-0.08324980735778809	0.42160463333129883	0.43264341354370117
best250_vs_u300	17975	870	improved	444	870	0.35281136631965637	0.38618364930152893	0.303137868642807	0.38618364930152893	0.08304578065872192	0.15174579620361328	0.3170042037963867
best250_vs_u300	25325	822	improved	112	822	0.3062550127506256	0.25165265798568726	0.16876499354839325	0.25165265798568726	0.082887664437294	0.5959110260009766	0.06033897399902344
best250_vs_u300	33923	186	improved	852	186	0.3916817903518677	0.40504443645477295	0.32245054841041565	0.40504443645477295	0.0825938880443573	0.19449996948242188	0.3680000305175781
best250_vs_u300	13061	709	regressed	709	529	0.35654380917549133	0.4563588798046112	0.35654380917549133	0.2743363678455353	-0.08220744132995605	0.022325992584228516	0.5089244842529297
best250_vs_u300	28139	166	regressed	166	162	0.37318041920661926	0.46525102853775024	0.37318041920661926	0.29118970036506653	-0.08199071884155273	0.03139781951904297	0.46860218048095703
best250_vs_u300	11158	184	improved	192	184	0.18986815214157104	0.24792508780956268	0.16620765626430511	0.24792508780956268	0.08171743154525757	0.13309192657470703	0.33565807342529297
best250_vs_u300	2843	517	regressed	517	536	0.35513806343078613	0.3609313666820526	0.35513806343078613	0.2735629975795746	-0.08157506585121155	0.09784412384033203	0.27715587615966797
best250_vs_u300	12927	526	regressed	526	745	0.19073614478111267	0.19089581072330475	0.19073614478111267	0.10928314924240112	-0.08145299553871155	0.3172144889831543	0.5577855110168457
best250_vs_u300	47530	283	improved	154	283	0.4629020392894745	0.4117359519004822	0.330312043428421	0.4117359519004822	0.08142390847206116	0.3374776840209961	0.1625218391418457
best250_vs_u300	49844	240	regressed	240	241	0.3302537202835083	0.3644678592681885	0.3302537202835083	0.2494688779115677	-0.08078484237194061	0.1208958625793457	0.3791041374206543
best250_vs_u300	14607	377	improved	380	377	0.2850669324398041	0.3139346241950989	0.23346279561519623	0.3139346241950989	0.08047182857990265	0.19970130920410156	0.08154869079589844
best250_vs_u300	13074	838	improved	631	838	0.39516371488571167	0.45664188265800476	0.3762441575527191	0.45664188265800476	0.08039772510528564	0.04906177520751953	0.26343822479248047
best250_vs_u300	41775	945	regressed	945	943	0.3392281234264374	0.3039368689060211	0.3392281234264374	0.25886622071266174	-0.08036190271377563	0.3082413673400879	0.1605086326599121
best250_vs_u300	35874	709	regressed	709	893	0.33326393365859985	0.3143596947193146	0.33326393365859985	0.2529493570327759	-0.08031457662582397	0.22015142440795898	0.21734857559204102
best250_vs_u300	10363	740	regressed	740	621	0.24511495232582092	0.24196796119213104	0.24511495232582092	0.16484014689922333	-0.0802748054265976	0.11617088317871094	0.38382911682128906
best250_vs_u300	6584	433	improved	842	433	0.3726809322834015	0.3273879289627075	0.24730907380580902	0.3273879289627075	0.0800788551568985	0.4100837707519531	0.15241622924804688
best250_vs_u300	36026	716	improved	552	716	0.5110651850700378	0.4534135162830353	0.3733741044998169	0.4534135162830353	0.08003941178321838	0.3139162063598633	0.06108379364013672
best250_vs_u300	12385	395	regressed	395	389	0.420311838388443	0.42377883195877075	0.420311838388443	0.3405384421348572	-0.07977339625358582	0.12506628036499023	0.21868371963500977
best250_vs_u300	13575	265	regressed	265	153	0.4182226061820984	0.38449037075042725	0.4182226061820984	0.33850547671318054	-0.07971712946891785	0.2476215362548828	0.1273784637451172
best250_vs_u300	20972	377	regressed	377	378	0.3117619752883911	0.3591649532318115	0.3117619752883911	0.23207375407218933	-0.07968822121620178	0.34452342987060547	0.43672657012939453
best250_vs_u300	37351	757	regressed	757	812	0.22246094048023224	0.23999004065990448	0.22246094048023224	0.14388900995254517	-0.07857193052768707	0.14469480514526367	0.5115551948547363
best250_vs_u300	17513	635	regressed	635	426	0.48885950446128845	0.4236193299293518	0.48885950446128845	0.41037648916244507	-0.07848301529884338	0.28073978424072266	0.031760215759277344
best250_vs_u300	42374	798	improved	426	798	0.35205644369125366	0.2973315417766571	0.21907828748226166	0.2973315417766571	0.07825325429439545	0.4743623733520508	0.08813762664794922
best250_vs_u300	22773	208	improved	207	208	0.15624316036701202	0.21980956196784973	0.1415717899799347	0.21980956196784973	0.07823777198791504	0.09860658645629883	0.37014341354370117
best250_vs_u300	4364	150	improved	34	150	0.17757798731327057	0.24288447201251984	0.1651492416858673	0.24288447201251984	0.07773523032665253	0.07256031036376953	0.42743968963623047
best250_vs_u300	44878	723	improved	795	723	0.3378908932209015	0.2582172751426697	0.1814270317554474	0.2582172751426697	0.07679024338722229	0.6218695640563965	0.034380435943603516
best250_vs_u300	24205	523	regressed	523	723	0.2503347396850586	0.3406548500061035	0.2503347396850586	0.1737285703420639	-0.07660616934299469	0.045374393463134766	0.6733756065368652
best250_vs_u300	5355	895	improved	908	895	0.3085950016975403	0.3104373514652252	0.23390506207942963	0.3104373514652252	0.0765322893857956	0.2771143913269043	0.1291356086730957
best250_vs_u300	21875	43	improved	39	43	0.3563919961452484	0.3493925631046295	0.2741794288158417	0.3493925631046295	0.07521313428878784	0.26224851608276367	0.20650148391723633
best250_vs_u300	2440	128	regressed	128	136	0.3316224217414856	0.26758089661598206	0.3316224217414856	0.2564363479614258	-0.07518607378005981	0.26995849609375	0.04254150390625
best250_vs_u300	41443	697	regressed	697	775	0.30703020095825195	0.2897516191005707	0.30703020095825195	0.23219743371009827	-0.07483276724815369	0.1848139762878418	0.2214360237121582
best250_vs_u300	2923	827	improved	588	827	0.2727663516998291	0.30869609117507935	0.23397241532802582	0.30869609117507935	0.07472367584705353	0.1534123420715332	0.0965876579284668
best250_vs_u300	33823	707	regressed	707	877	0.3429737389087677	0.28779223561286926	0.3429737389087677	0.26841869950294495	-0.07455503940582275	0.4615592956542969	0.06969070434570312
best250_vs_u300	5536	211	improved	180	211	0.34678444266319275	0.39486974477767944	0.32033878564834595	0.39486974477767944	0.0745309591293335	0.07932424545288086	0.26442575454711914
best250_vs_u300	45729	186	improved	185	186	0.40918847918510437	0.4511377215385437	0.37685805559158325	0.4511377215385437	0.07427966594696045	0.08230733871459961	0.3239426612854004
best250_vs_u300	49259	513	improved	650	513	0.3328453302383423	0.4054437279701233	0.33135172724723816	0.4054437279701233	0.07409200072288513	0.004497528076171875	0.2767524719238281
best250_vs_u300	48471	424	regressed	424	423	0.46278706192970276	0.44350725412368774	0.46278706192970276	0.38900479674339294	-0.07378226518630981	0.3063774108886719	0.13112258911132812
best250_vs_u300	48371	798	regressed	798	893	0.16958390176296234	0.1486329883337021	0.16958390176296234	0.09630301594734192	-0.07328088581562042	0.3876781463623047	0.16540861129760742
best250_vs_u300	18083	194	improved	200	194	0.39503827691078186	0.4002446234226227	0.3269823491573334	0.4002446234226227	0.0732622742652893	0.18907642364501953	0.15467357635498047
best250_vs_u300	22751	325	improved	324	325	0.3833460509777069	0.4018089175224304	0.3286518156528473	0.4018089175224304	0.07315710186958313	0.15393924713134766	0.15856075286865234
best250_vs_u300	26646	814	regressed	814	450	0.4331474006175995	0.41848820447921753	0.4331474006175995	0.360188364982605	-0.0729590356349945	0.2874784469604492	0.15002155303955078
best250_vs_u300	34785	120	regressed	120	119	0.34448906779289246	0.3245731294155121	0.34448906779289246	0.2716434597969055	-0.07284560799598694	0.3219795227050781	0.17802047729492188
best250_vs_u300	23261	363	regressed	363	103	0.20581048727035522	0.16942821443080902	0.20581048727035522	0.1331108957529068	-0.07269959151744843	0.5400032997131348	0.24124670028686523
best250_vs_u300	11635	794	regressed	794	905	0.2476092427968979	0.24219894409179688	0.2476092427968979	0.17500248551368713	-0.07260675728321075	0.30004072189331055	0.32495927810668945
best250_vs_u300	32544	932	improved	923	932	0.3596169054508209	0.42498305439949036	0.3528621196746826	0.42498305439949036	0.07212093472480774	0.01896190643310547	0.35603809356689453
best250_vs_u300	9080	588	regressed	588	790	0.5132270455360413	0.45925256609916687	0.5132270455360413	0.4413624405860901	-0.07186460494995117	0.27276611328125	0.03973388671875
best250_vs_u300	44361	214	regressed	214	212	0.31229904294013977	0.24407528340816498	0.31229904294013977	0.24051044881343842	-0.07178859412670135	0.2977867126464844	0.014713287353515625
best250_vs_u300	39950	162	improved	161	162	0.30517563223838806	0.24669155478477478	0.1749718338251114	0.24669155478477478	0.07171972095966339	0.5562624931335449	0.03748750686645508
best250_vs_u300	24207	686	regressed	686	740	0.20343075692653656	0.17049966752529144	0.20343075692653656	0.13171643018722534	-0.07171432673931122	0.42941808700561523	0.25808191299438477
best250_vs_u300	13505	964	regressed	964	930	0.46335485577583313	0.4733995199203491	0.46335485577583313	0.3917059302330017	-0.07164892554283142	0.06057167053222656	0.18942832946777344
best250_vs_u300	28412	197	regressed	197	205	0.3247949481010437	0.33019885420799255	0.3247949481010437	0.253598153591156	-0.0711967945098877	0.20480585098266602	0.263944149017334
best250_vs_u300	13900	206	improved	267	206	0.4176804721355438	0.3766138255596161	0.3054201602935791	0.3766138255596161	0.07119366526603699	0.31302833557128906	0.06197166442871094
best250_vs_u300	3919	501	improved	689	501	0.2948397099971771	0.2651979327201843	0.1940111666917801	0.2651979327201843	0.07118676602840424	0.04523134231567383	0.11273384094238281
best250_vs_u300	28424	845	regressed	845	720	0.38481104373931885	0.4301462769508362	0.38481104373931885	0.31401267647743225	-0.0707983672618866	0.060307979583740234	0.31469202041625977
best250_vs_u300	45277	395	improved	58	395	0.20667022466659546	0.21524262428283691	0.14468741416931152	0.21524262428283691	0.07055521011352539	0.2119007110595703	0.14345121383666992
best250_vs_u300	16230	799	regressed	799	519	0.32205039262771606	0.25773686170578003	0.32205039262771606	0.251761257648468	-0.07028913497924805	0.6165070533752441	0.023458003997802734
best250_vs_u300	38359	663	improved	698	663	0.4176638424396515	0.3849068582057953	0.3148193061351776	0.3849068582057953	0.07008755207061768	0.28267812728881836	0.09232234954833984
best250_vs_u300	46030	78	improved	76	78	0.18476900458335876	0.20958098769187927	0.13953076303005219	0.20958098769187927	0.07005022466182709	0.12633228302001953	0.34551095962524414
best250_vs_u300	48582	110	improved	115	110	0.4520350694656372	0.486971378326416	0.41718947887420654	0.486971378326416	0.06978189945220947	0.08021926879882812	0.23228073120117188
best250_vs_u300	3430	459	improved	419	459	0.28195029497146606	0.3004031479358673	0.23089207708835602	0.3004031479358673	0.06951107084751129	0.19978046417236328	0.6439695358276367
best250_vs_u300	2688	868	improved	519	868	0.22336451709270477	0.19521109759807587	0.12610752880573273	0.19521109759807587	0.06910356879234314	0.5716700553894043	0.1783299446105957
best250_vs_u300	5548	834	improved	655	834	0.346670001745224	0.3406088650226593	0.2716643810272217	0.3406088650226593	0.06894448399543762	0.2438058853149414	0.1311941146850586
best250_vs_u300	17939	857	improved	406	857	0.3072130084037781	0.3373488485813141	0.268500953912735	0.3373488485813141	0.0688478946685791	0.13468694686889648	0.17781305313110352
best250_vs_u300	42769	310	regressed	310	76	0.2313554435968399	0.22515179216861725	0.2313554435968399	0.16256599128246307	-0.06878945231437683	0.29930925369262695	0.32569074630737305
best250_vs_u300	20607	509	regressed	509	860	0.30399423837661743	0.28069502115249634	0.30399423837661743	0.23521456122398376	-0.06877967715263367	0.2919793128967285	0.17677068710327148
best250_vs_u300	32304	465	regressed	465	796	0.37007805705070496	0.37594202160835266	0.37007805705070496	0.301543265581131	-0.06853479146957397	0.06072854995727539	0.2205214500427246
best250_vs_u300	3852	784	regressed	784	760	0.18465667963027954	0.22174519300460815	0.18465667963027954	0.11623814702033997	-0.06841853260993958	0.01036214828491211	0.6458878517150879
best250_vs_u300	49402	407	regressed	407	734	0.45691969990730286	0.500777006149292	0.45691969990730286	0.3891688287258148	-0.06775087118148804	0.060352325439453125	0.2521476745605469
best250_vs_u300	5050	812	regressed	812	657	0.3984147906303406	0.3398929834365845	0.3984147906303406	0.3308057188987732	-0.06760907173156738	0.316650390625	0.027099609375
best250_vs_u300	43697	99	regressed	99	137	0.22715185582637787	0.18148279190063477	0.22715185582637787	0.1597343385219574	-0.06741751730442047	0.21610116958618164	0.12764883041381836
best250_vs_u300	28193	379	improved	365	379	0.33592525124549866	0.3879958987236023	0.32072192430496216	0.3879958987236023	0.06727397441864014	0.046314239501953125	0.20368576049804688
best250_vs_u300	38929	523	improved	882	523	0.3085923194885254	0.33434420824050903	0.2680334746837616	0.33434420824050903	0.06631073355674744	0.14090919494628906	0.35909080505371094
best250_vs_u300	2447	299	improved	298	299	0.417665958404541	0.4031413197517395	0.33720844984054565	0.4031413197517395	0.06593286991119385	0.21398067474365234	0.12976932525634766
best250_vs_u300	18264	639	regressed	639	638	0.46274518966674805	0.5328201651573181	0.46274518966674805	0.39695537090301514	-0.06578981876373291	0.01813983917236328	0.2943601608276367
best250_vs_u300	15031	634	improved	488	634	0.24673424661159515	0.213827446103096	0.14856356382369995	0.213827446103096	0.06526388227939606	0.5072989463806152	0.023951053619384766
best250_vs_u300	39303	354	improved	880	354	0.2547508776187897	0.3173782229423523	0.25226253271102905	0.3173782229423523	0.06511569023132324	0.009815692901611328	0.20893430709838867
best250_vs_u300	42912	666	regressed	666	463	0.2676585018634796	0.2194433957338333	0.2676585018634796	0.20279282331466675	-0.06486567854881287	0.10859060287475586	0.07890939712524414
best250_vs_u300	48936	200	improved	204	200	0.46520766615867615	0.43023762106895447	0.36539754271507263	0.43023762106895447	0.06484007835388184	0.24149799346923828	0.07100200653076172
best250_vs_u300	26720	657	regressed	657	812	0.2752639055252075	0.307860404253006	0.2752639055252075	0.21071280539035797	-0.06455110013484955	0.183349609375	0.379150390625
best250_vs_u300	49791	592	improved	534	592	0.13671673834323883	0.19772231578826904	0.13348864018917084	0.19772231578826904	0.0642336755990982	0.023894786834716797	0.4383230209350586
best250_vs_u300	37998	199	improved	224	199	0.12297624349594116	0.14115184545516968	0.07701541483402252	0.14115184545516968	0.06413643062114716	0.2843441963195801	0.09451436996459961
best250_vs_u300	38467	794	regressed	794	648	0.18907204270362854	0.19991329312324524	0.18907204270362854	0.12496701627969742	-0.06410502642393112	0.3739161491394043	0.4698338508605957
best250_vs_u300	41479	666	regressed	666	502	0.38793352246284485	0.4864388108253479	0.38793352246284485	0.3238565921783447	-0.06407693028450012	0.06193971633911133	0.40681028366088867
best250_vs_u300	6199	855	improved	419	855	0.20014800131320953	0.22089530527591705	0.15684504806995392	0.22089530527591705	0.06405025720596313	0.24379873275756836	0.44370126724243164
best250_vs_u300	22072	742	improved	745	742	0.2655407786369324	0.23760439455509186	0.17364861071109772	0.23760439455509186	0.06395578384399414	0.42473459243774414	0.20026540756225586
best250_vs_u300	31314	819	improved	638	819	0.3992692828178406	0.3751055896282196	0.31141820549964905	0.3751055896282196	0.06368738412857056	0.24849939346313477	0.15775060653686523
best250_vs_u300	29750	170	improved	876	170	0.3675263524055481	0.29708313941955566	0.23345081508159637	0.29708313941955566	0.06363232433795929	0.4538235664367676	0.13992643356323242
best250_vs_u300	7571	288	improved	290	288	0.4750460386276245	0.436653733253479	0.37313345074653625	0.436653733253479	0.06352028250694275	0.24147558212280273	0.07102394104003906
best250_vs_u300	32833	355	improved	9	355	0.37880244851112366	0.40135329961776733	0.33785662055015564	0.40135329961776733	0.0634966790676117	0.11439323425292969	0.4168567657470703
best250_vs_u300	49922	794	improved	578	794	0.22858503460884094	0.2403271645307541	0.17727786302566528	0.2403271645307541	0.0630493015050888	0.25418996810913086	0.30831003189086914
best250_vs_u300	24944	259	regressed	259	151	0.3839704990386963	0.44064879417419434	0.3839704990386963	0.3211210370063782	-0.06284946203231812	0.027319908142089844	0.31643009185791016
best250_vs_u300	13738	517	improved	733	517	0.22375963628292084	0.22133535146713257	0.158588245511055	0.22133535146713257	0.06274710595607758	0.34426116943359375	0.12448883056640625
best250_vs_u300	22011	618	improved	596	618	0.22056536376476288	0.1885233372449875	0.1258038580417633	0.1885233372449875	0.06271947920322418	0.5614700317382812	0.03227996826171875
best250_vs_u300	41755	843	regressed	843	488	0.44543081521987915	0.45982280373573303	0.44543081521987915	0.3831348717212677	-0.06229594349861145	0.13004589080810547	0.18245410919189453
best250_vs_u300	8868	66	improved	68	66	0.44968685507774353	0.47891542315483093	0.41680842638015747	0.47891542315483093	0.06210699677467346	0.07592487335205078	0.17407512664794922
best250_vs_u300	26512	928	regressed	928	960	0.5019000768661499	0.44318538904190063	0.5019000768661499	0.43988037109375	-0.0620197057723999	0.24251461029052734	0.007485389709472656
best250_vs_u300	39894	550	regressed	550	534	0.3509526550769806	0.42991340160369873	0.3509526550769806	0.28894901275634766	-0.062003642320632935	0.008916378021240234	0.39733362197875977
best250_vs_u300	4516	44	regressed	44	41	0.37157490849494934	0.34595397114753723	0.37157490849494934	0.3096464276313782	-0.06192848086357117	0.48287534713745117	0.11087465286254883
best250_vs_u300	10988	124	improved	125	124	0.2667312026023865	0.2978396713733673	0.23607569932937622	0.2978396713733673	0.06176397204399109	0.12208890914916992	0.4404110908508301
best250_vs_u300	44292	747	regressed	747	560	0.23355235159397125	0.2607657015323639	0.23355235159397125	0.17233827710151672	-0.06121407449245453	0.14833688735961914	0.41416311264038086
best250_vs_u300	23560	717	regressed	717	864	0.33348923921585083	0.3757461607456207	0.33348923921585083	0.2723890244960785	-0.06110021471977234	0.05331754684448242	0.3216824531555176
best250_vs_u300	32744	674	improved	830	674	0.08200719952583313	0.11822732537984848	0.057197559624910355	0.11822732537984848	0.061029765754938126	0.04359102249145508	0.30829524993896484
best250_vs_u300	11774	807	regressed	807	449	0.2692530155181885	0.22733986377716064	0.2692530155181885	0.2082744836807251	-0.06097853183746338	0.7249107360839844	0.08758926391601562
best250_vs_u300	15442	818	improved	619	818	0.5104070901870728	0.5023099780082703	0.44194892048835754	0.5023099780082703	0.06036105751991272	0.1440143585205078	0.10598564147949219
best250_vs_u300	45635	341	regressed	341	342	0.4606747627258301	0.48492348194122314	0.4606747627258301	0.4003674387931824	-0.060307323932647705	0.058391571044921875	0.19160842895507812
best250_vs_u300	13754	849	improved	899	849	0.3017546832561493	0.3233967125415802	0.2635630965232849	0.3233967125415802	0.05983361601829529	0.13532161712646484	0.23967838287353516
best250_vs_u300	15511	837	improved	523	837	0.31633976101875305	0.30495578050613403	0.24517111480236053	0.30495578050613403	0.0597846657037735	0.25486040115356445	0.49513959884643555
best250_vs_u300	39690	735	improved	911	735	0.3923783600330353	0.38570234179496765	0.32609179615974426	0.38570234179496765	0.05961054563522339	0.18504762649536133	0.15870237350463867
best250_vs_u300	6643	165	regressed	165	236	0.2833075523376465	0.2844739258289337	0.2833075523376465	0.22398589551448822	-0.059321656823158264	0.042191505432128906	0.2390584945678711
best250_vs_u300	14754	549	regressed	549	922	0.3159157633781433	0.3631652891635895	0.3159157633781433	0.2567004859447479	-0.059215277433395386	0.24680185317993164	0.34694814682006836
best250_vs_u300	44606	894	improved	799	894	0.4107787311077118	0.32190683484077454	0.26272380352020264	0.32190683484077454	0.0591830313205719	0.44695138931274414	0.02179861068725586
best250_vs_u300	37904	908	regressed	908	895	0.3475569784641266	0.32820969820022583	0.3475569784641266	0.2884487807750702	-0.059108197689056396	0.23514890670776367	0.1291351318359375
best250_vs_u300	20268	315	regressed	315	313	0.2345636487007141	0.2382502406835556	0.2345636487007141	0.17556250095367432	-0.059001147747039795	0.1321735382080078	0.3053264617919922
best250_vs_u300	30156	544	regressed	544	521	0.3351060152053833	0.3321433961391449	0.3351060152053833	0.276161789894104	-0.0589442253112793	0.25292015075683594	0.18457984924316406
best250_vs_u300	42975	824	improved	474	824	0.3379751741886139	0.25355207920074463	0.194634348154068	0.25355207920074463	0.058917731046676636	0.49356842041015625	0.0419001579284668
best250_vs_u300	26597	623	regressed	623	777	0.30260080099105835	0.38825565576553345	0.30260080099105835	0.24388685822486877	-0.058713942766189575	0.09754037857055664	0.46495962142944336
best250_vs_u300	2255	831	improved	598	831	0.24939267337322235	0.24335049092769623	0.18472851812839508	0.24335049092769623	0.05862197279930115	0.3001413345336914	0.043608665466308594
best250_vs_u300	4324	848	improved	481	848	0.34820106625556946	0.30979621410369873	0.2515198290348053	0.30979621410369873	0.05827638506889343	0.2822866439819336	0.01952838897705078
best250_vs_u300	45780	631	improved	838	631	0.4616146385669708	0.5137270092964172	0.45545288920402527	0.5137270092964172	0.05827412009239197	0.013438224792480469	0.23656177520751953
best250_vs_u300	10319	18	improved	97	18	0.19932711124420166	0.23800110816955566	0.17990805208683014	0.23800110816955566	0.058093056082725525	0.10250139236450195	0.47484302520751953
best250_vs_u300	18071	278	improved	277	278	0.437648206949234	0.43086549639701843	0.3730359971523285	0.43086549639701843	0.05782949924468994	0.15974044799804688	0.12150955200195312
best250_vs_u300	27442	720	regressed	720	838	0.3719111680984497	0.38757503032684326	0.3719111680984497	0.3143806755542755	-0.057530492544174194	0.1969451904296875	0.2093048095703125
best250_vs_u300	31096	54	regressed	54	63	0.2581165134906769	0.24853184819221497	0.2581165134906769	0.20061758160591125	-0.057498931884765625	0.1295795440673828	0.2141704559326172
best250_vs_u300	15615	246	improved	178	246	0.4037722647190094	0.3850537836551666	0.32761260867118835	0.3850537836551666	0.05744117498397827	0.20901918411254883	0.16598081588745117
best250_vs_u300	14725	208	improved	207	208	0.4186163544654846	0.4135684072971344	0.3563266098499298	0.4135684072971344	0.05724179744720459	0.16110706329345703	0.02639293670654297
best250_vs_u300	7605	653	improved	505	653	0.22552961111068726	0.2726783752441406	0.2155003696680069	0.2726783752441406	0.05717800557613373	0.045488834381103516	0.3607611656188965
best250_vs_u300	45211	892	regressed	892	549	0.1782379150390625	0.20736081898212433	0.1782379150390625	0.12111794948577881	-0.05711996555328369	0.02480459213256836	0.5376954078674316
best250_vs_u300	2090	903	improved	459	903	0.367977499961853	0.31579530239105225	0.25883710384368896	0.31579530239105225	0.05695819854736328	0.3518228530883789	0.1794271469116211
best250_vs_u300	47603	110	improved	52	110	0.36187684535980225	0.3778792917728424	0.3216008245944977	0.3778792917728424	0.05627846717834473	0.11799287796020508	0.4132571220397949
best250_vs_u300	23928	623	improved	813	623	0.33300697803497314	0.3385070562362671	0.2822554409503937	0.3385070562362671	0.05625161528587341	0.16535091400146484	0.11589908599853516
best250_vs_u300	6897	741	improved	539	741	0.37426596879959106	0.3592609167098999	0.30306556820869446	0.3592609167098999	0.056195348501205444	0.21101760864257812	0.19523239135742188
best250_vs_u300	42971	431	regressed	431	797	0.13840685784816742	0.16030536592006683	0.13840685784816742	0.08277550339698792	-0.055631354451179504	0.3078017234802246	0.6609482765197754
best250_vs_u300	48497	233	regressed	233	197	0.2593211829662323	0.33173125982284546	0.2593211829662323	0.20384542644023895	-0.05547575652599335	0.04428672790527344	0.48696327209472656
best250_vs_u300	48081	667	improved	446	667	0.22218389809131622	0.22343432903289795	0.16829271614551544	0.22343432903289795	0.05514161288738251	0.2778005599975586	0.034699440002441406
best250_vs_u300	46018	792	improved	596	792	0.329497367143631	0.3390405476093292	0.2839401960372925	0.3390405476093292	0.05510035157203674	0.1488046646118164	0.038695335388183594
best250_vs_u300	41203	786	improved	776	786	0.13421586155891418	0.10242200642824173	0.04745522141456604	0.10242200642824173	0.05496678501367569	0.2604207992553711	0.12700796127319336
best250_vs_u300	24847	767	regressed	767	418	0.3987153172492981	0.36610448360443115	0.3987153172492981	0.34384334087371826	-0.054871976375579834	0.3122673034667969	0.06273269653320312
best250_vs_u300	20100	219	regressed	219	217	0.3134883940219879	0.3640015423297882	0.3134883940219879	0.25863999128341675	-0.05484840273857117	0.0332789421081543	0.3417210578918457
best250_vs_u300	10985	507	improved	681	507	0.23322653770446777	0.25073838233947754	0.19592416286468506	0.25073838233947754	0.05481421947479248	0.17428255081176758	0.4507174491882324
best250_vs_u300	8987	155	improved	204	155	0.3859892189502716	0.3954569399356842	0.3409074544906616	0.3954569399356842	0.05454948544502258	0.12419843673706055	0.12580156326293945
best250_vs_u300	48067	586	regressed	586	847	0.4345565736293793	0.3893989324569702	0.4345565736293793	0.3804062604904175	-0.05415031313896179	0.3516354560852051	0.023364543914794922
best250_vs_u300	44375	949	improved	990	949	0.1767677366733551	0.18375730514526367	0.12991724908351898	0.18375730514526367	0.05384005606174469	0.3079390525817871	0.1608109474182129
best250_vs_u300	46457	509	regressed	509	582	0.3952242434024811	0.39960891008377075	0.3952242434024811	0.34147098660469055	-0.05375325679779053	0.09277629852294922	0.15722370147705078
best250_vs_u300	16258	272	improved	273	272	0.3362237215042114	0.31687477231025696	0.26330190896987915	0.31687477231025696	0.05357286334037781	0.2444753646850586	0.0680246353149414
best250_vs_u300	19646	30	regressed	30	32	0.3317071795463562	0.3615027666091919	0.3317071795463562	0.27850988507270813	-0.05319729447364807	0.051683902740478516	0.2608160972595215
best250_vs_u300	1661	689	improved	578	689	0.4528201222419739	0.5051050186157227	0.45199480652809143	0.5051050186157227	0.053110212087631226	0.0018243789672851562	0.31067562103271484
best250_vs_u300	47461	930	improved	941	930	0.22323864698410034	0.22321376204490662	0.17030273377895355	0.22321376204490662	0.052911028265953064	0.2706637382507324	0.10433626174926758
best250_vs_u300	20893	747	improved	882	747	0.1380503922700882	0.17963378131389618	0.12683835625648499	0.17963378131389618	0.052795425057411194	0.08470535278320312	0.19654464721679688
best250_vs_u300	2126	359	regressed	359	454	0.12850713729858398	0.12152598053216934	0.12850713729858398	0.07584364712238312	-0.05266349017620087	0.027771472930908203	0.030475616455078125
best250_vs_u300	3585	454	improved	457	454	0.1852555274963379	0.23490482568740845	0.1822482943534851	0.23490482568740845	0.05265653133392334	0.016366004943847656	0.13988399505615234
best250_vs_u300	10294	441	improved	737	441	0.4090208113193512	0.4565281867980957	0.4043305814266205	0.4565281867980957	0.05219760537147522	0.011533260345458984	0.300966739654541
best250_vs_u300	35420	133	regressed	133	7	0.128175750374794	0.15720008313655853	0.128175750374794	0.07614349573850632	-0.05203225463628769	0.0563502311706543	0.4528975486755371
best250_vs_u300	32468	567	improved	909	567	0.3454441726207733	0.36999866366386414	0.3180128037929535	0.36999866366386414	0.051985859870910645	0.08273935317993164	0.19851064682006836
best250_vs_u300	35274	889	improved	486	889	0.5237221717834473	0.47023075819015503	0.4184402525424957	0.47023075819015503	0.0517905056476593	0.2244272232055664	0.025572776794433594
best250_vs_u300	16602	473	regressed	473	778	0.2602168619632721	0.2175339162349701	0.2602168619632721	0.20843103528022766	-0.051785826683044434	0.20725345611572266	0.004525184631347656
best250_vs_u300	37526	124	improved	118	124	0.33122462034225464	0.3661484122276306	0.3144935369491577	0.3661484122276306	0.0516548752784729	0.051833152770996094	0.1981668472290039
best250_vs_u300	22014	924	regressed	924	933	0.35504046082496643	0.3085441589355469	0.35504046082496643	0.3034008741378784	-0.05163958668708801	0.6081900596618652	0.016809940338134766
best250_vs_u300	24005	845	regressed	845	674	0.2441343367099762	0.21161317825317383	0.2441343367099762	0.19251473248004913	-0.05161960422992706	0.3741626739501953	0.09458732604980469
best250_vs_u300	33579	787	improved	643	787	0.19157780706882477	0.2047782838344574	0.15340562164783478	0.2047782838344574	0.05137266218662262	0.22220849990844727	0.34029150009155273
best250_vs_u300	39824	272	regressed	272	269	0.25654536485671997	0.22930088639259338	0.25654536485671997	0.20546266436576843	-0.05108270049095154	0.1089792251586914	0.1097707748413086
best250_vs_u300	2237	652	regressed	652	715	0.41823479533195496	0.4268740117549896	0.41823479533195496	0.36732974648475647	-0.050905048847198486	0.13102102279663086	0.15022897720336914
best250_vs_u300	332	809	regressed	809	928	0.21282818913459778	0.18146075308322906	0.21282818913459778	0.16200412809848785	-0.050824061036109924	0.3240823745727539	0.1134176254272461
best250_vs_u300	48734	683	regressed	683	432	0.5143400430679321	0.492231547832489	0.5143400430679321	0.4636792242527008	-0.05066081881523132	0.19024372100830078	0.05975627899169922
best250_vs_u300	13978	987	regressed	987	962	0.20067691802978516	0.18000133335590363	0.20067691802978516	0.1500348001718521	-0.050642117857933044	0.1304030418395996	0.07038354873657227
best250_vs_u300	29207	423	improved	424	423	0.529878556728363	0.46575701236724854	0.4152042269706726	0.46575701236724854	0.05055278539657593	0.24387741088867188	0.006122589111328125
best250_vs_u300	40245	164	improved	166	164	0.2673129439353943	0.2887803316116333	0.2382708191871643	0.2887803316116333	0.050509512424468994	0.11501216888427734	0.19748783111572266
best250_vs_u300	39608	509	improved	692	509	0.3836449086666107	0.43389663100242615	0.38355550169944763	0.43389663100242615	0.050341129302978516	0.00023317337036132812	0.2810173034667969
best250_vs_u300	17273	265	regressed	265	266	0.4642832279205322	0.45154207944869995	0.4642832279205322	0.41407546401023865	-0.05020776391029358	0.10087966918945312	0.08662033081054688
best250_vs_u300	1544	422	regressed	422	543	0.332319974899292	0.2834727168083191	0.332319974899292	0.28212881088256836	-0.05019116401672363	0.15149784088134766	0.004752159118652344
best250_vs_u300	42302	813	improved	567	813	0.4362841546535492	0.43859535455703735	0.3888259828090668	0.43859535455703735	0.04976937174797058	0.11516189575195312	0.13483810424804688
best250_vs_u300	37676	856	regressed	856	866	0.44745713472366333	0.4615432322025299	0.44745713472366333	0.39776134490966797	-0.04969578981399536	0.10127639770507812	0.14872360229492188
best250_vs_u300	5941	667	regressed	667	457	0.35383880138397217	0.3558555245399475	0.35383880138397217	0.304372102022171	-0.04946669936180115	0.31247615814208984	0.15627384185791016
best250_vs_u300	31820	180	improved	179	180	0.47552698850631714	0.45671963691711426	0.4072975814342499	0.45671963691711426	0.04942205548286438	0.15487957000732422	0.03262042999267578
best250_vs_u300	10724	240	improved	241	240	0.37804606556892395	0.3921377658843994	0.34280505776405334	0.3921377658843994	0.04933270812034607	0.0978541374206543	0.027146339416503906
best250_vs_u300	39677	409	regressed	409	844	0.15942850708961487	0.15958808362483978	0.15942850708961487	0.11016835272312164	-0.049260154366493225	0.004413604736328125	0.3705863952636719
best250_vs_u300	29654	748	improved	893	748	0.4064578413963318	0.4105686843395233	0.36138322949409485	0.4105686843395233	0.04918545484542847	0.11754131317138672	0.007458686828613281
best250_vs_u300	42018	655	regressed	655	836	0.12623284757137299	0.08087743818759918	0.12623284757137299	0.0770619660615921	-0.049170881509780884	0.4516749382019043	0.0483250617980957
best250_vs_u300	8461	890	improved	852	890	0.13740092515945435	0.1505407840013504	0.10153643041849136	0.1505407840013504	0.04900435358285904	0.30248546600341797	0.10376453399658203
best250_vs_u300	28240	422	regressed	422	543	0.479080468416214	0.44608932733535767	0.479080468416214	0.4303148090839386	-0.04876565933227539	0.18274784088134766	0.036002159118652344
best250_vs_u300	21363	842	regressed	842	472	0.0983802080154419	0.08245475590229034	0.0983802080154419	0.04976965859532356	-0.04861054942011833	0.40140581130981445	0.43775510787963867
best250_vs_u300	29133	187	improved	201	187	0.21183344721794128	0.22661569714546204	0.17844834923744202	0.22661569714546204	0.04816734790802002	0.037714481353759766	0.01599884033203125
best250_vs_u300	5842	779	improved	874	779	0.29837894439697266	0.23822344839572906	0.19007396697998047	0.23822344839572906	0.048149481415748596	0.45095109939575195	0.11154890060424805
best250_vs_u300	13018	294	regressed	294	295	0.39437711238861084	0.40456622838974	0.39437711238861084	0.34626469016075134	-0.0481124222278595	0.06313800811767578	0.15561199188232422
best250_vs_u300	20707	738	regressed	738	949	0.4734845757484436	0.49817195534706116	0.4734845757484436	0.4256497025489807	-0.04783487319946289	0.03017139434814453	0.15732860565185547
best250_vs_u300	33423	185	regressed	185	186	0.4383590817451477	0.44768664240837097	0.4383590817451477	0.39058688282966614	-0.04777219891548157	0.1448068618774414	0.1364431381225586
best250_vs_u300	35707	378	improved	381	378	0.34984609484672546	0.34530478715896606	0.2975431978702545	0.34530478715896606	0.04776158928871155	0.16193389892578125	0.02556610107421875
best250_vs_u300	14871	774	improved	423	774	0.2737122178077698	0.2620472311973572	0.21430151164531708	0.2620472311973572	0.0477457195520401	0.24469327926635742	0.005306720733642578
best250_vs_u300	9162	367	improved	366	367	0.441611111164093	0.43680518865585327	0.3890843093395233	0.43680518865585327	0.047720879316329956	0.1266336441040039	0.0921163558959961
best250_vs_u300	13063	799	regressed	799	894	0.4643896222114563	0.46786248683929443	0.4643896222114563	0.4168078601360321	-0.047581762075424194	0.13445091247558594	0.11554908752441406
best250_vs_u300	38394	165	regressed	165	234	0.2610834836959839	0.23314574360847473	0.2610834836959839	0.2136169821023941	-0.04746650159358978	0.6000208854675293	0.0874791145324707
best250_vs_u300	22408	813	regressed	813	696	0.27395904064178467	0.2737620174884796	0.27395904064178467	0.22660091519355774	-0.04735812544822693	0.18593120574951172	0.18906879425048828
best250_vs_u300	41248	118	improved	119	118	0.3486520051956177	0.3876495063304901	0.340460866689682	0.3876495063304901	0.047188639640808105	0.023774147033691406	0.1637258529663086
best250_vs_u300	25382	442	improved	497	442	0.4471132457256317	0.44988977909088135	0.40274226665496826	0.44988977909088135	0.047147512435913086	0.10451507568359375	0.08298492431640625
best250_vs_u300	45500	667	improved	400	667	0.2878105044364929	0.23266984522342682	0.2797809839248657	0.23266984522342682	-0.047111138701438904	0.028295040130615234	0.09670495986938477
best250_vs_u300	3182	370	regressed	370	372	0.4252973794937134	0.3804642856121063	0.4252973794937134	0.3782687485218048	-0.04702863097190857	0.30671262741088867	0.005787372589111328
best250_vs_u300	1000	737	improved	711	737	0.13349264860153198	0.14748992025852203	0.10096514970064163	0.14748992025852203	0.0465247705578804	0.27927112579345703	0.28322887420654297
best250_vs_u300	24413	335	improved	371	335	0.19503748416900635	0.16014164686203003	0.11367590725421906	0.16014164686203003	0.046465739607810974	0.5398402214050293	0.1476597785949707
best250_vs_u300	8487	969	improved	784	969	0.12011144310235977	0.16279076039791107	0.1165141835808754	0.16279076039791107	0.046276576817035675	0.030406951904296875	0.9322972297668457
best250_vs_u300	8241	659	improved	809	659	0.22956041991710663	0.27237626910209656	0.22623151540756226	0.27237626910209656	0.0461447536945343	0.014607429504394531	0.04789257049560547
best250_vs_u300	29755	970	improved	802	970	0.2936684191226959	0.290859580039978	0.2447543889284134	0.290859580039978	0.046105191111564636	0.18219614028930664	0.25530385971069336
best250_vs_u300	8863	633	improved	513	633	0.33866947889328003	0.361400306224823	0.31538113951683044	0.361400306224823	0.046019166707992554	0.0712428092956543	0.1475071907043457
best250_vs_u300	2220	272	regressed	272	271	0.3444612920284271	0.3886946141719818	0.3444612920284271	0.2987724840641022	-0.04568880796432495	0.018138408660888672	0.26311159133911133
best250_vs_u300	14399	386	regressed	386	101	0.44500723481178284	0.4364309012889862	0.44500723481178284	0.39947760105133057	-0.04552963376045227	0.1615276336669922	0.08847236633300781
best250_vs_u300	35030	706	regressed	706	762	0.426837295293808	0.4482978284358978	0.426837295293808	0.38155657052993774	-0.04528072476387024	0.02630138397216797	0.16119861602783203
best250_vs_u300	15843	711	regressed	711	446	0.3641405701637268	0.35764169692993164	0.3641405701637268	0.318893164396286	-0.045247405767440796	0.29157400131225586	0.11467552185058594
best250_vs_u300	18845	510	regressed	510	554	0.20634423196315765	0.24620577692985535	0.20634423196315765	0.16124671697616577	-0.04509751498699188	0.2955179214477539	0.4232320785522461
best250_vs_u300	13789	166	improved	164	166	0.3411034345626831	0.3722224235534668	0.32732313871383667	0.3722224235534668	0.04489928483963013	0.041237831115722656	0.5525121688842773
best250_vs_u300	34591	732	regressed	732	759	0.19584451615810394	0.19436612725257874	0.19584451615810394	0.1510903239250183	-0.04475419223308563	0.12313413619995117	0.25186586380004883
best250_vs_u300	10853	898	improved	845	898	0.39507853984832764	0.31441375613212585	0.26986193656921387	0.31441375613212585	0.04455181956291199	0.38117408752441406	0.025075912475585938
best250_vs_u300	44921	499	improved	596	499	0.3631110191345215	0.39823028445243835	0.353680819272995	0.39823028445243835	0.04454946517944336	0.02631378173828125	0.12993621826171875
best250_vs_u300	4997	168	improved	159	168	0.3543785512447357	0.3541698455810547	0.30976033210754395	0.3541698455810547	0.04440951347351074	0.1345667839050293	0.1154332160949707
best250_vs_u300	12571	24	improved	135	24	0.2799585163593292	0.3239678740501404	0.2796955406665802	0.3239678740501404	0.04427233338356018	0.0009398460388183594	0.12406015396118164
best250_vs_u300	15573	961	improved	909	961	0.16412539780139923	0.13116011023521423	0.08708246052265167	0.13116011023521423	0.04407764971256256	0.3095383644104004	0.08497476577758789
best250_vs_u300	47132	373	regressed	373	370	0.2419850379228592	0.23642680048942566	0.2419850379228592	0.1979457437992096	-0.0440392941236496	0.04110431671142578	0.17764568328857422
best250_vs_u300	27504	246	regressed	246	159	0.24525511264801025	0.24891139566898346	0.24525511264801025	0.2012513279914856	-0.04400378465652466	0.06870746612548828	0.21254253387451172
best250_vs_u300	34030	935	regressed	935	962	0.44698628783226013	0.4176695942878723	0.44698628783226013	0.40301957726478577	-0.043966710567474365	0.27679443359375	0.03570556640625
best250_vs_u300	27411	111	regressed	111	114	0.23926937580108643	0.3295844495296478	0.23926937580108643	0.19532141089439392	-0.043947964906692505	0.03931379318237305	0.523186206817627
best250_vs_u300	16490	872	regressed	872	818	0.19077026844024658	0.24486872553825378	0.19077026844024658	0.14686855673789978	-0.0439017117023468	0.1450657844543457	0.5111842155456543
best250_vs_u300	40410	681	improved	620	681	0.4311932623386383	0.4357492923736572	0.3919127881526947	0.4357492923736572	0.043836504220962524	0.09551715850830078	0.09198284149169922
best250_vs_u300	28690	811	improved	770	811	0.37183162569999695	0.3947892487049103	0.3510872721672058	0.3947892487049103	0.04370197653770447	0.05740642547607422	0.09884357452392578
best250_vs_u300	29959	849	improved	899	849	0.20343665778636932	0.22120460867881775	0.17768868803977966	0.22120460867881775	0.043515920639038086	0.13532161712646484	0.20842838287353516
best250_vs_u300	14544	837	regressed	837	877	0.17829656600952148	0.16196765005588531	0.17829656600952148	0.135101318359375	-0.043195247650146484	0.0061283111572265625	0.14452219009399414
best250_vs_u300	16259	385	improved	101	385	0.47050967812538147	0.4676799476146698	0.4246175289154053	0.4676799476146698	0.043062418699264526	0.10262775421142578	0.08487224578857422
best250_vs_u300	33436	965	improved	934	965	0.14144852757453918	0.1727750599384308	0.12973932921886444	0.1727750599384308	0.043035730719566345	0.021965503692626953	0.060556888580322266
best250_vs_u300	25830	921	improved	558	921	0.32984277606010437	0.30207058787345886	0.25929176807403564	0.30207058787345886	0.04277881979942322	0.2406620979309082	0.0405879020690918
best250_vs_u300	2040	381	improved	369	381	0.4533069431781769	0.45424243807792664	0.41148221492767334	0.45424243807792664	0.042760223150253296	0.09680366516113281	0.09069633483886719
best250_vs_u300	14781	573	regressed	573	621	0.40262866020202637	0.4607086479663849	0.40262866020202637	0.3600063920021057	-0.042622268199920654	0.003356456756591797	0.2466440200805664
best250_vs_u300	23947	826	regressed	826	426	0.3252219259738922	0.3969250023365021	0.3252219259738922	0.28273746371269226	-0.04248446226119995	0.06702136993408203	0.33922863006591797
best250_vs_u300	7411	441	improved	647	441	0.1367260366678238	0.148423433303833	0.10620982944965363	0.148423433303833	0.04221360385417938	0.22151756286621094	0.2786874771118164
best250_vs_u300	4878	21	improved	22	21	0.24541263282299042	0.2808797061443329	0.2388891726732254	0.2808797061443329	0.04199053347110748	0.026941299438476562	0.16055870056152344
best250_vs_u300	1339	462	improved	808	462	0.25884556770324707	0.26564472913742065	0.22369855642318726	0.26564472913742065	0.0419461727142334	0.14593219757080078	0.10406780242919922
best250_vs_u300	19705	33	regressed	33	5	0.270138144493103	0.26195982098579407	0.270138144493103	0.2282179892063141	-0.04192015528678894	0.11211013793945312	0.01824951171875
best250_vs_u300	43557	681	improved	620	681	0.4242677390575409	0.4274309575557709	0.3856181502342224	0.4274309575557709	0.04181280732154846	0.09551715850830078	0.09198284149169922
best250_vs_u300	4543	62	regressed	62	60	0.36986514925956726	0.4385848939418793	0.36986514925956726	0.32807227969169617	-0.041792869567871094	0.05343008041381836	0.29031944274902344
best250_vs_u300	374	809	improved	551	809	0.40129920840263367	0.31417644023895264	0.27257925271987915	0.31417644023895264	0.041597187519073486	0.3867778778076172	0.05072212219238281
best250_vs_u300	26928	66	improved	68	66	0.1424333155155182	0.17762117087841034	0.136210098862648	0.17762117087841034	0.04141107201576233	0.044675350189208984	0.049074649810791016
best250_vs_u300	22473	437	improved	460	437	0.36696141958236694	0.3189798593521118	0.2776336967945099	0.3189798593521118	0.04134616255760193	0.27895402908325195	0.03354597091674805
best250_vs_u300	43152	453	regressed	453	786	0.18565548956394196	0.20157763361930847	0.18565548956394196	0.14435438811779022	-0.04130110144615173	0.2617812156677246	0.3144345283508301
best250_vs_u300	9360	185	improved	193	185	0.34452980756759644	0.3764859437942505	0.33541223406791687	0.3764859437942505	0.04107370972633362	0.02682018280029297	0.16067981719970703
best250_vs_u300	40262	491	improved	465	491	0.28650128841400146	0.2829720377922058	0.2419586330652237	0.2829720377922058	0.04101340472698212	0.1689763069152832	0.1122736930847168
best250_vs_u300	23246	915	regressed	915	879	0.12312455475330353	0.12938202917575836	0.12312455475330353	0.08228964358568192	-0.04083491116762161	0.6099758148193359	0.45252418518066406
best250_vs_u300	27567	944	improved	946	944	0.4508105516433716	0.4906533360481262	0.44988715648651123	0.4906533360481262	0.04076617956161499	0.0020503997802734375	0.18544960021972656
best250_vs_u300	49737	764	regressed	764	413	0.44413256645202637	0.4117777645587921	0.44413256645202637	0.40337294340133667	-0.0407596230506897	0.10437774658203125	0.02062225341796875
best250_vs_u300	16956	987	improved	998	987	0.3761340379714966	0.31929612159729004	0.3599803149700165	0.31929612159729004	-0.04068419337272644	0.04389619827270508	0.04985380172729492
best250_vs_u300	911	180	improved	242	180	0.34756097197532654	0.32871732115745544	0.28823122382164	0.32871732115745544	0.04048609733581543	0.18717718124389648	0.06282281875610352
best250_vs_u300	34310	960	regressed	960	927	0.3415023386478424	0.3729515075683594	0.3415023386478424	0.3010731637477875	-0.04042917490005493	0.0984044075012207	0.2140951156616211
best250_vs_u300	10807	341	regressed	341	342	0.43447110056877136	0.4218176305294037	0.43447110056877136	0.394636332988739	-0.03983476758003235	0.15214204788208008	0.06660842895507812
best250_vs_u300	6686	111	regressed	111	116	0.1447446346282959	0.14550162851810455	0.1447446346282959	0.10506762564182281	-0.039677008986473083	0.33066701889038086	0.32558298110961914
best250_vs_u300	15421	350	regressed	350	104	0.11935538798570633	0.1280962973833084	0.11935538798570633	0.07974923402070999	-0.03960615396499634	0.5886049270629883	0.4738950729370117
best250_vs_u300	23188	184	regressed	184	191	0.33157041668891907	0.2952680289745331	0.33157041668891907	0.2924836277961731	-0.03908678889274597	0.2405252456665039	0.009474754333496094
best250_vs_u300	35505	508	improved	664	508	0.18312346935272217	0.17800277471542358	0.13892029225826263	0.17800277471542358	0.03908248245716095	0.2762603759765625	0.0674896240234375
best250_vs_u300	44750	119	improved	118	119	0.3873412013053894	0.3578030467033386	0.31872546672821045	0.3578030467033386	0.039077579975128174	0.1949758529663086	0.2425241470336914
best250_vs_u300	15111	711	improved	585	711	0.0996498093008995	0.10072711110115051	0.06172331050038338	0.10072711110115051	0.039003800600767136	0.1628589630126953	0.020999431610107422
best250_vs_u300	21561	690	regressed	690	719	0.1631595939397812	0.1622217893600464	0.1631595939397812	0.12422642856836319	-0.038933165371418	0.2643914222717285	0.2668585777282715
best250_vs_u300	4600	303	regressed	303	311	0.29226914048194885	0.25418782234191895	0.29226914048194885	0.2534829080104828	-0.038786232471466064	0.465972900390625	0.002777099609375
best250_vs_u300	11595	413	improved	764	413	0.46381595730781555	0.48326653242111206	0.4447934925556183	0.48326653242111206	0.038473039865493774	0.04187774658203125	0.14562225341796875
best250_vs_u300	44641	884	regressed	884	818	0.19495753943920135	0.22278667986392975	0.19495753943920135	0.1565174162387848	-0.038440123200416565	0.20945262908935547	0.35304737091064453
best250_vs_u300	33384	202	regressed	202	200	0.3593049943447113	0.3677251636981964	0.3593049943447113	0.3209083080291748	-0.0383966863155365	0.27006959915161133	0.13618040084838867
best250_vs_u300	4014	864	regressed	864	779	0.30341002345085144	0.32201865315437317	0.30341002345085144	0.2650497257709503	-0.03836029767990112	0.024057865142822266	0.19469213485717773
best250_vs_u300	8271	250	improved	248	250	0.4560717046260834	0.48118340969085693	0.44289812445640564	0.48118340969085693	0.038285285234451294	0.029310226440429688	0.09568977355957031
best250_vs_u300	22374	866	regressed	866	730	0.36182233691215515	0.3435436487197876	0.36182233691215515	0.32355499267578125	-0.0382673442363739	0.31505489349365234	0.059945106506347656
best250_vs_u300	10195	624	improved	884	624	0.20150825381278992	0.20613940060138702	0.16794323921203613	0.20613940060138702	0.03819616138935089	0.1822042465209961	0.005295753479003906
best250_vs_u300	19525	622	improved	759	622	0.31233686208724976	0.3138708770275116	0.27569442987442017	0.3138708770275116	0.03817644715309143	0.12478923797607422	0.21896076202392578
best250_vs_u300	21632	250	regressed	250	248	0.41970476508140564	0.392886221408844	0.41970476508140564	0.3815377354621887	-0.03816702961921692	0.1581897735595703	0.029310226440429688
best250_vs_u300	37390	769	regressed	769	446	0.1618027538061142	0.16061103343963623	0.1618027538061142	0.12375105917453766	-0.03805169463157654	0.6486349105834961	0.2607135772705078
best250_vs_u300	30388	278	improved	277	278	0.4239518940448761	0.4475283920764923	0.40947672724723816	0.4475283920764923	0.03805166482925415	0.03473997116088867	0.15275907516479492
best250_vs_u300	27682	715	improved	652	715	0.41314026713371277	0.44859078526496887	0.41066017746925354	0.44859078526496887	0.03793060779571533	0.006021022796630859	0.15022945404052734
best250_vs_u300	25384	672	improved	797	672	0.4756377935409546	0.4583461880683899	0.4204804599285126	0.4583461880683899	0.03786572813987732	0.12325859069824219	0.0017414093017578125
best250_vs_u300	5032	623	improved	987	623	0.22022196650505066	0.2570863664150238	0.21923309564590454	0.2570863664150238	0.03785327076911926	0.004500389099121094	0.1517496109008789
best250_vs_u300	5526	761	improved	508	761	0.1660635620355606	0.19351890683174133	0.15651029348373413	0.19351890683174133	0.0370086133480072	0.02717876434326172	0.2532510757446289
best250_vs_u300	12165	231	regressed	231	230	0.4519481658935547	0.4730311632156372	0.4519481658935547	0.41509878635406494	-0.036849379539489746	0.056855201721191406	0.1306447982788086
best250_vs_u300	40990	252	improved	262	252	0.43295803666114807	0.4382697641849518	0.4014204144477844	0.4382697641849518	0.03684934973716736	0.07563161849975586	0.049368858337402344
best250_vs_u300	25133	639	regressed	639	173	0.15225470066070557	0.1781262904405594	0.15225470066070557	0.1154591366648674	-0.036795563995838165	0.12892389297485352	0.4335761070251465
best250_vs_u300	29161	983	regressed	983	801	0.33836835622787476	0.3343121111392975	0.33836835622787476	0.3015979826450348	-0.036770373582839966	0.11576986312866211	0.10298013687133789
best250_vs_u300	11648	399	improved	452	399	0.21639442443847656	0.23981446027755737	0.20318539440631866	0.23981446027755737	0.03662906587123871	0.06298398971557617	0.21826601028442383
best250_vs_u300	22060	202	improved	194	202	0.16856367886066437	0.14440034329891205	0.10779266804456711	0.14440034329891205	0.03660767525434494	0.33597421646118164	0.11539602279663086
best250_vs_u300	24181	467	regressed	467	778	0.3913017213344574	0.39188724756240845	0.3913017213344574	0.35473549365997314	-0.03656622767448425	0.08789825439453125	0.09960174560546875
best250_vs_u300	29629	241	improved	238	241	0.4969281256198883	0.45722827315330505	0.42069143056869507	0.45722827315330505	0.036536842584609985	0.16654586791992188	0.020954132080078125
best250_vs_u300	39983	6	improved	5	6	0.35255691409111023	0.3515937626361847	0.31520166993141174	0.3515937626361847	0.03639209270477295	0.11199951171875	0.1692509651184082
best250_vs_u300	4873	128	regressed	128	146	0.10587973892688751	0.08649768680334091	0.10587973892688751	0.06959739327430725	-0.03628234565258026	0.13272714614868164	0.10011768341064453
best250_vs_u300	11416	391	regressed	391	389	0.2297857403755188	0.2135845422744751	0.2297857403755188	0.19357851147651672	-0.036207228899002075	0.12040042877197266	0.09834957122802734
best250_vs_u300	8568	46	regressed	46	42	0.2880331873893738	0.29327061772346497	0.2880331873893738	0.2518285810947418	-0.03620460629463196	0.2851529121398926	0.15234708786010742
best250_vs_u300	21498	499	regressed	499	618	0.08305973559617996	0.06006871908903122	0.08305973559617996	0.04696466028690338	-0.03609507530927658	0.027427196502685547	0.05477094650268555
best250_vs_u300	25749	504	improved	968	504	0.45764485001564026	0.41998112201690674	0.38407275080680847	0.41998112201690674	0.03590837121009827	0.1752614974975586	0.012238502502441406
best250_vs_u300	24224	359	improved	358	359	0.3949238657951355	0.4193432331085205	0.3835088610649109	0.4193432331085205	0.03583437204360962	0.02933025360107422	0.18941926956176758
best250_vs_u300	31337	555	regressed	555	864	0.2993405759334564	0.2681295871734619	0.2993405759334564	0.2635069489479065	-0.03583362698554993	0.2417917251586914	0.017390727996826172
best250_vs_u300	20496	453	improved	648	453	0.22228388488292694	0.24245686829090118	0.20665520429611206	0.24245686829090118	0.035801663994789124	0.07290363311767578	0.08334636688232422
best250_vs_u300	47985	971	regressed	971	517	0.3752794563770294	0.3540138602256775	0.3752794563770294	0.33947882056236267	-0.03580063581466675	0.08307552337646484	0.041924476623535156
best250_vs_u300	28889	754	improved	819	754	0.20808890461921692	0.16522322595119476	0.12943892180919647	0.16522322595119476	0.03578430414199829	0.47475624084472656	0.025243759155273438
best250_vs_u300	1974	515	regressed	515	808	0.48293957114219666	0.4812481701374054	0.48293957114219666	0.44721344113349915	-0.03572613000869751	0.11415290832519531	0.07334709167480469
best250_vs_u300	25837	516	regressed	516	529	0.1564570665359497	0.14552363753318787	0.1564570665359497	0.12094556540250778	-0.035511501133441925	0.0962519645690918	0.1849980354309082
best250_vs_u300	37795	480	improved	534	480	0.23618802428245544	0.16239166259765625	0.12715975940227509	0.16239166259765625	0.035231903195381165	0.6191840171813965	0.037065982818603516
best250_vs_u300	12327	650	improved	419	650	0.12480123341083527	0.1364932656288147	0.10130079090595245	0.1364932656288147	0.035192474722862244	0.1063084602355957	0.05393028259277344
best250_vs_u300	45072	243	improved	254	243	0.4195597171783447	0.4180401563644409	0.3830212354660034	0.4180401563644409	0.0350189208984375	0.09111547470092773	0.0026345252990722656
best250_vs_u300	8903	409	improved	892	409	0.475419819355011	0.4598892629146576	0.42492619156837463	0.4598892629146576	0.03496307134628296	0.11228275299072266	0.012717247009277344
best250_vs_u300	32574	764	regressed	764	763	0.20184874534606934	0.22748397290706635	0.20184874534606934	0.16721142828464508	-0.034637317061424255	0.09842920303344727	0.30782079696655273
best250_vs_u300	25154	212	improved	215	212	0.31167834997177124	0.3131047487258911	0.2785392999649048	0.3131047487258911	0.03456544876098633	0.1124124526977539	0.012587547302246094
best250_vs_u300	6016	799	regressed	799	789	0.38561099767684937	0.3676722049713135	0.38561099767684937	0.351068377494812	-0.034542620182037354	0.14128923416137695	0.04621076583862305
best250_vs_u300	21842	582	regressed	582	737	0.31167230010032654	0.2907828688621521	0.31167230010032654	0.27755284309387207	-0.03411945700645447	0.14093399047851562	0.04656553268432617
best250_vs_u300	3630	293	improved	288	293	0.4182888865470886	0.44984495639801025	0.4159817695617676	0.44984495639801025	0.033863186836242676	0.005530834197998047	0.18196916580200195
best250_vs_u300	9711	349	regressed	349	348	0.45720624923706055	0.4573318660259247	0.45720624923706055	0.42334622144699097	-0.03386002779006958	0.04778099060058594	0.07721900939941406
best250_vs_u300	7911	283	improved	285	283	0.321601539850235	0.32889530062675476	0.2953062057495117	0.32889530062675476	0.03358909487724304	0.08530044555664062	0.10219955444335938
best250_vs_u300	14452	619	improved	846	619	0.45864030718803406	0.4544665813446045	0.42093223333358765	0.4544665813446045	0.033534348011016846	0.08579444885253906	0.03920555114746094
best250_vs_u300	7863	197	improved	196	197	0.24978876113891602	0.2101374715566635	0.17668069899082184	0.2101374715566635	0.033456772565841675	0.34154367446899414	0.028728485107421875
best250_vs_u300	22281	860	improved	454	860	0.20990940928459167	0.23003891110420227	0.19683249294757843	0.23003891110420227	0.03320641815662384	0.06432294845581055	0.14998292922973633
best250_vs_u300	17435	119	regressed	119	118	0.1216723844408989	0.08928906917572021	0.1216723844408989	0.08862404525279999	-0.03304833918809891	0.055024147033691406	0.007475852966308594
best250_vs_u300	46591	785	regressed	785	445	0.1753530353307724	0.17119388282299042	0.1753530353307724	0.14233256876468658	-0.033020466566085815	0.034119606018066406	0.1846303939819336
best250_vs_u300	27698	818	regressed	818	846	0.4479063153266907	0.46099209785461426	0.4479063153266907	0.415121853351593	-0.032784461975097656	0.08269119262695312	0.10480880737304688
best250_vs_u300	20813	464	regressed	464	877	0.11384546011686325	0.08550167828798294	0.11384546011686325	0.08108220249414444	-0.03276325762271881	0.259427547454834	0.053072452545166016
best250_vs_u300	22642	516	improved	431	516	0.30313679575920105	0.3197764754295349	0.28713759779930115	0.3197764754295349	0.032638877630233765	0.05422258377075195	0.10202741622924805
best250_vs_u300	28716	909	regressed	909	469	0.25226086378097534	0.24662595987319946	0.25226086378097534	0.21963070333003998	-0.032630160450935364	0.07157468795776367	0.11592531204223633
best250_vs_u300	20847	40	regressed	40	46	0.4270409643650055	0.4239940047264099	0.4270409643650055	0.3944621980190277	-0.03257876634597778	0.052803993225097656	0.07219600677490234
best250_vs_u300	27987	817	improved	479	817	0.39607298374176025	0.4017069935798645	0.36923766136169434	0.4017069935798645	0.032469332218170166	0.07015800476074219	0.05484199523925781
best250_vs_u300	14142	5	improved	6	5	0.4124273955821991	0.4395652711391449	0.4071003198623657	0.4395652711391449	0.032464951276779175	0.01300048828125	0.11199951171875
best250_vs_u300	40191	33	regressed	33	34	0.43903112411499023	0.47216808795928955	0.43903112411499023	0.4066711664199829	-0.032359957695007324	0.03816986083984375	0.14933013916015625
best250_vs_u300	29713	205	improved	224	205	0.2658614218235016	0.2695203721523285	0.2371813952922821	0.2695203721523285	0.03233897686004639	0.1141500473022461	0.042099952697753906
best250_vs_u300	15223	74	regressed	74	73	0.3012215197086334	0.2778482735157013	0.3012215197086334	0.2691073715686798	-0.03211414813995361	0.21803522109985352	0.031964778900146484
best250_vs_u300	35019	546	improved	961	546	0.27595624327659607	0.2290627509355545	0.197148859500885	0.2290627509355545	0.031913891434669495	0.33628320693969727	0.10121679306030273
best250_vs_u300	9620	442	regressed	442	497	0.4659973382949829	0.4528263509273529	0.4659973382949829	0.434194952249527	-0.03180238604545593	0.08298492431640625	0.04201507568359375
best250_vs_u300	44033	695	improved	507	695	0.29770198464393616	0.2584306597709656	0.29004889726638794	0.2584306597709656	-0.03161823749542236	0.026043415069580078	0.09895658493041992
best250_vs_u300	13659	527	improved	526	527	0.21838070452213287	0.20919430255889893	0.17764802277088165	0.20919430255889893	0.03154627978801727	0.2064356803894043	0.012314319610595703
best250_vs_u300	1202	996	improved	947	996	0.1752997785806656	0.16406476497650146	0.13280875980854034	0.16406476497650146	0.03125600516796112	0.2775874137878418	0.0349125862121582
best250_vs_u300	4257	185	regressed	185	186	0.39193689823150635	0.3886052370071411	0.39193689823150635	0.3609071969985962	-0.031029701232910156	0.051056861877441406	0.0739431381225586
best250_vs_u300	16598	977	regressed	977	484	0.30066192150115967	0.2943238317966461	0.30066192150115967	0.2698011100292206	-0.030860811471939087	0.006754398345947266	0.08699560165405273
best250_vs_u300	5099	58	improved	30	58	0.09644286334514618	0.11649809032678604	0.08569686859846115	0.11649809032678604	0.03080122172832489	0.1181344985961914	0.038115501403808594
best250_vs_u300	17093	4	improved	3	4	0.363363653421402	0.3302658200263977	0.29950013756752014	0.3302658200263977	0.030765682458877563	0.19328927993774414	0.11921072006225586
best250_vs_u300	16925	135	improved	130	135	0.22390951216220856	0.21587052941322327	0.1853140890598297	0.21587052941322327	0.030556440353393555	0.18918991088867188	0.3733100891113281
best250_vs_u300	11255	233	regressed	233	251	0.2086646407842636	0.22330063581466675	0.2086646407842636	0.17819844186306	-0.030466198921203613	0.18062877655029297	0.22562122344970703
best250_vs_u300	25057	593	regressed	593	819	0.31938785314559937	0.2918750047683716	0.31938785314559937	0.2889966368675232	-0.030391216278076172	0.17758941650390625	0.00991058349609375
best250_vs_u300	21086	877	improved	421	877	0.3149515390396118	0.3270653486251831	0.2966877222061157	0.3270653486251831	0.030377626419067383	0.0597386360168457	0.0652613639831543
best250_vs_u300	29317	218	improved	215	218	0.3932467997074127	0.37542563676834106	0.3452153205871582	0.37542563676834106	0.03021031618118286	0.13026905059814453	0.36973094940185547
best250_vs_u300	45551	32	regressed	32	31	0.37653300166130066	0.3727775812149048	0.37653300166130066	0.34632325172424316	-0.030209749937057495	0.2701406478881836	0.0736093521118164
best250_vs_u300	44757	636	improved	748	636	0.4783584773540497	0.48930975794792175	0.4591028392314911	0.48930975794792175	0.030206918716430664	0.04108619689941406	0.08391380310058594
best250_vs_u300	40516	304	improved	301	304	0.4060925841331482	0.39010682702064514	0.3599007725715637	0.39010682702064514	0.03020605444908142	0.12075281143188477	0.06674718856811523
best250_vs_u300	48242	172	regressed	172	171	0.4747913181781769	0.5038861036300659	0.4747913181781769	0.44474831223487854	-0.03004300594329834	0.0001583099365234375	0.12484169006347656
best250_vs_u300	29077	595	regressed	595	856	0.41670018434524536	0.42943352460861206	0.41670018434524536	0.3866879940032959	-0.030012190341949463	0.08265113830566406	0.10484886169433594
best250_vs_u300	11220	892	regressed	892	448	0.4935218393802643	0.4692891836166382	0.4935218393802643	0.4636068642139435	-0.0299149751663208	0.11281776428222656	0.012182235717773438
best250_vs_u300	12680	282	regressed	282	285	0.3823576271533966	0.4048633277416229	0.3823576271533966	0.3530972898006439	-0.029260337352752686	0.08194351196289062	0.13680601119995117
best250_vs_u300	20697	358	improved	356	358	0.30661332607269287	0.3168879747390747	0.28765127062797546	0.3168879747390747	0.029236704111099243	0.06383848190307617	0.029911518096923828
best250_vs_u300	35080	254	improved	245	254	0.3917643427848816	0.41101306676864624	0.3818327784538269	0.41101306676864624	0.029180288314819336	0.02567768096923828	0.16182231903076172
best250_vs_u300	12083	649	regressed	649	825	0.4391666352748871	0.4263603687286377	0.4391666352748871	0.4101695120334625	-0.02899712324142456	0.14878559112548828	0.03871440887451172
best250_vs_u300	12075	348	improved	349	348	0.46809619665145874	0.47500696778297424	0.4462560713291168	0.47500696778297424	0.028750896453857422	0.04778099060058594	0.07721900939941406
best250_vs_u300	32627	280	improved	277	280	0.3546142578125	0.3211912214756012	0.292686402797699	0.3211912214756012	0.02850481867790222	0.19192886352539062	0.026821136474609375
best250_vs_u300	8401	226	improved	233	226	0.44521570205688477	0.4555319547653198	0.42718619108200073	0.4555319547653198	0.028345763683319092	0.04133892059326172	0.08366107940673828
best250_vs_u300	19779	698	improved	663	698	0.42062413692474365	0.4365876019001007	0.4082653224468231	0.4365876019001007	0.028322279453277588	0.029822349548339844	0.09517765045166016
best250_vs_u300	26703	419	regressed	419	696	0.1421404778957367	0.15639850497245789	0.1421404778957367	0.11400951445102692	-0.028130963444709778	0.09012460708618164	0.31612539291381836
best250_vs_u300	45513	648	improved	771	648	0.1738094687461853	0.18444128334522247	0.15637914836406708	0.18444128334522247	0.028062134981155396	0.10016870498657227	0.01932382583618164
best250_vs_u300	49575	373	improved	371	373	0.2187396138906479	0.22693787515163422	0.1989685744047165	0.22693787515163422	0.027969300746917725	0.09473514556884766	0.09276485443115234
best250_vs_u300	4503	838	improved	593	838	0.2848226726055145	0.2639254033565521	0.23611009120941162	0.2639254033565521	0.027815312147140503	0.18756866455078125	0.03118133544921875
best250_vs_u300	18632	895	improved	908	895	0.40199267864227295	0.40695104002952576	0.3792020082473755	0.40695104002952576	0.02774903178215027	0.0583648681640625	0.1291351318359375
best250_vs_u300	46168	107	improved	574	107	0.26249071955680847	0.19386477768421173	0.16612549126148224	0.19386477768421173	0.027739286422729492	0.4574723243713379	0.1362776756286621
best250_vs_u300	23949	101	regressed	101	385	0.4545515179634094	0.4647216200828552	0.4545515179634094	0.4269070625305176	-0.027644455432891846	0.04012775421142578	0.08487224578857422
best250_vs_u300	12930	923	regressed	923	809	0.24753998219966888	0.2203420251607895	0.24753998219966888	0.21994639933109283	-0.02759358286857605	0.24820280075073242	0.0017971992492675781
best250_vs_u300	49759	855	regressed	855	968	0.2103731632232666	0.23757779598236084	0.2103731632232666	0.18282604217529297	-0.027547121047973633	0.08178997039794922	0.2619600296020508
best250_vs_u300	7586	125	improved	124	125	0.08938775956630707	0.1085657924413681	0.08115190267562866	0.1085657924413681	0.02741388976573944	0.0731668472290039	0.18458890914916992
best250_vs_u300	48746	499	improved	415	499	0.1748269498348236	0.17878961563110352	0.1514403522014618	0.17878961563110352	0.027349263429641724	0.14360475540161133	0.26264524459838867
best250_vs_u300	26449	742	regressed	742	713	0.45353269577026367	0.4556916058063507	0.45353269577026367	0.4262104034423828	-0.02732229232788086	0.058116912841796875	0.06688308715820312
best250_vs_u300	7926	227	regressed	227	273	0.1032106950879097	0.15825195610523224	0.1032106950879097	0.1304510235786438	0.0272403284907341	0.025559425354003906	0.1931905746459961
best250_vs_u300	10922	906	regressed	906	834	0.4602767825126648	0.4676799476146698	0.4602767825126648	0.433045893907547	-0.027230888605117798	0.04805946350097656	0.07694053649902344
best250_vs_u300	4420	472	regressed	472	693	0.4393175542354584	0.4634680151939392	0.4393175542354584	0.412177711725235	-0.02713984251022339	0.007717132568359375	0.11728286743164062
best250_vs_u300	24222	745	regressed	745	592	0.2040051966905594	0.22055724263191223	0.2040051966905594	0.17692872881889343	-0.027076467871665955	0.06083965301513672	0.22041034698486328
best250_vs_u300	46497	132	regressed	132	975	0.3449975252151489	0.35843634605407715	0.3449975252151489	0.3179338276386261	-0.027063697576522827	0.16134214401245117	0.11990785598754883
best250_vs_u300	20610	151	improved	158	151	0.43902063369750977	0.43052175641059875	0.40354859828948975	0.43052175641059875	0.02697315812110901	0.08424949645996094	0.04075050354003906
best250_vs_u300	18512	285	improved	281	285	0.36817073822021484	0.34990060329437256	0.3229879140853882	0.34990060329437256	0.026912689208984375	0.13093185424804688	0.025318145751953125
best250_vs_u300	22859	224	regressed	224	199	0.24369461834430695	0.27009907364845276	0.24369461834430695	0.21686485409736633	-0.026829764246940613	0.2804856300354004	0.2195143699645996
best250_vs_u300	45368	532	improved	799	532	0.22934578359127045	0.23812033236026764	0.21150842308998108	0.23812033236026764	0.02661190927028656	0.08096599578857422	0.10653400421142578
best250_vs_u300	8804	964	improved	809	964	0.14481474459171295	0.16199573874473572	0.1354154646396637	0.16199573874473572	0.02658027410507202	0.0671076774597168	0.026642322540283203
best250_vs_u300	29210	385	improved	101	385	0.4675038158893585	0.4484395980834961	0.42190486192703247	0.4484395980834961	0.026534736156463623	0.10262775421142578	0.02237224578857422
best250_vs_u300	17941	413	improved	764	413	0.4528946578502655	0.4608168303966522	0.4343201220035553	0.4608168303966522	0.026496708393096924	0.04187774658203125	0.08312225341796875
best250_vs_u300	1861	103	improved	329	103	0.04058133065700531	0.06168487295508385	0.03519894927740097	0.06168487295508385	0.026485923677682877	0.010477542877197266	0.4202079772949219
best250_vs_u300	39775	116	improved	113	116	0.3652184009552002	0.3295355439186096	0.3031127154827118	0.3295355439186096	0.026422828435897827	0.18639087677001953	0.06360912322998047
best250_vs_u300	37705	43	improved	42	43	0.3081498444080353	0.3273894786834717	0.30107200145721436	0.3273894786834717	0.026317477226257324	0.023236751556396484	0.07051324844360352
