group_type	key	cmp	params	numel	best_delta_l2	cmp_delta_l2	cmp_over_best	delta_cosine_to_best	extra_l2_vs_best	extra_over_best	best_top1	cmp_top1	delta_top1_vs_best
module_kind	features.7.1.attn.move_v_aft|move_v_shift	highdrift_damp	1	768	0.0021335077816445345	0.005425672196466974	2.543075888049866	0.5593672500317116	0.004586896868196483	2.1499321013307227	80.554	80.51	-0.04399999999999693
module_kind	features.7.1.attn.move_v_b4|move_v_shift	highdrift_damp	1	768	0.0021507884720600038	0.005445287938234474	2.5317635876200466	0.5633507822911946	0.004591460019480442	2.134779909380297	80.554	80.51	-0.04399999999999693
module_kind	features.7.1.attn.proj.move_b4|proj_move_shift	highdrift_damp	1	768	0.002146905385261161	0.005429602823223236	2.52903684554443	0.5617534274826363	0.004581838705764084	2.1341595848699804	80.554	80.51	-0.04399999999999693
module_kind	features.7.1.attn.proj.move_aft|proj_move_shift	highdrift_damp	1	768	0.0021555155675525256	0.0054319912780514575	2.520042703388683	0.5597652443512972	0.004587426446295087	2.1282270076591785	80.554	80.51	-0.04399999999999693
module_kind	features.5.5.attn.move_qkx_aft|move_shift	highdrift_damp	1	4608	0.008241599810442772	0.008418669560815616	1.0214848760490023	0.024973963342117766	0.011633246267577273	1.4115276809287696	80.554	80.51	-0.04399999999999693
module_kind	features.7.1.attn.quant_x_4_qkv|act_quant	highdrift_damp	2	1536	0.004209948039462341	0.008040084679956157	1.9097824022034648	0.7050865305229013	0.005885117329451432	1.3979073552183388	80.554	80.51	-0.04399999999999693
module_kind	features.7.1.attn.move_qkx_aft|move_shift	highdrift_damp	1	18432	0.011516435842867101	0.011449107024849295	0.99415367576076	0.028382269005453147	0.016007054284606692	1.3899312689282188	80.554	80.51	-0.04399999999999693
module_kind	features.5.5.attn.move_qkx_aft|move_shift	movev_damp	1	4608	0.008241599810442772	0.008267534164507394	1.0031467621167143	0.06474640814929777	0.011289497145614497	1.3698186523579794	80.554	80.51	-0.04399999999999693
module_kind	features.7.1.attn.move_qkx_aft|move_shift	movev_damp	1	18432	0.011516435842867101	0.011487901754922562	0.9975223160764437	0.06379807117222089	0.015739098830395596	1.3666640482475203	80.554	80.51	-0.04399999999999693
module_kind	features.5.5.attn.move_v_aft|move_v_shift	highdrift_damp	1	384	0.0022554327015030452	0.003882068800989297	1.7212079963202818	0.8135719049825622	0.0024311680810670962	1.077916481146584	80.554	80.51	-0.04399999999999693
module_kind	features.5.5.attn.move_v_b4|move_v_shift	highdrift_damp	1	384	0.0022555131476884216	0.0038784953091589545	1.719562270401242	0.8127262053858142	0.0024311749083428943	1.0778810626018744	80.554	80.51	-0.04399999999999693
module_kind	features.5.5.attn.proj.move_aft|proj_move_shift	highdrift_damp	1	384	0.0022486635319944577	0.0038776228829769956	1.7244122243303017	0.8157975714736582	0.0024219420636100763	1.0770584523429918	80.554	80.51	-0.04399999999999693
module_kind	features.5.5.attn.proj.move_b4|proj_move_shift	highdrift_damp	1	384	0.0022499577352597514	0.003875791556740732	1.722606383223142	0.8155364146007815	0.0024208501724162375	1.0759536210295777	80.554	80.51	-0.04399999999999693
module_kind	features.5.5.attn.proj.input_quant_fn|act_quant	highdrift_damp	1	49	0.000979741227438544	0.0012734036078291674	1.2997346362144833	0.6211125963694176	0.0010156978457975517	1.0367001176963977	80.554	80.51	-0.04399999999999693
module_kind	features.7.1.attn.quan_a_softmax_fn|softmax_quant	highdrift_damp	1	49	0.0013655666332935675	0.001213278205900521	0.8884796803904421	0.4027103134919027	0.00141505674782082	1.0362414497547359	80.554	80.51	-0.04399999999999693
module_kind	features.5.5.norm1|norm	highdrift_damp	2	768	0.0024606618240904706	0.0	0.0	0.0	0.0024606618240904706	1.0	80.554	80.51	-0.04399999999999693
module_kind	features.5.5.norm2|norm	highdrift_damp	2	768	0.002865348248497857	0.0	0.0	0.0	0.002865348248497857	1.0	80.554	80.51	-0.04399999999999693
module_kind	features.5.5.mlp.fc1|mlp	highdrift_damp	2	591360	0.08354588109233686	0.0	0.0	0.0	0.08354588109233686	1.0	80.554	80.51	-0.04399999999999693
module_kind	features.5.5.mlp.fc1.input_quant_fn|act_quant	highdrift_damp	1	14	0.0006445273567071057	0.0	0.0	0.0	0.0006445273567071057	1.0	80.554	80.51	-0.04399999999999693
module_kind	features.5.5.mlp.fc1.move_b4|move_shift	highdrift_damp	1	384	0.0033496278680285336	0.0	0.0	0.0	0.0033496278680285336	1.0	80.554	80.51	-0.04399999999999693
module_kind	features.5.5.mlp.fc1.move_aft|move_shift	highdrift_damp	1	384	0.0032599037797106443	0.0	0.0	0.0	0.0032599037797106443	1.0	80.554	80.51	-0.04399999999999693
module_kind	features.5.5.mlp.fc2|mlp	highdrift_damp	2	590208	0.08036023161052053	0.0	0.0	0.0	0.08036023161052053	1.0	80.554	80.51	-0.04399999999999693
module_kind	features.5.5.mlp.fc2.input_quant_fn|act_quant	highdrift_damp	1	14	0.0016973114931037355	0.0	0.0	0.0	0.0016973114931037355	1.0	80.554	80.51	-0.04399999999999693
module_kind	features.5.5.mlp.fc2.move_b4|move_shift	highdrift_damp	1	1536	0.004997242862020511	0.0	0.0	0.0	0.004997242862020511	1.0	80.554	80.51	-0.04399999999999693
module_kind	features.5.5.mlp.fc2.move_aft|move_shift	highdrift_damp	1	1536	0.003974364914481959	0.0	0.0	0.0	0.003974364914481959	1.0	80.554	80.51	-0.04399999999999693
module_kind	features.7.1.norm1|norm	highdrift_damp	2	1536	0.0032122600829942996	0.0	0.0	0.0	0.0032122600829942996	1.0	80.554	80.51	-0.04399999999999693
module_kind	features.7.1.norm2|norm	highdrift_damp	2	1536	0.003245254735645633	0.0	0.0	0.0	0.003245254735645633	1.0	80.554	80.51	-0.04399999999999693
module_kind	features.7.1.mlp.fc1|mlp	highdrift_damp	2	2362368	0.16163732054192848	0.0	0.0	0.0	0.16163732054192848	1.0	80.554	80.51	-0.04399999999999693
module_kind	features.7.1.mlp.fc1.input_quant_fn|act_quant	highdrift_damp	1	7	0.00033793831989684234	0.0	0.0	0.0	0.00033793831989684234	1.0	80.554	80.51	-0.04399999999999693
module_kind	features.7.1.mlp.fc1.move_b4|move_shift	highdrift_damp	1	768	0.0030397203086490947	0.0	0.0	0.0	0.0030397203086490947	1.0	80.554	80.51	-0.04399999999999693
module_kind	features.7.1.mlp.fc1.move_aft|move_shift	highdrift_damp	1	768	0.003122311943343864	0.0	0.0	0.0	0.003122311943343864	1.0	80.554	80.51	-0.04399999999999693
module_kind	features.7.1.mlp.fc2|mlp	highdrift_damp	2	2360064	0.1517779452711461	0.0	0.0	0.0	0.1517779452711461	1.0	80.554	80.51	-0.04399999999999693
module_kind	features.7.1.mlp.fc2.input_quant_fn|act_quant	highdrift_damp	1	7	0.0004049720463938824	0.0	0.0	0.0	0.0004049720463938824	1.0	80.554	80.51	-0.04399999999999693
module_kind	features.7.1.mlp.fc2.move_b4|move_shift	highdrift_damp	1	3072	0.0067761115120617945	0.0	0.0	0.0	0.0067761115120617945	1.0	80.554	80.51	-0.04399999999999693
module_kind	features.7.1.mlp.fc2.move_aft|move_shift	highdrift_damp	1	3072	0.004033864696008387	0.0	0.0	0.0	0.004033864696008387	1.0	80.554	80.51	-0.04399999999999693
module_kind	features.7.1.attn.proj.input_quant_fn|act_quant	movev_damp	1	49	0.0013277426851291045	0.0012716190307105982	0.9577300217526342	0.5586609313753086	0.0012220673091004693	0.9204097471503977	80.554	80.51	-0.04399999999999693
module_kind	features.5.5.attn.proj.input_quant_fn|act_quant	movev_damp	1	49	0.000979741227438544	0.0010815425182672848	1.1039063050300457	0.6528950444596827	0.0008636957777858467	0.8815550000319075	80.554	80.51	-0.04399999999999693
module_kind	features.5.5.attn.quant_x_4_qkv|act_quant	highdrift_damp	2	768	0.0037750487400996556	0.005929210662536239	1.5706315522643337	0.8679392685976226	0.003248423803704459	0.8604985067341688	80.554	80.51	-0.04399999999999693
module_kind	features.7.1.attn.quan_a_softmax_fn|softmax_quant	movev_damp	1	49	0.0013655666332935675	0.001288279961249748	0.9434032216667347	0.6214463229703961	0.001156676525648212	0.8470304542067347	80.554	80.51	-0.04399999999999693
module_kind	features.7.1.attn.proj.input_quant_fn|act_quant	highdrift_damp	1	49	0.0013277426851291045	0.0009660237738947497	0.727568515130488	0.567552219774995	0.0011136347820825533	0.8387429240284369	80.554	80.51	-0.04399999999999693
module_kind	features.7.1.attn.quant_x_4_qkv.input_quant_fn|act_quant	highdrift_damp	1	49	0.0014681644971444273	0.0013964620483491845	0.9511618426036703	0.7103345738235236	0.0010922024068175436	0.7439237285344197	80.554	80.51	-0.04399999999999693
module_kind	features.7.1.attn.quan_a_v_fn|act_quant	highdrift_damp	1	768	0.005384564102811061	0.005831359031874348	1.0829769913650082	0.75485253479594	0.003948993881803532	0.7333915626971407	80.554	80.51	-0.04399999999999693
module_kind	features.7.1.attn.move_qkx_b4|move_shift	highdrift_damp	1	18432	0.02776009481910279	0.028159188809169285	1.0143765355510193	0.737835663234874	0.02024914539683096	0.7294335818657486	80.554	80.51	-0.04399999999999693
module_kind	features.7.1.attn.quan_a_qkx_fn|act_quant	highdrift_damp	1	1176	0.005208071237044125	0.005129714772669069	0.984954801728187	0.7466509522906755	0.0036800881966983093	0.7066124922644046	80.554	80.51	-0.04399999999999693
module_kind	features.7.1.attn.move_qkx_b4|move_shift	movev_damp	1	18432	0.02776009481910279	0.027588700814292513	0.993825885468794	0.7571917570146905	0.01928590215453978	0.6947347363262033	80.554	80.51	-0.04399999999999693
module_kind	features.7.1.attn.quan_a_v_fn|act_quant	movev_damp	1	768	0.005384564102811061	0.005387480012612754	1.0005415312634443	0.779520249557481	0.0035765766019712282	0.6642276948850964	80.554	80.51	-0.04399999999999693
module_kind	features.7.1.attn.quan_a_qkx_fn|act_quant	movev_damp	1	1176	0.005208071237044125	0.00505763602758507	0.9711149862181158	0.7787848877567307	0.0034170860083007864	0.6561135308587246	80.554	80.51	-0.04399999999999693
module_kind	features.7.1.attn.proj|attn_proj	highdrift_damp	2	590592	0.07672881178926015	0.0910330548904827	1.1864259691719186	0.846042420560309	0.04853200769816573	0.6325134791799139	80.554	80.51	-0.04399999999999693
module_kind	features.5.5.attn.quan_a_softmax_fn|softmax_quant	highdrift_damp	1	49	0.0011873610042804704	0.001046097427414689	0.8810272727868592	0.8176030301810877	0.0006877966303333771	0.5792649647864893	80.554	80.51	-0.04399999999999693
module_kind	features.7.1.attn.v|attn_qkv	highdrift_damp	2	590592	0.07715716959468179	0.08916305075490423	1.1556029235298695	0.8656679632546426	0.04463669022309157	0.578516428966677	80.554	80.51	-0.04399999999999693
module_kind	features.7.1.attn.quant_x_4_qkv.input_quant_fn|act_quant	movev_damp	1	49	0.0014681644971444273	0.001411719954523966	0.9615543471251038	0.8573294197153165	0.000771099795233974	0.5252134871356441	80.554	80.51	-0.04399999999999693
module_kind	features.7.1.attn|relpos	highdrift_damp	1	4056	0.007635788145889334	0.0077415878811345614	1.0138557714310321	0.8666501040936379	0.003971982430947182	0.5201797581413344	80.554	80.51	-0.04399999999999693
module_kind	features.7.1.mlp.fc1.input_quant_fn|act_quant	movev_damp	1	7	0.00033793831989684234	0.0004427888771802265	1.310265368293807	0.9390576904511637	0.0001709733547114464	0.5059306525629796	80.554	80.51	-0.04399999999999693
module_kind	features.7.1.attn.k|attn_qkv	highdrift_damp	1	589824	0.08343940059411709	0.08832368653612711	1.0585369250885341	0.8808030551855621	0.04219883704619771	0.505742332108423	80.554	80.51	-0.04399999999999693
module_kind	features.7.1.mlp.fc2.input_quant_fn|act_quant	movev_damp	1	7	0.0004049720463938824	0.0002696566566459993	0.6658648641237989	0.8923621620289242	0.00020449716914701705	0.5049661352381832	80.554	80.51	-0.04399999999999693
module_kind	features.7.1.attn|relpos	movev_damp	1	4056	0.007635788145889334	0.0074974970735853744	0.9818890899456911	0.8767599381322156	0.0037589803582363207	0.49228452733591593	80.554	80.51	-0.04399999999999693
module_kind	features.5.5.attn.quan_a_softmax_fn|softmax_quant	movev_damp	1	49	0.0011873610042804704	0.0012558986914431014	1.0577227034705963	0.8908220496381976	0.0005747267401142662	0.4840370687957242	80.554	80.51	-0.04399999999999693
module_kind	features.7.1.attn.q|attn_qkv	highdrift_damp	1	589824	0.08461088381291101	0.08914619181850578	1.0536019457688575	0.8902342926783007	0.040944309905801786	0.48391303885132064	80.554	80.51	-0.04399999999999693
module_kind	features.5.5.attn.quan_a_v_fn|act_quant	highdrift_damp	1	384	0.0037510638044362245	0.003910510805314176	1.0425071417578609	0.9082629801158875	0.0016482499050295718	0.43940865604052276	80.554	80.51	-0.04399999999999693
module_kind	features.7.1.attn.k|attn_qkv	movev_damp	1	589824	0.08343940059411709	0.08347724679533437	1.0004535770984428	0.907881044963134	0.035822827407926854	0.42932747782050285	80.554	80.51	-0.04399999999999693
module_kind	features.5.5.attn.proj|attn_proj	highdrift_damp	2	147840	0.040706014356991234	0.04473862986568044	1.0990668227383604	0.921262755030004	0.017408141544203618	0.42765526960056655	80.554	80.51	-0.04399999999999693
module_kind	features.7.1.attn.q|attn_qkv	movev_damp	1	589824	0.08461088381291101	0.08461120026716301	1.0000037401128288	0.9156177160486578	0.0347590576221304	0.41081071436375205	80.554	80.51	-0.04399999999999693
module_kind	features.5.5.attn|relpos	highdrift_damp	1	2028	0.0054377168139100466	0.005492401898014837	1.0100566259656816	0.9177838357749178	0.0022167430729497124	0.407660631991562	80.554	80.51	-0.04399999999999693
module_kind	features.5.5.attn.v|attn_qkv	highdrift_damp	2	147840	0.041157353902457394	0.04498842404658996	1.093083490090548	0.9290243215544409	0.016658773135202438	0.4047581186750635	80.554	80.51	-0.04399999999999693
module_kind	features.7.1.mlp.fc1|mlp	movev_damp	2	2362368	0.16163732054192848	0.1617946257657481	1.000973198660385	0.9257399579261563	0.06232275954969274	0.3855715953514975	80.554	80.51	-0.04399999999999693
module_kind	features.7.1.attn.proj|attn_proj	movev_damp	2	590592	0.07672881178926015	0.07666113190799813	0.99911793393272	0.9275394525542594	0.029196747405434806	0.38051869597075555	80.554	80.51	-0.04399999999999693
module_kind	features.5.5.attn.move_qkx_b4|move_shift	highdrift_damp	1	4608	0.01562041628927739	0.015699071328319766	1.0050353996709018	0.9280593105271451	0.005940509504197167	0.3803041733449204	80.554	80.51	-0.04399999999999693
module_kind	features.7.1.norm1|norm	movev_damp	2	1536	0.0032122600829942996	0.0031861167775995153	0.9918613982930004	0.9279243333410127	0.0012149156713021948	0.37821211231741686	80.554	80.51	-0.04399999999999693
module_kind	features.5.5.attn|relpos	movev_damp	1	2028	0.0054377168139100466	0.005493364396680763	1.0102336301567536	0.9309453788325563	0.0020318979703572533	0.37366748580204123	80.554	80.51	-0.04399999999999693
module_kind	features.7.1.attn.v|attn_qkv	movev_damp	2	590592	0.07715716959468179	0.07722497134009128	1.0008787484787955	0.9321976805567719	0.028425326905238472	0.3684081084695173	80.554	80.51	-0.04399999999999693
module_kind	features.5.5.mlp.fc1.input_quant_fn|act_quant	movev_damp	1	14	0.0006445273567071057	0.0007338906501872836	1.1386493413355416	0.9503544636910203	0.0002344178691624856	0.3637050727530449	80.554	80.51	-0.04399999999999693
module_kind	features.5.5.attn.move_qkx_b4|move_shift	movev_damp	1	4608	0.01562041628927739	0.015466733225147022	0.9901613976680081	0.9338086634179878	0.005657459054853505	0.3621836287895258	80.554	80.51	-0.04399999999999693
module_kind	features.5.5.attn.quan_a_qkx_fn|act_quant	highdrift_damp	1	588	0.004041886875247688	0.0040524659477237865	1.0026173598625148	0.9349433416609004	0.00145990251082149	0.3611933128959792	80.554	80.51	-0.04399999999999693
module_kind	features.7.1.attn.quant_x_4_qkv|act_quant	movev_damp	2	1536	0.004209948039462341	0.0041897454761031265	0.995201232136396	0.9362451944897383	0.0014998333902667197	0.35625935907234274	80.554	80.51	-0.04399999999999693
module_kind	features.5.5.attn.k|attn_qkv	highdrift_damp	1	147456	0.044146503736402866	0.045424546248508495	1.0289500278376917	0.9388222307853601	0.015716130519491812	0.3559994379924681	80.554	80.51	-0.04399999999999693
module_kind	features.5.5.attn.q|attn_qkv	highdrift_damp	1	147456	0.04452409801856683	0.0456860426824944	1.0260969837826481	0.9391814956807187	0.015772613058359843	0.35424890700273287	80.554	80.51	-0.04399999999999693
module_kind	features.5.5.attn.quan_a_v_fn|act_quant	movev_damp	1	384	0.0037510638044362245	0.0038558424246613707	1.0279330413151675	0.9397530896946151	0.0013242897683320837	0.3530437863429308	80.554	80.51	-0.04399999999999693
module_kind	features.5.5.attn.quan_a_qkx_fn|act_quant	movev_damp	1	588	0.004041886875247688	0.004113518264352731	1.0177222647035744	0.9421187377324235	0.0013891877880704605	0.3436978398821047	80.554	80.51	-0.04399999999999693
module_kind	features.7.1.norm2|norm	movev_damp	2	1536	0.003245254735645633	0.0032197069625231525	0.9921276524638064	0.9407625460004775	0.0011129108571124818	0.34293482261603475	80.554	80.51	-0.04399999999999693
module_kind	features.7.1.mlp.fc2.move_b4|move_shift	movev_damp	1	3072	0.0067761115120617945	0.006805454936172663	1.0043304222574607	0.9430133355875543	0.0022927484943442373	0.33835755067829654	80.554	80.51	-0.04399999999999693
module_kind	features.5.5.attn.quant_x_4_qkv.input_quant_fn|act_quant	highdrift_damp	1	49	0.0014201140837624142	0.0013640267176685532	0.9605050279163033	0.9421618807094256	0.00047667542337303555	0.33565995072039834	80.554	80.51	-0.04399999999999693
module_kind	features.7.1.mlp.fc2.move_aft|move_shift	movev_damp	1	3072	0.004033864696008387	0.003914412430573462	0.9703876370585444	0.9439143783776044	0.0013362173466626897	0.331249917228238	80.554	80.51	-0.04399999999999693
module_kind	features.5.5.mlp.fc1|mlp	movev_damp	2	591360	0.08354588109233686	0.08358895463179253	1.0005155674809159	0.9467121043512764	0.027281389598919382	0.32654380134871464	80.554	80.51	-0.04399999999999693
module_kind	features.5.5.mlp.fc2|mlp	movev_damp	2	590208	0.08036023161052053	0.08040887063003088	1.0006052623111652	0.9469296594075558	0.026188660074141078	0.32589079883528527	80.554	80.51	-0.04399999999999693
module_kind	features.7.1.attn.move_v_b4|move_v_shift	movev_damp	1	768	0.0021507884720600038	0.0020834347465576927	0.9686841703043906	0.9457779730561051	0.0007003414984760408	0.3256208165395552	80.554	80.51	-0.04399999999999693
module_kind	features.7.1.attn.move_v_aft|move_v_shift	movev_damp	1	768	0.0021335077816445345	0.0020589799779365736	0.9650679484981705	0.9464952370840282	0.000689659853464897	0.3232516231711602	80.554	80.51	-0.04399999999999693
module_kind	features.7.1.mlp.fc2|mlp	movev_damp	2	2360064	0.1517779452711461	0.1517915235419328	1.0000894614218319	0.9480978679141561	0.048902989906562014	0.32220089565185833	80.554	80.51	-0.04399999999999693
module_kind	features.7.1.attn.proj.move_b4|proj_move_shift	movev_damp	1	768	0.002146905385261161	0.002074790969543005	0.9664100634274652	0.9477271971337284	0.0006862117884345321	0.31962833255041545	80.554	80.51	-0.04399999999999693
module_kind	features.7.1.attn.proj.move_aft|proj_move_shift	movev_damp	1	768	0.0021555155675525256	0.002085402922606555	0.9674729118168329	0.9492427277799387	0.0006791428868885433	0.31507213267760076	80.554	80.51	-0.04399999999999693
module_kind	features.5.5.attn.q|attn_qkv	movev_damp	1	147456	0.04452409801856683	0.04451996666609234	0.9999072108665118	0.9515975371070144	0.013852349212106582	0.3111202658463753	80.554	80.51	-0.04399999999999693
module_kind	features.5.5.attn.proj|attn_proj	movev_damp	2	147840	0.040706014356991234	0.04085160406160655	1.0035766140929077	0.9533138147416785	0.012461574709220782	0.3061359581887072	80.554	80.51	-0.04399999999999693
module_kind	features.5.5.attn.k|attn_qkv	movev_damp	1	147456	0.044146503736402866	0.044055233017526736	0.9979325493266442	0.9534193907472093	0.013460922408773517	0.3049148011617904	80.554	80.51	-0.04399999999999693
module_kind	features.7.1.mlp.fc1.move_b4|move_shift	movev_damp	1	768	0.0030397203086490947	0.0030401349763007333	1.0001364163835924	0.9538937272891489	0.0009231209009087176	0.3036861313463964	80.554	80.51	-0.04399999999999693
module_kind	features.5.5.mlp.fc2.move_b4|move_shift	movev_damp	1	1536	0.004997242862020511	0.004954051596002115	0.9913569807970204	0.9535641948220397	0.001516921229726494	0.3035516326923452	80.554	80.51	-0.04399999999999693
module_kind	features.5.5.attn.quant_x_4_qkv.input_quant_fn|act_quant	movev_damp	1	49	0.0014201140837624142	0.0014185831726908418	0.9989219802204085	0.9540799691879104	0.0004301382725441997	0.30288994205634684	80.554	80.51	-0.04399999999999693
module_kind	features.7.1.mlp.fc1.move_aft|move_shift	movev_damp	1	768	0.003122311943343864	0.0031384385763275585	1.005164965345014	0.9566290814703569	0.0009220949433072399	0.29532441346001936	80.554	80.51	-0.04399999999999693
module_kind	features.5.5.mlp.fc2.move_aft|move_shift	movev_damp	1	1536	0.003974364914481959	0.0038285343031332257	0.9633071913408481	0.9575358181653005	0.0011460949978061292	0.28837185876665217	80.554	80.51	-0.04399999999999693
module_kind	features.5.5.attn.v|attn_qkv	movev_damp	2	147840	0.041157353902457394	0.041220042229378216	1.001523137932273	0.9591836102347971	0.011768382620385487	0.2859363274003587	80.554	80.51	-0.04399999999999693
module_kind	features.5.5.attn.move_v_b4|move_v_shift	movev_damp	1	384	0.0022555131476884216	0.0021881334492795733	0.9701266656424048	0.9602302129577842	0.0006301568123325459	0.2793851204008128	80.554	80.51	-0.04399999999999693
module_kind	features.5.5.attn.proj.move_aft|proj_move_shift	movev_damp	1	384	0.0022486635319944577	0.0021769255631752097	0.9680975086763559	0.9602428737075392	0.0006279986105506553	0.2792763797764134	80.554	80.51	-0.04399999999999693
module_kind	features.5.5.attn.proj.move_b4|proj_move_shift	movev_damp	1	384	0.0022499577352597514	0.0021792983538036627	0.9685952405466268	0.9604517009532332	0.0006267605452319942	0.2785654749908608	80.554	80.51	-0.04399999999999693
module_kind	features.5.5.attn.move_v_aft|move_v_shift	movev_damp	1	384	0.0022554327015030452	0.0021860808448363068	0.9692511966238134	0.9605384675511944	0.0006276495321839394	0.2782834228508201	80.554	80.51	-0.04399999999999693
module_kind	features.5.5.norm1|norm	movev_damp	2	768	0.0024606618240904706	0.0024422539323436165	0.9925191297858826	0.9650936291861043	0.0006479838902698229	0.2633372387566243	80.554	80.51	-0.04399999999999693
module_kind	features.5.5.norm2|norm	movev_damp	2	768	0.002865348248497857	0.0029107217375042866	1.0158352441209253	0.9660995324483574	0.0007533484979633142	0.2629169066476485	80.554	80.51	-0.04399999999999693
module_kind	features.5.5.attn.quant_x_4_qkv|act_quant	movev_damp	2	768	0.0037750487400996556	0.0038116094489793347	1.0096848309510076	0.9663265749064046	0.0009850851256910029	0.2609463330174111	80.554	80.51	-0.04399999999999693
module_kind	features.5.5.mlp.fc1.move_aft|move_shift	movev_damp	1	384	0.0032599037797106443	0.003233350319001707	0.9918545262365706	0.9659313137394235	0.0008478798241859098	0.26009351241071577	80.554	80.51	-0.04399999999999693
module_kind	features.5.5.mlp.fc1.move_b4|move_shift	movev_damp	1	384	0.0033496278680285336	0.0033247214997142436	0.9925644372164395	0.9674460174926653	0.0008518796256108943	0.25432067655690926	80.554	80.51	-0.04399999999999693
module_kind	features.5.5.mlp.fc2.input_quant_fn|act_quant	movev_damp	1	14	0.0016973114931037355	0.0017020787690249747	1.0028087218761015	0.9896118053177282	0.00024504073335532154	0.14436992523230693	80.554	80.51	-0.04399999999999693
module_kind	features.0.0|other	highdrift_damp	2	4704	0.0	0.0	0.0	0.0	0.0	0.0	80.554	80.51	-0.04399999999999693
module_kind	features.0.0|other	movev_damp	2	4704	0.0	0.0	0.0	0.0	0.0	0.0	80.554	80.51	-0.04399999999999693
module_kind	features.0.0.input_quant_fn|act_quant	highdrift_damp	2	4	0.0	0.0	0.0	0.0	0.0	0.0	80.554	80.51	-0.04399999999999693
module_kind	features.0.0.input_quant_fn|act_quant	movev_damp	2	4	0.0	0.0	0.0	0.0	0.0	0.0	80.554	80.51	-0.04399999999999693
module_kind	features.0.0.lsqw_fn|weight_quant	highdrift_damp	1	96	0.0	0.0	0.0	0.0	0.0	0.0	80.554	80.51	-0.04399999999999693
module_kind	features.0.0.lsqw_fn|weight_quant	movev_damp	1	96	0.0	0.0	0.0	0.0	0.0	0.0	80.554	80.51	-0.04399999999999693
module_kind	features.0.0.move_b4|move_shift	highdrift_damp	1	50176	0.0	0.0	0.0	0.0	0.0	0.0	80.554	80.51	-0.04399999999999693
module_kind	features.0.0.move_b4|move_shift	movev_damp	1	50176	0.0	0.0	0.0	0.0	0.0	0.0	80.554	80.51	-0.04399999999999693
module_kind	features.0.0.move_aft|move_shift	highdrift_damp	1	50176	0.0	0.0	0.0	0.0	0.0	0.0	80.554	80.51	-0.04399999999999693
module_kind	features.0.0.move_aft|move_shift	movev_damp	1	50176	0.0	0.0	0.0	0.0	0.0	0.0	80.554	80.51	-0.04399999999999693
module_kind	features.0.2|other	highdrift_damp	2	192	0.0	0.0	0.0	0.0	0.0	0.0	80.554	80.51	-0.04399999999999693
module_kind	features.0.2|other	movev_damp	2	192	0.0	0.0	0.0	0.0	0.0	0.0	80.554	80.51	-0.04399999999999693
module_kind	features.1.0.norm1|norm	highdrift_damp	2	192	0.0	0.0	0.0	0.0	0.0	0.0	80.554	80.51	-0.04399999999999693
module_kind	features.1.0.norm1|norm	movev_damp	2	192	0.0	0.0	0.0	0.0	0.0	0.0	80.554	80.51	-0.04399999999999693
module_kind	features.1.0.attn|relpos	highdrift_damp	1	507	0.0	0.0	0.0	0.0	0.0	0.0	80.554	80.51	-0.04399999999999693
module_kind	features.1.0.attn|relpos	movev_damp	1	507	0.0	0.0	0.0	0.0	0.0	0.0	80.554	80.51	-0.04399999999999693
module_kind	features.1.0.attn|other	highdrift_damp	2	192	0.0	0.0	0.0	0.0	0.0	0.0	80.554	80.51	-0.04399999999999693
module_kind	features.1.0.attn|other	movev_damp	2	192	0.0	0.0	0.0	0.0	0.0	0.0	80.554	80.51	-0.04399999999999693
module_kind	features.1.0.attn.proj|attn_proj	highdrift_damp	2	9312	0.0	0.0	0.0	0.0	0.0	0.0	80.554	80.51	-0.04399999999999693
module_kind	features.1.0.attn.proj|attn_proj	movev_damp	2	9312	0.0	0.0	0.0	0.0	0.0	0.0	80.554	80.51	-0.04399999999999693
module_kind	features.1.0.attn.proj.input_quant_fn|act_quant	highdrift_damp	1	49	0.0	0.0	0.0	0.0	0.0	0.0	80.554	80.51	-0.04399999999999693
module_kind	features.1.0.attn.proj.input_quant_fn|act_quant	movev_damp	1	49	0.0	0.0	0.0	0.0	0.0	0.0	80.554	80.51	-0.04399999999999693
module_kind	features.1.0.attn.proj.statsq_fn|weight_quant	highdrift_damp	1	1	0.0	0.0	0.0	0.0	0.0	0.0	80.554	80.51	-0.04399999999999693
module_kind	features.1.0.attn.proj.statsq_fn|weight_quant	movev_damp	1	1	0.0	0.0	0.0	0.0	0.0	0.0	80.554	80.51	-0.04399999999999693
module_kind	features.1.0.attn.proj.move_b4|proj_move_shift	highdrift_damp	1	96	0.0	0.0	0.0	0.0	0.0	0.0	80.554	80.51	-0.04399999999999693
module_kind	features.1.0.attn.proj.move_b4|proj_move_shift	movev_damp	1	96	0.0	0.0	0.0	0.0	0.0	0.0	80.554	80.51	-0.04399999999999693
module_kind	features.1.0.attn.proj.move_aft|proj_move_shift	highdrift_damp	1	96	0.0	0.0	0.0	0.0	0.0	0.0	80.554	80.51	-0.04399999999999693
module_kind	features.1.0.attn.proj.move_aft|proj_move_shift	movev_damp	1	96	0.0	0.0	0.0	0.0	0.0	0.0	80.554	80.51	-0.04399999999999693
module_kind	features.1.0.attn.quant_x_4_qkv.input_quant_fn|act_quant	highdrift_damp	1	49	0.0	0.0	0.0	0.0	0.0	0.0	80.554	80.51	-0.04399999999999693
module_kind	features.1.0.attn.quant_x_4_qkv.input_quant_fn|act_quant	movev_damp	1	49	0.0	0.0	0.0	0.0	0.0	0.0	80.554	80.51	-0.04399999999999693
module_kind	features.1.0.attn.quant_x_4_qkv|act_quant	highdrift_damp	2	192	0.0	0.0	0.0	0.0	0.0	0.0	80.554	80.51	-0.04399999999999693
module_kind	features.1.0.attn.quant_x_4_qkv|act_quant	movev_damp	2	192	0.0	0.0	0.0	0.0	0.0	0.0	80.554	80.51	-0.04399999999999693
module_kind	features.1.0.attn.q|attn_qkv	highdrift_damp	1	9216	0.0	0.0	0.0	0.0	0.0	0.0	80.554	80.51	-0.04399999999999693
module_kind	features.1.0.attn.q|attn_qkv	movev_damp	1	9216	0.0	0.0	0.0	0.0	0.0	0.0	80.554	80.51	-0.04399999999999693
module_kind	features.1.0.attn.k|attn_qkv	highdrift_damp	1	9216	0.0	0.0	0.0	0.0	0.0	0.0	80.554	80.51	-0.04399999999999693
module_kind	features.1.0.attn.k|attn_qkv	movev_damp	1	9216	0.0	0.0	0.0	0.0	0.0	0.0	80.554	80.51	-0.04399999999999693
module_kind	features.1.0.attn.v|attn_qkv	highdrift_damp	2	9312	0.0	0.0	0.0	0.0	0.0	0.0	80.554	80.51	-0.04399999999999693
module_kind	features.1.0.attn.v|attn_qkv	movev_damp	2	9312	0.0	0.0	0.0	0.0	0.0	0.0	80.554	80.51	-0.04399999999999693
module_kind	features.1.0.attn.qk_quant|weight_quant	highdrift_damp	1	1	0.0	0.0	0.0	0.0	0.0	0.0	80.554	80.51	-0.04399999999999693
module_kind	features.1.0.attn.qk_quant|weight_quant	movev_damp	1	1	0.0	0.0	0.0	0.0	0.0	0.0	80.554	80.51	-0.04399999999999693
module_kind	features.1.0.attn.v_quant|weight_quant	highdrift_damp	1	1	0.0	0.0	0.0	0.0	0.0	0.0	80.554	80.51	-0.04399999999999693
module_kind	features.1.0.attn.v_quant|weight_quant	movev_damp	1	1	0.0	0.0	0.0	0.0	0.0	0.0	80.554	80.51	-0.04399999999999693
module_kind	features.1.0.attn.quan_a_qkx_fn|act_quant	highdrift_damp	1	147	0.0	0.0	0.0	0.0	0.0	0.0	80.554	80.51	-0.04399999999999693
module_kind	features.1.0.attn.quan_a_qkx_fn|act_quant	movev_damp	1	147	0.0	0.0	0.0	0.0	0.0	0.0	80.554	80.51	-0.04399999999999693
module_kind	features.1.0.attn.quan_a_v_fn|act_quant	highdrift_damp	1	96	0.0	0.0	0.0	0.0	0.0	0.0	80.554	80.51	-0.04399999999999693
module_kind	features.1.0.attn.quan_a_v_fn|act_quant	movev_damp	1	96	0.0	0.0	0.0	0.0	0.0	0.0	80.554	80.51	-0.04399999999999693
module_kind	features.1.0.attn.move_qkx_b4|move_shift	highdrift_damp	1	288	0.0	0.0	0.0	0.0	0.0	0.0	80.554	80.51	-0.04399999999999693
module_kind	features.1.0.attn.move_qkx_b4|move_shift	movev_damp	1	288	0.0	0.0	0.0	0.0	0.0	0.0	80.554	80.51	-0.04399999999999693
module_kind	features.1.0.attn.move_qkx_aft|move_shift	highdrift_damp	1	288	0.0	0.0	0.0	0.0	0.0	0.0	80.554	80.51	-0.04399999999999693
module_kind	features.1.0.attn.move_qkx_aft|move_shift	movev_damp	1	288	0.0	0.0	0.0	0.0	0.0	0.0	80.554	80.51	-0.04399999999999693
module_kind	features.1.0.attn.move_v_b4|move_v_shift	highdrift_damp	1	96	0.0	0.0	0.0	0.0	0.0	0.0	80.554	80.51	-0.04399999999999693
module_kind	features.1.0.attn.move_v_b4|move_v_shift	movev_damp	1	96	0.0	0.0	0.0	0.0	0.0	0.0	80.554	80.51	-0.04399999999999693
module_kind	features.1.0.attn.move_v_aft|move_v_shift	highdrift_damp	1	96	0.0	0.0	0.0	0.0	0.0	0.0	80.554	80.51	-0.04399999999999693
module_kind	features.1.0.attn.move_v_aft|move_v_shift	movev_damp	1	96	0.0	0.0	0.0	0.0	0.0	0.0	80.554	80.51	-0.04399999999999693
module_kind	features.1.0.attn.quan_a_softmax_fn|softmax_quant	highdrift_damp	1	49	0.0	0.0	0.0	0.0	0.0	0.0	80.554	80.51	-0.04399999999999693
module_kind	features.1.0.attn.quan_a_softmax_fn|softmax_quant	movev_damp	1	49	0.0	0.0	0.0	0.0	0.0	0.0	80.554	80.51	-0.04399999999999693
module_kind	features.1.0.norm2|norm	highdrift_damp	2	192	0.0	0.0	0.0	0.0	0.0	0.0	80.554	80.51	-0.04399999999999693
module_kind	features.1.0.norm2|norm	movev_damp	2	192	0.0	0.0	0.0	0.0	0.0	0.0	80.554	80.51	-0.04399999999999693
module_kind	features.1.0.mlp.fc1|mlp	highdrift_damp	2	37248	0.0	0.0	0.0	0.0	0.0	0.0	80.554	80.51	-0.04399999999999693
module_kind	features.1.0.mlp.fc1|mlp	movev_damp	2	37248	0.0	0.0	0.0	0.0	0.0	0.0	80.554	80.51	-0.04399999999999693
module_kind	features.1.0.mlp.fc1.input_quant_fn|act_quant	highdrift_damp	1	56	0.0	0.0	0.0	0.0	0.0	0.0	80.554	80.51	-0.04399999999999693
module_kind	features.1.0.mlp.fc1.input_quant_fn|act_quant	movev_damp	1	56	0.0	0.0	0.0	0.0	0.0	0.0	80.554	80.51	-0.04399999999999693
module_kind	features.1.0.mlp.fc1.statsq_fn|weight_quant	highdrift_damp	1	1	0.0	0.0	0.0	0.0	0.0	0.0	80.554	80.51	-0.04399999999999693
module_kind	features.1.0.mlp.fc1.statsq_fn|weight_quant	movev_damp	1	1	0.0	0.0	0.0	0.0	0.0	0.0	80.554	80.51	-0.04399999999999693
module_kind	features.1.0.mlp.fc1.move_b4|move_shift	highdrift_damp	1	96	0.0	0.0	0.0	0.0	0.0	0.0	80.554	80.51	-0.04399999999999693
module_kind	features.1.0.mlp.fc1.move_b4|move_shift	movev_damp	1	96	0.0	0.0	0.0	0.0	0.0	0.0	80.554	80.51	-0.04399999999999693
module_kind	features.1.0.mlp.fc1.move_aft|move_shift	highdrift_damp	1	96	0.0	0.0	0.0	0.0	0.0	0.0	80.554	80.51	-0.04399999999999693
module_kind	features.1.0.mlp.fc1.move_aft|move_shift	movev_damp	1	96	0.0	0.0	0.0	0.0	0.0	0.0	80.554	80.51	-0.04399999999999693
module_kind	features.1.0.mlp.fc2|mlp	highdrift_damp	2	36960	0.0	0.0	0.0	0.0	0.0	0.0	80.554	80.51	-0.04399999999999693
module_kind	features.1.0.mlp.fc2|mlp	movev_damp	2	36960	0.0	0.0	0.0	0.0	0.0	0.0	80.554	80.51	-0.04399999999999693
module_kind	features.1.0.mlp.fc2.input_quant_fn|act_quant	highdrift_damp	1	56	0.0	0.0	0.0	0.0	0.0	0.0	80.554	80.51	-0.04399999999999693
module_kind	features.1.0.mlp.fc2.input_quant_fn|act_quant	movev_damp	1	56	0.0	0.0	0.0	0.0	0.0	0.0	80.554	80.51	-0.04399999999999693
module_kind	features.1.0.mlp.fc2.statsq_fn|weight_quant	highdrift_damp	1	1	0.0	0.0	0.0	0.0	0.0	0.0	80.554	80.51	-0.04399999999999693
module_kind	features.1.0.mlp.fc2.statsq_fn|weight_quant	movev_damp	1	1	0.0	0.0	0.0	0.0	0.0	0.0	80.554	80.51	-0.04399999999999693
module_kind	features.1.0.mlp.fc2.move_b4|move_shift	highdrift_damp	1	384	0.0	0.0	0.0	0.0	0.0	0.0	80.554	80.51	-0.04399999999999693
module_kind	features.1.0.mlp.fc2.move_b4|move_shift	movev_damp	1	384	0.0	0.0	0.0	0.0	0.0	0.0	80.554	80.51	-0.04399999999999693
module_kind	features.1.0.mlp.fc2.move_aft|move_shift	highdrift_damp	1	384	0.0	0.0	0.0	0.0	0.0	0.0	80.554	80.51	-0.04399999999999693
module_kind	features.1.0.mlp.fc2.move_aft|move_shift	movev_damp	1	384	0.0	0.0	0.0	0.0	0.0	0.0	80.554	80.51	-0.04399999999999693
module_kind	features.1.1.norm1|norm	highdrift_damp	2	192	0.0	0.0	0.0	0.0	0.0	0.0	80.554	80.51	-0.04399999999999693
module_kind	features.1.1.norm1|norm	movev_damp	2	192	0.0	0.0	0.0	0.0	0.0	0.0	80.554	80.51	-0.04399999999999693
module_kind	features.1.1.attn|relpos	highdrift_damp	1	507	0.0	0.0	0.0	0.0	0.0	0.0	80.554	80.51	-0.04399999999999693
module_kind	features.1.1.attn|relpos	movev_damp	1	507	0.0	0.0	0.0	0.0	0.0	0.0	80.554	80.51	-0.04399999999999693
module_kind	features.1.1.attn|other	highdrift_damp	2	192	0.0	0.0	0.0	0.0	0.0	0.0	80.554	80.51	-0.04399999999999693
module_kind	features.1.1.attn|other	movev_damp	2	192	0.0	0.0	0.0	0.0	0.0	0.0	80.554	80.51	-0.04399999999999693
module_kind	features.1.1.attn.proj|attn_proj	highdrift_damp	2	9312	0.0	0.0	0.0	0.0	0.0	0.0	80.554	80.51	-0.04399999999999693
module_kind	features.1.1.attn.proj|attn_proj	movev_damp	2	9312	0.0	0.0	0.0	0.0	0.0	0.0	80.554	80.51	-0.04399999999999693
module_kind	features.1.1.attn.proj.input_quant_fn|act_quant	highdrift_damp	1	49	0.0	0.0	0.0	0.0	0.0	0.0	80.554	80.51	-0.04399999999999693
module_kind	features.1.1.attn.proj.input_quant_fn|act_quant	movev_damp	1	49	0.0	0.0	0.0	0.0	0.0	0.0	80.554	80.51	-0.04399999999999693
module_kind	features.1.1.attn.proj.statsq_fn|weight_quant	highdrift_damp	1	1	0.0	0.0	0.0	0.0	0.0	0.0	80.554	80.51	-0.04399999999999693
module_kind	features.1.1.attn.proj.statsq_fn|weight_quant	movev_damp	1	1	0.0	0.0	0.0	0.0	0.0	0.0	80.554	80.51	-0.04399999999999693
module_kind	features.1.1.attn.proj.move_b4|proj_move_shift	highdrift_damp	1	96	0.0	0.0	0.0	0.0	0.0	0.0	80.554	80.51	-0.04399999999999693
module_kind	features.1.1.attn.proj.move_b4|proj_move_shift	movev_damp	1	96	0.0	0.0	0.0	0.0	0.0	0.0	80.554	80.51	-0.04399999999999693
module_kind	features.1.1.attn.proj.move_aft|proj_move_shift	highdrift_damp	1	96	0.0	0.0	0.0	0.0	0.0	0.0	80.554	80.51	-0.04399999999999693
module_kind	features.1.1.attn.proj.move_aft|proj_move_shift	movev_damp	1	96	0.0	0.0	0.0	0.0	0.0	0.0	80.554	80.51	-0.04399999999999693
module_kind	features.1.1.attn.quant_x_4_qkv.input_quant_fn|act_quant	highdrift_damp	1	49	0.0	0.0	0.0	0.0	0.0	0.0	80.554	80.51	-0.04399999999999693
module_kind	features.1.1.attn.quant_x_4_qkv.input_quant_fn|act_quant	movev_damp	1	49	0.0	0.0	0.0	0.0	0.0	0.0	80.554	80.51	-0.04399999999999693
module_kind	features.1.1.attn.quant_x_4_qkv|act_quant	highdrift_damp	2	192	0.0	0.0	0.0	0.0	0.0	0.0	80.554	80.51	-0.04399999999999693
module_kind	features.1.1.attn.quant_x_4_qkv|act_quant	movev_damp	2	192	0.0	0.0	0.0	0.0	0.0	0.0	80.554	80.51	-0.04399999999999693
module_kind	features.1.1.attn.q|attn_qkv	highdrift_damp	1	9216	0.0	0.0	0.0	0.0	0.0	0.0	80.554	80.51	-0.04399999999999693
module_kind	features.1.1.attn.q|attn_qkv	movev_damp	1	9216	0.0	0.0	0.0	0.0	0.0	0.0	80.554	80.51	-0.04399999999999693
module_kind	features.1.1.attn.k|attn_qkv	highdrift_damp	1	9216	0.0	0.0	0.0	0.0	0.0	0.0	80.554	80.51	-0.04399999999999693
module_kind	features.1.1.attn.k|attn_qkv	movev_damp	1	9216	0.0	0.0	0.0	0.0	0.0	0.0	80.554	80.51	-0.04399999999999693
module_kind	features.1.1.attn.v|attn_qkv	highdrift_damp	2	9312	0.0	0.0	0.0	0.0	0.0	0.0	80.554	80.51	-0.04399999999999693
module_kind	features.1.1.attn.v|attn_qkv	movev_damp	2	9312	0.0	0.0	0.0	0.0	0.0	0.0	80.554	80.51	-0.04399999999999693
module_kind	features.1.1.attn.qk_quant|weight_quant	highdrift_damp	1	1	0.0	0.0	0.0	0.0	0.0	0.0	80.554	80.51	-0.04399999999999693
module_kind	features.1.1.attn.qk_quant|weight_quant	movev_damp	1	1	0.0	0.0	0.0	0.0	0.0	0.0	80.554	80.51	-0.04399999999999693
module_kind	features.1.1.attn.v_quant|weight_quant	highdrift_damp	1	1	0.0	0.0	0.0	0.0	0.0	0.0	80.554	80.51	-0.04399999999999693
module_kind	features.1.1.attn.v_quant|weight_quant	movev_damp	1	1	0.0	0.0	0.0	0.0	0.0	0.0	80.554	80.51	-0.04399999999999693
module_kind	features.1.1.attn.quan_a_qkx_fn|act_quant	highdrift_damp	1	147	0.0	0.0	0.0	0.0	0.0	0.0	80.554	80.51	-0.04399999999999693
module_kind	features.1.1.attn.quan_a_qkx_fn|act_quant	movev_damp	1	147	0.0	0.0	0.0	0.0	0.0	0.0	80.554	80.51	-0.04399999999999693
module_kind	features.1.1.attn.quan_a_v_fn|act_quant	highdrift_damp	1	96	0.0	0.0	0.0	0.0	0.0	0.0	80.554	80.51	-0.04399999999999693
module_kind	features.1.1.attn.quan_a_v_fn|act_quant	movev_damp	1	96	0.0	0.0	0.0	0.0	0.0	0.0	80.554	80.51	-0.04399999999999693
module_kind	features.1.1.attn.move_qkx_b4|move_shift	highdrift_damp	1	288	0.0	0.0	0.0	0.0	0.0	0.0	80.554	80.51	-0.04399999999999693
module_kind	features.1.1.attn.move_qkx_b4|move_shift	movev_damp	1	288	0.0	0.0	0.0	0.0	0.0	0.0	80.554	80.51	-0.04399999999999693
module_kind	features.1.1.attn.move_qkx_aft|move_shift	highdrift_damp	1	288	0.0	0.0	0.0	0.0	0.0	0.0	80.554	80.51	-0.04399999999999693
module_kind	features.1.1.attn.move_qkx_aft|move_shift	movev_damp	1	288	0.0	0.0	0.0	0.0	0.0	0.0	80.554	80.51	-0.04399999999999693
module_kind	features.1.1.attn.move_v_b4|move_v_shift	highdrift_damp	1	96	0.0	0.0	0.0	0.0	0.0	0.0	80.554	80.51	-0.04399999999999693
module_kind	features.1.1.attn.move_v_b4|move_v_shift	movev_damp	1	96	0.0	0.0	0.0	0.0	0.0	0.0	80.554	80.51	-0.04399999999999693
module_kind	features.1.1.attn.move_v_aft|move_v_shift	highdrift_damp	1	96	0.0	0.0	0.0	0.0	0.0	0.0	80.554	80.51	-0.04399999999999693
module_kind	features.1.1.attn.move_v_aft|move_v_shift	movev_damp	1	96	0.0	0.0	0.0	0.0	0.0	0.0	80.554	80.51	-0.04399999999999693
module_kind	features.1.1.attn.quan_a_softmax_fn|softmax_quant	highdrift_damp	1	49	0.0	0.0	0.0	0.0	0.0	0.0	80.554	80.51	-0.04399999999999693
module_kind	features.1.1.attn.quan_a_softmax_fn|softmax_quant	movev_damp	1	49	0.0	0.0	0.0	0.0	0.0	0.0	80.554	80.51	-0.04399999999999693
module_kind	features.1.1.norm2|norm	highdrift_damp	2	192	0.0	0.0	0.0	0.0	0.0	0.0	80.554	80.51	-0.04399999999999693
module_kind	features.1.1.norm2|norm	movev_damp	2	192	0.0	0.0	0.0	0.0	0.0	0.0	80.554	80.51	-0.04399999999999693
module_kind	features.1.1.mlp.fc1|mlp	highdrift_damp	2	37248	0.0	0.0	0.0	0.0	0.0	0.0	80.554	80.51	-0.04399999999999693
module_kind	features.1.1.mlp.fc1|mlp	movev_damp	2	37248	0.0	0.0	0.0	0.0	0.0	0.0	80.554	80.51	-0.04399999999999693
module_kind	features.1.1.mlp.fc1.input_quant_fn|act_quant	highdrift_damp	1	56	0.0	0.0	0.0	0.0	0.0	0.0	80.554	80.51	-0.04399999999999693
module_kind	features.1.1.mlp.fc1.input_quant_fn|act_quant	movev_damp	1	56	0.0	0.0	0.0	0.0	0.0	0.0	80.554	80.51	-0.04399999999999693
module_kind	features.1.1.mlp.fc1.statsq_fn|weight_quant	highdrift_damp	1	1	0.0	0.0	0.0	0.0	0.0	0.0	80.554	80.51	-0.04399999999999693
module_kind	features.1.1.mlp.fc1.statsq_fn|weight_quant	movev_damp	1	1	0.0	0.0	0.0	0.0	0.0	0.0	80.554	80.51	-0.04399999999999693
module_kind	features.1.1.mlp.fc1.move_b4|move_shift	highdrift_damp	1	96	0.0	0.0	0.0	0.0	0.0	0.0	80.554	80.51	-0.04399999999999693
module_kind	features.1.1.mlp.fc1.move_b4|move_shift	movev_damp	1	96	0.0	0.0	0.0	0.0	0.0	0.0	80.554	80.51	-0.04399999999999693
module_kind	features.1.1.mlp.fc1.move_aft|move_shift	highdrift_damp	1	96	0.0	0.0	0.0	0.0	0.0	0.0	80.554	80.51	-0.04399999999999693
module_kind	features.1.1.mlp.fc1.move_aft|move_shift	movev_damp	1	96	0.0	0.0	0.0	0.0	0.0	0.0	80.554	80.51	-0.04399999999999693
module_kind	features.1.1.mlp.fc2|mlp	highdrift_damp	2	36960	0.0	0.0	0.0	0.0	0.0	0.0	80.554	80.51	-0.04399999999999693
module_kind	features.1.1.mlp.fc2|mlp	movev_damp	2	36960	0.0	0.0	0.0	0.0	0.0	0.0	80.554	80.51	-0.04399999999999693
module_kind	features.1.1.mlp.fc2.input_quant_fn|act_quant	highdrift_damp	1	56	0.0	0.0	0.0	0.0	0.0	0.0	80.554	80.51	-0.04399999999999693
module_kind	features.1.1.mlp.fc2.input_quant_fn|act_quant	movev_damp	1	56	0.0	0.0	0.0	0.0	0.0	0.0	80.554	80.51	-0.04399999999999693
module_kind	features.1.1.mlp.fc2.statsq_fn|weight_quant	highdrift_damp	1	1	0.0	0.0	0.0	0.0	0.0	0.0	80.554	80.51	-0.04399999999999693
module_kind	features.1.1.mlp.fc2.statsq_fn|weight_quant	movev_damp	1	1	0.0	0.0	0.0	0.0	0.0	0.0	80.554	80.51	-0.04399999999999693
module_kind	features.1.1.mlp.fc2.move_b4|move_shift	highdrift_damp	1	384	0.0	0.0	0.0	0.0	0.0	0.0	80.554	80.51	-0.04399999999999693
module_kind	features.1.1.mlp.fc2.move_b4|move_shift	movev_damp	1	384	0.0	0.0	0.0	0.0	0.0	0.0	80.554	80.51	-0.04399999999999693
module_kind	features.1.1.mlp.fc2.move_aft|move_shift	highdrift_damp	1	384	0.0	0.0	0.0	0.0	0.0	0.0	80.554	80.51	-0.04399999999999693
module_kind	features.1.1.mlp.fc2.move_aft|move_shift	movev_damp	1	384	0.0	0.0	0.0	0.0	0.0	0.0	80.554	80.51	-0.04399999999999693
module_kind	features.2.reduction|other	highdrift_damp	2	73920	0.0	0.0	0.0	0.0	0.0	0.0	80.554	80.51	-0.04399999999999693
module_kind	features.2.reduction|other	movev_damp	2	73920	0.0	0.0	0.0	0.0	0.0	0.0	80.554	80.51	-0.04399999999999693
module_kind	features.2.reduction.input_quant_fn|act_quant	highdrift_damp	1	28	0.0	0.0	0.0	0.0	0.0	0.0	80.554	80.51	-0.04399999999999693
module_kind	features.2.reduction.input_quant_fn|act_quant	movev_damp	1	28	0.0	0.0	0.0	0.0	0.0	0.0	80.554	80.51	-0.04399999999999693
module_kind	features.2.reduction.statsq_fn|weight_quant	highdrift_damp	1	1	0.0	0.0	0.0	0.0	0.0	0.0	80.554	80.51	-0.04399999999999693
module_kind	features.2.reduction.statsq_fn|weight_quant	movev_damp	1	1	0.0	0.0	0.0	0.0	0.0	0.0	80.554	80.51	-0.04399999999999693
module_kind	features.2.reduction.move_b4|move_shift	highdrift_damp	1	384	0.0	0.0	0.0	0.0	0.0	0.0	80.554	80.51	-0.04399999999999693
module_kind	features.2.reduction.move_b4|move_shift	movev_damp	1	384	0.0	0.0	0.0	0.0	0.0	0.0	80.554	80.51	-0.04399999999999693
module_kind	features.2.reduction.move_aft|move_shift	highdrift_damp	1	384	0.0	0.0	0.0	0.0	0.0	0.0	80.554	80.51	-0.04399999999999693
module_kind	features.2.reduction.move_aft|move_shift	movev_damp	1	384	0.0	0.0	0.0	0.0	0.0	0.0	80.554	80.51	-0.04399999999999693
module_kind	features.2.norm|norm	highdrift_damp	2	768	0.0	0.0	0.0	0.0	0.0	0.0	80.554	80.51	-0.04399999999999693
module_kind	features.2.norm|norm	movev_damp	2	768	0.0	0.0	0.0	0.0	0.0	0.0	80.554	80.51	-0.04399999999999693
module_kind	features.3.0.norm1|norm	highdrift_damp	2	384	0.0	0.0	0.0	0.0	0.0	0.0	80.554	80.51	-0.04399999999999693
module_kind	features.3.0.norm1|norm	movev_damp	2	384	0.0	0.0	0.0	0.0	0.0	0.0	80.554	80.51	-0.04399999999999693
module_kind	features.3.0.attn|relpos	highdrift_damp	1	1014	0.0	0.0	0.0	0.0	0.0	0.0	80.554	80.51	-0.04399999999999693
module_kind	features.3.0.attn|relpos	movev_damp	1	1014	0.0	0.0	0.0	0.0	0.0	0.0	80.554	80.51	-0.04399999999999693
module_kind	features.3.0.attn|other	highdrift_damp	2	384	0.0	0.0	0.0	0.0	0.0	0.0	80.554	80.51	-0.04399999999999693
module_kind	features.3.0.attn|other	movev_damp	2	384	0.0	0.0	0.0	0.0	0.0	0.0	80.554	80.51	-0.04399999999999693
module_kind	features.3.0.attn.proj|attn_proj	highdrift_damp	2	37056	0.0	0.0	0.0	0.0	0.0	0.0	80.554	80.51	-0.04399999999999693
module_kind	features.3.0.attn.proj|attn_proj	movev_damp	2	37056	0.0	0.0	0.0	0.0	0.0	0.0	80.554	80.51	-0.04399999999999693
module_kind	features.3.0.attn.proj.input_quant_fn|act_quant	highdrift_damp	1	49	0.0	0.0	0.0	0.0	0.0	0.0	80.554	80.51	-0.04399999999999693
module_kind	features.3.0.attn.proj.input_quant_fn|act_quant	movev_damp	1	49	0.0	0.0	0.0	0.0	0.0	0.0	80.554	80.51	-0.04399999999999693
module_kind	features.3.0.attn.proj.statsq_fn|weight_quant	highdrift_damp	1	1	0.0	0.0	0.0	0.0	0.0	0.0	80.554	80.51	-0.04399999999999693
module_kind	features.3.0.attn.proj.statsq_fn|weight_quant	movev_damp	1	1	0.0	0.0	0.0	0.0	0.0	0.0	80.554	80.51	-0.04399999999999693
module_kind	features.3.0.attn.proj.move_b4|proj_move_shift	highdrift_damp	1	192	0.0	0.0	0.0	0.0	0.0	0.0	80.554	80.51	-0.04399999999999693
module_kind	features.3.0.attn.proj.move_b4|proj_move_shift	movev_damp	1	192	0.0	0.0	0.0	0.0	0.0	0.0	80.554	80.51	-0.04399999999999693
module_kind	features.3.0.attn.proj.move_aft|proj_move_shift	highdrift_damp	1	192	0.0	0.0	0.0	0.0	0.0	0.0	80.554	80.51	-0.04399999999999693
module_kind	features.3.0.attn.proj.move_aft|proj_move_shift	movev_damp	1	192	0.0	0.0	0.0	0.0	0.0	0.0	80.554	80.51	-0.04399999999999693
module_kind	features.3.0.attn.quant_x_4_qkv.input_quant_fn|act_quant	highdrift_damp	1	49	0.0	0.0	0.0	0.0	0.0	0.0	80.554	80.51	-0.04399999999999693
module_kind	features.3.0.attn.quant_x_4_qkv.input_quant_fn|act_quant	movev_damp	1	49	0.0	0.0	0.0	0.0	0.0	0.0	80.554	80.51	-0.04399999999999693
module_kind	features.3.0.attn.quant_x_4_qkv|act_quant	highdrift_damp	2	384	0.0	0.0	0.0	0.0	0.0	0.0	80.554	80.51	-0.04399999999999693
module_kind	features.3.0.attn.quant_x_4_qkv|act_quant	movev_damp	2	384	0.0	0.0	0.0	0.0	0.0	0.0	80.554	80.51	-0.04399999999999693
module_kind	features.3.0.attn.q|attn_qkv	highdrift_damp	1	36864	0.0	0.0	0.0	0.0	0.0	0.0	80.554	80.51	-0.04399999999999693
module_kind	features.3.0.attn.q|attn_qkv	movev_damp	1	36864	0.0	0.0	0.0	0.0	0.0	0.0	80.554	80.51	-0.04399999999999693
module_kind	features.3.0.attn.k|attn_qkv	highdrift_damp	1	36864	0.0	0.0	0.0	0.0	0.0	0.0	80.554	80.51	-0.04399999999999693
module_kind	features.3.0.attn.k|attn_qkv	movev_damp	1	36864	0.0	0.0	0.0	0.0	0.0	0.0	80.554	80.51	-0.04399999999999693
module_kind	features.3.0.attn.v|attn_qkv	highdrift_damp	2	37056	0.0	0.0	0.0	0.0	0.0	0.0	80.554	80.51	-0.04399999999999693
module_kind	features.3.0.attn.v|attn_qkv	movev_damp	2	37056	0.0	0.0	0.0	0.0	0.0	0.0	80.554	80.51	-0.04399999999999693
module_kind	features.3.0.attn.qk_quant|weight_quant	highdrift_damp	1	1	0.0	0.0	0.0	0.0	0.0	0.0	80.554	80.51	-0.04399999999999693
module_kind	features.3.0.attn.qk_quant|weight_quant	movev_damp	1	1	0.0	0.0	0.0	0.0	0.0	0.0	80.554	80.51	-0.04399999999999693
module_kind	features.3.0.attn.v_quant|weight_quant	highdrift_damp	1	1	0.0	0.0	0.0	0.0	0.0	0.0	80.554	80.51	-0.04399999999999693
module_kind	features.3.0.attn.v_quant|weight_quant	movev_damp	1	1	0.0	0.0	0.0	0.0	0.0	0.0	80.554	80.51	-0.04399999999999693
module_kind	features.3.0.attn.quan_a_qkx_fn|act_quant	highdrift_damp	1	294	0.0	0.0	0.0	0.0	0.0	0.0	80.554	80.51	-0.04399999999999693
module_kind	features.3.0.attn.quan_a_qkx_fn|act_quant	movev_damp	1	294	0.0	0.0	0.0	0.0	0.0	0.0	80.554	80.51	-0.04399999999999693
module_kind	features.3.0.attn.quan_a_v_fn|act_quant	highdrift_damp	1	192	0.0	0.0	0.0	0.0	0.0	0.0	80.554	80.51	-0.04399999999999693
module_kind	features.3.0.attn.quan_a_v_fn|act_quant	movev_damp	1	192	0.0	0.0	0.0	0.0	0.0	0.0	80.554	80.51	-0.04399999999999693
module_kind	features.3.0.attn.move_qkx_b4|move_shift	highdrift_damp	1	1152	0.0	0.0	0.0	0.0	0.0	0.0	80.554	80.51	-0.04399999999999693
module_kind	features.3.0.attn.move_qkx_b4|move_shift	movev_damp	1	1152	0.0	0.0	0.0	0.0	0.0	0.0	80.554	80.51	-0.04399999999999693
module_kind	features.3.0.attn.move_qkx_aft|move_shift	highdrift_damp	1	1152	0.0	0.0	0.0	0.0	0.0	0.0	80.554	80.51	-0.04399999999999693
module_kind	features.3.0.attn.move_qkx_aft|move_shift	movev_damp	1	1152	0.0	0.0	0.0	0.0	0.0	0.0	80.554	80.51	-0.04399999999999693
module_kind	features.3.0.attn.move_v_b4|move_v_shift	highdrift_damp	1	192	0.0	0.0	0.0	0.0	0.0	0.0	80.554	80.51	-0.04399999999999693
module_kind	features.3.0.attn.move_v_b4|move_v_shift	movev_damp	1	192	0.0	0.0	0.0	0.0	0.0	0.0	80.554	80.51	-0.04399999999999693
module_kind	features.3.0.attn.move_v_aft|move_v_shift	highdrift_damp	1	192	0.0	0.0	0.0	0.0	0.0	0.0	80.554	80.51	-0.04399999999999693
module_kind	features.3.0.attn.move_v_aft|move_v_shift	movev_damp	1	192	0.0	0.0	0.0	0.0	0.0	0.0	80.554	80.51	-0.04399999999999693
module_kind	features.3.0.attn.quan_a_softmax_fn|softmax_quant	highdrift_damp	1	49	0.0	0.0	0.0	0.0	0.0	0.0	80.554	80.51	-0.04399999999999693
module_kind	features.3.0.attn.quan_a_softmax_fn|softmax_quant	movev_damp	1	49	0.0	0.0	0.0	0.0	0.0	0.0	80.554	80.51	-0.04399999999999693
module_kind	features.3.0.norm2|norm	highdrift_damp	2	384	0.0	0.0	0.0	0.0	0.0	0.0	80.554	80.51	-0.04399999999999693
module_kind	features.3.0.norm2|norm	movev_damp	2	384	0.0	0.0	0.0	0.0	0.0	0.0	80.554	80.51	-0.04399999999999693
module_kind	features.3.0.mlp.fc1|mlp	highdrift_damp	2	148224	0.0	0.0	0.0	0.0	0.0	0.0	80.554	80.51	-0.04399999999999693
module_kind	features.3.0.mlp.fc1|mlp	movev_damp	2	148224	0.0	0.0	0.0	0.0	0.0	0.0	80.554	80.51	-0.04399999999999693
module_kind	features.3.0.mlp.fc1.input_quant_fn|act_quant	highdrift_damp	1	28	0.0	0.0	0.0	0.0	0.0	0.0	80.554	80.51	-0.04399999999999693
module_kind	features.3.0.mlp.fc1.input_quant_fn|act_quant	movev_damp	1	28	0.0	0.0	0.0	0.0	0.0	0.0	80.554	80.51	-0.04399999999999693
module_kind	features.3.0.mlp.fc1.statsq_fn|weight_quant	highdrift_damp	1	1	0.0	0.0	0.0	0.0	0.0	0.0	80.554	80.51	-0.04399999999999693
module_kind	features.3.0.mlp.fc1.statsq_fn|weight_quant	movev_damp	1	1	0.0	0.0	0.0	0.0	0.0	0.0	80.554	80.51	-0.04399999999999693
module_kind	features.3.0.mlp.fc1.move_b4|move_shift	highdrift_damp	1	192	0.0	0.0	0.0	0.0	0.0	0.0	80.554	80.51	-0.04399999999999693
module_kind	features.3.0.mlp.fc1.move_b4|move_shift	movev_damp	1	192	0.0	0.0	0.0	0.0	0.0	0.0	80.554	80.51	-0.04399999999999693
module_kind	features.3.0.mlp.fc1.move_aft|move_shift	highdrift_damp	1	192	0.0	0.0	0.0	0.0	0.0	0.0	80.554	80.51	-0.04399999999999693
module_kind	features.3.0.mlp.fc1.move_aft|move_shift	movev_damp	1	192	0.0	0.0	0.0	0.0	0.0	0.0	80.554	80.51	-0.04399999999999693
module_kind	features.3.0.mlp.fc2|mlp	highdrift_damp	2	147648	0.0	0.0	0.0	0.0	0.0	0.0	80.554	80.51	-0.04399999999999693
module_kind	features.3.0.mlp.fc2|mlp	movev_damp	2	147648	0.0	0.0	0.0	0.0	0.0	0.0	80.554	80.51	-0.04399999999999693
module_kind	features.3.0.mlp.fc2.input_quant_fn|act_quant	highdrift_damp	1	28	0.0	0.0	0.0	0.0	0.0	0.0	80.554	80.51	-0.04399999999999693
module_kind	features.3.0.mlp.fc2.input_quant_fn|act_quant	movev_damp	1	28	0.0	0.0	0.0	0.0	0.0	0.0	80.554	80.51	-0.04399999999999693
module_kind	features.3.0.mlp.fc2.statsq_fn|weight_quant	highdrift_damp	1	1	0.0	0.0	0.0	0.0	0.0	0.0	80.554	80.51	-0.04399999999999693
module_kind	features.3.0.mlp.fc2.statsq_fn|weight_quant	movev_damp	1	1	0.0	0.0	0.0	0.0	0.0	0.0	80.554	80.51	-0.04399999999999693
module_kind	features.3.0.mlp.fc2.move_b4|move_shift	highdrift_damp	1	768	0.0	0.0	0.0	0.0	0.0	0.0	80.554	80.51	-0.04399999999999693
module_kind	features.3.0.mlp.fc2.move_b4|move_shift	movev_damp	1	768	0.0	0.0	0.0	0.0	0.0	0.0	80.554	80.51	-0.04399999999999693
module_kind	features.3.0.mlp.fc2.move_aft|move_shift	highdrift_damp	1	768	0.0	0.0	0.0	0.0	0.0	0.0	80.554	80.51	-0.04399999999999693
module_kind	features.3.0.mlp.fc2.move_aft|move_shift	movev_damp	1	768	0.0	0.0	0.0	0.0	0.0	0.0	80.554	80.51	-0.04399999999999693
module_kind	features.3.1.norm1|norm	highdrift_damp	2	384	0.0	0.0	0.0	0.0	0.0	0.0	80.554	80.51	-0.04399999999999693
module_kind	features.3.1.norm1|norm	movev_damp	2	384	0.0	0.0	0.0	0.0	0.0	0.0	80.554	80.51	-0.04399999999999693
module_kind	features.3.1.attn|relpos	highdrift_damp	1	1014	0.0	0.0	0.0	0.0	0.0	0.0	80.554	80.51	-0.04399999999999693
module_kind	features.3.1.attn|relpos	movev_damp	1	1014	0.0	0.0	0.0	0.0	0.0	0.0	80.554	80.51	-0.04399999999999693
module_kind	features.3.1.attn|other	highdrift_damp	2	384	0.0	0.0	0.0	0.0	0.0	0.0	80.554	80.51	-0.04399999999999693
module_kind	features.3.1.attn|other	movev_damp	2	384	0.0	0.0	0.0	0.0	0.0	0.0	80.554	80.51	-0.04399999999999693
module_kind	features.3.1.attn.proj|attn_proj	highdrift_damp	2	37056	0.0	0.0	0.0	0.0	0.0	0.0	80.554	80.51	-0.04399999999999693
module_kind	features.3.1.attn.proj|attn_proj	movev_damp	2	37056	0.0	0.0	0.0	0.0	0.0	0.0	80.554	80.51	-0.04399999999999693
module_kind	features.3.1.attn.proj.input_quant_fn|act_quant	highdrift_damp	1	49	0.0	0.0	0.0	0.0	0.0	0.0	80.554	80.51	-0.04399999999999693
module_kind	features.3.1.attn.proj.input_quant_fn|act_quant	movev_damp	1	49	0.0	0.0	0.0	0.0	0.0	0.0	80.554	80.51	-0.04399999999999693
module_kind	features.3.1.attn.proj.statsq_fn|weight_quant	highdrift_damp	1	1	0.0	0.0	0.0	0.0	0.0	0.0	80.554	80.51	-0.04399999999999693
module_kind	features.3.1.attn.proj.statsq_fn|weight_quant	movev_damp	1	1	0.0	0.0	0.0	0.0	0.0	0.0	80.554	80.51	-0.04399999999999693
module_kind	features.3.1.attn.proj.move_b4|proj_move_shift	highdrift_damp	1	192	0.0	0.0	0.0	0.0	0.0	0.0	80.554	80.51	-0.04399999999999693
module_kind	features.3.1.attn.proj.move_b4|proj_move_shift	movev_damp	1	192	0.0	0.0	0.0	0.0	0.0	0.0	80.554	80.51	-0.04399999999999693
module_kind	features.3.1.attn.proj.move_aft|proj_move_shift	highdrift_damp	1	192	0.0	0.0	0.0	0.0	0.0	0.0	80.554	80.51	-0.04399999999999693
module_kind	features.3.1.attn.proj.move_aft|proj_move_shift	movev_damp	1	192	0.0	0.0	0.0	0.0	0.0	0.0	80.554	80.51	-0.04399999999999693
module_kind	features.3.1.attn.quant_x_4_qkv.input_quant_fn|act_quant	highdrift_damp	1	49	0.0	0.0	0.0	0.0	0.0	0.0	80.554	80.51	-0.04399999999999693
module_kind	features.3.1.attn.quant_x_4_qkv.input_quant_fn|act_quant	movev_damp	1	49	0.0	0.0	0.0	0.0	0.0	0.0	80.554	80.51	-0.04399999999999693
module_kind	features.3.1.attn.quant_x_4_qkv|act_quant	highdrift_damp	2	384	0.0	0.0	0.0	0.0	0.0	0.0	80.554	80.51	-0.04399999999999693
module_kind	features.3.1.attn.quant_x_4_qkv|act_quant	movev_damp	2	384	0.0	0.0	0.0	0.0	0.0	0.0	80.554	80.51	-0.04399999999999693
module_kind	features.3.1.attn.q|attn_qkv	highdrift_damp	1	36864	0.0	0.0	0.0	0.0	0.0	0.0	80.554	80.51	-0.04399999999999693
module_kind	features.3.1.attn.q|attn_qkv	movev_damp	1	36864	0.0	0.0	0.0	0.0	0.0	0.0	80.554	80.51	-0.04399999999999693
module_kind	features.3.1.attn.k|attn_qkv	highdrift_damp	1	36864	0.0	0.0	0.0	0.0	0.0	0.0	80.554	80.51	-0.04399999999999693
module_kind	features.3.1.attn.k|attn_qkv	movev_damp	1	36864	0.0	0.0	0.0	0.0	0.0	0.0	80.554	80.51	-0.04399999999999693
module_kind	features.3.1.attn.v|attn_qkv	highdrift_damp	2	37056	0.0	0.0	0.0	0.0	0.0	0.0	80.554	80.51	-0.04399999999999693
module_kind	features.3.1.attn.v|attn_qkv	movev_damp	2	37056	0.0	0.0	0.0	0.0	0.0	0.0	80.554	80.51	-0.04399999999999693
module_kind	features.3.1.attn.qk_quant|weight_quant	highdrift_damp	1	1	0.0	0.0	0.0	0.0	0.0	0.0	80.554	80.51	-0.04399999999999693
module_kind	features.3.1.attn.qk_quant|weight_quant	movev_damp	1	1	0.0	0.0	0.0	0.0	0.0	0.0	80.554	80.51	-0.04399999999999693
module_kind	features.3.1.attn.v_quant|weight_quant	highdrift_damp	1	1	0.0	0.0	0.0	0.0	0.0	0.0	80.554	80.51	-0.04399999999999693
module_kind	features.3.1.attn.v_quant|weight_quant	movev_damp	1	1	0.0	0.0	0.0	0.0	0.0	0.0	80.554	80.51	-0.04399999999999693
module_kind	features.3.1.attn.quan_a_qkx_fn|act_quant	highdrift_damp	1	294	0.0	0.0	0.0	0.0	0.0	0.0	80.554	80.51	-0.04399999999999693
module_kind	features.3.1.attn.quan_a_qkx_fn|act_quant	movev_damp	1	294	0.0	0.0	0.0	0.0	0.0	0.0	80.554	80.51	-0.04399999999999693
module_kind	features.3.1.attn.quan_a_v_fn|act_quant	highdrift_damp	1	192	0.0	0.0	0.0	0.0	0.0	0.0	80.554	80.51	-0.04399999999999693
module_kind	features.3.1.attn.quan_a_v_fn|act_quant	movev_damp	1	192	0.0	0.0	0.0	0.0	0.0	0.0	80.554	80.51	-0.04399999999999693
module_kind	features.3.1.attn.move_qkx_b4|move_shift	highdrift_damp	1	1152	0.0	0.0	0.0	0.0	0.0	0.0	80.554	80.51	-0.04399999999999693
module_kind	features.3.1.attn.move_qkx_b4|move_shift	movev_damp	1	1152	0.0	0.0	0.0	0.0	0.0	0.0	80.554	80.51	-0.04399999999999693
module_kind	features.3.1.attn.move_qkx_aft|move_shift	highdrift_damp	1	1152	0.0	0.0	0.0	0.0	0.0	0.0	80.554	80.51	-0.04399999999999693
module_kind	features.3.1.attn.move_qkx_aft|move_shift	movev_damp	1	1152	0.0	0.0	0.0	0.0	0.0	0.0	80.554	80.51	-0.04399999999999693
module_kind	features.3.1.attn.move_v_b4|move_v_shift	highdrift_damp	1	192	0.0	0.0	0.0	0.0	0.0	0.0	80.554	80.51	-0.04399999999999693
module_kind	features.3.1.attn.move_v_b4|move_v_shift	movev_damp	1	192	0.0	0.0	0.0	0.0	0.0	0.0	80.554	80.51	-0.04399999999999693
module_kind	features.3.1.attn.move_v_aft|move_v_shift	highdrift_damp	1	192	0.0	0.0	0.0	0.0	0.0	0.0	80.554	80.51	-0.04399999999999693
module_kind	features.3.1.attn.move_v_aft|move_v_shift	movev_damp	1	192	0.0	0.0	0.0	0.0	0.0	0.0	80.554	80.51	-0.04399999999999693
module_kind	features.3.1.attn.quan_a_softmax_fn|softmax_quant	highdrift_damp	1	49	0.0	0.0	0.0	0.0	0.0	0.0	80.554	80.51	-0.04399999999999693
module_kind	features.3.1.attn.quan_a_softmax_fn|softmax_quant	movev_damp	1	49	0.0	0.0	0.0	0.0	0.0	0.0	80.554	80.51	-0.04399999999999693
module_kind	features.3.1.norm2|norm	highdrift_damp	2	384	0.0	0.0	0.0	0.0	0.0	0.0	80.554	80.51	-0.04399999999999693
module_kind	features.3.1.norm2|norm	movev_damp	2	384	0.0	0.0	0.0	0.0	0.0	0.0	80.554	80.51	-0.04399999999999693
module_kind	features.3.1.mlp.fc1|mlp	highdrift_damp	2	148224	0.0	0.0	0.0	0.0	0.0	0.0	80.554	80.51	-0.04399999999999693
module_kind	features.3.1.mlp.fc1|mlp	movev_damp	2	148224	0.0	0.0	0.0	0.0	0.0	0.0	80.554	80.51	-0.04399999999999693
module_kind	features.3.1.mlp.fc1.input_quant_fn|act_quant	highdrift_damp	1	28	0.0	0.0	0.0	0.0	0.0	0.0	80.554	80.51	-0.04399999999999693
module_kind	features.3.1.mlp.fc1.input_quant_fn|act_quant	movev_damp	1	28	0.0	0.0	0.0	0.0	0.0	0.0	80.554	80.51	-0.04399999999999693
module_kind	features.3.1.mlp.fc1.statsq_fn|weight_quant	highdrift_damp	1	1	0.0	0.0	0.0	0.0	0.0	0.0	80.554	80.51	-0.04399999999999693
module_kind	features.3.1.mlp.fc1.statsq_fn|weight_quant	movev_damp	1	1	0.0	0.0	0.0	0.0	0.0	0.0	80.554	80.51	-0.04399999999999693
module_kind	features.3.1.mlp.fc1.move_b4|move_shift	highdrift_damp	1	192	0.0	0.0	0.0	0.0	0.0	0.0	80.554	80.51	-0.04399999999999693
module_kind	features.3.1.mlp.fc1.move_b4|move_shift	movev_damp	1	192	0.0	0.0	0.0	0.0	0.0	0.0	80.554	80.51	-0.04399999999999693
module_kind	features.3.1.mlp.fc1.move_aft|move_shift	highdrift_damp	1	192	0.0	0.0	0.0	0.0	0.0	0.0	80.554	80.51	-0.04399999999999693
module_kind	features.3.1.mlp.fc1.move_aft|move_shift	movev_damp	1	192	0.0	0.0	0.0	0.0	0.0	0.0	80.554	80.51	-0.04399999999999693
module_kind	features.3.1.mlp.fc2|mlp	highdrift_damp	2	147648	0.0	0.0	0.0	0.0	0.0	0.0	80.554	80.51	-0.04399999999999693
module_kind	features.3.1.mlp.fc2|mlp	movev_damp	2	147648	0.0	0.0	0.0	0.0	0.0	0.0	80.554	80.51	-0.04399999999999693
module_kind	features.3.1.mlp.fc2.input_quant_fn|act_quant	highdrift_damp	1	28	0.0	0.0	0.0	0.0	0.0	0.0	80.554	80.51	-0.04399999999999693
module_kind	features.3.1.mlp.fc2.input_quant_fn|act_quant	movev_damp	1	28	0.0	0.0	0.0	0.0	0.0	0.0	80.554	80.51	-0.04399999999999693
module_kind	features.3.1.mlp.fc2.statsq_fn|weight_quant	highdrift_damp	1	1	0.0	0.0	0.0	0.0	0.0	0.0	80.554	80.51	-0.04399999999999693
module_kind	features.3.1.mlp.fc2.statsq_fn|weight_quant	movev_damp	1	1	0.0	0.0	0.0	0.0	0.0	0.0	80.554	80.51	-0.04399999999999693
module_kind	features.3.1.mlp.fc2.move_b4|move_shift	highdrift_damp	1	768	0.0	0.0	0.0	0.0	0.0	0.0	80.554	80.51	-0.04399999999999693
module_kind	features.3.1.mlp.fc2.move_b4|move_shift	movev_damp	1	768	0.0	0.0	0.0	0.0	0.0	0.0	80.554	80.51	-0.04399999999999693
module_kind	features.3.1.mlp.fc2.move_aft|move_shift	highdrift_damp	1	768	0.0	0.0	0.0	0.0	0.0	0.0	80.554	80.51	-0.04399999999999693
module_kind	features.3.1.mlp.fc2.move_aft|move_shift	movev_damp	1	768	0.0	0.0	0.0	0.0	0.0	0.0	80.554	80.51	-0.04399999999999693
module_kind	features.4.reduction|other	highdrift_damp	2	295296	0.0	0.0	0.0	0.0	0.0	0.0	80.554	80.51	-0.04399999999999693
module_kind	features.4.reduction|other	movev_damp	2	295296	0.0	0.0	0.0	0.0	0.0	0.0	80.554	80.51	-0.04399999999999693
module_kind	features.4.reduction.input_quant_fn|act_quant	highdrift_damp	1	14	0.0	0.0	0.0	0.0	0.0	0.0	80.554	80.51	-0.04399999999999693
module_kind	features.4.reduction.input_quant_fn|act_quant	movev_damp	1	14	0.0	0.0	0.0	0.0	0.0	0.0	80.554	80.51	-0.04399999999999693
module_kind	features.4.reduction.statsq_fn|weight_quant	highdrift_damp	1	1	0.0	0.0	0.0	0.0	0.0	0.0	80.554	80.51	-0.04399999999999693
module_kind	features.4.reduction.statsq_fn|weight_quant	movev_damp	1	1	0.0	0.0	0.0	0.0	0.0	0.0	80.554	80.51	-0.04399999999999693
module_kind	features.4.reduction.move_b4|move_shift	highdrift_damp	1	768	0.0	0.0	0.0	0.0	0.0	0.0	80.554	80.51	-0.04399999999999693
module_kind	features.4.reduction.move_b4|move_shift	movev_damp	1	768	0.0	0.0	0.0	0.0	0.0	0.0	80.554	80.51	-0.04399999999999693
module_kind	features.4.reduction.move_aft|move_shift	highdrift_damp	1	768	0.0	0.0	0.0	0.0	0.0	0.0	80.554	80.51	-0.04399999999999693
module_kind	features.4.reduction.move_aft|move_shift	movev_damp	1	768	0.0	0.0	0.0	0.0	0.0	0.0	80.554	80.51	-0.04399999999999693
module_kind	features.4.norm|norm	highdrift_damp	2	1536	0.0	0.0	0.0	0.0	0.0	0.0	80.554	80.51	-0.04399999999999693
module_kind	features.4.norm|norm	movev_damp	2	1536	0.0	0.0	0.0	0.0	0.0	0.0	80.554	80.51	-0.04399999999999693
module_kind	features.5.0.norm1|norm	highdrift_damp	2	768	0.0	0.0	0.0	0.0	0.0	0.0	80.554	80.51	-0.04399999999999693
module_kind	features.5.0.norm1|norm	movev_damp	2	768	0.0	0.0	0.0	0.0	0.0	0.0	80.554	80.51	-0.04399999999999693
module_kind	features.5.0.attn|relpos	highdrift_damp	1	2028	0.0	0.0	0.0	0.0	0.0	0.0	80.554	80.51	-0.04399999999999693
module_kind	features.5.0.attn|relpos	movev_damp	1	2028	0.0	0.0	0.0	0.0	0.0	0.0	80.554	80.51	-0.04399999999999693
module_kind	features.5.0.attn|other	highdrift_damp	2	768	0.0	0.0	0.0	0.0	0.0	0.0	80.554	80.51	-0.04399999999999693
module_kind	features.5.0.attn|other	movev_damp	2	768	0.0	0.0	0.0	0.0	0.0	0.0	80.554	80.51	-0.04399999999999693
module_kind	features.5.0.attn.proj|attn_proj	highdrift_damp	2	147840	0.0	0.0	0.0	0.0	0.0	0.0	80.554	80.51	-0.04399999999999693
module_kind	features.5.0.attn.proj|attn_proj	movev_damp	2	147840	0.0	0.0	0.0	0.0	0.0	0.0	80.554	80.51	-0.04399999999999693
module_kind	features.5.0.attn.proj.input_quant_fn|act_quant	highdrift_damp	1	49	0.0	0.0	0.0	0.0	0.0	0.0	80.554	80.51	-0.04399999999999693
module_kind	features.5.0.attn.proj.input_quant_fn|act_quant	movev_damp	1	49	0.0	0.0	0.0	0.0	0.0	0.0	80.554	80.51	-0.04399999999999693
module_kind	features.5.0.attn.proj.statsq_fn|weight_quant	highdrift_damp	1	1	0.0	0.0	0.0	0.0	0.0	0.0	80.554	80.51	-0.04399999999999693
module_kind	features.5.0.attn.proj.statsq_fn|weight_quant	movev_damp	1	1	0.0	0.0	0.0	0.0	0.0	0.0	80.554	80.51	-0.04399999999999693
module_kind	features.5.0.attn.proj.move_b4|proj_move_shift	highdrift_damp	1	384	0.0	0.0	0.0	0.0	0.0	0.0	80.554	80.51	-0.04399999999999693
module_kind	features.5.0.attn.proj.move_b4|proj_move_shift	movev_damp	1	384	0.0	0.0	0.0	0.0	0.0	0.0	80.554	80.51	-0.04399999999999693
module_kind	features.5.0.attn.proj.move_aft|proj_move_shift	highdrift_damp	1	384	0.0	0.0	0.0	0.0	0.0	0.0	80.554	80.51	-0.04399999999999693
module_kind	features.5.0.attn.proj.move_aft|proj_move_shift	movev_damp	1	384	0.0	0.0	0.0	0.0	0.0	0.0	80.554	80.51	-0.04399999999999693
module_kind	features.5.0.attn.quant_x_4_qkv.input_quant_fn|act_quant	highdrift_damp	1	49	0.0	0.0	0.0	0.0	0.0	0.0	80.554	80.51	-0.04399999999999693
module_kind	features.5.0.attn.quant_x_4_qkv.input_quant_fn|act_quant	movev_damp	1	49	0.0	0.0	0.0	0.0	0.0	0.0	80.554	80.51	-0.04399999999999693
module_kind	features.5.0.attn.quant_x_4_qkv|act_quant	highdrift_damp	2	768	0.0	0.0	0.0	0.0	0.0	0.0	80.554	80.51	-0.04399999999999693
module_kind	features.5.0.attn.quant_x_4_qkv|act_quant	movev_damp	2	768	0.0	0.0	0.0	0.0	0.0	0.0	80.554	80.51	-0.04399999999999693
module_kind	features.5.0.attn.q|attn_qkv	highdrift_damp	1	147456	0.0	0.0	0.0	0.0	0.0	0.0	80.554	80.51	-0.04399999999999693
module_kind	features.5.0.attn.q|attn_qkv	movev_damp	1	147456	0.0	0.0	0.0	0.0	0.0	0.0	80.554	80.51	-0.04399999999999693
module_kind	features.5.0.attn.k|attn_qkv	highdrift_damp	1	147456	0.0	0.0	0.0	0.0	0.0	0.0	80.554	80.51	-0.04399999999999693
module_kind	features.5.0.attn.k|attn_qkv	movev_damp	1	147456	0.0	0.0	0.0	0.0	0.0	0.0	80.554	80.51	-0.04399999999999693
module_kind	features.5.0.attn.v|attn_qkv	highdrift_damp	2	147840	0.0	0.0	0.0	0.0	0.0	0.0	80.554	80.51	-0.04399999999999693
module_kind	features.5.0.attn.v|attn_qkv	movev_damp	2	147840	0.0	0.0	0.0	0.0	0.0	0.0	80.554	80.51	-0.04399999999999693
module_kind	features.5.0.attn.qk_quant|weight_quant	highdrift_damp	1	1	0.0	0.0	0.0	0.0	0.0	0.0	80.554	80.51	-0.04399999999999693
module_kind	features.5.0.attn.qk_quant|weight_quant	movev_damp	1	1	0.0	0.0	0.0	0.0	0.0	0.0	80.554	80.51	-0.04399999999999693
module_kind	features.5.0.attn.v_quant|weight_quant	highdrift_damp	1	1	0.0	0.0	0.0	0.0	0.0	0.0	80.554	80.51	-0.04399999999999693
module_kind	features.5.0.attn.v_quant|weight_quant	movev_damp	1	1	0.0	0.0	0.0	0.0	0.0	0.0	80.554	80.51	-0.04399999999999693
module_kind	features.5.0.attn.quan_a_qkx_fn|act_quant	highdrift_damp	1	588	0.0	0.0	0.0	0.0	0.0	0.0	80.554	80.51	-0.04399999999999693
module_kind	features.5.0.attn.quan_a_qkx_fn|act_quant	movev_damp	1	588	0.0	0.0	0.0	0.0	0.0	0.0	80.554	80.51	-0.04399999999999693
module_kind	features.5.0.attn.quan_a_v_fn|act_quant	highdrift_damp	1	384	0.0	0.0	0.0	0.0	0.0	0.0	80.554	80.51	-0.04399999999999693
module_kind	features.5.0.attn.quan_a_v_fn|act_quant	movev_damp	1	384	0.0	0.0	0.0	0.0	0.0	0.0	80.554	80.51	-0.04399999999999693
module_kind	features.5.0.attn.move_qkx_b4|move_shift	highdrift_damp	1	4608	0.0	0.0	0.0	0.0	0.0	0.0	80.554	80.51	-0.04399999999999693
module_kind	features.5.0.attn.move_qkx_b4|move_shift	movev_damp	1	4608	0.0	0.0	0.0	0.0	0.0	0.0	80.554	80.51	-0.04399999999999693
module_kind	features.5.0.attn.move_qkx_aft|move_shift	highdrift_damp	1	4608	0.0	0.0	0.0	0.0	0.0	0.0	80.554	80.51	-0.04399999999999693
module_kind	features.5.0.attn.move_qkx_aft|move_shift	movev_damp	1	4608	0.0	0.0	0.0	0.0	0.0	0.0	80.554	80.51	-0.04399999999999693
module_kind	features.5.0.attn.move_v_b4|move_v_shift	highdrift_damp	1	384	0.0	0.0	0.0	0.0	0.0	0.0	80.554	80.51	-0.04399999999999693
module_kind	features.5.0.attn.move_v_b4|move_v_shift	movev_damp	1	384	0.0	0.0	0.0	0.0	0.0	0.0	80.554	80.51	-0.04399999999999693
module_kind	features.5.0.attn.move_v_aft|move_v_shift	highdrift_damp	1	384	0.0	0.0	0.0	0.0	0.0	0.0	80.554	80.51	-0.04399999999999693
module_kind	features.5.0.attn.move_v_aft|move_v_shift	movev_damp	1	384	0.0	0.0	0.0	0.0	0.0	0.0	80.554	80.51	-0.04399999999999693
module_kind	features.5.0.attn.quan_a_softmax_fn|softmax_quant	highdrift_damp	1	49	0.0	0.0	0.0	0.0	0.0	0.0	80.554	80.51	-0.04399999999999693
module_kind	features.5.0.attn.quan_a_softmax_fn|softmax_quant	movev_damp	1	49	0.0	0.0	0.0	0.0	0.0	0.0	80.554	80.51	-0.04399999999999693
module_kind	features.5.0.norm2|norm	highdrift_damp	2	768	0.0	0.0	0.0	0.0	0.0	0.0	80.554	80.51	-0.04399999999999693
module_kind	features.5.0.norm2|norm	movev_damp	2	768	0.0	0.0	0.0	0.0	0.0	0.0	80.554	80.51	-0.04399999999999693
module_kind	features.5.0.mlp.fc1|mlp	highdrift_damp	2	591360	0.0	0.0	0.0	0.0	0.0	0.0	80.554	80.51	-0.04399999999999693
module_kind	features.5.0.mlp.fc1|mlp	movev_damp	2	591360	0.0	0.0	0.0	0.0	0.0	0.0	80.554	80.51	-0.04399999999999693
module_kind	features.5.0.mlp.fc1.input_quant_fn|act_quant	highdrift_damp	1	14	0.0	0.0	0.0	0.0	0.0	0.0	80.554	80.51	-0.04399999999999693
module_kind	features.5.0.mlp.fc1.input_quant_fn|act_quant	movev_damp	1	14	0.0	0.0	0.0	0.0	0.0	0.0	80.554	80.51	-0.04399999999999693
module_kind	features.5.0.mlp.fc1.statsq_fn|weight_quant	highdrift_damp	1	1	0.0	0.0	0.0	0.0	0.0	0.0	80.554	80.51	-0.04399999999999693
module_kind	features.5.0.mlp.fc1.statsq_fn|weight_quant	movev_damp	1	1	0.0	0.0	0.0	0.0	0.0	0.0	80.554	80.51	-0.04399999999999693
module_kind	features.5.0.mlp.fc1.move_b4|move_shift	highdrift_damp	1	384	0.0	0.0	0.0	0.0	0.0	0.0	80.554	80.51	-0.04399999999999693
module_kind	features.5.0.mlp.fc1.move_b4|move_shift	movev_damp	1	384	0.0	0.0	0.0	0.0	0.0	0.0	80.554	80.51	-0.04399999999999693
module_kind	features.5.0.mlp.fc1.move_aft|move_shift	highdrift_damp	1	384	0.0	0.0	0.0	0.0	0.0	0.0	80.554	80.51	-0.04399999999999693
module_kind	features.5.0.mlp.fc1.move_aft|move_shift	movev_damp	1	384	0.0	0.0	0.0	0.0	0.0	0.0	80.554	80.51	-0.04399999999999693
module_kind	features.5.0.mlp.fc2|mlp	highdrift_damp	2	590208	0.0	0.0	0.0	0.0	0.0	0.0	80.554	80.51	-0.04399999999999693
module_kind	features.5.0.mlp.fc2|mlp	movev_damp	2	590208	0.0	0.0	0.0	0.0	0.0	0.0	80.554	80.51	-0.04399999999999693
module_kind	features.5.0.mlp.fc2.input_quant_fn|act_quant	highdrift_damp	1	14	0.0	0.0	0.0	0.0	0.0	0.0	80.554	80.51	-0.04399999999999693
module_kind	features.5.0.mlp.fc2.input_quant_fn|act_quant	movev_damp	1	14	0.0	0.0	0.0	0.0	0.0	0.0	80.554	80.51	-0.04399999999999693
module_kind	features.5.0.mlp.fc2.statsq_fn|weight_quant	highdrift_damp	1	1	0.0	0.0	0.0	0.0	0.0	0.0	80.554	80.51	-0.04399999999999693
module_kind	features.5.0.mlp.fc2.statsq_fn|weight_quant	movev_damp	1	1	0.0	0.0	0.0	0.0	0.0	0.0	80.554	80.51	-0.04399999999999693
module_kind	features.5.0.mlp.fc2.move_b4|move_shift	highdrift_damp	1	1536	0.0	0.0	0.0	0.0	0.0	0.0	80.554	80.51	-0.04399999999999693
module_kind	features.5.0.mlp.fc2.move_b4|move_shift	movev_damp	1	1536	0.0	0.0	0.0	0.0	0.0	0.0	80.554	80.51	-0.04399999999999693
module_kind	features.5.0.mlp.fc2.move_aft|move_shift	highdrift_damp	1	1536	0.0	0.0	0.0	0.0	0.0	0.0	80.554	80.51	-0.04399999999999693
module_kind	features.5.0.mlp.fc2.move_aft|move_shift	movev_damp	1	1536	0.0	0.0	0.0	0.0	0.0	0.0	80.554	80.51	-0.04399999999999693
module_kind	features.5.1.norm1|norm	highdrift_damp	2	768	0.0	0.0	0.0	0.0	0.0	0.0	80.554	80.51	-0.04399999999999693
module_kind	features.5.1.norm1|norm	movev_damp	2	768	0.0	0.0	0.0	0.0	0.0	0.0	80.554	80.51	-0.04399999999999693
module_kind	features.5.1.attn|relpos	highdrift_damp	1	2028	0.0	0.0	0.0	0.0	0.0	0.0	80.554	80.51	-0.04399999999999693
module_kind	features.5.1.attn|relpos	movev_damp	1	2028	0.0	0.0	0.0	0.0	0.0	0.0	80.554	80.51	-0.04399999999999693
module_kind	features.5.1.attn|other	highdrift_damp	2	768	0.0	0.0	0.0	0.0	0.0	0.0	80.554	80.51	-0.04399999999999693
module_kind	features.5.1.attn|other	movev_damp	2	768	0.0	0.0	0.0	0.0	0.0	0.0	80.554	80.51	-0.04399999999999693
module_kind	features.5.1.attn.proj|attn_proj	highdrift_damp	2	147840	0.0	0.0	0.0	0.0	0.0	0.0	80.554	80.51	-0.04399999999999693
module_kind	features.5.1.attn.proj|attn_proj	movev_damp	2	147840	0.0	0.0	0.0	0.0	0.0	0.0	80.554	80.51	-0.04399999999999693
module_kind	features.5.1.attn.proj.input_quant_fn|act_quant	highdrift_damp	1	49	0.0	0.0	0.0	0.0	0.0	0.0	80.554	80.51	-0.04399999999999693
module_kind	features.5.1.attn.proj.input_quant_fn|act_quant	movev_damp	1	49	0.0	0.0	0.0	0.0	0.0	0.0	80.554	80.51	-0.04399999999999693
module_kind	features.5.1.attn.proj.statsq_fn|weight_quant	highdrift_damp	1	1	0.0	0.0	0.0	0.0	0.0	0.0	80.554	80.51	-0.04399999999999693
module_kind	features.5.1.attn.proj.statsq_fn|weight_quant	movev_damp	1	1	0.0	0.0	0.0	0.0	0.0	0.0	80.554	80.51	-0.04399999999999693
module_kind	features.5.1.attn.proj.move_b4|proj_move_shift	highdrift_damp	1	384	0.0	0.0	0.0	0.0	0.0	0.0	80.554	80.51	-0.04399999999999693
module_kind	features.5.1.attn.proj.move_b4|proj_move_shift	movev_damp	1	384	0.0	0.0	0.0	0.0	0.0	0.0	80.554	80.51	-0.04399999999999693
module_kind	features.5.1.attn.proj.move_aft|proj_move_shift	highdrift_damp	1	384	0.0	0.0	0.0	0.0	0.0	0.0	80.554	80.51	-0.04399999999999693
module_kind	features.5.1.attn.proj.move_aft|proj_move_shift	movev_damp	1	384	0.0	0.0	0.0	0.0	0.0	0.0	80.554	80.51	-0.04399999999999693
module_kind	features.5.1.attn.quant_x_4_qkv.input_quant_fn|act_quant	highdrift_damp	1	49	0.0	0.0	0.0	0.0	0.0	0.0	80.554	80.51	-0.04399999999999693
module_kind	features.5.1.attn.quant_x_4_qkv.input_quant_fn|act_quant	movev_damp	1	49	0.0	0.0	0.0	0.0	0.0	0.0	80.554	80.51	-0.04399999999999693
module_kind	features.5.1.attn.quant_x_4_qkv|act_quant	highdrift_damp	2	768	0.0	0.0	0.0	0.0	0.0	0.0	80.554	80.51	-0.04399999999999693
module_kind	features.5.1.attn.quant_x_4_qkv|act_quant	movev_damp	2	768	0.0	0.0	0.0	0.0	0.0	0.0	80.554	80.51	-0.04399999999999693
module_kind	features.5.1.attn.q|attn_qkv	highdrift_damp	1	147456	0.0	0.0	0.0	0.0	0.0	0.0	80.554	80.51	-0.04399999999999693
module_kind	features.5.1.attn.q|attn_qkv	movev_damp	1	147456	0.0	0.0	0.0	0.0	0.0	0.0	80.554	80.51	-0.04399999999999693
module_kind	features.5.1.attn.k|attn_qkv	highdrift_damp	1	147456	0.0	0.0	0.0	0.0	0.0	0.0	80.554	80.51	-0.04399999999999693
module_kind	features.5.1.attn.k|attn_qkv	movev_damp	1	147456	0.0	0.0	0.0	0.0	0.0	0.0	80.554	80.51	-0.04399999999999693
module_kind	features.5.1.attn.v|attn_qkv	highdrift_damp	2	147840	0.0	0.0	0.0	0.0	0.0	0.0	80.554	80.51	-0.04399999999999693
module_kind	features.5.1.attn.v|attn_qkv	movev_damp	2	147840	0.0	0.0	0.0	0.0	0.0	0.0	80.554	80.51	-0.04399999999999693
module_kind	features.5.1.attn.qk_quant|weight_quant	highdrift_damp	1	1	0.0	0.0	0.0	0.0	0.0	0.0	80.554	80.51	-0.04399999999999693
module_kind	features.5.1.attn.qk_quant|weight_quant	movev_damp	1	1	0.0	0.0	0.0	0.0	0.0	0.0	80.554	80.51	-0.04399999999999693
module_kind	features.5.1.attn.v_quant|weight_quant	highdrift_damp	1	1	0.0	0.0	0.0	0.0	0.0	0.0	80.554	80.51	-0.04399999999999693
module_kind	features.5.1.attn.v_quant|weight_quant	movev_damp	1	1	0.0	0.0	0.0	0.0	0.0	0.0	80.554	80.51	-0.04399999999999693
module_kind	features.5.1.attn.quan_a_qkx_fn|act_quant	highdrift_damp	1	588	0.0	0.0	0.0	0.0	0.0	0.0	80.554	80.51	-0.04399999999999693
module_kind	features.5.1.attn.quan_a_qkx_fn|act_quant	movev_damp	1	588	0.0	0.0	0.0	0.0	0.0	0.0	80.554	80.51	-0.04399999999999693
module_kind	features.5.1.attn.quan_a_v_fn|act_quant	highdrift_damp	1	384	0.0	0.0	0.0	0.0	0.0	0.0	80.554	80.51	-0.04399999999999693
module_kind	features.5.1.attn.quan_a_v_fn|act_quant	movev_damp	1	384	0.0	0.0	0.0	0.0	0.0	0.0	80.554	80.51	-0.04399999999999693
module_kind	features.5.1.attn.move_qkx_b4|move_shift	highdrift_damp	1	4608	0.0	0.0	0.0	0.0	0.0	0.0	80.554	80.51	-0.04399999999999693
module_kind	features.5.1.attn.move_qkx_b4|move_shift	movev_damp	1	4608	0.0	0.0	0.0	0.0	0.0	0.0	80.554	80.51	-0.04399999999999693
module_kind	features.5.1.attn.move_qkx_aft|move_shift	highdrift_damp	1	4608	0.0	0.0	0.0	0.0	0.0	0.0	80.554	80.51	-0.04399999999999693
module_kind	features.5.1.attn.move_qkx_aft|move_shift	movev_damp	1	4608	0.0	0.0	0.0	0.0	0.0	0.0	80.554	80.51	-0.04399999999999693
module_kind	features.5.1.attn.move_v_b4|move_v_shift	highdrift_damp	1	384	0.0	0.0	0.0	0.0	0.0	0.0	80.554	80.51	-0.04399999999999693
module_kind	features.5.1.attn.move_v_b4|move_v_shift	movev_damp	1	384	0.0	0.0	0.0	0.0	0.0	0.0	80.554	80.51	-0.04399999999999693
module_kind	features.5.1.attn.move_v_aft|move_v_shift	highdrift_damp	1	384	0.0	0.0	0.0	0.0	0.0	0.0	80.554	80.51	-0.04399999999999693
module_kind	features.5.1.attn.move_v_aft|move_v_shift	movev_damp	1	384	0.0	0.0	0.0	0.0	0.0	0.0	80.554	80.51	-0.04399999999999693
module_kind	features.5.1.attn.quan_a_softmax_fn|softmax_quant	highdrift_damp	1	49	0.0	0.0	0.0	0.0	0.0	0.0	80.554	80.51	-0.04399999999999693
module_kind	features.5.1.attn.quan_a_softmax_fn|softmax_quant	movev_damp	1	49	0.0	0.0	0.0	0.0	0.0	0.0	80.554	80.51	-0.04399999999999693
module_kind	features.5.1.norm2|norm	highdrift_damp	2	768	0.0	0.0	0.0	0.0	0.0	0.0	80.554	80.51	-0.04399999999999693
module_kind	features.5.1.norm2|norm	movev_damp	2	768	0.0	0.0	0.0	0.0	0.0	0.0	80.554	80.51	-0.04399999999999693
module_kind	features.5.1.mlp.fc1|mlp	highdrift_damp	2	591360	0.0	0.0	0.0	0.0	0.0	0.0	80.554	80.51	-0.04399999999999693
module_kind	features.5.1.mlp.fc1|mlp	movev_damp	2	591360	0.0	0.0	0.0	0.0	0.0	0.0	80.554	80.51	-0.04399999999999693
module_kind	features.5.1.mlp.fc1.input_quant_fn|act_quant	highdrift_damp	1	14	0.0	0.0	0.0	0.0	0.0	0.0	80.554	80.51	-0.04399999999999693
module_kind	features.5.1.mlp.fc1.input_quant_fn|act_quant	movev_damp	1	14	0.0	0.0	0.0	0.0	0.0	0.0	80.554	80.51	-0.04399999999999693
module_kind	features.5.1.mlp.fc1.statsq_fn|weight_quant	highdrift_damp	1	1	0.0	0.0	0.0	0.0	0.0	0.0	80.554	80.51	-0.04399999999999693
module_kind	features.5.1.mlp.fc1.statsq_fn|weight_quant	movev_damp	1	1	0.0	0.0	0.0	0.0	0.0	0.0	80.554	80.51	-0.04399999999999693
module_kind	features.5.1.mlp.fc1.move_b4|move_shift	highdrift_damp	1	384	0.0	0.0	0.0	0.0	0.0	0.0	80.554	80.51	-0.04399999999999693
module_kind	features.5.1.mlp.fc1.move_b4|move_shift	movev_damp	1	384	0.0	0.0	0.0	0.0	0.0	0.0	80.554	80.51	-0.04399999999999693
module_kind	features.5.1.mlp.fc1.move_aft|move_shift	highdrift_damp	1	384	0.0	0.0	0.0	0.0	0.0	0.0	80.554	80.51	-0.04399999999999693
module_kind	features.5.1.mlp.fc1.move_aft|move_shift	movev_damp	1	384	0.0	0.0	0.0	0.0	0.0	0.0	80.554	80.51	-0.04399999999999693
module_kind	features.5.1.mlp.fc2|mlp	highdrift_damp	2	590208	0.0	0.0	0.0	0.0	0.0	0.0	80.554	80.51	-0.04399999999999693
module_kind	features.5.1.mlp.fc2|mlp	movev_damp	2	590208	0.0	0.0	0.0	0.0	0.0	0.0	80.554	80.51	-0.04399999999999693
module_kind	features.5.1.mlp.fc2.input_quant_fn|act_quant	highdrift_damp	1	14	0.0	0.0	0.0	0.0	0.0	0.0	80.554	80.51	-0.04399999999999693
module_kind	features.5.1.mlp.fc2.input_quant_fn|act_quant	movev_damp	1	14	0.0	0.0	0.0	0.0	0.0	0.0	80.554	80.51	-0.04399999999999693
module_kind	features.5.1.mlp.fc2.statsq_fn|weight_quant	highdrift_damp	1	1	0.0	0.0	0.0	0.0	0.0	0.0	80.554	80.51	-0.04399999999999693
module_kind	features.5.1.mlp.fc2.statsq_fn|weight_quant	movev_damp	1	1	0.0	0.0	0.0	0.0	0.0	0.0	80.554	80.51	-0.04399999999999693
module_kind	features.5.1.mlp.fc2.move_b4|move_shift	highdrift_damp	1	1536	0.0	0.0	0.0	0.0	0.0	0.0	80.554	80.51	-0.04399999999999693
module_kind	features.5.1.mlp.fc2.move_b4|move_shift	movev_damp	1	1536	0.0	0.0	0.0	0.0	0.0	0.0	80.554	80.51	-0.04399999999999693
module_kind	features.5.1.mlp.fc2.move_aft|move_shift	highdrift_damp	1	1536	0.0	0.0	0.0	0.0	0.0	0.0	80.554	80.51	-0.04399999999999693
module_kind	features.5.1.mlp.fc2.move_aft|move_shift	movev_damp	1	1536	0.0	0.0	0.0	0.0	0.0	0.0	80.554	80.51	-0.04399999999999693
module_kind	features.5.2.norm1|norm	highdrift_damp	2	768	0.0	0.0	0.0	0.0	0.0	0.0	80.554	80.51	-0.04399999999999693
module_kind	features.5.2.norm1|norm	movev_damp	2	768	0.0	0.0	0.0	0.0	0.0	0.0	80.554	80.51	-0.04399999999999693
module_kind	features.5.2.attn|relpos	highdrift_damp	1	2028	0.0	0.0	0.0	0.0	0.0	0.0	80.554	80.51	-0.04399999999999693
module_kind	features.5.2.attn|relpos	movev_damp	1	2028	0.0	0.0	0.0	0.0	0.0	0.0	80.554	80.51	-0.04399999999999693
module_kind	features.5.2.attn|other	highdrift_damp	2	768	0.0	0.0	0.0	0.0	0.0	0.0	80.554	80.51	-0.04399999999999693
module_kind	features.5.2.attn|other	movev_damp	2	768	0.0	0.0	0.0	0.0	0.0	0.0	80.554	80.51	-0.04399999999999693
module_kind	features.5.2.attn.proj|attn_proj	highdrift_damp	2	147840	0.0	0.0	0.0	0.0	0.0	0.0	80.554	80.51	-0.04399999999999693
module_kind	features.5.2.attn.proj|attn_proj	movev_damp	2	147840	0.0	0.0	0.0	0.0	0.0	0.0	80.554	80.51	-0.04399999999999693
module_kind	features.5.2.attn.proj.input_quant_fn|act_quant	highdrift_damp	1	49	0.0	0.0	0.0	0.0	0.0	0.0	80.554	80.51	-0.04399999999999693
module_kind	features.5.2.attn.proj.input_quant_fn|act_quant	movev_damp	1	49	0.0	0.0	0.0	0.0	0.0	0.0	80.554	80.51	-0.04399999999999693
module_kind	features.5.2.attn.proj.statsq_fn|weight_quant	highdrift_damp	1	1	0.0	0.0	0.0	0.0	0.0	0.0	80.554	80.51	-0.04399999999999693
module_kind	features.5.2.attn.proj.statsq_fn|weight_quant	movev_damp	1	1	0.0	0.0	0.0	0.0	0.0	0.0	80.554	80.51	-0.04399999999999693
module_kind	features.5.2.attn.proj.move_b4|proj_move_shift	highdrift_damp	1	384	0.0	0.0	0.0	0.0	0.0	0.0	80.554	80.51	-0.04399999999999693
module_kind	features.5.2.attn.proj.move_b4|proj_move_shift	movev_damp	1	384	0.0	0.0	0.0	0.0	0.0	0.0	80.554	80.51	-0.04399999999999693
module_kind	features.5.2.attn.proj.move_aft|proj_move_shift	highdrift_damp	1	384	0.0	0.0	0.0	0.0	0.0	0.0	80.554	80.51	-0.04399999999999693
module_kind	features.5.2.attn.proj.move_aft|proj_move_shift	movev_damp	1	384	0.0	0.0	0.0	0.0	0.0	0.0	80.554	80.51	-0.04399999999999693
module_kind	features.5.2.attn.quant_x_4_qkv.input_quant_fn|act_quant	highdrift_damp	1	49	0.0	0.0	0.0	0.0	0.0	0.0	80.554	80.51	-0.04399999999999693
module_kind	features.5.2.attn.quant_x_4_qkv.input_quant_fn|act_quant	movev_damp	1	49	0.0	0.0	0.0	0.0	0.0	0.0	80.554	80.51	-0.04399999999999693
module_kind	features.5.2.attn.quant_x_4_qkv|act_quant	highdrift_damp	2	768	0.0	0.0	0.0	0.0	0.0	0.0	80.554	80.51	-0.04399999999999693
module_kind	features.5.2.attn.quant_x_4_qkv|act_quant	movev_damp	2	768	0.0	0.0	0.0	0.0	0.0	0.0	80.554	80.51	-0.04399999999999693
module_kind	features.5.2.attn.q|attn_qkv	highdrift_damp	1	147456	0.0	0.0	0.0	0.0	0.0	0.0	80.554	80.51	-0.04399999999999693
module_kind	features.5.2.attn.q|attn_qkv	movev_damp	1	147456	0.0	0.0	0.0	0.0	0.0	0.0	80.554	80.51	-0.04399999999999693
module_kind	features.5.2.attn.k|attn_qkv	highdrift_damp	1	147456	0.0	0.0	0.0	0.0	0.0	0.0	80.554	80.51	-0.04399999999999693
module_kind	features.5.2.attn.k|attn_qkv	movev_damp	1	147456	0.0	0.0	0.0	0.0	0.0	0.0	80.554	80.51	-0.04399999999999693
module_kind	features.5.2.attn.v|attn_qkv	highdrift_damp	2	147840	0.0	0.0	0.0	0.0	0.0	0.0	80.554	80.51	-0.04399999999999693
module_kind	features.5.2.attn.v|attn_qkv	movev_damp	2	147840	0.0	0.0	0.0	0.0	0.0	0.0	80.554	80.51	-0.04399999999999693
module_kind	features.5.2.attn.qk_quant|weight_quant	highdrift_damp	1	1	0.0	0.0	0.0	0.0	0.0	0.0	80.554	80.51	-0.04399999999999693
module_kind	features.5.2.attn.qk_quant|weight_quant	movev_damp	1	1	0.0	0.0	0.0	0.0	0.0	0.0	80.554	80.51	-0.04399999999999693
module_kind	features.5.2.attn.v_quant|weight_quant	highdrift_damp	1	1	0.0	0.0	0.0	0.0	0.0	0.0	80.554	80.51	-0.04399999999999693
module_kind	features.5.2.attn.v_quant|weight_quant	movev_damp	1	1	0.0	0.0	0.0	0.0	0.0	0.0	80.554	80.51	-0.04399999999999693
module_kind	features.5.2.attn.quan_a_qkx_fn|act_quant	highdrift_damp	1	588	0.0	0.0	0.0	0.0	0.0	0.0	80.554	80.51	-0.04399999999999693
module_kind	features.5.2.attn.quan_a_qkx_fn|act_quant	movev_damp	1	588	0.0	0.0	0.0	0.0	0.0	0.0	80.554	80.51	-0.04399999999999693
module_kind	features.5.2.attn.quan_a_v_fn|act_quant	highdrift_damp	1	384	0.0	0.0	0.0	0.0	0.0	0.0	80.554	80.51	-0.04399999999999693
module_kind	features.5.2.attn.quan_a_v_fn|act_quant	movev_damp	1	384	0.0	0.0	0.0	0.0	0.0	0.0	80.554	80.51	-0.04399999999999693
module_kind	features.5.2.attn.move_qkx_b4|move_shift	highdrift_damp	1	4608	0.0	0.0	0.0	0.0	0.0	0.0	80.554	80.51	-0.04399999999999693
module_kind	features.5.2.attn.move_qkx_b4|move_shift	movev_damp	1	4608	0.0	0.0	0.0	0.0	0.0	0.0	80.554	80.51	-0.04399999999999693
module_kind	features.5.2.attn.move_qkx_aft|move_shift	highdrift_damp	1	4608	0.0	0.0	0.0	0.0	0.0	0.0	80.554	80.51	-0.04399999999999693
module_kind	features.5.2.attn.move_qkx_aft|move_shift	movev_damp	1	4608	0.0	0.0	0.0	0.0	0.0	0.0	80.554	80.51	-0.04399999999999693
module_kind	features.5.2.attn.move_v_b4|move_v_shift	highdrift_damp	1	384	0.0	0.0	0.0	0.0	0.0	0.0	80.554	80.51	-0.04399999999999693
module_kind	features.5.2.attn.move_v_b4|move_v_shift	movev_damp	1	384	0.0	0.0	0.0	0.0	0.0	0.0	80.554	80.51	-0.04399999999999693
module_kind	features.5.2.attn.move_v_aft|move_v_shift	highdrift_damp	1	384	0.0	0.0	0.0	0.0	0.0	0.0	80.554	80.51	-0.04399999999999693
module_kind	features.5.2.attn.move_v_aft|move_v_shift	movev_damp	1	384	0.0	0.0	0.0	0.0	0.0	0.0	80.554	80.51	-0.04399999999999693
module_kind	features.5.2.attn.quan_a_softmax_fn|softmax_quant	highdrift_damp	1	49	0.0	0.0	0.0	0.0	0.0	0.0	80.554	80.51	-0.04399999999999693
module_kind	features.5.2.attn.quan_a_softmax_fn|softmax_quant	movev_damp	1	49	0.0	0.0	0.0	0.0	0.0	0.0	80.554	80.51	-0.04399999999999693
module_kind	features.5.2.norm2|norm	highdrift_damp	2	768	0.0	0.0	0.0	0.0	0.0	0.0	80.554	80.51	-0.04399999999999693
module_kind	features.5.2.norm2|norm	movev_damp	2	768	0.0	0.0	0.0	0.0	0.0	0.0	80.554	80.51	-0.04399999999999693
module_kind	features.5.2.mlp.fc1|mlp	highdrift_damp	2	591360	0.0	0.0	0.0	0.0	0.0	0.0	80.554	80.51	-0.04399999999999693
module_kind	features.5.2.mlp.fc1|mlp	movev_damp	2	591360	0.0	0.0	0.0	0.0	0.0	0.0	80.554	80.51	-0.04399999999999693
module_kind	features.5.2.mlp.fc1.input_quant_fn|act_quant	highdrift_damp	1	14	0.0	0.0	0.0	0.0	0.0	0.0	80.554	80.51	-0.04399999999999693
module_kind	features.5.2.mlp.fc1.input_quant_fn|act_quant	movev_damp	1	14	0.0	0.0	0.0	0.0	0.0	0.0	80.554	80.51	-0.04399999999999693
module_kind	features.5.2.mlp.fc1.statsq_fn|weight_quant	highdrift_damp	1	1	0.0	0.0	0.0	0.0	0.0	0.0	80.554	80.51	-0.04399999999999693
module_kind	features.5.2.mlp.fc1.statsq_fn|weight_quant	movev_damp	1	1	0.0	0.0	0.0	0.0	0.0	0.0	80.554	80.51	-0.04399999999999693
module_kind	features.5.2.mlp.fc1.move_b4|move_shift	highdrift_damp	1	384	0.0	0.0	0.0	0.0	0.0	0.0	80.554	80.51	-0.04399999999999693
module_kind	features.5.2.mlp.fc1.move_b4|move_shift	movev_damp	1	384	0.0	0.0	0.0	0.0	0.0	0.0	80.554	80.51	-0.04399999999999693
module_kind	features.5.2.mlp.fc1.move_aft|move_shift	highdrift_damp	1	384	0.0	0.0	0.0	0.0	0.0	0.0	80.554	80.51	-0.04399999999999693
module_kind	features.5.2.mlp.fc1.move_aft|move_shift	movev_damp	1	384	0.0	0.0	0.0	0.0	0.0	0.0	80.554	80.51	-0.04399999999999693
module_kind	features.5.2.mlp.fc2|mlp	highdrift_damp	2	590208	0.0	0.0	0.0	0.0	0.0	0.0	80.554	80.51	-0.04399999999999693
module_kind	features.5.2.mlp.fc2|mlp	movev_damp	2	590208	0.0	0.0	0.0	0.0	0.0	0.0	80.554	80.51	-0.04399999999999693
module_kind	features.5.2.mlp.fc2.input_quant_fn|act_quant	highdrift_damp	1	14	0.0	0.0	0.0	0.0	0.0	0.0	80.554	80.51	-0.04399999999999693
module_kind	features.5.2.mlp.fc2.input_quant_fn|act_quant	movev_damp	1	14	0.0	0.0	0.0	0.0	0.0	0.0	80.554	80.51	-0.04399999999999693
module_kind	features.5.2.mlp.fc2.statsq_fn|weight_quant	highdrift_damp	1	1	0.0	0.0	0.0	0.0	0.0	0.0	80.554	80.51	-0.04399999999999693
module_kind	features.5.2.mlp.fc2.statsq_fn|weight_quant	movev_damp	1	1	0.0	0.0	0.0	0.0	0.0	0.0	80.554	80.51	-0.04399999999999693
module_kind	features.5.2.mlp.fc2.move_b4|move_shift	highdrift_damp	1	1536	0.0	0.0	0.0	0.0	0.0	0.0	80.554	80.51	-0.04399999999999693
module_kind	features.5.2.mlp.fc2.move_b4|move_shift	movev_damp	1	1536	0.0	0.0	0.0	0.0	0.0	0.0	80.554	80.51	-0.04399999999999693
module_kind	features.5.2.mlp.fc2.move_aft|move_shift	highdrift_damp	1	1536	0.0	0.0	0.0	0.0	0.0	0.0	80.554	80.51	-0.04399999999999693
module_kind	features.5.2.mlp.fc2.move_aft|move_shift	movev_damp	1	1536	0.0	0.0	0.0	0.0	0.0	0.0	80.554	80.51	-0.04399999999999693
module_kind	features.5.3.norm1|norm	highdrift_damp	2	768	0.0	0.0	0.0	0.0	0.0	0.0	80.554	80.51	-0.04399999999999693
module_kind	features.5.3.norm1|norm	movev_damp	2	768	0.0	0.0	0.0	0.0	0.0	0.0	80.554	80.51	-0.04399999999999693
module_kind	features.5.3.attn|relpos	highdrift_damp	1	2028	0.0	0.0	0.0	0.0	0.0	0.0	80.554	80.51	-0.04399999999999693
module_kind	features.5.3.attn|relpos	movev_damp	1	2028	0.0	0.0	0.0	0.0	0.0	0.0	80.554	80.51	-0.04399999999999693
module_kind	features.5.3.attn|other	highdrift_damp	2	768	0.0	0.0	0.0	0.0	0.0	0.0	80.554	80.51	-0.04399999999999693
module_kind	features.5.3.attn|other	movev_damp	2	768	0.0	0.0	0.0	0.0	0.0	0.0	80.554	80.51	-0.04399999999999693
module_kind	features.5.3.attn.proj|attn_proj	highdrift_damp	2	147840	0.0	0.0	0.0	0.0	0.0	0.0	80.554	80.51	-0.04399999999999693
module_kind	features.5.3.attn.proj|attn_proj	movev_damp	2	147840	0.0	0.0	0.0	0.0	0.0	0.0	80.554	80.51	-0.04399999999999693
module_kind	features.5.3.attn.proj.input_quant_fn|act_quant	highdrift_damp	1	49	0.0	0.0	0.0	0.0	0.0	0.0	80.554	80.51	-0.04399999999999693
module_kind	features.5.3.attn.proj.input_quant_fn|act_quant	movev_damp	1	49	0.0	0.0	0.0	0.0	0.0	0.0	80.554	80.51	-0.04399999999999693
module_kind	features.5.3.attn.proj.statsq_fn|weight_quant	highdrift_damp	1	1	0.0	0.0	0.0	0.0	0.0	0.0	80.554	80.51	-0.04399999999999693
module_kind	features.5.3.attn.proj.statsq_fn|weight_quant	movev_damp	1	1	0.0	0.0	0.0	0.0	0.0	0.0	80.554	80.51	-0.04399999999999693
module_kind	features.5.3.attn.proj.move_b4|proj_move_shift	highdrift_damp	1	384	0.0	0.0	0.0	0.0	0.0	0.0	80.554	80.51	-0.04399999999999693
module_kind	features.5.3.attn.proj.move_b4|proj_move_shift	movev_damp	1	384	0.0	0.0	0.0	0.0	0.0	0.0	80.554	80.51	-0.04399999999999693
module_kind	features.5.3.attn.proj.move_aft|proj_move_shift	highdrift_damp	1	384	0.0	0.0	0.0	0.0	0.0	0.0	80.554	80.51	-0.04399999999999693
module_kind	features.5.3.attn.proj.move_aft|proj_move_shift	movev_damp	1	384	0.0	0.0	0.0	0.0	0.0	0.0	80.554	80.51	-0.04399999999999693
module_kind	features.5.3.attn.quant_x_4_qkv.input_quant_fn|act_quant	highdrift_damp	1	49	0.0	0.0	0.0	0.0	0.0	0.0	80.554	80.51	-0.04399999999999693
module_kind	features.5.3.attn.quant_x_4_qkv.input_quant_fn|act_quant	movev_damp	1	49	0.0	0.0	0.0	0.0	0.0	0.0	80.554	80.51	-0.04399999999999693
module_kind	features.5.3.attn.quant_x_4_qkv|act_quant	highdrift_damp	2	768	0.0	0.0	0.0	0.0	0.0	0.0	80.554	80.51	-0.04399999999999693
module_kind	features.5.3.attn.quant_x_4_qkv|act_quant	movev_damp	2	768	0.0	0.0	0.0	0.0	0.0	0.0	80.554	80.51	-0.04399999999999693
module_kind	features.5.3.attn.q|attn_qkv	highdrift_damp	1	147456	0.0	0.0	0.0	0.0	0.0	0.0	80.554	80.51	-0.04399999999999693
module_kind	features.5.3.attn.q|attn_qkv	movev_damp	1	147456	0.0	0.0	0.0	0.0	0.0	0.0	80.554	80.51	-0.04399999999999693
module_kind	features.5.3.attn.k|attn_qkv	highdrift_damp	1	147456	0.0	0.0	0.0	0.0	0.0	0.0	80.554	80.51	-0.04399999999999693
module_kind	features.5.3.attn.k|attn_qkv	movev_damp	1	147456	0.0	0.0	0.0	0.0	0.0	0.0	80.554	80.51	-0.04399999999999693
module_kind	features.5.3.attn.v|attn_qkv	highdrift_damp	2	147840	0.0	0.0	0.0	0.0	0.0	0.0	80.554	80.51	-0.04399999999999693
module_kind	features.5.3.attn.v|attn_qkv	movev_damp	2	147840	0.0	0.0	0.0	0.0	0.0	0.0	80.554	80.51	-0.04399999999999693
module_kind	features.5.3.attn.qk_quant|weight_quant	highdrift_damp	1	1	0.0	0.0	0.0	0.0	0.0	0.0	80.554	80.51	-0.04399999999999693
module_kind	features.5.3.attn.qk_quant|weight_quant	movev_damp	1	1	0.0	0.0	0.0	0.0	0.0	0.0	80.554	80.51	-0.04399999999999693
module_kind	features.5.3.attn.v_quant|weight_quant	highdrift_damp	1	1	0.0	0.0	0.0	0.0	0.0	0.0	80.554	80.51	-0.04399999999999693
module_kind	features.5.3.attn.v_quant|weight_quant	movev_damp	1	1	0.0	0.0	0.0	0.0	0.0	0.0	80.554	80.51	-0.04399999999999693
module_kind	features.5.3.attn.quan_a_qkx_fn|act_quant	highdrift_damp	1	588	0.0	0.0	0.0	0.0	0.0	0.0	80.554	80.51	-0.04399999999999693
module_kind	features.5.3.attn.quan_a_qkx_fn|act_quant	movev_damp	1	588	0.0	0.0	0.0	0.0	0.0	0.0	80.554	80.51	-0.04399999999999693
module_kind	features.5.3.attn.quan_a_v_fn|act_quant	highdrift_damp	1	384	0.0	0.0	0.0	0.0	0.0	0.0	80.554	80.51	-0.04399999999999693
module_kind	features.5.3.attn.quan_a_v_fn|act_quant	movev_damp	1	384	0.0	0.0	0.0	0.0	0.0	0.0	80.554	80.51	-0.04399999999999693
module_kind	features.5.3.attn.move_qkx_b4|move_shift	highdrift_damp	1	4608	0.0	0.0	0.0	0.0	0.0	0.0	80.554	80.51	-0.04399999999999693
module_kind	features.5.3.attn.move_qkx_b4|move_shift	movev_damp	1	4608	0.0	0.0	0.0	0.0	0.0	0.0	80.554	80.51	-0.04399999999999693
module_kind	features.5.3.attn.move_qkx_aft|move_shift	highdrift_damp	1	4608	0.0	0.0	0.0	0.0	0.0	0.0	80.554	80.51	-0.04399999999999693
module_kind	features.5.3.attn.move_qkx_aft|move_shift	movev_damp	1	4608	0.0	0.0	0.0	0.0	0.0	0.0	80.554	80.51	-0.04399999999999693
module_kind	features.5.3.attn.move_v_b4|move_v_shift	highdrift_damp	1	384	0.0	0.0	0.0	0.0	0.0	0.0	80.554	80.51	-0.04399999999999693
module_kind	features.5.3.attn.move_v_b4|move_v_shift	movev_damp	1	384	0.0	0.0	0.0	0.0	0.0	0.0	80.554	80.51	-0.04399999999999693
module_kind	features.5.3.attn.move_v_aft|move_v_shift	highdrift_damp	1	384	0.0	0.0	0.0	0.0	0.0	0.0	80.554	80.51	-0.04399999999999693
module_kind	features.5.3.attn.move_v_aft|move_v_shift	movev_damp	1	384	0.0	0.0	0.0	0.0	0.0	0.0	80.554	80.51	-0.04399999999999693
module_kind	features.5.3.attn.quan_a_softmax_fn|softmax_quant	highdrift_damp	1	49	0.0	0.0	0.0	0.0	0.0	0.0	80.554	80.51	-0.04399999999999693
module_kind	features.5.3.attn.quan_a_softmax_fn|softmax_quant	movev_damp	1	49	0.0	0.0	0.0	0.0	0.0	0.0	80.554	80.51	-0.04399999999999693
module_kind	features.5.3.norm2|norm	highdrift_damp	2	768	0.0	0.0	0.0	0.0	0.0	0.0	80.554	80.51	-0.04399999999999693
module_kind	features.5.3.norm2|norm	movev_damp	2	768	0.0	0.0	0.0	0.0	0.0	0.0	80.554	80.51	-0.04399999999999693
module_kind	features.5.3.mlp.fc1|mlp	highdrift_damp	2	591360	0.0	0.0	0.0	0.0	0.0	0.0	80.554	80.51	-0.04399999999999693
module_kind	features.5.3.mlp.fc1|mlp	movev_damp	2	591360	0.0	0.0	0.0	0.0	0.0	0.0	80.554	80.51	-0.04399999999999693
module_kind	features.5.3.mlp.fc1.input_quant_fn|act_quant	highdrift_damp	1	14	0.0	0.0	0.0	0.0	0.0	0.0	80.554	80.51	-0.04399999999999693
module_kind	features.5.3.mlp.fc1.input_quant_fn|act_quant	movev_damp	1	14	0.0	0.0	0.0	0.0	0.0	0.0	80.554	80.51	-0.04399999999999693
module_kind	features.5.3.mlp.fc1.statsq_fn|weight_quant	highdrift_damp	1	1	0.0	0.0	0.0	0.0	0.0	0.0	80.554	80.51	-0.04399999999999693
module_kind	features.5.3.mlp.fc1.statsq_fn|weight_quant	movev_damp	1	1	0.0	0.0	0.0	0.0	0.0	0.0	80.554	80.51	-0.04399999999999693
module_kind	features.5.3.mlp.fc1.move_b4|move_shift	highdrift_damp	1	384	0.0	0.0	0.0	0.0	0.0	0.0	80.554	80.51	-0.04399999999999693
module_kind	features.5.3.mlp.fc1.move_b4|move_shift	movev_damp	1	384	0.0	0.0	0.0	0.0	0.0	0.0	80.554	80.51	-0.04399999999999693
module_kind	features.5.3.mlp.fc1.move_aft|move_shift	highdrift_damp	1	384	0.0	0.0	0.0	0.0	0.0	0.0	80.554	80.51	-0.04399999999999693
module_kind	features.5.3.mlp.fc1.move_aft|move_shift	movev_damp	1	384	0.0	0.0	0.0	0.0	0.0	0.0	80.554	80.51	-0.04399999999999693
module_kind	features.5.3.mlp.fc2|mlp	highdrift_damp	2	590208	0.0	0.0	0.0	0.0	0.0	0.0	80.554	80.51	-0.04399999999999693
module_kind	features.5.3.mlp.fc2|mlp	movev_damp	2	590208	0.0	0.0	0.0	0.0	0.0	0.0	80.554	80.51	-0.04399999999999693
module_kind	features.5.3.mlp.fc2.input_quant_fn|act_quant	highdrift_damp	1	14	0.0	0.0	0.0	0.0	0.0	0.0	80.554	80.51	-0.04399999999999693
module_kind	features.5.3.mlp.fc2.input_quant_fn|act_quant	movev_damp	1	14	0.0	0.0	0.0	0.0	0.0	0.0	80.554	80.51	-0.04399999999999693
module_kind	features.5.3.mlp.fc2.statsq_fn|weight_quant	highdrift_damp	1	1	0.0	0.0	0.0	0.0	0.0	0.0	80.554	80.51	-0.04399999999999693
module_kind	features.5.3.mlp.fc2.statsq_fn|weight_quant	movev_damp	1	1	0.0	0.0	0.0	0.0	0.0	0.0	80.554	80.51	-0.04399999999999693
module_kind	features.5.3.mlp.fc2.move_b4|move_shift	highdrift_damp	1	1536	0.0	0.0	0.0	0.0	0.0	0.0	80.554	80.51	-0.04399999999999693
module_kind	features.5.3.mlp.fc2.move_b4|move_shift	movev_damp	1	1536	0.0	0.0	0.0	0.0	0.0	0.0	80.554	80.51	-0.04399999999999693
module_kind	features.5.3.mlp.fc2.move_aft|move_shift	highdrift_damp	1	1536	0.0	0.0	0.0	0.0	0.0	0.0	80.554	80.51	-0.04399999999999693
module_kind	features.5.3.mlp.fc2.move_aft|move_shift	movev_damp	1	1536	0.0	0.0	0.0	0.0	0.0	0.0	80.554	80.51	-0.04399999999999693
module_kind	features.5.4.norm1|norm	highdrift_damp	2	768	0.0	0.0	0.0	0.0	0.0	0.0	80.554	80.51	-0.04399999999999693
module_kind	features.5.4.norm1|norm	movev_damp	2	768	0.0	0.0	0.0	0.0	0.0	0.0	80.554	80.51	-0.04399999999999693
module_kind	features.5.4.attn|relpos	highdrift_damp	1	2028	0.0	0.0	0.0	0.0	0.0	0.0	80.554	80.51	-0.04399999999999693
module_kind	features.5.4.attn|relpos	movev_damp	1	2028	0.0	0.0	0.0	0.0	0.0	0.0	80.554	80.51	-0.04399999999999693
module_kind	features.5.4.attn|other	highdrift_damp	2	768	0.0	0.0	0.0	0.0	0.0	0.0	80.554	80.51	-0.04399999999999693
module_kind	features.5.4.attn|other	movev_damp	2	768	0.0	0.0	0.0	0.0	0.0	0.0	80.554	80.51	-0.04399999999999693
module_kind	features.5.4.attn.proj|attn_proj	highdrift_damp	2	147840	0.0	0.0	0.0	0.0	0.0	0.0	80.554	80.51	-0.04399999999999693
module_kind	features.5.4.attn.proj|attn_proj	movev_damp	2	147840	0.0	0.0	0.0	0.0	0.0	0.0	80.554	80.51	-0.04399999999999693
module_kind	features.5.4.attn.proj.input_quant_fn|act_quant	highdrift_damp	1	49	0.0	0.0	0.0	0.0	0.0	0.0	80.554	80.51	-0.04399999999999693
module_kind	features.5.4.attn.proj.input_quant_fn|act_quant	movev_damp	1	49	0.0	0.0	0.0	0.0	0.0	0.0	80.554	80.51	-0.04399999999999693
module_kind	features.5.4.attn.proj.statsq_fn|weight_quant	highdrift_damp	1	1	0.0	0.0	0.0	0.0	0.0	0.0	80.554	80.51	-0.04399999999999693
module_kind	features.5.4.attn.proj.statsq_fn|weight_quant	movev_damp	1	1	0.0	0.0	0.0	0.0	0.0	0.0	80.554	80.51	-0.04399999999999693
module_kind	features.5.4.attn.proj.move_b4|proj_move_shift	highdrift_damp	1	384	0.0	0.0	0.0	0.0	0.0	0.0	80.554	80.51	-0.04399999999999693
module_kind	features.5.4.attn.proj.move_b4|proj_move_shift	movev_damp	1	384	0.0	0.0	0.0	0.0	0.0	0.0	80.554	80.51	-0.04399999999999693
module_kind	features.5.4.attn.proj.move_aft|proj_move_shift	highdrift_damp	1	384	0.0	0.0	0.0	0.0	0.0	0.0	80.554	80.51	-0.04399999999999693
module_kind	features.5.4.attn.proj.move_aft|proj_move_shift	movev_damp	1	384	0.0	0.0	0.0	0.0	0.0	0.0	80.554	80.51	-0.04399999999999693
module_kind	features.5.4.attn.quant_x_4_qkv.input_quant_fn|act_quant	highdrift_damp	1	49	0.0	0.0	0.0	0.0	0.0	0.0	80.554	80.51	-0.04399999999999693
module_kind	features.5.4.attn.quant_x_4_qkv.input_quant_fn|act_quant	movev_damp	1	49	0.0	0.0	0.0	0.0	0.0	0.0	80.554	80.51	-0.04399999999999693
module_kind	features.5.4.attn.quant_x_4_qkv|act_quant	highdrift_damp	2	768	0.0	0.0	0.0	0.0	0.0	0.0	80.554	80.51	-0.04399999999999693
module_kind	features.5.4.attn.quant_x_4_qkv|act_quant	movev_damp	2	768	0.0	0.0	0.0	0.0	0.0	0.0	80.554	80.51	-0.04399999999999693
module_kind	features.5.4.attn.q|attn_qkv	highdrift_damp	1	147456	0.0	0.0	0.0	0.0	0.0	0.0	80.554	80.51	-0.04399999999999693
module_kind	features.5.4.attn.q|attn_qkv	movev_damp	1	147456	0.0	0.0	0.0	0.0	0.0	0.0	80.554	80.51	-0.04399999999999693
module_kind	features.5.4.attn.k|attn_qkv	highdrift_damp	1	147456	0.0	0.0	0.0	0.0	0.0	0.0	80.554	80.51	-0.04399999999999693
module_kind	features.5.4.attn.k|attn_qkv	movev_damp	1	147456	0.0	0.0	0.0	0.0	0.0	0.0	80.554	80.51	-0.04399999999999693
module_kind	features.5.4.attn.v|attn_qkv	highdrift_damp	2	147840	0.0	0.0	0.0	0.0	0.0	0.0	80.554	80.51	-0.04399999999999693
module_kind	features.5.4.attn.v|attn_qkv	movev_damp	2	147840	0.0	0.0	0.0	0.0	0.0	0.0	80.554	80.51	-0.04399999999999693
module_kind	features.5.4.attn.qk_quant|weight_quant	highdrift_damp	1	1	0.0	0.0	0.0	0.0	0.0	0.0	80.554	80.51	-0.04399999999999693
module_kind	features.5.4.attn.qk_quant|weight_quant	movev_damp	1	1	0.0	0.0	0.0	0.0	0.0	0.0	80.554	80.51	-0.04399999999999693
module_kind	features.5.4.attn.v_quant|weight_quant	highdrift_damp	1	1	0.0	0.0	0.0	0.0	0.0	0.0	80.554	80.51	-0.04399999999999693
module_kind	features.5.4.attn.v_quant|weight_quant	movev_damp	1	1	0.0	0.0	0.0	0.0	0.0	0.0	80.554	80.51	-0.04399999999999693
module_kind	features.5.4.attn.quan_a_qkx_fn|act_quant	highdrift_damp	1	588	0.0	0.0	0.0	0.0	0.0	0.0	80.554	80.51	-0.04399999999999693
module_kind	features.5.4.attn.quan_a_qkx_fn|act_quant	movev_damp	1	588	0.0	0.0	0.0	0.0	0.0	0.0	80.554	80.51	-0.04399999999999693
module_kind	features.5.4.attn.quan_a_v_fn|act_quant	highdrift_damp	1	384	0.0	0.0	0.0	0.0	0.0	0.0	80.554	80.51	-0.04399999999999693
module_kind	features.5.4.attn.quan_a_v_fn|act_quant	movev_damp	1	384	0.0	0.0	0.0	0.0	0.0	0.0	80.554	80.51	-0.04399999999999693
module_kind	features.5.4.attn.move_qkx_b4|move_shift	highdrift_damp	1	4608	0.0	0.0	0.0	0.0	0.0	0.0	80.554	80.51	-0.04399999999999693
module_kind	features.5.4.attn.move_qkx_b4|move_shift	movev_damp	1	4608	0.0	0.0	0.0	0.0	0.0	0.0	80.554	80.51	-0.04399999999999693
module_kind	features.5.4.attn.move_qkx_aft|move_shift	highdrift_damp	1	4608	0.0	0.0	0.0	0.0	0.0	0.0	80.554	80.51	-0.04399999999999693
module_kind	features.5.4.attn.move_qkx_aft|move_shift	movev_damp	1	4608	0.0	0.0	0.0	0.0	0.0	0.0	80.554	80.51	-0.04399999999999693
module_kind	features.5.4.attn.move_v_b4|move_v_shift	highdrift_damp	1	384	0.0	0.0	0.0	0.0	0.0	0.0	80.554	80.51	-0.04399999999999693
module_kind	features.5.4.attn.move_v_b4|move_v_shift	movev_damp	1	384	0.0	0.0	0.0	0.0	0.0	0.0	80.554	80.51	-0.04399999999999693
module_kind	features.5.4.attn.move_v_aft|move_v_shift	highdrift_damp	1	384	0.0	0.0	0.0	0.0	0.0	0.0	80.554	80.51	-0.04399999999999693
module_kind	features.5.4.attn.move_v_aft|move_v_shift	movev_damp	1	384	0.0	0.0	0.0	0.0	0.0	0.0	80.554	80.51	-0.04399999999999693
module_kind	features.5.4.attn.quan_a_softmax_fn|softmax_quant	highdrift_damp	1	49	0.0	0.0	0.0	0.0	0.0	0.0	80.554	80.51	-0.04399999999999693
module_kind	features.5.4.attn.quan_a_softmax_fn|softmax_quant	movev_damp	1	49	0.0	0.0	0.0	0.0	0.0	0.0	80.554	80.51	-0.04399999999999693
module_kind	features.5.4.norm2|norm	highdrift_damp	2	768	0.0	0.0	0.0	0.0	0.0	0.0	80.554	80.51	-0.04399999999999693
module_kind	features.5.4.norm2|norm	movev_damp	2	768	0.0	0.0	0.0	0.0	0.0	0.0	80.554	80.51	-0.04399999999999693
module_kind	features.5.4.mlp.fc1|mlp	highdrift_damp	2	591360	0.0	0.0	0.0	0.0	0.0	0.0	80.554	80.51	-0.04399999999999693
module_kind	features.5.4.mlp.fc1|mlp	movev_damp	2	591360	0.0	0.0	0.0	0.0	0.0	0.0	80.554	80.51	-0.04399999999999693
module_kind	features.5.4.mlp.fc1.input_quant_fn|act_quant	highdrift_damp	1	14	0.0	0.0	0.0	0.0	0.0	0.0	80.554	80.51	-0.04399999999999693
module_kind	features.5.4.mlp.fc1.input_quant_fn|act_quant	movev_damp	1	14	0.0	0.0	0.0	0.0	0.0	0.0	80.554	80.51	-0.04399999999999693
module_kind	features.5.4.mlp.fc1.statsq_fn|weight_quant	highdrift_damp	1	1	0.0	0.0	0.0	0.0	0.0	0.0	80.554	80.51	-0.04399999999999693
module_kind	features.5.4.mlp.fc1.statsq_fn|weight_quant	movev_damp	1	1	0.0	0.0	0.0	0.0	0.0	0.0	80.554	80.51	-0.04399999999999693
module_kind	features.5.4.mlp.fc1.move_b4|move_shift	highdrift_damp	1	384	0.0	0.0	0.0	0.0	0.0	0.0	80.554	80.51	-0.04399999999999693
module_kind	features.5.4.mlp.fc1.move_b4|move_shift	movev_damp	1	384	0.0	0.0	0.0	0.0	0.0	0.0	80.554	80.51	-0.04399999999999693
module_kind	features.5.4.mlp.fc1.move_aft|move_shift	highdrift_damp	1	384	0.0	0.0	0.0	0.0	0.0	0.0	80.554	80.51	-0.04399999999999693
module_kind	features.5.4.mlp.fc1.move_aft|move_shift	movev_damp	1	384	0.0	0.0	0.0	0.0	0.0	0.0	80.554	80.51	-0.04399999999999693
module_kind	features.5.4.mlp.fc2|mlp	highdrift_damp	2	590208	0.0	0.0	0.0	0.0	0.0	0.0	80.554	80.51	-0.04399999999999693
module_kind	features.5.4.mlp.fc2|mlp	movev_damp	2	590208	0.0	0.0	0.0	0.0	0.0	0.0	80.554	80.51	-0.04399999999999693
module_kind	features.5.4.mlp.fc2.input_quant_fn|act_quant	highdrift_damp	1	14	0.0	0.0	0.0	0.0	0.0	0.0	80.554	80.51	-0.04399999999999693
module_kind	features.5.4.mlp.fc2.input_quant_fn|act_quant	movev_damp	1	14	0.0	0.0	0.0	0.0	0.0	0.0	80.554	80.51	-0.04399999999999693
module_kind	features.5.4.mlp.fc2.statsq_fn|weight_quant	highdrift_damp	1	1	0.0	0.0	0.0	0.0	0.0	0.0	80.554	80.51	-0.04399999999999693
module_kind	features.5.4.mlp.fc2.statsq_fn|weight_quant	movev_damp	1	1	0.0	0.0	0.0	0.0	0.0	0.0	80.554	80.51	-0.04399999999999693
module_kind	features.5.4.mlp.fc2.move_b4|move_shift	highdrift_damp	1	1536	0.0	0.0	0.0	0.0	0.0	0.0	80.554	80.51	-0.04399999999999693
module_kind	features.5.4.mlp.fc2.move_b4|move_shift	movev_damp	1	1536	0.0	0.0	0.0	0.0	0.0	0.0	80.554	80.51	-0.04399999999999693
module_kind	features.5.4.mlp.fc2.move_aft|move_shift	highdrift_damp	1	1536	0.0	0.0	0.0	0.0	0.0	0.0	80.554	80.51	-0.04399999999999693
module_kind	features.5.4.mlp.fc2.move_aft|move_shift	movev_damp	1	1536	0.0	0.0	0.0	0.0	0.0	0.0	80.554	80.51	-0.04399999999999693
module_kind	features.5.5.attn|other	highdrift_damp	2	768	0.0	0.0	0.0	0.0	0.0	0.0	80.554	80.51	-0.04399999999999693
module_kind	features.5.5.attn|other	movev_damp	2	768	0.0	0.0	0.0	0.0	0.0	0.0	80.554	80.51	-0.04399999999999693
module_kind	features.5.5.attn.proj.statsq_fn|weight_quant	highdrift_damp	1	1	0.0	0.0	0.0	0.0	0.0	0.0	80.554	80.51	-0.04399999999999693
module_kind	features.5.5.attn.proj.statsq_fn|weight_quant	movev_damp	1	1	0.0	0.0	0.0	0.0	0.0	0.0	80.554	80.51	-0.04399999999999693
module_kind	features.5.5.attn.qk_quant|weight_quant	highdrift_damp	1	1	0.0	0.0	0.0	0.0	0.0	0.0	80.554	80.51	-0.04399999999999693
module_kind	features.5.5.attn.qk_quant|weight_quant	movev_damp	1	1	0.0	0.0	0.0	0.0	0.0	0.0	80.554	80.51	-0.04399999999999693
module_kind	features.5.5.attn.v_quant|weight_quant	highdrift_damp	1	1	0.0	0.0	0.0	0.0	0.0	0.0	80.554	80.51	-0.04399999999999693
module_kind	features.5.5.attn.v_quant|weight_quant	movev_damp	1	1	0.0	0.0	0.0	0.0	0.0	0.0	80.554	80.51	-0.04399999999999693
module_kind	features.5.5.mlp.fc1.statsq_fn|weight_quant	highdrift_damp	1	1	0.0	0.0	0.0	0.0	0.0	0.0	80.554	80.51	-0.04399999999999693
module_kind	features.5.5.mlp.fc1.statsq_fn|weight_quant	movev_damp	1	1	0.0	0.0	0.0	0.0	0.0	0.0	80.554	80.51	-0.04399999999999693
module_kind	features.5.5.mlp.fc2.statsq_fn|weight_quant	highdrift_damp	1	1	0.0	0.0	0.0	0.0	0.0	0.0	80.554	80.51	-0.04399999999999693
module_kind	features.5.5.mlp.fc2.statsq_fn|weight_quant	movev_damp	1	1	0.0	0.0	0.0	0.0	0.0	0.0	80.554	80.51	-0.04399999999999693
module_kind	features.6.reduction|other	highdrift_damp	2	1180416	0.0	0.0	0.0	0.0	0.0	0.0	80.554	80.51	-0.04399999999999693
module_kind	features.6.reduction|other	movev_damp	2	1180416	0.0	0.0	0.0	0.0	0.0	0.0	80.554	80.51	-0.04399999999999693
module_kind	features.6.reduction.input_quant_fn|act_quant	highdrift_damp	1	7	0.0	0.0	0.0	0.0	0.0	0.0	80.554	80.51	-0.04399999999999693
module_kind	features.6.reduction.input_quant_fn|act_quant	movev_damp	1	7	0.0	0.0	0.0	0.0	0.0	0.0	80.554	80.51	-0.04399999999999693
module_kind	features.6.reduction.statsq_fn|weight_quant	highdrift_damp	1	1	0.0	0.0	0.0	0.0	0.0	0.0	80.554	80.51	-0.04399999999999693
module_kind	features.6.reduction.statsq_fn|weight_quant	movev_damp	1	1	0.0	0.0	0.0	0.0	0.0	0.0	80.554	80.51	-0.04399999999999693
module_kind	features.6.reduction.move_b4|move_shift	highdrift_damp	1	1536	0.0	0.0	0.0	0.0	0.0	0.0	80.554	80.51	-0.04399999999999693
module_kind	features.6.reduction.move_b4|move_shift	movev_damp	1	1536	0.0	0.0	0.0	0.0	0.0	0.0	80.554	80.51	-0.04399999999999693
module_kind	features.6.reduction.move_aft|move_shift	highdrift_damp	1	1536	0.0	0.0	0.0	0.0	0.0	0.0	80.554	80.51	-0.04399999999999693
module_kind	features.6.reduction.move_aft|move_shift	movev_damp	1	1536	0.0	0.0	0.0	0.0	0.0	0.0	80.554	80.51	-0.04399999999999693
module_kind	features.6.norm|norm	highdrift_damp	2	3072	0.0	0.0	0.0	0.0	0.0	0.0	80.554	80.51	-0.04399999999999693
module_kind	features.6.norm|norm	movev_damp	2	3072	0.0	0.0	0.0	0.0	0.0	0.0	80.554	80.51	-0.04399999999999693
module_kind	features.7.0.norm1|norm	highdrift_damp	2	1536	0.0	0.0	0.0	0.0	0.0	0.0	80.554	80.51	-0.04399999999999693
module_kind	features.7.0.norm1|norm	movev_damp	2	1536	0.0	0.0	0.0	0.0	0.0	0.0	80.554	80.51	-0.04399999999999693
module_kind	features.7.0.attn|relpos	highdrift_damp	1	4056	0.0	0.0	0.0	0.0	0.0	0.0	80.554	80.51	-0.04399999999999693
module_kind	features.7.0.attn|relpos	movev_damp	1	4056	0.0	0.0	0.0	0.0	0.0	0.0	80.554	80.51	-0.04399999999999693
module_kind	features.7.0.attn|other	highdrift_damp	2	1536	0.0	0.0	0.0	0.0	0.0	0.0	80.554	80.51	-0.04399999999999693
module_kind	features.7.0.attn|other	movev_damp	2	1536	0.0	0.0	0.0	0.0	0.0	0.0	80.554	80.51	-0.04399999999999693
module_kind	features.7.0.attn.proj|attn_proj	highdrift_damp	2	590592	0.0	0.0	0.0	0.0	0.0	0.0	80.554	80.51	-0.04399999999999693
module_kind	features.7.0.attn.proj|attn_proj	movev_damp	2	590592	0.0	0.0	0.0	0.0	0.0	0.0	80.554	80.51	-0.04399999999999693
module_kind	features.7.0.attn.proj.input_quant_fn|act_quant	highdrift_damp	1	49	0.0	0.0	0.0	0.0	0.0	0.0	80.554	80.51	-0.04399999999999693
module_kind	features.7.0.attn.proj.input_quant_fn|act_quant	movev_damp	1	49	0.0	0.0	0.0	0.0	0.0	0.0	80.554	80.51	-0.04399999999999693
module_kind	features.7.0.attn.proj.statsq_fn|weight_quant	highdrift_damp	1	1	0.0	0.0	0.0	0.0	0.0	0.0	80.554	80.51	-0.04399999999999693
module_kind	features.7.0.attn.proj.statsq_fn|weight_quant	movev_damp	1	1	0.0	0.0	0.0	0.0	0.0	0.0	80.554	80.51	-0.04399999999999693
module_kind	features.7.0.attn.proj.move_b4|proj_move_shift	highdrift_damp	1	768	0.0	0.0	0.0	0.0	0.0	0.0	80.554	80.51	-0.04399999999999693
module_kind	features.7.0.attn.proj.move_b4|proj_move_shift	movev_damp	1	768	0.0	0.0	0.0	0.0	0.0	0.0	80.554	80.51	-0.04399999999999693
module_kind	features.7.0.attn.proj.move_aft|proj_move_shift	highdrift_damp	1	768	0.0	0.0	0.0	0.0	0.0	0.0	80.554	80.51	-0.04399999999999693
module_kind	features.7.0.attn.proj.move_aft|proj_move_shift	movev_damp	1	768	0.0	0.0	0.0	0.0	0.0	0.0	80.554	80.51	-0.04399999999999693
module_kind	features.7.0.attn.quant_x_4_qkv.input_quant_fn|act_quant	highdrift_damp	1	49	0.0	0.0	0.0	0.0	0.0	0.0	80.554	80.51	-0.04399999999999693
module_kind	features.7.0.attn.quant_x_4_qkv.input_quant_fn|act_quant	movev_damp	1	49	0.0	0.0	0.0	0.0	0.0	0.0	80.554	80.51	-0.04399999999999693
module_kind	features.7.0.attn.quant_x_4_qkv|act_quant	highdrift_damp	2	1536	0.0	0.0	0.0	0.0	0.0	0.0	80.554	80.51	-0.04399999999999693
module_kind	features.7.0.attn.quant_x_4_qkv|act_quant	movev_damp	2	1536	0.0	0.0	0.0	0.0	0.0	0.0	80.554	80.51	-0.04399999999999693
module_kind	features.7.0.attn.q|attn_qkv	highdrift_damp	1	589824	0.0	0.0	0.0	0.0	0.0	0.0	80.554	80.51	-0.04399999999999693
module_kind	features.7.0.attn.q|attn_qkv	movev_damp	1	589824	0.0	0.0	0.0	0.0	0.0	0.0	80.554	80.51	-0.04399999999999693
module_kind	features.7.0.attn.k|attn_qkv	highdrift_damp	1	589824	0.0	0.0	0.0	0.0	0.0	0.0	80.554	80.51	-0.04399999999999693
module_kind	features.7.0.attn.k|attn_qkv	movev_damp	1	589824	0.0	0.0	0.0	0.0	0.0	0.0	80.554	80.51	-0.04399999999999693
module_kind	features.7.0.attn.v|attn_qkv	highdrift_damp	2	590592	0.0	0.0	0.0	0.0	0.0	0.0	80.554	80.51	-0.04399999999999693
module_kind	features.7.0.attn.v|attn_qkv	movev_damp	2	590592	0.0	0.0	0.0	0.0	0.0	0.0	80.554	80.51	-0.04399999999999693
module_kind	features.7.0.attn.qk_quant|weight_quant	highdrift_damp	1	1	0.0	0.0	0.0	0.0	0.0	0.0	80.554	80.51	-0.04399999999999693
module_kind	features.7.0.attn.qk_quant|weight_quant	movev_damp	1	1	0.0	0.0	0.0	0.0	0.0	0.0	80.554	80.51	-0.04399999999999693
module_kind	features.7.0.attn.v_quant|weight_quant	highdrift_damp	1	1	0.0	0.0	0.0	0.0	0.0	0.0	80.554	80.51	-0.04399999999999693
module_kind	features.7.0.attn.v_quant|weight_quant	movev_damp	1	1	0.0	0.0	0.0	0.0	0.0	0.0	80.554	80.51	-0.04399999999999693
module_kind	features.7.0.attn.quan_a_qkx_fn|act_quant	highdrift_damp	1	1176	0.0	0.0	0.0	0.0	0.0	0.0	80.554	80.51	-0.04399999999999693
module_kind	features.7.0.attn.quan_a_qkx_fn|act_quant	movev_damp	1	1176	0.0	0.0	0.0	0.0	0.0	0.0	80.554	80.51	-0.04399999999999693
module_kind	features.7.0.attn.quan_a_v_fn|act_quant	highdrift_damp	1	768	0.0	0.0	0.0	0.0	0.0	0.0	80.554	80.51	-0.04399999999999693
module_kind	features.7.0.attn.quan_a_v_fn|act_quant	movev_damp	1	768	0.0	0.0	0.0	0.0	0.0	0.0	80.554	80.51	-0.04399999999999693
module_kind	features.7.0.attn.move_qkx_b4|move_shift	highdrift_damp	1	18432	0.0	0.0	0.0	0.0	0.0	0.0	80.554	80.51	-0.04399999999999693
module_kind	features.7.0.attn.move_qkx_b4|move_shift	movev_damp	1	18432	0.0	0.0	0.0	0.0	0.0	0.0	80.554	80.51	-0.04399999999999693
module_kind	features.7.0.attn.move_qkx_aft|move_shift	highdrift_damp	1	18432	0.0	0.0	0.0	0.0	0.0	0.0	80.554	80.51	-0.04399999999999693
module_kind	features.7.0.attn.move_qkx_aft|move_shift	movev_damp	1	18432	0.0	0.0	0.0	0.0	0.0	0.0	80.554	80.51	-0.04399999999999693
module_kind	features.7.0.attn.move_v_b4|move_v_shift	highdrift_damp	1	768	0.0	0.0	0.0	0.0	0.0	0.0	80.554	80.51	-0.04399999999999693
module_kind	features.7.0.attn.move_v_b4|move_v_shift	movev_damp	1	768	0.0	0.0	0.0	0.0	0.0	0.0	80.554	80.51	-0.04399999999999693
module_kind	features.7.0.attn.move_v_aft|move_v_shift	highdrift_damp	1	768	0.0	0.0	0.0	0.0	0.0	0.0	80.554	80.51	-0.04399999999999693
module_kind	features.7.0.attn.move_v_aft|move_v_shift	movev_damp	1	768	0.0	0.0	0.0	0.0	0.0	0.0	80.554	80.51	-0.04399999999999693
module_kind	features.7.0.attn.quan_a_softmax_fn|softmax_quant	highdrift_damp	1	49	0.0	0.0	0.0	0.0	0.0	0.0	80.554	80.51	-0.04399999999999693
module_kind	features.7.0.attn.quan_a_softmax_fn|softmax_quant	movev_damp	1	49	0.0	0.0	0.0	0.0	0.0	0.0	80.554	80.51	-0.04399999999999693
module_kind	features.7.0.norm2|norm	highdrift_damp	2	1536	0.0	0.0	0.0	0.0	0.0	0.0	80.554	80.51	-0.04399999999999693
module_kind	features.7.0.norm2|norm	movev_damp	2	1536	0.0	0.0	0.0	0.0	0.0	0.0	80.554	80.51	-0.04399999999999693
module_kind	features.7.0.mlp.fc1|mlp	highdrift_damp	2	2362368	0.0	0.0	0.0	0.0	0.0	0.0	80.554	80.51	-0.04399999999999693
module_kind	features.7.0.mlp.fc1|mlp	movev_damp	2	2362368	0.0	0.0	0.0	0.0	0.0	0.0	80.554	80.51	-0.04399999999999693
module_kind	features.7.0.mlp.fc1.input_quant_fn|act_quant	highdrift_damp	1	7	0.0	0.0	0.0	0.0	0.0	0.0	80.554	80.51	-0.04399999999999693
module_kind	features.7.0.mlp.fc1.input_quant_fn|act_quant	movev_damp	1	7	0.0	0.0	0.0	0.0	0.0	0.0	80.554	80.51	-0.04399999999999693
module_kind	features.7.0.mlp.fc1.statsq_fn|weight_quant	highdrift_damp	1	1	0.0	0.0	0.0	0.0	0.0	0.0	80.554	80.51	-0.04399999999999693
module_kind	features.7.0.mlp.fc1.statsq_fn|weight_quant	movev_damp	1	1	0.0	0.0	0.0	0.0	0.0	0.0	80.554	80.51	-0.04399999999999693
module_kind	features.7.0.mlp.fc1.move_b4|move_shift	highdrift_damp	1	768	0.0	0.0	0.0	0.0	0.0	0.0	80.554	80.51	-0.04399999999999693
module_kind	features.7.0.mlp.fc1.move_b4|move_shift	movev_damp	1	768	0.0	0.0	0.0	0.0	0.0	0.0	80.554	80.51	-0.04399999999999693
module_kind	features.7.0.mlp.fc1.move_aft|move_shift	highdrift_damp	1	768	0.0	0.0	0.0	0.0	0.0	0.0	80.554	80.51	-0.04399999999999693
module_kind	features.7.0.mlp.fc1.move_aft|move_shift	movev_damp	1	768	0.0	0.0	0.0	0.0	0.0	0.0	80.554	80.51	-0.04399999999999693
module_kind	features.7.0.mlp.fc2|mlp	highdrift_damp	2	2360064	0.0	0.0	0.0	0.0	0.0	0.0	80.554	80.51	-0.04399999999999693
module_kind	features.7.0.mlp.fc2|mlp	movev_damp	2	2360064	0.0	0.0	0.0	0.0	0.0	0.0	80.554	80.51	-0.04399999999999693
module_kind	features.7.0.mlp.fc2.input_quant_fn|act_quant	highdrift_damp	1	7	0.0	0.0	0.0	0.0	0.0	0.0	80.554	80.51	-0.04399999999999693
module_kind	features.7.0.mlp.fc2.input_quant_fn|act_quant	movev_damp	1	7	0.0	0.0	0.0	0.0	0.0	0.0	80.554	80.51	-0.04399999999999693
module_kind	features.7.0.mlp.fc2.statsq_fn|weight_quant	highdrift_damp	1	1	0.0	0.0	0.0	0.0	0.0	0.0	80.554	80.51	-0.04399999999999693
module_kind	features.7.0.mlp.fc2.statsq_fn|weight_quant	movev_damp	1	1	0.0	0.0	0.0	0.0	0.0	0.0	80.554	80.51	-0.04399999999999693
module_kind	features.7.0.mlp.fc2.move_b4|move_shift	highdrift_damp	1	3072	0.0	0.0	0.0	0.0	0.0	0.0	80.554	80.51	-0.04399999999999693
module_kind	features.7.0.mlp.fc2.move_b4|move_shift	movev_damp	1	3072	0.0	0.0	0.0	0.0	0.0	0.0	80.554	80.51	-0.04399999999999693
module_kind	features.7.0.mlp.fc2.move_aft|move_shift	highdrift_damp	1	3072	0.0	0.0	0.0	0.0	0.0	0.0	80.554	80.51	-0.04399999999999693
module_kind	features.7.0.mlp.fc2.move_aft|move_shift	movev_damp	1	3072	0.0	0.0	0.0	0.0	0.0	0.0	80.554	80.51	-0.04399999999999693
module_kind	features.7.1.attn|other	highdrift_damp	2	1536	0.0	0.0	0.0	0.0	0.0	0.0	80.554	80.51	-0.04399999999999693
module_kind	features.7.1.attn|other	movev_damp	2	1536	0.0	0.0	0.0	0.0	0.0	0.0	80.554	80.51	-0.04399999999999693
module_kind	features.7.1.attn.proj.statsq_fn|weight_quant	highdrift_damp	1	1	0.0	0.0	0.0	0.0	0.0	0.0	80.554	80.51	-0.04399999999999693
module_kind	features.7.1.attn.proj.statsq_fn|weight_quant	movev_damp	1	1	0.0	0.0	0.0	0.0	0.0	0.0	80.554	80.51	-0.04399999999999693
module_kind	features.7.1.attn.qk_quant|weight_quant	highdrift_damp	1	1	0.0	0.0	0.0	0.0	0.0	0.0	80.554	80.51	-0.04399999999999693
module_kind	features.7.1.attn.qk_quant|weight_quant	movev_damp	1	1	0.0	0.0	0.0	0.0	0.0	0.0	80.554	80.51	-0.04399999999999693
module_kind	features.7.1.attn.v_quant|weight_quant	highdrift_damp	1	1	0.0	0.0	0.0	0.0	0.0	0.0	80.554	80.51	-0.04399999999999693
module_kind	features.7.1.attn.v_quant|weight_quant	movev_damp	1	1	0.0	0.0	0.0	0.0	0.0	0.0	80.554	80.51	-0.04399999999999693
module_kind	features.7.1.mlp.fc1.statsq_fn|weight_quant	highdrift_damp	1	1	0.0	0.0	0.0	0.0	0.0	0.0	80.554	80.51	-0.04399999999999693
module_kind	features.7.1.mlp.fc1.statsq_fn|weight_quant	movev_damp	1	1	0.0	0.0	0.0	0.0	0.0	0.0	80.554	80.51	-0.04399999999999693
module_kind	features.7.1.mlp.fc2.statsq_fn|weight_quant	highdrift_damp	1	1	0.0	0.0	0.0	0.0	0.0	0.0	80.554	80.51	-0.04399999999999693
module_kind	features.7.1.mlp.fc2.statsq_fn|weight_quant	movev_damp	1	1	0.0	0.0	0.0	0.0	0.0	0.0	80.554	80.51	-0.04399999999999693
module_kind	norm|norm	highdrift_damp	2	1536	0.0	0.0	0.0	0.0	0.0	0.0	80.554	80.51	-0.04399999999999693
module_kind	norm|norm	movev_damp	2	1536	0.0	0.0	0.0	0.0	0.0	0.0	80.554	80.51	-0.04399999999999693
module_kind	head|head	highdrift_damp	2	769000	0.0	0.0	0.0	0.0	0.0	0.0	80.554	80.51	-0.04399999999999693
module_kind	head|head	movev_damp	2	769000	0.0	0.0	0.0	0.0	0.0	0.0	80.554	80.51	-0.04399999999999693
module_kind	head.input_quant_fn|act_quant	highdrift_damp	1	1	0.0	0.0	0.0	0.0	0.0	0.0	80.554	80.51	-0.04399999999999693
module_kind	head.input_quant_fn|act_quant	movev_damp	1	1	0.0	0.0	0.0	0.0	0.0	0.0	80.554	80.51	-0.04399999999999693
module_kind	head.lsqw_fn|weight_quant	highdrift_damp	1	1000	0.0	0.0	0.0	0.0	0.0	0.0	80.554	80.51	-0.04399999999999693
module_kind	head.lsqw_fn|weight_quant	movev_damp	1	1000	0.0	0.0	0.0	0.0	0.0	0.0	80.554	80.51	-0.04399999999999693
module_kind	head.move_b4|move_shift	highdrift_damp	1	768	0.0	0.0	0.0	0.0	0.0	0.0	80.554	80.51	-0.04399999999999693
module_kind	head.move_b4|move_shift	movev_damp	1	768	0.0	0.0	0.0	0.0	0.0	0.0	80.554	80.51	-0.04399999999999693
module_kind	head.move_aft|move_shift	highdrift_damp	1	768	0.0	0.0	0.0	0.0	0.0	0.0	80.554	80.51	-0.04399999999999693
module_kind	head.move_aft|move_shift	movev_damp	1	768	0.0	0.0	0.0	0.0	0.0	0.0	80.554	80.51	-0.04399999999999693
