/usr/local/lib/python3.11/dist-packages/requests/__init__.py:113: RequestsDependencyWarning: urllib3 (1.26.20) or chardet (7.4.3)/charset_normalizer (3.4.4) doesn't match a supported version!
  warnings.warn(
/usr/local/lib/python3.11/dist-packages/wandb/apis/public.py:3075: UserWarning: pkg_resources is deprecated as an API. See https://setuptools.pypa.io/en/latest/pkg_resources.html. The pkg_resources package is slated for removal as early as 2025-11-30. Refrain from using this package or pin to Setuptools<81.
  from pkg_resources import parse_version
[QATs] method=ofq
[QATs] cwd=/mlx_devbox/users/quyanyi/playground/QATs/third_party/OFQ
[QATs] command=/usr/bin/python3 train.py -c /mlx_devbox/users/quyanyi/playground/QATs/third_party/OFQ/configs/swin_t_imagenet.attn_q.yml --model swin_t /tmp/imagenet1k_full_parquet --dataset hf-parquet-imagenet --output /mlx_devbox/users/quyanyi/playground/QATs/outputs/ofq_unified_50ep_directverify_v2 --experiment swin_t_w4a4_imagenet1k_8gpu_50ep_directverify_v2 --visible_gpu 0,1,2,3,4,5,6,7 --world_size 8 --tcp_port 29836 --model_type swin --teacher swin_t --teacher_type swin --epochs 50 --batch-size 64 --grad-accum-steps 1 --workers 8 --warmup-lr 1e-06 --checkpoint-hist 10 --epoch-checkpoint-interval 10 --wq-bitw 4 --wq-enable --aq-bitw 4 --aq-enable --wq-mode statsq --aq-mode lsq --wq-per-channel --aq-per-channel --aq_clip_learnable --pretrained --pretrained_initialized --use-kd --kd_hard_and_soft 1 --teacher_pretrained --quantized --qk_reparam --qk_reparam_type 0 --skip_validate --cooldown-epochs 0
/usr/local/lib/python3.11/dist-packages/requests/__init__.py:113: RequestsDependencyWarning: urllib3 (1.26.20) or chardet (7.4.3)/charset_normalizer (3.4.4) doesn't match a supported version!
  warnings.warn(
/usr/local/lib/python3.11/dist-packages/requests/__init__.py:113: RequestsDependencyWarning: urllib3 (1.26.20) or chardet (7.4.3)/charset_normalizer (3.4.4) doesn't match a supported version!
  warnings.warn(
/usr/local/lib/python3.11/dist-packages/requests/__init__.py:113: RequestsDependencyWarning: urllib3 (1.26.20) or chardet (7.4.3)/charset_normalizer (3.4.4) doesn't match a supported version!
  warnings.warn(
/usr/local/lib/python3.11/dist-packages/requests/__init__.py:113: RequestsDependencyWarning: urllib3 (1.26.20) or chardet (7.4.3)/charset_normalizer (3.4.4) doesn't match a supported version!
  warnings.warn(
/usr/local/lib/python3.11/dist-packages/requests/__init__.py:113: RequestsDependencyWarning: urllib3 (1.26.20) or chardet (7.4.3)/charset_normalizer (3.4.4) doesn't match a supported version!
  warnings.warn(
/usr/local/lib/python3.11/dist-packages/requests/__init__.py:113: RequestsDependencyWarning: urllib3 (1.26.20) or chardet (7.4.3)/charset_normalizer (3.4.4) doesn't match a supported version!
  warnings.warn(
/usr/local/lib/python3.11/dist-packages/requests/__init__.py:113: RequestsDependencyWarning: urllib3 (1.26.20) or chardet (7.4.3)/charset_normalizer (3.4.4) doesn't match a supported version!
  warnings.warn(
/usr/local/lib/python3.11/dist-packages/requests/__init__.py:113: RequestsDependencyWarning: urllib3 (1.26.20) or chardet (7.4.3)/charset_normalizer (3.4.4) doesn't match a supported version!
  warnings.warn(
/usr/local/lib/python3.11/dist-packages/wandb/apis/public.py:3075: UserWarning: pkg_resources is deprecated as an API. See https://setuptools.pypa.io/en/latest/pkg_resources.html. The pkg_resources package is slated for removal as early as 2025-11-30. Refrain from using this package or pin to Setuptools<81.
  from pkg_resources import parse_version
/usr/local/lib/python3.11/dist-packages/wandb/apis/public.py:3075: UserWarning: pkg_resources is deprecated as an API. See https://setuptools.pypa.io/en/latest/pkg_resources.html. The pkg_resources package is slated for removal as early as 2025-11-30. Refrain from using this package or pin to Setuptools<81.
  from pkg_resources import parse_version
/usr/local/lib/python3.11/dist-packages/wandb/apis/public.py:3075: UserWarning: pkg_resources is deprecated as an API. See https://setuptools.pypa.io/en/latest/pkg_resources.html. The pkg_resources package is slated for removal as early as 2025-11-30. Refrain from using this package or pin to Setuptools<81.
  from pkg_resources import parse_version
/usr/local/lib/python3.11/dist-packages/wandb/apis/public.py:3075: UserWarning: pkg_resources is deprecated as an API. See https://setuptools.pypa.io/en/latest/pkg_resources.html. The pkg_resources package is slated for removal as early as 2025-11-30. Refrain from using this package or pin to Setuptools<81.
  from pkg_resources import parse_version
/usr/local/lib/python3.11/dist-packages/wandb/apis/public.py:3075: UserWarning: pkg_resources is deprecated as an API. See https://setuptools.pypa.io/en/latest/pkg_resources.html. The pkg_resources package is slated for removal as early as 2025-11-30. Refrain from using this package or pin to Setuptools<81.
  from pkg_resources import parse_version
/usr/local/lib/python3.11/dist-packages/wandb/apis/public.py:3075: UserWarning: pkg_resources is deprecated as an API. See https://setuptools.pypa.io/en/latest/pkg_resources.html. The pkg_resources package is slated for removal as early as 2025-11-30. Refrain from using this package or pin to Setuptools<81.
  from pkg_resources import parse_version
/usr/local/lib/python3.11/dist-packages/wandb/apis/public.py:3075: UserWarning: pkg_resources is deprecated as an API. See https://setuptools.pypa.io/en/latest/pkg_resources.html. The pkg_resources package is slated for removal as early as 2025-11-30. Refrain from using this package or pin to Setuptools<81.
  from pkg_resources import parse_version
/usr/local/lib/python3.11/dist-packages/wandb/apis/public.py:3075: UserWarning: pkg_resources is deprecated as an API. See https://setuptools.pypa.io/en/latest/pkg_resources.html. The pkg_resources package is slated for removal as early as 2025-11-30. Refrain from using this package or pin to Setuptools<81.
  from pkg_resources import parse_version
args.local_rank: 4
8
args.local_rank: 1
8
args.local_rank: 2
8
args.local_rank: 0
8
args.local_rank: 6
8
args.local_rank: 3
8
args.local_rank: 5
8
args.local_rank: 7
8
Training in distributed mode with multiple processes, 1 GPU per process. Process 1, total 8.
Training in distributed mode with multiple processes, 1 GPU per process. Process 2, total 8.
load pretrained
Training in distributed mode with multiple processes, 1 GPU per process. Process 6, total 8.
Training in distributed mode with multiple processes, 1 GPU per process. Process 7, total 8.
Training in distributed mode with multiple processes, 1 GPU per process. Process 0, total 8.
load pretrained
Training in distributed mode with multiple processes, 1 GPU per process. Process 4, total 8.
Training in distributed mode with multiple processes, 1 GPU per process. Process 5, total 8.
Training in distributed mode with multiple processes, 1 GPU per process. Process 3, total 8.
load pretrained
load pretrained
load pretrained
load pretrained
load pretrained
load pretrained
load pretrained
load pretrained
create teacher model
load pretrained
load pretrained
load pretrained
load pretrained
load pretrained
load pretrained
Model swin_t created, param count:28593633
Data processing configuration for current model + dataset:
	input_size: (3, 224, 224)
	interpolation: bicubic
	mean: (0.485, 0.456, 0.406)
	std: (0.229, 0.224, 0.225)
	crop_pct: 0.9
Trainer transform: Compose(
    RandomResizedCropAndInterpolation(size=(224, 224), scale=(0.08, 1.0), ratio=(0.75, 1.3333), interpolation=PIL.Image.BILINEAR PIL.Image.BICUBIC)
    RandomHorizontalFlip(p=0.5)
    <timm.data.auto_augment.RandAugment object at 0x7fada1c925d0>
    <timm.data.transforms.ToNumpy object at 0x7fafb8184d90>
)
160128
50000
setup alpha
/usr/local/lib/python3.11/dist-packages/requests/__init__.py:113: RequestsDependencyWarning: urllib3 (1.26.20) or chardet (7.4.3)/charset_normalizer (3.4.4) doesn't match a supported version!
  warnings.warn(
/usr/local/lib/python3.11/dist-packages/requests/__init__.py:113: RequestsDependencyWarning: urllib3 (1.26.20) or chardet (7.4.3)/charset_normalizer (3.4.4) doesn't match a supported version!
  warnings.warn(
/usr/local/lib/python3.11/dist-packages/requests/__init__.py:113: RequestsDependencyWarning: urllib3 (1.26.20) or chardet (7.4.3)/charset_normalizer (3.4.4) doesn't match a supported version!
  warnings.warn(
/usr/local/lib/python3.11/dist-packages/requests/__init__.py:113: RequestsDependencyWarning: urllib3 (1.26.20) or chardet (7.4.3)/charset_normalizer (3.4.4) doesn't match a supported version!
  warnings.warn(
/usr/local/lib/python3.11/dist-packages/requests/__init__.py:113: RequestsDependencyWarning: urllib3 (1.26.20) or chardet (7.4.3)/charset_normalizer (3.4.4) doesn't match a supported version!
  warnings.warn(
/usr/local/lib/python3.11/dist-packages/requests/__init__.py:113: RequestsDependencyWarning: urllib3 (1.26.20) or chardet (7.4.3)/charset_normalizer (3.4.4) doesn't match a supported version!
  warnings.warn(
/usr/local/lib/python3.11/dist-packages/requests/__init__.py:113: RequestsDependencyWarning: urllib3 (1.26.20) or chardet (7.4.3)/charset_normalizer (3.4.4) doesn't match a supported version!
  warnings.warn(
/usr/local/lib/python3.11/dist-packages/requests/__init__.py:113: RequestsDependencyWarning: urllib3 (1.26.20) or chardet (7.4.3)/charset_normalizer (3.4.4) doesn't match a supported version!
  warnings.warn(
/usr/local/lib/python3.11/dist-packages/requests/__init__.py:113: RequestsDependencyWarning: urllib3 (1.26.20) or chardet (7.4.3)/charset_normalizer (3.4.4) doesn't match a supported version!
  warnings.warn(
/usr/local/lib/python3.11/dist-packages/requests/__init__.py:113: RequestsDependencyWarning: urllib3 (1.26.20) or chardet (7.4.3)/charset_normalizer (3.4.4) doesn't match a supported version!
  warnings.warn(
/usr/local/lib/python3.11/dist-packages/requests/__init__.py:113: RequestsDependencyWarning: urllib3 (1.26.20) or chardet (7.4.3)/charset_normalizer (3.4.4) doesn't match a supported version!
  warnings.warn(
/usr/local/lib/python3.11/dist-packages/requests/__init__.py:113: RequestsDependencyWarning: urllib3 (1.26.20) or chardet (7.4.3)/charset_normalizer (3.4.4) doesn't match a supported version!
  warnings.warn(
/usr/local/lib/python3.11/dist-packages/requests/__init__.py:113: RequestsDependencyWarning: urllib3 (1.26.20) or chardet (7.4.3)/charset_normalizer (3.4.4) doesn't match a supported version!
  warnings.warn(
/usr/local/lib/python3.11/dist-packages/requests/__init__.py:113: RequestsDependencyWarning: urllib3 (1.26.20) or chardet (7.4.3)/charset_normalizer (3.4.4) doesn't match a supported version!
  warnings.warn(
/usr/local/lib/python3.11/dist-packages/requests/__init__.py:113: RequestsDependencyWarning: urllib3 (1.26.20) or chardet (7.4.3)/charset_normalizer (3.4.4) doesn't match a supported version!
  warnings.warn(
/usr/local/lib/python3.11/dist-packages/requests/__init__.py:113: RequestsDependencyWarning: urllib3 (1.26.20) or chardet (7.4.3)/charset_normalizer (3.4.4) doesn't match a supported version!
  warnings.warn(
/usr/local/lib/python3.11/dist-packages/requests/__init__.py:113: RequestsDependencyWarning: urllib3 (1.26.20) or chardet (7.4.3)/charset_normalizer (3.4.4) doesn't match a supported version!
  warnings.warn(
/usr/local/lib/python3.11/dist-packages/requests/__init__.py:113: RequestsDependencyWarning: urllib3 (1.26.20) or chardet (7.4.3)/charset_normalizer (3.4.4) doesn't match a supported version!
  warnings.warn(
/usr/local/lib/python3.11/dist-packages/requests/__init__.py:113: RequestsDependencyWarning: urllib3 (1.26.20) or chardet (7.4.3)/charset_normalizer (3.4.4) doesn't match a supported version!
  warnings.warn(
/usr/local/lib/python3.11/dist-packages/requests/__init__.py:113: RequestsDependencyWarning: urllib3 (1.26.20) or chardet (7.4.3)/charset_normalizer (3.4.4) doesn't match a supported version!
  warnings.warn(
/usr/local/lib/python3.11/dist-packages/requests/__init__.py:113: RequestsDependencyWarning: urllib3 (1.26.20) or chardet (7.4.3)/charset_normalizer (3.4.4) doesn't match a supported version!
  warnings.warn(
/usr/local/lib/python3.11/dist-packages/requests/__init__.py:113: RequestsDependencyWarning: urllib3 (1.26.20) or chardet (7.4.3)/charset_normalizer (3.4.4) doesn't match a supported version!
  warnings.warn(
/usr/local/lib/python3.11/dist-packages/requests/__init__.py:113: RequestsDependencyWarning: urllib3 (1.26.20) or chardet (7.4.3)/charset_normalizer (3.4.4) doesn't match a supported version!
  warnings.warn(
/usr/local/lib/python3.11/dist-packages/requests/__init__.py:113: RequestsDependencyWarning: urllib3 (1.26.20) or chardet (7.4.3)/charset_normalizer (3.4.4) doesn't match a supported version!
  warnings.warn(
/usr/local/lib/python3.11/dist-packages/requests/__init__.py:113: RequestsDependencyWarning: urllib3 (1.26.20) or chardet (7.4.3)/charset_normalizer (3.4.4) doesn't match a supported version!
  warnings.warn(
/usr/local/lib/python3.11/dist-packages/requests/__init__.py:113: RequestsDependencyWarning: urllib3 (1.26.20) or chardet (7.4.3)/charset_normalizer (3.4.4) doesn't match a supported version!
  warnings.warn(
/usr/local/lib/python3.11/dist-packages/requests/__init__.py:113: RequestsDependencyWarning: urllib3 (1.26.20) or chardet (7.4.3)/charset_normalizer (3.4.4) doesn't match a supported version!
  warnings.warn(
/usr/local/lib/python3.11/dist-packages/requests/__init__.py:113: RequestsDependencyWarning: urllib3 (1.26.20) or chardet (7.4.3)/charset_normalizer (3.4.4) doesn't match a supported version!
  warnings.warn(
/usr/local/lib/python3.11/dist-packages/requests/__init__.py:113: RequestsDependencyWarning: urllib3 (1.26.20) or chardet (7.4.3)/charset_normalizer (3.4.4) doesn't match a supported version!
  warnings.warn(
/usr/local/lib/python3.11/dist-packages/wandb/apis/public.py:3075: UserWarning: pkg_resources is deprecated as an API. See https://setuptools.pypa.io/en/latest/pkg_resources.html. The pkg_resources package is slated for removal as early as 2025-11-30. Refrain from using this package or pin to Setuptools<81.
  from pkg_resources import parse_version
/usr/local/lib/python3.11/dist-packages/wandb/apis/public.py:3075: UserWarning: pkg_resources is deprecated as an API. See https://setuptools.pypa.io/en/latest/pkg_resources.html. The pkg_resources package is slated for removal as early as 2025-11-30. Refrain from using this package or pin to Setuptools<81.
  from pkg_resources import parse_version
/usr/local/lib/python3.11/dist-packages/wandb/apis/public.py:3075: UserWarning: pkg_resources is deprecated as an API. See https://setuptools.pypa.io/en/latest/pkg_resources.html. The pkg_resources package is slated for removal as early as 2025-11-30. Refrain from using this package or pin to Setuptools<81.
  from pkg_resources import parse_version
/usr/local/lib/python3.11/dist-packages/wandb/apis/public.py:3075: UserWarning: pkg_resources is deprecated as an API. See https://setuptools.pypa.io/en/latest/pkg_resources.html. The pkg_resources package is slated for removal as early as 2025-11-30. Refrain from using this package or pin to Setuptools<81.
  from pkg_resources import parse_version
/usr/local/lib/python3.11/dist-packages/wandb/apis/public.py:3075: UserWarning: pkg_resources is deprecated as an API. See https://setuptools.pypa.io/en/latest/pkg_resources.html. The pkg_resources package is slated for removal as early as 2025-11-30. Refrain from using this package or pin to Setuptools<81.
  from pkg_resources import parse_version
/usr/local/lib/python3.11/dist-packages/wandb/apis/public.py:3075: UserWarning: pkg_resources is deprecated as an API. See https://setuptools.pypa.io/en/latest/pkg_resources.html. The pkg_resources package is slated for removal as early as 2025-11-30. Refrain from using this package or pin to Setuptools<81.
  from pkg_resources import parse_version
/usr/local/lib/python3.11/dist-packages/wandb/apis/public.py:3075: UserWarning: pkg_resources is deprecated as an API. See https://setuptools.pypa.io/en/latest/pkg_resources.html. The pkg_resources package is slated for removal as early as 2025-11-30. Refrain from using this package or pin to Setuptools<81.
  from pkg_resources import parse_version
/usr/local/lib/python3.11/dist-packages/wandb/apis/public.py:3075: UserWarning: pkg_resources is deprecated as an API. See https://setuptools.pypa.io/en/latest/pkg_resources.html. The pkg_resources package is slated for removal as early as 2025-11-30. Refrain from using this package or pin to Setuptools<81.
  from pkg_resources import parse_version
/usr/local/lib/python3.11/dist-packages/wandb/apis/public.py:3075: UserWarning: pkg_resources is deprecated as an API. See https://setuptools.pypa.io/en/latest/pkg_resources.html. The pkg_resources package is slated for removal as early as 2025-11-30. Refrain from using this package or pin to Setuptools<81.
  from pkg_resources import parse_version
/usr/local/lib/python3.11/dist-packages/wandb/apis/public.py:3075: UserWarning: pkg_resources is deprecated as an API. See https://setuptools.pypa.io/en/latest/pkg_resources.html. The pkg_resources package is slated for removal as early as 2025-11-30. Refrain from using this package or pin to Setuptools<81.
  from pkg_resources import parse_version
/usr/local/lib/python3.11/dist-packages/wandb/apis/public.py:3075: UserWarning: pkg_resources is deprecated as an API. See https://setuptools.pypa.io/en/latest/pkg_resources.html. The pkg_resources package is slated for removal as early as 2025-11-30. Refrain from using this package or pin to Setuptools<81.
  from pkg_resources import parse_version
/usr/local/lib/python3.11/dist-packages/wandb/apis/public.py:3075: UserWarning: pkg_resources is deprecated as an API. See https://setuptools.pypa.io/en/latest/pkg_resources.html. The pkg_resources package is slated for removal as early as 2025-11-30. Refrain from using this package or pin to Setuptools<81.
  from pkg_resources import parse_version
/usr/local/lib/python3.11/dist-packages/wandb/apis/public.py:3075: UserWarning: pkg_resources is deprecated as an API. See https://setuptools.pypa.io/en/latest/pkg_resources.html. The pkg_resources package is slated for removal as early as 2025-11-30. Refrain from using this package or pin to Setuptools<81.
  from pkg_resources import parse_version
/usr/local/lib/python3.11/dist-packages/wandb/apis/public.py:3075: UserWarning: pkg_resources is deprecated as an API. See https://setuptools.pypa.io/en/latest/pkg_resources.html. The pkg_resources package is slated for removal as early as 2025-11-30. Refrain from using this package or pin to Setuptools<81.
  from pkg_resources import parse_version
/usr/local/lib/python3.11/dist-packages/wandb/apis/public.py:3075: UserWarning: pkg_resources is deprecated as an API. See https://setuptools.pypa.io/en/latest/pkg_resources.html. The pkg_resources package is slated for removal as early as 2025-11-30. Refrain from using this package or pin to Setuptools<81.
  from pkg_resources import parse_version
/usr/local/lib/python3.11/dist-packages/wandb/apis/public.py:3075: UserWarning: pkg_resources is deprecated as an API. See https://setuptools.pypa.io/en/latest/pkg_resources.html. The pkg_resources package is slated for removal as early as 2025-11-30. Refrain from using this package or pin to Setuptools<81.
  from pkg_resources import parse_version
/usr/local/lib/python3.11/dist-packages/wandb/apis/public.py:3075: UserWarning: pkg_resources is deprecated as an API. See https://setuptools.pypa.io/en/latest/pkg_resources.html. The pkg_resources package is slated for removal as early as 2025-11-30. Refrain from using this package or pin to Setuptools<81.
  from pkg_resources import parse_version
/usr/local/lib/python3.11/dist-packages/wandb/apis/public.py:3075: UserWarning: pkg_resources is deprecated as an API. See https://setuptools.pypa.io/en/latest/pkg_resources.html. The pkg_resources package is slated for removal as early as 2025-11-30. Refrain from using this package or pin to Setuptools<81.
  from pkg_resources import parse_version
/usr/local/lib/python3.11/dist-packages/wandb/apis/public.py:3075: UserWarning: pkg_resources is deprecated as an API. See https://setuptools.pypa.io/en/latest/pkg_resources.html. The pkg_resources package is slated for removal as early as 2025-11-30. Refrain from using this package or pin to Setuptools<81.
  from pkg_resources import parse_version
/usr/local/lib/python3.11/dist-packages/wandb/apis/public.py:3075: UserWarning: pkg_resources is deprecated as an API. See https://setuptools.pypa.io/en/latest/pkg_resources.html. The pkg_resources package is slated for removal as early as 2025-11-30. Refrain from using this package or pin to Setuptools<81.
  from pkg_resources import parse_version
/usr/local/lib/python3.11/dist-packages/wandb/apis/public.py:3075: UserWarning: pkg_resources is deprecated as an API. See https://setuptools.pypa.io/en/latest/pkg_resources.html. The pkg_resources package is slated for removal as early as 2025-11-30. Refrain from using this package or pin to Setuptools<81.
  from pkg_resources import parse_version
/usr/local/lib/python3.11/dist-packages/wandb/apis/public.py:3075: UserWarning: pkg_resources is deprecated as an API. See https://setuptools.pypa.io/en/latest/pkg_resources.html. The pkg_resources package is slated for removal as early as 2025-11-30. Refrain from using this package or pin to Setuptools<81.
  from pkg_resources import parse_version
/usr/local/lib/python3.11/dist-packages/wandb/apis/public.py:3075: UserWarning: pkg_resources is deprecated as an API. See https://setuptools.pypa.io/en/latest/pkg_resources.html. The pkg_resources package is slated for removal as early as 2025-11-30. Refrain from using this package or pin to Setuptools<81.
  from pkg_resources import parse_version
/usr/local/lib/python3.11/dist-packages/wandb/apis/public.py:3075: UserWarning: pkg_resources is deprecated as an API. See https://setuptools.pypa.io/en/latest/pkg_resources.html. The pkg_resources package is slated for removal as early as 2025-11-30. Refrain from using this package or pin to Setuptools<81.
  from pkg_resources import parse_version
/usr/local/lib/python3.11/dist-packages/requests/__init__.py:113: RequestsDependencyWarning: urllib3 (1.26.20) or chardet (7.4.3)/charset_normalizer (3.4.4) doesn't match a supported version!
  warnings.warn(
/usr/local/lib/python3.11/dist-packages/requests/__init__.py:113: RequestsDependencyWarning: urllib3 (1.26.20) or chardet (7.4.3)/charset_normalizer (3.4.4) doesn't match a supported version!
  warnings.warn(
/usr/local/lib/python3.11/dist-packages/requests/__init__.py:113: RequestsDependencyWarning: urllib3 (1.26.20) or chardet (7.4.3)/charset_normalizer (3.4.4) doesn't match a supported version!
  warnings.warn(
/usr/local/lib/python3.11/dist-packages/requests/__init__.py:113: RequestsDependencyWarning: urllib3 (1.26.20) or chardet (7.4.3)/charset_normalizer (3.4.4) doesn't match a supported version!
  warnings.warn(
/usr/local/lib/python3.11/dist-packages/requests/__init__.py:113: RequestsDependencyWarning: urllib3 (1.26.20) or chardet (7.4.3)/charset_normalizer (3.4.4) doesn't match a supported version!
  warnings.warn(
/usr/local/lib/python3.11/dist-packages/requests/__init__.py:113: RequestsDependencyWarning: urllib3 (1.26.20) or chardet (7.4.3)/charset_normalizer (3.4.4) doesn't match a supported version!
  warnings.warn(
/usr/local/lib/python3.11/dist-packages/requests/__init__.py:113: RequestsDependencyWarning: urllib3 (1.26.20) or chardet (7.4.3)/charset_normalizer (3.4.4) doesn't match a supported version!
  warnings.warn(
/usr/local/lib/python3.11/dist-packages/requests/__init__.py:113: RequestsDependencyWarning: urllib3 (1.26.20) or chardet (7.4.3)/charset_normalizer (3.4.4) doesn't match a supported version!
  warnings.warn(
/usr/local/lib/python3.11/dist-packages/requests/__init__.py:113: RequestsDependencyWarning: urllib3 (1.26.20) or chardet (7.4.3)/charset_normalizer (3.4.4) doesn't match a supported version!
  warnings.warn(
/usr/local/lib/python3.11/dist-packages/requests/__init__.py:113: RequestsDependencyWarning: urllib3 (1.26.20) or chardet (7.4.3)/charset_normalizer (3.4.4) doesn't match a supported version!
  warnings.warn(
/usr/local/lib/python3.11/dist-packages/requests/__init__.py:113: RequestsDependencyWarning: urllib3 (1.26.20) or chardet (7.4.3)/charset_normalizer (3.4.4) doesn't match a supported version!
  warnings.warn(
/usr/local/lib/python3.11/dist-packages/requests/__init__.py:113: RequestsDependencyWarning: urllib3 (1.26.20) or chardet (7.4.3)/charset_normalizer (3.4.4) doesn't match a supported version!
  warnings.warn(
/usr/local/lib/python3.11/dist-packages/requests/__init__.py:113: RequestsDependencyWarning: urllib3 (1.26.20) or chardet (7.4.3)/charset_normalizer (3.4.4) doesn't match a supported version!
  warnings.warn(
/usr/local/lib/python3.11/dist-packages/requests/__init__.py:113: RequestsDependencyWarning: urllib3 (1.26.20) or chardet (7.4.3)/charset_normalizer (3.4.4) doesn't match a supported version!
  warnings.warn(
/usr/local/lib/python3.11/dist-packages/requests/__init__.py:113: RequestsDependencyWarning: urllib3 (1.26.20) or chardet (7.4.3)/charset_normalizer (3.4.4) doesn't match a supported version!
  warnings.warn(
/usr/local/lib/python3.11/dist-packages/requests/__init__.py:113: RequestsDependencyWarning: urllib3 (1.26.20) or chardet (7.4.3)/charset_normalizer (3.4.4) doesn't match a supported version!
  warnings.warn(
/usr/local/lib/python3.11/dist-packages/requests/__init__.py:113: RequestsDependencyWarning: urllib3 (1.26.20) or chardet (7.4.3)/charset_normalizer (3.4.4) doesn't match a supported version!
  warnings.warn(
/usr/local/lib/python3.11/dist-packages/requests/__init__.py:113: RequestsDependencyWarning: urllib3 (1.26.20) or chardet (7.4.3)/charset_normalizer (3.4.4) doesn't match a supported version!
  warnings.warn(
/usr/local/lib/python3.11/dist-packages/requests/__init__.py:113: RequestsDependencyWarning: urllib3 (1.26.20) or chardet (7.4.3)/charset_normalizer (3.4.4) doesn't match a supported version!
  warnings.warn(
/usr/local/lib/python3.11/dist-packages/requests/__init__.py:113: RequestsDependencyWarning: urllib3 (1.26.20) or chardet (7.4.3)/charset_normalizer (3.4.4) doesn't match a supported version!
  warnings.warn(
/usr/local/lib/python3.11/dist-packages/requests/__init__.py:113: RequestsDependencyWarning: urllib3 (1.26.20) or chardet (7.4.3)/charset_normalizer (3.4.4) doesn't match a supported version!
  warnings.warn(
/usr/local/lib/python3.11/dist-packages/requests/__init__.py:113: RequestsDependencyWarning: urllib3 (1.26.20) or chardet (7.4.3)/charset_normalizer (3.4.4) doesn't match a supported version!
  warnings.warn(
/usr/local/lib/python3.11/dist-packages/requests/__init__.py:113: RequestsDependencyWarning: urllib3 (1.26.20) or chardet (7.4.3)/charset_normalizer (3.4.4) doesn't match a supported version!
  warnings.warn(
/usr/local/lib/python3.11/dist-packages/requests/__init__.py:113: RequestsDependencyWarning: urllib3 (1.26.20) or chardet (7.4.3)/charset_normalizer (3.4.4) doesn't match a supported version!
  warnings.warn(
/usr/local/lib/python3.11/dist-packages/requests/__init__.py:113: RequestsDependencyWarning: urllib3 (1.26.20) or chardet (7.4.3)/charset_normalizer (3.4.4) doesn't match a supported version!
  warnings.warn(
/usr/local/lib/python3.11/dist-packages/requests/__init__.py:113: RequestsDependencyWarning: urllib3 (1.26.20) or chardet (7.4.3)/charset_normalizer (3.4.4) doesn't match a supported version!
  warnings.warn(
/usr/local/lib/python3.11/dist-packages/requests/__init__.py:113: RequestsDependencyWarning: urllib3 (1.26.20) or chardet (7.4.3)/charset_normalizer (3.4.4) doesn't match a supported version!
  warnings.warn(
/usr/local/lib/python3.11/dist-packages/requests/__init__.py:113: RequestsDependencyWarning: urllib3 (1.26.20) or chardet (7.4.3)/charset_normalizer (3.4.4) doesn't match a supported version!
  warnings.warn(
/usr/local/lib/python3.11/dist-packages/requests/__init__.py:113: RequestsDependencyWarning: urllib3 (1.26.20) or chardet (7.4.3)/charset_normalizer (3.4.4) doesn't match a supported version!
  warnings.warn(
/usr/local/lib/python3.11/dist-packages/requests/__init__.py:113: RequestsDependencyWarning: urllib3 (1.26.20) or chardet (7.4.3)/charset_normalizer (3.4.4) doesn't match a supported version!
  warnings.warn(
/usr/local/lib/python3.11/dist-packages/requests/__init__.py:113: RequestsDependencyWarning: urllib3 (1.26.20) or chardet (7.4.3)/charset_normalizer (3.4.4) doesn't match a supported version!
  warnings.warn(
/usr/local/lib/python3.11/dist-packages/requests/__init__.py:113: RequestsDependencyWarning: urllib3 (1.26.20) or chardet (7.4.3)/charset_normalizer (3.4.4) doesn't match a supported version!
  warnings.warn(
/usr/local/lib/python3.11/dist-packages/requests/__init__.py:113: RequestsDependencyWarning: urllib3 (1.26.20) or chardet (7.4.3)/charset_normalizer (3.4.4) doesn't match a supported version!
  warnings.warn(
/usr/local/lib/python3.11/dist-packages/requests/__init__.py:113: RequestsDependencyWarning: urllib3 (1.26.20) or chardet (7.4.3)/charset_normalizer (3.4.4) doesn't match a supported version!
  warnings.warn(
/usr/local/lib/python3.11/dist-packages/requests/__init__.py:113: RequestsDependencyWarning: urllib3 (1.26.20) or chardet (7.4.3)/charset_normalizer (3.4.4) doesn't match a supported version!
  warnings.warn(
/usr/local/lib/python3.11/dist-packages/wandb/apis/public.py:3075: UserWarning: pkg_resources is deprecated as an API. See https://setuptools.pypa.io/en/latest/pkg_resources.html. The pkg_resources package is slated for removal as early as 2025-11-30. Refrain from using this package or pin to Setuptools<81.
  from pkg_resources import parse_version
/usr/local/lib/python3.11/dist-packages/wandb/apis/public.py:3075: UserWarning: pkg_resources is deprecated as an API. See https://setuptools.pypa.io/en/latest/pkg_resources.html. The pkg_resources package is slated for removal as early as 2025-11-30. Refrain from using this package or pin to Setuptools<81.
  from pkg_resources import parse_version
/usr/local/lib/python3.11/dist-packages/wandb/apis/public.py:3075: UserWarning: pkg_resources is deprecated as an API. See https://setuptools.pypa.io/en/latest/pkg_resources.html. The pkg_resources package is slated for removal as early as 2025-11-30. Refrain from using this package or pin to Setuptools<81.
  from pkg_resources import parse_version
/usr/local/lib/python3.11/dist-packages/wandb/apis/public.py:3075: UserWarning: pkg_resources is deprecated as an API. See https://setuptools.pypa.io/en/latest/pkg_resources.html. The pkg_resources package is slated for removal as early as 2025-11-30. Refrain from using this package or pin to Setuptools<81.
  from pkg_resources import parse_version
/usr/local/lib/python3.11/dist-packages/wandb/apis/public.py:3075: UserWarning: pkg_resources is deprecated as an API. See https://setuptools.pypa.io/en/latest/pkg_resources.html. The pkg_resources package is slated for removal as early as 2025-11-30. Refrain from using this package or pin to Setuptools<81.
  from pkg_resources import parse_version
/usr/local/lib/python3.11/dist-packages/wandb/apis/public.py:3075: UserWarning: pkg_resources is deprecated as an API. See https://setuptools.pypa.io/en/latest/pkg_resources.html. The pkg_resources package is slated for removal as early as 2025-11-30. Refrain from using this package or pin to Setuptools<81.
  from pkg_resources import parse_version
/usr/local/lib/python3.11/dist-packages/wandb/apis/public.py:3075: UserWarning: pkg_resources is deprecated as an API. See https://setuptools.pypa.io/en/latest/pkg_resources.html. The pkg_resources package is slated for removal as early as 2025-11-30. Refrain from using this package or pin to Setuptools<81.
  from pkg_resources import parse_version
/usr/local/lib/python3.11/dist-packages/wandb/apis/public.py:3075: UserWarning: pkg_resources is deprecated as an API. See https://setuptools.pypa.io/en/latest/pkg_resources.html. The pkg_resources package is slated for removal as early as 2025-11-30. Refrain from using this package or pin to Setuptools<81.
  from pkg_resources import parse_version
/usr/local/lib/python3.11/dist-packages/wandb/apis/public.py:3075: UserWarning: pkg_resources is deprecated as an API. See https://setuptools.pypa.io/en/latest/pkg_resources.html. The pkg_resources package is slated for removal as early as 2025-11-30. Refrain from using this package or pin to Setuptools<81.
  from pkg_resources import parse_version
/usr/local/lib/python3.11/dist-packages/wandb/apis/public.py:3075: UserWarning: pkg_resources is deprecated as an API. See https://setuptools.pypa.io/en/latest/pkg_resources.html. The pkg_resources package is slated for removal as early as 2025-11-30. Refrain from using this package or pin to Setuptools<81.
  from pkg_resources import parse_version
/usr/local/lib/python3.11/dist-packages/wandb/apis/public.py:3075: UserWarning: pkg_resources is deprecated as an API. See https://setuptools.pypa.io/en/latest/pkg_resources.html. The pkg_resources package is slated for removal as early as 2025-11-30. Refrain from using this package or pin to Setuptools<81.
  from pkg_resources import parse_version
/usr/local/lib/python3.11/dist-packages/wandb/apis/public.py:3075: UserWarning: pkg_resources is deprecated as an API. See https://setuptools.pypa.io/en/latest/pkg_resources.html. The pkg_resources package is slated for removal as early as 2025-11-30. Refrain from using this package or pin to Setuptools<81.
  from pkg_resources import parse_version
/usr/local/lib/python3.11/dist-packages/wandb/apis/public.py:3075: UserWarning: pkg_resources is deprecated as an API. See https://setuptools.pypa.io/en/latest/pkg_resources.html. The pkg_resources package is slated for removal as early as 2025-11-30. Refrain from using this package or pin to Setuptools<81.
  from pkg_resources import parse_version
/usr/local/lib/python3.11/dist-packages/wandb/apis/public.py:3075: UserWarning: pkg_resources is deprecated as an API. See https://setuptools.pypa.io/en/latest/pkg_resources.html. The pkg_resources package is slated for removal as early as 2025-11-30. Refrain from using this package or pin to Setuptools<81.
  from pkg_resources import parse_version
/usr/local/lib/python3.11/dist-packages/wandb/apis/public.py:3075: UserWarning: pkg_resources is deprecated as an API. See https://setuptools.pypa.io/en/latest/pkg_resources.html. The pkg_resources package is slated for removal as early as 2025-11-30. Refrain from using this package or pin to Setuptools<81.
  from pkg_resources import parse_version
/usr/local/lib/python3.11/dist-packages/wandb/apis/public.py:3075: UserWarning: pkg_resources is deprecated as an API. See https://setuptools.pypa.io/en/latest/pkg_resources.html. The pkg_resources package is slated for removal as early as 2025-11-30. Refrain from using this package or pin to Setuptools<81.
  from pkg_resources import parse_version
/usr/local/lib/python3.11/dist-packages/wandb/apis/public.py:3075: UserWarning: pkg_resources is deprecated as an API. See https://setuptools.pypa.io/en/latest/pkg_resources.html. The pkg_resources package is slated for removal as early as 2025-11-30. Refrain from using this package or pin to Setuptools<81.
  from pkg_resources import parse_version
/usr/local/lib/python3.11/dist-packages/wandb/apis/public.py:3075: UserWarning: pkg_resources is deprecated as an API. See https://setuptools.pypa.io/en/latest/pkg_resources.html. The pkg_resources package is slated for removal as early as 2025-11-30. Refrain from using this package or pin to Setuptools<81.
  from pkg_resources import parse_version
/usr/local/lib/python3.11/dist-packages/wandb/apis/public.py:3075: UserWarning: pkg_resources is deprecated as an API. See https://setuptools.pypa.io/en/latest/pkg_resources.html. The pkg_resources package is slated for removal as early as 2025-11-30. Refrain from using this package or pin to Setuptools<81.
  from pkg_resources import parse_version
/usr/local/lib/python3.11/dist-packages/wandb/apis/public.py:3075: UserWarning: pkg_resources is deprecated as an API. See https://setuptools.pypa.io/en/latest/pkg_resources.html. The pkg_resources package is slated for removal as early as 2025-11-30. Refrain from using this package or pin to Setuptools<81.
  from pkg_resources import parse_version
/usr/local/lib/python3.11/dist-packages/wandb/apis/public.py:3075: UserWarning: pkg_resources is deprecated as an API. See https://setuptools.pypa.io/en/latest/pkg_resources.html. The pkg_resources package is slated for removal as early as 2025-11-30. Refrain from using this package or pin to Setuptools<81.
  from pkg_resources import parse_version
/usr/local/lib/python3.11/dist-packages/wandb/apis/public.py:3075: UserWarning: pkg_resources is deprecated as an API. See https://setuptools.pypa.io/en/latest/pkg_resources.html. The pkg_resources package is slated for removal as early as 2025-11-30. Refrain from using this package or pin to Setuptools<81.
  from pkg_resources import parse_version
/usr/local/lib/python3.11/dist-packages/wandb/apis/public.py:3075: UserWarning: pkg_resources is deprecated as an API. See https://setuptools.pypa.io/en/latest/pkg_resources.html. The pkg_resources package is slated for removal as early as 2025-11-30. Refrain from using this package or pin to Setuptools<81.
  from pkg_resources import parse_version
/usr/local/lib/python3.11/dist-packages/wandb/apis/public.py:3075: UserWarning: pkg_resources is deprecated as an API. See https://setuptools.pypa.io/en/latest/pkg_resources.html. The pkg_resources package is slated for removal as early as 2025-11-30. Refrain from using this package or pin to Setuptools<81.
  from pkg_resources import parse_version
/usr/local/lib/python3.11/dist-packages/wandb/apis/public.py:3075: UserWarning: pkg_resources is deprecated as an API. See https://setuptools.pypa.io/en/latest/pkg_resources.html. The pkg_resources package is slated for removal as early as 2025-11-30. Refrain from using this package or pin to Setuptools<81.
  from pkg_resources import parse_version
/usr/local/lib/python3.11/dist-packages/wandb/apis/public.py:3075: UserWarning: pkg_resources is deprecated as an API. See https://setuptools.pypa.io/en/latest/pkg_resources.html. The pkg_resources package is slated for removal as early as 2025-11-30. Refrain from using this package or pin to Setuptools<81.
  from pkg_resources import parse_version
/usr/local/lib/python3.11/dist-packages/wandb/apis/public.py:3075: UserWarning: pkg_resources is deprecated as an API. See https://setuptools.pypa.io/en/latest/pkg_resources.html. The pkg_resources package is slated for removal as early as 2025-11-30. Refrain from using this package or pin to Setuptools<81.
  from pkg_resources import parse_version
/usr/local/lib/python3.11/dist-packages/wandb/apis/public.py:3075: UserWarning: pkg_resources is deprecated as an API. See https://setuptools.pypa.io/en/latest/pkg_resources.html. The pkg_resources package is slated for removal as early as 2025-11-30. Refrain from using this package or pin to Setuptools<81.
  from pkg_resources import parse_version
/usr/local/lib/python3.11/dist-packages/wandb/apis/public.py:3075: UserWarning: pkg_resources is deprecated as an API. See https://setuptools.pypa.io/en/latest/pkg_resources.html. The pkg_resources package is slated for removal as early as 2025-11-30. Refrain from using this package or pin to Setuptools<81.
  from pkg_resources import parse_version
/usr/local/lib/python3.11/dist-packages/wandb/apis/public.py:3075: UserWarning: pkg_resources is deprecated as an API. See https://setuptools.pypa.io/en/latest/pkg_resources.html. The pkg_resources package is slated for removal as early as 2025-11-30. Refrain from using this package or pin to Setuptools<81.
  from pkg_resources import parse_version
/usr/local/lib/python3.11/dist-packages/wandb/apis/public.py:3075: UserWarning: pkg_resources is deprecated as an API. See https://setuptools.pypa.io/en/latest/pkg_resources.html. The pkg_resources package is slated for removal as early as 2025-11-30. Refrain from using this package or pin to Setuptools<81.
  from pkg_resources import parse_version
/usr/local/lib/python3.11/dist-packages/wandb/apis/public.py:3075: UserWarning: pkg_resources is deprecated as an API. See https://setuptools.pypa.io/en/latest/pkg_resources.html. The pkg_resources package is slated for removal as early as 2025-11-30. Refrain from using this package or pin to Setuptools<81.
  from pkg_resources import parse_version
/usr/local/lib/python3.11/dist-packages/wandb/apis/public.py:3075: UserWarning: pkg_resources is deprecated as an API. See https://setuptools.pypa.io/en/latest/pkg_resources.html. The pkg_resources package is slated for removal as early as 2025-11-30. Refrain from using this package or pin to Setuptools<81.
  from pkg_resources import parse_version
/usr/local/lib/python3.11/dist-packages/wandb/apis/public.py:3075: UserWarning: pkg_resources is deprecated as an API. See https://setuptools.pypa.io/en/latest/pkg_resources.html. The pkg_resources package is slated for removal as early as 2025-11-30. Refrain from using this package or pin to Setuptools<81.
  from pkg_resources import parse_version
/usr/local/lib/python3.11/dist-packages/wandb/apis/public.py:3075: UserWarning: pkg_resources is deprecated as an API. See https://setuptools.pypa.io/en/latest/pkg_resources.html. The pkg_resources package is slated for removal as early as 2025-11-30. Refrain from using this package or pin to Setuptools<81.
  from pkg_resources import parse_version
/usr/local/lib/python3.11/dist-packages/wandb/apis/public.py:3075: UserWarning: pkg_resources is deprecated as an API. See https://setuptools.pypa.io/en/latest/pkg_resources.html. The pkg_resources package is slated for removal as early as 2025-11-30. Refrain from using this package or pin to Setuptools<81.
  from pkg_resources import parse_version
/usr/local/lib/python3.11/dist-packages/wandb/apis/public.py:3075: UserWarning: pkg_resources is deprecated as an API. See https://setuptools.pypa.io/en/latest/pkg_resources.html. The pkg_resources package is slated for removal as early as 2025-11-30. Refrain from using this package or pin to Setuptools<81.
  from pkg_resources import parse_version
/usr/local/lib/python3.11/dist-packages/wandb/apis/public.py:3075: UserWarning: pkg_resources is deprecated as an API. See https://setuptools.pypa.io/en/latest/pkg_resources.html. The pkg_resources package is slated for removal as early as 2025-11-30. Refrain from using this package or pin to Setuptools<81.
  from pkg_resources import parse_version
/usr/local/lib/python3.11/dist-packages/wandb/apis/public.py:3075: UserWarning: pkg_resources is deprecated as an API. See https://setuptools.pypa.io/en/latest/pkg_resources.html. The pkg_resources package is slated for removal as early as 2025-11-30. Refrain from using this package or pin to Setuptools<81.
  from pkg_resources import parse_version
/usr/local/lib/python3.11/dist-packages/wandb/apis/public.py:3075: UserWarning: pkg_resources is deprecated as an API. See https://setuptools.pypa.io/en/latest/pkg_resources.html. The pkg_resources package is slated for removal as early as 2025-11-30. Refrain from using this package or pin to Setuptools<81.
  from pkg_resources import parse_version
AMP not enabled. Training in float32.
Using native Torch DistributedDataParallel.
NCCL version 2.27.5+cuda12.9
Scheduled epochs: 50
hf-parquet-imagenet
Train loss KDLossSoftandHard(
  (KLSoft): KLLossSoft()
  (Hard): CrossEntropyLoss()
)
Train: 0 [   0/2502 (  0%)]  Loss: 15.390180 (15.3902)  Time: 1.927s,  265.63/s  (1.927s,  265.63/s)  ETA: 66:58:44  Done: 2026-06-07 02:21:53  LR: 2.000e-04  Data: 0.972 (0.972)
Train: 0 [  50/2502 (  2%)]  Loss: 13.701381 (14.5458)  Time: 0.370s, 1385.58/s  (0.403s, 1269.48/s)  ETA: 14:00:34  Done: 2026-06-04 21:24:01  LR: 2.000e-04  Data: 0.007 (0.026)
Train: 0 [ 100/2502 (  4%)]  Loss: 13.554240 (14.2153)  Time: 0.370s, 1382.89/s  (0.387s, 1323.99/s)  ETA: 13:25:38  Done: 2026-06-04 20:49:24  LR: 2.000e-04  Data: 0.008 (0.017)
Train: 0 [ 150/2502 (  6%)]  Loss: 13.264500 (13.9776)  Time: 0.370s, 1383.51/s  (0.381s, 1342.27/s)  ETA: 13:14:20  Done: 2026-06-04 20:38:25  LR: 2.000e-04  Data: 0.008 (0.014)
Train: 0 [ 200/2502 (  8%)]  Loss: 13.026424 (13.7873)  Time: 0.370s, 1382.92/s  (0.379s, 1350.37/s)  ETA: 13:09:16  Done: 2026-06-04 20:33:39  LR: 2.000e-04  Data: 0.007 (0.012)
Train: 0 [ 250/2502 ( 10%)]  Loss: 12.750834 (13.6146)  Time: 0.371s, 1380.50/s  (0.381s, 1344.35/s)  ETA: 13:12:29  Done: 2026-06-04 20:37:11  LR: 2.000e-04  Data: 0.007 (0.011)
Train: 0 [ 300/2502 ( 12%)]  Loss: 12.770935 (13.4941)  Time: 0.373s, 1372.02/s  (0.379s, 1349.53/s)  ETA: 13:09:07  Done: 2026-06-04 20:34:08  LR: 2.000e-04  Data: 0.008 (0.011)
Train: 0 [ 350/2502 ( 14%)]  Loss: 12.465178 (13.3655)  Time: 0.381s, 1343.65/s  (0.378s, 1354.06/s)  ETA: 13:06:10  Done: 2026-06-04 20:31:29  LR: 2.000e-04  Data: 0.008 (0.010)
Train: 0 [ 400/2502 ( 16%)]  Loss: 12.356395 (13.2533)  Time: 0.371s, 1379.62/s  (0.378s, 1355.83/s)  ETA: 13:04:49  Done: 2026-06-04 20:30:28  LR: 2.000e-04  Data: 0.007 (0.010)
Train: 0 [ 450/2502 ( 18%)]  Loss: 12.047126 (13.1327)  Time: 0.370s, 1384.51/s  (0.377s, 1358.97/s)  ETA: 13:02:42  Done: 2026-06-04 20:28:38  LR: 2.000e-04  Data: 0.007 (0.009)
Train: 0 [ 500/2502 ( 20%)]  Loss: 11.469661 (12.9815)  Time: 0.370s, 1382.79/s  (0.376s, 1361.46/s)  ETA: 13:00:57  Done: 2026-06-04 20:27:12  LR: 2.000e-04  Data: 0.007 (0.009)
Train: 0 [ 550/2502 ( 22%)]  Loss: 11.488869 (12.8571)  Time: 0.369s, 1386.56/s  (0.376s, 1362.61/s)  ETA: 12:59:59  Done: 2026-06-04 20:26:33  LR: 2.000e-04  Data: 0.007 (0.009)
Train: 0 [ 600/2502 ( 24%)]  Loss: 10.932673 (12.7091)  Time: 0.369s, 1386.78/s  (0.375s, 1364.53/s)  ETA: 12:58:34  Done: 2026-06-04 20:25:27  LR: 2.000e-04  Data: 0.008 (0.009)
Train: 0 [ 650/2502 ( 26%)]  Loss: 11.344900 (12.6117)  Time: 0.368s, 1390.01/s  (0.375s, 1365.17/s)  ETA: 12:57:53  Done: 2026-06-04 20:25:04  LR: 2.000e-04  Data: 0.007 (0.009)
Train: 0 [ 700/2502 ( 28%)]  Loss: 11.191097 (12.5170)  Time: 0.369s, 1387.28/s  (0.375s, 1366.34/s)  ETA: 12:56:55  Done: 2026-06-04 20:24:24  LR: 2.000e-04  Data: 0.008 (0.009)
Train: 0 [ 750/2502 ( 30%)]  Loss: 10.504219 (12.3912)  Time: 0.369s, 1386.24/s  (0.374s, 1367.56/s)  ETA: 12:55:54  Done: 2026-06-04 20:23:42  LR: 2.000e-04  Data: 0.009 (0.009)
Train: 0 [ 800/2502 ( 32%)]  Loss:  9.767561 (12.2368)  Time: 0.369s, 1385.88/s  (0.374s, 1368.18/s)  ETA: 12:55:15  Done: 2026-06-04 20:23:21  LR: 2.000e-04  Data: 0.007 (0.009)
Train: 0 [ 850/2502 ( 34%)]  Loss: 10.264966 (12.1273)  Time: 0.371s, 1380.89/s  (0.374s, 1369.25/s)  ETA: 12:54:20  Done: 2026-06-04 20:22:45  LR: 2.000e-04  Data: 0.008 (0.009)
Train: 0 [ 900/2502 ( 36%)]  Loss: 10.001815 (12.0154)  Time: 0.370s, 1384.42/s  (0.374s, 1369.41/s)  ETA: 12:53:55  Done: 2026-06-04 20:22:39  LR: 2.000e-04  Data: 0.008 (0.008)
Train: 0 [ 950/2502 ( 38%)]  Loss:  9.546734 (11.8920)  Time: 0.372s, 1377.30/s  (0.374s, 1369.80/s)  ETA: 12:53:24  Done: 2026-06-04 20:22:26  LR: 2.000e-04  Data: 0.006 (0.008)
Train: 0 [1000/2502 ( 40%)]  Loss: 10.287099 (11.8156)  Time: 0.371s, 1380.85/s  (0.374s, 1370.49/s)  ETA: 12:52:41  Done: 2026-06-04 20:22:02  LR: 2.000e-04  Data: 0.008 (0.008)
Train: 0 [1050/2502 ( 42%)]  Loss: 10.526278 (11.7570)  Time: 0.368s, 1391.44/s  (0.374s, 1370.62/s)  ETA: 12:52:18  Done: 2026-06-04 20:21:58  LR: 2.000e-04  Data: 0.007 (0.008)
Train: 0 [1100/2502 ( 44%)]  Loss: 10.316139 (11.6943)  Time: 0.370s, 1385.58/s  (0.374s, 1370.76/s)  ETA: 12:51:55  Done: 2026-06-04 20:21:53  LR: 2.000e-04  Data: 0.008 (0.008)
Train: 0 [1150/2502 ( 46%)]  Loss:  9.376189 (11.5977)  Time: 0.508s, 1007.55/s  (0.374s, 1369.03/s)  ETA: 12:52:35  Done: 2026-06-04 20:22:52  LR: 2.000e-04  Data: 0.009 (0.008)
Train: 0 [1200/2502 ( 48%)]  Loss:  9.879008 (11.5290)  Time: 0.369s, 1386.41/s  (0.374s, 1368.60/s)  ETA: 12:52:31  Done: 2026-06-04 20:23:07  LR: 2.000e-04  Data: 0.008 (0.008)
Train: 0 [1250/2502 ( 50%)]  Loss:  9.759464 (11.4609)  Time: 0.369s, 1389.00/s  (0.374s, 1369.30/s)  ETA: 12:51:48  Done: 2026-06-04 20:22:43  LR: 2.000e-04  Data: 0.007 (0.008)
Train: 0 [1300/2502 ( 52%)]  Loss:  9.206477 (11.3774)  Time: 0.371s, 1378.21/s  (0.374s, 1369.91/s)  ETA: 12:51:09  Done: 2026-06-04 20:22:22  LR: 2.000e-04  Data: 0.009 (0.008)
Train: 0 [1350/2502 ( 54%)]  Loss:  8.788791 (11.2850)  Time: 0.371s, 1381.32/s  (0.374s, 1369.72/s)  ETA: 12:50:57  Done: 2026-06-04 20:22:29  LR: 2.000e-04  Data: 0.007 (0.008)
Train: 0 [1400/2502 ( 56%)]  Loss:  9.545481 (11.2250)  Time: 0.369s, 1386.94/s  (0.374s, 1369.83/s)  ETA: 12:50:34  Done: 2026-06-04 20:22:25  LR: 2.000e-04  Data: 0.006 (0.008)
Train: 0 [1450/2502 ( 58%)]  Loss:  9.322680 (11.1616)  Time: 0.369s, 1386.64/s  (0.374s, 1370.30/s)  ETA: 12:50:00  Done: 2026-06-04 20:22:09  LR: 2.000e-04  Data: 0.007 (0.008)
Train: 0 [1500/2502 ( 60%)]  Loss:  8.525579 (11.0765)  Time: 0.371s, 1378.85/s  (0.374s, 1370.71/s)  ETA: 12:49:27  Done: 2026-06-04 20:21:55  LR: 2.000e-04  Data: 0.009 (0.008)
Train: 0 [1550/2502 ( 62%)]  Loss:  8.996871 (11.0116)  Time: 0.371s, 1379.62/s  (0.373s, 1371.11/s)  ETA: 12:48:55  Done: 2026-06-04 20:21:41  LR: 2.000e-04  Data: 0.008 (0.008)
Train: 0 [1600/2502 ( 64%)]  Loss:  9.054920 (10.9523)  Time: 0.370s, 1381.92/s  (0.373s, 1371.49/s)  ETA: 12:48:24  Done: 2026-06-04 20:21:28  LR: 2.000e-04  Data: 0.006 (0.008)
Train: 0 [1650/2502 ( 66%)]  Loss:  8.464133 (10.8791)  Time: 0.369s, 1385.90/s  (0.373s, 1371.95/s)  ETA: 12:47:50  Done: 2026-06-04 20:21:13  LR: 2.000e-04  Data: 0.006 (0.008)
Train: 0 [1700/2502 ( 68%)]  Loss:  8.583775 (10.8135)  Time: 0.373s, 1373.13/s  (0.373s, 1372.34/s)  ETA: 12:47:18  Done: 2026-06-04 20:20:59  LR: 2.000e-04  Data: 0.009 (0.008)
Train: 0 [1750/2502 ( 70%)]  Loss:  9.061850 (10.7648)  Time: 0.369s, 1388.64/s  (0.373s, 1372.58/s)  ETA: 12:46:51  Done: 2026-06-04 20:20:51  LR: 2.000e-04  Data: 0.006 (0.008)
Train: 0 [1800/2502 ( 72%)]  Loss:  9.068761 (10.7190)  Time: 0.370s, 1382.02/s  (0.373s, 1372.79/s)  ETA: 12:46:25  Done: 2026-06-04 20:20:44  LR: 2.000e-04  Data: 0.009 (0.008)
Train: 0 [1850/2502 ( 74%)]  Loss:  8.984200 (10.6734)  Time: 0.370s, 1385.56/s  (0.373s, 1372.88/s)  ETA: 12:46:04  Done: 2026-06-04 20:20:41  LR: 2.000e-04  Data: 0.006 (0.008)
Train: 0 [1900/2502 ( 76%)]  Loss:  8.653378 (10.6216)  Time: 0.369s, 1388.12/s  (0.373s, 1373.16/s)  ETA: 12:45:36  Done: 2026-06-04 20:20:32  LR: 2.000e-04  Data: 0.009 (0.008)
Train: 0 [1950/2502 ( 78%)]  Loss:  8.672027 (10.5728)  Time: 0.369s, 1386.72/s  (0.373s, 1373.53/s)  ETA: 12:45:05  Done: 2026-06-04 20:20:19  LR: 2.000e-04  Data: 0.006 (0.008)
Train: 0 [2000/2502 ( 80%)]  Loss:  9.179897 (10.5388)  Time: 0.370s, 1384.25/s  (0.373s, 1373.82/s)  ETA: 12:44:37  Done: 2026-06-04 20:20:09  LR: 2.000e-04  Data: 0.007 (0.008)
Train: 0 [2050/2502 ( 82%)]  Loss:  7.755252 (10.4726)  Time: 0.385s, 1330.57/s  (0.373s, 1374.01/s)  ETA: 12:44:11  Done: 2026-06-04 20:20:03  LR: 2.000e-04  Data: 0.006 (0.008)
Train: 0 [2100/2502 ( 84%)]  Loss:  8.122700 (10.4179)  Time: 0.372s, 1374.71/s  (0.373s, 1372.37/s)  ETA: 12:44:48  Done: 2026-06-04 20:20:58  LR: 2.000e-04  Data: 0.010 (0.008)
Train: 0 [2150/2502 ( 86%)]  Loss:  9.260172 (10.3916)  Time: 0.370s, 1384.86/s  (0.373s, 1372.23/s)  ETA: 12:44:34  Done: 2026-06-04 20:21:03  LR: 2.000e-04  Data: 0.007 (0.008)
Train: 0 [2200/2502 ( 88%)]  Loss:  8.617025 (10.3522)  Time: 0.369s, 1388.55/s  (0.373s, 1372.38/s)  ETA: 12:44:10  Done: 2026-06-04 20:20:58  LR: 2.000e-04  Data: 0.008 (0.008)
Train: 0 [2250/2502 ( 90%)]  Loss:  8.698380 (10.3162)  Time: 0.367s, 1396.25/s  (0.373s, 1372.61/s)  ETA: 12:43:44  Done: 2026-06-04 20:20:50  LR: 2.000e-04  Data: 0.005 (0.008)
Train: 0 [2300/2502 ( 92%)]  Loss:  8.742875 (10.2827)  Time: 0.370s, 1382.83/s  (0.373s, 1372.87/s)  ETA: 12:43:16  Done: 2026-06-04 20:20:41  LR: 2.000e-04  Data: 0.009 (0.008)
Train: 0 [2350/2502 ( 94%)]  Loss:  8.588572 (10.2475)  Time: 0.371s, 1381.65/s  (0.373s, 1373.15/s)  ETA: 12:42:48  Done: 2026-06-04 20:20:32  LR: 2.000e-04  Data: 0.009 (0.008)
Train: 0 [2400/2502 ( 96%)]  Loss:  8.911841 (10.2202)  Time: 0.370s, 1382.99/s  (0.373s, 1373.31/s)  ETA: 12:42:24  Done: 2026-06-04 20:20:26  LR: 2.000e-04  Data: 0.009 (0.008)
Train: 0 [2450/2502 ( 98%)]  Loss:  7.823353 (10.1723)  Time: 0.369s, 1388.82/s  (0.373s, 1373.51/s)  ETA: 12:41:59  Done: 2026-06-04 20:20:20  LR: 2.000e-04  Data: 0.006 (0.008)
epoch:  0 g['lr']:  0.0002
Train: 1 [   0/2502 (  0%)]  Loss:  8.328905 (8.3289)  Time: 1.321s,  387.49/s  (1.321s,  387.49/s)  ETA: 44:59:51  Done: 2026-06-06 04:38:29  LR: 1.998e-04  Data: 0.900 (0.900)
Train: 1 [  50/2502 (  2%)]  Loss:  8.889047 (8.6090)  Time: 0.370s, 1385.27/s  (0.388s, 1318.30/s)  ETA: 13:13:14  Done: 2026-06-04 20:52:11  LR: 1.998e-04  Data: 0.007 (0.024)
Train: 1 [ 100/2502 (  4%)]  Loss:  7.647391 (8.2884)  Time: 0.368s, 1390.26/s  (0.380s, 1349.05/s)  ETA: 12:54:50  Done: 2026-06-04 20:34:06  LR: 1.998e-04  Data: 0.007 (0.016)
Train: 1 [ 150/2502 (  6%)]  Loss:  8.321136 (8.2966)  Time: 0.368s, 1390.44/s  (0.376s, 1360.75/s)  ETA: 12:47:52  Done: 2026-06-04 20:27:26  LR: 1.998e-04  Data: 0.008 (0.013)
Train: 1 [ 200/2502 (  8%)]  Loss:  8.338265 (8.3049)  Time: 0.370s, 1383.77/s  (0.374s, 1367.20/s)  ETA: 12:43:56  Done: 2026-06-04 20:23:48  LR: 1.998e-04  Data: 0.008 (0.012)
Train: 1 [ 250/2502 ( 10%)]  Loss:  8.071098 (8.2660)  Time: 0.369s, 1387.86/s  (0.374s, 1370.35/s)  ETA: 12:41:52  Done: 2026-06-04 20:22:03  LR: 1.998e-04  Data: 0.006 (0.011)
Train: 1 [ 300/2502 ( 12%)]  Loss:  8.589436 (8.3122)  Time: 0.368s, 1390.77/s  (0.373s, 1372.44/s)  ETA: 12:40:23  Done: 2026-06-04 20:20:53  LR: 1.998e-04  Data: 0.008 (0.010)
Train: 1 [ 350/2502 ( 14%)]  Loss:  9.063230 (8.4061)  Time: 0.370s, 1382.90/s  (0.373s, 1374.02/s)  ETA: 12:39:12  Done: 2026-06-04 20:20:01  LR: 1.998e-04  Data: 0.008 (0.010)
Train: 1 [ 400/2502 ( 16%)]  Loss:  8.349248 (8.3998)  Time: 0.370s, 1383.59/s  (0.372s, 1375.12/s)  ETA: 12:38:17  Done: 2026-06-04 20:19:24  LR: 1.998e-04  Data: 0.008 (0.009)
Train: 1 [ 450/2502 ( 18%)]  Loss:  7.999665 (8.3597)  Time: 0.372s, 1374.56/s  (0.372s, 1376.27/s)  ETA: 12:37:21  Done: 2026-06-04 20:18:46  LR: 1.998e-04  Data: 0.007 (0.009)
Train: 1 [ 500/2502 ( 20%)]  Loss:  7.798178 (8.3087)  Time: 0.368s, 1390.93/s  (0.372s, 1376.74/s)  ETA: 12:36:46  Done: 2026-06-04 20:18:30  LR: 1.998e-04  Data: 0.008 (0.009)
Train: 1 [ 550/2502 ( 22%)]  Loss:  7.655269 (8.2542)  Time: 0.369s, 1388.56/s  (0.374s, 1367.79/s)  ETA: 12:41:25  Done: 2026-06-04 20:23:29  LR: 1.998e-04  Data: 0.008 (0.009)
Train: 1 [ 600/2502 ( 24%)]  Loss:  7.401238 (8.1886)  Time: 0.368s, 1389.42/s  (0.374s, 1369.23/s)  ETA: 12:40:18  Done: 2026-06-04 20:22:40  LR: 1.998e-04  Data: 0.009 (0.009)
Train: 1 [ 650/2502 ( 26%)]  Loss:  8.157543 (8.1864)  Time: 0.370s, 1382.65/s  (0.374s, 1370.08/s)  ETA: 12:39:31  Done: 2026-06-04 20:22:12  LR: 1.998e-04  Data: 0.007 (0.009)
Train: 1 [ 700/2502 ( 28%)]  Loss:  8.399912 (8.2006)  Time: 0.369s, 1387.14/s  (0.374s, 1370.73/s)  ETA: 12:38:51  Done: 2026-06-04 20:21:50  LR: 1.998e-04  Data: 0.008 (0.009)
Train: 1 [ 750/2502 ( 30%)]  Loss:  7.597135 (8.1629)  Time: 0.369s, 1386.26/s  (0.373s, 1371.72/s)  ETA: 12:37:59  Done: 2026-06-04 20:21:17  LR: 1.998e-04  Data: 0.008 (0.008)
Train: 1 [ 800/2502 ( 32%)]  Loss:  8.107906 (8.1597)  Time: 0.369s, 1386.08/s  (0.373s, 1372.44/s)  ETA: 12:37:17  Done: 2026-06-04 20:20:53  LR: 1.998e-04  Data: 0.007 (0.008)
Train: 1 [ 850/2502 ( 34%)]  Loss:  7.786484 (8.1389)  Time: 0.370s, 1385.06/s  (0.373s, 1373.06/s)  ETA: 12:36:38  Done: 2026-06-04 20:20:32  LR: 1.998e-04  Data: 0.007 (0.008)
Train: 1 [ 900/2502 ( 36%)]  Loss:  8.148780 (8.1395)  Time: 0.389s, 1317.35/s  (0.373s, 1373.74/s)  ETA: 12:35:57  Done: 2026-06-04 20:20:10  LR: 1.998e-04  Data: 0.009 (0.008)
Train: 1 [ 950/2502 ( 38%)]  Loss:  8.807602 (8.1729)  Time: 0.388s, 1319.12/s  (0.373s, 1373.84/s)  ETA: 12:35:35  Done: 2026-06-04 20:20:06  LR: 1.998e-04  Data: 0.009 (0.008)
Train: 1 [1000/2502 ( 40%)]  Loss:  8.205164 (8.1744)  Time: 0.370s, 1385.52/s  (0.373s, 1374.36/s)  ETA: 12:34:59  Done: 2026-06-04 20:19:49  LR: 1.998e-04  Data: 0.008 (0.008)
Train: 1 [1050/2502 ( 42%)]  Loss:  7.293616 (8.1344)  Time: 0.371s, 1381.38/s  (0.372s, 1374.88/s)  ETA: 12:34:23  Done: 2026-06-04 20:19:32  LR: 1.998e-04  Data: 0.007 (0.008)
Train: 1 [1100/2502 ( 44%)]  Loss:  8.540263 (8.1520)  Time: 0.371s, 1378.23/s  (0.372s, 1375.33/s)  ETA: 12:33:50  Done: 2026-06-04 20:19:17  LR: 1.998e-04  Data: 0.008 (0.008)
Train: 1 [1150/2502 ( 46%)]  Loss:  8.090434 (8.1495)  Time: 0.372s, 1376.48/s  (0.372s, 1375.53/s)  ETA: 12:33:25  Done: 2026-06-04 20:19:10  LR: 1.998e-04  Data: 0.008 (0.008)
Train: 1 [1200/2502 ( 48%)]  Loss:  7.437709 (8.1210)  Time: 0.370s, 1382.40/s  (0.372s, 1375.41/s)  ETA: 12:33:10  Done: 2026-06-04 20:19:14  LR: 1.998e-04  Data: 0.009 (0.008)
Train: 1 [1250/2502 ( 50%)]  Loss:  7.909967 (8.1129)  Time: 0.367s, 1393.73/s  (0.372s, 1375.48/s)  ETA: 12:32:49  Done: 2026-06-04 20:19:12  LR: 1.998e-04  Data: 0.007 (0.008)
Train: 1 [1300/2502 ( 52%)]  Loss:  7.290026 (8.0824)  Time: 0.372s, 1378.11/s  (0.372s, 1375.65/s)  ETA: 12:32:25  Done: 2026-06-04 20:19:06  LR: 1.998e-04  Data: 0.008 (0.008)
Train: 1 [1350/2502 ( 54%)]  Loss:  6.979110 (8.0430)  Time: 0.369s, 1387.20/s  (0.372s, 1375.87/s)  ETA: 12:31:59  Done: 2026-06-04 20:18:59  LR: 1.998e-04  Data: 0.009 (0.008)
Train: 1 [1400/2502 ( 56%)]  Loss:  8.089285 (8.0446)  Time: 0.380s, 1346.61/s  (0.372s, 1376.01/s)  ETA: 12:31:36  Done: 2026-06-04 20:18:55  LR: 1.998e-04  Data: 0.008 (0.008)
Train: 1 [1450/2502 ( 58%)]  Loss:  7.556457 (8.0283)  Time: 0.367s, 1394.33/s  (0.372s, 1376.12/s)  ETA: 12:31:13  Done: 2026-06-04 20:18:51  LR: 1.998e-04  Data: 0.008 (0.008)
Train: 1 [1500/2502 ( 60%)]  Loss:  7.954896 (8.0259)  Time: 0.368s, 1391.36/s  (0.373s, 1373.95/s)  ETA: 12:32:06  Done: 2026-06-04 20:20:03  LR: 1.998e-04  Data: 0.009 (0.008)
Train: 1 [1550/2502 ( 62%)]  Loss:  8.290474 (8.0342)  Time: 0.369s, 1386.99/s  (0.373s, 1374.30/s)  ETA: 12:31:36  Done: 2026-06-04 20:19:51  LR: 1.998e-04  Data: 0.009 (0.008)
Train: 1 [1600/2502 ( 64%)]  Loss:  7.506541 (8.0182)  Time: 0.398s, 1286.89/s  (0.372s, 1374.62/s)  ETA: 12:31:07  Done: 2026-06-04 20:19:41  LR: 1.998e-04  Data: 0.009 (0.008)
Train: 1 [1650/2502 ( 66%)]  Loss:  7.271225 (7.9963)  Time: 0.368s, 1392.55/s  (0.372s, 1374.96/s)  ETA: 12:30:37  Done: 2026-06-04 20:19:29  LR: 1.998e-04  Data: 0.007 (0.008)
Train: 1 [1700/2502 ( 68%)]  Loss:  7.491718 (7.9818)  Time: 0.370s, 1385.36/s  (0.372s, 1375.22/s)  ETA: 12:30:10  Done: 2026-06-04 20:19:21  LR: 1.998e-04  Data: 0.009 (0.008)
Train: 1 [1750/2502 ( 70%)]  Loss:  7.405616 (7.9658)  Time: 0.370s, 1382.13/s  (0.372s, 1375.32/s)  ETA: 12:29:48  Done: 2026-06-04 20:19:17  LR: 1.998e-04  Data: 0.009 (0.008)
Train: 1 [1800/2502 ( 72%)]  Loss:  7.984466 (7.9663)  Time: 0.383s, 1337.72/s  (0.372s, 1375.51/s)  ETA: 12:29:23  Done: 2026-06-04 20:19:11  LR: 1.998e-04  Data: 0.008 (0.008)
Train: 1 [1850/2502 ( 74%)]  Loss:  7.790133 (7.9617)  Time: 0.369s, 1386.21/s  (0.372s, 1375.76/s)  ETA: 12:28:57  Done: 2026-06-04 20:19:03  LR: 1.998e-04  Data: 0.007 (0.008)
Train: 1 [1900/2502 ( 76%)]  Loss:  7.509095 (7.9501)  Time: 0.369s, 1389.26/s  (0.372s, 1376.02/s)  ETA: 12:28:29  Done: 2026-06-04 20:18:54  LR: 1.998e-04  Data: 0.008 (0.008)
Train: 1 [1950/2502 ( 78%)]  Loss:  7.050903 (7.9276)  Time: 0.370s, 1383.61/s  (0.372s, 1376.17/s)  ETA: 12:28:06  Done: 2026-06-04 20:18:49  LR: 1.998e-04  Data: 0.008 (0.008)
Train: 1 [2000/2502 ( 80%)]  Loss:  7.661596 (7.9211)  Time: 0.369s, 1388.90/s  (0.372s, 1376.19/s)  ETA: 12:27:46  Done: 2026-06-04 20:18:48  LR: 1.998e-04  Data: 0.009 (0.008)
Train: 1 [2050/2502 ( 82%)]  Loss:  7.437525 (7.9096)  Time: 0.367s, 1394.21/s  (0.372s, 1376.48/s)  ETA: 12:27:18  Done: 2026-06-04 20:18:39  LR: 1.998e-04  Data: 0.007 (0.008)
Train: 1 [2100/2502 ( 84%)]  Loss:  7.850434 (7.9082)  Time: 0.369s, 1386.04/s  (0.372s, 1376.70/s)  ETA: 12:26:53  Done: 2026-06-04 20:18:32  LR: 1.998e-04  Data: 0.009 (0.008)
Train: 1 [2150/2502 ( 86%)]  Loss:  7.540936 (7.8999)  Time: 0.371s, 1380.36/s  (0.372s, 1376.86/s)  ETA: 12:26:29  Done: 2026-06-04 20:18:26  LR: 1.998e-04  Data: 0.009 (0.008)
Train: 1 [2200/2502 ( 88%)]  Loss:  6.918247 (7.8781)  Time: 0.369s, 1385.72/s  (0.372s, 1376.95/s)  ETA: 12:26:07  Done: 2026-06-04 20:18:23  LR: 1.998e-04  Data: 0.009 (0.008)
Train: 1 [2250/2502 ( 90%)]  Loss:  7.537110 (7.8707)  Time: 0.368s, 1392.27/s  (0.372s, 1377.16/s)  ETA: 12:25:42  Done: 2026-06-04 20:18:16  LR: 1.998e-04  Data: 0.008 (0.008)
Train: 1 [2300/2502 ( 92%)]  Loss:  7.727468 (7.8676)  Time: 0.368s, 1392.56/s  (0.372s, 1377.25/s)  ETA: 12:25:20  Done: 2026-06-04 20:18:13  LR: 1.998e-04  Data: 0.009 (0.008)
Train: 1 [2350/2502 ( 94%)]  Loss:  6.810583 (7.8456)  Time: 0.373s, 1372.68/s  (0.372s, 1377.48/s)  ETA: 12:24:54  Done: 2026-06-04 20:18:06  LR: 1.998e-04  Data: 0.009 (0.008)
Train: 1 [2400/2502 ( 96%)]  Loss:  7.262912 (7.8337)  Time: 0.370s, 1383.98/s  (0.372s, 1377.21/s)  ETA: 12:24:45  Done: 2026-06-04 20:18:15  LR: 1.998e-04  Data: 0.009 (0.008)
Train: 1 [2450/2502 ( 98%)]  Loss:  7.296547 (7.8230)  Time: 0.368s, 1392.68/s  (0.372s, 1376.34/s)  ETA: 12:24:54  Done: 2026-06-04 20:18:44  LR: 1.998e-04  Data: 0.008 (0.008)
epoch:  1 g['lr']:  0.00019981253920068581
Train: 2 [   0/2502 (  0%)]  Loss:  7.724718 (7.7247)  Time: 1.332s,  384.47/s  (1.332s,  384.47/s)  ETA: 44:25:28  Done: 2026-06-06 04:19:36  LR: 1.993e-04  Data: 0.965 (0.965)
Train: 2 [  50/2502 (  2%)]  Loss:  7.310948 (7.5178)  Time: 0.372s, 1377.16/s  (0.389s, 1315.50/s)  ETA: 12:58:42  Done: 2026-06-04 20:53:07  LR: 1.993e-04  Data: 0.005 (0.025)
Train: 2 [ 100/2502 (  4%)]  Loss:  7.997334 (7.6777)  Time: 0.370s, 1385.19/s  (0.381s, 1344.96/s)  ETA: 12:41:19  Done: 2026-06-04 20:36:03  LR: 1.993e-04  Data: 0.008 (0.016)
Train: 2 [ 150/2502 (  6%)]  Loss:  8.349162 (7.8455)  Time: 0.369s, 1387.72/s  (0.377s, 1356.96/s)  ETA: 12:34:17  Done: 2026-06-04 20:29:19  LR: 1.993e-04  Data: 0.009 (0.013)
Train: 2 [ 200/2502 (  8%)]  Loss:  7.202520 (7.7169)  Time: 0.369s, 1386.98/s  (0.375s, 1364.80/s)  ETA: 12:29:38  Done: 2026-06-04 20:24:59  LR: 1.993e-04  Data: 0.007 (0.012)
Train: 2 [ 250/2502 ( 10%)]  Loss:  7.506185 (7.6818)  Time: 0.371s, 1379.70/s  (0.374s, 1368.85/s)  ETA: 12:27:06  Done: 2026-06-04 20:22:46  LR: 1.993e-04  Data: 0.006 (0.011)
Train: 2 [ 300/2502 ( 12%)]  Loss:  7.801934 (7.6990)  Time: 0.368s, 1390.22/s  (0.373s, 1371.36/s)  ETA: 12:25:25  Done: 2026-06-04 20:21:23  LR: 1.993e-04  Data: 0.008 (0.010)
Train: 2 [ 350/2502 ( 14%)]  Loss:  7.373034 (7.6582)  Time: 0.390s, 1311.37/s  (0.373s, 1372.43/s)  ETA: 12:24:32  Done: 2026-06-04 20:20:49  LR: 1.993e-04  Data: 0.007 (0.010)
Train: 2 [ 400/2502 ( 16%)]  Loss:  7.236029 (7.6113)  Time: 0.370s, 1384.45/s  (0.373s, 1373.34/s)  ETA: 12:23:43  Done: 2026-06-04 20:20:19  LR: 1.993e-04  Data: 0.008 (0.010)
Train: 2 [ 450/2502 ( 18%)]  Loss:  7.470201 (7.5972)  Time: 0.369s, 1388.92/s  (0.373s, 1374.47/s)  ETA: 12:22:48  Done: 2026-06-04 20:19:42  LR: 1.993e-04  Data: 0.006 (0.009)
Train: 2 [ 500/2502 ( 20%)]  Loss:  8.511297 (7.6803)  Time: 0.370s, 1383.49/s  (0.372s, 1375.30/s)  ETA: 12:22:03  Done: 2026-06-04 20:19:15  LR: 1.993e-04  Data: 0.009 (0.009)
Train: 2 [ 550/2502 ( 22%)]  Loss:  7.131930 (7.6346)  Time: 0.370s, 1383.90/s  (0.372s, 1375.30/s)  ETA: 12:21:44  Done: 2026-06-04 20:19:15  LR: 1.993e-04  Data: 0.008 (0.009)
Train: 2 [ 600/2502 ( 24%)]  Loss:  7.668228 (7.6372)  Time: 0.369s, 1387.05/s  (0.372s, 1374.82/s)  ETA: 12:21:41  Done: 2026-06-04 20:19:31  LR: 1.993e-04  Data: 0.007 (0.009)
Train: 2 [ 650/2502 ( 26%)]  Loss:  7.514167 (7.6284)  Time: 0.368s, 1390.63/s  (0.372s, 1375.67/s)  ETA: 12:20:55  Done: 2026-06-04 20:19:03  LR: 1.993e-04  Data: 0.006 (0.009)
Train: 2 [ 700/2502 ( 28%)]  Loss:  7.570280 (7.6245)  Time: 0.370s, 1384.76/s  (0.372s, 1376.22/s)  ETA: 12:20:18  Done: 2026-06-04 20:18:45  LR: 1.993e-04  Data: 0.007 (0.009)
Train: 2 [ 750/2502 ( 30%)]  Loss:  7.745489 (7.6321)  Time: 0.388s, 1320.25/s  (0.372s, 1375.78/s)  ETA: 12:20:14  Done: 2026-06-04 20:18:59  LR: 1.993e-04  Data: 0.007 (0.009)
Train: 2 [ 800/2502 ( 32%)]  Loss:  7.241482 (7.6091)  Time: 0.371s, 1380.51/s  (0.372s, 1376.38/s)  ETA: 12:19:36  Done: 2026-06-04 20:18:40  LR: 1.993e-04  Data: 0.008 (0.009)
Train: 2 [ 850/2502 ( 34%)]  Loss:  7.403183 (7.5977)  Time: 0.370s, 1385.26/s  (0.372s, 1376.14/s)  ETA: 12:19:25  Done: 2026-06-04 20:18:48  LR: 1.993e-04  Data: 0.006 (0.009)
Train: 2 [ 900/2502 ( 36%)]  Loss:  7.638436 (7.5998)  Time: 0.371s, 1379.64/s  (0.373s, 1373.49/s)  ETA: 12:20:32  Done: 2026-06-04 20:20:14  LR: 1.993e-04  Data: 0.006 (0.008)
Train: 2 [ 950/2502 ( 38%)]  Loss:  8.068591 (7.6233)  Time: 0.369s, 1389.14/s  (0.373s, 1373.64/s)  ETA: 12:20:09  Done: 2026-06-04 20:20:09  LR: 1.993e-04  Data: 0.007 (0.008)
Train: 2 [1000/2502 ( 40%)]  Loss:  7.637771 (7.6239)  Time: 0.369s, 1387.48/s  (0.373s, 1374.26/s)  ETA: 12:19:30  Done: 2026-06-04 20:19:49  LR: 1.993e-04  Data: 0.007 (0.008)
Train: 2 [1050/2502 ( 42%)]  Loss:  7.906656 (7.6368)  Time: 0.368s, 1392.78/s  (0.373s, 1374.45/s)  ETA: 12:19:05  Done: 2026-06-04 20:19:43  LR: 1.993e-04  Data: 0.007 (0.008)
Train: 2 [1100/2502 ( 44%)]  Loss:  7.286887 (7.6216)  Time: 0.369s, 1388.33/s  (0.372s, 1374.76/s)  ETA: 12:18:36  Done: 2026-06-04 20:19:32  LR: 1.993e-04  Data: 0.008 (0.008)
Train: 2 [1150/2502 ( 46%)]  Loss:  7.114863 (7.6005)  Time: 0.370s, 1382.34/s  (0.372s, 1375.14/s)  ETA: 12:18:06  Done: 2026-06-04 20:19:20  LR: 1.993e-04  Data: 0.008 (0.008)
Train: 2 [1200/2502 ( 48%)]  Loss:  7.612252 (7.6009)  Time: 0.385s, 1329.48/s  (0.372s, 1375.31/s)  ETA: 12:17:42  Done: 2026-06-04 20:19:15  LR: 1.993e-04  Data: 0.007 (0.008)
Train: 2 [1250/2502 ( 50%)]  Loss:  7.644854 (7.6026)  Time: 0.372s, 1374.69/s  (0.372s, 1374.63/s)  ETA: 12:17:45  Done: 2026-06-04 20:19:37  LR: 1.993e-04  Data: 0.006 (0.008)
Train: 2 [1300/2502 ( 52%)]  Loss:  7.186631 (7.5872)  Time: 0.368s, 1390.78/s  (0.372s, 1374.60/s)  ETA: 12:17:27  Done: 2026-06-04 20:19:38  LR: 1.993e-04  Data: 0.008 (0.008)
Train: 2 [1350/2502 ( 54%)]  Loss:  8.077942 (7.6048)  Time: 0.369s, 1385.73/s  (0.372s, 1374.87/s)  ETA: 12:17:00  Done: 2026-06-04 20:19:29  LR: 1.993e-04  Data: 0.007 (0.008)
Train: 2 [1400/2502 ( 56%)]  Loss:  7.757154 (7.6100)  Time: 0.371s, 1379.34/s  (0.372s, 1375.25/s)  ETA: 12:16:29  Done: 2026-06-04 20:19:17  LR: 1.993e-04  Data: 0.007 (0.008)
Train: 2 [1450/2502 ( 58%)]  Loss:  7.100502 (7.5930)  Time: 0.388s, 1318.16/s  (0.372s, 1375.39/s)  ETA: 12:16:06  Done: 2026-06-04 20:19:12  LR: 1.993e-04  Data: 0.007 (0.008)
Train: 2 [1500/2502 ( 60%)]  Loss:  7.315032 (7.5841)  Time: 0.369s, 1388.94/s  (0.372s, 1375.69/s)  ETA: 12:15:38  Done: 2026-06-04 20:19:02  LR: 1.993e-04  Data: 0.008 (0.008)
Train: 2 [1550/2502 ( 62%)]  Loss:  7.319080 (7.5758)  Time: 0.376s, 1362.25/s  (0.372s, 1376.01/s)  ETA: 12:15:09  Done: 2026-06-04 20:18:52  LR: 1.993e-04  Data: 0.008 (0.008)
Train: 2 [1600/2502 ( 64%)]  Loss:  7.726448 (7.5803)  Time: 0.376s, 1360.10/s  (0.372s, 1375.68/s)  ETA: 12:15:01  Done: 2026-06-04 20:19:03  LR: 1.993e-04  Data: 0.008 (0.008)
Train: 2 [1650/2502 ( 66%)]  Loss:  7.260602 (7.5709)  Time: 0.371s, 1380.60/s  (0.372s, 1375.16/s)  ETA: 12:14:59  Done: 2026-06-04 20:19:19  LR: 1.993e-04  Data: 0.007 (0.008)
Train: 2 [1700/2502 ( 68%)]  Loss:  7.205093 (7.5605)  Time: 0.369s, 1387.66/s  (0.372s, 1375.53/s)  ETA: 12:14:29  Done: 2026-06-04 20:19:08  LR: 1.993e-04  Data: 0.008 (0.008)
Train: 2 [1750/2502 ( 70%)]  Loss:  7.855869 (7.5687)  Time: 0.369s, 1387.74/s  (0.372s, 1375.59/s)  ETA: 12:14:08  Done: 2026-06-04 20:19:06  LR: 1.993e-04  Data: 0.008 (0.008)
Train: 2 [1800/2502 ( 72%)]  Loss:  7.733406 (7.5731)  Time: 0.366s, 1397.25/s  (0.372s, 1375.15/s)  ETA: 12:14:03  Done: 2026-06-04 20:19:20  LR: 1.993e-04  Data: 0.007 (0.008)
Train: 2 [1850/2502 ( 74%)]  Loss:  7.227839 (7.5641)  Time: 0.367s, 1393.73/s  (0.373s, 1373.99/s)  ETA: 12:14:22  Done: 2026-06-04 20:19:58  LR: 1.993e-04  Data: 0.007 (0.008)
Train: 2 [1900/2502 ( 76%)]  Loss:  7.701747 (7.5676)  Time: 0.368s, 1390.51/s  (0.373s, 1374.21/s)  ETA: 12:13:56  Done: 2026-06-04 20:19:51  LR: 1.993e-04  Data: 0.008 (0.008)
Train: 2 [1950/2502 ( 78%)]  Loss:  8.141683 (7.5819)  Time: 0.371s, 1381.67/s  (0.372s, 1374.50/s)  ETA: 12:13:28  Done: 2026-06-04 20:19:41  LR: 1.993e-04  Data: 0.009 (0.008)
Train: 2 [2000/2502 ( 80%)]  Loss:  7.714063 (7.5852)  Time: 0.369s, 1388.57/s  (0.372s, 1374.81/s)  ETA: 12:13:00  Done: 2026-06-04 20:19:31  LR: 1.993e-04  Data: 0.008 (0.008)
Train: 2 [2050/2502 ( 82%)]  Loss:  7.102381 (7.5737)  Time: 0.368s, 1389.48/s  (0.372s, 1374.99/s)  ETA: 12:12:35  Done: 2026-06-04 20:19:25  LR: 1.993e-04  Data: 0.008 (0.008)
Train: 2 [2100/2502 ( 84%)]  Loss:  7.304204 (7.5674)  Time: 0.369s, 1385.90/s  (0.372s, 1375.03/s)  ETA: 12:12:16  Done: 2026-06-04 20:19:24  LR: 1.993e-04  Data: 0.008 (0.008)
Train: 2 [2150/2502 ( 86%)]  Loss:  7.780858 (7.5722)  Time: 0.370s, 1383.63/s  (0.372s, 1375.20/s)  ETA: 12:11:51  Done: 2026-06-04 20:19:18  LR: 1.993e-04  Data: 0.008 (0.008)
Train: 2 [2200/2502 ( 88%)]  Loss:  7.203606 (7.5641)  Time: 0.370s, 1383.87/s  (0.372s, 1375.38/s)  ETA: 12:11:27  Done: 2026-06-04 20:19:13  LR: 1.993e-04  Data: 0.008 (0.008)
Train: 2 [2250/2502 ( 90%)]  Loss:  7.901922 (7.5714)  Time: 0.367s, 1393.31/s  (0.372s, 1375.44/s)  ETA: 12:11:07  Done: 2026-06-04 20:19:11  LR: 1.993e-04  Data: 0.008 (0.008)
Train: 2 [2300/2502 ( 92%)]  Loss:  7.303998 (7.5657)  Time: 0.370s, 1382.89/s  (0.372s, 1375.48/s)  ETA: 12:10:47  Done: 2026-06-04 20:19:09  LR: 1.993e-04  Data: 0.008 (0.008)
Train: 2 [2350/2502 ( 94%)]  Loss:  6.809778 (7.5500)  Time: 0.370s, 1384.25/s  (0.372s, 1375.39/s)  ETA: 12:10:31  Done: 2026-06-04 20:19:12  LR: 1.993e-04  Data: 0.009 (0.008)
Train: 2 [2400/2502 ( 96%)]  Loss:  7.447986 (7.5479)  Time: 0.370s, 1385.47/s  (0.372s, 1375.38/s)  ETA: 12:10:13  Done: 2026-06-04 20:19:12  LR: 1.993e-04  Data: 0.008 (0.008)
Train: 2 [2450/2502 ( 98%)]  Loss:  7.232549 (7.5416)  Time: 0.369s, 1389.24/s  (0.372s, 1375.56/s)  ETA: 12:09:48  Done: 2026-06-04 20:19:07  LR: 1.993e-04  Data: 0.008 (0.008)
epoch:  2 g['lr']:  0.0001992508966248754
Train: 3 [   0/2502 (  0%)]  Loss:  6.611784 (6.6118)  Time: 1.216s,  421.19/s  (1.216s,  421.19/s)  ETA: 39:42:27  Done: 2026-06-05 23:52:04  LR: 1.983e-04  Data: 0.558 (0.558)
Train: 3 [  50/2502 (  2%)]  Loss:  7.733965 (7.1729)  Time: 0.368s, 1390.19/s  (0.386s, 1327.36/s)  ETA: 12:35:39  Done: 2026-06-04 20:45:34  LR: 1.983e-04  Data: 0.007 (0.017)
Train: 3 [ 100/2502 (  4%)]  Loss:  7.284359 (7.2100)  Time: 0.369s, 1388.88/s  (0.379s, 1352.59/s)  ETA: 12:21:14  Done: 2026-06-04 20:31:28  LR: 1.983e-04  Data: 0.007 (0.012)
Train: 3 [ 150/2502 (  6%)]  Loss:  7.859741 (7.3725)  Time: 0.372s, 1376.83/s  (0.377s, 1358.85/s)  ETA: 12:17:31  Done: 2026-06-04 20:28:03  LR: 1.983e-04  Data: 0.007 (0.010)
Train: 3 [ 200/2502 (  8%)]  Loss:  6.726837 (7.2433)  Time: 0.368s, 1391.70/s  (0.375s, 1364.52/s)  ETA: 12:14:08  Done: 2026-06-04 20:24:58  LR: 1.983e-04  Data: 0.007 (0.010)
Train: 3 [ 250/2502 ( 10%)]  Loss:  7.320150 (7.2561)  Time: 0.371s, 1379.28/s  (0.375s, 1364.40/s)  ETA: 12:13:53  Done: 2026-06-04 20:25:02  LR: 1.983e-04  Data: 0.007 (0.009)
Train: 3 [ 300/2502 ( 12%)]  Loss:  7.292640 (7.2614)  Time: 0.369s, 1388.43/s  (0.377s, 1357.80/s)  ETA: 12:17:08  Done: 2026-06-04 20:28:37  LR: 1.983e-04  Data: 0.007 (0.009)
Train: 3 [ 350/2502 ( 14%)]  Loss:  6.843318 (7.2091)  Time: 0.369s, 1389.32/s  (0.376s, 1361.62/s)  ETA: 12:14:46  Done: 2026-06-04 20:26:33  LR: 1.983e-04  Data: 0.007 (0.008)
Train: 3 [ 400/2502 ( 16%)]  Loss:  7.115949 (7.1987)  Time: 0.369s, 1386.82/s  (0.375s, 1363.80/s)  ETA: 12:13:16  Done: 2026-06-04 20:25:22  LR: 1.983e-04  Data: 0.008 (0.008)
Train: 3 [ 450/2502 ( 18%)]  Loss:  7.364374 (7.2153)  Time: 0.369s, 1388.15/s  (0.375s, 1365.15/s)  ETA: 12:12:14  Done: 2026-06-04 20:24:38  LR: 1.983e-04  Data: 0.007 (0.008)
Train: 3 [ 500/2502 ( 20%)]  Loss:  6.466535 (7.1472)  Time: 0.368s, 1391.19/s  (0.374s, 1367.23/s)  ETA: 12:10:49  Done: 2026-06-04 20:23:31  LR: 1.983e-04  Data: 0.006 (0.008)
Train: 3 [ 550/2502 ( 22%)]  Loss:  6.545440 (7.0971)  Time: 0.369s, 1387.09/s  (0.374s, 1368.58/s)  ETA: 12:09:46  Done: 2026-06-04 20:22:48  LR: 1.983e-04  Data: 0.006 (0.008)
Train: 3 [ 600/2502 ( 24%)]  Loss:  7.623874 (7.1376)  Time: 0.370s, 1383.42/s  (0.374s, 1369.91/s)  ETA: 12:08:45  Done: 2026-06-04 20:22:05  LR: 1.983e-04  Data: 0.007 (0.008)
Train: 3 [ 650/2502 ( 26%)]  Loss:  7.141831 (7.1379)  Time: 0.369s, 1388.30/s  (0.374s, 1370.75/s)  ETA: 12:08:00  Done: 2026-06-04 20:21:38  LR: 1.983e-04  Data: 0.007 (0.008)
Train: 3 [ 700/2502 ( 28%)]  Loss:  7.362349 (7.1529)  Time: 0.370s, 1385.56/s  (0.373s, 1371.89/s)  ETA: 12:07:05  Done: 2026-06-04 20:21:02  LR: 1.983e-04  Data: 0.007 (0.008)
Train: 3 [ 750/2502 ( 30%)]  Loss:  7.079713 (7.1483)  Time: 0.366s, 1397.86/s  (0.373s, 1372.88/s)  ETA: 12:06:15  Done: 2026-06-04 20:20:30  LR: 1.983e-04  Data: 0.007 (0.008)
Train: 3 [ 800/2502 ( 32%)]  Loss:  6.849839 (7.1307)  Time: 0.369s, 1389.03/s  (0.373s, 1373.53/s)  ETA: 12:05:35  Done: 2026-06-04 20:20:09  LR: 1.983e-04  Data: 0.008 (0.008)
Train: 3 [ 850/2502 ( 34%)]  Loss:  7.438697 (7.1479)  Time: 0.369s, 1388.91/s  (0.373s, 1374.21/s)  ETA: 12:04:55  Done: 2026-06-04 20:19:47  LR: 1.983e-04  Data: 0.007 (0.008)
Train: 3 [ 900/2502 ( 36%)]  Loss:  7.546762 (7.1689)  Time: 0.371s, 1380.92/s  (0.372s, 1374.54/s)  ETA: 12:04:26  Done: 2026-06-04 20:19:37  LR: 1.983e-04  Data: 0.007 (0.008)
Train: 3 [ 950/2502 ( 38%)]  Loss:  7.779871 (7.1994)  Time: 0.368s, 1390.24/s  (0.372s, 1374.69/s)  ETA: 12:04:03  Done: 2026-06-04 20:19:32  LR: 1.983e-04  Data: 0.007 (0.008)
Train: 3 [1000/2502 ( 40%)]  Loss:  6.718034 (7.1765)  Time: 0.373s, 1372.10/s  (0.372s, 1375.05/s)  ETA: 12:03:33  Done: 2026-06-04 20:19:21  LR: 1.983e-04  Data: 0.008 (0.008)
Train: 3 [1050/2502 ( 42%)]  Loss:  7.272587 (7.1808)  Time: 0.367s, 1395.46/s  (0.372s, 1375.50/s)  ETA: 12:03:00  Done: 2026-06-04 20:19:06  LR: 1.983e-04  Data: 0.007 (0.008)
Train: 3 [1100/2502 ( 44%)]  Loss:  7.017112 (7.1737)  Time: 0.368s, 1392.19/s  (0.372s, 1375.71/s)  ETA: 12:02:35  Done: 2026-06-04 20:19:00  LR: 1.983e-04  Data: 0.006 (0.008)
Train: 3 [1150/2502 ( 46%)]  Loss:  7.118714 (7.1714)  Time: 0.367s, 1393.91/s  (0.372s, 1376.11/s)  ETA: 12:02:04  Done: 2026-06-04 20:18:47  LR: 1.983e-04  Data: 0.006 (0.007)
Train: 3 [1200/2502 ( 48%)]  Loss:  8.115623 (7.2092)  Time: 0.370s, 1384.80/s  (0.372s, 1375.84/s)  ETA: 12:01:54  Done: 2026-06-04 20:18:55  LR: 1.983e-04  Data: 0.007 (0.007)
Train: 3 [1250/2502 ( 50%)]  Loss:  7.222802 (7.2097)  Time: 0.368s, 1390.56/s  (0.373s, 1374.46/s)  ETA: 12:02:19  Done: 2026-06-04 20:19:40  LR: 1.983e-04  Data: 0.007 (0.007)
Train: 3 [1300/2502 ( 52%)]  Loss:  7.320811 (7.2138)  Time: 0.372s, 1376.92/s  (0.373s, 1374.31/s)  ETA: 12:02:05  Done: 2026-06-04 20:19:44  LR: 1.983e-04  Data: 0.007 (0.007)
Train: 3 [1350/2502 ( 54%)]  Loss:  6.807058 (7.1993)  Time: 0.370s, 1384.43/s  (0.373s, 1374.42/s)  ETA: 12:01:43  Done: 2026-06-04 20:19:41  LR: 1.983e-04  Data: 0.007 (0.007)
Train: 3 [1400/2502 ( 56%)]  Loss:  6.604220 (7.1788)  Time: 0.368s, 1392.49/s  (0.372s, 1374.76/s)  ETA: 12:01:13  Done: 2026-06-04 20:19:30  LR: 1.983e-04  Data: 0.008 (0.007)
Train: 3 [1450/2502 ( 58%)]  Loss:  7.498353 (7.1894)  Time: 0.368s, 1390.64/s  (0.372s, 1375.26/s)  ETA: 12:00:39  Done: 2026-06-04 20:19:14  LR: 1.983e-04  Data: 0.007 (0.007)
Train: 3 [1500/2502 ( 60%)]  Loss:  6.722408 (7.1744)  Time: 0.369s, 1387.98/s  (0.372s, 1375.65/s)  ETA: 12:00:08  Done: 2026-06-04 20:19:02  LR: 1.983e-04  Data: 0.007 (0.007)
Train: 3 [1550/2502 ( 62%)]  Loss:  7.441133 (7.1827)  Time: 0.369s, 1387.41/s  (0.372s, 1376.09/s)  ETA: 11:59:36  Done: 2026-06-04 20:18:48  LR: 1.983e-04  Data: 0.007 (0.007)
Train: 3 [1600/2502 ( 64%)]  Loss:  7.392341 (7.1891)  Time: 0.370s, 1382.62/s  (0.372s, 1376.44/s)  ETA: 11:59:06  Done: 2026-06-04 20:18:37  LR: 1.983e-04  Data: 0.007 (0.007)
Train: 3 [1650/2502 ( 66%)]  Loss:  7.266683 (7.1914)  Time: 0.368s, 1389.88/s  (0.372s, 1376.75/s)  ETA: 11:58:37  Done: 2026-06-04 20:18:26  LR: 1.983e-04  Data: 0.006 (0.007)
Train: 3 [1700/2502 ( 68%)]  Loss:  7.212537 (7.1920)  Time: 0.368s, 1391.56/s  (0.372s, 1377.04/s)  ETA: 11:58:10  Done: 2026-06-04 20:18:18  LR: 1.983e-04  Data: 0.007 (0.007)
Train: 3 [1750/2502 ( 70%)]  Loss:  7.073307 (7.1887)  Time: 0.368s, 1391.37/s  (0.372s, 1377.17/s)  ETA: 11:57:47  Done: 2026-06-04 20:18:13  LR: 1.983e-04  Data: 0.008 (0.007)
Train: 3 [1800/2502 ( 72%)]  Loss:  7.160712 (7.1879)  Time: 0.368s, 1392.12/s  (0.372s, 1377.32/s)  ETA: 11:57:24  Done: 2026-06-04 20:18:08  LR: 1.983e-04  Data: 0.006 (0.007)
Train: 3 [1850/2502 ( 74%)]  Loss:  6.885096 (7.1799)  Time: 0.368s, 1390.92/s  (0.372s, 1377.62/s)  ETA: 11:56:56  Done: 2026-06-04 20:17:59  LR: 1.983e-04  Data: 0.007 (0.007)
Train: 3 [1900/2502 ( 76%)]  Loss:  7.384543 (7.1852)  Time: 0.370s, 1383.71/s  (0.372s, 1377.84/s)  ETA: 11:56:31  Done: 2026-06-04 20:17:52  LR: 1.983e-04  Data: 0.007 (0.007)
Train: 3 [1950/2502 ( 78%)]  Loss:  6.686370 (7.1727)  Time: 0.369s, 1387.55/s  (0.372s, 1378.05/s)  ETA: 11:56:05  Done: 2026-06-04 20:17:45  LR: 1.983e-04  Data: 0.006 (0.007)
Train: 3 [2000/2502 ( 80%)]  Loss:  7.350318 (7.1770)  Time: 0.369s, 1387.31/s  (0.371s, 1378.27/s)  ETA: 11:55:40  Done: 2026-06-04 20:17:38  LR: 1.983e-04  Data: 0.007 (0.007)
Train: 3 [2050/2502 ( 82%)]  Loss:  6.599249 (7.1633)  Time: 0.369s, 1389.08/s  (0.372s, 1378.19/s)  ETA: 11:55:24  Done: 2026-06-04 20:17:41  LR: 1.983e-04  Data: 0.007 (0.007)
Train: 3 [2100/2502 ( 84%)]  Loss:  7.278174 (7.1660)  Time: 0.379s, 1349.90/s  (0.372s, 1378.16/s)  ETA: 11:55:06  Done: 2026-06-04 20:17:42  LR: 1.983e-04  Data: 0.007 (0.007)
Train: 3 [2150/2502 ( 86%)]  Loss:  6.863569 (7.1591)  Time: 0.368s, 1390.53/s  (0.372s, 1377.22/s)  ETA: 11:55:17  Done: 2026-06-04 20:18:12  LR: 1.983e-04  Data: 0.007 (0.007)
Train: 3 [2200/2502 ( 88%)]  Loss:  6.881079 (7.1529)  Time: 0.368s, 1391.30/s  (0.372s, 1376.71/s)  ETA: 11:55:14  Done: 2026-06-04 20:18:28  LR: 1.983e-04  Data: 0.007 (0.007)
Train: 3 [2250/2502 ( 90%)]  Loss:  6.713754 (7.1434)  Time: 0.395s, 1294.96/s  (0.372s, 1376.57/s)  ETA: 11:55:00  Done: 2026-06-04 20:18:32  LR: 1.983e-04  Data: 0.007 (0.007)
Train: 3 [2300/2502 ( 92%)]  Loss:  6.683208 (7.1336)  Time: 0.368s, 1390.00/s  (0.372s, 1376.59/s)  ETA: 11:54:41  Done: 2026-06-04 20:18:32  LR: 1.983e-04  Data: 0.006 (0.007)
Train: 3 [2350/2502 ( 94%)]  Loss:  6.991501 (7.1306)  Time: 0.368s, 1393.03/s  (0.372s, 1376.82/s)  ETA: 11:54:15  Done: 2026-06-04 20:18:24  LR: 1.983e-04  Data: 0.007 (0.007)
Train: 3 [2400/2502 ( 96%)]  Loss:  7.565688 (7.1395)  Time: 0.368s, 1389.87/s  (0.372s, 1377.00/s)  ETA: 11:53:51  Done: 2026-06-04 20:18:19  LR: 1.983e-04  Data: 0.006 (0.007)
Train: 3 [2450/2502 ( 98%)]  Loss:  7.005868 (7.1368)  Time: 0.369s, 1388.48/s  (0.372s, 1377.08/s)  ETA: 11:53:30  Done: 2026-06-04 20:18:16  LR: 1.983e-04  Data: 0.006 (0.007)
epoch:  3 g['lr']:  0.00019831728881922545
Train: 4 [   0/2502 (  0%)]  Loss:  7.324151 (7.3242)  Time: 1.235s,  414.44/s  (1.235s,  414.44/s)  ETA: 39:29:43  Done: 2026-06-05 23:54:47  LR: 1.970e-04  Data: 0.550 (0.550)
Train: 4 [  50/2502 (  2%)]  Loss:  6.808631 (7.0664)  Time: 0.370s, 1384.70/s  (0.385s, 1328.45/s)  ETA: 12:18:58  Done: 2026-06-04 20:44:20  LR: 1.970e-04  Data: 0.006 (0.017)
Train: 4 [ 100/2502 (  4%)]  Loss:  6.953858 (7.0289)  Time: 0.372s, 1376.64/s  (0.378s, 1354.80/s)  ETA: 12:04:16  Done: 2026-06-04 20:29:57  LR: 1.970e-04  Data: 0.007 (0.012)
Train: 4 [ 150/2502 (  6%)]  Loss:  6.823500 (6.9775)  Time: 0.370s, 1382.16/s  (0.376s, 1362.15/s)  ETA: 12:00:03  Done: 2026-06-04 20:26:03  LR: 1.970e-04  Data: 0.006 (0.010)
Train: 4 [ 200/2502 (  8%)]  Loss:  7.431509 (7.0683)  Time: 0.371s, 1379.22/s  (0.375s, 1365.24/s)  ETA: 11:58:07  Done: 2026-06-04 20:24:25  LR: 1.970e-04  Data: 0.007 (0.010)
Train: 4 [ 250/2502 ( 10%)]  Loss:  6.397735 (6.9566)  Time: 0.368s, 1390.54/s  (0.374s, 1369.07/s)  ETA: 11:55:47  Done: 2026-06-04 20:22:24  LR: 1.970e-04  Data: 0.007 (0.009)
Train: 4 [ 300/2502 ( 12%)]  Loss:  7.508721 (7.0354)  Time: 0.370s, 1384.78/s  (0.373s, 1371.88/s)  ETA: 11:54:01  Done: 2026-06-04 20:20:56  LR: 1.970e-04  Data: 0.008 (0.009)
Train: 4 [ 350/2502 ( 14%)]  Loss:  7.116350 (7.0456)  Time: 0.370s, 1384.03/s  (0.373s, 1373.67/s)  ETA: 11:52:46  Done: 2026-06-04 20:20:00  LR: 1.970e-04  Data: 0.006 (0.008)
Train: 4 [ 400/2502 ( 16%)]  Loss:  6.724784 (7.0099)  Time: 0.367s, 1393.74/s  (0.372s, 1375.02/s)  ETA: 11:51:46  Done: 2026-06-04 20:19:18  LR: 1.970e-04  Data: 0.007 (0.008)
Train: 4 [ 450/2502 ( 18%)]  Loss:  6.904621 (6.9994)  Time: 0.372s, 1375.81/s  (0.372s, 1376.15/s)  ETA: 11:50:52  Done: 2026-06-04 20:18:43  LR: 1.970e-04  Data: 0.007 (0.008)
Train: 4 [ 500/2502 ( 20%)]  Loss:  6.928203 (6.9929)  Time: 0.370s, 1385.23/s  (0.372s, 1376.92/s)  ETA: 11:50:09  Done: 2026-06-04 20:18:19  LR: 1.970e-04  Data: 0.008 (0.008)
Train: 4 [ 550/2502 ( 22%)]  Loss:  6.704331 (6.9689)  Time: 0.373s, 1374.00/s  (0.372s, 1377.59/s)  ETA: 11:49:30  Done: 2026-06-04 20:17:58  LR: 1.970e-04  Data: 0.007 (0.008)
Train: 4 [ 600/2502 ( 24%)]  Loss:  6.797211 (6.9557)  Time: 0.371s, 1381.41/s  (0.372s, 1376.44/s)  ETA: 11:49:47  Done: 2026-06-04 20:18:34  LR: 1.970e-04  Data: 0.006 (0.008)
Train: 4 [ 650/2502 ( 26%)]  Loss:  7.179830 (6.9717)  Time: 0.369s, 1388.13/s  (0.373s, 1372.77/s)  ETA: 11:51:22  Done: 2026-06-04 20:20:28  LR: 1.970e-04  Data: 0.006 (0.008)
Train: 4 [ 700/2502 ( 28%)]  Loss:  7.283902 (6.9925)  Time: 0.369s, 1387.22/s  (0.373s, 1373.43/s)  ETA: 11:50:43  Done: 2026-06-04 20:20:08  LR: 1.970e-04  Data: 0.008 (0.008)
Train: 4 [ 750/2502 ( 30%)]  Loss:  7.238893 (7.0079)  Time: 0.370s, 1385.51/s  (0.373s, 1374.10/s)  ETA: 11:50:04  Done: 2026-06-04 20:19:47  LR: 1.970e-04  Data: 0.008 (0.008)
Train: 4 [ 800/2502 ( 32%)]  Loss:  6.414115 (6.9730)  Time: 0.369s, 1386.32/s  (0.372s, 1374.90/s)  ETA: 11:49:20  Done: 2026-06-04 20:19:22  LR: 1.970e-04  Data: 0.007 (0.008)
Train: 4 [ 850/2502 ( 34%)]  Loss:  7.299417 (6.9911)  Time: 0.367s, 1393.40/s  (0.372s, 1375.64/s)  ETA: 11:48:39  Done: 2026-06-04 20:18:59  LR: 1.970e-04  Data: 0.006 (0.008)
Train: 4 [ 900/2502 ( 36%)]  Loss:  7.872511 (7.0375)  Time: 0.369s, 1388.65/s  (0.372s, 1376.33/s)  ETA: 11:47:59  Done: 2026-06-04 20:18:37  LR: 1.970e-04  Data: 0.008 (0.008)
Train: 4 [ 950/2502 ( 38%)]  Loss:  6.831003 (7.0272)  Time: 0.368s, 1389.50/s  (0.372s, 1376.80/s)  ETA: 11:47:26  Done: 2026-06-04 20:18:22  LR: 1.970e-04  Data: 0.007 (0.008)
Train: 4 [1000/2502 ( 40%)]  Loss:  7.353077 (7.0427)  Time: 0.370s, 1383.56/s  (0.372s, 1376.87/s)  ETA: 11:47:05  Done: 2026-06-04 20:18:20  LR: 1.970e-04  Data: 0.007 (0.008)
Train: 4 [1050/2502 ( 42%)]  Loss:  6.989127 (7.0402)  Time: 0.368s, 1393.01/s  (0.372s, 1376.93/s)  ETA: 11:46:45  Done: 2026-06-04 20:18:19  LR: 1.970e-04  Data: 0.006 (0.008)
Train: 4 [1100/2502 ( 44%)]  Loss:  6.689858 (7.0250)  Time: 0.370s, 1385.17/s  (0.372s, 1376.95/s)  ETA: 11:46:26  Done: 2026-06-04 20:18:18  LR: 1.970e-04  Data: 0.008 (0.007)
Train: 4 [1150/2502 ( 46%)]  Loss:  6.860094 (7.0181)  Time: 0.369s, 1387.74/s  (0.372s, 1377.01/s)  ETA: 11:46:05  Done: 2026-06-04 20:18:16  LR: 1.970e-04  Data: 0.007 (0.007)
Train: 4 [1200/2502 ( 48%)]  Loss:  7.231387 (7.0267)  Time: 0.369s, 1386.97/s  (0.372s, 1377.10/s)  ETA: 11:45:44  Done: 2026-06-04 20:18:13  LR: 1.970e-04  Data: 0.007 (0.007)
Train: 4 [1250/2502 ( 50%)]  Loss:  7.673308 (7.0515)  Time: 0.368s, 1389.66/s  (0.372s, 1377.06/s)  ETA: 11:45:26  Done: 2026-06-04 20:18:14  LR: 1.970e-04  Data: 0.005 (0.007)
Train: 4 [1300/2502 ( 52%)]  Loss:  6.683977 (7.0379)  Time: 0.369s, 1387.45/s  (0.372s, 1376.89/s)  ETA: 11:45:13  Done: 2026-06-04 20:18:20  LR: 1.970e-04  Data: 0.008 (0.007)
Train: 4 [1350/2502 ( 54%)]  Loss:  7.188695 (7.0433)  Time: 0.368s, 1390.49/s  (0.372s, 1376.93/s)  ETA: 11:44:53  Done: 2026-06-04 20:18:19  LR: 1.970e-04  Data: 0.006 (0.007)
Train: 4 [1400/2502 ( 56%)]  Loss:  6.815777 (7.0355)  Time: 0.387s, 1323.64/s  (0.372s, 1376.55/s)  ETA: 11:44:46  Done: 2026-06-04 20:18:30  LR: 1.970e-04  Data: 0.008 (0.007)
Train: 4 [1450/2502 ( 58%)]  Loss:  6.648478 (7.0226)  Time: 0.387s, 1322.91/s  (0.372s, 1376.14/s)  ETA: 11:44:40  Done: 2026-06-04 20:18:43  LR: 1.970e-04  Data: 0.007 (0.007)
Train: 4 [1500/2502 ( 60%)]  Loss:  6.872448 (7.0177)  Time: 0.372s, 1375.44/s  (0.372s, 1375.98/s)  ETA: 11:44:27  Done: 2026-06-04 20:18:48  LR: 1.970e-04  Data: 0.009 (0.007)
Train: 4 [1550/2502 ( 62%)]  Loss:  7.088010 (7.0199)  Time: 0.561s,  913.07/s  (0.372s, 1375.17/s)  ETA: 11:44:33  Done: 2026-06-04 20:19:13  LR: 1.970e-04  Data: 0.008 (0.007)
Train: 4 [1600/2502 ( 64%)]  Loss:  6.904170 (7.0164)  Time: 0.369s, 1388.72/s  (0.373s, 1374.05/s)  ETA: 11:44:49  Done: 2026-06-04 20:19:48  LR: 1.970e-04  Data: 0.008 (0.007)
Train: 4 [1650/2502 ( 66%)]  Loss:  6.831532 (7.0110)  Time: 0.369s, 1388.70/s  (0.373s, 1373.84/s)  ETA: 11:44:37  Done: 2026-06-04 20:19:55  LR: 1.970e-04  Data: 0.007 (0.007)
Train: 4 [1700/2502 ( 68%)]  Loss:  6.647231 (7.0006)  Time: 0.374s, 1369.87/s  (0.373s, 1374.06/s)  ETA: 11:44:11  Done: 2026-06-04 20:19:48  LR: 1.970e-04  Data: 0.008 (0.007)
Train: 4 [1750/2502 ( 70%)]  Loss:  6.864206 (6.9968)  Time: 0.367s, 1395.75/s  (0.373s, 1374.34/s)  ETA: 11:43:44  Done: 2026-06-04 20:19:39  LR: 1.970e-04  Data: 0.007 (0.007)
Train: 4 [1800/2502 ( 72%)]  Loss:  6.488468 (6.9831)  Time: 0.368s, 1391.28/s  (0.373s, 1374.32/s)  ETA: 11:43:26  Done: 2026-06-04 20:19:40  LR: 1.970e-04  Data: 0.008 (0.007)
Train: 4 [1850/2502 ( 74%)]  Loss:  7.358428 (6.9929)  Time: 0.376s, 1360.60/s  (0.373s, 1374.00/s)  ETA: 11:43:17  Done: 2026-06-04 20:19:50  LR: 1.970e-04  Data: 0.008 (0.007)
Train: 4 [1900/2502 ( 76%)]  Loss:  7.049394 (6.9944)  Time: 0.374s, 1368.73/s  (0.373s, 1373.63/s)  ETA: 11:43:10  Done: 2026-06-04 20:20:01  LR: 1.970e-04  Data: 0.007 (0.007)
Train: 4 [1950/2502 ( 78%)]  Loss:  7.629829 (7.0103)  Time: 0.376s, 1362.49/s  (0.373s, 1373.33/s)  ETA: 11:43:00  Done: 2026-06-04 20:20:11  LR: 1.970e-04  Data: 0.008 (0.007)
Train: 4 [2000/2502 ( 80%)]  Loss:  7.412501 (7.0201)  Time: 0.378s, 1355.02/s  (0.373s, 1373.47/s)  ETA: 11:42:38  Done: 2026-06-04 20:20:06  LR: 1.970e-04  Data: 0.008 (0.007)
Train: 4 [2050/2502 ( 82%)]  Loss:  6.675554 (7.0119)  Time: 0.368s, 1392.84/s  (0.373s, 1373.82/s)  ETA: 11:42:08  Done: 2026-06-04 20:19:55  LR: 1.970e-04  Data: 0.007 (0.007)
Train: 4 [2100/2502 ( 84%)]  Loss:  6.200941 (6.9930)  Time: 0.390s, 1313.87/s  (0.373s, 1374.09/s)  ETA: 11:41:41  Done: 2026-06-04 20:19:47  LR: 1.970e-04  Data: 0.006 (0.007)
Train: 4 [2150/2502 ( 86%)]  Loss:  6.550004 (6.9829)  Time: 0.369s, 1387.36/s  (0.373s, 1374.16/s)  ETA: 11:41:20  Done: 2026-06-04 20:19:45  LR: 1.970e-04  Data: 0.007 (0.007)
Train: 4 [2200/2502 ( 88%)]  Loss:  6.240723 (6.9665)  Time: 0.385s, 1329.66/s  (0.373s, 1374.28/s)  ETA: 11:40:58  Done: 2026-06-04 20:19:41  LR: 1.970e-04  Data: 0.008 (0.007)
Train: 4 [2250/2502 ( 90%)]  Loss:  7.183885 (6.9712)  Time: 0.369s, 1387.78/s  (0.372s, 1374.55/s)  ETA: 11:40:31  Done: 2026-06-04 20:19:33  LR: 1.970e-04  Data: 0.007 (0.007)
Train: 4 [2300/2502 ( 92%)]  Loss:  7.417838 (6.9807)  Time: 0.370s, 1385.29/s  (0.372s, 1374.73/s)  ETA: 11:40:07  Done: 2026-06-04 20:19:27  LR: 1.970e-04  Data: 0.007 (0.007)
Train: 4 [2350/2502 ( 94%)]  Loss:  6.589807 (6.9725)  Time: 0.378s, 1355.60/s  (0.372s, 1374.51/s)  ETA: 11:39:55  Done: 2026-06-04 20:19:34  LR: 1.970e-04  Data: 0.008 (0.007)
Train: 4 [2400/2502 ( 96%)]  Loss:  6.435545 (6.9616)  Time: 0.376s, 1362.81/s  (0.373s, 1374.14/s)  ETA: 11:39:48  Done: 2026-06-04 20:19:45  LR: 1.970e-04  Data: 0.008 (0.007)
Train: 4 [2450/2502 ( 98%)]  Loss:  6.886444 (6.9601)  Time: 0.377s, 1356.51/s  (0.373s, 1374.00/s)  ETA: 11:39:33  Done: 2026-06-04 20:19:50  LR: 1.970e-04  Data: 0.007 (0.007)
epoch:  4 g['lr']:  0.00019701540030721997
Train: 5 [   0/2502 (  0%)]  Loss:  7.059300 (7.0593)  Time: 1.196s,  428.11/s  (1.196s,  428.11/s)  ETA: 37:24:09  Done: 2026-06-05 22:04:44  LR: 1.954e-04  Data: 0.557 (0.557)
Train: 5 [  50/2502 (  2%)]  Loss:  6.680271 (6.8698)  Time: 0.375s, 1365.96/s  (0.403s, 1270.87/s)  ETA: 12:35:38  Done: 2026-06-04 21:16:33  LR: 1.954e-04  Data: 0.007 (0.017)
Train: 5 [ 100/2502 (  4%)]  Loss:  6.632853 (6.7908)  Time: 0.375s, 1363.84/s  (0.393s, 1303.73/s)  ETA: 12:16:16  Done: 2026-06-04 20:57:29  LR: 1.954e-04  Data: 0.007 (0.012)
Train: 5 [ 150/2502 (  6%)]  Loss:  7.053858 (6.8566)  Time: 0.375s, 1365.41/s  (0.387s, 1323.52/s)  ETA: 12:04:56  Done: 2026-06-04 20:46:28  LR: 1.954e-04  Data: 0.006 (0.010)
Train: 5 [ 200/2502 (  8%)]  Loss:  7.419902 (6.9692)  Time: 0.378s, 1356.17/s  (0.384s, 1332.85/s)  ETA: 11:59:33  Done: 2026-06-04 20:41:23  LR: 1.954e-04  Data: 0.006 (0.009)
Train: 5 [ 250/2502 ( 10%)]  Loss:  6.019519 (6.8110)  Time: 0.375s, 1365.40/s  (0.382s, 1339.03/s)  ETA: 11:55:54  Done: 2026-06-04 20:38:04  LR: 1.954e-04  Data: 0.005 (0.009)
Train: 5 [ 300/2502 ( 12%)]  Loss:  6.843829 (6.8156)  Time: 0.374s, 1368.65/s  (0.381s, 1343.07/s)  ETA: 11:53:26  Done: 2026-06-04 20:35:54  LR: 1.954e-04  Data: 0.007 (0.008)
Train: 5 [ 350/2502 ( 14%)]  Loss:  7.236826 (6.8683)  Time: 0.366s, 1397.59/s  (0.380s, 1347.52/s)  ETA: 11:50:45  Done: 2026-06-04 20:33:32  LR: 1.954e-04  Data: 0.006 (0.008)
Train: 5 [ 400/2502 ( 16%)]  Loss:  7.483045 (6.9366)  Time: 0.367s, 1394.94/s  (0.379s, 1351.84/s)  ETA: 11:48:10  Done: 2026-06-04 20:31:16  LR: 1.954e-04  Data: 0.007 (0.008)
Train: 5 [ 450/2502 ( 18%)]  Loss:  7.030788 (6.9460)  Time: 0.373s, 1373.31/s  (0.378s, 1355.69/s)  ETA: 11:45:51  Done: 2026-06-04 20:29:15  LR: 1.954e-04  Data: 0.006 (0.008)
Train: 5 [ 500/2502 ( 20%)]  Loss:  7.045758 (6.9551)  Time: 0.370s, 1385.64/s  (0.377s, 1358.51/s)  ETA: 11:44:04  Done: 2026-06-04 20:27:46  LR: 1.954e-04  Data: 0.007 (0.008)
Train: 5 [ 550/2502 ( 22%)]  Loss:  6.939323 (6.9538)  Time: 0.368s, 1391.64/s  (0.376s, 1360.50/s)  ETA: 11:42:43  Done: 2026-06-04 20:26:44  LR: 1.954e-04  Data: 0.006 (0.008)
Train: 5 [ 600/2502 ( 24%)]  Loss:  6.983060 (6.9560)  Time: 0.367s, 1395.36/s  (0.376s, 1362.20/s)  ETA: 11:41:32  Done: 2026-06-04 20:25:52  LR: 1.954e-04  Data: 0.007 (0.008)
Train: 5 [ 650/2502 ( 26%)]  Loss:  6.907717 (6.9526)  Time: 0.368s, 1391.35/s  (0.375s, 1364.16/s)  ETA: 11:40:13  Done: 2026-06-04 20:24:51  LR: 1.954e-04  Data: 0.006 (0.008)
Train: 5 [ 700/2502 ( 28%)]  Loss:  6.863540 (6.9466)  Time: 0.368s, 1391.07/s  (0.375s, 1365.92/s)  ETA: 11:39:00  Done: 2026-06-04 20:23:56  LR: 1.954e-04  Data: 0.007 (0.007)
Train: 5 [ 750/2502 ( 30%)]  Loss:  7.090433 (6.9556)  Time: 0.368s, 1393.09/s  (0.375s, 1366.79/s)  ETA: 11:38:14  Done: 2026-06-04 20:23:29  LR: 1.954e-04  Data: 0.006 (0.007)
Train: 5 [ 800/2502 ( 32%)]  Loss:  6.759895 (6.9441)  Time: 0.367s, 1393.66/s  (0.374s, 1367.89/s)  ETA: 11:37:22  Done: 2026-06-04 20:22:55  LR: 1.954e-04  Data: 0.006 (0.007)
Train: 5 [ 850/2502 ( 34%)]  Loss:  6.181232 (6.9017)  Time: 0.369s, 1388.73/s  (0.374s, 1368.62/s)  ETA: 11:36:41  Done: 2026-06-04 20:22:33  LR: 1.954e-04  Data: 0.006 (0.007)
Train: 5 [ 900/2502 ( 36%)]  Loss:  7.039590 (6.9090)  Time: 0.368s, 1391.63/s  (0.374s, 1369.52/s)  ETA: 11:35:55  Done: 2026-06-04 20:22:05  LR: 1.954e-04  Data: 0.007 (0.007)
Train: 5 [ 950/2502 ( 38%)]  Loss:  7.031965 (6.9151)  Time: 0.368s, 1392.84/s  (0.374s, 1369.17/s)  ETA: 11:35:47  Done: 2026-06-04 20:22:16  LR: 1.954e-04  Data: 0.006 (0.007)
Train: 5 [1000/2502 ( 40%)]  Loss:  6.776986 (6.9086)  Time: 0.368s, 1392.49/s  (0.375s, 1366.95/s)  ETA: 11:36:36  Done: 2026-06-04 20:23:24  LR: 1.954e-04  Data: 0.007 (0.007)
Train: 5 [1050/2502 ( 42%)]  Loss:  6.836921 (6.9053)  Time: 0.369s, 1387.78/s  (0.374s, 1367.42/s)  ETA: 11:36:03  Done: 2026-06-04 20:23:10  LR: 1.954e-04  Data: 0.006 (0.007)
Train: 5 [1100/2502 ( 44%)]  Loss:  7.668298 (6.9385)  Time: 0.371s, 1379.59/s  (0.374s, 1367.98/s)  ETA: 11:35:27  Done: 2026-06-04 20:22:53  LR: 1.954e-04  Data: 0.008 (0.007)
Train: 5 [1150/2502 ( 46%)]  Loss:  7.158401 (6.9476)  Time: 0.367s, 1396.05/s  (0.374s, 1368.85/s)  ETA: 11:34:42  Done: 2026-06-04 20:22:26  LR: 1.954e-04  Data: 0.007 (0.007)
Train: 5 [1200/2502 ( 48%)]  Loss:  7.437564 (6.9672)  Time: 0.369s, 1388.85/s  (0.374s, 1369.05/s)  ETA: 11:34:17  Done: 2026-06-04 20:22:20  LR: 1.954e-04  Data: 0.007 (0.007)
Train: 5 [1250/2502 ( 50%)]  Loss:  7.281815 (6.9793)  Time: 0.368s, 1390.81/s  (0.374s, 1369.08/s)  ETA: 11:33:57  Done: 2026-06-04 20:22:19  LR: 1.954e-04  Data: 0.006 (0.007)
Train: 5 [1300/2502 ( 52%)]  Loss:  7.016763 (6.9807)  Time: 0.370s, 1385.61/s  (0.374s, 1369.34/s)  ETA: 11:33:31  Done: 2026-06-04 20:22:11  LR: 1.954e-04  Data: 0.007 (0.007)
Train: 5 [1350/2502 ( 54%)]  Loss:  6.076231 (6.9484)  Time: 0.370s, 1383.93/s  (0.374s, 1369.82/s)  ETA: 11:32:58  Done: 2026-06-04 20:21:56  LR: 1.954e-04  Data: 0.006 (0.007)
Train: 5 [1400/2502 ( 56%)]  Loss:  6.574571 (6.9355)  Time: 0.368s, 1391.23/s  (0.374s, 1370.18/s)  ETA: 11:32:28  Done: 2026-06-04 20:21:45  LR: 1.954e-04  Data: 0.007 (0.007)
Train: 5 [1450/2502 ( 58%)]  Loss:  7.168243 (6.9433)  Time: 0.370s, 1384.69/s  (0.374s, 1370.55/s)  ETA: 11:31:58  Done: 2026-06-04 20:21:34  LR: 1.954e-04  Data: 0.006 (0.007)
Train: 5 [1500/2502 ( 60%)]  Loss:  6.682912 (6.9349)  Time: 0.369s, 1388.46/s  (0.373s, 1370.86/s)  ETA: 11:31:30  Done: 2026-06-04 20:21:24  LR: 1.954e-04  Data: 0.007 (0.007)
Train: 5 [1550/2502 ( 62%)]  Loss:  7.259015 (6.9450)  Time: 0.368s, 1390.11/s  (0.373s, 1371.30/s)  ETA: 11:30:58  Done: 2026-06-04 20:21:11  LR: 1.954e-04  Data: 0.007 (0.007)
Train: 5 [1600/2502 ( 64%)]  Loss:  6.975635 (6.9459)  Time: 0.369s, 1385.74/s  (0.373s, 1371.67/s)  ETA: 11:30:28  Done: 2026-06-04 20:20:59  LR: 1.954e-04  Data: 0.007 (0.007)
Train: 5 [1650/2502 ( 66%)]  Loss:  6.960122 (6.9464)  Time: 0.370s, 1382.69/s  (0.373s, 1372.10/s)  ETA: 11:29:57  Done: 2026-06-04 20:20:46  LR: 1.954e-04  Data: 0.006 (0.007)
Train: 5 [1700/2502 ( 68%)]  Loss:  6.201163 (6.9251)  Time: 0.370s, 1385.16/s  (0.373s, 1372.22/s)  ETA: 11:29:34  Done: 2026-06-04 20:20:43  LR: 1.954e-04  Data: 0.007 (0.007)
Train: 5 [1750/2502 ( 70%)]  Loss:  7.439345 (6.9394)  Time: 0.367s, 1395.99/s  (0.373s, 1372.49/s)  ETA: 11:29:07  Done: 2026-06-04 20:20:34  LR: 1.954e-04  Data: 0.006 (0.007)
Train: 5 [1800/2502 ( 72%)]  Loss:  7.266698 (6.9482)  Time: 0.368s, 1392.36/s  (0.373s, 1372.75/s)  ETA: 11:28:41  Done: 2026-06-04 20:20:26  LR: 1.954e-04  Data: 0.007 (0.007)
Train: 5 [1850/2502 ( 74%)]  Loss:  6.525723 (6.9371)  Time: 0.369s, 1385.92/s  (0.373s, 1373.02/s)  ETA: 11:28:14  Done: 2026-06-04 20:20:18  LR: 1.954e-04  Data: 0.007 (0.007)
Train: 5 [1900/2502 ( 76%)]  Loss:  7.078491 (6.9407)  Time: 0.369s, 1386.89/s  (0.373s, 1372.25/s)  ETA: 11:28:19  Done: 2026-06-04 20:20:42  LR: 1.954e-04  Data: 0.008 (0.007)
Train: 5 [1950/2502 ( 78%)]  Loss:  7.183380 (6.9468)  Time: 0.368s, 1391.53/s  (0.373s, 1371.60/s)  ETA: 11:28:20  Done: 2026-06-04 20:21:02  LR: 1.954e-04  Data: 0.006 (0.007)
Train: 5 [2000/2502 ( 80%)]  Loss:  7.312056 (6.9557)  Time: 0.370s, 1382.09/s  (0.373s, 1371.47/s)  ETA: 11:28:05  Done: 2026-06-04 20:21:06  LR: 1.954e-04  Data: 0.007 (0.007)
Train: 5 [2050/2502 ( 82%)]  Loss:  6.316737 (6.9405)  Time: 0.379s, 1351.77/s  (0.373s, 1371.67/s)  ETA: 11:27:40  Done: 2026-06-04 20:20:59  LR: 1.954e-04  Data: 0.007 (0.007)
Train: 5 [2100/2502 ( 84%)]  Loss:  6.696710 (6.9348)  Time: 0.367s, 1393.88/s  (0.373s, 1371.84/s)  ETA: 11:27:16  Done: 2026-06-04 20:20:54  LR: 1.954e-04  Data: 0.007 (0.007)
Train: 5 [2150/2502 ( 86%)]  Loss:  6.450587 (6.9238)  Time: 0.368s, 1392.99/s  (0.373s, 1372.16/s)  ETA: 11:26:48  Done: 2026-06-04 20:20:44  LR: 1.954e-04  Data: 0.007 (0.007)
Train: 5 [2200/2502 ( 88%)]  Loss:  6.158147 (6.9068)  Time: 0.367s, 1394.58/s  (0.373s, 1372.45/s)  ETA: 11:26:21  Done: 2026-06-04 20:20:36  LR: 1.954e-04  Data: 0.006 (0.007)
Train: 5 [2250/2502 ( 90%)]  Loss:  6.517943 (6.8983)  Time: 0.368s, 1390.44/s  (0.373s, 1372.86/s)  ETA: 11:25:50  Done: 2026-06-04 20:20:23  LR: 1.954e-04  Data: 0.006 (0.007)
Train: 5 [2300/2502 ( 92%)]  Loss:  7.318730 (6.9073)  Time: 0.368s, 1390.67/s  (0.373s, 1373.07/s)  ETA: 11:25:25  Done: 2026-06-04 20:20:17  LR: 1.954e-04  Data: 0.007 (0.007)
Train: 5 [2350/2502 ( 94%)]  Loss:  6.566493 (6.9002)  Time: 0.369s, 1387.91/s  (0.373s, 1373.03/s)  ETA: 11:25:07  Done: 2026-06-04 20:20:18  LR: 1.954e-04  Data: 0.006 (0.007)
Train: 5 [2400/2502 ( 96%)]  Loss:  7.016366 (6.9025)  Time: 0.371s, 1380.78/s  (0.373s, 1373.13/s)  ETA: 11:24:46  Done: 2026-06-04 20:20:15  LR: 1.954e-04  Data: 0.006 (0.007)
Train: 5 [2450/2502 ( 98%)]  Loss:  7.196963 (6.9084)  Time: 0.371s, 1379.95/s  (0.373s, 1373.24/s)  ETA: 11:24:24  Done: 2026-06-04 20:20:11  LR: 1.954e-04  Data: 0.007 (0.007)
epoch:  5 g['lr']:  0.0001953503690480396
Train: 6 [   0/2502 (  0%)]  Loss:  7.155168 (7.1552)  Time: 1.219s,  420.03/s  (1.219s,  420.03/s)  ETA: 37:16:31  Done: 2026-06-05 22:12:36  LR: 1.933e-04  Data: 0.615 (0.615)
Train: 6 [  50/2502 (  2%)]  Loss:  6.298592 (6.7269)  Time: 0.367s, 1393.21/s  (0.386s, 1327.21/s)  ETA: 11:47:29  Done: 2026-06-04 20:43:53  LR: 1.933e-04  Data: 0.007 (0.019)
Train: 6 [ 100/2502 (  4%)]  Loss:  6.966161 (6.8066)  Time: 0.369s, 1389.28/s  (0.379s, 1350.51/s)  ETA: 11:34:57  Done: 2026-06-04 20:31:40  LR: 1.933e-04  Data: 0.007 (0.013)
Train: 6 [ 150/2502 (  6%)]  Loss:  6.968732 (6.8472)  Time: 0.367s, 1394.38/s  (0.376s, 1361.81/s)  ETA: 11:28:53  Done: 2026-06-04 20:25:54  LR: 1.933e-04  Data: 0.007 (0.011)
Train: 6 [ 200/2502 (  8%)]  Loss:  6.781197 (6.8340)  Time: 0.367s, 1394.24/s  (0.374s, 1368.48/s)  ETA: 11:25:12  Done: 2026-06-04 20:22:32  LR: 1.933e-04  Data: 0.007 (0.010)
Train: 6 [ 250/2502 ( 10%)]  Loss:  6.961115 (6.8552)  Time: 0.367s, 1395.54/s  (0.373s, 1371.92/s)  ETA: 11:23:11  Done: 2026-06-04 20:20:49  LR: 1.933e-04  Data: 0.007 (0.009)
Train: 6 [ 300/2502 ( 12%)]  Loss:  7.397936 (6.9327)  Time: 0.513s,  998.12/s  (0.373s, 1371.94/s)  ETA: 11:22:51  Done: 2026-06-04 20:20:48  LR: 1.933e-04  Data: 0.007 (0.009)
Train: 6 [ 350/2502 ( 14%)]  Loss:  6.675084 (6.9005)  Time: 0.495s, 1033.61/s  (0.374s, 1370.52/s)  ETA: 11:23:15  Done: 2026-06-04 20:21:31  LR: 1.933e-04  Data: 0.006 (0.009)
Train: 6 [ 400/2502 ( 16%)]  Loss:  6.215588 (6.8244)  Time: 0.370s, 1384.74/s  (0.374s, 1369.53/s)  ETA: 11:23:26  Done: 2026-06-04 20:22:00  LR: 1.933e-04  Data: 0.008 (0.009)
Train: 6 [ 450/2502 ( 18%)]  Loss:  6.989162 (6.8409)  Time: 0.367s, 1393.64/s  (0.374s, 1369.19/s)  ETA: 11:23:18  Done: 2026-06-04 20:22:11  LR: 1.933e-04  Data: 0.007 (0.008)
Train: 6 [ 500/2502 ( 20%)]  Loss:  6.839755 (6.8408)  Time: 0.371s, 1381.58/s  (0.373s, 1371.25/s)  ETA: 11:21:57  Done: 2026-06-04 20:21:09  LR: 1.933e-04  Data: 0.007 (0.008)
Train: 6 [ 550/2502 ( 22%)]  Loss:  6.821986 (6.8392)  Time: 0.369s, 1387.42/s  (0.373s, 1372.58/s)  ETA: 11:20:59  Done: 2026-06-04 20:20:29  LR: 1.933e-04  Data: 0.007 (0.008)
Train: 6 [ 600/2502 ( 24%)]  Loss:  7.258562 (6.8715)  Time: 0.368s, 1389.67/s  (0.373s, 1372.94/s)  ETA: 11:20:30  Done: 2026-06-04 20:20:18  LR: 1.933e-04  Data: 0.008 (0.008)
Train: 6 [ 650/2502 ( 26%)]  Loss:  6.631878 (6.8544)  Time: 0.368s, 1390.35/s  (0.373s, 1373.94/s)  ETA: 11:19:41  Done: 2026-06-04 20:19:48  LR: 1.933e-04  Data: 0.008 (0.008)
Train: 6 [ 700/2502 ( 28%)]  Loss:  7.144344 (6.8737)  Time: 0.368s, 1390.14/s  (0.372s, 1374.81/s)  ETA: 11:18:57  Done: 2026-06-04 20:19:22  LR: 1.933e-04  Data: 0.006 (0.008)
Train: 6 [ 750/2502 ( 30%)]  Loss:  6.640576 (6.8591)  Time: 0.368s, 1391.43/s  (0.372s, 1375.26/s)  ETA: 11:18:25  Done: 2026-06-04 20:19:09  LR: 1.933e-04  Data: 0.008 (0.008)
Train: 6 [ 800/2502 ( 32%)]  Loss:  6.545881 (6.8407)  Time: 0.367s, 1393.58/s  (0.372s, 1376.23/s)  ETA: 11:17:38  Done: 2026-06-04 20:18:40  LR: 1.933e-04  Data: 0.008 (0.008)
Train: 6 [ 850/2502 ( 34%)]  Loss:  6.940281 (6.8462)  Time: 0.369s, 1385.92/s  (0.372s, 1376.79/s)  ETA: 11:17:02  Done: 2026-06-04 20:18:23  LR: 1.933e-04  Data: 0.008 (0.008)
Train: 6 [ 900/2502 ( 36%)]  Loss:  6.573210 (6.8319)  Time: 0.371s, 1381.88/s  (0.372s, 1376.86/s)  ETA: 11:16:42  Done: 2026-06-04 20:18:21  LR: 1.933e-04  Data: 0.006 (0.008)
Train: 6 [ 950/2502 ( 38%)]  Loss:  7.306823 (6.8556)  Time: 0.369s, 1387.75/s  (0.372s, 1377.30/s)  ETA: 11:16:10  Done: 2026-06-04 20:18:08  LR: 1.933e-04  Data: 0.007 (0.008)
Train: 6 [1000/2502 ( 40%)]  Loss:  6.821575 (6.8540)  Time: 0.368s, 1392.51/s  (0.372s, 1377.62/s)  ETA: 11:15:42  Done: 2026-06-04 20:17:59  LR: 1.933e-04  Data: 0.008 (0.008)
Train: 6 [1050/2502 ( 42%)]  Loss:  6.824757 (6.8527)  Time: 0.367s, 1394.20/s  (0.372s, 1378.01/s)  ETA: 11:15:12  Done: 2026-06-04 20:17:47  LR: 1.933e-04  Data: 0.007 (0.008)
Train: 6 [1100/2502 ( 44%)]  Loss:  6.764214 (6.8488)  Time: 0.369s, 1386.80/s  (0.371s, 1378.29/s)  ETA: 11:14:45  Done: 2026-06-04 20:17:39  LR: 1.933e-04  Data: 0.006 (0.008)
Train: 6 [1150/2502 ( 46%)]  Loss:  6.996847 (6.8550)  Time: 0.368s, 1392.22/s  (0.372s, 1378.19/s)  ETA: 11:14:30  Done: 2026-06-04 20:17:42  LR: 1.933e-04  Data: 0.008 (0.008)
Train: 6 [1200/2502 ( 48%)]  Loss:  6.737896 (6.8503)  Time: 0.369s, 1386.67/s  (0.371s, 1378.22/s)  ETA: 11:14:10  Done: 2026-06-04 20:17:41  LR: 1.933e-04  Data: 0.008 (0.008)
Train: 6 [1250/2502 ( 50%)]  Loss:  5.590422 (6.8018)  Time: 0.369s, 1386.70/s  (0.372s, 1377.80/s)  ETA: 11:14:04  Done: 2026-06-04 20:17:53  LR: 1.933e-04  Data: 0.008 (0.008)
Train: 6 [1300/2502 ( 52%)]  Loss:  7.256716 (6.8187)  Time: 0.370s, 1385.50/s  (0.372s, 1377.96/s)  ETA: 11:13:41  Done: 2026-06-04 20:17:49  LR: 1.933e-04  Data: 0.006 (0.008)
Train: 6 [1350/2502 ( 54%)]  Loss:  6.567731 (6.8097)  Time: 0.369s, 1387.22/s  (0.372s, 1376.44/s)  ETA: 11:14:07  Done: 2026-06-04 20:18:34  LR: 1.933e-04  Data: 0.008 (0.008)
Train: 6 [1400/2502 ( 56%)]  Loss:  6.663921 (6.8047)  Time: 0.368s, 1392.02/s  (0.372s, 1376.58/s)  ETA: 11:13:44  Done: 2026-06-04 20:18:29  LR: 1.933e-04  Data: 0.007 (0.008)
Train: 6 [1450/2502 ( 58%)]  Loss:  7.049806 (6.8129)  Time: 0.370s, 1382.83/s  (0.372s, 1376.86/s)  ETA: 11:13:17  Done: 2026-06-04 20:18:21  LR: 1.933e-04  Data: 0.007 (0.008)
Train: 6 [1500/2502 ( 60%)]  Loss:  6.555541 (6.8046)  Time: 0.371s, 1379.40/s  (0.372s, 1377.09/s)  ETA: 11:12:52  Done: 2026-06-04 20:18:14  LR: 1.933e-04  Data: 0.006 (0.008)
Train: 6 [1550/2502 ( 62%)]  Loss:  6.698409 (6.8012)  Time: 0.369s, 1388.46/s  (0.372s, 1377.38/s)  ETA: 11:12:25  Done: 2026-06-04 20:18:06  LR: 1.933e-04  Data: 0.008 (0.008)
Train: 6 [1600/2502 ( 64%)]  Loss:  6.894192 (6.8041)  Time: 0.368s, 1392.89/s  (0.372s, 1377.55/s)  ETA: 11:12:01  Done: 2026-06-04 20:18:01  LR: 1.933e-04  Data: 0.008 (0.008)
Train: 6 [1650/2502 ( 66%)]  Loss:  6.323888 (6.7899)  Time: 0.370s, 1385.23/s  (0.372s, 1377.64/s)  ETA: 11:11:40  Done: 2026-06-04 20:17:58  LR: 1.933e-04  Data: 0.008 (0.008)
Train: 6 [1700/2502 ( 68%)]  Loss:  6.939013 (6.7942)  Time: 0.368s, 1392.37/s  (0.372s, 1377.90/s)  ETA: 11:11:14  Done: 2026-06-04 20:17:50  LR: 1.933e-04  Data: 0.006 (0.008)
Train: 6 [1750/2502 ( 70%)]  Loss:  5.823660 (6.7672)  Time: 0.369s, 1387.84/s  (0.372s, 1377.89/s)  ETA: 11:10:56  Done: 2026-06-04 20:17:51  LR: 1.933e-04  Data: 0.007 (0.008)
Train: 6 [1800/2502 ( 72%)]  Loss:  7.089144 (6.7759)  Time: 0.368s, 1392.35/s  (0.371s, 1378.25/s)  ETA: 11:10:27  Done: 2026-06-04 20:17:40  LR: 1.933e-04  Data: 0.008 (0.008)
Train: 6 [1850/2502 ( 74%)]  Loss:  7.419875 (6.7929)  Time: 0.370s, 1384.47/s  (0.371s, 1378.46/s)  ETA: 11:10:02  Done: 2026-06-04 20:17:34  LR: 1.933e-04  Data: 0.007 (0.008)
Train: 6 [1900/2502 ( 76%)]  Loss:  6.956590 (6.7971)  Time: 0.369s, 1388.82/s  (0.371s, 1378.45/s)  ETA: 11:09:43  Done: 2026-06-04 20:17:34  LR: 1.933e-04  Data: 0.006 (0.008)
Train: 6 [1950/2502 ( 78%)]  Loss:  6.855311 (6.7985)  Time: 0.369s, 1388.33/s  (0.371s, 1378.67/s)  ETA: 11:09:18  Done: 2026-06-04 20:17:27  LR: 1.933e-04  Data: 0.008 (0.008)
Train: 6 [2000/2502 ( 80%)]  Loss:  6.895301 (6.8009)  Time: 0.376s, 1361.73/s  (0.371s, 1378.82/s)  ETA: 11:08:56  Done: 2026-06-04 20:17:23  LR: 1.933e-04  Data: 0.008 (0.007)
Train: 6 [2050/2502 ( 82%)]  Loss:  6.503109 (6.7938)  Time: 0.371s, 1380.18/s  (0.371s, 1378.47/s)  ETA: 11:08:47  Done: 2026-06-04 20:17:33  LR: 1.933e-04  Data: 0.008 (0.007)
Train: 6 [2100/2502 ( 84%)]  Loss:  6.484175 (6.7866)  Time: 0.369s, 1388.19/s  (0.371s, 1378.38/s)  ETA: 11:08:31  Done: 2026-06-04 20:17:36  LR: 1.933e-04  Data: 0.006 (0.007)
Train: 6 [2150/2502 ( 86%)]  Loss:  6.647071 (6.7834)  Time: 0.372s, 1376.74/s  (0.371s, 1378.45/s)  ETA: 11:08:11  Done: 2026-06-04 20:17:34  LR: 1.933e-04  Data: 0.008 (0.007)
Train: 6 [2200/2502 ( 88%)]  Loss:  7.227135 (6.7933)  Time: 0.369s, 1388.67/s  (0.371s, 1378.58/s)  ETA: 11:07:48  Done: 2026-06-04 20:17:30  LR: 1.933e-04  Data: 0.008 (0.007)
Train: 6 [2250/2502 ( 90%)]  Loss:  6.037485 (6.7769)  Time: 0.368s, 1391.59/s  (0.371s, 1378.25/s)  ETA: 11:07:39  Done: 2026-06-04 20:17:40  LR: 1.933e-04  Data: 0.008 (0.007)
Train: 6 [2300/2502 ( 92%)]  Loss:  6.934256 (6.7802)  Time: 0.370s, 1383.39/s  (0.372s, 1377.67/s)  ETA: 11:07:38  Done: 2026-06-04 20:17:57  LR: 1.933e-04  Data: 0.007 (0.007)
Train: 6 [2350/2502 ( 94%)]  Loss:  6.690078 (6.7783)  Time: 0.370s, 1383.48/s  (0.372s, 1377.62/s)  ETA: 11:07:21  Done: 2026-06-04 20:17:59  LR: 1.933e-04  Data: 0.007 (0.007)
Train: 6 [2400/2502 ( 96%)]  Loss:  6.983844 (6.7825)  Time: 0.368s, 1391.46/s  (0.372s, 1377.74/s)  ETA: 11:06:59  Done: 2026-06-04 20:17:55  LR: 1.933e-04  Data: 0.008 (0.007)
Train: 6 [2450/2502 ( 98%)]  Loss:  7.442353 (6.7957)  Time: 0.371s, 1380.30/s  (0.372s, 1377.86/s)  ETA: 11:06:36  Done: 2026-06-04 20:17:51  LR: 1.933e-04  Data: 0.007 (0.007)
epoch:  6 g['lr']:  0.0001933287661593839
Train: 7 [   0/2502 (  0%)]  Loss:  6.970649 (6.9706)  Time: 1.263s,  405.30/s  (1.263s,  405.30/s)  ETA: 37:45:08  Done: 2026-06-05 22:56:41  LR: 1.910e-04  Data: 0.670 (0.670)
Train: 7 [  50/2502 (  2%)]  Loss:  7.242721 (7.1067)  Time: 0.370s, 1384.05/s  (0.388s, 1320.70/s)  ETA: 11:34:48  Done: 2026-06-04 20:46:39  LR: 1.910e-04  Data: 0.008 (0.020)
Train: 7 [ 100/2502 (  4%)]  Loss:  6.387069 (6.8668)  Time: 0.369s, 1389.03/s  (0.379s, 1351.21/s)  ETA: 11:18:48  Done: 2026-06-04 20:30:58  LR: 1.910e-04  Data: 0.006 (0.013)
Train: 7 [ 150/2502 (  6%)]  Loss:  7.636088 (7.0591)  Time: 0.388s, 1317.91/s  (0.377s, 1358.80/s)  ETA: 11:14:41  Done: 2026-06-04 20:27:10  LR: 1.910e-04  Data: 0.007 (0.011)
Train: 7 [ 200/2502 (  8%)]  Loss:  7.284412 (7.1042)  Time: 0.392s, 1304.52/s  (0.376s, 1361.53/s)  ETA: 11:13:01  Done: 2026-06-04 20:25:49  LR: 1.910e-04  Data: 0.007 (0.010)
Train: 7 [ 250/2502 ( 10%)]  Loss:  6.915968 (7.0728)  Time: 0.368s, 1389.77/s  (0.375s, 1364.02/s)  ETA: 11:11:29  Done: 2026-06-04 20:24:35  LR: 1.910e-04  Data: 0.008 (0.010)
Train: 7 [ 300/2502 ( 12%)]  Loss:  6.585547 (7.0032)  Time: 0.370s, 1385.50/s  (0.375s, 1367.12/s)  ETA: 11:09:39  Done: 2026-06-04 20:23:03  LR: 1.910e-04  Data: 0.006 (0.009)
Train: 7 [ 350/2502 ( 14%)]  Loss:  6.776045 (6.9748)  Time: 0.381s, 1343.98/s  (0.374s, 1368.14/s)  ETA: 11:08:50  Done: 2026-06-04 20:22:33  LR: 1.910e-04  Data: 0.014 (0.009)
Train: 7 [ 400/2502 ( 16%)]  Loss:  6.463494 (6.9180)  Time: 0.368s, 1391.92/s  (0.374s, 1369.22/s)  ETA: 11:08:00  Done: 2026-06-04 20:22:02  LR: 1.910e-04  Data: 0.007 (0.009)
Train: 7 [ 450/2502 ( 18%)]  Loss:  6.540969 (6.8803)  Time: 0.368s, 1392.54/s  (0.373s, 1371.24/s)  ETA: 11:06:42  Done: 2026-06-04 20:21:02  LR: 1.910e-04  Data: 0.008 (0.009)
Train: 7 [ 500/2502 ( 20%)]  Loss:  7.116963 (6.9018)  Time: 0.370s, 1385.57/s  (0.373s, 1371.76/s)  ETA: 11:06:08  Done: 2026-06-04 20:20:47  LR: 1.910e-04  Data: 0.006 (0.009)
Train: 7 [ 550/2502 ( 22%)]  Loss:  6.645253 (6.8804)  Time: 0.370s, 1385.58/s  (0.373s, 1372.63/s)  ETA: 11:05:24  Done: 2026-06-04 20:20:22  LR: 1.910e-04  Data: 0.007 (0.008)
Train: 7 [ 600/2502 ( 24%)]  Loss:  6.583514 (6.8576)  Time: 0.367s, 1394.87/s  (0.373s, 1374.02/s)  ETA: 11:04:25  Done: 2026-06-04 20:19:41  LR: 1.910e-04  Data: 0.007 (0.008)
Train: 7 [ 650/2502 ( 26%)]  Loss:  6.368624 (6.8227)  Time: 0.369s, 1387.61/s  (0.372s, 1375.11/s)  ETA: 11:03:35  Done: 2026-06-04 20:19:09  LR: 1.910e-04  Data: 0.008 (0.008)
Train: 7 [ 700/2502 ( 28%)]  Loss:  6.875553 (6.8262)  Time: 0.369s, 1389.27/s  (0.373s, 1373.21/s)  ETA: 11:04:11  Done: 2026-06-04 20:20:04  LR: 1.910e-04  Data: 0.006 (0.008)
Train: 7 [ 750/2502 ( 30%)]  Loss:  7.594092 (6.8742)  Time: 0.371s, 1378.50/s  (0.373s, 1371.32/s)  ETA: 11:04:48  Done: 2026-06-04 20:21:00  LR: 1.910e-04  Data: 0.007 (0.008)
Train: 7 [ 800/2502 ( 32%)]  Loss:  6.557250 (6.8555)  Time: 0.368s, 1390.30/s  (0.373s, 1371.57/s)  ETA: 11:04:22  Done: 2026-06-04 20:20:52  LR: 1.910e-04  Data: 0.007 (0.008)
Train: 7 [ 850/2502 ( 34%)]  Loss:  6.434261 (6.8321)  Time: 0.368s, 1389.80/s  (0.373s, 1372.10/s)  ETA: 11:03:48  Done: 2026-06-04 20:20:37  LR: 1.910e-04  Data: 0.008 (0.008)
Train: 7 [ 900/2502 ( 36%)]  Loss:  6.811956 (6.8311)  Time: 0.369s, 1388.58/s  (0.373s, 1372.93/s)  ETA: 11:03:05  Done: 2026-06-04 20:20:13  LR: 1.910e-04  Data: 0.006 (0.008)
Train: 7 [ 950/2502 ( 38%)]  Loss:  6.781546 (6.8286)  Time: 0.370s, 1384.11/s  (0.373s, 1373.58/s)  ETA: 11:02:27  Done: 2026-06-04 20:19:54  LR: 1.910e-04  Data: 0.008 (0.008)
Train: 7 [1000/2502 ( 40%)]  Loss:  6.772639 (6.8259)  Time: 0.368s, 1390.70/s  (0.373s, 1374.19/s)  ETA: 11:01:51  Done: 2026-06-04 20:19:36  LR: 1.910e-04  Data: 0.007 (0.008)
Train: 7 [1050/2502 ( 42%)]  Loss:  6.751596 (6.8226)  Time: 0.369s, 1386.25/s  (0.372s, 1374.71/s)  ETA: 11:01:18  Done: 2026-06-04 20:19:21  LR: 1.910e-04  Data: 0.008 (0.008)
Train: 7 [1100/2502 ( 44%)]  Loss:  7.022002 (6.8312)  Time: 0.370s, 1384.83/s  (0.372s, 1375.23/s)  ETA: 11:00:44  Done: 2026-06-04 20:19:06  LR: 1.910e-04  Data: 0.007 (0.008)
Train: 7 [1150/2502 ( 46%)]  Loss:  6.829371 (6.8311)  Time: 0.369s, 1388.67/s  (0.372s, 1375.63/s)  ETA: 11:00:14  Done: 2026-06-04 20:18:54  LR: 1.910e-04  Data: 0.007 (0.008)
Train: 7 [1200/2502 ( 48%)]  Loss:  6.892148 (6.8336)  Time: 0.370s, 1385.63/s  (0.372s, 1376.05/s)  ETA: 10:59:43  Done: 2026-06-04 20:18:42  LR: 1.910e-04  Data: 0.006 (0.008)
Train: 7 [1250/2502 ( 50%)]  Loss:  6.355323 (6.8152)  Time: 0.371s, 1381.53/s  (0.372s, 1376.41/s)  ETA: 10:59:14  Done: 2026-06-04 20:18:31  LR: 1.910e-04  Data: 0.008 (0.008)
Train: 7 [1300/2502 ( 52%)]  Loss:  6.625769 (6.8082)  Time: 0.369s, 1389.40/s  (0.372s, 1376.44/s)  ETA: 10:58:55  Done: 2026-06-04 20:18:31  LR: 1.910e-04  Data: 0.006 (0.008)
Train: 7 [1350/2502 ( 54%)]  Loss:  6.549863 (6.7990)  Time: 0.367s, 1393.40/s  (0.372s, 1376.67/s)  ETA: 10:58:30  Done: 2026-06-04 20:18:24  LR: 1.910e-04  Data: 0.007 (0.008)
Train: 7 [1400/2502 ( 56%)]  Loss:  6.937425 (6.8037)  Time: 0.368s, 1390.10/s  (0.372s, 1376.64/s)  ETA: 10:58:12  Done: 2026-06-04 20:18:25  LR: 1.910e-04  Data: 0.007 (0.008)
Train: 7 [1450/2502 ( 58%)]  Loss:  6.513072 (6.7940)  Time: 0.376s, 1360.51/s  (0.372s, 1376.50/s)  ETA: 10:57:57  Done: 2026-06-04 20:18:29  LR: 1.910e-04  Data: 0.007 (0.008)
Train: 7 [1500/2502 ( 60%)]  Loss:  6.917394 (6.7980)  Time: 0.377s, 1358.40/s  (0.372s, 1375.83/s)  ETA: 10:57:58  Done: 2026-06-04 20:18:48  LR: 1.910e-04  Data: 0.006 (0.008)
Train: 7 [1550/2502 ( 62%)]  Loss:  6.270819 (6.7815)  Time: 0.369s, 1388.06/s  (0.372s, 1375.30/s)  ETA: 10:57:54  Done: 2026-06-04 20:19:04  LR: 1.910e-04  Data: 0.007 (0.008)
Train: 7 [1600/2502 ( 64%)]  Loss:  6.677563 (6.7784)  Time: 0.396s, 1293.53/s  (0.372s, 1374.85/s)  ETA: 10:57:49  Done: 2026-06-04 20:19:17  LR: 1.910e-04  Data: 0.007 (0.008)
Train: 7 [1650/2502 ( 66%)]  Loss:  6.980789 (6.7843)  Time: 0.378s, 1352.86/s  (0.373s, 1373.44/s)  ETA: 10:58:11  Done: 2026-06-04 20:19:58  LR: 1.910e-04  Data: 0.007 (0.008)
Train: 7 [1700/2502 ( 68%)]  Loss:  7.160707 (6.7951)  Time: 0.388s, 1318.76/s  (0.373s, 1371.95/s)  ETA: 10:58:35  Done: 2026-06-04 20:20:41  LR: 1.910e-04  Data: 0.006 (0.008)
Train: 7 [1750/2502 ( 70%)]  Loss:  6.821597 (6.7958)  Time: 0.376s, 1360.02/s  (0.373s, 1371.31/s)  ETA: 10:58:35  Done: 2026-06-04 20:21:00  LR: 1.910e-04  Data: 0.007 (0.008)
Train: 7 [1800/2502 ( 72%)]  Loss:  6.713445 (6.7936)  Time: 0.370s, 1383.43/s  (0.373s, 1370.94/s)  ETA: 10:58:27  Done: 2026-06-04 20:21:11  LR: 1.910e-04  Data: 0.006 (0.008)
Train: 7 [1850/2502 ( 74%)]  Loss:  6.789826 (6.7935)  Time: 0.368s, 1390.47/s  (0.373s, 1371.27/s)  ETA: 10:57:58  Done: 2026-06-04 20:21:01  LR: 1.910e-04  Data: 0.007 (0.008)
Train: 7 [1900/2502 ( 76%)]  Loss:  7.038913 (6.7998)  Time: 0.388s, 1320.44/s  (0.373s, 1371.70/s)  ETA: 10:57:28  Done: 2026-06-04 20:20:49  LR: 1.910e-04  Data: 0.006 (0.008)
Train: 7 [1950/2502 ( 78%)]  Loss:  7.353122 (6.8136)  Time: 0.369s, 1387.90/s  (0.373s, 1371.73/s)  ETA: 10:57:08  Done: 2026-06-04 20:20:48  LR: 1.910e-04  Data: 0.006 (0.008)
Train: 7 [2000/2502 ( 80%)]  Loss:  6.823825 (6.8139)  Time: 0.367s, 1395.23/s  (0.373s, 1372.14/s)  ETA: 10:56:37  Done: 2026-06-04 20:20:36  LR: 1.910e-04  Data: 0.006 (0.008)
Train: 7 [2050/2502 ( 82%)]  Loss:  6.419277 (6.8045)  Time: 0.369s, 1386.61/s  (0.373s, 1372.40/s)  ETA: 10:56:11  Done: 2026-06-04 20:20:28  LR: 1.910e-04  Data: 0.008 (0.008)
Train: 7 [2100/2502 ( 84%)]  Loss:  6.484014 (6.7970)  Time: 0.367s, 1393.47/s  (0.373s, 1372.66/s)  ETA: 10:55:45  Done: 2026-06-04 20:20:21  LR: 1.910e-04  Data: 0.006 (0.008)
Train: 7 [2150/2502 ( 86%)]  Loss:  6.554458 (6.7915)  Time: 0.369s, 1388.92/s  (0.373s, 1373.01/s)  ETA: 10:55:16  Done: 2026-06-04 20:20:10  LR: 1.910e-04  Data: 0.008 (0.008)
Train: 7 [2200/2502 ( 88%)]  Loss:  6.760479 (6.7908)  Time: 0.368s, 1390.81/s  (0.373s, 1373.16/s)  ETA: 10:54:54  Done: 2026-06-04 20:20:06  LR: 1.910e-04  Data: 0.007 (0.008)
Train: 7 [2250/2502 ( 90%)]  Loss:  6.804165 (6.7911)  Time: 0.368s, 1391.93/s  (0.373s, 1373.38/s)  ETA: 10:54:29  Done: 2026-06-04 20:20:00  LR: 1.910e-04  Data: 0.008 (0.008)
Train: 7 [2300/2502 ( 92%)]  Loss:  6.917285 (6.7938)  Time: 0.368s, 1390.40/s  (0.373s, 1373.53/s)  ETA: 10:54:06  Done: 2026-06-04 20:19:55  LR: 1.910e-04  Data: 0.007 (0.008)
Train: 7 [2350/2502 ( 94%)]  Loss:  7.014811 (6.7984)  Time: 0.369s, 1387.92/s  (0.373s, 1373.78/s)  ETA: 10:53:40  Done: 2026-06-04 20:19:48  LR: 1.910e-04  Data: 0.007 (0.008)
Train: 7 [2400/2502 ( 96%)]  Loss:  6.685918 (6.7961)  Time: 0.370s, 1384.79/s  (0.373s, 1373.87/s)  ETA: 10:53:19  Done: 2026-06-04 20:19:45  LR: 1.910e-04  Data: 0.007 (0.008)
Train: 7 [2450/2502 ( 98%)]  Loss:  6.771395 (6.7956)  Time: 0.370s, 1385.23/s  (0.373s, 1374.10/s)  ETA: 10:52:54  Done: 2026-06-04 20:19:39  LR: 1.910e-04  Data: 0.008 (0.008)
epoch:  7 g['lr']:  0.00019095856998427188
Train: 8 [   0/2502 (  0%)]  Loss:  5.949527 (5.9495)  Time: 1.319s,  388.27/s  (1.319s,  388.27/s)  ETA: 38:29:31  Done: 2026-06-05 23:56:34  LR: 1.882e-04  Data: 0.672 (0.672)
Train: 8 [  50/2502 (  2%)]  Loss:  6.524846 (6.2372)  Time: 0.505s, 1013.08/s  (0.392s, 1305.90/s)  ETA: 11:26:19  Done: 2026-06-04 20:53:41  LR: 1.882e-04  Data: 0.007 (0.020)
Train: 8 [ 100/2502 (  4%)]  Loss:  6.590881 (6.3551)  Time: 0.369s, 1386.34/s  (0.382s, 1341.11/s)  ETA: 11:07:59  Done: 2026-06-04 20:35:39  LR: 1.882e-04  Data: 0.007 (0.013)
Train: 8 [ 150/2502 (  6%)]  Loss:  6.023375 (6.2722)  Time: 0.517s,  989.53/s  (0.380s, 1346.62/s)  ETA: 11:04:56  Done: 2026-06-04 20:32:55  LR: 1.882e-04  Data: 0.007 (0.011)
Train: 8 [ 200/2502 (  8%)]  Loss:  7.087725 (6.4353)  Time: 0.388s, 1318.36/s  (0.379s, 1351.30/s)  ETA: 11:02:19  Done: 2026-06-04 20:30:37  LR: 1.882e-04  Data: 0.007 (0.010)
Train: 8 [ 250/2502 ( 10%)]  Loss:  6.297515 (6.4123)  Time: 0.368s, 1389.81/s  (0.377s, 1357.06/s)  ETA: 10:59:12  Done: 2026-06-04 20:27:48  LR: 1.882e-04  Data: 0.008 (0.010)
Train: 8 [ 300/2502 ( 12%)]  Loss:  6.623481 (6.4425)  Time: 0.388s, 1321.04/s  (0.376s, 1360.59/s)  ETA: 10:57:10  Done: 2026-06-04 20:26:05  LR: 1.882e-04  Data: 0.008 (0.009)
Train: 8 [ 350/2502 ( 14%)]  Loss:  6.880077 (6.4972)  Time: 0.375s, 1365.44/s  (0.376s, 1362.29/s)  ETA: 10:56:02  Done: 2026-06-04 20:25:16  LR: 1.882e-04  Data: 0.007 (0.009)
Train: 8 [ 400/2502 ( 16%)]  Loss:  6.944342 (6.5469)  Time: 0.374s, 1369.11/s  (0.376s, 1362.84/s)  ETA: 10:55:27  Done: 2026-06-04 20:25:00  LR: 1.882e-04  Data: 0.008 (0.009)
Train: 8 [ 450/2502 ( 18%)]  Loss:  7.418072 (6.6340)  Time: 0.382s, 1339.10/s  (0.375s, 1363.55/s)  ETA: 10:54:48  Done: 2026-06-04 20:24:39  LR: 1.882e-04  Data: 0.007 (0.009)
Train: 8 [ 500/2502 ( 20%)]  Loss:  6.442528 (6.6166)  Time: 0.373s, 1372.62/s  (0.376s, 1362.98/s)  ETA: 10:54:46  Done: 2026-06-04 20:24:56  LR: 1.882e-04  Data: 0.007 (0.008)
Train: 8 [ 550/2502 ( 22%)]  Loss:  6.736640 (6.6266)  Time: 0.375s, 1365.17/s  (0.376s, 1362.87/s)  ETA: 10:54:30  Done: 2026-06-04 20:24:59  LR: 1.882e-04  Data: 0.007 (0.008)
Train: 8 [ 600/2502 ( 24%)]  Loss:  6.398843 (6.6091)  Time: 0.368s, 1390.72/s  (0.376s, 1363.47/s)  ETA: 10:53:54  Done: 2026-06-04 20:24:42  LR: 1.882e-04  Data: 0.008 (0.008)
Train: 8 [ 650/2502 ( 26%)]  Loss:  6.398362 (6.5940)  Time: 0.367s, 1393.91/s  (0.375s, 1365.28/s)  ETA: 10:52:43  Done: 2026-06-04 20:23:49  LR: 1.882e-04  Data: 0.007 (0.008)
Train: 8 [ 700/2502 ( 28%)]  Loss:  7.041875 (6.6239)  Time: 0.375s, 1364.40/s  (0.375s, 1365.31/s)  ETA: 10:52:24  Done: 2026-06-04 20:23:48  LR: 1.882e-04  Data: 0.007 (0.008)
Train: 8 [ 750/2502 ( 30%)]  Loss:  5.894094 (6.5783)  Time: 0.369s, 1388.36/s  (0.375s, 1365.27/s)  ETA: 10:52:06  Done: 2026-06-04 20:23:50  LR: 1.882e-04  Data: 0.007 (0.008)
Train: 8 [ 800/2502 ( 32%)]  Loss:  6.642689 (6.5821)  Time: 0.368s, 1390.58/s  (0.375s, 1366.43/s)  ETA: 10:51:14  Done: 2026-06-04 20:23:16  LR: 1.882e-04  Data: 0.008 (0.008)
Train: 8 [ 850/2502 ( 34%)]  Loss:  5.809406 (6.5391)  Time: 0.368s, 1392.10/s  (0.374s, 1367.47/s)  ETA: 10:50:26  Done: 2026-06-04 20:22:46  LR: 1.882e-04  Data: 0.007 (0.008)
Train: 8 [ 900/2502 ( 36%)]  Loss:  7.188361 (6.5733)  Time: 0.369s, 1388.52/s  (0.374s, 1368.08/s)  ETA: 10:49:50  Done: 2026-06-04 20:22:29  LR: 1.882e-04  Data: 0.007 (0.008)
Train: 8 [ 950/2502 ( 38%)]  Loss:  7.085754 (6.5989)  Time: 0.368s, 1391.80/s  (0.374s, 1368.86/s)  ETA: 10:49:09  Done: 2026-06-04 20:22:06  LR: 1.882e-04  Data: 0.006 (0.008)
Train: 8 [1000/2502 ( 40%)]  Loss:  6.754138 (6.6063)  Time: 0.369s, 1385.97/s  (0.374s, 1368.86/s)  ETA: 10:48:50  Done: 2026-06-04 20:22:06  LR: 1.882e-04  Data: 0.008 (0.008)
Train: 8 [1050/2502 ( 42%)]  Loss:  6.720147 (6.6115)  Time: 0.368s, 1391.36/s  (0.374s, 1368.42/s)  ETA: 10:48:44  Done: 2026-06-04 20:22:19  LR: 1.882e-04  Data: 0.007 (0.008)
Train: 8 [1100/2502 ( 44%)]  Loss:  6.618617 (6.6118)  Time: 0.369s, 1385.88/s  (0.374s, 1368.30/s)  ETA: 10:48:29  Done: 2026-06-04 20:22:22  LR: 1.882e-04  Data: 0.008 (0.008)
Train: 8 [1150/2502 ( 46%)]  Loss:  6.457353 (6.6054)  Time: 0.370s, 1384.21/s  (0.374s, 1368.31/s)  ETA: 10:48:10  Done: 2026-06-04 20:22:22  LR: 1.882e-04  Data: 0.006 (0.008)
Train: 8 [1200/2502 ( 48%)]  Loss:  7.210642 (6.6296)  Time: 0.370s, 1384.70/s  (0.374s, 1368.61/s)  ETA: 10:47:42  Done: 2026-06-04 20:22:14  LR: 1.882e-04  Data: 0.008 (0.008)
Train: 8 [1250/2502 ( 50%)]  Loss:  6.505333 (6.6248)  Time: 0.368s, 1393.18/s  (0.374s, 1369.15/s)  ETA: 10:47:08  Done: 2026-06-04 20:21:58  LR: 1.882e-04  Data: 0.007 (0.008)
Train: 8 [1300/2502 ( 52%)]  Loss:  6.894712 (6.6348)  Time: 0.367s, 1394.00/s  (0.374s, 1369.96/s)  ETA: 10:46:27  Done: 2026-06-04 20:21:35  LR: 1.882e-04  Data: 0.007 (0.008)
Train: 8 [1350/2502 ( 54%)]  Loss:  6.764585 (6.6394)  Time: 0.370s, 1382.62/s  (0.374s, 1370.54/s)  ETA: 10:45:52  Done: 2026-06-04 20:21:18  LR: 1.882e-04  Data: 0.006 (0.008)
Train: 8 [1400/2502 ( 56%)]  Loss:  6.357100 (6.6297)  Time: 0.371s, 1380.98/s  (0.373s, 1371.14/s)  ETA: 10:45:16  Done: 2026-06-04 20:21:01  LR: 1.882e-04  Data: 0.008 (0.008)
Train: 8 [1450/2502 ( 58%)]  Loss:  6.344263 (6.6202)  Time: 0.368s, 1390.32/s  (0.373s, 1371.64/s)  ETA: 10:44:43  Done: 2026-06-04 20:20:47  LR: 1.882e-04  Data: 0.007 (0.008)
Train: 8 [1500/2502 ( 60%)]  Loss:  6.111893 (6.6038)  Time: 0.369s, 1389.32/s  (0.373s, 1372.16/s)  ETA: 10:44:10  Done: 2026-06-04 20:20:32  LR: 1.882e-04  Data: 0.007 (0.008)
Train: 8 [1550/2502 ( 62%)]  Loss:  6.853644 (6.6116)  Time: 0.367s, 1394.87/s  (0.373s, 1372.53/s)  ETA: 10:43:41  Done: 2026-06-04 20:20:21  LR: 1.882e-04  Data: 0.007 (0.008)
Train: 8 [1600/2502 ( 64%)]  Loss:  6.716514 (6.6148)  Time: 0.371s, 1380.57/s  (0.373s, 1372.90/s)  ETA: 10:43:12  Done: 2026-06-04 20:20:11  LR: 1.882e-04  Data: 0.009 (0.008)
Train: 8 [1650/2502 ( 66%)]  Loss:  7.033538 (6.6271)  Time: 0.370s, 1385.34/s  (0.373s, 1373.33/s)  ETA: 10:42:41  Done: 2026-06-04 20:19:59  LR: 1.882e-04  Data: 0.006 (0.008)
Train: 8 [1700/2502 ( 68%)]  Loss:  6.369019 (6.6197)  Time: 0.368s, 1392.75/s  (0.373s, 1373.72/s)  ETA: 10:42:11  Done: 2026-06-04 20:19:47  LR: 1.882e-04  Data: 0.007 (0.008)
Train: 8 [1750/2502 ( 70%)]  Loss:  7.044072 (6.6315)  Time: 0.367s, 1393.52/s  (0.373s, 1374.00/s)  ETA: 10:41:45  Done: 2026-06-04 20:19:39  LR: 1.882e-04  Data: 0.006 (0.008)
Train: 8 [1800/2502 ( 72%)]  Loss:  6.961615 (6.6404)  Time: 0.369s, 1388.87/s  (0.373s, 1374.41/s)  ETA: 10:41:15  Done: 2026-06-04 20:19:28  LR: 1.882e-04  Data: 0.008 (0.008)
Train: 8 [1850/2502 ( 74%)]  Loss:  6.119931 (6.6267)  Time: 0.367s, 1393.36/s  (0.372s, 1374.81/s)  ETA: 10:40:45  Done: 2026-06-04 20:19:16  LR: 1.882e-04  Data: 0.007 (0.008)
Train: 8 [1900/2502 ( 76%)]  Loss:  7.134306 (6.6397)  Time: 0.367s, 1394.10/s  (0.372s, 1375.15/s)  ETA: 10:40:17  Done: 2026-06-04 20:19:07  LR: 1.882e-04  Data: 0.007 (0.008)
Train: 8 [1950/2502 ( 78%)]  Loss:  6.307271 (6.6314)  Time: 0.367s, 1393.87/s  (0.372s, 1375.27/s)  ETA: 10:39:55  Done: 2026-06-04 20:19:03  LR: 1.882e-04  Data: 0.007 (0.008)
Train: 8 [2000/2502 ( 80%)]  Loss:  6.740298 (6.6341)  Time: 0.369s, 1386.89/s  (0.373s, 1374.41/s)  ETA: 10:40:00  Done: 2026-06-04 20:19:28  LR: 1.882e-04  Data: 0.008 (0.008)
Train: 8 [2050/2502 ( 82%)]  Loss:  6.556067 (6.6322)  Time: 0.368s, 1392.65/s  (0.373s, 1374.32/s)  ETA: 10:39:44  Done: 2026-06-04 20:19:30  LR: 1.882e-04  Data: 0.007 (0.008)
Train: 8 [2100/2502 ( 84%)]  Loss:  7.202868 (6.6455)  Time: 0.368s, 1391.60/s  (0.373s, 1374.34/s)  ETA: 10:39:25  Done: 2026-06-04 20:19:30  LR: 1.882e-04  Data: 0.007 (0.008)
Train: 8 [2150/2502 ( 86%)]  Loss:  7.399711 (6.6626)  Time: 0.369s, 1385.86/s  (0.372s, 1374.53/s)  ETA: 10:39:01  Done: 2026-06-04 20:19:24  LR: 1.882e-04  Data: 0.005 (0.008)
Train: 8 [2200/2502 ( 88%)]  Loss:  5.872327 (6.6451)  Time: 0.377s, 1359.53/s  (0.373s, 1374.37/s)  ETA: 10:38:47  Done: 2026-06-04 20:19:29  LR: 1.882e-04  Data: 0.008 (0.008)
Train: 8 [2250/2502 ( 90%)]  Loss:  6.548035 (6.6430)  Time: 0.379s, 1351.57/s  (0.373s, 1374.06/s)  ETA: 10:38:37  Done: 2026-06-04 20:19:38  LR: 1.882e-04  Data: 0.007 (0.008)
Train: 8 [2300/2502 ( 92%)]  Loss:  6.656031 (6.6432)  Time: 0.377s, 1358.11/s  (0.373s, 1373.77/s)  ETA: 10:38:26  Done: 2026-06-04 20:19:46  LR: 1.882e-04  Data: 0.008 (0.008)
Train: 8 [2350/2502 ( 94%)]  Loss:  6.387773 (6.6379)  Time: 0.377s, 1359.53/s  (0.373s, 1373.30/s)  ETA: 10:38:21  Done: 2026-06-04 20:19:59  LR: 1.882e-04  Data: 0.007 (0.008)
Train: 8 [2400/2502 ( 96%)]  Loss:  6.724258 (6.6397)  Time: 0.375s, 1367.10/s  (0.373s, 1373.09/s)  ETA: 10:38:08  Done: 2026-06-04 20:20:05  LR: 1.882e-04  Data: 0.008 (0.008)
Train: 8 [2450/2502 ( 98%)]  Loss:  7.043234 (6.6478)  Time: 0.374s, 1368.15/s  (0.373s, 1372.95/s)  ETA: 10:37:53  Done: 2026-06-04 20:20:09  LR: 1.882e-04  Data: 0.007 (0.008)
epoch:  8 g['lr']:  0.00018824913460416704
Train: 9 [   0/2502 (  0%)]  Loss:  6.700820 (6.7008)  Time: 1.280s,  399.98/s  (1.280s,  399.98/s)  ETA: 36:28:28  Done: 2026-06-05 22:11:03  LR: 1.852e-04  Data: 0.639 (0.639)
Train: 9 [  50/2502 (  2%)]  Loss:  6.634449 (6.6676)  Time: 0.376s, 1361.70/s  (0.394s, 1300.79/s)  ETA: 11:12:36  Done: 2026-06-04 20:55:29  LR: 1.852e-04  Data: 0.008 (0.019)
Train: 9 [ 100/2502 (  4%)]  Loss:  6.758892 (6.6981)  Time: 0.386s, 1326.73/s  (0.385s, 1328.85/s)  ETA: 10:58:05  Done: 2026-06-04 20:41:17  LR: 1.852e-04  Data: 0.007 (0.013)
Train: 9 [ 150/2502 (  6%)]  Loss:  6.609398 (6.6759)  Time: 0.369s, 1386.40/s  (0.382s, 1340.02/s)  ETA: 10:52:17  Done: 2026-06-04 20:35:47  LR: 1.852e-04  Data: 0.007 (0.011)
Train: 9 [ 200/2502 (  8%)]  Loss:  6.726058 (6.6859)  Time: 0.389s, 1316.58/s  (0.381s, 1344.08/s)  ETA: 10:49:59  Done: 2026-06-04 20:33:49  LR: 1.852e-04  Data: 0.009 (0.010)
Train: 9 [ 250/2502 ( 10%)]  Loss:  6.289564 (6.6199)  Time: 0.370s, 1385.54/s  (0.380s, 1347.63/s)  ETA: 10:47:58  Done: 2026-06-04 20:32:06  LR: 1.852e-04  Data: 0.008 (0.010)
Train: 9 [ 300/2502 ( 12%)]  Loss:  6.420739 (6.5914)  Time: 0.388s, 1320.52/s  (0.380s, 1348.71/s)  ETA: 10:47:08  Done: 2026-06-04 20:31:35  LR: 1.852e-04  Data: 0.008 (0.009)
Train: 9 [ 350/2502 ( 14%)]  Loss:  6.515413 (6.5819)  Time: 0.376s, 1362.23/s  (0.379s, 1349.31/s)  ETA: 10:46:31  Done: 2026-06-04 20:31:17  LR: 1.852e-04  Data: 0.007 (0.009)
Train: 9 [ 400/2502 ( 16%)]  Loss:  7.037422 (6.6325)  Time: 0.369s, 1388.92/s  (0.379s, 1351.46/s)  ETA: 10:45:11  Done: 2026-06-04 20:30:16  LR: 1.852e-04  Data: 0.007 (0.009)
Train: 9 [ 450/2502 ( 18%)]  Loss:  6.628816 (6.6322)  Time: 0.369s, 1387.98/s  (0.379s, 1350.59/s)  ETA: 10:45:17  Done: 2026-06-04 20:30:41  LR: 1.852e-04  Data: 0.007 (0.009)
Train: 9 [ 500/2502 ( 20%)]  Loss:  6.542297 (6.6240)  Time: 0.373s, 1374.25/s  (0.379s, 1352.02/s)  ETA: 10:44:17  Done: 2026-06-04 20:29:59  LR: 1.852e-04  Data: 0.008 (0.008)
Train: 9 [ 550/2502 ( 22%)]  Loss:  7.234580 (6.6749)  Time: 0.370s, 1383.80/s  (0.378s, 1353.24/s)  ETA: 10:43:23  Done: 2026-06-04 20:29:24  LR: 1.852e-04  Data: 0.007 (0.008)
Train: 9 [ 600/2502 ( 24%)]  Loss:  6.600656 (6.6692)  Time: 0.367s, 1393.74/s  (0.378s, 1355.45/s)  ETA: 10:42:01  Done: 2026-06-04 20:28:21  LR: 1.852e-04  Data: 0.007 (0.008)
Train: 9 [ 650/2502 ( 26%)]  Loss:  6.911841 (6.6865)  Time: 0.369s, 1386.62/s  (0.377s, 1357.17/s)  ETA: 10:40:54  Done: 2026-06-04 20:27:32  LR: 1.852e-04  Data: 0.007 (0.008)
Train: 9 [ 700/2502 ( 28%)]  Loss:  6.424967 (6.6691)  Time: 0.384s, 1334.08/s  (0.377s, 1357.84/s)  ETA: 10:40:16  Done: 2026-06-04 20:27:13  LR: 1.852e-04  Data: 0.008 (0.008)
Train: 9 [ 750/2502 ( 30%)]  Loss:  5.441197 (6.5923)  Time: 0.369s, 1388.52/s  (0.377s, 1359.78/s)  ETA: 10:39:02  Done: 2026-06-04 20:26:18  LR: 1.852e-04  Data: 0.007 (0.008)
Train: 9 [ 800/2502 ( 32%)]  Loss:  5.890882 (6.5511)  Time: 0.366s, 1397.72/s  (0.376s, 1361.22/s)  ETA: 10:38:03  Done: 2026-06-04 20:25:37  LR: 1.852e-04  Data: 0.007 (0.008)
Train: 9 [ 850/2502 ( 34%)]  Loss:  6.192209 (6.5311)  Time: 0.368s, 1391.88/s  (0.376s, 1361.95/s)  ETA: 10:37:23  Done: 2026-06-04 20:25:16  LR: 1.852e-04  Data: 0.007 (0.008)
Train: 9 [ 900/2502 ( 36%)]  Loss:  7.035092 (6.5576)  Time: 0.368s, 1390.54/s  (0.376s, 1363.29/s)  ETA: 10:36:27  Done: 2026-06-04 20:24:38  LR: 1.852e-04  Data: 0.007 (0.008)
Train: 9 [ 950/2502 ( 38%)]  Loss:  6.767490 (6.5681)  Time: 0.372s, 1378.00/s  (0.375s, 1364.54/s)  ETA: 10:35:33  Done: 2026-06-04 20:24:03  LR: 1.852e-04  Data: 0.007 (0.008)
Train: 9 [1000/2502 ( 40%)]  Loss:  5.903419 (6.5365)  Time: 0.367s, 1394.86/s  (0.375s, 1365.77/s)  ETA: 10:34:40  Done: 2026-06-04 20:23:28  LR: 1.852e-04  Data: 0.007 (0.008)
Train: 9 [1050/2502 ( 42%)]  Loss:  6.765453 (6.5469)  Time: 0.388s, 1318.51/s  (0.375s, 1365.79/s)  ETA: 10:34:21  Done: 2026-06-04 20:23:28  LR: 1.852e-04  Data: 0.007 (0.008)
Train: 9 [1100/2502 ( 44%)]  Loss:  6.449769 (6.5427)  Time: 0.369s, 1387.51/s  (0.375s, 1365.92/s)  ETA: 10:33:59  Done: 2026-06-04 20:23:24  LR: 1.852e-04  Data: 0.008 (0.008)
Train: 9 [1150/2502 ( 46%)]  Loss:  6.824008 (6.5544)  Time: 0.369s, 1389.30/s  (0.375s, 1366.63/s)  ETA: 10:33:20  Done: 2026-06-04 20:23:04  LR: 1.852e-04  Data: 0.008 (0.008)
Train: 9 [1200/2502 ( 48%)]  Loss:  6.583342 (6.5556)  Time: 0.368s, 1391.55/s  (0.374s, 1367.31/s)  ETA: 10:32:42  Done: 2026-06-04 20:22:45  LR: 1.852e-04  Data: 0.007 (0.008)
Train: 9 [1250/2502 ( 50%)]  Loss:  6.706682 (6.5614)  Time: 0.369s, 1389.06/s  (0.374s, 1367.97/s)  ETA: 10:32:05  Done: 2026-06-04 20:22:26  LR: 1.852e-04  Data: 0.008 (0.008)
Train: 9 [1300/2502 ( 52%)]  Loss:  6.226921 (6.5490)  Time: 0.371s, 1380.28/s  (0.374s, 1368.30/s)  ETA: 10:31:37  Done: 2026-06-04 20:22:17  LR: 1.852e-04  Data: 0.008 (0.008)
Train: 9 [1350/2502 ( 54%)]  Loss:  6.879051 (6.5608)  Time: 0.368s, 1392.46/s  (0.374s, 1369.05/s)  ETA: 10:30:58  Done: 2026-06-04 20:21:56  LR: 1.852e-04  Data: 0.007 (0.008)
Train: 9 [1400/2502 ( 56%)]  Loss:  6.541748 (6.5601)  Time: 0.368s, 1392.78/s  (0.374s, 1368.02/s)  ETA: 10:31:08  Done: 2026-06-04 20:22:25  LR: 1.852e-04  Data: 0.007 (0.008)
Train: 9 [1450/2502 ( 58%)]  Loss:  6.145516 (6.5463)  Time: 0.368s, 1391.96/s  (0.374s, 1368.10/s)  ETA: 10:30:47  Done: 2026-06-04 20:22:23  LR: 1.852e-04  Data: 0.007 (0.007)
Train: 9 [1500/2502 ( 60%)]  Loss:  6.349582 (6.5399)  Time: 0.368s, 1390.19/s  (0.374s, 1368.49/s)  ETA: 10:30:18  Done: 2026-06-04 20:22:12  LR: 1.852e-04  Data: 0.008 (0.007)
Train: 9 [1550/2502 ( 62%)]  Loss:  6.423689 (6.5363)  Time: 0.368s, 1391.82/s  (0.374s, 1368.82/s)  ETA: 10:29:50  Done: 2026-06-04 20:22:03  LR: 1.852e-04  Data: 0.007 (0.007)
Train: 9 [1600/2502 ( 64%)]  Loss:  6.979413 (6.5497)  Time: 0.369s, 1388.92/s  (0.374s, 1369.28/s)  ETA: 10:29:18  Done: 2026-06-04 20:21:50  LR: 1.852e-04  Data: 0.008 (0.007)
Train: 9 [1650/2502 ( 66%)]  Loss:  6.779253 (6.5565)  Time: 0.368s, 1390.97/s  (0.374s, 1369.68/s)  ETA: 10:28:49  Done: 2026-06-04 20:21:39  LR: 1.852e-04  Data: 0.008 (0.007)
Train: 9 [1700/2502 ( 68%)]  Loss:  6.957402 (6.5679)  Time: 0.368s, 1392.10/s  (0.374s, 1370.19/s)  ETA: 10:28:16  Done: 2026-06-04 20:21:24  LR: 1.852e-04  Data: 0.007 (0.007)
Train: 9 [1750/2502 ( 70%)]  Loss:  6.378609 (6.5627)  Time: 0.369s, 1386.55/s  (0.374s, 1370.67/s)  ETA: 10:27:44  Done: 2026-06-04 20:21:11  LR: 1.852e-04  Data: 0.007 (0.007)
Train: 9 [1800/2502 ( 72%)]  Loss:  6.471626 (6.5602)  Time: 0.366s, 1398.08/s  (0.373s, 1371.09/s)  ETA: 10:27:14  Done: 2026-06-04 20:20:59  LR: 1.852e-04  Data: 0.007 (0.007)
Train: 9 [1850/2502 ( 74%)]  Loss:  7.111612 (6.5747)  Time: 0.368s, 1391.96/s  (0.373s, 1371.52/s)  ETA: 10:26:43  Done: 2026-06-04 20:20:47  LR: 1.852e-04  Data: 0.007 (0.007)
Train: 9 [1900/2502 ( 76%)]  Loss:  6.771107 (6.5798)  Time: 0.368s, 1390.99/s  (0.373s, 1372.03/s)  ETA: 10:26:11  Done: 2026-06-04 20:20:33  LR: 1.852e-04  Data: 0.008 (0.007)
Train: 9 [1950/2502 ( 78%)]  Loss:  6.457487 (6.5767)  Time: 0.368s, 1390.38/s  (0.373s, 1372.31/s)  ETA: 10:25:44  Done: 2026-06-04 20:20:25  LR: 1.852e-04  Data: 0.008 (0.007)
Train: 9 [2000/2502 ( 80%)]  Loss:  6.295000 (6.5698)  Time: 0.369s, 1386.01/s  (0.373s, 1372.36/s)  ETA: 10:25:24  Done: 2026-06-04 20:20:24  LR: 1.852e-04  Data: 0.007 (0.007)
Train: 9 [2050/2502 ( 82%)]  Loss:  6.225276 (6.5616)  Time: 0.370s, 1385.38/s  (0.373s, 1372.61/s)  ETA: 10:24:59  Done: 2026-06-04 20:20:17  LR: 1.852e-04  Data: 0.006 (0.007)
Train: 9 [2100/2502 ( 84%)]  Loss:  7.088724 (6.5739)  Time: 0.370s, 1382.08/s  (0.373s, 1372.76/s)  ETA: 10:24:36  Done: 2026-06-04 20:20:12  LR: 1.852e-04  Data: 0.008 (0.007)
Train: 9 [2150/2502 ( 86%)]  Loss:  6.149748 (6.5643)  Time: 0.369s, 1388.85/s  (0.373s, 1373.03/s)  ETA: 10:24:10  Done: 2026-06-04 20:20:05  LR: 1.852e-04  Data: 0.008 (0.007)
Train: 9 [2200/2502 ( 88%)]  Loss:  6.131242 (6.5546)  Time: 0.369s, 1386.42/s  (0.373s, 1373.09/s)  ETA: 10:23:50  Done: 2026-06-04 20:20:03  LR: 1.852e-04  Data: 0.007 (0.007)
Train: 9 [2250/2502 ( 90%)]  Loss:  6.700364 (6.5578)  Time: 0.368s, 1392.48/s  (0.373s, 1373.06/s)  ETA: 10:23:32  Done: 2026-06-04 20:20:04  LR: 1.852e-04  Data: 0.007 (0.007)
Train: 9 [2300/2502 ( 92%)]  Loss:  6.452097 (6.5556)  Time: 0.370s, 1384.42/s  (0.373s, 1372.90/s)  ETA: 10:23:18  Done: 2026-06-04 20:20:09  LR: 1.852e-04  Data: 0.007 (0.007)
Train: 9 [2350/2502 ( 94%)]  Loss:  6.223840 (6.5486)  Time: 0.369s, 1387.07/s  (0.373s, 1372.48/s)  ETA: 10:23:11  Done: 2026-06-04 20:20:20  LR: 1.852e-04  Data: 0.008 (0.007)
Train: 9 [2400/2502 ( 96%)]  Loss:  6.738855 (6.5525)  Time: 0.369s, 1387.61/s  (0.373s, 1372.21/s)  ETA: 10:22:59  Done: 2026-06-04 20:20:28  LR: 1.852e-04  Data: 0.007 (0.007)
Train: 9 [2450/2502 ( 98%)]  Loss:  6.632193 (6.5541)  Time: 0.372s, 1377.70/s  (0.373s, 1372.22/s)  ETA: 10:22:40  Done: 2026-06-04 20:20:28  LR: 1.852e-04  Data: 0.007 (0.007)
epoch:  9 g['lr']:  0.00018521115292269145
Current checkpoints:
 ('/mlx_devbox/users/quyanyi/playground/QATs/outputs/ofq_unified_50ep_directverify_v2/swin_t_w4a4_imagenet1k_8gpu_50ep_directverify_v2/checkpoint-9.pth.tar', None)

Train: 10 [   0/2502 (  0%)]  Loss:  5.974634 (5.9746)  Time: 0.837s,  611.91/s  (0.837s,  611.91/s)  ETA: 23:15:39  Done: 2026-06-05 09:13:45  LR: 1.819e-04  Data: 0.474 (0.474)
Train: 10 [  50/2502 (  2%)]  Loss:  6.173965 (6.0743)  Time: 0.368s, 1390.69/s  (0.378s, 1353.86/s)  ETA: 10:30:28  Done: 2026-06-04 20:28:53  LR: 1.819e-04  Data: 0.007 (0.016)
Train: 10 [ 100/2502 (  4%)]  Loss:  6.763390 (6.3040)  Time: 0.370s, 1382.77/s  (0.374s, 1368.65/s)  ETA: 10:23:21  Done: 2026-06-04 20:22:04  LR: 1.819e-04  Data: 0.008 (0.012)
Train: 10 [ 150/2502 (  6%)]  Loss:  6.315150 (6.3068)  Time: 0.369s, 1387.93/s  (0.373s, 1372.31/s)  ETA: 10:21:22  Done: 2026-06-04 20:20:24  LR: 1.819e-04  Data: 0.008 (0.010)
Train: 10 [ 200/2502 (  8%)]  Loss:  6.846182 (6.4147)  Time: 0.370s, 1382.45/s  (0.373s, 1374.26/s)  ETA: 10:20:11  Done: 2026-06-04 20:19:31  LR: 1.819e-04  Data: 0.007 (0.009)
Train: 10 [ 250/2502 ( 10%)]  Loss:  5.811726 (6.3142)  Time: 0.368s, 1390.18/s  (0.372s, 1376.09/s)  ETA: 10:19:03  Done: 2026-06-04 20:18:41  LR: 1.819e-04  Data: 0.006 (0.009)
Train: 10 [ 300/2502 ( 12%)]  Loss:  6.510203 (6.3422)  Time: 0.370s, 1385.34/s  (0.372s, 1377.40/s)  ETA: 10:18:09  Done: 2026-06-04 20:18:06  LR: 1.819e-04  Data: 0.009 (0.009)
Train: 10 [ 350/2502 ( 14%)]  Loss:  6.184874 (6.3225)  Time: 0.369s, 1386.12/s  (0.371s, 1378.59/s)  ETA: 10:17:18  Done: 2026-06-04 20:17:34  LR: 1.819e-04  Data: 0.008 (0.008)
Train: 10 [ 400/2502 ( 16%)]  Loss:  6.354863 (6.3261)  Time: 0.367s, 1393.39/s  (0.371s, 1379.21/s)  ETA: 10:16:43  Done: 2026-06-04 20:17:17  LR: 1.819e-04  Data: 0.008 (0.008)
Train: 10 [ 450/2502 ( 18%)]  Loss:  6.903822 (6.3839)  Time: 0.368s, 1390.26/s  (0.371s, 1379.03/s)  ETA: 10:16:29  Done: 2026-06-04 20:17:22  LR: 1.819e-04  Data: 0.007 (0.008)
Train: 10 [ 500/2502 ( 20%)]  Loss:  6.493490 (6.3938)  Time: 0.368s, 1392.41/s  (0.371s, 1378.90/s)  ETA: 10:16:14  Done: 2026-06-04 20:17:25  LR: 1.819e-04  Data: 0.007 (0.008)
Train: 10 [ 550/2502 ( 22%)]  Loss:  6.912355 (6.4371)  Time: 0.369s, 1385.76/s  (0.371s, 1379.52/s)  ETA: 10:15:39  Done: 2026-06-04 20:17:09  LR: 1.819e-04  Data: 0.007 (0.008)
Train: 10 [ 600/2502 ( 24%)]  Loss:  6.719714 (6.4588)  Time: 0.370s, 1385.22/s  (0.371s, 1379.94/s)  ETA: 10:15:09  Done: 2026-06-04 20:16:57  LR: 1.819e-04  Data: 0.007 (0.008)
Train: 10 [ 650/2502 ( 26%)]  Loss:  6.505709 (6.4621)  Time: 0.368s, 1390.98/s  (0.371s, 1380.45/s)  ETA: 10:14:37  Done: 2026-06-04 20:16:44  LR: 1.819e-04  Data: 0.007 (0.008)
Train: 10 [ 700/2502 ( 28%)]  Loss:  6.221328 (6.4461)  Time: 0.388s, 1320.54/s  (0.371s, 1379.56/s)  ETA: 10:14:42  Done: 2026-06-04 20:17:08  LR: 1.819e-04  Data: 0.009 (0.008)
Train: 10 [ 750/2502 ( 30%)]  Loss:  6.512023 (6.4502)  Time: 0.389s, 1317.30/s  (0.371s, 1378.72/s)  ETA: 10:14:46  Done: 2026-06-04 20:17:30  LR: 1.819e-04  Data: 0.009 (0.008)
Train: 10 [ 800/2502 ( 32%)]  Loss:  6.760219 (6.4684)  Time: 0.368s, 1389.73/s  (0.372s, 1377.71/s)  ETA: 10:14:55  Done: 2026-06-04 20:17:58  LR: 1.819e-04  Data: 0.007 (0.008)
Train: 10 [ 850/2502 ( 34%)]  Loss:  6.550223 (6.4730)  Time: 0.367s, 1394.44/s  (0.372s, 1377.29/s)  ETA: 10:14:47  Done: 2026-06-04 20:18:09  LR: 1.819e-04  Data: 0.007 (0.008)
Train: 10 [ 900/2502 ( 36%)]  Loss:  6.534886 (6.4763)  Time: 0.369s, 1387.42/s  (0.372s, 1377.15/s)  ETA: 10:14:33  Done: 2026-06-04 20:18:13  LR: 1.819e-04  Data: 0.008 (0.008)
Train: 10 [ 950/2502 ( 38%)]  Loss:  6.934362 (6.4992)  Time: 0.369s, 1387.23/s  (0.372s, 1377.53/s)  ETA: 10:14:04  Done: 2026-06-04 20:18:02  LR: 1.819e-04  Data: 0.007 (0.008)
Train: 10 [1000/2502 ( 40%)]  Loss:  6.716780 (6.5095)  Time: 0.371s, 1381.03/s  (0.372s, 1377.96/s)  ETA: 10:13:34  Done: 2026-06-04 20:17:51  LR: 1.819e-04  Data: 0.008 (0.008)
Train: 10 [1050/2502 ( 42%)]  Loss:  6.733872 (6.5197)  Time: 0.369s, 1387.27/s  (0.371s, 1378.37/s)  ETA: 10:13:04  Done: 2026-06-04 20:17:40  LR: 1.819e-04  Data: 0.007 (0.008)
Train: 10 [1100/2502 ( 44%)]  Loss:  6.739892 (6.5293)  Time: 0.369s, 1388.21/s  (0.371s, 1378.30/s)  ETA: 10:12:47  Done: 2026-06-04 20:17:42  LR: 1.819e-04  Data: 0.008 (0.008)
Train: 10 [1150/2502 ( 46%)]  Loss:  6.163912 (6.5141)  Time: 0.368s, 1390.59/s  (0.371s, 1378.68/s)  ETA: 10:12:19  Done: 2026-06-04 20:17:31  LR: 1.819e-04  Data: 0.008 (0.008)
Train: 10 [1200/2502 ( 48%)]  Loss:  6.233343 (6.5028)  Time: 0.371s, 1379.33/s  (0.371s, 1379.01/s)  ETA: 10:11:51  Done: 2026-06-04 20:17:22  LR: 1.819e-04  Data: 0.006 (0.008)
Train: 10 [1250/2502 ( 50%)]  Loss:  6.849397 (6.5162)  Time: 0.369s, 1387.78/s  (0.371s, 1379.19/s)  ETA: 10:11:28  Done: 2026-06-04 20:17:18  LR: 1.819e-04  Data: 0.007 (0.008)
Train: 10 [1300/2502 ( 52%)]  Loss:  6.450389 (6.5137)  Time: 0.370s, 1385.50/s  (0.371s, 1379.43/s)  ETA: 10:11:03  Done: 2026-06-04 20:17:11  LR: 1.819e-04  Data: 0.007 (0.008)
Train: 10 [1350/2502 ( 54%)]  Loss:  6.399390 (6.5096)  Time: 0.368s, 1390.95/s  (0.371s, 1379.61/s)  ETA: 10:10:40  Done: 2026-06-04 20:17:06  LR: 1.819e-04  Data: 0.007 (0.008)
Train: 10 [1400/2502 ( 56%)]  Loss:  6.781089 (6.5190)  Time: 0.368s, 1392.85/s  (0.371s, 1379.84/s)  ETA: 10:10:15  Done: 2026-06-04 20:17:00  LR: 1.819e-04  Data: 0.007 (0.007)
Train: 10 [1450/2502 ( 58%)]  Loss:  6.374950 (6.5142)  Time: 0.388s, 1318.99/s  (0.371s, 1379.85/s)  ETA: 10:09:56  Done: 2026-06-04 20:17:00  LR: 1.819e-04  Data: 0.007 (0.007)
Train: 10 [1500/2502 ( 60%)]  Loss:  6.655968 (6.5188)  Time: 0.371s, 1380.05/s  (0.371s, 1379.78/s)  ETA: 10:09:40  Done: 2026-06-04 20:17:02  LR: 1.819e-04  Data: 0.008 (0.007)
Train: 10 [1550/2502 ( 62%)]  Loss:  6.309327 (6.5122)  Time: 0.368s, 1392.97/s  (0.371s, 1379.77/s)  ETA: 10:09:21  Done: 2026-06-04 20:17:02  LR: 1.819e-04  Data: 0.007 (0.007)
Train: 10 [1600/2502 ( 64%)]  Loss:  6.422230 (6.5095)  Time: 0.368s, 1391.00/s  (0.371s, 1379.87/s)  ETA: 10:09:00  Done: 2026-06-04 20:16:59  LR: 1.819e-04  Data: 0.007 (0.007)
Train: 10 [1650/2502 ( 66%)]  Loss:  6.567891 (6.5112)  Time: 0.367s, 1395.63/s  (0.371s, 1379.68/s)  ETA: 10:08:47  Done: 2026-06-04 20:17:04  LR: 1.819e-04  Data: 0.007 (0.007)
Train: 10 [1700/2502 ( 68%)]  Loss:  6.878741 (6.5217)  Time: 0.369s, 1387.78/s  (0.371s, 1379.09/s)  ETA: 10:08:44  Done: 2026-06-04 20:17:20  LR: 1.819e-04  Data: 0.008 (0.007)
Train: 10 [1750/2502 ( 70%)]  Loss:  6.230577 (6.5136)  Time: 0.370s, 1384.23/s  (0.371s, 1378.65/s)  ETA: 10:08:37  Done: 2026-06-04 20:17:32  LR: 1.819e-04  Data: 0.008 (0.007)
Train: 10 [1800/2502 ( 72%)]  Loss:  6.897595 (6.5240)  Time: 0.370s, 1384.04/s  (0.371s, 1378.63/s)  ETA: 10:08:19  Done: 2026-06-04 20:17:33  LR: 1.819e-04  Data: 0.007 (0.007)
Train: 10 [1850/2502 ( 74%)]  Loss:  7.238996 (6.5428)  Time: 0.369s, 1388.32/s  (0.371s, 1378.46/s)  ETA: 10:08:04  Done: 2026-06-04 20:17:37  LR: 1.819e-04  Data: 0.006 (0.007)
Train: 10 [1900/2502 ( 76%)]  Loss:  6.303279 (6.5367)  Time: 0.368s, 1391.95/s  (0.371s, 1378.49/s)  ETA: 10:07:45  Done: 2026-06-04 20:17:36  LR: 1.819e-04  Data: 0.008 (0.007)
Train: 10 [1950/2502 ( 78%)]  Loss:  6.968963 (6.5475)  Time: 0.368s, 1390.53/s  (0.371s, 1378.70/s)  ETA: 10:07:21  Done: 2026-06-04 20:17:31  LR: 1.819e-04  Data: 0.007 (0.007)
Train: 10 [2000/2502 ( 80%)]  Loss:  7.122849 (6.5615)  Time: 0.370s, 1382.21/s  (0.371s, 1378.64/s)  ETA: 10:07:04  Done: 2026-06-04 20:17:32  LR: 1.819e-04  Data: 0.006 (0.007)
Train: 10 [2050/2502 ( 82%)]  Loss:  6.329730 (6.5560)  Time: 0.367s, 1393.34/s  (0.371s, 1378.68/s)  ETA: 10:06:44  Done: 2026-06-04 20:17:31  LR: 1.819e-04  Data: 0.007 (0.007)
Train: 10 [2100/2502 ( 84%)]  Loss:  6.907634 (6.5642)  Time: 0.368s, 1389.53/s  (0.371s, 1378.73/s)  ETA: 10:06:25  Done: 2026-06-04 20:17:30  LR: 1.819e-04  Data: 0.008 (0.007)
Train: 10 [2150/2502 ( 86%)]  Loss:  6.652115 (6.5662)  Time: 0.369s, 1388.45/s  (0.371s, 1378.85/s)  ETA: 10:06:03  Done: 2026-06-04 20:17:27  LR: 1.819e-04  Data: 0.007 (0.007)
Train: 10 [2200/2502 ( 88%)]  Loss:  6.810281 (6.5716)  Time: 0.368s, 1389.67/s  (0.371s, 1379.02/s)  ETA: 10:05:40  Done: 2026-06-04 20:17:22  LR: 1.819e-04  Data: 0.007 (0.007)
Train: 10 [2250/2502 ( 90%)]  Loss:  6.609622 (6.5724)  Time: 0.368s, 1391.94/s  (0.371s, 1379.25/s)  ETA: 10:05:15  Done: 2026-06-04 20:17:16  LR: 1.819e-04  Data: 0.007 (0.007)
Train: 10 [2300/2502 ( 92%)]  Loss:  6.286376 (6.5663)  Time: 0.373s, 1373.31/s  (0.371s, 1379.45/s)  ETA: 10:04:51  Done: 2026-06-04 20:17:11  LR: 1.819e-04  Data: 0.008 (0.007)
Train: 10 [2350/2502 ( 94%)]  Loss:  6.601457 (6.5671)  Time: 0.370s, 1384.78/s  (0.371s, 1379.61/s)  ETA: 10:04:29  Done: 2026-06-04 20:17:06  LR: 1.819e-04  Data: 0.007 (0.007)
Train: 10 [2400/2502 ( 96%)]  Loss:  6.552948 (6.5668)  Time: 0.368s, 1389.56/s  (0.371s, 1379.48/s)  ETA: 10:04:13  Done: 2026-06-04 20:17:10  LR: 1.819e-04  Data: 0.007 (0.007)
Train: 10 [2450/2502 ( 98%)]  Loss:  6.840975 (6.5723)  Time: 0.367s, 1394.64/s  (0.371s, 1379.51/s)  ETA: 10:03:54  Done: 2026-06-04 20:17:09  LR: 1.819e-04  Data: 0.007 (0.007)
epoch:  10 g['lr']:  0.00018185661446562003
Train: 11 [   0/2502 (  0%)]  Loss:  6.782022 (6.7820)  Time: 1.126s,  454.54/s  (1.126s,  454.54/s)  ETA: 30:31:53  Done: 2026-06-05 16:45:25  LR: 1.782e-04  Data: 0.716 (0.716)
Train: 11 [  50/2502 (  2%)]  Loss:  5.961982 (6.3720)  Time: 0.370s, 1384.80/s  (0.387s, 1322.00/s)  ETA: 10:29:31  Done: 2026-06-04 20:43:22  LR: 1.782e-04  Data: 0.007 (0.021)
Train: 11 [ 100/2502 (  4%)]  Loss:  6.280230 (6.3414)  Time: 0.369s, 1386.83/s  (0.381s, 1342.44/s)  ETA: 10:19:37  Done: 2026-06-04 20:33:47  LR: 1.782e-04  Data: 0.008 (0.014)
Train: 11 [ 150/2502 (  6%)]  Loss:  6.045587 (6.2675)  Time: 0.369s, 1385.80/s  (0.378s, 1355.28/s)  ETA: 10:13:26  Done: 2026-06-04 20:27:54  LR: 1.782e-04  Data: 0.008 (0.012)
Train: 11 [ 200/2502 (  8%)]  Loss:  6.020293 (6.2180)  Time: 0.368s, 1389.52/s  (0.377s, 1358.37/s)  ETA: 10:11:43  Done: 2026-06-04 20:26:31  LR: 1.782e-04  Data: 0.006 (0.011)
Train: 11 [ 250/2502 ( 10%)]  Loss:  6.217878 (6.2180)  Time: 0.368s, 1390.92/s  (0.376s, 1362.02/s)  ETA: 10:09:46  Done: 2026-06-04 20:24:52  LR: 1.782e-04  Data: 0.007 (0.010)
Train: 11 [ 300/2502 ( 12%)]  Loss:  6.503276 (6.2588)  Time: 0.368s, 1391.01/s  (0.375s, 1364.30/s)  ETA: 10:08:26  Done: 2026-06-04 20:23:51  LR: 1.782e-04  Data: 0.008 (0.009)
Train: 11 [ 350/2502 ( 14%)]  Loss:  6.419674 (6.2789)  Time: 0.388s, 1320.82/s  (0.375s, 1366.62/s)  ETA: 10:07:05  Done: 2026-06-04 20:22:48  LR: 1.782e-04  Data: 0.009 (0.009)
Train: 11 [ 400/2502 ( 16%)]  Loss:  7.179432 (6.3789)  Time: 0.368s, 1391.39/s  (0.374s, 1368.88/s)  ETA: 10:05:46  Done: 2026-06-04 20:21:48  LR: 1.782e-04  Data: 0.007 (0.009)
Train: 11 [ 450/2502 ( 18%)]  Loss:  6.229914 (6.3640)  Time: 0.369s, 1388.44/s  (0.373s, 1370.88/s)  ETA: 10:04:35  Done: 2026-06-04 20:20:55  LR: 1.782e-04  Data: 0.007 (0.009)
Train: 11 [ 500/2502 ( 20%)]  Loss:  6.356005 (6.3633)  Time: 0.369s, 1389.37/s  (0.373s, 1372.27/s)  ETA: 10:03:39  Done: 2026-06-04 20:20:18  LR: 1.782e-04  Data: 0.008 (0.009)
Train: 11 [ 550/2502 ( 22%)]  Loss:  6.571254 (6.3806)  Time: 0.370s, 1383.77/s  (0.373s, 1373.60/s)  ETA: 10:02:46  Done: 2026-06-04 20:19:43  LR: 1.782e-04  Data: 0.007 (0.008)
Train: 11 [ 600/2502 ( 24%)]  Loss:  5.825452 (6.3379)  Time: 0.367s, 1395.05/s  (0.372s, 1374.72/s)  ETA: 10:01:58  Done: 2026-06-04 20:19:13  LR: 1.782e-04  Data: 0.006 (0.008)
Train: 11 [ 650/2502 ( 26%)]  Loss:  6.245210 (6.3313)  Time: 0.369s, 1388.78/s  (0.372s, 1375.55/s)  ETA: 10:01:17  Done: 2026-06-04 20:18:51  LR: 1.782e-04  Data: 0.007 (0.008)
Train: 11 [ 700/2502 ( 28%)]  Loss:  6.642824 (6.3521)  Time: 0.367s, 1394.36/s  (0.372s, 1375.83/s)  ETA: 10:00:51  Done: 2026-06-04 20:18:44  LR: 1.782e-04  Data: 0.008 (0.008)
Train: 11 [ 750/2502 ( 30%)]  Loss:  5.871953 (6.3221)  Time: 0.370s, 1383.95/s  (0.372s, 1375.34/s)  ETA: 10:00:46  Done: 2026-06-04 20:18:57  LR: 1.782e-04  Data: 0.008 (0.008)
Train: 11 [ 800/2502 ( 32%)]  Loss:  6.863177 (6.3539)  Time: 0.371s, 1379.89/s  (0.372s, 1375.30/s)  ETA: 10:00:28  Done: 2026-06-04 20:18:58  LR: 1.782e-04  Data: 0.007 (0.008)
Train: 11 [ 850/2502 ( 34%)]  Loss:  6.260730 (6.3487)  Time: 0.369s, 1387.53/s  (0.372s, 1375.98/s)  ETA: 09:59:52  Done: 2026-06-04 20:18:40  LR: 1.782e-04  Data: 0.007 (0.008)
Train: 11 [ 900/2502 ( 36%)]  Loss:  6.683438 (6.3663)  Time: 0.370s, 1385.50/s  (0.372s, 1376.75/s)  ETA: 09:59:13  Done: 2026-06-04 20:18:19  LR: 1.782e-04  Data: 0.008 (0.008)
Train: 11 [ 950/2502 ( 38%)]  Loss:  6.580847 (6.3771)  Time: 0.368s, 1392.10/s  (0.372s, 1377.36/s)  ETA: 09:58:38  Done: 2026-06-04 20:18:03  LR: 1.782e-04  Data: 0.007 (0.008)
Train: 11 [1000/2502 ( 40%)]  Loss:  6.206227 (6.3689)  Time: 0.368s, 1389.86/s  (0.372s, 1377.77/s)  ETA: 09:58:09  Done: 2026-06-04 20:17:53  LR: 1.782e-04  Data: 0.006 (0.008)
Train: 11 [1050/2502 ( 42%)]  Loss:  6.069885 (6.3553)  Time: 0.368s, 1392.25/s  (0.372s, 1377.15/s)  ETA: 09:58:06  Done: 2026-06-04 20:18:09  LR: 1.782e-04  Data: 0.007 (0.008)
Train: 11 [1100/2502 ( 44%)]  Loss:  6.911016 (6.3795)  Time: 0.369s, 1389.15/s  (0.372s, 1376.92/s)  ETA: 09:57:54  Done: 2026-06-04 20:18:15  LR: 1.782e-04  Data: 0.008 (0.008)
Train: 11 [1150/2502 ( 46%)]  Loss:  6.432848 (6.3817)  Time: 0.368s, 1389.93/s  (0.372s, 1376.13/s)  ETA: 09:57:56  Done: 2026-06-04 20:18:36  LR: 1.782e-04  Data: 0.007 (0.008)
Train: 11 [1200/2502 ( 48%)]  Loss:  6.895866 (6.4023)  Time: 0.368s, 1391.66/s  (0.372s, 1375.90/s)  ETA: 09:57:43  Done: 2026-06-04 20:18:42  LR: 1.782e-04  Data: 0.007 (0.008)
Train: 11 [1250/2502 ( 50%)]  Loss:  6.526314 (6.4071)  Time: 0.384s, 1334.05/s  (0.372s, 1375.67/s)  ETA: 09:57:31  Done: 2026-06-04 20:18:48  LR: 1.782e-04  Data: 0.006 (0.008)
Train: 11 [1300/2502 ( 52%)]  Loss:  6.110704 (6.3961)  Time: 0.370s, 1384.96/s  (0.372s, 1375.40/s)  ETA: 09:57:19  Done: 2026-06-04 20:18:55  LR: 1.782e-04  Data: 0.008 (0.008)
Train: 11 [1350/2502 ( 54%)]  Loss:  6.339280 (6.3940)  Time: 0.368s, 1390.97/s  (0.372s, 1375.86/s)  ETA: 09:56:49  Done: 2026-06-04 20:18:43  LR: 1.782e-04  Data: 0.007 (0.008)
Train: 11 [1400/2502 ( 56%)]  Loss:  6.204225 (6.3875)  Time: 0.367s, 1394.04/s  (0.372s, 1375.99/s)  ETA: 09:56:26  Done: 2026-06-04 20:18:39  LR: 1.782e-04  Data: 0.008 (0.008)
Train: 11 [1450/2502 ( 58%)]  Loss:  6.349204 (6.3862)  Time: 0.369s, 1386.43/s  (0.372s, 1375.92/s)  ETA: 09:56:10  Done: 2026-06-04 20:18:41  LR: 1.782e-04  Data: 0.008 (0.008)
Train: 11 [1500/2502 ( 60%)]  Loss:  6.591852 (6.3929)  Time: 0.372s, 1377.94/s  (0.372s, 1375.90/s)  ETA: 09:55:52  Done: 2026-06-04 20:18:42  LR: 1.782e-04  Data: 0.008 (0.008)
Train: 11 [1550/2502 ( 62%)]  Loss:  6.343336 (6.3913)  Time: 0.384s, 1333.40/s  (0.372s, 1375.98/s)  ETA: 09:55:31  Done: 2026-06-04 20:18:40  LR: 1.782e-04  Data: 0.007 (0.008)
Train: 11 [1600/2502 ( 64%)]  Loss:  6.133717 (6.3835)  Time: 0.372s, 1377.90/s  (0.372s, 1376.03/s)  ETA: 09:55:11  Done: 2026-06-04 20:18:38  LR: 1.782e-04  Data: 0.008 (0.008)
Train: 11 [1650/2502 ( 66%)]  Loss:  6.250353 (6.3796)  Time: 0.368s, 1391.58/s  (0.372s, 1376.23/s)  ETA: 09:54:47  Done: 2026-06-04 20:18:33  LR: 1.782e-04  Data: 0.007 (0.008)
Train: 11 [1700/2502 ( 68%)]  Loss:  6.143519 (6.3728)  Time: 0.369s, 1389.23/s  (0.372s, 1376.23/s)  ETA: 09:54:29  Done: 2026-06-04 20:18:33  LR: 1.782e-04  Data: 0.008 (0.008)
Train: 11 [1750/2502 ( 70%)]  Loss:  6.153642 (6.3668)  Time: 0.371s, 1381.91/s  (0.372s, 1376.45/s)  ETA: 09:54:04  Done: 2026-06-04 20:18:27  LR: 1.782e-04  Data: 0.008 (0.008)
Train: 11 [1800/2502 ( 72%)]  Loss:  6.818196 (6.3790)  Time: 0.368s, 1391.56/s  (0.372s, 1376.69/s)  ETA: 09:53:40  Done: 2026-06-04 20:18:21  LR: 1.782e-04  Data: 0.007 (0.008)
Train: 11 [1850/2502 ( 74%)]  Loss:  6.742349 (6.3885)  Time: 0.368s, 1390.69/s  (0.372s, 1376.91/s)  ETA: 09:53:15  Done: 2026-06-04 20:18:15  LR: 1.782e-04  Data: 0.008 (0.008)
Train: 11 [1900/2502 ( 76%)]  Loss:  5.967431 (6.3777)  Time: 0.370s, 1385.34/s  (0.372s, 1377.23/s)  ETA: 09:52:49  Done: 2026-06-04 20:18:07  LR: 1.782e-04  Data: 0.008 (0.008)
Train: 11 [1950/2502 ( 78%)]  Loss:  6.483442 (6.3804)  Time: 0.369s, 1388.75/s  (0.372s, 1377.41/s)  ETA: 09:52:25  Done: 2026-06-04 20:18:02  LR: 1.782e-04  Data: 0.006 (0.008)
Train: 11 [2000/2502 ( 80%)]  Loss:  6.231650 (6.3767)  Time: 0.368s, 1391.74/s  (0.372s, 1377.08/s)  ETA: 09:52:15  Done: 2026-06-04 20:18:11  LR: 1.782e-04  Data: 0.007 (0.008)
Train: 11 [2050/2502 ( 82%)]  Loss:  6.780673 (6.3864)  Time: 0.382s, 1339.09/s  (0.372s, 1377.18/s)  ETA: 09:51:54  Done: 2026-06-04 20:18:08  LR: 1.782e-04  Data: 0.008 (0.008)
Train: 11 [2100/2502 ( 84%)]  Loss:  6.159895 (6.3811)  Time: 0.368s, 1391.14/s  (0.372s, 1376.37/s)  ETA: 09:51:56  Done: 2026-06-04 20:18:30  LR: 1.782e-04  Data: 0.008 (0.008)
Train: 11 [2150/2502 ( 86%)]  Loss:  6.959901 (6.3942)  Time: 0.368s, 1389.75/s  (0.372s, 1376.42/s)  ETA: 09:51:36  Done: 2026-06-04 20:18:28  LR: 1.782e-04  Data: 0.007 (0.008)
Train: 11 [2200/2502 ( 88%)]  Loss:  5.985623 (6.3852)  Time: 0.369s, 1389.41/s  (0.372s, 1376.71/s)  ETA: 09:51:10  Done: 2026-06-04 20:18:21  LR: 1.782e-04  Data: 0.007 (0.008)
Train: 11 [2250/2502 ( 90%)]  Loss:  6.008201 (6.3770)  Time: 0.368s, 1390.38/s  (0.372s, 1376.69/s)  ETA: 09:50:52  Done: 2026-06-04 20:18:21  LR: 1.782e-04  Data: 0.008 (0.008)
Train: 11 [2300/2502 ( 92%)]  Loss:  6.578512 (6.3813)  Time: 0.368s, 1392.43/s  (0.372s, 1377.00/s)  ETA: 09:50:26  Done: 2026-06-04 20:18:13  LR: 1.782e-04  Data: 0.007 (0.008)
Train: 11 [2350/2502 ( 94%)]  Loss:  6.464217 (6.3830)  Time: 0.368s, 1392.03/s  (0.372s, 1377.21/s)  ETA: 09:50:02  Done: 2026-06-04 20:18:07  LR: 1.782e-04  Data: 0.007 (0.008)
Train: 11 [2400/2502 ( 96%)]  Loss:  5.953832 (6.3742)  Time: 0.368s, 1390.93/s  (0.372s, 1377.08/s)  ETA: 09:49:46  Done: 2026-06-04 20:18:11  LR: 1.782e-04  Data: 0.007 (0.008)
Train: 11 [2450/2502 ( 98%)]  Loss:  6.662639 (6.3800)  Time: 0.368s, 1390.64/s  (0.372s, 1377.12/s)  ETA: 09:49:27  Done: 2026-06-04 20:18:10  LR: 1.782e-04  Data: 0.007 (0.008)
epoch:  11 g['lr']:  0.0001781987580637
Train: 12 [   0/2502 (  0%)]  Loss:  6.302834 (6.3028)  Time: 1.160s,  441.55/s  (1.160s,  441.55/s)  ETA: 30:37:24  Done: 2026-06-05 17:06:25  LR: 1.743e-04  Data: 0.617 (0.617)
Train: 12 [  50/2502 (  2%)]  Loss:  6.147234 (6.2250)  Time: 0.368s, 1390.33/s  (0.384s, 1334.09/s)  ETA: 10:07:49  Done: 2026-06-04 20:37:08  LR: 1.743e-04  Data: 0.007 (0.019)
Train: 12 [ 100/2502 (  4%)]  Loss:  6.898829 (6.4496)  Time: 0.368s, 1391.28/s  (0.377s, 1356.80/s)  ETA: 09:57:19  Done: 2026-06-04 20:26:57  LR: 1.743e-04  Data: 0.008 (0.013)
Train: 12 [ 150/2502 (  6%)]  Loss:  6.707563 (6.5141)  Time: 0.367s, 1393.75/s  (0.374s, 1367.16/s)  ETA: 09:52:29  Done: 2026-06-04 20:22:25  LR: 1.743e-04  Data: 0.007 (0.011)
Train: 12 [ 200/2502 (  8%)]  Loss:  6.710887 (6.5535)  Time: 0.368s, 1391.71/s  (0.373s, 1372.28/s)  ETA: 09:49:58  Done: 2026-06-04 20:20:12  LR: 1.743e-04  Data: 0.007 (0.010)
Train: 12 [ 250/2502 ( 10%)]  Loss:  6.131593 (6.4832)  Time: 0.369s, 1389.24/s  (0.372s, 1375.57/s)  ETA: 09:48:14  Done: 2026-06-04 20:18:47  LR: 1.743e-04  Data: 0.007 (0.010)
Train: 12 [ 300/2502 ( 12%)]  Loss:  5.817220 (6.3880)  Time: 0.369s, 1389.06/s  (0.372s, 1377.21/s)  ETA: 09:47:14  Done: 2026-06-04 20:18:05  LR: 1.743e-04  Data: 0.008 (0.009)
Train: 12 [ 350/2502 ( 14%)]  Loss:  6.283302 (6.3749)  Time: 0.371s, 1381.84/s  (0.371s, 1379.06/s)  ETA: 09:46:08  Done: 2026-06-04 20:17:18  LR: 1.743e-04  Data: 0.007 (0.009)
Train: 12 [ 400/2502 ( 16%)]  Loss:  6.082491 (6.3424)  Time: 0.380s, 1346.62/s  (0.371s, 1379.19/s)  ETA: 09:45:46  Done: 2026-06-04 20:17:14  LR: 1.743e-04  Data: 0.007 (0.009)
Train: 12 [ 450/2502 ( 18%)]  Loss:  6.355466 (6.3437)  Time: 0.367s, 1393.51/s  (0.372s, 1377.02/s)  ETA: 09:46:23  Done: 2026-06-04 20:18:10  LR: 1.743e-04  Data: 0.008 (0.009)
Train: 12 [ 500/2502 ( 20%)]  Loss:  6.418650 (6.3506)  Time: 0.369s, 1389.36/s  (0.372s, 1375.65/s)  ETA: 09:46:39  Done: 2026-06-04 20:18:45  LR: 1.743e-04  Data: 0.008 (0.009)
Train: 12 [ 550/2502 ( 22%)]  Loss:  6.474420 (6.3609)  Time: 0.371s, 1380.73/s  (0.372s, 1374.74/s)  ETA: 09:46:44  Done: 2026-06-04 20:19:09  LR: 1.743e-04  Data: 0.007 (0.008)
Train: 12 [ 600/2502 ( 24%)]  Loss:  6.621825 (6.3809)  Time: 0.368s, 1390.64/s  (0.372s, 1374.78/s)  ETA: 09:46:24  Done: 2026-06-04 20:19:08  LR: 1.743e-04  Data: 0.007 (0.008)
Train: 12 [ 650/2502 ( 26%)]  Loss:  6.284356 (6.3740)  Time: 0.369s, 1388.41/s  (0.372s, 1375.82/s)  ETA: 09:45:39  Done: 2026-06-04 20:18:41  LR: 1.743e-04  Data: 0.007 (0.008)
Train: 12 [ 700/2502 ( 28%)]  Loss:  6.567893 (6.3870)  Time: 0.367s, 1393.31/s  (0.372s, 1375.97/s)  ETA: 09:45:17  Done: 2026-06-04 20:18:37  LR: 1.743e-04  Data: 0.008 (0.008)
Train: 12 [ 750/2502 ( 30%)]  Loss:  6.493813 (6.3936)  Time: 0.367s, 1394.40/s  (0.372s, 1376.02/s)  ETA: 09:44:57  Done: 2026-06-04 20:18:36  LR: 1.743e-04  Data: 0.007 (0.008)
Train: 12 [ 800/2502 ( 32%)]  Loss:  6.447121 (6.3968)  Time: 0.370s, 1384.60/s  (0.372s, 1376.37/s)  ETA: 09:44:29  Done: 2026-06-04 20:18:27  LR: 1.743e-04  Data: 0.007 (0.008)
Train: 12 [ 850/2502 ( 34%)]  Loss:  6.920918 (6.4259)  Time: 0.371s, 1380.58/s  (0.372s, 1376.98/s)  ETA: 09:43:55  Done: 2026-06-04 20:18:11  LR: 1.743e-04  Data: 0.008 (0.008)
Train: 12 [ 900/2502 ( 36%)]  Loss:  6.336948 (6.4212)  Time: 0.369s, 1387.34/s  (0.372s, 1377.48/s)  ETA: 09:43:24  Done: 2026-06-04 20:17:58  LR: 1.743e-04  Data: 0.009 (0.008)
Train: 12 [ 950/2502 ( 38%)]  Loss:  6.303864 (6.4154)  Time: 0.388s, 1321.15/s  (0.372s, 1377.53/s)  ETA: 09:43:04  Done: 2026-06-04 20:17:57  LR: 1.743e-04  Data: 0.009 (0.008)
Train: 12 [1000/2502 ( 40%)]  Loss:  6.438139 (6.4164)  Time: 0.369s, 1386.32/s  (0.372s, 1377.15/s)  ETA: 09:42:55  Done: 2026-06-04 20:18:07  LR: 1.743e-04  Data: 0.007 (0.008)
Train: 12 [1050/2502 ( 42%)]  Loss:  6.332306 (6.4126)  Time: 0.390s, 1311.44/s  (0.372s, 1376.46/s)  ETA: 09:42:54  Done: 2026-06-04 20:18:25  LR: 1.743e-04  Data: 0.007 (0.008)
Train: 12 [1100/2502 ( 44%)]  Loss:  6.759377 (6.4277)  Time: 0.368s, 1390.91/s  (0.372s, 1376.40/s)  ETA: 09:42:37  Done: 2026-06-04 20:18:26  LR: 1.743e-04  Data: 0.008 (0.008)
Train: 12 [1150/2502 ( 46%)]  Loss:  6.433810 (6.4280)  Time: 0.367s, 1394.24/s  (0.372s, 1376.63/s)  ETA: 09:42:12  Done: 2026-06-04 20:18:20  LR: 1.743e-04  Data: 0.007 (0.008)
Train: 12 [1200/2502 ( 48%)]  Loss:  6.940498 (6.4485)  Time: 0.368s, 1391.66/s  (0.372s, 1376.84/s)  ETA: 09:41:49  Done: 2026-06-04 20:18:15  LR: 1.743e-04  Data: 0.007 (0.008)
Train: 12 [1250/2502 ( 50%)]  Loss:  6.218020 (6.4396)  Time: 0.370s, 1383.03/s  (0.372s, 1376.82/s)  ETA: 09:41:30  Done: 2026-06-04 20:18:15  LR: 1.743e-04  Data: 0.008 (0.008)
Train: 12 [1300/2502 ( 52%)]  Loss:  6.768342 (6.4518)  Time: 0.368s, 1392.20/s  (0.372s, 1376.78/s)  ETA: 09:41:13  Done: 2026-06-04 20:18:16  LR: 1.743e-04  Data: 0.008 (0.008)
Train: 12 [1350/2502 ( 54%)]  Loss:  6.785053 (6.4637)  Time: 0.382s, 1341.79/s  (0.372s, 1377.26/s)  ETA: 09:40:42  Done: 2026-06-04 20:18:04  LR: 1.743e-04  Data: 0.007 (0.008)
Train: 12 [1400/2502 ( 56%)]  Loss:  6.425191 (6.4623)  Time: 0.372s, 1377.79/s  (0.372s, 1377.02/s)  ETA: 09:40:30  Done: 2026-06-04 20:18:10  LR: 1.743e-04  Data: 0.007 (0.008)
Train: 12 [1450/2502 ( 58%)]  Loss:  6.878751 (6.4762)  Time: 0.369s, 1387.59/s  (0.372s, 1376.15/s)  ETA: 09:40:33  Done: 2026-06-04 20:18:32  LR: 1.743e-04  Data: 0.007 (0.008)
Train: 12 [1500/2502 ( 60%)]  Loss:  6.105183 (6.4643)  Time: 0.371s, 1379.03/s  (0.372s, 1376.14/s)  ETA: 09:40:14  Done: 2026-06-04 20:18:33  LR: 1.743e-04  Data: 0.008 (0.008)
Train: 12 [1550/2502 ( 62%)]  Loss:  6.503302 (6.4655)  Time: 0.377s, 1358.88/s  (0.372s, 1375.67/s)  ETA: 09:40:08  Done: 2026-06-04 20:18:45  LR: 1.743e-04  Data: 0.007 (0.008)
Train: 12 [1600/2502 ( 64%)]  Loss:  6.799455 (6.4756)  Time: 0.369s, 1389.07/s  (0.372s, 1375.76/s)  ETA: 09:39:47  Done: 2026-06-04 20:18:42  LR: 1.743e-04  Data: 0.007 (0.008)
Train: 12 [1650/2502 ( 66%)]  Loss:  6.691996 (6.4820)  Time: 0.367s, 1394.10/s  (0.372s, 1375.93/s)  ETA: 09:39:24  Done: 2026-06-04 20:18:38  LR: 1.743e-04  Data: 0.008 (0.008)
Train: 12 [1700/2502 ( 68%)]  Loss:  6.758646 (6.4899)  Time: 0.368s, 1391.88/s  (0.372s, 1376.13/s)  ETA: 09:39:00  Done: 2026-06-04 20:18:33  LR: 1.743e-04  Data: 0.008 (0.008)
Train: 12 [1750/2502 ( 70%)]  Loss:  6.502375 (6.4902)  Time: 0.367s, 1393.97/s  (0.372s, 1376.35/s)  ETA: 09:38:36  Done: 2026-06-04 20:18:27  LR: 1.743e-04  Data: 0.007 (0.008)
Train: 12 [1800/2502 ( 72%)]  Loss:  6.847025 (6.4999)  Time: 0.367s, 1396.71/s  (0.372s, 1376.73/s)  ETA: 09:38:08  Done: 2026-06-04 20:18:18  LR: 1.743e-04  Data: 0.006 (0.008)
Train: 12 [1850/2502 ( 74%)]  Loss:  6.499644 (6.4999)  Time: 0.370s, 1385.08/s  (0.372s, 1376.90/s)  ETA: 09:37:45  Done: 2026-06-04 20:18:13  LR: 1.743e-04  Data: 0.008 (0.008)
Train: 12 [1900/2502 ( 76%)]  Loss:  6.616016 (6.5028)  Time: 0.370s, 1384.30/s  (0.372s, 1377.20/s)  ETA: 09:37:19  Done: 2026-06-04 20:18:06  LR: 1.743e-04  Data: 0.008 (0.008)
Train: 12 [1950/2502 ( 78%)]  Loss:  6.055791 (6.4917)  Time: 0.371s, 1379.61/s  (0.372s, 1377.47/s)  ETA: 09:36:54  Done: 2026-06-04 20:17:59  LR: 1.743e-04  Data: 0.008 (0.008)
Train: 12 [2000/2502 ( 80%)]  Loss:  6.523327 (6.4924)  Time: 0.367s, 1393.43/s  (0.372s, 1377.81/s)  ETA: 09:36:27  Done: 2026-06-04 20:17:50  LR: 1.743e-04  Data: 0.007 (0.008)
Train: 12 [2050/2502 ( 82%)]  Loss:  5.954353 (6.4796)  Time: 0.369s, 1389.26/s  (0.372s, 1377.89/s)  ETA: 09:36:06  Done: 2026-06-04 20:17:48  LR: 1.743e-04  Data: 0.007 (0.008)
Train: 12 [2100/2502 ( 84%)]  Loss:  6.482737 (6.4797)  Time: 0.371s, 1381.36/s  (0.372s, 1377.92/s)  ETA: 09:35:47  Done: 2026-06-04 20:17:47  LR: 1.743e-04  Data: 0.008 (0.008)
Train: 12 [2150/2502 ( 86%)]  Loss:  6.185527 (6.4730)  Time: 0.367s, 1393.65/s  (0.372s, 1378.01/s)  ETA: 09:35:26  Done: 2026-06-04 20:17:45  LR: 1.743e-04  Data: 0.007 (0.008)
Train: 12 [2200/2502 ( 88%)]  Loss:  5.469105 (6.4507)  Time: 0.369s, 1388.73/s  (0.372s, 1378.19/s)  ETA: 09:35:03  Done: 2026-06-04 20:17:40  LR: 1.743e-04  Data: 0.007 (0.008)
Train: 12 [2250/2502 ( 90%)]  Loss:  6.214643 (6.4456)  Time: 0.369s, 1386.21/s  (0.371s, 1378.45/s)  ETA: 09:34:38  Done: 2026-06-04 20:17:33  LR: 1.743e-04  Data: 0.008 (0.008)
Train: 12 [2300/2502 ( 92%)]  Loss:  5.844354 (6.4328)  Time: 0.370s, 1382.48/s  (0.371s, 1378.58/s)  ETA: 09:34:16  Done: 2026-06-04 20:17:30  LR: 1.743e-04  Data: 0.008 (0.008)
Train: 12 [2350/2502 ( 94%)]  Loss:  6.213303 (6.4282)  Time: 0.367s, 1394.95/s  (0.371s, 1378.63/s)  ETA: 09:33:56  Done: 2026-06-04 20:17:29  LR: 1.743e-04  Data: 0.007 (0.008)
Train: 12 [2400/2502 ( 96%)]  Loss:  6.697841 (6.4337)  Time: 0.367s, 1394.22/s  (0.371s, 1378.54/s)  ETA: 09:33:40  Done: 2026-06-04 20:17:31  LR: 1.743e-04  Data: 0.007 (0.008)
Train: 12 [2450/2502 ( 98%)]  Loss:  5.987298 (6.4248)  Time: 0.369s, 1386.22/s  (0.371s, 1378.46/s)  ETA: 09:33:23  Done: 2026-06-04 20:17:33  LR: 1.743e-04  Data: 0.006 (0.008)
epoch:  12 g['lr']:  0.0001742520196050341
Train: 13 [   0/2502 (  0%)]  Loss:  6.021131 (6.0211)  Time: 1.217s,  420.70/s  (1.217s,  420.70/s)  ETA: 31:17:44  Done: 2026-06-05 18:02:12  LR: 1.700e-04  Data: 0.713 (0.713)
Train: 13 [  50/2502 (  2%)]  Loss:  5.692805 (5.8570)  Time: 0.369s, 1388.33/s  (0.386s, 1325.55/s)  ETA: 09:55:37  Done: 2026-06-04 20:40:24  LR: 1.700e-04  Data: 0.007 (0.021)
Train: 13 [ 100/2502 (  4%)]  Loss:  6.164886 (5.9596)  Time: 0.368s, 1390.76/s  (0.381s, 1345.51/s)  ETA: 09:46:28  Done: 2026-06-04 20:31:33  LR: 1.700e-04  Data: 0.008 (0.014)
Train: 13 [ 150/2502 (  6%)]  Loss:  6.049661 (5.9821)  Time: 0.371s, 1380.86/s  (0.377s, 1357.82/s)  ETA: 09:40:50  Done: 2026-06-04 20:26:14  LR: 1.700e-04  Data: 0.007 (0.012)
Train: 13 [ 200/2502 (  8%)]  Loss:  6.280036 (6.0417)  Time: 0.368s, 1390.48/s  (0.376s, 1362.99/s)  ETA: 09:38:19  Done: 2026-06-04 20:24:02  LR: 1.700e-04  Data: 0.006 (0.011)
Train: 13 [ 250/2502 ( 10%)]  Loss:  6.397352 (6.1010)  Time: 0.369s, 1386.08/s  (0.374s, 1367.19/s)  ETA: 09:36:14  Done: 2026-06-04 20:22:15  LR: 1.700e-04  Data: 0.007 (0.010)
Train: 13 [ 300/2502 ( 12%)]  Loss:  6.452896 (6.1513)  Time: 0.370s, 1384.71/s  (0.374s, 1369.42/s)  ETA: 09:34:59  Done: 2026-06-04 20:21:18  LR: 1.700e-04  Data: 0.008 (0.009)
Train: 13 [ 350/2502 ( 14%)]  Loss:  6.462907 (6.1902)  Time: 0.368s, 1389.93/s  (0.373s, 1371.61/s)  ETA: 09:33:45  Done: 2026-06-04 20:20:23  LR: 1.700e-04  Data: 0.007 (0.009)
Train: 13 [ 400/2502 ( 16%)]  Loss:  6.787941 (6.2566)  Time: 0.390s, 1312.53/s  (0.373s, 1372.00/s)  ETA: 09:33:16  Done: 2026-06-04 20:20:13  LR: 1.700e-04  Data: 0.009 (0.009)
Train: 13 [ 450/2502 ( 18%)]  Loss:  6.471922 (6.2782)  Time: 0.371s, 1380.49/s  (0.373s, 1372.50/s)  ETA: 09:32:45  Done: 2026-06-04 20:20:01  LR: 1.700e-04  Data: 0.008 (0.009)
Train: 13 [ 500/2502 ( 20%)]  Loss:  6.383180 (6.2877)  Time: 0.368s, 1390.24/s  (0.373s, 1373.87/s)  ETA: 09:31:52  Done: 2026-06-04 20:19:26  LR: 1.700e-04  Data: 0.007 (0.009)
Train: 13 [ 550/2502 ( 22%)]  Loss:  6.643871 (6.3174)  Time: 0.368s, 1391.42/s  (0.372s, 1374.80/s)  ETA: 09:31:10  Done: 2026-06-04 20:19:03  LR: 1.700e-04  Data: 0.007 (0.008)
Train: 13 [ 600/2502 ( 24%)]  Loss:  5.815280 (6.2788)  Time: 0.369s, 1387.96/s  (0.372s, 1375.79/s)  ETA: 09:30:27  Done: 2026-06-04 20:18:38  LR: 1.700e-04  Data: 0.007 (0.008)
Train: 13 [ 650/2502 ( 26%)]  Loss:  6.393772 (6.2870)  Time: 0.369s, 1388.99/s  (0.372s, 1376.72/s)  ETA: 09:29:45  Done: 2026-06-04 20:18:15  LR: 1.700e-04  Data: 0.007 (0.008)
Train: 13 [ 700/2502 ( 28%)]  Loss:  6.776244 (6.3196)  Time: 0.369s, 1389.07/s  (0.372s, 1377.44/s)  ETA: 09:29:09  Done: 2026-06-04 20:17:57  LR: 1.700e-04  Data: 0.008 (0.008)
Train: 13 [ 750/2502 ( 30%)]  Loss:  5.708931 (6.2814)  Time: 0.368s, 1389.86/s  (0.372s, 1377.15/s)  ETA: 09:28:58  Done: 2026-06-04 20:18:04  LR: 1.700e-04  Data: 0.007 (0.008)
Train: 13 [ 800/2502 ( 32%)]  Loss:  6.228895 (6.2783)  Time: 0.369s, 1388.04/s  (0.372s, 1376.27/s)  ETA: 09:29:01  Done: 2026-06-04 20:18:26  LR: 1.700e-04  Data: 0.007 (0.008)
Train: 13 [ 850/2502 ( 34%)]  Loss:  7.096629 (6.3238)  Time: 0.369s, 1387.80/s  (0.372s, 1374.94/s)  ETA: 09:29:15  Done: 2026-06-04 20:18:59  LR: 1.700e-04  Data: 0.008 (0.008)
Train: 13 [ 900/2502 ( 36%)]  Loss:  5.858610 (6.2993)  Time: 0.369s, 1388.30/s  (0.373s, 1374.48/s)  ETA: 09:29:08  Done: 2026-06-04 20:19:11  LR: 1.700e-04  Data: 0.006 (0.008)
Train: 13 [ 950/2502 ( 38%)]  Loss:  6.496834 (6.3092)  Time: 0.368s, 1389.71/s  (0.372s, 1374.75/s)  ETA: 09:28:43  Done: 2026-06-04 20:19:04  LR: 1.700e-04  Data: 0.007 (0.008)
Train: 13 [1000/2502 ( 40%)]  Loss:  6.513931 (6.3189)  Time: 0.370s, 1384.96/s  (0.372s, 1375.37/s)  ETA: 09:28:09  Done: 2026-06-04 20:18:49  LR: 1.700e-04  Data: 0.006 (0.008)
Train: 13 [1050/2502 ( 42%)]  Loss:  7.022646 (6.3509)  Time: 0.368s, 1391.61/s  (0.372s, 1375.26/s)  ETA: 09:27:53  Done: 2026-06-04 20:18:51  LR: 1.700e-04  Data: 0.008 (0.008)
Train: 13 [1100/2502 ( 44%)]  Loss:  6.841507 (6.3723)  Time: 0.375s, 1364.04/s  (0.372s, 1374.84/s)  ETA: 09:27:45  Done: 2026-06-04 20:19:02  LR: 1.700e-04  Data: 0.007 (0.008)
Train: 13 [1150/2502 ( 46%)]  Loss:  6.666693 (6.3845)  Time: 0.375s, 1364.10/s  (0.373s, 1374.34/s)  ETA: 09:27:39  Done: 2026-06-04 20:19:14  LR: 1.700e-04  Data: 0.006 (0.008)
Train: 13 [1200/2502 ( 48%)]  Loss:  7.008569 (6.4095)  Time: 0.374s, 1368.16/s  (0.373s, 1374.33/s)  ETA: 09:27:20  Done: 2026-06-04 20:19:14  LR: 1.700e-04  Data: 0.007 (0.008)
Train: 13 [1250/2502 ( 50%)]  Loss:  6.796633 (6.4244)  Time: 0.369s, 1388.07/s  (0.373s, 1374.46/s)  ETA: 09:26:58  Done: 2026-06-04 20:19:11  LR: 1.700e-04  Data: 0.008 (0.008)
Train: 13 [1300/2502 ( 52%)]  Loss:  6.894306 (6.4418)  Time: 0.369s, 1387.55/s  (0.372s, 1374.72/s)  ETA: 09:26:33  Done: 2026-06-04 20:19:05  LR: 1.700e-04  Data: 0.008 (0.008)
Train: 13 [1350/2502 ( 54%)]  Loss:  5.973794 (6.4251)  Time: 0.378s, 1354.06/s  (0.373s, 1374.39/s)  ETA: 09:26:23  Done: 2026-06-04 20:19:13  LR: 1.700e-04  Data: 0.007 (0.008)
Train: 13 [1400/2502 ( 56%)]  Loss:  6.586224 (6.4306)  Time: 0.387s, 1322.72/s  (0.373s, 1373.83/s)  ETA: 09:26:18  Done: 2026-06-04 20:19:27  LR: 1.700e-04  Data: 0.007 (0.008)
Train: 13 [1450/2502 ( 58%)]  Loss:  5.819479 (6.4103)  Time: 0.374s, 1368.09/s  (0.373s, 1373.34/s)  ETA: 09:26:11  Done: 2026-06-04 20:19:39  LR: 1.700e-04  Data: 0.008 (0.008)
Train: 13 [1500/2502 ( 60%)]  Loss:  6.448019 (6.4115)  Time: 0.377s, 1359.72/s  (0.373s, 1373.01/s)  ETA: 09:26:01  Done: 2026-06-04 20:19:48  LR: 1.700e-04  Data: 0.008 (0.008)
Train: 13 [1550/2502 ( 62%)]  Loss:  6.065789 (6.4007)  Time: 0.371s, 1380.11/s  (0.373s, 1372.66/s)  ETA: 09:25:51  Done: 2026-06-04 20:19:57  LR: 1.700e-04  Data: 0.006 (0.008)
Train: 13 [1600/2502 ( 64%)]  Loss:  6.176508 (6.3939)  Time: 0.371s, 1381.30/s  (0.373s, 1373.01/s)  ETA: 09:25:24  Done: 2026-06-04 20:19:48  LR: 1.700e-04  Data: 0.006 (0.008)
Train: 13 [1650/2502 ( 66%)]  Loss:  5.841495 (6.3776)  Time: 0.370s, 1384.54/s  (0.373s, 1373.35/s)  ETA: 09:24:57  Done: 2026-06-04 20:19:39  LR: 1.700e-04  Data: 0.008 (0.008)
Train: 13 [1700/2502 ( 68%)]  Loss:  6.252780 (6.3741)  Time: 0.368s, 1390.17/s  (0.373s, 1373.58/s)  ETA: 09:24:32  Done: 2026-06-04 20:19:33  LR: 1.700e-04  Data: 0.008 (0.008)
Train: 13 [1750/2502 ( 70%)]  Loss:  6.701290 (6.3832)  Time: 0.369s, 1388.45/s  (0.373s, 1373.54/s)  ETA: 09:24:15  Done: 2026-06-04 20:19:34  LR: 1.700e-04  Data: 0.006 (0.008)
Train: 13 [1800/2502 ( 72%)]  Loss:  6.733872 (6.3926)  Time: 0.368s, 1390.32/s  (0.373s, 1373.23/s)  ETA: 09:24:04  Done: 2026-06-04 20:19:42  LR: 1.700e-04  Data: 0.006 (0.008)
Train: 13 [1850/2502 ( 74%)]  Loss:  6.662073 (6.3997)  Time: 0.369s, 1386.69/s  (0.373s, 1372.84/s)  ETA: 09:23:55  Done: 2026-06-04 20:19:52  LR: 1.700e-04  Data: 0.008 (0.008)
Train: 13 [1900/2502 ( 76%)]  Loss:  6.580463 (6.4044)  Time: 0.369s, 1386.53/s  (0.373s, 1372.98/s)  ETA: 09:23:33  Done: 2026-06-04 20:19:49  LR: 1.700e-04  Data: 0.007 (0.008)
Train: 13 [1950/2502 ( 78%)]  Loss:  6.897048 (6.4167)  Time: 0.368s, 1389.92/s  (0.373s, 1373.27/s)  ETA: 09:23:07  Done: 2026-06-04 20:19:41  LR: 1.700e-04  Data: 0.005 (0.008)
Train: 13 [2000/2502 ( 80%)]  Loss:  6.793642 (6.4259)  Time: 0.368s, 1391.13/s  (0.373s, 1373.60/s)  ETA: 09:22:40  Done: 2026-06-04 20:19:33  LR: 1.700e-04  Data: 0.007 (0.008)
Train: 13 [2050/2502 ( 82%)]  Loss:  6.585703 (6.4297)  Time: 0.370s, 1384.07/s  (0.373s, 1373.55/s)  ETA: 09:22:23  Done: 2026-06-04 20:19:34  LR: 1.700e-04  Data: 0.008 (0.008)
Train: 13 [2100/2502 ( 84%)]  Loss:  6.228946 (6.4250)  Time: 0.369s, 1388.35/s  (0.373s, 1373.86/s)  ETA: 09:21:56  Done: 2026-06-04 20:19:26  LR: 1.700e-04  Data: 0.007 (0.008)
Train: 13 [2150/2502 ( 86%)]  Loss:  6.759887 (6.4326)  Time: 0.369s, 1386.71/s  (0.373s, 1374.07/s)  ETA: 09:21:32  Done: 2026-06-04 20:19:21  LR: 1.700e-04  Data: 0.007 (0.008)
Train: 13 [2200/2502 ( 88%)]  Loss:  5.999729 (6.4230)  Time: 0.369s, 1386.44/s  (0.373s, 1374.25/s)  ETA: 09:21:09  Done: 2026-06-04 20:19:17  LR: 1.700e-04  Data: 0.006 (0.008)
Train: 13 [2250/2502 ( 90%)]  Loss:  6.894971 (6.4333)  Time: 0.367s, 1394.22/s  (0.373s, 1374.45/s)  ETA: 09:20:46  Done: 2026-06-04 20:19:12  LR: 1.700e-04  Data: 0.007 (0.008)
Train: 13 [2300/2502 ( 92%)]  Loss:  6.140070 (6.4270)  Time: 0.368s, 1389.85/s  (0.372s, 1374.53/s)  ETA: 09:20:25  Done: 2026-06-04 20:19:10  LR: 1.700e-04  Data: 0.007 (0.008)
Train: 13 [2350/2502 ( 94%)]  Loss:  6.457820 (6.4277)  Time: 0.368s, 1392.42/s  (0.372s, 1374.68/s)  ETA: 09:20:03  Done: 2026-06-04 20:19:06  LR: 1.700e-04  Data: 0.007 (0.008)
Train: 13 [2400/2502 ( 96%)]  Loss:  6.409449 (6.4273)  Time: 0.368s, 1389.59/s  (0.372s, 1374.79/s)  ETA: 09:19:42  Done: 2026-06-04 20:19:03  LR: 1.700e-04  Data: 0.006 (0.008)
Train: 13 [2450/2502 ( 98%)]  Loss:  6.782102 (6.4344)  Time: 0.370s, 1385.28/s  (0.372s, 1375.02/s)  ETA: 09:19:17  Done: 2026-06-04 20:18:57  LR: 1.700e-04  Data: 0.007 (0.008)
epoch:  13 g['lr']:  0.00017003197506322543
Train: 14 [   0/2502 (  0%)]  Loss:  6.559768 (6.5598)  Time: 1.151s,  444.92/s  (1.151s,  444.92/s)  ETA: 28:47:31  Done: 2026-06-05 15:47:29  LR: 1.656e-04  Data: 0.688 (0.688)
Train: 14 [  50/2502 (  2%)]  Loss:  6.271027 (6.4154)  Time: 0.367s, 1394.97/s  (0.384s, 1333.28/s)  ETA: 09:36:09  Done: 2026-06-04 20:36:25  LR: 1.656e-04  Data: 0.006 (0.020)
Train: 14 [ 100/2502 (  4%)]  Loss:  6.457662 (6.4295)  Time: 0.371s, 1380.89/s  (0.376s, 1362.21/s)  ETA: 09:23:36  Done: 2026-06-04 20:24:10  LR: 1.656e-04  Data: 0.008 (0.014)
Train: 14 [ 150/2502 (  6%)]  Loss:  6.506980 (6.4489)  Time: 0.368s, 1392.50/s  (0.375s, 1365.87/s)  ETA: 09:21:47  Done: 2026-06-04 20:22:40  LR: 1.656e-04  Data: 0.006 (0.011)
Train: 14 [ 200/2502 (  8%)]  Loss:  7.167360 (6.5926)  Time: 0.369s, 1388.10/s  (0.373s, 1371.74/s)  ETA: 09:19:04  Done: 2026-06-04 20:20:15  LR: 1.656e-04  Data: 0.008 (0.010)
Train: 14 [ 250/2502 ( 10%)]  Loss:  6.625641 (6.5981)  Time: 0.372s, 1376.09/s  (0.373s, 1371.78/s)  ETA: 09:18:44  Done: 2026-06-04 20:20:14  LR: 1.656e-04  Data: 0.006 (0.010)
Train: 14 [ 300/2502 ( 12%)]  Loss:  6.655097 (6.6062)  Time: 0.370s, 1385.30/s  (0.374s, 1369.80/s)  ETA: 09:19:14  Done: 2026-06-04 20:21:03  LR: 1.656e-04  Data: 0.006 (0.009)
Train: 14 [ 350/2502 ( 14%)]  Loss:  6.195638 (6.5549)  Time: 0.369s, 1387.63/s  (0.373s, 1372.02/s)  ETA: 09:18:01  Done: 2026-06-04 20:20:08  LR: 1.656e-04  Data: 0.006 (0.009)
Train: 14 [ 400/2502 ( 16%)]  Loss:  6.545218 (6.5538)  Time: 0.373s, 1374.34/s  (0.373s, 1373.30/s)  ETA: 09:17:11  Done: 2026-06-04 20:19:37  LR: 1.656e-04  Data: 0.008 (0.009)
Train: 14 [ 450/2502 ( 18%)]  Loss:  6.124492 (6.5109)  Time: 0.370s, 1383.68/s  (0.373s, 1373.62/s)  ETA: 09:16:45  Done: 2026-06-04 20:19:29  LR: 1.656e-04  Data: 0.007 (0.008)
Train: 14 [ 500/2502 ( 20%)]  Loss:  6.314526 (6.4930)  Time: 0.369s, 1387.15/s  (0.373s, 1373.19/s)  ETA: 09:16:37  Done: 2026-06-04 20:19:40  LR: 1.656e-04  Data: 0.008 (0.008)
Train: 14 [ 550/2502 ( 22%)]  Loss:  6.356063 (6.4816)  Time: 0.370s, 1384.84/s  (0.373s, 1374.26/s)  ETA: 09:15:52  Done: 2026-06-04 20:19:14  LR: 1.656e-04  Data: 0.007 (0.008)
Train: 14 [ 600/2502 ( 24%)]  Loss:  6.481632 (6.4816)  Time: 0.368s, 1391.84/s  (0.372s, 1375.13/s)  ETA: 09:15:12  Done: 2026-06-04 20:18:52  LR: 1.656e-04  Data: 0.007 (0.008)
Train: 14 [ 650/2502 ( 26%)]  Loss:  6.633858 (6.4925)  Time: 0.369s, 1386.67/s  (0.372s, 1375.75/s)  ETA: 09:14:38  Done: 2026-06-04 20:18:37  LR: 1.656e-04  Data: 0.006 (0.008)
Train: 14 [ 700/2502 ( 28%)]  Loss:  5.927371 (6.4548)  Time: 0.370s, 1385.13/s  (0.372s, 1376.21/s)  ETA: 09:14:09  Done: 2026-06-04 20:18:26  LR: 1.656e-04  Data: 0.008 (0.008)
Train: 14 [ 750/2502 ( 30%)]  Loss:  6.280519 (6.4439)  Time: 0.369s, 1388.10/s  (0.372s, 1376.67/s)  ETA: 09:13:39  Done: 2026-06-04 20:18:15  LR: 1.656e-04  Data: 0.007 (0.008)
Train: 14 [ 800/2502 ( 32%)]  Loss:  6.246315 (6.4323)  Time: 0.369s, 1389.41/s  (0.372s, 1377.13/s)  ETA: 09:13:09  Done: 2026-06-04 20:18:04  LR: 1.656e-04  Data: 0.007 (0.008)
Train: 14 [ 850/2502 ( 34%)]  Loss:  5.977308 (6.4070)  Time: 0.370s, 1383.57/s  (0.372s, 1377.67/s)  ETA: 09:12:38  Done: 2026-06-04 20:17:51  LR: 1.656e-04  Data: 0.007 (0.008)
Train: 14 [ 900/2502 ( 36%)]  Loss:  6.672347 (6.4210)  Time: 0.368s, 1392.23/s  (0.372s, 1377.97/s)  ETA: 09:12:12  Done: 2026-06-04 20:17:43  LR: 1.656e-04  Data: 0.008 (0.008)
Train: 14 [ 950/2502 ( 38%)]  Loss:  6.677338 (6.4338)  Time: 0.368s, 1390.68/s  (0.371s, 1378.51/s)  ETA: 09:11:40  Done: 2026-06-04 20:17:30  LR: 1.656e-04  Data: 0.007 (0.008)
Train: 14 [1000/2502 ( 40%)]  Loss:  6.397529 (6.4321)  Time: 0.369s, 1385.82/s  (0.371s, 1378.91/s)  ETA: 09:11:12  Done: 2026-06-04 20:17:20  LR: 1.656e-04  Data: 0.007 (0.008)
Train: 14 [1050/2502 ( 42%)]  Loss:  6.989586 (6.4574)  Time: 0.386s, 1328.11/s  (0.371s, 1379.02/s)  ETA: 09:10:51  Done: 2026-06-04 20:17:18  LR: 1.656e-04  Data: 0.006 (0.008)
Train: 14 [1100/2502 ( 44%)]  Loss:  6.828517 (6.4736)  Time: 0.370s, 1385.26/s  (0.371s, 1378.69/s)  ETA: 09:10:40  Done: 2026-06-04 20:17:26  LR: 1.656e-04  Data: 0.008 (0.008)
Train: 14 [1150/2502 ( 46%)]  Loss:  6.042954 (6.4556)  Time: 0.369s, 1388.28/s  (0.371s, 1378.71/s)  ETA: 09:10:21  Done: 2026-06-04 20:17:25  LR: 1.656e-04  Data: 0.007 (0.008)
Train: 14 [1200/2502 ( 48%)]  Loss:  7.121989 (6.4823)  Time: 0.369s, 1388.28/s  (0.371s, 1378.22/s)  ETA: 09:10:15  Done: 2026-06-04 20:17:37  LR: 1.656e-04  Data: 0.007 (0.008)
Train: 14 [1250/2502 ( 50%)]  Loss:  6.596134 (6.4866)  Time: 0.370s, 1382.54/s  (0.372s, 1377.40/s)  ETA: 09:10:16  Done: 2026-06-04 20:17:57  LR: 1.656e-04  Data: 0.006 (0.008)
Train: 14 [1300/2502 ( 52%)]  Loss:  5.982353 (6.4680)  Time: 0.368s, 1392.78/s  (0.372s, 1377.69/s)  ETA: 09:09:50  Done: 2026-06-04 20:17:50  LR: 1.656e-04  Data: 0.008 (0.008)
Train: 14 [1350/2502 ( 54%)]  Loss:  6.502328 (6.4692)  Time: 0.369s, 1388.32/s  (0.372s, 1378.12/s)  ETA: 09:09:21  Done: 2026-06-04 20:17:40  LR: 1.656e-04  Data: 0.006 (0.008)
Train: 14 [1400/2502 ( 56%)]  Loss:  6.586281 (6.4732)  Time: 0.369s, 1387.13/s  (0.372s, 1378.01/s)  ETA: 09:09:05  Done: 2026-06-04 20:17:42  LR: 1.656e-04  Data: 0.007 (0.008)
Train: 14 [1450/2502 ( 58%)]  Loss:  6.893106 (6.4872)  Time: 0.368s, 1390.70/s  (0.372s, 1377.77/s)  ETA: 09:08:52  Done: 2026-06-04 20:17:48  LR: 1.656e-04  Data: 0.006 (0.008)
Train: 14 [1500/2502 ( 60%)]  Loss:  6.485722 (6.4872)  Time: 0.370s, 1383.52/s  (0.372s, 1378.07/s)  ETA: 09:08:27  Done: 2026-06-04 20:17:41  LR: 1.656e-04  Data: 0.008 (0.008)
Train: 14 [1550/2502 ( 62%)]  Loss:  6.560474 (6.4895)  Time: 0.368s, 1391.34/s  (0.371s, 1378.26/s)  ETA: 09:08:03  Done: 2026-06-04 20:17:36  LR: 1.656e-04  Data: 0.007 (0.008)
Train: 14 [1600/2502 ( 64%)]  Loss:  5.877140 (6.4709)  Time: 0.372s, 1377.35/s  (0.371s, 1378.48/s)  ETA: 09:07:40  Done: 2026-06-04 20:17:31  LR: 1.656e-04  Data: 0.007 (0.008)
Train: 14 [1650/2502 ( 66%)]  Loss:  6.337084 (6.4670)  Time: 0.370s, 1382.21/s  (0.371s, 1378.28/s)  ETA: 09:07:26  Done: 2026-06-04 20:17:36  LR: 1.656e-04  Data: 0.007 (0.007)
Train: 14 [1700/2502 ( 68%)]  Loss:  6.917069 (6.4798)  Time: 0.370s, 1382.09/s  (0.371s, 1378.47/s)  ETA: 09:07:03  Done: 2026-06-04 20:17:31  LR: 1.656e-04  Data: 0.008 (0.007)
Train: 14 [1750/2502 ( 70%)]  Loss:  7.033589 (6.4952)  Time: 0.368s, 1392.63/s  (0.371s, 1378.61/s)  ETA: 09:06:41  Done: 2026-06-04 20:17:28  LR: 1.656e-04  Data: 0.007 (0.007)
Train: 14 [1800/2502 ( 72%)]  Loss:  7.247960 (6.5156)  Time: 0.368s, 1390.36/s  (0.371s, 1378.87/s)  ETA: 09:06:16  Done: 2026-06-04 20:17:21  LR: 1.656e-04  Data: 0.007 (0.007)
Train: 14 [1850/2502 ( 74%)]  Loss:  6.651638 (6.5191)  Time: 0.370s, 1382.10/s  (0.371s, 1379.01/s)  ETA: 09:05:54  Done: 2026-06-04 20:17:18  LR: 1.656e-04  Data: 0.006 (0.007)
Train: 14 [1900/2502 ( 76%)]  Loss:  5.873676 (6.5026)  Time: 0.371s, 1379.17/s  (0.371s, 1378.98/s)  ETA: 09:05:36  Done: 2026-06-04 20:17:19  LR: 1.656e-04  Data: 0.007 (0.007)
Train: 14 [1950/2502 ( 78%)]  Loss:  6.525981 (6.5032)  Time: 0.368s, 1389.54/s  (0.371s, 1379.09/s)  ETA: 09:05:15  Done: 2026-06-04 20:17:16  LR: 1.656e-04  Data: 0.007 (0.007)
Train: 14 [2000/2502 ( 80%)]  Loss:  6.011801 (6.4912)  Time: 0.370s, 1383.64/s  (0.371s, 1379.25/s)  ETA: 09:04:53  Done: 2026-06-04 20:17:12  LR: 1.656e-04  Data: 0.007 (0.007)
Train: 14 [2050/2502 ( 82%)]  Loss:  6.427258 (6.4897)  Time: 0.369s, 1387.24/s  (0.371s, 1379.18/s)  ETA: 09:04:36  Done: 2026-06-04 20:17:14  LR: 1.656e-04  Data: 0.007 (0.007)
Train: 14 [2100/2502 ( 84%)]  Loss:  6.866940 (6.4984)  Time: 0.369s, 1385.96/s  (0.371s, 1379.09/s)  ETA: 09:04:20  Done: 2026-06-04 20:17:16  LR: 1.656e-04  Data: 0.008 (0.007)
Train: 14 [2150/2502 ( 86%)]  Loss:  7.057861 (6.5112)  Time: 0.368s, 1391.85/s  (0.371s, 1378.73/s)  ETA: 09:04:10  Done: 2026-06-04 20:17:25  LR: 1.656e-04  Data: 0.007 (0.007)
Train: 14 [2200/2502 ( 88%)]  Loss:  5.898649 (6.4976)  Time: 0.369s, 1388.42/s  (0.372s, 1377.98/s)  ETA: 09:04:09  Done: 2026-06-04 20:17:43  LR: 1.656e-04  Data: 0.008 (0.007)
Train: 14 [2250/2502 ( 90%)]  Loss:  6.559807 (6.4989)  Time: 0.368s, 1393.05/s  (0.372s, 1377.95/s)  ETA: 09:03:51  Done: 2026-06-04 20:17:44  LR: 1.656e-04  Data: 0.007 (0.007)
Train: 14 [2300/2502 ( 92%)]  Loss:  6.592702 (6.5009)  Time: 0.372s, 1376.14/s  (0.372s, 1377.99/s)  ETA: 09:03:31  Done: 2026-06-04 20:17:43  LR: 1.656e-04  Data: 0.008 (0.007)
Train: 14 [2350/2502 ( 94%)]  Loss:  5.813887 (6.4866)  Time: 0.370s, 1382.80/s  (0.372s, 1378.19/s)  ETA: 09:03:08  Done: 2026-06-04 20:17:38  LR: 1.656e-04  Data: 0.007 (0.007)
Train: 14 [2400/2502 ( 96%)]  Loss:  6.340971 (6.4836)  Time: 0.368s, 1389.79/s  (0.372s, 1378.07/s)  ETA: 09:02:52  Done: 2026-06-04 20:17:41  LR: 1.656e-04  Data: 0.008 (0.007)
Train: 14 [2450/2502 ( 98%)]  Loss:  6.421548 (6.4824)  Time: 0.389s, 1315.63/s  (0.372s, 1377.95/s)  ETA: 09:02:37  Done: 2026-06-04 20:17:44  LR: 1.656e-04  Data: 0.007 (0.007)
epoch:  14 g['lr']:  0.00016555527902612554
Train: 15 [   0/2502 (  0%)]  Loss:  6.712510 (6.7125)  Time: 1.168s,  438.30/s  (1.168s,  438.30/s)  ETA: 28:24:54  Done: 2026-06-05 15:40:19  LR: 1.608e-04  Data: 0.657 (0.657)
Train: 15 [  50/2502 (  2%)]  Loss:  6.507096 (6.6098)  Time: 0.387s, 1322.03/s  (0.388s, 1320.32/s)  ETA: 09:25:38  Done: 2026-06-04 20:41:22  LR: 1.608e-04  Data: 0.008 (0.020)
Train: 15 [ 100/2502 (  4%)]  Loss:  6.372727 (6.5308)  Time: 0.370s, 1384.48/s  (0.379s, 1351.16/s)  ETA: 09:12:24  Done: 2026-06-04 20:28:27  LR: 1.608e-04  Data: 0.007 (0.013)
Train: 15 [ 150/2502 (  6%)]  Loss:  6.207594 (6.4500)  Time: 0.369s, 1386.30/s  (0.376s, 1362.66/s)  ETA: 09:07:26  Done: 2026-06-04 20:23:47  LR: 1.608e-04  Data: 0.007 (0.011)
Train: 15 [ 200/2502 (  8%)]  Loss:  6.490559 (6.4581)  Time: 0.385s, 1328.28/s  (0.374s, 1368.04/s)  ETA: 09:04:58  Done: 2026-06-04 20:21:37  LR: 1.608e-04  Data: 0.006 (0.010)
Train: 15 [ 250/2502 ( 10%)]  Loss:  6.087274 (6.3963)  Time: 0.390s, 1312.69/s  (0.374s, 1367.56/s)  ETA: 09:04:51  Done: 2026-06-04 20:21:49  LR: 1.608e-04  Data: 0.008 (0.010)
Train: 15 [ 300/2502 ( 12%)]  Loss:  6.553067 (6.4187)  Time: 0.372s, 1374.70/s  (0.374s, 1369.15/s)  ETA: 09:03:54  Done: 2026-06-04 20:21:11  LR: 1.608e-04  Data: 0.008 (0.009)
Train: 15 [ 350/2502 ( 14%)]  Loss:  6.561799 (6.4366)  Time: 0.367s, 1395.27/s  (0.373s, 1371.06/s)  ETA: 09:02:50  Done: 2026-06-04 20:20:25  LR: 1.608e-04  Data: 0.007 (0.009)
Train: 15 [ 400/2502 ( 16%)]  Loss:  6.645499 (6.4598)  Time: 0.366s, 1397.17/s  (0.373s, 1372.95/s)  ETA: 09:01:47  Done: 2026-06-04 20:19:40  LR: 1.608e-04  Data: 0.006 (0.009)
Train: 15 [ 450/2502 ( 18%)]  Loss:  6.436472 (6.4575)  Time: 0.369s, 1386.62/s  (0.373s, 1374.02/s)  ETA: 09:01:03  Done: 2026-06-04 20:19:15  LR: 1.608e-04  Data: 0.008 (0.009)
Train: 15 [ 500/2502 ( 20%)]  Loss:  6.551170 (6.4660)  Time: 0.368s, 1390.71/s  (0.372s, 1374.66/s)  ETA: 09:00:29  Done: 2026-06-04 20:18:59  LR: 1.608e-04  Data: 0.007 (0.008)
Train: 15 [ 550/2502 ( 22%)]  Loss:  6.286866 (6.4511)  Time: 0.522s,  980.30/s  (0.373s, 1373.58/s)  ETA: 09:00:36  Done: 2026-06-04 20:19:25  LR: 1.608e-04  Data: 0.006 (0.008)
Train: 15 [ 600/2502 ( 24%)]  Loss:  6.979645 (6.4917)  Time: 0.501s, 1022.02/s  (0.373s, 1372.69/s)  ETA: 09:00:38  Done: 2026-06-04 20:19:46  LR: 1.608e-04  Data: 0.006 (0.008)
Train: 15 [ 650/2502 ( 26%)]  Loss:  6.444439 (6.4883)  Time: 0.370s, 1383.69/s  (0.373s, 1372.38/s)  ETA: 09:00:27  Done: 2026-06-04 20:19:54  LR: 1.608e-04  Data: 0.007 (0.008)
Train: 15 [ 700/2502 ( 28%)]  Loss:  6.319229 (6.4771)  Time: 0.369s, 1386.14/s  (0.373s, 1372.63/s)  ETA: 09:00:02  Done: 2026-06-04 20:19:48  LR: 1.608e-04  Data: 0.008 (0.008)
Train: 15 [ 750/2502 ( 30%)]  Loss:  6.706961 (6.4914)  Time: 0.368s, 1391.01/s  (0.373s, 1372.73/s)  ETA: 08:59:41  Done: 2026-06-04 20:19:45  LR: 1.608e-04  Data: 0.006 (0.008)
Train: 15 [ 800/2502 ( 32%)]  Loss:  6.114135 (6.4692)  Time: 0.368s, 1391.36/s  (0.373s, 1372.79/s)  ETA: 08:59:21  Done: 2026-06-04 20:19:44  LR: 1.608e-04  Data: 0.006 (0.008)
Train: 15 [ 850/2502 ( 34%)]  Loss:  6.430699 (6.4671)  Time: 0.368s, 1390.90/s  (0.373s, 1372.07/s)  ETA: 08:59:19  Done: 2026-06-04 20:20:01  LR: 1.608e-04  Data: 0.008 (0.008)
Train: 15 [ 900/2502 ( 36%)]  Loss:  7.216445 (6.5065)  Time: 0.367s, 1396.55/s  (0.373s, 1372.81/s)  ETA: 08:58:43  Done: 2026-06-04 20:19:43  LR: 1.608e-04  Data: 0.006 (0.008)
Train: 15 [ 950/2502 ( 38%)]  Loss:  6.398389 (6.5011)  Time: 0.367s, 1393.33/s  (0.373s, 1373.43/s)  ETA: 08:58:10  Done: 2026-06-04 20:19:29  LR: 1.608e-04  Data: 0.007 (0.008)
Train: 15 [1000/2502 ( 40%)]  Loss:  5.615200 (6.4589)  Time: 0.368s, 1392.95/s  (0.373s, 1374.11/s)  ETA: 08:57:36  Done: 2026-06-04 20:19:13  LR: 1.608e-04  Data: 0.006 (0.008)
Train: 15 [1050/2502 ( 42%)]  Loss:  6.420343 (6.4572)  Time: 0.368s, 1389.91/s  (0.372s, 1374.77/s)  ETA: 08:57:01  Done: 2026-06-04 20:18:57  LR: 1.608e-04  Data: 0.007 (0.008)
Train: 15 [1100/2502 ( 44%)]  Loss:  6.322243 (6.4513)  Time: 0.368s, 1391.93/s  (0.372s, 1375.37/s)  ETA: 08:56:29  Done: 2026-06-04 20:18:43  LR: 1.608e-04  Data: 0.006 (0.008)
Train: 15 [1150/2502 ( 46%)]  Loss:  6.320894 (6.4459)  Time: 0.372s, 1377.36/s  (0.372s, 1375.80/s)  ETA: 08:56:00  Done: 2026-06-04 20:18:32  LR: 1.608e-04  Data: 0.007 (0.008)
Train: 15 [1200/2502 ( 48%)]  Loss:  6.741060 (6.4577)  Time: 0.369s, 1386.39/s  (0.372s, 1376.22/s)  ETA: 08:55:32  Done: 2026-06-04 20:18:23  LR: 1.608e-04  Data: 0.007 (0.008)
Train: 15 [1250/2502 ( 50%)]  Loss:  6.206163 (6.4480)  Time: 0.370s, 1383.48/s  (0.372s, 1376.49/s)  ETA: 08:55:07  Done: 2026-06-04 20:18:16  LR: 1.608e-04  Data: 0.008 (0.008)
Train: 15 [1300/2502 ( 52%)]  Loss:  6.393477 (6.4460)  Time: 0.371s, 1379.60/s  (0.372s, 1376.77/s)  ETA: 08:54:42  Done: 2026-06-04 20:18:09  LR: 1.608e-04  Data: 0.007 (0.008)
Train: 15 [1350/2502 ( 54%)]  Loss:  6.777905 (6.4579)  Time: 0.369s, 1388.39/s  (0.372s, 1377.26/s)  ETA: 08:54:12  Done: 2026-06-04 20:17:58  LR: 1.608e-04  Data: 0.008 (0.008)
Train: 15 [1400/2502 ( 56%)]  Loss:  5.557214 (6.4268)  Time: 0.367s, 1394.25/s  (0.372s, 1377.57/s)  ETA: 08:53:46  Done: 2026-06-04 20:17:51  LR: 1.608e-04  Data: 0.006 (0.008)
Train: 15 [1450/2502 ( 58%)]  Loss:  6.335271 (6.4237)  Time: 0.368s, 1389.68/s  (0.372s, 1377.67/s)  ETA: 08:53:25  Done: 2026-06-04 20:17:48  LR: 1.608e-04  Data: 0.007 (0.008)
Train: 15 [1500/2502 ( 60%)]  Loss:  6.533470 (6.4273)  Time: 0.369s, 1387.28/s  (0.372s, 1376.77/s)  ETA: 08:53:27  Done: 2026-06-04 20:18:09  LR: 1.608e-04  Data: 0.007 (0.008)
Train: 15 [1550/2502 ( 62%)]  Loss:  6.251337 (6.4218)  Time: 0.369s, 1385.80/s  (0.372s, 1376.55/s)  ETA: 08:53:14  Done: 2026-06-04 20:18:15  LR: 1.608e-04  Data: 0.007 (0.008)
Train: 15 [1600/2502 ( 64%)]  Loss:  6.531728 (6.4251)  Time: 0.389s, 1317.26/s  (0.372s, 1376.29/s)  ETA: 08:53:01  Done: 2026-06-04 20:18:21  LR: 1.608e-04  Data: 0.007 (0.008)
Train: 15 [1650/2502 ( 66%)]  Loss:  6.507881 (6.4276)  Time: 0.368s, 1391.79/s  (0.372s, 1376.24/s)  ETA: 08:52:44  Done: 2026-06-04 20:18:22  LR: 1.608e-04  Data: 0.008 (0.008)
Train: 15 [1700/2502 ( 68%)]  Loss:  6.286229 (6.4235)  Time: 0.372s, 1376.35/s  (0.372s, 1376.29/s)  ETA: 08:52:24  Done: 2026-06-04 20:18:21  LR: 1.608e-04  Data: 0.008 (0.008)
Train: 15 [1750/2502 ( 70%)]  Loss:  6.180480 (6.4168)  Time: 0.369s, 1386.36/s  (0.372s, 1376.58/s)  ETA: 08:51:59  Done: 2026-06-04 20:18:14  LR: 1.608e-04  Data: 0.005 (0.007)
Train: 15 [1800/2502 ( 72%)]  Loss:  6.725741 (6.4251)  Time: 0.369s, 1387.61/s  (0.372s, 1376.31/s)  ETA: 08:51:46  Done: 2026-06-04 20:18:20  LR: 1.608e-04  Data: 0.006 (0.007)
Train: 15 [1850/2502 ( 74%)]  Loss:  6.559602 (6.4287)  Time: 0.369s, 1387.32/s  (0.372s, 1376.27/s)  ETA: 08:51:29  Done: 2026-06-04 20:18:21  LR: 1.608e-04  Data: 0.008 (0.007)
Train: 15 [1900/2502 ( 76%)]  Loss:  6.588059 (6.4327)  Time: 0.367s, 1395.66/s  (0.372s, 1376.37/s)  ETA: 08:51:08  Done: 2026-06-04 20:18:19  LR: 1.608e-04  Data: 0.007 (0.007)
Train: 15 [1950/2502 ( 78%)]  Loss:  6.340816 (6.4304)  Time: 0.369s, 1388.52/s  (0.372s, 1376.62/s)  ETA: 08:50:43  Done: 2026-06-04 20:18:13  LR: 1.608e-04  Data: 0.006 (0.007)
Train: 15 [2000/2502 ( 80%)]  Loss:  7.109748 (6.4470)  Time: 0.389s, 1317.52/s  (0.372s, 1376.25/s)  ETA: 08:50:33  Done: 2026-06-04 20:18:22  LR: 1.608e-04  Data: 0.008 (0.007)
Train: 15 [2050/2502 ( 82%)]  Loss:  6.324459 (6.4441)  Time: 0.387s, 1321.30/s  (0.372s, 1376.22/s)  ETA: 08:50:15  Done: 2026-06-04 20:18:23  LR: 1.608e-04  Data: 0.008 (0.007)
Train: 15 [2100/2502 ( 84%)]  Loss:  6.121527 (6.4366)  Time: 0.369s, 1388.15/s  (0.372s, 1376.09/s)  ETA: 08:50:00  Done: 2026-06-04 20:18:26  LR: 1.608e-04  Data: 0.006 (0.007)
Train: 15 [2150/2502 ( 86%)]  Loss:  6.324641 (6.4340)  Time: 0.369s, 1387.02/s  (0.372s, 1376.22/s)  ETA: 08:49:38  Done: 2026-06-04 20:18:23  LR: 1.608e-04  Data: 0.006 (0.007)
Train: 15 [2200/2502 ( 88%)]  Loss:  6.679883 (6.4395)  Time: 0.368s, 1391.42/s  (0.372s, 1376.44/s)  ETA: 08:49:15  Done: 2026-06-04 20:18:17  LR: 1.608e-04  Data: 0.007 (0.007)
Train: 15 [2250/2502 ( 90%)]  Loss:  6.086798 (6.4318)  Time: 0.368s, 1391.20/s  (0.372s, 1376.69/s)  ETA: 08:48:50  Done: 2026-06-04 20:18:11  LR: 1.608e-04  Data: 0.007 (0.007)
Train: 15 [2300/2502 ( 92%)]  Loss:  6.599082 (6.4354)  Time: 0.368s, 1391.09/s  (0.372s, 1376.72/s)  ETA: 08:48:31  Done: 2026-06-04 20:18:11  LR: 1.608e-04  Data: 0.008 (0.007)
Train: 15 [2350/2502 ( 94%)]  Loss:  6.704794 (6.4410)  Time: 0.369s, 1388.47/s  (0.372s, 1376.88/s)  ETA: 08:48:09  Done: 2026-06-04 20:18:07  LR: 1.608e-04  Data: 0.007 (0.007)
Train: 15 [2400/2502 ( 96%)]  Loss:  6.290916 (6.4379)  Time: 0.368s, 1391.40/s  (0.372s, 1376.72/s)  ETA: 08:47:54  Done: 2026-06-04 20:18:11  LR: 1.608e-04  Data: 0.006 (0.007)
Train: 15 [2450/2502 ( 98%)]  Loss:  6.624837 (6.4417)  Time: 0.370s, 1382.20/s  (0.372s, 1376.93/s)  ETA: 08:47:30  Done: 2026-06-04 20:18:06  LR: 1.608e-04  Data: 0.007 (0.007)
epoch:  15 g['lr']:  0.00016083959896778498
Train: 16 [   0/2502 (  0%)]  Loss:  6.472939 (6.4729)  Time: 1.121s,  456.56/s  (1.121s,  456.56/s)  ETA: 26:29:57  Done: 2026-06-05 14:00:50  LR: 1.559e-04  Data: 0.622 (0.622)
Train: 16 [  50/2502 (  2%)]  Loss:  6.698632 (6.5858)  Time: 0.368s, 1390.89/s  (0.389s, 1314.78/s)  ETA: 09:11:47  Done: 2026-06-04 20:42:59  LR: 1.559e-04  Data: 0.006 (0.019)
Train: 16 [ 100/2502 (  4%)]  Loss:  6.536085 (6.5692)  Time: 0.369s, 1388.08/s  (0.380s, 1348.84/s)  ETA: 08:57:32  Done: 2026-06-04 20:29:03  LR: 1.559e-04  Data: 0.006 (0.013)
Train: 16 [ 150/2502 (  6%)]  Loss:  6.142214 (6.4625)  Time: 0.369s, 1388.23/s  (0.376s, 1360.50/s)  ETA: 08:52:37  Done: 2026-06-04 20:24:26  LR: 1.559e-04  Data: 0.007 (0.011)
Train: 16 [ 200/2502 (  8%)]  Loss:  6.202700 (6.4105)  Time: 0.367s, 1396.20/s  (0.375s, 1366.87/s)  ETA: 08:49:49  Done: 2026-06-04 20:21:57  LR: 1.559e-04  Data: 0.006 (0.010)
Train: 16 [ 250/2502 ( 10%)]  Loss:  6.086250 (6.3565)  Time: 0.402s, 1275.11/s  (0.375s, 1366.41/s)  ETA: 08:49:41  Done: 2026-06-04 20:22:07  LR: 1.559e-04  Data: 0.007 (0.009)
Train: 16 [ 300/2502 ( 12%)]  Loss:  6.092043 (6.3187)  Time: 0.367s, 1395.34/s  (0.374s, 1369.10/s)  ETA: 08:48:20  Done: 2026-06-04 20:21:05  LR: 1.559e-04  Data: 0.006 (0.009)
Train: 16 [ 350/2502 ( 14%)]  Loss:  6.638385 (6.3587)  Time: 0.369s, 1389.07/s  (0.373s, 1371.50/s)  ETA: 08:47:06  Done: 2026-06-04 20:20:09  LR: 1.559e-04  Data: 0.007 (0.009)
Train: 16 [ 400/2502 ( 16%)]  Loss:  5.956780 (6.3140)  Time: 0.367s, 1394.68/s  (0.373s, 1373.41/s)  ETA: 08:46:03  Done: 2026-06-04 20:19:25  LR: 1.559e-04  Data: 0.006 (0.009)
Train: 16 [ 450/2502 ( 18%)]  Loss:  6.403203 (6.3229)  Time: 0.389s, 1316.71/s  (0.373s, 1374.25/s)  ETA: 08:45:25  Done: 2026-06-04 20:19:05  LR: 1.559e-04  Data: 0.009 (0.008)
Train: 16 [ 500/2502 ( 20%)]  Loss:  6.257846 (6.3170)  Time: 0.367s, 1395.65/s  (0.372s, 1374.98/s)  ETA: 08:44:50  Done: 2026-06-04 20:18:49  LR: 1.559e-04  Data: 0.006 (0.008)
Train: 16 [ 550/2502 ( 22%)]  Loss:  6.445468 (6.3277)  Time: 0.369s, 1388.60/s  (0.372s, 1375.95/s)  ETA: 08:44:09  Done: 2026-06-04 20:18:26  LR: 1.559e-04  Data: 0.006 (0.008)
Train: 16 [ 600/2502 ( 24%)]  Loss:  6.347763 (6.3293)  Time: 0.367s, 1395.70/s  (0.372s, 1376.74/s)  ETA: 08:43:32  Done: 2026-06-04 20:18:08  LR: 1.559e-04  Data: 0.007 (0.008)
Train: 16 [ 650/2502 ( 26%)]  Loss:  6.640614 (6.3515)  Time: 0.369s, 1387.56/s  (0.372s, 1377.45/s)  ETA: 08:42:57  Done: 2026-06-04 20:17:52  LR: 1.559e-04  Data: 0.006 (0.008)
Train: 16 [ 700/2502 ( 28%)]  Loss:  5.870920 (6.3195)  Time: 0.371s, 1380.89/s  (0.372s, 1378.03/s)  ETA: 08:42:26  Done: 2026-06-04 20:17:39  LR: 1.559e-04  Data: 0.007 (0.008)
Train: 16 [ 750/2502 ( 30%)]  Loss:  6.575246 (6.3354)  Time: 0.385s, 1328.15/s  (0.372s, 1377.98/s)  ETA: 08:42:08  Done: 2026-06-04 20:17:40  LR: 1.559e-04  Data: 0.007 (0.008)
Train: 16 [ 800/2502 ( 32%)]  Loss:  5.946018 (6.3125)  Time: 0.367s, 1395.75/s  (0.371s, 1378.51/s)  ETA: 08:41:38  Done: 2026-06-04 20:17:28  LR: 1.559e-04  Data: 0.006 (0.008)
Train: 16 [ 850/2502 ( 34%)]  Loss:  6.079144 (6.2996)  Time: 0.369s, 1386.07/s  (0.371s, 1378.78/s)  ETA: 08:41:13  Done: 2026-06-04 20:17:21  LR: 1.559e-04  Data: 0.007 (0.008)
Train: 16 [ 900/2502 ( 36%)]  Loss:  6.242209 (6.2966)  Time: 0.367s, 1393.20/s  (0.371s, 1378.39/s)  ETA: 08:41:03  Done: 2026-06-04 20:17:30  LR: 1.559e-04  Data: 0.006 (0.008)
Train: 16 [ 950/2502 ( 38%)]  Loss:  6.401926 (6.3018)  Time: 0.367s, 1394.72/s  (0.372s, 1377.53/s)  ETA: 08:41:04  Done: 2026-06-04 20:17:50  LR: 1.559e-04  Data: 0.006 (0.008)
Train: 16 [1000/2502 ( 40%)]  Loss:  5.856008 (6.2806)  Time: 0.367s, 1396.96/s  (0.372s, 1377.04/s)  ETA: 08:40:57  Done: 2026-06-04 20:18:01  LR: 1.559e-04  Data: 0.007 (0.008)
Train: 16 [1050/2502 ( 42%)]  Loss:  6.318439 (6.2823)  Time: 0.368s, 1390.49/s  (0.372s, 1377.63/s)  ETA: 08:40:25  Done: 2026-06-04 20:17:48  LR: 1.559e-04  Data: 0.007 (0.008)
Train: 16 [1100/2502 ( 44%)]  Loss:  6.524620 (6.2928)  Time: 0.367s, 1394.72/s  (0.371s, 1378.22/s)  ETA: 08:39:53  Done: 2026-06-04 20:17:34  LR: 1.559e-04  Data: 0.006 (0.008)
Train: 16 [1150/2502 ( 46%)]  Loss:  6.658209 (6.3081)  Time: 0.368s, 1391.49/s  (0.371s, 1378.74/s)  ETA: 08:39:22  Done: 2026-06-04 20:17:22  LR: 1.559e-04  Data: 0.008 (0.008)
Train: 16 [1200/2502 ( 48%)]  Loss:  6.649080 (6.3217)  Time: 0.369s, 1387.81/s  (0.371s, 1378.75/s)  ETA: 08:39:04  Done: 2026-06-04 20:17:22  LR: 1.559e-04  Data: 0.006 (0.008)
Train: 16 [1250/2502 ( 50%)]  Loss:  6.320453 (6.3217)  Time: 0.368s, 1391.73/s  (0.371s, 1378.92/s)  ETA: 08:38:41  Done: 2026-06-04 20:17:18  LR: 1.559e-04  Data: 0.007 (0.008)
Train: 16 [1300/2502 ( 52%)]  Loss:  6.168649 (6.3160)  Time: 0.369s, 1386.02/s  (0.371s, 1378.95/s)  ETA: 08:38:22  Done: 2026-06-04 20:17:18  LR: 1.559e-04  Data: 0.006 (0.007)
Train: 16 [1350/2502 ( 54%)]  Loss:  6.811276 (6.3337)  Time: 0.369s, 1387.12/s  (0.371s, 1379.39/s)  ETA: 08:37:53  Done: 2026-06-04 20:17:07  LR: 1.559e-04  Data: 0.007 (0.007)
Train: 16 [1400/2502 ( 56%)]  Loss:  6.520324 (6.3401)  Time: 0.367s, 1396.31/s  (0.371s, 1379.80/s)  ETA: 08:37:26  Done: 2026-06-04 20:16:58  LR: 1.559e-04  Data: 0.006 (0.007)
Train: 16 [1450/2502 ( 58%)]  Loss:  5.712016 (6.3192)  Time: 0.371s, 1381.42/s  (0.371s, 1380.07/s)  ETA: 08:37:01  Done: 2026-06-04 20:16:52  LR: 1.559e-04  Data: 0.007 (0.007)
Train: 16 [1500/2502 ( 60%)]  Loss:  6.178214 (6.3146)  Time: 0.367s, 1395.54/s  (0.371s, 1380.36/s)  ETA: 08:36:36  Done: 2026-06-04 20:16:45  LR: 1.559e-04  Data: 0.006 (0.007)
Train: 16 [1550/2502 ( 62%)]  Loss:  6.229720 (6.3120)  Time: 0.369s, 1388.92/s  (0.371s, 1380.54/s)  ETA: 08:36:13  Done: 2026-06-04 20:16:41  LR: 1.559e-04  Data: 0.007 (0.007)
Train: 16 [1600/2502 ( 64%)]  Loss:  6.962090 (6.3317)  Time: 0.367s, 1394.49/s  (0.371s, 1380.80/s)  ETA: 08:35:49  Done: 2026-06-04 20:16:35  LR: 1.559e-04  Data: 0.006 (0.007)
Train: 16 [1650/2502 ( 66%)]  Loss:  6.347396 (6.3321)  Time: 0.369s, 1387.79/s  (0.371s, 1381.01/s)  ETA: 08:35:26  Done: 2026-06-04 20:16:30  LR: 1.559e-04  Data: 0.007 (0.007)
Train: 16 [1700/2502 ( 68%)]  Loss:  6.060466 (6.3244)  Time: 0.376s, 1363.24/s  (0.371s, 1380.96/s)  ETA: 08:35:08  Done: 2026-06-04 20:16:32  LR: 1.559e-04  Data: 0.006 (0.007)
Train: 16 [1750/2502 ( 70%)]  Loss:  6.206113 (6.3211)  Time: 0.376s, 1363.02/s  (0.371s, 1380.45/s)  ETA: 08:35:01  Done: 2026-06-04 20:16:43  LR: 1.559e-04  Data: 0.008 (0.007)
Train: 16 [1800/2502 ( 72%)]  Loss:  5.961081 (6.3114)  Time: 0.375s, 1365.71/s  (0.371s, 1379.80/s)  ETA: 08:34:57  Done: 2026-06-04 20:16:58  LR: 1.559e-04  Data: 0.006 (0.007)
Train: 16 [1850/2502 ( 74%)]  Loss:  6.265422 (6.3102)  Time: 0.376s, 1362.61/s  (0.371s, 1378.68/s)  ETA: 08:35:04  Done: 2026-06-04 20:17:24  LR: 1.559e-04  Data: 0.008 (0.007)
Train: 16 [1900/2502 ( 76%)]  Loss:  6.134121 (6.3056)  Time: 0.373s, 1374.12/s  (0.372s, 1377.72/s)  ETA: 08:35:07  Done: 2026-06-04 20:17:46  LR: 1.559e-04  Data: 0.006 (0.007)
Train: 16 [1950/2502 ( 78%)]  Loss:  6.381753 (6.3075)  Time: 0.368s, 1392.66/s  (0.372s, 1377.20/s)  ETA: 08:35:00  Done: 2026-06-04 20:17:58  LR: 1.559e-04  Data: 0.006 (0.007)
Train: 16 [2000/2502 ( 80%)]  Loss:  6.129185 (6.3032)  Time: 0.374s, 1369.06/s  (0.372s, 1376.84/s)  ETA: 08:34:49  Done: 2026-06-04 20:18:06  LR: 1.559e-04  Data: 0.006 (0.007)
Train: 16 [2050/2502 ( 82%)]  Loss:  6.951908 (6.3186)  Time: 0.374s, 1369.62/s  (0.372s, 1376.51/s)  ETA: 08:34:38  Done: 2026-06-04 20:18:14  LR: 1.559e-04  Data: 0.007 (0.007)
Train: 16 [2100/2502 ( 84%)]  Loss:  5.521669 (6.3001)  Time: 0.375s, 1364.63/s  (0.372s, 1376.29/s)  ETA: 08:34:25  Done: 2026-06-04 20:18:19  LR: 1.559e-04  Data: 0.006 (0.007)
Train: 16 [2150/2502 ( 86%)]  Loss:  6.684690 (6.3088)  Time: 0.369s, 1387.65/s  (0.372s, 1376.21/s)  ETA: 08:34:08  Done: 2026-06-04 20:18:20  LR: 1.559e-04  Data: 0.007 (0.007)
Train: 16 [2200/2502 ( 88%)]  Loss:  5.711048 (6.2956)  Time: 0.368s, 1392.33/s  (0.372s, 1376.39/s)  ETA: 08:33:45  Done: 2026-06-04 20:18:16  LR: 1.559e-04  Data: 0.006 (0.007)
Train: 16 [2250/2502 ( 90%)]  Loss:  6.529351 (6.3006)  Time: 0.368s, 1390.89/s  (0.372s, 1376.56/s)  ETA: 08:33:23  Done: 2026-06-04 20:18:12  LR: 1.559e-04  Data: 0.007 (0.007)
Train: 16 [2300/2502 ( 92%)]  Loss:  6.255840 (6.2997)  Time: 0.367s, 1393.67/s  (0.372s, 1376.71/s)  ETA: 08:33:01  Done: 2026-06-04 20:18:09  LR: 1.559e-04  Data: 0.006 (0.007)
Train: 16 [2350/2502 ( 94%)]  Loss:  5.766942 (6.2886)  Time: 0.368s, 1390.09/s  (0.372s, 1376.96/s)  ETA: 08:32:36  Done: 2026-06-04 20:18:03  LR: 1.559e-04  Data: 0.007 (0.007)
Train: 16 [2400/2502 ( 96%)]  Loss:  5.964421 (6.2820)  Time: 0.368s, 1389.57/s  (0.372s, 1377.22/s)  ETA: 08:32:12  Done: 2026-06-04 20:17:57  LR: 1.559e-04  Data: 0.007 (0.007)
Train: 16 [2450/2502 ( 98%)]  Loss:  6.460354 (6.2855)  Time: 0.369s, 1387.16/s  (0.372s, 1377.31/s)  ETA: 08:31:52  Done: 2026-06-04 20:17:55  LR: 1.559e-04  Data: 0.007 (0.007)
epoch:  16 g['lr']:  0.0001559035455230047
Train: 17 [   0/2502 (  0%)]  Loss:  6.479825 (6.4798)  Time: 1.089s,  470.36/s  (1.089s,  470.36/s)  ETA: 24:57:54  Done: 2026-06-05 12:44:15  LR: 1.508e-04  Data: 0.683 (0.683)
Train: 17 [  50/2502 (  2%)]  Loss:  6.036623 (6.2582)  Time: 0.369s, 1386.51/s  (0.386s, 1327.95/s)  ETA: 08:50:14  Done: 2026-06-04 20:36:54  LR: 1.508e-04  Data: 0.006 (0.020)
Train: 17 [ 100/2502 (  4%)]  Loss:  6.245265 (6.2539)  Time: 0.376s, 1361.01/s  (0.378s, 1355.71/s)  ETA: 08:39:03  Done: 2026-06-04 20:26:02  LR: 1.508e-04  Data: 0.006 (0.014)
Train: 17 [ 150/2502 (  6%)]  Loss:  5.753121 (6.1287)  Time: 0.369s, 1388.98/s  (0.376s, 1362.58/s)  ETA: 08:36:08  Done: 2026-06-04 20:23:25  LR: 1.508e-04  Data: 0.006 (0.011)
Train: 17 [ 200/2502 (  8%)]  Loss:  5.856303 (6.0742)  Time: 0.370s, 1384.24/s  (0.375s, 1366.80/s)  ETA: 08:34:13  Done: 2026-06-04 20:21:49  LR: 1.508e-04  Data: 0.007 (0.010)
Train: 17 [ 250/2502 ( 10%)]  Loss:  6.317772 (6.1148)  Time: 0.370s, 1383.65/s  (0.375s, 1366.10/s)  ETA: 08:34:10  Done: 2026-06-04 20:22:05  LR: 1.508e-04  Data: 0.007 (0.010)
Train: 17 [ 300/2502 ( 12%)]  Loss:  6.528515 (6.1739)  Time: 0.367s, 1393.23/s  (0.375s, 1366.26/s)  ETA: 08:33:48  Done: 2026-06-04 20:22:01  LR: 1.508e-04  Data: 0.007 (0.009)
Train: 17 [ 350/2502 ( 14%)]  Loss:  6.027027 (6.1556)  Time: 0.368s, 1390.34/s  (0.375s, 1365.29/s)  ETA: 08:33:51  Done: 2026-06-04 20:22:23  LR: 1.508e-04  Data: 0.007 (0.009)
Train: 17 [ 400/2502 ( 16%)]  Loss:  6.232304 (6.1641)  Time: 0.369s, 1387.11/s  (0.375s, 1365.43/s)  ETA: 08:33:29  Done: 2026-06-04 20:22:20  LR: 1.508e-04  Data: 0.007 (0.009)
Train: 17 [ 450/2502 ( 18%)]  Loss:  6.922760 (6.2400)  Time: 0.370s, 1385.32/s  (0.374s, 1367.19/s)  ETA: 08:32:31  Done: 2026-06-04 20:21:40  LR: 1.508e-04  Data: 0.007 (0.009)
Train: 17 [ 500/2502 ( 20%)]  Loss:  6.275939 (6.2432)  Time: 0.370s, 1382.39/s  (0.374s, 1368.89/s)  ETA: 08:31:34  Done: 2026-06-04 20:21:02  LR: 1.508e-04  Data: 0.006 (0.008)
Train: 17 [ 550/2502 ( 22%)]  Loss:  6.493782 (6.2641)  Time: 0.367s, 1395.31/s  (0.374s, 1370.31/s)  ETA: 08:30:43  Done: 2026-06-04 20:20:30  LR: 1.508e-04  Data: 0.006 (0.008)
Train: 17 [ 600/2502 ( 24%)]  Loss:  6.333957 (6.2695)  Time: 0.366s, 1397.18/s  (0.373s, 1371.79/s)  ETA: 08:29:52  Done: 2026-06-04 20:19:56  LR: 1.508e-04  Data: 0.007 (0.008)
Train: 17 [ 650/2502 ( 26%)]  Loss:  5.935830 (6.2456)  Time: 0.369s, 1386.79/s  (0.373s, 1372.19/s)  ETA: 08:29:24  Done: 2026-06-04 20:19:47  LR: 1.508e-04  Data: 0.007 (0.008)
Train: 17 [ 700/2502 ( 28%)]  Loss:  6.536129 (6.2650)  Time: 0.370s, 1383.59/s  (0.373s, 1373.12/s)  ETA: 08:28:45  Done: 2026-06-04 20:19:27  LR: 1.508e-04  Data: 0.006 (0.008)
Train: 17 [ 750/2502 ( 30%)]  Loss:  6.128344 (6.2565)  Time: 0.369s, 1385.95/s  (0.373s, 1373.71/s)  ETA: 08:28:13  Done: 2026-06-04 20:19:13  LR: 1.508e-04  Data: 0.007 (0.008)
Train: 17 [ 800/2502 ( 32%)]  Loss:  6.504551 (6.2711)  Time: 0.369s, 1385.66/s  (0.372s, 1374.59/s)  ETA: 08:27:35  Done: 2026-06-04 20:18:53  LR: 1.508e-04  Data: 0.007 (0.008)
Train: 17 [ 850/2502 ( 34%)]  Loss:  6.331882 (6.2744)  Time: 0.369s, 1388.19/s  (0.372s, 1375.19/s)  ETA: 08:27:03  Done: 2026-06-04 20:18:40  LR: 1.508e-04  Data: 0.007 (0.008)
Train: 17 [ 900/2502 ( 36%)]  Loss:  6.841436 (6.3043)  Time: 0.370s, 1383.14/s  (0.372s, 1375.60/s)  ETA: 08:26:35  Done: 2026-06-04 20:18:31  LR: 1.508e-04  Data: 0.007 (0.008)
Train: 17 [ 950/2502 ( 38%)]  Loss:  6.163344 (6.2972)  Time: 0.368s, 1392.56/s  (0.372s, 1376.27/s)  ETA: 08:26:02  Done: 2026-06-04 20:18:16  LR: 1.508e-04  Data: 0.007 (0.008)
Train: 17 [1000/2502 ( 40%)]  Loss:  6.239100 (6.2945)  Time: 0.367s, 1394.04/s  (0.372s, 1376.84/s)  ETA: 08:25:31  Done: 2026-06-04 20:18:03  LR: 1.508e-04  Data: 0.005 (0.008)
Train: 17 [1050/2502 ( 42%)]  Loss:  6.213570 (6.2908)  Time: 0.368s, 1391.33/s  (0.372s, 1377.36/s)  ETA: 08:25:01  Done: 2026-06-04 20:17:52  LR: 1.508e-04  Data: 0.006 (0.008)
Train: 17 [1100/2502 ( 44%)]  Loss:  6.541081 (6.3017)  Time: 0.368s, 1391.37/s  (0.372s, 1377.46/s)  ETA: 08:24:40  Done: 2026-06-04 20:17:50  LR: 1.508e-04  Data: 0.006 (0.008)
Train: 17 [1150/2502 ( 46%)]  Loss:  5.405242 (6.2643)  Time: 0.368s, 1390.63/s  (0.372s, 1377.80/s)  ETA: 08:24:14  Done: 2026-06-04 20:17:42  LR: 1.508e-04  Data: 0.007 (0.008)
Train: 17 [1200/2502 ( 48%)]  Loss:  7.107783 (6.2981)  Time: 0.369s, 1386.52/s  (0.372s, 1377.23/s)  ETA: 08:24:08  Done: 2026-06-04 20:17:55  LR: 1.508e-04  Data: 0.006 (0.008)
Train: 17 [1250/2502 ( 50%)]  Loss:  6.094398 (6.2902)  Time: 0.370s, 1383.33/s  (0.372s, 1376.75/s)  ETA: 08:24:00  Done: 2026-06-04 20:18:05  LR: 1.508e-04  Data: 0.007 (0.008)
Train: 17 [1300/2502 ( 52%)]  Loss:  6.071984 (6.2821)  Time: 0.386s, 1325.45/s  (0.372s, 1376.24/s)  ETA: 08:23:52  Done: 2026-06-04 20:18:17  LR: 1.508e-04  Data: 0.006 (0.008)
Train: 17 [1350/2502 ( 54%)]  Loss:  6.000033 (6.2721)  Time: 0.368s, 1391.51/s  (0.372s, 1376.24/s)  ETA: 08:23:34  Done: 2026-06-04 20:18:17  LR: 1.508e-04  Data: 0.006 (0.008)
Train: 17 [1400/2502 ( 56%)]  Loss:  6.175303 (6.2687)  Time: 0.370s, 1384.36/s  (0.372s, 1376.66/s)  ETA: 08:23:06  Done: 2026-06-04 20:18:07  LR: 1.508e-04  Data: 0.007 (0.008)
Train: 17 [1450/2502 ( 58%)]  Loss:  6.272685 (6.2689)  Time: 0.375s, 1367.07/s  (0.372s, 1377.04/s)  ETA: 08:22:39  Done: 2026-06-04 20:17:59  LR: 1.508e-04  Data: 0.007 (0.008)
Train: 17 [1500/2502 ( 60%)]  Loss:  6.375653 (6.2723)  Time: 0.368s, 1390.67/s  (0.372s, 1377.30/s)  ETA: 08:22:15  Done: 2026-06-04 20:17:53  LR: 1.508e-04  Data: 0.006 (0.008)
Train: 17 [1550/2502 ( 62%)]  Loss:  6.171556 (6.2692)  Time: 0.370s, 1382.66/s  (0.372s, 1377.60/s)  ETA: 08:21:50  Done: 2026-06-04 20:17:46  LR: 1.508e-04  Data: 0.007 (0.008)
Train: 17 [1600/2502 ( 64%)]  Loss:  5.938675 (6.2591)  Time: 0.369s, 1386.93/s  (0.372s, 1377.58/s)  ETA: 08:21:31  Done: 2026-06-04 20:17:47  LR: 1.508e-04  Data: 0.007 (0.008)
Train: 17 [1650/2502 ( 66%)]  Loss:  5.500306 (6.2368)  Time: 0.371s, 1379.33/s  (0.372s, 1377.79/s)  ETA: 08:21:08  Done: 2026-06-04 20:17:42  LR: 1.508e-04  Data: 0.007 (0.008)
Train: 17 [1700/2502 ( 68%)]  Loss:  6.189430 (6.2355)  Time: 0.371s, 1380.72/s  (0.372s, 1377.99/s)  ETA: 08:20:45  Done: 2026-06-04 20:17:38  LR: 1.508e-04  Data: 0.006 (0.008)
Train: 17 [1750/2502 ( 70%)]  Loss:  5.940254 (6.2273)  Time: 0.368s, 1391.37/s  (0.371s, 1378.30/s)  ETA: 08:20:20  Done: 2026-06-04 20:17:31  LR: 1.508e-04  Data: 0.007 (0.007)
Train: 17 [1800/2502 ( 72%)]  Loss:  6.338107 (6.2303)  Time: 0.387s, 1324.56/s  (0.371s, 1378.47/s)  ETA: 08:19:58  Done: 2026-06-04 20:17:27  LR: 1.508e-04  Data: 0.006 (0.007)
Train: 17 [1850/2502 ( 74%)]  Loss:  6.258518 (6.2310)  Time: 0.368s, 1389.87/s  (0.371s, 1378.72/s)  ETA: 08:19:34  Done: 2026-06-04 20:17:21  LR: 1.508e-04  Data: 0.007 (0.007)
Train: 17 [1900/2502 ( 76%)]  Loss:  6.868211 (6.2473)  Time: 0.367s, 1393.34/s  (0.371s, 1379.01/s)  ETA: 08:19:09  Done: 2026-06-04 20:17:15  LR: 1.508e-04  Data: 0.006 (0.007)
Train: 17 [1950/2502 ( 78%)]  Loss:  6.442301 (6.2522)  Time: 0.367s, 1394.58/s  (0.371s, 1379.27/s)  ETA: 08:18:45  Done: 2026-06-04 20:17:09  LR: 1.508e-04  Data: 0.006 (0.007)
Train: 17 [2000/2502 ( 80%)]  Loss:  6.719402 (6.2636)  Time: 0.369s, 1387.04/s  (0.371s, 1379.34/s)  ETA: 08:18:25  Done: 2026-06-04 20:17:08  LR: 1.508e-04  Data: 0.006 (0.007)
Train: 17 [2050/2502 ( 82%)]  Loss:  6.477984 (6.2687)  Time: 0.370s, 1385.63/s  (0.371s, 1379.22/s)  ETA: 08:18:09  Done: 2026-06-04 20:17:10  LR: 1.508e-04  Data: 0.007 (0.007)
Train: 17 [2100/2502 ( 84%)]  Loss:  6.487196 (6.2738)  Time: 0.389s, 1316.20/s  (0.371s, 1379.10/s)  ETA: 08:17:53  Done: 2026-06-04 20:17:13  LR: 1.508e-04  Data: 0.007 (0.007)
Train: 17 [2150/2502 ( 86%)]  Loss:  6.306334 (6.2745)  Time: 0.369s, 1386.12/s  (0.371s, 1378.76/s)  ETA: 08:17:41  Done: 2026-06-04 20:17:21  LR: 1.508e-04  Data: 0.008 (0.007)
Train: 17 [2200/2502 ( 88%)]  Loss:  5.992750 (6.2683)  Time: 0.370s, 1385.43/s  (0.371s, 1378.31/s)  ETA: 08:17:33  Done: 2026-06-04 20:17:31  LR: 1.508e-04  Data: 0.006 (0.007)
Train: 17 [2250/2502 ( 90%)]  Loss:  6.285019 (6.2686)  Time: 0.369s, 1386.57/s  (0.371s, 1378.24/s)  ETA: 08:17:16  Done: 2026-06-04 20:17:32  LR: 1.508e-04  Data: 0.006 (0.007)
Train: 17 [2300/2502 ( 92%)]  Loss:  5.879292 (6.2604)  Time: 0.368s, 1390.69/s  (0.371s, 1378.26/s)  ETA: 08:16:57  Done: 2026-06-04 20:17:32  LR: 1.508e-04  Data: 0.007 (0.007)
Train: 17 [2350/2502 ( 94%)]  Loss:  6.623325 (6.2679)  Time: 0.389s, 1316.66/s  (0.371s, 1378.36/s)  ETA: 08:16:36  Done: 2026-06-04 20:17:30  LR: 1.508e-04  Data: 0.008 (0.007)
Train: 17 [2400/2502 ( 96%)]  Loss:  6.377121 (6.2701)  Time: 0.368s, 1392.24/s  (0.371s, 1378.56/s)  ETA: 08:16:13  Done: 2026-06-04 20:17:25  LR: 1.508e-04  Data: 0.007 (0.007)
Train: 17 [2450/2502 ( 98%)]  Loss:  6.713286 (6.2790)  Time: 0.369s, 1385.95/s  (0.371s, 1378.68/s)  ETA: 08:15:52  Done: 2026-06-04 20:17:22  LR: 1.508e-04  Data: 0.007 (0.007)
epoch:  17 g['lr']:  0.00015076659903966294
Train: 18 [   0/2502 (  0%)]  Loss:  6.161962 (6.1620)  Time: 1.133s,  451.85/s  (1.133s,  451.85/s)  ETA: 25:12:01  Done: 2026-06-05 13:13:49  LR: 1.454e-04  Data: 0.612 (0.612)
Train: 18 [  50/2502 (  2%)]  Loss:  6.351855 (6.2569)  Time: 0.369s, 1388.56/s  (0.389s, 1317.35/s)  ETA: 08:38:17  Done: 2026-06-04 20:40:24  LR: 1.454e-04  Data: 0.007 (0.018)
Train: 18 [ 100/2502 (  4%)]  Loss:  6.585430 (6.3664)  Time: 0.368s, 1393.13/s  (0.379s, 1349.77/s)  ETA: 08:25:31  Done: 2026-06-04 20:27:57  LR: 1.454e-04  Data: 0.006 (0.013)
Train: 18 [ 150/2502 (  6%)]  Loss:  6.354426 (6.3634)  Time: 0.367s, 1394.47/s  (0.376s, 1362.75/s)  ETA: 08:20:24  Done: 2026-06-04 20:23:08  LR: 1.454e-04  Data: 0.006 (0.011)
Train: 18 [ 200/2502 (  8%)]  Loss:  6.105263 (6.3118)  Time: 0.369s, 1388.62/s  (0.375s, 1366.89/s)  ETA: 08:18:34  Done: 2026-06-04 20:21:37  LR: 1.454e-04  Data: 0.007 (0.010)
Train: 18 [ 250/2502 ( 10%)]  Loss:  6.107806 (6.2778)  Time: 0.370s, 1382.35/s  (0.374s, 1370.59/s)  ETA: 08:16:55  Done: 2026-06-04 20:20:16  LR: 1.454e-04  Data: 0.007 (0.009)
Train: 18 [ 300/2502 ( 12%)]  Loss:  6.324845 (6.2845)  Time: 0.368s, 1391.04/s  (0.373s, 1372.05/s)  ETA: 08:16:04  Done: 2026-06-04 20:19:44  LR: 1.454e-04  Data: 0.006 (0.009)
Train: 18 [ 350/2502 ( 14%)]  Loss:  6.553991 (6.3182)  Time: 0.370s, 1383.57/s  (0.373s, 1372.24/s)  ETA: 08:15:41  Done: 2026-06-04 20:19:40  LR: 1.454e-04  Data: 0.007 (0.009)
Train: 18 [ 400/2502 ( 16%)]  Loss:  6.590343 (6.3484)  Time: 0.370s, 1384.87/s  (0.373s, 1371.70/s)  ETA: 08:15:34  Done: 2026-06-04 20:19:51  LR: 1.454e-04  Data: 0.007 (0.009)
Train: 18 [ 450/2502 ( 18%)]  Loss:  5.685164 (6.2821)  Time: 0.368s, 1389.61/s  (0.373s, 1371.98/s)  ETA: 08:15:10  Done: 2026-06-04 20:19:45  LR: 1.454e-04  Data: 0.008 (0.008)
Train: 18 [ 500/2502 ( 20%)]  Loss:  6.474398 (6.2996)  Time: 0.369s, 1388.93/s  (0.373s, 1373.02/s)  ETA: 08:14:28  Done: 2026-06-04 20:19:23  LR: 1.454e-04  Data: 0.007 (0.008)
Train: 18 [ 550/2502 ( 22%)]  Loss:  5.368823 (6.2220)  Time: 0.370s, 1384.07/s  (0.373s, 1374.15/s)  ETA: 08:13:45  Done: 2026-06-04 20:18:58  LR: 1.454e-04  Data: 0.007 (0.008)
Train: 18 [ 600/2502 ( 24%)]  Loss:  6.827125 (6.2686)  Time: 0.368s, 1390.03/s  (0.373s, 1373.76/s)  ETA: 08:13:35  Done: 2026-06-04 20:19:07  LR: 1.454e-04  Data: 0.008 (0.008)
Train: 18 [ 650/2502 ( 26%)]  Loss:  6.732677 (6.3017)  Time: 0.370s, 1385.28/s  (0.373s, 1372.53/s)  ETA: 08:13:43  Done: 2026-06-04 20:19:33  LR: 1.454e-04  Data: 0.008 (0.008)
Train: 18 [ 700/2502 ( 28%)]  Loss:  6.279497 (6.3002)  Time: 0.368s, 1390.90/s  (0.373s, 1372.53/s)  ETA: 08:13:25  Done: 2026-06-04 20:19:33  LR: 1.454e-04  Data: 0.008 (0.008)
Train: 18 [ 750/2502 ( 30%)]  Loss:  6.540106 (6.3152)  Time: 0.368s, 1390.21/s  (0.373s, 1371.98/s)  ETA: 08:13:18  Done: 2026-06-04 20:19:46  LR: 1.454e-04  Data: 0.007 (0.008)
Train: 18 [ 800/2502 ( 32%)]  Loss:  6.571574 (6.3303)  Time: 0.368s, 1390.65/s  (0.373s, 1372.35/s)  ETA: 08:12:51  Done: 2026-06-04 20:19:37  LR: 1.454e-04  Data: 0.007 (0.008)
Train: 18 [ 850/2502 ( 34%)]  Loss:  6.212145 (6.3237)  Time: 0.369s, 1389.33/s  (0.373s, 1373.14/s)  ETA: 08:12:16  Done: 2026-06-04 20:19:20  LR: 1.454e-04  Data: 0.007 (0.008)
Train: 18 [ 900/2502 ( 36%)]  Loss:  6.361124 (6.3257)  Time: 0.372s, 1376.92/s  (0.373s, 1373.84/s)  ETA: 08:11:42  Done: 2026-06-04 20:19:05  LR: 1.454e-04  Data: 0.007 (0.008)
Train: 18 [ 950/2502 ( 38%)]  Loss:  6.271213 (6.3230)  Time: 0.369s, 1388.78/s  (0.373s, 1374.23/s)  ETA: 08:11:15  Done: 2026-06-04 20:18:57  LR: 1.454e-04  Data: 0.007 (0.008)
Train: 18 [1000/2502 ( 40%)]  Loss:  6.581500 (6.3353)  Time: 0.370s, 1383.47/s  (0.373s, 1373.90/s)  ETA: 08:11:03  Done: 2026-06-04 20:19:04  LR: 1.454e-04  Data: 0.008 (0.008)
Train: 18 [1050/2502 ( 42%)]  Loss:  6.387609 (6.3377)  Time: 0.368s, 1391.26/s  (0.373s, 1374.19/s)  ETA: 08:10:38  Done: 2026-06-04 20:18:57  LR: 1.454e-04  Data: 0.008 (0.008)
Train: 18 [1100/2502 ( 44%)]  Loss:  6.515730 (6.3454)  Time: 0.369s, 1388.82/s  (0.372s, 1374.73/s)  ETA: 08:10:08  Done: 2026-06-04 20:18:46  LR: 1.454e-04  Data: 0.007 (0.008)
Train: 18 [1150/2502 ( 46%)]  Loss:  6.391025 (6.3473)  Time: 0.368s, 1389.97/s  (0.372s, 1375.13/s)  ETA: 08:09:41  Done: 2026-06-04 20:18:37  LR: 1.454e-04  Data: 0.007 (0.008)
Train: 18 [1200/2502 ( 48%)]  Loss:  6.356107 (6.3477)  Time: 0.368s, 1392.21/s  (0.372s, 1375.58/s)  ETA: 08:09:13  Done: 2026-06-04 20:18:27  LR: 1.454e-04  Data: 0.007 (0.008)
Train: 18 [1250/2502 ( 50%)]  Loss:  6.409485 (6.3500)  Time: 0.368s, 1390.52/s  (0.372s, 1376.03/s)  ETA: 08:08:45  Done: 2026-06-04 20:18:17  LR: 1.454e-04  Data: 0.007 (0.008)
Train: 18 [1300/2502 ( 52%)]  Loss:  6.308775 (6.3485)  Time: 0.368s, 1390.01/s  (0.372s, 1376.23/s)  ETA: 08:08:22  Done: 2026-06-04 20:18:13  LR: 1.454e-04  Data: 0.007 (0.008)
Train: 18 [1350/2502 ( 54%)]  Loss:  6.411051 (6.3508)  Time: 0.367s, 1395.19/s  (0.372s, 1376.56/s)  ETA: 08:07:56  Done: 2026-06-04 20:18:06  LR: 1.454e-04  Data: 0.007 (0.008)
Train: 18 [1400/2502 ( 56%)]  Loss:  6.130700 (6.3432)  Time: 0.374s, 1370.72/s  (0.372s, 1376.52/s)  ETA: 08:07:38  Done: 2026-06-04 20:18:07  LR: 1.454e-04  Data: 0.007 (0.008)
Train: 18 [1450/2502 ( 58%)]  Loss:  6.566358 (6.3506)  Time: 0.370s, 1383.09/s  (0.372s, 1376.57/s)  ETA: 08:07:19  Done: 2026-06-04 20:18:06  LR: 1.454e-04  Data: 0.007 (0.008)
Train: 18 [1500/2502 ( 60%)]  Loss:  6.168706 (6.3447)  Time: 0.368s, 1390.88/s  (0.372s, 1376.90/s)  ETA: 08:06:53  Done: 2026-06-04 20:17:59  LR: 1.454e-04  Data: 0.007 (0.008)
Train: 18 [1550/2502 ( 62%)]  Loss:  6.113377 (6.3375)  Time: 0.371s, 1380.69/s  (0.372s, 1376.79/s)  ETA: 08:06:37  Done: 2026-06-04 20:18:01  LR: 1.454e-04  Data: 0.006 (0.008)
Train: 18 [1600/2502 ( 64%)]  Loss:  5.617239 (6.3157)  Time: 0.369s, 1387.08/s  (0.372s, 1375.94/s)  ETA: 08:06:36  Done: 2026-06-04 20:18:19  LR: 1.454e-04  Data: 0.007 (0.008)
Train: 18 [1650/2502 ( 66%)]  Loss:  5.769055 (6.2996)  Time: 0.369s, 1389.16/s  (0.372s, 1376.02/s)  ETA: 08:06:16  Done: 2026-06-04 20:18:18  LR: 1.454e-04  Data: 0.007 (0.008)
Train: 18 [1700/2502 ( 68%)]  Loss:  5.833982 (6.2863)  Time: 0.367s, 1393.76/s  (0.372s, 1376.14/s)  ETA: 08:05:55  Done: 2026-06-04 20:18:15  LR: 1.454e-04  Data: 0.007 (0.008)
Train: 18 [1750/2502 ( 70%)]  Loss:  6.225486 (6.2846)  Time: 0.368s, 1390.23/s  (0.372s, 1375.99/s)  ETA: 08:05:39  Done: 2026-06-04 20:18:18  LR: 1.454e-04  Data: 0.007 (0.008)
Train: 18 [1800/2502 ( 72%)]  Loss:  6.388765 (6.2874)  Time: 0.367s, 1395.09/s  (0.372s, 1376.23/s)  ETA: 08:05:16  Done: 2026-06-04 20:18:13  LR: 1.454e-04  Data: 0.007 (0.008)
Train: 18 [1850/2502 ( 74%)]  Loss:  5.899885 (6.2772)  Time: 0.368s, 1389.44/s  (0.372s, 1376.59/s)  ETA: 08:04:49  Done: 2026-06-04 20:18:05  LR: 1.454e-04  Data: 0.008 (0.008)
Train: 18 [1900/2502 ( 76%)]  Loss:  5.933253 (6.2684)  Time: 0.368s, 1390.02/s  (0.372s, 1376.84/s)  ETA: 08:04:26  Done: 2026-06-04 20:18:00  LR: 1.454e-04  Data: 0.007 (0.008)
Train: 18 [1950/2502 ( 78%)]  Loss:  6.625093 (6.2773)  Time: 0.385s, 1330.17/s  (0.372s, 1376.91/s)  ETA: 08:04:06  Done: 2026-06-04 20:17:59  LR: 1.454e-04  Data: 0.008 (0.008)
Train: 18 [2000/2502 ( 80%)]  Loss:  6.349894 (6.2791)  Time: 0.367s, 1393.63/s  (0.372s, 1377.25/s)  ETA: 08:03:40  Done: 2026-06-04 20:17:51  LR: 1.454e-04  Data: 0.008 (0.008)
Train: 18 [2050/2502 ( 82%)]  Loss:  6.330959 (6.2803)  Time: 0.368s, 1389.71/s  (0.372s, 1377.56/s)  ETA: 08:03:15  Done: 2026-06-04 20:17:45  LR: 1.454e-04  Data: 0.007 (0.008)
Train: 18 [2100/2502 ( 84%)]  Loss:  6.553227 (6.2867)  Time: 0.368s, 1392.09/s  (0.372s, 1377.85/s)  ETA: 08:02:50  Done: 2026-06-04 20:17:38  LR: 1.454e-04  Data: 0.007 (0.008)
Train: 18 [2150/2502 ( 86%)]  Loss:  6.008435 (6.2804)  Time: 0.367s, 1393.34/s  (0.372s, 1378.10/s)  ETA: 08:02:26  Done: 2026-06-04 20:17:33  LR: 1.454e-04  Data: 0.007 (0.008)
Train: 18 [2200/2502 ( 88%)]  Loss:  5.548406 (6.2641)  Time: 0.369s, 1388.29/s  (0.372s, 1378.10/s)  ETA: 08:02:08  Done: 2026-06-04 20:17:33  LR: 1.454e-04  Data: 0.007 (0.008)
Train: 18 [2250/2502 ( 90%)]  Loss:  6.271531 (6.2642)  Time: 0.389s, 1315.75/s  (0.371s, 1378.21/s)  ETA: 08:01:47  Done: 2026-06-04 20:17:31  LR: 1.454e-04  Data: 0.007 (0.008)
Train: 18 [2300/2502 ( 92%)]  Loss:  6.252075 (6.2640)  Time: 0.376s, 1363.17/s  (0.372s, 1377.84/s)  ETA: 08:01:36  Done: 2026-06-04 20:17:39  LR: 1.454e-04  Data: 0.007 (0.007)
Train: 18 [2350/2502 ( 94%)]  Loss:  5.914358 (6.2567)  Time: 0.379s, 1350.99/s  (0.372s, 1377.45/s)  ETA: 08:01:25  Done: 2026-06-04 20:17:47  LR: 1.454e-04  Data: 0.007 (0.007)
Train: 18 [2400/2502 ( 96%)]  Loss:  6.443847 (6.2605)  Time: 0.369s, 1387.81/s  (0.372s, 1377.25/s)  ETA: 08:01:11  Done: 2026-06-04 20:17:51  LR: 1.454e-04  Data: 0.007 (0.007)
Train: 18 [2450/2502 ( 98%)]  Loss:  6.441062 (6.2641)  Time: 0.373s, 1373.00/s  (0.372s, 1377.34/s)  ETA: 08:00:51  Done: 2026-06-04 20:17:49  LR: 1.454e-04  Data: 0.007 (0.007)
epoch:  18 g['lr']:  0.00014544903269868192
Train: 19 [   0/2502 (  0%)]  Loss:  6.550105 (6.5501)  Time: 1.149s,  445.48/s  (1.149s,  445.48/s)  ETA: 24:45:43  Done: 2026-06-05 13:03:00  LR: 1.400e-04  Data: 0.617 (0.617)
Train: 19 [  50/2502 (  2%)]  Loss:  5.541377 (6.0457)  Time: 0.368s, 1389.69/s  (0.394s, 1300.48/s)  ETA: 08:28:36  Done: 2026-06-04 20:46:11  LR: 1.400e-04  Data: 0.007 (0.019)
Train: 19 [ 100/2502 (  4%)]  Loss:  6.605974 (6.2325)  Time: 0.368s, 1392.38/s  (0.385s, 1330.93/s)  ETA: 08:16:38  Done: 2026-06-04 20:34:33  LR: 1.400e-04  Data: 0.008 (0.013)
Train: 19 [ 150/2502 (  6%)]  Loss:  6.693121 (6.3476)  Time: 0.368s, 1389.85/s  (0.380s, 1348.79/s)  ETA: 08:09:45  Done: 2026-06-04 20:27:58  LR: 1.400e-04  Data: 0.008 (0.011)
Train: 19 [ 200/2502 (  8%)]  Loss:  6.932935 (6.4647)  Time: 0.369s, 1387.09/s  (0.377s, 1357.99/s)  ETA: 08:06:07  Done: 2026-06-04 20:24:38  LR: 1.400e-04  Data: 0.008 (0.010)
Train: 19 [ 250/2502 ( 10%)]  Loss:  5.972299 (6.3826)  Time: 0.369s, 1388.58/s  (0.375s, 1364.18/s)  ETA: 08:03:36  Done: 2026-06-04 20:22:25  LR: 1.400e-04  Data: 0.008 (0.010)
Train: 19 [ 300/2502 ( 12%)]  Loss:  5.667513 (6.2805)  Time: 0.370s, 1385.15/s  (0.374s, 1367.84/s)  ETA: 08:01:59  Done: 2026-06-04 20:21:08  LR: 1.400e-04  Data: 0.007 (0.009)
Train: 19 [ 350/2502 ( 14%)]  Loss:  5.828857 (6.2240)  Time: 0.370s, 1383.91/s  (0.374s, 1370.11/s)  ETA: 08:00:53  Done: 2026-06-04 20:20:19  LR: 1.400e-04  Data: 0.007 (0.009)
Train: 19 [ 400/2502 ( 16%)]  Loss:  6.696370 (6.2765)  Time: 0.369s, 1387.88/s  (0.373s, 1371.77/s)  ETA: 07:59:59  Done: 2026-06-04 20:19:44  LR: 1.400e-04  Data: 0.007 (0.009)
Train: 19 [ 450/2502 ( 18%)]  Loss:  6.400720 (6.2889)  Time: 0.369s, 1386.55/s  (0.373s, 1371.82/s)  ETA: 07:59:39  Done: 2026-06-04 20:19:43  LR: 1.400e-04  Data: 0.008 (0.009)
Train: 19 [ 500/2502 ( 20%)]  Loss:  6.485893 (6.3068)  Time: 0.369s, 1388.48/s  (0.373s, 1373.30/s)  ETA: 07:58:50  Done: 2026-06-04 20:19:12  LR: 1.400e-04  Data: 0.008 (0.009)
Train: 19 [ 550/2502 ( 22%)]  Loss:  6.658080 (6.3361)  Time: 0.368s, 1389.55/s  (0.373s, 1374.18/s)  ETA: 07:58:13  Done: 2026-06-04 20:18:54  LR: 1.400e-04  Data: 0.008 (0.009)
Train: 19 [ 600/2502 ( 24%)]  Loss:  6.438759 (6.3440)  Time: 0.369s, 1387.26/s  (0.372s, 1374.84/s)  ETA: 07:57:40  Done: 2026-06-04 20:18:40  LR: 1.400e-04  Data: 0.007 (0.008)
Train: 19 [ 650/2502 ( 26%)]  Loss:  5.969763 (6.3173)  Time: 0.368s, 1391.57/s  (0.372s, 1375.77/s)  ETA: 07:57:02  Done: 2026-06-04 20:18:20  LR: 1.400e-04  Data: 0.008 (0.008)
Train: 19 [ 700/2502 ( 28%)]  Loss:  6.552320 (6.3329)  Time: 0.368s, 1391.50/s  (0.372s, 1376.66/s)  ETA: 07:56:25  Done: 2026-06-04 20:18:02  LR: 1.400e-04  Data: 0.008 (0.008)
Train: 19 [ 750/2502 ( 30%)]  Loss:  6.415341 (6.3381)  Time: 0.368s, 1391.45/s  (0.372s, 1377.12/s)  ETA: 07:55:57  Done: 2026-06-04 20:17:52  LR: 1.400e-04  Data: 0.007 (0.008)
Train: 19 [ 800/2502 ( 32%)]  Loss:  6.324882 (6.3373)  Time: 0.368s, 1390.55/s  (0.372s, 1377.46/s)  ETA: 07:55:31  Done: 2026-06-04 20:17:45  LR: 1.400e-04  Data: 0.008 (0.008)
Train: 19 [ 850/2502 ( 34%)]  Loss:  6.250652 (6.3325)  Time: 0.370s, 1385.32/s  (0.372s, 1378.06/s)  ETA: 07:55:00  Done: 2026-06-04 20:17:32  LR: 1.400e-04  Data: 0.008 (0.008)
Train: 19 [ 900/2502 ( 36%)]  Loss:  6.367335 (6.3343)  Time: 0.371s, 1380.52/s  (0.371s, 1378.70/s)  ETA: 07:54:29  Done: 2026-06-04 20:17:19  LR: 1.400e-04  Data: 0.008 (0.008)
Train: 19 [ 950/2502 ( 38%)]  Loss:  5.892676 (6.3122)  Time: 0.367s, 1395.02/s  (0.372s, 1378.02/s)  ETA: 07:54:24  Done: 2026-06-04 20:17:33  LR: 1.400e-04  Data: 0.007 (0.008)
Train: 19 [1000/2502 ( 40%)]  Loss:  6.083917 (6.3014)  Time: 0.368s, 1391.89/s  (0.372s, 1377.34/s)  ETA: 07:54:20  Done: 2026-06-04 20:17:47  LR: 1.400e-04  Data: 0.007 (0.008)
Train: 19 [1050/2502 ( 42%)]  Loss:  5.895474 (6.2829)  Time: 0.368s, 1392.69/s  (0.372s, 1377.33/s)  ETA: 07:54:01  Done: 2026-06-04 20:17:47  LR: 1.400e-04  Data: 0.008 (0.008)
Train: 19 [1100/2502 ( 44%)]  Loss:  6.428923 (6.2893)  Time: 0.369s, 1386.44/s  (0.372s, 1377.30/s)  ETA: 07:53:43  Done: 2026-06-04 20:17:48  LR: 1.400e-04  Data: 0.008 (0.008)
Train: 19 [1150/2502 ( 46%)]  Loss:  6.010224 (6.2776)  Time: 0.367s, 1395.43/s  (0.372s, 1377.59/s)  ETA: 07:53:19  Done: 2026-06-04 20:17:42  LR: 1.400e-04  Data: 0.007 (0.008)
Train: 19 [1200/2502 ( 48%)]  Loss:  6.436412 (6.2840)  Time: 0.370s, 1384.57/s  (0.372s, 1377.96/s)  ETA: 07:52:53  Done: 2026-06-04 20:17:34  LR: 1.400e-04  Data: 0.007 (0.008)
Train: 19 [1250/2502 ( 50%)]  Loss:  5.169864 (6.2411)  Time: 0.370s, 1382.30/s  (0.371s, 1378.20/s)  ETA: 07:52:29  Done: 2026-06-04 20:17:29  LR: 1.400e-04  Data: 0.008 (0.008)
Train: 19 [1300/2502 ( 52%)]  Loss:  6.376973 (6.2462)  Time: 0.369s, 1386.92/s  (0.371s, 1378.53/s)  ETA: 07:52:04  Done: 2026-06-04 20:17:22  LR: 1.400e-04  Data: 0.008 (0.008)
Train: 19 [1350/2502 ( 54%)]  Loss:  6.169407 (6.2434)  Time: 0.369s, 1388.47/s  (0.371s, 1378.57/s)  ETA: 07:51:44  Done: 2026-06-04 20:17:22  LR: 1.400e-04  Data: 0.008 (0.008)
Train: 19 [1400/2502 ( 56%)]  Loss:  6.524854 (6.2531)  Time: 0.368s, 1392.65/s  (0.372s, 1378.15/s)  ETA: 07:51:34  Done: 2026-06-04 20:17:30  LR: 1.400e-04  Data: 0.007 (0.008)
Train: 19 [1450/2502 ( 58%)]  Loss:  6.540502 (6.2627)  Time: 0.368s, 1391.64/s  (0.371s, 1378.38/s)  ETA: 07:51:11  Done: 2026-06-04 20:17:26  LR: 1.400e-04  Data: 0.008 (0.008)
Train: 19 [1500/2502 ( 60%)]  Loss:  5.991898 (6.2540)  Time: 0.367s, 1394.48/s  (0.371s, 1378.39/s)  ETA: 07:50:52  Done: 2026-06-04 20:17:25  LR: 1.400e-04  Data: 0.007 (0.008)
Train: 19 [1550/2502 ( 62%)]  Loss:  6.497297 (6.2616)  Time: 0.369s, 1387.01/s  (0.371s, 1378.52/s)  ETA: 07:50:31  Done: 2026-06-04 20:17:23  LR: 1.400e-04  Data: 0.008 (0.008)
Train: 19 [1600/2502 ( 64%)]  Loss:  5.439678 (6.2367)  Time: 0.370s, 1382.63/s  (0.371s, 1378.71/s)  ETA: 07:50:08  Done: 2026-06-04 20:17:19  LR: 1.400e-04  Data: 0.008 (0.008)
Train: 19 [1650/2502 ( 66%)]  Loss:  6.213203 (6.2360)  Time: 0.370s, 1382.65/s  (0.371s, 1378.96/s)  ETA: 07:49:45  Done: 2026-06-04 20:17:14  LR: 1.400e-04  Data: 0.008 (0.008)
Train: 19 [1700/2502 ( 68%)]  Loss:  6.735861 (6.2503)  Time: 0.368s, 1391.08/s  (0.371s, 1379.11/s)  ETA: 07:49:23  Done: 2026-06-04 20:17:10  LR: 1.400e-04  Data: 0.008 (0.008)
Train: 19 [1750/2502 ( 70%)]  Loss:  6.518410 (6.2577)  Time: 0.385s, 1330.23/s  (0.371s, 1378.91/s)  ETA: 07:49:09  Done: 2026-06-04 20:17:15  LR: 1.400e-04  Data: 0.008 (0.008)
Train: 19 [1800/2502 ( 72%)]  Loss:  6.167430 (6.2553)  Time: 0.367s, 1394.21/s  (0.371s, 1378.90/s)  ETA: 07:48:50  Done: 2026-06-04 20:17:15  LR: 1.400e-04  Data: 0.007 (0.008)
Train: 19 [1850/2502 ( 74%)]  Loss:  6.374109 (6.2584)  Time: 0.371s, 1381.57/s  (0.371s, 1378.80/s)  ETA: 07:48:34  Done: 2026-06-04 20:17:17  LR: 1.400e-04  Data: 0.008 (0.008)
Train: 19 [1900/2502 ( 76%)]  Loss:  6.023991 (6.2524)  Time: 0.368s, 1389.74/s  (0.372s, 1377.86/s)  ETA: 07:48:34  Done: 2026-06-04 20:17:36  LR: 1.400e-04  Data: 0.007 (0.008)
Train: 19 [1950/2502 ( 78%)]  Loss:  6.136558 (6.2495)  Time: 0.370s, 1382.68/s  (0.372s, 1377.83/s)  ETA: 07:48:16  Done: 2026-06-04 20:17:37  LR: 1.400e-04  Data: 0.008 (0.008)
Train: 19 [2000/2502 ( 80%)]  Loss:  6.407721 (6.2534)  Time: 0.368s, 1391.90/s  (0.372s, 1377.67/s)  ETA: 07:48:01  Done: 2026-06-04 20:17:40  LR: 1.400e-04  Data: 0.007 (0.008)
Train: 19 [2050/2502 ( 82%)]  Loss:  5.653468 (6.2391)  Time: 0.370s, 1385.17/s  (0.372s, 1377.54/s)  ETA: 07:47:45  Done: 2026-06-04 20:17:43  LR: 1.400e-04  Data: 0.008 (0.008)
Train: 19 [2100/2502 ( 84%)]  Loss:  6.252548 (6.2394)  Time: 0.367s, 1394.53/s  (0.372s, 1377.77/s)  ETA: 07:47:22  Done: 2026-06-04 20:17:38  LR: 1.400e-04  Data: 0.007 (0.008)
Train: 19 [2150/2502 ( 86%)]  Loss:  6.702097 (6.2499)  Time: 0.368s, 1391.58/s  (0.372s, 1377.83/s)  ETA: 07:47:02  Done: 2026-06-04 20:17:37  LR: 1.400e-04  Data: 0.008 (0.008)
Train: 19 [2200/2502 ( 88%)]  Loss:  6.010571 (6.2446)  Time: 0.369s, 1387.35/s  (0.372s, 1377.86/s)  ETA: 07:46:43  Done: 2026-06-04 20:17:37  LR: 1.400e-04  Data: 0.008 (0.008)
Train: 19 [2250/2502 ( 90%)]  Loss:  6.457425 (6.2492)  Time: 0.368s, 1390.17/s  (0.372s, 1377.97/s)  ETA: 07:46:22  Done: 2026-06-04 20:17:34  LR: 1.400e-04  Data: 0.008 (0.008)
Train: 19 [2300/2502 ( 92%)]  Loss:  5.886250 (6.2415)  Time: 0.379s, 1351.26/s  (0.372s, 1377.91/s)  ETA: 07:46:05  Done: 2026-06-04 20:17:35  LR: 1.400e-04  Data: 0.008 (0.008)
Train: 19 [2350/2502 ( 94%)]  Loss:  6.663570 (6.2503)  Time: 0.370s, 1384.77/s  (0.372s, 1377.46/s)  ETA: 07:45:55  Done: 2026-06-04 20:17:45  LR: 1.400e-04  Data: 0.008 (0.008)
Train: 19 [2400/2502 ( 96%)]  Loss:  6.365147 (6.2526)  Time: 0.369s, 1385.80/s  (0.372s, 1377.50/s)  ETA: 07:45:36  Done: 2026-06-04 20:17:44  LR: 1.400e-04  Data: 0.008 (0.008)
Train: 19 [2450/2502 ( 98%)]  Loss:  6.210909 (6.2518)  Time: 0.369s, 1386.40/s  (0.372s, 1377.63/s)  ETA: 07:45:15  Done: 2026-06-04 20:17:41  LR: 1.400e-04  Data: 0.008 (0.008)
epoch:  19 g['lr']:  0.00013997183250504444
[rank3]:[E604 12:42:43.611142795 ProcessGroupNCCL.cpp:683] [Rank 3] Watchdog caught collective operation timeout: WorkNCCL(SeqNum=400362, OpType=BROADCAST, NumelIn=1, NumelOut=1, Timeout(ms)=600000) ran for 600050 milliseconds before timing out.
[rank3]:[E604 12:42:43.611334823 ProcessGroupNCCL.cpp:2241] [PG ID 0 PG GUID 0(default_pg) Rank 3]  failure detected by watchdog at work sequence id: 400362 PG status: last enqueued work: 400363, last completed work: 400361
[rank3]:[E604 12:42:43.611342684 ProcessGroupNCCL.cpp:730] Stack trace of the failed collective not found, potentially because FlightRecorder is disabled. You can enable it by setting TORCH_NCCL_TRACE_BUFFER_SIZE to a non-zero value.
[rank3]:[E604 12:42:43.611417253 ProcessGroupNCCL.cpp:2573] [PG ID 0 PG GUID 0(default_pg) Rank 3] First PG on this rank to signal dumping.
[rank7]:[E604 12:42:43.619860860 ProcessGroupNCCL.cpp:683] [Rank 7] Watchdog caught collective operation timeout: WorkNCCL(SeqNum=400362, OpType=BROADCAST, NumelIn=1, NumelOut=1, Timeout(ms)=600000) ran for 600021 milliseconds before timing out.
[rank7]:[E604 12:42:43.620058894 ProcessGroupNCCL.cpp:2241] [PG ID 0 PG GUID 0(default_pg) Rank 7]  failure detected by watchdog at work sequence id: 400362 PG status: last enqueued work: 400363, last completed work: 400361
[rank7]:[E604 12:42:43.620065986 ProcessGroupNCCL.cpp:730] Stack trace of the failed collective not found, potentially because FlightRecorder is disabled. You can enable it by setting TORCH_NCCL_TRACE_BUFFER_SIZE to a non-zero value.
[rank7]:[E604 12:42:43.620128737 ProcessGroupNCCL.cpp:2573] [PG ID 0 PG GUID 0(default_pg) Rank 7] First PG on this rank to signal dumping.
[rank3]:[E604 12:42:43.635327070 ProcessGroupNCCL.cpp:1858] [PG ID 0 PG GUID 0(default_pg) Rank 3] Received a dump signal due to a collective timeout from this local rank and we will try our best to dump the debug info. Last enqueued NCCL work: 400363, last completed NCCL work: 400361.This is most likely caused by incorrect usages of collectives, e.g., wrong sizes used across ranks, the order of collectives is not same for all ranks or the scheduled collective, for some reason, didn't run. Additionally, this can be caused by GIL deadlock or other reasons such as network errors or bugs in the communications library (e.g. NCCL), etc. 
[rank4]:[E604 12:42:43.635378992 ProcessGroupNCCL.cpp:1794] [PG ID 0 PG GUID 0(default_pg) Rank 4] Observed flight recorder dump signal from another rank via TCPStore.
[rank5]:[E604 12:42:43.635413152 ProcessGroupNCCL.cpp:1794] [PG ID 0 PG GUID 0(default_pg) Rank 5] Observed flight recorder dump signal from another rank via TCPStore.
[rank3]:[E604 12:42:43.635486829 ProcessGroupNCCL.cpp:1575] [PG ID 0 PG GUID 0(default_pg) Rank 3] ProcessGroupNCCL preparing to dump debug info. Include stack trace: 1
[rank4]:[E604 12:42:43.635513110 ProcessGroupNCCL.cpp:1858] [PG ID 0 PG GUID 0(default_pg) Rank 4] Received a dump signal due to a collective timeout from  rank 7 and we will try our best to dump the debug info. Last enqueued NCCL work: 400363, last completed NCCL work: 400361.This is most likely caused by incorrect usages of collectives, e.g., wrong sizes used across ranks, the order of collectives is not same for all ranks or the scheduled collective, for some reason, didn't run. Additionally, this can be caused by GIL deadlock or other reasons such as network errors or bugs in the communications library (e.g. NCCL), etc. 
[rank5]:[E604 12:42:43.635527141 ProcessGroupNCCL.cpp:1858] [PG ID 0 PG GUID 0(default_pg) Rank 5] Received a dump signal due to a collective timeout from  rank 7 and we will try our best to dump the debug info. Last enqueued NCCL work: 400363, last completed NCCL work: 400361.This is most likely caused by incorrect usages of collectives, e.g., wrong sizes used across ranks, the order of collectives is not same for all ranks or the scheduled collective, for some reason, didn't run. Additionally, this can be caused by GIL deadlock or other reasons such as network errors or bugs in the communications library (e.g. NCCL), etc. 
[rank5]:[E604 12:42:43.635636335 ProcessGroupNCCL.cpp:1575] [PG ID 0 PG GUID 0(default_pg) Rank 5] ProcessGroupNCCL preparing to dump debug info. Include stack trace: 1
[rank4]:[E604 12:42:43.635692484 ProcessGroupNCCL.cpp:1575] [PG ID 0 PG GUID 0(default_pg) Rank 4] ProcessGroupNCCL preparing to dump debug info. Include stack trace: 1
[rank2]:[E604 12:42:43.678370959 ProcessGroupNCCL.cpp:683] [Rank 2] Watchdog caught collective operation timeout: WorkNCCL(SeqNum=400362, OpType=BROADCAST, NumelIn=1, NumelOut=1, Timeout(ms)=600000) ran for 600007 milliseconds before timing out.
[rank2]:[E604 12:42:43.678528472 ProcessGroupNCCL.cpp:2241] [PG ID 0 PG GUID 0(default_pg) Rank 2]  failure detected by watchdog at work sequence id: 400362 PG status: last enqueued work: 400363, last completed work: 400361
[rank2]:[E604 12:42:43.678534970 ProcessGroupNCCL.cpp:730] Stack trace of the failed collective not found, potentially because FlightRecorder is disabled. You can enable it by setting TORCH_NCCL_TRACE_BUFFER_SIZE to a non-zero value.
[rank2]:[E604 12:42:43.678598476 ProcessGroupNCCL.cpp:2573] [PG ID 0 PG GUID 0(default_pg) Rank 2] First PG on this rank to signal dumping.
[rank4]:[E604 12:42:43.694171413 ProcessGroupNCCL.cpp:683] [Rank 4] Watchdog caught collective operation timeout: WorkNCCL(SeqNum=400362, OpType=BROADCAST, NumelIn=1, NumelOut=1, Timeout(ms)=600000) ran for 600080 milliseconds before timing out.
[rank4]:[E604 12:42:43.694311327 ProcessGroupNCCL.cpp:2241] [PG ID 0 PG GUID 0(default_pg) Rank 4]  failure detected by watchdog at work sequence id: 400362 PG status: last enqueued work: 400363, last completed work: 400361
[rank4]:[E604 12:42:43.694322368 ProcessGroupNCCL.cpp:730] Stack trace of the failed collective not found, potentially because FlightRecorder is disabled. You can enable it by setting TORCH_NCCL_TRACE_BUFFER_SIZE to a non-zero value.
[rank1]:[E604 12:42:43.705315901 ProcessGroupNCCL.cpp:683] [Rank 1] Watchdog caught collective operation timeout: WorkNCCL(SeqNum=400362, OpType=BROADCAST, NumelIn=1, NumelOut=1, Timeout(ms)=600000) ran for 600047 milliseconds before timing out.
[rank1]:[E604 12:42:43.705446227 ProcessGroupNCCL.cpp:2241] [PG ID 0 PG GUID 0(default_pg) Rank 1]  failure detected by watchdog at work sequence id: 400362 PG status: last enqueued work: 400363, last completed work: 400361
[rank1]:[E604 12:42:43.705452721 ProcessGroupNCCL.cpp:730] Stack trace of the failed collective not found, potentially because FlightRecorder is disabled. You can enable it by setting TORCH_NCCL_TRACE_BUFFER_SIZE to a non-zero value.
[rank1]:[E604 12:42:43.705514270 ProcessGroupNCCL.cpp:2573] [PG ID 0 PG GUID 0(default_pg) Rank 1] First PG on this rank to signal dumping.
[rank5]:[E604 12:42:43.709639557 ProcessGroupNCCL.cpp:683] [Rank 5] Watchdog caught collective operation timeout: WorkNCCL(SeqNum=400362, OpType=BROADCAST, NumelIn=1, NumelOut=1, Timeout(ms)=600000) ran for 600030 milliseconds before timing out.
[rank5]:[E604 12:42:43.709764252 ProcessGroupNCCL.cpp:2241] [PG ID 0 PG GUID 0(default_pg) Rank 5]  failure detected by watchdog at work sequence id: 400362 PG status: last enqueued work: 400363, last completed work: 400361
[rank5]:[E604 12:42:43.709769883 ProcessGroupNCCL.cpp:730] Stack trace of the failed collective not found, potentially because FlightRecorder is disabled. You can enable it by setting TORCH_NCCL_TRACE_BUFFER_SIZE to a non-zero value.
[rank6]:[E604 12:42:44.794236523 ProcessGroupNCCL.cpp:683] [Rank 6] Watchdog caught collective operation timeout: WorkNCCL(SeqNum=400362, OpType=BROADCAST, NumelIn=1, NumelOut=1, Timeout(ms)=600000) ran for 600057 milliseconds before timing out.
[rank6]:[E604 12:42:44.794372403 ProcessGroupNCCL.cpp:2241] [PG ID 0 PG GUID 0(default_pg) Rank 6]  failure detected by watchdog at work sequence id: 400362 PG status: last enqueued work: 400363, last completed work: 400361
[rank6]:[E604 12:42:44.794378353 ProcessGroupNCCL.cpp:730] Stack trace of the failed collective not found, potentially because FlightRecorder is disabled. You can enable it by setting TORCH_NCCL_TRACE_BUFFER_SIZE to a non-zero value.
[rank6]:[E604 12:42:44.794437253 ProcessGroupNCCL.cpp:2573] [PG ID 0 PG GUID 0(default_pg) Rank 6] First PG on this rank to signal dumping.
[rank1]:[E604 12:42:44.887495182 ProcessGroupNCCL.cpp:1858] [PG ID 0 PG GUID 0(default_pg) Rank 1] Received a dump signal due to a collective timeout from this local rank and we will try our best to dump the debug info. Last enqueued NCCL work: 400363, last completed NCCL work: 400361.This is most likely caused by incorrect usages of collectives, e.g., wrong sizes used across ranks, the order of collectives is not same for all ranks or the scheduled collective, for some reason, didn't run. Additionally, this can be caused by GIL deadlock or other reasons such as network errors or bugs in the communications library (e.g. NCCL), etc. 
[rank1]:[E604 12:42:44.887771634 ProcessGroupNCCL.cpp:1575] [PG ID 0 PG GUID 0(default_pg) Rank 1] ProcessGroupNCCL preparing to dump debug info. Include stack trace: 1
[rank2]:[E604 12:42:44.066053609 ProcessGroupNCCL.cpp:1858] [PG ID 0 PG GUID 0(default_pg) Rank 2] Received a dump signal due to a collective timeout from this local rank and we will try our best to dump the debug info. Last enqueued NCCL work: 400363, last completed NCCL work: 400361.This is most likely caused by incorrect usages of collectives, e.g., wrong sizes used across ranks, the order of collectives is not same for all ranks or the scheduled collective, for some reason, didn't run. Additionally, this can be caused by GIL deadlock or other reasons such as network errors or bugs in the communications library (e.g. NCCL), etc. 
[rank2]:[E604 12:42:44.066331721 ProcessGroupNCCL.cpp:1575] [PG ID 0 PG GUID 0(default_pg) Rank 2] ProcessGroupNCCL preparing to dump debug info. Include stack trace: 1
[rank6]:[E604 12:42:44.334695813 ProcessGroupNCCL.cpp:1858] [PG ID 0 PG GUID 0(default_pg) Rank 6] Received a dump signal due to a collective timeout from this local rank and we will try our best to dump the debug info. Last enqueued NCCL work: 400363, last completed NCCL work: 400361.This is most likely caused by incorrect usages of collectives, e.g., wrong sizes used across ranks, the order of collectives is not same for all ranks or the scheduled collective, for some reason, didn't run. Additionally, this can be caused by GIL deadlock or other reasons such as network errors or bugs in the communications library (e.g. NCCL), etc. 
[rank6]:[E604 12:42:44.334924159 ProcessGroupNCCL.cpp:1575] [PG ID 0 PG GUID 0(default_pg) Rank 6] ProcessGroupNCCL preparing to dump debug info. Include stack trace: 1
[rank7]:[E604 12:42:44.393687674 ProcessGroupNCCL.cpp:1858] [PG ID 0 PG GUID 0(default_pg) Rank 7] Received a dump signal due to a collective timeout from this local rank and we will try our best to dump the debug info. Last enqueued NCCL work: 400363, last completed NCCL work: 400361.This is most likely caused by incorrect usages of collectives, e.g., wrong sizes used across ranks, the order of collectives is not same for all ranks or the scheduled collective, for some reason, didn't run. Additionally, this can be caused by GIL deadlock or other reasons such as network errors or bugs in the communications library (e.g. NCCL), etc. 
[rank7]:[E604 12:42:44.393848496 ProcessGroupNCCL.cpp:1575] [PG ID 0 PG GUID 0(default_pg) Rank 7] ProcessGroupNCCL preparing to dump debug info. Include stack trace: 1
[rank3]:[E604 12:43:43.611515966 ProcessGroupNCCL.cpp:744] [Rank 3] Some NCCL operations have failed or timed out. Due to the asynchronous nature of CUDA kernels, subsequent GPU operations might run on corrupted/incomplete data.
[rank3]:[E604 12:43:43.611555993 ProcessGroupNCCL.cpp:758] [Rank 3] To avoid data inconsistency, we are taking the entire process down.
[rank3]:[E604 12:43:43.612605741 ProcessGroupNCCL.cpp:2057] [PG ID 0 PG GUID 0(default_pg) Rank 3] Process group watchdog thread terminated with exception: [Rank 3] Watchdog caught collective operation timeout: WorkNCCL(SeqNum=400362, OpType=BROADCAST, NumelIn=1, NumelOut=1, Timeout(ms)=600000) ran for 600050 milliseconds before timing out.
Exception raised from checkTimeout at /opt/tiger/compile_path/src/code.byted.org/pytorch/pytorch/torch/csrc/distributed/c10d/ProcessGroupNCCL.cpp:686 (most recent call first):
frame #0: c10::Error::Error(c10::SourceLocation, std::__cxx11::basic_string<char, std::char_traits<char>, std::allocator<char> >) + 0x80 (0x7f824bd92450 in /usr/local/lib/python3.11/dist-packages/torch/lib/libc10.so)
frame #1: c10d::ProcessGroupNCCL::WorkNCCL::checkTimeout(std::optional<std::chrono::duration<long, std::ratio<1l, 1000l> > >) + 0x250 (0x7f8207aef720 in /usr/local/lib/python3.11/dist-packages/torch/lib/libtorch_cuda.so)
frame #2: c10d::ProcessGroupNCCL::Watchdog::runLoop() + 0x16ba (0x7f8207af406a in /usr/local/lib/python3.11/dist-packages/torch/lib/libtorch_cuda.so)
frame #3: c10d::ProcessGroupNCCL::Watchdog::run() + 0xfa (0x7f8207af533a in /usr/local/lib/python3.11/dist-packages/torch/lib/libtorch_cuda.so)
frame #4: <unknown function> + 0xd44a3 (0x7f82fb5df4a3 in /lib/x86_64-linux-gnu/libstdc++.so.6)
frame #5: <unknown function> + 0x891f5 (0x7f83013b61f5 in /lib/x86_64-linux-gnu/libc.so.6)
frame #6: <unknown function> + 0x10989c (0x7f830143689c in /lib/x86_64-linux-gnu/libc.so.6)

terminate called after throwing an instance of 'c10::DistBackendError'
  what():  [PG ID 0 PG GUID 0(default_pg) Rank 3] Process group watchdog thread terminated with exception: [Rank 3] Watchdog caught collective operation timeout: WorkNCCL(SeqNum=400362, OpType=BROADCAST, NumelIn=1, NumelOut=1, Timeout(ms)=600000) ran for 600050 milliseconds before timing out.
Exception raised from checkTimeout at /opt/tiger/compile_path/src/code.byted.org/pytorch/pytorch/torch/csrc/distributed/c10d/ProcessGroupNCCL.cpp:686 (most recent call first):
frame #0: c10::Error::Error(c10::SourceLocation, std::__cxx11::basic_string<char, std::char_traits<char>, std::allocator<char> >) + 0x80 (0x7f824bd92450 in /usr/local/lib/python3.11/dist-packages/torch/lib/libc10.so)
frame #1: c10d::ProcessGroupNCCL::WorkNCCL::checkTimeout(std::optional<std::chrono::duration<long, std::ratio<1l, 1000l> > >) + 0x250 (0x7f8207aef720 in /usr/local/lib/python3.11/dist-packages/torch/lib/libtorch_cuda.so)
frame #2: c10d::ProcessGroupNCCL::Watchdog::runLoop() + 0x16ba (0x7f8207af406a in /usr/local/lib/python3.11/dist-packages/torch/lib/libtorch_cuda.so)
frame #3: c10d::ProcessGroupNCCL::Watchdog::run() + 0xfa (0x7f8207af533a in /usr/local/lib/python3.11/dist-packages/torch/lib/libtorch_cuda.so)
frame #4: <unknown function> + 0xd44a3 (0x7f82fb5df4a3 in /lib/x86_64-linux-gnu/libstdc++.so.6)
frame #5: <unknown function> + 0x891f5 (0x7f83013b61f5 in /lib/x86_64-linux-gnu/libc.so.6)
frame #6: <unknown function> + 0x10989c (0x7f830143689c in /lib/x86_64-linux-gnu/libc.so.6)

Exception raised from run at /opt/tiger/compile_path/src/code.byted.org/pytorch/pytorch/torch/csrc/distributed/c10d/ProcessGroupNCCL.cpp:2063 (most recent call first):
frame #0: c10::Error::Error(c10::SourceLocation, std::__cxx11::basic_string<char, std::char_traits<char>, std::allocator<char> >) + 0x80 (0x7f824bd92450 in /usr/local/lib/python3.11/dist-packages/torch/lib/libc10.so)
frame #1: <unknown function> + 0xeb2251 (0x7f8207acb251 in /usr/local/lib/python3.11/dist-packages/torch/lib/libtorch_cuda.so)
frame #2: <unknown function> + 0x98d2ad (0x7f82075a62ad in /usr/local/lib/python3.11/dist-packages/torch/lib/libtorch_cuda.so)
frame #3: <unknown function> + 0xd44a3 (0x7f82fb5df4a3 in /lib/x86_64-linux-gnu/libstdc++.so.6)
frame #4: <unknown function> + 0x891f5 (0x7f83013b61f5 in /lib/x86_64-linux-gnu/libc.so.6)
frame #5: <unknown function> + 0x10989c (0x7f830143689c in /lib/x86_64-linux-gnu/libc.so.6)

[rank7]:[E604 12:43:43.620234790 ProcessGroupNCCL.cpp:744] [Rank 7] Some NCCL operations have failed or timed out. Due to the asynchronous nature of CUDA kernels, subsequent GPU operations might run on corrupted/incomplete data.
[rank7]:[E604 12:43:43.620265749 ProcessGroupNCCL.cpp:758] [Rank 7] To avoid data inconsistency, we are taking the entire process down.
[rank7]:[E604 12:43:43.621340873 ProcessGroupNCCL.cpp:2057] [PG ID 0 PG GUID 0(default_pg) Rank 7] Process group watchdog thread terminated with exception: [Rank 7] Watchdog caught collective operation timeout: WorkNCCL(SeqNum=400362, OpType=BROADCAST, NumelIn=1, NumelOut=1, Timeout(ms)=600000) ran for 600021 milliseconds before timing out.
Exception raised from checkTimeout at /opt/tiger/compile_path/src/code.byted.org/pytorch/pytorch/torch/csrc/distributed/c10d/ProcessGroupNCCL.cpp:686 (most recent call first):
frame #0: c10::Error::Error(c10::SourceLocation, std::__cxx11::basic_string<char, std::char_traits<char>, std::allocator<char> >) + 0x80 (0x7fab375ab450 in /usr/local/lib/python3.11/dist-packages/torch/lib/libc10.so)
frame #1: c10d::ProcessGroupNCCL::WorkNCCL::checkTimeout(std::optional<std::chrono::duration<long, std::ratio<1l, 1000l> > >) + 0x250 (0x7fab384ef720 in /usr/local/lib/python3.11/dist-packages/torch/lib/libtorch_cuda.so)
frame #2: c10d::ProcessGroupNCCL::Watchdog::runLoop() + 0x16ba (0x7fab384f406a in /usr/local/lib/python3.11/dist-packages/torch/lib/libtorch_cuda.so)
frame #3: c10d::ProcessGroupNCCL::Watchdog::run() + 0xfa (0x7fab384f533a in /usr/local/lib/python3.11/dist-packages/torch/lib/libtorch_cuda.so)
frame #4: <unknown function> + 0xd44a3 (0x7fac2bedf4a3 in /lib/x86_64-linux-gnu/libstdc++.so.6)
frame #5: <unknown function> + 0x891f5 (0x7fac31cb61f5 in /lib/x86_64-linux-gnu/libc.so.6)
frame #6: <unknown function> + 0x10989c (0x7fac31d3689c in /lib/x86_64-linux-gnu/libc.so.6)

terminate called after throwing an instance of 'c10::DistBackendError'
  what():  [PG ID 0 PG GUID 0(default_pg) Rank 7] Process group watchdog thread terminated with exception: [Rank 7] Watchdog caught collective operation timeout: WorkNCCL(SeqNum=400362, OpType=BROADCAST, NumelIn=1, NumelOut=1, Timeout(ms)=600000) ran for 600021 milliseconds before timing out.
Exception raised from checkTimeout at /opt/tiger/compile_path/src/code.byted.org/pytorch/pytorch/torch/csrc/distributed/c10d/ProcessGroupNCCL.cpp:686 (most recent call first):
frame #0: c10::Error::Error(c10::SourceLocation, std::__cxx11::basic_string<char, std::char_traits<char>, std::allocator<char> >) + 0x80 (0x7fab375ab450 in /usr/local/lib/python3.11/dist-packages/torch/lib/libc10.so)
frame #1: c10d::ProcessGroupNCCL::WorkNCCL::checkTimeout(std::optional<std::chrono::duration<long, std::ratio<1l, 1000l> > >) + 0x250 (0x7fab384ef720 in /usr/local/lib/python3.11/dist-packages/torch/lib/libtorch_cuda.so)
frame #2: c10d::ProcessGroupNCCL::Watchdog::runLoop() + 0x16ba (0x7fab384f406a in /usr/local/lib/python3.11/dist-packages/torch/lib/libtorch_cuda.so)
frame #3: c10d::ProcessGroupNCCL::Watchdog::run() + 0xfa (0x7fab384f533a in /usr/local/lib/python3.11/dist-packages/torch/lib/libtorch_cuda.so)
frame #4: <unknown function> + 0xd44a3 (0x7fac2bedf4a3 in /lib/x86_64-linux-gnu/libstdc++.so.6)
frame #5: <unknown function> + 0x891f5 (0x7fac31cb61f5 in /lib/x86_64-linux-gnu/libc.so.6)
frame #6: <unknown function> + 0x10989c (0x7fac31d3689c in /lib/x86_64-linux-gnu/libc.so.6)

Exception raised from run at /opt/tiger/compile_path/src/code.byted.org/pytorch/pytorch/torch/csrc/distributed/c10d/ProcessGroupNCCL.cpp:2063 (most recent call first):
frame #0: c10::Error::Error(c10::SourceLocation, std::__cxx11::basic_string<char, std::char_traits<char>, std::allocator<char> >) + 0x80 (0x7fab375ab450 in /usr/local/lib/python3.11/dist-packages/torch/lib/libc10.so)
frame #1: <unknown function> + 0xeb2251 (0x7fab384cb251 in /usr/local/lib/python3.11/dist-packages/torch/lib/libtorch_cuda.so)
frame #2: <unknown function> + 0x98d2ad (0x7fab37fa62ad in /usr/local/lib/python3.11/dist-packages/torch/lib/libtorch_cuda.so)
frame #3: <unknown function> + 0xd44a3 (0x7fac2bedf4a3 in /lib/x86_64-linux-gnu/libstdc++.so.6)
frame #4: <unknown function> + 0x891f5 (0x7fac31cb61f5 in /lib/x86_64-linux-gnu/libc.so.6)
frame #5: <unknown function> + 0x10989c (0x7fac31d3689c in /lib/x86_64-linux-gnu/libc.so.6)

[rank2]:[E604 12:43:43.678703594 ProcessGroupNCCL.cpp:744] [Rank 2] Some NCCL operations have failed or timed out. Due to the asynchronous nature of CUDA kernels, subsequent GPU operations might run on corrupted/incomplete data.
[rank2]:[E604 12:43:43.678739691 ProcessGroupNCCL.cpp:758] [Rank 2] To avoid data inconsistency, we are taking the entire process down.
[rank2]:[E604 12:43:43.679807991 ProcessGroupNCCL.cpp:2057] [PG ID 0 PG GUID 0(default_pg) Rank 2] Process group watchdog thread terminated with exception: [Rank 2] Watchdog caught collective operation timeout: WorkNCCL(SeqNum=400362, OpType=BROADCAST, NumelIn=1, NumelOut=1, Timeout(ms)=600000) ran for 600007 milliseconds before timing out.
Exception raised from checkTimeout at /opt/tiger/compile_path/src/code.byted.org/pytorch/pytorch/torch/csrc/distributed/c10d/ProcessGroupNCCL.cpp:686 (most recent call first):
frame #0: c10::Error::Error(c10::SourceLocation, std::__cxx11::basic_string<char, std::char_traits<char>, std::allocator<char> >) + 0x80 (0x7f5616f92450 in /usr/local/lib/python3.11/dist-packages/torch/lib/libc10.so)
frame #1: c10d::ProcessGroupNCCL::WorkNCCL::checkTimeout(std::optional<std::chrono::duration<long, std::ratio<1l, 1000l> > >) + 0x250 (0x7f55d2cef720 in /usr/local/lib/python3.11/dist-packages/torch/lib/libtorch_cuda.so)
frame #2: c10d::ProcessGroupNCCL::Watchdog::runLoop() + 0x16ba (0x7f55d2cf406a in /usr/local/lib/python3.11/dist-packages/torch/lib/libtorch_cuda.so)
frame #3: c10d::ProcessGroupNCCL::Watchdog::run() + 0xfa (0x7f55d2cf533a in /usr/local/lib/python3.11/dist-packages/torch/lib/libtorch_cuda.so)
frame #4: <unknown function> + 0xd44a3 (0x7f56c67d24a3 in /lib/x86_64-linux-gnu/libstdc++.so.6)
frame #5: <unknown function> + 0x891f5 (0x7f56cc5a91f5 in /lib/x86_64-linux-gnu/libc.so.6)
frame #6: <unknown function> + 0x10989c (0x7f56cc62989c in /lib/x86_64-linux-gnu/libc.so.6)

terminate called after throwing an instance of 'c10::DistBackendError'
  what():  [PG ID 0 PG GUID 0(default_pg) Rank 2] Process group watchdog thread terminated with exception: [Rank 2] Watchdog caught collective operation timeout: WorkNCCL(SeqNum=400362, OpType=BROADCAST, NumelIn=1, NumelOut=1, Timeout(ms)=600000) ran for 600007 milliseconds before timing out.
Exception raised from checkTimeout at /opt/tiger/compile_path/src/code.byted.org/pytorch/pytorch/torch/csrc/distributed/c10d/ProcessGroupNCCL.cpp:686 (most recent call first):
frame #0: c10::Error::Error(c10::SourceLocation, std::__cxx11::basic_string<char, std::char_traits<char>, std::allocator<char> >) + 0x80 (0x7f5616f92450 in /usr/local/lib/python3.11/dist-packages/torch/lib/libc10.so)
frame #1: c10d::ProcessGroupNCCL::WorkNCCL::checkTimeout(std::optional<std::chrono::duration<long, std::ratio<1l, 1000l> > >) + 0x250 (0x7f55d2cef720 in /usr/local/lib/python3.11/dist-packages/torch/lib/libtorch_cuda.so)
frame #2: c10d::ProcessGroupNCCL::Watchdog::runLoop() + 0x16ba (0x7f55d2cf406a in /usr/local/lib/python3.11/dist-packages/torch/lib/libtorch_cuda.so)
frame #3: c10d::ProcessGroupNCCL::Watchdog::run() + 0xfa (0x7f55d2cf533a in /usr/local/lib/python3.11/dist-packages/torch/lib/libtorch_cuda.so)
frame #4: <unknown function> + 0xd44a3 (0x7f56c67d24a3 in /lib/x86_64-linux-gnu/libstdc++.so.6)
frame #5: <unknown function> + 0x891f5 (0x7f56cc5a91f5 in /lib/x86_64-linux-gnu/libc.so.6)
frame #6: <unknown function> + 0x10989c (0x7f56cc62989c in /lib/x86_64-linux-gnu/libc.so.6)

Exception raised from run at /opt/tiger/compile_path/src/code.byted.org/pytorch/pytorch/torch/csrc/distributed/c10d/ProcessGroupNCCL.cpp:2063 (most recent call first):
frame #0: c10::Error::Error(c10::SourceLocation, std::__cxx11::basic_string<char, std::char_traits<char>, std::allocator<char> >) + 0x80 (0x7f5616f92450 in /usr/local/lib/python3.11/dist-packages/torch/lib/libc10.so)
frame #1: <unknown function> + 0xeb2251 (0x7f55d2ccb251 in /usr/local/lib/python3.11/dist-packages/torch/lib/libtorch_cuda.so)
frame #2: <unknown function> + 0x98d2ad (0x7f55d27a62ad in /usr/local/lib/python3.11/dist-packages/torch/lib/libtorch_cuda.so)
frame #3: <unknown function> + 0xd44a3 (0x7f56c67d24a3 in /lib/x86_64-linux-gnu/libstdc++.so.6)
frame #4: <unknown function> + 0x891f5 (0x7f56cc5a91f5 in /lib/x86_64-linux-gnu/libc.so.6)
frame #5: <unknown function> + 0x10989c (0x7f56cc62989c in /lib/x86_64-linux-gnu/libc.so.6)

[rank4]:[E604 12:43:43.694482770 ProcessGroupNCCL.cpp:744] [Rank 4] Some NCCL operations have failed or timed out. Due to the asynchronous nature of CUDA kernels, subsequent GPU operations might run on corrupted/incomplete data.
[rank4]:[E604 12:43:43.694505045 ProcessGroupNCCL.cpp:758] [Rank 4] To avoid data inconsistency, we are taking the entire process down.
[rank4]:[E604 12:43:43.695479737 ProcessGroupNCCL.cpp:2057] [PG ID 0 PG GUID 0(default_pg) Rank 4] Process group watchdog thread terminated with exception: [Rank 4] Watchdog caught collective operation timeout: WorkNCCL(SeqNum=400362, OpType=BROADCAST, NumelIn=1, NumelOut=1, Timeout(ms)=600000) ran for 600080 milliseconds before timing out.
Exception raised from checkTimeout at /opt/tiger/compile_path/src/code.byted.org/pytorch/pytorch/torch/csrc/distributed/c10d/ProcessGroupNCCL.cpp:686 (most recent call first):
frame #0: c10::Error::Error(c10::SourceLocation, std::__cxx11::basic_string<char, std::char_traits<char>, std::allocator<char> >) + 0x80 (0x7f2ba8d92450 in /usr/local/lib/python3.11/dist-packages/torch/lib/libc10.so)
frame #1: c10d::ProcessGroupNCCL::WorkNCCL::checkTimeout(std::optional<std::chrono::duration<long, std::ratio<1l, 1000l> > >) + 0x250 (0x7f2b64aef720 in /usr/local/lib/python3.11/dist-packages/torch/lib/libtorch_cuda.so)
frame #2: c10d::ProcessGroupNCCL::Watchdog::runLoop() + 0x16ba (0x7f2b64af406a in /usr/local/lib/python3.11/dist-packages/torch/lib/libtorch_cuda.so)
frame #3: c10d::ProcessGroupNCCL::Watchdog::run() + 0xfa (0x7f2b64af533a in /usr/local/lib/python3.11/dist-packages/torch/lib/libtorch_cuda.so)
frame #4: <unknown function> + 0xd44a3 (0x7f2c5862e4a3 in /lib/x86_64-linux-gnu/libstdc++.so.6)
frame #5: <unknown function> + 0x891f5 (0x7f2c5e4051f5 in /lib/x86_64-linux-gnu/libc.so.6)
frame #6: <unknown function> + 0x10989c (0x7f2c5e48589c in /lib/x86_64-linux-gnu/libc.so.6)

terminate called after throwing an instance of 'c10::DistBackendError'
  what():  [PG ID 0 PG GUID 0(default_pg) Rank 4] Process group watchdog thread terminated with exception: [Rank 4] Watchdog caught collective operation timeout: WorkNCCL(SeqNum=400362, OpType=BROADCAST, NumelIn=1, NumelOut=1, Timeout(ms)=600000) ran for 600080 milliseconds before timing out.
Exception raised from checkTimeout at /opt/tiger/compile_path/src/code.byted.org/pytorch/pytorch/torch/csrc/distributed/c10d/ProcessGroupNCCL.cpp:686 (most recent call first):
frame #0: c10::Error::Error(c10::SourceLocation, std::__cxx11::basic_string<char, std::char_traits<char>, std::allocator<char> >) + 0x80 (0x7f2ba8d92450 in /usr/local/lib/python3.11/dist-packages/torch/lib/libc10.so)
frame #1: c10d::ProcessGroupNCCL::WorkNCCL::checkTimeout(std::optional<std::chrono::duration<long, std::ratio<1l, 1000l> > >) + 0x250 (0x7f2b64aef720 in /usr/local/lib/python3.11/dist-packages/torch/lib/libtorch_cuda.so)
frame #2: c10d::ProcessGroupNCCL::Watchdog::runLoop() + 0x16ba (0x7f2b64af406a in /usr/local/lib/python3.11/dist-packages/torch/lib/libtorch_cuda.so)
frame #3: c10d::ProcessGroupNCCL::Watchdog::run() + 0xfa (0x7f2b64af533a in /usr/local/lib/python3.11/dist-packages/torch/lib/libtorch_cuda.so)
frame #4: <unknown function> + 0xd44a3 (0x7f2c5862e4a3 in /lib/x86_64-linux-gnu/libstdc++.so.6)
frame #5: <unknown function> + 0x891f5 (0x7f2c5e4051f5 in /lib/x86_64-linux-gnu/libc.so.6)
frame #6: <unknown function> + 0x10989c (0x7f2c5e48589c in /lib/x86_64-linux-gnu/libc.so.6)

Exception raised from run at /opt/tiger/compile_path/src/code.byted.org/pytorch/pytorch/torch/csrc/distributed/c10d/ProcessGroupNCCL.cpp:2063 (most recent call first):
frame #0: c10::Error::Error(c10::SourceLocation, std::__cxx11::basic_string<char, std::char_traits<char>, std::allocator<char> >) + 0x80 (0x7f2ba8d92450 in /usr/local/lib/python3.11/dist-packages/torch/lib/libc10.so)
frame #1: <unknown function> + 0xeb2251 (0x7f2b64acb251 in /usr/local/lib/python3.11/dist-packages/torch/lib/libtorch_cuda.so)
frame #2: <unknown function> + 0x98d2ad (0x7f2b645a62ad in /usr/local/lib/python3.11/dist-packages/torch/lib/libtorch_cuda.so)
frame #3: <unknown function> + 0xd44a3 (0x7f2c5862e4a3 in /lib/x86_64-linux-gnu/libstdc++.so.6)
frame #4: <unknown function> + 0x891f5 (0x7f2c5e4051f5 in /lib/x86_64-linux-gnu/libc.so.6)
frame #5: <unknown function> + 0x10989c (0x7f2c5e48589c in /lib/x86_64-linux-gnu/libc.so.6)

[rank1]:[E604 12:43:43.705610862 ProcessGroupNCCL.cpp:744] [Rank 1] Some NCCL operations have failed or timed out. Due to the asynchronous nature of CUDA kernels, subsequent GPU operations might run on corrupted/incomplete data.
[rank1]:[E604 12:43:43.705633513 ProcessGroupNCCL.cpp:758] [Rank 1] To avoid data inconsistency, we are taking the entire process down.
[rank1]:[E604 12:43:43.706614843 ProcessGroupNCCL.cpp:2057] [PG ID 0 PG GUID 0(default_pg) Rank 1] Process group watchdog thread terminated with exception: [Rank 1] Watchdog caught collective operation timeout: WorkNCCL(SeqNum=400362, OpType=BROADCAST, NumelIn=1, NumelOut=1, Timeout(ms)=600000) ran for 600047 milliseconds before timing out.
Exception raised from checkTimeout at /opt/tiger/compile_path/src/code.byted.org/pytorch/pytorch/torch/csrc/distributed/c10d/ProcessGroupNCCL.cpp:686 (most recent call first):
frame #0: c10::Error::Error(c10::SourceLocation, std::__cxx11::basic_string<char, std::char_traits<char>, std::allocator<char> >) + 0x80 (0x7ff34d7ab450 in /usr/local/lib/python3.11/dist-packages/torch/lib/libc10.so)
frame #1: c10d::ProcessGroupNCCL::WorkNCCL::checkTimeout(std::optional<std::chrono::duration<long, std::ratio<1l, 1000l> > >) + 0x250 (0x7ff34e6ef720 in /usr/local/lib/python3.11/dist-packages/torch/lib/libtorch_cuda.so)
frame #2: c10d::ProcessGroupNCCL::Watchdog::runLoop() + 0x16ba (0x7ff34e6f406a in /usr/local/lib/python3.11/dist-packages/torch/lib/libtorch_cuda.so)
frame #3: c10d::ProcessGroupNCCL::Watchdog::run() + 0xfa (0x7ff34e6f533a in /usr/local/lib/python3.11/dist-packages/torch/lib/libtorch_cuda.so)
frame #4: <unknown function> + 0xd44a3 (0x7ff4421834a3 in /lib/x86_64-linux-gnu/libstdc++.so.6)
frame #5: <unknown function> + 0x891f5 (0x7ff447f5a1f5 in /lib/x86_64-linux-gnu/libc.so.6)
frame #6: <unknown function> + 0x10989c (0x7ff447fda89c in /lib/x86_64-linux-gnu/libc.so.6)

terminate called after throwing an instance of 'c10::DistBackendError'
  what():  [PG ID 0 PG GUID 0(default_pg) Rank 1] Process group watchdog thread terminated with exception: [Rank 1] Watchdog caught collective operation timeout: WorkNCCL(SeqNum=400362, OpType=BROADCAST, NumelIn=1, NumelOut=1, Timeout(ms)=600000) ran for 600047 milliseconds before timing out.
Exception raised from checkTimeout at /opt/tiger/compile_path/src/code.byted.org/pytorch/pytorch/torch/csrc/distributed/c10d/ProcessGroupNCCL.cpp:686 (most recent call first):
frame #0: c10::Error::Error(c10::SourceLocation, std::__cxx11::basic_string<char, std::char_traits<char>, std::allocator<char> >) + 0x80 (0x7ff34d7ab450 in /usr/local/lib/python3.11/dist-packages/torch/lib/libc10.so)
frame #1: c10d::ProcessGroupNCCL::WorkNCCL::checkTimeout(std::optional<std::chrono::duration<long, std::ratio<1l, 1000l> > >) + 0x250 (0x7ff34e6ef720 in /usr/local/lib/python3.11/dist-packages/torch/lib/libtorch_cuda.so)
frame #2: c10d::ProcessGroupNCCL::Watchdog::runLoop() + 0x16ba (0x7ff34e6f406a in /usr/local/lib/python3.11/dist-packages/torch/lib/libtorch_cuda.so)
frame #3: c10d::ProcessGroupNCCL::Watchdog::run() + 0xfa (0x7ff34e6f533a in /usr/local/lib/python3.11/dist-packages/torch/lib/libtorch_cuda.so)
frame #4: <unknown function> + 0xd44a3 (0x7ff4421834a3 in /lib/x86_64-linux-gnu/libstdc++.so.6)
frame #5: <unknown function> + 0x891f5 (0x7ff447f5a1f5 in /lib/x86_64-linux-gnu/libc.so.6)
frame #6: <unknown function> + 0x10989c (0x7ff447fda89c in /lib/x86_64-linux-gnu/libc.so.6)

Exception raised from run at /opt/tiger/compile_path/src/code.byted.org/pytorch/pytorch/torch/csrc/distributed/c10d/ProcessGroupNCCL.cpp:2063 (most recent call first):
frame #0: c10::Error::Error(c10::SourceLocation, std::__cxx11::basic_string<char, std::char_traits<char>, std::allocator<char> >) + 0x80 (0x7ff34d7ab450 in /usr/local/lib/python3.11/dist-packages/torch/lib/libc10.so)
frame #1: <unknown function> + 0xeb2251 (0x7ff34e6cb251 in /usr/local/lib/python3.11/dist-packages/torch/lib/libtorch_cuda.so)
frame #2: <unknown function> + 0x98d2ad (0x7ff34e1a62ad in /usr/local/lib/python3.11/dist-packages/torch/lib/libtorch_cuda.so)
frame #3: <unknown function> + 0xd44a3 (0x7ff4421834a3 in /lib/x86_64-linux-gnu/libstdc++.so.6)
frame #4: <unknown function> + 0x891f5 (0x7ff447f5a1f5 in /lib/x86_64-linux-gnu/libc.so.6)
frame #5: <unknown function> + 0x10989c (0x7ff447fda89c in /lib/x86_64-linux-gnu/libc.so.6)

[rank5]:[E604 12:43:43.710514157 ProcessGroupNCCL.cpp:744] [Rank 5] Some NCCL operations have failed or timed out. Due to the asynchronous nature of CUDA kernels, subsequent GPU operations might run on corrupted/incomplete data.
[rank5]:[E604 12:43:43.710538319 ProcessGroupNCCL.cpp:758] [Rank 5] To avoid data inconsistency, we are taking the entire process down.
[rank5]:[E604 12:43:43.711500048 ProcessGroupNCCL.cpp:2057] [PG ID 0 PG GUID 0(default_pg) Rank 5] Process group watchdog thread terminated with exception: [Rank 5] Watchdog caught collective operation timeout: WorkNCCL(SeqNum=400362, OpType=BROADCAST, NumelIn=1, NumelOut=1, Timeout(ms)=600000) ran for 600030 milliseconds before timing out.
Exception raised from checkTimeout at /opt/tiger/compile_path/src/code.byted.org/pytorch/pytorch/torch/csrc/distributed/c10d/ProcessGroupNCCL.cpp:686 (most recent call first):
frame #0: c10::Error::Error(c10::SourceLocation, std::__cxx11::basic_string<char, std::char_traits<char>, std::allocator<char> >) + 0x80 (0x7f24b1992450 in /usr/local/lib/python3.11/dist-packages/torch/lib/libc10.so)
frame #1: c10d::ProcessGroupNCCL::WorkNCCL::checkTimeout(std::optional<std::chrono::duration<long, std::ratio<1l, 1000l> > >) + 0x250 (0x7f246d6ef720 in /usr/local/lib/python3.11/dist-packages/torch/lib/libtorch_cuda.so)
frame #2: c10d::ProcessGroupNCCL::Watchdog::runLoop() + 0x16ba (0x7f246d6f406a in /usr/local/lib/python3.11/dist-packages/torch/lib/libtorch_cuda.so)
frame #3: c10d::ProcessGroupNCCL::Watchdog::run() + 0xfa (0x7f246d6f533a in /usr/local/lib/python3.11/dist-packages/torch/lib/libtorch_cuda.so)
frame #4: <unknown function> + 0xd44a3 (0x7f25611af4a3 in /lib/x86_64-linux-gnu/libstdc++.so.6)
frame #5: <unknown function> + 0x891f5 (0x7f2566f861f5 in /lib/x86_64-linux-gnu/libc.so.6)
frame #6: <unknown function> + 0x10989c (0x7f256700689c in /lib/x86_64-linux-gnu/libc.so.6)

terminate called after throwing an instance of 'c10::DistBackendError'
  what():  [PG ID 0 PG GUID 0(default_pg) Rank 5] Process group watchdog thread terminated with exception: [Rank 5] Watchdog caught collective operation timeout: WorkNCCL(SeqNum=400362, OpType=BROADCAST, NumelIn=1, NumelOut=1, Timeout(ms)=600000) ran for 600030 milliseconds before timing out.
Exception raised from checkTimeout at /opt/tiger/compile_path/src/code.byted.org/pytorch/pytorch/torch/csrc/distributed/c10d/ProcessGroupNCCL.cpp:686 (most recent call first):
frame #0: c10::Error::Error(c10::SourceLocation, std::__cxx11::basic_string<char, std::char_traits<char>, std::allocator<char> >) + 0x80 (0x7f24b1992450 in /usr/local/lib/python3.11/dist-packages/torch/lib/libc10.so)
frame #1: c10d::ProcessGroupNCCL::WorkNCCL::checkTimeout(std::optional<std::chrono::duration<long, std::ratio<1l, 1000l> > >) + 0x250 (0x7f246d6ef720 in /usr/local/lib/python3.11/dist-packages/torch/lib/libtorch_cuda.so)
frame #2: c10d::ProcessGroupNCCL::Watchdog::runLoop() + 0x16ba (0x7f246d6f406a in /usr/local/lib/python3.11/dist-packages/torch/lib/libtorch_cuda.so)
frame #3: c10d::ProcessGroupNCCL::Watchdog::run() + 0xfa (0x7f246d6f533a in /usr/local/lib/python3.11/dist-packages/torch/lib/libtorch_cuda.so)
frame #4: <unknown function> + 0xd44a3 (0x7f25611af4a3 in /lib/x86_64-linux-gnu/libstdc++.so.6)
frame #5: <unknown function> + 0x891f5 (0x7f2566f861f5 in /lib/x86_64-linux-gnu/libc.so.6)
frame #6: <unknown function> + 0x10989c (0x7f256700689c in /lib/x86_64-linux-gnu/libc.so.6)

Exception raised from run at /opt/tiger/compile_path/src/code.byted.org/pytorch/pytorch/torch/csrc/distributed/c10d/ProcessGroupNCCL.cpp:2063 (most recent call first):
frame #0: c10::Error::Error(c10::SourceLocation, std::__cxx11::basic_string<char, std::char_traits<char>, std::allocator<char> >) + 0x80 (0x7f24b1992450 in /usr/local/lib/python3.11/dist-packages/torch/lib/libc10.so)
frame #1: <unknown function> + 0xeb2251 (0x7f246d6cb251 in /usr/local/lib/python3.11/dist-packages/torch/lib/libtorch_cuda.so)
frame #2: <unknown function> + 0x98d2ad (0x7f246d1a62ad in /usr/local/lib/python3.11/dist-packages/torch/lib/libtorch_cuda.so)
frame #3: <unknown function> + 0xd44a3 (0x7f25611af4a3 in /lib/x86_64-linux-gnu/libstdc++.so.6)
frame #4: <unknown function> + 0x891f5 (0x7f2566f861f5 in /lib/x86_64-linux-gnu/libc.so.6)
frame #5: <unknown function> + 0x10989c (0x7f256700689c in /lib/x86_64-linux-gnu/libc.so.6)

[rank6]:[E604 12:43:44.794541269 ProcessGroupNCCL.cpp:744] [Rank 6] Some NCCL operations have failed or timed out. Due to the asynchronous nature of CUDA kernels, subsequent GPU operations might run on corrupted/incomplete data.
[rank6]:[E604 12:43:44.794571950 ProcessGroupNCCL.cpp:758] [Rank 6] To avoid data inconsistency, we are taking the entire process down.
[rank6]:[E604 12:43:44.795616804 ProcessGroupNCCL.cpp:2057] [PG ID 0 PG GUID 0(default_pg) Rank 6] Process group watchdog thread terminated with exception: [Rank 6] Watchdog caught collective operation timeout: WorkNCCL(SeqNum=400362, OpType=BROADCAST, NumelIn=1, NumelOut=1, Timeout(ms)=600000) ran for 600057 milliseconds before timing out.
Exception raised from checkTimeout at /opt/tiger/compile_path/src/code.byted.org/pytorch/pytorch/torch/csrc/distributed/c10d/ProcessGroupNCCL.cpp:686 (most recent call first):
frame #0: c10::Error::Error(c10::SourceLocation, std::__cxx11::basic_string<char, std::char_traits<char>, std::allocator<char> >) + 0x80 (0x7f98cb7ab450 in /usr/local/lib/python3.11/dist-packages/torch/lib/libc10.so)
frame #1: c10d::ProcessGroupNCCL::WorkNCCL::checkTimeout(std::optional<std::chrono::duration<long, std::ratio<1l, 1000l> > >) + 0x250 (0x7f98cc6ef720 in /usr/local/lib/python3.11/dist-packages/torch/lib/libtorch_cuda.so)
frame #2: c10d::ProcessGroupNCCL::Watchdog::runLoop() + 0x16ba (0x7f98cc6f406a in /usr/local/lib/python3.11/dist-packages/torch/lib/libtorch_cuda.so)
frame #3: c10d::ProcessGroupNCCL::Watchdog::run() + 0xfa (0x7f98cc6f533a in /usr/local/lib/python3.11/dist-packages/torch/lib/libtorch_cuda.so)
frame #4: <unknown function> + 0xd44a3 (0x7f99c01444a3 in /lib/x86_64-linux-gnu/libstdc++.so.6)
frame #5: <unknown function> + 0x891f5 (0x7f99c5f1b1f5 in /lib/x86_64-linux-gnu/libc.so.6)
frame #6: <unknown function> + 0x10989c (0x7f99c5f9b89c in /lib/x86_64-linux-gnu/libc.so.6)

terminate called after throwing an instance of 'c10::DistBackendError'
  what():  [PG ID 0 PG GUID 0(default_pg) Rank 6] Process group watchdog thread terminated with exception: [Rank 6] Watchdog caught collective operation timeout: WorkNCCL(SeqNum=400362, OpType=BROADCAST, NumelIn=1, NumelOut=1, Timeout(ms)=600000) ran for 600057 milliseconds before timing out.
Exception raised from checkTimeout at /opt/tiger/compile_path/src/code.byted.org/pytorch/pytorch/torch/csrc/distributed/c10d/ProcessGroupNCCL.cpp:686 (most recent call first):
frame #0: c10::Error::Error(c10::SourceLocation, std::__cxx11::basic_string<char, std::char_traits<char>, std::allocator<char> >) + 0x80 (0x7f98cb7ab450 in /usr/local/lib/python3.11/dist-packages/torch/lib/libc10.so)
frame #1: c10d::ProcessGroupNCCL::WorkNCCL::checkTimeout(std::optional<std::chrono::duration<long, std::ratio<1l, 1000l> > >) + 0x250 (0x7f98cc6ef720 in /usr/local/lib/python3.11/dist-packages/torch/lib/libtorch_cuda.so)
frame #2: c10d::ProcessGroupNCCL::Watchdog::runLoop() + 0x16ba (0x7f98cc6f406a in /usr/local/lib/python3.11/dist-packages/torch/lib/libtorch_cuda.so)
frame #3: c10d::ProcessGroupNCCL::Watchdog::run() + 0xfa (0x7f98cc6f533a in /usr/local/lib/python3.11/dist-packages/torch/lib/libtorch_cuda.so)
frame #4: <unknown function> + 0xd44a3 (0x7f99c01444a3 in /lib/x86_64-linux-gnu/libstdc++.so.6)
frame #5: <unknown function> + 0x891f5 (0x7f99c5f1b1f5 in /lib/x86_64-linux-gnu/libc.so.6)
frame #6: <unknown function> + 0x10989c (0x7f99c5f9b89c in /lib/x86_64-linux-gnu/libc.so.6)

Exception raised from run at /opt/tiger/compile_path/src/code.byted.org/pytorch/pytorch/torch/csrc/distributed/c10d/ProcessGroupNCCL.cpp:2063 (most recent call first):
frame #0: c10::Error::Error(c10::SourceLocation, std::__cxx11::basic_string<char, std::char_traits<char>, std::allocator<char> >) + 0x80 (0x7f98cb7ab450 in /usr/local/lib/python3.11/dist-packages/torch/lib/libc10.so)
frame #1: <unknown function> + 0xeb2251 (0x7f98cc6cb251 in /usr/local/lib/python3.11/dist-packages/torch/lib/libtorch_cuda.so)
frame #2: <unknown function> + 0x98d2ad (0x7f98cc1a62ad in /usr/local/lib/python3.11/dist-packages/torch/lib/libtorch_cuda.so)
frame #3: <unknown function> + 0xd44a3 (0x7f99c01444a3 in /lib/x86_64-linux-gnu/libstdc++.so.6)
frame #4: <unknown function> + 0x891f5 (0x7f99c5f1b1f5 in /lib/x86_64-linux-gnu/libc.so.6)
frame #5: <unknown function> + 0x10989c (0x7f99c5f9b89c in /lib/x86_64-linux-gnu/libc.so.6)

W0604 12:44:30.129000 18023 torch/multiprocessing/spawn.py:174] Terminating process 18100 via signal SIGTERM
W0604 12:44:30.134000 18023 torch/multiprocessing/spawn.py:174] Terminating process 18101 via signal SIGTERM
W0604 12:44:30.134000 18023 torch/multiprocessing/spawn.py:174] Terminating process 18102 via signal SIGTERM
W0604 12:44:30.135000 18023 torch/multiprocessing/spawn.py:174] Terminating process 18104 via signal SIGTERM
W0604 12:44:30.135000 18023 torch/multiprocessing/spawn.py:174] Terminating process 18105 via signal SIGTERM
W0604 12:44:30.135000 18023 torch/multiprocessing/spawn.py:174] Terminating process 18106 via signal SIGTERM
W0604 12:44:30.135000 18023 torch/multiprocessing/spawn.py:174] Terminating process 18107 via signal SIGTERM
Traceback (most recent call last):
  File "/mlx_devbox/users/quyanyi/playground/QATs/qat_launch.py", line 1615, in <module>
    raise SystemExit(main())
                     ^^^^^^
  File "/mlx_devbox/users/quyanyi/playground/QATs/qat_launch.py", line 1611, in main
    return execute_method(args, command, cwd, env)
           ^^^^^^^^^^^^^^^^^^^^^^^^^^^^^^^^^^^^^^^
  File "/mlx_devbox/users/quyanyi/playground/QATs/qat_launch.py", line 1506, in execute_method
    return invoke_ofq(args, command, cwd, env)
           ^^^^^^^^^^^^^^^^^^^^^^^^^^^^^^^^^^^
  File "/mlx_devbox/users/quyanyi/playground/QATs/qat_launch.py", line 1481, in invoke_ofq
    torch.multiprocessing.spawn(
  File "/usr/local/lib/python3.11/dist-packages/torch/multiprocessing/spawn.py", line 364, in spawn
    return start_processes(fn, args, nprocs, join, daemon, start_method="spawn")
           ^^^^^^^^^^^^^^^^^^^^^^^^^^^^^^^^^^^^^^^^^^^^^^^^^^^^^^^^^^^^^^^^^^^^^
  File "/usr/local/lib/python3.11/dist-packages/torch/multiprocessing/spawn.py", line 320, in start_processes
    while not context.join():
              ^^^^^^^^^^^^^^
  File "/usr/local/lib/python3.11/dist-packages/torch/multiprocessing/spawn.py", line 201, in join
    raise ProcessExitedException(
torch.multiprocessing.spawn.ProcessExitedException: process 3 terminated with signal SIGABRT
/usr/lib/python3.11/multiprocessing/resource_tracker.py:224: UserWarning: resource_tracker: There appear to be 256 leaked semaphore objects to clean up at shutdown
  warnings.warn('resource_tracker: There appear to be %d '
/usr/local/lib/python3.11/dist-packages/requests/__init__.py:113: RequestsDependencyWarning: urllib3 (1.26.20) or chardet (7.4.3)/charset_normalizer (3.4.4) doesn't match a supported version!
  warnings.warn(
/usr/local/lib/python3.11/dist-packages/wandb/apis/public.py:3075: UserWarning: pkg_resources is deprecated as an API. See https://setuptools.pypa.io/en/latest/pkg_resources.html. The pkg_resources package is slated for removal as early as 2025-11-30. Refrain from using this package or pin to Setuptools<81.
  from pkg_resources import parse_version
[QATs] method=ofq
[QATs] cwd=/mlx_devbox/users/quyanyi/playground/QATs/third_party/OFQ
[QATs] command=/usr/bin/python train.py -c /mlx_devbox/users/quyanyi/playground/QATs/third_party/OFQ/configs/swin_t_imagenet.attn_q.yml --model swin_t /tmp/imagenet1k_full_parquet --dataset hf-parquet-imagenet --output /mlx_devbox/users/quyanyi/playground/QATs/outputs/ofq_unified_50ep_directverify_v2 --experiment swin_t_w4a4_imagenet1k_8gpu_50ep_directverify_v2 --visible_gpu 0,1,2,3,4,5,6,7 --world_size 8 --tcp_port 29837 --model_type swin --teacher swin_t --teacher_type swin --epochs 50 --batch-size 64 --workers 8 --lr 0.0002 --weight-decay 0.0 --warmup-epochs 0 --warmup-lr 1e-06 --resume /mlx_devbox/users/quyanyi/playground/QATs/outputs/ofq_unified_50ep_directverify_v2/swin_t_w4a4_imagenet1k_8gpu_50ep_directverify_v2/checkpoint-19.pth.tar --checkpoint-hist 10 --epoch-checkpoint-interval 10 --wq-bitw 4 --wq-enable --aq-bitw 4 --aq-enable --wq-mode statsq --aq-mode lsq --wq-per-channel --aq-per-channel --aq_clip_learnable --pretrained --pretrained_initialized --use-kd --kd_hard_and_soft 1 --teacher_pretrained --quantized --qk_reparam --skip_validate --cooldown-epochs 0
/usr/local/lib/python3.11/dist-packages/requests/__init__.py:113: RequestsDependencyWarning: urllib3 (1.26.20) or chardet (7.4.3)/charset_normalizer (3.4.4) doesn't match a supported version!
  warnings.warn(
/usr/local/lib/python3.11/dist-packages/requests/__init__.py:113: RequestsDependencyWarning: urllib3 (1.26.20) or chardet (7.4.3)/charset_normalizer (3.4.4) doesn't match a supported version!
  warnings.warn(
/usr/local/lib/python3.11/dist-packages/requests/__init__.py:113: RequestsDependencyWarning: urllib3 (1.26.20) or chardet (7.4.3)/charset_normalizer (3.4.4) doesn't match a supported version!
  warnings.warn(
/usr/local/lib/python3.11/dist-packages/requests/__init__.py:113: RequestsDependencyWarning: urllib3 (1.26.20) or chardet (7.4.3)/charset_normalizer (3.4.4) doesn't match a supported version!
  warnings.warn(
/usr/local/lib/python3.11/dist-packages/requests/__init__.py:113: RequestsDependencyWarning: urllib3 (1.26.20) or chardet (7.4.3)/charset_normalizer (3.4.4) doesn't match a supported version!
  warnings.warn(
/usr/local/lib/python3.11/dist-packages/requests/__init__.py:113: RequestsDependencyWarning: urllib3 (1.26.20) or chardet (7.4.3)/charset_normalizer (3.4.4) doesn't match a supported version!
  warnings.warn(
/usr/local/lib/python3.11/dist-packages/requests/__init__.py:113: RequestsDependencyWarning: urllib3 (1.26.20) or chardet (7.4.3)/charset_normalizer (3.4.4) doesn't match a supported version!
  warnings.warn(
/usr/local/lib/python3.11/dist-packages/requests/__init__.py:113: RequestsDependencyWarning: urllib3 (1.26.20) or chardet (7.4.3)/charset_normalizer (3.4.4) doesn't match a supported version!
  warnings.warn(
/usr/local/lib/python3.11/dist-packages/wandb/apis/public.py:3075: UserWarning: pkg_resources is deprecated as an API. See https://setuptools.pypa.io/en/latest/pkg_resources.html. The pkg_resources package is slated for removal as early as 2025-11-30. Refrain from using this package or pin to Setuptools<81.
  from pkg_resources import parse_version
/usr/local/lib/python3.11/dist-packages/wandb/apis/public.py:3075: UserWarning: pkg_resources is deprecated as an API. See https://setuptools.pypa.io/en/latest/pkg_resources.html. The pkg_resources package is slated for removal as early as 2025-11-30. Refrain from using this package or pin to Setuptools<81.
  from pkg_resources import parse_version
/usr/local/lib/python3.11/dist-packages/wandb/apis/public.py:3075: UserWarning: pkg_resources is deprecated as an API. See https://setuptools.pypa.io/en/latest/pkg_resources.html. The pkg_resources package is slated for removal as early as 2025-11-30. Refrain from using this package or pin to Setuptools<81.
  from pkg_resources import parse_version
/usr/local/lib/python3.11/dist-packages/wandb/apis/public.py:3075: UserWarning: pkg_resources is deprecated as an API. See https://setuptools.pypa.io/en/latest/pkg_resources.html. The pkg_resources package is slated for removal as early as 2025-11-30. Refrain from using this package or pin to Setuptools<81.
  from pkg_resources import parse_version
/usr/local/lib/python3.11/dist-packages/wandb/apis/public.py:3075: UserWarning: pkg_resources is deprecated as an API. See https://setuptools.pypa.io/en/latest/pkg_resources.html. The pkg_resources package is slated for removal as early as 2025-11-30. Refrain from using this package or pin to Setuptools<81.
  from pkg_resources import parse_version
/usr/local/lib/python3.11/dist-packages/wandb/apis/public.py:3075: UserWarning: pkg_resources is deprecated as an API. See https://setuptools.pypa.io/en/latest/pkg_resources.html. The pkg_resources package is slated for removal as early as 2025-11-30. Refrain from using this package or pin to Setuptools<81.
  from pkg_resources import parse_version
/usr/local/lib/python3.11/dist-packages/wandb/apis/public.py:3075: UserWarning: pkg_resources is deprecated as an API. See https://setuptools.pypa.io/en/latest/pkg_resources.html. The pkg_resources package is slated for removal as early as 2025-11-30. Refrain from using this package or pin to Setuptools<81.
  from pkg_resources import parse_version
/usr/local/lib/python3.11/dist-packages/wandb/apis/public.py:3075: UserWarning: pkg_resources is deprecated as an API. See https://setuptools.pypa.io/en/latest/pkg_resources.html. The pkg_resources package is slated for removal as early as 2025-11-30. Refrain from using this package or pin to Setuptools<81.
  from pkg_resources import parse_version
args.local_rank: 2
args.local_rank: 6
8
8
args.local_rank: 4
8
args.local_rank: 1
8
args.local_rank: 5
8
args.local_rank: 0
8
args.local_rank: 7
8
args.local_rank: 3
8
Training in distributed mode with multiple processes, 1 GPU per process. Process 4, total 8.
Training in distributed mode with multiple processes, 1 GPU per process. Process 7, total 8.
load pretrained
Training in distributed mode with multiple processes, 1 GPU per process. Process 6, total 8.
Training in distributed mode with multiple processes, 1 GPU per process. Process 0, total 8.
Training in distributed mode with multiple processes, 1 GPU per process. Process 5, total 8.
load pretrained
Training in distributed mode with multiple processes, 1 GPU per process. Process 3, total 8.
Training in distributed mode with multiple processes, 1 GPU per process. Process 2, total 8.
Training in distributed mode with multiple processes, 1 GPU per process. Process 1, total 8.
load pretrained
load pretrained
load pretrained
load pretrained
load pretrained
load pretrained
load pretrained
load pretrained
create teacher model
load pretrained
load pretrained
load pretrained
load pretrained
load pretrained
load pretrained
Model swin_t created, param count:28593633
Data processing configuration for current model + dataset:
	input_size: (3, 224, 224)
	interpolation: bicubic
	mean: (0.485, 0.456, 0.406)
	std: (0.229, 0.224, 0.225)
	crop_pct: 0.9
Trainer transform: Compose(
    RandomResizedCropAndInterpolation(size=(224, 224), scale=(0.08, 1.0), ratio=(0.75, 1.3333), interpolation=PIL.Image.BILINEAR PIL.Image.BICUBIC)
    RandomHorizontalFlip(p=0.5)
    <timm.data.auto_augment.RandAugment object at 0x7f02694dfa50>
    <timm.data.transforms.ToNumpy object at 0x7f0481248750>
)
160128
50000
setup alpha
/usr/local/lib/python3.11/dist-packages/requests/__init__.py:113: RequestsDependencyWarning: urllib3 (1.26.20) or chardet (7.4.3)/charset_normalizer (3.4.4) doesn't match a supported version!
  warnings.warn(
/usr/local/lib/python3.11/dist-packages/requests/__init__.py:113: RequestsDependencyWarning: urllib3 (1.26.20) or chardet (7.4.3)/charset_normalizer (3.4.4) doesn't match a supported version!
  warnings.warn(
/usr/local/lib/python3.11/dist-packages/requests/__init__.py:113: RequestsDependencyWarning: urllib3 (1.26.20) or chardet (7.4.3)/charset_normalizer (3.4.4) doesn't match a supported version!
  warnings.warn(
/usr/local/lib/python3.11/dist-packages/requests/__init__.py:113: RequestsDependencyWarning: urllib3 (1.26.20) or chardet (7.4.3)/charset_normalizer (3.4.4) doesn't match a supported version!
  warnings.warn(
/usr/local/lib/python3.11/dist-packages/requests/__init__.py:113: RequestsDependencyWarning: urllib3 (1.26.20) or chardet (7.4.3)/charset_normalizer (3.4.4) doesn't match a supported version!
  warnings.warn(
/usr/local/lib/python3.11/dist-packages/requests/__init__.py:113: RequestsDependencyWarning: urllib3 (1.26.20) or chardet (7.4.3)/charset_normalizer (3.4.4) doesn't match a supported version!
  warnings.warn(
/usr/local/lib/python3.11/dist-packages/requests/__init__.py:113: RequestsDependencyWarning: urllib3 (1.26.20) or chardet (7.4.3)/charset_normalizer (3.4.4) doesn't match a supported version!
  warnings.warn(
/usr/local/lib/python3.11/dist-packages/requests/__init__.py:113: RequestsDependencyWarning: urllib3 (1.26.20) or chardet (7.4.3)/charset_normalizer (3.4.4) doesn't match a supported version!
  warnings.warn(
/usr/local/lib/python3.11/dist-packages/requests/__init__.py:113: RequestsDependencyWarning: urllib3 (1.26.20) or chardet (7.4.3)/charset_normalizer (3.4.4) doesn't match a supported version!
  warnings.warn(
/usr/local/lib/python3.11/dist-packages/requests/__init__.py:113: RequestsDependencyWarning: urllib3 (1.26.20) or chardet (7.4.3)/charset_normalizer (3.4.4) doesn't match a supported version!
  warnings.warn(
/usr/local/lib/python3.11/dist-packages/requests/__init__.py:113: RequestsDependencyWarning: urllib3 (1.26.20) or chardet (7.4.3)/charset_normalizer (3.4.4) doesn't match a supported version!
  warnings.warn(
/usr/local/lib/python3.11/dist-packages/requests/__init__.py:113: RequestsDependencyWarning: urllib3 (1.26.20) or chardet (7.4.3)/charset_normalizer (3.4.4) doesn't match a supported version!
  warnings.warn(
/usr/local/lib/python3.11/dist-packages/requests/__init__.py:113: RequestsDependencyWarning: urllib3 (1.26.20) or chardet (7.4.3)/charset_normalizer (3.4.4) doesn't match a supported version!
  warnings.warn(
/usr/local/lib/python3.11/dist-packages/requests/__init__.py:113: RequestsDependencyWarning: urllib3 (1.26.20) or chardet (7.4.3)/charset_normalizer (3.4.4) doesn't match a supported version!
  warnings.warn(
/usr/local/lib/python3.11/dist-packages/requests/__init__.py:113: RequestsDependencyWarning: urllib3 (1.26.20) or chardet (7.4.3)/charset_normalizer (3.4.4) doesn't match a supported version!
  warnings.warn(
/usr/local/lib/python3.11/dist-packages/requests/__init__.py:113: RequestsDependencyWarning: urllib3 (1.26.20) or chardet (7.4.3)/charset_normalizer (3.4.4) doesn't match a supported version!
  warnings.warn(
/usr/local/lib/python3.11/dist-packages/requests/__init__.py:113: RequestsDependencyWarning: urllib3 (1.26.20) or chardet (7.4.3)/charset_normalizer (3.4.4) doesn't match a supported version!
  warnings.warn(
/usr/local/lib/python3.11/dist-packages/requests/__init__.py:113: RequestsDependencyWarning: urllib3 (1.26.20) or chardet (7.4.3)/charset_normalizer (3.4.4) doesn't match a supported version!
  warnings.warn(
/usr/local/lib/python3.11/dist-packages/requests/__init__.py:113: RequestsDependencyWarning: urllib3 (1.26.20) or chardet (7.4.3)/charset_normalizer (3.4.4) doesn't match a supported version!
  warnings.warn(
/usr/local/lib/python3.11/dist-packages/requests/__init__.py:113: RequestsDependencyWarning: urllib3 (1.26.20) or chardet (7.4.3)/charset_normalizer (3.4.4) doesn't match a supported version!
  warnings.warn(
/usr/local/lib/python3.11/dist-packages/requests/__init__.py:113: RequestsDependencyWarning: urllib3 (1.26.20) or chardet (7.4.3)/charset_normalizer (3.4.4) doesn't match a supported version!
  warnings.warn(
/usr/local/lib/python3.11/dist-packages/requests/__init__.py:113: RequestsDependencyWarning: urllib3 (1.26.20) or chardet (7.4.3)/charset_normalizer (3.4.4) doesn't match a supported version!
  warnings.warn(
/usr/local/lib/python3.11/dist-packages/requests/__init__.py:113: RequestsDependencyWarning: urllib3 (1.26.20) or chardet (7.4.3)/charset_normalizer (3.4.4) doesn't match a supported version!
  warnings.warn(
/usr/local/lib/python3.11/dist-packages/requests/__init__.py:113: RequestsDependencyWarning: urllib3 (1.26.20) or chardet (7.4.3)/charset_normalizer (3.4.4) doesn't match a supported version!
  warnings.warn(
/usr/local/lib/python3.11/dist-packages/requests/__init__.py:113: RequestsDependencyWarning: urllib3 (1.26.20) or chardet (7.4.3)/charset_normalizer (3.4.4) doesn't match a supported version!
  warnings.warn(
/usr/local/lib/python3.11/dist-packages/requests/__init__.py:113: RequestsDependencyWarning: urllib3 (1.26.20) or chardet (7.4.3)/charset_normalizer (3.4.4) doesn't match a supported version!
  warnings.warn(
/usr/local/lib/python3.11/dist-packages/requests/__init__.py:113: RequestsDependencyWarning: urllib3 (1.26.20) or chardet (7.4.3)/charset_normalizer (3.4.4) doesn't match a supported version!
  warnings.warn(
/usr/local/lib/python3.11/dist-packages/requests/__init__.py:113: RequestsDependencyWarning: urllib3 (1.26.20) or chardet (7.4.3)/charset_normalizer (3.4.4) doesn't match a supported version!
  warnings.warn(
/usr/local/lib/python3.11/dist-packages/requests/__init__.py:113: RequestsDependencyWarning: urllib3 (1.26.20) or chardet (7.4.3)/charset_normalizer (3.4.4) doesn't match a supported version!
  warnings.warn(
/usr/local/lib/python3.11/dist-packages/requests/__init__.py:113: RequestsDependencyWarning: urllib3 (1.26.20) or chardet (7.4.3)/charset_normalizer (3.4.4) doesn't match a supported version!
  warnings.warn(
/usr/local/lib/python3.11/dist-packages/wandb/apis/public.py:3075: UserWarning: pkg_resources is deprecated as an API. See https://setuptools.pypa.io/en/latest/pkg_resources.html. The pkg_resources package is slated for removal as early as 2025-11-30. Refrain from using this package or pin to Setuptools<81.
  from pkg_resources import parse_version
/usr/local/lib/python3.11/dist-packages/wandb/apis/public.py:3075: UserWarning: pkg_resources is deprecated as an API. See https://setuptools.pypa.io/en/latest/pkg_resources.html. The pkg_resources package is slated for removal as early as 2025-11-30. Refrain from using this package or pin to Setuptools<81.
  from pkg_resources import parse_version
/usr/local/lib/python3.11/dist-packages/wandb/apis/public.py:3075: UserWarning: pkg_resources is deprecated as an API. See https://setuptools.pypa.io/en/latest/pkg_resources.html. The pkg_resources package is slated for removal as early as 2025-11-30. Refrain from using this package or pin to Setuptools<81.
  from pkg_resources import parse_version
/usr/local/lib/python3.11/dist-packages/wandb/apis/public.py:3075: UserWarning: pkg_resources is deprecated as an API. See https://setuptools.pypa.io/en/latest/pkg_resources.html. The pkg_resources package is slated for removal as early as 2025-11-30. Refrain from using this package or pin to Setuptools<81.
  from pkg_resources import parse_version
/usr/local/lib/python3.11/dist-packages/wandb/apis/public.py:3075: UserWarning: pkg_resources is deprecated as an API. See https://setuptools.pypa.io/en/latest/pkg_resources.html. The pkg_resources package is slated for removal as early as 2025-11-30. Refrain from using this package or pin to Setuptools<81.
  from pkg_resources import parse_version
/usr/local/lib/python3.11/dist-packages/wandb/apis/public.py:3075: UserWarning: pkg_resources is deprecated as an API. See https://setuptools.pypa.io/en/latest/pkg_resources.html. The pkg_resources package is slated for removal as early as 2025-11-30. Refrain from using this package or pin to Setuptools<81.
  from pkg_resources import parse_version
/usr/local/lib/python3.11/dist-packages/wandb/apis/public.py:3075: UserWarning: pkg_resources is deprecated as an API. See https://setuptools.pypa.io/en/latest/pkg_resources.html. The pkg_resources package is slated for removal as early as 2025-11-30. Refrain from using this package or pin to Setuptools<81.
  from pkg_resources import parse_version
/usr/local/lib/python3.11/dist-packages/wandb/apis/public.py:3075: UserWarning: pkg_resources is deprecated as an API. See https://setuptools.pypa.io/en/latest/pkg_resources.html. The pkg_resources package is slated for removal as early as 2025-11-30. Refrain from using this package or pin to Setuptools<81.
  from pkg_resources import parse_version
/usr/local/lib/python3.11/dist-packages/wandb/apis/public.py:3075: UserWarning: pkg_resources is deprecated as an API. See https://setuptools.pypa.io/en/latest/pkg_resources.html. The pkg_resources package is slated for removal as early as 2025-11-30. Refrain from using this package or pin to Setuptools<81.
  from pkg_resources import parse_version
/usr/local/lib/python3.11/dist-packages/wandb/apis/public.py:3075: UserWarning: pkg_resources is deprecated as an API. See https://setuptools.pypa.io/en/latest/pkg_resources.html. The pkg_resources package is slated for removal as early as 2025-11-30. Refrain from using this package or pin to Setuptools<81.
  from pkg_resources import parse_version
/usr/local/lib/python3.11/dist-packages/wandb/apis/public.py:3075: UserWarning: pkg_resources is deprecated as an API. See https://setuptools.pypa.io/en/latest/pkg_resources.html. The pkg_resources package is slated for removal as early as 2025-11-30. Refrain from using this package or pin to Setuptools<81.
  from pkg_resources import parse_version
/usr/local/lib/python3.11/dist-packages/wandb/apis/public.py:3075: UserWarning: pkg_resources is deprecated as an API. See https://setuptools.pypa.io/en/latest/pkg_resources.html. The pkg_resources package is slated for removal as early as 2025-11-30. Refrain from using this package or pin to Setuptools<81.
  from pkg_resources import parse_version
/usr/local/lib/python3.11/dist-packages/wandb/apis/public.py:3075: UserWarning: pkg_resources is deprecated as an API. See https://setuptools.pypa.io/en/latest/pkg_resources.html. The pkg_resources package is slated for removal as early as 2025-11-30. Refrain from using this package or pin to Setuptools<81.
  from pkg_resources import parse_version
/usr/local/lib/python3.11/dist-packages/wandb/apis/public.py:3075: UserWarning: pkg_resources is deprecated as an API. See https://setuptools.pypa.io/en/latest/pkg_resources.html. The pkg_resources package is slated for removal as early as 2025-11-30. Refrain from using this package or pin to Setuptools<81.
  from pkg_resources import parse_version
/usr/local/lib/python3.11/dist-packages/wandb/apis/public.py:3075: UserWarning: pkg_resources is deprecated as an API. See https://setuptools.pypa.io/en/latest/pkg_resources.html. The pkg_resources package is slated for removal as early as 2025-11-30. Refrain from using this package or pin to Setuptools<81.
  from pkg_resources import parse_version
/usr/local/lib/python3.11/dist-packages/wandb/apis/public.py:3075: UserWarning: pkg_resources is deprecated as an API. See https://setuptools.pypa.io/en/latest/pkg_resources.html. The pkg_resources package is slated for removal as early as 2025-11-30. Refrain from using this package or pin to Setuptools<81.
  from pkg_resources import parse_version
/usr/local/lib/python3.11/dist-packages/wandb/apis/public.py:3075: UserWarning: pkg_resources is deprecated as an API. See https://setuptools.pypa.io/en/latest/pkg_resources.html. The pkg_resources package is slated for removal as early as 2025-11-30. Refrain from using this package or pin to Setuptools<81.
  from pkg_resources import parse_version
/usr/local/lib/python3.11/dist-packages/wandb/apis/public.py:3075: UserWarning: pkg_resources is deprecated as an API. See https://setuptools.pypa.io/en/latest/pkg_resources.html. The pkg_resources package is slated for removal as early as 2025-11-30. Refrain from using this package or pin to Setuptools<81.
  from pkg_resources import parse_version
/usr/local/lib/python3.11/dist-packages/wandb/apis/public.py:3075: UserWarning: pkg_resources is deprecated as an API. See https://setuptools.pypa.io/en/latest/pkg_resources.html. The pkg_resources package is slated for removal as early as 2025-11-30. Refrain from using this package or pin to Setuptools<81.
  from pkg_resources import parse_version
/usr/local/lib/python3.11/dist-packages/wandb/apis/public.py:3075: UserWarning: pkg_resources is deprecated as an API. See https://setuptools.pypa.io/en/latest/pkg_resources.html. The pkg_resources package is slated for removal as early as 2025-11-30. Refrain from using this package or pin to Setuptools<81.
  from pkg_resources import parse_version
/usr/local/lib/python3.11/dist-packages/wandb/apis/public.py:3075: UserWarning: pkg_resources is deprecated as an API. See https://setuptools.pypa.io/en/latest/pkg_resources.html. The pkg_resources package is slated for removal as early as 2025-11-30. Refrain from using this package or pin to Setuptools<81.
  from pkg_resources import parse_version
/usr/local/lib/python3.11/dist-packages/wandb/apis/public.py:3075: UserWarning: pkg_resources is deprecated as an API. See https://setuptools.pypa.io/en/latest/pkg_resources.html. The pkg_resources package is slated for removal as early as 2025-11-30. Refrain from using this package or pin to Setuptools<81.
  from pkg_resources import parse_version
/usr/local/lib/python3.11/dist-packages/wandb/apis/public.py:3075: UserWarning: pkg_resources is deprecated as an API. See https://setuptools.pypa.io/en/latest/pkg_resources.html. The pkg_resources package is slated for removal as early as 2025-11-30. Refrain from using this package or pin to Setuptools<81.
  from pkg_resources import parse_version
/usr/local/lib/python3.11/dist-packages/requests/__init__.py:113: RequestsDependencyWarning: urllib3 (1.26.20) or chardet (7.4.3)/charset_normalizer (3.4.4) doesn't match a supported version!
  warnings.warn(
/usr/local/lib/python3.11/dist-packages/wandb/apis/public.py:3075: UserWarning: pkg_resources is deprecated as an API. See https://setuptools.pypa.io/en/latest/pkg_resources.html. The pkg_resources package is slated for removal as early as 2025-11-30. Refrain from using this package or pin to Setuptools<81.
  from pkg_resources import parse_version
/usr/local/lib/python3.11/dist-packages/requests/__init__.py:113: RequestsDependencyWarning: urllib3 (1.26.20) or chardet (7.4.3)/charset_normalizer (3.4.4) doesn't match a supported version!
  warnings.warn(
/usr/local/lib/python3.11/dist-packages/requests/__init__.py:113: RequestsDependencyWarning: urllib3 (1.26.20) or chardet (7.4.3)/charset_normalizer (3.4.4) doesn't match a supported version!
  warnings.warn(
/usr/local/lib/python3.11/dist-packages/requests/__init__.py:113: RequestsDependencyWarning: urllib3 (1.26.20) or chardet (7.4.3)/charset_normalizer (3.4.4) doesn't match a supported version!
  warnings.warn(
/usr/local/lib/python3.11/dist-packages/requests/__init__.py:113: RequestsDependencyWarning: urllib3 (1.26.20) or chardet (7.4.3)/charset_normalizer (3.4.4) doesn't match a supported version!
  warnings.warn(
/usr/local/lib/python3.11/dist-packages/requests/__init__.py:113: RequestsDependencyWarning: urllib3 (1.26.20) or chardet (7.4.3)/charset_normalizer (3.4.4) doesn't match a supported version!
  warnings.warn(
/usr/local/lib/python3.11/dist-packages/requests/__init__.py:113: RequestsDependencyWarning: urllib3 (1.26.20) or chardet (7.4.3)/charset_normalizer (3.4.4) doesn't match a supported version!
  warnings.warn(
/usr/local/lib/python3.11/dist-packages/requests/__init__.py:113: RequestsDependencyWarning: urllib3 (1.26.20) or chardet (7.4.3)/charset_normalizer (3.4.4) doesn't match a supported version!
  warnings.warn(
/usr/local/lib/python3.11/dist-packages/requests/__init__.py:113: RequestsDependencyWarning: urllib3 (1.26.20) or chardet (7.4.3)/charset_normalizer (3.4.4) doesn't match a supported version!
  warnings.warn(
/usr/local/lib/python3.11/dist-packages/requests/__init__.py:113: RequestsDependencyWarning: urllib3 (1.26.20) or chardet (7.4.3)/charset_normalizer (3.4.4) doesn't match a supported version!
  warnings.warn(
/usr/local/lib/python3.11/dist-packages/requests/__init__.py:113: RequestsDependencyWarning: urllib3 (1.26.20) or chardet (7.4.3)/charset_normalizer (3.4.4) doesn't match a supported version!
  warnings.warn(
/usr/local/lib/python3.11/dist-packages/requests/__init__.py:113: RequestsDependencyWarning: urllib3 (1.26.20) or chardet (7.4.3)/charset_normalizer (3.4.4) doesn't match a supported version!
  warnings.warn(
/usr/local/lib/python3.11/dist-packages/requests/__init__.py:113: RequestsDependencyWarning: urllib3 (1.26.20) or chardet (7.4.3)/charset_normalizer (3.4.4) doesn't match a supported version!
  warnings.warn(
/usr/local/lib/python3.11/dist-packages/requests/__init__.py:113: RequestsDependencyWarning: urllib3 (1.26.20) or chardet (7.4.3)/charset_normalizer (3.4.4) doesn't match a supported version!
  warnings.warn(
/usr/local/lib/python3.11/dist-packages/requests/__init__.py:113: RequestsDependencyWarning: urllib3 (1.26.20) or chardet (7.4.3)/charset_normalizer (3.4.4) doesn't match a supported version!
  warnings.warn(
/usr/local/lib/python3.11/dist-packages/requests/__init__.py:113: RequestsDependencyWarning: urllib3 (1.26.20) or chardet (7.4.3)/charset_normalizer (3.4.4) doesn't match a supported version!
  warnings.warn(
/usr/local/lib/python3.11/dist-packages/requests/__init__.py:113: RequestsDependencyWarning: urllib3 (1.26.20) or chardet (7.4.3)/charset_normalizer (3.4.4) doesn't match a supported version!
  warnings.warn(
/usr/local/lib/python3.11/dist-packages/requests/__init__.py:113: RequestsDependencyWarning: urllib3 (1.26.20) or chardet (7.4.3)/charset_normalizer (3.4.4) doesn't match a supported version!
  warnings.warn(
/usr/local/lib/python3.11/dist-packages/requests/__init__.py:113: RequestsDependencyWarning: urllib3 (1.26.20) or chardet (7.4.3)/charset_normalizer (3.4.4) doesn't match a supported version!
  warnings.warn(
/usr/local/lib/python3.11/dist-packages/requests/__init__.py:113: RequestsDependencyWarning: urllib3 (1.26.20) or chardet (7.4.3)/charset_normalizer (3.4.4) doesn't match a supported version!
  warnings.warn(
/usr/local/lib/python3.11/dist-packages/requests/__init__.py:113: RequestsDependencyWarning: urllib3 (1.26.20) or chardet (7.4.3)/charset_normalizer (3.4.4) doesn't match a supported version!
  warnings.warn(
/usr/local/lib/python3.11/dist-packages/requests/__init__.py:113: RequestsDependencyWarning: urllib3 (1.26.20) or chardet (7.4.3)/charset_normalizer (3.4.4) doesn't match a supported version!
  warnings.warn(
/usr/local/lib/python3.11/dist-packages/requests/__init__.py:113: RequestsDependencyWarning: urllib3 (1.26.20) or chardet (7.4.3)/charset_normalizer (3.4.4) doesn't match a supported version!
  warnings.warn(
/usr/local/lib/python3.11/dist-packages/requests/__init__.py:113: RequestsDependencyWarning: urllib3 (1.26.20) or chardet (7.4.3)/charset_normalizer (3.4.4) doesn't match a supported version!
  warnings.warn(
/usr/local/lib/python3.11/dist-packages/requests/__init__.py:113: RequestsDependencyWarning: urllib3 (1.26.20) or chardet (7.4.3)/charset_normalizer (3.4.4) doesn't match a supported version!
  warnings.warn(
/usr/local/lib/python3.11/dist-packages/requests/__init__.py:113: RequestsDependencyWarning: urllib3 (1.26.20) or chardet (7.4.3)/charset_normalizer (3.4.4) doesn't match a supported version!
  warnings.warn(
/usr/local/lib/python3.11/dist-packages/requests/__init__.py:113: RequestsDependencyWarning: urllib3 (1.26.20) or chardet (7.4.3)/charset_normalizer (3.4.4) doesn't match a supported version!
  warnings.warn(
/usr/local/lib/python3.11/dist-packages/requests/__init__.py:113: RequestsDependencyWarning: urllib3 (1.26.20) or chardet (7.4.3)/charset_normalizer (3.4.4) doesn't match a supported version!
  warnings.warn(
/usr/local/lib/python3.11/dist-packages/requests/__init__.py:113: RequestsDependencyWarning: urllib3 (1.26.20) or chardet (7.4.3)/charset_normalizer (3.4.4) doesn't match a supported version!
  warnings.warn(
/usr/local/lib/python3.11/dist-packages/requests/__init__.py:113: RequestsDependencyWarning: urllib3 (1.26.20) or chardet (7.4.3)/charset_normalizer (3.4.4) doesn't match a supported version!
  warnings.warn(
/usr/local/lib/python3.11/dist-packages/requests/__init__.py:113: RequestsDependencyWarning: urllib3 (1.26.20) or chardet (7.4.3)/charset_normalizer (3.4.4) doesn't match a supported version!
  warnings.warn(
/usr/local/lib/python3.11/dist-packages/requests/__init__.py:113: RequestsDependencyWarning: urllib3 (1.26.20) or chardet (7.4.3)/charset_normalizer (3.4.4) doesn't match a supported version!
  warnings.warn(
/usr/local/lib/python3.11/dist-packages/requests/__init__.py:113: RequestsDependencyWarning: urllib3 (1.26.20) or chardet (7.4.3)/charset_normalizer (3.4.4) doesn't match a supported version!
  warnings.warn(
/usr/local/lib/python3.11/dist-packages/requests/__init__.py:113: RequestsDependencyWarning: urllib3 (1.26.20) or chardet (7.4.3)/charset_normalizer (3.4.4) doesn't match a supported version!
  warnings.warn(
/usr/local/lib/python3.11/dist-packages/wandb/apis/public.py:3075: UserWarning: pkg_resources is deprecated as an API. See https://setuptools.pypa.io/en/latest/pkg_resources.html. The pkg_resources package is slated for removal as early as 2025-11-30. Refrain from using this package or pin to Setuptools<81.
  from pkg_resources import parse_version
/usr/local/lib/python3.11/dist-packages/wandb/apis/public.py:3075: UserWarning: pkg_resources is deprecated as an API. See https://setuptools.pypa.io/en/latest/pkg_resources.html. The pkg_resources package is slated for removal as early as 2025-11-30. Refrain from using this package or pin to Setuptools<81.
  from pkg_resources import parse_version
/usr/local/lib/python3.11/dist-packages/wandb/apis/public.py:3075: UserWarning: pkg_resources is deprecated as an API. See https://setuptools.pypa.io/en/latest/pkg_resources.html. The pkg_resources package is slated for removal as early as 2025-11-30. Refrain from using this package or pin to Setuptools<81.
  from pkg_resources import parse_version
/usr/local/lib/python3.11/dist-packages/wandb/apis/public.py:3075: UserWarning: pkg_resources is deprecated as an API. See https://setuptools.pypa.io/en/latest/pkg_resources.html. The pkg_resources package is slated for removal as early as 2025-11-30. Refrain from using this package or pin to Setuptools<81.
  from pkg_resources import parse_version
/usr/local/lib/python3.11/dist-packages/wandb/apis/public.py:3075: UserWarning: pkg_resources is deprecated as an API. See https://setuptools.pypa.io/en/latest/pkg_resources.html. The pkg_resources package is slated for removal as early as 2025-11-30. Refrain from using this package or pin to Setuptools<81.
  from pkg_resources import parse_version
/usr/local/lib/python3.11/dist-packages/wandb/apis/public.py:3075: UserWarning: pkg_resources is deprecated as an API. See https://setuptools.pypa.io/en/latest/pkg_resources.html. The pkg_resources package is slated for removal as early as 2025-11-30. Refrain from using this package or pin to Setuptools<81.
  from pkg_resources import parse_version
/usr/local/lib/python3.11/dist-packages/wandb/apis/public.py:3075: UserWarning: pkg_resources is deprecated as an API. See https://setuptools.pypa.io/en/latest/pkg_resources.html. The pkg_resources package is slated for removal as early as 2025-11-30. Refrain from using this package or pin to Setuptools<81.
  from pkg_resources import parse_version
/usr/local/lib/python3.11/dist-packages/wandb/apis/public.py:3075: UserWarning: pkg_resources is deprecated as an API. See https://setuptools.pypa.io/en/latest/pkg_resources.html. The pkg_resources package is slated for removal as early as 2025-11-30. Refrain from using this package or pin to Setuptools<81.
  from pkg_resources import parse_version
/usr/local/lib/python3.11/dist-packages/wandb/apis/public.py:3075: UserWarning: pkg_resources is deprecated as an API. See https://setuptools.pypa.io/en/latest/pkg_resources.html. The pkg_resources package is slated for removal as early as 2025-11-30. Refrain from using this package or pin to Setuptools<81.
  from pkg_resources import parse_version
/usr/local/lib/python3.11/dist-packages/wandb/apis/public.py:3075: UserWarning: pkg_resources is deprecated as an API. See https://setuptools.pypa.io/en/latest/pkg_resources.html. The pkg_resources package is slated for removal as early as 2025-11-30. Refrain from using this package or pin to Setuptools<81.
  from pkg_resources import parse_version
/usr/local/lib/python3.11/dist-packages/wandb/apis/public.py:3075: UserWarning: pkg_resources is deprecated as an API. See https://setuptools.pypa.io/en/latest/pkg_resources.html. The pkg_resources package is slated for removal as early as 2025-11-30. Refrain from using this package or pin to Setuptools<81.
  from pkg_resources import parse_version
/usr/local/lib/python3.11/dist-packages/wandb/apis/public.py:3075: UserWarning: pkg_resources is deprecated as an API. See https://setuptools.pypa.io/en/latest/pkg_resources.html. The pkg_resources package is slated for removal as early as 2025-11-30. Refrain from using this package or pin to Setuptools<81.
  from pkg_resources import parse_version
/usr/local/lib/python3.11/dist-packages/wandb/apis/public.py:3075: UserWarning: pkg_resources is deprecated as an API. See https://setuptools.pypa.io/en/latest/pkg_resources.html. The pkg_resources package is slated for removal as early as 2025-11-30. Refrain from using this package or pin to Setuptools<81.
  from pkg_resources import parse_version
/usr/local/lib/python3.11/dist-packages/wandb/apis/public.py:3075: UserWarning: pkg_resources is deprecated as an API. See https://setuptools.pypa.io/en/latest/pkg_resources.html. The pkg_resources package is slated for removal as early as 2025-11-30. Refrain from using this package or pin to Setuptools<81.
  from pkg_resources import parse_version
/usr/local/lib/python3.11/dist-packages/wandb/apis/public.py:3075: UserWarning: pkg_resources is deprecated as an API. See https://setuptools.pypa.io/en/latest/pkg_resources.html. The pkg_resources package is slated for removal as early as 2025-11-30. Refrain from using this package or pin to Setuptools<81.
  from pkg_resources import parse_version
/usr/local/lib/python3.11/dist-packages/wandb/apis/public.py:3075: UserWarning: pkg_resources is deprecated as an API. See https://setuptools.pypa.io/en/latest/pkg_resources.html. The pkg_resources package is slated for removal as early as 2025-11-30. Refrain from using this package or pin to Setuptools<81.
  from pkg_resources import parse_version
/usr/local/lib/python3.11/dist-packages/wandb/apis/public.py:3075: UserWarning: pkg_resources is deprecated as an API. See https://setuptools.pypa.io/en/latest/pkg_resources.html. The pkg_resources package is slated for removal as early as 2025-11-30. Refrain from using this package or pin to Setuptools<81.
  from pkg_resources import parse_version
/usr/local/lib/python3.11/dist-packages/wandb/apis/public.py:3075: UserWarning: pkg_resources is deprecated as an API. See https://setuptools.pypa.io/en/latest/pkg_resources.html. The pkg_resources package is slated for removal as early as 2025-11-30. Refrain from using this package or pin to Setuptools<81.
  from pkg_resources import parse_version
/usr/local/lib/python3.11/dist-packages/wandb/apis/public.py:3075: UserWarning: pkg_resources is deprecated as an API. See https://setuptools.pypa.io/en/latest/pkg_resources.html. The pkg_resources package is slated for removal as early as 2025-11-30. Refrain from using this package or pin to Setuptools<81.
  from pkg_resources import parse_version
/usr/local/lib/python3.11/dist-packages/wandb/apis/public.py:3075: UserWarning: pkg_resources is deprecated as an API. See https://setuptools.pypa.io/en/latest/pkg_resources.html. The pkg_resources package is slated for removal as early as 2025-11-30. Refrain from using this package or pin to Setuptools<81.
  from pkg_resources import parse_version
/usr/local/lib/python3.11/dist-packages/wandb/apis/public.py:3075: UserWarning: pkg_resources is deprecated as an API. See https://setuptools.pypa.io/en/latest/pkg_resources.html. The pkg_resources package is slated for removal as early as 2025-11-30. Refrain from using this package or pin to Setuptools<81.
  from pkg_resources import parse_version
/usr/local/lib/python3.11/dist-packages/wandb/apis/public.py:3075: UserWarning: pkg_resources is deprecated as an API. See https://setuptools.pypa.io/en/latest/pkg_resources.html. The pkg_resources package is slated for removal as early as 2025-11-30. Refrain from using this package or pin to Setuptools<81.
  from pkg_resources import parse_version
/usr/local/lib/python3.11/dist-packages/wandb/apis/public.py:3075: UserWarning: pkg_resources is deprecated as an API. See https://setuptools.pypa.io/en/latest/pkg_resources.html. The pkg_resources package is slated for removal as early as 2025-11-30. Refrain from using this package or pin to Setuptools<81.
  from pkg_resources import parse_version
/usr/local/lib/python3.11/dist-packages/wandb/apis/public.py:3075: UserWarning: pkg_resources is deprecated as an API. See https://setuptools.pypa.io/en/latest/pkg_resources.html. The pkg_resources package is slated for removal as early as 2025-11-30. Refrain from using this package or pin to Setuptools<81.
  from pkg_resources import parse_version
/usr/local/lib/python3.11/dist-packages/wandb/apis/public.py:3075: UserWarning: pkg_resources is deprecated as an API. See https://setuptools.pypa.io/en/latest/pkg_resources.html. The pkg_resources package is slated for removal as early as 2025-11-30. Refrain from using this package or pin to Setuptools<81.
  from pkg_resources import parse_version
/usr/local/lib/python3.11/dist-packages/wandb/apis/public.py:3075: UserWarning: pkg_resources is deprecated as an API. See https://setuptools.pypa.io/en/latest/pkg_resources.html. The pkg_resources package is slated for removal as early as 2025-11-30. Refrain from using this package or pin to Setuptools<81.
  from pkg_resources import parse_version
/usr/local/lib/python3.11/dist-packages/wandb/apis/public.py:3075: UserWarning: pkg_resources is deprecated as an API. See https://setuptools.pypa.io/en/latest/pkg_resources.html. The pkg_resources package is slated for removal as early as 2025-11-30. Refrain from using this package or pin to Setuptools<81.
  from pkg_resources import parse_version
/usr/local/lib/python3.11/dist-packages/wandb/apis/public.py:3075: UserWarning: pkg_resources is deprecated as an API. See https://setuptools.pypa.io/en/latest/pkg_resources.html. The pkg_resources package is slated for removal as early as 2025-11-30. Refrain from using this package or pin to Setuptools<81.
  from pkg_resources import parse_version
/usr/local/lib/python3.11/dist-packages/wandb/apis/public.py:3075: UserWarning: pkg_resources is deprecated as an API. See https://setuptools.pypa.io/en/latest/pkg_resources.html. The pkg_resources package is slated for removal as early as 2025-11-30. Refrain from using this package or pin to Setuptools<81.
  from pkg_resources import parse_version
/usr/local/lib/python3.11/dist-packages/wandb/apis/public.py:3075: UserWarning: pkg_resources is deprecated as an API. See https://setuptools.pypa.io/en/latest/pkg_resources.html. The pkg_resources package is slated for removal as early as 2025-11-30. Refrain from using this package or pin to Setuptools<81.
  from pkg_resources import parse_version
/usr/local/lib/python3.11/dist-packages/wandb/apis/public.py:3075: UserWarning: pkg_resources is deprecated as an API. See https://setuptools.pypa.io/en/latest/pkg_resources.html. The pkg_resources package is slated for removal as early as 2025-11-30. Refrain from using this package or pin to Setuptools<81.
  from pkg_resources import parse_version
/usr/local/lib/python3.11/dist-packages/wandb/apis/public.py:3075: UserWarning: pkg_resources is deprecated as an API. See https://setuptools.pypa.io/en/latest/pkg_resources.html. The pkg_resources package is slated for removal as early as 2025-11-30. Refrain from using this package or pin to Setuptools<81.
  from pkg_resources import parse_version
/usr/local/lib/python3.11/dist-packages/wandb/apis/public.py:3075: UserWarning: pkg_resources is deprecated as an API. See https://setuptools.pypa.io/en/latest/pkg_resources.html. The pkg_resources package is slated for removal as early as 2025-11-30. Refrain from using this package or pin to Setuptools<81.
  from pkg_resources import parse_version
/usr/local/lib/python3.11/dist-packages/wandb/apis/public.py:3075: UserWarning: pkg_resources is deprecated as an API. See https://setuptools.pypa.io/en/latest/pkg_resources.html. The pkg_resources package is slated for removal as early as 2025-11-30. Refrain from using this package or pin to Setuptools<81.
  from pkg_resources import parse_version
/usr/local/lib/python3.11/dist-packages/wandb/apis/public.py:3075: UserWarning: pkg_resources is deprecated as an API. See https://setuptools.pypa.io/en/latest/pkg_resources.html. The pkg_resources package is slated for removal as early as 2025-11-30. Refrain from using this package or pin to Setuptools<81.
  from pkg_resources import parse_version
/usr/local/lib/python3.11/dist-packages/wandb/apis/public.py:3075: UserWarning: pkg_resources is deprecated as an API. See https://setuptools.pypa.io/en/latest/pkg_resources.html. The pkg_resources package is slated for removal as early as 2025-11-30. Refrain from using this package or pin to Setuptools<81.
  from pkg_resources import parse_version
/usr/local/lib/python3.11/dist-packages/wandb/apis/public.py:3075: UserWarning: pkg_resources is deprecated as an API. See https://setuptools.pypa.io/en/latest/pkg_resources.html. The pkg_resources package is slated for removal as early as 2025-11-30. Refrain from using this package or pin to Setuptools<81.
  from pkg_resources import parse_version
/usr/local/lib/python3.11/dist-packages/wandb/apis/public.py:3075: UserWarning: pkg_resources is deprecated as an API. See https://setuptools.pypa.io/en/latest/pkg_resources.html. The pkg_resources package is slated for removal as early as 2025-11-30. Refrain from using this package or pin to Setuptools<81.
  from pkg_resources import parse_version
/usr/local/lib/python3.11/dist-packages/wandb/apis/public.py:3075: UserWarning: pkg_resources is deprecated as an API. See https://setuptools.pypa.io/en/latest/pkg_resources.html. The pkg_resources package is slated for removal as early as 2025-11-30. Refrain from using this package or pin to Setuptools<81.
  from pkg_resources import parse_version
/usr/local/lib/python3.11/dist-packages/wandb/apis/public.py:3075: UserWarning: pkg_resources is deprecated as an API. See https://setuptools.pypa.io/en/latest/pkg_resources.html. The pkg_resources package is slated for removal as early as 2025-11-30. Refrain from using this package or pin to Setuptools<81.
  from pkg_resources import parse_version
AMP not enabled. Training in float32.
Restoring model state from checkpoint...
Restoring optimizer state from checkpoint...
Loaded checkpoint '/mlx_devbox/users/quyanyi/playground/QATs/outputs/ofq_unified_50ep_directverify_v2/swin_t_w4a4_imagenet1k_8gpu_50ep_directverify_v2/checkpoint-19.pth.tar' (epoch 19)
Using native Torch DistributedDataParallel.
NCCL version 2.27.5+cuda12.9
Scheduled epochs: 50
hf-parquet-imagenet
Train loss KDLossSoftandHard(
  (KLSoft): KLLossSoft()
  (Hard): CrossEntropyLoss()
)
model eval
/usr/local/lib/python3.11/dist-packages/requests/__init__.py:113: RequestsDependencyWarning: urllib3 (1.26.20) or chardet (7.4.3)/charset_normalizer (3.4.4) doesn't match a supported version!
  warnings.warn(
/usr/local/lib/python3.11/dist-packages/requests/__init__.py:113: RequestsDependencyWarning: urllib3 (1.26.20) or chardet (7.4.3)/charset_normalizer (3.4.4) doesn't match a supported version!
  warnings.warn(
/usr/local/lib/python3.11/dist-packages/requests/__init__.py:113: RequestsDependencyWarning: urllib3 (1.26.20) or chardet (7.4.3)/charset_normalizer (3.4.4) doesn't match a supported version!
  warnings.warn(
/usr/local/lib/python3.11/dist-packages/requests/__init__.py:113: RequestsDependencyWarning: urllib3 (1.26.20) or chardet (7.4.3)/charset_normalizer (3.4.4) doesn't match a supported version!
  warnings.warn(
/usr/local/lib/python3.11/dist-packages/requests/__init__.py:113: RequestsDependencyWarning: urllib3 (1.26.20) or chardet (7.4.3)/charset_normalizer (3.4.4) doesn't match a supported version!
  warnings.warn(
/usr/local/lib/python3.11/dist-packages/requests/__init__.py:113: RequestsDependencyWarning: urllib3 (1.26.20) or chardet (7.4.3)/charset_normalizer (3.4.4) doesn't match a supported version!
  warnings.warn(
/usr/local/lib/python3.11/dist-packages/requests/__init__.py:113: RequestsDependencyWarning: urllib3 (1.26.20) or chardet (7.4.3)/charset_normalizer (3.4.4) doesn't match a supported version!
  warnings.warn(
/usr/local/lib/python3.11/dist-packages/requests/__init__.py:113: RequestsDependencyWarning: urllib3 (1.26.20) or chardet (7.4.3)/charset_normalizer (3.4.4) doesn't match a supported version!
  warnings.warn(
/usr/local/lib/python3.11/dist-packages/requests/__init__.py:113: RequestsDependencyWarning: urllib3 (1.26.20) or chardet (7.4.3)/charset_normalizer (3.4.4) doesn't match a supported version!
  warnings.warn(
/usr/local/lib/python3.11/dist-packages/requests/__init__.py:113: RequestsDependencyWarning: urllib3 (1.26.20) or chardet (7.4.3)/charset_normalizer (3.4.4) doesn't match a supported version!
  warnings.warn(
/usr/local/lib/python3.11/dist-packages/requests/__init__.py:113: RequestsDependencyWarning: urllib3 (1.26.20) or chardet (7.4.3)/charset_normalizer (3.4.4) doesn't match a supported version!
  warnings.warn(
/usr/local/lib/python3.11/dist-packages/requests/__init__.py:113: RequestsDependencyWarning: urllib3 (1.26.20) or chardet (7.4.3)/charset_normalizer (3.4.4) doesn't match a supported version!
  warnings.warn(
/usr/local/lib/python3.11/dist-packages/requests/__init__.py:113: RequestsDependencyWarning: urllib3 (1.26.20) or chardet (7.4.3)/charset_normalizer (3.4.4) doesn't match a supported version!
  warnings.warn(
/usr/local/lib/python3.11/dist-packages/requests/__init__.py:113: RequestsDependencyWarning: urllib3 (1.26.20) or chardet (7.4.3)/charset_normalizer (3.4.4) doesn't match a supported version!
  warnings.warn(
/usr/local/lib/python3.11/dist-packages/requests/__init__.py:113: RequestsDependencyWarning: urllib3 (1.26.20) or chardet (7.4.3)/charset_normalizer (3.4.4) doesn't match a supported version!
  warnings.warn(
/usr/local/lib/python3.11/dist-packages/requests/__init__.py:113: RequestsDependencyWarning: urllib3 (1.26.20) or chardet (7.4.3)/charset_normalizer (3.4.4) doesn't match a supported version!
  warnings.warn(
/usr/local/lib/python3.11/dist-packages/requests/__init__.py:113: RequestsDependencyWarning: urllib3 (1.26.20) or chardet (7.4.3)/charset_normalizer (3.4.4) doesn't match a supported version!
  warnings.warn(
/usr/local/lib/python3.11/dist-packages/requests/__init__.py:113: RequestsDependencyWarning: urllib3 (1.26.20) or chardet (7.4.3)/charset_normalizer (3.4.4) doesn't match a supported version!
  warnings.warn(
/usr/local/lib/python3.11/dist-packages/requests/__init__.py:113: RequestsDependencyWarning: urllib3 (1.26.20) or chardet (7.4.3)/charset_normalizer (3.4.4) doesn't match a supported version!
  warnings.warn(
/usr/local/lib/python3.11/dist-packages/requests/__init__.py:113: RequestsDependencyWarning: urllib3 (1.26.20) or chardet (7.4.3)/charset_normalizer (3.4.4) doesn't match a supported version!
  warnings.warn(
/usr/local/lib/python3.11/dist-packages/requests/__init__.py:113: RequestsDependencyWarning: urllib3 (1.26.20) or chardet (7.4.3)/charset_normalizer (3.4.4) doesn't match a supported version!
  warnings.warn(
/usr/local/lib/python3.11/dist-packages/requests/__init__.py:113: RequestsDependencyWarning: urllib3 (1.26.20) or chardet (7.4.3)/charset_normalizer (3.4.4) doesn't match a supported version!
  warnings.warn(
/usr/local/lib/python3.11/dist-packages/requests/__init__.py:113: RequestsDependencyWarning: urllib3 (1.26.20) or chardet (7.4.3)/charset_normalizer (3.4.4) doesn't match a supported version!
  warnings.warn(
/usr/local/lib/python3.11/dist-packages/requests/__init__.py:113: RequestsDependencyWarning: urllib3 (1.26.20) or chardet (7.4.3)/charset_normalizer (3.4.4) doesn't match a supported version!
  warnings.warn(
/usr/local/lib/python3.11/dist-packages/requests/__init__.py:113: RequestsDependencyWarning: urllib3 (1.26.20) or chardet (7.4.3)/charset_normalizer (3.4.4) doesn't match a supported version!
  warnings.warn(
/usr/local/lib/python3.11/dist-packages/requests/__init__.py:113: RequestsDependencyWarning: urllib3 (1.26.20) or chardet (7.4.3)/charset_normalizer (3.4.4) doesn't match a supported version!
  warnings.warn(
/usr/local/lib/python3.11/dist-packages/requests/__init__.py:113: RequestsDependencyWarning: urllib3 (1.26.20) or chardet (7.4.3)/charset_normalizer (3.4.4) doesn't match a supported version!
  warnings.warn(
/usr/local/lib/python3.11/dist-packages/requests/__init__.py:113: RequestsDependencyWarning: urllib3 (1.26.20) or chardet (7.4.3)/charset_normalizer (3.4.4) doesn't match a supported version!
  warnings.warn(
/usr/local/lib/python3.11/dist-packages/requests/__init__.py:113: RequestsDependencyWarning: urllib3 (1.26.20) or chardet (7.4.3)/charset_normalizer (3.4.4) doesn't match a supported version!
  warnings.warn(
/usr/local/lib/python3.11/dist-packages/requests/__init__.py:113: RequestsDependencyWarning: urllib3 (1.26.20) or chardet (7.4.3)/charset_normalizer (3.4.4) doesn't match a supported version!
  warnings.warn(
/usr/local/lib/python3.11/dist-packages/requests/__init__.py:113: RequestsDependencyWarning: urllib3 (1.26.20) or chardet (7.4.3)/charset_normalizer (3.4.4) doesn't match a supported version!
  warnings.warn(
/usr/local/lib/python3.11/dist-packages/requests/__init__.py:113: RequestsDependencyWarning: urllib3 (1.26.20) or chardet (7.4.3)/charset_normalizer (3.4.4) doesn't match a supported version!
  warnings.warn(
/usr/local/lib/python3.11/dist-packages/requests/__init__.py:113: RequestsDependencyWarning: urllib3 (1.26.20) or chardet (7.4.3)/charset_normalizer (3.4.4) doesn't match a supported version!
  warnings.warn(
/usr/local/lib/python3.11/dist-packages/requests/__init__.py:113: RequestsDependencyWarning: urllib3 (1.26.20) or chardet (7.4.3)/charset_normalizer (3.4.4) doesn't match a supported version!
  warnings.warn(
/usr/local/lib/python3.11/dist-packages/requests/__init__.py:113: RequestsDependencyWarning: urllib3 (1.26.20) or chardet (7.4.3)/charset_normalizer (3.4.4) doesn't match a supported version!
  warnings.warn(
/usr/local/lib/python3.11/dist-packages/requests/__init__.py:113: RequestsDependencyWarning: urllib3 (1.26.20) or chardet (7.4.3)/charset_normalizer (3.4.4) doesn't match a supported version!
  warnings.warn(
/usr/local/lib/python3.11/dist-packages/requests/__init__.py:113: RequestsDependencyWarning: urllib3 (1.26.20) or chardet (7.4.3)/charset_normalizer (3.4.4) doesn't match a supported version!
  warnings.warn(
/usr/local/lib/python3.11/dist-packages/requests/__init__.py:113: RequestsDependencyWarning: urllib3 (1.26.20) or chardet (7.4.3)/charset_normalizer (3.4.4) doesn't match a supported version!
  warnings.warn(
/usr/local/lib/python3.11/dist-packages/requests/__init__.py:113: RequestsDependencyWarning: urllib3 (1.26.20) or chardet (7.4.3)/charset_normalizer (3.4.4) doesn't match a supported version!
  warnings.warn(
/usr/local/lib/python3.11/dist-packages/requests/__init__.py:113: RequestsDependencyWarning: urllib3 (1.26.20) or chardet (7.4.3)/charset_normalizer (3.4.4) doesn't match a supported version!
  warnings.warn(
/usr/local/lib/python3.11/dist-packages/requests/__init__.py:113: RequestsDependencyWarning: urllib3 (1.26.20) or chardet (7.4.3)/charset_normalizer (3.4.4) doesn't match a supported version!
  warnings.warn(
/usr/local/lib/python3.11/dist-packages/requests/__init__.py:113: RequestsDependencyWarning: urllib3 (1.26.20) or chardet (7.4.3)/charset_normalizer (3.4.4) doesn't match a supported version!
  warnings.warn(
/usr/local/lib/python3.11/dist-packages/requests/__init__.py:113: RequestsDependencyWarning: urllib3 (1.26.20) or chardet (7.4.3)/charset_normalizer (3.4.4) doesn't match a supported version!
  warnings.warn(
/usr/local/lib/python3.11/dist-packages/requests/__init__.py:113: RequestsDependencyWarning: urllib3 (1.26.20) or chardet (7.4.3)/charset_normalizer (3.4.4) doesn't match a supported version!
  warnings.warn(
/usr/local/lib/python3.11/dist-packages/requests/__init__.py:113: RequestsDependencyWarning: urllib3 (1.26.20) or chardet (7.4.3)/charset_normalizer (3.4.4) doesn't match a supported version!
  warnings.warn(
/usr/local/lib/python3.11/dist-packages/requests/__init__.py:113: RequestsDependencyWarning: urllib3 (1.26.20) or chardet (7.4.3)/charset_normalizer (3.4.4) doesn't match a supported version!
  warnings.warn(
/usr/local/lib/python3.11/dist-packages/requests/__init__.py:113: RequestsDependencyWarning: urllib3 (1.26.20) or chardet (7.4.3)/charset_normalizer (3.4.4) doesn't match a supported version!
  warnings.warn(
/usr/local/lib/python3.11/dist-packages/requests/__init__.py:113: RequestsDependencyWarning: urllib3 (1.26.20) or chardet (7.4.3)/charset_normalizer (3.4.4) doesn't match a supported version!
  warnings.warn(
/usr/local/lib/python3.11/dist-packages/requests/__init__.py:113: RequestsDependencyWarning: urllib3 (1.26.20) or chardet (7.4.3)/charset_normalizer (3.4.4) doesn't match a supported version!
  warnings.warn(
/usr/local/lib/python3.11/dist-packages/requests/__init__.py:113: RequestsDependencyWarning: urllib3 (1.26.20) or chardet (7.4.3)/charset_normalizer (3.4.4) doesn't match a supported version!
  warnings.warn(
/usr/local/lib/python3.11/dist-packages/requests/__init__.py:113: RequestsDependencyWarning: urllib3 (1.26.20) or chardet (7.4.3)/charset_normalizer (3.4.4) doesn't match a supported version!
  warnings.warn(
/usr/local/lib/python3.11/dist-packages/requests/__init__.py:113: RequestsDependencyWarning: urllib3 (1.26.20) or chardet (7.4.3)/charset_normalizer (3.4.4) doesn't match a supported version!
  warnings.warn(
/usr/local/lib/python3.11/dist-packages/requests/__init__.py:113: RequestsDependencyWarning: urllib3 (1.26.20) or chardet (7.4.3)/charset_normalizer (3.4.4) doesn't match a supported version!
  warnings.warn(
/usr/local/lib/python3.11/dist-packages/requests/__init__.py:113: RequestsDependencyWarning: urllib3 (1.26.20) or chardet (7.4.3)/charset_normalizer (3.4.4) doesn't match a supported version!
  warnings.warn(
/usr/local/lib/python3.11/dist-packages/requests/__init__.py:113: RequestsDependencyWarning: urllib3 (1.26.20) or chardet (7.4.3)/charset_normalizer (3.4.4) doesn't match a supported version!
  warnings.warn(
/usr/local/lib/python3.11/dist-packages/requests/__init__.py:113: RequestsDependencyWarning: urllib3 (1.26.20) or chardet (7.4.3)/charset_normalizer (3.4.4) doesn't match a supported version!
  warnings.warn(
/usr/local/lib/python3.11/dist-packages/requests/__init__.py:113: RequestsDependencyWarning: urllib3 (1.26.20) or chardet (7.4.3)/charset_normalizer (3.4.4) doesn't match a supported version!
  warnings.warn(
/usr/local/lib/python3.11/dist-packages/requests/__init__.py:113: RequestsDependencyWarning: urllib3 (1.26.20) or chardet (7.4.3)/charset_normalizer (3.4.4) doesn't match a supported version!
  warnings.warn(
/usr/local/lib/python3.11/dist-packages/requests/__init__.py:113: RequestsDependencyWarning: urllib3 (1.26.20) or chardet (7.4.3)/charset_normalizer (3.4.4) doesn't match a supported version!
  warnings.warn(
/usr/local/lib/python3.11/dist-packages/requests/__init__.py:113: RequestsDependencyWarning: urllib3 (1.26.20) or chardet (7.4.3)/charset_normalizer (3.4.4) doesn't match a supported version!
  warnings.warn(
/usr/local/lib/python3.11/dist-packages/requests/__init__.py:113: RequestsDependencyWarning: urllib3 (1.26.20) or chardet (7.4.3)/charset_normalizer (3.4.4) doesn't match a supported version!
  warnings.warn(
/usr/local/lib/python3.11/dist-packages/requests/__init__.py:113: RequestsDependencyWarning: urllib3 (1.26.20) or chardet (7.4.3)/charset_normalizer (3.4.4) doesn't match a supported version!
  warnings.warn(
/usr/local/lib/python3.11/dist-packages/requests/__init__.py:113: RequestsDependencyWarning: urllib3 (1.26.20) or chardet (7.4.3)/charset_normalizer (3.4.4) doesn't match a supported version!
  warnings.warn(
/usr/local/lib/python3.11/dist-packages/requests/__init__.py:113: RequestsDependencyWarning: urllib3 (1.26.20) or chardet (7.4.3)/charset_normalizer (3.4.4) doesn't match a supported version!
  warnings.warn(
/usr/local/lib/python3.11/dist-packages/wandb/apis/public.py:3075: UserWarning: pkg_resources is deprecated as an API. See https://setuptools.pypa.io/en/latest/pkg_resources.html. The pkg_resources package is slated for removal as early as 2025-11-30. Refrain from using this package or pin to Setuptools<81.
  from pkg_resources import parse_version
/usr/local/lib/python3.11/dist-packages/wandb/apis/public.py:3075: UserWarning: pkg_resources is deprecated as an API. See https://setuptools.pypa.io/en/latest/pkg_resources.html. The pkg_resources package is slated for removal as early as 2025-11-30. Refrain from using this package or pin to Setuptools<81.
  from pkg_resources import parse_version
/usr/local/lib/python3.11/dist-packages/wandb/apis/public.py:3075: UserWarning: pkg_resources is deprecated as an API. See https://setuptools.pypa.io/en/latest/pkg_resources.html. The pkg_resources package is slated for removal as early as 2025-11-30. Refrain from using this package or pin to Setuptools<81.
  from pkg_resources import parse_version
/usr/local/lib/python3.11/dist-packages/wandb/apis/public.py:3075: UserWarning: pkg_resources is deprecated as an API. See https://setuptools.pypa.io/en/latest/pkg_resources.html. The pkg_resources package is slated for removal as early as 2025-11-30. Refrain from using this package or pin to Setuptools<81.
  from pkg_resources import parse_version
/usr/local/lib/python3.11/dist-packages/wandb/apis/public.py:3075: UserWarning: pkg_resources is deprecated as an API. See https://setuptools.pypa.io/en/latest/pkg_resources.html. The pkg_resources package is slated for removal as early as 2025-11-30. Refrain from using this package or pin to Setuptools<81.
  from pkg_resources import parse_version
/usr/local/lib/python3.11/dist-packages/wandb/apis/public.py:3075: UserWarning: pkg_resources is deprecated as an API. See https://setuptools.pypa.io/en/latest/pkg_resources.html. The pkg_resources package is slated for removal as early as 2025-11-30. Refrain from using this package or pin to Setuptools<81.
  from pkg_resources import parse_version
/usr/local/lib/python3.11/dist-packages/wandb/apis/public.py:3075: UserWarning: pkg_resources is deprecated as an API. See https://setuptools.pypa.io/en/latest/pkg_resources.html. The pkg_resources package is slated for removal as early as 2025-11-30. Refrain from using this package or pin to Setuptools<81.
  from pkg_resources import parse_version
/usr/local/lib/python3.11/dist-packages/wandb/apis/public.py:3075: UserWarning: pkg_resources is deprecated as an API. See https://setuptools.pypa.io/en/latest/pkg_resources.html. The pkg_resources package is slated for removal as early as 2025-11-30. Refrain from using this package or pin to Setuptools<81.
  from pkg_resources import parse_version
/usr/local/lib/python3.11/dist-packages/wandb/apis/public.py:3075: UserWarning: pkg_resources is deprecated as an API. See https://setuptools.pypa.io/en/latest/pkg_resources.html. The pkg_resources package is slated for removal as early as 2025-11-30. Refrain from using this package or pin to Setuptools<81.
  from pkg_resources import parse_version
/usr/local/lib/python3.11/dist-packages/wandb/apis/public.py:3075: UserWarning: pkg_resources is deprecated as an API. See https://setuptools.pypa.io/en/latest/pkg_resources.html. The pkg_resources package is slated for removal as early as 2025-11-30. Refrain from using this package or pin to Setuptools<81.
  from pkg_resources import parse_version
/usr/local/lib/python3.11/dist-packages/wandb/apis/public.py:3075: UserWarning: pkg_resources is deprecated as an API. See https://setuptools.pypa.io/en/latest/pkg_resources.html. The pkg_resources package is slated for removal as early as 2025-11-30. Refrain from using this package or pin to Setuptools<81.
  from pkg_resources import parse_version
/usr/local/lib/python3.11/dist-packages/wandb/apis/public.py:3075: UserWarning: pkg_resources is deprecated as an API. See https://setuptools.pypa.io/en/latest/pkg_resources.html. The pkg_resources package is slated for removal as early as 2025-11-30. Refrain from using this package or pin to Setuptools<81.
  from pkg_resources import parse_version
/usr/local/lib/python3.11/dist-packages/wandb/apis/public.py:3075: UserWarning: pkg_resources is deprecated as an API. See https://setuptools.pypa.io/en/latest/pkg_resources.html. The pkg_resources package is slated for removal as early as 2025-11-30. Refrain from using this package or pin to Setuptools<81.
  from pkg_resources import parse_version
/usr/local/lib/python3.11/dist-packages/wandb/apis/public.py:3075: UserWarning: pkg_resources is deprecated as an API. See https://setuptools.pypa.io/en/latest/pkg_resources.html. The pkg_resources package is slated for removal as early as 2025-11-30. Refrain from using this package or pin to Setuptools<81.
  from pkg_resources import parse_version
/usr/local/lib/python3.11/dist-packages/wandb/apis/public.py:3075: UserWarning: pkg_resources is deprecated as an API. See https://setuptools.pypa.io/en/latest/pkg_resources.html. The pkg_resources package is slated for removal as early as 2025-11-30. Refrain from using this package or pin to Setuptools<81.
  from pkg_resources import parse_version
/usr/local/lib/python3.11/dist-packages/wandb/apis/public.py:3075: UserWarning: pkg_resources is deprecated as an API. See https://setuptools.pypa.io/en/latest/pkg_resources.html. The pkg_resources package is slated for removal as early as 2025-11-30. Refrain from using this package or pin to Setuptools<81.
  from pkg_resources import parse_version
/usr/local/lib/python3.11/dist-packages/wandb/apis/public.py:3075: UserWarning: pkg_resources is deprecated as an API. See https://setuptools.pypa.io/en/latest/pkg_resources.html. The pkg_resources package is slated for removal as early as 2025-11-30. Refrain from using this package or pin to Setuptools<81.
  from pkg_resources import parse_version
/usr/local/lib/python3.11/dist-packages/wandb/apis/public.py:3075: UserWarning: pkg_resources is deprecated as an API. See https://setuptools.pypa.io/en/latest/pkg_resources.html. The pkg_resources package is slated for removal as early as 2025-11-30. Refrain from using this package or pin to Setuptools<81.
  from pkg_resources import parse_version
/usr/local/lib/python3.11/dist-packages/wandb/apis/public.py:3075: UserWarning: pkg_resources is deprecated as an API. See https://setuptools.pypa.io/en/latest/pkg_resources.html. The pkg_resources package is slated for removal as early as 2025-11-30. Refrain from using this package or pin to Setuptools<81.
  from pkg_resources import parse_version
/usr/local/lib/python3.11/dist-packages/wandb/apis/public.py:3075: UserWarning: pkg_resources is deprecated as an API. See https://setuptools.pypa.io/en/latest/pkg_resources.html. The pkg_resources package is slated for removal as early as 2025-11-30. Refrain from using this package or pin to Setuptools<81.
  from pkg_resources import parse_version
/usr/local/lib/python3.11/dist-packages/wandb/apis/public.py:3075: UserWarning: pkg_resources is deprecated as an API. See https://setuptools.pypa.io/en/latest/pkg_resources.html. The pkg_resources package is slated for removal as early as 2025-11-30. Refrain from using this package or pin to Setuptools<81.
  from pkg_resources import parse_version
/usr/local/lib/python3.11/dist-packages/wandb/apis/public.py:3075: UserWarning: pkg_resources is deprecated as an API. See https://setuptools.pypa.io/en/latest/pkg_resources.html. The pkg_resources package is slated for removal as early as 2025-11-30. Refrain from using this package or pin to Setuptools<81.
  from pkg_resources import parse_version
/usr/local/lib/python3.11/dist-packages/wandb/apis/public.py:3075: UserWarning: pkg_resources is deprecated as an API. See https://setuptools.pypa.io/en/latest/pkg_resources.html. The pkg_resources package is slated for removal as early as 2025-11-30. Refrain from using this package or pin to Setuptools<81.
  from pkg_resources import parse_version
/usr/local/lib/python3.11/dist-packages/wandb/apis/public.py:3075: UserWarning: pkg_resources is deprecated as an API. See https://setuptools.pypa.io/en/latest/pkg_resources.html. The pkg_resources package is slated for removal as early as 2025-11-30. Refrain from using this package or pin to Setuptools<81.
  from pkg_resources import parse_version
/usr/local/lib/python3.11/dist-packages/wandb/apis/public.py:3075: UserWarning: pkg_resources is deprecated as an API. See https://setuptools.pypa.io/en/latest/pkg_resources.html. The pkg_resources package is slated for removal as early as 2025-11-30. Refrain from using this package or pin to Setuptools<81.
  from pkg_resources import parse_version
/usr/local/lib/python3.11/dist-packages/wandb/apis/public.py:3075: UserWarning: pkg_resources is deprecated as an API. See https://setuptools.pypa.io/en/latest/pkg_resources.html. The pkg_resources package is slated for removal as early as 2025-11-30. Refrain from using this package or pin to Setuptools<81.
  from pkg_resources import parse_version
/usr/local/lib/python3.11/dist-packages/wandb/apis/public.py:3075: UserWarning: pkg_resources is deprecated as an API. See https://setuptools.pypa.io/en/latest/pkg_resources.html. The pkg_resources package is slated for removal as early as 2025-11-30. Refrain from using this package or pin to Setuptools<81.
  from pkg_resources import parse_version
/usr/local/lib/python3.11/dist-packages/wandb/apis/public.py:3075: UserWarning: pkg_resources is deprecated as an API. See https://setuptools.pypa.io/en/latest/pkg_resources.html. The pkg_resources package is slated for removal as early as 2025-11-30. Refrain from using this package or pin to Setuptools<81.
  from pkg_resources import parse_version
/usr/local/lib/python3.11/dist-packages/wandb/apis/public.py:3075: UserWarning: pkg_resources is deprecated as an API. See https://setuptools.pypa.io/en/latest/pkg_resources.html. The pkg_resources package is slated for removal as early as 2025-11-30. Refrain from using this package or pin to Setuptools<81.
  from pkg_resources import parse_version
/usr/local/lib/python3.11/dist-packages/wandb/apis/public.py:3075: UserWarning: pkg_resources is deprecated as an API. See https://setuptools.pypa.io/en/latest/pkg_resources.html. The pkg_resources package is slated for removal as early as 2025-11-30. Refrain from using this package or pin to Setuptools<81.
  from pkg_resources import parse_version
/usr/local/lib/python3.11/dist-packages/wandb/apis/public.py:3075: UserWarning: pkg_resources is deprecated as an API. See https://setuptools.pypa.io/en/latest/pkg_resources.html. The pkg_resources package is slated for removal as early as 2025-11-30. Refrain from using this package or pin to Setuptools<81.
  from pkg_resources import parse_version
/usr/local/lib/python3.11/dist-packages/wandb/apis/public.py:3075: UserWarning: pkg_resources is deprecated as an API. See https://setuptools.pypa.io/en/latest/pkg_resources.html. The pkg_resources package is slated for removal as early as 2025-11-30. Refrain from using this package or pin to Setuptools<81.
  from pkg_resources import parse_version
/usr/local/lib/python3.11/dist-packages/wandb/apis/public.py:3075: UserWarning: pkg_resources is deprecated as an API. See https://setuptools.pypa.io/en/latest/pkg_resources.html. The pkg_resources package is slated for removal as early as 2025-11-30. Refrain from using this package or pin to Setuptools<81.
  from pkg_resources import parse_version
/usr/local/lib/python3.11/dist-packages/wandb/apis/public.py:3075: UserWarning: pkg_resources is deprecated as an API. See https://setuptools.pypa.io/en/latest/pkg_resources.html. The pkg_resources package is slated for removal as early as 2025-11-30. Refrain from using this package or pin to Setuptools<81.
  from pkg_resources import parse_version
/usr/local/lib/python3.11/dist-packages/wandb/apis/public.py:3075: UserWarning: pkg_resources is deprecated as an API. See https://setuptools.pypa.io/en/latest/pkg_resources.html. The pkg_resources package is slated for removal as early as 2025-11-30. Refrain from using this package or pin to Setuptools<81.
  from pkg_resources import parse_version
/usr/local/lib/python3.11/dist-packages/wandb/apis/public.py:3075: UserWarning: pkg_resources is deprecated as an API. See https://setuptools.pypa.io/en/latest/pkg_resources.html. The pkg_resources package is slated for removal as early as 2025-11-30. Refrain from using this package or pin to Setuptools<81.
  from pkg_resources import parse_version
/usr/local/lib/python3.11/dist-packages/wandb/apis/public.py:3075: UserWarning: pkg_resources is deprecated as an API. See https://setuptools.pypa.io/en/latest/pkg_resources.html. The pkg_resources package is slated for removal as early as 2025-11-30. Refrain from using this package or pin to Setuptools<81.
  from pkg_resources import parse_version
/usr/local/lib/python3.11/dist-packages/wandb/apis/public.py:3075: UserWarning: pkg_resources is deprecated as an API. See https://setuptools.pypa.io/en/latest/pkg_resources.html. The pkg_resources package is slated for removal as early as 2025-11-30. Refrain from using this package or pin to Setuptools<81.
  from pkg_resources import parse_version
/usr/local/lib/python3.11/dist-packages/wandb/apis/public.py:3075: UserWarning: pkg_resources is deprecated as an API. See https://setuptools.pypa.io/en/latest/pkg_resources.html. The pkg_resources package is slated for removal as early as 2025-11-30. Refrain from using this package or pin to Setuptools<81.
  from pkg_resources import parse_version
/usr/local/lib/python3.11/dist-packages/wandb/apis/public.py:3075: UserWarning: pkg_resources is deprecated as an API. See https://setuptools.pypa.io/en/latest/pkg_resources.html. The pkg_resources package is slated for removal as early as 2025-11-30. Refrain from using this package or pin to Setuptools<81.
  from pkg_resources import parse_version
/usr/local/lib/python3.11/dist-packages/wandb/apis/public.py:3075: UserWarning: pkg_resources is deprecated as an API. See https://setuptools.pypa.io/en/latest/pkg_resources.html. The pkg_resources package is slated for removal as early as 2025-11-30. Refrain from using this package or pin to Setuptools<81.
  from pkg_resources import parse_version
/usr/local/lib/python3.11/dist-packages/wandb/apis/public.py:3075: UserWarning: pkg_resources is deprecated as an API. See https://setuptools.pypa.io/en/latest/pkg_resources.html. The pkg_resources package is slated for removal as early as 2025-11-30. Refrain from using this package or pin to Setuptools<81.
  from pkg_resources import parse_version
/usr/local/lib/python3.11/dist-packages/wandb/apis/public.py:3075: UserWarning: pkg_resources is deprecated as an API. See https://setuptools.pypa.io/en/latest/pkg_resources.html. The pkg_resources package is slated for removal as early as 2025-11-30. Refrain from using this package or pin to Setuptools<81.
  from pkg_resources import parse_version
/usr/local/lib/python3.11/dist-packages/wandb/apis/public.py:3075: UserWarning: pkg_resources is deprecated as an API. See https://setuptools.pypa.io/en/latest/pkg_resources.html. The pkg_resources package is slated for removal as early as 2025-11-30. Refrain from using this package or pin to Setuptools<81.
  from pkg_resources import parse_version
/usr/local/lib/python3.11/dist-packages/wandb/apis/public.py:3075: UserWarning: pkg_resources is deprecated as an API. See https://setuptools.pypa.io/en/latest/pkg_resources.html. The pkg_resources package is slated for removal as early as 2025-11-30. Refrain from using this package or pin to Setuptools<81.
  from pkg_resources import parse_version
/usr/local/lib/python3.11/dist-packages/wandb/apis/public.py:3075: UserWarning: pkg_resources is deprecated as an API. See https://setuptools.pypa.io/en/latest/pkg_resources.html. The pkg_resources package is slated for removal as early as 2025-11-30. Refrain from using this package or pin to Setuptools<81.
  from pkg_resources import parse_version
/usr/local/lib/python3.11/dist-packages/wandb/apis/public.py:3075: UserWarning: pkg_resources is deprecated as an API. See https://setuptools.pypa.io/en/latest/pkg_resources.html. The pkg_resources package is slated for removal as early as 2025-11-30. Refrain from using this package or pin to Setuptools<81.
  from pkg_resources import parse_version
/usr/local/lib/python3.11/dist-packages/wandb/apis/public.py:3075: UserWarning: pkg_resources is deprecated as an API. See https://setuptools.pypa.io/en/latest/pkg_resources.html. The pkg_resources package is slated for removal as early as 2025-11-30. Refrain from using this package or pin to Setuptools<81.
  from pkg_resources import parse_version
/usr/local/lib/python3.11/dist-packages/wandb/apis/public.py:3075: UserWarning: pkg_resources is deprecated as an API. See https://setuptools.pypa.io/en/latest/pkg_resources.html. The pkg_resources package is slated for removal as early as 2025-11-30. Refrain from using this package or pin to Setuptools<81.
  from pkg_resources import parse_version
/usr/local/lib/python3.11/dist-packages/wandb/apis/public.py:3075: UserWarning: pkg_resources is deprecated as an API. See https://setuptools.pypa.io/en/latest/pkg_resources.html. The pkg_resources package is slated for removal as early as 2025-11-30. Refrain from using this package or pin to Setuptools<81.
  from pkg_resources import parse_version
/usr/local/lib/python3.11/dist-packages/wandb/apis/public.py:3075: UserWarning: pkg_resources is deprecated as an API. See https://setuptools.pypa.io/en/latest/pkg_resources.html. The pkg_resources package is slated for removal as early as 2025-11-30. Refrain from using this package or pin to Setuptools<81.
  from pkg_resources import parse_version
/usr/local/lib/python3.11/dist-packages/wandb/apis/public.py:3075: UserWarning: pkg_resources is deprecated as an API. See https://setuptools.pypa.io/en/latest/pkg_resources.html. The pkg_resources package is slated for removal as early as 2025-11-30. Refrain from using this package or pin to Setuptools<81.
  from pkg_resources import parse_version
/usr/local/lib/python3.11/dist-packages/wandb/apis/public.py:3075: UserWarning: pkg_resources is deprecated as an API. See https://setuptools.pypa.io/en/latest/pkg_resources.html. The pkg_resources package is slated for removal as early as 2025-11-30. Refrain from using this package or pin to Setuptools<81.
  from pkg_resources import parse_version
/usr/local/lib/python3.11/dist-packages/wandb/apis/public.py:3075: UserWarning: pkg_resources is deprecated as an API. See https://setuptools.pypa.io/en/latest/pkg_resources.html. The pkg_resources package is slated for removal as early as 2025-11-30. Refrain from using this package or pin to Setuptools<81.
  from pkg_resources import parse_version
/usr/local/lib/python3.11/dist-packages/wandb/apis/public.py:3075: UserWarning: pkg_resources is deprecated as an API. See https://setuptools.pypa.io/en/latest/pkg_resources.html. The pkg_resources package is slated for removal as early as 2025-11-30. Refrain from using this package or pin to Setuptools<81.
  from pkg_resources import parse_version
/usr/local/lib/python3.11/dist-packages/wandb/apis/public.py:3075: UserWarning: pkg_resources is deprecated as an API. See https://setuptools.pypa.io/en/latest/pkg_resources.html. The pkg_resources package is slated for removal as early as 2025-11-30. Refrain from using this package or pin to Setuptools<81.
  from pkg_resources import parse_version
/usr/local/lib/python3.11/dist-packages/wandb/apis/public.py:3075: UserWarning: pkg_resources is deprecated as an API. See https://setuptools.pypa.io/en/latest/pkg_resources.html. The pkg_resources package is slated for removal as early as 2025-11-30. Refrain from using this package or pin to Setuptools<81.
  from pkg_resources import parse_version
/usr/local/lib/python3.11/dist-packages/wandb/apis/public.py:3075: UserWarning: pkg_resources is deprecated as an API. See https://setuptools.pypa.io/en/latest/pkg_resources.html. The pkg_resources package is slated for removal as early as 2025-11-30. Refrain from using this package or pin to Setuptools<81.
  from pkg_resources import parse_version
/usr/local/lib/python3.11/dist-packages/wandb/apis/public.py:3075: UserWarning: pkg_resources is deprecated as an API. See https://setuptools.pypa.io/en/latest/pkg_resources.html. The pkg_resources package is slated for removal as early as 2025-11-30. Refrain from using this package or pin to Setuptools<81.
  from pkg_resources import parse_version
/usr/local/lib/python3.11/dist-packages/wandb/apis/public.py:3075: UserWarning: pkg_resources is deprecated as an API. See https://setuptools.pypa.io/en/latest/pkg_resources.html. The pkg_resources package is slated for removal as early as 2025-11-30. Refrain from using this package or pin to Setuptools<81.
  from pkg_resources import parse_version
/usr/local/lib/python3.11/dist-packages/wandb/apis/public.py:3075: UserWarning: pkg_resources is deprecated as an API. See https://setuptools.pypa.io/en/latest/pkg_resources.html. The pkg_resources package is slated for removal as early as 2025-11-30. Refrain from using this package or pin to Setuptools<81.
  from pkg_resources import parse_version
/usr/local/lib/python3.11/dist-packages/wandb/apis/public.py:3075: UserWarning: pkg_resources is deprecated as an API. See https://setuptools.pypa.io/en/latest/pkg_resources.html. The pkg_resources package is slated for removal as early as 2025-11-30. Refrain from using this package or pin to Setuptools<81.
  from pkg_resources import parse_version
/usr/local/lib/python3.11/dist-packages/wandb/apis/public.py:3075: UserWarning: pkg_resources is deprecated as an API. See https://setuptools.pypa.io/en/latest/pkg_resources.html. The pkg_resources package is slated for removal as early as 2025-11-30. Refrain from using this package or pin to Setuptools<81.
  from pkg_resources import parse_version
/usr/local/lib/python3.11/dist-packages/wandb/apis/public.py:3075: UserWarning: pkg_resources is deprecated as an API. See https://setuptools.pypa.io/en/latest/pkg_resources.html. The pkg_resources package is slated for removal as early as 2025-11-30. Refrain from using this package or pin to Setuptools<81.
  from pkg_resources import parse_version
Test: [   0/97]  Time: 24.224 (24.224)  Loss:  0.9432 (0.9432)  Acc@1: 79.4922 (79.4922)  Acc@5: 92.7734 (92.7734)
Test: [  50/97]  Time: 0.165 (0.614)  Loss:  0.8392 (0.9390)  Acc@1: 79.6875 (78.6726)  Acc@5: 96.8750 (94.6040)
Test: [  97/97]  Time: 0.157 (0.384)  Loss:  0.8184 (0.9439)  Acc@1: 83.0357 (78.7740)  Acc@5: 94.6429 (94.4400)
Train: 20 [   0/2502 (  0%)]  Loss:  6.011312 (6.0113)  Time: 1.776s,  288.22/s  (1.776s,  288.22/s)  ETA: 37:02:15  Done: 2026-06-06 02:16:06  LR: 1.344e-04  Data: 0.900 (0.900)
Train: 20 [  50/2502 (  2%)]  Loss:  6.159518 (6.0854)  Time: 0.369s, 1387.77/s  (0.401s, 1275.77/s)  ETA: 08:21:43  Done: 2026-06-04 21:35:52  LR: 1.344e-04  Data: 0.005 (0.024)
Train: 20 [ 100/2502 (  4%)]  Loss:  6.557071 (6.2426)  Time: 0.370s, 1383.32/s  (0.393s, 1304.24/s)  ETA: 08:10:26  Done: 2026-06-04 21:24:54  LR: 1.344e-04  Data: 0.006 (0.015)
Train: 20 [ 150/2502 (  6%)]  Loss:  5.958255 (6.1715)  Time: 0.371s, 1380.22/s  (0.385s, 1329.11/s)  ETA: 08:00:56  Done: 2026-06-04 21:15:43  LR: 1.344e-04  Data: 0.007 (0.013)
Train: 20 [ 200/2502 (  8%)]  Loss:  6.459474 (6.2291)  Time: 0.385s, 1331.34/s  (0.383s, 1338.44/s)  ETA: 07:57:16  Done: 2026-06-04 21:12:21  LR: 1.344e-04  Data: 0.009 (0.011)
Train: 20 [ 250/2502 ( 10%)]  Loss:  5.957050 (6.1838)  Time: 0.370s, 1383.36/s  (0.380s, 1346.64/s)  ETA: 07:54:02  Done: 2026-06-04 21:09:26  LR: 1.344e-04  Data: 0.007 (0.010)
Train: 20 [ 300/2502 ( 12%)]  Loss:  6.470889 (6.2248)  Time: 0.369s, 1386.68/s  (0.379s, 1352.32/s)  ETA: 07:51:44  Done: 2026-06-04 21:07:27  LR: 1.344e-04  Data: 0.006 (0.010)
Train: 20 [ 350/2502 ( 14%)]  Loss:  6.262179 (6.2295)  Time: 0.390s, 1313.37/s  (0.378s, 1356.08/s)  ETA: 07:50:06  Done: 2026-06-04 21:06:08  LR: 1.344e-04  Data: 0.006 (0.009)
Train: 20 [ 400/2502 ( 16%)]  Loss:  6.303023 (6.2376)  Time: 0.371s, 1378.65/s  (0.377s, 1358.92/s)  ETA: 07:48:49  Done: 2026-06-04 21:05:09  LR: 1.344e-04  Data: 0.007 (0.009)
Train: 20 [ 450/2502 ( 18%)]  Loss:  6.458855 (6.2598)  Time: 0.369s, 1386.50/s  (0.376s, 1360.58/s)  ETA: 07:47:56  Done: 2026-06-04 21:04:34  LR: 1.344e-04  Data: 0.007 (0.009)
Train: 20 [ 500/2502 ( 20%)]  Loss:  5.981444 (6.2345)  Time: 0.395s, 1297.32/s  (0.376s, 1362.86/s)  ETA: 07:46:50  Done: 2026-06-04 21:03:47  LR: 1.344e-04  Data: 0.006 (0.009)
Train: 20 [ 550/2502 ( 22%)]  Loss:  6.463464 (6.2535)  Time: 0.370s, 1383.50/s  (0.375s, 1364.82/s)  ETA: 07:45:51  Done: 2026-06-04 21:03:06  LR: 1.344e-04  Data: 0.007 (0.008)
Train: 20 [ 600/2502 ( 24%)]  Loss:  6.111856 (6.2426)  Time: 0.369s, 1386.88/s  (0.375s, 1365.46/s)  ETA: 07:45:19  Done: 2026-06-04 21:02:53  LR: 1.344e-04  Data: 0.008 (0.008)
Train: 20 [ 650/2502 ( 26%)]  Loss:  6.662748 (6.2727)  Time: 0.371s, 1381.25/s  (0.375s, 1366.86/s)  ETA: 07:44:32  Done: 2026-06-04 21:02:24  LR: 1.344e-04  Data: 0.006 (0.008)
Train: 20 [ 700/2502 ( 28%)]  Loss:  6.238071 (6.2703)  Time: 0.368s, 1390.48/s  (0.374s, 1367.45/s)  ETA: 07:44:01  Done: 2026-06-04 21:02:12  LR: 1.344e-04  Data: 0.006 (0.008)
Train: 20 [ 750/2502 ( 30%)]  Loss:  5.982725 (6.2524)  Time: 0.371s, 1380.17/s  (0.374s, 1368.33/s)  ETA: 07:43:24  Done: 2026-06-04 21:01:54  LR: 1.344e-04  Data: 0.008 (0.008)
Train: 20 [ 800/2502 ( 32%)]  Loss:  5.682262 (6.2188)  Time: 0.369s, 1385.84/s  (0.374s, 1369.12/s)  ETA: 07:42:50  Done: 2026-06-04 21:01:38  LR: 1.344e-04  Data: 0.007 (0.008)
Train: 20 [ 850/2502 ( 34%)]  Loss:  6.216977 (6.2187)  Time: 0.369s, 1386.42/s  (0.374s, 1369.84/s)  ETA: 07:42:16  Done: 2026-06-04 21:01:23  LR: 1.344e-04  Data: 0.006 (0.008)
Train: 20 [ 900/2502 ( 36%)]  Loss:  5.995070 (6.2070)  Time: 0.370s, 1384.15/s  (0.374s, 1370.72/s)  ETA: 07:41:40  Done: 2026-06-04 21:01:05  LR: 1.344e-04  Data: 0.006 (0.008)
Train: 20 [ 950/2502 ( 38%)]  Loss:  5.713143 (6.1823)  Time: 0.370s, 1385.54/s  (0.373s, 1371.44/s)  ETA: 07:41:07  Done: 2026-06-04 21:00:50  LR: 1.344e-04  Data: 0.007 (0.008)
Train: 20 [1000/2502 ( 40%)]  Loss:  6.619478 (6.2031)  Time: 0.370s, 1382.95/s  (0.373s, 1372.06/s)  ETA: 07:40:36  Done: 2026-06-04 21:00:38  LR: 1.344e-04  Data: 0.009 (0.008)
Train: 20 [1050/2502 ( 42%)]  Loss:  6.712927 (6.2263)  Time: 0.369s, 1387.14/s  (0.374s, 1370.53/s)  ETA: 07:40:48  Done: 2026-06-04 21:01:09  LR: 1.344e-04  Data: 0.007 (0.008)
Train: 20 [1100/2502 ( 44%)]  Loss:  6.911613 (6.2561)  Time: 0.371s, 1381.11/s  (0.374s, 1369.52/s)  ETA: 07:40:49  Done: 2026-06-04 21:01:30  LR: 1.344e-04  Data: 0.006 (0.008)
Train: 20 [1150/2502 ( 46%)]  Loss:  5.950761 (6.2433)  Time: 0.372s, 1376.91/s  (0.374s, 1370.12/s)  ETA: 07:40:19  Done: 2026-06-04 21:01:17  LR: 1.344e-04  Data: 0.007 (0.008)
Train: 20 [1200/2502 ( 48%)]  Loss:  6.584541 (6.2570)  Time: 0.372s, 1376.73/s  (0.374s, 1370.67/s)  ETA: 07:39:49  Done: 2026-06-04 21:01:06  LR: 1.344e-04  Data: 0.008 (0.008)
Train: 20 [1250/2502 ( 50%)]  Loss:  6.465792 (6.2650)  Time: 0.370s, 1385.58/s  (0.373s, 1371.02/s)  ETA: 07:39:23  Done: 2026-06-04 21:00:59  LR: 1.344e-04  Data: 0.006 (0.008)
Train: 20 [1300/2502 ( 52%)]  Loss:  5.927669 (6.2525)  Time: 0.389s, 1317.10/s  (0.373s, 1371.16/s)  ETA: 07:39:02  Done: 2026-06-04 21:00:56  LR: 1.344e-04  Data: 0.006 (0.008)
Train: 20 [1350/2502 ( 54%)]  Loss:  5.847376 (6.2381)  Time: 0.371s, 1381.56/s  (0.373s, 1371.50/s)  ETA: 07:38:36  Done: 2026-06-04 21:00:49  LR: 1.344e-04  Data: 0.007 (0.008)
Train: 20 [1400/2502 ( 56%)]  Loss:  6.400370 (6.2437)  Time: 0.371s, 1381.57/s  (0.373s, 1371.97/s)  ETA: 07:38:08  Done: 2026-06-04 21:00:40  LR: 1.344e-04  Data: 0.007 (0.008)
Train: 20 [1450/2502 ( 58%)]  Loss:  6.395744 (6.2487)  Time: 0.372s, 1376.62/s  (0.373s, 1372.17/s)  ETA: 07:37:45  Done: 2026-06-04 21:00:36  LR: 1.344e-04  Data: 0.005 (0.008)
Train: 20 [1500/2502 ( 60%)]  Loss:  5.821055 (6.2349)  Time: 0.371s, 1378.47/s  (0.373s, 1372.49/s)  ETA: 07:37:20  Done: 2026-06-04 21:00:29  LR: 1.344e-04  Data: 0.006 (0.008)
Train: 20 [1550/2502 ( 62%)]  Loss:  6.184490 (6.2334)  Time: 0.371s, 1381.43/s  (0.373s, 1372.83/s)  ETA: 07:36:55  Done: 2026-06-04 21:00:22  LR: 1.344e-04  Data: 0.007 (0.007)
Train: 20 [1600/2502 ( 64%)]  Loss:  6.192016 (6.2321)  Time: 0.371s, 1381.69/s  (0.373s, 1373.07/s)  ETA: 07:36:31  Done: 2026-06-04 21:00:17  LR: 1.344e-04  Data: 0.008 (0.007)
Train: 20 [1650/2502 ( 66%)]  Loss:  5.969873 (6.2244)  Time: 0.368s, 1391.19/s  (0.373s, 1373.41/s)  ETA: 07:36:06  Done: 2026-06-04 21:00:10  LR: 1.344e-04  Data: 0.007 (0.007)
Train: 20 [1700/2502 ( 68%)]  Loss:  5.939736 (6.2163)  Time: 0.371s, 1379.33/s  (0.373s, 1373.55/s)  ETA: 07:35:45  Done: 2026-06-04 21:00:07  LR: 1.344e-04  Data: 0.006 (0.007)
Train: 20 [1750/2502 ( 70%)]  Loss:  6.335668 (6.2196)  Time: 0.370s, 1383.22/s  (0.373s, 1373.78/s)  ETA: 07:35:21  Done: 2026-06-04 21:00:03  LR: 1.344e-04  Data: 0.007 (0.007)
Train: 20 [1800/2502 ( 72%)]  Loss:  6.472219 (6.2264)  Time: 0.369s, 1388.12/s  (0.373s, 1374.02/s)  ETA: 07:34:58  Done: 2026-06-04 20:59:58  LR: 1.344e-04  Data: 0.008 (0.007)
Train: 20 [1850/2502 ( 74%)]  Loss:  6.400473 (6.2310)  Time: 0.369s, 1387.95/s  (0.373s, 1373.93/s)  ETA: 07:34:41  Done: 2026-06-04 21:00:00  LR: 1.344e-04  Data: 0.007 (0.007)
Train: 20 [1900/2502 ( 76%)]  Loss:  6.106682 (6.2278)  Time: 0.370s, 1385.32/s  (0.373s, 1374.13/s)  ETA: 07:34:18  Done: 2026-06-04 20:59:56  LR: 1.344e-04  Data: 0.006 (0.007)
Train: 20 [1950/2502 ( 78%)]  Loss:  6.256664 (6.2285)  Time: 0.370s, 1383.00/s  (0.373s, 1374.15/s)  ETA: 07:33:59  Done: 2026-06-04 20:59:55  LR: 1.344e-04  Data: 0.008 (0.007)
Train: 20 [2000/2502 ( 80%)]  Loss:  6.632614 (6.2384)  Time: 0.468s, 1094.38/s  (0.373s, 1372.94/s)  ETA: 07:34:05  Done: 2026-06-04 21:00:20  LR: 1.344e-04  Data: 0.007 (0.007)
Train: 20 [2050/2502 ( 82%)]  Loss:  5.440000 (6.2194)  Time: 0.369s, 1389.30/s  (0.373s, 1372.52/s)  ETA: 07:33:55  Done: 2026-06-04 21:00:28  LR: 1.344e-04  Data: 0.006 (0.007)
Train: 20 [2100/2502 ( 84%)]  Loss:  5.908221 (6.2121)  Time: 0.387s, 1324.20/s  (0.373s, 1372.53/s)  ETA: 07:33:36  Done: 2026-06-04 21:00:28  LR: 1.344e-04  Data: 0.008 (0.007)
Train: 20 [2150/2502 ( 86%)]  Loss:  6.697164 (6.2231)  Time: 0.370s, 1383.65/s  (0.373s, 1372.62/s)  ETA: 07:33:15  Done: 2026-06-04 21:00:26  LR: 1.344e-04  Data: 0.009 (0.007)
Train: 20 [2200/2502 ( 88%)]  Loss:  6.313698 (6.2252)  Time: 0.369s, 1387.90/s  (0.373s, 1372.85/s)  ETA: 07:32:52  Done: 2026-06-04 21:00:22  LR: 1.344e-04  Data: 0.008 (0.007)
Train: 20 [2250/2502 ( 90%)]  Loss:  6.314327 (6.2271)  Time: 0.369s, 1388.54/s  (0.373s, 1372.90/s)  ETA: 07:32:32  Done: 2026-06-04 21:00:21  LR: 1.344e-04  Data: 0.007 (0.007)
Train: 20 [2300/2502 ( 92%)]  Loss:  6.328738 (6.2293)  Time: 0.371s, 1379.78/s  (0.373s, 1373.05/s)  ETA: 07:32:11  Done: 2026-06-04 21:00:17  LR: 1.344e-04  Data: 0.006 (0.007)
Train: 20 [2350/2502 ( 94%)]  Loss:  6.168473 (6.2280)  Time: 0.369s, 1387.56/s  (0.373s, 1373.20/s)  ETA: 07:31:49  Done: 2026-06-04 21:00:15  LR: 1.344e-04  Data: 0.007 (0.007)
Train: 20 [2400/2502 ( 96%)]  Loss:  6.458260 (6.2327)  Time: 0.371s, 1380.16/s  (0.373s, 1373.25/s)  ETA: 07:31:30  Done: 2026-06-04 21:00:13  LR: 1.344e-04  Data: 0.008 (0.007)
Train: 20 [2450/2502 ( 98%)]  Loss:  5.839959 (6.2248)  Time: 0.369s, 1388.81/s  (0.373s, 1373.39/s)  ETA: 07:31:08  Done: 2026-06-04 21:00:11  LR: 1.344e-04  Data: 0.006 (0.007)
epoch:  20 g['lr']:  0.00013435661446562
Train: 21 [   0/2502 (  0%)]  Loss:  6.022425 (6.0224)  Time: 1.313s,  389.99/s  (1.313s,  389.99/s)  ETA: 26:27:37  Done: 2026-06-05 15:56:57  LR: 1.286e-04  Data: 0.791 (0.791)
Train: 21 [  50/2502 (  2%)]  Loss:  6.507866 (6.2651)  Time: 0.369s, 1387.52/s  (0.389s, 1316.88/s)  ETA: 07:49:50  Done: 2026-06-04 21:19:29  LR: 1.286e-04  Data: 0.007 (0.022)
Train: 21 [ 100/2502 (  4%)]  Loss:  5.735672 (6.0887)  Time: 0.370s, 1385.19/s  (0.380s, 1348.43/s)  ETA: 07:38:32  Done: 2026-06-04 21:08:29  LR: 1.286e-04  Data: 0.006 (0.015)
Train: 21 [ 150/2502 (  6%)]  Loss:  6.239263 (6.1263)  Time: 0.373s, 1371.90/s  (0.378s, 1356.23/s)  ETA: 07:35:34  Done: 2026-06-04 21:05:51  LR: 1.286e-04  Data: 0.008 (0.012)
Train: 21 [ 200/2502 (  8%)]  Loss:  6.413701 (6.1838)  Time: 0.376s, 1362.17/s  (0.377s, 1358.68/s)  ETA: 07:34:26  Done: 2026-06-04 21:05:01  LR: 1.286e-04  Data: 0.008 (0.011)
Train: 21 [ 250/2502 ( 10%)]  Loss:  6.076819 (6.1660)  Time: 0.386s, 1325.30/s  (0.377s, 1359.04/s)  ETA: 07:34:00  Done: 2026-06-04 21:04:54  LR: 1.286e-04  Data: 0.007 (0.010)
Train: 21 [ 300/2502 ( 12%)]  Loss:  6.533742 (6.2185)  Time: 0.374s, 1369.68/s  (0.376s, 1360.01/s)  ETA: 07:33:22  Done: 2026-06-04 21:04:34  LR: 1.286e-04  Data: 0.006 (0.010)
Train: 21 [ 350/2502 ( 14%)]  Loss:  6.926650 (6.3070)  Time: 0.375s, 1365.13/s  (0.376s, 1361.04/s)  ETA: 07:32:42  Done: 2026-06-04 21:04:14  LR: 1.286e-04  Data: 0.007 (0.010)
Train: 21 [ 400/2502 ( 16%)]  Loss:  6.147318 (6.2893)  Time: 0.372s, 1376.50/s  (0.376s, 1363.31/s)  ETA: 07:31:39  Done: 2026-06-04 21:03:28  LR: 1.286e-04  Data: 0.009 (0.009)
Train: 21 [ 450/2502 ( 18%)]  Loss:  6.031614 (6.2635)  Time: 0.368s, 1391.77/s  (0.377s, 1358.73/s)  ETA: 07:32:51  Done: 2026-06-04 21:05:00  LR: 1.286e-04  Data: 0.005 (0.009)
Train: 21 [ 500/2502 ( 20%)]  Loss:  5.850199 (6.2259)  Time: 0.370s, 1382.49/s  (0.376s, 1360.05/s)  ETA: 07:32:06  Done: 2026-06-04 21:04:34  LR: 1.286e-04  Data: 0.006 (0.009)
Train: 21 [ 550/2502 ( 22%)]  Loss:  5.890977 (6.1980)  Time: 0.370s, 1384.68/s  (0.376s, 1362.18/s)  ETA: 07:31:05  Done: 2026-06-04 21:03:51  LR: 1.286e-04  Data: 0.008 (0.009)
Train: 21 [ 600/2502 ( 24%)]  Loss:  5.609976 (6.1528)  Time: 0.372s, 1377.45/s  (0.376s, 1362.77/s)  ETA: 07:30:34  Done: 2026-06-04 21:03:39  LR: 1.286e-04  Data: 0.008 (0.009)
Train: 21 [ 650/2502 ( 26%)]  Loss:  6.174584 (6.1543)  Time: 0.371s, 1380.96/s  (0.375s, 1364.05/s)  ETA: 07:29:50  Done: 2026-06-04 21:03:14  LR: 1.286e-04  Data: 0.008 (0.009)
Train: 21 [ 700/2502 ( 28%)]  Loss:  6.376785 (6.1692)  Time: 0.378s, 1354.84/s  (0.375s, 1365.12/s)  ETA: 07:29:10  Done: 2026-06-04 21:02:52  LR: 1.286e-04  Data: 0.006 (0.008)
Train: 21 [ 750/2502 ( 30%)]  Loss:  5.759715 (6.1436)  Time: 0.371s, 1380.40/s  (0.375s, 1365.34/s)  ETA: 07:28:47  Done: 2026-06-04 21:02:48  LR: 1.286e-04  Data: 0.007 (0.008)
Train: 21 [ 800/2502 ( 32%)]  Loss:  6.346791 (6.1555)  Time: 0.369s, 1388.95/s  (0.375s, 1366.42/s)  ETA: 07:28:07  Done: 2026-06-04 21:02:26  LR: 1.286e-04  Data: 0.007 (0.008)
Train: 21 [ 850/2502 ( 34%)]  Loss:  6.054373 (6.1499)  Time: 0.369s, 1387.45/s  (0.375s, 1367.14/s)  ETA: 07:27:34  Done: 2026-06-04 21:02:12  LR: 1.286e-04  Data: 0.006 (0.008)
Train: 21 [ 900/2502 ( 36%)]  Loss:  6.243314 (6.1548)  Time: 0.375s, 1366.16/s  (0.374s, 1367.93/s)  ETA: 07:27:00  Done: 2026-06-04 21:01:56  LR: 1.286e-04  Data: 0.007 (0.008)
Train: 21 [ 950/2502 ( 38%)]  Loss:  6.860611 (6.1901)  Time: 0.370s, 1384.86/s  (0.374s, 1368.42/s)  ETA: 07:26:32  Done: 2026-06-04 21:01:47  LR: 1.286e-04  Data: 0.008 (0.008)
Train: 21 [1000/2502 ( 40%)]  Loss:  6.407117 (6.2005)  Time: 0.370s, 1384.26/s  (0.374s, 1369.05/s)  ETA: 07:26:01  Done: 2026-06-04 21:01:34  LR: 1.286e-04  Data: 0.008 (0.008)
Train: 21 [1050/2502 ( 42%)]  Loss:  5.652203 (6.1755)  Time: 0.370s, 1384.70/s  (0.374s, 1369.49/s)  ETA: 07:25:33  Done: 2026-06-04 21:01:25  LR: 1.286e-04  Data: 0.007 (0.008)
Train: 21 [1100/2502 ( 44%)]  Loss:  6.720895 (6.1992)  Time: 0.370s, 1384.39/s  (0.374s, 1370.22/s)  ETA: 07:25:00  Done: 2026-06-04 21:01:11  LR: 1.286e-04  Data: 0.006 (0.008)
Train: 21 [1150/2502 ( 46%)]  Loss:  6.435287 (6.2091)  Time: 0.368s, 1390.08/s  (0.374s, 1370.78/s)  ETA: 07:24:31  Done: 2026-06-04 21:01:00  LR: 1.286e-04  Data: 0.007 (0.008)
Train: 21 [1200/2502 ( 48%)]  Loss:  5.886427 (6.1962)  Time: 0.370s, 1383.42/s  (0.373s, 1371.22/s)  ETA: 07:24:04  Done: 2026-06-04 21:00:51  LR: 1.286e-04  Data: 0.008 (0.008)
Train: 21 [1250/2502 ( 50%)]  Loss:  6.154868 (6.1946)  Time: 0.370s, 1385.34/s  (0.373s, 1371.35/s)  ETA: 07:23:42  Done: 2026-06-04 21:00:49  LR: 1.286e-04  Data: 0.007 (0.008)
Train: 21 [1300/2502 ( 52%)]  Loss:  5.794199 (6.1798)  Time: 0.370s, 1384.66/s  (0.373s, 1371.76/s)  ETA: 07:23:16  Done: 2026-06-04 21:00:41  LR: 1.286e-04  Data: 0.006 (0.008)
Train: 21 [1350/2502 ( 54%)]  Loss:  5.504349 (6.1556)  Time: 0.371s, 1379.35/s  (0.373s, 1371.91/s)  ETA: 07:22:54  Done: 2026-06-04 21:00:38  LR: 1.286e-04  Data: 0.007 (0.008)
Train: 21 [1400/2502 ( 56%)]  Loss:  6.389103 (6.1637)  Time: 0.371s, 1378.64/s  (0.374s, 1370.62/s)  ETA: 07:23:00  Done: 2026-06-04 21:01:03  LR: 1.286e-04  Data: 0.008 (0.008)
Train: 21 [1450/2502 ( 58%)]  Loss:  5.969309 (6.1572)  Time: 0.369s, 1388.41/s  (0.374s, 1370.13/s)  ETA: 07:22:51  Done: 2026-06-04 21:01:13  LR: 1.286e-04  Data: 0.007 (0.008)
Train: 21 [1500/2502 ( 60%)]  Loss:  6.327255 (6.1627)  Time: 0.370s, 1385.18/s  (0.374s, 1370.39/s)  ETA: 07:22:27  Done: 2026-06-04 21:01:08  LR: 1.286e-04  Data: 0.006 (0.008)
Train: 21 [1550/2502 ( 62%)]  Loss:  6.594280 (6.1762)  Time: 0.368s, 1391.01/s  (0.373s, 1370.88/s)  ETA: 07:21:59  Done: 2026-06-04 21:00:58  LR: 1.286e-04  Data: 0.007 (0.008)
Train: 21 [1600/2502 ( 64%)]  Loss:  5.958777 (6.1696)  Time: 0.372s, 1377.90/s  (0.373s, 1371.23/s)  ETA: 07:21:34  Done: 2026-06-04 21:00:51  LR: 1.286e-04  Data: 0.009 (0.008)
Train: 21 [1650/2502 ( 66%)]  Loss:  5.810400 (6.1590)  Time: 0.369s, 1386.06/s  (0.373s, 1371.58/s)  ETA: 07:21:08  Done: 2026-06-04 21:00:44  LR: 1.286e-04  Data: 0.007 (0.008)
Train: 21 [1700/2502 ( 68%)]  Loss:  6.104963 (6.1575)  Time: 0.370s, 1382.58/s  (0.373s, 1371.92/s)  ETA: 07:20:43  Done: 2026-06-04 21:00:38  LR: 1.286e-04  Data: 0.006 (0.008)
Train: 21 [1750/2502 ( 70%)]  Loss:  5.922789 (6.1510)  Time: 0.388s, 1321.26/s  (0.373s, 1371.95/s)  ETA: 07:20:24  Done: 2026-06-04 21:00:37  LR: 1.286e-04  Data: 0.006 (0.008)
Train: 21 [1800/2502 ( 72%)]  Loss:  6.477897 (6.1598)  Time: 0.370s, 1385.14/s  (0.373s, 1371.86/s)  ETA: 07:20:07  Done: 2026-06-04 21:00:39  LR: 1.286e-04  Data: 0.008 (0.008)
Train: 21 [1850/2502 ( 74%)]  Loss:  6.236453 (6.1618)  Time: 0.371s, 1381.37/s  (0.373s, 1371.94/s)  ETA: 07:19:47  Done: 2026-06-04 21:00:37  LR: 1.286e-04  Data: 0.007 (0.008)
Train: 21 [1900/2502 ( 76%)]  Loss:  6.036935 (6.1586)  Time: 0.369s, 1386.10/s  (0.373s, 1372.13/s)  ETA: 07:19:25  Done: 2026-06-04 21:00:33  LR: 1.286e-04  Data: 0.006 (0.008)
Train: 21 [1950/2502 ( 78%)]  Loss:  5.739872 (6.1481)  Time: 0.370s, 1383.25/s  (0.373s, 1372.35/s)  ETA: 07:19:02  Done: 2026-06-04 21:00:29  LR: 1.286e-04  Data: 0.007 (0.008)
Train: 21 [2000/2502 ( 80%)]  Loss:  6.078817 (6.1465)  Time: 0.370s, 1382.05/s  (0.373s, 1372.55/s)  ETA: 07:18:39  Done: 2026-06-04 21:00:25  LR: 1.286e-04  Data: 0.008 (0.008)
Train: 21 [2050/2502 ( 82%)]  Loss:  5.864370 (6.1397)  Time: 0.371s, 1381.88/s  (0.373s, 1372.80/s)  ETA: 07:18:16  Done: 2026-06-04 21:00:20  LR: 1.286e-04  Data: 0.007 (0.008)
Train: 21 [2100/2502 ( 84%)]  Loss:  6.264939 (6.1426)  Time: 0.371s, 1378.91/s  (0.373s, 1372.99/s)  ETA: 07:17:53  Done: 2026-06-04 21:00:16  LR: 1.286e-04  Data: 0.006 (0.008)
Train: 21 [2150/2502 ( 86%)]  Loss:  6.146671 (6.1427)  Time: 0.373s, 1374.27/s  (0.373s, 1373.12/s)  ETA: 07:17:32  Done: 2026-06-04 21:00:14  LR: 1.286e-04  Data: 0.007 (0.008)
Train: 21 [2200/2502 ( 88%)]  Loss:  5.641897 (6.1316)  Time: 0.371s, 1379.91/s  (0.373s, 1373.33/s)  ETA: 07:17:10  Done: 2026-06-04 21:00:10  LR: 1.286e-04  Data: 0.006 (0.007)
Train: 21 [2250/2502 ( 90%)]  Loss:  6.113794 (6.1312)  Time: 0.370s, 1385.64/s  (0.373s, 1373.50/s)  ETA: 07:16:48  Done: 2026-06-04 21:00:06  LR: 1.286e-04  Data: 0.008 (0.007)
Train: 21 [2300/2502 ( 92%)]  Loss:  6.329014 (6.1354)  Time: 0.370s, 1385.47/s  (0.373s, 1373.71/s)  ETA: 07:16:25  Done: 2026-06-04 21:00:02  LR: 1.286e-04  Data: 0.007 (0.007)
Train: 21 [2350/2502 ( 94%)]  Loss:  5.604106 (6.1244)  Time: 0.481s, 1065.27/s  (0.373s, 1372.97/s)  ETA: 07:16:21  Done: 2026-06-04 21:00:17  LR: 1.286e-04  Data: 0.009 (0.007)
Train: 21 [2400/2502 ( 96%)]  Loss:  5.908533 (6.1200)  Time: 0.370s, 1385.18/s  (0.373s, 1372.48/s)  ETA: 07:16:11  Done: 2026-06-04 21:00:26  LR: 1.286e-04  Data: 0.008 (0.007)
Train: 21 [2450/2502 ( 98%)]  Loss:  5.916916 (6.1159)  Time: 0.370s, 1384.56/s  (0.373s, 1372.68/s)  ETA: 07:15:49  Done: 2026-06-04 21:00:23  LR: 1.286e-04  Data: 0.006 (0.007)
epoch:  21 g['lr']:  0.0001286255392806612
Train: 22 [   0/2502 (  0%)]  Loss:  6.216684 (6.2167)  Time: 1.317s,  388.63/s  (1.317s,  388.63/s)  ETA: 25:38:14  Done: 2026-06-05 15:23:06  LR: 1.228e-04  Data: 0.865 (0.865)
Train: 22 [  50/2502 (  2%)]  Loss:  5.970392 (6.0935)  Time: 0.369s, 1388.07/s  (0.389s, 1316.10/s)  ETA: 07:33:53  Done: 2026-06-04 21:19:04  LR: 1.228e-04  Data: 0.007 (0.023)
Train: 22 [ 100/2502 (  4%)]  Loss:  6.563368 (6.2501)  Time: 0.370s, 1384.47/s  (0.380s, 1348.11/s)  ETA: 07:22:48  Done: 2026-06-04 21:08:17  LR: 1.228e-04  Data: 0.006 (0.015)
Train: 22 [ 150/2502 (  6%)]  Loss:  6.815113 (6.3914)  Time: 0.369s, 1385.89/s  (0.377s, 1358.65/s)  ETA: 07:19:03  Done: 2026-06-04 21:04:50  LR: 1.228e-04  Data: 0.005 (0.012)
Train: 22 [ 200/2502 (  8%)]  Loss:  5.840292 (6.2812)  Time: 0.387s, 1323.52/s  (0.377s, 1359.75/s)  ETA: 07:18:23  Done: 2026-06-04 21:04:29  LR: 1.228e-04  Data: 0.007 (0.011)
Train: 22 [ 250/2502 ( 10%)]  Loss:  6.115634 (6.2536)  Time: 0.370s, 1383.55/s  (0.375s, 1364.39/s)  ETA: 07:16:34  Done: 2026-06-04 21:02:59  LR: 1.228e-04  Data: 0.008 (0.010)
Train: 22 [ 300/2502 ( 12%)]  Loss:  6.325052 (6.2638)  Time: 0.371s, 1379.94/s  (0.375s, 1365.99/s)  ETA: 07:15:45  Done: 2026-06-04 21:02:28  LR: 1.228e-04  Data: 0.006 (0.010)
Train: 22 [ 350/2502 ( 14%)]  Loss:  6.000412 (6.2309)  Time: 0.373s, 1371.72/s  (0.374s, 1368.29/s)  ETA: 07:14:42  Done: 2026-06-04 21:01:44  LR: 1.228e-04  Data: 0.006 (0.009)
Train: 22 [ 400/2502 ( 16%)]  Loss:  5.918097 (6.1961)  Time: 0.369s, 1387.97/s  (0.374s, 1370.50/s)  ETA: 07:13:42  Done: 2026-06-04 21:01:02  LR: 1.228e-04  Data: 0.008 (0.009)
Train: 22 [ 450/2502 ( 18%)]  Loss:  6.055990 (6.1821)  Time: 0.369s, 1389.28/s  (0.373s, 1371.80/s)  ETA: 07:12:58  Done: 2026-06-04 21:00:37  LR: 1.228e-04  Data: 0.007 (0.009)
Train: 22 [ 500/2502 ( 20%)]  Loss:  6.940998 (6.2511)  Time: 0.370s, 1384.26/s  (0.373s, 1373.09/s)  ETA: 07:12:15  Done: 2026-06-04 21:00:12  LR: 1.228e-04  Data: 0.007 (0.009)
Train: 22 [ 550/2502 ( 22%)]  Loss:  5.910624 (6.2227)  Time: 0.369s, 1386.46/s  (0.373s, 1374.31/s)  ETA: 07:11:34  Done: 2026-06-04 20:59:49  LR: 1.228e-04  Data: 0.007 (0.008)
Train: 22 [ 600/2502 ( 24%)]  Loss:  6.392025 (6.2357)  Time: 0.370s, 1382.52/s  (0.372s, 1375.25/s)  ETA: 07:10:57  Done: 2026-06-04 20:59:31  LR: 1.228e-04  Data: 0.007 (0.008)
Train: 22 [ 650/2502 ( 26%)]  Loss:  6.308147 (6.2409)  Time: 0.368s, 1389.49/s  (0.372s, 1375.98/s)  ETA: 07:10:25  Done: 2026-06-04 20:59:18  LR: 1.228e-04  Data: 0.006 (0.008)
Train: 22 [ 700/2502 ( 28%)]  Loss:  6.239932 (6.2409)  Time: 0.369s, 1389.25/s  (0.372s, 1376.82/s)  ETA: 07:09:51  Done: 2026-06-04 20:59:02  LR: 1.228e-04  Data: 0.006 (0.008)
Train: 22 [ 750/2502 ( 30%)]  Loss:  6.374467 (6.2492)  Time: 0.377s, 1359.62/s  (0.372s, 1377.34/s)  ETA: 07:09:22  Done: 2026-06-04 20:58:52  LR: 1.228e-04  Data: 0.006 (0.008)
Train: 22 [ 800/2502 ( 32%)]  Loss:  6.060699 (6.2381)  Time: 0.370s, 1382.99/s  (0.372s, 1375.65/s)  ETA: 07:09:35  Done: 2026-06-04 20:59:24  LR: 1.228e-04  Data: 0.007 (0.008)
Train: 22 [ 850/2502 ( 34%)]  Loss:  6.141495 (6.2327)  Time: 0.368s, 1389.50/s  (0.373s, 1374.06/s)  ETA: 07:09:47  Done: 2026-06-04 20:59:54  LR: 1.228e-04  Data: 0.006 (0.008)
Train: 22 [ 900/2502 ( 36%)]  Loss:  6.351279 (6.2390)  Time: 0.370s, 1382.47/s  (0.372s, 1374.72/s)  ETA: 07:09:16  Done: 2026-06-04 20:59:41  LR: 1.228e-04  Data: 0.006 (0.008)
Train: 22 [ 950/2502 ( 38%)]  Loss:  6.623363 (6.2582)  Time: 0.388s, 1319.81/s  (0.372s, 1374.50/s)  ETA: 07:09:01  Done: 2026-06-04 20:59:46  LR: 1.228e-04  Data: 0.007 (0.008)
Train: 22 [1000/2502 ( 40%)]  Loss:  6.365961 (6.2633)  Time: 0.372s, 1376.81/s  (0.373s, 1373.42/s)  ETA: 07:09:03  Done: 2026-06-04 21:00:06  LR: 1.228e-04  Data: 0.007 (0.008)
Train: 22 [1050/2502 ( 42%)]  Loss:  6.631221 (6.2801)  Time: 0.368s, 1389.54/s  (0.373s, 1373.43/s)  ETA: 07:08:44  Done: 2026-06-04 21:00:06  LR: 1.228e-04  Data: 0.006 (0.008)
Train: 22 [1100/2502 ( 44%)]  Loss:  6.082834 (6.2715)  Time: 0.370s, 1382.44/s  (0.373s, 1373.42/s)  ETA: 07:08:25  Done: 2026-06-04 21:00:06  LR: 1.228e-04  Data: 0.006 (0.008)
Train: 22 [1150/2502 ( 46%)]  Loss:  5.925098 (6.2570)  Time: 0.367s, 1393.60/s  (0.373s, 1373.71/s)  ETA: 07:08:01  Done: 2026-06-04 21:00:01  LR: 1.228e-04  Data: 0.006 (0.008)
Train: 22 [1200/2502 ( 48%)]  Loss:  6.405271 (6.2630)  Time: 0.369s, 1387.10/s  (0.373s, 1374.07/s)  ETA: 07:07:36  Done: 2026-06-04 20:59:54  LR: 1.228e-04  Data: 0.007 (0.008)
Train: 22 [1250/2502 ( 50%)]  Loss:  6.340595 (6.2660)  Time: 0.376s, 1362.50/s  (0.373s, 1374.28/s)  ETA: 07:07:13  Done: 2026-06-04 20:59:50  LR: 1.228e-04  Data: 0.007 (0.008)
Train: 22 [1300/2502 ( 52%)]  Loss:  5.988258 (6.2557)  Time: 0.373s, 1372.94/s  (0.372s, 1374.60/s)  ETA: 07:06:49  Done: 2026-06-04 20:59:44  LR: 1.228e-04  Data: 0.006 (0.007)
Train: 22 [1350/2502 ( 54%)]  Loss:  6.696958 (6.2714)  Time: 0.371s, 1379.30/s  (0.372s, 1374.88/s)  ETA: 07:06:25  Done: 2026-06-04 20:59:38  LR: 1.228e-04  Data: 0.006 (0.007)
Train: 22 [1400/2502 ( 56%)]  Loss:  6.500987 (6.2794)  Time: 0.370s, 1381.94/s  (0.372s, 1375.04/s)  ETA: 07:06:03  Done: 2026-06-04 20:59:36  LR: 1.228e-04  Data: 0.008 (0.007)
Train: 22 [1450/2502 ( 58%)]  Loss:  5.893015 (6.2665)  Time: 0.369s, 1385.97/s  (0.372s, 1375.17/s)  ETA: 07:05:42  Done: 2026-06-04 20:59:33  LR: 1.228e-04  Data: 0.007 (0.007)
Train: 22 [1500/2502 ( 60%)]  Loss:  6.088305 (6.2607)  Time: 0.388s, 1320.62/s  (0.373s, 1374.40/s)  ETA: 07:05:38  Done: 2026-06-04 20:59:48  LR: 1.228e-04  Data: 0.006 (0.007)
Train: 22 [1550/2502 ( 62%)]  Loss:  6.169076 (6.2579)  Time: 0.369s, 1386.68/s  (0.372s, 1374.51/s)  ETA: 07:05:17  Done: 2026-06-04 20:59:46  LR: 1.228e-04  Data: 0.006 (0.007)
Train: 22 [1600/2502 ( 64%)]  Loss:  6.483958 (6.2647)  Time: 0.371s, 1381.11/s  (0.373s, 1374.42/s)  ETA: 07:05:00  Done: 2026-06-04 20:59:47  LR: 1.228e-04  Data: 0.008 (0.007)
Train: 22 [1650/2502 ( 66%)]  Loss:  6.248766 (6.2642)  Time: 0.371s, 1380.73/s  (0.372s, 1374.53/s)  ETA: 07:04:40  Done: 2026-06-04 20:59:45  LR: 1.228e-04  Data: 0.006 (0.007)
Train: 22 [1700/2502 ( 68%)]  Loss:  5.982934 (6.2562)  Time: 0.370s, 1383.98/s  (0.372s, 1374.79/s)  ETA: 07:04:16  Done: 2026-06-04 20:59:40  LR: 1.228e-04  Data: 0.006 (0.007)
Train: 22 [1750/2502 ( 70%)]  Loss:  6.621319 (6.2664)  Time: 0.370s, 1382.31/s  (0.373s, 1374.22/s)  ETA: 07:04:08  Done: 2026-06-04 20:59:51  LR: 1.228e-04  Data: 0.006 (0.007)
Train: 22 [1800/2502 ( 72%)]  Loss:  6.482505 (6.2722)  Time: 0.376s, 1363.04/s  (0.373s, 1372.90/s)  ETA: 07:04:14  Done: 2026-06-04 21:00:16  LR: 1.228e-04  Data: 0.008 (0.007)
Train: 22 [1850/2502 ( 74%)]  Loss:  6.076809 (6.2671)  Time: 0.375s, 1365.07/s  (0.373s, 1372.73/s)  ETA: 07:03:59  Done: 2026-06-04 21:00:19  LR: 1.228e-04  Data: 0.008 (0.007)
Train: 22 [1900/2502 ( 76%)]  Loss:  6.594461 (6.2754)  Time: 0.386s, 1325.17/s  (0.373s, 1372.37/s)  ETA: 07:03:47  Done: 2026-06-04 21:00:26  LR: 1.228e-04  Data: 0.006 (0.007)
Train: 22 [1950/2502 ( 78%)]  Loss:  6.858260 (6.2900)  Time: 0.376s, 1360.96/s  (0.373s, 1371.97/s)  ETA: 07:03:35  Done: 2026-06-04 21:00:34  LR: 1.228e-04  Data: 0.006 (0.007)
Train: 22 [2000/2502 ( 80%)]  Loss:  6.562697 (6.2967)  Time: 0.375s, 1363.78/s  (0.373s, 1371.70/s)  ETA: 07:03:22  Done: 2026-06-04 21:00:39  LR: 1.228e-04  Data: 0.009 (0.007)
Train: 22 [2050/2502 ( 82%)]  Loss:  6.014349 (6.2899)  Time: 0.373s, 1372.31/s  (0.373s, 1371.30/s)  ETA: 07:03:10  Done: 2026-06-04 21:00:47  LR: 1.228e-04  Data: 0.007 (0.007)
Train: 22 [2100/2502 ( 84%)]  Loss:  6.231116 (6.2886)  Time: 0.372s, 1377.84/s  (0.373s, 1370.99/s)  ETA: 07:02:57  Done: 2026-06-04 21:00:52  LR: 1.228e-04  Data: 0.006 (0.007)
Train: 22 [2150/2502 ( 86%)]  Loss:  6.606314 (6.2958)  Time: 0.369s, 1386.48/s  (0.373s, 1371.16/s)  ETA: 07:02:36  Done: 2026-06-04 21:00:49  LR: 1.228e-04  Data: 0.007 (0.007)
Train: 22 [2200/2502 ( 88%)]  Loss:  6.061479 (6.2906)  Time: 0.370s, 1384.18/s  (0.373s, 1371.31/s)  ETA: 07:02:14  Done: 2026-06-04 21:00:46  LR: 1.228e-04  Data: 0.008 (0.007)
Train: 22 [2250/2502 ( 90%)]  Loss:  6.736362 (6.3003)  Time: 0.370s, 1383.21/s  (0.373s, 1371.44/s)  ETA: 07:01:53  Done: 2026-06-04 21:00:44  LR: 1.228e-04  Data: 0.007 (0.007)
Train: 22 [2300/2502 ( 92%)]  Loss:  6.259654 (6.2994)  Time: 0.373s, 1371.58/s  (0.373s, 1371.69/s)  ETA: 07:01:30  Done: 2026-06-04 21:00:39  LR: 1.228e-04  Data: 0.007 (0.007)
Train: 22 [2350/2502 ( 94%)]  Loss:  5.896529 (6.2910)  Time: 0.369s, 1387.95/s  (0.373s, 1371.92/s)  ETA: 07:01:07  Done: 2026-06-04 21:00:35  LR: 1.228e-04  Data: 0.006 (0.007)
Train: 22 [2400/2502 ( 96%)]  Loss:  6.311952 (6.2915)  Time: 0.378s, 1353.02/s  (0.373s, 1372.06/s)  ETA: 07:00:46  Done: 2026-06-04 21:00:32  LR: 1.228e-04  Data: 0.008 (0.007)
Train: 22 [2450/2502 ( 98%)]  Loss:  6.057015 (6.2868)  Time: 0.369s, 1389.26/s  (0.373s, 1372.32/s)  ETA: 07:00:22  Done: 2026-06-04 21:00:27  LR: 1.228e-04  Data: 0.006 (0.007)
epoch:  22 g['lr']:  0.00012280122488564387
Train: 23 [   0/2502 (  0%)]  Loss:  5.624998 (5.6250)  Time: 1.262s,  405.63/s  (1.262s,  405.63/s)  ETA: 23:41:06  Done: 2026-06-05 13:41:29  LR: 1.169e-04  Data: 0.790 (0.790)
Train: 23 [  50/2502 (  2%)]  Loss:  6.614275 (6.1196)  Time: 0.381s, 1344.02/s  (0.388s, 1318.72/s)  ETA: 07:16:48  Done: 2026-06-04 21:17:29  LR: 1.169e-04  Data: 0.007 (0.022)
Train: 23 [ 100/2502 (  4%)]  Loss:  6.142198 (6.1272)  Time: 0.369s, 1386.11/s  (0.379s, 1351.34/s)  ETA: 07:05:56  Done: 2026-06-04 21:06:56  LR: 1.169e-04  Data: 0.006 (0.014)
Train: 23 [ 150/2502 (  6%)]  Loss:  6.644300 (6.2564)  Time: 0.391s, 1308.67/s  (0.376s, 1361.13/s)  ETA: 07:02:34  Done: 2026-06-04 21:03:52  LR: 1.169e-04  Data: 0.006 (0.012)
Train: 23 [ 200/2502 (  8%)]  Loss:  5.665170 (6.1382)  Time: 0.370s, 1384.79/s  (0.377s, 1358.89/s)  ETA: 07:02:57  Done: 2026-06-04 21:04:34  LR: 1.169e-04  Data: 0.008 (0.010)
Train: 23 [ 250/2502 ( 10%)]  Loss:  6.342218 (6.1722)  Time: 0.369s, 1386.01/s  (0.378s, 1355.66/s)  ETA: 07:03:38  Done: 2026-06-04 21:05:35  LR: 1.169e-04  Data: 0.007 (0.010)
Train: 23 [ 300/2502 ( 12%)]  Loss:  6.311293 (6.1921)  Time: 0.370s, 1382.50/s  (0.377s, 1358.57/s)  ETA: 07:02:25  Done: 2026-06-04 21:04:40  LR: 1.169e-04  Data: 0.007 (0.009)
Train: 23 [ 350/2502 ( 14%)]  Loss:  5.764166 (6.1386)  Time: 0.370s, 1384.35/s  (0.376s, 1362.05/s)  ETA: 07:01:01  Done: 2026-06-04 21:03:35  LR: 1.169e-04  Data: 0.006 (0.009)
Train: 23 [ 400/2502 ( 16%)]  Loss:  6.132400 (6.1379)  Time: 0.384s, 1334.64/s  (0.375s, 1364.14/s)  ETA: 07:00:04  Done: 2026-06-04 21:02:56  LR: 1.169e-04  Data: 0.008 (0.009)
Train: 23 [ 450/2502 ( 18%)]  Loss:  6.298244 (6.1539)  Time: 0.369s, 1387.17/s  (0.375s, 1366.20/s)  ETA: 06:59:07  Done: 2026-06-04 21:02:18  LR: 1.169e-04  Data: 0.007 (0.008)
Train: 23 [ 500/2502 ( 20%)]  Loss:  5.582597 (6.1020)  Time: 0.370s, 1385.61/s  (0.374s, 1368.00/s)  ETA: 06:58:15  Done: 2026-06-04 21:01:44  LR: 1.169e-04  Data: 0.007 (0.008)
Train: 23 [ 550/2502 ( 22%)]  Loss:  5.490170 (6.0510)  Time: 0.369s, 1386.11/s  (0.374s, 1369.43/s)  ETA: 06:57:30  Done: 2026-06-04 21:01:18  LR: 1.169e-04  Data: 0.006 (0.008)
Train: 23 [ 600/2502 ( 24%)]  Loss:  6.515676 (6.0867)  Time: 0.370s, 1383.99/s  (0.374s, 1370.67/s)  ETA: 06:56:49  Done: 2026-06-04 21:00:55  LR: 1.169e-04  Data: 0.008 (0.008)
Train: 23 [ 650/2502 ( 26%)]  Loss:  6.106192 (6.0881)  Time: 0.368s, 1390.70/s  (0.373s, 1371.74/s)  ETA: 06:56:11  Done: 2026-06-04 21:00:36  LR: 1.169e-04  Data: 0.006 (0.008)
Train: 23 [ 700/2502 ( 28%)]  Loss:  6.315683 (6.1033)  Time: 0.368s, 1389.58/s  (0.373s, 1371.94/s)  ETA: 06:55:49  Done: 2026-06-04 21:00:32  LR: 1.169e-04  Data: 0.006 (0.008)
Train: 23 [ 750/2502 ( 30%)]  Loss:  6.120892 (6.1044)  Time: 0.369s, 1387.49/s  (0.373s, 1372.50/s)  ETA: 06:55:20  Done: 2026-06-04 21:00:22  LR: 1.169e-04  Data: 0.006 (0.008)
Train: 23 [ 800/2502 ( 32%)]  Loss:  5.873380 (6.0908)  Time: 0.371s, 1379.18/s  (0.373s, 1373.38/s)  ETA: 06:54:45  Done: 2026-06-04 21:00:05  LR: 1.169e-04  Data: 0.008 (0.008)
Train: 23 [ 850/2502 ( 34%)]  Loss:  6.391713 (6.1075)  Time: 0.369s, 1387.44/s  (0.373s, 1373.74/s)  ETA: 06:54:20  Done: 2026-06-04 20:59:59  LR: 1.169e-04  Data: 0.007 (0.008)
Train: 23 [ 900/2502 ( 36%)]  Loss:  6.552817 (6.1310)  Time: 0.373s, 1371.38/s  (0.373s, 1374.17/s)  ETA: 06:53:54  Done: 2026-06-04 20:59:51  LR: 1.169e-04  Data: 0.007 (0.008)
Train: 23 [ 950/2502 ( 38%)]  Loss:  6.756018 (6.1622)  Time: 0.369s, 1388.04/s  (0.372s, 1374.55/s)  ETA: 06:53:28  Done: 2026-06-04 20:59:44  LR: 1.169e-04  Data: 0.006 (0.008)
Train: 23 [1000/2502 ( 40%)]  Loss:  5.850189 (6.1474)  Time: 0.370s, 1382.51/s  (0.372s, 1374.64/s)  ETA: 06:53:08  Done: 2026-06-04 20:59:42  LR: 1.169e-04  Data: 0.008 (0.008)
Train: 23 [1050/2502 ( 42%)]  Loss:  6.175930 (6.1487)  Time: 0.369s, 1387.27/s  (0.372s, 1374.89/s)  ETA: 06:52:45  Done: 2026-06-04 20:59:38  LR: 1.169e-04  Data: 0.007 (0.008)
Train: 23 [1100/2502 ( 44%)]  Loss:  6.132389 (6.1480)  Time: 0.368s, 1390.45/s  (0.372s, 1374.89/s)  ETA: 06:52:26  Done: 2026-06-04 20:59:38  LR: 1.169e-04  Data: 0.006 (0.007)
Train: 23 [1150/2502 ( 46%)]  Loss:  6.176658 (6.1491)  Time: 0.370s, 1384.20/s  (0.372s, 1374.62/s)  ETA: 06:52:12  Done: 2026-06-04 20:59:43  LR: 1.169e-04  Data: 0.006 (0.007)
Train: 23 [1200/2502 ( 48%)]  Loss:  7.026712 (6.1843)  Time: 0.370s, 1384.16/s  (0.373s, 1374.05/s)  ETA: 06:52:04  Done: 2026-06-04 20:59:53  LR: 1.169e-04  Data: 0.008 (0.007)
Train: 23 [1250/2502 ( 50%)]  Loss:  6.262163 (6.1872)  Time: 0.371s, 1379.21/s  (0.373s, 1372.97/s)  ETA: 06:52:05  Done: 2026-06-04 21:00:13  LR: 1.169e-04  Data: 0.006 (0.007)
Train: 23 [1300/2502 ( 52%)]  Loss:  6.316044 (6.1920)  Time: 0.369s, 1385.92/s  (0.373s, 1372.80/s)  ETA: 06:51:49  Done: 2026-06-04 21:00:16  LR: 1.169e-04  Data: 0.006 (0.007)
Train: 23 [1350/2502 ( 54%)]  Loss:  5.819866 (6.1787)  Time: 0.368s, 1390.63/s  (0.373s, 1372.92/s)  ETA: 06:51:28  Done: 2026-06-04 21:00:14  LR: 1.169e-04  Data: 0.007 (0.007)
Train: 23 [1400/2502 ( 56%)]  Loss:  5.682675 (6.1616)  Time: 0.371s, 1381.74/s  (0.373s, 1373.27/s)  ETA: 06:51:04  Done: 2026-06-04 21:00:08  LR: 1.169e-04  Data: 0.008 (0.007)
Train: 23 [1450/2502 ( 58%)]  Loss:  6.361167 (6.1683)  Time: 0.369s, 1388.82/s  (0.373s, 1373.37/s)  ETA: 06:50:43  Done: 2026-06-04 21:00:06  LR: 1.169e-04  Data: 0.007 (0.007)
Train: 23 [1500/2502 ( 60%)]  Loss:  5.777367 (6.1557)  Time: 0.368s, 1391.71/s  (0.373s, 1373.74/s)  ETA: 06:50:18  Done: 2026-06-04 20:59:59  LR: 1.169e-04  Data: 0.007 (0.007)
Train: 23 [1550/2502 ( 62%)]  Loss:  6.414094 (6.1637)  Time: 0.370s, 1385.55/s  (0.373s, 1374.07/s)  ETA: 06:49:53  Done: 2026-06-04 20:59:53  LR: 1.169e-04  Data: 0.006 (0.007)
Train: 23 [1600/2502 ( 64%)]  Loss:  6.404825 (6.1710)  Time: 0.371s, 1380.53/s  (0.373s, 1374.39/s)  ETA: 06:49:29  Done: 2026-06-04 20:59:47  LR: 1.169e-04  Data: 0.009 (0.007)
Train: 23 [1650/2502 ( 66%)]  Loss:  6.375264 (6.1771)  Time: 0.371s, 1379.81/s  (0.373s, 1374.34/s)  ETA: 06:49:11  Done: 2026-06-04 20:59:48  LR: 1.169e-04  Data: 0.007 (0.007)
Train: 23 [1700/2502 ( 68%)]  Loss:  6.219096 (6.1783)  Time: 0.368s, 1390.48/s  (0.373s, 1374.43/s)  ETA: 06:48:51  Done: 2026-06-04 20:59:46  LR: 1.169e-04  Data: 0.007 (0.007)
Train: 23 [1750/2502 ( 70%)]  Loss:  6.092034 (6.1759)  Time: 0.368s, 1390.57/s  (0.373s, 1374.29/s)  ETA: 06:48:35  Done: 2026-06-04 20:59:49  LR: 1.169e-04  Data: 0.006 (0.007)
Train: 23 [1800/2502 ( 72%)]  Loss:  6.260847 (6.1782)  Time: 0.370s, 1382.13/s  (0.373s, 1374.32/s)  ETA: 06:48:16  Done: 2026-06-04 20:59:48  LR: 1.169e-04  Data: 0.007 (0.007)
Train: 23 [1850/2502 ( 74%)]  Loss:  5.937547 (6.1718)  Time: 0.368s, 1390.38/s  (0.372s, 1374.57/s)  ETA: 06:47:53  Done: 2026-06-04 20:59:44  LR: 1.169e-04  Data: 0.007 (0.007)
Train: 23 [1900/2502 ( 76%)]  Loss:  6.362914 (6.1767)  Time: 0.367s, 1394.02/s  (0.372s, 1374.84/s)  ETA: 06:47:29  Done: 2026-06-04 20:59:39  LR: 1.169e-04  Data: 0.007 (0.007)
Train: 23 [1950/2502 ( 78%)]  Loss:  5.793914 (6.1672)  Time: 0.370s, 1384.38/s  (0.372s, 1375.09/s)  ETA: 06:47:06  Done: 2026-06-04 20:59:34  LR: 1.169e-04  Data: 0.005 (0.007)
Train: 23 [2000/2502 ( 80%)]  Loss:  6.422218 (6.1734)  Time: 0.370s, 1384.12/s  (0.372s, 1375.26/s)  ETA: 06:46:44  Done: 2026-06-04 20:59:31  LR: 1.169e-04  Data: 0.008 (0.007)
Train: 23 [2050/2502 ( 82%)]  Loss:  5.839412 (6.1654)  Time: 0.492s, 1039.86/s  (0.372s, 1375.28/s)  ETA: 06:46:26  Done: 2026-06-04 20:59:31  LR: 1.169e-04  Data: 0.006 (0.007)
Train: 23 [2100/2502 ( 84%)]  Loss:  6.398259 (6.1708)  Time: 0.370s, 1385.12/s  (0.372s, 1375.26/s)  ETA: 06:46:07  Done: 2026-06-04 20:59:31  LR: 1.169e-04  Data: 0.006 (0.007)
Train: 23 [2150/2502 ( 86%)]  Loss:  5.967268 (6.1662)  Time: 0.370s, 1384.63/s  (0.372s, 1374.86/s)  ETA: 06:45:56  Done: 2026-06-04 20:59:38  LR: 1.169e-04  Data: 0.006 (0.007)
Train: 23 [2200/2502 ( 88%)]  Loss:  6.048604 (6.1636)  Time: 0.370s, 1383.60/s  (0.373s, 1374.45/s)  ETA: 06:45:44  Done: 2026-06-04 20:59:46  LR: 1.169e-04  Data: 0.007 (0.007)
Train: 23 [2250/2502 ( 90%)]  Loss:  5.888027 (6.1576)  Time: 0.372s, 1375.81/s  (0.373s, 1373.81/s)  ETA: 06:45:37  Done: 2026-06-04 20:59:58  LR: 1.169e-04  Data: 0.007 (0.007)
Train: 23 [2300/2502 ( 92%)]  Loss:  5.782329 (6.1496)  Time: 0.369s, 1385.69/s  (0.373s, 1373.43/s)  ETA: 06:45:25  Done: 2026-06-04 21:00:05  LR: 1.169e-04  Data: 0.006 (0.007)
Train: 23 [2350/2502 ( 94%)]  Loss:  6.203924 (6.1508)  Time: 0.368s, 1391.23/s  (0.373s, 1373.63/s)  ETA: 06:45:03  Done: 2026-06-04 21:00:01  LR: 1.169e-04  Data: 0.006 (0.007)
Train: 23 [2400/2502 ( 96%)]  Loss:  6.616727 (6.1603)  Time: 0.371s, 1378.65/s  (0.373s, 1373.77/s)  ETA: 06:44:42  Done: 2026-06-04 20:59:58  LR: 1.169e-04  Data: 0.008 (0.007)
Train: 23 [2450/2502 ( 98%)]  Loss:  6.204840 (6.1612)  Time: 0.369s, 1387.47/s  (0.373s, 1373.92/s)  ETA: 06:44:20  Done: 2026-06-04 20:59:56  LR: 1.169e-04  Data: 0.007 (0.007)
epoch:  23 g['lr']:  0.00011690665718860893
Train: 24 [   0/2502 (  0%)]  Loss:  6.376143 (6.3761)  Time: 1.226s,  417.50/s  (1.226s,  417.50/s)  ETA: 22:09:34  Done: 2026-06-05 12:25:27  LR: 1.110e-04  Data: 0.849 (0.849)
Train: 24 [  50/2502 (  2%)]  Loss:  6.004985 (6.1906)  Time: 0.371s, 1379.11/s  (0.388s, 1320.13/s)  ETA: 07:00:09  Done: 2026-06-04 21:16:21  LR: 1.110e-04  Data: 0.007 (0.023)
Train: 24 [ 100/2502 (  4%)]  Loss:  6.106853 (6.1627)  Time: 0.370s, 1384.59/s  (0.380s, 1347.18/s)  ETA: 06:51:24  Done: 2026-06-04 21:07:54  LR: 1.110e-04  Data: 0.007 (0.015)
Train: 24 [ 150/2502 (  6%)]  Loss:  5.902180 (6.0975)  Time: 0.369s, 1388.53/s  (0.377s, 1357.84/s)  ETA: 06:47:52  Done: 2026-06-04 21:04:40  LR: 1.110e-04  Data: 0.006 (0.012)
Train: 24 [ 200/2502 (  8%)]  Loss:  6.448543 (6.1677)  Time: 0.370s, 1383.18/s  (0.375s, 1363.71/s)  ETA: 06:45:48  Done: 2026-06-04 21:02:55  LR: 1.110e-04  Data: 0.008 (0.011)
Train: 24 [ 250/2502 ( 10%)]  Loss:  5.507883 (6.0578)  Time: 0.371s, 1380.12/s  (0.375s, 1366.58/s)  ETA: 06:44:38  Done: 2026-06-04 21:02:03  LR: 1.110e-04  Data: 0.007 (0.010)
Train: 24 [ 300/2502 ( 12%)]  Loss:  6.519287 (6.1237)  Time: 0.370s, 1384.77/s  (0.374s, 1368.91/s)  ETA: 06:43:38  Done: 2026-06-04 21:01:22  LR: 1.110e-04  Data: 0.007 (0.010)
Train: 24 [ 350/2502 ( 14%)]  Loss:  6.199594 (6.1332)  Time: 0.373s, 1373.77/s  (0.374s, 1370.62/s)  ETA: 06:42:49  Done: 2026-06-04 21:00:52  LR: 1.110e-04  Data: 0.006 (0.009)
Train: 24 [ 400/2502 ( 16%)]  Loss:  5.830912 (6.0996)  Time: 0.372s, 1376.35/s  (0.373s, 1371.91/s)  ETA: 06:42:07  Done: 2026-06-04 21:00:29  LR: 1.110e-04  Data: 0.009 (0.009)
Train: 24 [ 450/2502 ( 18%)]  Loss:  6.151711 (6.1048)  Time: 0.372s, 1377.83/s  (0.373s, 1372.80/s)  ETA: 06:41:33  Done: 2026-06-04 21:00:13  LR: 1.110e-04  Data: 0.007 (0.009)
Train: 24 [ 500/2502 ( 20%)]  Loss:  6.119315 (6.1061)  Time: 0.369s, 1386.00/s  (0.373s, 1373.25/s)  ETA: 06:41:07  Done: 2026-06-04 21:00:05  LR: 1.110e-04  Data: 0.007 (0.009)
Train: 24 [ 550/2502 ( 22%)]  Loss:  5.875100 (6.0869)  Time: 0.370s, 1385.06/s  (0.373s, 1372.93/s)  ETA: 06:40:53  Done: 2026-06-04 21:00:11  LR: 1.110e-04  Data: 0.006 (0.008)
Train: 24 [ 600/2502 ( 24%)]  Loss:  5.966086 (6.0776)  Time: 0.370s, 1385.09/s  (0.373s, 1370.88/s)  ETA: 06:41:11  Done: 2026-06-04 21:00:47  LR: 1.110e-04  Data: 0.007 (0.008)
Train: 24 [ 650/2502 ( 26%)]  Loss:  6.384229 (6.0995)  Time: 0.370s, 1385.22/s  (0.374s, 1370.64/s)  ETA: 06:40:56  Done: 2026-06-04 21:00:51  LR: 1.110e-04  Data: 0.007 (0.008)
Train: 24 [ 700/2502 ( 28%)]  Loss:  6.378512 (6.1181)  Time: 0.368s, 1390.45/s  (0.373s, 1371.81/s)  ETA: 06:40:17  Done: 2026-06-04 21:00:31  LR: 1.110e-04  Data: 0.007 (0.008)
Train: 24 [ 750/2502 ( 30%)]  Loss:  6.337919 (6.1318)  Time: 0.369s, 1387.71/s  (0.373s, 1372.47/s)  ETA: 06:39:47  Done: 2026-06-04 21:00:19  LR: 1.110e-04  Data: 0.006 (0.008)
Train: 24 [ 800/2502 ( 32%)]  Loss:  5.569772 (6.0988)  Time: 0.369s, 1389.09/s  (0.373s, 1373.14/s)  ETA: 06:39:17  Done: 2026-06-04 21:00:07  LR: 1.110e-04  Data: 0.008 (0.008)
Train: 24 [ 850/2502 ( 34%)]  Loss:  6.456266 (6.1186)  Time: 0.371s, 1380.73/s  (0.373s, 1373.80/s)  ETA: 06:38:46  Done: 2026-06-04 20:59:55  LR: 1.110e-04  Data: 0.007 (0.008)
Train: 24 [ 900/2502 ( 36%)]  Loss:  6.871157 (6.1582)  Time: 0.374s, 1368.13/s  (0.373s, 1373.77/s)  ETA: 06:38:28  Done: 2026-06-04 20:59:56  LR: 1.110e-04  Data: 0.008 (0.008)
Train: 24 [ 950/2502 ( 38%)]  Loss:  6.063304 (6.1535)  Time: 0.376s, 1361.68/s  (0.373s, 1373.28/s)  ETA: 06:38:18  Done: 2026-06-04 21:00:05  LR: 1.110e-04  Data: 0.007 (0.008)
Train: 24 [1000/2502 ( 40%)]  Loss:  6.460735 (6.1681)  Time: 0.376s, 1362.34/s  (0.373s, 1372.72/s)  ETA: 06:38:09  Done: 2026-06-04 21:00:15  LR: 1.110e-04  Data: 0.008 (0.008)
Train: 24 [1050/2502 ( 42%)]  Loss:  6.153718 (6.1675)  Time: 0.372s, 1376.16/s  (0.373s, 1372.41/s)  ETA: 06:37:56  Done: 2026-06-04 21:00:20  LR: 1.110e-04  Data: 0.008 (0.008)
Train: 24 [1100/2502 ( 44%)]  Loss:  5.836344 (6.1531)  Time: 0.373s, 1373.74/s  (0.373s, 1371.83/s)  ETA: 06:37:48  Done: 2026-06-04 21:00:30  LR: 1.110e-04  Data: 0.008 (0.008)
Train: 24 [1150/2502 ( 46%)]  Loss:  5.986200 (6.1461)  Time: 0.386s, 1327.42/s  (0.373s, 1371.61/s)  ETA: 06:37:33  Done: 2026-06-04 21:00:34  LR: 1.110e-04  Data: 0.007 (0.008)
Train: 24 [1200/2502 ( 48%)]  Loss:  6.400002 (6.1563)  Time: 0.375s, 1365.35/s  (0.373s, 1371.18/s)  ETA: 06:37:22  Done: 2026-06-04 21:00:42  LR: 1.110e-04  Data: 0.009 (0.008)
Train: 24 [1250/2502 ( 50%)]  Loss:  6.778562 (6.1802)  Time: 0.371s, 1380.50/s  (0.373s, 1371.02/s)  ETA: 06:37:06  Done: 2026-06-04 21:00:45  LR: 1.110e-04  Data: 0.008 (0.008)
Train: 24 [1300/2502 ( 52%)]  Loss:  5.844461 (6.1678)  Time: 0.376s, 1362.21/s  (0.374s, 1370.70/s)  ETA: 06:36:52  Done: 2026-06-04 21:00:50  LR: 1.110e-04  Data: 0.008 (0.008)
Train: 24 [1350/2502 ( 54%)]  Loss:  6.246835 (6.1706)  Time: 0.375s, 1366.67/s  (0.374s, 1370.29/s)  ETA: 06:36:41  Done: 2026-06-04 21:00:58  LR: 1.110e-04  Data: 0.007 (0.008)
Train: 24 [1400/2502 ( 56%)]  Loss:  5.993968 (6.1645)  Time: 0.376s, 1361.14/s  (0.374s, 1370.02/s)  ETA: 06:36:27  Done: 2026-06-04 21:01:02  LR: 1.110e-04  Data: 0.008 (0.008)
Train: 24 [1450/2502 ( 58%)]  Loss:  5.912841 (6.1561)  Time: 0.375s, 1364.59/s  (0.374s, 1369.63/s)  ETA: 06:36:15  Done: 2026-06-04 21:01:09  LR: 1.110e-04  Data: 0.008 (0.008)
Train: 24 [1500/2502 ( 60%)]  Loss:  5.994192 (6.1509)  Time: 0.374s, 1368.90/s  (0.374s, 1368.85/s)  ETA: 06:36:10  Done: 2026-06-04 21:01:23  LR: 1.110e-04  Data: 0.008 (0.008)
Train: 24 [1550/2502 ( 62%)]  Loss:  6.286319 (6.1551)  Time: 0.370s, 1383.54/s  (0.374s, 1367.17/s)  ETA: 06:36:20  Done: 2026-06-04 21:01:53  LR: 1.110e-04  Data: 0.006 (0.008)
Train: 24 [1600/2502 ( 64%)]  Loss:  6.148860 (6.1549)  Time: 0.373s, 1374.33/s  (0.375s, 1366.72/s)  ETA: 06:36:09  Done: 2026-06-04 21:02:01  LR: 1.110e-04  Data: 0.009 (0.008)
Train: 24 [1650/2502 ( 66%)]  Loss:  6.131195 (6.1542)  Time: 0.370s, 1383.82/s  (0.375s, 1367.11/s)  ETA: 06:35:44  Done: 2026-06-04 21:01:54  LR: 1.110e-04  Data: 0.007 (0.008)
Train: 24 [1700/2502 ( 68%)]  Loss:  5.920591 (6.1476)  Time: 0.369s, 1386.15/s  (0.374s, 1367.34/s)  ETA: 06:35:21  Done: 2026-06-04 21:01:50  LR: 1.110e-04  Data: 0.008 (0.008)
Train: 24 [1750/2502 ( 70%)]  Loss:  6.089539 (6.1459)  Time: 0.370s, 1385.27/s  (0.374s, 1367.66/s)  ETA: 06:34:57  Done: 2026-06-04 21:01:44  LR: 1.110e-04  Data: 0.007 (0.008)
Train: 24 [1800/2502 ( 72%)]  Loss:  5.594474 (6.1310)  Time: 0.370s, 1384.88/s  (0.374s, 1368.06/s)  ETA: 06:34:31  Done: 2026-06-04 21:01:37  LR: 1.110e-04  Data: 0.007 (0.008)
Train: 24 [1850/2502 ( 74%)]  Loss:  6.503885 (6.1409)  Time: 0.370s, 1384.89/s  (0.374s, 1368.36/s)  ETA: 06:34:07  Done: 2026-06-04 21:01:32  LR: 1.110e-04  Data: 0.007 (0.008)
Train: 24 [1900/2502 ( 76%)]  Loss:  6.250745 (6.1437)  Time: 0.370s, 1383.63/s  (0.374s, 1368.69/s)  ETA: 06:33:43  Done: 2026-06-04 21:01:26  LR: 1.110e-04  Data: 0.007 (0.008)
Train: 24 [1950/2502 ( 78%)]  Loss:  6.683238 (6.1572)  Time: 0.369s, 1388.05/s  (0.374s, 1368.98/s)  ETA: 06:33:19  Done: 2026-06-04 21:01:21  LR: 1.110e-04  Data: 0.007 (0.008)
Train: 24 [2000/2502 ( 80%)]  Loss:  6.552191 (6.1668)  Time: 0.371s, 1379.29/s  (0.374s, 1369.26/s)  ETA: 06:32:56  Done: 2026-06-04 21:01:16  LR: 1.110e-04  Data: 0.008 (0.008)
Train: 24 [2050/2502 ( 82%)]  Loss:  5.938004 (6.1613)  Time: 0.369s, 1387.64/s  (0.374s, 1369.36/s)  ETA: 06:32:35  Done: 2026-06-04 21:01:14  LR: 1.110e-04  Data: 0.007 (0.008)
Train: 24 [2100/2502 ( 84%)]  Loss:  5.490607 (6.1458)  Time: 0.371s, 1381.18/s  (0.374s, 1369.63/s)  ETA: 06:32:12  Done: 2026-06-04 21:01:09  LR: 1.110e-04  Data: 0.007 (0.008)
Train: 24 [2150/2502 ( 86%)]  Loss:  5.761879 (6.1370)  Time: 0.370s, 1385.19/s  (0.374s, 1369.84/s)  ETA: 06:31:50  Done: 2026-06-04 21:01:06  LR: 1.110e-04  Data: 0.007 (0.008)
Train: 24 [2200/2502 ( 88%)]  Loss:  5.517684 (6.1233)  Time: 0.371s, 1381.75/s  (0.374s, 1370.05/s)  ETA: 06:31:27  Done: 2026-06-04 21:01:02  LR: 1.110e-04  Data: 0.008 (0.008)
Train: 24 [2250/2502 ( 90%)]  Loss:  6.316334 (6.1275)  Time: 0.371s, 1380.45/s  (0.374s, 1370.26/s)  ETA: 06:31:05  Done: 2026-06-04 21:00:58  LR: 1.110e-04  Data: 0.007 (0.008)
Train: 24 [2300/2502 ( 92%)]  Loss:  6.559422 (6.1367)  Time: 0.370s, 1382.91/s  (0.374s, 1370.48/s)  ETA: 06:30:43  Done: 2026-06-04 21:00:54  LR: 1.110e-04  Data: 0.007 (0.008)
Train: 24 [2350/2502 ( 94%)]  Loss:  5.777521 (6.1292)  Time: 0.370s, 1384.45/s  (0.374s, 1370.72/s)  ETA: 06:30:20  Done: 2026-06-04 21:00:50  LR: 1.110e-04  Data: 0.007 (0.008)
Train: 24 [2400/2502 ( 96%)]  Loss:  5.674659 (6.1199)  Time: 0.377s, 1358.35/s  (0.374s, 1370.56/s)  ETA: 06:30:04  Done: 2026-06-04 21:00:53  LR: 1.110e-04  Data: 0.009 (0.008)
Train: 24 [2450/2502 ( 98%)]  Loss:  6.144734 (6.1204)  Time: 0.389s, 1317.04/s  (0.374s, 1369.90/s)  ETA: 06:29:57  Done: 2026-06-04 21:01:05  LR: 1.110e-04  Data: 0.008 (0.008)
epoch:  24 g['lr']:  0.00011096509935528479
Train: 25 [   0/2502 (  0%)]  Loss:  6.210681 (6.2107)  Time: 1.253s,  408.58/s  (1.253s,  408.58/s)  ETA: 21:46:20  Done: 2026-06-05 12:17:46  LR: 1.050e-04  Data: 0.865 (0.865)
Train: 25 [  50/2502 (  2%)]  Loss:  5.941384 (6.0760)  Time: 0.370s, 1383.54/s  (0.399s, 1284.38/s)  ETA: 06:55:14  Done: 2026-06-04 21:26:59  LR: 1.050e-04  Data: 0.007 (0.023)
Train: 25 [ 100/2502 (  4%)]  Loss:  5.934371 (6.0288)  Time: 0.370s, 1385.34/s  (0.385s, 1328.21/s)  ETA: 06:41:12  Done: 2026-06-04 21:13:17  LR: 1.050e-04  Data: 0.008 (0.015)
Train: 25 [ 150/2502 (  6%)]  Loss:  6.316778 (6.1008)  Time: 0.370s, 1385.43/s  (0.381s, 1342.25/s)  ETA: 06:36:42  Done: 2026-06-04 21:09:04  LR: 1.050e-04  Data: 0.006 (0.012)
Train: 25 [ 200/2502 (  8%)]  Loss:  6.647294 (6.2101)  Time: 0.370s, 1385.30/s  (0.379s, 1350.18/s)  ETA: 06:34:03  Done: 2026-06-04 21:06:44  LR: 1.050e-04  Data: 0.007 (0.011)
Train: 25 [ 250/2502 ( 10%)]  Loss:  5.394850 (6.0742)  Time: 0.369s, 1387.25/s  (0.377s, 1357.32/s)  ETA: 06:31:40  Done: 2026-06-04 21:04:39  LR: 1.050e-04  Data: 0.007 (0.010)
Train: 25 [ 300/2502 ( 12%)]  Loss:  6.050735 (6.0709)  Time: 0.370s, 1382.23/s  (0.376s, 1361.05/s)  ETA: 06:30:16  Done: 2026-06-04 21:03:35  LR: 1.050e-04  Data: 0.007 (0.010)
Train: 25 [ 350/2502 ( 14%)]  Loss:  6.470423 (6.1208)  Time: 0.372s, 1377.78/s  (0.375s, 1364.27/s)  ETA: 06:29:02  Done: 2026-06-04 21:02:39  LR: 1.050e-04  Data: 0.006 (0.009)
Train: 25 [ 400/2502 ( 16%)]  Loss:  6.690088 (6.1841)  Time: 0.371s, 1380.90/s  (0.375s, 1366.58/s)  ETA: 06:28:04  Done: 2026-06-04 21:02:00  LR: 1.050e-04  Data: 0.006 (0.009)
Train: 25 [ 450/2502 ( 18%)]  Loss:  6.227262 (6.1884)  Time: 0.371s, 1381.35/s  (0.374s, 1368.34/s)  ETA: 06:27:15  Done: 2026-06-04 21:01:29  LR: 1.050e-04  Data: 0.006 (0.009)
Train: 25 [ 500/2502 ( 20%)]  Loss:  6.272755 (6.1961)  Time: 0.369s, 1387.19/s  (0.374s, 1369.77/s)  ETA: 06:26:33  Done: 2026-06-04 21:01:05  LR: 1.050e-04  Data: 0.006 (0.009)
Train: 25 [ 550/2502 ( 22%)]  Loss:  6.168268 (6.1937)  Time: 0.369s, 1388.16/s  (0.373s, 1371.23/s)  ETA: 06:25:49  Done: 2026-06-04 21:00:40  LR: 1.050e-04  Data: 0.006 (0.008)
Train: 25 [ 600/2502 ( 24%)]  Loss:  6.164381 (6.1915)  Time: 0.372s, 1374.75/s  (0.373s, 1372.27/s)  ETA: 06:25:13  Done: 2026-06-04 21:00:22  LR: 1.050e-04  Data: 0.008 (0.008)
Train: 25 [ 650/2502 ( 26%)]  Loss:  6.222812 (6.1937)  Time: 0.371s, 1380.56/s  (0.373s, 1372.94/s)  ETA: 06:24:43  Done: 2026-06-04 21:00:11  LR: 1.050e-04  Data: 0.008 (0.008)
Train: 25 [ 700/2502 ( 28%)]  Loss:  6.126411 (6.1892)  Time: 0.371s, 1381.60/s  (0.373s, 1373.66/s)  ETA: 06:24:12  Done: 2026-06-04 20:59:59  LR: 1.050e-04  Data: 0.008 (0.008)
Train: 25 [ 750/2502 ( 30%)]  Loss:  6.272955 (6.1945)  Time: 0.369s, 1387.27/s  (0.373s, 1374.09/s)  ETA: 06:23:46  Done: 2026-06-04 20:59:52  LR: 1.050e-04  Data: 0.006 (0.008)
Train: 25 [ 800/2502 ( 32%)]  Loss:  6.064857 (6.1868)  Time: 0.368s, 1389.46/s  (0.373s, 1373.95/s)  ETA: 06:23:30  Done: 2026-06-04 20:59:54  LR: 1.050e-04  Data: 0.007 (0.008)
Train: 25 [ 850/2502 ( 34%)]  Loss:  5.575676 (6.1529)  Time: 0.386s, 1327.15/s  (0.373s, 1373.52/s)  ETA: 06:23:19  Done: 2026-06-04 21:00:01  LR: 1.050e-04  Data: 0.008 (0.008)
Train: 25 [ 900/2502 ( 36%)]  Loss:  6.283838 (6.1598)  Time: 0.370s, 1382.55/s  (0.373s, 1372.65/s)  ETA: 06:23:15  Done: 2026-06-04 21:00:16  LR: 1.050e-04  Data: 0.008 (0.008)
Train: 25 [ 950/2502 ( 38%)]  Loss:  6.292491 (6.1664)  Time: 0.369s, 1388.51/s  (0.374s, 1370.76/s)  ETA: 06:23:28  Done: 2026-06-04 21:00:48  LR: 1.050e-04  Data: 0.006 (0.008)
Train: 25 [1000/2502 ( 40%)]  Loss:  6.066543 (6.1617)  Time: 0.373s, 1373.35/s  (0.374s, 1370.02/s)  ETA: 06:23:21  Done: 2026-06-04 21:01:01  LR: 1.050e-04  Data: 0.008 (0.008)
Train: 25 [1050/2502 ( 42%)]  Loss:  6.053483 (6.1567)  Time: 0.371s, 1380.85/s  (0.374s, 1369.90/s)  ETA: 06:23:05  Done: 2026-06-04 21:01:03  LR: 1.050e-04  Data: 0.007 (0.008)
Train: 25 [1100/2502 ( 44%)]  Loss:  6.806139 (6.1850)  Time: 0.368s, 1390.07/s  (0.374s, 1370.19/s)  ETA: 06:22:41  Done: 2026-06-04 21:00:58  LR: 1.050e-04  Data: 0.007 (0.008)
Train: 25 [1150/2502 ( 46%)]  Loss:  6.434442 (6.1954)  Time: 0.370s, 1385.58/s  (0.374s, 1370.64/s)  ETA: 06:22:15  Done: 2026-06-04 21:00:50  LR: 1.050e-04  Data: 0.006 (0.008)
Train: 25 [1200/2502 ( 48%)]  Loss:  6.747983 (6.2175)  Time: 0.370s, 1384.47/s  (0.373s, 1371.10/s)  ETA: 06:21:49  Done: 2026-06-04 21:00:42  LR: 1.050e-04  Data: 0.006 (0.008)
Train: 25 [1250/2502 ( 50%)]  Loss:  6.550704 (6.2303)  Time: 0.370s, 1385.24/s  (0.373s, 1371.62/s)  ETA: 06:21:21  Done: 2026-06-04 21:00:33  LR: 1.050e-04  Data: 0.007 (0.008)
Train: 25 [1300/2502 ( 52%)]  Loss:  6.271039 (6.2318)  Time: 0.372s, 1377.52/s  (0.373s, 1371.75/s)  ETA: 06:21:00  Done: 2026-06-04 21:00:31  LR: 1.050e-04  Data: 0.008 (0.008)
Train: 25 [1350/2502 ( 54%)]  Loss:  5.373638 (6.2012)  Time: 0.370s, 1384.00/s  (0.373s, 1371.94/s)  ETA: 06:20:39  Done: 2026-06-04 21:00:28  LR: 1.050e-04  Data: 0.006 (0.008)
Train: 25 [1400/2502 ( 56%)]  Loss:  5.959216 (6.1928)  Time: 0.371s, 1381.81/s  (0.373s, 1372.13/s)  ETA: 06:20:17  Done: 2026-06-04 21:00:25  LR: 1.050e-04  Data: 0.006 (0.008)
Train: 25 [1450/2502 ( 58%)]  Loss:  6.348771 (6.1980)  Time: 0.368s, 1390.48/s  (0.373s, 1371.89/s)  ETA: 06:20:02  Done: 2026-06-04 21:00:29  LR: 1.050e-04  Data: 0.007 (0.008)
Train: 25 [1500/2502 ( 60%)]  Loss:  6.016027 (6.1921)  Time: 0.369s, 1387.71/s  (0.373s, 1372.15/s)  ETA: 06:19:39  Done: 2026-06-04 21:00:24  LR: 1.050e-04  Data: 0.008 (0.008)
Train: 25 [1550/2502 ( 62%)]  Loss:  6.533513 (6.2028)  Time: 0.369s, 1386.76/s  (0.373s, 1372.05/s)  ETA: 06:19:22  Done: 2026-06-04 21:00:26  LR: 1.050e-04  Data: 0.006 (0.008)
Train: 25 [1600/2502 ( 64%)]  Loss:  6.193705 (6.2025)  Time: 0.371s, 1381.40/s  (0.373s, 1371.96/s)  ETA: 06:19:05  Done: 2026-06-04 21:00:28  LR: 1.050e-04  Data: 0.008 (0.007)
Train: 25 [1650/2502 ( 66%)]  Loss:  6.248071 (6.2039)  Time: 0.372s, 1378.09/s  (0.373s, 1371.89/s)  ETA: 06:18:47  Done: 2026-06-04 21:00:29  LR: 1.050e-04  Data: 0.007 (0.007)
Train: 25 [1700/2502 ( 68%)]  Loss:  5.556101 (6.1854)  Time: 0.369s, 1386.05/s  (0.373s, 1372.11/s)  ETA: 06:18:25  Done: 2026-06-04 21:00:25  LR: 1.050e-04  Data: 0.006 (0.007)
Train: 25 [1750/2502 ( 70%)]  Loss:  6.598653 (6.1968)  Time: 0.369s, 1386.35/s  (0.373s, 1372.32/s)  ETA: 06:18:03  Done: 2026-06-04 21:00:22  LR: 1.050e-04  Data: 0.006 (0.007)
Train: 25 [1800/2502 ( 72%)]  Loss:  6.493570 (6.2049)  Time: 0.370s, 1383.20/s  (0.373s, 1372.60/s)  ETA: 06:17:40  Done: 2026-06-04 21:00:17  LR: 1.050e-04  Data: 0.008 (0.007)
Train: 25 [1850/2502 ( 74%)]  Loss:  5.795402 (6.1941)  Time: 0.371s, 1380.77/s  (0.373s, 1372.27/s)  ETA: 06:17:27  Done: 2026-06-04 21:00:22  LR: 1.050e-04  Data: 0.007 (0.007)
Train: 25 [1900/2502 ( 76%)]  Loss:  6.346070 (6.1980)  Time: 0.369s, 1386.74/s  (0.373s, 1372.09/s)  ETA: 06:17:11  Done: 2026-06-04 21:00:25  LR: 1.050e-04  Data: 0.008 (0.007)
Train: 25 [1950/2502 ( 78%)]  Loss:  6.412567 (6.2033)  Time: 0.370s, 1383.22/s  (0.373s, 1371.49/s)  ETA: 06:17:02  Done: 2026-06-04 21:00:36  LR: 1.050e-04  Data: 0.006 (0.007)
Train: 25 [2000/2502 ( 80%)]  Loss:  6.533355 (6.2114)  Time: 0.373s, 1372.50/s  (0.373s, 1371.04/s)  ETA: 06:16:51  Done: 2026-06-04 21:00:43  LR: 1.050e-04  Data: 0.007 (0.007)
Train: 25 [2050/2502 ( 82%)]  Loss:  5.540931 (6.1954)  Time: 0.371s, 1379.17/s  (0.373s, 1371.28/s)  ETA: 06:16:28  Done: 2026-06-04 21:00:39  LR: 1.050e-04  Data: 0.008 (0.007)
Train: 25 [2100/2502 ( 84%)]  Loss:  5.988729 (6.1906)  Time: 0.373s, 1373.87/s  (0.373s, 1371.39/s)  ETA: 06:16:08  Done: 2026-06-04 21:00:37  LR: 1.050e-04  Data: 0.007 (0.007)
Train: 25 [2150/2502 ( 86%)]  Loss:  5.844217 (6.1828)  Time: 0.369s, 1386.33/s  (0.373s, 1371.71/s)  ETA: 06:15:44  Done: 2026-06-04 21:00:32  LR: 1.050e-04  Data: 0.006 (0.007)
Train: 25 [2200/2502 ( 88%)]  Loss:  5.582723 (6.1694)  Time: 0.369s, 1388.11/s  (0.373s, 1372.03/s)  ETA: 06:15:20  Done: 2026-06-04 21:00:27  LR: 1.050e-04  Data: 0.007 (0.007)
Train: 25 [2250/2502 ( 90%)]  Loss:  5.887411 (6.1633)  Time: 0.370s, 1383.30/s  (0.373s, 1372.34/s)  ETA: 06:14:56  Done: 2026-06-04 21:00:21  LR: 1.050e-04  Data: 0.007 (0.007)
Train: 25 [2300/2502 ( 92%)]  Loss:  6.555778 (6.1716)  Time: 0.370s, 1385.43/s  (0.373s, 1372.53/s)  ETA: 06:14:34  Done: 2026-06-04 21:00:18  LR: 1.050e-04  Data: 0.008 (0.007)
Train: 25 [2350/2502 ( 94%)]  Loss:  5.929042 (6.1666)  Time: 0.369s, 1386.15/s  (0.373s, 1372.64/s)  ETA: 06:14:14  Done: 2026-06-04 21:00:16  LR: 1.050e-04  Data: 0.006 (0.007)
Train: 25 [2400/2502 ( 96%)]  Loss:  6.296619 (6.1692)  Time: 0.368s, 1391.26/s  (0.373s, 1372.59/s)  ETA: 06:13:56  Done: 2026-06-04 21:00:17  LR: 1.050e-04  Data: 0.007 (0.007)
Train: 25 [2450/2502 ( 98%)]  Loss:  6.419817 (6.1743)  Time: 0.368s, 1389.75/s  (0.373s, 1372.52/s)  ETA: 06:13:39  Done: 2026-06-04 21:00:18  LR: 1.050e-04  Data: 0.006 (0.007)
epoch:  25 g['lr']:  0.000105
Train: 26 [   0/2502 (  0%)]  Loss:  6.475871 (6.4759)  Time: 1.281s,  399.74/s  (1.281s,  399.74/s)  ETA: 21:21:50  Done: 2026-06-05 12:08:48  LR: 9.903e-05  Data: 0.861 (0.861)
Train: 26 [  50/2502 (  2%)]  Loss:  5.596328 (6.0361)  Time: 0.376s, 1362.95/s  (0.388s, 1320.22/s)  ETA: 06:27:47  Done: 2026-06-04 21:15:03  LR: 9.903e-05  Data: 0.006 (0.023)
Train: 26 [ 100/2502 (  4%)]  Loss:  6.280602 (6.1176)  Time: 0.372s, 1374.94/s  (0.380s, 1348.63/s)  ETA: 06:19:18  Done: 2026-06-04 21:06:53  LR: 9.903e-05  Data: 0.007 (0.015)
Train: 26 [ 150/2502 (  6%)]  Loss:  6.254635 (6.1519)  Time: 0.369s, 1387.82/s  (0.376s, 1360.30/s)  ETA: 06:15:44  Done: 2026-06-04 21:03:37  LR: 9.903e-05  Data: 0.006 (0.012)
Train: 26 [ 200/2502 (  8%)]  Loss:  6.084312 (6.1383)  Time: 0.370s, 1385.24/s  (0.375s, 1366.41/s)  ETA: 06:13:44  Done: 2026-06-04 21:01:56  LR: 9.903e-05  Data: 0.007 (0.011)
Train: 26 [ 250/2502 ( 10%)]  Loss:  6.259817 (6.1586)  Time: 0.369s, 1386.91/s  (0.374s, 1369.98/s)  ETA: 06:12:27  Done: 2026-06-04 21:00:57  LR: 9.903e-05  Data: 0.007 (0.010)
Train: 26 [ 300/2502 ( 12%)]  Loss:  6.547565 (6.2142)  Time: 0.485s, 1054.87/s  (0.374s, 1369.65/s)  ETA: 06:12:14  Done: 2026-06-04 21:01:03  LR: 9.903e-05  Data: 0.007 (0.010)
Train: 26 [ 350/2502 ( 14%)]  Loss:  6.017110 (6.1895)  Time: 0.452s, 1133.69/s  (0.374s, 1367.47/s)  ETA: 06:12:31  Done: 2026-06-04 21:01:39  LR: 9.903e-05  Data: 0.006 (0.009)
Train: 26 [ 400/2502 ( 16%)]  Loss:  5.603403 (6.1244)  Time: 0.370s, 1383.64/s  (0.376s, 1362.74/s)  ETA: 06:13:30  Done: 2026-06-04 21:02:57  LR: 9.903e-05  Data: 0.008 (0.009)
Train: 26 [ 450/2502 ( 18%)]  Loss:  6.291312 (6.1411)  Time: 0.368s, 1389.51/s  (0.375s, 1364.87/s)  ETA: 06:12:36  Done: 2026-06-04 21:02:21  LR: 9.903e-05  Data: 0.007 (0.009)
Train: 26 [ 500/2502 ( 20%)]  Loss:  6.159177 (6.1427)  Time: 0.370s, 1384.39/s  (0.375s, 1366.69/s)  ETA: 06:11:47  Done: 2026-06-04 21:01:51  LR: 9.903e-05  Data: 0.007 (0.008)
Train: 26 [ 550/2502 ( 22%)]  Loss:  6.214901 (6.1488)  Time: 0.369s, 1386.96/s  (0.374s, 1367.57/s)  ETA: 06:11:14  Done: 2026-06-04 21:01:37  LR: 9.903e-05  Data: 0.007 (0.008)
Train: 26 [ 600/2502 ( 24%)]  Loss:  6.508035 (6.1764)  Time: 0.371s, 1380.38/s  (0.374s, 1368.65/s)  ETA: 06:10:38  Done: 2026-06-04 21:01:19  LR: 9.903e-05  Data: 0.007 (0.008)
Train: 26 [ 650/2502 ( 26%)]  Loss:  5.940089 (6.1595)  Time: 0.369s, 1386.30/s  (0.374s, 1369.19/s)  ETA: 06:10:11  Done: 2026-06-04 21:01:10  LR: 9.903e-05  Data: 0.007 (0.008)
Train: 26 [ 700/2502 ( 28%)]  Loss:  6.536644 (6.1847)  Time: 0.371s, 1381.75/s  (0.374s, 1369.39/s)  ETA: 06:09:49  Done: 2026-06-04 21:01:07  LR: 9.903e-05  Data: 0.007 (0.008)
Train: 26 [ 750/2502 ( 30%)]  Loss:  5.991567 (6.1726)  Time: 0.369s, 1388.70/s  (0.374s, 1370.34/s)  ETA: 06:09:15  Done: 2026-06-04 21:00:52  LR: 9.903e-05  Data: 0.006 (0.008)
Train: 26 [ 800/2502 ( 32%)]  Loss:  5.882077 (6.1555)  Time: 0.368s, 1389.45/s  (0.373s, 1371.33/s)  ETA: 06:08:40  Done: 2026-06-04 21:00:35  LR: 9.903e-05  Data: 0.007 (0.008)
Train: 26 [ 850/2502 ( 34%)]  Loss:  6.291660 (6.1631)  Time: 0.369s, 1388.88/s  (0.373s, 1372.10/s)  ETA: 06:08:09  Done: 2026-06-04 21:00:23  LR: 9.903e-05  Data: 0.007 (0.008)
Train: 26 [ 900/2502 ( 36%)]  Loss:  5.973180 (6.1531)  Time: 0.370s, 1383.01/s  (0.373s, 1372.85/s)  ETA: 06:07:38  Done: 2026-06-04 21:00:10  LR: 9.903e-05  Data: 0.006 (0.008)
Train: 26 [ 950/2502 ( 38%)]  Loss:  6.592486 (6.1750)  Time: 0.369s, 1386.67/s  (0.373s, 1373.05/s)  ETA: 06:07:16  Done: 2026-06-04 21:00:07  LR: 9.903e-05  Data: 0.006 (0.008)
Train: 26 [1000/2502 ( 40%)]  Loss:  6.127158 (6.1728)  Time: 0.370s, 1385.65/s  (0.373s, 1373.42/s)  ETA: 06:06:52  Done: 2026-06-04 21:00:01  LR: 9.903e-05  Data: 0.007 (0.008)
Train: 26 [1050/2502 ( 42%)]  Loss:  6.094374 (6.1692)  Time: 0.369s, 1387.09/s  (0.373s, 1373.46/s)  ETA: 06:06:32  Done: 2026-06-04 21:00:01  LR: 9.903e-05  Data: 0.007 (0.008)
Train: 26 [1100/2502 ( 44%)]  Loss:  6.106210 (6.1665)  Time: 0.370s, 1384.51/s  (0.373s, 1373.59/s)  ETA: 06:06:12  Done: 2026-06-04 20:59:59  LR: 9.903e-05  Data: 0.007 (0.008)
Train: 26 [1150/2502 ( 46%)]  Loss:  6.318475 (6.1728)  Time: 0.368s, 1389.52/s  (0.373s, 1373.80/s)  ETA: 06:05:50  Done: 2026-06-04 20:59:55  LR: 9.903e-05  Data: 0.006 (0.008)
Train: 26 [1200/2502 ( 48%)]  Loss:  6.076759 (6.1689)  Time: 0.370s, 1383.16/s  (0.373s, 1374.14/s)  ETA: 06:05:26  Done: 2026-06-04 20:59:50  LR: 9.903e-05  Data: 0.007 (0.008)
Train: 26 [1250/2502 ( 50%)]  Loss:  5.104304 (6.1280)  Time: 0.370s, 1382.68/s  (0.373s, 1374.34/s)  ETA: 06:05:04  Done: 2026-06-04 20:59:46  LR: 9.903e-05  Data: 0.007 (0.007)
Train: 26 [1300/2502 ( 52%)]  Loss:  6.522700 (6.1426)  Time: 0.369s, 1388.38/s  (0.373s, 1373.02/s)  ETA: 06:05:06  Done: 2026-06-04 21:00:08  LR: 9.903e-05  Data: 0.008 (0.007)
Train: 26 [1350/2502 ( 54%)]  Loss:  5.987014 (6.1371)  Time: 0.368s, 1389.98/s  (0.373s, 1372.40/s)  ETA: 06:04:58  Done: 2026-06-04 21:00:18  LR: 9.903e-05  Data: 0.005 (0.007)
Train: 26 [1400/2502 ( 56%)]  Loss:  5.972623 (6.1314)  Time: 0.368s, 1391.08/s  (0.373s, 1372.81/s)  ETA: 06:04:32  Done: 2026-06-04 21:00:11  LR: 9.903e-05  Data: 0.006 (0.007)
Train: 26 [1450/2502 ( 58%)]  Loss:  6.341070 (6.1384)  Time: 0.370s, 1385.37/s  (0.373s, 1372.88/s)  ETA: 06:04:13  Done: 2026-06-04 21:00:10  LR: 9.903e-05  Data: 0.007 (0.007)
Train: 26 [1500/2502 ( 60%)]  Loss:  5.902296 (6.1308)  Time: 0.370s, 1382.87/s  (0.373s, 1373.15/s)  ETA: 06:03:50  Done: 2026-06-04 21:00:06  LR: 9.903e-05  Data: 0.008 (0.007)
Train: 26 [1550/2502 ( 62%)]  Loss:  6.111012 (6.1301)  Time: 0.371s, 1380.64/s  (0.373s, 1373.42/s)  ETA: 06:03:27  Done: 2026-06-04 21:00:01  LR: 9.903e-05  Data: 0.007 (0.007)
Train: 26 [1600/2502 ( 64%)]  Loss:  6.242924 (6.1336)  Time: 0.371s, 1381.89/s  (0.373s, 1373.60/s)  ETA: 06:03:05  Done: 2026-06-04 20:59:58  LR: 9.903e-05  Data: 0.008 (0.007)
Train: 26 [1650/2502 ( 66%)]  Loss:  5.785982 (6.1233)  Time: 0.371s, 1380.83/s  (0.373s, 1373.72/s)  ETA: 06:02:45  Done: 2026-06-04 20:59:56  LR: 9.903e-05  Data: 0.008 (0.007)
Train: 26 [1700/2502 ( 68%)]  Loss:  6.216970 (6.1260)  Time: 0.370s, 1382.48/s  (0.373s, 1373.87/s)  ETA: 06:02:24  Done: 2026-06-04 20:59:54  LR: 9.903e-05  Data: 0.007 (0.007)
Train: 26 [1750/2502 ( 70%)]  Loss:  5.241877 (6.1015)  Time: 0.369s, 1386.91/s  (0.373s, 1373.99/s)  ETA: 06:02:03  Done: 2026-06-04 20:59:52  LR: 9.903e-05  Data: 0.006 (0.007)
Train: 26 [1800/2502 ( 72%)]  Loss:  6.320829 (6.1074)  Time: 0.391s, 1310.11/s  (0.373s, 1373.91/s)  ETA: 06:01:46  Done: 2026-06-04 20:59:53  LR: 9.903e-05  Data: 0.007 (0.007)
Train: 26 [1850/2502 ( 74%)]  Loss:  6.768606 (6.1248)  Time: 0.372s, 1376.06/s  (0.373s, 1374.02/s)  ETA: 06:01:25  Done: 2026-06-04 20:59:52  LR: 9.903e-05  Data: 0.007 (0.007)
Train: 26 [1900/2502 ( 76%)]  Loss:  6.283620 (6.1289)  Time: 0.371s, 1381.06/s  (0.373s, 1374.16/s)  ETA: 06:01:05  Done: 2026-06-04 20:59:49  LR: 9.903e-05  Data: 0.008 (0.007)
Train: 26 [1950/2502 ( 78%)]  Loss:  6.196423 (6.1305)  Time: 0.371s, 1378.36/s  (0.373s, 1373.96/s)  ETA: 06:00:49  Done: 2026-06-04 20:59:52  LR: 9.903e-05  Data: 0.007 (0.007)
Train: 26 [2000/2502 ( 80%)]  Loss:  6.241311 (6.1333)  Time: 0.373s, 1373.05/s  (0.373s, 1373.81/s)  ETA: 06:00:33  Done: 2026-06-04 20:59:55  LR: 9.903e-05  Data: 0.008 (0.007)
Train: 26 [2050/2502 ( 82%)]  Loss:  5.965621 (6.1293)  Time: 0.371s, 1381.21/s  (0.373s, 1373.86/s)  ETA: 06:00:13  Done: 2026-06-04 20:59:54  LR: 9.903e-05  Data: 0.007 (0.007)
Train: 26 [2100/2502 ( 84%)]  Loss:  5.859902 (6.1230)  Time: 0.386s, 1324.76/s  (0.373s, 1373.86/s)  ETA: 05:59:55  Done: 2026-06-04 20:59:54  LR: 9.903e-05  Data: 0.007 (0.007)
Train: 26 [2150/2502 ( 86%)]  Loss:  6.028053 (6.1208)  Time: 0.371s, 1381.74/s  (0.373s, 1373.87/s)  ETA: 05:59:36  Done: 2026-06-04 20:59:54  LR: 9.903e-05  Data: 0.007 (0.007)
Train: 26 [2200/2502 ( 88%)]  Loss:  6.565151 (6.1307)  Time: 0.372s, 1378.10/s  (0.373s, 1373.83/s)  ETA: 05:59:18  Done: 2026-06-04 20:59:55  LR: 9.903e-05  Data: 0.008 (0.007)
Train: 26 [2250/2502 ( 90%)]  Loss:  5.473258 (6.1164)  Time: 0.373s, 1371.61/s  (0.373s, 1372.70/s)  ETA: 05:59:17  Done: 2026-06-04 21:00:13  LR: 9.903e-05  Data: 0.006 (0.007)
Train: 26 [2300/2502 ( 92%)]  Loss:  6.317570 (6.1207)  Time: 0.376s, 1362.02/s  (0.373s, 1372.29/s)  ETA: 05:59:05  Done: 2026-06-04 21:00:20  LR: 9.903e-05  Data: 0.007 (0.007)
Train: 26 [2350/2502 ( 94%)]  Loss:  6.089536 (6.1201)  Time: 0.371s, 1381.06/s  (0.373s, 1372.38/s)  ETA: 05:58:45  Done: 2026-06-04 21:00:18  LR: 9.903e-05  Data: 0.007 (0.007)
Train: 26 [2400/2502 ( 96%)]  Loss:  6.283386 (6.1234)  Time: 0.372s, 1374.72/s  (0.373s, 1372.49/s)  ETA: 05:58:24  Done: 2026-06-04 21:00:16  LR: 9.903e-05  Data: 0.008 (0.007)
Train: 26 [2450/2502 ( 98%)]  Loss:  6.683550 (6.1346)  Time: 0.372s, 1375.63/s  (0.373s, 1372.51/s)  ETA: 05:58:05  Done: 2026-06-04 21:00:16  LR: 9.903e-05  Data: 0.007 (0.007)
epoch:  26 g['lr']:  9.903490064471523e-05
Train: 27 [   0/2502 (  0%)]  Loss:  6.291234 (6.2912)  Time: 1.325s,  386.50/s  (1.325s,  386.50/s)  ETA: 21:10:31  Done: 2026-06-05 12:13:00  LR: 9.309e-05  Data: 0.772 (0.772)
Train: 27 [  50/2502 (  2%)]  Loss:  6.605453 (6.4483)  Time: 0.370s, 1383.74/s  (0.389s, 1314.83/s)  ETA: 06:13:08  Done: 2026-06-04 21:15:56  LR: 9.309e-05  Data: 0.006 (0.021)
Train: 27 [ 100/2502 (  4%)]  Loss:  5.730885 (6.2092)  Time: 0.371s, 1380.93/s  (0.381s, 1344.20/s)  ETA: 06:04:40  Done: 2026-06-04 21:07:46  LR: 9.309e-05  Data: 0.008 (0.014)
Train: 27 [ 150/2502 (  6%)]  Loss:  6.836395 (6.3660)  Time: 0.372s, 1376.90/s  (0.378s, 1355.44/s)  ETA: 06:01:20  Done: 2026-06-04 21:04:44  LR: 9.309e-05  Data: 0.006 (0.012)
Train: 27 [ 200/2502 (  8%)]  Loss:  6.571240 (6.4070)  Time: 0.383s, 1337.91/s  (0.376s, 1360.81/s)  ETA: 05:59:35  Done: 2026-06-04 21:03:19  LR: 9.309e-05  Data: 0.007 (0.011)
Train: 27 [ 250/2502 ( 10%)]  Loss:  6.273539 (6.3848)  Time: 0.369s, 1387.29/s  (0.375s, 1364.45/s)  ETA: 05:58:19  Done: 2026-06-04 21:02:21  LR: 9.309e-05  Data: 0.007 (0.010)
Train: 27 [ 300/2502 ( 12%)]  Loss:  5.974229 (6.3261)  Time: 0.388s, 1318.18/s  (0.375s, 1364.89/s)  ETA: 05:57:53  Done: 2026-06-04 21:02:14  LR: 9.309e-05  Data: 0.008 (0.009)
Train: 27 [ 350/2502 ( 14%)]  Loss:  6.070793 (6.2942)  Time: 0.389s, 1316.27/s  (0.375s, 1365.74/s)  ETA: 05:57:21  Done: 2026-06-04 21:02:00  LR: 9.309e-05  Data: 0.006 (0.009)
Train: 27 [ 400/2502 ( 16%)]  Loss:  5.868610 (6.2469)  Time: 0.368s, 1390.83/s  (0.374s, 1367.44/s)  ETA: 05:56:36  Done: 2026-06-04 21:01:33  LR: 9.309e-05  Data: 0.007 (0.009)
Train: 27 [ 450/2502 ( 18%)]  Loss:  5.939484 (6.2162)  Time: 0.370s, 1385.13/s  (0.374s, 1369.38/s)  ETA: 05:55:47  Done: 2026-06-04 21:01:03  LR: 9.309e-05  Data: 0.006 (0.008)
Train: 27 [ 500/2502 ( 20%)]  Loss:  6.471280 (6.2394)  Time: 0.369s, 1389.32/s  (0.373s, 1370.89/s)  ETA: 05:55:05  Done: 2026-06-04 21:00:39  LR: 9.309e-05  Data: 0.008 (0.008)
Train: 27 [ 550/2502 ( 22%)]  Loss:  6.027548 (6.2217)  Time: 0.380s, 1348.52/s  (0.373s, 1372.09/s)  ETA: 05:54:27  Done: 2026-06-04 21:00:21  LR: 9.309e-05  Data: 0.006 (0.008)
Train: 27 [ 600/2502 ( 24%)]  Loss:  5.969759 (6.2023)  Time: 0.390s, 1313.49/s  (0.373s, 1372.74/s)  ETA: 05:53:59  Done: 2026-06-04 21:00:10  LR: 9.309e-05  Data: 0.006 (0.008)
Train: 27 [ 650/2502 ( 26%)]  Loss:  5.753587 (6.1703)  Time: 0.370s, 1385.26/s  (0.373s, 1372.25/s)  ETA: 05:53:48  Done: 2026-06-04 21:00:18  LR: 9.309e-05  Data: 0.007 (0.008)
Train: 27 [ 700/2502 ( 28%)]  Loss:  6.227332 (6.1741)  Time: 0.368s, 1391.40/s  (0.374s, 1369.74/s)  ETA: 05:54:08  Done: 2026-06-04 21:00:57  LR: 9.309e-05  Data: 0.008 (0.008)
Train: 27 [ 750/2502 ( 30%)]  Loss:  6.895768 (6.2192)  Time: 0.370s, 1382.43/s  (0.374s, 1368.92/s)  ETA: 05:54:02  Done: 2026-06-04 21:01:10  LR: 9.309e-05  Data: 0.007 (0.008)
Train: 27 [ 800/2502 ( 32%)]  Loss:  5.957318 (6.2038)  Time: 0.370s, 1385.29/s  (0.374s, 1369.76/s)  ETA: 05:53:30  Done: 2026-06-04 21:00:57  LR: 9.309e-05  Data: 0.008 (0.008)
Train: 27 [ 850/2502 ( 34%)]  Loss:  5.837055 (6.1834)  Time: 0.368s, 1391.77/s  (0.374s, 1370.36/s)  ETA: 05:53:02  Done: 2026-06-04 21:00:48  LR: 9.309e-05  Data: 0.006 (0.008)
Train: 27 [ 900/2502 ( 36%)]  Loss:  6.196196 (6.1841)  Time: 0.369s, 1387.69/s  (0.373s, 1371.16/s)  ETA: 05:52:31  Done: 2026-06-04 21:00:35  LR: 9.309e-05  Data: 0.008 (0.008)
Train: 27 [ 950/2502 ( 38%)]  Loss:  6.159050 (6.1828)  Time: 0.370s, 1382.61/s  (0.373s, 1371.96/s)  ETA: 05:52:00  Done: 2026-06-04 21:00:23  LR: 9.309e-05  Data: 0.006 (0.008)
Train: 27 [1000/2502 ( 40%)]  Loss:  6.191041 (6.1832)  Time: 0.369s, 1385.73/s  (0.373s, 1372.31/s)  ETA: 05:51:36  Done: 2026-06-04 21:00:17  LR: 9.309e-05  Data: 0.006 (0.008)
Train: 27 [1050/2502 ( 42%)]  Loss:  6.079419 (6.1785)  Time: 0.370s, 1384.80/s  (0.373s, 1372.68/s)  ETA: 05:51:12  Done: 2026-06-04 21:00:11  LR: 9.309e-05  Data: 0.007 (0.008)
Train: 27 [1100/2502 ( 44%)]  Loss:  6.347719 (6.1859)  Time: 0.375s, 1365.28/s  (0.373s, 1372.31/s)  ETA: 05:50:59  Done: 2026-06-04 21:00:17  LR: 9.309e-05  Data: 0.007 (0.008)
Train: 27 [1150/2502 ( 46%)]  Loss:  6.252990 (6.1887)  Time: 0.369s, 1386.18/s  (0.373s, 1371.82/s)  ETA: 05:50:48  Done: 2026-06-04 21:00:25  LR: 9.309e-05  Data: 0.006 (0.007)
Train: 27 [1200/2502 ( 48%)]  Loss:  6.253912 (6.1913)  Time: 0.369s, 1388.18/s  (0.373s, 1372.10/s)  ETA: 05:50:25  Done: 2026-06-04 21:00:20  LR: 9.309e-05  Data: 0.007 (0.007)
Train: 27 [1250/2502 ( 50%)]  Loss:  5.854145 (6.1783)  Time: 0.370s, 1382.31/s  (0.373s, 1372.56/s)  ETA: 05:49:59  Done: 2026-06-04 21:00:13  LR: 9.309e-05  Data: 0.007 (0.007)
Train: 27 [1300/2502 ( 52%)]  Loss:  5.966668 (6.1705)  Time: 0.371s, 1381.70/s  (0.373s, 1373.00/s)  ETA: 05:49:34  Done: 2026-06-04 21:00:06  LR: 9.309e-05  Data: 0.008 (0.007)
Train: 27 [1350/2502 ( 54%)]  Loss:  5.950411 (6.1626)  Time: 0.370s, 1384.45/s  (0.373s, 1373.40/s)  ETA: 05:49:09  Done: 2026-06-04 21:00:00  LR: 9.309e-05  Data: 0.006 (0.007)
Train: 27 [1400/2502 ( 56%)]  Loss:  6.263663 (6.1661)  Time: 0.370s, 1382.98/s  (0.373s, 1373.54/s)  ETA: 05:48:48  Done: 2026-06-04 20:59:58  LR: 9.309e-05  Data: 0.007 (0.007)
Train: 27 [1450/2502 ( 58%)]  Loss:  5.858904 (6.1559)  Time: 0.369s, 1386.23/s  (0.373s, 1373.76/s)  ETA: 05:48:26  Done: 2026-06-04 20:59:54  LR: 9.309e-05  Data: 0.006 (0.007)
Train: 27 [1500/2502 ( 60%)]  Loss:  6.274574 (6.1597)  Time: 0.369s, 1388.98/s  (0.373s, 1373.93/s)  ETA: 05:48:05  Done: 2026-06-04 20:59:52  LR: 9.309e-05  Data: 0.008 (0.007)
Train: 27 [1550/2502 ( 62%)]  Loss:  5.712976 (6.1457)  Time: 0.369s, 1387.78/s  (0.373s, 1374.33/s)  ETA: 05:47:40  Done: 2026-06-04 20:59:46  LR: 9.309e-05  Data: 0.006 (0.007)
Train: 27 [1600/2502 ( 64%)]  Loss:  6.068254 (6.1434)  Time: 0.375s, 1365.14/s  (0.373s, 1373.94/s)  ETA: 05:47:27  Done: 2026-06-04 20:59:52  LR: 9.309e-05  Data: 0.007 (0.007)
Train: 27 [1650/2502 ( 66%)]  Loss:  6.408725 (6.1512)  Time: 0.368s, 1391.46/s  (0.373s, 1372.80/s)  ETA: 05:47:26  Done: 2026-06-04 21:00:09  LR: 9.309e-05  Data: 0.006 (0.007)
Train: 27 [1700/2502 ( 68%)]  Loss:  6.515258 (6.1616)  Time: 0.367s, 1393.65/s  (0.373s, 1372.73/s)  ETA: 05:47:09  Done: 2026-06-04 21:00:10  LR: 9.309e-05  Data: 0.008 (0.007)
Train: 27 [1750/2502 ( 70%)]  Loss:  6.209249 (6.1629)  Time: 0.369s, 1389.13/s  (0.373s, 1373.13/s)  ETA: 05:46:44  Done: 2026-06-04 21:00:04  LR: 9.309e-05  Data: 0.006 (0.007)
Train: 27 [1800/2502 ( 72%)]  Loss:  6.103418 (6.1613)  Time: 0.369s, 1388.63/s  (0.373s, 1373.13/s)  ETA: 05:46:25  Done: 2026-06-04 21:00:04  LR: 9.309e-05  Data: 0.006 (0.007)
Train: 27 [1850/2502 ( 74%)]  Loss:  6.123069 (6.1603)  Time: 0.373s, 1374.42/s  (0.373s, 1373.09/s)  ETA: 05:46:07  Done: 2026-06-04 21:00:05  LR: 9.309e-05  Data: 0.006 (0.007)
Train: 27 [1900/2502 ( 76%)]  Loss:  6.423596 (6.1670)  Time: 0.367s, 1393.29/s  (0.373s, 1373.16/s)  ETA: 05:45:48  Done: 2026-06-04 21:00:04  LR: 9.309e-05  Data: 0.008 (0.007)
Train: 27 [1950/2502 ( 78%)]  Loss:  6.653227 (6.1792)  Time: 0.370s, 1385.20/s  (0.373s, 1373.41/s)  ETA: 05:45:25  Done: 2026-06-04 21:00:00  LR: 9.309e-05  Data: 0.006 (0.007)
Train: 27 [2000/2502 ( 80%)]  Loss:  6.223763 (6.1803)  Time: 0.369s, 1386.04/s  (0.373s, 1373.59/s)  ETA: 05:45:04  Done: 2026-06-04 20:59:57  LR: 9.309e-05  Data: 0.007 (0.007)
Train: 27 [2050/2502 ( 82%)]  Loss:  5.866968 (6.1728)  Time: 0.369s, 1388.22/s  (0.373s, 1373.77/s)  ETA: 05:44:42  Done: 2026-06-04 20:59:54  LR: 9.309e-05  Data: 0.007 (0.007)
Train: 27 [2100/2502 ( 84%)]  Loss:  5.900504 (6.1665)  Time: 0.369s, 1388.22/s  (0.373s, 1374.02/s)  ETA: 05:44:20  Done: 2026-06-04 20:59:50  LR: 9.309e-05  Data: 0.007 (0.007)
Train: 27 [2150/2502 ( 86%)]  Loss:  5.951481 (6.1616)  Time: 0.369s, 1388.14/s  (0.373s, 1374.27/s)  ETA: 05:43:58  Done: 2026-06-04 20:59:46  LR: 9.309e-05  Data: 0.006 (0.007)
Train: 27 [2200/2502 ( 88%)]  Loss:  6.145683 (6.1613)  Time: 0.369s, 1387.16/s  (0.372s, 1374.58/s)  ETA: 05:43:34  Done: 2026-06-04 20:59:42  LR: 9.309e-05  Data: 0.007 (0.007)
Train: 27 [2250/2502 ( 90%)]  Loss:  6.279981 (6.1638)  Time: 0.369s, 1387.05/s  (0.372s, 1374.77/s)  ETA: 05:43:13  Done: 2026-06-04 20:59:39  LR: 9.309e-05  Data: 0.005 (0.007)
Train: 27 [2300/2502 ( 92%)]  Loss:  6.332748 (6.1674)  Time: 0.370s, 1382.57/s  (0.372s, 1374.99/s)  ETA: 05:42:51  Done: 2026-06-04 20:59:35  LR: 9.309e-05  Data: 0.007 (0.007)
Train: 27 [2350/2502 ( 94%)]  Loss:  6.383224 (6.1719)  Time: 0.369s, 1386.16/s  (0.372s, 1375.17/s)  ETA: 05:42:30  Done: 2026-06-04 20:59:32  LR: 9.309e-05  Data: 0.006 (0.007)
Train: 27 [2400/2502 ( 96%)]  Loss:  6.158432 (6.1716)  Time: 0.371s, 1381.34/s  (0.372s, 1375.25/s)  ETA: 05:42:10  Done: 2026-06-04 20:59:31  LR: 9.309e-05  Data: 0.007 (0.007)
Train: 27 [2450/2502 ( 98%)]  Loss:  6.141650 (6.1710)  Time: 0.369s, 1388.37/s  (0.372s, 1375.25/s)  ETA: 05:41:51  Done: 2026-06-04 20:59:31  LR: 9.309e-05  Data: 0.006 (0.007)
epoch:  27 g['lr']:  9.309334281139112e-05
Train: 28 [   0/2502 (  0%)]  Loss:  5.432529 (5.4325)  Time: 1.230s,  416.20/s  (1.230s,  416.20/s)  ETA: 18:48:32  Done: 2026-06-05 10:06:30  LR: 8.720e-05  Data: 0.585 (0.585)
Train: 28 [  50/2502 (  2%)]  Loss:  5.894405 (5.6635)  Time: 0.369s, 1386.33/s  (0.393s, 1301.66/s)  ETA: 06:00:31  Done: 2026-06-04 21:18:47  LR: 8.720e-05  Data: 0.006 (0.018)
Train: 28 [ 100/2502 (  4%)]  Loss:  5.931642 (5.7529)  Time: 0.370s, 1383.30/s  (0.389s, 1317.56/s)  ETA: 05:55:50  Done: 2026-06-04 21:14:26  LR: 8.720e-05  Data: 0.008 (0.012)
Train: 28 [ 150/2502 (  6%)]  Loss:  5.411219 (5.6674)  Time: 0.372s, 1376.08/s  (0.385s, 1330.93/s)  ETA: 05:51:57  Done: 2026-06-04 21:10:51  LR: 8.720e-05  Data: 0.007 (0.010)
Train: 28 [ 200/2502 (  8%)]  Loss:  6.468374 (5.8276)  Time: 0.369s, 1386.55/s  (0.382s, 1341.71/s)  ETA: 05:48:48  Done: 2026-06-04 21:08:01  LR: 8.720e-05  Data: 0.007 (0.009)
Train: 28 [ 250/2502 ( 10%)]  Loss:  5.752053 (5.8150)  Time: 0.370s, 1382.40/s  (0.379s, 1350.06/s)  ETA: 05:46:19  Done: 2026-06-04 21:05:51  LR: 8.720e-05  Data: 0.006 (0.009)
Train: 28 [ 300/2502 ( 12%)]  Loss:  6.115004 (5.8579)  Time: 0.371s, 1378.85/s  (0.378s, 1355.12/s)  ETA: 05:44:43  Done: 2026-06-04 21:04:33  LR: 8.720e-05  Data: 0.008 (0.009)
Train: 28 [ 350/2502 ( 14%)]  Loss:  6.298232 (5.9129)  Time: 0.370s, 1384.64/s  (0.377s, 1358.88/s)  ETA: 05:43:27  Done: 2026-06-04 21:03:36  LR: 8.720e-05  Data: 0.006 (0.008)
Train: 28 [ 400/2502 ( 16%)]  Loss:  6.336035 (5.9599)  Time: 0.370s, 1385.28/s  (0.376s, 1360.39/s)  ETA: 05:42:45  Done: 2026-06-04 21:03:13  LR: 8.720e-05  Data: 0.008 (0.008)
Train: 28 [ 450/2502 ( 18%)]  Loss:  6.761004 (6.0400)  Time: 0.386s, 1326.51/s  (0.376s, 1361.45/s)  ETA: 05:42:10  Done: 2026-06-04 21:02:57  LR: 8.720e-05  Data: 0.006 (0.008)
Train: 28 [ 500/2502 ( 20%)]  Loss:  5.839849 (6.0218)  Time: 0.370s, 1384.44/s  (0.376s, 1361.44/s)  ETA: 05:41:52  Done: 2026-06-04 21:02:57  LR: 8.720e-05  Data: 0.008 (0.008)
Train: 28 [ 550/2502 ( 22%)]  Loss:  6.144690 (6.0321)  Time: 0.372s, 1376.08/s  (0.376s, 1362.67/s)  ETA: 05:41:14  Done: 2026-06-04 21:02:38  LR: 8.720e-05  Data: 0.006 (0.008)
Train: 28 [ 600/2502 ( 24%)]  Loss:  5.928195 (6.0241)  Time: 0.370s, 1382.89/s  (0.375s, 1364.07/s)  ETA: 05:40:35  Done: 2026-06-04 21:02:17  LR: 8.720e-05  Data: 0.007 (0.008)
Train: 28 [ 650/2502 ( 26%)]  Loss:  5.809339 (6.0088)  Time: 0.370s, 1382.54/s  (0.375s, 1365.52/s)  ETA: 05:39:54  Done: 2026-06-04 21:01:55  LR: 8.720e-05  Data: 0.006 (0.008)
Train: 28 [ 700/2502 ( 28%)]  Loss:  6.401072 (6.0349)  Time: 0.370s, 1382.28/s  (0.375s, 1366.70/s)  ETA: 05:39:18  Done: 2026-06-04 21:01:37  LR: 8.720e-05  Data: 0.008 (0.008)
Train: 28 [ 750/2502 ( 30%)]  Loss:  5.427221 (5.9969)  Time: 0.371s, 1379.54/s  (0.374s, 1367.59/s)  ETA: 05:38:46  Done: 2026-06-04 21:01:24  LR: 8.720e-05  Data: 0.006 (0.008)
Train: 28 [ 800/2502 ( 32%)]  Loss:  6.057623 (6.0005)  Time: 0.370s, 1384.36/s  (0.374s, 1368.26/s)  ETA: 05:38:17  Done: 2026-06-04 21:01:14  LR: 8.720e-05  Data: 0.008 (0.007)
Train: 28 [ 850/2502 ( 34%)]  Loss:  5.335115 (5.9635)  Time: 0.372s, 1376.77/s  (0.374s, 1369.09/s)  ETA: 05:37:46  Done: 2026-06-04 21:01:01  LR: 8.720e-05  Data: 0.006 (0.007)
Train: 28 [ 900/2502 ( 36%)]  Loss:  6.498681 (5.9917)  Time: 0.371s, 1380.67/s  (0.374s, 1369.67/s)  ETA: 05:37:19  Done: 2026-06-04 21:00:53  LR: 8.720e-05  Data: 0.008 (0.007)
Train: 28 [ 950/2502 ( 38%)]  Loss:  6.499822 (6.0171)  Time: 0.370s, 1381.98/s  (0.374s, 1370.31/s)  ETA: 05:36:51  Done: 2026-06-04 21:00:43  LR: 8.720e-05  Data: 0.006 (0.007)
Train: 28 [1000/2502 ( 40%)]  Loss:  6.160433 (6.0239)  Time: 0.369s, 1385.76/s  (0.374s, 1369.94/s)  ETA: 05:36:37  Done: 2026-06-04 21:00:48  LR: 8.720e-05  Data: 0.007 (0.007)
Train: 28 [1050/2502 ( 42%)]  Loss:  6.182627 (6.0311)  Time: 0.372s, 1377.00/s  (0.374s, 1368.90/s)  ETA: 05:36:34  Done: 2026-06-04 21:01:04  LR: 8.720e-05  Data: 0.006 (0.007)
Train: 28 [1100/2502 ( 44%)]  Loss:  6.115066 (6.0348)  Time: 0.371s, 1379.25/s  (0.374s, 1368.13/s)  ETA: 05:36:27  Done: 2026-06-04 21:01:16  LR: 8.720e-05  Data: 0.008 (0.007)
Train: 28 [1150/2502 ( 46%)]  Loss:  5.870038 (6.0279)  Time: 0.370s, 1384.10/s  (0.374s, 1368.55/s)  ETA: 05:36:02  Done: 2026-06-04 21:01:09  LR: 8.720e-05  Data: 0.006 (0.007)
Train: 28 [1200/2502 ( 48%)]  Loss:  6.575177 (6.0498)  Time: 0.369s, 1386.75/s  (0.374s, 1369.18/s)  ETA: 05:35:34  Done: 2026-06-04 21:01:00  LR: 8.720e-05  Data: 0.007 (0.007)
Train: 28 [1250/2502 ( 50%)]  Loss:  5.956164 (6.0462)  Time: 0.370s, 1383.50/s  (0.374s, 1369.77/s)  ETA: 05:35:07  Done: 2026-06-04 21:00:51  LR: 8.720e-05  Data: 0.006 (0.007)
Train: 28 [1300/2502 ( 52%)]  Loss:  6.264899 (6.0543)  Time: 0.369s, 1386.99/s  (0.374s, 1370.30/s)  ETA: 05:34:40  Done: 2026-06-04 21:00:43  LR: 8.720e-05  Data: 0.008 (0.007)
Train: 28 [1350/2502 ( 54%)]  Loss:  6.257384 (6.0616)  Time: 0.370s, 1381.98/s  (0.374s, 1370.68/s)  ETA: 05:34:16  Done: 2026-06-04 21:00:37  LR: 8.720e-05  Data: 0.006 (0.007)
Train: 28 [1400/2502 ( 56%)]  Loss:  5.741652 (6.0505)  Time: 0.370s, 1382.44/s  (0.373s, 1371.08/s)  ETA: 05:33:51  Done: 2026-06-04 21:00:31  LR: 8.720e-05  Data: 0.007 (0.007)
Train: 28 [1450/2502 ( 58%)]  Loss:  5.810213 (6.0425)  Time: 0.373s, 1374.45/s  (0.373s, 1371.51/s)  ETA: 05:33:26  Done: 2026-06-04 21:00:25  LR: 8.720e-05  Data: 0.006 (0.007)
Train: 28 [1500/2502 ( 60%)]  Loss:  5.593844 (6.0281)  Time: 0.372s, 1377.32/s  (0.373s, 1371.86/s)  ETA: 05:33:03  Done: 2026-06-04 21:00:20  LR: 8.720e-05  Data: 0.008 (0.007)
Train: 28 [1550/2502 ( 62%)]  Loss:  6.242268 (6.0347)  Time: 0.370s, 1384.83/s  (0.373s, 1372.14/s)  ETA: 05:32:40  Done: 2026-06-04 21:00:16  LR: 8.720e-05  Data: 0.006 (0.007)
Train: 28 [1600/2502 ( 64%)]  Loss:  6.089553 (6.0364)  Time: 0.370s, 1382.50/s  (0.373s, 1372.50/s)  ETA: 05:32:16  Done: 2026-06-04 21:00:10  LR: 8.720e-05  Data: 0.007 (0.007)
Train: 28 [1650/2502 ( 66%)]  Loss:  6.411519 (6.0474)  Time: 0.390s, 1311.42/s  (0.373s, 1372.63/s)  ETA: 05:31:55  Done: 2026-06-04 21:00:08  LR: 8.720e-05  Data: 0.006 (0.007)
Train: 28 [1700/2502 ( 68%)]  Loss:  5.812219 (6.0407)  Time: 0.370s, 1384.46/s  (0.373s, 1372.87/s)  ETA: 05:31:33  Done: 2026-06-04 21:00:05  LR: 8.720e-05  Data: 0.009 (0.007)
Train: 28 [1750/2502 ( 70%)]  Loss:  6.453172 (6.0522)  Time: 0.372s, 1377.54/s  (0.373s, 1373.10/s)  ETA: 05:31:11  Done: 2026-06-04 21:00:01  LR: 8.720e-05  Data: 0.006 (0.007)
Train: 28 [1800/2502 ( 72%)]  Loss:  6.407774 (6.0618)  Time: 0.369s, 1387.84/s  (0.373s, 1373.35/s)  ETA: 05:30:49  Done: 2026-06-04 20:59:57  LR: 8.720e-05  Data: 0.007 (0.007)
Train: 28 [1850/2502 ( 74%)]  Loss:  5.615836 (6.0501)  Time: 0.370s, 1383.34/s  (0.373s, 1373.62/s)  ETA: 05:30:27  Done: 2026-06-04 20:59:53  LR: 8.720e-05  Data: 0.006 (0.007)
Train: 28 [1900/2502 ( 76%)]  Loss:  6.496902 (6.0615)  Time: 0.370s, 1383.64/s  (0.373s, 1373.61/s)  ETA: 05:30:08  Done: 2026-06-04 20:59:53  LR: 8.720e-05  Data: 0.008 (0.007)
Train: 28 [1950/2502 ( 78%)]  Loss:  5.838033 (6.0559)  Time: 0.370s, 1384.11/s  (0.373s, 1373.60/s)  ETA: 05:29:50  Done: 2026-06-04 20:59:54  LR: 8.720e-05  Data: 0.006 (0.007)
Train: 28 [2000/2502 ( 80%)]  Loss:  6.203615 (6.0595)  Time: 0.368s, 1389.75/s  (0.373s, 1373.42/s)  ETA: 05:29:33  Done: 2026-06-04 20:59:56  LR: 8.720e-05  Data: 0.007 (0.007)
Train: 28 [2050/2502 ( 82%)]  Loss:  6.029702 (6.0588)  Time: 0.372s, 1375.01/s  (0.373s, 1372.77/s)  ETA: 05:29:24  Done: 2026-06-04 21:00:06  LR: 8.720e-05  Data: 0.006 (0.007)
Train: 28 [2100/2502 ( 84%)]  Loss:  6.549526 (6.0702)  Time: 0.370s, 1382.62/s  (0.373s, 1373.00/s)  ETA: 05:29:02  Done: 2026-06-04 21:00:03  LR: 8.720e-05  Data: 0.008 (0.007)
Train: 28 [2150/2502 ( 86%)]  Loss:  6.690584 (6.0843)  Time: 0.371s, 1378.27/s  (0.373s, 1373.21/s)  ETA: 05:28:41  Done: 2026-06-04 20:59:59  LR: 8.720e-05  Data: 0.006 (0.007)
Train: 28 [2200/2502 ( 88%)]  Loss:  5.424009 (6.0697)  Time: 0.370s, 1384.69/s  (0.373s, 1373.41/s)  ETA: 05:28:19  Done: 2026-06-04 20:59:56  LR: 8.720e-05  Data: 0.007 (0.007)
Train: 28 [2250/2502 ( 90%)]  Loss:  5.909570 (6.0662)  Time: 0.371s, 1379.01/s  (0.373s, 1373.61/s)  ETA: 05:27:58  Done: 2026-06-04 20:59:53  LR: 8.720e-05  Data: 0.006 (0.007)
Train: 28 [2300/2502 ( 92%)]  Loss:  6.131543 (6.0676)  Time: 0.370s, 1382.60/s  (0.373s, 1373.83/s)  ETA: 05:27:36  Done: 2026-06-04 20:59:50  LR: 8.720e-05  Data: 0.008 (0.007)
Train: 28 [2350/2502 ( 94%)]  Loss:  5.851772 (6.0631)  Time: 0.371s, 1381.27/s  (0.373s, 1374.04/s)  ETA: 05:27:14  Done: 2026-06-04 20:59:47  LR: 8.720e-05  Data: 0.005 (0.007)
Train: 28 [2400/2502 ( 96%)]  Loss:  6.148180 (6.0648)  Time: 0.369s, 1388.86/s  (0.373s, 1374.04/s)  ETA: 05:26:55  Done: 2026-06-04 20:59:47  LR: 8.720e-05  Data: 0.006 (0.007)
Train: 28 [2450/2502 ( 98%)]  Loss:  6.470469 (6.0729)  Time: 0.370s, 1383.16/s  (0.373s, 1374.17/s)  ETA: 05:26:35  Done: 2026-06-04 20:59:45  LR: 8.720e-05  Data: 0.006 (0.007)
epoch:  28 g['lr']:  8.719877511435616e-05
Train: 29 [   0/2502 (  0%)]  Loss:  6.112283 (6.1123)  Time: 1.234s,  415.02/s  (1.234s,  415.02/s)  ETA: 18:00:18  Done: 2026-06-05 09:33:46  LR: 8.137e-05  Data: 0.592 (0.592)
Train: 29 [  50/2502 (  2%)]  Loss:  6.112415 (6.1123)  Time: 0.371s, 1380.01/s  (0.387s, 1321.40/s)  ETA: 05:38:58  Done: 2026-06-04 21:12:45  LR: 8.137e-05  Data: 0.006 (0.018)
Train: 29 [ 100/2502 (  4%)]  Loss:  6.167662 (6.1308)  Time: 0.370s, 1384.57/s  (0.379s, 1350.86/s)  ETA: 05:31:16  Done: 2026-06-04 21:05:21  LR: 8.137e-05  Data: 0.008 (0.013)
Train: 29 [ 150/2502 (  6%)]  Loss:  6.071420 (6.1159)  Time: 0.369s, 1386.26/s  (0.376s, 1360.07/s)  ETA: 05:28:42  Done: 2026-06-04 21:03:06  LR: 8.137e-05  Data: 0.006 (0.011)
Train: 29 [ 200/2502 (  8%)]  Loss:  6.068871 (6.1065)  Time: 0.370s, 1384.65/s  (0.375s, 1363.84/s)  ETA: 05:27:29  Done: 2026-06-04 21:02:11  LR: 8.137e-05  Data: 0.007 (0.010)
Train: 29 [ 250/2502 ( 10%)]  Loss:  5.810820 (6.0572)  Time: 0.373s, 1374.20/s  (0.375s, 1366.28/s)  ETA: 05:26:35  Done: 2026-06-04 21:01:36  LR: 8.137e-05  Data: 0.006 (0.009)
Train: 29 [ 300/2502 ( 12%)]  Loss:  5.937547 (6.0401)  Time: 0.374s, 1369.44/s  (0.375s, 1365.95/s)  ETA: 05:26:21  Done: 2026-06-04 21:01:41  LR: 8.137e-05  Data: 0.008 (0.009)
Train: 29 [ 350/2502 ( 14%)]  Loss:  6.011306 (6.0365)  Time: 0.369s, 1389.00/s  (0.375s, 1365.54/s)  ETA: 05:26:08  Done: 2026-06-04 21:01:47  LR: 8.137e-05  Data: 0.007 (0.009)
Train: 29 [ 400/2502 ( 16%)]  Loss:  6.414137 (6.0785)  Time: 0.368s, 1390.23/s  (0.375s, 1366.91/s)  ETA: 05:25:30  Done: 2026-06-04 21:01:27  LR: 8.137e-05  Data: 0.007 (0.008)
Train: 29 [ 450/2502 ( 18%)]  Loss:  6.109839 (6.0816)  Time: 0.371s, 1380.88/s  (0.375s, 1364.40/s)  ETA: 05:25:47  Done: 2026-06-04 21:02:03  LR: 8.137e-05  Data: 0.007 (0.008)
Train: 29 [ 500/2502 ( 20%)]  Loss:  5.971863 (6.0717)  Time: 0.374s, 1368.95/s  (0.376s, 1362.55/s)  ETA: 05:25:55  Done: 2026-06-04 21:02:30  LR: 8.137e-05  Data: 0.008 (0.008)
Train: 29 [ 550/2502 ( 22%)]  Loss:  6.692435 (6.1234)  Time: 0.369s, 1385.84/s  (0.376s, 1362.87/s)  ETA: 05:25:31  Done: 2026-06-04 21:02:25  LR: 8.137e-05  Data: 0.007 (0.008)
Train: 29 [ 600/2502 ( 24%)]  Loss:  6.110202 (6.1224)  Time: 0.369s, 1388.93/s  (0.375s, 1364.16/s)  ETA: 05:24:54  Done: 2026-06-04 21:02:07  LR: 8.137e-05  Data: 0.007 (0.008)
Train: 29 [ 650/2502 ( 26%)]  Loss:  6.364770 (6.1397)  Time: 0.370s, 1382.48/s  (0.375s, 1364.62/s)  ETA: 05:24:29  Done: 2026-06-04 21:02:00  LR: 8.137e-05  Data: 0.006 (0.008)
Train: 29 [ 700/2502 ( 28%)]  Loss:  5.880134 (6.1224)  Time: 0.371s, 1381.86/s  (0.375s, 1366.00/s)  ETA: 05:23:50  Done: 2026-06-04 21:01:40  LR: 8.137e-05  Data: 0.009 (0.008)
Train: 29 [ 750/2502 ( 30%)]  Loss:  4.959349 (6.0497)  Time: 0.371s, 1381.75/s  (0.375s, 1367.15/s)  ETA: 05:23:15  Done: 2026-06-04 21:01:23  LR: 8.137e-05  Data: 0.007 (0.008)
Train: 29 [ 800/2502 ( 32%)]  Loss:  5.447226 (6.0143)  Time: 0.369s, 1388.81/s  (0.374s, 1367.85/s)  ETA: 05:22:47  Done: 2026-06-04 21:01:13  LR: 8.137e-05  Data: 0.007 (0.008)
Train: 29 [ 850/2502 ( 34%)]  Loss:  5.688418 (5.9961)  Time: 0.371s, 1380.11/s  (0.374s, 1368.59/s)  ETA: 05:22:17  Done: 2026-06-04 21:01:03  LR: 8.137e-05  Data: 0.006 (0.008)
Train: 29 [ 900/2502 ( 36%)]  Loss:  6.471495 (6.0212)  Time: 0.370s, 1382.50/s  (0.374s, 1369.36/s)  ETA: 05:21:48  Done: 2026-06-04 21:00:52  LR: 8.137e-05  Data: 0.008 (0.007)
Train: 29 [ 950/2502 ( 38%)]  Loss:  6.180089 (6.0291)  Time: 0.370s, 1384.25/s  (0.374s, 1370.17/s)  ETA: 05:21:18  Done: 2026-06-04 21:00:40  LR: 8.137e-05  Data: 0.007 (0.007)
Train: 29 [1000/2502 ( 40%)]  Loss:  5.452665 (6.0017)  Time: 0.368s, 1389.91/s  (0.373s, 1370.97/s)  ETA: 05:20:48  Done: 2026-06-04 21:00:29  LR: 8.137e-05  Data: 0.007 (0.007)
Train: 29 [1050/2502 ( 42%)]  Loss:  6.277518 (6.0142)  Time: 0.372s, 1376.16/s  (0.373s, 1371.18/s)  ETA: 05:20:26  Done: 2026-06-04 21:00:26  LR: 8.137e-05  Data: 0.006 (0.007)
Train: 29 [1100/2502 ( 44%)]  Loss:  5.933599 (6.0107)  Time: 0.373s, 1374.25/s  (0.373s, 1371.38/s)  ETA: 05:20:05  Done: 2026-06-04 21:00:23  LR: 8.137e-05  Data: 0.008 (0.007)
Train: 29 [1150/2502 ( 46%)]  Loss:  6.283337 (6.0221)  Time: 0.373s, 1372.72/s  (0.373s, 1371.33/s)  ETA: 05:19:47  Done: 2026-06-04 21:00:24  LR: 8.137e-05  Data: 0.007 (0.007)
Train: 29 [1200/2502 ( 48%)]  Loss:  6.063393 (6.0237)  Time: 0.374s, 1369.91/s  (0.373s, 1370.86/s)  ETA: 05:19:35  Done: 2026-06-04 21:00:30  LR: 8.137e-05  Data: 0.007 (0.007)
Train: 29 [1250/2502 ( 50%)]  Loss:  6.209239 (6.0308)  Time: 0.387s, 1322.74/s  (0.374s, 1370.39/s)  ETA: 05:19:23  Done: 2026-06-04 21:00:37  LR: 8.137e-05  Data: 0.006 (0.007)
Train: 29 [1300/2502 ( 52%)]  Loss:  5.707048 (6.0189)  Time: 0.373s, 1370.95/s  (0.374s, 1370.34/s)  ETA: 05:19:05  Done: 2026-06-04 21:00:38  LR: 8.137e-05  Data: 0.008 (0.007)
Train: 29 [1350/2502 ( 54%)]  Loss:  6.312667 (6.0293)  Time: 0.549s,  932.15/s  (0.374s, 1369.22/s)  ETA: 05:19:02  Done: 2026-06-04 21:00:54  LR: 8.137e-05  Data: 0.007 (0.007)
Train: 29 [1400/2502 ( 56%)]  Loss:  5.981990 (6.0277)  Time: 0.373s, 1371.47/s  (0.374s, 1368.35/s)  ETA: 05:18:55  Done: 2026-06-04 21:01:06  LR: 8.137e-05  Data: 0.006 (0.007)
Train: 29 [1450/2502 ( 58%)]  Loss:  5.628253 (6.0144)  Time: 0.376s, 1362.40/s  (0.374s, 1367.33/s)  ETA: 05:18:51  Done: 2026-06-04 21:01:21  LR: 8.137e-05  Data: 0.005 (0.007)
Train: 29 [1500/2502 ( 60%)]  Loss:  5.749395 (6.0059)  Time: 0.373s, 1371.40/s  (0.375s, 1366.94/s)  ETA: 05:18:37  Done: 2026-06-04 21:01:26  LR: 8.137e-05  Data: 0.008 (0.007)
Train: 29 [1550/2502 ( 62%)]  Loss:  5.959454 (6.0044)  Time: 0.371s, 1380.57/s  (0.375s, 1366.99/s)  ETA: 05:18:18  Done: 2026-06-04 21:01:26  LR: 8.137e-05  Data: 0.007 (0.007)
Train: 29 [1600/2502 ( 64%)]  Loss:  6.385746 (6.0160)  Time: 0.371s, 1378.30/s  (0.375s, 1367.10/s)  ETA: 05:17:58  Done: 2026-06-04 21:01:24  LR: 8.137e-05  Data: 0.007 (0.007)
Train: 29 [1650/2502 ( 66%)]  Loss:  6.235786 (6.0224)  Time: 0.373s, 1371.86/s  (0.375s, 1367.14/s)  ETA: 05:17:38  Done: 2026-06-04 21:01:24  LR: 8.137e-05  Data: 0.006 (0.007)
Train: 29 [1700/2502 ( 68%)]  Loss:  6.408210 (6.0334)  Time: 0.370s, 1381.96/s  (0.374s, 1367.40/s)  ETA: 05:17:16  Done: 2026-06-04 21:01:20  LR: 8.137e-05  Data: 0.008 (0.007)
Train: 29 [1750/2502 ( 70%)]  Loss:  5.819041 (6.0275)  Time: 0.370s, 1385.05/s  (0.374s, 1367.86/s)  ETA: 05:16:51  Done: 2026-06-04 21:01:13  LR: 8.137e-05  Data: 0.006 (0.007)
Train: 29 [1800/2502 ( 72%)]  Loss:  6.003279 (6.0268)  Time: 0.369s, 1387.74/s  (0.374s, 1367.82/s)  ETA: 05:16:33  Done: 2026-06-04 21:01:14  LR: 8.137e-05  Data: 0.007 (0.007)
Train: 29 [1850/2502 ( 74%)]  Loss:  6.505695 (6.0394)  Time: 0.369s, 1387.63/s  (0.374s, 1368.04/s)  ETA: 05:16:11  Done: 2026-06-04 21:01:11  LR: 8.137e-05  Data: 0.006 (0.007)
Train: 29 [1900/2502 ( 76%)]  Loss:  6.201823 (6.0436)  Time: 0.369s, 1387.68/s  (0.374s, 1368.22/s)  ETA: 05:15:50  Done: 2026-06-04 21:01:08  LR: 8.137e-05  Data: 0.008 (0.007)
Train: 29 [1950/2502 ( 78%)]  Loss:  5.968475 (6.0417)  Time: 0.372s, 1377.73/s  (0.374s, 1368.46/s)  ETA: 05:15:28  Done: 2026-06-04 21:01:05  LR: 8.137e-05  Data: 0.006 (0.007)
Train: 29 [2000/2502 ( 80%)]  Loss:  5.838792 (6.0368)  Time: 0.384s, 1333.60/s  (0.374s, 1368.67/s)  ETA: 05:15:06  Done: 2026-06-04 21:01:02  LR: 8.137e-05  Data: 0.007 (0.007)
Train: 29 [2050/2502 ( 82%)]  Loss:  5.764991 (6.0303)  Time: 0.369s, 1386.31/s  (0.374s, 1368.93/s)  ETA: 05:14:44  Done: 2026-06-04 21:00:58  LR: 8.137e-05  Data: 0.005 (0.007)
Train: 29 [2100/2502 ( 84%)]  Loss:  6.495676 (6.0411)  Time: 0.387s, 1323.86/s  (0.374s, 1369.01/s)  ETA: 05:14:24  Done: 2026-06-04 21:00:57  LR: 8.137e-05  Data: 0.007 (0.007)
Train: 29 [2150/2502 ( 86%)]  Loss:  5.651076 (6.0323)  Time: 0.369s, 1386.51/s  (0.374s, 1369.33/s)  ETA: 05:14:01  Done: 2026-06-04 21:00:52  LR: 8.137e-05  Data: 0.006 (0.007)
Train: 29 [2200/2502 ( 88%)]  Loss:  5.627411 (6.0233)  Time: 0.369s, 1386.02/s  (0.374s, 1369.68/s)  ETA: 05:13:37  Done: 2026-06-04 21:00:47  LR: 8.137e-05  Data: 0.007 (0.007)
Train: 29 [2250/2502 ( 90%)]  Loss:  6.156194 (6.0262)  Time: 0.463s, 1105.76/s  (0.374s, 1369.71/s)  ETA: 05:13:18  Done: 2026-06-04 21:00:47  LR: 8.137e-05  Data: 0.006 (0.007)
Train: 29 [2300/2502 ( 92%)]  Loss:  5.898252 (6.0234)  Time: 0.370s, 1384.54/s  (0.374s, 1369.60/s)  ETA: 05:13:01  Done: 2026-06-04 21:00:48  LR: 8.137e-05  Data: 0.008 (0.007)
Train: 29 [2350/2502 ( 94%)]  Loss:  5.774254 (6.0182)  Time: 0.370s, 1382.61/s  (0.374s, 1369.45/s)  ETA: 05:12:45  Done: 2026-06-04 21:00:50  LR: 8.137e-05  Data: 0.006 (0.007)
Train: 29 [2400/2502 ( 96%)]  Loss:  6.258699 (6.0231)  Time: 0.371s, 1380.42/s  (0.374s, 1369.05/s)  ETA: 05:12:31  Done: 2026-06-04 21:00:56  LR: 8.137e-05  Data: 0.007 (0.007)
Train: 29 [2450/2502 ( 98%)]  Loss:  6.155361 (6.0258)  Time: 0.370s, 1382.23/s  (0.374s, 1369.07/s)  ETA: 05:12:12  Done: 2026-06-04 21:00:56  LR: 8.137e-05  Data: 0.006 (0.007)
epoch:  29 g['lr']:  8.137446071933879e-05
Current checkpoints:
 ('/mlx_devbox/users/quyanyi/playground/QATs/outputs/ofq_unified_50ep_directverify_v2/swin_t_w4a4_imagenet1k_8gpu_50ep_directverify_v2/checkpoint-29.pth.tar', None)

Train: 30 [   0/2502 (  0%)]  Loss:  5.459153 (5.4592)  Time: 0.821s,  623.36/s  (0.821s,  623.36/s)  ETA: 11:24:59  Done: 2026-06-05 03:14:01  LR: 7.564e-05  Data: 0.459 (0.459)
Train: 30 [  50/2502 (  2%)]  Loss:  5.682908 (5.5710)  Time: 0.369s, 1387.25/s  (0.379s, 1351.61/s)  ETA: 05:15:36  Done: 2026-06-04 21:04:56  LR: 7.564e-05  Data: 0.006 (0.015)
Train: 30 [ 100/2502 (  4%)]  Loss:  6.317276 (5.8198)  Time: 0.368s, 1389.45/s  (0.375s, 1364.31/s)  ETA: 05:12:21  Done: 2026-06-04 21:02:00  LR: 7.564e-05  Data: 0.007 (0.011)
Train: 30 [ 150/2502 (  6%)]  Loss:  5.779390 (5.8097)  Time: 0.370s, 1383.65/s  (0.374s, 1370.81/s)  ETA: 05:10:33  Done: 2026-06-04 21:00:31  LR: 7.564e-05  Data: 0.007 (0.010)
Train: 30 [ 200/2502 (  8%)]  Loss:  6.297832 (5.9073)  Time: 0.371s, 1378.51/s  (0.373s, 1374.38/s)  ETA: 05:09:26  Done: 2026-06-04 20:59:42  LR: 7.564e-05  Data: 0.006 (0.009)
Train: 30 [ 250/2502 ( 10%)]  Loss:  5.394278 (5.8218)  Time: 0.370s, 1383.23/s  (0.372s, 1375.85/s)  ETA: 05:08:48  Done: 2026-06-04 20:59:22  LR: 7.564e-05  Data: 0.006 (0.009)
Train: 30 [ 300/2502 ( 12%)]  Loss:  5.936515 (5.8382)  Time: 0.369s, 1388.80/s  (0.372s, 1377.31/s)  ETA: 05:08:09  Done: 2026-06-04 20:59:02  LR: 7.564e-05  Data: 0.007 (0.008)
Train: 30 [ 350/2502 ( 14%)]  Loss:  5.747078 (5.8268)  Time: 0.369s, 1388.94/s  (0.372s, 1377.23/s)  ETA: 05:07:52  Done: 2026-06-04 20:59:03  LR: 7.564e-05  Data: 0.007 (0.008)
Train: 30 [ 400/2502 ( 16%)]  Loss:  5.807483 (5.8247)  Time: 0.369s, 1389.07/s  (0.372s, 1377.91/s)  ETA: 05:07:24  Done: 2026-06-04 20:58:54  LR: 7.564e-05  Data: 0.006 (0.008)
Train: 30 [ 450/2502 ( 18%)]  Loss:  6.403085 (5.8825)  Time: 0.369s, 1388.55/s  (0.371s, 1378.65/s)  ETA: 05:06:56  Done: 2026-06-04 20:58:44  LR: 7.564e-05  Data: 0.007 (0.008)
Train: 30 [ 500/2502 ( 20%)]  Loss:  6.025991 (5.8955)  Time: 0.369s, 1386.24/s  (0.371s, 1379.19/s)  ETA: 05:06:30  Done: 2026-06-04 20:58:37  LR: 7.564e-05  Data: 0.007 (0.008)
Train: 30 [ 550/2502 ( 22%)]  Loss:  6.341685 (5.9327)  Time: 0.369s, 1388.15/s  (0.371s, 1378.64/s)  ETA: 05:06:19  Done: 2026-06-04 20:58:44  LR: 7.564e-05  Data: 0.007 (0.008)
Train: 30 [ 600/2502 ( 24%)]  Loss:  6.266639 (5.9584)  Time: 0.369s, 1388.92/s  (0.372s, 1377.79/s)  ETA: 05:06:12  Done: 2026-06-04 20:58:56  LR: 7.564e-05  Data: 0.006 (0.008)
Train: 30 [ 650/2502 ( 26%)]  Loss:  5.986969 (5.9604)  Time: 0.372s, 1377.92/s  (0.372s, 1377.62/s)  ETA: 05:05:55  Done: 2026-06-04 20:58:58  LR: 7.564e-05  Data: 0.006 (0.007)
Train: 30 [ 700/2502 ( 28%)]  Loss:  5.658151 (5.9403)  Time: 0.368s, 1389.90/s  (0.372s, 1378.05/s)  ETA: 05:05:31  Done: 2026-06-04 20:58:52  LR: 7.564e-05  Data: 0.008 (0.007)
Train: 30 [ 750/2502 ( 30%)]  Loss:  5.980414 (5.9428)  Time: 0.565s,  906.64/s  (0.372s, 1375.09/s)  ETA: 05:05:52  Done: 2026-06-04 20:59:32  LR: 7.564e-05  Data: 0.007 (0.007)
Train: 30 [ 800/2502 ( 32%)]  Loss:  6.267738 (5.9619)  Time: 0.369s, 1386.74/s  (0.372s, 1375.27/s)  ETA: 05:05:31  Done: 2026-06-04 20:59:30  LR: 7.564e-05  Data: 0.007 (0.007)
Train: 30 [ 850/2502 ( 34%)]  Loss:  6.015225 (5.9649)  Time: 0.370s, 1384.02/s  (0.373s, 1374.37/s)  ETA: 05:05:24  Done: 2026-06-04 20:59:42  LR: 7.564e-05  Data: 0.006 (0.007)
Train: 30 [ 900/2502 ( 36%)]  Loss:  6.008286 (5.9672)  Time: 0.369s, 1387.86/s  (0.373s, 1374.44/s)  ETA: 05:05:05  Done: 2026-06-04 20:59:41  LR: 7.564e-05  Data: 0.008 (0.007)
Train: 30 [ 950/2502 ( 38%)]  Loss:  6.448274 (5.9912)  Time: 0.368s, 1391.96/s  (0.372s, 1374.65/s)  ETA: 05:04:43  Done: 2026-06-04 20:59:38  LR: 7.564e-05  Data: 0.005 (0.007)
Train: 30 [1000/2502 ( 40%)]  Loss:  6.146639 (5.9986)  Time: 0.369s, 1388.62/s  (0.373s, 1374.40/s)  ETA: 05:04:28  Done: 2026-06-04 20:59:42  LR: 7.564e-05  Data: 0.006 (0.007)
Train: 30 [1050/2502 ( 42%)]  Loss:  6.244792 (6.0098)  Time: 0.369s, 1386.76/s  (0.372s, 1374.61/s)  ETA: 05:04:06  Done: 2026-06-04 20:59:39  LR: 7.564e-05  Data: 0.006 (0.007)
Train: 30 [1100/2502 ( 44%)]  Loss:  6.281602 (6.0216)  Time: 0.370s, 1384.35/s  (0.372s, 1375.03/s)  ETA: 05:03:42  Done: 2026-06-04 20:59:33  LR: 7.564e-05  Data: 0.007 (0.007)
Train: 30 [1150/2502 ( 46%)]  Loss:  5.606501 (6.0043)  Time: 0.368s, 1390.16/s  (0.372s, 1375.53/s)  ETA: 05:03:17  Done: 2026-06-04 20:59:27  LR: 7.564e-05  Data: 0.006 (0.007)
Train: 30 [1200/2502 ( 48%)]  Loss:  5.734948 (5.9936)  Time: 0.372s, 1376.19/s  (0.372s, 1375.74/s)  ETA: 05:02:56  Done: 2026-06-04 20:59:24  LR: 7.564e-05  Data: 0.007 (0.007)
Train: 30 [1250/2502 ( 50%)]  Loss:  6.374858 (6.0082)  Time: 0.370s, 1383.97/s  (0.372s, 1376.13/s)  ETA: 05:02:32  Done: 2026-06-04 20:59:18  LR: 7.564e-05  Data: 0.006 (0.007)
Train: 30 [1300/2502 ( 52%)]  Loss:  5.922985 (6.0051)  Time: 0.371s, 1380.38/s  (0.372s, 1376.38/s)  ETA: 05:02:10  Done: 2026-06-04 20:59:15  LR: 7.564e-05  Data: 0.007 (0.007)
Train: 30 [1350/2502 ( 54%)]  Loss:  5.897663 (6.0012)  Time: 0.372s, 1377.61/s  (0.372s, 1376.73/s)  ETA: 05:01:47  Done: 2026-06-04 20:59:10  LR: 7.564e-05  Data: 0.007 (0.007)
Train: 30 [1400/2502 ( 56%)]  Loss:  6.270915 (6.0105)  Time: 0.369s, 1388.30/s  (0.372s, 1376.98/s)  ETA: 05:01:25  Done: 2026-06-04 20:59:07  LR: 7.564e-05  Data: 0.007 (0.007)
Train: 30 [1450/2502 ( 58%)]  Loss:  5.873588 (6.0060)  Time: 0.370s, 1385.59/s  (0.372s, 1377.14/s)  ETA: 05:01:04  Done: 2026-06-04 20:59:05  LR: 7.564e-05  Data: 0.006 (0.007)
Train: 30 [1500/2502 ( 60%)]  Loss:  6.161550 (6.0110)  Time: 0.370s, 1384.50/s  (0.372s, 1377.29/s)  ETA: 05:00:44  Done: 2026-06-04 20:59:03  LR: 7.564e-05  Data: 0.008 (0.007)
Train: 30 [1550/2502 ( 62%)]  Loss:  5.765691 (6.0033)  Time: 0.369s, 1388.69/s  (0.372s, 1377.51/s)  ETA: 05:00:22  Done: 2026-06-04 20:59:00  LR: 7.564e-05  Data: 0.007 (0.007)
Train: 30 [1600/2502 ( 64%)]  Loss:  5.946921 (6.0016)  Time: 0.369s, 1385.94/s  (0.372s, 1377.55/s)  ETA: 05:00:03  Done: 2026-06-04 20:58:59  LR: 7.564e-05  Data: 0.006 (0.007)
Train: 30 [1650/2502 ( 66%)]  Loss:  6.098780 (6.0045)  Time: 0.369s, 1386.05/s  (0.372s, 1377.45/s)  ETA: 04:59:46  Done: 2026-06-04 20:59:01  LR: 7.564e-05  Data: 0.006 (0.007)
Train: 30 [1700/2502 ( 68%)]  Loss:  6.314692 (6.0133)  Time: 0.370s, 1385.00/s  (0.372s, 1376.69/s)  ETA: 04:59:37  Done: 2026-06-04 20:59:11  LR: 7.564e-05  Data: 0.007 (0.007)
Train: 30 [1750/2502 ( 70%)]  Loss:  5.708146 (6.0049)  Time: 0.369s, 1385.97/s  (0.372s, 1376.37/s)  ETA: 04:59:23  Done: 2026-06-04 20:59:15  LR: 7.564e-05  Data: 0.006 (0.007)
Train: 30 [1800/2502 ( 72%)]  Loss:  6.347778 (6.0141)  Time: 0.368s, 1390.38/s  (0.372s, 1376.12/s)  ETA: 04:59:07  Done: 2026-06-04 20:59:19  LR: 7.564e-05  Data: 0.007 (0.007)
Train: 30 [1850/2502 ( 74%)]  Loss:  6.627122 (6.0303)  Time: 0.370s, 1383.77/s  (0.372s, 1375.96/s)  ETA: 04:58:51  Done: 2026-06-04 20:59:21  LR: 7.564e-05  Data: 0.006 (0.007)
Train: 30 [1900/2502 ( 76%)]  Loss:  5.842885 (6.0254)  Time: 0.388s, 1318.34/s  (0.372s, 1376.07/s)  ETA: 04:58:31  Done: 2026-06-04 20:59:19  LR: 7.564e-05  Data: 0.008 (0.007)
Train: 30 [1950/2502 ( 78%)]  Loss:  6.455524 (6.0362)  Time: 0.372s, 1376.09/s  (0.372s, 1376.03/s)  ETA: 04:58:13  Done: 2026-06-04 20:59:20  LR: 7.564e-05  Data: 0.007 (0.007)
Train: 30 [2000/2502 ( 80%)]  Loss:  6.564156 (6.0491)  Time: 0.371s, 1380.84/s  (0.372s, 1376.23/s)  ETA: 04:57:51  Done: 2026-06-04 20:59:17  LR: 7.564e-05  Data: 0.006 (0.007)
Train: 30 [2050/2502 ( 82%)]  Loss:  5.854670 (6.0444)  Time: 0.370s, 1382.54/s  (0.372s, 1376.40/s)  ETA: 04:57:31  Done: 2026-06-04 20:59:15  LR: 7.564e-05  Data: 0.006 (0.007)
Train: 30 [2100/2502 ( 84%)]  Loss:  6.278520 (6.0499)  Time: 0.369s, 1386.47/s  (0.372s, 1376.67/s)  ETA: 04:57:09  Done: 2026-06-04 20:59:11  LR: 7.564e-05  Data: 0.008 (0.007)
Train: 30 [2150/2502 ( 86%)]  Loss:  6.115604 (6.0514)  Time: 0.376s, 1362.64/s  (0.372s, 1376.60/s)  ETA: 04:56:51  Done: 2026-06-04 20:59:12  LR: 7.564e-05  Data: 0.008 (0.007)
Train: 30 [2200/2502 ( 88%)]  Loss:  6.298056 (6.0569)  Time: 0.374s, 1367.69/s  (0.372s, 1376.36/s)  ETA: 04:56:35  Done: 2026-06-04 20:59:15  LR: 7.564e-05  Data: 0.007 (0.007)
Train: 30 [2250/2502 ( 90%)]  Loss:  6.087084 (6.0575)  Time: 0.376s, 1360.60/s  (0.372s, 1376.10/s)  ETA: 04:56:20  Done: 2026-06-04 20:59:19  LR: 7.564e-05  Data: 0.007 (0.007)
Train: 30 [2300/2502 ( 92%)]  Loss:  5.759430 (6.0512)  Time: 0.369s, 1388.34/s  (0.372s, 1376.15/s)  ETA: 04:56:01  Done: 2026-06-04 20:59:18  LR: 7.564e-05  Data: 0.008 (0.007)
Train: 30 [2350/2502 ( 94%)]  Loss:  6.101561 (6.0522)  Time: 0.370s, 1385.00/s  (0.372s, 1376.29/s)  ETA: 04:55:40  Done: 2026-06-04 20:59:16  LR: 7.564e-05  Data: 0.007 (0.007)
Train: 30 [2400/2502 ( 96%)]  Loss:  6.134026 (6.0539)  Time: 0.369s, 1385.95/s  (0.372s, 1376.45/s)  ETA: 04:55:20  Done: 2026-06-04 20:59:14  LR: 7.564e-05  Data: 0.007 (0.007)
Train: 30 [2450/2502 ( 98%)]  Loss:  6.250468 (6.0578)  Time: 0.370s, 1382.96/s  (0.372s, 1376.59/s)  ETA: 04:54:59  Done: 2026-06-04 20:59:12  LR: 7.564e-05  Data: 0.006 (0.007)
epoch:  30 g['lr']:  7.564338553438002e-05
Train: 31 [   0/2502 (  0%)]  Loss:  6.298803 (6.2988)  Time: 1.146s,  446.96/s  (1.146s,  446.96/s)  ETA: 15:07:34  Done: 2026-06-05 07:12:05  LR: 7.003e-05  Data: 0.588 (0.588)
Train: 31 [  50/2502 (  2%)]  Loss:  5.576530 (5.9377)  Time: 0.374s, 1369.68/s  (0.389s, 1314.64/s)  ETA: 05:08:14  Done: 2026-06-04 21:13:03  LR: 7.003e-05  Data: 0.006 (0.018)
Train: 31 [ 100/2502 (  4%)]  Loss:  5.743295 (5.8729)  Time: 0.463s, 1105.99/s  (0.383s, 1335.63/s)  ETA: 05:03:04  Done: 2026-06-04 21:08:12  LR: 7.003e-05  Data: 0.007 (0.012)
Train: 31 [ 150/2502 (  6%)]  Loss:  5.631129 (5.8124)  Time: 0.372s, 1374.65/s  (0.382s, 1341.74/s)  ETA: 05:01:22  Done: 2026-06-04 21:06:49  LR: 7.003e-05  Data: 0.007 (0.011)
Train: 31 [ 200/2502 (  8%)]  Loss:  5.613282 (5.7726)  Time: 0.375s, 1365.74/s  (0.382s, 1338.82/s)  ETA: 05:01:42  Done: 2026-06-04 21:07:29  LR: 7.003e-05  Data: 0.006 (0.010)
Train: 31 [ 250/2502 ( 10%)]  Loss:  5.722681 (5.7643)  Time: 0.373s, 1372.56/s  (0.381s, 1344.24/s)  ETA: 05:00:10  Done: 2026-06-04 21:06:16  LR: 7.003e-05  Data: 0.006 (0.009)
Train: 31 [ 300/2502 ( 12%)]  Loss:  5.993932 (5.7971)  Time: 0.376s, 1361.51/s  (0.380s, 1346.38/s)  ETA: 04:59:23  Done: 2026-06-04 21:05:47  LR: 7.003e-05  Data: 0.008 (0.009)
Train: 31 [ 350/2502 ( 14%)]  Loss:  5.981990 (5.8202)  Time: 0.377s, 1359.64/s  (0.379s, 1349.21/s)  ETA: 04:58:26  Done: 2026-06-04 21:05:09  LR: 7.003e-05  Data: 0.006 (0.008)
Train: 31 [ 400/2502 ( 16%)]  Loss:  6.552912 (5.9016)  Time: 0.374s, 1369.44/s  (0.379s, 1351.22/s)  ETA: 04:57:41  Done: 2026-06-04 21:04:42  LR: 7.003e-05  Data: 0.007 (0.008)
Train: 31 [ 450/2502 ( 18%)]  Loss:  5.721591 (5.8836)  Time: 0.372s, 1376.60/s  (0.378s, 1353.76/s)  ETA: 04:56:48  Done: 2026-06-04 21:04:08  LR: 7.003e-05  Data: 0.006 (0.008)
Train: 31 [ 500/2502 ( 20%)]  Loss:  5.941712 (5.8889)  Time: 0.385s, 1328.65/s  (0.378s, 1354.66/s)  ETA: 04:56:17  Done: 2026-06-04 21:03:56  LR: 7.003e-05  Data: 0.008 (0.008)
Train: 31 [ 550/2502 ( 22%)]  Loss:  6.042847 (5.9017)  Time: 0.376s, 1362.06/s  (0.378s, 1354.94/s)  ETA: 04:55:55  Done: 2026-06-04 21:03:53  LR: 7.003e-05  Data: 0.007 (0.008)
Train: 31 [ 600/2502 ( 24%)]  Loss:  5.371608 (5.8609)  Time: 0.396s, 1294.56/s  (0.378s, 1355.74/s)  ETA: 04:55:25  Done: 2026-06-04 21:03:42  LR: 7.003e-05  Data: 0.007 (0.008)
Train: 31 [ 650/2502 ( 26%)]  Loss:  5.733356 (5.8518)  Time: 0.373s, 1373.86/s  (0.377s, 1356.32/s)  ETA: 04:54:59  Done: 2026-06-04 21:03:34  LR: 7.003e-05  Data: 0.007 (0.008)
Train: 31 [ 700/2502 ( 28%)]  Loss:  6.116179 (5.8695)  Time: 0.386s, 1327.48/s  (0.377s, 1356.78/s)  ETA: 04:54:34  Done: 2026-06-04 21:03:28  LR: 7.003e-05  Data: 0.008 (0.008)
Train: 31 [ 750/2502 ( 30%)]  Loss:  5.469985 (5.8445)  Time: 0.368s, 1390.51/s  (0.377s, 1358.07/s)  ETA: 04:53:58  Done: 2026-06-04 21:03:11  LR: 7.003e-05  Data: 0.007 (0.008)
Train: 31 [ 800/2502 ( 32%)]  Loss:  6.375286 (5.8757)  Time: 0.368s, 1390.64/s  (0.377s, 1359.20/s)  ETA: 04:53:25  Done: 2026-06-04 21:02:56  LR: 7.003e-05  Data: 0.006 (0.008)
Train: 31 [ 850/2502 ( 34%)]  Loss:  5.814605 (5.8723)  Time: 0.369s, 1387.82/s  (0.376s, 1360.24/s)  ETA: 04:52:53  Done: 2026-06-04 21:02:43  LR: 7.003e-05  Data: 0.006 (0.007)
Train: 31 [ 900/2502 ( 36%)]  Loss:  6.191143 (5.8891)  Time: 0.373s, 1373.75/s  (0.376s, 1361.11/s)  ETA: 04:52:23  Done: 2026-06-04 21:02:31  LR: 7.003e-05  Data: 0.008 (0.007)
Train: 31 [ 950/2502 ( 38%)]  Loss:  6.153745 (5.9023)  Time: 0.369s, 1389.08/s  (0.376s, 1361.86/s)  ETA: 04:51:54  Done: 2026-06-04 21:02:21  LR: 7.003e-05  Data: 0.007 (0.007)
Train: 31 [1000/2502 ( 40%)]  Loss:  5.762656 (5.8957)  Time: 0.368s, 1389.85/s  (0.376s, 1363.05/s)  ETA: 04:51:20  Done: 2026-06-04 21:02:06  LR: 7.003e-05  Data: 0.006 (0.007)
Train: 31 [1050/2502 ( 42%)]  Loss:  5.611081 (5.8827)  Time: 0.369s, 1387.99/s  (0.375s, 1364.08/s)  ETA: 04:50:48  Done: 2026-06-04 21:01:52  LR: 7.003e-05  Data: 0.007 (0.007)
Train: 31 [1100/2502 ( 44%)]  Loss:  6.372193 (5.9040)  Time: 0.370s, 1384.26/s  (0.375s, 1364.39/s)  ETA: 04:50:25  Done: 2026-06-04 21:01:48  LR: 7.003e-05  Data: 0.007 (0.007)
Train: 31 [1150/2502 ( 46%)]  Loss:  5.908579 (5.9042)  Time: 0.371s, 1381.57/s  (0.375s, 1363.74/s)  ETA: 04:50:15  Done: 2026-06-04 21:01:57  LR: 7.003e-05  Data: 0.007 (0.007)
Train: 31 [1200/2502 ( 48%)]  Loss:  6.394315 (5.9238)  Time: 0.370s, 1385.34/s  (0.375s, 1364.23/s)  ETA: 04:49:50  Done: 2026-06-04 21:01:50  LR: 7.003e-05  Data: 0.007 (0.007)
Train: 31 [1250/2502 ( 50%)]  Loss:  6.002364 (5.9268)  Time: 0.369s, 1387.90/s  (0.375s, 1364.88/s)  ETA: 04:49:23  Done: 2026-06-04 21:01:42  LR: 7.003e-05  Data: 0.006 (0.007)
Train: 31 [1300/2502 ( 52%)]  Loss:  5.607878 (5.9150)  Time: 0.368s, 1389.86/s  (0.375s, 1365.70/s)  ETA: 04:48:54  Done: 2026-06-04 21:01:31  LR: 7.003e-05  Data: 0.007 (0.007)
Train: 31 [1350/2502 ( 54%)]  Loss:  5.871469 (5.9135)  Time: 0.371s, 1381.44/s  (0.375s, 1366.48/s)  ETA: 04:48:25  Done: 2026-06-04 21:01:21  LR: 7.003e-05  Data: 0.007 (0.007)
Train: 31 [1400/2502 ( 56%)]  Loss:  5.724058 (5.9069)  Time: 0.368s, 1390.83/s  (0.375s, 1366.75/s)  ETA: 04:48:03  Done: 2026-06-04 21:01:18  LR: 7.003e-05  Data: 0.007 (0.007)
Train: 31 [1450/2502 ( 58%)]  Loss:  5.926476 (5.9076)  Time: 0.370s, 1383.11/s  (0.375s, 1367.04/s)  ETA: 04:47:41  Done: 2026-06-04 21:01:14  LR: 7.003e-05  Data: 0.006 (0.007)
Train: 31 [1500/2502 ( 60%)]  Loss:  6.101965 (5.9139)  Time: 0.369s, 1387.96/s  (0.374s, 1367.67/s)  ETA: 04:47:14  Done: 2026-06-04 21:01:06  LR: 7.003e-05  Data: 0.007 (0.007)
Train: 31 [1550/2502 ( 62%)]  Loss:  5.868178 (5.9124)  Time: 0.369s, 1387.40/s  (0.374s, 1368.06/s)  ETA: 04:46:50  Done: 2026-06-04 21:01:01  LR: 7.003e-05  Data: 0.007 (0.007)
Train: 31 [1600/2502 ( 64%)]  Loss:  5.688915 (5.9057)  Time: 0.370s, 1382.84/s  (0.374s, 1368.65/s)  ETA: 04:46:24  Done: 2026-06-04 21:00:53  LR: 7.003e-05  Data: 0.006 (0.007)
Train: 31 [1650/2502 ( 66%)]  Loss:  5.792808 (5.9023)  Time: 0.368s, 1390.72/s  (0.374s, 1369.26/s)  ETA: 04:45:58  Done: 2026-06-04 21:00:45  LR: 7.003e-05  Data: 0.007 (0.007)
Train: 31 [1700/2502 ( 68%)]  Loss:  5.640688 (5.8949)  Time: 0.377s, 1357.00/s  (0.374s, 1369.74/s)  ETA: 04:45:33  Done: 2026-06-04 21:00:39  LR: 7.003e-05  Data: 0.008 (0.007)
Train: 31 [1750/2502 ( 70%)]  Loss:  5.729740 (5.8903)  Time: 0.368s, 1389.97/s  (0.374s, 1370.05/s)  ETA: 04:45:10  Done: 2026-06-04 21:00:35  LR: 7.003e-05  Data: 0.007 (0.007)
Train: 31 [1800/2502 ( 72%)]  Loss:  6.242641 (5.8998)  Time: 0.369s, 1388.48/s  (0.374s, 1370.49/s)  ETA: 04:44:46  Done: 2026-06-04 21:00:29  LR: 7.003e-05  Data: 0.006 (0.007)
Train: 31 [1850/2502 ( 74%)]  Loss:  6.256624 (5.9092)  Time: 0.369s, 1386.81/s  (0.373s, 1370.96/s)  ETA: 04:44:22  Done: 2026-06-04 21:00:23  LR: 7.003e-05  Data: 0.006 (0.007)
Train: 31 [1900/2502 ( 76%)]  Loss:  5.515268 (5.8991)  Time: 0.369s, 1387.48/s  (0.373s, 1371.40/s)  ETA: 04:43:58  Done: 2026-06-04 21:00:17  LR: 7.003e-05  Data: 0.008 (0.007)
Train: 31 [1950/2502 ( 78%)]  Loss:  5.989532 (5.9014)  Time: 0.370s, 1383.78/s  (0.373s, 1371.73/s)  ETA: 04:43:35  Done: 2026-06-04 21:00:13  LR: 7.003e-05  Data: 0.006 (0.007)
Train: 31 [2000/2502 ( 80%)]  Loss:  5.785329 (5.8985)  Time: 0.371s, 1380.05/s  (0.373s, 1371.60/s)  ETA: 04:43:18  Done: 2026-06-04 21:00:15  LR: 7.003e-05  Data: 0.006 (0.007)
Train: 31 [2050/2502 ( 82%)]  Loss:  6.333913 (5.9089)  Time: 0.390s, 1314.12/s  (0.373s, 1371.43/s)  ETA: 04:43:01  Done: 2026-06-04 21:00:17  LR: 7.003e-05  Data: 0.007 (0.007)
Train: 31 [2100/2502 ( 84%)]  Loss:  5.710330 (5.9043)  Time: 0.369s, 1388.74/s  (0.373s, 1371.11/s)  ETA: 04:42:47  Done: 2026-06-04 21:00:21  LR: 7.003e-05  Data: 0.008 (0.007)
Train: 31 [2150/2502 ( 86%)]  Loss:  6.449195 (5.9167)  Time: 0.369s, 1388.98/s  (0.373s, 1371.30/s)  ETA: 04:42:26  Done: 2026-06-04 21:00:18  LR: 7.003e-05  Data: 0.007 (0.007)
Train: 31 [2200/2502 ( 88%)]  Loss:  5.558762 (5.9087)  Time: 0.368s, 1390.04/s  (0.373s, 1371.44/s)  ETA: 04:42:05  Done: 2026-06-04 21:00:17  LR: 7.003e-05  Data: 0.007 (0.007)
Train: 31 [2250/2502 ( 90%)]  Loss:  5.579215 (5.9015)  Time: 0.369s, 1387.63/s  (0.373s, 1371.76/s)  ETA: 04:41:43  Done: 2026-06-04 21:00:13  LR: 7.003e-05  Data: 0.006 (0.007)
Train: 31 [2300/2502 ( 92%)]  Loss:  6.132741 (5.9065)  Time: 0.371s, 1379.55/s  (0.373s, 1371.82/s)  ETA: 04:41:23  Done: 2026-06-04 21:00:12  LR: 7.003e-05  Data: 0.008 (0.007)
Train: 31 [2350/2502 ( 94%)]  Loss:  6.050489 (5.9095)  Time: 0.368s, 1391.40/s  (0.373s, 1371.98/s)  ETA: 04:41:03  Done: 2026-06-04 21:00:10  LR: 7.003e-05  Data: 0.007 (0.007)
Train: 31 [2400/2502 ( 96%)]  Loss:  5.514517 (5.9014)  Time: 0.368s, 1390.66/s  (0.373s, 1372.23/s)  ETA: 04:40:41  Done: 2026-06-04 21:00:07  LR: 7.003e-05  Data: 0.007 (0.007)
Train: 31 [2450/2502 ( 98%)]  Loss:  6.205199 (5.9075)  Time: 0.368s, 1390.15/s  (0.373s, 1372.51/s)  ETA: 04:40:19  Done: 2026-06-04 21:00:03  LR: 7.003e-05  Data: 0.006 (0.007)
epoch:  31 g['lr']:  7.002816749495562e-05
Train: 32 [   0/2502 (  0%)]  Loss:  5.854853 (5.8549)  Time: 1.160s,  441.36/s  (1.160s,  441.36/s)  ETA: 14:30:42  Done: 2026-06-05 06:50:44  LR: 6.455e-05  Data: 0.611 (0.611)
Train: 32 [  50/2502 (  2%)]  Loss:  5.739455 (5.7972)  Time: 0.370s, 1382.55/s  (0.385s, 1328.96/s)  ETA: 04:48:51  Done: 2026-06-04 21:09:11  LR: 6.455e-05  Data: 0.006 (0.018)
Train: 32 [ 100/2502 (  4%)]  Loss:  6.391235 (5.9952)  Time: 0.369s, 1387.93/s  (0.378s, 1353.53/s)  ETA: 04:43:17  Done: 2026-06-04 21:03:56  LR: 6.455e-05  Data: 0.008 (0.013)
Train: 32 [ 150/2502 (  6%)]  Loss:  6.273898 (6.0649)  Time: 0.369s, 1387.75/s  (0.375s, 1363.92/s)  ETA: 04:40:49  Done: 2026-06-04 21:01:46  LR: 6.455e-05  Data: 0.007 (0.011)
Train: 32 [ 200/2502 (  8%)]  Loss:  6.221143 (6.0961)  Time: 0.369s, 1386.85/s  (0.374s, 1369.65/s)  ETA: 04:39:20  Done: 2026-06-04 21:00:36  LR: 6.455e-05  Data: 0.006 (0.010)
Train: 32 [ 250/2502 ( 10%)]  Loss:  5.703122 (6.0306)  Time: 0.369s, 1385.95/s  (0.373s, 1372.86/s)  ETA: 04:38:22  Done: 2026-06-04 20:59:56  LR: 6.455e-05  Data: 0.006 (0.009)
Train: 32 [ 300/2502 ( 12%)]  Loss:  5.397297 (5.9401)  Time: 0.370s, 1383.56/s  (0.373s, 1374.19/s)  ETA: 04:37:47  Done: 2026-06-04 20:59:40  LR: 6.455e-05  Data: 0.007 (0.009)
Train: 32 [ 350/2502 ( 14%)]  Loss:  5.833590 (5.9268)  Time: 0.369s, 1386.20/s  (0.372s, 1375.76/s)  ETA: 04:37:09  Done: 2026-06-04 20:59:21  LR: 6.455e-05  Data: 0.008 (0.008)
Train: 32 [ 400/2502 ( 16%)]  Loss:  5.663405 (5.8976)  Time: 0.370s, 1382.18/s  (0.372s, 1377.10/s)  ETA: 04:36:35  Done: 2026-06-04 20:59:05  LR: 6.455e-05  Data: 0.007 (0.008)
Train: 32 [ 450/2502 ( 18%)]  Loss:  5.803368 (5.8881)  Time: 0.369s, 1388.95/s  (0.372s, 1377.05/s)  ETA: 04:36:17  Done: 2026-06-04 20:59:05  LR: 6.455e-05  Data: 0.007 (0.008)
Train: 32 [ 500/2502 ( 20%)]  Loss:  6.002023 (5.8985)  Time: 0.490s, 1045.02/s  (0.372s, 1375.62/s)  ETA: 04:36:15  Done: 2026-06-04 20:59:23  LR: 6.455e-05  Data: 0.008 (0.008)
Train: 32 [ 550/2502 ( 22%)]  Loss:  5.971959 (5.9046)  Time: 0.368s, 1389.57/s  (0.373s, 1374.20/s)  ETA: 04:36:14  Done: 2026-06-04 20:59:40  LR: 6.455e-05  Data: 0.006 (0.008)
Train: 32 [ 600/2502 ( 24%)]  Loss:  6.182081 (5.9260)  Time: 0.368s, 1391.56/s  (0.373s, 1374.06/s)  ETA: 04:35:57  Done: 2026-06-04 20:59:42  LR: 6.455e-05  Data: 0.006 (0.008)
Train: 32 [ 650/2502 ( 26%)]  Loss:  5.755689 (5.9138)  Time: 0.389s, 1314.76/s  (0.373s, 1373.75/s)  ETA: 04:35:42  Done: 2026-06-04 20:59:45  LR: 6.455e-05  Data: 0.006 (0.008)
Train: 32 [ 700/2502 ( 28%)]  Loss:  6.140307 (5.9289)  Time: 0.368s, 1391.06/s  (0.373s, 1374.37/s)  ETA: 04:35:16  Done: 2026-06-04 20:59:38  LR: 6.455e-05  Data: 0.007 (0.008)
Train: 32 [ 750/2502 ( 30%)]  Loss:  6.006431 (5.9337)  Time: 0.367s, 1394.19/s  (0.372s, 1375.22/s)  ETA: 04:34:47  Done: 2026-06-04 20:59:27  LR: 6.455e-05  Data: 0.007 (0.008)
Train: 32 [ 800/2502 ( 32%)]  Loss:  5.943627 (5.9343)  Time: 0.369s, 1388.81/s  (0.372s, 1375.69/s)  ETA: 04:34:23  Done: 2026-06-04 20:59:22  LR: 6.455e-05  Data: 0.006 (0.007)
Train: 32 [ 850/2502 ( 34%)]  Loss:  6.441501 (5.9625)  Time: 0.369s, 1387.34/s  (0.372s, 1376.40/s)  ETA: 04:33:56  Done: 2026-06-04 20:59:13  LR: 6.455e-05  Data: 0.006 (0.007)
Train: 32 [ 900/2502 ( 36%)]  Loss:  5.913439 (5.9599)  Time: 0.368s, 1389.51/s  (0.372s, 1376.84/s)  ETA: 04:33:32  Done: 2026-06-04 20:59:08  LR: 6.455e-05  Data: 0.007 (0.007)
Train: 32 [ 950/2502 ( 38%)]  Loss:  5.882429 (5.9560)  Time: 0.369s, 1388.74/s  (0.372s, 1377.46/s)  ETA: 04:33:06  Done: 2026-06-04 20:59:00  LR: 6.455e-05  Data: 0.007 (0.007)
Train: 32 [1000/2502 ( 40%)]  Loss:  6.009159 (5.9586)  Time: 0.369s, 1388.13/s  (0.372s, 1377.78/s)  ETA: 04:32:43  Done: 2026-06-04 20:58:56  LR: 6.455e-05  Data: 0.006 (0.007)
Train: 32 [1050/2502 ( 42%)]  Loss:  5.861351 (5.9542)  Time: 0.369s, 1388.93/s  (0.371s, 1378.25/s)  ETA: 04:32:19  Done: 2026-06-04 20:58:51  LR: 6.455e-05  Data: 0.007 (0.007)
Train: 32 [1100/2502 ( 44%)]  Loss:  6.276197 (5.9682)  Time: 0.369s, 1385.85/s  (0.371s, 1378.70/s)  ETA: 04:31:55  Done: 2026-06-04 20:58:45  LR: 6.455e-05  Data: 0.007 (0.007)
Train: 32 [1150/2502 ( 46%)]  Loss:  5.980865 (5.9687)  Time: 0.368s, 1389.47/s  (0.371s, 1379.07/s)  ETA: 04:31:33  Done: 2026-06-04 20:58:41  LR: 6.455e-05  Data: 0.006 (0.007)
Train: 32 [1200/2502 ( 48%)]  Loss:  6.424560 (5.9869)  Time: 0.368s, 1392.65/s  (0.371s, 1379.35/s)  ETA: 04:31:11  Done: 2026-06-04 20:58:37  LR: 6.455e-05  Data: 0.005 (0.007)
Train: 32 [1250/2502 ( 50%)]  Loss:  5.783388 (5.9791)  Time: 0.368s, 1391.45/s  (0.371s, 1379.66/s)  ETA: 04:30:48  Done: 2026-06-04 20:58:33  LR: 6.455e-05  Data: 0.007 (0.007)
Train: 32 [1300/2502 ( 52%)]  Loss:  6.298440 (5.9909)  Time: 0.372s, 1377.20/s  (0.371s, 1379.91/s)  ETA: 04:30:27  Done: 2026-06-04 20:58:30  LR: 6.455e-05  Data: 0.007 (0.007)
Train: 32 [1350/2502 ( 54%)]  Loss:  6.252426 (6.0003)  Time: 0.370s, 1384.51/s  (0.371s, 1380.17/s)  ETA: 04:30:05  Done: 2026-06-04 20:58:27  LR: 6.455e-05  Data: 0.007 (0.007)
Train: 32 [1400/2502 ( 56%)]  Loss:  5.961993 (5.9989)  Time: 0.369s, 1385.88/s  (0.371s, 1379.67/s)  ETA: 04:29:53  Done: 2026-06-04 20:58:33  LR: 6.455e-05  Data: 0.006 (0.007)
Train: 32 [1450/2502 ( 58%)]  Loss:  6.420294 (6.0130)  Time: 0.368s, 1391.01/s  (0.371s, 1379.65/s)  ETA: 04:29:34  Done: 2026-06-04 20:58:34  LR: 6.455e-05  Data: 0.006 (0.007)
Train: 32 [1500/2502 ( 60%)]  Loss:  5.672477 (6.0020)  Time: 0.370s, 1384.98/s  (0.371s, 1378.74/s)  ETA: 04:29:26  Done: 2026-06-04 20:58:45  LR: 6.455e-05  Data: 0.008 (0.007)
Train: 32 [1550/2502 ( 62%)]  Loss:  6.068140 (6.0041)  Time: 0.368s, 1392.52/s  (0.371s, 1378.59/s)  ETA: 04:29:10  Done: 2026-06-04 20:58:47  LR: 6.455e-05  Data: 0.007 (0.007)
Train: 32 [1600/2502 ( 64%)]  Loss:  6.314246 (6.0135)  Time: 0.370s, 1385.43/s  (0.371s, 1378.58/s)  ETA: 04:28:51  Done: 2026-06-04 20:58:47  LR: 6.455e-05  Data: 0.006 (0.007)
Train: 32 [1650/2502 ( 66%)]  Loss:  6.266537 (6.0209)  Time: 0.370s, 1382.73/s  (0.371s, 1378.61/s)  ETA: 04:28:32  Done: 2026-06-04 20:58:46  LR: 6.455e-05  Data: 0.006 (0.007)
Train: 32 [1700/2502 ( 68%)]  Loss:  6.242768 (6.0272)  Time: 0.368s, 1391.89/s  (0.371s, 1378.53/s)  ETA: 04:28:15  Done: 2026-06-04 20:58:47  LR: 6.455e-05  Data: 0.007 (0.007)
Train: 32 [1750/2502 ( 70%)]  Loss:  5.961617 (6.0254)  Time: 0.385s, 1328.59/s  (0.371s, 1378.62/s)  ETA: 04:27:55  Done: 2026-06-04 20:58:46  LR: 6.455e-05  Data: 0.007 (0.007)
Train: 32 [1800/2502 ( 72%)]  Loss:  6.413500 (6.0359)  Time: 0.369s, 1387.40/s  (0.371s, 1378.63/s)  ETA: 04:27:36  Done: 2026-06-04 20:58:46  LR: 6.455e-05  Data: 0.006 (0.007)
Train: 32 [1850/2502 ( 74%)]  Loss:  6.023140 (6.0356)  Time: 0.370s, 1384.03/s  (0.371s, 1378.84/s)  ETA: 04:27:15  Done: 2026-06-04 20:58:43  LR: 6.455e-05  Data: 0.006 (0.007)
Train: 32 [1900/2502 ( 76%)]  Loss:  6.172707 (6.0391)  Time: 0.368s, 1390.66/s  (0.371s, 1378.99/s)  ETA: 04:26:55  Done: 2026-06-04 20:58:42  LR: 6.455e-05  Data: 0.007 (0.007)
Train: 32 [1950/2502 ( 78%)]  Loss:  5.656681 (6.0295)  Time: 0.369s, 1389.37/s  (0.371s, 1379.19/s)  ETA: 04:26:34  Done: 2026-06-04 20:58:39  LR: 6.455e-05  Data: 0.007 (0.007)
Train: 32 [2000/2502 ( 80%)]  Loss:  6.083409 (6.0308)  Time: 0.368s, 1389.98/s  (0.371s, 1379.25/s)  ETA: 04:26:15  Done: 2026-06-04 20:58:38  LR: 6.455e-05  Data: 0.006 (0.007)
Train: 32 [2050/2502 ( 82%)]  Loss:  5.505589 (6.0183)  Time: 0.369s, 1386.99/s  (0.371s, 1379.28/s)  ETA: 04:25:56  Done: 2026-06-04 20:58:38  LR: 6.455e-05  Data: 0.006 (0.007)
Train: 32 [2100/2502 ( 84%)]  Loss:  5.946702 (6.0167)  Time: 0.368s, 1391.46/s  (0.371s, 1379.43/s)  ETA: 04:25:36  Done: 2026-06-04 20:58:36  LR: 6.455e-05  Data: 0.007 (0.007)
Train: 32 [2150/2502 ( 86%)]  Loss:  5.749944 (6.0106)  Time: 0.369s, 1387.68/s  (0.371s, 1379.59/s)  ETA: 04:25:15  Done: 2026-06-04 20:58:34  LR: 6.455e-05  Data: 0.007 (0.007)
Train: 32 [2200/2502 ( 88%)]  Loss:  5.104292 (5.9905)  Time: 0.368s, 1391.17/s  (0.371s, 1379.81/s)  ETA: 04:24:54  Done: 2026-06-04 20:58:32  LR: 6.455e-05  Data: 0.006 (0.007)
Train: 32 [2250/2502 ( 90%)]  Loss:  5.799812 (5.9863)  Time: 0.368s, 1390.50/s  (0.371s, 1379.95/s)  ETA: 04:24:34  Done: 2026-06-04 20:58:30  LR: 6.455e-05  Data: 0.007 (0.007)
Train: 32 [2300/2502 ( 92%)]  Loss:  5.481391 (5.9756)  Time: 0.369s, 1388.52/s  (0.371s, 1380.15/s)  ETA: 04:24:13  Done: 2026-06-04 20:58:28  LR: 6.455e-05  Data: 0.008 (0.007)
Train: 32 [2350/2502 ( 94%)]  Loss:  5.761526 (5.9711)  Time: 0.369s, 1388.61/s  (0.371s, 1379.77/s)  ETA: 04:23:59  Done: 2026-06-04 20:58:32  LR: 6.455e-05  Data: 0.007 (0.007)
Train: 32 [2400/2502 ( 96%)]  Loss:  6.248767 (5.9768)  Time: 0.369s, 1385.81/s  (0.371s, 1379.51/s)  ETA: 04:23:43  Done: 2026-06-04 20:58:35  LR: 6.455e-05  Data: 0.007 (0.007)
Train: 32 [2450/2502 ( 98%)]  Loss:  5.607121 (5.9694)  Time: 0.370s, 1383.74/s  (0.371s, 1379.26/s)  ETA: 04:23:28  Done: 2026-06-04 20:58:38  LR: 6.455e-05  Data: 0.006 (0.007)
epoch:  32 g['lr']:  6.45509673013181e-05
Train: 33 [   0/2502 (  0%)]  Loss:  5.638394 (5.6384)  Time: 1.126s,  454.85/s  (1.126s,  454.85/s)  ETA: 13:17:56  Done: 2026-06-05 05:53:25  LR: 5.923e-05  Data: 0.605 (0.605)
Train: 33 [  50/2502 (  2%)]  Loss:  5.325382 (5.4819)  Time: 0.371s, 1378.78/s  (0.387s, 1324.24/s)  ETA: 04:33:45  Done: 2026-06-04 21:09:32  LR: 5.923e-05  Data: 0.006 (0.018)
Train: 33 [ 100/2502 (  4%)]  Loss:  5.739048 (5.5676)  Time: 0.395s, 1296.00/s  (0.380s, 1346.18/s)  ETA: 04:28:58  Done: 2026-06-04 21:05:04  LR: 5.923e-05  Data: 0.008 (0.012)
Train: 33 [ 150/2502 (  6%)]  Loss:  5.691607 (5.5986)  Time: 0.368s, 1390.48/s  (0.378s, 1355.72/s)  ETA: 04:26:46  Done: 2026-06-04 21:03:10  LR: 5.923e-05  Data: 0.007 (0.011)
Train: 33 [ 200/2502 (  8%)]  Loss:  5.827991 (5.6445)  Time: 0.369s, 1387.96/s  (0.376s, 1363.05/s)  ETA: 04:25:01  Done: 2026-06-04 21:01:44  LR: 5.923e-05  Data: 0.006 (0.010)
Train: 33 [ 250/2502 ( 10%)]  Loss:  6.020619 (5.7072)  Time: 0.369s, 1386.24/s  (0.374s, 1367.69/s)  ETA: 04:23:48  Done: 2026-06-04 21:00:50  LR: 5.923e-05  Data: 0.007 (0.009)
Train: 33 [ 300/2502 ( 12%)]  Loss:  6.072341 (5.7593)  Time: 0.370s, 1384.47/s  (0.374s, 1370.45/s)  ETA: 04:22:58  Done: 2026-06-04 21:00:18  LR: 5.923e-05  Data: 0.008 (0.009)
Train: 33 [ 350/2502 ( 14%)]  Loss:  6.015584 (5.7914)  Time: 0.368s, 1390.82/s  (0.373s, 1372.68/s)  ETA: 04:22:13  Done: 2026-06-04 20:59:52  LR: 5.923e-05  Data: 0.006 (0.008)
Train: 33 [ 400/2502 ( 16%)]  Loss:  6.291305 (5.8469)  Time: 0.368s, 1390.81/s  (0.373s, 1373.43/s)  ETA: 04:21:46  Done: 2026-06-04 20:59:43  LR: 5.923e-05  Data: 0.007 (0.008)
Train: 33 [ 450/2502 ( 18%)]  Loss:  6.001616 (5.8624)  Time: 0.372s, 1376.90/s  (0.372s, 1374.96/s)  ETA: 04:21:10  Done: 2026-06-04 20:59:25  LR: 5.923e-05  Data: 0.006 (0.008)
Train: 33 [ 500/2502 ( 20%)]  Loss:  5.920676 (5.8677)  Time: 0.368s, 1391.11/s  (0.372s, 1376.30/s)  ETA: 04:20:36  Done: 2026-06-04 20:59:10  LR: 5.923e-05  Data: 0.007 (0.008)
Train: 33 [ 550/2502 ( 22%)]  Loss:  6.231949 (5.8980)  Time: 0.368s, 1389.53/s  (0.372s, 1377.32/s)  ETA: 04:20:06  Done: 2026-06-04 20:58:58  LR: 5.923e-05  Data: 0.007 (0.008)
Train: 33 [ 600/2502 ( 24%)]  Loss:  5.390076 (5.8590)  Time: 0.368s, 1392.02/s  (0.372s, 1378.16/s)  ETA: 04:19:38  Done: 2026-06-04 20:58:49  LR: 5.923e-05  Data: 0.006 (0.008)
Train: 33 [ 650/2502 ( 26%)]  Loss:  5.996977 (5.8688)  Time: 0.370s, 1385.48/s  (0.371s, 1378.89/s)  ETA: 04:19:11  Done: 2026-06-04 20:58:40  LR: 5.923e-05  Data: 0.006 (0.008)
Train: 33 [ 700/2502 ( 28%)]  Loss:  6.294739 (5.8972)  Time: 0.368s, 1389.53/s  (0.371s, 1379.43/s)  ETA: 04:18:47  Done: 2026-06-04 20:58:34  LR: 5.923e-05  Data: 0.008 (0.007)
Train: 33 [ 750/2502 ( 30%)]  Loss:  5.305322 (5.8602)  Time: 0.369s, 1386.17/s  (0.371s, 1379.57/s)  ETA: 04:18:26  Done: 2026-06-04 20:58:33  LR: 5.923e-05  Data: 0.006 (0.007)
Train: 33 [ 800/2502 ( 32%)]  Loss:  5.806262 (5.8571)  Time: 0.370s, 1384.89/s  (0.371s, 1379.37/s)  ETA: 04:18:10  Done: 2026-06-04 20:58:35  LR: 5.923e-05  Data: 0.007 (0.007)
Train: 33 [ 850/2502 ( 34%)]  Loss:  6.561693 (5.8962)  Time: 0.371s, 1381.70/s  (0.372s, 1378.17/s)  ETA: 04:18:05  Done: 2026-06-04 20:58:49  LR: 5.923e-05  Data: 0.006 (0.007)
Train: 33 [ 900/2502 ( 36%)]  Loss:  5.383285 (5.8692)  Time: 0.370s, 1384.49/s  (0.372s, 1376.61/s)  ETA: 04:18:04  Done: 2026-06-04 20:59:06  LR: 5.923e-05  Data: 0.008 (0.007)
Train: 33 [ 950/2502 ( 38%)]  Loss:  6.014760 (5.8765)  Time: 0.386s, 1324.74/s  (0.372s, 1376.39/s)  ETA: 04:17:48  Done: 2026-06-04 20:59:09  LR: 5.923e-05  Data: 0.006 (0.007)
Train: 33 [1000/2502 ( 40%)]  Loss:  6.054996 (5.8850)  Time: 0.369s, 1389.31/s  (0.372s, 1375.56/s)  ETA: 04:17:39  Done: 2026-06-04 20:59:19  LR: 5.923e-05  Data: 0.006 (0.007)
Train: 33 [1050/2502 ( 42%)]  Loss:  6.534794 (5.9145)  Time: 0.369s, 1388.03/s  (0.372s, 1375.54/s)  ETA: 04:17:20  Done: 2026-06-04 20:59:19  LR: 5.923e-05  Data: 0.006 (0.007)
Train: 33 [1100/2502 ( 44%)]  Loss:  6.393879 (5.9354)  Time: 0.371s, 1379.75/s  (0.372s, 1375.91/s)  ETA: 04:16:57  Done: 2026-06-04 20:59:15  LR: 5.923e-05  Data: 0.008 (0.007)
Train: 33 [1150/2502 ( 46%)]  Loss:  6.229219 (5.9476)  Time: 0.369s, 1386.93/s  (0.372s, 1376.05/s)  ETA: 04:16:37  Done: 2026-06-04 20:59:13  LR: 5.923e-05  Data: 0.007 (0.007)
Train: 33 [1200/2502 ( 48%)]  Loss:  6.473423 (5.9686)  Time: 0.368s, 1389.95/s  (0.372s, 1376.48/s)  ETA: 04:16:14  Done: 2026-06-04 20:59:08  LR: 5.923e-05  Data: 0.006 (0.007)
Train: 33 [1250/2502 ( 50%)]  Loss:  6.293952 (5.9811)  Time: 0.370s, 1384.71/s  (0.372s, 1376.90/s)  ETA: 04:15:51  Done: 2026-06-04 20:59:03  LR: 5.923e-05  Data: 0.007 (0.007)
Train: 33 [1300/2502 ( 52%)]  Loss:  6.442514 (5.9982)  Time: 0.369s, 1389.33/s  (0.372s, 1377.24/s)  ETA: 04:15:28  Done: 2026-06-04 20:58:59  LR: 5.923e-05  Data: 0.008 (0.007)
Train: 33 [1350/2502 ( 54%)]  Loss:  5.548719 (5.9822)  Time: 0.369s, 1386.51/s  (0.372s, 1377.46/s)  ETA: 04:15:07  Done: 2026-06-04 20:58:57  LR: 5.923e-05  Data: 0.007 (0.007)
Train: 33 [1400/2502 ( 56%)]  Loss:  6.132354 (5.9874)  Time: 0.369s, 1387.13/s  (0.372s, 1377.82/s)  ETA: 04:14:45  Done: 2026-06-04 20:58:53  LR: 5.923e-05  Data: 0.006 (0.007)
Train: 33 [1450/2502 ( 58%)]  Loss:  5.369271 (5.9668)  Time: 0.377s, 1359.14/s  (0.372s, 1378.12/s)  ETA: 04:14:23  Done: 2026-06-04 20:58:49  LR: 5.923e-05  Data: 0.006 (0.007)
Train: 33 [1500/2502 ( 60%)]  Loss:  5.964468 (5.9667)  Time: 0.370s, 1383.09/s  (0.371s, 1378.23/s)  ETA: 04:14:03  Done: 2026-06-04 20:58:48  LR: 5.923e-05  Data: 0.008 (0.007)
Train: 33 [1550/2502 ( 62%)]  Loss:  5.685977 (5.9579)  Time: 0.368s, 1389.90/s  (0.371s, 1378.41/s)  ETA: 04:13:42  Done: 2026-06-04 20:58:46  LR: 5.923e-05  Data: 0.007 (0.007)
Train: 33 [1600/2502 ( 64%)]  Loss:  5.783682 (5.9526)  Time: 0.370s, 1383.47/s  (0.371s, 1378.65/s)  ETA: 04:13:21  Done: 2026-06-04 20:58:43  LR: 5.923e-05  Data: 0.007 (0.007)
Train: 33 [1650/2502 ( 66%)]  Loss:  5.448756 (5.9378)  Time: 0.369s, 1386.34/s  (0.371s, 1378.87/s)  ETA: 04:13:00  Done: 2026-06-04 20:58:41  LR: 5.923e-05  Data: 0.007 (0.007)
Train: 33 [1700/2502 ( 68%)]  Loss:  5.859053 (5.9356)  Time: 0.370s, 1384.81/s  (0.371s, 1379.12/s)  ETA: 04:12:39  Done: 2026-06-04 20:58:38  LR: 5.923e-05  Data: 0.008 (0.007)
Train: 33 [1750/2502 ( 70%)]  Loss:  6.240179 (5.9440)  Time: 0.369s, 1387.89/s  (0.371s, 1379.26/s)  ETA: 04:12:19  Done: 2026-06-04 20:58:36  LR: 5.923e-05  Data: 0.007 (0.007)
Train: 33 [1800/2502 ( 72%)]  Loss:  6.212752 (5.9513)  Time: 0.376s, 1362.29/s  (0.371s, 1378.43/s)  ETA: 04:12:09  Done: 2026-06-04 20:58:46  LR: 5.923e-05  Data: 0.007 (0.007)
Train: 33 [1850/2502 ( 74%)]  Loss:  6.201622 (5.9579)  Time: 0.371s, 1381.80/s  (0.372s, 1378.06/s)  ETA: 04:11:55  Done: 2026-06-04 20:58:50  LR: 5.923e-05  Data: 0.006 (0.007)
Train: 33 [1900/2502 ( 76%)]  Loss:  6.133296 (5.9624)  Time: 0.378s, 1354.83/s  (0.371s, 1378.23/s)  ETA: 04:11:34  Done: 2026-06-04 20:58:48  LR: 5.923e-05  Data: 0.008 (0.007)
Train: 33 [1950/2502 ( 78%)]  Loss:  6.426401 (5.9740)  Time: 0.371s, 1381.26/s  (0.372s, 1377.81/s)  ETA: 04:11:20  Done: 2026-06-04 20:58:53  LR: 5.923e-05  Data: 0.008 (0.007)
Train: 33 [2000/2502 ( 80%)]  Loss:  6.394245 (5.9842)  Time: 0.369s, 1388.69/s  (0.372s, 1377.86/s)  ETA: 04:11:01  Done: 2026-06-04 20:58:52  LR: 5.923e-05  Data: 0.007 (0.007)
Train: 33 [2050/2502 ( 82%)]  Loss:  6.121451 (5.9875)  Time: 0.370s, 1384.30/s  (0.372s, 1377.99/s)  ETA: 04:10:41  Done: 2026-06-04 20:58:51  LR: 5.923e-05  Data: 0.006 (0.007)
Train: 33 [2100/2502 ( 84%)]  Loss:  5.796415 (5.9830)  Time: 0.372s, 1377.51/s  (0.372s, 1378.01/s)  ETA: 04:10:22  Done: 2026-06-04 20:58:51  LR: 5.923e-05  Data: 0.008 (0.007)
Train: 33 [2150/2502 ( 86%)]  Loss:  6.265165 (5.9895)  Time: 0.371s, 1380.42/s  (0.372s, 1377.94/s)  ETA: 04:10:05  Done: 2026-06-04 20:58:51  LR: 5.923e-05  Data: 0.007 (0.007)
Train: 33 [2200/2502 ( 88%)]  Loss:  5.560902 (5.9799)  Time: 0.367s, 1393.34/s  (0.372s, 1377.84/s)  ETA: 04:09:47  Done: 2026-06-04 20:58:52  LR: 5.923e-05  Data: 0.006 (0.007)
Train: 33 [2250/2502 ( 90%)]  Loss:  6.350996 (5.9880)  Time: 0.371s, 1381.24/s  (0.372s, 1377.59/s)  ETA: 04:09:31  Done: 2026-06-04 20:58:55  LR: 5.923e-05  Data: 0.006 (0.007)
Train: 33 [2300/2502 ( 92%)]  Loss:  5.747470 (5.9829)  Time: 0.370s, 1383.50/s  (0.372s, 1377.62/s)  ETA: 04:09:12  Done: 2026-06-04 20:58:55  LR: 5.923e-05  Data: 0.008 (0.007)
Train: 33 [2350/2502 ( 94%)]  Loss:  5.964504 (5.9825)  Time: 0.371s, 1378.81/s  (0.372s, 1377.61/s)  ETA: 04:08:54  Done: 2026-06-04 20:58:55  LR: 5.923e-05  Data: 0.008 (0.007)
Train: 33 [2400/2502 ( 96%)]  Loss:  5.948145 (5.9818)  Time: 0.370s, 1384.81/s  (0.372s, 1377.59/s)  ETA: 04:08:35  Done: 2026-06-04 20:58:55  LR: 5.923e-05  Data: 0.007 (0.007)
Train: 33 [2450/2502 ( 98%)]  Loss:  6.323943 (5.9886)  Time: 0.368s, 1392.15/s  (0.372s, 1377.69/s)  ETA: 04:08:16  Done: 2026-06-04 20:58:54  LR: 5.923e-05  Data: 0.007 (0.007)
epoch:  33 g['lr']:  5.9233400960337036e-05
Train: 34 [   0/2502 (  0%)]  Loss:  6.078334 (6.0783)  Time: 1.139s,  449.34/s  (1.139s,  449.34/s)  ETA: 12:40:13  Done: 2026-06-05 05:31:09  LR: 5.410e-05  Data: 0.697 (0.697)
Train: 34 [  50/2502 (  2%)]  Loss:  5.925528 (6.0019)  Time: 0.371s, 1380.69/s  (0.387s, 1324.55/s)  ETA: 04:17:34  Done: 2026-06-04 21:08:49  LR: 5.410e-05  Data: 0.007 (0.020)
Train: 34 [ 100/2502 (  4%)]  Loss:  6.034729 (6.0129)  Time: 0.370s, 1383.02/s  (0.378s, 1354.38/s)  ETA: 04:11:35  Done: 2026-06-04 21:03:08  LR: 5.410e-05  Data: 0.007 (0.013)
Train: 34 [ 150/2502 (  6%)]  Loss:  6.051865 (6.0226)  Time: 0.387s, 1321.38/s  (0.376s, 1363.21/s)  ETA: 04:09:38  Done: 2026-06-04 21:01:30  LR: 5.410e-05  Data: 0.008 (0.011)
Train: 34 [ 200/2502 (  8%)]  Loss:  6.651564 (6.1484)  Time: 0.374s, 1369.92/s  (0.375s, 1365.48/s)  ETA: 04:08:55  Done: 2026-06-04 21:01:05  LR: 5.410e-05  Data: 0.007 (0.010)
Train: 34 [ 250/2502 ( 10%)]  Loss:  6.192772 (6.1558)  Time: 0.370s, 1384.97/s  (0.376s, 1360.06/s)  ETA: 04:09:35  Done: 2026-06-04 21:02:05  LR: 5.410e-05  Data: 0.007 (0.009)
Train: 34 [ 300/2502 ( 12%)]  Loss:  6.182393 (6.1596)  Time: 0.371s, 1379.09/s  (0.376s, 1361.41/s)  ETA: 04:09:02  Done: 2026-06-04 21:01:50  LR: 5.410e-05  Data: 0.007 (0.009)
Train: 34 [ 350/2502 ( 14%)]  Loss:  5.830513 (6.1185)  Time: 0.370s, 1383.94/s  (0.375s, 1364.65/s)  ETA: 04:08:07  Done: 2026-06-04 21:01:14  LR: 5.410e-05  Data: 0.007 (0.009)
Train: 34 [ 400/2502 ( 16%)]  Loss:  6.131051 (6.1199)  Time: 0.369s, 1385.99/s  (0.375s, 1364.79/s)  ETA: 04:07:47  Done: 2026-06-04 21:01:13  LR: 5.410e-05  Data: 0.007 (0.008)
Train: 34 [ 450/2502 ( 18%)]  Loss:  5.702157 (6.0781)  Time: 0.372s, 1376.77/s  (0.375s, 1366.77/s)  ETA: 04:07:07  Done: 2026-06-04 21:00:51  LR: 5.410e-05  Data: 0.006 (0.008)
Train: 34 [ 500/2502 ( 20%)]  Loss:  5.932923 (6.0649)  Time: 0.370s, 1384.78/s  (0.374s, 1368.66/s)  ETA: 04:06:28  Done: 2026-06-04 21:00:30  LR: 5.410e-05  Data: 0.007 (0.008)
Train: 34 [ 550/2502 ( 22%)]  Loss:  5.926617 (6.0534)  Time: 0.397s, 1290.87/s  (0.374s, 1369.38/s)  ETA: 04:06:01  Done: 2026-06-04 21:00:22  LR: 5.410e-05  Data: 0.006 (0.008)
Train: 34 [ 600/2502 ( 24%)]  Loss:  6.075123 (6.0550)  Time: 0.367s, 1394.27/s  (0.374s, 1370.77/s)  ETA: 04:05:27  Done: 2026-06-04 21:00:07  LR: 5.410e-05  Data: 0.006 (0.008)
Train: 34 [ 650/2502 ( 26%)]  Loss:  6.146055 (6.0615)  Time: 0.372s, 1375.77/s  (0.373s, 1371.97/s)  ETA: 04:04:56  Done: 2026-06-04 20:59:54  LR: 5.410e-05  Data: 0.007 (0.008)
Train: 34 [ 700/2502 ( 28%)]  Loss:  5.567163 (6.0286)  Time: 0.370s, 1382.06/s  (0.373s, 1372.49/s)  ETA: 04:04:32  Done: 2026-06-04 20:59:48  LR: 5.410e-05  Data: 0.007 (0.008)
Train: 34 [ 750/2502 ( 30%)]  Loss:  5.863348 (6.0183)  Time: 0.368s, 1389.66/s  (0.373s, 1373.07/s)  ETA: 04:04:07  Done: 2026-06-04 20:59:42  LR: 5.410e-05  Data: 0.007 (0.008)
Train: 34 [ 800/2502 ( 32%)]  Loss:  5.821981 (6.0067)  Time: 0.369s, 1387.11/s  (0.373s, 1374.00/s)  ETA: 04:03:38  Done: 2026-06-04 20:59:32  LR: 5.410e-05  Data: 0.007 (0.007)
Train: 34 [ 850/2502 ( 34%)]  Loss:  5.602271 (5.9842)  Time: 0.369s, 1386.09/s  (0.373s, 1374.47/s)  ETA: 04:03:15  Done: 2026-06-04 20:59:27  LR: 5.410e-05  Data: 0.006 (0.007)
Train: 34 [ 900/2502 ( 36%)]  Loss:  6.165483 (5.9938)  Time: 0.369s, 1388.83/s  (0.372s, 1374.88/s)  ETA: 04:02:52  Done: 2026-06-04 20:59:22  LR: 5.410e-05  Data: 0.007 (0.007)
Train: 34 [ 950/2502 ( 38%)]  Loss:  6.301473 (6.0092)  Time: 0.369s, 1385.99/s  (0.372s, 1375.06/s)  ETA: 04:02:31  Done: 2026-06-04 20:59:20  LR: 5.410e-05  Data: 0.008 (0.007)
Train: 34 [1000/2502 ( 40%)]  Loss:  5.985648 (6.0080)  Time: 0.371s, 1380.59/s  (0.372s, 1375.58/s)  ETA: 04:02:07  Done: 2026-06-04 20:59:15  LR: 5.410e-05  Data: 0.007 (0.007)
Train: 34 [1050/2502 ( 42%)]  Loss:  6.488011 (6.0299)  Time: 0.369s, 1388.64/s  (0.372s, 1375.88/s)  ETA: 04:01:45  Done: 2026-06-04 20:59:12  LR: 5.410e-05  Data: 0.006 (0.007)
Train: 34 [1100/2502 ( 44%)]  Loss:  6.309554 (6.0420)  Time: 0.376s, 1360.53/s  (0.372s, 1375.72/s)  ETA: 04:01:28  Done: 2026-06-04 20:59:13  LR: 5.410e-05  Data: 0.006 (0.007)
Train: 34 [1150/2502 ( 46%)]  Loss:  5.676872 (6.0268)  Time: 0.370s, 1384.07/s  (0.372s, 1376.10/s)  ETA: 04:01:06  Done: 2026-06-04 20:59:09  LR: 5.410e-05  Data: 0.008 (0.007)
Train: 34 [1200/2502 ( 48%)]  Loss:  6.602084 (6.0498)  Time: 0.368s, 1392.51/s  (0.372s, 1374.54/s)  ETA: 04:01:04  Done: 2026-06-04 20:59:26  LR: 5.410e-05  Data: 0.006 (0.007)
Train: 34 [1250/2502 ( 50%)]  Loss:  6.184173 (6.0550)  Time: 0.368s, 1391.04/s  (0.373s, 1374.39/s)  ETA: 04:00:47  Done: 2026-06-04 20:59:28  LR: 5.410e-05  Data: 0.006 (0.007)
Train: 34 [1300/2502 ( 52%)]  Loss:  5.616703 (6.0388)  Time: 0.370s, 1382.37/s  (0.372s, 1374.89/s)  ETA: 04:00:23  Done: 2026-06-04 20:59:22  LR: 5.410e-05  Data: 0.006 (0.007)
Train: 34 [1350/2502 ( 54%)]  Loss:  6.130557 (6.0420)  Time: 0.369s, 1388.09/s  (0.372s, 1375.05/s)  ETA: 04:00:02  Done: 2026-06-04 20:59:21  LR: 5.410e-05  Data: 0.007 (0.007)
Train: 34 [1400/2502 ( 56%)]  Loss:  6.159058 (6.0461)  Time: 0.368s, 1389.59/s  (0.372s, 1375.30/s)  ETA: 03:59:41  Done: 2026-06-04 20:59:18  LR: 5.410e-05  Data: 0.006 (0.007)
Train: 34 [1450/2502 ( 58%)]  Loss:  6.413937 (6.0583)  Time: 0.370s, 1382.11/s  (0.372s, 1375.54/s)  ETA: 03:59:20  Done: 2026-06-04 20:59:15  LR: 5.410e-05  Data: 0.006 (0.007)
Train: 34 [1500/2502 ( 60%)]  Loss:  5.963153 (6.0553)  Time: 0.370s, 1384.63/s  (0.372s, 1375.94/s)  ETA: 03:58:57  Done: 2026-06-04 20:59:11  LR: 5.410e-05  Data: 0.007 (0.007)
Train: 34 [1550/2502 ( 62%)]  Loss:  6.111892 (6.0570)  Time: 0.386s, 1327.43/s  (0.372s, 1375.98/s)  ETA: 03:58:38  Done: 2026-06-04 20:59:11  LR: 5.410e-05  Data: 0.006 (0.007)
Train: 34 [1600/2502 ( 64%)]  Loss:  5.456895 (6.0388)  Time: 0.368s, 1389.93/s  (0.372s, 1376.28/s)  ETA: 03:58:16  Done: 2026-06-04 20:59:07  LR: 5.410e-05  Data: 0.007 (0.007)
Train: 34 [1650/2502 ( 66%)]  Loss:  5.942663 (6.0360)  Time: 0.370s, 1384.66/s  (0.372s, 1376.60/s)  ETA: 03:57:55  Done: 2026-06-04 20:59:04  LR: 5.410e-05  Data: 0.006 (0.007)
Train: 34 [1700/2502 ( 68%)]  Loss:  6.457076 (6.0480)  Time: 0.385s, 1328.28/s  (0.372s, 1376.55/s)  ETA: 03:57:37  Done: 2026-06-04 20:59:04  LR: 5.410e-05  Data: 0.007 (0.007)
Train: 34 [1750/2502 ( 70%)]  Loss:  6.568691 (6.0625)  Time: 0.368s, 1390.80/s  (0.372s, 1376.69/s)  ETA: 03:57:16  Done: 2026-06-04 20:59:03  LR: 5.410e-05  Data: 0.007 (0.007)
Train: 34 [1800/2502 ( 72%)]  Loss:  6.740444 (6.0808)  Time: 0.368s, 1392.38/s  (0.372s, 1377.02/s)  ETA: 03:56:54  Done: 2026-06-04 20:58:59  LR: 5.410e-05  Data: 0.007 (0.007)
Train: 34 [1850/2502 ( 74%)]  Loss:  6.171633 (6.0832)  Time: 0.369s, 1388.48/s  (0.372s, 1377.29/s)  ETA: 03:56:33  Done: 2026-06-04 20:58:56  LR: 5.410e-05  Data: 0.006 (0.007)
Train: 34 [1900/2502 ( 76%)]  Loss:  5.431476 (6.0665)  Time: 0.370s, 1385.26/s  (0.372s, 1377.58/s)  ETA: 03:56:12  Done: 2026-06-04 20:58:53  LR: 5.410e-05  Data: 0.006 (0.007)
Train: 34 [1950/2502 ( 78%)]  Loss:  6.163055 (6.0689)  Time: 0.368s, 1390.58/s  (0.372s, 1377.77/s)  ETA: 03:55:51  Done: 2026-06-04 20:58:51  LR: 5.410e-05  Data: 0.006 (0.007)
Train: 34 [2000/2502 ( 80%)]  Loss:  5.618202 (6.0579)  Time: 0.375s, 1366.62/s  (0.372s, 1378.03/s)  ETA: 03:55:30  Done: 2026-06-04 20:58:48  LR: 5.410e-05  Data: 0.007 (0.007)
Train: 34 [2050/2502 ( 82%)]  Loss:  6.019028 (6.0570)  Time: 0.370s, 1382.41/s  (0.371s, 1378.30/s)  ETA: 03:55:08  Done: 2026-06-04 20:58:45  LR: 5.410e-05  Data: 0.006 (0.007)
Train: 34 [2100/2502 ( 84%)]  Loss:  6.439344 (6.0659)  Time: 0.370s, 1384.18/s  (0.371s, 1378.28/s)  ETA: 03:54:50  Done: 2026-06-04 20:58:46  LR: 5.410e-05  Data: 0.006 (0.007)
Train: 34 [2150/2502 ( 86%)]  Loss:  6.612052 (6.0783)  Time: 0.368s, 1392.73/s  (0.372s, 1377.69/s)  ETA: 03:54:37  Done: 2026-06-04 20:58:52  LR: 5.410e-05  Data: 0.007 (0.007)
Train: 34 [2200/2502 ( 88%)]  Loss:  5.517064 (6.0658)  Time: 0.369s, 1387.74/s  (0.372s, 1377.46/s)  ETA: 03:54:21  Done: 2026-06-04 20:58:54  LR: 5.410e-05  Data: 0.007 (0.007)
Train: 34 [2250/2502 ( 90%)]  Loss:  6.161435 (6.0679)  Time: 0.369s, 1386.80/s  (0.372s, 1377.51/s)  ETA: 03:54:02  Done: 2026-06-04 20:58:54  LR: 5.410e-05  Data: 0.006 (0.007)
Train: 34 [2300/2502 ( 92%)]  Loss:  6.145989 (6.0696)  Time: 0.368s, 1390.42/s  (0.372s, 1377.56/s)  ETA: 03:53:43  Done: 2026-06-04 20:58:53  LR: 5.410e-05  Data: 0.006 (0.007)
Train: 34 [2350/2502 ( 94%)]  Loss:  5.452892 (6.0567)  Time: 0.368s, 1392.83/s  (0.372s, 1377.79/s)  ETA: 03:53:22  Done: 2026-06-04 20:58:51  LR: 5.410e-05  Data: 0.006 (0.007)
Train: 34 [2400/2502 ( 96%)]  Loss:  5.878203 (6.0531)  Time: 0.367s, 1393.52/s  (0.372s, 1377.95/s)  ETA: 03:53:02  Done: 2026-06-04 20:58:49  LR: 5.410e-05  Data: 0.007 (0.007)
Train: 34 [2450/2502 ( 98%)]  Loss:  5.981662 (6.0517)  Time: 0.370s, 1382.76/s  (0.372s, 1378.19/s)  ETA: 03:52:41  Done: 2026-06-04 20:58:47  LR: 5.410e-05  Data: 0.007 (0.007)
epoch:  34 g['lr']:  5.4096454476995295e-05
Train: 35 [   0/2502 (  0%)]  Loss:  6.286332 (6.2863)  Time: 1.161s,  440.99/s  (1.161s,  440.99/s)  ETA: 12:06:11  Done: 2026-06-05 05:12:35  LR: 4.916e-05  Data: 0.586 (0.586)
Train: 35 [  50/2502 (  2%)]  Loss:  6.038649 (6.1625)  Time: 0.369s, 1387.97/s  (0.385s, 1330.44/s)  ETA: 04:00:23  Done: 2026-06-04 21:07:05  LR: 4.916e-05  Data: 0.007 (0.018)
Train: 35 [ 100/2502 (  4%)]  Loss:  5.964556 (6.0965)  Time: 0.370s, 1384.03/s  (0.377s, 1358.17/s)  ETA: 03:55:09  Done: 2026-06-04 21:02:10  LR: 4.916e-05  Data: 0.007 (0.012)
Train: 35 [ 150/2502 (  6%)]  Loss:  5.790393 (6.0200)  Time: 0.369s, 1387.49/s  (0.374s, 1367.89/s)  ETA: 03:53:10  Done: 2026-06-04 21:00:29  LR: 4.916e-05  Data: 0.007 (0.010)
Train: 35 [ 200/2502 (  8%)]  Loss:  6.052252 (6.0264)  Time: 0.369s, 1389.36/s  (0.373s, 1373.06/s)  ETA: 03:51:59  Done: 2026-06-04 20:59:36  LR: 4.916e-05  Data: 0.007 (0.009)
Train: 35 [ 250/2502 ( 10%)]  Loss:  5.677506 (5.9683)  Time: 0.386s, 1326.65/s  (0.372s, 1375.97/s)  ETA: 03:51:11  Done: 2026-06-04 20:59:07  LR: 4.916e-05  Data: 0.008 (0.009)
Train: 35 [ 300/2502 ( 12%)]  Loss:  6.040105 (5.9785)  Time: 0.369s, 1388.09/s  (0.372s, 1377.71/s)  ETA: 03:50:35  Done: 2026-06-04 20:58:49  LR: 4.916e-05  Data: 0.006 (0.009)
Train: 35 [ 350/2502 ( 14%)]  Loss:  6.128262 (5.9973)  Time: 0.367s, 1393.53/s  (0.371s, 1379.53/s)  ETA: 03:49:58  Done: 2026-06-04 20:58:31  LR: 4.916e-05  Data: 0.007 (0.008)
Train: 35 [ 400/2502 ( 16%)]  Loss:  6.214862 (6.0214)  Time: 0.368s, 1389.56/s  (0.371s, 1380.79/s)  ETA: 03:49:27  Done: 2026-06-04 20:58:18  LR: 4.916e-05  Data: 0.006 (0.008)
Train: 35 [ 450/2502 ( 18%)]  Loss:  6.006584 (6.0200)  Time: 0.368s, 1390.92/s  (0.371s, 1381.53/s)  ETA: 03:49:01  Done: 2026-06-04 20:58:11  LR: 4.916e-05  Data: 0.006 (0.008)
Train: 35 [ 500/2502 ( 20%)]  Loss:  6.160616 (6.0327)  Time: 0.369s, 1389.08/s  (0.371s, 1381.82/s)  ETA: 03:48:40  Done: 2026-06-04 20:58:08  LR: 4.916e-05  Data: 0.006 (0.008)
Train: 35 [ 550/2502 ( 22%)]  Loss:  5.873261 (6.0194)  Time: 0.369s, 1387.42/s  (0.371s, 1381.90/s)  ETA: 03:48:20  Done: 2026-06-04 20:58:07  LR: 4.916e-05  Data: 0.007 (0.008)
Train: 35 [ 600/2502 ( 24%)]  Loss:  6.550132 (6.0603)  Time: 0.367s, 1396.07/s  (0.371s, 1379.63/s)  ETA: 03:48:24  Done: 2026-06-04 20:58:30  LR: 4.916e-05  Data: 0.006 (0.008)
Train: 35 [ 650/2502 ( 26%)]  Loss:  6.055161 (6.0599)  Time: 0.369s, 1386.86/s  (0.372s, 1378.18/s)  ETA: 03:48:20  Done: 2026-06-04 20:58:44  LR: 4.916e-05  Data: 0.006 (0.007)
Train: 35 [ 700/2502 ( 28%)]  Loss:  5.900254 (6.0493)  Time: 0.369s, 1385.94/s  (0.372s, 1377.28/s)  ETA: 03:48:11  Done: 2026-06-04 20:58:54  LR: 4.916e-05  Data: 0.006 (0.007)
Train: 35 [ 750/2502 ( 30%)]  Loss:  6.326687 (6.0666)  Time: 0.369s, 1388.75/s  (0.372s, 1377.13/s)  ETA: 03:47:53  Done: 2026-06-04 20:58:55  LR: 4.916e-05  Data: 0.007 (0.007)
Train: 35 [ 800/2502 ( 32%)]  Loss:  5.704527 (6.0453)  Time: 0.370s, 1382.43/s  (0.372s, 1377.04/s)  ETA: 03:47:36  Done: 2026-06-04 20:58:56  LR: 4.916e-05  Data: 0.007 (0.007)
Train: 35 [ 850/2502 ( 34%)]  Loss:  6.018137 (6.0438)  Time: 0.369s, 1388.35/s  (0.372s, 1377.41/s)  ETA: 03:47:14  Done: 2026-06-04 20:58:52  LR: 4.916e-05  Data: 0.006 (0.007)
Train: 35 [ 900/2502 ( 36%)]  Loss:  6.700366 (6.0783)  Time: 0.369s, 1386.70/s  (0.372s, 1377.91/s)  ETA: 03:46:50  Done: 2026-06-04 20:58:47  LR: 4.916e-05  Data: 0.005 (0.007)
Train: 35 [ 950/2502 ( 38%)]  Loss:  5.953663 (6.0721)  Time: 0.369s, 1387.76/s  (0.371s, 1378.28/s)  ETA: 03:46:28  Done: 2026-06-04 20:58:43  LR: 4.916e-05  Data: 0.007 (0.007)
Train: 35 [1000/2502 ( 40%)]  Loss:  5.253282 (6.0331)  Time: 0.369s, 1388.14/s  (0.371s, 1378.55/s)  ETA: 03:46:07  Done: 2026-06-04 20:58:41  LR: 4.916e-05  Data: 0.007 (0.007)
Train: 35 [1050/2502 ( 42%)]  Loss:  5.973054 (6.0304)  Time: 0.371s, 1380.85/s  (0.371s, 1378.97/s)  ETA: 03:45:44  Done: 2026-06-04 20:58:36  LR: 4.916e-05  Data: 0.006 (0.007)
Train: 35 [1100/2502 ( 44%)]  Loss:  5.856009 (6.0228)  Time: 0.369s, 1386.78/s  (0.371s, 1379.24/s)  ETA: 03:45:23  Done: 2026-06-04 20:58:34  LR: 4.916e-05  Data: 0.006 (0.007)
Train: 35 [1150/2502 ( 46%)]  Loss:  5.898487 (6.0176)  Time: 0.368s, 1389.97/s  (0.371s, 1379.51/s)  ETA: 03:45:01  Done: 2026-06-04 20:58:31  LR: 4.916e-05  Data: 0.007 (0.007)
Train: 35 [1200/2502 ( 48%)]  Loss:  6.302400 (6.0290)  Time: 0.369s, 1388.90/s  (0.371s, 1379.83/s)  ETA: 03:44:40  Done: 2026-06-04 20:58:28  LR: 4.916e-05  Data: 0.006 (0.007)
Train: 35 [1250/2502 ( 50%)]  Loss:  5.806748 (6.0205)  Time: 0.370s, 1384.62/s  (0.371s, 1379.94/s)  ETA: 03:44:20  Done: 2026-06-04 20:58:27  LR: 4.916e-05  Data: 0.006 (0.007)
Train: 35 [1300/2502 ( 52%)]  Loss:  5.938918 (6.0175)  Time: 0.369s, 1388.38/s  (0.371s, 1380.24/s)  ETA: 03:43:59  Done: 2026-06-04 20:58:24  LR: 4.916e-05  Data: 0.006 (0.007)
Train: 35 [1350/2502 ( 54%)]  Loss:  6.306720 (6.0278)  Time: 0.370s, 1382.12/s  (0.371s, 1380.51/s)  ETA: 03:43:37  Done: 2026-06-04 20:58:21  LR: 4.916e-05  Data: 0.007 (0.007)
Train: 35 [1400/2502 ( 56%)]  Loss:  5.186600 (5.9988)  Time: 0.368s, 1392.19/s  (0.371s, 1380.46/s)  ETA: 03:43:19  Done: 2026-06-04 20:58:22  LR: 4.916e-05  Data: 0.007 (0.007)
Train: 35 [1450/2502 ( 58%)]  Loss:  5.888428 (5.9951)  Time: 0.371s, 1381.62/s  (0.371s, 1380.73/s)  ETA: 03:42:58  Done: 2026-06-04 20:58:19  LR: 4.916e-05  Data: 0.007 (0.007)
Train: 35 [1500/2502 ( 60%)]  Loss:  6.138740 (5.9997)  Time: 0.369s, 1386.29/s  (0.371s, 1380.74/s)  ETA: 03:42:40  Done: 2026-06-04 20:58:19  LR: 4.916e-05  Data: 0.006 (0.007)
Train: 35 [1550/2502 ( 62%)]  Loss:  5.900733 (5.9966)  Time: 0.369s, 1387.77/s  (0.371s, 1379.61/s)  ETA: 03:42:32  Done: 2026-06-04 20:58:30  LR: 4.916e-05  Data: 0.007 (0.007)
Train: 35 [1600/2502 ( 64%)]  Loss:  6.058381 (5.9985)  Time: 0.376s, 1361.06/s  (0.371s, 1378.82/s)  ETA: 03:42:21  Done: 2026-06-04 20:58:38  LR: 4.916e-05  Data: 0.007 (0.007)
Train: 35 [1650/2502 ( 66%)]  Loss:  6.106834 (6.0017)  Time: 0.370s, 1384.22/s  (0.371s, 1378.64/s)  ETA: 03:42:04  Done: 2026-06-04 20:58:40  LR: 4.916e-05  Data: 0.006 (0.007)
Train: 35 [1700/2502 ( 68%)]  Loss:  5.874424 (5.9981)  Time: 0.369s, 1388.33/s  (0.371s, 1378.49/s)  ETA: 03:41:47  Done: 2026-06-04 20:58:41  LR: 4.916e-05  Data: 0.007 (0.007)
Train: 35 [1750/2502 ( 70%)]  Loss:  5.826617 (5.9933)  Time: 0.370s, 1383.46/s  (0.371s, 1378.62/s)  ETA: 03:41:27  Done: 2026-06-04 20:58:40  LR: 4.916e-05  Data: 0.006 (0.007)
Train: 35 [1800/2502 ( 72%)]  Loss:  6.281847 (6.0011)  Time: 0.369s, 1388.78/s  (0.371s, 1378.78/s)  ETA: 03:41:07  Done: 2026-06-04 20:58:39  LR: 4.916e-05  Data: 0.007 (0.007)
Train: 35 [1850/2502 ( 74%)]  Loss:  6.126460 (6.0044)  Time: 0.369s, 1386.05/s  (0.371s, 1379.04/s)  ETA: 03:40:46  Done: 2026-06-04 20:58:36  LR: 4.916e-05  Data: 0.006 (0.007)
Train: 35 [1900/2502 ( 76%)]  Loss:  6.169975 (6.0086)  Time: 0.369s, 1388.50/s  (0.371s, 1379.27/s)  ETA: 03:40:25  Done: 2026-06-04 20:58:33  LR: 4.916e-05  Data: 0.007 (0.007)
Train: 35 [1950/2502 ( 78%)]  Loss:  5.929454 (6.0067)  Time: 0.368s, 1390.61/s  (0.371s, 1379.50/s)  ETA: 03:40:05  Done: 2026-06-04 20:58:31  LR: 4.916e-05  Data: 0.007 (0.007)
Train: 35 [2000/2502 ( 80%)]  Loss:  6.658140 (6.0226)  Time: 0.371s, 1380.94/s  (0.371s, 1379.69/s)  ETA: 03:39:44  Done: 2026-06-04 20:58:29  LR: 4.916e-05  Data: 0.006 (0.007)
Train: 35 [2050/2502 ( 82%)]  Loss:  5.923949 (6.0202)  Time: 0.368s, 1389.92/s  (0.371s, 1379.61/s)  ETA: 03:39:26  Done: 2026-06-04 20:58:30  LR: 4.916e-05  Data: 0.006 (0.007)
Train: 35 [2100/2502 ( 84%)]  Loss:  5.654986 (6.0117)  Time: 0.370s, 1383.62/s  (0.371s, 1379.76/s)  ETA: 03:39:06  Done: 2026-06-04 20:58:29  LR: 4.916e-05  Data: 0.006 (0.007)
Train: 35 [2150/2502 ( 86%)]  Loss:  5.889426 (6.0089)  Time: 0.368s, 1392.00/s  (0.371s, 1379.94/s)  ETA: 03:38:46  Done: 2026-06-04 20:58:27  LR: 4.916e-05  Data: 0.007 (0.007)
Train: 35 [2200/2502 ( 88%)]  Loss:  6.234675 (6.0139)  Time: 0.368s, 1391.66/s  (0.371s, 1380.10/s)  ETA: 03:38:26  Done: 2026-06-04 20:58:25  LR: 4.916e-05  Data: 0.007 (0.007)
Train: 35 [2250/2502 ( 90%)]  Loss:  5.711895 (6.0074)  Time: 0.369s, 1388.67/s  (0.371s, 1380.30/s)  ETA: 03:38:06  Done: 2026-06-04 20:58:23  LR: 4.916e-05  Data: 0.006 (0.007)
Train: 35 [2300/2502 ( 92%)]  Loss:  6.183311 (6.0111)  Time: 0.369s, 1388.96/s  (0.371s, 1380.32/s)  ETA: 03:37:47  Done: 2026-06-04 20:58:23  LR: 4.916e-05  Data: 0.006 (0.007)
Train: 35 [2350/2502 ( 94%)]  Loss:  6.242399 (6.0159)  Time: 0.392s, 1304.61/s  (0.371s, 1379.71/s)  ETA: 03:37:34  Done: 2026-06-04 20:58:29  LR: 4.916e-05  Data: 0.009 (0.007)
Train: 35 [2400/2502 ( 96%)]  Loss:  5.910916 (6.0138)  Time: 0.373s, 1373.98/s  (0.371s, 1379.25/s)  ETA: 03:37:20  Done: 2026-06-04 20:58:34  LR: 4.916e-05  Data: 0.006 (0.007)
Train: 35 [2450/2502 ( 98%)]  Loss:  6.208232 (6.0177)  Time: 0.369s, 1389.18/s  (0.371s, 1379.37/s)  ETA: 03:37:00  Done: 2026-06-04 20:58:33  LR: 4.916e-05  Data: 0.007 (0.007)
epoch:  35 g['lr']:  4.916040103221506e-05
Train: 36 [   0/2502 (  0%)]  Loss:  6.018227 (6.0182)  Time: 1.129s,  453.50/s  (1.129s,  453.50/s)  ETA: 10:59:05  Done: 2026-06-05 04:20:56  LR: 4.444e-05  Data: 0.593 (0.593)
Train: 36 [  50/2502 (  2%)]  Loss:  6.214296 (6.1163)  Time: 0.370s, 1384.07/s  (0.391s, 1310.44/s)  ETA: 03:47:45  Done: 2026-06-04 21:09:55  LR: 4.444e-05  Data: 0.007 (0.018)
Train: 36 [ 100/2502 (  4%)]  Loss:  6.119049 (6.1172)  Time: 0.374s, 1369.31/s  (0.381s, 1342.99/s)  ETA: 03:41:55  Done: 2026-06-04 21:04:23  LR: 4.444e-05  Data: 0.006 (0.012)
Train: 36 [ 150/2502 (  6%)]  Loss:  5.790157 (6.0354)  Time: 0.368s, 1392.42/s  (0.378s, 1355.46/s)  ETA: 03:39:34  Done: 2026-06-04 21:02:20  LR: 4.444e-05  Data: 0.007 (0.010)
Train: 36 [ 200/2502 (  8%)]  Loss:  5.810402 (5.9904)  Time: 0.367s, 1395.68/s  (0.376s, 1363.32/s)  ETA: 03:37:59  Done: 2026-06-04 21:01:04  LR: 4.444e-05  Data: 0.006 (0.009)
Train: 36 [ 250/2502 ( 10%)]  Loss:  5.718908 (5.9452)  Time: 0.369s, 1386.62/s  (0.374s, 1368.37/s)  ETA: 03:36:52  Done: 2026-06-04 21:00:15  LR: 4.444e-05  Data: 0.006 (0.009)
Train: 36 [ 300/2502 ( 12%)]  Loss:  5.661139 (5.9046)  Time: 0.368s, 1390.00/s  (0.374s, 1370.30/s)  ETA: 03:36:15  Done: 2026-06-04 20:59:57  LR: 4.444e-05  Data: 0.007 (0.008)
Train: 36 [ 350/2502 ( 14%)]  Loss:  6.251392 (5.9479)  Time: 0.369s, 1386.50/s  (0.373s, 1372.23/s)  ETA: 03:35:38  Done: 2026-06-04 20:59:38  LR: 4.444e-05  Data: 0.007 (0.008)
Train: 36 [ 400/2502 ( 16%)]  Loss:  5.532736 (5.9018)  Time: 0.368s, 1389.92/s  (0.373s, 1373.10/s)  ETA: 03:35:11  Done: 2026-06-04 20:59:30  LR: 4.444e-05  Data: 0.007 (0.008)
Train: 36 [ 450/2502 ( 18%)]  Loss:  6.047929 (5.9164)  Time: 0.368s, 1389.90/s  (0.373s, 1374.00/s)  ETA: 03:34:44  Done: 2026-06-04 20:59:22  LR: 4.444e-05  Data: 0.006 (0.008)
Train: 36 [ 500/2502 ( 20%)]  Loss:  5.801442 (5.9060)  Time: 0.368s, 1389.43/s  (0.372s, 1375.03/s)  ETA: 03:34:16  Done: 2026-06-04 20:59:12  LR: 4.444e-05  Data: 0.007 (0.008)
Train: 36 [ 550/2502 ( 22%)]  Loss:  6.048908 (5.9179)  Time: 0.370s, 1383.39/s  (0.372s, 1376.37/s)  ETA: 03:33:45  Done: 2026-06-04 20:58:59  LR: 4.444e-05  Data: 0.007 (0.008)
Train: 36 [ 600/2502 ( 24%)]  Loss:  5.969771 (5.9219)  Time: 0.369s, 1389.25/s  (0.372s, 1376.71/s)  ETA: 03:33:23  Done: 2026-06-04 20:58:56  LR: 4.444e-05  Data: 0.007 (0.008)
Train: 36 [ 650/2502 ( 26%)]  Loss:  6.264381 (5.9463)  Time: 0.370s, 1384.78/s  (0.372s, 1376.81/s)  ETA: 03:33:03  Done: 2026-06-04 20:58:55  LR: 4.444e-05  Data: 0.006 (0.007)
Train: 36 [ 700/2502 ( 28%)]  Loss:  5.498055 (5.9165)  Time: 0.368s, 1391.26/s  (0.372s, 1377.24/s)  ETA: 03:32:41  Done: 2026-06-04 20:58:51  LR: 4.444e-05  Data: 0.006 (0.007)
Train: 36 [ 750/2502 ( 30%)]  Loss:  6.149001 (5.9310)  Time: 0.368s, 1392.58/s  (0.372s, 1377.33/s)  ETA: 03:32:21  Done: 2026-06-04 20:58:50  LR: 4.444e-05  Data: 0.007 (0.007)
Train: 36 [ 800/2502 ( 32%)]  Loss:  5.620945 (5.9127)  Time: 0.369s, 1387.29/s  (0.372s, 1377.65/s)  ETA: 03:32:00  Done: 2026-06-04 20:58:47  LR: 4.444e-05  Data: 0.007 (0.007)
Train: 36 [ 850/2502 ( 34%)]  Loss:  5.740039 (5.9032)  Time: 0.369s, 1387.37/s  (0.372s, 1377.93/s)  ETA: 03:31:39  Done: 2026-06-04 20:58:44  LR: 4.444e-05  Data: 0.006 (0.007)
Train: 36 [ 900/2502 ( 36%)]  Loss:  5.796960 (5.8976)  Time: 0.367s, 1393.56/s  (0.371s, 1378.48/s)  ETA: 03:31:15  Done: 2026-06-04 20:58:39  LR: 4.444e-05  Data: 0.006 (0.007)
Train: 36 [ 950/2502 ( 38%)]  Loss:  6.027075 (5.9040)  Time: 0.368s, 1392.09/s  (0.372s, 1376.47/s)  ETA: 03:31:15  Done: 2026-06-04 20:58:58  LR: 4.444e-05  Data: 0.006 (0.007)
Train: 36 [1000/2502 ( 40%)]  Loss:  5.542136 (5.8868)  Time: 0.369s, 1387.68/s  (0.372s, 1376.39/s)  ETA: 03:30:57  Done: 2026-06-04 20:58:59  LR: 4.444e-05  Data: 0.007 (0.007)
Train: 36 [1050/2502 ( 42%)]  Loss:  5.923338 (5.8885)  Time: 0.369s, 1386.76/s  (0.372s, 1376.48/s)  ETA: 03:30:38  Done: 2026-06-04 20:58:58  LR: 4.444e-05  Data: 0.006 (0.007)
Train: 36 [1100/2502 ( 44%)]  Loss:  6.136943 (5.8993)  Time: 0.367s, 1394.57/s  (0.372s, 1376.17/s)  ETA: 03:30:22  Done: 2026-06-04 20:59:01  LR: 4.444e-05  Data: 0.007 (0.007)
Train: 36 [1150/2502 ( 46%)]  Loss:  6.238976 (5.9134)  Time: 0.368s, 1390.48/s  (0.372s, 1376.12/s)  ETA: 03:30:04  Done: 2026-06-04 20:59:01  LR: 4.444e-05  Data: 0.007 (0.007)
Train: 36 [1200/2502 ( 48%)]  Loss:  6.251962 (5.9270)  Time: 0.368s, 1390.46/s  (0.372s, 1376.52/s)  ETA: 03:29:42  Done: 2026-06-04 20:58:58  LR: 4.444e-05  Data: 0.006 (0.007)
Train: 36 [1250/2502 ( 50%)]  Loss:  5.934410 (5.9273)  Time: 0.370s, 1384.39/s  (0.372s, 1376.94/s)  ETA: 03:29:19  Done: 2026-06-04 20:58:54  LR: 4.444e-05  Data: 0.006 (0.007)
Train: 36 [1300/2502 ( 52%)]  Loss:  5.810369 (5.9229)  Time: 0.368s, 1390.54/s  (0.372s, 1377.35/s)  ETA: 03:28:57  Done: 2026-06-04 20:58:50  LR: 4.444e-05  Data: 0.007 (0.007)
Train: 36 [1350/2502 ( 54%)]  Loss:  6.343190 (5.9379)  Time: 0.391s, 1309.57/s  (0.372s, 1377.69/s)  ETA: 03:28:35  Done: 2026-06-04 20:58:47  LR: 4.444e-05  Data: 0.007 (0.007)
Train: 36 [1400/2502 ( 56%)]  Loss:  6.114994 (5.9440)  Time: 0.374s, 1368.27/s  (0.372s, 1377.55/s)  ETA: 03:28:18  Done: 2026-06-04 20:58:48  LR: 4.444e-05  Data: 0.007 (0.007)
Train: 36 [1450/2502 ( 58%)]  Loss:  5.372510 (5.9250)  Time: 0.371s, 1381.49/s  (0.372s, 1377.57/s)  ETA: 03:27:59  Done: 2026-06-04 20:58:48  LR: 4.444e-05  Data: 0.007 (0.007)
Train: 36 [1500/2502 ( 60%)]  Loss:  5.772021 (5.9201)  Time: 0.368s, 1391.83/s  (0.372s, 1377.86/s)  ETA: 03:27:38  Done: 2026-06-04 20:58:45  LR: 4.444e-05  Data: 0.006 (0.007)
Train: 36 [1550/2502 ( 62%)]  Loss:  5.821422 (5.9170)  Time: 0.369s, 1388.46/s  (0.372s, 1378.03/s)  ETA: 03:27:18  Done: 2026-06-04 20:58:43  LR: 4.444e-05  Data: 0.007 (0.007)
Train: 36 [1600/2502 ( 64%)]  Loss:  6.537558 (5.9358)  Time: 0.368s, 1389.45/s  (0.371s, 1378.22/s)  ETA: 03:26:57  Done: 2026-06-04 20:58:42  LR: 4.444e-05  Data: 0.006 (0.007)
Train: 36 [1650/2502 ( 66%)]  Loss:  5.901445 (5.9348)  Time: 0.369s, 1389.12/s  (0.371s, 1378.54/s)  ETA: 03:26:36  Done: 2026-06-04 20:58:39  LR: 4.444e-05  Data: 0.006 (0.007)
Train: 36 [1700/2502 ( 68%)]  Loss:  5.648487 (5.9266)  Time: 0.386s, 1326.12/s  (0.371s, 1378.64/s)  ETA: 03:26:16  Done: 2026-06-04 20:58:38  LR: 4.444e-05  Data: 0.007 (0.007)
Train: 36 [1750/2502 ( 70%)]  Loss:  5.869851 (5.9250)  Time: 0.389s, 1315.20/s  (0.371s, 1378.62/s)  ETA: 03:25:58  Done: 2026-06-04 20:58:38  LR: 4.444e-05  Data: 0.007 (0.007)
Train: 36 [1800/2502 ( 72%)]  Loss:  5.568045 (5.9154)  Time: 0.368s, 1392.17/s  (0.371s, 1378.75/s)  ETA: 03:25:38  Done: 2026-06-04 20:58:37  LR: 4.444e-05  Data: 0.006 (0.007)
Train: 36 [1850/2502 ( 74%)]  Loss:  5.890332 (5.9147)  Time: 0.526s,  974.20/s  (0.371s, 1378.27/s)  ETA: 03:25:24  Done: 2026-06-04 20:58:41  LR: 4.444e-05  Data: 0.007 (0.007)
Train: 36 [1900/2502 ( 76%)]  Loss:  5.714262 (5.9096)  Time: 0.523s,  979.78/s  (0.372s, 1377.79/s)  ETA: 03:25:10  Done: 2026-06-04 20:58:46  LR: 4.444e-05  Data: 0.006 (0.007)
Train: 36 [1950/2502 ( 78%)]  Loss:  5.946370 (5.9105)  Time: 0.368s, 1391.55/s  (0.372s, 1377.66/s)  ETA: 03:24:52  Done: 2026-06-04 20:58:47  LR: 4.444e-05  Data: 0.008 (0.007)
Train: 36 [2000/2502 ( 80%)]  Loss:  5.734174 (5.9062)  Time: 0.472s, 1084.06/s  (0.372s, 1377.60/s)  ETA: 03:24:34  Done: 2026-06-04 20:58:47  LR: 4.444e-05  Data: 0.006 (0.007)
Train: 36 [2050/2502 ( 82%)]  Loss:  6.531715 (5.9211)  Time: 0.369s, 1388.02/s  (0.372s, 1377.88/s)  ETA: 03:24:13  Done: 2026-06-04 20:58:45  LR: 4.444e-05  Data: 0.007 (0.007)
Train: 36 [2100/2502 ( 84%)]  Loss:  5.184156 (5.9039)  Time: 0.368s, 1391.17/s  (0.372s, 1378.08/s)  ETA: 03:23:53  Done: 2026-06-04 20:58:43  LR: 4.444e-05  Data: 0.007 (0.007)
Train: 36 [2150/2502 ( 86%)]  Loss:  6.270325 (5.9123)  Time: 0.368s, 1389.97/s  (0.372s, 1378.15/s)  ETA: 03:23:34  Done: 2026-06-04 20:58:42  LR: 4.444e-05  Data: 0.008 (0.007)
Train: 36 [2200/2502 ( 88%)]  Loss:  5.383984 (5.9005)  Time: 0.368s, 1390.13/s  (0.371s, 1378.37/s)  ETA: 03:23:13  Done: 2026-06-04 20:58:40  LR: 4.444e-05  Data: 0.007 (0.007)
Train: 36 [2250/2502 ( 90%)]  Loss:  6.095395 (5.9048)  Time: 0.369s, 1386.40/s  (0.371s, 1378.36/s)  ETA: 03:22:55  Done: 2026-06-04 20:58:40  LR: 4.444e-05  Data: 0.006 (0.007)
Train: 36 [2300/2502 ( 92%)]  Loss:  5.816531 (5.9029)  Time: 0.368s, 1391.37/s  (0.371s, 1378.25/s)  ETA: 03:22:37  Done: 2026-06-04 20:58:41  LR: 4.444e-05  Data: 0.006 (0.007)
Train: 36 [2350/2502 ( 94%)]  Loss:  5.420177 (5.8928)  Time: 0.369s, 1388.79/s  (0.371s, 1378.26/s)  ETA: 03:22:18  Done: 2026-06-04 20:58:41  LR: 4.444e-05  Data: 0.007 (0.007)
Train: 36 [2400/2502 ( 96%)]  Loss:  5.557887 (5.8860)  Time: 0.368s, 1391.97/s  (0.371s, 1378.43/s)  ETA: 03:21:58  Done: 2026-06-04 20:58:40  LR: 4.444e-05  Data: 0.006 (0.007)
Train: 36 [2450/2502 ( 98%)]  Loss:  6.040657 (5.8891)  Time: 0.370s, 1383.81/s  (0.371s, 1378.61/s)  ETA: 03:21:38  Done: 2026-06-04 20:58:38  LR: 4.444e-05  Data: 0.006 (0.007)
epoch:  36 g['lr']:  4.444472097387448e-05
Train: 37 [   0/2502 (  0%)]  Loss:  6.085261 (6.0853)  Time: 1.028s,  497.86/s  (1.028s,  497.86/s)  ETA: 09:17:29  Done: 2026-06-05 02:54:46  LR: 3.997e-05  Data: 0.632 (0.632)
Train: 37 [  50/2502 (  2%)]  Loss:  5.689075 (5.8872)  Time: 0.368s, 1392.57/s  (0.384s, 1332.52/s)  ETA: 03:27:57  Done: 2026-06-04 21:05:33  LR: 3.997e-05  Data: 0.007 (0.019)
Train: 37 [ 100/2502 (  4%)]  Loss:  5.880387 (5.8849)  Time: 0.368s, 1390.93/s  (0.377s, 1359.29/s)  ETA: 03:23:33  Done: 2026-06-04 21:01:27  LR: 3.997e-05  Data: 0.006 (0.013)
Train: 37 [ 150/2502 (  6%)]  Loss:  5.425983 (5.7702)  Time: 0.369s, 1388.09/s  (0.375s, 1365.99/s)  ETA: 03:22:14  Done: 2026-06-04 21:00:27  LR: 3.997e-05  Data: 0.007 (0.011)
Train: 37 [ 200/2502 (  8%)]  Loss:  5.469226 (5.7100)  Time: 0.368s, 1392.55/s  (0.374s, 1369.79/s)  ETA: 03:21:22  Done: 2026-06-04 20:59:53  LR: 3.997e-05  Data: 0.007 (0.010)
Train: 37 [ 250/2502 ( 10%)]  Loss:  5.932754 (5.7471)  Time: 0.368s, 1390.23/s  (0.373s, 1373.37/s)  ETA: 03:20:32  Done: 2026-06-04 20:59:22  LR: 3.997e-05  Data: 0.006 (0.009)
Train: 37 [ 300/2502 ( 12%)]  Loss:  6.049710 (5.7903)  Time: 0.367s, 1393.37/s  (0.373s, 1372.79/s)  ETA: 03:20:18  Done: 2026-06-04 20:59:27  LR: 3.997e-05  Data: 0.007 (0.009)
Train: 37 [ 350/2502 ( 14%)]  Loss:  5.671622 (5.7755)  Time: 0.497s, 1029.40/s  (0.374s, 1370.49/s)  ETA: 03:20:20  Done: 2026-06-04 20:59:47  LR: 3.997e-05  Data: 0.006 (0.008)
Train: 37 [ 400/2502 ( 16%)]  Loss:  5.844057 (5.7831)  Time: 0.369s, 1388.59/s  (0.374s, 1370.07/s)  ETA: 03:20:05  Done: 2026-06-04 20:59:51  LR: 3.997e-05  Data: 0.007 (0.008)
Train: 37 [ 450/2502 ( 18%)]  Loss:  6.540078 (5.8588)  Time: 0.368s, 1393.05/s  (0.374s, 1370.65/s)  ETA: 03:19:41  Done: 2026-06-04 20:59:46  LR: 3.997e-05  Data: 0.006 (0.008)
Train: 37 [ 500/2502 ( 20%)]  Loss:  5.846077 (5.8577)  Time: 0.368s, 1390.19/s  (0.373s, 1371.31/s)  ETA: 03:19:17  Done: 2026-06-04 20:59:40  LR: 3.997e-05  Data: 0.006 (0.008)
Train: 37 [ 550/2502 ( 22%)]  Loss:  6.109098 (5.8786)  Time: 0.370s, 1382.60/s  (0.373s, 1372.92/s)  ETA: 03:18:44  Done: 2026-06-04 20:59:26  LR: 3.997e-05  Data: 0.007 (0.008)
Train: 37 [ 600/2502 ( 24%)]  Loss:  5.962362 (5.8851)  Time: 0.368s, 1389.43/s  (0.373s, 1374.02/s)  ETA: 03:18:16  Done: 2026-06-04 20:59:16  LR: 3.997e-05  Data: 0.006 (0.008)
Train: 37 [ 650/2502 ( 26%)]  Loss:  5.580751 (5.8633)  Time: 0.368s, 1390.59/s  (0.372s, 1375.03/s)  ETA: 03:17:48  Done: 2026-06-04 20:59:07  LR: 3.997e-05  Data: 0.007 (0.008)
Train: 37 [ 700/2502 ( 28%)]  Loss:  6.169758 (5.8837)  Time: 0.368s, 1389.73/s  (0.372s, 1376.02/s)  ETA: 03:17:21  Done: 2026-06-04 20:58:58  LR: 3.997e-05  Data: 0.007 (0.008)
Train: 37 [ 750/2502 ( 30%)]  Loss:  5.755880 (5.8758)  Time: 0.368s, 1390.46/s  (0.372s, 1376.86/s)  ETA: 03:16:55  Done: 2026-06-04 20:58:51  LR: 3.997e-05  Data: 0.007 (0.007)
Train: 37 [ 800/2502 ( 32%)]  Loss:  6.157391 (5.8923)  Time: 0.368s, 1392.99/s  (0.372s, 1377.50/s)  ETA: 03:16:31  Done: 2026-06-04 20:58:45  LR: 3.997e-05  Data: 0.007 (0.007)
Train: 37 [ 850/2502 ( 34%)]  Loss:  5.940066 (5.8950)  Time: 0.368s, 1389.61/s  (0.372s, 1377.88/s)  ETA: 03:16:09  Done: 2026-06-04 20:58:42  LR: 3.997e-05  Data: 0.006 (0.007)
Train: 37 [ 900/2502 ( 36%)]  Loss:  6.434176 (5.9234)  Time: 0.368s, 1391.64/s  (0.372s, 1378.15/s)  ETA: 03:15:49  Done: 2026-06-04 20:58:40  LR: 3.997e-05  Data: 0.006 (0.007)
Train: 37 [ 950/2502 ( 38%)]  Loss:  5.823340 (5.9184)  Time: 0.369s, 1386.38/s  (0.371s, 1378.74/s)  ETA: 03:15:25  Done: 2026-06-04 20:58:35  LR: 3.997e-05  Data: 0.007 (0.007)
Train: 37 [1000/2502 ( 40%)]  Loss:  5.903412 (5.9176)  Time: 0.370s, 1383.92/s  (0.371s, 1379.22/s)  ETA: 03:15:02  Done: 2026-06-04 20:58:30  LR: 3.997e-05  Data: 0.007 (0.007)
Train: 37 [1050/2502 ( 42%)]  Loss:  5.901501 (5.9169)  Time: 0.369s, 1388.48/s  (0.371s, 1379.63/s)  ETA: 03:14:40  Done: 2026-06-04 20:58:27  LR: 3.997e-05  Data: 0.007 (0.007)
Train: 37 [1100/2502 ( 44%)]  Loss:  6.148468 (5.9270)  Time: 0.368s, 1390.44/s  (0.371s, 1380.06/s)  ETA: 03:14:18  Done: 2026-06-04 20:58:23  LR: 3.997e-05  Data: 0.007 (0.007)
Train: 37 [1150/2502 ( 46%)]  Loss:  5.065381 (5.8911)  Time: 0.368s, 1390.13/s  (0.371s, 1380.36/s)  ETA: 03:13:57  Done: 2026-06-04 20:58:20  LR: 3.997e-05  Data: 0.008 (0.007)
Train: 37 [1200/2502 ( 48%)]  Loss:  6.707604 (5.9237)  Time: 0.370s, 1384.82/s  (0.371s, 1380.73/s)  ETA: 03:13:35  Done: 2026-06-04 20:58:17  LR: 3.997e-05  Data: 0.007 (0.007)
Train: 37 [1250/2502 ( 50%)]  Loss:  5.748405 (5.9170)  Time: 0.369s, 1386.64/s  (0.371s, 1380.43/s)  ETA: 03:13:19  Done: 2026-06-04 20:58:20  LR: 3.997e-05  Data: 0.007 (0.007)
Train: 37 [1300/2502 ( 52%)]  Loss:  5.701882 (5.9090)  Time: 0.500s, 1023.43/s  (0.371s, 1379.33/s)  ETA: 03:13:10  Done: 2026-06-04 20:58:29  LR: 3.997e-05  Data: 0.007 (0.007)
Train: 37 [1350/2502 ( 54%)]  Loss:  5.658021 (5.9001)  Time: 0.387s, 1322.64/s  (0.371s, 1378.61/s)  ETA: 03:12:58  Done: 2026-06-04 20:58:36  LR: 3.997e-05  Data: 0.007 (0.007)
Train: 37 [1400/2502 ( 56%)]  Loss:  5.808650 (5.8969)  Time: 0.370s, 1383.42/s  (0.372s, 1377.32/s)  ETA: 03:12:50  Done: 2026-06-04 20:58:47  LR: 3.997e-05  Data: 0.007 (0.007)
Train: 37 [1450/2502 ( 58%)]  Loss:  5.868720 (5.8960)  Time: 0.367s, 1393.47/s  (0.372s, 1377.51/s)  ETA: 03:12:30  Done: 2026-06-04 20:58:45  LR: 3.997e-05  Data: 0.007 (0.007)
Train: 37 [1500/2502 ( 60%)]  Loss:  5.969273 (5.8983)  Time: 0.369s, 1389.04/s  (0.372s, 1377.83/s)  ETA: 03:12:08  Done: 2026-06-04 20:58:43  LR: 3.997e-05  Data: 0.006 (0.007)
Train: 37 [1550/2502 ( 62%)]  Loss:  5.824766 (5.8960)  Time: 0.369s, 1388.46/s  (0.372s, 1377.94/s)  ETA: 03:11:49  Done: 2026-06-04 20:58:42  LR: 3.997e-05  Data: 0.007 (0.007)
Train: 37 [1600/2502 ( 64%)]  Loss:  5.540255 (5.8853)  Time: 0.371s, 1379.82/s  (0.372s, 1378.07/s)  ETA: 03:11:29  Done: 2026-06-04 20:58:40  LR: 3.997e-05  Data: 0.006 (0.007)
Train: 37 [1650/2502 ( 66%)]  Loss:  5.203656 (5.8652)  Time: 0.368s, 1389.82/s  (0.371s, 1378.28/s)  ETA: 03:11:09  Done: 2026-06-04 20:58:39  LR: 3.997e-05  Data: 0.007 (0.007)
Train: 37 [1700/2502 ( 68%)]  Loss:  5.827549 (5.8641)  Time: 0.368s, 1390.74/s  (0.371s, 1378.51/s)  ETA: 03:10:48  Done: 2026-06-04 20:58:37  LR: 3.997e-05  Data: 0.006 (0.007)
Train: 37 [1750/2502 ( 70%)]  Loss:  5.620580 (5.8574)  Time: 0.371s, 1379.65/s  (0.371s, 1378.77/s)  ETA: 03:10:28  Done: 2026-06-04 20:58:34  LR: 3.997e-05  Data: 0.006 (0.007)
Train: 37 [1800/2502 ( 72%)]  Loss:  5.966488 (5.8603)  Time: 0.367s, 1393.22/s  (0.371s, 1379.02/s)  ETA: 03:10:07  Done: 2026-06-04 20:58:32  LR: 3.997e-05  Data: 0.006 (0.007)
Train: 37 [1850/2502 ( 74%)]  Loss:  5.857749 (5.8602)  Time: 0.368s, 1390.09/s  (0.371s, 1379.22/s)  ETA: 03:09:47  Done: 2026-06-04 20:58:30  LR: 3.997e-05  Data: 0.006 (0.007)
Train: 37 [1900/2502 ( 76%)]  Loss:  6.503320 (5.8767)  Time: 0.368s, 1392.34/s  (0.371s, 1379.49/s)  ETA: 03:09:26  Done: 2026-06-04 20:58:28  LR: 3.997e-05  Data: 0.006 (0.007)
Train: 37 [1950/2502 ( 78%)]  Loss:  6.012937 (5.8801)  Time: 0.369s, 1389.12/s  (0.371s, 1379.75/s)  ETA: 03:09:05  Done: 2026-06-04 20:58:26  LR: 3.997e-05  Data: 0.007 (0.007)
Train: 37 [2000/2502 ( 80%)]  Loss:  6.316585 (5.8908)  Time: 0.368s, 1390.10/s  (0.371s, 1380.00/s)  ETA: 03:08:45  Done: 2026-06-04 20:58:24  LR: 3.997e-05  Data: 0.006 (0.007)
Train: 37 [2050/2502 ( 82%)]  Loss:  6.147780 (5.8969)  Time: 0.369s, 1388.21/s  (0.371s, 1380.19/s)  ETA: 03:08:25  Done: 2026-06-04 20:58:22  LR: 3.997e-05  Data: 0.006 (0.007)
Train: 37 [2100/2502 ( 84%)]  Loss:  6.077782 (5.9011)  Time: 0.371s, 1380.94/s  (0.371s, 1380.38/s)  ETA: 03:08:05  Done: 2026-06-04 20:58:20  LR: 3.997e-05  Data: 0.007 (0.007)
Train: 37 [2150/2502 ( 86%)]  Loss:  5.921081 (5.9016)  Time: 0.369s, 1386.13/s  (0.371s, 1380.60/s)  ETA: 03:07:44  Done: 2026-06-04 20:58:18  LR: 3.997e-05  Data: 0.007 (0.007)
Train: 37 [2200/2502 ( 88%)]  Loss:  5.694313 (5.8970)  Time: 0.369s, 1389.13/s  (0.371s, 1380.81/s)  ETA: 03:07:24  Done: 2026-06-04 20:58:16  LR: 3.997e-05  Data: 0.006 (0.007)
Train: 37 [2250/2502 ( 90%)]  Loss:  5.937164 (5.8978)  Time: 0.369s, 1389.17/s  (0.371s, 1380.39/s)  ETA: 03:07:09  Done: 2026-06-04 20:58:20  LR: 3.997e-05  Data: 0.006 (0.007)
Train: 37 [2300/2502 ( 92%)]  Loss:  5.534728 (5.8901)  Time: 0.368s, 1392.19/s  (0.371s, 1380.10/s)  ETA: 03:06:53  Done: 2026-06-04 20:58:23  LR: 3.997e-05  Data: 0.006 (0.007)
Train: 37 [2350/2502 ( 94%)]  Loss:  6.257374 (5.8978)  Time: 0.369s, 1386.86/s  (0.371s, 1379.90/s)  ETA: 03:06:36  Done: 2026-06-04 20:58:25  LR: 3.997e-05  Data: 0.006 (0.007)
Train: 37 [2400/2502 ( 96%)]  Loss:  5.929977 (5.8984)  Time: 0.371s, 1381.36/s  (0.371s, 1380.04/s)  ETA: 03:06:16  Done: 2026-06-04 20:58:23  LR: 3.997e-05  Data: 0.007 (0.007)
Train: 37 [2450/2502 ( 98%)]  Loss:  6.281783 (5.9061)  Time: 0.369s, 1388.56/s  (0.371s, 1380.13/s)  ETA: 03:05:57  Done: 2026-06-04 20:58:23  LR: 3.997e-05  Data: 0.006 (0.007)
epoch:  37 g['lr']:  3.996802493677458e-05
Train: 38 [   0/2502 (  0%)]  Loss:  5.826137 (5.8261)  Time: 1.088s,  470.47/s  (1.088s,  470.47/s)  ETA: 09:04:33  Done: 2026-06-05 02:57:17  LR: 3.575e-05  Data: 0.626 (0.626)
Train: 38 [  50/2502 (  2%)]  Loss:  5.974793 (5.9005)  Time: 0.370s, 1382.64/s  (0.384s, 1333.88/s)  ETA: 03:11:44  Done: 2026-06-04 21:04:47  LR: 3.575e-05  Data: 0.006 (0.018)
Train: 38 [ 100/2502 (  4%)]  Loss:  6.165127 (5.9887)  Time: 0.368s, 1391.16/s  (0.377s, 1359.86/s)  ETA: 03:07:46  Done: 2026-06-04 21:01:06  LR: 3.575e-05  Data: 0.007 (0.012)
Train: 38 [ 150/2502 (  6%)]  Loss:  6.008431 (5.9936)  Time: 0.370s, 1382.12/s  (0.374s, 1367.94/s)  ETA: 03:06:21  Done: 2026-06-04 21:00:00  LR: 3.575e-05  Data: 0.007 (0.010)
Train: 38 [ 200/2502 (  8%)]  Loss:  5.756083 (5.9461)  Time: 0.369s, 1389.14/s  (0.373s, 1372.14/s)  ETA: 03:05:28  Done: 2026-06-04 20:59:25  LR: 3.575e-05  Data: 0.007 (0.009)
Train: 38 [ 250/2502 ( 10%)]  Loss:  5.744578 (5.9125)  Time: 0.367s, 1395.72/s  (0.372s, 1375.31/s)  ETA: 03:04:43  Done: 2026-06-04 20:58:59  LR: 3.575e-05  Data: 0.006 (0.009)
Train: 38 [ 300/2502 ( 12%)]  Loss:  5.991587 (5.9238)  Time: 0.368s, 1391.47/s  (0.372s, 1377.68/s)  ETA: 03:04:06  Done: 2026-06-04 20:58:40  LR: 3.575e-05  Data: 0.007 (0.008)
Train: 38 [ 350/2502 ( 14%)]  Loss:  6.146085 (5.9516)  Time: 0.368s, 1390.64/s  (0.371s, 1379.48/s)  ETA: 03:03:33  Done: 2026-06-04 20:58:26  LR: 3.575e-05  Data: 0.007 (0.008)
Train: 38 [ 400/2502 ( 16%)]  Loss:  6.193404 (5.9785)  Time: 0.369s, 1386.09/s  (0.371s, 1380.42/s)  ETA: 03:03:07  Done: 2026-06-04 20:58:18  LR: 3.575e-05  Data: 0.007 (0.008)
Train: 38 [ 450/2502 ( 18%)]  Loss:  5.351373 (5.9158)  Time: 0.369s, 1387.78/s  (0.371s, 1380.93/s)  ETA: 03:02:44  Done: 2026-06-04 20:58:14  LR: 3.575e-05  Data: 0.007 (0.008)
Train: 38 [ 500/2502 ( 20%)]  Loss:  6.063030 (5.9291)  Time: 0.369s, 1387.96/s  (0.371s, 1381.61/s)  ETA: 03:02:20  Done: 2026-06-04 20:58:08  LR: 3.575e-05  Data: 0.006 (0.008)
Train: 38 [ 550/2502 ( 22%)]  Loss:  5.064205 (5.8571)  Time: 0.368s, 1389.62/s  (0.370s, 1382.26/s)  ETA: 03:01:57  Done: 2026-06-04 20:58:03  LR: 3.575e-05  Data: 0.007 (0.008)
Train: 38 [ 600/2502 ( 24%)]  Loss:  6.436465 (5.9016)  Time: 0.368s, 1390.31/s  (0.370s, 1382.87/s)  ETA: 03:01:33  Done: 2026-06-04 20:57:58  LR: 3.575e-05  Data: 0.006 (0.008)
Train: 38 [ 650/2502 ( 26%)]  Loss:  6.318767 (5.9314)  Time: 0.368s, 1393.04/s  (0.370s, 1382.90/s)  ETA: 03:01:14  Done: 2026-06-04 20:57:58  LR: 3.575e-05  Data: 0.007 (0.007)
Train: 38 [ 700/2502 ( 28%)]  Loss:  5.915536 (5.9304)  Time: 0.369s, 1386.73/s  (0.371s, 1380.65/s)  ETA: 03:01:14  Done: 2026-06-04 20:58:16  LR: 3.575e-05  Data: 0.007 (0.007)
Train: 38 [ 750/2502 ( 30%)]  Loss:  6.138044 (5.9434)  Time: 0.369s, 1386.26/s  (0.371s, 1379.45/s)  ETA: 03:01:05  Done: 2026-06-04 20:58:26  LR: 3.575e-05  Data: 0.006 (0.007)
Train: 38 [ 800/2502 ( 32%)]  Loss:  6.208479 (5.9589)  Time: 0.368s, 1392.67/s  (0.371s, 1378.58/s)  ETA: 03:00:53  Done: 2026-06-04 20:58:33  LR: 3.575e-05  Data: 0.006 (0.007)
Train: 38 [ 850/2502 ( 34%)]  Loss:  5.813006 (5.9508)  Time: 0.368s, 1391.80/s  (0.371s, 1379.17/s)  ETA: 03:00:30  Done: 2026-06-04 20:58:28  LR: 3.575e-05  Data: 0.006 (0.007)
Train: 38 [ 900/2502 ( 36%)]  Loss:  5.995353 (5.9532)  Time: 0.369s, 1386.83/s  (0.371s, 1379.18/s)  ETA: 03:00:11  Done: 2026-06-04 20:58:28  LR: 3.575e-05  Data: 0.007 (0.007)
Train: 38 [ 950/2502 ( 38%)]  Loss:  5.918535 (5.9515)  Time: 0.368s, 1392.14/s  (0.371s, 1379.00/s)  ETA: 02:59:54  Done: 2026-06-04 20:58:29  LR: 3.575e-05  Data: 0.006 (0.007)
Train: 38 [1000/2502 ( 40%)]  Loss:  6.187469 (5.9627)  Time: 0.369s, 1388.28/s  (0.371s, 1379.30/s)  ETA: 02:59:33  Done: 2026-06-04 20:58:27  LR: 3.575e-05  Data: 0.007 (0.007)
Train: 38 [1050/2502 ( 42%)]  Loss:  6.038476 (5.9661)  Time: 0.368s, 1390.06/s  (0.371s, 1379.37/s)  ETA: 02:59:14  Done: 2026-06-04 20:58:27  LR: 3.575e-05  Data: 0.007 (0.007)
Train: 38 [1100/2502 ( 44%)]  Loss:  6.165505 (5.9748)  Time: 0.368s, 1392.09/s  (0.371s, 1379.72/s)  ETA: 02:58:53  Done: 2026-06-04 20:58:24  LR: 3.575e-05  Data: 0.007 (0.007)
Train: 38 [1150/2502 ( 46%)]  Loss:  6.040667 (5.9775)  Time: 0.367s, 1395.85/s  (0.371s, 1378.88/s)  ETA: 02:58:41  Done: 2026-06-04 20:58:30  LR: 3.575e-05  Data: 0.006 (0.007)
Train: 38 [1200/2502 ( 48%)]  Loss:  5.988622 (5.9780)  Time: 0.368s, 1392.76/s  (0.371s, 1379.20/s)  ETA: 02:58:19  Done: 2026-06-04 20:58:28  LR: 3.575e-05  Data: 0.007 (0.007)
Train: 38 [1250/2502 ( 50%)]  Loss:  6.003533 (5.9790)  Time: 0.371s, 1380.71/s  (0.371s, 1379.50/s)  ETA: 02:57:59  Done: 2026-06-04 20:58:25  LR: 3.575e-05  Data: 0.006 (0.007)
Train: 38 [1300/2502 ( 52%)]  Loss:  5.890315 (5.9757)  Time: 0.368s, 1389.77/s  (0.371s, 1379.74/s)  ETA: 02:57:38  Done: 2026-06-04 20:58:24  LR: 3.575e-05  Data: 0.007 (0.007)
Train: 38 [1350/2502 ( 54%)]  Loss:  6.046680 (5.9782)  Time: 0.368s, 1390.34/s  (0.371s, 1380.05/s)  ETA: 02:57:17  Done: 2026-06-04 20:58:21  LR: 3.575e-05  Data: 0.006 (0.007)
Train: 38 [1400/2502 ( 56%)]  Loss:  5.719956 (5.9693)  Time: 0.377s, 1357.48/s  (0.371s, 1380.36/s)  ETA: 02:56:56  Done: 2026-06-04 20:58:19  LR: 3.575e-05  Data: 0.008 (0.007)
Train: 38 [1450/2502 ( 58%)]  Loss:  6.151314 (5.9754)  Time: 0.368s, 1391.19/s  (0.371s, 1380.66/s)  ETA: 02:56:35  Done: 2026-06-04 20:58:16  LR: 3.575e-05  Data: 0.007 (0.007)
Train: 38 [1500/2502 ( 60%)]  Loss:  5.814466 (5.9702)  Time: 0.368s, 1390.07/s  (0.371s, 1380.61/s)  ETA: 02:56:17  Done: 2026-06-04 20:58:17  LR: 3.575e-05  Data: 0.007 (0.007)
Train: 38 [1550/2502 ( 62%)]  Loss:  5.745757 (5.9632)  Time: 0.368s, 1390.83/s  (0.371s, 1380.72/s)  ETA: 02:55:58  Done: 2026-06-04 20:58:16  LR: 3.575e-05  Data: 0.006 (0.007)
Train: 38 [1600/2502 ( 64%)]  Loss:  5.295891 (5.9430)  Time: 0.368s, 1389.65/s  (0.371s, 1380.31/s)  ETA: 02:55:42  Done: 2026-06-04 20:58:19  LR: 3.575e-05  Data: 0.007 (0.007)
Train: 38 [1650/2502 ( 66%)]  Loss:  5.378357 (5.9264)  Time: 0.369s, 1386.65/s  (0.371s, 1379.84/s)  ETA: 02:55:28  Done: 2026-06-04 20:58:23  LR: 3.575e-05  Data: 0.006 (0.007)
Train: 38 [1700/2502 ( 68%)]  Loss:  5.515212 (5.9146)  Time: 0.369s, 1387.02/s  (0.371s, 1379.19/s)  ETA: 02:55:14  Done: 2026-06-04 20:58:28  LR: 3.575e-05  Data: 0.007 (0.007)
Train: 38 [1750/2502 ( 70%)]  Loss:  5.829948 (5.9123)  Time: 0.369s, 1385.87/s  (0.371s, 1378.95/s)  ETA: 02:54:57  Done: 2026-06-04 20:58:30  LR: 3.575e-05  Data: 0.007 (0.007)
Train: 38 [1800/2502 ( 72%)]  Loss:  6.011086 (5.9149)  Time: 0.367s, 1393.85/s  (0.371s, 1379.25/s)  ETA: 02:54:36  Done: 2026-06-04 20:58:28  LR: 3.575e-05  Data: 0.007 (0.007)
Train: 38 [1850/2502 ( 74%)]  Loss:  5.545007 (5.9052)  Time: 0.368s, 1389.84/s  (0.371s, 1379.37/s)  ETA: 02:54:17  Done: 2026-06-04 20:58:27  LR: 3.575e-05  Data: 0.006 (0.007)
Train: 38 [1900/2502 ( 76%)]  Loss:  5.609105 (5.8976)  Time: 0.368s, 1392.20/s  (0.371s, 1379.65/s)  ETA: 02:53:56  Done: 2026-06-04 20:58:24  LR: 3.575e-05  Data: 0.007 (0.007)
Train: 38 [1950/2502 ( 78%)]  Loss:  6.226912 (5.9058)  Time: 0.368s, 1390.87/s  (0.371s, 1379.90/s)  ETA: 02:53:36  Done: 2026-06-04 20:58:22  LR: 3.575e-05  Data: 0.007 (0.007)
Train: 38 [2000/2502 ( 80%)]  Loss:  5.975399 (5.9075)  Time: 0.373s, 1372.11/s  (0.371s, 1379.99/s)  ETA: 02:53:16  Done: 2026-06-04 20:58:22  LR: 3.575e-05  Data: 0.006 (0.007)
Train: 38 [2050/2502 ( 82%)]  Loss:  5.926385 (5.9080)  Time: 0.372s, 1377.39/s  (0.371s, 1380.02/s)  ETA: 02:52:58  Done: 2026-06-04 20:58:21  LR: 3.575e-05  Data: 0.006 (0.007)
Train: 38 [2100/2502 ( 84%)]  Loss:  6.116519 (5.9128)  Time: 0.368s, 1389.56/s  (0.371s, 1380.20/s)  ETA: 02:52:38  Done: 2026-06-04 20:58:20  LR: 3.575e-05  Data: 0.006 (0.007)
Train: 38 [2150/2502 ( 86%)]  Loss:  5.613145 (5.9060)  Time: 0.370s, 1382.14/s  (0.371s, 1380.37/s)  ETA: 02:52:18  Done: 2026-06-04 20:58:18  LR: 3.575e-05  Data: 0.007 (0.007)
Train: 38 [2200/2502 ( 88%)]  Loss:  5.202420 (5.8904)  Time: 0.369s, 1386.59/s  (0.371s, 1380.52/s)  ETA: 02:51:58  Done: 2026-06-04 20:58:17  LR: 3.575e-05  Data: 0.006 (0.007)
Train: 38 [2250/2502 ( 90%)]  Loss:  5.883642 (5.8902)  Time: 0.368s, 1392.80/s  (0.371s, 1380.61/s)  ETA: 02:51:39  Done: 2026-06-04 20:58:17  LR: 3.575e-05  Data: 0.007 (0.007)
Train: 38 [2300/2502 ( 92%)]  Loss:  5.823219 (5.8888)  Time: 0.367s, 1394.03/s  (0.371s, 1380.72/s)  ETA: 02:51:20  Done: 2026-06-04 20:58:16  LR: 3.575e-05  Data: 0.006 (0.007)
Train: 38 [2350/2502 ( 94%)]  Loss:  5.587458 (5.8825)  Time: 0.369s, 1388.92/s  (0.371s, 1380.91/s)  ETA: 02:51:00  Done: 2026-06-04 20:58:14  LR: 3.575e-05  Data: 0.007 (0.007)
Train: 38 [2400/2502 ( 96%)]  Loss:  6.002871 (5.8850)  Time: 0.369s, 1387.00/s  (0.371s, 1381.11/s)  ETA: 02:50:40  Done: 2026-06-04 20:58:13  LR: 3.575e-05  Data: 0.007 (0.007)
Train: 38 [2450/2502 ( 98%)]  Loss:  6.070908 (5.8887)  Time: 0.373s, 1371.84/s  (0.371s, 1381.29/s)  ETA: 02:50:20  Done: 2026-06-04 20:58:11  LR: 3.575e-05  Data: 0.007 (0.007)
epoch:  38 g['lr']:  3.574798039496592e-05
Train: 39 [   0/2502 (  0%)]  Loss:  6.170903 (6.1709)  Time: 1.059s,  483.25/s  (1.059s,  483.25/s)  ETA: 08:05:58  Done: 2026-06-05 02:14:07  LR: 3.180e-05  Data: 0.614 (0.614)
Train: 39 [  50/2502 (  2%)]  Loss:  5.205435 (5.6882)  Time: 0.368s, 1390.38/s  (0.387s, 1322.27/s)  ETA: 02:57:17  Done: 2026-06-04 21:05:44  LR: 3.180e-05  Data: 0.007 (0.018)
Train: 39 [ 100/2502 (  4%)]  Loss:  6.210621 (5.8623)  Time: 0.368s, 1389.48/s  (0.379s, 1350.75/s)  ETA: 02:53:13  Done: 2026-06-04 21:02:00  LR: 3.180e-05  Data: 0.006 (0.013)
Train: 39 [ 150/2502 (  6%)]  Loss:  6.315965 (5.9757)  Time: 0.369s, 1389.35/s  (0.379s, 1349.50/s)  ETA: 02:53:04  Done: 2026-06-04 21:02:09  LR: 3.180e-05  Data: 0.008 (0.011)
Train: 39 [ 200/2502 (  8%)]  Loss:  6.532635 (6.0871)  Time: 0.369s, 1385.91/s  (0.378s, 1354.86/s)  ETA: 02:52:04  Done: 2026-06-04 21:01:28  LR: 3.180e-05  Data: 0.007 (0.010)
Train: 39 [ 250/2502 ( 10%)]  Loss:  5.596788 (6.0054)  Time: 0.371s, 1378.92/s  (0.376s, 1360.79/s)  ETA: 02:51:00  Done: 2026-06-04 21:00:43  LR: 3.180e-05  Data: 0.007 (0.009)
Train: 39 [ 300/2502 ( 12%)]  Loss:  5.368932 (5.9145)  Time: 0.369s, 1388.52/s  (0.375s, 1364.67/s)  ETA: 02:50:12  Done: 2026-06-04 21:00:13  LR: 3.180e-05  Data: 0.007 (0.009)
Train: 39 [ 350/2502 ( 14%)]  Loss:  5.522238 (5.8654)  Time: 0.370s, 1383.58/s  (0.374s, 1368.12/s)  ETA: 02:49:28  Done: 2026-06-04 20:59:47  LR: 3.180e-05  Data: 0.007 (0.008)
Train: 39 [ 400/2502 ( 16%)]  Loss:  6.315166 (5.9154)  Time: 0.370s, 1384.26/s  (0.374s, 1370.45/s)  ETA: 02:48:52  Done: 2026-06-04 20:59:30  LR: 3.180e-05  Data: 0.007 (0.008)
Train: 39 [ 450/2502 ( 18%)]  Loss:  6.047311 (5.9286)  Time: 0.368s, 1392.84/s  (0.373s, 1372.20/s)  ETA: 02:48:20  Done: 2026-06-04 20:59:16  LR: 3.180e-05  Data: 0.007 (0.008)
Train: 39 [ 500/2502 ( 20%)]  Loss:  6.101145 (5.9443)  Time: 0.371s, 1379.69/s  (0.373s, 1373.57/s)  ETA: 02:47:52  Done: 2026-06-04 20:59:06  LR: 3.180e-05  Data: 0.007 (0.008)
Train: 39 [ 550/2502 ( 22%)]  Loss:  6.307271 (5.9745)  Time: 0.371s, 1381.66/s  (0.373s, 1374.27/s)  ETA: 02:47:28  Done: 2026-06-04 20:59:01  LR: 3.180e-05  Data: 0.007 (0.008)
Train: 39 [ 600/2502 ( 24%)]  Loss:  6.069118 (5.9818)  Time: 0.369s, 1386.83/s  (0.373s, 1374.49/s)  ETA: 02:47:08  Done: 2026-06-04 20:58:59  LR: 3.180e-05  Data: 0.006 (0.008)
Train: 39 [ 650/2502 ( 26%)]  Loss:  5.618401 (5.9559)  Time: 0.371s, 1381.43/s  (0.372s, 1375.21/s)  ETA: 02:46:44  Done: 2026-06-04 20:58:54  LR: 3.180e-05  Data: 0.007 (0.008)
Train: 39 [ 700/2502 ( 28%)]  Loss:  6.106812 (5.9659)  Time: 0.369s, 1388.82/s  (0.372s, 1375.90/s)  ETA: 02:46:20  Done: 2026-06-04 20:58:49  LR: 3.180e-05  Data: 0.007 (0.007)
Train: 39 [ 750/2502 ( 30%)]  Loss:  6.005894 (5.9684)  Time: 0.369s, 1387.95/s  (0.372s, 1376.12/s)  ETA: 02:46:00  Done: 2026-06-04 20:58:47  LR: 3.180e-05  Data: 0.007 (0.007)
Train: 39 [ 800/2502 ( 32%)]  Loss:  5.943501 (5.9669)  Time: 0.368s, 1391.73/s  (0.372s, 1376.66/s)  ETA: 02:45:37  Done: 2026-06-04 20:58:43  LR: 3.180e-05  Data: 0.007 (0.007)
Train: 39 [ 850/2502 ( 34%)]  Loss:  5.859777 (5.9610)  Time: 0.369s, 1387.01/s  (0.372s, 1377.23/s)  ETA: 02:45:15  Done: 2026-06-04 20:58:39  LR: 3.180e-05  Data: 0.007 (0.007)
Train: 39 [ 900/2502 ( 36%)]  Loss:  6.004704 (5.9633)  Time: 0.376s, 1360.91/s  (0.372s, 1377.31/s)  ETA: 02:44:56  Done: 2026-06-04 20:58:38  LR: 3.180e-05  Data: 0.006 (0.007)
Train: 39 [ 950/2502 ( 38%)]  Loss:  5.545015 (5.9424)  Time: 0.369s, 1388.25/s  (0.372s, 1377.97/s)  ETA: 02:44:32  Done: 2026-06-04 20:58:33  LR: 3.180e-05  Data: 0.007 (0.007)
Train: 39 [1000/2502 ( 40%)]  Loss:  5.758441 (5.9336)  Time: 0.369s, 1386.91/s  (0.372s, 1377.30/s)  ETA: 02:44:18  Done: 2026-06-04 20:58:38  LR: 3.180e-05  Data: 0.007 (0.007)
Train: 39 [1050/2502 ( 42%)]  Loss:  5.579809 (5.9175)  Time: 0.368s, 1391.83/s  (0.372s, 1377.16/s)  ETA: 02:44:01  Done: 2026-06-04 20:58:39  LR: 3.180e-05  Data: 0.007 (0.007)
Train: 39 [1100/2502 ( 44%)]  Loss:  6.053829 (5.9235)  Time: 0.373s, 1371.81/s  (0.372s, 1375.88/s)  ETA: 02:43:51  Done: 2026-06-04 20:58:49  LR: 3.180e-05  Data: 0.007 (0.007)
Train: 39 [1150/2502 ( 46%)]  Loss:  5.634934 (5.9114)  Time: 0.370s, 1383.79/s  (0.372s, 1375.69/s)  ETA: 02:43:34  Done: 2026-06-04 20:58:50  LR: 3.180e-05  Data: 0.007 (0.007)
Train: 39 [1200/2502 ( 48%)]  Loss:  6.066308 (5.9176)  Time: 0.368s, 1390.50/s  (0.372s, 1376.17/s)  ETA: 02:43:12  Done: 2026-06-04 20:58:47  LR: 3.180e-05  Data: 0.007 (0.007)
Train: 39 [1250/2502 ( 50%)]  Loss:  4.867189 (5.8772)  Time: 0.370s, 1382.24/s  (0.372s, 1376.55/s)  ETA: 02:42:51  Done: 2026-06-04 20:58:44  LR: 3.180e-05  Data: 0.007 (0.007)
Train: 39 [1300/2502 ( 52%)]  Loss:  6.006768 (5.8820)  Time: 0.370s, 1383.29/s  (0.372s, 1376.82/s)  ETA: 02:42:30  Done: 2026-06-04 20:58:42  LR: 3.180e-05  Data: 0.007 (0.007)
Train: 39 [1350/2502 ( 54%)]  Loss:  5.820007 (5.8798)  Time: 0.371s, 1381.23/s  (0.372s, 1377.07/s)  ETA: 02:42:10  Done: 2026-06-04 20:58:40  LR: 3.180e-05  Data: 0.007 (0.007)
Train: 39 [1400/2502 ( 56%)]  Loss:  6.081975 (5.8868)  Time: 0.370s, 1385.32/s  (0.372s, 1377.36/s)  ETA: 02:41:49  Done: 2026-06-04 20:58:38  LR: 3.180e-05  Data: 0.007 (0.007)
Train: 39 [1450/2502 ( 58%)]  Loss:  6.144505 (5.8954)  Time: 0.369s, 1389.01/s  (0.372s, 1377.57/s)  ETA: 02:41:29  Done: 2026-06-04 20:58:36  LR: 3.180e-05  Data: 0.007 (0.007)
Train: 39 [1500/2502 ( 60%)]  Loss:  5.685985 (5.8886)  Time: 0.368s, 1391.64/s  (0.372s, 1377.90/s)  ETA: 02:41:08  Done: 2026-06-04 20:58:34  LR: 3.180e-05  Data: 0.007 (0.007)
Train: 39 [1550/2502 ( 62%)]  Loss:  6.119757 (5.8958)  Time: 0.385s, 1328.83/s  (0.372s, 1378.15/s)  ETA: 02:40:48  Done: 2026-06-04 20:58:32  LR: 3.180e-05  Data: 0.007 (0.007)
Train: 39 [1600/2502 ( 64%)]  Loss:  5.128853 (5.8726)  Time: 0.369s, 1386.79/s  (0.371s, 1378.48/s)  ETA: 02:40:27  Done: 2026-06-04 20:58:30  LR: 3.180e-05  Data: 0.006 (0.007)
Train: 39 [1650/2502 ( 66%)]  Loss:  5.875478 (5.8727)  Time: 0.368s, 1390.33/s  (0.371s, 1378.64/s)  ETA: 02:40:07  Done: 2026-06-04 20:58:29  LR: 3.180e-05  Data: 0.007 (0.007)
Train: 39 [1700/2502 ( 68%)]  Loss:  6.342752 (5.8861)  Time: 0.368s, 1391.06/s  (0.371s, 1378.91/s)  ETA: 02:39:47  Done: 2026-06-04 20:58:27  LR: 3.180e-05  Data: 0.006 (0.007)
Train: 39 [1750/2502 ( 70%)]  Loss:  6.117393 (5.8925)  Time: 0.369s, 1386.82/s  (0.371s, 1379.11/s)  ETA: 02:39:27  Done: 2026-06-04 20:58:25  LR: 3.180e-05  Data: 0.007 (0.007)
Train: 39 [1800/2502 ( 72%)]  Loss:  5.822595 (5.8907)  Time: 0.369s, 1388.93/s  (0.371s, 1379.37/s)  ETA: 02:39:07  Done: 2026-06-04 20:58:23  LR: 3.180e-05  Data: 0.007 (0.007)
Train: 39 [1850/2502 ( 74%)]  Loss:  5.957345 (5.8924)  Time: 0.368s, 1391.00/s  (0.371s, 1379.65/s)  ETA: 02:38:46  Done: 2026-06-04 20:58:21  LR: 3.180e-05  Data: 0.007 (0.007)
Train: 39 [1900/2502 ( 76%)]  Loss:  5.689850 (5.8872)  Time: 0.369s, 1388.84/s  (0.371s, 1379.88/s)  ETA: 02:38:26  Done: 2026-06-04 20:58:19  LR: 3.180e-05  Data: 0.007 (0.007)
Train: 39 [1950/2502 ( 78%)]  Loss:  5.800481 (5.8850)  Time: 0.468s, 1093.95/s  (0.371s, 1379.42/s)  ETA: 02:38:11  Done: 2026-06-04 20:58:23  LR: 3.180e-05  Data: 0.007 (0.007)
Train: 39 [2000/2502 ( 80%)]  Loss:  5.995128 (5.8877)  Time: 0.368s, 1390.06/s  (0.371s, 1379.59/s)  ETA: 02:37:51  Done: 2026-06-04 20:58:21  LR: 3.180e-05  Data: 0.007 (0.007)
Train: 39 [2050/2502 ( 82%)]  Loss:  5.360325 (5.8752)  Time: 0.367s, 1393.98/s  (0.371s, 1378.93/s)  ETA: 02:37:37  Done: 2026-06-04 20:58:26  LR: 3.180e-05  Data: 0.007 (0.007)
Train: 39 [2100/2502 ( 84%)]  Loss:  5.879954 (5.8753)  Time: 0.368s, 1392.37/s  (0.371s, 1378.99/s)  ETA: 02:37:18  Done: 2026-06-04 20:58:26  LR: 3.180e-05  Data: 0.007 (0.007)
Train: 39 [2150/2502 ( 86%)]  Loss:  6.300241 (5.8849)  Time: 0.370s, 1383.39/s  (0.371s, 1378.99/s)  ETA: 02:36:59  Done: 2026-06-04 20:58:26  LR: 3.180e-05  Data: 0.007 (0.007)
Train: 39 [2200/2502 ( 88%)]  Loss:  5.667446 (5.8801)  Time: 0.370s, 1385.43/s  (0.371s, 1379.19/s)  ETA: 02:36:39  Done: 2026-06-04 20:58:24  LR: 3.180e-05  Data: 0.006 (0.007)
Train: 39 [2250/2502 ( 90%)]  Loss:  6.105828 (5.8850)  Time: 0.369s, 1389.13/s  (0.371s, 1379.25/s)  ETA: 02:36:21  Done: 2026-06-04 20:58:24  LR: 3.180e-05  Data: 0.007 (0.007)
Train: 39 [2300/2502 ( 92%)]  Loss:  5.584378 (5.8786)  Time: 0.369s, 1389.29/s  (0.371s, 1379.44/s)  ETA: 02:36:01  Done: 2026-06-04 20:58:23  LR: 3.180e-05  Data: 0.006 (0.007)
Train: 39 [2350/2502 ( 94%)]  Loss:  6.332411 (5.8881)  Time: 0.368s, 1389.46/s  (0.371s, 1379.61/s)  ETA: 02:35:41  Done: 2026-06-04 20:58:21  LR: 3.180e-05  Data: 0.007 (0.007)
Train: 39 [2400/2502 ( 96%)]  Loss:  5.982612 (5.8900)  Time: 0.368s, 1392.18/s  (0.371s, 1379.78/s)  ETA: 02:35:21  Done: 2026-06-04 20:58:20  LR: 3.180e-05  Data: 0.007 (0.007)
Train: 39 [2450/2502 ( 98%)]  Loss:  5.882715 (5.8899)  Time: 0.367s, 1395.54/s  (0.371s, 1379.93/s)  ETA: 02:35:02  Done: 2026-06-04 20:58:19  LR: 3.180e-05  Data: 0.006 (0.007)
epoch:  39 g['lr']:  3.180124193630003e-05
[rank1]:[E604 18:33:34.268202846 ProcessGroupNCCL.cpp:683] [Rank 1] Watchdog caught collective operation timeout: WorkNCCL(SeqNum=400656, OpType=BROADCAST, NumelIn=1, NumelOut=1, Timeout(ms)=600000) ran for 600032 milliseconds before timing out.
[rank1]:[E604 18:33:34.269751414 ProcessGroupNCCL.cpp:2241] [PG ID 0 PG GUID 0(default_pg) Rank 1]  failure detected by watchdog at work sequence id: 400656 PG status: last enqueued work: 400657, last completed work: 400655
[rank1]:[E604 18:33:34.269760097 ProcessGroupNCCL.cpp:730] Stack trace of the failed collective not found, potentially because FlightRecorder is disabled. You can enable it by setting TORCH_NCCL_TRACE_BUFFER_SIZE to a non-zero value.
[rank1]:[E604 18:33:34.269806573 ProcessGroupNCCL.cpp:2573] [PG ID 0 PG GUID 0(default_pg) Rank 1] First PG on this rank to signal dumping.
[rank7]:[E604 18:33:34.283340387 ProcessGroupNCCL.cpp:1794] [PG ID 0 PG GUID 0(default_pg) Rank 7] Observed flight recorder dump signal from another rank via TCPStore.
[rank7]:[E604 18:33:34.283467373 ProcessGroupNCCL.cpp:1858] [PG ID 0 PG GUID 0(default_pg) Rank 7] Received a dump signal due to a collective timeout from  rank 1 and we will try our best to dump the debug info. Last enqueued NCCL work: 400657, last completed NCCL work: 400655.This is most likely caused by incorrect usages of collectives, e.g., wrong sizes used across ranks, the order of collectives is not same for all ranks or the scheduled collective, for some reason, didn't run. Additionally, this can be caused by GIL deadlock or other reasons such as network errors or bugs in the communications library (e.g. NCCL), etc. 
[rank7]:[E604 18:33:34.283599143 ProcessGroupNCCL.cpp:1575] [PG ID 0 PG GUID 0(default_pg) Rank 7] ProcessGroupNCCL preparing to dump debug info. Include stack trace: 1
[rank2]:[E604 18:33:34.291309150 ProcessGroupNCCL.cpp:683] [Rank 2] Watchdog caught collective operation timeout: WorkNCCL(SeqNum=400656, OpType=BROADCAST, NumelIn=1, NumelOut=1, Timeout(ms)=600000) ran for 600041 milliseconds before timing out.
[rank2]:[E604 18:33:34.291458003 ProcessGroupNCCL.cpp:2241] [PG ID 0 PG GUID 0(default_pg) Rank 2]  failure detected by watchdog at work sequence id: 400656 PG status: last enqueued work: 400657, last completed work: 400655
[rank2]:[E604 18:33:34.291463634 ProcessGroupNCCL.cpp:730] Stack trace of the failed collective not found, potentially because FlightRecorder is disabled. You can enable it by setting TORCH_NCCL_TRACE_BUFFER_SIZE to a non-zero value.
[rank2]:[E604 18:33:34.291515644 ProcessGroupNCCL.cpp:2573] [PG ID 0 PG GUID 0(default_pg) Rank 2] First PG on this rank to signal dumping.
[rank4]:[E604 18:33:34.311134936 ProcessGroupNCCL.cpp:683] [Rank 4] Watchdog caught collective operation timeout: WorkNCCL(SeqNum=400656, OpType=BROADCAST, NumelIn=1, NumelOut=1, Timeout(ms)=600000) ran for 600092 milliseconds before timing out.
[rank7]:[E604 18:33:34.311183376 ProcessGroupNCCL.cpp:683] [Rank 7] Watchdog caught collective operation timeout: WorkNCCL(SeqNum=400656, OpType=BROADCAST, NumelIn=1, NumelOut=1, Timeout(ms)=600000) ran for 600076 milliseconds before timing out.
[rank4]:[E604 18:33:34.311281273 ProcessGroupNCCL.cpp:2241] [PG ID 0 PG GUID 0(default_pg) Rank 4]  failure detected by watchdog at work sequence id: 400656 PG status: last enqueued work: 400657, last completed work: 400655
[rank4]:[E604 18:33:34.311286870 ProcessGroupNCCL.cpp:730] Stack trace of the failed collective not found, potentially because FlightRecorder is disabled. You can enable it by setting TORCH_NCCL_TRACE_BUFFER_SIZE to a non-zero value.
[rank7]:[E604 18:33:34.311321616 ProcessGroupNCCL.cpp:2241] [PG ID 0 PG GUID 0(default_pg) Rank 7]  failure detected by watchdog at work sequence id: 400656 PG status: last enqueued work: 400657, last completed work: 400655
[rank7]:[E604 18:33:34.311327931 ProcessGroupNCCL.cpp:730] Stack trace of the failed collective not found, potentially because FlightRecorder is disabled. You can enable it by setting TORCH_NCCL_TRACE_BUFFER_SIZE to a non-zero value.
[rank4]:[E604 18:33:34.311340020 ProcessGroupNCCL.cpp:2573] [PG ID 0 PG GUID 0(default_pg) Rank 4] First PG on this rank to signal dumping.
[rank5]:[E604 18:33:34.397880081 ProcessGroupNCCL.cpp:683] [Rank 5] Watchdog caught collective operation timeout: WorkNCCL(SeqNum=400656, OpType=BROADCAST, NumelIn=1, NumelOut=1, Timeout(ms)=600000) ran for 600057 milliseconds before timing out.
[rank5]:[E604 18:33:34.398052535 ProcessGroupNCCL.cpp:2241] [PG ID 0 PG GUID 0(default_pg) Rank 5]  failure detected by watchdog at work sequence id: 400656 PG status: last enqueued work: 400657, last completed work: 400655
[rank5]:[E604 18:33:34.398059140 ProcessGroupNCCL.cpp:730] Stack trace of the failed collective not found, potentially because FlightRecorder is disabled. You can enable it by setting TORCH_NCCL_TRACE_BUFFER_SIZE to a non-zero value.
[rank5]:[E604 18:33:34.398120473 ProcessGroupNCCL.cpp:2573] [PG ID 0 PG GUID 0(default_pg) Rank 5] First PG on this rank to signal dumping.
[rank6]:[E604 18:33:34.400942609 ProcessGroupNCCL.cpp:683] [Rank 6] Watchdog caught collective operation timeout: WorkNCCL(SeqNum=400656, OpType=BROADCAST, NumelIn=1, NumelOut=1, Timeout(ms)=600000) ran for 600094 milliseconds before timing out.
[rank6]:[E604 18:33:34.401109239 ProcessGroupNCCL.cpp:2241] [PG ID 0 PG GUID 0(default_pg) Rank 6]  failure detected by watchdog at work sequence id: 400656 PG status: last enqueued work: 400657, last completed work: 400655
[rank6]:[E604 18:33:34.401115664 ProcessGroupNCCL.cpp:730] Stack trace of the failed collective not found, potentially because FlightRecorder is disabled. You can enable it by setting TORCH_NCCL_TRACE_BUFFER_SIZE to a non-zero value.
[rank6]:[E604 18:33:34.401178182 ProcessGroupNCCL.cpp:2573] [PG ID 0 PG GUID 0(default_pg) Rank 6] First PG on this rank to signal dumping.
[rank3]:[E604 18:33:34.417485802 ProcessGroupNCCL.cpp:683] [Rank 3] Watchdog caught collective operation timeout: WorkNCCL(SeqNum=400656, OpType=BROADCAST, NumelIn=1, NumelOut=1, Timeout(ms)=600000) ran for 600075 milliseconds before timing out.
[rank3]:[E604 18:33:34.417630925 ProcessGroupNCCL.cpp:2241] [PG ID 0 PG GUID 0(default_pg) Rank 3]  failure detected by watchdog at work sequence id: 400656 PG status: last enqueued work: 400657, last completed work: 400655
[rank3]:[E604 18:33:34.417636745 ProcessGroupNCCL.cpp:730] Stack trace of the failed collective not found, potentially because FlightRecorder is disabled. You can enable it by setting TORCH_NCCL_TRACE_BUFFER_SIZE to a non-zero value.
[rank3]:[E604 18:33:34.417704700 ProcessGroupNCCL.cpp:2573] [PG ID 0 PG GUID 0(default_pg) Rank 3] First PG on this rank to signal dumping.
[rank6]:[E604 18:33:34.585054751 ProcessGroupNCCL.cpp:1858] [PG ID 0 PG GUID 0(default_pg) Rank 6] Received a dump signal due to a collective timeout from this local rank and we will try our best to dump the debug info. Last enqueued NCCL work: 400657, last completed NCCL work: 400655.This is most likely caused by incorrect usages of collectives, e.g., wrong sizes used across ranks, the order of collectives is not same for all ranks or the scheduled collective, for some reason, didn't run. Additionally, this can be caused by GIL deadlock or other reasons such as network errors or bugs in the communications library (e.g. NCCL), etc. 
[rank5]:[E604 18:33:34.585105012 ProcessGroupNCCL.cpp:1858] [PG ID 0 PG GUID 0(default_pg) Rank 5] Received a dump signal due to a collective timeout from this local rank and we will try our best to dump the debug info. Last enqueued NCCL work: 400657, last completed NCCL work: 400655.This is most likely caused by incorrect usages of collectives, e.g., wrong sizes used across ranks, the order of collectives is not same for all ranks or the scheduled collective, for some reason, didn't run. Additionally, this can be caused by GIL deadlock or other reasons such as network errors or bugs in the communications library (e.g. NCCL), etc. 
[rank6]:[E604 18:33:34.585182045 ProcessGroupNCCL.cpp:1575] [PG ID 0 PG GUID 0(default_pg) Rank 6] ProcessGroupNCCL preparing to dump debug info. Include stack trace: 1
[rank5]:[E604 18:33:34.585243535 ProcessGroupNCCL.cpp:1575] [PG ID 0 PG GUID 0(default_pg) Rank 5] ProcessGroupNCCL preparing to dump debug info. Include stack trace: 1
[rank3]:[E604 18:33:35.885084080 ProcessGroupNCCL.cpp:1858] [PG ID 0 PG GUID 0(default_pg) Rank 3] Received a dump signal due to a collective timeout from this local rank and we will try our best to dump the debug info. Last enqueued NCCL work: 400657, last completed NCCL work: 400655.This is most likely caused by incorrect usages of collectives, e.g., wrong sizes used across ranks, the order of collectives is not same for all ranks or the scheduled collective, for some reason, didn't run. Additionally, this can be caused by GIL deadlock or other reasons such as network errors or bugs in the communications library (e.g. NCCL), etc. 
[rank3]:[E604 18:33:35.885220148 ProcessGroupNCCL.cpp:1575] [PG ID 0 PG GUID 0(default_pg) Rank 3] ProcessGroupNCCL preparing to dump debug info. Include stack trace: 1
[rank2]:[E604 18:33:35.007288535 ProcessGroupNCCL.cpp:1858] [PG ID 0 PG GUID 0(default_pg) Rank 2] Received a dump signal due to a collective timeout from this local rank and we will try our best to dump the debug info. Last enqueued NCCL work: 400657, last completed NCCL work: 400655.This is most likely caused by incorrect usages of collectives, e.g., wrong sizes used across ranks, the order of collectives is not same for all ranks or the scheduled collective, for some reason, didn't run. Additionally, this can be caused by GIL deadlock or other reasons such as network errors or bugs in the communications library (e.g. NCCL), etc. 
[rank2]:[E604 18:33:35.007428728 ProcessGroupNCCL.cpp:1575] [PG ID 0 PG GUID 0(default_pg) Rank 2] ProcessGroupNCCL preparing to dump debug info. Include stack trace: 1
[rank4]:[E604 18:33:35.042905226 ProcessGroupNCCL.cpp:1858] [PG ID 0 PG GUID 0(default_pg) Rank 4] Received a dump signal due to a collective timeout from this local rank and we will try our best to dump the debug info. Last enqueued NCCL work: 400657, last completed NCCL work: 400655.This is most likely caused by incorrect usages of collectives, e.g., wrong sizes used across ranks, the order of collectives is not same for all ranks or the scheduled collective, for some reason, didn't run. Additionally, this can be caused by GIL deadlock or other reasons such as network errors or bugs in the communications library (e.g. NCCL), etc. 
[rank1]:[E604 18:33:35.042927841 ProcessGroupNCCL.cpp:1858] [PG ID 0 PG GUID 0(default_pg) Rank 1] Received a dump signal due to a collective timeout from this local rank and we will try our best to dump the debug info. Last enqueued NCCL work: 400657, last completed NCCL work: 400655.This is most likely caused by incorrect usages of collectives, e.g., wrong sizes used across ranks, the order of collectives is not same for all ranks or the scheduled collective, for some reason, didn't run. Additionally, this can be caused by GIL deadlock or other reasons such as network errors or bugs in the communications library (e.g. NCCL), etc. 
[rank4]:[E604 18:33:35.043054622 ProcessGroupNCCL.cpp:1575] [PG ID 0 PG GUID 0(default_pg) Rank 4] ProcessGroupNCCL preparing to dump debug info. Include stack trace: 1
[rank1]:[E604 18:33:35.043071048 ProcessGroupNCCL.cpp:1575] [PG ID 0 PG GUID 0(default_pg) Rank 1] ProcessGroupNCCL preparing to dump debug info. Include stack trace: 1
[rank1]:[E604 18:34:34.269913067 ProcessGroupNCCL.cpp:744] [Rank 1] Some NCCL operations have failed or timed out. Due to the asynchronous nature of CUDA kernels, subsequent GPU operations might run on corrupted/incomplete data.
[rank1]:[E604 18:34:34.269952606 ProcessGroupNCCL.cpp:758] [Rank 1] To avoid data inconsistency, we are taking the entire process down.
[rank1]:[E604 18:34:34.271029382 ProcessGroupNCCL.cpp:2057] [PG ID 0 PG GUID 0(default_pg) Rank 1] Process group watchdog thread terminated with exception: [Rank 1] Watchdog caught collective operation timeout: WorkNCCL(SeqNum=400656, OpType=BROADCAST, NumelIn=1, NumelOut=1, Timeout(ms)=600000) ran for 600032 milliseconds before timing out.
Exception raised from checkTimeout at /opt/tiger/compile_path/src/code.byted.org/pytorch/pytorch/torch/csrc/distributed/c10d/ProcessGroupNCCL.cpp:686 (most recent call first):
frame #0: c10::Error::Error(c10::SourceLocation, std::__cxx11::basic_string<char, std::char_traits<char>, std::allocator<char> >) + 0x80 (0x7fb9039ab450 in /usr/local/lib/python3.11/dist-packages/torch/lib/libc10.so)
frame #1: c10d::ProcessGroupNCCL::WorkNCCL::checkTimeout(std::optional<std::chrono::duration<long, std::ratio<1l, 1000l> > >) + 0x250 (0x7fb9048ef720 in /usr/local/lib/python3.11/dist-packages/torch/lib/libtorch_cuda.so)
frame #2: c10d::ProcessGroupNCCL::Watchdog::runLoop() + 0x16ba (0x7fb9048f406a in /usr/local/lib/python3.11/dist-packages/torch/lib/libtorch_cuda.so)
frame #3: c10d::ProcessGroupNCCL::Watchdog::run() + 0xfa (0x7fb9048f533a in /usr/local/lib/python3.11/dist-packages/torch/lib/libtorch_cuda.so)
frame #4: <unknown function> + 0xd44a3 (0x7fb9f82f14a3 in /lib/x86_64-linux-gnu/libstdc++.so.6)
frame #5: <unknown function> + 0x891f5 (0x7fb9fe0c81f5 in /lib/x86_64-linux-gnu/libc.so.6)
frame #6: <unknown function> + 0x10989c (0x7fb9fe14889c in /lib/x86_64-linux-gnu/libc.so.6)

terminate called after throwing an instance of 'c10::DistBackendError'
  what():  [PG ID 0 PG GUID 0(default_pg) Rank 1] Process group watchdog thread terminated with exception: [Rank 1] Watchdog caught collective operation timeout: WorkNCCL(SeqNum=400656, OpType=BROADCAST, NumelIn=1, NumelOut=1, Timeout(ms)=600000) ran for 600032 milliseconds before timing out.
Exception raised from checkTimeout at /opt/tiger/compile_path/src/code.byted.org/pytorch/pytorch/torch/csrc/distributed/c10d/ProcessGroupNCCL.cpp:686 (most recent call first):
frame #0: c10::Error::Error(c10::SourceLocation, std::__cxx11::basic_string<char, std::char_traits<char>, std::allocator<char> >) + 0x80 (0x7fb9039ab450 in /usr/local/lib/python3.11/dist-packages/torch/lib/libc10.so)
frame #1: c10d::ProcessGroupNCCL::WorkNCCL::checkTimeout(std::optional<std::chrono::duration<long, std::ratio<1l, 1000l> > >) + 0x250 (0x7fb9048ef720 in /usr/local/lib/python3.11/dist-packages/torch/lib/libtorch_cuda.so)
frame #2: c10d::ProcessGroupNCCL::Watchdog::runLoop() + 0x16ba (0x7fb9048f406a in /usr/local/lib/python3.11/dist-packages/torch/lib/libtorch_cuda.so)
frame #3: c10d::ProcessGroupNCCL::Watchdog::run() + 0xfa (0x7fb9048f533a in /usr/local/lib/python3.11/dist-packages/torch/lib/libtorch_cuda.so)
frame #4: <unknown function> + 0xd44a3 (0x7fb9f82f14a3 in /lib/x86_64-linux-gnu/libstdc++.so.6)
frame #5: <unknown function> + 0x891f5 (0x7fb9fe0c81f5 in /lib/x86_64-linux-gnu/libc.so.6)
frame #6: <unknown function> + 0x10989c (0x7fb9fe14889c in /lib/x86_64-linux-gnu/libc.so.6)

Exception raised from run at /opt/tiger/compile_path/src/code.byted.org/pytorch/pytorch/torch/csrc/distributed/c10d/ProcessGroupNCCL.cpp:2063 (most recent call first):
frame #0: c10::Error::Error(c10::SourceLocation, std::__cxx11::basic_string<char, std::char_traits<char>, std::allocator<char> >) + 0x80 (0x7fb9039ab450 in /usr/local/lib/python3.11/dist-packages/torch/lib/libc10.so)
frame #1: <unknown function> + 0xeb2251 (0x7fb9048cb251 in /usr/local/lib/python3.11/dist-packages/torch/lib/libtorch_cuda.so)
frame #2: <unknown function> + 0x98d2ad (0x7fb9043a62ad in /usr/local/lib/python3.11/dist-packages/torch/lib/libtorch_cuda.so)
frame #3: <unknown function> + 0xd44a3 (0x7fb9f82f14a3 in /lib/x86_64-linux-gnu/libstdc++.so.6)
frame #4: <unknown function> + 0x891f5 (0x7fb9fe0c81f5 in /lib/x86_64-linux-gnu/libc.so.6)
frame #5: <unknown function> + 0x10989c (0x7fb9fe14889c in /lib/x86_64-linux-gnu/libc.so.6)

[rank2]:[E604 18:34:34.291654509 ProcessGroupNCCL.cpp:744] [Rank 2] Some NCCL operations have failed or timed out. Due to the asynchronous nature of CUDA kernels, subsequent GPU operations might run on corrupted/incomplete data.
[rank2]:[E604 18:34:34.291680439 ProcessGroupNCCL.cpp:758] [Rank 2] To avoid data inconsistency, we are taking the entire process down.
[rank2]:[E604 18:34:34.292732181 ProcessGroupNCCL.cpp:2057] [PG ID 0 PG GUID 0(default_pg) Rank 2] Process group watchdog thread terminated with exception: [Rank 2] Watchdog caught collective operation timeout: WorkNCCL(SeqNum=400656, OpType=BROADCAST, NumelIn=1, NumelOut=1, Timeout(ms)=600000) ran for 600041 milliseconds before timing out.
Exception raised from checkTimeout at /opt/tiger/compile_path/src/code.byted.org/pytorch/pytorch/torch/csrc/distributed/c10d/ProcessGroupNCCL.cpp:686 (most recent call first):
frame #0: c10::Error::Error(c10::SourceLocation, std::__cxx11::basic_string<char, std::char_traits<char>, std::allocator<char> >) + 0x80 (0x7f5b8d3ab450 in /usr/local/lib/python3.11/dist-packages/torch/lib/libc10.so)
frame #1: c10d::ProcessGroupNCCL::WorkNCCL::checkTimeout(std::optional<std::chrono::duration<long, std::ratio<1l, 1000l> > >) + 0x250 (0x7f5b8e2ef720 in /usr/local/lib/python3.11/dist-packages/torch/lib/libtorch_cuda.so)
frame #2: c10d::ProcessGroupNCCL::Watchdog::runLoop() + 0x16ba (0x7f5b8e2f406a in /usr/local/lib/python3.11/dist-packages/torch/lib/libtorch_cuda.so)
frame #3: c10d::ProcessGroupNCCL::Watchdog::run() + 0xfa (0x7f5b8e2f533a in /usr/local/lib/python3.11/dist-packages/torch/lib/libtorch_cuda.so)
frame #4: <unknown function> + 0xd44a3 (0x7f5c81ce24a3 in /lib/x86_64-linux-gnu/libstdc++.so.6)
frame #5: <unknown function> + 0x891f5 (0x7f5c87ab91f5 in /lib/x86_64-linux-gnu/libc.so.6)
frame #6: <unknown function> + 0x10989c (0x7f5c87b3989c in /lib/x86_64-linux-gnu/libc.so.6)

terminate called after throwing an instance of 'c10::DistBackendError'
  what():  [PG ID 0 PG GUID 0(default_pg) Rank 2] Process group watchdog thread terminated with exception: [Rank 2] Watchdog caught collective operation timeout: WorkNCCL(SeqNum=400656, OpType=BROADCAST, NumelIn=1, NumelOut=1, Timeout(ms)=600000) ran for 600041 milliseconds before timing out.
Exception raised from checkTimeout at /opt/tiger/compile_path/src/code.byted.org/pytorch/pytorch/torch/csrc/distributed/c10d/ProcessGroupNCCL.cpp:686 (most recent call first):
frame #0: c10::Error::Error(c10::SourceLocation, std::__cxx11::basic_string<char, std::char_traits<char>, std::allocator<char> >) + 0x80 (0x7f5b8d3ab450 in /usr/local/lib/python3.11/dist-packages/torch/lib/libc10.so)
frame #1: c10d::ProcessGroupNCCL::WorkNCCL::checkTimeout(std::optional<std::chrono::duration<long, std::ratio<1l, 1000l> > >) + 0x250 (0x7f5b8e2ef720 in /usr/local/lib/python3.11/dist-packages/torch/lib/libtorch_cuda.so)
frame #2: c10d::ProcessGroupNCCL::Watchdog::runLoop() + 0x16ba (0x7f5b8e2f406a in /usr/local/lib/python3.11/dist-packages/torch/lib/libtorch_cuda.so)
frame #3: c10d::ProcessGroupNCCL::Watchdog::run() + 0xfa (0x7f5b8e2f533a in /usr/local/lib/python3.11/dist-packages/torch/lib/libtorch_cuda.so)
frame #4: <unknown function> + 0xd44a3 (0x7f5c81ce24a3 in /lib/x86_64-linux-gnu/libstdc++.so.6)
frame #5: <unknown function> + 0x891f5 (0x7f5c87ab91f5 in /lib/x86_64-linux-gnu/libc.so.6)
frame #6: <unknown function> + 0x10989c (0x7f5c87b3989c in /lib/x86_64-linux-gnu/libc.so.6)

Exception raised from run at /opt/tiger/compile_path/src/code.byted.org/pytorch/pytorch/torch/csrc/distributed/c10d/ProcessGroupNCCL.cpp:2063 (most recent call first):
frame #0: c10::Error::Error(c10::SourceLocation, std::__cxx11::basic_string<char, std::char_traits<char>, std::allocator<char> >) + 0x80 (0x7f5b8d3ab450 in /usr/local/lib/python3.11/dist-packages/torch/lib/libc10.so)
frame #1: <unknown function> + 0xeb2251 (0x7f5b8e2cb251 in /usr/local/lib/python3.11/dist-packages/torch/lib/libtorch_cuda.so)
frame #2: <unknown function> + 0x98d2ad (0x7f5b8dda62ad in /usr/local/lib/python3.11/dist-packages/torch/lib/libtorch_cuda.so)
frame #3: <unknown function> + 0xd44a3 (0x7f5c81ce24a3 in /lib/x86_64-linux-gnu/libstdc++.so.6)
frame #4: <unknown function> + 0x891f5 (0x7f5c87ab91f5 in /lib/x86_64-linux-gnu/libc.so.6)
frame #5: <unknown function> + 0x10989c (0x7f5c87b3989c in /lib/x86_64-linux-gnu/libc.so.6)

[rank4]:[E604 18:34:34.311436856 ProcessGroupNCCL.cpp:744] [Rank 4] Some NCCL operations have failed or timed out. Due to the asynchronous nature of CUDA kernels, subsequent GPU operations might run on corrupted/incomplete data.
[rank4]:[E604 18:34:34.311458995 ProcessGroupNCCL.cpp:758] [Rank 4] To avoid data inconsistency, we are taking the entire process down.
[rank7]:[E604 18:34:34.311484246 ProcessGroupNCCL.cpp:744] [Rank 7] Some NCCL operations have failed or timed out. Due to the asynchronous nature of CUDA kernels, subsequent GPU operations might run on corrupted/incomplete data.
[rank7]:[E604 18:34:34.311505876 ProcessGroupNCCL.cpp:758] [Rank 7] To avoid data inconsistency, we are taking the entire process down.
[rank4]:[E604 18:34:34.312459518 ProcessGroupNCCL.cpp:2057] [PG ID 0 PG GUID 0(default_pg) Rank 4] Process group watchdog thread terminated with exception: [Rank 4] Watchdog caught collective operation timeout: WorkNCCL(SeqNum=400656, OpType=BROADCAST, NumelIn=1, NumelOut=1, Timeout(ms)=600000) ran for 600092 milliseconds before timing out.
Exception raised from checkTimeout at /opt/tiger/compile_path/src/code.byted.org/pytorch/pytorch/torch/csrc/distributed/c10d/ProcessGroupNCCL.cpp:686 (most recent call first):
frame #0: c10::Error::Error(c10::SourceLocation, std::__cxx11::basic_string<char, std::char_traits<char>, std::allocator<char> >) + 0x80 (0x7fc21bb92450 in /usr/local/lib/python3.11/dist-packages/torch/lib/libc10.so)
frame #1: c10d::ProcessGroupNCCL::WorkNCCL::checkTimeout(std::optional<std::chrono::duration<long, std::ratio<1l, 1000l> > >) + 0x250 (0x7fc1d78ef720 in /usr/local/lib/python3.11/dist-packages/torch/lib/libtorch_cuda.so)
frame #2: c10d::ProcessGroupNCCL::Watchdog::runLoop() + 0x16ba (0x7fc1d78f406a in /usr/local/lib/python3.11/dist-packages/torch/lib/libtorch_cuda.so)
frame #3: c10d::ProcessGroupNCCL::Watchdog::run() + 0xfa (0x7fc1d78f533a in /usr/local/lib/python3.11/dist-packages/torch/lib/libtorch_cuda.so)
frame #4: <unknown function> + 0xd44a3 (0x7fc2cb43f4a3 in /lib/x86_64-linux-gnu/libstdc++.so.6)
frame #5: <unknown function> + 0x891f5 (0x7fc2d12161f5 in /lib/x86_64-linux-gnu/libc.so.6)
frame #6: <unknown function> + 0x10989c (0x7fc2d129689c in /lib/x86_64-linux-gnu/libc.so.6)

terminate called after throwing an instance of 'c10::DistBackendError'
[rank7]:[E604 18:34:34.312529531 ProcessGroupNCCL.cpp:2057] [PG ID 0 PG GUID 0(default_pg) Rank 7] Process group watchdog thread terminated with exception: [Rank 7] Watchdog caught collective operation timeout: WorkNCCL(SeqNum=400656, OpType=BROADCAST, NumelIn=1, NumelOut=1, Timeout(ms)=600000) ran for 600076 milliseconds before timing out.
Exception raised from checkTimeout at /opt/tiger/compile_path/src/code.byted.org/pytorch/pytorch/torch/csrc/distributed/c10d/ProcessGroupNCCL.cpp:686 (most recent call first):
frame #0: c10::Error::Error(c10::SourceLocation, std::__cxx11::basic_string<char, std::char_traits<char>, std::allocator<char> >) + 0x80 (0x7f12b8fab450 in /usr/local/lib/python3.11/dist-packages/torch/lib/libc10.so)
frame #1: c10d::ProcessGroupNCCL::WorkNCCL::checkTimeout(std::optional<std::chrono::duration<long, std::ratio<1l, 1000l> > >) + 0x250 (0x7f12b9eef720 in /usr/local/lib/python3.11/dist-packages/torch/lib/libtorch_cuda.so)
frame #2: c10d::ProcessGroupNCCL::Watchdog::runLoop() + 0x16ba (0x7f12b9ef406a in /usr/local/lib/python3.11/dist-packages/torch/lib/libtorch_cuda.so)
frame #3: c10d::ProcessGroupNCCL::Watchdog::run() + 0xfa (0x7f12b9ef533a in /usr/local/lib/python3.11/dist-packages/torch/lib/libtorch_cuda.so)
frame #4: <unknown function> + 0xd44a3 (0x7f13ad8934a3 in /lib/x86_64-linux-gnu/libstdc++.so.6)
frame #5: <unknown function> + 0x891f5 (0x7f13b366a1f5 in /lib/x86_64-linux-gnu/libc.so.6)
frame #6: <unknown function> + 0x10989c (0x7f13b36ea89c in /lib/x86_64-linux-gnu/libc.so.6)

terminate called after throwing an instance of 'c10::DistBackendError'
  what():  [PG ID 0 PG GUID 0(default_pg) Rank 4] Process group watchdog thread terminated with exception: [Rank 4] Watchdog caught collective operation timeout: WorkNCCL(SeqNum=400656, OpType=BROADCAST, NumelIn=1, NumelOut=1, Timeout(ms)=600000) ran for 600092 milliseconds before timing out.
Exception raised from checkTimeout at /opt/tiger/compile_path/src/code.byted.org/pytorch/pytorch/torch/csrc/distributed/c10d/ProcessGroupNCCL.cpp:686 (most recent call first):
frame #0: c10::Error::Error(c10::SourceLocation, std::__cxx11::basic_string<char, std::char_traits<char>, std::allocator<char> >) + 0x80 (0x7fc21bb92450 in /usr/local/lib/python3.11/dist-packages/torch/lib/libc10.so)
frame #1: c10d::ProcessGroupNCCL::WorkNCCL::checkTimeout(std::optional<std::chrono::duration<long, std::ratio<1l, 1000l> > >) + 0x250 (0x7fc1d78ef720 in /usr/local/lib/python3.11/dist-packages/torch/lib/libtorch_cuda.so)
frame #2: c10d::ProcessGroupNCCL::Watchdog::runLoop() + 0x16ba (0x7fc1d78f406a in /usr/local/lib/python3.11/dist-packages/torch/lib/libtorch_cuda.so)
frame #3: c10d::ProcessGroupNCCL::Watchdog::run() + 0xfa (0x7fc1d78f533a in /usr/local/lib/python3.11/dist-packages/torch/lib/libtorch_cuda.so)
frame #4: <unknown function> + 0xd44a3 (0x7fc2cb43f4a3 in /lib/x86_64-linux-gnu/libstdc++.so.6)
frame #5: <unknown function> + 0x891f5 (0x7fc2d12161f5 in /lib/x86_64-linux-gnu/libc.so.6)
frame #6: <unknown function> + 0x10989c (0x7fc2d129689c in /lib/x86_64-linux-gnu/libc.so.6)

Exception raised from run at /opt/tiger/compile_path/src/code.byted.org/pytorch/pytorch/torch/csrc/distributed/c10d/ProcessGroupNCCL.cpp:2063 (most recent call first):
frame #0: c10::Error::Error(c10::SourceLocation, std::__cxx11::basic_string<char, std::char_traits<char>, std::allocator<char> >) + 0x80 (0x7fc21bb92450 in /usr/local/lib/python3.11/dist-packages/torch/lib/libc10.so)
frame #1: <unknown function> + 0xeb2251 (0x7fc1d78cb251 in /usr/local/lib/python3.11/dist-packages/torch/lib/libtorch_cuda.so)
frame #2: <unknown function> + 0x98d2ad (0x7fc1d73a62ad in /usr/local/lib/python3.11/dist-packages/torch/lib/libtorch_cuda.so)
frame #3: <unknown function> + 0xd44a3 (0x7fc2cb43f4a3 in /lib/x86_64-linux-gnu/libstdc++.so.6)
frame #4: <unknown function> + 0x891f5 (0x7fc2d12161f5 in /lib/x86_64-linux-gnu/libc.so.6)
frame #5: <unknown function> + 0x10989c (0x7fc2d129689c in /lib/x86_64-linux-gnu/libc.so.6)

  what():  [PG ID 0 PG GUID 0(default_pg) Rank 7] Process group watchdog thread terminated with exception: [Rank 7] Watchdog caught collective operation timeout: WorkNCCL(SeqNum=400656, OpType=BROADCAST, NumelIn=1, NumelOut=1, Timeout(ms)=600000) ran for 600076 milliseconds before timing out.
Exception raised from checkTimeout at /opt/tiger/compile_path/src/code.byted.org/pytorch/pytorch/torch/csrc/distributed/c10d/ProcessGroupNCCL.cpp:686 (most recent call first):
frame #0: c10::Error::Error(c10::SourceLocation, std::__cxx11::basic_string<char, std::char_traits<char>, std::allocator<char> >) + 0x80 (0x7f12b8fab450 in /usr/local/lib/python3.11/dist-packages/torch/lib/libc10.so)
frame #1: c10d::ProcessGroupNCCL::WorkNCCL::checkTimeout(std::optional<std::chrono::duration<long, std::ratio<1l, 1000l> > >) + 0x250 (0x7f12b9eef720 in /usr/local/lib/python3.11/dist-packages/torch/lib/libtorch_cuda.so)
frame #2: c10d::ProcessGroupNCCL::Watchdog::runLoop() + 0x16ba (0x7f12b9ef406a in /usr/local/lib/python3.11/dist-packages/torch/lib/libtorch_cuda.so)
frame #3: c10d::ProcessGroupNCCL::Watchdog::run() + 0xfa (0x7f12b9ef533a in /usr/local/lib/python3.11/dist-packages/torch/lib/libtorch_cuda.so)
frame #4: <unknown function> + 0xd44a3 (0x7f13ad8934a3 in /lib/x86_64-linux-gnu/libstdc++.so.6)
frame #5: <unknown function> + 0x891f5 (0x7f13b366a1f5 in /lib/x86_64-linux-gnu/libc.so.6)
frame #6: <unknown function> + 0x10989c (0x7f13b36ea89c in /lib/x86_64-linux-gnu/libc.so.6)

Exception raised from run at /opt/tiger/compile_path/src/code.byted.org/pytorch/pytorch/torch/csrc/distributed/c10d/ProcessGroupNCCL.cpp:2063 (most recent call first):
frame #0: c10::Error::Error(c10::SourceLocation, std::__cxx11::basic_string<char, std::char_traits<char>, std::allocator<char> >) + 0x80 (0x7f12b8fab450 in /usr/local/lib/python3.11/dist-packages/torch/lib/libc10.so)
frame #1: <unknown function> + 0xeb2251 (0x7f12b9ecb251 in /usr/local/lib/python3.11/dist-packages/torch/lib/libtorch_cuda.so)
frame #2: <unknown function> + 0x98d2ad (0x7f12b99a62ad in /usr/local/lib/python3.11/dist-packages/torch/lib/libtorch_cuda.so)
frame #3: <unknown function> + 0xd44a3 (0x7f13ad8934a3 in /lib/x86_64-linux-gnu/libstdc++.so.6)
frame #4: <unknown function> + 0x891f5 (0x7f13b366a1f5 in /lib/x86_64-linux-gnu/libc.so.6)
frame #5: <unknown function> + 0x10989c (0x7f13b36ea89c in /lib/x86_64-linux-gnu/libc.so.6)

[rank5]:[E604 18:34:34.398223391 ProcessGroupNCCL.cpp:744] [Rank 5] Some NCCL operations have failed or timed out. Due to the asynchronous nature of CUDA kernels, subsequent GPU operations might run on corrupted/incomplete data.
[rank5]:[E604 18:34:34.398253791 ProcessGroupNCCL.cpp:758] [Rank 5] To avoid data inconsistency, we are taking the entire process down.
[rank5]:[E604 18:34:34.399287674 ProcessGroupNCCL.cpp:2057] [PG ID 0 PG GUID 0(default_pg) Rank 5] Process group watchdog thread terminated with exception: [Rank 5] Watchdog caught collective operation timeout: WorkNCCL(SeqNum=400656, OpType=BROADCAST, NumelIn=1, NumelOut=1, Timeout(ms)=600000) ran for 600057 milliseconds before timing out.
Exception raised from checkTimeout at /opt/tiger/compile_path/src/code.byted.org/pytorch/pytorch/torch/csrc/distributed/c10d/ProcessGroupNCCL.cpp:686 (most recent call first):
frame #0: c10::Error::Error(c10::SourceLocation, std::__cxx11::basic_string<char, std::char_traits<char>, std::allocator<char> >) + 0x80 (0x7f9b87992450 in /usr/local/lib/python3.11/dist-packages/torch/lib/libc10.so)
frame #1: c10d::ProcessGroupNCCL::WorkNCCL::checkTimeout(std::optional<std::chrono::duration<long, std::ratio<1l, 1000l> > >) + 0x250 (0x7f9b436ef720 in /usr/local/lib/python3.11/dist-packages/torch/lib/libtorch_cuda.so)
frame #2: c10d::ProcessGroupNCCL::Watchdog::runLoop() + 0x16ba (0x7f9b436f406a in /usr/local/lib/python3.11/dist-packages/torch/lib/libtorch_cuda.so)
frame #3: c10d::ProcessGroupNCCL::Watchdog::run() + 0xfa (0x7f9b436f533a in /usr/local/lib/python3.11/dist-packages/torch/lib/libtorch_cuda.so)
frame #4: <unknown function> + 0xd44a3 (0x7f9c371f04a3 in /lib/x86_64-linux-gnu/libstdc++.so.6)
frame #5: <unknown function> + 0x891f5 (0x7f9c3cfc71f5 in /lib/x86_64-linux-gnu/libc.so.6)
frame #6: <unknown function> + 0x10989c (0x7f9c3d04789c in /lib/x86_64-linux-gnu/libc.so.6)

terminate called after throwing an instance of 'c10::DistBackendError'
  what():  [PG ID 0 PG GUID 0(default_pg) Rank 5] Process group watchdog thread terminated with exception: [Rank 5] Watchdog caught collective operation timeout: WorkNCCL(SeqNum=400656, OpType=BROADCAST, NumelIn=1, NumelOut=1, Timeout(ms)=600000) ran for 600057 milliseconds before timing out.
Exception raised from checkTimeout at /opt/tiger/compile_path/src/code.byted.org/pytorch/pytorch/torch/csrc/distributed/c10d/ProcessGroupNCCL.cpp:686 (most recent call first):
frame #0: c10::Error::Error(c10::SourceLocation, std::__cxx11::basic_string<char, std::char_traits<char>, std::allocator<char> >) + 0x80 (0x7f9b87992450 in /usr/local/lib/python3.11/dist-packages/torch/lib/libc10.so)
frame #1: c10d::ProcessGroupNCCL::WorkNCCL::checkTimeout(std::optional<std::chrono::duration<long, std::ratio<1l, 1000l> > >) + 0x250 (0x7f9b436ef720 in /usr/local/lib/python3.11/dist-packages/torch/lib/libtorch_cuda.so)
frame #2: c10d::ProcessGroupNCCL::Watchdog::runLoop() + 0x16ba (0x7f9b436f406a in /usr/local/lib/python3.11/dist-packages/torch/lib/libtorch_cuda.so)
frame #3: c10d::ProcessGroupNCCL::Watchdog::run() + 0xfa (0x7f9b436f533a in /usr/local/lib/python3.11/dist-packages/torch/lib/libtorch_cuda.so)
frame #4: <unknown function> + 0xd44a3 (0x7f9c371f04a3 in /lib/x86_64-linux-gnu/libstdc++.so.6)
frame #5: <unknown function> + 0x891f5 (0x7f9c3cfc71f5 in /lib/x86_64-linux-gnu/libc.so.6)
frame #6: <unknown function> + 0x10989c (0x7f9c3d04789c in /lib/x86_64-linux-gnu/libc.so.6)

Exception raised from run at /opt/tiger/compile_path/src/code.byted.org/pytorch/pytorch/torch/csrc/distributed/c10d/ProcessGroupNCCL.cpp:2063 (most recent call first):
frame #0: c10::Error::Error(c10::SourceLocation, std::__cxx11::basic_string<char, std::char_traits<char>, std::allocator<char> >) + 0x80 (0x7f9b87992450 in /usr/local/lib/python3.11/dist-packages/torch/lib/libc10.so)
frame #1: <unknown function> + 0xeb2251 (0x7f9b436cb251 in /usr/local/lib/python3.11/dist-packages/torch/lib/libtorch_cuda.so)
frame #2: <unknown function> + 0x98d2ad (0x7f9b431a62ad in /usr/local/lib/python3.11/dist-packages/torch/lib/libtorch_cuda.so)
frame #3: <unknown function> + 0xd44a3 (0x7f9c371f04a3 in /lib/x86_64-linux-gnu/libstdc++.so.6)
frame #4: <unknown function> + 0x891f5 (0x7f9c3cfc71f5 in /lib/x86_64-linux-gnu/libc.so.6)
frame #5: <unknown function> + 0x10989c (0x7f9c3d04789c in /lib/x86_64-linux-gnu/libc.so.6)

[rank6]:[E604 18:34:34.401927856 ProcessGroupNCCL.cpp:744] [Rank 6] Some NCCL operations have failed or timed out. Due to the asynchronous nature of CUDA kernels, subsequent GPU operations might run on corrupted/incomplete data.
[rank6]:[E604 18:34:34.401955082 ProcessGroupNCCL.cpp:758] [Rank 6] To avoid data inconsistency, we are taking the entire process down.
[rank6]:[E604 18:34:34.402937906 ProcessGroupNCCL.cpp:2057] [PG ID 0 PG GUID 0(default_pg) Rank 6] Process group watchdog thread terminated with exception: [Rank 6] Watchdog caught collective operation timeout: WorkNCCL(SeqNum=400656, OpType=BROADCAST, NumelIn=1, NumelOut=1, Timeout(ms)=600000) ran for 600094 milliseconds before timing out.
Exception raised from checkTimeout at /opt/tiger/compile_path/src/code.byted.org/pytorch/pytorch/torch/csrc/distributed/c10d/ProcessGroupNCCL.cpp:686 (most recent call first):
frame #0: c10::Error::Error(c10::SourceLocation, std::__cxx11::basic_string<char, std::char_traits<char>, std::allocator<char> >) + 0x80 (0x7f4696fab450 in /usr/local/lib/python3.11/dist-packages/torch/lib/libc10.so)
frame #1: c10d::ProcessGroupNCCL::WorkNCCL::checkTimeout(std::optional<std::chrono::duration<long, std::ratio<1l, 1000l> > >) + 0x250 (0x7f4697eef720 in /usr/local/lib/python3.11/dist-packages/torch/lib/libtorch_cuda.so)
frame #2: c10d::ProcessGroupNCCL::Watchdog::runLoop() + 0x16ba (0x7f4697ef406a in /usr/local/lib/python3.11/dist-packages/torch/lib/libtorch_cuda.so)
frame #3: c10d::ProcessGroupNCCL::Watchdog::run() + 0xfa (0x7f4697ef533a in /usr/local/lib/python3.11/dist-packages/torch/lib/libtorch_cuda.so)
frame #4: <unknown function> + 0xd44a3 (0x7f478b9424a3 in /lib/x86_64-linux-gnu/libstdc++.so.6)
frame #5: <unknown function> + 0x891f5 (0x7f47917191f5 in /lib/x86_64-linux-gnu/libc.so.6)
frame #6: <unknown function> + 0x10989c (0x7f479179989c in /lib/x86_64-linux-gnu/libc.so.6)

terminate called after throwing an instance of 'c10::DistBackendError'
  what():  [PG ID 0 PG GUID 0(default_pg) Rank 6] Process group watchdog thread terminated with exception: [Rank 6] Watchdog caught collective operation timeout: WorkNCCL(SeqNum=400656, OpType=BROADCAST, NumelIn=1, NumelOut=1, Timeout(ms)=600000) ran for 600094 milliseconds before timing out.
Exception raised from checkTimeout at /opt/tiger/compile_path/src/code.byted.org/pytorch/pytorch/torch/csrc/distributed/c10d/ProcessGroupNCCL.cpp:686 (most recent call first):
frame #0: c10::Error::Error(c10::SourceLocation, std::__cxx11::basic_string<char, std::char_traits<char>, std::allocator<char> >) + 0x80 (0x7f4696fab450 in /usr/local/lib/python3.11/dist-packages/torch/lib/libc10.so)
frame #1: c10d::ProcessGroupNCCL::WorkNCCL::checkTimeout(std::optional<std::chrono::duration<long, std::ratio<1l, 1000l> > >) + 0x250 (0x7f4697eef720 in /usr/local/lib/python3.11/dist-packages/torch/lib/libtorch_cuda.so)
frame #2: c10d::ProcessGroupNCCL::Watchdog::runLoop() + 0x16ba (0x7f4697ef406a in /usr/local/lib/python3.11/dist-packages/torch/lib/libtorch_cuda.so)
frame #3: c10d::ProcessGroupNCCL::Watchdog::run() + 0xfa (0x7f4697ef533a in /usr/local/lib/python3.11/dist-packages/torch/lib/libtorch_cuda.so)
frame #4: <unknown function> + 0xd44a3 (0x7f478b9424a3 in /lib/x86_64-linux-gnu/libstdc++.so.6)
frame #5: <unknown function> + 0x891f5 (0x7f47917191f5 in /lib/x86_64-linux-gnu/libc.so.6)
frame #6: <unknown function> + 0x10989c (0x7f479179989c in /lib/x86_64-linux-gnu/libc.so.6)

Exception raised from run at /opt/tiger/compile_path/src/code.byted.org/pytorch/pytorch/torch/csrc/distributed/c10d/ProcessGroupNCCL.cpp:2063 (most recent call first):
frame #0: c10::Error::Error(c10::SourceLocation, std::__cxx11::basic_string<char, std::char_traits<char>, std::allocator<char> >) + 0x80 (0x7f4696fab450 in /usr/local/lib/python3.11/dist-packages/torch/lib/libc10.so)
frame #1: <unknown function> + 0xeb2251 (0x7f4697ecb251 in /usr/local/lib/python3.11/dist-packages/torch/lib/libtorch_cuda.so)
frame #2: <unknown function> + 0x98d2ad (0x7f46979a62ad in /usr/local/lib/python3.11/dist-packages/torch/lib/libtorch_cuda.so)
frame #3: <unknown function> + 0xd44a3 (0x7f478b9424a3 in /lib/x86_64-linux-gnu/libstdc++.so.6)
frame #4: <unknown function> + 0x891f5 (0x7f47917191f5 in /lib/x86_64-linux-gnu/libc.so.6)
frame #5: <unknown function> + 0x10989c (0x7f479179989c in /lib/x86_64-linux-gnu/libc.so.6)

[rank3]:[E604 18:34:34.417805619 ProcessGroupNCCL.cpp:744] [Rank 3] Some NCCL operations have failed or timed out. Due to the asynchronous nature of CUDA kernels, subsequent GPU operations might run on corrupted/incomplete data.
[rank3]:[E604 18:34:34.417828322 ProcessGroupNCCL.cpp:758] [Rank 3] To avoid data inconsistency, we are taking the entire process down.
[rank3]:[E604 18:34:34.418804712 ProcessGroupNCCL.cpp:2057] [PG ID 0 PG GUID 0(default_pg) Rank 3] Process group watchdog thread terminated with exception: [Rank 3] Watchdog caught collective operation timeout: WorkNCCL(SeqNum=400656, OpType=BROADCAST, NumelIn=1, NumelOut=1, Timeout(ms)=600000) ran for 600075 milliseconds before timing out.
Exception raised from checkTimeout at /opt/tiger/compile_path/src/code.byted.org/pytorch/pytorch/torch/csrc/distributed/c10d/ProcessGroupNCCL.cpp:686 (most recent call first):
frame #0: c10::Error::Error(c10::SourceLocation, std::__cxx11::basic_string<char, std::char_traits<char>, std::allocator<char> >) + 0x80 (0x7f9d4b9ab450 in /usr/local/lib/python3.11/dist-packages/torch/lib/libc10.so)
frame #1: c10d::ProcessGroupNCCL::WorkNCCL::checkTimeout(std::optional<std::chrono::duration<long, std::ratio<1l, 1000l> > >) + 0x250 (0x7f9d4c8ef720 in /usr/local/lib/python3.11/dist-packages/torch/lib/libtorch_cuda.so)
frame #2: c10d::ProcessGroupNCCL::Watchdog::runLoop() + 0x16ba (0x7f9d4c8f406a in /usr/local/lib/python3.11/dist-packages/torch/lib/libtorch_cuda.so)
frame #3: c10d::ProcessGroupNCCL::Watchdog::run() + 0xfa (0x7f9d4c8f533a in /usr/local/lib/python3.11/dist-packages/torch/lib/libtorch_cuda.so)
frame #4: <unknown function> + 0xd44a3 (0x7f9e403854a3 in /lib/x86_64-linux-gnu/libstdc++.so.6)
frame #5: <unknown function> + 0x891f5 (0x7f9e4615c1f5 in /lib/x86_64-linux-gnu/libc.so.6)
frame #6: <unknown function> + 0x10989c (0x7f9e461dc89c in /lib/x86_64-linux-gnu/libc.so.6)

terminate called after throwing an instance of 'c10::DistBackendError'
  what():  [PG ID 0 PG GUID 0(default_pg) Rank 3] Process group watchdog thread terminated with exception: [Rank 3] Watchdog caught collective operation timeout: WorkNCCL(SeqNum=400656, OpType=BROADCAST, NumelIn=1, NumelOut=1, Timeout(ms)=600000) ran for 600075 milliseconds before timing out.
Exception raised from checkTimeout at /opt/tiger/compile_path/src/code.byted.org/pytorch/pytorch/torch/csrc/distributed/c10d/ProcessGroupNCCL.cpp:686 (most recent call first):
frame #0: c10::Error::Error(c10::SourceLocation, std::__cxx11::basic_string<char, std::char_traits<char>, std::allocator<char> >) + 0x80 (0x7f9d4b9ab450 in /usr/local/lib/python3.11/dist-packages/torch/lib/libc10.so)
frame #1: c10d::ProcessGroupNCCL::WorkNCCL::checkTimeout(std::optional<std::chrono::duration<long, std::ratio<1l, 1000l> > >) + 0x250 (0x7f9d4c8ef720 in /usr/local/lib/python3.11/dist-packages/torch/lib/libtorch_cuda.so)
frame #2: c10d::ProcessGroupNCCL::Watchdog::runLoop() + 0x16ba (0x7f9d4c8f406a in /usr/local/lib/python3.11/dist-packages/torch/lib/libtorch_cuda.so)
frame #3: c10d::ProcessGroupNCCL::Watchdog::run() + 0xfa (0x7f9d4c8f533a in /usr/local/lib/python3.11/dist-packages/torch/lib/libtorch_cuda.so)
frame #4: <unknown function> + 0xd44a3 (0x7f9e403854a3 in /lib/x86_64-linux-gnu/libstdc++.so.6)
frame #5: <unknown function> + 0x891f5 (0x7f9e4615c1f5 in /lib/x86_64-linux-gnu/libc.so.6)
frame #6: <unknown function> + 0x10989c (0x7f9e461dc89c in /lib/x86_64-linux-gnu/libc.so.6)

Exception raised from run at /opt/tiger/compile_path/src/code.byted.org/pytorch/pytorch/torch/csrc/distributed/c10d/ProcessGroupNCCL.cpp:2063 (most recent call first):
frame #0: c10::Error::Error(c10::SourceLocation, std::__cxx11::basic_string<char, std::char_traits<char>, std::allocator<char> >) + 0x80 (0x7f9d4b9ab450 in /usr/local/lib/python3.11/dist-packages/torch/lib/libc10.so)
frame #1: <unknown function> + 0xeb2251 (0x7f9d4c8cb251 in /usr/local/lib/python3.11/dist-packages/torch/lib/libtorch_cuda.so)
frame #2: <unknown function> + 0x98d2ad (0x7f9d4c3a62ad in /usr/local/lib/python3.11/dist-packages/torch/lib/libtorch_cuda.so)
frame #3: <unknown function> + 0xd44a3 (0x7f9e403854a3 in /lib/x86_64-linux-gnu/libstdc++.so.6)
frame #4: <unknown function> + 0x891f5 (0x7f9e4615c1f5 in /lib/x86_64-linux-gnu/libc.so.6)
frame #5: <unknown function> + 0x10989c (0x7f9e461dc89c in /lib/x86_64-linux-gnu/libc.so.6)

W0604 18:35:23.492000 24895 torch/multiprocessing/spawn.py:174] Terminating process 24972 via signal SIGTERM
W0604 18:35:23.496000 24895 torch/multiprocessing/spawn.py:174] Terminating process 24973 via signal SIGTERM
W0604 18:35:23.497000 24895 torch/multiprocessing/spawn.py:174] Terminating process 24974 via signal SIGTERM
W0604 18:35:23.497000 24895 torch/multiprocessing/spawn.py:174] Terminating process 24975 via signal SIGTERM
W0604 18:35:23.497000 24895 torch/multiprocessing/spawn.py:174] Terminating process 24976 via signal SIGTERM
W0604 18:35:23.497000 24895 torch/multiprocessing/spawn.py:174] Terminating process 24977 via signal SIGTERM
W0604 18:35:23.497000 24895 torch/multiprocessing/spawn.py:174] Terminating process 24978 via signal SIGTERM
Traceback (most recent call last):
  File "/mlx_devbox/users/quyanyi/playground/QATs/qat_launch.py", line 1615, in <module>
    raise SystemExit(main())
                     ^^^^^^
  File "/mlx_devbox/users/quyanyi/playground/QATs/qat_launch.py", line 1611, in main
    return execute_method(args, command, cwd, env)
           ^^^^^^^^^^^^^^^^^^^^^^^^^^^^^^^^^^^^^^^
  File "/mlx_devbox/users/quyanyi/playground/QATs/qat_launch.py", line 1506, in execute_method
    return invoke_ofq(args, command, cwd, env)
           ^^^^^^^^^^^^^^^^^^^^^^^^^^^^^^^^^^^
  File "/mlx_devbox/users/quyanyi/playground/QATs/qat_launch.py", line 1481, in invoke_ofq
    torch.multiprocessing.spawn(
  File "/usr/local/lib/python3.11/dist-packages/torch/multiprocessing/spawn.py", line 364, in spawn
    return start_processes(fn, args, nprocs, join, daemon, start_method="spawn")
           ^^^^^^^^^^^^^^^^^^^^^^^^^^^^^^^^^^^^^^^^^^^^^^^^^^^^^^^^^^^^^^^^^^^^^
  File "/usr/local/lib/python3.11/dist-packages/torch/multiprocessing/spawn.py", line 320, in start_processes
    while not context.join():
              ^^^^^^^^^^^^^^
  File "/usr/local/lib/python3.11/dist-packages/torch/multiprocessing/spawn.py", line 201, in join
    raise ProcessExitedException(
torch.multiprocessing.spawn.ProcessExitedException: process 7 terminated with signal SIGABRT
/usr/lib/python3.11/multiprocessing/resource_tracker.py:224: UserWarning: resource_tracker: There appear to be 512 leaked semaphore objects to clean up at shutdown
  warnings.warn('resource_tracker: There appear to be %d '
