timestamp	epoch	refw	refattnkl	line
2026-07-10T15:05:41Z	48	0.000e+00	0.000e+00	Train: 48 [   0/2502 (  0%)]  Loss: 51.386604 (51.3866)  BaseLoss: 51.386604 (51.3866)  RefAttnKL: 0.000e+00 (0.000e+00)  RefLogitKL: 0.000e+00 (0.000e+00)  AnchorRefAttnKL: 0.000e+00 (0.000e+00)  TeacherAttnKL: 0.000e+00 (0.000e+00)  TeacherRel: 0.000e+00 (0.000e+00)  TeacherAttnOut: 0.000e+00 (0.000e+00)  TeacherFeatOut: 0.000e+00 (0.000e+00)  ActScaleAnchor: 0.000e+00 (0.000e+00)  VarTrust: 0.000e+00 (0.000e+00)  DirAnchor: 0.000e+00 (0.000e+00)  BinReg: 0.000e+00 (0.000e+00)  SelBinAnchor: 0.000e+00 (0.000e+00)  ActBinMargin: 0.000e+00 (0.000e+00)  Time: 1.513s,  338.47/s  (1.513s,  338.47/s)  LR: 5.955e-06  RefW: 0.000e+00  AnchorRefW: 0.000e+00  Data: 0.851 (0.851)
2026-07-10T15:05:41Z	48	0.000e+00	0.000e+00	Train: 48 [  50/2502 (  2%)]  Loss: 51.371185 (51.3789)  BaseLoss: 51.371185 (51.3789)  RefAttnKL: 0.000e+00 (0.000e+00)  RefLogitKL: 0.000e+00 (0.000e+00)  AnchorRefAttnKL: 0.000e+00 (0.000e+00)  TeacherAttnKL: 0.000e+00 (0.000e+00)  TeacherRel: 0.000e+00 (0.000e+00)  TeacherAttnOut: 0.000e+00 (0.000e+00)  TeacherFeatOut: 0.000e+00 (0.000e+00)  ActScaleAnchor: 0.000e+00 (0.000e+00)  VarTrust: 0.000e+00 (0.000e+00)  DirAnchor: 0.000e+00 (0.000e+00)  BinReg: 0.000e+00 (0.000e+00)  SelBinAnchor: 0.000e+00 (0.000e+00)  ActBinMargin: 0.000e+00 (0.000e+00)  Time: 0.244s, 2098.19/s  (0.256s, 1998.06/s)  LR: 5.952e-06  RefW: 0.000e+00  AnchorRefW: 0.000e+00  Data: 0.005 (0.023)
2026-07-10T15:05:41Z	48	0.000e+00	0.000e+00	Train: 48 [ 100/2502 (  4%)]  Loss: 51.381786 (51.3799)  BaseLoss: 51.381786 (51.3799)  RefAttnKL: 0.000e+00 (0.000e+00)  RefLogitKL: 0.000e+00 (0.000e+00)  AnchorRefAttnKL: 0.000e+00 (0.000e+00)  TeacherAttnKL: 0.000e+00 (0.000e+00)  TeacherRel: 0.000e+00 (0.000e+00)  TeacherAttnOut: 0.000e+00 (0.000e+00)  TeacherFeatOut: 0.000e+00 (0.000e+00)  ActScaleAnchor: 0.000e+00 (0.000e+00)  VarTrust: 0.000e+00 (0.000e+00)  DirAnchor: 0.000e+00 (0.000e+00)  BinReg: 0.000e+00 (0.000e+00)  SelBinAnchor: 0.000e+00 (0.000e+00)  ActBinMargin: 0.000e+00 (0.000e+00)  Time: 0.242s, 2117.78/s  (0.244s, 2096.91/s)  LR: 5.949e-06  RefW: 0.000e+00  AnchorRefW: 0.000e+00  Data: 0.006 (0.015)
2026-07-10T15:05:41Z	48	0.000e+00	0.000e+00	Train: 48 [ 150/2502 (  6%)]  Loss: 51.400299 (51.3850)  BaseLoss: 51.400299 (51.3850)  RefAttnKL: 0.000e+00 (0.000e+00)  RefLogitKL: 0.000e+00 (0.000e+00)  AnchorRefAttnKL: 0.000e+00 (0.000e+00)  TeacherAttnKL: 0.000e+00 (0.000e+00)  TeacherRel: 0.000e+00 (0.000e+00)  TeacherAttnOut: 0.000e+00 (0.000e+00)  TeacherFeatOut: 0.000e+00 (0.000e+00)  ActScaleAnchor: 0.000e+00 (0.000e+00)  VarTrust: 0.000e+00 (0.000e+00)  DirAnchor: 0.000e+00 (0.000e+00)  BinReg: 0.000e+00 (0.000e+00)  SelBinAnchor: 0.000e+00 (0.000e+00)  ActBinMargin: 0.000e+00 (0.000e+00)  Time: 0.243s, 2110.00/s  (0.240s, 2135.11/s)  LR: 5.946e-06  RefW: 0.000e+00  AnchorRefW: 0.000e+00  Data: 0.006 (0.012)
2026-07-10T15:05:41Z	48	0.000e+00	0.000e+00	Train: 48 [ 200/2502 (  8%)]  Loss: 51.406284 (51.3892)  BaseLoss: 51.406284 (51.3892)  RefAttnKL: 0.000e+00 (0.000e+00)  RefLogitKL: 0.000e+00 (0.000e+00)  AnchorRefAttnKL: 0.000e+00 (0.000e+00)  TeacherAttnKL: 0.000e+00 (0.000e+00)  TeacherRel: 0.000e+00 (0.000e+00)  TeacherAttnOut: 0.000e+00 (0.000e+00)  TeacherFeatOut: 0.000e+00 (0.000e+00)  ActScaleAnchor: 0.000e+00 (0.000e+00)  VarTrust: 0.000e+00 (0.000e+00)  DirAnchor: 0.000e+00 (0.000e+00)  BinReg: 0.000e+00 (0.000e+00)  SelBinAnchor: 0.000e+00 (0.000e+00)  ActBinMargin: 0.000e+00 (0.000e+00)  Time: 0.287s, 1782.14/s  (0.238s, 2153.26/s)  LR: 5.943e-06  RefW: 0.000e+00  AnchorRefW: 0.000e+00  Data: 0.007 (0.010)
2026-07-10T15:05:41Z	48	0.000e+00	0.000e+00	Train: 48 [ 250/2502 ( 10%)]  Loss: 51.437920 (51.3973)  BaseLoss: 51.437920 (51.3973)  RefAttnKL: 0.000e+00 (0.000e+00)  RefLogitKL: 0.000e+00 (0.000e+00)  AnchorRefAttnKL: 0.000e+00 (0.000e+00)  TeacherAttnKL: 0.000e+00 (0.000e+00)  TeacherRel: 0.000e+00 (0.000e+00)  TeacherAttnOut: 0.000e+00 (0.000e+00)  TeacherFeatOut: 0.000e+00 (0.000e+00)  ActScaleAnchor: 0.000e+00 (0.000e+00)  VarTrust: 0.000e+00 (0.000e+00)  DirAnchor: 0.000e+00 (0.000e+00)  BinReg: 0.000e+00 (0.000e+00)  SelBinAnchor: 0.000e+00 (0.000e+00)  ActBinMargin: 0.000e+00 (0.000e+00)  Time: 0.245s, 2092.40/s  (0.237s, 2160.02/s)  LR: 5.940e-06  RefW: 0.000e+00  AnchorRefW: 0.000e+00  Data: 0.005 (0.010)
2026-07-10T15:05:41Z	48	0.000e+00	0.000e+00	Train: 48 [ 300/2502 ( 12%)]  Loss: 51.413517 (51.3997)  BaseLoss: 51.413517 (51.3997)  RefAttnKL: 0.000e+00 (0.000e+00)  RefLogitKL: 0.000e+00 (0.000e+00)  AnchorRefAttnKL: 0.000e+00 (0.000e+00)  TeacherAttnKL: 0.000e+00 (0.000e+00)  TeacherRel: 0.000e+00 (0.000e+00)  TeacherAttnOut: 0.000e+00 (0.000e+00)  TeacherFeatOut: 0.000e+00 (0.000e+00)  ActScaleAnchor: 0.000e+00 (0.000e+00)  VarTrust: 0.000e+00 (0.000e+00)  DirAnchor: 0.000e+00 (0.000e+00)  BinReg: 0.000e+00 (0.000e+00)  SelBinAnchor: 0.000e+00 (0.000e+00)  ActBinMargin: 0.000e+00 (0.000e+00)  Time: 0.243s, 2102.86/s  (0.236s, 2167.07/s)  LR: 5.936e-06  RefW: 0.000e+00  AnchorRefW: 0.000e+00  Data: 0.006 (0.009)
2026-07-10T15:05:41Z	48	0.000e+00	0.000e+00	Train: 48 [ 350/2502 ( 14%)]  Loss: 51.427486 (51.4031)  BaseLoss: 51.427486 (51.4031)  RefAttnKL: 0.000e+00 (0.000e+00)  RefLogitKL: 0.000e+00 (0.000e+00)  AnchorRefAttnKL: 0.000e+00 (0.000e+00)  TeacherAttnKL: 0.000e+00 (0.000e+00)  TeacherRel: 0.000e+00 (0.000e+00)  TeacherAttnOut: 0.000e+00 (0.000e+00)  TeacherFeatOut: 0.000e+00 (0.000e+00)  ActScaleAnchor: 0.000e+00 (0.000e+00)  VarTrust: 0.000e+00 (0.000e+00)  DirAnchor: 0.000e+00 (0.000e+00)  BinReg: 0.000e+00 (0.000e+00)  SelBinAnchor: 0.000e+00 (0.000e+00)  ActBinMargin: 0.000e+00 (0.000e+00)  Time: 0.245s, 2090.59/s  (0.235s, 2174.89/s)  LR: 5.933e-06  RefW: 0.000e+00  AnchorRefW: 0.000e+00  Data: 0.007 (0.009)
2026-07-10T15:05:41Z	48	0.000e+00	0.000e+00	Train: 48 [ 400/2502 ( 16%)]  Loss: 51.416168 (51.4046)  BaseLoss: 51.416168 (51.4046)  RefAttnKL: 0.000e+00 (0.000e+00)  RefLogitKL: 0.000e+00 (0.000e+00)  AnchorRefAttnKL: 0.000e+00 (0.000e+00)  TeacherAttnKL: 0.000e+00 (0.000e+00)  TeacherRel: 0.000e+00 (0.000e+00)  TeacherAttnOut: 0.000e+00 (0.000e+00)  TeacherFeatOut: 0.000e+00 (0.000e+00)  ActScaleAnchor: 0.000e+00 (0.000e+00)  VarTrust: 0.000e+00 (0.000e+00)  DirAnchor: 0.000e+00 (0.000e+00)  BinReg: 0.000e+00 (0.000e+00)  SelBinAnchor: 0.000e+00 (0.000e+00)  ActBinMargin: 0.000e+00 (0.000e+00)  Time: 0.247s, 2073.97/s  (0.235s, 2177.29/s)  LR: 5.930e-06  RefW: 0.000e+00  AnchorRefW: 0.000e+00  Data: 0.006 (0.008)
2026-07-10T15:05:41Z	48	0.000e+00	0.000e+00	Train: 48 [ 450/2502 ( 18%)]  Loss: 51.416893 (51.4058)  BaseLoss: 51.416893 (51.4058)  RefAttnKL: 0.000e+00 (0.000e+00)  RefLogitKL: 0.000e+00 (0.000e+00)  AnchorRefAttnKL: 0.000e+00 (0.000e+00)  TeacherAttnKL: 0.000e+00 (0.000e+00)  TeacherRel: 0.000e+00 (0.000e+00)  TeacherAttnOut: 0.000e+00 (0.000e+00)  TeacherFeatOut: 0.000e+00 (0.000e+00)  ActScaleAnchor: 0.000e+00 (0.000e+00)  VarTrust: 0.000e+00 (0.000e+00)  DirAnchor: 0.000e+00 (0.000e+00)  BinReg: 0.000e+00 (0.000e+00)  SelBinAnchor: 0.000e+00 (0.000e+00)  ActBinMargin: 0.000e+00 (0.000e+00)  Time: 0.247s, 2076.83/s  (0.235s, 2178.91/s)  LR: 5.927e-06  RefW: 0.000e+00  AnchorRefW: 0.000e+00  Data: 0.006 (0.008)
2026-07-10T15:05:41Z	48	0.000e+00	0.000e+00	Train: 48 [ 500/2502 ( 20%)]  Loss: 51.444012 (51.4093)  BaseLoss: 51.444012 (51.4093)  RefAttnKL: 0.000e+00 (0.000e+00)  RefLogitKL: 0.000e+00 (0.000e+00)  AnchorRefAttnKL: 0.000e+00 (0.000e+00)  TeacherAttnKL: 0.000e+00 (0.000e+00)  TeacherRel: 0.000e+00 (0.000e+00)  TeacherAttnOut: 0.000e+00 (0.000e+00)  TeacherFeatOut: 0.000e+00 (0.000e+00)  ActScaleAnchor: 0.000e+00 (0.000e+00)  VarTrust: 0.000e+00 (0.000e+00)  DirAnchor: 0.000e+00 (0.000e+00)  BinReg: 0.000e+00 (0.000e+00)  SelBinAnchor: 0.000e+00 (0.000e+00)  ActBinMargin: 0.000e+00 (0.000e+00)  Time: 0.247s, 2075.55/s  (0.235s, 2180.80/s)  LR: 5.924e-06  RefW: 0.000e+00  AnchorRefW: 0.000e+00  Data: 0.007 (0.008)
2026-07-10T15:05:41Z	48	0.000e+00	0.000e+00	Train: 48 [ 550/2502 ( 22%)]  Loss: 51.431637 (51.4111)  BaseLoss: 51.431637 (51.4111)  RefAttnKL: 0.000e+00 (0.000e+00)  RefLogitKL: 0.000e+00 (0.000e+00)  AnchorRefAttnKL: 0.000e+00 (0.000e+00)  TeacherAttnKL: 0.000e+00 (0.000e+00)  TeacherRel: 0.000e+00 (0.000e+00)  TeacherAttnOut: 0.000e+00 (0.000e+00)  TeacherFeatOut: 0.000e+00 (0.000e+00)  ActScaleAnchor: 0.000e+00 (0.000e+00)  VarTrust: 0.000e+00 (0.000e+00)  DirAnchor: 0.000e+00 (0.000e+00)  BinReg: 0.000e+00 (0.000e+00)  SelBinAnchor: 0.000e+00 (0.000e+00)  ActBinMargin: 0.000e+00 (0.000e+00)  Time: 0.246s, 2078.88/s  (0.235s, 2181.23/s)  LR: 5.921e-06  RefW: 0.000e+00  AnchorRefW: 0.000e+00  Data: 0.008 (0.008)
2026-07-10T15:05:41Z	48	0.000e+00	0.000e+00	Train: 48 [ 600/2502 ( 24%)]  Loss: 51.362198 (51.4074)  BaseLoss: 51.362198 (51.4074)  RefAttnKL: 0.000e+00 (0.000e+00)  RefLogitKL: 0.000e+00 (0.000e+00)  AnchorRefAttnKL: 0.000e+00 (0.000e+00)  TeacherAttnKL: 0.000e+00 (0.000e+00)  TeacherRel: 0.000e+00 (0.000e+00)  TeacherAttnOut: 0.000e+00 (0.000e+00)  TeacherFeatOut: 0.000e+00 (0.000e+00)  ActScaleAnchor: 0.000e+00 (0.000e+00)  VarTrust: 0.000e+00 (0.000e+00)  DirAnchor: 0.000e+00 (0.000e+00)  BinReg: 0.000e+00 (0.000e+00)  SelBinAnchor: 0.000e+00 (0.000e+00)  ActBinMargin: 0.000e+00 (0.000e+00)  Time: 0.236s, 2173.22/s  (0.235s, 2182.61/s)  LR: 5.918e-06  RefW: 0.000e+00  AnchorRefW: 0.000e+00  Data: 0.005 (0.008)
2026-07-10T15:05:41Z	48	0.000e+00	0.000e+00	Train: 48 [ 650/2502 ( 26%)]  Loss: 51.397636 (51.4067)  BaseLoss: 51.397636 (51.4067)  RefAttnKL: 0.000e+00 (0.000e+00)  RefLogitKL: 0.000e+00 (0.000e+00)  AnchorRefAttnKL: 0.000e+00 (0.000e+00)  TeacherAttnKL: 0.000e+00 (0.000e+00)  TeacherRel: 0.000e+00 (0.000e+00)  TeacherAttnOut: 0.000e+00 (0.000e+00)  TeacherFeatOut: 0.000e+00 (0.000e+00)  ActScaleAnchor: 0.000e+00 (0.000e+00)  VarTrust: 0.000e+00 (0.000e+00)  DirAnchor: 0.000e+00 (0.000e+00)  BinReg: 0.000e+00 (0.000e+00)  SelBinAnchor: 0.000e+00 (0.000e+00)  ActBinMargin: 0.000e+00 (0.000e+00)  Time: 0.254s, 2012.74/s  (0.235s, 2183.07/s)  LR: 5.915e-06  RefW: 0.000e+00  AnchorRefW: 0.000e+00  Data: 0.007 (0.008)
2026-07-10T15:05:41Z	48	0.000e+00	0.000e+00	Train: 48 [ 700/2502 ( 28%)]  Loss: 51.355103 (51.4032)  BaseLoss: 51.355103 (51.4032)  RefAttnKL: 0.000e+00 (0.000e+00)  RefLogitKL: 0.000e+00 (0.000e+00)  AnchorRefAttnKL: 0.000e+00 (0.000e+00)  TeacherAttnKL: 0.000e+00 (0.000e+00)  TeacherRel: 0.000e+00 (0.000e+00)  TeacherAttnOut: 0.000e+00 (0.000e+00)  TeacherFeatOut: 0.000e+00 (0.000e+00)  ActScaleAnchor: 0.000e+00 (0.000e+00)  VarTrust: 0.000e+00 (0.000e+00)  DirAnchor: 0.000e+00 (0.000e+00)  BinReg: 0.000e+00 (0.000e+00)  SelBinAnchor: 0.000e+00 (0.000e+00)  ActBinMargin: 0.000e+00 (0.000e+00)  Time: 0.246s, 2085.26/s  (0.234s, 2183.92/s)  LR: 5.912e-06  RefW: 0.000e+00  AnchorRefW: 0.000e+00  Data: 0.008 (0.007)
2026-07-10T15:05:41Z	48	0.000e+00	0.000e+00	Train: 48 [ 750/2502 ( 30%)]  Loss: 51.364883 (51.4009)  BaseLoss: 51.364883 (51.4009)  RefAttnKL: 0.000e+00 (0.000e+00)  RefLogitKL: 0.000e+00 (0.000e+00)  AnchorRefAttnKL: 0.000e+00 (0.000e+00)  TeacherAttnKL: 0.000e+00 (0.000e+00)  TeacherRel: 0.000e+00 (0.000e+00)  TeacherAttnOut: 0.000e+00 (0.000e+00)  TeacherFeatOut: 0.000e+00 (0.000e+00)  ActScaleAnchor: 0.000e+00 (0.000e+00)  VarTrust: 0.000e+00 (0.000e+00)  DirAnchor: 0.000e+00 (0.000e+00)  BinReg: 0.000e+00 (0.000e+00)  SelBinAnchor: 0.000e+00 (0.000e+00)  ActBinMargin: 0.000e+00 (0.000e+00)  Time: 0.221s, 2312.57/s  (0.234s, 2184.72/s)  LR: 5.909e-06  RefW: 0.000e+00  AnchorRefW: 0.000e+00  Data: 0.006 (0.007)
2026-07-10T15:05:41Z	48	0.000e+00	0.000e+00	Train: 48 [ 800/2502 ( 32%)]  Loss: 51.397556 (51.4007)  BaseLoss: 51.397556 (51.4007)  RefAttnKL: 0.000e+00 (0.000e+00)  RefLogitKL: 0.000e+00 (0.000e+00)  AnchorRefAttnKL: 0.000e+00 (0.000e+00)  TeacherAttnKL: 0.000e+00 (0.000e+00)  TeacherRel: 0.000e+00 (0.000e+00)  TeacherAttnOut: 0.000e+00 (0.000e+00)  TeacherFeatOut: 0.000e+00 (0.000e+00)  ActScaleAnchor: 0.000e+00 (0.000e+00)  VarTrust: 0.000e+00 (0.000e+00)  DirAnchor: 0.000e+00 (0.000e+00)  BinReg: 0.000e+00 (0.000e+00)  SelBinAnchor: 0.000e+00 (0.000e+00)  ActBinMargin: 0.000e+00 (0.000e+00)  Time: 0.244s, 2098.25/s  (0.234s, 2185.24/s)  LR: 5.906e-06  RefW: 0.000e+00  AnchorRefW: 0.000e+00  Data: 0.008 (0.007)
2026-07-10T15:05:41Z	48	0.000e+00	0.000e+00	Train: 48 [ 850/2502 ( 34%)]  Loss: 51.358044 (51.3983)  BaseLoss: 51.358044 (51.3983)  RefAttnKL: 0.000e+00 (0.000e+00)  RefLogitKL: 0.000e+00 (0.000e+00)  AnchorRefAttnKL: 0.000e+00 (0.000e+00)  TeacherAttnKL: 0.000e+00 (0.000e+00)  TeacherRel: 0.000e+00 (0.000e+00)  TeacherAttnOut: 0.000e+00 (0.000e+00)  TeacherFeatOut: 0.000e+00 (0.000e+00)  ActScaleAnchor: 0.000e+00 (0.000e+00)  VarTrust: 0.000e+00 (0.000e+00)  DirAnchor: 0.000e+00 (0.000e+00)  BinReg: 0.000e+00 (0.000e+00)  SelBinAnchor: 0.000e+00 (0.000e+00)  ActBinMargin: 0.000e+00 (0.000e+00)  Time: 0.270s, 1896.70/s  (0.234s, 2185.08/s)  LR: 5.903e-06  RefW: 0.000e+00  AnchorRefW: 0.000e+00  Data: 0.006 (0.007)
2026-07-10T15:05:41Z	48	0.000e+00	0.000e+00	Train: 48 [ 900/2502 ( 36%)]  Loss: 51.395527 (51.3981)  BaseLoss: 51.395527 (51.3981)  RefAttnKL: 0.000e+00 (0.000e+00)  RefLogitKL: 0.000e+00 (0.000e+00)  AnchorRefAttnKL: 0.000e+00 (0.000e+00)  TeacherAttnKL: 0.000e+00 (0.000e+00)  TeacherRel: 0.000e+00 (0.000e+00)  TeacherAttnOut: 0.000e+00 (0.000e+00)  TeacherFeatOut: 0.000e+00 (0.000e+00)  ActScaleAnchor: 0.000e+00 (0.000e+00)  VarTrust: 0.000e+00 (0.000e+00)  DirAnchor: 0.000e+00 (0.000e+00)  BinReg: 0.000e+00 (0.000e+00)  SelBinAnchor: 0.000e+00 (0.000e+00)  ActBinMargin: 0.000e+00 (0.000e+00)  Time: 0.240s, 2130.34/s  (0.234s, 2187.03/s)  LR: 5.900e-06  RefW: 0.000e+00  AnchorRefW: 0.000e+00  Data: 0.007 (0.007)
2026-07-10T15:05:41Z	48	0.000e+00	0.000e+00	Train: 48 [ 950/2502 ( 38%)]  Loss: 51.394936 (51.3980)  BaseLoss: 51.394936 (51.3980)  RefAttnKL: 0.000e+00 (0.000e+00)  RefLogitKL: 0.000e+00 (0.000e+00)  AnchorRefAttnKL: 0.000e+00 (0.000e+00)  TeacherAttnKL: 0.000e+00 (0.000e+00)  TeacherRel: 0.000e+00 (0.000e+00)  TeacherAttnOut: 0.000e+00 (0.000e+00)  TeacherFeatOut: 0.000e+00 (0.000e+00)  ActScaleAnchor: 0.000e+00 (0.000e+00)  VarTrust: 0.000e+00 (0.000e+00)  DirAnchor: 0.000e+00 (0.000e+00)  BinReg: 0.000e+00 (0.000e+00)  SelBinAnchor: 0.000e+00 (0.000e+00)  ActBinMargin: 0.000e+00 (0.000e+00)  Time: 0.241s, 2121.91/s  (0.234s, 2188.85/s)  LR: 5.897e-06  RefW: 0.000e+00  AnchorRefW: 0.000e+00  Data: 0.006 (0.007)
2026-07-10T15:05:41Z	48	0.000e+00	0.000e+00	Train: 48 [1000/2502 ( 40%)]  Loss: 51.411121 (51.3986)  BaseLoss: 51.411121 (51.3986)  RefAttnKL: 0.000e+00 (0.000e+00)  RefLogitKL: 0.000e+00 (0.000e+00)  AnchorRefAttnKL: 0.000e+00 (0.000e+00)  TeacherAttnKL: 0.000e+00 (0.000e+00)  TeacherRel: 0.000e+00 (0.000e+00)  TeacherAttnOut: 0.000e+00 (0.000e+00)  TeacherFeatOut: 0.000e+00 (0.000e+00)  ActScaleAnchor: 0.000e+00 (0.000e+00)  VarTrust: 0.000e+00 (0.000e+00)  DirAnchor: 0.000e+00 (0.000e+00)  BinReg: 0.000e+00 (0.000e+00)  SelBinAnchor: 0.000e+00 (0.000e+00)  ActBinMargin: 0.000e+00 (0.000e+00)  Time: 0.241s, 2125.63/s  (0.234s, 2189.98/s)  LR: 5.894e-06  RefW: 0.000e+00  AnchorRefW: 0.000e+00  Data: 0.007 (0.007)
2026-07-10T15:05:41Z	48	0.000e+00	0.000e+00	Train: 48 [1050/2502 ( 42%)]  Loss: 51.383629 (51.3979)  BaseLoss: 51.383629 (51.3979)  RefAttnKL: 0.000e+00 (0.000e+00)  RefLogitKL: 0.000e+00 (0.000e+00)  AnchorRefAttnKL: 0.000e+00 (0.000e+00)  TeacherAttnKL: 0.000e+00 (0.000e+00)  TeacherRel: 0.000e+00 (0.000e+00)  TeacherAttnOut: 0.000e+00 (0.000e+00)  TeacherFeatOut: 0.000e+00 (0.000e+00)  ActScaleAnchor: 0.000e+00 (0.000e+00)  VarTrust: 0.000e+00 (0.000e+00)  DirAnchor: 0.000e+00 (0.000e+00)  BinReg: 0.000e+00 (0.000e+00)  SelBinAnchor: 0.000e+00 (0.000e+00)  ActBinMargin: 0.000e+00 (0.000e+00)  Time: 0.243s, 2102.89/s  (0.234s, 2191.58/s)  LR: 5.891e-06  RefW: 0.000e+00  AnchorRefW: 0.000e+00  Data: 0.007 (0.007)
2026-07-10T15:05:41Z	48	0.000e+00	0.000e+00	Train: 48 [1100/2502 ( 44%)]  Loss: 51.348598 (51.3958)  BaseLoss: 51.348598 (51.3958)  RefAttnKL: 0.000e+00 (0.000e+00)  RefLogitKL: 0.000e+00 (0.000e+00)  AnchorRefAttnKL: 0.000e+00 (0.000e+00)  TeacherAttnKL: 0.000e+00 (0.000e+00)  TeacherRel: 0.000e+00 (0.000e+00)  TeacherAttnOut: 0.000e+00 (0.000e+00)  TeacherFeatOut: 0.000e+00 (0.000e+00)  ActScaleAnchor: 0.000e+00 (0.000e+00)  VarTrust: 0.000e+00 (0.000e+00)  DirAnchor: 0.000e+00 (0.000e+00)  BinReg: 0.000e+00 (0.000e+00)  SelBinAnchor: 0.000e+00 (0.000e+00)  ActBinMargin: 0.000e+00 (0.000e+00)  Time: 0.241s, 2120.77/s  (0.233s, 2192.76/s)  LR: 5.888e-06  RefW: 0.000e+00  AnchorRefW: 0.000e+00  Data: 0.007 (0.007)
2026-07-10T15:05:41Z	48	0.000e+00	0.000e+00	Train: 48 [1150/2502 ( 46%)]  Loss: 51.402138 (51.3960)  BaseLoss: 51.402138 (51.3960)  RefAttnKL: 0.000e+00 (0.000e+00)  RefLogitKL: 0.000e+00 (0.000e+00)  AnchorRefAttnKL: 0.000e+00 (0.000e+00)  TeacherAttnKL: 0.000e+00 (0.000e+00)  TeacherRel: 0.000e+00 (0.000e+00)  TeacherAttnOut: 0.000e+00 (0.000e+00)  TeacherFeatOut: 0.000e+00 (0.000e+00)  ActScaleAnchor: 0.000e+00 (0.000e+00)  VarTrust: 0.000e+00 (0.000e+00)  DirAnchor: 0.000e+00 (0.000e+00)  BinReg: 0.000e+00 (0.000e+00)  SelBinAnchor: 0.000e+00 (0.000e+00)  ActBinMargin: 0.000e+00 (0.000e+00)  Time: 0.242s, 2118.89/s  (0.233s, 2194.07/s)  LR: 5.885e-06  RefW: 0.000e+00  AnchorRefW: 0.000e+00  Data: 0.006 (0.007)
2026-07-10T15:05:41Z	48	0.000e+00	0.000e+00	Train: 48 [1200/2502 ( 48%)]  Loss: 51.378624 (51.3954)  BaseLoss: 51.378624 (51.3954)  RefAttnKL: 0.000e+00 (0.000e+00)  RefLogitKL: 0.000e+00 (0.000e+00)  AnchorRefAttnKL: 0.000e+00 (0.000e+00)  TeacherAttnKL: 0.000e+00 (0.000e+00)  TeacherRel: 0.000e+00 (0.000e+00)  TeacherAttnOut: 0.000e+00 (0.000e+00)  TeacherFeatOut: 0.000e+00 (0.000e+00)  ActScaleAnchor: 0.000e+00 (0.000e+00)  VarTrust: 0.000e+00 (0.000e+00)  DirAnchor: 0.000e+00 (0.000e+00)  BinReg: 0.000e+00 (0.000e+00)  SelBinAnchor: 0.000e+00 (0.000e+00)  ActBinMargin: 0.000e+00 (0.000e+00)  Time: 0.244s, 2096.45/s  (0.233s, 2194.56/s)  LR: 5.882e-06  RefW: 0.000e+00  AnchorRefW: 0.000e+00  Data: 0.006 (0.007)
2026-07-10T15:05:41Z	48	0.000e+00	0.000e+00	Train: 48 [1250/2502 ( 50%)]  Loss: 51.413807 (51.3961)  BaseLoss: 51.413807 (51.3961)  RefAttnKL: 0.000e+00 (0.000e+00)  RefLogitKL: 0.000e+00 (0.000e+00)  AnchorRefAttnKL: 0.000e+00 (0.000e+00)  TeacherAttnKL: 0.000e+00 (0.000e+00)  TeacherRel: 0.000e+00 (0.000e+00)  TeacherAttnOut: 0.000e+00 (0.000e+00)  TeacherFeatOut: 0.000e+00 (0.000e+00)  ActScaleAnchor: 0.000e+00 (0.000e+00)  VarTrust: 0.000e+00 (0.000e+00)  DirAnchor: 0.000e+00 (0.000e+00)  BinReg: 0.000e+00 (0.000e+00)  SelBinAnchor: 0.000e+00 (0.000e+00)  ActBinMargin: 0.000e+00 (0.000e+00)  Time: 0.253s, 2024.17/s  (0.233s, 2195.19/s)  LR: 5.879e-06  RefW: 0.000e+00  AnchorRefW: 0.000e+00  Data: 0.007 (0.007)
2026-07-10T15:05:41Z	48	0.000e+00	0.000e+00	Train: 48 [1300/2502 ( 52%)]  Loss: 51.398869 (51.3962)  BaseLoss: 51.398869 (51.3962)  RefAttnKL: 0.000e+00 (0.000e+00)  RefLogitKL: 0.000e+00 (0.000e+00)  AnchorRefAttnKL: 0.000e+00 (0.000e+00)  TeacherAttnKL: 0.000e+00 (0.000e+00)  TeacherRel: 0.000e+00 (0.000e+00)  TeacherAttnOut: 0.000e+00 (0.000e+00)  TeacherFeatOut: 0.000e+00 (0.000e+00)  ActScaleAnchor: 0.000e+00 (0.000e+00)  VarTrust: 0.000e+00 (0.000e+00)  DirAnchor: 0.000e+00 (0.000e+00)  BinReg: 0.000e+00 (0.000e+00)  SelBinAnchor: 0.000e+00 (0.000e+00)  ActBinMargin: 0.000e+00 (0.000e+00)  Time: 0.241s, 2122.61/s  (0.233s, 2196.29/s)  LR: 5.876e-06  RefW: 0.000e+00  AnchorRefW: 0.000e+00  Data: 0.006 (0.007)
2026-07-10T15:05:41Z	48	0.000e+00	0.000e+00	Train: 48 [1350/2502 ( 54%)]  Loss: 51.422234 (51.3971)  BaseLoss: 51.422234 (51.3971)  RefAttnKL: 0.000e+00 (0.000e+00)  RefLogitKL: 0.000e+00 (0.000e+00)  AnchorRefAttnKL: 0.000e+00 (0.000e+00)  TeacherAttnKL: 0.000e+00 (0.000e+00)  TeacherRel: 0.000e+00 (0.000e+00)  TeacherAttnOut: 0.000e+00 (0.000e+00)  TeacherFeatOut: 0.000e+00 (0.000e+00)  ActScaleAnchor: 0.000e+00 (0.000e+00)  VarTrust: 0.000e+00 (0.000e+00)  DirAnchor: 0.000e+00 (0.000e+00)  BinReg: 0.000e+00 (0.000e+00)  SelBinAnchor: 0.000e+00 (0.000e+00)  ActBinMargin: 0.000e+00 (0.000e+00)  Time: 0.236s, 2166.45/s  (0.233s, 2197.20/s)  LR: 5.873e-06  RefW: 0.000e+00  AnchorRefW: 0.000e+00  Data: 0.005 (0.007)
2026-07-10T15:05:41Z	48	0.000e+00	0.000e+00	Train: 48 [1400/2502 ( 56%)]  Loss: 51.402184 (51.3973)  BaseLoss: 51.402184 (51.3973)  RefAttnKL: 0.000e+00 (0.000e+00)  RefLogitKL: 0.000e+00 (0.000e+00)  AnchorRefAttnKL: 0.000e+00 (0.000e+00)  TeacherAttnKL: 0.000e+00 (0.000e+00)  TeacherRel: 0.000e+00 (0.000e+00)  TeacherAttnOut: 0.000e+00 (0.000e+00)  TeacherFeatOut: 0.000e+00 (0.000e+00)  ActScaleAnchor: 0.000e+00 (0.000e+00)  VarTrust: 0.000e+00 (0.000e+00)  DirAnchor: 0.000e+00 (0.000e+00)  BinReg: 0.000e+00 (0.000e+00)  SelBinAnchor: 0.000e+00 (0.000e+00)  ActBinMargin: 0.000e+00 (0.000e+00)  Time: 0.241s, 2126.58/s  (0.233s, 2197.97/s)  LR: 5.870e-06  RefW: 0.000e+00  AnchorRefW: 0.000e+00  Data: 0.007 (0.007)
2026-07-10T15:05:41Z	48	0.000e+00	0.000e+00	Train: 48 [1450/2502 ( 58%)]  Loss: 51.416245 (51.3979)  BaseLoss: 51.416245 (51.3979)  RefAttnKL: 0.000e+00 (0.000e+00)  RefLogitKL: 0.000e+00 (0.000e+00)  AnchorRefAttnKL: 0.000e+00 (0.000e+00)  TeacherAttnKL: 0.000e+00 (0.000e+00)  TeacherRel: 0.000e+00 (0.000e+00)  TeacherAttnOut: 0.000e+00 (0.000e+00)  TeacherFeatOut: 0.000e+00 (0.000e+00)  ActScaleAnchor: 0.000e+00 (0.000e+00)  VarTrust: 0.000e+00 (0.000e+00)  DirAnchor: 0.000e+00 (0.000e+00)  BinReg: 0.000e+00 (0.000e+00)  SelBinAnchor: 0.000e+00 (0.000e+00)  ActBinMargin: 0.000e+00 (0.000e+00)  Time: 0.241s, 2120.27/s  (0.233s, 2198.75/s)  LR: 5.868e-06  RefW: 0.000e+00  AnchorRefW: 0.000e+00  Data: 0.007 (0.007)
2026-07-10T15:05:41Z	48	0.000e+00	0.000e+00	Train: 48 [1500/2502 ( 60%)]  Loss: 51.421860 (51.3987)  BaseLoss: 51.421860 (51.3987)  RefAttnKL: 0.000e+00 (0.000e+00)  RefLogitKL: 0.000e+00 (0.000e+00)  AnchorRefAttnKL: 0.000e+00 (0.000e+00)  TeacherAttnKL: 0.000e+00 (0.000e+00)  TeacherRel: 0.000e+00 (0.000e+00)  TeacherAttnOut: 0.000e+00 (0.000e+00)  TeacherFeatOut: 0.000e+00 (0.000e+00)  ActScaleAnchor: 0.000e+00 (0.000e+00)  VarTrust: 0.000e+00 (0.000e+00)  DirAnchor: 0.000e+00 (0.000e+00)  BinReg: 0.000e+00 (0.000e+00)  SelBinAnchor: 0.000e+00 (0.000e+00)  ActBinMargin: 0.000e+00 (0.000e+00)  Time: 0.243s, 2111.00/s  (0.233s, 2199.52/s)  LR: 5.865e-06  RefW: 0.000e+00  AnchorRefW: 0.000e+00  Data: 0.007 (0.007)
2026-07-10T15:05:41Z	48	0.000e+00	0.000e+00	Train: 48 [1550/2502 ( 62%)]  Loss: 51.403458 (51.3988)  BaseLoss: 51.403458 (51.3988)  RefAttnKL: 0.000e+00 (0.000e+00)  RefLogitKL: 0.000e+00 (0.000e+00)  AnchorRefAttnKL: 0.000e+00 (0.000e+00)  TeacherAttnKL: 0.000e+00 (0.000e+00)  TeacherRel: 0.000e+00 (0.000e+00)  TeacherAttnOut: 0.000e+00 (0.000e+00)  TeacherFeatOut: 0.000e+00 (0.000e+00)  ActScaleAnchor: 0.000e+00 (0.000e+00)  VarTrust: 0.000e+00 (0.000e+00)  DirAnchor: 0.000e+00 (0.000e+00)  BinReg: 0.000e+00 (0.000e+00)  SelBinAnchor: 0.000e+00 (0.000e+00)  ActBinMargin: 0.000e+00 (0.000e+00)  Time: 0.239s, 2141.70/s  (0.233s, 2200.22/s)  LR: 5.862e-06  RefW: 0.000e+00  AnchorRefW: 0.000e+00  Data: 0.006 (0.007)
2026-07-10T15:05:41Z	48	0.000e+00	0.000e+00	Train: 48 [1600/2502 ( 64%)]  Loss: 51.408455 (51.3991)  BaseLoss: 51.408455 (51.3991)  RefAttnKL: 0.000e+00 (0.000e+00)  RefLogitKL: 0.000e+00 (0.000e+00)  AnchorRefAttnKL: 0.000e+00 (0.000e+00)  TeacherAttnKL: 0.000e+00 (0.000e+00)  TeacherRel: 0.000e+00 (0.000e+00)  TeacherAttnOut: 0.000e+00 (0.000e+00)  TeacherFeatOut: 0.000e+00 (0.000e+00)  ActScaleAnchor: 0.000e+00 (0.000e+00)  VarTrust: 0.000e+00 (0.000e+00)  DirAnchor: 0.000e+00 (0.000e+00)  BinReg: 0.000e+00 (0.000e+00)  SelBinAnchor: 0.000e+00 (0.000e+00)  ActBinMargin: 0.000e+00 (0.000e+00)  Time: 0.243s, 2110.99/s  (0.233s, 2200.81/s)  LR: 5.859e-06  RefW: 0.000e+00  AnchorRefW: 0.000e+00  Data: 0.006 (0.007)
2026-07-10T15:05:41Z	48	0.000e+00	0.000e+00	Train: 48 [1650/2502 ( 66%)]  Loss: 51.426388 (51.3999)  BaseLoss: 51.426388 (51.3999)  RefAttnKL: 0.000e+00 (0.000e+00)  RefLogitKL: 0.000e+00 (0.000e+00)  AnchorRefAttnKL: 0.000e+00 (0.000e+00)  TeacherAttnKL: 0.000e+00 (0.000e+00)  TeacherRel: 0.000e+00 (0.000e+00)  TeacherAttnOut: 0.000e+00 (0.000e+00)  TeacherFeatOut: 0.000e+00 (0.000e+00)  ActScaleAnchor: 0.000e+00 (0.000e+00)  VarTrust: 0.000e+00 (0.000e+00)  DirAnchor: 0.000e+00 (0.000e+00)  BinReg: 0.000e+00 (0.000e+00)  SelBinAnchor: 0.000e+00 (0.000e+00)  ActBinMargin: 0.000e+00 (0.000e+00)  Time: 0.246s, 2083.84/s  (0.233s, 2201.08/s)  LR: 5.856e-06  RefW: 0.000e+00  AnchorRefW: 0.000e+00  Data: 0.008 (0.007)
2026-07-10T15:05:41Z	48	0.000e+00	0.000e+00	Train: 48 [1700/2502 ( 68%)]  Loss: 51.407040 (51.4001)  BaseLoss: 51.407040 (51.4001)  RefAttnKL: 0.000e+00 (0.000e+00)  RefLogitKL: 0.000e+00 (0.000e+00)  AnchorRefAttnKL: 0.000e+00 (0.000e+00)  TeacherAttnKL: 0.000e+00 (0.000e+00)  TeacherRel: 0.000e+00 (0.000e+00)  TeacherAttnOut: 0.000e+00 (0.000e+00)  TeacherFeatOut: 0.000e+00 (0.000e+00)  ActScaleAnchor: 0.000e+00 (0.000e+00)  VarTrust: 0.000e+00 (0.000e+00)  DirAnchor: 0.000e+00 (0.000e+00)  BinReg: 0.000e+00 (0.000e+00)  SelBinAnchor: 0.000e+00 (0.000e+00)  ActBinMargin: 0.000e+00 (0.000e+00)  Time: 0.247s, 2069.75/s  (0.233s, 2200.79/s)  LR: 5.853e-06  RefW: 0.000e+00  AnchorRefW: 0.000e+00  Data: 0.008 (0.007)
2026-07-10T15:05:41Z	48	0.000e+00	0.000e+00	Train: 48 [1750/2502 ( 70%)]  Loss: 51.392944 (51.3999)  BaseLoss: 51.392944 (51.3999)  RefAttnKL: 0.000e+00 (0.000e+00)  RefLogitKL: 0.000e+00 (0.000e+00)  AnchorRefAttnKL: 0.000e+00 (0.000e+00)  TeacherAttnKL: 0.000e+00 (0.000e+00)  TeacherRel: 0.000e+00 (0.000e+00)  TeacherAttnOut: 0.000e+00 (0.000e+00)  TeacherFeatOut: 0.000e+00 (0.000e+00)  ActScaleAnchor: 0.000e+00 (0.000e+00)  VarTrust: 0.000e+00 (0.000e+00)  DirAnchor: 0.000e+00 (0.000e+00)  BinReg: 0.000e+00 (0.000e+00)  SelBinAnchor: 0.000e+00 (0.000e+00)  ActBinMargin: 0.000e+00 (0.000e+00)  Time: 0.246s, 2082.50/s  (0.233s, 2200.05/s)  LR: 5.850e-06  RefW: 0.000e+00  AnchorRefW: 0.000e+00  Data: 0.007 (0.007)
2026-07-10T15:05:41Z	48	0.000e+00	0.000e+00	Train: 48 [1800/2502 ( 72%)]  Loss: 51.413761 (51.4003)  BaseLoss: 51.413761 (51.4003)  RefAttnKL: 0.000e+00 (0.000e+00)  RefLogitKL: 0.000e+00 (0.000e+00)  AnchorRefAttnKL: 0.000e+00 (0.000e+00)  TeacherAttnKL: 0.000e+00 (0.000e+00)  TeacherRel: 0.000e+00 (0.000e+00)  TeacherAttnOut: 0.000e+00 (0.000e+00)  TeacherFeatOut: 0.000e+00 (0.000e+00)  ActScaleAnchor: 0.000e+00 (0.000e+00)  VarTrust: 0.000e+00 (0.000e+00)  DirAnchor: 0.000e+00 (0.000e+00)  BinReg: 0.000e+00 (0.000e+00)  SelBinAnchor: 0.000e+00 (0.000e+00)  ActBinMargin: 0.000e+00 (0.000e+00)  Time: 0.246s, 2079.52/s  (0.233s, 2199.75/s)  LR: 5.847e-06  RefW: 0.000e+00  AnchorRefW: 0.000e+00  Data: 0.008 (0.007)
2026-07-10T15:05:41Z	48	0.000e+00	0.000e+00	Train: 48 [1850/2502 ( 74%)]  Loss: 51.373291 (51.3996)  BaseLoss: 51.373291 (51.3996)  RefAttnKL: 0.000e+00 (0.000e+00)  RefLogitKL: 0.000e+00 (0.000e+00)  AnchorRefAttnKL: 0.000e+00 (0.000e+00)  TeacherAttnKL: 0.000e+00 (0.000e+00)  TeacherRel: 0.000e+00 (0.000e+00)  TeacherAttnOut: 0.000e+00 (0.000e+00)  TeacherFeatOut: 0.000e+00 (0.000e+00)  ActScaleAnchor: 0.000e+00 (0.000e+00)  VarTrust: 0.000e+00 (0.000e+00)  DirAnchor: 0.000e+00 (0.000e+00)  BinReg: 0.000e+00 (0.000e+00)  SelBinAnchor: 0.000e+00 (0.000e+00)  ActBinMargin: 0.000e+00 (0.000e+00)  Time: 0.246s, 2079.72/s  (0.233s, 2199.35/s)  LR: 5.844e-06  RefW: 0.000e+00  AnchorRefW: 0.000e+00  Data: 0.007 (0.007)
2026-07-10T15:05:41Z	48	0.000e+00	0.000e+00	Train: 48 [1900/2502 ( 76%)]  Loss: 51.428993 (51.4003)  BaseLoss: 51.428993 (51.4003)  RefAttnKL: 0.000e+00 (0.000e+00)  RefLogitKL: 0.000e+00 (0.000e+00)  AnchorRefAttnKL: 0.000e+00 (0.000e+00)  TeacherAttnKL: 0.000e+00 (0.000e+00)  TeacherRel: 0.000e+00 (0.000e+00)  TeacherAttnOut: 0.000e+00 (0.000e+00)  TeacherFeatOut: 0.000e+00 (0.000e+00)  ActScaleAnchor: 0.000e+00 (0.000e+00)  VarTrust: 0.000e+00 (0.000e+00)  DirAnchor: 0.000e+00 (0.000e+00)  BinReg: 0.000e+00 (0.000e+00)  SelBinAnchor: 0.000e+00 (0.000e+00)  ActBinMargin: 0.000e+00 (0.000e+00)  Time: 0.248s, 2062.79/s  (0.233s, 2199.10/s)  LR: 5.841e-06  RefW: 0.000e+00  AnchorRefW: 0.000e+00  Data: 0.008 (0.007)
2026-07-10T15:05:41Z	48	0.000e+00	0.000e+00	Train: 48 [1950/2502 ( 78%)]  Loss: 51.446236 (51.4015)  BaseLoss: 51.446236 (51.4015)  RefAttnKL: 0.000e+00 (0.000e+00)  RefLogitKL: 0.000e+00 (0.000e+00)  AnchorRefAttnKL: 0.000e+00 (0.000e+00)  TeacherAttnKL: 0.000e+00 (0.000e+00)  TeacherRel: 0.000e+00 (0.000e+00)  TeacherAttnOut: 0.000e+00 (0.000e+00)  TeacherFeatOut: 0.000e+00 (0.000e+00)  ActScaleAnchor: 0.000e+00 (0.000e+00)  VarTrust: 0.000e+00 (0.000e+00)  DirAnchor: 0.000e+00 (0.000e+00)  BinReg: 0.000e+00 (0.000e+00)  SelBinAnchor: 0.000e+00 (0.000e+00)  ActBinMargin: 0.000e+00 (0.000e+00)  Time: 0.253s, 2027.27/s  (0.233s, 2199.56/s)  LR: 5.838e-06  RefW: 0.000e+00  AnchorRefW: 0.000e+00  Data: 0.009 (0.007)
2026-07-10T15:05:41Z	48	0.000e+00	0.000e+00	Train: 48 [2000/2502 ( 80%)]  Loss: 51.401833 (51.4015)  BaseLoss: 51.401833 (51.4015)  RefAttnKL: 0.000e+00 (0.000e+00)  RefLogitKL: 0.000e+00 (0.000e+00)  AnchorRefAttnKL: 0.000e+00 (0.000e+00)  TeacherAttnKL: 0.000e+00 (0.000e+00)  TeacherRel: 0.000e+00 (0.000e+00)  TeacherAttnOut: 0.000e+00 (0.000e+00)  TeacherFeatOut: 0.000e+00 (0.000e+00)  ActScaleAnchor: 0.000e+00 (0.000e+00)  VarTrust: 0.000e+00 (0.000e+00)  DirAnchor: 0.000e+00 (0.000e+00)  BinReg: 0.000e+00 (0.000e+00)  SelBinAnchor: 0.000e+00 (0.000e+00)  ActBinMargin: 0.000e+00 (0.000e+00)  Time: 0.242s, 2119.58/s  (0.233s, 2200.30/s)  LR: 5.835e-06  RefW: 0.000e+00  AnchorRefW: 0.000e+00  Data: 0.008 (0.007)
2026-07-10T15:05:41Z	48	0.000e+00	0.000e+00	Train: 48 [2050/2502 ( 82%)]  Loss: 51.372047 (51.4008)  BaseLoss: 51.372047 (51.4008)  RefAttnKL: 0.000e+00 (0.000e+00)  RefLogitKL: 0.000e+00 (0.000e+00)  AnchorRefAttnKL: 0.000e+00 (0.000e+00)  TeacherAttnKL: 0.000e+00 (0.000e+00)  TeacherRel: 0.000e+00 (0.000e+00)  TeacherAttnOut: 0.000e+00 (0.000e+00)  TeacherFeatOut: 0.000e+00 (0.000e+00)  ActScaleAnchor: 0.000e+00 (0.000e+00)  VarTrust: 0.000e+00 (0.000e+00)  DirAnchor: 0.000e+00 (0.000e+00)  BinReg: 0.000e+00 (0.000e+00)  SelBinAnchor: 0.000e+00 (0.000e+00)  ActBinMargin: 0.000e+00 (0.000e+00)  Time: 0.247s, 2075.23/s  (0.233s, 2200.76/s)  LR: 5.833e-06  RefW: 0.000e+00  AnchorRefW: 0.000e+00  Data: 0.009 (0.007)
2026-07-10T15:05:41Z	48	0.000e+00	0.000e+00	Train: 48 [2100/2502 ( 84%)]  Loss: 51.393856 (51.4006)  BaseLoss: 51.393856 (51.4006)  RefAttnKL: 0.000e+00 (0.000e+00)  RefLogitKL: 0.000e+00 (0.000e+00)  AnchorRefAttnKL: 0.000e+00 (0.000e+00)  TeacherAttnKL: 0.000e+00 (0.000e+00)  TeacherRel: 0.000e+00 (0.000e+00)  TeacherAttnOut: 0.000e+00 (0.000e+00)  TeacherFeatOut: 0.000e+00 (0.000e+00)  ActScaleAnchor: 0.000e+00 (0.000e+00)  VarTrust: 0.000e+00 (0.000e+00)  DirAnchor: 0.000e+00 (0.000e+00)  BinReg: 0.000e+00 (0.000e+00)  SelBinAnchor: 0.000e+00 (0.000e+00)  ActBinMargin: 0.000e+00 (0.000e+00)  Time: 0.242s, 2113.71/s  (0.233s, 2201.07/s)  LR: 5.830e-06  RefW: 0.000e+00  AnchorRefW: 0.000e+00  Data: 0.007 (0.007)
2026-07-10T15:05:41Z	48	0.000e+00	0.000e+00	Train: 48 [2150/2502 ( 86%)]  Loss: 51.409344 (51.4008)  BaseLoss: 51.409344 (51.4008)  RefAttnKL: 0.000e+00 (0.000e+00)  RefLogitKL: 0.000e+00 (0.000e+00)  AnchorRefAttnKL: 0.000e+00 (0.000e+00)  TeacherAttnKL: 0.000e+00 (0.000e+00)  TeacherRel: 0.000e+00 (0.000e+00)  TeacherAttnOut: 0.000e+00 (0.000e+00)  TeacherFeatOut: 0.000e+00 (0.000e+00)  ActScaleAnchor: 0.000e+00 (0.000e+00)  VarTrust: 0.000e+00 (0.000e+00)  DirAnchor: 0.000e+00 (0.000e+00)  BinReg: 0.000e+00 (0.000e+00)  SelBinAnchor: 0.000e+00 (0.000e+00)  ActBinMargin: 0.000e+00 (0.000e+00)  Time: 0.244s, 2101.38/s  (0.233s, 2201.56/s)  LR: 5.827e-06  RefW: 0.000e+00  AnchorRefW: 0.000e+00  Data: 0.008 (0.007)
2026-07-10T15:05:41Z	48	0.000e+00	0.000e+00	Train: 48 [2200/2502 ( 88%)]  Loss: 51.398979 (51.4008)  BaseLoss: 51.398979 (51.4008)  RefAttnKL: 0.000e+00 (0.000e+00)  RefLogitKL: 0.000e+00 (0.000e+00)  AnchorRefAttnKL: 0.000e+00 (0.000e+00)  TeacherAttnKL: 0.000e+00 (0.000e+00)  TeacherRel: 0.000e+00 (0.000e+00)  TeacherAttnOut: 0.000e+00 (0.000e+00)  TeacherFeatOut: 0.000e+00 (0.000e+00)  ActScaleAnchor: 0.000e+00 (0.000e+00)  VarTrust: 0.000e+00 (0.000e+00)  DirAnchor: 0.000e+00 (0.000e+00)  BinReg: 0.000e+00 (0.000e+00)  SelBinAnchor: 0.000e+00 (0.000e+00)  ActBinMargin: 0.000e+00 (0.000e+00)  Time: 0.245s, 2087.35/s  (0.233s, 2201.61/s)  LR: 5.824e-06  RefW: 0.000e+00  AnchorRefW: 0.000e+00  Data: 0.008 (0.007)
2026-07-10T15:05:41Z	48	0.000e+00	0.000e+00	Train: 48 [2250/2502 ( 90%)]  Loss: 51.386494 (51.4005)  BaseLoss: 51.386494 (51.4005)  RefAttnKL: 0.000e+00 (0.000e+00)  RefLogitKL: 0.000e+00 (0.000e+00)  AnchorRefAttnKL: 0.000e+00 (0.000e+00)  TeacherAttnKL: 0.000e+00 (0.000e+00)  TeacherRel: 0.000e+00 (0.000e+00)  TeacherAttnOut: 0.000e+00 (0.000e+00)  TeacherFeatOut: 0.000e+00 (0.000e+00)  ActScaleAnchor: 0.000e+00 (0.000e+00)  VarTrust: 0.000e+00 (0.000e+00)  DirAnchor: 0.000e+00 (0.000e+00)  BinReg: 0.000e+00 (0.000e+00)  SelBinAnchor: 0.000e+00 (0.000e+00)  ActBinMargin: 0.000e+00 (0.000e+00)  Time: 0.241s, 2120.23/s  (0.233s, 2202.03/s)  LR: 5.821e-06  RefW: 0.000e+00  AnchorRefW: 0.000e+00  Data: 0.008 (0.007)
2026-07-10T15:05:41Z	48	0.000e+00	0.000e+00	Train: 48 [2300/2502 ( 92%)]  Loss: 51.413715 (51.4008)  BaseLoss: 51.413715 (51.4008)  RefAttnKL: 0.000e+00 (0.000e+00)  RefLogitKL: 0.000e+00 (0.000e+00)  AnchorRefAttnKL: 0.000e+00 (0.000e+00)  TeacherAttnKL: 0.000e+00 (0.000e+00)  TeacherRel: 0.000e+00 (0.000e+00)  TeacherAttnOut: 0.000e+00 (0.000e+00)  TeacherFeatOut: 0.000e+00 (0.000e+00)  ActScaleAnchor: 0.000e+00 (0.000e+00)  VarTrust: 0.000e+00 (0.000e+00)  DirAnchor: 0.000e+00 (0.000e+00)  BinReg: 0.000e+00 (0.000e+00)  SelBinAnchor: 0.000e+00 (0.000e+00)  ActBinMargin: 0.000e+00 (0.000e+00)  Time: 0.242s, 2116.83/s  (0.232s, 2202.22/s)  LR: 5.818e-06  RefW: 0.000e+00  AnchorRefW: 0.000e+00  Data: 0.008 (0.007)
2026-07-10T15:05:41Z	48	0.000e+00	0.000e+00	Train: 48 [2350/2502 ( 94%)]  Loss: 51.421261 (51.4012)  BaseLoss: 51.421261 (51.4012)  RefAttnKL: 0.000e+00 (0.000e+00)  RefLogitKL: 0.000e+00 (0.000e+00)  AnchorRefAttnKL: 0.000e+00 (0.000e+00)  TeacherAttnKL: 0.000e+00 (0.000e+00)  TeacherRel: 0.000e+00 (0.000e+00)  TeacherAttnOut: 0.000e+00 (0.000e+00)  TeacherFeatOut: 0.000e+00 (0.000e+00)  ActScaleAnchor: 0.000e+00 (0.000e+00)  VarTrust: 0.000e+00 (0.000e+00)  DirAnchor: 0.000e+00 (0.000e+00)  BinReg: 0.000e+00 (0.000e+00)  SelBinAnchor: 0.000e+00 (0.000e+00)  ActBinMargin: 0.000e+00 (0.000e+00)  Time: 0.241s, 2120.86/s  (0.232s, 2202.69/s)  LR: 5.815e-06  RefW: 0.000e+00  AnchorRefW: 0.000e+00  Data: 0.009 (0.007)
2026-07-10T15:05:41Z	48	0.000e+00	0.000e+00	Train: 48 [2400/2502 ( 96%)]  Loss: 51.407925 (51.4013)  BaseLoss: 51.407925 (51.4013)  RefAttnKL: 0.000e+00 (0.000e+00)  RefLogitKL: 0.000e+00 (0.000e+00)  AnchorRefAttnKL: 0.000e+00 (0.000e+00)  TeacherAttnKL: 0.000e+00 (0.000e+00)  TeacherRel: 0.000e+00 (0.000e+00)  TeacherAttnOut: 0.000e+00 (0.000e+00)  TeacherFeatOut: 0.000e+00 (0.000e+00)  ActScaleAnchor: 0.000e+00 (0.000e+00)  VarTrust: 0.000e+00 (0.000e+00)  DirAnchor: 0.000e+00 (0.000e+00)  BinReg: 0.000e+00 (0.000e+00)  SelBinAnchor: 0.000e+00 (0.000e+00)  ActBinMargin: 0.000e+00 (0.000e+00)  Time: 0.242s, 2111.87/s  (0.232s, 2202.86/s)  LR: 5.812e-06  RefW: 0.000e+00  AnchorRefW: 0.000e+00  Data: 0.008 (0.007)
2026-07-10T15:05:41Z	48	0.000e+00	0.000e+00	Train: 48 [2450/2502 ( 98%)]  Loss: 51.410984 (51.4015)  BaseLoss: 51.410984 (51.4015)  RefAttnKL: 0.000e+00 (0.000e+00)  RefLogitKL: 0.000e+00 (0.000e+00)  AnchorRefAttnKL: 0.000e+00 (0.000e+00)  TeacherAttnKL: 0.000e+00 (0.000e+00)  TeacherRel: 0.000e+00 (0.000e+00)  TeacherAttnOut: 0.000e+00 (0.000e+00)  TeacherFeatOut: 0.000e+00 (0.000e+00)  ActScaleAnchor: 0.000e+00 (0.000e+00)  VarTrust: 0.000e+00 (0.000e+00)  DirAnchor: 0.000e+00 (0.000e+00)  BinReg: 0.000e+00 (0.000e+00)  SelBinAnchor: 0.000e+00 (0.000e+00)  ActBinMargin: 0.000e+00 (0.000e+00)  Time: 0.240s, 2135.46/s  (0.232s, 2203.16/s)  LR: 5.810e-06  RefW: 0.000e+00  AnchorRefW: 0.000e+00  Data: 0.008 (0.007)
2026-07-10T15:05:41Z	49	0.000e+00	0.000e+00	Train: 49 [   0/2502 (  0%)]  Loss: 51.420151 (51.4202)  BaseLoss: 51.420151 (51.4202)  RefAttnKL: 0.000e+00 (0.000e+00)  RefLogitKL: 0.000e+00 (0.000e+00)  AnchorRefAttnKL: 0.000e+00 (0.000e+00)  TeacherAttnKL: 0.000e+00 (0.000e+00)  TeacherRel: 0.000e+00 (0.000e+00)  TeacherAttnOut: 0.000e+00 (0.000e+00)  TeacherFeatOut: 0.000e+00 (0.000e+00)  ActScaleAnchor: 0.000e+00 (0.000e+00)  VarTrust: 0.000e+00 (0.000e+00)  DirAnchor: 0.000e+00 (0.000e+00)  BinReg: 0.000e+00 (0.000e+00)  SelBinAnchor: 0.000e+00 (0.000e+00)  ActBinMargin: 0.000e+00 (0.000e+00)  Time: 1.186s,  431.72/s  (1.186s,  431.72/s)  LR: 5.807e-06  RefW: 0.000e+00  AnchorRefW: 0.000e+00  Data: 0.952 (0.952)
2026-07-10T15:05:41Z	49	0.000e+00	0.000e+00	Train: 49 [  50/2502 (  2%)]  Loss: 51.389824 (51.4050)  BaseLoss: 51.389824 (51.4050)  RefAttnKL: 0.000e+00 (0.000e+00)  RefLogitKL: 0.000e+00 (0.000e+00)  AnchorRefAttnKL: 0.000e+00 (0.000e+00)  TeacherAttnKL: 0.000e+00 (0.000e+00)  TeacherRel: 0.000e+00 (0.000e+00)  TeacherAttnOut: 0.000e+00 (0.000e+00)  TeacherFeatOut: 0.000e+00 (0.000e+00)  ActScaleAnchor: 0.000e+00 (0.000e+00)  VarTrust: 0.000e+00 (0.000e+00)  DirAnchor: 0.000e+00 (0.000e+00)  BinReg: 0.000e+00 (0.000e+00)  SelBinAnchor: 0.000e+00 (0.000e+00)  ActBinMargin: 0.000e+00 (0.000e+00)  Time: 0.242s, 2117.58/s  (0.250s, 2050.35/s)  LR: 5.804e-06  RefW: 0.000e+00  AnchorRefW: 0.000e+00  Data: 0.008 (0.025)
2026-07-10T15:05:41Z	49	0.000e+00	0.000e+00	Train: 49 [ 100/2502 (  4%)]  Loss: 51.421280 (51.4104)  BaseLoss: 51.421280 (51.4104)  RefAttnKL: 0.000e+00 (0.000e+00)  RefLogitKL: 0.000e+00 (0.000e+00)  AnchorRefAttnKL: 0.000e+00 (0.000e+00)  TeacherAttnKL: 0.000e+00 (0.000e+00)  TeacherRel: 0.000e+00 (0.000e+00)  TeacherAttnOut: 0.000e+00 (0.000e+00)  TeacherFeatOut: 0.000e+00 (0.000e+00)  ActScaleAnchor: 0.000e+00 (0.000e+00)  VarTrust: 0.000e+00 (0.000e+00)  DirAnchor: 0.000e+00 (0.000e+00)  BinReg: 0.000e+00 (0.000e+00)  SelBinAnchor: 0.000e+00 (0.000e+00)  ActBinMargin: 0.000e+00 (0.000e+00)  Time: 0.241s, 2122.94/s  (0.241s, 2121.54/s)  LR: 5.801e-06  RefW: 0.000e+00  AnchorRefW: 0.000e+00  Data: 0.008 (0.016)
2026-07-10T15:05:41Z	49	0.000e+00	0.000e+00	Train: 49 [ 150/2502 (  6%)]  Loss: 51.416870 (51.4120)  BaseLoss: 51.416870 (51.4120)  RefAttnKL: 0.000e+00 (0.000e+00)  RefLogitKL: 0.000e+00 (0.000e+00)  AnchorRefAttnKL: 0.000e+00 (0.000e+00)  TeacherAttnKL: 0.000e+00 (0.000e+00)  TeacherRel: 0.000e+00 (0.000e+00)  TeacherAttnOut: 0.000e+00 (0.000e+00)  TeacherFeatOut: 0.000e+00 (0.000e+00)  ActScaleAnchor: 0.000e+00 (0.000e+00)  VarTrust: 0.000e+00 (0.000e+00)  DirAnchor: 0.000e+00 (0.000e+00)  BinReg: 0.000e+00 (0.000e+00)  SelBinAnchor: 0.000e+00 (0.000e+00)  ActBinMargin: 0.000e+00 (0.000e+00)  Time: 0.243s, 2105.47/s  (0.238s, 2151.90/s)  LR: 5.798e-06  RefW: 0.000e+00  AnchorRefW: 0.000e+00  Data: 0.008 (0.013)
2026-07-10T15:05:41Z	49	0.000e+00	0.000e+00	Train: 49 [ 200/2502 (  8%)]  Loss: 51.407707 (51.4112)  BaseLoss: 51.407707 (51.4112)  RefAttnKL: 0.000e+00 (0.000e+00)  RefLogitKL: 0.000e+00 (0.000e+00)  AnchorRefAttnKL: 0.000e+00 (0.000e+00)  TeacherAttnKL: 0.000e+00 (0.000e+00)  TeacherRel: 0.000e+00 (0.000e+00)  TeacherAttnOut: 0.000e+00 (0.000e+00)  TeacherFeatOut: 0.000e+00 (0.000e+00)  ActScaleAnchor: 0.000e+00 (0.000e+00)  VarTrust: 0.000e+00 (0.000e+00)  DirAnchor: 0.000e+00 (0.000e+00)  BinReg: 0.000e+00 (0.000e+00)  SelBinAnchor: 0.000e+00 (0.000e+00)  ActBinMargin: 0.000e+00 (0.000e+00)  Time: 0.244s, 2096.84/s  (0.236s, 2167.27/s)  LR: 5.795e-06  RefW: 0.000e+00  AnchorRefW: 0.000e+00  Data: 0.006 (0.011)
2026-07-10T15:05:41Z	49	0.000e+00	0.000e+00	Train: 49 [ 250/2502 ( 10%)]  Loss: 51.445496 (51.4169)  BaseLoss: 51.445496 (51.4169)  RefAttnKL: 0.000e+00 (0.000e+00)  RefLogitKL: 0.000e+00 (0.000e+00)  AnchorRefAttnKL: 0.000e+00 (0.000e+00)  TeacherAttnKL: 0.000e+00 (0.000e+00)  TeacherRel: 0.000e+00 (0.000e+00)  TeacherAttnOut: 0.000e+00 (0.000e+00)  TeacherFeatOut: 0.000e+00 (0.000e+00)  ActScaleAnchor: 0.000e+00 (0.000e+00)  VarTrust: 0.000e+00 (0.000e+00)  DirAnchor: 0.000e+00 (0.000e+00)  BinReg: 0.000e+00 (0.000e+00)  SelBinAnchor: 0.000e+00 (0.000e+00)  ActBinMargin: 0.000e+00 (0.000e+00)  Time: 0.242s, 2117.38/s  (0.235s, 2175.23/s)  LR: 5.792e-06  RefW: 0.000e+00  AnchorRefW: 0.000e+00  Data: 0.008 (0.010)
2026-07-10T15:05:41Z	49	0.000e+00	0.000e+00	Train: 49 [ 300/2502 ( 12%)]  Loss: 51.380585 (51.4117)  BaseLoss: 51.380585 (51.4117)  RefAttnKL: 0.000e+00 (0.000e+00)  RefLogitKL: 0.000e+00 (0.000e+00)  AnchorRefAttnKL: 0.000e+00 (0.000e+00)  TeacherAttnKL: 0.000e+00 (0.000e+00)  TeacherRel: 0.000e+00 (0.000e+00)  TeacherAttnOut: 0.000e+00 (0.000e+00)  TeacherFeatOut: 0.000e+00 (0.000e+00)  ActScaleAnchor: 0.000e+00 (0.000e+00)  VarTrust: 0.000e+00 (0.000e+00)  DirAnchor: 0.000e+00 (0.000e+00)  BinReg: 0.000e+00 (0.000e+00)  SelBinAnchor: 0.000e+00 (0.000e+00)  ActBinMargin: 0.000e+00 (0.000e+00)  Time: 0.241s, 2121.80/s  (0.235s, 2179.60/s)  LR: 5.790e-06  RefW: 0.000e+00  AnchorRefW: 0.000e+00  Data: 0.008 (0.010)
2026-07-10T15:05:41Z	49	0.000e+00	0.000e+00	Train: 49 [ 350/2502 ( 14%)]  Loss: 51.434155 (51.4145)  BaseLoss: 51.434155 (51.4145)  RefAttnKL: 0.000e+00 (0.000e+00)  RefLogitKL: 0.000e+00 (0.000e+00)  AnchorRefAttnKL: 0.000e+00 (0.000e+00)  TeacherAttnKL: 0.000e+00 (0.000e+00)  TeacherRel: 0.000e+00 (0.000e+00)  TeacherAttnOut: 0.000e+00 (0.000e+00)  TeacherFeatOut: 0.000e+00 (0.000e+00)  ActScaleAnchor: 0.000e+00 (0.000e+00)  VarTrust: 0.000e+00 (0.000e+00)  DirAnchor: 0.000e+00 (0.000e+00)  BinReg: 0.000e+00 (0.000e+00)  SelBinAnchor: 0.000e+00 (0.000e+00)  ActBinMargin: 0.000e+00 (0.000e+00)  Time: 0.242s, 2114.97/s  (0.234s, 2184.03/s)  LR: 5.787e-06  RefW: 0.000e+00  AnchorRefW: 0.000e+00  Data: 0.008 (0.009)
2026-07-10T15:05:41Z	49	0.000e+00	0.000e+00	Train: 49 [ 400/2502 ( 16%)]  Loss: 51.439545 (51.4173)  BaseLoss: 51.439545 (51.4173)  RefAttnKL: 0.000e+00 (0.000e+00)  RefLogitKL: 0.000e+00 (0.000e+00)  AnchorRefAttnKL: 0.000e+00 (0.000e+00)  TeacherAttnKL: 0.000e+00 (0.000e+00)  TeacherRel: 0.000e+00 (0.000e+00)  TeacherAttnOut: 0.000e+00 (0.000e+00)  TeacherFeatOut: 0.000e+00 (0.000e+00)  ActScaleAnchor: 0.000e+00 (0.000e+00)  VarTrust: 0.000e+00 (0.000e+00)  DirAnchor: 0.000e+00 (0.000e+00)  BinReg: 0.000e+00 (0.000e+00)  SelBinAnchor: 0.000e+00 (0.000e+00)  ActBinMargin: 0.000e+00 (0.000e+00)  Time: 0.242s, 2112.94/s  (0.234s, 2188.54/s)  LR: 5.784e-06  RefW: 0.000e+00  AnchorRefW: 0.000e+00  Data: 0.005 (0.009)
2026-07-10T15:05:41Z	49	0.000e+00	0.000e+00	Train: 49 [ 450/2502 ( 18%)]  Loss: 51.421566 (51.4177)  BaseLoss: 51.421566 (51.4177)  RefAttnKL: 0.000e+00 (0.000e+00)  RefLogitKL: 0.000e+00 (0.000e+00)  AnchorRefAttnKL: 0.000e+00 (0.000e+00)  TeacherAttnKL: 0.000e+00 (0.000e+00)  TeacherRel: 0.000e+00 (0.000e+00)  TeacherAttnOut: 0.000e+00 (0.000e+00)  TeacherFeatOut: 0.000e+00 (0.000e+00)  ActScaleAnchor: 0.000e+00 (0.000e+00)  VarTrust: 0.000e+00 (0.000e+00)  DirAnchor: 0.000e+00 (0.000e+00)  BinReg: 0.000e+00 (0.000e+00)  SelBinAnchor: 0.000e+00 (0.000e+00)  ActBinMargin: 0.000e+00 (0.000e+00)  Time: 0.243s, 2111.03/s  (0.234s, 2191.29/s)  LR: 5.781e-06  RefW: 0.000e+00  AnchorRefW: 0.000e+00  Data: 0.007 (0.009)
2026-07-10T15:05:41Z	49	0.000e+00	0.000e+00	Train: 49 [ 500/2502 ( 20%)]  Loss: 51.423645 (51.4183)  BaseLoss: 51.423645 (51.4183)  RefAttnKL: 0.000e+00 (0.000e+00)  RefLogitKL: 0.000e+00 (0.000e+00)  AnchorRefAttnKL: 0.000e+00 (0.000e+00)  TeacherAttnKL: 0.000e+00 (0.000e+00)  TeacherRel: 0.000e+00 (0.000e+00)  TeacherAttnOut: 0.000e+00 (0.000e+00)  TeacherFeatOut: 0.000e+00 (0.000e+00)  ActScaleAnchor: 0.000e+00 (0.000e+00)  VarTrust: 0.000e+00 (0.000e+00)  DirAnchor: 0.000e+00 (0.000e+00)  BinReg: 0.000e+00 (0.000e+00)  SelBinAnchor: 0.000e+00 (0.000e+00)  ActBinMargin: 0.000e+00 (0.000e+00)  Time: 0.242s, 2119.69/s  (0.233s, 2194.15/s)  LR: 5.778e-06  RefW: 0.000e+00  AnchorRefW: 0.000e+00  Data: 0.007 (0.008)
2026-07-10T15:05:41Z	49	0.000e+00	0.000e+00	Train: 49 [ 550/2502 ( 22%)]  Loss: 51.427937 (51.4191)  BaseLoss: 51.427937 (51.4191)  RefAttnKL: 0.000e+00 (0.000e+00)  RefLogitKL: 0.000e+00 (0.000e+00)  AnchorRefAttnKL: 0.000e+00 (0.000e+00)  TeacherAttnKL: 0.000e+00 (0.000e+00)  TeacherRel: 0.000e+00 (0.000e+00)  TeacherAttnOut: 0.000e+00 (0.000e+00)  TeacherFeatOut: 0.000e+00 (0.000e+00)  ActScaleAnchor: 0.000e+00 (0.000e+00)  VarTrust: 0.000e+00 (0.000e+00)  DirAnchor: 0.000e+00 (0.000e+00)  BinReg: 0.000e+00 (0.000e+00)  SelBinAnchor: 0.000e+00 (0.000e+00)  ActBinMargin: 0.000e+00 (0.000e+00)  Time: 0.241s, 2122.01/s  (0.233s, 2195.63/s)  LR: 5.776e-06  RefW: 0.000e+00  AnchorRefW: 0.000e+00  Data: 0.008 (0.008)
2026-07-10T15:05:41Z	49	0.000e+00	0.000e+00	Train: 49 [ 600/2502 ( 24%)]  Loss: 51.365608 (51.4150)  BaseLoss: 51.365608 (51.4150)  RefAttnKL: 0.000e+00 (0.000e+00)  RefLogitKL: 0.000e+00 (0.000e+00)  AnchorRefAttnKL: 0.000e+00 (0.000e+00)  TeacherAttnKL: 0.000e+00 (0.000e+00)  TeacherRel: 0.000e+00 (0.000e+00)  TeacherAttnOut: 0.000e+00 (0.000e+00)  TeacherFeatOut: 0.000e+00 (0.000e+00)  ActScaleAnchor: 0.000e+00 (0.000e+00)  VarTrust: 0.000e+00 (0.000e+00)  DirAnchor: 0.000e+00 (0.000e+00)  BinReg: 0.000e+00 (0.000e+00)  SelBinAnchor: 0.000e+00 (0.000e+00)  ActBinMargin: 0.000e+00 (0.000e+00)  Time: 0.241s, 2125.98/s  (0.233s, 2198.17/s)  LR: 5.773e-06  RefW: 0.000e+00  AnchorRefW: 0.000e+00  Data: 0.006 (0.008)
2026-07-10T15:05:41Z	49	0.000e+00	0.000e+00	Train: 49 [ 650/2502 ( 26%)]  Loss: 51.404961 (51.4142)  BaseLoss: 51.404961 (51.4142)  RefAttnKL: 0.000e+00 (0.000e+00)  RefLogitKL: 0.000e+00 (0.000e+00)  AnchorRefAttnKL: 0.000e+00 (0.000e+00)  TeacherAttnKL: 0.000e+00 (0.000e+00)  TeacherRel: 0.000e+00 (0.000e+00)  TeacherAttnOut: 0.000e+00 (0.000e+00)  TeacherFeatOut: 0.000e+00 (0.000e+00)  ActScaleAnchor: 0.000e+00 (0.000e+00)  VarTrust: 0.000e+00 (0.000e+00)  DirAnchor: 0.000e+00 (0.000e+00)  BinReg: 0.000e+00 (0.000e+00)  SelBinAnchor: 0.000e+00 (0.000e+00)  ActBinMargin: 0.000e+00 (0.000e+00)  Time: 0.246s, 2084.71/s  (0.233s, 2199.55/s)  LR: 5.770e-06  RefW: 0.000e+00  AnchorRefW: 0.000e+00  Data: 0.007 (0.008)
2026-07-10T15:05:41Z	49	0.000e+00	0.000e+00	Train: 49 [ 700/2502 ( 28%)]  Loss: 51.367783 (51.4111)  BaseLoss: 51.367783 (51.4111)  RefAttnKL: 0.000e+00 (0.000e+00)  RefLogitKL: 0.000e+00 (0.000e+00)  AnchorRefAttnKL: 0.000e+00 (0.000e+00)  TeacherAttnKL: 0.000e+00 (0.000e+00)  TeacherRel: 0.000e+00 (0.000e+00)  TeacherAttnOut: 0.000e+00 (0.000e+00)  TeacherFeatOut: 0.000e+00 (0.000e+00)  ActScaleAnchor: 0.000e+00 (0.000e+00)  VarTrust: 0.000e+00 (0.000e+00)  DirAnchor: 0.000e+00 (0.000e+00)  BinReg: 0.000e+00 (0.000e+00)  SelBinAnchor: 0.000e+00 (0.000e+00)  ActBinMargin: 0.000e+00 (0.000e+00)  Time: 0.242s, 2118.83/s  (0.233s, 2200.97/s)  LR: 5.767e-06  RefW: 0.000e+00  AnchorRefW: 0.000e+00  Data: 0.007 (0.008)
2026-07-10T15:05:41Z	49	0.000e+00	0.000e+00	Train: 49 [ 750/2502 ( 30%)]  Loss: 51.362942 (51.4081)  BaseLoss: 51.362942 (51.4081)  RefAttnKL: 0.000e+00 (0.000e+00)  RefLogitKL: 0.000e+00 (0.000e+00)  AnchorRefAttnKL: 0.000e+00 (0.000e+00)  TeacherAttnKL: 0.000e+00 (0.000e+00)  TeacherRel: 0.000e+00 (0.000e+00)  TeacherAttnOut: 0.000e+00 (0.000e+00)  TeacherFeatOut: 0.000e+00 (0.000e+00)  ActScaleAnchor: 0.000e+00 (0.000e+00)  VarTrust: 0.000e+00 (0.000e+00)  DirAnchor: 0.000e+00 (0.000e+00)  BinReg: 0.000e+00 (0.000e+00)  SelBinAnchor: 0.000e+00 (0.000e+00)  ActBinMargin: 0.000e+00 (0.000e+00)  Time: 0.242s, 2113.05/s  (0.233s, 2202.14/s)  LR: 5.764e-06  RefW: 0.000e+00  AnchorRefW: 0.000e+00  Data: 0.008 (0.008)
2026-07-10T15:05:41Z	49	0.000e+00	0.000e+00	Train: 49 [ 800/2502 ( 32%)]  Loss: 51.391304 (51.4071)  BaseLoss: 51.391304 (51.4071)  RefAttnKL: 0.000e+00 (0.000e+00)  RefLogitKL: 0.000e+00 (0.000e+00)  AnchorRefAttnKL: 0.000e+00 (0.000e+00)  TeacherAttnKL: 0.000e+00 (0.000e+00)  TeacherRel: 0.000e+00 (0.000e+00)  TeacherAttnOut: 0.000e+00 (0.000e+00)  TeacherFeatOut: 0.000e+00 (0.000e+00)  ActScaleAnchor: 0.000e+00 (0.000e+00)  VarTrust: 0.000e+00 (0.000e+00)  DirAnchor: 0.000e+00 (0.000e+00)  BinReg: 0.000e+00 (0.000e+00)  SelBinAnchor: 0.000e+00 (0.000e+00)  ActBinMargin: 0.000e+00 (0.000e+00)  Time: 0.240s, 2131.03/s  (0.232s, 2202.40/s)  LR: 5.762e-06  RefW: 0.000e+00  AnchorRefW: 0.000e+00  Data: 0.006 (0.008)
2026-07-10T15:05:41Z	49	0.000e+00	0.000e+00	Train: 49 [ 850/2502 ( 34%)]  Loss: 51.350197 (51.4040)  BaseLoss: 51.350197 (51.4040)  RefAttnKL: 0.000e+00 (0.000e+00)  RefLogitKL: 0.000e+00 (0.000e+00)  AnchorRefAttnKL: 0.000e+00 (0.000e+00)  TeacherAttnKL: 0.000e+00 (0.000e+00)  TeacherRel: 0.000e+00 (0.000e+00)  TeacherAttnOut: 0.000e+00 (0.000e+00)  TeacherFeatOut: 0.000e+00 (0.000e+00)  ActScaleAnchor: 0.000e+00 (0.000e+00)  VarTrust: 0.000e+00 (0.000e+00)  DirAnchor: 0.000e+00 (0.000e+00)  BinReg: 0.000e+00 (0.000e+00)  SelBinAnchor: 0.000e+00 (0.000e+00)  ActBinMargin: 0.000e+00 (0.000e+00)  Time: 0.266s, 1922.13/s  (0.232s, 2203.19/s)  LR: 5.759e-06  RefW: 0.000e+00  AnchorRefW: 0.000e+00  Data: 0.006 (0.008)
2026-07-10T15:05:41Z	49	0.000e+00	0.000e+00	Train: 49 [ 900/2502 ( 36%)]  Loss: 51.369099 (51.4021)  BaseLoss: 51.369099 (51.4021)  RefAttnKL: 0.000e+00 (0.000e+00)  RefLogitKL: 0.000e+00 (0.000e+00)  AnchorRefAttnKL: 0.000e+00 (0.000e+00)  TeacherAttnKL: 0.000e+00 (0.000e+00)  TeacherRel: 0.000e+00 (0.000e+00)  TeacherAttnOut: 0.000e+00 (0.000e+00)  TeacherFeatOut: 0.000e+00 (0.000e+00)  ActScaleAnchor: 0.000e+00 (0.000e+00)  VarTrust: 0.000e+00 (0.000e+00)  DirAnchor: 0.000e+00 (0.000e+00)  BinReg: 0.000e+00 (0.000e+00)  SelBinAnchor: 0.000e+00 (0.000e+00)  ActBinMargin: 0.000e+00 (0.000e+00)  Time: 0.241s, 2123.69/s  (0.232s, 2203.58/s)  LR: 5.756e-06  RefW: 0.000e+00  AnchorRefW: 0.000e+00  Data: 0.007 (0.008)
2026-07-10T15:05:41Z	49	0.000e+00	0.000e+00	Train: 49 [ 950/2502 ( 38%)]  Loss: 51.396900 (51.4019)  BaseLoss: 51.396900 (51.4019)  RefAttnKL: 0.000e+00 (0.000e+00)  RefLogitKL: 0.000e+00 (0.000e+00)  AnchorRefAttnKL: 0.000e+00 (0.000e+00)  TeacherAttnKL: 0.000e+00 (0.000e+00)  TeacherRel: 0.000e+00 (0.000e+00)  TeacherAttnOut: 0.000e+00 (0.000e+00)  TeacherFeatOut: 0.000e+00 (0.000e+00)  ActScaleAnchor: 0.000e+00 (0.000e+00)  VarTrust: 0.000e+00 (0.000e+00)  DirAnchor: 0.000e+00 (0.000e+00)  BinReg: 0.000e+00 (0.000e+00)  SelBinAnchor: 0.000e+00 (0.000e+00)  ActBinMargin: 0.000e+00 (0.000e+00)  Time: 0.241s, 2123.62/s  (0.232s, 2204.90/s)  LR: 5.753e-06  RefW: 0.000e+00  AnchorRefW: 0.000e+00  Data: 0.007 (0.007)
2026-07-10T15:05:41Z	49	0.000e+00	0.000e+00	Train: 49 [1000/2502 ( 40%)]  Loss: 51.393841 (51.4015)  BaseLoss: 51.393841 (51.4015)  RefAttnKL: 0.000e+00 (0.000e+00)  RefLogitKL: 0.000e+00 (0.000e+00)  AnchorRefAttnKL: 0.000e+00 (0.000e+00)  TeacherAttnKL: 0.000e+00 (0.000e+00)  TeacherRel: 0.000e+00 (0.000e+00)  TeacherAttnOut: 0.000e+00 (0.000e+00)  TeacherFeatOut: 0.000e+00 (0.000e+00)  ActScaleAnchor: 0.000e+00 (0.000e+00)  VarTrust: 0.000e+00 (0.000e+00)  DirAnchor: 0.000e+00 (0.000e+00)  BinReg: 0.000e+00 (0.000e+00)  SelBinAnchor: 0.000e+00 (0.000e+00)  ActBinMargin: 0.000e+00 (0.000e+00)  Time: 0.241s, 2124.68/s  (0.232s, 2205.39/s)  LR: 5.751e-06  RefW: 0.000e+00  AnchorRefW: 0.000e+00  Data: 0.006 (0.007)
2026-07-10T15:05:41Z	49	0.000e+00	0.000e+00	Train: 49 [1050/2502 ( 42%)]  Loss: 51.375576 (51.4003)  BaseLoss: 51.375576 (51.4003)  RefAttnKL: 0.000e+00 (0.000e+00)  RefLogitKL: 0.000e+00 (0.000e+00)  AnchorRefAttnKL: 0.000e+00 (0.000e+00)  TeacherAttnKL: 0.000e+00 (0.000e+00)  TeacherRel: 0.000e+00 (0.000e+00)  TeacherAttnOut: 0.000e+00 (0.000e+00)  TeacherFeatOut: 0.000e+00 (0.000e+00)  ActScaleAnchor: 0.000e+00 (0.000e+00)  VarTrust: 0.000e+00 (0.000e+00)  DirAnchor: 0.000e+00 (0.000e+00)  BinReg: 0.000e+00 (0.000e+00)  SelBinAnchor: 0.000e+00 (0.000e+00)  ActBinMargin: 0.000e+00 (0.000e+00)  Time: 0.242s, 2119.36/s  (0.232s, 2206.12/s)  LR: 5.748e-06  RefW: 0.000e+00  AnchorRefW: 0.000e+00  Data: 0.007 (0.007)
2026-07-10T15:05:41Z	49	0.000e+00	0.000e+00	Train: 49 [1100/2502 ( 44%)]  Loss: 51.330296 (51.3973)  BaseLoss: 51.330296 (51.3973)  RefAttnKL: 0.000e+00 (0.000e+00)  RefLogitKL: 0.000e+00 (0.000e+00)  AnchorRefAttnKL: 0.000e+00 (0.000e+00)  TeacherAttnKL: 0.000e+00 (0.000e+00)  TeacherRel: 0.000e+00 (0.000e+00)  TeacherAttnOut: 0.000e+00 (0.000e+00)  TeacherFeatOut: 0.000e+00 (0.000e+00)  ActScaleAnchor: 0.000e+00 (0.000e+00)  VarTrust: 0.000e+00 (0.000e+00)  DirAnchor: 0.000e+00 (0.000e+00)  BinReg: 0.000e+00 (0.000e+00)  SelBinAnchor: 0.000e+00 (0.000e+00)  ActBinMargin: 0.000e+00 (0.000e+00)  Time: 0.240s, 2135.23/s  (0.232s, 2206.83/s)  LR: 5.745e-06  RefW: 0.000e+00  AnchorRefW: 0.000e+00  Data: 0.006 (0.007)
2026-07-10T15:05:41Z	49	0.000e+00	0.000e+00	Train: 49 [1150/2502 ( 46%)]  Loss: 51.415344 (51.3980)  BaseLoss: 51.415344 (51.3980)  RefAttnKL: 0.000e+00 (0.000e+00)  RefLogitKL: 0.000e+00 (0.000e+00)  AnchorRefAttnKL: 0.000e+00 (0.000e+00)  TeacherAttnKL: 0.000e+00 (0.000e+00)  TeacherRel: 0.000e+00 (0.000e+00)  TeacherAttnOut: 0.000e+00 (0.000e+00)  TeacherFeatOut: 0.000e+00 (0.000e+00)  ActScaleAnchor: 0.000e+00 (0.000e+00)  VarTrust: 0.000e+00 (0.000e+00)  DirAnchor: 0.000e+00 (0.000e+00)  BinReg: 0.000e+00 (0.000e+00)  SelBinAnchor: 0.000e+00 (0.000e+00)  ActBinMargin: 0.000e+00 (0.000e+00)  Time: 0.240s, 2134.76/s  (0.232s, 2207.80/s)  LR: 5.742e-06  RefW: 0.000e+00  AnchorRefW: 0.000e+00  Data: 0.007 (0.007)
2026-07-10T15:05:41Z	49	0.000e+00	0.000e+00	Train: 49 [1200/2502 ( 48%)]  Loss: 51.378426 (51.3972)  BaseLoss: 51.378426 (51.3972)  RefAttnKL: 0.000e+00 (0.000e+00)  RefLogitKL: 0.000e+00 (0.000e+00)  AnchorRefAttnKL: 0.000e+00 (0.000e+00)  TeacherAttnKL: 0.000e+00 (0.000e+00)  TeacherRel: 0.000e+00 (0.000e+00)  TeacherAttnOut: 0.000e+00 (0.000e+00)  TeacherFeatOut: 0.000e+00 (0.000e+00)  ActScaleAnchor: 0.000e+00 (0.000e+00)  VarTrust: 0.000e+00 (0.000e+00)  DirAnchor: 0.000e+00 (0.000e+00)  BinReg: 0.000e+00 (0.000e+00)  SelBinAnchor: 0.000e+00 (0.000e+00)  ActBinMargin: 0.000e+00 (0.000e+00)  Time: 0.242s, 2111.97/s  (0.232s, 2208.22/s)  LR: 5.740e-06  RefW: 0.000e+00  AnchorRefW: 0.000e+00  Data: 0.005 (0.007)
2026-07-10T15:05:41Z	49	0.000e+00	0.000e+00	Train: 49 [1250/2502 ( 50%)]  Loss: 51.420673 (51.3981)  BaseLoss: 51.420673 (51.3981)  RefAttnKL: 0.000e+00 (0.000e+00)  RefLogitKL: 0.000e+00 (0.000e+00)  AnchorRefAttnKL: 0.000e+00 (0.000e+00)  TeacherAttnKL: 0.000e+00 (0.000e+00)  TeacherRel: 0.000e+00 (0.000e+00)  TeacherAttnOut: 0.000e+00 (0.000e+00)  TeacherFeatOut: 0.000e+00 (0.000e+00)  ActScaleAnchor: 0.000e+00 (0.000e+00)  VarTrust: 0.000e+00 (0.000e+00)  DirAnchor: 0.000e+00 (0.000e+00)  BinReg: 0.000e+00 (0.000e+00)  SelBinAnchor: 0.000e+00 (0.000e+00)  ActBinMargin: 0.000e+00 (0.000e+00)  Time: 0.242s, 2119.52/s  (0.232s, 2208.98/s)  LR: 5.737e-06  RefW: 0.000e+00  AnchorRefW: 0.000e+00  Data: 0.007 (0.007)
2026-07-10T15:05:41Z	49	0.000e+00	0.000e+00	Train: 49 [1300/2502 ( 52%)]  Loss: 51.411438 (51.3986)  BaseLoss: 51.411438 (51.3986)  RefAttnKL: 0.000e+00 (0.000e+00)  RefLogitKL: 0.000e+00 (0.000e+00)  AnchorRefAttnKL: 0.000e+00 (0.000e+00)  TeacherAttnKL: 0.000e+00 (0.000e+00)  TeacherRel: 0.000e+00 (0.000e+00)  TeacherAttnOut: 0.000e+00 (0.000e+00)  TeacherFeatOut: 0.000e+00 (0.000e+00)  ActScaleAnchor: 0.000e+00 (0.000e+00)  VarTrust: 0.000e+00 (0.000e+00)  DirAnchor: 0.000e+00 (0.000e+00)  BinReg: 0.000e+00 (0.000e+00)  SelBinAnchor: 0.000e+00 (0.000e+00)  ActBinMargin: 0.000e+00 (0.000e+00)  Time: 0.241s, 2125.46/s  (0.232s, 2209.08/s)  LR: 5.734e-06  RefW: 0.000e+00  AnchorRefW: 0.000e+00  Data: 0.007 (0.007)
2026-07-10T15:05:41Z	49	0.000e+00	0.000e+00	Train: 49 [1350/2502 ( 54%)]  Loss: 51.406124 (51.3989)  BaseLoss: 51.406124 (51.3989)  RefAttnKL: 0.000e+00 (0.000e+00)  RefLogitKL: 0.000e+00 (0.000e+00)  AnchorRefAttnKL: 0.000e+00 (0.000e+00)  TeacherAttnKL: 0.000e+00 (0.000e+00)  TeacherRel: 0.000e+00 (0.000e+00)  TeacherAttnOut: 0.000e+00 (0.000e+00)  TeacherFeatOut: 0.000e+00 (0.000e+00)  ActScaleAnchor: 0.000e+00 (0.000e+00)  VarTrust: 0.000e+00 (0.000e+00)  DirAnchor: 0.000e+00 (0.000e+00)  BinReg: 0.000e+00 (0.000e+00)  SelBinAnchor: 0.000e+00 (0.000e+00)  ActBinMargin: 0.000e+00 (0.000e+00)  Time: 0.241s, 2126.66/s  (0.232s, 2209.62/s)  LR: 5.731e-06  RefW: 0.000e+00  AnchorRefW: 0.000e+00  Data: 0.007 (0.007)
2026-07-10T15:05:41Z	49	0.000e+00	0.000e+00	Train: 49 [1400/2502 ( 56%)]  Loss: 51.389404 (51.3986)  BaseLoss: 51.389404 (51.3986)  RefAttnKL: 0.000e+00 (0.000e+00)  RefLogitKL: 0.000e+00 (0.000e+00)  AnchorRefAttnKL: 0.000e+00 (0.000e+00)  TeacherAttnKL: 0.000e+00 (0.000e+00)  TeacherRel: 0.000e+00 (0.000e+00)  TeacherAttnOut: 0.000e+00 (0.000e+00)  TeacherFeatOut: 0.000e+00 (0.000e+00)  ActScaleAnchor: 0.000e+00 (0.000e+00)  VarTrust: 0.000e+00 (0.000e+00)  DirAnchor: 0.000e+00 (0.000e+00)  BinReg: 0.000e+00 (0.000e+00)  SelBinAnchor: 0.000e+00 (0.000e+00)  ActBinMargin: 0.000e+00 (0.000e+00)  Time: 0.240s, 2131.92/s  (0.232s, 2210.27/s)  LR: 5.729e-06  RefW: 0.000e+00  AnchorRefW: 0.000e+00  Data: 0.006 (0.007)
2026-07-10T15:05:41Z	49	0.000e+00	0.000e+00	Train: 49 [1450/2502 ( 58%)]  Loss: 51.405476 (51.3988)  BaseLoss: 51.405476 (51.3988)  RefAttnKL: 0.000e+00 (0.000e+00)  RefLogitKL: 0.000e+00 (0.000e+00)  AnchorRefAttnKL: 0.000e+00 (0.000e+00)  TeacherAttnKL: 0.000e+00 (0.000e+00)  TeacherRel: 0.000e+00 (0.000e+00)  TeacherAttnOut: 0.000e+00 (0.000e+00)  TeacherFeatOut: 0.000e+00 (0.000e+00)  ActScaleAnchor: 0.000e+00 (0.000e+00)  VarTrust: 0.000e+00 (0.000e+00)  DirAnchor: 0.000e+00 (0.000e+00)  BinReg: 0.000e+00 (0.000e+00)  SelBinAnchor: 0.000e+00 (0.000e+00)  ActBinMargin: 0.000e+00 (0.000e+00)  Time: 0.243s, 2110.24/s  (0.232s, 2210.46/s)  LR: 5.726e-06  RefW: 0.000e+00  AnchorRefW: 0.000e+00  Data: 0.007 (0.007)
2026-07-10T15:05:41Z	49	0.000e+00	0.000e+00	Train: 49 [1500/2502 ( 60%)]  Loss: 51.414268 (51.3993)  BaseLoss: 51.414268 (51.3993)  RefAttnKL: 0.000e+00 (0.000e+00)  RefLogitKL: 0.000e+00 (0.000e+00)  AnchorRefAttnKL: 0.000e+00 (0.000e+00)  TeacherAttnKL: 0.000e+00 (0.000e+00)  TeacherRel: 0.000e+00 (0.000e+00)  TeacherAttnOut: 0.000e+00 (0.000e+00)  TeacherFeatOut: 0.000e+00 (0.000e+00)  ActScaleAnchor: 0.000e+00 (0.000e+00)  VarTrust: 0.000e+00 (0.000e+00)  DirAnchor: 0.000e+00 (0.000e+00)  BinReg: 0.000e+00 (0.000e+00)  SelBinAnchor: 0.000e+00 (0.000e+00)  ActBinMargin: 0.000e+00 (0.000e+00)  Time: 0.241s, 2127.43/s  (0.232s, 2210.73/s)  LR: 5.723e-06  RefW: 0.000e+00  AnchorRefW: 0.000e+00  Data: 0.006 (0.007)
2026-07-10T15:05:41Z	49	0.000e+00	0.000e+00	Train: 49 [1550/2502 ( 62%)]  Loss: 51.410713 (51.3997)  BaseLoss: 51.410713 (51.3997)  RefAttnKL: 0.000e+00 (0.000e+00)  RefLogitKL: 0.000e+00 (0.000e+00)  AnchorRefAttnKL: 0.000e+00 (0.000e+00)  TeacherAttnKL: 0.000e+00 (0.000e+00)  TeacherRel: 0.000e+00 (0.000e+00)  TeacherAttnOut: 0.000e+00 (0.000e+00)  TeacherFeatOut: 0.000e+00 (0.000e+00)  ActScaleAnchor: 0.000e+00 (0.000e+00)  VarTrust: 0.000e+00 (0.000e+00)  DirAnchor: 0.000e+00 (0.000e+00)  BinReg: 0.000e+00 (0.000e+00)  SelBinAnchor: 0.000e+00 (0.000e+00)  ActBinMargin: 0.000e+00 (0.000e+00)  Time: 0.240s, 2129.75/s  (0.232s, 2210.51/s)  LR: 5.720e-06  RefW: 0.000e+00  AnchorRefW: 0.000e+00  Data: 0.007 (0.007)
2026-07-10T15:05:41Z	49	0.000e+00	0.000e+00	Train: 49 [1600/2502 ( 64%)]  Loss: 51.394829 (51.3995)  BaseLoss: 51.394829 (51.3995)  RefAttnKL: 0.000e+00 (0.000e+00)  RefLogitKL: 0.000e+00 (0.000e+00)  AnchorRefAttnKL: 0.000e+00 (0.000e+00)  TeacherAttnKL: 0.000e+00 (0.000e+00)  TeacherRel: 0.000e+00 (0.000e+00)  TeacherAttnOut: 0.000e+00 (0.000e+00)  TeacherFeatOut: 0.000e+00 (0.000e+00)  ActScaleAnchor: 0.000e+00 (0.000e+00)  VarTrust: 0.000e+00 (0.000e+00)  DirAnchor: 0.000e+00 (0.000e+00)  BinReg: 0.000e+00 (0.000e+00)  SelBinAnchor: 0.000e+00 (0.000e+00)  ActBinMargin: 0.000e+00 (0.000e+00)  Time: 0.243s, 2105.00/s  (0.232s, 2210.95/s)  LR: 5.718e-06  RefW: 0.000e+00  AnchorRefW: 0.000e+00  Data: 0.006 (0.007)
2026-07-10T15:05:41Z	49	0.000e+00	0.000e+00	Train: 49 [1650/2502 ( 66%)]  Loss: 51.418728 (51.4001)  BaseLoss: 51.418728 (51.4001)  RefAttnKL: 0.000e+00 (0.000e+00)  RefLogitKL: 0.000e+00 (0.000e+00)  AnchorRefAttnKL: 0.000e+00 (0.000e+00)  TeacherAttnKL: 0.000e+00 (0.000e+00)  TeacherRel: 0.000e+00 (0.000e+00)  TeacherAttnOut: 0.000e+00 (0.000e+00)  TeacherFeatOut: 0.000e+00 (0.000e+00)  ActScaleAnchor: 0.000e+00 (0.000e+00)  VarTrust: 0.000e+00 (0.000e+00)  DirAnchor: 0.000e+00 (0.000e+00)  BinReg: 0.000e+00 (0.000e+00)  SelBinAnchor: 0.000e+00 (0.000e+00)  ActBinMargin: 0.000e+00 (0.000e+00)  Time: 0.241s, 2124.93/s  (0.232s, 2211.31/s)  LR: 5.715e-06  RefW: 0.000e+00  AnchorRefW: 0.000e+00  Data: 0.006 (0.007)
2026-07-10T15:05:41Z	49	0.000e+00	0.000e+00	Train: 49 [1700/2502 ( 68%)]  Loss: 51.418297 (51.4006)  BaseLoss: 51.418297 (51.4006)  RefAttnKL: 0.000e+00 (0.000e+00)  RefLogitKL: 0.000e+00 (0.000e+00)  AnchorRefAttnKL: 0.000e+00 (0.000e+00)  TeacherAttnKL: 0.000e+00 (0.000e+00)  TeacherRel: 0.000e+00 (0.000e+00)  TeacherAttnOut: 0.000e+00 (0.000e+00)  TeacherFeatOut: 0.000e+00 (0.000e+00)  ActScaleAnchor: 0.000e+00 (0.000e+00)  VarTrust: 0.000e+00 (0.000e+00)  DirAnchor: 0.000e+00 (0.000e+00)  BinReg: 0.000e+00 (0.000e+00)  SelBinAnchor: 0.000e+00 (0.000e+00)  ActBinMargin: 0.000e+00 (0.000e+00)  Time: 0.241s, 2122.70/s  (0.231s, 2211.71/s)  LR: 5.712e-06  RefW: 0.000e+00  AnchorRefW: 0.000e+00  Data: 0.006 (0.007)
2026-07-10T15:05:41Z	49	0.000e+00	0.000e+00	Train: 49 [1750/2502 ( 70%)]  Loss: 51.404270 (51.4007)  BaseLoss: 51.404270 (51.4007)  RefAttnKL: 0.000e+00 (0.000e+00)  RefLogitKL: 0.000e+00 (0.000e+00)  AnchorRefAttnKL: 0.000e+00 (0.000e+00)  TeacherAttnKL: 0.000e+00 (0.000e+00)  TeacherRel: 0.000e+00 (0.000e+00)  TeacherAttnOut: 0.000e+00 (0.000e+00)  TeacherFeatOut: 0.000e+00 (0.000e+00)  ActScaleAnchor: 0.000e+00 (0.000e+00)  VarTrust: 0.000e+00 (0.000e+00)  DirAnchor: 0.000e+00 (0.000e+00)  BinReg: 0.000e+00 (0.000e+00)  SelBinAnchor: 0.000e+00 (0.000e+00)  ActBinMargin: 0.000e+00 (0.000e+00)  Time: 0.242s, 2115.82/s  (0.231s, 2211.75/s)  LR: 5.710e-06  RefW: 0.000e+00  AnchorRefW: 0.000e+00  Data: 0.008 (0.007)
2026-07-10T15:05:41Z	49	0.000e+00	0.000e+00	Train: 49 [1800/2502 ( 72%)]  Loss: 51.395420 (51.4006)  BaseLoss: 51.395420 (51.4006)  RefAttnKL: 0.000e+00 (0.000e+00)  RefLogitKL: 0.000e+00 (0.000e+00)  AnchorRefAttnKL: 0.000e+00 (0.000e+00)  TeacherAttnKL: 0.000e+00 (0.000e+00)  TeacherRel: 0.000e+00 (0.000e+00)  TeacherAttnOut: 0.000e+00 (0.000e+00)  TeacherFeatOut: 0.000e+00 (0.000e+00)  ActScaleAnchor: 0.000e+00 (0.000e+00)  VarTrust: 0.000e+00 (0.000e+00)  DirAnchor: 0.000e+00 (0.000e+00)  BinReg: 0.000e+00 (0.000e+00)  SelBinAnchor: 0.000e+00 (0.000e+00)  ActBinMargin: 0.000e+00 (0.000e+00)  Time: 0.242s, 2117.56/s  (0.231s, 2212.04/s)  LR: 5.707e-06  RefW: 0.000e+00  AnchorRefW: 0.000e+00  Data: 0.006 (0.007)
2026-07-10T15:05:41Z	49	0.000e+00	0.000e+00	Train: 49 [1850/2502 ( 74%)]  Loss: 51.377193 (51.3999)  BaseLoss: 51.377193 (51.3999)  RefAttnKL: 0.000e+00 (0.000e+00)  RefLogitKL: 0.000e+00 (0.000e+00)  AnchorRefAttnKL: 0.000e+00 (0.000e+00)  TeacherAttnKL: 0.000e+00 (0.000e+00)  TeacherRel: 0.000e+00 (0.000e+00)  TeacherAttnOut: 0.000e+00 (0.000e+00)  TeacherFeatOut: 0.000e+00 (0.000e+00)  ActScaleAnchor: 0.000e+00 (0.000e+00)  VarTrust: 0.000e+00 (0.000e+00)  DirAnchor: 0.000e+00 (0.000e+00)  BinReg: 0.000e+00 (0.000e+00)  SelBinAnchor: 0.000e+00 (0.000e+00)  ActBinMargin: 0.000e+00 (0.000e+00)  Time: 0.243s, 2103.24/s  (0.231s, 2212.46/s)  LR: 5.704e-06  RefW: 0.000e+00  AnchorRefW: 0.000e+00  Data: 0.007 (0.007)
2026-07-10T15:05:41Z	49	0.000e+00	0.000e+00	Train: 49 [1900/2502 ( 76%)]  Loss: 51.405327 (51.4001)  BaseLoss: 51.405327 (51.4001)  RefAttnKL: 0.000e+00 (0.000e+00)  RefLogitKL: 0.000e+00 (0.000e+00)  AnchorRefAttnKL: 0.000e+00 (0.000e+00)  TeacherAttnKL: 0.000e+00 (0.000e+00)  TeacherRel: 0.000e+00 (0.000e+00)  TeacherAttnOut: 0.000e+00 (0.000e+00)  TeacherFeatOut: 0.000e+00 (0.000e+00)  ActScaleAnchor: 0.000e+00 (0.000e+00)  VarTrust: 0.000e+00 (0.000e+00)  DirAnchor: 0.000e+00 (0.000e+00)  BinReg: 0.000e+00 (0.000e+00)  SelBinAnchor: 0.000e+00 (0.000e+00)  ActBinMargin: 0.000e+00 (0.000e+00)  Time: 0.241s, 2121.03/s  (0.231s, 2212.89/s)  LR: 5.702e-06  RefW: 0.000e+00  AnchorRefW: 0.000e+00  Data: 0.007 (0.007)
2026-07-10T15:05:41Z	49	0.000e+00	0.000e+00	Train: 49 [1950/2502 ( 78%)]  Loss: 51.434280 (51.4009)  BaseLoss: 51.434280 (51.4009)  RefAttnKL: 0.000e+00 (0.000e+00)  RefLogitKL: 0.000e+00 (0.000e+00)  AnchorRefAttnKL: 0.000e+00 (0.000e+00)  TeacherAttnKL: 0.000e+00 (0.000e+00)  TeacherRel: 0.000e+00 (0.000e+00)  TeacherAttnOut: 0.000e+00 (0.000e+00)  TeacherFeatOut: 0.000e+00 (0.000e+00)  ActScaleAnchor: 0.000e+00 (0.000e+00)  VarTrust: 0.000e+00 (0.000e+00)  DirAnchor: 0.000e+00 (0.000e+00)  BinReg: 0.000e+00 (0.000e+00)  SelBinAnchor: 0.000e+00 (0.000e+00)  ActBinMargin: 0.000e+00 (0.000e+00)  Time: 0.243s, 2105.47/s  (0.231s, 2212.87/s)  LR: 5.699e-06  RefW: 0.000e+00  AnchorRefW: 0.000e+00  Data: 0.007 (0.007)
2026-07-10T15:05:41Z	49	0.000e+00	0.000e+00	Train: 49 [2000/2502 ( 80%)]  Loss: 51.401802 (51.4010)  BaseLoss: 51.401802 (51.4010)  RefAttnKL: 0.000e+00 (0.000e+00)  RefLogitKL: 0.000e+00 (0.000e+00)  AnchorRefAttnKL: 0.000e+00 (0.000e+00)  TeacherAttnKL: 0.000e+00 (0.000e+00)  TeacherRel: 0.000e+00 (0.000e+00)  TeacherAttnOut: 0.000e+00 (0.000e+00)  TeacherFeatOut: 0.000e+00 (0.000e+00)  ActScaleAnchor: 0.000e+00 (0.000e+00)  VarTrust: 0.000e+00 (0.000e+00)  DirAnchor: 0.000e+00 (0.000e+00)  BinReg: 0.000e+00 (0.000e+00)  SelBinAnchor: 0.000e+00 (0.000e+00)  ActBinMargin: 0.000e+00 (0.000e+00)  Time: 0.241s, 2126.64/s  (0.231s, 2213.24/s)  LR: 5.696e-06  RefW: 0.000e+00  AnchorRefW: 0.000e+00  Data: 0.006 (0.007)
2026-07-10T15:05:41Z	49	0.000e+00	0.000e+00	Train: 49 [2050/2502 ( 82%)]  Loss: 51.360836 (51.4000)  BaseLoss: 51.360836 (51.4000)  RefAttnKL: 0.000e+00 (0.000e+00)  RefLogitKL: 0.000e+00 (0.000e+00)  AnchorRefAttnKL: 0.000e+00 (0.000e+00)  TeacherAttnKL: 0.000e+00 (0.000e+00)  TeacherRel: 0.000e+00 (0.000e+00)  TeacherAttnOut: 0.000e+00 (0.000e+00)  TeacherFeatOut: 0.000e+00 (0.000e+00)  ActScaleAnchor: 0.000e+00 (0.000e+00)  VarTrust: 0.000e+00 (0.000e+00)  DirAnchor: 0.000e+00 (0.000e+00)  BinReg: 0.000e+00 (0.000e+00)  SelBinAnchor: 0.000e+00 (0.000e+00)  ActBinMargin: 0.000e+00 (0.000e+00)  Time: 0.269s, 1901.51/s  (0.231s, 2213.25/s)  LR: 5.694e-06  RefW: 0.000e+00  AnchorRefW: 0.000e+00  Data: 0.007 (0.007)
2026-07-10T15:05:41Z	49	0.000e+00	0.000e+00	Train: 49 [2100/2502 ( 84%)]  Loss: 51.382961 (51.3996)  BaseLoss: 51.382961 (51.3996)  RefAttnKL: 0.000e+00 (0.000e+00)  RefLogitKL: 0.000e+00 (0.000e+00)  AnchorRefAttnKL: 0.000e+00 (0.000e+00)  TeacherAttnKL: 0.000e+00 (0.000e+00)  TeacherRel: 0.000e+00 (0.000e+00)  TeacherAttnOut: 0.000e+00 (0.000e+00)  TeacherFeatOut: 0.000e+00 (0.000e+00)  ActScaleAnchor: 0.000e+00 (0.000e+00)  VarTrust: 0.000e+00 (0.000e+00)  DirAnchor: 0.000e+00 (0.000e+00)  BinReg: 0.000e+00 (0.000e+00)  SelBinAnchor: 0.000e+00 (0.000e+00)  ActBinMargin: 0.000e+00 (0.000e+00)  Time: 0.242s, 2118.25/s  (0.231s, 2213.30/s)  LR: 5.691e-06  RefW: 0.000e+00  AnchorRefW: 0.000e+00  Data: 0.008 (0.007)
2026-07-10T15:05:41Z	49	0.000e+00	0.000e+00	Train: 49 [2150/2502 ( 86%)]  Loss: 51.385391 (51.3993)  BaseLoss: 51.385391 (51.3993)  RefAttnKL: 0.000e+00 (0.000e+00)  RefLogitKL: 0.000e+00 (0.000e+00)  AnchorRefAttnKL: 0.000e+00 (0.000e+00)  TeacherAttnKL: 0.000e+00 (0.000e+00)  TeacherRel: 0.000e+00 (0.000e+00)  TeacherAttnOut: 0.000e+00 (0.000e+00)  TeacherFeatOut: 0.000e+00 (0.000e+00)  ActScaleAnchor: 0.000e+00 (0.000e+00)  VarTrust: 0.000e+00 (0.000e+00)  DirAnchor: 0.000e+00 (0.000e+00)  BinReg: 0.000e+00 (0.000e+00)  SelBinAnchor: 0.000e+00 (0.000e+00)  ActBinMargin: 0.000e+00 (0.000e+00)  Time: 0.255s, 2006.56/s  (0.231s, 2213.49/s)  LR: 5.688e-06  RefW: 0.000e+00  AnchorRefW: 0.000e+00  Data: 0.007 (0.007)
2026-07-10T15:05:41Z	49	0.000e+00	0.000e+00	Train: 49 [2200/2502 ( 88%)]  Loss: 51.397472 (51.3992)  BaseLoss: 51.397472 (51.3992)  RefAttnKL: 0.000e+00 (0.000e+00)  RefLogitKL: 0.000e+00 (0.000e+00)  AnchorRefAttnKL: 0.000e+00 (0.000e+00)  TeacherAttnKL: 0.000e+00 (0.000e+00)  TeacherRel: 0.000e+00 (0.000e+00)  TeacherAttnOut: 0.000e+00 (0.000e+00)  TeacherFeatOut: 0.000e+00 (0.000e+00)  ActScaleAnchor: 0.000e+00 (0.000e+00)  VarTrust: 0.000e+00 (0.000e+00)  DirAnchor: 0.000e+00 (0.000e+00)  BinReg: 0.000e+00 (0.000e+00)  SelBinAnchor: 0.000e+00 (0.000e+00)  ActBinMargin: 0.000e+00 (0.000e+00)  Time: 0.245s, 2089.09/s  (0.231s, 2213.37/s)  LR: 5.686e-06  RefW: 0.000e+00  AnchorRefW: 0.000e+00  Data: 0.007 (0.007)
2026-07-10T15:05:41Z	49	0.000e+00	0.000e+00	Train: 49 [2250/2502 ( 90%)]  Loss: 51.376839 (51.3988)  BaseLoss: 51.376839 (51.3988)  RefAttnKL: 0.000e+00 (0.000e+00)  RefLogitKL: 0.000e+00 (0.000e+00)  AnchorRefAttnKL: 0.000e+00 (0.000e+00)  TeacherAttnKL: 0.000e+00 (0.000e+00)  TeacherRel: 0.000e+00 (0.000e+00)  TeacherAttnOut: 0.000e+00 (0.000e+00)  TeacherFeatOut: 0.000e+00 (0.000e+00)  ActScaleAnchor: 0.000e+00 (0.000e+00)  VarTrust: 0.000e+00 (0.000e+00)  DirAnchor: 0.000e+00 (0.000e+00)  BinReg: 0.000e+00 (0.000e+00)  SelBinAnchor: 0.000e+00 (0.000e+00)  ActBinMargin: 0.000e+00 (0.000e+00)  Time: 0.242s, 2116.80/s  (0.231s, 2213.33/s)  LR: 5.683e-06  RefW: 0.000e+00  AnchorRefW: 0.000e+00  Data: 0.007 (0.007)
2026-07-10T15:05:41Z	49	0.000e+00	0.000e+00	Train: 49 [2300/2502 ( 92%)]  Loss: 51.427212 (51.3994)  BaseLoss: 51.427212 (51.3994)  RefAttnKL: 0.000e+00 (0.000e+00)  RefLogitKL: 0.000e+00 (0.000e+00)  AnchorRefAttnKL: 0.000e+00 (0.000e+00)  TeacherAttnKL: 0.000e+00 (0.000e+00)  TeacherRel: 0.000e+00 (0.000e+00)  TeacherAttnOut: 0.000e+00 (0.000e+00)  TeacherFeatOut: 0.000e+00 (0.000e+00)  ActScaleAnchor: 0.000e+00 (0.000e+00)  VarTrust: 0.000e+00 (0.000e+00)  DirAnchor: 0.000e+00 (0.000e+00)  BinReg: 0.000e+00 (0.000e+00)  SelBinAnchor: 0.000e+00 (0.000e+00)  ActBinMargin: 0.000e+00 (0.000e+00)  Time: 0.241s, 2120.81/s  (0.231s, 2213.28/s)  LR: 5.680e-06  RefW: 0.000e+00  AnchorRefW: 0.000e+00  Data: 0.007 (0.007)
2026-07-10T15:05:41Z	49	0.000e+00	0.000e+00	Train: 49 [2350/2502 ( 94%)]  Loss: 51.419888 (51.3998)  BaseLoss: 51.419888 (51.3998)  RefAttnKL: 0.000e+00 (0.000e+00)  RefLogitKL: 0.000e+00 (0.000e+00)  AnchorRefAttnKL: 0.000e+00 (0.000e+00)  TeacherAttnKL: 0.000e+00 (0.000e+00)  TeacherRel: 0.000e+00 (0.000e+00)  TeacherAttnOut: 0.000e+00 (0.000e+00)  TeacherFeatOut: 0.000e+00 (0.000e+00)  ActScaleAnchor: 0.000e+00 (0.000e+00)  VarTrust: 0.000e+00 (0.000e+00)  DirAnchor: 0.000e+00 (0.000e+00)  BinReg: 0.000e+00 (0.000e+00)  SelBinAnchor: 0.000e+00 (0.000e+00)  ActBinMargin: 0.000e+00 (0.000e+00)  Time: 0.244s, 2098.08/s  (0.231s, 2213.54/s)  LR: 5.678e-06  RefW: 0.000e+00  AnchorRefW: 0.000e+00  Data: 0.007 (0.007)
2026-07-10T15:05:41Z	49	0.000e+00	0.000e+00	Train: 49 [2400/2502 ( 96%)]  Loss: 51.377716 (51.3993)  BaseLoss: 51.377716 (51.3993)  RefAttnKL: 0.000e+00 (0.000e+00)  RefLogitKL: 0.000e+00 (0.000e+00)  AnchorRefAttnKL: 0.000e+00 (0.000e+00)  TeacherAttnKL: 0.000e+00 (0.000e+00)  TeacherRel: 0.000e+00 (0.000e+00)  TeacherAttnOut: 0.000e+00 (0.000e+00)  TeacherFeatOut: 0.000e+00 (0.000e+00)  ActScaleAnchor: 0.000e+00 (0.000e+00)  VarTrust: 0.000e+00 (0.000e+00)  DirAnchor: 0.000e+00 (0.000e+00)  BinReg: 0.000e+00 (0.000e+00)  SelBinAnchor: 0.000e+00 (0.000e+00)  ActBinMargin: 0.000e+00 (0.000e+00)  Time: 0.242s, 2115.75/s  (0.231s, 2213.51/s)  LR: 5.675e-06  RefW: 0.000e+00  AnchorRefW: 0.000e+00  Data: 0.006 (0.007)
2026-07-10T15:05:41Z	49	0.000e+00	0.000e+00	Train: 49 [2450/2502 ( 98%)]  Loss: 51.412659 (51.3996)  BaseLoss: 51.412659 (51.3996)  RefAttnKL: 0.000e+00 (0.000e+00)  RefLogitKL: 0.000e+00 (0.000e+00)  AnchorRefAttnKL: 0.000e+00 (0.000e+00)  TeacherAttnKL: 0.000e+00 (0.000e+00)  TeacherRel: 0.000e+00 (0.000e+00)  TeacherAttnOut: 0.000e+00 (0.000e+00)  TeacherFeatOut: 0.000e+00 (0.000e+00)  ActScaleAnchor: 0.000e+00 (0.000e+00)  VarTrust: 0.000e+00 (0.000e+00)  DirAnchor: 0.000e+00 (0.000e+00)  BinReg: 0.000e+00 (0.000e+00)  SelBinAnchor: 0.000e+00 (0.000e+00)  ActBinMargin: 0.000e+00 (0.000e+00)  Time: 0.241s, 2121.91/s  (0.231s, 2213.44/s)  LR: 5.673e-06  RefW: 0.000e+00  AnchorRefW: 0.000e+00  Data: 0.007 (0.007)
2026-07-10T15:05:41Z	50	0.000e+00	0.000e+00	Train: 50 [   0/2502 (  0%)]  Loss: 51.392090 (51.3921)  BaseLoss: 51.392090 (51.3921)  RefAttnKL: 0.000e+00 (0.000e+00)  RefLogitKL: 0.000e+00 (0.000e+00)  AnchorRefAttnKL: 0.000e+00 (0.000e+00)  TeacherAttnKL: 0.000e+00 (0.000e+00)  TeacherRel: 0.000e+00 (0.000e+00)  TeacherAttnOut: 0.000e+00 (0.000e+00)  TeacherFeatOut: 0.000e+00 (0.000e+00)  ActScaleAnchor: 0.000e+00 (0.000e+00)  VarTrust: 0.000e+00 (0.000e+00)  DirAnchor: 0.000e+00 (0.000e+00)  BinReg: 0.000e+00 (0.000e+00)  SelBinAnchor: 0.000e+00 (0.000e+00)  ActBinMargin: 0.000e+00 (0.000e+00)  Time: 1.022s,  500.88/s  (1.022s,  500.88/s)  LR: 5.670e-06  RefW: 0.000e+00  AnchorRefW: 0.000e+00  Data: 0.805 (0.805)
2026-07-10T15:05:41Z	50	0.000e+00	0.000e+00	Train: 50 [  50/2502 (  2%)]  Loss: 51.385780 (51.3889)  BaseLoss: 51.385780 (51.3889)  RefAttnKL: 0.000e+00 (0.000e+00)  RefLogitKL: 0.000e+00 (0.000e+00)  AnchorRefAttnKL: 0.000e+00 (0.000e+00)  TeacherAttnKL: 0.000e+00 (0.000e+00)  TeacherRel: 0.000e+00 (0.000e+00)  TeacherAttnOut: 0.000e+00 (0.000e+00)  TeacherFeatOut: 0.000e+00 (0.000e+00)  ActScaleAnchor: 0.000e+00 (0.000e+00)  VarTrust: 0.000e+00 (0.000e+00)  DirAnchor: 0.000e+00 (0.000e+00)  BinReg: 0.000e+00 (0.000e+00)  SelBinAnchor: 0.000e+00 (0.000e+00)  ActBinMargin: 0.000e+00 (0.000e+00)  Time: 0.244s, 2099.87/s  (0.246s, 2080.56/s)  LR: 5.667e-06  RefW: 0.000e+00  AnchorRefW: 0.000e+00  Data: 0.005 (0.022)
2026-07-10T15:05:41Z	50	0.000e+00	0.000e+00	Train: 50 [ 100/2502 (  4%)]  Loss: 51.405373 (51.3944)  BaseLoss: 51.405373 (51.3944)  RefAttnKL: 0.000e+00 (0.000e+00)  RefLogitKL: 0.000e+00 (0.000e+00)  AnchorRefAttnKL: 0.000e+00 (0.000e+00)  TeacherAttnKL: 0.000e+00 (0.000e+00)  TeacherRel: 0.000e+00 (0.000e+00)  TeacherAttnOut: 0.000e+00 (0.000e+00)  TeacherFeatOut: 0.000e+00 (0.000e+00)  ActScaleAnchor: 0.000e+00 (0.000e+00)  VarTrust: 0.000e+00 (0.000e+00)  DirAnchor: 0.000e+00 (0.000e+00)  BinReg: 0.000e+00 (0.000e+00)  SelBinAnchor: 0.000e+00 (0.000e+00)  ActBinMargin: 0.000e+00 (0.000e+00)  Time: 0.242s, 2118.27/s  (0.239s, 2143.47/s)  LR: 5.665e-06  RefW: 0.000e+00  AnchorRefW: 0.000e+00  Data: 0.005 (0.014)
2026-07-10T15:05:41Z	50	0.000e+00	0.000e+00	Train: 50 [ 150/2502 (  6%)]  Loss: 51.410217 (51.3984)  BaseLoss: 51.410217 (51.3984)  RefAttnKL: 0.000e+00 (0.000e+00)  RefLogitKL: 0.000e+00 (0.000e+00)  AnchorRefAttnKL: 0.000e+00 (0.000e+00)  TeacherAttnKL: 0.000e+00 (0.000e+00)  TeacherRel: 0.000e+00 (0.000e+00)  TeacherAttnOut: 0.000e+00 (0.000e+00)  TeacherFeatOut: 0.000e+00 (0.000e+00)  ActScaleAnchor: 0.000e+00 (0.000e+00)  VarTrust: 0.000e+00 (0.000e+00)  DirAnchor: 0.000e+00 (0.000e+00)  BinReg: 0.000e+00 (0.000e+00)  SelBinAnchor: 0.000e+00 (0.000e+00)  ActBinMargin: 0.000e+00 (0.000e+00)  Time: 0.243s, 2104.31/s  (0.236s, 2168.13/s)  LR: 5.662e-06  RefW: 0.000e+00  AnchorRefW: 0.000e+00  Data: 0.006 (0.011)
2026-07-10T15:05:41Z	50	0.000e+00	0.000e+00	Train: 50 [ 200/2502 (  8%)]  Loss: 51.370888 (51.3929)  BaseLoss: 51.370888 (51.3929)  RefAttnKL: 0.000e+00 (0.000e+00)  RefLogitKL: 0.000e+00 (0.000e+00)  AnchorRefAttnKL: 0.000e+00 (0.000e+00)  TeacherAttnKL: 0.000e+00 (0.000e+00)  TeacherRel: 0.000e+00 (0.000e+00)  TeacherAttnOut: 0.000e+00 (0.000e+00)  TeacherFeatOut: 0.000e+00 (0.000e+00)  ActScaleAnchor: 0.000e+00 (0.000e+00)  VarTrust: 0.000e+00 (0.000e+00)  DirAnchor: 0.000e+00 (0.000e+00)  BinReg: 0.000e+00 (0.000e+00)  SelBinAnchor: 0.000e+00 (0.000e+00)  ActBinMargin: 0.000e+00 (0.000e+00)  Time: 0.249s, 2055.43/s  (0.235s, 2177.70/s)  LR: 5.659e-06  RefW: 0.000e+00  AnchorRefW: 0.000e+00  Data: 0.007 (0.010)
2026-07-10T15:05:41Z	50	0.000e+00	0.000e+00	Train: 50 [ 250/2502 ( 10%)]  Loss: 51.427094 (51.3986)  BaseLoss: 51.427094 (51.3986)  RefAttnKL: 0.000e+00 (0.000e+00)  RefLogitKL: 0.000e+00 (0.000e+00)  AnchorRefAttnKL: 0.000e+00 (0.000e+00)  TeacherAttnKL: 0.000e+00 (0.000e+00)  TeacherRel: 0.000e+00 (0.000e+00)  TeacherAttnOut: 0.000e+00 (0.000e+00)  TeacherFeatOut: 0.000e+00 (0.000e+00)  ActScaleAnchor: 0.000e+00 (0.000e+00)  VarTrust: 0.000e+00 (0.000e+00)  DirAnchor: 0.000e+00 (0.000e+00)  BinReg: 0.000e+00 (0.000e+00)  SelBinAnchor: 0.000e+00 (0.000e+00)  ActBinMargin: 0.000e+00 (0.000e+00)  Time: 0.242s, 2118.76/s  (0.235s, 2182.17/s)  LR: 5.657e-06  RefW: 0.000e+00  AnchorRefW: 0.000e+00  Data: 0.007 (0.009)
2026-07-10T15:05:41Z	50	0.000e+00	0.000e+00	Train: 50 [ 300/2502 ( 12%)]  Loss: 51.394844 (51.3980)  BaseLoss: 51.394844 (51.3980)  RefAttnKL: 0.000e+00 (0.000e+00)  RefLogitKL: 0.000e+00 (0.000e+00)  AnchorRefAttnKL: 0.000e+00 (0.000e+00)  TeacherAttnKL: 0.000e+00 (0.000e+00)  TeacherRel: 0.000e+00 (0.000e+00)  TeacherAttnOut: 0.000e+00 (0.000e+00)  TeacherFeatOut: 0.000e+00 (0.000e+00)  ActScaleAnchor: 0.000e+00 (0.000e+00)  VarTrust: 0.000e+00 (0.000e+00)  DirAnchor: 0.000e+00 (0.000e+00)  BinReg: 0.000e+00 (0.000e+00)  SelBinAnchor: 0.000e+00 (0.000e+00)  ActBinMargin: 0.000e+00 (0.000e+00)  Time: 0.243s, 2104.62/s  (0.234s, 2188.49/s)  LR: 5.654e-06  RefW: 0.000e+00  AnchorRefW: 0.000e+00  Data: 0.006 (0.009)
2026-07-10T15:05:41Z	50	0.000e+00	0.000e+00	Train: 50 [ 350/2502 ( 14%)]  Loss: 51.445965 (51.4040)  BaseLoss: 51.445965 (51.4040)  RefAttnKL: 0.000e+00 (0.000e+00)  RefLogitKL: 0.000e+00 (0.000e+00)  AnchorRefAttnKL: 0.000e+00 (0.000e+00)  TeacherAttnKL: 0.000e+00 (0.000e+00)  TeacherRel: 0.000e+00 (0.000e+00)  TeacherAttnOut: 0.000e+00 (0.000e+00)  TeacherFeatOut: 0.000e+00 (0.000e+00)  ActScaleAnchor: 0.000e+00 (0.000e+00)  VarTrust: 0.000e+00 (0.000e+00)  DirAnchor: 0.000e+00 (0.000e+00)  BinReg: 0.000e+00 (0.000e+00)  SelBinAnchor: 0.000e+00 (0.000e+00)  ActBinMargin: 0.000e+00 (0.000e+00)  Time: 0.242s, 2114.33/s  (0.234s, 2192.45/s)  LR: 5.652e-06  RefW: 0.000e+00  AnchorRefW: 0.000e+00  Data: 0.006 (0.009)
2026-07-10T15:05:41Z	50	0.000e+00	0.000e+00	Train: 50 [ 400/2502 ( 16%)]  Loss: 51.420986 (51.4059)  BaseLoss: 51.420986 (51.4059)  RefAttnKL: 0.000e+00 (0.000e+00)  RefLogitKL: 0.000e+00 (0.000e+00)  AnchorRefAttnKL: 0.000e+00 (0.000e+00)  TeacherAttnKL: 0.000e+00 (0.000e+00)  TeacherRel: 0.000e+00 (0.000e+00)  TeacherAttnOut: 0.000e+00 (0.000e+00)  TeacherFeatOut: 0.000e+00 (0.000e+00)  ActScaleAnchor: 0.000e+00 (0.000e+00)  VarTrust: 0.000e+00 (0.000e+00)  DirAnchor: 0.000e+00 (0.000e+00)  BinReg: 0.000e+00 (0.000e+00)  SelBinAnchor: 0.000e+00 (0.000e+00)  ActBinMargin: 0.000e+00 (0.000e+00)  Time: 0.243s, 2108.23/s  (0.235s, 2182.87/s)  LR: 5.649e-06  RefW: 0.000e+00  AnchorRefW: 0.000e+00  Data: 0.007 (0.008)
2026-07-10T15:05:41Z	50	0.000e+00	0.000e+00	Train: 50 [ 450/2502 ( 18%)]  Loss: 51.412457 (51.4066)  BaseLoss: 51.412457 (51.4066)  RefAttnKL: 0.000e+00 (0.000e+00)  RefLogitKL: 0.000e+00 (0.000e+00)  AnchorRefAttnKL: 0.000e+00 (0.000e+00)  TeacherAttnKL: 0.000e+00 (0.000e+00)  TeacherRel: 0.000e+00 (0.000e+00)  TeacherAttnOut: 0.000e+00 (0.000e+00)  TeacherFeatOut: 0.000e+00 (0.000e+00)  ActScaleAnchor: 0.000e+00 (0.000e+00)  VarTrust: 0.000e+00 (0.000e+00)  DirAnchor: 0.000e+00 (0.000e+00)  BinReg: 0.000e+00 (0.000e+00)  SelBinAnchor: 0.000e+00 (0.000e+00)  ActBinMargin: 0.000e+00 (0.000e+00)  Time: 0.243s, 2104.43/s  (0.234s, 2186.26/s)  LR: 5.646e-06  RefW: 0.000e+00  AnchorRefW: 0.000e+00  Data: 0.006 (0.008)
2026-07-10T15:05:41Z	50	0.000e+00	0.000e+00	Train: 50 [ 500/2502 ( 20%)]  Loss: 51.437973 (51.4094)  BaseLoss: 51.437973 (51.4094)  RefAttnKL: 0.000e+00 (0.000e+00)  RefLogitKL: 0.000e+00 (0.000e+00)  AnchorRefAttnKL: 0.000e+00 (0.000e+00)  TeacherAttnKL: 0.000e+00 (0.000e+00)  TeacherRel: 0.000e+00 (0.000e+00)  TeacherAttnOut: 0.000e+00 (0.000e+00)  TeacherFeatOut: 0.000e+00 (0.000e+00)  ActScaleAnchor: 0.000e+00 (0.000e+00)  VarTrust: 0.000e+00 (0.000e+00)  DirAnchor: 0.000e+00 (0.000e+00)  BinReg: 0.000e+00 (0.000e+00)  SelBinAnchor: 0.000e+00 (0.000e+00)  ActBinMargin: 0.000e+00 (0.000e+00)  Time: 0.243s, 2107.02/s  (0.234s, 2189.50/s)  LR: 5.644e-06  RefW: 0.000e+00  AnchorRefW: 0.000e+00  Data: 0.006 (0.008)
2026-07-10T15:05:41Z	50	0.000e+00	0.000e+00	Train: 50 [ 550/2502 ( 22%)]  Loss: 51.428307 (51.4110)  BaseLoss: 51.428307 (51.4110)  RefAttnKL: 0.000e+00 (0.000e+00)  RefLogitKL: 0.000e+00 (0.000e+00)  AnchorRefAttnKL: 0.000e+00 (0.000e+00)  TeacherAttnKL: 0.000e+00 (0.000e+00)  TeacherRel: 0.000e+00 (0.000e+00)  TeacherAttnOut: 0.000e+00 (0.000e+00)  TeacherFeatOut: 0.000e+00 (0.000e+00)  ActScaleAnchor: 0.000e+00 (0.000e+00)  VarTrust: 0.000e+00 (0.000e+00)  DirAnchor: 0.000e+00 (0.000e+00)  BinReg: 0.000e+00 (0.000e+00)  SelBinAnchor: 0.000e+00 (0.000e+00)  ActBinMargin: 0.000e+00 (0.000e+00)  Time: 0.242s, 2112.93/s  (0.234s, 2191.90/s)  LR: 5.641e-06  RefW: 0.000e+00  AnchorRefW: 0.000e+00  Data: 0.006 (0.008)
2026-07-10T15:05:41Z	50	0.000e+00	0.000e+00	Train: 50 [ 600/2502 ( 24%)]  Loss: 51.350967 (51.4064)  BaseLoss: 51.350967 (51.4064)  RefAttnKL: 0.000e+00 (0.000e+00)  RefLogitKL: 0.000e+00 (0.000e+00)  AnchorRefAttnKL: 0.000e+00 (0.000e+00)  TeacherAttnKL: 0.000e+00 (0.000e+00)  TeacherRel: 0.000e+00 (0.000e+00)  TeacherAttnOut: 0.000e+00 (0.000e+00)  TeacherFeatOut: 0.000e+00 (0.000e+00)  ActScaleAnchor: 0.000e+00 (0.000e+00)  VarTrust: 0.000e+00 (0.000e+00)  DirAnchor: 0.000e+00 (0.000e+00)  BinReg: 0.000e+00 (0.000e+00)  SelBinAnchor: 0.000e+00 (0.000e+00)  ActBinMargin: 0.000e+00 (0.000e+00)  Time: 0.256s, 1998.95/s  (0.233s, 2194.01/s)  LR: 5.639e-06  RefW: 0.000e+00  AnchorRefW: 0.000e+00  Data: 0.007 (0.008)
2026-07-10T15:05:41Z	50	0.000e+00	0.000e+00	Train: 50 [ 650/2502 ( 26%)]  Loss: 51.419884 (51.4073)  BaseLoss: 51.419884 (51.4073)  RefAttnKL: 0.000e+00 (0.000e+00)  RefLogitKL: 0.000e+00 (0.000e+00)  AnchorRefAttnKL: 0.000e+00 (0.000e+00)  TeacherAttnKL: 0.000e+00 (0.000e+00)  TeacherRel: 0.000e+00 (0.000e+00)  TeacherAttnOut: 0.000e+00 (0.000e+00)  TeacherFeatOut: 0.000e+00 (0.000e+00)  ActScaleAnchor: 0.000e+00 (0.000e+00)  VarTrust: 0.000e+00 (0.000e+00)  DirAnchor: 0.000e+00 (0.000e+00)  BinReg: 0.000e+00 (0.000e+00)  SelBinAnchor: 0.000e+00 (0.000e+00)  ActBinMargin: 0.000e+00 (0.000e+00)  Time: 0.245s, 2093.23/s  (0.233s, 2195.26/s)  LR: 5.636e-06  RefW: 0.000e+00  AnchorRefW: 0.000e+00  Data: 0.005 (0.008)
2026-07-10T15:05:41Z	50	0.000e+00	0.000e+00	Train: 50 [ 700/2502 ( 28%)]  Loss: 51.372921 (51.4050)  BaseLoss: 51.372921 (51.4050)  RefAttnKL: 0.000e+00 (0.000e+00)  RefLogitKL: 0.000e+00 (0.000e+00)  AnchorRefAttnKL: 0.000e+00 (0.000e+00)  TeacherAttnKL: 0.000e+00 (0.000e+00)  TeacherRel: 0.000e+00 (0.000e+00)  TeacherAttnOut: 0.000e+00 (0.000e+00)  TeacherFeatOut: 0.000e+00 (0.000e+00)  ActScaleAnchor: 0.000e+00 (0.000e+00)  VarTrust: 0.000e+00 (0.000e+00)  DirAnchor: 0.000e+00 (0.000e+00)  BinReg: 0.000e+00 (0.000e+00)  SelBinAnchor: 0.000e+00 (0.000e+00)  ActBinMargin: 0.000e+00 (0.000e+00)  Time: 0.256s, 2001.11/s  (0.233s, 2196.75/s)  LR: 5.634e-06  RefW: 0.000e+00  AnchorRefW: 0.000e+00  Data: 0.006 (0.007)
2026-07-10T15:05:41Z	50	0.000e+00	0.000e+00	Train: 50 [ 750/2502 ( 30%)]  Loss: 51.365990 (51.4026)  BaseLoss: 51.365990 (51.4026)  RefAttnKL: 0.000e+00 (0.000e+00)  RefLogitKL: 0.000e+00 (0.000e+00)  AnchorRefAttnKL: 0.000e+00 (0.000e+00)  TeacherAttnKL: 0.000e+00 (0.000e+00)  TeacherRel: 0.000e+00 (0.000e+00)  TeacherAttnOut: 0.000e+00 (0.000e+00)  TeacherFeatOut: 0.000e+00 (0.000e+00)  ActScaleAnchor: 0.000e+00 (0.000e+00)  VarTrust: 0.000e+00 (0.000e+00)  DirAnchor: 0.000e+00 (0.000e+00)  BinReg: 0.000e+00 (0.000e+00)  SelBinAnchor: 0.000e+00 (0.000e+00)  ActBinMargin: 0.000e+00 (0.000e+00)  Time: 0.232s, 2206.73/s  (0.233s, 2198.40/s)  LR: 5.631e-06  RefW: 0.000e+00  AnchorRefW: 0.000e+00  Data: 0.006 (0.007)
2026-07-10T15:05:41Z	50	0.000e+00	0.000e+00	Train: 50 [ 800/2502 ( 32%)]  Loss: 51.397388 (51.4023)  BaseLoss: 51.397388 (51.4023)  RefAttnKL: 0.000e+00 (0.000e+00)  RefLogitKL: 0.000e+00 (0.000e+00)  AnchorRefAttnKL: 0.000e+00 (0.000e+00)  TeacherAttnKL: 0.000e+00 (0.000e+00)  TeacherRel: 0.000e+00 (0.000e+00)  TeacherAttnOut: 0.000e+00 (0.000e+00)  TeacherFeatOut: 0.000e+00 (0.000e+00)  ActScaleAnchor: 0.000e+00 (0.000e+00)  VarTrust: 0.000e+00 (0.000e+00)  DirAnchor: 0.000e+00 (0.000e+00)  BinReg: 0.000e+00 (0.000e+00)  SelBinAnchor: 0.000e+00 (0.000e+00)  ActBinMargin: 0.000e+00 (0.000e+00)  Time: 0.242s, 2112.52/s  (0.233s, 2200.20/s)  LR: 5.629e-06  RefW: 0.000e+00  AnchorRefW: 0.000e+00  Data: 0.007 (0.007)
2026-07-10T15:05:41Z	50	0.000e+00	0.000e+00	Train: 50 [ 850/2502 ( 34%)]  Loss: 51.367271 (51.4004)  BaseLoss: 51.367271 (51.4004)  RefAttnKL: 0.000e+00 (0.000e+00)  RefLogitKL: 0.000e+00 (0.000e+00)  AnchorRefAttnKL: 0.000e+00 (0.000e+00)  TeacherAttnKL: 0.000e+00 (0.000e+00)  TeacherRel: 0.000e+00 (0.000e+00)  TeacherAttnOut: 0.000e+00 (0.000e+00)  TeacherFeatOut: 0.000e+00 (0.000e+00)  ActScaleAnchor: 0.000e+00 (0.000e+00)  VarTrust: 0.000e+00 (0.000e+00)  DirAnchor: 0.000e+00 (0.000e+00)  BinReg: 0.000e+00 (0.000e+00)  SelBinAnchor: 0.000e+00 (0.000e+00)  ActBinMargin: 0.000e+00 (0.000e+00)  Time: 0.248s, 2065.97/s  (0.233s, 2200.28/s)  LR: 5.626e-06  RefW: 0.000e+00  AnchorRefW: 0.000e+00  Data: 0.007 (0.007)
2026-07-10T15:05:41Z	50	0.000e+00	0.000e+00	Train: 50 [ 900/2502 ( 36%)]  Loss: 51.375450 (51.3990)  BaseLoss: 51.375450 (51.3990)  RefAttnKL: 0.000e+00 (0.000e+00)  RefLogitKL: 0.000e+00 (0.000e+00)  AnchorRefAttnKL: 0.000e+00 (0.000e+00)  TeacherAttnKL: 0.000e+00 (0.000e+00)  TeacherRel: 0.000e+00 (0.000e+00)  TeacherAttnOut: 0.000e+00 (0.000e+00)  TeacherFeatOut: 0.000e+00 (0.000e+00)  ActScaleAnchor: 0.000e+00 (0.000e+00)  VarTrust: 0.000e+00 (0.000e+00)  DirAnchor: 0.000e+00 (0.000e+00)  BinReg: 0.000e+00 (0.000e+00)  SelBinAnchor: 0.000e+00 (0.000e+00)  ActBinMargin: 0.000e+00 (0.000e+00)  Time: 0.243s, 2105.49/s  (0.233s, 2201.16/s)  LR: 5.624e-06  RefW: 0.000e+00  AnchorRefW: 0.000e+00  Data: 0.006 (0.007)
2026-07-10T15:05:41Z	50	0.000e+00	0.000e+00	Train: 50 [ 950/2502 ( 38%)]  Loss: 51.390816 (51.3986)  BaseLoss: 51.390816 (51.3986)  RefAttnKL: 0.000e+00 (0.000e+00)  RefLogitKL: 0.000e+00 (0.000e+00)  AnchorRefAttnKL: 0.000e+00 (0.000e+00)  TeacherAttnKL: 0.000e+00 (0.000e+00)  TeacherRel: 0.000e+00 (0.000e+00)  TeacherAttnOut: 0.000e+00 (0.000e+00)  TeacherFeatOut: 0.000e+00 (0.000e+00)  ActScaleAnchor: 0.000e+00 (0.000e+00)  VarTrust: 0.000e+00 (0.000e+00)  DirAnchor: 0.000e+00 (0.000e+00)  BinReg: 0.000e+00 (0.000e+00)  SelBinAnchor: 0.000e+00 (0.000e+00)  ActBinMargin: 0.000e+00 (0.000e+00)  Time: 0.247s, 2071.69/s  (0.233s, 2201.96/s)  LR: 5.621e-06  RefW: 0.000e+00  AnchorRefW: 0.000e+00  Data: 0.006 (0.007)
2026-07-10T15:05:41Z	50	0.000e+00	0.000e+00	Train: 50 [1000/2502 ( 40%)]  Loss: 51.406326 (51.3990)  BaseLoss: 51.406326 (51.3990)  RefAttnKL: 0.000e+00 (0.000e+00)  RefLogitKL: 0.000e+00 (0.000e+00)  AnchorRefAttnKL: 0.000e+00 (0.000e+00)  TeacherAttnKL: 0.000e+00 (0.000e+00)  TeacherRel: 0.000e+00 (0.000e+00)  TeacherAttnOut: 0.000e+00 (0.000e+00)  TeacherFeatOut: 0.000e+00 (0.000e+00)  ActScaleAnchor: 0.000e+00 (0.000e+00)  VarTrust: 0.000e+00 (0.000e+00)  DirAnchor: 0.000e+00 (0.000e+00)  BinReg: 0.000e+00 (0.000e+00)  SelBinAnchor: 0.000e+00 (0.000e+00)  ActBinMargin: 0.000e+00 (0.000e+00)  Time: 0.246s, 2084.22/s  (0.232s, 2202.81/s)  LR: 5.618e-06  RefW: 0.000e+00  AnchorRefW: 0.000e+00  Data: 0.007 (0.007)
2026-07-10T15:05:41Z	50	0.000e+00	0.000e+00	Train: 50 [1050/2502 ( 42%)]  Loss: 51.390877 (51.3986)  BaseLoss: 51.390877 (51.3986)  RefAttnKL: 0.000e+00 (0.000e+00)  RefLogitKL: 0.000e+00 (0.000e+00)  AnchorRefAttnKL: 0.000e+00 (0.000e+00)  TeacherAttnKL: 0.000e+00 (0.000e+00)  TeacherRel: 0.000e+00 (0.000e+00)  TeacherAttnOut: 0.000e+00 (0.000e+00)  TeacherFeatOut: 0.000e+00 (0.000e+00)  ActScaleAnchor: 0.000e+00 (0.000e+00)  VarTrust: 0.000e+00 (0.000e+00)  DirAnchor: 0.000e+00 (0.000e+00)  BinReg: 0.000e+00 (0.000e+00)  SelBinAnchor: 0.000e+00 (0.000e+00)  ActBinMargin: 0.000e+00 (0.000e+00)  Time: 0.245s, 2089.89/s  (0.232s, 2203.39/s)  LR: 5.616e-06  RefW: 0.000e+00  AnchorRefW: 0.000e+00  Data: 0.007 (0.007)
2026-07-10T15:05:41Z	50	0.000e+00	0.000e+00	Train: 50 [1100/2502 ( 44%)]  Loss: 51.366898 (51.3973)  BaseLoss: 51.366898 (51.3973)  RefAttnKL: 0.000e+00 (0.000e+00)  RefLogitKL: 0.000e+00 (0.000e+00)  AnchorRefAttnKL: 0.000e+00 (0.000e+00)  TeacherAttnKL: 0.000e+00 (0.000e+00)  TeacherRel: 0.000e+00 (0.000e+00)  TeacherAttnOut: 0.000e+00 (0.000e+00)  TeacherFeatOut: 0.000e+00 (0.000e+00)  ActScaleAnchor: 0.000e+00 (0.000e+00)  VarTrust: 0.000e+00 (0.000e+00)  DirAnchor: 0.000e+00 (0.000e+00)  BinReg: 0.000e+00 (0.000e+00)  SelBinAnchor: 0.000e+00 (0.000e+00)  ActBinMargin: 0.000e+00 (0.000e+00)  Time: 0.242s, 2115.50/s  (0.232s, 2203.44/s)  LR: 5.613e-06  RefW: 0.000e+00  AnchorRefW: 0.000e+00  Data: 0.007 (0.007)
2026-07-10T15:05:41Z	50	0.000e+00	0.000e+00	Train: 50 [1150/2502 ( 46%)]  Loss: 51.399269 (51.3973)  BaseLoss: 51.399269 (51.3973)  RefAttnKL: 0.000e+00 (0.000e+00)  RefLogitKL: 0.000e+00 (0.000e+00)  AnchorRefAttnKL: 0.000e+00 (0.000e+00)  TeacherAttnKL: 0.000e+00 (0.000e+00)  TeacherRel: 0.000e+00 (0.000e+00)  TeacherAttnOut: 0.000e+00 (0.000e+00)  TeacherFeatOut: 0.000e+00 (0.000e+00)  ActScaleAnchor: 0.000e+00 (0.000e+00)  VarTrust: 0.000e+00 (0.000e+00)  DirAnchor: 0.000e+00 (0.000e+00)  BinReg: 0.000e+00 (0.000e+00)  SelBinAnchor: 0.000e+00 (0.000e+00)  ActBinMargin: 0.000e+00 (0.000e+00)  Time: 0.242s, 2117.44/s  (0.232s, 2204.33/s)  LR: 5.611e-06  RefW: 0.000e+00  AnchorRefW: 0.000e+00  Data: 0.006 (0.007)
2026-07-10T15:05:41Z	50	0.000e+00	0.000e+00	Train: 50 [1200/2502 ( 48%)]  Loss: 51.374390 (51.3964)  BaseLoss: 51.374390 (51.3964)  RefAttnKL: 0.000e+00 (0.000e+00)  RefLogitKL: 0.000e+00 (0.000e+00)  AnchorRefAttnKL: 0.000e+00 (0.000e+00)  TeacherAttnKL: 0.000e+00 (0.000e+00)  TeacherRel: 0.000e+00 (0.000e+00)  TeacherAttnOut: 0.000e+00 (0.000e+00)  TeacherFeatOut: 0.000e+00 (0.000e+00)  ActScaleAnchor: 0.000e+00 (0.000e+00)  VarTrust: 0.000e+00 (0.000e+00)  DirAnchor: 0.000e+00 (0.000e+00)  BinReg: 0.000e+00 (0.000e+00)  SelBinAnchor: 0.000e+00 (0.000e+00)  ActBinMargin: 0.000e+00 (0.000e+00)  Time: 0.267s, 1919.47/s  (0.232s, 2204.87/s)  LR: 5.608e-06  RefW: 0.000e+00  AnchorRefW: 0.000e+00  Data: 0.008 (0.007)
2026-07-10T15:05:41Z	50	0.000e+00	0.000e+00	Train: 50 [1250/2502 ( 50%)]  Loss: 51.399193 (51.3965)  BaseLoss: 51.399193 (51.3965)  RefAttnKL: 0.000e+00 (0.000e+00)  RefLogitKL: 0.000e+00 (0.000e+00)  AnchorRefAttnKL: 0.000e+00 (0.000e+00)  TeacherAttnKL: 0.000e+00 (0.000e+00)  TeacherRel: 0.000e+00 (0.000e+00)  TeacherAttnOut: 0.000e+00 (0.000e+00)  TeacherFeatOut: 0.000e+00 (0.000e+00)  ActScaleAnchor: 0.000e+00 (0.000e+00)  VarTrust: 0.000e+00 (0.000e+00)  DirAnchor: 0.000e+00 (0.000e+00)  BinReg: 0.000e+00 (0.000e+00)  SelBinAnchor: 0.000e+00 (0.000e+00)  ActBinMargin: 0.000e+00 (0.000e+00)  Time: 0.246s, 2083.73/s  (0.232s, 2205.26/s)  LR: 5.606e-06  RefW: 0.000e+00  AnchorRefW: 0.000e+00  Data: 0.007 (0.007)
2026-07-10T15:05:41Z	50	0.000e+00	0.000e+00	Train: 50 [1300/2502 ( 52%)]  Loss: 51.426674 (51.3976)  BaseLoss: 51.426674 (51.3976)  RefAttnKL: 0.000e+00 (0.000e+00)  RefLogitKL: 0.000e+00 (0.000e+00)  AnchorRefAttnKL: 0.000e+00 (0.000e+00)  TeacherAttnKL: 0.000e+00 (0.000e+00)  TeacherRel: 0.000e+00 (0.000e+00)  TeacherAttnOut: 0.000e+00 (0.000e+00)  TeacherFeatOut: 0.000e+00 (0.000e+00)  ActScaleAnchor: 0.000e+00 (0.000e+00)  VarTrust: 0.000e+00 (0.000e+00)  DirAnchor: 0.000e+00 (0.000e+00)  BinReg: 0.000e+00 (0.000e+00)  SelBinAnchor: 0.000e+00 (0.000e+00)  ActBinMargin: 0.000e+00 (0.000e+00)  Time: 0.242s, 2118.70/s  (0.232s, 2205.42/s)  LR: 5.603e-06  RefW: 0.000e+00  AnchorRefW: 0.000e+00  Data: 0.007 (0.007)
2026-07-10T15:05:41Z	50	0.000e+00	0.000e+00	Train: 50 [1350/2502 ( 54%)]  Loss: 51.397858 (51.3976)  BaseLoss: 51.397858 (51.3976)  RefAttnKL: 0.000e+00 (0.000e+00)  RefLogitKL: 0.000e+00 (0.000e+00)  AnchorRefAttnKL: 0.000e+00 (0.000e+00)  TeacherAttnKL: 0.000e+00 (0.000e+00)  TeacherRel: 0.000e+00 (0.000e+00)  TeacherAttnOut: 0.000e+00 (0.000e+00)  TeacherFeatOut: 0.000e+00 (0.000e+00)  ActScaleAnchor: 0.000e+00 (0.000e+00)  VarTrust: 0.000e+00 (0.000e+00)  DirAnchor: 0.000e+00 (0.000e+00)  BinReg: 0.000e+00 (0.000e+00)  SelBinAnchor: 0.000e+00 (0.000e+00)  ActBinMargin: 0.000e+00 (0.000e+00)  Time: 0.243s, 2110.00/s  (0.232s, 2206.19/s)  LR: 5.601e-06  RefW: 0.000e+00  AnchorRefW: 0.000e+00  Data: 0.006 (0.007)
2026-07-10T15:05:41Z	50	0.000e+00	0.000e+00	Train: 50 [1400/2502 ( 56%)]  Loss: 51.408997 (51.3980)  BaseLoss: 51.408997 (51.3980)  RefAttnKL: 0.000e+00 (0.000e+00)  RefLogitKL: 0.000e+00 (0.000e+00)  AnchorRefAttnKL: 0.000e+00 (0.000e+00)  TeacherAttnKL: 0.000e+00 (0.000e+00)  TeacherRel: 0.000e+00 (0.000e+00)  TeacherAttnOut: 0.000e+00 (0.000e+00)  TeacherFeatOut: 0.000e+00 (0.000e+00)  ActScaleAnchor: 0.000e+00 (0.000e+00)  VarTrust: 0.000e+00 (0.000e+00)  DirAnchor: 0.000e+00 (0.000e+00)  BinReg: 0.000e+00 (0.000e+00)  SelBinAnchor: 0.000e+00 (0.000e+00)  ActBinMargin: 0.000e+00 (0.000e+00)  Time: 0.244s, 2094.20/s  (0.232s, 2206.53/s)  LR: 5.598e-06  RefW: 0.000e+00  AnchorRefW: 0.000e+00  Data: 0.007 (0.007)
2026-07-10T15:05:41Z	50	0.000e+00	0.000e+00	Train: 50 [1450/2502 ( 58%)]  Loss: 51.425411 (51.3990)  BaseLoss: 51.425411 (51.3990)  RefAttnKL: 0.000e+00 (0.000e+00)  RefLogitKL: 0.000e+00 (0.000e+00)  AnchorRefAttnKL: 0.000e+00 (0.000e+00)  TeacherAttnKL: 0.000e+00 (0.000e+00)  TeacherRel: 0.000e+00 (0.000e+00)  TeacherAttnOut: 0.000e+00 (0.000e+00)  TeacherFeatOut: 0.000e+00 (0.000e+00)  ActScaleAnchor: 0.000e+00 (0.000e+00)  VarTrust: 0.000e+00 (0.000e+00)  DirAnchor: 0.000e+00 (0.000e+00)  BinReg: 0.000e+00 (0.000e+00)  SelBinAnchor: 0.000e+00 (0.000e+00)  ActBinMargin: 0.000e+00 (0.000e+00)  Time: 0.245s, 2093.08/s  (0.232s, 2206.49/s)  LR: 5.596e-06  RefW: 0.000e+00  AnchorRefW: 0.000e+00  Data: 0.006 (0.007)
2026-07-10T15:05:41Z	50	0.000e+00	0.000e+00	Train: 50 [1500/2502 ( 60%)]  Loss: 51.417900 (51.3996)  BaseLoss: 51.417900 (51.3996)  RefAttnKL: 0.000e+00 (0.000e+00)  RefLogitKL: 0.000e+00 (0.000e+00)  AnchorRefAttnKL: 0.000e+00 (0.000e+00)  TeacherAttnKL: 0.000e+00 (0.000e+00)  TeacherRel: 0.000e+00 (0.000e+00)  TeacherAttnOut: 0.000e+00 (0.000e+00)  TeacherFeatOut: 0.000e+00 (0.000e+00)  ActScaleAnchor: 0.000e+00 (0.000e+00)  VarTrust: 0.000e+00 (0.000e+00)  DirAnchor: 0.000e+00 (0.000e+00)  BinReg: 0.000e+00 (0.000e+00)  SelBinAnchor: 0.000e+00 (0.000e+00)  ActBinMargin: 0.000e+00 (0.000e+00)  Time: 0.241s, 2127.24/s  (0.232s, 2206.92/s)  LR: 5.593e-06  RefW: 0.000e+00  AnchorRefW: 0.000e+00  Data: 0.007 (0.007)
2026-07-10T15:05:41Z	50	0.000e+00	0.000e+00	Train: 50 [1550/2502 ( 62%)]  Loss: 51.412628 (51.4000)  BaseLoss: 51.412628 (51.4000)  RefAttnKL: 0.000e+00 (0.000e+00)  RefLogitKL: 0.000e+00 (0.000e+00)  AnchorRefAttnKL: 0.000e+00 (0.000e+00)  TeacherAttnKL: 0.000e+00 (0.000e+00)  TeacherRel: 0.000e+00 (0.000e+00)  TeacherAttnOut: 0.000e+00 (0.000e+00)  TeacherFeatOut: 0.000e+00 (0.000e+00)  ActScaleAnchor: 0.000e+00 (0.000e+00)  VarTrust: 0.000e+00 (0.000e+00)  DirAnchor: 0.000e+00 (0.000e+00)  BinReg: 0.000e+00 (0.000e+00)  SelBinAnchor: 0.000e+00 (0.000e+00)  ActBinMargin: 0.000e+00 (0.000e+00)  Time: 0.241s, 2123.86/s  (0.232s, 2207.11/s)  LR: 5.591e-06  RefW: 0.000e+00  AnchorRefW: 0.000e+00  Data: 0.007 (0.007)
2026-07-10T15:05:41Z	50	0.000e+00	0.000e+00	Train: 50 [1600/2502 ( 64%)]  Loss: 51.384144 (51.3995)  BaseLoss: 51.384144 (51.3995)  RefAttnKL: 0.000e+00 (0.000e+00)  RefLogitKL: 0.000e+00 (0.000e+00)  AnchorRefAttnKL: 0.000e+00 (0.000e+00)  TeacherAttnKL: 0.000e+00 (0.000e+00)  TeacherRel: 0.000e+00 (0.000e+00)  TeacherAttnOut: 0.000e+00 (0.000e+00)  TeacherFeatOut: 0.000e+00 (0.000e+00)  ActScaleAnchor: 0.000e+00 (0.000e+00)  VarTrust: 0.000e+00 (0.000e+00)  DirAnchor: 0.000e+00 (0.000e+00)  BinReg: 0.000e+00 (0.000e+00)  SelBinAnchor: 0.000e+00 (0.000e+00)  ActBinMargin: 0.000e+00 (0.000e+00)  Time: 0.245s, 2092.55/s  (0.232s, 2207.70/s)  LR: 5.589e-06  RefW: 0.000e+00  AnchorRefW: 0.000e+00  Data: 0.005 (0.007)
2026-07-10T15:05:41Z	50	0.000e+00	0.000e+00	Train: 50 [1650/2502 ( 66%)]  Loss: 51.432800 (51.4005)  BaseLoss: 51.432800 (51.4005)  RefAttnKL: 0.000e+00 (0.000e+00)  RefLogitKL: 0.000e+00 (0.000e+00)  AnchorRefAttnKL: 0.000e+00 (0.000e+00)  TeacherAttnKL: 0.000e+00 (0.000e+00)  TeacherRel: 0.000e+00 (0.000e+00)  TeacherAttnOut: 0.000e+00 (0.000e+00)  TeacherFeatOut: 0.000e+00 (0.000e+00)  ActScaleAnchor: 0.000e+00 (0.000e+00)  VarTrust: 0.000e+00 (0.000e+00)  DirAnchor: 0.000e+00 (0.000e+00)  BinReg: 0.000e+00 (0.000e+00)  SelBinAnchor: 0.000e+00 (0.000e+00)  ActBinMargin: 0.000e+00 (0.000e+00)  Time: 0.242s, 2116.03/s  (0.232s, 2207.91/s)  LR: 5.586e-06  RefW: 0.000e+00  AnchorRefW: 0.000e+00  Data: 0.007 (0.007)
2026-07-10T15:05:41Z	50	0.000e+00	0.000e+00	Train: 50 [1700/2502 ( 68%)]  Loss: 51.412796 (51.4008)  BaseLoss: 51.412796 (51.4008)  RefAttnKL: 0.000e+00 (0.000e+00)  RefLogitKL: 0.000e+00 (0.000e+00)  AnchorRefAttnKL: 0.000e+00 (0.000e+00)  TeacherAttnKL: 0.000e+00 (0.000e+00)  TeacherRel: 0.000e+00 (0.000e+00)  TeacherAttnOut: 0.000e+00 (0.000e+00)  TeacherFeatOut: 0.000e+00 (0.000e+00)  ActScaleAnchor: 0.000e+00 (0.000e+00)  VarTrust: 0.000e+00 (0.000e+00)  DirAnchor: 0.000e+00 (0.000e+00)  BinReg: 0.000e+00 (0.000e+00)  SelBinAnchor: 0.000e+00 (0.000e+00)  ActBinMargin: 0.000e+00 (0.000e+00)  Time: 0.242s, 2115.26/s  (0.232s, 2208.26/s)  LR: 5.584e-06  RefW: 0.000e+00  AnchorRefW: 0.000e+00  Data: 0.007 (0.007)
2026-07-10T15:05:41Z	50	0.000e+00	0.000e+00	Train: 50 [1750/2502 ( 70%)]  Loss: 51.387814 (51.4005)  BaseLoss: 51.387814 (51.4005)  RefAttnKL: 0.000e+00 (0.000e+00)  RefLogitKL: 0.000e+00 (0.000e+00)  AnchorRefAttnKL: 0.000e+00 (0.000e+00)  TeacherAttnKL: 0.000e+00 (0.000e+00)  TeacherRel: 0.000e+00 (0.000e+00)  TeacherAttnOut: 0.000e+00 (0.000e+00)  TeacherFeatOut: 0.000e+00 (0.000e+00)  ActScaleAnchor: 0.000e+00 (0.000e+00)  VarTrust: 0.000e+00 (0.000e+00)  DirAnchor: 0.000e+00 (0.000e+00)  BinReg: 0.000e+00 (0.000e+00)  SelBinAnchor: 0.000e+00 (0.000e+00)  ActBinMargin: 0.000e+00 (0.000e+00)  Time: 0.245s, 2088.35/s  (0.232s, 2208.40/s)  LR: 5.581e-06  RefW: 0.000e+00  AnchorRefW: 0.000e+00  Data: 0.007 (0.007)
2026-07-10T15:05:41Z	50	0.000e+00	0.000e+00	Train: 50 [1800/2502 ( 72%)]  Loss: 51.416187 (51.4009)  BaseLoss: 51.416187 (51.4009)  RefAttnKL: 0.000e+00 (0.000e+00)  RefLogitKL: 0.000e+00 (0.000e+00)  AnchorRefAttnKL: 0.000e+00 (0.000e+00)  TeacherAttnKL: 0.000e+00 (0.000e+00)  TeacherRel: 0.000e+00 (0.000e+00)  TeacherAttnOut: 0.000e+00 (0.000e+00)  TeacherFeatOut: 0.000e+00 (0.000e+00)  ActScaleAnchor: 0.000e+00 (0.000e+00)  VarTrust: 0.000e+00 (0.000e+00)  DirAnchor: 0.000e+00 (0.000e+00)  BinReg: 0.000e+00 (0.000e+00)  SelBinAnchor: 0.000e+00 (0.000e+00)  ActBinMargin: 0.000e+00 (0.000e+00)  Time: 0.244s, 2096.26/s  (0.232s, 2208.68/s)  LR: 5.579e-06  RefW: 0.000e+00  AnchorRefW: 0.000e+00  Data: 0.006 (0.007)
2026-07-10T15:05:41Z	50	0.000e+00	0.000e+00	Train: 50 [1850/2502 ( 74%)]  Loss: 51.385941 (51.4005)  BaseLoss: 51.385941 (51.4005)  RefAttnKL: 0.000e+00 (0.000e+00)  RefLogitKL: 0.000e+00 (0.000e+00)  AnchorRefAttnKL: 0.000e+00 (0.000e+00)  TeacherAttnKL: 0.000e+00 (0.000e+00)  TeacherRel: 0.000e+00 (0.000e+00)  TeacherAttnOut: 0.000e+00 (0.000e+00)  TeacherFeatOut: 0.000e+00 (0.000e+00)  ActScaleAnchor: 0.000e+00 (0.000e+00)  VarTrust: 0.000e+00 (0.000e+00)  DirAnchor: 0.000e+00 (0.000e+00)  BinReg: 0.000e+00 (0.000e+00)  SelBinAnchor: 0.000e+00 (0.000e+00)  ActBinMargin: 0.000e+00 (0.000e+00)  Time: 0.246s, 2083.62/s  (0.232s, 2208.81/s)  LR: 5.576e-06  RefW: 0.000e+00  AnchorRefW: 0.000e+00  Data: 0.006 (0.007)
2026-07-10T15:05:41Z	50	0.000e+00	0.000e+00	Train: 50 [1900/2502 ( 76%)]  Loss: 51.391060 (51.4003)  BaseLoss: 51.391060 (51.4003)  RefAttnKL: 0.000e+00 (0.000e+00)  RefLogitKL: 0.000e+00 (0.000e+00)  AnchorRefAttnKL: 0.000e+00 (0.000e+00)  TeacherAttnKL: 0.000e+00 (0.000e+00)  TeacherRel: 0.000e+00 (0.000e+00)  TeacherAttnOut: 0.000e+00 (0.000e+00)  TeacherFeatOut: 0.000e+00 (0.000e+00)  ActScaleAnchor: 0.000e+00 (0.000e+00)  VarTrust: 0.000e+00 (0.000e+00)  DirAnchor: 0.000e+00 (0.000e+00)  BinReg: 0.000e+00 (0.000e+00)  SelBinAnchor: 0.000e+00 (0.000e+00)  ActBinMargin: 0.000e+00 (0.000e+00)  Time: 0.244s, 2100.79/s  (0.232s, 2209.04/s)  LR: 5.574e-06  RefW: 0.000e+00  AnchorRefW: 0.000e+00  Data: 0.007 (0.007)
2026-07-10T15:05:41Z	50	0.000e+00	0.000e+00	Train: 50 [1950/2502 ( 78%)]  Loss: 51.437904 (51.4012)  BaseLoss: 51.437904 (51.4012)  RefAttnKL: 0.000e+00 (0.000e+00)  RefLogitKL: 0.000e+00 (0.000e+00)  AnchorRefAttnKL: 0.000e+00 (0.000e+00)  TeacherAttnKL: 0.000e+00 (0.000e+00)  TeacherRel: 0.000e+00 (0.000e+00)  TeacherAttnOut: 0.000e+00 (0.000e+00)  TeacherFeatOut: 0.000e+00 (0.000e+00)  ActScaleAnchor: 0.000e+00 (0.000e+00)  VarTrust: 0.000e+00 (0.000e+00)  DirAnchor: 0.000e+00 (0.000e+00)  BinReg: 0.000e+00 (0.000e+00)  SelBinAnchor: 0.000e+00 (0.000e+00)  ActBinMargin: 0.000e+00 (0.000e+00)  Time: 0.243s, 2110.17/s  (0.232s, 2209.33/s)  LR: 5.571e-06  RefW: 0.000e+00  AnchorRefW: 0.000e+00  Data: 0.007 (0.007)
2026-07-10T15:05:41Z	50	0.000e+00	0.000e+00	Train: 50 [2000/2502 ( 80%)]  Loss: 51.421097 (51.4017)  BaseLoss: 51.421097 (51.4017)  RefAttnKL: 0.000e+00 (0.000e+00)  RefLogitKL: 0.000e+00 (0.000e+00)  AnchorRefAttnKL: 0.000e+00 (0.000e+00)  TeacherAttnKL: 0.000e+00 (0.000e+00)  TeacherRel: 0.000e+00 (0.000e+00)  TeacherAttnOut: 0.000e+00 (0.000e+00)  TeacherFeatOut: 0.000e+00 (0.000e+00)  ActScaleAnchor: 0.000e+00 (0.000e+00)  VarTrust: 0.000e+00 (0.000e+00)  DirAnchor: 0.000e+00 (0.000e+00)  BinReg: 0.000e+00 (0.000e+00)  SelBinAnchor: 0.000e+00 (0.000e+00)  ActBinMargin: 0.000e+00 (0.000e+00)  Time: 0.240s, 2129.72/s  (0.232s, 2209.81/s)  LR: 5.569e-06  RefW: 0.000e+00  AnchorRefW: 0.000e+00  Data: 0.006 (0.007)
2026-07-10T15:05:41Z	50	0.000e+00	0.000e+00	Train: 50 [2050/2502 ( 82%)]  Loss: 51.359695 (51.4007)  BaseLoss: 51.359695 (51.4007)  RefAttnKL: 0.000e+00 (0.000e+00)  RefLogitKL: 0.000e+00 (0.000e+00)  AnchorRefAttnKL: 0.000e+00 (0.000e+00)  TeacherAttnKL: 0.000e+00 (0.000e+00)  TeacherRel: 0.000e+00 (0.000e+00)  TeacherAttnOut: 0.000e+00 (0.000e+00)  TeacherFeatOut: 0.000e+00 (0.000e+00)  ActScaleAnchor: 0.000e+00 (0.000e+00)  VarTrust: 0.000e+00 (0.000e+00)  DirAnchor: 0.000e+00 (0.000e+00)  BinReg: 0.000e+00 (0.000e+00)  SelBinAnchor: 0.000e+00 (0.000e+00)  ActBinMargin: 0.000e+00 (0.000e+00)  Time: 0.242s, 2117.58/s  (0.232s, 2210.24/s)  LR: 5.567e-06  RefW: 0.000e+00  AnchorRefW: 0.000e+00  Data: 0.008 (0.007)
2026-07-10T15:05:41Z	50	0.000e+00	0.000e+00	Train: 50 [2100/2502 ( 84%)]  Loss: 51.379368 (51.4002)  BaseLoss: 51.379368 (51.4002)  RefAttnKL: 0.000e+00 (0.000e+00)  RefLogitKL: 0.000e+00 (0.000e+00)  AnchorRefAttnKL: 0.000e+00 (0.000e+00)  TeacherAttnKL: 0.000e+00 (0.000e+00)  TeacherRel: 0.000e+00 (0.000e+00)  TeacherAttnOut: 0.000e+00 (0.000e+00)  TeacherFeatOut: 0.000e+00 (0.000e+00)  ActScaleAnchor: 0.000e+00 (0.000e+00)  VarTrust: 0.000e+00 (0.000e+00)  DirAnchor: 0.000e+00 (0.000e+00)  BinReg: 0.000e+00 (0.000e+00)  SelBinAnchor: 0.000e+00 (0.000e+00)  ActBinMargin: 0.000e+00 (0.000e+00)  Time: 0.242s, 2113.32/s  (0.232s, 2210.49/s)  LR: 5.564e-06  RefW: 0.000e+00  AnchorRefW: 0.000e+00  Data: 0.007 (0.007)
2026-07-10T15:05:41Z	50	0.000e+00	0.000e+00	Train: 50 [2150/2502 ( 86%)]  Loss: 51.387596 (51.3999)  BaseLoss: 51.387596 (51.3999)  RefAttnKL: 0.000e+00 (0.000e+00)  RefLogitKL: 0.000e+00 (0.000e+00)  AnchorRefAttnKL: 0.000e+00 (0.000e+00)  TeacherAttnKL: 0.000e+00 (0.000e+00)  TeacherRel: 0.000e+00 (0.000e+00)  TeacherAttnOut: 0.000e+00 (0.000e+00)  TeacherFeatOut: 0.000e+00 (0.000e+00)  ActScaleAnchor: 0.000e+00 (0.000e+00)  VarTrust: 0.000e+00 (0.000e+00)  DirAnchor: 0.000e+00 (0.000e+00)  BinReg: 0.000e+00 (0.000e+00)  SelBinAnchor: 0.000e+00 (0.000e+00)  ActBinMargin: 0.000e+00 (0.000e+00)  Time: 0.242s, 2116.98/s  (0.232s, 2210.93/s)  LR: 5.562e-06  RefW: 0.000e+00  AnchorRefW: 0.000e+00  Data: 0.007 (0.007)
2026-07-10T15:05:41Z	50	0.000e+00	0.000e+00	Train: 50 [2200/2502 ( 88%)]  Loss: 51.387676 (51.3996)  BaseLoss: 51.387676 (51.3996)  RefAttnKL: 0.000e+00 (0.000e+00)  RefLogitKL: 0.000e+00 (0.000e+00)  AnchorRefAttnKL: 0.000e+00 (0.000e+00)  TeacherAttnKL: 0.000e+00 (0.000e+00)  TeacherRel: 0.000e+00 (0.000e+00)  TeacherAttnOut: 0.000e+00 (0.000e+00)  TeacherFeatOut: 0.000e+00 (0.000e+00)  ActScaleAnchor: 0.000e+00 (0.000e+00)  VarTrust: 0.000e+00 (0.000e+00)  DirAnchor: 0.000e+00 (0.000e+00)  BinReg: 0.000e+00 (0.000e+00)  SelBinAnchor: 0.000e+00 (0.000e+00)  ActBinMargin: 0.000e+00 (0.000e+00)  Time: 0.241s, 2123.35/s  (0.232s, 2211.15/s)  LR: 5.559e-06  RefW: 0.000e+00  AnchorRefW: 0.000e+00  Data: 0.006 (0.007)
2026-07-10T15:05:41Z	50	0.000e+00	0.000e+00	Train: 50 [2250/2502 ( 90%)]  Loss: 51.378880 (51.3992)  BaseLoss: 51.378880 (51.3992)  RefAttnKL: 0.000e+00 (0.000e+00)  RefLogitKL: 0.000e+00 (0.000e+00)  AnchorRefAttnKL: 0.000e+00 (0.000e+00)  TeacherAttnKL: 0.000e+00 (0.000e+00)  TeacherRel: 0.000e+00 (0.000e+00)  TeacherAttnOut: 0.000e+00 (0.000e+00)  TeacherFeatOut: 0.000e+00 (0.000e+00)  ActScaleAnchor: 0.000e+00 (0.000e+00)  VarTrust: 0.000e+00 (0.000e+00)  DirAnchor: 0.000e+00 (0.000e+00)  BinReg: 0.000e+00 (0.000e+00)  SelBinAnchor: 0.000e+00 (0.000e+00)  ActBinMargin: 0.000e+00 (0.000e+00)  Time: 0.241s, 2125.67/s  (0.232s, 2211.38/s)  LR: 5.557e-06  RefW: 0.000e+00  AnchorRefW: 0.000e+00  Data: 0.008 (0.007)
2026-07-10T15:05:41Z	50	0.000e+00	0.000e+00	Train: 50 [2300/2502 ( 92%)]  Loss: 51.433414 (51.3999)  BaseLoss: 51.433414 (51.3999)  RefAttnKL: 0.000e+00 (0.000e+00)  RefLogitKL: 0.000e+00 (0.000e+00)  AnchorRefAttnKL: 0.000e+00 (0.000e+00)  TeacherAttnKL: 0.000e+00 (0.000e+00)  TeacherRel: 0.000e+00 (0.000e+00)  TeacherAttnOut: 0.000e+00 (0.000e+00)  TeacherFeatOut: 0.000e+00 (0.000e+00)  ActScaleAnchor: 0.000e+00 (0.000e+00)  VarTrust: 0.000e+00 (0.000e+00)  DirAnchor: 0.000e+00 (0.000e+00)  BinReg: 0.000e+00 (0.000e+00)  SelBinAnchor: 0.000e+00 (0.000e+00)  ActBinMargin: 0.000e+00 (0.000e+00)  Time: 0.242s, 2113.00/s  (0.232s, 2211.52/s)  LR: 5.555e-06  RefW: 0.000e+00  AnchorRefW: 0.000e+00  Data: 0.007 (0.007)
2026-07-10T15:05:41Z	50	0.000e+00	0.000e+00	Train: 50 [2350/2502 ( 94%)]  Loss: 51.416473 (51.4002)  BaseLoss: 51.416473 (51.4002)  RefAttnKL: 0.000e+00 (0.000e+00)  RefLogitKL: 0.000e+00 (0.000e+00)  AnchorRefAttnKL: 0.000e+00 (0.000e+00)  TeacherAttnKL: 0.000e+00 (0.000e+00)  TeacherRel: 0.000e+00 (0.000e+00)  TeacherAttnOut: 0.000e+00 (0.000e+00)  TeacherFeatOut: 0.000e+00 (0.000e+00)  ActScaleAnchor: 0.000e+00 (0.000e+00)  VarTrust: 0.000e+00 (0.000e+00)  DirAnchor: 0.000e+00 (0.000e+00)  BinReg: 0.000e+00 (0.000e+00)  SelBinAnchor: 0.000e+00 (0.000e+00)  ActBinMargin: 0.000e+00 (0.000e+00)  Time: 0.241s, 2124.07/s  (0.231s, 2211.85/s)  LR: 5.552e-06  RefW: 0.000e+00  AnchorRefW: 0.000e+00  Data: 0.007 (0.007)
2026-07-10T15:05:41Z	50	0.000e+00	0.000e+00	Train: 50 [2400/2502 ( 96%)]  Loss: 51.358566 (51.3994)  BaseLoss: 51.358566 (51.3994)  RefAttnKL: 0.000e+00 (0.000e+00)  RefLogitKL: 0.000e+00 (0.000e+00)  AnchorRefAttnKL: 0.000e+00 (0.000e+00)  TeacherAttnKL: 0.000e+00 (0.000e+00)  TeacherRel: 0.000e+00 (0.000e+00)  TeacherAttnOut: 0.000e+00 (0.000e+00)  TeacherFeatOut: 0.000e+00 (0.000e+00)  ActScaleAnchor: 0.000e+00 (0.000e+00)  VarTrust: 0.000e+00 (0.000e+00)  DirAnchor: 0.000e+00 (0.000e+00)  BinReg: 0.000e+00 (0.000e+00)  SelBinAnchor: 0.000e+00 (0.000e+00)  ActBinMargin: 0.000e+00 (0.000e+00)  Time: 0.241s, 2121.54/s  (0.231s, 2212.04/s)  LR: 5.550e-06  RefW: 0.000e+00  AnchorRefW: 0.000e+00  Data: 0.007 (0.007)
2026-07-10T15:05:41Z	50	0.000e+00	0.000e+00	Train: 50 [2450/2502 ( 98%)]  Loss: 51.400463 (51.3994)  BaseLoss: 51.400463 (51.3994)  RefAttnKL: 0.000e+00 (0.000e+00)  RefLogitKL: 0.000e+00 (0.000e+00)  AnchorRefAttnKL: 0.000e+00 (0.000e+00)  TeacherAttnKL: 0.000e+00 (0.000e+00)  TeacherRel: 0.000e+00 (0.000e+00)  TeacherAttnOut: 0.000e+00 (0.000e+00)  TeacherFeatOut: 0.000e+00 (0.000e+00)  ActScaleAnchor: 0.000e+00 (0.000e+00)  VarTrust: 0.000e+00 (0.000e+00)  DirAnchor: 0.000e+00 (0.000e+00)  BinReg: 0.000e+00 (0.000e+00)  SelBinAnchor: 0.000e+00 (0.000e+00)  ActBinMargin: 0.000e+00 (0.000e+00)  Time: 0.241s, 2122.04/s  (0.231s, 2212.37/s)  LR: 5.547e-06  RefW: 0.000e+00  AnchorRefW: 0.000e+00  Data: 0.008 (0.007)
2026-07-10T15:05:41Z	51	0.000e+00	0.000e+00	Train: 51 [   0/2502 (  0%)]  Loss: 51.416538 (51.4165)  BaseLoss: 51.416538 (51.4165)  RefAttnKL: 0.000e+00 (0.000e+00)  RefLogitKL: 0.000e+00 (0.000e+00)  AnchorRefAttnKL: 0.000e+00 (0.000e+00)  TeacherAttnKL: 0.000e+00 (0.000e+00)  TeacherRel: 0.000e+00 (0.000e+00)  TeacherAttnOut: 0.000e+00 (0.000e+00)  TeacherFeatOut: 0.000e+00 (0.000e+00)  ActScaleAnchor: 0.000e+00 (0.000e+00)  VarTrust: 0.000e+00 (0.000e+00)  DirAnchor: 0.000e+00 (0.000e+00)  BinReg: 0.000e+00 (0.000e+00)  SelBinAnchor: 0.000e+00 (0.000e+00)  ActBinMargin: 0.000e+00 (0.000e+00)  Time: 1.163s,  440.22/s  (1.163s,  440.22/s)  LR: 5.545e-06  RefW: 0.000e+00  AnchorRefW: 0.000e+00  Data: 0.896 (0.896)
2026-07-10T15:05:41Z	51	0.000e+00	0.000e+00	Train: 51 [  50/2502 (  2%)]  Loss: 51.385311 (51.4009)  BaseLoss: 51.385311 (51.4009)  RefAttnKL: 0.000e+00 (0.000e+00)  RefLogitKL: 0.000e+00 (0.000e+00)  AnchorRefAttnKL: 0.000e+00 (0.000e+00)  TeacherAttnKL: 0.000e+00 (0.000e+00)  TeacherRel: 0.000e+00 (0.000e+00)  TeacherAttnOut: 0.000e+00 (0.000e+00)  TeacherFeatOut: 0.000e+00 (0.000e+00)  ActScaleAnchor: 0.000e+00 (0.000e+00)  VarTrust: 0.000e+00 (0.000e+00)  DirAnchor: 0.000e+00 (0.000e+00)  BinReg: 0.000e+00 (0.000e+00)  SelBinAnchor: 0.000e+00 (0.000e+00)  ActBinMargin: 0.000e+00 (0.000e+00)  Time: 0.242s, 2113.50/s  (0.249s, 2059.60/s)  LR: 5.543e-06  RefW: 0.000e+00  AnchorRefW: 0.000e+00  Data: 0.008 (0.024)
2026-07-10T15:05:41Z	51	0.000e+00	0.000e+00	Train: 51 [ 100/2502 (  4%)]  Loss: 51.416695 (51.4062)  BaseLoss: 51.416695 (51.4062)  RefAttnKL: 0.000e+00 (0.000e+00)  RefLogitKL: 0.000e+00 (0.000e+00)  AnchorRefAttnKL: 0.000e+00 (0.000e+00)  TeacherAttnKL: 0.000e+00 (0.000e+00)  TeacherRel: 0.000e+00 (0.000e+00)  TeacherAttnOut: 0.000e+00 (0.000e+00)  TeacherFeatOut: 0.000e+00 (0.000e+00)  ActScaleAnchor: 0.000e+00 (0.000e+00)  VarTrust: 0.000e+00 (0.000e+00)  DirAnchor: 0.000e+00 (0.000e+00)  BinReg: 0.000e+00 (0.000e+00)  SelBinAnchor: 0.000e+00 (0.000e+00)  ActBinMargin: 0.000e+00 (0.000e+00)  Time: 0.240s, 2133.69/s  (0.240s, 2136.13/s)  LR: 5.540e-06  RefW: 0.000e+00  AnchorRefW: 0.000e+00  Data: 0.007 (0.015)
2026-07-10T15:05:41Z	51	0.000e+00	0.000e+00	Train: 51 [ 150/2502 (  6%)]  Loss: 51.397778 (51.4041)  BaseLoss: 51.397778 (51.4041)  RefAttnKL: 0.000e+00 (0.000e+00)  RefLogitKL: 0.000e+00 (0.000e+00)  AnchorRefAttnKL: 0.000e+00 (0.000e+00)  TeacherAttnKL: 0.000e+00 (0.000e+00)  TeacherRel: 0.000e+00 (0.000e+00)  TeacherAttnOut: 0.000e+00 (0.000e+00)  TeacherFeatOut: 0.000e+00 (0.000e+00)  ActScaleAnchor: 0.000e+00 (0.000e+00)  VarTrust: 0.000e+00 (0.000e+00)  DirAnchor: 0.000e+00 (0.000e+00)  BinReg: 0.000e+00 (0.000e+00)  SelBinAnchor: 0.000e+00 (0.000e+00)  ActBinMargin: 0.000e+00 (0.000e+00)  Time: 0.243s, 2110.61/s  (0.237s, 2164.57/s)  LR: 5.538e-06  RefW: 0.000e+00  AnchorRefW: 0.000e+00  Data: 0.007 (0.012)
2026-07-10T15:05:41Z	51	0.000e+00	0.000e+00	Train: 51 [ 200/2502 (  8%)]  Loss: 51.408882 (51.4050)  BaseLoss: 51.408882 (51.4050)  RefAttnKL: 0.000e+00 (0.000e+00)  RefLogitKL: 0.000e+00 (0.000e+00)  AnchorRefAttnKL: 0.000e+00 (0.000e+00)  TeacherAttnKL: 0.000e+00 (0.000e+00)  TeacherRel: 0.000e+00 (0.000e+00)  TeacherAttnOut: 0.000e+00 (0.000e+00)  TeacherFeatOut: 0.000e+00 (0.000e+00)  ActScaleAnchor: 0.000e+00 (0.000e+00)  VarTrust: 0.000e+00 (0.000e+00)  DirAnchor: 0.000e+00 (0.000e+00)  BinReg: 0.000e+00 (0.000e+00)  SelBinAnchor: 0.000e+00 (0.000e+00)  ActBinMargin: 0.000e+00 (0.000e+00)  Time: 0.243s, 2103.72/s  (0.235s, 2177.94/s)  LR: 5.535e-06  RefW: 0.000e+00  AnchorRefW: 0.000e+00  Data: 0.007 (0.011)
2026-07-10T15:05:41Z	51	0.000e+00	0.000e+00	Train: 51 [ 250/2502 ( 10%)]  Loss: 51.438068 (51.4105)  BaseLoss: 51.438068 (51.4105)  RefAttnKL: 0.000e+00 (0.000e+00)  RefLogitKL: 0.000e+00 (0.000e+00)  AnchorRefAttnKL: 0.000e+00 (0.000e+00)  TeacherAttnKL: 0.000e+00 (0.000e+00)  TeacherRel: 0.000e+00 (0.000e+00)  TeacherAttnOut: 0.000e+00 (0.000e+00)  TeacherFeatOut: 0.000e+00 (0.000e+00)  ActScaleAnchor: 0.000e+00 (0.000e+00)  VarTrust: 0.000e+00 (0.000e+00)  DirAnchor: 0.000e+00 (0.000e+00)  BinReg: 0.000e+00 (0.000e+00)  SelBinAnchor: 0.000e+00 (0.000e+00)  ActBinMargin: 0.000e+00 (0.000e+00)  Time: 0.241s, 2121.75/s  (0.235s, 2183.07/s)  LR: 5.533e-06  RefW: 0.000e+00  AnchorRefW: 0.000e+00  Data: 0.008 (0.010)
2026-07-10T15:05:41Z	51	0.000e+00	0.000e+00	Train: 51 [ 300/2502 ( 12%)]  Loss: 51.389317 (51.4075)  BaseLoss: 51.389317 (51.4075)  RefAttnKL: 0.000e+00 (0.000e+00)  RefLogitKL: 0.000e+00 (0.000e+00)  AnchorRefAttnKL: 0.000e+00 (0.000e+00)  TeacherAttnKL: 0.000e+00 (0.000e+00)  TeacherRel: 0.000e+00 (0.000e+00)  TeacherAttnOut: 0.000e+00 (0.000e+00)  TeacherFeatOut: 0.000e+00 (0.000e+00)  ActScaleAnchor: 0.000e+00 (0.000e+00)  VarTrust: 0.000e+00 (0.000e+00)  DirAnchor: 0.000e+00 (0.000e+00)  BinReg: 0.000e+00 (0.000e+00)  SelBinAnchor: 0.000e+00 (0.000e+00)  ActBinMargin: 0.000e+00 (0.000e+00)  Time: 0.244s, 2100.66/s  (0.234s, 2188.38/s)  LR: 5.531e-06  RefW: 0.000e+00  AnchorRefW: 0.000e+00  Data: 0.006 (0.009)
2026-07-10T15:05:41Z	51	0.000e+00	0.000e+00	Train: 51 [ 350/2502 ( 14%)]  Loss: 51.455517 (51.4135)  BaseLoss: 51.455517 (51.4135)  RefAttnKL: 0.000e+00 (0.000e+00)  RefLogitKL: 0.000e+00 (0.000e+00)  AnchorRefAttnKL: 0.000e+00 (0.000e+00)  TeacherAttnKL: 0.000e+00 (0.000e+00)  TeacherRel: 0.000e+00 (0.000e+00)  TeacherAttnOut: 0.000e+00 (0.000e+00)  TeacherFeatOut: 0.000e+00 (0.000e+00)  ActScaleAnchor: 0.000e+00 (0.000e+00)  VarTrust: 0.000e+00 (0.000e+00)  DirAnchor: 0.000e+00 (0.000e+00)  BinReg: 0.000e+00 (0.000e+00)  SelBinAnchor: 0.000e+00 (0.000e+00)  ActBinMargin: 0.000e+00 (0.000e+00)  Time: 0.244s, 2097.77/s  (0.234s, 2191.86/s)  LR: 5.528e-06  RefW: 0.000e+00  AnchorRefW: 0.000e+00  Data: 0.007 (0.009)
2026-07-10T15:05:41Z	51	0.000e+00	0.000e+00	Train: 51 [ 400/2502 ( 16%)]  Loss: 51.422691 (51.4145)  BaseLoss: 51.422691 (51.4145)  RefAttnKL: 0.000e+00 (0.000e+00)  RefLogitKL: 0.000e+00 (0.000e+00)  AnchorRefAttnKL: 0.000e+00 (0.000e+00)  TeacherAttnKL: 0.000e+00 (0.000e+00)  TeacherRel: 0.000e+00 (0.000e+00)  TeacherAttnOut: 0.000e+00 (0.000e+00)  TeacherFeatOut: 0.000e+00 (0.000e+00)  ActScaleAnchor: 0.000e+00 (0.000e+00)  VarTrust: 0.000e+00 (0.000e+00)  DirAnchor: 0.000e+00 (0.000e+00)  BinReg: 0.000e+00 (0.000e+00)  SelBinAnchor: 0.000e+00 (0.000e+00)  ActBinMargin: 0.000e+00 (0.000e+00)  Time: 0.241s, 2125.86/s  (0.233s, 2195.77/s)  LR: 5.526e-06  RefW: 0.000e+00  AnchorRefW: 0.000e+00  Data: 0.005 (0.009)
2026-07-10T15:05:41Z	51	0.000e+00	0.000e+00	Train: 51 [ 450/2502 ( 18%)]  Loss: 51.415306 (51.4146)  BaseLoss: 51.415306 (51.4146)  RefAttnKL: 0.000e+00 (0.000e+00)  RefLogitKL: 0.000e+00 (0.000e+00)  AnchorRefAttnKL: 0.000e+00 (0.000e+00)  TeacherAttnKL: 0.000e+00 (0.000e+00)  TeacherRel: 0.000e+00 (0.000e+00)  TeacherAttnOut: 0.000e+00 (0.000e+00)  TeacherFeatOut: 0.000e+00 (0.000e+00)  ActScaleAnchor: 0.000e+00 (0.000e+00)  VarTrust: 0.000e+00 (0.000e+00)  DirAnchor: 0.000e+00 (0.000e+00)  BinReg: 0.000e+00 (0.000e+00)  SelBinAnchor: 0.000e+00 (0.000e+00)  ActBinMargin: 0.000e+00 (0.000e+00)  Time: 0.241s, 2123.69/s  (0.233s, 2197.66/s)  LR: 5.524e-06  RefW: 0.000e+00  AnchorRefW: 0.000e+00  Data: 0.007 (0.008)
2026-07-10T15:05:41Z	51	0.000e+00	0.000e+00	Train: 51 [ 500/2502 ( 20%)]  Loss: 51.424618 (51.4155)  BaseLoss: 51.424618 (51.4155)  RefAttnKL: 0.000e+00 (0.000e+00)  RefLogitKL: 0.000e+00 (0.000e+00)  AnchorRefAttnKL: 0.000e+00 (0.000e+00)  TeacherAttnKL: 0.000e+00 (0.000e+00)  TeacherRel: 0.000e+00 (0.000e+00)  TeacherAttnOut: 0.000e+00 (0.000e+00)  TeacherFeatOut: 0.000e+00 (0.000e+00)  ActScaleAnchor: 0.000e+00 (0.000e+00)  VarTrust: 0.000e+00 (0.000e+00)  DirAnchor: 0.000e+00 (0.000e+00)  BinReg: 0.000e+00 (0.000e+00)  SelBinAnchor: 0.000e+00 (0.000e+00)  ActBinMargin: 0.000e+00 (0.000e+00)  Time: 0.242s, 2115.78/s  (0.233s, 2200.61/s)  LR: 5.521e-06  RefW: 0.000e+00  AnchorRefW: 0.000e+00  Data: 0.006 (0.008)
2026-07-10T15:05:41Z	51	0.000e+00	0.000e+00	Train: 51 [ 550/2502 ( 22%)]  Loss: 51.432903 (51.4170)  BaseLoss: 51.432903 (51.4170)  RefAttnKL: 0.000e+00 (0.000e+00)  RefLogitKL: 0.000e+00 (0.000e+00)  AnchorRefAttnKL: 0.000e+00 (0.000e+00)  TeacherAttnKL: 0.000e+00 (0.000e+00)  TeacherRel: 0.000e+00 (0.000e+00)  TeacherAttnOut: 0.000e+00 (0.000e+00)  TeacherFeatOut: 0.000e+00 (0.000e+00)  ActScaleAnchor: 0.000e+00 (0.000e+00)  VarTrust: 0.000e+00 (0.000e+00)  DirAnchor: 0.000e+00 (0.000e+00)  BinReg: 0.000e+00 (0.000e+00)  SelBinAnchor: 0.000e+00 (0.000e+00)  ActBinMargin: 0.000e+00 (0.000e+00)  Time: 0.240s, 2130.67/s  (0.233s, 2202.13/s)  LR: 5.519e-06  RefW: 0.000e+00  AnchorRefW: 0.000e+00  Data: 0.007 (0.008)
2026-07-10T15:05:41Z	51	0.000e+00	0.000e+00	Train: 51 [ 600/2502 ( 24%)]  Loss: 51.347122 (51.4116)  BaseLoss: 51.347122 (51.4116)  RefAttnKL: 0.000e+00 (0.000e+00)  RefLogitKL: 0.000e+00 (0.000e+00)  AnchorRefAttnKL: 0.000e+00 (0.000e+00)  TeacherAttnKL: 0.000e+00 (0.000e+00)  TeacherRel: 0.000e+00 (0.000e+00)  TeacherAttnOut: 0.000e+00 (0.000e+00)  TeacherFeatOut: 0.000e+00 (0.000e+00)  ActScaleAnchor: 0.000e+00 (0.000e+00)  VarTrust: 0.000e+00 (0.000e+00)  DirAnchor: 0.000e+00 (0.000e+00)  BinReg: 0.000e+00 (0.000e+00)  SelBinAnchor: 0.000e+00 (0.000e+00)  ActBinMargin: 0.000e+00 (0.000e+00)  Time: 0.240s, 2129.94/s  (0.232s, 2203.95/s)  LR: 5.517e-06  RefW: 0.000e+00  AnchorRefW: 0.000e+00  Data: 0.006 (0.008)
2026-07-10T15:05:41Z	51	0.000e+00	0.000e+00	Train: 51 [ 650/2502 ( 26%)]  Loss: 51.407795 (51.4113)  BaseLoss: 51.407795 (51.4113)  RefAttnKL: 0.000e+00 (0.000e+00)  RefLogitKL: 0.000e+00 (0.000e+00)  AnchorRefAttnKL: 0.000e+00 (0.000e+00)  TeacherAttnKL: 0.000e+00 (0.000e+00)  TeacherRel: 0.000e+00 (0.000e+00)  TeacherAttnOut: 0.000e+00 (0.000e+00)  TeacherFeatOut: 0.000e+00 (0.000e+00)  ActScaleAnchor: 0.000e+00 (0.000e+00)  VarTrust: 0.000e+00 (0.000e+00)  DirAnchor: 0.000e+00 (0.000e+00)  BinReg: 0.000e+00 (0.000e+00)  SelBinAnchor: 0.000e+00 (0.000e+00)  ActBinMargin: 0.000e+00 (0.000e+00)  Time: 0.247s, 2069.58/s  (0.232s, 2204.88/s)  LR: 5.514e-06  RefW: 0.000e+00  AnchorRefW: 0.000e+00  Data: 0.007 (0.008)
2026-07-10T15:05:41Z	51	0.000e+00	0.000e+00	Train: 51 [ 700/2502 ( 28%)]  Loss: 51.355370 (51.4076)  BaseLoss: 51.355370 (51.4076)  RefAttnKL: 0.000e+00 (0.000e+00)  RefLogitKL: 0.000e+00 (0.000e+00)  AnchorRefAttnKL: 0.000e+00 (0.000e+00)  TeacherAttnKL: 0.000e+00 (0.000e+00)  TeacherRel: 0.000e+00 (0.000e+00)  TeacherAttnOut: 0.000e+00 (0.000e+00)  TeacherFeatOut: 0.000e+00 (0.000e+00)  ActScaleAnchor: 0.000e+00 (0.000e+00)  VarTrust: 0.000e+00 (0.000e+00)  DirAnchor: 0.000e+00 (0.000e+00)  BinReg: 0.000e+00 (0.000e+00)  SelBinAnchor: 0.000e+00 (0.000e+00)  ActBinMargin: 0.000e+00 (0.000e+00)  Time: 0.244s, 2094.38/s  (0.232s, 2205.84/s)  LR: 5.512e-06  RefW: 0.000e+00  AnchorRefW: 0.000e+00  Data: 0.005 (0.008)
2026-07-10T15:05:41Z	51	0.000e+00	0.000e+00	Train: 51 [ 750/2502 ( 30%)]  Loss: 51.330696 (51.4028)  BaseLoss: 51.330696 (51.4028)  RefAttnKL: 0.000e+00 (0.000e+00)  RefLogitKL: 0.000e+00 (0.000e+00)  AnchorRefAttnKL: 0.000e+00 (0.000e+00)  TeacherAttnKL: 0.000e+00 (0.000e+00)  TeacherRel: 0.000e+00 (0.000e+00)  TeacherAttnOut: 0.000e+00 (0.000e+00)  TeacherFeatOut: 0.000e+00 (0.000e+00)  ActScaleAnchor: 0.000e+00 (0.000e+00)  VarTrust: 0.000e+00 (0.000e+00)  DirAnchor: 0.000e+00 (0.000e+00)  BinReg: 0.000e+00 (0.000e+00)  SelBinAnchor: 0.000e+00 (0.000e+00)  ActBinMargin: 0.000e+00 (0.000e+00)  Time: 0.242s, 2113.23/s  (0.232s, 2205.80/s)  LR: 5.510e-06  RefW: 0.000e+00  AnchorRefW: 0.000e+00  Data: 0.007 (0.008)
2026-07-10T15:05:41Z	51	0.000e+00	0.000e+00	Train: 51 [ 800/2502 ( 32%)]  Loss: 51.405396 (51.4029)  BaseLoss: 51.405396 (51.4029)  RefAttnKL: 0.000e+00 (0.000e+00)  RefLogitKL: 0.000e+00 (0.000e+00)  AnchorRefAttnKL: 0.000e+00 (0.000e+00)  TeacherAttnKL: 0.000e+00 (0.000e+00)  TeacherRel: 0.000e+00 (0.000e+00)  TeacherAttnOut: 0.000e+00 (0.000e+00)  TeacherFeatOut: 0.000e+00 (0.000e+00)  ActScaleAnchor: 0.000e+00 (0.000e+00)  VarTrust: 0.000e+00 (0.000e+00)  DirAnchor: 0.000e+00 (0.000e+00)  BinReg: 0.000e+00 (0.000e+00)  SelBinAnchor: 0.000e+00 (0.000e+00)  ActBinMargin: 0.000e+00 (0.000e+00)  Time: 0.242s, 2112.63/s  (0.232s, 2206.15/s)  LR: 5.508e-06  RefW: 0.000e+00  AnchorRefW: 0.000e+00  Data: 0.006 (0.008)
2026-07-10T15:05:41Z	51	0.000e+00	0.000e+00	Train: 51 [ 850/2502 ( 34%)]  Loss: 51.363529 (51.4008)  BaseLoss: 51.363529 (51.4008)  RefAttnKL: 0.000e+00 (0.000e+00)  RefLogitKL: 0.000e+00 (0.000e+00)  AnchorRefAttnKL: 0.000e+00 (0.000e+00)  TeacherAttnKL: 0.000e+00 (0.000e+00)  TeacherRel: 0.000e+00 (0.000e+00)  TeacherAttnOut: 0.000e+00 (0.000e+00)  TeacherFeatOut: 0.000e+00 (0.000e+00)  ActScaleAnchor: 0.000e+00 (0.000e+00)  VarTrust: 0.000e+00 (0.000e+00)  DirAnchor: 0.000e+00 (0.000e+00)  BinReg: 0.000e+00 (0.000e+00)  SelBinAnchor: 0.000e+00 (0.000e+00)  ActBinMargin: 0.000e+00 (0.000e+00)  Time: 0.239s, 2138.69/s  (0.232s, 2206.61/s)  LR: 5.505e-06  RefW: 0.000e+00  AnchorRefW: 0.000e+00  Data: 0.006 (0.007)
2026-07-10T15:05:41Z	51	0.000e+00	0.000e+00	Train: 51 [ 900/2502 ( 36%)]  Loss: 51.367107 (51.3990)  BaseLoss: 51.367107 (51.3990)  RefAttnKL: 0.000e+00 (0.000e+00)  RefLogitKL: 0.000e+00 (0.000e+00)  AnchorRefAttnKL: 0.000e+00 (0.000e+00)  TeacherAttnKL: 0.000e+00 (0.000e+00)  TeacherRel: 0.000e+00 (0.000e+00)  TeacherAttnOut: 0.000e+00 (0.000e+00)  TeacherFeatOut: 0.000e+00 (0.000e+00)  ActScaleAnchor: 0.000e+00 (0.000e+00)  VarTrust: 0.000e+00 (0.000e+00)  DirAnchor: 0.000e+00 (0.000e+00)  BinReg: 0.000e+00 (0.000e+00)  SelBinAnchor: 0.000e+00 (0.000e+00)  ActBinMargin: 0.000e+00 (0.000e+00)  Time: 0.243s, 2109.98/s  (0.232s, 2205.30/s)  LR: 5.503e-06  RefW: 0.000e+00  AnchorRefW: 0.000e+00  Data: 0.006 (0.007)
2026-07-10T15:05:41Z	51	0.000e+00	0.000e+00	Train: 51 [ 950/2502 ( 38%)]  Loss: 51.397175 (51.3989)  BaseLoss: 51.397175 (51.3989)  RefAttnKL: 0.000e+00 (0.000e+00)  RefLogitKL: 0.000e+00 (0.000e+00)  AnchorRefAttnKL: 0.000e+00 (0.000e+00)  TeacherAttnKL: 0.000e+00 (0.000e+00)  TeacherRel: 0.000e+00 (0.000e+00)  TeacherAttnOut: 0.000e+00 (0.000e+00)  TeacherFeatOut: 0.000e+00 (0.000e+00)  ActScaleAnchor: 0.000e+00 (0.000e+00)  VarTrust: 0.000e+00 (0.000e+00)  DirAnchor: 0.000e+00 (0.000e+00)  BinReg: 0.000e+00 (0.000e+00)  SelBinAnchor: 0.000e+00 (0.000e+00)  ActBinMargin: 0.000e+00 (0.000e+00)  Time: 0.243s, 2108.80/s  (0.232s, 2206.09/s)  LR: 5.501e-06  RefW: 0.000e+00  AnchorRefW: 0.000e+00  Data: 0.008 (0.007)
2026-07-10T15:05:41Z	51	0.000e+00	0.000e+00	Train: 51 [1000/2502 ( 40%)]  Loss: 51.404007 (51.3991)  BaseLoss: 51.404007 (51.3991)  RefAttnKL: 0.000e+00 (0.000e+00)  RefLogitKL: 0.000e+00 (0.000e+00)  AnchorRefAttnKL: 0.000e+00 (0.000e+00)  TeacherAttnKL: 0.000e+00 (0.000e+00)  TeacherRel: 0.000e+00 (0.000e+00)  TeacherAttnOut: 0.000e+00 (0.000e+00)  TeacherFeatOut: 0.000e+00 (0.000e+00)  ActScaleAnchor: 0.000e+00 (0.000e+00)  VarTrust: 0.000e+00 (0.000e+00)  DirAnchor: 0.000e+00 (0.000e+00)  BinReg: 0.000e+00 (0.000e+00)  SelBinAnchor: 0.000e+00 (0.000e+00)  ActBinMargin: 0.000e+00 (0.000e+00)  Time: 0.244s, 2095.15/s  (0.232s, 2206.31/s)  LR: 5.498e-06  RefW: 0.000e+00  AnchorRefW: 0.000e+00  Data: 0.006 (0.007)
2026-07-10T15:05:41Z	51	0.000e+00	0.000e+00	Train: 51 [1050/2502 ( 42%)]  Loss: 51.383698 (51.3984)  BaseLoss: 51.383698 (51.3984)  RefAttnKL: 0.000e+00 (0.000e+00)  RefLogitKL: 0.000e+00 (0.000e+00)  AnchorRefAttnKL: 0.000e+00 (0.000e+00)  TeacherAttnKL: 0.000e+00 (0.000e+00)  TeacherRel: 0.000e+00 (0.000e+00)  TeacherAttnOut: 0.000e+00 (0.000e+00)  TeacherFeatOut: 0.000e+00 (0.000e+00)  ActScaleAnchor: 0.000e+00 (0.000e+00)  VarTrust: 0.000e+00 (0.000e+00)  DirAnchor: 0.000e+00 (0.000e+00)  BinReg: 0.000e+00 (0.000e+00)  SelBinAnchor: 0.000e+00 (0.000e+00)  ActBinMargin: 0.000e+00 (0.000e+00)  Time: 0.243s, 2111.02/s  (0.232s, 2207.18/s)  LR: 5.496e-06  RefW: 0.000e+00  AnchorRefW: 0.000e+00  Data: 0.007 (0.007)
2026-07-10T15:05:41Z	51	0.000e+00	0.000e+00	Train: 51 [1100/2502 ( 44%)]  Loss: 51.341480 (51.3960)  BaseLoss: 51.341480 (51.3960)  RefAttnKL: 0.000e+00 (0.000e+00)  RefLogitKL: 0.000e+00 (0.000e+00)  AnchorRefAttnKL: 0.000e+00 (0.000e+00)  TeacherAttnKL: 0.000e+00 (0.000e+00)  TeacherRel: 0.000e+00 (0.000e+00)  TeacherAttnOut: 0.000e+00 (0.000e+00)  TeacherFeatOut: 0.000e+00 (0.000e+00)  ActScaleAnchor: 0.000e+00 (0.000e+00)  VarTrust: 0.000e+00 (0.000e+00)  DirAnchor: 0.000e+00 (0.000e+00)  BinReg: 0.000e+00 (0.000e+00)  SelBinAnchor: 0.000e+00 (0.000e+00)  ActBinMargin: 0.000e+00 (0.000e+00)  Time: 0.242s, 2114.78/s  (0.232s, 2207.54/s)  LR: 5.494e-06  RefW: 0.000e+00  AnchorRefW: 0.000e+00  Data: 0.006 (0.007)
2026-07-10T15:05:41Z	51	0.000e+00	0.000e+00	Train: 51 [1150/2502 ( 46%)]  Loss: 51.409466 (51.3965)  BaseLoss: 51.409466 (51.3965)  RefAttnKL: 0.000e+00 (0.000e+00)  RefLogitKL: 0.000e+00 (0.000e+00)  AnchorRefAttnKL: 0.000e+00 (0.000e+00)  TeacherAttnKL: 0.000e+00 (0.000e+00)  TeacherRel: 0.000e+00 (0.000e+00)  TeacherAttnOut: 0.000e+00 (0.000e+00)  TeacherFeatOut: 0.000e+00 (0.000e+00)  ActScaleAnchor: 0.000e+00 (0.000e+00)  VarTrust: 0.000e+00 (0.000e+00)  DirAnchor: 0.000e+00 (0.000e+00)  BinReg: 0.000e+00 (0.000e+00)  SelBinAnchor: 0.000e+00 (0.000e+00)  ActBinMargin: 0.000e+00 (0.000e+00)  Time: 0.245s, 2086.27/s  (0.232s, 2208.13/s)  LR: 5.492e-06  RefW: 0.000e+00  AnchorRefW: 0.000e+00  Data: 0.007 (0.007)
2026-07-10T15:05:41Z	51	0.000e+00	0.000e+00	Train: 51 [1200/2502 ( 48%)]  Loss: 51.356781 (51.3949)  BaseLoss: 51.356781 (51.3949)  RefAttnKL: 0.000e+00 (0.000e+00)  RefLogitKL: 0.000e+00 (0.000e+00)  AnchorRefAttnKL: 0.000e+00 (0.000e+00)  TeacherAttnKL: 0.000e+00 (0.000e+00)  TeacherRel: 0.000e+00 (0.000e+00)  TeacherAttnOut: 0.000e+00 (0.000e+00)  TeacherFeatOut: 0.000e+00 (0.000e+00)  ActScaleAnchor: 0.000e+00 (0.000e+00)  VarTrust: 0.000e+00 (0.000e+00)  DirAnchor: 0.000e+00 (0.000e+00)  BinReg: 0.000e+00 (0.000e+00)  SelBinAnchor: 0.000e+00 (0.000e+00)  ActBinMargin: 0.000e+00 (0.000e+00)  Time: 0.242s, 2113.70/s  (0.232s, 2208.41/s)  LR: 5.489e-06  RefW: 0.000e+00  AnchorRefW: 0.000e+00  Data: 0.006 (0.007)
2026-07-10T15:05:41Z	51	0.000e+00	0.000e+00	Train: 51 [1250/2502 ( 50%)]  Loss: 51.411564 (51.3956)  BaseLoss: 51.411564 (51.3956)  RefAttnKL: 0.000e+00 (0.000e+00)  RefLogitKL: 0.000e+00 (0.000e+00)  AnchorRefAttnKL: 0.000e+00 (0.000e+00)  TeacherAttnKL: 0.000e+00 (0.000e+00)  TeacherRel: 0.000e+00 (0.000e+00)  TeacherAttnOut: 0.000e+00 (0.000e+00)  TeacherFeatOut: 0.000e+00 (0.000e+00)  ActScaleAnchor: 0.000e+00 (0.000e+00)  VarTrust: 0.000e+00 (0.000e+00)  DirAnchor: 0.000e+00 (0.000e+00)  BinReg: 0.000e+00 (0.000e+00)  SelBinAnchor: 0.000e+00 (0.000e+00)  ActBinMargin: 0.000e+00 (0.000e+00)  Time: 0.241s, 2121.23/s  (0.232s, 2209.01/s)  LR: 5.487e-06  RefW: 0.000e+00  AnchorRefW: 0.000e+00  Data: 0.007 (0.007)
2026-07-10T15:05:41Z	51	0.000e+00	0.000e+00	Train: 51 [1300/2502 ( 52%)]  Loss: 51.397327 (51.3956)  BaseLoss: 51.397327 (51.3956)  RefAttnKL: 0.000e+00 (0.000e+00)  RefLogitKL: 0.000e+00 (0.000e+00)  AnchorRefAttnKL: 0.000e+00 (0.000e+00)  TeacherAttnKL: 0.000e+00 (0.000e+00)  TeacherRel: 0.000e+00 (0.000e+00)  TeacherAttnOut: 0.000e+00 (0.000e+00)  TeacherFeatOut: 0.000e+00 (0.000e+00)  ActScaleAnchor: 0.000e+00 (0.000e+00)  VarTrust: 0.000e+00 (0.000e+00)  DirAnchor: 0.000e+00 (0.000e+00)  BinReg: 0.000e+00 (0.000e+00)  SelBinAnchor: 0.000e+00 (0.000e+00)  ActBinMargin: 0.000e+00 (0.000e+00)  Time: 0.241s, 2123.48/s  (0.232s, 2209.59/s)  LR: 5.485e-06  RefW: 0.000e+00  AnchorRefW: 0.000e+00  Data: 0.006 (0.007)
2026-07-10T15:05:41Z	51	0.000e+00	0.000e+00	Train: 51 [1350/2502 ( 54%)]  Loss: 51.393791 (51.3956)  BaseLoss: 51.393791 (51.3956)  RefAttnKL: 0.000e+00 (0.000e+00)  RefLogitKL: 0.000e+00 (0.000e+00)  AnchorRefAttnKL: 0.000e+00 (0.000e+00)  TeacherAttnKL: 0.000e+00 (0.000e+00)  TeacherRel: 0.000e+00 (0.000e+00)  TeacherAttnOut: 0.000e+00 (0.000e+00)  TeacherFeatOut: 0.000e+00 (0.000e+00)  ActScaleAnchor: 0.000e+00 (0.000e+00)  VarTrust: 0.000e+00 (0.000e+00)  DirAnchor: 0.000e+00 (0.000e+00)  BinReg: 0.000e+00 (0.000e+00)  SelBinAnchor: 0.000e+00 (0.000e+00)  ActBinMargin: 0.000e+00 (0.000e+00)  Time: 0.251s, 2040.74/s  (0.232s, 2210.04/s)  LR: 5.483e-06  RefW: 0.000e+00  AnchorRefW: 0.000e+00  Data: 0.007 (0.007)
2026-07-10T15:05:41Z	51	0.000e+00	0.000e+00	Train: 51 [1400/2502 ( 56%)]  Loss: 51.410797 (51.3961)  BaseLoss: 51.410797 (51.3961)  RefAttnKL: 0.000e+00 (0.000e+00)  RefLogitKL: 0.000e+00 (0.000e+00)  AnchorRefAttnKL: 0.000e+00 (0.000e+00)  TeacherAttnKL: 0.000e+00 (0.000e+00)  TeacherRel: 0.000e+00 (0.000e+00)  TeacherAttnOut: 0.000e+00 (0.000e+00)  TeacherFeatOut: 0.000e+00 (0.000e+00)  ActScaleAnchor: 0.000e+00 (0.000e+00)  VarTrust: 0.000e+00 (0.000e+00)  DirAnchor: 0.000e+00 (0.000e+00)  BinReg: 0.000e+00 (0.000e+00)  SelBinAnchor: 0.000e+00 (0.000e+00)  ActBinMargin: 0.000e+00 (0.000e+00)  Time: 0.241s, 2127.46/s  (0.232s, 2210.47/s)  LR: 5.480e-06  RefW: 0.000e+00  AnchorRefW: 0.000e+00  Data: 0.006 (0.007)
2026-07-10T15:05:41Z	51	0.000e+00	0.000e+00	Train: 51 [1450/2502 ( 58%)]  Loss: 51.434414 (51.3974)  BaseLoss: 51.434414 (51.3974)  RefAttnKL: 0.000e+00 (0.000e+00)  RefLogitKL: 0.000e+00 (0.000e+00)  AnchorRefAttnKL: 0.000e+00 (0.000e+00)  TeacherAttnKL: 0.000e+00 (0.000e+00)  TeacherRel: 0.000e+00 (0.000e+00)  TeacherAttnOut: 0.000e+00 (0.000e+00)  TeacherFeatOut: 0.000e+00 (0.000e+00)  ActScaleAnchor: 0.000e+00 (0.000e+00)  VarTrust: 0.000e+00 (0.000e+00)  DirAnchor: 0.000e+00 (0.000e+00)  BinReg: 0.000e+00 (0.000e+00)  SelBinAnchor: 0.000e+00 (0.000e+00)  ActBinMargin: 0.000e+00 (0.000e+00)  Time: 0.240s, 2135.81/s  (0.232s, 2210.89/s)  LR: 5.478e-06  RefW: 0.000e+00  AnchorRefW: 0.000e+00  Data: 0.007 (0.007)
2026-07-10T15:05:41Z	51	0.000e+00	0.000e+00	Train: 51 [1500/2502 ( 60%)]  Loss: 51.422989 (51.3982)  BaseLoss: 51.422989 (51.3982)  RefAttnKL: 0.000e+00 (0.000e+00)  RefLogitKL: 0.000e+00 (0.000e+00)  AnchorRefAttnKL: 0.000e+00 (0.000e+00)  TeacherAttnKL: 0.000e+00 (0.000e+00)  TeacherRel: 0.000e+00 (0.000e+00)  TeacherAttnOut: 0.000e+00 (0.000e+00)  TeacherFeatOut: 0.000e+00 (0.000e+00)  ActScaleAnchor: 0.000e+00 (0.000e+00)  VarTrust: 0.000e+00 (0.000e+00)  DirAnchor: 0.000e+00 (0.000e+00)  BinReg: 0.000e+00 (0.000e+00)  SelBinAnchor: 0.000e+00 (0.000e+00)  ActBinMargin: 0.000e+00 (0.000e+00)  Time: 0.242s, 2113.44/s  (0.232s, 2211.31/s)  LR: 5.476e-06  RefW: 0.000e+00  AnchorRefW: 0.000e+00  Data: 0.005 (0.007)
2026-07-10T15:05:41Z	51	0.000e+00	0.000e+00	Train: 51 [1550/2502 ( 62%)]  Loss: 51.408417 (51.3985)  BaseLoss: 51.408417 (51.3985)  RefAttnKL: 0.000e+00 (0.000e+00)  RefLogitKL: 0.000e+00 (0.000e+00)  AnchorRefAttnKL: 0.000e+00 (0.000e+00)  TeacherAttnKL: 0.000e+00 (0.000e+00)  TeacherRel: 0.000e+00 (0.000e+00)  TeacherAttnOut: 0.000e+00 (0.000e+00)  TeacherFeatOut: 0.000e+00 (0.000e+00)  ActScaleAnchor: 0.000e+00 (0.000e+00)  VarTrust: 0.000e+00 (0.000e+00)  DirAnchor: 0.000e+00 (0.000e+00)  BinReg: 0.000e+00 (0.000e+00)  SelBinAnchor: 0.000e+00 (0.000e+00)  ActBinMargin: 0.000e+00 (0.000e+00)  Time: 0.241s, 2126.05/s  (0.232s, 2211.31/s)  LR: 5.474e-06  RefW: 0.000e+00  AnchorRefW: 0.000e+00  Data: 0.006 (0.007)
2026-07-10T15:05:41Z	51	0.000e+00	0.000e+00	Train: 51 [1600/2502 ( 64%)]  Loss: 51.387810 (51.3982)  BaseLoss: 51.387810 (51.3982)  RefAttnKL: 0.000e+00 (0.000e+00)  RefLogitKL: 0.000e+00 (0.000e+00)  AnchorRefAttnKL: 0.000e+00 (0.000e+00)  TeacherAttnKL: 0.000e+00 (0.000e+00)  TeacherRel: 0.000e+00 (0.000e+00)  TeacherAttnOut: 0.000e+00 (0.000e+00)  TeacherFeatOut: 0.000e+00 (0.000e+00)  ActScaleAnchor: 0.000e+00 (0.000e+00)  VarTrust: 0.000e+00 (0.000e+00)  DirAnchor: 0.000e+00 (0.000e+00)  BinReg: 0.000e+00 (0.000e+00)  SelBinAnchor: 0.000e+00 (0.000e+00)  ActBinMargin: 0.000e+00 (0.000e+00)  Time: 0.243s, 2105.10/s  (0.231s, 2211.72/s)  LR: 5.471e-06  RefW: 0.000e+00  AnchorRefW: 0.000e+00  Data: 0.006 (0.007)
2026-07-10T15:05:41Z	51	0.000e+00	0.000e+00	Train: 51 [1650/2502 ( 66%)]  Loss: 51.430210 (51.3991)  BaseLoss: 51.430210 (51.3991)  RefAttnKL: 0.000e+00 (0.000e+00)  RefLogitKL: 0.000e+00 (0.000e+00)  AnchorRefAttnKL: 0.000e+00 (0.000e+00)  TeacherAttnKL: 0.000e+00 (0.000e+00)  TeacherRel: 0.000e+00 (0.000e+00)  TeacherAttnOut: 0.000e+00 (0.000e+00)  TeacherFeatOut: 0.000e+00 (0.000e+00)  ActScaleAnchor: 0.000e+00 (0.000e+00)  VarTrust: 0.000e+00 (0.000e+00)  DirAnchor: 0.000e+00 (0.000e+00)  BinReg: 0.000e+00 (0.000e+00)  SelBinAnchor: 0.000e+00 (0.000e+00)  ActBinMargin: 0.000e+00 (0.000e+00)  Time: 0.241s, 2125.46/s  (0.232s, 2211.55/s)  LR: 5.469e-06  RefW: 0.000e+00  AnchorRefW: 0.000e+00  Data: 0.008 (0.007)
2026-07-10T15:05:41Z	51	0.000e+00	0.000e+00	Train: 51 [1700/2502 ( 68%)]  Loss: 51.421963 (51.3998)  BaseLoss: 51.421963 (51.3998)  RefAttnKL: 0.000e+00 (0.000e+00)  RefLogitKL: 0.000e+00 (0.000e+00)  AnchorRefAttnKL: 0.000e+00 (0.000e+00)  TeacherAttnKL: 0.000e+00 (0.000e+00)  TeacherRel: 0.000e+00 (0.000e+00)  TeacherAttnOut: 0.000e+00 (0.000e+00)  TeacherFeatOut: 0.000e+00 (0.000e+00)  ActScaleAnchor: 0.000e+00 (0.000e+00)  VarTrust: 0.000e+00 (0.000e+00)  DirAnchor: 0.000e+00 (0.000e+00)  BinReg: 0.000e+00 (0.000e+00)  SelBinAnchor: 0.000e+00 (0.000e+00)  ActBinMargin: 0.000e+00 (0.000e+00)  Time: 0.241s, 2121.63/s  (0.231s, 2212.10/s)  LR: 5.467e-06  RefW: 0.000e+00  AnchorRefW: 0.000e+00  Data: 0.005 (0.007)
2026-07-10T15:05:41Z	51	0.000e+00	0.000e+00	Train: 51 [1750/2502 ( 70%)]  Loss: 51.391621 (51.3996)  BaseLoss: 51.391621 (51.3996)  RefAttnKL: 0.000e+00 (0.000e+00)  RefLogitKL: 0.000e+00 (0.000e+00)  AnchorRefAttnKL: 0.000e+00 (0.000e+00)  TeacherAttnKL: 0.000e+00 (0.000e+00)  TeacherRel: 0.000e+00 (0.000e+00)  TeacherAttnOut: 0.000e+00 (0.000e+00)  TeacherFeatOut: 0.000e+00 (0.000e+00)  ActScaleAnchor: 0.000e+00 (0.000e+00)  VarTrust: 0.000e+00 (0.000e+00)  DirAnchor: 0.000e+00 (0.000e+00)  BinReg: 0.000e+00 (0.000e+00)  SelBinAnchor: 0.000e+00 (0.000e+00)  ActBinMargin: 0.000e+00 (0.000e+00)  Time: 0.241s, 2122.89/s  (0.231s, 2212.21/s)  LR: 5.465e-06  RefW: 0.000e+00  AnchorRefW: 0.000e+00  Data: 0.006 (0.007)
2026-07-10T15:05:41Z	51	0.000e+00	0.000e+00	Train: 51 [1800/2502 ( 72%)]  Loss: 51.391106 (51.3993)  BaseLoss: 51.391106 (51.3993)  RefAttnKL: 0.000e+00 (0.000e+00)  RefLogitKL: 0.000e+00 (0.000e+00)  AnchorRefAttnKL: 0.000e+00 (0.000e+00)  TeacherAttnKL: 0.000e+00 (0.000e+00)  TeacherRel: 0.000e+00 (0.000e+00)  TeacherAttnOut: 0.000e+00 (0.000e+00)  TeacherFeatOut: 0.000e+00 (0.000e+00)  ActScaleAnchor: 0.000e+00 (0.000e+00)  VarTrust: 0.000e+00 (0.000e+00)  DirAnchor: 0.000e+00 (0.000e+00)  BinReg: 0.000e+00 (0.000e+00)  SelBinAnchor: 0.000e+00 (0.000e+00)  ActBinMargin: 0.000e+00 (0.000e+00)  Time: 0.242s, 2114.67/s  (0.231s, 2212.49/s)  LR: 5.463e-06  RefW: 0.000e+00  AnchorRefW: 0.000e+00  Data: 0.005 (0.007)
2026-07-10T15:05:41Z	51	0.000e+00	0.000e+00	Train: 51 [1850/2502 ( 74%)]  Loss: 51.387142 (51.3990)  BaseLoss: 51.387142 (51.3990)  RefAttnKL: 0.000e+00 (0.000e+00)  RefLogitKL: 0.000e+00 (0.000e+00)  AnchorRefAttnKL: 0.000e+00 (0.000e+00)  TeacherAttnKL: 0.000e+00 (0.000e+00)  TeacherRel: 0.000e+00 (0.000e+00)  TeacherAttnOut: 0.000e+00 (0.000e+00)  TeacherFeatOut: 0.000e+00 (0.000e+00)  ActScaleAnchor: 0.000e+00 (0.000e+00)  VarTrust: 0.000e+00 (0.000e+00)  DirAnchor: 0.000e+00 (0.000e+00)  BinReg: 0.000e+00 (0.000e+00)  SelBinAnchor: 0.000e+00 (0.000e+00)  ActBinMargin: 0.000e+00 (0.000e+00)  Time: 0.240s, 2129.79/s  (0.231s, 2212.68/s)  LR: 5.460e-06  RefW: 0.000e+00  AnchorRefW: 0.000e+00  Data: 0.007 (0.007)
2026-07-10T15:05:41Z	51	0.000e+00	0.000e+00	Train: 51 [1900/2502 ( 76%)]  Loss: 51.422489 (51.3996)  BaseLoss: 51.422489 (51.3996)  RefAttnKL: 0.000e+00 (0.000e+00)  RefLogitKL: 0.000e+00 (0.000e+00)  AnchorRefAttnKL: 0.000e+00 (0.000e+00)  TeacherAttnKL: 0.000e+00 (0.000e+00)  TeacherRel: 0.000e+00 (0.000e+00)  TeacherAttnOut: 0.000e+00 (0.000e+00)  TeacherFeatOut: 0.000e+00 (0.000e+00)  ActScaleAnchor: 0.000e+00 (0.000e+00)  VarTrust: 0.000e+00 (0.000e+00)  DirAnchor: 0.000e+00 (0.000e+00)  BinReg: 0.000e+00 (0.000e+00)  SelBinAnchor: 0.000e+00 (0.000e+00)  ActBinMargin: 0.000e+00 (0.000e+00)  Time: 0.245s, 2092.11/s  (0.231s, 2212.75/s)  LR: 5.458e-06  RefW: 0.000e+00  AnchorRefW: 0.000e+00  Data: 0.005 (0.007)
2026-07-10T15:05:41Z	51	0.000e+00	0.000e+00	Train: 51 [1950/2502 ( 78%)]  Loss: 51.452690 (51.4009)  BaseLoss: 51.452690 (51.4009)  RefAttnKL: 0.000e+00 (0.000e+00)  RefLogitKL: 0.000e+00 (0.000e+00)  AnchorRefAttnKL: 0.000e+00 (0.000e+00)  TeacherAttnKL: 0.000e+00 (0.000e+00)  TeacherRel: 0.000e+00 (0.000e+00)  TeacherAttnOut: 0.000e+00 (0.000e+00)  TeacherFeatOut: 0.000e+00 (0.000e+00)  ActScaleAnchor: 0.000e+00 (0.000e+00)  VarTrust: 0.000e+00 (0.000e+00)  DirAnchor: 0.000e+00 (0.000e+00)  BinReg: 0.000e+00 (0.000e+00)  SelBinAnchor: 0.000e+00 (0.000e+00)  ActBinMargin: 0.000e+00 (0.000e+00)  Time: 0.243s, 2103.36/s  (0.231s, 2212.72/s)  LR: 5.456e-06  RefW: 0.000e+00  AnchorRefW: 0.000e+00  Data: 0.007 (0.007)
2026-07-10T15:05:41Z	51	0.000e+00	0.000e+00	Train: 51 [2000/2502 ( 80%)]  Loss: 51.403080 (51.4010)  BaseLoss: 51.403080 (51.4010)  RefAttnKL: 0.000e+00 (0.000e+00)  RefLogitKL: 0.000e+00 (0.000e+00)  AnchorRefAttnKL: 0.000e+00 (0.000e+00)  TeacherAttnKL: 0.000e+00 (0.000e+00)  TeacherRel: 0.000e+00 (0.000e+00)  TeacherAttnOut: 0.000e+00 (0.000e+00)  TeacherFeatOut: 0.000e+00 (0.000e+00)  ActScaleAnchor: 0.000e+00 (0.000e+00)  VarTrust: 0.000e+00 (0.000e+00)  DirAnchor: 0.000e+00 (0.000e+00)  BinReg: 0.000e+00 (0.000e+00)  SelBinAnchor: 0.000e+00 (0.000e+00)  ActBinMargin: 0.000e+00 (0.000e+00)  Time: 0.242s, 2111.80/s  (0.231s, 2212.95/s)  LR: 5.454e-06  RefW: 0.000e+00  AnchorRefW: 0.000e+00  Data: 0.005 (0.007)
2026-07-10T15:05:41Z	51	0.000e+00	0.000e+00	Train: 51 [2050/2502 ( 82%)]  Loss: 51.347675 (51.3997)  BaseLoss: 51.347675 (51.3997)  RefAttnKL: 0.000e+00 (0.000e+00)  RefLogitKL: 0.000e+00 (0.000e+00)  AnchorRefAttnKL: 0.000e+00 (0.000e+00)  TeacherAttnKL: 0.000e+00 (0.000e+00)  TeacherRel: 0.000e+00 (0.000e+00)  TeacherAttnOut: 0.000e+00 (0.000e+00)  TeacherFeatOut: 0.000e+00 (0.000e+00)  ActScaleAnchor: 0.000e+00 (0.000e+00)  VarTrust: 0.000e+00 (0.000e+00)  DirAnchor: 0.000e+00 (0.000e+00)  BinReg: 0.000e+00 (0.000e+00)  SelBinAnchor: 0.000e+00 (0.000e+00)  ActBinMargin: 0.000e+00 (0.000e+00)  Time: 0.260s, 1972.31/s  (0.231s, 2213.08/s)  LR: 5.452e-06  RefW: 0.000e+00  AnchorRefW: 0.000e+00  Data: 0.008 (0.007)
2026-07-10T15:05:41Z	51	0.000e+00	0.000e+00	Train: 51 [2100/2502 ( 84%)]  Loss: 51.365284 (51.3989)  BaseLoss: 51.365284 (51.3989)  RefAttnKL: 0.000e+00 (0.000e+00)  RefLogitKL: 0.000e+00 (0.000e+00)  AnchorRefAttnKL: 0.000e+00 (0.000e+00)  TeacherAttnKL: 0.000e+00 (0.000e+00)  TeacherRel: 0.000e+00 (0.000e+00)  TeacherAttnOut: 0.000e+00 (0.000e+00)  TeacherFeatOut: 0.000e+00 (0.000e+00)  ActScaleAnchor: 0.000e+00 (0.000e+00)  VarTrust: 0.000e+00 (0.000e+00)  DirAnchor: 0.000e+00 (0.000e+00)  BinReg: 0.000e+00 (0.000e+00)  SelBinAnchor: 0.000e+00 (0.000e+00)  ActBinMargin: 0.000e+00 (0.000e+00)  Time: 0.242s, 2119.91/s  (0.231s, 2213.20/s)  LR: 5.449e-06  RefW: 0.000e+00  AnchorRefW: 0.000e+00  Data: 0.005 (0.007)
2026-07-10T15:05:41Z	51	0.000e+00	0.000e+00	Train: 51 [2150/2502 ( 86%)]  Loss: 51.375923 (51.3984)  BaseLoss: 51.375923 (51.3984)  RefAttnKL: 0.000e+00 (0.000e+00)  RefLogitKL: 0.000e+00 (0.000e+00)  AnchorRefAttnKL: 0.000e+00 (0.000e+00)  TeacherAttnKL: 0.000e+00 (0.000e+00)  TeacherRel: 0.000e+00 (0.000e+00)  TeacherAttnOut: 0.000e+00 (0.000e+00)  TeacherFeatOut: 0.000e+00 (0.000e+00)  ActScaleAnchor: 0.000e+00 (0.000e+00)  VarTrust: 0.000e+00 (0.000e+00)  DirAnchor: 0.000e+00 (0.000e+00)  BinReg: 0.000e+00 (0.000e+00)  SelBinAnchor: 0.000e+00 (0.000e+00)  ActBinMargin: 0.000e+00 (0.000e+00)  Time: 0.242s, 2114.59/s  (0.231s, 2213.29/s)  LR: 5.447e-06  RefW: 0.000e+00  AnchorRefW: 0.000e+00  Data: 0.006 (0.007)
2026-07-10T15:05:41Z	51	0.000e+00	0.000e+00	Train: 51 [2200/2502 ( 88%)]  Loss: 51.393208 (51.3983)  BaseLoss: 51.393208 (51.3983)  RefAttnKL: 0.000e+00 (0.000e+00)  RefLogitKL: 0.000e+00 (0.000e+00)  AnchorRefAttnKL: 0.000e+00 (0.000e+00)  TeacherAttnKL: 0.000e+00 (0.000e+00)  TeacherRel: 0.000e+00 (0.000e+00)  TeacherAttnOut: 0.000e+00 (0.000e+00)  TeacherFeatOut: 0.000e+00 (0.000e+00)  ActScaleAnchor: 0.000e+00 (0.000e+00)  VarTrust: 0.000e+00 (0.000e+00)  DirAnchor: 0.000e+00 (0.000e+00)  BinReg: 0.000e+00 (0.000e+00)  SelBinAnchor: 0.000e+00 (0.000e+00)  ActBinMargin: 0.000e+00 (0.000e+00)  Time: 0.241s, 2120.53/s  (0.231s, 2213.13/s)  LR: 5.445e-06  RefW: 0.000e+00  AnchorRefW: 0.000e+00  Data: 0.006 (0.007)
2026-07-10T15:05:41Z	51	0.000e+00	0.000e+00	Train: 51 [2250/2502 ( 90%)]  Loss: 51.406742 (51.3985)  BaseLoss: 51.406742 (51.3985)  RefAttnKL: 0.000e+00 (0.000e+00)  RefLogitKL: 0.000e+00 (0.000e+00)  AnchorRefAttnKL: 0.000e+00 (0.000e+00)  TeacherAttnKL: 0.000e+00 (0.000e+00)  TeacherRel: 0.000e+00 (0.000e+00)  TeacherAttnOut: 0.000e+00 (0.000e+00)  TeacherFeatOut: 0.000e+00 (0.000e+00)  ActScaleAnchor: 0.000e+00 (0.000e+00)  VarTrust: 0.000e+00 (0.000e+00)  DirAnchor: 0.000e+00 (0.000e+00)  BinReg: 0.000e+00 (0.000e+00)  SelBinAnchor: 0.000e+00 (0.000e+00)  ActBinMargin: 0.000e+00 (0.000e+00)  Time: 0.242s, 2118.92/s  (0.231s, 2213.35/s)  LR: 5.443e-06  RefW: 0.000e+00  AnchorRefW: 0.000e+00  Data: 0.008 (0.007)
2026-07-10T15:05:41Z	51	0.000e+00	0.000e+00	Train: 51 [2300/2502 ( 92%)]  Loss: 51.421329 (51.3990)  BaseLoss: 51.421329 (51.3990)  RefAttnKL: 0.000e+00 (0.000e+00)  RefLogitKL: 0.000e+00 (0.000e+00)  AnchorRefAttnKL: 0.000e+00 (0.000e+00)  TeacherAttnKL: 0.000e+00 (0.000e+00)  TeacherRel: 0.000e+00 (0.000e+00)  TeacherAttnOut: 0.000e+00 (0.000e+00)  TeacherFeatOut: 0.000e+00 (0.000e+00)  ActScaleAnchor: 0.000e+00 (0.000e+00)  VarTrust: 0.000e+00 (0.000e+00)  DirAnchor: 0.000e+00 (0.000e+00)  BinReg: 0.000e+00 (0.000e+00)  SelBinAnchor: 0.000e+00 (0.000e+00)  ActBinMargin: 0.000e+00 (0.000e+00)  Time: 0.242s, 2117.58/s  (0.231s, 2213.37/s)  LR: 5.441e-06  RefW: 0.000e+00  AnchorRefW: 0.000e+00  Data: 0.006 (0.007)
2026-07-10T15:05:41Z	51	0.000e+00	0.000e+00	Train: 51 [2350/2502 ( 94%)]  Loss: 51.431839 (51.3996)  BaseLoss: 51.431839 (51.3996)  RefAttnKL: 0.000e+00 (0.000e+00)  RefLogitKL: 0.000e+00 (0.000e+00)  AnchorRefAttnKL: 0.000e+00 (0.000e+00)  TeacherAttnKL: 0.000e+00 (0.000e+00)  TeacherRel: 0.000e+00 (0.000e+00)  TeacherAttnOut: 0.000e+00 (0.000e+00)  TeacherFeatOut: 0.000e+00 (0.000e+00)  ActScaleAnchor: 0.000e+00 (0.000e+00)  VarTrust: 0.000e+00 (0.000e+00)  DirAnchor: 0.000e+00 (0.000e+00)  BinReg: 0.000e+00 (0.000e+00)  SelBinAnchor: 0.000e+00 (0.000e+00)  ActBinMargin: 0.000e+00 (0.000e+00)  Time: 0.242s, 2112.92/s  (0.231s, 2213.64/s)  LR: 5.439e-06  RefW: 0.000e+00  AnchorRefW: 0.000e+00  Data: 0.007 (0.007)
2026-07-10T15:05:41Z	51	0.000e+00	0.000e+00	Train: 51 [2400/2502 ( 96%)]  Loss: 51.386990 (51.3994)  BaseLoss: 51.386990 (51.3994)  RefAttnKL: 0.000e+00 (0.000e+00)  RefLogitKL: 0.000e+00 (0.000e+00)  AnchorRefAttnKL: 0.000e+00 (0.000e+00)  TeacherAttnKL: 0.000e+00 (0.000e+00)  TeacherRel: 0.000e+00 (0.000e+00)  TeacherAttnOut: 0.000e+00 (0.000e+00)  TeacherFeatOut: 0.000e+00 (0.000e+00)  ActScaleAnchor: 0.000e+00 (0.000e+00)  VarTrust: 0.000e+00 (0.000e+00)  DirAnchor: 0.000e+00 (0.000e+00)  BinReg: 0.000e+00 (0.000e+00)  SelBinAnchor: 0.000e+00 (0.000e+00)  ActBinMargin: 0.000e+00 (0.000e+00)  Time: 0.243s, 2103.71/s  (0.231s, 2213.81/s)  LR: 5.437e-06  RefW: 0.000e+00  AnchorRefW: 0.000e+00  Data: 0.006 (0.007)
2026-07-10T15:05:41Z	51	0.000e+00	0.000e+00	Train: 51 [2450/2502 ( 98%)]  Loss: 51.417915 (51.3998)  BaseLoss: 51.417915 (51.3998)  RefAttnKL: 0.000e+00 (0.000e+00)  RefLogitKL: 0.000e+00 (0.000e+00)  AnchorRefAttnKL: 0.000e+00 (0.000e+00)  TeacherAttnKL: 0.000e+00 (0.000e+00)  TeacherRel: 0.000e+00 (0.000e+00)  TeacherAttnOut: 0.000e+00 (0.000e+00)  TeacherFeatOut: 0.000e+00 (0.000e+00)  ActScaleAnchor: 0.000e+00 (0.000e+00)  VarTrust: 0.000e+00 (0.000e+00)  DirAnchor: 0.000e+00 (0.000e+00)  BinReg: 0.000e+00 (0.000e+00)  SelBinAnchor: 0.000e+00 (0.000e+00)  ActBinMargin: 0.000e+00 (0.000e+00)  Time: 0.240s, 2129.16/s  (0.231s, 2214.05/s)  LR: 5.434e-06  RefW: 0.000e+00  AnchorRefW: 0.000e+00  Data: 0.007 (0.007)
2026-07-10T15:05:41Z	52	5.000e-05	3.948e+01	Train: 52 [   0/2502 (  0%)]  Loss: 51.395481 (51.3955)  BaseLoss: 51.393509 (51.3935)  RefAttnKL: 3.948e+01 (3.948e+01)  RefLogitKL: 0.000e+00 (0.000e+00)  AnchorRefAttnKL: 0.000e+00 (0.000e+00)  TeacherAttnKL: 0.000e+00 (0.000e+00)  TeacherRel: 0.000e+00 (0.000e+00)  TeacherAttnOut: 0.000e+00 (0.000e+00)  TeacherFeatOut: 0.000e+00 (0.000e+00)  ActScaleAnchor: 0.000e+00 (0.000e+00)  VarTrust: 0.000e+00 (0.000e+00)  DirAnchor: 0.000e+00 (0.000e+00)  BinReg: 0.000e+00 (0.000e+00)  SelBinAnchor: 0.000e+00 (0.000e+00)  ActBinMargin: 0.000e+00 (0.000e+00)  Time: 1.226s,  417.52/s  (1.226s,  417.52/s)  LR: 5.432e-06  RefW: 5.000e-05  AnchorRefW: 0.000e+00  Data: 0.782 (0.782)
2026-07-10T15:05:41Z	52	5.000e-05	4.884e+01	Train: 52 [  50/2502 (  2%)]  Loss: 51.377502 (51.3865)  BaseLoss: 51.375057 (51.3843)  RefAttnKL: 4.884e+01 (4.416e+01)  RefLogitKL: 0.000e+00 (0.000e+00)  AnchorRefAttnKL: 0.000e+00 (0.000e+00)  TeacherAttnKL: 0.000e+00 (0.000e+00)  TeacherRel: 0.000e+00 (0.000e+00)  TeacherAttnOut: 0.000e+00 (0.000e+00)  TeacherFeatOut: 0.000e+00 (0.000e+00)  ActScaleAnchor: 0.000e+00 (0.000e+00)  VarTrust: 0.000e+00 (0.000e+00)  DirAnchor: 0.000e+00 (0.000e+00)  BinReg: 0.000e+00 (0.000e+00)  SelBinAnchor: 0.000e+00 (0.000e+00)  ActBinMargin: 0.000e+00 (0.000e+00)  Time: 0.336s, 1521.88/s  (0.340s, 1504.56/s)  LR: 5.430e-06  RefW: 5.000e-05  AnchorRefW: 0.000e+00  Data: 0.005 (0.021)
2026-07-10T15:05:41Z	52	5.000e-05	9.799e+00	Train: 52 [ 100/2502 (  4%)]  Loss: 51.403397 (51.3921)  BaseLoss: 51.402901 (51.3905)  RefAttnKL: 9.799e+00 (3.271e+01)  RefLogitKL: 0.000e+00 (0.000e+00)  AnchorRefAttnKL: 0.000e+00 (0.000e+00)  TeacherAttnKL: 0.000e+00 (0.000e+00)  TeacherRel: 0.000e+00 (0.000e+00)  TeacherAttnOut: 0.000e+00 (0.000e+00)  TeacherFeatOut: 0.000e+00 (0.000e+00)  ActScaleAnchor: 0.000e+00 (0.000e+00)  VarTrust: 0.000e+00 (0.000e+00)  DirAnchor: 0.000e+00 (0.000e+00)  BinReg: 0.000e+00 (0.000e+00)  SelBinAnchor: 0.000e+00 (0.000e+00)  ActBinMargin: 0.000e+00 (0.000e+00)  Time: 0.334s, 1533.04/s  (0.332s, 1544.38/s)  LR: 5.428e-06  RefW: 5.000e-05  AnchorRefW: 0.000e+00  Data: 0.007 (0.014)
2026-07-10T15:05:41Z	52	5.000e-05	2.947e+01	Train: 52 [ 150/2502 (  6%)]  Loss: 51.400188 (51.3941)  BaseLoss: 51.398716 (51.3925)  RefAttnKL: 2.947e+01 (3.190e+01)  RefLogitKL: 0.000e+00 (0.000e+00)  AnchorRefAttnKL: 0.000e+00 (0.000e+00)  TeacherAttnKL: 0.000e+00 (0.000e+00)  TeacherRel: 0.000e+00 (0.000e+00)  TeacherAttnOut: 0.000e+00 (0.000e+00)  TeacherFeatOut: 0.000e+00 (0.000e+00)  ActScaleAnchor: 0.000e+00 (0.000e+00)  VarTrust: 0.000e+00 (0.000e+00)  DirAnchor: 0.000e+00 (0.000e+00)  BinReg: 0.000e+00 (0.000e+00)  SelBinAnchor: 0.000e+00 (0.000e+00)  ActBinMargin: 0.000e+00 (0.000e+00)  Time: 0.333s, 1537.80/s  (0.328s, 1558.78/s)  LR: 5.426e-06  RefW: 5.000e-05  AnchorRefW: 0.000e+00  Data: 0.007 (0.011)
2026-07-10T15:05:41Z	52	5.000e-05	3.889e+01	Train: 52 [ 200/2502 (  8%)]  Loss: 51.409058 (51.3971)  BaseLoss: 51.407112 (51.3955)  RefAttnKL: 3.889e+01 (3.330e+01)  RefLogitKL: 0.000e+00 (0.000e+00)  AnchorRefAttnKL: 0.000e+00 (0.000e+00)  TeacherAttnKL: 0.000e+00 (0.000e+00)  TeacherRel: 0.000e+00 (0.000e+00)  TeacherAttnOut: 0.000e+00 (0.000e+00)  TeacherFeatOut: 0.000e+00 (0.000e+00)  ActScaleAnchor: 0.000e+00 (0.000e+00)  VarTrust: 0.000e+00 (0.000e+00)  DirAnchor: 0.000e+00 (0.000e+00)  BinReg: 0.000e+00 (0.000e+00)  SelBinAnchor: 0.000e+00 (0.000e+00)  ActBinMargin: 0.000e+00 (0.000e+00)  Time: 0.335s, 1528.80/s  (0.327s, 1567.02/s)  LR: 5.424e-06  RefW: 5.000e-05  AnchorRefW: 0.000e+00  Data: 0.005 (0.010)
2026-07-10T15:05:41Z	52	5.000e-05	1.915e+01	Train: 52 [ 250/2502 ( 10%)]  Loss: 51.431305 (51.4028)  BaseLoss: 51.430351 (51.4013)  RefAttnKL: 1.915e+01 (3.094e+01)  RefLogitKL: 0.000e+00 (0.000e+00)  AnchorRefAttnKL: 0.000e+00 (0.000e+00)  TeacherAttnKL: 0.000e+00 (0.000e+00)  TeacherRel: 0.000e+00 (0.000e+00)  TeacherAttnOut: 0.000e+00 (0.000e+00)  TeacherFeatOut: 0.000e+00 (0.000e+00)  ActScaleAnchor: 0.000e+00 (0.000e+00)  VarTrust: 0.000e+00 (0.000e+00)  DirAnchor: 0.000e+00 (0.000e+00)  BinReg: 0.000e+00 (0.000e+00)  SelBinAnchor: 0.000e+00 (0.000e+00)  ActBinMargin: 0.000e+00 (0.000e+00)  Time: 0.333s, 1537.20/s  (0.326s, 1571.85/s)  LR: 5.422e-06  RefW: 5.000e-05  AnchorRefW: 0.000e+00  Data: 0.006 (0.009)
2026-07-10T15:05:41Z	52	5.000e-05	1.944e+01	Train: 52 [ 300/2502 ( 12%)]  Loss: 51.403000 (51.4028)  BaseLoss: 51.402031 (51.4014)  RefAttnKL: 1.944e+01 (2.930e+01)  RefLogitKL: 0.000e+00 (0.000e+00)  AnchorRefAttnKL: 0.000e+00 (0.000e+00)  TeacherAttnKL: 0.000e+00 (0.000e+00)  TeacherRel: 0.000e+00 (0.000e+00)  TeacherAttnOut: 0.000e+00 (0.000e+00)  TeacherFeatOut: 0.000e+00 (0.000e+00)  ActScaleAnchor: 0.000e+00 (0.000e+00)  VarTrust: 0.000e+00 (0.000e+00)  DirAnchor: 0.000e+00 (0.000e+00)  BinReg: 0.000e+00 (0.000e+00)  SelBinAnchor: 0.000e+00 (0.000e+00)  ActBinMargin: 0.000e+00 (0.000e+00)  Time: 0.333s, 1536.90/s  (0.325s, 1574.24/s)  LR: 5.420e-06  RefW: 5.000e-05  AnchorRefW: 0.000e+00  Data: 0.007 (0.009)
2026-07-10T15:05:41Z	52	5.000e-05	9.598e+00	Train: 52 [ 350/2502 ( 14%)]  Loss: 51.428440 (51.4060)  BaseLoss: 51.427959 (51.4047)  RefAttnKL: 9.598e+00 (2.683e+01)  RefLogitKL: 0.000e+00 (0.000e+00)  AnchorRefAttnKL: 0.000e+00 (0.000e+00)  TeacherAttnKL: 0.000e+00 (0.000e+00)  TeacherRel: 0.000e+00 (0.000e+00)  TeacherAttnOut: 0.000e+00 (0.000e+00)  TeacherFeatOut: 0.000e+00 (0.000e+00)  ActScaleAnchor: 0.000e+00 (0.000e+00)  VarTrust: 0.000e+00 (0.000e+00)  DirAnchor: 0.000e+00 (0.000e+00)  BinReg: 0.000e+00 (0.000e+00)  SelBinAnchor: 0.000e+00 (0.000e+00)  ActBinMargin: 0.000e+00 (0.000e+00)  Time: 0.333s, 1539.13/s  (0.325s, 1576.42/s)  LR: 5.417e-06  RefW: 5.000e-05  AnchorRefW: 0.000e+00  Data: 0.007 (0.009)
2026-07-10T15:05:41Z	52	5.000e-05	4.798e+01	Train: 52 [ 400/2502 ( 16%)]  Loss: 51.441299 (51.4100)  BaseLoss: 51.438896 (51.4085)  RefAttnKL: 4.798e+01 (2.918e+01)  RefLogitKL: 0.000e+00 (0.000e+00)  AnchorRefAttnKL: 0.000e+00 (0.000e+00)  TeacherAttnKL: 0.000e+00 (0.000e+00)  TeacherRel: 0.000e+00 (0.000e+00)  TeacherAttnOut: 0.000e+00 (0.000e+00)  TeacherFeatOut: 0.000e+00 (0.000e+00)  ActScaleAnchor: 0.000e+00 (0.000e+00)  VarTrust: 0.000e+00 (0.000e+00)  DirAnchor: 0.000e+00 (0.000e+00)  BinReg: 0.000e+00 (0.000e+00)  SelBinAnchor: 0.000e+00 (0.000e+00)  ActBinMargin: 0.000e+00 (0.000e+00)  Time: 0.331s, 1548.63/s  (0.324s, 1578.50/s)  LR: 5.415e-06  RefW: 5.000e-05  AnchorRefW: 0.000e+00  Data: 0.007 (0.008)
2026-07-10T15:05:41Z	52	5.000e-05	4.907e+01	Train: 52 [ 450/2502 ( 18%)]  Loss: 51.411102 (51.4101)  BaseLoss: 51.408649 (51.4085)  RefAttnKL: 4.907e+01 (3.117e+01)  RefLogitKL: 0.000e+00 (0.000e+00)  AnchorRefAttnKL: 0.000e+00 (0.000e+00)  TeacherAttnKL: 0.000e+00 (0.000e+00)  TeacherRel: 0.000e+00 (0.000e+00)  TeacherAttnOut: 0.000e+00 (0.000e+00)  TeacherFeatOut: 0.000e+00 (0.000e+00)  ActScaleAnchor: 0.000e+00 (0.000e+00)  VarTrust: 0.000e+00 (0.000e+00)  DirAnchor: 0.000e+00 (0.000e+00)  BinReg: 0.000e+00 (0.000e+00)  SelBinAnchor: 0.000e+00 (0.000e+00)  ActBinMargin: 0.000e+00 (0.000e+00)  Time: 0.349s, 1467.94/s  (0.324s, 1579.60/s)  LR: 5.413e-06  RefW: 5.000e-05  AnchorRefW: 0.000e+00  Data: 0.006 (0.008)
2026-07-10T15:05:41Z	52	5.000e-05	2.837e+01	Train: 52 [ 500/2502 ( 20%)]  Loss: 51.446850 (51.4134)  BaseLoss: 51.445431 (51.4119)  RefAttnKL: 2.837e+01 (3.092e+01)  RefLogitKL: 0.000e+00 (0.000e+00)  AnchorRefAttnKL: 0.000e+00 (0.000e+00)  TeacherAttnKL: 0.000e+00 (0.000e+00)  TeacherRel: 0.000e+00 (0.000e+00)  TeacherAttnOut: 0.000e+00 (0.000e+00)  TeacherFeatOut: 0.000e+00 (0.000e+00)  ActScaleAnchor: 0.000e+00 (0.000e+00)  VarTrust: 0.000e+00 (0.000e+00)  DirAnchor: 0.000e+00 (0.000e+00)  BinReg: 0.000e+00 (0.000e+00)  SelBinAnchor: 0.000e+00 (0.000e+00)  ActBinMargin: 0.000e+00 (0.000e+00)  Time: 0.331s, 1544.94/s  (0.324s, 1580.50/s)  LR: 5.411e-06  RefW: 5.000e-05  AnchorRefW: 0.000e+00  Data: 0.008 (0.008)
2026-07-10T15:05:41Z	52	5.000e-05	5.944e+01	Train: 52 [ 550/2502 ( 22%)]  Loss: 51.466427 (51.4178)  BaseLoss: 51.463455 (51.4162)  RefAttnKL: 5.944e+01 (3.329e+01)  RefLogitKL: 0.000e+00 (0.000e+00)  AnchorRefAttnKL: 0.000e+00 (0.000e+00)  TeacherAttnKL: 0.000e+00 (0.000e+00)  TeacherRel: 0.000e+00 (0.000e+00)  TeacherAttnOut: 0.000e+00 (0.000e+00)  TeacherFeatOut: 0.000e+00 (0.000e+00)  ActScaleAnchor: 0.000e+00 (0.000e+00)  VarTrust: 0.000e+00 (0.000e+00)  DirAnchor: 0.000e+00 (0.000e+00)  BinReg: 0.000e+00 (0.000e+00)  SelBinAnchor: 0.000e+00 (0.000e+00)  ActBinMargin: 0.000e+00 (0.000e+00)  Time: 0.332s, 1543.35/s  (0.324s, 1581.29/s)  LR: 5.409e-06  RefW: 5.000e-05  AnchorRefW: 0.000e+00  Data: 0.006 (0.008)
2026-07-10T15:05:41Z	52	5.000e-05	2.946e+01	Train: 52 [ 600/2502 ( 24%)]  Loss: 51.366814 (51.4139)  BaseLoss: 51.365337 (51.4123)  RefAttnKL: 2.946e+01 (3.300e+01)  RefLogitKL: 0.000e+00 (0.000e+00)  AnchorRefAttnKL: 0.000e+00 (0.000e+00)  TeacherAttnKL: 0.000e+00 (0.000e+00)  TeacherRel: 0.000e+00 (0.000e+00)  TeacherAttnOut: 0.000e+00 (0.000e+00)  TeacherFeatOut: 0.000e+00 (0.000e+00)  ActScaleAnchor: 0.000e+00 (0.000e+00)  VarTrust: 0.000e+00 (0.000e+00)  DirAnchor: 0.000e+00 (0.000e+00)  BinReg: 0.000e+00 (0.000e+00)  SelBinAnchor: 0.000e+00 (0.000e+00)  ActBinMargin: 0.000e+00 (0.000e+00)  Time: 0.335s, 1526.94/s  (0.324s, 1582.20/s)  LR: 5.407e-06  RefW: 5.000e-05  AnchorRefW: 0.000e+00  Data: 0.006 (0.008)
2026-07-10T15:05:41Z	52	5.000e-05	5.739e+01	Train: 52 [ 650/2502 ( 26%)]  Loss: 51.405224 (51.4133)  BaseLoss: 51.402355 (51.4116)  RefAttnKL: 5.739e+01 (3.474e+01)  RefLogitKL: 0.000e+00 (0.000e+00)  AnchorRefAttnKL: 0.000e+00 (0.000e+00)  TeacherAttnKL: 0.000e+00 (0.000e+00)  TeacherRel: 0.000e+00 (0.000e+00)  TeacherAttnOut: 0.000e+00 (0.000e+00)  TeacherFeatOut: 0.000e+00 (0.000e+00)  ActScaleAnchor: 0.000e+00 (0.000e+00)  VarTrust: 0.000e+00 (0.000e+00)  DirAnchor: 0.000e+00 (0.000e+00)  BinReg: 0.000e+00 (0.000e+00)  SelBinAnchor: 0.000e+00 (0.000e+00)  ActBinMargin: 0.000e+00 (0.000e+00)  Time: 0.333s, 1538.71/s  (0.323s, 1582.82/s)  LR: 5.405e-06  RefW: 5.000e-05  AnchorRefW: 0.000e+00  Data: 0.005 (0.008)
2026-07-10T15:05:41Z	52	5.000e-05	3.884e+01	Train: 52 [ 700/2502 ( 28%)]  Loss: 51.363445 (51.4100)  BaseLoss: 51.361504 (51.4082)  RefAttnKL: 3.884e+01 (3.501e+01)  RefLogitKL: 0.000e+00 (0.000e+00)  AnchorRefAttnKL: 0.000e+00 (0.000e+00)  TeacherAttnKL: 0.000e+00 (0.000e+00)  TeacherRel: 0.000e+00 (0.000e+00)  TeacherAttnOut: 0.000e+00 (0.000e+00)  TeacherFeatOut: 0.000e+00 (0.000e+00)  ActScaleAnchor: 0.000e+00 (0.000e+00)  VarTrust: 0.000e+00 (0.000e+00)  DirAnchor: 0.000e+00 (0.000e+00)  BinReg: 0.000e+00 (0.000e+00)  SelBinAnchor: 0.000e+00 (0.000e+00)  ActBinMargin: 0.000e+00 (0.000e+00)  Time: 0.332s, 1540.54/s  (0.323s, 1583.45/s)  LR: 5.403e-06  RefW: 5.000e-05  AnchorRefW: 0.000e+00  Data: 0.006 (0.007)
2026-07-10T15:05:41Z	52	5.000e-05	3.886e+01	Train: 52 [ 750/2502 ( 30%)]  Loss: 51.344036 (51.4058)  BaseLoss: 51.342094 (51.4041)  RefAttnKL: 3.886e+01 (3.526e+01)  RefLogitKL: 0.000e+00 (0.000e+00)  AnchorRefAttnKL: 0.000e+00 (0.000e+00)  TeacherAttnKL: 0.000e+00 (0.000e+00)  TeacherRel: 0.000e+00 (0.000e+00)  TeacherAttnOut: 0.000e+00 (0.000e+00)  TeacherFeatOut: 0.000e+00 (0.000e+00)  ActScaleAnchor: 0.000e+00 (0.000e+00)  VarTrust: 0.000e+00 (0.000e+00)  DirAnchor: 0.000e+00 (0.000e+00)  BinReg: 0.000e+00 (0.000e+00)  SelBinAnchor: 0.000e+00 (0.000e+00)  ActBinMargin: 0.000e+00 (0.000e+00)  Time: 0.337s, 1520.74/s  (0.323s, 1583.60/s)  LR: 5.401e-06  RefW: 5.000e-05  AnchorRefW: 0.000e+00  Data: 0.007 (0.007)
2026-07-10T15:05:41Z	52	5.000e-05	4.823e+01	Train: 52 [ 800/2502 ( 32%)]  Loss: 51.394253 (51.4052)  BaseLoss: 51.391842 (51.4034)  RefAttnKL: 4.823e+01 (3.602e+01)  RefLogitKL: 0.000e+00 (0.000e+00)  AnchorRefAttnKL: 0.000e+00 (0.000e+00)  TeacherAttnKL: 0.000e+00 (0.000e+00)  TeacherRel: 0.000e+00 (0.000e+00)  TeacherAttnOut: 0.000e+00 (0.000e+00)  TeacherFeatOut: 0.000e+00 (0.000e+00)  ActScaleAnchor: 0.000e+00 (0.000e+00)  VarTrust: 0.000e+00 (0.000e+00)  DirAnchor: 0.000e+00 (0.000e+00)  BinReg: 0.000e+00 (0.000e+00)  SelBinAnchor: 0.000e+00 (0.000e+00)  ActBinMargin: 0.000e+00 (0.000e+00)  Time: 0.333s, 1538.28/s  (0.323s, 1584.24/s)  LR: 5.399e-06  RefW: 5.000e-05  AnchorRefW: 0.000e+00  Data: 0.006 (0.007)
2026-07-10T15:05:41Z	52	5.000e-05	4.774e+01	Train: 52 [ 850/2502 ( 34%)]  Loss: 51.373306 (51.4034)  BaseLoss: 51.370914 (51.4016)  RefAttnKL: 4.774e+01 (3.667e+01)  RefLogitKL: 0.000e+00 (0.000e+00)  AnchorRefAttnKL: 0.000e+00 (0.000e+00)  TeacherAttnKL: 0.000e+00 (0.000e+00)  TeacherRel: 0.000e+00 (0.000e+00)  TeacherAttnOut: 0.000e+00 (0.000e+00)  TeacherFeatOut: 0.000e+00 (0.000e+00)  ActScaleAnchor: 0.000e+00 (0.000e+00)  VarTrust: 0.000e+00 (0.000e+00)  DirAnchor: 0.000e+00 (0.000e+00)  BinReg: 0.000e+00 (0.000e+00)  SelBinAnchor: 0.000e+00 (0.000e+00)  ActBinMargin: 0.000e+00 (0.000e+00)  Time: 0.337s, 1517.54/s  (0.323s, 1584.77/s)  LR: 5.397e-06  RefW: 5.000e-05  AnchorRefW: 0.000e+00  Data: 0.006 (0.007)
2026-07-10T15:05:41Z	52	5.000e-05	4.716e+01	Train: 52 [ 900/2502 ( 36%)]  Loss: 51.399750 (51.4032)  BaseLoss: 51.397392 (51.4013)  RefAttnKL: 4.716e+01 (3.722e+01)  RefLogitKL: 0.000e+00 (0.000e+00)  AnchorRefAttnKL: 0.000e+00 (0.000e+00)  TeacherAttnKL: 0.000e+00 (0.000e+00)  TeacherRel: 0.000e+00 (0.000e+00)  TeacherAttnOut: 0.000e+00 (0.000e+00)  TeacherFeatOut: 0.000e+00 (0.000e+00)  ActScaleAnchor: 0.000e+00 (0.000e+00)  VarTrust: 0.000e+00 (0.000e+00)  DirAnchor: 0.000e+00 (0.000e+00)  BinReg: 0.000e+00 (0.000e+00)  SelBinAnchor: 0.000e+00 (0.000e+00)  ActBinMargin: 0.000e+00 (0.000e+00)  Time: 0.333s, 1537.95/s  (0.323s, 1584.64/s)  LR: 5.395e-06  RefW: 5.000e-05  AnchorRefW: 0.000e+00  Data: 0.007 (0.007)
2026-07-10T15:05:41Z	52	5.000e-05	2.805e+01	Train: 52 [ 950/2502 ( 38%)]  Loss: 51.395355 (51.4028)  BaseLoss: 51.393951 (51.4010)  RefAttnKL: 2.805e+01 (3.676e+01)  RefLogitKL: 0.000e+00 (0.000e+00)  AnchorRefAttnKL: 0.000e+00 (0.000e+00)  TeacherAttnKL: 0.000e+00 (0.000e+00)  TeacherRel: 0.000e+00 (0.000e+00)  TeacherAttnOut: 0.000e+00 (0.000e+00)  TeacherFeatOut: 0.000e+00 (0.000e+00)  ActScaleAnchor: 0.000e+00 (0.000e+00)  VarTrust: 0.000e+00 (0.000e+00)  DirAnchor: 0.000e+00 (0.000e+00)  BinReg: 0.000e+00 (0.000e+00)  SelBinAnchor: 0.000e+00 (0.000e+00)  ActBinMargin: 0.000e+00 (0.000e+00)  Time: 0.332s, 1543.15/s  (0.323s, 1584.92/s)  LR: 5.393e-06  RefW: 5.000e-05  AnchorRefW: 0.000e+00  Data: 0.007 (0.007)
2026-07-10T15:05:41Z	52	5.000e-05	2.870e+01	Train: 52 [1000/2502 ( 40%)]  Loss: 51.412128 (51.4033)  BaseLoss: 51.410694 (51.4014)  RefAttnKL: 2.870e+01 (3.638e+01)  RefLogitKL: 0.000e+00 (0.000e+00)  AnchorRefAttnKL: 0.000e+00 (0.000e+00)  TeacherAttnKL: 0.000e+00 (0.000e+00)  TeacherRel: 0.000e+00 (0.000e+00)  TeacherAttnOut: 0.000e+00 (0.000e+00)  TeacherFeatOut: 0.000e+00 (0.000e+00)  ActScaleAnchor: 0.000e+00 (0.000e+00)  VarTrust: 0.000e+00 (0.000e+00)  DirAnchor: 0.000e+00 (0.000e+00)  BinReg: 0.000e+00 (0.000e+00)  SelBinAnchor: 0.000e+00 (0.000e+00)  ActBinMargin: 0.000e+00 (0.000e+00)  Time: 0.347s, 1475.07/s  (0.323s, 1585.01/s)  LR: 5.391e-06  RefW: 5.000e-05  AnchorRefW: 0.000e+00  Data: 0.005 (0.007)
2026-07-10T15:05:41Z	52	5.000e-05	4.778e+01	Train: 52 [1050/2502 ( 42%)]  Loss: 51.396107 (51.4029)  BaseLoss: 51.393719 (51.4011)  RefAttnKL: 4.778e+01 (3.690e+01)  RefLogitKL: 0.000e+00 (0.000e+00)  AnchorRefAttnKL: 0.000e+00 (0.000e+00)  TeacherAttnKL: 0.000e+00 (0.000e+00)  TeacherRel: 0.000e+00 (0.000e+00)  TeacherAttnOut: 0.000e+00 (0.000e+00)  TeacherFeatOut: 0.000e+00 (0.000e+00)  ActScaleAnchor: 0.000e+00 (0.000e+00)  VarTrust: 0.000e+00 (0.000e+00)  DirAnchor: 0.000e+00 (0.000e+00)  BinReg: 0.000e+00 (0.000e+00)  SelBinAnchor: 0.000e+00 (0.000e+00)  ActBinMargin: 0.000e+00 (0.000e+00)  Time: 0.332s, 1540.21/s  (0.323s, 1585.18/s)  LR: 5.389e-06  RefW: 5.000e-05  AnchorRefW: 0.000e+00  Data: 0.005 (0.007)
2026-07-10T15:05:41Z	52	5.000e-05	6.720e+01	Train: 52 [1100/2502 ( 44%)]  Loss: 51.357925 (51.4010)  BaseLoss: 51.354565 (51.3991)  RefAttnKL: 6.720e+01 (3.822e+01)  RefLogitKL: 0.000e+00 (0.000e+00)  AnchorRefAttnKL: 0.000e+00 (0.000e+00)  TeacherAttnKL: 0.000e+00 (0.000e+00)  TeacherRel: 0.000e+00 (0.000e+00)  TeacherAttnOut: 0.000e+00 (0.000e+00)  TeacherFeatOut: 0.000e+00 (0.000e+00)  ActScaleAnchor: 0.000e+00 (0.000e+00)  VarTrust: 0.000e+00 (0.000e+00)  DirAnchor: 0.000e+00 (0.000e+00)  BinReg: 0.000e+00 (0.000e+00)  SelBinAnchor: 0.000e+00 (0.000e+00)  ActBinMargin: 0.000e+00 (0.000e+00)  Time: 0.333s, 1536.04/s  (0.323s, 1585.38/s)  LR: 5.387e-06  RefW: 5.000e-05  AnchorRefW: 0.000e+00  Data: 0.007 (0.007)
2026-07-10T15:05:41Z	52	5.000e-05	9.436e+00	Train: 52 [1150/2502 ( 46%)]  Loss: 51.411541 (51.4014)  BaseLoss: 51.411072 (51.3996)  RefAttnKL: 9.436e+00 (3.702e+01)  RefLogitKL: 0.000e+00 (0.000e+00)  AnchorRefAttnKL: 0.000e+00 (0.000e+00)  TeacherAttnKL: 0.000e+00 (0.000e+00)  TeacherRel: 0.000e+00 (0.000e+00)  TeacherAttnOut: 0.000e+00 (0.000e+00)  TeacherFeatOut: 0.000e+00 (0.000e+00)  ActScaleAnchor: 0.000e+00 (0.000e+00)  VarTrust: 0.000e+00 (0.000e+00)  DirAnchor: 0.000e+00 (0.000e+00)  BinReg: 0.000e+00 (0.000e+00)  SelBinAnchor: 0.000e+00 (0.000e+00)  ActBinMargin: 0.000e+00 (0.000e+00)  Time: 0.332s, 1541.54/s  (0.323s, 1585.68/s)  LR: 5.385e-06  RefW: 5.000e-05  AnchorRefW: 0.000e+00  Data: 0.007 (0.007)
2026-07-10T15:05:41Z	52	5.000e-05	3.808e+01	Train: 52 [1200/2502 ( 48%)]  Loss: 51.365425 (51.4000)  BaseLoss: 51.363525 (51.3981)  RefAttnKL: 3.808e+01 (3.706e+01)  RefLogitKL: 0.000e+00 (0.000e+00)  AnchorRefAttnKL: 0.000e+00 (0.000e+00)  TeacherAttnKL: 0.000e+00 (0.000e+00)  TeacherRel: 0.000e+00 (0.000e+00)  TeacherAttnOut: 0.000e+00 (0.000e+00)  TeacherFeatOut: 0.000e+00 (0.000e+00)  ActScaleAnchor: 0.000e+00 (0.000e+00)  VarTrust: 0.000e+00 (0.000e+00)  DirAnchor: 0.000e+00 (0.000e+00)  BinReg: 0.000e+00 (0.000e+00)  SelBinAnchor: 0.000e+00 (0.000e+00)  ActBinMargin: 0.000e+00 (0.000e+00)  Time: 0.333s, 1536.07/s  (0.323s, 1585.93/s)  LR: 5.383e-06  RefW: 5.000e-05  AnchorRefW: 0.000e+00  Data: 0.006 (0.007)
2026-07-10T15:05:41Z	52	5.000e-05	3.778e+01	Train: 52 [1250/2502 ( 50%)]  Loss: 51.421604 (51.4008)  BaseLoss: 51.419716 (51.3990)  RefAttnKL: 3.778e+01 (3.709e+01)  RefLogitKL: 0.000e+00 (0.000e+00)  AnchorRefAttnKL: 0.000e+00 (0.000e+00)  TeacherAttnKL: 0.000e+00 (0.000e+00)  TeacherRel: 0.000e+00 (0.000e+00)  TeacherAttnOut: 0.000e+00 (0.000e+00)  TeacherFeatOut: 0.000e+00 (0.000e+00)  ActScaleAnchor: 0.000e+00 (0.000e+00)  VarTrust: 0.000e+00 (0.000e+00)  DirAnchor: 0.000e+00 (0.000e+00)  BinReg: 0.000e+00 (0.000e+00)  SelBinAnchor: 0.000e+00 (0.000e+00)  ActBinMargin: 0.000e+00 (0.000e+00)  Time: 0.334s, 1535.10/s  (0.323s, 1586.04/s)  LR: 5.381e-06  RefW: 5.000e-05  AnchorRefW: 0.000e+00  Data: 0.005 (0.007)
2026-07-10T15:05:41Z	52	5.000e-05	5.904e+01	Train: 52 [1300/2502 ( 52%)]  Loss: 51.410831 (51.4012)  BaseLoss: 51.407879 (51.3993)  RefAttnKL: 5.904e+01 (3.790e+01)  RefLogitKL: 0.000e+00 (0.000e+00)  AnchorRefAttnKL: 0.000e+00 (0.000e+00)  TeacherAttnKL: 0.000e+00 (0.000e+00)  TeacherRel: 0.000e+00 (0.000e+00)  TeacherAttnOut: 0.000e+00 (0.000e+00)  TeacherFeatOut: 0.000e+00 (0.000e+00)  ActScaleAnchor: 0.000e+00 (0.000e+00)  VarTrust: 0.000e+00 (0.000e+00)  DirAnchor: 0.000e+00 (0.000e+00)  BinReg: 0.000e+00 (0.000e+00)  SelBinAnchor: 0.000e+00 (0.000e+00)  ActBinMargin: 0.000e+00 (0.000e+00)  Time: 0.335s, 1528.77/s  (0.323s, 1586.15/s)  LR: 5.379e-06  RefW: 5.000e-05  AnchorRefW: 0.000e+00  Data: 0.006 (0.007)
2026-07-10T15:05:41Z	52	5.000e-05	3.829e+01	Train: 52 [1350/2502 ( 54%)]  Loss: 51.401405 (51.4012)  BaseLoss: 51.399490 (51.3993)  RefAttnKL: 3.829e+01 (3.791e+01)  RefLogitKL: 0.000e+00 (0.000e+00)  AnchorRefAttnKL: 0.000e+00 (0.000e+00)  TeacherAttnKL: 0.000e+00 (0.000e+00)  TeacherRel: 0.000e+00 (0.000e+00)  TeacherAttnOut: 0.000e+00 (0.000e+00)  TeacherFeatOut: 0.000e+00 (0.000e+00)  ActScaleAnchor: 0.000e+00 (0.000e+00)  VarTrust: 0.000e+00 (0.000e+00)  DirAnchor: 0.000e+00 (0.000e+00)  BinReg: 0.000e+00 (0.000e+00)  SelBinAnchor: 0.000e+00 (0.000e+00)  ActBinMargin: 0.000e+00 (0.000e+00)  Time: 0.335s, 1526.17/s  (0.323s, 1586.33/s)  LR: 5.377e-06  RefW: 5.000e-05  AnchorRefW: 0.000e+00  Data: 0.007 (0.007)
2026-07-10T15:05:41Z	52	5.000e-05	1.957e+01	Train: 52 [1400/2502 ( 56%)]  Loss: 51.408993 (51.4015)  BaseLoss: 51.408012 (51.3996)  RefAttnKL: 1.957e+01 (3.728e+01)  RefLogitKL: 0.000e+00 (0.000e+00)  AnchorRefAttnKL: 0.000e+00 (0.000e+00)  TeacherAttnKL: 0.000e+00 (0.000e+00)  TeacherRel: 0.000e+00 (0.000e+00)  TeacherAttnOut: 0.000e+00 (0.000e+00)  TeacherFeatOut: 0.000e+00 (0.000e+00)  ActScaleAnchor: 0.000e+00 (0.000e+00)  VarTrust: 0.000e+00 (0.000e+00)  DirAnchor: 0.000e+00 (0.000e+00)  BinReg: 0.000e+00 (0.000e+00)  SelBinAnchor: 0.000e+00 (0.000e+00)  ActBinMargin: 0.000e+00 (0.000e+00)  Time: 0.334s, 1531.24/s  (0.323s, 1586.46/s)  LR: 5.375e-06  RefW: 5.000e-05  AnchorRefW: 0.000e+00  Data: 0.006 (0.007)
2026-07-10T15:05:41Z	52	5.000e-05	3.874e+01	Train: 52 [1450/2502 ( 58%)]  Loss: 51.450249 (51.4031)  BaseLoss: 51.448311 (51.4012)  RefAttnKL: 3.874e+01 (3.733e+01)  RefLogitKL: 0.000e+00 (0.000e+00)  AnchorRefAttnKL: 0.000e+00 (0.000e+00)  TeacherAttnKL: 0.000e+00 (0.000e+00)  TeacherRel: 0.000e+00 (0.000e+00)  TeacherAttnOut: 0.000e+00 (0.000e+00)  TeacherFeatOut: 0.000e+00 (0.000e+00)  ActScaleAnchor: 0.000e+00 (0.000e+00)  VarTrust: 0.000e+00 (0.000e+00)  DirAnchor: 0.000e+00 (0.000e+00)  BinReg: 0.000e+00 (0.000e+00)  SelBinAnchor: 0.000e+00 (0.000e+00)  ActBinMargin: 0.000e+00 (0.000e+00)  Time: 0.340s, 1505.92/s  (0.323s, 1586.38/s)  LR: 5.373e-06  RefW: 5.000e-05  AnchorRefW: 0.000e+00  Data: 0.006 (0.007)
2026-07-10T15:05:41Z	52	5.000e-05	4.745e+01	Train: 52 [1500/2502 ( 60%)]  Loss: 51.441109 (51.4043)  BaseLoss: 51.438732 (51.4024)  RefAttnKL: 4.745e+01 (3.766e+01)  RefLogitKL: 0.000e+00 (0.000e+00)  AnchorRefAttnKL: 0.000e+00 (0.000e+00)  TeacherAttnKL: 0.000e+00 (0.000e+00)  TeacherRel: 0.000e+00 (0.000e+00)  TeacherAttnOut: 0.000e+00 (0.000e+00)  TeacherFeatOut: 0.000e+00 (0.000e+00)  ActScaleAnchor: 0.000e+00 (0.000e+00)  VarTrust: 0.000e+00 (0.000e+00)  DirAnchor: 0.000e+00 (0.000e+00)  BinReg: 0.000e+00 (0.000e+00)  SelBinAnchor: 0.000e+00 (0.000e+00)  ActBinMargin: 0.000e+00 (0.000e+00)  Time: 0.332s, 1540.14/s  (0.323s, 1586.54/s)  LR: 5.371e-06  RefW: 5.000e-05  AnchorRefW: 0.000e+00  Data: 0.007 (0.007)
2026-07-10T15:05:41Z	52	5.000e-05	1.911e+01	Train: 52 [1550/2502 ( 62%)]  Loss: 51.390785 (51.4039)  BaseLoss: 51.389832 (51.4020)  RefAttnKL: 1.911e+01 (3.708e+01)  RefLogitKL: 0.000e+00 (0.000e+00)  AnchorRefAttnKL: 0.000e+00 (0.000e+00)  TeacherAttnKL: 0.000e+00 (0.000e+00)  TeacherRel: 0.000e+00 (0.000e+00)  TeacherAttnOut: 0.000e+00 (0.000e+00)  TeacherFeatOut: 0.000e+00 (0.000e+00)  ActScaleAnchor: 0.000e+00 (0.000e+00)  VarTrust: 0.000e+00 (0.000e+00)  DirAnchor: 0.000e+00 (0.000e+00)  BinReg: 0.000e+00 (0.000e+00)  SelBinAnchor: 0.000e+00 (0.000e+00)  ActBinMargin: 0.000e+00 (0.000e+00)  Time: 0.333s, 1538.03/s  (0.323s, 1586.53/s)  LR: 5.369e-06  RefW: 5.000e-05  AnchorRefW: 0.000e+00  Data: 0.007 (0.007)
2026-07-10T15:05:41Z	52	5.000e-05	3.843e+01	Train: 52 [1600/2502 ( 64%)]  Loss: 51.396145 (51.4037)  BaseLoss: 51.394222 (51.4018)  RefAttnKL: 3.843e+01 (3.712e+01)  RefLogitKL: 0.000e+00 (0.000e+00)  AnchorRefAttnKL: 0.000e+00 (0.000e+00)  TeacherAttnKL: 0.000e+00 (0.000e+00)  TeacherRel: 0.000e+00 (0.000e+00)  TeacherAttnOut: 0.000e+00 (0.000e+00)  TeacherFeatOut: 0.000e+00 (0.000e+00)  ActScaleAnchor: 0.000e+00 (0.000e+00)  VarTrust: 0.000e+00 (0.000e+00)  DirAnchor: 0.000e+00 (0.000e+00)  BinReg: 0.000e+00 (0.000e+00)  SelBinAnchor: 0.000e+00 (0.000e+00)  ActBinMargin: 0.000e+00 (0.000e+00)  Time: 0.334s, 1534.12/s  (0.323s, 1586.67/s)  LR: 5.367e-06  RefW: 5.000e-05  AnchorRefW: 0.000e+00  Data: 0.005 (0.007)
2026-07-10T15:05:41Z	52	5.000e-05	3.853e+01	Train: 52 [1650/2502 ( 66%)]  Loss: 51.429241 (51.4044)  BaseLoss: 51.427315 (51.4025)  RefAttnKL: 3.853e+01 (3.716e+01)  RefLogitKL: 0.000e+00 (0.000e+00)  AnchorRefAttnKL: 0.000e+00 (0.000e+00)  TeacherAttnKL: 0.000e+00 (0.000e+00)  TeacherRel: 0.000e+00 (0.000e+00)  TeacherAttnOut: 0.000e+00 (0.000e+00)  TeacherFeatOut: 0.000e+00 (0.000e+00)  ActScaleAnchor: 0.000e+00 (0.000e+00)  VarTrust: 0.000e+00 (0.000e+00)  DirAnchor: 0.000e+00 (0.000e+00)  BinReg: 0.000e+00 (0.000e+00)  SelBinAnchor: 0.000e+00 (0.000e+00)  ActBinMargin: 0.000e+00 (0.000e+00)  Time: 0.332s, 1541.20/s  (0.323s, 1586.58/s)  LR: 5.365e-06  RefW: 5.000e-05  AnchorRefW: 0.000e+00  Data: 0.006 (0.007)
2026-07-10T15:05:41Z	52	5.000e-05	3.818e+01	Train: 52 [1700/2502 ( 68%)]  Loss: 51.402866 (51.4044)  BaseLoss: 51.400955 (51.4025)  RefAttnKL: 3.818e+01 (3.719e+01)  RefLogitKL: 0.000e+00 (0.000e+00)  AnchorRefAttnKL: 0.000e+00 (0.000e+00)  TeacherAttnKL: 0.000e+00 (0.000e+00)  TeacherRel: 0.000e+00 (0.000e+00)  TeacherAttnOut: 0.000e+00 (0.000e+00)  TeacherFeatOut: 0.000e+00 (0.000e+00)  ActScaleAnchor: 0.000e+00 (0.000e+00)  VarTrust: 0.000e+00 (0.000e+00)  DirAnchor: 0.000e+00 (0.000e+00)  BinReg: 0.000e+00 (0.000e+00)  SelBinAnchor: 0.000e+00 (0.000e+00)  ActBinMargin: 0.000e+00 (0.000e+00)  Time: 0.335s, 1529.26/s  (0.323s, 1586.67/s)  LR: 5.363e-06  RefW: 5.000e-05  AnchorRefW: 0.000e+00  Data: 0.006 (0.007)
2026-07-10T15:05:41Z	52	5.000e-05	3.807e+01	Train: 52 [1750/2502 ( 70%)]  Loss: 51.400257 (51.4042)  BaseLoss: 51.398354 (51.4024)  RefAttnKL: 3.807e+01 (3.721e+01)  RefLogitKL: 0.000e+00 (0.000e+00)  AnchorRefAttnKL: 0.000e+00 (0.000e+00)  TeacherAttnKL: 0.000e+00 (0.000e+00)  TeacherRel: 0.000e+00 (0.000e+00)  TeacherAttnOut: 0.000e+00 (0.000e+00)  TeacherFeatOut: 0.000e+00 (0.000e+00)  ActScaleAnchor: 0.000e+00 (0.000e+00)  VarTrust: 0.000e+00 (0.000e+00)  DirAnchor: 0.000e+00 (0.000e+00)  BinReg: 0.000e+00 (0.000e+00)  SelBinAnchor: 0.000e+00 (0.000e+00)  ActBinMargin: 0.000e+00 (0.000e+00)  Time: 0.333s, 1538.75/s  (0.323s, 1586.75/s)  LR: 5.361e-06  RefW: 5.000e-05  AnchorRefW: 0.000e+00  Data: 0.007 (0.007)
2026-07-10T15:05:41Z	52	5.000e-05	1.930e+01	Train: 52 [1800/2502 ( 72%)]  Loss: 51.397938 (51.4041)  BaseLoss: 51.396973 (51.4022)  RefAttnKL: 1.930e+01 (3.673e+01)  RefLogitKL: 0.000e+00 (0.000e+00)  AnchorRefAttnKL: 0.000e+00 (0.000e+00)  TeacherAttnKL: 0.000e+00 (0.000e+00)  TeacherRel: 0.000e+00 (0.000e+00)  TeacherAttnOut: 0.000e+00 (0.000e+00)  TeacherFeatOut: 0.000e+00 (0.000e+00)  ActScaleAnchor: 0.000e+00 (0.000e+00)  VarTrust: 0.000e+00 (0.000e+00)  DirAnchor: 0.000e+00 (0.000e+00)  BinReg: 0.000e+00 (0.000e+00)  SelBinAnchor: 0.000e+00 (0.000e+00)  ActBinMargin: 0.000e+00 (0.000e+00)  Time: 0.333s, 1535.46/s  (0.323s, 1586.77/s)  LR: 5.359e-06  RefW: 5.000e-05  AnchorRefW: 0.000e+00  Data: 0.006 (0.007)
2026-07-10T15:05:41Z	52	5.000e-05	4.787e+01	Train: 52 [1850/2502 ( 74%)]  Loss: 51.396446 (51.4039)  BaseLoss: 51.394051 (51.4020)  RefAttnKL: 4.787e+01 (3.702e+01)  RefLogitKL: 0.000e+00 (0.000e+00)  AnchorRefAttnKL: 0.000e+00 (0.000e+00)  TeacherAttnKL: 0.000e+00 (0.000e+00)  TeacherRel: 0.000e+00 (0.000e+00)  TeacherAttnOut: 0.000e+00 (0.000e+00)  TeacherFeatOut: 0.000e+00 (0.000e+00)  ActScaleAnchor: 0.000e+00 (0.000e+00)  VarTrust: 0.000e+00 (0.000e+00)  DirAnchor: 0.000e+00 (0.000e+00)  BinReg: 0.000e+00 (0.000e+00)  SelBinAnchor: 0.000e+00 (0.000e+00)  ActBinMargin: 0.000e+00 (0.000e+00)  Time: 0.333s, 1536.28/s  (0.323s, 1586.78/s)  LR: 5.357e-06  RefW: 5.000e-05  AnchorRefW: 0.000e+00  Data: 0.006 (0.007)
2026-07-10T15:05:41Z	52	5.000e-05	3.846e+01	Train: 52 [1900/2502 ( 76%)]  Loss: 51.408119 (51.4040)  BaseLoss: 51.406193 (51.4021)  RefAttnKL: 3.846e+01 (3.706e+01)  RefLogitKL: 0.000e+00 (0.000e+00)  AnchorRefAttnKL: 0.000e+00 (0.000e+00)  TeacherAttnKL: 0.000e+00 (0.000e+00)  TeacherRel: 0.000e+00 (0.000e+00)  TeacherAttnOut: 0.000e+00 (0.000e+00)  TeacherFeatOut: 0.000e+00 (0.000e+00)  ActScaleAnchor: 0.000e+00 (0.000e+00)  VarTrust: 0.000e+00 (0.000e+00)  DirAnchor: 0.000e+00 (0.000e+00)  BinReg: 0.000e+00 (0.000e+00)  SelBinAnchor: 0.000e+00 (0.000e+00)  ActBinMargin: 0.000e+00 (0.000e+00)  Time: 0.334s, 1534.85/s  (0.323s, 1586.66/s)  LR: 5.355e-06  RefW: 5.000e-05  AnchorRefW: 0.000e+00  Data: 0.007 (0.007)
2026-07-10T15:05:41Z	52	5.000e-05	2.891e+01	Train: 52 [1950/2502 ( 78%)]  Loss: 51.448990 (51.4051)  BaseLoss: 51.447544 (51.4033)  RefAttnKL: 2.891e+01 (3.686e+01)  RefLogitKL: 0.000e+00 (0.000e+00)  AnchorRefAttnKL: 0.000e+00 (0.000e+00)  TeacherAttnKL: 0.000e+00 (0.000e+00)  TeacherRel: 0.000e+00 (0.000e+00)  TeacherAttnOut: 0.000e+00 (0.000e+00)  TeacherFeatOut: 0.000e+00 (0.000e+00)  ActScaleAnchor: 0.000e+00 (0.000e+00)  VarTrust: 0.000e+00 (0.000e+00)  DirAnchor: 0.000e+00 (0.000e+00)  BinReg: 0.000e+00 (0.000e+00)  SelBinAnchor: 0.000e+00 (0.000e+00)  ActBinMargin: 0.000e+00 (0.000e+00)  Time: 0.336s, 1525.00/s  (0.323s, 1586.72/s)  LR: 5.353e-06  RefW: 5.000e-05  AnchorRefW: 0.000e+00  Data: 0.006 (0.007)
2026-07-10T15:05:41Z	52	5.000e-05	3.792e+01	Train: 52 [2000/2502 ( 80%)]  Loss: 51.431164 (51.4057)  BaseLoss: 51.429276 (51.4039)  RefAttnKL: 3.792e+01 (3.688e+01)  RefLogitKL: 0.000e+00 (0.000e+00)  AnchorRefAttnKL: 0.000e+00 (0.000e+00)  TeacherAttnKL: 0.000e+00 (0.000e+00)  TeacherRel: 0.000e+00 (0.000e+00)  TeacherAttnOut: 0.000e+00 (0.000e+00)  TeacherFeatOut: 0.000e+00 (0.000e+00)  ActScaleAnchor: 0.000e+00 (0.000e+00)  VarTrust: 0.000e+00 (0.000e+00)  DirAnchor: 0.000e+00 (0.000e+00)  BinReg: 0.000e+00 (0.000e+00)  SelBinAnchor: 0.000e+00 (0.000e+00)  ActBinMargin: 0.000e+00 (0.000e+00)  Time: 0.334s, 1532.37/s  (0.323s, 1586.85/s)  LR: 5.351e-06  RefW: 5.000e-05  AnchorRefW: 0.000e+00  Data: 0.006 (0.007)
2026-07-10T15:05:41Z	52	5.000e-05	3.889e+01	Train: 52 [2050/2502 ( 82%)]  Loss: 51.366554 (51.4048)  BaseLoss: 51.364613 (51.4030)  RefAttnKL: 3.889e+01 (3.693e+01)  RefLogitKL: 0.000e+00 (0.000e+00)  AnchorRefAttnKL: 0.000e+00 (0.000e+00)  TeacherAttnKL: 0.000e+00 (0.000e+00)  TeacherRel: 0.000e+00 (0.000e+00)  TeacherAttnOut: 0.000e+00 (0.000e+00)  TeacherFeatOut: 0.000e+00 (0.000e+00)  ActScaleAnchor: 0.000e+00 (0.000e+00)  VarTrust: 0.000e+00 (0.000e+00)  DirAnchor: 0.000e+00 (0.000e+00)  BinReg: 0.000e+00 (0.000e+00)  SelBinAnchor: 0.000e+00 (0.000e+00)  ActBinMargin: 0.000e+00 (0.000e+00)  Time: 0.336s, 1524.03/s  (0.323s, 1586.94/s)  LR: 5.349e-06  RefW: 5.000e-05  AnchorRefW: 0.000e+00  Data: 0.006 (0.007)
2026-07-10T15:05:41Z	52	5.000e-05	2.830e+01	Train: 52 [2100/2502 ( 84%)]  Loss: 51.393795 (51.4046)  BaseLoss: 51.392380 (51.4027)  RefAttnKL: 2.830e+01 (3.673e+01)  RefLogitKL: 0.000e+00 (0.000e+00)  AnchorRefAttnKL: 0.000e+00 (0.000e+00)  TeacherAttnKL: 0.000e+00 (0.000e+00)  TeacherRel: 0.000e+00 (0.000e+00)  TeacherAttnOut: 0.000e+00 (0.000e+00)  TeacherFeatOut: 0.000e+00 (0.000e+00)  ActScaleAnchor: 0.000e+00 (0.000e+00)  VarTrust: 0.000e+00 (0.000e+00)  DirAnchor: 0.000e+00 (0.000e+00)  BinReg: 0.000e+00 (0.000e+00)  SelBinAnchor: 0.000e+00 (0.000e+00)  ActBinMargin: 0.000e+00 (0.000e+00)  Time: 0.333s, 1536.13/s  (0.323s, 1587.09/s)  LR: 5.347e-06  RefW: 5.000e-05  AnchorRefW: 0.000e+00  Data: 0.007 (0.007)
2026-07-10T15:05:41Z	52	5.000e-05	1.851e+01	Train: 52 [2150/2502 ( 86%)]  Loss: 51.395267 (51.4043)  BaseLoss: 51.394344 (51.4025)  RefAttnKL: 1.851e+01 (3.631e+01)  RefLogitKL: 0.000e+00 (0.000e+00)  AnchorRefAttnKL: 0.000e+00 (0.000e+00)  TeacherAttnKL: 0.000e+00 (0.000e+00)  TeacherRel: 0.000e+00 (0.000e+00)  TeacherAttnOut: 0.000e+00 (0.000e+00)  TeacherFeatOut: 0.000e+00 (0.000e+00)  ActScaleAnchor: 0.000e+00 (0.000e+00)  VarTrust: 0.000e+00 (0.000e+00)  DirAnchor: 0.000e+00 (0.000e+00)  BinReg: 0.000e+00 (0.000e+00)  SelBinAnchor: 0.000e+00 (0.000e+00)  ActBinMargin: 0.000e+00 (0.000e+00)  Time: 0.346s, 1479.36/s  (0.323s, 1587.17/s)  LR: 5.345e-06  RefW: 5.000e-05  AnchorRefW: 0.000e+00  Data: 0.006 (0.007)
2026-07-10T15:05:41Z	52	5.000e-05	5.799e+01	Train: 52 [2200/2502 ( 88%)]  Loss: 51.380791 (51.4038)  BaseLoss: 51.377895 (51.4020)  RefAttnKL: 5.799e+01 (3.680e+01)  RefLogitKL: 0.000e+00 (0.000e+00)  AnchorRefAttnKL: 0.000e+00 (0.000e+00)  TeacherAttnKL: 0.000e+00 (0.000e+00)  TeacherRel: 0.000e+00 (0.000e+00)  TeacherAttnOut: 0.000e+00 (0.000e+00)  TeacherFeatOut: 0.000e+00 (0.000e+00)  ActScaleAnchor: 0.000e+00 (0.000e+00)  VarTrust: 0.000e+00 (0.000e+00)  DirAnchor: 0.000e+00 (0.000e+00)  BinReg: 0.000e+00 (0.000e+00)  SelBinAnchor: 0.000e+00 (0.000e+00)  ActBinMargin: 0.000e+00 (0.000e+00)  Time: 0.334s, 1534.72/s  (0.323s, 1587.18/s)  LR: 5.343e-06  RefW: 5.000e-05  AnchorRefW: 0.000e+00  Data: 0.007 (0.007)
2026-07-10T15:05:41Z	52	5.000e-05	2.924e+01	Train: 52 [2250/2502 ( 90%)]  Loss: 51.398731 (51.4037)  BaseLoss: 51.397278 (51.4019)  RefAttnKL: 2.924e+01 (3.663e+01)  RefLogitKL: 0.000e+00 (0.000e+00)  AnchorRefAttnKL: 0.000e+00 (0.000e+00)  TeacherAttnKL: 0.000e+00 (0.000e+00)  TeacherRel: 0.000e+00 (0.000e+00)  TeacherAttnOut: 0.000e+00 (0.000e+00)  TeacherFeatOut: 0.000e+00 (0.000e+00)  ActScaleAnchor: 0.000e+00 (0.000e+00)  VarTrust: 0.000e+00 (0.000e+00)  DirAnchor: 0.000e+00 (0.000e+00)  BinReg: 0.000e+00 (0.000e+00)  SelBinAnchor: 0.000e+00 (0.000e+00)  ActBinMargin: 0.000e+00 (0.000e+00)  Time: 0.336s, 1521.86/s  (0.323s, 1587.26/s)  LR: 5.342e-06  RefW: 5.000e-05  AnchorRefW: 0.000e+00  Data: 0.006 (0.007)
2026-07-10T15:05:41Z	52	5.000e-05	3.874e+01	Train: 52 [2300/2502 ( 92%)]  Loss: 51.426319 (51.4042)  BaseLoss: 51.424381 (51.4024)  RefAttnKL: 3.874e+01 (3.668e+01)  RefLogitKL: 0.000e+00 (0.000e+00)  AnchorRefAttnKL: 0.000e+00 (0.000e+00)  TeacherAttnKL: 0.000e+00 (0.000e+00)  TeacherRel: 0.000e+00 (0.000e+00)  TeacherAttnOut: 0.000e+00 (0.000e+00)  TeacherFeatOut: 0.000e+00 (0.000e+00)  ActScaleAnchor: 0.000e+00 (0.000e+00)  VarTrust: 0.000e+00 (0.000e+00)  DirAnchor: 0.000e+00 (0.000e+00)  BinReg: 0.000e+00 (0.000e+00)  SelBinAnchor: 0.000e+00 (0.000e+00)  ActBinMargin: 0.000e+00 (0.000e+00)  Time: 0.337s, 1519.65/s  (0.323s, 1587.24/s)  LR: 5.340e-06  RefW: 5.000e-05  AnchorRefW: 0.000e+00  Data: 0.007 (0.007)
2026-07-10T15:05:41Z	52	5.000e-05	2.806e+01	Train: 52 [2350/2502 ( 94%)]  Loss: 51.424690 (51.4046)  BaseLoss: 51.423286 (51.4028)  RefAttnKL: 2.806e+01 (3.650e+01)  RefLogitKL: 0.000e+00 (0.000e+00)  AnchorRefAttnKL: 0.000e+00 (0.000e+00)  TeacherAttnKL: 0.000e+00 (0.000e+00)  TeacherRel: 0.000e+00 (0.000e+00)  TeacherAttnOut: 0.000e+00 (0.000e+00)  TeacherFeatOut: 0.000e+00 (0.000e+00)  ActScaleAnchor: 0.000e+00 (0.000e+00)  VarTrust: 0.000e+00 (0.000e+00)  DirAnchor: 0.000e+00 (0.000e+00)  BinReg: 0.000e+00 (0.000e+00)  SelBinAnchor: 0.000e+00 (0.000e+00)  ActBinMargin: 0.000e+00 (0.000e+00)  Time: 0.335s, 1527.58/s  (0.323s, 1587.28/s)  LR: 5.338e-06  RefW: 5.000e-05  AnchorRefW: 0.000e+00  Data: 0.006 (0.007)
2026-07-10T15:05:41Z	52	5.000e-05	4.708e+01	Train: 52 [2400/2502 ( 96%)]  Loss: 51.402229 (51.4046)  BaseLoss: 51.399876 (51.4027)  RefAttnKL: 4.708e+01 (3.671e+01)  RefLogitKL: 0.000e+00 (0.000e+00)  AnchorRefAttnKL: 0.000e+00 (0.000e+00)  TeacherAttnKL: 0.000e+00 (0.000e+00)  TeacherRel: 0.000e+00 (0.000e+00)  TeacherAttnOut: 0.000e+00 (0.000e+00)  TeacherFeatOut: 0.000e+00 (0.000e+00)  ActScaleAnchor: 0.000e+00 (0.000e+00)  VarTrust: 0.000e+00 (0.000e+00)  DirAnchor: 0.000e+00 (0.000e+00)  BinReg: 0.000e+00 (0.000e+00)  SelBinAnchor: 0.000e+00 (0.000e+00)  ActBinMargin: 0.000e+00 (0.000e+00)  Time: 0.334s, 1530.80/s  (0.323s, 1587.32/s)  LR: 5.336e-06  RefW: 5.000e-05  AnchorRefW: 0.000e+00  Data: 0.006 (0.007)
2026-07-10T15:05:41Z	52	5.000e-05	3.807e+01	Train: 52 [2450/2502 ( 98%)]  Loss: 51.413818 (51.4048)  BaseLoss: 51.411911 (51.4029)  RefAttnKL: 3.807e+01 (3.674e+01)  RefLogitKL: 0.000e+00 (0.000e+00)  AnchorRefAttnKL: 0.000e+00 (0.000e+00)  TeacherAttnKL: 0.000e+00 (0.000e+00)  TeacherRel: 0.000e+00 (0.000e+00)  TeacherAttnOut: 0.000e+00 (0.000e+00)  TeacherFeatOut: 0.000e+00 (0.000e+00)  ActScaleAnchor: 0.000e+00 (0.000e+00)  VarTrust: 0.000e+00 (0.000e+00)  DirAnchor: 0.000e+00 (0.000e+00)  BinReg: 0.000e+00 (0.000e+00)  SelBinAnchor: 0.000e+00 (0.000e+00)  ActBinMargin: 0.000e+00 (0.000e+00)  Time: 0.338s, 1513.23/s  (0.323s, 1587.18/s)  LR: 5.334e-06  RefW: 5.000e-05  AnchorRefW: 0.000e+00  Data: 0.006 (0.007)
2026-07-10T15:05:41Z	53	0.000e+00	0.000e+00	Train: 53 [   0/2502 (  0%)]  Loss: 51.400742 (51.4007)  BaseLoss: 51.400742 (51.4007)  RefAttnKL: 0.000e+00 (0.000e+00)  RefLogitKL: 0.000e+00 (0.000e+00)  AnchorRefAttnKL: 0.000e+00 (0.000e+00)  TeacherAttnKL: 0.000e+00 (0.000e+00)  TeacherRel: 0.000e+00 (0.000e+00)  TeacherAttnOut: 0.000e+00 (0.000e+00)  TeacherFeatOut: 0.000e+00 (0.000e+00)  ActScaleAnchor: 0.000e+00 (0.000e+00)  VarTrust: 0.000e+00 (0.000e+00)  DirAnchor: 0.000e+00 (0.000e+00)  BinReg: 0.000e+00 (0.000e+00)  SelBinAnchor: 0.000e+00 (0.000e+00)  ActBinMargin: 0.000e+00 (0.000e+00)  Time: 0.925s,  553.44/s  (0.925s,  553.44/s)  LR: 5.332e-06  RefW: 0.000e+00  AnchorRefW: 0.000e+00  Data: 0.717 (0.717)
2026-07-10T15:05:41Z	53	0.000e+00	0.000e+00	Train: 53 [  50/2502 (  2%)]  Loss: 51.391724 (51.3962)  BaseLoss: 51.391724 (51.3962)  RefAttnKL: 0.000e+00 (0.000e+00)  RefLogitKL: 0.000e+00 (0.000e+00)  AnchorRefAttnKL: 0.000e+00 (0.000e+00)  TeacherAttnKL: 0.000e+00 (0.000e+00)  TeacherRel: 0.000e+00 (0.000e+00)  TeacherAttnOut: 0.000e+00 (0.000e+00)  TeacherFeatOut: 0.000e+00 (0.000e+00)  ActScaleAnchor: 0.000e+00 (0.000e+00)  VarTrust: 0.000e+00 (0.000e+00)  DirAnchor: 0.000e+00 (0.000e+00)  BinReg: 0.000e+00 (0.000e+00)  SelBinAnchor: 0.000e+00 (0.000e+00)  ActBinMargin: 0.000e+00 (0.000e+00)  Time: 0.242s, 2118.35/s  (0.245s, 2089.49/s)  LR: 5.330e-06  RefW: 0.000e+00  AnchorRefW: 0.000e+00  Data: 0.006 (0.020)
2026-07-10T15:05:41Z	53	0.000e+00	0.000e+00	Train: 53 [ 100/2502 (  4%)]  Loss: 51.395309 (51.3959)  BaseLoss: 51.395309 (51.3959)  RefAttnKL: 0.000e+00 (0.000e+00)  RefLogitKL: 0.000e+00 (0.000e+00)  AnchorRefAttnKL: 0.000e+00 (0.000e+00)  TeacherAttnKL: 0.000e+00 (0.000e+00)  TeacherRel: 0.000e+00 (0.000e+00)  TeacherAttnOut: 0.000e+00 (0.000e+00)  TeacherFeatOut: 0.000e+00 (0.000e+00)  ActScaleAnchor: 0.000e+00 (0.000e+00)  VarTrust: 0.000e+00 (0.000e+00)  DirAnchor: 0.000e+00 (0.000e+00)  BinReg: 0.000e+00 (0.000e+00)  SelBinAnchor: 0.000e+00 (0.000e+00)  ActBinMargin: 0.000e+00 (0.000e+00)  Time: 0.242s, 2117.70/s  (0.238s, 2147.90/s)  LR: 5.328e-06  RefW: 0.000e+00  AnchorRefW: 0.000e+00  Data: 0.008 (0.013)
2026-07-10T15:05:41Z	53	0.000e+00	0.000e+00	Train: 53 [ 150/2502 (  6%)]  Loss: 51.380917 (51.3922)  BaseLoss: 51.380917 (51.3922)  RefAttnKL: 0.000e+00 (0.000e+00)  RefLogitKL: 0.000e+00 (0.000e+00)  AnchorRefAttnKL: 0.000e+00 (0.000e+00)  TeacherAttnKL: 0.000e+00 (0.000e+00)  TeacherRel: 0.000e+00 (0.000e+00)  TeacherAttnOut: 0.000e+00 (0.000e+00)  TeacherFeatOut: 0.000e+00 (0.000e+00)  ActScaleAnchor: 0.000e+00 (0.000e+00)  VarTrust: 0.000e+00 (0.000e+00)  DirAnchor: 0.000e+00 (0.000e+00)  BinReg: 0.000e+00 (0.000e+00)  SelBinAnchor: 0.000e+00 (0.000e+00)  ActBinMargin: 0.000e+00 (0.000e+00)  Time: 0.251s, 2041.13/s  (0.236s, 2171.34/s)  LR: 5.326e-06  RefW: 0.000e+00  AnchorRefW: 0.000e+00  Data: 0.007 (0.011)
2026-07-10T15:05:41Z	53	0.000e+00	0.000e+00	Train: 53 [ 200/2502 (  8%)]  Loss: 51.375420 (51.3888)  BaseLoss: 51.375420 (51.3888)  RefAttnKL: 0.000e+00 (0.000e+00)  RefLogitKL: 0.000e+00 (0.000e+00)  AnchorRefAttnKL: 0.000e+00 (0.000e+00)  TeacherAttnKL: 0.000e+00 (0.000e+00)  TeacherRel: 0.000e+00 (0.000e+00)  TeacherAttnOut: 0.000e+00 (0.000e+00)  TeacherFeatOut: 0.000e+00 (0.000e+00)  ActScaleAnchor: 0.000e+00 (0.000e+00)  VarTrust: 0.000e+00 (0.000e+00)  DirAnchor: 0.000e+00 (0.000e+00)  BinReg: 0.000e+00 (0.000e+00)  SelBinAnchor: 0.000e+00 (0.000e+00)  ActBinMargin: 0.000e+00 (0.000e+00)  Time: 0.232s, 2202.48/s  (0.235s, 2183.10/s)  LR: 5.325e-06  RefW: 0.000e+00  AnchorRefW: 0.000e+00  Data: 0.005 (0.010)
