timestamp	epoch	refw	refattnkl	line
2026-07-10T13:27:34Z	48	0.000e+00	0.000e+00	Train: 48 [   0/2502 (  0%)]  Loss: 51.386604 (51.3866)  BaseLoss: 51.386604 (51.3866)  RefAttnKL: 0.000e+00 (0.000e+00)  RefLogitKL: 0.000e+00 (0.000e+00)  AnchorRefAttnKL: 0.000e+00 (0.000e+00)  TeacherAttnKL: 0.000e+00 (0.000e+00)  TeacherRel: 0.000e+00 (0.000e+00)  TeacherAttnOut: 0.000e+00 (0.000e+00)  TeacherFeatOut: 0.000e+00 (0.000e+00)  ActScaleAnchor: 0.000e+00 (0.000e+00)  VarTrust: 0.000e+00 (0.000e+00)  DirAnchor: 0.000e+00 (0.000e+00)  BinReg: 0.000e+00 (0.000e+00)  SelBinAnchor: 0.000e+00 (0.000e+00)  ActBinMargin: 0.000e+00 (0.000e+00)  Time: 1.768s,  289.55/s  (1.768s,  289.55/s)  LR: 5.955e-06  RefW: 0.000e+00  AnchorRefW: 0.000e+00  Data: 1.046 (1.046)
2026-07-10T13:27:34Z	48	0.000e+00	0.000e+00	Train: 48 [  50/2502 (  2%)]  Loss: 51.371185 (51.3789)  BaseLoss: 51.371185 (51.3789)  RefAttnKL: 0.000e+00 (0.000e+00)  RefLogitKL: 0.000e+00 (0.000e+00)  AnchorRefAttnKL: 0.000e+00 (0.000e+00)  TeacherAttnKL: 0.000e+00 (0.000e+00)  TeacherRel: 0.000e+00 (0.000e+00)  TeacherAttnOut: 0.000e+00 (0.000e+00)  TeacherFeatOut: 0.000e+00 (0.000e+00)  ActScaleAnchor: 0.000e+00 (0.000e+00)  VarTrust: 0.000e+00 (0.000e+00)  DirAnchor: 0.000e+00 (0.000e+00)  BinReg: 0.000e+00 (0.000e+00)  SelBinAnchor: 0.000e+00 (0.000e+00)  ActBinMargin: 0.000e+00 (0.000e+00)  Time: 0.242s, 2118.89/s  (0.261s, 1963.58/s)  LR: 5.952e-06  RefW: 0.000e+00  AnchorRefW: 0.000e+00  Data: 0.006 (0.026)
2026-07-10T13:27:34Z	48	0.000e+00	0.000e+00	Train: 48 [ 100/2502 (  4%)]  Loss: 51.381786 (51.3799)  BaseLoss: 51.381786 (51.3799)  RefAttnKL: 0.000e+00 (0.000e+00)  RefLogitKL: 0.000e+00 (0.000e+00)  AnchorRefAttnKL: 0.000e+00 (0.000e+00)  TeacherAttnKL: 0.000e+00 (0.000e+00)  TeacherRel: 0.000e+00 (0.000e+00)  TeacherAttnOut: 0.000e+00 (0.000e+00)  TeacherFeatOut: 0.000e+00 (0.000e+00)  ActScaleAnchor: 0.000e+00 (0.000e+00)  VarTrust: 0.000e+00 (0.000e+00)  DirAnchor: 0.000e+00 (0.000e+00)  BinReg: 0.000e+00 (0.000e+00)  SelBinAnchor: 0.000e+00 (0.000e+00)  ActBinMargin: 0.000e+00 (0.000e+00)  Time: 0.243s, 2103.11/s  (0.246s, 2084.23/s)  LR: 5.949e-06  RefW: 0.000e+00  AnchorRefW: 0.000e+00  Data: 0.006 (0.016)
2026-07-10T13:27:34Z	48	0.000e+00	0.000e+00	Train: 48 [ 150/2502 (  6%)]  Loss: 51.400299 (51.3850)  BaseLoss: 51.400299 (51.3850)  RefAttnKL: 0.000e+00 (0.000e+00)  RefLogitKL: 0.000e+00 (0.000e+00)  AnchorRefAttnKL: 0.000e+00 (0.000e+00)  TeacherAttnKL: 0.000e+00 (0.000e+00)  TeacherRel: 0.000e+00 (0.000e+00)  TeacherAttnOut: 0.000e+00 (0.000e+00)  TeacherFeatOut: 0.000e+00 (0.000e+00)  ActScaleAnchor: 0.000e+00 (0.000e+00)  VarTrust: 0.000e+00 (0.000e+00)  DirAnchor: 0.000e+00 (0.000e+00)  BinReg: 0.000e+00 (0.000e+00)  SelBinAnchor: 0.000e+00 (0.000e+00)  ActBinMargin: 0.000e+00 (0.000e+00)  Time: 0.246s, 2085.38/s  (0.241s, 2124.72/s)  LR: 5.946e-06  RefW: 0.000e+00  AnchorRefW: 0.000e+00  Data: 0.007 (0.013)
2026-07-10T13:27:34Z	48	0.000e+00	0.000e+00	Train: 48 [ 200/2502 (  8%)]  Loss: 51.406284 (51.3892)  BaseLoss: 51.406284 (51.3892)  RefAttnKL: 0.000e+00 (0.000e+00)  RefLogitKL: 0.000e+00 (0.000e+00)  AnchorRefAttnKL: 0.000e+00 (0.000e+00)  TeacherAttnKL: 0.000e+00 (0.000e+00)  TeacherRel: 0.000e+00 (0.000e+00)  TeacherAttnOut: 0.000e+00 (0.000e+00)  TeacherFeatOut: 0.000e+00 (0.000e+00)  ActScaleAnchor: 0.000e+00 (0.000e+00)  VarTrust: 0.000e+00 (0.000e+00)  DirAnchor: 0.000e+00 (0.000e+00)  BinReg: 0.000e+00 (0.000e+00)  SelBinAnchor: 0.000e+00 (0.000e+00)  ActBinMargin: 0.000e+00 (0.000e+00)  Time: 0.252s, 2030.95/s  (0.238s, 2146.75/s)  LR: 5.943e-06  RefW: 0.000e+00  AnchorRefW: 0.000e+00  Data: 0.006 (0.011)
2026-07-10T13:27:34Z	48	0.000e+00	0.000e+00	Train: 48 [ 250/2502 ( 10%)]  Loss: 51.437920 (51.3973)  BaseLoss: 51.437920 (51.3973)  RefAttnKL: 0.000e+00 (0.000e+00)  RefLogitKL: 0.000e+00 (0.000e+00)  AnchorRefAttnKL: 0.000e+00 (0.000e+00)  TeacherAttnKL: 0.000e+00 (0.000e+00)  TeacherRel: 0.000e+00 (0.000e+00)  TeacherAttnOut: 0.000e+00 (0.000e+00)  TeacherFeatOut: 0.000e+00 (0.000e+00)  ActScaleAnchor: 0.000e+00 (0.000e+00)  VarTrust: 0.000e+00 (0.000e+00)  DirAnchor: 0.000e+00 (0.000e+00)  BinReg: 0.000e+00 (0.000e+00)  SelBinAnchor: 0.000e+00 (0.000e+00)  ActBinMargin: 0.000e+00 (0.000e+00)  Time: 0.246s, 2079.60/s  (0.237s, 2158.03/s)  LR: 5.940e-06  RefW: 0.000e+00  AnchorRefW: 0.000e+00  Data: 0.006 (0.010)
2026-07-10T13:27:34Z	48	0.000e+00	0.000e+00	Train: 48 [ 300/2502 ( 12%)]  Loss: 51.413517 (51.3997)  BaseLoss: 51.413517 (51.3997)  RefAttnKL: 0.000e+00 (0.000e+00)  RefLogitKL: 0.000e+00 (0.000e+00)  AnchorRefAttnKL: 0.000e+00 (0.000e+00)  TeacherAttnKL: 0.000e+00 (0.000e+00)  TeacherRel: 0.000e+00 (0.000e+00)  TeacherAttnOut: 0.000e+00 (0.000e+00)  TeacherFeatOut: 0.000e+00 (0.000e+00)  ActScaleAnchor: 0.000e+00 (0.000e+00)  VarTrust: 0.000e+00 (0.000e+00)  DirAnchor: 0.000e+00 (0.000e+00)  BinReg: 0.000e+00 (0.000e+00)  SelBinAnchor: 0.000e+00 (0.000e+00)  ActBinMargin: 0.000e+00 (0.000e+00)  Time: 0.243s, 2104.70/s  (0.236s, 2167.79/s)  LR: 5.936e-06  RefW: 0.000e+00  AnchorRefW: 0.000e+00  Data: 0.006 (0.010)
2026-07-10T13:27:34Z	48	0.000e+00	0.000e+00	Train: 48 [ 350/2502 ( 14%)]  Loss: 51.427486 (51.4031)  BaseLoss: 51.427486 (51.4031)  RefAttnKL: 0.000e+00 (0.000e+00)  RefLogitKL: 0.000e+00 (0.000e+00)  AnchorRefAttnKL: 0.000e+00 (0.000e+00)  TeacherAttnKL: 0.000e+00 (0.000e+00)  TeacherRel: 0.000e+00 (0.000e+00)  TeacherAttnOut: 0.000e+00 (0.000e+00)  TeacherFeatOut: 0.000e+00 (0.000e+00)  ActScaleAnchor: 0.000e+00 (0.000e+00)  VarTrust: 0.000e+00 (0.000e+00)  DirAnchor: 0.000e+00 (0.000e+00)  BinReg: 0.000e+00 (0.000e+00)  SelBinAnchor: 0.000e+00 (0.000e+00)  ActBinMargin: 0.000e+00 (0.000e+00)  Time: 0.242s, 2114.93/s  (0.236s, 2173.96/s)  LR: 5.933e-06  RefW: 0.000e+00  AnchorRefW: 0.000e+00  Data: 0.006 (0.009)
2026-07-10T13:27:34Z	48	0.000e+00	0.000e+00	Train: 48 [ 400/2502 ( 16%)]  Loss: 51.416168 (51.4046)  BaseLoss: 51.416168 (51.4046)  RefAttnKL: 0.000e+00 (0.000e+00)  RefLogitKL: 0.000e+00 (0.000e+00)  AnchorRefAttnKL: 0.000e+00 (0.000e+00)  TeacherAttnKL: 0.000e+00 (0.000e+00)  TeacherRel: 0.000e+00 (0.000e+00)  TeacherAttnOut: 0.000e+00 (0.000e+00)  TeacherFeatOut: 0.000e+00 (0.000e+00)  ActScaleAnchor: 0.000e+00 (0.000e+00)  VarTrust: 0.000e+00 (0.000e+00)  DirAnchor: 0.000e+00 (0.000e+00)  BinReg: 0.000e+00 (0.000e+00)  SelBinAnchor: 0.000e+00 (0.000e+00)  ActBinMargin: 0.000e+00 (0.000e+00)  Time: 0.243s, 2107.30/s  (0.235s, 2179.55/s)  LR: 5.930e-06  RefW: 0.000e+00  AnchorRefW: 0.000e+00  Data: 0.006 (0.009)
2026-07-10T13:27:34Z	48	0.000e+00	0.000e+00	Train: 48 [ 450/2502 ( 18%)]  Loss: 51.416893 (51.4058)  BaseLoss: 51.416893 (51.4058)  RefAttnKL: 0.000e+00 (0.000e+00)  RefLogitKL: 0.000e+00 (0.000e+00)  AnchorRefAttnKL: 0.000e+00 (0.000e+00)  TeacherAttnKL: 0.000e+00 (0.000e+00)  TeacherRel: 0.000e+00 (0.000e+00)  TeacherAttnOut: 0.000e+00 (0.000e+00)  TeacherFeatOut: 0.000e+00 (0.000e+00)  ActScaleAnchor: 0.000e+00 (0.000e+00)  VarTrust: 0.000e+00 (0.000e+00)  DirAnchor: 0.000e+00 (0.000e+00)  BinReg: 0.000e+00 (0.000e+00)  SelBinAnchor: 0.000e+00 (0.000e+00)  ActBinMargin: 0.000e+00 (0.000e+00)  Time: 0.243s, 2104.59/s  (0.234s, 2183.41/s)  LR: 5.927e-06  RefW: 0.000e+00  AnchorRefW: 0.000e+00  Data: 0.006 (0.009)
2026-07-10T13:27:34Z	48	0.000e+00	0.000e+00	Train: 48 [ 500/2502 ( 20%)]  Loss: 51.444012 (51.4093)  BaseLoss: 51.444012 (51.4093)  RefAttnKL: 0.000e+00 (0.000e+00)  RefLogitKL: 0.000e+00 (0.000e+00)  AnchorRefAttnKL: 0.000e+00 (0.000e+00)  TeacherAttnKL: 0.000e+00 (0.000e+00)  TeacherRel: 0.000e+00 (0.000e+00)  TeacherAttnOut: 0.000e+00 (0.000e+00)  TeacherFeatOut: 0.000e+00 (0.000e+00)  ActScaleAnchor: 0.000e+00 (0.000e+00)  VarTrust: 0.000e+00 (0.000e+00)  DirAnchor: 0.000e+00 (0.000e+00)  BinReg: 0.000e+00 (0.000e+00)  SelBinAnchor: 0.000e+00 (0.000e+00)  ActBinMargin: 0.000e+00 (0.000e+00)  Time: 0.244s, 2098.58/s  (0.234s, 2187.01/s)  LR: 5.924e-06  RefW: 0.000e+00  AnchorRefW: 0.000e+00  Data: 0.006 (0.008)
2026-07-10T13:27:34Z	48	0.000e+00	0.000e+00	Train: 48 [ 550/2502 ( 22%)]  Loss: 51.431637 (51.4111)  BaseLoss: 51.431637 (51.4111)  RefAttnKL: 0.000e+00 (0.000e+00)  RefLogitKL: 0.000e+00 (0.000e+00)  AnchorRefAttnKL: 0.000e+00 (0.000e+00)  TeacherAttnKL: 0.000e+00 (0.000e+00)  TeacherRel: 0.000e+00 (0.000e+00)  TeacherAttnOut: 0.000e+00 (0.000e+00)  TeacherFeatOut: 0.000e+00 (0.000e+00)  ActScaleAnchor: 0.000e+00 (0.000e+00)  VarTrust: 0.000e+00 (0.000e+00)  DirAnchor: 0.000e+00 (0.000e+00)  BinReg: 0.000e+00 (0.000e+00)  SelBinAnchor: 0.000e+00 (0.000e+00)  ActBinMargin: 0.000e+00 (0.000e+00)  Time: 0.243s, 2109.43/s  (0.234s, 2189.49/s)  LR: 5.921e-06  RefW: 0.000e+00  AnchorRefW: 0.000e+00  Data: 0.006 (0.008)
2026-07-10T13:27:34Z	48	0.000e+00	0.000e+00	Train: 48 [ 600/2502 ( 24%)]  Loss: 51.362198 (51.4074)  BaseLoss: 51.362198 (51.4074)  RefAttnKL: 0.000e+00 (0.000e+00)  RefLogitKL: 0.000e+00 (0.000e+00)  AnchorRefAttnKL: 0.000e+00 (0.000e+00)  TeacherAttnKL: 0.000e+00 (0.000e+00)  TeacherRel: 0.000e+00 (0.000e+00)  TeacherAttnOut: 0.000e+00 (0.000e+00)  TeacherFeatOut: 0.000e+00 (0.000e+00)  ActScaleAnchor: 0.000e+00 (0.000e+00)  VarTrust: 0.000e+00 (0.000e+00)  DirAnchor: 0.000e+00 (0.000e+00)  BinReg: 0.000e+00 (0.000e+00)  SelBinAnchor: 0.000e+00 (0.000e+00)  ActBinMargin: 0.000e+00 (0.000e+00)  Time: 0.258s, 1986.34/s  (0.234s, 2191.91/s)  LR: 5.918e-06  RefW: 0.000e+00  AnchorRefW: 0.000e+00  Data: 0.006 (0.008)
2026-07-10T13:27:34Z	48	0.000e+00	0.000e+00	Train: 48 [ 650/2502 ( 26%)]  Loss: 51.397636 (51.4067)  BaseLoss: 51.397636 (51.4067)  RefAttnKL: 0.000e+00 (0.000e+00)  RefLogitKL: 0.000e+00 (0.000e+00)  AnchorRefAttnKL: 0.000e+00 (0.000e+00)  TeacherAttnKL: 0.000e+00 (0.000e+00)  TeacherRel: 0.000e+00 (0.000e+00)  TeacherAttnOut: 0.000e+00 (0.000e+00)  TeacherFeatOut: 0.000e+00 (0.000e+00)  ActScaleAnchor: 0.000e+00 (0.000e+00)  VarTrust: 0.000e+00 (0.000e+00)  DirAnchor: 0.000e+00 (0.000e+00)  BinReg: 0.000e+00 (0.000e+00)  SelBinAnchor: 0.000e+00 (0.000e+00)  ActBinMargin: 0.000e+00 (0.000e+00)  Time: 0.259s, 1975.86/s  (0.233s, 2193.09/s)  LR: 5.915e-06  RefW: 0.000e+00  AnchorRefW: 0.000e+00  Data: 0.006 (0.008)
2026-07-10T13:27:34Z	48	0.000e+00	0.000e+00	Train: 48 [ 700/2502 ( 28%)]  Loss: 51.355103 (51.4032)  BaseLoss: 51.355103 (51.4032)  RefAttnKL: 0.000e+00 (0.000e+00)  RefLogitKL: 0.000e+00 (0.000e+00)  AnchorRefAttnKL: 0.000e+00 (0.000e+00)  TeacherAttnKL: 0.000e+00 (0.000e+00)  TeacherRel: 0.000e+00 (0.000e+00)  TeacherAttnOut: 0.000e+00 (0.000e+00)  TeacherFeatOut: 0.000e+00 (0.000e+00)  ActScaleAnchor: 0.000e+00 (0.000e+00)  VarTrust: 0.000e+00 (0.000e+00)  DirAnchor: 0.000e+00 (0.000e+00)  BinReg: 0.000e+00 (0.000e+00)  SelBinAnchor: 0.000e+00 (0.000e+00)  ActBinMargin: 0.000e+00 (0.000e+00)  Time: 0.247s, 2069.52/s  (0.233s, 2195.20/s)  LR: 5.912e-06  RefW: 0.000e+00  AnchorRefW: 0.000e+00  Data: 0.006 (0.008)
2026-07-10T13:27:34Z	48	0.000e+00	0.000e+00	Train: 48 [ 750/2502 ( 30%)]  Loss: 51.364883 (51.4009)  BaseLoss: 51.364883 (51.4009)  RefAttnKL: 0.000e+00 (0.000e+00)  RefLogitKL: 0.000e+00 (0.000e+00)  AnchorRefAttnKL: 0.000e+00 (0.000e+00)  TeacherAttnKL: 0.000e+00 (0.000e+00)  TeacherRel: 0.000e+00 (0.000e+00)  TeacherAttnOut: 0.000e+00 (0.000e+00)  TeacherFeatOut: 0.000e+00 (0.000e+00)  ActScaleAnchor: 0.000e+00 (0.000e+00)  VarTrust: 0.000e+00 (0.000e+00)  DirAnchor: 0.000e+00 (0.000e+00)  BinReg: 0.000e+00 (0.000e+00)  SelBinAnchor: 0.000e+00 (0.000e+00)  ActBinMargin: 0.000e+00 (0.000e+00)  Time: 0.250s, 2050.94/s  (0.233s, 2196.35/s)  LR: 5.909e-06  RefW: 0.000e+00  AnchorRefW: 0.000e+00  Data: 0.005 (0.008)
2026-07-10T13:27:34Z	48	0.000e+00	0.000e+00	Train: 48 [ 800/2502 ( 32%)]  Loss: 51.397556 (51.4007)  BaseLoss: 51.397556 (51.4007)  RefAttnKL: 0.000e+00 (0.000e+00)  RefLogitKL: 0.000e+00 (0.000e+00)  AnchorRefAttnKL: 0.000e+00 (0.000e+00)  TeacherAttnKL: 0.000e+00 (0.000e+00)  TeacherRel: 0.000e+00 (0.000e+00)  TeacherAttnOut: 0.000e+00 (0.000e+00)  TeacherFeatOut: 0.000e+00 (0.000e+00)  ActScaleAnchor: 0.000e+00 (0.000e+00)  VarTrust: 0.000e+00 (0.000e+00)  DirAnchor: 0.000e+00 (0.000e+00)  BinReg: 0.000e+00 (0.000e+00)  SelBinAnchor: 0.000e+00 (0.000e+00)  ActBinMargin: 0.000e+00 (0.000e+00)  Time: 0.243s, 2105.31/s  (0.233s, 2197.65/s)  LR: 5.906e-06  RefW: 0.000e+00  AnchorRefW: 0.000e+00  Data: 0.007 (0.008)
2026-07-10T13:27:34Z	48	0.000e+00	0.000e+00	Train: 48 [ 850/2502 ( 34%)]  Loss: 51.358044 (51.3983)  BaseLoss: 51.358044 (51.3983)  RefAttnKL: 0.000e+00 (0.000e+00)  RefLogitKL: 0.000e+00 (0.000e+00)  AnchorRefAttnKL: 0.000e+00 (0.000e+00)  TeacherAttnKL: 0.000e+00 (0.000e+00)  TeacherRel: 0.000e+00 (0.000e+00)  TeacherAttnOut: 0.000e+00 (0.000e+00)  TeacherFeatOut: 0.000e+00 (0.000e+00)  ActScaleAnchor: 0.000e+00 (0.000e+00)  VarTrust: 0.000e+00 (0.000e+00)  DirAnchor: 0.000e+00 (0.000e+00)  BinReg: 0.000e+00 (0.000e+00)  SelBinAnchor: 0.000e+00 (0.000e+00)  ActBinMargin: 0.000e+00 (0.000e+00)  Time: 0.244s, 2101.85/s  (0.233s, 2199.02/s)  LR: 5.903e-06  RefW: 0.000e+00  AnchorRefW: 0.000e+00  Data: 0.007 (0.007)
2026-07-10T13:27:34Z	48	0.000e+00	0.000e+00	Train: 48 [ 900/2502 ( 36%)]  Loss: 51.395527 (51.3981)  BaseLoss: 51.395527 (51.3981)  RefAttnKL: 0.000e+00 (0.000e+00)  RefLogitKL: 0.000e+00 (0.000e+00)  AnchorRefAttnKL: 0.000e+00 (0.000e+00)  TeacherAttnKL: 0.000e+00 (0.000e+00)  TeacherRel: 0.000e+00 (0.000e+00)  TeacherAttnOut: 0.000e+00 (0.000e+00)  TeacherFeatOut: 0.000e+00 (0.000e+00)  ActScaleAnchor: 0.000e+00 (0.000e+00)  VarTrust: 0.000e+00 (0.000e+00)  DirAnchor: 0.000e+00 (0.000e+00)  BinReg: 0.000e+00 (0.000e+00)  SelBinAnchor: 0.000e+00 (0.000e+00)  ActBinMargin: 0.000e+00 (0.000e+00)  Time: 0.245s, 2086.81/s  (0.233s, 2200.13/s)  LR: 5.900e-06  RefW: 0.000e+00  AnchorRefW: 0.000e+00  Data: 0.006 (0.007)
2026-07-10T13:27:34Z	48	0.000e+00	0.000e+00	Train: 48 [ 950/2502 ( 38%)]  Loss: 51.394936 (51.3980)  BaseLoss: 51.394936 (51.3980)  RefAttnKL: 0.000e+00 (0.000e+00)  RefLogitKL: 0.000e+00 (0.000e+00)  AnchorRefAttnKL: 0.000e+00 (0.000e+00)  TeacherAttnKL: 0.000e+00 (0.000e+00)  TeacherRel: 0.000e+00 (0.000e+00)  TeacherAttnOut: 0.000e+00 (0.000e+00)  TeacherFeatOut: 0.000e+00 (0.000e+00)  ActScaleAnchor: 0.000e+00 (0.000e+00)  VarTrust: 0.000e+00 (0.000e+00)  DirAnchor: 0.000e+00 (0.000e+00)  BinReg: 0.000e+00 (0.000e+00)  SelBinAnchor: 0.000e+00 (0.000e+00)  ActBinMargin: 0.000e+00 (0.000e+00)  Time: 0.245s, 2089.71/s  (0.233s, 2201.38/s)  LR: 5.897e-06  RefW: 0.000e+00  AnchorRefW: 0.000e+00  Data: 0.005 (0.007)
2026-07-10T13:27:34Z	48	0.000e+00	0.000e+00	Train: 48 [1000/2502 ( 40%)]  Loss: 51.411121 (51.3986)  BaseLoss: 51.411121 (51.3986)  RefAttnKL: 0.000e+00 (0.000e+00)  RefLogitKL: 0.000e+00 (0.000e+00)  AnchorRefAttnKL: 0.000e+00 (0.000e+00)  TeacherAttnKL: 0.000e+00 (0.000e+00)  TeacherRel: 0.000e+00 (0.000e+00)  TeacherAttnOut: 0.000e+00 (0.000e+00)  TeacherFeatOut: 0.000e+00 (0.000e+00)  ActScaleAnchor: 0.000e+00 (0.000e+00)  VarTrust: 0.000e+00 (0.000e+00)  DirAnchor: 0.000e+00 (0.000e+00)  BinReg: 0.000e+00 (0.000e+00)  SelBinAnchor: 0.000e+00 (0.000e+00)  ActBinMargin: 0.000e+00 (0.000e+00)  Time: 0.244s, 2098.10/s  (0.233s, 2201.84/s)  LR: 5.894e-06  RefW: 0.000e+00  AnchorRefW: 0.000e+00  Data: 0.006 (0.007)
2026-07-10T13:27:34Z	48	0.000e+00	0.000e+00	Train: 48 [1050/2502 ( 42%)]  Loss: 51.383629 (51.3979)  BaseLoss: 51.383629 (51.3979)  RefAttnKL: 0.000e+00 (0.000e+00)  RefLogitKL: 0.000e+00 (0.000e+00)  AnchorRefAttnKL: 0.000e+00 (0.000e+00)  TeacherAttnKL: 0.000e+00 (0.000e+00)  TeacherRel: 0.000e+00 (0.000e+00)  TeacherAttnOut: 0.000e+00 (0.000e+00)  TeacherFeatOut: 0.000e+00 (0.000e+00)  ActScaleAnchor: 0.000e+00 (0.000e+00)  VarTrust: 0.000e+00 (0.000e+00)  DirAnchor: 0.000e+00 (0.000e+00)  BinReg: 0.000e+00 (0.000e+00)  SelBinAnchor: 0.000e+00 (0.000e+00)  ActBinMargin: 0.000e+00 (0.000e+00)  Time: 0.243s, 2109.34/s  (0.232s, 2202.21/s)  LR: 5.891e-06  RefW: 0.000e+00  AnchorRefW: 0.000e+00  Data: 0.006 (0.007)
2026-07-10T13:27:34Z	48	0.000e+00	0.000e+00	Train: 48 [1100/2502 ( 44%)]  Loss: 51.348598 (51.3958)  BaseLoss: 51.348598 (51.3958)  RefAttnKL: 0.000e+00 (0.000e+00)  RefLogitKL: 0.000e+00 (0.000e+00)  AnchorRefAttnKL: 0.000e+00 (0.000e+00)  TeacherAttnKL: 0.000e+00 (0.000e+00)  TeacherRel: 0.000e+00 (0.000e+00)  TeacherAttnOut: 0.000e+00 (0.000e+00)  TeacherFeatOut: 0.000e+00 (0.000e+00)  ActScaleAnchor: 0.000e+00 (0.000e+00)  VarTrust: 0.000e+00 (0.000e+00)  DirAnchor: 0.000e+00 (0.000e+00)  BinReg: 0.000e+00 (0.000e+00)  SelBinAnchor: 0.000e+00 (0.000e+00)  ActBinMargin: 0.000e+00 (0.000e+00)  Time: 0.244s, 2095.80/s  (0.232s, 2202.32/s)  LR: 5.888e-06  RefW: 0.000e+00  AnchorRefW: 0.000e+00  Data: 0.006 (0.007)
2026-07-10T13:27:34Z	48	0.000e+00	0.000e+00	Train: 48 [1150/2502 ( 46%)]  Loss: 51.402138 (51.3960)  BaseLoss: 51.402138 (51.3960)  RefAttnKL: 0.000e+00 (0.000e+00)  RefLogitKL: 0.000e+00 (0.000e+00)  AnchorRefAttnKL: 0.000e+00 (0.000e+00)  TeacherAttnKL: 0.000e+00 (0.000e+00)  TeacherRel: 0.000e+00 (0.000e+00)  TeacherAttnOut: 0.000e+00 (0.000e+00)  TeacherFeatOut: 0.000e+00 (0.000e+00)  ActScaleAnchor: 0.000e+00 (0.000e+00)  VarTrust: 0.000e+00 (0.000e+00)  DirAnchor: 0.000e+00 (0.000e+00)  BinReg: 0.000e+00 (0.000e+00)  SelBinAnchor: 0.000e+00 (0.000e+00)  ActBinMargin: 0.000e+00 (0.000e+00)  Time: 0.244s, 2095.34/s  (0.232s, 2203.21/s)  LR: 5.885e-06  RefW: 0.000e+00  AnchorRefW: 0.000e+00  Data: 0.006 (0.007)
2026-07-10T13:27:34Z	48	0.000e+00	0.000e+00	Train: 48 [1200/2502 ( 48%)]  Loss: 51.378624 (51.3954)  BaseLoss: 51.378624 (51.3954)  RefAttnKL: 0.000e+00 (0.000e+00)  RefLogitKL: 0.000e+00 (0.000e+00)  AnchorRefAttnKL: 0.000e+00 (0.000e+00)  TeacherAttnKL: 0.000e+00 (0.000e+00)  TeacherRel: 0.000e+00 (0.000e+00)  TeacherAttnOut: 0.000e+00 (0.000e+00)  TeacherFeatOut: 0.000e+00 (0.000e+00)  ActScaleAnchor: 0.000e+00 (0.000e+00)  VarTrust: 0.000e+00 (0.000e+00)  DirAnchor: 0.000e+00 (0.000e+00)  BinReg: 0.000e+00 (0.000e+00)  SelBinAnchor: 0.000e+00 (0.000e+00)  ActBinMargin: 0.000e+00 (0.000e+00)  Time: 0.244s, 2097.92/s  (0.232s, 2203.50/s)  LR: 5.882e-06  RefW: 0.000e+00  AnchorRefW: 0.000e+00  Data: 0.006 (0.007)
2026-07-10T13:27:34Z	48	0.000e+00	0.000e+00	Train: 48 [1250/2502 ( 50%)]  Loss: 51.413807 (51.3961)  BaseLoss: 51.413807 (51.3961)  RefAttnKL: 0.000e+00 (0.000e+00)  RefLogitKL: 0.000e+00 (0.000e+00)  AnchorRefAttnKL: 0.000e+00 (0.000e+00)  TeacherAttnKL: 0.000e+00 (0.000e+00)  TeacherRel: 0.000e+00 (0.000e+00)  TeacherAttnOut: 0.000e+00 (0.000e+00)  TeacherFeatOut: 0.000e+00 (0.000e+00)  ActScaleAnchor: 0.000e+00 (0.000e+00)  VarTrust: 0.000e+00 (0.000e+00)  DirAnchor: 0.000e+00 (0.000e+00)  BinReg: 0.000e+00 (0.000e+00)  SelBinAnchor: 0.000e+00 (0.000e+00)  ActBinMargin: 0.000e+00 (0.000e+00)  Time: 0.242s, 2112.63/s  (0.232s, 2204.13/s)  LR: 5.879e-06  RefW: 0.000e+00  AnchorRefW: 0.000e+00  Data: 0.006 (0.007)
2026-07-10T13:27:34Z	48	0.000e+00	0.000e+00	Train: 48 [1300/2502 ( 52%)]  Loss: 51.398869 (51.3962)  BaseLoss: 51.398869 (51.3962)  RefAttnKL: 0.000e+00 (0.000e+00)  RefLogitKL: 0.000e+00 (0.000e+00)  AnchorRefAttnKL: 0.000e+00 (0.000e+00)  TeacherAttnKL: 0.000e+00 (0.000e+00)  TeacherRel: 0.000e+00 (0.000e+00)  TeacherAttnOut: 0.000e+00 (0.000e+00)  TeacherFeatOut: 0.000e+00 (0.000e+00)  ActScaleAnchor: 0.000e+00 (0.000e+00)  VarTrust: 0.000e+00 (0.000e+00)  DirAnchor: 0.000e+00 (0.000e+00)  BinReg: 0.000e+00 (0.000e+00)  SelBinAnchor: 0.000e+00 (0.000e+00)  ActBinMargin: 0.000e+00 (0.000e+00)  Time: 0.244s, 2098.79/s  (0.232s, 2204.58/s)  LR: 5.876e-06  RefW: 0.000e+00  AnchorRefW: 0.000e+00  Data: 0.007 (0.007)
2026-07-10T13:27:34Z	48	0.000e+00	0.000e+00	Train: 48 [1350/2502 ( 54%)]  Loss: 51.422234 (51.3971)  BaseLoss: 51.422234 (51.3971)  RefAttnKL: 0.000e+00 (0.000e+00)  RefLogitKL: 0.000e+00 (0.000e+00)  AnchorRefAttnKL: 0.000e+00 (0.000e+00)  TeacherAttnKL: 0.000e+00 (0.000e+00)  TeacherRel: 0.000e+00 (0.000e+00)  TeacherAttnOut: 0.000e+00 (0.000e+00)  TeacherFeatOut: 0.000e+00 (0.000e+00)  ActScaleAnchor: 0.000e+00 (0.000e+00)  VarTrust: 0.000e+00 (0.000e+00)  DirAnchor: 0.000e+00 (0.000e+00)  BinReg: 0.000e+00 (0.000e+00)  SelBinAnchor: 0.000e+00 (0.000e+00)  ActBinMargin: 0.000e+00 (0.000e+00)  Time: 0.257s, 1995.05/s  (0.232s, 2204.84/s)  LR: 5.873e-06  RefW: 0.000e+00  AnchorRefW: 0.000e+00  Data: 0.006 (0.007)
2026-07-10T13:27:34Z	48	0.000e+00	0.000e+00	Train: 48 [1400/2502 ( 56%)]  Loss: 51.402184 (51.3973)  BaseLoss: 51.402184 (51.3973)  RefAttnKL: 0.000e+00 (0.000e+00)  RefLogitKL: 0.000e+00 (0.000e+00)  AnchorRefAttnKL: 0.000e+00 (0.000e+00)  TeacherAttnKL: 0.000e+00 (0.000e+00)  TeacherRel: 0.000e+00 (0.000e+00)  TeacherAttnOut: 0.000e+00 (0.000e+00)  TeacherFeatOut: 0.000e+00 (0.000e+00)  ActScaleAnchor: 0.000e+00 (0.000e+00)  VarTrust: 0.000e+00 (0.000e+00)  DirAnchor: 0.000e+00 (0.000e+00)  BinReg: 0.000e+00 (0.000e+00)  SelBinAnchor: 0.000e+00 (0.000e+00)  ActBinMargin: 0.000e+00 (0.000e+00)  Time: 0.243s, 2106.64/s  (0.232s, 2205.05/s)  LR: 5.870e-06  RefW: 0.000e+00  AnchorRefW: 0.000e+00  Data: 0.006 (0.007)
2026-07-10T13:27:34Z	48	0.000e+00	0.000e+00	Train: 48 [1450/2502 ( 58%)]  Loss: 51.416245 (51.3979)  BaseLoss: 51.416245 (51.3979)  RefAttnKL: 0.000e+00 (0.000e+00)  RefLogitKL: 0.000e+00 (0.000e+00)  AnchorRefAttnKL: 0.000e+00 (0.000e+00)  TeacherAttnKL: 0.000e+00 (0.000e+00)  TeacherRel: 0.000e+00 (0.000e+00)  TeacherAttnOut: 0.000e+00 (0.000e+00)  TeacherFeatOut: 0.000e+00 (0.000e+00)  ActScaleAnchor: 0.000e+00 (0.000e+00)  VarTrust: 0.000e+00 (0.000e+00)  DirAnchor: 0.000e+00 (0.000e+00)  BinReg: 0.000e+00 (0.000e+00)  SelBinAnchor: 0.000e+00 (0.000e+00)  ActBinMargin: 0.000e+00 (0.000e+00)  Time: 0.243s, 2109.52/s  (0.232s, 2205.44/s)  LR: 5.868e-06  RefW: 0.000e+00  AnchorRefW: 0.000e+00  Data: 0.006 (0.007)
2026-07-10T13:27:34Z	48	0.000e+00	0.000e+00	Train: 48 [1500/2502 ( 60%)]  Loss: 51.421860 (51.3987)  BaseLoss: 51.421860 (51.3987)  RefAttnKL: 0.000e+00 (0.000e+00)  RefLogitKL: 0.000e+00 (0.000e+00)  AnchorRefAttnKL: 0.000e+00 (0.000e+00)  TeacherAttnKL: 0.000e+00 (0.000e+00)  TeacherRel: 0.000e+00 (0.000e+00)  TeacherAttnOut: 0.000e+00 (0.000e+00)  TeacherFeatOut: 0.000e+00 (0.000e+00)  ActScaleAnchor: 0.000e+00 (0.000e+00)  VarTrust: 0.000e+00 (0.000e+00)  DirAnchor: 0.000e+00 (0.000e+00)  BinReg: 0.000e+00 (0.000e+00)  SelBinAnchor: 0.000e+00 (0.000e+00)  ActBinMargin: 0.000e+00 (0.000e+00)  Time: 0.242s, 2116.34/s  (0.232s, 2205.95/s)  LR: 5.865e-06  RefW: 0.000e+00  AnchorRefW: 0.000e+00  Data: 0.006 (0.007)
2026-07-10T13:27:34Z	48	0.000e+00	0.000e+00	Train: 48 [1550/2502 ( 62%)]  Loss: 51.403458 (51.3988)  BaseLoss: 51.403458 (51.3988)  RefAttnKL: 0.000e+00 (0.000e+00)  RefLogitKL: 0.000e+00 (0.000e+00)  AnchorRefAttnKL: 0.000e+00 (0.000e+00)  TeacherAttnKL: 0.000e+00 (0.000e+00)  TeacherRel: 0.000e+00 (0.000e+00)  TeacherAttnOut: 0.000e+00 (0.000e+00)  TeacherFeatOut: 0.000e+00 (0.000e+00)  ActScaleAnchor: 0.000e+00 (0.000e+00)  VarTrust: 0.000e+00 (0.000e+00)  DirAnchor: 0.000e+00 (0.000e+00)  BinReg: 0.000e+00 (0.000e+00)  SelBinAnchor: 0.000e+00 (0.000e+00)  ActBinMargin: 0.000e+00 (0.000e+00)  Time: 0.243s, 2105.81/s  (0.232s, 2206.27/s)  LR: 5.862e-06  RefW: 0.000e+00  AnchorRefW: 0.000e+00  Data: 0.006 (0.007)
2026-07-10T13:27:34Z	48	0.000e+00	0.000e+00	Train: 48 [1600/2502 ( 64%)]  Loss: 51.408455 (51.3991)  BaseLoss: 51.408455 (51.3991)  RefAttnKL: 0.000e+00 (0.000e+00)  RefLogitKL: 0.000e+00 (0.000e+00)  AnchorRefAttnKL: 0.000e+00 (0.000e+00)  TeacherAttnKL: 0.000e+00 (0.000e+00)  TeacherRel: 0.000e+00 (0.000e+00)  TeacherAttnOut: 0.000e+00 (0.000e+00)  TeacherFeatOut: 0.000e+00 (0.000e+00)  ActScaleAnchor: 0.000e+00 (0.000e+00)  VarTrust: 0.000e+00 (0.000e+00)  DirAnchor: 0.000e+00 (0.000e+00)  BinReg: 0.000e+00 (0.000e+00)  SelBinAnchor: 0.000e+00 (0.000e+00)  ActBinMargin: 0.000e+00 (0.000e+00)  Time: 0.243s, 2111.08/s  (0.232s, 2206.86/s)  LR: 5.859e-06  RefW: 0.000e+00  AnchorRefW: 0.000e+00  Data: 0.007 (0.007)
2026-07-10T13:27:34Z	48	0.000e+00	0.000e+00	Train: 48 [1650/2502 ( 66%)]  Loss: 51.426388 (51.3999)  BaseLoss: 51.426388 (51.3999)  RefAttnKL: 0.000e+00 (0.000e+00)  RefLogitKL: 0.000e+00 (0.000e+00)  AnchorRefAttnKL: 0.000e+00 (0.000e+00)  TeacherAttnKL: 0.000e+00 (0.000e+00)  TeacherRel: 0.000e+00 (0.000e+00)  TeacherAttnOut: 0.000e+00 (0.000e+00)  TeacherFeatOut: 0.000e+00 (0.000e+00)  ActScaleAnchor: 0.000e+00 (0.000e+00)  VarTrust: 0.000e+00 (0.000e+00)  DirAnchor: 0.000e+00 (0.000e+00)  BinReg: 0.000e+00 (0.000e+00)  SelBinAnchor: 0.000e+00 (0.000e+00)  ActBinMargin: 0.000e+00 (0.000e+00)  Time: 0.243s, 2104.11/s  (0.232s, 2207.06/s)  LR: 5.856e-06  RefW: 0.000e+00  AnchorRefW: 0.000e+00  Data: 0.006 (0.007)
2026-07-10T13:27:34Z	48	0.000e+00	0.000e+00	Train: 48 [1700/2502 ( 68%)]  Loss: 51.407040 (51.4001)  BaseLoss: 51.407040 (51.4001)  RefAttnKL: 0.000e+00 (0.000e+00)  RefLogitKL: 0.000e+00 (0.000e+00)  AnchorRefAttnKL: 0.000e+00 (0.000e+00)  TeacherAttnKL: 0.000e+00 (0.000e+00)  TeacherRel: 0.000e+00 (0.000e+00)  TeacherAttnOut: 0.000e+00 (0.000e+00)  TeacherFeatOut: 0.000e+00 (0.000e+00)  ActScaleAnchor: 0.000e+00 (0.000e+00)  VarTrust: 0.000e+00 (0.000e+00)  DirAnchor: 0.000e+00 (0.000e+00)  BinReg: 0.000e+00 (0.000e+00)  SelBinAnchor: 0.000e+00 (0.000e+00)  ActBinMargin: 0.000e+00 (0.000e+00)  Time: 0.244s, 2102.22/s  (0.232s, 2207.51/s)  LR: 5.853e-06  RefW: 0.000e+00  AnchorRefW: 0.000e+00  Data: 0.006 (0.007)
2026-07-10T13:27:34Z	48	0.000e+00	0.000e+00	Train: 48 [1750/2502 ( 70%)]  Loss: 51.392944 (51.3999)  BaseLoss: 51.392944 (51.3999)  RefAttnKL: 0.000e+00 (0.000e+00)  RefLogitKL: 0.000e+00 (0.000e+00)  AnchorRefAttnKL: 0.000e+00 (0.000e+00)  TeacherAttnKL: 0.000e+00 (0.000e+00)  TeacherRel: 0.000e+00 (0.000e+00)  TeacherAttnOut: 0.000e+00 (0.000e+00)  TeacherFeatOut: 0.000e+00 (0.000e+00)  ActScaleAnchor: 0.000e+00 (0.000e+00)  VarTrust: 0.000e+00 (0.000e+00)  DirAnchor: 0.000e+00 (0.000e+00)  BinReg: 0.000e+00 (0.000e+00)  SelBinAnchor: 0.000e+00 (0.000e+00)  ActBinMargin: 0.000e+00 (0.000e+00)  Time: 0.243s, 2106.84/s  (0.232s, 2207.56/s)  LR: 5.850e-06  RefW: 0.000e+00  AnchorRefW: 0.000e+00  Data: 0.006 (0.007)
2026-07-10T13:27:34Z	48	0.000e+00	0.000e+00	Train: 48 [1800/2502 ( 72%)]  Loss: 51.413761 (51.4003)  BaseLoss: 51.413761 (51.4003)  RefAttnKL: 0.000e+00 (0.000e+00)  RefLogitKL: 0.000e+00 (0.000e+00)  AnchorRefAttnKL: 0.000e+00 (0.000e+00)  TeacherAttnKL: 0.000e+00 (0.000e+00)  TeacherRel: 0.000e+00 (0.000e+00)  TeacherAttnOut: 0.000e+00 (0.000e+00)  TeacherFeatOut: 0.000e+00 (0.000e+00)  ActScaleAnchor: 0.000e+00 (0.000e+00)  VarTrust: 0.000e+00 (0.000e+00)  DirAnchor: 0.000e+00 (0.000e+00)  BinReg: 0.000e+00 (0.000e+00)  SelBinAnchor: 0.000e+00 (0.000e+00)  ActBinMargin: 0.000e+00 (0.000e+00)  Time: 0.244s, 2099.33/s  (0.232s, 2208.07/s)  LR: 5.847e-06  RefW: 0.000e+00  AnchorRefW: 0.000e+00  Data: 0.006 (0.007)
2026-07-10T13:27:34Z	48	0.000e+00	0.000e+00	Train: 48 [1850/2502 ( 74%)]  Loss: 51.373291 (51.3996)  BaseLoss: 51.373291 (51.3996)  RefAttnKL: 0.000e+00 (0.000e+00)  RefLogitKL: 0.000e+00 (0.000e+00)  AnchorRefAttnKL: 0.000e+00 (0.000e+00)  TeacherAttnKL: 0.000e+00 (0.000e+00)  TeacherRel: 0.000e+00 (0.000e+00)  TeacherAttnOut: 0.000e+00 (0.000e+00)  TeacherFeatOut: 0.000e+00 (0.000e+00)  ActScaleAnchor: 0.000e+00 (0.000e+00)  VarTrust: 0.000e+00 (0.000e+00)  DirAnchor: 0.000e+00 (0.000e+00)  BinReg: 0.000e+00 (0.000e+00)  SelBinAnchor: 0.000e+00 (0.000e+00)  ActBinMargin: 0.000e+00 (0.000e+00)  Time: 0.243s, 2109.03/s  (0.232s, 2207.72/s)  LR: 5.844e-06  RefW: 0.000e+00  AnchorRefW: 0.000e+00  Data: 0.006 (0.007)
2026-07-10T13:27:34Z	48	0.000e+00	0.000e+00	Train: 48 [1900/2502 ( 76%)]  Loss: 51.428993 (51.4003)  BaseLoss: 51.428993 (51.4003)  RefAttnKL: 0.000e+00 (0.000e+00)  RefLogitKL: 0.000e+00 (0.000e+00)  AnchorRefAttnKL: 0.000e+00 (0.000e+00)  TeacherAttnKL: 0.000e+00 (0.000e+00)  TeacherRel: 0.000e+00 (0.000e+00)  TeacherAttnOut: 0.000e+00 (0.000e+00)  TeacherFeatOut: 0.000e+00 (0.000e+00)  ActScaleAnchor: 0.000e+00 (0.000e+00)  VarTrust: 0.000e+00 (0.000e+00)  DirAnchor: 0.000e+00 (0.000e+00)  BinReg: 0.000e+00 (0.000e+00)  SelBinAnchor: 0.000e+00 (0.000e+00)  ActBinMargin: 0.000e+00 (0.000e+00)  Time: 0.250s, 2047.20/s  (0.232s, 2207.85/s)  LR: 5.841e-06  RefW: 0.000e+00  AnchorRefW: 0.000e+00  Data: 0.006 (0.007)
2026-07-10T13:27:34Z	48	0.000e+00	0.000e+00	Train: 48 [1950/2502 ( 78%)]  Loss: 51.446236 (51.4015)  BaseLoss: 51.446236 (51.4015)  RefAttnKL: 0.000e+00 (0.000e+00)  RefLogitKL: 0.000e+00 (0.000e+00)  AnchorRefAttnKL: 0.000e+00 (0.000e+00)  TeacherAttnKL: 0.000e+00 (0.000e+00)  TeacherRel: 0.000e+00 (0.000e+00)  TeacherAttnOut: 0.000e+00 (0.000e+00)  TeacherFeatOut: 0.000e+00 (0.000e+00)  ActScaleAnchor: 0.000e+00 (0.000e+00)  VarTrust: 0.000e+00 (0.000e+00)  DirAnchor: 0.000e+00 (0.000e+00)  BinReg: 0.000e+00 (0.000e+00)  SelBinAnchor: 0.000e+00 (0.000e+00)  ActBinMargin: 0.000e+00 (0.000e+00)  Time: 0.251s, 2043.32/s  (0.232s, 2207.65/s)  LR: 5.838e-06  RefW: 0.000e+00  AnchorRefW: 0.000e+00  Data: 0.006 (0.007)
2026-07-10T13:27:34Z	48	0.000e+00	0.000e+00	Train: 48 [2000/2502 ( 80%)]  Loss: 51.401833 (51.4015)  BaseLoss: 51.401833 (51.4015)  RefAttnKL: 0.000e+00 (0.000e+00)  RefLogitKL: 0.000e+00 (0.000e+00)  AnchorRefAttnKL: 0.000e+00 (0.000e+00)  TeacherAttnKL: 0.000e+00 (0.000e+00)  TeacherRel: 0.000e+00 (0.000e+00)  TeacherAttnOut: 0.000e+00 (0.000e+00)  TeacherFeatOut: 0.000e+00 (0.000e+00)  ActScaleAnchor: 0.000e+00 (0.000e+00)  VarTrust: 0.000e+00 (0.000e+00)  DirAnchor: 0.000e+00 (0.000e+00)  BinReg: 0.000e+00 (0.000e+00)  SelBinAnchor: 0.000e+00 (0.000e+00)  ActBinMargin: 0.000e+00 (0.000e+00)  Time: 0.244s, 2097.85/s  (0.232s, 2207.86/s)  LR: 5.835e-06  RefW: 0.000e+00  AnchorRefW: 0.000e+00  Data: 0.006 (0.007)
2026-07-10T13:27:34Z	48	0.000e+00	0.000e+00	Train: 48 [2050/2502 ( 82%)]  Loss: 51.372047 (51.4008)  BaseLoss: 51.372047 (51.4008)  RefAttnKL: 0.000e+00 (0.000e+00)  RefLogitKL: 0.000e+00 (0.000e+00)  AnchorRefAttnKL: 0.000e+00 (0.000e+00)  TeacherAttnKL: 0.000e+00 (0.000e+00)  TeacherRel: 0.000e+00 (0.000e+00)  TeacherAttnOut: 0.000e+00 (0.000e+00)  TeacherFeatOut: 0.000e+00 (0.000e+00)  ActScaleAnchor: 0.000e+00 (0.000e+00)  VarTrust: 0.000e+00 (0.000e+00)  DirAnchor: 0.000e+00 (0.000e+00)  BinReg: 0.000e+00 (0.000e+00)  SelBinAnchor: 0.000e+00 (0.000e+00)  ActBinMargin: 0.000e+00 (0.000e+00)  Time: 0.276s, 1853.01/s  (0.232s, 2207.91/s)  LR: 5.833e-06  RefW: 0.000e+00  AnchorRefW: 0.000e+00  Data: 0.007 (0.007)
2026-07-10T13:27:34Z	48	0.000e+00	0.000e+00	Train: 48 [2100/2502 ( 84%)]  Loss: 51.393856 (51.4006)  BaseLoss: 51.393856 (51.4006)  RefAttnKL: 0.000e+00 (0.000e+00)  RefLogitKL: 0.000e+00 (0.000e+00)  AnchorRefAttnKL: 0.000e+00 (0.000e+00)  TeacherAttnKL: 0.000e+00 (0.000e+00)  TeacherRel: 0.000e+00 (0.000e+00)  TeacherAttnOut: 0.000e+00 (0.000e+00)  TeacherFeatOut: 0.000e+00 (0.000e+00)  ActScaleAnchor: 0.000e+00 (0.000e+00)  VarTrust: 0.000e+00 (0.000e+00)  DirAnchor: 0.000e+00 (0.000e+00)  BinReg: 0.000e+00 (0.000e+00)  SelBinAnchor: 0.000e+00 (0.000e+00)  ActBinMargin: 0.000e+00 (0.000e+00)  Time: 0.244s, 2102.58/s  (0.232s, 2208.22/s)  LR: 5.830e-06  RefW: 0.000e+00  AnchorRefW: 0.000e+00  Data: 0.007 (0.007)
2026-07-10T13:27:34Z	48	0.000e+00	0.000e+00	Train: 48 [2150/2502 ( 86%)]  Loss: 51.409344 (51.4008)  BaseLoss: 51.409344 (51.4008)  RefAttnKL: 0.000e+00 (0.000e+00)  RefLogitKL: 0.000e+00 (0.000e+00)  AnchorRefAttnKL: 0.000e+00 (0.000e+00)  TeacherAttnKL: 0.000e+00 (0.000e+00)  TeacherRel: 0.000e+00 (0.000e+00)  TeacherAttnOut: 0.000e+00 (0.000e+00)  TeacherFeatOut: 0.000e+00 (0.000e+00)  ActScaleAnchor: 0.000e+00 (0.000e+00)  VarTrust: 0.000e+00 (0.000e+00)  DirAnchor: 0.000e+00 (0.000e+00)  BinReg: 0.000e+00 (0.000e+00)  SelBinAnchor: 0.000e+00 (0.000e+00)  ActBinMargin: 0.000e+00 (0.000e+00)  Time: 0.244s, 2102.60/s  (0.232s, 2208.57/s)  LR: 5.827e-06  RefW: 0.000e+00  AnchorRefW: 0.000e+00  Data: 0.005 (0.007)
2026-07-10T13:27:34Z	48	0.000e+00	0.000e+00	Train: 48 [2200/2502 ( 88%)]  Loss: 51.398979 (51.4008)  BaseLoss: 51.398979 (51.4008)  RefAttnKL: 0.000e+00 (0.000e+00)  RefLogitKL: 0.000e+00 (0.000e+00)  AnchorRefAttnKL: 0.000e+00 (0.000e+00)  TeacherAttnKL: 0.000e+00 (0.000e+00)  TeacherRel: 0.000e+00 (0.000e+00)  TeacherAttnOut: 0.000e+00 (0.000e+00)  TeacherFeatOut: 0.000e+00 (0.000e+00)  ActScaleAnchor: 0.000e+00 (0.000e+00)  VarTrust: 0.000e+00 (0.000e+00)  DirAnchor: 0.000e+00 (0.000e+00)  BinReg: 0.000e+00 (0.000e+00)  SelBinAnchor: 0.000e+00 (0.000e+00)  ActBinMargin: 0.000e+00 (0.000e+00)  Time: 0.244s, 2096.20/s  (0.232s, 2208.76/s)  LR: 5.824e-06  RefW: 0.000e+00  AnchorRefW: 0.000e+00  Data: 0.006 (0.007)
2026-07-10T13:27:34Z	48	0.000e+00	0.000e+00	Train: 48 [2250/2502 ( 90%)]  Loss: 51.386494 (51.4005)  BaseLoss: 51.386494 (51.4005)  RefAttnKL: 0.000e+00 (0.000e+00)  RefLogitKL: 0.000e+00 (0.000e+00)  AnchorRefAttnKL: 0.000e+00 (0.000e+00)  TeacherAttnKL: 0.000e+00 (0.000e+00)  TeacherRel: 0.000e+00 (0.000e+00)  TeacherAttnOut: 0.000e+00 (0.000e+00)  TeacherFeatOut: 0.000e+00 (0.000e+00)  ActScaleAnchor: 0.000e+00 (0.000e+00)  VarTrust: 0.000e+00 (0.000e+00)  DirAnchor: 0.000e+00 (0.000e+00)  BinReg: 0.000e+00 (0.000e+00)  SelBinAnchor: 0.000e+00 (0.000e+00)  ActBinMargin: 0.000e+00 (0.000e+00)  Time: 0.244s, 2101.75/s  (0.232s, 2209.08/s)  LR: 5.821e-06  RefW: 0.000e+00  AnchorRefW: 0.000e+00  Data: 0.006 (0.007)
2026-07-10T13:27:34Z	48	0.000e+00	0.000e+00	Train: 48 [2300/2502 ( 92%)]  Loss: 51.413715 (51.4008)  BaseLoss: 51.413715 (51.4008)  RefAttnKL: 0.000e+00 (0.000e+00)  RefLogitKL: 0.000e+00 (0.000e+00)  AnchorRefAttnKL: 0.000e+00 (0.000e+00)  TeacherAttnKL: 0.000e+00 (0.000e+00)  TeacherRel: 0.000e+00 (0.000e+00)  TeacherAttnOut: 0.000e+00 (0.000e+00)  TeacherFeatOut: 0.000e+00 (0.000e+00)  ActScaleAnchor: 0.000e+00 (0.000e+00)  VarTrust: 0.000e+00 (0.000e+00)  DirAnchor: 0.000e+00 (0.000e+00)  BinReg: 0.000e+00 (0.000e+00)  SelBinAnchor: 0.000e+00 (0.000e+00)  ActBinMargin: 0.000e+00 (0.000e+00)  Time: 0.244s, 2096.87/s  (0.232s, 2209.14/s)  LR: 5.818e-06  RefW: 0.000e+00  AnchorRefW: 0.000e+00  Data: 0.006 (0.007)
2026-07-10T13:27:34Z	48	0.000e+00	0.000e+00	Train: 48 [2350/2502 ( 94%)]  Loss: 51.421261 (51.4012)  BaseLoss: 51.421261 (51.4012)  RefAttnKL: 0.000e+00 (0.000e+00)  RefLogitKL: 0.000e+00 (0.000e+00)  AnchorRefAttnKL: 0.000e+00 (0.000e+00)  TeacherAttnKL: 0.000e+00 (0.000e+00)  TeacherRel: 0.000e+00 (0.000e+00)  TeacherAttnOut: 0.000e+00 (0.000e+00)  TeacherFeatOut: 0.000e+00 (0.000e+00)  ActScaleAnchor: 0.000e+00 (0.000e+00)  VarTrust: 0.000e+00 (0.000e+00)  DirAnchor: 0.000e+00 (0.000e+00)  BinReg: 0.000e+00 (0.000e+00)  SelBinAnchor: 0.000e+00 (0.000e+00)  ActBinMargin: 0.000e+00 (0.000e+00)  Time: 0.244s, 2102.40/s  (0.232s, 2209.23/s)  LR: 5.815e-06  RefW: 0.000e+00  AnchorRefW: 0.000e+00  Data: 0.006 (0.007)
2026-07-10T13:27:34Z	48	0.000e+00	0.000e+00	Train: 48 [2400/2502 ( 96%)]  Loss: 51.407925 (51.4013)  BaseLoss: 51.407925 (51.4013)  RefAttnKL: 0.000e+00 (0.000e+00)  RefLogitKL: 0.000e+00 (0.000e+00)  AnchorRefAttnKL: 0.000e+00 (0.000e+00)  TeacherAttnKL: 0.000e+00 (0.000e+00)  TeacherRel: 0.000e+00 (0.000e+00)  TeacherAttnOut: 0.000e+00 (0.000e+00)  TeacherFeatOut: 0.000e+00 (0.000e+00)  ActScaleAnchor: 0.000e+00 (0.000e+00)  VarTrust: 0.000e+00 (0.000e+00)  DirAnchor: 0.000e+00 (0.000e+00)  BinReg: 0.000e+00 (0.000e+00)  SelBinAnchor: 0.000e+00 (0.000e+00)  ActBinMargin: 0.000e+00 (0.000e+00)  Time: 0.243s, 2103.44/s  (0.232s, 2209.30/s)  LR: 5.812e-06  RefW: 0.000e+00  AnchorRefW: 0.000e+00  Data: 0.006 (0.007)
2026-07-10T13:27:34Z	48	0.000e+00	0.000e+00	Train: 48 [2450/2502 ( 98%)]  Loss: 51.410984 (51.4015)  BaseLoss: 51.410984 (51.4015)  RefAttnKL: 0.000e+00 (0.000e+00)  RefLogitKL: 0.000e+00 (0.000e+00)  AnchorRefAttnKL: 0.000e+00 (0.000e+00)  TeacherAttnKL: 0.000e+00 (0.000e+00)  TeacherRel: 0.000e+00 (0.000e+00)  TeacherAttnOut: 0.000e+00 (0.000e+00)  TeacherFeatOut: 0.000e+00 (0.000e+00)  ActScaleAnchor: 0.000e+00 (0.000e+00)  VarTrust: 0.000e+00 (0.000e+00)  DirAnchor: 0.000e+00 (0.000e+00)  BinReg: 0.000e+00 (0.000e+00)  SelBinAnchor: 0.000e+00 (0.000e+00)  ActBinMargin: 0.000e+00 (0.000e+00)  Time: 0.243s, 2109.29/s  (0.232s, 2209.44/s)  LR: 5.810e-06  RefW: 0.000e+00  AnchorRefW: 0.000e+00  Data: 0.006 (0.007)
2026-07-10T13:27:34Z	49	1.500e-04	5.017e+01	Train: 49 [   0/2502 (  0%)]  Loss: 51.427670 (51.4277)  BaseLoss: 51.420151 (51.4202)  RefAttnKL: 5.017e+01 (5.017e+01)  RefLogitKL: 0.000e+00 (0.000e+00)  AnchorRefAttnKL: 0.000e+00 (0.000e+00)  TeacherAttnKL: 0.000e+00 (0.000e+00)  TeacherRel: 0.000e+00 (0.000e+00)  TeacherAttnOut: 0.000e+00 (0.000e+00)  TeacherFeatOut: 0.000e+00 (0.000e+00)  ActScaleAnchor: 0.000e+00 (0.000e+00)  VarTrust: 0.000e+00 (0.000e+00)  DirAnchor: 0.000e+00 (0.000e+00)  BinReg: 0.000e+00 (0.000e+00)  SelBinAnchor: 0.000e+00 (0.000e+00)  ActBinMargin: 0.000e+00 (0.000e+00)  Time: 1.383s,  370.18/s  (1.383s,  370.18/s)  LR: 5.807e-06  RefW: 1.500e-04  AnchorRefW: 0.000e+00  Data: 0.936 (0.936)
2026-07-10T13:27:34Z	49	1.500e-04	3.045e+01	Train: 49 [  50/2502 (  2%)]  Loss: 51.393757 (51.4107)  BaseLoss: 51.389191 (51.4047)  RefAttnKL: 3.045e+01 (4.031e+01)  RefLogitKL: 0.000e+00 (0.000e+00)  AnchorRefAttnKL: 0.000e+00 (0.000e+00)  TeacherAttnKL: 0.000e+00 (0.000e+00)  TeacherRel: 0.000e+00 (0.000e+00)  TeacherAttnOut: 0.000e+00 (0.000e+00)  TeacherFeatOut: 0.000e+00 (0.000e+00)  ActScaleAnchor: 0.000e+00 (0.000e+00)  VarTrust: 0.000e+00 (0.000e+00)  DirAnchor: 0.000e+00 (0.000e+00)  BinReg: 0.000e+00 (0.000e+00)  SelBinAnchor: 0.000e+00 (0.000e+00)  ActBinMargin: 0.000e+00 (0.000e+00)  Time: 0.340s, 1506.97/s  (0.343s, 1491.87/s)  LR: 5.804e-06  RefW: 1.500e-04  AnchorRefW: 0.000e+00  Data: 0.005 (0.024)
2026-07-10T13:27:34Z	49	1.500e-04	2.000e+01	Train: 49 [ 100/2502 (  4%)]  Loss: 51.422295 (51.4146)  BaseLoss: 51.419296 (51.4095)  RefAttnKL: 2.000e+01 (3.354e+01)  RefLogitKL: 0.000e+00 (0.000e+00)  AnchorRefAttnKL: 0.000e+00 (0.000e+00)  TeacherAttnKL: 0.000e+00 (0.000e+00)  TeacherRel: 0.000e+00 (0.000e+00)  TeacherAttnOut: 0.000e+00 (0.000e+00)  TeacherFeatOut: 0.000e+00 (0.000e+00)  ActScaleAnchor: 0.000e+00 (0.000e+00)  VarTrust: 0.000e+00 (0.000e+00)  DirAnchor: 0.000e+00 (0.000e+00)  BinReg: 0.000e+00 (0.000e+00)  SelBinAnchor: 0.000e+00 (0.000e+00)  ActBinMargin: 0.000e+00 (0.000e+00)  Time: 0.335s, 1530.33/s  (0.333s, 1536.02/s)  LR: 5.801e-06  RefW: 1.500e-04  AnchorRefW: 0.000e+00  Data: 0.007 (0.015)
2026-07-10T13:27:34Z	49	1.500e-04	4.892e+01	Train: 49 [ 150/2502 (  6%)]  Loss: 51.423729 (51.4169)  BaseLoss: 51.416389 (51.4113)  RefAttnKL: 4.892e+01 (3.739e+01)  RefLogitKL: 0.000e+00 (0.000e+00)  AnchorRefAttnKL: 0.000e+00 (0.000e+00)  TeacherAttnKL: 0.000e+00 (0.000e+00)  TeacherRel: 0.000e+00 (0.000e+00)  TeacherAttnOut: 0.000e+00 (0.000e+00)  TeacherFeatOut: 0.000e+00 (0.000e+00)  ActScaleAnchor: 0.000e+00 (0.000e+00)  VarTrust: 0.000e+00 (0.000e+00)  DirAnchor: 0.000e+00 (0.000e+00)  BinReg: 0.000e+00 (0.000e+00)  SelBinAnchor: 0.000e+00 (0.000e+00)  ActBinMargin: 0.000e+00 (0.000e+00)  Time: 0.335s, 1529.40/s  (0.330s, 1551.89/s)  LR: 5.798e-06  RefW: 1.500e-04  AnchorRefW: 0.000e+00  Data: 0.007 (0.012)
2026-07-10T13:27:34Z	49	1.500e-04	3.847e+01	Train: 49 [ 200/2502 (  8%)]  Loss: 51.413479 (51.4162)  BaseLoss: 51.407711 (51.4105)  RefAttnKL: 3.847e+01 (3.760e+01)  RefLogitKL: 0.000e+00 (0.000e+00)  AnchorRefAttnKL: 0.000e+00 (0.000e+00)  TeacherAttnKL: 0.000e+00 (0.000e+00)  TeacherRel: 0.000e+00 (0.000e+00)  TeacherAttnOut: 0.000e+00 (0.000e+00)  TeacherFeatOut: 0.000e+00 (0.000e+00)  ActScaleAnchor: 0.000e+00 (0.000e+00)  VarTrust: 0.000e+00 (0.000e+00)  DirAnchor: 0.000e+00 (0.000e+00)  BinReg: 0.000e+00 (0.000e+00)  SelBinAnchor: 0.000e+00 (0.000e+00)  ActBinMargin: 0.000e+00 (0.000e+00)  Time: 0.347s, 1475.06/s  (0.328s, 1559.91/s)  LR: 5.795e-06  RefW: 1.500e-04  AnchorRefW: 0.000e+00  Data: 0.006 (0.011)
2026-07-10T13:27:34Z	49	1.500e-04	3.895e+01	Train: 49 [ 250/2502 ( 10%)]  Loss: 51.450157 (51.4218)  BaseLoss: 51.444313 (51.4162)  RefAttnKL: 3.895e+01 (3.783e+01)  RefLogitKL: 0.000e+00 (0.000e+00)  AnchorRefAttnKL: 0.000e+00 (0.000e+00)  TeacherAttnKL: 0.000e+00 (0.000e+00)  TeacherRel: 0.000e+00 (0.000e+00)  TeacherAttnOut: 0.000e+00 (0.000e+00)  TeacherFeatOut: 0.000e+00 (0.000e+00)  ActScaleAnchor: 0.000e+00 (0.000e+00)  VarTrust: 0.000e+00 (0.000e+00)  DirAnchor: 0.000e+00 (0.000e+00)  BinReg: 0.000e+00 (0.000e+00)  SelBinAnchor: 0.000e+00 (0.000e+00)  ActBinMargin: 0.000e+00 (0.000e+00)  Time: 0.335s, 1529.06/s  (0.327s, 1565.28/s)  LR: 5.792e-06  RefW: 1.500e-04  AnchorRefW: 0.000e+00  Data: 0.006 (0.010)
2026-07-10T13:27:34Z	49	1.500e-04	2.931e+01	Train: 49 [ 300/2502 ( 12%)]  Loss: 51.385952 (51.4167)  BaseLoss: 51.381557 (51.4112)  RefAttnKL: 2.931e+01 (3.661e+01)  RefLogitKL: 0.000e+00 (0.000e+00)  AnchorRefAttnKL: 0.000e+00 (0.000e+00)  TeacherAttnKL: 0.000e+00 (0.000e+00)  TeacherRel: 0.000e+00 (0.000e+00)  TeacherAttnOut: 0.000e+00 (0.000e+00)  TeacherFeatOut: 0.000e+00 (0.000e+00)  ActScaleAnchor: 0.000e+00 (0.000e+00)  VarTrust: 0.000e+00 (0.000e+00)  DirAnchor: 0.000e+00 (0.000e+00)  BinReg: 0.000e+00 (0.000e+00)  SelBinAnchor: 0.000e+00 (0.000e+00)  ActBinMargin: 0.000e+00 (0.000e+00)  Time: 0.334s, 1535.02/s  (0.326s, 1568.92/s)  LR: 5.790e-06  RefW: 1.500e-04  AnchorRefW: 0.000e+00  Data: 0.008 (0.009)
2026-07-10T13:27:34Z	49	1.500e-04	4.768e+01	Train: 49 [ 350/2502 ( 14%)]  Loss: 51.442451 (51.4199)  BaseLoss: 51.435295 (51.4142)  RefAttnKL: 4.768e+01 (3.799e+01)  RefLogitKL: 0.000e+00 (0.000e+00)  AnchorRefAttnKL: 0.000e+00 (0.000e+00)  TeacherAttnKL: 0.000e+00 (0.000e+00)  TeacherRel: 0.000e+00 (0.000e+00)  TeacherAttnOut: 0.000e+00 (0.000e+00)  TeacherFeatOut: 0.000e+00 (0.000e+00)  ActScaleAnchor: 0.000e+00 (0.000e+00)  VarTrust: 0.000e+00 (0.000e+00)  DirAnchor: 0.000e+00 (0.000e+00)  BinReg: 0.000e+00 (0.000e+00)  SelBinAnchor: 0.000e+00 (0.000e+00)  ActBinMargin: 0.000e+00 (0.000e+00)  Time: 0.334s, 1533.18/s  (0.326s, 1571.89/s)  LR: 5.787e-06  RefW: 1.500e-04  AnchorRefW: 0.000e+00  Data: 0.006 (0.009)
2026-07-10T13:27:34Z	49	1.500e-04	3.895e+01	Train: 49 [ 400/2502 ( 16%)]  Loss: 51.446484 (51.4229)  BaseLoss: 51.440643 (51.4172)  RefAttnKL: 3.895e+01 (3.810e+01)  RefLogitKL: 0.000e+00 (0.000e+00)  AnchorRefAttnKL: 0.000e+00 (0.000e+00)  TeacherAttnKL: 0.000e+00 (0.000e+00)  TeacherRel: 0.000e+00 (0.000e+00)  TeacherAttnOut: 0.000e+00 (0.000e+00)  TeacherFeatOut: 0.000e+00 (0.000e+00)  ActScaleAnchor: 0.000e+00 (0.000e+00)  VarTrust: 0.000e+00 (0.000e+00)  DirAnchor: 0.000e+00 (0.000e+00)  BinReg: 0.000e+00 (0.000e+00)  SelBinAnchor: 0.000e+00 (0.000e+00)  ActBinMargin: 0.000e+00 (0.000e+00)  Time: 0.333s, 1536.11/s  (0.325s, 1574.22/s)  LR: 5.784e-06  RefW: 1.500e-04  AnchorRefW: 0.000e+00  Data: 0.006 (0.009)
2026-07-10T13:27:34Z	49	1.500e-04	5.737e+01	Train: 49 [ 450/2502 ( 18%)]  Loss: 51.430115 (51.4236)  BaseLoss: 51.421509 (51.4176)  RefAttnKL: 5.737e+01 (4.003e+01)  RefLogitKL: 0.000e+00 (0.000e+00)  AnchorRefAttnKL: 0.000e+00 (0.000e+00)  TeacherAttnKL: 0.000e+00 (0.000e+00)  TeacherRel: 0.000e+00 (0.000e+00)  TeacherAttnOut: 0.000e+00 (0.000e+00)  TeacherFeatOut: 0.000e+00 (0.000e+00)  ActScaleAnchor: 0.000e+00 (0.000e+00)  VarTrust: 0.000e+00 (0.000e+00)  DirAnchor: 0.000e+00 (0.000e+00)  BinReg: 0.000e+00 (0.000e+00)  SelBinAnchor: 0.000e+00 (0.000e+00)  ActBinMargin: 0.000e+00 (0.000e+00)  Time: 0.335s, 1527.90/s  (0.325s, 1575.45/s)  LR: 5.781e-06  RefW: 1.500e-04  AnchorRefW: 0.000e+00  Data: 0.007 (0.008)
2026-07-10T13:27:34Z	49	1.500e-04	4.752e+01	Train: 49 [ 500/2502 ( 20%)]  Loss: 51.432537 (51.4244)  BaseLoss: 51.425407 (51.4183)  RefAttnKL: 4.752e+01 (4.071e+01)  RefLogitKL: 0.000e+00 (0.000e+00)  AnchorRefAttnKL: 0.000e+00 (0.000e+00)  TeacherAttnKL: 0.000e+00 (0.000e+00)  TeacherRel: 0.000e+00 (0.000e+00)  TeacherAttnOut: 0.000e+00 (0.000e+00)  TeacherFeatOut: 0.000e+00 (0.000e+00)  ActScaleAnchor: 0.000e+00 (0.000e+00)  VarTrust: 0.000e+00 (0.000e+00)  DirAnchor: 0.000e+00 (0.000e+00)  BinReg: 0.000e+00 (0.000e+00)  SelBinAnchor: 0.000e+00 (0.000e+00)  ActBinMargin: 0.000e+00 (0.000e+00)  Time: 0.339s, 1509.33/s  (0.325s, 1576.85/s)  LR: 5.778e-06  RefW: 1.500e-04  AnchorRefW: 0.000e+00  Data: 0.007 (0.008)
2026-07-10T13:27:34Z	49	1.500e-04	6.538e+01	Train: 49 [ 550/2502 ( 22%)]  Loss: 51.434929 (51.4253)  BaseLoss: 51.425125 (51.4189)  RefAttnKL: 6.538e+01 (4.276e+01)  RefLogitKL: 0.000e+00 (0.000e+00)  AnchorRefAttnKL: 0.000e+00 (0.000e+00)  TeacherAttnKL: 0.000e+00 (0.000e+00)  TeacherRel: 0.000e+00 (0.000e+00)  TeacherAttnOut: 0.000e+00 (0.000e+00)  TeacherFeatOut: 0.000e+00 (0.000e+00)  ActScaleAnchor: 0.000e+00 (0.000e+00)  VarTrust: 0.000e+00 (0.000e+00)  DirAnchor: 0.000e+00 (0.000e+00)  BinReg: 0.000e+00 (0.000e+00)  SelBinAnchor: 0.000e+00 (0.000e+00)  ActBinMargin: 0.000e+00 (0.000e+00)  Time: 0.337s, 1518.75/s  (0.325s, 1577.46/s)  LR: 5.776e-06  RefW: 1.500e-04  AnchorRefW: 0.000e+00  Data: 0.006 (0.008)
2026-07-10T13:27:34Z	49	1.500e-04	3.831e+01	Train: 49 [ 600/2502 ( 24%)]  Loss: 51.370735 (51.4211)  BaseLoss: 51.364986 (51.4147)  RefAttnKL: 3.831e+01 (4.242e+01)  RefLogitKL: 0.000e+00 (0.000e+00)  AnchorRefAttnKL: 0.000e+00 (0.000e+00)  TeacherAttnKL: 0.000e+00 (0.000e+00)  TeacherRel: 0.000e+00 (0.000e+00)  TeacherAttnOut: 0.000e+00 (0.000e+00)  TeacherFeatOut: 0.000e+00 (0.000e+00)  ActScaleAnchor: 0.000e+00 (0.000e+00)  VarTrust: 0.000e+00 (0.000e+00)  DirAnchor: 0.000e+00 (0.000e+00)  BinReg: 0.000e+00 (0.000e+00)  SelBinAnchor: 0.000e+00 (0.000e+00)  ActBinMargin: 0.000e+00 (0.000e+00)  Time: 0.334s, 1531.76/s  (0.324s, 1578.55/s)  LR: 5.773e-06  RefW: 1.500e-04  AnchorRefW: 0.000e+00  Data: 0.006 (0.008)
2026-07-10T13:27:34Z	49	1.500e-04	2.783e+01	Train: 49 [ 650/2502 ( 26%)]  Loss: 51.409050 (51.4202)  BaseLoss: 51.404873 (51.4140)  RefAttnKL: 2.783e+01 (4.138e+01)  RefLogitKL: 0.000e+00 (0.000e+00)  AnchorRefAttnKL: 0.000e+00 (0.000e+00)  TeacherAttnKL: 0.000e+00 (0.000e+00)  TeacherRel: 0.000e+00 (0.000e+00)  TeacherAttnOut: 0.000e+00 (0.000e+00)  TeacherFeatOut: 0.000e+00 (0.000e+00)  ActScaleAnchor: 0.000e+00 (0.000e+00)  VarTrust: 0.000e+00 (0.000e+00)  DirAnchor: 0.000e+00 (0.000e+00)  BinReg: 0.000e+00 (0.000e+00)  SelBinAnchor: 0.000e+00 (0.000e+00)  ActBinMargin: 0.000e+00 (0.000e+00)  Time: 0.334s, 1533.28/s  (0.324s, 1578.99/s)  LR: 5.770e-06  RefW: 1.500e-04  AnchorRefW: 0.000e+00  Data: 0.006 (0.008)
2026-07-10T13:27:34Z	49	1.500e-04	1.940e+01	Train: 49 [ 700/2502 ( 28%)]  Loss: 51.368240 (51.4168)  BaseLoss: 51.365326 (51.4108)  RefAttnKL: 1.940e+01 (3.991e+01)  RefLogitKL: 0.000e+00 (0.000e+00)  AnchorRefAttnKL: 0.000e+00 (0.000e+00)  TeacherAttnKL: 0.000e+00 (0.000e+00)  TeacherRel: 0.000e+00 (0.000e+00)  TeacherAttnOut: 0.000e+00 (0.000e+00)  TeacherFeatOut: 0.000e+00 (0.000e+00)  ActScaleAnchor: 0.000e+00 (0.000e+00)  VarTrust: 0.000e+00 (0.000e+00)  DirAnchor: 0.000e+00 (0.000e+00)  BinReg: 0.000e+00 (0.000e+00)  SelBinAnchor: 0.000e+00 (0.000e+00)  ActBinMargin: 0.000e+00 (0.000e+00)  Time: 0.335s, 1529.60/s  (0.324s, 1579.69/s)  LR: 5.767e-06  RefW: 1.500e-04  AnchorRefW: 0.000e+00  Data: 0.006 (0.008)
2026-07-10T13:27:34Z	49	1.500e-04	2.841e+01	Train: 49 [ 750/2502 ( 30%)]  Loss: 51.366730 (51.4136)  BaseLoss: 51.362469 (51.4078)  RefAttnKL: 2.841e+01 (3.919e+01)  RefLogitKL: 0.000e+00 (0.000e+00)  AnchorRefAttnKL: 0.000e+00 (0.000e+00)  TeacherAttnKL: 0.000e+00 (0.000e+00)  TeacherRel: 0.000e+00 (0.000e+00)  TeacherAttnOut: 0.000e+00 (0.000e+00)  TeacherFeatOut: 0.000e+00 (0.000e+00)  ActScaleAnchor: 0.000e+00 (0.000e+00)  VarTrust: 0.000e+00 (0.000e+00)  DirAnchor: 0.000e+00 (0.000e+00)  BinReg: 0.000e+00 (0.000e+00)  SelBinAnchor: 0.000e+00 (0.000e+00)  ActBinMargin: 0.000e+00 (0.000e+00)  Time: 0.335s, 1527.76/s  (0.324s, 1580.16/s)  LR: 5.764e-06  RefW: 1.500e-04  AnchorRefW: 0.000e+00  Data: 0.007 (0.007)
2026-07-10T13:27:34Z	49	1.500e-04	3.804e+01	Train: 49 [ 800/2502 ( 32%)]  Loss: 51.398678 (51.4128)  BaseLoss: 51.392971 (51.4069)  RefAttnKL: 3.804e+01 (3.913e+01)  RefLogitKL: 0.000e+00 (0.000e+00)  AnchorRefAttnKL: 0.000e+00 (0.000e+00)  TeacherAttnKL: 0.000e+00 (0.000e+00)  TeacherRel: 0.000e+00 (0.000e+00)  TeacherAttnOut: 0.000e+00 (0.000e+00)  TeacherFeatOut: 0.000e+00 (0.000e+00)  ActScaleAnchor: 0.000e+00 (0.000e+00)  VarTrust: 0.000e+00 (0.000e+00)  DirAnchor: 0.000e+00 (0.000e+00)  BinReg: 0.000e+00 (0.000e+00)  SelBinAnchor: 0.000e+00 (0.000e+00)  ActBinMargin: 0.000e+00 (0.000e+00)  Time: 0.334s, 1530.94/s  (0.324s, 1580.59/s)  LR: 5.762e-06  RefW: 1.500e-04  AnchorRefW: 0.000e+00  Data: 0.007 (0.007)
2026-07-10T13:27:34Z	49	1.500e-04	2.859e+01	Train: 49 [ 850/2502 ( 34%)]  Loss: 51.354626 (51.4095)  BaseLoss: 51.350338 (51.4038)  RefAttnKL: 2.859e+01 (3.854e+01)  RefLogitKL: 0.000e+00 (0.000e+00)  AnchorRefAttnKL: 0.000e+00 (0.000e+00)  TeacherAttnKL: 0.000e+00 (0.000e+00)  TeacherRel: 0.000e+00 (0.000e+00)  TeacherAttnOut: 0.000e+00 (0.000e+00)  TeacherFeatOut: 0.000e+00 (0.000e+00)  ActScaleAnchor: 0.000e+00 (0.000e+00)  VarTrust: 0.000e+00 (0.000e+00)  DirAnchor: 0.000e+00 (0.000e+00)  BinReg: 0.000e+00 (0.000e+00)  SelBinAnchor: 0.000e+00 (0.000e+00)  ActBinMargin: 0.000e+00 (0.000e+00)  Time: 0.335s, 1527.13/s  (0.324s, 1581.23/s)  LR: 5.759e-06  RefW: 1.500e-04  AnchorRefW: 0.000e+00  Data: 0.006 (0.007)
2026-07-10T13:27:34Z	49	1.500e-04	2.793e+01	Train: 49 [ 900/2502 ( 36%)]  Loss: 51.371674 (51.4075)  BaseLoss: 51.367485 (51.4018)  RefAttnKL: 2.793e+01 (3.798e+01)  RefLogitKL: 0.000e+00 (0.000e+00)  AnchorRefAttnKL: 0.000e+00 (0.000e+00)  TeacherAttnKL: 0.000e+00 (0.000e+00)  TeacherRel: 0.000e+00 (0.000e+00)  TeacherAttnOut: 0.000e+00 (0.000e+00)  TeacherFeatOut: 0.000e+00 (0.000e+00)  ActScaleAnchor: 0.000e+00 (0.000e+00)  VarTrust: 0.000e+00 (0.000e+00)  DirAnchor: 0.000e+00 (0.000e+00)  BinReg: 0.000e+00 (0.000e+00)  SelBinAnchor: 0.000e+00 (0.000e+00)  ActBinMargin: 0.000e+00 (0.000e+00)  Time: 0.335s, 1530.20/s  (0.324s, 1581.64/s)  LR: 5.756e-06  RefW: 1.500e-04  AnchorRefW: 0.000e+00  Data: 0.007 (0.007)
2026-07-10T13:27:34Z	49	1.500e-04	1.882e+01	Train: 49 [ 950/2502 ( 38%)]  Loss: 51.400612 (51.4072)  BaseLoss: 51.397785 (51.4016)  RefAttnKL: 1.882e+01 (3.702e+01)  RefLogitKL: 0.000e+00 (0.000e+00)  AnchorRefAttnKL: 0.000e+00 (0.000e+00)  TeacherAttnKL: 0.000e+00 (0.000e+00)  TeacherRel: 0.000e+00 (0.000e+00)  TeacherAttnOut: 0.000e+00 (0.000e+00)  TeacherFeatOut: 0.000e+00 (0.000e+00)  ActScaleAnchor: 0.000e+00 (0.000e+00)  VarTrust: 0.000e+00 (0.000e+00)  DirAnchor: 0.000e+00 (0.000e+00)  BinReg: 0.000e+00 (0.000e+00)  SelBinAnchor: 0.000e+00 (0.000e+00)  ActBinMargin: 0.000e+00 (0.000e+00)  Time: 0.334s, 1533.71/s  (0.324s, 1581.89/s)  LR: 5.753e-06  RefW: 1.500e-04  AnchorRefW: 0.000e+00  Data: 0.006 (0.007)
2026-07-10T13:27:34Z	49	1.500e-04	2.892e+01	Train: 49 [1000/2502 ( 40%)]  Loss: 51.399803 (51.4068)  BaseLoss: 51.395466 (51.4013)  RefAttnKL: 2.892e+01 (3.664e+01)  RefLogitKL: 0.000e+00 (0.000e+00)  AnchorRefAttnKL: 0.000e+00 (0.000e+00)  TeacherAttnKL: 0.000e+00 (0.000e+00)  TeacherRel: 0.000e+00 (0.000e+00)  TeacherAttnOut: 0.000e+00 (0.000e+00)  TeacherFeatOut: 0.000e+00 (0.000e+00)  ActScaleAnchor: 0.000e+00 (0.000e+00)  VarTrust: 0.000e+00 (0.000e+00)  DirAnchor: 0.000e+00 (0.000e+00)  BinReg: 0.000e+00 (0.000e+00)  SelBinAnchor: 0.000e+00 (0.000e+00)  ActBinMargin: 0.000e+00 (0.000e+00)  Time: 0.333s, 1539.16/s  (0.324s, 1582.28/s)  LR: 5.751e-06  RefW: 1.500e-04  AnchorRefW: 0.000e+00  Data: 0.006 (0.007)
2026-07-10T13:27:34Z	49	1.500e-04	5.759e+01	Train: 49 [1050/2502 ( 42%)]  Loss: 51.383972 (51.4058)  BaseLoss: 51.375328 (51.4002)  RefAttnKL: 5.759e+01 (3.759e+01)  RefLogitKL: 0.000e+00 (0.000e+00)  AnchorRefAttnKL: 0.000e+00 (0.000e+00)  TeacherAttnKL: 0.000e+00 (0.000e+00)  TeacherRel: 0.000e+00 (0.000e+00)  TeacherAttnOut: 0.000e+00 (0.000e+00)  TeacherFeatOut: 0.000e+00 (0.000e+00)  ActScaleAnchor: 0.000e+00 (0.000e+00)  VarTrust: 0.000e+00 (0.000e+00)  DirAnchor: 0.000e+00 (0.000e+00)  BinReg: 0.000e+00 (0.000e+00)  SelBinAnchor: 0.000e+00 (0.000e+00)  ActBinMargin: 0.000e+00 (0.000e+00)  Time: 0.335s, 1530.32/s  (0.324s, 1582.65/s)  LR: 5.748e-06  RefW: 1.500e-04  AnchorRefW: 0.000e+00  Data: 0.006 (0.007)
2026-07-10T13:27:34Z	49	1.500e-04	4.678e+01	Train: 49 [1100/2502 ( 44%)]  Loss: 51.337612 (51.4028)  BaseLoss: 51.330597 (51.3971)  RefAttnKL: 4.678e+01 (3.799e+01)  RefLogitKL: 0.000e+00 (0.000e+00)  AnchorRefAttnKL: 0.000e+00 (0.000e+00)  TeacherAttnKL: 0.000e+00 (0.000e+00)  TeacherRel: 0.000e+00 (0.000e+00)  TeacherAttnOut: 0.000e+00 (0.000e+00)  TeacherFeatOut: 0.000e+00 (0.000e+00)  ActScaleAnchor: 0.000e+00 (0.000e+00)  VarTrust: 0.000e+00 (0.000e+00)  DirAnchor: 0.000e+00 (0.000e+00)  BinReg: 0.000e+00 (0.000e+00)  SelBinAnchor: 0.000e+00 (0.000e+00)  ActBinMargin: 0.000e+00 (0.000e+00)  Time: 0.334s, 1532.39/s  (0.324s, 1582.59/s)  LR: 5.745e-06  RefW: 1.500e-04  AnchorRefW: 0.000e+00  Data: 0.007 (0.007)
2026-07-10T13:27:34Z	49	1.500e-04	2.915e+01	Train: 49 [1150/2502 ( 46%)]  Loss: 51.421024 (51.4036)  BaseLoss: 51.416653 (51.3980)  RefAttnKL: 2.915e+01 (3.762e+01)  RefLogitKL: 0.000e+00 (0.000e+00)  AnchorRefAttnKL: 0.000e+00 (0.000e+00)  TeacherAttnKL: 0.000e+00 (0.000e+00)  TeacherRel: 0.000e+00 (0.000e+00)  TeacherAttnOut: 0.000e+00 (0.000e+00)  TeacherFeatOut: 0.000e+00 (0.000e+00)  ActScaleAnchor: 0.000e+00 (0.000e+00)  VarTrust: 0.000e+00 (0.000e+00)  DirAnchor: 0.000e+00 (0.000e+00)  BinReg: 0.000e+00 (0.000e+00)  SelBinAnchor: 0.000e+00 (0.000e+00)  ActBinMargin: 0.000e+00 (0.000e+00)  Time: 0.332s, 1542.14/s  (0.323s, 1582.86/s)  LR: 5.742e-06  RefW: 1.500e-04  AnchorRefW: 0.000e+00  Data: 0.006 (0.007)
2026-07-10T13:27:34Z	49	1.500e-04	3.677e+01	Train: 49 [1200/2502 ( 48%)]  Loss: 51.382214 (51.4027)  BaseLoss: 51.376701 (51.3971)  RefAttnKL: 3.677e+01 (3.759e+01)  RefLogitKL: 0.000e+00 (0.000e+00)  AnchorRefAttnKL: 0.000e+00 (0.000e+00)  TeacherAttnKL: 0.000e+00 (0.000e+00)  TeacherRel: 0.000e+00 (0.000e+00)  TeacherAttnOut: 0.000e+00 (0.000e+00)  TeacherFeatOut: 0.000e+00 (0.000e+00)  ActScaleAnchor: 0.000e+00 (0.000e+00)  VarTrust: 0.000e+00 (0.000e+00)  DirAnchor: 0.000e+00 (0.000e+00)  BinReg: 0.000e+00 (0.000e+00)  SelBinAnchor: 0.000e+00 (0.000e+00)  ActBinMargin: 0.000e+00 (0.000e+00)  Time: 0.326s, 1570.66/s  (0.323s, 1582.94/s)  LR: 5.740e-06  RefW: 1.500e-04  AnchorRefW: 0.000e+00  Data: 0.005 (0.007)
2026-07-10T13:27:34Z	49	1.500e-04	3.674e+01	Train: 49 [1250/2502 ( 50%)]  Loss: 51.426353 (51.4036)  BaseLoss: 51.420841 (51.3980)  RefAttnKL: 3.674e+01 (3.756e+01)  RefLogitKL: 0.000e+00 (0.000e+00)  AnchorRefAttnKL: 0.000e+00 (0.000e+00)  TeacherAttnKL: 0.000e+00 (0.000e+00)  TeacherRel: 0.000e+00 (0.000e+00)  TeacherAttnOut: 0.000e+00 (0.000e+00)  TeacherFeatOut: 0.000e+00 (0.000e+00)  ActScaleAnchor: 0.000e+00 (0.000e+00)  VarTrust: 0.000e+00 (0.000e+00)  DirAnchor: 0.000e+00 (0.000e+00)  BinReg: 0.000e+00 (0.000e+00)  SelBinAnchor: 0.000e+00 (0.000e+00)  ActBinMargin: 0.000e+00 (0.000e+00)  Time: 0.335s, 1529.82/s  (0.323s, 1583.22/s)  LR: 5.737e-06  RefW: 1.500e-04  AnchorRefW: 0.000e+00  Data: 0.006 (0.007)
2026-07-10T13:27:34Z	49	1.500e-04	3.756e+01	Train: 49 [1300/2502 ( 52%)]  Loss: 51.414532 (51.4041)  BaseLoss: 51.408897 (51.3984)  RefAttnKL: 3.756e+01 (3.756e+01)  RefLogitKL: 0.000e+00 (0.000e+00)  AnchorRefAttnKL: 0.000e+00 (0.000e+00)  TeacherAttnKL: 0.000e+00 (0.000e+00)  TeacherRel: 0.000e+00 (0.000e+00)  TeacherAttnOut: 0.000e+00 (0.000e+00)  TeacherFeatOut: 0.000e+00 (0.000e+00)  ActScaleAnchor: 0.000e+00 (0.000e+00)  VarTrust: 0.000e+00 (0.000e+00)  DirAnchor: 0.000e+00 (0.000e+00)  BinReg: 0.000e+00 (0.000e+00)  SelBinAnchor: 0.000e+00 (0.000e+00)  ActBinMargin: 0.000e+00 (0.000e+00)  Time: 0.334s, 1535.15/s  (0.323s, 1583.30/s)  LR: 5.734e-06  RefW: 1.500e-04  AnchorRefW: 0.000e+00  Data: 0.007 (0.007)
2026-07-10T13:27:34Z	49	1.500e-04	1.850e+01	Train: 49 [1350/2502 ( 54%)]  Loss: 51.409344 (51.4042)  BaseLoss: 51.406567 (51.3987)  RefAttnKL: 1.850e+01 (3.687e+01)  RefLogitKL: 0.000e+00 (0.000e+00)  AnchorRefAttnKL: 0.000e+00 (0.000e+00)  TeacherAttnKL: 0.000e+00 (0.000e+00)  TeacherRel: 0.000e+00 (0.000e+00)  TeacherAttnOut: 0.000e+00 (0.000e+00)  TeacherFeatOut: 0.000e+00 (0.000e+00)  ActScaleAnchor: 0.000e+00 (0.000e+00)  VarTrust: 0.000e+00 (0.000e+00)  DirAnchor: 0.000e+00 (0.000e+00)  BinReg: 0.000e+00 (0.000e+00)  SelBinAnchor: 0.000e+00 (0.000e+00)  ActBinMargin: 0.000e+00 (0.000e+00)  Time: 0.335s, 1529.20/s  (0.323s, 1583.64/s)  LR: 5.731e-06  RefW: 1.500e-04  AnchorRefW: 0.000e+00  Data: 0.006 (0.007)
2026-07-10T13:27:34Z	49	1.500e-04	4.598e+01	Train: 49 [1400/2502 ( 56%)]  Loss: 51.396908 (51.4040)  BaseLoss: 51.390015 (51.3984)  RefAttnKL: 4.598e+01 (3.719e+01)  RefLogitKL: 0.000e+00 (0.000e+00)  AnchorRefAttnKL: 0.000e+00 (0.000e+00)  TeacherAttnKL: 0.000e+00 (0.000e+00)  TeacherRel: 0.000e+00 (0.000e+00)  TeacherAttnOut: 0.000e+00 (0.000e+00)  TeacherFeatOut: 0.000e+00 (0.000e+00)  ActScaleAnchor: 0.000e+00 (0.000e+00)  VarTrust: 0.000e+00 (0.000e+00)  DirAnchor: 0.000e+00 (0.000e+00)  BinReg: 0.000e+00 (0.000e+00)  SelBinAnchor: 0.000e+00 (0.000e+00)  ActBinMargin: 0.000e+00 (0.000e+00)  Time: 0.334s, 1532.71/s  (0.323s, 1583.89/s)  LR: 5.729e-06  RefW: 1.500e-04  AnchorRefW: 0.000e+00  Data: 0.006 (0.007)
2026-07-10T13:27:34Z	49	1.500e-04	9.615e+00	Train: 49 [1450/2502 ( 58%)]  Loss: 51.406921 (51.4041)  BaseLoss: 51.405479 (51.3986)  RefAttnKL: 9.615e+00 (3.627e+01)  RefLogitKL: 0.000e+00 (0.000e+00)  AnchorRefAttnKL: 0.000e+00 (0.000e+00)  TeacherAttnKL: 0.000e+00 (0.000e+00)  TeacherRel: 0.000e+00 (0.000e+00)  TeacherAttnOut: 0.000e+00 (0.000e+00)  TeacherFeatOut: 0.000e+00 (0.000e+00)  ActScaleAnchor: 0.000e+00 (0.000e+00)  VarTrust: 0.000e+00 (0.000e+00)  DirAnchor: 0.000e+00 (0.000e+00)  BinReg: 0.000e+00 (0.000e+00)  SelBinAnchor: 0.000e+00 (0.000e+00)  ActBinMargin: 0.000e+00 (0.000e+00)  Time: 0.335s, 1528.14/s  (0.323s, 1584.13/s)  LR: 5.726e-06  RefW: 1.500e-04  AnchorRefW: 0.000e+00  Data: 0.006 (0.007)
2026-07-10T13:27:34Z	49	1.500e-04	5.550e+01	Train: 49 [1500/2502 ( 60%)]  Loss: 51.426178 (51.4048)  BaseLoss: 51.417854 (51.3993)  RefAttnKL: 5.550e+01 (3.689e+01)  RefLogitKL: 0.000e+00 (0.000e+00)  AnchorRefAttnKL: 0.000e+00 (0.000e+00)  TeacherAttnKL: 0.000e+00 (0.000e+00)  TeacherRel: 0.000e+00 (0.000e+00)  TeacherAttnOut: 0.000e+00 (0.000e+00)  TeacherFeatOut: 0.000e+00 (0.000e+00)  ActScaleAnchor: 0.000e+00 (0.000e+00)  VarTrust: 0.000e+00 (0.000e+00)  DirAnchor: 0.000e+00 (0.000e+00)  BinReg: 0.000e+00 (0.000e+00)  SelBinAnchor: 0.000e+00 (0.000e+00)  ActBinMargin: 0.000e+00 (0.000e+00)  Time: 0.337s, 1518.95/s  (0.323s, 1584.30/s)  LR: 5.723e-06  RefW: 1.500e-04  AnchorRefW: 0.000e+00  Data: 0.006 (0.007)
2026-07-10T13:27:34Z	49	1.500e-04	3.756e+01	Train: 49 [1550/2502 ( 62%)]  Loss: 51.416901 (51.4052)  BaseLoss: 51.411270 (51.3996)  RefAttnKL: 3.756e+01 (3.691e+01)  RefLogitKL: 0.000e+00 (0.000e+00)  AnchorRefAttnKL: 0.000e+00 (0.000e+00)  TeacherAttnKL: 0.000e+00 (0.000e+00)  TeacherRel: 0.000e+00 (0.000e+00)  TeacherAttnOut: 0.000e+00 (0.000e+00)  TeacherFeatOut: 0.000e+00 (0.000e+00)  ActScaleAnchor: 0.000e+00 (0.000e+00)  VarTrust: 0.000e+00 (0.000e+00)  DirAnchor: 0.000e+00 (0.000e+00)  BinReg: 0.000e+00 (0.000e+00)  SelBinAnchor: 0.000e+00 (0.000e+00)  ActBinMargin: 0.000e+00 (0.000e+00)  Time: 0.334s, 1534.95/s  (0.323s, 1584.28/s)  LR: 5.720e-06  RefW: 1.500e-04  AnchorRefW: 0.000e+00  Data: 0.006 (0.007)
2026-07-10T13:27:34Z	49	1.500e-04	5.621e+01	Train: 49 [1600/2502 ( 64%)]  Loss: 51.402580 (51.4051)  BaseLoss: 51.394150 (51.3995)  RefAttnKL: 5.621e+01 (3.750e+01)  RefLogitKL: 0.000e+00 (0.000e+00)  AnchorRefAttnKL: 0.000e+00 (0.000e+00)  TeacherAttnKL: 0.000e+00 (0.000e+00)  TeacherRel: 0.000e+00 (0.000e+00)  TeacherAttnOut: 0.000e+00 (0.000e+00)  TeacherFeatOut: 0.000e+00 (0.000e+00)  ActScaleAnchor: 0.000e+00 (0.000e+00)  VarTrust: 0.000e+00 (0.000e+00)  DirAnchor: 0.000e+00 (0.000e+00)  BinReg: 0.000e+00 (0.000e+00)  SelBinAnchor: 0.000e+00 (0.000e+00)  ActBinMargin: 0.000e+00 (0.000e+00)  Time: 0.334s, 1531.59/s  (0.323s, 1584.52/s)  LR: 5.718e-06  RefW: 1.500e-04  AnchorRefW: 0.000e+00  Data: 0.007 (0.007)
2026-07-10T13:27:34Z	49	1.500e-04	4.684e+01	Train: 49 [1650/2502 ( 66%)]  Loss: 51.427155 (51.4057)  BaseLoss: 51.420128 (51.4001)  RefAttnKL: 4.684e+01 (3.777e+01)  RefLogitKL: 0.000e+00 (0.000e+00)  AnchorRefAttnKL: 0.000e+00 (0.000e+00)  TeacherAttnKL: 0.000e+00 (0.000e+00)  TeacherRel: 0.000e+00 (0.000e+00)  TeacherAttnOut: 0.000e+00 (0.000e+00)  TeacherFeatOut: 0.000e+00 (0.000e+00)  ActScaleAnchor: 0.000e+00 (0.000e+00)  VarTrust: 0.000e+00 (0.000e+00)  DirAnchor: 0.000e+00 (0.000e+00)  BinReg: 0.000e+00 (0.000e+00)  SelBinAnchor: 0.000e+00 (0.000e+00)  ActBinMargin: 0.000e+00 (0.000e+00)  Time: 0.335s, 1530.41/s  (0.323s, 1584.72/s)  LR: 5.715e-06  RefW: 1.500e-04  AnchorRefW: 0.000e+00  Data: 0.006 (0.007)
2026-07-10T13:27:34Z	49	1.500e-04	3.675e+01	Train: 49 [1700/2502 ( 68%)]  Loss: 51.422401 (51.4062)  BaseLoss: 51.416889 (51.4006)  RefAttnKL: 3.675e+01 (3.774e+01)  RefLogitKL: 0.000e+00 (0.000e+00)  AnchorRefAttnKL: 0.000e+00 (0.000e+00)  TeacherAttnKL: 0.000e+00 (0.000e+00)  TeacherRel: 0.000e+00 (0.000e+00)  TeacherAttnOut: 0.000e+00 (0.000e+00)  TeacherFeatOut: 0.000e+00 (0.000e+00)  ActScaleAnchor: 0.000e+00 (0.000e+00)  VarTrust: 0.000e+00 (0.000e+00)  DirAnchor: 0.000e+00 (0.000e+00)  BinReg: 0.000e+00 (0.000e+00)  SelBinAnchor: 0.000e+00 (0.000e+00)  ActBinMargin: 0.000e+00 (0.000e+00)  Time: 0.336s, 1522.20/s  (0.323s, 1584.99/s)  LR: 5.712e-06  RefW: 1.500e-04  AnchorRefW: 0.000e+00  Data: 0.007 (0.007)
2026-07-10T13:27:34Z	49	1.500e-04	3.637e+01	Train: 49 [1750/2502 ( 70%)]  Loss: 51.407429 (51.4063)  BaseLoss: 51.401974 (51.4006)  RefAttnKL: 3.637e+01 (3.770e+01)  RefLogitKL: 0.000e+00 (0.000e+00)  AnchorRefAttnKL: 0.000e+00 (0.000e+00)  TeacherAttnKL: 0.000e+00 (0.000e+00)  TeacherRel: 0.000e+00 (0.000e+00)  TeacherAttnOut: 0.000e+00 (0.000e+00)  TeacherFeatOut: 0.000e+00 (0.000e+00)  ActScaleAnchor: 0.000e+00 (0.000e+00)  VarTrust: 0.000e+00 (0.000e+00)  DirAnchor: 0.000e+00 (0.000e+00)  BinReg: 0.000e+00 (0.000e+00)  SelBinAnchor: 0.000e+00 (0.000e+00)  ActBinMargin: 0.000e+00 (0.000e+00)  Time: 0.334s, 1531.65/s  (0.323s, 1585.05/s)  LR: 5.710e-06  RefW: 1.500e-04  AnchorRefW: 0.000e+00  Data: 0.006 (0.007)
2026-07-10T13:27:34Z	49	1.500e-04	3.720e+01	Train: 49 [1800/2502 ( 72%)]  Loss: 51.405430 (51.4062)  BaseLoss: 51.399853 (51.4006)  RefAttnKL: 3.720e+01 (3.769e+01)  RefLogitKL: 0.000e+00 (0.000e+00)  AnchorRefAttnKL: 0.000e+00 (0.000e+00)  TeacherAttnKL: 0.000e+00 (0.000e+00)  TeacherRel: 0.000e+00 (0.000e+00)  TeacherAttnOut: 0.000e+00 (0.000e+00)  TeacherFeatOut: 0.000e+00 (0.000e+00)  ActScaleAnchor: 0.000e+00 (0.000e+00)  VarTrust: 0.000e+00 (0.000e+00)  DirAnchor: 0.000e+00 (0.000e+00)  BinReg: 0.000e+00 (0.000e+00)  SelBinAnchor: 0.000e+00 (0.000e+00)  ActBinMargin: 0.000e+00 (0.000e+00)  Time: 0.333s, 1537.28/s  (0.323s, 1585.15/s)  LR: 5.707e-06  RefW: 1.500e-04  AnchorRefW: 0.000e+00  Data: 0.006 (0.007)
2026-07-10T13:27:34Z	49	1.500e-04	1.846e+01	Train: 49 [1850/2502 ( 74%)]  Loss: 51.381493 (51.4056)  BaseLoss: 51.378723 (51.4000)  RefAttnKL: 1.846e+01 (3.718e+01)  RefLogitKL: 0.000e+00 (0.000e+00)  AnchorRefAttnKL: 0.000e+00 (0.000e+00)  TeacherAttnKL: 0.000e+00 (0.000e+00)  TeacherRel: 0.000e+00 (0.000e+00)  TeacherAttnOut: 0.000e+00 (0.000e+00)  TeacherFeatOut: 0.000e+00 (0.000e+00)  ActScaleAnchor: 0.000e+00 (0.000e+00)  VarTrust: 0.000e+00 (0.000e+00)  DirAnchor: 0.000e+00 (0.000e+00)  BinReg: 0.000e+00 (0.000e+00)  SelBinAnchor: 0.000e+00 (0.000e+00)  ActBinMargin: 0.000e+00 (0.000e+00)  Time: 0.334s, 1533.73/s  (0.323s, 1585.21/s)  LR: 5.704e-06  RefW: 1.500e-04  AnchorRefW: 0.000e+00  Data: 0.006 (0.007)
2026-07-10T13:27:34Z	49	1.500e-04	2.875e+01	Train: 49 [1900/2502 ( 76%)]  Loss: 51.410046 (51.4057)  BaseLoss: 51.405731 (51.4002)  RefAttnKL: 2.875e+01 (3.697e+01)  RefLogitKL: 0.000e+00 (0.000e+00)  AnchorRefAttnKL: 0.000e+00 (0.000e+00)  TeacherAttnKL: 0.000e+00 (0.000e+00)  TeacherRel: 0.000e+00 (0.000e+00)  TeacherAttnOut: 0.000e+00 (0.000e+00)  TeacherFeatOut: 0.000e+00 (0.000e+00)  ActScaleAnchor: 0.000e+00 (0.000e+00)  VarTrust: 0.000e+00 (0.000e+00)  DirAnchor: 0.000e+00 (0.000e+00)  BinReg: 0.000e+00 (0.000e+00)  SelBinAnchor: 0.000e+00 (0.000e+00)  ActBinMargin: 0.000e+00 (0.000e+00)  Time: 0.335s, 1530.58/s  (0.323s, 1585.33/s)  LR: 5.702e-06  RefW: 1.500e-04  AnchorRefW: 0.000e+00  Data: 0.006 (0.007)
2026-07-10T13:27:34Z	49	1.500e-04	5.666e+01	Train: 49 [1950/2502 ( 78%)]  Loss: 51.443298 (51.4066)  BaseLoss: 51.434799 (51.4010)  RefAttnKL: 5.666e+01 (3.746e+01)  RefLogitKL: 0.000e+00 (0.000e+00)  AnchorRefAttnKL: 0.000e+00 (0.000e+00)  TeacherAttnKL: 0.000e+00 (0.000e+00)  TeacherRel: 0.000e+00 (0.000e+00)  TeacherAttnOut: 0.000e+00 (0.000e+00)  TeacherFeatOut: 0.000e+00 (0.000e+00)  ActScaleAnchor: 0.000e+00 (0.000e+00)  VarTrust: 0.000e+00 (0.000e+00)  DirAnchor: 0.000e+00 (0.000e+00)  BinReg: 0.000e+00 (0.000e+00)  SelBinAnchor: 0.000e+00 (0.000e+00)  ActBinMargin: 0.000e+00 (0.000e+00)  Time: 0.339s, 1512.21/s  (0.323s, 1585.36/s)  LR: 5.699e-06  RefW: 1.500e-04  AnchorRefW: 0.000e+00  Data: 0.006 (0.007)
2026-07-10T13:27:34Z	49	1.500e-04	3.715e+01	Train: 49 [2000/2502 ( 80%)]  Loss: 51.406105 (51.4066)  BaseLoss: 51.400532 (51.4010)  RefAttnKL: 3.715e+01 (3.745e+01)  RefLogitKL: 0.000e+00 (0.000e+00)  AnchorRefAttnKL: 0.000e+00 (0.000e+00)  TeacherAttnKL: 0.000e+00 (0.000e+00)  TeacherRel: 0.000e+00 (0.000e+00)  TeacherAttnOut: 0.000e+00 (0.000e+00)  TeacherFeatOut: 0.000e+00 (0.000e+00)  ActScaleAnchor: 0.000e+00 (0.000e+00)  VarTrust: 0.000e+00 (0.000e+00)  DirAnchor: 0.000e+00 (0.000e+00)  BinReg: 0.000e+00 (0.000e+00)  SelBinAnchor: 0.000e+00 (0.000e+00)  ActBinMargin: 0.000e+00 (0.000e+00)  Time: 0.333s, 1535.35/s  (0.323s, 1585.60/s)  LR: 5.696e-06  RefW: 1.500e-04  AnchorRefW: 0.000e+00  Data: 0.006 (0.007)
2026-07-10T13:27:34Z	49	1.500e-04	1.843e+01	Train: 49 [2050/2502 ( 82%)]  Loss: 51.362801 (51.4056)  BaseLoss: 51.360035 (51.4000)  RefAttnKL: 1.843e+01 (3.700e+01)  RefLogitKL: 0.000e+00 (0.000e+00)  AnchorRefAttnKL: 0.000e+00 (0.000e+00)  TeacherAttnKL: 0.000e+00 (0.000e+00)  TeacherRel: 0.000e+00 (0.000e+00)  TeacherAttnOut: 0.000e+00 (0.000e+00)  TeacherFeatOut: 0.000e+00 (0.000e+00)  ActScaleAnchor: 0.000e+00 (0.000e+00)  VarTrust: 0.000e+00 (0.000e+00)  DirAnchor: 0.000e+00 (0.000e+00)  BinReg: 0.000e+00 (0.000e+00)  SelBinAnchor: 0.000e+00 (0.000e+00)  ActBinMargin: 0.000e+00 (0.000e+00)  Time: 0.336s, 1522.99/s  (0.323s, 1585.80/s)  LR: 5.694e-06  RefW: 1.500e-04  AnchorRefW: 0.000e+00  Data: 0.007 (0.007)
2026-07-10T13:27:34Z	49	1.500e-04	4.540e+01	Train: 49 [2100/2502 ( 84%)]  Loss: 51.390266 (51.4052)  BaseLoss: 51.383453 (51.3996)  RefAttnKL: 4.540e+01 (3.719e+01)  RefLogitKL: 0.000e+00 (0.000e+00)  AnchorRefAttnKL: 0.000e+00 (0.000e+00)  TeacherAttnKL: 0.000e+00 (0.000e+00)  TeacherRel: 0.000e+00 (0.000e+00)  TeacherAttnOut: 0.000e+00 (0.000e+00)  TeacherFeatOut: 0.000e+00 (0.000e+00)  ActScaleAnchor: 0.000e+00 (0.000e+00)  VarTrust: 0.000e+00 (0.000e+00)  DirAnchor: 0.000e+00 (0.000e+00)  BinReg: 0.000e+00 (0.000e+00)  SelBinAnchor: 0.000e+00 (0.000e+00)  ActBinMargin: 0.000e+00 (0.000e+00)  Time: 0.334s, 1534.56/s  (0.323s, 1585.79/s)  LR: 5.691e-06  RefW: 1.500e-04  AnchorRefW: 0.000e+00  Data: 0.007 (0.007)
2026-07-10T13:27:34Z	49	1.500e-04	3.647e+01	Train: 49 [2150/2502 ( 86%)]  Loss: 51.390602 (51.4049)  BaseLoss: 51.385128 (51.3993)  RefAttnKL: 3.647e+01 (3.718e+01)  RefLogitKL: 0.000e+00 (0.000e+00)  AnchorRefAttnKL: 0.000e+00 (0.000e+00)  TeacherAttnKL: 0.000e+00 (0.000e+00)  TeacherRel: 0.000e+00 (0.000e+00)  TeacherAttnOut: 0.000e+00 (0.000e+00)  TeacherFeatOut: 0.000e+00 (0.000e+00)  ActScaleAnchor: 0.000e+00 (0.000e+00)  VarTrust: 0.000e+00 (0.000e+00)  DirAnchor: 0.000e+00 (0.000e+00)  BinReg: 0.000e+00 (0.000e+00)  SelBinAnchor: 0.000e+00 (0.000e+00)  ActBinMargin: 0.000e+00 (0.000e+00)  Time: 0.335s, 1527.78/s  (0.323s, 1585.85/s)  LR: 5.688e-06  RefW: 1.500e-04  AnchorRefW: 0.000e+00  Data: 0.006 (0.007)
2026-07-10T13:27:34Z	49	1.500e-04	5.631e+01	Train: 49 [2200/2502 ( 88%)]  Loss: 51.405445 (51.4049)  BaseLoss: 51.396996 (51.3993)  RefAttnKL: 5.631e+01 (3.760e+01)  RefLogitKL: 0.000e+00 (0.000e+00)  AnchorRefAttnKL: 0.000e+00 (0.000e+00)  TeacherAttnKL: 0.000e+00 (0.000e+00)  TeacherRel: 0.000e+00 (0.000e+00)  TeacherAttnOut: 0.000e+00 (0.000e+00)  TeacherFeatOut: 0.000e+00 (0.000e+00)  ActScaleAnchor: 0.000e+00 (0.000e+00)  VarTrust: 0.000e+00 (0.000e+00)  DirAnchor: 0.000e+00 (0.000e+00)  BinReg: 0.000e+00 (0.000e+00)  SelBinAnchor: 0.000e+00 (0.000e+00)  ActBinMargin: 0.000e+00 (0.000e+00)  Time: 0.337s, 1521.23/s  (0.323s, 1585.76/s)  LR: 5.686e-06  RefW: 1.500e-04  AnchorRefW: 0.000e+00  Data: 0.006 (0.007)
2026-07-10T13:27:34Z	49	1.500e-04	2.816e+01	Train: 49 [2250/2502 ( 90%)]  Loss: 51.383469 (51.4044)  BaseLoss: 51.379238 (51.3988)  RefAttnKL: 2.816e+01 (3.740e+01)  RefLogitKL: 0.000e+00 (0.000e+00)  AnchorRefAttnKL: 0.000e+00 (0.000e+00)  TeacherAttnKL: 0.000e+00 (0.000e+00)  TeacherRel: 0.000e+00 (0.000e+00)  TeacherAttnOut: 0.000e+00 (0.000e+00)  TeacherFeatOut: 0.000e+00 (0.000e+00)  ActScaleAnchor: 0.000e+00 (0.000e+00)  VarTrust: 0.000e+00 (0.000e+00)  DirAnchor: 0.000e+00 (0.000e+00)  BinReg: 0.000e+00 (0.000e+00)  SelBinAnchor: 0.000e+00 (0.000e+00)  ActBinMargin: 0.000e+00 (0.000e+00)  Time: 0.334s, 1533.18/s  (0.323s, 1585.91/s)  LR: 5.683e-06  RefW: 1.500e-04  AnchorRefW: 0.000e+00  Data: 0.006 (0.007)
2026-07-10T13:27:34Z	49	1.500e-04	4.712e+01	Train: 49 [2300/2502 ( 92%)]  Loss: 51.434418 (51.4051)  BaseLoss: 51.427345 (51.3994)  RefAttnKL: 4.712e+01 (3.760e+01)  RefLogitKL: 0.000e+00 (0.000e+00)  AnchorRefAttnKL: 0.000e+00 (0.000e+00)  TeacherAttnKL: 0.000e+00 (0.000e+00)  TeacherRel: 0.000e+00 (0.000e+00)  TeacherAttnOut: 0.000e+00 (0.000e+00)  TeacherFeatOut: 0.000e+00 (0.000e+00)  ActScaleAnchor: 0.000e+00 (0.000e+00)  VarTrust: 0.000e+00 (0.000e+00)  DirAnchor: 0.000e+00 (0.000e+00)  BinReg: 0.000e+00 (0.000e+00)  SelBinAnchor: 0.000e+00 (0.000e+00)  ActBinMargin: 0.000e+00 (0.000e+00)  Time: 0.334s, 1533.31/s  (0.323s, 1586.08/s)  LR: 5.680e-06  RefW: 1.500e-04  AnchorRefW: 0.000e+00  Data: 0.007 (0.007)
2026-07-10T13:27:34Z	49	1.500e-04	3.675e+01	Train: 49 [2350/2502 ( 94%)]  Loss: 51.426987 (51.4055)  BaseLoss: 51.421478 (51.3999)  RefAttnKL: 3.675e+01 (3.759e+01)  RefLogitKL: 0.000e+00 (0.000e+00)  AnchorRefAttnKL: 0.000e+00 (0.000e+00)  TeacherAttnKL: 0.000e+00 (0.000e+00)  TeacherRel: 0.000e+00 (0.000e+00)  TeacherAttnOut: 0.000e+00 (0.000e+00)  TeacherFeatOut: 0.000e+00 (0.000e+00)  ActScaleAnchor: 0.000e+00 (0.000e+00)  VarTrust: 0.000e+00 (0.000e+00)  DirAnchor: 0.000e+00 (0.000e+00)  BinReg: 0.000e+00 (0.000e+00)  SelBinAnchor: 0.000e+00 (0.000e+00)  ActBinMargin: 0.000e+00 (0.000e+00)  Time: 0.334s, 1533.82/s  (0.323s, 1586.26/s)  LR: 5.678e-06  RefW: 1.500e-04  AnchorRefW: 0.000e+00  Data: 0.006 (0.007)
2026-07-10T13:27:34Z	49	1.500e-04	3.656e+01	Train: 49 [2400/2502 ( 96%)]  Loss: 51.382790 (51.4051)  BaseLoss: 51.377304 (51.3994)  RefAttnKL: 3.656e+01 (3.757e+01)  RefLogitKL: 0.000e+00 (0.000e+00)  AnchorRefAttnKL: 0.000e+00 (0.000e+00)  TeacherAttnKL: 0.000e+00 (0.000e+00)  TeacherRel: 0.000e+00 (0.000e+00)  TeacherAttnOut: 0.000e+00 (0.000e+00)  TeacherFeatOut: 0.000e+00 (0.000e+00)  ActScaleAnchor: 0.000e+00 (0.000e+00)  VarTrust: 0.000e+00 (0.000e+00)  DirAnchor: 0.000e+00 (0.000e+00)  BinReg: 0.000e+00 (0.000e+00)  SelBinAnchor: 0.000e+00 (0.000e+00)  ActBinMargin: 0.000e+00 (0.000e+00)  Time: 0.334s, 1532.25/s  (0.323s, 1586.25/s)  LR: 5.675e-06  RefW: 1.500e-04  AnchorRefW: 0.000e+00  Data: 0.006 (0.007)
2026-07-10T13:27:34Z	49	1.500e-04	3.673e+01	Train: 49 [2450/2502 ( 98%)]  Loss: 51.417377 (51.4053)  BaseLoss: 51.411865 (51.3997)  RefAttnKL: 3.673e+01 (3.755e+01)  RefLogitKL: 0.000e+00 (0.000e+00)  AnchorRefAttnKL: 0.000e+00 (0.000e+00)  TeacherAttnKL: 0.000e+00 (0.000e+00)  TeacherRel: 0.000e+00 (0.000e+00)  TeacherAttnOut: 0.000e+00 (0.000e+00)  TeacherFeatOut: 0.000e+00 (0.000e+00)  ActScaleAnchor: 0.000e+00 (0.000e+00)  VarTrust: 0.000e+00 (0.000e+00)  DirAnchor: 0.000e+00 (0.000e+00)  BinReg: 0.000e+00 (0.000e+00)  SelBinAnchor: 0.000e+00 (0.000e+00)  ActBinMargin: 0.000e+00 (0.000e+00)  Time: 0.334s, 1533.78/s  (0.323s, 1586.32/s)  LR: 5.673e-06  RefW: 1.500e-04  AnchorRefW: 0.000e+00  Data: 0.006 (0.006)
2026-07-10T13:27:34Z	50	2.000e-04	3.745e+01	Train: 50 [   0/2502 (  0%)]  Loss: 51.399757 (51.3998)  BaseLoss: 51.392269 (51.3923)  RefAttnKL: 3.745e+01 (3.745e+01)  RefLogitKL: 0.000e+00 (0.000e+00)  AnchorRefAttnKL: 0.000e+00 (0.000e+00)  TeacherAttnKL: 0.000e+00 (0.000e+00)  TeacherRel: 0.000e+00 (0.000e+00)  TeacherAttnOut: 0.000e+00 (0.000e+00)  TeacherFeatOut: 0.000e+00 (0.000e+00)  ActScaleAnchor: 0.000e+00 (0.000e+00)  VarTrust: 0.000e+00 (0.000e+00)  DirAnchor: 0.000e+00 (0.000e+00)  BinReg: 0.000e+00 (0.000e+00)  SelBinAnchor: 0.000e+00 (0.000e+00)  ActBinMargin: 0.000e+00 (0.000e+00)  Time: 1.257s,  407.22/s  (1.257s,  407.22/s)  LR: 5.670e-06  RefW: 2.000e-04  AnchorRefW: 0.000e+00  Data: 0.928 (0.928)
2026-07-10T13:27:34Z	50	2.000e-04	3.700e+01	Train: 50 [  50/2502 (  2%)]  Loss: 51.394604 (51.3972)  BaseLoss: 51.387203 (51.3897)  RefAttnKL: 3.700e+01 (3.722e+01)  RefLogitKL: 0.000e+00 (0.000e+00)  AnchorRefAttnKL: 0.000e+00 (0.000e+00)  TeacherAttnKL: 0.000e+00 (0.000e+00)  TeacherRel: 0.000e+00 (0.000e+00)  TeacherAttnOut: 0.000e+00 (0.000e+00)  TeacherFeatOut: 0.000e+00 (0.000e+00)  ActScaleAnchor: 0.000e+00 (0.000e+00)  VarTrust: 0.000e+00 (0.000e+00)  DirAnchor: 0.000e+00 (0.000e+00)  BinReg: 0.000e+00 (0.000e+00)  SelBinAnchor: 0.000e+00 (0.000e+00)  ActBinMargin: 0.000e+00 (0.000e+00)  Time: 0.334s, 1533.44/s  (0.341s, 1502.99/s)  LR: 5.667e-06  RefW: 2.000e-04  AnchorRefW: 0.000e+00  Data: 0.006 (0.024)
2026-07-10T13:27:34Z	50	2.000e-04	3.646e+01	Train: 50 [ 100/2502 (  4%)]  Loss: 51.411625 (51.4020)  BaseLoss: 51.404335 (51.3946)  RefAttnKL: 3.646e+01 (3.697e+01)  RefLogitKL: 0.000e+00 (0.000e+00)  AnchorRefAttnKL: 0.000e+00 (0.000e+00)  TeacherAttnKL: 0.000e+00 (0.000e+00)  TeacherRel: 0.000e+00 (0.000e+00)  TeacherAttnOut: 0.000e+00 (0.000e+00)  TeacherFeatOut: 0.000e+00 (0.000e+00)  ActScaleAnchor: 0.000e+00 (0.000e+00)  VarTrust: 0.000e+00 (0.000e+00)  DirAnchor: 0.000e+00 (0.000e+00)  BinReg: 0.000e+00 (0.000e+00)  SelBinAnchor: 0.000e+00 (0.000e+00)  ActBinMargin: 0.000e+00 (0.000e+00)  Time: 0.334s, 1531.01/s  (0.332s, 1542.93/s)  LR: 5.665e-06  RefW: 2.000e-04  AnchorRefW: 0.000e+00  Data: 0.006 (0.015)
2026-07-10T13:27:34Z	50	2.000e-04	4.541e+01	Train: 50 [ 150/2502 (  6%)]  Loss: 51.417210 (51.4058)  BaseLoss: 51.408127 (51.3980)  RefAttnKL: 4.541e+01 (3.908e+01)  RefLogitKL: 0.000e+00 (0.000e+00)  AnchorRefAttnKL: 0.000e+00 (0.000e+00)  TeacherAttnKL: 0.000e+00 (0.000e+00)  TeacherRel: 0.000e+00 (0.000e+00)  TeacherAttnOut: 0.000e+00 (0.000e+00)  TeacherFeatOut: 0.000e+00 (0.000e+00)  ActScaleAnchor: 0.000e+00 (0.000e+00)  VarTrust: 0.000e+00 (0.000e+00)  DirAnchor: 0.000e+00 (0.000e+00)  BinReg: 0.000e+00 (0.000e+00)  SelBinAnchor: 0.000e+00 (0.000e+00)  ActBinMargin: 0.000e+00 (0.000e+00)  Time: 0.339s, 1512.17/s  (0.329s, 1557.23/s)  LR: 5.662e-06  RefW: 2.000e-04  AnchorRefW: 0.000e+00  Data: 0.006 (0.012)
2026-07-10T13:27:34Z	50	2.000e-04	8.654e+00	Train: 50 [ 200/2502 (  8%)]  Loss: 51.375431 (51.3997)  BaseLoss: 51.373707 (51.3931)  RefAttnKL: 8.654e+00 (3.300e+01)  RefLogitKL: 0.000e+00 (0.000e+00)  AnchorRefAttnKL: 0.000e+00 (0.000e+00)  TeacherAttnKL: 0.000e+00 (0.000e+00)  TeacherRel: 0.000e+00 (0.000e+00)  TeacherAttnOut: 0.000e+00 (0.000e+00)  TeacherFeatOut: 0.000e+00 (0.000e+00)  ActScaleAnchor: 0.000e+00 (0.000e+00)  VarTrust: 0.000e+00 (0.000e+00)  DirAnchor: 0.000e+00 (0.000e+00)  BinReg: 0.000e+00 (0.000e+00)  SelBinAnchor: 0.000e+00 (0.000e+00)  ActBinMargin: 0.000e+00 (0.000e+00)  Time: 0.371s, 1380.83/s  (0.328s, 1563.36/s)  LR: 5.659e-06  RefW: 2.000e-04  AnchorRefW: 0.000e+00  Data: 0.006 (0.011)
2026-07-10T13:27:34Z	50	2.000e-04	4.597e+01	Train: 50 [ 250/2502 ( 10%)]  Loss: 51.438534 (51.4062)  BaseLoss: 51.429337 (51.3992)  RefAttnKL: 4.597e+01 (3.516e+01)  RefLogitKL: 0.000e+00 (0.000e+00)  AnchorRefAttnKL: 0.000e+00 (0.000e+00)  TeacherAttnKL: 0.000e+00 (0.000e+00)  TeacherRel: 0.000e+00 (0.000e+00)  TeacherAttnOut: 0.000e+00 (0.000e+00)  TeacherFeatOut: 0.000e+00 (0.000e+00)  ActScaleAnchor: 0.000e+00 (0.000e+00)  VarTrust: 0.000e+00 (0.000e+00)  DirAnchor: 0.000e+00 (0.000e+00)  BinReg: 0.000e+00 (0.000e+00)  SelBinAnchor: 0.000e+00 (0.000e+00)  ActBinMargin: 0.000e+00 (0.000e+00)  Time: 0.507s, 1009.03/s  (0.328s, 1561.27/s)  LR: 5.657e-06  RefW: 2.000e-04  AnchorRefW: 0.000e+00  Data: 0.006 (0.010)
2026-07-10T13:27:34Z	50	2.000e-04	4.685e+01	Train: 50 [ 300/2502 ( 12%)]  Loss: 51.403568 (51.4058)  BaseLoss: 51.394196 (51.3985)  RefAttnKL: 4.685e+01 (3.683e+01)  RefLogitKL: 0.000e+00 (0.000e+00)  AnchorRefAttnKL: 0.000e+00 (0.000e+00)  TeacherAttnKL: 0.000e+00 (0.000e+00)  TeacherRel: 0.000e+00 (0.000e+00)  TeacherAttnOut: 0.000e+00 (0.000e+00)  TeacherFeatOut: 0.000e+00 (0.000e+00)  ActScaleAnchor: 0.000e+00 (0.000e+00)  VarTrust: 0.000e+00 (0.000e+00)  DirAnchor: 0.000e+00 (0.000e+00)  BinReg: 0.000e+00 (0.000e+00)  SelBinAnchor: 0.000e+00 (0.000e+00)  ActBinMargin: 0.000e+00 (0.000e+00)  Time: 0.335s, 1529.99/s  (0.327s, 1565.76/s)  LR: 5.654e-06  RefW: 2.000e-04  AnchorRefW: 0.000e+00  Data: 0.006 (0.009)
2026-07-10T13:27:34Z	50	2.000e-04	4.445e+01	Train: 50 [ 350/2502 ( 14%)]  Loss: 51.453239 (51.4117)  BaseLoss: 51.444347 (51.4042)  RefAttnKL: 4.445e+01 (3.778e+01)  RefLogitKL: 0.000e+00 (0.000e+00)  AnchorRefAttnKL: 0.000e+00 (0.000e+00)  TeacherAttnKL: 0.000e+00 (0.000e+00)  TeacherRel: 0.000e+00 (0.000e+00)  TeacherAttnOut: 0.000e+00 (0.000e+00)  TeacherFeatOut: 0.000e+00 (0.000e+00)  ActScaleAnchor: 0.000e+00 (0.000e+00)  VarTrust: 0.000e+00 (0.000e+00)  DirAnchor: 0.000e+00 (0.000e+00)  BinReg: 0.000e+00 (0.000e+00)  SelBinAnchor: 0.000e+00 (0.000e+00)  ActBinMargin: 0.000e+00 (0.000e+00)  Time: 0.334s, 1531.09/s  (0.327s, 1564.49/s)  LR: 5.652e-06  RefW: 2.000e-04  AnchorRefW: 0.000e+00  Data: 0.006 (0.009)
2026-07-10T13:27:34Z	50	2.000e-04	5.463e+01	Train: 50 [ 400/2502 ( 16%)]  Loss: 51.431576 (51.4139)  BaseLoss: 51.420654 (51.4060)  RefAttnKL: 5.463e+01 (3.965e+01)  RefLogitKL: 0.000e+00 (0.000e+00)  AnchorRefAttnKL: 0.000e+00 (0.000e+00)  TeacherAttnKL: 0.000e+00 (0.000e+00)  TeacherRel: 0.000e+00 (0.000e+00)  TeacherAttnOut: 0.000e+00 (0.000e+00)  TeacherFeatOut: 0.000e+00 (0.000e+00)  ActScaleAnchor: 0.000e+00 (0.000e+00)  VarTrust: 0.000e+00 (0.000e+00)  DirAnchor: 0.000e+00 (0.000e+00)  BinReg: 0.000e+00 (0.000e+00)  SelBinAnchor: 0.000e+00 (0.000e+00)  ActBinMargin: 0.000e+00 (0.000e+00)  Time: 0.334s, 1530.73/s  (0.327s, 1567.71/s)  LR: 5.649e-06  RefW: 2.000e-04  AnchorRefW: 0.000e+00  Data: 0.006 (0.008)
2026-07-10T13:27:34Z	50	2.000e-04	4.653e+01	Train: 50 [ 450/2502 ( 18%)]  Loss: 51.422859 (51.4148)  BaseLoss: 51.413555 (51.4068)  RefAttnKL: 4.653e+01 (4.034e+01)  RefLogitKL: 0.000e+00 (0.000e+00)  AnchorRefAttnKL: 0.000e+00 (0.000e+00)  TeacherAttnKL: 0.000e+00 (0.000e+00)  TeacherRel: 0.000e+00 (0.000e+00)  TeacherAttnOut: 0.000e+00 (0.000e+00)  TeacherFeatOut: 0.000e+00 (0.000e+00)  ActScaleAnchor: 0.000e+00 (0.000e+00)  VarTrust: 0.000e+00 (0.000e+00)  DirAnchor: 0.000e+00 (0.000e+00)  BinReg: 0.000e+00 (0.000e+00)  SelBinAnchor: 0.000e+00 (0.000e+00)  ActBinMargin: 0.000e+00 (0.000e+00)  Time: 0.335s, 1526.56/s  (0.326s, 1569.55/s)  LR: 5.646e-06  RefW: 2.000e-04  AnchorRefW: 0.000e+00  Data: 0.006 (0.008)
2026-07-10T13:27:34Z	50	2.000e-04	2.651e+01	Train: 50 [ 500/2502 ( 20%)]  Loss: 51.445343 (51.4176)  BaseLoss: 51.440048 (51.4098)  RefAttnKL: 2.651e+01 (3.908e+01)  RefLogitKL: 0.000e+00 (0.000e+00)  AnchorRefAttnKL: 0.000e+00 (0.000e+00)  TeacherAttnKL: 0.000e+00 (0.000e+00)  TeacherRel: 0.000e+00 (0.000e+00)  TeacherAttnOut: 0.000e+00 (0.000e+00)  TeacherFeatOut: 0.000e+00 (0.000e+00)  ActScaleAnchor: 0.000e+00 (0.000e+00)  VarTrust: 0.000e+00 (0.000e+00)  DirAnchor: 0.000e+00 (0.000e+00)  BinReg: 0.000e+00 (0.000e+00)  SelBinAnchor: 0.000e+00 (0.000e+00)  ActBinMargin: 0.000e+00 (0.000e+00)  Time: 0.335s, 1527.86/s  (0.326s, 1571.51/s)  LR: 5.644e-06  RefW: 2.000e-04  AnchorRefW: 0.000e+00  Data: 0.006 (0.008)
2026-07-10T13:27:34Z	50	2.000e-04	4.555e+01	Train: 50 [ 550/2502 ( 22%)]  Loss: 51.437874 (51.4193)  BaseLoss: 51.428764 (51.4114)  RefAttnKL: 4.555e+01 (3.962e+01)  RefLogitKL: 0.000e+00 (0.000e+00)  AnchorRefAttnKL: 0.000e+00 (0.000e+00)  TeacherAttnKL: 0.000e+00 (0.000e+00)  TeacherRel: 0.000e+00 (0.000e+00)  TeacherAttnOut: 0.000e+00 (0.000e+00)  TeacherFeatOut: 0.000e+00 (0.000e+00)  ActScaleAnchor: 0.000e+00 (0.000e+00)  VarTrust: 0.000e+00 (0.000e+00)  DirAnchor: 0.000e+00 (0.000e+00)  BinReg: 0.000e+00 (0.000e+00)  SelBinAnchor: 0.000e+00 (0.000e+00)  ActBinMargin: 0.000e+00 (0.000e+00)  Time: 0.339s, 1512.12/s  (0.325s, 1573.08/s)  LR: 5.641e-06  RefW: 2.000e-04  AnchorRefW: 0.000e+00  Data: 0.006 (0.008)
2026-07-10T13:27:34Z	50	2.000e-04	2.691e+01	Train: 50 [ 600/2502 ( 24%)]  Loss: 51.358238 (51.4146)  BaseLoss: 51.352856 (51.4069)  RefAttnKL: 2.691e+01 (3.864e+01)  RefLogitKL: 0.000e+00 (0.000e+00)  AnchorRefAttnKL: 0.000e+00 (0.000e+00)  TeacherAttnKL: 0.000e+00 (0.000e+00)  TeacherRel: 0.000e+00 (0.000e+00)  TeacherAttnOut: 0.000e+00 (0.000e+00)  TeacherFeatOut: 0.000e+00 (0.000e+00)  ActScaleAnchor: 0.000e+00 (0.000e+00)  VarTrust: 0.000e+00 (0.000e+00)  DirAnchor: 0.000e+00 (0.000e+00)  BinReg: 0.000e+00 (0.000e+00)  SelBinAnchor: 0.000e+00 (0.000e+00)  ActBinMargin: 0.000e+00 (0.000e+00)  Time: 0.333s, 1537.76/s  (0.325s, 1574.46/s)  LR: 5.639e-06  RefW: 2.000e-04  AnchorRefW: 0.000e+00  Data: 0.005 (0.008)
2026-07-10T13:27:34Z	50	2.000e-04	2.712e+01	Train: 50 [ 650/2502 ( 26%)]  Loss: 51.425121 (51.4154)  BaseLoss: 51.419693 (51.4078)  RefAttnKL: 2.712e+01 (3.782e+01)  RefLogitKL: 0.000e+00 (0.000e+00)  AnchorRefAttnKL: 0.000e+00 (0.000e+00)  TeacherAttnKL: 0.000e+00 (0.000e+00)  TeacherRel: 0.000e+00 (0.000e+00)  TeacherAttnOut: 0.000e+00 (0.000e+00)  TeacherFeatOut: 0.000e+00 (0.000e+00)  ActScaleAnchor: 0.000e+00 (0.000e+00)  VarTrust: 0.000e+00 (0.000e+00)  DirAnchor: 0.000e+00 (0.000e+00)  BinReg: 0.000e+00 (0.000e+00)  SelBinAnchor: 0.000e+00 (0.000e+00)  ActBinMargin: 0.000e+00 (0.000e+00)  Time: 0.335s, 1529.57/s  (0.325s, 1575.21/s)  LR: 5.636e-06  RefW: 2.000e-04  AnchorRefW: 0.000e+00  Data: 0.006 (0.007)
2026-07-10T13:27:34Z	50	2.000e-04	4.651e+01	Train: 50 [ 700/2502 ( 28%)]  Loss: 51.382519 (51.4132)  BaseLoss: 51.373211 (51.4055)  RefAttnKL: 4.651e+01 (3.840e+01)  RefLogitKL: 0.000e+00 (0.000e+00)  AnchorRefAttnKL: 0.000e+00 (0.000e+00)  TeacherAttnKL: 0.000e+00 (0.000e+00)  TeacherRel: 0.000e+00 (0.000e+00)  TeacherAttnOut: 0.000e+00 (0.000e+00)  TeacherFeatOut: 0.000e+00 (0.000e+00)  ActScaleAnchor: 0.000e+00 (0.000e+00)  VarTrust: 0.000e+00 (0.000e+00)  DirAnchor: 0.000e+00 (0.000e+00)  BinReg: 0.000e+00 (0.000e+00)  SelBinAnchor: 0.000e+00 (0.000e+00)  ActBinMargin: 0.000e+00 (0.000e+00)  Time: 0.335s, 1526.99/s  (0.325s, 1576.18/s)  LR: 5.634e-06  RefW: 2.000e-04  AnchorRefW: 0.000e+00  Data: 0.007 (0.007)
2026-07-10T13:27:34Z	50	2.000e-04	3.513e+01	Train: 50 [ 750/2502 ( 30%)]  Loss: 51.373756 (51.4107)  BaseLoss: 51.366726 (51.4031)  RefAttnKL: 3.513e+01 (3.820e+01)  RefLogitKL: 0.000e+00 (0.000e+00)  AnchorRefAttnKL: 0.000e+00 (0.000e+00)  TeacherAttnKL: 0.000e+00 (0.000e+00)  TeacherRel: 0.000e+00 (0.000e+00)  TeacherAttnOut: 0.000e+00 (0.000e+00)  TeacherFeatOut: 0.000e+00 (0.000e+00)  ActScaleAnchor: 0.000e+00 (0.000e+00)  VarTrust: 0.000e+00 (0.000e+00)  DirAnchor: 0.000e+00 (0.000e+00)  BinReg: 0.000e+00 (0.000e+00)  SelBinAnchor: 0.000e+00 (0.000e+00)  ActBinMargin: 0.000e+00 (0.000e+00)  Time: 0.340s, 1505.55/s  (0.325s, 1576.69/s)  LR: 5.631e-06  RefW: 2.000e-04  AnchorRefW: 0.000e+00  Data: 0.006 (0.007)
2026-07-10T13:27:34Z	50	2.000e-04	3.600e+01	Train: 50 [ 800/2502 ( 32%)]  Loss: 51.405006 (51.4104)  BaseLoss: 51.397808 (51.4028)  RefAttnKL: 3.600e+01 (3.807e+01)  RefLogitKL: 0.000e+00 (0.000e+00)  AnchorRefAttnKL: 0.000e+00 (0.000e+00)  TeacherAttnKL: 0.000e+00 (0.000e+00)  TeacherRel: 0.000e+00 (0.000e+00)  TeacherAttnOut: 0.000e+00 (0.000e+00)  TeacherFeatOut: 0.000e+00 (0.000e+00)  ActScaleAnchor: 0.000e+00 (0.000e+00)  VarTrust: 0.000e+00 (0.000e+00)  DirAnchor: 0.000e+00 (0.000e+00)  BinReg: 0.000e+00 (0.000e+00)  SelBinAnchor: 0.000e+00 (0.000e+00)  ActBinMargin: 0.000e+00 (0.000e+00)  Time: 0.334s, 1532.00/s  (0.325s, 1577.49/s)  LR: 5.629e-06  RefW: 2.000e-04  AnchorRefW: 0.000e+00  Data: 0.006 (0.007)
2026-07-10T13:27:34Z	50	2.000e-04	5.480e+01	Train: 50 [ 850/2502 ( 34%)]  Loss: 51.379215 (51.4086)  BaseLoss: 51.368256 (51.4008)  RefAttnKL: 5.480e+01 (3.900e+01)  RefLogitKL: 0.000e+00 (0.000e+00)  AnchorRefAttnKL: 0.000e+00 (0.000e+00)  TeacherAttnKL: 0.000e+00 (0.000e+00)  TeacherRel: 0.000e+00 (0.000e+00)  TeacherAttnOut: 0.000e+00 (0.000e+00)  TeacherFeatOut: 0.000e+00 (0.000e+00)  ActScaleAnchor: 0.000e+00 (0.000e+00)  VarTrust: 0.000e+00 (0.000e+00)  DirAnchor: 0.000e+00 (0.000e+00)  BinReg: 0.000e+00 (0.000e+00)  SelBinAnchor: 0.000e+00 (0.000e+00)  ActBinMargin: 0.000e+00 (0.000e+00)  Time: 0.338s, 1513.39/s  (0.324s, 1577.97/s)  LR: 5.626e-06  RefW: 2.000e-04  AnchorRefW: 0.000e+00  Data: 0.006 (0.007)
2026-07-10T13:27:34Z	50	2.000e-04	2.669e+01	Train: 50 [ 900/2502 ( 36%)]  Loss: 51.378101 (51.4070)  BaseLoss: 51.372761 (51.3994)  RefAttnKL: 2.669e+01 (3.835e+01)  RefLogitKL: 0.000e+00 (0.000e+00)  AnchorRefAttnKL: 0.000e+00 (0.000e+00)  TeacherAttnKL: 0.000e+00 (0.000e+00)  TeacherRel: 0.000e+00 (0.000e+00)  TeacherAttnOut: 0.000e+00 (0.000e+00)  TeacherFeatOut: 0.000e+00 (0.000e+00)  ActScaleAnchor: 0.000e+00 (0.000e+00)  VarTrust: 0.000e+00 (0.000e+00)  DirAnchor: 0.000e+00 (0.000e+00)  BinReg: 0.000e+00 (0.000e+00)  SelBinAnchor: 0.000e+00 (0.000e+00)  ActBinMargin: 0.000e+00 (0.000e+00)  Time: 0.335s, 1526.93/s  (0.324s, 1578.41/s)  LR: 5.624e-06  RefW: 2.000e-04  AnchorRefW: 0.000e+00  Data: 0.006 (0.007)
2026-07-10T13:27:34Z	50	2.000e-04	2.632e+01	Train: 50 [ 950/2502 ( 38%)]  Loss: 51.395924 (51.4065)  BaseLoss: 51.390663 (51.3989)  RefAttnKL: 2.632e+01 (3.775e+01)  RefLogitKL: 0.000e+00 (0.000e+00)  AnchorRefAttnKL: 0.000e+00 (0.000e+00)  TeacherAttnKL: 0.000e+00 (0.000e+00)  TeacherRel: 0.000e+00 (0.000e+00)  TeacherAttnOut: 0.000e+00 (0.000e+00)  TeacherFeatOut: 0.000e+00 (0.000e+00)  ActScaleAnchor: 0.000e+00 (0.000e+00)  VarTrust: 0.000e+00 (0.000e+00)  DirAnchor: 0.000e+00 (0.000e+00)  BinReg: 0.000e+00 (0.000e+00)  SelBinAnchor: 0.000e+00 (0.000e+00)  ActBinMargin: 0.000e+00 (0.000e+00)  Time: 0.339s, 1512.11/s  (0.324s, 1578.95/s)  LR: 5.621e-06  RefW: 2.000e-04  AnchorRefW: 0.000e+00  Data: 0.005 (0.007)
2026-07-10T13:27:34Z	50	2.000e-04	1.776e+01	Train: 50 [1000/2502 ( 40%)]  Loss: 51.409046 (51.4066)  BaseLoss: 51.405499 (51.3992)  RefAttnKL: 1.776e+01 (3.680e+01)  RefLogitKL: 0.000e+00 (0.000e+00)  AnchorRefAttnKL: 0.000e+00 (0.000e+00)  TeacherAttnKL: 0.000e+00 (0.000e+00)  TeacherRel: 0.000e+00 (0.000e+00)  TeacherAttnOut: 0.000e+00 (0.000e+00)  TeacherFeatOut: 0.000e+00 (0.000e+00)  ActScaleAnchor: 0.000e+00 (0.000e+00)  VarTrust: 0.000e+00 (0.000e+00)  DirAnchor: 0.000e+00 (0.000e+00)  BinReg: 0.000e+00 (0.000e+00)  SelBinAnchor: 0.000e+00 (0.000e+00)  ActBinMargin: 0.000e+00 (0.000e+00)  Time: 0.333s, 1536.58/s  (0.324s, 1579.29/s)  LR: 5.618e-06  RefW: 2.000e-04  AnchorRefW: 0.000e+00  Data: 0.006 (0.007)
2026-07-10T13:27:34Z	50	2.000e-04	2.776e+01	Train: 50 [1050/2502 ( 42%)]  Loss: 51.395100 (51.4061)  BaseLoss: 51.389545 (51.3988)  RefAttnKL: 2.776e+01 (3.639e+01)  RefLogitKL: 0.000e+00 (0.000e+00)  AnchorRefAttnKL: 0.000e+00 (0.000e+00)  TeacherAttnKL: 0.000e+00 (0.000e+00)  TeacherRel: 0.000e+00 (0.000e+00)  TeacherAttnOut: 0.000e+00 (0.000e+00)  TeacherFeatOut: 0.000e+00 (0.000e+00)  ActScaleAnchor: 0.000e+00 (0.000e+00)  VarTrust: 0.000e+00 (0.000e+00)  DirAnchor: 0.000e+00 (0.000e+00)  BinReg: 0.000e+00 (0.000e+00)  SelBinAnchor: 0.000e+00 (0.000e+00)  ActBinMargin: 0.000e+00 (0.000e+00)  Time: 0.339s, 1508.72/s  (0.324s, 1579.37/s)  LR: 5.616e-06  RefW: 2.000e-04  AnchorRefW: 0.000e+00  Data: 0.006 (0.007)
2026-07-10T13:27:34Z	50	2.000e-04	5.284e+01	Train: 50 [1100/2502 ( 44%)]  Loss: 51.376007 (51.4048)  BaseLoss: 51.365440 (51.3973)  RefAttnKL: 5.284e+01 (3.710e+01)  RefLogitKL: 0.000e+00 (0.000e+00)  AnchorRefAttnKL: 0.000e+00 (0.000e+00)  TeacherAttnKL: 0.000e+00 (0.000e+00)  TeacherRel: 0.000e+00 (0.000e+00)  TeacherAttnOut: 0.000e+00 (0.000e+00)  TeacherFeatOut: 0.000e+00 (0.000e+00)  ActScaleAnchor: 0.000e+00 (0.000e+00)  VarTrust: 0.000e+00 (0.000e+00)  DirAnchor: 0.000e+00 (0.000e+00)  BinReg: 0.000e+00 (0.000e+00)  SelBinAnchor: 0.000e+00 (0.000e+00)  ActBinMargin: 0.000e+00 (0.000e+00)  Time: 0.338s, 1514.34/s  (0.324s, 1578.71/s)  LR: 5.613e-06  RefW: 2.000e-04  AnchorRefW: 0.000e+00  Data: 0.006 (0.007)
2026-07-10T13:27:34Z	50	2.000e-04	9.177e+00	Train: 50 [1150/2502 ( 46%)]  Loss: 51.401619 (51.4046)  BaseLoss: 51.399784 (51.3974)  RefAttnKL: 9.177e+00 (3.594e+01)  RefLogitKL: 0.000e+00 (0.000e+00)  AnchorRefAttnKL: 0.000e+00 (0.000e+00)  TeacherAttnKL: 0.000e+00 (0.000e+00)  TeacherRel: 0.000e+00 (0.000e+00)  TeacherAttnOut: 0.000e+00 (0.000e+00)  TeacherFeatOut: 0.000e+00 (0.000e+00)  ActScaleAnchor: 0.000e+00 (0.000e+00)  VarTrust: 0.000e+00 (0.000e+00)  DirAnchor: 0.000e+00 (0.000e+00)  BinReg: 0.000e+00 (0.000e+00)  SelBinAnchor: 0.000e+00 (0.000e+00)  ActBinMargin: 0.000e+00 (0.000e+00)  Time: 0.341s, 1500.86/s  (0.324s, 1578.27/s)  LR: 5.611e-06  RefW: 2.000e-04  AnchorRefW: 0.000e+00  Data: 0.006 (0.007)
2026-07-10T13:27:34Z	50	2.000e-04	5.332e+01	Train: 50 [1200/2502 ( 48%)]  Loss: 51.383648 (51.4038)  BaseLoss: 51.372982 (51.3965)  RefAttnKL: 5.332e+01 (3.663e+01)  RefLogitKL: 0.000e+00 (0.000e+00)  AnchorRefAttnKL: 0.000e+00 (0.000e+00)  TeacherAttnKL: 0.000e+00 (0.000e+00)  TeacherRel: 0.000e+00 (0.000e+00)  TeacherAttnOut: 0.000e+00 (0.000e+00)  TeacherFeatOut: 0.000e+00 (0.000e+00)  ActScaleAnchor: 0.000e+00 (0.000e+00)  VarTrust: 0.000e+00 (0.000e+00)  DirAnchor: 0.000e+00 (0.000e+00)  BinReg: 0.000e+00 (0.000e+00)  SelBinAnchor: 0.000e+00 (0.000e+00)  ActBinMargin: 0.000e+00 (0.000e+00)  Time: 0.339s, 1511.58/s  (0.324s, 1577.82/s)  LR: 5.608e-06  RefW: 2.000e-04  AnchorRefW: 0.000e+00  Data: 0.006 (0.007)
2026-07-10T13:27:34Z	50	2.000e-04	3.481e+01	Train: 50 [1250/2502 ( 50%)]  Loss: 51.408901 (51.4040)  BaseLoss: 51.401939 (51.3967)  RefAttnKL: 3.481e+01 (3.656e+01)  RefLogitKL: 0.000e+00 (0.000e+00)  AnchorRefAttnKL: 0.000e+00 (0.000e+00)  TeacherAttnKL: 0.000e+00 (0.000e+00)  TeacherRel: 0.000e+00 (0.000e+00)  TeacherAttnOut: 0.000e+00 (0.000e+00)  TeacherFeatOut: 0.000e+00 (0.000e+00)  ActScaleAnchor: 0.000e+00 (0.000e+00)  VarTrust: 0.000e+00 (0.000e+00)  DirAnchor: 0.000e+00 (0.000e+00)  BinReg: 0.000e+00 (0.000e+00)  SelBinAnchor: 0.000e+00 (0.000e+00)  ActBinMargin: 0.000e+00 (0.000e+00)  Time: 0.338s, 1515.62/s  (0.325s, 1577.41/s)  LR: 5.606e-06  RefW: 2.000e-04  AnchorRefW: 0.000e+00  Data: 0.006 (0.007)
2026-07-10T13:27:34Z	50	2.000e-04	5.325e+01	Train: 50 [1300/2502 ( 52%)]  Loss: 51.435028 (51.4051)  BaseLoss: 51.424377 (51.3977)  RefAttnKL: 5.325e+01 (3.718e+01)  RefLogitKL: 0.000e+00 (0.000e+00)  AnchorRefAttnKL: 0.000e+00 (0.000e+00)  TeacherAttnKL: 0.000e+00 (0.000e+00)  TeacherRel: 0.000e+00 (0.000e+00)  TeacherAttnOut: 0.000e+00 (0.000e+00)  TeacherFeatOut: 0.000e+00 (0.000e+00)  ActScaleAnchor: 0.000e+00 (0.000e+00)  VarTrust: 0.000e+00 (0.000e+00)  DirAnchor: 0.000e+00 (0.000e+00)  BinReg: 0.000e+00 (0.000e+00)  SelBinAnchor: 0.000e+00 (0.000e+00)  ActBinMargin: 0.000e+00 (0.000e+00)  Time: 0.340s, 1506.26/s  (0.325s, 1577.05/s)  LR: 5.603e-06  RefW: 2.000e-04  AnchorRefW: 0.000e+00  Data: 0.006 (0.007)
2026-07-10T13:27:34Z	50	2.000e-04	3.544e+01	Train: 50 [1350/2502 ( 54%)]  Loss: 51.406029 (51.4052)  BaseLoss: 51.398941 (51.3978)  RefAttnKL: 3.544e+01 (3.712e+01)  RefLogitKL: 0.000e+00 (0.000e+00)  AnchorRefAttnKL: 0.000e+00 (0.000e+00)  TeacherAttnKL: 0.000e+00 (0.000e+00)  TeacherRel: 0.000e+00 (0.000e+00)  TeacherAttnOut: 0.000e+00 (0.000e+00)  TeacherFeatOut: 0.000e+00 (0.000e+00)  ActScaleAnchor: 0.000e+00 (0.000e+00)  VarTrust: 0.000e+00 (0.000e+00)  DirAnchor: 0.000e+00 (0.000e+00)  BinReg: 0.000e+00 (0.000e+00)  SelBinAnchor: 0.000e+00 (0.000e+00)  ActBinMargin: 0.000e+00 (0.000e+00)  Time: 0.334s, 1532.75/s  (0.325s, 1576.94/s)  LR: 5.601e-06  RefW: 2.000e-04  AnchorRefW: 0.000e+00  Data: 0.006 (0.007)
2026-07-10T13:27:34Z	50	2.000e-04	2.771e+01	Train: 50 [1400/2502 ( 56%)]  Loss: 51.413391 (51.4055)  BaseLoss: 51.407852 (51.3981)  RefAttnKL: 2.771e+01 (3.679e+01)  RefLogitKL: 0.000e+00 (0.000e+00)  AnchorRefAttnKL: 0.000e+00 (0.000e+00)  TeacherAttnKL: 0.000e+00 (0.000e+00)  TeacherRel: 0.000e+00 (0.000e+00)  TeacherAttnOut: 0.000e+00 (0.000e+00)  TeacherFeatOut: 0.000e+00 (0.000e+00)  ActScaleAnchor: 0.000e+00 (0.000e+00)  VarTrust: 0.000e+00 (0.000e+00)  DirAnchor: 0.000e+00 (0.000e+00)  BinReg: 0.000e+00 (0.000e+00)  SelBinAnchor: 0.000e+00 (0.000e+00)  ActBinMargin: 0.000e+00 (0.000e+00)  Time: 0.339s, 1510.92/s  (0.325s, 1577.26/s)  LR: 5.598e-06  RefW: 2.000e-04  AnchorRefW: 0.000e+00  Data: 0.006 (0.007)
2026-07-10T13:27:34Z	50	2.000e-04	3.572e+01	Train: 50 [1450/2502 ( 58%)]  Loss: 51.431458 (51.4063)  BaseLoss: 51.424320 (51.3990)  RefAttnKL: 3.572e+01 (3.676e+01)  RefLogitKL: 0.000e+00 (0.000e+00)  AnchorRefAttnKL: 0.000e+00 (0.000e+00)  TeacherAttnKL: 0.000e+00 (0.000e+00)  TeacherRel: 0.000e+00 (0.000e+00)  TeacherAttnOut: 0.000e+00 (0.000e+00)  TeacherFeatOut: 0.000e+00 (0.000e+00)  ActScaleAnchor: 0.000e+00 (0.000e+00)  VarTrust: 0.000e+00 (0.000e+00)  DirAnchor: 0.000e+00 (0.000e+00)  BinReg: 0.000e+00 (0.000e+00)  SelBinAnchor: 0.000e+00 (0.000e+00)  ActBinMargin: 0.000e+00 (0.000e+00)  Time: 0.339s, 1508.92/s  (0.325s, 1576.86/s)  LR: 5.596e-06  RefW: 2.000e-04  AnchorRefW: 0.000e+00  Data: 0.006 (0.007)
2026-07-10T13:27:34Z	50	2.000e-04	2.706e+01	Train: 50 [1500/2502 ( 60%)]  Loss: 51.423920 (51.4069)  BaseLoss: 51.418503 (51.3996)  RefAttnKL: 2.706e+01 (3.645e+01)  RefLogitKL: 0.000e+00 (0.000e+00)  AnchorRefAttnKL: 0.000e+00 (0.000e+00)  TeacherAttnKL: 0.000e+00 (0.000e+00)  TeacherRel: 0.000e+00 (0.000e+00)  TeacherAttnOut: 0.000e+00 (0.000e+00)  TeacherFeatOut: 0.000e+00 (0.000e+00)  ActScaleAnchor: 0.000e+00 (0.000e+00)  VarTrust: 0.000e+00 (0.000e+00)  DirAnchor: 0.000e+00 (0.000e+00)  BinReg: 0.000e+00 (0.000e+00)  SelBinAnchor: 0.000e+00 (0.000e+00)  ActBinMargin: 0.000e+00 (0.000e+00)  Time: 0.338s, 1514.15/s  (0.325s, 1576.62/s)  LR: 5.593e-06  RefW: 2.000e-04  AnchorRefW: 0.000e+00  Data: 0.007 (0.007)
2026-07-10T13:27:34Z	50	2.000e-04	3.544e+01	Train: 50 [1550/2502 ( 62%)]  Loss: 51.421684 (51.4074)  BaseLoss: 51.414597 (51.4001)  RefAttnKL: 3.544e+01 (3.641e+01)  RefLogitKL: 0.000e+00 (0.000e+00)  AnchorRefAttnKL: 0.000e+00 (0.000e+00)  TeacherAttnKL: 0.000e+00 (0.000e+00)  TeacherRel: 0.000e+00 (0.000e+00)  TeacherAttnOut: 0.000e+00 (0.000e+00)  TeacherFeatOut: 0.000e+00 (0.000e+00)  ActScaleAnchor: 0.000e+00 (0.000e+00)  VarTrust: 0.000e+00 (0.000e+00)  DirAnchor: 0.000e+00 (0.000e+00)  BinReg: 0.000e+00 (0.000e+00)  SelBinAnchor: 0.000e+00 (0.000e+00)  ActBinMargin: 0.000e+00 (0.000e+00)  Time: 0.340s, 1507.93/s  (0.325s, 1576.40/s)  LR: 5.591e-06  RefW: 2.000e-04  AnchorRefW: 0.000e+00  Data: 0.006 (0.007)
2026-07-10T13:27:34Z	50	2.000e-04	3.566e+01	Train: 50 [1600/2502 ( 64%)]  Loss: 51.387924 (51.4068)  BaseLoss: 51.380791 (51.3995)  RefAttnKL: 3.566e+01 (3.639e+01)  RefLogitKL: 0.000e+00 (0.000e+00)  AnchorRefAttnKL: 0.000e+00 (0.000e+00)  TeacherAttnKL: 0.000e+00 (0.000e+00)  TeacherRel: 0.000e+00 (0.000e+00)  TeacherAttnOut: 0.000e+00 (0.000e+00)  TeacherFeatOut: 0.000e+00 (0.000e+00)  ActScaleAnchor: 0.000e+00 (0.000e+00)  VarTrust: 0.000e+00 (0.000e+00)  DirAnchor: 0.000e+00 (0.000e+00)  BinReg: 0.000e+00 (0.000e+00)  SelBinAnchor: 0.000e+00 (0.000e+00)  ActBinMargin: 0.000e+00 (0.000e+00)  Time: 0.340s, 1506.95/s  (0.325s, 1576.16/s)  LR: 5.589e-06  RefW: 2.000e-04  AnchorRefW: 0.000e+00  Data: 0.005 (0.007)
2026-07-10T13:27:34Z	50	2.000e-04	1.797e+01	Train: 50 [1650/2502 ( 66%)]  Loss: 51.435699 (51.4076)  BaseLoss: 51.432106 (51.4004)  RefAttnKL: 1.797e+01 (3.585e+01)  RefLogitKL: 0.000e+00 (0.000e+00)  AnchorRefAttnKL: 0.000e+00 (0.000e+00)  TeacherAttnKL: 0.000e+00 (0.000e+00)  TeacherRel: 0.000e+00 (0.000e+00)  TeacherAttnOut: 0.000e+00 (0.000e+00)  TeacherFeatOut: 0.000e+00 (0.000e+00)  ActScaleAnchor: 0.000e+00 (0.000e+00)  VarTrust: 0.000e+00 (0.000e+00)  DirAnchor: 0.000e+00 (0.000e+00)  BinReg: 0.000e+00 (0.000e+00)  SelBinAnchor: 0.000e+00 (0.000e+00)  ActBinMargin: 0.000e+00 (0.000e+00)  Time: 0.339s, 1512.27/s  (0.325s, 1575.94/s)  LR: 5.586e-06  RefW: 2.000e-04  AnchorRefW: 0.000e+00  Data: 0.006 (0.007)
2026-07-10T13:27:34Z	50	2.000e-04	4.403e+01	Train: 50 [1700/2502 ( 68%)]  Loss: 51.418900 (51.4079)  BaseLoss: 51.410095 (51.4007)  RefAttnKL: 4.403e+01 (3.608e+01)  RefLogitKL: 0.000e+00 (0.000e+00)  AnchorRefAttnKL: 0.000e+00 (0.000e+00)  TeacherAttnKL: 0.000e+00 (0.000e+00)  TeacherRel: 0.000e+00 (0.000e+00)  TeacherAttnOut: 0.000e+00 (0.000e+00)  TeacherFeatOut: 0.000e+00 (0.000e+00)  ActScaleAnchor: 0.000e+00 (0.000e+00)  VarTrust: 0.000e+00 (0.000e+00)  DirAnchor: 0.000e+00 (0.000e+00)  BinReg: 0.000e+00 (0.000e+00)  SelBinAnchor: 0.000e+00 (0.000e+00)  ActBinMargin: 0.000e+00 (0.000e+00)  Time: 0.337s, 1518.13/s  (0.325s, 1575.78/s)  LR: 5.584e-06  RefW: 2.000e-04  AnchorRefW: 0.000e+00  Data: 0.006 (0.007)
2026-07-10T13:27:34Z	50	2.000e-04	1.828e+01	Train: 50 [1750/2502 ( 70%)]  Loss: 51.391228 (51.4075)  BaseLoss: 51.387569 (51.4004)  RefAttnKL: 1.828e+01 (3.559e+01)  RefLogitKL: 0.000e+00 (0.000e+00)  AnchorRefAttnKL: 0.000e+00 (0.000e+00)  TeacherAttnKL: 0.000e+00 (0.000e+00)  TeacherRel: 0.000e+00 (0.000e+00)  TeacherAttnOut: 0.000e+00 (0.000e+00)  TeacherFeatOut: 0.000e+00 (0.000e+00)  ActScaleAnchor: 0.000e+00 (0.000e+00)  VarTrust: 0.000e+00 (0.000e+00)  DirAnchor: 0.000e+00 (0.000e+00)  BinReg: 0.000e+00 (0.000e+00)  SelBinAnchor: 0.000e+00 (0.000e+00)  ActBinMargin: 0.000e+00 (0.000e+00)  Time: 0.339s, 1509.58/s  (0.325s, 1575.60/s)  LR: 5.581e-06  RefW: 2.000e-04  AnchorRefW: 0.000e+00  Data: 0.006 (0.007)
2026-07-10T13:27:34Z	50	2.000e-04	3.656e+01	Train: 50 [1800/2502 ( 72%)]  Loss: 51.422737 (51.4079)  BaseLoss: 51.415424 (51.4008)  RefAttnKL: 3.656e+01 (3.561e+01)  RefLogitKL: 0.000e+00 (0.000e+00)  AnchorRefAttnKL: 0.000e+00 (0.000e+00)  TeacherAttnKL: 0.000e+00 (0.000e+00)  TeacherRel: 0.000e+00 (0.000e+00)  TeacherAttnOut: 0.000e+00 (0.000e+00)  TeacherFeatOut: 0.000e+00 (0.000e+00)  ActScaleAnchor: 0.000e+00 (0.000e+00)  VarTrust: 0.000e+00 (0.000e+00)  DirAnchor: 0.000e+00 (0.000e+00)  BinReg: 0.000e+00 (0.000e+00)  SelBinAnchor: 0.000e+00 (0.000e+00)  ActBinMargin: 0.000e+00 (0.000e+00)  Time: 0.339s, 1509.58/s  (0.325s, 1575.48/s)  LR: 5.579e-06  RefW: 2.000e-04  AnchorRefW: 0.000e+00  Data: 0.006 (0.007)
2026-07-10T13:27:34Z	50	2.000e-04	4.500e+01	Train: 50 [1850/2502 ( 74%)]  Loss: 51.395714 (51.4076)  BaseLoss: 51.386711 (51.4004)  RefAttnKL: 4.500e+01 (3.586e+01)  RefLogitKL: 0.000e+00 (0.000e+00)  AnchorRefAttnKL: 0.000e+00 (0.000e+00)  TeacherAttnKL: 0.000e+00 (0.000e+00)  TeacherRel: 0.000e+00 (0.000e+00)  TeacherAttnOut: 0.000e+00 (0.000e+00)  TeacherFeatOut: 0.000e+00 (0.000e+00)  ActScaleAnchor: 0.000e+00 (0.000e+00)  VarTrust: 0.000e+00 (0.000e+00)  DirAnchor: 0.000e+00 (0.000e+00)  BinReg: 0.000e+00 (0.000e+00)  SelBinAnchor: 0.000e+00 (0.000e+00)  ActBinMargin: 0.000e+00 (0.000e+00)  Time: 0.341s, 1502.71/s  (0.325s, 1575.32/s)  LR: 5.576e-06  RefW: 2.000e-04  AnchorRefW: 0.000e+00  Data: 0.006 (0.007)
2026-07-10T13:27:34Z	50	2.000e-04	3.548e+01	Train: 50 [1900/2502 ( 76%)]  Loss: 51.400257 (51.4074)  BaseLoss: 51.393162 (51.4002)  RefAttnKL: 3.548e+01 (3.585e+01)  RefLogitKL: 0.000e+00 (0.000e+00)  AnchorRefAttnKL: 0.000e+00 (0.000e+00)  TeacherAttnKL: 0.000e+00 (0.000e+00)  TeacherRel: 0.000e+00 (0.000e+00)  TeacherAttnOut: 0.000e+00 (0.000e+00)  TeacherFeatOut: 0.000e+00 (0.000e+00)  ActScaleAnchor: 0.000e+00 (0.000e+00)  VarTrust: 0.000e+00 (0.000e+00)  DirAnchor: 0.000e+00 (0.000e+00)  BinReg: 0.000e+00 (0.000e+00)  SelBinAnchor: 0.000e+00 (0.000e+00)  ActBinMargin: 0.000e+00 (0.000e+00)  Time: 0.340s, 1507.44/s  (0.325s, 1575.20/s)  LR: 5.574e-06  RefW: 2.000e-04  AnchorRefW: 0.000e+00  Data: 0.006 (0.007)
2026-07-10T13:27:34Z	50	2.000e-04	2.624e+01	Train: 50 [1950/2502 ( 78%)]  Loss: 51.444988 (51.4083)  BaseLoss: 51.439739 (51.4012)  RefAttnKL: 2.624e+01 (3.561e+01)  RefLogitKL: 0.000e+00 (0.000e+00)  AnchorRefAttnKL: 0.000e+00 (0.000e+00)  TeacherAttnKL: 0.000e+00 (0.000e+00)  TeacherRel: 0.000e+00 (0.000e+00)  TeacherAttnOut: 0.000e+00 (0.000e+00)  TeacherFeatOut: 0.000e+00 (0.000e+00)  ActScaleAnchor: 0.000e+00 (0.000e+00)  VarTrust: 0.000e+00 (0.000e+00)  DirAnchor: 0.000e+00 (0.000e+00)  BinReg: 0.000e+00 (0.000e+00)  SelBinAnchor: 0.000e+00 (0.000e+00)  ActBinMargin: 0.000e+00 (0.000e+00)  Time: 0.335s, 1526.88/s  (0.325s, 1575.13/s)  LR: 5.571e-06  RefW: 2.000e-04  AnchorRefW: 0.000e+00  Data: 0.006 (0.006)
2026-07-10T13:27:34Z	50	2.000e-04	3.578e+01	Train: 50 [2000/2502 ( 80%)]  Loss: 51.428936 (51.4088)  BaseLoss: 51.421780 (51.4017)  RefAttnKL: 3.578e+01 (3.562e+01)  RefLogitKL: 0.000e+00 (0.000e+00)  AnchorRefAttnKL: 0.000e+00 (0.000e+00)  TeacherAttnKL: 0.000e+00 (0.000e+00)  TeacherRel: 0.000e+00 (0.000e+00)  TeacherAttnOut: 0.000e+00 (0.000e+00)  TeacherFeatOut: 0.000e+00 (0.000e+00)  ActScaleAnchor: 0.000e+00 (0.000e+00)  VarTrust: 0.000e+00 (0.000e+00)  DirAnchor: 0.000e+00 (0.000e+00)  BinReg: 0.000e+00 (0.000e+00)  SelBinAnchor: 0.000e+00 (0.000e+00)  ActBinMargin: 0.000e+00 (0.000e+00)  Time: 0.336s, 1522.35/s  (0.325s, 1575.55/s)  LR: 5.569e-06  RefW: 2.000e-04  AnchorRefW: 0.000e+00  Data: 0.006 (0.006)
2026-07-10T13:27:34Z	50	2.000e-04	6.037e+01	Train: 50 [2050/2502 ( 82%)]  Loss: 51.371117 (51.4079)  BaseLoss: 51.359047 (51.4007)  RefAttnKL: 6.037e+01 (3.620e+01)  RefLogitKL: 0.000e+00 (0.000e+00)  AnchorRefAttnKL: 0.000e+00 (0.000e+00)  TeacherAttnKL: 0.000e+00 (0.000e+00)  TeacherRel: 0.000e+00 (0.000e+00)  TeacherAttnOut: 0.000e+00 (0.000e+00)  TeacherFeatOut: 0.000e+00 (0.000e+00)  ActScaleAnchor: 0.000e+00 (0.000e+00)  VarTrust: 0.000e+00 (0.000e+00)  DirAnchor: 0.000e+00 (0.000e+00)  BinReg: 0.000e+00 (0.000e+00)  SelBinAnchor: 0.000e+00 (0.000e+00)  ActBinMargin: 0.000e+00 (0.000e+00)  Time: 0.336s, 1524.61/s  (0.325s, 1575.83/s)  LR: 5.567e-06  RefW: 2.000e-04  AnchorRefW: 0.000e+00  Data: 0.006 (0.006)
2026-07-10T13:27:34Z	50	2.000e-04	3.497e+01	Train: 50 [2100/2502 ( 84%)]  Loss: 51.386292 (51.4074)  BaseLoss: 51.379295 (51.4002)  RefAttnKL: 3.497e+01 (3.618e+01)  RefLogitKL: 0.000e+00 (0.000e+00)  AnchorRefAttnKL: 0.000e+00 (0.000e+00)  TeacherAttnKL: 0.000e+00 (0.000e+00)  TeacherRel: 0.000e+00 (0.000e+00)  TeacherAttnOut: 0.000e+00 (0.000e+00)  TeacherFeatOut: 0.000e+00 (0.000e+00)  ActScaleAnchor: 0.000e+00 (0.000e+00)  VarTrust: 0.000e+00 (0.000e+00)  DirAnchor: 0.000e+00 (0.000e+00)  BinReg: 0.000e+00 (0.000e+00)  SelBinAnchor: 0.000e+00 (0.000e+00)  ActBinMargin: 0.000e+00 (0.000e+00)  Time: 0.334s, 1532.35/s  (0.325s, 1576.06/s)  LR: 5.564e-06  RefW: 2.000e-04  AnchorRefW: 0.000e+00  Data: 0.007 (0.006)
2026-07-10T13:27:34Z	50	2.000e-04	3.585e+01	Train: 50 [2150/2502 ( 86%)]  Loss: 51.397083 (51.4072)  BaseLoss: 51.389915 (51.4000)  RefAttnKL: 3.585e+01 (3.617e+01)  RefLogitKL: 0.000e+00 (0.000e+00)  AnchorRefAttnKL: 0.000e+00 (0.000e+00)  TeacherAttnKL: 0.000e+00 (0.000e+00)  TeacherRel: 0.000e+00 (0.000e+00)  TeacherAttnOut: 0.000e+00 (0.000e+00)  TeacherFeatOut: 0.000e+00 (0.000e+00)  ActScaleAnchor: 0.000e+00 (0.000e+00)  VarTrust: 0.000e+00 (0.000e+00)  DirAnchor: 0.000e+00 (0.000e+00)  BinReg: 0.000e+00 (0.000e+00)  SelBinAnchor: 0.000e+00 (0.000e+00)  ActBinMargin: 0.000e+00 (0.000e+00)  Time: 0.338s, 1515.83/s  (0.325s, 1576.07/s)  LR: 5.562e-06  RefW: 2.000e-04  AnchorRefW: 0.000e+00  Data: 0.005 (0.006)
2026-07-10T13:27:34Z	50	2.000e-04	2.680e+01	Train: 50 [2200/2502 ( 88%)]  Loss: 51.393150 (51.4069)  BaseLoss: 51.387791 (51.3997)  RefAttnKL: 2.680e+01 (3.596e+01)  RefLogitKL: 0.000e+00 (0.000e+00)  AnchorRefAttnKL: 0.000e+00 (0.000e+00)  TeacherAttnKL: 0.000e+00 (0.000e+00)  TeacherRel: 0.000e+00 (0.000e+00)  TeacherAttnOut: 0.000e+00 (0.000e+00)  TeacherFeatOut: 0.000e+00 (0.000e+00)  ActScaleAnchor: 0.000e+00 (0.000e+00)  VarTrust: 0.000e+00 (0.000e+00)  DirAnchor: 0.000e+00 (0.000e+00)  BinReg: 0.000e+00 (0.000e+00)  SelBinAnchor: 0.000e+00 (0.000e+00)  ActBinMargin: 0.000e+00 (0.000e+00)  Time: 0.334s, 1530.92/s  (0.325s, 1576.11/s)  LR: 5.559e-06  RefW: 2.000e-04  AnchorRefW: 0.000e+00  Data: 0.005 (0.006)
2026-07-10T13:27:34Z	50	2.000e-04	2.630e+01	Train: 50 [2250/2502 ( 90%)]  Loss: 51.381409 (51.4063)  BaseLoss: 51.376144 (51.3992)  RefAttnKL: 2.630e+01 (3.575e+01)  RefLogitKL: 0.000e+00 (0.000e+00)  AnchorRefAttnKL: 0.000e+00 (0.000e+00)  TeacherAttnKL: 0.000e+00 (0.000e+00)  TeacherRel: 0.000e+00 (0.000e+00)  TeacherAttnOut: 0.000e+00 (0.000e+00)  TeacherFeatOut: 0.000e+00 (0.000e+00)  ActScaleAnchor: 0.000e+00 (0.000e+00)  VarTrust: 0.000e+00 (0.000e+00)  DirAnchor: 0.000e+00 (0.000e+00)  BinReg: 0.000e+00 (0.000e+00)  SelBinAnchor: 0.000e+00 (0.000e+00)  ActBinMargin: 0.000e+00 (0.000e+00)  Time: 0.334s, 1532.49/s  (0.325s, 1576.43/s)  LR: 5.557e-06  RefW: 2.000e-04  AnchorRefW: 0.000e+00  Data: 0.006 (0.006)
2026-07-10T13:27:34Z	50	2.000e-04	0.000e+00	Train: 50 [2300/2502 ( 92%)]  Loss: 51.432178 (51.4069)  BaseLoss: 51.432178 (51.3999)  RefAttnKL: 0.000e+00 (3.499e+01)  RefLogitKL: 0.000e+00 (0.000e+00)  AnchorRefAttnKL: 0.000e+00 (0.000e+00)  TeacherAttnKL: 0.000e+00 (0.000e+00)  TeacherRel: 0.000e+00 (0.000e+00)  TeacherAttnOut: 0.000e+00 (0.000e+00)  TeacherFeatOut: 0.000e+00 (0.000e+00)  ActScaleAnchor: 0.000e+00 (0.000e+00)  VarTrust: 0.000e+00 (0.000e+00)  DirAnchor: 0.000e+00 (0.000e+00)  BinReg: 0.000e+00 (0.000e+00)  SelBinAnchor: 0.000e+00 (0.000e+00)  ActBinMargin: 0.000e+00 (0.000e+00)  Time: 0.333s, 1538.69/s  (0.325s, 1576.72/s)  LR: 5.555e-06  RefW: 2.000e-04  AnchorRefW: 0.000e+00  Data: 0.006 (0.006)
2026-07-10T13:27:34Z	50	2.000e-04	4.294e+01	Train: 50 [2350/2502 ( 94%)]  Loss: 51.427242 (51.4073)  BaseLoss: 51.418655 (51.4003)  RefAttnKL: 4.294e+01 (3.516e+01)  RefLogitKL: 0.000e+00 (0.000e+00)  AnchorRefAttnKL: 0.000e+00 (0.000e+00)  TeacherAttnKL: 0.000e+00 (0.000e+00)  TeacherRel: 0.000e+00 (0.000e+00)  TeacherAttnOut: 0.000e+00 (0.000e+00)  TeacherFeatOut: 0.000e+00 (0.000e+00)  ActScaleAnchor: 0.000e+00 (0.000e+00)  VarTrust: 0.000e+00 (0.000e+00)  DirAnchor: 0.000e+00 (0.000e+00)  BinReg: 0.000e+00 (0.000e+00)  SelBinAnchor: 0.000e+00 (0.000e+00)  ActBinMargin: 0.000e+00 (0.000e+00)  Time: 0.334s, 1534.74/s  (0.325s, 1577.05/s)  LR: 5.552e-06  RefW: 2.000e-04  AnchorRefW: 0.000e+00  Data: 0.006 (0.006)
2026-07-10T13:27:34Z	50	2.000e-04	2.565e+01	Train: 50 [2400/2502 ( 96%)]  Loss: 51.364613 (51.4064)  BaseLoss: 51.359482 (51.3994)  RefAttnKL: 2.565e+01 (3.496e+01)  RefLogitKL: 0.000e+00 (0.000e+00)  AnchorRefAttnKL: 0.000e+00 (0.000e+00)  TeacherAttnKL: 0.000e+00 (0.000e+00)  TeacherRel: 0.000e+00 (0.000e+00)  TeacherAttnOut: 0.000e+00 (0.000e+00)  TeacherFeatOut: 0.000e+00 (0.000e+00)  ActScaleAnchor: 0.000e+00 (0.000e+00)  VarTrust: 0.000e+00 (0.000e+00)  DirAnchor: 0.000e+00 (0.000e+00)  BinReg: 0.000e+00 (0.000e+00)  SelBinAnchor: 0.000e+00 (0.000e+00)  ActBinMargin: 0.000e+00 (0.000e+00)  Time: 0.334s, 1530.71/s  (0.325s, 1577.32/s)  LR: 5.550e-06  RefW: 2.000e-04  AnchorRefW: 0.000e+00  Data: 0.005 (0.006)
2026-07-10T13:27:34Z	50	2.000e-04	2.559e+01	Train: 50 [2450/2502 ( 98%)]  Loss: 51.405811 (51.4064)  BaseLoss: 51.400692 (51.3995)  RefAttnKL: 2.559e+01 (3.477e+01)  RefLogitKL: 0.000e+00 (0.000e+00)  AnchorRefAttnKL: 0.000e+00 (0.000e+00)  TeacherAttnKL: 0.000e+00 (0.000e+00)  TeacherRel: 0.000e+00 (0.000e+00)  TeacherAttnOut: 0.000e+00 (0.000e+00)  TeacherFeatOut: 0.000e+00 (0.000e+00)  ActScaleAnchor: 0.000e+00 (0.000e+00)  VarTrust: 0.000e+00 (0.000e+00)  DirAnchor: 0.000e+00 (0.000e+00)  BinReg: 0.000e+00 (0.000e+00)  SelBinAnchor: 0.000e+00 (0.000e+00)  ActBinMargin: 0.000e+00 (0.000e+00)  Time: 0.335s, 1529.07/s  (0.325s, 1577.61/s)  LR: 5.547e-06  RefW: 2.000e-04  AnchorRefW: 0.000e+00  Data: 0.006 (0.006)
2026-07-10T13:27:34Z	51	2.000e-04	3.509e+01	Train: 51 [   0/2502 (  0%)]  Loss: 51.424847 (51.4248)  BaseLoss: 51.417831 (51.4178)  RefAttnKL: 3.509e+01 (3.509e+01)  RefLogitKL: 0.000e+00 (0.000e+00)  AnchorRefAttnKL: 0.000e+00 (0.000e+00)  TeacherAttnKL: 0.000e+00 (0.000e+00)  TeacherRel: 0.000e+00 (0.000e+00)  TeacherAttnOut: 0.000e+00 (0.000e+00)  TeacherFeatOut: 0.000e+00 (0.000e+00)  ActScaleAnchor: 0.000e+00 (0.000e+00)  VarTrust: 0.000e+00 (0.000e+00)  DirAnchor: 0.000e+00 (0.000e+00)  BinReg: 0.000e+00 (0.000e+00)  SelBinAnchor: 0.000e+00 (0.000e+00)  ActBinMargin: 0.000e+00 (0.000e+00)  Time: 1.188s,  430.88/s  (1.188s,  430.88/s)  LR: 5.545e-06  RefW: 2.000e-04  AnchorRefW: 0.000e+00  Data: 0.793 (0.793)
2026-07-10T13:27:34Z	51	2.000e-04	3.532e+01	Train: 51 [  50/2502 (  2%)]  Loss: 51.394115 (51.4095)  BaseLoss: 51.387054 (51.4024)  RefAttnKL: 3.532e+01 (3.521e+01)  RefLogitKL: 0.000e+00 (0.000e+00)  AnchorRefAttnKL: 0.000e+00 (0.000e+00)  TeacherAttnKL: 0.000e+00 (0.000e+00)  TeacherRel: 0.000e+00 (0.000e+00)  TeacherAttnOut: 0.000e+00 (0.000e+00)  TeacherFeatOut: 0.000e+00 (0.000e+00)  ActScaleAnchor: 0.000e+00 (0.000e+00)  VarTrust: 0.000e+00 (0.000e+00)  DirAnchor: 0.000e+00 (0.000e+00)  BinReg: 0.000e+00 (0.000e+00)  SelBinAnchor: 0.000e+00 (0.000e+00)  ActBinMargin: 0.000e+00 (0.000e+00)  Time: 0.334s, 1531.62/s  (0.339s, 1509.37/s)  LR: 5.543e-06  RefW: 2.000e-04  AnchorRefW: 0.000e+00  Data: 0.006 (0.021)
2026-07-10T13:27:34Z	51	2.000e-04	3.519e+01	Train: 51 [ 100/2502 (  4%)]  Loss: 51.424828 (51.4146)  BaseLoss: 51.417789 (51.4076)  RefAttnKL: 3.519e+01 (3.520e+01)  RefLogitKL: 0.000e+00 (0.000e+00)  AnchorRefAttnKL: 0.000e+00 (0.000e+00)  TeacherAttnKL: 0.000e+00 (0.000e+00)  TeacherRel: 0.000e+00 (0.000e+00)  TeacherAttnOut: 0.000e+00 (0.000e+00)  TeacherFeatOut: 0.000e+00 (0.000e+00)  ActScaleAnchor: 0.000e+00 (0.000e+00)  VarTrust: 0.000e+00 (0.000e+00)  DirAnchor: 0.000e+00 (0.000e+00)  BinReg: 0.000e+00 (0.000e+00)  SelBinAnchor: 0.000e+00 (0.000e+00)  ActBinMargin: 0.000e+00 (0.000e+00)  Time: 0.333s, 1536.45/s  (0.331s, 1546.93/s)  LR: 5.540e-06  RefW: 2.000e-04  AnchorRefW: 0.000e+00  Data: 0.006 (0.014)
2026-07-10T13:27:34Z	51	2.000e-04	2.626e+01	Train: 51 [ 150/2502 (  6%)]  Loss: 51.407028 (51.4127)  BaseLoss: 51.401779 (51.4061)  RefAttnKL: 2.626e+01 (3.297e+01)  RefLogitKL: 0.000e+00 (0.000e+00)  AnchorRefAttnKL: 0.000e+00 (0.000e+00)  TeacherAttnKL: 0.000e+00 (0.000e+00)  TeacherRel: 0.000e+00 (0.000e+00)  TeacherAttnOut: 0.000e+00 (0.000e+00)  TeacherFeatOut: 0.000e+00 (0.000e+00)  ActScaleAnchor: 0.000e+00 (0.000e+00)  VarTrust: 0.000e+00 (0.000e+00)  DirAnchor: 0.000e+00 (0.000e+00)  BinReg: 0.000e+00 (0.000e+00)  SelBinAnchor: 0.000e+00 (0.000e+00)  ActBinMargin: 0.000e+00 (0.000e+00)  Time: 0.336s, 1524.72/s  (0.328s, 1560.68/s)  LR: 5.538e-06  RefW: 2.000e-04  AnchorRefW: 0.000e+00  Data: 0.005 (0.011)
2026-07-10T13:27:34Z	51	2.000e-04	4.297e+01	Train: 51 [ 200/2502 (  8%)]  Loss: 51.416870 (51.4135)  BaseLoss: 51.408276 (51.4065)  RefAttnKL: 4.297e+01 (3.497e+01)  RefLogitKL: 0.000e+00 (0.000e+00)  AnchorRefAttnKL: 0.000e+00 (0.000e+00)  TeacherAttnKL: 0.000e+00 (0.000e+00)  TeacherRel: 0.000e+00 (0.000e+00)  TeacherAttnOut: 0.000e+00 (0.000e+00)  TeacherFeatOut: 0.000e+00 (0.000e+00)  ActScaleAnchor: 0.000e+00 (0.000e+00)  VarTrust: 0.000e+00 (0.000e+00)  DirAnchor: 0.000e+00 (0.000e+00)  BinReg: 0.000e+00 (0.000e+00)  SelBinAnchor: 0.000e+00 (0.000e+00)  ActBinMargin: 0.000e+00 (0.000e+00)  Time: 0.335s, 1529.13/s  (0.327s, 1567.51/s)  LR: 5.535e-06  RefW: 2.000e-04  AnchorRefW: 0.000e+00  Data: 0.005 (0.010)
2026-07-10T13:27:34Z	51	2.000e-04	4.293e+01	Train: 51 [ 250/2502 ( 10%)]  Loss: 51.449020 (51.4195)  BaseLoss: 51.440437 (51.4122)  RefAttnKL: 4.293e+01 (3.629e+01)  RefLogitKL: 0.000e+00 (0.000e+00)  AnchorRefAttnKL: 0.000e+00 (0.000e+00)  TeacherAttnKL: 0.000e+00 (0.000e+00)  TeacherRel: 0.000e+00 (0.000e+00)  TeacherAttnOut: 0.000e+00 (0.000e+00)  TeacherFeatOut: 0.000e+00 (0.000e+00)  ActScaleAnchor: 0.000e+00 (0.000e+00)  VarTrust: 0.000e+00 (0.000e+00)  DirAnchor: 0.000e+00 (0.000e+00)  BinReg: 0.000e+00 (0.000e+00)  SelBinAnchor: 0.000e+00 (0.000e+00)  ActBinMargin: 0.000e+00 (0.000e+00)  Time: 0.334s, 1532.26/s  (0.326s, 1570.78/s)  LR: 5.533e-06  RefW: 2.000e-04  AnchorRefW: 0.000e+00  Data: 0.006 (0.009)
2026-07-10T13:27:34Z	51	2.000e-04	2.696e+01	Train: 51 [ 300/2502 ( 12%)]  Loss: 51.394234 (51.4158)  BaseLoss: 51.388847 (51.4089)  RefAttnKL: 2.696e+01 (3.496e+01)  RefLogitKL: 0.000e+00 (0.000e+00)  AnchorRefAttnKL: 0.000e+00 (0.000e+00)  TeacherAttnKL: 0.000e+00 (0.000e+00)  TeacherRel: 0.000e+00 (0.000e+00)  TeacherAttnOut: 0.000e+00 (0.000e+00)  TeacherFeatOut: 0.000e+00 (0.000e+00)  ActScaleAnchor: 0.000e+00 (0.000e+00)  VarTrust: 0.000e+00 (0.000e+00)  DirAnchor: 0.000e+00 (0.000e+00)  BinReg: 0.000e+00 (0.000e+00)  SelBinAnchor: 0.000e+00 (0.000e+00)  ActBinMargin: 0.000e+00 (0.000e+00)  Time: 0.329s, 1555.40/s  (0.325s, 1574.02/s)  LR: 5.531e-06  RefW: 2.000e-04  AnchorRefW: 0.000e+00  Data: 0.007 (0.009)
2026-07-10T13:27:34Z	51	2.000e-04	3.438e+01	Train: 51 [ 350/2502 ( 14%)]  Loss: 51.462151 (51.4216)  BaseLoss: 51.455269 (51.4147)  RefAttnKL: 3.438e+01 (3.489e+01)  RefLogitKL: 0.000e+00 (0.000e+00)  AnchorRefAttnKL: 0.000e+00 (0.000e+00)  TeacherAttnKL: 0.000e+00 (0.000e+00)  TeacherRel: 0.000e+00 (0.000e+00)  TeacherAttnOut: 0.000e+00 (0.000e+00)  TeacherFeatOut: 0.000e+00 (0.000e+00)  ActScaleAnchor: 0.000e+00 (0.000e+00)  VarTrust: 0.000e+00 (0.000e+00)  DirAnchor: 0.000e+00 (0.000e+00)  BinReg: 0.000e+00 (0.000e+00)  SelBinAnchor: 0.000e+00 (0.000e+00)  ActBinMargin: 0.000e+00 (0.000e+00)  Time: 0.333s, 1537.39/s  (0.325s, 1575.58/s)  LR: 5.528e-06  RefW: 2.000e-04  AnchorRefW: 0.000e+00  Data: 0.006 (0.008)
2026-07-10T13:27:34Z	51	2.000e-04	6.124e+01	Train: 51 [ 400/2502 ( 16%)]  Loss: 51.434608 (51.4231)  BaseLoss: 51.422356 (51.4155)  RefAttnKL: 6.124e+01 (3.782e+01)  RefLogitKL: 0.000e+00 (0.000e+00)  AnchorRefAttnKL: 0.000e+00 (0.000e+00)  TeacherAttnKL: 0.000e+00 (0.000e+00)  TeacherRel: 0.000e+00 (0.000e+00)  TeacherAttnOut: 0.000e+00 (0.000e+00)  TeacherFeatOut: 0.000e+00 (0.000e+00)  ActScaleAnchor: 0.000e+00 (0.000e+00)  VarTrust: 0.000e+00 (0.000e+00)  DirAnchor: 0.000e+00 (0.000e+00)  BinReg: 0.000e+00 (0.000e+00)  SelBinAnchor: 0.000e+00 (0.000e+00)  ActBinMargin: 0.000e+00 (0.000e+00)  Time: 0.335s, 1526.48/s  (0.325s, 1577.53/s)  LR: 5.526e-06  RefW: 2.000e-04  AnchorRefW: 0.000e+00  Data: 0.005 (0.008)
2026-07-10T13:27:34Z	51	2.000e-04	4.488e+01	Train: 51 [ 450/2502 ( 18%)]  Loss: 51.426804 (51.4235)  BaseLoss: 51.417831 (51.4157)  RefAttnKL: 4.488e+01 (3.852e+01)  RefLogitKL: 0.000e+00 (0.000e+00)  AnchorRefAttnKL: 0.000e+00 (0.000e+00)  TeacherAttnKL: 0.000e+00 (0.000e+00)  TeacherRel: 0.000e+00 (0.000e+00)  TeacherAttnOut: 0.000e+00 (0.000e+00)  TeacherFeatOut: 0.000e+00 (0.000e+00)  ActScaleAnchor: 0.000e+00 (0.000e+00)  VarTrust: 0.000e+00 (0.000e+00)  DirAnchor: 0.000e+00 (0.000e+00)  BinReg: 0.000e+00 (0.000e+00)  SelBinAnchor: 0.000e+00 (0.000e+00)  ActBinMargin: 0.000e+00 (0.000e+00)  Time: 0.330s, 1553.48/s  (0.324s, 1578.37/s)  LR: 5.524e-06  RefW: 2.000e-04  AnchorRefW: 0.000e+00  Data: 0.006 (0.008)
2026-07-10T13:27:34Z	51	2.000e-04	3.478e+01	Train: 51 [ 500/2502 ( 20%)]  Loss: 51.433022 (51.4243)  BaseLoss: 51.426064 (51.4167)  RefAttnKL: 3.478e+01 (3.818e+01)  RefLogitKL: 0.000e+00 (0.000e+00)  AnchorRefAttnKL: 0.000e+00 (0.000e+00)  TeacherAttnKL: 0.000e+00 (0.000e+00)  TeacherRel: 0.000e+00 (0.000e+00)  TeacherAttnOut: 0.000e+00 (0.000e+00)  TeacherFeatOut: 0.000e+00 (0.000e+00)  ActScaleAnchor: 0.000e+00 (0.000e+00)  VarTrust: 0.000e+00 (0.000e+00)  DirAnchor: 0.000e+00 (0.000e+00)  BinReg: 0.000e+00 (0.000e+00)  SelBinAnchor: 0.000e+00 (0.000e+00)  ActBinMargin: 0.000e+00 (0.000e+00)  Time: 0.334s, 1532.92/s  (0.324s, 1579.27/s)  LR: 5.521e-06  RefW: 2.000e-04  AnchorRefW: 0.000e+00  Data: 0.006 (0.008)
2026-07-10T13:27:34Z	51	2.000e-04	4.265e+01	Train: 51 [ 550/2502 ( 22%)]  Loss: 51.438511 (51.4255)  BaseLoss: 51.429977 (51.4178)  RefAttnKL: 4.265e+01 (3.855e+01)  RefLogitKL: 0.000e+00 (0.000e+00)  AnchorRefAttnKL: 0.000e+00 (0.000e+00)  TeacherAttnKL: 0.000e+00 (0.000e+00)  TeacherRel: 0.000e+00 (0.000e+00)  TeacherAttnOut: 0.000e+00 (0.000e+00)  TeacherFeatOut: 0.000e+00 (0.000e+00)  ActScaleAnchor: 0.000e+00 (0.000e+00)  VarTrust: 0.000e+00 (0.000e+00)  DirAnchor: 0.000e+00 (0.000e+00)  BinReg: 0.000e+00 (0.000e+00)  SelBinAnchor: 0.000e+00 (0.000e+00)  ActBinMargin: 0.000e+00 (0.000e+00)  Time: 0.334s, 1534.71/s  (0.324s, 1579.86/s)  LR: 5.519e-06  RefW: 2.000e-04  AnchorRefW: 0.000e+00  Data: 0.006 (0.007)
2026-07-10T13:27:34Z	51	2.000e-04	3.502e+01	Train: 51 [ 600/2502 ( 24%)]  Loss: 51.357098 (51.4202)  BaseLoss: 51.350094 (51.4126)  RefAttnKL: 3.502e+01 (3.828e+01)  RefLogitKL: 0.000e+00 (0.000e+00)  AnchorRefAttnKL: 0.000e+00 (0.000e+00)  TeacherAttnKL: 0.000e+00 (0.000e+00)  TeacherRel: 0.000e+00 (0.000e+00)  TeacherAttnOut: 0.000e+00 (0.000e+00)  TeacherFeatOut: 0.000e+00 (0.000e+00)  ActScaleAnchor: 0.000e+00 (0.000e+00)  VarTrust: 0.000e+00 (0.000e+00)  DirAnchor: 0.000e+00 (0.000e+00)  BinReg: 0.000e+00 (0.000e+00)  SelBinAnchor: 0.000e+00 (0.000e+00)  ActBinMargin: 0.000e+00 (0.000e+00)  Time: 0.334s, 1531.62/s  (0.324s, 1580.94/s)  LR: 5.517e-06  RefW: 2.000e-04  AnchorRefW: 0.000e+00  Data: 0.006 (0.007)
2026-07-10T13:27:34Z	51	2.000e-04	4.195e+01	Train: 51 [ 650/2502 ( 26%)]  Loss: 51.417103 (51.4200)  BaseLoss: 51.408710 (51.4123)  RefAttnKL: 4.195e+01 (3.854e+01)  RefLogitKL: 0.000e+00 (0.000e+00)  AnchorRefAttnKL: 0.000e+00 (0.000e+00)  TeacherAttnKL: 0.000e+00 (0.000e+00)  TeacherRel: 0.000e+00 (0.000e+00)  TeacherAttnOut: 0.000e+00 (0.000e+00)  TeacherFeatOut: 0.000e+00 (0.000e+00)  ActScaleAnchor: 0.000e+00 (0.000e+00)  VarTrust: 0.000e+00 (0.000e+00)  DirAnchor: 0.000e+00 (0.000e+00)  BinReg: 0.000e+00 (0.000e+00)  SelBinAnchor: 0.000e+00 (0.000e+00)  ActBinMargin: 0.000e+00 (0.000e+00)  Time: 0.334s, 1532.51/s  (0.324s, 1581.22/s)  LR: 5.514e-06  RefW: 2.000e-04  AnchorRefW: 0.000e+00  Data: 0.006 (0.007)
2026-07-10T13:27:34Z	51	2.000e-04	3.489e+01	Train: 51 [ 700/2502 ( 28%)]  Loss: 51.362682 (51.4162)  BaseLoss: 51.355709 (51.4085)  RefAttnKL: 3.489e+01 (3.830e+01)  RefLogitKL: 0.000e+00 (0.000e+00)  AnchorRefAttnKL: 0.000e+00 (0.000e+00)  TeacherAttnKL: 0.000e+00 (0.000e+00)  TeacherRel: 0.000e+00 (0.000e+00)  TeacherAttnOut: 0.000e+00 (0.000e+00)  TeacherFeatOut: 0.000e+00 (0.000e+00)  ActScaleAnchor: 0.000e+00 (0.000e+00)  VarTrust: 0.000e+00 (0.000e+00)  DirAnchor: 0.000e+00 (0.000e+00)  BinReg: 0.000e+00 (0.000e+00)  SelBinAnchor: 0.000e+00 (0.000e+00)  ActBinMargin: 0.000e+00 (0.000e+00)  Time: 0.335s, 1526.43/s  (0.324s, 1581.89/s)  LR: 5.512e-06  RefW: 2.000e-04  AnchorRefW: 0.000e+00  Data: 0.007 (0.007)
2026-07-10T13:27:34Z	51	2.000e-04	3.404e+01	Train: 51 [ 750/2502 ( 30%)]  Loss: 51.334328 (51.4111)  BaseLoss: 51.327522 (51.4035)  RefAttnKL: 3.404e+01 (3.803e+01)  RefLogitKL: 0.000e+00 (0.000e+00)  AnchorRefAttnKL: 0.000e+00 (0.000e+00)  TeacherAttnKL: 0.000e+00 (0.000e+00)  TeacherRel: 0.000e+00 (0.000e+00)  TeacherAttnOut: 0.000e+00 (0.000e+00)  TeacherFeatOut: 0.000e+00 (0.000e+00)  ActScaleAnchor: 0.000e+00 (0.000e+00)  VarTrust: 0.000e+00 (0.000e+00)  DirAnchor: 0.000e+00 (0.000e+00)  BinReg: 0.000e+00 (0.000e+00)  SelBinAnchor: 0.000e+00 (0.000e+00)  ActBinMargin: 0.000e+00 (0.000e+00)  Time: 0.336s, 1526.02/s  (0.324s, 1582.47/s)  LR: 5.510e-06  RefW: 2.000e-04  AnchorRefW: 0.000e+00  Data: 0.007 (0.007)
2026-07-10T13:27:34Z	51	2.000e-04	1.734e+01	Train: 51 [ 800/2502 ( 32%)]  Loss: 51.409428 (51.4110)  BaseLoss: 51.405960 (51.4036)  RefAttnKL: 1.734e+01 (3.682e+01)  RefLogitKL: 0.000e+00 (0.000e+00)  AnchorRefAttnKL: 0.000e+00 (0.000e+00)  TeacherAttnKL: 0.000e+00 (0.000e+00)  TeacherRel: 0.000e+00 (0.000e+00)  TeacherAttnOut: 0.000e+00 (0.000e+00)  TeacherFeatOut: 0.000e+00 (0.000e+00)  ActScaleAnchor: 0.000e+00 (0.000e+00)  VarTrust: 0.000e+00 (0.000e+00)  DirAnchor: 0.000e+00 (0.000e+00)  BinReg: 0.000e+00 (0.000e+00)  SelBinAnchor: 0.000e+00 (0.000e+00)  ActBinMargin: 0.000e+00 (0.000e+00)  Time: 0.336s, 1522.23/s  (0.323s, 1583.17/s)  LR: 5.508e-06  RefW: 2.000e-04  AnchorRefW: 0.000e+00  Data: 0.007 (0.007)
2026-07-10T13:27:34Z	51	2.000e-04	3.491e+01	Train: 51 [ 850/2502 ( 34%)]  Loss: 51.370338 (51.4087)  BaseLoss: 51.363358 (51.4014)  RefAttnKL: 3.491e+01 (3.671e+01)  RefLogitKL: 0.000e+00 (0.000e+00)  AnchorRefAttnKL: 0.000e+00 (0.000e+00)  TeacherAttnKL: 0.000e+00 (0.000e+00)  TeacherRel: 0.000e+00 (0.000e+00)  TeacherAttnOut: 0.000e+00 (0.000e+00)  TeacherFeatOut: 0.000e+00 (0.000e+00)  ActScaleAnchor: 0.000e+00 (0.000e+00)  VarTrust: 0.000e+00 (0.000e+00)  DirAnchor: 0.000e+00 (0.000e+00)  BinReg: 0.000e+00 (0.000e+00)  SelBinAnchor: 0.000e+00 (0.000e+00)  ActBinMargin: 0.000e+00 (0.000e+00)  Time: 0.337s, 1519.39/s  (0.323s, 1583.70/s)  LR: 5.505e-06  RefW: 2.000e-04  AnchorRefW: 0.000e+00  Data: 0.006 (0.007)
2026-07-10T13:27:34Z	51	2.000e-04	3.439e+01	Train: 51 [ 900/2502 ( 36%)]  Loss: 51.377113 (51.4071)  BaseLoss: 51.370232 (51.3997)  RefAttnKL: 3.439e+01 (3.659e+01)  RefLogitKL: 0.000e+00 (0.000e+00)  AnchorRefAttnKL: 0.000e+00 (0.000e+00)  TeacherAttnKL: 0.000e+00 (0.000e+00)  TeacherRel: 0.000e+00 (0.000e+00)  TeacherAttnOut: 0.000e+00 (0.000e+00)  TeacherFeatOut: 0.000e+00 (0.000e+00)  ActScaleAnchor: 0.000e+00 (0.000e+00)  VarTrust: 0.000e+00 (0.000e+00)  DirAnchor: 0.000e+00 (0.000e+00)  BinReg: 0.000e+00 (0.000e+00)  SelBinAnchor: 0.000e+00 (0.000e+00)  ActBinMargin: 0.000e+00 (0.000e+00)  Time: 0.336s, 1524.56/s  (0.323s, 1583.94/s)  LR: 5.503e-06  RefW: 2.000e-04  AnchorRefW: 0.000e+00  Data: 0.006 (0.007)
2026-07-10T13:27:34Z	51	2.000e-04	0.000e+00	Train: 51 [ 950/2502 ( 38%)]  Loss: 51.396374 (51.4065)  BaseLoss: 51.396374 (51.3996)  RefAttnKL: 0.000e+00 (3.476e+01)  RefLogitKL: 0.000e+00 (0.000e+00)  AnchorRefAttnKL: 0.000e+00 (0.000e+00)  TeacherAttnKL: 0.000e+00 (0.000e+00)  TeacherRel: 0.000e+00 (0.000e+00)  TeacherAttnOut: 0.000e+00 (0.000e+00)  TeacherFeatOut: 0.000e+00 (0.000e+00)  ActScaleAnchor: 0.000e+00 (0.000e+00)  VarTrust: 0.000e+00 (0.000e+00)  DirAnchor: 0.000e+00 (0.000e+00)  BinReg: 0.000e+00 (0.000e+00)  SelBinAnchor: 0.000e+00 (0.000e+00)  ActBinMargin: 0.000e+00 (0.000e+00)  Time: 0.335s, 1527.86/s  (0.323s, 1584.29/s)  LR: 5.501e-06  RefW: 2.000e-04  AnchorRefW: 0.000e+00  Data: 0.006 (0.007)
2026-07-10T13:27:34Z	51	2.000e-04	3.401e+01	Train: 51 [1000/2502 ( 40%)]  Loss: 51.410973 (51.4067)  BaseLoss: 51.404171 (51.3998)  RefAttnKL: 3.401e+01 (3.472e+01)  RefLogitKL: 0.000e+00 (0.000e+00)  AnchorRefAttnKL: 0.000e+00 (0.000e+00)  TeacherAttnKL: 0.000e+00 (0.000e+00)  TeacherRel: 0.000e+00 (0.000e+00)  TeacherAttnOut: 0.000e+00 (0.000e+00)  TeacherFeatOut: 0.000e+00 (0.000e+00)  ActScaleAnchor: 0.000e+00 (0.000e+00)  VarTrust: 0.000e+00 (0.000e+00)  DirAnchor: 0.000e+00 (0.000e+00)  BinReg: 0.000e+00 (0.000e+00)  SelBinAnchor: 0.000e+00 (0.000e+00)  ActBinMargin: 0.000e+00 (0.000e+00)  Time: 0.335s, 1529.47/s  (0.323s, 1584.49/s)  LR: 5.498e-06  RefW: 2.000e-04  AnchorRefW: 0.000e+00  Data: 0.006 (0.007)
2026-07-10T13:27:34Z	51	2.000e-04	4.282e+01	Train: 51 [1050/2502 ( 42%)]  Loss: 51.391441 (51.4060)  BaseLoss: 51.382881 (51.3990)  RefAttnKL: 4.282e+01 (3.509e+01)  RefLogitKL: 0.000e+00 (0.000e+00)  AnchorRefAttnKL: 0.000e+00 (0.000e+00)  TeacherAttnKL: 0.000e+00 (0.000e+00)  TeacherRel: 0.000e+00 (0.000e+00)  TeacherAttnOut: 0.000e+00 (0.000e+00)  TeacherFeatOut: 0.000e+00 (0.000e+00)  ActScaleAnchor: 0.000e+00 (0.000e+00)  VarTrust: 0.000e+00 (0.000e+00)  DirAnchor: 0.000e+00 (0.000e+00)  BinReg: 0.000e+00 (0.000e+00)  SelBinAnchor: 0.000e+00 (0.000e+00)  ActBinMargin: 0.000e+00 (0.000e+00)  Time: 0.335s, 1527.59/s  (0.323s, 1584.79/s)  LR: 5.496e-06  RefW: 2.000e-04  AnchorRefW: 0.000e+00  Data: 0.006 (0.007)
2026-07-10T13:27:34Z	51	2.000e-04	5.115e+01	Train: 51 [1100/2502 ( 44%)]  Loss: 51.352337 (51.4037)  BaseLoss: 51.342110 (51.3965)  RefAttnKL: 5.115e+01 (3.579e+01)  RefLogitKL: 0.000e+00 (0.000e+00)  AnchorRefAttnKL: 0.000e+00 (0.000e+00)  TeacherAttnKL: 0.000e+00 (0.000e+00)  TeacherRel: 0.000e+00 (0.000e+00)  TeacherAttnOut: 0.000e+00 (0.000e+00)  TeacherFeatOut: 0.000e+00 (0.000e+00)  ActScaleAnchor: 0.000e+00 (0.000e+00)  VarTrust: 0.000e+00 (0.000e+00)  DirAnchor: 0.000e+00 (0.000e+00)  BinReg: 0.000e+00 (0.000e+00)  SelBinAnchor: 0.000e+00 (0.000e+00)  ActBinMargin: 0.000e+00 (0.000e+00)  Time: 0.334s, 1531.48/s  (0.323s, 1584.93/s)  LR: 5.494e-06  RefW: 2.000e-04  AnchorRefW: 0.000e+00  Data: 0.006 (0.007)
2026-07-10T13:27:34Z	51	2.000e-04	3.608e+01	Train: 51 [1150/2502 ( 46%)]  Loss: 51.415276 (51.4042)  BaseLoss: 51.408058 (51.3970)  RefAttnKL: 3.608e+01 (3.580e+01)  RefLogitKL: 0.000e+00 (0.000e+00)  AnchorRefAttnKL: 0.000e+00 (0.000e+00)  TeacherAttnKL: 0.000e+00 (0.000e+00)  TeacherRel: 0.000e+00 (0.000e+00)  TeacherAttnOut: 0.000e+00 (0.000e+00)  TeacherFeatOut: 0.000e+00 (0.000e+00)  ActScaleAnchor: 0.000e+00 (0.000e+00)  VarTrust: 0.000e+00 (0.000e+00)  DirAnchor: 0.000e+00 (0.000e+00)  BinReg: 0.000e+00 (0.000e+00)  SelBinAnchor: 0.000e+00 (0.000e+00)  ActBinMargin: 0.000e+00 (0.000e+00)  Time: 0.334s, 1533.26/s  (0.323s, 1585.14/s)  LR: 5.492e-06  RefW: 2.000e-04  AnchorRefW: 0.000e+00  Data: 0.006 (0.007)
2026-07-10T13:27:34Z	51	2.000e-04	4.422e+01	Train: 51 [1200/2502 ( 48%)]  Loss: 51.368126 (51.4027)  BaseLoss: 51.359276 (51.3955)  RefAttnKL: 4.422e+01 (3.614e+01)  RefLogitKL: 0.000e+00 (0.000e+00)  AnchorRefAttnKL: 0.000e+00 (0.000e+00)  TeacherAttnKL: 0.000e+00 (0.000e+00)  TeacherRel: 0.000e+00 (0.000e+00)  TeacherAttnOut: 0.000e+00 (0.000e+00)  TeacherFeatOut: 0.000e+00 (0.000e+00)  ActScaleAnchor: 0.000e+00 (0.000e+00)  VarTrust: 0.000e+00 (0.000e+00)  DirAnchor: 0.000e+00 (0.000e+00)  BinReg: 0.000e+00 (0.000e+00)  SelBinAnchor: 0.000e+00 (0.000e+00)  ActBinMargin: 0.000e+00 (0.000e+00)  Time: 0.334s, 1531.21/s  (0.323s, 1585.21/s)  LR: 5.489e-06  RefW: 2.000e-04  AnchorRefW: 0.000e+00  Data: 0.006 (0.007)
2026-07-10T13:27:34Z	51	2.000e-04	3.408e+01	Train: 51 [1250/2502 ( 50%)]  Loss: 51.413837 (51.4032)  BaseLoss: 51.407021 (51.3960)  RefAttnKL: 3.408e+01 (3.606e+01)  RefLogitKL: 0.000e+00 (0.000e+00)  AnchorRefAttnKL: 0.000e+00 (0.000e+00)  TeacherAttnKL: 0.000e+00 (0.000e+00)  TeacherRel: 0.000e+00 (0.000e+00)  TeacherAttnOut: 0.000e+00 (0.000e+00)  TeacherFeatOut: 0.000e+00 (0.000e+00)  ActScaleAnchor: 0.000e+00 (0.000e+00)  VarTrust: 0.000e+00 (0.000e+00)  DirAnchor: 0.000e+00 (0.000e+00)  BinReg: 0.000e+00 (0.000e+00)  SelBinAnchor: 0.000e+00 (0.000e+00)  ActBinMargin: 0.000e+00 (0.000e+00)  Time: 0.334s, 1534.05/s  (0.323s, 1585.42/s)  LR: 5.487e-06  RefW: 2.000e-04  AnchorRefW: 0.000e+00  Data: 0.005 (0.007)
2026-07-10T13:27:34Z	51	2.000e-04	8.162e+00	Train: 51 [1300/2502 ( 52%)]  Loss: 51.397869 (51.4030)  BaseLoss: 51.396244 (51.3960)  RefAttnKL: 8.162e+00 (3.503e+01)  RefLogitKL: 0.000e+00 (0.000e+00)  AnchorRefAttnKL: 0.000e+00 (0.000e+00)  TeacherAttnKL: 0.000e+00 (0.000e+00)  TeacherRel: 0.000e+00 (0.000e+00)  TeacherAttnOut: 0.000e+00 (0.000e+00)  TeacherFeatOut: 0.000e+00 (0.000e+00)  ActScaleAnchor: 0.000e+00 (0.000e+00)  VarTrust: 0.000e+00 (0.000e+00)  DirAnchor: 0.000e+00 (0.000e+00)  BinReg: 0.000e+00 (0.000e+00)  SelBinAnchor: 0.000e+00 (0.000e+00)  ActBinMargin: 0.000e+00 (0.000e+00)  Time: 0.358s, 1429.67/s  (0.323s, 1585.52/s)  LR: 5.485e-06  RefW: 2.000e-04  AnchorRefW: 0.000e+00  Data: 0.007 (0.007)
2026-07-10T13:27:34Z	51	2.000e-04	5.169e+01	Train: 51 [1350/2502 ( 54%)]  Loss: 51.404114 (51.4030)  BaseLoss: 51.393780 (51.3959)  RefAttnKL: 5.169e+01 (3.562e+01)  RefLogitKL: 0.000e+00 (0.000e+00)  AnchorRefAttnKL: 0.000e+00 (0.000e+00)  TeacherAttnKL: 0.000e+00 (0.000e+00)  TeacherRel: 0.000e+00 (0.000e+00)  TeacherAttnOut: 0.000e+00 (0.000e+00)  TeacherFeatOut: 0.000e+00 (0.000e+00)  ActScaleAnchor: 0.000e+00 (0.000e+00)  VarTrust: 0.000e+00 (0.000e+00)  DirAnchor: 0.000e+00 (0.000e+00)  BinReg: 0.000e+00 (0.000e+00)  SelBinAnchor: 0.000e+00 (0.000e+00)  ActBinMargin: 0.000e+00 (0.000e+00)  Time: 0.334s, 1530.80/s  (0.323s, 1585.58/s)  LR: 5.483e-06  RefW: 2.000e-04  AnchorRefW: 0.000e+00  Data: 0.006 (0.007)
2026-07-10T13:27:34Z	51	2.000e-04	4.238e+01	Train: 51 [1400/2502 ( 56%)]  Loss: 51.422867 (51.4037)  BaseLoss: 51.414387 (51.3965)  RefAttnKL: 4.238e+01 (3.585e+01)  RefLogitKL: 0.000e+00 (0.000e+00)  AnchorRefAttnKL: 0.000e+00 (0.000e+00)  TeacherAttnKL: 0.000e+00 (0.000e+00)  TeacherRel: 0.000e+00 (0.000e+00)  TeacherAttnOut: 0.000e+00 (0.000e+00)  TeacherFeatOut: 0.000e+00 (0.000e+00)  ActScaleAnchor: 0.000e+00 (0.000e+00)  VarTrust: 0.000e+00 (0.000e+00)  DirAnchor: 0.000e+00 (0.000e+00)  BinReg: 0.000e+00 (0.000e+00)  SelBinAnchor: 0.000e+00 (0.000e+00)  ActBinMargin: 0.000e+00 (0.000e+00)  Time: 0.334s, 1532.55/s  (0.323s, 1585.69/s)  LR: 5.480e-06  RefW: 2.000e-04  AnchorRefW: 0.000e+00  Data: 0.006 (0.007)
2026-07-10T13:27:34Z	51	2.000e-04	4.394e+01	Train: 51 [1450/2502 ( 58%)]  Loss: 51.444260 (51.4051)  BaseLoss: 51.435471 (51.3978)  RefAttnKL: 4.394e+01 (3.612e+01)  RefLogitKL: 0.000e+00 (0.000e+00)  AnchorRefAttnKL: 0.000e+00 (0.000e+00)  TeacherAttnKL: 0.000e+00 (0.000e+00)  TeacherRel: 0.000e+00 (0.000e+00)  TeacherAttnOut: 0.000e+00 (0.000e+00)  TeacherFeatOut: 0.000e+00 (0.000e+00)  ActScaleAnchor: 0.000e+00 (0.000e+00)  VarTrust: 0.000e+00 (0.000e+00)  DirAnchor: 0.000e+00 (0.000e+00)  BinReg: 0.000e+00 (0.000e+00)  SelBinAnchor: 0.000e+00 (0.000e+00)  ActBinMargin: 0.000e+00 (0.000e+00)  Time: 0.340s, 1506.90/s  (0.323s, 1585.86/s)  LR: 5.478e-06  RefW: 2.000e-04  AnchorRefW: 0.000e+00  Data: 0.005 (0.007)
2026-07-10T13:27:34Z	51	2.000e-04	2.630e+01	Train: 51 [1500/2502 ( 60%)]  Loss: 51.426361 (51.4057)  BaseLoss: 51.421101 (51.3986)  RefAttnKL: 2.630e+01 (3.581e+01)  RefLogitKL: 0.000e+00 (0.000e+00)  AnchorRefAttnKL: 0.000e+00 (0.000e+00)  TeacherAttnKL: 0.000e+00 (0.000e+00)  TeacherRel: 0.000e+00 (0.000e+00)  TeacherAttnOut: 0.000e+00 (0.000e+00)  TeacherFeatOut: 0.000e+00 (0.000e+00)  ActScaleAnchor: 0.000e+00 (0.000e+00)  VarTrust: 0.000e+00 (0.000e+00)  DirAnchor: 0.000e+00 (0.000e+00)  BinReg: 0.000e+00 (0.000e+00)  SelBinAnchor: 0.000e+00 (0.000e+00)  ActBinMargin: 0.000e+00 (0.000e+00)  Time: 0.334s, 1532.53/s  (0.323s, 1586.00/s)  LR: 5.476e-06  RefW: 2.000e-04  AnchorRefW: 0.000e+00  Data: 0.006 (0.007)
2026-07-10T13:27:34Z	51	2.000e-04	3.435e+01	Train: 51 [1550/2502 ( 62%)]  Loss: 51.413582 (51.4060)  BaseLoss: 51.406715 (51.3988)  RefAttnKL: 3.435e+01 (3.576e+01)  RefLogitKL: 0.000e+00 (0.000e+00)  AnchorRefAttnKL: 0.000e+00 (0.000e+00)  TeacherAttnKL: 0.000e+00 (0.000e+00)  TeacherRel: 0.000e+00 (0.000e+00)  TeacherAttnOut: 0.000e+00 (0.000e+00)  TeacherFeatOut: 0.000e+00 (0.000e+00)  ActScaleAnchor: 0.000e+00 (0.000e+00)  VarTrust: 0.000e+00 (0.000e+00)  DirAnchor: 0.000e+00 (0.000e+00)  BinReg: 0.000e+00 (0.000e+00)  SelBinAnchor: 0.000e+00 (0.000e+00)  ActBinMargin: 0.000e+00 (0.000e+00)  Time: 0.335s, 1526.83/s  (0.323s, 1586.09/s)  LR: 5.474e-06  RefW: 2.000e-04  AnchorRefW: 0.000e+00  Data: 0.006 (0.007)
2026-07-10T13:27:34Z	51	2.000e-04	5.140e+01	Train: 51 [1600/2502 ( 64%)]  Loss: 51.399048 (51.4058)  BaseLoss: 51.388767 (51.3985)  RefAttnKL: 5.140e+01 (3.624e+01)  RefLogitKL: 0.000e+00 (0.000e+00)  AnchorRefAttnKL: 0.000e+00 (0.000e+00)  TeacherAttnKL: 0.000e+00 (0.000e+00)  TeacherRel: 0.000e+00 (0.000e+00)  TeacherAttnOut: 0.000e+00 (0.000e+00)  TeacherFeatOut: 0.000e+00 (0.000e+00)  ActScaleAnchor: 0.000e+00 (0.000e+00)  VarTrust: 0.000e+00 (0.000e+00)  DirAnchor: 0.000e+00 (0.000e+00)  BinReg: 0.000e+00 (0.000e+00)  SelBinAnchor: 0.000e+00 (0.000e+00)  ActBinMargin: 0.000e+00 (0.000e+00)  Time: 0.335s, 1528.46/s  (0.323s, 1586.26/s)  LR: 5.471e-06  RefW: 2.000e-04  AnchorRefW: 0.000e+00  Data: 0.006 (0.007)
2026-07-10T13:27:34Z	51	2.000e-04	2.596e+01	Train: 51 [1650/2502 ( 66%)]  Loss: 51.434338 (51.4066)  BaseLoss: 51.429142 (51.3994)  RefAttnKL: 2.596e+01 (3.593e+01)  RefLogitKL: 0.000e+00 (0.000e+00)  AnchorRefAttnKL: 0.000e+00 (0.000e+00)  TeacherAttnKL: 0.000e+00 (0.000e+00)  TeacherRel: 0.000e+00 (0.000e+00)  TeacherAttnOut: 0.000e+00 (0.000e+00)  TeacherFeatOut: 0.000e+00 (0.000e+00)  ActScaleAnchor: 0.000e+00 (0.000e+00)  VarTrust: 0.000e+00 (0.000e+00)  DirAnchor: 0.000e+00 (0.000e+00)  BinReg: 0.000e+00 (0.000e+00)  SelBinAnchor: 0.000e+00 (0.000e+00)  ActBinMargin: 0.000e+00 (0.000e+00)  Time: 0.334s, 1532.91/s  (0.323s, 1586.36/s)  LR: 5.469e-06  RefW: 2.000e-04  AnchorRefW: 0.000e+00  Data: 0.006 (0.007)
2026-07-10T13:27:34Z	51	2.000e-04	3.369e+01	Train: 51 [1700/2502 ( 68%)]  Loss: 51.429413 (51.4073)  BaseLoss: 51.422676 (51.4001)  RefAttnKL: 3.369e+01 (3.587e+01)  RefLogitKL: 0.000e+00 (0.000e+00)  AnchorRefAttnKL: 0.000e+00 (0.000e+00)  TeacherAttnKL: 0.000e+00 (0.000e+00)  TeacherRel: 0.000e+00 (0.000e+00)  TeacherAttnOut: 0.000e+00 (0.000e+00)  TeacherFeatOut: 0.000e+00 (0.000e+00)  ActScaleAnchor: 0.000e+00 (0.000e+00)  VarTrust: 0.000e+00 (0.000e+00)  DirAnchor: 0.000e+00 (0.000e+00)  BinReg: 0.000e+00 (0.000e+00)  SelBinAnchor: 0.000e+00 (0.000e+00)  ActBinMargin: 0.000e+00 (0.000e+00)  Time: 0.334s, 1533.06/s  (0.323s, 1586.47/s)  LR: 5.467e-06  RefW: 2.000e-04  AnchorRefW: 0.000e+00  Data: 0.006 (0.007)
2026-07-10T13:27:34Z	51	2.000e-04	3.369e+01	Train: 51 [1750/2502 ( 70%)]  Loss: 51.397476 (51.4070)  BaseLoss: 51.390739 (51.3998)  RefAttnKL: 3.369e+01 (3.581e+01)  RefLogitKL: 0.000e+00 (0.000e+00)  AnchorRefAttnKL: 0.000e+00 (0.000e+00)  TeacherAttnKL: 0.000e+00 (0.000e+00)  TeacherRel: 0.000e+00 (0.000e+00)  TeacherAttnOut: 0.000e+00 (0.000e+00)  TeacherFeatOut: 0.000e+00 (0.000e+00)  ActScaleAnchor: 0.000e+00 (0.000e+00)  VarTrust: 0.000e+00 (0.000e+00)  DirAnchor: 0.000e+00 (0.000e+00)  BinReg: 0.000e+00 (0.000e+00)  SelBinAnchor: 0.000e+00 (0.000e+00)  ActBinMargin: 0.000e+00 (0.000e+00)  Time: 0.337s, 1518.31/s  (0.323s, 1586.37/s)  LR: 5.465e-06  RefW: 2.000e-04  AnchorRefW: 0.000e+00  Data: 0.006 (0.007)
2026-07-10T13:27:34Z	51	2.000e-04	4.408e+01	Train: 51 [1800/2502 ( 72%)]  Loss: 51.399700 (51.4068)  BaseLoss: 51.390888 (51.3996)  RefAttnKL: 4.408e+01 (3.603e+01)  RefLogitKL: 0.000e+00 (0.000e+00)  AnchorRefAttnKL: 0.000e+00 (0.000e+00)  TeacherAttnKL: 0.000e+00 (0.000e+00)  TeacherRel: 0.000e+00 (0.000e+00)  TeacherAttnOut: 0.000e+00 (0.000e+00)  TeacherFeatOut: 0.000e+00 (0.000e+00)  ActScaleAnchor: 0.000e+00 (0.000e+00)  VarTrust: 0.000e+00 (0.000e+00)  DirAnchor: 0.000e+00 (0.000e+00)  BinReg: 0.000e+00 (0.000e+00)  SelBinAnchor: 0.000e+00 (0.000e+00)  ActBinMargin: 0.000e+00 (0.000e+00)  Time: 0.334s, 1532.17/s  (0.323s, 1586.52/s)  LR: 5.463e-06  RefW: 2.000e-04  AnchorRefW: 0.000e+00  Data: 0.006 (0.007)
2026-07-10T13:27:34Z	51	2.000e-04	1.700e+01	Train: 51 [1850/2502 ( 74%)]  Loss: 51.391853 (51.4064)  BaseLoss: 51.388454 (51.3993)  RefAttnKL: 1.700e+01 (3.553e+01)  RefLogitKL: 0.000e+00 (0.000e+00)  AnchorRefAttnKL: 0.000e+00 (0.000e+00)  TeacherAttnKL: 0.000e+00 (0.000e+00)  TeacherRel: 0.000e+00 (0.000e+00)  TeacherAttnOut: 0.000e+00 (0.000e+00)  TeacherFeatOut: 0.000e+00 (0.000e+00)  ActScaleAnchor: 0.000e+00 (0.000e+00)  VarTrust: 0.000e+00 (0.000e+00)  DirAnchor: 0.000e+00 (0.000e+00)  BinReg: 0.000e+00 (0.000e+00)  SelBinAnchor: 0.000e+00 (0.000e+00)  ActBinMargin: 0.000e+00 (0.000e+00)  Time: 0.334s, 1532.17/s  (0.323s, 1586.47/s)  LR: 5.460e-06  RefW: 2.000e-04  AnchorRefW: 0.000e+00  Data: 0.006 (0.007)
2026-07-10T13:27:34Z	51	2.000e-04	2.558e+01	Train: 51 [1900/2502 ( 76%)]  Loss: 51.428432 (51.4070)  BaseLoss: 51.423317 (51.3999)  RefAttnKL: 2.558e+01 (3.528e+01)  RefLogitKL: 0.000e+00 (0.000e+00)  AnchorRefAttnKL: 0.000e+00 (0.000e+00)  TeacherAttnKL: 0.000e+00 (0.000e+00)  TeacherRel: 0.000e+00 (0.000e+00)  TeacherAttnOut: 0.000e+00 (0.000e+00)  TeacherFeatOut: 0.000e+00 (0.000e+00)  ActScaleAnchor: 0.000e+00 (0.000e+00)  VarTrust: 0.000e+00 (0.000e+00)  DirAnchor: 0.000e+00 (0.000e+00)  BinReg: 0.000e+00 (0.000e+00)  SelBinAnchor: 0.000e+00 (0.000e+00)  ActBinMargin: 0.000e+00 (0.000e+00)  Time: 0.339s, 1511.73/s  (0.323s, 1586.59/s)  LR: 5.458e-06  RefW: 2.000e-04  AnchorRefW: 0.000e+00  Data: 0.007 (0.007)
2026-07-10T13:27:34Z	51	2.000e-04	4.318e+01	Train: 51 [1950/2502 ( 78%)]  Loss: 51.462547 (51.4084)  BaseLoss: 51.453911 (51.4013)  RefAttnKL: 4.318e+01 (3.547e+01)  RefLogitKL: 0.000e+00 (0.000e+00)  AnchorRefAttnKL: 0.000e+00 (0.000e+00)  TeacherAttnKL: 0.000e+00 (0.000e+00)  TeacherRel: 0.000e+00 (0.000e+00)  TeacherAttnOut: 0.000e+00 (0.000e+00)  TeacherFeatOut: 0.000e+00 (0.000e+00)  ActScaleAnchor: 0.000e+00 (0.000e+00)  VarTrust: 0.000e+00 (0.000e+00)  DirAnchor: 0.000e+00 (0.000e+00)  BinReg: 0.000e+00 (0.000e+00)  SelBinAnchor: 0.000e+00 (0.000e+00)  ActBinMargin: 0.000e+00 (0.000e+00)  Time: 0.336s, 1525.65/s  (0.323s, 1586.59/s)  LR: 5.456e-06  RefW: 2.000e-04  AnchorRefW: 0.000e+00  Data: 0.006 (0.007)
2026-07-10T13:27:34Z	51	2.000e-04	5.274e+01	Train: 51 [2000/2502 ( 80%)]  Loss: 51.414700 (51.4085)  BaseLoss: 51.404152 (51.4013)  RefAttnKL: 5.274e+01 (3.589e+01)  RefLogitKL: 0.000e+00 (0.000e+00)  AnchorRefAttnKL: 0.000e+00 (0.000e+00)  TeacherAttnKL: 0.000e+00 (0.000e+00)  TeacherRel: 0.000e+00 (0.000e+00)  TeacherAttnOut: 0.000e+00 (0.000e+00)  TeacherFeatOut: 0.000e+00 (0.000e+00)  ActScaleAnchor: 0.000e+00 (0.000e+00)  VarTrust: 0.000e+00 (0.000e+00)  DirAnchor: 0.000e+00 (0.000e+00)  BinReg: 0.000e+00 (0.000e+00)  SelBinAnchor: 0.000e+00 (0.000e+00)  ActBinMargin: 0.000e+00 (0.000e+00)  Time: 0.334s, 1533.09/s  (0.323s, 1586.70/s)  LR: 5.454e-06  RefW: 2.000e-04  AnchorRefW: 0.000e+00  Data: 0.006 (0.007)
2026-07-10T13:27:34Z	51	2.000e-04	4.341e+01	Train: 51 [2050/2502 ( 82%)]  Loss: 51.358543 (51.4073)  BaseLoss: 51.349861 (51.4001)  RefAttnKL: 4.341e+01 (3.607e+01)  RefLogitKL: 0.000e+00 (0.000e+00)  AnchorRefAttnKL: 0.000e+00 (0.000e+00)  TeacherAttnKL: 0.000e+00 (0.000e+00)  TeacherRel: 0.000e+00 (0.000e+00)  TeacherAttnOut: 0.000e+00 (0.000e+00)  TeacherFeatOut: 0.000e+00 (0.000e+00)  ActScaleAnchor: 0.000e+00 (0.000e+00)  VarTrust: 0.000e+00 (0.000e+00)  DirAnchor: 0.000e+00 (0.000e+00)  BinReg: 0.000e+00 (0.000e+00)  SelBinAnchor: 0.000e+00 (0.000e+00)  ActBinMargin: 0.000e+00 (0.000e+00)  Time: 0.336s, 1522.11/s  (0.323s, 1586.68/s)  LR: 5.452e-06  RefW: 2.000e-04  AnchorRefW: 0.000e+00  Data: 0.006 (0.007)
2026-07-10T13:27:34Z	51	2.000e-04	5.130e+01	Train: 51 [2100/2502 ( 84%)]  Loss: 51.376812 (51.4066)  BaseLoss: 51.366550 (51.3993)  RefAttnKL: 5.130e+01 (3.643e+01)  RefLogitKL: 0.000e+00 (0.000e+00)  AnchorRefAttnKL: 0.000e+00 (0.000e+00)  TeacherAttnKL: 0.000e+00 (0.000e+00)  TeacherRel: 0.000e+00 (0.000e+00)  TeacherAttnOut: 0.000e+00 (0.000e+00)  TeacherFeatOut: 0.000e+00 (0.000e+00)  ActScaleAnchor: 0.000e+00 (0.000e+00)  VarTrust: 0.000e+00 (0.000e+00)  DirAnchor: 0.000e+00 (0.000e+00)  BinReg: 0.000e+00 (0.000e+00)  SelBinAnchor: 0.000e+00 (0.000e+00)  ActBinMargin: 0.000e+00 (0.000e+00)  Time: 0.335s, 1529.51/s  (0.323s, 1586.76/s)  LR: 5.449e-06  RefW: 2.000e-04  AnchorRefW: 0.000e+00  Data: 0.006 (0.007)
2026-07-10T13:27:34Z	51	2.000e-04	4.274e+01	Train: 51 [2150/2502 ( 86%)]  Loss: 51.385403 (51.4061)  BaseLoss: 51.376850 (51.3988)  RefAttnKL: 4.274e+01 (3.657e+01)  RefLogitKL: 0.000e+00 (0.000e+00)  AnchorRefAttnKL: 0.000e+00 (0.000e+00)  TeacherAttnKL: 0.000e+00 (0.000e+00)  TeacherRel: 0.000e+00 (0.000e+00)  TeacherAttnOut: 0.000e+00 (0.000e+00)  TeacherFeatOut: 0.000e+00 (0.000e+00)  ActScaleAnchor: 0.000e+00 (0.000e+00)  VarTrust: 0.000e+00 (0.000e+00)  DirAnchor: 0.000e+00 (0.000e+00)  BinReg: 0.000e+00 (0.000e+00)  SelBinAnchor: 0.000e+00 (0.000e+00)  ActBinMargin: 0.000e+00 (0.000e+00)  Time: 0.344s, 1488.35/s  (0.323s, 1586.83/s)  LR: 5.447e-06  RefW: 2.000e-04  AnchorRefW: 0.000e+00  Data: 0.005 (0.007)
2026-07-10T13:27:34Z	51	2.000e-04	1.717e+01	Train: 51 [2200/2502 ( 88%)]  Loss: 51.393562 (51.4059)  BaseLoss: 51.390129 (51.3986)  RefAttnKL: 1.717e+01 (3.614e+01)  RefLogitKL: 0.000e+00 (0.000e+00)  AnchorRefAttnKL: 0.000e+00 (0.000e+00)  TeacherAttnKL: 0.000e+00 (0.000e+00)  TeacherRel: 0.000e+00 (0.000e+00)  TeacherAttnOut: 0.000e+00 (0.000e+00)  TeacherFeatOut: 0.000e+00 (0.000e+00)  ActScaleAnchor: 0.000e+00 (0.000e+00)  VarTrust: 0.000e+00 (0.000e+00)  DirAnchor: 0.000e+00 (0.000e+00)  BinReg: 0.000e+00 (0.000e+00)  SelBinAnchor: 0.000e+00 (0.000e+00)  ActBinMargin: 0.000e+00 (0.000e+00)  Time: 0.336s, 1522.66/s  (0.323s, 1586.87/s)  LR: 5.445e-06  RefW: 2.000e-04  AnchorRefW: 0.000e+00  Data: 0.006 (0.007)
2026-07-10T13:27:34Z	51	2.000e-04	2.654e+01	Train: 51 [2250/2502 ( 90%)]  Loss: 51.412743 (51.4060)  BaseLoss: 51.407433 (51.3988)  RefAttnKL: 2.654e+01 (3.593e+01)  RefLogitKL: 0.000e+00 (0.000e+00)  AnchorRefAttnKL: 0.000e+00 (0.000e+00)  TeacherAttnKL: 0.000e+00 (0.000e+00)  TeacherRel: 0.000e+00 (0.000e+00)  TeacherAttnOut: 0.000e+00 (0.000e+00)  TeacherFeatOut: 0.000e+00 (0.000e+00)  ActScaleAnchor: 0.000e+00 (0.000e+00)  VarTrust: 0.000e+00 (0.000e+00)  DirAnchor: 0.000e+00 (0.000e+00)  BinReg: 0.000e+00 (0.000e+00)  SelBinAnchor: 0.000e+00 (0.000e+00)  ActBinMargin: 0.000e+00 (0.000e+00)  Time: 0.334s, 1531.72/s  (0.323s, 1586.94/s)  LR: 5.443e-06  RefW: 2.000e-04  AnchorRefW: 0.000e+00  Data: 0.006 (0.007)
2026-07-10T13:27:34Z	51	2.000e-04	3.495e+01	Train: 51 [2300/2502 ( 92%)]  Loss: 51.431080 (51.4065)  BaseLoss: 51.424088 (51.3994)  RefAttnKL: 3.495e+01 (3.591e+01)  RefLogitKL: 0.000e+00 (0.000e+00)  AnchorRefAttnKL: 0.000e+00 (0.000e+00)  TeacherAttnKL: 0.000e+00 (0.000e+00)  TeacherRel: 0.000e+00 (0.000e+00)  TeacherAttnOut: 0.000e+00 (0.000e+00)  TeacherFeatOut: 0.000e+00 (0.000e+00)  ActScaleAnchor: 0.000e+00 (0.000e+00)  VarTrust: 0.000e+00 (0.000e+00)  DirAnchor: 0.000e+00 (0.000e+00)  BinReg: 0.000e+00 (0.000e+00)  SelBinAnchor: 0.000e+00 (0.000e+00)  ActBinMargin: 0.000e+00 (0.000e+00)  Time: 0.333s, 1536.83/s  (0.323s, 1586.97/s)  LR: 5.441e-06  RefW: 2.000e-04  AnchorRefW: 0.000e+00  Data: 0.007 (0.007)
2026-07-10T13:27:34Z	51	2.000e-04	4.087e+01	Train: 51 [2350/2502 ( 94%)]  Loss: 51.438339 (51.4072)  BaseLoss: 51.430168 (51.4000)  RefAttnKL: 4.087e+01 (3.601e+01)  RefLogitKL: 0.000e+00 (0.000e+00)  AnchorRefAttnKL: 0.000e+00 (0.000e+00)  TeacherAttnKL: 0.000e+00 (0.000e+00)  TeacherRel: 0.000e+00 (0.000e+00)  TeacherAttnOut: 0.000e+00 (0.000e+00)  TeacherFeatOut: 0.000e+00 (0.000e+00)  ActScaleAnchor: 0.000e+00 (0.000e+00)  VarTrust: 0.000e+00 (0.000e+00)  DirAnchor: 0.000e+00 (0.000e+00)  BinReg: 0.000e+00 (0.000e+00)  SelBinAnchor: 0.000e+00 (0.000e+00)  ActBinMargin: 0.000e+00 (0.000e+00)  Time: 0.336s, 1524.38/s  (0.323s, 1587.03/s)  LR: 5.439e-06  RefW: 2.000e-04  AnchorRefW: 0.000e+00  Data: 0.007 (0.007)
2026-07-10T13:27:34Z	51	2.000e-04	3.464e+01	Train: 51 [2400/2502 ( 96%)]  Loss: 51.393509 (51.4069)  BaseLoss: 51.386578 (51.3997)  RefAttnKL: 3.464e+01 (3.599e+01)  RefLogitKL: 0.000e+00 (0.000e+00)  AnchorRefAttnKL: 0.000e+00 (0.000e+00)  TeacherAttnKL: 0.000e+00 (0.000e+00)  TeacherRel: 0.000e+00 (0.000e+00)  TeacherAttnOut: 0.000e+00 (0.000e+00)  TeacherFeatOut: 0.000e+00 (0.000e+00)  ActScaleAnchor: 0.000e+00 (0.000e+00)  VarTrust: 0.000e+00 (0.000e+00)  DirAnchor: 0.000e+00 (0.000e+00)  BinReg: 0.000e+00 (0.000e+00)  SelBinAnchor: 0.000e+00 (0.000e+00)  ActBinMargin: 0.000e+00 (0.000e+00)  Time: 0.333s, 1537.88/s  (0.323s, 1586.92/s)  LR: 5.437e-06  RefW: 2.000e-04  AnchorRefW: 0.000e+00  Data: 0.005 (0.007)
2026-07-10T13:27:34Z	51	2.000e-04	2.516e+01	Train: 51 [2450/2502 ( 98%)]  Loss: 51.421516 (51.4072)  BaseLoss: 51.416489 (51.4001)  RefAttnKL: 2.516e+01 (3.577e+01)  RefLogitKL: 0.000e+00 (0.000e+00)  AnchorRefAttnKL: 0.000e+00 (0.000e+00)  TeacherAttnKL: 0.000e+00 (0.000e+00)  TeacherRel: 0.000e+00 (0.000e+00)  TeacherAttnOut: 0.000e+00 (0.000e+00)  TeacherFeatOut: 0.000e+00 (0.000e+00)  ActScaleAnchor: 0.000e+00 (0.000e+00)  VarTrust: 0.000e+00 (0.000e+00)  DirAnchor: 0.000e+00 (0.000e+00)  BinReg: 0.000e+00 (0.000e+00)  SelBinAnchor: 0.000e+00 (0.000e+00)  ActBinMargin: 0.000e+00 (0.000e+00)  Time: 0.335s, 1527.45/s  (0.323s, 1586.98/s)  LR: 5.434e-06  RefW: 2.000e-04  AnchorRefW: 0.000e+00  Data: 0.006 (0.007)
2026-07-10T13:27:34Z	52	1.500e-04	3.445e+01	Train: 52 [   0/2502 (  0%)]  Loss: 51.400234 (51.4002)  BaseLoss: 51.395069 (51.3951)  RefAttnKL: 3.445e+01 (3.445e+01)  RefLogitKL: 0.000e+00 (0.000e+00)  AnchorRefAttnKL: 0.000e+00 (0.000e+00)  TeacherAttnKL: 0.000e+00 (0.000e+00)  TeacherRel: 0.000e+00 (0.000e+00)  TeacherAttnOut: 0.000e+00 (0.000e+00)  TeacherFeatOut: 0.000e+00 (0.000e+00)  ActScaleAnchor: 0.000e+00 (0.000e+00)  VarTrust: 0.000e+00 (0.000e+00)  DirAnchor: 0.000e+00 (0.000e+00)  BinReg: 0.000e+00 (0.000e+00)  SelBinAnchor: 0.000e+00 (0.000e+00)  ActBinMargin: 0.000e+00 (0.000e+00)  Time: 1.198s,  427.46/s  (1.198s,  427.46/s)  LR: 5.432e-06  RefW: 1.500e-04  AnchorRefW: 0.000e+00  Data: 0.837 (0.837)
2026-07-10T13:27:34Z	52	1.500e-04	3.389e+01	Train: 52 [  50/2502 (  2%)]  Loss: 51.380421 (51.3903)  BaseLoss: 51.375340 (51.3852)  RefAttnKL: 3.389e+01 (3.417e+01)  RefLogitKL: 0.000e+00 (0.000e+00)  AnchorRefAttnKL: 0.000e+00 (0.000e+00)  TeacherAttnKL: 0.000e+00 (0.000e+00)  TeacherRel: 0.000e+00 (0.000e+00)  TeacherAttnOut: 0.000e+00 (0.000e+00)  TeacherFeatOut: 0.000e+00 (0.000e+00)  ActScaleAnchor: 0.000e+00 (0.000e+00)  VarTrust: 0.000e+00 (0.000e+00)  DirAnchor: 0.000e+00 (0.000e+00)  BinReg: 0.000e+00 (0.000e+00)  SelBinAnchor: 0.000e+00 (0.000e+00)  ActBinMargin: 0.000e+00 (0.000e+00)  Time: 0.335s, 1527.66/s  (0.339s, 1508.74/s)  LR: 5.430e-06  RefW: 1.500e-04  AnchorRefW: 0.000e+00  Data: 0.005 (0.022)
2026-07-10T13:27:34Z	52	1.500e-04	2.535e+01	Train: 52 [ 100/2502 (  4%)]  Loss: 51.406189 (51.3956)  BaseLoss: 51.402393 (51.3909)  RefAttnKL: 2.535e+01 (3.123e+01)  RefLogitKL: 0.000e+00 (0.000e+00)  AnchorRefAttnKL: 0.000e+00 (0.000e+00)  TeacherAttnKL: 0.000e+00 (0.000e+00)  TeacherRel: 0.000e+00 (0.000e+00)  TeacherAttnOut: 0.000e+00 (0.000e+00)  TeacherFeatOut: 0.000e+00 (0.000e+00)  ActScaleAnchor: 0.000e+00 (0.000e+00)  VarTrust: 0.000e+00 (0.000e+00)  DirAnchor: 0.000e+00 (0.000e+00)  BinReg: 0.000e+00 (0.000e+00)  SelBinAnchor: 0.000e+00 (0.000e+00)  ActBinMargin: 0.000e+00 (0.000e+00)  Time: 0.334s, 1531.37/s  (0.331s, 1545.80/s)  LR: 5.428e-06  RefW: 1.500e-04  AnchorRefW: 0.000e+00  Data: 0.006 (0.014)
