section	case	key0	key1	key2	params	numel	rel_l2	delta_l2	base_l2	max_param_rel_l2	max_abs_delta	name	kind	stage	module
by_kind	ckpt10_to_phase1f_ckpt2	ckpt10_to_phase1f_ckpt2	move_shift		130	303872	0.025617777958535815	0.7225683767655501	28.205739699012074	0.45503995127929675	0.014137804508209229				
by_kind	ckpt10_to_phase1f_ckpt2	ckpt10_to_phase1f_ckpt2	attn_qkv_weight		48	6474048	0.012644694001386349	1.8386673778535523	145.41019163073167	0.014526574559357798	0.008031129837036133				
by_kind	ckpt10_to_phase1f_ckpt2	ckpt10_to_phase1f_ckpt2	head		2	769000	0.010979613974841231	0.4853949265186408	44.20874245951436	0.01107525465927791	0.0031372075900435448				
by_kind	ckpt10_to_phase1f_ckpt2	ckpt10_to_phase1f_ckpt2	mlp_weight		48	17274432	0.010960632704570488	2.866881550640038	261.56168424880923	0.014113539994770032	0.055861830711364746				
by_kind	ckpt10_to_phase1f_ckpt2	ckpt10_to_phase1f_ckpt2	attn_proj_weight		24	2160960	0.010956105620953832	0.8577045413459362	78.28553055435631	0.012576333669708598	0.007170885801315308				
by_kind	ckpt10_to_phase1f_ckpt2	ckpt10_to_phase1f_ckpt2	act_quant		114	22360	0.008133534532299626	0.19353183066308302	23.79430859911343	0.0740406056700365	0.02688160538673401				
by_kind	ckpt10_to_phase1f_ckpt2	ckpt10_to_phase1f_ckpt2	weight_quant		65	1159	0.001972438088806388	0.03131173629729451	15.874635799718643	0.498414553633656	0.008485494181513786				
by_kind	ckpt10_to_phase1f_ckpt2	ckpt10_to_phase1f_ckpt2	relpos		12	23322	0.0009391407093249678	0.21906994617421727	233.26637211976424	0.00151054301609511	0.014330387115478516				
by_kind	ckpt10_to_phase1f_ckpt2	ckpt10_to_phase1f_ckpt2	norm		56	24576	0.0007217763937960258	0.09842006894190447	136.35811559905076	0.0020465568284725026	0.008512735366821289				
by_kind	ckpt10_to_phase1f_ckpt2	ckpt10_to_phase1f_ckpt2	other		46	1592172	4.526685226389485e-05	0.7048957556680007	15572.007339026539	0.013249903526066663	0.005043745040893555				
by_stage_kind	ckpt10_to_phase1f_ckpt2	ckpt10_to_phase1f_ckpt2	features.0.0	weight_quant	1	96	0.498414553633656	0.013391106389462948	0.02686740644276142	0.498414553633656	0.008485494181513786				
by_stage_kind	ckpt10_to_phase1f_ckpt2	ckpt10_to_phase1f_ckpt2	head	weight_quant	1	1000	0.4897522300686167	0.028303764760494232	0.05779200792312622	0.4897522300686167	0.005955900996923447				
by_stage_kind	ckpt10_to_phase1f_ckpt2	ckpt10_to_phase1f_ckpt2	features.0.0	move_shift	2	100352	0.4536635717186249	0.4561420771229391	1.00546331149077	0.45503995127929675	0.0064786272123456				
by_stage_kind	ckpt10_to_phase1f_ckpt2	ckpt10_to_phase1f_ckpt2	features.6	move_shift	2	3072	0.025472027753383295	0.013818883863845957	0.54251212340213	0.026381359318198943	0.0010653436183929443				
by_stage_kind	ckpt10_to_phase1f_ckpt2	ckpt10_to_phase1f_ckpt2	features.7.1	move_shift	10	47616	0.022855294494362872	0.3052645172295302	13.356402705938528	0.15910943162450247	0.01129143312573433				
by_stage_kind	ckpt10_to_phase1f_ckpt2	ckpt10_to_phase1f_ckpt2	features.5.5	move_shift	10	14592	0.022773485568772726	0.18871329153692878	8.286535276606699	0.23199960204243314	0.008129075169563293				
by_stage_kind	ckpt10_to_phase1f_ckpt2	ckpt10_to_phase1f_ckpt2	features.5.2	move_shift	10	14592	0.01927985094596139	0.15028979331749398	7.795174025916194	0.029277503279199788	0.007086507976055145				
by_stage_kind	ckpt10_to_phase1f_ckpt2	ckpt10_to_phase1f_ckpt2	features.5.1	move_shift	10	14592	0.019102273387152608	0.14766966330396328	7.730475860704608	0.03156359796482983	0.006262525916099548				
by_stage_kind	ckpt10_to_phase1f_ckpt2	ckpt10_to_phase1f_ckpt2	features.7.0	move_shift	10	47616	0.01864356251550776	0.23664515523687496	12.693129601171073	0.050972762112289016	0.008283555507659912				
by_stage_kind	ckpt10_to_phase1f_ckpt2	ckpt10_to_phase1f_ckpt2	features.5.4	move_shift	10	14592	0.018635560373172957	0.14851356021941065	7.969363799395327	0.031458408124424395	0.006075643002986908				
by_stage_kind	ckpt10_to_phase1f_ckpt2	ckpt10_to_phase1f_ckpt2	features.5.3	move_shift	10	14592	0.018530584794359997	0.14419175646603433	7.781284728257513	0.029758742335243858	0.006212420761585236				
by_stage_kind	ckpt10_to_phase1f_ckpt2	ckpt10_to_phase1f_ckpt2	features.5.0	move_shift	10	14592	0.018441496134707983	0.14428537019879417	7.82395143782508	0.030222849036627638	0.00826607272028923				
by_stage_kind	ckpt10_to_phase1f_ckpt2	ckpt10_to_phase1f_ckpt2	head	move_shift	2	1536	0.017331704126231154	0.014446322123138696	0.833520005760686	0.017439995663282592	0.002759113907814026				
by_stage_kind	ckpt10_to_phase1f_ckpt2	ckpt10_to_phase1f_ckpt2	features.3.1	move_shift	10	4992	0.01725431468023562	0.08585645499558334	4.975941182638203	0.020625521188383938	0.007216662168502808				
by_stage_kind	ckpt10_to_phase1f_ckpt2	ckpt10_to_phase1f_ckpt2	features.3.0	move_shift	10	4992	0.01692208658522052	0.08525484412851642	5.038081072281987	0.02097356143744633	0.006988294422626495				
by_stage_kind	ckpt10_to_phase1f_ckpt2	ckpt10_to_phase1f_ckpt2	features.1.0	move_shift	10	1920	0.015361283998860817	0.05868973496949171	3.8206269068291494	0.018872990617830276	0.014137804508209229				
by_stage_kind	ckpt10_to_phase1f_ckpt2	ckpt10_to_phase1f_ckpt2	features.2	move_shift	2	768	0.01419581262751649	0.007603789602865761	0.535636092302806	0.014318634827411563	0.0010911813005805016				
by_stage_kind	ckpt10_to_phase1f_ckpt2	ckpt10_to_phase1f_ckpt2	features.1.1	move_shift	10	1920	0.01354859879833352	0.05090715117311127	3.757373875398308	0.025871301947175393	0.009925305843353271				
by_stage_kind	ckpt10_to_phase1f_ckpt2	ckpt10_to_phase1f_ckpt2	features.7.0	attn_qkv_weight	4	1770240	0.013421972621937424	0.9572375265580412	71.31869163505019	0.013821280903519584	0.004199713468551636				
by_stage_kind	ckpt10_to_phase1f_ckpt2	ckpt10_to_phase1f_ckpt2	features.4	other	2	295296	0.013248484741997966	0.32670569408544253	24.659853594409846	0.013249903526066663	0.0035231411457061768				
by_stage_kind	ckpt10_to_phase1f_ckpt2	ckpt10_to_phase1f_ckpt2	features.5.4	attn_qkv_weight	4	442752	0.012881978761038816	0.47917466645954365	37.19728741587387	0.014059331332093026	0.004199966788291931				
by_stage_kind	ckpt10_to_phase1f_ckpt2	ckpt10_to_phase1f_ckpt2	features.5.0	attn_qkv_weight	4	442752	0.01269788159988164	0.4813015544198532	37.90408271127205	0.013236399784799265	0.003810879774391651				
by_stage_kind	ckpt10_to_phase1f_ckpt2	ckpt10_to_phase1f_ckpt2	features.5.2	attn_qkv_weight	4	442752	0.01263952603049686	0.4822367969288432	38.15307597494512	0.01310050144796834	0.0038026273250579834				
by_stage_kind	ckpt10_to_phase1f_ckpt2	ckpt10_to_phase1f_ckpt2	features.7.1	attn_qkv_weight	4	1770240	0.012600317095270161	0.9364607051368	74.32040781642897	0.012820409402444076	0.00520014762878418				
by_stage_kind	ckpt10_to_phase1f_ckpt2	ckpt10_to_phase1f_ckpt2	features.5.3	attn_qkv_weight	4	442752	0.012277839607934615	0.4951069588386447	40.32525058550849	0.012519752533921456	0.004044622182846069				
by_stage_kind	ckpt10_to_phase1f_ckpt2	ckpt10_to_phase1f_ckpt2	features.6	other	2	1180416	0.012276137421385622	0.6045647255008738	49.24714547816099	0.012276245027828666	0.0038830935955047607				
by_stage_kind	ckpt10_to_phase1f_ckpt2	ckpt10_to_phase1f_ckpt2	features.5.5	attn_qkv_weight	4	442752	0.012153578675334668	0.4790987632958174	39.42038605206336	0.012823192919338342	0.003851175308227539				
by_stage_kind	ckpt10_to_phase1f_ckpt2	ckpt10_to_phase1f_ckpt2	features.3.0	attn_qkv_weight	4	110784	0.01211379902682515	0.24929981857254768	20.579821245217204	0.012597140693274857	0.004341214895248413				
by_stage_kind	ckpt10_to_phase1f_ckpt2	ckpt10_to_phase1f_ckpt2	features.7.0	attn_proj_weight	2	590592	0.012073678412086966	0.4724849011201146	39.13346744825584	0.012576333669708598	0.00520634651184082				
by_stage_kind	ckpt10_to_phase1f_ckpt2	ckpt10_to_phase1f_ckpt2	features.1.0	attn_qkv_weight	4	27744	0.01204661893147499	0.16654465211634295	13.825012068838738	0.014526574559357798	0.007421769201755524				
by_stage_kind	ckpt10_to_phase1f_ckpt2	ckpt10_to_phase1f_ckpt2	features.5.1	attn_qkv_weight	4	442752	0.012014637247830142	0.5061111704621647	42.12454858373431	0.012559929527050212	0.004439167678356171				
by_stage_kind	ckpt10_to_phase1f_ckpt2	ckpt10_to_phase1f_ckpt2	features.2	other	2	73920	0.01200525567211582	0.1554991816278766	12.952592254161567	0.01200967966062877	0.004930675029754639				
by_stage_kind	ckpt10_to_phase1f_ckpt2	ckpt10_to_phase1f_ckpt2	features.7.0	mlp_weight	4	4722432	0.011862067895621331	1.582512620684056	133.40950621840668	0.013455409169298233	0.02497124671936035				
by_stage_kind	ckpt10_to_phase1f_ckpt2	ckpt10_to_phase1f_ckpt2	features.5.1	attn_proj_weight	2	147840	0.01173477011025467	0.202721197431126	17.275259381006016	0.011989922965731209	0.0030618011951446533				
by_stage_kind	ckpt10_to_phase1f_ckpt2	ckpt10_to_phase1f_ckpt2	features.5.0	mlp_weight	4	1181568	0.011704267359821356	0.7188589200037276	61.418532053654296	0.014113539994770032	0.003911089152097702				
by_stage_kind	ckpt10_to_phase1f_ckpt2	ckpt10_to_phase1f_ckpt2	features.5.1	mlp_weight	4	1181568	0.01129608370238143	0.7046091004273405	62.3764057519152	0.012852133795806997	0.0043825507164001465				
by_stage_kind	ckpt10_to_phase1f_ckpt2	ckpt10_to_phase1f_ckpt2	features.5.3	attn_proj_weight	2	147840	0.01117281488822296	0.20212361066644513	18.090661367664794	0.011408818052387294	0.0031332075595855713				
by_stage_kind	ckpt10_to_phase1f_ckpt2	ckpt10_to_phase1f_ckpt2	features.7.1	mlp_weight	4	4722432	0.011135037902334442	1.5180122956478659	136.32753736110922	0.012812429804986654	0.02384161949157715				
by_stage_kind	ckpt10_to_phase1f_ckpt2	ckpt10_to_phase1f_ckpt2	features.5.2	mlp_weight	4	1181568	0.011018324608324288	0.7094052075289928	64.38412669318535	0.012963873354512495	0.008177459239959717				
by_stage_kind	ckpt10_to_phase1f_ckpt2	ckpt10_to_phase1f_ckpt2	head	head	2	769000	0.010979613974841231	0.4853949265186408	44.20874245951436	0.01107525465927791	0.0031372075900435448				
by_stage_kind	ckpt10_to_phase1f_ckpt2	ckpt10_to_phase1f_ckpt2	features.4	act_quant	1	14	0.010900750225963795	0.005463970825076103	0.501247227191925	0.010900750225963795	0.002898573875427246				
by_stage_kind	ckpt10_to_phase1f_ckpt2	ckpt10_to_phase1f_ckpt2	features.5.0	attn_proj_weight	2	147840	0.010766732409653965	0.20013110090976574	18.587914447499287	0.011128935634413951	0.003683626651763916				
by_stage_kind	ckpt10_to_phase1f_ckpt2	ckpt10_to_phase1f_ckpt2	features.5.2	attn_proj_weight	2	147840	0.010698167693891076	0.20554023772074856	19.21265805527775	0.011062675527911986	0.0030290186405181885				
by_stage_kind	ckpt10_to_phase1f_ckpt2	ckpt10_to_phase1f_ckpt2	features.5.0	act_quant	9	1915	0.010680880850074867	0.048753560642194986	4.564563665350995	0.020237799536970278	0.005480125546455383				
by_stage_kind	ckpt10_to_phase1f_ckpt2	ckpt10_to_phase1f_ckpt2	features.3.1	attn_qkv_weight	4	110784	0.010651252924386432	0.2438815634515647	22.896983592717902	0.011603575936095003	0.008031129837036133				
by_stage_kind	ckpt10_to_phase1f_ckpt2	ckpt10_to_phase1f_ckpt2	features.7.1	attn_proj_weight	2	590592	0.01062707874021544	0.48814133133097337	45.93372678078769	0.012292746843435072	0.007170885801315308				
by_stage_kind	ckpt10_to_phase1f_ckpt2	ckpt10_to_phase1f_ckpt2	features.3.0	attn_proj_weight	2	37056	0.010400788034789912	0.10787380106832098	10.371694981908162	0.010890007045859258	0.003998398780822754				
by_stage_kind	ckpt10_to_phase1f_ckpt2	ckpt10_to_phase1f_ckpt2	features.5.5	attn_proj_weight	2	147840	0.010335079747349452	0.2072465447361148	20.05272816489544	0.010631255713309714	0.0032834112644195557				
by_stage_kind	ckpt10_to_phase1f_ckpt2	ckpt10_to_phase1f_ckpt2	features.4	move_shift	2	1536	0.010274653534626109	0.006857534242654742	0.667422431281454	0.010629073934625793	0.0007919296622276306				
by_stage_kind	ckpt10_to_phase1f_ckpt2	ckpt10_to_phase1f_ckpt2	features.5.3	mlp_weight	4	1181568	0.010231790104756416	0.6955384026721575	67.9781734721889	0.012602598388128635	0.006284475326538086				
by_stage_kind	ckpt10_to_phase1f_ckpt2	ckpt10_to_phase1f_ckpt2	features.5.5	mlp_weight	4	1181568	0.009880791894731447	0.798096045887464	80.77247799470588	0.011627227582665309	0.055861830711364746				
by_stage_kind	ckpt10_to_phase1f_ckpt2	ckpt10_to_phase1f_ckpt2	features.5.4	mlp_weight	4	1181568	0.009793481456470831	0.7295672857269369	74.4951924368929	0.012446583049901799	0.028553485870361328				
by_stage_kind	ckpt10_to_phase1f_ckpt2	ckpt10_to_phase1f_ckpt2	features.5.1	act_quant	9	1915	0.009768505659747071	0.04880519437483916	4.996178133565501	0.02312625723243685	0.004871070384979248				
by_stage_kind	ckpt10_to_phase1f_ckpt2	ckpt10_to_phase1f_ckpt2	features.5.4	attn_proj_weight	2	147840	0.009688102440921423	0.20713840996894467	21.38069980495004	0.010090770298208818	0.0036109983921051025				
by_stage_kind	ckpt10_to_phase1f_ckpt2	ckpt10_to_phase1f_ckpt2	features.1.0	attn_proj_weight	2	9312	0.009408373972144337	0.05702495178686566	6.061084726829652	0.0097732373746189	0.004037797451019287				
by_stage_kind	ckpt10_to_phase1f_ckpt2	ckpt10_to_phase1f_ckpt2	features.5.5	act_quant	9	1915	0.00920693185558929	0.07297890275525634	7.926517096023985	0.0740406056700365	0.006647288799285889				
by_stage_kind	ckpt10_to_phase1f_ckpt2	ckpt10_to_phase1f_ckpt2	features.1.1	attn_qkv_weight	4	27744	0.009033583964808987	0.1159428137564469	12.834641733348684	0.009489660715331085	0.003764510154724121				
by_stage_kind	ckpt10_to_phase1f_ckpt2	ckpt10_to_phase1f_ckpt2	features.5.3	act_quant	9	1915	0.008906178108568634	0.051403046317349266	5.771616701432727	0.025201375156173225	0.004832401871681213				
by_stage_kind	ckpt10_to_phase1f_ckpt2	ckpt10_to_phase1f_ckpt2	features.7.1	act_quant	9	3641	0.00887123218648878	0.08607036138423271	9.702187878175604	0.06118558589813319	0.0050400495529174805				
by_stage_kind	ckpt10_to_phase1f_ckpt2	ckpt10_to_phase1f_ckpt2	features.1.0	mlp_weight	4	74208	0.008763959071863206	0.16968020839036008	19.361136559288642	0.010716932389745845	0.010987281799316406				
by_stage_kind	ckpt10_to_phase1f_ckpt2	ckpt10_to_phase1f_ckpt2	features.5.2	act_quant	9	1915	0.008593766667256543	0.05005720499226352	5.824827102065559	0.030400944733323734	0.00593104213476181				
by_stage_kind	ckpt10_to_phase1f_ckpt2	ckpt10_to_phase1f_ckpt2	features.5.4	act_quant	9	1915	0.008562461124378294	0.06504004016728285	7.595951587109283	0.04390028420699576	0.02688160538673401				
by_stage_kind	ckpt10_to_phase1f_ckpt2	ckpt10_to_phase1f_ckpt2	features.3.0	mlp_weight	4	295872	0.00855952802673317	0.3115445682338479	36.3974003310498	0.010859407607417182	0.004904210567474365				
by_stage_kind	ckpt10_to_phase1f_ckpt2	ckpt10_to_phase1f_ckpt2	features.7.0	act_quant	9	3641	0.008551881292080826	0.0753021364100406	8.805329942988282	0.029711120507176506	0.008737236261367798				
by_stage_kind	ckpt10_to_phase1f_ckpt2	ckpt10_to_phase1f_ckpt2	features.1.1	attn_proj_weight	2	9312	0.008218692664325167	0.04752431457033379	5.782466447081337	0.008586387848905246	0.0039560794830322266				
by_stage_kind	ckpt10_to_phase1f_ckpt2	ckpt10_to_phase1f_ckpt2	features.1.1	mlp_weight	4	74208	0.007957246667812579	0.16195349267488926	20.352956171385063	0.011023950563127652	0.005089432001113892				
by_stage_kind	ckpt10_to_phase1f_ckpt2	ckpt10_to_phase1f_ckpt2	features.3.1	mlp_weight	4	295872	0.007921131234399154	0.29788370874165293	37.60620799312492	0.010105403934540274	0.005224943161010742				
by_stage_kind	ckpt10_to_phase1f_ckpt2	ckpt10_to_phase1f_ckpt2	features.3.1	attn_proj_weight	2	37056	0.007909922509437645	0.08294239330314321	10.485866733104062	0.00836822264365461	0.0023164749145507812				
by_stage_kind	ckpt10_to_phase1f_ckpt2	ckpt10_to_phase1f_ckpt2	features.3.1	act_quant	9	1073	0.007331463990931072	0.03969314203190701	5.41408129140468	0.027504147558276074	0.005060695111751556				
by_stage_kind	ckpt10_to_phase1f_ckpt2	ckpt10_to_phase1f_ckpt2	features.3.0	act_quant	9	1073	0.006474169002492704	0.03665190443140337	5.66125234254644	0.013314382704969723	0.005584448575973511				
by_stage_kind	ckpt10_to_phase1f_ckpt2	ckpt10_to_phase1f_ckpt2	features.2	act_quant	1	28	0.005636172772782224	0.005522124469280243	0.9797649383544922	0.005636172772782224	0.002179384231567383				
by_stage_kind	ckpt10_to_phase1f_ckpt2	ckpt10_to_phase1f_ckpt2	head	act_quant	1	1	0.005431081855134478	0.00010776706039905548	0.01984265074133873	0.005431081855134478	0.00010776706039905548				
by_stage_kind	ckpt10_to_phase1f_ckpt2	ckpt10_to_phase1f_ckpt2	features.6	act_quant	1	7	0.004529789489261115	0.00117409136146307	0.2591933608055115	0.004529789489261115	0.0006965920329093933				
by_stage_kind	ckpt10_to_phase1f_ckpt2	ckpt10_to_phase1f_ckpt2	features.1.1	act_quant	9	694	0.004474907351812752	0.03096627453361394	6.919981152474527	0.039158394998174986	0.00400986522436142				
by_stage_kind	ckpt10_to_phase1f_ckpt2	ckpt10_to_phase1f_ckpt2	features.1.0	act_quant	9	694	0.0044388033606513715	0.031201158238130647	7.0291823500719435	0.039247620094032945	0.006391182541847229				
by_stage_kind	ckpt10_to_phase1f_ckpt2	ckpt10_to_phase1f_ckpt2	features.0.0	other	2	4704	0.003193336835719349	0.01732194016777275	5.4244012012815785	0.003713022477822884	0.0017695426940917969				
by_stage_kind	ckpt10_to_phase1f_ckpt2	ckpt10_to_phase1f_ckpt2	features.1.0	norm	4	384	0.001786913270430233	0.039265258736563974	21.973790998323118	0.0018637168608079296	0.008512735366821289				
by_stage_kind	ckpt10_to_phase1f_ckpt2	ckpt10_to_phase1f_ckpt2	features.4	norm	2	1536	0.0016133163654981346	0.018674785906574298	11.575402262040644	0.0017686209428269294	0.0021780729293823242				
by_stage_kind	ckpt10_to_phase1f_ckpt2	ckpt10_to_phase1f_ckpt2	features.1.0	relpos	1	507	0.00151054301609511	0.04135161638259888	27.37533187866211	0.00151054301609511	0.0068247318267822266				
by_stage_kind	ckpt10_to_phase1f_ckpt2	ckpt10_to_phase1f_ckpt2	features.6	norm	2	3072	0.0014653995056729304	0.0190516435745152	13.000989491781246	0.0015482265400530509	0.003655344247817993				
by_stage_kind	ckpt10_to_phase1f_ckpt2	ckpt10_to_phase1f_ckpt2	features.3.0	relpos	1	1014	0.0014490384208326536	0.06881147623062134	47.4876823425293	0.0014490384208326536	0.00926971435546875				
by_stage_kind	ckpt10_to_phase1f_ckpt2	ckpt10_to_phase1f_ckpt2	features.7.1	relpos	1	4056	0.0014436883954125517	0.10331916064023972	71.56610870361328	0.0014436883954125517	0.014330387115478516				
by_stage_kind	ckpt10_to_phase1f_ckpt2	ckpt10_to_phase1f_ckpt2	features.5.4	relpos	1	2028	0.0012020084123496762	0.049567073583602905	41.23687744140625	0.0012020084123496762	0.006785392761230469				
by_stage_kind	ckpt10_to_phase1f_ckpt2	ckpt10_to_phase1f_ckpt2	features.7.0	relpos	1	4056	0.0011168453148756967	0.08996391296386719	80.55181121826172	0.0011168453148756967	0.011694192886352539				
by_stage_kind	ckpt10_to_phase1f_ckpt2	ckpt10_to_phase1f_ckpt2	features.5.2	norm	4	1536	0.0010698826535913695	0.024504395155064466	22.90381573419141	0.0012453435921281973	0.0052152276039123535				
by_stage_kind	ckpt10_to_phase1f_ckpt2	ckpt10_to_phase1f_ckpt2	features.5.3	norm	4	1536	0.0010327986768934629	0.024756371199072685	23.970180978094337	0.0012470754393930903	0.004533886909484863				
by_stage_kind	ckpt10_to_phase1f_ckpt2	ckpt10_to_phase1f_ckpt2	features.5.1	norm	4	1536	0.0010303607410148085	0.0208232926636527	20.209710866063972	0.001309466472169478	0.004432618618011475				
by_stage_kind	ckpt10_to_phase1f_ckpt2	ckpt10_to_phase1f_ckpt2	features.5.0	norm	4	1536	0.001028516279650541	0.01920603914406346	18.67353927600358	0.001967291336223207	0.0029774606227874756				
by_stage_kind	ckpt10_to_phase1f_ckpt2	ckpt10_to_phase1f_ckpt2	features.5.5	relpos	1	2028	0.0009308995151841975	0.04904787614941597	52.688690185546875	0.0009308995151841975	0.0041065216064453125				
by_stage_kind	ckpt10_to_phase1f_ckpt2	ckpt10_to_phase1f_ckpt2	features.5.5	norm	4	1536	0.0008399956544100235	0.025587420676049067	30.461372677005766	0.0015015042846140297	0.0044661760330200195				
by_stage_kind	ckpt10_to_phase1f_ckpt2	ckpt10_to_phase1f_ckpt2	features.3.1	relpos	1	1014	0.0008377022063518954	0.044912829995155334	53.614315032958984	0.0008377022063518954	0.007982254028320312				
by_stage_kind	ckpt10_to_phase1f_ckpt2	ckpt10_to_phase1f_ckpt2	features.5.4	norm	4	1536	0.0008207032172764026	0.0229867306280197	28.008578672694608	0.0012798571830569454	0.0040313005447387695				
by_stage_kind	ckpt10_to_phase1f_ckpt2	ckpt10_to_phase1f_ckpt2	features.2	norm	2	768	0.00080809769498592	0.012906489145720417	15.97144655380473	0.0008396194964519878	0.0025209784507751465				
by_stage_kind	ckpt10_to_phase1f_ckpt2	ckpt10_to_phase1f_ckpt2	features.5.0	relpos	1	2028	0.0007854393115942029	0.08434939384460449	107.391357421875	0.0007854393115942029	0.007150411605834961				
by_stage_kind	ckpt10_to_phase1f_ckpt2	ckpt10_to_phase1f_ckpt2	features.5.2	relpos	1	2028	0.0007622562414951837	0.054378822445869446	71.33929443359375	0.0007622562414951837	0.006306171417236328				
by_stage_kind	ckpt10_to_phase1f_ckpt2	ckpt10_to_phase1f_ckpt2	features.1.1	norm	4	384	0.0007407105736654722	0.019008659197317736	25.662735045419552	0.000892357120413058	0.0042781829833984375				
by_stage_kind	ckpt10_to_phase1f_ckpt2	ckpt10_to_phase1f_ckpt2	features.5.3	relpos	1	2028	0.0006806873657990634	0.049932997673749924	73.35672760009766	0.0006806873657990634	0.006623744964599609				
by_stage_kind	ckpt10_to_phase1f_ckpt2	ckpt10_to_phase1f_ckpt2	features.0.2	other	2	192	0.0006671056049277642	0.012761794264476803	19.13009600010583	0.0007727550164779329	0.005043745040893555				
by_stage_kind	ckpt10_to_phase1f_ckpt2	ckpt10_to_phase1f_ckpt2	features.1.1	relpos	1	507	0.0006604664823501266	0.027810009196400642	42.10661697387695	0.0006604664823501266	0.006396293640136719				
by_stage_kind	ckpt10_to_phase1f_ckpt2	ckpt10_to_phase1f_ckpt2	features.3.0	norm	4	768	0.000620512808160625	0.013377833784956598	21.559319338809896	0.0012382947289616415	0.0023890137672424316				
by_stage_kind	ckpt10_to_phase1f_ckpt2	ckpt10_to_phase1f_ckpt2	features.3.1	norm	4	768	0.0005787292619293085	0.014686589213236019	25.377305381579234	0.0009359281569829744	0.003253936767578125				
by_stage_kind	ckpt10_to_phase1f_ckpt2	ckpt10_to_phase1f_ckpt2	features.7.1	norm	4	3072	0.0005702536830435405	0.04041050146855432	70.8640779887236	0.0015855418083728396	0.007923603057861328				
by_stage_kind	ckpt10_to_phase1f_ckpt2	ckpt10_to_phase1f_ckpt2	features.7.0	norm	4	3072	0.0005699279640786334	0.03724285503466819	65.34660059166664	0.0020465568284725026	0.0069921016693115234				
by_stage_kind	ckpt10_to_phase1f_ckpt2	ckpt10_to_phase1f_ckpt2	features.5.1	relpos	1	2028	0.000543356523619371	0.050596270710229874	93.11799621582031	0.000543356523619371	0.004955410957336426				
by_stage_kind	ckpt10_to_phase1f_ckpt2	ckpt10_to_phase1f_ckpt2	norm	norm	2	1536	0.0003157053076905712	0.01707331934849493	54.07992495719716	0.001124938758294229	0.005527496337890625				
by_stage_kind	ckpt10_to_phase1f_ckpt2	ckpt10_to_phase1f_ckpt2	features.0.0	act_quant	2	4	3.061547381738455e-05	3.063252734136768e-05	1.0005570230297545	0.0009176367261650217	2.7192756533622742e-05				
by_stage_kind	ckpt10_to_phase1f_ckpt2	ckpt10_to_phase1f_ckpt2	features.1.0	other	3	2593	0.0	0.0	4495.208488868842	0.0	0.0				
by_stage_kind	ckpt10_to_phase1f_ckpt2	ckpt10_to_phase1f_ckpt2	features.1.0	weight_quant	5	5	0.0	0.0	4.47213595499958	0.0	0.0				
by_stage_kind	ckpt10_to_phase1f_ckpt2	ckpt10_to_phase1f_ckpt2	features.1.1	other	3	2593	0.0	0.0	4495.205195400259	0.0	0.0				
by_stage_kind	ckpt10_to_phase1f_ckpt2	ckpt10_to_phase1f_ckpt2	features.1.1	weight_quant	5	5	0.0	0.0	4.47213595499958	0.0	0.0				
by_stage_kind	ckpt10_to_phase1f_ckpt2	ckpt10_to_phase1f_ckpt2	features.2	weight_quant	1	1	0.0	0.0	2.0	0.0	0.0				
by_stage_kind	ckpt10_to_phase1f_ckpt2	ckpt10_to_phase1f_ckpt2	features.3.0	other	3	2785	0.0	0.0	4495.208599502967	0.0	0.0				
by_stage_kind	ckpt10_to_phase1f_ckpt2	ckpt10_to_phase1f_ckpt2	features.3.0	weight_quant	5	5	0.0	0.0	4.47213595499958	0.0	0.0				
by_stage_kind	ckpt10_to_phase1f_ckpt2	ckpt10_to_phase1f_ckpt2	features.3.1	other	3	2785	0.0	0.0	4495.20727139333	0.0	0.0				
by_stage_kind	ckpt10_to_phase1f_ckpt2	ckpt10_to_phase1f_ckpt2	features.3.1	weight_quant	5	5	0.0	0.0	4.47213595499958	0.0	0.0				
by_stage_kind	ckpt10_to_phase1f_ckpt2	ckpt10_to_phase1f_ckpt2	features.4	weight_quant	1	1	0.0	0.0	2.0	0.0	0.0				
by_stage_kind	ckpt10_to_phase1f_ckpt2	ckpt10_to_phase1f_ckpt2	features.5.0	other	3	3169	0.0	0.0	4495.2137580994595	0.0	0.0				
by_stage_kind	ckpt10_to_phase1f_ckpt2	ckpt10_to_phase1f_ckpt2	features.5.0	weight_quant	5	5	0.0	0.0	4.47213595499958	0.0	0.0				
by_stage_kind	ckpt10_to_phase1f_ckpt2	ckpt10_to_phase1f_ckpt2	features.5.1	other	3	3169	0.0	0.0	4495.2121630476095	0.0	0.0				
by_stage_kind	ckpt10_to_phase1f_ckpt2	ckpt10_to_phase1f_ckpt2	features.5.1	weight_quant	5	5	0.0	0.0	4.47213595499958	0.0	0.0				
by_stage_kind	ckpt10_to_phase1f_ckpt2	ckpt10_to_phase1f_ckpt2	features.5.2	other	3	3169	0.0	0.0	4495.211867471881	0.0	0.0				
by_stage_kind	ckpt10_to_phase1f_ckpt2	ckpt10_to_phase1f_ckpt2	features.5.2	weight_quant	5	5	0.0	0.0	4.47213595499958	0.0	0.0				
by_stage_kind	ckpt10_to_phase1f_ckpt2	ckpt10_to_phase1f_ckpt2	features.5.3	other	3	3169	0.0	0.0	4495.212603410214	0.0	0.0				
by_stage_kind	ckpt10_to_phase1f_ckpt2	ckpt10_to_phase1f_ckpt2	features.5.3	weight_quant	5	5	0.0	0.0	4.47213595499958	0.0	0.0				
by_stage_kind	ckpt10_to_phase1f_ckpt2	ckpt10_to_phase1f_ckpt2	features.5.4	other	3	3169	0.0	0.0	4495.214965424923	0.0	0.0				
by_stage_kind	ckpt10_to_phase1f_ckpt2	ckpt10_to_phase1f_ckpt2	features.5.4	weight_quant	5	5	0.0	0.0	4.47213595499958	0.0	0.0				
by_stage_kind	ckpt10_to_phase1f_ckpt2	ckpt10_to_phase1f_ckpt2	features.5.5	other	3	3169	0.0	0.0	4495.214366516368	0.0	0.0				
by_stage_kind	ckpt10_to_phase1f_ckpt2	ckpt10_to_phase1f_ckpt2	features.5.5	weight_quant	5	5	0.0	0.0	4.47213595499958	0.0	0.0				
by_stage_kind	ckpt10_to_phase1f_ckpt2	ckpt10_to_phase1f_ckpt2	features.6	weight_quant	1	1	0.0	0.0	2.0	0.0	0.0				
by_stage_kind	ckpt10_to_phase1f_ckpt2	ckpt10_to_phase1f_ckpt2	features.7.0	other	3	3937	0.0	0.0	4495.258209021142	0.0	0.0				
by_stage_kind	ckpt10_to_phase1f_ckpt2	ckpt10_to_phase1f_ckpt2	features.7.0	weight_quant	5	5	0.0	0.0	4.47213595499958	0.0	0.0				
by_stage_kind	ckpt10_to_phase1f_ckpt2	ckpt10_to_phase1f_ckpt2	features.7.1	other	3	3937	0.0	0.0	4495.248245917431	0.0	0.0				
by_stage_kind	ckpt10_to_phase1f_ckpt2	ckpt10_to_phase1f_ckpt2	features.7.1	weight_quant	5	5	0.0	0.0	4.47213595499958	0.0	0.0				
by_module_kind	ckpt10_to_phase1f_ckpt2	ckpt10_to_phase1f_ckpt2	features.0.0.lsqw_fn	weight_quant	1	96	0.498414553633656	0.013391106389462948	0.02686740644276142	0.498414553633656	0.008485494181513786				
by_module_kind	ckpt10_to_phase1f_ckpt2	ckpt10_to_phase1f_ckpt2	head.lsqw_fn	weight_quant	1	1000	0.4897522300686167	0.028303764760494232	0.05779200792312622	0.4897522300686167	0.005955900996923447				
by_module_kind	ckpt10_to_phase1f_ckpt2	ckpt10_to_phase1f_ckpt2	features.0.0.move_b4	move_shift	1	50176	0.45503995127929675	0.32261496782302856	0.7089816331863403	0.45503995127929675	0.006427817512303591				
by_module_kind	ckpt10_to_phase1f_ckpt2	ckpt10_to_phase1f_ckpt2	features.0.0.move_aft	move_shift	1	50176	0.45229836303745036	0.3224673271179199	0.7129526734352112	0.45229836303745036	0.0064786272123456				
by_module_kind	ckpt10_to_phase1f_ckpt2	ckpt10_to_phase1f_ckpt2	features.5.5.attn.move_v_aft	move_shift	1	384	0.23199960204243314	0.031047392636537552	0.13382519781589508	0.23199960204243314	0.003354261163622141				
by_module_kind	ckpt10_to_phase1f_ckpt2	ckpt10_to_phase1f_ckpt2	features.5.5.attn.move_v_b4	move_shift	1	384	0.2048079008687401	0.03116549365222454	0.1521693915128708	0.2048079008687401	0.003304770216345787				
by_module_kind	ckpt10_to_phase1f_ckpt2	ckpt10_to_phase1f_ckpt2	features.5.5.attn.proj.move_b4	move_shift	1	384	0.1957017167446753	0.031879451125860214	0.16289816796779633	0.1957017167446753	0.003171768505126238				
by_module_kind	ckpt10_to_phase1f_ckpt2	ckpt10_to_phase1f_ckpt2	features.5.5.attn.proj.move_aft	move_shift	1	384	0.18501204845915253	0.03167172893881798	0.1711873859167099	0.18501204845915253	0.003172124270349741				
by_module_kind	ckpt10_to_phase1f_ckpt2	ckpt10_to_phase1f_ckpt2	features.7.1.attn.move_v_aft	move_shift	1	768	0.15910943162450247	0.04519040882587433	0.28402093052864075	0.15910943162450247	0.003125582356005907				
by_module_kind	ckpt10_to_phase1f_ckpt2	ckpt10_to_phase1f_ckpt2	features.7.1.attn.move_v_b4	move_shift	1	768	0.13953318440671406	0.04550633206963539	0.3261326849460602	0.13953318440671406	0.003388242796063423				
by_module_kind	ckpt10_to_phase1f_ckpt2	ckpt10_to_phase1f_ckpt2	features.7.1.attn.proj.move_b4	move_shift	1	768	0.12562674340925786	0.04500351473689079	0.35823196172714233	0.12562674340925786	0.003266517072916031				
by_module_kind	ckpt10_to_phase1f_ckpt2	ckpt10_to_phase1f_ckpt2	features.7.1.attn.proj.move_aft	move_shift	1	768	0.10601879284280973	0.044866010546684265	0.4231892228126526	0.10601879284280973	0.003266517072916031				
by_module_kind	ckpt10_to_phase1f_ckpt2	ckpt10_to_phase1f_ckpt2	features.5.5.attn.quant_x_4_qkv	act_quant	2	768	0.07253253067216599	0.04724177488931854	0.6513184422427349	0.0740406056700365	0.0034574363380670547				
by_module_kind	ckpt10_to_phase1f_ckpt2	ckpt10_to_phase1f_ckpt2	features.7.1.attn.quant_x_4_qkv	act_quant	2	1536	0.061083909776835234	0.05641195077844315	0.9235157177158325	0.06118558589813319	0.004213988780975342				
by_module_kind	ckpt10_to_phase1f_ckpt2	ckpt10_to_phase1f_ckpt2	features.7.0.mlp.fc2.move_b4	move_shift	1	3072	0.050972762112289016	0.033507656306028366	0.6573639512062073	0.050972762112289016	0.004919581115245819				
by_module_kind	ckpt10_to_phase1f_ckpt2	ckpt10_to_phase1f_ckpt2	features.5.5.mlp.fc1.move_aft	move_shift	1	384	0.04689441832535999	0.03655918315052986	0.779606282711029	0.04689441832535999	0.003999002277851105				
by_module_kind	ckpt10_to_phase1f_ckpt2	ckpt10_to_phase1f_ckpt2	features.5.4.mlp.fc2.input_quant_fn	act_quant	1	14	0.04390028420699576	0.03945241868495941	0.8986825346946716	0.04390028420699576	0.02688160538673401				
by_module_kind	ckpt10_to_phase1f_ckpt2	ckpt10_to_phase1f_ckpt2	features.5.5.mlp.fc2.move_aft	move_shift	1	1536	0.04347942509206247	0.06426405906677246	1.4780337810516357	0.04347942509206247	0.0030777379870414734				
by_module_kind	ckpt10_to_phase1f_ckpt2	ckpt10_to_phase1f_ckpt2	features.7.1.mlp.fc2.move_b4	move_shift	1	3072	0.04288384233209348	0.08834637701511383	2.0601320266723633	0.04288384233209348	0.005782073363661766				
by_module_kind	ckpt10_to_phase1f_ckpt2	ckpt10_to_phase1f_ckpt2	features.7.1.mlp.fc1.move_aft	move_shift	1	768	0.04096145037533206	0.05402699112892151	1.3189716339111328	0.04096145037533206	0.005330033600330353				
by_module_kind	ckpt10_to_phase1f_ckpt2	ckpt10_to_phase1f_ckpt2	features.1.0.attn.quan_a_softmax_fn	act_quant	1	49	0.039247620094032945	0.004869036842137575	0.12405941635370255	0.039247620094032945	0.00222631823271513				
by_module_kind	ckpt10_to_phase1f_ckpt2	ckpt10_to_phase1f_ckpt2	features.1.1.attn.quan_a_softmax_fn	act_quant	1	49	0.039158394998174986	0.00765905249863863	0.19559158384799957	0.039158394998174986	0.003539539873600006				
by_module_kind	ckpt10_to_phase1f_ckpt2	ckpt10_to_phase1f_ckpt2	features.7.1.mlp.fc1.move_b4	move_shift	1	768	0.038559491568163774	0.052589647471904755	1.363857388496399	0.038559491568163774	0.005279451608657837				
by_module_kind	ckpt10_to_phase1f_ckpt2	ckpt10_to_phase1f_ckpt2	features.7.1.mlp.fc2.move_aft	move_shift	1	3072	0.0347528024147555	0.09229058027267456	2.655629873275757	0.0347528024147555	0.006584763526916504				
by_module_kind	ckpt10_to_phase1f_ckpt2	ckpt10_to_phase1f_ckpt2	features.5.5.mlp.fc1.move_b4	move_shift	1	384	0.03236167832538999	0.03888567164540291	1.2015962600708008	0.03236167832538999	0.006075918674468994				
by_module_kind	ckpt10_to_phase1f_ckpt2	ckpt10_to_phase1f_ckpt2	features.5.1.attn.move_v_aft	move_shift	1	384	0.03156359796482983	0.0051172710955142975	0.16212572157382965	0.03156359796482983	0.0008049961179494858				
by_module_kind	ckpt10_to_phase1f_ckpt2	ckpt10_to_phase1f_ckpt2	features.5.4.attn.move_v_aft	move_shift	1	384	0.031458408124424395	0.004422633443027735	0.14058668911457062	0.031458408124424395	0.0007481426000595093				
by_module_kind	ckpt10_to_phase1f_ckpt2	ckpt10_to_phase1f_ckpt2	features.7.0.attn.move_v_aft	move_shift	1	768	0.03131802329709143	0.008032377809286118	0.25647780299186707	0.03131802329709143	0.0013512149453163147				
by_module_kind	ckpt10_to_phase1f_ckpt2	ckpt10_to_phase1f_ckpt2	features.5.2.attn.quan_a_softmax_fn	act_quant	1	49	0.030400944733323734	0.0067999837920069695	0.22367672622203827	0.030400944733323734	0.002347046509385109				
by_module_kind	ckpt10_to_phase1f_ckpt2	ckpt10_to_phase1f_ckpt2	features.5.0.attn.move_v_aft	move_shift	1	384	0.030222849036627638	0.006459262687712908	0.2137211710214615	0.030222849036627638	0.0010301265865564346				
by_module_kind	ckpt10_to_phase1f_ckpt2	ckpt10_to_phase1f_ckpt2	features.5.3.attn.move_v_aft	move_shift	1	384	0.029758742335243858	0.0045736790634691715	0.15369194746017456	0.029758742335243858	0.0006732866168022156				
by_module_kind	ckpt10_to_phase1f_ckpt2	ckpt10_to_phase1f_ckpt2	features.7.0.attn.quan_a_softmax_fn	act_quant	1	49	0.029711120507176506	0.007007332984358072	0.2358488291501999	0.029711120507176506	0.002520298585295677				
by_module_kind	ckpt10_to_phase1f_ckpt2	ckpt10_to_phase1f_ckpt2	features.5.4.attn.move_v_b4	move_shift	1	384	0.029280950364861977	0.004680317360907793	0.15984171628952026	0.029280950364861977	0.0008999761193990707				
by_module_kind	ckpt10_to_phase1f_ckpt2	ckpt10_to_phase1f_ckpt2	features.5.2.attn.move_v_aft	move_shift	1	384	0.029277503279199788	0.004593913909047842	0.15690934658050537	0.029277503279199788	0.0008857781067490578				
by_module_kind	ckpt10_to_phase1f_ckpt2	ckpt10_to_phase1f_ckpt2	features.7.0.attn.proj.move_b4	move_shift	1	768	0.029179349588167935	0.008824252523481846	0.30241429805755615	0.029179349588167935	0.0012396262027323246				
by_module_kind	ckpt10_to_phase1f_ckpt2	ckpt10_to_phase1f_ckpt2	features.5.0.attn.move_v_b4	move_shift	1	384	0.028476521816788617	0.006675723008811474	0.2344290167093277	0.028476521816788617	0.001079590991139412				
by_module_kind	ckpt10_to_phase1f_ckpt2	ckpt10_to_phase1f_ckpt2	features.5.1.attn.move_v_b4	move_shift	1	384	0.028450137686706622	0.005410607438534498	0.19017860293388367	0.028450137686706622	0.0008848682045936584				
by_module_kind	ckpt10_to_phase1f_ckpt2	ckpt10_to_phase1f_ckpt2	features.5.3.attn.move_v_b4	move_shift	1	384	0.02826207059073347	0.0048867808654904366	0.17290951311588287	0.02826207059073347	0.00068710558116436				
by_module_kind	ckpt10_to_phase1f_ckpt2	ckpt10_to_phase1f_ckpt2	features.5.2.attn.move_v_b4	move_shift	1	384	0.02805857709540265	0.004892534110695124	0.17436857521533966	0.02805857709540265	0.0009639021009206772				
by_module_kind	ckpt10_to_phase1f_ckpt2	ckpt10_to_phase1f_ckpt2	features.7.0.attn.move_v_b4	move_shift	1	768	0.027949043629230324	0.009034487418830395	0.3232485353946686	0.027949043629230324	0.0014676712453365326				
by_module_kind	ckpt10_to_phase1f_ckpt2	ckpt10_to_phase1f_ckpt2	features.3.1.attn.quan_a_softmax_fn	act_quant	1	49	0.027504147558276074	0.00843045860528946	0.3065159022808075	0.027504147558276074	0.004983630031347275				
by_module_kind	ckpt10_to_phase1f_ckpt2	ckpt10_to_phase1f_ckpt2	features.6.reduction.move_aft	move_shift	1	1536	0.026381359318198943	0.009662835858762264	0.3662751317024231	0.026381359318198943	0.0008545611053705215				
by_module_kind	ckpt10_to_phase1f_ckpt2	ckpt10_to_phase1f_ckpt2	features.5.4.attn.quan_a_softmax_fn	act_quant	1	49	0.026083988490516942	0.006847116630524397	0.26250267028808594	0.026083988490516942	0.002157442271709442				
by_module_kind	ckpt10_to_phase1f_ckpt2	ckpt10_to_phase1f_ckpt2	features.1.1.attn.proj.move_b4	move_shift	1	96	0.025871301947175393	0.0037626149132847786	0.1454358547925949	0.025871301947175393	0.0014491667971014977				
by_module_kind	ckpt10_to_phase1f_ckpt2	ckpt10_to_phase1f_ckpt2	features.7.0.attn.proj.move_aft	move_shift	1	768	0.025445827941071034	0.009466542862355709	0.37202730774879456	0.025445827941071034	0.0012363111600279808				
by_module_kind	ckpt10_to_phase1f_ckpt2	ckpt10_to_phase1f_ckpt2	features.5.3.attn.quan_a_softmax_fn	act_quant	1	49	0.025201375156173225	0.0077878073789179325	0.3090231120586395	0.025201375156173225	0.0023976191878318787				
by_module_kind	ckpt10_to_phase1f_ckpt2	ckpt10_to_phase1f_ckpt2	features.6.reduction.move_b4	move_shift	1	1536	0.02468457067967734	0.009878823533654213	0.40020236372947693	0.02468457067967734	0.0010653436183929443				
by_module_kind	ckpt10_to_phase1f_ckpt2	ckpt10_to_phase1f_ckpt2	features.5.0.attn.proj.move_b4	move_shift	1	384	0.02449924226536529	0.006224936805665493	0.2540869116783142	0.02449924226536529	0.0012143664062023163				
by_module_kind	ckpt10_to_phase1f_ckpt2	ckpt10_to_phase1f_ckpt2	features.1.1.attn.move_v_aft	move_shift	1	96	0.023186261217984377	0.003617760958150029	0.15603037178516388	0.023186261217984377	0.0011006437707692385				
by_module_kind	ckpt10_to_phase1f_ckpt2	ckpt10_to_phase1f_ckpt2	features.5.1.attn.quan_a_softmax_fn	act_quant	1	49	0.02312625723243685	0.007425040937960148	0.32106539607048035	0.02312625723243685	0.003013037145137787				
by_module_kind	ckpt10_to_phase1f_ckpt2	ckpt10_to_phase1f_ckpt2	features.5.3.attn.proj.move_b4	move_shift	1	384	0.022458225260723122	0.004589880350977182	0.20437413454055786	0.022458225260723122	0.0007466264069080353				
by_module_kind	ckpt10_to_phase1f_ckpt2	ckpt10_to_phase1f_ckpt2	features.1.1.attn.move_qkx_aft	move_shift	1	288	0.0222934106375026	0.024501260370016098	1.0990359783172607	0.0222934106375026	0.004943124949932098				
by_module_kind	ckpt10_to_phase1f_ckpt2	ckpt10_to_phase1f_ckpt2	features.5.2.attn.move_qkx_b4	move_shift	1	4608	0.02167418995483507	0.11738026887178421	5.415670394897461	0.02167418995483507	0.007086507976055145				
by_module_kind	ckpt10_to_phase1f_ckpt2	ckpt10_to_phase1f_ckpt2	features.5.1.attn.proj.move_b4	move_shift	1	384	0.0216173675875907	0.004925497341901064	0.227849081158638	0.0216173675875907	0.0007643226999789476				
by_module_kind	ckpt10_to_phase1f_ckpt2	ckpt10_to_phase1f_ckpt2	features.7.0.attn.quant_x_4_qkv	act_quant	2	1536	0.021378549311444724	0.014952803962531984	0.699430244059039	0.022409701670004417	0.0029865801334381104				
by_module_kind	ckpt10_to_phase1f_ckpt2	ckpt10_to_phase1f_ckpt2	features.5.4.attn.move_qkx_b4	move_shift	1	4608	0.021032136442608138	0.11944318562746048	5.679080009460449	0.021032136442608138	0.006075643002986908				
by_module_kind	ckpt10_to_phase1f_ckpt2	ckpt10_to_phase1f_ckpt2	features.3.0.attn.move_v_aft	move_shift	1	192	0.02097356143744633	0.005150406621396542	0.24556662142276764	0.02097356143744633	0.0013076327741146088				
by_module_kind	ckpt10_to_phase1f_ckpt2	ckpt10_to_phase1f_ckpt2	features.5.2.attn.proj.move_b4	move_shift	1	384	0.02078675697450417	0.004537791479378939	0.21830204129219055	0.02078675697450417	0.0008710660040378571				
by_module_kind	ckpt10_to_phase1f_ckpt2	ckpt10_to_phase1f_ckpt2	features.3.0.attn.move_qkx_aft	move_shift	1	1152	0.020700801916902056	0.04037599638104439	1.950455665588379	0.020700801916902056	0.004135709255933762				
by_module_kind	ckpt10_to_phase1f_ckpt2	ckpt10_to_phase1f_ckpt2	features.3.1.attn.move_v_aft	move_shift	1	192	0.020625521188383938	0.003386345924809575	0.16418232023715973	0.020625521188383938	0.0014148429036140442				
by_module_kind	ckpt10_to_phase1f_ckpt2	ckpt10_to_phase1f_ckpt2	features.5.3.attn.proj.move_aft	move_shift	1	384	0.020571608545515367	0.004572617821395397	0.22227808833122253	0.020571608545515367	0.0007831249386072159				
by_module_kind	ckpt10_to_phase1f_ckpt2	ckpt10_to_phase1f_ckpt2	features.5.3.attn.move_qkx_b4	move_shift	1	4608	0.02054381720060169	0.11674074828624725	5.682524681091309	0.02054381720060169	0.006212420761585236				
by_module_kind	ckpt10_to_phase1f_ckpt2	ckpt10_to_phase1f_ckpt2	features.3.1.attn.move_qkx_aft	move_shift	1	1152	0.020487550069481986	0.04544921964406967	2.2183823585510254	0.020487550069481986	0.004508540034294128				
by_module_kind	ckpt10_to_phase1f_ckpt2	ckpt10_to_phase1f_ckpt2	features.1.1.attn.move_v_b4	move_shift	1	96	0.020396314119071352	0.003815144533291459	0.1870506852865219	0.020396314119071352	0.0011040607932955027				
by_module_kind	ckpt10_to_phase1f_ckpt2	ckpt10_to_phase1f_ckpt2	features.3.0.attn.proj.move_b4	move_shift	1	192	0.02030308976319936	0.00511778611689806	0.2520693242549896	0.02030308976319936	0.0013761892914772034				
by_module_kind	ckpt10_to_phase1f_ckpt2	ckpt10_to_phase1f_ckpt2	features.5.1.attn.move_qkx_b4	move_shift	1	4608	0.020287246199865393	0.11674103140830994	5.7544050216674805	0.020287246199865393	0.006262525916099548				
by_module_kind	ckpt10_to_phase1f_ckpt2	ckpt10_to_phase1f_ckpt2	features.5.0.attn.quan_a_softmax_fn	act_quant	1	49	0.020237799536970278	0.005491939373314381	0.27137038111686707	0.020237799536970278	0.0020003914833068848				
by_module_kind	ckpt10_to_phase1f_ckpt2	ckpt10_to_phase1f_ckpt2	features.5.5.attn.move_qkx_b4	move_shift	1	4608	0.020166959662823693	0.12732812762260437	6.313699722290039	0.020166959662823693	0.008129075169563293				
by_module_kind	ckpt10_to_phase1f_ckpt2	ckpt10_to_phase1f_ckpt2	features.7.1.attn.move_qkx_b4	move_shift	1	18432	0.019946243479202576	0.2343173623085022	11.747443199157715	0.019946243479202576	0.01129143312573433				
by_module_kind	ckpt10_to_phase1f_ckpt2	ckpt10_to_phase1f_ckpt2	features.5.3.attn.move_qkx_aft	move_shift	1	4608	0.01983493652521995	0.07228660583496094	3.6444082260131836	0.01983493652521995	0.0042754411697387695				
by_module_kind	ckpt10_to_phase1f_ckpt2	ckpt10_to_phase1f_ckpt2	features.5.5.attn.quan_a_softmax_fn	act_quant	1	49	0.01974248316256959	0.007255829870700836	0.3675236701965332	0.01974248316256959	0.0023580268025398254				
by_module_kind	ckpt10_to_phase1f_ckpt2	ckpt10_to_phase1f_ckpt2	features.3.1.attn.move_v_b4	move_shift	1	192	0.019720457534207505	0.0034617993514984846	0.17554356157779694	0.019720457534207505	0.0014798082411289215				
by_module_kind	ckpt10_to_phase1f_ckpt2	ckpt10_to_phase1f_ckpt2	features.5.1.attn.move_qkx_aft	move_shift	1	4608	0.019607425710904475	0.07117429375648499	3.6299662590026855	0.019607425710904475	0.004118509590625763				
by_module_kind	ckpt10_to_phase1f_ckpt2	ckpt10_to_phase1f_ckpt2	features.5.2.attn.move_qkx_aft	move_shift	1	4608	0.01955598623408137	0.07904908806085587	4.04219388961792	0.01955598623408137	0.004137363284826279				
by_module_kind	ckpt10_to_phase1f_ckpt2	ckpt10_to_phase1f_ckpt2	features.5.0.attn.move_qkx_b4	move_shift	1	4608	0.01946871103876828	0.1125839352607727	5.782814025878906	0.01946871103876828	0.00826607272028923				
by_module_kind	ckpt10_to_phase1f_ckpt2	ckpt10_to_phase1f_ckpt2	features.5.4.attn.move_qkx_aft	move_shift	1	4608	0.01946575076976167	0.0763891339302063	3.924283981323242	0.01946575076976167	0.004489220678806305				
by_module_kind	ckpt10_to_phase1f_ckpt2	ckpt10_to_phase1f_ckpt2	features.5.4.mlp.fc1.move_aft	move_shift	1	384	0.01913766956355479	0.017683211714029312	0.9240002632141113	0.01913766956355479	0.004729211330413818				
by_module_kind	ckpt10_to_phase1f_ckpt2	ckpt10_to_phase1f_ckpt2	features.5.0.attn.move_qkx_aft	move_shift	1	4608	0.019128440663219903	0.06602679193019867	3.4517602920532227	0.019128440663219903	0.0037269126623868942				
by_module_kind	ckpt10_to_phase1f_ckpt2	ckpt10_to_phase1f_ckpt2	features.7.0.attn.move_qkx_b4	move_shift	1	18432	0.018937944425941582	0.20855987071990967	11.01280403137207	0.018937944425941582	0.006784800440073013				
by_module_kind	ckpt10_to_phase1f_ckpt2	ckpt10_to_phase1f_ckpt2	features.3.0.mlp.fc1.move_aft	move_shift	1	192	0.018919808350915945	0.006394796539098024	0.337994784116745	0.018919808350915945	0.0015207305550575256				
top_params	ckpt10_to_phase1f_ckpt2					96	0.498414553633656	0.013391106389462948	0.02686740644276142		0.008485494181513786	features.0.0.lsqw_fn.s	weight_quant	features.0.0	features.0.0.lsqw_fn
top_params	ckpt10_to_phase1f_ckpt2					1000	0.4897522300686167	0.028303764760494232	0.05779200792312622		0.005955900996923447	head.lsqw_fn.s	weight_quant	head	head.lsqw_fn
top_params	ckpt10_to_phase1f_ckpt2					50176	0.45503995127929675	0.32261496782302856	0.7089816331863403		0.006427817512303591	features.0.0.move_b4.bias	move_shift	features.0.0	features.0.0.move_b4
top_params	ckpt10_to_phase1f_ckpt2					50176	0.45229836303745036	0.3224673271179199	0.7129526734352112		0.0064786272123456	features.0.0.move_aft.bias	move_shift	features.0.0	features.0.0.move_aft
top_params	ckpt10_to_phase1f_ckpt2					384	0.23199960204243314	0.031047392636537552	0.13382519781589508		0.003354261163622141	features.5.5.attn.move_v_aft.bias	move_shift	features.5.5	features.5.5.attn.move_v_aft
top_params	ckpt10_to_phase1f_ckpt2					384	0.2048079008687401	0.03116549365222454	0.1521693915128708		0.003304770216345787	features.5.5.attn.move_v_b4.bias	move_shift	features.5.5	features.5.5.attn.move_v_b4
top_params	ckpt10_to_phase1f_ckpt2					384	0.1957017167446753	0.031879451125860214	0.16289816796779633		0.003171768505126238	features.5.5.attn.proj.move_b4.bias	move_shift	features.5.5	features.5.5.attn.proj.move_b4
top_params	ckpt10_to_phase1f_ckpt2					384	0.18501204845915253	0.03167172893881798	0.1711873859167099		0.003172124270349741	features.5.5.attn.proj.move_aft.bias	move_shift	features.5.5	features.5.5.attn.proj.move_aft
top_params	ckpt10_to_phase1f_ckpt2					768	0.15910943162450247	0.04519040882587433	0.28402093052864075		0.003125582356005907	features.7.1.attn.move_v_aft.bias	move_shift	features.7.1	features.7.1.attn.move_v_aft
top_params	ckpt10_to_phase1f_ckpt2					768	0.13953318440671406	0.04550633206963539	0.3261326849460602		0.003388242796063423	features.7.1.attn.move_v_b4.bias	move_shift	features.7.1	features.7.1.attn.move_v_b4
top_params	ckpt10_to_phase1f_ckpt2					768	0.12562674340925786	0.04500351473689079	0.35823196172714233		0.003266517072916031	features.7.1.attn.proj.move_b4.bias	move_shift	features.7.1	features.7.1.attn.proj.move_b4
top_params	ckpt10_to_phase1f_ckpt2					768	0.10601879284280973	0.044866010546684265	0.4231892228126526		0.003266517072916031	features.7.1.attn.proj.move_aft.bias	move_shift	features.7.1	features.7.1.attn.proj.move_aft
top_params	ckpt10_to_phase1f_ckpt2					384	0.0740406056700365	0.033302128314971924	0.44978195428848267		0.0034574363380670547	features.5.5.attn.quant_x_4_qkv.move_aft.bias	act_quant	features.5.5	features.5.5.attn.quant_x_4_qkv
top_params	ckpt10_to_phase1f_ckpt2					384	0.07112985359401917	0.033507514744997025	0.47107526659965515		0.003452884964644909	features.5.5.attn.quant_x_4_qkv.move_b4.bias	act_quant	features.5.5	features.5.5.attn.quant_x_4_qkv
top_params	ckpt10_to_phase1f_ckpt2					768	0.06118558589813319	0.040124740451574326	0.655787467956543		0.004213988780975342	features.7.1.attn.quant_x_4_qkv.move_b4.bias	act_quant	features.7.1	features.7.1.attn.quant_x_4_qkv
top_params	ckpt10_to_phase1f_ckpt2					768	0.06098032040707751	0.03965240716934204	0.6502492427825928		0.003953039646148682	features.7.1.attn.quant_x_4_qkv.move_aft.bias	act_quant	features.7.1	features.7.1.attn.quant_x_4_qkv
top_params	ckpt10_to_phase1f_ckpt2					3072	0.050972762112289016	0.033507656306028366	0.6573639512062073		0.004919581115245819	features.7.0.mlp.fc2.move_b4.bias	move_shift	features.7.0	features.7.0.mlp.fc2.move_b4
top_params	ckpt10_to_phase1f_ckpt2					384	0.04689441832535999	0.03655918315052986	0.779606282711029		0.003999002277851105	features.5.5.mlp.fc1.move_aft.bias	move_shift	features.5.5	features.5.5.mlp.fc1.move_aft
top_params	ckpt10_to_phase1f_ckpt2					14	0.04390028420699576	0.03945241868495941	0.8986825346946716		0.02688160538673401	features.5.4.mlp.fc2.input_quant_fn.s	act_quant	features.5.4	features.5.4.mlp.fc2.input_quant_fn
top_params	ckpt10_to_phase1f_ckpt2					1536	0.04347942509206247	0.06426405906677246	1.4780337810516357		0.0030777379870414734	features.5.5.mlp.fc2.move_aft.bias	move_shift	features.5.5	features.5.5.mlp.fc2.move_aft
top_params	ckpt10_to_phase1f_ckpt2					3072	0.04288384233209348	0.08834637701511383	2.0601320266723633		0.005782073363661766	features.7.1.mlp.fc2.move_b4.bias	move_shift	features.7.1	features.7.1.mlp.fc2.move_b4
top_params	ckpt10_to_phase1f_ckpt2					768	0.04096145037533206	0.05402699112892151	1.3189716339111328		0.005330033600330353	features.7.1.mlp.fc1.move_aft.bias	move_shift	features.7.1	features.7.1.mlp.fc1.move_aft
top_params	ckpt10_to_phase1f_ckpt2					49	0.039247620094032945	0.004869036842137575	0.12405941635370255		0.00222631823271513	features.1.0.attn.quan_a_softmax_fn.s	act_quant	features.1.0	features.1.0.attn.quan_a_softmax_fn
top_params	ckpt10_to_phase1f_ckpt2					49	0.039158394998174986	0.00765905249863863	0.19559158384799957		0.003539539873600006	features.1.1.attn.quan_a_softmax_fn.s	act_quant	features.1.1	features.1.1.attn.quan_a_softmax_fn
top_params	ckpt10_to_phase1f_ckpt2					768	0.038559491568163774	0.052589647471904755	1.363857388496399		0.005279451608657837	features.7.1.mlp.fc1.move_b4.bias	move_shift	features.7.1	features.7.1.mlp.fc1.move_b4
top_params	ckpt10_to_phase1f_ckpt2					3072	0.0347528024147555	0.09229058027267456	2.655629873275757		0.006584763526916504	features.7.1.mlp.fc2.move_aft.bias	move_shift	features.7.1	features.7.1.mlp.fc2.move_aft
top_params	ckpt10_to_phase1f_ckpt2					384	0.03236167832538999	0.03888567164540291	1.2015962600708008		0.006075918674468994	features.5.5.mlp.fc1.move_b4.bias	move_shift	features.5.5	features.5.5.mlp.fc1.move_b4
top_params	ckpt10_to_phase1f_ckpt2					384	0.03156359796482983	0.0051172710955142975	0.16212572157382965		0.0008049961179494858	features.5.1.attn.move_v_aft.bias	move_shift	features.5.1	features.5.1.attn.move_v_aft
top_params	ckpt10_to_phase1f_ckpt2					384	0.031458408124424395	0.004422633443027735	0.14058668911457062		0.0007481426000595093	features.5.4.attn.move_v_aft.bias	move_shift	features.5.4	features.5.4.attn.move_v_aft
top_params	ckpt10_to_phase1f_ckpt2					768	0.03131802329709143	0.008032377809286118	0.25647780299186707		0.0013512149453163147	features.7.0.attn.move_v_aft.bias	move_shift	features.7.0	features.7.0.attn.move_v_aft
top_params	ckpt10_to_phase1f_ckpt2					49	0.030400944733323734	0.0067999837920069695	0.22367672622203827		0.002347046509385109	features.5.2.attn.quan_a_softmax_fn.s	act_quant	features.5.2	features.5.2.attn.quan_a_softmax_fn
top_params	ckpt10_to_phase1f_ckpt2					384	0.030222849036627638	0.006459262687712908	0.2137211710214615		0.0010301265865564346	features.5.0.attn.move_v_aft.bias	move_shift	features.5.0	features.5.0.attn.move_v_aft
top_params	ckpt10_to_phase1f_ckpt2					384	0.029758742335243858	0.0045736790634691715	0.15369194746017456		0.0006732866168022156	features.5.3.attn.move_v_aft.bias	move_shift	features.5.3	features.5.3.attn.move_v_aft
top_params	ckpt10_to_phase1f_ckpt2					49	0.029711120507176506	0.007007332984358072	0.2358488291501999		0.002520298585295677	features.7.0.attn.quan_a_softmax_fn.s	act_quant	features.7.0	features.7.0.attn.quan_a_softmax_fn
top_params	ckpt10_to_phase1f_ckpt2					384	0.029280950364861977	0.004680317360907793	0.15984171628952026		0.0008999761193990707	features.5.4.attn.move_v_b4.bias	move_shift	features.5.4	features.5.4.attn.move_v_b4
top_params	ckpt10_to_phase1f_ckpt2					384	0.029277503279199788	0.004593913909047842	0.15690934658050537		0.0008857781067490578	features.5.2.attn.move_v_aft.bias	move_shift	features.5.2	features.5.2.attn.move_v_aft
top_params	ckpt10_to_phase1f_ckpt2					768	0.029179349588167935	0.008824252523481846	0.30241429805755615		0.0012396262027323246	features.7.0.attn.proj.move_b4.bias	move_shift	features.7.0	features.7.0.attn.proj.move_b4
top_params	ckpt10_to_phase1f_ckpt2					384	0.028476521816788617	0.006675723008811474	0.2344290167093277		0.001079590991139412	features.5.0.attn.move_v_b4.bias	move_shift	features.5.0	features.5.0.attn.move_v_b4
top_params	ckpt10_to_phase1f_ckpt2					384	0.028450137686706622	0.005410607438534498	0.19017860293388367		0.0008848682045936584	features.5.1.attn.move_v_b4.bias	move_shift	features.5.1	features.5.1.attn.move_v_b4
top_params	ckpt10_to_phase1f_ckpt2					384	0.02826207059073347	0.0048867808654904366	0.17290951311588287		0.00068710558116436	features.5.3.attn.move_v_b4.bias	move_shift	features.5.3	features.5.3.attn.move_v_b4
top_params	ckpt10_to_phase1f_ckpt2					384	0.02805857709540265	0.004892534110695124	0.17436857521533966		0.0009639021009206772	features.5.2.attn.move_v_b4.bias	move_shift	features.5.2	features.5.2.attn.move_v_b4
top_params	ckpt10_to_phase1f_ckpt2					768	0.027949043629230324	0.009034487418830395	0.3232485353946686		0.0014676712453365326	features.7.0.attn.move_v_b4.bias	move_shift	features.7.0	features.7.0.attn.move_v_b4
top_params	ckpt10_to_phase1f_ckpt2					49	0.027504147558276074	0.00843045860528946	0.3065159022808075		0.004983630031347275	features.3.1.attn.quan_a_softmax_fn.s	act_quant	features.3.1	features.3.1.attn.quan_a_softmax_fn
top_params	ckpt10_to_phase1f_ckpt2					1536	0.026381359318198943	0.009662835858762264	0.3662751317024231		0.0008545611053705215	features.6.reduction.move_aft.bias	move_shift	features.6	features.6.reduction.move_aft
top_params	ckpt10_to_phase1f_ckpt2					49	0.026083988490516942	0.006847116630524397	0.26250267028808594		0.002157442271709442	features.5.4.attn.quan_a_softmax_fn.s	act_quant	features.5.4	features.5.4.attn.quan_a_softmax_fn
top_params	ckpt10_to_phase1f_ckpt2					96	0.025871301947175393	0.0037626149132847786	0.1454358547925949		0.0014491667971014977	features.1.1.attn.proj.move_b4.bias	move_shift	features.1.1	features.1.1.attn.proj.move_b4
top_params	ckpt10_to_phase1f_ckpt2					768	0.025445827941071034	0.009466542862355709	0.37202730774879456		0.0012363111600279808	features.7.0.attn.proj.move_aft.bias	move_shift	features.7.0	features.7.0.attn.proj.move_aft
top_params	ckpt10_to_phase1f_ckpt2					49	0.025201375156173225	0.0077878073789179325	0.3090231120586395		0.0023976191878318787	features.5.3.attn.quan_a_softmax_fn.s	act_quant	features.5.3	features.5.3.attn.quan_a_softmax_fn
top_params	ckpt10_to_phase1f_ckpt2					1536	0.02468457067967734	0.009878823533654213	0.40020236372947693		0.0010653436183929443	features.6.reduction.move_b4.bias	move_shift	features.6	features.6.reduction.move_b4
top_params	ckpt10_to_phase1f_ckpt2					384	0.02449924226536529	0.006224936805665493	0.2540869116783142		0.0012143664062023163	features.5.0.attn.proj.move_b4.bias	move_shift	features.5.0	features.5.0.attn.proj.move_b4
top_params	ckpt10_to_phase1f_ckpt2					96	0.023186261217984377	0.003617760958150029	0.15603037178516388		0.0011006437707692385	features.1.1.attn.move_v_aft.bias	move_shift	features.1.1	features.1.1.attn.move_v_aft
top_params	ckpt10_to_phase1f_ckpt2					49	0.02312625723243685	0.007425040937960148	0.32106539607048035		0.003013037145137787	features.5.1.attn.quan_a_softmax_fn.s	act_quant	features.5.1	features.5.1.attn.quan_a_softmax_fn
top_params	ckpt10_to_phase1f_ckpt2					384	0.022458225260723122	0.004589880350977182	0.20437413454055786		0.0007466264069080353	features.5.3.attn.proj.move_b4.bias	move_shift	features.5.3	features.5.3.attn.proj.move_b4
top_params	ckpt10_to_phase1f_ckpt2					768	0.022409701670004417	0.011357288807630539	0.5068023204803467		0.0029865801334381104	features.7.0.attn.quant_x_4_qkv.move_b4.bias	act_quant	features.7.0	features.7.0.attn.quant_x_4_qkv
top_params	ckpt10_to_phase1f_ckpt2					288	0.0222934106375026	0.024501260370016098	1.0990359783172607		0.004943124949932098	features.1.1.attn.move_qkx_aft.bias	move_shift	features.1.1	features.1.1.attn.move_qkx_aft
top_params	ckpt10_to_phase1f_ckpt2					4608	0.02167418995483507	0.11738026887178421	5.415670394897461		0.007086507976055145	features.5.2.attn.move_qkx_b4.bias	move_shift	features.5.2	features.5.2.attn.move_qkx_b4
top_params	ckpt10_to_phase1f_ckpt2					384	0.0216173675875907	0.004925497341901064	0.227849081158638		0.0007643226999789476	features.5.1.attn.proj.move_b4.bias	move_shift	features.5.1	features.5.1.attn.proj.move_b4
top_params	ckpt10_to_phase1f_ckpt2					4608	0.021032136442608138	0.11944318562746048	5.679080009460449		0.006075643002986908	features.5.4.attn.move_qkx_b4.bias	move_shift	features.5.4	features.5.4.attn.move_qkx_b4
top_params	ckpt10_to_phase1f_ckpt2					192	0.02097356143744633	0.005150406621396542	0.24556662142276764		0.0013076327741146088	features.3.0.attn.move_v_aft.bias	move_shift	features.3.0	features.3.0.attn.move_v_aft
top_params	ckpt10_to_phase1f_ckpt2					384	0.02078675697450417	0.004537791479378939	0.21830204129219055		0.0008710660040378571	features.5.2.attn.proj.move_b4.bias	move_shift	features.5.2	features.5.2.attn.proj.move_b4
top_params	ckpt10_to_phase1f_ckpt2					1152	0.020700801916902056	0.04037599638104439	1.950455665588379		0.004135709255933762	features.3.0.attn.move_qkx_aft.bias	move_shift	features.3.0	features.3.0.attn.move_qkx_aft
top_params	ckpt10_to_phase1f_ckpt2					192	0.020625521188383938	0.003386345924809575	0.16418232023715973		0.0014148429036140442	features.3.1.attn.move_v_aft.bias	move_shift	features.3.1	features.3.1.attn.move_v_aft
top_params	ckpt10_to_phase1f_ckpt2					384	0.020571608545515367	0.004572617821395397	0.22227808833122253		0.0007831249386072159	features.5.3.attn.proj.move_aft.bias	move_shift	features.5.3	features.5.3.attn.proj.move_aft
top_params	ckpt10_to_phase1f_ckpt2					4608	0.02054381720060169	0.11674074828624725	5.682524681091309		0.006212420761585236	features.5.3.attn.move_qkx_b4.bias	move_shift	features.5.3	features.5.3.attn.move_qkx_b4
top_params	ckpt10_to_phase1f_ckpt2					1152	0.020487550069481986	0.04544921964406967	2.2183823585510254		0.004508540034294128	features.3.1.attn.move_qkx_aft.bias	move_shift	features.3.1	features.3.1.attn.move_qkx_aft
top_params	ckpt10_to_phase1f_ckpt2					96	0.020396314119071352	0.003815144533291459	0.1870506852865219		0.0011040607932955027	features.1.1.attn.move_v_b4.bias	move_shift	features.1.1	features.1.1.attn.move_v_b4
top_params	ckpt10_to_phase1f_ckpt2					192	0.02030308976319936	0.00511778611689806	0.2520693242549896		0.0013761892914772034	features.3.0.attn.proj.move_b4.bias	move_shift	features.3.0	features.3.0.attn.proj.move_b4
top_params	ckpt10_to_phase1f_ckpt2					4608	0.020287246199865393	0.11674103140830994	5.7544050216674805		0.006262525916099548	features.5.1.attn.move_qkx_b4.bias	move_shift	features.5.1	features.5.1.attn.move_qkx_b4
top_params	ckpt10_to_phase1f_ckpt2					49	0.020237799536970278	0.005491939373314381	0.27137038111686707		0.0020003914833068848	features.5.0.attn.quan_a_softmax_fn.s	act_quant	features.5.0	features.5.0.attn.quan_a_softmax_fn
top_params	ckpt10_to_phase1f_ckpt2					768	0.020177465130911832	0.009726167656481266	0.4820311963558197		0.0011610835790634155	features.7.0.attn.quant_x_4_qkv.move_aft.bias	act_quant	features.7.0	features.7.0.attn.quant_x_4_qkv
top_params	ckpt10_to_phase1f_ckpt2					4608	0.020166959662823693	0.12732812762260437	6.313699722290039		0.008129075169563293	features.5.5.attn.move_qkx_b4.bias	move_shift	features.5.5	features.5.5.attn.move_qkx_b4
top_params	ckpt10_to_phase1f_ckpt2					18432	0.019946243479202576	0.2343173623085022	11.747443199157715		0.01129143312573433	features.7.1.attn.move_qkx_b4.bias	move_shift	features.7.1	features.7.1.attn.move_qkx_b4
top_params	ckpt10_to_phase1f_ckpt2					4608	0.01983493652521995	0.07228660583496094	3.6444082260131836		0.0042754411697387695	features.5.3.attn.move_qkx_aft.bias	move_shift	features.5.3	features.5.3.attn.move_qkx_aft
top_params	ckpt10_to_phase1f_ckpt2					49	0.01974248316256959	0.007255829870700836	0.3675236701965332		0.0023580268025398254	features.5.5.attn.quan_a_softmax_fn.s	act_quant	features.5.5	features.5.5.attn.quan_a_softmax_fn
top_params	ckpt10_to_phase1f_ckpt2					192	0.019720457534207505	0.0034617993514984846	0.17554356157779694		0.0014798082411289215	features.3.1.attn.move_v_b4.bias	move_shift	features.3.1	features.3.1.attn.move_v_b4
top_params	ckpt10_to_phase1f_ckpt2					4608	0.019607425710904475	0.07117429375648499	3.6299662590026855		0.004118509590625763	features.5.1.attn.move_qkx_aft.bias	move_shift	features.5.1	features.5.1.attn.move_qkx_aft
top_params	ckpt10_to_phase1f_ckpt2					4608	0.01955598623408137	0.07904908806085587	4.04219388961792		0.004137363284826279	features.5.2.attn.move_qkx_aft.bias	move_shift	features.5.2	features.5.2.attn.move_qkx_aft
top_params	ckpt10_to_phase1f_ckpt2					4608	0.01946871103876828	0.1125839352607727	5.782814025878906		0.00826607272028923	features.5.0.attn.move_qkx_b4.bias	move_shift	features.5.0	features.5.0.attn.move_qkx_b4
top_params	ckpt10_to_phase1f_ckpt2					4608	0.01946575076976167	0.0763891339302063	3.924283981323242		0.004489220678806305	features.5.4.attn.move_qkx_aft.bias	move_shift	features.5.4	features.5.4.attn.move_qkx_aft
top_params	ckpt10_to_phase1f_ckpt2					384	0.01913766956355479	0.017683211714029312	0.9240002632141113		0.004729211330413818	features.5.4.mlp.fc1.move_aft.bias	move_shift	features.5.4	features.5.4.mlp.fc1.move_aft
by_kind	phase1f_ckpt2_to_ckpt3	phase1f_ckpt2_to_ckpt3	move_shift		130	303872	0.008749038351881058	0.24743698716190102	28.281621043380344	0.19814169181047994	0.0038917064666748047				
by_kind	phase1f_ckpt2_to_ckpt3	phase1f_ckpt2_to_ckpt3	head		2	769000	0.004493919372668868	0.1985791304593086	44.188405263126825	0.00453366107379715	0.0012723281979560852				
by_kind	phase1f_ckpt2_to_ckpt3	phase1f_ckpt2_to_ckpt3	attn_qkv_weight		48	6474048	0.00439547574274459	0.6393700777284762	145.46095011077128	0.004817111198947752	0.0023025665432214737				
by_kind	phase1f_ckpt2_to_ckpt3	phase1f_ckpt2_to_ckpt3	attn_proj_weight		24	2160960	0.003981067351965002	0.312204641300428	78.42234599380188	0.004559029725875017	0.001853346824645996				
by_kind	phase1f_ckpt2_to_ckpt3	phase1f_ckpt2_to_ckpt3	mlp_weight		48	17274432	0.003775070538677334	0.9887721786810952	261.9215107507713	0.0050775269577795264	0.013611793518066406				
by_kind	phase1f_ckpt2_to_ckpt3	phase1f_ckpt2_to_ckpt3	act_quant		114	22360	0.0025445621925564536	0.0604651497717234	23.76249633379001	0.021709825914369207	0.006061524152755737				
by_kind	phase1f_ckpt2_to_ckpt3	phase1f_ckpt2_to_ckpt3	weight_quant		65	1159	0.0002782244596473241	0.004416692955620352	15.87456746692555	0.10240569557432362	0.0005669815000146627				
by_kind	phase1f_ckpt2_to_ckpt3	phase1f_ckpt2_to_ckpt3	relpos		12	23322	0.00026429577313143534	0.061634364807636864	233.20223428993643	0.000396346339817239	0.003417491912841797				
by_kind	phase1f_ckpt2_to_ckpt3	phase1f_ckpt2_to_ckpt3	norm		56	24576	0.00022218829889439844	0.030297395088175853	136.35909379087323	0.0008368937212706013	0.0022928714752197266				
by_kind	phase1f_ckpt2_to_ckpt3	phase1f_ckpt2_to_ckpt3	other		46	1592172	1.7045441426602743e-05	0.2654317425785638	15572.007549438154	0.004806152336993247	0.0014076530933380127				
by_stage_kind	phase1f_ckpt2_to_ckpt3	phase1f_ckpt2_to_ckpt3	features.0.0	move_shift	2	100352	0.19757779610837373	0.1811374845325688	0.9167906925797107	0.19814169181047994	0.0024099452421069145				
by_stage_kind	phase1f_ckpt2_to_ckpt3	phase1f_ckpt2_to_ckpt3	head	weight_quant	1	1000	0.10240569557432362	0.004034876357764006	0.03940089792013168	0.10240569557432362	0.00047981669194996357				
by_stage_kind	phase1f_ckpt2_to_ckpt3	phase1f_ckpt2_to_ckpt3	features.0.0	weight_quant	1	96	0.09744609654102632	0.0017963711870834231	0.018434511497616768	0.09744609654102632	0.0005669815000146627				
by_stage_kind	phase1f_ckpt2_to_ckpt3	phase1f_ckpt2_to_ckpt3	features.6	move_shift	2	3072	0.008755877131615483	0.004770498079770733	0.5448338308158241	0.009133374156801781	0.00032951589673757553				
by_stage_kind	phase1f_ckpt2_to_ckpt3	phase1f_ckpt2_to_ckpt3	features.5.2	move_shift	10	14592	0.0063809757984862065	0.049863068916363655	7.814332868680201	0.013484938096848887	0.002199321985244751				
by_stage_kind	phase1f_ckpt2_to_ckpt3	phase1f_ckpt2_to_ckpt3	features.5.1	move_shift	10	14592	0.006283461346713797	0.04872090273289609	7.753831852308084	0.014971391323871255	0.0021142009645700455				
by_stage_kind	phase1f_ckpt2_to_ckpt3	phase1f_ckpt2_to_ckpt3	features.5.3	move_shift	10	14592	0.006185109316568573	0.048256272329011675	7.802007993576368	0.012594254934365426	0.002015523612499237				
by_stage_kind	phase1f_ckpt2_to_ckpt3	phase1f_ckpt2_to_ckpt3	features.7.0	move_shift	10	47616	0.006151966080500886	0.07823237396077926	12.716645855500175	0.01895906804320498	0.00257168710231781				
by_stage_kind	phase1f_ckpt2_to_ckpt3	phase1f_ckpt2_to_ckpt3	features.5.4	move_shift	10	14592	0.006142374415204488	0.04906770367101514	7.988393470374536	0.012022778139659575	0.002039428800344467				
by_stage_kind	phase1f_ckpt2_to_ckpt3	phase1f_ckpt2_to_ckpt3	features.5.0	move_shift	10	14592	0.006011578297356505	0.04719115553669772	7.850044231720191	0.012772276476697975	0.0023517869412899017				
by_stage_kind	phase1f_ckpt2_to_ckpt3	phase1f_ckpt2_to_ckpt3	features.7.1	move_shift	10	47616	0.005893684245721399	0.07892053164817689	13.390695591720974	0.009866358538289382	0.0022999122738838196				
by_stage_kind	phase1f_ckpt2_to_ckpt3	phase1f_ckpt2_to_ckpt3	features.5.5	move_shift	10	14592	0.005617136782551757	0.04671653419600097	8.316787716673431	0.012232916364742377	0.0023717284202575684				
by_stage_kind	phase1f_ckpt2_to_ckpt3	phase1f_ckpt2_to_ckpt3	features.3.1	move_shift	10	4992	0.005494573034695844	0.027449314470905088	4.995713824818521	0.007681190481645254	0.0019691698253154755				
by_stage_kind	phase1f_ckpt2_to_ckpt3	phase1f_ckpt2_to_ckpt3	features.2	move_shift	2	768	0.005469008935008103	0.002943919939003008	0.5382913017673916	0.005576567368469028	0.00043730903416872025				
by_stage_kind	phase1f_ckpt2_to_ckpt3	phase1f_ckpt2_to_ckpt3	head	move_shift	2	1536	0.005437555823355352	0.004522042728747853	0.8316315042366659	0.005475929356676695	0.0006258091889321804				
by_stage_kind	phase1f_ckpt2_to_ckpt3	phase1f_ckpt2_to_ckpt3	features.3.0	move_shift	10	4992	0.005231456808830166	0.02649950961235842	5.065416877308429	0.008153081930288731	0.002149820327758789				
by_stage_kind	phase1f_ckpt2_to_ckpt3	phase1f_ckpt2_to_ckpt3	features.4	move_shift	2	1536	0.0048198457091561085	0.003225217284326055	0.6691536366401132	0.00505088996222954	0.00031572161242365837				
by_stage_kind	phase1f_ckpt2_to_ckpt3	phase1f_ckpt2_to_ckpt3	features.4	other	2	295296	0.004805708124810584	0.1185858501486543	24.676040880724177	0.004806152336993247	0.0011179037392139435				
by_stage_kind	phase1f_ckpt2_to_ckpt3	phase1f_ckpt2_to_ckpt3	features.7.0	attn_qkv_weight	4	1770240	0.0047166827159846976	0.33642165931377377	71.32590415158747	0.004774608480996272	0.0013469792902469635				
by_stage_kind	phase1f_ckpt2_to_ckpt3	phase1f_ckpt2_to_ckpt3	features.6	other	2	1180416	0.004684560955475353	0.23095029508632103	49.30030738876061	0.004684629212445475	0.0011703111231327057				
by_stage_kind	phase1f_ckpt2_to_ckpt3	phase1f_ckpt2_to_ckpt3	features.1.0	move_shift	10	1920	0.004504505992887583	0.01731099643628724	3.8430399390345014	0.00625891388768176	0.0038917064666748047				
by_stage_kind	phase1f_ckpt2_to_ckpt3	phase1f_ckpt2_to_ckpt3	head	head	2	769000	0.004493919372668868	0.1985791304593086	44.188405263126825	0.00453366107379715	0.0012723281979560852				
by_stage_kind	phase1f_ckpt2_to_ckpt3	phase1f_ckpt2_to_ckpt3	features.5.4	attn_qkv_weight	4	442752	0.004475182252226844	0.16648204116663906	37.201175680341926	0.004817111198947752	0.0012885704636573792				
by_stage_kind	phase1f_ckpt2_to_ckpt3	phase1f_ckpt2_to_ckpt3	features.5.1	attn_proj_weight	2	147840	0.004426178407047345	0.07656733798982983	17.298746446351913	0.0045220040884129155	0.0010578297078609467				
by_stage_kind	phase1f_ckpt2_to_ckpt3	phase1f_ckpt2_to_ckpt3	features.5.2	attn_qkv_weight	4	442752	0.004409558562262395	0.16828874566696517	38.16453354474148	0.004487577845291824	0.0013702940195798874				
by_stage_kind	phase1f_ckpt2_to_ckpt3	phase1f_ckpt2_to_ckpt3	features.5.0	attn_qkv_weight	4	442752	0.004404429860446308	0.1670207429848622	37.92108133785509	0.004520869056610259	0.0013104286044836044				
by_stage_kind	phase1f_ckpt2_to_ckpt3	phase1f_ckpt2_to_ckpt3	features.7.1	attn_qkv_weight	4	1770240	0.004379771882808623	0.325680932453664	74.36025006964839	0.004445149400480693	0.001401115208864212				
by_stage_kind	phase1f_ckpt2_to_ckpt3	phase1f_ckpt2_to_ckpt3	features.7.0	attn_proj_weight	2	590592	0.004377523853788311	0.17161136101313096	39.202838578393674	0.004559029725875017	0.0014727413654327393				
by_stage_kind	phase1f_ckpt2_to_ckpt3	phase1f_ckpt2_to_ckpt3	features.5.3	attn_qkv_weight	4	442752	0.00425579752745069	0.17165897492778642	40.3353246531476	0.004421610399278464	0.0013952180743217468				
by_stage_kind	phase1f_ckpt2_to_ckpt3	phase1f_ckpt2_to_ckpt3	features.5.5	attn_qkv_weight	4	442752	0.004237490133420178	0.16701639560051393	39.41399043818211	0.004397393999486522	0.0013415981084108353				
by_stage_kind	phase1f_ckpt2_to_ckpt3	phase1f_ckpt2_to_ckpt3	features.2	other	2	73920	0.004222625349220264	0.05480842173646579	12.979702721338167	0.004224090507793249	0.0014076530933380127				
by_stage_kind	phase1f_ckpt2_to_ckpt3	phase1f_ckpt2_to_ckpt3	features.5.3	attn_proj_weight	2	147840	0.004206683584831217	0.07621971129807148	18.11871745545835	0.004295172071097999	0.0011387206614017487				
by_stage_kind	phase1f_ckpt2_to_ckpt3	phase1f_ckpt2_to_ckpt3	features.5.0	mlp_weight	4	1181568	0.004163626347513045	0.2558599882044772	61.45123669834197	0.0050775269577795264	0.001374855637550354				
by_stage_kind	phase1f_ckpt2_to_ckpt3	phase1f_ckpt2_to_ckpt3	features.5.1	attn_qkv_weight	4	442752	0.004155056609935281	0.1750896699407247	42.138937294395106	0.004677391339761597	0.001341305673122406				
by_stage_kind	phase1f_ckpt2_to_ckpt3	phase1f_ckpt2_to_ckpt3	features.1.1	move_shift	10	1920	0.004127271142023079	0.015559109241185603	3.7698296782020817	0.009203830613061006	0.0022376179695129395				
by_stage_kind	phase1f_ckpt2_to_ckpt3	phase1f_ckpt2_to_ckpt3	features.3.0	attn_qkv_weight	4	110784	0.004115693629729472	0.08474604275259927	20.590950244799856	0.004281541474806882	0.0013822317123413086				
by_stage_kind	phase1f_ckpt2_to_ckpt3	phase1f_ckpt2_to_ckpt3	features.7.0	mlp_weight	4	4722432	0.004060982520057151	0.5424920580895205	133.58640560754884	0.004666467939308819	0.006550788879394531				
by_stage_kind	phase1f_ckpt2_to_ckpt3	phase1f_ckpt2_to_ckpt3	features.5.0	attn_proj_weight	2	147840	0.004046283367378936	0.07528077292831217	18.604918660720706	0.004181950682242173	0.0011345446109771729				
by_stage_kind	phase1f_ckpt2_to_ckpt3	phase1f_ckpt2_to_ckpt3	features.5.1	mlp_weight	4	1181568	0.00401536963001319	0.2506074275430249	62.41204437814152	0.004548591246564631	0.0013459175825119019				
by_stage_kind	phase1f_ckpt2_to_ckpt3	phase1f_ckpt2_to_ckpt3	features.5.2	attn_proj_weight	2	147840	0.004006251527374315	0.0770857078684634	19.24135500273622	0.0041422719669567225	0.0009290724992752075				
by_stage_kind	phase1f_ckpt2_to_ckpt3	phase1f_ckpt2_to_ckpt3	features.5.0	act_quant	9	1915	0.003921219273838443	0.017868402871636917	4.556848679912183	0.01114703161498263	0.0017527937889099121				
by_stage_kind	phase1f_ckpt2_to_ckpt3	phase1f_ckpt2_to_ckpt3	features.5.2	mlp_weight	4	1181568	0.0039076078453232355	0.2517659327000831	64.42968247220752	0.004543599207688624	0.0018194913864135742				
by_stage_kind	phase1f_ckpt2_to_ckpt3	phase1f_ckpt2_to_ckpt3	features.5.5	attn_proj_weight	2	147840	0.003904192709625114	0.07844050637343754	20.091351069852674	0.004015701998960392	0.0010413974523544312				
by_stage_kind	phase1f_ckpt2_to_ckpt3	phase1f_ckpt2_to_ckpt3	features.4	act_quant	1	14	0.003855205389059149	0.0019160236697643995	0.49699652194976807	0.003855205389059149	0.0009309500455856323				
by_stage_kind	phase1f_ckpt2_to_ckpt3	phase1f_ckpt2_to_ckpt3	features.7.1	mlp_weight	4	4722432	0.0038002560592777655	0.5190724360163741	136.58880557512308	0.004423786286688356	0.006038665771484375				
by_stage_kind	phase1f_ckpt2_to_ckpt3	phase1f_ckpt2_to_ckpt3	features.6	act_quant	1	7	0.003790275307681271	0.0009801910491660237	0.25860682129859924	0.003790275307681271	0.0007231533527374268				
by_stage_kind	phase1f_ckpt2_to_ckpt3	phase1f_ckpt2_to_ckpt3	features.7.1	attn_proj_weight	2	590592	0.003745425093907339	0.17238674063381867	46.02594800633957	0.004329804851043594	0.001853346824645996				
by_stage_kind	phase1f_ckpt2_to_ckpt3	phase1f_ckpt2_to_ckpt3	features.3.0	attn_proj_weight	2	37056	0.003681421902753047	0.03824318007367537	10.388154654340568	0.0038535541118263736	0.001006782054901123				
by_stage_kind	phase1f_ckpt2_to_ckpt3	phase1f_ckpt2_to_ckpt3	features.5.3	mlp_weight	4	1181568	0.003616521959685279	0.24604931458617832	68.03479069918058	0.004413661662720634	0.0019159317016601562				
by_stage_kind	phase1f_ckpt2_to_ckpt3	phase1f_ckpt2_to_ckpt3	features.5.4	attn_proj_weight	2	147840	0.0036017447069694487	0.07715803128378575	21.42240429603003	0.0037507821512618414	0.001016685739159584				
by_stage_kind	phase1f_ckpt2_to_ckpt3	phase1f_ckpt2_to_ckpt3	features.1.0	attn_qkv_weight	4	27744	0.003586834885089693	0.049706892170739966	13.858148970661912	0.004249513985457615	0.0023025665432214737				
by_stage_kind	phase1f_ckpt2_to_ckpt3	phase1f_ckpt2_to_ckpt3	features.3.1	attn_qkv_weight	4	110784	0.0035355650021241737	0.081118706192319	22.943633095016708	0.003820349603034471	0.0018677711486816406				
by_stage_kind	phase1f_ckpt2_to_ckpt3	phase1f_ckpt2_to_ckpt3	features.5.1	act_quant	9	1915	0.0034526916968694115	0.01722550932576823	4.989008819231315	0.010621470049242398	0.0015276521444320679				
by_stage_kind	phase1f_ckpt2_to_ckpt3	phase1f_ckpt2_to_ckpt3	features.5.4	mlp_weight	4	1181568	0.0033715693773249756	0.25146485593957196	74.5839185842546	0.004320226133479953	0.006783127784729004				
by_stage_kind	phase1f_ckpt2_to_ckpt3	phase1f_ckpt2_to_ckpt3	features.5.5	mlp_weight	4	1181568	0.0032737230077345084	0.26496510194972506	80.93693367573178	0.004055417323161671	0.013611793518066406				
by_stage_kind	phase1f_ckpt2_to_ckpt3	phase1f_ckpt2_to_ckpt3	features.5.2	act_quant	9	1915	0.003053496408721395	0.017774762811993944	5.8211179686426595	0.015333095574653406	0.0019291937351226807				
by_stage_kind	phase1f_ckpt2_to_ckpt3	phase1f_ckpt2_to_ckpt3	features.3.0	mlp_weight	4	295872	0.002999603420002936	0.10927968684901478	36.431378268300485	0.0037540582466767326	0.0015163719654083252				
by_stage_kind	phase1f_ckpt2_to_ckpt3	phase1f_ckpt2_to_ckpt3	features.3.1	attn_proj_weight	2	37056	0.002928182747868565	0.03074833789159074	10.500826122950341	0.003097078793930127	0.000809788703918457				
by_stage_kind	phase1f_ckpt2_to_ckpt3	phase1f_ckpt2_to_ckpt3	features.5.3	act_quant	9	1915	0.0028997789579141655	0.016721492467290825	5.766471413848292	0.010080329356440626	0.0017243176698684692				
by_stage_kind	phase1f_ckpt2_to_ckpt3	phase1f_ckpt2_to_ckpt3	features.1.1	attn_qkv_weight	4	27744	0.0028732604988832198	0.03691353627597863	12.847264036910751	0.0029507363659356505	0.001053735613822937				
by_stage_kind	phase1f_ckpt2_to_ckpt3	phase1f_ckpt2_to_ckpt3	features.7.0	act_quant	9	3641	0.002849904743758542	0.02502949984659127	8.782574190034715	0.014831301020920243	0.0023478269577026367				
by_stage_kind	phase1f_ckpt2_to_ckpt3	phase1f_ckpt2_to_ckpt3	features.3.1	mlp_weight	4	295872	0.002787772302190685	0.10493617187735832	37.64158636445934	0.003538473968875618	0.0013361722230911255				
by_stage_kind	phase1f_ckpt2_to_ckpt3	phase1f_ckpt2_to_ckpt3	features.2	act_quant	1	28	0.0027780474836367856	0.0027187312953174114	0.9786482453346252	0.0027780474836367856	0.001070171594619751				
by_stage_kind	phase1f_ckpt2_to_ckpt3	phase1f_ckpt2_to_ckpt3	features.1.0	attn_proj_weight	2	9312	0.0027540422024991376	0.016672889112193747	6.053970086973991	0.0028596404193669783	0.0009957626461982727				
by_stage_kind	phase1f_ckpt2_to_ckpt3	phase1f_ckpt2_to_ckpt3	features.1.0	mlp_weight	4	74208	0.0026884326625496806	0.052154826469320466	19.399714635164933	0.0032415779604867624	0.0025252699851989746				
by_stage_kind	phase1f_ckpt2_to_ckpt3	phase1f_ckpt2_to_ckpt3	features.1.1	attn_proj_weight	2	9312	0.002622938843196925	0.015179806936204205	5.787327819547082	0.002739171559537527	0.0009163916110992432				
by_stage_kind	phase1f_ckpt2_to_ckpt3	phase1f_ckpt2_to_ckpt3	features.5.4	act_quant	9	1915	0.0025882186340455797	0.01963349067284027	7.585715678953927	0.012459019073502067	0.006061524152755737				
by_stage_kind	phase1f_ckpt2_to_ckpt3	phase1f_ckpt2_to_ckpt3	features.3.1	act_quant	9	1073	0.0025636481678187844	0.013867268874693021	5.409193448916837	0.011176819606415906	0.001794658601284027				
by_stage_kind	phase1f_ckpt2_to_ckpt3	phase1f_ckpt2_to_ckpt3	features.1.1	mlp_weight	4	74208	0.002514196862649938	0.051254004303162216	20.38583575716542	0.0034687419267463225	0.0012791752815246582				
by_stage_kind	phase1f_ckpt2_to_ckpt3	phase1f_ckpt2_to_ckpt3	features.5.5	act_quant	9	1915	0.00236485080834332	0.018701427446677018	7.908079182288109	0.009518114600389479	0.004309535026550293				
by_stage_kind	phase1f_ckpt2_to_ckpt3	phase1f_ckpt2_to_ckpt3	features.7.1	act_quant	9	3641	0.0022432897690227538	0.021756899015226833	9.698657443039474	0.010750001261374478	0.0017334967851638794				
by_stage_kind	phase1f_ckpt2_to_ckpt3	phase1f_ckpt2_to_ckpt3	features.3.0	act_quant	9	1073	0.0022202561917548814	0.012546669520425338	5.651000802077935	0.007527845834106238	0.0017140284180641174				
by_stage_kind	phase1f_ckpt2_to_ckpt3	phase1f_ckpt2_to_ckpt3	features.1.0	act_quant	9	694	0.0016562151564601692	0.011626115001687434	7.019688810562479	0.021709825914369207	0.0016651414334774017				
by_stage_kind	phase1f_ckpt2_to_ckpt3	phase1f_ckpt2_to_ckpt3	features.1.1	act_quant	9	694	0.0015335731270607683	0.010607496848479033	6.916851020211381	0.016860351949322245	0.001647666096687317				
by_stage_kind	phase1f_ckpt2_to_ckpt3	phase1f_ckpt2_to_ckpt3	features.0.0	other	2	4704	0.0011093375771338656	0.006024232420396908	5.4304772006023505	0.0012891590275174376	0.0004903078079223633				
by_stage_kind	phase1f_ckpt2_to_ckpt3	phase1f_ckpt2_to_ckpt3	features.6	norm	2	3072	0.0005597294232629306	0.00727699159646352	13.000909535972674	0.000595541493212873	0.000895768404006958				
by_stage_kind	phase1f_ckpt2_to_ckpt3	phase1f_ckpt2_to_ckpt3	head	act_quant	1	1	0.0005443089885545987	1.074187457561493e-05	0.019734883680939674	0.0005443089885545987	1.074187457561493e-05				
by_stage_kind	phase1f_ckpt2_to_ckpt3	phase1f_ckpt2_to_ckpt3	features.4	norm	2	1536	0.0005037754412497075	0.005833645326574975	11.57985254720545	0.0005460078378394567	0.0006367862224578857				
by_stage_kind	phase1f_ckpt2_to_ckpt3	phase1f_ckpt2_to_ckpt3	features.1.0	norm	4	384	0.00047053956833835854	0.010340149481014214	21.975090251238456	0.0004914555140731369	0.0022928714752197266				
by_stage_kind	phase1f_ckpt2_to_ckpt3	phase1f_ckpt2_to_ckpt3	features.7.1	relpos	1	4056	0.000396346339817239	0.028347834944725037	71.52288818359375	0.000396346339817239	0.003417491912841797				
by_stage_kind	phase1f_ckpt2_to_ckpt3	phase1f_ckpt2_to_ckpt3	features.1.0	relpos	1	507	0.00038847002270439834	0.010626053437590599	27.353599548339844	0.00038847002270439834	0.0020824670791625977				
by_stage_kind	phase1f_ckpt2_to_ckpt3	phase1f_ckpt2_to_ckpt3	features.3.0	relpos	1	1014	0.00037850701941223255	0.017957400530576706	47.44271469116211	0.00037850701941223255	0.0023903846740722656				
by_stage_kind	phase1f_ckpt2_to_ckpt3	phase1f_ckpt2_to_ckpt3	features.5.4	relpos	1	2028	0.00035391488810399165	0.014588701538741589	41.22093200683594	0.00035391488810399165	0.0016562938690185547				
by_stage_kind	phase1f_ckpt2_to_ckpt3	phase1f_ckpt2_to_ckpt3	features.5.1	norm	4	1536	0.0003516224452598246	0.007105864156965478	20.208790004047486	0.0005431917375735006	0.0011224746704101562				
by_stage_kind	phase1f_ckpt2_to_ckpt3	phase1f_ckpt2_to_ckpt3	features.5.0	norm	4	1536	0.0003398952804435837	0.006346248184589929	18.671186538123433	0.0008368937212706013	0.0007923245429992676				
by_stage_kind	phase1f_ckpt2_to_ckpt3	phase1f_ckpt2_to_ckpt3	features.5.2	norm	4	1536	0.00032956100757450507	0.0075483530787678645	22.904266297527265	0.0004427196207838995	0.001223921775817871				
by_stage_kind	phase1f_ckpt2_to_ckpt3	phase1f_ckpt2_to_ckpt3	features.7.0	relpos	1	4056	0.0003211917740396239	0.025865092873573303	80.52850341796875	0.0003211917740396239	0.003000020980834961				
by_stage_kind	phase1f_ckpt2_to_ckpt3	phase1f_ckpt2_to_ckpt3	features.5.3	norm	4	1536	0.0003116540535217955	0.007471318547380443	23.97311526338911	0.00046211656301425706	0.0011699199676513672				
by_stage_kind	phase1f_ckpt2_to_ckpt3	phase1f_ckpt2_to_ckpt3	features.5.5	relpos	1	2028	0.00028209574303504024	0.014858300797641277	52.67112731933594	0.00028209574303504024	0.0011759400367736816				
by_stage_kind	phase1f_ckpt2_to_ckpt3	phase1f_ckpt2_to_ckpt3	features.5.4	norm	4	1536	0.00025893744614222163	0.007253802203811828	28.013724209775635	0.0003955587451936994	0.001073598861694336				
by_stage_kind	phase1f_ckpt2_to_ckpt3	phase1f_ckpt2_to_ckpt3	features.5.5	norm	4	1536	0.00025785551229355516	0.007856337392902186	30.46798310814528	0.00038074754520305736	0.0009613633155822754				
by_stage_kind	phase1f_ckpt2_to_ckpt3	phase1f_ckpt2_to_ckpt3	features.2	norm	2	768	0.0002577673273609698	0.004116853478476515	15.97119976618058	0.00026462443267096235	0.000827789306640625				
by_stage_kind	phase1f_ckpt2_to_ckpt3	phase1f_ckpt2_to_ckpt3	features.3.1	relpos	1	1014	0.00024403369810858879	0.013080383650958538	53.60072708129883	0.00024403369810858879	0.0020563602447509766				
by_stage_kind	phase1f_ckpt2_to_ckpt3	phase1f_ckpt2_to_ckpt3	features.5.2	relpos	1	2028	0.0002186308163204124	0.01559463795274496	71.3286361694336	0.0002186308163204124	0.0019078254699707031				
by_stage_kind	phase1f_ckpt2_to_ckpt3	phase1f_ckpt2_to_ckpt3	features.3.0	norm	4	768	0.00020899443125609854	0.004506496624046012	21.56275933746685	0.00044802025704247306	0.0007553696632385254				
by_stage_kind	phase1f_ckpt2_to_ckpt3	phase1f_ckpt2_to_ckpt3	features.5.0	relpos	1	2028	0.00020887964822548545	0.02242819406092167	107.37376403808594	0.00020887964822548545	0.001794859766960144				
by_stage_kind	phase1f_ckpt2_to_ckpt3	phase1f_ckpt2_to_ckpt3	features.1.1	norm	4	384	0.00020864022986415197	0.0053550490179813705	25.666425988257892	0.00030277125480469884	0.0011059045791625977				
by_stage_kind	phase1f_ckpt2_to_ckpt3	phase1f_ckpt2_to_ckpt3	features.5.3	relpos	1	2028	0.0002082829761808987	0.015275769867002964	73.34142303466797	0.0002082829761808987	0.0018510818481445312				
by_stage_kind	phase1f_ckpt2_to_ckpt3	phase1f_ckpt2_to_ckpt3	features.1.1	relpos	1	507	0.0001995630387303174	0.008401175029575825	42.09785079956055	0.0001995630387303174	0.0015780925750732422				
by_stage_kind	phase1f_ckpt2_to_ckpt3	phase1f_ckpt2_to_ckpt3	features.0.2	other	2	192	0.000189357170911648	0.003621165952818813	19.12346881496455	0.0002626929405851598	0.0013349056243896484				
by_stage_kind	phase1f_ckpt2_to_ckpt3	phase1f_ckpt2_to_ckpt3	features.3.1	norm	4	768	0.00017994748986545247	0.004567177246972932	25.380611034851505	0.00029922996344462674	0.0009594559669494629				
by_stage_kind	phase1f_ckpt2_to_ckpt3	phase1f_ckpt2_to_ckpt3	features.7.0	norm	4	3072	0.00017985558785632723	0.011752393367095795	65.3434986767488	0.0006642019383185118	0.0016167163848876953				
by_stage_kind	phase1f_ckpt2_to_ckpt3	phase1f_ckpt2_to_ckpt3	features.7.1	norm	4	3072	0.0001691518080319837	0.011986888172821845	70.86467660195113	0.0004701310001275954	0.001999378204345703				
by_stage_kind	phase1f_ckpt2_to_ckpt3	phase1f_ckpt2_to_ckpt3	features.5.1	relpos	1	2028	0.00016498138381062878	0.015361303463578224	93.10931396484375	0.00016498138381062878	0.0018248558044433594				
by_stage_kind	phase1f_ckpt2_to_ckpt3	phase1f_ckpt2_to_ckpt3	norm	norm	2	1536	0.00011328703036812456	0.006125720604984817	54.07256757529416	0.0003524348946113846	0.0012340545654296875				
by_stage_kind	phase1f_ckpt2_to_ckpt3	phase1f_ckpt2_to_ckpt3	features.0.0	act_quant	2	4	2.8984058130915777e-05	2.900019899243489e-05	1.0005568875637154	0.0008688439182930766	2.2763386368751526e-05				
by_stage_kind	phase1f_ckpt2_to_ckpt3	phase1f_ckpt2_to_ckpt3	features.1.0	other	3	2593	0.0	0.0	4495.208488868842	0.0	0.0				
by_stage_kind	phase1f_ckpt2_to_ckpt3	phase1f_ckpt2_to_ckpt3	features.1.0	weight_quant	5	5	0.0	0.0	4.47213595499958	0.0	0.0				
by_stage_kind	phase1f_ckpt2_to_ckpt3	phase1f_ckpt2_to_ckpt3	features.1.1	other	3	2593	0.0	0.0	4495.205195400259	0.0	0.0				
by_stage_kind	phase1f_ckpt2_to_ckpt3	phase1f_ckpt2_to_ckpt3	features.1.1	weight_quant	5	5	0.0	0.0	4.47213595499958	0.0	0.0				
by_stage_kind	phase1f_ckpt2_to_ckpt3	phase1f_ckpt2_to_ckpt3	features.2	weight_quant	1	1	0.0	0.0	2.0	0.0	0.0				
by_stage_kind	phase1f_ckpt2_to_ckpt3	phase1f_ckpt2_to_ckpt3	features.3.0	other	3	2785	0.0	0.0	4495.208599502967	0.0	0.0				
by_stage_kind	phase1f_ckpt2_to_ckpt3	phase1f_ckpt2_to_ckpt3	features.3.0	weight_quant	5	5	0.0	0.0	4.47213595499958	0.0	0.0				
by_stage_kind	phase1f_ckpt2_to_ckpt3	phase1f_ckpt2_to_ckpt3	features.3.1	other	3	2785	0.0	0.0	4495.20727139333	0.0	0.0				
by_stage_kind	phase1f_ckpt2_to_ckpt3	phase1f_ckpt2_to_ckpt3	features.3.1	weight_quant	5	5	0.0	0.0	4.47213595499958	0.0	0.0				
by_stage_kind	phase1f_ckpt2_to_ckpt3	phase1f_ckpt2_to_ckpt3	features.4	weight_quant	1	1	0.0	0.0	2.0	0.0	0.0				
by_stage_kind	phase1f_ckpt2_to_ckpt3	phase1f_ckpt2_to_ckpt3	features.5.0	other	3	3169	0.0	0.0	4495.2137580994595	0.0	0.0				
by_stage_kind	phase1f_ckpt2_to_ckpt3	phase1f_ckpt2_to_ckpt3	features.5.0	weight_quant	5	5	0.0	0.0	4.47213595499958	0.0	0.0				
by_stage_kind	phase1f_ckpt2_to_ckpt3	phase1f_ckpt2_to_ckpt3	features.5.1	other	3	3169	0.0	0.0	4495.2121630476095	0.0	0.0				
by_stage_kind	phase1f_ckpt2_to_ckpt3	phase1f_ckpt2_to_ckpt3	features.5.1	weight_quant	5	5	0.0	0.0	4.47213595499958	0.0	0.0				
by_stage_kind	phase1f_ckpt2_to_ckpt3	phase1f_ckpt2_to_ckpt3	features.5.2	other	3	3169	0.0	0.0	4495.211867471881	0.0	0.0				
by_stage_kind	phase1f_ckpt2_to_ckpt3	phase1f_ckpt2_to_ckpt3	features.5.2	weight_quant	5	5	0.0	0.0	4.47213595499958	0.0	0.0				
by_stage_kind	phase1f_ckpt2_to_ckpt3	phase1f_ckpt2_to_ckpt3	features.5.3	other	3	3169	0.0	0.0	4495.212603410214	0.0	0.0				
by_stage_kind	phase1f_ckpt2_to_ckpt3	phase1f_ckpt2_to_ckpt3	features.5.3	weight_quant	5	5	0.0	0.0	4.47213595499958	0.0	0.0				
by_stage_kind	phase1f_ckpt2_to_ckpt3	phase1f_ckpt2_to_ckpt3	features.5.4	other	3	3169	0.0	0.0	4495.214965424923	0.0	0.0				
by_stage_kind	phase1f_ckpt2_to_ckpt3	phase1f_ckpt2_to_ckpt3	features.5.4	weight_quant	5	5	0.0	0.0	4.47213595499958	0.0	0.0				
by_stage_kind	phase1f_ckpt2_to_ckpt3	phase1f_ckpt2_to_ckpt3	features.5.5	other	3	3169	0.0	0.0	4495.214366516368	0.0	0.0				
by_stage_kind	phase1f_ckpt2_to_ckpt3	phase1f_ckpt2_to_ckpt3	features.5.5	weight_quant	5	5	0.0	0.0	4.47213595499958	0.0	0.0				
by_stage_kind	phase1f_ckpt2_to_ckpt3	phase1f_ckpt2_to_ckpt3	features.6	weight_quant	1	1	0.0	0.0	2.0	0.0	0.0				
by_stage_kind	phase1f_ckpt2_to_ckpt3	phase1f_ckpt2_to_ckpt3	features.7.0	other	3	3937	0.0	0.0	4495.258209021142	0.0	0.0				
by_stage_kind	phase1f_ckpt2_to_ckpt3	phase1f_ckpt2_to_ckpt3	features.7.0	weight_quant	5	5	0.0	0.0	4.47213595499958	0.0	0.0				
by_stage_kind	phase1f_ckpt2_to_ckpt3	phase1f_ckpt2_to_ckpt3	features.7.1	other	3	3937	0.0	0.0	4495.248245917431	0.0	0.0				
by_stage_kind	phase1f_ckpt2_to_ckpt3	phase1f_ckpt2_to_ckpt3	features.7.1	weight_quant	5	5	0.0	0.0	4.47213595499958	0.0	0.0				
by_module_kind	phase1f_ckpt2_to_ckpt3	phase1f_ckpt2_to_ckpt3	features.0.0.move_b4	move_shift	1	50176	0.19814169181047994	0.128104105591774	0.6465277671813965	0.19814169181047994	0.002407343126833439				
by_module_kind	phase1f_ckpt2_to_ckpt3	phase1f_ckpt2_to_ckpt3	features.0.0.move_aft	move_shift	1	50176	0.19701832992657412	0.12806297838687897	0.6500054001808167	0.19701832992657412	0.0024099452421069145				
by_module_kind	phase1f_ckpt2_to_ckpt3	phase1f_ckpt2_to_ckpt3	head.lsqw_fn	weight_quant	1	1000	0.10240569557432362	0.004034876357764006	0.03940089792013168	0.10240569557432362	0.00047981669194996357				
by_module_kind	phase1f_ckpt2_to_ckpt3	phase1f_ckpt2_to_ckpt3	features.0.0.lsqw_fn	weight_quant	1	96	0.09744609654102632	0.0017963711870834231	0.018434511497616768	0.09744609654102632	0.0005669815000146627				
by_module_kind	phase1f_ckpt2_to_ckpt3	phase1f_ckpt2_to_ckpt3	features.1.0.attn.quan_a_softmax_fn	act_quant	1	49	0.021709825914369207	0.0027106599882245064	0.12485866993665695	0.021709825914369207	0.000832168385386467				
by_module_kind	phase1f_ckpt2_to_ckpt3	phase1f_ckpt2_to_ckpt3	features.7.0.mlp.fc2.move_b4	move_shift	1	3072	0.01895906804320498	0.012447618879377842	0.656552255153656	0.01895906804320498	0.001522548496723175				
by_module_kind	phase1f_ckpt2_to_ckpt3	phase1f_ckpt2_to_ckpt3	features.1.1.attn.quan_a_softmax_fn	act_quant	1	49	0.016860351949322245	0.0032918702345341444	0.19524326920509338	0.016860351949322245	0.0010267049074172974				
by_module_kind	phase1f_ckpt2_to_ckpt3	phase1f_ckpt2_to_ckpt3	features.5.2.attn.quan_a_softmax_fn	act_quant	1	49	0.015333095574653406	0.0034383402671664953	0.22424305975437164	0.015333095574653406	0.0010085739195346832				
by_module_kind	phase1f_ckpt2_to_ckpt3	phase1f_ckpt2_to_ckpt3	features.5.1.attn.move_v_aft	move_shift	1	384	0.014971391323871255	0.002454783534631133	0.16396495699882507	0.014971391323871255	0.00042413361370563507				
by_module_kind	phase1f_ckpt2_to_ckpt3	phase1f_ckpt2_to_ckpt3	features.7.0.attn.quan_a_softmax_fn	act_quant	1	49	0.014831301020920243	0.0035010918509215117	0.2360610067844391	0.014831301020920243	0.001183386892080307				
by_module_kind	phase1f_ckpt2_to_ckpt3	phase1f_ckpt2_to_ckpt3	features.5.2.attn.move_v_aft	move_shift	1	384	0.013484938096848887	0.0021474298555403948	0.1592465490102768	0.013484938096848887	0.000425693579018116				
by_module_kind	phase1f_ckpt2_to_ckpt3	phase1f_ckpt2_to_ckpt3	features.5.1.attn.move_v_b4	move_shift	1	384	0.013110946571947004	0.00252442411147058	0.19254323840141296	0.013110946571947004	0.0004154890775680542				
by_module_kind	phase1f_ckpt2_to_ckpt3	phase1f_ckpt2_to_ckpt3	features.5.0.attn.move_v_aft	move_shift	1	384	0.012772276476697975	0.0027678178157657385	0.21670512855052948	0.012772276476697975	0.0006744135171175003				
by_module_kind	phase1f_ckpt2_to_ckpt3	phase1f_ckpt2_to_ckpt3	features.5.3.attn.move_v_aft	move_shift	1	384	0.012594254934365426	0.001956820022314787	0.15537402033805847	0.012594254934365426	0.00030501000583171844				
by_module_kind	phase1f_ckpt2_to_ckpt3	phase1f_ckpt2_to_ckpt3	features.7.0.attn.move_v_aft	move_shift	1	768	0.012470331121219192	0.0032203076407313347	0.2582375407218933	0.012470331121219192	0.00037663429975509644				
by_module_kind	phase1f_ckpt2_to_ckpt3	phase1f_ckpt2_to_ckpt3	features.5.4.attn.quan_a_softmax_fn	act_quant	1	49	0.012459019073502067	0.00326417270116508	0.26199275255203247	0.012459019073502067	0.0011268816888332367				
by_module_kind	phase1f_ckpt2_to_ckpt3	phase1f_ckpt2_to_ckpt3	features.5.2.attn.move_v_b4	move_shift	1	384	0.012456539852082667	0.0022066624369472265	0.17714890837669373	0.012456539852082667	0.00042211334221065044				
by_module_kind	phase1f_ckpt2_to_ckpt3	phase1f_ckpt2_to_ckpt3	features.5.5.attn.move_v_aft	move_shift	1	384	0.012232916364742377	0.0017443139804527164	0.14259183406829834	0.012232916364742377	0.0003233030438423157				
by_module_kind	phase1f_ckpt2_to_ckpt3	phase1f_ckpt2_to_ckpt3	features.5.4.attn.move_v_aft	move_shift	1	384	0.012022778139659575	0.0016987448325380683	0.14129386842250824	0.012022778139659575	0.0002739358751568943				
by_module_kind	phase1f_ckpt2_to_ckpt3	phase1f_ckpt2_to_ckpt3	features.5.0.attn.move_v_b4	move_shift	1	384	0.011860947008893258	0.0028192426543682814	0.23769119381904602	0.011860947008893258	0.0006697122007608414				
by_module_kind	phase1f_ckpt2_to_ckpt3	phase1f_ckpt2_to_ckpt3	features.5.3.attn.move_v_b4	move_shift	1	384	0.011599398966278414	0.0020313195418566465	0.17512282729148865	0.011599398966278414	0.00032807979732751846				
by_module_kind	phase1f_ckpt2_to_ckpt3	phase1f_ckpt2_to_ckpt3	features.5.5.attn.move_v_b4	move_shift	1	384	0.011253584632601335	0.0018137446604669094	0.16117039322853088	0.011253584632601335	0.00037711625918745995				
by_module_kind	phase1f_ckpt2_to_ckpt3	phase1f_ckpt2_to_ckpt3	features.3.1.attn.quan_a_softmax_fn	act_quant	1	49	0.011176819606415906	0.003428023075684905	0.30670827627182007	0.011176819606415906	0.0011196844279766083				
by_module_kind	phase1f_ckpt2_to_ckpt3	phase1f_ckpt2_to_ckpt3	features.5.0.attn.quan_a_softmax_fn	act_quant	1	49	0.01114703161498263	0.003017315175384283	0.27068328857421875	0.01114703161498263	0.0009847618639469147				
by_module_kind	phase1f_ckpt2_to_ckpt3	phase1f_ckpt2_to_ckpt3	features.5.4.attn.move_v_b4	move_shift	1	384	0.010789799228615938	0.0017406092956662178	0.16131989657878876	0.010789799228615938	0.0002782084047794342				
by_module_kind	phase1f_ckpt2_to_ckpt3	phase1f_ckpt2_to_ckpt3	features.7.0.attn.proj.move_b4	move_shift	1	768	0.010768581019454685	0.0032987650483846664	0.30633237957954407	0.010768581019454685	0.0003849887289106846				
by_module_kind	phase1f_ckpt2_to_ckpt3	phase1f_ckpt2_to_ckpt3	features.7.1.attn.quan_a_softmax_fn	act_quant	1	49	0.010750001261374478	0.0029526199214160442	0.2746622860431671	0.010750001261374478	0.0008875206112861633				
by_module_kind	phase1f_ckpt2_to_ckpt3	phase1f_ckpt2_to_ckpt3	features.5.4.mlp.fc2.input_quant_fn	act_quant	1	14	0.010701376802878644	0.009307274594902992	0.869726836681366	0.010701376802878644	0.006061524152755737				
by_module_kind	phase1f_ckpt2_to_ckpt3	phase1f_ckpt2_to_ckpt3	features.5.1.attn.quan_a_softmax_fn	act_quant	1	49	0.010621470049242398	0.0034163796808570623	0.3216484785079956	0.010621470049242398	0.0011327899992465973				
by_module_kind	phase1f_ckpt2_to_ckpt3	phase1f_ckpt2_to_ckpt3	features.5.0.attn.proj.move_b4	move_shift	1	384	0.010566079899487577	0.002714330330491066	0.2568909525871277	0.010566079899487577	0.000617126002907753				
by_module_kind	phase1f_ckpt2_to_ckpt3	phase1f_ckpt2_to_ckpt3	features.7.0.attn.move_v_b4	move_shift	1	768	0.010498674581477595	0.0034338305704295635	0.32707276940345764	0.010498674581477595	0.000444263219833374				
by_module_kind	phase1f_ckpt2_to_ckpt3	phase1f_ckpt2_to_ckpt3	features.5.3.attn.quan_a_softmax_fn	act_quant	1	49	0.010080329356440626	0.0031194528564810753	0.3094594180583954	0.010080329356440626	0.0012373998761177063				
by_module_kind	phase1f_ckpt2_to_ckpt3	phase1f_ckpt2_to_ckpt3	features.5.5.attn.proj.move_b4	move_shift	1	384	0.00993547615908898	0.001703135552816093	0.17141962051391602	0.00993547615908898	0.00031636515632271767				
by_module_kind	phase1f_ckpt2_to_ckpt3	phase1f_ckpt2_to_ckpt3	features.7.1.attn.move_v_b4	move_shift	1	768	0.009866358538289382	0.0032962660770863295	0.334091454744339	0.009866358538289382	0.0003392063081264496				
by_module_kind	phase1f_ckpt2_to_ckpt3	phase1f_ckpt2_to_ckpt3	features.5.1.attn.proj.move_b4	move_shift	1	384	0.009774237671218804	0.002247324911877513	0.2299232929944992	0.009774237671218804	0.0003675328625831753				
by_module_kind	phase1f_ckpt2_to_ckpt3	phase1f_ckpt2_to_ckpt3	features.7.1.attn.move_v_aft	move_shift	1	768	0.009731991607340496	0.002820492023602128	0.2898165285587311	0.009731991607340496	0.00031244661659002304				
by_module_kind	phase1f_ckpt2_to_ckpt3	phase1f_ckpt2_to_ckpt3	features.5.5.attn.proj.move_aft	move_shift	1	384	0.009635158134063456	0.0017091351328417659	0.17738527059555054	0.009635158134063456	0.0003147644456475973				
by_module_kind	phase1f_ckpt2_to_ckpt3	phase1f_ckpt2_to_ckpt3	features.5.5.attn.quan_a_softmax_fn	act_quant	1	49	0.009518114600389479	0.003497201716527343	0.3674258887767792	0.009518114600389479	0.0011849887669086456				
by_module_kind	phase1f_ckpt2_to_ckpt3	phase1f_ckpt2_to_ckpt3	features.5.2.attn.proj.move_b4	move_shift	1	384	0.009479480684722801	0.0020936853252351284	0.22086498141288757	0.009479480684722801	0.0003732210025191307				
by_module_kind	phase1f_ckpt2_to_ckpt3	phase1f_ckpt2_to_ckpt3	features.5.3.attn.proj.move_b4	move_shift	1	384	0.009348208353428065	0.0019303075969219208	0.20648957788944244	0.009348208353428065	0.00030709197744727135				
by_module_kind	phase1f_ckpt2_to_ckpt3	phase1f_ckpt2_to_ckpt3	features.1.1.attn.move_v_aft	move_shift	1	96	0.009203830613061006	0.0014462682884186506	0.1571376472711563	0.009203830613061006	0.00047107296995818615				
by_module_kind	phase1f_ckpt2_to_ckpt3	phase1f_ckpt2_to_ckpt3	features.1.1.attn.proj.move_b4	move_shift	1	96	0.009189899660212966	0.0013478925684466958	0.1466710865497589	0.009189899660212966	0.00037661008536815643				
by_module_kind	phase1f_ckpt2_to_ckpt3	phase1f_ckpt2_to_ckpt3	features.6.reduction.move_aft	move_shift	1	1536	0.009133374156801781	0.003362707793712616	0.36817803978919983	0.009133374156801781	0.0003221244551241398				
by_module_kind	phase1f_ckpt2_to_ckpt3	phase1f_ckpt2_to_ckpt3	features.7.0.attn.proj.move_aft	move_shift	1	768	0.008849567779124948	0.0033385581336915493	0.3772566318511963	0.008849567779124948	0.0003978479653596878				
by_module_kind	phase1f_ckpt2_to_ckpt3	phase1f_ckpt2_to_ckpt3	features.7.1.attn.proj.move_b4	move_shift	1	768	0.008630695646420319	0.003129354678094387	0.36258429288864136	0.008630695646420319	0.0003902018070220947				
by_module_kind	phase1f_ckpt2_to_ckpt3	phase1f_ckpt2_to_ckpt3	features.5.3.attn.proj.move_aft	move_shift	1	384	0.00860911386594423	0.0019340377766638994	0.224650040268898	0.00860911386594423	0.0003067087382078171				
by_module_kind	phase1f_ckpt2_to_ckpt3	phase1f_ckpt2_to_ckpt3	features.6.reduction.move_b4	move_shift	1	1536	0.008425539393176855	0.0033837624359875917	0.40160781145095825	0.008425539393176855	0.00032951589673757553				
by_module_kind	phase1f_ckpt2_to_ckpt3	phase1f_ckpt2_to_ckpt3	features.5.0.mlp.fc1.move_aft	move_shift	1	384	0.008403202368757608	0.004218732938170433	0.5020387172698975	0.008403202368757608	0.0006210282444953918				
by_module_kind	phase1f_ckpt2_to_ckpt3	phase1f_ckpt2_to_ckpt3	features.5.2.attn.proj.move_aft	move_shift	1	384	0.008230197124583666	0.0020684730261564255	0.2513272762298584	0.008230197124583666	0.0003866143524646759				
by_module_kind	phase1f_ckpt2_to_ckpt3	phase1f_ckpt2_to_ckpt3	features.3.0.attn.move_v_aft	move_shift	1	192	0.008153081930288731	0.002015142235904932	0.24716325104236603	0.008153081930288731	0.0005205795168876648				
by_module_kind	phase1f_ckpt2_to_ckpt3	phase1f_ckpt2_to_ckpt3	features.7.0.attn.quant_x_4_qkv	act_quant	2	1536	0.008104030285237245	0.005693240127804326	0.7025196016573939	0.008302889963237577	0.0010687261819839478				
by_module_kind	phase1f_ckpt2_to_ckpt3	phase1f_ckpt2_to_ckpt3	features.1.1.attn.move_v_b4	move_shift	1	96	0.008080006633014902	0.0015245283721014857	0.18867909908294678	0.008080006633014902	0.0004897629842162132				
by_module_kind	phase1f_ckpt2_to_ckpt3	phase1f_ckpt2_to_ckpt3	features.5.1.attn.proj.move_aft	move_shift	1	384	0.0078099717084505246	0.0022065704688429832	0.2825324535369873	0.0078099717084505246	0.00037243112456053495				
by_module_kind	phase1f_ckpt2_to_ckpt3	phase1f_ckpt2_to_ckpt3	features.5.1.mlp.fc1.move_aft	move_shift	1	384	0.007758113467498337	0.004063713364303112	0.5238017439842224	0.007758113467498337	0.0006098402664065361				
by_module_kind	phase1f_ckpt2_to_ckpt3	phase1f_ckpt2_to_ckpt3	features.5.0.attn.proj.move_aft	move_shift	1	384	0.0077285744343536696	0.002501930110156536	0.3237246572971344	0.0077285744343536696	0.00041603262070566416				
by_module_kind	phase1f_ckpt2_to_ckpt3	phase1f_ckpt2_to_ckpt3	features.3.1.attn.move_v_aft	move_shift	1	192	0.007681190481645254	0.001271481509320438	0.16553182899951935	0.007681190481645254	0.00033578090369701385				
by_module_kind	phase1f_ckpt2_to_ckpt3	phase1f_ckpt2_to_ckpt3	features.3.0.attn.quan_a_softmax_fn	act_quant	1	49	0.007527845834106238	0.0024781394749879837	0.32919636368751526	0.007527845834106238	0.0007380656898021698				
by_module_kind	phase1f_ckpt2_to_ckpt3	phase1f_ckpt2_to_ckpt3	features.3.0.attn.move_v_b4	move_shift	1	192	0.007425430776610866	0.0019785743206739426	0.266459196805954	0.007425430776610866	0.0005129575729370117				
by_module_kind	phase1f_ckpt2_to_ckpt3	phase1f_ckpt2_to_ckpt3	features.3.1.attn.move_v_b4	move_shift	1	192	0.007397856041082769	0.0013103109085932374	0.1771203577518463	0.007397856041082769	0.00036825984716415405				
by_module_kind	phase1f_ckpt2_to_ckpt3	phase1f_ckpt2_to_ckpt3	features.5.0.attn.quant_x_4_qkv	act_quant	2	768	0.007391090086268512	0.003778913641078409	0.5112796078753037	0.007733936063739923	0.0005311947898007929				
by_module_kind	phase1f_ckpt2_to_ckpt3	phase1f_ckpt2_to_ckpt3	features.5.4.attn.proj.move_b4	move_shift	1	384	0.007388604359812765	0.0016414565034210682	0.22216056287288666	0.007388604359812765	0.0002773551968857646				
by_module_kind	phase1f_ckpt2_to_ckpt3	phase1f_ckpt2_to_ckpt3	features.3.0.attn.proj.move_b4	move_shift	1	192	0.007367045478179761	0.0018684917595237494	0.25362837314605713	0.007367045478179761	0.00040566781535744667				
by_module_kind	phase1f_ckpt2_to_ckpt3	phase1f_ckpt2_to_ckpt3	features.3.1.attn.move_qkx_aft	move_shift	1	1152	0.007323461578220009	0.016249071806669235	2.2187693119049072	0.007323461578220009	0.0017509162425994873				
by_module_kind	phase1f_ckpt2_to_ckpt3	phase1f_ckpt2_to_ckpt3	features.7.1.attn.proj.move_aft	move_shift	1	768	0.007243543745135905	0.0031000275630503893	0.42797112464904785	0.007243543745135905	0.0004086233675479889				
by_module_kind	phase1f_ckpt2_to_ckpt3	phase1f_ckpt2_to_ckpt3	features.5.2.attn.move_qkx_b4	move_shift	1	4608	0.007216633609941715	0.03911722078919411	5.420424938201904	0.007216633609941715	0.002199321985244751				
by_module_kind	phase1f_ckpt2_to_ckpt3	phase1f_ckpt2_to_ckpt3	features.7.1.attn.quant_x_4_qkv	act_quant	2	1536	0.007197073374725629	0.006682280023480561	0.9284718489806013	0.007267780376729587	0.0007204711437225342				
by_module_kind	phase1f_ckpt2_to_ckpt3	phase1f_ckpt2_to_ckpt3	features.3.0.mlp.fc1.move_aft	move_shift	1	192	0.007132263564662026	0.0024211180862039328	0.33945998549461365	0.007132263564662026	0.00045031867921352386				
by_module_kind	phase1f_ckpt2_to_ckpt3	phase1f_ckpt2_to_ckpt3	features.5.4.attn.proj.move_aft	move_shift	1	384	0.007034992685765746	0.0016515788156539202	0.23476624488830566	0.007034992685765746	0.0002932887291535735				
by_module_kind	phase1f_ckpt2_to_ckpt3	phase1f_ckpt2_to_ckpt3	features.3.1.attn.proj.move_b4	move_shift	1	192	0.006970266759619484	0.0012377018574625254	0.17756879329681396	0.006970266759619484	0.000331047922372818				
by_module_kind	phase1f_ckpt2_to_ckpt3	phase1f_ckpt2_to_ckpt3	features.5.4.attn.move_qkx_b4	move_shift	1	4608	0.006934124628570419	0.03946124017238617	5.69087553024292	0.006934124628570419	0.002039428800344467				
by_module_kind	phase1f_ckpt2_to_ckpt3	phase1f_ckpt2_to_ckpt3	features.1.1.attn.move_qkx_aft	move_shift	1	288	0.006896087068128487	0.0075836144387722015	1.0996981859207153	0.006896087068128487	0.0012576598674058914				
by_module_kind	phase1f_ckpt2_to_ckpt3	phase1f_ckpt2_to_ckpt3	features.5.3.attn.move_qkx_b4	move_shift	1	4608	0.00688941638285908	0.0392177440226078	5.69246244430542	0.00688941638285908	0.002015523612499237				
by_module_kind	phase1f_ckpt2_to_ckpt3	phase1f_ckpt2_to_ckpt3	features.5.5.attn.quant_x_4_qkv	act_quant	2	768	0.006879153620357428	0.0044996161516433235	0.6540944424220507	0.0069291959998182455	0.0005019344389438629				
by_module_kind	phase1f_ckpt2_to_ckpt3	phase1f_ckpt2_to_ckpt3	features.7.1.mlp.fc2.move_b4	move_shift	1	3072	0.006739210005149669	0.01393128652125597	2.0671987533569336	0.006739210005149669	0.0010586753487586975				
by_module_kind	phase1f_ckpt2_to_ckpt3	phase1f_ckpt2_to_ckpt3	features.5.1.attn.move_qkx_b4	move_shift	1	4608	0.006713490371134626	0.038691215217113495	5.763204097747803	0.006713490371134626	0.0021142009645700455				
by_module_kind	phase1f_ckpt2_to_ckpt3	phase1f_ckpt2_to_ckpt3	features.3.0.attn.move_qkx_aft	move_shift	1	1152	0.006700025567843068	0.01306166686117649	1.9494950771331787	0.006700025567843068	0.0012186020612716675				
by_module_kind	phase1f_ckpt2_to_ckpt3	phase1f_ckpt2_to_ckpt3	features.5.3.attn.move_qkx_aft	move_shift	1	4608	0.006679297194948133	0.024355575442314148	3.646427869796753	0.006679297194948133	0.0013415031135082245				
by_module_kind	phase1f_ckpt2_to_ckpt3	phase1f_ckpt2_to_ckpt3	features.5.1.attn.move_qkx_aft	move_shift	1	4608	0.006584608388734052	0.02389994077384472	3.6296677589416504	0.006584608388734052	0.0014086365699768066				
by_module_kind	phase1f_ckpt2_to_ckpt3	phase1f_ckpt2_to_ckpt3	features.5.4.attn.move_qkx_aft	move_shift	1	4608	0.006580393065545984	0.025824209675192833	3.924417495727539	0.006580393065545984	0.0015126075595617294				
by_module_kind	phase1f_ckpt2_to_ckpt3	phase1f_ckpt2_to_ckpt3	features.5.2.attn.move_qkx_aft	move_shift	1	4608	0.006573367322531247	0.02657189406454563	4.042356491088867	0.006573367322531247	0.0014800578355789185				
top_params	phase1f_ckpt2_to_ckpt3					50176	0.19814169181047994	0.128104105591774	0.6465277671813965		0.002407343126833439	features.0.0.move_b4.bias	move_shift	features.0.0	features.0.0.move_b4
top_params	phase1f_ckpt2_to_ckpt3					50176	0.19701832992657412	0.12806297838687897	0.6500054001808167		0.0024099452421069145	features.0.0.move_aft.bias	move_shift	features.0.0	features.0.0.move_aft
top_params	phase1f_ckpt2_to_ckpt3					1000	0.10240569557432362	0.004034876357764006	0.03940089792013168		0.00047981669194996357	head.lsqw_fn.s	weight_quant	head	head.lsqw_fn
top_params	phase1f_ckpt2_to_ckpt3					96	0.09744609654102632	0.0017963711870834231	0.018434511497616768		0.0005669815000146627	features.0.0.lsqw_fn.s	weight_quant	features.0.0	features.0.0.lsqw_fn
top_params	phase1f_ckpt2_to_ckpt3					49	0.021709825914369207	0.0027106599882245064	0.12485866993665695		0.000832168385386467	features.1.0.attn.quan_a_softmax_fn.s	act_quant	features.1.0	features.1.0.attn.quan_a_softmax_fn
top_params	phase1f_ckpt2_to_ckpt3					3072	0.01895906804320498	0.012447618879377842	0.656552255153656		0.001522548496723175	features.7.0.mlp.fc2.move_b4.bias	move_shift	features.7.0	features.7.0.mlp.fc2.move_b4
top_params	phase1f_ckpt2_to_ckpt3					49	0.016860351949322245	0.0032918702345341444	0.19524326920509338		0.0010267049074172974	features.1.1.attn.quan_a_softmax_fn.s	act_quant	features.1.1	features.1.1.attn.quan_a_softmax_fn
top_params	phase1f_ckpt2_to_ckpt3					49	0.015333095574653406	0.0034383402671664953	0.22424305975437164		0.0010085739195346832	features.5.2.attn.quan_a_softmax_fn.s	act_quant	features.5.2	features.5.2.attn.quan_a_softmax_fn
top_params	phase1f_ckpt2_to_ckpt3					384	0.014971391323871255	0.002454783534631133	0.16396495699882507		0.00042413361370563507	features.5.1.attn.move_v_aft.bias	move_shift	features.5.1	features.5.1.attn.move_v_aft
top_params	phase1f_ckpt2_to_ckpt3					49	0.014831301020920243	0.0035010918509215117	0.2360610067844391		0.001183386892080307	features.7.0.attn.quan_a_softmax_fn.s	act_quant	features.7.0	features.7.0.attn.quan_a_softmax_fn
top_params	phase1f_ckpt2_to_ckpt3					384	0.013484938096848887	0.0021474298555403948	0.1592465490102768		0.000425693579018116	features.5.2.attn.move_v_aft.bias	move_shift	features.5.2	features.5.2.attn.move_v_aft
top_params	phase1f_ckpt2_to_ckpt3					384	0.013110946571947004	0.00252442411147058	0.19254323840141296		0.0004154890775680542	features.5.1.attn.move_v_b4.bias	move_shift	features.5.1	features.5.1.attn.move_v_b4
top_params	phase1f_ckpt2_to_ckpt3					384	0.012772276476697975	0.0027678178157657385	0.21670512855052948		0.0006744135171175003	features.5.0.attn.move_v_aft.bias	move_shift	features.5.0	features.5.0.attn.move_v_aft
top_params	phase1f_ckpt2_to_ckpt3					384	0.012594254934365426	0.001956820022314787	0.15537402033805847		0.00030501000583171844	features.5.3.attn.move_v_aft.bias	move_shift	features.5.3	features.5.3.attn.move_v_aft
top_params	phase1f_ckpt2_to_ckpt3					768	0.012470331121219192	0.0032203076407313347	0.2582375407218933		0.00037663429975509644	features.7.0.attn.move_v_aft.bias	move_shift	features.7.0	features.7.0.attn.move_v_aft
top_params	phase1f_ckpt2_to_ckpt3					49	0.012459019073502067	0.00326417270116508	0.26199275255203247		0.0011268816888332367	features.5.4.attn.quan_a_softmax_fn.s	act_quant	features.5.4	features.5.4.attn.quan_a_softmax_fn
top_params	phase1f_ckpt2_to_ckpt3					384	0.012456539852082667	0.0022066624369472265	0.17714890837669373		0.00042211334221065044	features.5.2.attn.move_v_b4.bias	move_shift	features.5.2	features.5.2.attn.move_v_b4
top_params	phase1f_ckpt2_to_ckpt3					384	0.012232916364742377	0.0017443139804527164	0.14259183406829834		0.0003233030438423157	features.5.5.attn.move_v_aft.bias	move_shift	features.5.5	features.5.5.attn.move_v_aft
top_params	phase1f_ckpt2_to_ckpt3					384	0.012022778139659575	0.0016987448325380683	0.14129386842250824		0.0002739358751568943	features.5.4.attn.move_v_aft.bias	move_shift	features.5.4	features.5.4.attn.move_v_aft
top_params	phase1f_ckpt2_to_ckpt3					384	0.011860947008893258	0.0028192426543682814	0.23769119381904602		0.0006697122007608414	features.5.0.attn.move_v_b4.bias	move_shift	features.5.0	features.5.0.attn.move_v_b4
top_params	phase1f_ckpt2_to_ckpt3					384	0.011599398966278414	0.0020313195418566465	0.17512282729148865		0.00032807979732751846	features.5.3.attn.move_v_b4.bias	move_shift	features.5.3	features.5.3.attn.move_v_b4
top_params	phase1f_ckpt2_to_ckpt3					384	0.011253584632601335	0.0018137446604669094	0.16117039322853088		0.00037711625918745995	features.5.5.attn.move_v_b4.bias	move_shift	features.5.5	features.5.5.attn.move_v_b4
top_params	phase1f_ckpt2_to_ckpt3					49	0.011176819606415906	0.003428023075684905	0.30670827627182007		0.0011196844279766083	features.3.1.attn.quan_a_softmax_fn.s	act_quant	features.3.1	features.3.1.attn.quan_a_softmax_fn
top_params	phase1f_ckpt2_to_ckpt3					49	0.01114703161498263	0.003017315175384283	0.27068328857421875		0.0009847618639469147	features.5.0.attn.quan_a_softmax_fn.s	act_quant	features.5.0	features.5.0.attn.quan_a_softmax_fn
top_params	phase1f_ckpt2_to_ckpt3					384	0.010789799228615938	0.0017406092956662178	0.16131989657878876		0.0002782084047794342	features.5.4.attn.move_v_b4.bias	move_shift	features.5.4	features.5.4.attn.move_v_b4
top_params	phase1f_ckpt2_to_ckpt3					768	0.010768581019454685	0.0032987650483846664	0.30633237957954407		0.0003849887289106846	features.7.0.attn.proj.move_b4.bias	move_shift	features.7.0	features.7.0.attn.proj.move_b4
top_params	phase1f_ckpt2_to_ckpt3					49	0.010750001261374478	0.0029526199214160442	0.2746622860431671		0.0008875206112861633	features.7.1.attn.quan_a_softmax_fn.s	act_quant	features.7.1	features.7.1.attn.quan_a_softmax_fn
top_params	phase1f_ckpt2_to_ckpt3					14	0.010701376802878644	0.009307274594902992	0.869726836681366		0.006061524152755737	features.5.4.mlp.fc2.input_quant_fn.s	act_quant	features.5.4	features.5.4.mlp.fc2.input_quant_fn
top_params	phase1f_ckpt2_to_ckpt3					49	0.010621470049242398	0.0034163796808570623	0.3216484785079956		0.0011327899992465973	features.5.1.attn.quan_a_softmax_fn.s	act_quant	features.5.1	features.5.1.attn.quan_a_softmax_fn
top_params	phase1f_ckpt2_to_ckpt3					384	0.010566079899487577	0.002714330330491066	0.2568909525871277		0.000617126002907753	features.5.0.attn.proj.move_b4.bias	move_shift	features.5.0	features.5.0.attn.proj.move_b4
top_params	phase1f_ckpt2_to_ckpt3					768	0.010498674581477595	0.0034338305704295635	0.32707276940345764		0.000444263219833374	features.7.0.attn.move_v_b4.bias	move_shift	features.7.0	features.7.0.attn.move_v_b4
top_params	phase1f_ckpt2_to_ckpt3					49	0.010080329356440626	0.0031194528564810753	0.3094594180583954		0.0012373998761177063	features.5.3.attn.quan_a_softmax_fn.s	act_quant	features.5.3	features.5.3.attn.quan_a_softmax_fn
top_params	phase1f_ckpt2_to_ckpt3					384	0.00993547615908898	0.001703135552816093	0.17141962051391602		0.00031636515632271767	features.5.5.attn.proj.move_b4.bias	move_shift	features.5.5	features.5.5.attn.proj.move_b4
top_params	phase1f_ckpt2_to_ckpt3					768	0.009866358538289382	0.0032962660770863295	0.334091454744339		0.0003392063081264496	features.7.1.attn.move_v_b4.bias	move_shift	features.7.1	features.7.1.attn.move_v_b4
top_params	phase1f_ckpt2_to_ckpt3					384	0.009774237671218804	0.002247324911877513	0.2299232929944992		0.0003675328625831753	features.5.1.attn.proj.move_b4.bias	move_shift	features.5.1	features.5.1.attn.proj.move_b4
top_params	phase1f_ckpt2_to_ckpt3					768	0.009731991607340496	0.002820492023602128	0.2898165285587311		0.00031244661659002304	features.7.1.attn.move_v_aft.bias	move_shift	features.7.1	features.7.1.attn.move_v_aft
top_params	phase1f_ckpt2_to_ckpt3					384	0.009635158134063456	0.0017091351328417659	0.17738527059555054		0.0003147644456475973	features.5.5.attn.proj.move_aft.bias	move_shift	features.5.5	features.5.5.attn.proj.move_aft
top_params	phase1f_ckpt2_to_ckpt3					49	0.009518114600389479	0.003497201716527343	0.3674258887767792		0.0011849887669086456	features.5.5.attn.quan_a_softmax_fn.s	act_quant	features.5.5	features.5.5.attn.quan_a_softmax_fn
top_params	phase1f_ckpt2_to_ckpt3					384	0.009479480684722801	0.0020936853252351284	0.22086498141288757		0.0003732210025191307	features.5.2.attn.proj.move_b4.bias	move_shift	features.5.2	features.5.2.attn.proj.move_b4
top_params	phase1f_ckpt2_to_ckpt3					384	0.009348208353428065	0.0019303075969219208	0.20648957788944244		0.00030709197744727135	features.5.3.attn.proj.move_b4.bias	move_shift	features.5.3	features.5.3.attn.proj.move_b4
top_params	phase1f_ckpt2_to_ckpt3					96	0.009203830613061006	0.0014462682884186506	0.1571376472711563		0.00047107296995818615	features.1.1.attn.move_v_aft.bias	move_shift	features.1.1	features.1.1.attn.move_v_aft
top_params	phase1f_ckpt2_to_ckpt3					96	0.009189899660212966	0.0013478925684466958	0.1466710865497589		0.00037661008536815643	features.1.1.attn.proj.move_b4.bias	move_shift	features.1.1	features.1.1.attn.proj.move_b4
top_params	phase1f_ckpt2_to_ckpt3					1536	0.009133374156801781	0.003362707793712616	0.36817803978919983		0.0003221244551241398	features.6.reduction.move_aft.bias	move_shift	features.6	features.6.reduction.move_aft
top_params	phase1f_ckpt2_to_ckpt3					768	0.008849567779124948	0.0033385581336915493	0.3772566318511963		0.0003978479653596878	features.7.0.attn.proj.move_aft.bias	move_shift	features.7.0	features.7.0.attn.proj.move_aft
top_params	phase1f_ckpt2_to_ckpt3					768	0.008630695646420319	0.003129354678094387	0.36258429288864136		0.0003902018070220947	features.7.1.attn.proj.move_b4.bias	move_shift	features.7.1	features.7.1.attn.proj.move_b4
top_params	phase1f_ckpt2_to_ckpt3					384	0.00860911386594423	0.0019340377766638994	0.224650040268898		0.0003067087382078171	features.5.3.attn.proj.move_aft.bias	move_shift	features.5.3	features.5.3.attn.proj.move_aft
top_params	phase1f_ckpt2_to_ckpt3					1536	0.008425539393176855	0.0033837624359875917	0.40160781145095825		0.00032951589673757553	features.6.reduction.move_b4.bias	move_shift	features.6	features.6.reduction.move_b4
top_params	phase1f_ckpt2_to_ckpt3					384	0.008403202368757608	0.004218732938170433	0.5020387172698975		0.0006210282444953918	features.5.0.mlp.fc1.move_aft.bias	move_shift	features.5.0	features.5.0.mlp.fc1.move_aft
top_params	phase1f_ckpt2_to_ckpt3					768	0.008302889963237577	0.004238603170961142	0.5104973316192627		0.0010687261819839478	features.7.0.attn.quant_x_4_qkv.move_b4.bias	act_quant	features.7.0	features.7.0.attn.quant_x_4_qkv
top_params	phase1f_ckpt2_to_ckpt3					384	0.008230197124583666	0.0020684730261564255	0.2513272762298584		0.0003866143524646759	features.5.2.attn.proj.move_aft.bias	move_shift	features.5.2	features.5.2.attn.proj.move_aft
top_params	phase1f_ckpt2_to_ckpt3					192	0.008153081930288731	0.002015142235904932	0.24716325104236603		0.0005205795168876648	features.3.0.attn.move_v_aft.bias	move_shift	features.3.0	features.3.0.attn.move_v_aft
top_params	phase1f_ckpt2_to_ckpt3					96	0.008080006633014902	0.0015245283721014857	0.18867909908294678		0.0004897629842162132	features.1.1.attn.move_v_b4.bias	move_shift	features.1.1	features.1.1.attn.move_v_b4
top_params	phase1f_ckpt2_to_ckpt3					768	0.007875588324569078	0.003800950711593032	0.482624351978302		0.0004723966121673584	features.7.0.attn.quant_x_4_qkv.move_aft.bias	act_quant	features.7.0	features.7.0.attn.quant_x_4_qkv
top_params	phase1f_ckpt2_to_ckpt3					384	0.0078099717084505246	0.0022065704688429832	0.2825324535369873		0.00037243112456053495	features.5.1.attn.proj.move_aft.bias	move_shift	features.5.1	features.5.1.attn.proj.move_aft
top_params	phase1f_ckpt2_to_ckpt3					384	0.007758113467498337	0.004063713364303112	0.5238017439842224		0.0006098402664065361	features.5.1.mlp.fc1.move_aft.bias	move_shift	features.5.1	features.5.1.mlp.fc1.move_aft
top_params	phase1f_ckpt2_to_ckpt3					384	0.007733936063739923	0.0026942179538309574	0.34836310148239136		0.0005311947898007929	features.5.0.attn.quant_x_4_qkv.move_aft.bias	act_quant	features.5.0	features.5.0.attn.quant_x_4_qkv
top_params	phase1f_ckpt2_to_ckpt3					384	0.0077285744343536696	0.002501930110156536	0.3237246572971344		0.00041603262070566416	features.5.0.attn.proj.move_aft.bias	move_shift	features.5.0	features.5.0.attn.proj.move_aft
top_params	phase1f_ckpt2_to_ckpt3					192	0.007681190481645254	0.001271481509320438	0.16553182899951935		0.00033578090369701385	features.3.1.attn.move_v_aft.bias	move_shift	features.3.1	features.3.1.attn.move_v_aft
top_params	phase1f_ckpt2_to_ckpt3					49	0.007527845834106238	0.0024781394749879837	0.32919636368751526		0.0007380656898021698	features.3.0.attn.quan_a_softmax_fn.s	act_quant	features.3.0	features.3.0.attn.quan_a_softmax_fn
top_params	phase1f_ckpt2_to_ckpt3					192	0.007425430776610866	0.0019785743206739426	0.266459196805954		0.0005129575729370117	features.3.0.attn.move_v_b4.bias	move_shift	features.3.0	features.3.0.attn.move_v_b4
top_params	phase1f_ckpt2_to_ckpt3					192	0.007397856041082769	0.0013103109085932374	0.1771203577518463		0.00036825984716415405	features.3.1.attn.move_v_b4.bias	move_shift	features.3.1	features.3.1.attn.move_v_b4
top_params	phase1f_ckpt2_to_ckpt3					384	0.007388604359812765	0.0016414565034210682	0.22216056287288666		0.0002773551968857646	features.5.4.attn.proj.move_b4.bias	move_shift	features.5.4	features.5.4.attn.proj.move_b4
top_params	phase1f_ckpt2_to_ckpt3					192	0.007367045478179761	0.0018684917595237494	0.25362837314605713		0.00040566781535744667	features.3.0.attn.proj.move_b4.bias	move_shift	features.3.0	features.3.0.attn.proj.move_b4
top_params	phase1f_ckpt2_to_ckpt3					1152	0.007323461578220009	0.016249071806669235	2.2187693119049072		0.0017509162425994873	features.3.1.attn.move_qkx_aft.bias	move_shift	features.3.1	features.3.1.attn.move_qkx_aft
top_params	phase1f_ckpt2_to_ckpt3					768	0.007267780376729587	0.004799043294042349	0.660317599773407		0.0007204711437225342	features.7.1.attn.quant_x_4_qkv.move_b4.bias	act_quant	features.7.1	features.7.1.attn.quant_x_4_qkv
top_params	phase1f_ckpt2_to_ckpt3					768	0.007243543745135905	0.0031000275630503893	0.42797112464904785		0.0004086233675479889	features.7.1.attn.proj.move_aft.bias	move_shift	features.7.1	features.7.1.attn.proj.move_aft
top_params	phase1f_ckpt2_to_ckpt3					4608	0.007216633609941715	0.03911722078919411	5.420424938201904		0.002199321985244751	features.5.2.attn.move_qkx_b4.bias	move_shift	features.5.2	features.5.2.attn.move_qkx_b4
top_params	phase1f_ckpt2_to_ckpt3					192	0.007132263564662026	0.0024211180862039328	0.33945998549461365		0.00045031867921352386	features.3.0.mlp.fc1.move_aft.bias	move_shift	features.3.0	features.3.0.mlp.fc1.move_aft
top_params	phase1f_ckpt2_to_ckpt3					768	0.007123983686243978	0.004649951588362455	0.6527178883552551		0.0004732869565486908	features.7.1.attn.quant_x_4_qkv.move_aft.bias	act_quant	features.7.1	features.7.1.attn.quant_x_4_qkv
top_params	phase1f_ckpt2_to_ckpt3					384	0.0070805931138091735	0.0026497882790863514	0.37423253059387207		0.000531194731593132	features.5.0.attn.quant_x_4_qkv.move_b4.bias	act_quant	features.5.0	features.5.0.attn.quant_x_4_qkv
top_params	phase1f_ckpt2_to_ckpt3					384	0.007034992685765746	0.0016515788156539202	0.23476624488830566		0.0002932887291535735	features.5.4.attn.proj.move_aft.bias	move_shift	features.5.4	features.5.4.attn.proj.move_aft
top_params	phase1f_ckpt2_to_ckpt3					192	0.006970266759619484	0.0012377018574625254	0.17756879329681396		0.000331047922372818	features.3.1.attn.proj.move_b4.bias	move_shift	features.3.1	features.3.1.attn.proj.move_b4
top_params	phase1f_ckpt2_to_ckpt3					4608	0.006934124628570419	0.03946124017238617	5.69087553024292		0.002039428800344467	features.5.4.attn.move_qkx_b4.bias	move_shift	features.5.4	features.5.4.attn.move_qkx_b4
top_params	phase1f_ckpt2_to_ckpt3					384	0.0069291959998182455	0.0031267686281353235	0.45124551653862		0.000500604510307312	features.5.5.attn.quant_x_4_qkv.move_aft.bias	act_quant	features.5.5	features.5.5.attn.quant_x_4_qkv
top_params	phase1f_ckpt2_to_ckpt3					288	0.006896087068128487	0.0075836144387722015	1.0996981859207153		0.0012576598674058914	features.1.1.attn.move_qkx_aft.bias	move_shift	features.1.1	features.1.1.attn.move_qkx_aft
top_params	phase1f_ckpt2_to_ckpt3					4608	0.00688941638285908	0.0392177440226078	5.69246244430542		0.002015523612499237	features.5.3.attn.move_qkx_b4.bias	move_shift	features.5.3	features.5.3.attn.move_qkx_b4
top_params	phase1f_ckpt2_to_ckpt3					384	0.006833390153611907	0.003235716838389635	0.4735155999660492		0.0005019344389438629	features.5.5.attn.quant_x_4_qkv.move_b4.bias	act_quant	features.5.5	features.5.5.attn.quant_x_4_qkv
top_params	phase1f_ckpt2_to_ckpt3					3072	0.006739210005149669	0.01393128652125597	2.0671987533569336		0.0010586753487586975	features.7.1.mlp.fc2.move_b4.bias	move_shift	features.7.1	features.7.1.mlp.fc2.move_b4
top_params	phase1f_ckpt2_to_ckpt3					4608	0.006713490371134626	0.038691215217113495	5.763204097747803		0.0021142009645700455	features.5.1.attn.move_qkx_b4.bias	move_shift	features.5.1	features.5.1.attn.move_qkx_b4
top_params	phase1f_ckpt2_to_ckpt3					1152	0.006700025567843068	0.01306166686117649	1.9494950771331787		0.0012186020612716675	features.3.0.attn.move_qkx_aft.bias	move_shift	features.3.0	features.3.0.attn.move_qkx_aft
