===== 10ep recipe E public-style W4A4-family feature-output + augmented teacher distill fixed-QKR soft-KD T=2.75 2026-07-06 02:43:42 =====
QATS=/mlx_devbox/users/quyanyi/playground/QATs
DATA=/tmp/imagenet1k_full_parquet
OUT=/mlx_devbox/users/quyanyi/playground/qat_public_repro/recipe10ep_e_featnorm_aug_fixed_qkr_softkd_t275_rebuild_20260706
TEACHER=/home/tiger/.cache/torch/hub/checkpoints/swin_t-704ceda3.pth
DEVICES=0,1,2,3,4,5,6,7
MASTER_PORT=30510
train_shards=294
validation_shards=14
549141c
0, NVIDIA H100 80GB HBM3, 7, 81559, 0
1, NVIDIA H100 80GB HBM3, 7, 81559, 0
2, NVIDIA H100 80GB HBM3, 7, 81559, 0
3, NVIDIA H100 80GB HBM3, 7, 81559, 0
4, NVIDIA H100 80GB HBM3, 7, 81559, 0
5, NVIDIA H100 80GB HBM3, 7, 81559, 0
6, NVIDIA H100 80GB HBM3, 7, 81559, 0
7, NVIDIA H100 80GB HBM3, 7, 81559, 0

/usr/local/lib/python3.11/dist-packages/requests/__init__.py:113: RequestsDependencyWarning: urllib3 (1.26.20) or chardet (7.4.3)/charset_normalizer (3.4.4) doesn't match a supported version!
  warnings.warn(
/usr/local/lib/python3.11/dist-packages/wandb/apis/public.py:3075: UserWarning: pkg_resources is deprecated as an API. See https://setuptools.pypa.io/en/latest/pkg_resources.html. The pkg_resources package is slated for removal as early as 2025-11-30. Refrain from using this package or pin to Setuptools<81.
  from pkg_resources import parse_version
[QATs] method=ofq
[QATs] cwd=/mlx_devbox/users/quyanyi/playground/QATs/third_party/OFQ
[QATs] command=/usr/bin/python3 train.py -c /mlx_devbox/users/quyanyi/playground/QATs/third_party/OFQ/configs/swin_t_imagenet.attn_q.yml --model swin_t /tmp/imagenet1k_full_parquet --dataset hf-parquet-imagenet --output /mlx_devbox/users/quyanyi/playground/qat_public_repro --experiment recipe10ep_e_featnorm_aug_fixed_qkr_softkd_t275_rebuild_20260706 --visible_gpu 0,1,2,3,4,5,6,7 --world_size 8 --tcp_port 30510 --model_type swin --teacher swin_t --teacher_type swin --epochs 10 --scheduler-epochs 10 --batch-size 64 --workers 8 --lr 0.0002 --weight-decay 0.0 --min-lr 1e-05 --checkpoint-hist 10 --epoch-checkpoint-interval 1 --wq-bitw 4 --wq-enable --aq-bitw 4 --aq-enable --wq-mode statsq --aq-mode lsq --wq-per-channel --aq-per-channel --aq_clip_learnable --pretrained --pretrained_initialized --use-kd --kd_hard_and_soft 0 --teacher_pretrained --teacher-checkpoint /home/tiger/.cache/torch/hub/checkpoints/swin_t-704ceda3.pth --quantized --qk_reparam --qk_reparam_type 0 --teacher-feature-output-weight 0.005 --teacher-feature-output-layers features.5.5,features.7.1 --teacher-feature-output-loss norm_mse --teacher-soft-temperature 2.75 --quant-lr-multiplier 4.0 --static-graph --smoothing 0.1 --mixup 0.0 --cutmix 0.0 --aa rand-m9-mstd0.5-inc1 --color-jitter 0.4 --reprob 0.25 --log-interval 50 --seed 42
/usr/local/lib/python3.11/dist-packages/requests/__init__.py:113: RequestsDependencyWarning: urllib3 (1.26.20) or chardet (7.4.3)/charset_normalizer (3.4.4) doesn't match a supported version!
  warnings.warn(
/usr/local/lib/python3.11/dist-packages/requests/__init__.py:113: RequestsDependencyWarning: urllib3 (1.26.20) or chardet (7.4.3)/charset_normalizer (3.4.4) doesn't match a supported version!
  warnings.warn(
/usr/local/lib/python3.11/dist-packages/requests/__init__.py:113: RequestsDependencyWarning: urllib3 (1.26.20) or chardet (7.4.3)/charset_normalizer (3.4.4) doesn't match a supported version!
  warnings.warn(
/usr/local/lib/python3.11/dist-packages/requests/__init__.py:113: RequestsDependencyWarning: urllib3 (1.26.20) or chardet (7.4.3)/charset_normalizer (3.4.4) doesn't match a supported version!
  warnings.warn(
/usr/local/lib/python3.11/dist-packages/requests/__init__.py:113: RequestsDependencyWarning: urllib3 (1.26.20) or chardet (7.4.3)/charset_normalizer (3.4.4) doesn't match a supported version!
  warnings.warn(
/usr/local/lib/python3.11/dist-packages/requests/__init__.py:113: RequestsDependencyWarning: urllib3 (1.26.20) or chardet (7.4.3)/charset_normalizer (3.4.4) doesn't match a supported version!
  warnings.warn(
/usr/local/lib/python3.11/dist-packages/requests/__init__.py:113: RequestsDependencyWarning: urllib3 (1.26.20) or chardet (7.4.3)/charset_normalizer (3.4.4) doesn't match a supported version!
  warnings.warn(
/usr/local/lib/python3.11/dist-packages/requests/__init__.py:113: RequestsDependencyWarning: urllib3 (1.26.20) or chardet (7.4.3)/charset_normalizer (3.4.4) doesn't match a supported version!
  warnings.warn(
/usr/local/lib/python3.11/dist-packages/wandb/apis/public.py:3075: UserWarning: pkg_resources is deprecated as an API. See https://setuptools.pypa.io/en/latest/pkg_resources.html. The pkg_resources package is slated for removal as early as 2025-11-30. Refrain from using this package or pin to Setuptools<81.
  from pkg_resources import parse_version
/usr/local/lib/python3.11/dist-packages/wandb/apis/public.py:3075: UserWarning: pkg_resources is deprecated as an API. See https://setuptools.pypa.io/en/latest/pkg_resources.html. The pkg_resources package is slated for removal as early as 2025-11-30. Refrain from using this package or pin to Setuptools<81.
  from pkg_resources import parse_version
/usr/local/lib/python3.11/dist-packages/wandb/apis/public.py:3075: UserWarning: pkg_resources is deprecated as an API. See https://setuptools.pypa.io/en/latest/pkg_resources.html. The pkg_resources package is slated for removal as early as 2025-11-30. Refrain from using this package or pin to Setuptools<81.
  from pkg_resources import parse_version
/usr/local/lib/python3.11/dist-packages/wandb/apis/public.py:3075: UserWarning: pkg_resources is deprecated as an API. See https://setuptools.pypa.io/en/latest/pkg_resources.html. The pkg_resources package is slated for removal as early as 2025-11-30. Refrain from using this package or pin to Setuptools<81.
  from pkg_resources import parse_version
/usr/local/lib/python3.11/dist-packages/wandb/apis/public.py:3075: UserWarning: pkg_resources is deprecated as an API. See https://setuptools.pypa.io/en/latest/pkg_resources.html. The pkg_resources package is slated for removal as early as 2025-11-30. Refrain from using this package or pin to Setuptools<81.
  from pkg_resources import parse_version
/usr/local/lib/python3.11/dist-packages/wandb/apis/public.py:3075: UserWarning: pkg_resources is deprecated as an API. See https://setuptools.pypa.io/en/latest/pkg_resources.html. The pkg_resources package is slated for removal as early as 2025-11-30. Refrain from using this package or pin to Setuptools<81.
  from pkg_resources import parse_version
/usr/local/lib/python3.11/dist-packages/wandb/apis/public.py:3075: UserWarning: pkg_resources is deprecated as an API. See https://setuptools.pypa.io/en/latest/pkg_resources.html. The pkg_resources package is slated for removal as early as 2025-11-30. Refrain from using this package or pin to Setuptools<81.
  from pkg_resources import parse_version
/usr/local/lib/python3.11/dist-packages/wandb/apis/public.py:3075: UserWarning: pkg_resources is deprecated as an API. See https://setuptools.pypa.io/en/latest/pkg_resources.html. The pkg_resources package is slated for removal as early as 2025-11-30. Refrain from using this package or pin to Setuptools<81.
  from pkg_resources import parse_version
load pretrained
load pretrained
load pretrained
load pretrained
load pretrained
load pretrained
load pretrained
load pretrained
load pretrained
Loaded state_dict from checkpoint '/home/tiger/.cache/torch/hub/checkpoints/swin_t-704ceda3.pth'
load pretrained
create teacher model
Loaded state_dict from checkpoint '/home/tiger/.cache/torch/hub/checkpoints/swin_t-704ceda3.pth'
load pretrained
Loaded state_dict from checkpoint '/home/tiger/.cache/torch/hub/checkpoints/swin_t-704ceda3.pth'
load pretrained
load pretrained
load pretrained
load pretrained
load pretrained
Loaded state_dict from checkpoint '/home/tiger/.cache/torch/hub/checkpoints/swin_t-704ceda3.pth'
Loaded state_dict from checkpoint '/home/tiger/.cache/torch/hub/checkpoints/swin_t-704ceda3.pth'
Loaded state_dict from checkpoint '/home/tiger/.cache/torch/hub/checkpoints/swin_t-704ceda3.pth'
Loaded state_dict from checkpoint '/home/tiger/.cache/torch/hub/checkpoints/swin_t-704ceda3.pth'
Loaded state_dict from checkpoint '/home/tiger/.cache/torch/hub/checkpoints/swin_t-704ceda3.pth'
Using OFQ CUDA AMP dtype=bf16, loss_scaler=disabled
Data processing configuration for current model + dataset:
	input_size: (3, 224, 224)
	interpolation: bicubic
	mean: (0.485, 0.456, 0.406)
	std: (0.229, 0.224, 0.225)
	crop_pct: 0.9
160146
6250
setup alpha batches=1
/usr/local/lib/python3.11/dist-packages/requests/__init__.py:113: RequestsDependencyWarning: urllib3 (1.26.20) or chardet (7.4.3)/charset_normalizer (3.4.4) doesn't match a supported version!
  warnings.warn(
/usr/local/lib/python3.11/dist-packages/requests/__init__.py:113: RequestsDependencyWarning: urllib3 (1.26.20) or chardet (7.4.3)/charset_normalizer (3.4.4) doesn't match a supported version!
  warnings.warn(
/usr/local/lib/python3.11/dist-packages/requests/__init__.py:113: RequestsDependencyWarning: urllib3 (1.26.20) or chardet (7.4.3)/charset_normalizer (3.4.4) doesn't match a supported version!
  warnings.warn(
/usr/local/lib/python3.11/dist-packages/requests/__init__.py:113: RequestsDependencyWarning: urllib3 (1.26.20) or chardet (7.4.3)/charset_normalizer (3.4.4) doesn't match a supported version!
  warnings.warn(
/usr/local/lib/python3.11/dist-packages/requests/__init__.py:113: RequestsDependencyWarning: urllib3 (1.26.20) or chardet (7.4.3)/charset_normalizer (3.4.4) doesn't match a supported version!
  warnings.warn(
/usr/local/lib/python3.11/dist-packages/requests/__init__.py:113: RequestsDependencyWarning: urllib3 (1.26.20) or chardet (7.4.3)/charset_normalizer (3.4.4) doesn't match a supported version!
  warnings.warn(
/usr/local/lib/python3.11/dist-packages/requests/__init__.py:113: RequestsDependencyWarning: urllib3 (1.26.20) or chardet (7.4.3)/charset_normalizer (3.4.4) doesn't match a supported version!
  warnings.warn(
/usr/local/lib/python3.11/dist-packages/requests/__init__.py:113: RequestsDependencyWarning: urllib3 (1.26.20) or chardet (7.4.3)/charset_normalizer (3.4.4) doesn't match a supported version!
  warnings.warn(
/usr/local/lib/python3.11/dist-packages/requests/__init__.py:113: RequestsDependencyWarning: urllib3 (1.26.20) or chardet (7.4.3)/charset_normalizer (3.4.4) doesn't match a supported version!
  warnings.warn(
/usr/local/lib/python3.11/dist-packages/requests/__init__.py:113: RequestsDependencyWarning: urllib3 (1.26.20) or chardet (7.4.3)/charset_normalizer (3.4.4) doesn't match a supported version!
  warnings.warn(
/usr/local/lib/python3.11/dist-packages/requests/__init__.py:113: RequestsDependencyWarning: urllib3 (1.26.20) or chardet (7.4.3)/charset_normalizer (3.4.4) doesn't match a supported version!
  warnings.warn(
/usr/local/lib/python3.11/dist-packages/requests/__init__.py:113: RequestsDependencyWarning: urllib3 (1.26.20) or chardet (7.4.3)/charset_normalizer (3.4.4) doesn't match a supported version!
  warnings.warn(
/usr/local/lib/python3.11/dist-packages/requests/__init__.py:113: RequestsDependencyWarning: urllib3 (1.26.20) or chardet (7.4.3)/charset_normalizer (3.4.4) doesn't match a supported version!
  warnings.warn(
/usr/local/lib/python3.11/dist-packages/requests/__init__.py:113: RequestsDependencyWarning: urllib3 (1.26.20) or chardet (7.4.3)/charset_normalizer (3.4.4) doesn't match a supported version!
  warnings.warn(
/usr/local/lib/python3.11/dist-packages/requests/__init__.py:113: RequestsDependencyWarning: urllib3 (1.26.20) or chardet (7.4.3)/charset_normalizer (3.4.4) doesn't match a supported version!
  warnings.warn(
/usr/local/lib/python3.11/dist-packages/requests/__init__.py:113: RequestsDependencyWarning: urllib3 (1.26.20) or chardet (7.4.3)/charset_normalizer (3.4.4) doesn't match a supported version!
  warnings.warn(
/usr/local/lib/python3.11/dist-packages/requests/__init__.py:113: RequestsDependencyWarning: urllib3 (1.26.20) or chardet (7.4.3)/charset_normalizer (3.4.4) doesn't match a supported version!
  warnings.warn(
/usr/local/lib/python3.11/dist-packages/requests/__init__.py:113: RequestsDependencyWarning: urllib3 (1.26.20) or chardet (7.4.3)/charset_normalizer (3.4.4) doesn't match a supported version!
  warnings.warn(
/usr/local/lib/python3.11/dist-packages/requests/__init__.py:113: RequestsDependencyWarning: urllib3 (1.26.20) or chardet (7.4.3)/charset_normalizer (3.4.4) doesn't match a supported version!
  warnings.warn(
/usr/local/lib/python3.11/dist-packages/requests/__init__.py:113: RequestsDependencyWarning: urllib3 (1.26.20) or chardet (7.4.3)/charset_normalizer (3.4.4) doesn't match a supported version!
  warnings.warn(
/usr/local/lib/python3.11/dist-packages/requests/__init__.py:113: RequestsDependencyWarning: urllib3 (1.26.20) or chardet (7.4.3)/charset_normalizer (3.4.4) doesn't match a supported version!
  warnings.warn(
/usr/local/lib/python3.11/dist-packages/requests/__init__.py:113: RequestsDependencyWarning: urllib3 (1.26.20) or chardet (7.4.3)/charset_normalizer (3.4.4) doesn't match a supported version!
  warnings.warn(
/usr/local/lib/python3.11/dist-packages/requests/__init__.py:113: RequestsDependencyWarning: urllib3 (1.26.20) or chardet (7.4.3)/charset_normalizer (3.4.4) doesn't match a supported version!
  warnings.warn(
/usr/local/lib/python3.11/dist-packages/requests/__init__.py:113: RequestsDependencyWarning: urllib3 (1.26.20) or chardet (7.4.3)/charset_normalizer (3.4.4) doesn't match a supported version!
  warnings.warn(
/usr/local/lib/python3.11/dist-packages/requests/__init__.py:113: RequestsDependencyWarning: urllib3 (1.26.20) or chardet (7.4.3)/charset_normalizer (3.4.4) doesn't match a supported version!
  warnings.warn(
/usr/local/lib/python3.11/dist-packages/requests/__init__.py:113: RequestsDependencyWarning: urllib3 (1.26.20) or chardet (7.4.3)/charset_normalizer (3.4.4) doesn't match a supported version!
  warnings.warn(
/usr/local/lib/python3.11/dist-packages/requests/__init__.py:113: RequestsDependencyWarning: urllib3 (1.26.20) or chardet (7.4.3)/charset_normalizer (3.4.4) doesn't match a supported version!
  warnings.warn(
/usr/local/lib/python3.11/dist-packages/requests/__init__.py:113: RequestsDependencyWarning: urllib3 (1.26.20) or chardet (7.4.3)/charset_normalizer (3.4.4) doesn't match a supported version!
  warnings.warn(
/usr/local/lib/python3.11/dist-packages/requests/__init__.py:113: RequestsDependencyWarning: urllib3 (1.26.20) or chardet (7.4.3)/charset_normalizer (3.4.4) doesn't match a supported version!
  warnings.warn(
/usr/local/lib/python3.11/dist-packages/requests/__init__.py:113: RequestsDependencyWarning: urllib3 (1.26.20) or chardet (7.4.3)/charset_normalizer (3.4.4) doesn't match a supported version!
  warnings.warn(
/usr/local/lib/python3.11/dist-packages/requests/__init__.py:113: RequestsDependencyWarning: urllib3 (1.26.20) or chardet (7.4.3)/charset_normalizer (3.4.4) doesn't match a supported version!
  warnings.warn(
/usr/local/lib/python3.11/dist-packages/requests/__init__.py:113: RequestsDependencyWarning: urllib3 (1.26.20) or chardet (7.4.3)/charset_normalizer (3.4.4) doesn't match a supported version!
  warnings.warn(
/usr/local/lib/python3.11/dist-packages/requests/__init__.py:113: RequestsDependencyWarning: urllib3 (1.26.20) or chardet (7.4.3)/charset_normalizer (3.4.4) doesn't match a supported version!
  warnings.warn(
/usr/local/lib/python3.11/dist-packages/requests/__init__.py:113: RequestsDependencyWarning: urllib3 (1.26.20) or chardet (7.4.3)/charset_normalizer (3.4.4) doesn't match a supported version!
  warnings.warn(
/usr/local/lib/python3.11/dist-packages/requests/__init__.py:113: RequestsDependencyWarning: urllib3 (1.26.20) or chardet (7.4.3)/charset_normalizer (3.4.4) doesn't match a supported version!
  warnings.warn(
/usr/local/lib/python3.11/dist-packages/requests/__init__.py:113: RequestsDependencyWarning: urllib3 (1.26.20) or chardet (7.4.3)/charset_normalizer (3.4.4) doesn't match a supported version!
  warnings.warn(
/usr/local/lib/python3.11/dist-packages/requests/__init__.py:113: RequestsDependencyWarning: urllib3 (1.26.20) or chardet (7.4.3)/charset_normalizer (3.4.4) doesn't match a supported version!
  warnings.warn(
/usr/local/lib/python3.11/dist-packages/requests/__init__.py:113: RequestsDependencyWarning: urllib3 (1.26.20) or chardet (7.4.3)/charset_normalizer (3.4.4) doesn't match a supported version!
  warnings.warn(
/usr/local/lib/python3.11/dist-packages/requests/__init__.py:113: RequestsDependencyWarning: urllib3 (1.26.20) or chardet (7.4.3)/charset_normalizer (3.4.4) doesn't match a supported version!
  warnings.warn(
/usr/local/lib/python3.11/dist-packages/requests/__init__.py:113: RequestsDependencyWarning: urllib3 (1.26.20) or chardet (7.4.3)/charset_normalizer (3.4.4) doesn't match a supported version!
  warnings.warn(
/usr/local/lib/python3.11/dist-packages/requests/__init__.py:113: RequestsDependencyWarning: urllib3 (1.26.20) or chardet (7.4.3)/charset_normalizer (3.4.4) doesn't match a supported version!
  warnings.warn(
/usr/local/lib/python3.11/dist-packages/requests/__init__.py:113: RequestsDependencyWarning: urllib3 (1.26.20) or chardet (7.4.3)/charset_normalizer (3.4.4) doesn't match a supported version!
  warnings.warn(
/usr/local/lib/python3.11/dist-packages/requests/__init__.py:113: RequestsDependencyWarning: urllib3 (1.26.20) or chardet (7.4.3)/charset_normalizer (3.4.4) doesn't match a supported version!
  warnings.warn(
/usr/local/lib/python3.11/dist-packages/requests/__init__.py:113: RequestsDependencyWarning: urllib3 (1.26.20) or chardet (7.4.3)/charset_normalizer (3.4.4) doesn't match a supported version!
  warnings.warn(
/usr/local/lib/python3.11/dist-packages/requests/__init__.py:113: RequestsDependencyWarning: urllib3 (1.26.20) or chardet (7.4.3)/charset_normalizer (3.4.4) doesn't match a supported version!
  warnings.warn(
/usr/local/lib/python3.11/dist-packages/requests/__init__.py:113: RequestsDependencyWarning: urllib3 (1.26.20) or chardet (7.4.3)/charset_normalizer (3.4.4) doesn't match a supported version!
  warnings.warn(
/usr/local/lib/python3.11/dist-packages/requests/__init__.py:113: RequestsDependencyWarning: urllib3 (1.26.20) or chardet (7.4.3)/charset_normalizer (3.4.4) doesn't match a supported version!
  warnings.warn(
/usr/local/lib/python3.11/dist-packages/requests/__init__.py:113: RequestsDependencyWarning: urllib3 (1.26.20) or chardet (7.4.3)/charset_normalizer (3.4.4) doesn't match a supported version!
  warnings.warn(
/usr/local/lib/python3.11/dist-packages/requests/__init__.py:113: RequestsDependencyWarning: urllib3 (1.26.20) or chardet (7.4.3)/charset_normalizer (3.4.4) doesn't match a supported version!
  warnings.warn(
/usr/local/lib/python3.11/dist-packages/requests/__init__.py:113: RequestsDependencyWarning: urllib3 (1.26.20) or chardet (7.4.3)/charset_normalizer (3.4.4) doesn't match a supported version!
  warnings.warn(
/usr/local/lib/python3.11/dist-packages/requests/__init__.py:113: RequestsDependencyWarning: urllib3 (1.26.20) or chardet (7.4.3)/charset_normalizer (3.4.4) doesn't match a supported version!
  warnings.warn(
/usr/local/lib/python3.11/dist-packages/requests/__init__.py:113: RequestsDependencyWarning: urllib3 (1.26.20) or chardet (7.4.3)/charset_normalizer (3.4.4) doesn't match a supported version!
  warnings.warn(
/usr/local/lib/python3.11/dist-packages/requests/__init__.py:113: RequestsDependencyWarning: urllib3 (1.26.20) or chardet (7.4.3)/charset_normalizer (3.4.4) doesn't match a supported version!
  warnings.warn(
/usr/local/lib/python3.11/dist-packages/requests/__init__.py:113: RequestsDependencyWarning: urllib3 (1.26.20) or chardet (7.4.3)/charset_normalizer (3.4.4) doesn't match a supported version!
  warnings.warn(
/usr/local/lib/python3.11/dist-packages/requests/__init__.py:113: RequestsDependencyWarning: urllib3 (1.26.20) or chardet (7.4.3)/charset_normalizer (3.4.4) doesn't match a supported version!
  warnings.warn(
/usr/local/lib/python3.11/dist-packages/requests/__init__.py:113: RequestsDependencyWarning: urllib3 (1.26.20) or chardet (7.4.3)/charset_normalizer (3.4.4) doesn't match a supported version!
  warnings.warn(
/usr/local/lib/python3.11/dist-packages/requests/__init__.py:113: RequestsDependencyWarning: urllib3 (1.26.20) or chardet (7.4.3)/charset_normalizer (3.4.4) doesn't match a supported version!
  warnings.warn(
/usr/local/lib/python3.11/dist-packages/requests/__init__.py:113: RequestsDependencyWarning: urllib3 (1.26.20) or chardet (7.4.3)/charset_normalizer (3.4.4) doesn't match a supported version!
  warnings.warn(
/usr/local/lib/python3.11/dist-packages/requests/__init__.py:113: RequestsDependencyWarning: urllib3 (1.26.20) or chardet (7.4.3)/charset_normalizer (3.4.4) doesn't match a supported version!
  warnings.warn(
/usr/local/lib/python3.11/dist-packages/requests/__init__.py:113: RequestsDependencyWarning: urllib3 (1.26.20) or chardet (7.4.3)/charset_normalizer (3.4.4) doesn't match a supported version!
  warnings.warn(
/usr/local/lib/python3.11/dist-packages/requests/__init__.py:113: RequestsDependencyWarning: urllib3 (1.26.20) or chardet (7.4.3)/charset_normalizer (3.4.4) doesn't match a supported version!
  warnings.warn(
/usr/local/lib/python3.11/dist-packages/requests/__init__.py:113: RequestsDependencyWarning: urllib3 (1.26.20) or chardet (7.4.3)/charset_normalizer (3.4.4) doesn't match a supported version!
  warnings.warn(
/usr/local/lib/python3.11/dist-packages/requests/__init__.py:113: RequestsDependencyWarning: urllib3 (1.26.20) or chardet (7.4.3)/charset_normalizer (3.4.4) doesn't match a supported version!
  warnings.warn(
/usr/local/lib/python3.11/dist-packages/requests/__init__.py:113: RequestsDependencyWarning: urllib3 (1.26.20) or chardet (7.4.3)/charset_normalizer (3.4.4) doesn't match a supported version!
  warnings.warn(
/usr/local/lib/python3.11/dist-packages/wandb/apis/public.py:3075: UserWarning: pkg_resources is deprecated as an API. See https://setuptools.pypa.io/en/latest/pkg_resources.html. The pkg_resources package is slated for removal as early as 2025-11-30. Refrain from using this package or pin to Setuptools<81.
  from pkg_resources import parse_version
/usr/local/lib/python3.11/dist-packages/wandb/apis/public.py:3075: UserWarning: pkg_resources is deprecated as an API. See https://setuptools.pypa.io/en/latest/pkg_resources.html. The pkg_resources package is slated for removal as early as 2025-11-30. Refrain from using this package or pin to Setuptools<81.
  from pkg_resources import parse_version
/usr/local/lib/python3.11/dist-packages/wandb/apis/public.py:3075: UserWarning: pkg_resources is deprecated as an API. See https://setuptools.pypa.io/en/latest/pkg_resources.html. The pkg_resources package is slated for removal as early as 2025-11-30. Refrain from using this package or pin to Setuptools<81.
  from pkg_resources import parse_version
/usr/local/lib/python3.11/dist-packages/wandb/apis/public.py:3075: UserWarning: pkg_resources is deprecated as an API. See https://setuptools.pypa.io/en/latest/pkg_resources.html. The pkg_resources package is slated for removal as early as 2025-11-30. Refrain from using this package or pin to Setuptools<81.
  from pkg_resources import parse_version
/usr/local/lib/python3.11/dist-packages/wandb/apis/public.py:3075: UserWarning: pkg_resources is deprecated as an API. See https://setuptools.pypa.io/en/latest/pkg_resources.html. The pkg_resources package is slated for removal as early as 2025-11-30. Refrain from using this package or pin to Setuptools<81.
  from pkg_resources import parse_version
/usr/local/lib/python3.11/dist-packages/wandb/apis/public.py:3075: UserWarning: pkg_resources is deprecated as an API. See https://setuptools.pypa.io/en/latest/pkg_resources.html. The pkg_resources package is slated for removal as early as 2025-11-30. Refrain from using this package or pin to Setuptools<81.
  from pkg_resources import parse_version
/usr/local/lib/python3.11/dist-packages/wandb/apis/public.py:3075: UserWarning: pkg_resources is deprecated as an API. See https://setuptools.pypa.io/en/latest/pkg_resources.html. The pkg_resources package is slated for removal as early as 2025-11-30. Refrain from using this package or pin to Setuptools<81.
  from pkg_resources import parse_version
/usr/local/lib/python3.11/dist-packages/wandb/apis/public.py:3075: UserWarning: pkg_resources is deprecated as an API. See https://setuptools.pypa.io/en/latest/pkg_resources.html. The pkg_resources package is slated for removal as early as 2025-11-30. Refrain from using this package or pin to Setuptools<81.
  from pkg_resources import parse_version
/usr/local/lib/python3.11/dist-packages/wandb/apis/public.py:3075: UserWarning: pkg_resources is deprecated as an API. See https://setuptools.pypa.io/en/latest/pkg_resources.html. The pkg_resources package is slated for removal as early as 2025-11-30. Refrain from using this package or pin to Setuptools<81.
  from pkg_resources import parse_version
/usr/local/lib/python3.11/dist-packages/wandb/apis/public.py:3075: UserWarning: pkg_resources is deprecated as an API. See https://setuptools.pypa.io/en/latest/pkg_resources.html. The pkg_resources package is slated for removal as early as 2025-11-30. Refrain from using this package or pin to Setuptools<81.
  from pkg_resources import parse_version
/usr/local/lib/python3.11/dist-packages/wandb/apis/public.py:3075: UserWarning: pkg_resources is deprecated as an API. See https://setuptools.pypa.io/en/latest/pkg_resources.html. The pkg_resources package is slated for removal as early as 2025-11-30. Refrain from using this package or pin to Setuptools<81.
  from pkg_resources import parse_version
/usr/local/lib/python3.11/dist-packages/wandb/apis/public.py:3075: UserWarning: pkg_resources is deprecated as an API. See https://setuptools.pypa.io/en/latest/pkg_resources.html. The pkg_resources package is slated for removal as early as 2025-11-30. Refrain from using this package or pin to Setuptools<81.
  from pkg_resources import parse_version
/usr/local/lib/python3.11/dist-packages/wandb/apis/public.py:3075: UserWarning: pkg_resources is deprecated as an API. See https://setuptools.pypa.io/en/latest/pkg_resources.html. The pkg_resources package is slated for removal as early as 2025-11-30. Refrain from using this package or pin to Setuptools<81.
  from pkg_resources import parse_version
/usr/local/lib/python3.11/dist-packages/wandb/apis/public.py:3075: UserWarning: pkg_resources is deprecated as an API. See https://setuptools.pypa.io/en/latest/pkg_resources.html. The pkg_resources package is slated for removal as early as 2025-11-30. Refrain from using this package or pin to Setuptools<81.
  from pkg_resources import parse_version
/usr/local/lib/python3.11/dist-packages/wandb/apis/public.py:3075: UserWarning: pkg_resources is deprecated as an API. See https://setuptools.pypa.io/en/latest/pkg_resources.html. The pkg_resources package is slated for removal as early as 2025-11-30. Refrain from using this package or pin to Setuptools<81.
  from pkg_resources import parse_version
/usr/local/lib/python3.11/dist-packages/wandb/apis/public.py:3075: UserWarning: pkg_resources is deprecated as an API. See https://setuptools.pypa.io/en/latest/pkg_resources.html. The pkg_resources package is slated for removal as early as 2025-11-30. Refrain from using this package or pin to Setuptools<81.
  from pkg_resources import parse_version
/usr/local/lib/python3.11/dist-packages/wandb/apis/public.py:3075: UserWarning: pkg_resources is deprecated as an API. See https://setuptools.pypa.io/en/latest/pkg_resources.html. The pkg_resources package is slated for removal as early as 2025-11-30. Refrain from using this package or pin to Setuptools<81.
  from pkg_resources import parse_version
/usr/local/lib/python3.11/dist-packages/wandb/apis/public.py:3075: UserWarning: pkg_resources is deprecated as an API. See https://setuptools.pypa.io/en/latest/pkg_resources.html. The pkg_resources package is slated for removal as early as 2025-11-30. Refrain from using this package or pin to Setuptools<81.
  from pkg_resources import parse_version
/usr/local/lib/python3.11/dist-packages/wandb/apis/public.py:3075: UserWarning: pkg_resources is deprecated as an API. See https://setuptools.pypa.io/en/latest/pkg_resources.html. The pkg_resources package is slated for removal as early as 2025-11-30. Refrain from using this package or pin to Setuptools<81.
  from pkg_resources import parse_version
/usr/local/lib/python3.11/dist-packages/wandb/apis/public.py:3075: UserWarning: pkg_resources is deprecated as an API. See https://setuptools.pypa.io/en/latest/pkg_resources.html. The pkg_resources package is slated for removal as early as 2025-11-30. Refrain from using this package or pin to Setuptools<81.
  from pkg_resources import parse_version
/usr/local/lib/python3.11/dist-packages/wandb/apis/public.py:3075: UserWarning: pkg_resources is deprecated as an API. See https://setuptools.pypa.io/en/latest/pkg_resources.html. The pkg_resources package is slated for removal as early as 2025-11-30. Refrain from using this package or pin to Setuptools<81.
  from pkg_resources import parse_version
/usr/local/lib/python3.11/dist-packages/wandb/apis/public.py:3075: UserWarning: pkg_resources is deprecated as an API. See https://setuptools.pypa.io/en/latest/pkg_resources.html. The pkg_resources package is slated for removal as early as 2025-11-30. Refrain from using this package or pin to Setuptools<81.
  from pkg_resources import parse_version
/usr/local/lib/python3.11/dist-packages/wandb/apis/public.py:3075: UserWarning: pkg_resources is deprecated as an API. See https://setuptools.pypa.io/en/latest/pkg_resources.html. The pkg_resources package is slated for removal as early as 2025-11-30. Refrain from using this package or pin to Setuptools<81.
  from pkg_resources import parse_version
/usr/local/lib/python3.11/dist-packages/wandb/apis/public.py:3075: UserWarning: pkg_resources is deprecated as an API. See https://setuptools.pypa.io/en/latest/pkg_resources.html. The pkg_resources package is slated for removal as early as 2025-11-30. Refrain from using this package or pin to Setuptools<81.
  from pkg_resources import parse_version
/usr/local/lib/python3.11/dist-packages/wandb/apis/public.py:3075: UserWarning: pkg_resources is deprecated as an API. See https://setuptools.pypa.io/en/latest/pkg_resources.html. The pkg_resources package is slated for removal as early as 2025-11-30. Refrain from using this package or pin to Setuptools<81.
  from pkg_resources import parse_version
/usr/local/lib/python3.11/dist-packages/wandb/apis/public.py:3075: UserWarning: pkg_resources is deprecated as an API. See https://setuptools.pypa.io/en/latest/pkg_resources.html. The pkg_resources package is slated for removal as early as 2025-11-30. Refrain from using this package or pin to Setuptools<81.
  from pkg_resources import parse_version
/usr/local/lib/python3.11/dist-packages/wandb/apis/public.py:3075: UserWarning: pkg_resources is deprecated as an API. See https://setuptools.pypa.io/en/latest/pkg_resources.html. The pkg_resources package is slated for removal as early as 2025-11-30. Refrain from using this package or pin to Setuptools<81.
  from pkg_resources import parse_version
/usr/local/lib/python3.11/dist-packages/wandb/apis/public.py:3075: UserWarning: pkg_resources is deprecated as an API. See https://setuptools.pypa.io/en/latest/pkg_resources.html. The pkg_resources package is slated for removal as early as 2025-11-30. Refrain from using this package or pin to Setuptools<81.
  from pkg_resources import parse_version
/usr/local/lib/python3.11/dist-packages/wandb/apis/public.py:3075: UserWarning: pkg_resources is deprecated as an API. See https://setuptools.pypa.io/en/latest/pkg_resources.html. The pkg_resources package is slated for removal as early as 2025-11-30. Refrain from using this package or pin to Setuptools<81.
  from pkg_resources import parse_version
/usr/local/lib/python3.11/dist-packages/wandb/apis/public.py:3075: UserWarning: pkg_resources is deprecated as an API. See https://setuptools.pypa.io/en/latest/pkg_resources.html. The pkg_resources package is slated for removal as early as 2025-11-30. Refrain from using this package or pin to Setuptools<81.
  from pkg_resources import parse_version
/usr/local/lib/python3.11/dist-packages/wandb/apis/public.py:3075: UserWarning: pkg_resources is deprecated as an API. See https://setuptools.pypa.io/en/latest/pkg_resources.html. The pkg_resources package is slated for removal as early as 2025-11-30. Refrain from using this package or pin to Setuptools<81.
  from pkg_resources import parse_version
/usr/local/lib/python3.11/dist-packages/wandb/apis/public.py:3075: UserWarning: pkg_resources is deprecated as an API. See https://setuptools.pypa.io/en/latest/pkg_resources.html. The pkg_resources package is slated for removal as early as 2025-11-30. Refrain from using this package or pin to Setuptools<81.
  from pkg_resources import parse_version
/usr/local/lib/python3.11/dist-packages/wandb/apis/public.py:3075: UserWarning: pkg_resources is deprecated as an API. See https://setuptools.pypa.io/en/latest/pkg_resources.html. The pkg_resources package is slated for removal as early as 2025-11-30. Refrain from using this package or pin to Setuptools<81.
  from pkg_resources import parse_version
/usr/local/lib/python3.11/dist-packages/wandb/apis/public.py:3075: UserWarning: pkg_resources is deprecated as an API. See https://setuptools.pypa.io/en/latest/pkg_resources.html. The pkg_resources package is slated for removal as early as 2025-11-30. Refrain from using this package or pin to Setuptools<81.
  from pkg_resources import parse_version
/usr/local/lib/python3.11/dist-packages/wandb/apis/public.py:3075: UserWarning: pkg_resources is deprecated as an API. See https://setuptools.pypa.io/en/latest/pkg_resources.html. The pkg_resources package is slated for removal as early as 2025-11-30. Refrain from using this package or pin to Setuptools<81.
  from pkg_resources import parse_version
/usr/local/lib/python3.11/dist-packages/wandb/apis/public.py:3075: UserWarning: pkg_resources is deprecated as an API. See https://setuptools.pypa.io/en/latest/pkg_resources.html. The pkg_resources package is slated for removal as early as 2025-11-30. Refrain from using this package or pin to Setuptools<81.
  from pkg_resources import parse_version
/usr/local/lib/python3.11/dist-packages/wandb/apis/public.py:3075: UserWarning: pkg_resources is deprecated as an API. See https://setuptools.pypa.io/en/latest/pkg_resources.html. The pkg_resources package is slated for removal as early as 2025-11-30. Refrain from using this package or pin to Setuptools<81.
  from pkg_resources import parse_version
/usr/local/lib/python3.11/dist-packages/wandb/apis/public.py:3075: UserWarning: pkg_resources is deprecated as an API. See https://setuptools.pypa.io/en/latest/pkg_resources.html. The pkg_resources package is slated for removal as early as 2025-11-30. Refrain from using this package or pin to Setuptools<81.
  from pkg_resources import parse_version
/usr/local/lib/python3.11/dist-packages/wandb/apis/public.py:3075: UserWarning: pkg_resources is deprecated as an API. See https://setuptools.pypa.io/en/latest/pkg_resources.html. The pkg_resources package is slated for removal as early as 2025-11-30. Refrain from using this package or pin to Setuptools<81.
  from pkg_resources import parse_version
/usr/local/lib/python3.11/dist-packages/wandb/apis/public.py:3075: UserWarning: pkg_resources is deprecated as an API. See https://setuptools.pypa.io/en/latest/pkg_resources.html. The pkg_resources package is slated for removal as early as 2025-11-30. Refrain from using this package or pin to Setuptools<81.
  from pkg_resources import parse_version
/usr/local/lib/python3.11/dist-packages/wandb/apis/public.py:3075: UserWarning: pkg_resources is deprecated as an API. See https://setuptools.pypa.io/en/latest/pkg_resources.html. The pkg_resources package is slated for removal as early as 2025-11-30. Refrain from using this package or pin to Setuptools<81.
  from pkg_resources import parse_version
/usr/local/lib/python3.11/dist-packages/wandb/apis/public.py:3075: UserWarning: pkg_resources is deprecated as an API. See https://setuptools.pypa.io/en/latest/pkg_resources.html. The pkg_resources package is slated for removal as early as 2025-11-30. Refrain from using this package or pin to Setuptools<81.
  from pkg_resources import parse_version
/usr/local/lib/python3.11/dist-packages/wandb/apis/public.py:3075: UserWarning: pkg_resources is deprecated as an API. See https://setuptools.pypa.io/en/latest/pkg_resources.html. The pkg_resources package is slated for removal as early as 2025-11-30. Refrain from using this package or pin to Setuptools<81.
  from pkg_resources import parse_version
/usr/local/lib/python3.11/dist-packages/wandb/apis/public.py:3075: UserWarning: pkg_resources is deprecated as an API. See https://setuptools.pypa.io/en/latest/pkg_resources.html. The pkg_resources package is slated for removal as early as 2025-11-30. Refrain from using this package or pin to Setuptools<81.
  from pkg_resources import parse_version
/usr/local/lib/python3.11/dist-packages/wandb/apis/public.py:3075: UserWarning: pkg_resources is deprecated as an API. See https://setuptools.pypa.io/en/latest/pkg_resources.html. The pkg_resources package is slated for removal as early as 2025-11-30. Refrain from using this package or pin to Setuptools<81.
  from pkg_resources import parse_version
/usr/local/lib/python3.11/dist-packages/wandb/apis/public.py:3075: UserWarning: pkg_resources is deprecated as an API. See https://setuptools.pypa.io/en/latest/pkg_resources.html. The pkg_resources package is slated for removal as early as 2025-11-30. Refrain from using this package or pin to Setuptools<81.
  from pkg_resources import parse_version
/usr/local/lib/python3.11/dist-packages/wandb/apis/public.py:3075: UserWarning: pkg_resources is deprecated as an API. See https://setuptools.pypa.io/en/latest/pkg_resources.html. The pkg_resources package is slated for removal as early as 2025-11-30. Refrain from using this package or pin to Setuptools<81.
  from pkg_resources import parse_version
/usr/local/lib/python3.11/dist-packages/wandb/apis/public.py:3075: UserWarning: pkg_resources is deprecated as an API. See https://setuptools.pypa.io/en/latest/pkg_resources.html. The pkg_resources package is slated for removal as early as 2025-11-30. Refrain from using this package or pin to Setuptools<81.
  from pkg_resources import parse_version
/usr/local/lib/python3.11/dist-packages/wandb/apis/public.py:3075: UserWarning: pkg_resources is deprecated as an API. See https://setuptools.pypa.io/en/latest/pkg_resources.html. The pkg_resources package is slated for removal as early as 2025-11-30. Refrain from using this package or pin to Setuptools<81.
  from pkg_resources import parse_version
/usr/local/lib/python3.11/dist-packages/wandb/apis/public.py:3075: UserWarning: pkg_resources is deprecated as an API. See https://setuptools.pypa.io/en/latest/pkg_resources.html. The pkg_resources package is slated for removal as early as 2025-11-30. Refrain from using this package or pin to Setuptools<81.
  from pkg_resources import parse_version
/usr/local/lib/python3.11/dist-packages/wandb/apis/public.py:3075: UserWarning: pkg_resources is deprecated as an API. See https://setuptools.pypa.io/en/latest/pkg_resources.html. The pkg_resources package is slated for removal as early as 2025-11-30. Refrain from using this package or pin to Setuptools<81.
  from pkg_resources import parse_version
/usr/local/lib/python3.11/dist-packages/wandb/apis/public.py:3075: UserWarning: pkg_resources is deprecated as an API. See https://setuptools.pypa.io/en/latest/pkg_resources.html. The pkg_resources package is slated for removal as early as 2025-11-30. Refrain from using this package or pin to Setuptools<81.
  from pkg_resources import parse_version
/usr/local/lib/python3.11/dist-packages/wandb/apis/public.py:3075: UserWarning: pkg_resources is deprecated as an API. See https://setuptools.pypa.io/en/latest/pkg_resources.html. The pkg_resources package is slated for removal as early as 2025-11-30. Refrain from using this package or pin to Setuptools<81.
  from pkg_resources import parse_version
/usr/local/lib/python3.11/dist-packages/wandb/apis/public.py:3075: UserWarning: pkg_resources is deprecated as an API. See https://setuptools.pypa.io/en/latest/pkg_resources.html. The pkg_resources package is slated for removal as early as 2025-11-30. Refrain from using this package or pin to Setuptools<81.
  from pkg_resources import parse_version
/usr/local/lib/python3.11/dist-packages/wandb/apis/public.py:3075: UserWarning: pkg_resources is deprecated as an API. See https://setuptools.pypa.io/en/latest/pkg_resources.html. The pkg_resources package is slated for removal as early as 2025-11-30. Refrain from using this package or pin to Setuptools<81.
  from pkg_resources import parse_version
/usr/local/lib/python3.11/dist-packages/wandb/apis/public.py:3075: UserWarning: pkg_resources is deprecated as an API. See https://setuptools.pypa.io/en/latest/pkg_resources.html. The pkg_resources package is slated for removal as early as 2025-11-30. Refrain from using this package or pin to Setuptools<81.
  from pkg_resources import parse_version
/usr/local/lib/python3.11/dist-packages/wandb/apis/public.py:3075: UserWarning: pkg_resources is deprecated as an API. See https://setuptools.pypa.io/en/latest/pkg_resources.html. The pkg_resources package is slated for removal as early as 2025-11-30. Refrain from using this package or pin to Setuptools<81.
  from pkg_resources import parse_version
/usr/local/lib/python3.11/dist-packages/wandb/apis/public.py:3075: UserWarning: pkg_resources is deprecated as an API. See https://setuptools.pypa.io/en/latest/pkg_resources.html. The pkg_resources package is slated for removal as early as 2025-11-30. Refrain from using this package or pin to Setuptools<81.
  from pkg_resources import parse_version
/usr/local/lib/python3.11/dist-packages/wandb/apis/public.py:3075: UserWarning: pkg_resources is deprecated as an API. See https://setuptools.pypa.io/en/latest/pkg_resources.html. The pkg_resources package is slated for removal as early as 2025-11-30. Refrain from using this package or pin to Setuptools<81.
  from pkg_resources import parse_version
/usr/local/lib/python3.11/dist-packages/wandb/apis/public.py:3075: UserWarning: pkg_resources is deprecated as an API. See https://setuptools.pypa.io/en/latest/pkg_resources.html. The pkg_resources package is slated for removal as early as 2025-11-30. Refrain from using this package or pin to Setuptools<81.
  from pkg_resources import parse_version
/usr/local/lib/python3.11/dist-packages/wandb/apis/public.py:3075: UserWarning: pkg_resources is deprecated as an API. See https://setuptools.pypa.io/en/latest/pkg_resources.html. The pkg_resources package is slated for removal as early as 2025-11-30. Refrain from using this package or pin to Setuptools<81.
  from pkg_resources import parse_version
/usr/local/lib/python3.11/dist-packages/wandb/apis/public.py:3075: UserWarning: pkg_resources is deprecated as an API. See https://setuptools.pypa.io/en/latest/pkg_resources.html. The pkg_resources package is slated for removal as early as 2025-11-30. Refrain from using this package or pin to Setuptools<81.
  from pkg_resources import parse_version
/usr/local/lib/python3.11/dist-packages/wandb/apis/public.py:3075: UserWarning: pkg_resources is deprecated as an API. See https://setuptools.pypa.io/en/latest/pkg_resources.html. The pkg_resources package is slated for removal as early as 2025-11-30. Refrain from using this package or pin to Setuptools<81.
  from pkg_resources import parse_version
/usr/local/lib/python3.11/dist-packages/wandb/apis/public.py:3075: UserWarning: pkg_resources is deprecated as an API. See https://setuptools.pypa.io/en/latest/pkg_resources.html. The pkg_resources package is slated for removal as early as 2025-11-30. Refrain from using this package or pin to Setuptools<81.
  from pkg_resources import parse_version
Using grouped LR: base_params=28280866, quant_params=327327, quant_lr_multiplier=4.0
NCCL version 2.27.5+cuda12.9
Model swin_t created, param count:28608256
Scheduled epochs: 10
Effective batch alignment: per_gpu_effective_batch=64, loader_batch=64, accum=1, world_size=8, global_effective_batch=512
Trainable parameter policy: epoch=0, quant_only=False, policy=all, trainable=28608256, frozen=0
Teacher feature-output hooks: layers=('features.5.5', 'features.7.1'), student_matches=('features.5.5', 'features.7.1'), teacher_matches=('features.5.5', 'features.7.1')
Trainable parameter update policy: epoch=0, update=0, mode=requires_grad, policy=all, trainable=28608256, frozen=0
Teacher feature-output debug: student_count=2, teacher_count=2, 0:s=(64, 14, 14, 384) t=(64, 14, 14, 384) mse=2.828e+01; 1:s=(64, 7, 7, 768) t=(64, 7, 7, 768) mse=9.951e+00
Train: 0 [   0/2502 (  0%)]  Loss: 53.369125 (53.3691)  BaseLoss: 53.365425 (53.3654)  RefAttnKL: 0.000e+00 (0.000e+00)  RefLogitKL: 0.000e+00 (0.000e+00)  AnchorRefAttnKL: 0.000e+00 (0.000e+00)  TeacherAttnKL: 0.000e+00 (0.000e+00)  TeacherQKRel: 0.000e+00 (0.000e+00)  TeacherAttnOut: 0.000e+00 (0.000e+00)  TeacherFeatOut: 7.426e-01 (7.426e-01)  BinReg: 0.000e+00 (0.000e+00)  Time: 1.689s,  303.09/s  (1.689s,  303.09/s)  LR: 2.000e-04  RefW: 0.000e+00  AnchorRefW: 0.000e+00  Data: 0.956 (0.956)
Train: 0 [  50/2502 (  2%)]  Loss: 52.193256 (52.7812)  BaseLoss: 52.189774 (52.7776)  RefAttnKL: 0.000e+00 (0.000e+00)  RefLogitKL: 0.000e+00 (0.000e+00)  AnchorRefAttnKL: 0.000e+00 (0.000e+00)  TeacherAttnKL: 0.000e+00 (0.000e+00)  TeacherQKRel: 0.000e+00 (0.000e+00)  TeacherAttnOut: 0.000e+00 (0.000e+00)  TeacherFeatOut: 6.966e-01 (7.196e-01)  BinReg: 0.000e+00 (0.000e+00)  Time: 0.225s, 2280.61/s  (0.253s, 2027.49/s)  LR: 2.000e-04  RefW: 0.000e+00  AnchorRefW: 0.000e+00  Data: 0.007 (0.025)
Train: 0 [ 100/2502 (  4%)]  Loss: 51.755180 (52.4392)  BaseLoss: 51.752361 (52.4359)  RefAttnKL: 0.000e+00 (0.000e+00)  RefLogitKL: 0.000e+00 (0.000e+00)  AnchorRefAttnKL: 0.000e+00 (0.000e+00)  TeacherAttnKL: 0.000e+00 (0.000e+00)  TeacherQKRel: 0.000e+00 (0.000e+00)  TeacherAttnOut: 0.000e+00 (0.000e+00)  TeacherFeatOut: 5.638e-01 (6.676e-01)  BinReg: 0.000e+00 (0.000e+00)  Time: 0.225s, 2278.67/s  (0.238s, 2151.06/s)  LR: 2.000e-04  RefW: 0.000e+00  AnchorRefW: 0.000e+00  Data: 0.007 (0.016)
Train: 0 [ 150/2502 (  6%)]  Loss: 51.654587 (52.2430)  BaseLoss: 51.651890 (52.2399)  RefAttnKL: 0.000e+00 (0.000e+00)  RefLogitKL: 0.000e+00 (0.000e+00)  AnchorRefAttnKL: 0.000e+00 (0.000e+00)  TeacherAttnKL: 0.000e+00 (0.000e+00)  TeacherQKRel: 0.000e+00 (0.000e+00)  TeacherAttnOut: 0.000e+00 (0.000e+00)  TeacherFeatOut: 5.387e-01 (6.354e-01)  BinReg: 0.000e+00 (0.000e+00)  Time: 0.224s, 2290.76/s  (0.233s, 2197.34/s)  LR: 2.000e-04  RefW: 0.000e+00  AnchorRefW: 0.000e+00  Data: 0.007 (0.013)
Train: 0 [ 200/2502 (  8%)]  Loss: 51.605499 (52.1155)  BaseLoss: 51.602871 (52.1125)  RefAttnKL: 0.000e+00 (0.000e+00)  RefLogitKL: 0.000e+00 (0.000e+00)  AnchorRefAttnKL: 0.000e+00 (0.000e+00)  TeacherAttnKL: 0.000e+00 (0.000e+00)  TeacherQKRel: 0.000e+00 (0.000e+00)  TeacherAttnOut: 0.000e+00 (0.000e+00)  TeacherFeatOut: 5.261e-01 (6.135e-01)  BinReg: 0.000e+00 (0.000e+00)  Time: 0.225s, 2278.85/s  (0.231s, 2221.25/s)  LR: 2.000e-04  RefW: 0.000e+00  AnchorRefW: 0.000e+00  Data: 0.007 (0.012)
Train: 0 [ 250/2502 ( 10%)]  Loss: 51.613811 (52.0319)  BaseLoss: 51.611244 (52.0289)  RefAttnKL: 0.000e+00 (0.000e+00)  RefLogitKL: 0.000e+00 (0.000e+00)  AnchorRefAttnKL: 0.000e+00 (0.000e+00)  TeacherAttnKL: 0.000e+00 (0.000e+00)  TeacherQKRel: 0.000e+00 (0.000e+00)  TeacherAttnOut: 0.000e+00 (0.000e+00)  TeacherFeatOut: 5.128e-01 (5.967e-01)  BinReg: 0.000e+00 (0.000e+00)  Time: 0.223s, 2293.39/s  (0.229s, 2235.94/s)  LR: 2.000e-04  RefW: 0.000e+00  AnchorRefW: 0.000e+00  Data: 0.008 (0.011)
Train: 0 [ 300/2502 ( 12%)]  Loss: 51.586563 (51.9683)  BaseLoss: 51.584023 (51.9654)  RefAttnKL: 0.000e+00 (0.000e+00)  RefLogitKL: 0.000e+00 (0.000e+00)  AnchorRefAttnKL: 0.000e+00 (0.000e+00)  TeacherAttnKL: 0.000e+00 (0.000e+00)  TeacherQKRel: 0.000e+00 (0.000e+00)  TeacherAttnOut: 0.000e+00 (0.000e+00)  TeacherFeatOut: 5.074e-01 (5.840e-01)  BinReg: 0.000e+00 (0.000e+00)  Time: 0.224s, 2282.07/s  (0.228s, 2245.48/s)  LR: 1.999e-04  RefW: 0.000e+00  AnchorRefW: 0.000e+00  Data: 0.006 (0.010)
Train: 0 [ 350/2502 ( 14%)]  Loss: 51.558949 (51.9171)  BaseLoss: 51.556503 (51.9143)  RefAttnKL: 0.000e+00 (0.000e+00)  RefLogitKL: 0.000e+00 (0.000e+00)  AnchorRefAttnKL: 0.000e+00 (0.000e+00)  TeacherAttnKL: 0.000e+00 (0.000e+00)  TeacherQKRel: 0.000e+00 (0.000e+00)  TeacherAttnOut: 0.000e+00 (0.000e+00)  TeacherFeatOut: 4.894e-01 (5.722e-01)  BinReg: 0.000e+00 (0.000e+00)  Time: 0.223s, 2291.50/s  (0.227s, 2252.62/s)  LR: 1.999e-04  RefW: 0.000e+00  AnchorRefW: 0.000e+00  Data: 0.007 (0.010)
Train: 0 [ 400/2502 ( 16%)]  Loss: 51.552658 (51.8766)  BaseLoss: 51.550209 (51.8738)  RefAttnKL: 0.000e+00 (0.000e+00)  RefLogitKL: 0.000e+00 (0.000e+00)  AnchorRefAttnKL: 0.000e+00 (0.000e+00)  TeacherAttnKL: 0.000e+00 (0.000e+00)  TeacherQKRel: 0.000e+00 (0.000e+00)  TeacherAttnOut: 0.000e+00 (0.000e+00)  TeacherFeatOut: 4.899e-01 (5.630e-01)  BinReg: 0.000e+00 (0.000e+00)  Time: 0.225s, 2279.98/s  (0.227s, 2258.02/s)  LR: 1.999e-04  RefW: 0.000e+00  AnchorRefW: 0.000e+00  Data: 0.007 (0.009)
Train: 0 [ 450/2502 ( 18%)]  Loss: 51.552498 (51.8442)  BaseLoss: 51.550060 (51.8414)  RefAttnKL: 0.000e+00 (0.000e+00)  RefLogitKL: 0.000e+00 (0.000e+00)  AnchorRefAttnKL: 0.000e+00 (0.000e+00)  TeacherAttnKL: 0.000e+00 (0.000e+00)  TeacherQKRel: 0.000e+00 (0.000e+00)  TeacherAttnOut: 0.000e+00 (0.000e+00)  TeacherFeatOut: 4.864e-01 (5.554e-01)  BinReg: 0.000e+00 (0.000e+00)  Time: 0.223s, 2295.29/s  (0.226s, 2262.34/s)  LR: 1.998e-04  RefW: 0.000e+00  AnchorRefW: 0.000e+00  Data: 0.007 (0.009)
Train: 0 [ 500/2502 ( 20%)]  Loss: 51.557034 (51.8181)  BaseLoss: 51.554672 (51.8154)  RefAttnKL: 0.000e+00 (0.000e+00)  RefLogitKL: 0.000e+00 (0.000e+00)  AnchorRefAttnKL: 0.000e+00 (0.000e+00)  TeacherAttnKL: 0.000e+00 (0.000e+00)  TeacherQKRel: 0.000e+00 (0.000e+00)  TeacherAttnOut: 0.000e+00 (0.000e+00)  TeacherFeatOut: 4.736e-01 (5.479e-01)  BinReg: 0.000e+00 (0.000e+00)  Time: 0.224s, 2281.76/s  (0.226s, 2265.89/s)  LR: 1.998e-04  RefW: 0.000e+00  AnchorRefW: 0.000e+00  Data: 0.006 (0.009)
Train: 0 [ 550/2502 ( 22%)]  Loss: 51.550694 (51.7958)  BaseLoss: 51.548340 (51.7931)  RefAttnKL: 0.000e+00 (0.000e+00)  RefLogitKL: 0.000e+00 (0.000e+00)  AnchorRefAttnKL: 0.000e+00 (0.000e+00)  TeacherAttnKL: 0.000e+00 (0.000e+00)  TeacherQKRel: 0.000e+00 (0.000e+00)  TeacherAttnOut: 0.000e+00 (0.000e+00)  TeacherFeatOut: 4.708e-01 (5.415e-01)  BinReg: 0.000e+00 (0.000e+00)  Time: 0.224s, 2289.53/s  (0.226s, 2268.74/s)  LR: 1.998e-04  RefW: 0.000e+00  AnchorRefW: 0.000e+00  Data: 0.008 (0.009)
Train: 0 [ 600/2502 ( 24%)]  Loss: 51.473274 (51.7710)  BaseLoss: 51.470943 (51.7683)  RefAttnKL: 0.000e+00 (0.000e+00)  RefLogitKL: 0.000e+00 (0.000e+00)  AnchorRefAttnKL: 0.000e+00 (0.000e+00)  TeacherAttnKL: 0.000e+00 (0.000e+00)  TeacherQKRel: 0.000e+00 (0.000e+00)  TeacherAttnOut: 0.000e+00 (0.000e+00)  TeacherFeatOut: 4.656e-01 (5.357e-01)  BinReg: 0.000e+00 (0.000e+00)  Time: 0.224s, 2283.34/s  (0.225s, 2271.19/s)  LR: 1.997e-04  RefW: 0.000e+00  AnchorRefW: 0.000e+00  Data: 0.007 (0.009)
Train: 0 [ 650/2502 ( 26%)]  Loss: 51.512703 (51.7526)  BaseLoss: 51.510414 (51.7499)  RefAttnKL: 0.000e+00 (0.000e+00)  RefLogitKL: 0.000e+00 (0.000e+00)  AnchorRefAttnKL: 0.000e+00 (0.000e+00)  TeacherAttnKL: 0.000e+00 (0.000e+00)  TeacherQKRel: 0.000e+00 (0.000e+00)  TeacherAttnOut: 0.000e+00 (0.000e+00)  TeacherFeatOut: 4.587e-01 (5.302e-01)  BinReg: 0.000e+00 (0.000e+00)  Time: 0.223s, 2292.56/s  (0.225s, 2272.54/s)  LR: 1.997e-04  RefW: 0.000e+00  AnchorRefW: 0.000e+00  Data: 0.008 (0.008)
Train: 0 [ 700/2502 ( 28%)]  Loss: 51.477970 (51.7343)  BaseLoss: 51.475712 (51.7316)  RefAttnKL: 0.000e+00 (0.000e+00)  RefLogitKL: 0.000e+00 (0.000e+00)  AnchorRefAttnKL: 0.000e+00 (0.000e+00)  TeacherAttnKL: 0.000e+00 (0.000e+00)  TeacherQKRel: 0.000e+00 (0.000e+00)  TeacherAttnOut: 0.000e+00 (0.000e+00)  TeacherFeatOut: 4.529e-01 (5.250e-01)  BinReg: 0.000e+00 (0.000e+00)  Time: 0.224s, 2281.25/s  (0.225s, 2274.32/s)  LR: 1.996e-04  RefW: 0.000e+00  AnchorRefW: 0.000e+00  Data: 0.006 (0.008)
Train: 0 [ 750/2502 ( 30%)]  Loss: 51.474022 (51.7180)  BaseLoss: 51.471798 (51.7154)  RefAttnKL: 0.000e+00 (0.000e+00)  RefLogitKL: 0.000e+00 (0.000e+00)  AnchorRefAttnKL: 0.000e+00 (0.000e+00)  TeacherAttnKL: 0.000e+00 (0.000e+00)  TeacherQKRel: 0.000e+00 (0.000e+00)  TeacherAttnOut: 0.000e+00 (0.000e+00)  TeacherFeatOut: 4.450e-01 (5.200e-01)  BinReg: 0.000e+00 (0.000e+00)  Time: 0.224s, 2289.58/s  (0.225s, 2275.81/s)  LR: 1.996e-04  RefW: 0.000e+00  AnchorRefW: 0.000e+00  Data: 0.008 (0.008)
Train: 0 [ 800/2502 ( 32%)]  Loss: 51.505650 (51.7055)  BaseLoss: 51.503418 (51.7029)  RefAttnKL: 0.000e+00 (0.000e+00)  RefLogitKL: 0.000e+00 (0.000e+00)  AnchorRefAttnKL: 0.000e+00 (0.000e+00)  TeacherAttnKL: 0.000e+00 (0.000e+00)  TeacherQKRel: 0.000e+00 (0.000e+00)  TeacherAttnOut: 0.000e+00 (0.000e+00)  TeacherFeatOut: 4.464e-01 (5.157e-01)  BinReg: 0.000e+00 (0.000e+00)  Time: 0.224s, 2284.29/s  (0.225s, 2277.08/s)  LR: 1.995e-04  RefW: 0.000e+00  AnchorRefW: 0.000e+00  Data: 0.006 (0.008)
Train: 0 [ 850/2502 ( 34%)]  Loss: 51.465382 (51.6922)  BaseLoss: 51.463196 (51.6896)  RefAttnKL: 0.000e+00 (0.000e+00)  RefLogitKL: 0.000e+00 (0.000e+00)  AnchorRefAttnKL: 0.000e+00 (0.000e+00)  TeacherAttnKL: 0.000e+00 (0.000e+00)  TeacherQKRel: 0.000e+00 (0.000e+00)  TeacherAttnOut: 0.000e+00 (0.000e+00)  TeacherFeatOut: 4.378e-01 (5.114e-01)  BinReg: 0.000e+00 (0.000e+00)  Time: 0.250s, 2045.58/s  (0.225s, 2277.93/s)  LR: 1.995e-04  RefW: 0.000e+00  AnchorRefW: 0.000e+00  Data: 0.007 (0.008)
Train: 0 [ 900/2502 ( 36%)]  Loss: 51.500957 (51.6821)  BaseLoss: 51.498821 (51.6796)  RefAttnKL: 0.000e+00 (0.000e+00)  RefLogitKL: 0.000e+00 (0.000e+00)  AnchorRefAttnKL: 0.000e+00 (0.000e+00)  TeacherAttnKL: 0.000e+00 (0.000e+00)  TeacherQKRel: 0.000e+00 (0.000e+00)  TeacherAttnOut: 0.000e+00 (0.000e+00)  TeacherFeatOut: 4.273e-01 (5.069e-01)  BinReg: 0.000e+00 (0.000e+00)  Time: 0.224s, 2281.94/s  (0.225s, 2279.03/s)  LR: 1.994e-04  RefW: 0.000e+00  AnchorRefW: 0.000e+00  Data: 0.006 (0.008)
Train: 0 [ 950/2502 ( 38%)]  Loss: 51.504772 (51.6732)  BaseLoss: 51.502632 (51.6707)  RefAttnKL: 0.000e+00 (0.000e+00)  RefLogitKL: 0.000e+00 (0.000e+00)  AnchorRefAttnKL: 0.000e+00 (0.000e+00)  TeacherAttnKL: 0.000e+00 (0.000e+00)  TeacherQKRel: 0.000e+00 (0.000e+00)  TeacherAttnOut: 0.000e+00 (0.000e+00)  TeacherFeatOut: 4.277e-01 (5.030e-01)  BinReg: 0.000e+00 (0.000e+00)  Time: 0.224s, 2282.07/s  (0.225s, 2279.86/s)  LR: 1.993e-04  RefW: 0.000e+00  AnchorRefW: 0.000e+00  Data: 0.007 (0.008)
Train: 0 [1000/2502 ( 40%)]  Loss: 51.507843 (51.6654)  BaseLoss: 51.505711 (51.6629)  RefAttnKL: 0.000e+00 (0.000e+00)  RefLogitKL: 0.000e+00 (0.000e+00)  AnchorRefAttnKL: 0.000e+00 (0.000e+00)  TeacherAttnKL: 0.000e+00 (0.000e+00)  TeacherQKRel: 0.000e+00 (0.000e+00)  TeacherAttnOut: 0.000e+00 (0.000e+00)  TeacherFeatOut: 4.265e-01 (4.993e-01)  BinReg: 0.000e+00 (0.000e+00)  Time: 0.224s, 2282.33/s  (0.225s, 2280.50/s)  LR: 1.993e-04  RefW: 0.000e+00  AnchorRefW: 0.000e+00  Data: 0.006 (0.008)
Train: 0 [1050/2502 ( 42%)]  Loss: 51.485691 (51.6572)  BaseLoss: 51.483582 (51.6547)  RefAttnKL: 0.000e+00 (0.000e+00)  RefLogitKL: 0.000e+00 (0.000e+00)  AnchorRefAttnKL: 0.000e+00 (0.000e+00)  TeacherAttnKL: 0.000e+00 (0.000e+00)  TeacherQKRel: 0.000e+00 (0.000e+00)  TeacherAttnOut: 0.000e+00 (0.000e+00)  TeacherFeatOut: 4.213e-01 (4.958e-01)  BinReg: 0.000e+00 (0.000e+00)  Time: 0.224s, 2286.83/s  (0.224s, 2281.32/s)  LR: 1.992e-04  RefW: 0.000e+00  AnchorRefW: 0.000e+00  Data: 0.008 (0.008)
Train: 0 [1100/2502 ( 44%)]  Loss: 51.462543 (51.6487)  BaseLoss: 51.460445 (51.6463)  RefAttnKL: 0.000e+00 (0.000e+00)  RefLogitKL: 0.000e+00 (0.000e+00)  AnchorRefAttnKL: 0.000e+00 (0.000e+00)  TeacherAttnKL: 0.000e+00 (0.000e+00)  TeacherQKRel: 0.000e+00 (0.000e+00)  TeacherAttnOut: 0.000e+00 (0.000e+00)  TeacherFeatOut: 4.196e-01 (4.925e-01)  BinReg: 0.000e+00 (0.000e+00)  Time: 0.224s, 2282.82/s  (0.224s, 2282.04/s)  LR: 1.991e-04  RefW: 0.000e+00  AnchorRefW: 0.000e+00  Data: 0.007 (0.008)
Train: 0 [1150/2502 ( 46%)]  Loss: 51.497257 (51.6424)  BaseLoss: 51.495197 (51.6400)  RefAttnKL: 0.000e+00 (0.000e+00)  RefLogitKL: 0.000e+00 (0.000e+00)  AnchorRefAttnKL: 0.000e+00 (0.000e+00)  TeacherAttnKL: 0.000e+00 (0.000e+00)  TeacherQKRel: 0.000e+00 (0.000e+00)  TeacherAttnOut: 0.000e+00 (0.000e+00)  TeacherFeatOut: 4.114e-01 (4.891e-01)  BinReg: 0.000e+00 (0.000e+00)  Time: 0.224s, 2289.89/s  (0.224s, 2282.72/s)  LR: 1.990e-04  RefW: 0.000e+00  AnchorRefW: 0.000e+00  Data: 0.008 (0.008)
Train: 0 [1200/2502 ( 48%)]  Loss: 51.472519 (51.6356)  BaseLoss: 51.470509 (51.6332)  RefAttnKL: 0.000e+00 (0.000e+00)  RefLogitKL: 0.000e+00 (0.000e+00)  AnchorRefAttnKL: 0.000e+00 (0.000e+00)  TeacherAttnKL: 0.000e+00 (0.000e+00)  TeacherQKRel: 0.000e+00 (0.000e+00)  TeacherAttnOut: 0.000e+00 (0.000e+00)  TeacherFeatOut: 4.013e-01 (4.856e-01)  BinReg: 0.000e+00 (0.000e+00)  Time: 0.225s, 2279.38/s  (0.224s, 2282.94/s)  LR: 1.989e-04  RefW: 0.000e+00  AnchorRefW: 0.000e+00  Data: 0.006 (0.008)
Train: 0 [1250/2502 ( 50%)]  Loss: 51.506397 (51.6306)  BaseLoss: 51.504402 (51.6282)  RefAttnKL: 0.000e+00 (0.000e+00)  RefLogitKL: 0.000e+00 (0.000e+00)  AnchorRefAttnKL: 0.000e+00 (0.000e+00)  TeacherAttnKL: 0.000e+00 (0.000e+00)  TeacherQKRel: 0.000e+00 (0.000e+00)  TeacherAttnOut: 0.000e+00 (0.000e+00)  TeacherFeatOut: 3.998e-01 (4.823e-01)  BinReg: 0.000e+00 (0.000e+00)  Time: 0.224s, 2287.24/s  (0.224s, 2283.54/s)  LR: 1.988e-04  RefW: 0.000e+00  AnchorRefW: 0.000e+00  Data: 0.008 (0.008)
Train: 0 [1300/2502 ( 52%)]  Loss: 51.489941 (51.6254)  BaseLoss: 51.487953 (51.6230)  RefAttnKL: 0.000e+00 (0.000e+00)  RefLogitKL: 0.000e+00 (0.000e+00)  AnchorRefAttnKL: 0.000e+00 (0.000e+00)  TeacherAttnKL: 0.000e+00 (0.000e+00)  TeacherQKRel: 0.000e+00 (0.000e+00)  TeacherAttnOut: 0.000e+00 (0.000e+00)  TeacherFeatOut: 3.973e-01 (4.791e-01)  BinReg: 0.000e+00 (0.000e+00)  Time: 0.225s, 2280.54/s  (0.224s, 2283.92/s)  LR: 1.987e-04  RefW: 0.000e+00  AnchorRefW: 0.000e+00  Data: 0.007 (0.008)
Train: 0 [1350/2502 ( 54%)]  Loss: 51.503098 (51.6211)  BaseLoss: 51.501133 (51.6187)  RefAttnKL: 0.000e+00 (0.000e+00)  RefLogitKL: 0.000e+00 (0.000e+00)  AnchorRefAttnKL: 0.000e+00 (0.000e+00)  TeacherAttnKL: 0.000e+00 (0.000e+00)  TeacherQKRel: 0.000e+00 (0.000e+00)  TeacherAttnOut: 0.000e+00 (0.000e+00)  TeacherFeatOut: 3.921e-01 (4.760e-01)  BinReg: 0.000e+00 (0.000e+00)  Time: 0.224s, 2286.90/s  (0.224s, 2284.44/s)  LR: 1.986e-04  RefW: 0.000e+00  AnchorRefW: 0.000e+00  Data: 0.007 (0.008)
Train: 0 [1400/2502 ( 56%)]  Loss: 51.497215 (51.6168)  BaseLoss: 51.495262 (51.6144)  RefAttnKL: 0.000e+00 (0.000e+00)  RefLogitKL: 0.000e+00 (0.000e+00)  AnchorRefAttnKL: 0.000e+00 (0.000e+00)  TeacherAttnKL: 0.000e+00 (0.000e+00)  TeacherQKRel: 0.000e+00 (0.000e+00)  TeacherAttnOut: 0.000e+00 (0.000e+00)  TeacherFeatOut: 3.910e-01 (4.731e-01)  BinReg: 0.000e+00 (0.000e+00)  Time: 0.224s, 2283.53/s  (0.224s, 2284.92/s)  LR: 1.985e-04  RefW: 0.000e+00  AnchorRefW: 0.000e+00  Data: 0.006 (0.008)
Train: 0 [1450/2502 ( 58%)]  Loss: 51.500965 (51.6129)  BaseLoss: 51.499004 (51.6106)  RefAttnKL: 0.000e+00 (0.000e+00)  RefLogitKL: 0.000e+00 (0.000e+00)  AnchorRefAttnKL: 0.000e+00 (0.000e+00)  TeacherAttnKL: 0.000e+00 (0.000e+00)  TeacherQKRel: 0.000e+00 (0.000e+00)  TeacherAttnOut: 0.000e+00 (0.000e+00)  TeacherFeatOut: 3.922e-01 (4.704e-01)  BinReg: 0.000e+00 (0.000e+00)  Time: 0.224s, 2285.67/s  (0.224s, 2285.36/s)  LR: 1.984e-04  RefW: 0.000e+00  AnchorRefW: 0.000e+00  Data: 0.007 (0.008)
Train: 0 [1500/2502 ( 60%)]  Loss: 51.504913 (51.6095)  BaseLoss: 51.502995 (51.6071)  RefAttnKL: 0.000e+00 (0.000e+00)  RefLogitKL: 0.000e+00 (0.000e+00)  AnchorRefAttnKL: 0.000e+00 (0.000e+00)  TeacherAttnKL: 0.000e+00 (0.000e+00)  TeacherQKRel: 0.000e+00 (0.000e+00)  TeacherAttnOut: 0.000e+00 (0.000e+00)  TeacherFeatOut: 3.846e-01 (4.676e-01)  BinReg: 0.000e+00 (0.000e+00)  Time: 0.224s, 2282.50/s  (0.224s, 2285.76/s)  LR: 1.983e-04  RefW: 0.000e+00  AnchorRefW: 0.000e+00  Data: 0.007 (0.008)
Train: 0 [1550/2502 ( 62%)]  Loss: 51.490189 (51.6057)  BaseLoss: 51.488274 (51.6034)  RefAttnKL: 0.000e+00 (0.000e+00)  RefLogitKL: 0.000e+00 (0.000e+00)  AnchorRefAttnKL: 0.000e+00 (0.000e+00)  TeacherAttnKL: 0.000e+00 (0.000e+00)  TeacherQKRel: 0.000e+00 (0.000e+00)  TeacherAttnOut: 0.000e+00 (0.000e+00)  TeacherFeatOut: 3.825e-01 (4.650e-01)  BinReg: 0.000e+00 (0.000e+00)  Time: 0.223s, 2293.11/s  (0.224s, 2286.13/s)  LR: 1.982e-04  RefW: 0.000e+00  AnchorRefW: 0.000e+00  Data: 0.008 (0.008)
Train: 0 [1600/2502 ( 64%)]  Loss: 51.499779 (51.6025)  BaseLoss: 51.497887 (51.6002)  RefAttnKL: 0.000e+00 (0.000e+00)  RefLogitKL: 0.000e+00 (0.000e+00)  AnchorRefAttnKL: 0.000e+00 (0.000e+00)  TeacherAttnKL: 0.000e+00 (0.000e+00)  TeacherQKRel: 0.000e+00 (0.000e+00)  TeacherAttnOut: 0.000e+00 (0.000e+00)  TeacherFeatOut: 3.795e-01 (4.624e-01)  BinReg: 0.000e+00 (0.000e+00)  Time: 0.225s, 2280.12/s  (0.224s, 2286.49/s)  LR: 1.981e-04  RefW: 0.000e+00  AnchorRefW: 0.000e+00  Data: 0.006 (0.008)
Train: 0 [1650/2502 ( 66%)]  Loss: 51.500462 (51.5995)  BaseLoss: 51.498600 (51.5972)  RefAttnKL: 0.000e+00 (0.000e+00)  RefLogitKL: 0.000e+00 (0.000e+00)  AnchorRefAttnKL: 0.000e+00 (0.000e+00)  TeacherAttnKL: 0.000e+00 (0.000e+00)  TeacherQKRel: 0.000e+00 (0.000e+00)  TeacherAttnOut: 0.000e+00 (0.000e+00)  TeacherFeatOut: 3.728e-01 (4.597e-01)  BinReg: 0.000e+00 (0.000e+00)  Time: 0.223s, 2292.83/s  (0.224s, 2286.81/s)  LR: 1.980e-04  RefW: 0.000e+00  AnchorRefW: 0.000e+00  Data: 0.007 (0.008)
Train: 0 [1700/2502 ( 68%)]  Loss: 51.496185 (51.5966)  BaseLoss: 51.494328 (51.5943)  RefAttnKL: 0.000e+00 (0.000e+00)  RefLogitKL: 0.000e+00 (0.000e+00)  AnchorRefAttnKL: 0.000e+00 (0.000e+00)  TeacherAttnKL: 0.000e+00 (0.000e+00)  TeacherQKRel: 0.000e+00 (0.000e+00)  TeacherAttnOut: 0.000e+00 (0.000e+00)  TeacherFeatOut: 3.699e-01 (4.572e-01)  BinReg: 0.000e+00 (0.000e+00)  Time: 0.225s, 2280.20/s  (0.224s, 2287.14/s)  LR: 1.978e-04  RefW: 0.000e+00  AnchorRefW: 0.000e+00  Data: 0.006 (0.008)
Train: 0 [1750/2502 ( 70%)]  Loss: 51.482353 (51.5934)  BaseLoss: 51.480499 (51.5911)  RefAttnKL: 0.000e+00 (0.000e+00)  RefLogitKL: 0.000e+00 (0.000e+00)  AnchorRefAttnKL: 0.000e+00 (0.000e+00)  TeacherAttnKL: 0.000e+00 (0.000e+00)  TeacherQKRel: 0.000e+00 (0.000e+00)  TeacherAttnOut: 0.000e+00 (0.000e+00)  TeacherFeatOut: 3.692e-01 (4.547e-01)  BinReg: 0.000e+00 (0.000e+00)  Time: 0.224s, 2285.60/s  (0.224s, 2287.43/s)  LR: 1.977e-04  RefW: 0.000e+00  AnchorRefW: 0.000e+00  Data: 0.008 (0.008)
Train: 0 [1800/2502 ( 72%)]  Loss: 51.506618 (51.5910)  BaseLoss: 51.504818 (51.5888)  RefAttnKL: 0.000e+00 (0.000e+00)  RefLogitKL: 0.000e+00 (0.000e+00)  AnchorRefAttnKL: 0.000e+00 (0.000e+00)  TeacherAttnKL: 0.000e+00 (0.000e+00)  TeacherQKRel: 0.000e+00 (0.000e+00)  TeacherAttnOut: 0.000e+00 (0.000e+00)  TeacherFeatOut: 3.614e-01 (4.522e-01)  BinReg: 0.000e+00 (0.000e+00)  Time: 0.224s, 2283.52/s  (0.224s, 2287.72/s)  LR: 1.976e-04  RefW: 0.000e+00  AnchorRefW: 0.000e+00  Data: 0.006 (0.008)
Train: 0 [1850/2502 ( 74%)]  Loss: 51.457790 (51.5875)  BaseLoss: 51.455990 (51.5853)  RefAttnKL: 0.000e+00 (0.000e+00)  RefLogitKL: 0.000e+00 (0.000e+00)  AnchorRefAttnKL: 0.000e+00 (0.000e+00)  TeacherAttnKL: 0.000e+00 (0.000e+00)  TeacherQKRel: 0.000e+00 (0.000e+00)  TeacherAttnOut: 0.000e+00 (0.000e+00)  TeacherFeatOut: 3.593e-01 (4.498e-01)  BinReg: 0.000e+00 (0.000e+00)  Time: 0.224s, 2285.99/s  (0.224s, 2287.85/s)  LR: 1.974e-04  RefW: 0.000e+00  AnchorRefW: 0.000e+00  Data: 0.007 (0.008)
Train: 0 [1900/2502 ( 76%)]  Loss: 51.504837 (51.5854)  BaseLoss: 51.503036 (51.5832)  RefAttnKL: 0.000e+00 (0.000e+00)  RefLogitKL: 0.000e+00 (0.000e+00)  AnchorRefAttnKL: 0.000e+00 (0.000e+00)  TeacherAttnKL: 0.000e+00 (0.000e+00)  TeacherQKRel: 0.000e+00 (0.000e+00)  TeacherAttnOut: 0.000e+00 (0.000e+00)  TeacherFeatOut: 3.606e-01 (4.475e-01)  BinReg: 0.000e+00 (0.000e+00)  Time: 0.224s, 2281.63/s  (0.224s, 2288.11/s)  LR: 1.973e-04  RefW: 0.000e+00  AnchorRefW: 0.000e+00  Data: 0.007 (0.008)
Train: 0 [1950/2502 ( 78%)]  Loss: 51.516598 (51.5837)  BaseLoss: 51.514854 (51.5815)  RefAttnKL: 0.000e+00 (0.000e+00)  RefLogitKL: 0.000e+00 (0.000e+00)  AnchorRefAttnKL: 0.000e+00 (0.000e+00)  TeacherAttnKL: 0.000e+00 (0.000e+00)  TeacherQKRel: 0.000e+00 (0.000e+00)  TeacherAttnOut: 0.000e+00 (0.000e+00)  TeacherFeatOut: 3.493e-01 (4.450e-01)  BinReg: 0.000e+00 (0.000e+00)  Time: 0.223s, 2292.58/s  (0.224s, 2288.35/s)  LR: 1.972e-04  RefW: 0.000e+00  AnchorRefW: 0.000e+00  Data: 0.008 (0.008)
Train: 0 [2000/2502 ( 80%)]  Loss: 51.490341 (51.5814)  BaseLoss: 51.488567 (51.5792)  RefAttnKL: 0.000e+00 (0.000e+00)  RefLogitKL: 0.000e+00 (0.000e+00)  AnchorRefAttnKL: 0.000e+00 (0.000e+00)  TeacherAttnKL: 0.000e+00 (0.000e+00)  TeacherQKRel: 0.000e+00 (0.000e+00)  TeacherAttnOut: 0.000e+00 (0.000e+00)  TeacherFeatOut: 3.541e-01 (4.428e-01)  BinReg: 0.000e+00 (0.000e+00)  Time: 0.225s, 2280.07/s  (0.224s, 2288.58/s)  LR: 1.970e-04  RefW: 0.000e+00  AnchorRefW: 0.000e+00  Data: 0.006 (0.008)
Train: 0 [2050/2502 ( 82%)]  Loss: 51.460499 (51.5785)  BaseLoss: 51.458744 (51.5763)  RefAttnKL: 0.000e+00 (0.000e+00)  RefLogitKL: 0.000e+00 (0.000e+00)  AnchorRefAttnKL: 0.000e+00 (0.000e+00)  TeacherAttnKL: 0.000e+00 (0.000e+00)  TeacherQKRel: 0.000e+00 (0.000e+00)  TeacherAttnOut: 0.000e+00 (0.000e+00)  TeacherFeatOut: 3.509e-01 (4.406e-01)  BinReg: 0.000e+00 (0.000e+00)  Time: 0.224s, 2287.26/s  (0.224s, 2288.80/s)  LR: 1.969e-04  RefW: 0.000e+00  AnchorRefW: 0.000e+00  Data: 0.008 (0.008)
Train: 0 [2100/2502 ( 84%)]  Loss: 51.468380 (51.5760)  BaseLoss: 51.466660 (51.5738)  RefAttnKL: 0.000e+00 (0.000e+00)  RefLogitKL: 0.000e+00 (0.000e+00)  AnchorRefAttnKL: 0.000e+00 (0.000e+00)  TeacherAttnKL: 0.000e+00 (0.000e+00)  TeacherQKRel: 0.000e+00 (0.000e+00)  TeacherAttnOut: 0.000e+00 (0.000e+00)  TeacherFeatOut: 3.428e-01 (4.383e-01)  BinReg: 0.000e+00 (0.000e+00)  Time: 0.224s, 2287.07/s  (0.224s, 2289.00/s)  LR: 1.967e-04  RefW: 0.000e+00  AnchorRefW: 0.000e+00  Data: 0.006 (0.008)
Train: 0 [2150/2502 ( 86%)]  Loss: 51.483612 (51.5739)  BaseLoss: 51.481907 (51.5717)  RefAttnKL: 0.000e+00 (0.000e+00)  RefLogitKL: 0.000e+00 (0.000e+00)  AnchorRefAttnKL: 0.000e+00 (0.000e+00)  TeacherAttnKL: 0.000e+00 (0.000e+00)  TeacherQKRel: 0.000e+00 (0.000e+00)  TeacherAttnOut: 0.000e+00 (0.000e+00)  TeacherFeatOut: 3.415e-01 (4.361e-01)  BinReg: 0.000e+00 (0.000e+00)  Time: 0.224s, 2288.77/s  (0.224s, 2289.21/s)  LR: 1.966e-04  RefW: 0.000e+00  AnchorRefW: 0.000e+00  Data: 0.008 (0.008)
Train: 0 [2200/2502 ( 88%)]  Loss: 51.478401 (51.5718)  BaseLoss: 51.476707 (51.5696)  RefAttnKL: 0.000e+00 (0.000e+00)  RefLogitKL: 0.000e+00 (0.000e+00)  AnchorRefAttnKL: 0.000e+00 (0.000e+00)  TeacherAttnKL: 0.000e+00 (0.000e+00)  TeacherQKRel: 0.000e+00 (0.000e+00)  TeacherAttnOut: 0.000e+00 (0.000e+00)  TeacherFeatOut: 3.390e-01 (4.340e-01)  BinReg: 0.000e+00 (0.000e+00)  Time: 0.225s, 2276.42/s  (0.224s, 2289.38/s)  LR: 1.964e-04  RefW: 0.000e+00  AnchorRefW: 0.000e+00  Data: 0.006 (0.008)
Train: 0 [2250/2502 ( 90%)]  Loss: 51.472347 (51.5696)  BaseLoss: 51.470634 (51.5674)  RefAttnKL: 0.000e+00 (0.000e+00)  RefLogitKL: 0.000e+00 (0.000e+00)  AnchorRefAttnKL: 0.000e+00 (0.000e+00)  TeacherAttnKL: 0.000e+00 (0.000e+00)  TeacherQKRel: 0.000e+00 (0.000e+00)  TeacherAttnOut: 0.000e+00 (0.000e+00)  TeacherFeatOut: 3.432e-01 (4.320e-01)  BinReg: 0.000e+00 (0.000e+00)  Time: 0.223s, 2295.20/s  (0.224s, 2289.57/s)  LR: 1.962e-04  RefW: 0.000e+00  AnchorRefW: 0.000e+00  Data: 0.007 (0.008)
Train: 0 [2300/2502 ( 92%)]  Loss: 51.501205 (51.5681)  BaseLoss: 51.499508 (51.5660)  RefAttnKL: 0.000e+00 (0.000e+00)  RefLogitKL: 0.000e+00 (0.000e+00)  AnchorRefAttnKL: 0.000e+00 (0.000e+00)  TeacherAttnKL: 0.000e+00 (0.000e+00)  TeacherQKRel: 0.000e+00 (0.000e+00)  TeacherAttnOut: 0.000e+00 (0.000e+00)  TeacherFeatOut: 3.399e-01 (4.300e-01)  BinReg: 0.000e+00 (0.000e+00)  Time: 0.224s, 2283.88/s  (0.224s, 2289.69/s)  LR: 1.961e-04  RefW: 0.000e+00  AnchorRefW: 0.000e+00  Data: 0.006 (0.008)
Train: 0 [2350/2502 ( 94%)]  Loss: 51.492577 (51.5666)  BaseLoss: 51.490936 (51.5644)  RefAttnKL: 0.000e+00 (0.000e+00)  RefLogitKL: 0.000e+00 (0.000e+00)  AnchorRefAttnKL: 0.000e+00 (0.000e+00)  TeacherAttnKL: 0.000e+00 (0.000e+00)  TeacherQKRel: 0.000e+00 (0.000e+00)  TeacherAttnOut: 0.000e+00 (0.000e+00)  TeacherFeatOut: 3.278e-01 (4.279e-01)  BinReg: 0.000e+00 (0.000e+00)  Time: 0.224s, 2287.20/s  (0.224s, 2289.86/s)  LR: 1.959e-04  RefW: 0.000e+00  AnchorRefW: 0.000e+00  Data: 0.008 (0.008)
Train: 0 [2400/2502 ( 96%)]  Loss: 51.489628 (51.5650)  BaseLoss: 51.487991 (51.5629)  RefAttnKL: 0.000e+00 (0.000e+00)  RefLogitKL: 0.000e+00 (0.000e+00)  AnchorRefAttnKL: 0.000e+00 (0.000e+00)  TeacherAttnKL: 0.000e+00 (0.000e+00)  TeacherQKRel: 0.000e+00 (0.000e+00)  TeacherAttnOut: 0.000e+00 (0.000e+00)  TeacherFeatOut: 3.270e-01 (4.259e-01)  BinReg: 0.000e+00 (0.000e+00)  Time: 0.225s, 2279.59/s  (0.224s, 2290.02/s)  LR: 1.957e-04  RefW: 0.000e+00  AnchorRefW: 0.000e+00  Data: 0.006 (0.007)
Train: 0 [2450/2502 ( 98%)]  Loss: 51.488987 (51.5635)  BaseLoss: 51.487358 (51.5614)  RefAttnKL: 0.000e+00 (0.000e+00)  RefLogitKL: 0.000e+00 (0.000e+00)  AnchorRefAttnKL: 0.000e+00 (0.000e+00)  TeacherAttnKL: 0.000e+00 (0.000e+00)  TeacherQKRel: 0.000e+00 (0.000e+00)  TeacherAttnOut: 0.000e+00 (0.000e+00)  TeacherFeatOut: 3.256e-01 (4.239e-01)  BinReg: 0.000e+00 (0.000e+00)  Time: 0.223s, 2293.24/s  (0.224s, 2290.17/s)  LR: 1.955e-04  RefW: 0.000e+00  AnchorRefW: 0.000e+00  Data: 0.007 (0.007)
TrainSummary: epoch=0 updates=2496 avg_step_time=0.223548s samples_per_step=512 samples_per_sec=2290.33
epoch:  0 g['lr']:  0.00019537246048450472
/usr/local/lib/python3.11/dist-packages/torch/distributed/distributed_c10d.py:4876: UserWarning: barrier(): using the device under current context. You can specify `device_id` in `init_process_group` to mute this warning.
  warnings.warn(  # warn only once
model eval
/usr/local/lib/python3.11/dist-packages/requests/__init__.py:113: RequestsDependencyWarning: urllib3 (1.26.20) or chardet (7.4.3)/charset_normalizer (3.4.4) doesn't match a supported version!
  warnings.warn(
/usr/local/lib/python3.11/dist-packages/requests/__init__.py:113: RequestsDependencyWarning: urllib3 (1.26.20) or chardet (7.4.3)/charset_normalizer (3.4.4) doesn't match a supported version!
  warnings.warn(
/usr/local/lib/python3.11/dist-packages/requests/__init__.py:113: RequestsDependencyWarning: urllib3 (1.26.20) or chardet (7.4.3)/charset_normalizer (3.4.4) doesn't match a supported version!
  warnings.warn(
/usr/local/lib/python3.11/dist-packages/requests/__init__.py:113: RequestsDependencyWarning: urllib3 (1.26.20) or chardet (7.4.3)/charset_normalizer (3.4.4) doesn't match a supported version!
  warnings.warn(
/usr/local/lib/python3.11/dist-packages/requests/__init__.py:113: RequestsDependencyWarning: urllib3 (1.26.20) or chardet (7.4.3)/charset_normalizer (3.4.4) doesn't match a supported version!
  warnings.warn(
/usr/local/lib/python3.11/dist-packages/requests/__init__.py:113: RequestsDependencyWarning: urllib3 (1.26.20) or chardet (7.4.3)/charset_normalizer (3.4.4) doesn't match a supported version!
  warnings.warn(
/usr/local/lib/python3.11/dist-packages/requests/__init__.py:113: RequestsDependencyWarning: urllib3 (1.26.20) or chardet (7.4.3)/charset_normalizer (3.4.4) doesn't match a supported version!
  warnings.warn(
/usr/local/lib/python3.11/dist-packages/requests/__init__.py:113: RequestsDependencyWarning: urllib3 (1.26.20) or chardet (7.4.3)/charset_normalizer (3.4.4) doesn't match a supported version!
  warnings.warn(
/usr/local/lib/python3.11/dist-packages/requests/__init__.py:113: RequestsDependencyWarning: urllib3 (1.26.20) or chardet (7.4.3)/charset_normalizer (3.4.4) doesn't match a supported version!
  warnings.warn(
/usr/local/lib/python3.11/dist-packages/requests/__init__.py:113: RequestsDependencyWarning: urllib3 (1.26.20) or chardet (7.4.3)/charset_normalizer (3.4.4) doesn't match a supported version!
  warnings.warn(
/usr/local/lib/python3.11/dist-packages/requests/__init__.py:113: RequestsDependencyWarning: urllib3 (1.26.20) or chardet (7.4.3)/charset_normalizer (3.4.4) doesn't match a supported version!
  warnings.warn(
/usr/local/lib/python3.11/dist-packages/requests/__init__.py:113: RequestsDependencyWarning: urllib3 (1.26.20) or chardet (7.4.3)/charset_normalizer (3.4.4) doesn't match a supported version!
  warnings.warn(
/usr/local/lib/python3.11/dist-packages/requests/__init__.py:113: RequestsDependencyWarning: urllib3 (1.26.20) or chardet (7.4.3)/charset_normalizer (3.4.4) doesn't match a supported version!
  warnings.warn(
/usr/local/lib/python3.11/dist-packages/requests/__init__.py:113: RequestsDependencyWarning: urllib3 (1.26.20) or chardet (7.4.3)/charset_normalizer (3.4.4) doesn't match a supported version!
  warnings.warn(
/usr/local/lib/python3.11/dist-packages/requests/__init__.py:113: RequestsDependencyWarning: urllib3 (1.26.20) or chardet (7.4.3)/charset_normalizer (3.4.4) doesn't match a supported version!
  warnings.warn(
/usr/local/lib/python3.11/dist-packages/requests/__init__.py:113: RequestsDependencyWarning: urllib3 (1.26.20) or chardet (7.4.3)/charset_normalizer (3.4.4) doesn't match a supported version!
  warnings.warn(
/usr/local/lib/python3.11/dist-packages/requests/__init__.py:113: RequestsDependencyWarning: urllib3 (1.26.20) or chardet (7.4.3)/charset_normalizer (3.4.4) doesn't match a supported version!
  warnings.warn(
/usr/local/lib/python3.11/dist-packages/requests/__init__.py:113: RequestsDependencyWarning: urllib3 (1.26.20) or chardet (7.4.3)/charset_normalizer (3.4.4) doesn't match a supported version!
  warnings.warn(
/usr/local/lib/python3.11/dist-packages/requests/__init__.py:113: RequestsDependencyWarning: urllib3 (1.26.20) or chardet (7.4.3)/charset_normalizer (3.4.4) doesn't match a supported version!
  warnings.warn(
/usr/local/lib/python3.11/dist-packages/requests/__init__.py:113: RequestsDependencyWarning: urllib3 (1.26.20) or chardet (7.4.3)/charset_normalizer (3.4.4) doesn't match a supported version!
  warnings.warn(
/usr/local/lib/python3.11/dist-packages/requests/__init__.py:113: RequestsDependencyWarning: urllib3 (1.26.20) or chardet (7.4.3)/charset_normalizer (3.4.4) doesn't match a supported version!
  warnings.warn(
/usr/local/lib/python3.11/dist-packages/requests/__init__.py:113: RequestsDependencyWarning: urllib3 (1.26.20) or chardet (7.4.3)/charset_normalizer (3.4.4) doesn't match a supported version!
  warnings.warn(
/usr/local/lib/python3.11/dist-packages/requests/__init__.py:113: RequestsDependencyWarning: urllib3 (1.26.20) or chardet (7.4.3)/charset_normalizer (3.4.4) doesn't match a supported version!
  warnings.warn(
/usr/local/lib/python3.11/dist-packages/requests/__init__.py:113: RequestsDependencyWarning: urllib3 (1.26.20) or chardet (7.4.3)/charset_normalizer (3.4.4) doesn't match a supported version!
  warnings.warn(
/usr/local/lib/python3.11/dist-packages/requests/__init__.py:113: RequestsDependencyWarning: urllib3 (1.26.20) or chardet (7.4.3)/charset_normalizer (3.4.4) doesn't match a supported version!
  warnings.warn(
/usr/local/lib/python3.11/dist-packages/requests/__init__.py:113: RequestsDependencyWarning: urllib3 (1.26.20) or chardet (7.4.3)/charset_normalizer (3.4.4) doesn't match a supported version!
  warnings.warn(
/usr/local/lib/python3.11/dist-packages/requests/__init__.py:113: RequestsDependencyWarning: urllib3 (1.26.20) or chardet (7.4.3)/charset_normalizer (3.4.4) doesn't match a supported version!
  warnings.warn(
/usr/local/lib/python3.11/dist-packages/requests/__init__.py:113: RequestsDependencyWarning: urllib3 (1.26.20) or chardet (7.4.3)/charset_normalizer (3.4.4) doesn't match a supported version!
  warnings.warn(
/usr/local/lib/python3.11/dist-packages/requests/__init__.py:113: RequestsDependencyWarning: urllib3 (1.26.20) or chardet (7.4.3)/charset_normalizer (3.4.4) doesn't match a supported version!
  warnings.warn(
/usr/local/lib/python3.11/dist-packages/requests/__init__.py:113: RequestsDependencyWarning: urllib3 (1.26.20) or chardet (7.4.3)/charset_normalizer (3.4.4) doesn't match a supported version!
  warnings.warn(
/usr/local/lib/python3.11/dist-packages/requests/__init__.py:113: RequestsDependencyWarning: urllib3 (1.26.20) or chardet (7.4.3)/charset_normalizer (3.4.4) doesn't match a supported version!
  warnings.warn(
/usr/local/lib/python3.11/dist-packages/requests/__init__.py:113: RequestsDependencyWarning: urllib3 (1.26.20) or chardet (7.4.3)/charset_normalizer (3.4.4) doesn't match a supported version!
  warnings.warn(
/usr/local/lib/python3.11/dist-packages/requests/__init__.py:113: RequestsDependencyWarning: urllib3 (1.26.20) or chardet (7.4.3)/charset_normalizer (3.4.4) doesn't match a supported version!
  warnings.warn(
/usr/local/lib/python3.11/dist-packages/requests/__init__.py:113: RequestsDependencyWarning: urllib3 (1.26.20) or chardet (7.4.3)/charset_normalizer (3.4.4) doesn't match a supported version!
  warnings.warn(
/usr/local/lib/python3.11/dist-packages/requests/__init__.py:113: RequestsDependencyWarning: urllib3 (1.26.20) or chardet (7.4.3)/charset_normalizer (3.4.4) doesn't match a supported version!
  warnings.warn(
/usr/local/lib/python3.11/dist-packages/requests/__init__.py:113: RequestsDependencyWarning: urllib3 (1.26.20) or chardet (7.4.3)/charset_normalizer (3.4.4) doesn't match a supported version!
  warnings.warn(
/usr/local/lib/python3.11/dist-packages/requests/__init__.py:113: RequestsDependencyWarning: urllib3 (1.26.20) or chardet (7.4.3)/charset_normalizer (3.4.4) doesn't match a supported version!
  warnings.warn(
/usr/local/lib/python3.11/dist-packages/requests/__init__.py:113: RequestsDependencyWarning: urllib3 (1.26.20) or chardet (7.4.3)/charset_normalizer (3.4.4) doesn't match a supported version!
  warnings.warn(
/usr/local/lib/python3.11/dist-packages/requests/__init__.py:113: RequestsDependencyWarning: urllib3 (1.26.20) or chardet (7.4.3)/charset_normalizer (3.4.4) doesn't match a supported version!
  warnings.warn(
/usr/local/lib/python3.11/dist-packages/requests/__init__.py:113: RequestsDependencyWarning: urllib3 (1.26.20) or chardet (7.4.3)/charset_normalizer (3.4.4) doesn't match a supported version!
  warnings.warn(
/usr/local/lib/python3.11/dist-packages/requests/__init__.py:113: RequestsDependencyWarning: urllib3 (1.26.20) or chardet (7.4.3)/charset_normalizer (3.4.4) doesn't match a supported version!
  warnings.warn(
/usr/local/lib/python3.11/dist-packages/requests/__init__.py:113: RequestsDependencyWarning: urllib3 (1.26.20) or chardet (7.4.3)/charset_normalizer (3.4.4) doesn't match a supported version!
  warnings.warn(
/usr/local/lib/python3.11/dist-packages/requests/__init__.py:113: RequestsDependencyWarning: urllib3 (1.26.20) or chardet (7.4.3)/charset_normalizer (3.4.4) doesn't match a supported version!
  warnings.warn(
/usr/local/lib/python3.11/dist-packages/requests/__init__.py:113: RequestsDependencyWarning: urllib3 (1.26.20) or chardet (7.4.3)/charset_normalizer (3.4.4) doesn't match a supported version!
  warnings.warn(
/usr/local/lib/python3.11/dist-packages/requests/__init__.py:113: RequestsDependencyWarning: urllib3 (1.26.20) or chardet (7.4.3)/charset_normalizer (3.4.4) doesn't match a supported version!
  warnings.warn(
/usr/local/lib/python3.11/dist-packages/requests/__init__.py:113: RequestsDependencyWarning: urllib3 (1.26.20) or chardet (7.4.3)/charset_normalizer (3.4.4) doesn't match a supported version!
  warnings.warn(
/usr/local/lib/python3.11/dist-packages/requests/__init__.py:113: RequestsDependencyWarning: urllib3 (1.26.20) or chardet (7.4.3)/charset_normalizer (3.4.4) doesn't match a supported version!
  warnings.warn(
/usr/local/lib/python3.11/dist-packages/requests/__init__.py:113: RequestsDependencyWarning: urllib3 (1.26.20) or chardet (7.4.3)/charset_normalizer (3.4.4) doesn't match a supported version!
  warnings.warn(
/usr/local/lib/python3.11/dist-packages/requests/__init__.py:113: RequestsDependencyWarning: urllib3 (1.26.20) or chardet (7.4.3)/charset_normalizer (3.4.4) doesn't match a supported version!
  warnings.warn(
/usr/local/lib/python3.11/dist-packages/requests/__init__.py:113: RequestsDependencyWarning: urllib3 (1.26.20) or chardet (7.4.3)/charset_normalizer (3.4.4) doesn't match a supported version!
  warnings.warn(
/usr/local/lib/python3.11/dist-packages/requests/__init__.py:113: RequestsDependencyWarning: urllib3 (1.26.20) or chardet (7.4.3)/charset_normalizer (3.4.4) doesn't match a supported version!
  warnings.warn(
/usr/local/lib/python3.11/dist-packages/requests/__init__.py:113: RequestsDependencyWarning: urllib3 (1.26.20) or chardet (7.4.3)/charset_normalizer (3.4.4) doesn't match a supported version!
  warnings.warn(
/usr/local/lib/python3.11/dist-packages/requests/__init__.py:113: RequestsDependencyWarning: urllib3 (1.26.20) or chardet (7.4.3)/charset_normalizer (3.4.4) doesn't match a supported version!
  warnings.warn(
/usr/local/lib/python3.11/dist-packages/requests/__init__.py:113: RequestsDependencyWarning: urllib3 (1.26.20) or chardet (7.4.3)/charset_normalizer (3.4.4) doesn't match a supported version!
  warnings.warn(
/usr/local/lib/python3.11/dist-packages/requests/__init__.py:113: RequestsDependencyWarning: urllib3 (1.26.20) or chardet (7.4.3)/charset_normalizer (3.4.4) doesn't match a supported version!
  warnings.warn(
/usr/local/lib/python3.11/dist-packages/requests/__init__.py:113: RequestsDependencyWarning: urllib3 (1.26.20) or chardet (7.4.3)/charset_normalizer (3.4.4) doesn't match a supported version!
  warnings.warn(
/usr/local/lib/python3.11/dist-packages/requests/__init__.py:113: RequestsDependencyWarning: urllib3 (1.26.20) or chardet (7.4.3)/charset_normalizer (3.4.4) doesn't match a supported version!
  warnings.warn(
/usr/local/lib/python3.11/dist-packages/requests/__init__.py:113: RequestsDependencyWarning: urllib3 (1.26.20) or chardet (7.4.3)/charset_normalizer (3.4.4) doesn't match a supported version!
  warnings.warn(
/usr/local/lib/python3.11/dist-packages/requests/__init__.py:113: RequestsDependencyWarning: urllib3 (1.26.20) or chardet (7.4.3)/charset_normalizer (3.4.4) doesn't match a supported version!
  warnings.warn(
/usr/local/lib/python3.11/dist-packages/requests/__init__.py:113: RequestsDependencyWarning: urllib3 (1.26.20) or chardet (7.4.3)/charset_normalizer (3.4.4) doesn't match a supported version!
  warnings.warn(
/usr/local/lib/python3.11/dist-packages/requests/__init__.py:113: RequestsDependencyWarning: urllib3 (1.26.20) or chardet (7.4.3)/charset_normalizer (3.4.4) doesn't match a supported version!
  warnings.warn(
/usr/local/lib/python3.11/dist-packages/requests/__init__.py:113: RequestsDependencyWarning: urllib3 (1.26.20) or chardet (7.4.3)/charset_normalizer (3.4.4) doesn't match a supported version!
  warnings.warn(
/usr/local/lib/python3.11/dist-packages/requests/__init__.py:113: RequestsDependencyWarning: urllib3 (1.26.20) or chardet (7.4.3)/charset_normalizer (3.4.4) doesn't match a supported version!
  warnings.warn(
/usr/local/lib/python3.11/dist-packages/requests/__init__.py:113: RequestsDependencyWarning: urllib3 (1.26.20) or chardet (7.4.3)/charset_normalizer (3.4.4) doesn't match a supported version!
  warnings.warn(
/usr/local/lib/python3.11/dist-packages/wandb/apis/public.py:3075: UserWarning: pkg_resources is deprecated as an API. See https://setuptools.pypa.io/en/latest/pkg_resources.html. The pkg_resources package is slated for removal as early as 2025-11-30. Refrain from using this package or pin to Setuptools<81.
  from pkg_resources import parse_version
/usr/local/lib/python3.11/dist-packages/wandb/apis/public.py:3075: UserWarning: pkg_resources is deprecated as an API. See https://setuptools.pypa.io/en/latest/pkg_resources.html. The pkg_resources package is slated for removal as early as 2025-11-30. Refrain from using this package or pin to Setuptools<81.
  from pkg_resources import parse_version
/usr/local/lib/python3.11/dist-packages/wandb/apis/public.py:3075: UserWarning: pkg_resources is deprecated as an API. See https://setuptools.pypa.io/en/latest/pkg_resources.html. The pkg_resources package is slated for removal as early as 2025-11-30. Refrain from using this package or pin to Setuptools<81.
  from pkg_resources import parse_version
/usr/local/lib/python3.11/dist-packages/wandb/apis/public.py:3075: UserWarning: pkg_resources is deprecated as an API. See https://setuptools.pypa.io/en/latest/pkg_resources.html. The pkg_resources package is slated for removal as early as 2025-11-30. Refrain from using this package or pin to Setuptools<81.
  from pkg_resources import parse_version
/usr/local/lib/python3.11/dist-packages/wandb/apis/public.py:3075: UserWarning: pkg_resources is deprecated as an API. See https://setuptools.pypa.io/en/latest/pkg_resources.html. The pkg_resources package is slated for removal as early as 2025-11-30. Refrain from using this package or pin to Setuptools<81.
  from pkg_resources import parse_version
/usr/local/lib/python3.11/dist-packages/wandb/apis/public.py:3075: UserWarning: pkg_resources is deprecated as an API. See https://setuptools.pypa.io/en/latest/pkg_resources.html. The pkg_resources package is slated for removal as early as 2025-11-30. Refrain from using this package or pin to Setuptools<81.
  from pkg_resources import parse_version
/usr/local/lib/python3.11/dist-packages/wandb/apis/public.py:3075: UserWarning: pkg_resources is deprecated as an API. See https://setuptools.pypa.io/en/latest/pkg_resources.html. The pkg_resources package is slated for removal as early as 2025-11-30. Refrain from using this package or pin to Setuptools<81.
  from pkg_resources import parse_version
/usr/local/lib/python3.11/dist-packages/wandb/apis/public.py:3075: UserWarning: pkg_resources is deprecated as an API. See https://setuptools.pypa.io/en/latest/pkg_resources.html. The pkg_resources package is slated for removal as early as 2025-11-30. Refrain from using this package or pin to Setuptools<81.
  from pkg_resources import parse_version
/usr/local/lib/python3.11/dist-packages/wandb/apis/public.py:3075: UserWarning: pkg_resources is deprecated as an API. See https://setuptools.pypa.io/en/latest/pkg_resources.html. The pkg_resources package is slated for removal as early as 2025-11-30. Refrain from using this package or pin to Setuptools<81.
  from pkg_resources import parse_version
/usr/local/lib/python3.11/dist-packages/wandb/apis/public.py:3075: UserWarning: pkg_resources is deprecated as an API. See https://setuptools.pypa.io/en/latest/pkg_resources.html. The pkg_resources package is slated for removal as early as 2025-11-30. Refrain from using this package or pin to Setuptools<81.
  from pkg_resources import parse_version
/usr/local/lib/python3.11/dist-packages/wandb/apis/public.py:3075: UserWarning: pkg_resources is deprecated as an API. See https://setuptools.pypa.io/en/latest/pkg_resources.html. The pkg_resources package is slated for removal as early as 2025-11-30. Refrain from using this package or pin to Setuptools<81.
  from pkg_resources import parse_version
/usr/local/lib/python3.11/dist-packages/wandb/apis/public.py:3075: UserWarning: pkg_resources is deprecated as an API. See https://setuptools.pypa.io/en/latest/pkg_resources.html. The pkg_resources package is slated for removal as early as 2025-11-30. Refrain from using this package or pin to Setuptools<81.
  from pkg_resources import parse_version
/usr/local/lib/python3.11/dist-packages/wandb/apis/public.py:3075: UserWarning: pkg_resources is deprecated as an API. See https://setuptools.pypa.io/en/latest/pkg_resources.html. The pkg_resources package is slated for removal as early as 2025-11-30. Refrain from using this package or pin to Setuptools<81.
  from pkg_resources import parse_version
/usr/local/lib/python3.11/dist-packages/wandb/apis/public.py:3075: UserWarning: pkg_resources is deprecated as an API. See https://setuptools.pypa.io/en/latest/pkg_resources.html. The pkg_resources package is slated for removal as early as 2025-11-30. Refrain from using this package or pin to Setuptools<81.
  from pkg_resources import parse_version
/usr/local/lib/python3.11/dist-packages/wandb/apis/public.py:3075: UserWarning: pkg_resources is deprecated as an API. See https://setuptools.pypa.io/en/latest/pkg_resources.html. The pkg_resources package is slated for removal as early as 2025-11-30. Refrain from using this package or pin to Setuptools<81.
  from pkg_resources import parse_version
/usr/local/lib/python3.11/dist-packages/wandb/apis/public.py:3075: UserWarning: pkg_resources is deprecated as an API. See https://setuptools.pypa.io/en/latest/pkg_resources.html. The pkg_resources package is slated for removal as early as 2025-11-30. Refrain from using this package or pin to Setuptools<81.
  from pkg_resources import parse_version
/usr/local/lib/python3.11/dist-packages/wandb/apis/public.py:3075: UserWarning: pkg_resources is deprecated as an API. See https://setuptools.pypa.io/en/latest/pkg_resources.html. The pkg_resources package is slated for removal as early as 2025-11-30. Refrain from using this package or pin to Setuptools<81.
  from pkg_resources import parse_version
/usr/local/lib/python3.11/dist-packages/wandb/apis/public.py:3075: UserWarning: pkg_resources is deprecated as an API. See https://setuptools.pypa.io/en/latest/pkg_resources.html. The pkg_resources package is slated for removal as early as 2025-11-30. Refrain from using this package or pin to Setuptools<81.
  from pkg_resources import parse_version
/usr/local/lib/python3.11/dist-packages/wandb/apis/public.py:3075: UserWarning: pkg_resources is deprecated as an API. See https://setuptools.pypa.io/en/latest/pkg_resources.html. The pkg_resources package is slated for removal as early as 2025-11-30. Refrain from using this package or pin to Setuptools<81.
  from pkg_resources import parse_version
/usr/local/lib/python3.11/dist-packages/wandb/apis/public.py:3075: UserWarning: pkg_resources is deprecated as an API. See https://setuptools.pypa.io/en/latest/pkg_resources.html. The pkg_resources package is slated for removal as early as 2025-11-30. Refrain from using this package or pin to Setuptools<81.
  from pkg_resources import parse_version
/usr/local/lib/python3.11/dist-packages/wandb/apis/public.py:3075: UserWarning: pkg_resources is deprecated as an API. See https://setuptools.pypa.io/en/latest/pkg_resources.html. The pkg_resources package is slated for removal as early as 2025-11-30. Refrain from using this package or pin to Setuptools<81.
  from pkg_resources import parse_version
/usr/local/lib/python3.11/dist-packages/wandb/apis/public.py:3075: UserWarning: pkg_resources is deprecated as an API. See https://setuptools.pypa.io/en/latest/pkg_resources.html. The pkg_resources package is slated for removal as early as 2025-11-30. Refrain from using this package or pin to Setuptools<81.
  from pkg_resources import parse_version
/usr/local/lib/python3.11/dist-packages/wandb/apis/public.py:3075: UserWarning: pkg_resources is deprecated as an API. See https://setuptools.pypa.io/en/latest/pkg_resources.html. The pkg_resources package is slated for removal as early as 2025-11-30. Refrain from using this package or pin to Setuptools<81.
  from pkg_resources import parse_version
/usr/local/lib/python3.11/dist-packages/wandb/apis/public.py:3075: UserWarning: pkg_resources is deprecated as an API. See https://setuptools.pypa.io/en/latest/pkg_resources.html. The pkg_resources package is slated for removal as early as 2025-11-30. Refrain from using this package or pin to Setuptools<81.
  from pkg_resources import parse_version
/usr/local/lib/python3.11/dist-packages/wandb/apis/public.py:3075: UserWarning: pkg_resources is deprecated as an API. See https://setuptools.pypa.io/en/latest/pkg_resources.html. The pkg_resources package is slated for removal as early as 2025-11-30. Refrain from using this package or pin to Setuptools<81.
  from pkg_resources import parse_version
/usr/local/lib/python3.11/dist-packages/wandb/apis/public.py:3075: UserWarning: pkg_resources is deprecated as an API. See https://setuptools.pypa.io/en/latest/pkg_resources.html. The pkg_resources package is slated for removal as early as 2025-11-30. Refrain from using this package or pin to Setuptools<81.
  from pkg_resources import parse_version
/usr/local/lib/python3.11/dist-packages/wandb/apis/public.py:3075: UserWarning: pkg_resources is deprecated as an API. See https://setuptools.pypa.io/en/latest/pkg_resources.html. The pkg_resources package is slated for removal as early as 2025-11-30. Refrain from using this package or pin to Setuptools<81.
  from pkg_resources import parse_version
/usr/local/lib/python3.11/dist-packages/wandb/apis/public.py:3075: UserWarning: pkg_resources is deprecated as an API. See https://setuptools.pypa.io/en/latest/pkg_resources.html. The pkg_resources package is slated for removal as early as 2025-11-30. Refrain from using this package or pin to Setuptools<81.
  from pkg_resources import parse_version
/usr/local/lib/python3.11/dist-packages/wandb/apis/public.py:3075: UserWarning: pkg_resources is deprecated as an API. See https://setuptools.pypa.io/en/latest/pkg_resources.html. The pkg_resources package is slated for removal as early as 2025-11-30. Refrain from using this package or pin to Setuptools<81.
  from pkg_resources import parse_version
/usr/local/lib/python3.11/dist-packages/wandb/apis/public.py:3075: UserWarning: pkg_resources is deprecated as an API. See https://setuptools.pypa.io/en/latest/pkg_resources.html. The pkg_resources package is slated for removal as early as 2025-11-30. Refrain from using this package or pin to Setuptools<81.
  from pkg_resources import parse_version
/usr/local/lib/python3.11/dist-packages/wandb/apis/public.py:3075: UserWarning: pkg_resources is deprecated as an API. See https://setuptools.pypa.io/en/latest/pkg_resources.html. The pkg_resources package is slated for removal as early as 2025-11-30. Refrain from using this package or pin to Setuptools<81.
  from pkg_resources import parse_version
/usr/local/lib/python3.11/dist-packages/wandb/apis/public.py:3075: UserWarning: pkg_resources is deprecated as an API. See https://setuptools.pypa.io/en/latest/pkg_resources.html. The pkg_resources package is slated for removal as early as 2025-11-30. Refrain from using this package or pin to Setuptools<81.
  from pkg_resources import parse_version
/usr/local/lib/python3.11/dist-packages/wandb/apis/public.py:3075: UserWarning: pkg_resources is deprecated as an API. See https://setuptools.pypa.io/en/latest/pkg_resources.html. The pkg_resources package is slated for removal as early as 2025-11-30. Refrain from using this package or pin to Setuptools<81.
  from pkg_resources import parse_version
/usr/local/lib/python3.11/dist-packages/wandb/apis/public.py:3075: UserWarning: pkg_resources is deprecated as an API. See https://setuptools.pypa.io/en/latest/pkg_resources.html. The pkg_resources package is slated for removal as early as 2025-11-30. Refrain from using this package or pin to Setuptools<81.
  from pkg_resources import parse_version
/usr/local/lib/python3.11/dist-packages/wandb/apis/public.py:3075: UserWarning: pkg_resources is deprecated as an API. See https://setuptools.pypa.io/en/latest/pkg_resources.html. The pkg_resources package is slated for removal as early as 2025-11-30. Refrain from using this package or pin to Setuptools<81.
  from pkg_resources import parse_version
/usr/local/lib/python3.11/dist-packages/wandb/apis/public.py:3075: UserWarning: pkg_resources is deprecated as an API. See https://setuptools.pypa.io/en/latest/pkg_resources.html. The pkg_resources package is slated for removal as early as 2025-11-30. Refrain from using this package or pin to Setuptools<81.
  from pkg_resources import parse_version
/usr/local/lib/python3.11/dist-packages/wandb/apis/public.py:3075: UserWarning: pkg_resources is deprecated as an API. See https://setuptools.pypa.io/en/latest/pkg_resources.html. The pkg_resources package is slated for removal as early as 2025-11-30. Refrain from using this package or pin to Setuptools<81.
  from pkg_resources import parse_version
/usr/local/lib/python3.11/dist-packages/wandb/apis/public.py:3075: UserWarning: pkg_resources is deprecated as an API. See https://setuptools.pypa.io/en/latest/pkg_resources.html. The pkg_resources package is slated for removal as early as 2025-11-30. Refrain from using this package or pin to Setuptools<81.
  from pkg_resources import parse_version
/usr/local/lib/python3.11/dist-packages/wandb/apis/public.py:3075: UserWarning: pkg_resources is deprecated as an API. See https://setuptools.pypa.io/en/latest/pkg_resources.html. The pkg_resources package is slated for removal as early as 2025-11-30. Refrain from using this package or pin to Setuptools<81.
  from pkg_resources import parse_version
/usr/local/lib/python3.11/dist-packages/wandb/apis/public.py:3075: UserWarning: pkg_resources is deprecated as an API. See https://setuptools.pypa.io/en/latest/pkg_resources.html. The pkg_resources package is slated for removal as early as 2025-11-30. Refrain from using this package or pin to Setuptools<81.
  from pkg_resources import parse_version
/usr/local/lib/python3.11/dist-packages/wandb/apis/public.py:3075: UserWarning: pkg_resources is deprecated as an API. See https://setuptools.pypa.io/en/latest/pkg_resources.html. The pkg_resources package is slated for removal as early as 2025-11-30. Refrain from using this package or pin to Setuptools<81.
  from pkg_resources import parse_version
/usr/local/lib/python3.11/dist-packages/wandb/apis/public.py:3075: UserWarning: pkg_resources is deprecated as an API. See https://setuptools.pypa.io/en/latest/pkg_resources.html. The pkg_resources package is slated for removal as early as 2025-11-30. Refrain from using this package or pin to Setuptools<81.
  from pkg_resources import parse_version
/usr/local/lib/python3.11/dist-packages/wandb/apis/public.py:3075: UserWarning: pkg_resources is deprecated as an API. See https://setuptools.pypa.io/en/latest/pkg_resources.html. The pkg_resources package is slated for removal as early as 2025-11-30. Refrain from using this package or pin to Setuptools<81.
  from pkg_resources import parse_version
/usr/local/lib/python3.11/dist-packages/wandb/apis/public.py:3075: UserWarning: pkg_resources is deprecated as an API. See https://setuptools.pypa.io/en/latest/pkg_resources.html. The pkg_resources package is slated for removal as early as 2025-11-30. Refrain from using this package or pin to Setuptools<81.
  from pkg_resources import parse_version
/usr/local/lib/python3.11/dist-packages/wandb/apis/public.py:3075: UserWarning: pkg_resources is deprecated as an API. See https://setuptools.pypa.io/en/latest/pkg_resources.html. The pkg_resources package is slated for removal as early as 2025-11-30. Refrain from using this package or pin to Setuptools<81.
  from pkg_resources import parse_version
/usr/local/lib/python3.11/dist-packages/wandb/apis/public.py:3075: UserWarning: pkg_resources is deprecated as an API. See https://setuptools.pypa.io/en/latest/pkg_resources.html. The pkg_resources package is slated for removal as early as 2025-11-30. Refrain from using this package or pin to Setuptools<81.
  from pkg_resources import parse_version
/usr/local/lib/python3.11/dist-packages/wandb/apis/public.py:3075: UserWarning: pkg_resources is deprecated as an API. See https://setuptools.pypa.io/en/latest/pkg_resources.html. The pkg_resources package is slated for removal as early as 2025-11-30. Refrain from using this package or pin to Setuptools<81.
  from pkg_resources import parse_version
/usr/local/lib/python3.11/dist-packages/wandb/apis/public.py:3075: UserWarning: pkg_resources is deprecated as an API. See https://setuptools.pypa.io/en/latest/pkg_resources.html. The pkg_resources package is slated for removal as early as 2025-11-30. Refrain from using this package or pin to Setuptools<81.
  from pkg_resources import parse_version
/usr/local/lib/python3.11/dist-packages/wandb/apis/public.py:3075: UserWarning: pkg_resources is deprecated as an API. See https://setuptools.pypa.io/en/latest/pkg_resources.html. The pkg_resources package is slated for removal as early as 2025-11-30. Refrain from using this package or pin to Setuptools<81.
  from pkg_resources import parse_version
/usr/local/lib/python3.11/dist-packages/wandb/apis/public.py:3075: UserWarning: pkg_resources is deprecated as an API. See https://setuptools.pypa.io/en/latest/pkg_resources.html. The pkg_resources package is slated for removal as early as 2025-11-30. Refrain from using this package or pin to Setuptools<81.
  from pkg_resources import parse_version
/usr/local/lib/python3.11/dist-packages/wandb/apis/public.py:3075: UserWarning: pkg_resources is deprecated as an API. See https://setuptools.pypa.io/en/latest/pkg_resources.html. The pkg_resources package is slated for removal as early as 2025-11-30. Refrain from using this package or pin to Setuptools<81.
  from pkg_resources import parse_version
/usr/local/lib/python3.11/dist-packages/wandb/apis/public.py:3075: UserWarning: pkg_resources is deprecated as an API. See https://setuptools.pypa.io/en/latest/pkg_resources.html. The pkg_resources package is slated for removal as early as 2025-11-30. Refrain from using this package or pin to Setuptools<81.
  from pkg_resources import parse_version
/usr/local/lib/python3.11/dist-packages/wandb/apis/public.py:3075: UserWarning: pkg_resources is deprecated as an API. See https://setuptools.pypa.io/en/latest/pkg_resources.html. The pkg_resources package is slated for removal as early as 2025-11-30. Refrain from using this package or pin to Setuptools<81.
  from pkg_resources import parse_version
/usr/local/lib/python3.11/dist-packages/wandb/apis/public.py:3075: UserWarning: pkg_resources is deprecated as an API. See https://setuptools.pypa.io/en/latest/pkg_resources.html. The pkg_resources package is slated for removal as early as 2025-11-30. Refrain from using this package or pin to Setuptools<81.
  from pkg_resources import parse_version
/usr/local/lib/python3.11/dist-packages/wandb/apis/public.py:3075: UserWarning: pkg_resources is deprecated as an API. See https://setuptools.pypa.io/en/latest/pkg_resources.html. The pkg_resources package is slated for removal as early as 2025-11-30. Refrain from using this package or pin to Setuptools<81.
  from pkg_resources import parse_version
/usr/local/lib/python3.11/dist-packages/wandb/apis/public.py:3075: UserWarning: pkg_resources is deprecated as an API. See https://setuptools.pypa.io/en/latest/pkg_resources.html. The pkg_resources package is slated for removal as early as 2025-11-30. Refrain from using this package or pin to Setuptools<81.
  from pkg_resources import parse_version
/usr/local/lib/python3.11/dist-packages/wandb/apis/public.py:3075: UserWarning: pkg_resources is deprecated as an API. See https://setuptools.pypa.io/en/latest/pkg_resources.html. The pkg_resources package is slated for removal as early as 2025-11-30. Refrain from using this package or pin to Setuptools<81.
  from pkg_resources import parse_version
/usr/local/lib/python3.11/dist-packages/wandb/apis/public.py:3075: UserWarning: pkg_resources is deprecated as an API. See https://setuptools.pypa.io/en/latest/pkg_resources.html. The pkg_resources package is slated for removal as early as 2025-11-30. Refrain from using this package or pin to Setuptools<81.
  from pkg_resources import parse_version
/usr/local/lib/python3.11/dist-packages/wandb/apis/public.py:3075: UserWarning: pkg_resources is deprecated as an API. See https://setuptools.pypa.io/en/latest/pkg_resources.html. The pkg_resources package is slated for removal as early as 2025-11-30. Refrain from using this package or pin to Setuptools<81.
  from pkg_resources import parse_version
/usr/local/lib/python3.11/dist-packages/wandb/apis/public.py:3075: UserWarning: pkg_resources is deprecated as an API. See https://setuptools.pypa.io/en/latest/pkg_resources.html. The pkg_resources package is slated for removal as early as 2025-11-30. Refrain from using this package or pin to Setuptools<81.
  from pkg_resources import parse_version
/usr/local/lib/python3.11/dist-packages/wandb/apis/public.py:3075: UserWarning: pkg_resources is deprecated as an API. See https://setuptools.pypa.io/en/latest/pkg_resources.html. The pkg_resources package is slated for removal as early as 2025-11-30. Refrain from using this package or pin to Setuptools<81.
  from pkg_resources import parse_version
/usr/local/lib/python3.11/dist-packages/wandb/apis/public.py:3075: UserWarning: pkg_resources is deprecated as an API. See https://setuptools.pypa.io/en/latest/pkg_resources.html. The pkg_resources package is slated for removal as early as 2025-11-30. Refrain from using this package or pin to Setuptools<81.
  from pkg_resources import parse_version
/usr/local/lib/python3.11/dist-packages/wandb/apis/public.py:3075: UserWarning: pkg_resources is deprecated as an API. See https://setuptools.pypa.io/en/latest/pkg_resources.html. The pkg_resources package is slated for removal as early as 2025-11-30. Refrain from using this package or pin to Setuptools<81.
  from pkg_resources import parse_version
/usr/local/lib/python3.11/dist-packages/wandb/apis/public.py:3075: UserWarning: pkg_resources is deprecated as an API. See https://setuptools.pypa.io/en/latest/pkg_resources.html. The pkg_resources package is slated for removal as early as 2025-11-30. Refrain from using this package or pin to Setuptools<81.
  from pkg_resources import parse_version
TestLocal: [   0/97]  Time: 25.070 (25.070)  Loss:  0.8230  Acc@1: 78.1250  Acc@5: 93.7500  Samples: 64
TestLocal: [  50/97]  Time: 0.091 (0.581)  Loss:  0.9393  Acc@1: 78.6152  Acc@5: 94.4240  Samples: 3264
TestLocal: [  97/97]  Time: 0.043 (0.345)  Loss:  0.9371  Acc@1: 78.2982  Acc@5: 94.5543  Samples: 6170
TestLocal: [ 100/97]  Time: 0.044 (0.336)  Loss:  0.9375  Acc@1: 78.3092  Acc@5: 94.5572  Samples: 6210
Test: [distributed-summary]  Time: 34.375s  Loss: 0.9604  Acc@1: 77.9700  Acc@5: 94.3000  Samples: 50000
Trainable parameter policy: epoch=1, quant_only=False, policy=all, trainable=28608256, frozen=0
Teacher feature-output hooks: layers=('features.5.5', 'features.7.1'), student_matches=('features.5.5', 'features.7.1'), teacher_matches=('features.5.5', 'features.7.1')
Trainable parameter update policy: epoch=1, update=0, mode=requires_grad, policy=all, trainable=28608256, frozen=0
Teacher feature-output debug: student_count=2, teacher_count=2, 0:s=(64, 14, 14, 384) t=(64, 14, 14, 384) mse=1.496e+01; 1:s=(64, 7, 7, 768) t=(64, 7, 7, 768) mse=2.598e+00
Train: 1 [   0/2502 (  0%)]  Loss: 51.492271 (51.4923)  BaseLoss: 51.490631 (51.4906)  RefAttnKL: 0.000e+00 (0.000e+00)  RefLogitKL: 0.000e+00 (0.000e+00)  AnchorRefAttnKL: 0.000e+00 (0.000e+00)  TeacherAttnKL: 0.000e+00 (0.000e+00)  TeacherQKRel: 0.000e+00 (0.000e+00)  TeacherAttnOut: 0.000e+00 (0.000e+00)  TeacherFeatOut: 3.284e-01 (3.284e-01)  BinReg: 0.000e+00 (0.000e+00)  Time: 1.150s,  445.09/s  (1.150s,  445.09/s)  LR: 1.953e-04  RefW: 0.000e+00  AnchorRefW: 0.000e+00  Data: 0.900 (0.900)
Train: 1 [  50/2502 (  2%)]  Loss: 51.463890 (51.4781)  BaseLoss: 51.462280 (51.4765)  RefAttnKL: 0.000e+00 (0.000e+00)  RefLogitKL: 0.000e+00 (0.000e+00)  AnchorRefAttnKL: 0.000e+00 (0.000e+00)  TeacherAttnKL: 0.000e+00 (0.000e+00)  TeacherQKRel: 0.000e+00 (0.000e+00)  TeacherAttnOut: 0.000e+00 (0.000e+00)  TeacherFeatOut: 3.221e-01 (3.253e-01)  BinReg: 0.000e+00 (0.000e+00)  Time: 0.224s, 2286.70/s  (0.241s, 2123.24/s)  LR: 1.952e-04  RefW: 0.000e+00  AnchorRefW: 0.000e+00  Data: 0.007 (0.024)
Train: 1 [ 100/2502 (  4%)]  Loss: 51.488880 (51.4817)  BaseLoss: 51.487286 (51.4801)  RefAttnKL: 0.000e+00 (0.000e+00)  RefLogitKL: 0.000e+00 (0.000e+00)  AnchorRefAttnKL: 0.000e+00 (0.000e+00)  TeacherAttnKL: 0.000e+00 (0.000e+00)  TeacherQKRel: 0.000e+00 (0.000e+00)  TeacherAttnOut: 0.000e+00 (0.000e+00)  TeacherFeatOut: 3.201e-01 (3.235e-01)  BinReg: 0.000e+00 (0.000e+00)  Time: 0.224s, 2285.33/s  (0.232s, 2205.50/s)  LR: 1.950e-04  RefW: 0.000e+00  AnchorRefW: 0.000e+00  Data: 0.007 (0.015)
Train: 1 [ 150/2502 (  6%)]  Loss: 51.488045 (51.4833)  BaseLoss: 51.486500 (51.4817)  RefAttnKL: 0.000e+00 (0.000e+00)  RefLogitKL: 0.000e+00 (0.000e+00)  AnchorRefAttnKL: 0.000e+00 (0.000e+00)  TeacherAttnKL: 0.000e+00 (0.000e+00)  TeacherQKRel: 0.000e+00 (0.000e+00)  TeacherAttnOut: 0.000e+00 (0.000e+00)  TeacherFeatOut: 3.093e-01 (3.200e-01)  BinReg: 0.000e+00 (0.000e+00)  Time: 0.224s, 2288.34/s  (0.229s, 2234.63/s)  LR: 1.948e-04  RefW: 0.000e+00  AnchorRefW: 0.000e+00  Data: 0.008 (0.013)
Train: 1 [ 200/2502 (  8%)]  Loss: 51.473618 (51.4813)  BaseLoss: 51.472065 (51.4798)  RefAttnKL: 0.000e+00 (0.000e+00)  RefLogitKL: 0.000e+00 (0.000e+00)  AnchorRefAttnKL: 0.000e+00 (0.000e+00)  TeacherAttnKL: 0.000e+00 (0.000e+00)  TeacherQKRel: 0.000e+00 (0.000e+00)  TeacherAttnOut: 0.000e+00 (0.000e+00)  TeacherFeatOut: 3.109e-01 (3.182e-01)  BinReg: 0.000e+00 (0.000e+00)  Time: 0.242s, 2111.66/s  (0.228s, 2249.00/s)  LR: 1.946e-04  RefW: 0.000e+00  AnchorRefW: 0.000e+00  Data: 0.006 (0.011)
Train: 1 [ 250/2502 ( 10%)]  Loss: 51.510490 (51.4862)  BaseLoss: 51.508919 (51.4846)  RefAttnKL: 0.000e+00 (0.000e+00)  RefLogitKL: 0.000e+00 (0.000e+00)  AnchorRefAttnKL: 0.000e+00 (0.000e+00)  TeacherAttnKL: 0.000e+00 (0.000e+00)  TeacherQKRel: 0.000e+00 (0.000e+00)  TeacherAttnOut: 0.000e+00 (0.000e+00)  TeacherFeatOut: 3.136e-01 (3.174e-01)  BinReg: 0.000e+00 (0.000e+00)  Time: 0.223s, 2292.46/s  (0.227s, 2258.39/s)  LR: 1.944e-04  RefW: 0.000e+00  AnchorRefW: 0.000e+00  Data: 0.007 (0.010)
Train: 1 [ 300/2502 ( 12%)]  Loss: 51.453514 (51.4815)  BaseLoss: 51.451958 (51.4799)  RefAttnKL: 0.000e+00 (0.000e+00)  RefLogitKL: 0.000e+00 (0.000e+00)  AnchorRefAttnKL: 0.000e+00 (0.000e+00)  TeacherAttnKL: 0.000e+00 (0.000e+00)  TeacherQKRel: 0.000e+00 (0.000e+00)  TeacherAttnOut: 0.000e+00 (0.000e+00)  TeacherFeatOut: 3.120e-01 (3.166e-01)  BinReg: 0.000e+00 (0.000e+00)  Time: 0.223s, 2291.01/s  (0.226s, 2264.80/s)  LR: 1.942e-04  RefW: 0.000e+00  AnchorRefW: 0.000e+00  Data: 0.006 (0.010)
Train: 1 [ 350/2502 ( 14%)]  Loss: 51.491867 (51.4828)  BaseLoss: 51.490349 (51.4812)  RefAttnKL: 0.000e+00 (0.000e+00)  RefLogitKL: 0.000e+00 (0.000e+00)  AnchorRefAttnKL: 0.000e+00 (0.000e+00)  TeacherAttnKL: 0.000e+00 (0.000e+00)  TeacherQKRel: 0.000e+00 (0.000e+00)  TeacherAttnOut: 0.000e+00 (0.000e+00)  TeacherFeatOut: 3.035e-01 (3.150e-01)  BinReg: 0.000e+00 (0.000e+00)  Time: 0.223s, 2291.49/s  (0.226s, 2268.40/s)  LR: 1.940e-04  RefW: 0.000e+00  AnchorRefW: 0.000e+00  Data: 0.006 (0.009)
Train: 1 [ 400/2502 ( 16%)]  Loss: 51.501362 (51.4849)  BaseLoss: 51.499832 (51.4833)  RefAttnKL: 0.000e+00 (0.000e+00)  RefLogitKL: 0.000e+00 (0.000e+00)  AnchorRefAttnKL: 0.000e+00 (0.000e+00)  TeacherAttnKL: 0.000e+00 (0.000e+00)  TeacherQKRel: 0.000e+00 (0.000e+00)  TeacherAttnOut: 0.000e+00 (0.000e+00)  TeacherFeatOut: 3.055e-01 (3.139e-01)  BinReg: 0.000e+00 (0.000e+00)  Time: 0.223s, 2291.14/s  (0.225s, 2272.03/s)  LR: 1.938e-04  RefW: 0.000e+00  AnchorRefW: 0.000e+00  Data: 0.006 (0.009)
Train: 1 [ 450/2502 ( 18%)]  Loss: 51.493252 (51.4857)  BaseLoss: 51.491737 (51.4842)  RefAttnKL: 0.000e+00 (0.000e+00)  RefLogitKL: 0.000e+00 (0.000e+00)  AnchorRefAttnKL: 0.000e+00 (0.000e+00)  TeacherAttnKL: 0.000e+00 (0.000e+00)  TeacherQKRel: 0.000e+00 (0.000e+00)  TeacherAttnOut: 0.000e+00 (0.000e+00)  TeacherFeatOut: 3.028e-01 (3.128e-01)  BinReg: 0.000e+00 (0.000e+00)  Time: 0.225s, 2275.63/s  (0.225s, 2274.77/s)  LR: 1.935e-04  RefW: 0.000e+00  AnchorRefW: 0.000e+00  Data: 0.007 (0.009)
Train: 1 [ 500/2502 ( 20%)]  Loss: 51.483425 (51.4855)  BaseLoss: 51.481945 (51.4840)  RefAttnKL: 0.000e+00 (0.000e+00)  RefLogitKL: 0.000e+00 (0.000e+00)  AnchorRefAttnKL: 0.000e+00 (0.000e+00)  TeacherAttnKL: 0.000e+00 (0.000e+00)  TeacherQKRel: 0.000e+00 (0.000e+00)  TeacherAttnOut: 0.000e+00 (0.000e+00)  TeacherFeatOut: 2.948e-01 (3.112e-01)  BinReg: 0.000e+00 (0.000e+00)  Time: 0.224s, 2287.75/s  (0.225s, 2276.97/s)  LR: 1.933e-04  RefW: 0.000e+00  AnchorRefW: 0.000e+00  Data: 0.007 (0.009)
Train: 1 [ 550/2502 ( 22%)]  Loss: 51.488522 (51.4858)  BaseLoss: 51.487053 (51.4842)  RefAttnKL: 0.000e+00 (0.000e+00)  RefLogitKL: 0.000e+00 (0.000e+00)  AnchorRefAttnKL: 0.000e+00 (0.000e+00)  TeacherAttnKL: 0.000e+00 (0.000e+00)  TeacherQKRel: 0.000e+00 (0.000e+00)  TeacherAttnOut: 0.000e+00 (0.000e+00)  TeacherFeatOut: 2.935e-01 (3.097e-01)  BinReg: 0.000e+00 (0.000e+00)  Time: 0.223s, 2291.16/s  (0.225s, 2278.78/s)  LR: 1.931e-04  RefW: 0.000e+00  AnchorRefW: 0.000e+00  Data: 0.007 (0.008)
Train: 1 [ 600/2502 ( 24%)]  Loss: 51.435661 (51.4819)  BaseLoss: 51.434212 (51.4804)  RefAttnKL: 0.000e+00 (0.000e+00)  RefLogitKL: 0.000e+00 (0.000e+00)  AnchorRefAttnKL: 0.000e+00 (0.000e+00)  TeacherAttnKL: 0.000e+00 (0.000e+00)  TeacherQKRel: 0.000e+00 (0.000e+00)  TeacherAttnOut: 0.000e+00 (0.000e+00)  TeacherFeatOut: 2.895e-01 (3.082e-01)  BinReg: 0.000e+00 (0.000e+00)  Time: 0.224s, 2289.94/s  (0.225s, 2280.38/s)  LR: 1.929e-04  RefW: 0.000e+00  AnchorRefW: 0.000e+00  Data: 0.006 (0.008)
Train: 1 [ 650/2502 ( 26%)]  Loss: 51.468323 (51.4809)  BaseLoss: 51.466850 (51.4794)  RefAttnKL: 0.000e+00 (0.000e+00)  RefLogitKL: 0.000e+00 (0.000e+00)  AnchorRefAttnKL: 0.000e+00 (0.000e+00)  TeacherAttnKL: 0.000e+00 (0.000e+00)  TeacherQKRel: 0.000e+00 (0.000e+00)  TeacherAttnOut: 0.000e+00 (0.000e+00)  TeacherFeatOut: 2.933e-01 (3.071e-01)  BinReg: 0.000e+00 (0.000e+00)  Time: 0.224s, 2285.29/s  (0.224s, 2281.31/s)  LR: 1.927e-04  RefW: 0.000e+00  AnchorRefW: 0.000e+00  Data: 0.006 (0.008)
Train: 1 [ 700/2502 ( 28%)]  Loss: 51.439629 (51.4782)  BaseLoss: 51.438156 (51.4767)  RefAttnKL: 0.000e+00 (0.000e+00)  RefLogitKL: 0.000e+00 (0.000e+00)  AnchorRefAttnKL: 0.000e+00 (0.000e+00)  TeacherAttnKL: 0.000e+00 (0.000e+00)  TeacherQKRel: 0.000e+00 (0.000e+00)  TeacherAttnOut: 0.000e+00 (0.000e+00)  TeacherFeatOut: 2.946e-01 (3.063e-01)  BinReg: 0.000e+00 (0.000e+00)  Time: 0.224s, 2287.16/s  (0.224s, 2282.45/s)  LR: 1.924e-04  RefW: 0.000e+00  AnchorRefW: 0.000e+00  Data: 0.006 (0.008)
Train: 1 [ 750/2502 ( 30%)]  Loss: 51.428249 (51.4751)  BaseLoss: 51.426807 (51.4735)  RefAttnKL: 0.000e+00 (0.000e+00)  RefLogitKL: 0.000e+00 (0.000e+00)  AnchorRefAttnKL: 0.000e+00 (0.000e+00)  TeacherAttnKL: 0.000e+00 (0.000e+00)  TeacherQKRel: 0.000e+00 (0.000e+00)  TeacherAttnOut: 0.000e+00 (0.000e+00)  TeacherFeatOut: 2.876e-01 (3.051e-01)  BinReg: 0.000e+00 (0.000e+00)  Time: 0.224s, 2289.71/s  (0.224s, 2283.38/s)  LR: 1.922e-04  RefW: 0.000e+00  AnchorRefW: 0.000e+00  Data: 0.007 (0.008)
Train: 1 [ 800/2502 ( 32%)]  Loss: 51.455463 (51.4739)  BaseLoss: 51.454037 (51.4724)  RefAttnKL: 0.000e+00 (0.000e+00)  RefLogitKL: 0.000e+00 (0.000e+00)  AnchorRefAttnKL: 0.000e+00 (0.000e+00)  TeacherAttnKL: 0.000e+00 (0.000e+00)  TeacherQKRel: 0.000e+00 (0.000e+00)  TeacherAttnOut: 0.000e+00 (0.000e+00)  TeacherFeatOut: 2.856e-01 (3.040e-01)  BinReg: 0.000e+00 (0.000e+00)  Time: 0.224s, 2290.43/s  (0.224s, 2284.27/s)  LR: 1.919e-04  RefW: 0.000e+00  AnchorRefW: 0.000e+00  Data: 0.006 (0.008)
Train: 1 [ 850/2502 ( 34%)]  Loss: 51.413231 (51.4705)  BaseLoss: 51.411812 (51.4690)  RefAttnKL: 0.000e+00 (0.000e+00)  RefLogitKL: 0.000e+00 (0.000e+00)  AnchorRefAttnKL: 0.000e+00 (0.000e+00)  TeacherAttnKL: 0.000e+00 (0.000e+00)  TeacherQKRel: 0.000e+00 (0.000e+00)  TeacherAttnOut: 0.000e+00 (0.000e+00)  TeacherFeatOut: 2.850e-01 (3.029e-01)  BinReg: 0.000e+00 (0.000e+00)  Time: 0.224s, 2285.65/s  (0.224s, 2284.81/s)  LR: 1.917e-04  RefW: 0.000e+00  AnchorRefW: 0.000e+00  Data: 0.007 (0.008)
Train: 1 [ 900/2502 ( 36%)]  Loss: 51.442425 (51.4691)  BaseLoss: 51.441010 (51.4675)  RefAttnKL: 0.000e+00 (0.000e+00)  RefLogitKL: 0.000e+00 (0.000e+00)  AnchorRefAttnKL: 0.000e+00 (0.000e+00)  TeacherAttnKL: 0.000e+00 (0.000e+00)  TeacherQKRel: 0.000e+00 (0.000e+00)  TeacherAttnOut: 0.000e+00 (0.000e+00)  TeacherFeatOut: 2.841e-01 (3.019e-01)  BinReg: 0.000e+00 (0.000e+00)  Time: 0.224s, 2289.39/s  (0.224s, 2285.49/s)  LR: 1.915e-04  RefW: 0.000e+00  AnchorRefW: 0.000e+00  Data: 0.007 (0.008)
Train: 1 [ 950/2502 ( 38%)]  Loss: 51.465996 (51.4689)  BaseLoss: 51.464607 (51.4674)  RefAttnKL: 0.000e+00 (0.000e+00)  RefLogitKL: 0.000e+00 (0.000e+00)  AnchorRefAttnKL: 0.000e+00 (0.000e+00)  TeacherAttnKL: 0.000e+00 (0.000e+00)  TeacherQKRel: 0.000e+00 (0.000e+00)  TeacherAttnOut: 0.000e+00 (0.000e+00)  TeacherFeatOut: 2.769e-01 (3.007e-01)  BinReg: 0.000e+00 (0.000e+00)  Time: 0.224s, 2288.98/s  (0.224s, 2286.11/s)  LR: 1.912e-04  RefW: 0.000e+00  AnchorRefW: 0.000e+00  Data: 0.007 (0.008)
Train: 1 [1000/2502 ( 40%)]  Loss: 51.458897 (51.4684)  BaseLoss: 51.457504 (51.4669)  RefAttnKL: 0.000e+00 (0.000e+00)  RefLogitKL: 0.000e+00 (0.000e+00)  AnchorRefAttnKL: 0.000e+00 (0.000e+00)  TeacherAttnKL: 0.000e+00 (0.000e+00)  TeacherQKRel: 0.000e+00 (0.000e+00)  TeacherAttnOut: 0.000e+00 (0.000e+00)  TeacherFeatOut: 2.783e-01 (2.996e-01)  BinReg: 0.000e+00 (0.000e+00)  Time: 0.224s, 2288.01/s  (0.224s, 2286.64/s)  LR: 1.910e-04  RefW: 0.000e+00  AnchorRefW: 0.000e+00  Data: 0.006 (0.008)
Train: 1 [1050/2502 ( 42%)]  Loss: 51.445049 (51.4674)  BaseLoss: 51.443672 (51.4659)  RefAttnKL: 0.000e+00 (0.000e+00)  RefLogitKL: 0.000e+00 (0.000e+00)  AnchorRefAttnKL: 0.000e+00 (0.000e+00)  TeacherAttnKL: 0.000e+00 (0.000e+00)  TeacherQKRel: 0.000e+00 (0.000e+00)  TeacherAttnOut: 0.000e+00 (0.000e+00)  TeacherFeatOut: 2.753e-01 (2.985e-01)  BinReg: 0.000e+00 (0.000e+00)  Time: 0.223s, 2291.36/s  (0.224s, 2287.14/s)  LR: 1.907e-04  RefW: 0.000e+00  AnchorRefW: 0.000e+00  Data: 0.007 (0.008)
Train: 1 [1100/2502 ( 44%)]  Loss: 51.406128 (51.4647)  BaseLoss: 51.404751 (51.4632)  RefAttnKL: 0.000e+00 (0.000e+00)  RefLogitKL: 0.000e+00 (0.000e+00)  AnchorRefAttnKL: 0.000e+00 (0.000e+00)  TeacherAttnKL: 0.000e+00 (0.000e+00)  TeacherQKRel: 0.000e+00 (0.000e+00)  TeacherAttnOut: 0.000e+00 (0.000e+00)  TeacherFeatOut: 2.760e-01 (2.975e-01)  BinReg: 0.000e+00 (0.000e+00)  Time: 0.223s, 2299.57/s  (0.224s, 2287.58/s)  LR: 1.904e-04  RefW: 0.000e+00  AnchorRefW: 0.000e+00  Data: 0.007 (0.008)
Train: 1 [1150/2502 ( 46%)]  Loss: 51.482868 (51.4655)  BaseLoss: 51.481468 (51.4640)  RefAttnKL: 0.000e+00 (0.000e+00)  RefLogitKL: 0.000e+00 (0.000e+00)  AnchorRefAttnKL: 0.000e+00 (0.000e+00)  TeacherAttnKL: 0.000e+00 (0.000e+00)  TeacherQKRel: 0.000e+00 (0.000e+00)  TeacherAttnOut: 0.000e+00 (0.000e+00)  TeacherFeatOut: 2.811e-01 (2.968e-01)  BinReg: 0.000e+00 (0.000e+00)  Time: 0.224s, 2285.20/s  (0.224s, 2288.00/s)  LR: 1.902e-04  RefW: 0.000e+00  AnchorRefW: 0.000e+00  Data: 0.006 (0.007)
Train: 1 [1200/2502 ( 48%)]  Loss: 51.449463 (51.4648)  BaseLoss: 51.448109 (51.4633)  RefAttnKL: 0.000e+00 (0.000e+00)  RefLogitKL: 0.000e+00 (0.000e+00)  AnchorRefAttnKL: 0.000e+00 (0.000e+00)  TeacherAttnKL: 0.000e+00 (0.000e+00)  TeacherQKRel: 0.000e+00 (0.000e+00)  TeacherAttnOut: 0.000e+00 (0.000e+00)  TeacherFeatOut: 2.713e-01 (2.958e-01)  BinReg: 0.000e+00 (0.000e+00)  Time: 0.224s, 2290.21/s  (0.224s, 2288.20/s)  LR: 1.899e-04  RefW: 0.000e+00  AnchorRefW: 0.000e+00  Data: 0.006 (0.007)
Train: 1 [1250/2502 ( 50%)]  Loss: 51.481827 (51.4655)  BaseLoss: 51.480484 (51.4640)  RefAttnKL: 0.000e+00 (0.000e+00)  RefLogitKL: 0.000e+00 (0.000e+00)  AnchorRefAttnKL: 0.000e+00 (0.000e+00)  TeacherAttnKL: 0.000e+00 (0.000e+00)  TeacherQKRel: 0.000e+00 (0.000e+00)  TeacherAttnOut: 0.000e+00 (0.000e+00)  TeacherFeatOut: 2.682e-01 (2.947e-01)  BinReg: 0.000e+00 (0.000e+00)  Time: 0.223s, 2300.59/s  (0.224s, 2288.43/s)  LR: 1.896e-04  RefW: 0.000e+00  AnchorRefW: 0.000e+00  Data: 0.007 (0.007)
Train: 1 [1300/2502 ( 52%)]  Loss: 51.473392 (51.4658)  BaseLoss: 51.472061 (51.4643)  RefAttnKL: 0.000e+00 (0.000e+00)  RefLogitKL: 0.000e+00 (0.000e+00)  AnchorRefAttnKL: 0.000e+00 (0.000e+00)  TeacherAttnKL: 0.000e+00 (0.000e+00)  TeacherQKRel: 0.000e+00 (0.000e+00)  TeacherAttnOut: 0.000e+00 (0.000e+00)  TeacherFeatOut: 2.662e-01 (2.937e-01)  BinReg: 0.000e+00 (0.000e+00)  Time: 0.224s, 2290.10/s  (0.224s, 2288.75/s)  LR: 1.894e-04  RefW: 0.000e+00  AnchorRefW: 0.000e+00  Data: 0.007 (0.007)
Train: 1 [1350/2502 ( 54%)]  Loss: 51.474689 (51.4661)  BaseLoss: 51.473343 (51.4646)  RefAttnKL: 0.000e+00 (0.000e+00)  RefLogitKL: 0.000e+00 (0.000e+00)  AnchorRefAttnKL: 0.000e+00 (0.000e+00)  TeacherAttnKL: 0.000e+00 (0.000e+00)  TeacherQKRel: 0.000e+00 (0.000e+00)  TeacherAttnOut: 0.000e+00 (0.000e+00)  TeacherFeatOut: 2.687e-01 (2.928e-01)  BinReg: 0.000e+00 (0.000e+00)  Time: 0.224s, 2287.01/s  (0.224s, 2289.05/s)  LR: 1.891e-04  RefW: 0.000e+00  AnchorRefW: 0.000e+00  Data: 0.006 (0.007)
Train: 1 [1400/2502 ( 56%)]  Loss: 51.461189 (51.4659)  BaseLoss: 51.459839 (51.4645)  RefAttnKL: 0.000e+00 (0.000e+00)  RefLogitKL: 0.000e+00 (0.000e+00)  AnchorRefAttnKL: 0.000e+00 (0.000e+00)  TeacherAttnKL: 0.000e+00 (0.000e+00)  TeacherQKRel: 0.000e+00 (0.000e+00)  TeacherAttnOut: 0.000e+00 (0.000e+00)  TeacherFeatOut: 2.706e-01 (2.920e-01)  BinReg: 0.000e+00 (0.000e+00)  Time: 0.224s, 2289.84/s  (0.224s, 2289.35/s)  LR: 1.888e-04  RefW: 0.000e+00  AnchorRefW: 0.000e+00  Data: 0.006 (0.007)
Train: 1 [1450/2502 ( 58%)]  Loss: 51.469112 (51.4660)  BaseLoss: 51.467800 (51.4646)  RefAttnKL: 0.000e+00 (0.000e+00)  RefLogitKL: 0.000e+00 (0.000e+00)  AnchorRefAttnKL: 0.000e+00 (0.000e+00)  TeacherAttnKL: 0.000e+00 (0.000e+00)  TeacherQKRel: 0.000e+00 (0.000e+00)  TeacherAttnOut: 0.000e+00 (0.000e+00)  TeacherFeatOut: 2.624e-01 (2.910e-01)  BinReg: 0.000e+00 (0.000e+00)  Time: 0.224s, 2287.48/s  (0.224s, 2289.63/s)  LR: 1.885e-04  RefW: 0.000e+00  AnchorRefW: 0.000e+00  Data: 0.007 (0.007)
Train: 1 [1500/2502 ( 60%)]  Loss: 51.477642 (51.4664)  BaseLoss: 51.476322 (51.4649)  RefAttnKL: 0.000e+00 (0.000e+00)  RefLogitKL: 0.000e+00 (0.000e+00)  AnchorRefAttnKL: 0.000e+00 (0.000e+00)  TeacherAttnKL: 0.000e+00 (0.000e+00)  TeacherQKRel: 0.000e+00 (0.000e+00)  TeacherAttnOut: 0.000e+00 (0.000e+00)  TeacherFeatOut: 2.639e-01 (2.902e-01)  BinReg: 0.000e+00 (0.000e+00)  Time: 0.223s, 2291.14/s  (0.224s, 2289.90/s)  LR: 1.883e-04  RefW: 0.000e+00  AnchorRefW: 0.000e+00  Data: 0.007 (0.007)
Train: 1 [1550/2502 ( 62%)]  Loss: 51.472458 (51.4666)  BaseLoss: 51.471176 (51.4651)  RefAttnKL: 0.000e+00 (0.000e+00)  RefLogitKL: 0.000e+00 (0.000e+00)  AnchorRefAttnKL: 0.000e+00 (0.000e+00)  TeacherAttnKL: 0.000e+00 (0.000e+00)  TeacherQKRel: 0.000e+00 (0.000e+00)  TeacherAttnOut: 0.000e+00 (0.000e+00)  TeacherFeatOut: 2.557e-01 (2.891e-01)  BinReg: 0.000e+00 (0.000e+00)  Time: 0.224s, 2290.49/s  (0.224s, 2290.08/s)  LR: 1.880e-04  RefW: 0.000e+00  AnchorRefW: 0.000e+00  Data: 0.007 (0.007)
Train: 1 [1600/2502 ( 64%)]  Loss: 51.461914 (51.4664)  BaseLoss: 51.460587 (51.4650)  RefAttnKL: 0.000e+00 (0.000e+00)  RefLogitKL: 0.000e+00 (0.000e+00)  AnchorRefAttnKL: 0.000e+00 (0.000e+00)  TeacherAttnKL: 0.000e+00 (0.000e+00)  TeacherQKRel: 0.000e+00 (0.000e+00)  TeacherAttnOut: 0.000e+00 (0.000e+00)  TeacherFeatOut: 2.655e-01 (2.884e-01)  BinReg: 0.000e+00 (0.000e+00)  Time: 0.223s, 2292.28/s  (0.224s, 2290.31/s)  LR: 1.877e-04  RefW: 0.000e+00  AnchorRefW: 0.000e+00  Data: 0.007 (0.007)
Train: 1 [1650/2502 ( 66%)]  Loss: 51.482815 (51.4669)  BaseLoss: 51.481571 (51.4655)  RefAttnKL: 0.000e+00 (0.000e+00)  RefLogitKL: 0.000e+00 (0.000e+00)  AnchorRefAttnKL: 0.000e+00 (0.000e+00)  TeacherAttnKL: 0.000e+00 (0.000e+00)  TeacherQKRel: 0.000e+00 (0.000e+00)  TeacherAttnOut: 0.000e+00 (0.000e+00)  TeacherFeatOut: 2.500e-01 (2.872e-01)  BinReg: 0.000e+00 (0.000e+00)  Time: 0.224s, 2289.57/s  (0.224s, 2290.51/s)  LR: 1.874e-04  RefW: 0.000e+00  AnchorRefW: 0.000e+00  Data: 0.007 (0.007)
Train: 1 [1700/2502 ( 68%)]  Loss: 51.479828 (51.4673)  BaseLoss: 51.478558 (51.4659)  RefAttnKL: 0.000e+00 (0.000e+00)  RefLogitKL: 0.000e+00 (0.000e+00)  AnchorRefAttnKL: 0.000e+00 (0.000e+00)  TeacherAttnKL: 0.000e+00 (0.000e+00)  TeacherQKRel: 0.000e+00 (0.000e+00)  TeacherAttnOut: 0.000e+00 (0.000e+00)  TeacherFeatOut: 2.550e-01 (2.863e-01)  BinReg: 0.000e+00 (0.000e+00)  Time: 0.223s, 2292.31/s  (0.224s, 2290.72/s)  LR: 1.871e-04  RefW: 0.000e+00  AnchorRefW: 0.000e+00  Data: 0.006 (0.007)
Train: 1 [1750/2502 ( 70%)]  Loss: 51.463821 (51.4672)  BaseLoss: 51.462563 (51.4658)  RefAttnKL: 0.000e+00 (0.000e+00)  RefLogitKL: 0.000e+00 (0.000e+00)  AnchorRefAttnKL: 0.000e+00 (0.000e+00)  TeacherAttnKL: 0.000e+00 (0.000e+00)  TeacherQKRel: 0.000e+00 (0.000e+00)  TeacherAttnOut: 0.000e+00 (0.000e+00)  TeacherFeatOut: 2.520e-01 (2.854e-01)  BinReg: 0.000e+00 (0.000e+00)  Time: 0.223s, 2292.75/s  (0.223s, 2290.88/s)  LR: 1.868e-04  RefW: 0.000e+00  AnchorRefW: 0.000e+00  Data: 0.006 (0.007)
Train: 1 [1800/2502 ( 72%)]  Loss: 51.465797 (51.4672)  BaseLoss: 51.464539 (51.4657)  RefAttnKL: 0.000e+00 (0.000e+00)  RefLogitKL: 0.000e+00 (0.000e+00)  AnchorRefAttnKL: 0.000e+00 (0.000e+00)  TeacherAttnKL: 0.000e+00 (0.000e+00)  TeacherQKRel: 0.000e+00 (0.000e+00)  TeacherAttnOut: 0.000e+00 (0.000e+00)  TeacherFeatOut: 2.511e-01 (2.844e-01)  BinReg: 0.000e+00 (0.000e+00)  Time: 0.222s, 2302.26/s  (0.223s, 2291.05/s)  LR: 1.865e-04  RefW: 0.000e+00  AnchorRefW: 0.000e+00  Data: 0.007 (0.007)
Train: 1 [1850/2502 ( 74%)]  Loss: 51.444016 (51.4666)  BaseLoss: 51.442757 (51.4651)  RefAttnKL: 0.000e+00 (0.000e+00)  RefLogitKL: 0.000e+00 (0.000e+00)  AnchorRefAttnKL: 0.000e+00 (0.000e+00)  TeacherAttnKL: 0.000e+00 (0.000e+00)  TeacherQKRel: 0.000e+00 (0.000e+00)  TeacherAttnOut: 0.000e+00 (0.000e+00)  TeacherFeatOut: 2.514e-01 (2.836e-01)  BinReg: 0.000e+00 (0.000e+00)  Time: 0.224s, 2283.60/s  (0.223s, 2291.20/s)  LR: 1.862e-04  RefW: 0.000e+00  AnchorRefW: 0.000e+00  Data: 0.007 (0.007)
Train: 1 [1900/2502 ( 76%)]  Loss: 51.470955 (51.4667)  BaseLoss: 51.469696 (51.4653)  RefAttnKL: 0.000e+00 (0.000e+00)  RefLogitKL: 0.000e+00 (0.000e+00)  AnchorRefAttnKL: 0.000e+00 (0.000e+00)  TeacherAttnKL: 0.000e+00 (0.000e+00)  TeacherQKRel: 0.000e+00 (0.000e+00)  TeacherAttnOut: 0.000e+00 (0.000e+00)  TeacherFeatOut: 2.511e-01 (2.827e-01)  BinReg: 0.000e+00 (0.000e+00)  Time: 0.224s, 2287.93/s  (0.223s, 2291.35/s)  LR: 1.858e-04  RefW: 0.000e+00  AnchorRefW: 0.000e+00  Data: 0.006 (0.007)
Train: 1 [1950/2502 ( 78%)]  Loss: 51.493717 (51.4673)  BaseLoss: 51.492508 (51.4659)  RefAttnKL: 0.000e+00 (0.000e+00)  RefLogitKL: 0.000e+00 (0.000e+00)  AnchorRefAttnKL: 0.000e+00 (0.000e+00)  TeacherAttnKL: 0.000e+00 (0.000e+00)  TeacherQKRel: 0.000e+00 (0.000e+00)  TeacherAttnOut: 0.000e+00 (0.000e+00)  TeacherFeatOut: 2.419e-01 (2.817e-01)  BinReg: 0.000e+00 (0.000e+00)  Time: 0.224s, 2290.46/s  (0.223s, 2291.35/s)  LR: 1.855e-04  RefW: 0.000e+00  AnchorRefW: 0.000e+00  Data: 0.007 (0.007)
Train: 1 [2000/2502 ( 80%)]  Loss: 51.474815 (51.4675)  BaseLoss: 51.473587 (51.4661)  RefAttnKL: 0.000e+00 (0.000e+00)  RefLogitKL: 0.000e+00 (0.000e+00)  AnchorRefAttnKL: 0.000e+00 (0.000e+00)  TeacherAttnKL: 0.000e+00 (0.000e+00)  TeacherQKRel: 0.000e+00 (0.000e+00)  TeacherAttnOut: 0.000e+00 (0.000e+00)  TeacherFeatOut: 2.464e-01 (2.809e-01)  BinReg: 0.000e+00 (0.000e+00)  Time: 0.224s, 2287.67/s  (0.223s, 2291.50/s)  LR: 1.852e-04  RefW: 0.000e+00  AnchorRefW: 0.000e+00  Data: 0.006 (0.007)
Train: 1 [2050/2502 ( 82%)]  Loss: 51.430569 (51.4666)  BaseLoss: 51.429291 (51.4652)  RefAttnKL: 0.000e+00 (0.000e+00)  RefLogitKL: 0.000e+00 (0.000e+00)  AnchorRefAttnKL: 0.000e+00 (0.000e+00)  TeacherAttnKL: 0.000e+00 (0.000e+00)  TeacherQKRel: 0.000e+00 (0.000e+00)  TeacherAttnOut: 0.000e+00 (0.000e+00)  TeacherFeatOut: 2.546e-01 (2.802e-01)  BinReg: 0.000e+00 (0.000e+00)  Time: 0.224s, 2283.55/s  (0.223s, 2291.63/s)  LR: 1.849e-04  RefW: 0.000e+00  AnchorRefW: 0.000e+00  Data: 0.007 (0.007)
Train: 1 [2100/2502 ( 84%)]  Loss: 51.438580 (51.4660)  BaseLoss: 51.437378 (51.4646)  RefAttnKL: 0.000e+00 (0.000e+00)  RefLogitKL: 0.000e+00 (0.000e+00)  AnchorRefAttnKL: 0.000e+00 (0.000e+00)  TeacherAttnKL: 0.000e+00 (0.000e+00)  TeacherQKRel: 0.000e+00 (0.000e+00)  TeacherAttnOut: 0.000e+00 (0.000e+00)  TeacherFeatOut: 2.391e-01 (2.793e-01)  BinReg: 0.000e+00 (0.000e+00)  Time: 0.223s, 2291.34/s  (0.223s, 2291.75/s)  LR: 1.846e-04  RefW: 0.000e+00  AnchorRefW: 0.000e+00  Data: 0.007 (0.007)
Train: 1 [2150/2502 ( 86%)]  Loss: 51.449120 (51.4656)  BaseLoss: 51.447929 (51.4642)  RefAttnKL: 0.000e+00 (0.000e+00)  RefLogitKL: 0.000e+00 (0.000e+00)  AnchorRefAttnKL: 0.000e+00 (0.000e+00)  TeacherAttnKL: 0.000e+00 (0.000e+00)  TeacherQKRel: 0.000e+00 (0.000e+00)  TeacherAttnOut: 0.000e+00 (0.000e+00)  TeacherFeatOut: 2.378e-01 (2.783e-01)  BinReg: 0.000e+00 (0.000e+00)  Time: 0.224s, 2286.79/s  (0.223s, 2291.87/s)  LR: 1.842e-04  RefW: 0.000e+00  AnchorRefW: 0.000e+00  Data: 0.006 (0.007)
Train: 1 [2200/2502 ( 88%)]  Loss: 51.464157 (51.4656)  BaseLoss: 51.462910 (51.4642)  RefAttnKL: 0.000e+00 (0.000e+00)  RefLogitKL: 0.000e+00 (0.000e+00)  AnchorRefAttnKL: 0.000e+00 (0.000e+00)  TeacherAttnKL: 0.000e+00 (0.000e+00)  TeacherQKRel: 0.000e+00 (0.000e+00)  TeacherAttnOut: 0.000e+00 (0.000e+00)  TeacherFeatOut: 2.492e-01 (2.777e-01)  BinReg: 0.000e+00 (0.000e+00)  Time: 0.224s, 2287.66/s  (0.223s, 2291.96/s)  LR: 1.839e-04  RefW: 0.000e+00  AnchorRefW: 0.000e+00  Data: 0.006 (0.007)
Train: 1 [2250/2502 ( 90%)]  Loss: 51.446541 (51.4652)  BaseLoss: 51.445335 (51.4638)  RefAttnKL: 0.000e+00 (0.000e+00)  RefLogitKL: 0.000e+00 (0.000e+00)  AnchorRefAttnKL: 0.000e+00 (0.000e+00)  TeacherAttnKL: 0.000e+00 (0.000e+00)  TeacherQKRel: 0.000e+00 (0.000e+00)  TeacherAttnOut: 0.000e+00 (0.000e+00)  TeacherFeatOut: 2.412e-01 (2.769e-01)  BinReg: 0.000e+00 (0.000e+00)  Time: 0.224s, 2283.64/s  (0.223s, 2292.03/s)  LR: 1.836e-04  RefW: 0.000e+00  AnchorRefW: 0.000e+00  Data: 0.007 (0.007)
Train: 1 [2300/2502 ( 92%)]  Loss: 51.489574 (51.4657)  BaseLoss: 51.488354 (51.4643)  RefAttnKL: 0.000e+00 (0.000e+00)  RefLogitKL: 0.000e+00 (0.000e+00)  AnchorRefAttnKL: 0.000e+00 (0.000e+00)  TeacherAttnKL: 0.000e+00 (0.000e+00)  TeacherQKRel: 0.000e+00 (0.000e+00)  TeacherAttnOut: 0.000e+00 (0.000e+00)  TeacherFeatOut: 2.442e-01 (2.762e-01)  BinReg: 0.000e+00 (0.000e+00)  Time: 0.223s, 2292.86/s  (0.223s, 2292.12/s)  LR: 1.832e-04  RefW: 0.000e+00  AnchorRefW: 0.000e+00  Data: 0.007 (0.007)
Train: 1 [2350/2502 ( 94%)]  Loss: 51.472759 (51.4658)  BaseLoss: 51.471615 (51.4645)  RefAttnKL: 0.000e+00 (0.000e+00)  RefLogitKL: 0.000e+00 (0.000e+00)  AnchorRefAttnKL: 0.000e+00 (0.000e+00)  TeacherAttnKL: 0.000e+00 (0.000e+00)  TeacherQKRel: 0.000e+00 (0.000e+00)  TeacherAttnOut: 0.000e+00 (0.000e+00)  TeacherFeatOut: 2.294e-01 (2.752e-01)  BinReg: 0.000e+00 (0.000e+00)  Time: 0.224s, 2289.62/s  (0.223s, 2292.22/s)  LR: 1.829e-04  RefW: 0.000e+00  AnchorRefW: 0.000e+00  Data: 0.007 (0.007)
Train: 1 [2400/2502 ( 96%)]  Loss: 51.443432 (51.4654)  BaseLoss: 51.442265 (51.4640)  RefAttnKL: 0.000e+00 (0.000e+00)  RefLogitKL: 0.000e+00 (0.000e+00)  AnchorRefAttnKL: 0.000e+00 (0.000e+00)  TeacherAttnKL: 0.000e+00 (0.000e+00)  TeacherQKRel: 0.000e+00 (0.000e+00)  TeacherAttnOut: 0.000e+00 (0.000e+00)  TeacherFeatOut: 2.326e-01 (2.744e-01)  BinReg: 0.000e+00 (0.000e+00)  Time: 0.223s, 2290.86/s  (0.223s, 2292.33/s)  LR: 1.826e-04  RefW: 0.000e+00  AnchorRefW: 0.000e+00  Data: 0.006 (0.007)
Train: 1 [2450/2502 ( 98%)]  Loss: 51.475277 (51.4656)  BaseLoss: 51.474121 (51.4642)  RefAttnKL: 0.000e+00 (0.000e+00)  RefLogitKL: 0.000e+00 (0.000e+00)  AnchorRefAttnKL: 0.000e+00 (0.000e+00)  TeacherAttnKL: 0.000e+00 (0.000e+00)  TeacherQKRel: 0.000e+00 (0.000e+00)  TeacherAttnOut: 0.000e+00 (0.000e+00)  TeacherFeatOut: 2.323e-01 (2.735e-01)  BinReg: 0.000e+00 (0.000e+00)  Time: 0.223s, 2292.60/s  (0.223s, 2292.43/s)  LR: 1.822e-04  RefW: 0.000e+00  AnchorRefW: 0.000e+00  Data: 0.007 (0.007)
TrainSummary: epoch=1 updates=2496 avg_step_time=0.223333s samples_per_step=512 samples_per_sec=2292.54
epoch:  1 g['lr']:  0.0001818986588716507
model eval
TestLocal: [   0/97]  Time: 0.955 (0.955)  Loss:  0.7274  Acc@1: 81.2500  Acc@5: 95.3125  Samples: 64
TestLocal: [  50/97]  Time: 0.092 (0.108)  Loss:  0.9232  Acc@1: 80.0858  Acc@5: 94.3627  Samples: 3264
TestLocal: [  97/97]  Time: 0.042 (0.099)  Loss:  0.9244  Acc@1: 79.6434  Acc@5: 94.3760  Samples: 6170
TestLocal: [ 100/97]  Time: 0.042 (0.097)  Loss:  0.9240  Acc@1: 79.6779  Acc@5: 94.3800  Samples: 6210
Test: [distributed-summary]  Time: 10.128s  Loss: 0.9446  Acc@1: 78.3600  Acc@5: 94.4880  Samples: 50000
Trainable parameter policy: epoch=2, quant_only=False, policy=all, trainable=28608256, frozen=0
Teacher feature-output hooks: layers=('features.5.5', 'features.7.1'), student_matches=('features.5.5', 'features.7.1'), teacher_matches=('features.5.5', 'features.7.1')
Trainable parameter update policy: epoch=2, update=0, mode=requires_grad, policy=all, trainable=28608256, frozen=0
Teacher feature-output debug: student_count=2, teacher_count=2, 0:s=(64, 14, 14, 384) t=(64, 14, 14, 384) mse=9.974e+00; 1:s=(64, 7, 7, 768) t=(64, 7, 7, 768) mse=1.976e+00
Train: 2 [   0/2502 (  0%)]  Loss: 51.453606 (51.4536)  BaseLoss: 51.452454 (51.4525)  RefAttnKL: 0.000e+00 (0.000e+00)  RefLogitKL: 0.000e+00 (0.000e+00)  AnchorRefAttnKL: 0.000e+00 (0.000e+00)  TeacherAttnKL: 0.000e+00 (0.000e+00)  TeacherQKRel: 0.000e+00 (0.000e+00)  TeacherAttnOut: 0.000e+00 (0.000e+00)  TeacherFeatOut: 2.307e-01 (2.307e-01)  BinReg: 0.000e+00 (0.000e+00)  Time: 1.007s,  508.47/s  (1.007s,  508.47/s)  LR: 1.818e-04  RefW: 0.000e+00  AnchorRefW: 0.000e+00  Data: 0.800 (0.800)
Train: 2 [  50/2502 (  2%)]  Loss: 51.451324 (51.4525)  BaseLoss: 51.450180 (51.4513)  RefAttnKL: 0.000e+00 (0.000e+00)  RefLogitKL: 0.000e+00 (0.000e+00)  AnchorRefAttnKL: 0.000e+00 (0.000e+00)  TeacherAttnKL: 0.000e+00 (0.000e+00)  TeacherQKRel: 0.000e+00 (0.000e+00)  TeacherAttnOut: 0.000e+00 (0.000e+00)  TeacherFeatOut: 2.287e-01 (2.297e-01)  BinReg: 0.000e+00 (0.000e+00)  Time: 0.224s, 2287.56/s  (0.238s, 2148.60/s)  LR: 1.815e-04  RefW: 0.000e+00  AnchorRefW: 0.000e+00  Data: 0.007 (0.022)
Train: 2 [ 100/2502 (  4%)]  Loss: 51.465115 (51.4567)  BaseLoss: 51.463970 (51.4555)  RefAttnKL: 0.000e+00 (0.000e+00)  RefLogitKL: 0.000e+00 (0.000e+00)  AnchorRefAttnKL: 0.000e+00 (0.000e+00)  TeacherAttnKL: 0.000e+00 (0.000e+00)  TeacherQKRel: 0.000e+00 (0.000e+00)  TeacherAttnOut: 0.000e+00 (0.000e+00)  TeacherFeatOut: 2.283e-01 (2.293e-01)  BinReg: 0.000e+00 (0.000e+00)  Time: 0.224s, 2289.63/s  (0.231s, 2217.15/s)  LR: 1.811e-04  RefW: 0.000e+00  AnchorRefW: 0.000e+00  Data: 0.006 (0.014)
Train: 2 [ 150/2502 (  6%)]  Loss: 51.473217 (51.4608)  BaseLoss: 51.472111 (51.4597)  RefAttnKL: 0.000e+00 (0.000e+00)  RefLogitKL: 0.000e+00 (0.000e+00)  AnchorRefAttnKL: 0.000e+00 (0.000e+00)  TeacherAttnKL: 0.000e+00 (0.000e+00)  TeacherQKRel: 0.000e+00 (0.000e+00)  TeacherAttnOut: 0.000e+00 (0.000e+00)  TeacherFeatOut: 2.209e-01 (2.272e-01)  BinReg: 0.000e+00 (0.000e+00)  Time: 0.224s, 2289.44/s  (0.228s, 2242.12/s)  LR: 1.808e-04  RefW: 0.000e+00  AnchorRefW: 0.000e+00  Data: 0.007 (0.012)
Train: 2 [ 200/2502 (  8%)]  Loss: 51.432617 (51.4552)  BaseLoss: 51.431503 (51.4540)  RefAttnKL: 0.000e+00 (0.000e+00)  RefLogitKL: 0.000e+00 (0.000e+00)  AnchorRefAttnKL: 0.000e+00 (0.000e+00)  TeacherAttnKL: 0.000e+00 (0.000e+00)  TeacherQKRel: 0.000e+00 (0.000e+00)  TeacherAttnOut: 0.000e+00 (0.000e+00)  TeacherFeatOut: 2.216e-01 (2.261e-01)  BinReg: 0.000e+00 (0.000e+00)  Time: 0.224s, 2289.59/s  (0.227s, 2255.66/s)  LR: 1.804e-04  RefW: 0.000e+00  AnchorRefW: 0.000e+00  Data: 0.006 (0.010)
Train: 2 [ 250/2502 ( 10%)]  Loss: 51.483398 (51.4599)  BaseLoss: 51.482262 (51.4587)  RefAttnKL: 0.000e+00 (0.000e+00)  RefLogitKL: 0.000e+00 (0.000e+00)  AnchorRefAttnKL: 0.000e+00 (0.000e+00)  TeacherAttnKL: 0.000e+00 (0.000e+00)  TeacherQKRel: 0.000e+00 (0.000e+00)  TeacherAttnOut: 0.000e+00 (0.000e+00)  TeacherFeatOut: 2.279e-01 (2.264e-01)  BinReg: 0.000e+00 (0.000e+00)  Time: 0.224s, 2288.20/s  (0.226s, 2263.72/s)  LR: 1.801e-04  RefW: 0.000e+00  AnchorRefW: 0.000e+00  Data: 0.006 (0.010)
Train: 2 [ 300/2502 ( 12%)]  Loss: 51.452465 (51.4588)  BaseLoss: 51.451332 (51.4577)  RefAttnKL: 0.000e+00 (0.000e+00)  RefLogitKL: 0.000e+00 (0.000e+00)  AnchorRefAttnKL: 0.000e+00 (0.000e+00)  TeacherAttnKL: 0.000e+00 (0.000e+00)  TeacherQKRel: 0.000e+00 (0.000e+00)  TeacherAttnOut: 0.000e+00 (0.000e+00)  TeacherFeatOut: 2.266e-01 (2.264e-01)  BinReg: 0.000e+00 (0.000e+00)  Time: 0.223s, 2292.48/s  (0.226s, 2269.21/s)  LR: 1.797e-04  RefW: 0.000e+00  AnchorRefW: 0.000e+00  Data: 0.006 (0.009)
Train: 2 [ 350/2502 ( 14%)]  Loss: 51.493923 (51.4632)  BaseLoss: 51.492786 (51.4621)  RefAttnKL: 0.000e+00 (0.000e+00)  RefLogitKL: 0.000e+00 (0.000e+00)  AnchorRefAttnKL: 0.000e+00 (0.000e+00)  TeacherAttnKL: 0.000e+00 (0.000e+00)  TeacherQKRel: 0.000e+00 (0.000e+00)  TeacherAttnOut: 0.000e+00 (0.000e+00)  TeacherFeatOut: 2.271e-01 (2.265e-01)  BinReg: 0.000e+00 (0.000e+00)  Time: 0.224s, 2289.80/s  (0.225s, 2272.52/s)  LR: 1.793e-04  RefW: 0.000e+00  AnchorRefW: 0.000e+00  Data: 0.006 (0.009)
Train: 2 [ 400/2502 ( 16%)]  Loss: 51.473652 (51.4644)  BaseLoss: 51.472565 (51.4632)  RefAttnKL: 0.000e+00 (0.000e+00)  RefLogitKL: 0.000e+00 (0.000e+00)  AnchorRefAttnKL: 0.000e+00 (0.000e+00)  TeacherAttnKL: 0.000e+00 (0.000e+00)  TeacherQKRel: 0.000e+00 (0.000e+00)  TeacherAttnOut: 0.000e+00 (0.000e+00)  TeacherFeatOut: 2.186e-01 (2.256e-01)  BinReg: 0.000e+00 (0.000e+00)  Time: 0.223s, 2291.09/s  (0.225s, 2275.60/s)  LR: 1.789e-04  RefW: 0.000e+00  AnchorRefW: 0.000e+00  Data: 0.005 (0.008)
Train: 2 [ 450/2502 ( 18%)]  Loss: 51.475315 (51.4655)  BaseLoss: 51.474190 (51.4643)  RefAttnKL: 0.000e+00 (0.000e+00)  RefLogitKL: 0.000e+00 (0.000e+00)  AnchorRefAttnKL: 0.000e+00 (0.000e+00)  TeacherAttnKL: 0.000e+00 (0.000e+00)  TeacherQKRel: 0.000e+00 (0.000e+00)  TeacherAttnOut: 0.000e+00 (0.000e+00)  TeacherFeatOut: 2.251e-01 (2.256e-01)  BinReg: 0.000e+00 (0.000e+00)  Time: 0.224s, 2289.80/s  (0.225s, 2277.49/s)  LR: 1.786e-04  RefW: 0.000e+00  AnchorRefW: 0.000e+00  Data: 0.007 (0.008)
Train: 2 [ 500/2502 ( 20%)]  Loss: 51.487797 (51.4675)  BaseLoss: 51.486710 (51.4664)  RefAttnKL: 0.000e+00 (0.000e+00)  RefLogitKL: 0.000e+00 (0.000e+00)  AnchorRefAttnKL: 0.000e+00 (0.000e+00)  TeacherAttnKL: 0.000e+00 (0.000e+00)  TeacherQKRel: 0.000e+00 (0.000e+00)  TeacherAttnOut: 0.000e+00 (0.000e+00)  TeacherFeatOut: 2.163e-01 (2.247e-01)  BinReg: 0.000e+00 (0.000e+00)  Time: 0.224s, 2290.63/s  (0.225s, 2279.05/s)  LR: 1.782e-04  RefW: 0.000e+00  AnchorRefW: 0.000e+00  Data: 0.007 (0.008)
Train: 2 [ 550/2502 ( 22%)]  Loss: 51.484734 (51.4689)  BaseLoss: 51.483665 (51.4678)  RefAttnKL: 0.000e+00 (0.000e+00)  RefLogitKL: 0.000e+00 (0.000e+00)  AnchorRefAttnKL: 0.000e+00 (0.000e+00)  TeacherAttnKL: 0.000e+00 (0.000e+00)  TeacherQKRel: 0.000e+00 (0.000e+00)  TeacherAttnOut: 0.000e+00 (0.000e+00)  TeacherFeatOut: 2.135e-01 (2.238e-01)  BinReg: 0.000e+00 (0.000e+00)  Time: 0.223s, 2292.23/s  (0.225s, 2280.33/s)  LR: 1.778e-04  RefW: 0.000e+00  AnchorRefW: 0.000e+00  Data: 0.007 (0.008)
Train: 2 [ 600/2502 ( 24%)]  Loss: 51.411102 (51.4645)  BaseLoss: 51.410042 (51.4634)  RefAttnKL: 0.000e+00 (0.000e+00)  RefLogitKL: 0.000e+00 (0.000e+00)  AnchorRefAttnKL: 0.000e+00 (0.000e+00)  TeacherAttnKL: 0.000e+00 (0.000e+00)  TeacherQKRel: 0.000e+00 (0.000e+00)  TeacherAttnOut: 0.000e+00 (0.000e+00)  TeacherFeatOut: 2.108e-01 (2.228e-01)  BinReg: 0.000e+00 (0.000e+00)  Time: 0.223s, 2291.88/s  (0.224s, 2281.78/s)  LR: 1.774e-04  RefW: 0.000e+00  AnchorRefW: 0.000e+00  Data: 0.005 (0.008)
Train: 2 [ 650/2502 ( 26%)]  Loss: 51.475128 (51.4652)  BaseLoss: 51.474072 (51.4641)  RefAttnKL: 0.000e+00 (0.000e+00)  RefLogitKL: 0.000e+00 (0.000e+00)  AnchorRefAttnKL: 0.000e+00 (0.000e+00)  TeacherAttnKL: 0.000e+00 (0.000e+00)  TeacherQKRel: 0.000e+00 (0.000e+00)  TeacherAttnOut: 0.000e+00 (0.000e+00)  TeacherFeatOut: 2.115e-01 (2.220e-01)  BinReg: 0.000e+00 (0.000e+00)  Time: 0.224s, 2285.42/s  (0.224s, 2282.59/s)  LR: 1.770e-04  RefW: 0.000e+00  AnchorRefW: 0.000e+00  Data: 0.008 (0.008)
Train: 2 [ 700/2502 ( 28%)]  Loss: 51.439182 (51.4635)  BaseLoss: 51.438065 (51.4624)  RefAttnKL: 0.000e+00 (0.000e+00)  RefLogitKL: 0.000e+00 (0.000e+00)  AnchorRefAttnKL: 0.000e+00 (0.000e+00)  TeacherAttnKL: 0.000e+00 (0.000e+00)  TeacherQKRel: 0.000e+00 (0.000e+00)  TeacherAttnOut: 0.000e+00 (0.000e+00)  TeacherFeatOut: 2.228e-01 (2.220e-01)  BinReg: 0.000e+00 (0.000e+00)  Time: 0.224s, 2290.80/s  (0.224s, 2283.66/s)  LR: 1.767e-04  RefW: 0.000e+00  AnchorRefW: 0.000e+00  Data: 0.006 (0.008)
Train: 2 [ 750/2502 ( 30%)]  Loss: 51.422321 (51.4609)  BaseLoss: 51.421265 (51.4598)  RefAttnKL: 0.000e+00 (0.000e+00)  RefLogitKL: 0.000e+00 (0.000e+00)  AnchorRefAttnKL: 0.000e+00 (0.000e+00)  TeacherAttnKL: 0.000e+00 (0.000e+00)  TeacherQKRel: 0.000e+00 (0.000e+00)  TeacherAttnOut: 0.000e+00 (0.000e+00)  TeacherFeatOut: 2.103e-01 (2.213e-01)  BinReg: 0.000e+00 (0.000e+00)  Time: 0.223s, 2293.10/s  (0.224s, 2284.46/s)  LR: 1.763e-04  RefW: 0.000e+00  AnchorRefW: 0.000e+00  Data: 0.006 (0.008)
Train: 2 [ 800/2502 ( 32%)]  Loss: 51.453819 (51.4605)  BaseLoss: 51.452778 (51.4594)  RefAttnKL: 0.000e+00 (0.000e+00)  RefLogitKL: 0.000e+00 (0.000e+00)  AnchorRefAttnKL: 0.000e+00 (0.000e+00)  TeacherAttnKL: 0.000e+00 (0.000e+00)  TeacherQKRel: 0.000e+00 (0.000e+00)  TeacherAttnOut: 0.000e+00 (0.000e+00)  TeacherFeatOut: 2.094e-01 (2.206e-01)  BinReg: 0.000e+00 (0.000e+00)  Time: 0.224s, 2290.45/s  (0.224s, 2285.28/s)  LR: 1.759e-04  RefW: 0.000e+00  AnchorRefW: 0.000e+00  Data: 0.006 (0.007)
Train: 2 [ 850/2502 ( 34%)]  Loss: 51.427357 (51.4587)  BaseLoss: 51.426311 (51.4576)  RefAttnKL: 0.000e+00 (0.000e+00)  RefLogitKL: 0.000e+00 (0.000e+00)  AnchorRefAttnKL: 0.000e+00 (0.000e+00)  TeacherAttnKL: 0.000e+00 (0.000e+00)  TeacherQKRel: 0.000e+00 (0.000e+00)  TeacherAttnOut: 0.000e+00 (0.000e+00)  TeacherFeatOut: 2.086e-01 (2.199e-01)  BinReg: 0.000e+00 (0.000e+00)  Time: 0.226s, 2265.47/s  (0.224s, 2285.84/s)  LR: 1.755e-04  RefW: 0.000e+00  AnchorRefW: 0.000e+00  Data: 0.008 (0.007)
Train: 2 [ 900/2502 ( 36%)]  Loss: 51.439240 (51.4576)  BaseLoss: 51.438190 (51.4565)  RefAttnKL: 0.000e+00 (0.000e+00)  RefLogitKL: 0.000e+00 (0.000e+00)  AnchorRefAttnKL: 0.000e+00 (0.000e+00)  TeacherAttnKL: 0.000e+00 (0.000e+00)  TeacherQKRel: 0.000e+00 (0.000e+00)  TeacherAttnOut: 0.000e+00 (0.000e+00)  TeacherFeatOut: 2.099e-01 (2.194e-01)  BinReg: 0.000e+00 (0.000e+00)  Time: 0.224s, 2286.56/s  (0.224s, 2286.19/s)  LR: 1.751e-04  RefW: 0.000e+00  AnchorRefW: 0.000e+00  Data: 0.007 (0.007)
Train: 2 [ 950/2502 ( 38%)]  Loss: 51.453575 (51.4574)  BaseLoss: 51.452522 (51.4563)  RefAttnKL: 0.000e+00 (0.000e+00)  RefLogitKL: 0.000e+00 (0.000e+00)  AnchorRefAttnKL: 0.000e+00 (0.000e+00)  TeacherAttnKL: 0.000e+00 (0.000e+00)  TeacherQKRel: 0.000e+00 (0.000e+00)  TeacherAttnOut: 0.000e+00 (0.000e+00)  TeacherFeatOut: 2.104e-01 (2.189e-01)  BinReg: 0.000e+00 (0.000e+00)  Time: 0.223s, 2291.40/s  (0.224s, 2286.47/s)  LR: 1.747e-04  RefW: 0.000e+00  AnchorRefW: 0.000e+00  Data: 0.006 (0.007)
Train: 2 [1000/2502 ( 40%)]  Loss: 51.459476 (51.4575)  BaseLoss: 51.458431 (51.4564)  RefAttnKL: 0.000e+00 (0.000e+00)  RefLogitKL: 0.000e+00 (0.000e+00)  AnchorRefAttnKL: 0.000e+00 (0.000e+00)  TeacherAttnKL: 0.000e+00 (0.000e+00)  TeacherQKRel: 0.000e+00 (0.000e+00)  TeacherAttnOut: 0.000e+00 (0.000e+00)  TeacherFeatOut: 2.086e-01 (2.185e-01)  BinReg: 0.000e+00 (0.000e+00)  Time: 0.224s, 2290.14/s  (0.224s, 2286.57/s)  LR: 1.743e-04  RefW: 0.000e+00  AnchorRefW: 0.000e+00  Data: 0.005 (0.007)
Train: 2 [1050/2502 ( 42%)]  Loss: 51.441978 (51.4568)  BaseLoss: 51.440907 (51.4557)  RefAttnKL: 0.000e+00 (0.000e+00)  RefLogitKL: 0.000e+00 (0.000e+00)  AnchorRefAttnKL: 0.000e+00 (0.000e+00)  TeacherAttnKL: 0.000e+00 (0.000e+00)  TeacherQKRel: 0.000e+00 (0.000e+00)  TeacherAttnOut: 0.000e+00 (0.000e+00)  TeacherFeatOut: 2.130e-01 (2.182e-01)  BinReg: 0.000e+00 (0.000e+00)  Time: 0.223s, 2294.13/s  (0.224s, 2287.08/s)  LR: 1.738e-04  RefW: 0.000e+00  AnchorRefW: 0.000e+00  Data: 0.007 (0.007)
Train: 2 [1100/2502 ( 44%)]  Loss: 51.426441 (51.4555)  BaseLoss: 51.425407 (51.4544)  RefAttnKL: 0.000e+00 (0.000e+00)  RefLogitKL: 0.000e+00 (0.000e+00)  AnchorRefAttnKL: 0.000e+00 (0.000e+00)  TeacherAttnKL: 0.000e+00 (0.000e+00)  TeacherQKRel: 0.000e+00 (0.000e+00)  TeacherAttnOut: 0.000e+00 (0.000e+00)  TeacherFeatOut: 2.066e-01 (2.177e-01)  BinReg: 0.000e+00 (0.000e+00)  Time: 0.224s, 2290.15/s  (0.224s, 2287.38/s)  LR: 1.734e-04  RefW: 0.000e+00  AnchorRefW: 0.000e+00  Data: 0.007 (0.007)
Train: 2 [1150/2502 ( 46%)]  Loss: 51.461506 (51.4558)  BaseLoss: 51.460442 (51.4547)  RefAttnKL: 0.000e+00 (0.000e+00)  RefLogitKL: 0.000e+00 (0.000e+00)  AnchorRefAttnKL: 0.000e+00 (0.000e+00)  TeacherAttnKL: 0.000e+00 (0.000e+00)  TeacherQKRel: 0.000e+00 (0.000e+00)  TeacherAttnOut: 0.000e+00 (0.000e+00)  TeacherFeatOut: 2.128e-01 (2.175e-01)  BinReg: 0.000e+00 (0.000e+00)  Time: 0.224s, 2288.18/s  (0.224s, 2287.81/s)  LR: 1.730e-04  RefW: 0.000e+00  AnchorRefW: 0.000e+00  Data: 0.007 (0.007)
Train: 2 [1200/2502 ( 48%)]  Loss: 51.430698 (51.4548)  BaseLoss: 51.429638 (51.4537)  RefAttnKL: 0.000e+00 (0.000e+00)  RefLogitKL: 0.000e+00 (0.000e+00)  AnchorRefAttnKL: 0.000e+00 (0.000e+00)  TeacherAttnKL: 0.000e+00 (0.000e+00)  TeacherQKRel: 0.000e+00 (0.000e+00)  TeacherAttnOut: 0.000e+00 (0.000e+00)  TeacherFeatOut: 2.121e-01 (2.173e-01)  BinReg: 0.000e+00 (0.000e+00)  Time: 0.224s, 2286.18/s  (0.224s, 2287.96/s)  LR: 1.726e-04  RefW: 0.000e+00  AnchorRefW: 0.000e+00  Data: 0.006 (0.007)
Train: 2 [1250/2502 ( 50%)]  Loss: 51.450813 (51.4546)  BaseLoss: 51.449806 (51.4535)  RefAttnKL: 0.000e+00 (0.000e+00)  RefLogitKL: 0.000e+00 (0.000e+00)  AnchorRefAttnKL: 0.000e+00 (0.000e+00)  TeacherAttnKL: 0.000e+00 (0.000e+00)  TeacherQKRel: 0.000e+00 (0.000e+00)  TeacherAttnOut: 0.000e+00 (0.000e+00)  TeacherFeatOut: 2.022e-01 (2.167e-01)  BinReg: 0.000e+00 (0.000e+00)  Time: 0.223s, 2290.99/s  (0.224s, 2288.34/s)  LR: 1.722e-04  RefW: 0.000e+00  AnchorRefW: 0.000e+00  Data: 0.007 (0.007)
Train: 2 [1300/2502 ( 52%)]  Loss: 51.476006 (51.4554)  BaseLoss: 51.474998 (51.4543)  RefAttnKL: 0.000e+00 (0.000e+00)  RefLogitKL: 0.000e+00 (0.000e+00)  AnchorRefAttnKL: 0.000e+00 (0.000e+00)  TeacherAttnKL: 0.000e+00 (0.000e+00)  TeacherQKRel: 0.000e+00 (0.000e+00)  TeacherAttnOut: 0.000e+00 (0.000e+00)  TeacherFeatOut: 2.024e-01 (2.162e-01)  BinReg: 0.000e+00 (0.000e+00)  Time: 0.224s, 2288.69/s  (0.224s, 2288.67/s)  LR: 1.718e-04  RefW: 0.000e+00  AnchorRefW: 0.000e+00  Data: 0.006 (0.007)
Train: 2 [1350/2502 ( 54%)]  Loss: 51.451298 (51.4553)  BaseLoss: 51.450291 (51.4542)  RefAttnKL: 0.000e+00 (0.000e+00)  RefLogitKL: 0.000e+00 (0.000e+00)  AnchorRefAttnKL: 0.000e+00 (0.000e+00)  TeacherAttnKL: 0.000e+00 (0.000e+00)  TeacherQKRel: 0.000e+00 (0.000e+00)  TeacherAttnOut: 0.000e+00 (0.000e+00)  TeacherFeatOut: 2.011e-01 (2.156e-01)  BinReg: 0.000e+00 (0.000e+00)  Time: 0.224s, 2287.79/s  (0.224s, 2288.96/s)  LR: 1.713e-04  RefW: 0.000e+00  AnchorRefW: 0.000e+00  Data: 0.006 (0.007)
Train: 2 [1400/2502 ( 56%)]  Loss: 51.471493 (51.4558)  BaseLoss: 51.470455 (51.4547)  RefAttnKL: 0.000e+00 (0.000e+00)  RefLogitKL: 0.000e+00 (0.000e+00)  AnchorRefAttnKL: 0.000e+00 (0.000e+00)  TeacherAttnKL: 0.000e+00 (0.000e+00)  TeacherQKRel: 0.000e+00 (0.000e+00)  TeacherAttnOut: 0.000e+00 (0.000e+00)  TeacherFeatOut: 2.072e-01 (2.153e-01)  BinReg: 0.000e+00 (0.000e+00)  Time: 0.224s, 2283.15/s  (0.224s, 2289.15/s)  LR: 1.709e-04  RefW: 0.000e+00  AnchorRefW: 0.000e+00  Data: 0.006 (0.007)
Train: 2 [1450/2502 ( 58%)]  Loss: 51.471638 (51.4563)  BaseLoss: 51.470642 (51.4553)  RefAttnKL: 0.000e+00 (0.000e+00)  RefLogitKL: 0.000e+00 (0.000e+00)  AnchorRefAttnKL: 0.000e+00 (0.000e+00)  TeacherAttnKL: 0.000e+00 (0.000e+00)  TeacherQKRel: 0.000e+00 (0.000e+00)  TeacherAttnOut: 0.000e+00 (0.000e+00)  TeacherFeatOut: 1.999e-01 (2.148e-01)  BinReg: 0.000e+00 (0.000e+00)  Time: 0.224s, 2288.40/s  (0.224s, 2289.41/s)  LR: 1.705e-04  RefW: 0.000e+00  AnchorRefW: 0.000e+00  Data: 0.007 (0.007)
Train: 2 [1500/2502 ( 60%)]  Loss: 51.472706 (51.4569)  BaseLoss: 51.471680 (51.4558)  RefAttnKL: 0.000e+00 (0.000e+00)  RefLogitKL: 0.000e+00 (0.000e+00)  AnchorRefAttnKL: 0.000e+00 (0.000e+00)  TeacherAttnKL: 0.000e+00 (0.000e+00)  TeacherQKRel: 0.000e+00 (0.000e+00)  TeacherAttnOut: 0.000e+00 (0.000e+00)  TeacherFeatOut: 2.050e-01 (2.145e-01)  BinReg: 0.000e+00 (0.000e+00)  Time: 0.223s, 2290.85/s  (0.224s, 2289.66/s)  LR: 1.700e-04  RefW: 0.000e+00  AnchorRefW: 0.000e+00  Data: 0.006 (0.007)
Train: 2 [1550/2502 ( 62%)]  Loss: 51.464581 (51.4571)  BaseLoss: 51.463566 (51.4560)  RefAttnKL: 0.000e+00 (0.000e+00)  RefLogitKL: 0.000e+00 (0.000e+00)  AnchorRefAttnKL: 0.000e+00 (0.000e+00)  TeacherAttnKL: 0.000e+00 (0.000e+00)  TeacherQKRel: 0.000e+00 (0.000e+00)  TeacherAttnOut: 0.000e+00 (0.000e+00)  TeacherFeatOut: 2.036e-01 (2.142e-01)  BinReg: 0.000e+00 (0.000e+00)  Time: 0.224s, 2286.85/s  (0.224s, 2289.70/s)  LR: 1.696e-04  RefW: 0.000e+00  AnchorRefW: 0.000e+00  Data: 0.006 (0.007)
Train: 2 [1600/2502 ( 64%)]  Loss: 51.444366 (51.4567)  BaseLoss: 51.443325 (51.4557)  RefAttnKL: 0.000e+00 (0.000e+00)  RefLogitKL: 0.000e+00 (0.000e+00)  AnchorRefAttnKL: 0.000e+00 (0.000e+00)  TeacherAttnKL: 0.000e+00 (0.000e+00)  TeacherQKRel: 0.000e+00 (0.000e+00)  TeacherAttnOut: 0.000e+00 (0.000e+00)  TeacherFeatOut: 2.089e-01 (2.140e-01)  BinReg: 0.000e+00 (0.000e+00)  Time: 0.223s, 2296.47/s  (0.224s, 2289.91/s)  LR: 1.692e-04  RefW: 0.000e+00  AnchorRefW: 0.000e+00  Data: 0.006 (0.007)
Train: 2 [1650/2502 ( 66%)]  Loss: 51.480453 (51.4574)  BaseLoss: 51.479492 (51.4564)  RefAttnKL: 0.000e+00 (0.000e+00)  RefLogitKL: 0.000e+00 (0.000e+00)  AnchorRefAttnKL: 0.000e+00 (0.000e+00)  TeacherAttnKL: 0.000e+00 (0.000e+00)  TeacherQKRel: 0.000e+00 (0.000e+00)  TeacherAttnOut: 0.000e+00 (0.000e+00)  TeacherFeatOut: 1.915e-01 (2.134e-01)  BinReg: 0.000e+00 (0.000e+00)  Time: 0.224s, 2288.13/s  (0.224s, 2290.11/s)  LR: 1.687e-04  RefW: 0.000e+00  AnchorRefW: 0.000e+00  Data: 0.006 (0.007)
Train: 2 [1700/2502 ( 68%)]  Loss: 51.468655 (51.4577)  BaseLoss: 51.467682 (51.4567)  RefAttnKL: 0.000e+00 (0.000e+00)  RefLogitKL: 0.000e+00 (0.000e+00)  AnchorRefAttnKL: 0.000e+00 (0.000e+00)  TeacherAttnKL: 0.000e+00 (0.000e+00)  TeacherQKRel: 0.000e+00 (0.000e+00)  TeacherAttnOut: 0.000e+00 (0.000e+00)  TeacherFeatOut: 1.947e-01 (2.128e-01)  BinReg: 0.000e+00 (0.000e+00)  Time: 0.223s, 2295.28/s  (0.224s, 2290.31/s)  LR: 1.683e-04  RefW: 0.000e+00  AnchorRefW: 0.000e+00  Data: 0.005 (0.007)
Train: 2 [1750/2502 ( 70%)]  Loss: 51.439003 (51.4572)  BaseLoss: 51.438038 (51.4562)  RefAttnKL: 0.000e+00 (0.000e+00)  RefLogitKL: 0.000e+00 (0.000e+00)  AnchorRefAttnKL: 0.000e+00 (0.000e+00)  TeacherAttnKL: 0.000e+00 (0.000e+00)  TeacherQKRel: 0.000e+00 (0.000e+00)  TeacherAttnOut: 0.000e+00 (0.000e+00)  TeacherFeatOut: 1.941e-01 (2.123e-01)  BinReg: 0.000e+00 (0.000e+00)  Time: 0.224s, 2289.79/s  (0.224s, 2290.37/s)  LR: 1.678e-04  RefW: 0.000e+00  AnchorRefW: 0.000e+00  Data: 0.006 (0.007)
Train: 2 [1800/2502 ( 72%)]  Loss: 51.469734 (51.4576)  BaseLoss: 51.468723 (51.4565)  RefAttnKL: 0.000e+00 (0.000e+00)  RefLogitKL: 0.000e+00 (0.000e+00)  AnchorRefAttnKL: 0.000e+00 (0.000e+00)  TeacherAttnKL: 0.000e+00 (0.000e+00)  TeacherQKRel: 0.000e+00 (0.000e+00)  TeacherAttnOut: 0.000e+00 (0.000e+00)  TeacherFeatOut: 2.030e-01 (2.120e-01)  BinReg: 0.000e+00 (0.000e+00)  Time: 0.224s, 2286.32/s  (0.224s, 2290.52/s)  LR: 1.674e-04  RefW: 0.000e+00  AnchorRefW: 0.000e+00  Data: 0.006 (0.007)
Train: 2 [1850/2502 ( 74%)]  Loss: 51.440609 (51.4571)  BaseLoss: 51.439610 (51.4561)  RefAttnKL: 0.000e+00 (0.000e+00)  RefLogitKL: 0.000e+00 (0.000e+00)  AnchorRefAttnKL: 0.000e+00 (0.000e+00)  TeacherAttnKL: 0.000e+00 (0.000e+00)  TeacherQKRel: 0.000e+00 (0.000e+00)  TeacherAttnOut: 0.000e+00 (0.000e+00)  TeacherFeatOut: 2.014e-01 (2.118e-01)  BinReg: 0.000e+00 (0.000e+00)  Time: 0.224s, 2286.44/s  (0.224s, 2290.68/s)  LR: 1.669e-04  RefW: 0.000e+00  AnchorRefW: 0.000e+00  Data: 0.006 (0.007)
Train: 2 [1900/2502 ( 76%)]  Loss: 51.451614 (51.4570)  BaseLoss: 51.450623 (51.4559)  RefAttnKL: 0.000e+00 (0.000e+00)  RefLogitKL: 0.000e+00 (0.000e+00)  AnchorRefAttnKL: 0.000e+00 (0.000e+00)  TeacherAttnKL: 0.000e+00 (0.000e+00)  TeacherQKRel: 0.000e+00 (0.000e+00)  TeacherAttnOut: 0.000e+00 (0.000e+00)  TeacherFeatOut: 1.984e-01 (2.114e-01)  BinReg: 0.000e+00 (0.000e+00)  Time: 0.223s, 2290.96/s  (0.223s, 2290.85/s)  LR: 1.665e-04  RefW: 0.000e+00  AnchorRefW: 0.000e+00  Data: 0.006 (0.007)
Train: 2 [1950/2502 ( 78%)]  Loss: 51.488094 (51.4578)  BaseLoss: 51.487137 (51.4567)  RefAttnKL: 0.000e+00 (0.000e+00)  RefLogitKL: 0.000e+00 (0.000e+00)  AnchorRefAttnKL: 0.000e+00 (0.000e+00)  TeacherAttnKL: 0.000e+00 (0.000e+00)  TeacherQKRel: 0.000e+00 (0.000e+00)  TeacherAttnOut: 0.000e+00 (0.000e+00)  TeacherFeatOut: 1.911e-01 (2.109e-01)  BinReg: 0.000e+00 (0.000e+00)  Time: 0.224s, 2285.28/s  (0.224s, 2289.84/s)  LR: 1.660e-04  RefW: 0.000e+00  AnchorRefW: 0.000e+00  Data: 0.006 (0.007)
Train: 2 [2000/2502 ( 80%)]  Loss: 51.475773 (51.4582)  BaseLoss: 51.474781 (51.4571)  RefAttnKL: 0.000e+00 (0.000e+00)  RefLogitKL: 0.000e+00 (0.000e+00)  AnchorRefAttnKL: 0.000e+00 (0.000e+00)  TeacherAttnKL: 0.000e+00 (0.000e+00)  TeacherQKRel: 0.000e+00 (0.000e+00)  TeacherAttnOut: 0.000e+00 (0.000e+00)  TeacherFeatOut: 1.992e-01 (2.106e-01)  BinReg: 0.000e+00 (0.000e+00)  Time: 0.224s, 2288.75/s  (0.224s, 2290.02/s)  LR: 1.656e-04  RefW: 0.000e+00  AnchorRefW: 0.000e+00  Data: 0.007 (0.007)
Train: 2 [2050/2502 ( 82%)]  Loss: 51.414589 (51.4572)  BaseLoss: 51.413620 (51.4561)  RefAttnKL: 0.000e+00 (0.000e+00)  RefLogitKL: 0.000e+00 (0.000e+00)  AnchorRefAttnKL: 0.000e+00 (0.000e+00)  TeacherAttnKL: 0.000e+00 (0.000e+00)  TeacherQKRel: 0.000e+00 (0.000e+00)  TeacherAttnOut: 0.000e+00 (0.000e+00)  TeacherFeatOut: 1.943e-01 (2.102e-01)  BinReg: 0.000e+00 (0.000e+00)  Time: 0.225s, 2272.73/s  (0.224s, 2290.18/s)  LR: 1.651e-04  RefW: 0.000e+00  AnchorRefW: 0.000e+00  Data: 0.007 (0.007)
Train: 2 [2100/2502 ( 84%)]  Loss: 51.428139 (51.4565)  BaseLoss: 51.427193 (51.4554)  RefAttnKL: 0.000e+00 (0.000e+00)  RefLogitKL: 0.000e+00 (0.000e+00)  AnchorRefAttnKL: 0.000e+00 (0.000e+00)  TeacherAttnKL: 0.000e+00 (0.000e+00)  TeacherQKRel: 0.000e+00 (0.000e+00)  TeacherAttnOut: 0.000e+00 (0.000e+00)  TeacherFeatOut: 1.893e-01 (2.098e-01)  BinReg: 0.000e+00 (0.000e+00)  Time: 0.224s, 2288.19/s  (0.224s, 2290.34/s)  LR: 1.646e-04  RefW: 0.000e+00  AnchorRefW: 0.000e+00  Data: 0.007 (0.007)
Train: 2 [2150/2502 ( 86%)]  Loss: 51.442150 (51.4562)  BaseLoss: 51.441212 (51.4551)  RefAttnKL: 0.000e+00 (0.000e+00)  RefLogitKL: 0.000e+00 (0.000e+00)  AnchorRefAttnKL: 0.000e+00 (0.000e+00)  TeacherAttnKL: 0.000e+00 (0.000e+00)  TeacherQKRel: 0.000e+00 (0.000e+00)  TeacherAttnOut: 0.000e+00 (0.000e+00)  TeacherFeatOut: 1.874e-01 (2.092e-01)  BinReg: 0.000e+00 (0.000e+00)  Time: 0.224s, 2289.97/s  (0.224s, 2290.49/s)  LR: 1.642e-04  RefW: 0.000e+00  AnchorRefW: 0.000e+00  Data: 0.006 (0.007)
Train: 2 [2200/2502 ( 88%)]  Loss: 51.438828 (51.4558)  BaseLoss: 51.437859 (51.4547)  RefAttnKL: 0.000e+00 (0.000e+00)  RefLogitKL: 0.000e+00 (0.000e+00)  AnchorRefAttnKL: 0.000e+00 (0.000e+00)  TeacherAttnKL: 0.000e+00 (0.000e+00)  TeacherQKRel: 0.000e+00 (0.000e+00)  TeacherAttnOut: 0.000e+00 (0.000e+00)  TeacherFeatOut: 1.933e-01 (2.089e-01)  BinReg: 0.000e+00 (0.000e+00)  Time: 0.224s, 2287.18/s  (0.224s, 2290.58/s)  LR: 1.637e-04  RefW: 0.000e+00  AnchorRefW: 0.000e+00  Data: 0.006 (0.007)
Train: 2 [2250/2502 ( 90%)]  Loss: 51.432201 (51.4553)  BaseLoss: 51.431274 (51.4542)  RefAttnKL: 0.000e+00 (0.000e+00)  RefLogitKL: 0.000e+00 (0.000e+00)  AnchorRefAttnKL: 0.000e+00 (0.000e+00)  TeacherAttnKL: 0.000e+00 (0.000e+00)  TeacherQKRel: 0.000e+00 (0.000e+00)  TeacherAttnOut: 0.000e+00 (0.000e+00)  TeacherFeatOut: 1.861e-01 (2.084e-01)  BinReg: 0.000e+00 (0.000e+00)  Time: 0.227s, 2256.31/s  (0.224s, 2290.69/s)  LR: 1.632e-04  RefW: 0.000e+00  AnchorRefW: 0.000e+00  Data: 0.006 (0.007)
Train: 2 [2300/2502 ( 92%)]  Loss: 51.491344 (51.4560)  BaseLoss: 51.490379 (51.4550)  RefAttnKL: 0.000e+00 (0.000e+00)  RefLogitKL: 0.000e+00 (0.000e+00)  AnchorRefAttnKL: 0.000e+00 (0.000e+00)  TeacherAttnKL: 0.000e+00 (0.000e+00)  TeacherQKRel: 0.000e+00 (0.000e+00)  TeacherAttnOut: 0.000e+00 (0.000e+00)  TeacherFeatOut: 1.920e-01 (2.080e-01)  BinReg: 0.000e+00 (0.000e+00)  Time: 0.223s, 2294.85/s  (0.224s, 2290.82/s)  LR: 1.628e-04  RefW: 0.000e+00  AnchorRefW: 0.000e+00  Data: 0.006 (0.007)
Train: 2 [2350/2502 ( 94%)]  Loss: 51.460648 (51.4561)  BaseLoss: 51.459732 (51.4551)  RefAttnKL: 0.000e+00 (0.000e+00)  RefLogitKL: 0.000e+00 (0.000e+00)  AnchorRefAttnKL: 0.000e+00 (0.000e+00)  TeacherAttnKL: 0.000e+00 (0.000e+00)  TeacherQKRel: 0.000e+00 (0.000e+00)  TeacherAttnOut: 0.000e+00 (0.000e+00)  TeacherFeatOut: 1.833e-01 (2.075e-01)  BinReg: 0.000e+00 (0.000e+00)  Time: 0.224s, 2290.56/s  (0.223s, 2290.95/s)  LR: 1.623e-04  RefW: 0.000e+00  AnchorRefW: 0.000e+00  Data: 0.006 (0.007)
Train: 2 [2400/2502 ( 96%)]  Loss: 51.411781 (51.4552)  BaseLoss: 51.410881 (51.4542)  RefAttnKL: 0.000e+00 (0.000e+00)  RefLogitKL: 0.000e+00 (0.000e+00)  AnchorRefAttnKL: 0.000e+00 (0.000e+00)  TeacherAttnKL: 0.000e+00 (0.000e+00)  TeacherQKRel: 0.000e+00 (0.000e+00)  TeacherAttnOut: 0.000e+00 (0.000e+00)  TeacherFeatOut: 1.800e-01 (2.070e-01)  BinReg: 0.000e+00 (0.000e+00)  Time: 0.223s, 2291.91/s  (0.223s, 2290.93/s)  LR: 1.618e-04  RefW: 0.000e+00  AnchorRefW: 0.000e+00  Data: 0.006 (0.007)
Train: 2 [2450/2502 ( 98%)]  Loss: 51.454945 (51.4552)  BaseLoss: 51.454033 (51.4542)  RefAttnKL: 0.000e+00 (0.000e+00)  RefLogitKL: 0.000e+00 (0.000e+00)  AnchorRefAttnKL: 0.000e+00 (0.000e+00)  TeacherAttnKL: 0.000e+00 (0.000e+00)  TeacherQKRel: 0.000e+00 (0.000e+00)  TeacherAttnOut: 0.000e+00 (0.000e+00)  TeacherFeatOut: 1.818e-01 (2.065e-01)  BinReg: 0.000e+00 (0.000e+00)  Time: 0.224s, 2290.07/s  (0.223s, 2290.99/s)  LR: 1.613e-04  RefW: 0.000e+00  AnchorRefW: 0.000e+00  Data: 0.007 (0.007)
TrainSummary: epoch=2 updates=2496 avg_step_time=0.223472s samples_per_step=512 samples_per_sec=2291.12
epoch:  2 g['lr']:  0.00016089748531579972
model eval
TestLocal: [   0/97]  Time: 0.996 (0.996)  Loss:  0.9116  Acc@1: 78.1250  Acc@5: 92.1875  Samples: 64
TestLocal: [  50/97]  Time: 0.091 (0.109)  Loss:  0.9070  Acc@1: 79.3199  Acc@5: 94.6078  Samples: 3264
TestLocal: [  97/97]  Time: 0.044 (0.099)  Loss:  0.9104  Acc@1: 79.1734  Acc@5: 94.5705  Samples: 6170
TestLocal: [ 100/97]  Time: 0.044 (0.098)  Loss:  0.9106  Acc@1: 79.1787  Acc@5: 94.5733  Samples: 6210
Test: [distributed-summary]  Time: 10.118s  Loss: 0.9293  Acc@1: 78.7420  Acc@5: 94.5940  Samples: 50000
Trainable parameter policy: epoch=3, quant_only=False, policy=all, trainable=28608256, frozen=0
Teacher feature-output hooks: layers=('features.5.5', 'features.7.1'), student_matches=('features.5.5', 'features.7.1'), teacher_matches=('features.5.5', 'features.7.1')
Trainable parameter update policy: epoch=3, update=0, mode=requires_grad, policy=all, trainable=28608256, frozen=0
Teacher feature-output debug: student_count=2, teacher_count=2, 0:s=(64, 14, 14, 384) t=(64, 14, 14, 384) mse=7.698e+00; 1:s=(64, 7, 7, 768) t=(64, 7, 7, 768) mse=1.737e+00
Train: 3 [   0/2502 (  0%)]  Loss: 51.462029 (51.4620)  BaseLoss: 51.461105 (51.4611)  RefAttnKL: 0.000e+00 (0.000e+00)  RefLogitKL: 0.000e+00 (0.000e+00)  AnchorRefAttnKL: 0.000e+00 (0.000e+00)  TeacherAttnKL: 0.000e+00 (0.000e+00)  TeacherQKRel: 0.000e+00 (0.000e+00)  TeacherAttnOut: 0.000e+00 (0.000e+00)  TeacherFeatOut: 1.850e-01 (1.850e-01)  BinReg: 0.000e+00 (0.000e+00)  Time: 0.992s,  515.91/s  (0.992s,  515.91/s)  LR: 1.608e-04  RefW: 0.000e+00  AnchorRefW: 0.000e+00  Data: 0.766 (0.766)
Train: 3 [  50/2502 (  2%)]  Loss: 51.438160 (51.4501)  BaseLoss: 51.437222 (51.4492)  RefAttnKL: 0.000e+00 (0.000e+00)  RefLogitKL: 0.000e+00 (0.000e+00)  AnchorRefAttnKL: 0.000e+00 (0.000e+00)  TeacherAttnKL: 0.000e+00 (0.000e+00)  TeacherQKRel: 0.000e+00 (0.000e+00)  TeacherAttnOut: 0.000e+00 (0.000e+00)  TeacherFeatOut: 1.874e-01 (1.862e-01)  BinReg: 0.000e+00 (0.000e+00)  Time: 0.224s, 2287.80/s  (0.238s, 2150.67/s)  LR: 1.603e-04  RefW: 0.000e+00  AnchorRefW: 0.000e+00  Data: 0.007 (0.021)
Train: 3 [ 100/2502 (  4%)]  Loss: 51.466900 (51.4557)  BaseLoss: 51.465973 (51.4548)  RefAttnKL: 0.000e+00 (0.000e+00)  RefLogitKL: 0.000e+00 (0.000e+00)  AnchorRefAttnKL: 0.000e+00 (0.000e+00)  TeacherAttnKL: 0.000e+00 (0.000e+00)  TeacherQKRel: 0.000e+00 (0.000e+00)  TeacherAttnOut: 0.000e+00 (0.000e+00)  TeacherFeatOut: 1.844e-01 (1.856e-01)  BinReg: 0.000e+00 (0.000e+00)  Time: 0.223s, 2291.09/s  (0.231s, 2215.30/s)  LR: 1.599e-04  RefW: 0.000e+00  AnchorRefW: 0.000e+00  Data: 0.006 (0.014)
Train: 3 [ 150/2502 (  6%)]  Loss: 51.447750 (51.4537)  BaseLoss: 51.446842 (51.4528)  RefAttnKL: 0.000e+00 (0.000e+00)  RefLogitKL: 0.000e+00 (0.000e+00)  AnchorRefAttnKL: 0.000e+00 (0.000e+00)  TeacherAttnKL: 0.000e+00 (0.000e+00)  TeacherQKRel: 0.000e+00 (0.000e+00)  TeacherAttnOut: 0.000e+00 (0.000e+00)  TeacherFeatOut: 1.808e-01 (1.844e-01)  BinReg: 0.000e+00 (0.000e+00)  Time: 0.224s, 2285.75/s  (0.228s, 2241.86/s)  LR: 1.594e-04  RefW: 0.000e+00  AnchorRefW: 0.000e+00  Data: 0.006 (0.012)
Train: 3 [ 200/2502 (  8%)]  Loss: 51.461269 (51.4552)  BaseLoss: 51.460381 (51.4543)  RefAttnKL: 0.000e+00 (0.000e+00)  RefLogitKL: 0.000e+00 (0.000e+00)  AnchorRefAttnKL: 0.000e+00 (0.000e+00)  TeacherAttnKL: 0.000e+00 (0.000e+00)  TeacherQKRel: 0.000e+00 (0.000e+00)  TeacherAttnOut: 0.000e+00 (0.000e+00)  TeacherFeatOut: 1.778e-01 (1.831e-01)  BinReg: 0.000e+00 (0.000e+00)  Time: 0.224s, 2287.33/s  (0.227s, 2255.48/s)  LR: 1.589e-04  RefW: 0.000e+00  AnchorRefW: 0.000e+00  Data: 0.006 (0.010)
Train: 3 [ 250/2502 ( 10%)]  Loss: 51.492332 (51.4614)  BaseLoss: 51.491394 (51.4605)  RefAttnKL: 0.000e+00 (0.000e+00)  RefLogitKL: 0.000e+00 (0.000e+00)  AnchorRefAttnKL: 0.000e+00 (0.000e+00)  TeacherAttnKL: 0.000e+00 (0.000e+00)  TeacherQKRel: 0.000e+00 (0.000e+00)  TeacherAttnOut: 0.000e+00 (0.000e+00)  TeacherFeatOut: 1.883e-01 (1.840e-01)  BinReg: 0.000e+00 (0.000e+00)  Time: 0.223s, 2292.48/s  (0.226s, 2262.76/s)  LR: 1.584e-04  RefW: 0.000e+00  AnchorRefW: 0.000e+00  Data: 0.008 (0.010)
Train: 3 [ 300/2502 ( 12%)]  Loss: 51.439205 (51.4582)  BaseLoss: 51.438259 (51.4573)  RefAttnKL: 0.000e+00 (0.000e+00)  RefLogitKL: 0.000e+00 (0.000e+00)  AnchorRefAttnKL: 0.000e+00 (0.000e+00)  TeacherAttnKL: 0.000e+00 (0.000e+00)  TeacherQKRel: 0.000e+00 (0.000e+00)  TeacherAttnOut: 0.000e+00 (0.000e+00)  TeacherFeatOut: 1.891e-01 (1.847e-01)  BinReg: 0.000e+00 (0.000e+00)  Time: 0.223s, 2292.90/s  (0.226s, 2268.49/s)  LR: 1.579e-04  RefW: 0.000e+00  AnchorRefW: 0.000e+00  Data: 0.006 (0.009)
Train: 3 [ 350/2502 ( 14%)]  Loss: 51.498516 (51.4633)  BaseLoss: 51.497646 (51.4624)  RefAttnKL: 0.000e+00 (0.000e+00)  RefLogitKL: 0.000e+00 (0.000e+00)  AnchorRefAttnKL: 0.000e+00 (0.000e+00)  TeacherAttnKL: 0.000e+00 (0.000e+00)  TeacherQKRel: 0.000e+00 (0.000e+00)  TeacherAttnOut: 0.000e+00 (0.000e+00)  TeacherFeatOut: 1.746e-01 (1.834e-01)  BinReg: 0.000e+00 (0.000e+00)  Time: 0.223s, 2294.12/s  (0.225s, 2271.24/s)  LR: 1.574e-04  RefW: 0.000e+00  AnchorRefW: 0.000e+00  Data: 0.007 (0.009)
Train: 3 [ 400/2502 ( 16%)]  Loss: 51.466694 (51.4637)  BaseLoss: 51.465790 (51.4627)  RefAttnKL: 0.000e+00 (0.000e+00)  RefLogitKL: 0.000e+00 (0.000e+00)  AnchorRefAttnKL: 0.000e+00 (0.000e+00)  TeacherAttnKL: 0.000e+00 (0.000e+00)  TeacherQKRel: 0.000e+00 (0.000e+00)  TeacherAttnOut: 0.000e+00 (0.000e+00)  TeacherFeatOut: 1.801e-01 (1.831e-01)  BinReg: 0.000e+00 (0.000e+00)  Time: 0.224s, 2286.69/s  (0.225s, 2274.49/s)  LR: 1.569e-04  RefW: 0.000e+00  AnchorRefW: 0.000e+00  Data: 0.006 (0.008)
Train: 3 [ 450/2502 ( 18%)]  Loss: 51.469070 (51.4642)  BaseLoss: 51.468136 (51.4633)  RefAttnKL: 0.000e+00 (0.000e+00)  RefLogitKL: 0.000e+00 (0.000e+00)  AnchorRefAttnKL: 0.000e+00 (0.000e+00)  TeacherAttnKL: 0.000e+00 (0.000e+00)  TeacherQKRel: 0.000e+00 (0.000e+00)  TeacherAttnOut: 0.000e+00 (0.000e+00)  TeacherFeatOut: 1.864e-01 (1.834e-01)  BinReg: 0.000e+00 (0.000e+00)  Time: 0.223s, 2291.53/s  (0.225s, 2276.96/s)  LR: 1.564e-04  RefW: 0.000e+00  AnchorRefW: 0.000e+00  Data: 0.007 (0.008)
Train: 3 [ 500/2502 ( 20%)]  Loss: 51.473228 (51.4650)  BaseLoss: 51.472355 (51.4641)  RefAttnKL: 0.000e+00 (0.000e+00)  RefLogitKL: 0.000e+00 (0.000e+00)  AnchorRefAttnKL: 0.000e+00 (0.000e+00)  TeacherAttnKL: 0.000e+00 (0.000e+00)  TeacherQKRel: 0.000e+00 (0.000e+00)  TeacherAttnOut: 0.000e+00 (0.000e+00)  TeacherFeatOut: 1.747e-01 (1.826e-01)  BinReg: 0.000e+00 (0.000e+00)  Time: 0.224s, 2289.68/s  (0.225s, 2278.55/s)  LR: 1.559e-04  RefW: 0.000e+00  AnchorRefW: 0.000e+00  Data: 0.007 (0.008)
Train: 3 [ 550/2502 ( 22%)]  Loss: 51.482502 (51.4665)  BaseLoss: 51.481583 (51.4656)  RefAttnKL: 0.000e+00 (0.000e+00)  RefLogitKL: 0.000e+00 (0.000e+00)  AnchorRefAttnKL: 0.000e+00 (0.000e+00)  TeacherAttnKL: 0.000e+00 (0.000e+00)  TeacherQKRel: 0.000e+00 (0.000e+00)  TeacherAttnOut: 0.000e+00 (0.000e+00)  TeacherFeatOut: 1.831e-01 (1.826e-01)  BinReg: 0.000e+00 (0.000e+00)  Time: 0.224s, 2290.29/s  (0.225s, 2279.94/s)  LR: 1.554e-04  RefW: 0.000e+00  AnchorRefW: 0.000e+00  Data: 0.007 (0.008)
Train: 3 [ 600/2502 ( 24%)]  Loss: 51.397297 (51.4612)  BaseLoss: 51.396400 (51.4602)  RefAttnKL: 0.000e+00 (0.000e+00)  RefLogitKL: 0.000e+00 (0.000e+00)  AnchorRefAttnKL: 0.000e+00 (0.000e+00)  TeacherAttnKL: 0.000e+00 (0.000e+00)  TeacherQKRel: 0.000e+00 (0.000e+00)  TeacherAttnOut: 0.000e+00 (0.000e+00)  TeacherFeatOut: 1.779e-01 (1.823e-01)  BinReg: 0.000e+00 (0.000e+00)  Time: 0.224s, 2290.11/s  (0.224s, 2281.39/s)  LR: 1.549e-04  RefW: 0.000e+00  AnchorRefW: 0.000e+00  Data: 0.006 (0.008)
Train: 3 [ 650/2502 ( 26%)]  Loss: 51.450493 (51.4604)  BaseLoss: 51.449631 (51.4595)  RefAttnKL: 0.000e+00 (0.000e+00)  RefLogitKL: 0.000e+00 (0.000e+00)  AnchorRefAttnKL: 0.000e+00 (0.000e+00)  TeacherAttnKL: 0.000e+00 (0.000e+00)  TeacherQKRel: 0.000e+00 (0.000e+00)  TeacherAttnOut: 0.000e+00 (0.000e+00)  TeacherFeatOut: 1.736e-01 (1.817e-01)  BinReg: 0.000e+00 (0.000e+00)  Time: 0.224s, 2286.67/s  (0.224s, 2281.84/s)  LR: 1.544e-04  RefW: 0.000e+00  AnchorRefW: 0.000e+00  Data: 0.007 (0.008)
Train: 3 [ 700/2502 ( 28%)]  Loss: 51.408062 (51.4569)  BaseLoss: 51.407124 (51.4560)  RefAttnKL: 0.000e+00 (0.000e+00)  RefLogitKL: 0.000e+00 (0.000e+00)  AnchorRefAttnKL: 0.000e+00 (0.000e+00)  TeacherAttnKL: 0.000e+00 (0.000e+00)  TeacherQKRel: 0.000e+00 (0.000e+00)  TeacherAttnOut: 0.000e+00 (0.000e+00)  TeacherFeatOut: 1.882e-01 (1.821e-01)  BinReg: 0.000e+00 (0.000e+00)  Time: 0.223s, 2291.08/s  (0.224s, 2282.77/s)  LR: 1.539e-04  RefW: 0.000e+00  AnchorRefW: 0.000e+00  Data: 0.007 (0.008)
Train: 3 [ 750/2502 ( 30%)]  Loss: 51.381973 (51.4522)  BaseLoss: 51.381096 (51.4513)  RefAttnKL: 0.000e+00 (0.000e+00)  RefLogitKL: 0.000e+00 (0.000e+00)  AnchorRefAttnKL: 0.000e+00 (0.000e+00)  TeacherAttnKL: 0.000e+00 (0.000e+00)  TeacherQKRel: 0.000e+00 (0.000e+00)  TeacherAttnOut: 0.000e+00 (0.000e+00)  TeacherFeatOut: 1.762e-01 (1.817e-01)  BinReg: 0.000e+00 (0.000e+00)  Time: 0.230s, 2230.60/s  (0.224s, 2283.45/s)  LR: 1.534e-04  RefW: 0.000e+00  AnchorRefW: 0.000e+00  Data: 0.007 (0.008)
Train: 3 [ 800/2502 ( 32%)]  Loss: 51.453487 (51.4523)  BaseLoss: 51.452583 (51.4514)  RefAttnKL: 0.000e+00 (0.000e+00)  RefLogitKL: 0.000e+00 (0.000e+00)  AnchorRefAttnKL: 0.000e+00 (0.000e+00)  TeacherAttnKL: 0.000e+00 (0.000e+00)  TeacherQKRel: 0.000e+00 (0.000e+00)  TeacherAttnOut: 0.000e+00 (0.000e+00)  TeacherFeatOut: 1.803e-01 (1.817e-01)  BinReg: 0.000e+00 (0.000e+00)  Time: 0.224s, 2290.82/s  (0.224s, 2284.31/s)  LR: 1.528e-04  RefW: 0.000e+00  AnchorRefW: 0.000e+00  Data: 0.006 (0.007)
Train: 3 [ 850/2502 ( 34%)]  Loss: 51.411770 (51.4500)  BaseLoss: 51.410873 (51.4491)  RefAttnKL: 0.000e+00 (0.000e+00)  RefLogitKL: 0.000e+00 (0.000e+00)  AnchorRefAttnKL: 0.000e+00 (0.000e+00)  TeacherAttnKL: 0.000e+00 (0.000e+00)  TeacherQKRel: 0.000e+00 (0.000e+00)  TeacherAttnOut: 0.000e+00 (0.000e+00)  TeacherFeatOut: 1.791e-01 (1.815e-01)  BinReg: 0.000e+00 (0.000e+00)  Time: 0.246s, 2082.60/s  (0.224s, 2284.74/s)  LR: 1.523e-04  RefW: 0.000e+00  AnchorRefW: 0.000e+00  Data: 0.007 (0.007)
Train: 3 [ 900/2502 ( 36%)]  Loss: 51.416519 (51.4483)  BaseLoss: 51.415642 (51.4474)  RefAttnKL: 0.000e+00 (0.000e+00)  RefLogitKL: 0.000e+00 (0.000e+00)  AnchorRefAttnKL: 0.000e+00 (0.000e+00)  TeacherAttnKL: 0.000e+00 (0.000e+00)  TeacherQKRel: 0.000e+00 (0.000e+00)  TeacherAttnOut: 0.000e+00 (0.000e+00)  TeacherFeatOut: 1.754e-01 (1.812e-01)  BinReg: 0.000e+00 (0.000e+00)  Time: 0.224s, 2284.60/s  (0.224s, 2285.21/s)  LR: 1.518e-04  RefW: 0.000e+00  AnchorRefW: 0.000e+00  Data: 0.006 (0.007)
Train: 3 [ 950/2502 ( 38%)]  Loss: 51.445263 (51.4481)  BaseLoss: 51.444393 (51.4472)  RefAttnKL: 0.000e+00 (0.000e+00)  RefLogitKL: 0.000e+00 (0.000e+00)  AnchorRefAttnKL: 0.000e+00 (0.000e+00)  TeacherAttnKL: 0.000e+00 (0.000e+00)  TeacherQKRel: 0.000e+00 (0.000e+00)  TeacherAttnOut: 0.000e+00 (0.000e+00)  TeacherFeatOut: 1.749e-01 (1.809e-01)  BinReg: 0.000e+00 (0.000e+00)  Time: 0.224s, 2289.59/s  (0.224s, 2285.84/s)  LR: 1.513e-04  RefW: 0.000e+00  AnchorRefW: 0.000e+00  Data: 0.006 (0.007)
Train: 3 [1000/2502 ( 40%)]  Loss: 51.446262 (51.4480)  BaseLoss: 51.445412 (51.4471)  RefAttnKL: 0.000e+00 (0.000e+00)  RefLogitKL: 0.000e+00 (0.000e+00)  AnchorRefAttnKL: 0.000e+00 (0.000e+00)  TeacherAttnKL: 0.000e+00 (0.000e+00)  TeacherQKRel: 0.000e+00 (0.000e+00)  TeacherAttnOut: 0.000e+00 (0.000e+00)  TeacherFeatOut: 1.717e-01 (1.804e-01)  BinReg: 0.000e+00 (0.000e+00)  Time: 0.224s, 2289.55/s  (0.224s, 2286.00/s)  LR: 1.508e-04  RefW: 0.000e+00  AnchorRefW: 0.000e+00  Data: 0.006 (0.007)
Train: 3 [1050/2502 ( 42%)]  Loss: 51.428535 (51.4472)  BaseLoss: 51.427662 (51.4463)  RefAttnKL: 0.000e+00 (0.000e+00)  RefLogitKL: 0.000e+00 (0.000e+00)  AnchorRefAttnKL: 0.000e+00 (0.000e+00)  TeacherAttnKL: 0.000e+00 (0.000e+00)  TeacherQKRel: 0.000e+00 (0.000e+00)  TeacherAttnOut: 0.000e+00 (0.000e+00)  TeacherFeatOut: 1.737e-01 (1.801e-01)  BinReg: 0.000e+00 (0.000e+00)  Time: 0.224s, 2290.23/s  (0.224s, 2286.52/s)  LR: 1.502e-04  RefW: 0.000e+00  AnchorRefW: 0.000e+00  Data: 0.007 (0.007)
Train: 3 [1100/2502 ( 44%)]  Loss: 51.391304 (51.4447)  BaseLoss: 51.390453 (51.4438)  RefAttnKL: 0.000e+00 (0.000e+00)  RefLogitKL: 0.000e+00 (0.000e+00)  AnchorRefAttnKL: 0.000e+00 (0.000e+00)  TeacherAttnKL: 0.000e+00 (0.000e+00)  TeacherQKRel: 0.000e+00 (0.000e+00)  TeacherAttnOut: 0.000e+00 (0.000e+00)  TeacherFeatOut: 1.696e-01 (1.797e-01)  BinReg: 0.000e+00 (0.000e+00)  Time: 0.224s, 2290.34/s  (0.224s, 2286.90/s)  LR: 1.497e-04  RefW: 0.000e+00  AnchorRefW: 0.000e+00  Data: 0.006 (0.007)
Train: 3 [1150/2502 ( 46%)]  Loss: 51.457226 (51.4452)  BaseLoss: 51.456306 (51.4443)  RefAttnKL: 0.000e+00 (0.000e+00)  RefLogitKL: 0.000e+00 (0.000e+00)  AnchorRefAttnKL: 0.000e+00 (0.000e+00)  TeacherAttnKL: 0.000e+00 (0.000e+00)  TeacherQKRel: 0.000e+00 (0.000e+00)  TeacherAttnOut: 0.000e+00 (0.000e+00)  TeacherFeatOut: 1.827e-01 (1.798e-01)  BinReg: 0.000e+00 (0.000e+00)  Time: 0.223s, 2291.59/s  (0.224s, 2287.33/s)  LR: 1.492e-04  RefW: 0.000e+00  AnchorRefW: 0.000e+00  Data: 0.009 (0.007)
Train: 3 [1200/2502 ( 48%)]  Loss: 51.404442 (51.4436)  BaseLoss: 51.403572 (51.4427)  RefAttnKL: 0.000e+00 (0.000e+00)  RefLogitKL: 0.000e+00 (0.000e+00)  AnchorRefAttnKL: 0.000e+00 (0.000e+00)  TeacherAttnKL: 0.000e+00 (0.000e+00)  TeacherQKRel: 0.000e+00 (0.000e+00)  TeacherAttnOut: 0.000e+00 (0.000e+00)  TeacherFeatOut: 1.749e-01 (1.796e-01)  BinReg: 0.000e+00 (0.000e+00)  Time: 0.224s, 2289.22/s  (0.224s, 2287.11/s)  LR: 1.487e-04  RefW: 0.000e+00  AnchorRefW: 0.000e+00  Data: 0.006 (0.007)
Train: 3 [1250/2502 ( 50%)]  Loss: 51.455498 (51.4441)  BaseLoss: 51.454651 (51.4432)  RefAttnKL: 0.000e+00 (0.000e+00)  RefLogitKL: 0.000e+00 (0.000e+00)  AnchorRefAttnKL: 0.000e+00 (0.000e+00)  TeacherAttnKL: 0.000e+00 (0.000e+00)  TeacherQKRel: 0.000e+00 (0.000e+00)  TeacherAttnOut: 0.000e+00 (0.000e+00)  TeacherFeatOut: 1.691e-01 (1.792e-01)  BinReg: 0.000e+00 (0.000e+00)  Time: 0.223s, 2291.07/s  (0.224s, 2287.50/s)  LR: 1.481e-04  RefW: 0.000e+00  AnchorRefW: 0.000e+00  Data: 0.007 (0.007)
Train: 3 [1300/2502 ( 52%)]  Loss: 51.447575 (51.4442)  BaseLoss: 51.446705 (51.4433)  RefAttnKL: 0.000e+00 (0.000e+00)  RefLogitKL: 0.000e+00 (0.000e+00)  AnchorRefAttnKL: 0.000e+00 (0.000e+00)  TeacherAttnKL: 0.000e+00 (0.000e+00)  TeacherQKRel: 0.000e+00 (0.000e+00)  TeacherAttnOut: 0.000e+00 (0.000e+00)  TeacherFeatOut: 1.736e-01 (1.790e-01)  BinReg: 0.000e+00 (0.000e+00)  Time: 0.224s, 2288.36/s  (0.224s, 2287.79/s)  LR: 1.476e-04  RefW: 0.000e+00  AnchorRefW: 0.000e+00  Data: 0.006 (0.007)
Train: 3 [1350/2502 ( 54%)]  Loss: 51.440475 (51.4441)  BaseLoss: 51.439606 (51.4432)  RefAttnKL: 0.000e+00 (0.000e+00)  RefLogitKL: 0.000e+00 (0.000e+00)  AnchorRefAttnKL: 0.000e+00 (0.000e+00)  TeacherAttnKL: 0.000e+00 (0.000e+00)  TeacherQKRel: 0.000e+00 (0.000e+00)  TeacherAttnOut: 0.000e+00 (0.000e+00)  TeacherFeatOut: 1.723e-01 (1.787e-01)  BinReg: 0.000e+00 (0.000e+00)  Time: 0.224s, 2285.63/s  (0.224s, 2288.12/s)  LR: 1.471e-04  RefW: 0.000e+00  AnchorRefW: 0.000e+00  Data: 0.007 (0.007)
Train: 3 [1400/2502 ( 56%)]  Loss: 51.456779 (51.4445)  BaseLoss: 51.455894 (51.4436)  RefAttnKL: 0.000e+00 (0.000e+00)  RefLogitKL: 0.000e+00 (0.000e+00)  AnchorRefAttnKL: 0.000e+00 (0.000e+00)  TeacherAttnKL: 0.000e+00 (0.000e+00)  TeacherQKRel: 0.000e+00 (0.000e+00)  TeacherAttnOut: 0.000e+00 (0.000e+00)  TeacherFeatOut: 1.768e-01 (1.787e-01)  BinReg: 0.000e+00 (0.000e+00)  Time: 0.223s, 2291.35/s  (0.224s, 2288.32/s)  LR: 1.465e-04  RefW: 0.000e+00  AnchorRefW: 0.000e+00  Data: 0.006 (0.007)
Train: 3 [1450/2502 ( 58%)]  Loss: 51.477104 (51.4456)  BaseLoss: 51.476238 (51.4447)  RefAttnKL: 0.000e+00 (0.000e+00)  RefLogitKL: 0.000e+00 (0.000e+00)  AnchorRefAttnKL: 0.000e+00 (0.000e+00)  TeacherAttnKL: 0.000e+00 (0.000e+00)  TeacherQKRel: 0.000e+00 (0.000e+00)  TeacherAttnOut: 0.000e+00 (0.000e+00)  TeacherFeatOut: 1.732e-01 (1.785e-01)  BinReg: 0.000e+00 (0.000e+00)  Time: 0.225s, 2272.89/s  (0.224s, 2288.58/s)  LR: 1.460e-04  RefW: 0.000e+00  AnchorRefW: 0.000e+00  Data: 0.007 (0.007)
Train: 3 [1500/2502 ( 60%)]  Loss: 51.463989 (51.4462)  BaseLoss: 51.463131 (51.4453)  RefAttnKL: 0.000e+00 (0.000e+00)  RefLogitKL: 0.000e+00 (0.000e+00)  AnchorRefAttnKL: 0.000e+00 (0.000e+00)  TeacherAttnKL: 0.000e+00 (0.000e+00)  TeacherQKRel: 0.000e+00 (0.000e+00)  TeacherAttnOut: 0.000e+00 (0.000e+00)  TeacherFeatOut: 1.726e-01 (1.783e-01)  BinReg: 0.000e+00 (0.000e+00)  Time: 0.224s, 2287.38/s  (0.224s, 2288.83/s)  LR: 1.455e-04  RefW: 0.000e+00  AnchorRefW: 0.000e+00  Data: 0.006 (0.007)
Train: 3 [1550/2502 ( 62%)]  Loss: 51.454071 (51.4464)  BaseLoss: 51.453232 (51.4455)  RefAttnKL: 0.000e+00 (0.000e+00)  RefLogitKL: 0.000e+00 (0.000e+00)  AnchorRefAttnKL: 0.000e+00 (0.000e+00)  TeacherAttnKL: 0.000e+00 (0.000e+00)  TeacherQKRel: 0.000e+00 (0.000e+00)  TeacherAttnOut: 0.000e+00 (0.000e+00)  TeacherFeatOut: 1.677e-01 (1.780e-01)  BinReg: 0.000e+00 (0.000e+00)  Time: 0.224s, 2290.81/s  (0.224s, 2289.09/s)  LR: 1.449e-04  RefW: 0.000e+00  AnchorRefW: 0.000e+00  Data: 0.006 (0.007)
Train: 3 [1600/2502 ( 64%)]  Loss: 51.433266 (51.4460)  BaseLoss: 51.432396 (51.4451)  RefAttnKL: 0.000e+00 (0.000e+00)  RefLogitKL: 0.000e+00 (0.000e+00)  AnchorRefAttnKL: 0.000e+00 (0.000e+00)  TeacherAttnKL: 0.000e+00 (0.000e+00)  TeacherQKRel: 0.000e+00 (0.000e+00)  TeacherAttnOut: 0.000e+00 (0.000e+00)  TeacherFeatOut: 1.743e-01 (1.779e-01)  BinReg: 0.000e+00 (0.000e+00)  Time: 0.223s, 2293.52/s  (0.224s, 2289.34/s)  LR: 1.444e-04  RefW: 0.000e+00  AnchorRefW: 0.000e+00  Data: 0.006 (0.007)
Train: 3 [1650/2502 ( 66%)]  Loss: 51.469761 (51.4467)  BaseLoss: 51.468948 (51.4458)  RefAttnKL: 0.000e+00 (0.000e+00)  RefLogitKL: 0.000e+00 (0.000e+00)  AnchorRefAttnKL: 0.000e+00 (0.000e+00)  TeacherAttnKL: 0.000e+00 (0.000e+00)  TeacherQKRel: 0.000e+00 (0.000e+00)  TeacherAttnOut: 0.000e+00 (0.000e+00)  TeacherFeatOut: 1.623e-01 (1.774e-01)  BinReg: 0.000e+00 (0.000e+00)  Time: 0.224s, 2286.78/s  (0.224s, 2286.35/s)  LR: 1.438e-04  RefW: 0.000e+00  AnchorRefW: 0.000e+00  Data: 0.007 (0.007)
Train: 3 [1700/2502 ( 68%)]  Loss: 51.461716 (51.4472)  BaseLoss: 51.460880 (51.4463)  RefAttnKL: 0.000e+00 (0.000e+00)  RefLogitKL: 0.000e+00 (0.000e+00)  AnchorRefAttnKL: 0.000e+00 (0.000e+00)  TeacherAttnKL: 0.000e+00 (0.000e+00)  TeacherQKRel: 0.000e+00 (0.000e+00)  TeacherAttnOut: 0.000e+00 (0.000e+00)  TeacherFeatOut: 1.685e-01 (1.771e-01)  BinReg: 0.000e+00 (0.000e+00)  Time: 0.224s, 2289.76/s  (0.224s, 2286.67/s)  LR: 1.433e-04  RefW: 0.000e+00  AnchorRefW: 0.000e+00  Data: 0.007 (0.007)
Train: 3 [1750/2502 ( 70%)]  Loss: 51.431870 (51.4467)  BaseLoss: 51.431038 (51.4458)  RefAttnKL: 0.000e+00 (0.000e+00)  RefLogitKL: 0.000e+00 (0.000e+00)  AnchorRefAttnKL: 0.000e+00 (0.000e+00)  TeacherAttnKL: 0.000e+00 (0.000e+00)  TeacherQKRel: 0.000e+00 (0.000e+00)  TeacherAttnOut: 0.000e+00 (0.000e+00)  TeacherFeatOut: 1.662e-01 (1.768e-01)  BinReg: 0.000e+00 (0.000e+00)  Time: 0.224s, 2289.19/s  (0.224s, 2286.79/s)  LR: 1.427e-04  RefW: 0.000e+00  AnchorRefW: 0.000e+00  Data: 0.006 (0.007)
Train: 3 [1800/2502 ( 72%)]  Loss: 51.441280 (51.4466)  BaseLoss: 51.440460 (51.4457)  RefAttnKL: 0.000e+00 (0.000e+00)  RefLogitKL: 0.000e+00 (0.000e+00)  AnchorRefAttnKL: 0.000e+00 (0.000e+00)  TeacherAttnKL: 0.000e+00 (0.000e+00)  TeacherQKRel: 0.000e+00 (0.000e+00)  TeacherAttnOut: 0.000e+00 (0.000e+00)  TeacherFeatOut: 1.641e-01 (1.765e-01)  BinReg: 0.000e+00 (0.000e+00)  Time: 0.223s, 2292.17/s  (0.224s, 2287.08/s)  LR: 1.422e-04  RefW: 0.000e+00  AnchorRefW: 0.000e+00  Data: 0.006 (0.007)
Train: 3 [1850/2502 ( 74%)]  Loss: 51.430199 (51.4462)  BaseLoss: 51.429375 (51.4453)  RefAttnKL: 0.000e+00 (0.000e+00)  RefLogitKL: 0.000e+00 (0.000e+00)  AnchorRefAttnKL: 0.000e+00 (0.000e+00)  TeacherAttnKL: 0.000e+00 (0.000e+00)  TeacherQKRel: 0.000e+00 (0.000e+00)  TeacherAttnOut: 0.000e+00 (0.000e+00)  TeacherFeatOut: 1.643e-01 (1.762e-01)  BinReg: 0.000e+00 (0.000e+00)  Time: 0.224s, 2287.42/s  (0.224s, 2287.33/s)  LR: 1.416e-04  RefW: 0.000e+00  AnchorRefW: 0.000e+00  Data: 0.007 (0.007)
Train: 3 [1900/2502 ( 76%)]  Loss: 51.461067 (51.4465)  BaseLoss: 51.460228 (51.4457)  RefAttnKL: 0.000e+00 (0.000e+00)  RefLogitKL: 0.000e+00 (0.000e+00)  AnchorRefAttnKL: 0.000e+00 (0.000e+00)  TeacherAttnKL: 0.000e+00 (0.000e+00)  TeacherQKRel: 0.000e+00 (0.000e+00)  TeacherAttnOut: 0.000e+00 (0.000e+00)  TeacherFeatOut: 1.675e-01 (1.760e-01)  BinReg: 0.000e+00 (0.000e+00)  Time: 0.224s, 2287.34/s  (0.224s, 2287.58/s)  LR: 1.411e-04  RefW: 0.000e+00  AnchorRefW: 0.000e+00  Data: 0.007 (0.007)
Train: 3 [1950/2502 ( 78%)]  Loss: 51.493843 (51.4477)  BaseLoss: 51.493019 (51.4468)  RefAttnKL: 0.000e+00 (0.000e+00)  RefLogitKL: 0.000e+00 (0.000e+00)  AnchorRefAttnKL: 0.000e+00 (0.000e+00)  TeacherAttnKL: 0.000e+00 (0.000e+00)  TeacherQKRel: 0.000e+00 (0.000e+00)  TeacherAttnOut: 0.000e+00 (0.000e+00)  TeacherFeatOut: 1.650e-01 (1.757e-01)  BinReg: 0.000e+00 (0.000e+00)  Time: 0.223s, 2291.07/s  (0.224s, 2287.73/s)  LR: 1.405e-04  RefW: 0.000e+00  AnchorRefW: 0.000e+00  Data: 0.006 (0.007)
Train: 3 [2000/2502 ( 80%)]  Loss: 51.449471 (51.4478)  BaseLoss: 51.448624 (51.4469)  RefAttnKL: 0.000e+00 (0.000e+00)  RefLogitKL: 0.000e+00 (0.000e+00)  AnchorRefAttnKL: 0.000e+00 (0.000e+00)  TeacherAttnKL: 0.000e+00 (0.000e+00)  TeacherQKRel: 0.000e+00 (0.000e+00)  TeacherAttnOut: 0.000e+00 (0.000e+00)  TeacherFeatOut: 1.695e-01 (1.755e-01)  BinReg: 0.000e+00 (0.000e+00)  Time: 0.224s, 2286.30/s  (0.224s, 2287.96/s)  LR: 1.400e-04  RefW: 0.000e+00  AnchorRefW: 0.000e+00  Data: 0.006 (0.007)
Train: 3 [2050/2502 ( 82%)]  Loss: 51.398502 (51.4466)  BaseLoss: 51.397667 (51.4457)  RefAttnKL: 0.000e+00 (0.000e+00)  RefLogitKL: 0.000e+00 (0.000e+00)  AnchorRefAttnKL: 0.000e+00 (0.000e+00)  TeacherAttnKL: 0.000e+00 (0.000e+00)  TeacherQKRel: 0.000e+00 (0.000e+00)  TeacherAttnOut: 0.000e+00 (0.000e+00)  TeacherFeatOut: 1.668e-01 (1.753e-01)  BinReg: 0.000e+00 (0.000e+00)  Time: 0.224s, 2284.33/s  (0.224s, 2288.17/s)  LR: 1.394e-04  RefW: 0.000e+00  AnchorRefW: 0.000e+00  Data: 0.009 (0.007)
Train: 3 [2100/2502 ( 84%)]  Loss: 51.406235 (51.4457)  BaseLoss: 51.405453 (51.4448)  RefAttnKL: 0.000e+00 (0.000e+00)  RefLogitKL: 0.000e+00 (0.000e+00)  AnchorRefAttnKL: 0.000e+00 (0.000e+00)  TeacherAttnKL: 0.000e+00 (0.000e+00)  TeacherQKRel: 0.000e+00 (0.000e+00)  TeacherAttnOut: 0.000e+00 (0.000e+00)  TeacherFeatOut: 1.583e-01 (1.749e-01)  BinReg: 0.000e+00 (0.000e+00)  Time: 0.224s, 2289.71/s  (0.224s, 2288.35/s)  LR: 1.389e-04  RefW: 0.000e+00  AnchorRefW: 0.000e+00  Data: 0.006 (0.007)
Train: 3 [2150/2502 ( 86%)]  Loss: 51.420948 (51.4451)  BaseLoss: 51.420135 (51.4442)  RefAttnKL: 0.000e+00 (0.000e+00)  RefLogitKL: 0.000e+00 (0.000e+00)  AnchorRefAttnKL: 0.000e+00 (0.000e+00)  TeacherAttnKL: 0.000e+00 (0.000e+00)  TeacherQKRel: 0.000e+00 (0.000e+00)  TeacherAttnOut: 0.000e+00 (0.000e+00)  TeacherFeatOut: 1.621e-01 (1.746e-01)  BinReg: 0.000e+00 (0.000e+00)  Time: 0.223s, 2293.07/s  (0.224s, 2288.55/s)  LR: 1.383e-04  RefW: 0.000e+00  AnchorRefW: 0.000e+00  Data: 0.006 (0.007)
Train: 3 [2200/2502 ( 88%)]  Loss: 51.437805 (51.4449)  BaseLoss: 51.436951 (51.4441)  RefAttnKL: 0.000e+00 (0.000e+00)  RefLogitKL: 0.000e+00 (0.000e+00)  AnchorRefAttnKL: 0.000e+00 (0.000e+00)  TeacherAttnKL: 0.000e+00 (0.000e+00)  TeacherQKRel: 0.000e+00 (0.000e+00)  TeacherAttnOut: 0.000e+00 (0.000e+00)  TeacherFeatOut: 1.695e-01 (1.745e-01)  BinReg: 0.000e+00 (0.000e+00)  Time: 0.224s, 2285.19/s  (0.224s, 2288.62/s)  LR: 1.377e-04  RefW: 0.000e+00  AnchorRefW: 0.000e+00  Data: 0.005 (0.007)
Train: 3 [2250/2502 ( 90%)]  Loss: 51.450718 (51.4451)  BaseLoss: 51.449917 (51.4442)  RefAttnKL: 0.000e+00 (0.000e+00)  RefLogitKL: 0.000e+00 (0.000e+00)  AnchorRefAttnKL: 0.000e+00 (0.000e+00)  TeacherAttnKL: 0.000e+00 (0.000e+00)  TeacherQKRel: 0.000e+00 (0.000e+00)  TeacherAttnOut: 0.000e+00 (0.000e+00)  TeacherFeatOut: 1.611e-01 (1.742e-01)  BinReg: 0.000e+00 (0.000e+00)  Time: 0.224s, 2282.52/s  (0.224s, 2288.80/s)  LR: 1.372e-04  RefW: 0.000e+00  AnchorRefW: 0.000e+00  Data: 0.007 (0.007)
Train: 3 [2300/2502 ( 92%)]  Loss: 51.464310 (51.4455)  BaseLoss: 51.463478 (51.4446)  RefAttnKL: 0.000e+00 (0.000e+00)  RefLogitKL: 0.000e+00 (0.000e+00)  AnchorRefAttnKL: 0.000e+00 (0.000e+00)  TeacherAttnKL: 0.000e+00 (0.000e+00)  TeacherQKRel: 0.000e+00 (0.000e+00)  TeacherAttnOut: 0.000e+00 (0.000e+00)  TeacherFeatOut: 1.647e-01 (1.740e-01)  BinReg: 0.000e+00 (0.000e+00)  Time: 0.223s, 2294.56/s  (0.224s, 2288.78/s)  LR: 1.366e-04  RefW: 0.000e+00  AnchorRefW: 0.000e+00  Data: 0.007 (0.007)
Train: 3 [2350/2502 ( 94%)]  Loss: 51.466454 (51.4459)  BaseLoss: 51.465672 (51.4450)  RefAttnKL: 0.000e+00 (0.000e+00)  RefLogitKL: 0.000e+00 (0.000e+00)  AnchorRefAttnKL: 0.000e+00 (0.000e+00)  TeacherAttnKL: 0.000e+00 (0.000e+00)  TeacherQKRel: 0.000e+00 (0.000e+00)  TeacherAttnOut: 0.000e+00 (0.000e+00)  TeacherFeatOut: 1.551e-01 (1.736e-01)  BinReg: 0.000e+00 (0.000e+00)  Time: 0.223s, 2291.09/s  (0.224s, 2288.95/s)  LR: 1.361e-04  RefW: 0.000e+00  AnchorRefW: 0.000e+00  Data: 0.006 (0.007)
Train: 3 [2400/2502 ( 96%)]  Loss: 51.430714 (51.4456)  BaseLoss: 51.429893 (51.4447)  RefAttnKL: 0.000e+00 (0.000e+00)  RefLogitKL: 0.000e+00 (0.000e+00)  AnchorRefAttnKL: 0.000e+00 (0.000e+00)  TeacherAttnKL: 0.000e+00 (0.000e+00)  TeacherQKRel: 0.000e+00 (0.000e+00)  TeacherAttnOut: 0.000e+00 (0.000e+00)  TeacherFeatOut: 1.630e-01 (1.734e-01)  BinReg: 0.000e+00 (0.000e+00)  Time: 0.224s, 2288.55/s  (0.224s, 2289.06/s)  LR: 1.355e-04  RefW: 0.000e+00  AnchorRefW: 0.000e+00  Data: 0.005 (0.007)
Train: 3 [2450/2502 ( 98%)]  Loss: 51.461277 (51.4459)  BaseLoss: 51.460453 (51.4450)  RefAttnKL: 0.000e+00 (0.000e+00)  RefLogitKL: 0.000e+00 (0.000e+00)  AnchorRefAttnKL: 0.000e+00 (0.000e+00)  TeacherAttnKL: 0.000e+00 (0.000e+00)  TeacherQKRel: 0.000e+00 (0.000e+00)  TeacherAttnOut: 0.000e+00 (0.000e+00)  TeacherFeatOut: 1.652e-01 (1.733e-01)  BinReg: 0.000e+00 (0.000e+00)  Time: 0.224s, 2290.45/s  (0.224s, 2289.21/s)  LR: 1.349e-04  RefW: 0.000e+00  AnchorRefW: 0.000e+00  Data: 0.007 (0.007)
TrainSummary: epoch=3 updates=2496 avg_step_time=0.223642s samples_per_step=512 samples_per_sec=2289.38
epoch:  3 g['lr']:  0.00013442467212677002
model eval
TestLocal: [   0/97]  Time: 1.077 (1.077)  Loss:  0.7614  Acc@1: 82.8125  Acc@5: 95.3125  Samples: 64
TestLocal: [  50/97]  Time: 0.091 (0.110)  Loss:  0.8818  Acc@1: 79.9632  Acc@5: 94.9142  Samples: 3264
TestLocal: [  97/97]  Time: 0.044 (0.100)  Loss:  0.8784  Acc@1: 79.9190  Acc@5: 94.9109  Samples: 6170
TestLocal: [ 100/97]  Time: 0.043 (0.098)  Loss:  0.8786  Acc@1: 79.9356  Acc@5: 94.8953  Samples: 6210
Test: [distributed-summary]  Time: 10.193s  Loss: 0.8996  Acc@1: 79.1020  Acc@5: 94.8200  Samples: 50000
Trainable parameter policy: epoch=4, quant_only=False, policy=all, trainable=28608256, frozen=0
Teacher feature-output hooks: layers=('features.5.5', 'features.7.1'), student_matches=('features.5.5', 'features.7.1'), teacher_matches=('features.5.5', 'features.7.1')
Trainable parameter update policy: epoch=4, update=0, mode=requires_grad, policy=all, trainable=28608256, frozen=0
Teacher feature-output debug: student_count=2, teacher_count=2, 0:s=(64, 14, 14, 384) t=(64, 14, 14, 384) mse=6.154e+00; 1:s=(64, 7, 7, 768) t=(64, 7, 7, 768) mse=1.683e+00
Train: 4 [   0/2502 (  0%)]  Loss: 51.431664 (51.4317)  BaseLoss: 51.430882 (51.4309)  RefAttnKL: 0.000e+00 (0.000e+00)  RefLogitKL: 0.000e+00 (0.000e+00)  AnchorRefAttnKL: 0.000e+00 (0.000e+00)  TeacherAttnKL: 0.000e+00 (0.000e+00)  TeacherQKRel: 0.000e+00 (0.000e+00)  TeacherAttnOut: 0.000e+00 (0.000e+00)  TeacherFeatOut: 1.572e-01 (1.572e-01)  BinReg: 0.000e+00 (0.000e+00)  Time: 0.964s,  531.06/s  (0.964s,  531.06/s)  LR: 1.343e-04  RefW: 0.000e+00  AnchorRefW: 0.000e+00  Data: 0.753 (0.753)
Train: 4 [  50/2502 (  2%)]  Loss: 51.417038 (51.4244)  BaseLoss: 51.416237 (51.4236)  RefAttnKL: 0.000e+00 (0.000e+00)  RefLogitKL: 0.000e+00 (0.000e+00)  AnchorRefAttnKL: 0.000e+00 (0.000e+00)  TeacherAttnKL: 0.000e+00 (0.000e+00)  TeacherQKRel: 0.000e+00 (0.000e+00)  TeacherAttnOut: 0.000e+00 (0.000e+00)  TeacherFeatOut: 1.588e-01 (1.580e-01)  BinReg: 0.000e+00 (0.000e+00)  Time: 0.224s, 2282.64/s  (0.238s, 2154.34/s)  LR: 1.338e-04  RefW: 0.000e+00  AnchorRefW: 0.000e+00  Data: 0.006 (0.021)
Train: 4 [ 100/2502 (  4%)]  Loss: 51.437759 (51.4288)  BaseLoss: 51.436958 (51.4280)  RefAttnKL: 0.000e+00 (0.000e+00)  RefLogitKL: 0.000e+00 (0.000e+00)  AnchorRefAttnKL: 0.000e+00 (0.000e+00)  TeacherAttnKL: 0.000e+00 (0.000e+00)  TeacherQKRel: 0.000e+00 (0.000e+00)  TeacherAttnOut: 0.000e+00 (0.000e+00)  TeacherFeatOut: 1.603e-01 (1.588e-01)  BinReg: 0.000e+00 (0.000e+00)  Time: 0.223s, 2292.29/s  (0.231s, 2219.34/s)  LR: 1.332e-04  RefW: 0.000e+00  AnchorRefW: 0.000e+00  Data: 0.007 (0.014)
Train: 4 [ 150/2502 (  6%)]  Loss: 51.434727 (51.4303)  BaseLoss: 51.433945 (51.4295)  RefAttnKL: 0.000e+00 (0.000e+00)  RefLogitKL: 0.000e+00 (0.000e+00)  AnchorRefAttnKL: 0.000e+00 (0.000e+00)  TeacherAttnKL: 0.000e+00 (0.000e+00)  TeacherQKRel: 0.000e+00 (0.000e+00)  TeacherAttnOut: 0.000e+00 (0.000e+00)  TeacherFeatOut: 1.569e-01 (1.583e-01)  BinReg: 0.000e+00 (0.000e+00)  Time: 0.223s, 2294.78/s  (0.228s, 2244.11/s)  LR: 1.326e-04  RefW: 0.000e+00  AnchorRefW: 0.000e+00  Data: 0.006 (0.011)
Train: 4 [ 200/2502 (  8%)]  Loss: 51.446400 (51.4335)  BaseLoss: 51.445602 (51.4327)  RefAttnKL: 0.000e+00 (0.000e+00)  RefLogitKL: 0.000e+00 (0.000e+00)  AnchorRefAttnKL: 0.000e+00 (0.000e+00)  TeacherAttnKL: 0.000e+00 (0.000e+00)  TeacherQKRel: 0.000e+00 (0.000e+00)  TeacherAttnOut: 0.000e+00 (0.000e+00)  TeacherFeatOut: 1.590e-01 (1.584e-01)  BinReg: 0.000e+00 (0.000e+00)  Time: 0.223s, 2293.34/s  (0.227s, 2256.85/s)  LR: 1.321e-04  RefW: 0.000e+00  AnchorRefW: 0.000e+00  Data: 0.006 (0.010)
Train: 4 [ 250/2502 ( 10%)]  Loss: 51.465305 (51.4388)  BaseLoss: 51.464485 (51.4380)  RefAttnKL: 0.000e+00 (0.000e+00)  RefLogitKL: 0.000e+00 (0.000e+00)  AnchorRefAttnKL: 0.000e+00 (0.000e+00)  TeacherAttnKL: 0.000e+00 (0.000e+00)  TeacherQKRel: 0.000e+00 (0.000e+00)  TeacherAttnOut: 0.000e+00 (0.000e+00)  TeacherFeatOut: 1.639e-01 (1.593e-01)  BinReg: 0.000e+00 (0.000e+00)  Time: 0.223s, 2293.00/s  (0.226s, 2264.54/s)  LR: 1.315e-04  RefW: 0.000e+00  AnchorRefW: 0.000e+00  Data: 0.007 (0.009)
Train: 4 [ 300/2502 ( 12%)]  Loss: 51.440865 (51.4391)  BaseLoss: 51.440044 (51.4383)  RefAttnKL: 0.000e+00 (0.000e+00)  RefLogitKL: 0.000e+00 (0.000e+00)  AnchorRefAttnKL: 0.000e+00 (0.000e+00)  TeacherAttnKL: 0.000e+00 (0.000e+00)  TeacherQKRel: 0.000e+00 (0.000e+00)  TeacherAttnOut: 0.000e+00 (0.000e+00)  TeacherFeatOut: 1.639e-01 (1.600e-01)  BinReg: 0.000e+00 (0.000e+00)  Time: 0.223s, 2291.70/s  (0.226s, 2269.73/s)  LR: 1.309e-04  RefW: 0.000e+00  AnchorRefW: 0.000e+00  Data: 0.007 (0.009)
Train: 4 [ 350/2502 ( 14%)]  Loss: 51.460846 (51.4418)  BaseLoss: 51.460068 (51.4410)  RefAttnKL: 0.000e+00 (0.000e+00)  RefLogitKL: 0.000e+00 (0.000e+00)  AnchorRefAttnKL: 0.000e+00 (0.000e+00)  TeacherAttnKL: 0.000e+00 (0.000e+00)  TeacherQKRel: 0.000e+00 (0.000e+00)  TeacherAttnOut: 0.000e+00 (0.000e+00)  TeacherFeatOut: 1.547e-01 (1.593e-01)  BinReg: 0.000e+00 (0.000e+00)  Time: 0.223s, 2296.67/s  (0.225s, 2272.42/s)  LR: 1.303e-04  RefW: 0.000e+00  AnchorRefW: 0.000e+00  Data: 0.006 (0.008)
Train: 4 [ 400/2502 ( 16%)]  Loss: 51.475754 (51.4456)  BaseLoss: 51.474979 (51.4448)  RefAttnKL: 0.000e+00 (0.000e+00)  RefLogitKL: 0.000e+00 (0.000e+00)  AnchorRefAttnKL: 0.000e+00 (0.000e+00)  TeacherAttnKL: 0.000e+00 (0.000e+00)  TeacherQKRel: 0.000e+00 (0.000e+00)  TeacherAttnOut: 0.000e+00 (0.000e+00)  TeacherFeatOut: 1.547e-01 (1.588e-01)  BinReg: 0.000e+00 (0.000e+00)  Time: 0.223s, 2293.89/s  (0.225s, 2275.32/s)  LR: 1.298e-04  RefW: 0.000e+00  AnchorRefW: 0.000e+00  Data: 0.006 (0.008)
Train: 4 [ 450/2502 ( 18%)]  Loss: 51.450180 (51.4461)  BaseLoss: 51.449364 (51.4453)  RefAttnKL: 0.000e+00 (0.000e+00)  RefLogitKL: 0.000e+00 (0.000e+00)  AnchorRefAttnKL: 0.000e+00 (0.000e+00)  TeacherAttnKL: 0.000e+00 (0.000e+00)  TeacherQKRel: 0.000e+00 (0.000e+00)  TeacherAttnOut: 0.000e+00 (0.000e+00)  TeacherFeatOut: 1.627e-01 (1.592e-01)  BinReg: 0.000e+00 (0.000e+00)  Time: 0.224s, 2288.79/s  (0.225s, 2277.50/s)  LR: 1.292e-04  RefW: 0.000e+00  AnchorRefW: 0.000e+00  Data: 0.006 (0.008)
Train: 4 [ 500/2502 ( 20%)]  Loss: 51.477928 (51.4490)  BaseLoss: 51.477158 (51.4482)  RefAttnKL: 0.000e+00 (0.000e+00)  RefLogitKL: 0.000e+00 (0.000e+00)  AnchorRefAttnKL: 0.000e+00 (0.000e+00)  TeacherAttnKL: 0.000e+00 (0.000e+00)  TeacherQKRel: 0.000e+00 (0.000e+00)  TeacherAttnOut: 0.000e+00 (0.000e+00)  TeacherFeatOut: 1.530e-01 (1.586e-01)  BinReg: 0.000e+00 (0.000e+00)  Time: 0.224s, 2289.27/s  (0.225s, 2279.31/s)  LR: 1.286e-04  RefW: 0.000e+00  AnchorRefW: 0.000e+00  Data: 0.006 (0.008)
Train: 4 [ 550/2502 ( 22%)]  Loss: 51.499329 (51.4531)  BaseLoss: 51.498543 (51.4524)  RefAttnKL: 0.000e+00 (0.000e+00)  RefLogitKL: 0.000e+00 (0.000e+00)  AnchorRefAttnKL: 0.000e+00 (0.000e+00)  TeacherAttnKL: 0.000e+00 (0.000e+00)  TeacherQKRel: 0.000e+00 (0.000e+00)  TeacherAttnOut: 0.000e+00 (0.000e+00)  TeacherFeatOut: 1.576e-01 (1.586e-01)  BinReg: 0.000e+00 (0.000e+00)  Time: 0.224s, 2289.19/s  (0.224s, 2280.76/s)  LR: 1.280e-04  RefW: 0.000e+00  AnchorRefW: 0.000e+00  Data: 0.007 (0.008)
Train: 4 [ 600/2502 ( 24%)]  Loss: 51.401131 (51.4491)  BaseLoss: 51.400364 (51.4484)  RefAttnKL: 0.000e+00 (0.000e+00)  RefLogitKL: 0.000e+00 (0.000e+00)  AnchorRefAttnKL: 0.000e+00 (0.000e+00)  TeacherAttnKL: 0.000e+00 (0.000e+00)  TeacherQKRel: 0.000e+00 (0.000e+00)  TeacherAttnOut: 0.000e+00 (0.000e+00)  TeacherFeatOut: 1.540e-01 (1.582e-01)  BinReg: 0.000e+00 (0.000e+00)  Time: 0.223s, 2293.45/s  (0.224s, 2281.98/s)  LR: 1.275e-04  RefW: 0.000e+00  AnchorRefW: 0.000e+00  Data: 0.007 (0.008)
Train: 4 [ 650/2502 ( 26%)]  Loss: 51.436806 (51.4483)  BaseLoss: 51.436035 (51.4475)  RefAttnKL: 0.000e+00 (0.000e+00)  RefLogitKL: 0.000e+00 (0.000e+00)  AnchorRefAttnKL: 0.000e+00 (0.000e+00)  TeacherAttnKL: 0.000e+00 (0.000e+00)  TeacherQKRel: 0.000e+00 (0.000e+00)  TeacherAttnOut: 0.000e+00 (0.000e+00)  TeacherFeatOut: 1.540e-01 (1.579e-01)  BinReg: 0.000e+00 (0.000e+00)  Time: 0.224s, 2290.20/s  (0.224s, 2282.64/s)  LR: 1.269e-04  RefW: 0.000e+00  AnchorRefW: 0.000e+00  Data: 0.006 (0.008)
Train: 4 [ 700/2502 ( 28%)]  Loss: 51.402824 (51.4452)  BaseLoss: 51.402039 (51.4444)  RefAttnKL: 0.000e+00 (0.000e+00)  RefLogitKL: 0.000e+00 (0.000e+00)  AnchorRefAttnKL: 0.000e+00 (0.000e+00)  TeacherAttnKL: 0.000e+00 (0.000e+00)  TeacherQKRel: 0.000e+00 (0.000e+00)  TeacherAttnOut: 0.000e+00 (0.000e+00)  TeacherFeatOut: 1.582e-01 (1.579e-01)  BinReg: 0.000e+00 (0.000e+00)  Time: 0.224s, 2287.48/s  (0.224s, 2283.61/s)  LR: 1.263e-04  RefW: 0.000e+00  AnchorRefW: 0.000e+00  Data: 0.006 (0.007)
Train: 4 [ 750/2502 ( 30%)]  Loss: 51.381969 (51.4413)  BaseLoss: 51.381233 (51.4405)  RefAttnKL: 0.000e+00 (0.000e+00)  RefLogitKL: 0.000e+00 (0.000e+00)  AnchorRefAttnKL: 0.000e+00 (0.000e+00)  TeacherAttnKL: 0.000e+00 (0.000e+00)  TeacherQKRel: 0.000e+00 (0.000e+00)  TeacherAttnOut: 0.000e+00 (0.000e+00)  TeacherFeatOut: 1.488e-01 (1.574e-01)  BinReg: 0.000e+00 (0.000e+00)  Time: 0.225s, 2277.64/s  (0.224s, 2284.38/s)  LR: 1.257e-04  RefW: 0.000e+00  AnchorRefW: 0.000e+00  Data: 0.007 (0.007)
Train: 4 [ 800/2502 ( 32%)]  Loss: 51.424606 (51.4403)  BaseLoss: 51.423809 (51.4395)  RefAttnKL: 0.000e+00 (0.000e+00)  RefLogitKL: 0.000e+00 (0.000e+00)  AnchorRefAttnKL: 0.000e+00 (0.000e+00)  TeacherAttnKL: 0.000e+00 (0.000e+00)  TeacherQKRel: 0.000e+00 (0.000e+00)  TeacherAttnOut: 0.000e+00 (0.000e+00)  TeacherFeatOut: 1.586e-01 (1.574e-01)  BinReg: 0.000e+00 (0.000e+00)  Time: 0.223s, 2290.88/s  (0.224s, 2285.09/s)  LR: 1.251e-04  RefW: 0.000e+00  AnchorRefW: 0.000e+00  Data: 0.006 (0.007)
Train: 4 [ 850/2502 ( 34%)]  Loss: 51.407352 (51.4385)  BaseLoss: 51.406612 (51.4377)  RefAttnKL: 0.000e+00 (0.000e+00)  RefLogitKL: 0.000e+00 (0.000e+00)  AnchorRefAttnKL: 0.000e+00 (0.000e+00)  TeacherAttnKL: 0.000e+00 (0.000e+00)  TeacherQKRel: 0.000e+00 (0.000e+00)  TeacherAttnOut: 0.000e+00 (0.000e+00)  TeacherFeatOut: 1.480e-01 (1.569e-01)  BinReg: 0.000e+00 (0.000e+00)  Time: 0.224s, 2286.11/s  (0.224s, 2285.34/s)  LR: 1.246e-04  RefW: 0.000e+00  AnchorRefW: 0.000e+00  Data: 0.008 (0.007)
Train: 4 [ 900/2502 ( 36%)]  Loss: 51.435753 (51.4383)  BaseLoss: 51.435001 (51.4375)  RefAttnKL: 0.000e+00 (0.000e+00)  RefLogitKL: 0.000e+00 (0.000e+00)  AnchorRefAttnKL: 0.000e+00 (0.000e+00)  TeacherAttnKL: 0.000e+00 (0.000e+00)  TeacherQKRel: 0.000e+00 (0.000e+00)  TeacherAttnOut: 0.000e+00 (0.000e+00)  TeacherFeatOut: 1.506e-01 (1.566e-01)  BinReg: 0.000e+00 (0.000e+00)  Time: 0.224s, 2287.39/s  (0.224s, 2285.90/s)  LR: 1.240e-04  RefW: 0.000e+00  AnchorRefW: 0.000e+00  Data: 0.006 (0.007)
Train: 4 [ 950/2502 ( 38%)]  Loss: 51.434345 (51.4381)  BaseLoss: 51.433571 (51.4373)  RefAttnKL: 0.000e+00 (0.000e+00)  RefLogitKL: 0.000e+00 (0.000e+00)  AnchorRefAttnKL: 0.000e+00 (0.000e+00)  TeacherAttnKL: 0.000e+00 (0.000e+00)  TeacherQKRel: 0.000e+00 (0.000e+00)  TeacherAttnOut: 0.000e+00 (0.000e+00)  TeacherFeatOut: 1.542e-01 (1.565e-01)  BinReg: 0.000e+00 (0.000e+00)  Time: 0.224s, 2288.34/s  (0.224s, 2286.24/s)  LR: 1.234e-04  RefW: 0.000e+00  AnchorRefW: 0.000e+00  Data: 0.006 (0.007)
Train: 4 [1000/2502 ( 40%)]  Loss: 51.447384 (51.4386)  BaseLoss: 51.446629 (51.4378)  RefAttnKL: 0.000e+00 (0.000e+00)  RefLogitKL: 0.000e+00 (0.000e+00)  AnchorRefAttnKL: 0.000e+00 (0.000e+00)  TeacherAttnKL: 0.000e+00 (0.000e+00)  TeacherQKRel: 0.000e+00 (0.000e+00)  TeacherAttnOut: 0.000e+00 (0.000e+00)  TeacherFeatOut: 1.510e-01 (1.562e-01)  BinReg: 0.000e+00 (0.000e+00)  Time: 0.224s, 2289.72/s  (0.224s, 2286.66/s)  LR: 1.228e-04  RefW: 0.000e+00  AnchorRefW: 0.000e+00  Data: 0.006 (0.007)
Train: 4 [1050/2502 ( 42%)]  Loss: 51.432713 (51.4383)  BaseLoss: 51.431942 (51.4375)  RefAttnKL: 0.000e+00 (0.000e+00)  RefLogitKL: 0.000e+00 (0.000e+00)  AnchorRefAttnKL: 0.000e+00 (0.000e+00)  TeacherAttnKL: 0.000e+00 (0.000e+00)  TeacherQKRel: 0.000e+00 (0.000e+00)  TeacherAttnOut: 0.000e+00 (0.000e+00)  TeacherFeatOut: 1.538e-01 (1.561e-01)  BinReg: 0.000e+00 (0.000e+00)  Time: 0.224s, 2290.48/s  (0.224s, 2287.07/s)  LR: 1.222e-04  RefW: 0.000e+00  AnchorRefW: 0.000e+00  Data: 0.006 (0.007)
Train: 4 [1100/2502 ( 44%)]  Loss: 51.398174 (51.4366)  BaseLoss: 51.397434 (51.4358)  RefAttnKL: 0.000e+00 (0.000e+00)  RefLogitKL: 0.000e+00 (0.000e+00)  AnchorRefAttnKL: 0.000e+00 (0.000e+00)  TeacherAttnKL: 0.000e+00 (0.000e+00)  TeacherQKRel: 0.000e+00 (0.000e+00)  TeacherAttnOut: 0.000e+00 (0.000e+00)  TeacherFeatOut: 1.470e-01 (1.557e-01)  BinReg: 0.000e+00 (0.000e+00)  Time: 0.224s, 2290.31/s  (0.224s, 2287.26/s)  LR: 1.216e-04  RefW: 0.000e+00  AnchorRefW: 0.000e+00  Data: 0.006 (0.007)
Train: 4 [1150/2502 ( 46%)]  Loss: 51.445278 (51.4369)  BaseLoss: 51.444515 (51.4361)  RefAttnKL: 0.000e+00 (0.000e+00)  RefLogitKL: 0.000e+00 (0.000e+00)  AnchorRefAttnKL: 0.000e+00 (0.000e+00)  TeacherAttnKL: 0.000e+00 (0.000e+00)  TeacherQKRel: 0.000e+00 (0.000e+00)  TeacherAttnOut: 0.000e+00 (0.000e+00)  TeacherFeatOut: 1.523e-01 (1.555e-01)  BinReg: 0.000e+00 (0.000e+00)  Time: 0.224s, 2288.97/s  (0.224s, 2287.63/s)  LR: 1.210e-04  RefW: 0.000e+00  AnchorRefW: 0.000e+00  Data: 0.007 (0.007)
Train: 4 [1200/2502 ( 48%)]  Loss: 51.401562 (51.4355)  BaseLoss: 51.400795 (51.4347)  RefAttnKL: 0.000e+00 (0.000e+00)  RefLogitKL: 0.000e+00 (0.000e+00)  AnchorRefAttnKL: 0.000e+00 (0.000e+00)  TeacherAttnKL: 0.000e+00 (0.000e+00)  TeacherQKRel: 0.000e+00 (0.000e+00)  TeacherAttnOut: 0.000e+00 (0.000e+00)  TeacherFeatOut: 1.523e-01 (1.554e-01)  BinReg: 0.000e+00 (0.000e+00)  Time: 0.223s, 2296.17/s  (0.224s, 2287.77/s)  LR: 1.205e-04  RefW: 0.000e+00  AnchorRefW: 0.000e+00  Data: 0.006 (0.007)
Train: 4 [1250/2502 ( 50%)]  Loss: 51.458519 (51.4364)  BaseLoss: 51.457787 (51.4356)  RefAttnKL: 0.000e+00 (0.000e+00)  RefLogitKL: 0.000e+00 (0.000e+00)  AnchorRefAttnKL: 0.000e+00 (0.000e+00)  TeacherAttnKL: 0.000e+00 (0.000e+00)  TeacherQKRel: 0.000e+00 (0.000e+00)  TeacherAttnOut: 0.000e+00 (0.000e+00)  TeacherFeatOut: 1.467e-01 (1.551e-01)  BinReg: 0.000e+00 (0.000e+00)  Time: 0.224s, 2288.31/s  (0.224s, 2288.10/s)  LR: 1.199e-04  RefW: 0.000e+00  AnchorRefW: 0.000e+00  Data: 0.006 (0.007)
Train: 4 [1300/2502 ( 52%)]  Loss: 51.445442 (51.4367)  BaseLoss: 51.444672 (51.4360)  RefAttnKL: 0.000e+00 (0.000e+00)  RefLogitKL: 0.000e+00 (0.000e+00)  AnchorRefAttnKL: 0.000e+00 (0.000e+00)  TeacherAttnKL: 0.000e+00 (0.000e+00)  TeacherQKRel: 0.000e+00 (0.000e+00)  TeacherAttnOut: 0.000e+00 (0.000e+00)  TeacherFeatOut: 1.548e-01 (1.551e-01)  BinReg: 0.000e+00 (0.000e+00)  Time: 0.223s, 2290.88/s  (0.224s, 2288.37/s)  LR: 1.193e-04  RefW: 0.000e+00  AnchorRefW: 0.000e+00  Data: 0.006 (0.007)
Train: 4 [1350/2502 ( 54%)]  Loss: 51.437592 (51.4368)  BaseLoss: 51.436802 (51.4360)  RefAttnKL: 0.000e+00 (0.000e+00)  RefLogitKL: 0.000e+00 (0.000e+00)  AnchorRefAttnKL: 0.000e+00 (0.000e+00)  TeacherAttnKL: 0.000e+00 (0.000e+00)  TeacherQKRel: 0.000e+00 (0.000e+00)  TeacherAttnOut: 0.000e+00 (0.000e+00)  TeacherFeatOut: 1.562e-01 (1.551e-01)  BinReg: 0.000e+00 (0.000e+00)  Time: 0.224s, 2287.34/s  (0.224s, 2288.64/s)  LR: 1.187e-04  RefW: 0.000e+00  AnchorRefW: 0.000e+00  Data: 0.006 (0.007)
Train: 4 [1400/2502 ( 56%)]  Loss: 51.438141 (51.4368)  BaseLoss: 51.437370 (51.4360)  RefAttnKL: 0.000e+00 (0.000e+00)  RefLogitKL: 0.000e+00 (0.000e+00)  AnchorRefAttnKL: 0.000e+00 (0.000e+00)  TeacherAttnKL: 0.000e+00 (0.000e+00)  TeacherQKRel: 0.000e+00 (0.000e+00)  TeacherAttnOut: 0.000e+00 (0.000e+00)  TeacherFeatOut: 1.537e-01 (1.551e-01)  BinReg: 0.000e+00 (0.000e+00)  Time: 0.224s, 2288.82/s  (0.224s, 2288.86/s)  LR: 1.181e-04  RefW: 0.000e+00  AnchorRefW: 0.000e+00  Data: 0.006 (0.007)
Train: 4 [1450/2502 ( 58%)]  Loss: 51.479183 (51.4382)  BaseLoss: 51.478458 (51.4374)  RefAttnKL: 0.000e+00 (0.000e+00)  RefLogitKL: 0.000e+00 (0.000e+00)  AnchorRefAttnKL: 0.000e+00 (0.000e+00)  TeacherAttnKL: 0.000e+00 (0.000e+00)  TeacherQKRel: 0.000e+00 (0.000e+00)  TeacherAttnOut: 0.000e+00 (0.000e+00)  TeacherFeatOut: 1.455e-01 (1.547e-01)  BinReg: 0.000e+00 (0.000e+00)  Time: 0.224s, 2288.34/s  (0.224s, 2289.11/s)  LR: 1.175e-04  RefW: 0.000e+00  AnchorRefW: 0.000e+00  Data: 0.006 (0.007)
Train: 4 [1500/2502 ( 60%)]  Loss: 51.469414 (51.4392)  BaseLoss: 51.468685 (51.4385)  RefAttnKL: 0.000e+00 (0.000e+00)  RefLogitKL: 0.000e+00 (0.000e+00)  AnchorRefAttnKL: 0.000e+00 (0.000e+00)  TeacherAttnKL: 0.000e+00 (0.000e+00)  TeacherQKRel: 0.000e+00 (0.000e+00)  TeacherAttnOut: 0.000e+00 (0.000e+00)  TeacherFeatOut: 1.459e-01 (1.545e-01)  BinReg: 0.000e+00 (0.000e+00)  Time: 0.223s, 2292.71/s  (0.224s, 2289.35/s)  LR: 1.169e-04  RefW: 0.000e+00  AnchorRefW: 0.000e+00  Data: 0.006 (0.007)
Train: 4 [1550/2502 ( 62%)]  Loss: 51.423622 (51.4387)  BaseLoss: 51.422897 (51.4380)  RefAttnKL: 0.000e+00 (0.000e+00)  RefLogitKL: 0.000e+00 (0.000e+00)  AnchorRefAttnKL: 0.000e+00 (0.000e+00)  TeacherAttnKL: 0.000e+00 (0.000e+00)  TeacherQKRel: 0.000e+00 (0.000e+00)  TeacherAttnOut: 0.000e+00 (0.000e+00)  TeacherFeatOut: 1.462e-01 (1.542e-01)  BinReg: 0.000e+00 (0.000e+00)  Time: 0.224s, 2288.09/s  (0.224s, 2289.55/s)  LR: 1.163e-04  RefW: 0.000e+00  AnchorRefW: 0.000e+00  Data: 0.007 (0.007)
Train: 4 [1600/2502 ( 64%)]  Loss: 51.427086 (51.4384)  BaseLoss: 51.426311 (51.4376)  RefAttnKL: 0.000e+00 (0.000e+00)  RefLogitKL: 0.000e+00 (0.000e+00)  AnchorRefAttnKL: 0.000e+00 (0.000e+00)  TeacherAttnKL: 0.000e+00 (0.000e+00)  TeacherQKRel: 0.000e+00 (0.000e+00)  TeacherAttnOut: 0.000e+00 (0.000e+00)  TeacherFeatOut: 1.557e-01 (1.542e-01)  BinReg: 0.000e+00 (0.000e+00)  Time: 0.223s, 2292.13/s  (0.224s, 2289.75/s)  LR: 1.157e-04  RefW: 0.000e+00  AnchorRefW: 0.000e+00  Data: 0.007 (0.007)
Train: 4 [1650/2502 ( 66%)]  Loss: 51.456730 (51.4389)  BaseLoss: 51.455990 (51.4382)  RefAttnKL: 0.000e+00 (0.000e+00)  RefLogitKL: 0.000e+00 (0.000e+00)  AnchorRefAttnKL: 0.000e+00 (0.000e+00)  TeacherAttnKL: 0.000e+00 (0.000e+00)  TeacherQKRel: 0.000e+00 (0.000e+00)  TeacherAttnOut: 0.000e+00 (0.000e+00)  TeacherFeatOut: 1.480e-01 (1.541e-01)  BinReg: 0.000e+00 (0.000e+00)  Time: 0.223s, 2293.72/s  (0.224s, 2289.87/s)  LR: 1.151e-04  RefW: 0.000e+00  AnchorRefW: 0.000e+00  Data: 0.006 (0.007)
Train: 4 [1700/2502 ( 68%)]  Loss: 51.433075 (51.4388)  BaseLoss: 51.432354 (51.4380)  RefAttnKL: 0.000e+00 (0.000e+00)  RefLogitKL: 0.000e+00 (0.000e+00)  AnchorRefAttnKL: 0.000e+00 (0.000e+00)  TeacherAttnKL: 0.000e+00 (0.000e+00)  TeacherQKRel: 0.000e+00 (0.000e+00)  TeacherAttnOut: 0.000e+00 (0.000e+00)  TeacherFeatOut: 1.447e-01 (1.538e-01)  BinReg: 0.000e+00 (0.000e+00)  Time: 0.224s, 2287.55/s  (0.224s, 2290.03/s)  LR: 1.145e-04  RefW: 0.000e+00  AnchorRefW: 0.000e+00  Data: 0.006 (0.007)
Train: 4 [1750/2502 ( 70%)]  Loss: 51.433720 (51.4386)  BaseLoss: 51.432957 (51.4378)  RefAttnKL: 0.000e+00 (0.000e+00)  RefLogitKL: 0.000e+00 (0.000e+00)  AnchorRefAttnKL: 0.000e+00 (0.000e+00)  TeacherAttnKL: 0.000e+00 (0.000e+00)  TeacherQKRel: 0.000e+00 (0.000e+00)  TeacherAttnOut: 0.000e+00 (0.000e+00)  TeacherFeatOut: 1.524e-01 (1.538e-01)  BinReg: 0.000e+00 (0.000e+00)  Time: 0.224s, 2287.53/s  (0.224s, 2290.16/s)  LR: 1.139e-04  RefW: 0.000e+00  AnchorRefW: 0.000e+00  Data: 0.006 (0.007)
Train: 4 [1800/2502 ( 72%)]  Loss: 51.437187 (51.4386)  BaseLoss: 51.436440 (51.4378)  RefAttnKL: 0.000e+00 (0.000e+00)  RefLogitKL: 0.000e+00 (0.000e+00)  AnchorRefAttnKL: 0.000e+00 (0.000e+00)  TeacherAttnKL: 0.000e+00 (0.000e+00)  TeacherQKRel: 0.000e+00 (0.000e+00)  TeacherAttnOut: 0.000e+00 (0.000e+00)  TeacherFeatOut: 1.493e-01 (1.536e-01)  BinReg: 0.000e+00 (0.000e+00)  Time: 0.224s, 2290.77/s  (0.224s, 2290.33/s)  LR: 1.134e-04  RefW: 0.000e+00  AnchorRefW: 0.000e+00  Data: 0.006 (0.007)
Train: 4 [1850/2502 ( 74%)]  Loss: 51.431267 (51.4384)  BaseLoss: 51.430527 (51.4376)  RefAttnKL: 0.000e+00 (0.000e+00)  RefLogitKL: 0.000e+00 (0.000e+00)  AnchorRefAttnKL: 0.000e+00 (0.000e+00)  TeacherAttnKL: 0.000e+00 (0.000e+00)  TeacherQKRel: 0.000e+00 (0.000e+00)  TeacherAttnOut: 0.000e+00 (0.000e+00)  TeacherFeatOut: 1.469e-01 (1.535e-01)  BinReg: 0.000e+00 (0.000e+00)  Time: 0.224s, 2288.76/s  (0.224s, 2290.48/s)  LR: 1.128e-04  RefW: 0.000e+00  AnchorRefW: 0.000e+00  Data: 0.006 (0.007)
Train: 4 [1900/2502 ( 76%)]  Loss: 51.436947 (51.4383)  BaseLoss: 51.436195 (51.4376)  RefAttnKL: 0.000e+00 (0.000e+00)  RefLogitKL: 0.000e+00 (0.000e+00)  AnchorRefAttnKL: 0.000e+00 (0.000e+00)  TeacherAttnKL: 0.000e+00 (0.000e+00)  TeacherQKRel: 0.000e+00 (0.000e+00)  TeacherAttnOut: 0.000e+00 (0.000e+00)  TeacherFeatOut: 1.495e-01 (1.534e-01)  BinReg: 0.000e+00 (0.000e+00)  Time: 0.224s, 2290.19/s  (0.224s, 2290.62/s)  LR: 1.122e-04  RefW: 0.000e+00  AnchorRefW: 0.000e+00  Data: 0.006 (0.007)
Train: 4 [1950/2502 ( 78%)]  Loss: 51.475605 (51.4393)  BaseLoss: 51.474854 (51.4385)  RefAttnKL: 0.000e+00 (0.000e+00)  RefLogitKL: 0.000e+00 (0.000e+00)  AnchorRefAttnKL: 0.000e+00 (0.000e+00)  TeacherAttnKL: 0.000e+00 (0.000e+00)  TeacherQKRel: 0.000e+00 (0.000e+00)  TeacherAttnOut: 0.000e+00 (0.000e+00)  TeacherFeatOut: 1.484e-01 (1.532e-01)  BinReg: 0.000e+00 (0.000e+00)  Time: 0.224s, 2289.98/s  (0.224s, 2290.69/s)  LR: 1.116e-04  RefW: 0.000e+00  AnchorRefW: 0.000e+00  Data: 0.006 (0.007)
Train: 4 [2000/2502 ( 80%)]  Loss: 51.459435 (51.4398)  BaseLoss: 51.458702 (51.4390)  RefAttnKL: 0.000e+00 (0.000e+00)  RefLogitKL: 0.000e+00 (0.000e+00)  AnchorRefAttnKL: 0.000e+00 (0.000e+00)  TeacherAttnKL: 0.000e+00 (0.000e+00)  TeacherQKRel: 0.000e+00 (0.000e+00)  TeacherAttnOut: 0.000e+00 (0.000e+00)  TeacherFeatOut: 1.471e-01 (1.531e-01)  BinReg: 0.000e+00 (0.000e+00)  Time: 0.223s, 2292.43/s  (0.223s, 2290.83/s)  LR: 1.110e-04  RefW: 0.000e+00  AnchorRefW: 0.000e+00  Data: 0.006 (0.007)
Train: 4 [2050/2502 ( 82%)]  Loss: 51.397675 (51.4388)  BaseLoss: 51.396931 (51.4380)  RefAttnKL: 0.000e+00 (0.000e+00)  RefLogitKL: 0.000e+00 (0.000e+00)  AnchorRefAttnKL: 0.000e+00 (0.000e+00)  TeacherAttnKL: 0.000e+00 (0.000e+00)  TeacherQKRel: 0.000e+00 (0.000e+00)  TeacherAttnOut: 0.000e+00 (0.000e+00)  TeacherFeatOut: 1.480e-01 (1.530e-01)  BinReg: 0.000e+00 (0.000e+00)  Time: 0.224s, 2283.65/s  (0.223s, 2290.94/s)  LR: 1.104e-04  RefW: 0.000e+00  AnchorRefW: 0.000e+00  Data: 0.007 (0.007)
Train: 4 [2100/2502 ( 84%)]  Loss: 51.420937 (51.4384)  BaseLoss: 51.420197 (51.4376)  RefAttnKL: 0.000e+00 (0.000e+00)  RefLogitKL: 0.000e+00 (0.000e+00)  AnchorRefAttnKL: 0.000e+00 (0.000e+00)  TeacherAttnKL: 0.000e+00 (0.000e+00)  TeacherQKRel: 0.000e+00 (0.000e+00)  TeacherAttnOut: 0.000e+00 (0.000e+00)  TeacherFeatOut: 1.476e-01 (1.528e-01)  BinReg: 0.000e+00 (0.000e+00)  Time: 0.224s, 2285.10/s  (0.223s, 2291.06/s)  LR: 1.098e-04  RefW: 0.000e+00  AnchorRefW: 0.000e+00  Data: 0.006 (0.007)
Train: 4 [2150/2502 ( 86%)]  Loss: 51.422363 (51.4380)  BaseLoss: 51.421658 (51.4372)  RefAttnKL: 0.000e+00 (0.000e+00)  RefLogitKL: 0.000e+00 (0.000e+00)  AnchorRefAttnKL: 0.000e+00 (0.000e+00)  TeacherAttnKL: 0.000e+00 (0.000e+00)  TeacherQKRel: 0.000e+00 (0.000e+00)  TeacherAttnOut: 0.000e+00 (0.000e+00)  TeacherFeatOut: 1.416e-01 (1.526e-01)  BinReg: 0.000e+00 (0.000e+00)  Time: 0.223s, 2290.89/s  (0.223s, 2291.16/s)  LR: 1.092e-04  RefW: 0.000e+00  AnchorRefW: 0.000e+00  Data: 0.006 (0.007)
Train: 4 [2200/2502 ( 88%)]  Loss: 51.417164 (51.4375)  BaseLoss: 51.416420 (51.4368)  RefAttnKL: 0.000e+00 (0.000e+00)  RefLogitKL: 0.000e+00 (0.000e+00)  AnchorRefAttnKL: 0.000e+00 (0.000e+00)  TeacherAttnKL: 0.000e+00 (0.000e+00)  TeacherQKRel: 0.000e+00 (0.000e+00)  TeacherAttnOut: 0.000e+00 (0.000e+00)  TeacherFeatOut: 1.487e-01 (1.525e-01)  BinReg: 0.000e+00 (0.000e+00)  Time: 0.224s, 2287.54/s  (0.223s, 2291.21/s)  LR: 1.086e-04  RefW: 0.000e+00  AnchorRefW: 0.000e+00  Data: 0.007 (0.007)
Train: 4 [2250/2502 ( 90%)]  Loss: 51.432419 (51.4374)  BaseLoss: 51.431675 (51.4367)  RefAttnKL: 0.000e+00 (0.000e+00)  RefLogitKL: 0.000e+00 (0.000e+00)  AnchorRefAttnKL: 0.000e+00 (0.000e+00)  TeacherAttnKL: 0.000e+00 (0.000e+00)  TeacherQKRel: 0.000e+00 (0.000e+00)  TeacherAttnOut: 0.000e+00 (0.000e+00)  TeacherFeatOut: 1.495e-01 (1.524e-01)  BinReg: 0.000e+00 (0.000e+00)  Time: 0.223s, 2292.14/s  (0.223s, 2291.31/s)  LR: 1.080e-04  RefW: 0.000e+00  AnchorRefW: 0.000e+00  Data: 0.006 (0.007)
Train: 4 [2300/2502 ( 92%)]  Loss: 51.457119 (51.4378)  BaseLoss: 51.456371 (51.4371)  RefAttnKL: 0.000e+00 (0.000e+00)  RefLogitKL: 0.000e+00 (0.000e+00)  AnchorRefAttnKL: 0.000e+00 (0.000e+00)  TeacherAttnKL: 0.000e+00 (0.000e+00)  TeacherQKRel: 0.000e+00 (0.000e+00)  TeacherAttnOut: 0.000e+00 (0.000e+00)  TeacherFeatOut: 1.494e-01 (1.524e-01)  BinReg: 0.000e+00 (0.000e+00)  Time: 0.223s, 2294.84/s  (0.223s, 2291.41/s)  LR: 1.074e-04  RefW: 0.000e+00  AnchorRefW: 0.000e+00  Data: 0.006 (0.007)
Train: 4 [2350/2502 ( 94%)]  Loss: 51.449104 (51.4381)  BaseLoss: 51.448414 (51.4373)  RefAttnKL: 0.000e+00 (0.000e+00)  RefLogitKL: 0.000e+00 (0.000e+00)  AnchorRefAttnKL: 0.000e+00 (0.000e+00)  TeacherAttnKL: 0.000e+00 (0.000e+00)  TeacherQKRel: 0.000e+00 (0.000e+00)  TeacherAttnOut: 0.000e+00 (0.000e+00)  TeacherFeatOut: 1.384e-01 (1.521e-01)  BinReg: 0.000e+00 (0.000e+00)  Time: 0.224s, 2288.35/s  (0.223s, 2291.48/s)  LR: 1.068e-04  RefW: 0.000e+00  AnchorRefW: 0.000e+00  Data: 0.007 (0.007)
Train: 4 [2400/2502 ( 96%)]  Loss: 51.428535 (51.4379)  BaseLoss: 51.427822 (51.4371)  RefAttnKL: 0.000e+00 (0.000e+00)  RefLogitKL: 0.000e+00 (0.000e+00)  AnchorRefAttnKL: 0.000e+00 (0.000e+00)  TeacherAttnKL: 0.000e+00 (0.000e+00)  TeacherQKRel: 0.000e+00 (0.000e+00)  TeacherAttnOut: 0.000e+00 (0.000e+00)  TeacherFeatOut: 1.429e-01 (1.519e-01)  BinReg: 0.000e+00 (0.000e+00)  Time: 0.224s, 2287.05/s  (0.223s, 2291.44/s)  LR: 1.062e-04  RefW: 0.000e+00  AnchorRefW: 0.000e+00  Data: 0.006 (0.007)
Train: 4 [2450/2502 ( 98%)]  Loss: 51.445332 (51.4380)  BaseLoss: 51.444641 (51.4373)  RefAttnKL: 0.000e+00 (0.000e+00)  RefLogitKL: 0.000e+00 (0.000e+00)  AnchorRefAttnKL: 0.000e+00 (0.000e+00)  TeacherAttnKL: 0.000e+00 (0.000e+00)  TeacherQKRel: 0.000e+00 (0.000e+00)  TeacherAttnOut: 0.000e+00 (0.000e+00)  TeacherFeatOut: 1.379e-01 (1.516e-01)  BinReg: 0.000e+00 (0.000e+00)  Time: 0.224s, 2286.61/s  (0.223s, 2291.53/s)  LR: 1.056e-04  RefW: 0.000e+00  AnchorRefW: 0.000e+00  Data: 0.006 (0.007)
TrainSummary: epoch=4 updates=2496 avg_step_time=0.223422s samples_per_step=512 samples_per_sec=2291.63
epoch:  4 g['lr']:  0.000105071569099091
model eval
TestLocal: [   0/97]  Time: 0.983 (0.983)  Loss:  0.8009  Acc@1: 82.8125  Acc@5: 95.3125  Samples: 64
TestLocal: [  50/97]  Time: 0.092 (0.109)  Loss:  0.8550  Acc@1: 80.6985  Acc@5: 94.9449  Samples: 3264
TestLocal: [  97/97]  Time: 0.048 (0.099)  Loss:  0.8564  Acc@1: 80.3079  Acc@5: 95.0081  Samples: 6170
TestLocal: [ 100/97]  Time: 0.048 (0.098)  Loss:  0.8562  Acc@1: 80.3221  Acc@5: 95.0081  Samples: 6210
Test: [distributed-summary]  Time: 10.180s  Loss: 0.8854  Acc@1: 79.3280  Acc@5: 94.9380  Samples: 50000
Trainable parameter policy: epoch=5, quant_only=False, policy=all, trainable=28608256, frozen=0
Teacher feature-output hooks: layers=('features.5.5', 'features.7.1'), student_matches=('features.5.5', 'features.7.1'), teacher_matches=('features.5.5', 'features.7.1')
Trainable parameter update policy: epoch=5, update=0, mode=requires_grad, policy=all, trainable=28608256, frozen=0
Teacher feature-output debug: student_count=2, teacher_count=2, 0:s=(64, 14, 14, 384) t=(64, 14, 14, 384) mse=5.866e+00; 1:s=(64, 7, 7, 768) t=(64, 7, 7, 768) mse=1.538e+00
Train: 5 [   0/2502 (  0%)]  Loss: 51.428604 (51.4286)  BaseLoss: 51.427849 (51.4278)  RefAttnKL: 0.000e+00 (0.000e+00)  RefLogitKL: 0.000e+00 (0.000e+00)  AnchorRefAttnKL: 0.000e+00 (0.000e+00)  TeacherAttnKL: 0.000e+00 (0.000e+00)  TeacherQKRel: 0.000e+00 (0.000e+00)  TeacherAttnOut: 0.000e+00 (0.000e+00)  TeacherFeatOut: 1.506e-01 (1.506e-01)  BinReg: 0.000e+00 (0.000e+00)  Time: 0.928s,  551.74/s  (0.928s,  551.74/s)  LR: 1.050e-04  RefW: 0.000e+00  AnchorRefW: 0.000e+00  Data: 0.697 (0.697)
Train: 5 [  50/2502 (  2%)]  Loss: 51.423203 (51.4259)  BaseLoss: 51.422482 (51.4252)  RefAttnKL: 0.000e+00 (0.000e+00)  RefLogitKL: 0.000e+00 (0.000e+00)  AnchorRefAttnKL: 0.000e+00 (0.000e+00)  TeacherAttnKL: 0.000e+00 (0.000e+00)  TeacherQKRel: 0.000e+00 (0.000e+00)  TeacherAttnOut: 0.000e+00 (0.000e+00)  TeacherFeatOut: 1.440e-01 (1.473e-01)  BinReg: 0.000e+00 (0.000e+00)  Time: 0.223s, 2291.26/s  (0.237s, 2160.87/s)  LR: 1.044e-04  RefW: 0.000e+00  AnchorRefW: 0.000e+00  Data: 0.006 (0.019)
Train: 5 [ 100/2502 (  4%)]  Loss: 51.419830 (51.4239)  BaseLoss: 51.419098 (51.4231)  RefAttnKL: 0.000e+00 (0.000e+00)  RefLogitKL: 0.000e+00 (0.000e+00)  AnchorRefAttnKL: 0.000e+00 (0.000e+00)  TeacherAttnKL: 0.000e+00 (0.000e+00)  TeacherQKRel: 0.000e+00 (0.000e+00)  TeacherAttnOut: 0.000e+00 (0.000e+00)  TeacherFeatOut: 1.452e-01 (1.466e-01)  BinReg: 0.000e+00 (0.000e+00)  Time: 0.224s, 2287.55/s  (0.230s, 2222.18/s)  LR: 1.038e-04  RefW: 0.000e+00  AnchorRefW: 0.000e+00  Data: 0.007 (0.013)
Train: 5 [ 150/2502 (  6%)]  Loss: 51.413166 (51.4212)  BaseLoss: 51.412445 (51.4205)  RefAttnKL: 0.000e+00 (0.000e+00)  RefLogitKL: 0.000e+00 (0.000e+00)  AnchorRefAttnKL: 0.000e+00 (0.000e+00)  TeacherAttnKL: 0.000e+00 (0.000e+00)  TeacherQKRel: 0.000e+00 (0.000e+00)  TeacherAttnOut: 0.000e+00 (0.000e+00)  TeacherFeatOut: 1.445e-01 (1.461e-01)  BinReg: 0.000e+00 (0.000e+00)  Time: 0.224s, 2287.57/s  (0.228s, 2246.20/s)  LR: 1.032e-04  RefW: 0.000e+00  AnchorRefW: 0.000e+00  Data: 0.006 (0.010)
Train: 5 [ 200/2502 (  8%)]  Loss: 51.407562 (51.4185)  BaseLoss: 51.406853 (51.4177)  RefAttnKL: 0.000e+00 (0.000e+00)  RefLogitKL: 0.000e+00 (0.000e+00)  AnchorRefAttnKL: 0.000e+00 (0.000e+00)  TeacherAttnKL: 0.000e+00 (0.000e+00)  TeacherQKRel: 0.000e+00 (0.000e+00)  TeacherAttnOut: 0.000e+00 (0.000e+00)  TeacherFeatOut: 1.417e-01 (1.452e-01)  BinReg: 0.000e+00 (0.000e+00)  Time: 0.224s, 2286.00/s  (0.227s, 2258.21/s)  LR: 1.026e-04  RefW: 0.000e+00  AnchorRefW: 0.000e+00  Data: 0.006 (0.009)
Train: 5 [ 250/2502 ( 10%)]  Loss: 51.448746 (51.4235)  BaseLoss: 51.448013 (51.4228)  RefAttnKL: 0.000e+00 (0.000e+00)  RefLogitKL: 0.000e+00 (0.000e+00)  AnchorRefAttnKL: 0.000e+00 (0.000e+00)  TeacherAttnKL: 0.000e+00 (0.000e+00)  TeacherQKRel: 0.000e+00 (0.000e+00)  TeacherAttnOut: 0.000e+00 (0.000e+00)  TeacherFeatOut: 1.472e-01 (1.455e-01)  BinReg: 0.000e+00 (0.000e+00)  Time: 0.223s, 2292.25/s  (0.226s, 2265.51/s)  LR: 1.020e-04  RefW: 0.000e+00  AnchorRefW: 0.000e+00  Data: 0.006 (0.009)
Train: 5 [ 300/2502 ( 12%)]  Loss: 51.403164 (51.4206)  BaseLoss: 51.402435 (51.4199)  RefAttnKL: 0.000e+00 (0.000e+00)  RefLogitKL: 0.000e+00 (0.000e+00)  AnchorRefAttnKL: 0.000e+00 (0.000e+00)  TeacherAttnKL: 0.000e+00 (0.000e+00)  TeacherQKRel: 0.000e+00 (0.000e+00)  TeacherAttnOut: 0.000e+00 (0.000e+00)  TeacherFeatOut: 1.456e-01 (1.455e-01)  BinReg: 0.000e+00 (0.000e+00)  Time: 0.224s, 2289.51/s  (0.225s, 2270.56/s)  LR: 1.014e-04  RefW: 0.000e+00  AnchorRefW: 0.000e+00  Data: 0.006 (0.008)
Train: 5 [ 350/2502 ( 14%)]  Loss: 51.460194 (51.4256)  BaseLoss: 51.459530 (51.4248)  RefAttnKL: 0.000e+00 (0.000e+00)  RefLogitKL: 0.000e+00 (0.000e+00)  AnchorRefAttnKL: 0.000e+00 (0.000e+00)  TeacherAttnKL: 0.000e+00 (0.000e+00)  TeacherQKRel: 0.000e+00 (0.000e+00)  TeacherAttnOut: 0.000e+00 (0.000e+00)  TeacherFeatOut: 1.330e-01 (1.440e-01)  BinReg: 0.000e+00 (0.000e+00)  Time: 0.223s, 2291.64/s  (0.225s, 2272.17/s)  LR: 1.008e-04  RefW: 0.000e+00  AnchorRefW: 0.000e+00  Data: 0.007 (0.008)
Train: 5 [ 400/2502 ( 16%)]  Loss: 51.449631 (51.4282)  BaseLoss: 51.448929 (51.4275)  RefAttnKL: 0.000e+00 (0.000e+00)  RefLogitKL: 0.000e+00 (0.000e+00)  AnchorRefAttnKL: 0.000e+00 (0.000e+00)  TeacherAttnKL: 0.000e+00 (0.000e+00)  TeacherQKRel: 0.000e+00 (0.000e+00)  TeacherAttnOut: 0.000e+00 (0.000e+00)  TeacherFeatOut: 1.404e-01 (1.436e-01)  BinReg: 0.000e+00 (0.000e+00)  Time: 0.224s, 2289.46/s  (0.225s, 2275.08/s)  LR: 1.002e-04  RefW: 0.000e+00  AnchorRefW: 0.000e+00  Data: 0.006 (0.008)
Train: 5 [ 450/2502 ( 18%)]  Loss: 51.453934 (51.4308)  BaseLoss: 51.453171 (51.4301)  RefAttnKL: 0.000e+00 (0.000e+00)  RefLogitKL: 0.000e+00 (0.000e+00)  AnchorRefAttnKL: 0.000e+00 (0.000e+00)  TeacherAttnKL: 0.000e+00 (0.000e+00)  TeacherQKRel: 0.000e+00 (0.000e+00)  TeacherAttnOut: 0.000e+00 (0.000e+00)  TeacherFeatOut: 1.517e-01 (1.444e-01)  BinReg: 0.000e+00 (0.000e+00)  Time: 0.225s, 2275.93/s  (0.225s, 2277.13/s)  LR: 9.962e-05  RefW: 0.000e+00  AnchorRefW: 0.000e+00  Data: 0.006 (0.007)
Train: 5 [ 500/2502 ( 20%)]  Loss: 51.478317 (51.4351)  BaseLoss: 51.477631 (51.4344)  RefAttnKL: 0.000e+00 (0.000e+00)  RefLogitKL: 0.000e+00 (0.000e+00)  AnchorRefAttnKL: 0.000e+00 (0.000e+00)  TeacherAttnKL: 0.000e+00 (0.000e+00)  TeacherQKRel: 0.000e+00 (0.000e+00)  TeacherAttnOut: 0.000e+00 (0.000e+00)  TeacherFeatOut: 1.376e-01 (1.438e-01)  BinReg: 0.000e+00 (0.000e+00)  Time: 0.224s, 2288.95/s  (0.225s, 2279.04/s)  LR: 9.903e-05  RefW: 0.000e+00  AnchorRefW: 0.000e+00  Data: 0.006 (0.007)
Train: 5 [ 550/2502 ( 22%)]  Loss: 51.469013 (51.4379)  BaseLoss: 51.468323 (51.4372)  RefAttnKL: 0.000e+00 (0.000e+00)  RefLogitKL: 0.000e+00 (0.000e+00)  AnchorRefAttnKL: 0.000e+00 (0.000e+00)  TeacherAttnKL: 0.000e+00 (0.000e+00)  TeacherQKRel: 0.000e+00 (0.000e+00)  TeacherAttnOut: 0.000e+00 (0.000e+00)  TeacherFeatOut: 1.385e-01 (1.433e-01)  BinReg: 0.000e+00 (0.000e+00)  Time: 0.223s, 2292.24/s  (0.225s, 2278.87/s)  LR: 9.843e-05  RefW: 0.000e+00  AnchorRefW: 0.000e+00  Data: 0.007 (0.007)
Train: 5 [ 600/2502 ( 24%)]  Loss: 51.408314 (51.4357)  BaseLoss: 51.407631 (51.4350)  RefAttnKL: 0.000e+00 (0.000e+00)  RefLogitKL: 0.000e+00 (0.000e+00)  AnchorRefAttnKL: 0.000e+00 (0.000e+00)  TeacherAttnKL: 0.000e+00 (0.000e+00)  TeacherQKRel: 0.000e+00 (0.000e+00)  TeacherAttnOut: 0.000e+00 (0.000e+00)  TeacherFeatOut: 1.370e-01 (1.428e-01)  BinReg: 0.000e+00 (0.000e+00)  Time: 0.223s, 2291.88/s  (0.225s, 2280.36/s)  LR: 9.784e-05  RefW: 0.000e+00  AnchorRefW: 0.000e+00  Data: 0.006 (0.007)
Train: 5 [ 650/2502 ( 26%)]  Loss: 51.424839 (51.4349)  BaseLoss: 51.424133 (51.4342)  RefAttnKL: 0.000e+00 (0.000e+00)  RefLogitKL: 0.000e+00 (0.000e+00)  AnchorRefAttnKL: 0.000e+00 (0.000e+00)  TeacherAttnKL: 0.000e+00 (0.000e+00)  TeacherQKRel: 0.000e+00 (0.000e+00)  TeacherAttnOut: 0.000e+00 (0.000e+00)  TeacherFeatOut: 1.423e-01 (1.428e-01)  BinReg: 0.000e+00 (0.000e+00)  Time: 0.224s, 2287.08/s  (0.224s, 2281.40/s)  LR: 9.724e-05  RefW: 0.000e+00  AnchorRefW: 0.000e+00  Data: 0.006 (0.007)
Train: 5 [ 700/2502 ( 28%)]  Loss: 51.404976 (51.4329)  BaseLoss: 51.404282 (51.4322)  RefAttnKL: 0.000e+00 (0.000e+00)  RefLogitKL: 0.000e+00 (0.000e+00)  AnchorRefAttnKL: 0.000e+00 (0.000e+00)  TeacherAttnKL: 0.000e+00 (0.000e+00)  TeacherQKRel: 0.000e+00 (0.000e+00)  TeacherAttnOut: 0.000e+00 (0.000e+00)  TeacherFeatOut: 1.378e-01 (1.425e-01)  BinReg: 0.000e+00 (0.000e+00)  Time: 0.224s, 2287.86/s  (0.224s, 2282.46/s)  LR: 9.665e-05  RefW: 0.000e+00  AnchorRefW: 0.000e+00  Data: 0.006 (0.007)
Train: 5 [ 750/2502 ( 30%)]  Loss: 51.384178 (51.4299)  BaseLoss: 51.383476 (51.4291)  RefAttnKL: 0.000e+00 (0.000e+00)  RefLogitKL: 0.000e+00 (0.000e+00)  AnchorRefAttnKL: 0.000e+00 (0.000e+00)  TeacherAttnKL: 0.000e+00 (0.000e+00)  TeacherQKRel: 0.000e+00 (0.000e+00)  TeacherAttnOut: 0.000e+00 (0.000e+00)  TeacherFeatOut: 1.393e-01 (1.423e-01)  BinReg: 0.000e+00 (0.000e+00)  Time: 0.224s, 2289.28/s  (0.224s, 2282.99/s)  LR: 9.605e-05  RefW: 0.000e+00  AnchorRefW: 0.000e+00  Data: 0.007 (0.007)
Train: 5 [ 800/2502 ( 32%)]  Loss: 51.438702 (51.4304)  BaseLoss: 51.437984 (51.4297)  RefAttnKL: 0.000e+00 (0.000e+00)  RefLogitKL: 0.000e+00 (0.000e+00)  AnchorRefAttnKL: 0.000e+00 (0.000e+00)  TeacherAttnKL: 0.000e+00 (0.000e+00)  TeacherQKRel: 0.000e+00 (0.000e+00)  TeacherAttnOut: 0.000e+00 (0.000e+00)  TeacherFeatOut: 1.434e-01 (1.423e-01)  BinReg: 0.000e+00 (0.000e+00)  Time: 0.224s, 2287.84/s  (0.224s, 2283.84/s)  LR: 9.546e-05  RefW: 0.000e+00  AnchorRefW: 0.000e+00  Data: 0.006 (0.007)
Train: 5 [ 850/2502 ( 34%)]  Loss: 51.394810 (51.4284)  BaseLoss: 51.394150 (51.4277)  RefAttnKL: 0.000e+00 (0.000e+00)  RefLogitKL: 0.000e+00 (0.000e+00)  AnchorRefAttnKL: 0.000e+00 (0.000e+00)  TeacherAttnKL: 0.000e+00 (0.000e+00)  TeacherQKRel: 0.000e+00 (0.000e+00)  TeacherAttnOut: 0.000e+00 (0.000e+00)  TeacherFeatOut: 1.314e-01 (1.417e-01)  BinReg: 0.000e+00 (0.000e+00)  Time: 0.233s, 2193.38/s  (0.224s, 2284.18/s)  LR: 9.487e-05  RefW: 0.000e+00  AnchorRefW: 0.000e+00  Data: 0.005 (0.007)
Train: 5 [ 900/2502 ( 36%)]  Loss: 51.408028 (51.4273)  BaseLoss: 51.407360 (51.4266)  RefAttnKL: 0.000e+00 (0.000e+00)  RefLogitKL: 0.000e+00 (0.000e+00)  AnchorRefAttnKL: 0.000e+00 (0.000e+00)  TeacherAttnKL: 0.000e+00 (0.000e+00)  TeacherQKRel: 0.000e+00 (0.000e+00)  TeacherAttnOut: 0.000e+00 (0.000e+00)  TeacherFeatOut: 1.339e-01 (1.413e-01)  BinReg: 0.000e+00 (0.000e+00)  Time: 0.224s, 2287.50/s  (0.224s, 2284.56/s)  LR: 9.428e-05  RefW: 0.000e+00  AnchorRefW: 0.000e+00  Data: 0.006 (0.007)
Train: 5 [ 950/2502 ( 38%)]  Loss: 51.405029 (51.4262)  BaseLoss: 51.404358 (51.4255)  RefAttnKL: 0.000e+00 (0.000e+00)  RefLogitKL: 0.000e+00 (0.000e+00)  AnchorRefAttnKL: 0.000e+00 (0.000e+00)  TeacherAttnKL: 0.000e+00 (0.000e+00)  TeacherQKRel: 0.000e+00 (0.000e+00)  TeacherAttnOut: 0.000e+00 (0.000e+00)  TeacherFeatOut: 1.335e-01 (1.409e-01)  BinReg: 0.000e+00 (0.000e+00)  Time: 0.221s, 2315.56/s  (0.224s, 2285.16/s)  LR: 9.368e-05  RefW: 0.000e+00  AnchorRefW: 0.000e+00  Data: 0.006 (0.007)
Train: 5 [1000/2502 ( 40%)]  Loss: 51.449665 (51.4273)  BaseLoss: 51.448978 (51.4266)  RefAttnKL: 0.000e+00 (0.000e+00)  RefLogitKL: 0.000e+00 (0.000e+00)  AnchorRefAttnKL: 0.000e+00 (0.000e+00)  TeacherAttnKL: 0.000e+00 (0.000e+00)  TeacherQKRel: 0.000e+00 (0.000e+00)  TeacherAttnOut: 0.000e+00 (0.000e+00)  TeacherFeatOut: 1.379e-01 (1.408e-01)  BinReg: 0.000e+00 (0.000e+00)  Time: 0.224s, 2290.72/s  (0.224s, 2285.54/s)  LR: 9.309e-05  RefW: 0.000e+00  AnchorRefW: 0.000e+00  Data: 0.006 (0.007)
Train: 5 [1050/2502 ( 42%)]  Loss: 51.422211 (51.4271)  BaseLoss: 51.421516 (51.4264)  RefAttnKL: 0.000e+00 (0.000e+00)  RefLogitKL: 0.000e+00 (0.000e+00)  AnchorRefAttnKL: 0.000e+00 (0.000e+00)  TeacherAttnKL: 0.000e+00 (0.000e+00)  TeacherQKRel: 0.000e+00 (0.000e+00)  TeacherAttnOut: 0.000e+00 (0.000e+00)  TeacherFeatOut: 1.399e-01 (1.407e-01)  BinReg: 0.000e+00 (0.000e+00)  Time: 0.224s, 2290.46/s  (0.224s, 2286.03/s)  LR: 9.250e-05  RefW: 0.000e+00  AnchorRefW: 0.000e+00  Data: 0.006 (0.007)
Train: 5 [1100/2502 ( 44%)]  Loss: 51.385754 (51.4253)  BaseLoss: 51.385063 (51.4246)  RefAttnKL: 0.000e+00 (0.000e+00)  RefLogitKL: 0.000e+00 (0.000e+00)  AnchorRefAttnKL: 0.000e+00 (0.000e+00)  TeacherAttnKL: 0.000e+00 (0.000e+00)  TeacherQKRel: 0.000e+00 (0.000e+00)  TeacherAttnOut: 0.000e+00 (0.000e+00)  TeacherFeatOut: 1.376e-01 (1.406e-01)  BinReg: 0.000e+00 (0.000e+00)  Time: 0.224s, 2289.82/s  (0.224s, 2286.47/s)  LR: 9.191e-05  RefW: 0.000e+00  AnchorRefW: 0.000e+00  Data: 0.006 (0.007)
Train: 5 [1150/2502 ( 46%)]  Loss: 51.441772 (51.4260)  BaseLoss: 51.441032 (51.4253)  RefAttnKL: 0.000e+00 (0.000e+00)  RefLogitKL: 0.000e+00 (0.000e+00)  AnchorRefAttnKL: 0.000e+00 (0.000e+00)  TeacherAttnKL: 0.000e+00 (0.000e+00)  TeacherQKRel: 0.000e+00 (0.000e+00)  TeacherAttnOut: 0.000e+00 (0.000e+00)  TeacherFeatOut: 1.483e-01 (1.409e-01)  BinReg: 0.000e+00 (0.000e+00)  Time: 0.224s, 2288.06/s  (0.224s, 2286.88/s)  LR: 9.132e-05  RefW: 0.000e+00  AnchorRefW: 0.000e+00  Data: 0.006 (0.007)
Train: 5 [1200/2502 ( 48%)]  Loss: 51.401165 (51.4250)  BaseLoss: 51.400463 (51.4243)  RefAttnKL: 0.000e+00 (0.000e+00)  RefLogitKL: 0.000e+00 (0.000e+00)  AnchorRefAttnKL: 0.000e+00 (0.000e+00)  TeacherAttnKL: 0.000e+00 (0.000e+00)  TeacherQKRel: 0.000e+00 (0.000e+00)  TeacherAttnOut: 0.000e+00 (0.000e+00)  TeacherFeatOut: 1.406e-01 (1.409e-01)  BinReg: 0.000e+00 (0.000e+00)  Time: 0.224s, 2287.97/s  (0.224s, 2287.01/s)  LR: 9.073e-05  RefW: 0.000e+00  AnchorRefW: 0.000e+00  Data: 0.006 (0.006)
Train: 5 [1250/2502 ( 50%)]  Loss: 51.429470 (51.4252)  BaseLoss: 51.428783 (51.4245)  RefAttnKL: 0.000e+00 (0.000e+00)  RefLogitKL: 0.000e+00 (0.000e+00)  AnchorRefAttnKL: 0.000e+00 (0.000e+00)  TeacherAttnKL: 0.000e+00 (0.000e+00)  TeacherQKRel: 0.000e+00 (0.000e+00)  TeacherAttnOut: 0.000e+00 (0.000e+00)  TeacherFeatOut: 1.365e-01 (1.407e-01)  BinReg: 0.000e+00 (0.000e+00)  Time: 0.224s, 2288.21/s  (0.224s, 2287.35/s)  LR: 9.014e-05  RefW: 0.000e+00  AnchorRefW: 0.000e+00  Data: 0.006 (0.006)
Train: 5 [1300/2502 ( 52%)]  Loss: 51.432274 (51.4254)  BaseLoss: 51.431580 (51.4247)  RefAttnKL: 0.000e+00 (0.000e+00)  RefLogitKL: 0.000e+00 (0.000e+00)  AnchorRefAttnKL: 0.000e+00 (0.000e+00)  TeacherAttnKL: 0.000e+00 (0.000e+00)  TeacherQKRel: 0.000e+00 (0.000e+00)  TeacherAttnOut: 0.000e+00 (0.000e+00)  TeacherFeatOut: 1.388e-01 (1.407e-01)  BinReg: 0.000e+00 (0.000e+00)  Time: 0.224s, 2288.65/s  (0.224s, 2287.54/s)  LR: 8.955e-05  RefW: 0.000e+00  AnchorRefW: 0.000e+00  Data: 0.006 (0.006)
Train: 5 [1350/2502 ( 54%)]  Loss: 51.428303 (51.4255)  BaseLoss: 51.427601 (51.4248)  RefAttnKL: 0.000e+00 (0.000e+00)  RefLogitKL: 0.000e+00 (0.000e+00)  AnchorRefAttnKL: 0.000e+00 (0.000e+00)  TeacherAttnKL: 0.000e+00 (0.000e+00)  TeacherQKRel: 0.000e+00 (0.000e+00)  TeacherAttnOut: 0.000e+00 (0.000e+00)  TeacherFeatOut: 1.401e-01 (1.407e-01)  BinReg: 0.000e+00 (0.000e+00)  Time: 0.224s, 2289.39/s  (0.224s, 2287.85/s)  LR: 8.896e-05  RefW: 0.000e+00  AnchorRefW: 0.000e+00  Data: 0.007 (0.006)
Train: 5 [1400/2502 ( 56%)]  Loss: 51.422009 (51.4254)  BaseLoss: 51.421307 (51.4247)  RefAttnKL: 0.000e+00 (0.000e+00)  RefLogitKL: 0.000e+00 (0.000e+00)  AnchorRefAttnKL: 0.000e+00 (0.000e+00)  TeacherAttnKL: 0.000e+00 (0.000e+00)  TeacherQKRel: 0.000e+00 (0.000e+00)  TeacherAttnOut: 0.000e+00 (0.000e+00)  TeacherFeatOut: 1.401e-01 (1.406e-01)  BinReg: 0.000e+00 (0.000e+00)  Time: 0.224s, 2285.01/s  (0.224s, 2288.15/s)  LR: 8.837e-05  RefW: 0.000e+00  AnchorRefW: 0.000e+00  Data: 0.007 (0.006)
Train: 5 [1450/2502 ( 58%)]  Loss: 51.449043 (51.4262)  BaseLoss: 51.448341 (51.4255)  RefAttnKL: 0.000e+00 (0.000e+00)  RefLogitKL: 0.000e+00 (0.000e+00)  AnchorRefAttnKL: 0.000e+00 (0.000e+00)  TeacherAttnKL: 0.000e+00 (0.000e+00)  TeacherQKRel: 0.000e+00 (0.000e+00)  TeacherAttnOut: 0.000e+00 (0.000e+00)  TeacherFeatOut: 1.399e-01 (1.406e-01)  BinReg: 0.000e+00 (0.000e+00)  Time: 0.224s, 2288.85/s  (0.224s, 2288.41/s)  LR: 8.779e-05  RefW: 0.000e+00  AnchorRefW: 0.000e+00  Data: 0.006 (0.006)
Train: 5 [1500/2502 ( 60%)]  Loss: 51.443844 (51.4268)  BaseLoss: 51.443153 (51.4261)  RefAttnKL: 0.000e+00 (0.000e+00)  RefLogitKL: 0.000e+00 (0.000e+00)  AnchorRefAttnKL: 0.000e+00 (0.000e+00)  TeacherAttnKL: 0.000e+00 (0.000e+00)  TeacherQKRel: 0.000e+00 (0.000e+00)  TeacherAttnOut: 0.000e+00 (0.000e+00)  TeacherFeatOut: 1.380e-01 (1.405e-01)  BinReg: 0.000e+00 (0.000e+00)  Time: 0.224s, 2288.42/s  (0.224s, 2288.66/s)  LR: 8.720e-05  RefW: 0.000e+00  AnchorRefW: 0.000e+00  Data: 0.006 (0.006)
Train: 5 [1550/2502 ( 62%)]  Loss: 51.435680 (51.4270)  BaseLoss: 51.435001 (51.4263)  RefAttnKL: 0.000e+00 (0.000e+00)  RefLogitKL: 0.000e+00 (0.000e+00)  AnchorRefAttnKL: 0.000e+00 (0.000e+00)  TeacherAttnKL: 0.000e+00 (0.000e+00)  TeacherQKRel: 0.000e+00 (0.000e+00)  TeacherAttnOut: 0.000e+00 (0.000e+00)  TeacherFeatOut: 1.358e-01 (1.404e-01)  BinReg: 0.000e+00 (0.000e+00)  Time: 0.224s, 2289.53/s  (0.224s, 2288.78/s)  LR: 8.662e-05  RefW: 0.000e+00  AnchorRefW: 0.000e+00  Data: 0.006 (0.006)
Train: 5 [1600/2502 ( 64%)]  Loss: 51.414722 (51.4267)  BaseLoss: 51.414024 (51.4260)  RefAttnKL: 0.000e+00 (0.000e+00)  RefLogitKL: 0.000e+00 (0.000e+00)  AnchorRefAttnKL: 0.000e+00 (0.000e+00)  TeacherAttnKL: 0.000e+00 (0.000e+00)  TeacherQKRel: 0.000e+00 (0.000e+00)  TeacherAttnOut: 0.000e+00 (0.000e+00)  TeacherFeatOut: 1.402e-01 (1.404e-01)  BinReg: 0.000e+00 (0.000e+00)  Time: 0.223s, 2291.16/s  (0.224s, 2289.01/s)  LR: 8.603e-05  RefW: 0.000e+00  AnchorRefW: 0.000e+00  Data: 0.006 (0.006)
Train: 5 [1650/2502 ( 66%)]  Loss: 51.461338 (51.4277)  BaseLoss: 51.460663 (51.4270)  RefAttnKL: 0.000e+00 (0.000e+00)  RefLogitKL: 0.000e+00 (0.000e+00)  AnchorRefAttnKL: 0.000e+00 (0.000e+00)  TeacherAttnKL: 0.000e+00 (0.000e+00)  TeacherQKRel: 0.000e+00 (0.000e+00)  TeacherAttnOut: 0.000e+00 (0.000e+00)  TeacherFeatOut: 1.345e-01 (1.402e-01)  BinReg: 0.000e+00 (0.000e+00)  Time: 0.224s, 2287.89/s  (0.224s, 2289.19/s)  LR: 8.545e-05  RefW: 0.000e+00  AnchorRefW: 0.000e+00  Data: 0.006 (0.006)
Train: 5 [1700/2502 ( 68%)]  Loss: 51.429131 (51.4277)  BaseLoss: 51.428482 (51.4270)  RefAttnKL: 0.000e+00 (0.000e+00)  RefLogitKL: 0.000e+00 (0.000e+00)  AnchorRefAttnKL: 0.000e+00 (0.000e+00)  TeacherAttnKL: 0.000e+00 (0.000e+00)  TeacherQKRel: 0.000e+00 (0.000e+00)  TeacherAttnOut: 0.000e+00 (0.000e+00)  TeacherFeatOut: 1.299e-01 (1.399e-01)  BinReg: 0.000e+00 (0.000e+00)  Time: 0.223s, 2294.77/s  (0.224s, 2289.38/s)  LR: 8.486e-05  RefW: 0.000e+00  AnchorRefW: 0.000e+00  Data: 0.006 (0.006)
Train: 5 [1750/2502 ( 70%)]  Loss: 51.422821 (51.4276)  BaseLoss: 51.422150 (51.4269)  RefAttnKL: 0.000e+00 (0.000e+00)  RefLogitKL: 0.000e+00 (0.000e+00)  AnchorRefAttnKL: 0.000e+00 (0.000e+00)  TeacherAttnKL: 0.000e+00 (0.000e+00)  TeacherQKRel: 0.000e+00 (0.000e+00)  TeacherAttnOut: 0.000e+00 (0.000e+00)  TeacherFeatOut: 1.346e-01 (1.398e-01)  BinReg: 0.000e+00 (0.000e+00)  Time: 0.224s, 2288.03/s  (0.224s, 2289.23/s)  LR: 8.428e-05  RefW: 0.000e+00  AnchorRefW: 0.000e+00  Data: 0.007 (0.006)
Train: 5 [1800/2502 ( 72%)]  Loss: 51.426323 (51.4276)  BaseLoss: 51.425640 (51.4269)  RefAttnKL: 0.000e+00 (0.000e+00)  RefLogitKL: 0.000e+00 (0.000e+00)  AnchorRefAttnKL: 0.000e+00 (0.000e+00)  TeacherAttnKL: 0.000e+00 (0.000e+00)  TeacherQKRel: 0.000e+00 (0.000e+00)  TeacherAttnOut: 0.000e+00 (0.000e+00)  TeacherFeatOut: 1.370e-01 (1.397e-01)  BinReg: 0.000e+00 (0.000e+00)  Time: 0.223s, 2291.12/s  (0.224s, 2289.42/s)  LR: 8.370e-05  RefW: 0.000e+00  AnchorRefW: 0.000e+00  Data: 0.006 (0.006)
Train: 5 [1850/2502 ( 74%)]  Loss: 51.414101 (51.4272)  BaseLoss: 51.413399 (51.4265)  RefAttnKL: 0.000e+00 (0.000e+00)  RefLogitKL: 0.000e+00 (0.000e+00)  AnchorRefAttnKL: 0.000e+00 (0.000e+00)  TeacherAttnKL: 0.000e+00 (0.000e+00)  TeacherQKRel: 0.000e+00 (0.000e+00)  TeacherAttnOut: 0.000e+00 (0.000e+00)  TeacherFeatOut: 1.399e-01 (1.397e-01)  BinReg: 0.000e+00 (0.000e+00)  Time: 0.224s, 2286.31/s  (0.224s, 2289.42/s)  LR: 8.312e-05  RefW: 0.000e+00  AnchorRefW: 0.000e+00  Data: 0.006 (0.006)
Train: 5 [1900/2502 ( 76%)]  Loss: 51.432072 (51.4273)  BaseLoss: 51.431400 (51.4266)  RefAttnKL: 0.000e+00 (0.000e+00)  RefLogitKL: 0.000e+00 (0.000e+00)  AnchorRefAttnKL: 0.000e+00 (0.000e+00)  TeacherAttnKL: 0.000e+00 (0.000e+00)  TeacherQKRel: 0.000e+00 (0.000e+00)  TeacherAttnOut: 0.000e+00 (0.000e+00)  TeacherFeatOut: 1.339e-01 (1.395e-01)  BinReg: 0.000e+00 (0.000e+00)  Time: 0.224s, 2289.21/s  (0.224s, 2289.58/s)  LR: 8.254e-05  RefW: 0.000e+00  AnchorRefW: 0.000e+00  Data: 0.006 (0.006)
Train: 5 [1950/2502 ( 78%)]  Loss: 51.459496 (51.4281)  BaseLoss: 51.458817 (51.4274)  RefAttnKL: 0.000e+00 (0.000e+00)  RefLogitKL: 0.000e+00 (0.000e+00)  AnchorRefAttnKL: 0.000e+00 (0.000e+00)  TeacherAttnKL: 0.000e+00 (0.000e+00)  TeacherQKRel: 0.000e+00 (0.000e+00)  TeacherAttnOut: 0.000e+00 (0.000e+00)  TeacherFeatOut: 1.365e-01 (1.395e-01)  BinReg: 0.000e+00 (0.000e+00)  Time: 0.224s, 2287.02/s  (0.224s, 2289.61/s)  LR: 8.196e-05  RefW: 0.000e+00  AnchorRefW: 0.000e+00  Data: 0.007 (0.006)
Train: 5 [2000/2502 ( 80%)]  Loss: 51.438538 (51.4284)  BaseLoss: 51.437855 (51.4277)  RefAttnKL: 0.000e+00 (0.000e+00)  RefLogitKL: 0.000e+00 (0.000e+00)  AnchorRefAttnKL: 0.000e+00 (0.000e+00)  TeacherAttnKL: 0.000e+00 (0.000e+00)  TeacherQKRel: 0.000e+00 (0.000e+00)  TeacherAttnOut: 0.000e+00 (0.000e+00)  TeacherFeatOut: 1.366e-01 (1.394e-01)  BinReg: 0.000e+00 (0.000e+00)  Time: 0.224s, 2288.11/s  (0.224s, 2289.78/s)  LR: 8.138e-05  RefW: 0.000e+00  AnchorRefW: 0.000e+00  Data: 0.007 (0.006)
Train: 5 [2050/2502 ( 82%)]  Loss: 51.379707 (51.4272)  BaseLoss: 51.378994 (51.4265)  RefAttnKL: 0.000e+00 (0.000e+00)  RefLogitKL: 0.000e+00 (0.000e+00)  AnchorRefAttnKL: 0.000e+00 (0.000e+00)  TeacherAttnKL: 0.000e+00 (0.000e+00)  TeacherQKRel: 0.000e+00 (0.000e+00)  TeacherAttnOut: 0.000e+00 (0.000e+00)  TeacherFeatOut: 1.421e-01 (1.395e-01)  BinReg: 0.000e+00 (0.000e+00)  Time: 0.242s, 2114.02/s  (0.224s, 2289.82/s)  LR: 8.080e-05  RefW: 0.000e+00  AnchorRefW: 0.000e+00  Data: 0.006 (0.006)
Train: 5 [2100/2502 ( 84%)]  Loss: 51.412418 (51.4269)  BaseLoss: 51.411770 (51.4262)  RefAttnKL: 0.000e+00 (0.000e+00)  RefLogitKL: 0.000e+00 (0.000e+00)  AnchorRefAttnKL: 0.000e+00 (0.000e+00)  TeacherAttnKL: 0.000e+00 (0.000e+00)  TeacherQKRel: 0.000e+00 (0.000e+00)  TeacherAttnOut: 0.000e+00 (0.000e+00)  TeacherFeatOut: 1.294e-01 (1.392e-01)  BinReg: 0.000e+00 (0.000e+00)  Time: 0.224s, 2289.15/s  (0.224s, 2289.97/s)  LR: 8.023e-05  RefW: 0.000e+00  AnchorRefW: 0.000e+00  Data: 0.006 (0.006)
Train: 5 [2150/2502 ( 86%)]  Loss: 51.420609 (51.4267)  BaseLoss: 51.419930 (51.4260)  RefAttnKL: 0.000e+00 (0.000e+00)  RefLogitKL: 0.000e+00 (0.000e+00)  AnchorRefAttnKL: 0.000e+00 (0.000e+00)  TeacherAttnKL: 0.000e+00 (0.000e+00)  TeacherQKRel: 0.000e+00 (0.000e+00)  TeacherAttnOut: 0.000e+00 (0.000e+00)  TeacherFeatOut: 1.354e-01 (1.391e-01)  BinReg: 0.000e+00 (0.000e+00)  Time: 0.223s, 2291.68/s  (0.224s, 2290.12/s)  LR: 7.965e-05  RefW: 0.000e+00  AnchorRefW: 0.000e+00  Data: 0.006 (0.006)
Train: 5 [2200/2502 ( 88%)]  Loss: 51.392292 (51.4260)  BaseLoss: 51.391613 (51.4253)  RefAttnKL: 0.000e+00 (0.000e+00)  RefLogitKL: 0.000e+00 (0.000e+00)  AnchorRefAttnKL: 0.000e+00 (0.000e+00)  TeacherAttnKL: 0.000e+00 (0.000e+00)  TeacherQKRel: 0.000e+00 (0.000e+00)  TeacherAttnOut: 0.000e+00 (0.000e+00)  TeacherFeatOut: 1.360e-01 (1.391e-01)  BinReg: 0.000e+00 (0.000e+00)  Time: 0.224s, 2288.77/s  (0.224s, 2290.18/s)  LR: 7.908e-05  RefW: 0.000e+00  AnchorRefW: 0.000e+00  Data: 0.006 (0.006)
Train: 5 [2250/2502 ( 90%)]  Loss: 51.428398 (51.4260)  BaseLoss: 51.427723 (51.4253)  RefAttnKL: 0.000e+00 (0.000e+00)  RefLogitKL: 0.000e+00 (0.000e+00)  AnchorRefAttnKL: 0.000e+00 (0.000e+00)  TeacherAttnKL: 0.000e+00 (0.000e+00)  TeacherQKRel: 0.000e+00 (0.000e+00)  TeacherAttnOut: 0.000e+00 (0.000e+00)  TeacherFeatOut: 1.354e-01 (1.390e-01)  BinReg: 0.000e+00 (0.000e+00)  Time: 0.224s, 2286.06/s  (0.224s, 2290.30/s)  LR: 7.851e-05  RefW: 0.000e+00  AnchorRefW: 0.000e+00  Data: 0.006 (0.006)
Train: 5 [2300/2502 ( 92%)]  Loss: 51.461918 (51.4268)  BaseLoss: 51.461235 (51.4261)  RefAttnKL: 0.000e+00 (0.000e+00)  RefLogitKL: 0.000e+00 (0.000e+00)  AnchorRefAttnKL: 0.000e+00 (0.000e+00)  TeacherAttnKL: 0.000e+00 (0.000e+00)  TeacherQKRel: 0.000e+00 (0.000e+00)  TeacherAttnOut: 0.000e+00 (0.000e+00)  TeacherFeatOut: 1.365e-01 (1.389e-01)  BinReg: 0.000e+00 (0.000e+00)  Time: 0.223s, 2291.90/s  (0.224s, 2290.39/s)  LR: 7.793e-05  RefW: 0.000e+00  AnchorRefW: 0.000e+00  Data: 0.007 (0.006)
Train: 5 [2350/2502 ( 94%)]  Loss: 51.452522 (51.4273)  BaseLoss: 51.451843 (51.4266)  RefAttnKL: 0.000e+00 (0.000e+00)  RefLogitKL: 0.000e+00 (0.000e+00)  AnchorRefAttnKL: 0.000e+00 (0.000e+00)  TeacherAttnKL: 0.000e+00 (0.000e+00)  TeacherQKRel: 0.000e+00 (0.000e+00)  TeacherAttnOut: 0.000e+00 (0.000e+00)  TeacherFeatOut: 1.345e-01 (1.388e-01)  BinReg: 0.000e+00 (0.000e+00)  Time: 0.224s, 2288.00/s  (0.224s, 2290.50/s)  LR: 7.736e-05  RefW: 0.000e+00  AnchorRefW: 0.000e+00  Data: 0.006 (0.006)
Train: 5 [2400/2502 ( 96%)]  Loss: 51.405014 (51.4269)  BaseLoss: 51.404343 (51.4262)  RefAttnKL: 0.000e+00 (0.000e+00)  RefLogitKL: 0.000e+00 (0.000e+00)  AnchorRefAttnKL: 0.000e+00 (0.000e+00)  TeacherAttnKL: 0.000e+00 (0.000e+00)  TeacherQKRel: 0.000e+00 (0.000e+00)  TeacherAttnOut: 0.000e+00 (0.000e+00)  TeacherFeatOut: 1.338e-01 (1.387e-01)  BinReg: 0.000e+00 (0.000e+00)  Time: 0.223s, 2291.67/s  (0.224s, 2290.59/s)  LR: 7.679e-05  RefW: 0.000e+00  AnchorRefW: 0.000e+00  Data: 0.006 (0.006)
Train: 5 [2450/2502 ( 98%)]  Loss: 51.443874 (51.4272)  BaseLoss: 51.443203 (51.4265)  RefAttnKL: 0.000e+00 (0.000e+00)  RefLogitKL: 0.000e+00 (0.000e+00)  AnchorRefAttnKL: 0.000e+00 (0.000e+00)  TeacherAttnKL: 0.000e+00 (0.000e+00)  TeacherQKRel: 0.000e+00 (0.000e+00)  TeacherAttnOut: 0.000e+00 (0.000e+00)  TeacherFeatOut: 1.360e-01 (1.387e-01)  BinReg: 0.000e+00 (0.000e+00)  Time: 0.224s, 2287.32/s  (0.224s, 2290.70/s)  LR: 7.622e-05  RefW: 0.000e+00  AnchorRefW: 0.000e+00  Data: 0.007 (0.006)
TrainSummary: epoch=5 updates=2496 avg_step_time=0.223500s samples_per_step=512 samples_per_sec=2290.83
epoch:  5 g['lr']:  7.571145862340928e-05
model eval
TestLocal: [   0/97]  Time: 0.986 (0.986)  Loss:  0.7493  Acc@1: 84.3750  Acc@5: 92.1875  Samples: 64
TestLocal: [  50/97]  Time: 0.091 (0.109)  Loss:  0.8543  Acc@1: 80.8211  Acc@5: 95.1593  Samples: 3264
TestLocal: [  97/97]  Time: 0.046 (0.099)  Loss:  0.8504  Acc@1: 80.7942  Acc@5: 95.1540  Samples: 6170
TestLocal: [ 100/97]  Time: 0.044 (0.098)  Loss:  0.8505  Acc@1: 80.7729  Acc@5: 95.1530  Samples: 6210
Test: [distributed-summary]  Time: 10.311s  Loss: 0.8751  Acc@1: 79.7780  Acc@5: 95.0820  Samples: 50000
Trainable parameter policy: epoch=6, quant_only=False, policy=all, trainable=28608256, frozen=0
Teacher feature-output hooks: layers=('features.5.5', 'features.7.1'), student_matches=('features.5.5', 'features.7.1'), teacher_matches=('features.5.5', 'features.7.1')
Trainable parameter update policy: epoch=6, update=0, mode=requires_grad, policy=all, trainable=28608256, frozen=0
Teacher feature-output debug: student_count=2, teacher_count=2, 0:s=(64, 14, 14, 384) t=(64, 14, 14, 384) mse=5.544e+00; 1:s=(64, 7, 7, 768) t=(64, 7, 7, 768) mse=1.479e+00
Train: 6 [   0/2502 (  0%)]  Loss: 51.415154 (51.4152)  BaseLoss: 51.414478 (51.4145)  RefAttnKL: 0.000e+00 (0.000e+00)  RefLogitKL: 0.000e+00 (0.000e+00)  AnchorRefAttnKL: 0.000e+00 (0.000e+00)  TeacherAttnKL: 0.000e+00 (0.000e+00)  TeacherQKRel: 0.000e+00 (0.000e+00)  TeacherAttnOut: 0.000e+00 (0.000e+00)  TeacherFeatOut: 1.347e-01 (1.347e-01)  BinReg: 0.000e+00 (0.000e+00)  Time: 0.814s,  628.77/s  (0.814s,  628.77/s)  LR: 7.563e-05  RefW: 0.000e+00  AnchorRefW: 0.000e+00  Data: 0.614 (0.614)
Train: 6 [  50/2502 (  2%)]  Loss: 51.379925 (51.3975)  BaseLoss: 51.379261 (51.3969)  RefAttnKL: 0.000e+00 (0.000e+00)  RefLogitKL: 0.000e+00 (0.000e+00)  AnchorRefAttnKL: 0.000e+00 (0.000e+00)  TeacherAttnKL: 0.000e+00 (0.000e+00)  TeacherQKRel: 0.000e+00 (0.000e+00)  TeacherAttnOut: 0.000e+00 (0.000e+00)  TeacherFeatOut: 1.324e-01 (1.335e-01)  BinReg: 0.000e+00 (0.000e+00)  Time: 0.224s, 2289.06/s  (0.235s, 2181.45/s)  LR: 7.507e-05  RefW: 0.000e+00  AnchorRefW: 0.000e+00  Data: 0.005 (0.017)
Train: 6 [ 100/2502 (  4%)]  Loss: 51.439514 (51.4115)  BaseLoss: 51.438808 (51.4108)  RefAttnKL: 0.000e+00 (0.000e+00)  RefLogitKL: 0.000e+00 (0.000e+00)  AnchorRefAttnKL: 0.000e+00 (0.000e+00)  TeacherAttnKL: 0.000e+00 (0.000e+00)  TeacherQKRel: 0.000e+00 (0.000e+00)  TeacherAttnOut: 0.000e+00 (0.000e+00)  TeacherFeatOut: 1.403e-01 (1.358e-01)  BinReg: 0.000e+00 (0.000e+00)  Time: 0.224s, 2288.16/s  (0.229s, 2236.78/s)  LR: 7.450e-05  RefW: 0.000e+00  AnchorRefW: 0.000e+00  Data: 0.005 (0.011)
Train: 6 [ 150/2502 (  6%)]  Loss: 51.443264 (51.4195)  BaseLoss: 51.442596 (51.4188)  RefAttnKL: 0.000e+00 (0.000e+00)  RefLogitKL: 0.000e+00 (0.000e+00)  AnchorRefAttnKL: 0.000e+00 (0.000e+00)  TeacherAttnKL: 0.000e+00 (0.000e+00)  TeacherQKRel: 0.000e+00 (0.000e+00)  TeacherAttnOut: 0.000e+00 (0.000e+00)  TeacherFeatOut: 1.334e-01 (1.352e-01)  BinReg: 0.000e+00 (0.000e+00)  Time: 0.223s, 2291.14/s  (0.227s, 2255.82/s)  LR: 7.394e-05  RefW: 0.000e+00  AnchorRefW: 0.000e+00  Data: 0.007 (0.010)
Train: 6 [ 200/2502 (  8%)]  Loss: 51.430126 (51.4216)  BaseLoss: 51.429474 (51.4209)  RefAttnKL: 0.000e+00 (0.000e+00)  RefLogitKL: 0.000e+00 (0.000e+00)  AnchorRefAttnKL: 0.000e+00 (0.000e+00)  TeacherAttnKL: 0.000e+00 (0.000e+00)  TeacherQKRel: 0.000e+00 (0.000e+00)  TeacherAttnOut: 0.000e+00 (0.000e+00)  TeacherFeatOut: 1.303e-01 (1.342e-01)  BinReg: 0.000e+00 (0.000e+00)  Time: 0.226s, 2265.60/s  (0.226s, 2265.59/s)  LR: 7.337e-05  RefW: 0.000e+00  AnchorRefW: 0.000e+00  Data: 0.006 (0.009)
Train: 6 [ 250/2502 ( 10%)]  Loss: 51.451874 (51.4266)  BaseLoss: 51.451199 (51.4260)  RefAttnKL: 0.000e+00 (0.000e+00)  RefLogitKL: 0.000e+00 (0.000e+00)  AnchorRefAttnKL: 0.000e+00 (0.000e+00)  TeacherAttnKL: 0.000e+00 (0.000e+00)  TeacherQKRel: 0.000e+00 (0.000e+00)  TeacherAttnOut: 0.000e+00 (0.000e+00)  TeacherFeatOut: 1.348e-01 (1.343e-01)  BinReg: 0.000e+00 (0.000e+00)  Time: 0.223s, 2297.07/s  (0.225s, 2271.52/s)  LR: 7.281e-05  RefW: 0.000e+00  AnchorRefW: 0.000e+00  Data: 0.006 (0.008)
Train: 6 [ 300/2502 ( 12%)]  Loss: 51.393059 (51.4218)  BaseLoss: 51.392380 (51.4212)  RefAttnKL: 0.000e+00 (0.000e+00)  RefLogitKL: 0.000e+00 (0.000e+00)  AnchorRefAttnKL: 0.000e+00 (0.000e+00)  TeacherAttnKL: 0.000e+00 (0.000e+00)  TeacherQKRel: 0.000e+00 (0.000e+00)  TeacherAttnOut: 0.000e+00 (0.000e+00)  TeacherFeatOut: 1.363e-01 (1.346e-01)  BinReg: 0.000e+00 (0.000e+00)  Time: 0.224s, 2289.66/s  (0.225s, 2275.59/s)  LR: 7.225e-05  RefW: 0.000e+00  AnchorRefW: 0.000e+00  Data: 0.006 (0.008)
Train: 6 [ 350/2502 ( 14%)]  Loss: 51.443329 (51.4245)  BaseLoss: 51.442680 (51.4239)  RefAttnKL: 0.000e+00 (0.000e+00)  RefLogitKL: 0.000e+00 (0.000e+00)  AnchorRefAttnKL: 0.000e+00 (0.000e+00)  TeacherAttnKL: 0.000e+00 (0.000e+00)  TeacherQKRel: 0.000e+00 (0.000e+00)  TeacherAttnOut: 0.000e+00 (0.000e+00)  TeacherFeatOut: 1.312e-01 (1.342e-01)  BinReg: 0.000e+00 (0.000e+00)  Time: 0.224s, 2287.79/s  (0.225s, 2277.76/s)  LR: 7.169e-05  RefW: 0.000e+00  AnchorRefW: 0.000e+00  Data: 0.005 (0.007)
Train: 6 [ 400/2502 ( 16%)]  Loss: 51.439541 (51.4262)  BaseLoss: 51.438885 (51.4255)  RefAttnKL: 0.000e+00 (0.000e+00)  RefLogitKL: 0.000e+00 (0.000e+00)  AnchorRefAttnKL: 0.000e+00 (0.000e+00)  TeacherAttnKL: 0.000e+00 (0.000e+00)  TeacherQKRel: 0.000e+00 (0.000e+00)  TeacherAttnOut: 0.000e+00 (0.000e+00)  TeacherFeatOut: 1.316e-01 (1.339e-01)  BinReg: 0.000e+00 (0.000e+00)  Time: 0.224s, 2290.02/s  (0.225s, 2280.10/s)  LR: 7.113e-05  RefW: 0.000e+00  AnchorRefW: 0.000e+00  Data: 0.006 (0.007)
Train: 6 [ 450/2502 ( 18%)]  Loss: 51.439384 (51.4275)  BaseLoss: 51.438717 (51.4268)  RefAttnKL: 0.000e+00 (0.000e+00)  RefLogitKL: 0.000e+00 (0.000e+00)  AnchorRefAttnKL: 0.000e+00 (0.000e+00)  TeacherAttnKL: 0.000e+00 (0.000e+00)  TeacherQKRel: 0.000e+00 (0.000e+00)  TeacherAttnOut: 0.000e+00 (0.000e+00)  TeacherFeatOut: 1.327e-01 (1.338e-01)  BinReg: 0.000e+00 (0.000e+00)  Time: 0.223s, 2291.18/s  (0.224s, 2281.62/s)  LR: 7.058e-05  RefW: 0.000e+00  AnchorRefW: 0.000e+00  Data: 0.006 (0.007)
Train: 6 [ 500/2502 ( 20%)]  Loss: 51.455204 (51.4300)  BaseLoss: 51.454563 (51.4294)  RefAttnKL: 0.000e+00 (0.000e+00)  RefLogitKL: 0.000e+00 (0.000e+00)  AnchorRefAttnKL: 0.000e+00 (0.000e+00)  TeacherAttnKL: 0.000e+00 (0.000e+00)  TeacherQKRel: 0.000e+00 (0.000e+00)  TeacherAttnOut: 0.000e+00 (0.000e+00)  TeacherFeatOut: 1.287e-01 (1.333e-01)  BinReg: 0.000e+00 (0.000e+00)  Time: 0.223s, 2291.06/s  (0.224s, 2283.07/s)  LR: 7.002e-05  RefW: 0.000e+00  AnchorRefW: 0.000e+00  Data: 0.006 (0.007)
Train: 6 [ 550/2502 ( 22%)]  Loss: 51.440666 (51.4309)  BaseLoss: 51.440014 (51.4303)  RefAttnKL: 0.000e+00 (0.000e+00)  RefLogitKL: 0.000e+00 (0.000e+00)  AnchorRefAttnKL: 0.000e+00 (0.000e+00)  TeacherAttnKL: 0.000e+00 (0.000e+00)  TeacherQKRel: 0.000e+00 (0.000e+00)  TeacherAttnOut: 0.000e+00 (0.000e+00)  TeacherFeatOut: 1.306e-01 (1.331e-01)  BinReg: 0.000e+00 (0.000e+00)  Time: 0.224s, 2287.64/s  (0.224s, 2283.90/s)  LR: 6.947e-05  RefW: 0.000e+00  AnchorRefW: 0.000e+00  Data: 0.007 (0.007)
Train: 6 [ 600/2502 ( 24%)]  Loss: 51.389347 (51.4277)  BaseLoss: 51.388714 (51.4271)  RefAttnKL: 0.000e+00 (0.000e+00)  RefLogitKL: 0.000e+00 (0.000e+00)  AnchorRefAttnKL: 0.000e+00 (0.000e+00)  TeacherAttnKL: 0.000e+00 (0.000e+00)  TeacherQKRel: 0.000e+00 (0.000e+00)  TeacherAttnOut: 0.000e+00 (0.000e+00)  TeacherFeatOut: 1.277e-01 (1.327e-01)  BinReg: 0.000e+00 (0.000e+00)  Time: 0.224s, 2285.41/s  (0.224s, 2284.95/s)  LR: 6.892e-05  RefW: 0.000e+00  AnchorRefW: 0.000e+00  Data: 0.006 (0.007)
Train: 6 [ 650/2502 ( 26%)]  Loss: 51.439480 (51.4286)  BaseLoss: 51.438862 (51.4279)  RefAttnKL: 0.000e+00 (0.000e+00)  RefLogitKL: 0.000e+00 (0.000e+00)  AnchorRefAttnKL: 0.000e+00 (0.000e+00)  TeacherAttnKL: 0.000e+00 (0.000e+00)  TeacherQKRel: 0.000e+00 (0.000e+00)  TeacherAttnOut: 0.000e+00 (0.000e+00)  TeacherFeatOut: 1.240e-01 (1.321e-01)  BinReg: 0.000e+00 (0.000e+00)  Time: 0.224s, 2290.57/s  (0.224s, 2285.50/s)  LR: 6.836e-05  RefW: 0.000e+00  AnchorRefW: 0.000e+00  Data: 0.006 (0.007)
Train: 6 [ 700/2502 ( 28%)]  Loss: 51.398769 (51.4266)  BaseLoss: 51.398064 (51.4259)  RefAttnKL: 0.000e+00 (0.000e+00)  RefLogitKL: 0.000e+00 (0.000e+00)  AnchorRefAttnKL: 0.000e+00 (0.000e+00)  TeacherAttnKL: 0.000e+00 (0.000e+00)  TeacherQKRel: 0.000e+00 (0.000e+00)  TeacherAttnOut: 0.000e+00 (0.000e+00)  TeacherFeatOut: 1.409e-01 (1.326e-01)  BinReg: 0.000e+00 (0.000e+00)  Time: 0.224s, 2286.51/s  (0.224s, 2285.95/s)  LR: 6.781e-05  RefW: 0.000e+00  AnchorRefW: 0.000e+00  Data: 0.006 (0.007)
Train: 6 [ 750/2502 ( 30%)]  Loss: 51.369484 (51.4230)  BaseLoss: 51.368862 (51.4223)  RefAttnKL: 0.000e+00 (0.000e+00)  RefLogitKL: 0.000e+00 (0.000e+00)  AnchorRefAttnKL: 0.000e+00 (0.000e+00)  TeacherAttnKL: 0.000e+00 (0.000e+00)  TeacherQKRel: 0.000e+00 (0.000e+00)  TeacherAttnOut: 0.000e+00 (0.000e+00)  TeacherFeatOut: 1.258e-01 (1.322e-01)  BinReg: 0.000e+00 (0.000e+00)  Time: 0.224s, 2284.70/s  (0.224s, 2286.45/s)  LR: 6.727e-05  RefW: 0.000e+00  AnchorRefW: 0.000e+00  Data: 0.007 (0.006)
Train: 6 [ 800/2502 ( 32%)]  Loss: 51.431351 (51.4235)  BaseLoss: 51.430695 (51.4228)  RefAttnKL: 0.000e+00 (0.000e+00)  RefLogitKL: 0.000e+00 (0.000e+00)  AnchorRefAttnKL: 0.000e+00 (0.000e+00)  TeacherAttnKL: 0.000e+00 (0.000e+00)  TeacherQKRel: 0.000e+00 (0.000e+00)  TeacherAttnOut: 0.000e+00 (0.000e+00)  TeacherFeatOut: 1.310e-01 (1.321e-01)  BinReg: 0.000e+00 (0.000e+00)  Time: 0.224s, 2288.43/s  (0.224s, 2287.06/s)  LR: 6.672e-05  RefW: 0.000e+00  AnchorRefW: 0.000e+00  Data: 0.006 (0.006)
Train: 6 [ 850/2502 ( 34%)]  Loss: 51.387825 (51.4215)  BaseLoss: 51.387184 (51.4209)  RefAttnKL: 0.000e+00 (0.000e+00)  RefLogitKL: 0.000e+00 (0.000e+00)  AnchorRefAttnKL: 0.000e+00 (0.000e+00)  TeacherAttnKL: 0.000e+00 (0.000e+00)  TeacherQKRel: 0.000e+00 (0.000e+00)  TeacherAttnOut: 0.000e+00 (0.000e+00)  TeacherFeatOut: 1.281e-01 (1.319e-01)  BinReg: 0.000e+00 (0.000e+00)  Time: 0.224s, 2289.53/s  (0.224s, 2287.29/s)  LR: 6.617e-05  RefW: 0.000e+00  AnchorRefW: 0.000e+00  Data: 0.006 (0.006)
Train: 6 [ 900/2502 ( 36%)]  Loss: 51.413605 (51.4211)  BaseLoss: 51.412956 (51.4204)  RefAttnKL: 0.000e+00 (0.000e+00)  RefLogitKL: 0.000e+00 (0.000e+00)  AnchorRefAttnKL: 0.000e+00 (0.000e+00)  TeacherAttnKL: 0.000e+00 (0.000e+00)  TeacherQKRel: 0.000e+00 (0.000e+00)  TeacherAttnOut: 0.000e+00 (0.000e+00)  TeacherFeatOut: 1.291e-01 (1.318e-01)  BinReg: 0.000e+00 (0.000e+00)  Time: 0.224s, 2288.69/s  (0.224s, 2287.55/s)  LR: 6.563e-05  RefW: 0.000e+00  AnchorRefW: 0.000e+00  Data: 0.005 (0.006)
Train: 6 [ 950/2502 ( 38%)]  Loss: 51.403614 (51.4202)  BaseLoss: 51.402988 (51.4196)  RefAttnKL: 0.000e+00 (0.000e+00)  RefLogitKL: 0.000e+00 (0.000e+00)  AnchorRefAttnKL: 0.000e+00 (0.000e+00)  TeacherAttnKL: 0.000e+00 (0.000e+00)  TeacherQKRel: 0.000e+00 (0.000e+00)  TeacherAttnOut: 0.000e+00 (0.000e+00)  TeacherFeatOut: 1.256e-01 (1.315e-01)  BinReg: 0.000e+00 (0.000e+00)  Time: 0.223s, 2293.14/s  (0.224s, 2287.99/s)  LR: 6.509e-05  RefW: 0.000e+00  AnchorRefW: 0.000e+00  Data: 0.005 (0.006)
Train: 6 [1000/2502 ( 40%)]  Loss: 51.423893 (51.4204)  BaseLoss: 51.423256 (51.4197)  RefAttnKL: 0.000e+00 (0.000e+00)  RefLogitKL: 0.000e+00 (0.000e+00)  AnchorRefAttnKL: 0.000e+00 (0.000e+00)  TeacherAttnKL: 0.000e+00 (0.000e+00)  TeacherQKRel: 0.000e+00 (0.000e+00)  TeacherAttnOut: 0.000e+00 (0.000e+00)  TeacherFeatOut: 1.262e-01 (1.312e-01)  BinReg: 0.000e+00 (0.000e+00)  Time: 0.224s, 2287.43/s  (0.224s, 2288.07/s)  LR: 6.455e-05  RefW: 0.000e+00  AnchorRefW: 0.000e+00  Data: 0.005 (0.006)
Train: 6 [1050/2502 ( 42%)]  Loss: 51.419052 (51.4203)  BaseLoss: 51.418419 (51.4197)  RefAttnKL: 0.000e+00 (0.000e+00)  RefLogitKL: 0.000e+00 (0.000e+00)  AnchorRefAttnKL: 0.000e+00 (0.000e+00)  TeacherAttnKL: 0.000e+00 (0.000e+00)  TeacherQKRel: 0.000e+00 (0.000e+00)  TeacherAttnOut: 0.000e+00 (0.000e+00)  TeacherFeatOut: 1.264e-01 (1.310e-01)  BinReg: 0.000e+00 (0.000e+00)  Time: 0.224s, 2289.48/s  (0.224s, 2288.26/s)  LR: 6.401e-05  RefW: 0.000e+00  AnchorRefW: 0.000e+00  Data: 0.005 (0.006)
Train: 6 [1100/2502 ( 44%)]  Loss: 51.355381 (51.4175)  BaseLoss: 51.354740 (51.4169)  RefAttnKL: 0.000e+00 (0.000e+00)  RefLogitKL: 0.000e+00 (0.000e+00)  AnchorRefAttnKL: 0.000e+00 (0.000e+00)  TeacherAttnKL: 0.000e+00 (0.000e+00)  TeacherQKRel: 0.000e+00 (0.000e+00)  TeacherAttnOut: 0.000e+00 (0.000e+00)  TeacherFeatOut: 1.281e-01 (1.309e-01)  BinReg: 0.000e+00 (0.000e+00)  Time: 0.223s, 2290.97/s  (0.224s, 2288.19/s)  LR: 6.347e-05  RefW: 0.000e+00  AnchorRefW: 0.000e+00  Data: 0.006 (0.006)
Train: 6 [1150/2502 ( 46%)]  Loss: 51.409306 (51.4172)  BaseLoss: 51.408669 (51.4165)  RefAttnKL: 0.000e+00 (0.000e+00)  RefLogitKL: 0.000e+00 (0.000e+00)  AnchorRefAttnKL: 0.000e+00 (0.000e+00)  TeacherAttnKL: 0.000e+00 (0.000e+00)  TeacherQKRel: 0.000e+00 (0.000e+00)  TeacherAttnOut: 0.000e+00 (0.000e+00)  TeacherFeatOut: 1.282e-01 (1.308e-01)  BinReg: 0.000e+00 (0.000e+00)  Time: 0.224s, 2287.99/s  (0.224s, 2288.53/s)  LR: 6.294e-05  RefW: 0.000e+00  AnchorRefW: 0.000e+00  Data: 0.006 (0.006)
Train: 6 [1200/2502 ( 48%)]  Loss: 51.395123 (51.4163)  BaseLoss: 51.394466 (51.4156)  RefAttnKL: 0.000e+00 (0.000e+00)  RefLogitKL: 0.000e+00 (0.000e+00)  AnchorRefAttnKL: 0.000e+00 (0.000e+00)  TeacherAttnKL: 0.000e+00 (0.000e+00)  TeacherQKRel: 0.000e+00 (0.000e+00)  TeacherAttnOut: 0.000e+00 (0.000e+00)  TeacherFeatOut: 1.312e-01 (1.308e-01)  BinReg: 0.000e+00 (0.000e+00)  Time: 0.224s, 2287.67/s  (0.224s, 2288.81/s)  LR: 6.240e-05  RefW: 0.000e+00  AnchorRefW: 0.000e+00  Data: 0.006 (0.006)
Train: 6 [1250/2502 ( 50%)]  Loss: 51.430241 (51.4168)  BaseLoss: 51.429585 (51.4162)  RefAttnKL: 0.000e+00 (0.000e+00)  RefLogitKL: 0.000e+00 (0.000e+00)  AnchorRefAttnKL: 0.000e+00 (0.000e+00)  TeacherAttnKL: 0.000e+00 (0.000e+00)  TeacherQKRel: 0.000e+00 (0.000e+00)  TeacherAttnOut: 0.000e+00 (0.000e+00)  TeacherFeatOut: 1.312e-01 (1.308e-01)  BinReg: 0.000e+00 (0.000e+00)  Time: 0.224s, 2286.48/s  (0.224s, 2289.08/s)  LR: 6.187e-05  RefW: 0.000e+00  AnchorRefW: 0.000e+00  Data: 0.006 (0.006)
Train: 6 [1300/2502 ( 52%)]  Loss: 51.444057 (51.4178)  BaseLoss: 51.443394 (51.4172)  RefAttnKL: 0.000e+00 (0.000e+00)  RefLogitKL: 0.000e+00 (0.000e+00)  AnchorRefAttnKL: 0.000e+00 (0.000e+00)  TeacherAttnKL: 0.000e+00 (0.000e+00)  TeacherQKRel: 0.000e+00 (0.000e+00)  TeacherAttnOut: 0.000e+00 (0.000e+00)  TeacherFeatOut: 1.328e-01 (1.309e-01)  BinReg: 0.000e+00 (0.000e+00)  Time: 0.224s, 2286.12/s  (0.224s, 2289.24/s)  LR: 6.134e-05  RefW: 0.000e+00  AnchorRefW: 0.000e+00  Data: 0.005 (0.006)
Train: 6 [1350/2502 ( 54%)]  Loss: 51.422398 (51.4180)  BaseLoss: 51.421745 (51.4173)  RefAttnKL: 0.000e+00 (0.000e+00)  RefLogitKL: 0.000e+00 (0.000e+00)  AnchorRefAttnKL: 0.000e+00 (0.000e+00)  TeacherAttnKL: 0.000e+00 (0.000e+00)  TeacherQKRel: 0.000e+00 (0.000e+00)  TeacherAttnOut: 0.000e+00 (0.000e+00)  TeacherFeatOut: 1.302e-01 (1.308e-01)  BinReg: 0.000e+00 (0.000e+00)  Time: 0.224s, 2286.51/s  (0.224s, 2289.45/s)  LR: 6.081e-05  RefW: 0.000e+00  AnchorRefW: 0.000e+00  Data: 0.006 (0.006)
Train: 6 [1400/2502 ( 56%)]  Loss: 51.418865 (51.4180)  BaseLoss: 51.418194 (51.4174)  RefAttnKL: 0.000e+00 (0.000e+00)  RefLogitKL: 0.000e+00 (0.000e+00)  AnchorRefAttnKL: 0.000e+00 (0.000e+00)  TeacherAttnKL: 0.000e+00 (0.000e+00)  TeacherQKRel: 0.000e+00 (0.000e+00)  TeacherAttnOut: 0.000e+00 (0.000e+00)  TeacherFeatOut: 1.335e-01 (1.309e-01)  BinReg: 0.000e+00 (0.000e+00)  Time: 0.224s, 2285.68/s  (0.224s, 2289.69/s)  LR: 6.028e-05  RefW: 0.000e+00  AnchorRefW: 0.000e+00  Data: 0.007 (0.006)
Train: 6 [1450/2502 ( 58%)]  Loss: 51.453720 (51.4192)  BaseLoss: 51.453079 (51.4186)  RefAttnKL: 0.000e+00 (0.000e+00)  RefLogitKL: 0.000e+00 (0.000e+00)  AnchorRefAttnKL: 0.000e+00 (0.000e+00)  TeacherAttnKL: 0.000e+00 (0.000e+00)  TeacherQKRel: 0.000e+00 (0.000e+00)  TeacherAttnOut: 0.000e+00 (0.000e+00)  TeacherFeatOut: 1.291e-01 (1.309e-01)  BinReg: 0.000e+00 (0.000e+00)  Time: 0.224s, 2287.36/s  (0.224s, 2289.90/s)  LR: 5.976e-05  RefW: 0.000e+00  AnchorRefW: 0.000e+00  Data: 0.006 (0.006)
Train: 6 [1500/2502 ( 60%)]  Loss: 51.447487 (51.4201)  BaseLoss: 51.446842 (51.4195)  RefAttnKL: 0.000e+00 (0.000e+00)  RefLogitKL: 0.000e+00 (0.000e+00)  AnchorRefAttnKL: 0.000e+00 (0.000e+00)  TeacherAttnKL: 0.000e+00 (0.000e+00)  TeacherQKRel: 0.000e+00 (0.000e+00)  TeacherAttnOut: 0.000e+00 (0.000e+00)  TeacherFeatOut: 1.293e-01 (1.308e-01)  BinReg: 0.000e+00 (0.000e+00)  Time: 0.224s, 2284.97/s  (0.224s, 2290.10/s)  LR: 5.924e-05  RefW: 0.000e+00  AnchorRefW: 0.000e+00  Data: 0.006 (0.006)
Train: 6 [1550/2502 ( 62%)]  Loss: 51.416481 (51.4200)  BaseLoss: 51.415817 (51.4194)  RefAttnKL: 0.000e+00 (0.000e+00)  RefLogitKL: 0.000e+00 (0.000e+00)  AnchorRefAttnKL: 0.000e+00 (0.000e+00)  TeacherAttnKL: 0.000e+00 (0.000e+00)  TeacherQKRel: 0.000e+00 (0.000e+00)  TeacherAttnOut: 0.000e+00 (0.000e+00)  TeacherFeatOut: 1.320e-01 (1.309e-01)  BinReg: 0.000e+00 (0.000e+00)  Time: 0.223s, 2292.84/s  (0.224s, 2290.12/s)  LR: 5.871e-05  RefW: 0.000e+00  AnchorRefW: 0.000e+00  Data: 0.006 (0.006)
Train: 6 [1600/2502 ( 64%)]  Loss: 51.393925 (51.4192)  BaseLoss: 51.393257 (51.4186)  RefAttnKL: 0.000e+00 (0.000e+00)  RefLogitKL: 0.000e+00 (0.000e+00)  AnchorRefAttnKL: 0.000e+00 (0.000e+00)  TeacherAttnKL: 0.000e+00 (0.000e+00)  TeacherQKRel: 0.000e+00 (0.000e+00)  TeacherAttnOut: 0.000e+00 (0.000e+00)  TeacherFeatOut: 1.330e-01 (1.309e-01)  BinReg: 0.000e+00 (0.000e+00)  Time: 0.224s, 2288.78/s  (0.224s, 2290.16/s)  LR: 5.819e-05  RefW: 0.000e+00  AnchorRefW: 0.000e+00  Data: 0.007 (0.006)
Train: 6 [1650/2502 ( 66%)]  Loss: 51.444565 (51.4200)  BaseLoss: 51.443954 (51.4193)  RefAttnKL: 0.000e+00 (0.000e+00)  RefLogitKL: 0.000e+00 (0.000e+00)  AnchorRefAttnKL: 0.000e+00 (0.000e+00)  TeacherAttnKL: 0.000e+00 (0.000e+00)  TeacherQKRel: 0.000e+00 (0.000e+00)  TeacherAttnOut: 0.000e+00 (0.000e+00)  TeacherFeatOut: 1.236e-01 (1.307e-01)  BinReg: 0.000e+00 (0.000e+00)  Time: 0.224s, 2288.43/s  (0.224s, 2290.28/s)  LR: 5.768e-05  RefW: 0.000e+00  AnchorRefW: 0.000e+00  Data: 0.006 (0.006)
Train: 6 [1700/2502 ( 68%)]  Loss: 51.415161 (51.4198)  BaseLoss: 51.414566 (51.4192)  RefAttnKL: 0.000e+00 (0.000e+00)  RefLogitKL: 0.000e+00 (0.000e+00)  AnchorRefAttnKL: 0.000e+00 (0.000e+00)  TeacherAttnKL: 0.000e+00 (0.000e+00)  TeacherQKRel: 0.000e+00 (0.000e+00)  TeacherAttnOut: 0.000e+00 (0.000e+00)  TeacherFeatOut: 1.189e-01 (1.304e-01)  BinReg: 0.000e+00 (0.000e+00)  Time: 0.223s, 2294.43/s  (0.224s, 2290.43/s)  LR: 5.716e-05  RefW: 0.000e+00  AnchorRefW: 0.000e+00  Data: 0.006 (0.006)
Train: 6 [1750/2502 ( 70%)]  Loss: 51.431877 (51.4202)  BaseLoss: 51.431236 (51.4195)  RefAttnKL: 0.000e+00 (0.000e+00)  RefLogitKL: 0.000e+00 (0.000e+00)  AnchorRefAttnKL: 0.000e+00 (0.000e+00)  TeacherAttnKL: 0.000e+00 (0.000e+00)  TeacherQKRel: 0.000e+00 (0.000e+00)  TeacherAttnOut: 0.000e+00 (0.000e+00)  TeacherFeatOut: 1.279e-01 (1.303e-01)  BinReg: 0.000e+00 (0.000e+00)  Time: 0.224s, 2290.68/s  (0.224s, 2290.57/s)  LR: 5.665e-05  RefW: 0.000e+00  AnchorRefW: 0.000e+00  Data: 0.006 (0.006)
Train: 6 [1800/2502 ( 72%)]  Loss: 51.428627 (51.4204)  BaseLoss: 51.427998 (51.4197)  RefAttnKL: 0.000e+00 (0.000e+00)  RefLogitKL: 0.000e+00 (0.000e+00)  AnchorRefAttnKL: 0.000e+00 (0.000e+00)  TeacherAttnKL: 0.000e+00 (0.000e+00)  TeacherQKRel: 0.000e+00 (0.000e+00)  TeacherAttnOut: 0.000e+00 (0.000e+00)  TeacherFeatOut: 1.252e-01 (1.302e-01)  BinReg: 0.000e+00 (0.000e+00)  Time: 0.224s, 2286.80/s  (0.224s, 2290.63/s)  LR: 5.613e-05  RefW: 0.000e+00  AnchorRefW: 0.000e+00  Data: 0.006 (0.006)
Train: 6 [1850/2502 ( 74%)]  Loss: 51.383690 (51.4194)  BaseLoss: 51.383053 (51.4188)  RefAttnKL: 0.000e+00 (0.000e+00)  RefLogitKL: 0.000e+00 (0.000e+00)  AnchorRefAttnKL: 0.000e+00 (0.000e+00)  TeacherAttnKL: 0.000e+00 (0.000e+00)  TeacherQKRel: 0.000e+00 (0.000e+00)  TeacherAttnOut: 0.000e+00 (0.000e+00)  TeacherFeatOut: 1.281e-01 (1.301e-01)  BinReg: 0.000e+00 (0.000e+00)  Time: 0.224s, 2287.18/s  (0.224s, 2290.41/s)  LR: 5.562e-05  RefW: 0.000e+00  AnchorRefW: 0.000e+00  Data: 0.006 (0.006)
Train: 6 [1900/2502 ( 76%)]  Loss: 51.434956 (51.4198)  BaseLoss: 51.434322 (51.4192)  RefAttnKL: 0.000e+00 (0.000e+00)  RefLogitKL: 0.000e+00 (0.000e+00)  AnchorRefAttnKL: 0.000e+00 (0.000e+00)  TeacherAttnKL: 0.000e+00 (0.000e+00)  TeacherQKRel: 0.000e+00 (0.000e+00)  TeacherAttnOut: 0.000e+00 (0.000e+00)  TeacherFeatOut: 1.269e-01 (1.300e-01)  BinReg: 0.000e+00 (0.000e+00)  Time: 0.224s, 2287.12/s  (0.224s, 2290.56/s)  LR: 5.511e-05  RefW: 0.000e+00  AnchorRefW: 0.000e+00  Data: 0.006 (0.006)
Train: 6 [1950/2502 ( 78%)]  Loss: 51.449444 (51.4206)  BaseLoss: 51.448807 (51.4199)  RefAttnKL: 0.000e+00 (0.000e+00)  RefLogitKL: 0.000e+00 (0.000e+00)  AnchorRefAttnKL: 0.000e+00 (0.000e+00)  TeacherAttnKL: 0.000e+00 (0.000e+00)  TeacherQKRel: 0.000e+00 (0.000e+00)  TeacherAttnOut: 0.000e+00 (0.000e+00)  TeacherFeatOut: 1.280e-01 (1.300e-01)  BinReg: 0.000e+00 (0.000e+00)  Time: 0.226s, 2266.00/s  (0.224s, 2290.28/s)  LR: 5.461e-05  RefW: 0.000e+00  AnchorRefW: 0.000e+00  Data: 0.006 (0.006)
Train: 6 [2000/2502 ( 80%)]  Loss: 51.441975 (51.4211)  BaseLoss: 51.441338 (51.4204)  RefAttnKL: 0.000e+00 (0.000e+00)  RefLogitKL: 0.000e+00 (0.000e+00)  AnchorRefAttnKL: 0.000e+00 (0.000e+00)  TeacherAttnKL: 0.000e+00 (0.000e+00)  TeacherQKRel: 0.000e+00 (0.000e+00)  TeacherAttnOut: 0.000e+00 (0.000e+00)  TeacherFeatOut: 1.275e-01 (1.299e-01)  BinReg: 0.000e+00 (0.000e+00)  Time: 0.224s, 2285.97/s  (0.224s, 2290.28/s)  LR: 5.410e-05  RefW: 0.000e+00  AnchorRefW: 0.000e+00  Data: 0.006 (0.006)
Train: 6 [2050/2502 ( 82%)]  Loss: 51.371223 (51.4199)  BaseLoss: 51.370567 (51.4193)  RefAttnKL: 0.000e+00 (0.000e+00)  RefLogitKL: 0.000e+00 (0.000e+00)  AnchorRefAttnKL: 0.000e+00 (0.000e+00)  TeacherAttnKL: 0.000e+00 (0.000e+00)  TeacherQKRel: 0.000e+00 (0.000e+00)  TeacherAttnOut: 0.000e+00 (0.000e+00)  TeacherFeatOut: 1.313e-01 (1.299e-01)  BinReg: 0.000e+00 (0.000e+00)  Time: 0.225s, 2278.79/s  (0.224s, 2290.36/s)  LR: 5.360e-05  RefW: 0.000e+00  AnchorRefW: 0.000e+00  Data: 0.007 (0.006)
Train: 6 [2100/2502 ( 84%)]  Loss: 51.395016 (51.4193)  BaseLoss: 51.394375 (51.4187)  RefAttnKL: 0.000e+00 (0.000e+00)  RefLogitKL: 0.000e+00 (0.000e+00)  AnchorRefAttnKL: 0.000e+00 (0.000e+00)  TeacherAttnKL: 0.000e+00 (0.000e+00)  TeacherQKRel: 0.000e+00 (0.000e+00)  TeacherAttnOut: 0.000e+00 (0.000e+00)  TeacherFeatOut: 1.283e-01 (1.299e-01)  BinReg: 0.000e+00 (0.000e+00)  Time: 0.224s, 2290.06/s  (0.224s, 2290.38/s)  LR: 5.310e-05  RefW: 0.000e+00  AnchorRefW: 0.000e+00  Data: 0.006 (0.006)
Train: 6 [2150/2502 ( 86%)]  Loss: 51.409969 (51.4191)  BaseLoss: 51.409340 (51.4185)  RefAttnKL: 0.000e+00 (0.000e+00)  RefLogitKL: 0.000e+00 (0.000e+00)  AnchorRefAttnKL: 0.000e+00 (0.000e+00)  TeacherAttnKL: 0.000e+00 (0.000e+00)  TeacherQKRel: 0.000e+00 (0.000e+00)  TeacherAttnOut: 0.000e+00 (0.000e+00)  TeacherFeatOut: 1.270e-01 (1.298e-01)  BinReg: 0.000e+00 (0.000e+00)  Time: 0.223s, 2294.53/s  (0.224s, 2290.51/s)  LR: 5.260e-05  RefW: 0.000e+00  AnchorRefW: 0.000e+00  Data: 0.005 (0.006)
Train: 6 [2200/2502 ( 88%)]  Loss: 51.404991 (51.4188)  BaseLoss: 51.404324 (51.4181)  RefAttnKL: 0.000e+00 (0.000e+00)  RefLogitKL: 0.000e+00 (0.000e+00)  AnchorRefAttnKL: 0.000e+00 (0.000e+00)  TeacherAttnKL: 0.000e+00 (0.000e+00)  TeacherQKRel: 0.000e+00 (0.000e+00)  TeacherAttnOut: 0.000e+00 (0.000e+00)  TeacherFeatOut: 1.338e-01 (1.299e-01)  BinReg: 0.000e+00 (0.000e+00)  Time: 0.224s, 2286.77/s  (0.224s, 2290.63/s)  LR: 5.210e-05  RefW: 0.000e+00  AnchorRefW: 0.000e+00  Data: 0.007 (0.006)
Train: 6 [2250/2502 ( 90%)]  Loss: 51.406456 (51.4185)  BaseLoss: 51.405838 (51.4179)  RefAttnKL: 0.000e+00 (0.000e+00)  RefLogitKL: 0.000e+00 (0.000e+00)  AnchorRefAttnKL: 0.000e+00 (0.000e+00)  TeacherAttnKL: 0.000e+00 (0.000e+00)  TeacherQKRel: 0.000e+00 (0.000e+00)  TeacherAttnOut: 0.000e+00 (0.000e+00)  TeacherFeatOut: 1.245e-01 (1.298e-01)  BinReg: 0.000e+00 (0.000e+00)  Time: 0.224s, 2283.51/s  (0.224s, 2290.75/s)  LR: 5.161e-05  RefW: 0.000e+00  AnchorRefW: 0.000e+00  Data: 0.007 (0.006)
Train: 6 [2300/2502 ( 92%)]  Loss: 51.445976 (51.4191)  BaseLoss: 51.445332 (51.4185)  RefAttnKL: 0.000e+00 (0.000e+00)  RefLogitKL: 0.000e+00 (0.000e+00)  AnchorRefAttnKL: 0.000e+00 (0.000e+00)  TeacherAttnKL: 0.000e+00 (0.000e+00)  TeacherQKRel: 0.000e+00 (0.000e+00)  TeacherAttnOut: 0.000e+00 (0.000e+00)  TeacherFeatOut: 1.290e-01 (1.298e-01)  BinReg: 0.000e+00 (0.000e+00)  Time: 0.223s, 2291.13/s  (0.223s, 2290.86/s)  LR: 5.112e-05  RefW: 0.000e+00  AnchorRefW: 0.000e+00  Data: 0.006 (0.006)
Train: 6 [2350/2502 ( 94%)]  Loss: 51.417702 (51.4191)  BaseLoss: 51.417107 (51.4184)  RefAttnKL: 0.000e+00 (0.000e+00)  RefLogitKL: 0.000e+00 (0.000e+00)  AnchorRefAttnKL: 0.000e+00 (0.000e+00)  TeacherAttnKL: 0.000e+00 (0.000e+00)  TeacherQKRel: 0.000e+00 (0.000e+00)  TeacherAttnOut: 0.000e+00 (0.000e+00)  TeacherFeatOut: 1.193e-01 (1.296e-01)  BinReg: 0.000e+00 (0.000e+00)  Time: 0.224s, 2287.20/s  (0.223s, 2290.96/s)  LR: 5.063e-05  RefW: 0.000e+00  AnchorRefW: 0.000e+00  Data: 0.007 (0.006)
Train: 6 [2400/2502 ( 96%)]  Loss: 51.386078 (51.4184)  BaseLoss: 51.385452 (51.4178)  RefAttnKL: 0.000e+00 (0.000e+00)  RefLogitKL: 0.000e+00 (0.000e+00)  AnchorRefAttnKL: 0.000e+00 (0.000e+00)  TeacherAttnKL: 0.000e+00 (0.000e+00)  TeacherQKRel: 0.000e+00 (0.000e+00)  TeacherAttnOut: 0.000e+00 (0.000e+00)  TeacherFeatOut: 1.247e-01 (1.295e-01)  BinReg: 0.000e+00 (0.000e+00)  Time: 0.224s, 2286.20/s  (0.223s, 2291.07/s)  LR: 5.014e-05  RefW: 0.000e+00  AnchorRefW: 0.000e+00  Data: 0.007 (0.006)
Train: 6 [2450/2502 ( 98%)]  Loss: 51.434784 (51.4187)  BaseLoss: 51.434155 (51.4181)  RefAttnKL: 0.000e+00 (0.000e+00)  RefLogitKL: 0.000e+00 (0.000e+00)  AnchorRefAttnKL: 0.000e+00 (0.000e+00)  TeacherAttnKL: 0.000e+00 (0.000e+00)  TeacherQKRel: 0.000e+00 (0.000e+00)  TeacherAttnOut: 0.000e+00 (0.000e+00)  TeacherFeatOut: 1.264e-01 (1.294e-01)  BinReg: 0.000e+00 (0.000e+00)  Time: 0.224s, 2290.48/s  (0.223s, 2291.17/s)  LR: 4.965e-05  RefW: 0.000e+00  AnchorRefW: 0.000e+00  Data: 0.007 (0.006)
TrainSummary: epoch=6 updates=2496 avg_step_time=0.223455s samples_per_step=512 samples_per_sec=2291.29
epoch:  6 g['lr']:  4.9218322932720185e-05
model eval
TestLocal: [   0/97]  Time: 0.912 (0.912)  Loss:  0.7439  Acc@1: 84.3750  Acc@5: 96.8750  Samples: 64
TestLocal: [  50/97]  Time: 0.091 (0.107)  Loss:  0.8305  Acc@1: 81.3419  Acc@5: 95.4044  Samples: 3264
TestLocal: [  97/97]  Time: 0.044 (0.098)  Loss:  0.8303  Acc@1: 81.1345  Acc@5: 95.3647  Samples: 6170
TestLocal: [ 100/97]  Time: 0.043 (0.097)  Loss:  0.8304  Acc@1: 81.1272  Acc@5: 95.3623  Samples: 6210
Test: [distributed-summary]  Time: 10.155s  Loss: 0.8604  Acc@1: 80.0300  Acc@5: 95.2180  Samples: 50000
Trainable parameter policy: epoch=7, quant_only=False, policy=all, trainable=28608256, frozen=0
Teacher feature-output hooks: layers=('features.5.5', 'features.7.1'), student_matches=('features.5.5', 'features.7.1'), teacher_matches=('features.5.5', 'features.7.1')
Trainable parameter update policy: epoch=7, update=0, mode=requires_grad, policy=all, trainable=28608256, frozen=0
Teacher feature-output debug: student_count=2, teacher_count=2, 0:s=(64, 14, 14, 384) t=(64, 14, 14, 384) mse=4.811e+00; 1:s=(64, 7, 7, 768) t=(64, 7, 7, 768) mse=1.338e+00
Train: 7 [   0/2502 (  0%)]  Loss: 51.411125 (51.4111)  BaseLoss: 51.410519 (51.4105)  RefAttnKL: 0.000e+00 (0.000e+00)  RefLogitKL: 0.000e+00 (0.000e+00)  AnchorRefAttnKL: 0.000e+00 (0.000e+00)  TeacherAttnKL: 0.000e+00 (0.000e+00)  TeacherQKRel: 0.000e+00 (0.000e+00)  TeacherAttnOut: 0.000e+00 (0.000e+00)  TeacherFeatOut: 1.215e-01 (1.215e-01)  BinReg: 0.000e+00 (0.000e+00)  Time: 0.996s,  513.84/s  (0.996s,  513.84/s)  LR: 4.915e-05  RefW: 0.000e+00  AnchorRefW: 0.000e+00  Data: 0.798 (0.798)
Train: 7 [  50/2502 (  2%)]  Loss: 51.410255 (51.4107)  BaseLoss: 51.409603 (51.4101)  RefAttnKL: 0.000e+00 (0.000e+00)  RefLogitKL: 0.000e+00 (0.000e+00)  AnchorRefAttnKL: 0.000e+00 (0.000e+00)  TeacherAttnKL: 0.000e+00 (0.000e+00)  TeacherQKRel: 0.000e+00 (0.000e+00)  TeacherAttnOut: 0.000e+00 (0.000e+00)  TeacherFeatOut: 1.304e-01 (1.259e-01)  BinReg: 0.000e+00 (0.000e+00)  Time: 0.226s, 2265.51/s  (0.239s, 2145.58/s)  LR: 4.867e-05  RefW: 0.000e+00  AnchorRefW: 0.000e+00  Data: 0.005 (0.021)
Train: 7 [ 100/2502 (  4%)]  Loss: 51.414696 (51.4120)  BaseLoss: 51.414085 (51.4114)  RefAttnKL: 0.000e+00 (0.000e+00)  RefLogitKL: 0.000e+00 (0.000e+00)  AnchorRefAttnKL: 0.000e+00 (0.000e+00)  TeacherAttnKL: 0.000e+00 (0.000e+00)  TeacherQKRel: 0.000e+00 (0.000e+00)  TeacherAttnOut: 0.000e+00 (0.000e+00)  TeacherFeatOut: 1.224e-01 (1.248e-01)  BinReg: 0.000e+00 (0.000e+00)  Time: 0.224s, 2283.77/s  (0.231s, 2216.60/s)  LR: 4.819e-05  RefW: 0.000e+00  AnchorRefW: 0.000e+00  Data: 0.006 (0.013)
Train: 7 [ 150/2502 (  6%)]  Loss: 51.407906 (51.4110)  BaseLoss: 51.407326 (51.4104)  RefAttnKL: 0.000e+00 (0.000e+00)  RefLogitKL: 0.000e+00 (0.000e+00)  AnchorRefAttnKL: 0.000e+00 (0.000e+00)  TeacherAttnKL: 0.000e+00 (0.000e+00)  TeacherQKRel: 0.000e+00 (0.000e+00)  TeacherAttnOut: 0.000e+00 (0.000e+00)  TeacherFeatOut: 1.151e-01 (1.223e-01)  BinReg: 0.000e+00 (0.000e+00)  Time: 0.224s, 2288.72/s  (0.228s, 2241.81/s)  LR: 4.771e-05  RefW: 0.000e+00  AnchorRefW: 0.000e+00  Data: 0.006 (0.011)
Train: 7 [ 200/2502 (  8%)]  Loss: 51.419071 (51.4126)  BaseLoss: 51.418446 (51.4120)  RefAttnKL: 0.000e+00 (0.000e+00)  RefLogitKL: 0.000e+00 (0.000e+00)  AnchorRefAttnKL: 0.000e+00 (0.000e+00)  TeacherAttnKL: 0.000e+00 (0.000e+00)  TeacherQKRel: 0.000e+00 (0.000e+00)  TeacherAttnOut: 0.000e+00 (0.000e+00)  TeacherFeatOut: 1.262e-01 (1.231e-01)  BinReg: 0.000e+00 (0.000e+00)  Time: 0.224s, 2287.71/s  (0.227s, 2255.00/s)  LR: 4.724e-05  RefW: 0.000e+00  AnchorRefW: 0.000e+00  Data: 0.006 (0.010)
Train: 7 [ 250/2502 ( 10%)]  Loss: 51.450821 (51.4190)  BaseLoss: 51.450165 (51.4184)  RefAttnKL: 0.000e+00 (0.000e+00)  RefLogitKL: 0.000e+00 (0.000e+00)  AnchorRefAttnKL: 0.000e+00 (0.000e+00)  TeacherAttnKL: 0.000e+00 (0.000e+00)  TeacherQKRel: 0.000e+00 (0.000e+00)  TeacherAttnOut: 0.000e+00 (0.000e+00)  TeacherFeatOut: 1.312e-01 (1.245e-01)  BinReg: 0.000e+00 (0.000e+00)  Time: 0.223s, 2291.24/s  (0.226s, 2262.73/s)  LR: 4.677e-05  RefW: 0.000e+00  AnchorRefW: 0.000e+00  Data: 0.006 (0.009)
Train: 7 [ 300/2502 ( 12%)]  Loss: 51.413094 (51.4181)  BaseLoss: 51.412434 (51.4175)  RefAttnKL: 0.000e+00 (0.000e+00)  RefLogitKL: 0.000e+00 (0.000e+00)  AnchorRefAttnKL: 0.000e+00 (0.000e+00)  TeacherAttnKL: 0.000e+00 (0.000e+00)  TeacherQKRel: 0.000e+00 (0.000e+00)  TeacherAttnOut: 0.000e+00 (0.000e+00)  TeacherFeatOut: 1.313e-01 (1.254e-01)  BinReg: 0.000e+00 (0.000e+00)  Time: 0.223s, 2293.48/s  (0.226s, 2268.13/s)  LR: 4.630e-05  RefW: 0.000e+00  AnchorRefW: 0.000e+00  Data: 0.006 (0.008)
Train: 7 [ 350/2502 ( 14%)]  Loss: 51.438602 (51.4207)  BaseLoss: 51.438004 (51.4201)  RefAttnKL: 0.000e+00 (0.000e+00)  RefLogitKL: 0.000e+00 (0.000e+00)  AnchorRefAttnKL: 0.000e+00 (0.000e+00)  TeacherAttnKL: 0.000e+00 (0.000e+00)  TeacherQKRel: 0.000e+00 (0.000e+00)  TeacherAttnOut: 0.000e+00 (0.000e+00)  TeacherFeatOut: 1.178e-01 (1.245e-01)  BinReg: 0.000e+00 (0.000e+00)  Time: 0.223s, 2292.24/s  (0.225s, 2271.23/s)  LR: 4.583e-05  RefW: 0.000e+00  AnchorRefW: 0.000e+00  Data: 0.006 (0.008)
Train: 7 [ 400/2502 ( 16%)]  Loss: 51.427116 (51.4214)  BaseLoss: 51.426483 (51.4208)  RefAttnKL: 0.000e+00 (0.000e+00)  RefLogitKL: 0.000e+00 (0.000e+00)  AnchorRefAttnKL: 0.000e+00 (0.000e+00)  TeacherAttnKL: 0.000e+00 (0.000e+00)  TeacherQKRel: 0.000e+00 (0.000e+00)  TeacherAttnOut: 0.000e+00 (0.000e+00)  TeacherFeatOut: 1.267e-01 (1.247e-01)  BinReg: 0.000e+00 (0.000e+00)  Time: 0.224s, 2287.36/s  (0.225s, 2274.26/s)  LR: 4.536e-05  RefW: 0.000e+00  AnchorRefW: 0.000e+00  Data: 0.007 (0.008)
Train: 7 [ 450/2502 ( 18%)]  Loss: 51.440468 (51.4233)  BaseLoss: 51.439857 (51.4227)  RefAttnKL: 0.000e+00 (0.000e+00)  RefLogitKL: 0.000e+00 (0.000e+00)  AnchorRefAttnKL: 0.000e+00 (0.000e+00)  TeacherAttnKL: 0.000e+00 (0.000e+00)  TeacherQKRel: 0.000e+00 (0.000e+00)  TeacherAttnOut: 0.000e+00 (0.000e+00)  TeacherFeatOut: 1.228e-01 (1.245e-01)  BinReg: 0.000e+00 (0.000e+00)  Time: 0.223s, 2291.08/s  (0.225s, 2276.57/s)  LR: 4.490e-05  RefW: 0.000e+00  AnchorRefW: 0.000e+00  Data: 0.005 (0.008)
Train: 7 [ 500/2502 ( 20%)]  Loss: 51.442875 (51.4251)  BaseLoss: 51.442268 (51.4245)  RefAttnKL: 0.000e+00 (0.000e+00)  RefLogitKL: 0.000e+00 (0.000e+00)  AnchorRefAttnKL: 0.000e+00 (0.000e+00)  TeacherAttnKL: 0.000e+00 (0.000e+00)  TeacherQKRel: 0.000e+00 (0.000e+00)  TeacherAttnOut: 0.000e+00 (0.000e+00)  TeacherFeatOut: 1.219e-01 (1.243e-01)  BinReg: 0.000e+00 (0.000e+00)  Time: 0.224s, 2281.39/s  (0.225s, 2278.49/s)  LR: 4.444e-05  RefW: 0.000e+00  AnchorRefW: 0.000e+00  Data: 0.005 (0.007)
Train: 7 [ 550/2502 ( 22%)]  Loss: 51.467087 (51.4286)  BaseLoss: 51.466461 (51.4280)  RefAttnKL: 0.000e+00 (0.000e+00)  RefLogitKL: 0.000e+00 (0.000e+00)  AnchorRefAttnKL: 0.000e+00 (0.000e+00)  TeacherAttnKL: 0.000e+00 (0.000e+00)  TeacherQKRel: 0.000e+00 (0.000e+00)  TeacherAttnOut: 0.000e+00 (0.000e+00)  TeacherFeatOut: 1.252e-01 (1.244e-01)  BinReg: 0.000e+00 (0.000e+00)  Time: 0.223s, 2291.23/s  (0.225s, 2279.47/s)  LR: 4.398e-05  RefW: 0.000e+00  AnchorRefW: 0.000e+00  Data: 0.006 (0.007)
Train: 7 [ 600/2502 ( 24%)]  Loss: 51.388306 (51.4255)  BaseLoss: 51.387691 (51.4249)  RefAttnKL: 0.000e+00 (0.000e+00)  RefLogitKL: 0.000e+00 (0.000e+00)  AnchorRefAttnKL: 0.000e+00 (0.000e+00)  TeacherAttnKL: 0.000e+00 (0.000e+00)  TeacherQKRel: 0.000e+00 (0.000e+00)  TeacherAttnOut: 0.000e+00 (0.000e+00)  TeacherFeatOut: 1.233e-01 (1.243e-01)  BinReg: 0.000e+00 (0.000e+00)  Time: 0.224s, 2283.08/s  (0.224s, 2280.85/s)  LR: 4.352e-05  RefW: 0.000e+00  AnchorRefW: 0.000e+00  Data: 0.007 (0.007)
Train: 7 [ 650/2502 ( 26%)]  Loss: 51.423954 (51.4254)  BaseLoss: 51.423351 (51.4248)  RefAttnKL: 0.000e+00 (0.000e+00)  RefLogitKL: 0.000e+00 (0.000e+00)  AnchorRefAttnKL: 0.000e+00 (0.000e+00)  TeacherAttnKL: 0.000e+00 (0.000e+00)  TeacherQKRel: 0.000e+00 (0.000e+00)  TeacherAttnOut: 0.000e+00 (0.000e+00)  TeacherFeatOut: 1.204e-01 (1.240e-01)  BinReg: 0.000e+00 (0.000e+00)  Time: 0.224s, 2288.93/s  (0.224s, 2281.47/s)  LR: 4.307e-05  RefW: 0.000e+00  AnchorRefW: 0.000e+00  Data: 0.006 (0.007)
Train: 7 [ 700/2502 ( 28%)]  Loss: 51.363258 (51.4212)  BaseLoss: 51.362625 (51.4206)  RefAttnKL: 0.000e+00 (0.000e+00)  RefLogitKL: 0.000e+00 (0.000e+00)  AnchorRefAttnKL: 0.000e+00 (0.000e+00)  TeacherAttnKL: 0.000e+00 (0.000e+00)  TeacherQKRel: 0.000e+00 (0.000e+00)  TeacherAttnOut: 0.000e+00 (0.000e+00)  TeacherFeatOut: 1.267e-01 (1.242e-01)  BinReg: 0.000e+00 (0.000e+00)  Time: 0.224s, 2289.11/s  (0.224s, 2282.47/s)  LR: 4.262e-05  RefW: 0.000e+00  AnchorRefW: 0.000e+00  Data: 0.006 (0.007)
Train: 7 [ 750/2502 ( 30%)]  Loss: 51.353561 (51.4170)  BaseLoss: 51.352951 (51.4164)  RefAttnKL: 0.000e+00 (0.000e+00)  RefLogitKL: 0.000e+00 (0.000e+00)  AnchorRefAttnKL: 0.000e+00 (0.000e+00)  TeacherAttnKL: 0.000e+00 (0.000e+00)  TeacherQKRel: 0.000e+00 (0.000e+00)  TeacherAttnOut: 0.000e+00 (0.000e+00)  TeacherFeatOut: 1.223e-01 (1.241e-01)  BinReg: 0.000e+00 (0.000e+00)  Time: 0.225s, 2272.02/s  (0.224s, 2283.30/s)  LR: 4.217e-05  RefW: 0.000e+00  AnchorRefW: 0.000e+00  Data: 0.006 (0.007)
Train: 7 [ 800/2502 ( 32%)]  Loss: 51.422840 (51.4174)  BaseLoss: 51.422211 (51.4167)  RefAttnKL: 0.000e+00 (0.000e+00)  RefLogitKL: 0.000e+00 (0.000e+00)  AnchorRefAttnKL: 0.000e+00 (0.000e+00)  TeacherAttnKL: 0.000e+00 (0.000e+00)  TeacherQKRel: 0.000e+00 (0.000e+00)  TeacherAttnOut: 0.000e+00 (0.000e+00)  TeacherFeatOut: 1.263e-01 (1.242e-01)  BinReg: 0.000e+00 (0.000e+00)  Time: 0.223s, 2295.34/s  (0.224s, 2284.10/s)  LR: 4.173e-05  RefW: 0.000e+00  AnchorRefW: 0.000e+00  Data: 0.006 (0.007)
Train: 7 [ 850/2502 ( 34%)]  Loss: 51.400375 (51.4164)  BaseLoss: 51.399754 (51.4158)  RefAttnKL: 0.000e+00 (0.000e+00)  RefLogitKL: 0.000e+00 (0.000e+00)  AnchorRefAttnKL: 0.000e+00 (0.000e+00)  TeacherAttnKL: 0.000e+00 (0.000e+00)  TeacherQKRel: 0.000e+00 (0.000e+00)  TeacherAttnOut: 0.000e+00 (0.000e+00)  TeacherFeatOut: 1.238e-01 (1.242e-01)  BinReg: 0.000e+00 (0.000e+00)  Time: 0.258s, 1981.11/s  (0.224s, 2284.34/s)  LR: 4.128e-05  RefW: 0.000e+00  AnchorRefW: 0.000e+00  Data: 0.006 (0.007)
Train: 7 [ 900/2502 ( 36%)]  Loss: 51.405289 (51.4158)  BaseLoss: 51.404690 (51.4152)  RefAttnKL: 0.000e+00 (0.000e+00)  RefLogitKL: 0.000e+00 (0.000e+00)  AnchorRefAttnKL: 0.000e+00 (0.000e+00)  TeacherAttnKL: 0.000e+00 (0.000e+00)  TeacherQKRel: 0.000e+00 (0.000e+00)  TeacherAttnOut: 0.000e+00 (0.000e+00)  TeacherFeatOut: 1.196e-01 (1.239e-01)  BinReg: 0.000e+00 (0.000e+00)  Time: 0.224s, 2290.20/s  (0.224s, 2284.50/s)  LR: 4.084e-05  RefW: 0.000e+00  AnchorRefW: 0.000e+00  Data: 0.005 (0.007)
Train: 7 [ 950/2502 ( 38%)]  Loss: 51.411083 (51.4156)  BaseLoss: 51.410496 (51.4150)  RefAttnKL: 0.000e+00 (0.000e+00)  RefLogitKL: 0.000e+00 (0.000e+00)  AnchorRefAttnKL: 0.000e+00 (0.000e+00)  TeacherAttnKL: 0.000e+00 (0.000e+00)  TeacherQKRel: 0.000e+00 (0.000e+00)  TeacherAttnOut: 0.000e+00 (0.000e+00)  TeacherFeatOut: 1.178e-01 (1.236e-01)  BinReg: 0.000e+00 (0.000e+00)  Time: 0.224s, 2290.67/s  (0.224s, 2285.03/s)  LR: 4.040e-05  RefW: 0.000e+00  AnchorRefW: 0.000e+00  Data: 0.006 (0.007)
Train: 7 [1000/2502 ( 40%)]  Loss: 51.424480 (51.4160)  BaseLoss: 51.423882 (51.4154)  RefAttnKL: 0.000e+00 (0.000e+00)  RefLogitKL: 0.000e+00 (0.000e+00)  AnchorRefAttnKL: 0.000e+00 (0.000e+00)  TeacherAttnKL: 0.000e+00 (0.000e+00)  TeacherQKRel: 0.000e+00 (0.000e+00)  TeacherAttnOut: 0.000e+00 (0.000e+00)  TeacherFeatOut: 1.191e-01 (1.234e-01)  BinReg: 0.000e+00 (0.000e+00)  Time: 0.224s, 2288.25/s  (0.224s, 2285.52/s)  LR: 3.997e-05  RefW: 0.000e+00  AnchorRefW: 0.000e+00  Data: 0.006 (0.007)
Train: 7 [1050/2502 ( 42%)]  Loss: 51.420643 (51.4162)  BaseLoss: 51.420006 (51.4156)  RefAttnKL: 0.000e+00 (0.000e+00)  RefLogitKL: 0.000e+00 (0.000e+00)  AnchorRefAttnKL: 0.000e+00 (0.000e+00)  TeacherAttnKL: 0.000e+00 (0.000e+00)  TeacherQKRel: 0.000e+00 (0.000e+00)  TeacherAttnOut: 0.000e+00 (0.000e+00)  TeacherFeatOut: 1.272e-01 (1.236e-01)  BinReg: 0.000e+00 (0.000e+00)  Time: 0.224s, 2289.57/s  (0.224s, 2285.98/s)  LR: 3.953e-05  RefW: 0.000e+00  AnchorRefW: 0.000e+00  Data: 0.005 (0.007)
Train: 7 [1100/2502 ( 44%)]  Loss: 51.353714 (51.4135)  BaseLoss: 51.353096 (51.4129)  RefAttnKL: 0.000e+00 (0.000e+00)  RefLogitKL: 0.000e+00 (0.000e+00)  AnchorRefAttnKL: 0.000e+00 (0.000e+00)  TeacherAttnKL: 0.000e+00 (0.000e+00)  TeacherQKRel: 0.000e+00 (0.000e+00)  TeacherAttnOut: 0.000e+00 (0.000e+00)  TeacherFeatOut: 1.237e-01 (1.236e-01)  BinReg: 0.000e+00 (0.000e+00)  Time: 0.224s, 2290.08/s  (0.224s, 2286.02/s)  LR: 3.910e-05  RefW: 0.000e+00  AnchorRefW: 0.000e+00  Data: 0.006 (0.007)
Train: 7 [1150/2502 ( 46%)]  Loss: 51.406555 (51.4132)  BaseLoss: 51.405922 (51.4126)  RefAttnKL: 0.000e+00 (0.000e+00)  RefLogitKL: 0.000e+00 (0.000e+00)  AnchorRefAttnKL: 0.000e+00 (0.000e+00)  TeacherAttnKL: 0.000e+00 (0.000e+00)  TeacherQKRel: 0.000e+00 (0.000e+00)  TeacherAttnOut: 0.000e+00 (0.000e+00)  TeacherFeatOut: 1.271e-01 (1.237e-01)  BinReg: 0.000e+00 (0.000e+00)  Time: 0.223s, 2291.14/s  (0.224s, 2286.39/s)  LR: 3.867e-05  RefW: 0.000e+00  AnchorRefW: 0.000e+00  Data: 0.006 (0.006)
Train: 7 [1200/2502 ( 48%)]  Loss: 51.400658 (51.4127)  BaseLoss: 51.400040 (51.4121)  RefAttnKL: 0.000e+00 (0.000e+00)  RefLogitKL: 0.000e+00 (0.000e+00)  AnchorRefAttnKL: 0.000e+00 (0.000e+00)  TeacherAttnKL: 0.000e+00 (0.000e+00)  TeacherQKRel: 0.000e+00 (0.000e+00)  TeacherAttnOut: 0.000e+00 (0.000e+00)  TeacherFeatOut: 1.239e-01 (1.238e-01)  BinReg: 0.000e+00 (0.000e+00)  Time: 0.224s, 2290.09/s  (0.224s, 2286.79/s)  LR: 3.825e-05  RefW: 0.000e+00  AnchorRefW: 0.000e+00  Data: 0.006 (0.006)
Train: 7 [1250/2502 ( 50%)]  Loss: 51.426430 (51.4132)  BaseLoss: 51.425858 (51.4126)  RefAttnKL: 0.000e+00 (0.000e+00)  RefLogitKL: 0.000e+00 (0.000e+00)  AnchorRefAttnKL: 0.000e+00 (0.000e+00)  TeacherAttnKL: 0.000e+00 (0.000e+00)  TeacherQKRel: 0.000e+00 (0.000e+00)  TeacherAttnOut: 0.000e+00 (0.000e+00)  TeacherFeatOut: 1.152e-01 (1.234e-01)  BinReg: 0.000e+00 (0.000e+00)  Time: 0.224s, 2287.43/s  (0.224s, 2287.14/s)  LR: 3.782e-05  RefW: 0.000e+00  AnchorRefW: 0.000e+00  Data: 0.005 (0.006)
Train: 7 [1300/2502 ( 52%)]  Loss: 51.420441 (51.4135)  BaseLoss: 51.419834 (51.4129)  RefAttnKL: 0.000e+00 (0.000e+00)  RefLogitKL: 0.000e+00 (0.000e+00)  AnchorRefAttnKL: 0.000e+00 (0.000e+00)  TeacherAttnKL: 0.000e+00 (0.000e+00)  TeacherQKRel: 0.000e+00 (0.000e+00)  TeacherAttnOut: 0.000e+00 (0.000e+00)  TeacherFeatOut: 1.206e-01 (1.233e-01)  BinReg: 0.000e+00 (0.000e+00)  Time: 0.224s, 2289.42/s  (0.224s, 2287.36/s)  LR: 3.740e-05  RefW: 0.000e+00  AnchorRefW: 0.000e+00  Data: 0.006 (0.006)
Train: 7 [1350/2502 ( 54%)]  Loss: 51.426647 (51.4140)  BaseLoss: 51.425999 (51.4134)  RefAttnKL: 0.000e+00 (0.000e+00)  RefLogitKL: 0.000e+00 (0.000e+00)  AnchorRefAttnKL: 0.000e+00 (0.000e+00)  TeacherAttnKL: 0.000e+00 (0.000e+00)  TeacherQKRel: 0.000e+00 (0.000e+00)  TeacherAttnOut: 0.000e+00 (0.000e+00)  TeacherFeatOut: 1.293e-01 (1.235e-01)  BinReg: 0.000e+00 (0.000e+00)  Time: 0.225s, 2273.23/s  (0.224s, 2287.66/s)  LR: 3.699e-05  RefW: 0.000e+00  AnchorRefW: 0.000e+00  Data: 0.006 (0.006)
Train: 7 [1400/2502 ( 56%)]  Loss: 51.404484 (51.4136)  BaseLoss: 51.403870 (51.4130)  RefAttnKL: 0.000e+00 (0.000e+00)  RefLogitKL: 0.000e+00 (0.000e+00)  AnchorRefAttnKL: 0.000e+00 (0.000e+00)  TeacherAttnKL: 0.000e+00 (0.000e+00)  TeacherQKRel: 0.000e+00 (0.000e+00)  TeacherAttnOut: 0.000e+00 (0.000e+00)  TeacherFeatOut: 1.235e-01 (1.235e-01)  BinReg: 0.000e+00 (0.000e+00)  Time: 0.224s, 2289.65/s  (0.224s, 2287.92/s)  LR: 3.657e-05  RefW: 0.000e+00  AnchorRefW: 0.000e+00  Data: 0.006 (0.006)
Train: 7 [1450/2502 ( 58%)]  Loss: 51.418232 (51.4138)  BaseLoss: 51.417614 (51.4132)  RefAttnKL: 0.000e+00 (0.000e+00)  RefLogitKL: 0.000e+00 (0.000e+00)  AnchorRefAttnKL: 0.000e+00 (0.000e+00)  TeacherAttnKL: 0.000e+00 (0.000e+00)  TeacherQKRel: 0.000e+00 (0.000e+00)  TeacherAttnOut: 0.000e+00 (0.000e+00)  TeacherFeatOut: 1.238e-01 (1.235e-01)  BinReg: 0.000e+00 (0.000e+00)  Time: 0.224s, 2287.62/s  (0.224s, 2288.19/s)  LR: 3.616e-05  RefW: 0.000e+00  AnchorRefW: 0.000e+00  Data: 0.006 (0.006)
Train: 7 [1500/2502 ( 60%)]  Loss: 51.421101 (51.4140)  BaseLoss: 51.420479 (51.4134)  RefAttnKL: 0.000e+00 (0.000e+00)  RefLogitKL: 0.000e+00 (0.000e+00)  AnchorRefAttnKL: 0.000e+00 (0.000e+00)  TeacherAttnKL: 0.000e+00 (0.000e+00)  TeacherQKRel: 0.000e+00 (0.000e+00)  TeacherAttnOut: 0.000e+00 (0.000e+00)  TeacherFeatOut: 1.243e-01 (1.236e-01)  BinReg: 0.000e+00 (0.000e+00)  Time: 0.224s, 2290.41/s  (0.224s, 2288.47/s)  LR: 3.575e-05  RefW: 0.000e+00  AnchorRefW: 0.000e+00  Data: 0.006 (0.006)
Train: 7 [1550/2502 ( 62%)]  Loss: 51.456505 (51.4154)  BaseLoss: 51.455906 (51.4147)  RefAttnKL: 0.000e+00 (0.000e+00)  RefLogitKL: 0.000e+00 (0.000e+00)  AnchorRefAttnKL: 0.000e+00 (0.000e+00)  TeacherAttnKL: 0.000e+00 (0.000e+00)  TeacherQKRel: 0.000e+00 (0.000e+00)  TeacherAttnOut: 0.000e+00 (0.000e+00)  TeacherFeatOut: 1.206e-01 (1.235e-01)  BinReg: 0.000e+00 (0.000e+00)  Time: 0.224s, 2290.20/s  (0.224s, 2288.39/s)  LR: 3.534e-05  RefW: 0.000e+00  AnchorRefW: 0.000e+00  Data: 0.006 (0.006)
Train: 7 [1600/2502 ( 64%)]  Loss: 51.395157 (51.4148)  BaseLoss: 51.394524 (51.4141)  RefAttnKL: 0.000e+00 (0.000e+00)  RefLogitKL: 0.000e+00 (0.000e+00)  AnchorRefAttnKL: 0.000e+00 (0.000e+00)  TeacherAttnKL: 0.000e+00 (0.000e+00)  TeacherQKRel: 0.000e+00 (0.000e+00)  TeacherAttnOut: 0.000e+00 (0.000e+00)  TeacherFeatOut: 1.263e-01 (1.236e-01)  BinReg: 0.000e+00 (0.000e+00)  Time: 0.223s, 2297.35/s  (0.224s, 2288.64/s)  LR: 3.494e-05  RefW: 0.000e+00  AnchorRefW: 0.000e+00  Data: 0.006 (0.006)
Train: 7 [1650/2502 ( 66%)]  Loss: 51.438667 (51.4155)  BaseLoss: 51.438080 (51.4148)  RefAttnKL: 0.000e+00 (0.000e+00)  RefLogitKL: 0.000e+00 (0.000e+00)  AnchorRefAttnKL: 0.000e+00 (0.000e+00)  TeacherAttnKL: 0.000e+00 (0.000e+00)  TeacherQKRel: 0.000e+00 (0.000e+00)  TeacherAttnOut: 0.000e+00 (0.000e+00)  TeacherFeatOut: 1.173e-01 (1.234e-01)  BinReg: 0.000e+00 (0.000e+00)  Time: 0.224s, 2288.32/s  (0.224s, 2288.82/s)  LR: 3.454e-05  RefW: 0.000e+00  AnchorRefW: 0.000e+00  Data: 0.006 (0.006)
Train: 7 [1700/2502 ( 68%)]  Loss: 51.426285 (51.4158)  BaseLoss: 51.425671 (51.4151)  RefAttnKL: 0.000e+00 (0.000e+00)  RefLogitKL: 0.000e+00 (0.000e+00)  AnchorRefAttnKL: 0.000e+00 (0.000e+00)  TeacherAttnKL: 0.000e+00 (0.000e+00)  TeacherQKRel: 0.000e+00 (0.000e+00)  TeacherAttnOut: 0.000e+00 (0.000e+00)  TeacherFeatOut: 1.226e-01 (1.234e-01)  BinReg: 0.000e+00 (0.000e+00)  Time: 0.223s, 2292.17/s  (0.224s, 2289.02/s)  LR: 3.414e-05  RefW: 0.000e+00  AnchorRefW: 0.000e+00  Data: 0.005 (0.006)
Train: 7 [1750/2502 ( 70%)]  Loss: 51.420074 (51.4159)  BaseLoss: 51.419483 (51.4153)  RefAttnKL: 0.000e+00 (0.000e+00)  RefLogitKL: 0.000e+00 (0.000e+00)  AnchorRefAttnKL: 0.000e+00 (0.000e+00)  TeacherAttnKL: 0.000e+00 (0.000e+00)  TeacherQKRel: 0.000e+00 (0.000e+00)  TeacherAttnOut: 0.000e+00 (0.000e+00)  TeacherFeatOut: 1.182e-01 (1.232e-01)  BinReg: 0.000e+00 (0.000e+00)  Time: 0.223s, 2297.65/s  (0.224s, 2289.20/s)  LR: 3.374e-05  RefW: 0.000e+00  AnchorRefW: 0.000e+00  Data: 0.006 (0.006)
Train: 7 [1800/2502 ( 72%)]  Loss: 51.412670 (51.4158)  BaseLoss: 51.412064 (51.4152)  RefAttnKL: 0.000e+00 (0.000e+00)  RefLogitKL: 0.000e+00 (0.000e+00)  AnchorRefAttnKL: 0.000e+00 (0.000e+00)  TeacherAttnKL: 0.000e+00 (0.000e+00)  TeacherQKRel: 0.000e+00 (0.000e+00)  TeacherAttnOut: 0.000e+00 (0.000e+00)  TeacherFeatOut: 1.209e-01 (1.232e-01)  BinReg: 0.000e+00 (0.000e+00)  Time: 0.224s, 2286.31/s  (0.224s, 2289.39/s)  LR: 3.335e-05  RefW: 0.000e+00  AnchorRefW: 0.000e+00  Data: 0.006 (0.006)
Train: 7 [1850/2502 ( 74%)]  Loss: 51.392586 (51.4152)  BaseLoss: 51.391975 (51.4146)  RefAttnKL: 0.000e+00 (0.000e+00)  RefLogitKL: 0.000e+00 (0.000e+00)  AnchorRefAttnKL: 0.000e+00 (0.000e+00)  TeacherAttnKL: 0.000e+00 (0.000e+00)  TeacherQKRel: 0.000e+00 (0.000e+00)  TeacherAttnOut: 0.000e+00 (0.000e+00)  TeacherFeatOut: 1.226e-01 (1.231e-01)  BinReg: 0.000e+00 (0.000e+00)  Time: 0.224s, 2288.50/s  (0.224s, 2289.40/s)  LR: 3.296e-05  RefW: 0.000e+00  AnchorRefW: 0.000e+00  Data: 0.005 (0.006)
Train: 7 [1900/2502 ( 76%)]  Loss: 51.427048 (51.4155)  BaseLoss: 51.426453 (51.4149)  RefAttnKL: 0.000e+00 (0.000e+00)  RefLogitKL: 0.000e+00 (0.000e+00)  AnchorRefAttnKL: 0.000e+00 (0.000e+00)  TeacherAttnKL: 0.000e+00 (0.000e+00)  TeacherQKRel: 0.000e+00 (0.000e+00)  TeacherAttnOut: 0.000e+00 (0.000e+00)  TeacherFeatOut: 1.197e-01 (1.230e-01)  BinReg: 0.000e+00 (0.000e+00)  Time: 0.224s, 2288.81/s  (0.224s, 2289.56/s)  LR: 3.257e-05  RefW: 0.000e+00  AnchorRefW: 0.000e+00  Data: 0.005 (0.006)
Train: 7 [1950/2502 ( 78%)]  Loss: 51.462440 (51.4167)  BaseLoss: 51.461845 (51.4161)  RefAttnKL: 0.000e+00 (0.000e+00)  RefLogitKL: 0.000e+00 (0.000e+00)  AnchorRefAttnKL: 0.000e+00 (0.000e+00)  TeacherAttnKL: 0.000e+00 (0.000e+00)  TeacherQKRel: 0.000e+00 (0.000e+00)  TeacherAttnOut: 0.000e+00 (0.000e+00)  TeacherFeatOut: 1.192e-01 (1.230e-01)  BinReg: 0.000e+00 (0.000e+00)  Time: 0.224s, 2289.36/s  (0.224s, 2289.66/s)  LR: 3.219e-05  RefW: 0.000e+00  AnchorRefW: 0.000e+00  Data: 0.006 (0.006)
Train: 7 [2000/2502 ( 80%)]  Loss: 51.411324 (51.4165)  BaseLoss: 51.410713 (51.4159)  RefAttnKL: 0.000e+00 (0.000e+00)  RefLogitKL: 0.000e+00 (0.000e+00)  AnchorRefAttnKL: 0.000e+00 (0.000e+00)  TeacherAttnKL: 0.000e+00 (0.000e+00)  TeacherQKRel: 0.000e+00 (0.000e+00)  TeacherAttnOut: 0.000e+00 (0.000e+00)  TeacherFeatOut: 1.210e-01 (1.229e-01)  BinReg: 0.000e+00 (0.000e+00)  Time: 0.224s, 2288.15/s  (0.224s, 2289.82/s)  LR: 3.181e-05  RefW: 0.000e+00  AnchorRefW: 0.000e+00  Data: 0.006 (0.006)
Train: 7 [2050/2502 ( 82%)]  Loss: 51.385201 (51.4158)  BaseLoss: 51.384583 (51.4152)  RefAttnKL: 0.000e+00 (0.000e+00)  RefLogitKL: 0.000e+00 (0.000e+00)  AnchorRefAttnKL: 0.000e+00 (0.000e+00)  TeacherAttnKL: 0.000e+00 (0.000e+00)  TeacherQKRel: 0.000e+00 (0.000e+00)  TeacherAttnOut: 0.000e+00 (0.000e+00)  TeacherFeatOut: 1.244e-01 (1.229e-01)  BinReg: 0.000e+00 (0.000e+00)  Time: 0.224s, 2281.00/s  (0.224s, 2289.93/s)  LR: 3.143e-05  RefW: 0.000e+00  AnchorRefW: 0.000e+00  Data: 0.006 (0.006)
Train: 7 [2100/2502 ( 84%)]  Loss: 51.388737 (51.4152)  BaseLoss: 51.388138 (51.4145)  RefAttnKL: 0.000e+00 (0.000e+00)  RefLogitKL: 0.000e+00 (0.000e+00)  AnchorRefAttnKL: 0.000e+00 (0.000e+00)  TeacherAttnKL: 0.000e+00 (0.000e+00)  TeacherQKRel: 0.000e+00 (0.000e+00)  TeacherAttnOut: 0.000e+00 (0.000e+00)  TeacherFeatOut: 1.205e-01 (1.229e-01)  BinReg: 0.000e+00 (0.000e+00)  Time: 0.224s, 2290.12/s  (0.224s, 2290.02/s)  LR: 3.105e-05  RefW: 0.000e+00  AnchorRefW: 0.000e+00  Data: 0.006 (0.006)
Train: 7 [2150/2502 ( 86%)]  Loss: 51.403130 (51.4149)  BaseLoss: 51.402531 (51.4143)  RefAttnKL: 0.000e+00 (0.000e+00)  RefLogitKL: 0.000e+00 (0.000e+00)  AnchorRefAttnKL: 0.000e+00 (0.000e+00)  TeacherAttnKL: 0.000e+00 (0.000e+00)  TeacherQKRel: 0.000e+00 (0.000e+00)  TeacherAttnOut: 0.000e+00 (0.000e+00)  TeacherFeatOut: 1.202e-01 (1.228e-01)  BinReg: 0.000e+00 (0.000e+00)  Time: 0.224s, 2288.80/s  (0.224s, 2290.14/s)  LR: 3.068e-05  RefW: 0.000e+00  AnchorRefW: 0.000e+00  Data: 0.006 (0.006)
Train: 7 [2200/2502 ( 88%)]  Loss: 51.415359 (51.4149)  BaseLoss: 51.414742 (51.4143)  RefAttnKL: 0.000e+00 (0.000e+00)  RefLogitKL: 0.000e+00 (0.000e+00)  AnchorRefAttnKL: 0.000e+00 (0.000e+00)  TeacherAttnKL: 0.000e+00 (0.000e+00)  TeacherQKRel: 0.000e+00 (0.000e+00)  TeacherAttnOut: 0.000e+00 (0.000e+00)  TeacherFeatOut: 1.246e-01 (1.229e-01)  BinReg: 0.000e+00 (0.000e+00)  Time: 0.224s, 2288.33/s  (0.224s, 2290.24/s)  LR: 3.031e-05  RefW: 0.000e+00  AnchorRefW: 0.000e+00  Data: 0.006 (0.006)
Train: 7 [2250/2502 ( 90%)]  Loss: 51.396980 (51.4145)  BaseLoss: 51.396347 (51.4139)  RefAttnKL: 0.000e+00 (0.000e+00)  RefLogitKL: 0.000e+00 (0.000e+00)  AnchorRefAttnKL: 0.000e+00 (0.000e+00)  TeacherAttnKL: 0.000e+00 (0.000e+00)  TeacherQKRel: 0.000e+00 (0.000e+00)  TeacherAttnOut: 0.000e+00 (0.000e+00)  TeacherFeatOut: 1.271e-01 (1.230e-01)  BinReg: 0.000e+00 (0.000e+00)  Time: 0.224s, 2288.05/s  (0.224s, 2290.36/s)  LR: 2.994e-05  RefW: 0.000e+00  AnchorRefW: 0.000e+00  Data: 0.006 (0.006)
Train: 7 [2300/2502 ( 92%)]  Loss: 51.432980 (51.4149)  BaseLoss: 51.432365 (51.4143)  RefAttnKL: 0.000e+00 (0.000e+00)  RefLogitKL: 0.000e+00 (0.000e+00)  AnchorRefAttnKL: 0.000e+00 (0.000e+00)  TeacherAttnKL: 0.000e+00 (0.000e+00)  TeacherQKRel: 0.000e+00 (0.000e+00)  TeacherAttnOut: 0.000e+00 (0.000e+00)  TeacherFeatOut: 1.229e-01 (1.230e-01)  BinReg: 0.000e+00 (0.000e+00)  Time: 0.223s, 2300.31/s  (0.224s, 2290.46/s)  LR: 2.958e-05  RefW: 0.000e+00  AnchorRefW: 0.000e+00  Data: 0.006 (0.006)
Train: 7 [2350/2502 ( 94%)]  Loss: 51.424332 (51.4151)  BaseLoss: 51.423775 (51.4145)  RefAttnKL: 0.000e+00 (0.000e+00)  RefLogitKL: 0.000e+00 (0.000e+00)  AnchorRefAttnKL: 0.000e+00 (0.000e+00)  TeacherAttnKL: 0.000e+00 (0.000e+00)  TeacherQKRel: 0.000e+00 (0.000e+00)  TeacherAttnOut: 0.000e+00 (0.000e+00)  TeacherFeatOut: 1.118e-01 (1.227e-01)  BinReg: 0.000e+00 (0.000e+00)  Time: 0.224s, 2289.96/s  (0.224s, 2290.39/s)  LR: 2.922e-05  RefW: 0.000e+00  AnchorRefW: 0.000e+00  Data: 0.006 (0.006)
Train: 7 [2400/2502 ( 96%)]  Loss: 51.387936 (51.4145)  BaseLoss: 51.387348 (51.4139)  RefAttnKL: 0.000e+00 (0.000e+00)  RefLogitKL: 0.000e+00 (0.000e+00)  AnchorRefAttnKL: 0.000e+00 (0.000e+00)  TeacherAttnKL: 0.000e+00 (0.000e+00)  TeacherQKRel: 0.000e+00 (0.000e+00)  TeacherAttnOut: 0.000e+00 (0.000e+00)  TeacherFeatOut: 1.185e-01 (1.226e-01)  BinReg: 0.000e+00 (0.000e+00)  Time: 0.224s, 2287.99/s  (0.224s, 2290.31/s)  LR: 2.886e-05  RefW: 0.000e+00  AnchorRefW: 0.000e+00  Data: 0.006 (0.006)
Train: 7 [2450/2502 ( 98%)]  Loss: 51.429752 (51.4148)  BaseLoss: 51.429146 (51.4142)  RefAttnKL: 0.000e+00 (0.000e+00)  RefLogitKL: 0.000e+00 (0.000e+00)  AnchorRefAttnKL: 0.000e+00 (0.000e+00)  TeacherAttnKL: 0.000e+00 (0.000e+00)  TeacherQKRel: 0.000e+00 (0.000e+00)  TeacherAttnOut: 0.000e+00 (0.000e+00)  TeacherFeatOut: 1.212e-01 (1.226e-01)  BinReg: 0.000e+00 (0.000e+00)  Time: 0.224s, 2287.83/s  (0.224s, 2290.41/s)  LR: 2.850e-05  RefW: 0.000e+00  AnchorRefW: 0.000e+00  Data: 0.006 (0.006)
TrainSummary: epoch=7 updates=2496 avg_step_time=0.223528s samples_per_step=512 samples_per_sec=2290.54
epoch:  7 g['lr']:  2.8185473680496216e-05
model eval
TestLocal: [   0/97]  Time: 0.974 (0.974)  Loss:  0.7682  Acc@1: 79.6875  Acc@5: 93.7500  Samples: 64
TestLocal: [  50/97]  Time: 0.091 (0.108)  Loss:  0.8269  Acc@1: 81.0662  Acc@5: 95.0061  Samples: 3264
TestLocal: [  97/97]  Time: 0.043 (0.099)  Loss:  0.8242  Acc@1: 80.8104  Acc@5: 95.1702  Samples: 6170
TestLocal: [ 100/97]  Time: 0.042 (0.097)  Loss:  0.8244  Acc@1: 80.8052  Acc@5: 95.1691  Samples: 6210
Test: [distributed-summary]  Time: 10.145s  Loss: 0.8495  Acc@1: 80.1780  Acc@5: 95.2100  Samples: 50000
Trainable parameter policy: epoch=8, quant_only=False, policy=all, trainable=28608256, frozen=0
Teacher feature-output hooks: layers=('features.5.5', 'features.7.1'), student_matches=('features.5.5', 'features.7.1'), teacher_matches=('features.5.5', 'features.7.1')
Trainable parameter update policy: epoch=8, update=0, mode=requires_grad, policy=all, trainable=28608256, frozen=0
Teacher feature-output debug: student_count=2, teacher_count=2, 0:s=(64, 14, 14, 384) t=(64, 14, 14, 384) mse=5.053e+00; 1:s=(64, 7, 7, 768) t=(64, 7, 7, 768) mse=1.328e+00
Train: 8 [   0/2502 (  0%)]  Loss: 51.412319 (51.4123)  BaseLoss: 51.411716 (51.4117)  RefAttnKL: 0.000e+00 (0.000e+00)  RefLogitKL: 0.000e+00 (0.000e+00)  AnchorRefAttnKL: 0.000e+00 (0.000e+00)  TeacherAttnKL: 0.000e+00 (0.000e+00)  TeacherQKRel: 0.000e+00 (0.000e+00)  TeacherAttnOut: 0.000e+00 (0.000e+00)  TeacherFeatOut: 1.207e-01 (1.207e-01)  BinReg: 0.000e+00 (0.000e+00)  Time: 0.840s,  609.24/s  (0.840s,  609.24/s)  LR: 2.814e-05  RefW: 0.000e+00  AnchorRefW: 0.000e+00  Data: 0.621 (0.621)
Train: 8 [  50/2502 (  2%)]  Loss: 51.382988 (51.3977)  BaseLoss: 51.382397 (51.3971)  RefAttnKL: 0.000e+00 (0.000e+00)  RefLogitKL: 0.000e+00 (0.000e+00)  AnchorRefAttnKL: 0.000e+00 (0.000e+00)  TeacherAttnKL: 0.000e+00 (0.000e+00)  TeacherQKRel: 0.000e+00 (0.000e+00)  TeacherAttnOut: 0.000e+00 (0.000e+00)  TeacherFeatOut: 1.171e-01 (1.189e-01)  BinReg: 0.000e+00 (0.000e+00)  Time: 0.224s, 2287.17/s  (0.235s, 2175.92/s)  LR: 2.779e-05  RefW: 0.000e+00  AnchorRefW: 0.000e+00  Data: 0.005 (0.018)
Train: 8 [ 100/2502 (  4%)]  Loss: 51.431190 (51.4088)  BaseLoss: 51.430592 (51.4082)  RefAttnKL: 0.000e+00 (0.000e+00)  RefLogitKL: 0.000e+00 (0.000e+00)  AnchorRefAttnKL: 0.000e+00 (0.000e+00)  TeacherAttnKL: 0.000e+00 (0.000e+00)  TeacherQKRel: 0.000e+00 (0.000e+00)  TeacherAttnOut: 0.000e+00 (0.000e+00)  TeacherFeatOut: 1.197e-01 (1.191e-01)  BinReg: 0.000e+00 (0.000e+00)  Time: 0.223s, 2291.59/s  (0.229s, 2233.08/s)  LR: 2.744e-05  RefW: 0.000e+00  AnchorRefW: 0.000e+00  Data: 0.005 (0.012)
Train: 8 [ 150/2502 (  6%)]  Loss: 51.392174 (51.4047)  BaseLoss: 51.391582 (51.4041)  RefAttnKL: 0.000e+00 (0.000e+00)  RefLogitKL: 0.000e+00 (0.000e+00)  AnchorRefAttnKL: 0.000e+00 (0.000e+00)  TeacherAttnKL: 0.000e+00 (0.000e+00)  TeacherQKRel: 0.000e+00 (0.000e+00)  TeacherAttnOut: 0.000e+00 (0.000e+00)  TeacherFeatOut: 1.186e-01 (1.190e-01)  BinReg: 0.000e+00 (0.000e+00)  Time: 0.224s, 2288.54/s  (0.227s, 2253.47/s)  LR: 2.710e-05  RefW: 0.000e+00  AnchorRefW: 0.000e+00  Data: 0.006 (0.010)
Train: 8 [ 200/2502 (  8%)]  Loss: 51.401028 (51.4039)  BaseLoss: 51.400425 (51.4033)  RefAttnKL: 0.000e+00 (0.000e+00)  RefLogitKL: 0.000e+00 (0.000e+00)  AnchorRefAttnKL: 0.000e+00 (0.000e+00)  TeacherAttnKL: 0.000e+00 (0.000e+00)  TeacherQKRel: 0.000e+00 (0.000e+00)  TeacherAttnOut: 0.000e+00 (0.000e+00)  TeacherFeatOut: 1.204e-01 (1.193e-01)  BinReg: 0.000e+00 (0.000e+00)  Time: 0.224s, 2289.64/s  (0.226s, 2263.90/s)  LR: 2.676e-05  RefW: 0.000e+00  AnchorRefW: 0.000e+00  Data: 0.006 (0.009)
Train: 8 [ 250/2502 ( 10%)]  Loss: 51.446518 (51.4110)  BaseLoss: 51.445923 (51.4104)  RefAttnKL: 0.000e+00 (0.000e+00)  RefLogitKL: 0.000e+00 (0.000e+00)  AnchorRefAttnKL: 0.000e+00 (0.000e+00)  TeacherAttnKL: 0.000e+00 (0.000e+00)  TeacherQKRel: 0.000e+00 (0.000e+00)  TeacherAttnOut: 0.000e+00 (0.000e+00)  TeacherFeatOut: 1.193e-01 (1.193e-01)  BinReg: 0.000e+00 (0.000e+00)  Time: 0.224s, 2290.66/s  (0.226s, 2269.68/s)  LR: 2.642e-05  RefW: 0.000e+00  AnchorRefW: 0.000e+00  Data: 0.005 (0.008)
Train: 8 [ 300/2502 ( 12%)]  Loss: 51.424721 (51.4130)  BaseLoss: 51.424088 (51.4124)  RefAttnKL: 0.000e+00 (0.000e+00)  RefLogitKL: 0.000e+00 (0.000e+00)  AnchorRefAttnKL: 0.000e+00 (0.000e+00)  TeacherAttnKL: 0.000e+00 (0.000e+00)  TeacherQKRel: 0.000e+00 (0.000e+00)  TeacherAttnOut: 0.000e+00 (0.000e+00)  TeacherFeatOut: 1.257e-01 (1.202e-01)  BinReg: 0.000e+00 (0.000e+00)  Time: 0.224s, 2290.19/s  (0.225s, 2274.03/s)  LR: 2.609e-05  RefW: 0.000e+00  AnchorRefW: 0.000e+00  Data: 0.005 (0.008)
Train: 8 [ 350/2502 ( 14%)]  Loss: 51.440929 (51.4165)  BaseLoss: 51.440323 (51.4159)  RefAttnKL: 0.000e+00 (0.000e+00)  RefLogitKL: 0.000e+00 (0.000e+00)  AnchorRefAttnKL: 0.000e+00 (0.000e+00)  TeacherAttnKL: 0.000e+00 (0.000e+00)  TeacherQKRel: 0.000e+00 (0.000e+00)  TeacherAttnOut: 0.000e+00 (0.000e+00)  TeacherFeatOut: 1.206e-01 (1.203e-01)  BinReg: 0.000e+00 (0.000e+00)  Time: 0.224s, 2289.96/s  (0.225s, 2276.67/s)  LR: 2.576e-05  RefW: 0.000e+00  AnchorRefW: 0.000e+00  Data: 0.006 (0.007)
Train: 8 [ 400/2502 ( 16%)]  Loss: 51.427494 (51.4177)  BaseLoss: 51.426907 (51.4171)  RefAttnKL: 0.000e+00 (0.000e+00)  RefLogitKL: 0.000e+00 (0.000e+00)  AnchorRefAttnKL: 0.000e+00 (0.000e+00)  TeacherAttnKL: 0.000e+00 (0.000e+00)  TeacherQKRel: 0.000e+00 (0.000e+00)  TeacherAttnOut: 0.000e+00 (0.000e+00)  TeacherFeatOut: 1.170e-01 (1.199e-01)  BinReg: 0.000e+00 (0.000e+00)  Time: 0.224s, 2289.87/s  (0.225s, 2278.38/s)  LR: 2.543e-05  RefW: 0.000e+00  AnchorRefW: 0.000e+00  Data: 0.006 (0.007)
Train: 8 [ 450/2502 ( 18%)]  Loss: 51.428532 (51.4188)  BaseLoss: 51.427902 (51.4182)  RefAttnKL: 0.000e+00 (0.000e+00)  RefLogitKL: 0.000e+00 (0.000e+00)  AnchorRefAttnKL: 0.000e+00 (0.000e+00)  TeacherAttnKL: 0.000e+00 (0.000e+00)  TeacherQKRel: 0.000e+00 (0.000e+00)  TeacherAttnOut: 0.000e+00 (0.000e+00)  TeacherFeatOut: 1.264e-01 (1.205e-01)  BinReg: 0.000e+00 (0.000e+00)  Time: 0.223s, 2292.84/s  (0.225s, 2280.28/s)  LR: 2.511e-05  RefW: 0.000e+00  AnchorRefW: 0.000e+00  Data: 0.006 (0.007)
Train: 8 [ 500/2502 ( 20%)]  Loss: 51.431465 (51.4199)  BaseLoss: 51.430897 (51.4193)  RefAttnKL: 0.000e+00 (0.000e+00)  RefLogitKL: 0.000e+00 (0.000e+00)  AnchorRefAttnKL: 0.000e+00 (0.000e+00)  TeacherAttnKL: 0.000e+00 (0.000e+00)  TeacherQKRel: 0.000e+00 (0.000e+00)  TeacherAttnOut: 0.000e+00 (0.000e+00)  TeacherFeatOut: 1.149e-01 (1.200e-01)  BinReg: 0.000e+00 (0.000e+00)  Time: 0.224s, 2288.30/s  (0.224s, 2281.82/s)  LR: 2.479e-05  RefW: 0.000e+00  AnchorRefW: 0.000e+00  Data: 0.006 (0.007)
Train: 8 [ 550/2502 ( 22%)]  Loss: 51.451775 (51.4226)  BaseLoss: 51.451195 (51.4220)  RefAttnKL: 0.000e+00 (0.000e+00)  RefLogitKL: 0.000e+00 (0.000e+00)  AnchorRefAttnKL: 0.000e+00 (0.000e+00)  TeacherAttnKL: 0.000e+00 (0.000e+00)  TeacherQKRel: 0.000e+00 (0.000e+00)  TeacherAttnOut: 0.000e+00 (0.000e+00)  TeacherFeatOut: 1.160e-01 (1.197e-01)  BinReg: 0.000e+00 (0.000e+00)  Time: 0.223s, 2291.83/s  (0.224s, 2282.94/s)  LR: 2.447e-05  RefW: 0.000e+00  AnchorRefW: 0.000e+00  Data: 0.006 (0.007)
Train: 8 [ 600/2502 ( 24%)]  Loss: 51.362080 (51.4179)  BaseLoss: 51.361507 (51.4173)  RefAttnKL: 0.000e+00 (0.000e+00)  RefLogitKL: 0.000e+00 (0.000e+00)  AnchorRefAttnKL: 0.000e+00 (0.000e+00)  TeacherAttnKL: 0.000e+00 (0.000e+00)  TeacherQKRel: 0.000e+00 (0.000e+00)  TeacherAttnOut: 0.000e+00 (0.000e+00)  TeacherFeatOut: 1.143e-01 (1.193e-01)  BinReg: 0.000e+00 (0.000e+00)  Time: 0.226s, 2265.99/s  (0.224s, 2284.02/s)  LR: 2.415e-05  RefW: 0.000e+00  AnchorRefW: 0.000e+00  Data: 0.006 (0.007)
Train: 8 [ 650/2502 ( 26%)]  Loss: 51.426846 (51.4186)  BaseLoss: 51.426270 (51.4180)  RefAttnKL: 0.000e+00 (0.000e+00)  RefLogitKL: 0.000e+00 (0.000e+00)  AnchorRefAttnKL: 0.000e+00 (0.000e+00)  TeacherAttnKL: 0.000e+00 (0.000e+00)  TeacherQKRel: 0.000e+00 (0.000e+00)  TeacherAttnOut: 0.000e+00 (0.000e+00)  TeacherFeatOut: 1.151e-01 (1.190e-01)  BinReg: 0.000e+00 (0.000e+00)  Time: 0.224s, 2286.18/s  (0.224s, 2284.75/s)  LR: 2.384e-05  RefW: 0.000e+00  AnchorRefW: 0.000e+00  Data: 0.006 (0.007)
Train: 8 [ 700/2502 ( 28%)]  Loss: 51.366184 (51.4151)  BaseLoss: 51.365585 (51.4145)  RefAttnKL: 0.000e+00 (0.000e+00)  RefLogitKL: 0.000e+00 (0.000e+00)  AnchorRefAttnKL: 0.000e+00 (0.000e+00)  TeacherAttnKL: 0.000e+00 (0.000e+00)  TeacherQKRel: 0.000e+00 (0.000e+00)  TeacherAttnOut: 0.000e+00 (0.000e+00)  TeacherFeatOut: 1.200e-01 (1.190e-01)  BinReg: 0.000e+00 (0.000e+00)  Time: 0.224s, 2288.94/s  (0.224s, 2285.51/s)  LR: 2.353e-05  RefW: 0.000e+00  AnchorRefW: 0.000e+00  Data: 0.006 (0.007)
Train: 8 [ 750/2502 ( 30%)]  Loss: 51.353069 (51.4112)  BaseLoss: 51.352493 (51.4106)  RefAttnKL: 0.000e+00 (0.000e+00)  RefLogitKL: 0.000e+00 (0.000e+00)  AnchorRefAttnKL: 0.000e+00 (0.000e+00)  TeacherAttnKL: 0.000e+00 (0.000e+00)  TeacherQKRel: 0.000e+00 (0.000e+00)  TeacherAttnOut: 0.000e+00 (0.000e+00)  TeacherFeatOut: 1.157e-01 (1.188e-01)  BinReg: 0.000e+00 (0.000e+00)  Time: 0.224s, 2287.11/s  (0.224s, 2286.14/s)  LR: 2.323e-05  RefW: 0.000e+00  AnchorRefW: 0.000e+00  Data: 0.006 (0.007)
Train: 8 [ 800/2502 ( 32%)]  Loss: 51.397156 (51.4104)  BaseLoss: 51.396545 (51.4098)  RefAttnKL: 0.000e+00 (0.000e+00)  RefLogitKL: 0.000e+00 (0.000e+00)  AnchorRefAttnKL: 0.000e+00 (0.000e+00)  TeacherAttnKL: 0.000e+00 (0.000e+00)  TeacherQKRel: 0.000e+00 (0.000e+00)  TeacherAttnOut: 0.000e+00 (0.000e+00)  TeacherFeatOut: 1.208e-01 (1.190e-01)  BinReg: 0.000e+00 (0.000e+00)  Time: 0.224s, 2284.72/s  (0.224s, 2286.45/s)  LR: 2.293e-05  RefW: 0.000e+00  AnchorRefW: 0.000e+00  Data: 0.006 (0.007)
Train: 8 [ 850/2502 ( 34%)]  Loss: 51.365147 (51.4079)  BaseLoss: 51.364559 (51.4073)  RefAttnKL: 0.000e+00 (0.000e+00)  RefLogitKL: 0.000e+00 (0.000e+00)  AnchorRefAttnKL: 0.000e+00 (0.000e+00)  TeacherAttnKL: 0.000e+00 (0.000e+00)  TeacherQKRel: 0.000e+00 (0.000e+00)  TeacherAttnOut: 0.000e+00 (0.000e+00)  TeacherFeatOut: 1.179e-01 (1.189e-01)  BinReg: 0.000e+00 (0.000e+00)  Time: 0.230s, 2227.19/s  (0.224s, 2286.78/s)  LR: 2.263e-05  RefW: 0.000e+00  AnchorRefW: 0.000e+00  Data: 0.005 (0.006)
Train: 8 [ 900/2502 ( 36%)]  Loss: 51.403427 (51.4076)  BaseLoss: 51.402832 (51.4070)  RefAttnKL: 0.000e+00 (0.000e+00)  RefLogitKL: 0.000e+00 (0.000e+00)  AnchorRefAttnKL: 0.000e+00 (0.000e+00)  TeacherAttnKL: 0.000e+00 (0.000e+00)  TeacherQKRel: 0.000e+00 (0.000e+00)  TeacherAttnOut: 0.000e+00 (0.000e+00)  TeacherFeatOut: 1.192e-01 (1.189e-01)  BinReg: 0.000e+00 (0.000e+00)  Time: 0.224s, 2287.66/s  (0.224s, 2287.12/s)  LR: 2.233e-05  RefW: 0.000e+00  AnchorRefW: 0.000e+00  Data: 0.006 (0.006)
Train: 8 [ 950/2502 ( 38%)]  Loss: 51.388222 (51.4067)  BaseLoss: 51.387634 (51.4061)  RefAttnKL: 0.000e+00 (0.000e+00)  RefLogitKL: 0.000e+00 (0.000e+00)  AnchorRefAttnKL: 0.000e+00 (0.000e+00)  TeacherAttnKL: 0.000e+00 (0.000e+00)  TeacherQKRel: 0.000e+00 (0.000e+00)  TeacherAttnOut: 0.000e+00 (0.000e+00)  TeacherFeatOut: 1.173e-01 (1.188e-01)  BinReg: 0.000e+00 (0.000e+00)  Time: 0.223s, 2292.18/s  (0.224s, 2287.53/s)  LR: 2.204e-05  RefW: 0.000e+00  AnchorRefW: 0.000e+00  Data: 0.006 (0.006)
Train: 8 [1000/2502 ( 40%)]  Loss: 51.421787 (51.4074)  BaseLoss: 51.421192 (51.4068)  RefAttnKL: 0.000e+00 (0.000e+00)  RefLogitKL: 0.000e+00 (0.000e+00)  AnchorRefAttnKL: 0.000e+00 (0.000e+00)  TeacherAttnKL: 0.000e+00 (0.000e+00)  TeacherQKRel: 0.000e+00 (0.000e+00)  TeacherAttnOut: 0.000e+00 (0.000e+00)  TeacherFeatOut: 1.194e-01 (1.189e-01)  BinReg: 0.000e+00 (0.000e+00)  Time: 0.224s, 2288.19/s  (0.224s, 2287.82/s)  LR: 2.175e-05  RefW: 0.000e+00  AnchorRefW: 0.000e+00  Data: 0.006 (0.006)
Train: 8 [1050/2502 ( 42%)]  Loss: 51.410622 (51.4075)  BaseLoss: 51.410015 (51.4069)  RefAttnKL: 0.000e+00 (0.000e+00)  RefLogitKL: 0.000e+00 (0.000e+00)  AnchorRefAttnKL: 0.000e+00 (0.000e+00)  TeacherAttnKL: 0.000e+00 (0.000e+00)  TeacherQKRel: 0.000e+00 (0.000e+00)  TeacherAttnOut: 0.000e+00 (0.000e+00)  TeacherFeatOut: 1.203e-01 (1.189e-01)  BinReg: 0.000e+00 (0.000e+00)  Time: 0.223s, 2290.99/s  (0.224s, 2288.07/s)  LR: 2.146e-05  RefW: 0.000e+00  AnchorRefW: 0.000e+00  Data: 0.005 (0.006)
Train: 8 [1100/2502 ( 44%)]  Loss: 51.361092 (51.4055)  BaseLoss: 51.360485 (51.4049)  RefAttnKL: 0.000e+00 (0.000e+00)  RefLogitKL: 0.000e+00 (0.000e+00)  AnchorRefAttnKL: 0.000e+00 (0.000e+00)  TeacherAttnKL: 0.000e+00 (0.000e+00)  TeacherQKRel: 0.000e+00 (0.000e+00)  TeacherAttnOut: 0.000e+00 (0.000e+00)  TeacherFeatOut: 1.213e-01 (1.190e-01)  BinReg: 0.000e+00 (0.000e+00)  Time: 0.224s, 2287.88/s  (0.224s, 2288.33/s)  LR: 2.118e-05  RefW: 0.000e+00  AnchorRefW: 0.000e+00  Data: 0.006 (0.006)
Train: 8 [1150/2502 ( 46%)]  Loss: 51.413212 (51.4058)  BaseLoss: 51.412575 (51.4052)  RefAttnKL: 0.000e+00 (0.000e+00)  RefLogitKL: 0.000e+00 (0.000e+00)  AnchorRefAttnKL: 0.000e+00 (0.000e+00)  TeacherAttnKL: 0.000e+00 (0.000e+00)  TeacherQKRel: 0.000e+00 (0.000e+00)  TeacherAttnOut: 0.000e+00 (0.000e+00)  TeacherFeatOut: 1.269e-01 (1.194e-01)  BinReg: 0.000e+00 (0.000e+00)  Time: 0.224s, 2288.71/s  (0.224s, 2288.63/s)  LR: 2.090e-05  RefW: 0.000e+00  AnchorRefW: 0.000e+00  Data: 0.006 (0.006)
Train: 8 [1200/2502 ( 48%)]  Loss: 51.381554 (51.4049)  BaseLoss: 51.380962 (51.4043)  RefAttnKL: 0.000e+00 (0.000e+00)  RefLogitKL: 0.000e+00 (0.000e+00)  AnchorRefAttnKL: 0.000e+00 (0.000e+00)  TeacherAttnKL: 0.000e+00 (0.000e+00)  TeacherQKRel: 0.000e+00 (0.000e+00)  TeacherAttnOut: 0.000e+00 (0.000e+00)  TeacherFeatOut: 1.190e-01 (1.193e-01)  BinReg: 0.000e+00 (0.000e+00)  Time: 0.224s, 2289.46/s  (0.224s, 2288.91/s)  LR: 2.063e-05  RefW: 0.000e+00  AnchorRefW: 0.000e+00  Data: 0.006 (0.006)
Train: 8 [1250/2502 ( 50%)]  Loss: 51.424221 (51.4056)  BaseLoss: 51.423637 (51.4050)  RefAttnKL: 0.000e+00 (0.000e+00)  RefLogitKL: 0.000e+00 (0.000e+00)  AnchorRefAttnKL: 0.000e+00 (0.000e+00)  TeacherAttnKL: 0.000e+00 (0.000e+00)  TeacherQKRel: 0.000e+00 (0.000e+00)  TeacherAttnOut: 0.000e+00 (0.000e+00)  TeacherFeatOut: 1.163e-01 (1.192e-01)  BinReg: 0.000e+00 (0.000e+00)  Time: 0.224s, 2284.03/s  (0.224s, 2289.16/s)  LR: 2.035e-05  RefW: 0.000e+00  AnchorRefW: 0.000e+00  Data: 0.006 (0.006)
Train: 8 [1300/2502 ( 52%)]  Loss: 51.422897 (51.4062)  BaseLoss: 51.422272 (51.4056)  RefAttnKL: 0.000e+00 (0.000e+00)  RefLogitKL: 0.000e+00 (0.000e+00)  AnchorRefAttnKL: 0.000e+00 (0.000e+00)  TeacherAttnKL: 0.000e+00 (0.000e+00)  TeacherQKRel: 0.000e+00 (0.000e+00)  TeacherAttnOut: 0.000e+00 (0.000e+00)  TeacherFeatOut: 1.247e-01 (1.194e-01)  BinReg: 0.000e+00 (0.000e+00)  Time: 0.224s, 2289.95/s  (0.224s, 2288.96/s)  LR: 2.009e-05  RefW: 0.000e+00  AnchorRefW: 0.000e+00  Data: 0.005 (0.006)
Train: 8 [1350/2502 ( 54%)]  Loss: 51.423897 (51.4069)  BaseLoss: 51.423309 (51.4063)  RefAttnKL: 0.000e+00 (0.000e+00)  RefLogitKL: 0.000e+00 (0.000e+00)  AnchorRefAttnKL: 0.000e+00 (0.000e+00)  TeacherAttnKL: 0.000e+00 (0.000e+00)  TeacherQKRel: 0.000e+00 (0.000e+00)  TeacherAttnOut: 0.000e+00 (0.000e+00)  TeacherFeatOut: 1.169e-01 (1.193e-01)  BinReg: 0.000e+00 (0.000e+00)  Time: 0.224s, 2282.75/s  (0.224s, 2289.15/s)  LR: 1.982e-05  RefW: 0.000e+00  AnchorRefW: 0.000e+00  Data: 0.007 (0.006)
Train: 8 [1400/2502 ( 56%)]  Loss: 51.424458 (51.4075)  BaseLoss: 51.423866 (51.4069)  RefAttnKL: 0.000e+00 (0.000e+00)  RefLogitKL: 0.000e+00 (0.000e+00)  AnchorRefAttnKL: 0.000e+00 (0.000e+00)  TeacherAttnKL: 0.000e+00 (0.000e+00)  TeacherQKRel: 0.000e+00 (0.000e+00)  TeacherAttnOut: 0.000e+00 (0.000e+00)  TeacherFeatOut: 1.194e-01 (1.193e-01)  BinReg: 0.000e+00 (0.000e+00)  Time: 0.224s, 2285.01/s  (0.224s, 2289.30/s)  LR: 1.956e-05  RefW: 0.000e+00  AnchorRefW: 0.000e+00  Data: 0.006 (0.006)
Train: 8 [1450/2502 ( 58%)]  Loss: 51.425850 (51.4081)  BaseLoss: 51.425236 (51.4075)  RefAttnKL: 0.000e+00 (0.000e+00)  RefLogitKL: 0.000e+00 (0.000e+00)  AnchorRefAttnKL: 0.000e+00 (0.000e+00)  TeacherAttnKL: 0.000e+00 (0.000e+00)  TeacherQKRel: 0.000e+00 (0.000e+00)  TeacherAttnOut: 0.000e+00 (0.000e+00)  TeacherFeatOut: 1.229e-01 (1.195e-01)  BinReg: 0.000e+00 (0.000e+00)  Time: 0.224s, 2286.90/s  (0.224s, 2289.45/s)  LR: 1.930e-05  RefW: 0.000e+00  AnchorRefW: 0.000e+00  Data: 0.005 (0.006)
Train: 8 [1500/2502 ( 60%)]  Loss: 51.408573 (51.4081)  BaseLoss: 51.407978 (51.4075)  RefAttnKL: 0.000e+00 (0.000e+00)  RefLogitKL: 0.000e+00 (0.000e+00)  AnchorRefAttnKL: 0.000e+00 (0.000e+00)  TeacherAttnKL: 0.000e+00 (0.000e+00)  TeacherQKRel: 0.000e+00 (0.000e+00)  TeacherAttnOut: 0.000e+00 (0.000e+00)  TeacherFeatOut: 1.191e-01 (1.194e-01)  BinReg: 0.000e+00 (0.000e+00)  Time: 0.223s, 2292.44/s  (0.224s, 2289.55/s)  LR: 1.904e-05  RefW: 0.000e+00  AnchorRefW: 0.000e+00  Data: 0.006 (0.006)
Train: 8 [1550/2502 ( 62%)]  Loss: 51.404255 (51.4080)  BaseLoss: 51.403656 (51.4074)  RefAttnKL: 0.000e+00 (0.000e+00)  RefLogitKL: 0.000e+00 (0.000e+00)  AnchorRefAttnKL: 0.000e+00 (0.000e+00)  TeacherAttnKL: 0.000e+00 (0.000e+00)  TeacherQKRel: 0.000e+00 (0.000e+00)  TeacherAttnOut: 0.000e+00 (0.000e+00)  TeacherFeatOut: 1.189e-01 (1.194e-01)  BinReg: 0.000e+00 (0.000e+00)  Time: 0.224s, 2285.43/s  (0.224s, 2289.26/s)  LR: 1.879e-05  RefW: 0.000e+00  AnchorRefW: 0.000e+00  Data: 0.006 (0.006)
Train: 8 [1600/2502 ( 64%)]  Loss: 51.389950 (51.4074)  BaseLoss: 51.389347 (51.4068)  RefAttnKL: 0.000e+00 (0.000e+00)  RefLogitKL: 0.000e+00 (0.000e+00)  AnchorRefAttnKL: 0.000e+00 (0.000e+00)  TeacherAttnKL: 0.000e+00 (0.000e+00)  TeacherQKRel: 0.000e+00 (0.000e+00)  TeacherAttnOut: 0.000e+00 (0.000e+00)  TeacherFeatOut: 1.200e-01 (1.194e-01)  BinReg: 0.000e+00 (0.000e+00)  Time: 0.224s, 2285.82/s  (0.224s, 2289.44/s)  LR: 1.854e-05  RefW: 0.000e+00  AnchorRefW: 0.000e+00  Data: 0.006 (0.006)
Train: 8 [1650/2502 ( 66%)]  Loss: 51.427734 (51.4080)  BaseLoss: 51.427170 (51.4074)  RefAttnKL: 0.000e+00 (0.000e+00)  RefLogitKL: 0.000e+00 (0.000e+00)  AnchorRefAttnKL: 0.000e+00 (0.000e+00)  TeacherAttnKL: 0.000e+00 (0.000e+00)  TeacherQKRel: 0.000e+00 (0.000e+00)  TeacherAttnOut: 0.000e+00 (0.000e+00)  TeacherFeatOut: 1.127e-01 (1.192e-01)  BinReg: 0.000e+00 (0.000e+00)  Time: 0.224s, 2281.70/s  (0.224s, 2289.49/s)  LR: 1.830e-05  RefW: 0.000e+00  AnchorRefW: 0.000e+00  Data: 0.006 (0.006)
Train: 8 [1700/2502 ( 68%)]  Loss: 51.412189 (51.4082)  BaseLoss: 51.411613 (51.4076)  RefAttnKL: 0.000e+00 (0.000e+00)  RefLogitKL: 0.000e+00 (0.000e+00)  AnchorRefAttnKL: 0.000e+00 (0.000e+00)  TeacherAttnKL: 0.000e+00 (0.000e+00)  TeacherQKRel: 0.000e+00 (0.000e+00)  TeacherAttnOut: 0.000e+00 (0.000e+00)  TeacherFeatOut: 1.149e-01 (1.191e-01)  BinReg: 0.000e+00 (0.000e+00)  Time: 0.224s, 2288.29/s  (0.224s, 2289.69/s)  LR: 1.805e-05  RefW: 0.000e+00  AnchorRefW: 0.000e+00  Data: 0.005 (0.006)
Train: 8 [1750/2502 ( 70%)]  Loss: 51.411232 (51.4082)  BaseLoss: 51.410652 (51.4076)  RefAttnKL: 0.000e+00 (0.000e+00)  RefLogitKL: 0.000e+00 (0.000e+00)  AnchorRefAttnKL: 0.000e+00 (0.000e+00)  TeacherAttnKL: 0.000e+00 (0.000e+00)  TeacherQKRel: 0.000e+00 (0.000e+00)  TeacherAttnOut: 0.000e+00 (0.000e+00)  TeacherFeatOut: 1.165e-01 (1.191e-01)  BinReg: 0.000e+00 (0.000e+00)  Time: 0.224s, 2284.98/s  (0.224s, 2289.63/s)  LR: 1.782e-05  RefW: 0.000e+00  AnchorRefW: 0.000e+00  Data: 0.006 (0.006)
Train: 8 [1800/2502 ( 72%)]  Loss: 51.438766 (51.4091)  BaseLoss: 51.438145 (51.4085)  RefAttnKL: 0.000e+00 (0.000e+00)  RefLogitKL: 0.000e+00 (0.000e+00)  AnchorRefAttnKL: 0.000e+00 (0.000e+00)  TeacherAttnKL: 0.000e+00 (0.000e+00)  TeacherQKRel: 0.000e+00 (0.000e+00)  TeacherAttnOut: 0.000e+00 (0.000e+00)  TeacherFeatOut: 1.244e-01 (1.192e-01)  BinReg: 0.000e+00 (0.000e+00)  Time: 0.224s, 2288.81/s  (0.224s, 2289.82/s)  LR: 1.758e-05  RefW: 0.000e+00  AnchorRefW: 0.000e+00  Data: 0.006 (0.006)
Train: 8 [1850/2502 ( 74%)]  Loss: 51.410107 (51.4091)  BaseLoss: 51.409527 (51.4085)  RefAttnKL: 0.000e+00 (0.000e+00)  RefLogitKL: 0.000e+00 (0.000e+00)  AnchorRefAttnKL: 0.000e+00 (0.000e+00)  TeacherAttnKL: 0.000e+00 (0.000e+00)  TeacherQKRel: 0.000e+00 (0.000e+00)  TeacherAttnOut: 0.000e+00 (0.000e+00)  TeacherFeatOut: 1.161e-01 (1.191e-01)  BinReg: 0.000e+00 (0.000e+00)  Time: 0.224s, 2289.24/s  (0.224s, 2289.83/s)  LR: 1.735e-05  RefW: 0.000e+00  AnchorRefW: 0.000e+00  Data: 0.006 (0.006)
Train: 8 [1900/2502 ( 76%)]  Loss: 51.437778 (51.4098)  BaseLoss: 51.437195 (51.4092)  RefAttnKL: 0.000e+00 (0.000e+00)  RefLogitKL: 0.000e+00 (0.000e+00)  AnchorRefAttnKL: 0.000e+00 (0.000e+00)  TeacherAttnKL: 0.000e+00 (0.000e+00)  TeacherQKRel: 0.000e+00 (0.000e+00)  TeacherAttnOut: 0.000e+00 (0.000e+00)  TeacherFeatOut: 1.166e-01 (1.190e-01)  BinReg: 0.000e+00 (0.000e+00)  Time: 0.228s, 2245.20/s  (0.224s, 2289.91/s)  LR: 1.712e-05  RefW: 0.000e+00  AnchorRefW: 0.000e+00  Data: 0.006 (0.006)
Train: 8 [1950/2502 ( 78%)]  Loss: 51.455692 (51.4110)  BaseLoss: 51.455101 (51.4104)  RefAttnKL: 0.000e+00 (0.000e+00)  RefLogitKL: 0.000e+00 (0.000e+00)  AnchorRefAttnKL: 0.000e+00 (0.000e+00)  TeacherAttnKL: 0.000e+00 (0.000e+00)  TeacherQKRel: 0.000e+00 (0.000e+00)  TeacherAttnOut: 0.000e+00 (0.000e+00)  TeacherFeatOut: 1.176e-01 (1.190e-01)  BinReg: 0.000e+00 (0.000e+00)  Time: 0.224s, 2289.28/s  (0.224s, 2289.97/s)  LR: 1.690e-05  RefW: 0.000e+00  AnchorRefW: 0.000e+00  Data: 0.006 (0.006)
Train: 8 [2000/2502 ( 80%)]  Loss: 51.423893 (51.4113)  BaseLoss: 51.423313 (51.4107)  RefAttnKL: 0.000e+00 (0.000e+00)  RefLogitKL: 0.000e+00 (0.000e+00)  AnchorRefAttnKL: 0.000e+00 (0.000e+00)  TeacherAttnKL: 0.000e+00 (0.000e+00)  TeacherQKRel: 0.000e+00 (0.000e+00)  TeacherAttnOut: 0.000e+00 (0.000e+00)  TeacherFeatOut: 1.167e-01 (1.190e-01)  BinReg: 0.000e+00 (0.000e+00)  Time: 0.223s, 2291.29/s  (0.224s, 2290.13/s)  LR: 1.667e-05  RefW: 0.000e+00  AnchorRefW: 0.000e+00  Data: 0.006 (0.006)
Train: 8 [2050/2502 ( 82%)]  Loss: 51.368954 (51.4103)  BaseLoss: 51.368355 (51.4097)  RefAttnKL: 0.000e+00 (0.000e+00)  RefLogitKL: 0.000e+00 (0.000e+00)  AnchorRefAttnKL: 0.000e+00 (0.000e+00)  TeacherAttnKL: 0.000e+00 (0.000e+00)  TeacherQKRel: 0.000e+00 (0.000e+00)  TeacherAttnOut: 0.000e+00 (0.000e+00)  TeacherFeatOut: 1.200e-01 (1.190e-01)  BinReg: 0.000e+00 (0.000e+00)  Time: 0.229s, 2239.63/s  (0.224s, 2290.26/s)  LR: 1.646e-05  RefW: 0.000e+00  AnchorRefW: 0.000e+00  Data: 0.006 (0.006)
Train: 8 [2100/2502 ( 84%)]  Loss: 51.377922 (51.4095)  BaseLoss: 51.377342 (51.4089)  RefAttnKL: 0.000e+00 (0.000e+00)  RefLogitKL: 0.000e+00 (0.000e+00)  AnchorRefAttnKL: 0.000e+00 (0.000e+00)  TeacherAttnKL: 0.000e+00 (0.000e+00)  TeacherQKRel: 0.000e+00 (0.000e+00)  TeacherAttnOut: 0.000e+00 (0.000e+00)  TeacherFeatOut: 1.158e-01 (1.189e-01)  BinReg: 0.000e+00 (0.000e+00)  Time: 0.223s, 2295.71/s  (0.224s, 2290.18/s)  LR: 1.624e-05  RefW: 0.000e+00  AnchorRefW: 0.000e+00  Data: 0.006 (0.006)
Train: 8 [2150/2502 ( 86%)]  Loss: 51.397827 (51.4093)  BaseLoss: 51.397228 (51.4087)  RefAttnKL: 0.000e+00 (0.000e+00)  RefLogitKL: 0.000e+00 (0.000e+00)  AnchorRefAttnKL: 0.000e+00 (0.000e+00)  TeacherAttnKL: 0.000e+00 (0.000e+00)  TeacherQKRel: 0.000e+00 (0.000e+00)  TeacherAttnOut: 0.000e+00 (0.000e+00)  TeacherFeatOut: 1.202e-01 (1.189e-01)  BinReg: 0.000e+00 (0.000e+00)  Time: 0.223s, 2292.70/s  (0.224s, 2290.33/s)  LR: 1.603e-05  RefW: 0.000e+00  AnchorRefW: 0.000e+00  Data: 0.006 (0.006)
Train: 8 [2200/2502 ( 88%)]  Loss: 51.416031 (51.4094)  BaseLoss: 51.415424 (51.4088)  RefAttnKL: 0.000e+00 (0.000e+00)  RefLogitKL: 0.000e+00 (0.000e+00)  AnchorRefAttnKL: 0.000e+00 (0.000e+00)  TeacherAttnKL: 0.000e+00 (0.000e+00)  TeacherQKRel: 0.000e+00 (0.000e+00)  TeacherAttnOut: 0.000e+00 (0.000e+00)  TeacherFeatOut: 1.225e-01 (1.190e-01)  BinReg: 0.000e+00 (0.000e+00)  Time: 0.224s, 2289.69/s  (0.224s, 2290.36/s)  LR: 1.582e-05  RefW: 0.000e+00  AnchorRefW: 0.000e+00  Data: 0.006 (0.006)
Train: 8 [2250/2502 ( 90%)]  Loss: 51.421471 (51.4097)  BaseLoss: 51.420891 (51.4091)  RefAttnKL: 0.000e+00 (0.000e+00)  RefLogitKL: 0.000e+00 (0.000e+00)  AnchorRefAttnKL: 0.000e+00 (0.000e+00)  TeacherAttnKL: 0.000e+00 (0.000e+00)  TeacherQKRel: 0.000e+00 (0.000e+00)  TeacherAttnOut: 0.000e+00 (0.000e+00)  TeacherFeatOut: 1.155e-01 (1.189e-01)  BinReg: 0.000e+00 (0.000e+00)  Time: 0.224s, 2285.46/s  (0.224s, 2290.50/s)  LR: 1.562e-05  RefW: 0.000e+00  AnchorRefW: 0.000e+00  Data: 0.006 (0.006)
Train: 8 [2300/2502 ( 92%)]  Loss: 51.434734 (51.4102)  BaseLoss: 51.434158 (51.4096)  RefAttnKL: 0.000e+00 (0.000e+00)  RefLogitKL: 0.000e+00 (0.000e+00)  AnchorRefAttnKL: 0.000e+00 (0.000e+00)  TeacherAttnKL: 0.000e+00 (0.000e+00)  TeacherQKRel: 0.000e+00 (0.000e+00)  TeacherAttnOut: 0.000e+00 (0.000e+00)  TeacherFeatOut: 1.163e-01 (1.189e-01)  BinReg: 0.000e+00 (0.000e+00)  Time: 0.223s, 2292.63/s  (0.224s, 2290.62/s)  LR: 1.542e-05  RefW: 0.000e+00  AnchorRefW: 0.000e+00  Data: 0.006 (0.006)
Train: 8 [2350/2502 ( 94%)]  Loss: 51.433159 (51.4107)  BaseLoss: 51.432598 (51.4101)  RefAttnKL: 0.000e+00 (0.000e+00)  RefLogitKL: 0.000e+00 (0.000e+00)  AnchorRefAttnKL: 0.000e+00 (0.000e+00)  TeacherAttnKL: 0.000e+00 (0.000e+00)  TeacherQKRel: 0.000e+00 (0.000e+00)  TeacherAttnOut: 0.000e+00 (0.000e+00)  TeacherFeatOut: 1.135e-01 (1.188e-01)  BinReg: 0.000e+00 (0.000e+00)  Time: 0.224s, 2289.55/s  (0.224s, 2290.75/s)  LR: 1.522e-05  RefW: 0.000e+00  AnchorRefW: 0.000e+00  Data: 0.007 (0.006)
Train: 8 [2400/2502 ( 96%)]  Loss: 51.398510 (51.4104)  BaseLoss: 51.397949 (51.4098)  RefAttnKL: 0.000e+00 (0.000e+00)  RefLogitKL: 0.000e+00 (0.000e+00)  AnchorRefAttnKL: 0.000e+00 (0.000e+00)  TeacherAttnKL: 0.000e+00 (0.000e+00)  TeacherQKRel: 0.000e+00 (0.000e+00)  TeacherAttnOut: 0.000e+00 (0.000e+00)  TeacherFeatOut: 1.115e-01 (1.186e-01)  BinReg: 0.000e+00 (0.000e+00)  Time: 0.225s, 2270.70/s  (0.224s, 2290.72/s)  LR: 1.503e-05  RefW: 0.000e+00  AnchorRefW: 0.000e+00  Data: 0.006 (0.006)
Train: 8 [2450/2502 ( 98%)]  Loss: 51.428196 (51.4108)  BaseLoss: 51.427608 (51.4102)  RefAttnKL: 0.000e+00 (0.000e+00)  RefLogitKL: 0.000e+00 (0.000e+00)  AnchorRefAttnKL: 0.000e+00 (0.000e+00)  TeacherAttnKL: 0.000e+00 (0.000e+00)  TeacherQKRel: 0.000e+00 (0.000e+00)  TeacherAttnOut: 0.000e+00 (0.000e+00)  TeacherFeatOut: 1.183e-01 (1.186e-01)  BinReg: 0.000e+00 (0.000e+00)  Time: 0.224s, 2284.72/s  (0.224s, 2290.83/s)  LR: 1.484e-05  RefW: 0.000e+00  AnchorRefW: 0.000e+00  Data: 0.006 (0.006)
TrainSummary: epoch=8 updates=2496 avg_step_time=0.223488s samples_per_step=512 samples_per_sec=2290.95
epoch:  8 g['lr']:  1.4671774506568911e-05
model eval
TestLocal: [   0/97]  Time: 0.963 (0.963)  Loss:  0.7609  Acc@1: 82.8125  Acc@5: 93.7500  Samples: 64
TestLocal: [  50/97]  Time: 0.092 (0.108)  Loss:  0.8234  Acc@1: 81.1581  Acc@5: 95.2206  Samples: 3264
TestLocal: [  97/97]  Time: 0.048 (0.099)  Loss:  0.8197  Acc@1: 81.1507  Acc@5: 95.3323  Samples: 6170
TestLocal: [ 100/97]  Time: 0.048 (0.098)  Loss:  0.8197  Acc@1: 81.1272  Acc@5: 95.3140  Samples: 6210
Test: [distributed-summary]  Time: 10.096s  Loss: 0.8428  Acc@1: 80.3580  Acc@5: 95.2780  Samples: 50000
Trainable parameter policy: epoch=9, quant_only=False, policy=all, trainable=28608256, frozen=0
Teacher feature-output hooks: layers=('features.5.5', 'features.7.1'), student_matches=('features.5.5', 'features.7.1'), teacher_matches=('features.5.5', 'features.7.1')
Trainable parameter update policy: epoch=9, update=0, mode=requires_grad, policy=all, trainable=28608256, frozen=0
Teacher feature-output debug: student_count=2, teacher_count=2, 0:s=(64, 14, 14, 384) t=(64, 14, 14, 384) mse=4.702e+00; 1:s=(64, 7, 7, 768) t=(64, 7, 7, 768) mse=1.400e+00
Train: 9 [   0/2502 (  0%)]  Loss: 51.431366 (51.4314)  BaseLoss: 51.430794 (51.4308)  RefAttnKL: 0.000e+00 (0.000e+00)  RefLogitKL: 0.000e+00 (0.000e+00)  AnchorRefAttnKL: 0.000e+00 (0.000e+00)  TeacherAttnKL: 0.000e+00 (0.000e+00)  TeacherQKRel: 0.000e+00 (0.000e+00)  TeacherAttnOut: 0.000e+00 (0.000e+00)  TeacherFeatOut: 1.138e-01 (1.138e-01)  BinReg: 0.000e+00 (0.000e+00)  Time: 0.858s,  596.79/s  (0.858s,  596.79/s)  LR: 1.465e-05  RefW: 0.000e+00  AnchorRefW: 0.000e+00  Data: 0.505 (0.505)
Train: 9 [  50/2502 (  2%)]  Loss: 51.393715 (51.4125)  BaseLoss: 51.393127 (51.4120)  RefAttnKL: 0.000e+00 (0.000e+00)  RefLogitKL: 0.000e+00 (0.000e+00)  AnchorRefAttnKL: 0.000e+00 (0.000e+00)  TeacherAttnKL: 0.000e+00 (0.000e+00)  TeacherQKRel: 0.000e+00 (0.000e+00)  TeacherAttnOut: 0.000e+00 (0.000e+00)  TeacherFeatOut: 1.164e-01 (1.151e-01)  BinReg: 0.000e+00 (0.000e+00)  Time: 0.223s, 2290.86/s  (0.235s, 2174.28/s)  LR: 1.446e-05  RefW: 0.000e+00  AnchorRefW: 0.000e+00  Data: 0.006 (0.016)
Train: 9 [ 100/2502 (  4%)]  Loss: 51.418068 (51.4144)  BaseLoss: 51.417484 (51.4138)  RefAttnKL: 0.000e+00 (0.000e+00)  RefLogitKL: 0.000e+00 (0.000e+00)  AnchorRefAttnKL: 0.000e+00 (0.000e+00)  TeacherAttnKL: 0.000e+00 (0.000e+00)  TeacherQKRel: 0.000e+00 (0.000e+00)  TeacherAttnOut: 0.000e+00 (0.000e+00)  TeacherFeatOut: 1.169e-01 (1.157e-01)  BinReg: 0.000e+00 (0.000e+00)  Time: 0.224s, 2290.03/s  (0.229s, 2232.66/s)  LR: 1.428e-05  RefW: 0.000e+00  AnchorRefW: 0.000e+00  Data: 0.006 (0.011)
Train: 9 [ 150/2502 (  6%)]  Loss: 51.408630 (51.4129)  BaseLoss: 51.408058 (51.4124)  RefAttnKL: 0.000e+00 (0.000e+00)  RefLogitKL: 0.000e+00 (0.000e+00)  AnchorRefAttnKL: 0.000e+00 (0.000e+00)  TeacherAttnKL: 0.000e+00 (0.000e+00)  TeacherQKRel: 0.000e+00 (0.000e+00)  TeacherAttnOut: 0.000e+00 (0.000e+00)  TeacherFeatOut: 1.145e-01 (1.154e-01)  BinReg: 0.000e+00 (0.000e+00)  Time: 0.224s, 2288.63/s  (0.227s, 2253.28/s)  LR: 1.411e-05  RefW: 0.000e+00  AnchorRefW: 0.000e+00  Data: 0.005 (0.009)
Train: 9 [ 200/2502 (  8%)]  Loss: 51.412579 (51.4129)  BaseLoss: 51.412003 (51.4123)  RefAttnKL: 0.000e+00 (0.000e+00)  RefLogitKL: 0.000e+00 (0.000e+00)  AnchorRefAttnKL: 0.000e+00 (0.000e+00)  TeacherAttnKL: 0.000e+00 (0.000e+00)  TeacherQKRel: 0.000e+00 (0.000e+00)  TeacherAttnOut: 0.000e+00 (0.000e+00)  TeacherFeatOut: 1.156e-01 (1.154e-01)  BinReg: 0.000e+00 (0.000e+00)  Time: 0.224s, 2286.50/s  (0.226s, 2263.86/s)  LR: 1.394e-05  RefW: 0.000e+00  AnchorRefW: 0.000e+00  Data: 0.007 (0.009)
Train: 9 [ 250/2502 ( 10%)]  Loss: 51.455391 (51.4200)  BaseLoss: 51.454792 (51.4194)  RefAttnKL: 0.000e+00 (0.000e+00)  RefLogitKL: 0.000e+00 (0.000e+00)  AnchorRefAttnKL: 0.000e+00 (0.000e+00)  TeacherAttnKL: 0.000e+00 (0.000e+00)  TeacherQKRel: 0.000e+00 (0.000e+00)  TeacherAttnOut: 0.000e+00 (0.000e+00)  TeacherFeatOut: 1.196e-01 (1.161e-01)  BinReg: 0.000e+00 (0.000e+00)  Time: 0.223s, 2293.04/s  (0.226s, 2270.18/s)  LR: 1.377e-05  RefW: 0.000e+00  AnchorRefW: 0.000e+00  Data: 0.005 (0.008)
Train: 9 [ 300/2502 ( 12%)]  Loss: 51.393677 (51.4162)  BaseLoss: 51.393066 (51.4156)  RefAttnKL: 0.000e+00 (0.000e+00)  RefLogitKL: 0.000e+00 (0.000e+00)  AnchorRefAttnKL: 0.000e+00 (0.000e+00)  TeacherAttnKL: 0.000e+00 (0.000e+00)  TeacherQKRel: 0.000e+00 (0.000e+00)  TeacherAttnOut: 0.000e+00 (0.000e+00)  TeacherFeatOut: 1.219e-01 (1.169e-01)  BinReg: 0.000e+00 (0.000e+00)  Time: 0.223s, 2291.96/s  (0.225s, 2273.99/s)  LR: 1.360e-05  RefW: 0.000e+00  AnchorRefW: 0.000e+00  Data: 0.006 (0.008)
Train: 9 [ 350/2502 ( 14%)]  Loss: 51.439045 (51.4191)  BaseLoss: 51.438473 (51.4185)  RefAttnKL: 0.000e+00 (0.000e+00)  RefLogitKL: 0.000e+00 (0.000e+00)  AnchorRefAttnKL: 0.000e+00 (0.000e+00)  TeacherAttnKL: 0.000e+00 (0.000e+00)  TeacherQKRel: 0.000e+00 (0.000e+00)  TeacherAttnOut: 0.000e+00 (0.000e+00)  TeacherFeatOut: 1.134e-01 (1.165e-01)  BinReg: 0.000e+00 (0.000e+00)  Time: 0.224s, 2289.37/s  (0.225s, 2276.84/s)  LR: 1.344e-05  RefW: 0.000e+00  AnchorRefW: 0.000e+00  Data: 0.005 (0.007)
Train: 9 [ 400/2502 ( 16%)]  Loss: 51.419334 (51.4191)  BaseLoss: 51.418774 (51.4185)  RefAttnKL: 0.000e+00 (0.000e+00)  RefLogitKL: 0.000e+00 (0.000e+00)  AnchorRefAttnKL: 0.000e+00 (0.000e+00)  TeacherAttnKL: 0.000e+00 (0.000e+00)  TeacherQKRel: 0.000e+00 (0.000e+00)  TeacherAttnOut: 0.000e+00 (0.000e+00)  TeacherFeatOut: 1.123e-01 (1.160e-01)  BinReg: 0.000e+00 (0.000e+00)  Time: 0.223s, 2293.02/s  (0.225s, 2279.24/s)  LR: 1.329e-05  RefW: 0.000e+00  AnchorRefW: 0.000e+00  Data: 0.006 (0.007)
Train: 9 [ 450/2502 ( 18%)]  Loss: 51.427185 (51.4199)  BaseLoss: 51.426590 (51.4193)  RefAttnKL: 0.000e+00 (0.000e+00)  RefLogitKL: 0.000e+00 (0.000e+00)  AnchorRefAttnKL: 0.000e+00 (0.000e+00)  TeacherAttnKL: 0.000e+00 (0.000e+00)  TeacherQKRel: 0.000e+00 (0.000e+00)  TeacherAttnOut: 0.000e+00 (0.000e+00)  TeacherFeatOut: 1.187e-01 (1.163e-01)  BinReg: 0.000e+00 (0.000e+00)  Time: 0.224s, 2290.44/s  (0.225s, 2280.56/s)  LR: 1.313e-05  RefW: 0.000e+00  AnchorRefW: 0.000e+00  Data: 0.006 (0.007)
Train: 9 [ 500/2502 ( 20%)]  Loss: 51.453156 (51.4229)  BaseLoss: 51.452576 (51.4223)  RefAttnKL: 0.000e+00 (0.000e+00)  RefLogitKL: 0.000e+00 (0.000e+00)  AnchorRefAttnKL: 0.000e+00 (0.000e+00)  TeacherAttnKL: 0.000e+00 (0.000e+00)  TeacherQKRel: 0.000e+00 (0.000e+00)  TeacherAttnOut: 0.000e+00 (0.000e+00)  TeacherFeatOut: 1.157e-01 (1.163e-01)  BinReg: 0.000e+00 (0.000e+00)  Time: 0.224s, 2288.71/s  (0.224s, 2282.10/s)  LR: 1.298e-05  RefW: 0.000e+00  AnchorRefW: 0.000e+00  Data: 0.005 (0.007)
Train: 9 [ 550/2502 ( 22%)]  Loss: 51.430267 (51.4235)  BaseLoss: 51.429699 (51.4230)  RefAttnKL: 0.000e+00 (0.000e+00)  RefLogitKL: 0.000e+00 (0.000e+00)  AnchorRefAttnKL: 0.000e+00 (0.000e+00)  TeacherAttnKL: 0.000e+00 (0.000e+00)  TeacherQKRel: 0.000e+00 (0.000e+00)  TeacherAttnOut: 0.000e+00 (0.000e+00)  TeacherFeatOut: 1.134e-01 (1.160e-01)  BinReg: 0.000e+00 (0.000e+00)  Time: 0.223s, 2291.71/s  (0.224s, 2282.89/s)  LR: 1.284e-05  RefW: 0.000e+00  AnchorRefW: 0.000e+00  Data: 0.005 (0.007)
Train: 9 [ 600/2502 ( 24%)]  Loss: 51.359108 (51.4186)  BaseLoss: 51.358555 (51.4180)  RefAttnKL: 0.000e+00 (0.000e+00)  RefLogitKL: 0.000e+00 (0.000e+00)  AnchorRefAttnKL: 0.000e+00 (0.000e+00)  TeacherAttnKL: 0.000e+00 (0.000e+00)  TeacherQKRel: 0.000e+00 (0.000e+00)  TeacherAttnOut: 0.000e+00 (0.000e+00)  TeacherFeatOut: 1.098e-01 (1.155e-01)  BinReg: 0.000e+00 (0.000e+00)  Time: 0.224s, 2282.72/s  (0.224s, 2284.01/s)  LR: 1.269e-05  RefW: 0.000e+00  AnchorRefW: 0.000e+00  Data: 0.007 (0.007)
Train: 9 [ 650/2502 ( 26%)]  Loss: 51.426006 (51.4191)  BaseLoss: 51.425415 (51.4185)  RefAttnKL: 0.000e+00 (0.000e+00)  RefLogitKL: 0.000e+00 (0.000e+00)  AnchorRefAttnKL: 0.000e+00 (0.000e+00)  TeacherAttnKL: 0.000e+00 (0.000e+00)  TeacherQKRel: 0.000e+00 (0.000e+00)  TeacherAttnOut: 0.000e+00 (0.000e+00)  TeacherFeatOut: 1.167e-01 (1.156e-01)  BinReg: 0.000e+00 (0.000e+00)  Time: 0.224s, 2287.22/s  (0.224s, 2284.79/s)  LR: 1.255e-05  RefW: 0.000e+00  AnchorRefW: 0.000e+00  Data: 0.006 (0.007)
Train: 9 [ 700/2502 ( 28%)]  Loss: 51.359833 (51.4152)  BaseLoss: 51.359234 (51.4146)  RefAttnKL: 0.000e+00 (0.000e+00)  RefLogitKL: 0.000e+00 (0.000e+00)  AnchorRefAttnKL: 0.000e+00 (0.000e+00)  TeacherAttnKL: 0.000e+00 (0.000e+00)  TeacherQKRel: 0.000e+00 (0.000e+00)  TeacherAttnOut: 0.000e+00 (0.000e+00)  TeacherFeatOut: 1.204e-01 (1.159e-01)  BinReg: 0.000e+00 (0.000e+00)  Time: 0.224s, 2290.58/s  (0.224s, 2285.61/s)  LR: 1.242e-05  RefW: 0.000e+00  AnchorRefW: 0.000e+00  Data: 0.005 (0.007)
Train: 9 [ 750/2502 ( 30%)]  Loss: 51.361855 (51.4118)  BaseLoss: 51.361279 (51.4112)  RefAttnKL: 0.000e+00 (0.000e+00)  RefLogitKL: 0.000e+00 (0.000e+00)  AnchorRefAttnKL: 0.000e+00 (0.000e+00)  TeacherAttnKL: 0.000e+00 (0.000e+00)  TeacherQKRel: 0.000e+00 (0.000e+00)  TeacherAttnOut: 0.000e+00 (0.000e+00)  TeacherFeatOut: 1.150e-01 (1.159e-01)  BinReg: 0.000e+00 (0.000e+00)  Time: 0.223s, 2291.46/s  (0.224s, 2286.30/s)  LR: 1.229e-05  RefW: 0.000e+00  AnchorRefW: 0.000e+00  Data: 0.006 (0.007)
Train: 9 [ 800/2502 ( 32%)]  Loss: 51.409195 (51.4117)  BaseLoss: 51.408619 (51.4111)  RefAttnKL: 0.000e+00 (0.000e+00)  RefLogitKL: 0.000e+00 (0.000e+00)  AnchorRefAttnKL: 0.000e+00 (0.000e+00)  TeacherAttnKL: 0.000e+00 (0.000e+00)  TeacherQKRel: 0.000e+00 (0.000e+00)  TeacherAttnOut: 0.000e+00 (0.000e+00)  TeacherFeatOut: 1.162e-01 (1.159e-01)  BinReg: 0.000e+00 (0.000e+00)  Time: 0.224s, 2288.54/s  (0.224s, 2286.90/s)  LR: 1.216e-05  RefW: 0.000e+00  AnchorRefW: 0.000e+00  Data: 0.006 (0.007)
Train: 9 [ 850/2502 ( 34%)]  Loss: 51.372910 (51.4095)  BaseLoss: 51.372326 (51.4089)  RefAttnKL: 0.000e+00 (0.000e+00)  RefLogitKL: 0.000e+00 (0.000e+00)  AnchorRefAttnKL: 0.000e+00 (0.000e+00)  TeacherAttnKL: 0.000e+00 (0.000e+00)  TeacherQKRel: 0.000e+00 (0.000e+00)  TeacherAttnOut: 0.000e+00 (0.000e+00)  TeacherFeatOut: 1.171e-01 (1.160e-01)  BinReg: 0.000e+00 (0.000e+00)  Time: 0.236s, 2170.60/s  (0.224s, 2287.20/s)  LR: 1.203e-05  RefW: 0.000e+00  AnchorRefW: 0.000e+00  Data: 0.006 (0.007)
Train: 9 [ 900/2502 ( 36%)]  Loss: 51.379436 (51.4079)  BaseLoss: 51.378830 (51.4074)  RefAttnKL: 0.000e+00 (0.000e+00)  RefLogitKL: 0.000e+00 (0.000e+00)  AnchorRefAttnKL: 0.000e+00 (0.000e+00)  TeacherAttnKL: 0.000e+00 (0.000e+00)  TeacherQKRel: 0.000e+00 (0.000e+00)  TeacherAttnOut: 0.000e+00 (0.000e+00)  TeacherFeatOut: 1.208e-01 (1.162e-01)  BinReg: 0.000e+00 (0.000e+00)  Time: 0.224s, 2288.61/s  (0.224s, 2287.68/s)  LR: 1.191e-05  RefW: 0.000e+00  AnchorRefW: 0.000e+00  Data: 0.006 (0.007)
Train: 9 [ 950/2502 ( 38%)]  Loss: 51.378918 (51.4065)  BaseLoss: 51.378326 (51.4059)  RefAttnKL: 0.000e+00 (0.000e+00)  RefLogitKL: 0.000e+00 (0.000e+00)  AnchorRefAttnKL: 0.000e+00 (0.000e+00)  TeacherAttnKL: 0.000e+00 (0.000e+00)  TeacherQKRel: 0.000e+00 (0.000e+00)  TeacherAttnOut: 0.000e+00 (0.000e+00)  TeacherFeatOut: 1.173e-01 (1.163e-01)  BinReg: 0.000e+00 (0.000e+00)  Time: 0.224s, 2285.49/s  (0.224s, 2288.03/s)  LR: 1.180e-05  RefW: 0.000e+00  AnchorRefW: 0.000e+00  Data: 0.005 (0.006)
Train: 9 [1000/2502 ( 40%)]  Loss: 51.416405 (51.4070)  BaseLoss: 51.415810 (51.4064)  RefAttnKL: 0.000e+00 (0.000e+00)  RefLogitKL: 0.000e+00 (0.000e+00)  AnchorRefAttnKL: 0.000e+00 (0.000e+00)  TeacherAttnKL: 0.000e+00 (0.000e+00)  TeacherQKRel: 0.000e+00 (0.000e+00)  TeacherAttnOut: 0.000e+00 (0.000e+00)  TeacherFeatOut: 1.176e-01 (1.163e-01)  BinReg: 0.000e+00 (0.000e+00)  Time: 0.224s, 2288.79/s  (0.224s, 2288.42/s)  LR: 1.168e-05  RefW: 0.000e+00  AnchorRefW: 0.000e+00  Data: 0.007 (0.006)
Train: 9 [1050/2502 ( 42%)]  Loss: 51.403709 (51.4068)  BaseLoss: 51.403149 (51.4062)  RefAttnKL: 0.000e+00 (0.000e+00)  RefLogitKL: 0.000e+00 (0.000e+00)  AnchorRefAttnKL: 0.000e+00 (0.000e+00)  TeacherAttnKL: 0.000e+00 (0.000e+00)  TeacherQKRel: 0.000e+00 (0.000e+00)  TeacherAttnOut: 0.000e+00 (0.000e+00)  TeacherFeatOut: 1.127e-01 (1.162e-01)  BinReg: 0.000e+00 (0.000e+00)  Time: 0.224s, 2287.08/s  (0.224s, 2288.74/s)  LR: 1.157e-05  RefW: 0.000e+00  AnchorRefW: 0.000e+00  Data: 0.005 (0.006)
Train: 9 [1100/2502 ( 44%)]  Loss: 51.347008 (51.4042)  BaseLoss: 51.346436 (51.4036)  RefAttnKL: 0.000e+00 (0.000e+00)  RefLogitKL: 0.000e+00 (0.000e+00)  AnchorRefAttnKL: 0.000e+00 (0.000e+00)  TeacherAttnKL: 0.000e+00 (0.000e+00)  TeacherQKRel: 0.000e+00 (0.000e+00)  TeacherAttnOut: 0.000e+00 (0.000e+00)  TeacherFeatOut: 1.134e-01 (1.161e-01)  BinReg: 0.000e+00 (0.000e+00)  Time: 0.224s, 2287.37/s  (0.224s, 2289.05/s)  LR: 1.147e-05  RefW: 0.000e+00  AnchorRefW: 0.000e+00  Data: 0.006 (0.006)
Train: 9 [1150/2502 ( 46%)]  Loss: 51.388294 (51.4035)  BaseLoss: 51.387691 (51.4030)  RefAttnKL: 0.000e+00 (0.000e+00)  RefLogitKL: 0.000e+00 (0.000e+00)  AnchorRefAttnKL: 0.000e+00 (0.000e+00)  TeacherAttnKL: 0.000e+00 (0.000e+00)  TeacherQKRel: 0.000e+00 (0.000e+00)  TeacherAttnOut: 0.000e+00 (0.000e+00)  TeacherFeatOut: 1.192e-01 (1.162e-01)  BinReg: 0.000e+00 (0.000e+00)  Time: 0.223s, 2296.38/s  (0.224s, 2289.33/s)  LR: 1.136e-05  RefW: 0.000e+00  AnchorRefW: 0.000e+00  Data: 0.006 (0.006)
Train: 9 [1200/2502 ( 48%)]  Loss: 51.387749 (51.4029)  BaseLoss: 51.387161 (51.4023)  RefAttnKL: 0.000e+00 (0.000e+00)  RefLogitKL: 0.000e+00 (0.000e+00)  AnchorRefAttnKL: 0.000e+00 (0.000e+00)  TeacherAttnKL: 0.000e+00 (0.000e+00)  TeacherQKRel: 0.000e+00 (0.000e+00)  TeacherAttnOut: 0.000e+00 (0.000e+00)  TeacherFeatOut: 1.171e-01 (1.162e-01)  BinReg: 0.000e+00 (0.000e+00)  Time: 0.224s, 2288.05/s  (0.224s, 2289.59/s)  LR: 1.126e-05  RefW: 0.000e+00  AnchorRefW: 0.000e+00  Data: 0.006 (0.006)
Train: 9 [1250/2502 ( 50%)]  Loss: 51.409966 (51.4032)  BaseLoss: 51.409389 (51.4026)  RefAttnKL: 0.000e+00 (0.000e+00)  RefLogitKL: 0.000e+00 (0.000e+00)  AnchorRefAttnKL: 0.000e+00 (0.000e+00)  TeacherAttnKL: 0.000e+00 (0.000e+00)  TeacherQKRel: 0.000e+00 (0.000e+00)  TeacherAttnOut: 0.000e+00 (0.000e+00)  TeacherFeatOut: 1.156e-01 (1.162e-01)  BinReg: 0.000e+00 (0.000e+00)  Time: 0.224s, 2283.65/s  (0.224s, 2289.79/s)  LR: 1.117e-05  RefW: 0.000e+00  AnchorRefW: 0.000e+00  Data: 0.006 (0.006)
Train: 9 [1300/2502 ( 52%)]  Loss: 51.411800 (51.4035)  BaseLoss: 51.411224 (51.4029)  RefAttnKL: 0.000e+00 (0.000e+00)  RefLogitKL: 0.000e+00 (0.000e+00)  AnchorRefAttnKL: 0.000e+00 (0.000e+00)  TeacherAttnKL: 0.000e+00 (0.000e+00)  TeacherQKRel: 0.000e+00 (0.000e+00)  TeacherAttnOut: 0.000e+00 (0.000e+00)  TeacherFeatOut: 1.157e-01 (1.162e-01)  BinReg: 0.000e+00 (0.000e+00)  Time: 0.224s, 2288.79/s  (0.224s, 2289.98/s)  LR: 1.108e-05  RefW: 0.000e+00  AnchorRefW: 0.000e+00  Data: 0.005 (0.006)
Train: 9 [1350/2502 ( 54%)]  Loss: 51.403469 (51.4035)  BaseLoss: 51.402885 (51.4029)  RefAttnKL: 0.000e+00 (0.000e+00)  RefLogitKL: 0.000e+00 (0.000e+00)  AnchorRefAttnKL: 0.000e+00 (0.000e+00)  TeacherAttnKL: 0.000e+00 (0.000e+00)  TeacherQKRel: 0.000e+00 (0.000e+00)  TeacherAttnOut: 0.000e+00 (0.000e+00)  TeacherFeatOut: 1.164e-01 (1.162e-01)  BinReg: 0.000e+00 (0.000e+00)  Time: 0.224s, 2288.02/s  (0.224s, 2290.10/s)  LR: 1.099e-05  RefW: 0.000e+00  AnchorRefW: 0.000e+00  Data: 0.006 (0.006)
Train: 9 [1400/2502 ( 56%)]  Loss: 51.416397 (51.4039)  BaseLoss: 51.415813 (51.4034)  RefAttnKL: 0.000e+00 (0.000e+00)  RefLogitKL: 0.000e+00 (0.000e+00)  AnchorRefAttnKL: 0.000e+00 (0.000e+00)  TeacherAttnKL: 0.000e+00 (0.000e+00)  TeacherQKRel: 0.000e+00 (0.000e+00)  TeacherAttnOut: 0.000e+00 (0.000e+00)  TeacherFeatOut: 1.170e-01 (1.162e-01)  BinReg: 0.000e+00 (0.000e+00)  Time: 0.223s, 2298.28/s  (0.224s, 2290.24/s)  LR: 1.091e-05  RefW: 0.000e+00  AnchorRefW: 0.000e+00  Data: 0.007 (0.006)
Train: 9 [1450/2502 ( 58%)]  Loss: 51.444736 (51.4053)  BaseLoss: 51.444134 (51.4047)  RefAttnKL: 0.000e+00 (0.000e+00)  RefLogitKL: 0.000e+00 (0.000e+00)  AnchorRefAttnKL: 0.000e+00 (0.000e+00)  TeacherAttnKL: 0.000e+00 (0.000e+00)  TeacherQKRel: 0.000e+00 (0.000e+00)  TeacherAttnOut: 0.000e+00 (0.000e+00)  TeacherFeatOut: 1.202e-01 (1.163e-01)  BinReg: 0.000e+00 (0.000e+00)  Time: 0.223s, 2294.38/s  (0.224s, 2290.22/s)  LR: 1.083e-05  RefW: 0.000e+00  AnchorRefW: 0.000e+00  Data: 0.006 (0.006)
Train: 9 [1500/2502 ( 60%)]  Loss: 51.442375 (51.4065)  BaseLoss: 51.441780 (51.4059)  RefAttnKL: 0.000e+00 (0.000e+00)  RefLogitKL: 0.000e+00 (0.000e+00)  AnchorRefAttnKL: 0.000e+00 (0.000e+00)  TeacherAttnKL: 0.000e+00 (0.000e+00)  TeacherQKRel: 0.000e+00 (0.000e+00)  TeacherAttnOut: 0.000e+00 (0.000e+00)  TeacherFeatOut: 1.188e-01 (1.164e-01)  BinReg: 0.000e+00 (0.000e+00)  Time: 0.224s, 2290.67/s  (0.224s, 2290.41/s)  LR: 1.075e-05  RefW: 0.000e+00  AnchorRefW: 0.000e+00  Data: 0.006 (0.006)
Train: 9 [1550/2502 ( 62%)]  Loss: 51.410969 (51.4066)  BaseLoss: 51.410404 (51.4061)  RefAttnKL: 0.000e+00 (0.000e+00)  RefLogitKL: 0.000e+00 (0.000e+00)  AnchorRefAttnKL: 0.000e+00 (0.000e+00)  TeacherAttnKL: 0.000e+00 (0.000e+00)  TeacherQKRel: 0.000e+00 (0.000e+00)  TeacherAttnOut: 0.000e+00 (0.000e+00)  TeacherFeatOut: 1.128e-01 (1.163e-01)  BinReg: 0.000e+00 (0.000e+00)  Time: 0.224s, 2287.69/s  (0.224s, 2290.54/s)  LR: 1.068e-05  RefW: 0.000e+00  AnchorRefW: 0.000e+00  Data: 0.006 (0.006)
Train: 9 [1600/2502 ( 64%)]  Loss: 51.381111 (51.4059)  BaseLoss: 51.380493 (51.4053)  RefAttnKL: 0.000e+00 (0.000e+00)  RefLogitKL: 0.000e+00 (0.000e+00)  AnchorRefAttnKL: 0.000e+00 (0.000e+00)  TeacherAttnKL: 0.000e+00 (0.000e+00)  TeacherQKRel: 0.000e+00 (0.000e+00)  TeacherAttnOut: 0.000e+00 (0.000e+00)  TeacherFeatOut: 1.226e-01 (1.165e-01)  BinReg: 0.000e+00 (0.000e+00)  Time: 0.223s, 2295.38/s  (0.224s, 2290.59/s)  LR: 1.061e-05  RefW: 0.000e+00  AnchorRefW: 0.000e+00  Data: 0.006 (0.006)
Train: 9 [1650/2502 ( 66%)]  Loss: 51.443409 (51.4070)  BaseLoss: 51.442841 (51.4064)  RefAttnKL: 0.000e+00 (0.000e+00)  RefLogitKL: 0.000e+00 (0.000e+00)  AnchorRefAttnKL: 0.000e+00 (0.000e+00)  TeacherAttnKL: 0.000e+00 (0.000e+00)  TeacherQKRel: 0.000e+00 (0.000e+00)  TeacherAttnOut: 0.000e+00 (0.000e+00)  TeacherFeatOut: 1.133e-01 (1.164e-01)  BinReg: 0.000e+00 (0.000e+00)  Time: 0.224s, 2287.95/s  (0.224s, 2290.67/s)  LR: 1.054e-05  RefW: 0.000e+00  AnchorRefW: 0.000e+00  Data: 0.006 (0.006)
Train: 9 [1700/2502 ( 68%)]  Loss: 51.401863 (51.4068)  BaseLoss: 51.401287 (51.4062)  RefAttnKL: 0.000e+00 (0.000e+00)  RefLogitKL: 0.000e+00 (0.000e+00)  AnchorRefAttnKL: 0.000e+00 (0.000e+00)  TeacherAttnKL: 0.000e+00 (0.000e+00)  TeacherQKRel: 0.000e+00 (0.000e+00)  TeacherAttnOut: 0.000e+00 (0.000e+00)  TeacherFeatOut: 1.140e-01 (1.163e-01)  BinReg: 0.000e+00 (0.000e+00)  Time: 0.224s, 2288.28/s  (0.224s, 2290.82/s)  LR: 1.048e-05  RefW: 0.000e+00  AnchorRefW: 0.000e+00  Data: 0.005 (0.006)
Train: 9 [1750/2502 ( 70%)]  Loss: 51.423923 (51.4073)  BaseLoss: 51.423359 (51.4067)  RefAttnKL: 0.000e+00 (0.000e+00)  RefLogitKL: 0.000e+00 (0.000e+00)  AnchorRefAttnKL: 0.000e+00 (0.000e+00)  TeacherAttnKL: 0.000e+00 (0.000e+00)  TeacherQKRel: 0.000e+00 (0.000e+00)  TeacherAttnOut: 0.000e+00 (0.000e+00)  TeacherFeatOut: 1.118e-01 (1.162e-01)  BinReg: 0.000e+00 (0.000e+00)  Time: 0.224s, 2283.20/s  (0.223s, 2290.91/s)  LR: 1.042e-05  RefW: 0.000e+00  AnchorRefW: 0.000e+00  Data: 0.006 (0.006)
Train: 9 [1800/2502 ( 72%)]  Loss: 51.404434 (51.4072)  BaseLoss: 51.403831 (51.4066)  RefAttnKL: 0.000e+00 (0.000e+00)  RefLogitKL: 0.000e+00 (0.000e+00)  AnchorRefAttnKL: 0.000e+00 (0.000e+00)  TeacherAttnKL: 0.000e+00 (0.000e+00)  TeacherQKRel: 0.000e+00 (0.000e+00)  TeacherAttnOut: 0.000e+00 (0.000e+00)  TeacherFeatOut: 1.204e-01 (1.163e-01)  BinReg: 0.000e+00 (0.000e+00)  Time: 0.224s, 2289.29/s  (0.223s, 2291.06/s)  LR: 1.037e-05  RefW: 0.000e+00  AnchorRefW: 0.000e+00  Data: 0.006 (0.006)
Train: 9 [1850/2502 ( 74%)]  Loss: 51.392948 (51.4068)  BaseLoss: 51.392342 (51.4063)  RefAttnKL: 0.000e+00 (0.000e+00)  RefLogitKL: 0.000e+00 (0.000e+00)  AnchorRefAttnKL: 0.000e+00 (0.000e+00)  TeacherAttnKL: 0.000e+00 (0.000e+00)  TeacherQKRel: 0.000e+00 (0.000e+00)  TeacherAttnOut: 0.000e+00 (0.000e+00)  TeacherFeatOut: 1.211e-01 (1.165e-01)  BinReg: 0.000e+00 (0.000e+00)  Time: 0.224s, 2289.10/s  (0.223s, 2291.17/s)  LR: 1.032e-05  RefW: 0.000e+00  AnchorRefW: 0.000e+00  Data: 0.006 (0.006)
Train: 9 [1900/2502 ( 76%)]  Loss: 51.425179 (51.4073)  BaseLoss: 51.424587 (51.4067)  RefAttnKL: 0.000e+00 (0.000e+00)  RefLogitKL: 0.000e+00 (0.000e+00)  AnchorRefAttnKL: 0.000e+00 (0.000e+00)  TeacherAttnKL: 0.000e+00 (0.000e+00)  TeacherQKRel: 0.000e+00 (0.000e+00)  TeacherAttnOut: 0.000e+00 (0.000e+00)  TeacherFeatOut: 1.179e-01 (1.165e-01)  BinReg: 0.000e+00 (0.000e+00)  Time: 0.224s, 2286.89/s  (0.223s, 2291.30/s)  LR: 1.027e-05  RefW: 0.000e+00  AnchorRefW: 0.000e+00  Data: 0.006 (0.006)
Train: 9 [1950/2502 ( 78%)]  Loss: 51.427216 (51.4078)  BaseLoss: 51.426647 (51.4072)  RefAttnKL: 0.000e+00 (0.000e+00)  RefLogitKL: 0.000e+00 (0.000e+00)  AnchorRefAttnKL: 0.000e+00 (0.000e+00)  TeacherAttnKL: 0.000e+00 (0.000e+00)  TeacherQKRel: 0.000e+00 (0.000e+00)  TeacherAttnOut: 0.000e+00 (0.000e+00)  TeacherFeatOut: 1.141e-01 (1.164e-01)  BinReg: 0.000e+00 (0.000e+00)  Time: 0.224s, 2290.51/s  (0.223s, 2291.27/s)  LR: 1.023e-05  RefW: 0.000e+00  AnchorRefW: 0.000e+00  Data: 0.006 (0.006)
Train: 9 [2000/2502 ( 80%)]  Loss: 51.410301 (51.4079)  BaseLoss: 51.409702 (51.4073)  RefAttnKL: 0.000e+00 (0.000e+00)  RefLogitKL: 0.000e+00 (0.000e+00)  AnchorRefAttnKL: 0.000e+00 (0.000e+00)  TeacherAttnKL: 0.000e+00 (0.000e+00)  TeacherQKRel: 0.000e+00 (0.000e+00)  TeacherAttnOut: 0.000e+00 (0.000e+00)  TeacherFeatOut: 1.203e-01 (1.165e-01)  BinReg: 0.000e+00 (0.000e+00)  Time: 0.224s, 2287.00/s  (0.223s, 2291.19/s)  LR: 1.019e-05  RefW: 0.000e+00  AnchorRefW: 0.000e+00  Data: 0.006 (0.006)
Train: 9 [2050/2502 ( 82%)]  Loss: 51.372940 (51.4070)  BaseLoss: 51.372364 (51.4065)  RefAttnKL: 0.000e+00 (0.000e+00)  RefLogitKL: 0.000e+00 (0.000e+00)  AnchorRefAttnKL: 0.000e+00 (0.000e+00)  TeacherAttnKL: 0.000e+00 (0.000e+00)  TeacherQKRel: 0.000e+00 (0.000e+00)  TeacherAttnOut: 0.000e+00 (0.000e+00)  TeacherFeatOut: 1.160e-01 (1.165e-01)  BinReg: 0.000e+00 (0.000e+00)  Time: 0.224s, 2283.63/s  (0.223s, 2291.29/s)  LR: 1.015e-05  RefW: 0.000e+00  AnchorRefW: 0.000e+00  Data: 0.006 (0.006)
Train: 9 [2100/2502 ( 84%)]  Loss: 51.398220 (51.4068)  BaseLoss: 51.397659 (51.4063)  RefAttnKL: 0.000e+00 (0.000e+00)  RefLogitKL: 0.000e+00 (0.000e+00)  AnchorRefAttnKL: 0.000e+00 (0.000e+00)  TeacherAttnKL: 0.000e+00 (0.000e+00)  TeacherQKRel: 0.000e+00 (0.000e+00)  TeacherAttnOut: 0.000e+00 (0.000e+00)  TeacherFeatOut: 1.132e-01 (1.164e-01)  BinReg: 0.000e+00 (0.000e+00)  Time: 0.224s, 2286.47/s  (0.223s, 2291.40/s)  LR: 1.012e-05  RefW: 0.000e+00  AnchorRefW: 0.000e+00  Data: 0.006 (0.006)
Train: 9 [2150/2502 ( 86%)]  Loss: 51.406406 (51.4068)  BaseLoss: 51.405827 (51.4062)  RefAttnKL: 0.000e+00 (0.000e+00)  RefLogitKL: 0.000e+00 (0.000e+00)  AnchorRefAttnKL: 0.000e+00 (0.000e+00)  TeacherAttnKL: 0.000e+00 (0.000e+00)  TeacherQKRel: 0.000e+00 (0.000e+00)  TeacherAttnOut: 0.000e+00 (0.000e+00)  TeacherFeatOut: 1.155e-01 (1.164e-01)  BinReg: 0.000e+00 (0.000e+00)  Time: 0.224s, 2290.72/s  (0.223s, 2291.50/s)  LR: 1.009e-05  RefW: 0.000e+00  AnchorRefW: 0.000e+00  Data: 0.006 (0.006)
Train: 9 [2200/2502 ( 88%)]  Loss: 51.392403 (51.4065)  BaseLoss: 51.391792 (51.4059)  RefAttnKL: 0.000e+00 (0.000e+00)  RefLogitKL: 0.000e+00 (0.000e+00)  AnchorRefAttnKL: 0.000e+00 (0.000e+00)  TeacherAttnKL: 0.000e+00 (0.000e+00)  TeacherQKRel: 0.000e+00 (0.000e+00)  TeacherAttnOut: 0.000e+00 (0.000e+00)  TeacherFeatOut: 1.211e-01 (1.165e-01)  BinReg: 0.000e+00 (0.000e+00)  Time: 0.224s, 2287.76/s  (0.223s, 2291.36/s)  LR: 1.007e-05  RefW: 0.000e+00  AnchorRefW: 0.000e+00  Data: 0.006 (0.006)
Train: 9 [2250/2502 ( 90%)]  Loss: 51.394218 (51.4062)  BaseLoss: 51.393623 (51.4057)  RefAttnKL: 0.000e+00 (0.000e+00)  RefLogitKL: 0.000e+00 (0.000e+00)  AnchorRefAttnKL: 0.000e+00 (0.000e+00)  TeacherAttnKL: 0.000e+00 (0.000e+00)  TeacherQKRel: 0.000e+00 (0.000e+00)  TeacherAttnOut: 0.000e+00 (0.000e+00)  TeacherFeatOut: 1.175e-01 (1.165e-01)  BinReg: 0.000e+00 (0.000e+00)  Time: 0.224s, 2287.07/s  (0.223s, 2291.45/s)  LR: 1.005e-05  RefW: 0.000e+00  AnchorRefW: 0.000e+00  Data: 0.006 (0.006)
Train: 9 [2300/2502 ( 92%)]  Loss: 51.438538 (51.4069)  BaseLoss: 51.437927 (51.4063)  RefAttnKL: 0.000e+00 (0.000e+00)  RefLogitKL: 0.000e+00 (0.000e+00)  AnchorRefAttnKL: 0.000e+00 (0.000e+00)  TeacherAttnKL: 0.000e+00 (0.000e+00)  TeacherQKRel: 0.000e+00 (0.000e+00)  TeacherAttnOut: 0.000e+00 (0.000e+00)  TeacherFeatOut: 1.207e-01 (1.166e-01)  BinReg: 0.000e+00 (0.000e+00)  Time: 0.223s, 2295.50/s  (0.223s, 2291.54/s)  LR: 1.003e-05  RefW: 0.000e+00  AnchorRefW: 0.000e+00  Data: 0.006 (0.006)
Train: 9 [2350/2502 ( 94%)]  Loss: 51.431202 (51.4074)  BaseLoss: 51.430641 (51.4069)  RefAttnKL: 0.000e+00 (0.000e+00)  RefLogitKL: 0.000e+00 (0.000e+00)  AnchorRefAttnKL: 0.000e+00 (0.000e+00)  TeacherAttnKL: 0.000e+00 (0.000e+00)  TeacherQKRel: 0.000e+00 (0.000e+00)  TeacherAttnOut: 0.000e+00 (0.000e+00)  TeacherFeatOut: 1.124e-01 (1.165e-01)  BinReg: 0.000e+00 (0.000e+00)  Time: 0.224s, 2289.57/s  (0.223s, 2291.62/s)  LR: 1.002e-05  RefW: 0.000e+00  AnchorRefW: 0.000e+00  Data: 0.006 (0.006)
Train: 9 [2400/2502 ( 96%)]  Loss: 51.390823 (51.4071)  BaseLoss: 51.390259 (51.4065)  RefAttnKL: 0.000e+00 (0.000e+00)  RefLogitKL: 0.000e+00 (0.000e+00)  AnchorRefAttnKL: 0.000e+00 (0.000e+00)  TeacherAttnKL: 0.000e+00 (0.000e+00)  TeacherQKRel: 0.000e+00 (0.000e+00)  TeacherAttnOut: 0.000e+00 (0.000e+00)  TeacherFeatOut: 1.125e-01 (1.165e-01)  BinReg: 0.000e+00 (0.000e+00)  Time: 0.224s, 2283.25/s  (0.223s, 2291.64/s)  LR: 1.001e-05  RefW: 0.000e+00  AnchorRefW: 0.000e+00  Data: 0.006 (0.006)
Train: 9 [2450/2502 ( 98%)]  Loss: 51.429451 (51.4075)  BaseLoss: 51.428886 (51.4070)  RefAttnKL: 0.000e+00 (0.000e+00)  RefLogitKL: 0.000e+00 (0.000e+00)  AnchorRefAttnKL: 0.000e+00 (0.000e+00)  TeacherAttnKL: 0.000e+00 (0.000e+00)  TeacherQKRel: 0.000e+00 (0.000e+00)  TeacherAttnOut: 0.000e+00 (0.000e+00)  TeacherFeatOut: 1.134e-01 (1.164e-01)  BinReg: 0.000e+00 (0.000e+00)  Time: 0.224s, 2283.97/s  (0.223s, 2291.71/s)  LR: 1.000e-05  RefW: 0.000e+00  AnchorRefW: 0.000e+00  Data: 0.005 (0.006)
TrainSummary: epoch=9 updates=2496 avg_step_time=0.223403s samples_per_step=512 samples_per_sec=2291.82
epoch:  9 g['lr']:  1.0000028312206269e-05
model eval
TestLocal: [   0/97]  Time: 0.911 (0.911)  Loss:  0.7372  Acc@1: 81.2500  Acc@5: 95.3125  Samples: 64
TestLocal: [  50/97]  Time: 0.091 (0.107)  Loss:  0.8220  Acc@1: 81.0355  Acc@5: 95.2512  Samples: 3264
TestLocal: [  97/97]  Time: 0.043 (0.099)  Loss:  0.8204  Acc@1: 80.9887  Acc@5: 95.4133  Samples: 6170
TestLocal: [ 100/97]  Time: 0.043 (0.097)  Loss:  0.8205  Acc@1: 80.9823  Acc@5: 95.4106  Samples: 6210
Test: [distributed-summary]  Time: 10.398s  Loss: 0.8453  Acc@1: 80.3640  Acc@5: 95.3140  Samples: 50000
[qat_launch] skip dist.destroy_process_group() for NCCL to avoid teardown hang on process exit
[qat_launch] skip dist.destroy_process_group() for NCCL to avoid teardown hang on process exit
[qat_launch] skip dist.destroy_process_group() for NCCL to avoid teardown hang on process exit[qat_launch] skip dist.destroy_process_group() for NCCL to avoid teardown hang on process exit

[qat_launch] skip dist.destroy_process_group() for NCCL to avoid teardown hang on process exit
[qat_launch] skip dist.destroy_process_group() for NCCL to avoid teardown hang on process exit
[qat_launch] skip dist.destroy_process_group() for NCCL to avoid teardown hang on process exit[qat_launch] skip dist.destroy_process_group() for NCCL to avoid teardown hang on process exit

[rank0]:[W706 04:20:55.672398644 ProcessGroupNCCL.cpp:1524] Warning: WARNING: destroy_process_group() was not called before program exit, which can leak resources. For more info, please see https://pytorch.org/docs/stable/distributed.html#shutdown (function operator())
[rank4]:[W706 04:20:55.135339410 TCPStore.cpp:125] [c10d] recvValue failed on SocketImpl(fd=9, addr=[localhost]:37854, remote=[localhost]:30510): Failed to recv, got 0 bytes. Connection was likely closed. Did the remote server shutdown or crash?
Exception raised from recvBytes at /opt/tiger/compile_path/src/code.byted.org/pytorch/pytorch/torch/csrc/distributed/c10d/Utils.hpp:682 (most recent call first):
frame #0: c10::Error::Error(c10::SourceLocation, std::__cxx11::basic_string<char, std::char_traits<char>, std::allocator<char> >) + 0x80 (0x7f28051ab450 in /usr/local/lib/python3.11/dist-packages/torch/lib/libc10.so)
frame #1: <unknown function> + 0x5d7c871 (0x7f2840f68871 in /usr/local/lib/python3.11/dist-packages/torch/lib/libtorch_cpu.so)
frame #2: <unknown function> + 0x5d7dc6d (0x7f2840f69c6d in /usr/local/lib/python3.11/dist-packages/torch/lib/libtorch_cpu.so)
frame #3: <unknown function> + 0x5d7e7ca (0x7f2840f6a7ca in /usr/local/lib/python3.11/dist-packages/torch/lib/libtorch_cpu.so)
frame #4: c10d::TCPStore::check(std::vector<std::__cxx11::basic_string<char, std::char_traits<char>, std::allocator<char> >, std::allocator<std::__cxx11::basic_string<char, std::char_traits<char>, std::allocator<char> > > > const&) + 0x28f (0x7f2840f65dff in /usr/local/lib/python3.11/dist-packages/torch/lib/libtorch_cpu.so)
frame #5: c10d::ProcessGroupNCCL::HeartbeatMonitor::runLoop() + 0x3d6 (0x7f28060ebf66 in /usr/local/lib/python3.11/dist-packages/torch/lib/libtorch_cuda.so)
frame #6: <unknown function> + 0xd44a3 (0x7f28f99204a3 in /lib/x86_64-linux-gnu/libstdc++.so.6)
frame #7: <unknown function> + 0x891f5 (0x7f28ff8f71f5 in /lib/x86_64-linux-gnu/libc.so.6)
frame #8: <unknown function> + 0x10989c (0x7f28ff97789c in /lib/x86_64-linux-gnu/libc.so.6)

[rank4]:[W706 04:20:55.143674027 ProcessGroupNCCL.cpp:1771] [PG ID 0 PG GUID 0(default_pg) Rank 4] Failed to check the "should dump" flag on TCPStore, (maybe TCPStore server has shut down too early), with error: Failed to recv, got 0 bytes. Connection was likely closed. Did the remote server shutdown or crash?
wall_seconds=5835
train_log=/mlx_devbox/users/quyanyi/playground/train_recipe10ep_e_featnorm_aug_fixed_qkr_softkd_t275_rebuild_20260706.log
output=/mlx_devbox/users/quyanyi/playground/qat_public_repro/recipe10ep_e_featnorm_aug_fixed_qkr_softkd_t275_rebuild_20260706
