===== Public-family OFQ resume10->30 + late selective prev-step refKL 2026-07-09 12:21:32 =====
QATS=/mlx_devbox/users/quyanyi/playground/QATs
DATA=/tmp/imagenet1k_full_parquet
OUT=/mlx_devbox/users/quyanyi/playground/qat_public_repro/ofq_resume10_to30_late_prevstep_refkl_20260709
LOG=/mlx_devbox/users/quyanyi/playground/train_ofq_resume10_to30_late_prevstep_refkl_20260709.log
CKPT=/mlx_devbox/users/quyanyi/playground/qat_public_repro/recipe10ep_e_featnorm_aug_fixed_qkr_softkd_t275_rebuild_20260706/checkpoint-10.pth.tar
TEACHER=/home/tiger/.cache/torch/hub/checkpoints/swin_t-704ceda3.pth
DEVICES=0,1,2,3,4,5,6,7
MASTER_PORT=31541
REF_HEAD_MODE=custom_subset:6:1,8:4,8:9,11:18,11:4
REF_WEIGHT_OVERRIDES=23:0.0002,25:0.0005,28:0.0002
-rw-r--r-- 2 tiger tiger 329M Jul  6 04:20 /mlx_devbox/users/quyanyi/playground/qat_public_repro/recipe10ep_e_featnorm_aug_fixed_qkr_softkd_t275_rebuild_20260706/checkpoint-10.pth.tar
-rw-r--r-- 1 tiger tiger 109M May 18 13:32 /home/tiger/.cache/torch/hub/checkpoints/swin_t-704ceda3.pth
train_shards=294
validation_shards=14
549141c
gpu-device-present
0, NVIDIA H100 80GB HBM3, 7, 81559, 0
1, NVIDIA H100 80GB HBM3, 7, 81559, 0
2, NVIDIA H100 80GB HBM3, 7, 81559, 0
3, NVIDIA H100 80GB HBM3, 7, 81559, 0
4, NVIDIA H100 80GB HBM3, 7, 81559, 0
5, NVIDIA H100 80GB HBM3, 7, 81559, 0
6, NVIDIA H100 80GB HBM3, 7, 81559, 0
7, NVIDIA H100 80GB HBM3, 7, 81559, 0

/usr/local/lib/python3.11/dist-packages/requests/__init__.py:113: RequestsDependencyWarning: urllib3 (1.26.20) or chardet (7.4.3)/charset_normalizer (3.4.4) doesn't match a supported version!
  warnings.warn(
/usr/local/lib/python3.11/dist-packages/wandb/apis/public.py:3075: UserWarning: pkg_resources is deprecated as an API. See https://setuptools.pypa.io/en/latest/pkg_resources.html. The pkg_resources package is slated for removal as early as 2025-11-30. Refrain from using this package or pin to Setuptools<81.
  from pkg_resources import parse_version
[QATs] method=ofq
[QATs] cwd=/mlx_devbox/users/quyanyi/playground/QATs/third_party/OFQ
[QATs] command=/usr/bin/python3 train.py -c /mlx_devbox/users/quyanyi/playground/QATs/third_party/OFQ/configs/swin_t_imagenet.attn_q.yml --model swin_t /tmp/imagenet1k_full_parquet --dataset hf-parquet-imagenet --output /mlx_devbox/users/quyanyi/playground/qat_public_repro --experiment ofq_resume10_to30_late_prevstep_refkl_20260709 --visible_gpu 0,1,2,3,4,5,6,7 --world_size 8 --tcp_port 31541 --model_type swin --teacher swin_t --teacher_type swin --epochs 30 --scheduler-epochs 30 --batch-size 64 --workers 8 --lr 1.5e-05 --weight-decay 0.0 --min-lr 5e-06 --resume /mlx_devbox/users/quyanyi/playground/qat_public_repro/recipe10ep_e_featnorm_aug_fixed_qkr_softkd_t275_rebuild_20260706/checkpoint-10.pth.tar --no-resume-opt --checkpoint-hist 30 --epoch-checkpoint-interval 1 --wq-bitw 4 --wq-enable --aq-bitw 4 --aq-enable --wq-mode statsq --aq-mode lsq --wq-per-channel --aq-per-channel --aq_clip_learnable --pretrained --pretrained_initialized --use-kd --kd_hard_and_soft 0 --teacher_pretrained --teacher-checkpoint /home/tiger/.cache/torch/hub/checkpoints/swin_t-704ceda3.pth --quantized --qk_reparam --qk_reparam_type 0 --train-scheme ema_ref_attn_kl --ref-update prev_step --ref-update-interval 50 --ref-attn-kl-weight 0.0 --ref-attn-kl-drop-prob 0.25 --ref-attn-loss kl_ref --ref-head-mode custom_subset:6:1,8:4,8:9,11:18,11:4 --ref-warmup-epochs 23 --teacher-soft-temperature 2.75 --ref-attn-kl-weight-epoch-overrides 23:0.0002,25:0.0005,28:0.0002 --static-graph --smoothing 0.1 --mixup 0.0 --cutmix 0.0 --aa rand-m9-mstd0.5-inc1 --color-jitter 0.4 --reprob 0.25 --log-interval 50 --seed 42
/usr/local/lib/python3.11/dist-packages/requests/__init__.py:113: RequestsDependencyWarning: urllib3 (1.26.20) or chardet (7.4.3)/charset_normalizer (3.4.4) doesn't match a supported version!
  warnings.warn(
/usr/local/lib/python3.11/dist-packages/requests/__init__.py:113: RequestsDependencyWarning: urllib3 (1.26.20) or chardet (7.4.3)/charset_normalizer (3.4.4) doesn't match a supported version!
  warnings.warn(
/usr/local/lib/python3.11/dist-packages/requests/__init__.py:113: RequestsDependencyWarning: urllib3 (1.26.20) or chardet (7.4.3)/charset_normalizer (3.4.4) doesn't match a supported version!
  warnings.warn(
/usr/local/lib/python3.11/dist-packages/requests/__init__.py:113: RequestsDependencyWarning: urllib3 (1.26.20) or chardet (7.4.3)/charset_normalizer (3.4.4) doesn't match a supported version!
  warnings.warn(
/usr/local/lib/python3.11/dist-packages/requests/__init__.py:113: RequestsDependencyWarning: urllib3 (1.26.20) or chardet (7.4.3)/charset_normalizer (3.4.4) doesn't match a supported version!
  warnings.warn(
/usr/local/lib/python3.11/dist-packages/requests/__init__.py:113: RequestsDependencyWarning: urllib3 (1.26.20) or chardet (7.4.3)/charset_normalizer (3.4.4) doesn't match a supported version!
  warnings.warn(
/usr/local/lib/python3.11/dist-packages/requests/__init__.py:113: RequestsDependencyWarning: urllib3 (1.26.20) or chardet (7.4.3)/charset_normalizer (3.4.4) doesn't match a supported version!
  warnings.warn(
/usr/local/lib/python3.11/dist-packages/requests/__init__.py:113: RequestsDependencyWarning: urllib3 (1.26.20) or chardet (7.4.3)/charset_normalizer (3.4.4) doesn't match a supported version!
  warnings.warn(
/usr/local/lib/python3.11/dist-packages/wandb/apis/public.py:3075: UserWarning: pkg_resources is deprecated as an API. See https://setuptools.pypa.io/en/latest/pkg_resources.html. The pkg_resources package is slated for removal as early as 2025-11-30. Refrain from using this package or pin to Setuptools<81.
  from pkg_resources import parse_version
/usr/local/lib/python3.11/dist-packages/wandb/apis/public.py:3075: UserWarning: pkg_resources is deprecated as an API. See https://setuptools.pypa.io/en/latest/pkg_resources.html. The pkg_resources package is slated for removal as early as 2025-11-30. Refrain from using this package or pin to Setuptools<81.
  from pkg_resources import parse_version
/usr/local/lib/python3.11/dist-packages/wandb/apis/public.py:3075: UserWarning: pkg_resources is deprecated as an API. See https://setuptools.pypa.io/en/latest/pkg_resources.html. The pkg_resources package is slated for removal as early as 2025-11-30. Refrain from using this package or pin to Setuptools<81.
  from pkg_resources import parse_version
/usr/local/lib/python3.11/dist-packages/wandb/apis/public.py:3075: UserWarning: pkg_resources is deprecated as an API. See https://setuptools.pypa.io/en/latest/pkg_resources.html. The pkg_resources package is slated for removal as early as 2025-11-30. Refrain from using this package or pin to Setuptools<81.
  from pkg_resources import parse_version
/usr/local/lib/python3.11/dist-packages/wandb/apis/public.py:3075: UserWarning: pkg_resources is deprecated as an API. See https://setuptools.pypa.io/en/latest/pkg_resources.html. The pkg_resources package is slated for removal as early as 2025-11-30. Refrain from using this package or pin to Setuptools<81.
  from pkg_resources import parse_version
/usr/local/lib/python3.11/dist-packages/wandb/apis/public.py:3075: UserWarning: pkg_resources is deprecated as an API. See https://setuptools.pypa.io/en/latest/pkg_resources.html. The pkg_resources package is slated for removal as early as 2025-11-30. Refrain from using this package or pin to Setuptools<81.
  from pkg_resources import parse_version
/usr/local/lib/python3.11/dist-packages/wandb/apis/public.py:3075: UserWarning: pkg_resources is deprecated as an API. See https://setuptools.pypa.io/en/latest/pkg_resources.html. The pkg_resources package is slated for removal as early as 2025-11-30. Refrain from using this package or pin to Setuptools<81.
  from pkg_resources import parse_version
/usr/local/lib/python3.11/dist-packages/wandb/apis/public.py:3075: UserWarning: pkg_resources is deprecated as an API. See https://setuptools.pypa.io/en/latest/pkg_resources.html. The pkg_resources package is slated for removal as early as 2025-11-30. Refrain from using this package or pin to Setuptools<81.
  from pkg_resources import parse_version
load pretrained
load pretrained
load pretrained
load pretrained
load pretrained
load pretrained
load pretrained
load pretrained
load pretrained
create teacher model
Loaded state_dict from checkpoint '/home/tiger/.cache/torch/hub/checkpoints/swin_t-704ceda3.pth'
load pretrained
Loaded state_dict from checkpoint '/home/tiger/.cache/torch/hub/checkpoints/swin_t-704ceda3.pth'
load pretrained
load pretrained
load pretrained
load pretrained
load pretrained
load pretrained
Loaded state_dict from checkpoint '/home/tiger/.cache/torch/hub/checkpoints/swin_t-704ceda3.pth'
Loaded state_dict from checkpoint '/home/tiger/.cache/torch/hub/checkpoints/swin_t-704ceda3.pth'
Loaded state_dict from checkpoint '/home/tiger/.cache/torch/hub/checkpoints/swin_t-704ceda3.pth'
Loaded state_dict from checkpoint '/home/tiger/.cache/torch/hub/checkpoints/swin_t-704ceda3.pth'
Loaded state_dict from checkpoint '/home/tiger/.cache/torch/hub/checkpoints/swin_t-704ceda3.pth'
Loaded state_dict from checkpoint '/home/tiger/.cache/torch/hub/checkpoints/swin_t-704ceda3.pth'
Using OFQ CUDA AMP dtype=bf16, loss_scaler=disabled
Data processing configuration for current model + dataset:
	input_size: (3, 224, 224)
	interpolation: bicubic
	mean: (0.485, 0.456, 0.406)
	std: (0.229, 0.224, 0.225)
	crop_pct: 0.9
160146
6250
setup alpha batches=1
/usr/local/lib/python3.11/dist-packages/requests/__init__.py:113: RequestsDependencyWarning: urllib3 (1.26.20) or chardet (7.4.3)/charset_normalizer (3.4.4) doesn't match a supported version!
  warnings.warn(
/usr/local/lib/python3.11/dist-packages/requests/__init__.py:113: RequestsDependencyWarning: urllib3 (1.26.20) or chardet (7.4.3)/charset_normalizer (3.4.4) doesn't match a supported version!
  warnings.warn(
/usr/local/lib/python3.11/dist-packages/requests/__init__.py:113: RequestsDependencyWarning: urllib3 (1.26.20) or chardet (7.4.3)/charset_normalizer (3.4.4) doesn't match a supported version!
  warnings.warn(
/usr/local/lib/python3.11/dist-packages/requests/__init__.py:113: RequestsDependencyWarning: urllib3 (1.26.20) or chardet (7.4.3)/charset_normalizer (3.4.4) doesn't match a supported version!
  warnings.warn(
/usr/local/lib/python3.11/dist-packages/requests/__init__.py:113: RequestsDependencyWarning: urllib3 (1.26.20) or chardet (7.4.3)/charset_normalizer (3.4.4) doesn't match a supported version!
  warnings.warn(
/usr/local/lib/python3.11/dist-packages/requests/__init__.py:113: RequestsDependencyWarning: urllib3 (1.26.20) or chardet (7.4.3)/charset_normalizer (3.4.4) doesn't match a supported version!
  warnings.warn(
/usr/local/lib/python3.11/dist-packages/requests/__init__.py:113: RequestsDependencyWarning: urllib3 (1.26.20) or chardet (7.4.3)/charset_normalizer (3.4.4) doesn't match a supported version!
  warnings.warn(
/usr/local/lib/python3.11/dist-packages/requests/__init__.py:113: RequestsDependencyWarning: urllib3 (1.26.20) or chardet (7.4.3)/charset_normalizer (3.4.4) doesn't match a supported version!
  warnings.warn(
/usr/local/lib/python3.11/dist-packages/requests/__init__.py:113: RequestsDependencyWarning: urllib3 (1.26.20) or chardet (7.4.3)/charset_normalizer (3.4.4) doesn't match a supported version!
  warnings.warn(
/usr/local/lib/python3.11/dist-packages/requests/__init__.py:113: RequestsDependencyWarning: urllib3 (1.26.20) or chardet (7.4.3)/charset_normalizer (3.4.4) doesn't match a supported version!
  warnings.warn(
/usr/local/lib/python3.11/dist-packages/requests/__init__.py:113: RequestsDependencyWarning: urllib3 (1.26.20) or chardet (7.4.3)/charset_normalizer (3.4.4) doesn't match a supported version!
  warnings.warn(
/usr/local/lib/python3.11/dist-packages/requests/__init__.py:113: RequestsDependencyWarning: urllib3 (1.26.20) or chardet (7.4.3)/charset_normalizer (3.4.4) doesn't match a supported version!
  warnings.warn(
/usr/local/lib/python3.11/dist-packages/requests/__init__.py:113: RequestsDependencyWarning: urllib3 (1.26.20) or chardet (7.4.3)/charset_normalizer (3.4.4) doesn't match a supported version!
  warnings.warn(
/usr/local/lib/python3.11/dist-packages/requests/__init__.py:113: RequestsDependencyWarning: urllib3 (1.26.20) or chardet (7.4.3)/charset_normalizer (3.4.4) doesn't match a supported version!
  warnings.warn(
/usr/local/lib/python3.11/dist-packages/requests/__init__.py:113: RequestsDependencyWarning: urllib3 (1.26.20) or chardet (7.4.3)/charset_normalizer (3.4.4) doesn't match a supported version!
  warnings.warn(
/usr/local/lib/python3.11/dist-packages/requests/__init__.py:113: RequestsDependencyWarning: urllib3 (1.26.20) or chardet (7.4.3)/charset_normalizer (3.4.4) doesn't match a supported version!
  warnings.warn(
/usr/local/lib/python3.11/dist-packages/requests/__init__.py:113: RequestsDependencyWarning: urllib3 (1.26.20) or chardet (7.4.3)/charset_normalizer (3.4.4) doesn't match a supported version!
  warnings.warn(
/usr/local/lib/python3.11/dist-packages/requests/__init__.py:113: RequestsDependencyWarning: urllib3 (1.26.20) or chardet (7.4.3)/charset_normalizer (3.4.4) doesn't match a supported version!
  warnings.warn(
/usr/local/lib/python3.11/dist-packages/requests/__init__.py:113: RequestsDependencyWarning: urllib3 (1.26.20) or chardet (7.4.3)/charset_normalizer (3.4.4) doesn't match a supported version!
  warnings.warn(
/usr/local/lib/python3.11/dist-packages/requests/__init__.py:113: RequestsDependencyWarning: urllib3 (1.26.20) or chardet (7.4.3)/charset_normalizer (3.4.4) doesn't match a supported version!
  warnings.warn(
/usr/local/lib/python3.11/dist-packages/requests/__init__.py:113: RequestsDependencyWarning: urllib3 (1.26.20) or chardet (7.4.3)/charset_normalizer (3.4.4) doesn't match a supported version!
  warnings.warn(
/usr/local/lib/python3.11/dist-packages/requests/__init__.py:113: RequestsDependencyWarning: urllib3 (1.26.20) or chardet (7.4.3)/charset_normalizer (3.4.4) doesn't match a supported version!
  warnings.warn(
/usr/local/lib/python3.11/dist-packages/requests/__init__.py:113: RequestsDependencyWarning: urllib3 (1.26.20) or chardet (7.4.3)/charset_normalizer (3.4.4) doesn't match a supported version!
  warnings.warn(
/usr/local/lib/python3.11/dist-packages/requests/__init__.py:113: RequestsDependencyWarning: urllib3 (1.26.20) or chardet (7.4.3)/charset_normalizer (3.4.4) doesn't match a supported version!
  warnings.warn(
/usr/local/lib/python3.11/dist-packages/requests/__init__.py:113: RequestsDependencyWarning: urllib3 (1.26.20) or chardet (7.4.3)/charset_normalizer (3.4.4) doesn't match a supported version!
  warnings.warn(
/usr/local/lib/python3.11/dist-packages/requests/__init__.py:113: RequestsDependencyWarning: urllib3 (1.26.20) or chardet (7.4.3)/charset_normalizer (3.4.4) doesn't match a supported version!
  warnings.warn(
/usr/local/lib/python3.11/dist-packages/requests/__init__.py:113: RequestsDependencyWarning: urllib3 (1.26.20) or chardet (7.4.3)/charset_normalizer (3.4.4) doesn't match a supported version!
  warnings.warn(
/usr/local/lib/python3.11/dist-packages/requests/__init__.py:113: RequestsDependencyWarning: urllib3 (1.26.20) or chardet (7.4.3)/charset_normalizer (3.4.4) doesn't match a supported version!
  warnings.warn(
/usr/local/lib/python3.11/dist-packages/requests/__init__.py:113: RequestsDependencyWarning: urllib3 (1.26.20) or chardet (7.4.3)/charset_normalizer (3.4.4) doesn't match a supported version!
  warnings.warn(
/usr/local/lib/python3.11/dist-packages/requests/__init__.py:113: RequestsDependencyWarning: urllib3 (1.26.20) or chardet (7.4.3)/charset_normalizer (3.4.4) doesn't match a supported version!
  warnings.warn(
/usr/local/lib/python3.11/dist-packages/requests/__init__.py:113: RequestsDependencyWarning: urllib3 (1.26.20) or chardet (7.4.3)/charset_normalizer (3.4.4) doesn't match a supported version!
  warnings.warn(
/usr/local/lib/python3.11/dist-packages/requests/__init__.py:113: RequestsDependencyWarning: urllib3 (1.26.20) or chardet (7.4.3)/charset_normalizer (3.4.4) doesn't match a supported version!
  warnings.warn(
/usr/local/lib/python3.11/dist-packages/requests/__init__.py:113: RequestsDependencyWarning: urllib3 (1.26.20) or chardet (7.4.3)/charset_normalizer (3.4.4) doesn't match a supported version!
  warnings.warn(
/usr/local/lib/python3.11/dist-packages/requests/__init__.py:113: RequestsDependencyWarning: urllib3 (1.26.20) or chardet (7.4.3)/charset_normalizer (3.4.4) doesn't match a supported version!
  warnings.warn(
/usr/local/lib/python3.11/dist-packages/requests/__init__.py:113: RequestsDependencyWarning: urllib3 (1.26.20) or chardet (7.4.3)/charset_normalizer (3.4.4) doesn't match a supported version!
  warnings.warn(
/usr/local/lib/python3.11/dist-packages/requests/__init__.py:113: RequestsDependencyWarning: urllib3 (1.26.20) or chardet (7.4.3)/charset_normalizer (3.4.4) doesn't match a supported version!
  warnings.warn(
/usr/local/lib/python3.11/dist-packages/requests/__init__.py:113: RequestsDependencyWarning: urllib3 (1.26.20) or chardet (7.4.3)/charset_normalizer (3.4.4) doesn't match a supported version!
  warnings.warn(
/usr/local/lib/python3.11/dist-packages/requests/__init__.py:113: RequestsDependencyWarning: urllib3 (1.26.20) or chardet (7.4.3)/charset_normalizer (3.4.4) doesn't match a supported version!
  warnings.warn(
/usr/local/lib/python3.11/dist-packages/requests/__init__.py:113: RequestsDependencyWarning: urllib3 (1.26.20) or chardet (7.4.3)/charset_normalizer (3.4.4) doesn't match a supported version!
  warnings.warn(
/usr/local/lib/python3.11/dist-packages/requests/__init__.py:113: RequestsDependencyWarning: urllib3 (1.26.20) or chardet (7.4.3)/charset_normalizer (3.4.4) doesn't match a supported version!
  warnings.warn(
/usr/local/lib/python3.11/dist-packages/requests/__init__.py:113: RequestsDependencyWarning: urllib3 (1.26.20) or chardet (7.4.3)/charset_normalizer (3.4.4) doesn't match a supported version!
  warnings.warn(
/usr/local/lib/python3.11/dist-packages/requests/__init__.py:113: RequestsDependencyWarning: urllib3 (1.26.20) or chardet (7.4.3)/charset_normalizer (3.4.4) doesn't match a supported version!
  warnings.warn(
/usr/local/lib/python3.11/dist-packages/requests/__init__.py:113: RequestsDependencyWarning: urllib3 (1.26.20) or chardet (7.4.3)/charset_normalizer (3.4.4) doesn't match a supported version!
  warnings.warn(
/usr/local/lib/python3.11/dist-packages/requests/__init__.py:113: RequestsDependencyWarning: urllib3 (1.26.20) or chardet (7.4.3)/charset_normalizer (3.4.4) doesn't match a supported version!
  warnings.warn(
/usr/local/lib/python3.11/dist-packages/requests/__init__.py:113: RequestsDependencyWarning: urllib3 (1.26.20) or chardet (7.4.3)/charset_normalizer (3.4.4) doesn't match a supported version!
  warnings.warn(
/usr/local/lib/python3.11/dist-packages/requests/__init__.py:113: RequestsDependencyWarning: urllib3 (1.26.20) or chardet (7.4.3)/charset_normalizer (3.4.4) doesn't match a supported version!
  warnings.warn(
/usr/local/lib/python3.11/dist-packages/requests/__init__.py:113: RequestsDependencyWarning: urllib3 (1.26.20) or chardet (7.4.3)/charset_normalizer (3.4.4) doesn't match a supported version!
  warnings.warn(
/usr/local/lib/python3.11/dist-packages/requests/__init__.py:113: RequestsDependencyWarning: urllib3 (1.26.20) or chardet (7.4.3)/charset_normalizer (3.4.4) doesn't match a supported version!
  warnings.warn(
/usr/local/lib/python3.11/dist-packages/requests/__init__.py:113: RequestsDependencyWarning: urllib3 (1.26.20) or chardet (7.4.3)/charset_normalizer (3.4.4) doesn't match a supported version!
  warnings.warn(
/usr/local/lib/python3.11/dist-packages/requests/__init__.py:113: RequestsDependencyWarning: urllib3 (1.26.20) or chardet (7.4.3)/charset_normalizer (3.4.4) doesn't match a supported version!
  warnings.warn(
/usr/local/lib/python3.11/dist-packages/requests/__init__.py:113: RequestsDependencyWarning: urllib3 (1.26.20) or chardet (7.4.3)/charset_normalizer (3.4.4) doesn't match a supported version!
  warnings.warn(
/usr/local/lib/python3.11/dist-packages/requests/__init__.py:113: RequestsDependencyWarning: urllib3 (1.26.20) or chardet (7.4.3)/charset_normalizer (3.4.4) doesn't match a supported version!
  warnings.warn(
/usr/local/lib/python3.11/dist-packages/requests/__init__.py:113: RequestsDependencyWarning: urllib3 (1.26.20) or chardet (7.4.3)/charset_normalizer (3.4.4) doesn't match a supported version!
  warnings.warn(
/usr/local/lib/python3.11/dist-packages/requests/__init__.py:113: RequestsDependencyWarning: urllib3 (1.26.20) or chardet (7.4.3)/charset_normalizer (3.4.4) doesn't match a supported version!
  warnings.warn(
/usr/local/lib/python3.11/dist-packages/requests/__init__.py:113: RequestsDependencyWarning: urllib3 (1.26.20) or chardet (7.4.3)/charset_normalizer (3.4.4) doesn't match a supported version!
  warnings.warn(
/usr/local/lib/python3.11/dist-packages/requests/__init__.py:113: RequestsDependencyWarning: urllib3 (1.26.20) or chardet (7.4.3)/charset_normalizer (3.4.4) doesn't match a supported version!
  warnings.warn(
/usr/local/lib/python3.11/dist-packages/requests/__init__.py:113: RequestsDependencyWarning: urllib3 (1.26.20) or chardet (7.4.3)/charset_normalizer (3.4.4) doesn't match a supported version!
  warnings.warn(
/usr/local/lib/python3.11/dist-packages/requests/__init__.py:113: RequestsDependencyWarning: urllib3 (1.26.20) or chardet (7.4.3)/charset_normalizer (3.4.4) doesn't match a supported version!
  warnings.warn(
/usr/local/lib/python3.11/dist-packages/requests/__init__.py:113: RequestsDependencyWarning: urllib3 (1.26.20) or chardet (7.4.3)/charset_normalizer (3.4.4) doesn't match a supported version!
  warnings.warn(
/usr/local/lib/python3.11/dist-packages/requests/__init__.py:113: RequestsDependencyWarning: urllib3 (1.26.20) or chardet (7.4.3)/charset_normalizer (3.4.4) doesn't match a supported version!
  warnings.warn(
/usr/local/lib/python3.11/dist-packages/requests/__init__.py:113: RequestsDependencyWarning: urllib3 (1.26.20) or chardet (7.4.3)/charset_normalizer (3.4.4) doesn't match a supported version!
  warnings.warn(
/usr/local/lib/python3.11/dist-packages/requests/__init__.py:113: RequestsDependencyWarning: urllib3 (1.26.20) or chardet (7.4.3)/charset_normalizer (3.4.4) doesn't match a supported version!
  warnings.warn(
/usr/local/lib/python3.11/dist-packages/requests/__init__.py:113: RequestsDependencyWarning: urllib3 (1.26.20) or chardet (7.4.3)/charset_normalizer (3.4.4) doesn't match a supported version!
  warnings.warn(
/usr/local/lib/python3.11/dist-packages/requests/__init__.py:113: RequestsDependencyWarning: urllib3 (1.26.20) or chardet (7.4.3)/charset_normalizer (3.4.4) doesn't match a supported version!
  warnings.warn(
/usr/local/lib/python3.11/dist-packages/wandb/apis/public.py:3075: UserWarning: pkg_resources is deprecated as an API. See https://setuptools.pypa.io/en/latest/pkg_resources.html. The pkg_resources package is slated for removal as early as 2025-11-30. Refrain from using this package or pin to Setuptools<81.
  from pkg_resources import parse_version
/usr/local/lib/python3.11/dist-packages/wandb/apis/public.py:3075: UserWarning: pkg_resources is deprecated as an API. See https://setuptools.pypa.io/en/latest/pkg_resources.html. The pkg_resources package is slated for removal as early as 2025-11-30. Refrain from using this package or pin to Setuptools<81.
  from pkg_resources import parse_version
/usr/local/lib/python3.11/dist-packages/wandb/apis/public.py:3075: UserWarning: pkg_resources is deprecated as an API. See https://setuptools.pypa.io/en/latest/pkg_resources.html. The pkg_resources package is slated for removal as early as 2025-11-30. Refrain from using this package or pin to Setuptools<81.
  from pkg_resources import parse_version
/usr/local/lib/python3.11/dist-packages/wandb/apis/public.py:3075: UserWarning: pkg_resources is deprecated as an API. See https://setuptools.pypa.io/en/latest/pkg_resources.html. The pkg_resources package is slated for removal as early as 2025-11-30. Refrain from using this package or pin to Setuptools<81.
  from pkg_resources import parse_version
/usr/local/lib/python3.11/dist-packages/wandb/apis/public.py:3075: UserWarning: pkg_resources is deprecated as an API. See https://setuptools.pypa.io/en/latest/pkg_resources.html. The pkg_resources package is slated for removal as early as 2025-11-30. Refrain from using this package or pin to Setuptools<81.
  from pkg_resources import parse_version
/usr/local/lib/python3.11/dist-packages/wandb/apis/public.py:3075: UserWarning: pkg_resources is deprecated as an API. See https://setuptools.pypa.io/en/latest/pkg_resources.html. The pkg_resources package is slated for removal as early as 2025-11-30. Refrain from using this package or pin to Setuptools<81.
  from pkg_resources import parse_version
/usr/local/lib/python3.11/dist-packages/wandb/apis/public.py:3075: UserWarning: pkg_resources is deprecated as an API. See https://setuptools.pypa.io/en/latest/pkg_resources.html. The pkg_resources package is slated for removal as early as 2025-11-30. Refrain from using this package or pin to Setuptools<81.
  from pkg_resources import parse_version
/usr/local/lib/python3.11/dist-packages/wandb/apis/public.py:3075: UserWarning: pkg_resources is deprecated as an API. See https://setuptools.pypa.io/en/latest/pkg_resources.html. The pkg_resources package is slated for removal as early as 2025-11-30. Refrain from using this package or pin to Setuptools<81.
  from pkg_resources import parse_version
/usr/local/lib/python3.11/dist-packages/wandb/apis/public.py:3075: UserWarning: pkg_resources is deprecated as an API. See https://setuptools.pypa.io/en/latest/pkg_resources.html. The pkg_resources package is slated for removal as early as 2025-11-30. Refrain from using this package or pin to Setuptools<81.
  from pkg_resources import parse_version
/usr/local/lib/python3.11/dist-packages/wandb/apis/public.py:3075: UserWarning: pkg_resources is deprecated as an API. See https://setuptools.pypa.io/en/latest/pkg_resources.html. The pkg_resources package is slated for removal as early as 2025-11-30. Refrain from using this package or pin to Setuptools<81.
  from pkg_resources import parse_version
/usr/local/lib/python3.11/dist-packages/wandb/apis/public.py:3075: UserWarning: pkg_resources is deprecated as an API. See https://setuptools.pypa.io/en/latest/pkg_resources.html. The pkg_resources package is slated for removal as early as 2025-11-30. Refrain from using this package or pin to Setuptools<81.
  from pkg_resources import parse_version
/usr/local/lib/python3.11/dist-packages/wandb/apis/public.py:3075: UserWarning: pkg_resources is deprecated as an API. See https://setuptools.pypa.io/en/latest/pkg_resources.html. The pkg_resources package is slated for removal as early as 2025-11-30. Refrain from using this package or pin to Setuptools<81.
  from pkg_resources import parse_version
/usr/local/lib/python3.11/dist-packages/wandb/apis/public.py:3075: UserWarning: pkg_resources is deprecated as an API. See https://setuptools.pypa.io/en/latest/pkg_resources.html. The pkg_resources package is slated for removal as early as 2025-11-30. Refrain from using this package or pin to Setuptools<81.
  from pkg_resources import parse_version
/usr/local/lib/python3.11/dist-packages/wandb/apis/public.py:3075: UserWarning: pkg_resources is deprecated as an API. See https://setuptools.pypa.io/en/latest/pkg_resources.html. The pkg_resources package is slated for removal as early as 2025-11-30. Refrain from using this package or pin to Setuptools<81.
  from pkg_resources import parse_version
/usr/local/lib/python3.11/dist-packages/wandb/apis/public.py:3075: UserWarning: pkg_resources is deprecated as an API. See https://setuptools.pypa.io/en/latest/pkg_resources.html. The pkg_resources package is slated for removal as early as 2025-11-30. Refrain from using this package or pin to Setuptools<81.
  from pkg_resources import parse_version
/usr/local/lib/python3.11/dist-packages/wandb/apis/public.py:3075: UserWarning: pkg_resources is deprecated as an API. See https://setuptools.pypa.io/en/latest/pkg_resources.html. The pkg_resources package is slated for removal as early as 2025-11-30. Refrain from using this package or pin to Setuptools<81.
  from pkg_resources import parse_version
/usr/local/lib/python3.11/dist-packages/wandb/apis/public.py:3075: UserWarning: pkg_resources is deprecated as an API. See https://setuptools.pypa.io/en/latest/pkg_resources.html. The pkg_resources package is slated for removal as early as 2025-11-30. Refrain from using this package or pin to Setuptools<81.
  from pkg_resources import parse_version
/usr/local/lib/python3.11/dist-packages/wandb/apis/public.py:3075: UserWarning: pkg_resources is deprecated as an API. See https://setuptools.pypa.io/en/latest/pkg_resources.html. The pkg_resources package is slated for removal as early as 2025-11-30. Refrain from using this package or pin to Setuptools<81.
  from pkg_resources import parse_version
/usr/local/lib/python3.11/dist-packages/wandb/apis/public.py:3075: UserWarning: pkg_resources is deprecated as an API. See https://setuptools.pypa.io/en/latest/pkg_resources.html. The pkg_resources package is slated for removal as early as 2025-11-30. Refrain from using this package or pin to Setuptools<81.
  from pkg_resources import parse_version
/usr/local/lib/python3.11/dist-packages/wandb/apis/public.py:3075: UserWarning: pkg_resources is deprecated as an API. See https://setuptools.pypa.io/en/latest/pkg_resources.html. The pkg_resources package is slated for removal as early as 2025-11-30. Refrain from using this package or pin to Setuptools<81.
  from pkg_resources import parse_version
/usr/local/lib/python3.11/dist-packages/wandb/apis/public.py:3075: UserWarning: pkg_resources is deprecated as an API. See https://setuptools.pypa.io/en/latest/pkg_resources.html. The pkg_resources package is slated for removal as early as 2025-11-30. Refrain from using this package or pin to Setuptools<81.
  from pkg_resources import parse_version
/usr/local/lib/python3.11/dist-packages/wandb/apis/public.py:3075: UserWarning: pkg_resources is deprecated as an API. See https://setuptools.pypa.io/en/latest/pkg_resources.html. The pkg_resources package is slated for removal as early as 2025-11-30. Refrain from using this package or pin to Setuptools<81.
  from pkg_resources import parse_version
/usr/local/lib/python3.11/dist-packages/wandb/apis/public.py:3075: UserWarning: pkg_resources is deprecated as an API. See https://setuptools.pypa.io/en/latest/pkg_resources.html. The pkg_resources package is slated for removal as early as 2025-11-30. Refrain from using this package or pin to Setuptools<81.
  from pkg_resources import parse_version
/usr/local/lib/python3.11/dist-packages/wandb/apis/public.py:3075: UserWarning: pkg_resources is deprecated as an API. See https://setuptools.pypa.io/en/latest/pkg_resources.html. The pkg_resources package is slated for removal as early as 2025-11-30. Refrain from using this package or pin to Setuptools<81.
  from pkg_resources import parse_version
/usr/local/lib/python3.11/dist-packages/wandb/apis/public.py:3075: UserWarning: pkg_resources is deprecated as an API. See https://setuptools.pypa.io/en/latest/pkg_resources.html. The pkg_resources package is slated for removal as early as 2025-11-30. Refrain from using this package or pin to Setuptools<81.
  from pkg_resources import parse_version
/usr/local/lib/python3.11/dist-packages/wandb/apis/public.py:3075: UserWarning: pkg_resources is deprecated as an API. See https://setuptools.pypa.io/en/latest/pkg_resources.html. The pkg_resources package is slated for removal as early as 2025-11-30. Refrain from using this package or pin to Setuptools<81.
  from pkg_resources import parse_version
/usr/local/lib/python3.11/dist-packages/wandb/apis/public.py:3075: UserWarning: pkg_resources is deprecated as an API. See https://setuptools.pypa.io/en/latest/pkg_resources.html. The pkg_resources package is slated for removal as early as 2025-11-30. Refrain from using this package or pin to Setuptools<81.
  from pkg_resources import parse_version
/usr/local/lib/python3.11/dist-packages/wandb/apis/public.py:3075: UserWarning: pkg_resources is deprecated as an API. See https://setuptools.pypa.io/en/latest/pkg_resources.html. The pkg_resources package is slated for removal as early as 2025-11-30. Refrain from using this package or pin to Setuptools<81.
  from pkg_resources import parse_version
/usr/local/lib/python3.11/dist-packages/wandb/apis/public.py:3075: UserWarning: pkg_resources is deprecated as an API. See https://setuptools.pypa.io/en/latest/pkg_resources.html. The pkg_resources package is slated for removal as early as 2025-11-30. Refrain from using this package or pin to Setuptools<81.
  from pkg_resources import parse_version
/usr/local/lib/python3.11/dist-packages/wandb/apis/public.py:3075: UserWarning: pkg_resources is deprecated as an API. See https://setuptools.pypa.io/en/latest/pkg_resources.html. The pkg_resources package is slated for removal as early as 2025-11-30. Refrain from using this package or pin to Setuptools<81.
  from pkg_resources import parse_version
/usr/local/lib/python3.11/dist-packages/wandb/apis/public.py:3075: UserWarning: pkg_resources is deprecated as an API. See https://setuptools.pypa.io/en/latest/pkg_resources.html. The pkg_resources package is slated for removal as early as 2025-11-30. Refrain from using this package or pin to Setuptools<81.
  from pkg_resources import parse_version
/usr/local/lib/python3.11/dist-packages/wandb/apis/public.py:3075: UserWarning: pkg_resources is deprecated as an API. See https://setuptools.pypa.io/en/latest/pkg_resources.html. The pkg_resources package is slated for removal as early as 2025-11-30. Refrain from using this package or pin to Setuptools<81.
  from pkg_resources import parse_version
/usr/local/lib/python3.11/dist-packages/wandb/apis/public.py:3075: UserWarning: pkg_resources is deprecated as an API. See https://setuptools.pypa.io/en/latest/pkg_resources.html. The pkg_resources package is slated for removal as early as 2025-11-30. Refrain from using this package or pin to Setuptools<81.
  from pkg_resources import parse_version
/usr/local/lib/python3.11/dist-packages/wandb/apis/public.py:3075: UserWarning: pkg_resources is deprecated as an API. See https://setuptools.pypa.io/en/latest/pkg_resources.html. The pkg_resources package is slated for removal as early as 2025-11-30. Refrain from using this package or pin to Setuptools<81.
  from pkg_resources import parse_version
/usr/local/lib/python3.11/dist-packages/wandb/apis/public.py:3075: UserWarning: pkg_resources is deprecated as an API. See https://setuptools.pypa.io/en/latest/pkg_resources.html. The pkg_resources package is slated for removal as early as 2025-11-30. Refrain from using this package or pin to Setuptools<81.
  from pkg_resources import parse_version
/usr/local/lib/python3.11/dist-packages/wandb/apis/public.py:3075: UserWarning: pkg_resources is deprecated as an API. See https://setuptools.pypa.io/en/latest/pkg_resources.html. The pkg_resources package is slated for removal as early as 2025-11-30. Refrain from using this package or pin to Setuptools<81.
  from pkg_resources import parse_version
/usr/local/lib/python3.11/dist-packages/wandb/apis/public.py:3075: UserWarning: pkg_resources is deprecated as an API. See https://setuptools.pypa.io/en/latest/pkg_resources.html. The pkg_resources package is slated for removal as early as 2025-11-30. Refrain from using this package or pin to Setuptools<81.
  from pkg_resources import parse_version
/usr/local/lib/python3.11/dist-packages/wandb/apis/public.py:3075: UserWarning: pkg_resources is deprecated as an API. See https://setuptools.pypa.io/en/latest/pkg_resources.html. The pkg_resources package is slated for removal as early as 2025-11-30. Refrain from using this package or pin to Setuptools<81.
  from pkg_resources import parse_version
/usr/local/lib/python3.11/dist-packages/wandb/apis/public.py:3075: UserWarning: pkg_resources is deprecated as an API. See https://setuptools.pypa.io/en/latest/pkg_resources.html. The pkg_resources package is slated for removal as early as 2025-11-30. Refrain from using this package or pin to Setuptools<81.
  from pkg_resources import parse_version
/usr/local/lib/python3.11/dist-packages/wandb/apis/public.py:3075: UserWarning: pkg_resources is deprecated as an API. See https://setuptools.pypa.io/en/latest/pkg_resources.html. The pkg_resources package is slated for removal as early as 2025-11-30. Refrain from using this package or pin to Setuptools<81.
  from pkg_resources import parse_version
/usr/local/lib/python3.11/dist-packages/wandb/apis/public.py:3075: UserWarning: pkg_resources is deprecated as an API. See https://setuptools.pypa.io/en/latest/pkg_resources.html. The pkg_resources package is slated for removal as early as 2025-11-30. Refrain from using this package or pin to Setuptools<81.
  from pkg_resources import parse_version
/usr/local/lib/python3.11/dist-packages/wandb/apis/public.py:3075: UserWarning: pkg_resources is deprecated as an API. See https://setuptools.pypa.io/en/latest/pkg_resources.html. The pkg_resources package is slated for removal as early as 2025-11-30. Refrain from using this package or pin to Setuptools<81.
  from pkg_resources import parse_version
/usr/local/lib/python3.11/dist-packages/wandb/apis/public.py:3075: UserWarning: pkg_resources is deprecated as an API. See https://setuptools.pypa.io/en/latest/pkg_resources.html. The pkg_resources package is slated for removal as early as 2025-11-30. Refrain from using this package or pin to Setuptools<81.
  from pkg_resources import parse_version
/usr/local/lib/python3.11/dist-packages/wandb/apis/public.py:3075: UserWarning: pkg_resources is deprecated as an API. See https://setuptools.pypa.io/en/latest/pkg_resources.html. The pkg_resources package is slated for removal as early as 2025-11-30. Refrain from using this package or pin to Setuptools<81.
  from pkg_resources import parse_version
/usr/local/lib/python3.11/dist-packages/wandb/apis/public.py:3075: UserWarning: pkg_resources is deprecated as an API. See https://setuptools.pypa.io/en/latest/pkg_resources.html. The pkg_resources package is slated for removal as early as 2025-11-30. Refrain from using this package or pin to Setuptools<81.
  from pkg_resources import parse_version
/usr/local/lib/python3.11/dist-packages/wandb/apis/public.py:3075: UserWarning: pkg_resources is deprecated as an API. See https://setuptools.pypa.io/en/latest/pkg_resources.html. The pkg_resources package is slated for removal as early as 2025-11-30. Refrain from using this package or pin to Setuptools<81.
  from pkg_resources import parse_version
/usr/local/lib/python3.11/dist-packages/wandb/apis/public.py:3075: UserWarning: pkg_resources is deprecated as an API. See https://setuptools.pypa.io/en/latest/pkg_resources.html. The pkg_resources package is slated for removal as early as 2025-11-30. Refrain from using this package or pin to Setuptools<81.
  from pkg_resources import parse_version
/usr/local/lib/python3.11/dist-packages/wandb/apis/public.py:3075: UserWarning: pkg_resources is deprecated as an API. See https://setuptools.pypa.io/en/latest/pkg_resources.html. The pkg_resources package is slated for removal as early as 2025-11-30. Refrain from using this package or pin to Setuptools<81.
  from pkg_resources import parse_version
/usr/local/lib/python3.11/dist-packages/wandb/apis/public.py:3075: UserWarning: pkg_resources is deprecated as an API. See https://setuptools.pypa.io/en/latest/pkg_resources.html. The pkg_resources package is slated for removal as early as 2025-11-30. Refrain from using this package or pin to Setuptools<81.
  from pkg_resources import parse_version
/usr/local/lib/python3.11/dist-packages/wandb/apis/public.py:3075: UserWarning: pkg_resources is deprecated as an API. See https://setuptools.pypa.io/en/latest/pkg_resources.html. The pkg_resources package is slated for removal as early as 2025-11-30. Refrain from using this package or pin to Setuptools<81.
  from pkg_resources import parse_version
/usr/local/lib/python3.11/dist-packages/wandb/apis/public.py:3075: UserWarning: pkg_resources is deprecated as an API. See https://setuptools.pypa.io/en/latest/pkg_resources.html. The pkg_resources package is slated for removal as early as 2025-11-30. Refrain from using this package or pin to Setuptools<81.
  from pkg_resources import parse_version
/usr/local/lib/python3.11/dist-packages/wandb/apis/public.py:3075: UserWarning: pkg_resources is deprecated as an API. See https://setuptools.pypa.io/en/latest/pkg_resources.html. The pkg_resources package is slated for removal as early as 2025-11-30. Refrain from using this package or pin to Setuptools<81.
  from pkg_resources import parse_version
/usr/local/lib/python3.11/dist-packages/wandb/apis/public.py:3075: UserWarning: pkg_resources is deprecated as an API. See https://setuptools.pypa.io/en/latest/pkg_resources.html. The pkg_resources package is slated for removal as early as 2025-11-30. Refrain from using this package or pin to Setuptools<81.
  from pkg_resources import parse_version
/usr/local/lib/python3.11/dist-packages/wandb/apis/public.py:3075: UserWarning: pkg_resources is deprecated as an API. See https://setuptools.pypa.io/en/latest/pkg_resources.html. The pkg_resources package is slated for removal as early as 2025-11-30. Refrain from using this package or pin to Setuptools<81.
  from pkg_resources import parse_version
/usr/local/lib/python3.11/dist-packages/wandb/apis/public.py:3075: UserWarning: pkg_resources is deprecated as an API. See https://setuptools.pypa.io/en/latest/pkg_resources.html. The pkg_resources package is slated for removal as early as 2025-11-30. Refrain from using this package or pin to Setuptools<81.
  from pkg_resources import parse_version
/usr/local/lib/python3.11/dist-packages/wandb/apis/public.py:3075: UserWarning: pkg_resources is deprecated as an API. See https://setuptools.pypa.io/en/latest/pkg_resources.html. The pkg_resources package is slated for removal as early as 2025-11-30. Refrain from using this package or pin to Setuptools<81.
  from pkg_resources import parse_version
/usr/local/lib/python3.11/dist-packages/wandb/apis/public.py:3075: UserWarning: pkg_resources is deprecated as an API. See https://setuptools.pypa.io/en/latest/pkg_resources.html. The pkg_resources package is slated for removal as early as 2025-11-30. Refrain from using this package or pin to Setuptools<81.
  from pkg_resources import parse_version
/usr/local/lib/python3.11/dist-packages/wandb/apis/public.py:3075: UserWarning: pkg_resources is deprecated as an API. See https://setuptools.pypa.io/en/latest/pkg_resources.html. The pkg_resources package is slated for removal as early as 2025-11-30. Refrain from using this package or pin to Setuptools<81.
  from pkg_resources import parse_version
/usr/local/lib/python3.11/dist-packages/wandb/apis/public.py:3075: UserWarning: pkg_resources is deprecated as an API. See https://setuptools.pypa.io/en/latest/pkg_resources.html. The pkg_resources package is slated for removal as early as 2025-11-30. Refrain from using this package or pin to Setuptools<81.
  from pkg_resources import parse_version
/usr/local/lib/python3.11/dist-packages/wandb/apis/public.py:3075: UserWarning: pkg_resources is deprecated as an API. See https://setuptools.pypa.io/en/latest/pkg_resources.html. The pkg_resources package is slated for removal as early as 2025-11-30. Refrain from using this package or pin to Setuptools<81.
  from pkg_resources import parse_version
/usr/local/lib/python3.11/dist-packages/wandb/apis/public.py:3075: UserWarning: pkg_resources is deprecated as an API. See https://setuptools.pypa.io/en/latest/pkg_resources.html. The pkg_resources package is slated for removal as early as 2025-11-30. Refrain from using this package or pin to Setuptools<81.
  from pkg_resources import parse_version
/usr/local/lib/python3.11/dist-packages/wandb/apis/public.py:3075: UserWarning: pkg_resources is deprecated as an API. See https://setuptools.pypa.io/en/latest/pkg_resources.html. The pkg_resources package is slated for removal as early as 2025-11-30. Refrain from using this package or pin to Setuptools<81.
  from pkg_resources import parse_version
/usr/local/lib/python3.11/dist-packages/wandb/apis/public.py:3075: UserWarning: pkg_resources is deprecated as an API. See https://setuptools.pypa.io/en/latest/pkg_resources.html. The pkg_resources package is slated for removal as early as 2025-11-30. Refrain from using this package or pin to Setuptools<81.
  from pkg_resources import parse_version
/usr/local/lib/python3.11/dist-packages/wandb/apis/public.py:3075: UserWarning: pkg_resources is deprecated as an API. See https://setuptools.pypa.io/en/latest/pkg_resources.html. The pkg_resources package is slated for removal as early as 2025-11-30. Refrain from using this package or pin to Setuptools<81.
  from pkg_resources import parse_version
Strict resume: loaded model from /mlx_devbox/users/quyanyi/playground/qat_public_repro/recipe10ep_e_featnorm_aug_fixed_qkr_softkd_t275_rebuild_20260706/checkpoint-10.pth.tar; missing=0, unexpected=0
Strict resume: --no-resume-opt set; optimizer/scheduler/scaler/RNG intentionally not restored.
NCCL version 2.27.5+cuda12.9
Enabled EMA refmodel attention-KL scheme: ref_update=prev_step, ref_update_interval=50, momentum=0.999, attn_kl_weight=0.0, anchor_attn_kl_weight=0.0, head_mode=custom_subset:6:1,8:4,8:9,11:18,11:4, anchor_head_mode=custom_subset:6:1,8:4,8:9,11:18,11:4, selected_head_map={6: (1,), 8: (4, 9), 11: (4, 18)}, anchor_selected_head_map={6: (1,), 8: (4, 9), 11: (4, 18)}, warmup_epochs=23, anchor_warmup_epochs=0
Model swin_t created, param count:28608256
Scheduled epochs: 30
Effective batch alignment: per_gpu_effective_batch=64, loader_batch=64, accum=1, world_size=8, global_effective_batch=512
Trainable parameter policy: epoch=10, quant_only=False, policy=all, trainable=28608256, frozen=0
AOQ explore scale ratio update: epoch=10, update=0, active=False, base_ratio=1.0, threshold_ratio=0.0, base_layers=(), selective_margin=0.0, base_quantizers=0, layer_ratios={}, layer_quantizers=0, layer_counts={}, quality_mode=none, quality_layers=(), quality_start_update=0, quality_min_frac=0.0, start_update=0, end_update=0
Trainable parameter update policy: epoch=10, update=0, mode=requires_grad, policy=all, trainable=28608256, frozen=0
Train: 10 [   0/2502 (  0%)]  Loss: 51.392193 (51.3922)  BaseLoss: 51.392193 (51.3922)  RefAttnKL: 0.000e+00 (0.000e+00)  RefLogitKL: 0.000e+00 (0.000e+00)  AnchorRefAttnKL: 0.000e+00 (0.000e+00)  TeacherAttnKL: 0.000e+00 (0.000e+00)  TeacherRel: 0.000e+00 (0.000e+00)  TeacherAttnOut: 0.000e+00 (0.000e+00)  TeacherFeatOut: 0.000e+00 (0.000e+00)  ActScaleAnchor: 0.000e+00 (0.000e+00)  VarTrust: 0.000e+00 (0.000e+00)  DirAnchor: 0.000e+00 (0.000e+00)  BinReg: 0.000e+00 (0.000e+00)  SelBinAnchor: 0.000e+00 (0.000e+00)  ActBinMargin: 0.000e+00 (0.000e+00)  Time: 1.398s,  366.31/s  (1.398s,  366.31/s)  LR: 1.250e-05  RefW: 0.000e+00  AnchorRefW: 0.000e+00  Data: 0.770 (0.770)
Train: 10 [  50/2502 (  2%)]  Loss: 51.376919 (51.3846)  BaseLoss: 51.376919 (51.3846)  RefAttnKL: 0.000e+00 (0.000e+00)  RefLogitKL: 0.000e+00 (0.000e+00)  AnchorRefAttnKL: 0.000e+00 (0.000e+00)  TeacherAttnKL: 0.000e+00 (0.000e+00)  TeacherRel: 0.000e+00 (0.000e+00)  TeacherAttnOut: 0.000e+00 (0.000e+00)  TeacherFeatOut: 0.000e+00 (0.000e+00)  ActScaleAnchor: 0.000e+00 (0.000e+00)  VarTrust: 0.000e+00 (0.000e+00)  DirAnchor: 0.000e+00 (0.000e+00)  BinReg: 0.000e+00 (0.000e+00)  SelBinAnchor: 0.000e+00 (0.000e+00)  ActBinMargin: 0.000e+00 (0.000e+00)  Time: 0.240s, 2133.24/s  (0.253s, 2023.24/s)  LR: 1.249e-05  RefW: 0.000e+00  AnchorRefW: 0.000e+00  Data: 0.007 (0.021)
Train: 10 [ 100/2502 (  4%)]  Loss: 51.386845 (51.3853)  BaseLoss: 51.386845 (51.3853)  RefAttnKL: 0.000e+00 (0.000e+00)  RefLogitKL: 0.000e+00 (0.000e+00)  AnchorRefAttnKL: 0.000e+00 (0.000e+00)  TeacherAttnKL: 0.000e+00 (0.000e+00)  TeacherRel: 0.000e+00 (0.000e+00)  TeacherAttnOut: 0.000e+00 (0.000e+00)  TeacherFeatOut: 0.000e+00 (0.000e+00)  ActScaleAnchor: 0.000e+00 (0.000e+00)  VarTrust: 0.000e+00 (0.000e+00)  DirAnchor: 0.000e+00 (0.000e+00)  BinReg: 0.000e+00 (0.000e+00)  SelBinAnchor: 0.000e+00 (0.000e+00)  ActBinMargin: 0.000e+00 (0.000e+00)  Time: 0.243s, 2107.97/s  (0.242s, 2116.51/s)  LR: 1.248e-05  RefW: 0.000e+00  AnchorRefW: 0.000e+00  Data: 0.006 (0.014)
Train: 10 [ 150/2502 (  6%)]  Loss: 51.406559 (51.3906)  BaseLoss: 51.406559 (51.3906)  RefAttnKL: 0.000e+00 (0.000e+00)  RefLogitKL: 0.000e+00 (0.000e+00)  AnchorRefAttnKL: 0.000e+00 (0.000e+00)  TeacherAttnKL: 0.000e+00 (0.000e+00)  TeacherRel: 0.000e+00 (0.000e+00)  TeacherAttnOut: 0.000e+00 (0.000e+00)  TeacherFeatOut: 0.000e+00 (0.000e+00)  ActScaleAnchor: 0.000e+00 (0.000e+00)  VarTrust: 0.000e+00 (0.000e+00)  DirAnchor: 0.000e+00 (0.000e+00)  BinReg: 0.000e+00 (0.000e+00)  SelBinAnchor: 0.000e+00 (0.000e+00)  ActBinMargin: 0.000e+00 (0.000e+00)  Time: 0.243s, 2107.78/s  (0.238s, 2148.89/s)  LR: 1.247e-05  RefW: 0.000e+00  AnchorRefW: 0.000e+00  Data: 0.005 (0.011)
Train: 10 [ 200/2502 (  8%)]  Loss: 51.411388 (51.3948)  BaseLoss: 51.411388 (51.3948)  RefAttnKL: 0.000e+00 (0.000e+00)  RefLogitKL: 0.000e+00 (0.000e+00)  AnchorRefAttnKL: 0.000e+00 (0.000e+00)  TeacherAttnKL: 0.000e+00 (0.000e+00)  TeacherRel: 0.000e+00 (0.000e+00)  TeacherAttnOut: 0.000e+00 (0.000e+00)  TeacherFeatOut: 0.000e+00 (0.000e+00)  ActScaleAnchor: 0.000e+00 (0.000e+00)  VarTrust: 0.000e+00 (0.000e+00)  DirAnchor: 0.000e+00 (0.000e+00)  BinReg: 0.000e+00 (0.000e+00)  SelBinAnchor: 0.000e+00 (0.000e+00)  ActBinMargin: 0.000e+00 (0.000e+00)  Time: 0.252s, 2034.99/s  (0.236s, 2165.47/s)  LR: 1.246e-05  RefW: 0.000e+00  AnchorRefW: 0.000e+00  Data: 0.006 (0.010)
Train: 10 [ 250/2502 ( 10%)]  Loss: 51.441978 (51.4026)  BaseLoss: 51.441978 (51.4026)  RefAttnKL: 0.000e+00 (0.000e+00)  RefLogitKL: 0.000e+00 (0.000e+00)  AnchorRefAttnKL: 0.000e+00 (0.000e+00)  TeacherAttnKL: 0.000e+00 (0.000e+00)  TeacherRel: 0.000e+00 (0.000e+00)  TeacherAttnOut: 0.000e+00 (0.000e+00)  TeacherFeatOut: 0.000e+00 (0.000e+00)  ActScaleAnchor: 0.000e+00 (0.000e+00)  VarTrust: 0.000e+00 (0.000e+00)  DirAnchor: 0.000e+00 (0.000e+00)  BinReg: 0.000e+00 (0.000e+00)  SelBinAnchor: 0.000e+00 (0.000e+00)  ActBinMargin: 0.000e+00 (0.000e+00)  Time: 0.243s, 2108.26/s  (0.235s, 2175.34/s)  LR: 1.245e-05  RefW: 0.000e+00  AnchorRefW: 0.000e+00  Data: 0.007 (0.009)
Train: 10 [ 300/2502 ( 12%)]  Loss: 51.419910 (51.4051)  BaseLoss: 51.419910 (51.4051)  RefAttnKL: 0.000e+00 (0.000e+00)  RefLogitKL: 0.000e+00 (0.000e+00)  AnchorRefAttnKL: 0.000e+00 (0.000e+00)  TeacherAttnKL: 0.000e+00 (0.000e+00)  TeacherRel: 0.000e+00 (0.000e+00)  TeacherAttnOut: 0.000e+00 (0.000e+00)  TeacherFeatOut: 0.000e+00 (0.000e+00)  ActScaleAnchor: 0.000e+00 (0.000e+00)  VarTrust: 0.000e+00 (0.000e+00)  DirAnchor: 0.000e+00 (0.000e+00)  BinReg: 0.000e+00 (0.000e+00)  SelBinAnchor: 0.000e+00 (0.000e+00)  ActBinMargin: 0.000e+00 (0.000e+00)  Time: 0.244s, 2099.86/s  (0.234s, 2183.62/s)  LR: 1.245e-05  RefW: 0.000e+00  AnchorRefW: 0.000e+00  Data: 0.006 (0.009)
Train: 10 [ 350/2502 ( 14%)]  Loss: 51.432446 (51.4085)  BaseLoss: 51.432446 (51.4085)  RefAttnKL: 0.000e+00 (0.000e+00)  RefLogitKL: 0.000e+00 (0.000e+00)  AnchorRefAttnKL: 0.000e+00 (0.000e+00)  TeacherAttnKL: 0.000e+00 (0.000e+00)  TeacherRel: 0.000e+00 (0.000e+00)  TeacherAttnOut: 0.000e+00 (0.000e+00)  TeacherFeatOut: 0.000e+00 (0.000e+00)  ActScaleAnchor: 0.000e+00 (0.000e+00)  VarTrust: 0.000e+00 (0.000e+00)  DirAnchor: 0.000e+00 (0.000e+00)  BinReg: 0.000e+00 (0.000e+00)  SelBinAnchor: 0.000e+00 (0.000e+00)  ActBinMargin: 0.000e+00 (0.000e+00)  Time: 0.242s, 2112.89/s  (0.234s, 2188.23/s)  LR: 1.244e-05  RefW: 0.000e+00  AnchorRefW: 0.000e+00  Data: 0.006 (0.009)
Train: 10 [ 400/2502 ( 16%)]  Loss: 51.421684 (51.4100)  BaseLoss: 51.421684 (51.4100)  RefAttnKL: 0.000e+00 (0.000e+00)  RefLogitKL: 0.000e+00 (0.000e+00)  AnchorRefAttnKL: 0.000e+00 (0.000e+00)  TeacherAttnKL: 0.000e+00 (0.000e+00)  TeacherRel: 0.000e+00 (0.000e+00)  TeacherAttnOut: 0.000e+00 (0.000e+00)  TeacherFeatOut: 0.000e+00 (0.000e+00)  ActScaleAnchor: 0.000e+00 (0.000e+00)  VarTrust: 0.000e+00 (0.000e+00)  DirAnchor: 0.000e+00 (0.000e+00)  BinReg: 0.000e+00 (0.000e+00)  SelBinAnchor: 0.000e+00 (0.000e+00)  ActBinMargin: 0.000e+00 (0.000e+00)  Time: 0.243s, 2103.59/s  (0.233s, 2192.99/s)  LR: 1.243e-05  RefW: 0.000e+00  AnchorRefW: 0.000e+00  Data: 0.006 (0.008)
Train: 10 [ 450/2502 ( 18%)]  Loss: 51.423317 (51.4113)  BaseLoss: 51.423317 (51.4113)  RefAttnKL: 0.000e+00 (0.000e+00)  RefLogitKL: 0.000e+00 (0.000e+00)  AnchorRefAttnKL: 0.000e+00 (0.000e+00)  TeacherAttnKL: 0.000e+00 (0.000e+00)  TeacherRel: 0.000e+00 (0.000e+00)  TeacherAttnOut: 0.000e+00 (0.000e+00)  TeacherFeatOut: 0.000e+00 (0.000e+00)  ActScaleAnchor: 0.000e+00 (0.000e+00)  VarTrust: 0.000e+00 (0.000e+00)  DirAnchor: 0.000e+00 (0.000e+00)  BinReg: 0.000e+00 (0.000e+00)  SelBinAnchor: 0.000e+00 (0.000e+00)  ActBinMargin: 0.000e+00 (0.000e+00)  Time: 0.242s, 2113.50/s  (0.233s, 2196.17/s)  LR: 1.242e-05  RefW: 0.000e+00  AnchorRefW: 0.000e+00  Data: 0.008 (0.008)
Train: 10 [ 500/2502 ( 20%)]  Loss: 51.448769 (51.4147)  BaseLoss: 51.448769 (51.4147)  RefAttnKL: 0.000e+00 (0.000e+00)  RefLogitKL: 0.000e+00 (0.000e+00)  AnchorRefAttnKL: 0.000e+00 (0.000e+00)  TeacherAttnKL: 0.000e+00 (0.000e+00)  TeacherRel: 0.000e+00 (0.000e+00)  TeacherAttnOut: 0.000e+00 (0.000e+00)  TeacherFeatOut: 0.000e+00 (0.000e+00)  ActScaleAnchor: 0.000e+00 (0.000e+00)  VarTrust: 0.000e+00 (0.000e+00)  DirAnchor: 0.000e+00 (0.000e+00)  BinReg: 0.000e+00 (0.000e+00)  SelBinAnchor: 0.000e+00 (0.000e+00)  ActBinMargin: 0.000e+00 (0.000e+00)  Time: 0.243s, 2106.52/s  (0.233s, 2198.67/s)  LR: 1.241e-05  RefW: 0.000e+00  AnchorRefW: 0.000e+00  Data: 0.005 (0.008)
Train: 10 [ 550/2502 ( 22%)]  Loss: 51.439400 (51.4168)  BaseLoss: 51.439400 (51.4168)  RefAttnKL: 0.000e+00 (0.000e+00)  RefLogitKL: 0.000e+00 (0.000e+00)  AnchorRefAttnKL: 0.000e+00 (0.000e+00)  TeacherAttnKL: 0.000e+00 (0.000e+00)  TeacherRel: 0.000e+00 (0.000e+00)  TeacherAttnOut: 0.000e+00 (0.000e+00)  TeacherFeatOut: 0.000e+00 (0.000e+00)  ActScaleAnchor: 0.000e+00 (0.000e+00)  VarTrust: 0.000e+00 (0.000e+00)  DirAnchor: 0.000e+00 (0.000e+00)  BinReg: 0.000e+00 (0.000e+00)  SelBinAnchor: 0.000e+00 (0.000e+00)  ActBinMargin: 0.000e+00 (0.000e+00)  Time: 0.242s, 2117.82/s  (0.233s, 2199.53/s)  LR: 1.240e-05  RefW: 0.000e+00  AnchorRefW: 0.000e+00  Data: 0.007 (0.008)
Train: 10 [ 600/2502 ( 24%)]  Loss: 51.367477 (51.4130)  BaseLoss: 51.367477 (51.4130)  RefAttnKL: 0.000e+00 (0.000e+00)  RefLogitKL: 0.000e+00 (0.000e+00)  AnchorRefAttnKL: 0.000e+00 (0.000e+00)  TeacherAttnKL: 0.000e+00 (0.000e+00)  TeacherRel: 0.000e+00 (0.000e+00)  TeacherAttnOut: 0.000e+00 (0.000e+00)  TeacherFeatOut: 0.000e+00 (0.000e+00)  ActScaleAnchor: 0.000e+00 (0.000e+00)  VarTrust: 0.000e+00 (0.000e+00)  DirAnchor: 0.000e+00 (0.000e+00)  BinReg: 0.000e+00 (0.000e+00)  SelBinAnchor: 0.000e+00 (0.000e+00)  ActBinMargin: 0.000e+00 (0.000e+00)  Time: 0.242s, 2114.03/s  (0.233s, 2201.07/s)  LR: 1.239e-05  RefW: 0.000e+00  AnchorRefW: 0.000e+00  Data: 0.006 (0.008)
Train: 10 [ 650/2502 ( 26%)]  Loss: 51.403290 (51.4123)  BaseLoss: 51.403290 (51.4123)  RefAttnKL: 0.000e+00 (0.000e+00)  RefLogitKL: 0.000e+00 (0.000e+00)  AnchorRefAttnKL: 0.000e+00 (0.000e+00)  TeacherAttnKL: 0.000e+00 (0.000e+00)  TeacherRel: 0.000e+00 (0.000e+00)  TeacherAttnOut: 0.000e+00 (0.000e+00)  TeacherFeatOut: 0.000e+00 (0.000e+00)  ActScaleAnchor: 0.000e+00 (0.000e+00)  VarTrust: 0.000e+00 (0.000e+00)  DirAnchor: 0.000e+00 (0.000e+00)  BinReg: 0.000e+00 (0.000e+00)  SelBinAnchor: 0.000e+00 (0.000e+00)  ActBinMargin: 0.000e+00 (0.000e+00)  Time: 0.243s, 2111.32/s  (0.232s, 2202.55/s)  LR: 1.238e-05  RefW: 0.000e+00  AnchorRefW: 0.000e+00  Data: 0.008 (0.008)
Train: 10 [ 700/2502 ( 28%)]  Loss: 51.360207 (51.4088)  BaseLoss: 51.360207 (51.4088)  RefAttnKL: 0.000e+00 (0.000e+00)  RefLogitKL: 0.000e+00 (0.000e+00)  AnchorRefAttnKL: 0.000e+00 (0.000e+00)  TeacherAttnKL: 0.000e+00 (0.000e+00)  TeacherRel: 0.000e+00 (0.000e+00)  TeacherAttnOut: 0.000e+00 (0.000e+00)  TeacherFeatOut: 0.000e+00 (0.000e+00)  ActScaleAnchor: 0.000e+00 (0.000e+00)  VarTrust: 0.000e+00 (0.000e+00)  DirAnchor: 0.000e+00 (0.000e+00)  BinReg: 0.000e+00 (0.000e+00)  SelBinAnchor: 0.000e+00 (0.000e+00)  ActBinMargin: 0.000e+00 (0.000e+00)  Time: 0.243s, 2104.69/s  (0.232s, 2203.84/s)  LR: 1.237e-05  RefW: 0.000e+00  AnchorRefW: 0.000e+00  Data: 0.006 (0.008)
Train: 10 [ 750/2502 ( 30%)]  Loss: 51.370682 (51.4064)  BaseLoss: 51.370682 (51.4064)  RefAttnKL: 0.000e+00 (0.000e+00)  RefLogitKL: 0.000e+00 (0.000e+00)  AnchorRefAttnKL: 0.000e+00 (0.000e+00)  TeacherAttnKL: 0.000e+00 (0.000e+00)  TeacherRel: 0.000e+00 (0.000e+00)  TeacherAttnOut: 0.000e+00 (0.000e+00)  TeacherFeatOut: 0.000e+00 (0.000e+00)  ActScaleAnchor: 0.000e+00 (0.000e+00)  VarTrust: 0.000e+00 (0.000e+00)  DirAnchor: 0.000e+00 (0.000e+00)  BinReg: 0.000e+00 (0.000e+00)  SelBinAnchor: 0.000e+00 (0.000e+00)  ActBinMargin: 0.000e+00 (0.000e+00)  Time: 0.248s, 2063.77/s  (0.232s, 2204.54/s)  LR: 1.236e-05  RefW: 0.000e+00  AnchorRefW: 0.000e+00  Data: 0.006 (0.008)
Train: 10 [ 800/2502 ( 32%)]  Loss: 51.402813 (51.4062)  BaseLoss: 51.402813 (51.4062)  RefAttnKL: 0.000e+00 (0.000e+00)  RefLogitKL: 0.000e+00 (0.000e+00)  AnchorRefAttnKL: 0.000e+00 (0.000e+00)  TeacherAttnKL: 0.000e+00 (0.000e+00)  TeacherRel: 0.000e+00 (0.000e+00)  TeacherAttnOut: 0.000e+00 (0.000e+00)  TeacherFeatOut: 0.000e+00 (0.000e+00)  ActScaleAnchor: 0.000e+00 (0.000e+00)  VarTrust: 0.000e+00 (0.000e+00)  DirAnchor: 0.000e+00 (0.000e+00)  BinReg: 0.000e+00 (0.000e+00)  SelBinAnchor: 0.000e+00 (0.000e+00)  ActBinMargin: 0.000e+00 (0.000e+00)  Time: 0.243s, 2107.62/s  (0.232s, 2205.37/s)  LR: 1.235e-05  RefW: 0.000e+00  AnchorRefW: 0.000e+00  Data: 0.006 (0.007)
Train: 10 [ 850/2502 ( 34%)]  Loss: 51.363487 (51.4039)  BaseLoss: 51.363487 (51.4039)  RefAttnKL: 0.000e+00 (0.000e+00)  RefLogitKL: 0.000e+00 (0.000e+00)  AnchorRefAttnKL: 0.000e+00 (0.000e+00)  TeacherAttnKL: 0.000e+00 (0.000e+00)  TeacherRel: 0.000e+00 (0.000e+00)  TeacherAttnOut: 0.000e+00 (0.000e+00)  TeacherFeatOut: 0.000e+00 (0.000e+00)  ActScaleAnchor: 0.000e+00 (0.000e+00)  VarTrust: 0.000e+00 (0.000e+00)  DirAnchor: 0.000e+00 (0.000e+00)  BinReg: 0.000e+00 (0.000e+00)  SelBinAnchor: 0.000e+00 (0.000e+00)  ActBinMargin: 0.000e+00 (0.000e+00)  Time: 0.249s, 2054.91/s  (0.232s, 2206.34/s)  LR: 1.234e-05  RefW: 0.000e+00  AnchorRefW: 0.000e+00  Data: 0.009 (0.007)
Train: 10 [ 900/2502 ( 36%)]  Loss: 51.402241 (51.4038)  BaseLoss: 51.402241 (51.4038)  RefAttnKL: 0.000e+00 (0.000e+00)  RefLogitKL: 0.000e+00 (0.000e+00)  AnchorRefAttnKL: 0.000e+00 (0.000e+00)  TeacherAttnKL: 0.000e+00 (0.000e+00)  TeacherRel: 0.000e+00 (0.000e+00)  TeacherAttnOut: 0.000e+00 (0.000e+00)  TeacherFeatOut: 0.000e+00 (0.000e+00)  ActScaleAnchor: 0.000e+00 (0.000e+00)  VarTrust: 0.000e+00 (0.000e+00)  DirAnchor: 0.000e+00 (0.000e+00)  BinReg: 0.000e+00 (0.000e+00)  SelBinAnchor: 0.000e+00 (0.000e+00)  ActBinMargin: 0.000e+00 (0.000e+00)  Time: 0.243s, 2104.20/s  (0.232s, 2207.15/s)  LR: 1.233e-05  RefW: 0.000e+00  AnchorRefW: 0.000e+00  Data: 0.006 (0.007)
Train: 10 [ 950/2502 ( 38%)]  Loss: 51.400566 (51.4036)  BaseLoss: 51.400566 (51.4036)  RefAttnKL: 0.000e+00 (0.000e+00)  RefLogitKL: 0.000e+00 (0.000e+00)  AnchorRefAttnKL: 0.000e+00 (0.000e+00)  TeacherAttnKL: 0.000e+00 (0.000e+00)  TeacherRel: 0.000e+00 (0.000e+00)  TeacherAttnOut: 0.000e+00 (0.000e+00)  TeacherFeatOut: 0.000e+00 (0.000e+00)  ActScaleAnchor: 0.000e+00 (0.000e+00)  VarTrust: 0.000e+00 (0.000e+00)  DirAnchor: 0.000e+00 (0.000e+00)  BinReg: 0.000e+00 (0.000e+00)  SelBinAnchor: 0.000e+00 (0.000e+00)  ActBinMargin: 0.000e+00 (0.000e+00)  Time: 0.245s, 2090.55/s  (0.232s, 2207.97/s)  LR: 1.233e-05  RefW: 0.000e+00  AnchorRefW: 0.000e+00  Data: 0.005 (0.007)
Train: 10 [1000/2502 ( 40%)]  Loss: 51.416878 (51.4042)  BaseLoss: 51.416878 (51.4042)  RefAttnKL: 0.000e+00 (0.000e+00)  RefLogitKL: 0.000e+00 (0.000e+00)  AnchorRefAttnKL: 0.000e+00 (0.000e+00)  TeacherAttnKL: 0.000e+00 (0.000e+00)  TeacherRel: 0.000e+00 (0.000e+00)  TeacherAttnOut: 0.000e+00 (0.000e+00)  TeacherFeatOut: 0.000e+00 (0.000e+00)  ActScaleAnchor: 0.000e+00 (0.000e+00)  VarTrust: 0.000e+00 (0.000e+00)  DirAnchor: 0.000e+00 (0.000e+00)  BinReg: 0.000e+00 (0.000e+00)  SelBinAnchor: 0.000e+00 (0.000e+00)  ActBinMargin: 0.000e+00 (0.000e+00)  Time: 0.243s, 2107.07/s  (0.232s, 2208.53/s)  LR: 1.232e-05  RefW: 0.000e+00  AnchorRefW: 0.000e+00  Data: 0.005 (0.007)
Train: 10 [1050/2502 ( 42%)]  Loss: 51.389786 (51.4036)  BaseLoss: 51.389786 (51.4036)  RefAttnKL: 0.000e+00 (0.000e+00)  RefLogitKL: 0.000e+00 (0.000e+00)  AnchorRefAttnKL: 0.000e+00 (0.000e+00)  TeacherAttnKL: 0.000e+00 (0.000e+00)  TeacherRel: 0.000e+00 (0.000e+00)  TeacherAttnOut: 0.000e+00 (0.000e+00)  TeacherFeatOut: 0.000e+00 (0.000e+00)  ActScaleAnchor: 0.000e+00 (0.000e+00)  VarTrust: 0.000e+00 (0.000e+00)  DirAnchor: 0.000e+00 (0.000e+00)  BinReg: 0.000e+00 (0.000e+00)  SelBinAnchor: 0.000e+00 (0.000e+00)  ActBinMargin: 0.000e+00 (0.000e+00)  Time: 0.242s, 2113.73/s  (0.232s, 2208.89/s)  LR: 1.231e-05  RefW: 0.000e+00  AnchorRefW: 0.000e+00  Data: 0.008 (0.007)
Train: 10 [1100/2502 ( 44%)]  Loss: 51.354420 (51.4014)  BaseLoss: 51.354420 (51.4014)  RefAttnKL: 0.000e+00 (0.000e+00)  RefLogitKL: 0.000e+00 (0.000e+00)  AnchorRefAttnKL: 0.000e+00 (0.000e+00)  TeacherAttnKL: 0.000e+00 (0.000e+00)  TeacherRel: 0.000e+00 (0.000e+00)  TeacherAttnOut: 0.000e+00 (0.000e+00)  TeacherFeatOut: 0.000e+00 (0.000e+00)  ActScaleAnchor: 0.000e+00 (0.000e+00)  VarTrust: 0.000e+00 (0.000e+00)  DirAnchor: 0.000e+00 (0.000e+00)  BinReg: 0.000e+00 (0.000e+00)  SelBinAnchor: 0.000e+00 (0.000e+00)  ActBinMargin: 0.000e+00 (0.000e+00)  Time: 0.244s, 2099.63/s  (0.232s, 2209.26/s)  LR: 1.230e-05  RefW: 0.000e+00  AnchorRefW: 0.000e+00  Data: 0.006 (0.007)
Train: 10 [1150/2502 ( 46%)]  Loss: 51.409325 (51.4018)  BaseLoss: 51.409325 (51.4018)  RefAttnKL: 0.000e+00 (0.000e+00)  RefLogitKL: 0.000e+00 (0.000e+00)  AnchorRefAttnKL: 0.000e+00 (0.000e+00)  TeacherAttnKL: 0.000e+00 (0.000e+00)  TeacherRel: 0.000e+00 (0.000e+00)  TeacherAttnOut: 0.000e+00 (0.000e+00)  TeacherFeatOut: 0.000e+00 (0.000e+00)  ActScaleAnchor: 0.000e+00 (0.000e+00)  VarTrust: 0.000e+00 (0.000e+00)  DirAnchor: 0.000e+00 (0.000e+00)  BinReg: 0.000e+00 (0.000e+00)  SelBinAnchor: 0.000e+00 (0.000e+00)  ActBinMargin: 0.000e+00 (0.000e+00)  Time: 0.242s, 2118.80/s  (0.232s, 2210.00/s)  LR: 1.229e-05  RefW: 0.000e+00  AnchorRefW: 0.000e+00  Data: 0.005 (0.007)
Train: 10 [1200/2502 ( 48%)]  Loss: 51.383408 (51.4010)  BaseLoss: 51.383408 (51.4010)  RefAttnKL: 0.000e+00 (0.000e+00)  RefLogitKL: 0.000e+00 (0.000e+00)  AnchorRefAttnKL: 0.000e+00 (0.000e+00)  TeacherAttnKL: 0.000e+00 (0.000e+00)  TeacherRel: 0.000e+00 (0.000e+00)  TeacherAttnOut: 0.000e+00 (0.000e+00)  TeacherFeatOut: 0.000e+00 (0.000e+00)  ActScaleAnchor: 0.000e+00 (0.000e+00)  VarTrust: 0.000e+00 (0.000e+00)  DirAnchor: 0.000e+00 (0.000e+00)  BinReg: 0.000e+00 (0.000e+00)  SelBinAnchor: 0.000e+00 (0.000e+00)  ActBinMargin: 0.000e+00 (0.000e+00)  Time: 0.244s, 2097.02/s  (0.232s, 2210.16/s)  LR: 1.228e-05  RefW: 0.000e+00  AnchorRefW: 0.000e+00  Data: 0.006 (0.007)
Train: 10 [1250/2502 ( 50%)]  Loss: 51.419090 (51.4017)  BaseLoss: 51.419090 (51.4017)  RefAttnKL: 0.000e+00 (0.000e+00)  RefLogitKL: 0.000e+00 (0.000e+00)  AnchorRefAttnKL: 0.000e+00 (0.000e+00)  TeacherAttnKL: 0.000e+00 (0.000e+00)  TeacherRel: 0.000e+00 (0.000e+00)  TeacherAttnOut: 0.000e+00 (0.000e+00)  TeacherFeatOut: 0.000e+00 (0.000e+00)  ActScaleAnchor: 0.000e+00 (0.000e+00)  VarTrust: 0.000e+00 (0.000e+00)  DirAnchor: 0.000e+00 (0.000e+00)  BinReg: 0.000e+00 (0.000e+00)  SelBinAnchor: 0.000e+00 (0.000e+00)  ActBinMargin: 0.000e+00 (0.000e+00)  Time: 0.242s, 2115.67/s  (0.232s, 2210.69/s)  LR: 1.227e-05  RefW: 0.000e+00  AnchorRefW: 0.000e+00  Data: 0.007 (0.007)
Train: 10 [1300/2502 ( 52%)]  Loss: 51.405895 (51.4019)  BaseLoss: 51.405895 (51.4019)  RefAttnKL: 0.000e+00 (0.000e+00)  RefLogitKL: 0.000e+00 (0.000e+00)  AnchorRefAttnKL: 0.000e+00 (0.000e+00)  TeacherAttnKL: 0.000e+00 (0.000e+00)  TeacherRel: 0.000e+00 (0.000e+00)  TeacherAttnOut: 0.000e+00 (0.000e+00)  TeacherFeatOut: 0.000e+00 (0.000e+00)  ActScaleAnchor: 0.000e+00 (0.000e+00)  VarTrust: 0.000e+00 (0.000e+00)  DirAnchor: 0.000e+00 (0.000e+00)  BinReg: 0.000e+00 (0.000e+00)  SelBinAnchor: 0.000e+00 (0.000e+00)  ActBinMargin: 0.000e+00 (0.000e+00)  Time: 0.244s, 2099.30/s  (0.232s, 2211.06/s)  LR: 1.226e-05  RefW: 0.000e+00  AnchorRefW: 0.000e+00  Data: 0.006 (0.007)
Train: 10 [1350/2502 ( 54%)]  Loss: 51.427475 (51.4028)  BaseLoss: 51.427475 (51.4028)  RefAttnKL: 0.000e+00 (0.000e+00)  RefLogitKL: 0.000e+00 (0.000e+00)  AnchorRefAttnKL: 0.000e+00 (0.000e+00)  TeacherAttnKL: 0.000e+00 (0.000e+00)  TeacherRel: 0.000e+00 (0.000e+00)  TeacherAttnOut: 0.000e+00 (0.000e+00)  TeacherFeatOut: 0.000e+00 (0.000e+00)  ActScaleAnchor: 0.000e+00 (0.000e+00)  VarTrust: 0.000e+00 (0.000e+00)  DirAnchor: 0.000e+00 (0.000e+00)  BinReg: 0.000e+00 (0.000e+00)  SelBinAnchor: 0.000e+00 (0.000e+00)  ActBinMargin: 0.000e+00 (0.000e+00)  Time: 0.244s, 2101.17/s  (0.232s, 2211.64/s)  LR: 1.225e-05  RefW: 0.000e+00  AnchorRefW: 0.000e+00  Data: 0.006 (0.007)
Train: 10 [1400/2502 ( 56%)]  Loss: 51.406219 (51.4029)  BaseLoss: 51.406219 (51.4029)  RefAttnKL: 0.000e+00 (0.000e+00)  RefLogitKL: 0.000e+00 (0.000e+00)  AnchorRefAttnKL: 0.000e+00 (0.000e+00)  TeacherAttnKL: 0.000e+00 (0.000e+00)  TeacherRel: 0.000e+00 (0.000e+00)  TeacherAttnOut: 0.000e+00 (0.000e+00)  TeacherFeatOut: 0.000e+00 (0.000e+00)  ActScaleAnchor: 0.000e+00 (0.000e+00)  VarTrust: 0.000e+00 (0.000e+00)  DirAnchor: 0.000e+00 (0.000e+00)  BinReg: 0.000e+00 (0.000e+00)  SelBinAnchor: 0.000e+00 (0.000e+00)  ActBinMargin: 0.000e+00 (0.000e+00)  Time: 0.243s, 2110.84/s  (0.232s, 2211.64/s)  LR: 1.224e-05  RefW: 0.000e+00  AnchorRefW: 0.000e+00  Data: 0.005 (0.007)
Train: 10 [1450/2502 ( 58%)]  Loss: 51.419632 (51.4035)  BaseLoss: 51.419632 (51.4035)  RefAttnKL: 0.000e+00 (0.000e+00)  RefLogitKL: 0.000e+00 (0.000e+00)  AnchorRefAttnKL: 0.000e+00 (0.000e+00)  TeacherAttnKL: 0.000e+00 (0.000e+00)  TeacherRel: 0.000e+00 (0.000e+00)  TeacherAttnOut: 0.000e+00 (0.000e+00)  TeacherFeatOut: 0.000e+00 (0.000e+00)  ActScaleAnchor: 0.000e+00 (0.000e+00)  VarTrust: 0.000e+00 (0.000e+00)  DirAnchor: 0.000e+00 (0.000e+00)  BinReg: 0.000e+00 (0.000e+00)  SelBinAnchor: 0.000e+00 (0.000e+00)  ActBinMargin: 0.000e+00 (0.000e+00)  Time: 0.242s, 2115.23/s  (0.231s, 2211.99/s)  LR: 1.223e-05  RefW: 0.000e+00  AnchorRefW: 0.000e+00  Data: 0.007 (0.007)
Train: 10 [1500/2502 ( 60%)]  Loss: 51.427509 (51.4043)  BaseLoss: 51.427509 (51.4043)  RefAttnKL: 0.000e+00 (0.000e+00)  RefLogitKL: 0.000e+00 (0.000e+00)  AnchorRefAttnKL: 0.000e+00 (0.000e+00)  TeacherAttnKL: 0.000e+00 (0.000e+00)  TeacherRel: 0.000e+00 (0.000e+00)  TeacherAttnOut: 0.000e+00 (0.000e+00)  TeacherFeatOut: 0.000e+00 (0.000e+00)  ActScaleAnchor: 0.000e+00 (0.000e+00)  VarTrust: 0.000e+00 (0.000e+00)  DirAnchor: 0.000e+00 (0.000e+00)  BinReg: 0.000e+00 (0.000e+00)  SelBinAnchor: 0.000e+00 (0.000e+00)  ActBinMargin: 0.000e+00 (0.000e+00)  Time: 0.242s, 2111.67/s  (0.231s, 2212.44/s)  LR: 1.222e-05  RefW: 0.000e+00  AnchorRefW: 0.000e+00  Data: 0.005 (0.007)
Train: 10 [1550/2502 ( 62%)]  Loss: 51.407658 (51.4044)  BaseLoss: 51.407658 (51.4044)  RefAttnKL: 0.000e+00 (0.000e+00)  RefLogitKL: 0.000e+00 (0.000e+00)  AnchorRefAttnKL: 0.000e+00 (0.000e+00)  TeacherAttnKL: 0.000e+00 (0.000e+00)  TeacherRel: 0.000e+00 (0.000e+00)  TeacherAttnOut: 0.000e+00 (0.000e+00)  TeacherFeatOut: 0.000e+00 (0.000e+00)  ActScaleAnchor: 0.000e+00 (0.000e+00)  VarTrust: 0.000e+00 (0.000e+00)  DirAnchor: 0.000e+00 (0.000e+00)  BinReg: 0.000e+00 (0.000e+00)  SelBinAnchor: 0.000e+00 (0.000e+00)  ActBinMargin: 0.000e+00 (0.000e+00)  Time: 0.243s, 2109.50/s  (0.231s, 2212.48/s)  LR: 1.221e-05  RefW: 0.000e+00  AnchorRefW: 0.000e+00  Data: 0.006 (0.007)
Train: 10 [1600/2502 ( 64%)]  Loss: 51.412682 (51.4046)  BaseLoss: 51.412682 (51.4046)  RefAttnKL: 0.000e+00 (0.000e+00)  RefLogitKL: 0.000e+00 (0.000e+00)  AnchorRefAttnKL: 0.000e+00 (0.000e+00)  TeacherAttnKL: 0.000e+00 (0.000e+00)  TeacherRel: 0.000e+00 (0.000e+00)  TeacherAttnOut: 0.000e+00 (0.000e+00)  TeacherFeatOut: 0.000e+00 (0.000e+00)  ActScaleAnchor: 0.000e+00 (0.000e+00)  VarTrust: 0.000e+00 (0.000e+00)  DirAnchor: 0.000e+00 (0.000e+00)  BinReg: 0.000e+00 (0.000e+00)  SelBinAnchor: 0.000e+00 (0.000e+00)  ActBinMargin: 0.000e+00 (0.000e+00)  Time: 0.243s, 2108.65/s  (0.232s, 2211.54/s)  LR: 1.220e-05  RefW: 0.000e+00  AnchorRefW: 0.000e+00  Data: 0.006 (0.007)
Train: 10 [1650/2502 ( 66%)]  Loss: 51.431793 (51.4054)  BaseLoss: 51.431793 (51.4054)  RefAttnKL: 0.000e+00 (0.000e+00)  RefLogitKL: 0.000e+00 (0.000e+00)  AnchorRefAttnKL: 0.000e+00 (0.000e+00)  TeacherAttnKL: 0.000e+00 (0.000e+00)  TeacherRel: 0.000e+00 (0.000e+00)  TeacherAttnOut: 0.000e+00 (0.000e+00)  TeacherFeatOut: 0.000e+00 (0.000e+00)  ActScaleAnchor: 0.000e+00 (0.000e+00)  VarTrust: 0.000e+00 (0.000e+00)  DirAnchor: 0.000e+00 (0.000e+00)  BinReg: 0.000e+00 (0.000e+00)  SelBinAnchor: 0.000e+00 (0.000e+00)  ActBinMargin: 0.000e+00 (0.000e+00)  Time: 0.242s, 2116.47/s  (0.232s, 2210.15/s)  LR: 1.220e-05  RefW: 0.000e+00  AnchorRefW: 0.000e+00  Data: 0.008 (0.007)
Train: 10 [1700/2502 ( 68%)]  Loss: 51.412453 (51.4056)  BaseLoss: 51.412453 (51.4056)  RefAttnKL: 0.000e+00 (0.000e+00)  RefLogitKL: 0.000e+00 (0.000e+00)  AnchorRefAttnKL: 0.000e+00 (0.000e+00)  TeacherAttnKL: 0.000e+00 (0.000e+00)  TeacherRel: 0.000e+00 (0.000e+00)  TeacherAttnOut: 0.000e+00 (0.000e+00)  TeacherFeatOut: 0.000e+00 (0.000e+00)  ActScaleAnchor: 0.000e+00 (0.000e+00)  VarTrust: 0.000e+00 (0.000e+00)  DirAnchor: 0.000e+00 (0.000e+00)  BinReg: 0.000e+00 (0.000e+00)  SelBinAnchor: 0.000e+00 (0.000e+00)  ActBinMargin: 0.000e+00 (0.000e+00)  Time: 0.244s, 2100.03/s  (0.232s, 2210.62/s)  LR: 1.219e-05  RefW: 0.000e+00  AnchorRefW: 0.000e+00  Data: 0.005 (0.007)
Train: 10 [1750/2502 ( 70%)]  Loss: 51.398010 (51.4054)  BaseLoss: 51.398010 (51.4054)  RefAttnKL: 0.000e+00 (0.000e+00)  RefLogitKL: 0.000e+00 (0.000e+00)  AnchorRefAttnKL: 0.000e+00 (0.000e+00)  TeacherAttnKL: 0.000e+00 (0.000e+00)  TeacherRel: 0.000e+00 (0.000e+00)  TeacherAttnOut: 0.000e+00 (0.000e+00)  TeacherFeatOut: 0.000e+00 (0.000e+00)  ActScaleAnchor: 0.000e+00 (0.000e+00)  VarTrust: 0.000e+00 (0.000e+00)  DirAnchor: 0.000e+00 (0.000e+00)  BinReg: 0.000e+00 (0.000e+00)  SelBinAnchor: 0.000e+00 (0.000e+00)  ActBinMargin: 0.000e+00 (0.000e+00)  Time: 0.242s, 2117.06/s  (0.232s, 2210.74/s)  LR: 1.218e-05  RefW: 0.000e+00  AnchorRefW: 0.000e+00  Data: 0.005 (0.007)
Train: 10 [1800/2502 ( 72%)]  Loss: 51.418251 (51.4057)  BaseLoss: 51.418251 (51.4057)  RefAttnKL: 0.000e+00 (0.000e+00)  RefLogitKL: 0.000e+00 (0.000e+00)  AnchorRefAttnKL: 0.000e+00 (0.000e+00)  TeacherAttnKL: 0.000e+00 (0.000e+00)  TeacherRel: 0.000e+00 (0.000e+00)  TeacherAttnOut: 0.000e+00 (0.000e+00)  TeacherFeatOut: 0.000e+00 (0.000e+00)  ActScaleAnchor: 0.000e+00 (0.000e+00)  VarTrust: 0.000e+00 (0.000e+00)  DirAnchor: 0.000e+00 (0.000e+00)  BinReg: 0.000e+00 (0.000e+00)  SelBinAnchor: 0.000e+00 (0.000e+00)  ActBinMargin: 0.000e+00 (0.000e+00)  Time: 0.244s, 2096.51/s  (0.232s, 2211.26/s)  LR: 1.217e-05  RefW: 0.000e+00  AnchorRefW: 0.000e+00  Data: 0.005 (0.007)
Train: 10 [1850/2502 ( 74%)]  Loss: 51.380844 (51.4051)  BaseLoss: 51.380844 (51.4051)  RefAttnKL: 0.000e+00 (0.000e+00)  RefLogitKL: 0.000e+00 (0.000e+00)  AnchorRefAttnKL: 0.000e+00 (0.000e+00)  TeacherAttnKL: 0.000e+00 (0.000e+00)  TeacherRel: 0.000e+00 (0.000e+00)  TeacherAttnOut: 0.000e+00 (0.000e+00)  TeacherFeatOut: 0.000e+00 (0.000e+00)  ActScaleAnchor: 0.000e+00 (0.000e+00)  VarTrust: 0.000e+00 (0.000e+00)  DirAnchor: 0.000e+00 (0.000e+00)  BinReg: 0.000e+00 (0.000e+00)  SelBinAnchor: 0.000e+00 (0.000e+00)  ActBinMargin: 0.000e+00 (0.000e+00)  Time: 0.242s, 2119.63/s  (0.232s, 2211.59/s)  LR: 1.216e-05  RefW: 0.000e+00  AnchorRefW: 0.000e+00  Data: 0.007 (0.007)
Train: 10 [1900/2502 ( 76%)]  Loss: 51.432823 (51.4058)  BaseLoss: 51.432823 (51.4058)  RefAttnKL: 0.000e+00 (0.000e+00)  RefLogitKL: 0.000e+00 (0.000e+00)  AnchorRefAttnKL: 0.000e+00 (0.000e+00)  TeacherAttnKL: 0.000e+00 (0.000e+00)  TeacherRel: 0.000e+00 (0.000e+00)  TeacherAttnOut: 0.000e+00 (0.000e+00)  TeacherFeatOut: 0.000e+00 (0.000e+00)  ActScaleAnchor: 0.000e+00 (0.000e+00)  VarTrust: 0.000e+00 (0.000e+00)  DirAnchor: 0.000e+00 (0.000e+00)  BinReg: 0.000e+00 (0.000e+00)  SelBinAnchor: 0.000e+00 (0.000e+00)  ActBinMargin: 0.000e+00 (0.000e+00)  Time: 0.245s, 2093.03/s  (0.231s, 2212.01/s)  LR: 1.215e-05  RefW: 0.000e+00  AnchorRefW: 0.000e+00  Data: 0.005 (0.007)
Train: 10 [1950/2502 ( 78%)]  Loss: 51.451180 (51.4069)  BaseLoss: 51.451180 (51.4069)  RefAttnKL: 0.000e+00 (0.000e+00)  RefLogitKL: 0.000e+00 (0.000e+00)  AnchorRefAttnKL: 0.000e+00 (0.000e+00)  TeacherAttnKL: 0.000e+00 (0.000e+00)  TeacherRel: 0.000e+00 (0.000e+00)  TeacherAttnOut: 0.000e+00 (0.000e+00)  TeacherFeatOut: 0.000e+00 (0.000e+00)  ActScaleAnchor: 0.000e+00 (0.000e+00)  VarTrust: 0.000e+00 (0.000e+00)  DirAnchor: 0.000e+00 (0.000e+00)  BinReg: 0.000e+00 (0.000e+00)  SelBinAnchor: 0.000e+00 (0.000e+00)  ActBinMargin: 0.000e+00 (0.000e+00)  Time: 0.244s, 2100.21/s  (0.231s, 2212.26/s)  LR: 1.214e-05  RefW: 0.000e+00  AnchorRefW: 0.000e+00  Data: 0.006 (0.007)
Train: 10 [2000/2502 ( 80%)]  Loss: 51.407982 (51.4070)  BaseLoss: 51.407982 (51.4070)  RefAttnKL: 0.000e+00 (0.000e+00)  RefLogitKL: 0.000e+00 (0.000e+00)  AnchorRefAttnKL: 0.000e+00 (0.000e+00)  TeacherAttnKL: 0.000e+00 (0.000e+00)  TeacherRel: 0.000e+00 (0.000e+00)  TeacherAttnOut: 0.000e+00 (0.000e+00)  TeacherFeatOut: 0.000e+00 (0.000e+00)  ActScaleAnchor: 0.000e+00 (0.000e+00)  VarTrust: 0.000e+00 (0.000e+00)  DirAnchor: 0.000e+00 (0.000e+00)  BinReg: 0.000e+00 (0.000e+00)  SelBinAnchor: 0.000e+00 (0.000e+00)  ActBinMargin: 0.000e+00 (0.000e+00)  Time: 0.245s, 2089.88/s  (0.231s, 2212.34/s)  LR: 1.213e-05  RefW: 0.000e+00  AnchorRefW: 0.000e+00  Data: 0.006 (0.007)
Train: 10 [2050/2502 ( 82%)]  Loss: 51.377934 (51.4063)  BaseLoss: 51.377934 (51.4063)  RefAttnKL: 0.000e+00 (0.000e+00)  RefLogitKL: 0.000e+00 (0.000e+00)  AnchorRefAttnKL: 0.000e+00 (0.000e+00)  TeacherAttnKL: 0.000e+00 (0.000e+00)  TeacherRel: 0.000e+00 (0.000e+00)  TeacherAttnOut: 0.000e+00 (0.000e+00)  TeacherFeatOut: 0.000e+00 (0.000e+00)  ActScaleAnchor: 0.000e+00 (0.000e+00)  VarTrust: 0.000e+00 (0.000e+00)  DirAnchor: 0.000e+00 (0.000e+00)  BinReg: 0.000e+00 (0.000e+00)  SelBinAnchor: 0.000e+00 (0.000e+00)  ActBinMargin: 0.000e+00 (0.000e+00)  Time: 0.246s, 2084.84/s  (0.231s, 2212.31/s)  LR: 1.212e-05  RefW: 0.000e+00  AnchorRefW: 0.000e+00  Data: 0.008 (0.007)
Train: 10 [2100/2502 ( 84%)]  Loss: 51.398586 (51.4061)  BaseLoss: 51.398586 (51.4061)  RefAttnKL: 0.000e+00 (0.000e+00)  RefLogitKL: 0.000e+00 (0.000e+00)  AnchorRefAttnKL: 0.000e+00 (0.000e+00)  TeacherAttnKL: 0.000e+00 (0.000e+00)  TeacherRel: 0.000e+00 (0.000e+00)  TeacherAttnOut: 0.000e+00 (0.000e+00)  TeacherFeatOut: 0.000e+00 (0.000e+00)  ActScaleAnchor: 0.000e+00 (0.000e+00)  VarTrust: 0.000e+00 (0.000e+00)  DirAnchor: 0.000e+00 (0.000e+00)  BinReg: 0.000e+00 (0.000e+00)  SelBinAnchor: 0.000e+00 (0.000e+00)  ActBinMargin: 0.000e+00 (0.000e+00)  Time: 0.243s, 2107.39/s  (0.231s, 2212.45/s)  LR: 1.211e-05  RefW: 0.000e+00  AnchorRefW: 0.000e+00  Data: 0.007 (0.007)
Train: 10 [2150/2502 ( 86%)]  Loss: 51.413284 (51.4063)  BaseLoss: 51.413284 (51.4063)  RefAttnKL: 0.000e+00 (0.000e+00)  RefLogitKL: 0.000e+00 (0.000e+00)  AnchorRefAttnKL: 0.000e+00 (0.000e+00)  TeacherAttnKL: 0.000e+00 (0.000e+00)  TeacherRel: 0.000e+00 (0.000e+00)  TeacherAttnOut: 0.000e+00 (0.000e+00)  TeacherFeatOut: 0.000e+00 (0.000e+00)  ActScaleAnchor: 0.000e+00 (0.000e+00)  VarTrust: 0.000e+00 (0.000e+00)  DirAnchor: 0.000e+00 (0.000e+00)  BinReg: 0.000e+00 (0.000e+00)  SelBinAnchor: 0.000e+00 (0.000e+00)  ActBinMargin: 0.000e+00 (0.000e+00)  Time: 0.242s, 2112.39/s  (0.231s, 2212.86/s)  LR: 1.210e-05  RefW: 0.000e+00  AnchorRefW: 0.000e+00  Data: 0.006 (0.007)
Train: 10 [2200/2502 ( 88%)]  Loss: 51.404549 (51.4062)  BaseLoss: 51.404549 (51.4062)  RefAttnKL: 0.000e+00 (0.000e+00)  RefLogitKL: 0.000e+00 (0.000e+00)  AnchorRefAttnKL: 0.000e+00 (0.000e+00)  TeacherAttnKL: 0.000e+00 (0.000e+00)  TeacherRel: 0.000e+00 (0.000e+00)  TeacherAttnOut: 0.000e+00 (0.000e+00)  TeacherFeatOut: 0.000e+00 (0.000e+00)  ActScaleAnchor: 0.000e+00 (0.000e+00)  VarTrust: 0.000e+00 (0.000e+00)  DirAnchor: 0.000e+00 (0.000e+00)  BinReg: 0.000e+00 (0.000e+00)  SelBinAnchor: 0.000e+00 (0.000e+00)  ActBinMargin: 0.000e+00 (0.000e+00)  Time: 0.243s, 2105.86/s  (0.231s, 2212.82/s)  LR: 1.209e-05  RefW: 0.000e+00  AnchorRefW: 0.000e+00  Data: 0.006 (0.007)
Train: 10 [2250/2502 ( 90%)]  Loss: 51.393021 (51.4059)  BaseLoss: 51.393021 (51.4059)  RefAttnKL: 0.000e+00 (0.000e+00)  RefLogitKL: 0.000e+00 (0.000e+00)  AnchorRefAttnKL: 0.000e+00 (0.000e+00)  TeacherAttnKL: 0.000e+00 (0.000e+00)  TeacherRel: 0.000e+00 (0.000e+00)  TeacherAttnOut: 0.000e+00 (0.000e+00)  TeacherFeatOut: 0.000e+00 (0.000e+00)  ActScaleAnchor: 0.000e+00 (0.000e+00)  VarTrust: 0.000e+00 (0.000e+00)  DirAnchor: 0.000e+00 (0.000e+00)  BinReg: 0.000e+00 (0.000e+00)  SelBinAnchor: 0.000e+00 (0.000e+00)  ActBinMargin: 0.000e+00 (0.000e+00)  Time: 0.242s, 2113.55/s  (0.231s, 2213.14/s)  LR: 1.208e-05  RefW: 0.000e+00  AnchorRefW: 0.000e+00  Data: 0.006 (0.007)
Train: 10 [2300/2502 ( 92%)]  Loss: 51.419487 (51.4062)  BaseLoss: 51.419487 (51.4062)  RefAttnKL: 0.000e+00 (0.000e+00)  RefLogitKL: 0.000e+00 (0.000e+00)  AnchorRefAttnKL: 0.000e+00 (0.000e+00)  TeacherAttnKL: 0.000e+00 (0.000e+00)  TeacherRel: 0.000e+00 (0.000e+00)  TeacherAttnOut: 0.000e+00 (0.000e+00)  TeacherFeatOut: 0.000e+00 (0.000e+00)  ActScaleAnchor: 0.000e+00 (0.000e+00)  VarTrust: 0.000e+00 (0.000e+00)  DirAnchor: 0.000e+00 (0.000e+00)  BinReg: 0.000e+00 (0.000e+00)  SelBinAnchor: 0.000e+00 (0.000e+00)  ActBinMargin: 0.000e+00 (0.000e+00)  Time: 0.243s, 2103.97/s  (0.231s, 2213.20/s)  LR: 1.207e-05  RefW: 0.000e+00  AnchorRefW: 0.000e+00  Data: 0.005 (0.007)
Train: 10 [2350/2502 ( 94%)]  Loss: 51.426216 (51.4066)  BaseLoss: 51.426216 (51.4066)  RefAttnKL: 0.000e+00 (0.000e+00)  RefLogitKL: 0.000e+00 (0.000e+00)  AnchorRefAttnKL: 0.000e+00 (0.000e+00)  TeacherAttnKL: 0.000e+00 (0.000e+00)  TeacherRel: 0.000e+00 (0.000e+00)  TeacherAttnOut: 0.000e+00 (0.000e+00)  TeacherFeatOut: 0.000e+00 (0.000e+00)  ActScaleAnchor: 0.000e+00 (0.000e+00)  VarTrust: 0.000e+00 (0.000e+00)  DirAnchor: 0.000e+00 (0.000e+00)  BinReg: 0.000e+00 (0.000e+00)  SelBinAnchor: 0.000e+00 (0.000e+00)  ActBinMargin: 0.000e+00 (0.000e+00)  Time: 0.242s, 2115.89/s  (0.231s, 2213.51/s)  LR: 1.206e-05  RefW: 0.000e+00  AnchorRefW: 0.000e+00  Data: 0.005 (0.007)
Train: 10 [2400/2502 ( 96%)]  Loss: 51.413162 (51.4068)  BaseLoss: 51.413162 (51.4068)  RefAttnKL: 0.000e+00 (0.000e+00)  RefLogitKL: 0.000e+00 (0.000e+00)  AnchorRefAttnKL: 0.000e+00 (0.000e+00)  TeacherAttnKL: 0.000e+00 (0.000e+00)  TeacherRel: 0.000e+00 (0.000e+00)  TeacherAttnOut: 0.000e+00 (0.000e+00)  TeacherFeatOut: 0.000e+00 (0.000e+00)  ActScaleAnchor: 0.000e+00 (0.000e+00)  VarTrust: 0.000e+00 (0.000e+00)  DirAnchor: 0.000e+00 (0.000e+00)  BinReg: 0.000e+00 (0.000e+00)  SelBinAnchor: 0.000e+00 (0.000e+00)  ActBinMargin: 0.000e+00 (0.000e+00)  Time: 0.244s, 2102.62/s  (0.231s, 2213.58/s)  LR: 1.205e-05  RefW: 0.000e+00  AnchorRefW: 0.000e+00  Data: 0.006 (0.007)
Train: 10 [2450/2502 ( 98%)]  Loss: 51.419205 (51.4070)  BaseLoss: 51.419205 (51.4070)  RefAttnKL: 0.000e+00 (0.000e+00)  RefLogitKL: 0.000e+00 (0.000e+00)  AnchorRefAttnKL: 0.000e+00 (0.000e+00)  TeacherAttnKL: 0.000e+00 (0.000e+00)  TeacherRel: 0.000e+00 (0.000e+00)  TeacherAttnOut: 0.000e+00 (0.000e+00)  TeacherFeatOut: 0.000e+00 (0.000e+00)  ActScaleAnchor: 0.000e+00 (0.000e+00)  VarTrust: 0.000e+00 (0.000e+00)  DirAnchor: 0.000e+00 (0.000e+00)  BinReg: 0.000e+00 (0.000e+00)  SelBinAnchor: 0.000e+00 (0.000e+00)  ActBinMargin: 0.000e+00 (0.000e+00)  Time: 0.241s, 2120.98/s  (0.231s, 2213.68/s)  LR: 1.204e-05  RefW: 0.000e+00  AnchorRefW: 0.000e+00  Data: 0.005 (0.007)
TrainSummary: epoch=10 updates=2496 avg_step_time=0.231259s samples_per_step=512 samples_per_sec=2213.97
epoch:  10 g['lr']:  1.2034830302000045e-05
/usr/local/lib/python3.11/dist-packages/torch/distributed/distributed_c10d.py:4876: UserWarning: barrier(): using the device under current context. You can specify `device_id` in `init_process_group` to mute this warning.
  warnings.warn(  # warn only once
model eval
/usr/local/lib/python3.11/dist-packages/requests/__init__.py:113: RequestsDependencyWarning: urllib3 (1.26.20) or chardet (7.4.3)/charset_normalizer (3.4.4) doesn't match a supported version!
  warnings.warn(
/usr/local/lib/python3.11/dist-packages/requests/__init__.py:113: RequestsDependencyWarning: urllib3 (1.26.20) or chardet (7.4.3)/charset_normalizer (3.4.4) doesn't match a supported version!
  warnings.warn(
/usr/local/lib/python3.11/dist-packages/requests/__init__.py:113: RequestsDependencyWarning: urllib3 (1.26.20) or chardet (7.4.3)/charset_normalizer (3.4.4) doesn't match a supported version!
  warnings.warn(
/usr/local/lib/python3.11/dist-packages/requests/__init__.py:113: RequestsDependencyWarning: urllib3 (1.26.20) or chardet (7.4.3)/charset_normalizer (3.4.4) doesn't match a supported version!
  warnings.warn(
/usr/local/lib/python3.11/dist-packages/requests/__init__.py:113: RequestsDependencyWarning: urllib3 (1.26.20) or chardet (7.4.3)/charset_normalizer (3.4.4) doesn't match a supported version!
  warnings.warn(
/usr/local/lib/python3.11/dist-packages/requests/__init__.py:113: RequestsDependencyWarning: urllib3 (1.26.20) or chardet (7.4.3)/charset_normalizer (3.4.4) doesn't match a supported version!
  warnings.warn(
/usr/local/lib/python3.11/dist-packages/requests/__init__.py:113: RequestsDependencyWarning: urllib3 (1.26.20) or chardet (7.4.3)/charset_normalizer (3.4.4) doesn't match a supported version!
  warnings.warn(
/usr/local/lib/python3.11/dist-packages/requests/__init__.py:113: RequestsDependencyWarning: urllib3 (1.26.20) or chardet (7.4.3)/charset_normalizer (3.4.4) doesn't match a supported version!
  warnings.warn(
/usr/local/lib/python3.11/dist-packages/requests/__init__.py:113: RequestsDependencyWarning: urllib3 (1.26.20) or chardet (7.4.3)/charset_normalizer (3.4.4) doesn't match a supported version!
  warnings.warn(
/usr/local/lib/python3.11/dist-packages/requests/__init__.py:113: RequestsDependencyWarning: urllib3 (1.26.20) or chardet (7.4.3)/charset_normalizer (3.4.4) doesn't match a supported version!
  warnings.warn(
/usr/local/lib/python3.11/dist-packages/requests/__init__.py:113: RequestsDependencyWarning: urllib3 (1.26.20) or chardet (7.4.3)/charset_normalizer (3.4.4) doesn't match a supported version!
  warnings.warn(
/usr/local/lib/python3.11/dist-packages/requests/__init__.py:113: RequestsDependencyWarning: urllib3 (1.26.20) or chardet (7.4.3)/charset_normalizer (3.4.4) doesn't match a supported version!
  warnings.warn(
/usr/local/lib/python3.11/dist-packages/requests/__init__.py:113: RequestsDependencyWarning: urllib3 (1.26.20) or chardet (7.4.3)/charset_normalizer (3.4.4) doesn't match a supported version!
  warnings.warn(
/usr/local/lib/python3.11/dist-packages/requests/__init__.py:113: RequestsDependencyWarning: urllib3 (1.26.20) or chardet (7.4.3)/charset_normalizer (3.4.4) doesn't match a supported version!
  warnings.warn(
/usr/local/lib/python3.11/dist-packages/requests/__init__.py:113: RequestsDependencyWarning: urllib3 (1.26.20) or chardet (7.4.3)/charset_normalizer (3.4.4) doesn't match a supported version!
  warnings.warn(
/usr/local/lib/python3.11/dist-packages/requests/__init__.py:113: RequestsDependencyWarning: urllib3 (1.26.20) or chardet (7.4.3)/charset_normalizer (3.4.4) doesn't match a supported version!
  warnings.warn(
/usr/local/lib/python3.11/dist-packages/requests/__init__.py:113: RequestsDependencyWarning: urllib3 (1.26.20) or chardet (7.4.3)/charset_normalizer (3.4.4) doesn't match a supported version!
  warnings.warn(
/usr/local/lib/python3.11/dist-packages/requests/__init__.py:113: RequestsDependencyWarning: urllib3 (1.26.20) or chardet (7.4.3)/charset_normalizer (3.4.4) doesn't match a supported version!
  warnings.warn(
/usr/local/lib/python3.11/dist-packages/requests/__init__.py:113: RequestsDependencyWarning: urllib3 (1.26.20) or chardet (7.4.3)/charset_normalizer (3.4.4) doesn't match a supported version!
  warnings.warn(
/usr/local/lib/python3.11/dist-packages/requests/__init__.py:113: RequestsDependencyWarning: urllib3 (1.26.20) or chardet (7.4.3)/charset_normalizer (3.4.4) doesn't match a supported version!
  warnings.warn(
/usr/local/lib/python3.11/dist-packages/requests/__init__.py:113: RequestsDependencyWarning: urllib3 (1.26.20) or chardet (7.4.3)/charset_normalizer (3.4.4) doesn't match a supported version!
  warnings.warn(
/usr/local/lib/python3.11/dist-packages/requests/__init__.py:113: RequestsDependencyWarning: urllib3 (1.26.20) or chardet (7.4.3)/charset_normalizer (3.4.4) doesn't match a supported version!
  warnings.warn(
/usr/local/lib/python3.11/dist-packages/requests/__init__.py:113: RequestsDependencyWarning: urllib3 (1.26.20) or chardet (7.4.3)/charset_normalizer (3.4.4) doesn't match a supported version!
  warnings.warn(
/usr/local/lib/python3.11/dist-packages/requests/__init__.py:113: RequestsDependencyWarning: urllib3 (1.26.20) or chardet (7.4.3)/charset_normalizer (3.4.4) doesn't match a supported version!
  warnings.warn(
/usr/local/lib/python3.11/dist-packages/requests/__init__.py:113: RequestsDependencyWarning: urllib3 (1.26.20) or chardet (7.4.3)/charset_normalizer (3.4.4) doesn't match a supported version!
  warnings.warn(
/usr/local/lib/python3.11/dist-packages/requests/__init__.py:113: RequestsDependencyWarning: urllib3 (1.26.20) or chardet (7.4.3)/charset_normalizer (3.4.4) doesn't match a supported version!
  warnings.warn(
/usr/local/lib/python3.11/dist-packages/requests/__init__.py:113: RequestsDependencyWarning: urllib3 (1.26.20) or chardet (7.4.3)/charset_normalizer (3.4.4) doesn't match a supported version!
  warnings.warn(
/usr/local/lib/python3.11/dist-packages/requests/__init__.py:113: RequestsDependencyWarning: urllib3 (1.26.20) or chardet (7.4.3)/charset_normalizer (3.4.4) doesn't match a supported version!
  warnings.warn(
/usr/local/lib/python3.11/dist-packages/requests/__init__.py:113: RequestsDependencyWarning: urllib3 (1.26.20) or chardet (7.4.3)/charset_normalizer (3.4.4) doesn't match a supported version!
  warnings.warn(
/usr/local/lib/python3.11/dist-packages/requests/__init__.py:113: RequestsDependencyWarning: urllib3 (1.26.20) or chardet (7.4.3)/charset_normalizer (3.4.4) doesn't match a supported version!
  warnings.warn(
/usr/local/lib/python3.11/dist-packages/requests/__init__.py:113: RequestsDependencyWarning: urllib3 (1.26.20) or chardet (7.4.3)/charset_normalizer (3.4.4) doesn't match a supported version!
  warnings.warn(
/usr/local/lib/python3.11/dist-packages/requests/__init__.py:113: RequestsDependencyWarning: urllib3 (1.26.20) or chardet (7.4.3)/charset_normalizer (3.4.4) doesn't match a supported version!
  warnings.warn(
/usr/local/lib/python3.11/dist-packages/requests/__init__.py:113: RequestsDependencyWarning: urllib3 (1.26.20) or chardet (7.4.3)/charset_normalizer (3.4.4) doesn't match a supported version!
  warnings.warn(
/usr/local/lib/python3.11/dist-packages/requests/__init__.py:113: RequestsDependencyWarning: urllib3 (1.26.20) or chardet (7.4.3)/charset_normalizer (3.4.4) doesn't match a supported version!
  warnings.warn(
/usr/local/lib/python3.11/dist-packages/requests/__init__.py:113: RequestsDependencyWarning: urllib3 (1.26.20) or chardet (7.4.3)/charset_normalizer (3.4.4) doesn't match a supported version!
  warnings.warn(
/usr/local/lib/python3.11/dist-packages/requests/__init__.py:113: RequestsDependencyWarning: urllib3 (1.26.20) or chardet (7.4.3)/charset_normalizer (3.4.4) doesn't match a supported version!
  warnings.warn(
/usr/local/lib/python3.11/dist-packages/requests/__init__.py:113: RequestsDependencyWarning: urllib3 (1.26.20) or chardet (7.4.3)/charset_normalizer (3.4.4) doesn't match a supported version!
  warnings.warn(
/usr/local/lib/python3.11/dist-packages/requests/__init__.py:113: RequestsDependencyWarning: urllib3 (1.26.20) or chardet (7.4.3)/charset_normalizer (3.4.4) doesn't match a supported version!
  warnings.warn(
/usr/local/lib/python3.11/dist-packages/requests/__init__.py:113: RequestsDependencyWarning: urllib3 (1.26.20) or chardet (7.4.3)/charset_normalizer (3.4.4) doesn't match a supported version!
  warnings.warn(
/usr/local/lib/python3.11/dist-packages/requests/__init__.py:113: RequestsDependencyWarning: urllib3 (1.26.20) or chardet (7.4.3)/charset_normalizer (3.4.4) doesn't match a supported version!
  warnings.warn(
/usr/local/lib/python3.11/dist-packages/requests/__init__.py:113: RequestsDependencyWarning: urllib3 (1.26.20) or chardet (7.4.3)/charset_normalizer (3.4.4) doesn't match a supported version!
  warnings.warn(
/usr/local/lib/python3.11/dist-packages/requests/__init__.py:113: RequestsDependencyWarning: urllib3 (1.26.20) or chardet (7.4.3)/charset_normalizer (3.4.4) doesn't match a supported version!
  warnings.warn(
/usr/local/lib/python3.11/dist-packages/requests/__init__.py:113: RequestsDependencyWarning: urllib3 (1.26.20) or chardet (7.4.3)/charset_normalizer (3.4.4) doesn't match a supported version!
  warnings.warn(
/usr/local/lib/python3.11/dist-packages/requests/__init__.py:113: RequestsDependencyWarning: urllib3 (1.26.20) or chardet (7.4.3)/charset_normalizer (3.4.4) doesn't match a supported version!
  warnings.warn(
/usr/local/lib/python3.11/dist-packages/requests/__init__.py:113: RequestsDependencyWarning: urllib3 (1.26.20) or chardet (7.4.3)/charset_normalizer (3.4.4) doesn't match a supported version!
  warnings.warn(
/usr/local/lib/python3.11/dist-packages/requests/__init__.py:113: RequestsDependencyWarning: urllib3 (1.26.20) or chardet (7.4.3)/charset_normalizer (3.4.4) doesn't match a supported version!
  warnings.warn(
/usr/local/lib/python3.11/dist-packages/requests/__init__.py:113: RequestsDependencyWarning: urllib3 (1.26.20) or chardet (7.4.3)/charset_normalizer (3.4.4) doesn't match a supported version!
  warnings.warn(
/usr/local/lib/python3.11/dist-packages/requests/__init__.py:113: RequestsDependencyWarning: urllib3 (1.26.20) or chardet (7.4.3)/charset_normalizer (3.4.4) doesn't match a supported version!
  warnings.warn(
/usr/local/lib/python3.11/dist-packages/requests/__init__.py:113: RequestsDependencyWarning: urllib3 (1.26.20) or chardet (7.4.3)/charset_normalizer (3.4.4) doesn't match a supported version!
  warnings.warn(
/usr/local/lib/python3.11/dist-packages/requests/__init__.py:113: RequestsDependencyWarning: urllib3 (1.26.20) or chardet (7.4.3)/charset_normalizer (3.4.4) doesn't match a supported version!
  warnings.warn(
/usr/local/lib/python3.11/dist-packages/requests/__init__.py:113: RequestsDependencyWarning: urllib3 (1.26.20) or chardet (7.4.3)/charset_normalizer (3.4.4) doesn't match a supported version!
  warnings.warn(
/usr/local/lib/python3.11/dist-packages/requests/__init__.py:113: RequestsDependencyWarning: urllib3 (1.26.20) or chardet (7.4.3)/charset_normalizer (3.4.4) doesn't match a supported version!
  warnings.warn(
/usr/local/lib/python3.11/dist-packages/requests/__init__.py:113: RequestsDependencyWarning: urllib3 (1.26.20) or chardet (7.4.3)/charset_normalizer (3.4.4) doesn't match a supported version!
  warnings.warn(
/usr/local/lib/python3.11/dist-packages/requests/__init__.py:113: RequestsDependencyWarning: urllib3 (1.26.20) or chardet (7.4.3)/charset_normalizer (3.4.4) doesn't match a supported version!
  warnings.warn(
/usr/local/lib/python3.11/dist-packages/requests/__init__.py:113: RequestsDependencyWarning: urllib3 (1.26.20) or chardet (7.4.3)/charset_normalizer (3.4.4) doesn't match a supported version!
  warnings.warn(
/usr/local/lib/python3.11/dist-packages/requests/__init__.py:113: RequestsDependencyWarning: urllib3 (1.26.20) or chardet (7.4.3)/charset_normalizer (3.4.4) doesn't match a supported version!
  warnings.warn(
/usr/local/lib/python3.11/dist-packages/requests/__init__.py:113: RequestsDependencyWarning: urllib3 (1.26.20) or chardet (7.4.3)/charset_normalizer (3.4.4) doesn't match a supported version!
  warnings.warn(
/usr/local/lib/python3.11/dist-packages/requests/__init__.py:113: RequestsDependencyWarning: urllib3 (1.26.20) or chardet (7.4.3)/charset_normalizer (3.4.4) doesn't match a supported version!
  warnings.warn(
/usr/local/lib/python3.11/dist-packages/requests/__init__.py:113: RequestsDependencyWarning: urllib3 (1.26.20) or chardet (7.4.3)/charset_normalizer (3.4.4) doesn't match a supported version!
  warnings.warn(
/usr/local/lib/python3.11/dist-packages/requests/__init__.py:113: RequestsDependencyWarning: urllib3 (1.26.20) or chardet (7.4.3)/charset_normalizer (3.4.4) doesn't match a supported version!
  warnings.warn(
/usr/local/lib/python3.11/dist-packages/requests/__init__.py:113: RequestsDependencyWarning: urllib3 (1.26.20) or chardet (7.4.3)/charset_normalizer (3.4.4) doesn't match a supported version!
  warnings.warn(
/usr/local/lib/python3.11/dist-packages/requests/__init__.py:113: RequestsDependencyWarning: urllib3 (1.26.20) or chardet (7.4.3)/charset_normalizer (3.4.4) doesn't match a supported version!
  warnings.warn(
/usr/local/lib/python3.11/dist-packages/requests/__init__.py:113: RequestsDependencyWarning: urllib3 (1.26.20) or chardet (7.4.3)/charset_normalizer (3.4.4) doesn't match a supported version!
  warnings.warn(
/usr/local/lib/python3.11/dist-packages/requests/__init__.py:113: RequestsDependencyWarning: urllib3 (1.26.20) or chardet (7.4.3)/charset_normalizer (3.4.4) doesn't match a supported version!
  warnings.warn(
/usr/local/lib/python3.11/dist-packages/wandb/apis/public.py:3075: UserWarning: pkg_resources is deprecated as an API. See https://setuptools.pypa.io/en/latest/pkg_resources.html. The pkg_resources package is slated for removal as early as 2025-11-30. Refrain from using this package or pin to Setuptools<81.
  from pkg_resources import parse_version
/usr/local/lib/python3.11/dist-packages/wandb/apis/public.py:3075: UserWarning: pkg_resources is deprecated as an API. See https://setuptools.pypa.io/en/latest/pkg_resources.html. The pkg_resources package is slated for removal as early as 2025-11-30. Refrain from using this package or pin to Setuptools<81.
  from pkg_resources import parse_version
/usr/local/lib/python3.11/dist-packages/wandb/apis/public.py:3075: UserWarning: pkg_resources is deprecated as an API. See https://setuptools.pypa.io/en/latest/pkg_resources.html. The pkg_resources package is slated for removal as early as 2025-11-30. Refrain from using this package or pin to Setuptools<81.
  from pkg_resources import parse_version
/usr/local/lib/python3.11/dist-packages/wandb/apis/public.py:3075: UserWarning: pkg_resources is deprecated as an API. See https://setuptools.pypa.io/en/latest/pkg_resources.html. The pkg_resources package is slated for removal as early as 2025-11-30. Refrain from using this package or pin to Setuptools<81.
  from pkg_resources import parse_version
/usr/local/lib/python3.11/dist-packages/wandb/apis/public.py:3075: UserWarning: pkg_resources is deprecated as an API. See https://setuptools.pypa.io/en/latest/pkg_resources.html. The pkg_resources package is slated for removal as early as 2025-11-30. Refrain from using this package or pin to Setuptools<81.
  from pkg_resources import parse_version
/usr/local/lib/python3.11/dist-packages/wandb/apis/public.py:3075: UserWarning: pkg_resources is deprecated as an API. See https://setuptools.pypa.io/en/latest/pkg_resources.html. The pkg_resources package is slated for removal as early as 2025-11-30. Refrain from using this package or pin to Setuptools<81.
  from pkg_resources import parse_version
/usr/local/lib/python3.11/dist-packages/wandb/apis/public.py:3075: UserWarning: pkg_resources is deprecated as an API. See https://setuptools.pypa.io/en/latest/pkg_resources.html. The pkg_resources package is slated for removal as early as 2025-11-30. Refrain from using this package or pin to Setuptools<81.
  from pkg_resources import parse_version
/usr/local/lib/python3.11/dist-packages/wandb/apis/public.py:3075: UserWarning: pkg_resources is deprecated as an API. See https://setuptools.pypa.io/en/latest/pkg_resources.html. The pkg_resources package is slated for removal as early as 2025-11-30. Refrain from using this package or pin to Setuptools<81.
  from pkg_resources import parse_version
/usr/local/lib/python3.11/dist-packages/wandb/apis/public.py:3075: UserWarning: pkg_resources is deprecated as an API. See https://setuptools.pypa.io/en/latest/pkg_resources.html. The pkg_resources package is slated for removal as early as 2025-11-30. Refrain from using this package or pin to Setuptools<81.
  from pkg_resources import parse_version
/usr/local/lib/python3.11/dist-packages/wandb/apis/public.py:3075: UserWarning: pkg_resources is deprecated as an API. See https://setuptools.pypa.io/en/latest/pkg_resources.html. The pkg_resources package is slated for removal as early as 2025-11-30. Refrain from using this package or pin to Setuptools<81.
  from pkg_resources import parse_version
/usr/local/lib/python3.11/dist-packages/wandb/apis/public.py:3075: UserWarning: pkg_resources is deprecated as an API. See https://setuptools.pypa.io/en/latest/pkg_resources.html. The pkg_resources package is slated for removal as early as 2025-11-30. Refrain from using this package or pin to Setuptools<81.
  from pkg_resources import parse_version
/usr/local/lib/python3.11/dist-packages/wandb/apis/public.py:3075: UserWarning: pkg_resources is deprecated as an API. See https://setuptools.pypa.io/en/latest/pkg_resources.html. The pkg_resources package is slated for removal as early as 2025-11-30. Refrain from using this package or pin to Setuptools<81.
  from pkg_resources import parse_version
/usr/local/lib/python3.11/dist-packages/wandb/apis/public.py:3075: UserWarning: pkg_resources is deprecated as an API. See https://setuptools.pypa.io/en/latest/pkg_resources.html. The pkg_resources package is slated for removal as early as 2025-11-30. Refrain from using this package or pin to Setuptools<81.
  from pkg_resources import parse_version
/usr/local/lib/python3.11/dist-packages/wandb/apis/public.py:3075: UserWarning: pkg_resources is deprecated as an API. See https://setuptools.pypa.io/en/latest/pkg_resources.html. The pkg_resources package is slated for removal as early as 2025-11-30. Refrain from using this package or pin to Setuptools<81.
  from pkg_resources import parse_version
/usr/local/lib/python3.11/dist-packages/wandb/apis/public.py:3075: UserWarning: pkg_resources is deprecated as an API. See https://setuptools.pypa.io/en/latest/pkg_resources.html. The pkg_resources package is slated for removal as early as 2025-11-30. Refrain from using this package or pin to Setuptools<81.
  from pkg_resources import parse_version
/usr/local/lib/python3.11/dist-packages/wandb/apis/public.py:3075: UserWarning: pkg_resources is deprecated as an API. See https://setuptools.pypa.io/en/latest/pkg_resources.html. The pkg_resources package is slated for removal as early as 2025-11-30. Refrain from using this package or pin to Setuptools<81.
  from pkg_resources import parse_version
/usr/local/lib/python3.11/dist-packages/wandb/apis/public.py:3075: UserWarning: pkg_resources is deprecated as an API. See https://setuptools.pypa.io/en/latest/pkg_resources.html. The pkg_resources package is slated for removal as early as 2025-11-30. Refrain from using this package or pin to Setuptools<81.
  from pkg_resources import parse_version
/usr/local/lib/python3.11/dist-packages/wandb/apis/public.py:3075: UserWarning: pkg_resources is deprecated as an API. See https://setuptools.pypa.io/en/latest/pkg_resources.html. The pkg_resources package is slated for removal as early as 2025-11-30. Refrain from using this package or pin to Setuptools<81.
  from pkg_resources import parse_version
/usr/local/lib/python3.11/dist-packages/wandb/apis/public.py:3075: UserWarning: pkg_resources is deprecated as an API. See https://setuptools.pypa.io/en/latest/pkg_resources.html. The pkg_resources package is slated for removal as early as 2025-11-30. Refrain from using this package or pin to Setuptools<81.
  from pkg_resources import parse_version
/usr/local/lib/python3.11/dist-packages/wandb/apis/public.py:3075: UserWarning: pkg_resources is deprecated as an API. See https://setuptools.pypa.io/en/latest/pkg_resources.html. The pkg_resources package is slated for removal as early as 2025-11-30. Refrain from using this package or pin to Setuptools<81.
  from pkg_resources import parse_version
/usr/local/lib/python3.11/dist-packages/wandb/apis/public.py:3075: UserWarning: pkg_resources is deprecated as an API. See https://setuptools.pypa.io/en/latest/pkg_resources.html. The pkg_resources package is slated for removal as early as 2025-11-30. Refrain from using this package or pin to Setuptools<81.
  from pkg_resources import parse_version
/usr/local/lib/python3.11/dist-packages/wandb/apis/public.py:3075: UserWarning: pkg_resources is deprecated as an API. See https://setuptools.pypa.io/en/latest/pkg_resources.html. The pkg_resources package is slated for removal as early as 2025-11-30. Refrain from using this package or pin to Setuptools<81.
  from pkg_resources import parse_version
/usr/local/lib/python3.11/dist-packages/wandb/apis/public.py:3075: UserWarning: pkg_resources is deprecated as an API. See https://setuptools.pypa.io/en/latest/pkg_resources.html. The pkg_resources package is slated for removal as early as 2025-11-30. Refrain from using this package or pin to Setuptools<81.
  from pkg_resources import parse_version
/usr/local/lib/python3.11/dist-packages/wandb/apis/public.py:3075: UserWarning: pkg_resources is deprecated as an API. See https://setuptools.pypa.io/en/latest/pkg_resources.html. The pkg_resources package is slated for removal as early as 2025-11-30. Refrain from using this package or pin to Setuptools<81.
  from pkg_resources import parse_version
/usr/local/lib/python3.11/dist-packages/wandb/apis/public.py:3075: UserWarning: pkg_resources is deprecated as an API. See https://setuptools.pypa.io/en/latest/pkg_resources.html. The pkg_resources package is slated for removal as early as 2025-11-30. Refrain from using this package or pin to Setuptools<81.
  from pkg_resources import parse_version
/usr/local/lib/python3.11/dist-packages/wandb/apis/public.py:3075: UserWarning: pkg_resources is deprecated as an API. See https://setuptools.pypa.io/en/latest/pkg_resources.html. The pkg_resources package is slated for removal as early as 2025-11-30. Refrain from using this package or pin to Setuptools<81.
  from pkg_resources import parse_version
/usr/local/lib/python3.11/dist-packages/wandb/apis/public.py:3075: UserWarning: pkg_resources is deprecated as an API. See https://setuptools.pypa.io/en/latest/pkg_resources.html. The pkg_resources package is slated for removal as early as 2025-11-30. Refrain from using this package or pin to Setuptools<81.
  from pkg_resources import parse_version
/usr/local/lib/python3.11/dist-packages/wandb/apis/public.py:3075: UserWarning: pkg_resources is deprecated as an API. See https://setuptools.pypa.io/en/latest/pkg_resources.html. The pkg_resources package is slated for removal as early as 2025-11-30. Refrain from using this package or pin to Setuptools<81.
  from pkg_resources import parse_version
/usr/local/lib/python3.11/dist-packages/wandb/apis/public.py:3075: UserWarning: pkg_resources is deprecated as an API. See https://setuptools.pypa.io/en/latest/pkg_resources.html. The pkg_resources package is slated for removal as early as 2025-11-30. Refrain from using this package or pin to Setuptools<81.
  from pkg_resources import parse_version
/usr/local/lib/python3.11/dist-packages/wandb/apis/public.py:3075: UserWarning: pkg_resources is deprecated as an API. See https://setuptools.pypa.io/en/latest/pkg_resources.html. The pkg_resources package is slated for removal as early as 2025-11-30. Refrain from using this package or pin to Setuptools<81.
  from pkg_resources import parse_version
/usr/local/lib/python3.11/dist-packages/wandb/apis/public.py:3075: UserWarning: pkg_resources is deprecated as an API. See https://setuptools.pypa.io/en/latest/pkg_resources.html. The pkg_resources package is slated for removal as early as 2025-11-30. Refrain from using this package or pin to Setuptools<81.
  from pkg_resources import parse_version
/usr/local/lib/python3.11/dist-packages/wandb/apis/public.py:3075: UserWarning: pkg_resources is deprecated as an API. See https://setuptools.pypa.io/en/latest/pkg_resources.html. The pkg_resources package is slated for removal as early as 2025-11-30. Refrain from using this package or pin to Setuptools<81.
  from pkg_resources import parse_version
/usr/local/lib/python3.11/dist-packages/wandb/apis/public.py:3075: UserWarning: pkg_resources is deprecated as an API. See https://setuptools.pypa.io/en/latest/pkg_resources.html. The pkg_resources package is slated for removal as early as 2025-11-30. Refrain from using this package or pin to Setuptools<81.
  from pkg_resources import parse_version
/usr/local/lib/python3.11/dist-packages/wandb/apis/public.py:3075: UserWarning: pkg_resources is deprecated as an API. See https://setuptools.pypa.io/en/latest/pkg_resources.html. The pkg_resources package is slated for removal as early as 2025-11-30. Refrain from using this package or pin to Setuptools<81.
  from pkg_resources import parse_version
/usr/local/lib/python3.11/dist-packages/wandb/apis/public.py:3075: UserWarning: pkg_resources is deprecated as an API. See https://setuptools.pypa.io/en/latest/pkg_resources.html. The pkg_resources package is slated for removal as early as 2025-11-30. Refrain from using this package or pin to Setuptools<81.
  from pkg_resources import parse_version
/usr/local/lib/python3.11/dist-packages/wandb/apis/public.py:3075: UserWarning: pkg_resources is deprecated as an API. See https://setuptools.pypa.io/en/latest/pkg_resources.html. The pkg_resources package is slated for removal as early as 2025-11-30. Refrain from using this package or pin to Setuptools<81.
  from pkg_resources import parse_version
/usr/local/lib/python3.11/dist-packages/wandb/apis/public.py:3075: UserWarning: pkg_resources is deprecated as an API. See https://setuptools.pypa.io/en/latest/pkg_resources.html. The pkg_resources package is slated for removal as early as 2025-11-30. Refrain from using this package or pin to Setuptools<81.
  from pkg_resources import parse_version
/usr/local/lib/python3.11/dist-packages/wandb/apis/public.py:3075: UserWarning: pkg_resources is deprecated as an API. See https://setuptools.pypa.io/en/latest/pkg_resources.html. The pkg_resources package is slated for removal as early as 2025-11-30. Refrain from using this package or pin to Setuptools<81.
  from pkg_resources import parse_version
/usr/local/lib/python3.11/dist-packages/wandb/apis/public.py:3075: UserWarning: pkg_resources is deprecated as an API. See https://setuptools.pypa.io/en/latest/pkg_resources.html. The pkg_resources package is slated for removal as early as 2025-11-30. Refrain from using this package or pin to Setuptools<81.
  from pkg_resources import parse_version
/usr/local/lib/python3.11/dist-packages/wandb/apis/public.py:3075: UserWarning: pkg_resources is deprecated as an API. See https://setuptools.pypa.io/en/latest/pkg_resources.html. The pkg_resources package is slated for removal as early as 2025-11-30. Refrain from using this package or pin to Setuptools<81.
  from pkg_resources import parse_version
/usr/local/lib/python3.11/dist-packages/wandb/apis/public.py:3075: UserWarning: pkg_resources is deprecated as an API. See https://setuptools.pypa.io/en/latest/pkg_resources.html. The pkg_resources package is slated for removal as early as 2025-11-30. Refrain from using this package or pin to Setuptools<81.
  from pkg_resources import parse_version
/usr/local/lib/python3.11/dist-packages/wandb/apis/public.py:3075: UserWarning: pkg_resources is deprecated as an API. See https://setuptools.pypa.io/en/latest/pkg_resources.html. The pkg_resources package is slated for removal as early as 2025-11-30. Refrain from using this package or pin to Setuptools<81.
  from pkg_resources import parse_version
/usr/local/lib/python3.11/dist-packages/wandb/apis/public.py:3075: UserWarning: pkg_resources is deprecated as an API. See https://setuptools.pypa.io/en/latest/pkg_resources.html. The pkg_resources package is slated for removal as early as 2025-11-30. Refrain from using this package or pin to Setuptools<81.
  from pkg_resources import parse_version
/usr/local/lib/python3.11/dist-packages/wandb/apis/public.py:3075: UserWarning: pkg_resources is deprecated as an API. See https://setuptools.pypa.io/en/latest/pkg_resources.html. The pkg_resources package is slated for removal as early as 2025-11-30. Refrain from using this package or pin to Setuptools<81.
  from pkg_resources import parse_version
/usr/local/lib/python3.11/dist-packages/wandb/apis/public.py:3075: UserWarning: pkg_resources is deprecated as an API. See https://setuptools.pypa.io/en/latest/pkg_resources.html. The pkg_resources package is slated for removal as early as 2025-11-30. Refrain from using this package or pin to Setuptools<81.
  from pkg_resources import parse_version
/usr/local/lib/python3.11/dist-packages/wandb/apis/public.py:3075: UserWarning: pkg_resources is deprecated as an API. See https://setuptools.pypa.io/en/latest/pkg_resources.html. The pkg_resources package is slated for removal as early as 2025-11-30. Refrain from using this package or pin to Setuptools<81.
  from pkg_resources import parse_version
/usr/local/lib/python3.11/dist-packages/wandb/apis/public.py:3075: UserWarning: pkg_resources is deprecated as an API. See https://setuptools.pypa.io/en/latest/pkg_resources.html. The pkg_resources package is slated for removal as early as 2025-11-30. Refrain from using this package or pin to Setuptools<81.
  from pkg_resources import parse_version
/usr/local/lib/python3.11/dist-packages/wandb/apis/public.py:3075: UserWarning: pkg_resources is deprecated as an API. See https://setuptools.pypa.io/en/latest/pkg_resources.html. The pkg_resources package is slated for removal as early as 2025-11-30. Refrain from using this package or pin to Setuptools<81.
  from pkg_resources import parse_version
/usr/local/lib/python3.11/dist-packages/wandb/apis/public.py:3075: UserWarning: pkg_resources is deprecated as an API. See https://setuptools.pypa.io/en/latest/pkg_resources.html. The pkg_resources package is slated for removal as early as 2025-11-30. Refrain from using this package or pin to Setuptools<81.
  from pkg_resources import parse_version
/usr/local/lib/python3.11/dist-packages/wandb/apis/public.py:3075: UserWarning: pkg_resources is deprecated as an API. See https://setuptools.pypa.io/en/latest/pkg_resources.html. The pkg_resources package is slated for removal as early as 2025-11-30. Refrain from using this package or pin to Setuptools<81.
  from pkg_resources import parse_version
/usr/local/lib/python3.11/dist-packages/wandb/apis/public.py:3075: UserWarning: pkg_resources is deprecated as an API. See https://setuptools.pypa.io/en/latest/pkg_resources.html. The pkg_resources package is slated for removal as early as 2025-11-30. Refrain from using this package or pin to Setuptools<81.
  from pkg_resources import parse_version
/usr/local/lib/python3.11/dist-packages/wandb/apis/public.py:3075: UserWarning: pkg_resources is deprecated as an API. See https://setuptools.pypa.io/en/latest/pkg_resources.html. The pkg_resources package is slated for removal as early as 2025-11-30. Refrain from using this package or pin to Setuptools<81.
  from pkg_resources import parse_version
/usr/local/lib/python3.11/dist-packages/wandb/apis/public.py:3075: UserWarning: pkg_resources is deprecated as an API. See https://setuptools.pypa.io/en/latest/pkg_resources.html. The pkg_resources package is slated for removal as early as 2025-11-30. Refrain from using this package or pin to Setuptools<81.
  from pkg_resources import parse_version
/usr/local/lib/python3.11/dist-packages/wandb/apis/public.py:3075: UserWarning: pkg_resources is deprecated as an API. See https://setuptools.pypa.io/en/latest/pkg_resources.html. The pkg_resources package is slated for removal as early as 2025-11-30. Refrain from using this package or pin to Setuptools<81.
  from pkg_resources import parse_version
/usr/local/lib/python3.11/dist-packages/wandb/apis/public.py:3075: UserWarning: pkg_resources is deprecated as an API. See https://setuptools.pypa.io/en/latest/pkg_resources.html. The pkg_resources package is slated for removal as early as 2025-11-30. Refrain from using this package or pin to Setuptools<81.
  from pkg_resources import parse_version
/usr/local/lib/python3.11/dist-packages/wandb/apis/public.py:3075: UserWarning: pkg_resources is deprecated as an API. See https://setuptools.pypa.io/en/latest/pkg_resources.html. The pkg_resources package is slated for removal as early as 2025-11-30. Refrain from using this package or pin to Setuptools<81.
  from pkg_resources import parse_version
/usr/local/lib/python3.11/dist-packages/wandb/apis/public.py:3075: UserWarning: pkg_resources is deprecated as an API. See https://setuptools.pypa.io/en/latest/pkg_resources.html. The pkg_resources package is slated for removal as early as 2025-11-30. Refrain from using this package or pin to Setuptools<81.
  from pkg_resources import parse_version
/usr/local/lib/python3.11/dist-packages/wandb/apis/public.py:3075: UserWarning: pkg_resources is deprecated as an API. See https://setuptools.pypa.io/en/latest/pkg_resources.html. The pkg_resources package is slated for removal as early as 2025-11-30. Refrain from using this package or pin to Setuptools<81.
  from pkg_resources import parse_version
/usr/local/lib/python3.11/dist-packages/wandb/apis/public.py:3075: UserWarning: pkg_resources is deprecated as an API. See https://setuptools.pypa.io/en/latest/pkg_resources.html. The pkg_resources package is slated for removal as early as 2025-11-30. Refrain from using this package or pin to Setuptools<81.
  from pkg_resources import parse_version
/usr/local/lib/python3.11/dist-packages/wandb/apis/public.py:3075: UserWarning: pkg_resources is deprecated as an API. See https://setuptools.pypa.io/en/latest/pkg_resources.html. The pkg_resources package is slated for removal as early as 2025-11-30. Refrain from using this package or pin to Setuptools<81.
  from pkg_resources import parse_version
/usr/local/lib/python3.11/dist-packages/wandb/apis/public.py:3075: UserWarning: pkg_resources is deprecated as an API. See https://setuptools.pypa.io/en/latest/pkg_resources.html. The pkg_resources package is slated for removal as early as 2025-11-30. Refrain from using this package or pin to Setuptools<81.
  from pkg_resources import parse_version
/usr/local/lib/python3.11/dist-packages/wandb/apis/public.py:3075: UserWarning: pkg_resources is deprecated as an API. See https://setuptools.pypa.io/en/latest/pkg_resources.html. The pkg_resources package is slated for removal as early as 2025-11-30. Refrain from using this package or pin to Setuptools<81.
  from pkg_resources import parse_version
/usr/local/lib/python3.11/dist-packages/wandb/apis/public.py:3075: UserWarning: pkg_resources is deprecated as an API. See https://setuptools.pypa.io/en/latest/pkg_resources.html. The pkg_resources package is slated for removal as early as 2025-11-30. Refrain from using this package or pin to Setuptools<81.
  from pkg_resources import parse_version
/usr/local/lib/python3.11/dist-packages/wandb/apis/public.py:3075: UserWarning: pkg_resources is deprecated as an API. See https://setuptools.pypa.io/en/latest/pkg_resources.html. The pkg_resources package is slated for removal as early as 2025-11-30. Refrain from using this package or pin to Setuptools<81.
  from pkg_resources import parse_version
TestLocal: [   0/97]  Time: 25.549 (25.549)  Loss:  0.7617  Acc@1: 81.2500  Acc@5: 96.8750  Samples: 64
TestLocal: [  50/97]  Time: 0.092 (0.591)  Loss:  0.8368  Acc@1: 81.2500  Acc@5: 95.3431  Samples: 3264
TestLocal: [  97/97]  Time: 0.048 (0.351)  Loss:  0.8324  Acc@1: 81.0373  Acc@5: 95.4295  Samples: 6170
TestLocal: [ 100/97]  Time: 0.047 (0.343)  Loss:  0.8326  Acc@1: 81.0306  Acc@5: 95.4267  Samples: 6210
Test: [distributed-summary]  Time: 35.088s  Loss: 0.8494  Acc@1: 80.3840  Acc@5: 95.3220  Samples: 50000
Trainable parameter policy: epoch=11, quant_only=False, policy=all, trainable=28608256, frozen=0
AOQ explore scale ratio update: epoch=11, update=0, active=False, base_ratio=1.0, threshold_ratio=0.0, base_layers=(), selective_margin=0.0, base_quantizers=0, layer_ratios={}, layer_quantizers=0, layer_counts={}, quality_mode=none, quality_layers=(), quality_start_update=0, quality_min_frac=0.0, start_update=0, end_update=0
Trainable parameter update policy: epoch=11, update=0, mode=requires_grad, policy=all, trainable=28608256, frozen=0
Train: 11 [   0/2502 (  0%)]  Loss: 51.425598 (51.4256)  BaseLoss: 51.425598 (51.4256)  RefAttnKL: 0.000e+00 (0.000e+00)  RefLogitKL: 0.000e+00 (0.000e+00)  AnchorRefAttnKL: 0.000e+00 (0.000e+00)  TeacherAttnKL: 0.000e+00 (0.000e+00)  TeacherRel: 0.000e+00 (0.000e+00)  TeacherAttnOut: 0.000e+00 (0.000e+00)  TeacherFeatOut: 0.000e+00 (0.000e+00)  ActScaleAnchor: 0.000e+00 (0.000e+00)  VarTrust: 0.000e+00 (0.000e+00)  DirAnchor: 0.000e+00 (0.000e+00)  BinReg: 0.000e+00 (0.000e+00)  SelBinAnchor: 0.000e+00 (0.000e+00)  ActBinMargin: 0.000e+00 (0.000e+00)  Time: 1.074s,  476.51/s  (1.074s,  476.51/s)  LR: 1.203e-05  RefW: 0.000e+00  AnchorRefW: 0.000e+00  Data: 0.841 (0.841)
Train: 11 [  50/2502 (  2%)]  Loss: 51.394032 (51.4098)  BaseLoss: 51.394032 (51.4098)  RefAttnKL: 0.000e+00 (0.000e+00)  RefLogitKL: 0.000e+00 (0.000e+00)  AnchorRefAttnKL: 0.000e+00 (0.000e+00)  TeacherAttnKL: 0.000e+00 (0.000e+00)  TeacherRel: 0.000e+00 (0.000e+00)  TeacherAttnOut: 0.000e+00 (0.000e+00)  TeacherFeatOut: 0.000e+00 (0.000e+00)  ActScaleAnchor: 0.000e+00 (0.000e+00)  VarTrust: 0.000e+00 (0.000e+00)  DirAnchor: 0.000e+00 (0.000e+00)  BinReg: 0.000e+00 (0.000e+00)  SelBinAnchor: 0.000e+00 (0.000e+00)  ActBinMargin: 0.000e+00 (0.000e+00)  Time: 0.242s, 2114.87/s  (0.247s, 2076.34/s)  LR: 1.202e-05  RefW: 0.000e+00  AnchorRefW: 0.000e+00  Data: 0.005 (0.022)
Train: 11 [ 100/2502 (  4%)]  Loss: 51.425156 (51.4149)  BaseLoss: 51.425156 (51.4149)  RefAttnKL: 0.000e+00 (0.000e+00)  RefLogitKL: 0.000e+00 (0.000e+00)  AnchorRefAttnKL: 0.000e+00 (0.000e+00)  TeacherAttnKL: 0.000e+00 (0.000e+00)  TeacherRel: 0.000e+00 (0.000e+00)  TeacherAttnOut: 0.000e+00 (0.000e+00)  TeacherFeatOut: 0.000e+00 (0.000e+00)  ActScaleAnchor: 0.000e+00 (0.000e+00)  VarTrust: 0.000e+00 (0.000e+00)  DirAnchor: 0.000e+00 (0.000e+00)  BinReg: 0.000e+00 (0.000e+00)  SelBinAnchor: 0.000e+00 (0.000e+00)  ActBinMargin: 0.000e+00 (0.000e+00)  Time: 0.251s, 2042.09/s  (0.238s, 2148.49/s)  LR: 1.201e-05  RefW: 0.000e+00  AnchorRefW: 0.000e+00  Data: 0.006 (0.014)
Train: 11 [ 150/2502 (  6%)]  Loss: 51.422756 (51.4169)  BaseLoss: 51.422756 (51.4169)  RefAttnKL: 0.000e+00 (0.000e+00)  RefLogitKL: 0.000e+00 (0.000e+00)  AnchorRefAttnKL: 0.000e+00 (0.000e+00)  TeacherAttnKL: 0.000e+00 (0.000e+00)  TeacherRel: 0.000e+00 (0.000e+00)  TeacherAttnOut: 0.000e+00 (0.000e+00)  TeacherFeatOut: 0.000e+00 (0.000e+00)  ActScaleAnchor: 0.000e+00 (0.000e+00)  VarTrust: 0.000e+00 (0.000e+00)  DirAnchor: 0.000e+00 (0.000e+00)  BinReg: 0.000e+00 (0.000e+00)  SelBinAnchor: 0.000e+00 (0.000e+00)  ActBinMargin: 0.000e+00 (0.000e+00)  Time: 0.242s, 2115.91/s  (0.236s, 2171.00/s)  LR: 1.200e-05  RefW: 0.000e+00  AnchorRefW: 0.000e+00  Data: 0.006 (0.012)
Train: 11 [ 200/2502 (  8%)]  Loss: 51.413654 (51.4162)  BaseLoss: 51.413654 (51.4162)  RefAttnKL: 0.000e+00 (0.000e+00)  RefLogitKL: 0.000e+00 (0.000e+00)  AnchorRefAttnKL: 0.000e+00 (0.000e+00)  TeacherAttnKL: 0.000e+00 (0.000e+00)  TeacherRel: 0.000e+00 (0.000e+00)  TeacherAttnOut: 0.000e+00 (0.000e+00)  TeacherFeatOut: 0.000e+00 (0.000e+00)  ActScaleAnchor: 0.000e+00 (0.000e+00)  VarTrust: 0.000e+00 (0.000e+00)  DirAnchor: 0.000e+00 (0.000e+00)  BinReg: 0.000e+00 (0.000e+00)  SelBinAnchor: 0.000e+00 (0.000e+00)  ActBinMargin: 0.000e+00 (0.000e+00)  Time: 0.244s, 2101.78/s  (0.234s, 2184.82/s)  LR: 1.200e-05  RefW: 0.000e+00  AnchorRefW: 0.000e+00  Data: 0.006 (0.010)
Train: 11 [ 250/2502 ( 10%)]  Loss: 51.450531 (51.4220)  BaseLoss: 51.450531 (51.4220)  RefAttnKL: 0.000e+00 (0.000e+00)  RefLogitKL: 0.000e+00 (0.000e+00)  AnchorRefAttnKL: 0.000e+00 (0.000e+00)  TeacherAttnKL: 0.000e+00 (0.000e+00)  TeacherRel: 0.000e+00 (0.000e+00)  TeacherAttnOut: 0.000e+00 (0.000e+00)  TeacherFeatOut: 0.000e+00 (0.000e+00)  ActScaleAnchor: 0.000e+00 (0.000e+00)  VarTrust: 0.000e+00 (0.000e+00)  DirAnchor: 0.000e+00 (0.000e+00)  BinReg: 0.000e+00 (0.000e+00)  SelBinAnchor: 0.000e+00 (0.000e+00)  ActBinMargin: 0.000e+00 (0.000e+00)  Time: 0.242s, 2118.29/s  (0.234s, 2192.65/s)  LR: 1.199e-05  RefW: 0.000e+00  AnchorRefW: 0.000e+00  Data: 0.006 (0.009)
Train: 11 [ 300/2502 ( 12%)]  Loss: 51.386230 (51.4169)  BaseLoss: 51.386230 (51.4169)  RefAttnKL: 0.000e+00 (0.000e+00)  RefLogitKL: 0.000e+00 (0.000e+00)  AnchorRefAttnKL: 0.000e+00 (0.000e+00)  TeacherAttnKL: 0.000e+00 (0.000e+00)  TeacherRel: 0.000e+00 (0.000e+00)  TeacherAttnOut: 0.000e+00 (0.000e+00)  TeacherFeatOut: 0.000e+00 (0.000e+00)  ActScaleAnchor: 0.000e+00 (0.000e+00)  VarTrust: 0.000e+00 (0.000e+00)  DirAnchor: 0.000e+00 (0.000e+00)  BinReg: 0.000e+00 (0.000e+00)  SelBinAnchor: 0.000e+00 (0.000e+00)  ActBinMargin: 0.000e+00 (0.000e+00)  Time: 0.242s, 2119.14/s  (0.233s, 2199.05/s)  LR: 1.198e-05  RefW: 0.000e+00  AnchorRefW: 0.000e+00  Data: 0.006 (0.009)
Train: 11 [ 350/2502 ( 14%)]  Loss: 51.438923 (51.4196)  BaseLoss: 51.438923 (51.4196)  RefAttnKL: 0.000e+00 (0.000e+00)  RefLogitKL: 0.000e+00 (0.000e+00)  AnchorRefAttnKL: 0.000e+00 (0.000e+00)  TeacherAttnKL: 0.000e+00 (0.000e+00)  TeacherRel: 0.000e+00 (0.000e+00)  TeacherAttnOut: 0.000e+00 (0.000e+00)  TeacherFeatOut: 0.000e+00 (0.000e+00)  ActScaleAnchor: 0.000e+00 (0.000e+00)  VarTrust: 0.000e+00 (0.000e+00)  DirAnchor: 0.000e+00 (0.000e+00)  BinReg: 0.000e+00 (0.000e+00)  SelBinAnchor: 0.000e+00 (0.000e+00)  ActBinMargin: 0.000e+00 (0.000e+00)  Time: 0.242s, 2115.19/s  (0.232s, 2202.54/s)  LR: 1.197e-05  RefW: 0.000e+00  AnchorRefW: 0.000e+00  Data: 0.006 (0.008)
Train: 11 [ 400/2502 ( 16%)]  Loss: 51.441971 (51.4221)  BaseLoss: 51.441971 (51.4221)  RefAttnKL: 0.000e+00 (0.000e+00)  RefLogitKL: 0.000e+00 (0.000e+00)  AnchorRefAttnKL: 0.000e+00 (0.000e+00)  TeacherAttnKL: 0.000e+00 (0.000e+00)  TeacherRel: 0.000e+00 (0.000e+00)  TeacherAttnOut: 0.000e+00 (0.000e+00)  TeacherFeatOut: 0.000e+00 (0.000e+00)  ActScaleAnchor: 0.000e+00 (0.000e+00)  VarTrust: 0.000e+00 (0.000e+00)  DirAnchor: 0.000e+00 (0.000e+00)  BinReg: 0.000e+00 (0.000e+00)  SelBinAnchor: 0.000e+00 (0.000e+00)  ActBinMargin: 0.000e+00 (0.000e+00)  Time: 0.240s, 2130.33/s  (0.232s, 2206.06/s)  LR: 1.196e-05  RefW: 0.000e+00  AnchorRefW: 0.000e+00  Data: 0.006 (0.008)
Train: 11 [ 450/2502 ( 18%)]  Loss: 51.426430 (51.4225)  BaseLoss: 51.426430 (51.4225)  RefAttnKL: 0.000e+00 (0.000e+00)  RefLogitKL: 0.000e+00 (0.000e+00)  AnchorRefAttnKL: 0.000e+00 (0.000e+00)  TeacherAttnKL: 0.000e+00 (0.000e+00)  TeacherRel: 0.000e+00 (0.000e+00)  TeacherAttnOut: 0.000e+00 (0.000e+00)  TeacherFeatOut: 0.000e+00 (0.000e+00)  ActScaleAnchor: 0.000e+00 (0.000e+00)  VarTrust: 0.000e+00 (0.000e+00)  DirAnchor: 0.000e+00 (0.000e+00)  BinReg: 0.000e+00 (0.000e+00)  SelBinAnchor: 0.000e+00 (0.000e+00)  ActBinMargin: 0.000e+00 (0.000e+00)  Time: 0.240s, 2130.20/s  (0.232s, 2207.59/s)  LR: 1.195e-05  RefW: 0.000e+00  AnchorRefW: 0.000e+00  Data: 0.006 (0.008)
Train: 11 [ 500/2502 ( 20%)]  Loss: 51.427982 (51.4230)  BaseLoss: 51.427982 (51.4230)  RefAttnKL: 0.000e+00 (0.000e+00)  RefLogitKL: 0.000e+00 (0.000e+00)  AnchorRefAttnKL: 0.000e+00 (0.000e+00)  TeacherAttnKL: 0.000e+00 (0.000e+00)  TeacherRel: 0.000e+00 (0.000e+00)  TeacherAttnOut: 0.000e+00 (0.000e+00)  TeacherFeatOut: 0.000e+00 (0.000e+00)  ActScaleAnchor: 0.000e+00 (0.000e+00)  VarTrust: 0.000e+00 (0.000e+00)  DirAnchor: 0.000e+00 (0.000e+00)  BinReg: 0.000e+00 (0.000e+00)  SelBinAnchor: 0.000e+00 (0.000e+00)  ActBinMargin: 0.000e+00 (0.000e+00)  Time: 0.242s, 2116.98/s  (0.232s, 2210.39/s)  LR: 1.194e-05  RefW: 0.000e+00  AnchorRefW: 0.000e+00  Data: 0.006 (0.008)
Train: 11 [ 550/2502 ( 22%)]  Loss: 51.432541 (51.4238)  BaseLoss: 51.432541 (51.4238)  RefAttnKL: 0.000e+00 (0.000e+00)  RefLogitKL: 0.000e+00 (0.000e+00)  AnchorRefAttnKL: 0.000e+00 (0.000e+00)  TeacherAttnKL: 0.000e+00 (0.000e+00)  TeacherRel: 0.000e+00 (0.000e+00)  TeacherAttnOut: 0.000e+00 (0.000e+00)  TeacherFeatOut: 0.000e+00 (0.000e+00)  ActScaleAnchor: 0.000e+00 (0.000e+00)  VarTrust: 0.000e+00 (0.000e+00)  DirAnchor: 0.000e+00 (0.000e+00)  BinReg: 0.000e+00 (0.000e+00)  SelBinAnchor: 0.000e+00 (0.000e+00)  ActBinMargin: 0.000e+00 (0.000e+00)  Time: 0.242s, 2119.14/s  (0.232s, 2211.32/s)  LR: 1.193e-05  RefW: 0.000e+00  AnchorRefW: 0.000e+00  Data: 0.006 (0.008)
Train: 11 [ 600/2502 ( 24%)]  Loss: 51.369648 (51.4197)  BaseLoss: 51.369648 (51.4197)  RefAttnKL: 0.000e+00 (0.000e+00)  RefLogitKL: 0.000e+00 (0.000e+00)  AnchorRefAttnKL: 0.000e+00 (0.000e+00)  TeacherAttnKL: 0.000e+00 (0.000e+00)  TeacherRel: 0.000e+00 (0.000e+00)  TeacherAttnOut: 0.000e+00 (0.000e+00)  TeacherFeatOut: 0.000e+00 (0.000e+00)  ActScaleAnchor: 0.000e+00 (0.000e+00)  VarTrust: 0.000e+00 (0.000e+00)  DirAnchor: 0.000e+00 (0.000e+00)  BinReg: 0.000e+00 (0.000e+00)  SelBinAnchor: 0.000e+00 (0.000e+00)  ActBinMargin: 0.000e+00 (0.000e+00)  Time: 0.241s, 2122.39/s  (0.231s, 2213.09/s)  LR: 1.192e-05  RefW: 0.000e+00  AnchorRefW: 0.000e+00  Data: 0.005 (0.008)
Train: 11 [ 650/2502 ( 26%)]  Loss: 51.410378 (51.4190)  BaseLoss: 51.410378 (51.4190)  RefAttnKL: 0.000e+00 (0.000e+00)  RefLogitKL: 0.000e+00 (0.000e+00)  AnchorRefAttnKL: 0.000e+00 (0.000e+00)  TeacherAttnKL: 0.000e+00 (0.000e+00)  TeacherRel: 0.000e+00 (0.000e+00)  TeacherAttnOut: 0.000e+00 (0.000e+00)  TeacherFeatOut: 0.000e+00 (0.000e+00)  ActScaleAnchor: 0.000e+00 (0.000e+00)  VarTrust: 0.000e+00 (0.000e+00)  DirAnchor: 0.000e+00 (0.000e+00)  BinReg: 0.000e+00 (0.000e+00)  SelBinAnchor: 0.000e+00 (0.000e+00)  ActBinMargin: 0.000e+00 (0.000e+00)  Time: 0.241s, 2120.82/s  (0.231s, 2214.29/s)  LR: 1.191e-05  RefW: 0.000e+00  AnchorRefW: 0.000e+00  Data: 0.005 (0.007)
Train: 11 [ 700/2502 ( 28%)]  Loss: 51.373543 (51.4160)  BaseLoss: 51.373543 (51.4160)  RefAttnKL: 0.000e+00 (0.000e+00)  RefLogitKL: 0.000e+00 (0.000e+00)  AnchorRefAttnKL: 0.000e+00 (0.000e+00)  TeacherAttnKL: 0.000e+00 (0.000e+00)  TeacherRel: 0.000e+00 (0.000e+00)  TeacherAttnOut: 0.000e+00 (0.000e+00)  TeacherFeatOut: 0.000e+00 (0.000e+00)  ActScaleAnchor: 0.000e+00 (0.000e+00)  VarTrust: 0.000e+00 (0.000e+00)  DirAnchor: 0.000e+00 (0.000e+00)  BinReg: 0.000e+00 (0.000e+00)  SelBinAnchor: 0.000e+00 (0.000e+00)  ActBinMargin: 0.000e+00 (0.000e+00)  Time: 0.242s, 2118.74/s  (0.231s, 2215.13/s)  LR: 1.190e-05  RefW: 0.000e+00  AnchorRefW: 0.000e+00  Data: 0.005 (0.007)
Train: 11 [ 750/2502 ( 30%)]  Loss: 51.368004 (51.4130)  BaseLoss: 51.368004 (51.4130)  RefAttnKL: 0.000e+00 (0.000e+00)  RefLogitKL: 0.000e+00 (0.000e+00)  AnchorRefAttnKL: 0.000e+00 (0.000e+00)  TeacherAttnKL: 0.000e+00 (0.000e+00)  TeacherRel: 0.000e+00 (0.000e+00)  TeacherAttnOut: 0.000e+00 (0.000e+00)  TeacherFeatOut: 0.000e+00 (0.000e+00)  ActScaleAnchor: 0.000e+00 (0.000e+00)  VarTrust: 0.000e+00 (0.000e+00)  DirAnchor: 0.000e+00 (0.000e+00)  BinReg: 0.000e+00 (0.000e+00)  SelBinAnchor: 0.000e+00 (0.000e+00)  ActBinMargin: 0.000e+00 (0.000e+00)  Time: 0.255s, 2007.00/s  (0.231s, 2215.30/s)  LR: 1.189e-05  RefW: 0.000e+00  AnchorRefW: 0.000e+00  Data: 0.006 (0.007)
Train: 11 [ 800/2502 ( 32%)]  Loss: 51.396503 (51.4120)  BaseLoss: 51.396503 (51.4120)  RefAttnKL: 0.000e+00 (0.000e+00)  RefLogitKL: 0.000e+00 (0.000e+00)  AnchorRefAttnKL: 0.000e+00 (0.000e+00)  TeacherAttnKL: 0.000e+00 (0.000e+00)  TeacherRel: 0.000e+00 (0.000e+00)  TeacherAttnOut: 0.000e+00 (0.000e+00)  TeacherFeatOut: 0.000e+00 (0.000e+00)  ActScaleAnchor: 0.000e+00 (0.000e+00)  VarTrust: 0.000e+00 (0.000e+00)  DirAnchor: 0.000e+00 (0.000e+00)  BinReg: 0.000e+00 (0.000e+00)  SelBinAnchor: 0.000e+00 (0.000e+00)  ActBinMargin: 0.000e+00 (0.000e+00)  Time: 0.240s, 2130.11/s  (0.231s, 2215.91/s)  LR: 1.188e-05  RefW: 0.000e+00  AnchorRefW: 0.000e+00  Data: 0.006 (0.007)
Train: 11 [ 850/2502 ( 34%)]  Loss: 51.354523 (51.4088)  BaseLoss: 51.354523 (51.4088)  RefAttnKL: 0.000e+00 (0.000e+00)  RefLogitKL: 0.000e+00 (0.000e+00)  AnchorRefAttnKL: 0.000e+00 (0.000e+00)  TeacherAttnKL: 0.000e+00 (0.000e+00)  TeacherRel: 0.000e+00 (0.000e+00)  TeacherAttnOut: 0.000e+00 (0.000e+00)  TeacherFeatOut: 0.000e+00 (0.000e+00)  ActScaleAnchor: 0.000e+00 (0.000e+00)  VarTrust: 0.000e+00 (0.000e+00)  DirAnchor: 0.000e+00 (0.000e+00)  BinReg: 0.000e+00 (0.000e+00)  SelBinAnchor: 0.000e+00 (0.000e+00)  ActBinMargin: 0.000e+00 (0.000e+00)  Time: 0.247s, 2069.23/s  (0.231s, 2216.86/s)  LR: 1.187e-05  RefW: 0.000e+00  AnchorRefW: 0.000e+00  Data: 0.006 (0.007)
Train: 11 [ 900/2502 ( 36%)]  Loss: 51.373123 (51.4069)  BaseLoss: 51.373123 (51.4069)  RefAttnKL: 0.000e+00 (0.000e+00)  RefLogitKL: 0.000e+00 (0.000e+00)  AnchorRefAttnKL: 0.000e+00 (0.000e+00)  TeacherAttnKL: 0.000e+00 (0.000e+00)  TeacherRel: 0.000e+00 (0.000e+00)  TeacherAttnOut: 0.000e+00 (0.000e+00)  TeacherFeatOut: 0.000e+00 (0.000e+00)  ActScaleAnchor: 0.000e+00 (0.000e+00)  VarTrust: 0.000e+00 (0.000e+00)  DirAnchor: 0.000e+00 (0.000e+00)  BinReg: 0.000e+00 (0.000e+00)  SelBinAnchor: 0.000e+00 (0.000e+00)  ActBinMargin: 0.000e+00 (0.000e+00)  Time: 0.241s, 2121.04/s  (0.231s, 2217.45/s)  LR: 1.186e-05  RefW: 0.000e+00  AnchorRefW: 0.000e+00  Data: 0.007 (0.007)
Train: 11 [ 950/2502 ( 38%)]  Loss: 51.401131 (51.4066)  BaseLoss: 51.401131 (51.4066)  RefAttnKL: 0.000e+00 (0.000e+00)  RefLogitKL: 0.000e+00 (0.000e+00)  AnchorRefAttnKL: 0.000e+00 (0.000e+00)  TeacherAttnKL: 0.000e+00 (0.000e+00)  TeacherRel: 0.000e+00 (0.000e+00)  TeacherAttnOut: 0.000e+00 (0.000e+00)  TeacherFeatOut: 0.000e+00 (0.000e+00)  ActScaleAnchor: 0.000e+00 (0.000e+00)  VarTrust: 0.000e+00 (0.000e+00)  DirAnchor: 0.000e+00 (0.000e+00)  BinReg: 0.000e+00 (0.000e+00)  SelBinAnchor: 0.000e+00 (0.000e+00)  ActBinMargin: 0.000e+00 (0.000e+00)  Time: 0.242s, 2118.86/s  (0.231s, 2218.18/s)  LR: 1.185e-05  RefW: 0.000e+00  AnchorRefW: 0.000e+00  Data: 0.006 (0.007)
Train: 11 [1000/2502 ( 40%)]  Loss: 51.397812 (51.4062)  BaseLoss: 51.397812 (51.4062)  RefAttnKL: 0.000e+00 (0.000e+00)  RefLogitKL: 0.000e+00 (0.000e+00)  AnchorRefAttnKL: 0.000e+00 (0.000e+00)  TeacherAttnKL: 0.000e+00 (0.000e+00)  TeacherRel: 0.000e+00 (0.000e+00)  TeacherAttnOut: 0.000e+00 (0.000e+00)  TeacherFeatOut: 0.000e+00 (0.000e+00)  ActScaleAnchor: 0.000e+00 (0.000e+00)  VarTrust: 0.000e+00 (0.000e+00)  DirAnchor: 0.000e+00 (0.000e+00)  BinReg: 0.000e+00 (0.000e+00)  SelBinAnchor: 0.000e+00 (0.000e+00)  ActBinMargin: 0.000e+00 (0.000e+00)  Time: 0.241s, 2125.90/s  (0.231s, 2218.62/s)  LR: 1.184e-05  RefW: 0.000e+00  AnchorRefW: 0.000e+00  Data: 0.005 (0.007)
Train: 11 [1050/2502 ( 42%)]  Loss: 51.380329 (51.4050)  BaseLoss: 51.380329 (51.4050)  RefAttnKL: 0.000e+00 (0.000e+00)  RefLogitKL: 0.000e+00 (0.000e+00)  AnchorRefAttnKL: 0.000e+00 (0.000e+00)  TeacherAttnKL: 0.000e+00 (0.000e+00)  TeacherRel: 0.000e+00 (0.000e+00)  TeacherAttnOut: 0.000e+00 (0.000e+00)  TeacherFeatOut: 0.000e+00 (0.000e+00)  ActScaleAnchor: 0.000e+00 (0.000e+00)  VarTrust: 0.000e+00 (0.000e+00)  DirAnchor: 0.000e+00 (0.000e+00)  BinReg: 0.000e+00 (0.000e+00)  SelBinAnchor: 0.000e+00 (0.000e+00)  ActBinMargin: 0.000e+00 (0.000e+00)  Time: 0.241s, 2122.17/s  (0.231s, 2219.10/s)  LR: 1.183e-05  RefW: 0.000e+00  AnchorRefW: 0.000e+00  Data: 0.005 (0.007)
Train: 11 [1100/2502 ( 44%)]  Loss: 51.335979 (51.4020)  BaseLoss: 51.335979 (51.4020)  RefAttnKL: 0.000e+00 (0.000e+00)  RefLogitKL: 0.000e+00 (0.000e+00)  AnchorRefAttnKL: 0.000e+00 (0.000e+00)  TeacherAttnKL: 0.000e+00 (0.000e+00)  TeacherRel: 0.000e+00 (0.000e+00)  TeacherAttnOut: 0.000e+00 (0.000e+00)  TeacherFeatOut: 0.000e+00 (0.000e+00)  ActScaleAnchor: 0.000e+00 (0.000e+00)  VarTrust: 0.000e+00 (0.000e+00)  DirAnchor: 0.000e+00 (0.000e+00)  BinReg: 0.000e+00 (0.000e+00)  SelBinAnchor: 0.000e+00 (0.000e+00)  ActBinMargin: 0.000e+00 (0.000e+00)  Time: 0.244s, 2097.97/s  (0.231s, 2219.07/s)  LR: 1.182e-05  RefW: 0.000e+00  AnchorRefW: 0.000e+00  Data: 0.006 (0.007)
Train: 11 [1150/2502 ( 46%)]  Loss: 51.421143 (51.4028)  BaseLoss: 51.421143 (51.4028)  RefAttnKL: 0.000e+00 (0.000e+00)  RefLogitKL: 0.000e+00 (0.000e+00)  AnchorRefAttnKL: 0.000e+00 (0.000e+00)  TeacherAttnKL: 0.000e+00 (0.000e+00)  TeacherRel: 0.000e+00 (0.000e+00)  TeacherAttnOut: 0.000e+00 (0.000e+00)  TeacherFeatOut: 0.000e+00 (0.000e+00)  ActScaleAnchor: 0.000e+00 (0.000e+00)  VarTrust: 0.000e+00 (0.000e+00)  DirAnchor: 0.000e+00 (0.000e+00)  BinReg: 0.000e+00 (0.000e+00)  SelBinAnchor: 0.000e+00 (0.000e+00)  ActBinMargin: 0.000e+00 (0.000e+00)  Time: 0.246s, 2082.03/s  (0.231s, 2219.48/s)  LR: 1.181e-05  RefW: 0.000e+00  AnchorRefW: 0.000e+00  Data: 0.007 (0.007)
Train: 11 [1200/2502 ( 48%)]  Loss: 51.382790 (51.4020)  BaseLoss: 51.382790 (51.4020)  RefAttnKL: 0.000e+00 (0.000e+00)  RefLogitKL: 0.000e+00 (0.000e+00)  AnchorRefAttnKL: 0.000e+00 (0.000e+00)  TeacherAttnKL: 0.000e+00 (0.000e+00)  TeacherRel: 0.000e+00 (0.000e+00)  TeacherAttnOut: 0.000e+00 (0.000e+00)  TeacherFeatOut: 0.000e+00 (0.000e+00)  ActScaleAnchor: 0.000e+00 (0.000e+00)  VarTrust: 0.000e+00 (0.000e+00)  DirAnchor: 0.000e+00 (0.000e+00)  BinReg: 0.000e+00 (0.000e+00)  SelBinAnchor: 0.000e+00 (0.000e+00)  ActBinMargin: 0.000e+00 (0.000e+00)  Time: 0.244s, 2095.90/s  (0.231s, 2219.25/s)  LR: 1.180e-05  RefW: 0.000e+00  AnchorRefW: 0.000e+00  Data: 0.006 (0.007)
Train: 11 [1250/2502 ( 50%)]  Loss: 51.423828 (51.4029)  BaseLoss: 51.423828 (51.4029)  RefAttnKL: 0.000e+00 (0.000e+00)  RefLogitKL: 0.000e+00 (0.000e+00)  AnchorRefAttnKL: 0.000e+00 (0.000e+00)  TeacherAttnKL: 0.000e+00 (0.000e+00)  TeacherRel: 0.000e+00 (0.000e+00)  TeacherAttnOut: 0.000e+00 (0.000e+00)  TeacherFeatOut: 0.000e+00 (0.000e+00)  ActScaleAnchor: 0.000e+00 (0.000e+00)  VarTrust: 0.000e+00 (0.000e+00)  DirAnchor: 0.000e+00 (0.000e+00)  BinReg: 0.000e+00 (0.000e+00)  SelBinAnchor: 0.000e+00 (0.000e+00)  ActBinMargin: 0.000e+00 (0.000e+00)  Time: 0.243s, 2108.09/s  (0.231s, 2219.63/s)  LR: 1.179e-05  RefW: 0.000e+00  AnchorRefW: 0.000e+00  Data: 0.006 (0.007)
Train: 11 [1300/2502 ( 52%)]  Loss: 51.416336 (51.4034)  BaseLoss: 51.416336 (51.4034)  RefAttnKL: 0.000e+00 (0.000e+00)  RefLogitKL: 0.000e+00 (0.000e+00)  AnchorRefAttnKL: 0.000e+00 (0.000e+00)  TeacherAttnKL: 0.000e+00 (0.000e+00)  TeacherRel: 0.000e+00 (0.000e+00)  TeacherAttnOut: 0.000e+00 (0.000e+00)  TeacherFeatOut: 0.000e+00 (0.000e+00)  ActScaleAnchor: 0.000e+00 (0.000e+00)  VarTrust: 0.000e+00 (0.000e+00)  DirAnchor: 0.000e+00 (0.000e+00)  BinReg: 0.000e+00 (0.000e+00)  SelBinAnchor: 0.000e+00 (0.000e+00)  ActBinMargin: 0.000e+00 (0.000e+00)  Time: 0.241s, 2124.48/s  (0.231s, 2219.73/s)  LR: 1.178e-05  RefW: 0.000e+00  AnchorRefW: 0.000e+00  Data: 0.006 (0.007)
Train: 11 [1350/2502 ( 54%)]  Loss: 51.411449 (51.4037)  BaseLoss: 51.411449 (51.4037)  RefAttnKL: 0.000e+00 (0.000e+00)  RefLogitKL: 0.000e+00 (0.000e+00)  AnchorRefAttnKL: 0.000e+00 (0.000e+00)  TeacherAttnKL: 0.000e+00 (0.000e+00)  TeacherRel: 0.000e+00 (0.000e+00)  TeacherAttnOut: 0.000e+00 (0.000e+00)  TeacherFeatOut: 0.000e+00 (0.000e+00)  ActScaleAnchor: 0.000e+00 (0.000e+00)  VarTrust: 0.000e+00 (0.000e+00)  DirAnchor: 0.000e+00 (0.000e+00)  BinReg: 0.000e+00 (0.000e+00)  SelBinAnchor: 0.000e+00 (0.000e+00)  ActBinMargin: 0.000e+00 (0.000e+00)  Time: 0.240s, 2131.09/s  (0.231s, 2220.34/s)  LR: 1.177e-05  RefW: 0.000e+00  AnchorRefW: 0.000e+00  Data: 0.005 (0.007)
Train: 11 [1400/2502 ( 56%)]  Loss: 51.394016 (51.4033)  BaseLoss: 51.394016 (51.4033)  RefAttnKL: 0.000e+00 (0.000e+00)  RefLogitKL: 0.000e+00 (0.000e+00)  AnchorRefAttnKL: 0.000e+00 (0.000e+00)  TeacherAttnKL: 0.000e+00 (0.000e+00)  TeacherRel: 0.000e+00 (0.000e+00)  TeacherAttnOut: 0.000e+00 (0.000e+00)  TeacherFeatOut: 0.000e+00 (0.000e+00)  ActScaleAnchor: 0.000e+00 (0.000e+00)  VarTrust: 0.000e+00 (0.000e+00)  DirAnchor: 0.000e+00 (0.000e+00)  BinReg: 0.000e+00 (0.000e+00)  SelBinAnchor: 0.000e+00 (0.000e+00)  ActBinMargin: 0.000e+00 (0.000e+00)  Time: 0.241s, 2122.12/s  (0.231s, 2220.57/s)  LR: 1.176e-05  RefW: 0.000e+00  AnchorRefW: 0.000e+00  Data: 0.005 (0.007)
Train: 11 [1450/2502 ( 58%)]  Loss: 51.410866 (51.4036)  BaseLoss: 51.410866 (51.4036)  RefAttnKL: 0.000e+00 (0.000e+00)  RefLogitKL: 0.000e+00 (0.000e+00)  AnchorRefAttnKL: 0.000e+00 (0.000e+00)  TeacherAttnKL: 0.000e+00 (0.000e+00)  TeacherRel: 0.000e+00 (0.000e+00)  TeacherAttnOut: 0.000e+00 (0.000e+00)  TeacherFeatOut: 0.000e+00 (0.000e+00)  ActScaleAnchor: 0.000e+00 (0.000e+00)  VarTrust: 0.000e+00 (0.000e+00)  DirAnchor: 0.000e+00 (0.000e+00)  BinReg: 0.000e+00 (0.000e+00)  SelBinAnchor: 0.000e+00 (0.000e+00)  ActBinMargin: 0.000e+00 (0.000e+00)  Time: 0.240s, 2133.09/s  (0.231s, 2220.61/s)  LR: 1.175e-05  RefW: 0.000e+00  AnchorRefW: 0.000e+00  Data: 0.006 (0.007)
Train: 11 [1500/2502 ( 60%)]  Loss: 51.419731 (51.4041)  BaseLoss: 51.419731 (51.4041)  RefAttnKL: 0.000e+00 (0.000e+00)  RefLogitKL: 0.000e+00 (0.000e+00)  AnchorRefAttnKL: 0.000e+00 (0.000e+00)  TeacherAttnKL: 0.000e+00 (0.000e+00)  TeacherRel: 0.000e+00 (0.000e+00)  TeacherAttnOut: 0.000e+00 (0.000e+00)  TeacherFeatOut: 0.000e+00 (0.000e+00)  ActScaleAnchor: 0.000e+00 (0.000e+00)  VarTrust: 0.000e+00 (0.000e+00)  DirAnchor: 0.000e+00 (0.000e+00)  BinReg: 0.000e+00 (0.000e+00)  SelBinAnchor: 0.000e+00 (0.000e+00)  ActBinMargin: 0.000e+00 (0.000e+00)  Time: 0.241s, 2121.15/s  (0.231s, 2221.05/s)  LR: 1.174e-05  RefW: 0.000e+00  AnchorRefW: 0.000e+00  Data: 0.005 (0.007)
Train: 11 [1550/2502 ( 62%)]  Loss: 51.415520 (51.4045)  BaseLoss: 51.415520 (51.4045)  RefAttnKL: 0.000e+00 (0.000e+00)  RefLogitKL: 0.000e+00 (0.000e+00)  AnchorRefAttnKL: 0.000e+00 (0.000e+00)  TeacherAttnKL: 0.000e+00 (0.000e+00)  TeacherRel: 0.000e+00 (0.000e+00)  TeacherAttnOut: 0.000e+00 (0.000e+00)  TeacherFeatOut: 0.000e+00 (0.000e+00)  ActScaleAnchor: 0.000e+00 (0.000e+00)  VarTrust: 0.000e+00 (0.000e+00)  DirAnchor: 0.000e+00 (0.000e+00)  BinReg: 0.000e+00 (0.000e+00)  SelBinAnchor: 0.000e+00 (0.000e+00)  ActBinMargin: 0.000e+00 (0.000e+00)  Time: 0.242s, 2112.30/s  (0.231s, 2221.21/s)  LR: 1.173e-05  RefW: 0.000e+00  AnchorRefW: 0.000e+00  Data: 0.006 (0.007)
Train: 11 [1600/2502 ( 64%)]  Loss: 51.400795 (51.4043)  BaseLoss: 51.400795 (51.4043)  RefAttnKL: 0.000e+00 (0.000e+00)  RefLogitKL: 0.000e+00 (0.000e+00)  AnchorRefAttnKL: 0.000e+00 (0.000e+00)  TeacherAttnKL: 0.000e+00 (0.000e+00)  TeacherRel: 0.000e+00 (0.000e+00)  TeacherAttnOut: 0.000e+00 (0.000e+00)  TeacherFeatOut: 0.000e+00 (0.000e+00)  ActScaleAnchor: 0.000e+00 (0.000e+00)  VarTrust: 0.000e+00 (0.000e+00)  DirAnchor: 0.000e+00 (0.000e+00)  BinReg: 0.000e+00 (0.000e+00)  SelBinAnchor: 0.000e+00 (0.000e+00)  ActBinMargin: 0.000e+00 (0.000e+00)  Time: 0.241s, 2128.31/s  (0.230s, 2221.64/s)  LR: 1.172e-05  RefW: 0.000e+00  AnchorRefW: 0.000e+00  Data: 0.006 (0.007)
Train: 11 [1650/2502 ( 66%)]  Loss: 51.424385 (51.4049)  BaseLoss: 51.424385 (51.4049)  RefAttnKL: 0.000e+00 (0.000e+00)  RefLogitKL: 0.000e+00 (0.000e+00)  AnchorRefAttnKL: 0.000e+00 (0.000e+00)  TeacherAttnKL: 0.000e+00 (0.000e+00)  TeacherRel: 0.000e+00 (0.000e+00)  TeacherAttnOut: 0.000e+00 (0.000e+00)  TeacherFeatOut: 0.000e+00 (0.000e+00)  ActScaleAnchor: 0.000e+00 (0.000e+00)  VarTrust: 0.000e+00 (0.000e+00)  DirAnchor: 0.000e+00 (0.000e+00)  BinReg: 0.000e+00 (0.000e+00)  SelBinAnchor: 0.000e+00 (0.000e+00)  ActBinMargin: 0.000e+00 (0.000e+00)  Time: 0.242s, 2119.55/s  (0.230s, 2221.62/s)  LR: 1.171e-05  RefW: 0.000e+00  AnchorRefW: 0.000e+00  Data: 0.005 (0.007)
Train: 11 [1700/2502 ( 68%)]  Loss: 51.423225 (51.4055)  BaseLoss: 51.423225 (51.4055)  RefAttnKL: 0.000e+00 (0.000e+00)  RefLogitKL: 0.000e+00 (0.000e+00)  AnchorRefAttnKL: 0.000e+00 (0.000e+00)  TeacherAttnKL: 0.000e+00 (0.000e+00)  TeacherRel: 0.000e+00 (0.000e+00)  TeacherAttnOut: 0.000e+00 (0.000e+00)  TeacherFeatOut: 0.000e+00 (0.000e+00)  ActScaleAnchor: 0.000e+00 (0.000e+00)  VarTrust: 0.000e+00 (0.000e+00)  DirAnchor: 0.000e+00 (0.000e+00)  BinReg: 0.000e+00 (0.000e+00)  SelBinAnchor: 0.000e+00 (0.000e+00)  ActBinMargin: 0.000e+00 (0.000e+00)  Time: 0.244s, 2102.09/s  (0.230s, 2221.67/s)  LR: 1.170e-05  RefW: 0.000e+00  AnchorRefW: 0.000e+00  Data: 0.005 (0.007)
Train: 11 [1750/2502 ( 70%)]  Loss: 51.409103 (51.4056)  BaseLoss: 51.409103 (51.4056)  RefAttnKL: 0.000e+00 (0.000e+00)  RefLogitKL: 0.000e+00 (0.000e+00)  AnchorRefAttnKL: 0.000e+00 (0.000e+00)  TeacherAttnKL: 0.000e+00 (0.000e+00)  TeacherRel: 0.000e+00 (0.000e+00)  TeacherAttnOut: 0.000e+00 (0.000e+00)  TeacherFeatOut: 0.000e+00 (0.000e+00)  ActScaleAnchor: 0.000e+00 (0.000e+00)  VarTrust: 0.000e+00 (0.000e+00)  DirAnchor: 0.000e+00 (0.000e+00)  BinReg: 0.000e+00 (0.000e+00)  SelBinAnchor: 0.000e+00 (0.000e+00)  ActBinMargin: 0.000e+00 (0.000e+00)  Time: 0.249s, 2053.58/s  (0.230s, 2221.72/s)  LR: 1.169e-05  RefW: 0.000e+00  AnchorRefW: 0.000e+00  Data: 0.005 (0.007)
Train: 11 [1800/2502 ( 72%)]  Loss: 51.401764 (51.4055)  BaseLoss: 51.401764 (51.4055)  RefAttnKL: 0.000e+00 (0.000e+00)  RefLogitKL: 0.000e+00 (0.000e+00)  AnchorRefAttnKL: 0.000e+00 (0.000e+00)  TeacherAttnKL: 0.000e+00 (0.000e+00)  TeacherRel: 0.000e+00 (0.000e+00)  TeacherAttnOut: 0.000e+00 (0.000e+00)  TeacherFeatOut: 0.000e+00 (0.000e+00)  ActScaleAnchor: 0.000e+00 (0.000e+00)  VarTrust: 0.000e+00 (0.000e+00)  DirAnchor: 0.000e+00 (0.000e+00)  BinReg: 0.000e+00 (0.000e+00)  SelBinAnchor: 0.000e+00 (0.000e+00)  ActBinMargin: 0.000e+00 (0.000e+00)  Time: 0.244s, 2100.69/s  (0.230s, 2221.79/s)  LR: 1.168e-05  RefW: 0.000e+00  AnchorRefW: 0.000e+00  Data: 0.006 (0.007)
Train: 11 [1850/2502 ( 74%)]  Loss: 51.382107 (51.4048)  BaseLoss: 51.382107 (51.4048)  RefAttnKL: 0.000e+00 (0.000e+00)  RefLogitKL: 0.000e+00 (0.000e+00)  AnchorRefAttnKL: 0.000e+00 (0.000e+00)  TeacherAttnKL: 0.000e+00 (0.000e+00)  TeacherRel: 0.000e+00 (0.000e+00)  TeacherAttnOut: 0.000e+00 (0.000e+00)  TeacherFeatOut: 0.000e+00 (0.000e+00)  ActScaleAnchor: 0.000e+00 (0.000e+00)  VarTrust: 0.000e+00 (0.000e+00)  DirAnchor: 0.000e+00 (0.000e+00)  BinReg: 0.000e+00 (0.000e+00)  SelBinAnchor: 0.000e+00 (0.000e+00)  ActBinMargin: 0.000e+00 (0.000e+00)  Time: 0.241s, 2125.18/s  (0.230s, 2221.63/s)  LR: 1.167e-05  RefW: 0.000e+00  AnchorRefW: 0.000e+00  Data: 0.005 (0.007)
Train: 11 [1900/2502 ( 76%)]  Loss: 51.410343 (51.4050)  BaseLoss: 51.410343 (51.4050)  RefAttnKL: 0.000e+00 (0.000e+00)  RefLogitKL: 0.000e+00 (0.000e+00)  AnchorRefAttnKL: 0.000e+00 (0.000e+00)  TeacherAttnKL: 0.000e+00 (0.000e+00)  TeacherRel: 0.000e+00 (0.000e+00)  TeacherAttnOut: 0.000e+00 (0.000e+00)  TeacherFeatOut: 0.000e+00 (0.000e+00)  ActScaleAnchor: 0.000e+00 (0.000e+00)  VarTrust: 0.000e+00 (0.000e+00)  DirAnchor: 0.000e+00 (0.000e+00)  BinReg: 0.000e+00 (0.000e+00)  SelBinAnchor: 0.000e+00 (0.000e+00)  ActBinMargin: 0.000e+00 (0.000e+00)  Time: 0.243s, 2108.38/s  (0.230s, 2221.94/s)  LR: 1.166e-05  RefW: 0.000e+00  AnchorRefW: 0.000e+00  Data: 0.005 (0.007)
Train: 11 [1950/2502 ( 78%)]  Loss: 51.439575 (51.4058)  BaseLoss: 51.439575 (51.4058)  RefAttnKL: 0.000e+00 (0.000e+00)  RefLogitKL: 0.000e+00 (0.000e+00)  AnchorRefAttnKL: 0.000e+00 (0.000e+00)  TeacherAttnKL: 0.000e+00 (0.000e+00)  TeacherRel: 0.000e+00 (0.000e+00)  TeacherAttnOut: 0.000e+00 (0.000e+00)  TeacherFeatOut: 0.000e+00 (0.000e+00)  ActScaleAnchor: 0.000e+00 (0.000e+00)  VarTrust: 0.000e+00 (0.000e+00)  DirAnchor: 0.000e+00 (0.000e+00)  BinReg: 0.000e+00 (0.000e+00)  SelBinAnchor: 0.000e+00 (0.000e+00)  ActBinMargin: 0.000e+00 (0.000e+00)  Time: 0.257s, 1992.45/s  (0.230s, 2221.94/s)  LR: 1.165e-05  RefW: 0.000e+00  AnchorRefW: 0.000e+00  Data: 0.006 (0.007)
Train: 11 [2000/2502 ( 80%)]  Loss: 51.406651 (51.4059)  BaseLoss: 51.406651 (51.4059)  RefAttnKL: 0.000e+00 (0.000e+00)  RefLogitKL: 0.000e+00 (0.000e+00)  AnchorRefAttnKL: 0.000e+00 (0.000e+00)  TeacherAttnKL: 0.000e+00 (0.000e+00)  TeacherRel: 0.000e+00 (0.000e+00)  TeacherAttnOut: 0.000e+00 (0.000e+00)  TeacherFeatOut: 0.000e+00 (0.000e+00)  ActScaleAnchor: 0.000e+00 (0.000e+00)  VarTrust: 0.000e+00 (0.000e+00)  DirAnchor: 0.000e+00 (0.000e+00)  BinReg: 0.000e+00 (0.000e+00)  SelBinAnchor: 0.000e+00 (0.000e+00)  ActBinMargin: 0.000e+00 (0.000e+00)  Time: 0.242s, 2114.52/s  (0.230s, 2221.93/s)  LR: 1.164e-05  RefW: 0.000e+00  AnchorRefW: 0.000e+00  Data: 0.006 (0.007)
Train: 11 [2050/2502 ( 82%)]  Loss: 51.365898 (51.4049)  BaseLoss: 51.365898 (51.4049)  RefAttnKL: 0.000e+00 (0.000e+00)  RefLogitKL: 0.000e+00 (0.000e+00)  AnchorRefAttnKL: 0.000e+00 (0.000e+00)  TeacherAttnKL: 0.000e+00 (0.000e+00)  TeacherRel: 0.000e+00 (0.000e+00)  TeacherAttnOut: 0.000e+00 (0.000e+00)  TeacherFeatOut: 0.000e+00 (0.000e+00)  ActScaleAnchor: 0.000e+00 (0.000e+00)  VarTrust: 0.000e+00 (0.000e+00)  DirAnchor: 0.000e+00 (0.000e+00)  BinReg: 0.000e+00 (0.000e+00)  SelBinAnchor: 0.000e+00 (0.000e+00)  ActBinMargin: 0.000e+00 (0.000e+00)  Time: 0.248s, 2063.89/s  (0.230s, 2222.16/s)  LR: 1.163e-05  RefW: 0.000e+00  AnchorRefW: 0.000e+00  Data: 0.007 (0.007)
Train: 11 [2100/2502 ( 84%)]  Loss: 51.387878 (51.4045)  BaseLoss: 51.387878 (51.4045)  RefAttnKL: 0.000e+00 (0.000e+00)  RefLogitKL: 0.000e+00 (0.000e+00)  AnchorRefAttnKL: 0.000e+00 (0.000e+00)  TeacherAttnKL: 0.000e+00 (0.000e+00)  TeacherRel: 0.000e+00 (0.000e+00)  TeacherAttnOut: 0.000e+00 (0.000e+00)  TeacherFeatOut: 0.000e+00 (0.000e+00)  ActScaleAnchor: 0.000e+00 (0.000e+00)  VarTrust: 0.000e+00 (0.000e+00)  DirAnchor: 0.000e+00 (0.000e+00)  BinReg: 0.000e+00 (0.000e+00)  SelBinAnchor: 0.000e+00 (0.000e+00)  ActBinMargin: 0.000e+00 (0.000e+00)  Time: 0.243s, 2106.77/s  (0.230s, 2222.27/s)  LR: 1.162e-05  RefW: 0.000e+00  AnchorRefW: 0.000e+00  Data: 0.006 (0.007)
Train: 11 [2150/2502 ( 86%)]  Loss: 51.390263 (51.4042)  BaseLoss: 51.390263 (51.4042)  RefAttnKL: 0.000e+00 (0.000e+00)  RefLogitKL: 0.000e+00 (0.000e+00)  AnchorRefAttnKL: 0.000e+00 (0.000e+00)  TeacherAttnKL: 0.000e+00 (0.000e+00)  TeacherRel: 0.000e+00 (0.000e+00)  TeacherAttnOut: 0.000e+00 (0.000e+00)  TeacherFeatOut: 0.000e+00 (0.000e+00)  ActScaleAnchor: 0.000e+00 (0.000e+00)  VarTrust: 0.000e+00 (0.000e+00)  DirAnchor: 0.000e+00 (0.000e+00)  BinReg: 0.000e+00 (0.000e+00)  SelBinAnchor: 0.000e+00 (0.000e+00)  ActBinMargin: 0.000e+00 (0.000e+00)  Time: 0.247s, 2072.00/s  (0.230s, 2222.35/s)  LR: 1.161e-05  RefW: 0.000e+00  AnchorRefW: 0.000e+00  Data: 0.007 (0.007)
Train: 11 [2200/2502 ( 88%)]  Loss: 51.401531 (51.4041)  BaseLoss: 51.401531 (51.4041)  RefAttnKL: 0.000e+00 (0.000e+00)  RefLogitKL: 0.000e+00 (0.000e+00)  AnchorRefAttnKL: 0.000e+00 (0.000e+00)  TeacherAttnKL: 0.000e+00 (0.000e+00)  TeacherRel: 0.000e+00 (0.000e+00)  TeacherAttnOut: 0.000e+00 (0.000e+00)  TeacherFeatOut: 0.000e+00 (0.000e+00)  ActScaleAnchor: 0.000e+00 (0.000e+00)  VarTrust: 0.000e+00 (0.000e+00)  DirAnchor: 0.000e+00 (0.000e+00)  BinReg: 0.000e+00 (0.000e+00)  SelBinAnchor: 0.000e+00 (0.000e+00)  ActBinMargin: 0.000e+00 (0.000e+00)  Time: 0.243s, 2106.04/s  (0.230s, 2222.40/s)  LR: 1.160e-05  RefW: 0.000e+00  AnchorRefW: 0.000e+00  Data: 0.007 (0.007)
Train: 11 [2250/2502 ( 90%)]  Loss: 51.381950 (51.4037)  BaseLoss: 51.381950 (51.4037)  RefAttnKL: 0.000e+00 (0.000e+00)  RefLogitKL: 0.000e+00 (0.000e+00)  AnchorRefAttnKL: 0.000e+00 (0.000e+00)  TeacherAttnKL: 0.000e+00 (0.000e+00)  TeacherRel: 0.000e+00 (0.000e+00)  TeacherAttnOut: 0.000e+00 (0.000e+00)  TeacherFeatOut: 0.000e+00 (0.000e+00)  ActScaleAnchor: 0.000e+00 (0.000e+00)  VarTrust: 0.000e+00 (0.000e+00)  DirAnchor: 0.000e+00 (0.000e+00)  BinReg: 0.000e+00 (0.000e+00)  SelBinAnchor: 0.000e+00 (0.000e+00)  ActBinMargin: 0.000e+00 (0.000e+00)  Time: 0.243s, 2108.01/s  (0.230s, 2222.34/s)  LR: 1.159e-05  RefW: 0.000e+00  AnchorRefW: 0.000e+00  Data: 0.006 (0.007)
Train: 11 [2300/2502 ( 92%)]  Loss: 51.431664 (51.4042)  BaseLoss: 51.431664 (51.4042)  RefAttnKL: 0.000e+00 (0.000e+00)  RefLogitKL: 0.000e+00 (0.000e+00)  AnchorRefAttnKL: 0.000e+00 (0.000e+00)  TeacherAttnKL: 0.000e+00 (0.000e+00)  TeacherRel: 0.000e+00 (0.000e+00)  TeacherAttnOut: 0.000e+00 (0.000e+00)  TeacherFeatOut: 0.000e+00 (0.000e+00)  ActScaleAnchor: 0.000e+00 (0.000e+00)  VarTrust: 0.000e+00 (0.000e+00)  DirAnchor: 0.000e+00 (0.000e+00)  BinReg: 0.000e+00 (0.000e+00)  SelBinAnchor: 0.000e+00 (0.000e+00)  ActBinMargin: 0.000e+00 (0.000e+00)  Time: 0.241s, 2122.99/s  (0.230s, 2222.19/s)  LR: 1.159e-05  RefW: 0.000e+00  AnchorRefW: 0.000e+00  Data: 0.007 (0.007)
Train: 11 [2350/2502 ( 94%)]  Loss: 51.424160 (51.4047)  BaseLoss: 51.424160 (51.4047)  RefAttnKL: 0.000e+00 (0.000e+00)  RefLogitKL: 0.000e+00 (0.000e+00)  AnchorRefAttnKL: 0.000e+00 (0.000e+00)  TeacherAttnKL: 0.000e+00 (0.000e+00)  TeacherRel: 0.000e+00 (0.000e+00)  TeacherAttnOut: 0.000e+00 (0.000e+00)  TeacherFeatOut: 0.000e+00 (0.000e+00)  ActScaleAnchor: 0.000e+00 (0.000e+00)  VarTrust: 0.000e+00 (0.000e+00)  DirAnchor: 0.000e+00 (0.000e+00)  BinReg: 0.000e+00 (0.000e+00)  SelBinAnchor: 0.000e+00 (0.000e+00)  ActBinMargin: 0.000e+00 (0.000e+00)  Time: 0.241s, 2120.47/s  (0.230s, 2222.33/s)  LR: 1.158e-05  RefW: 0.000e+00  AnchorRefW: 0.000e+00  Data: 0.007 (0.007)
Train: 11 [2400/2502 ( 96%)]  Loss: 51.382309 (51.4042)  BaseLoss: 51.382309 (51.4042)  RefAttnKL: 0.000e+00 (0.000e+00)  RefLogitKL: 0.000e+00 (0.000e+00)  AnchorRefAttnKL: 0.000e+00 (0.000e+00)  TeacherAttnKL: 0.000e+00 (0.000e+00)  TeacherRel: 0.000e+00 (0.000e+00)  TeacherAttnOut: 0.000e+00 (0.000e+00)  TeacherFeatOut: 0.000e+00 (0.000e+00)  ActScaleAnchor: 0.000e+00 (0.000e+00)  VarTrust: 0.000e+00 (0.000e+00)  DirAnchor: 0.000e+00 (0.000e+00)  BinReg: 0.000e+00 (0.000e+00)  SelBinAnchor: 0.000e+00 (0.000e+00)  ActBinMargin: 0.000e+00 (0.000e+00)  Time: 0.242s, 2112.15/s  (0.230s, 2222.15/s)  LR: 1.157e-05  RefW: 0.000e+00  AnchorRefW: 0.000e+00  Data: 0.006 (0.007)
Train: 11 [2450/2502 ( 98%)]  Loss: 51.416668 (51.4045)  BaseLoss: 51.416668 (51.4045)  RefAttnKL: 0.000e+00 (0.000e+00)  RefLogitKL: 0.000e+00 (0.000e+00)  AnchorRefAttnKL: 0.000e+00 (0.000e+00)  TeacherAttnKL: 0.000e+00 (0.000e+00)  TeacherRel: 0.000e+00 (0.000e+00)  TeacherAttnOut: 0.000e+00 (0.000e+00)  TeacherFeatOut: 0.000e+00 (0.000e+00)  ActScaleAnchor: 0.000e+00 (0.000e+00)  VarTrust: 0.000e+00 (0.000e+00)  DirAnchor: 0.000e+00 (0.000e+00)  BinReg: 0.000e+00 (0.000e+00)  SelBinAnchor: 0.000e+00 (0.000e+00)  ActBinMargin: 0.000e+00 (0.000e+00)  Time: 0.241s, 2120.18/s  (0.230s, 2222.14/s)  LR: 1.156e-05  RefW: 0.000e+00  AnchorRefW: 0.000e+00  Data: 0.006 (0.006)
TrainSummary: epoch=11 updates=2496 avg_step_time=0.230399s samples_per_step=512 samples_per_sec=2222.23
epoch:  11 g['lr']:  1.1546279191970826e-05
model eval
TestLocal: [   0/97]  Time: 0.981 (0.981)  Loss:  0.7885  Acc@1: 81.2500  Acc@5: 95.3125  Samples: 64
TestLocal: [  50/97]  Time: 0.095 (0.110)  Loss:  0.8350  Acc@1: 81.3113  Acc@5: 95.0368  Samples: 3264
TestLocal: [  97/97]  Time: 0.050 (0.101)  Loss:  0.8253  Acc@1: 81.1507  Acc@5: 95.3485  Samples: 6170
TestLocal: [ 100/97]  Time: 0.050 (0.099)  Loss:  0.8253  Acc@1: 81.1272  Acc@5: 95.3462  Samples: 6210
Test: [distributed-summary]  Time: 10.408s  Loss: 0.8444  Acc@1: 80.4540  Acc@5: 95.3280  Samples: 50000
Trainable parameter policy: epoch=12, quant_only=False, policy=all, trainable=28608256, frozen=0
AOQ explore scale ratio update: epoch=12, update=0, active=False, base_ratio=1.0, threshold_ratio=0.0, base_layers=(), selective_margin=0.0, base_quantizers=0, layer_ratios={}, layer_quantizers=0, layer_counts={}, quality_mode=none, quality_layers=(), quality_start_update=0, quality_min_frac=0.0, start_update=0, end_update=0
Trainable parameter update policy: epoch=12, update=0, mode=requires_grad, policy=all, trainable=28608256, frozen=0
Train: 12 [   0/2502 (  0%)]  Loss: 51.396992 (51.3970)  BaseLoss: 51.396992 (51.3970)  RefAttnKL: 0.000e+00 (0.000e+00)  RefLogitKL: 0.000e+00 (0.000e+00)  AnchorRefAttnKL: 0.000e+00 (0.000e+00)  TeacherAttnKL: 0.000e+00 (0.000e+00)  TeacherRel: 0.000e+00 (0.000e+00)  TeacherAttnOut: 0.000e+00 (0.000e+00)  TeacherFeatOut: 0.000e+00 (0.000e+00)  ActScaleAnchor: 0.000e+00 (0.000e+00)  VarTrust: 0.000e+00 (0.000e+00)  DirAnchor: 0.000e+00 (0.000e+00)  BinReg: 0.000e+00 (0.000e+00)  SelBinAnchor: 0.000e+00 (0.000e+00)  ActBinMargin: 0.000e+00 (0.000e+00)  Time: 1.197s,  427.59/s  (1.197s,  427.59/s)  LR: 1.154e-05  RefW: 0.000e+00  AnchorRefW: 0.000e+00  Data: 0.874 (0.874)
Train: 12 [  50/2502 (  2%)]  Loss: 51.389870 (51.3934)  BaseLoss: 51.389870 (51.3934)  RefAttnKL: 0.000e+00 (0.000e+00)  RefLogitKL: 0.000e+00 (0.000e+00)  AnchorRefAttnKL: 0.000e+00 (0.000e+00)  TeacherAttnKL: 0.000e+00 (0.000e+00)  TeacherRel: 0.000e+00 (0.000e+00)  TeacherAttnOut: 0.000e+00 (0.000e+00)  TeacherFeatOut: 0.000e+00 (0.000e+00)  ActScaleAnchor: 0.000e+00 (0.000e+00)  VarTrust: 0.000e+00 (0.000e+00)  DirAnchor: 0.000e+00 (0.000e+00)  BinReg: 0.000e+00 (0.000e+00)  SelBinAnchor: 0.000e+00 (0.000e+00)  ActBinMargin: 0.000e+00 (0.000e+00)  Time: 0.242s, 2111.73/s  (0.250s, 2050.07/s)  LR: 1.153e-05  RefW: 0.000e+00  AnchorRefW: 0.000e+00  Data: 0.005 (0.022)
Train: 12 [ 100/2502 (  4%)]  Loss: 51.408691 (51.3985)  BaseLoss: 51.408691 (51.3985)  RefAttnKL: 0.000e+00 (0.000e+00)  RefLogitKL: 0.000e+00 (0.000e+00)  AnchorRefAttnKL: 0.000e+00 (0.000e+00)  TeacherAttnKL: 0.000e+00 (0.000e+00)  TeacherRel: 0.000e+00 (0.000e+00)  TeacherAttnOut: 0.000e+00 (0.000e+00)  TeacherFeatOut: 0.000e+00 (0.000e+00)  ActScaleAnchor: 0.000e+00 (0.000e+00)  VarTrust: 0.000e+00 (0.000e+00)  DirAnchor: 0.000e+00 (0.000e+00)  BinReg: 0.000e+00 (0.000e+00)  SelBinAnchor: 0.000e+00 (0.000e+00)  ActBinMargin: 0.000e+00 (0.000e+00)  Time: 0.244s, 2096.24/s  (0.240s, 2129.86/s)  LR: 1.152e-05  RefW: 0.000e+00  AnchorRefW: 0.000e+00  Data: 0.006 (0.014)
Train: 12 [ 150/2502 (  6%)]  Loss: 51.414005 (51.4024)  BaseLoss: 51.414005 (51.4024)  RefAttnKL: 0.000e+00 (0.000e+00)  RefLogitKL: 0.000e+00 (0.000e+00)  AnchorRefAttnKL: 0.000e+00 (0.000e+00)  TeacherAttnKL: 0.000e+00 (0.000e+00)  TeacherRel: 0.000e+00 (0.000e+00)  TeacherAttnOut: 0.000e+00 (0.000e+00)  TeacherFeatOut: 0.000e+00 (0.000e+00)  ActScaleAnchor: 0.000e+00 (0.000e+00)  VarTrust: 0.000e+00 (0.000e+00)  DirAnchor: 0.000e+00 (0.000e+00)  BinReg: 0.000e+00 (0.000e+00)  SelBinAnchor: 0.000e+00 (0.000e+00)  ActBinMargin: 0.000e+00 (0.000e+00)  Time: 0.243s, 2111.33/s  (0.237s, 2160.64/s)  LR: 1.152e-05  RefW: 0.000e+00  AnchorRefW: 0.000e+00  Data: 0.006 (0.011)
Train: 12 [ 200/2502 (  8%)]  Loss: 51.375973 (51.3971)  BaseLoss: 51.375973 (51.3971)  RefAttnKL: 0.000e+00 (0.000e+00)  RefLogitKL: 0.000e+00 (0.000e+00)  AnchorRefAttnKL: 0.000e+00 (0.000e+00)  TeacherAttnKL: 0.000e+00 (0.000e+00)  TeacherRel: 0.000e+00 (0.000e+00)  TeacherAttnOut: 0.000e+00 (0.000e+00)  TeacherFeatOut: 0.000e+00 (0.000e+00)  ActScaleAnchor: 0.000e+00 (0.000e+00)  VarTrust: 0.000e+00 (0.000e+00)  DirAnchor: 0.000e+00 (0.000e+00)  BinReg: 0.000e+00 (0.000e+00)  SelBinAnchor: 0.000e+00 (0.000e+00)  ActBinMargin: 0.000e+00 (0.000e+00)  Time: 0.245s, 2088.84/s  (0.236s, 2173.69/s)  LR: 1.151e-05  RefW: 0.000e+00  AnchorRefW: 0.000e+00  Data: 0.005 (0.010)
Train: 12 [ 250/2502 ( 10%)]  Loss: 51.430840 (51.4027)  BaseLoss: 51.430840 (51.4027)  RefAttnKL: 0.000e+00 (0.000e+00)  RefLogitKL: 0.000e+00 (0.000e+00)  AnchorRefAttnKL: 0.000e+00 (0.000e+00)  TeacherAttnKL: 0.000e+00 (0.000e+00)  TeacherRel: 0.000e+00 (0.000e+00)  TeacherAttnOut: 0.000e+00 (0.000e+00)  TeacherFeatOut: 0.000e+00 (0.000e+00)  ActScaleAnchor: 0.000e+00 (0.000e+00)  VarTrust: 0.000e+00 (0.000e+00)  DirAnchor: 0.000e+00 (0.000e+00)  BinReg: 0.000e+00 (0.000e+00)  SelBinAnchor: 0.000e+00 (0.000e+00)  ActBinMargin: 0.000e+00 (0.000e+00)  Time: 0.243s, 2108.76/s  (0.235s, 2181.26/s)  LR: 1.150e-05  RefW: 0.000e+00  AnchorRefW: 0.000e+00  Data: 0.005 (0.009)
Train: 12 [ 300/2502 ( 12%)]  Loss: 51.400688 (51.4024)  BaseLoss: 51.400688 (51.4024)  RefAttnKL: 0.000e+00 (0.000e+00)  RefLogitKL: 0.000e+00 (0.000e+00)  AnchorRefAttnKL: 0.000e+00 (0.000e+00)  TeacherAttnKL: 0.000e+00 (0.000e+00)  TeacherRel: 0.000e+00 (0.000e+00)  TeacherAttnOut: 0.000e+00 (0.000e+00)  TeacherFeatOut: 0.000e+00 (0.000e+00)  ActScaleAnchor: 0.000e+00 (0.000e+00)  VarTrust: 0.000e+00 (0.000e+00)  DirAnchor: 0.000e+00 (0.000e+00)  BinReg: 0.000e+00 (0.000e+00)  SelBinAnchor: 0.000e+00 (0.000e+00)  ActBinMargin: 0.000e+00 (0.000e+00)  Time: 0.242s, 2111.39/s  (0.234s, 2188.26/s)  LR: 1.149e-05  RefW: 0.000e+00  AnchorRefW: 0.000e+00  Data: 0.005 (0.009)
Train: 12 [ 350/2502 ( 14%)]  Loss: 51.449448 (51.4083)  BaseLoss: 51.449448 (51.4083)  RefAttnKL: 0.000e+00 (0.000e+00)  RefLogitKL: 0.000e+00 (0.000e+00)  AnchorRefAttnKL: 0.000e+00 (0.000e+00)  TeacherAttnKL: 0.000e+00 (0.000e+00)  TeacherRel: 0.000e+00 (0.000e+00)  TeacherAttnOut: 0.000e+00 (0.000e+00)  TeacherFeatOut: 0.000e+00 (0.000e+00)  ActScaleAnchor: 0.000e+00 (0.000e+00)  VarTrust: 0.000e+00 (0.000e+00)  DirAnchor: 0.000e+00 (0.000e+00)  BinReg: 0.000e+00 (0.000e+00)  SelBinAnchor: 0.000e+00 (0.000e+00)  ActBinMargin: 0.000e+00 (0.000e+00)  Time: 0.241s, 2121.66/s  (0.233s, 2192.78/s)  LR: 1.148e-05  RefW: 0.000e+00  AnchorRefW: 0.000e+00  Data: 0.005 (0.008)
Train: 12 [ 400/2502 ( 16%)]  Loss: 51.425518 (51.4102)  BaseLoss: 51.425518 (51.4102)  RefAttnKL: 0.000e+00 (0.000e+00)  RefLogitKL: 0.000e+00 (0.000e+00)  AnchorRefAttnKL: 0.000e+00 (0.000e+00)  TeacherAttnKL: 0.000e+00 (0.000e+00)  TeacherRel: 0.000e+00 (0.000e+00)  TeacherAttnOut: 0.000e+00 (0.000e+00)  TeacherFeatOut: 0.000e+00 (0.000e+00)  ActScaleAnchor: 0.000e+00 (0.000e+00)  VarTrust: 0.000e+00 (0.000e+00)  DirAnchor: 0.000e+00 (0.000e+00)  BinReg: 0.000e+00 (0.000e+00)  SelBinAnchor: 0.000e+00 (0.000e+00)  ActBinMargin: 0.000e+00 (0.000e+00)  Time: 0.241s, 2126.79/s  (0.233s, 2197.21/s)  LR: 1.147e-05  RefW: 0.000e+00  AnchorRefW: 0.000e+00  Data: 0.006 (0.008)
Train: 12 [ 450/2502 ( 18%)]  Loss: 51.416309 (51.4108)  BaseLoss: 51.416309 (51.4108)  RefAttnKL: 0.000e+00 (0.000e+00)  RefLogitKL: 0.000e+00 (0.000e+00)  AnchorRefAttnKL: 0.000e+00 (0.000e+00)  TeacherAttnKL: 0.000e+00 (0.000e+00)  TeacherRel: 0.000e+00 (0.000e+00)  TeacherAttnOut: 0.000e+00 (0.000e+00)  TeacherFeatOut: 0.000e+00 (0.000e+00)  ActScaleAnchor: 0.000e+00 (0.000e+00)  VarTrust: 0.000e+00 (0.000e+00)  DirAnchor: 0.000e+00 (0.000e+00)  BinReg: 0.000e+00 (0.000e+00)  SelBinAnchor: 0.000e+00 (0.000e+00)  ActBinMargin: 0.000e+00 (0.000e+00)  Time: 0.244s, 2095.60/s  (0.233s, 2199.80/s)  LR: 1.146e-05  RefW: 0.000e+00  AnchorRefW: 0.000e+00  Data: 0.005 (0.008)
Train: 12 [ 500/2502 ( 20%)]  Loss: 51.441784 (51.4136)  BaseLoss: 51.441784 (51.4136)  RefAttnKL: 0.000e+00 (0.000e+00)  RefLogitKL: 0.000e+00 (0.000e+00)  AnchorRefAttnKL: 0.000e+00 (0.000e+00)  TeacherAttnKL: 0.000e+00 (0.000e+00)  TeacherRel: 0.000e+00 (0.000e+00)  TeacherAttnOut: 0.000e+00 (0.000e+00)  TeacherFeatOut: 0.000e+00 (0.000e+00)  ActScaleAnchor: 0.000e+00 (0.000e+00)  VarTrust: 0.000e+00 (0.000e+00)  DirAnchor: 0.000e+00 (0.000e+00)  BinReg: 0.000e+00 (0.000e+00)  SelBinAnchor: 0.000e+00 (0.000e+00)  ActBinMargin: 0.000e+00 (0.000e+00)  Time: 0.244s, 2095.77/s  (0.233s, 2202.04/s)  LR: 1.145e-05  RefW: 0.000e+00  AnchorRefW: 0.000e+00  Data: 0.007 (0.007)
Train: 12 [ 550/2502 ( 22%)]  Loss: 51.433331 (51.4153)  BaseLoss: 51.433331 (51.4153)  RefAttnKL: 0.000e+00 (0.000e+00)  RefLogitKL: 0.000e+00 (0.000e+00)  AnchorRefAttnKL: 0.000e+00 (0.000e+00)  TeacherAttnKL: 0.000e+00 (0.000e+00)  TeacherRel: 0.000e+00 (0.000e+00)  TeacherAttnOut: 0.000e+00 (0.000e+00)  TeacherFeatOut: 0.000e+00 (0.000e+00)  ActScaleAnchor: 0.000e+00 (0.000e+00)  VarTrust: 0.000e+00 (0.000e+00)  DirAnchor: 0.000e+00 (0.000e+00)  BinReg: 0.000e+00 (0.000e+00)  SelBinAnchor: 0.000e+00 (0.000e+00)  ActBinMargin: 0.000e+00 (0.000e+00)  Time: 0.241s, 2120.74/s  (0.233s, 2201.55/s)  LR: 1.144e-05  RefW: 0.000e+00  AnchorRefW: 0.000e+00  Data: 0.007 (0.007)
Train: 12 [ 600/2502 ( 24%)]  Loss: 51.356998 (51.4108)  BaseLoss: 51.356998 (51.4108)  RefAttnKL: 0.000e+00 (0.000e+00)  RefLogitKL: 0.000e+00 (0.000e+00)  AnchorRefAttnKL: 0.000e+00 (0.000e+00)  TeacherAttnKL: 0.000e+00 (0.000e+00)  TeacherRel: 0.000e+00 (0.000e+00)  TeacherAttnOut: 0.000e+00 (0.000e+00)  TeacherFeatOut: 0.000e+00 (0.000e+00)  ActScaleAnchor: 0.000e+00 (0.000e+00)  VarTrust: 0.000e+00 (0.000e+00)  DirAnchor: 0.000e+00 (0.000e+00)  BinReg: 0.000e+00 (0.000e+00)  SelBinAnchor: 0.000e+00 (0.000e+00)  ActBinMargin: 0.000e+00 (0.000e+00)  Time: 0.242s, 2113.00/s  (0.232s, 2202.63/s)  LR: 1.142e-05  RefW: 0.000e+00  AnchorRefW: 0.000e+00  Data: 0.006 (0.007)
Train: 12 [ 650/2502 ( 26%)]  Loss: 51.424103 (51.4118)  BaseLoss: 51.424103 (51.4118)  RefAttnKL: 0.000e+00 (0.000e+00)  RefLogitKL: 0.000e+00 (0.000e+00)  AnchorRefAttnKL: 0.000e+00 (0.000e+00)  TeacherAttnKL: 0.000e+00 (0.000e+00)  TeacherRel: 0.000e+00 (0.000e+00)  TeacherAttnOut: 0.000e+00 (0.000e+00)  TeacherFeatOut: 0.000e+00 (0.000e+00)  ActScaleAnchor: 0.000e+00 (0.000e+00)  VarTrust: 0.000e+00 (0.000e+00)  DirAnchor: 0.000e+00 (0.000e+00)  BinReg: 0.000e+00 (0.000e+00)  SelBinAnchor: 0.000e+00 (0.000e+00)  ActBinMargin: 0.000e+00 (0.000e+00)  Time: 0.244s, 2098.16/s  (0.232s, 2203.79/s)  LR: 1.141e-05  RefW: 0.000e+00  AnchorRefW: 0.000e+00  Data: 0.005 (0.007)
Train: 12 [ 700/2502 ( 28%)]  Loss: 51.376804 (51.4094)  BaseLoss: 51.376804 (51.4094)  RefAttnKL: 0.000e+00 (0.000e+00)  RefLogitKL: 0.000e+00 (0.000e+00)  AnchorRefAttnKL: 0.000e+00 (0.000e+00)  TeacherAttnKL: 0.000e+00 (0.000e+00)  TeacherRel: 0.000e+00 (0.000e+00)  TeacherAttnOut: 0.000e+00 (0.000e+00)  TeacherFeatOut: 0.000e+00 (0.000e+00)  ActScaleAnchor: 0.000e+00 (0.000e+00)  VarTrust: 0.000e+00 (0.000e+00)  DirAnchor: 0.000e+00 (0.000e+00)  BinReg: 0.000e+00 (0.000e+00)  SelBinAnchor: 0.000e+00 (0.000e+00)  ActBinMargin: 0.000e+00 (0.000e+00)  Time: 0.243s, 2102.88/s  (0.232s, 2204.75/s)  LR: 1.140e-05  RefW: 0.000e+00  AnchorRefW: 0.000e+00  Data: 0.005 (0.007)
Train: 12 [ 750/2502 ( 30%)]  Loss: 51.369759 (51.4069)  BaseLoss: 51.369759 (51.4069)  RefAttnKL: 0.000e+00 (0.000e+00)  RefLogitKL: 0.000e+00 (0.000e+00)  AnchorRefAttnKL: 0.000e+00 (0.000e+00)  TeacherAttnKL: 0.000e+00 (0.000e+00)  TeacherRel: 0.000e+00 (0.000e+00)  TeacherAttnOut: 0.000e+00 (0.000e+00)  TeacherFeatOut: 0.000e+00 (0.000e+00)  ActScaleAnchor: 0.000e+00 (0.000e+00)  VarTrust: 0.000e+00 (0.000e+00)  DirAnchor: 0.000e+00 (0.000e+00)  BinReg: 0.000e+00 (0.000e+00)  SelBinAnchor: 0.000e+00 (0.000e+00)  ActBinMargin: 0.000e+00 (0.000e+00)  Time: 0.231s, 2219.64/s  (0.232s, 2205.57/s)  LR: 1.139e-05  RefW: 0.000e+00  AnchorRefW: 0.000e+00  Data: 0.005 (0.007)
Train: 12 [ 800/2502 ( 32%)]  Loss: 51.401306 (51.4066)  BaseLoss: 51.401306 (51.4066)  RefAttnKL: 0.000e+00 (0.000e+00)  RefLogitKL: 0.000e+00 (0.000e+00)  AnchorRefAttnKL: 0.000e+00 (0.000e+00)  TeacherAttnKL: 0.000e+00 (0.000e+00)  TeacherRel: 0.000e+00 (0.000e+00)  TeacherAttnOut: 0.000e+00 (0.000e+00)  TeacherFeatOut: 0.000e+00 (0.000e+00)  ActScaleAnchor: 0.000e+00 (0.000e+00)  VarTrust: 0.000e+00 (0.000e+00)  DirAnchor: 0.000e+00 (0.000e+00)  BinReg: 0.000e+00 (0.000e+00)  SelBinAnchor: 0.000e+00 (0.000e+00)  ActBinMargin: 0.000e+00 (0.000e+00)  Time: 0.243s, 2103.66/s  (0.232s, 2206.74/s)  LR: 1.138e-05  RefW: 0.000e+00  AnchorRefW: 0.000e+00  Data: 0.005 (0.007)
Train: 12 [ 850/2502 ( 34%)]  Loss: 51.371990 (51.4047)  BaseLoss: 51.371990 (51.4047)  RefAttnKL: 0.000e+00 (0.000e+00)  RefLogitKL: 0.000e+00 (0.000e+00)  AnchorRefAttnKL: 0.000e+00 (0.000e+00)  TeacherAttnKL: 0.000e+00 (0.000e+00)  TeacherRel: 0.000e+00 (0.000e+00)  TeacherAttnOut: 0.000e+00 (0.000e+00)  TeacherFeatOut: 0.000e+00 (0.000e+00)  ActScaleAnchor: 0.000e+00 (0.000e+00)  VarTrust: 0.000e+00 (0.000e+00)  DirAnchor: 0.000e+00 (0.000e+00)  BinReg: 0.000e+00 (0.000e+00)  SelBinAnchor: 0.000e+00 (0.000e+00)  ActBinMargin: 0.000e+00 (0.000e+00)  Time: 0.245s, 2090.46/s  (0.232s, 2207.17/s)  LR: 1.137e-05  RefW: 0.000e+00  AnchorRefW: 0.000e+00  Data: 0.005 (0.007)
Train: 12 [ 900/2502 ( 36%)]  Loss: 51.379002 (51.4033)  BaseLoss: 51.379002 (51.4033)  RefAttnKL: 0.000e+00 (0.000e+00)  RefLogitKL: 0.000e+00 (0.000e+00)  AnchorRefAttnKL: 0.000e+00 (0.000e+00)  TeacherAttnKL: 0.000e+00 (0.000e+00)  TeacherRel: 0.000e+00 (0.000e+00)  TeacherAttnOut: 0.000e+00 (0.000e+00)  TeacherFeatOut: 0.000e+00 (0.000e+00)  ActScaleAnchor: 0.000e+00 (0.000e+00)  VarTrust: 0.000e+00 (0.000e+00)  DirAnchor: 0.000e+00 (0.000e+00)  BinReg: 0.000e+00 (0.000e+00)  SelBinAnchor: 0.000e+00 (0.000e+00)  ActBinMargin: 0.000e+00 (0.000e+00)  Time: 0.246s, 2080.04/s  (0.232s, 2207.29/s)  LR: 1.136e-05  RefW: 0.000e+00  AnchorRefW: 0.000e+00  Data: 0.007 (0.007)
Train: 12 [ 950/2502 ( 38%)]  Loss: 51.396706 (51.4030)  BaseLoss: 51.396706 (51.4030)  RefAttnKL: 0.000e+00 (0.000e+00)  RefLogitKL: 0.000e+00 (0.000e+00)  AnchorRefAttnKL: 0.000e+00 (0.000e+00)  TeacherAttnKL: 0.000e+00 (0.000e+00)  TeacherRel: 0.000e+00 (0.000e+00)  TeacherAttnOut: 0.000e+00 (0.000e+00)  TeacherFeatOut: 0.000e+00 (0.000e+00)  ActScaleAnchor: 0.000e+00 (0.000e+00)  VarTrust: 0.000e+00 (0.000e+00)  DirAnchor: 0.000e+00 (0.000e+00)  BinReg: 0.000e+00 (0.000e+00)  SelBinAnchor: 0.000e+00 (0.000e+00)  ActBinMargin: 0.000e+00 (0.000e+00)  Time: 0.243s, 2103.08/s  (0.232s, 2207.80/s)  LR: 1.135e-05  RefW: 0.000e+00  AnchorRefW: 0.000e+00  Data: 0.006 (0.007)
Train: 12 [1000/2502 ( 40%)]  Loss: 51.410477 (51.4034)  BaseLoss: 51.410477 (51.4034)  RefAttnKL: 0.000e+00 (0.000e+00)  RefLogitKL: 0.000e+00 (0.000e+00)  AnchorRefAttnKL: 0.000e+00 (0.000e+00)  TeacherAttnKL: 0.000e+00 (0.000e+00)  TeacherRel: 0.000e+00 (0.000e+00)  TeacherAttnOut: 0.000e+00 (0.000e+00)  TeacherFeatOut: 0.000e+00 (0.000e+00)  ActScaleAnchor: 0.000e+00 (0.000e+00)  VarTrust: 0.000e+00 (0.000e+00)  DirAnchor: 0.000e+00 (0.000e+00)  BinReg: 0.000e+00 (0.000e+00)  SelBinAnchor: 0.000e+00 (0.000e+00)  ActBinMargin: 0.000e+00 (0.000e+00)  Time: 0.243s, 2109.03/s  (0.232s, 2207.93/s)  LR: 1.134e-05  RefW: 0.000e+00  AnchorRefW: 0.000e+00  Data: 0.006 (0.007)
Train: 12 [1050/2502 ( 42%)]  Loss: 51.396091 (51.4030)  BaseLoss: 51.396091 (51.4030)  RefAttnKL: 0.000e+00 (0.000e+00)  RefLogitKL: 0.000e+00 (0.000e+00)  AnchorRefAttnKL: 0.000e+00 (0.000e+00)  TeacherAttnKL: 0.000e+00 (0.000e+00)  TeacherRel: 0.000e+00 (0.000e+00)  TeacherAttnOut: 0.000e+00 (0.000e+00)  TeacherFeatOut: 0.000e+00 (0.000e+00)  ActScaleAnchor: 0.000e+00 (0.000e+00)  VarTrust: 0.000e+00 (0.000e+00)  DirAnchor: 0.000e+00 (0.000e+00)  BinReg: 0.000e+00 (0.000e+00)  SelBinAnchor: 0.000e+00 (0.000e+00)  ActBinMargin: 0.000e+00 (0.000e+00)  Time: 0.242s, 2112.02/s  (0.232s, 2208.60/s)  LR: 1.133e-05  RefW: 0.000e+00  AnchorRefW: 0.000e+00  Data: 0.006 (0.007)
Train: 12 [1100/2502 ( 44%)]  Loss: 51.371010 (51.4016)  BaseLoss: 51.371010 (51.4016)  RefAttnKL: 0.000e+00 (0.000e+00)  RefLogitKL: 0.000e+00 (0.000e+00)  AnchorRefAttnKL: 0.000e+00 (0.000e+00)  TeacherAttnKL: 0.000e+00 (0.000e+00)  TeacherRel: 0.000e+00 (0.000e+00)  TeacherAttnOut: 0.000e+00 (0.000e+00)  TeacherFeatOut: 0.000e+00 (0.000e+00)  ActScaleAnchor: 0.000e+00 (0.000e+00)  VarTrust: 0.000e+00 (0.000e+00)  DirAnchor: 0.000e+00 (0.000e+00)  BinReg: 0.000e+00 (0.000e+00)  SelBinAnchor: 0.000e+00 (0.000e+00)  ActBinMargin: 0.000e+00 (0.000e+00)  Time: 0.242s, 2113.51/s  (0.232s, 2208.40/s)  LR: 1.132e-05  RefW: 0.000e+00  AnchorRefW: 0.000e+00  Data: 0.006 (0.007)
Train: 12 [1150/2502 ( 46%)]  Loss: 51.403469 (51.4017)  BaseLoss: 51.403469 (51.4017)  RefAttnKL: 0.000e+00 (0.000e+00)  RefLogitKL: 0.000e+00 (0.000e+00)  AnchorRefAttnKL: 0.000e+00 (0.000e+00)  TeacherAttnKL: 0.000e+00 (0.000e+00)  TeacherRel: 0.000e+00 (0.000e+00)  TeacherAttnOut: 0.000e+00 (0.000e+00)  TeacherFeatOut: 0.000e+00 (0.000e+00)  ActScaleAnchor: 0.000e+00 (0.000e+00)  VarTrust: 0.000e+00 (0.000e+00)  DirAnchor: 0.000e+00 (0.000e+00)  BinReg: 0.000e+00 (0.000e+00)  SelBinAnchor: 0.000e+00 (0.000e+00)  ActBinMargin: 0.000e+00 (0.000e+00)  Time: 0.243s, 2104.56/s  (0.232s, 2208.93/s)  LR: 1.131e-05  RefW: 0.000e+00  AnchorRefW: 0.000e+00  Data: 0.006 (0.006)
Train: 12 [1200/2502 ( 48%)]  Loss: 51.379219 (51.4008)  BaseLoss: 51.379219 (51.4008)  RefAttnKL: 0.000e+00 (0.000e+00)  RefLogitKL: 0.000e+00 (0.000e+00)  AnchorRefAttnKL: 0.000e+00 (0.000e+00)  TeacherAttnKL: 0.000e+00 (0.000e+00)  TeacherRel: 0.000e+00 (0.000e+00)  TeacherAttnOut: 0.000e+00 (0.000e+00)  TeacherFeatOut: 0.000e+00 (0.000e+00)  ActScaleAnchor: 0.000e+00 (0.000e+00)  VarTrust: 0.000e+00 (0.000e+00)  DirAnchor: 0.000e+00 (0.000e+00)  BinReg: 0.000e+00 (0.000e+00)  SelBinAnchor: 0.000e+00 (0.000e+00)  ActBinMargin: 0.000e+00 (0.000e+00)  Time: 0.244s, 2095.22/s  (0.232s, 2209.30/s)  LR: 1.130e-05  RefW: 0.000e+00  AnchorRefW: 0.000e+00  Data: 0.005 (0.006)
Train: 12 [1250/2502 ( 50%)]  Loss: 51.404022 (51.4009)  BaseLoss: 51.404022 (51.4009)  RefAttnKL: 0.000e+00 (0.000e+00)  RefLogitKL: 0.000e+00 (0.000e+00)  AnchorRefAttnKL: 0.000e+00 (0.000e+00)  TeacherAttnKL: 0.000e+00 (0.000e+00)  TeacherRel: 0.000e+00 (0.000e+00)  TeacherAttnOut: 0.000e+00 (0.000e+00)  TeacherFeatOut: 0.000e+00 (0.000e+00)  ActScaleAnchor: 0.000e+00 (0.000e+00)  VarTrust: 0.000e+00 (0.000e+00)  DirAnchor: 0.000e+00 (0.000e+00)  BinReg: 0.000e+00 (0.000e+00)  SelBinAnchor: 0.000e+00 (0.000e+00)  ActBinMargin: 0.000e+00 (0.000e+00)  Time: 0.242s, 2115.95/s  (0.232s, 2210.04/s)  LR: 1.129e-05  RefW: 0.000e+00  AnchorRefW: 0.000e+00  Data: 0.006 (0.006)
Train: 12 [1300/2502 ( 52%)]  Loss: 51.430202 (51.4020)  BaseLoss: 51.430202 (51.4020)  RefAttnKL: 0.000e+00 (0.000e+00)  RefLogitKL: 0.000e+00 (0.000e+00)  AnchorRefAttnKL: 0.000e+00 (0.000e+00)  TeacherAttnKL: 0.000e+00 (0.000e+00)  TeacherRel: 0.000e+00 (0.000e+00)  TeacherAttnOut: 0.000e+00 (0.000e+00)  TeacherFeatOut: 0.000e+00 (0.000e+00)  ActScaleAnchor: 0.000e+00 (0.000e+00)  VarTrust: 0.000e+00 (0.000e+00)  DirAnchor: 0.000e+00 (0.000e+00)  BinReg: 0.000e+00 (0.000e+00)  SelBinAnchor: 0.000e+00 (0.000e+00)  ActBinMargin: 0.000e+00 (0.000e+00)  Time: 0.242s, 2111.66/s  (0.232s, 2210.25/s)  LR: 1.128e-05  RefW: 0.000e+00  AnchorRefW: 0.000e+00  Data: 0.006 (0.006)
Train: 12 [1350/2502 ( 54%)]  Loss: 51.403320 (51.4021)  BaseLoss: 51.403320 (51.4021)  RefAttnKL: 0.000e+00 (0.000e+00)  RefLogitKL: 0.000e+00 (0.000e+00)  AnchorRefAttnKL: 0.000e+00 (0.000e+00)  TeacherAttnKL: 0.000e+00 (0.000e+00)  TeacherRel: 0.000e+00 (0.000e+00)  TeacherAttnOut: 0.000e+00 (0.000e+00)  TeacherFeatOut: 0.000e+00 (0.000e+00)  ActScaleAnchor: 0.000e+00 (0.000e+00)  VarTrust: 0.000e+00 (0.000e+00)  DirAnchor: 0.000e+00 (0.000e+00)  BinReg: 0.000e+00 (0.000e+00)  SelBinAnchor: 0.000e+00 (0.000e+00)  ActBinMargin: 0.000e+00 (0.000e+00)  Time: 0.244s, 2098.82/s  (0.232s, 2210.57/s)  LR: 1.127e-05  RefW: 0.000e+00  AnchorRefW: 0.000e+00  Data: 0.006 (0.006)
Train: 12 [1400/2502 ( 56%)]  Loss: 51.414543 (51.4025)  BaseLoss: 51.414543 (51.4025)  RefAttnKL: 0.000e+00 (0.000e+00)  RefLogitKL: 0.000e+00 (0.000e+00)  AnchorRefAttnKL: 0.000e+00 (0.000e+00)  TeacherAttnKL: 0.000e+00 (0.000e+00)  TeacherRel: 0.000e+00 (0.000e+00)  TeacherAttnOut: 0.000e+00 (0.000e+00)  TeacherFeatOut: 0.000e+00 (0.000e+00)  ActScaleAnchor: 0.000e+00 (0.000e+00)  VarTrust: 0.000e+00 (0.000e+00)  DirAnchor: 0.000e+00 (0.000e+00)  BinReg: 0.000e+00 (0.000e+00)  SelBinAnchor: 0.000e+00 (0.000e+00)  ActBinMargin: 0.000e+00 (0.000e+00)  Time: 0.240s, 2131.44/s  (0.232s, 2210.33/s)  LR: 1.126e-05  RefW: 0.000e+00  AnchorRefW: 0.000e+00  Data: 0.006 (0.006)
Train: 12 [1450/2502 ( 58%)]  Loss: 51.428406 (51.4034)  BaseLoss: 51.428406 (51.4034)  RefAttnKL: 0.000e+00 (0.000e+00)  RefLogitKL: 0.000e+00 (0.000e+00)  AnchorRefAttnKL: 0.000e+00 (0.000e+00)  TeacherAttnKL: 0.000e+00 (0.000e+00)  TeacherRel: 0.000e+00 (0.000e+00)  TeacherAttnOut: 0.000e+00 (0.000e+00)  TeacherFeatOut: 0.000e+00 (0.000e+00)  ActScaleAnchor: 0.000e+00 (0.000e+00)  VarTrust: 0.000e+00 (0.000e+00)  DirAnchor: 0.000e+00 (0.000e+00)  BinReg: 0.000e+00 (0.000e+00)  SelBinAnchor: 0.000e+00 (0.000e+00)  ActBinMargin: 0.000e+00 (0.000e+00)  Time: 0.241s, 2126.34/s  (0.232s, 2210.43/s)  LR: 1.125e-05  RefW: 0.000e+00  AnchorRefW: 0.000e+00  Data: 0.006 (0.006)
Train: 12 [1500/2502 ( 60%)]  Loss: 51.422108 (51.4040)  BaseLoss: 51.422108 (51.4040)  RefAttnKL: 0.000e+00 (0.000e+00)  RefLogitKL: 0.000e+00 (0.000e+00)  AnchorRefAttnKL: 0.000e+00 (0.000e+00)  TeacherAttnKL: 0.000e+00 (0.000e+00)  TeacherRel: 0.000e+00 (0.000e+00)  TeacherAttnOut: 0.000e+00 (0.000e+00)  TeacherFeatOut: 0.000e+00 (0.000e+00)  ActScaleAnchor: 0.000e+00 (0.000e+00)  VarTrust: 0.000e+00 (0.000e+00)  DirAnchor: 0.000e+00 (0.000e+00)  BinReg: 0.000e+00 (0.000e+00)  SelBinAnchor: 0.000e+00 (0.000e+00)  ActBinMargin: 0.000e+00 (0.000e+00)  Time: 0.242s, 2115.27/s  (0.232s, 2210.83/s)  LR: 1.124e-05  RefW: 0.000e+00  AnchorRefW: 0.000e+00  Data: 0.005 (0.006)
Train: 12 [1550/2502 ( 62%)]  Loss: 51.416256 (51.4044)  BaseLoss: 51.416256 (51.4044)  RefAttnKL: 0.000e+00 (0.000e+00)  RefLogitKL: 0.000e+00 (0.000e+00)  AnchorRefAttnKL: 0.000e+00 (0.000e+00)  TeacherAttnKL: 0.000e+00 (0.000e+00)  TeacherRel: 0.000e+00 (0.000e+00)  TeacherAttnOut: 0.000e+00 (0.000e+00)  TeacherFeatOut: 0.000e+00 (0.000e+00)  ActScaleAnchor: 0.000e+00 (0.000e+00)  VarTrust: 0.000e+00 (0.000e+00)  DirAnchor: 0.000e+00 (0.000e+00)  BinReg: 0.000e+00 (0.000e+00)  SelBinAnchor: 0.000e+00 (0.000e+00)  ActBinMargin: 0.000e+00 (0.000e+00)  Time: 0.242s, 2112.18/s  (0.232s, 2211.06/s)  LR: 1.123e-05  RefW: 0.000e+00  AnchorRefW: 0.000e+00  Data: 0.006 (0.006)
Train: 12 [1600/2502 ( 64%)]  Loss: 51.388939 (51.4039)  BaseLoss: 51.388939 (51.4039)  RefAttnKL: 0.000e+00 (0.000e+00)  RefLogitKL: 0.000e+00 (0.000e+00)  AnchorRefAttnKL: 0.000e+00 (0.000e+00)  TeacherAttnKL: 0.000e+00 (0.000e+00)  TeacherRel: 0.000e+00 (0.000e+00)  TeacherAttnOut: 0.000e+00 (0.000e+00)  TeacherFeatOut: 0.000e+00 (0.000e+00)  ActScaleAnchor: 0.000e+00 (0.000e+00)  VarTrust: 0.000e+00 (0.000e+00)  DirAnchor: 0.000e+00 (0.000e+00)  BinReg: 0.000e+00 (0.000e+00)  SelBinAnchor: 0.000e+00 (0.000e+00)  ActBinMargin: 0.000e+00 (0.000e+00)  Time: 0.242s, 2120.03/s  (0.232s, 2211.33/s)  LR: 1.122e-05  RefW: 0.000e+00  AnchorRefW: 0.000e+00  Data: 0.006 (0.006)
Train: 12 [1650/2502 ( 66%)]  Loss: 51.435905 (51.4048)  BaseLoss: 51.435905 (51.4048)  RefAttnKL: 0.000e+00 (0.000e+00)  RefLogitKL: 0.000e+00 (0.000e+00)  AnchorRefAttnKL: 0.000e+00 (0.000e+00)  TeacherAttnKL: 0.000e+00 (0.000e+00)  TeacherRel: 0.000e+00 (0.000e+00)  TeacherAttnOut: 0.000e+00 (0.000e+00)  TeacherFeatOut: 0.000e+00 (0.000e+00)  ActScaleAnchor: 0.000e+00 (0.000e+00)  VarTrust: 0.000e+00 (0.000e+00)  DirAnchor: 0.000e+00 (0.000e+00)  BinReg: 0.000e+00 (0.000e+00)  SelBinAnchor: 0.000e+00 (0.000e+00)  ActBinMargin: 0.000e+00 (0.000e+00)  Time: 0.242s, 2112.99/s  (0.232s, 2211.58/s)  LR: 1.121e-05  RefW: 0.000e+00  AnchorRefW: 0.000e+00  Data: 0.006 (0.006)
Train: 12 [1700/2502 ( 68%)]  Loss: 51.415726 (51.4051)  BaseLoss: 51.415726 (51.4051)  RefAttnKL: 0.000e+00 (0.000e+00)  RefLogitKL: 0.000e+00 (0.000e+00)  AnchorRefAttnKL: 0.000e+00 (0.000e+00)  TeacherAttnKL: 0.000e+00 (0.000e+00)  TeacherRel: 0.000e+00 (0.000e+00)  TeacherAttnOut: 0.000e+00 (0.000e+00)  TeacherFeatOut: 0.000e+00 (0.000e+00)  ActScaleAnchor: 0.000e+00 (0.000e+00)  VarTrust: 0.000e+00 (0.000e+00)  DirAnchor: 0.000e+00 (0.000e+00)  BinReg: 0.000e+00 (0.000e+00)  SelBinAnchor: 0.000e+00 (0.000e+00)  ActBinMargin: 0.000e+00 (0.000e+00)  Time: 0.243s, 2109.31/s  (0.231s, 2211.97/s)  LR: 1.120e-05  RefW: 0.000e+00  AnchorRefW: 0.000e+00  Data: 0.005 (0.006)
Train: 12 [1750/2502 ( 70%)]  Loss: 51.392620 (51.4048)  BaseLoss: 51.392620 (51.4048)  RefAttnKL: 0.000e+00 (0.000e+00)  RefLogitKL: 0.000e+00 (0.000e+00)  AnchorRefAttnKL: 0.000e+00 (0.000e+00)  TeacherAttnKL: 0.000e+00 (0.000e+00)  TeacherRel: 0.000e+00 (0.000e+00)  TeacherAttnOut: 0.000e+00 (0.000e+00)  TeacherFeatOut: 0.000e+00 (0.000e+00)  ActScaleAnchor: 0.000e+00 (0.000e+00)  VarTrust: 0.000e+00 (0.000e+00)  DirAnchor: 0.000e+00 (0.000e+00)  BinReg: 0.000e+00 (0.000e+00)  SelBinAnchor: 0.000e+00 (0.000e+00)  ActBinMargin: 0.000e+00 (0.000e+00)  Time: 0.243s, 2106.19/s  (0.231s, 2211.89/s)  LR: 1.119e-05  RefW: 0.000e+00  AnchorRefW: 0.000e+00  Data: 0.005 (0.006)
Train: 12 [1800/2502 ( 72%)]  Loss: 51.422623 (51.4053)  BaseLoss: 51.422623 (51.4053)  RefAttnKL: 0.000e+00 (0.000e+00)  RefLogitKL: 0.000e+00 (0.000e+00)  AnchorRefAttnKL: 0.000e+00 (0.000e+00)  TeacherAttnKL: 0.000e+00 (0.000e+00)  TeacherRel: 0.000e+00 (0.000e+00)  TeacherAttnOut: 0.000e+00 (0.000e+00)  TeacherFeatOut: 0.000e+00 (0.000e+00)  ActScaleAnchor: 0.000e+00 (0.000e+00)  VarTrust: 0.000e+00 (0.000e+00)  DirAnchor: 0.000e+00 (0.000e+00)  BinReg: 0.000e+00 (0.000e+00)  SelBinAnchor: 0.000e+00 (0.000e+00)  ActBinMargin: 0.000e+00 (0.000e+00)  Time: 0.242s, 2119.72/s  (0.231s, 2212.18/s)  LR: 1.118e-05  RefW: 0.000e+00  AnchorRefW: 0.000e+00  Data: 0.006 (0.006)
Train: 12 [1850/2502 ( 74%)]  Loss: 51.389816 (51.4049)  BaseLoss: 51.389816 (51.4049)  RefAttnKL: 0.000e+00 (0.000e+00)  RefLogitKL: 0.000e+00 (0.000e+00)  AnchorRefAttnKL: 0.000e+00 (0.000e+00)  TeacherAttnKL: 0.000e+00 (0.000e+00)  TeacherRel: 0.000e+00 (0.000e+00)  TeacherAttnOut: 0.000e+00 (0.000e+00)  TeacherFeatOut: 0.000e+00 (0.000e+00)  ActScaleAnchor: 0.000e+00 (0.000e+00)  VarTrust: 0.000e+00 (0.000e+00)  DirAnchor: 0.000e+00 (0.000e+00)  BinReg: 0.000e+00 (0.000e+00)  SelBinAnchor: 0.000e+00 (0.000e+00)  ActBinMargin: 0.000e+00 (0.000e+00)  Time: 0.243s, 2109.63/s  (0.231s, 2212.05/s)  LR: 1.117e-05  RefW: 0.000e+00  AnchorRefW: 0.000e+00  Data: 0.006 (0.006)
Train: 12 [1900/2502 ( 76%)]  Loss: 51.395927 (51.4046)  BaseLoss: 51.395927 (51.4046)  RefAttnKL: 0.000e+00 (0.000e+00)  RefLogitKL: 0.000e+00 (0.000e+00)  AnchorRefAttnKL: 0.000e+00 (0.000e+00)  TeacherAttnKL: 0.000e+00 (0.000e+00)  TeacherRel: 0.000e+00 (0.000e+00)  TeacherAttnOut: 0.000e+00 (0.000e+00)  TeacherFeatOut: 0.000e+00 (0.000e+00)  ActScaleAnchor: 0.000e+00 (0.000e+00)  VarTrust: 0.000e+00 (0.000e+00)  DirAnchor: 0.000e+00 (0.000e+00)  BinReg: 0.000e+00 (0.000e+00)  SelBinAnchor: 0.000e+00 (0.000e+00)  ActBinMargin: 0.000e+00 (0.000e+00)  Time: 0.244s, 2101.96/s  (0.231s, 2212.39/s)  LR: 1.116e-05  RefW: 0.000e+00  AnchorRefW: 0.000e+00  Data: 0.005 (0.006)
Train: 12 [1950/2502 ( 78%)]  Loss: 51.441563 (51.4056)  BaseLoss: 51.441563 (51.4056)  RefAttnKL: 0.000e+00 (0.000e+00)  RefLogitKL: 0.000e+00 (0.000e+00)  AnchorRefAttnKL: 0.000e+00 (0.000e+00)  TeacherAttnKL: 0.000e+00 (0.000e+00)  TeacherRel: 0.000e+00 (0.000e+00)  TeacherAttnOut: 0.000e+00 (0.000e+00)  TeacherFeatOut: 0.000e+00 (0.000e+00)  ActScaleAnchor: 0.000e+00 (0.000e+00)  VarTrust: 0.000e+00 (0.000e+00)  DirAnchor: 0.000e+00 (0.000e+00)  BinReg: 0.000e+00 (0.000e+00)  SelBinAnchor: 0.000e+00 (0.000e+00)  ActBinMargin: 0.000e+00 (0.000e+00)  Time: 0.245s, 2091.88/s  (0.231s, 2212.54/s)  LR: 1.115e-05  RefW: 0.000e+00  AnchorRefW: 0.000e+00  Data: 0.006 (0.006)
Train: 12 [2000/2502 ( 80%)]  Loss: 51.426636 (51.4061)  BaseLoss: 51.426636 (51.4061)  RefAttnKL: 0.000e+00 (0.000e+00)  RefLogitKL: 0.000e+00 (0.000e+00)  AnchorRefAttnKL: 0.000e+00 (0.000e+00)  TeacherAttnKL: 0.000e+00 (0.000e+00)  TeacherRel: 0.000e+00 (0.000e+00)  TeacherAttnOut: 0.000e+00 (0.000e+00)  TeacherFeatOut: 0.000e+00 (0.000e+00)  ActScaleAnchor: 0.000e+00 (0.000e+00)  VarTrust: 0.000e+00 (0.000e+00)  DirAnchor: 0.000e+00 (0.000e+00)  BinReg: 0.000e+00 (0.000e+00)  SelBinAnchor: 0.000e+00 (0.000e+00)  ActBinMargin: 0.000e+00 (0.000e+00)  Time: 0.243s, 2105.65/s  (0.231s, 2212.86/s)  LR: 1.114e-05  RefW: 0.000e+00  AnchorRefW: 0.000e+00  Data: 0.006 (0.006)
Train: 12 [2050/2502 ( 82%)]  Loss: 51.363430 (51.4051)  BaseLoss: 51.363430 (51.4051)  RefAttnKL: 0.000e+00 (0.000e+00)  RefLogitKL: 0.000e+00 (0.000e+00)  AnchorRefAttnKL: 0.000e+00 (0.000e+00)  TeacherAttnKL: 0.000e+00 (0.000e+00)  TeacherRel: 0.000e+00 (0.000e+00)  TeacherAttnOut: 0.000e+00 (0.000e+00)  TeacherFeatOut: 0.000e+00 (0.000e+00)  ActScaleAnchor: 0.000e+00 (0.000e+00)  VarTrust: 0.000e+00 (0.000e+00)  DirAnchor: 0.000e+00 (0.000e+00)  BinReg: 0.000e+00 (0.000e+00)  SelBinAnchor: 0.000e+00 (0.000e+00)  ActBinMargin: 0.000e+00 (0.000e+00)  Time: 0.244s, 2096.67/s  (0.231s, 2213.16/s)  LR: 1.113e-05  RefW: 0.000e+00  AnchorRefW: 0.000e+00  Data: 0.006 (0.006)
Train: 12 [2100/2502 ( 84%)]  Loss: 51.382988 (51.4045)  BaseLoss: 51.382988 (51.4045)  RefAttnKL: 0.000e+00 (0.000e+00)  RefLogitKL: 0.000e+00 (0.000e+00)  AnchorRefAttnKL: 0.000e+00 (0.000e+00)  TeacherAttnKL: 0.000e+00 (0.000e+00)  TeacherRel: 0.000e+00 (0.000e+00)  TeacherAttnOut: 0.000e+00 (0.000e+00)  TeacherFeatOut: 0.000e+00 (0.000e+00)  ActScaleAnchor: 0.000e+00 (0.000e+00)  VarTrust: 0.000e+00 (0.000e+00)  DirAnchor: 0.000e+00 (0.000e+00)  BinReg: 0.000e+00 (0.000e+00)  SelBinAnchor: 0.000e+00 (0.000e+00)  ActBinMargin: 0.000e+00 (0.000e+00)  Time: 0.246s, 2084.41/s  (0.231s, 2213.28/s)  LR: 1.112e-05  RefW: 0.000e+00  AnchorRefW: 0.000e+00  Data: 0.006 (0.006)
Train: 12 [2150/2502 ( 86%)]  Loss: 51.392979 (51.4043)  BaseLoss: 51.392979 (51.4043)  RefAttnKL: 0.000e+00 (0.000e+00)  RefLogitKL: 0.000e+00 (0.000e+00)  AnchorRefAttnKL: 0.000e+00 (0.000e+00)  TeacherAttnKL: 0.000e+00 (0.000e+00)  TeacherRel: 0.000e+00 (0.000e+00)  TeacherAttnOut: 0.000e+00 (0.000e+00)  TeacherFeatOut: 0.000e+00 (0.000e+00)  ActScaleAnchor: 0.000e+00 (0.000e+00)  VarTrust: 0.000e+00 (0.000e+00)  DirAnchor: 0.000e+00 (0.000e+00)  BinReg: 0.000e+00 (0.000e+00)  SelBinAnchor: 0.000e+00 (0.000e+00)  ActBinMargin: 0.000e+00 (0.000e+00)  Time: 0.242s, 2115.20/s  (0.231s, 2213.55/s)  LR: 1.111e-05  RefW: 0.000e+00  AnchorRefW: 0.000e+00  Data: 0.005 (0.006)
Train: 12 [2200/2502 ( 88%)]  Loss: 51.392342 (51.4040)  BaseLoss: 51.392342 (51.4040)  RefAttnKL: 0.000e+00 (0.000e+00)  RefLogitKL: 0.000e+00 (0.000e+00)  AnchorRefAttnKL: 0.000e+00 (0.000e+00)  TeacherAttnKL: 0.000e+00 (0.000e+00)  TeacherRel: 0.000e+00 (0.000e+00)  TeacherAttnOut: 0.000e+00 (0.000e+00)  TeacherFeatOut: 0.000e+00 (0.000e+00)  ActScaleAnchor: 0.000e+00 (0.000e+00)  VarTrust: 0.000e+00 (0.000e+00)  DirAnchor: 0.000e+00 (0.000e+00)  BinReg: 0.000e+00 (0.000e+00)  SelBinAnchor: 0.000e+00 (0.000e+00)  ActBinMargin: 0.000e+00 (0.000e+00)  Time: 0.243s, 2111.06/s  (0.231s, 2213.21/s)  LR: 1.110e-05  RefW: 0.000e+00  AnchorRefW: 0.000e+00  Data: 0.006 (0.006)
Train: 12 [2250/2502 ( 90%)]  Loss: 51.383732 (51.4036)  BaseLoss: 51.383732 (51.4036)  RefAttnKL: 0.000e+00 (0.000e+00)  RefLogitKL: 0.000e+00 (0.000e+00)  AnchorRefAttnKL: 0.000e+00 (0.000e+00)  TeacherAttnKL: 0.000e+00 (0.000e+00)  TeacherRel: 0.000e+00 (0.000e+00)  TeacherAttnOut: 0.000e+00 (0.000e+00)  TeacherFeatOut: 0.000e+00 (0.000e+00)  ActScaleAnchor: 0.000e+00 (0.000e+00)  VarTrust: 0.000e+00 (0.000e+00)  DirAnchor: 0.000e+00 (0.000e+00)  BinReg: 0.000e+00 (0.000e+00)  SelBinAnchor: 0.000e+00 (0.000e+00)  ActBinMargin: 0.000e+00 (0.000e+00)  Time: 0.242s, 2113.42/s  (0.231s, 2213.40/s)  LR: 1.109e-05  RefW: 0.000e+00  AnchorRefW: 0.000e+00  Data: 0.006 (0.006)
Train: 12 [2300/2502 ( 92%)]  Loss: 51.438797 (51.4043)  BaseLoss: 51.438797 (51.4043)  RefAttnKL: 0.000e+00 (0.000e+00)  RefLogitKL: 0.000e+00 (0.000e+00)  AnchorRefAttnKL: 0.000e+00 (0.000e+00)  TeacherAttnKL: 0.000e+00 (0.000e+00)  TeacherRel: 0.000e+00 (0.000e+00)  TeacherAttnOut: 0.000e+00 (0.000e+00)  TeacherFeatOut: 0.000e+00 (0.000e+00)  ActScaleAnchor: 0.000e+00 (0.000e+00)  VarTrust: 0.000e+00 (0.000e+00)  DirAnchor: 0.000e+00 (0.000e+00)  BinReg: 0.000e+00 (0.000e+00)  SelBinAnchor: 0.000e+00 (0.000e+00)  ActBinMargin: 0.000e+00 (0.000e+00)  Time: 0.243s, 2107.38/s  (0.231s, 2213.52/s)  LR: 1.108e-05  RefW: 0.000e+00  AnchorRefW: 0.000e+00  Data: 0.006 (0.006)
Train: 12 [2350/2502 ( 94%)]  Loss: 51.421085 (51.4047)  BaseLoss: 51.421085 (51.4047)  RefAttnKL: 0.000e+00 (0.000e+00)  RefLogitKL: 0.000e+00 (0.000e+00)  AnchorRefAttnKL: 0.000e+00 (0.000e+00)  TeacherAttnKL: 0.000e+00 (0.000e+00)  TeacherRel: 0.000e+00 (0.000e+00)  TeacherAttnOut: 0.000e+00 (0.000e+00)  TeacherFeatOut: 0.000e+00 (0.000e+00)  ActScaleAnchor: 0.000e+00 (0.000e+00)  VarTrust: 0.000e+00 (0.000e+00)  DirAnchor: 0.000e+00 (0.000e+00)  BinReg: 0.000e+00 (0.000e+00)  SelBinAnchor: 0.000e+00 (0.000e+00)  ActBinMargin: 0.000e+00 (0.000e+00)  Time: 0.240s, 2129.66/s  (0.231s, 2213.67/s)  LR: 1.107e-05  RefW: 0.000e+00  AnchorRefW: 0.000e+00  Data: 0.006 (0.006)
Train: 12 [2400/2502 ( 96%)]  Loss: 51.361809 (51.4038)  BaseLoss: 51.361809 (51.4038)  RefAttnKL: 0.000e+00 (0.000e+00)  RefLogitKL: 0.000e+00 (0.000e+00)  AnchorRefAttnKL: 0.000e+00 (0.000e+00)  TeacherAttnKL: 0.000e+00 (0.000e+00)  TeacherRel: 0.000e+00 (0.000e+00)  TeacherAttnOut: 0.000e+00 (0.000e+00)  TeacherFeatOut: 0.000e+00 (0.000e+00)  ActScaleAnchor: 0.000e+00 (0.000e+00)  VarTrust: 0.000e+00 (0.000e+00)  DirAnchor: 0.000e+00 (0.000e+00)  BinReg: 0.000e+00 (0.000e+00)  SelBinAnchor: 0.000e+00 (0.000e+00)  ActBinMargin: 0.000e+00 (0.000e+00)  Time: 0.243s, 2105.65/s  (0.231s, 2213.81/s)  LR: 1.106e-05  RefW: 0.000e+00  AnchorRefW: 0.000e+00  Data: 0.005 (0.006)
Train: 12 [2450/2502 ( 98%)]  Loss: 51.404663 (51.4038)  BaseLoss: 51.404663 (51.4038)  RefAttnKL: 0.000e+00 (0.000e+00)  RefLogitKL: 0.000e+00 (0.000e+00)  AnchorRefAttnKL: 0.000e+00 (0.000e+00)  TeacherAttnKL: 0.000e+00 (0.000e+00)  TeacherRel: 0.000e+00 (0.000e+00)  TeacherAttnOut: 0.000e+00 (0.000e+00)  TeacherFeatOut: 0.000e+00 (0.000e+00)  ActScaleAnchor: 0.000e+00 (0.000e+00)  VarTrust: 0.000e+00 (0.000e+00)  DirAnchor: 0.000e+00 (0.000e+00)  BinReg: 0.000e+00 (0.000e+00)  SelBinAnchor: 0.000e+00 (0.000e+00)  ActBinMargin: 0.000e+00 (0.000e+00)  Time: 0.243s, 2108.73/s  (0.231s, 2213.94/s)  LR: 1.105e-05  RefW: 0.000e+00  AnchorRefW: 0.000e+00  Data: 0.006 (0.006)
TrainSummary: epoch=12 updates=2496 avg_step_time=0.231242s samples_per_step=512 samples_per_sec=2214.13
epoch:  12 g['lr']:  1.1040786653757094e-05
model eval
TestLocal: [   0/97]  Time: 0.966 (0.966)  Loss:  0.7848  Acc@1: 78.1250  Acc@5: 93.7500  Samples: 64
TestLocal: [  50/97]  Time: 0.093 (0.110)  Loss:  0.8299  Acc@1: 81.1275  Acc@5: 95.2819  Samples: 3264
TestLocal: [  97/97]  Time: 0.048 (0.101)  Loss:  0.8259  Acc@1: 80.8590  Acc@5: 95.3809  Samples: 6170
TestLocal: [ 100/97]  Time: 0.050 (0.099)  Loss:  0.8258  Acc@1: 80.8535  Acc@5: 95.3784  Samples: 6210
Test: [distributed-summary]  Time: 10.399s  Loss: 0.8431  Acc@1: 80.2400  Acc@5: 95.2960  Samples: 50000
Trainable parameter policy: epoch=13, quant_only=False, policy=all, trainable=28608256, frozen=0
AOQ explore scale ratio update: epoch=13, update=0, active=False, base_ratio=1.0, threshold_ratio=0.0, base_layers=(), selective_margin=0.0, base_quantizers=0, layer_ratios={}, layer_quantizers=0, layer_counts={}, quality_mode=none, quality_layers=(), quality_start_update=0, quality_min_frac=0.0, start_update=0, end_update=0
Trainable parameter update policy: epoch=13, update=0, mode=requires_grad, policy=all, trainable=28608256, frozen=0
Train: 13 [   0/2502 (  0%)]  Loss: 51.421356 (51.4214)  BaseLoss: 51.421356 (51.4214)  RefAttnKL: 0.000e+00 (0.000e+00)  RefLogitKL: 0.000e+00 (0.000e+00)  AnchorRefAttnKL: 0.000e+00 (0.000e+00)  TeacherAttnKL: 0.000e+00 (0.000e+00)  TeacherRel: 0.000e+00 (0.000e+00)  TeacherAttnOut: 0.000e+00 (0.000e+00)  TeacherFeatOut: 0.000e+00 (0.000e+00)  ActScaleAnchor: 0.000e+00 (0.000e+00)  VarTrust: 0.000e+00 (0.000e+00)  DirAnchor: 0.000e+00 (0.000e+00)  BinReg: 0.000e+00 (0.000e+00)  SelBinAnchor: 0.000e+00 (0.000e+00)  ActBinMargin: 0.000e+00 (0.000e+00)  Time: 0.961s,  532.65/s  (0.961s,  532.65/s)  LR: 1.104e-05  RefW: 0.000e+00  AnchorRefW: 0.000e+00  Data: 0.718 (0.718)
Train: 13 [  50/2502 (  2%)]  Loss: 51.389015 (51.4052)  BaseLoss: 51.389015 (51.4052)  RefAttnKL: 0.000e+00 (0.000e+00)  RefLogitKL: 0.000e+00 (0.000e+00)  AnchorRefAttnKL: 0.000e+00 (0.000e+00)  TeacherAttnKL: 0.000e+00 (0.000e+00)  TeacherRel: 0.000e+00 (0.000e+00)  TeacherAttnOut: 0.000e+00 (0.000e+00)  TeacherFeatOut: 0.000e+00 (0.000e+00)  ActScaleAnchor: 0.000e+00 (0.000e+00)  VarTrust: 0.000e+00 (0.000e+00)  DirAnchor: 0.000e+00 (0.000e+00)  BinReg: 0.000e+00 (0.000e+00)  SelBinAnchor: 0.000e+00 (0.000e+00)  ActBinMargin: 0.000e+00 (0.000e+00)  Time: 0.242s, 2115.89/s  (0.244s, 2095.34/s)  LR: 1.103e-05  RefW: 0.000e+00  AnchorRefW: 0.000e+00  Data: 0.005 (0.019)
Train: 13 [ 100/2502 (  4%)]  Loss: 51.421185 (51.4105)  BaseLoss: 51.421185 (51.4105)  RefAttnKL: 0.000e+00 (0.000e+00)  RefLogitKL: 0.000e+00 (0.000e+00)  AnchorRefAttnKL: 0.000e+00 (0.000e+00)  TeacherAttnKL: 0.000e+00 (0.000e+00)  TeacherRel: 0.000e+00 (0.000e+00)  TeacherAttnOut: 0.000e+00 (0.000e+00)  TeacherFeatOut: 0.000e+00 (0.000e+00)  ActScaleAnchor: 0.000e+00 (0.000e+00)  VarTrust: 0.000e+00 (0.000e+00)  DirAnchor: 0.000e+00 (0.000e+00)  BinReg: 0.000e+00 (0.000e+00)  SelBinAnchor: 0.000e+00 (0.000e+00)  ActBinMargin: 0.000e+00 (0.000e+00)  Time: 0.251s, 2041.52/s  (0.238s, 2155.56/s)  LR: 1.102e-05  RefW: 0.000e+00  AnchorRefW: 0.000e+00  Data: 0.005 (0.012)
Train: 13 [ 150/2502 (  6%)]  Loss: 51.403362 (51.4087)  BaseLoss: 51.403362 (51.4087)  RefAttnKL: 0.000e+00 (0.000e+00)  RefLogitKL: 0.000e+00 (0.000e+00)  AnchorRefAttnKL: 0.000e+00 (0.000e+00)  TeacherAttnKL: 0.000e+00 (0.000e+00)  TeacherRel: 0.000e+00 (0.000e+00)  TeacherAttnOut: 0.000e+00 (0.000e+00)  TeacherFeatOut: 0.000e+00 (0.000e+00)  ActScaleAnchor: 0.000e+00 (0.000e+00)  VarTrust: 0.000e+00 (0.000e+00)  DirAnchor: 0.000e+00 (0.000e+00)  BinReg: 0.000e+00 (0.000e+00)  SelBinAnchor: 0.000e+00 (0.000e+00)  ActBinMargin: 0.000e+00 (0.000e+00)  Time: 0.241s, 2123.03/s  (0.235s, 2178.67/s)  LR: 1.101e-05  RefW: 0.000e+00  AnchorRefW: 0.000e+00  Data: 0.006 (0.010)
Train: 13 [ 200/2502 (  8%)]  Loss: 51.413631 (51.4097)  BaseLoss: 51.413631 (51.4097)  RefAttnKL: 0.000e+00 (0.000e+00)  RefLogitKL: 0.000e+00 (0.000e+00)  AnchorRefAttnKL: 0.000e+00 (0.000e+00)  TeacherAttnKL: 0.000e+00 (0.000e+00)  TeacherRel: 0.000e+00 (0.000e+00)  TeacherAttnOut: 0.000e+00 (0.000e+00)  TeacherFeatOut: 0.000e+00 (0.000e+00)  ActScaleAnchor: 0.000e+00 (0.000e+00)  VarTrust: 0.000e+00 (0.000e+00)  DirAnchor: 0.000e+00 (0.000e+00)  BinReg: 0.000e+00 (0.000e+00)  SelBinAnchor: 0.000e+00 (0.000e+00)  ActBinMargin: 0.000e+00 (0.000e+00)  Time: 0.244s, 2094.44/s  (0.234s, 2191.86/s)  LR: 1.100e-05  RefW: 0.000e+00  AnchorRefW: 0.000e+00  Data: 0.005 (0.009)
Train: 13 [ 250/2502 ( 10%)]  Loss: 51.443245 (51.4153)  BaseLoss: 51.443245 (51.4153)  RefAttnKL: 0.000e+00 (0.000e+00)  RefLogitKL: 0.000e+00 (0.000e+00)  AnchorRefAttnKL: 0.000e+00 (0.000e+00)  TeacherAttnKL: 0.000e+00 (0.000e+00)  TeacherRel: 0.000e+00 (0.000e+00)  TeacherAttnOut: 0.000e+00 (0.000e+00)  TeacherFeatOut: 0.000e+00 (0.000e+00)  ActScaleAnchor: 0.000e+00 (0.000e+00)  VarTrust: 0.000e+00 (0.000e+00)  DirAnchor: 0.000e+00 (0.000e+00)  BinReg: 0.000e+00 (0.000e+00)  SelBinAnchor: 0.000e+00 (0.000e+00)  ActBinMargin: 0.000e+00 (0.000e+00)  Time: 0.241s, 2128.61/s  (0.233s, 2197.98/s)  LR: 1.099e-05  RefW: 0.000e+00  AnchorRefW: 0.000e+00  Data: 0.007 (0.008)
Train: 13 [ 300/2502 ( 12%)]  Loss: 51.393337 (51.4122)  BaseLoss: 51.393337 (51.4122)  RefAttnKL: 0.000e+00 (0.000e+00)  RefLogitKL: 0.000e+00 (0.000e+00)  AnchorRefAttnKL: 0.000e+00 (0.000e+00)  TeacherAttnKL: 0.000e+00 (0.000e+00)  TeacherRel: 0.000e+00 (0.000e+00)  TeacherAttnOut: 0.000e+00 (0.000e+00)  TeacherFeatOut: 0.000e+00 (0.000e+00)  ActScaleAnchor: 0.000e+00 (0.000e+00)  VarTrust: 0.000e+00 (0.000e+00)  DirAnchor: 0.000e+00 (0.000e+00)  BinReg: 0.000e+00 (0.000e+00)  SelBinAnchor: 0.000e+00 (0.000e+00)  ActBinMargin: 0.000e+00 (0.000e+00)  Time: 0.241s, 2128.04/s  (0.232s, 2203.31/s)  LR: 1.098e-05  RefW: 0.000e+00  AnchorRefW: 0.000e+00  Data: 0.006 (0.008)
Train: 13 [ 350/2502 ( 14%)]  Loss: 51.459694 (51.4181)  BaseLoss: 51.459694 (51.4181)  RefAttnKL: 0.000e+00 (0.000e+00)  RefLogitKL: 0.000e+00 (0.000e+00)  AnchorRefAttnKL: 0.000e+00 (0.000e+00)  TeacherAttnKL: 0.000e+00 (0.000e+00)  TeacherRel: 0.000e+00 (0.000e+00)  TeacherAttnOut: 0.000e+00 (0.000e+00)  TeacherFeatOut: 0.000e+00 (0.000e+00)  ActScaleAnchor: 0.000e+00 (0.000e+00)  VarTrust: 0.000e+00 (0.000e+00)  DirAnchor: 0.000e+00 (0.000e+00)  BinReg: 0.000e+00 (0.000e+00)  SelBinAnchor: 0.000e+00 (0.000e+00)  ActBinMargin: 0.000e+00 (0.000e+00)  Time: 0.251s, 2040.48/s  (0.233s, 2200.56/s)  LR: 1.097e-05  RefW: 0.000e+00  AnchorRefW: 0.000e+00  Data: 0.006 (0.008)
Train: 13 [ 400/2502 ( 16%)]  Loss: 51.425945 (51.4190)  BaseLoss: 51.425945 (51.4190)  RefAttnKL: 0.000e+00 (0.000e+00)  RefLogitKL: 0.000e+00 (0.000e+00)  AnchorRefAttnKL: 0.000e+00 (0.000e+00)  TeacherAttnKL: 0.000e+00 (0.000e+00)  TeacherRel: 0.000e+00 (0.000e+00)  TeacherAttnOut: 0.000e+00 (0.000e+00)  TeacherFeatOut: 0.000e+00 (0.000e+00)  ActScaleAnchor: 0.000e+00 (0.000e+00)  VarTrust: 0.000e+00 (0.000e+00)  DirAnchor: 0.000e+00 (0.000e+00)  BinReg: 0.000e+00 (0.000e+00)  SelBinAnchor: 0.000e+00 (0.000e+00)  ActBinMargin: 0.000e+00 (0.000e+00)  Time: 0.249s, 2059.34/s  (0.233s, 2198.29/s)  LR: 1.096e-05  RefW: 0.000e+00  AnchorRefW: 0.000e+00  Data: 0.005 (0.007)
Train: 13 [ 450/2502 ( 18%)]  Loss: 51.420410 (51.4191)  BaseLoss: 51.420410 (51.4191)  RefAttnKL: 0.000e+00 (0.000e+00)  RefLogitKL: 0.000e+00 (0.000e+00)  AnchorRefAttnKL: 0.000e+00 (0.000e+00)  TeacherAttnKL: 0.000e+00 (0.000e+00)  TeacherRel: 0.000e+00 (0.000e+00)  TeacherAttnOut: 0.000e+00 (0.000e+00)  TeacherFeatOut: 0.000e+00 (0.000e+00)  ActScaleAnchor: 0.000e+00 (0.000e+00)  VarTrust: 0.000e+00 (0.000e+00)  DirAnchor: 0.000e+00 (0.000e+00)  BinReg: 0.000e+00 (0.000e+00)  SelBinAnchor: 0.000e+00 (0.000e+00)  ActBinMargin: 0.000e+00 (0.000e+00)  Time: 0.247s, 2074.65/s  (0.233s, 2196.20/s)  LR: 1.095e-05  RefW: 0.000e+00  AnchorRefW: 0.000e+00  Data: 0.006 (0.007)
Train: 13 [ 500/2502 ( 20%)]  Loss: 51.428768 (51.4200)  BaseLoss: 51.428768 (51.4200)  RefAttnKL: 0.000e+00 (0.000e+00)  RefLogitKL: 0.000e+00 (0.000e+00)  AnchorRefAttnKL: 0.000e+00 (0.000e+00)  TeacherAttnKL: 0.000e+00 (0.000e+00)  TeacherRel: 0.000e+00 (0.000e+00)  TeacherAttnOut: 0.000e+00 (0.000e+00)  TeacherFeatOut: 0.000e+00 (0.000e+00)  ActScaleAnchor: 0.000e+00 (0.000e+00)  VarTrust: 0.000e+00 (0.000e+00)  DirAnchor: 0.000e+00 (0.000e+00)  BinReg: 0.000e+00 (0.000e+00)  SelBinAnchor: 0.000e+00 (0.000e+00)  ActBinMargin: 0.000e+00 (0.000e+00)  Time: 0.253s, 2026.47/s  (0.233s, 2194.26/s)  LR: 1.094e-05  RefW: 0.000e+00  AnchorRefW: 0.000e+00  Data: 0.006 (0.007)
Train: 13 [ 550/2502 ( 22%)]  Loss: 51.435577 (51.4213)  BaseLoss: 51.435577 (51.4213)  RefAttnKL: 0.000e+00 (0.000e+00)  RefLogitKL: 0.000e+00 (0.000e+00)  AnchorRefAttnKL: 0.000e+00 (0.000e+00)  TeacherAttnKL: 0.000e+00 (0.000e+00)  TeacherRel: 0.000e+00 (0.000e+00)  TeacherAttnOut: 0.000e+00 (0.000e+00)  TeacherFeatOut: 0.000e+00 (0.000e+00)  ActScaleAnchor: 0.000e+00 (0.000e+00)  VarTrust: 0.000e+00 (0.000e+00)  DirAnchor: 0.000e+00 (0.000e+00)  BinReg: 0.000e+00 (0.000e+00)  SelBinAnchor: 0.000e+00 (0.000e+00)  ActBinMargin: 0.000e+00 (0.000e+00)  Time: 0.246s, 2081.74/s  (0.234s, 2192.57/s)  LR: 1.093e-05  RefW: 0.000e+00  AnchorRefW: 0.000e+00  Data: 0.005 (0.007)
Train: 13 [ 600/2502 ( 24%)]  Loss: 51.350533 (51.4159)  BaseLoss: 51.350533 (51.4159)  RefAttnKL: 0.000e+00 (0.000e+00)  RefLogitKL: 0.000e+00 (0.000e+00)  AnchorRefAttnKL: 0.000e+00 (0.000e+00)  TeacherAttnKL: 0.000e+00 (0.000e+00)  TeacherRel: 0.000e+00 (0.000e+00)  TeacherAttnOut: 0.000e+00 (0.000e+00)  TeacherFeatOut: 0.000e+00 (0.000e+00)  ActScaleAnchor: 0.000e+00 (0.000e+00)  VarTrust: 0.000e+00 (0.000e+00)  DirAnchor: 0.000e+00 (0.000e+00)  BinReg: 0.000e+00 (0.000e+00)  SelBinAnchor: 0.000e+00 (0.000e+00)  ActBinMargin: 0.000e+00 (0.000e+00)  Time: 0.248s, 2063.43/s  (0.234s, 2191.62/s)  LR: 1.092e-05  RefW: 0.000e+00  AnchorRefW: 0.000e+00  Data: 0.006 (0.007)
Train: 13 [ 650/2502 ( 26%)]  Loss: 51.411785 (51.4156)  BaseLoss: 51.411785 (51.4156)  RefAttnKL: 0.000e+00 (0.000e+00)  RefLogitKL: 0.000e+00 (0.000e+00)  AnchorRefAttnKL: 0.000e+00 (0.000e+00)  TeacherAttnKL: 0.000e+00 (0.000e+00)  TeacherRel: 0.000e+00 (0.000e+00)  TeacherAttnOut: 0.000e+00 (0.000e+00)  TeacherFeatOut: 0.000e+00 (0.000e+00)  ActScaleAnchor: 0.000e+00 (0.000e+00)  VarTrust: 0.000e+00 (0.000e+00)  DirAnchor: 0.000e+00 (0.000e+00)  BinReg: 0.000e+00 (0.000e+00)  SelBinAnchor: 0.000e+00 (0.000e+00)  ActBinMargin: 0.000e+00 (0.000e+00)  Time: 0.248s, 2067.53/s  (0.234s, 2190.77/s)  LR: 1.091e-05  RefW: 0.000e+00  AnchorRefW: 0.000e+00  Data: 0.006 (0.007)
Train: 13 [ 700/2502 ( 28%)]  Loss: 51.359592 (51.4118)  BaseLoss: 51.359592 (51.4118)  RefAttnKL: 0.000e+00 (0.000e+00)  RefLogitKL: 0.000e+00 (0.000e+00)  AnchorRefAttnKL: 0.000e+00 (0.000e+00)  TeacherAttnKL: 0.000e+00 (0.000e+00)  TeacherRel: 0.000e+00 (0.000e+00)  TeacherAttnOut: 0.000e+00 (0.000e+00)  TeacherFeatOut: 0.000e+00 (0.000e+00)  ActScaleAnchor: 0.000e+00 (0.000e+00)  VarTrust: 0.000e+00 (0.000e+00)  DirAnchor: 0.000e+00 (0.000e+00)  BinReg: 0.000e+00 (0.000e+00)  SelBinAnchor: 0.000e+00 (0.000e+00)  ActBinMargin: 0.000e+00 (0.000e+00)  Time: 0.247s, 2076.03/s  (0.234s, 2190.32/s)  LR: 1.090e-05  RefW: 0.000e+00  AnchorRefW: 0.000e+00  Data: 0.005 (0.007)
Train: 13 [ 750/2502 ( 30%)]  Loss: 51.334835 (51.4070)  BaseLoss: 51.334835 (51.4070)  RefAttnKL: 0.000e+00 (0.000e+00)  RefLogitKL: 0.000e+00 (0.000e+00)  AnchorRefAttnKL: 0.000e+00 (0.000e+00)  TeacherAttnKL: 0.000e+00 (0.000e+00)  TeacherRel: 0.000e+00 (0.000e+00)  TeacherAttnOut: 0.000e+00 (0.000e+00)  TeacherFeatOut: 0.000e+00 (0.000e+00)  ActScaleAnchor: 0.000e+00 (0.000e+00)  VarTrust: 0.000e+00 (0.000e+00)  DirAnchor: 0.000e+00 (0.000e+00)  BinReg: 0.000e+00 (0.000e+00)  SelBinAnchor: 0.000e+00 (0.000e+00)  ActBinMargin: 0.000e+00 (0.000e+00)  Time: 0.251s, 2039.62/s  (0.234s, 2189.33/s)  LR: 1.089e-05  RefW: 0.000e+00  AnchorRefW: 0.000e+00  Data: 0.005 (0.007)
Train: 13 [ 800/2502 ( 32%)]  Loss: 51.409451 (51.4072)  BaseLoss: 51.409451 (51.4072)  RefAttnKL: 0.000e+00 (0.000e+00)  RefLogitKL: 0.000e+00 (0.000e+00)  AnchorRefAttnKL: 0.000e+00 (0.000e+00)  TeacherAttnKL: 0.000e+00 (0.000e+00)  TeacherRel: 0.000e+00 (0.000e+00)  TeacherAttnOut: 0.000e+00 (0.000e+00)  TeacherFeatOut: 0.000e+00 (0.000e+00)  ActScaleAnchor: 0.000e+00 (0.000e+00)  VarTrust: 0.000e+00 (0.000e+00)  DirAnchor: 0.000e+00 (0.000e+00)  BinReg: 0.000e+00 (0.000e+00)  SelBinAnchor: 0.000e+00 (0.000e+00)  ActBinMargin: 0.000e+00 (0.000e+00)  Time: 0.247s, 2071.51/s  (0.234s, 2188.93/s)  LR: 1.088e-05  RefW: 0.000e+00  AnchorRefW: 0.000e+00  Data: 0.006 (0.007)
Train: 13 [ 850/2502 ( 34%)]  Loss: 51.367477 (51.4050)  BaseLoss: 51.367477 (51.4050)  RefAttnKL: 0.000e+00 (0.000e+00)  RefLogitKL: 0.000e+00 (0.000e+00)  AnchorRefAttnKL: 0.000e+00 (0.000e+00)  TeacherAttnKL: 0.000e+00 (0.000e+00)  TeacherRel: 0.000e+00 (0.000e+00)  TeacherAttnOut: 0.000e+00 (0.000e+00)  TeacherFeatOut: 0.000e+00 (0.000e+00)  ActScaleAnchor: 0.000e+00 (0.000e+00)  VarTrust: 0.000e+00 (0.000e+00)  DirAnchor: 0.000e+00 (0.000e+00)  BinReg: 0.000e+00 (0.000e+00)  SelBinAnchor: 0.000e+00 (0.000e+00)  ActBinMargin: 0.000e+00 (0.000e+00)  Time: 0.250s, 2050.35/s  (0.234s, 2188.56/s)  LR: 1.086e-05  RefW: 0.000e+00  AnchorRefW: 0.000e+00  Data: 0.007 (0.007)
Train: 13 [ 900/2502 ( 36%)]  Loss: 51.371105 (51.4032)  BaseLoss: 51.371105 (51.4032)  RefAttnKL: 0.000e+00 (0.000e+00)  RefLogitKL: 0.000e+00 (0.000e+00)  AnchorRefAttnKL: 0.000e+00 (0.000e+00)  TeacherAttnKL: 0.000e+00 (0.000e+00)  TeacherRel: 0.000e+00 (0.000e+00)  TeacherAttnOut: 0.000e+00 (0.000e+00)  TeacherFeatOut: 0.000e+00 (0.000e+00)  ActScaleAnchor: 0.000e+00 (0.000e+00)  VarTrust: 0.000e+00 (0.000e+00)  DirAnchor: 0.000e+00 (0.000e+00)  BinReg: 0.000e+00 (0.000e+00)  SelBinAnchor: 0.000e+00 (0.000e+00)  ActBinMargin: 0.000e+00 (0.000e+00)  Time: 0.248s, 2066.14/s  (0.234s, 2188.18/s)  LR: 1.085e-05  RefW: 0.000e+00  AnchorRefW: 0.000e+00  Data: 0.005 (0.006)
Train: 13 [ 950/2502 ( 38%)]  Loss: 51.401066 (51.4031)  BaseLoss: 51.401066 (51.4031)  RefAttnKL: 0.000e+00 (0.000e+00)  RefLogitKL: 0.000e+00 (0.000e+00)  AnchorRefAttnKL: 0.000e+00 (0.000e+00)  TeacherAttnKL: 0.000e+00 (0.000e+00)  TeacherRel: 0.000e+00 (0.000e+00)  TeacherAttnOut: 0.000e+00 (0.000e+00)  TeacherFeatOut: 0.000e+00 (0.000e+00)  ActScaleAnchor: 0.000e+00 (0.000e+00)  VarTrust: 0.000e+00 (0.000e+00)  DirAnchor: 0.000e+00 (0.000e+00)  BinReg: 0.000e+00 (0.000e+00)  SelBinAnchor: 0.000e+00 (0.000e+00)  ActBinMargin: 0.000e+00 (0.000e+00)  Time: 0.247s, 2070.56/s  (0.234s, 2187.88/s)  LR: 1.084e-05  RefW: 0.000e+00  AnchorRefW: 0.000e+00  Data: 0.006 (0.006)
Train: 13 [1000/2502 ( 40%)]  Loss: 51.407589 (51.4033)  BaseLoss: 51.407589 (51.4033)  RefAttnKL: 0.000e+00 (0.000e+00)  RefLogitKL: 0.000e+00 (0.000e+00)  AnchorRefAttnKL: 0.000e+00 (0.000e+00)  TeacherAttnKL: 0.000e+00 (0.000e+00)  TeacherRel: 0.000e+00 (0.000e+00)  TeacherAttnOut: 0.000e+00 (0.000e+00)  TeacherFeatOut: 0.000e+00 (0.000e+00)  ActScaleAnchor: 0.000e+00 (0.000e+00)  VarTrust: 0.000e+00 (0.000e+00)  DirAnchor: 0.000e+00 (0.000e+00)  BinReg: 0.000e+00 (0.000e+00)  SelBinAnchor: 0.000e+00 (0.000e+00)  ActBinMargin: 0.000e+00 (0.000e+00)  Time: 0.247s, 2071.73/s  (0.234s, 2187.39/s)  LR: 1.083e-05  RefW: 0.000e+00  AnchorRefW: 0.000e+00  Data: 0.006 (0.006)
Train: 13 [1050/2502 ( 42%)]  Loss: 51.388214 (51.4026)  BaseLoss: 51.388214 (51.4026)  RefAttnKL: 0.000e+00 (0.000e+00)  RefLogitKL: 0.000e+00 (0.000e+00)  AnchorRefAttnKL: 0.000e+00 (0.000e+00)  TeacherAttnKL: 0.000e+00 (0.000e+00)  TeacherRel: 0.000e+00 (0.000e+00)  TeacherAttnOut: 0.000e+00 (0.000e+00)  TeacherFeatOut: 0.000e+00 (0.000e+00)  ActScaleAnchor: 0.000e+00 (0.000e+00)  VarTrust: 0.000e+00 (0.000e+00)  DirAnchor: 0.000e+00 (0.000e+00)  BinReg: 0.000e+00 (0.000e+00)  SelBinAnchor: 0.000e+00 (0.000e+00)  ActBinMargin: 0.000e+00 (0.000e+00)  Time: 0.246s, 2083.83/s  (0.234s, 2187.17/s)  LR: 1.082e-05  RefW: 0.000e+00  AnchorRefW: 0.000e+00  Data: 0.005 (0.006)
Train: 13 [1100/2502 ( 44%)]  Loss: 51.345879 (51.4001)  BaseLoss: 51.345879 (51.4001)  RefAttnKL: 0.000e+00 (0.000e+00)  RefLogitKL: 0.000e+00 (0.000e+00)  AnchorRefAttnKL: 0.000e+00 (0.000e+00)  TeacherAttnKL: 0.000e+00 (0.000e+00)  TeacherRel: 0.000e+00 (0.000e+00)  TeacherAttnOut: 0.000e+00 (0.000e+00)  TeacherFeatOut: 0.000e+00 (0.000e+00)  ActScaleAnchor: 0.000e+00 (0.000e+00)  VarTrust: 0.000e+00 (0.000e+00)  DirAnchor: 0.000e+00 (0.000e+00)  BinReg: 0.000e+00 (0.000e+00)  SelBinAnchor: 0.000e+00 (0.000e+00)  ActBinMargin: 0.000e+00 (0.000e+00)  Time: 0.244s, 2100.91/s  (0.234s, 2187.59/s)  LR: 1.081e-05  RefW: 0.000e+00  AnchorRefW: 0.000e+00  Data: 0.006 (0.006)
Train: 13 [1150/2502 ( 46%)]  Loss: 51.412769 (51.4007)  BaseLoss: 51.412769 (51.4007)  RefAttnKL: 0.000e+00 (0.000e+00)  RefLogitKL: 0.000e+00 (0.000e+00)  AnchorRefAttnKL: 0.000e+00 (0.000e+00)  TeacherAttnKL: 0.000e+00 (0.000e+00)  TeacherRel: 0.000e+00 (0.000e+00)  TeacherAttnOut: 0.000e+00 (0.000e+00)  TeacherFeatOut: 0.000e+00 (0.000e+00)  ActScaleAnchor: 0.000e+00 (0.000e+00)  VarTrust: 0.000e+00 (0.000e+00)  DirAnchor: 0.000e+00 (0.000e+00)  BinReg: 0.000e+00 (0.000e+00)  SelBinAnchor: 0.000e+00 (0.000e+00)  ActBinMargin: 0.000e+00 (0.000e+00)  Time: 0.241s, 2122.24/s  (0.234s, 2189.09/s)  LR: 1.080e-05  RefW: 0.000e+00  AnchorRefW: 0.000e+00  Data: 0.006 (0.006)
Train: 13 [1200/2502 ( 48%)]  Loss: 51.359127 (51.3990)  BaseLoss: 51.359127 (51.3990)  RefAttnKL: 0.000e+00 (0.000e+00)  RefLogitKL: 0.000e+00 (0.000e+00)  AnchorRefAttnKL: 0.000e+00 (0.000e+00)  TeacherAttnKL: 0.000e+00 (0.000e+00)  TeacherRel: 0.000e+00 (0.000e+00)  TeacherAttnOut: 0.000e+00 (0.000e+00)  TeacherFeatOut: 0.000e+00 (0.000e+00)  ActScaleAnchor: 0.000e+00 (0.000e+00)  VarTrust: 0.000e+00 (0.000e+00)  DirAnchor: 0.000e+00 (0.000e+00)  BinReg: 0.000e+00 (0.000e+00)  SelBinAnchor: 0.000e+00 (0.000e+00)  ActBinMargin: 0.000e+00 (0.000e+00)  Time: 0.244s, 2100.65/s  (0.234s, 2190.15/s)  LR: 1.079e-05  RefW: 0.000e+00  AnchorRefW: 0.000e+00  Data: 0.006 (0.006)
Train: 13 [1250/2502 ( 50%)]  Loss: 51.415569 (51.3996)  BaseLoss: 51.415569 (51.3996)  RefAttnKL: 0.000e+00 (0.000e+00)  RefLogitKL: 0.000e+00 (0.000e+00)  AnchorRefAttnKL: 0.000e+00 (0.000e+00)  TeacherAttnKL: 0.000e+00 (0.000e+00)  TeacherRel: 0.000e+00 (0.000e+00)  TeacherAttnOut: 0.000e+00 (0.000e+00)  TeacherFeatOut: 0.000e+00 (0.000e+00)  ActScaleAnchor: 0.000e+00 (0.000e+00)  VarTrust: 0.000e+00 (0.000e+00)  DirAnchor: 0.000e+00 (0.000e+00)  BinReg: 0.000e+00 (0.000e+00)  SelBinAnchor: 0.000e+00 (0.000e+00)  ActBinMargin: 0.000e+00 (0.000e+00)  Time: 0.242s, 2116.40/s  (0.234s, 2191.58/s)  LR: 1.078e-05  RefW: 0.000e+00  AnchorRefW: 0.000e+00  Data: 0.006 (0.006)
Train: 13 [1300/2502 ( 52%)]  Loss: 51.401966 (51.3997)  BaseLoss: 51.401966 (51.3997)  RefAttnKL: 0.000e+00 (0.000e+00)  RefLogitKL: 0.000e+00 (0.000e+00)  AnchorRefAttnKL: 0.000e+00 (0.000e+00)  TeacherAttnKL: 0.000e+00 (0.000e+00)  TeacherRel: 0.000e+00 (0.000e+00)  TeacherAttnOut: 0.000e+00 (0.000e+00)  TeacherFeatOut: 0.000e+00 (0.000e+00)  ActScaleAnchor: 0.000e+00 (0.000e+00)  VarTrust: 0.000e+00 (0.000e+00)  DirAnchor: 0.000e+00 (0.000e+00)  BinReg: 0.000e+00 (0.000e+00)  SelBinAnchor: 0.000e+00 (0.000e+00)  ActBinMargin: 0.000e+00 (0.000e+00)  Time: 0.242s, 2117.63/s  (0.234s, 2192.67/s)  LR: 1.077e-05  RefW: 0.000e+00  AnchorRefW: 0.000e+00  Data: 0.007 (0.006)
Train: 13 [1350/2502 ( 54%)]  Loss: 51.397709 (51.3996)  BaseLoss: 51.397709 (51.3996)  RefAttnKL: 0.000e+00 (0.000e+00)  RefLogitKL: 0.000e+00 (0.000e+00)  AnchorRefAttnKL: 0.000e+00 (0.000e+00)  TeacherAttnKL: 0.000e+00 (0.000e+00)  TeacherRel: 0.000e+00 (0.000e+00)  TeacherAttnOut: 0.000e+00 (0.000e+00)  TeacherFeatOut: 0.000e+00 (0.000e+00)  ActScaleAnchor: 0.000e+00 (0.000e+00)  VarTrust: 0.000e+00 (0.000e+00)  DirAnchor: 0.000e+00 (0.000e+00)  BinReg: 0.000e+00 (0.000e+00)  SelBinAnchor: 0.000e+00 (0.000e+00)  ActBinMargin: 0.000e+00 (0.000e+00)  Time: 0.242s, 2115.58/s  (0.233s, 2193.63/s)  LR: 1.076e-05  RefW: 0.000e+00  AnchorRefW: 0.000e+00  Data: 0.006 (0.006)
Train: 13 [1400/2502 ( 56%)]  Loss: 51.415806 (51.4002)  BaseLoss: 51.415806 (51.4002)  RefAttnKL: 0.000e+00 (0.000e+00)  RefLogitKL: 0.000e+00 (0.000e+00)  AnchorRefAttnKL: 0.000e+00 (0.000e+00)  TeacherAttnKL: 0.000e+00 (0.000e+00)  TeacherRel: 0.000e+00 (0.000e+00)  TeacherAttnOut: 0.000e+00 (0.000e+00)  TeacherFeatOut: 0.000e+00 (0.000e+00)  ActScaleAnchor: 0.000e+00 (0.000e+00)  VarTrust: 0.000e+00 (0.000e+00)  DirAnchor: 0.000e+00 (0.000e+00)  BinReg: 0.000e+00 (0.000e+00)  SelBinAnchor: 0.000e+00 (0.000e+00)  ActBinMargin: 0.000e+00 (0.000e+00)  Time: 0.241s, 2125.62/s  (0.233s, 2194.38/s)  LR: 1.075e-05  RefW: 0.000e+00  AnchorRefW: 0.000e+00  Data: 0.006 (0.006)
Train: 13 [1450/2502 ( 58%)]  Loss: 51.439217 (51.4015)  BaseLoss: 51.439217 (51.4015)  RefAttnKL: 0.000e+00 (0.000e+00)  RefLogitKL: 0.000e+00 (0.000e+00)  AnchorRefAttnKL: 0.000e+00 (0.000e+00)  TeacherAttnKL: 0.000e+00 (0.000e+00)  TeacherRel: 0.000e+00 (0.000e+00)  TeacherAttnOut: 0.000e+00 (0.000e+00)  TeacherFeatOut: 0.000e+00 (0.000e+00)  ActScaleAnchor: 0.000e+00 (0.000e+00)  VarTrust: 0.000e+00 (0.000e+00)  DirAnchor: 0.000e+00 (0.000e+00)  BinReg: 0.000e+00 (0.000e+00)  SelBinAnchor: 0.000e+00 (0.000e+00)  ActBinMargin: 0.000e+00 (0.000e+00)  Time: 0.241s, 2127.33/s  (0.233s, 2195.29/s)  LR: 1.074e-05  RefW: 0.000e+00  AnchorRefW: 0.000e+00  Data: 0.006 (0.006)
Train: 13 [1500/2502 ( 60%)]  Loss: 51.426903 (51.4023)  BaseLoss: 51.426903 (51.4023)  RefAttnKL: 0.000e+00 (0.000e+00)  RefLogitKL: 0.000e+00 (0.000e+00)  AnchorRefAttnKL: 0.000e+00 (0.000e+00)  TeacherAttnKL: 0.000e+00 (0.000e+00)  TeacherRel: 0.000e+00 (0.000e+00)  TeacherAttnOut: 0.000e+00 (0.000e+00)  TeacherFeatOut: 0.000e+00 (0.000e+00)  ActScaleAnchor: 0.000e+00 (0.000e+00)  VarTrust: 0.000e+00 (0.000e+00)  DirAnchor: 0.000e+00 (0.000e+00)  BinReg: 0.000e+00 (0.000e+00)  SelBinAnchor: 0.000e+00 (0.000e+00)  ActBinMargin: 0.000e+00 (0.000e+00)  Time: 0.241s, 2122.00/s  (0.233s, 2196.36/s)  LR: 1.073e-05  RefW: 0.000e+00  AnchorRefW: 0.000e+00  Data: 0.006 (0.006)
Train: 13 [1550/2502 ( 62%)]  Loss: 51.412621 (51.4026)  BaseLoss: 51.412621 (51.4026)  RefAttnKL: 0.000e+00 (0.000e+00)  RefLogitKL: 0.000e+00 (0.000e+00)  AnchorRefAttnKL: 0.000e+00 (0.000e+00)  TeacherAttnKL: 0.000e+00 (0.000e+00)  TeacherRel: 0.000e+00 (0.000e+00)  TeacherAttnOut: 0.000e+00 (0.000e+00)  TeacherFeatOut: 0.000e+00 (0.000e+00)  ActScaleAnchor: 0.000e+00 (0.000e+00)  VarTrust: 0.000e+00 (0.000e+00)  DirAnchor: 0.000e+00 (0.000e+00)  BinReg: 0.000e+00 (0.000e+00)  SelBinAnchor: 0.000e+00 (0.000e+00)  ActBinMargin: 0.000e+00 (0.000e+00)  Time: 0.242s, 2116.53/s  (0.233s, 2197.33/s)  LR: 1.072e-05  RefW: 0.000e+00  AnchorRefW: 0.000e+00  Data: 0.005 (0.006)
Train: 13 [1600/2502 ( 64%)]  Loss: 51.391876 (51.4023)  BaseLoss: 51.391876 (51.4023)  RefAttnKL: 0.000e+00 (0.000e+00)  RefLogitKL: 0.000e+00 (0.000e+00)  AnchorRefAttnKL: 0.000e+00 (0.000e+00)  TeacherAttnKL: 0.000e+00 (0.000e+00)  TeacherRel: 0.000e+00 (0.000e+00)  TeacherAttnOut: 0.000e+00 (0.000e+00)  TeacherFeatOut: 0.000e+00 (0.000e+00)  ActScaleAnchor: 0.000e+00 (0.000e+00)  VarTrust: 0.000e+00 (0.000e+00)  DirAnchor: 0.000e+00 (0.000e+00)  BinReg: 0.000e+00 (0.000e+00)  SelBinAnchor: 0.000e+00 (0.000e+00)  ActBinMargin: 0.000e+00 (0.000e+00)  Time: 0.241s, 2124.01/s  (0.233s, 2198.29/s)  LR: 1.071e-05  RefW: 0.000e+00  AnchorRefW: 0.000e+00  Data: 0.006 (0.006)
Train: 13 [1650/2502 ( 66%)]  Loss: 51.434166 (51.4033)  BaseLoss: 51.434166 (51.4033)  RefAttnKL: 0.000e+00 (0.000e+00)  RefLogitKL: 0.000e+00 (0.000e+00)  AnchorRefAttnKL: 0.000e+00 (0.000e+00)  TeacherAttnKL: 0.000e+00 (0.000e+00)  TeacherRel: 0.000e+00 (0.000e+00)  TeacherAttnOut: 0.000e+00 (0.000e+00)  TeacherFeatOut: 0.000e+00 (0.000e+00)  ActScaleAnchor: 0.000e+00 (0.000e+00)  VarTrust: 0.000e+00 (0.000e+00)  DirAnchor: 0.000e+00 (0.000e+00)  BinReg: 0.000e+00 (0.000e+00)  SelBinAnchor: 0.000e+00 (0.000e+00)  ActBinMargin: 0.000e+00 (0.000e+00)  Time: 0.242s, 2118.90/s  (0.233s, 2199.09/s)  LR: 1.070e-05  RefW: 0.000e+00  AnchorRefW: 0.000e+00  Data: 0.006 (0.006)
Train: 13 [1700/2502 ( 68%)]  Loss: 51.424259 (51.4039)  BaseLoss: 51.424259 (51.4039)  RefAttnKL: 0.000e+00 (0.000e+00)  RefLogitKL: 0.000e+00 (0.000e+00)  AnchorRefAttnKL: 0.000e+00 (0.000e+00)  TeacherAttnKL: 0.000e+00 (0.000e+00)  TeacherRel: 0.000e+00 (0.000e+00)  TeacherAttnOut: 0.000e+00 (0.000e+00)  TeacherFeatOut: 0.000e+00 (0.000e+00)  ActScaleAnchor: 0.000e+00 (0.000e+00)  VarTrust: 0.000e+00 (0.000e+00)  DirAnchor: 0.000e+00 (0.000e+00)  BinReg: 0.000e+00 (0.000e+00)  SelBinAnchor: 0.000e+00 (0.000e+00)  ActBinMargin: 0.000e+00 (0.000e+00)  Time: 0.242s, 2116.36/s  (0.233s, 2200.00/s)  LR: 1.069e-05  RefW: 0.000e+00  AnchorRefW: 0.000e+00  Data: 0.006 (0.006)
Train: 13 [1750/2502 ( 70%)]  Loss: 51.395409 (51.4036)  BaseLoss: 51.395409 (51.4036)  RefAttnKL: 0.000e+00 (0.000e+00)  RefLogitKL: 0.000e+00 (0.000e+00)  AnchorRefAttnKL: 0.000e+00 (0.000e+00)  TeacherAttnKL: 0.000e+00 (0.000e+00)  TeacherRel: 0.000e+00 (0.000e+00)  TeacherAttnOut: 0.000e+00 (0.000e+00)  TeacherFeatOut: 0.000e+00 (0.000e+00)  ActScaleAnchor: 0.000e+00 (0.000e+00)  VarTrust: 0.000e+00 (0.000e+00)  DirAnchor: 0.000e+00 (0.000e+00)  BinReg: 0.000e+00 (0.000e+00)  SelBinAnchor: 0.000e+00 (0.000e+00)  ActBinMargin: 0.000e+00 (0.000e+00)  Time: 0.243s, 2106.38/s  (0.233s, 2200.75/s)  LR: 1.068e-05  RefW: 0.000e+00  AnchorRefW: 0.000e+00  Data: 0.006 (0.006)
Train: 13 [1800/2502 ( 72%)]  Loss: 51.395340 (51.4034)  BaseLoss: 51.395340 (51.4034)  RefAttnKL: 0.000e+00 (0.000e+00)  RefLogitKL: 0.000e+00 (0.000e+00)  AnchorRefAttnKL: 0.000e+00 (0.000e+00)  TeacherAttnKL: 0.000e+00 (0.000e+00)  TeacherRel: 0.000e+00 (0.000e+00)  TeacherAttnOut: 0.000e+00 (0.000e+00)  TeacherFeatOut: 0.000e+00 (0.000e+00)  ActScaleAnchor: 0.000e+00 (0.000e+00)  VarTrust: 0.000e+00 (0.000e+00)  DirAnchor: 0.000e+00 (0.000e+00)  BinReg: 0.000e+00 (0.000e+00)  SelBinAnchor: 0.000e+00 (0.000e+00)  ActBinMargin: 0.000e+00 (0.000e+00)  Time: 0.242s, 2116.94/s  (0.233s, 2201.47/s)  LR: 1.067e-05  RefW: 0.000e+00  AnchorRefW: 0.000e+00  Data: 0.005 (0.006)
Train: 13 [1850/2502 ( 74%)]  Loss: 51.391258 (51.4031)  BaseLoss: 51.391258 (51.4031)  RefAttnKL: 0.000e+00 (0.000e+00)  RefLogitKL: 0.000e+00 (0.000e+00)  AnchorRefAttnKL: 0.000e+00 (0.000e+00)  TeacherAttnKL: 0.000e+00 (0.000e+00)  TeacherRel: 0.000e+00 (0.000e+00)  TeacherAttnOut: 0.000e+00 (0.000e+00)  TeacherFeatOut: 0.000e+00 (0.000e+00)  ActScaleAnchor: 0.000e+00 (0.000e+00)  VarTrust: 0.000e+00 (0.000e+00)  DirAnchor: 0.000e+00 (0.000e+00)  BinReg: 0.000e+00 (0.000e+00)  SelBinAnchor: 0.000e+00 (0.000e+00)  ActBinMargin: 0.000e+00 (0.000e+00)  Time: 0.242s, 2116.40/s  (0.233s, 2201.92/s)  LR: 1.066e-05  RefW: 0.000e+00  AnchorRefW: 0.000e+00  Data: 0.006 (0.006)
Train: 13 [1900/2502 ( 76%)]  Loss: 51.427441 (51.4037)  BaseLoss: 51.427441 (51.4037)  RefAttnKL: 0.000e+00 (0.000e+00)  RefLogitKL: 0.000e+00 (0.000e+00)  AnchorRefAttnKL: 0.000e+00 (0.000e+00)  TeacherAttnKL: 0.000e+00 (0.000e+00)  TeacherRel: 0.000e+00 (0.000e+00)  TeacherAttnOut: 0.000e+00 (0.000e+00)  TeacherFeatOut: 0.000e+00 (0.000e+00)  ActScaleAnchor: 0.000e+00 (0.000e+00)  VarTrust: 0.000e+00 (0.000e+00)  DirAnchor: 0.000e+00 (0.000e+00)  BinReg: 0.000e+00 (0.000e+00)  SelBinAnchor: 0.000e+00 (0.000e+00)  ActBinMargin: 0.000e+00 (0.000e+00)  Time: 0.241s, 2120.27/s  (0.232s, 2202.63/s)  LR: 1.065e-05  RefW: 0.000e+00  AnchorRefW: 0.000e+00  Data: 0.006 (0.006)
Train: 13 [1950/2502 ( 78%)]  Loss: 51.457809 (51.4051)  BaseLoss: 51.457809 (51.4051)  RefAttnKL: 0.000e+00 (0.000e+00)  RefLogitKL: 0.000e+00 (0.000e+00)  AnchorRefAttnKL: 0.000e+00 (0.000e+00)  TeacherAttnKL: 0.000e+00 (0.000e+00)  TeacherRel: 0.000e+00 (0.000e+00)  TeacherAttnOut: 0.000e+00 (0.000e+00)  TeacherFeatOut: 0.000e+00 (0.000e+00)  ActScaleAnchor: 0.000e+00 (0.000e+00)  VarTrust: 0.000e+00 (0.000e+00)  DirAnchor: 0.000e+00 (0.000e+00)  BinReg: 0.000e+00 (0.000e+00)  SelBinAnchor: 0.000e+00 (0.000e+00)  ActBinMargin: 0.000e+00 (0.000e+00)  Time: 0.247s, 2075.26/s  (0.232s, 2203.17/s)  LR: 1.064e-05  RefW: 0.000e+00  AnchorRefW: 0.000e+00  Data: 0.006 (0.006)
Train: 13 [2000/2502 ( 80%)]  Loss: 51.407574 (51.4051)  BaseLoss: 51.407574 (51.4051)  RefAttnKL: 0.000e+00 (0.000e+00)  RefLogitKL: 0.000e+00 (0.000e+00)  AnchorRefAttnKL: 0.000e+00 (0.000e+00)  TeacherAttnKL: 0.000e+00 (0.000e+00)  TeacherRel: 0.000e+00 (0.000e+00)  TeacherAttnOut: 0.000e+00 (0.000e+00)  TeacherFeatOut: 0.000e+00 (0.000e+00)  ActScaleAnchor: 0.000e+00 (0.000e+00)  VarTrust: 0.000e+00 (0.000e+00)  DirAnchor: 0.000e+00 (0.000e+00)  BinReg: 0.000e+00 (0.000e+00)  SelBinAnchor: 0.000e+00 (0.000e+00)  ActBinMargin: 0.000e+00 (0.000e+00)  Time: 0.242s, 2119.67/s  (0.232s, 2203.80/s)  LR: 1.063e-05  RefW: 0.000e+00  AnchorRefW: 0.000e+00  Data: 0.006 (0.006)
Train: 13 [2050/2502 ( 82%)]  Loss: 51.353607 (51.4039)  BaseLoss: 51.353607 (51.4039)  RefAttnKL: 0.000e+00 (0.000e+00)  RefLogitKL: 0.000e+00 (0.000e+00)  AnchorRefAttnKL: 0.000e+00 (0.000e+00)  TeacherAttnKL: 0.000e+00 (0.000e+00)  TeacherRel: 0.000e+00 (0.000e+00)  TeacherAttnOut: 0.000e+00 (0.000e+00)  TeacherFeatOut: 0.000e+00 (0.000e+00)  ActScaleAnchor: 0.000e+00 (0.000e+00)  VarTrust: 0.000e+00 (0.000e+00)  DirAnchor: 0.000e+00 (0.000e+00)  BinReg: 0.000e+00 (0.000e+00)  SelBinAnchor: 0.000e+00 (0.000e+00)  ActBinMargin: 0.000e+00 (0.000e+00)  Time: 0.247s, 2075.90/s  (0.232s, 2204.29/s)  LR: 1.062e-05  RefW: 0.000e+00  AnchorRefW: 0.000e+00  Data: 0.007 (0.006)
Train: 13 [2100/2502 ( 84%)]  Loss: 51.371532 (51.4031)  BaseLoss: 51.371532 (51.4031)  RefAttnKL: 0.000e+00 (0.000e+00)  RefLogitKL: 0.000e+00 (0.000e+00)  AnchorRefAttnKL: 0.000e+00 (0.000e+00)  TeacherAttnKL: 0.000e+00 (0.000e+00)  TeacherRel: 0.000e+00 (0.000e+00)  TeacherAttnOut: 0.000e+00 (0.000e+00)  TeacherFeatOut: 0.000e+00 (0.000e+00)  ActScaleAnchor: 0.000e+00 (0.000e+00)  VarTrust: 0.000e+00 (0.000e+00)  DirAnchor: 0.000e+00 (0.000e+00)  BinReg: 0.000e+00 (0.000e+00)  SelBinAnchor: 0.000e+00 (0.000e+00)  ActBinMargin: 0.000e+00 (0.000e+00)  Time: 0.241s, 2125.31/s  (0.232s, 2204.79/s)  LR: 1.061e-05  RefW: 0.000e+00  AnchorRefW: 0.000e+00  Data: 0.006 (0.006)
Train: 13 [2150/2502 ( 86%)]  Loss: 51.379505 (51.4026)  BaseLoss: 51.379505 (51.4026)  RefAttnKL: 0.000e+00 (0.000e+00)  RefLogitKL: 0.000e+00 (0.000e+00)  AnchorRefAttnKL: 0.000e+00 (0.000e+00)  TeacherAttnKL: 0.000e+00 (0.000e+00)  TeacherRel: 0.000e+00 (0.000e+00)  TeacherAttnOut: 0.000e+00 (0.000e+00)  TeacherFeatOut: 0.000e+00 (0.000e+00)  ActScaleAnchor: 0.000e+00 (0.000e+00)  VarTrust: 0.000e+00 (0.000e+00)  DirAnchor: 0.000e+00 (0.000e+00)  BinReg: 0.000e+00 (0.000e+00)  SelBinAnchor: 0.000e+00 (0.000e+00)  ActBinMargin: 0.000e+00 (0.000e+00)  Time: 0.241s, 2128.81/s  (0.232s, 2205.14/s)  LR: 1.060e-05  RefW: 0.000e+00  AnchorRefW: 0.000e+00  Data: 0.006 (0.006)
Train: 13 [2200/2502 ( 88%)]  Loss: 51.396481 (51.4025)  BaseLoss: 51.396481 (51.4025)  RefAttnKL: 0.000e+00 (0.000e+00)  RefLogitKL: 0.000e+00 (0.000e+00)  AnchorRefAttnKL: 0.000e+00 (0.000e+00)  TeacherAttnKL: 0.000e+00 (0.000e+00)  TeacherRel: 0.000e+00 (0.000e+00)  TeacherAttnOut: 0.000e+00 (0.000e+00)  TeacherFeatOut: 0.000e+00 (0.000e+00)  ActScaleAnchor: 0.000e+00 (0.000e+00)  VarTrust: 0.000e+00 (0.000e+00)  DirAnchor: 0.000e+00 (0.000e+00)  BinReg: 0.000e+00 (0.000e+00)  SelBinAnchor: 0.000e+00 (0.000e+00)  ActBinMargin: 0.000e+00 (0.000e+00)  Time: 0.242s, 2111.65/s  (0.232s, 2205.25/s)  LR: 1.059e-05  RefW: 0.000e+00  AnchorRefW: 0.000e+00  Data: 0.006 (0.006)
Train: 13 [2250/2502 ( 90%)]  Loss: 51.410309 (51.4026)  BaseLoss: 51.410309 (51.4026)  RefAttnKL: 0.000e+00 (0.000e+00)  RefLogitKL: 0.000e+00 (0.000e+00)  AnchorRefAttnKL: 0.000e+00 (0.000e+00)  TeacherAttnKL: 0.000e+00 (0.000e+00)  TeacherRel: 0.000e+00 (0.000e+00)  TeacherAttnOut: 0.000e+00 (0.000e+00)  TeacherFeatOut: 0.000e+00 (0.000e+00)  ActScaleAnchor: 0.000e+00 (0.000e+00)  VarTrust: 0.000e+00 (0.000e+00)  DirAnchor: 0.000e+00 (0.000e+00)  BinReg: 0.000e+00 (0.000e+00)  SelBinAnchor: 0.000e+00 (0.000e+00)  ActBinMargin: 0.000e+00 (0.000e+00)  Time: 0.242s, 2113.65/s  (0.232s, 2205.72/s)  LR: 1.057e-05  RefW: 0.000e+00  AnchorRefW: 0.000e+00  Data: 0.007 (0.006)
Train: 13 [2300/2502 ( 92%)]  Loss: 51.425549 (51.4031)  BaseLoss: 51.425549 (51.4031)  RefAttnKL: 0.000e+00 (0.000e+00)  RefLogitKL: 0.000e+00 (0.000e+00)  AnchorRefAttnKL: 0.000e+00 (0.000e+00)  TeacherAttnKL: 0.000e+00 (0.000e+00)  TeacherRel: 0.000e+00 (0.000e+00)  TeacherAttnOut: 0.000e+00 (0.000e+00)  TeacherFeatOut: 0.000e+00 (0.000e+00)  ActScaleAnchor: 0.000e+00 (0.000e+00)  VarTrust: 0.000e+00 (0.000e+00)  DirAnchor: 0.000e+00 (0.000e+00)  BinReg: 0.000e+00 (0.000e+00)  SelBinAnchor: 0.000e+00 (0.000e+00)  ActBinMargin: 0.000e+00 (0.000e+00)  Time: 0.241s, 2120.82/s  (0.232s, 2206.04/s)  LR: 1.056e-05  RefW: 0.000e+00  AnchorRefW: 0.000e+00  Data: 0.005 (0.006)
Train: 13 [2350/2502 ( 94%)]  Loss: 51.435501 (51.4038)  BaseLoss: 51.435501 (51.4038)  RefAttnKL: 0.000e+00 (0.000e+00)  RefLogitKL: 0.000e+00 (0.000e+00)  AnchorRefAttnKL: 0.000e+00 (0.000e+00)  TeacherAttnKL: 0.000e+00 (0.000e+00)  TeacherRel: 0.000e+00 (0.000e+00)  TeacherAttnOut: 0.000e+00 (0.000e+00)  TeacherFeatOut: 0.000e+00 (0.000e+00)  ActScaleAnchor: 0.000e+00 (0.000e+00)  VarTrust: 0.000e+00 (0.000e+00)  DirAnchor: 0.000e+00 (0.000e+00)  BinReg: 0.000e+00 (0.000e+00)  SelBinAnchor: 0.000e+00 (0.000e+00)  ActBinMargin: 0.000e+00 (0.000e+00)  Time: 0.242s, 2115.48/s  (0.232s, 2206.48/s)  LR: 1.055e-05  RefW: 0.000e+00  AnchorRefW: 0.000e+00  Data: 0.006 (0.006)
Train: 13 [2400/2502 ( 96%)]  Loss: 51.391808 (51.4036)  BaseLoss: 51.391808 (51.4036)  RefAttnKL: 0.000e+00 (0.000e+00)  RefLogitKL: 0.000e+00 (0.000e+00)  AnchorRefAttnKL: 0.000e+00 (0.000e+00)  TeacherAttnKL: 0.000e+00 (0.000e+00)  TeacherRel: 0.000e+00 (0.000e+00)  TeacherAttnOut: 0.000e+00 (0.000e+00)  TeacherFeatOut: 0.000e+00 (0.000e+00)  ActScaleAnchor: 0.000e+00 (0.000e+00)  VarTrust: 0.000e+00 (0.000e+00)  DirAnchor: 0.000e+00 (0.000e+00)  BinReg: 0.000e+00 (0.000e+00)  SelBinAnchor: 0.000e+00 (0.000e+00)  ActBinMargin: 0.000e+00 (0.000e+00)  Time: 0.254s, 2015.92/s  (0.232s, 2206.73/s)  LR: 1.054e-05  RefW: 0.000e+00  AnchorRefW: 0.000e+00  Data: 0.005 (0.006)
Train: 13 [2450/2502 ( 98%)]  Loss: 51.421371 (51.4039)  BaseLoss: 51.421371 (51.4039)  RefAttnKL: 0.000e+00 (0.000e+00)  RefLogitKL: 0.000e+00 (0.000e+00)  AnchorRefAttnKL: 0.000e+00 (0.000e+00)  TeacherAttnKL: 0.000e+00 (0.000e+00)  TeacherRel: 0.000e+00 (0.000e+00)  TeacherAttnOut: 0.000e+00 (0.000e+00)  TeacherFeatOut: 0.000e+00 (0.000e+00)  ActScaleAnchor: 0.000e+00 (0.000e+00)  VarTrust: 0.000e+00 (0.000e+00)  DirAnchor: 0.000e+00 (0.000e+00)  BinReg: 0.000e+00 (0.000e+00)  SelBinAnchor: 0.000e+00 (0.000e+00)  ActBinMargin: 0.000e+00 (0.000e+00)  Time: 0.242s, 2119.11/s  (0.232s, 2207.03/s)  LR: 1.053e-05  RefW: 0.000e+00  AnchorRefW: 0.000e+00  Data: 0.006 (0.006)
TrainSummary: epoch=13 updates=2496 avg_step_time=0.231947s samples_per_step=512 samples_per_sec=2207.40
epoch:  13 g['lr']:  1.0523891076445579e-05
model eval
TestLocal: [   0/97]  Time: 0.903 (0.903)  Loss:  0.7667  Acc@1: 82.8125  Acc@5: 93.7500  Samples: 64
TestLocal: [  50/97]  Time: 0.093 (0.109)  Loss:  0.8237  Acc@1: 81.4645  Acc@5: 95.1593  Samples: 3264
TestLocal: [  97/97]  Time: 0.051 (0.100)  Loss:  0.8225  Acc@1: 81.1831  Acc@5: 95.2026  Samples: 6170
TestLocal: [ 100/97]  Time: 0.049 (0.099)  Loss:  0.8226  Acc@1: 81.1916  Acc@5: 95.2013  Samples: 6210
Test: [distributed-summary]  Time: 10.350s  Loss: 0.8431  Acc@1: 80.4500  Acc@5: 95.2680  Samples: 50000
Trainable parameter policy: epoch=14, quant_only=False, policy=all, trainable=28608256, frozen=0
AOQ explore scale ratio update: epoch=14, update=0, active=False, base_ratio=1.0, threshold_ratio=0.0, base_layers=(), selective_margin=0.0, base_quantizers=0, layer_ratios={}, layer_quantizers=0, layer_counts={}, quality_mode=none, quality_layers=(), quality_start_update=0, quality_min_frac=0.0, start_update=0, end_update=0
Trainable parameter update policy: epoch=14, update=0, mode=requires_grad, policy=all, trainable=28608256, frozen=0
Train: 14 [   0/2502 (  0%)]  Loss: 51.398075 (51.3981)  BaseLoss: 51.398075 (51.3981)  RefAttnKL: 0.000e+00 (0.000e+00)  RefLogitKL: 0.000e+00 (0.000e+00)  AnchorRefAttnKL: 0.000e+00 (0.000e+00)  TeacherAttnKL: 0.000e+00 (0.000e+00)  TeacherRel: 0.000e+00 (0.000e+00)  TeacherAttnOut: 0.000e+00 (0.000e+00)  TeacherFeatOut: 0.000e+00 (0.000e+00)  ActScaleAnchor: 0.000e+00 (0.000e+00)  VarTrust: 0.000e+00 (0.000e+00)  DirAnchor: 0.000e+00 (0.000e+00)  BinReg: 0.000e+00 (0.000e+00)  SelBinAnchor: 0.000e+00 (0.000e+00)  ActBinMargin: 0.000e+00 (0.000e+00)  Time: 0.926s,  553.20/s  (0.926s,  553.20/s)  LR: 1.052e-05  RefW: 0.000e+00  AnchorRefW: 0.000e+00  Data: 0.708 (0.708)
Train: 14 [  50/2502 (  2%)]  Loss: 51.376091 (51.3871)  BaseLoss: 51.376091 (51.3871)  RefAttnKL: 0.000e+00 (0.000e+00)  RefLogitKL: 0.000e+00 (0.000e+00)  AnchorRefAttnKL: 0.000e+00 (0.000e+00)  TeacherAttnKL: 0.000e+00 (0.000e+00)  TeacherRel: 0.000e+00 (0.000e+00)  TeacherAttnOut: 0.000e+00 (0.000e+00)  TeacherFeatOut: 0.000e+00 (0.000e+00)  ActScaleAnchor: 0.000e+00 (0.000e+00)  VarTrust: 0.000e+00 (0.000e+00)  DirAnchor: 0.000e+00 (0.000e+00)  BinReg: 0.000e+00 (0.000e+00)  SelBinAnchor: 0.000e+00 (0.000e+00)  ActBinMargin: 0.000e+00 (0.000e+00)  Time: 0.243s, 2109.71/s  (0.245s, 2087.01/s)  LR: 1.051e-05  RefW: 0.000e+00  AnchorRefW: 0.000e+00  Data: 0.005 (0.019)
Train: 14 [ 100/2502 (  4%)]  Loss: 51.405605 (51.3933)  BaseLoss: 51.405605 (51.3933)  RefAttnKL: 0.000e+00 (0.000e+00)  RefLogitKL: 0.000e+00 (0.000e+00)  AnchorRefAttnKL: 0.000e+00 (0.000e+00)  TeacherAttnKL: 0.000e+00 (0.000e+00)  TeacherRel: 0.000e+00 (0.000e+00)  TeacherAttnOut: 0.000e+00 (0.000e+00)  TeacherFeatOut: 0.000e+00 (0.000e+00)  ActScaleAnchor: 0.000e+00 (0.000e+00)  VarTrust: 0.000e+00 (0.000e+00)  DirAnchor: 0.000e+00 (0.000e+00)  BinReg: 0.000e+00 (0.000e+00)  SelBinAnchor: 0.000e+00 (0.000e+00)  ActBinMargin: 0.000e+00 (0.000e+00)  Time: 0.243s, 2107.93/s  (0.238s, 2149.79/s)  LR: 1.050e-05  RefW: 0.000e+00  AnchorRefW: 0.000e+00  Data: 0.006 (0.012)
Train: 14 [ 150/2502 (  6%)]  Loss: 51.399563 (51.3948)  BaseLoss: 51.399563 (51.3948)  RefAttnKL: 0.000e+00 (0.000e+00)  RefLogitKL: 0.000e+00 (0.000e+00)  AnchorRefAttnKL: 0.000e+00 (0.000e+00)  TeacherAttnKL: 0.000e+00 (0.000e+00)  TeacherRel: 0.000e+00 (0.000e+00)  TeacherAttnOut: 0.000e+00 (0.000e+00)  TeacherFeatOut: 0.000e+00 (0.000e+00)  ActScaleAnchor: 0.000e+00 (0.000e+00)  VarTrust: 0.000e+00 (0.000e+00)  DirAnchor: 0.000e+00 (0.000e+00)  BinReg: 0.000e+00 (0.000e+00)  SelBinAnchor: 0.000e+00 (0.000e+00)  ActBinMargin: 0.000e+00 (0.000e+00)  Time: 0.243s, 2110.37/s  (0.235s, 2174.51/s)  LR: 1.049e-05  RefW: 0.000e+00  AnchorRefW: 0.000e+00  Data: 0.005 (0.010)
Train: 14 [ 200/2502 (  8%)]  Loss: 51.410233 (51.3979)  BaseLoss: 51.410233 (51.3979)  RefAttnKL: 0.000e+00 (0.000e+00)  RefLogitKL: 0.000e+00 (0.000e+00)  AnchorRefAttnKL: 0.000e+00 (0.000e+00)  TeacherAttnKL: 0.000e+00 (0.000e+00)  TeacherRel: 0.000e+00 (0.000e+00)  TeacherAttnOut: 0.000e+00 (0.000e+00)  TeacherFeatOut: 0.000e+00 (0.000e+00)  ActScaleAnchor: 0.000e+00 (0.000e+00)  VarTrust: 0.000e+00 (0.000e+00)  DirAnchor: 0.000e+00 (0.000e+00)  BinReg: 0.000e+00 (0.000e+00)  SelBinAnchor: 0.000e+00 (0.000e+00)  ActBinMargin: 0.000e+00 (0.000e+00)  Time: 0.252s, 2027.80/s  (0.234s, 2186.57/s)  LR: 1.048e-05  RefW: 0.000e+00  AnchorRefW: 0.000e+00  Data: 0.005 (0.009)
Train: 14 [ 250/2502 ( 10%)]  Loss: 51.433197 (51.4038)  BaseLoss: 51.433197 (51.4038)  RefAttnKL: 0.000e+00 (0.000e+00)  RefLogitKL: 0.000e+00 (0.000e+00)  AnchorRefAttnKL: 0.000e+00 (0.000e+00)  TeacherAttnKL: 0.000e+00 (0.000e+00)  TeacherRel: 0.000e+00 (0.000e+00)  TeacherAttnOut: 0.000e+00 (0.000e+00)  TeacherFeatOut: 0.000e+00 (0.000e+00)  ActScaleAnchor: 0.000e+00 (0.000e+00)  VarTrust: 0.000e+00 (0.000e+00)  DirAnchor: 0.000e+00 (0.000e+00)  BinReg: 0.000e+00 (0.000e+00)  SelBinAnchor: 0.000e+00 (0.000e+00)  ActBinMargin: 0.000e+00 (0.000e+00)  Time: 0.242s, 2114.93/s  (0.234s, 2190.28/s)  LR: 1.047e-05  RefW: 0.000e+00  AnchorRefW: 0.000e+00  Data: 0.006 (0.008)
Train: 14 [ 300/2502 ( 12%)]  Loss: 51.406540 (51.4042)  BaseLoss: 51.406540 (51.4042)  RefAttnKL: 0.000e+00 (0.000e+00)  RefLogitKL: 0.000e+00 (0.000e+00)  AnchorRefAttnKL: 0.000e+00 (0.000e+00)  TeacherAttnKL: 0.000e+00 (0.000e+00)  TeacherRel: 0.000e+00 (0.000e+00)  TeacherAttnOut: 0.000e+00 (0.000e+00)  TeacherFeatOut: 0.000e+00 (0.000e+00)  ActScaleAnchor: 0.000e+00 (0.000e+00)  VarTrust: 0.000e+00 (0.000e+00)  DirAnchor: 0.000e+00 (0.000e+00)  BinReg: 0.000e+00 (0.000e+00)  SelBinAnchor: 0.000e+00 (0.000e+00)  ActBinMargin: 0.000e+00 (0.000e+00)  Time: 0.243s, 2109.74/s  (0.233s, 2195.52/s)  LR: 1.046e-05  RefW: 0.000e+00  AnchorRefW: 0.000e+00  Data: 0.006 (0.008)
Train: 14 [ 350/2502 ( 14%)]  Loss: 51.431782 (51.4076)  BaseLoss: 51.431782 (51.4076)  RefAttnKL: 0.000e+00 (0.000e+00)  RefLogitKL: 0.000e+00 (0.000e+00)  AnchorRefAttnKL: 0.000e+00 (0.000e+00)  TeacherAttnKL: 0.000e+00 (0.000e+00)  TeacherRel: 0.000e+00 (0.000e+00)  TeacherAttnOut: 0.000e+00 (0.000e+00)  TeacherFeatOut: 0.000e+00 (0.000e+00)  ActScaleAnchor: 0.000e+00 (0.000e+00)  VarTrust: 0.000e+00 (0.000e+00)  DirAnchor: 0.000e+00 (0.000e+00)  BinReg: 0.000e+00 (0.000e+00)  SelBinAnchor: 0.000e+00 (0.000e+00)  ActBinMargin: 0.000e+00 (0.000e+00)  Time: 0.242s, 2117.65/s  (0.233s, 2197.69/s)  LR: 1.045e-05  RefW: 0.000e+00  AnchorRefW: 0.000e+00  Data: 0.006 (0.008)
Train: 14 [ 400/2502 ( 16%)]  Loss: 51.442711 (51.4115)  BaseLoss: 51.442711 (51.4115)  RefAttnKL: 0.000e+00 (0.000e+00)  RefLogitKL: 0.000e+00 (0.000e+00)  AnchorRefAttnKL: 0.000e+00 (0.000e+00)  TeacherAttnKL: 0.000e+00 (0.000e+00)  TeacherRel: 0.000e+00 (0.000e+00)  TeacherAttnOut: 0.000e+00 (0.000e+00)  TeacherFeatOut: 0.000e+00 (0.000e+00)  ActScaleAnchor: 0.000e+00 (0.000e+00)  VarTrust: 0.000e+00 (0.000e+00)  DirAnchor: 0.000e+00 (0.000e+00)  BinReg: 0.000e+00 (0.000e+00)  SelBinAnchor: 0.000e+00 (0.000e+00)  ActBinMargin: 0.000e+00 (0.000e+00)  Time: 0.242s, 2113.94/s  (0.233s, 2201.65/s)  LR: 1.044e-05  RefW: 0.000e+00  AnchorRefW: 0.000e+00  Data: 0.005 (0.007)
Train: 14 [ 450/2502 ( 18%)]  Loss: 51.413345 (51.4117)  BaseLoss: 51.413345 (51.4117)  RefAttnKL: 0.000e+00 (0.000e+00)  RefLogitKL: 0.000e+00 (0.000e+00)  AnchorRefAttnKL: 0.000e+00 (0.000e+00)  TeacherAttnKL: 0.000e+00 (0.000e+00)  TeacherRel: 0.000e+00 (0.000e+00)  TeacherAttnOut: 0.000e+00 (0.000e+00)  TeacherFeatOut: 0.000e+00 (0.000e+00)  ActScaleAnchor: 0.000e+00 (0.000e+00)  VarTrust: 0.000e+00 (0.000e+00)  DirAnchor: 0.000e+00 (0.000e+00)  BinReg: 0.000e+00 (0.000e+00)  SelBinAnchor: 0.000e+00 (0.000e+00)  ActBinMargin: 0.000e+00 (0.000e+00)  Time: 0.243s, 2104.93/s  (0.232s, 2202.99/s)  LR: 1.043e-05  RefW: 0.000e+00  AnchorRefW: 0.000e+00  Data: 0.006 (0.007)
Train: 14 [ 500/2502 ( 20%)]  Loss: 51.450455 (51.4152)  BaseLoss: 51.450455 (51.4152)  RefAttnKL: 0.000e+00 (0.000e+00)  RefLogitKL: 0.000e+00 (0.000e+00)  AnchorRefAttnKL: 0.000e+00 (0.000e+00)  TeacherAttnKL: 0.000e+00 (0.000e+00)  TeacherRel: 0.000e+00 (0.000e+00)  TeacherAttnOut: 0.000e+00 (0.000e+00)  TeacherFeatOut: 0.000e+00 (0.000e+00)  ActScaleAnchor: 0.000e+00 (0.000e+00)  VarTrust: 0.000e+00 (0.000e+00)  DirAnchor: 0.000e+00 (0.000e+00)  BinReg: 0.000e+00 (0.000e+00)  SelBinAnchor: 0.000e+00 (0.000e+00)  ActBinMargin: 0.000e+00 (0.000e+00)  Time: 0.243s, 2107.53/s  (0.232s, 2205.10/s)  LR: 1.042e-05  RefW: 0.000e+00  AnchorRefW: 0.000e+00  Data: 0.006 (0.007)
Train: 14 [ 550/2502 ( 22%)]  Loss: 51.466694 (51.4195)  BaseLoss: 51.466694 (51.4195)  RefAttnKL: 0.000e+00 (0.000e+00)  RefLogitKL: 0.000e+00 (0.000e+00)  AnchorRefAttnKL: 0.000e+00 (0.000e+00)  TeacherAttnKL: 0.000e+00 (0.000e+00)  TeacherRel: 0.000e+00 (0.000e+00)  TeacherAttnOut: 0.000e+00 (0.000e+00)  TeacherFeatOut: 0.000e+00 (0.000e+00)  ActScaleAnchor: 0.000e+00 (0.000e+00)  VarTrust: 0.000e+00 (0.000e+00)  DirAnchor: 0.000e+00 (0.000e+00)  BinReg: 0.000e+00 (0.000e+00)  SelBinAnchor: 0.000e+00 (0.000e+00)  ActBinMargin: 0.000e+00 (0.000e+00)  Time: 0.243s, 2109.03/s  (0.232s, 2205.09/s)  LR: 1.041e-05  RefW: 0.000e+00  AnchorRefW: 0.000e+00  Data: 0.006 (0.007)
Train: 14 [ 600/2502 ( 24%)]  Loss: 51.368286 (51.4156)  BaseLoss: 51.368286 (51.4156)  RefAttnKL: 0.000e+00 (0.000e+00)  RefLogitKL: 0.000e+00 (0.000e+00)  AnchorRefAttnKL: 0.000e+00 (0.000e+00)  TeacherAttnKL: 0.000e+00 (0.000e+00)  TeacherRel: 0.000e+00 (0.000e+00)  TeacherAttnOut: 0.000e+00 (0.000e+00)  TeacherFeatOut: 0.000e+00 (0.000e+00)  ActScaleAnchor: 0.000e+00 (0.000e+00)  VarTrust: 0.000e+00 (0.000e+00)  DirAnchor: 0.000e+00 (0.000e+00)  BinReg: 0.000e+00 (0.000e+00)  SelBinAnchor: 0.000e+00 (0.000e+00)  ActBinMargin: 0.000e+00 (0.000e+00)  Time: 0.244s, 2098.12/s  (0.232s, 2206.87/s)  LR: 1.040e-05  RefW: 0.000e+00  AnchorRefW: 0.000e+00  Data: 0.006 (0.007)
Train: 14 [ 650/2502 ( 26%)]  Loss: 51.404877 (51.4148)  BaseLoss: 51.404877 (51.4148)  RefAttnKL: 0.000e+00 (0.000e+00)  RefLogitKL: 0.000e+00 (0.000e+00)  AnchorRefAttnKL: 0.000e+00 (0.000e+00)  TeacherAttnKL: 0.000e+00 (0.000e+00)  TeacherRel: 0.000e+00 (0.000e+00)  TeacherAttnOut: 0.000e+00 (0.000e+00)  TeacherFeatOut: 0.000e+00 (0.000e+00)  ActScaleAnchor: 0.000e+00 (0.000e+00)  VarTrust: 0.000e+00 (0.000e+00)  DirAnchor: 0.000e+00 (0.000e+00)  BinReg: 0.000e+00 (0.000e+00)  SelBinAnchor: 0.000e+00 (0.000e+00)  ActBinMargin: 0.000e+00 (0.000e+00)  Time: 0.243s, 2105.99/s  (0.232s, 2207.69/s)  LR: 1.039e-05  RefW: 0.000e+00  AnchorRefW: 0.000e+00  Data: 0.006 (0.007)
Train: 14 [ 700/2502 ( 28%)]  Loss: 51.366051 (51.4116)  BaseLoss: 51.366051 (51.4116)  RefAttnKL: 0.000e+00 (0.000e+00)  RefLogitKL: 0.000e+00 (0.000e+00)  AnchorRefAttnKL: 0.000e+00 (0.000e+00)  TeacherAttnKL: 0.000e+00 (0.000e+00)  TeacherRel: 0.000e+00 (0.000e+00)  TeacherAttnOut: 0.000e+00 (0.000e+00)  TeacherFeatOut: 0.000e+00 (0.000e+00)  ActScaleAnchor: 0.000e+00 (0.000e+00)  VarTrust: 0.000e+00 (0.000e+00)  DirAnchor: 0.000e+00 (0.000e+00)  BinReg: 0.000e+00 (0.000e+00)  SelBinAnchor: 0.000e+00 (0.000e+00)  ActBinMargin: 0.000e+00 (0.000e+00)  Time: 0.243s, 2105.57/s  (0.232s, 2208.86/s)  LR: 1.038e-05  RefW: 0.000e+00  AnchorRefW: 0.000e+00  Data: 0.005 (0.007)
Train: 14 [ 750/2502 ( 30%)]  Loss: 51.349674 (51.4077)  BaseLoss: 51.349674 (51.4077)  RefAttnKL: 0.000e+00 (0.000e+00)  RefLogitKL: 0.000e+00 (0.000e+00)  AnchorRefAttnKL: 0.000e+00 (0.000e+00)  TeacherAttnKL: 0.000e+00 (0.000e+00)  TeacherRel: 0.000e+00 (0.000e+00)  TeacherAttnOut: 0.000e+00 (0.000e+00)  TeacherFeatOut: 0.000e+00 (0.000e+00)  ActScaleAnchor: 0.000e+00 (0.000e+00)  VarTrust: 0.000e+00 (0.000e+00)  DirAnchor: 0.000e+00 (0.000e+00)  BinReg: 0.000e+00 (0.000e+00)  SelBinAnchor: 0.000e+00 (0.000e+00)  ActBinMargin: 0.000e+00 (0.000e+00)  Time: 0.247s, 2076.06/s  (0.232s, 2208.73/s)  LR: 1.037e-05  RefW: 0.000e+00  AnchorRefW: 0.000e+00  Data: 0.005 (0.007)
Train: 14 [ 800/2502 ( 32%)]  Loss: 51.394642 (51.4069)  BaseLoss: 51.394642 (51.4069)  RefAttnKL: 0.000e+00 (0.000e+00)  RefLogitKL: 0.000e+00 (0.000e+00)  AnchorRefAttnKL: 0.000e+00 (0.000e+00)  TeacherAttnKL: 0.000e+00 (0.000e+00)  TeacherRel: 0.000e+00 (0.000e+00)  TeacherAttnOut: 0.000e+00 (0.000e+00)  TeacherFeatOut: 0.000e+00 (0.000e+00)  ActScaleAnchor: 0.000e+00 (0.000e+00)  VarTrust: 0.000e+00 (0.000e+00)  DirAnchor: 0.000e+00 (0.000e+00)  BinReg: 0.000e+00 (0.000e+00)  SelBinAnchor: 0.000e+00 (0.000e+00)  ActBinMargin: 0.000e+00 (0.000e+00)  Time: 0.243s, 2107.18/s  (0.232s, 2209.39/s)  LR: 1.036e-05  RefW: 0.000e+00  AnchorRefW: 0.000e+00  Data: 0.006 (0.007)
Train: 14 [ 850/2502 ( 34%)]  Loss: 51.375355 (51.4052)  BaseLoss: 51.375355 (51.4052)  RefAttnKL: 0.000e+00 (0.000e+00)  RefLogitKL: 0.000e+00 (0.000e+00)  AnchorRefAttnKL: 0.000e+00 (0.000e+00)  TeacherAttnKL: 0.000e+00 (0.000e+00)  TeacherRel: 0.000e+00 (0.000e+00)  TeacherAttnOut: 0.000e+00 (0.000e+00)  TeacherFeatOut: 0.000e+00 (0.000e+00)  ActScaleAnchor: 0.000e+00 (0.000e+00)  VarTrust: 0.000e+00 (0.000e+00)  DirAnchor: 0.000e+00 (0.000e+00)  BinReg: 0.000e+00 (0.000e+00)  SelBinAnchor: 0.000e+00 (0.000e+00)  ActBinMargin: 0.000e+00 (0.000e+00)  Time: 0.264s, 1942.64/s  (0.232s, 2209.81/s)  LR: 1.035e-05  RefW: 0.000e+00  AnchorRefW: 0.000e+00  Data: 0.006 (0.007)
Train: 14 [ 900/2502 ( 36%)]  Loss: 51.401268 (51.4050)  BaseLoss: 51.401268 (51.4050)  RefAttnKL: 0.000e+00 (0.000e+00)  RefLogitKL: 0.000e+00 (0.000e+00)  AnchorRefAttnKL: 0.000e+00 (0.000e+00)  TeacherAttnKL: 0.000e+00 (0.000e+00)  TeacherRel: 0.000e+00 (0.000e+00)  TeacherAttnOut: 0.000e+00 (0.000e+00)  TeacherFeatOut: 0.000e+00 (0.000e+00)  ActScaleAnchor: 0.000e+00 (0.000e+00)  VarTrust: 0.000e+00 (0.000e+00)  DirAnchor: 0.000e+00 (0.000e+00)  BinReg: 0.000e+00 (0.000e+00)  SelBinAnchor: 0.000e+00 (0.000e+00)  ActBinMargin: 0.000e+00 (0.000e+00)  Time: 0.243s, 2103.41/s  (0.232s, 2209.94/s)  LR: 1.033e-05  RefW: 0.000e+00  AnchorRefW: 0.000e+00  Data: 0.005 (0.006)
Train: 14 [ 950/2502 ( 38%)]  Loss: 51.399410 (51.4047)  BaseLoss: 51.399410 (51.4047)  RefAttnKL: 0.000e+00 (0.000e+00)  RefLogitKL: 0.000e+00 (0.000e+00)  AnchorRefAttnKL: 0.000e+00 (0.000e+00)  TeacherAttnKL: 0.000e+00 (0.000e+00)  TeacherRel: 0.000e+00 (0.000e+00)  TeacherAttnOut: 0.000e+00 (0.000e+00)  TeacherFeatOut: 0.000e+00 (0.000e+00)  ActScaleAnchor: 0.000e+00 (0.000e+00)  VarTrust: 0.000e+00 (0.000e+00)  DirAnchor: 0.000e+00 (0.000e+00)  BinReg: 0.000e+00 (0.000e+00)  SelBinAnchor: 0.000e+00 (0.000e+00)  ActBinMargin: 0.000e+00 (0.000e+00)  Time: 0.243s, 2107.38/s  (0.232s, 2210.38/s)  LR: 1.032e-05  RefW: 0.000e+00  AnchorRefW: 0.000e+00  Data: 0.006 (0.006)
Train: 14 [1000/2502 ( 40%)]  Loss: 51.413830 (51.4051)  BaseLoss: 51.413830 (51.4051)  RefAttnKL: 0.000e+00 (0.000e+00)  RefLogitKL: 0.000e+00 (0.000e+00)  AnchorRefAttnKL: 0.000e+00 (0.000e+00)  TeacherAttnKL: 0.000e+00 (0.000e+00)  TeacherRel: 0.000e+00 (0.000e+00)  TeacherAttnOut: 0.000e+00 (0.000e+00)  TeacherFeatOut: 0.000e+00 (0.000e+00)  ActScaleAnchor: 0.000e+00 (0.000e+00)  VarTrust: 0.000e+00 (0.000e+00)  DirAnchor: 0.000e+00 (0.000e+00)  BinReg: 0.000e+00 (0.000e+00)  SelBinAnchor: 0.000e+00 (0.000e+00)  ActBinMargin: 0.000e+00 (0.000e+00)  Time: 0.242s, 2111.62/s  (0.232s, 2210.57/s)  LR: 1.031e-05  RefW: 0.000e+00  AnchorRefW: 0.000e+00  Data: 0.005 (0.006)
Train: 14 [1050/2502 ( 42%)]  Loss: 51.396080 (51.4047)  BaseLoss: 51.396080 (51.4047)  RefAttnKL: 0.000e+00 (0.000e+00)  RefLogitKL: 0.000e+00 (0.000e+00)  AnchorRefAttnKL: 0.000e+00 (0.000e+00)  TeacherAttnKL: 0.000e+00 (0.000e+00)  TeacherRel: 0.000e+00 (0.000e+00)  TeacherAttnOut: 0.000e+00 (0.000e+00)  TeacherFeatOut: 0.000e+00 (0.000e+00)  ActScaleAnchor: 0.000e+00 (0.000e+00)  VarTrust: 0.000e+00 (0.000e+00)  DirAnchor: 0.000e+00 (0.000e+00)  BinReg: 0.000e+00 (0.000e+00)  SelBinAnchor: 0.000e+00 (0.000e+00)  ActBinMargin: 0.000e+00 (0.000e+00)  Time: 0.242s, 2117.36/s  (0.232s, 2211.12/s)  LR: 1.030e-05  RefW: 0.000e+00  AnchorRefW: 0.000e+00  Data: 0.006 (0.006)
Train: 14 [1100/2502 ( 44%)]  Loss: 51.361183 (51.4028)  BaseLoss: 51.361183 (51.4028)  RefAttnKL: 0.000e+00 (0.000e+00)  RefLogitKL: 0.000e+00 (0.000e+00)  AnchorRefAttnKL: 0.000e+00 (0.000e+00)  TeacherAttnKL: 0.000e+00 (0.000e+00)  TeacherRel: 0.000e+00 (0.000e+00)  TeacherAttnOut: 0.000e+00 (0.000e+00)  TeacherFeatOut: 0.000e+00 (0.000e+00)  ActScaleAnchor: 0.000e+00 (0.000e+00)  VarTrust: 0.000e+00 (0.000e+00)  DirAnchor: 0.000e+00 (0.000e+00)  BinReg: 0.000e+00 (0.000e+00)  SelBinAnchor: 0.000e+00 (0.000e+00)  ActBinMargin: 0.000e+00 (0.000e+00)  Time: 0.243s, 2107.94/s  (0.232s, 2211.50/s)  LR: 1.029e-05  RefW: 0.000e+00  AnchorRefW: 0.000e+00  Data: 0.006 (0.006)
Train: 14 [1150/2502 ( 46%)]  Loss: 51.412563 (51.4032)  BaseLoss: 51.412563 (51.4032)  RefAttnKL: 0.000e+00 (0.000e+00)  RefLogitKL: 0.000e+00 (0.000e+00)  AnchorRefAttnKL: 0.000e+00 (0.000e+00)  TeacherAttnKL: 0.000e+00 (0.000e+00)  TeacherRel: 0.000e+00 (0.000e+00)  TeacherAttnOut: 0.000e+00 (0.000e+00)  TeacherFeatOut: 0.000e+00 (0.000e+00)  ActScaleAnchor: 0.000e+00 (0.000e+00)  VarTrust: 0.000e+00 (0.000e+00)  DirAnchor: 0.000e+00 (0.000e+00)  BinReg: 0.000e+00 (0.000e+00)  SelBinAnchor: 0.000e+00 (0.000e+00)  ActBinMargin: 0.000e+00 (0.000e+00)  Time: 0.243s, 2109.02/s  (0.231s, 2212.06/s)  LR: 1.028e-05  RefW: 0.000e+00  AnchorRefW: 0.000e+00  Data: 0.006 (0.006)
Train: 14 [1200/2502 ( 48%)]  Loss: 51.367867 (51.4018)  BaseLoss: 51.367867 (51.4018)  RefAttnKL: 0.000e+00 (0.000e+00)  RefLogitKL: 0.000e+00 (0.000e+00)  AnchorRefAttnKL: 0.000e+00 (0.000e+00)  TeacherAttnKL: 0.000e+00 (0.000e+00)  TeacherRel: 0.000e+00 (0.000e+00)  TeacherAttnOut: 0.000e+00 (0.000e+00)  TeacherFeatOut: 0.000e+00 (0.000e+00)  ActScaleAnchor: 0.000e+00 (0.000e+00)  VarTrust: 0.000e+00 (0.000e+00)  DirAnchor: 0.000e+00 (0.000e+00)  BinReg: 0.000e+00 (0.000e+00)  SelBinAnchor: 0.000e+00 (0.000e+00)  ActBinMargin: 0.000e+00 (0.000e+00)  Time: 0.243s, 2108.54/s  (0.231s, 2212.42/s)  LR: 1.027e-05  RefW: 0.000e+00  AnchorRefW: 0.000e+00  Data: 0.006 (0.006)
Train: 14 [1250/2502 ( 50%)]  Loss: 51.426800 (51.4028)  BaseLoss: 51.426800 (51.4028)  RefAttnKL: 0.000e+00 (0.000e+00)  RefLogitKL: 0.000e+00 (0.000e+00)  AnchorRefAttnKL: 0.000e+00 (0.000e+00)  TeacherAttnKL: 0.000e+00 (0.000e+00)  TeacherRel: 0.000e+00 (0.000e+00)  TeacherAttnOut: 0.000e+00 (0.000e+00)  TeacherFeatOut: 0.000e+00 (0.000e+00)  ActScaleAnchor: 0.000e+00 (0.000e+00)  VarTrust: 0.000e+00 (0.000e+00)  DirAnchor: 0.000e+00 (0.000e+00)  BinReg: 0.000e+00 (0.000e+00)  SelBinAnchor: 0.000e+00 (0.000e+00)  ActBinMargin: 0.000e+00 (0.000e+00)  Time: 0.242s, 2112.77/s  (0.231s, 2213.02/s)  LR: 1.026e-05  RefW: 0.000e+00  AnchorRefW: 0.000e+00  Data: 0.006 (0.006)
Train: 14 [1300/2502 ( 52%)]  Loss: 51.412800 (51.4031)  BaseLoss: 51.412800 (51.4031)  RefAttnKL: 0.000e+00 (0.000e+00)  RefLogitKL: 0.000e+00 (0.000e+00)  AnchorRefAttnKL: 0.000e+00 (0.000e+00)  TeacherAttnKL: 0.000e+00 (0.000e+00)  TeacherRel: 0.000e+00 (0.000e+00)  TeacherAttnOut: 0.000e+00 (0.000e+00)  TeacherFeatOut: 0.000e+00 (0.000e+00)  ActScaleAnchor: 0.000e+00 (0.000e+00)  VarTrust: 0.000e+00 (0.000e+00)  DirAnchor: 0.000e+00 (0.000e+00)  BinReg: 0.000e+00 (0.000e+00)  SelBinAnchor: 0.000e+00 (0.000e+00)  ActBinMargin: 0.000e+00 (0.000e+00)  Time: 0.241s, 2121.00/s  (0.231s, 2212.73/s)  LR: 1.025e-05  RefW: 0.000e+00  AnchorRefW: 0.000e+00  Data: 0.006 (0.006)
Train: 14 [1350/2502 ( 54%)]  Loss: 51.403240 (51.4032)  BaseLoss: 51.403240 (51.4032)  RefAttnKL: 0.000e+00 (0.000e+00)  RefLogitKL: 0.000e+00 (0.000e+00)  AnchorRefAttnKL: 0.000e+00 (0.000e+00)  TeacherAttnKL: 0.000e+00 (0.000e+00)  TeacherRel: 0.000e+00 (0.000e+00)  TeacherAttnOut: 0.000e+00 (0.000e+00)  TeacherFeatOut: 0.000e+00 (0.000e+00)  ActScaleAnchor: 0.000e+00 (0.000e+00)  VarTrust: 0.000e+00 (0.000e+00)  DirAnchor: 0.000e+00 (0.000e+00)  BinReg: 0.000e+00 (0.000e+00)  SelBinAnchor: 0.000e+00 (0.000e+00)  ActBinMargin: 0.000e+00 (0.000e+00)  Time: 0.242s, 2112.99/s  (0.231s, 2212.81/s)  LR: 1.024e-05  RefW: 0.000e+00  AnchorRefW: 0.000e+00  Data: 0.006 (0.006)
Train: 14 [1400/2502 ( 56%)]  Loss: 51.408295 (51.4033)  BaseLoss: 51.408295 (51.4033)  RefAttnKL: 0.000e+00 (0.000e+00)  RefLogitKL: 0.000e+00 (0.000e+00)  AnchorRefAttnKL: 0.000e+00 (0.000e+00)  TeacherAttnKL: 0.000e+00 (0.000e+00)  TeacherRel: 0.000e+00 (0.000e+00)  TeacherAttnOut: 0.000e+00 (0.000e+00)  TeacherFeatOut: 0.000e+00 (0.000e+00)  ActScaleAnchor: 0.000e+00 (0.000e+00)  VarTrust: 0.000e+00 (0.000e+00)  DirAnchor: 0.000e+00 (0.000e+00)  BinReg: 0.000e+00 (0.000e+00)  SelBinAnchor: 0.000e+00 (0.000e+00)  ActBinMargin: 0.000e+00 (0.000e+00)  Time: 0.255s, 2004.41/s  (0.231s, 2212.85/s)  LR: 1.023e-05  RefW: 0.000e+00  AnchorRefW: 0.000e+00  Data: 0.005 (0.006)
Train: 14 [1450/2502 ( 58%)]  Loss: 51.450890 (51.4049)  BaseLoss: 51.450890 (51.4049)  RefAttnKL: 0.000e+00 (0.000e+00)  RefLogitKL: 0.000e+00 (0.000e+00)  AnchorRefAttnKL: 0.000e+00 (0.000e+00)  TeacherAttnKL: 0.000e+00 (0.000e+00)  TeacherRel: 0.000e+00 (0.000e+00)  TeacherAttnOut: 0.000e+00 (0.000e+00)  TeacherFeatOut: 0.000e+00 (0.000e+00)  ActScaleAnchor: 0.000e+00 (0.000e+00)  VarTrust: 0.000e+00 (0.000e+00)  DirAnchor: 0.000e+00 (0.000e+00)  BinReg: 0.000e+00 (0.000e+00)  SelBinAnchor: 0.000e+00 (0.000e+00)  ActBinMargin: 0.000e+00 (0.000e+00)  Time: 0.243s, 2108.44/s  (0.231s, 2212.95/s)  LR: 1.022e-05  RefW: 0.000e+00  AnchorRefW: 0.000e+00  Data: 0.006 (0.006)
Train: 14 [1500/2502 ( 60%)]  Loss: 51.440163 (51.4061)  BaseLoss: 51.440163 (51.4061)  RefAttnKL: 0.000e+00 (0.000e+00)  RefLogitKL: 0.000e+00 (0.000e+00)  AnchorRefAttnKL: 0.000e+00 (0.000e+00)  TeacherAttnKL: 0.000e+00 (0.000e+00)  TeacherRel: 0.000e+00 (0.000e+00)  TeacherAttnOut: 0.000e+00 (0.000e+00)  TeacherFeatOut: 0.000e+00 (0.000e+00)  ActScaleAnchor: 0.000e+00 (0.000e+00)  VarTrust: 0.000e+00 (0.000e+00)  DirAnchor: 0.000e+00 (0.000e+00)  BinReg: 0.000e+00 (0.000e+00)  SelBinAnchor: 0.000e+00 (0.000e+00)  ActBinMargin: 0.000e+00 (0.000e+00)  Time: 0.244s, 2101.99/s  (0.231s, 2213.22/s)  LR: 1.021e-05  RefW: 0.000e+00  AnchorRefW: 0.000e+00  Data: 0.005 (0.006)
Train: 14 [1550/2502 ( 62%)]  Loss: 51.391548 (51.4056)  BaseLoss: 51.391548 (51.4056)  RefAttnKL: 0.000e+00 (0.000e+00)  RefLogitKL: 0.000e+00 (0.000e+00)  AnchorRefAttnKL: 0.000e+00 (0.000e+00)  TeacherAttnKL: 0.000e+00 (0.000e+00)  TeacherRel: 0.000e+00 (0.000e+00)  TeacherAttnOut: 0.000e+00 (0.000e+00)  TeacherFeatOut: 0.000e+00 (0.000e+00)  ActScaleAnchor: 0.000e+00 (0.000e+00)  VarTrust: 0.000e+00 (0.000e+00)  DirAnchor: 0.000e+00 (0.000e+00)  BinReg: 0.000e+00 (0.000e+00)  SelBinAnchor: 0.000e+00 (0.000e+00)  ActBinMargin: 0.000e+00 (0.000e+00)  Time: 0.242s, 2113.65/s  (0.231s, 2213.19/s)  LR: 1.020e-05  RefW: 0.000e+00  AnchorRefW: 0.000e+00  Data: 0.005 (0.006)
Train: 14 [1600/2502 ( 64%)]  Loss: 51.395306 (51.4053)  BaseLoss: 51.395306 (51.4053)  RefAttnKL: 0.000e+00 (0.000e+00)  RefLogitKL: 0.000e+00 (0.000e+00)  AnchorRefAttnKL: 0.000e+00 (0.000e+00)  TeacherAttnKL: 0.000e+00 (0.000e+00)  TeacherRel: 0.000e+00 (0.000e+00)  TeacherAttnOut: 0.000e+00 (0.000e+00)  TeacherFeatOut: 0.000e+00 (0.000e+00)  ActScaleAnchor: 0.000e+00 (0.000e+00)  VarTrust: 0.000e+00 (0.000e+00)  DirAnchor: 0.000e+00 (0.000e+00)  BinReg: 0.000e+00 (0.000e+00)  SelBinAnchor: 0.000e+00 (0.000e+00)  ActBinMargin: 0.000e+00 (0.000e+00)  Time: 0.244s, 2094.14/s  (0.231s, 2212.97/s)  LR: 1.019e-05  RefW: 0.000e+00  AnchorRefW: 0.000e+00  Data: 0.006 (0.006)
Train: 14 [1650/2502 ( 66%)]  Loss: 51.429905 (51.4060)  BaseLoss: 51.429905 (51.4060)  RefAttnKL: 0.000e+00 (0.000e+00)  RefLogitKL: 0.000e+00 (0.000e+00)  AnchorRefAttnKL: 0.000e+00 (0.000e+00)  TeacherAttnKL: 0.000e+00 (0.000e+00)  TeacherRel: 0.000e+00 (0.000e+00)  TeacherAttnOut: 0.000e+00 (0.000e+00)  TeacherFeatOut: 0.000e+00 (0.000e+00)  ActScaleAnchor: 0.000e+00 (0.000e+00)  VarTrust: 0.000e+00 (0.000e+00)  DirAnchor: 0.000e+00 (0.000e+00)  BinReg: 0.000e+00 (0.000e+00)  SelBinAnchor: 0.000e+00 (0.000e+00)  ActBinMargin: 0.000e+00 (0.000e+00)  Time: 0.246s, 2082.10/s  (0.231s, 2212.96/s)  LR: 1.018e-05  RefW: 0.000e+00  AnchorRefW: 0.000e+00  Data: 0.006 (0.006)
Train: 14 [1700/2502 ( 68%)]  Loss: 51.403793 (51.4059)  BaseLoss: 51.403793 (51.4059)  RefAttnKL: 0.000e+00 (0.000e+00)  RefLogitKL: 0.000e+00 (0.000e+00)  AnchorRefAttnKL: 0.000e+00 (0.000e+00)  TeacherAttnKL: 0.000e+00 (0.000e+00)  TeacherRel: 0.000e+00 (0.000e+00)  TeacherAttnOut: 0.000e+00 (0.000e+00)  TeacherFeatOut: 0.000e+00 (0.000e+00)  ActScaleAnchor: 0.000e+00 (0.000e+00)  VarTrust: 0.000e+00 (0.000e+00)  DirAnchor: 0.000e+00 (0.000e+00)  BinReg: 0.000e+00 (0.000e+00)  SelBinAnchor: 0.000e+00 (0.000e+00)  ActBinMargin: 0.000e+00 (0.000e+00)  Time: 0.245s, 2091.91/s  (0.231s, 2213.09/s)  LR: 1.017e-05  RefW: 0.000e+00  AnchorRefW: 0.000e+00  Data: 0.006 (0.006)
Train: 14 [1750/2502 ( 70%)]  Loss: 51.399788 (51.4058)  BaseLoss: 51.399788 (51.4058)  RefAttnKL: 0.000e+00 (0.000e+00)  RefLogitKL: 0.000e+00 (0.000e+00)  AnchorRefAttnKL: 0.000e+00 (0.000e+00)  TeacherAttnKL: 0.000e+00 (0.000e+00)  TeacherRel: 0.000e+00 (0.000e+00)  TeacherAttnOut: 0.000e+00 (0.000e+00)  TeacherFeatOut: 0.000e+00 (0.000e+00)  ActScaleAnchor: 0.000e+00 (0.000e+00)  VarTrust: 0.000e+00 (0.000e+00)  DirAnchor: 0.000e+00 (0.000e+00)  BinReg: 0.000e+00 (0.000e+00)  SelBinAnchor: 0.000e+00 (0.000e+00)  ActBinMargin: 0.000e+00 (0.000e+00)  Time: 0.242s, 2112.70/s  (0.231s, 2212.91/s)  LR: 1.016e-05  RefW: 0.000e+00  AnchorRefW: 0.000e+00  Data: 0.005 (0.006)
Train: 14 [1800/2502 ( 72%)]  Loss: 51.401604 (51.4057)  BaseLoss: 51.401604 (51.4057)  RefAttnKL: 0.000e+00 (0.000e+00)  RefLogitKL: 0.000e+00 (0.000e+00)  AnchorRefAttnKL: 0.000e+00 (0.000e+00)  TeacherAttnKL: 0.000e+00 (0.000e+00)  TeacherRel: 0.000e+00 (0.000e+00)  TeacherAttnOut: 0.000e+00 (0.000e+00)  TeacherFeatOut: 0.000e+00 (0.000e+00)  ActScaleAnchor: 0.000e+00 (0.000e+00)  VarTrust: 0.000e+00 (0.000e+00)  DirAnchor: 0.000e+00 (0.000e+00)  BinReg: 0.000e+00 (0.000e+00)  SelBinAnchor: 0.000e+00 (0.000e+00)  ActBinMargin: 0.000e+00 (0.000e+00)  Time: 0.244s, 2100.86/s  (0.231s, 2213.17/s)  LR: 1.015e-05  RefW: 0.000e+00  AnchorRefW: 0.000e+00  Data: 0.006 (0.006)
Train: 14 [1850/2502 ( 74%)]  Loss: 51.397316 (51.4054)  BaseLoss: 51.397316 (51.4054)  RefAttnKL: 0.000e+00 (0.000e+00)  RefLogitKL: 0.000e+00 (0.000e+00)  AnchorRefAttnKL: 0.000e+00 (0.000e+00)  TeacherAttnKL: 0.000e+00 (0.000e+00)  TeacherRel: 0.000e+00 (0.000e+00)  TeacherAttnOut: 0.000e+00 (0.000e+00)  TeacherFeatOut: 0.000e+00 (0.000e+00)  ActScaleAnchor: 0.000e+00 (0.000e+00)  VarTrust: 0.000e+00 (0.000e+00)  DirAnchor: 0.000e+00 (0.000e+00)  BinReg: 0.000e+00 (0.000e+00)  SelBinAnchor: 0.000e+00 (0.000e+00)  ActBinMargin: 0.000e+00 (0.000e+00)  Time: 0.243s, 2104.22/s  (0.231s, 2213.29/s)  LR: 1.014e-05  RefW: 0.000e+00  AnchorRefW: 0.000e+00  Data: 0.006 (0.006)
Train: 14 [1900/2502 ( 76%)]  Loss: 51.408577 (51.4055)  BaseLoss: 51.408577 (51.4055)  RefAttnKL: 0.000e+00 (0.000e+00)  RefLogitKL: 0.000e+00 (0.000e+00)  AnchorRefAttnKL: 0.000e+00 (0.000e+00)  TeacherAttnKL: 0.000e+00 (0.000e+00)  TeacherRel: 0.000e+00 (0.000e+00)  TeacherAttnOut: 0.000e+00 (0.000e+00)  TeacherFeatOut: 0.000e+00 (0.000e+00)  ActScaleAnchor: 0.000e+00 (0.000e+00)  VarTrust: 0.000e+00 (0.000e+00)  DirAnchor: 0.000e+00 (0.000e+00)  BinReg: 0.000e+00 (0.000e+00)  SelBinAnchor: 0.000e+00 (0.000e+00)  ActBinMargin: 0.000e+00 (0.000e+00)  Time: 0.247s, 2076.61/s  (0.231s, 2213.43/s)  LR: 1.013e-05  RefW: 0.000e+00  AnchorRefW: 0.000e+00  Data: 0.006 (0.006)
Train: 14 [1950/2502 ( 78%)]  Loss: 51.450726 (51.4067)  BaseLoss: 51.450726 (51.4067)  RefAttnKL: 0.000e+00 (0.000e+00)  RefLogitKL: 0.000e+00 (0.000e+00)  AnchorRefAttnKL: 0.000e+00 (0.000e+00)  TeacherAttnKL: 0.000e+00 (0.000e+00)  TeacherRel: 0.000e+00 (0.000e+00)  TeacherAttnOut: 0.000e+00 (0.000e+00)  TeacherFeatOut: 0.000e+00 (0.000e+00)  ActScaleAnchor: 0.000e+00 (0.000e+00)  VarTrust: 0.000e+00 (0.000e+00)  DirAnchor: 0.000e+00 (0.000e+00)  BinReg: 0.000e+00 (0.000e+00)  SelBinAnchor: 0.000e+00 (0.000e+00)  ActBinMargin: 0.000e+00 (0.000e+00)  Time: 0.246s, 2080.96/s  (0.231s, 2213.41/s)  LR: 1.012e-05  RefW: 0.000e+00  AnchorRefW: 0.000e+00  Data: 0.006 (0.006)
Train: 14 [2000/2502 ( 80%)]  Loss: 51.430614 (51.4072)  BaseLoss: 51.430614 (51.4072)  RefAttnKL: 0.000e+00 (0.000e+00)  RefLogitKL: 0.000e+00 (0.000e+00)  AnchorRefAttnKL: 0.000e+00 (0.000e+00)  TeacherAttnKL: 0.000e+00 (0.000e+00)  TeacherRel: 0.000e+00 (0.000e+00)  TeacherAttnOut: 0.000e+00 (0.000e+00)  TeacherFeatOut: 0.000e+00 (0.000e+00)  ActScaleAnchor: 0.000e+00 (0.000e+00)  VarTrust: 0.000e+00 (0.000e+00)  DirAnchor: 0.000e+00 (0.000e+00)  BinReg: 0.000e+00 (0.000e+00)  SelBinAnchor: 0.000e+00 (0.000e+00)  ActBinMargin: 0.000e+00 (0.000e+00)  Time: 0.242s, 2113.88/s  (0.231s, 2213.56/s)  LR: 1.010e-05  RefW: 0.000e+00  AnchorRefW: 0.000e+00  Data: 0.006 (0.006)
Train: 14 [2050/2502 ( 82%)]  Loss: 51.366791 (51.4063)  BaseLoss: 51.366791 (51.4063)  RefAttnKL: 0.000e+00 (0.000e+00)  RefLogitKL: 0.000e+00 (0.000e+00)  AnchorRefAttnKL: 0.000e+00 (0.000e+00)  TeacherAttnKL: 0.000e+00 (0.000e+00)  TeacherRel: 0.000e+00 (0.000e+00)  TeacherAttnOut: 0.000e+00 (0.000e+00)  TeacherFeatOut: 0.000e+00 (0.000e+00)  ActScaleAnchor: 0.000e+00 (0.000e+00)  VarTrust: 0.000e+00 (0.000e+00)  DirAnchor: 0.000e+00 (0.000e+00)  BinReg: 0.000e+00 (0.000e+00)  SelBinAnchor: 0.000e+00 (0.000e+00)  ActBinMargin: 0.000e+00 (0.000e+00)  Time: 0.246s, 2077.88/s  (0.231s, 2213.67/s)  LR: 1.009e-05  RefW: 0.000e+00  AnchorRefW: 0.000e+00  Data: 0.006 (0.006)
Train: 14 [2100/2502 ( 84%)]  Loss: 51.392982 (51.4060)  BaseLoss: 51.392982 (51.4060)  RefAttnKL: 0.000e+00 (0.000e+00)  RefLogitKL: 0.000e+00 (0.000e+00)  AnchorRefAttnKL: 0.000e+00 (0.000e+00)  TeacherAttnKL: 0.000e+00 (0.000e+00)  TeacherRel: 0.000e+00 (0.000e+00)  TeacherAttnOut: 0.000e+00 (0.000e+00)  TeacherFeatOut: 0.000e+00 (0.000e+00)  ActScaleAnchor: 0.000e+00 (0.000e+00)  VarTrust: 0.000e+00 (0.000e+00)  DirAnchor: 0.000e+00 (0.000e+00)  BinReg: 0.000e+00 (0.000e+00)  SelBinAnchor: 0.000e+00 (0.000e+00)  ActBinMargin: 0.000e+00 (0.000e+00)  Time: 0.242s, 2111.46/s  (0.231s, 2213.92/s)  LR: 1.008e-05  RefW: 0.000e+00  AnchorRefW: 0.000e+00  Data: 0.006 (0.006)
Train: 14 [2150/2502 ( 86%)]  Loss: 51.396210 (51.4057)  BaseLoss: 51.396210 (51.4057)  RefAttnKL: 0.000e+00 (0.000e+00)  RefLogitKL: 0.000e+00 (0.000e+00)  AnchorRefAttnKL: 0.000e+00 (0.000e+00)  TeacherAttnKL: 0.000e+00 (0.000e+00)  TeacherRel: 0.000e+00 (0.000e+00)  TeacherAttnOut: 0.000e+00 (0.000e+00)  TeacherFeatOut: 0.000e+00 (0.000e+00)  ActScaleAnchor: 0.000e+00 (0.000e+00)  VarTrust: 0.000e+00 (0.000e+00)  DirAnchor: 0.000e+00 (0.000e+00)  BinReg: 0.000e+00 (0.000e+00)  SelBinAnchor: 0.000e+00 (0.000e+00)  ActBinMargin: 0.000e+00 (0.000e+00)  Time: 0.245s, 2090.27/s  (0.231s, 2214.02/s)  LR: 1.007e-05  RefW: 0.000e+00  AnchorRefW: 0.000e+00  Data: 0.005 (0.006)
Train: 14 [2200/2502 ( 88%)]  Loss: 51.385212 (51.4053)  BaseLoss: 51.385212 (51.4053)  RefAttnKL: 0.000e+00 (0.000e+00)  RefLogitKL: 0.000e+00 (0.000e+00)  AnchorRefAttnKL: 0.000e+00 (0.000e+00)  TeacherAttnKL: 0.000e+00 (0.000e+00)  TeacherRel: 0.000e+00 (0.000e+00)  TeacherAttnOut: 0.000e+00 (0.000e+00)  TeacherFeatOut: 0.000e+00 (0.000e+00)  ActScaleAnchor: 0.000e+00 (0.000e+00)  VarTrust: 0.000e+00 (0.000e+00)  DirAnchor: 0.000e+00 (0.000e+00)  BinReg: 0.000e+00 (0.000e+00)  SelBinAnchor: 0.000e+00 (0.000e+00)  ActBinMargin: 0.000e+00 (0.000e+00)  Time: 0.244s, 2097.08/s  (0.231s, 2213.87/s)  LR: 1.006e-05  RefW: 0.000e+00  AnchorRefW: 0.000e+00  Data: 0.005 (0.006)
Train: 14 [2250/2502 ( 90%)]  Loss: 51.400955 (51.4052)  BaseLoss: 51.400955 (51.4052)  RefAttnKL: 0.000e+00 (0.000e+00)  RefLogitKL: 0.000e+00 (0.000e+00)  AnchorRefAttnKL: 0.000e+00 (0.000e+00)  TeacherAttnKL: 0.000e+00 (0.000e+00)  TeacherRel: 0.000e+00 (0.000e+00)  TeacherAttnOut: 0.000e+00 (0.000e+00)  TeacherFeatOut: 0.000e+00 (0.000e+00)  ActScaleAnchor: 0.000e+00 (0.000e+00)  VarTrust: 0.000e+00 (0.000e+00)  DirAnchor: 0.000e+00 (0.000e+00)  BinReg: 0.000e+00 (0.000e+00)  SelBinAnchor: 0.000e+00 (0.000e+00)  ActBinMargin: 0.000e+00 (0.000e+00)  Time: 0.245s, 2085.79/s  (0.231s, 2214.03/s)  LR: 1.005e-05  RefW: 0.000e+00  AnchorRefW: 0.000e+00  Data: 0.006 (0.006)
Train: 14 [2300/2502 ( 92%)]  Loss: 51.428131 (51.4057)  BaseLoss: 51.428131 (51.4057)  RefAttnKL: 0.000e+00 (0.000e+00)  RefLogitKL: 0.000e+00 (0.000e+00)  AnchorRefAttnKL: 0.000e+00 (0.000e+00)  TeacherAttnKL: 0.000e+00 (0.000e+00)  TeacherRel: 0.000e+00 (0.000e+00)  TeacherAttnOut: 0.000e+00 (0.000e+00)  TeacherFeatOut: 0.000e+00 (0.000e+00)  ActScaleAnchor: 0.000e+00 (0.000e+00)  VarTrust: 0.000e+00 (0.000e+00)  DirAnchor: 0.000e+00 (0.000e+00)  BinReg: 0.000e+00 (0.000e+00)  SelBinAnchor: 0.000e+00 (0.000e+00)  ActBinMargin: 0.000e+00 (0.000e+00)  Time: 0.246s, 2082.02/s  (0.231s, 2213.93/s)  LR: 1.004e-05  RefW: 0.000e+00  AnchorRefW: 0.000e+00  Data: 0.006 (0.006)
Train: 14 [2350/2502 ( 94%)]  Loss: 51.426170 (51.4061)  BaseLoss: 51.426170 (51.4061)  RefAttnKL: 0.000e+00 (0.000e+00)  RefLogitKL: 0.000e+00 (0.000e+00)  AnchorRefAttnKL: 0.000e+00 (0.000e+00)  TeacherAttnKL: 0.000e+00 (0.000e+00)  TeacherRel: 0.000e+00 (0.000e+00)  TeacherAttnOut: 0.000e+00 (0.000e+00)  TeacherFeatOut: 0.000e+00 (0.000e+00)  ActScaleAnchor: 0.000e+00 (0.000e+00)  VarTrust: 0.000e+00 (0.000e+00)  DirAnchor: 0.000e+00 (0.000e+00)  BinReg: 0.000e+00 (0.000e+00)  SelBinAnchor: 0.000e+00 (0.000e+00)  ActBinMargin: 0.000e+00 (0.000e+00)  Time: 0.245s, 2089.31/s  (0.231s, 2214.02/s)  LR: 1.003e-05  RefW: 0.000e+00  AnchorRefW: 0.000e+00  Data: 0.005 (0.006)
Train: 14 [2400/2502 ( 96%)]  Loss: 51.401909 (51.4060)  BaseLoss: 51.401909 (51.4060)  RefAttnKL: 0.000e+00 (0.000e+00)  RefLogitKL: 0.000e+00 (0.000e+00)  AnchorRefAttnKL: 0.000e+00 (0.000e+00)  TeacherAttnKL: 0.000e+00 (0.000e+00)  TeacherRel: 0.000e+00 (0.000e+00)  TeacherAttnOut: 0.000e+00 (0.000e+00)  TeacherFeatOut: 0.000e+00 (0.000e+00)  ActScaleAnchor: 0.000e+00 (0.000e+00)  VarTrust: 0.000e+00 (0.000e+00)  DirAnchor: 0.000e+00 (0.000e+00)  BinReg: 0.000e+00 (0.000e+00)  SelBinAnchor: 0.000e+00 (0.000e+00)  ActBinMargin: 0.000e+00 (0.000e+00)  Time: 0.242s, 2114.75/s  (0.231s, 2213.91/s)  LR: 1.002e-05  RefW: 0.000e+00  AnchorRefW: 0.000e+00  Data: 0.006 (0.006)
Train: 14 [2450/2502 ( 98%)]  Loss: 51.414963 (51.4062)  BaseLoss: 51.414963 (51.4062)  RefAttnKL: 0.000e+00 (0.000e+00)  RefLogitKL: 0.000e+00 (0.000e+00)  AnchorRefAttnKL: 0.000e+00 (0.000e+00)  TeacherAttnKL: 0.000e+00 (0.000e+00)  TeacherRel: 0.000e+00 (0.000e+00)  TeacherAttnOut: 0.000e+00 (0.000e+00)  TeacherFeatOut: 0.000e+00 (0.000e+00)  ActScaleAnchor: 0.000e+00 (0.000e+00)  VarTrust: 0.000e+00 (0.000e+00)  DirAnchor: 0.000e+00 (0.000e+00)  BinReg: 0.000e+00 (0.000e+00)  SelBinAnchor: 0.000e+00 (0.000e+00)  ActBinMargin: 0.000e+00 (0.000e+00)  Time: 0.242s, 2113.01/s  (0.231s, 2213.97/s)  LR: 1.001e-05  RefW: 0.000e+00  AnchorRefW: 0.000e+00  Data: 0.006 (0.006)
TrainSummary: epoch=14 updates=2496 avg_step_time=0.231225s samples_per_step=512 samples_per_sec=2214.29
epoch:  14 g['lr']:  1.000125565129565e-05
model eval
TestLocal: [   0/97]  Time: 0.942 (0.942)  Loss:  0.7386  Acc@1: 79.6875  Acc@5: 95.3125  Samples: 64
TestLocal: [  50/97]  Time: 0.092 (0.109)  Loss:  0.8173  Acc@1: 81.0968  Acc@5: 95.3431  Samples: 3264
TestLocal: [  97/97]  Time: 0.049 (0.100)  Loss:  0.8162  Acc@1: 80.9724  Acc@5: 95.3809  Samples: 6170
TestLocal: [ 100/97]  Time: 0.049 (0.099)  Loss:  0.8164  Acc@1: 80.9662  Acc@5: 95.3784  Samples: 6210
Test: [distributed-summary]  Time: 10.561s  Loss: 0.8399  Acc@1: 80.2780  Acc@5: 95.3400  Samples: 50000
Trainable parameter policy: epoch=15, quant_only=False, policy=all, trainable=28608256, frozen=0
AOQ explore scale ratio update: epoch=15, update=0, active=False, base_ratio=1.0, threshold_ratio=0.0, base_layers=(), selective_margin=0.0, base_quantizers=0, layer_ratios={}, layer_quantizers=0, layer_counts={}, quality_mode=none, quality_layers=(), quality_start_update=0, quality_min_frac=0.0, start_update=0, end_update=0
Trainable parameter update policy: epoch=15, update=0, mode=requires_grad, policy=all, trainable=28608256, frozen=0
Train: 15 [   0/2502 (  0%)]  Loss: 51.403698 (51.4037)  BaseLoss: 51.403698 (51.4037)  RefAttnKL: 0.000e+00 (0.000e+00)  RefLogitKL: 0.000e+00 (0.000e+00)  AnchorRefAttnKL: 0.000e+00 (0.000e+00)  TeacherAttnKL: 0.000e+00 (0.000e+00)  TeacherRel: 0.000e+00 (0.000e+00)  TeacherAttnOut: 0.000e+00 (0.000e+00)  TeacherFeatOut: 0.000e+00 (0.000e+00)  ActScaleAnchor: 0.000e+00 (0.000e+00)  VarTrust: 0.000e+00 (0.000e+00)  DirAnchor: 0.000e+00 (0.000e+00)  BinReg: 0.000e+00 (0.000e+00)  SelBinAnchor: 0.000e+00 (0.000e+00)  ActBinMargin: 0.000e+00 (0.000e+00)  Time: 0.982s,  521.43/s  (0.982s,  521.43/s)  LR: 1.000e-05  RefW: 0.000e+00  AnchorRefW: 0.000e+00  Data: 0.747 (0.747)
Train: 15 [  50/2502 (  2%)]  Loss: 51.396275 (51.4000)  BaseLoss: 51.396275 (51.4000)  RefAttnKL: 0.000e+00 (0.000e+00)  RefLogitKL: 0.000e+00 (0.000e+00)  AnchorRefAttnKL: 0.000e+00 (0.000e+00)  TeacherAttnKL: 0.000e+00 (0.000e+00)  TeacherRel: 0.000e+00 (0.000e+00)  TeacherAttnOut: 0.000e+00 (0.000e+00)  TeacherFeatOut: 0.000e+00 (0.000e+00)  ActScaleAnchor: 0.000e+00 (0.000e+00)  VarTrust: 0.000e+00 (0.000e+00)  DirAnchor: 0.000e+00 (0.000e+00)  BinReg: 0.000e+00 (0.000e+00)  SelBinAnchor: 0.000e+00 (0.000e+00)  ActBinMargin: 0.000e+00 (0.000e+00)  Time: 0.242s, 2113.41/s  (0.245s, 2087.75/s)  LR: 9.989e-06  RefW: 0.000e+00  AnchorRefW: 0.000e+00  Data: 0.005 (0.020)
Train: 15 [ 100/2502 (  4%)]  Loss: 51.394287 (51.3981)  BaseLoss: 51.394287 (51.3981)  RefAttnKL: 0.000e+00 (0.000e+00)  RefLogitKL: 0.000e+00 (0.000e+00)  AnchorRefAttnKL: 0.000e+00 (0.000e+00)  TeacherAttnKL: 0.000e+00 (0.000e+00)  TeacherRel: 0.000e+00 (0.000e+00)  TeacherAttnOut: 0.000e+00 (0.000e+00)  TeacherFeatOut: 0.000e+00 (0.000e+00)  ActScaleAnchor: 0.000e+00 (0.000e+00)  VarTrust: 0.000e+00 (0.000e+00)  DirAnchor: 0.000e+00 (0.000e+00)  BinReg: 0.000e+00 (0.000e+00)  SelBinAnchor: 0.000e+00 (0.000e+00)  ActBinMargin: 0.000e+00 (0.000e+00)  Time: 0.244s, 2099.69/s  (0.238s, 2147.66/s)  LR: 9.979e-06  RefW: 0.000e+00  AnchorRefW: 0.000e+00  Data: 0.006 (0.013)
Train: 15 [ 150/2502 (  6%)]  Loss: 51.383244 (51.3944)  BaseLoss: 51.383244 (51.3944)  RefAttnKL: 0.000e+00 (0.000e+00)  RefLogitKL: 0.000e+00 (0.000e+00)  AnchorRefAttnKL: 0.000e+00 (0.000e+00)  TeacherAttnKL: 0.000e+00 (0.000e+00)  TeacherRel: 0.000e+00 (0.000e+00)  TeacherAttnOut: 0.000e+00 (0.000e+00)  TeacherFeatOut: 0.000e+00 (0.000e+00)  ActScaleAnchor: 0.000e+00 (0.000e+00)  VarTrust: 0.000e+00 (0.000e+00)  DirAnchor: 0.000e+00 (0.000e+00)  BinReg: 0.000e+00 (0.000e+00)  SelBinAnchor: 0.000e+00 (0.000e+00)  ActBinMargin: 0.000e+00 (0.000e+00)  Time: 0.257s, 1990.00/s  (0.236s, 2170.35/s)  LR: 9.968e-06  RefW: 0.000e+00  AnchorRefW: 0.000e+00  Data: 0.005 (0.011)
Train: 15 [ 200/2502 (  8%)]  Loss: 51.380547 (51.3916)  BaseLoss: 51.380547 (51.3916)  RefAttnKL: 0.000e+00 (0.000e+00)  RefLogitKL: 0.000e+00 (0.000e+00)  AnchorRefAttnKL: 0.000e+00 (0.000e+00)  TeacherAttnKL: 0.000e+00 (0.000e+00)  TeacherRel: 0.000e+00 (0.000e+00)  TeacherAttnOut: 0.000e+00 (0.000e+00)  TeacherFeatOut: 0.000e+00 (0.000e+00)  ActScaleAnchor: 0.000e+00 (0.000e+00)  VarTrust: 0.000e+00 (0.000e+00)  DirAnchor: 0.000e+00 (0.000e+00)  BinReg: 0.000e+00 (0.000e+00)  SelBinAnchor: 0.000e+00 (0.000e+00)  ActBinMargin: 0.000e+00 (0.000e+00)  Time: 0.243s, 2106.46/s  (0.234s, 2183.97/s)  LR: 9.958e-06  RefW: 0.000e+00  AnchorRefW: 0.000e+00  Data: 0.006 (0.009)
Train: 15 [ 250/2502 ( 10%)]  Loss: 51.424534 (51.3971)  BaseLoss: 51.424534 (51.3971)  RefAttnKL: 0.000e+00 (0.000e+00)  RefLogitKL: 0.000e+00 (0.000e+00)  AnchorRefAttnKL: 0.000e+00 (0.000e+00)  TeacherAttnKL: 0.000e+00 (0.000e+00)  TeacherRel: 0.000e+00 (0.000e+00)  TeacherAttnOut: 0.000e+00 (0.000e+00)  TeacherFeatOut: 0.000e+00 (0.000e+00)  ActScaleAnchor: 0.000e+00 (0.000e+00)  VarTrust: 0.000e+00 (0.000e+00)  DirAnchor: 0.000e+00 (0.000e+00)  BinReg: 0.000e+00 (0.000e+00)  SelBinAnchor: 0.000e+00 (0.000e+00)  ActBinMargin: 0.000e+00 (0.000e+00)  Time: 0.243s, 2108.50/s  (0.234s, 2192.06/s)  LR: 9.947e-06  RefW: 0.000e+00  AnchorRefW: 0.000e+00  Data: 0.006 (0.009)
Train: 15 [ 300/2502 ( 12%)]  Loss: 51.377026 (51.3942)  BaseLoss: 51.377026 (51.3942)  RefAttnKL: 0.000e+00 (0.000e+00)  RefLogitKL: 0.000e+00 (0.000e+00)  AnchorRefAttnKL: 0.000e+00 (0.000e+00)  TeacherAttnKL: 0.000e+00 (0.000e+00)  TeacherRel: 0.000e+00 (0.000e+00)  TeacherAttnOut: 0.000e+00 (0.000e+00)  TeacherFeatOut: 0.000e+00 (0.000e+00)  ActScaleAnchor: 0.000e+00 (0.000e+00)  VarTrust: 0.000e+00 (0.000e+00)  DirAnchor: 0.000e+00 (0.000e+00)  BinReg: 0.000e+00 (0.000e+00)  SelBinAnchor: 0.000e+00 (0.000e+00)  ActBinMargin: 0.000e+00 (0.000e+00)  Time: 0.243s, 2110.31/s  (0.233s, 2195.55/s)  LR: 9.937e-06  RefW: 0.000e+00  AnchorRefW: 0.000e+00  Data: 0.006 (0.008)
Train: 15 [ 350/2502 ( 14%)]  Loss: 51.438789 (51.3998)  BaseLoss: 51.438789 (51.3998)  RefAttnKL: 0.000e+00 (0.000e+00)  RefLogitKL: 0.000e+00 (0.000e+00)  AnchorRefAttnKL: 0.000e+00 (0.000e+00)  TeacherAttnKL: 0.000e+00 (0.000e+00)  TeacherRel: 0.000e+00 (0.000e+00)  TeacherAttnOut: 0.000e+00 (0.000e+00)  TeacherFeatOut: 0.000e+00 (0.000e+00)  ActScaleAnchor: 0.000e+00 (0.000e+00)  VarTrust: 0.000e+00 (0.000e+00)  DirAnchor: 0.000e+00 (0.000e+00)  BinReg: 0.000e+00 (0.000e+00)  SelBinAnchor: 0.000e+00 (0.000e+00)  ActBinMargin: 0.000e+00 (0.000e+00)  Time: 0.243s, 2107.56/s  (0.233s, 2198.82/s)  LR: 9.927e-06  RefW: 0.000e+00  AnchorRefW: 0.000e+00  Data: 0.007 (0.008)
Train: 15 [ 400/2502 ( 16%)]  Loss: 51.427284 (51.4029)  BaseLoss: 51.427284 (51.4029)  RefAttnKL: 0.000e+00 (0.000e+00)  RefLogitKL: 0.000e+00 (0.000e+00)  AnchorRefAttnKL: 0.000e+00 (0.000e+00)  TeacherAttnKL: 0.000e+00 (0.000e+00)  TeacherRel: 0.000e+00 (0.000e+00)  TeacherAttnOut: 0.000e+00 (0.000e+00)  TeacherFeatOut: 0.000e+00 (0.000e+00)  ActScaleAnchor: 0.000e+00 (0.000e+00)  VarTrust: 0.000e+00 (0.000e+00)  DirAnchor: 0.000e+00 (0.000e+00)  BinReg: 0.000e+00 (0.000e+00)  SelBinAnchor: 0.000e+00 (0.000e+00)  ActBinMargin: 0.000e+00 (0.000e+00)  Time: 0.244s, 2100.50/s  (0.233s, 2201.84/s)  LR: 9.916e-06  RefW: 0.000e+00  AnchorRefW: 0.000e+00  Data: 0.006 (0.008)
Train: 15 [ 450/2502 ( 18%)]  Loss: 51.424931 (51.4051)  BaseLoss: 51.424931 (51.4051)  RefAttnKL: 0.000e+00 (0.000e+00)  RefLogitKL: 0.000e+00 (0.000e+00)  AnchorRefAttnKL: 0.000e+00 (0.000e+00)  TeacherAttnKL: 0.000e+00 (0.000e+00)  TeacherRel: 0.000e+00 (0.000e+00)  TeacherAttnOut: 0.000e+00 (0.000e+00)  TeacherFeatOut: 0.000e+00 (0.000e+00)  ActScaleAnchor: 0.000e+00 (0.000e+00)  VarTrust: 0.000e+00 (0.000e+00)  DirAnchor: 0.000e+00 (0.000e+00)  BinReg: 0.000e+00 (0.000e+00)  SelBinAnchor: 0.000e+00 (0.000e+00)  ActBinMargin: 0.000e+00 (0.000e+00)  Time: 0.243s, 2104.70/s  (0.232s, 2203.07/s)  LR: 9.906e-06  RefW: 0.000e+00  AnchorRefW: 0.000e+00  Data: 0.006 (0.007)
Train: 15 [ 500/2502 ( 20%)]  Loss: 51.454567 (51.4096)  BaseLoss: 51.454567 (51.4096)  RefAttnKL: 0.000e+00 (0.000e+00)  RefLogitKL: 0.000e+00 (0.000e+00)  AnchorRefAttnKL: 0.000e+00 (0.000e+00)  TeacherAttnKL: 0.000e+00 (0.000e+00)  TeacherRel: 0.000e+00 (0.000e+00)  TeacherAttnOut: 0.000e+00 (0.000e+00)  TeacherFeatOut: 0.000e+00 (0.000e+00)  ActScaleAnchor: 0.000e+00 (0.000e+00)  VarTrust: 0.000e+00 (0.000e+00)  DirAnchor: 0.000e+00 (0.000e+00)  BinReg: 0.000e+00 (0.000e+00)  SelBinAnchor: 0.000e+00 (0.000e+00)  ActBinMargin: 0.000e+00 (0.000e+00)  Time: 0.241s, 2120.29/s  (0.232s, 2204.37/s)  LR: 9.895e-06  RefW: 0.000e+00  AnchorRefW: 0.000e+00  Data: 0.006 (0.007)
Train: 15 [ 550/2502 ( 22%)]  Loss: 51.442661 (51.4123)  BaseLoss: 51.442661 (51.4123)  RefAttnKL: 0.000e+00 (0.000e+00)  RefLogitKL: 0.000e+00 (0.000e+00)  AnchorRefAttnKL: 0.000e+00 (0.000e+00)  TeacherAttnKL: 0.000e+00 (0.000e+00)  TeacherRel: 0.000e+00 (0.000e+00)  TeacherAttnOut: 0.000e+00 (0.000e+00)  TeacherFeatOut: 0.000e+00 (0.000e+00)  ActScaleAnchor: 0.000e+00 (0.000e+00)  VarTrust: 0.000e+00 (0.000e+00)  DirAnchor: 0.000e+00 (0.000e+00)  BinReg: 0.000e+00 (0.000e+00)  SelBinAnchor: 0.000e+00 (0.000e+00)  ActBinMargin: 0.000e+00 (0.000e+00)  Time: 0.243s, 2108.41/s  (0.232s, 2205.69/s)  LR: 9.885e-06  RefW: 0.000e+00  AnchorRefW: 0.000e+00  Data: 0.006 (0.007)
Train: 15 [ 600/2502 ( 24%)]  Loss: 51.381958 (51.4100)  BaseLoss: 51.381958 (51.4100)  RefAttnKL: 0.000e+00 (0.000e+00)  RefLogitKL: 0.000e+00 (0.000e+00)  AnchorRefAttnKL: 0.000e+00 (0.000e+00)  TeacherAttnKL: 0.000e+00 (0.000e+00)  TeacherRel: 0.000e+00 (0.000e+00)  TeacherAttnOut: 0.000e+00 (0.000e+00)  TeacherFeatOut: 0.000e+00 (0.000e+00)  ActScaleAnchor: 0.000e+00 (0.000e+00)  VarTrust: 0.000e+00 (0.000e+00)  DirAnchor: 0.000e+00 (0.000e+00)  BinReg: 0.000e+00 (0.000e+00)  SelBinAnchor: 0.000e+00 (0.000e+00)  ActBinMargin: 0.000e+00 (0.000e+00)  Time: 0.241s, 2123.17/s  (0.232s, 2207.29/s)  LR: 9.874e-06  RefW: 0.000e+00  AnchorRefW: 0.000e+00  Data: 0.006 (0.007)
Train: 15 [ 650/2502 ( 26%)]  Loss: 51.400948 (51.4093)  BaseLoss: 51.400948 (51.4093)  RefAttnKL: 0.000e+00 (0.000e+00)  RefLogitKL: 0.000e+00 (0.000e+00)  AnchorRefAttnKL: 0.000e+00 (0.000e+00)  TeacherAttnKL: 0.000e+00 (0.000e+00)  TeacherRel: 0.000e+00 (0.000e+00)  TeacherAttnOut: 0.000e+00 (0.000e+00)  TeacherFeatOut: 0.000e+00 (0.000e+00)  ActScaleAnchor: 0.000e+00 (0.000e+00)  VarTrust: 0.000e+00 (0.000e+00)  DirAnchor: 0.000e+00 (0.000e+00)  BinReg: 0.000e+00 (0.000e+00)  SelBinAnchor: 0.000e+00 (0.000e+00)  ActBinMargin: 0.000e+00 (0.000e+00)  Time: 0.245s, 2090.50/s  (0.232s, 2208.06/s)  LR: 9.864e-06  RefW: 0.000e+00  AnchorRefW: 0.000e+00  Data: 0.006 (0.007)
Train: 15 [ 700/2502 ( 28%)]  Loss: 51.378178 (51.4073)  BaseLoss: 51.378178 (51.4073)  RefAttnKL: 0.000e+00 (0.000e+00)  RefLogitKL: 0.000e+00 (0.000e+00)  AnchorRefAttnKL: 0.000e+00 (0.000e+00)  TeacherAttnKL: 0.000e+00 (0.000e+00)  TeacherRel: 0.000e+00 (0.000e+00)  TeacherAttnOut: 0.000e+00 (0.000e+00)  TeacherFeatOut: 0.000e+00 (0.000e+00)  ActScaleAnchor: 0.000e+00 (0.000e+00)  VarTrust: 0.000e+00 (0.000e+00)  DirAnchor: 0.000e+00 (0.000e+00)  BinReg: 0.000e+00 (0.000e+00)  SelBinAnchor: 0.000e+00 (0.000e+00)  ActBinMargin: 0.000e+00 (0.000e+00)  Time: 0.244s, 2101.65/s  (0.232s, 2208.84/s)  LR: 9.853e-06  RefW: 0.000e+00  AnchorRefW: 0.000e+00  Data: 0.006 (0.007)
Train: 15 [ 750/2502 ( 30%)]  Loss: 51.358421 (51.4042)  BaseLoss: 51.358421 (51.4042)  RefAttnKL: 0.000e+00 (0.000e+00)  RefLogitKL: 0.000e+00 (0.000e+00)  AnchorRefAttnKL: 0.000e+00 (0.000e+00)  TeacherAttnKL: 0.000e+00 (0.000e+00)  TeacherRel: 0.000e+00 (0.000e+00)  TeacherAttnOut: 0.000e+00 (0.000e+00)  TeacherFeatOut: 0.000e+00 (0.000e+00)  ActScaleAnchor: 0.000e+00 (0.000e+00)  VarTrust: 0.000e+00 (0.000e+00)  DirAnchor: 0.000e+00 (0.000e+00)  BinReg: 0.000e+00 (0.000e+00)  SelBinAnchor: 0.000e+00 (0.000e+00)  ActBinMargin: 0.000e+00 (0.000e+00)  Time: 0.244s, 2099.90/s  (0.232s, 2209.29/s)  LR: 9.843e-06  RefW: 0.000e+00  AnchorRefW: 0.000e+00  Data: 0.006 (0.007)
Train: 15 [ 800/2502 ( 32%)]  Loss: 51.408360 (51.4045)  BaseLoss: 51.408360 (51.4045)  RefAttnKL: 0.000e+00 (0.000e+00)  RefLogitKL: 0.000e+00 (0.000e+00)  AnchorRefAttnKL: 0.000e+00 (0.000e+00)  TeacherAttnKL: 0.000e+00 (0.000e+00)  TeacherRel: 0.000e+00 (0.000e+00)  TeacherAttnOut: 0.000e+00 (0.000e+00)  TeacherFeatOut: 0.000e+00 (0.000e+00)  ActScaleAnchor: 0.000e+00 (0.000e+00)  VarTrust: 0.000e+00 (0.000e+00)  DirAnchor: 0.000e+00 (0.000e+00)  BinReg: 0.000e+00 (0.000e+00)  SelBinAnchor: 0.000e+00 (0.000e+00)  ActBinMargin: 0.000e+00 (0.000e+00)  Time: 0.252s, 2031.80/s  (0.232s, 2209.44/s)  LR: 9.832e-06  RefW: 0.000e+00  AnchorRefW: 0.000e+00  Data: 0.006 (0.007)
Train: 15 [ 850/2502 ( 34%)]  Loss: 51.372795 (51.4027)  BaseLoss: 51.372795 (51.4027)  RefAttnKL: 0.000e+00 (0.000e+00)  RefLogitKL: 0.000e+00 (0.000e+00)  AnchorRefAttnKL: 0.000e+00 (0.000e+00)  TeacherAttnKL: 0.000e+00 (0.000e+00)  TeacherRel: 0.000e+00 (0.000e+00)  TeacherAttnOut: 0.000e+00 (0.000e+00)  TeacherFeatOut: 0.000e+00 (0.000e+00)  ActScaleAnchor: 0.000e+00 (0.000e+00)  VarTrust: 0.000e+00 (0.000e+00)  DirAnchor: 0.000e+00 (0.000e+00)  BinReg: 0.000e+00 (0.000e+00)  SelBinAnchor: 0.000e+00 (0.000e+00)  ActBinMargin: 0.000e+00 (0.000e+00)  Time: 0.259s, 1979.98/s  (0.232s, 2209.58/s)  LR: 9.822e-06  RefW: 0.000e+00  AnchorRefW: 0.000e+00  Data: 0.007 (0.007)
Train: 15 [ 900/2502 ( 36%)]  Loss: 51.383186 (51.4017)  BaseLoss: 51.383186 (51.4017)  RefAttnKL: 0.000e+00 (0.000e+00)  RefLogitKL: 0.000e+00 (0.000e+00)  AnchorRefAttnKL: 0.000e+00 (0.000e+00)  TeacherAttnKL: 0.000e+00 (0.000e+00)  TeacherRel: 0.000e+00 (0.000e+00)  TeacherAttnOut: 0.000e+00 (0.000e+00)  TeacherFeatOut: 0.000e+00 (0.000e+00)  ActScaleAnchor: 0.000e+00 (0.000e+00)  VarTrust: 0.000e+00 (0.000e+00)  DirAnchor: 0.000e+00 (0.000e+00)  BinReg: 0.000e+00 (0.000e+00)  SelBinAnchor: 0.000e+00 (0.000e+00)  ActBinMargin: 0.000e+00 (0.000e+00)  Time: 0.243s, 2106.50/s  (0.232s, 2209.20/s)  LR: 9.811e-06  RefW: 0.000e+00  AnchorRefW: 0.000e+00  Data: 0.005 (0.007)
Train: 15 [ 950/2502 ( 38%)]  Loss: 51.374340 (51.4003)  BaseLoss: 51.374340 (51.4003)  RefAttnKL: 0.000e+00 (0.000e+00)  RefLogitKL: 0.000e+00 (0.000e+00)  AnchorRefAttnKL: 0.000e+00 (0.000e+00)  TeacherAttnKL: 0.000e+00 (0.000e+00)  TeacherRel: 0.000e+00 (0.000e+00)  TeacherAttnOut: 0.000e+00 (0.000e+00)  TeacherFeatOut: 0.000e+00 (0.000e+00)  ActScaleAnchor: 0.000e+00 (0.000e+00)  VarTrust: 0.000e+00 (0.000e+00)  DirAnchor: 0.000e+00 (0.000e+00)  BinReg: 0.000e+00 (0.000e+00)  SelBinAnchor: 0.000e+00 (0.000e+00)  ActBinMargin: 0.000e+00 (0.000e+00)  Time: 0.242s, 2111.79/s  (0.232s, 2208.98/s)  LR: 9.801e-06  RefW: 0.000e+00  AnchorRefW: 0.000e+00  Data: 0.006 (0.007)
Train: 15 [1000/2502 ( 40%)]  Loss: 51.425335 (51.4015)  BaseLoss: 51.425335 (51.4015)  RefAttnKL: 0.000e+00 (0.000e+00)  RefLogitKL: 0.000e+00 (0.000e+00)  AnchorRefAttnKL: 0.000e+00 (0.000e+00)  TeacherAttnKL: 0.000e+00 (0.000e+00)  TeacherRel: 0.000e+00 (0.000e+00)  TeacherAttnOut: 0.000e+00 (0.000e+00)  TeacherFeatOut: 0.000e+00 (0.000e+00)  ActScaleAnchor: 0.000e+00 (0.000e+00)  VarTrust: 0.000e+00 (0.000e+00)  DirAnchor: 0.000e+00 (0.000e+00)  BinReg: 0.000e+00 (0.000e+00)  SelBinAnchor: 0.000e+00 (0.000e+00)  ActBinMargin: 0.000e+00 (0.000e+00)  Time: 0.244s, 2097.96/s  (0.232s, 2209.47/s)  LR: 9.791e-06  RefW: 0.000e+00  AnchorRefW: 0.000e+00  Data: 0.005 (0.006)
Train: 15 [1050/2502 ( 42%)]  Loss: 51.395874 (51.4012)  BaseLoss: 51.395874 (51.4012)  RefAttnKL: 0.000e+00 (0.000e+00)  RefLogitKL: 0.000e+00 (0.000e+00)  AnchorRefAttnKL: 0.000e+00 (0.000e+00)  TeacherAttnKL: 0.000e+00 (0.000e+00)  TeacherRel: 0.000e+00 (0.000e+00)  TeacherAttnOut: 0.000e+00 (0.000e+00)  TeacherFeatOut: 0.000e+00 (0.000e+00)  ActScaleAnchor: 0.000e+00 (0.000e+00)  VarTrust: 0.000e+00 (0.000e+00)  DirAnchor: 0.000e+00 (0.000e+00)  BinReg: 0.000e+00 (0.000e+00)  SelBinAnchor: 0.000e+00 (0.000e+00)  ActBinMargin: 0.000e+00 (0.000e+00)  Time: 0.241s, 2121.05/s  (0.232s, 2210.13/s)  LR: 9.780e-06  RefW: 0.000e+00  AnchorRefW: 0.000e+00  Data: 0.006 (0.006)
Train: 15 [1100/2502 ( 44%)]  Loss: 51.357784 (51.3993)  BaseLoss: 51.357784 (51.3993)  RefAttnKL: 0.000e+00 (0.000e+00)  RefLogitKL: 0.000e+00 (0.000e+00)  AnchorRefAttnKL: 0.000e+00 (0.000e+00)  TeacherAttnKL: 0.000e+00 (0.000e+00)  TeacherRel: 0.000e+00 (0.000e+00)  TeacherAttnOut: 0.000e+00 (0.000e+00)  TeacherFeatOut: 0.000e+00 (0.000e+00)  ActScaleAnchor: 0.000e+00 (0.000e+00)  VarTrust: 0.000e+00 (0.000e+00)  DirAnchor: 0.000e+00 (0.000e+00)  BinReg: 0.000e+00 (0.000e+00)  SelBinAnchor: 0.000e+00 (0.000e+00)  ActBinMargin: 0.000e+00 (0.000e+00)  Time: 0.243s, 2104.55/s  (0.232s, 2210.44/s)  LR: 9.770e-06  RefW: 0.000e+00  AnchorRefW: 0.000e+00  Data: 0.005 (0.006)
Train: 15 [1150/2502 ( 46%)]  Loss: 51.416958 (51.4001)  BaseLoss: 51.416958 (51.4001)  RefAttnKL: 0.000e+00 (0.000e+00)  RefLogitKL: 0.000e+00 (0.000e+00)  AnchorRefAttnKL: 0.000e+00 (0.000e+00)  TeacherAttnKL: 0.000e+00 (0.000e+00)  TeacherRel: 0.000e+00 (0.000e+00)  TeacherAttnOut: 0.000e+00 (0.000e+00)  TeacherFeatOut: 0.000e+00 (0.000e+00)  ActScaleAnchor: 0.000e+00 (0.000e+00)  VarTrust: 0.000e+00 (0.000e+00)  DirAnchor: 0.000e+00 (0.000e+00)  BinReg: 0.000e+00 (0.000e+00)  SelBinAnchor: 0.000e+00 (0.000e+00)  ActBinMargin: 0.000e+00 (0.000e+00)  Time: 0.242s, 2115.81/s  (0.232s, 2210.98/s)  LR: 9.759e-06  RefW: 0.000e+00  AnchorRefW: 0.000e+00  Data: 0.006 (0.006)
Train: 15 [1200/2502 ( 48%)]  Loss: 51.375031 (51.3991)  BaseLoss: 51.375031 (51.3991)  RefAttnKL: 0.000e+00 (0.000e+00)  RefLogitKL: 0.000e+00 (0.000e+00)  AnchorRefAttnKL: 0.000e+00 (0.000e+00)  TeacherAttnKL: 0.000e+00 (0.000e+00)  TeacherRel: 0.000e+00 (0.000e+00)  TeacherAttnOut: 0.000e+00 (0.000e+00)  TeacherFeatOut: 0.000e+00 (0.000e+00)  ActScaleAnchor: 0.000e+00 (0.000e+00)  VarTrust: 0.000e+00 (0.000e+00)  DirAnchor: 0.000e+00 (0.000e+00)  BinReg: 0.000e+00 (0.000e+00)  SelBinAnchor: 0.000e+00 (0.000e+00)  ActBinMargin: 0.000e+00 (0.000e+00)  Time: 0.242s, 2118.27/s  (0.232s, 2211.15/s)  LR: 9.749e-06  RefW: 0.000e+00  AnchorRefW: 0.000e+00  Data: 0.005 (0.006)
Train: 15 [1250/2502 ( 50%)]  Loss: 51.405930 (51.3993)  BaseLoss: 51.405930 (51.3993)  RefAttnKL: 0.000e+00 (0.000e+00)  RefLogitKL: 0.000e+00 (0.000e+00)  AnchorRefAttnKL: 0.000e+00 (0.000e+00)  TeacherAttnKL: 0.000e+00 (0.000e+00)  TeacherRel: 0.000e+00 (0.000e+00)  TeacherAttnOut: 0.000e+00 (0.000e+00)  TeacherFeatOut: 0.000e+00 (0.000e+00)  ActScaleAnchor: 0.000e+00 (0.000e+00)  VarTrust: 0.000e+00 (0.000e+00)  DirAnchor: 0.000e+00 (0.000e+00)  BinReg: 0.000e+00 (0.000e+00)  SelBinAnchor: 0.000e+00 (0.000e+00)  ActBinMargin: 0.000e+00 (0.000e+00)  Time: 0.245s, 2089.13/s  (0.232s, 2211.45/s)  LR: 9.738e-06  RefW: 0.000e+00  AnchorRefW: 0.000e+00  Data: 0.005 (0.006)
Train: 15 [1300/2502 ( 52%)]  Loss: 51.408760 (51.3997)  BaseLoss: 51.408760 (51.3997)  RefAttnKL: 0.000e+00 (0.000e+00)  RefLogitKL: 0.000e+00 (0.000e+00)  AnchorRefAttnKL: 0.000e+00 (0.000e+00)  TeacherAttnKL: 0.000e+00 (0.000e+00)  TeacherRel: 0.000e+00 (0.000e+00)  TeacherAttnOut: 0.000e+00 (0.000e+00)  TeacherFeatOut: 0.000e+00 (0.000e+00)  ActScaleAnchor: 0.000e+00 (0.000e+00)  VarTrust: 0.000e+00 (0.000e+00)  DirAnchor: 0.000e+00 (0.000e+00)  BinReg: 0.000e+00 (0.000e+00)  SelBinAnchor: 0.000e+00 (0.000e+00)  ActBinMargin: 0.000e+00 (0.000e+00)  Time: 0.243s, 2103.74/s  (0.232s, 2211.59/s)  LR: 9.728e-06  RefW: 0.000e+00  AnchorRefW: 0.000e+00  Data: 0.006 (0.006)
Train: 15 [1350/2502 ( 54%)]  Loss: 51.406990 (51.4000)  BaseLoss: 51.406990 (51.4000)  RefAttnKL: 0.000e+00 (0.000e+00)  RefLogitKL: 0.000e+00 (0.000e+00)  AnchorRefAttnKL: 0.000e+00 (0.000e+00)  TeacherAttnKL: 0.000e+00 (0.000e+00)  TeacherRel: 0.000e+00 (0.000e+00)  TeacherAttnOut: 0.000e+00 (0.000e+00)  TeacherFeatOut: 0.000e+00 (0.000e+00)  ActScaleAnchor: 0.000e+00 (0.000e+00)  VarTrust: 0.000e+00 (0.000e+00)  DirAnchor: 0.000e+00 (0.000e+00)  BinReg: 0.000e+00 (0.000e+00)  SelBinAnchor: 0.000e+00 (0.000e+00)  ActBinMargin: 0.000e+00 (0.000e+00)  Time: 0.243s, 2104.07/s  (0.231s, 2211.86/s)  LR: 9.717e-06  RefW: 0.000e+00  AnchorRefW: 0.000e+00  Data: 0.006 (0.006)
Train: 15 [1400/2502 ( 56%)]  Loss: 51.398357 (51.3999)  BaseLoss: 51.398357 (51.3999)  RefAttnKL: 0.000e+00 (0.000e+00)  RefLogitKL: 0.000e+00 (0.000e+00)  AnchorRefAttnKL: 0.000e+00 (0.000e+00)  TeacherAttnKL: 0.000e+00 (0.000e+00)  TeacherRel: 0.000e+00 (0.000e+00)  TeacherAttnOut: 0.000e+00 (0.000e+00)  TeacherFeatOut: 0.000e+00 (0.000e+00)  ActScaleAnchor: 0.000e+00 (0.000e+00)  VarTrust: 0.000e+00 (0.000e+00)  DirAnchor: 0.000e+00 (0.000e+00)  BinReg: 0.000e+00 (0.000e+00)  SelBinAnchor: 0.000e+00 (0.000e+00)  ActBinMargin: 0.000e+00 (0.000e+00)  Time: 0.243s, 2109.19/s  (0.231s, 2212.06/s)  LR: 9.707e-06  RefW: 0.000e+00  AnchorRefW: 0.000e+00  Data: 0.005 (0.006)
Train: 15 [1450/2502 ( 58%)]  Loss: 51.426174 (51.4008)  BaseLoss: 51.426174 (51.4008)  RefAttnKL: 0.000e+00 (0.000e+00)  RefLogitKL: 0.000e+00 (0.000e+00)  AnchorRefAttnKL: 0.000e+00 (0.000e+00)  TeacherAttnKL: 0.000e+00 (0.000e+00)  TeacherRel: 0.000e+00 (0.000e+00)  TeacherAttnOut: 0.000e+00 (0.000e+00)  TeacherFeatOut: 0.000e+00 (0.000e+00)  ActScaleAnchor: 0.000e+00 (0.000e+00)  VarTrust: 0.000e+00 (0.000e+00)  DirAnchor: 0.000e+00 (0.000e+00)  BinReg: 0.000e+00 (0.000e+00)  SelBinAnchor: 0.000e+00 (0.000e+00)  ActBinMargin: 0.000e+00 (0.000e+00)  Time: 0.242s, 2118.42/s  (0.231s, 2212.17/s)  LR: 9.697e-06  RefW: 0.000e+00  AnchorRefW: 0.000e+00  Data: 0.006 (0.006)
Train: 15 [1500/2502 ( 60%)]  Loss: 51.420300 (51.4014)  BaseLoss: 51.420300 (51.4014)  RefAttnKL: 0.000e+00 (0.000e+00)  RefLogitKL: 0.000e+00 (0.000e+00)  AnchorRefAttnKL: 0.000e+00 (0.000e+00)  TeacherAttnKL: 0.000e+00 (0.000e+00)  TeacherRel: 0.000e+00 (0.000e+00)  TeacherAttnOut: 0.000e+00 (0.000e+00)  TeacherFeatOut: 0.000e+00 (0.000e+00)  ActScaleAnchor: 0.000e+00 (0.000e+00)  VarTrust: 0.000e+00 (0.000e+00)  DirAnchor: 0.000e+00 (0.000e+00)  BinReg: 0.000e+00 (0.000e+00)  SelBinAnchor: 0.000e+00 (0.000e+00)  ActBinMargin: 0.000e+00 (0.000e+00)  Time: 0.245s, 2087.54/s  (0.231s, 2212.04/s)  LR: 9.686e-06  RefW: 0.000e+00  AnchorRefW: 0.000e+00  Data: 0.006 (0.006)
Train: 15 [1550/2502 ( 62%)]  Loss: 51.413383 (51.4018)  BaseLoss: 51.413383 (51.4018)  RefAttnKL: 0.000e+00 (0.000e+00)  RefLogitKL: 0.000e+00 (0.000e+00)  AnchorRefAttnKL: 0.000e+00 (0.000e+00)  TeacherAttnKL: 0.000e+00 (0.000e+00)  TeacherRel: 0.000e+00 (0.000e+00)  TeacherAttnOut: 0.000e+00 (0.000e+00)  TeacherFeatOut: 0.000e+00 (0.000e+00)  ActScaleAnchor: 0.000e+00 (0.000e+00)  VarTrust: 0.000e+00 (0.000e+00)  DirAnchor: 0.000e+00 (0.000e+00)  BinReg: 0.000e+00 (0.000e+00)  SelBinAnchor: 0.000e+00 (0.000e+00)  ActBinMargin: 0.000e+00 (0.000e+00)  Time: 0.243s, 2109.04/s  (0.231s, 2212.16/s)  LR: 9.676e-06  RefW: 0.000e+00  AnchorRefW: 0.000e+00  Data: 0.005 (0.006)
Train: 15 [1600/2502 ( 64%)]  Loss: 51.391651 (51.4015)  BaseLoss: 51.391651 (51.4015)  RefAttnKL: 0.000e+00 (0.000e+00)  RefLogitKL: 0.000e+00 (0.000e+00)  AnchorRefAttnKL: 0.000e+00 (0.000e+00)  TeacherAttnKL: 0.000e+00 (0.000e+00)  TeacherRel: 0.000e+00 (0.000e+00)  TeacherAttnOut: 0.000e+00 (0.000e+00)  TeacherFeatOut: 0.000e+00 (0.000e+00)  ActScaleAnchor: 0.000e+00 (0.000e+00)  VarTrust: 0.000e+00 (0.000e+00)  DirAnchor: 0.000e+00 (0.000e+00)  BinReg: 0.000e+00 (0.000e+00)  SelBinAnchor: 0.000e+00 (0.000e+00)  ActBinMargin: 0.000e+00 (0.000e+00)  Time: 0.243s, 2106.64/s  (0.231s, 2212.50/s)  LR: 9.665e-06  RefW: 0.000e+00  AnchorRefW: 0.000e+00  Data: 0.006 (0.006)
Train: 15 [1650/2502 ( 66%)]  Loss: 51.443634 (51.4027)  BaseLoss: 51.443634 (51.4027)  RefAttnKL: 0.000e+00 (0.000e+00)  RefLogitKL: 0.000e+00 (0.000e+00)  AnchorRefAttnKL: 0.000e+00 (0.000e+00)  TeacherAttnKL: 0.000e+00 (0.000e+00)  TeacherRel: 0.000e+00 (0.000e+00)  TeacherAttnOut: 0.000e+00 (0.000e+00)  TeacherFeatOut: 0.000e+00 (0.000e+00)  ActScaleAnchor: 0.000e+00 (0.000e+00)  VarTrust: 0.000e+00 (0.000e+00)  DirAnchor: 0.000e+00 (0.000e+00)  BinReg: 0.000e+00 (0.000e+00)  SelBinAnchor: 0.000e+00 (0.000e+00)  ActBinMargin: 0.000e+00 (0.000e+00)  Time: 0.242s, 2112.25/s  (0.231s, 2212.42/s)  LR: 9.655e-06  RefW: 0.000e+00  AnchorRefW: 0.000e+00  Data: 0.006 (0.006)
Train: 15 [1700/2502 ( 68%)]  Loss: 51.407829 (51.4029)  BaseLoss: 51.407829 (51.4029)  RefAttnKL: 0.000e+00 (0.000e+00)  RefLogitKL: 0.000e+00 (0.000e+00)  AnchorRefAttnKL: 0.000e+00 (0.000e+00)  TeacherAttnKL: 0.000e+00 (0.000e+00)  TeacherRel: 0.000e+00 (0.000e+00)  TeacherAttnOut: 0.000e+00 (0.000e+00)  TeacherFeatOut: 0.000e+00 (0.000e+00)  ActScaleAnchor: 0.000e+00 (0.000e+00)  VarTrust: 0.000e+00 (0.000e+00)  DirAnchor: 0.000e+00 (0.000e+00)  BinReg: 0.000e+00 (0.000e+00)  SelBinAnchor: 0.000e+00 (0.000e+00)  ActBinMargin: 0.000e+00 (0.000e+00)  Time: 0.242s, 2114.35/s  (0.231s, 2212.89/s)  LR: 9.644e-06  RefW: 0.000e+00  AnchorRefW: 0.000e+00  Data: 0.006 (0.006)
Train: 15 [1750/2502 ( 70%)]  Loss: 51.401665 (51.4028)  BaseLoss: 51.401665 (51.4028)  RefAttnKL: 0.000e+00 (0.000e+00)  RefLogitKL: 0.000e+00 (0.000e+00)  AnchorRefAttnKL: 0.000e+00 (0.000e+00)  TeacherAttnKL: 0.000e+00 (0.000e+00)  TeacherRel: 0.000e+00 (0.000e+00)  TeacherAttnOut: 0.000e+00 (0.000e+00)  TeacherFeatOut: 0.000e+00 (0.000e+00)  ActScaleAnchor: 0.000e+00 (0.000e+00)  VarTrust: 0.000e+00 (0.000e+00)  DirAnchor: 0.000e+00 (0.000e+00)  BinReg: 0.000e+00 (0.000e+00)  SelBinAnchor: 0.000e+00 (0.000e+00)  ActBinMargin: 0.000e+00 (0.000e+00)  Time: 0.243s, 2102.68/s  (0.231s, 2213.11/s)  LR: 9.634e-06  RefW: 0.000e+00  AnchorRefW: 0.000e+00  Data: 0.006 (0.006)
Train: 15 [1800/2502 ( 72%)]  Loss: 51.402889 (51.4028)  BaseLoss: 51.402889 (51.4028)  RefAttnKL: 0.000e+00 (0.000e+00)  RefLogitKL: 0.000e+00 (0.000e+00)  AnchorRefAttnKL: 0.000e+00 (0.000e+00)  TeacherAttnKL: 0.000e+00 (0.000e+00)  TeacherRel: 0.000e+00 (0.000e+00)  TeacherAttnOut: 0.000e+00 (0.000e+00)  TeacherFeatOut: 0.000e+00 (0.000e+00)  ActScaleAnchor: 0.000e+00 (0.000e+00)  VarTrust: 0.000e+00 (0.000e+00)  DirAnchor: 0.000e+00 (0.000e+00)  BinReg: 0.000e+00 (0.000e+00)  SelBinAnchor: 0.000e+00 (0.000e+00)  ActBinMargin: 0.000e+00 (0.000e+00)  Time: 0.242s, 2114.80/s  (0.231s, 2213.34/s)  LR: 9.623e-06  RefW: 0.000e+00  AnchorRefW: 0.000e+00  Data: 0.006 (0.006)
Train: 15 [1850/2502 ( 74%)]  Loss: 51.389908 (51.4025)  BaseLoss: 51.389908 (51.4025)  RefAttnKL: 0.000e+00 (0.000e+00)  RefLogitKL: 0.000e+00 (0.000e+00)  AnchorRefAttnKL: 0.000e+00 (0.000e+00)  TeacherAttnKL: 0.000e+00 (0.000e+00)  TeacherRel: 0.000e+00 (0.000e+00)  TeacherAttnOut: 0.000e+00 (0.000e+00)  TeacherFeatOut: 0.000e+00 (0.000e+00)  ActScaleAnchor: 0.000e+00 (0.000e+00)  VarTrust: 0.000e+00 (0.000e+00)  DirAnchor: 0.000e+00 (0.000e+00)  BinReg: 0.000e+00 (0.000e+00)  SelBinAnchor: 0.000e+00 (0.000e+00)  ActBinMargin: 0.000e+00 (0.000e+00)  Time: 0.243s, 2106.13/s  (0.231s, 2213.37/s)  LR: 9.613e-06  RefW: 0.000e+00  AnchorRefW: 0.000e+00  Data: 0.006 (0.006)
Train: 15 [1900/2502 ( 76%)]  Loss: 51.412766 (51.4027)  BaseLoss: 51.412766 (51.4027)  RefAttnKL: 0.000e+00 (0.000e+00)  RefLogitKL: 0.000e+00 (0.000e+00)  AnchorRefAttnKL: 0.000e+00 (0.000e+00)  TeacherAttnKL: 0.000e+00 (0.000e+00)  TeacherRel: 0.000e+00 (0.000e+00)  TeacherAttnOut: 0.000e+00 (0.000e+00)  TeacherFeatOut: 0.000e+00 (0.000e+00)  ActScaleAnchor: 0.000e+00 (0.000e+00)  VarTrust: 0.000e+00 (0.000e+00)  DirAnchor: 0.000e+00 (0.000e+00)  BinReg: 0.000e+00 (0.000e+00)  SelBinAnchor: 0.000e+00 (0.000e+00)  ActBinMargin: 0.000e+00 (0.000e+00)  Time: 0.243s, 2108.16/s  (0.231s, 2213.36/s)  LR: 9.603e-06  RefW: 0.000e+00  AnchorRefW: 0.000e+00  Data: 0.005 (0.006)
Train: 15 [1950/2502 ( 78%)]  Loss: 51.438953 (51.4037)  BaseLoss: 51.438953 (51.4037)  RefAttnKL: 0.000e+00 (0.000e+00)  RefLogitKL: 0.000e+00 (0.000e+00)  AnchorRefAttnKL: 0.000e+00 (0.000e+00)  TeacherAttnKL: 0.000e+00 (0.000e+00)  TeacherRel: 0.000e+00 (0.000e+00)  TeacherAttnOut: 0.000e+00 (0.000e+00)  TeacherFeatOut: 0.000e+00 (0.000e+00)  ActScaleAnchor: 0.000e+00 (0.000e+00)  VarTrust: 0.000e+00 (0.000e+00)  DirAnchor: 0.000e+00 (0.000e+00)  BinReg: 0.000e+00 (0.000e+00)  SelBinAnchor: 0.000e+00 (0.000e+00)  ActBinMargin: 0.000e+00 (0.000e+00)  Time: 0.251s, 2040.90/s  (0.231s, 2213.35/s)  LR: 9.592e-06  RefW: 0.000e+00  AnchorRefW: 0.000e+00  Data: 0.005 (0.006)
Train: 15 [2000/2502 ( 80%)]  Loss: 51.416878 (51.4040)  BaseLoss: 51.416878 (51.4040)  RefAttnKL: 0.000e+00 (0.000e+00)  RefLogitKL: 0.000e+00 (0.000e+00)  AnchorRefAttnKL: 0.000e+00 (0.000e+00)  TeacherAttnKL: 0.000e+00 (0.000e+00)  TeacherRel: 0.000e+00 (0.000e+00)  TeacherAttnOut: 0.000e+00 (0.000e+00)  TeacherFeatOut: 0.000e+00 (0.000e+00)  ActScaleAnchor: 0.000e+00 (0.000e+00)  VarTrust: 0.000e+00 (0.000e+00)  DirAnchor: 0.000e+00 (0.000e+00)  BinReg: 0.000e+00 (0.000e+00)  SelBinAnchor: 0.000e+00 (0.000e+00)  ActBinMargin: 0.000e+00 (0.000e+00)  Time: 0.242s, 2114.34/s  (0.231s, 2213.68/s)  LR: 9.582e-06  RefW: 0.000e+00  AnchorRefW: 0.000e+00  Data: 0.006 (0.006)
Train: 15 [2050/2502 ( 82%)]  Loss: 51.356956 (51.4029)  BaseLoss: 51.356956 (51.4029)  RefAttnKL: 0.000e+00 (0.000e+00)  RefLogitKL: 0.000e+00 (0.000e+00)  AnchorRefAttnKL: 0.000e+00 (0.000e+00)  TeacherAttnKL: 0.000e+00 (0.000e+00)  TeacherRel: 0.000e+00 (0.000e+00)  TeacherAttnOut: 0.000e+00 (0.000e+00)  TeacherFeatOut: 0.000e+00 (0.000e+00)  ActScaleAnchor: 0.000e+00 (0.000e+00)  VarTrust: 0.000e+00 (0.000e+00)  DirAnchor: 0.000e+00 (0.000e+00)  BinReg: 0.000e+00 (0.000e+00)  SelBinAnchor: 0.000e+00 (0.000e+00)  ActBinMargin: 0.000e+00 (0.000e+00)  Time: 0.245s, 2093.51/s  (0.231s, 2213.85/s)  LR: 9.571e-06  RefW: 0.000e+00  AnchorRefW: 0.000e+00  Data: 0.006 (0.006)
Train: 15 [2100/2502 ( 84%)]  Loss: 51.392761 (51.4026)  BaseLoss: 51.392761 (51.4026)  RefAttnKL: 0.000e+00 (0.000e+00)  RefLogitKL: 0.000e+00 (0.000e+00)  AnchorRefAttnKL: 0.000e+00 (0.000e+00)  TeacherAttnKL: 0.000e+00 (0.000e+00)  TeacherRel: 0.000e+00 (0.000e+00)  TeacherAttnOut: 0.000e+00 (0.000e+00)  TeacherFeatOut: 0.000e+00 (0.000e+00)  ActScaleAnchor: 0.000e+00 (0.000e+00)  VarTrust: 0.000e+00 (0.000e+00)  DirAnchor: 0.000e+00 (0.000e+00)  BinReg: 0.000e+00 (0.000e+00)  SelBinAnchor: 0.000e+00 (0.000e+00)  ActBinMargin: 0.000e+00 (0.000e+00)  Time: 0.241s, 2124.07/s  (0.231s, 2214.02/s)  LR: 9.561e-06  RefW: 0.000e+00  AnchorRefW: 0.000e+00  Data: 0.006 (0.006)
Train: 15 [2150/2502 ( 86%)]  Loss: 51.398628 (51.4025)  BaseLoss: 51.398628 (51.4025)  RefAttnKL: 0.000e+00 (0.000e+00)  RefLogitKL: 0.000e+00 (0.000e+00)  AnchorRefAttnKL: 0.000e+00 (0.000e+00)  TeacherAttnKL: 0.000e+00 (0.000e+00)  TeacherRel: 0.000e+00 (0.000e+00)  TeacherAttnOut: 0.000e+00 (0.000e+00)  TeacherFeatOut: 0.000e+00 (0.000e+00)  ActScaleAnchor: 0.000e+00 (0.000e+00)  VarTrust: 0.000e+00 (0.000e+00)  DirAnchor: 0.000e+00 (0.000e+00)  BinReg: 0.000e+00 (0.000e+00)  SelBinAnchor: 0.000e+00 (0.000e+00)  ActBinMargin: 0.000e+00 (0.000e+00)  Time: 0.243s, 2106.96/s  (0.231s, 2214.20/s)  LR: 9.550e-06  RefW: 0.000e+00  AnchorRefW: 0.000e+00  Data: 0.006 (0.006)
Train: 15 [2200/2502 ( 88%)]  Loss: 51.366985 (51.4017)  BaseLoss: 51.366985 (51.4017)  RefAttnKL: 0.000e+00 (0.000e+00)  RefLogitKL: 0.000e+00 (0.000e+00)  AnchorRefAttnKL: 0.000e+00 (0.000e+00)  TeacherAttnKL: 0.000e+00 (0.000e+00)  TeacherRel: 0.000e+00 (0.000e+00)  TeacherAttnOut: 0.000e+00 (0.000e+00)  TeacherFeatOut: 0.000e+00 (0.000e+00)  ActScaleAnchor: 0.000e+00 (0.000e+00)  VarTrust: 0.000e+00 (0.000e+00)  DirAnchor: 0.000e+00 (0.000e+00)  BinReg: 0.000e+00 (0.000e+00)  SelBinAnchor: 0.000e+00 (0.000e+00)  ActBinMargin: 0.000e+00 (0.000e+00)  Time: 0.245s, 2086.45/s  (0.231s, 2214.32/s)  LR: 9.540e-06  RefW: 0.000e+00  AnchorRefW: 0.000e+00  Data: 0.005 (0.006)
Train: 15 [2250/2502 ( 90%)]  Loss: 51.409409 (51.4019)  BaseLoss: 51.409409 (51.4019)  RefAttnKL: 0.000e+00 (0.000e+00)  RefLogitKL: 0.000e+00 (0.000e+00)  AnchorRefAttnKL: 0.000e+00 (0.000e+00)  TeacherAttnKL: 0.000e+00 (0.000e+00)  TeacherRel: 0.000e+00 (0.000e+00)  TeacherAttnOut: 0.000e+00 (0.000e+00)  TeacherFeatOut: 0.000e+00 (0.000e+00)  ActScaleAnchor: 0.000e+00 (0.000e+00)  VarTrust: 0.000e+00 (0.000e+00)  DirAnchor: 0.000e+00 (0.000e+00)  BinReg: 0.000e+00 (0.000e+00)  SelBinAnchor: 0.000e+00 (0.000e+00)  ActBinMargin: 0.000e+00 (0.000e+00)  Time: 0.257s, 1990.77/s  (0.231s, 2214.35/s)  LR: 9.530e-06  RefW: 0.000e+00  AnchorRefW: 0.000e+00  Data: 0.006 (0.006)
Train: 15 [2300/2502 ( 92%)]  Loss: 51.439316 (51.4027)  BaseLoss: 51.439316 (51.4027)  RefAttnKL: 0.000e+00 (0.000e+00)  RefLogitKL: 0.000e+00 (0.000e+00)  AnchorRefAttnKL: 0.000e+00 (0.000e+00)  TeacherAttnKL: 0.000e+00 (0.000e+00)  TeacherRel: 0.000e+00 (0.000e+00)  TeacherAttnOut: 0.000e+00 (0.000e+00)  TeacherFeatOut: 0.000e+00 (0.000e+00)  ActScaleAnchor: 0.000e+00 (0.000e+00)  VarTrust: 0.000e+00 (0.000e+00)  DirAnchor: 0.000e+00 (0.000e+00)  BinReg: 0.000e+00 (0.000e+00)  SelBinAnchor: 0.000e+00 (0.000e+00)  ActBinMargin: 0.000e+00 (0.000e+00)  Time: 0.248s, 2062.46/s  (0.231s, 2214.10/s)  LR: 9.519e-06  RefW: 0.000e+00  AnchorRefW: 0.000e+00  Data: 0.006 (0.006)
Train: 15 [2350/2502 ( 94%)]  Loss: 51.435154 (51.4034)  BaseLoss: 51.435154 (51.4034)  RefAttnKL: 0.000e+00 (0.000e+00)  RefLogitKL: 0.000e+00 (0.000e+00)  AnchorRefAttnKL: 0.000e+00 (0.000e+00)  TeacherAttnKL: 0.000e+00 (0.000e+00)  TeacherRel: 0.000e+00 (0.000e+00)  TeacherAttnOut: 0.000e+00 (0.000e+00)  TeacherFeatOut: 0.000e+00 (0.000e+00)  ActScaleAnchor: 0.000e+00 (0.000e+00)  VarTrust: 0.000e+00 (0.000e+00)  DirAnchor: 0.000e+00 (0.000e+00)  BinReg: 0.000e+00 (0.000e+00)  SelBinAnchor: 0.000e+00 (0.000e+00)  ActBinMargin: 0.000e+00 (0.000e+00)  Time: 0.272s, 1882.63/s  (0.231s, 2214.02/s)  LR: 9.509e-06  RefW: 0.000e+00  AnchorRefW: 0.000e+00  Data: 0.008 (0.006)
Train: 15 [2400/2502 ( 96%)]  Loss: 51.382133 (51.4029)  BaseLoss: 51.382133 (51.4029)  RefAttnKL: 0.000e+00 (0.000e+00)  RefLogitKL: 0.000e+00 (0.000e+00)  AnchorRefAttnKL: 0.000e+00 (0.000e+00)  TeacherAttnKL: 0.000e+00 (0.000e+00)  TeacherRel: 0.000e+00 (0.000e+00)  TeacherAttnOut: 0.000e+00 (0.000e+00)  TeacherFeatOut: 0.000e+00 (0.000e+00)  ActScaleAnchor: 0.000e+00 (0.000e+00)  VarTrust: 0.000e+00 (0.000e+00)  DirAnchor: 0.000e+00 (0.000e+00)  BinReg: 0.000e+00 (0.000e+00)  SelBinAnchor: 0.000e+00 (0.000e+00)  ActBinMargin: 0.000e+00 (0.000e+00)  Time: 0.242s, 2119.44/s  (0.231s, 2214.07/s)  LR: 9.498e-06  RefW: 0.000e+00  AnchorRefW: 0.000e+00  Data: 0.006 (0.006)
Train: 15 [2450/2502 ( 98%)]  Loss: 51.420898 (51.4033)  BaseLoss: 51.420898 (51.4033)  RefAttnKL: 0.000e+00 (0.000e+00)  RefLogitKL: 0.000e+00 (0.000e+00)  AnchorRefAttnKL: 0.000e+00 (0.000e+00)  TeacherAttnKL: 0.000e+00 (0.000e+00)  TeacherRel: 0.000e+00 (0.000e+00)  TeacherAttnOut: 0.000e+00 (0.000e+00)  TeacherFeatOut: 0.000e+00 (0.000e+00)  ActScaleAnchor: 0.000e+00 (0.000e+00)  VarTrust: 0.000e+00 (0.000e+00)  DirAnchor: 0.000e+00 (0.000e+00)  BinReg: 0.000e+00 (0.000e+00)  SelBinAnchor: 0.000e+00 (0.000e+00)  ActBinMargin: 0.000e+00 (0.000e+00)  Time: 0.254s, 2014.49/s  (0.231s, 2214.12/s)  LR: 9.488e-06  RefW: 0.000e+00  AnchorRefW: 0.000e+00  Data: 0.006 (0.006)
TrainSummary: epoch=15 updates=2496 avg_step_time=0.231220s samples_per_step=512 samples_per_sec=2214.34
epoch:  15 g['lr']:  9.478606469929218e-06
model eval
TestLocal: [   0/97]  Time: 0.922 (0.922)  Loss:  0.7837  Acc@1: 84.3750  Acc@5: 95.3125  Samples: 64
TestLocal: [  50/97]  Time: 0.097 (0.109)  Loss:  0.8313  Acc@1: 81.3419  Acc@5: 95.1900  Samples: 3264
TestLocal: [  97/97]  Time: 0.048 (0.100)  Loss:  0.8219  Acc@1: 81.2642  Acc@5: 95.3971  Samples: 6170
TestLocal: [ 100/97]  Time: 0.048 (0.099)  Loss:  0.8223  Acc@1: 81.2560  Acc@5: 95.3945  Samples: 6210
Test: [distributed-summary]  Time: 10.321s  Loss: 0.8435  Acc@1: 80.4480  Acc@5: 95.2680  Samples: 50000
Trainable parameter policy: epoch=16, quant_only=False, policy=all, trainable=28608256, frozen=0
AOQ explore scale ratio update: epoch=16, update=0, active=False, base_ratio=1.0, threshold_ratio=0.0, base_layers=(), selective_margin=0.0, base_quantizers=0, layer_ratios={}, layer_quantizers=0, layer_counts={}, quality_mode=none, quality_layers=(), quality_start_update=0, quality_min_frac=0.0, start_update=0, end_update=0
Trainable parameter update policy: epoch=16, update=0, mode=requires_grad, policy=all, trainable=28608256, frozen=0
Train: 16 [   0/2502 (  0%)]  Loss: 51.397816 (51.3978)  BaseLoss: 51.397816 (51.3978)  RefAttnKL: 0.000e+00 (0.000e+00)  RefLogitKL: 0.000e+00 (0.000e+00)  AnchorRefAttnKL: 0.000e+00 (0.000e+00)  TeacherAttnKL: 0.000e+00 (0.000e+00)  TeacherRel: 0.000e+00 (0.000e+00)  TeacherAttnOut: 0.000e+00 (0.000e+00)  TeacherFeatOut: 0.000e+00 (0.000e+00)  ActScaleAnchor: 0.000e+00 (0.000e+00)  VarTrust: 0.000e+00 (0.000e+00)  DirAnchor: 0.000e+00 (0.000e+00)  BinReg: 0.000e+00 (0.000e+00)  SelBinAnchor: 0.000e+00 (0.000e+00)  ActBinMargin: 0.000e+00 (0.000e+00)  Time: 1.004s,  509.83/s  (1.004s,  509.83/s)  LR: 9.477e-06  RefW: 0.000e+00  AnchorRefW: 0.000e+00  Data: 0.786 (0.786)
Train: 16 [  50/2502 (  2%)]  Loss: 51.359272 (51.3785)  BaseLoss: 51.359272 (51.3785)  RefAttnKL: 0.000e+00 (0.000e+00)  RefLogitKL: 0.000e+00 (0.000e+00)  AnchorRefAttnKL: 0.000e+00 (0.000e+00)  TeacherAttnKL: 0.000e+00 (0.000e+00)  TeacherRel: 0.000e+00 (0.000e+00)  TeacherAttnOut: 0.000e+00 (0.000e+00)  TeacherFeatOut: 0.000e+00 (0.000e+00)  ActScaleAnchor: 0.000e+00 (0.000e+00)  VarTrust: 0.000e+00 (0.000e+00)  DirAnchor: 0.000e+00 (0.000e+00)  BinReg: 0.000e+00 (0.000e+00)  SelBinAnchor: 0.000e+00 (0.000e+00)  ActBinMargin: 0.000e+00 (0.000e+00)  Time: 0.246s, 2079.50/s  (0.245s, 2086.80/s)  LR: 9.467e-06  RefW: 0.000e+00  AnchorRefW: 0.000e+00  Data: 0.006 (0.021)
Train: 16 [ 100/2502 (  4%)]  Loss: 51.420151 (51.3924)  BaseLoss: 51.420151 (51.3924)  RefAttnKL: 0.000e+00 (0.000e+00)  RefLogitKL: 0.000e+00 (0.000e+00)  AnchorRefAttnKL: 0.000e+00 (0.000e+00)  TeacherAttnKL: 0.000e+00 (0.000e+00)  TeacherRel: 0.000e+00 (0.000e+00)  TeacherAttnOut: 0.000e+00 (0.000e+00)  TeacherFeatOut: 0.000e+00 (0.000e+00)  ActScaleAnchor: 0.000e+00 (0.000e+00)  VarTrust: 0.000e+00 (0.000e+00)  DirAnchor: 0.000e+00 (0.000e+00)  BinReg: 0.000e+00 (0.000e+00)  SelBinAnchor: 0.000e+00 (0.000e+00)  ActBinMargin: 0.000e+00 (0.000e+00)  Time: 0.242s, 2115.44/s  (0.238s, 2150.75/s)  LR: 9.456e-06  RefW: 0.000e+00  AnchorRefW: 0.000e+00  Data: 0.006 (0.013)
Train: 16 [ 150/2502 (  6%)]  Loss: 51.424152 (51.4003)  BaseLoss: 51.424152 (51.4003)  RefAttnKL: 0.000e+00 (0.000e+00)  RefLogitKL: 0.000e+00 (0.000e+00)  AnchorRefAttnKL: 0.000e+00 (0.000e+00)  TeacherAttnKL: 0.000e+00 (0.000e+00)  TeacherRel: 0.000e+00 (0.000e+00)  TeacherAttnOut: 0.000e+00 (0.000e+00)  TeacherFeatOut: 0.000e+00 (0.000e+00)  ActScaleAnchor: 0.000e+00 (0.000e+00)  VarTrust: 0.000e+00 (0.000e+00)  DirAnchor: 0.000e+00 (0.000e+00)  BinReg: 0.000e+00 (0.000e+00)  SelBinAnchor: 0.000e+00 (0.000e+00)  ActBinMargin: 0.000e+00 (0.000e+00)  Time: 0.245s, 2088.91/s  (0.236s, 2173.21/s)  LR: 9.446e-06  RefW: 0.000e+00  AnchorRefW: 0.000e+00  Data: 0.005 (0.011)
Train: 16 [ 200/2502 (  8%)]  Loss: 51.409557 (51.4022)  BaseLoss: 51.409557 (51.4022)  RefAttnKL: 0.000e+00 (0.000e+00)  RefLogitKL: 0.000e+00 (0.000e+00)  AnchorRefAttnKL: 0.000e+00 (0.000e+00)  TeacherAttnKL: 0.000e+00 (0.000e+00)  TeacherRel: 0.000e+00 (0.000e+00)  TeacherAttnOut: 0.000e+00 (0.000e+00)  TeacherFeatOut: 0.000e+00 (0.000e+00)  ActScaleAnchor: 0.000e+00 (0.000e+00)  VarTrust: 0.000e+00 (0.000e+00)  DirAnchor: 0.000e+00 (0.000e+00)  BinReg: 0.000e+00 (0.000e+00)  SelBinAnchor: 0.000e+00 (0.000e+00)  ActBinMargin: 0.000e+00 (0.000e+00)  Time: 0.247s, 2074.61/s  (0.234s, 2184.22/s)  LR: 9.436e-06  RefW: 0.000e+00  AnchorRefW: 0.000e+00  Data: 0.005 (0.009)
Train: 16 [ 250/2502 ( 10%)]  Loss: 51.432175 (51.4072)  BaseLoss: 51.432175 (51.4072)  RefAttnKL: 0.000e+00 (0.000e+00)  RefLogitKL: 0.000e+00 (0.000e+00)  AnchorRefAttnKL: 0.000e+00 (0.000e+00)  TeacherAttnKL: 0.000e+00 (0.000e+00)  TeacherRel: 0.000e+00 (0.000e+00)  TeacherAttnOut: 0.000e+00 (0.000e+00)  TeacherFeatOut: 0.000e+00 (0.000e+00)  ActScaleAnchor: 0.000e+00 (0.000e+00)  VarTrust: 0.000e+00 (0.000e+00)  DirAnchor: 0.000e+00 (0.000e+00)  BinReg: 0.000e+00 (0.000e+00)  SelBinAnchor: 0.000e+00 (0.000e+00)  ActBinMargin: 0.000e+00 (0.000e+00)  Time: 0.243s, 2110.68/s  (0.234s, 2189.68/s)  LR: 9.425e-06  RefW: 0.000e+00  AnchorRefW: 0.000e+00  Data: 0.006 (0.009)
Train: 16 [ 300/2502 ( 12%)]  Loss: 51.374336 (51.4025)  BaseLoss: 51.374336 (51.4025)  RefAttnKL: 0.000e+00 (0.000e+00)  RefLogitKL: 0.000e+00 (0.000e+00)  AnchorRefAttnKL: 0.000e+00 (0.000e+00)  TeacherAttnKL: 0.000e+00 (0.000e+00)  TeacherRel: 0.000e+00 (0.000e+00)  TeacherAttnOut: 0.000e+00 (0.000e+00)  TeacherFeatOut: 0.000e+00 (0.000e+00)  ActScaleAnchor: 0.000e+00 (0.000e+00)  VarTrust: 0.000e+00 (0.000e+00)  DirAnchor: 0.000e+00 (0.000e+00)  BinReg: 0.000e+00 (0.000e+00)  SelBinAnchor: 0.000e+00 (0.000e+00)  ActBinMargin: 0.000e+00 (0.000e+00)  Time: 0.241s, 2125.87/s  (0.233s, 2194.98/s)  LR: 9.415e-06  RefW: 0.000e+00  AnchorRefW: 0.000e+00  Data: 0.006 (0.008)
Train: 16 [ 350/2502 ( 14%)]  Loss: 51.424152 (51.4052)  BaseLoss: 51.424152 (51.4052)  RefAttnKL: 0.000e+00 (0.000e+00)  RefLogitKL: 0.000e+00 (0.000e+00)  AnchorRefAttnKL: 0.000e+00 (0.000e+00)  TeacherAttnKL: 0.000e+00 (0.000e+00)  TeacherRel: 0.000e+00 (0.000e+00)  TeacherAttnOut: 0.000e+00 (0.000e+00)  TeacherFeatOut: 0.000e+00 (0.000e+00)  ActScaleAnchor: 0.000e+00 (0.000e+00)  VarTrust: 0.000e+00 (0.000e+00)  DirAnchor: 0.000e+00 (0.000e+00)  BinReg: 0.000e+00 (0.000e+00)  SelBinAnchor: 0.000e+00 (0.000e+00)  ActBinMargin: 0.000e+00 (0.000e+00)  Time: 0.241s, 2120.43/s  (0.233s, 2197.88/s)  LR: 9.404e-06  RefW: 0.000e+00  AnchorRefW: 0.000e+00  Data: 0.005 (0.008)
Train: 16 [ 400/2502 ( 16%)]  Loss: 51.422592 (51.4071)  BaseLoss: 51.422592 (51.4071)  RefAttnKL: 0.000e+00 (0.000e+00)  RefLogitKL: 0.000e+00 (0.000e+00)  AnchorRefAttnKL: 0.000e+00 (0.000e+00)  TeacherAttnKL: 0.000e+00 (0.000e+00)  TeacherRel: 0.000e+00 (0.000e+00)  TeacherAttnOut: 0.000e+00 (0.000e+00)  TeacherFeatOut: 0.000e+00 (0.000e+00)  ActScaleAnchor: 0.000e+00 (0.000e+00)  VarTrust: 0.000e+00 (0.000e+00)  DirAnchor: 0.000e+00 (0.000e+00)  BinReg: 0.000e+00 (0.000e+00)  SelBinAnchor: 0.000e+00 (0.000e+00)  ActBinMargin: 0.000e+00 (0.000e+00)  Time: 0.244s, 2098.91/s  (0.233s, 2201.71/s)  LR: 9.394e-06  RefW: 0.000e+00  AnchorRefW: 0.000e+00  Data: 0.005 (0.008)
Train: 16 [ 450/2502 ( 18%)]  Loss: 51.418701 (51.4083)  BaseLoss: 51.418701 (51.4083)  RefAttnKL: 0.000e+00 (0.000e+00)  RefLogitKL: 0.000e+00 (0.000e+00)  AnchorRefAttnKL: 0.000e+00 (0.000e+00)  TeacherAttnKL: 0.000e+00 (0.000e+00)  TeacherRel: 0.000e+00 (0.000e+00)  TeacherAttnOut: 0.000e+00 (0.000e+00)  TeacherFeatOut: 0.000e+00 (0.000e+00)  ActScaleAnchor: 0.000e+00 (0.000e+00)  VarTrust: 0.000e+00 (0.000e+00)  DirAnchor: 0.000e+00 (0.000e+00)  BinReg: 0.000e+00 (0.000e+00)  SelBinAnchor: 0.000e+00 (0.000e+00)  ActBinMargin: 0.000e+00 (0.000e+00)  Time: 0.244s, 2100.34/s  (0.232s, 2202.35/s)  LR: 9.384e-06  RefW: 0.000e+00  AnchorRefW: 0.000e+00  Data: 0.006 (0.007)
Train: 16 [ 500/2502 ( 20%)]  Loss: 51.438667 (51.4111)  BaseLoss: 51.438667 (51.4111)  RefAttnKL: 0.000e+00 (0.000e+00)  RefLogitKL: 0.000e+00 (0.000e+00)  AnchorRefAttnKL: 0.000e+00 (0.000e+00)  TeacherAttnKL: 0.000e+00 (0.000e+00)  TeacherRel: 0.000e+00 (0.000e+00)  TeacherAttnOut: 0.000e+00 (0.000e+00)  TeacherFeatOut: 0.000e+00 (0.000e+00)  ActScaleAnchor: 0.000e+00 (0.000e+00)  VarTrust: 0.000e+00 (0.000e+00)  DirAnchor: 0.000e+00 (0.000e+00)  BinReg: 0.000e+00 (0.000e+00)  SelBinAnchor: 0.000e+00 (0.000e+00)  ActBinMargin: 0.000e+00 (0.000e+00)  Time: 0.244s, 2101.66/s  (0.232s, 2204.37/s)  LR: 9.373e-06  RefW: 0.000e+00  AnchorRefW: 0.000e+00  Data: 0.006 (0.007)
Train: 16 [ 550/2502 ( 22%)]  Loss: 51.422314 (51.4120)  BaseLoss: 51.422314 (51.4120)  RefAttnKL: 0.000e+00 (0.000e+00)  RefLogitKL: 0.000e+00 (0.000e+00)  AnchorRefAttnKL: 0.000e+00 (0.000e+00)  TeacherAttnKL: 0.000e+00 (0.000e+00)  TeacherRel: 0.000e+00 (0.000e+00)  TeacherAttnOut: 0.000e+00 (0.000e+00)  TeacherFeatOut: 0.000e+00 (0.000e+00)  ActScaleAnchor: 0.000e+00 (0.000e+00)  VarTrust: 0.000e+00 (0.000e+00)  DirAnchor: 0.000e+00 (0.000e+00)  BinReg: 0.000e+00 (0.000e+00)  SelBinAnchor: 0.000e+00 (0.000e+00)  ActBinMargin: 0.000e+00 (0.000e+00)  Time: 0.243s, 2109.53/s  (0.232s, 2205.94/s)  LR: 9.363e-06  RefW: 0.000e+00  AnchorRefW: 0.000e+00  Data: 0.007 (0.007)
Train: 16 [ 600/2502 ( 24%)]  Loss: 51.370987 (51.4088)  BaseLoss: 51.370987 (51.4088)  RefAttnKL: 0.000e+00 (0.000e+00)  RefLogitKL: 0.000e+00 (0.000e+00)  AnchorRefAttnKL: 0.000e+00 (0.000e+00)  TeacherAttnKL: 0.000e+00 (0.000e+00)  TeacherRel: 0.000e+00 (0.000e+00)  TeacherAttnOut: 0.000e+00 (0.000e+00)  TeacherFeatOut: 0.000e+00 (0.000e+00)  ActScaleAnchor: 0.000e+00 (0.000e+00)  VarTrust: 0.000e+00 (0.000e+00)  DirAnchor: 0.000e+00 (0.000e+00)  BinReg: 0.000e+00 (0.000e+00)  SelBinAnchor: 0.000e+00 (0.000e+00)  ActBinMargin: 0.000e+00 (0.000e+00)  Time: 0.253s, 2025.14/s  (0.232s, 2207.41/s)  LR: 9.352e-06  RefW: 0.000e+00  AnchorRefW: 0.000e+00  Data: 0.005 (0.007)
Train: 16 [ 650/2502 ( 26%)]  Loss: 51.421665 (51.4098)  BaseLoss: 51.421665 (51.4098)  RefAttnKL: 0.000e+00 (0.000e+00)  RefLogitKL: 0.000e+00 (0.000e+00)  AnchorRefAttnKL: 0.000e+00 (0.000e+00)  TeacherAttnKL: 0.000e+00 (0.000e+00)  TeacherRel: 0.000e+00 (0.000e+00)  TeacherAttnOut: 0.000e+00 (0.000e+00)  TeacherFeatOut: 0.000e+00 (0.000e+00)  ActScaleAnchor: 0.000e+00 (0.000e+00)  VarTrust: 0.000e+00 (0.000e+00)  DirAnchor: 0.000e+00 (0.000e+00)  BinReg: 0.000e+00 (0.000e+00)  SelBinAnchor: 0.000e+00 (0.000e+00)  ActBinMargin: 0.000e+00 (0.000e+00)  Time: 0.244s, 2100.14/s  (0.232s, 2208.37/s)  LR: 9.342e-06  RefW: 0.000e+00  AnchorRefW: 0.000e+00  Data: 0.006 (0.007)
Train: 16 [ 700/2502 ( 28%)]  Loss: 51.378925 (51.4077)  BaseLoss: 51.378925 (51.4077)  RefAttnKL: 0.000e+00 (0.000e+00)  RefLogitKL: 0.000e+00 (0.000e+00)  AnchorRefAttnKL: 0.000e+00 (0.000e+00)  TeacherAttnKL: 0.000e+00 (0.000e+00)  TeacherRel: 0.000e+00 (0.000e+00)  TeacherAttnOut: 0.000e+00 (0.000e+00)  TeacherFeatOut: 0.000e+00 (0.000e+00)  ActScaleAnchor: 0.000e+00 (0.000e+00)  VarTrust: 0.000e+00 (0.000e+00)  DirAnchor: 0.000e+00 (0.000e+00)  BinReg: 0.000e+00 (0.000e+00)  SelBinAnchor: 0.000e+00 (0.000e+00)  ActBinMargin: 0.000e+00 (0.000e+00)  Time: 0.242s, 2115.81/s  (0.232s, 2209.26/s)  LR: 9.332e-06  RefW: 0.000e+00  AnchorRefW: 0.000e+00  Data: 0.005 (0.007)
Train: 16 [ 750/2502 ( 30%)]  Loss: 51.353455 (51.4043)  BaseLoss: 51.353455 (51.4043)  RefAttnKL: 0.000e+00 (0.000e+00)  RefLogitKL: 0.000e+00 (0.000e+00)  AnchorRefAttnKL: 0.000e+00 (0.000e+00)  TeacherAttnKL: 0.000e+00 (0.000e+00)  TeacherRel: 0.000e+00 (0.000e+00)  TeacherAttnOut: 0.000e+00 (0.000e+00)  TeacherFeatOut: 0.000e+00 (0.000e+00)  ActScaleAnchor: 0.000e+00 (0.000e+00)  VarTrust: 0.000e+00 (0.000e+00)  DirAnchor: 0.000e+00 (0.000e+00)  BinReg: 0.000e+00 (0.000e+00)  SelBinAnchor: 0.000e+00 (0.000e+00)  ActBinMargin: 0.000e+00 (0.000e+00)  Time: 0.244s, 2098.33/s  (0.232s, 2209.09/s)  LR: 9.321e-06  RefW: 0.000e+00  AnchorRefW: 0.000e+00  Data: 0.006 (0.007)
Train: 16 [ 800/2502 ( 32%)]  Loss: 51.412781 (51.4048)  BaseLoss: 51.412781 (51.4048)  RefAttnKL: 0.000e+00 (0.000e+00)  RefLogitKL: 0.000e+00 (0.000e+00)  AnchorRefAttnKL: 0.000e+00 (0.000e+00)  TeacherAttnKL: 0.000e+00 (0.000e+00)  TeacherRel: 0.000e+00 (0.000e+00)  TeacherAttnOut: 0.000e+00 (0.000e+00)  TeacherFeatOut: 0.000e+00 (0.000e+00)  ActScaleAnchor: 0.000e+00 (0.000e+00)  VarTrust: 0.000e+00 (0.000e+00)  DirAnchor: 0.000e+00 (0.000e+00)  BinReg: 0.000e+00 (0.000e+00)  SelBinAnchor: 0.000e+00 (0.000e+00)  ActBinMargin: 0.000e+00 (0.000e+00)  Time: 0.242s, 2113.61/s  (0.232s, 2210.23/s)  LR: 9.311e-06  RefW: 0.000e+00  AnchorRefW: 0.000e+00  Data: 0.006 (0.007)
Train: 16 [ 850/2502 ( 34%)]  Loss: 51.371838 (51.4030)  BaseLoss: 51.371838 (51.4030)  RefAttnKL: 0.000e+00 (0.000e+00)  RefLogitKL: 0.000e+00 (0.000e+00)  AnchorRefAttnKL: 0.000e+00 (0.000e+00)  TeacherAttnKL: 0.000e+00 (0.000e+00)  TeacherRel: 0.000e+00 (0.000e+00)  TeacherAttnOut: 0.000e+00 (0.000e+00)  TeacherFeatOut: 0.000e+00 (0.000e+00)  ActScaleAnchor: 0.000e+00 (0.000e+00)  VarTrust: 0.000e+00 (0.000e+00)  DirAnchor: 0.000e+00 (0.000e+00)  BinReg: 0.000e+00 (0.000e+00)  SelBinAnchor: 0.000e+00 (0.000e+00)  ActBinMargin: 0.000e+00 (0.000e+00)  Time: 0.244s, 2101.08/s  (0.232s, 2211.21/s)  LR: 9.301e-06  RefW: 0.000e+00  AnchorRefW: 0.000e+00  Data: 0.006 (0.007)
Train: 16 [ 900/2502 ( 36%)]  Loss: 51.394363 (51.4025)  BaseLoss: 51.394363 (51.4025)  RefAttnKL: 0.000e+00 (0.000e+00)  RefLogitKL: 0.000e+00 (0.000e+00)  AnchorRefAttnKL: 0.000e+00 (0.000e+00)  TeacherAttnKL: 0.000e+00 (0.000e+00)  TeacherRel: 0.000e+00 (0.000e+00)  TeacherAttnOut: 0.000e+00 (0.000e+00)  TeacherFeatOut: 0.000e+00 (0.000e+00)  ActScaleAnchor: 0.000e+00 (0.000e+00)  VarTrust: 0.000e+00 (0.000e+00)  DirAnchor: 0.000e+00 (0.000e+00)  BinReg: 0.000e+00 (0.000e+00)  SelBinAnchor: 0.000e+00 (0.000e+00)  ActBinMargin: 0.000e+00 (0.000e+00)  Time: 0.242s, 2116.84/s  (0.231s, 2211.77/s)  LR: 9.290e-06  RefW: 0.000e+00  AnchorRefW: 0.000e+00  Data: 0.006 (0.007)
Train: 16 [ 950/2502 ( 38%)]  Loss: 51.384197 (51.4016)  BaseLoss: 51.384197 (51.4016)  RefAttnKL: 0.000e+00 (0.000e+00)  RefLogitKL: 0.000e+00 (0.000e+00)  AnchorRefAttnKL: 0.000e+00 (0.000e+00)  TeacherAttnKL: 0.000e+00 (0.000e+00)  TeacherRel: 0.000e+00 (0.000e+00)  TeacherAttnOut: 0.000e+00 (0.000e+00)  TeacherFeatOut: 0.000e+00 (0.000e+00)  ActScaleAnchor: 0.000e+00 (0.000e+00)  VarTrust: 0.000e+00 (0.000e+00)  DirAnchor: 0.000e+00 (0.000e+00)  BinReg: 0.000e+00 (0.000e+00)  SelBinAnchor: 0.000e+00 (0.000e+00)  ActBinMargin: 0.000e+00 (0.000e+00)  Time: 0.241s, 2122.89/s  (0.231s, 2212.50/s)  LR: 9.280e-06  RefW: 0.000e+00  AnchorRefW: 0.000e+00  Data: 0.005 (0.007)
Train: 16 [1000/2502 ( 40%)]  Loss: 51.407139 (51.4019)  BaseLoss: 51.407139 (51.4019)  RefAttnKL: 0.000e+00 (0.000e+00)  RefLogitKL: 0.000e+00 (0.000e+00)  AnchorRefAttnKL: 0.000e+00 (0.000e+00)  TeacherAttnKL: 0.000e+00 (0.000e+00)  TeacherRel: 0.000e+00 (0.000e+00)  TeacherAttnOut: 0.000e+00 (0.000e+00)  TeacherFeatOut: 0.000e+00 (0.000e+00)  ActScaleAnchor: 0.000e+00 (0.000e+00)  VarTrust: 0.000e+00 (0.000e+00)  DirAnchor: 0.000e+00 (0.000e+00)  BinReg: 0.000e+00 (0.000e+00)  SelBinAnchor: 0.000e+00 (0.000e+00)  ActBinMargin: 0.000e+00 (0.000e+00)  Time: 0.230s, 2230.47/s  (0.231s, 2213.02/s)  LR: 9.270e-06  RefW: 0.000e+00  AnchorRefW: 0.000e+00  Data: 0.005 (0.007)
Train: 16 [1050/2502 ( 42%)]  Loss: 51.403023 (51.4019)  BaseLoss: 51.403023 (51.4019)  RefAttnKL: 0.000e+00 (0.000e+00)  RefLogitKL: 0.000e+00 (0.000e+00)  AnchorRefAttnKL: 0.000e+00 (0.000e+00)  TeacherAttnKL: 0.000e+00 (0.000e+00)  TeacherRel: 0.000e+00 (0.000e+00)  TeacherAttnOut: 0.000e+00 (0.000e+00)  TeacherFeatOut: 0.000e+00 (0.000e+00)  ActScaleAnchor: 0.000e+00 (0.000e+00)  VarTrust: 0.000e+00 (0.000e+00)  DirAnchor: 0.000e+00 (0.000e+00)  BinReg: 0.000e+00 (0.000e+00)  SelBinAnchor: 0.000e+00 (0.000e+00)  ActBinMargin: 0.000e+00 (0.000e+00)  Time: 0.242s, 2112.99/s  (0.231s, 2213.70/s)  LR: 9.259e-06  RefW: 0.000e+00  AnchorRefW: 0.000e+00  Data: 0.006 (0.006)
Train: 16 [1100/2502 ( 44%)]  Loss: 51.336742 (51.3991)  BaseLoss: 51.336742 (51.3991)  RefAttnKL: 0.000e+00 (0.000e+00)  RefLogitKL: 0.000e+00 (0.000e+00)  AnchorRefAttnKL: 0.000e+00 (0.000e+00)  TeacherAttnKL: 0.000e+00 (0.000e+00)  TeacherRel: 0.000e+00 (0.000e+00)  TeacherAttnOut: 0.000e+00 (0.000e+00)  TeacherFeatOut: 0.000e+00 (0.000e+00)  ActScaleAnchor: 0.000e+00 (0.000e+00)  VarTrust: 0.000e+00 (0.000e+00)  DirAnchor: 0.000e+00 (0.000e+00)  BinReg: 0.000e+00 (0.000e+00)  SelBinAnchor: 0.000e+00 (0.000e+00)  ActBinMargin: 0.000e+00 (0.000e+00)  Time: 0.243s, 2106.84/s  (0.231s, 2213.82/s)  LR: 9.249e-06  RefW: 0.000e+00  AnchorRefW: 0.000e+00  Data: 0.006 (0.006)
Train: 16 [1150/2502 ( 46%)]  Loss: 51.390148 (51.3987)  BaseLoss: 51.390148 (51.3987)  RefAttnKL: 0.000e+00 (0.000e+00)  RefLogitKL: 0.000e+00 (0.000e+00)  AnchorRefAttnKL: 0.000e+00 (0.000e+00)  TeacherAttnKL: 0.000e+00 (0.000e+00)  TeacherRel: 0.000e+00 (0.000e+00)  TeacherAttnOut: 0.000e+00 (0.000e+00)  TeacherFeatOut: 0.000e+00 (0.000e+00)  ActScaleAnchor: 0.000e+00 (0.000e+00)  VarTrust: 0.000e+00 (0.000e+00)  DirAnchor: 0.000e+00 (0.000e+00)  BinReg: 0.000e+00 (0.000e+00)  SelBinAnchor: 0.000e+00 (0.000e+00)  ActBinMargin: 0.000e+00 (0.000e+00)  Time: 0.243s, 2107.25/s  (0.231s, 2214.20/s)  LR: 9.239e-06  RefW: 0.000e+00  AnchorRefW: 0.000e+00  Data: 0.006 (0.006)
Train: 16 [1200/2502 ( 48%)]  Loss: 51.376499 (51.3978)  BaseLoss: 51.376499 (51.3978)  RefAttnKL: 0.000e+00 (0.000e+00)  RefLogitKL: 0.000e+00 (0.000e+00)  AnchorRefAttnKL: 0.000e+00 (0.000e+00)  TeacherAttnKL: 0.000e+00 (0.000e+00)  TeacherRel: 0.000e+00 (0.000e+00)  TeacherAttnOut: 0.000e+00 (0.000e+00)  TeacherFeatOut: 0.000e+00 (0.000e+00)  ActScaleAnchor: 0.000e+00 (0.000e+00)  VarTrust: 0.000e+00 (0.000e+00)  DirAnchor: 0.000e+00 (0.000e+00)  BinReg: 0.000e+00 (0.000e+00)  SelBinAnchor: 0.000e+00 (0.000e+00)  ActBinMargin: 0.000e+00 (0.000e+00)  Time: 0.230s, 2222.81/s  (0.231s, 2214.08/s)  LR: 9.228e-06  RefW: 0.000e+00  AnchorRefW: 0.000e+00  Data: 0.005 (0.006)
Train: 16 [1250/2502 ( 50%)]  Loss: 51.412491 (51.3984)  BaseLoss: 51.412491 (51.3984)  RefAttnKL: 0.000e+00 (0.000e+00)  RefLogitKL: 0.000e+00 (0.000e+00)  AnchorRefAttnKL: 0.000e+00 (0.000e+00)  TeacherAttnKL: 0.000e+00 (0.000e+00)  TeacherRel: 0.000e+00 (0.000e+00)  TeacherAttnOut: 0.000e+00 (0.000e+00)  TeacherFeatOut: 0.000e+00 (0.000e+00)  ActScaleAnchor: 0.000e+00 (0.000e+00)  VarTrust: 0.000e+00 (0.000e+00)  DirAnchor: 0.000e+00 (0.000e+00)  BinReg: 0.000e+00 (0.000e+00)  SelBinAnchor: 0.000e+00 (0.000e+00)  ActBinMargin: 0.000e+00 (0.000e+00)  Time: 0.242s, 2112.88/s  (0.231s, 2214.57/s)  LR: 9.218e-06  RefW: 0.000e+00  AnchorRefW: 0.000e+00  Data: 0.006 (0.006)
Train: 16 [1300/2502 ( 52%)]  Loss: 51.427193 (51.3995)  BaseLoss: 51.427193 (51.3995)  RefAttnKL: 0.000e+00 (0.000e+00)  RefLogitKL: 0.000e+00 (0.000e+00)  AnchorRefAttnKL: 0.000e+00 (0.000e+00)  TeacherAttnKL: 0.000e+00 (0.000e+00)  TeacherRel: 0.000e+00 (0.000e+00)  TeacherAttnOut: 0.000e+00 (0.000e+00)  TeacherFeatOut: 0.000e+00 (0.000e+00)  ActScaleAnchor: 0.000e+00 (0.000e+00)  VarTrust: 0.000e+00 (0.000e+00)  DirAnchor: 0.000e+00 (0.000e+00)  BinReg: 0.000e+00 (0.000e+00)  SelBinAnchor: 0.000e+00 (0.000e+00)  ActBinMargin: 0.000e+00 (0.000e+00)  Time: 0.244s, 2095.42/s  (0.231s, 2214.60/s)  LR: 9.207e-06  RefW: 0.000e+00  AnchorRefW: 0.000e+00  Data: 0.005 (0.006)
Train: 16 [1350/2502 ( 54%)]  Loss: 51.407295 (51.3997)  BaseLoss: 51.407295 (51.3997)  RefAttnKL: 0.000e+00 (0.000e+00)  RefLogitKL: 0.000e+00 (0.000e+00)  AnchorRefAttnKL: 0.000e+00 (0.000e+00)  TeacherAttnKL: 0.000e+00 (0.000e+00)  TeacherRel: 0.000e+00 (0.000e+00)  TeacherAttnOut: 0.000e+00 (0.000e+00)  TeacherFeatOut: 0.000e+00 (0.000e+00)  ActScaleAnchor: 0.000e+00 (0.000e+00)  VarTrust: 0.000e+00 (0.000e+00)  DirAnchor: 0.000e+00 (0.000e+00)  BinReg: 0.000e+00 (0.000e+00)  SelBinAnchor: 0.000e+00 (0.000e+00)  ActBinMargin: 0.000e+00 (0.000e+00)  Time: 0.242s, 2117.74/s  (0.231s, 2215.00/s)  LR: 9.197e-06  RefW: 0.000e+00  AnchorRefW: 0.000e+00  Data: 0.005 (0.006)
Train: 16 [1400/2502 ( 56%)]  Loss: 51.400810 (51.3998)  BaseLoss: 51.400810 (51.3998)  RefAttnKL: 0.000e+00 (0.000e+00)  RefLogitKL: 0.000e+00 (0.000e+00)  AnchorRefAttnKL: 0.000e+00 (0.000e+00)  TeacherAttnKL: 0.000e+00 (0.000e+00)  TeacherRel: 0.000e+00 (0.000e+00)  TeacherAttnOut: 0.000e+00 (0.000e+00)  TeacherFeatOut: 0.000e+00 (0.000e+00)  ActScaleAnchor: 0.000e+00 (0.000e+00)  VarTrust: 0.000e+00 (0.000e+00)  DirAnchor: 0.000e+00 (0.000e+00)  BinReg: 0.000e+00 (0.000e+00)  SelBinAnchor: 0.000e+00 (0.000e+00)  ActBinMargin: 0.000e+00 (0.000e+00)  Time: 0.241s, 2122.15/s  (0.231s, 2215.06/s)  LR: 9.187e-06  RefW: 0.000e+00  AnchorRefW: 0.000e+00  Data: 0.005 (0.006)
Train: 16 [1450/2502 ( 58%)]  Loss: 51.438759 (51.4011)  BaseLoss: 51.438759 (51.4011)  RefAttnKL: 0.000e+00 (0.000e+00)  RefLogitKL: 0.000e+00 (0.000e+00)  AnchorRefAttnKL: 0.000e+00 (0.000e+00)  TeacherAttnKL: 0.000e+00 (0.000e+00)  TeacherRel: 0.000e+00 (0.000e+00)  TeacherAttnOut: 0.000e+00 (0.000e+00)  TeacherFeatOut: 0.000e+00 (0.000e+00)  ActScaleAnchor: 0.000e+00 (0.000e+00)  VarTrust: 0.000e+00 (0.000e+00)  DirAnchor: 0.000e+00 (0.000e+00)  BinReg: 0.000e+00 (0.000e+00)  SelBinAnchor: 0.000e+00 (0.000e+00)  ActBinMargin: 0.000e+00 (0.000e+00)  Time: 0.243s, 2103.60/s  (0.231s, 2215.37/s)  LR: 9.177e-06  RefW: 0.000e+00  AnchorRefW: 0.000e+00  Data: 0.006 (0.006)
Train: 16 [1500/2502 ( 60%)]  Loss: 51.432121 (51.4021)  BaseLoss: 51.432121 (51.4021)  RefAttnKL: 0.000e+00 (0.000e+00)  RefLogitKL: 0.000e+00 (0.000e+00)  AnchorRefAttnKL: 0.000e+00 (0.000e+00)  TeacherAttnKL: 0.000e+00 (0.000e+00)  TeacherRel: 0.000e+00 (0.000e+00)  TeacherAttnOut: 0.000e+00 (0.000e+00)  TeacherFeatOut: 0.000e+00 (0.000e+00)  ActScaleAnchor: 0.000e+00 (0.000e+00)  VarTrust: 0.000e+00 (0.000e+00)  DirAnchor: 0.000e+00 (0.000e+00)  BinReg: 0.000e+00 (0.000e+00)  SelBinAnchor: 0.000e+00 (0.000e+00)  ActBinMargin: 0.000e+00 (0.000e+00)  Time: 0.243s, 2108.69/s  (0.231s, 2215.75/s)  LR: 9.166e-06  RefW: 0.000e+00  AnchorRefW: 0.000e+00  Data: 0.006 (0.006)
Train: 16 [1550/2502 ( 62%)]  Loss: 51.400551 (51.4020)  BaseLoss: 51.400551 (51.4020)  RefAttnKL: 0.000e+00 (0.000e+00)  RefLogitKL: 0.000e+00 (0.000e+00)  AnchorRefAttnKL: 0.000e+00 (0.000e+00)  TeacherAttnKL: 0.000e+00 (0.000e+00)  TeacherRel: 0.000e+00 (0.000e+00)  TeacherAttnOut: 0.000e+00 (0.000e+00)  TeacherFeatOut: 0.000e+00 (0.000e+00)  ActScaleAnchor: 0.000e+00 (0.000e+00)  VarTrust: 0.000e+00 (0.000e+00)  DirAnchor: 0.000e+00 (0.000e+00)  BinReg: 0.000e+00 (0.000e+00)  SelBinAnchor: 0.000e+00 (0.000e+00)  ActBinMargin: 0.000e+00 (0.000e+00)  Time: 0.242s, 2118.09/s  (0.231s, 2215.92/s)  LR: 9.156e-06  RefW: 0.000e+00  AnchorRefW: 0.000e+00  Data: 0.006 (0.006)
Train: 16 [1600/2502 ( 64%)]  Loss: 51.378960 (51.4013)  BaseLoss: 51.378960 (51.4013)  RefAttnKL: 0.000e+00 (0.000e+00)  RefLogitKL: 0.000e+00 (0.000e+00)  AnchorRefAttnKL: 0.000e+00 (0.000e+00)  TeacherAttnKL: 0.000e+00 (0.000e+00)  TeacherRel: 0.000e+00 (0.000e+00)  TeacherAttnOut: 0.000e+00 (0.000e+00)  TeacherFeatOut: 0.000e+00 (0.000e+00)  ActScaleAnchor: 0.000e+00 (0.000e+00)  VarTrust: 0.000e+00 (0.000e+00)  DirAnchor: 0.000e+00 (0.000e+00)  BinReg: 0.000e+00 (0.000e+00)  SelBinAnchor: 0.000e+00 (0.000e+00)  ActBinMargin: 0.000e+00 (0.000e+00)  Time: 0.243s, 2110.79/s  (0.231s, 2216.22/s)  LR: 9.146e-06  RefW: 0.000e+00  AnchorRefW: 0.000e+00  Data: 0.005 (0.006)
Train: 16 [1650/2502 ( 66%)]  Loss: 51.431850 (51.4022)  BaseLoss: 51.431850 (51.4022)  RefAttnKL: 0.000e+00 (0.000e+00)  RefLogitKL: 0.000e+00 (0.000e+00)  AnchorRefAttnKL: 0.000e+00 (0.000e+00)  TeacherAttnKL: 0.000e+00 (0.000e+00)  TeacherRel: 0.000e+00 (0.000e+00)  TeacherAttnOut: 0.000e+00 (0.000e+00)  TeacherFeatOut: 0.000e+00 (0.000e+00)  ActScaleAnchor: 0.000e+00 (0.000e+00)  VarTrust: 0.000e+00 (0.000e+00)  DirAnchor: 0.000e+00 (0.000e+00)  BinReg: 0.000e+00 (0.000e+00)  SelBinAnchor: 0.000e+00 (0.000e+00)  ActBinMargin: 0.000e+00 (0.000e+00)  Time: 0.245s, 2091.98/s  (0.231s, 2216.24/s)  LR: 9.135e-06  RefW: 0.000e+00  AnchorRefW: 0.000e+00  Data: 0.006 (0.006)
Train: 16 [1700/2502 ( 68%)]  Loss: 51.401585 (51.4022)  BaseLoss: 51.401585 (51.4022)  RefAttnKL: 0.000e+00 (0.000e+00)  RefLogitKL: 0.000e+00 (0.000e+00)  AnchorRefAttnKL: 0.000e+00 (0.000e+00)  TeacherAttnKL: 0.000e+00 (0.000e+00)  TeacherRel: 0.000e+00 (0.000e+00)  TeacherAttnOut: 0.000e+00 (0.000e+00)  TeacherFeatOut: 0.000e+00 (0.000e+00)  ActScaleAnchor: 0.000e+00 (0.000e+00)  VarTrust: 0.000e+00 (0.000e+00)  DirAnchor: 0.000e+00 (0.000e+00)  BinReg: 0.000e+00 (0.000e+00)  SelBinAnchor: 0.000e+00 (0.000e+00)  ActBinMargin: 0.000e+00 (0.000e+00)  Time: 0.243s, 2109.07/s  (0.231s, 2216.45/s)  LR: 9.125e-06  RefW: 0.000e+00  AnchorRefW: 0.000e+00  Data: 0.006 (0.006)
Train: 16 [1750/2502 ( 70%)]  Loss: 51.416153 (51.4026)  BaseLoss: 51.416153 (51.4026)  RefAttnKL: 0.000e+00 (0.000e+00)  RefLogitKL: 0.000e+00 (0.000e+00)  AnchorRefAttnKL: 0.000e+00 (0.000e+00)  TeacherAttnKL: 0.000e+00 (0.000e+00)  TeacherRel: 0.000e+00 (0.000e+00)  TeacherAttnOut: 0.000e+00 (0.000e+00)  TeacherFeatOut: 0.000e+00 (0.000e+00)  ActScaleAnchor: 0.000e+00 (0.000e+00)  VarTrust: 0.000e+00 (0.000e+00)  DirAnchor: 0.000e+00 (0.000e+00)  BinReg: 0.000e+00 (0.000e+00)  SelBinAnchor: 0.000e+00 (0.000e+00)  ActBinMargin: 0.000e+00 (0.000e+00)  Time: 0.241s, 2121.21/s  (0.231s, 2216.59/s)  LR: 9.115e-06  RefW: 0.000e+00  AnchorRefW: 0.000e+00  Data: 0.006 (0.006)
Train: 16 [1800/2502 ( 72%)]  Loss: 51.413033 (51.4029)  BaseLoss: 51.413033 (51.4029)  RefAttnKL: 0.000e+00 (0.000e+00)  RefLogitKL: 0.000e+00 (0.000e+00)  AnchorRefAttnKL: 0.000e+00 (0.000e+00)  TeacherAttnKL: 0.000e+00 (0.000e+00)  TeacherRel: 0.000e+00 (0.000e+00)  TeacherAttnOut: 0.000e+00 (0.000e+00)  TeacherFeatOut: 0.000e+00 (0.000e+00)  ActScaleAnchor: 0.000e+00 (0.000e+00)  VarTrust: 0.000e+00 (0.000e+00)  DirAnchor: 0.000e+00 (0.000e+00)  BinReg: 0.000e+00 (0.000e+00)  SelBinAnchor: 0.000e+00 (0.000e+00)  ActBinMargin: 0.000e+00 (0.000e+00)  Time: 0.240s, 2134.31/s  (0.231s, 2216.81/s)  LR: 9.104e-06  RefW: 0.000e+00  AnchorRefW: 0.000e+00  Data: 0.006 (0.006)
Train: 16 [1850/2502 ( 74%)]  Loss: 51.369961 (51.4020)  BaseLoss: 51.369961 (51.4020)  RefAttnKL: 0.000e+00 (0.000e+00)  RefLogitKL: 0.000e+00 (0.000e+00)  AnchorRefAttnKL: 0.000e+00 (0.000e+00)  TeacherAttnKL: 0.000e+00 (0.000e+00)  TeacherRel: 0.000e+00 (0.000e+00)  TeacherAttnOut: 0.000e+00 (0.000e+00)  TeacherFeatOut: 0.000e+00 (0.000e+00)  ActScaleAnchor: 0.000e+00 (0.000e+00)  VarTrust: 0.000e+00 (0.000e+00)  DirAnchor: 0.000e+00 (0.000e+00)  BinReg: 0.000e+00 (0.000e+00)  SelBinAnchor: 0.000e+00 (0.000e+00)  ActBinMargin: 0.000e+00 (0.000e+00)  Time: 0.253s, 2023.84/s  (0.231s, 2216.83/s)  LR: 9.094e-06  RefW: 0.000e+00  AnchorRefW: 0.000e+00  Data: 0.006 (0.006)
Train: 16 [1900/2502 ( 76%)]  Loss: 51.418617 (51.4024)  BaseLoss: 51.418617 (51.4024)  RefAttnKL: 0.000e+00 (0.000e+00)  RefLogitKL: 0.000e+00 (0.000e+00)  AnchorRefAttnKL: 0.000e+00 (0.000e+00)  TeacherAttnKL: 0.000e+00 (0.000e+00)  TeacherRel: 0.000e+00 (0.000e+00)  TeacherAttnOut: 0.000e+00 (0.000e+00)  TeacherFeatOut: 0.000e+00 (0.000e+00)  ActScaleAnchor: 0.000e+00 (0.000e+00)  VarTrust: 0.000e+00 (0.000e+00)  DirAnchor: 0.000e+00 (0.000e+00)  BinReg: 0.000e+00 (0.000e+00)  SelBinAnchor: 0.000e+00 (0.000e+00)  ActBinMargin: 0.000e+00 (0.000e+00)  Time: 0.242s, 2111.50/s  (0.231s, 2216.77/s)  LR: 9.084e-06  RefW: 0.000e+00  AnchorRefW: 0.000e+00  Data: 0.006 (0.006)
Train: 16 [1950/2502 ( 78%)]  Loss: 51.436073 (51.4033)  BaseLoss: 51.436073 (51.4033)  RefAttnKL: 0.000e+00 (0.000e+00)  RefLogitKL: 0.000e+00 (0.000e+00)  AnchorRefAttnKL: 0.000e+00 (0.000e+00)  TeacherAttnKL: 0.000e+00 (0.000e+00)  TeacherRel: 0.000e+00 (0.000e+00)  TeacherAttnOut: 0.000e+00 (0.000e+00)  TeacherFeatOut: 0.000e+00 (0.000e+00)  ActScaleAnchor: 0.000e+00 (0.000e+00)  VarTrust: 0.000e+00 (0.000e+00)  DirAnchor: 0.000e+00 (0.000e+00)  BinReg: 0.000e+00 (0.000e+00)  SelBinAnchor: 0.000e+00 (0.000e+00)  ActBinMargin: 0.000e+00 (0.000e+00)  Time: 0.246s, 2083.89/s  (0.231s, 2216.79/s)  LR: 9.073e-06  RefW: 0.000e+00  AnchorRefW: 0.000e+00  Data: 0.005 (0.006)
Train: 16 [2000/2502 ( 80%)]  Loss: 51.426041 (51.4038)  BaseLoss: 51.426041 (51.4038)  RefAttnKL: 0.000e+00 (0.000e+00)  RefLogitKL: 0.000e+00 (0.000e+00)  AnchorRefAttnKL: 0.000e+00 (0.000e+00)  TeacherAttnKL: 0.000e+00 (0.000e+00)  TeacherRel: 0.000e+00 (0.000e+00)  TeacherAttnOut: 0.000e+00 (0.000e+00)  TeacherFeatOut: 0.000e+00 (0.000e+00)  ActScaleAnchor: 0.000e+00 (0.000e+00)  VarTrust: 0.000e+00 (0.000e+00)  DirAnchor: 0.000e+00 (0.000e+00)  BinReg: 0.000e+00 (0.000e+00)  SelBinAnchor: 0.000e+00 (0.000e+00)  ActBinMargin: 0.000e+00 (0.000e+00)  Time: 0.242s, 2119.89/s  (0.231s, 2217.05/s)  LR: 9.063e-06  RefW: 0.000e+00  AnchorRefW: 0.000e+00  Data: 0.006 (0.006)
Train: 16 [2050/2502 ( 82%)]  Loss: 51.355110 (51.4027)  BaseLoss: 51.355110 (51.4027)  RefAttnKL: 0.000e+00 (0.000e+00)  RefLogitKL: 0.000e+00 (0.000e+00)  AnchorRefAttnKL: 0.000e+00 (0.000e+00)  TeacherAttnKL: 0.000e+00 (0.000e+00)  TeacherRel: 0.000e+00 (0.000e+00)  TeacherAttnOut: 0.000e+00 (0.000e+00)  TeacherFeatOut: 0.000e+00 (0.000e+00)  ActScaleAnchor: 0.000e+00 (0.000e+00)  VarTrust: 0.000e+00 (0.000e+00)  DirAnchor: 0.000e+00 (0.000e+00)  BinReg: 0.000e+00 (0.000e+00)  SelBinAnchor: 0.000e+00 (0.000e+00)  ActBinMargin: 0.000e+00 (0.000e+00)  Time: 0.254s, 2019.70/s  (0.231s, 2217.26/s)  LR: 9.053e-06  RefW: 0.000e+00  AnchorRefW: 0.000e+00  Data: 0.006 (0.006)
Train: 16 [2100/2502 ( 84%)]  Loss: 51.379440 (51.4021)  BaseLoss: 51.379440 (51.4021)  RefAttnKL: 0.000e+00 (0.000e+00)  RefLogitKL: 0.000e+00 (0.000e+00)  AnchorRefAttnKL: 0.000e+00 (0.000e+00)  TeacherAttnKL: 0.000e+00 (0.000e+00)  TeacherRel: 0.000e+00 (0.000e+00)  TeacherAttnOut: 0.000e+00 (0.000e+00)  TeacherFeatOut: 0.000e+00 (0.000e+00)  ActScaleAnchor: 0.000e+00 (0.000e+00)  VarTrust: 0.000e+00 (0.000e+00)  DirAnchor: 0.000e+00 (0.000e+00)  BinReg: 0.000e+00 (0.000e+00)  SelBinAnchor: 0.000e+00 (0.000e+00)  ActBinMargin: 0.000e+00 (0.000e+00)  Time: 0.242s, 2119.16/s  (0.231s, 2217.29/s)  LR: 9.043e-06  RefW: 0.000e+00  AnchorRefW: 0.000e+00  Data: 0.006 (0.006)
Train: 16 [2150/2502 ( 86%)]  Loss: 51.393700 (51.4019)  BaseLoss: 51.393700 (51.4019)  RefAttnKL: 0.000e+00 (0.000e+00)  RefLogitKL: 0.000e+00 (0.000e+00)  AnchorRefAttnKL: 0.000e+00 (0.000e+00)  TeacherAttnKL: 0.000e+00 (0.000e+00)  TeacherRel: 0.000e+00 (0.000e+00)  TeacherAttnOut: 0.000e+00 (0.000e+00)  TeacherFeatOut: 0.000e+00 (0.000e+00)  ActScaleAnchor: 0.000e+00 (0.000e+00)  VarTrust: 0.000e+00 (0.000e+00)  DirAnchor: 0.000e+00 (0.000e+00)  BinReg: 0.000e+00 (0.000e+00)  SelBinAnchor: 0.000e+00 (0.000e+00)  ActBinMargin: 0.000e+00 (0.000e+00)  Time: 0.242s, 2112.47/s  (0.231s, 2217.41/s)  LR: 9.032e-06  RefW: 0.000e+00  AnchorRefW: 0.000e+00  Data: 0.006 (0.006)
Train: 16 [2200/2502 ( 88%)]  Loss: 51.391994 (51.4017)  BaseLoss: 51.391994 (51.4017)  RefAttnKL: 0.000e+00 (0.000e+00)  RefLogitKL: 0.000e+00 (0.000e+00)  AnchorRefAttnKL: 0.000e+00 (0.000e+00)  TeacherAttnKL: 0.000e+00 (0.000e+00)  TeacherRel: 0.000e+00 (0.000e+00)  TeacherAttnOut: 0.000e+00 (0.000e+00)  TeacherFeatOut: 0.000e+00 (0.000e+00)  ActScaleAnchor: 0.000e+00 (0.000e+00)  VarTrust: 0.000e+00 (0.000e+00)  DirAnchor: 0.000e+00 (0.000e+00)  BinReg: 0.000e+00 (0.000e+00)  SelBinAnchor: 0.000e+00 (0.000e+00)  ActBinMargin: 0.000e+00 (0.000e+00)  Time: 0.243s, 2107.84/s  (0.231s, 2217.28/s)  LR: 9.022e-06  RefW: 0.000e+00  AnchorRefW: 0.000e+00  Data: 0.006 (0.006)
Train: 16 [2250/2502 ( 90%)]  Loss: 51.392620 (51.4015)  BaseLoss: 51.392620 (51.4015)  RefAttnKL: 0.000e+00 (0.000e+00)  RefLogitKL: 0.000e+00 (0.000e+00)  AnchorRefAttnKL: 0.000e+00 (0.000e+00)  TeacherAttnKL: 0.000e+00 (0.000e+00)  TeacherRel: 0.000e+00 (0.000e+00)  TeacherAttnOut: 0.000e+00 (0.000e+00)  TeacherFeatOut: 0.000e+00 (0.000e+00)  ActScaleAnchor: 0.000e+00 (0.000e+00)  VarTrust: 0.000e+00 (0.000e+00)  DirAnchor: 0.000e+00 (0.000e+00)  BinReg: 0.000e+00 (0.000e+00)  SelBinAnchor: 0.000e+00 (0.000e+00)  ActBinMargin: 0.000e+00 (0.000e+00)  Time: 0.243s, 2108.65/s  (0.231s, 2217.38/s)  LR: 9.012e-06  RefW: 0.000e+00  AnchorRefW: 0.000e+00  Data: 0.005 (0.006)
Train: 16 [2300/2502 ( 92%)]  Loss: 51.434193 (51.4022)  BaseLoss: 51.434193 (51.4022)  RefAttnKL: 0.000e+00 (0.000e+00)  RefLogitKL: 0.000e+00 (0.000e+00)  AnchorRefAttnKL: 0.000e+00 (0.000e+00)  TeacherAttnKL: 0.000e+00 (0.000e+00)  TeacherRel: 0.000e+00 (0.000e+00)  TeacherAttnOut: 0.000e+00 (0.000e+00)  TeacherFeatOut: 0.000e+00 (0.000e+00)  ActScaleAnchor: 0.000e+00 (0.000e+00)  VarTrust: 0.000e+00 (0.000e+00)  DirAnchor: 0.000e+00 (0.000e+00)  BinReg: 0.000e+00 (0.000e+00)  SelBinAnchor: 0.000e+00 (0.000e+00)  ActBinMargin: 0.000e+00 (0.000e+00)  Time: 0.241s, 2123.84/s  (0.231s, 2217.40/s)  LR: 9.002e-06  RefW: 0.000e+00  AnchorRefW: 0.000e+00  Data: 0.006 (0.006)
Train: 16 [2350/2502 ( 94%)]  Loss: 51.405720 (51.4023)  BaseLoss: 51.405720 (51.4023)  RefAttnKL: 0.000e+00 (0.000e+00)  RefLogitKL: 0.000e+00 (0.000e+00)  AnchorRefAttnKL: 0.000e+00 (0.000e+00)  TeacherAttnKL: 0.000e+00 (0.000e+00)  TeacherRel: 0.000e+00 (0.000e+00)  TeacherAttnOut: 0.000e+00 (0.000e+00)  TeacherFeatOut: 0.000e+00 (0.000e+00)  ActScaleAnchor: 0.000e+00 (0.000e+00)  VarTrust: 0.000e+00 (0.000e+00)  DirAnchor: 0.000e+00 (0.000e+00)  BinReg: 0.000e+00 (0.000e+00)  SelBinAnchor: 0.000e+00 (0.000e+00)  ActBinMargin: 0.000e+00 (0.000e+00)  Time: 0.244s, 2096.60/s  (0.231s, 2217.35/s)  LR: 8.991e-06  RefW: 0.000e+00  AnchorRefW: 0.000e+00  Data: 0.006 (0.006)
Train: 16 [2400/2502 ( 96%)]  Loss: 51.369240 (51.4016)  BaseLoss: 51.369240 (51.4016)  RefAttnKL: 0.000e+00 (0.000e+00)  RefLogitKL: 0.000e+00 (0.000e+00)  AnchorRefAttnKL: 0.000e+00 (0.000e+00)  TeacherAttnKL: 0.000e+00 (0.000e+00)  TeacherRel: 0.000e+00 (0.000e+00)  TeacherAttnOut: 0.000e+00 (0.000e+00)  TeacherFeatOut: 0.000e+00 (0.000e+00)  ActScaleAnchor: 0.000e+00 (0.000e+00)  VarTrust: 0.000e+00 (0.000e+00)  DirAnchor: 0.000e+00 (0.000e+00)  BinReg: 0.000e+00 (0.000e+00)  SelBinAnchor: 0.000e+00 (0.000e+00)  ActBinMargin: 0.000e+00 (0.000e+00)  Time: 0.244s, 2102.20/s  (0.231s, 2217.32/s)  LR: 8.981e-06  RefW: 0.000e+00  AnchorRefW: 0.000e+00  Data: 0.007 (0.006)
Train: 16 [2450/2502 ( 98%)]  Loss: 51.419552 (51.4020)  BaseLoss: 51.419552 (51.4020)  RefAttnKL: 0.000e+00 (0.000e+00)  RefLogitKL: 0.000e+00 (0.000e+00)  AnchorRefAttnKL: 0.000e+00 (0.000e+00)  TeacherAttnKL: 0.000e+00 (0.000e+00)  TeacherRel: 0.000e+00 (0.000e+00)  TeacherAttnOut: 0.000e+00 (0.000e+00)  TeacherFeatOut: 0.000e+00 (0.000e+00)  ActScaleAnchor: 0.000e+00 (0.000e+00)  VarTrust: 0.000e+00 (0.000e+00)  DirAnchor: 0.000e+00 (0.000e+00)  BinReg: 0.000e+00 (0.000e+00)  SelBinAnchor: 0.000e+00 (0.000e+00)  ActBinMargin: 0.000e+00 (0.000e+00)  Time: 0.242s, 2119.42/s  (0.231s, 2217.56/s)  LR: 8.971e-06  RefW: 0.000e+00  AnchorRefW: 0.000e+00  Data: 0.006 (0.006)
TrainSummary: epoch=16 updates=2496 avg_step_time=0.230853s samples_per_step=512 samples_per_sec=2217.86
epoch:  16 g['lr']:  8.961669728159904e-06
model eval
TestLocal: [   0/97]  Time: 0.968 (0.968)  Loss:  0.7511  Acc@1: 79.6875  Acc@5: 96.8750  Samples: 64
TestLocal: [  50/97]  Time: 0.093 (0.110)  Loss:  0.8242  Acc@1: 81.5257  Acc@5: 95.3431  Samples: 3264
TestLocal: [  97/97]  Time: 0.048 (0.101)  Loss:  0.8164  Acc@1: 81.2480  Acc@5: 95.4619  Samples: 6170
TestLocal: [ 100/97]  Time: 0.047 (0.099)  Loss:  0.8167  Acc@1: 81.2399  Acc@5: 95.4589  Samples: 6210
Test: [distributed-summary]  Time: 10.363s  Loss: 0.8424  Acc@1: 80.4380  Acc@5: 95.3080  Samples: 50000
Trainable parameter policy: epoch=17, quant_only=False, policy=all, trainable=28608256, frozen=0
AOQ explore scale ratio update: epoch=17, update=0, active=False, base_ratio=1.0, threshold_ratio=0.0, base_layers=(), selective_margin=0.0, base_quantizers=0, layer_ratios={}, layer_quantizers=0, layer_counts={}, quality_mode=none, quality_layers=(), quality_start_update=0, quality_min_frac=0.0, start_update=0, end_update=0
Trainable parameter update policy: epoch=17, update=0, mode=requires_grad, policy=all, trainable=28608256, frozen=0
Train: 17 [   0/2502 (  0%)]  Loss: 51.399799 (51.3998)  BaseLoss: 51.399799 (51.3998)  RefAttnKL: 0.000e+00 (0.000e+00)  RefLogitKL: 0.000e+00 (0.000e+00)  AnchorRefAttnKL: 0.000e+00 (0.000e+00)  TeacherAttnKL: 0.000e+00 (0.000e+00)  TeacherRel: 0.000e+00 (0.000e+00)  TeacherAttnOut: 0.000e+00 (0.000e+00)  TeacherFeatOut: 0.000e+00 (0.000e+00)  ActScaleAnchor: 0.000e+00 (0.000e+00)  VarTrust: 0.000e+00 (0.000e+00)  DirAnchor: 0.000e+00 (0.000e+00)  BinReg: 0.000e+00 (0.000e+00)  SelBinAnchor: 0.000e+00 (0.000e+00)  ActBinMargin: 0.000e+00 (0.000e+00)  Time: 1.013s,  505.38/s  (1.013s,  505.38/s)  LR: 8.960e-06  RefW: 0.000e+00  AnchorRefW: 0.000e+00  Data: 0.740 (0.740)
Train: 17 [  50/2502 (  2%)]  Loss: 51.397041 (51.3984)  BaseLoss: 51.397041 (51.3984)  RefAttnKL: 0.000e+00 (0.000e+00)  RefLogitKL: 0.000e+00 (0.000e+00)  AnchorRefAttnKL: 0.000e+00 (0.000e+00)  TeacherAttnKL: 0.000e+00 (0.000e+00)  TeacherRel: 0.000e+00 (0.000e+00)  TeacherAttnOut: 0.000e+00 (0.000e+00)  TeacherFeatOut: 0.000e+00 (0.000e+00)  ActScaleAnchor: 0.000e+00 (0.000e+00)  VarTrust: 0.000e+00 (0.000e+00)  DirAnchor: 0.000e+00 (0.000e+00)  BinReg: 0.000e+00 (0.000e+00)  SelBinAnchor: 0.000e+00 (0.000e+00)  ActBinMargin: 0.000e+00 (0.000e+00)  Time: 0.241s, 2120.10/s  (0.249s, 2059.71/s)  LR: 8.950e-06  RefW: 0.000e+00  AnchorRefW: 0.000e+00  Data: 0.005 (0.020)
Train: 17 [ 100/2502 (  4%)]  Loss: 51.401897 (51.3996)  BaseLoss: 51.401897 (51.3996)  RefAttnKL: 0.000e+00 (0.000e+00)  RefLogitKL: 0.000e+00 (0.000e+00)  AnchorRefAttnKL: 0.000e+00 (0.000e+00)  TeacherAttnKL: 0.000e+00 (0.000e+00)  TeacherRel: 0.000e+00 (0.000e+00)  TeacherAttnOut: 0.000e+00 (0.000e+00)  TeacherFeatOut: 0.000e+00 (0.000e+00)  ActScaleAnchor: 0.000e+00 (0.000e+00)  VarTrust: 0.000e+00 (0.000e+00)  DirAnchor: 0.000e+00 (0.000e+00)  BinReg: 0.000e+00 (0.000e+00)  SelBinAnchor: 0.000e+00 (0.000e+00)  ActBinMargin: 0.000e+00 (0.000e+00)  Time: 0.242s, 2112.19/s  (0.240s, 2131.93/s)  LR: 8.940e-06  RefW: 0.000e+00  AnchorRefW: 0.000e+00  Data: 0.007 (0.013)
Train: 17 [ 150/2502 (  6%)]  Loss: 51.393490 (51.3981)  BaseLoss: 51.393490 (51.3981)  RefAttnKL: 0.000e+00 (0.000e+00)  RefLogitKL: 0.000e+00 (0.000e+00)  AnchorRefAttnKL: 0.000e+00 (0.000e+00)  TeacherAttnKL: 0.000e+00 (0.000e+00)  TeacherRel: 0.000e+00 (0.000e+00)  TeacherAttnOut: 0.000e+00 (0.000e+00)  TeacherFeatOut: 0.000e+00 (0.000e+00)  ActScaleAnchor: 0.000e+00 (0.000e+00)  VarTrust: 0.000e+00 (0.000e+00)  DirAnchor: 0.000e+00 (0.000e+00)  BinReg: 0.000e+00 (0.000e+00)  SelBinAnchor: 0.000e+00 (0.000e+00)  ActBinMargin: 0.000e+00 (0.000e+00)  Time: 0.243s, 2106.59/s  (0.237s, 2159.18/s)  LR: 8.930e-06  RefW: 0.000e+00  AnchorRefW: 0.000e+00  Data: 0.005 (0.010)
Train: 17 [ 200/2502 (  8%)]  Loss: 51.404732 (51.3994)  BaseLoss: 51.404732 (51.3994)  RefAttnKL: 0.000e+00 (0.000e+00)  RefLogitKL: 0.000e+00 (0.000e+00)  AnchorRefAttnKL: 0.000e+00 (0.000e+00)  TeacherAttnKL: 0.000e+00 (0.000e+00)  TeacherRel: 0.000e+00 (0.000e+00)  TeacherAttnOut: 0.000e+00 (0.000e+00)  TeacherFeatOut: 0.000e+00 (0.000e+00)  ActScaleAnchor: 0.000e+00 (0.000e+00)  VarTrust: 0.000e+00 (0.000e+00)  DirAnchor: 0.000e+00 (0.000e+00)  BinReg: 0.000e+00 (0.000e+00)  SelBinAnchor: 0.000e+00 (0.000e+00)  ActBinMargin: 0.000e+00 (0.000e+00)  Time: 0.245s, 2087.56/s  (0.235s, 2174.55/s)  LR: 8.919e-06  RefW: 0.000e+00  AnchorRefW: 0.000e+00  Data: 0.005 (0.009)
Train: 17 [ 250/2502 ( 10%)]  Loss: 51.437996 (51.4058)  BaseLoss: 51.437996 (51.4058)  RefAttnKL: 0.000e+00 (0.000e+00)  RefLogitKL: 0.000e+00 (0.000e+00)  AnchorRefAttnKL: 0.000e+00 (0.000e+00)  TeacherAttnKL: 0.000e+00 (0.000e+00)  TeacherRel: 0.000e+00 (0.000e+00)  TeacherAttnOut: 0.000e+00 (0.000e+00)  TeacherFeatOut: 0.000e+00 (0.000e+00)  ActScaleAnchor: 0.000e+00 (0.000e+00)  VarTrust: 0.000e+00 (0.000e+00)  DirAnchor: 0.000e+00 (0.000e+00)  BinReg: 0.000e+00 (0.000e+00)  SelBinAnchor: 0.000e+00 (0.000e+00)  ActBinMargin: 0.000e+00 (0.000e+00)  Time: 0.242s, 2113.68/s  (0.235s, 2180.98/s)  LR: 8.909e-06  RefW: 0.000e+00  AnchorRefW: 0.000e+00  Data: 0.006 (0.009)
Train: 17 [ 300/2502 ( 12%)]  Loss: 51.398987 (51.4048)  BaseLoss: 51.398987 (51.4048)  RefAttnKL: 0.000e+00 (0.000e+00)  RefLogitKL: 0.000e+00 (0.000e+00)  AnchorRefAttnKL: 0.000e+00 (0.000e+00)  TeacherAttnKL: 0.000e+00 (0.000e+00)  TeacherRel: 0.000e+00 (0.000e+00)  TeacherAttnOut: 0.000e+00 (0.000e+00)  TeacherFeatOut: 0.000e+00 (0.000e+00)  ActScaleAnchor: 0.000e+00 (0.000e+00)  VarTrust: 0.000e+00 (0.000e+00)  DirAnchor: 0.000e+00 (0.000e+00)  BinReg: 0.000e+00 (0.000e+00)  SelBinAnchor: 0.000e+00 (0.000e+00)  ActBinMargin: 0.000e+00 (0.000e+00)  Time: 0.243s, 2110.92/s  (0.234s, 2187.14/s)  LR: 8.899e-06  RefW: 0.000e+00  AnchorRefW: 0.000e+00  Data: 0.006 (0.008)
Train: 17 [ 350/2502 ( 14%)]  Loss: 51.427483 (51.4077)  BaseLoss: 51.427483 (51.4077)  RefAttnKL: 0.000e+00 (0.000e+00)  RefLogitKL: 0.000e+00 (0.000e+00)  AnchorRefAttnKL: 0.000e+00 (0.000e+00)  TeacherAttnKL: 0.000e+00 (0.000e+00)  TeacherRel: 0.000e+00 (0.000e+00)  TeacherAttnOut: 0.000e+00 (0.000e+00)  TeacherFeatOut: 0.000e+00 (0.000e+00)  ActScaleAnchor: 0.000e+00 (0.000e+00)  VarTrust: 0.000e+00 (0.000e+00)  DirAnchor: 0.000e+00 (0.000e+00)  BinReg: 0.000e+00 (0.000e+00)  SelBinAnchor: 0.000e+00 (0.000e+00)  ActBinMargin: 0.000e+00 (0.000e+00)  Time: 0.241s, 2126.21/s  (0.234s, 2191.38/s)  LR: 8.889e-06  RefW: 0.000e+00  AnchorRefW: 0.000e+00  Data: 0.006 (0.008)
Train: 17 [ 400/2502 ( 16%)]  Loss: 51.414459 (51.4084)  BaseLoss: 51.414459 (51.4084)  RefAttnKL: 0.000e+00 (0.000e+00)  RefLogitKL: 0.000e+00 (0.000e+00)  AnchorRefAttnKL: 0.000e+00 (0.000e+00)  TeacherAttnKL: 0.000e+00 (0.000e+00)  TeacherRel: 0.000e+00 (0.000e+00)  TeacherAttnOut: 0.000e+00 (0.000e+00)  TeacherFeatOut: 0.000e+00 (0.000e+00)  ActScaleAnchor: 0.000e+00 (0.000e+00)  VarTrust: 0.000e+00 (0.000e+00)  DirAnchor: 0.000e+00 (0.000e+00)  BinReg: 0.000e+00 (0.000e+00)  SelBinAnchor: 0.000e+00 (0.000e+00)  ActBinMargin: 0.000e+00 (0.000e+00)  Time: 0.252s, 2035.64/s  (0.233s, 2195.05/s)  LR: 8.879e-06  RefW: 0.000e+00  AnchorRefW: 0.000e+00  Data: 0.005 (0.007)
Train: 17 [ 450/2502 ( 18%)]  Loss: 51.426636 (51.4103)  BaseLoss: 51.426636 (51.4103)  RefAttnKL: 0.000e+00 (0.000e+00)  RefLogitKL: 0.000e+00 (0.000e+00)  AnchorRefAttnKL: 0.000e+00 (0.000e+00)  TeacherAttnKL: 0.000e+00 (0.000e+00)  TeacherRel: 0.000e+00 (0.000e+00)  TeacherAttnOut: 0.000e+00 (0.000e+00)  TeacherFeatOut: 0.000e+00 (0.000e+00)  ActScaleAnchor: 0.000e+00 (0.000e+00)  VarTrust: 0.000e+00 (0.000e+00)  DirAnchor: 0.000e+00 (0.000e+00)  BinReg: 0.000e+00 (0.000e+00)  SelBinAnchor: 0.000e+00 (0.000e+00)  ActBinMargin: 0.000e+00 (0.000e+00)  Time: 0.242s, 2115.39/s  (0.233s, 2196.93/s)  LR: 8.868e-06  RefW: 0.000e+00  AnchorRefW: 0.000e+00  Data: 0.005 (0.007)
Train: 17 [ 500/2502 ( 20%)]  Loss: 51.432503 (51.4123)  BaseLoss: 51.432503 (51.4123)  RefAttnKL: 0.000e+00 (0.000e+00)  RefLogitKL: 0.000e+00 (0.000e+00)  AnchorRefAttnKL: 0.000e+00 (0.000e+00)  TeacherAttnKL: 0.000e+00 (0.000e+00)  TeacherRel: 0.000e+00 (0.000e+00)  TeacherAttnOut: 0.000e+00 (0.000e+00)  TeacherFeatOut: 0.000e+00 (0.000e+00)  ActScaleAnchor: 0.000e+00 (0.000e+00)  VarTrust: 0.000e+00 (0.000e+00)  DirAnchor: 0.000e+00 (0.000e+00)  BinReg: 0.000e+00 (0.000e+00)  SelBinAnchor: 0.000e+00 (0.000e+00)  ActBinMargin: 0.000e+00 (0.000e+00)  Time: 0.244s, 2101.45/s  (0.233s, 2199.61/s)  LR: 8.858e-06  RefW: 0.000e+00  AnchorRefW: 0.000e+00  Data: 0.006 (0.007)
Train: 17 [ 550/2502 ( 22%)]  Loss: 51.453850 (51.4157)  BaseLoss: 51.453850 (51.4157)  RefAttnKL: 0.000e+00 (0.000e+00)  RefLogitKL: 0.000e+00 (0.000e+00)  AnchorRefAttnKL: 0.000e+00 (0.000e+00)  TeacherAttnKL: 0.000e+00 (0.000e+00)  TeacherRel: 0.000e+00 (0.000e+00)  TeacherAttnOut: 0.000e+00 (0.000e+00)  TeacherFeatOut: 0.000e+00 (0.000e+00)  ActScaleAnchor: 0.000e+00 (0.000e+00)  VarTrust: 0.000e+00 (0.000e+00)  DirAnchor: 0.000e+00 (0.000e+00)  BinReg: 0.000e+00 (0.000e+00)  SelBinAnchor: 0.000e+00 (0.000e+00)  ActBinMargin: 0.000e+00 (0.000e+00)  Time: 0.244s, 2098.67/s  (0.233s, 2200.57/s)  LR: 8.848e-06  RefW: 0.000e+00  AnchorRefW: 0.000e+00  Data: 0.006 (0.007)
Train: 17 [ 600/2502 ( 24%)]  Loss: 51.374565 (51.4126)  BaseLoss: 51.374565 (51.4126)  RefAttnKL: 0.000e+00 (0.000e+00)  RefLogitKL: 0.000e+00 (0.000e+00)  AnchorRefAttnKL: 0.000e+00 (0.000e+00)  TeacherAttnKL: 0.000e+00 (0.000e+00)  TeacherRel: 0.000e+00 (0.000e+00)  TeacherAttnOut: 0.000e+00 (0.000e+00)  TeacherFeatOut: 0.000e+00 (0.000e+00)  ActScaleAnchor: 0.000e+00 (0.000e+00)  VarTrust: 0.000e+00 (0.000e+00)  DirAnchor: 0.000e+00 (0.000e+00)  BinReg: 0.000e+00 (0.000e+00)  SelBinAnchor: 0.000e+00 (0.000e+00)  ActBinMargin: 0.000e+00 (0.000e+00)  Time: 0.243s, 2109.91/s  (0.232s, 2202.28/s)  LR: 8.838e-06  RefW: 0.000e+00  AnchorRefW: 0.000e+00  Data: 0.006 (0.007)
Train: 17 [ 650/2502 ( 26%)]  Loss: 51.414597 (51.4127)  BaseLoss: 51.414597 (51.4127)  RefAttnKL: 0.000e+00 (0.000e+00)  RefLogitKL: 0.000e+00 (0.000e+00)  AnchorRefAttnKL: 0.000e+00 (0.000e+00)  TeacherAttnKL: 0.000e+00 (0.000e+00)  TeacherRel: 0.000e+00 (0.000e+00)  TeacherAttnOut: 0.000e+00 (0.000e+00)  TeacherFeatOut: 0.000e+00 (0.000e+00)  ActScaleAnchor: 0.000e+00 (0.000e+00)  VarTrust: 0.000e+00 (0.000e+00)  DirAnchor: 0.000e+00 (0.000e+00)  BinReg: 0.000e+00 (0.000e+00)  SelBinAnchor: 0.000e+00 (0.000e+00)  ActBinMargin: 0.000e+00 (0.000e+00)  Time: 0.244s, 2097.52/s  (0.232s, 2203.08/s)  LR: 8.828e-06  RefW: 0.000e+00  AnchorRefW: 0.000e+00  Data: 0.006 (0.007)
Train: 17 [ 700/2502 ( 28%)]  Loss: 51.352020 (51.4087)  BaseLoss: 51.352020 (51.4087)  RefAttnKL: 0.000e+00 (0.000e+00)  RefLogitKL: 0.000e+00 (0.000e+00)  AnchorRefAttnKL: 0.000e+00 (0.000e+00)  TeacherAttnKL: 0.000e+00 (0.000e+00)  TeacherRel: 0.000e+00 (0.000e+00)  TeacherAttnOut: 0.000e+00 (0.000e+00)  TeacherFeatOut: 0.000e+00 (0.000e+00)  ActScaleAnchor: 0.000e+00 (0.000e+00)  VarTrust: 0.000e+00 (0.000e+00)  DirAnchor: 0.000e+00 (0.000e+00)  BinReg: 0.000e+00 (0.000e+00)  SelBinAnchor: 0.000e+00 (0.000e+00)  ActBinMargin: 0.000e+00 (0.000e+00)  Time: 0.243s, 2109.10/s  (0.232s, 2204.00/s)  LR: 8.817e-06  RefW: 0.000e+00  AnchorRefW: 0.000e+00  Data: 0.007 (0.007)
Train: 17 [ 750/2502 ( 30%)]  Loss: 51.341557 (51.4045)  BaseLoss: 51.341557 (51.4045)  RefAttnKL: 0.000e+00 (0.000e+00)  RefLogitKL: 0.000e+00 (0.000e+00)  AnchorRefAttnKL: 0.000e+00 (0.000e+00)  TeacherAttnKL: 0.000e+00 (0.000e+00)  TeacherRel: 0.000e+00 (0.000e+00)  TeacherAttnOut: 0.000e+00 (0.000e+00)  TeacherFeatOut: 0.000e+00 (0.000e+00)  ActScaleAnchor: 0.000e+00 (0.000e+00)  VarTrust: 0.000e+00 (0.000e+00)  DirAnchor: 0.000e+00 (0.000e+00)  BinReg: 0.000e+00 (0.000e+00)  SelBinAnchor: 0.000e+00 (0.000e+00)  ActBinMargin: 0.000e+00 (0.000e+00)  Time: 0.268s, 1913.51/s  (0.232s, 2204.08/s)  LR: 8.807e-06  RefW: 0.000e+00  AnchorRefW: 0.000e+00  Data: 0.006 (0.007)
Train: 17 [ 800/2502 ( 32%)]  Loss: 51.412479 (51.4049)  BaseLoss: 51.412479 (51.4049)  RefAttnKL: 0.000e+00 (0.000e+00)  RefLogitKL: 0.000e+00 (0.000e+00)  AnchorRefAttnKL: 0.000e+00 (0.000e+00)  TeacherAttnKL: 0.000e+00 (0.000e+00)  TeacherRel: 0.000e+00 (0.000e+00)  TeacherAttnOut: 0.000e+00 (0.000e+00)  TeacherFeatOut: 0.000e+00 (0.000e+00)  ActScaleAnchor: 0.000e+00 (0.000e+00)  VarTrust: 0.000e+00 (0.000e+00)  DirAnchor: 0.000e+00 (0.000e+00)  BinReg: 0.000e+00 (0.000e+00)  SelBinAnchor: 0.000e+00 (0.000e+00)  ActBinMargin: 0.000e+00 (0.000e+00)  Time: 0.245s, 2092.53/s  (0.232s, 2205.11/s)  LR: 8.797e-06  RefW: 0.000e+00  AnchorRefW: 0.000e+00  Data: 0.006 (0.007)
Train: 17 [ 850/2502 ( 34%)]  Loss: 51.389954 (51.4041)  BaseLoss: 51.389954 (51.4041)  RefAttnKL: 0.000e+00 (0.000e+00)  RefLogitKL: 0.000e+00 (0.000e+00)  AnchorRefAttnKL: 0.000e+00 (0.000e+00)  TeacherAttnKL: 0.000e+00 (0.000e+00)  TeacherRel: 0.000e+00 (0.000e+00)  TeacherAttnOut: 0.000e+00 (0.000e+00)  TeacherFeatOut: 0.000e+00 (0.000e+00)  ActScaleAnchor: 0.000e+00 (0.000e+00)  VarTrust: 0.000e+00 (0.000e+00)  DirAnchor: 0.000e+00 (0.000e+00)  BinReg: 0.000e+00 (0.000e+00)  SelBinAnchor: 0.000e+00 (0.000e+00)  ActBinMargin: 0.000e+00 (0.000e+00)  Time: 0.250s, 2052.09/s  (0.232s, 2205.89/s)  LR: 8.787e-06  RefW: 0.000e+00  AnchorRefW: 0.000e+00  Data: 0.006 (0.007)
Train: 17 [ 900/2502 ( 36%)]  Loss: 51.389687 (51.4034)  BaseLoss: 51.389687 (51.4034)  RefAttnKL: 0.000e+00 (0.000e+00)  RefLogitKL: 0.000e+00 (0.000e+00)  AnchorRefAttnKL: 0.000e+00 (0.000e+00)  TeacherAttnKL: 0.000e+00 (0.000e+00)  TeacherRel: 0.000e+00 (0.000e+00)  TeacherAttnOut: 0.000e+00 (0.000e+00)  TeacherFeatOut: 0.000e+00 (0.000e+00)  ActScaleAnchor: 0.000e+00 (0.000e+00)  VarTrust: 0.000e+00 (0.000e+00)  DirAnchor: 0.000e+00 (0.000e+00)  BinReg: 0.000e+00 (0.000e+00)  SelBinAnchor: 0.000e+00 (0.000e+00)  ActBinMargin: 0.000e+00 (0.000e+00)  Time: 0.243s, 2103.16/s  (0.232s, 2206.40/s)  LR: 8.777e-06  RefW: 0.000e+00  AnchorRefW: 0.000e+00  Data: 0.006 (0.006)
Train: 17 [ 950/2502 ( 38%)]  Loss: 51.398140 (51.4031)  BaseLoss: 51.398140 (51.4031)  RefAttnKL: 0.000e+00 (0.000e+00)  RefLogitKL: 0.000e+00 (0.000e+00)  AnchorRefAttnKL: 0.000e+00 (0.000e+00)  TeacherAttnKL: 0.000e+00 (0.000e+00)  TeacherRel: 0.000e+00 (0.000e+00)  TeacherAttnOut: 0.000e+00 (0.000e+00)  TeacherFeatOut: 0.000e+00 (0.000e+00)  ActScaleAnchor: 0.000e+00 (0.000e+00)  VarTrust: 0.000e+00 (0.000e+00)  DirAnchor: 0.000e+00 (0.000e+00)  BinReg: 0.000e+00 (0.000e+00)  SelBinAnchor: 0.000e+00 (0.000e+00)  ActBinMargin: 0.000e+00 (0.000e+00)  Time: 0.242s, 2114.70/s  (0.232s, 2207.24/s)  LR: 8.767e-06  RefW: 0.000e+00  AnchorRefW: 0.000e+00  Data: 0.005 (0.006)
Train: 17 [1000/2502 ( 40%)]  Loss: 51.414650 (51.4036)  BaseLoss: 51.414650 (51.4036)  RefAttnKL: 0.000e+00 (0.000e+00)  RefLogitKL: 0.000e+00 (0.000e+00)  AnchorRefAttnKL: 0.000e+00 (0.000e+00)  TeacherAttnKL: 0.000e+00 (0.000e+00)  TeacherRel: 0.000e+00 (0.000e+00)  TeacherAttnOut: 0.000e+00 (0.000e+00)  TeacherFeatOut: 0.000e+00 (0.000e+00)  ActScaleAnchor: 0.000e+00 (0.000e+00)  VarTrust: 0.000e+00 (0.000e+00)  DirAnchor: 0.000e+00 (0.000e+00)  BinReg: 0.000e+00 (0.000e+00)  SelBinAnchor: 0.000e+00 (0.000e+00)  ActBinMargin: 0.000e+00 (0.000e+00)  Time: 0.243s, 2109.80/s  (0.232s, 2207.69/s)  LR: 8.757e-06  RefW: 0.000e+00  AnchorRefW: 0.000e+00  Data: 0.006 (0.006)
Train: 17 [1050/2502 ( 42%)]  Loss: 51.406601 (51.4038)  BaseLoss: 51.406601 (51.4038)  RefAttnKL: 0.000e+00 (0.000e+00)  RefLogitKL: 0.000e+00 (0.000e+00)  AnchorRefAttnKL: 0.000e+00 (0.000e+00)  TeacherAttnKL: 0.000e+00 (0.000e+00)  TeacherRel: 0.000e+00 (0.000e+00)  TeacherAttnOut: 0.000e+00 (0.000e+00)  TeacherFeatOut: 0.000e+00 (0.000e+00)  ActScaleAnchor: 0.000e+00 (0.000e+00)  VarTrust: 0.000e+00 (0.000e+00)  DirAnchor: 0.000e+00 (0.000e+00)  BinReg: 0.000e+00 (0.000e+00)  SelBinAnchor: 0.000e+00 (0.000e+00)  ActBinMargin: 0.000e+00 (0.000e+00)  Time: 0.244s, 2101.56/s  (0.232s, 2207.86/s)  LR: 8.746e-06  RefW: 0.000e+00  AnchorRefW: 0.000e+00  Data: 0.006 (0.006)
Train: 17 [1100/2502 ( 44%)]  Loss: 51.340828 (51.4010)  BaseLoss: 51.340828 (51.4010)  RefAttnKL: 0.000e+00 (0.000e+00)  RefLogitKL: 0.000e+00 (0.000e+00)  AnchorRefAttnKL: 0.000e+00 (0.000e+00)  TeacherAttnKL: 0.000e+00 (0.000e+00)  TeacherRel: 0.000e+00 (0.000e+00)  TeacherAttnOut: 0.000e+00 (0.000e+00)  TeacherFeatOut: 0.000e+00 (0.000e+00)  ActScaleAnchor: 0.000e+00 (0.000e+00)  VarTrust: 0.000e+00 (0.000e+00)  DirAnchor: 0.000e+00 (0.000e+00)  BinReg: 0.000e+00 (0.000e+00)  SelBinAnchor: 0.000e+00 (0.000e+00)  ActBinMargin: 0.000e+00 (0.000e+00)  Time: 0.245s, 2092.31/s  (0.232s, 2208.24/s)  LR: 8.736e-06  RefW: 0.000e+00  AnchorRefW: 0.000e+00  Data: 0.006 (0.006)
Train: 17 [1150/2502 ( 46%)]  Loss: 51.394268 (51.4008)  BaseLoss: 51.394268 (51.4008)  RefAttnKL: 0.000e+00 (0.000e+00)  RefLogitKL: 0.000e+00 (0.000e+00)  AnchorRefAttnKL: 0.000e+00 (0.000e+00)  TeacherAttnKL: 0.000e+00 (0.000e+00)  TeacherRel: 0.000e+00 (0.000e+00)  TeacherAttnOut: 0.000e+00 (0.000e+00)  TeacherFeatOut: 0.000e+00 (0.000e+00)  ActScaleAnchor: 0.000e+00 (0.000e+00)  VarTrust: 0.000e+00 (0.000e+00)  DirAnchor: 0.000e+00 (0.000e+00)  BinReg: 0.000e+00 (0.000e+00)  SelBinAnchor: 0.000e+00 (0.000e+00)  ActBinMargin: 0.000e+00 (0.000e+00)  Time: 0.242s, 2116.49/s  (0.232s, 2208.42/s)  LR: 8.726e-06  RefW: 0.000e+00  AnchorRefW: 0.000e+00  Data: 0.006 (0.006)
Train: 17 [1200/2502 ( 48%)]  Loss: 51.388855 (51.4003)  BaseLoss: 51.388855 (51.4003)  RefAttnKL: 0.000e+00 (0.000e+00)  RefLogitKL: 0.000e+00 (0.000e+00)  AnchorRefAttnKL: 0.000e+00 (0.000e+00)  TeacherAttnKL: 0.000e+00 (0.000e+00)  TeacherRel: 0.000e+00 (0.000e+00)  TeacherAttnOut: 0.000e+00 (0.000e+00)  TeacherFeatOut: 0.000e+00 (0.000e+00)  ActScaleAnchor: 0.000e+00 (0.000e+00)  VarTrust: 0.000e+00 (0.000e+00)  DirAnchor: 0.000e+00 (0.000e+00)  BinReg: 0.000e+00 (0.000e+00)  SelBinAnchor: 0.000e+00 (0.000e+00)  ActBinMargin: 0.000e+00 (0.000e+00)  Time: 0.243s, 2105.43/s  (0.232s, 2208.62/s)  LR: 8.716e-06  RefW: 0.000e+00  AnchorRefW: 0.000e+00  Data: 0.005 (0.006)
Train: 17 [1250/2502 ( 50%)]  Loss: 51.416279 (51.4009)  BaseLoss: 51.416279 (51.4009)  RefAttnKL: 0.000e+00 (0.000e+00)  RefLogitKL: 0.000e+00 (0.000e+00)  AnchorRefAttnKL: 0.000e+00 (0.000e+00)  TeacherAttnKL: 0.000e+00 (0.000e+00)  TeacherRel: 0.000e+00 (0.000e+00)  TeacherAttnOut: 0.000e+00 (0.000e+00)  TeacherFeatOut: 0.000e+00 (0.000e+00)  ActScaleAnchor: 0.000e+00 (0.000e+00)  VarTrust: 0.000e+00 (0.000e+00)  DirAnchor: 0.000e+00 (0.000e+00)  BinReg: 0.000e+00 (0.000e+00)  SelBinAnchor: 0.000e+00 (0.000e+00)  ActBinMargin: 0.000e+00 (0.000e+00)  Time: 0.243s, 2104.72/s  (0.232s, 2209.19/s)  LR: 8.706e-06  RefW: 0.000e+00  AnchorRefW: 0.000e+00  Data: 0.006 (0.006)
Train: 17 [1300/2502 ( 52%)]  Loss: 51.411221 (51.4013)  BaseLoss: 51.411221 (51.4013)  RefAttnKL: 0.000e+00 (0.000e+00)  RefLogitKL: 0.000e+00 (0.000e+00)  AnchorRefAttnKL: 0.000e+00 (0.000e+00)  TeacherAttnKL: 0.000e+00 (0.000e+00)  TeacherRel: 0.000e+00 (0.000e+00)  TeacherAttnOut: 0.000e+00 (0.000e+00)  TeacherFeatOut: 0.000e+00 (0.000e+00)  ActScaleAnchor: 0.000e+00 (0.000e+00)  VarTrust: 0.000e+00 (0.000e+00)  DirAnchor: 0.000e+00 (0.000e+00)  BinReg: 0.000e+00 (0.000e+00)  SelBinAnchor: 0.000e+00 (0.000e+00)  ActBinMargin: 0.000e+00 (0.000e+00)  Time: 0.245s, 2090.23/s  (0.232s, 2209.55/s)  LR: 8.696e-06  RefW: 0.000e+00  AnchorRefW: 0.000e+00  Data: 0.005 (0.006)
Train: 17 [1350/2502 ( 54%)]  Loss: 51.417950 (51.4019)  BaseLoss: 51.417950 (51.4019)  RefAttnKL: 0.000e+00 (0.000e+00)  RefLogitKL: 0.000e+00 (0.000e+00)  AnchorRefAttnKL: 0.000e+00 (0.000e+00)  TeacherAttnKL: 0.000e+00 (0.000e+00)  TeacherRel: 0.000e+00 (0.000e+00)  TeacherAttnOut: 0.000e+00 (0.000e+00)  TeacherFeatOut: 0.000e+00 (0.000e+00)  ActScaleAnchor: 0.000e+00 (0.000e+00)  VarTrust: 0.000e+00 (0.000e+00)  DirAnchor: 0.000e+00 (0.000e+00)  BinReg: 0.000e+00 (0.000e+00)  SelBinAnchor: 0.000e+00 (0.000e+00)  ActBinMargin: 0.000e+00 (0.000e+00)  Time: 0.242s, 2119.97/s  (0.232s, 2209.76/s)  LR: 8.686e-06  RefW: 0.000e+00  AnchorRefW: 0.000e+00  Data: 0.005 (0.006)
Train: 17 [1400/2502 ( 56%)]  Loss: 51.393642 (51.4016)  BaseLoss: 51.393642 (51.4016)  RefAttnKL: 0.000e+00 (0.000e+00)  RefLogitKL: 0.000e+00 (0.000e+00)  AnchorRefAttnKL: 0.000e+00 (0.000e+00)  TeacherAttnKL: 0.000e+00 (0.000e+00)  TeacherRel: 0.000e+00 (0.000e+00)  TeacherAttnOut: 0.000e+00 (0.000e+00)  TeacherFeatOut: 0.000e+00 (0.000e+00)  ActScaleAnchor: 0.000e+00 (0.000e+00)  VarTrust: 0.000e+00 (0.000e+00)  DirAnchor: 0.000e+00 (0.000e+00)  BinReg: 0.000e+00 (0.000e+00)  SelBinAnchor: 0.000e+00 (0.000e+00)  ActBinMargin: 0.000e+00 (0.000e+00)  Time: 0.243s, 2106.80/s  (0.232s, 2209.79/s)  LR: 8.676e-06  RefW: 0.000e+00  AnchorRefW: 0.000e+00  Data: 0.006 (0.006)
Train: 17 [1450/2502 ( 58%)]  Loss: 51.409035 (51.4018)  BaseLoss: 51.409035 (51.4018)  RefAttnKL: 0.000e+00 (0.000e+00)  RefLogitKL: 0.000e+00 (0.000e+00)  AnchorRefAttnKL: 0.000e+00 (0.000e+00)  TeacherAttnKL: 0.000e+00 (0.000e+00)  TeacherRel: 0.000e+00 (0.000e+00)  TeacherAttnOut: 0.000e+00 (0.000e+00)  TeacherFeatOut: 0.000e+00 (0.000e+00)  ActScaleAnchor: 0.000e+00 (0.000e+00)  VarTrust: 0.000e+00 (0.000e+00)  DirAnchor: 0.000e+00 (0.000e+00)  BinReg: 0.000e+00 (0.000e+00)  SelBinAnchor: 0.000e+00 (0.000e+00)  ActBinMargin: 0.000e+00 (0.000e+00)  Time: 0.243s, 2103.55/s  (0.232s, 2209.98/s)  LR: 8.666e-06  RefW: 0.000e+00  AnchorRefW: 0.000e+00  Data: 0.005 (0.006)
Train: 17 [1500/2502 ( 60%)]  Loss: 51.413189 (51.4022)  BaseLoss: 51.413189 (51.4022)  RefAttnKL: 0.000e+00 (0.000e+00)  RefLogitKL: 0.000e+00 (0.000e+00)  AnchorRefAttnKL: 0.000e+00 (0.000e+00)  TeacherAttnKL: 0.000e+00 (0.000e+00)  TeacherRel: 0.000e+00 (0.000e+00)  TeacherAttnOut: 0.000e+00 (0.000e+00)  TeacherFeatOut: 0.000e+00 (0.000e+00)  ActScaleAnchor: 0.000e+00 (0.000e+00)  VarTrust: 0.000e+00 (0.000e+00)  DirAnchor: 0.000e+00 (0.000e+00)  BinReg: 0.000e+00 (0.000e+00)  SelBinAnchor: 0.000e+00 (0.000e+00)  ActBinMargin: 0.000e+00 (0.000e+00)  Time: 0.243s, 2103.74/s  (0.232s, 2210.44/s)  LR: 8.655e-06  RefW: 0.000e+00  AnchorRefW: 0.000e+00  Data: 0.006 (0.006)
Train: 17 [1550/2502 ( 62%)]  Loss: 51.447605 (51.4036)  BaseLoss: 51.447605 (51.4036)  RefAttnKL: 0.000e+00 (0.000e+00)  RefLogitKL: 0.000e+00 (0.000e+00)  AnchorRefAttnKL: 0.000e+00 (0.000e+00)  TeacherAttnKL: 0.000e+00 (0.000e+00)  TeacherRel: 0.000e+00 (0.000e+00)  TeacherAttnOut: 0.000e+00 (0.000e+00)  TeacherFeatOut: 0.000e+00 (0.000e+00)  ActScaleAnchor: 0.000e+00 (0.000e+00)  VarTrust: 0.000e+00 (0.000e+00)  DirAnchor: 0.000e+00 (0.000e+00)  BinReg: 0.000e+00 (0.000e+00)  SelBinAnchor: 0.000e+00 (0.000e+00)  ActBinMargin: 0.000e+00 (0.000e+00)  Time: 0.246s, 2083.61/s  (0.232s, 2210.23/s)  LR: 8.645e-06  RefW: 0.000e+00  AnchorRefW: 0.000e+00  Data: 0.006 (0.006)
Train: 17 [1600/2502 ( 64%)]  Loss: 51.381920 (51.4030)  BaseLoss: 51.381920 (51.4030)  RefAttnKL: 0.000e+00 (0.000e+00)  RefLogitKL: 0.000e+00 (0.000e+00)  AnchorRefAttnKL: 0.000e+00 (0.000e+00)  TeacherAttnKL: 0.000e+00 (0.000e+00)  TeacherRel: 0.000e+00 (0.000e+00)  TeacherAttnOut: 0.000e+00 (0.000e+00)  TeacherFeatOut: 0.000e+00 (0.000e+00)  ActScaleAnchor: 0.000e+00 (0.000e+00)  VarTrust: 0.000e+00 (0.000e+00)  DirAnchor: 0.000e+00 (0.000e+00)  BinReg: 0.000e+00 (0.000e+00)  SelBinAnchor: 0.000e+00 (0.000e+00)  ActBinMargin: 0.000e+00 (0.000e+00)  Time: 0.245s, 2092.29/s  (0.232s, 2210.13/s)  LR: 8.635e-06  RefW: 0.000e+00  AnchorRefW: 0.000e+00  Data: 0.006 (0.006)
Train: 17 [1650/2502 ( 66%)]  Loss: 51.429604 (51.4038)  BaseLoss: 51.429604 (51.4038)  RefAttnKL: 0.000e+00 (0.000e+00)  RefLogitKL: 0.000e+00 (0.000e+00)  AnchorRefAttnKL: 0.000e+00 (0.000e+00)  TeacherAttnKL: 0.000e+00 (0.000e+00)  TeacherRel: 0.000e+00 (0.000e+00)  TeacherAttnOut: 0.000e+00 (0.000e+00)  TeacherFeatOut: 0.000e+00 (0.000e+00)  ActScaleAnchor: 0.000e+00 (0.000e+00)  VarTrust: 0.000e+00 (0.000e+00)  DirAnchor: 0.000e+00 (0.000e+00)  BinReg: 0.000e+00 (0.000e+00)  SelBinAnchor: 0.000e+00 (0.000e+00)  ActBinMargin: 0.000e+00 (0.000e+00)  Time: 0.246s, 2078.92/s  (0.232s, 2209.93/s)  LR: 8.625e-06  RefW: 0.000e+00  AnchorRefW: 0.000e+00  Data: 0.006 (0.006)
Train: 17 [1700/2502 ( 68%)]  Loss: 51.417023 (51.4041)  BaseLoss: 51.417023 (51.4041)  RefAttnKL: 0.000e+00 (0.000e+00)  RefLogitKL: 0.000e+00 (0.000e+00)  AnchorRefAttnKL: 0.000e+00 (0.000e+00)  TeacherAttnKL: 0.000e+00 (0.000e+00)  TeacherRel: 0.000e+00 (0.000e+00)  TeacherAttnOut: 0.000e+00 (0.000e+00)  TeacherFeatOut: 0.000e+00 (0.000e+00)  ActScaleAnchor: 0.000e+00 (0.000e+00)  VarTrust: 0.000e+00 (0.000e+00)  DirAnchor: 0.000e+00 (0.000e+00)  BinReg: 0.000e+00 (0.000e+00)  SelBinAnchor: 0.000e+00 (0.000e+00)  ActBinMargin: 0.000e+00 (0.000e+00)  Time: 0.244s, 2098.78/s  (0.232s, 2209.93/s)  LR: 8.615e-06  RefW: 0.000e+00  AnchorRefW: 0.000e+00  Data: 0.006 (0.006)
Train: 17 [1750/2502 ( 70%)]  Loss: 51.411667 (51.4043)  BaseLoss: 51.411667 (51.4043)  RefAttnKL: 0.000e+00 (0.000e+00)  RefLogitKL: 0.000e+00 (0.000e+00)  AnchorRefAttnKL: 0.000e+00 (0.000e+00)  TeacherAttnKL: 0.000e+00 (0.000e+00)  TeacherRel: 0.000e+00 (0.000e+00)  TeacherAttnOut: 0.000e+00 (0.000e+00)  TeacherFeatOut: 0.000e+00 (0.000e+00)  ActScaleAnchor: 0.000e+00 (0.000e+00)  VarTrust: 0.000e+00 (0.000e+00)  DirAnchor: 0.000e+00 (0.000e+00)  BinReg: 0.000e+00 (0.000e+00)  SelBinAnchor: 0.000e+00 (0.000e+00)  ActBinMargin: 0.000e+00 (0.000e+00)  Time: 0.245s, 2091.71/s  (0.232s, 2209.79/s)  LR: 8.605e-06  RefW: 0.000e+00  AnchorRefW: 0.000e+00  Data: 0.006 (0.006)
Train: 17 [1800/2502 ( 72%)]  Loss: 51.403175 (51.4043)  BaseLoss: 51.403175 (51.4043)  RefAttnKL: 0.000e+00 (0.000e+00)  RefLogitKL: 0.000e+00 (0.000e+00)  AnchorRefAttnKL: 0.000e+00 (0.000e+00)  TeacherAttnKL: 0.000e+00 (0.000e+00)  TeacherRel: 0.000e+00 (0.000e+00)  TeacherAttnOut: 0.000e+00 (0.000e+00)  TeacherFeatOut: 0.000e+00 (0.000e+00)  ActScaleAnchor: 0.000e+00 (0.000e+00)  VarTrust: 0.000e+00 (0.000e+00)  DirAnchor: 0.000e+00 (0.000e+00)  BinReg: 0.000e+00 (0.000e+00)  SelBinAnchor: 0.000e+00 (0.000e+00)  ActBinMargin: 0.000e+00 (0.000e+00)  Time: 0.243s, 2110.51/s  (0.232s, 2209.88/s)  LR: 8.595e-06  RefW: 0.000e+00  AnchorRefW: 0.000e+00  Data: 0.005 (0.006)
Train: 17 [1850/2502 ( 74%)]  Loss: 51.384315 (51.4038)  BaseLoss: 51.384315 (51.4038)  RefAttnKL: 0.000e+00 (0.000e+00)  RefLogitKL: 0.000e+00 (0.000e+00)  AnchorRefAttnKL: 0.000e+00 (0.000e+00)  TeacherAttnKL: 0.000e+00 (0.000e+00)  TeacherRel: 0.000e+00 (0.000e+00)  TeacherAttnOut: 0.000e+00 (0.000e+00)  TeacherFeatOut: 0.000e+00 (0.000e+00)  ActScaleAnchor: 0.000e+00 (0.000e+00)  VarTrust: 0.000e+00 (0.000e+00)  DirAnchor: 0.000e+00 (0.000e+00)  BinReg: 0.000e+00 (0.000e+00)  SelBinAnchor: 0.000e+00 (0.000e+00)  ActBinMargin: 0.000e+00 (0.000e+00)  Time: 0.242s, 2113.20/s  (0.232s, 2210.10/s)  LR: 8.585e-06  RefW: 0.000e+00  AnchorRefW: 0.000e+00  Data: 0.005 (0.006)
Train: 17 [1900/2502 ( 76%)]  Loss: 51.419117 (51.4042)  BaseLoss: 51.419117 (51.4042)  RefAttnKL: 0.000e+00 (0.000e+00)  RefLogitKL: 0.000e+00 (0.000e+00)  AnchorRefAttnKL: 0.000e+00 (0.000e+00)  TeacherAttnKL: 0.000e+00 (0.000e+00)  TeacherRel: 0.000e+00 (0.000e+00)  TeacherAttnOut: 0.000e+00 (0.000e+00)  TeacherFeatOut: 0.000e+00 (0.000e+00)  ActScaleAnchor: 0.000e+00 (0.000e+00)  VarTrust: 0.000e+00 (0.000e+00)  DirAnchor: 0.000e+00 (0.000e+00)  BinReg: 0.000e+00 (0.000e+00)  SelBinAnchor: 0.000e+00 (0.000e+00)  ActBinMargin: 0.000e+00 (0.000e+00)  Time: 0.241s, 2123.91/s  (0.232s, 2210.26/s)  LR: 8.575e-06  RefW: 0.000e+00  AnchorRefW: 0.000e+00  Data: 0.007 (0.006)
Train: 17 [1950/2502 ( 78%)]  Loss: 51.453495 (51.4054)  BaseLoss: 51.453495 (51.4054)  RefAttnKL: 0.000e+00 (0.000e+00)  RefLogitKL: 0.000e+00 (0.000e+00)  AnchorRefAttnKL: 0.000e+00 (0.000e+00)  TeacherAttnKL: 0.000e+00 (0.000e+00)  TeacherRel: 0.000e+00 (0.000e+00)  TeacherAttnOut: 0.000e+00 (0.000e+00)  TeacherFeatOut: 0.000e+00 (0.000e+00)  ActScaleAnchor: 0.000e+00 (0.000e+00)  VarTrust: 0.000e+00 (0.000e+00)  DirAnchor: 0.000e+00 (0.000e+00)  BinReg: 0.000e+00 (0.000e+00)  SelBinAnchor: 0.000e+00 (0.000e+00)  ActBinMargin: 0.000e+00 (0.000e+00)  Time: 0.245s, 2089.16/s  (0.232s, 2210.37/s)  LR: 8.565e-06  RefW: 0.000e+00  AnchorRefW: 0.000e+00  Data: 0.005 (0.006)
Train: 17 [2000/2502 ( 80%)]  Loss: 51.401192 (51.4053)  BaseLoss: 51.401192 (51.4053)  RefAttnKL: 0.000e+00 (0.000e+00)  RefLogitKL: 0.000e+00 (0.000e+00)  AnchorRefAttnKL: 0.000e+00 (0.000e+00)  TeacherAttnKL: 0.000e+00 (0.000e+00)  TeacherRel: 0.000e+00 (0.000e+00)  TeacherAttnOut: 0.000e+00 (0.000e+00)  TeacherFeatOut: 0.000e+00 (0.000e+00)  ActScaleAnchor: 0.000e+00 (0.000e+00)  VarTrust: 0.000e+00 (0.000e+00)  DirAnchor: 0.000e+00 (0.000e+00)  BinReg: 0.000e+00 (0.000e+00)  SelBinAnchor: 0.000e+00 (0.000e+00)  ActBinMargin: 0.000e+00 (0.000e+00)  Time: 0.243s, 2109.80/s  (0.232s, 2210.63/s)  LR: 8.555e-06  RefW: 0.000e+00  AnchorRefW: 0.000e+00  Data: 0.005 (0.006)
Train: 17 [2050/2502 ( 82%)]  Loss: 51.374660 (51.4046)  BaseLoss: 51.374660 (51.4046)  RefAttnKL: 0.000e+00 (0.000e+00)  RefLogitKL: 0.000e+00 (0.000e+00)  AnchorRefAttnKL: 0.000e+00 (0.000e+00)  TeacherAttnKL: 0.000e+00 (0.000e+00)  TeacherRel: 0.000e+00 (0.000e+00)  TeacherAttnOut: 0.000e+00 (0.000e+00)  TeacherFeatOut: 0.000e+00 (0.000e+00)  ActScaleAnchor: 0.000e+00 (0.000e+00)  VarTrust: 0.000e+00 (0.000e+00)  DirAnchor: 0.000e+00 (0.000e+00)  BinReg: 0.000e+00 (0.000e+00)  SelBinAnchor: 0.000e+00 (0.000e+00)  ActBinMargin: 0.000e+00 (0.000e+00)  Time: 0.245s, 2092.13/s  (0.232s, 2210.78/s)  LR: 8.545e-06  RefW: 0.000e+00  AnchorRefW: 0.000e+00  Data: 0.006 (0.006)
Train: 17 [2100/2502 ( 84%)]  Loss: 51.380005 (51.4040)  BaseLoss: 51.380005 (51.4040)  RefAttnKL: 0.000e+00 (0.000e+00)  RefLogitKL: 0.000e+00 (0.000e+00)  AnchorRefAttnKL: 0.000e+00 (0.000e+00)  TeacherAttnKL: 0.000e+00 (0.000e+00)  TeacherRel: 0.000e+00 (0.000e+00)  TeacherAttnOut: 0.000e+00 (0.000e+00)  TeacherFeatOut: 0.000e+00 (0.000e+00)  ActScaleAnchor: 0.000e+00 (0.000e+00)  VarTrust: 0.000e+00 (0.000e+00)  DirAnchor: 0.000e+00 (0.000e+00)  BinReg: 0.000e+00 (0.000e+00)  SelBinAnchor: 0.000e+00 (0.000e+00)  ActBinMargin: 0.000e+00 (0.000e+00)  Time: 0.243s, 2106.67/s  (0.232s, 2210.92/s)  LR: 8.535e-06  RefW: 0.000e+00  AnchorRefW: 0.000e+00  Data: 0.006 (0.006)
Train: 17 [2150/2502 ( 86%)]  Loss: 51.394222 (51.4038)  BaseLoss: 51.394222 (51.4038)  RefAttnKL: 0.000e+00 (0.000e+00)  RefLogitKL: 0.000e+00 (0.000e+00)  AnchorRefAttnKL: 0.000e+00 (0.000e+00)  TeacherAttnKL: 0.000e+00 (0.000e+00)  TeacherRel: 0.000e+00 (0.000e+00)  TeacherAttnOut: 0.000e+00 (0.000e+00)  TeacherFeatOut: 0.000e+00 (0.000e+00)  ActScaleAnchor: 0.000e+00 (0.000e+00)  VarTrust: 0.000e+00 (0.000e+00)  DirAnchor: 0.000e+00 (0.000e+00)  BinReg: 0.000e+00 (0.000e+00)  SelBinAnchor: 0.000e+00 (0.000e+00)  ActBinMargin: 0.000e+00 (0.000e+00)  Time: 0.245s, 2093.60/s  (0.232s, 2211.16/s)  LR: 8.525e-06  RefW: 0.000e+00  AnchorRefW: 0.000e+00  Data: 0.006 (0.006)
Train: 17 [2200/2502 ( 88%)]  Loss: 51.405739 (51.4038)  BaseLoss: 51.405739 (51.4038)  RefAttnKL: 0.000e+00 (0.000e+00)  RefLogitKL: 0.000e+00 (0.000e+00)  AnchorRefAttnKL: 0.000e+00 (0.000e+00)  TeacherAttnKL: 0.000e+00 (0.000e+00)  TeacherRel: 0.000e+00 (0.000e+00)  TeacherAttnOut: 0.000e+00 (0.000e+00)  TeacherFeatOut: 0.000e+00 (0.000e+00)  ActScaleAnchor: 0.000e+00 (0.000e+00)  VarTrust: 0.000e+00 (0.000e+00)  DirAnchor: 0.000e+00 (0.000e+00)  BinReg: 0.000e+00 (0.000e+00)  SelBinAnchor: 0.000e+00 (0.000e+00)  ActBinMargin: 0.000e+00 (0.000e+00)  Time: 0.243s, 2107.55/s  (0.232s, 2211.14/s)  LR: 8.515e-06  RefW: 0.000e+00  AnchorRefW: 0.000e+00  Data: 0.005 (0.006)
Train: 17 [2250/2502 ( 90%)]  Loss: 51.386581 (51.4035)  BaseLoss: 51.386581 (51.4035)  RefAttnKL: 0.000e+00 (0.000e+00)  RefLogitKL: 0.000e+00 (0.000e+00)  AnchorRefAttnKL: 0.000e+00 (0.000e+00)  TeacherAttnKL: 0.000e+00 (0.000e+00)  TeacherRel: 0.000e+00 (0.000e+00)  TeacherAttnOut: 0.000e+00 (0.000e+00)  TeacherFeatOut: 0.000e+00 (0.000e+00)  ActScaleAnchor: 0.000e+00 (0.000e+00)  VarTrust: 0.000e+00 (0.000e+00)  DirAnchor: 0.000e+00 (0.000e+00)  BinReg: 0.000e+00 (0.000e+00)  SelBinAnchor: 0.000e+00 (0.000e+00)  ActBinMargin: 0.000e+00 (0.000e+00)  Time: 0.242s, 2113.23/s  (0.232s, 2211.45/s)  LR: 8.505e-06  RefW: 0.000e+00  AnchorRefW: 0.000e+00  Data: 0.005 (0.006)
Train: 17 [2300/2502 ( 92%)]  Loss: 51.421795 (51.4038)  BaseLoss: 51.421795 (51.4038)  RefAttnKL: 0.000e+00 (0.000e+00)  RefLogitKL: 0.000e+00 (0.000e+00)  AnchorRefAttnKL: 0.000e+00 (0.000e+00)  TeacherAttnKL: 0.000e+00 (0.000e+00)  TeacherRel: 0.000e+00 (0.000e+00)  TeacherAttnOut: 0.000e+00 (0.000e+00)  TeacherFeatOut: 0.000e+00 (0.000e+00)  ActScaleAnchor: 0.000e+00 (0.000e+00)  VarTrust: 0.000e+00 (0.000e+00)  DirAnchor: 0.000e+00 (0.000e+00)  BinReg: 0.000e+00 (0.000e+00)  SelBinAnchor: 0.000e+00 (0.000e+00)  ActBinMargin: 0.000e+00 (0.000e+00)  Time: 0.245s, 2089.41/s  (0.232s, 2211.55/s)  LR: 8.495e-06  RefW: 0.000e+00  AnchorRefW: 0.000e+00  Data: 0.006 (0.006)
Train: 17 [2350/2502 ( 94%)]  Loss: 51.417805 (51.4041)  BaseLoss: 51.417805 (51.4041)  RefAttnKL: 0.000e+00 (0.000e+00)  RefLogitKL: 0.000e+00 (0.000e+00)  AnchorRefAttnKL: 0.000e+00 (0.000e+00)  TeacherAttnKL: 0.000e+00 (0.000e+00)  TeacherRel: 0.000e+00 (0.000e+00)  TeacherAttnOut: 0.000e+00 (0.000e+00)  TeacherFeatOut: 0.000e+00 (0.000e+00)  ActScaleAnchor: 0.000e+00 (0.000e+00)  VarTrust: 0.000e+00 (0.000e+00)  DirAnchor: 0.000e+00 (0.000e+00)  BinReg: 0.000e+00 (0.000e+00)  SelBinAnchor: 0.000e+00 (0.000e+00)  ActBinMargin: 0.000e+00 (0.000e+00)  Time: 0.241s, 2123.55/s  (0.231s, 2211.83/s)  LR: 8.485e-06  RefW: 0.000e+00  AnchorRefW: 0.000e+00  Data: 0.006 (0.006)
Train: 17 [2400/2502 ( 96%)]  Loss: 51.379139 (51.4036)  BaseLoss: 51.379139 (51.4036)  RefAttnKL: 0.000e+00 (0.000e+00)  RefLogitKL: 0.000e+00 (0.000e+00)  AnchorRefAttnKL: 0.000e+00 (0.000e+00)  TeacherAttnKL: 0.000e+00 (0.000e+00)  TeacherRel: 0.000e+00 (0.000e+00)  TeacherAttnOut: 0.000e+00 (0.000e+00)  TeacherFeatOut: 0.000e+00 (0.000e+00)  ActScaleAnchor: 0.000e+00 (0.000e+00)  VarTrust: 0.000e+00 (0.000e+00)  DirAnchor: 0.000e+00 (0.000e+00)  BinReg: 0.000e+00 (0.000e+00)  SelBinAnchor: 0.000e+00 (0.000e+00)  ActBinMargin: 0.000e+00 (0.000e+00)  Time: 0.242s, 2118.59/s  (0.231s, 2211.98/s)  LR: 8.475e-06  RefW: 0.000e+00  AnchorRefW: 0.000e+00  Data: 0.006 (0.006)
Train: 17 [2450/2502 ( 98%)]  Loss: 51.420807 (51.4040)  BaseLoss: 51.420807 (51.4040)  RefAttnKL: 0.000e+00 (0.000e+00)  RefLogitKL: 0.000e+00 (0.000e+00)  AnchorRefAttnKL: 0.000e+00 (0.000e+00)  TeacherAttnKL: 0.000e+00 (0.000e+00)  TeacherRel: 0.000e+00 (0.000e+00)  TeacherAttnOut: 0.000e+00 (0.000e+00)  TeacherFeatOut: 0.000e+00 (0.000e+00)  ActScaleAnchor: 0.000e+00 (0.000e+00)  VarTrust: 0.000e+00 (0.000e+00)  DirAnchor: 0.000e+00 (0.000e+00)  BinReg: 0.000e+00 (0.000e+00)  SelBinAnchor: 0.000e+00 (0.000e+00)  ActBinMargin: 0.000e+00 (0.000e+00)  Time: 0.243s, 2105.06/s  (0.231s, 2212.04/s)  LR: 8.465e-06  RefW: 0.000e+00  AnchorRefW: 0.000e+00  Data: 0.006 (0.006)
TrainSummary: epoch=17 updates=2496 avg_step_time=0.231439s samples_per_step=512 samples_per_sec=2212.25
epoch:  17 g['lr']:  8.456109166145324e-06
model eval
TestLocal: [   0/97]  Time: 1.017 (1.017)  Loss:  0.7315  Acc@1: 81.2500  Acc@5: 96.8750  Samples: 64
TestLocal: [  50/97]  Time: 0.093 (0.111)  Loss:  0.8234  Acc@1: 81.2194  Acc@5: 95.2512  Samples: 3264
TestLocal: [  97/97]  Time: 0.046 (0.101)  Loss:  0.8161  Acc@1: 81.1021  Acc@5: 95.2350  Samples: 6170
TestLocal: [ 100/97]  Time: 0.048 (0.100)  Loss:  0.8164  Acc@1: 81.1111  Acc@5: 95.2335  Samples: 6210
Test: [distributed-summary]  Time: 10.424s  Loss: 0.8391  Acc@1: 80.3180  Acc@5: 95.2560  Samples: 50000
Trainable parameter policy: epoch=18, quant_only=False, policy=all, trainable=28608256, frozen=0
AOQ explore scale ratio update: epoch=18, update=0, active=False, base_ratio=1.0, threshold_ratio=0.0, base_layers=(), selective_margin=0.0, base_quantizers=0, layer_ratios={}, layer_quantizers=0, layer_counts={}, quality_mode=none, quality_layers=(), quality_start_update=0, quality_min_frac=0.0, start_update=0, end_update=0
Trainable parameter update policy: epoch=18, update=0, mode=requires_grad, policy=all, trainable=28608256, frozen=0
Train: 18 [   0/2502 (  0%)]  Loss: 51.405811 (51.4058)  BaseLoss: 51.405811 (51.4058)  RefAttnKL: 0.000e+00 (0.000e+00)  RefLogitKL: 0.000e+00 (0.000e+00)  AnchorRefAttnKL: 0.000e+00 (0.000e+00)  TeacherAttnKL: 0.000e+00 (0.000e+00)  TeacherRel: 0.000e+00 (0.000e+00)  TeacherAttnOut: 0.000e+00 (0.000e+00)  TeacherFeatOut: 0.000e+00 (0.000e+00)  ActScaleAnchor: 0.000e+00 (0.000e+00)  VarTrust: 0.000e+00 (0.000e+00)  DirAnchor: 0.000e+00 (0.000e+00)  BinReg: 0.000e+00 (0.000e+00)  SelBinAnchor: 0.000e+00 (0.000e+00)  ActBinMargin: 0.000e+00 (0.000e+00)  Time: 1.003s,  510.52/s  (1.003s,  510.52/s)  LR: 8.455e-06  RefW: 0.000e+00  AnchorRefW: 0.000e+00  Data: 0.763 (0.763)
Train: 18 [  50/2502 (  2%)]  Loss: 51.372864 (51.3893)  BaseLoss: 51.372864 (51.3893)  RefAttnKL: 0.000e+00 (0.000e+00)  RefLogitKL: 0.000e+00 (0.000e+00)  AnchorRefAttnKL: 0.000e+00 (0.000e+00)  TeacherAttnKL: 0.000e+00 (0.000e+00)  TeacherRel: 0.000e+00 (0.000e+00)  TeacherAttnOut: 0.000e+00 (0.000e+00)  TeacherFeatOut: 0.000e+00 (0.000e+00)  ActScaleAnchor: 0.000e+00 (0.000e+00)  VarTrust: 0.000e+00 (0.000e+00)  DirAnchor: 0.000e+00 (0.000e+00)  BinReg: 0.000e+00 (0.000e+00)  SelBinAnchor: 0.000e+00 (0.000e+00)  ActBinMargin: 0.000e+00 (0.000e+00)  Time: 0.242s, 2115.14/s  (0.247s, 2075.27/s)  LR: 8.445e-06  RefW: 0.000e+00  AnchorRefW: 0.000e+00  Data: 0.005 (0.020)
Train: 18 [ 100/2502 (  4%)]  Loss: 51.423172 (51.4006)  BaseLoss: 51.423172 (51.4006)  RefAttnKL: 0.000e+00 (0.000e+00)  RefLogitKL: 0.000e+00 (0.000e+00)  AnchorRefAttnKL: 0.000e+00 (0.000e+00)  TeacherAttnKL: 0.000e+00 (0.000e+00)  TeacherRel: 0.000e+00 (0.000e+00)  TeacherAttnOut: 0.000e+00 (0.000e+00)  TeacherFeatOut: 0.000e+00 (0.000e+00)  ActScaleAnchor: 0.000e+00 (0.000e+00)  VarTrust: 0.000e+00 (0.000e+00)  DirAnchor: 0.000e+00 (0.000e+00)  BinReg: 0.000e+00 (0.000e+00)  SelBinAnchor: 0.000e+00 (0.000e+00)  ActBinMargin: 0.000e+00 (0.000e+00)  Time: 0.242s, 2115.44/s  (0.239s, 2144.07/s)  LR: 8.435e-06  RefW: 0.000e+00  AnchorRefW: 0.000e+00  Data: 0.006 (0.013)
Train: 18 [ 150/2502 (  6%)]  Loss: 51.383327 (51.3963)  BaseLoss: 51.383327 (51.3963)  RefAttnKL: 0.000e+00 (0.000e+00)  RefLogitKL: 0.000e+00 (0.000e+00)  AnchorRefAttnKL: 0.000e+00 (0.000e+00)  TeacherAttnKL: 0.000e+00 (0.000e+00)  TeacherRel: 0.000e+00 (0.000e+00)  TeacherAttnOut: 0.000e+00 (0.000e+00)  TeacherFeatOut: 0.000e+00 (0.000e+00)  ActScaleAnchor: 0.000e+00 (0.000e+00)  VarTrust: 0.000e+00 (0.000e+00)  DirAnchor: 0.000e+00 (0.000e+00)  BinReg: 0.000e+00 (0.000e+00)  SelBinAnchor: 0.000e+00 (0.000e+00)  ActBinMargin: 0.000e+00 (0.000e+00)  Time: 0.230s, 2228.78/s  (0.237s, 2163.82/s)  LR: 8.425e-06  RefW: 0.000e+00  AnchorRefW: 0.000e+00  Data: 0.006 (0.010)
Train: 18 [ 200/2502 (  8%)]  Loss: 51.393448 (51.3957)  BaseLoss: 51.393448 (51.3957)  RefAttnKL: 0.000e+00 (0.000e+00)  RefLogitKL: 0.000e+00 (0.000e+00)  AnchorRefAttnKL: 0.000e+00 (0.000e+00)  TeacherAttnKL: 0.000e+00 (0.000e+00)  TeacherRel: 0.000e+00 (0.000e+00)  TeacherAttnOut: 0.000e+00 (0.000e+00)  TeacherFeatOut: 0.000e+00 (0.000e+00)  ActScaleAnchor: 0.000e+00 (0.000e+00)  VarTrust: 0.000e+00 (0.000e+00)  DirAnchor: 0.000e+00 (0.000e+00)  BinReg: 0.000e+00 (0.000e+00)  SelBinAnchor: 0.000e+00 (0.000e+00)  ActBinMargin: 0.000e+00 (0.000e+00)  Time: 0.244s, 2102.27/s  (0.235s, 2177.43/s)  LR: 8.415e-06  RefW: 0.000e+00  AnchorRefW: 0.000e+00  Data: 0.005 (0.009)
Train: 18 [ 250/2502 ( 10%)]  Loss: 51.439461 (51.4030)  BaseLoss: 51.439461 (51.4030)  RefAttnKL: 0.000e+00 (0.000e+00)  RefLogitKL: 0.000e+00 (0.000e+00)  AnchorRefAttnKL: 0.000e+00 (0.000e+00)  TeacherAttnKL: 0.000e+00 (0.000e+00)  TeacherRel: 0.000e+00 (0.000e+00)  TeacherAttnOut: 0.000e+00 (0.000e+00)  TeacherFeatOut: 0.000e+00 (0.000e+00)  ActScaleAnchor: 0.000e+00 (0.000e+00)  VarTrust: 0.000e+00 (0.000e+00)  DirAnchor: 0.000e+00 (0.000e+00)  BinReg: 0.000e+00 (0.000e+00)  SelBinAnchor: 0.000e+00 (0.000e+00)  ActBinMargin: 0.000e+00 (0.000e+00)  Time: 0.242s, 2116.35/s  (0.234s, 2185.27/s)  LR: 8.405e-06  RefW: 0.000e+00  AnchorRefW: 0.000e+00  Data: 0.005 (0.009)
Train: 18 [ 300/2502 ( 12%)]  Loss: 51.417122 (51.4050)  BaseLoss: 51.417122 (51.4050)  RefAttnKL: 0.000e+00 (0.000e+00)  RefLogitKL: 0.000e+00 (0.000e+00)  AnchorRefAttnKL: 0.000e+00 (0.000e+00)  TeacherAttnKL: 0.000e+00 (0.000e+00)  TeacherRel: 0.000e+00 (0.000e+00)  TeacherAttnOut: 0.000e+00 (0.000e+00)  TeacherFeatOut: 0.000e+00 (0.000e+00)  ActScaleAnchor: 0.000e+00 (0.000e+00)  VarTrust: 0.000e+00 (0.000e+00)  DirAnchor: 0.000e+00 (0.000e+00)  BinReg: 0.000e+00 (0.000e+00)  SelBinAnchor: 0.000e+00 (0.000e+00)  ActBinMargin: 0.000e+00 (0.000e+00)  Time: 0.243s, 2111.00/s  (0.234s, 2191.08/s)  LR: 8.395e-06  RefW: 0.000e+00  AnchorRefW: 0.000e+00  Data: 0.006 (0.008)
Train: 18 [ 350/2502 ( 14%)]  Loss: 51.433651 (51.4086)  BaseLoss: 51.433651 (51.4086)  RefAttnKL: 0.000e+00 (0.000e+00)  RefLogitKL: 0.000e+00 (0.000e+00)  AnchorRefAttnKL: 0.000e+00 (0.000e+00)  TeacherAttnKL: 0.000e+00 (0.000e+00)  TeacherRel: 0.000e+00 (0.000e+00)  TeacherAttnOut: 0.000e+00 (0.000e+00)  TeacherFeatOut: 0.000e+00 (0.000e+00)  ActScaleAnchor: 0.000e+00 (0.000e+00)  VarTrust: 0.000e+00 (0.000e+00)  DirAnchor: 0.000e+00 (0.000e+00)  BinReg: 0.000e+00 (0.000e+00)  SelBinAnchor: 0.000e+00 (0.000e+00)  ActBinMargin: 0.000e+00 (0.000e+00)  Time: 0.243s, 2102.81/s  (0.233s, 2194.59/s)  LR: 8.385e-06  RefW: 0.000e+00  AnchorRefW: 0.000e+00  Data: 0.005 (0.008)
Train: 18 [ 400/2502 ( 16%)]  Loss: 51.420399 (51.4099)  BaseLoss: 51.420399 (51.4099)  RefAttnKL: 0.000e+00 (0.000e+00)  RefLogitKL: 0.000e+00 (0.000e+00)  AnchorRefAttnKL: 0.000e+00 (0.000e+00)  TeacherAttnKL: 0.000e+00 (0.000e+00)  TeacherRel: 0.000e+00 (0.000e+00)  TeacherAttnOut: 0.000e+00 (0.000e+00)  TeacherFeatOut: 0.000e+00 (0.000e+00)  ActScaleAnchor: 0.000e+00 (0.000e+00)  VarTrust: 0.000e+00 (0.000e+00)  DirAnchor: 0.000e+00 (0.000e+00)  BinReg: 0.000e+00 (0.000e+00)  SelBinAnchor: 0.000e+00 (0.000e+00)  ActBinMargin: 0.000e+00 (0.000e+00)  Time: 0.244s, 2099.61/s  (0.233s, 2197.01/s)  LR: 8.375e-06  RefW: 0.000e+00  AnchorRefW: 0.000e+00  Data: 0.005 (0.007)
Train: 18 [ 450/2502 ( 18%)]  Loss: 51.420353 (51.4110)  BaseLoss: 51.420353 (51.4110)  RefAttnKL: 0.000e+00 (0.000e+00)  RefLogitKL: 0.000e+00 (0.000e+00)  AnchorRefAttnKL: 0.000e+00 (0.000e+00)  TeacherAttnKL: 0.000e+00 (0.000e+00)  TeacherRel: 0.000e+00 (0.000e+00)  TeacherAttnOut: 0.000e+00 (0.000e+00)  TeacherFeatOut: 0.000e+00 (0.000e+00)  ActScaleAnchor: 0.000e+00 (0.000e+00)  VarTrust: 0.000e+00 (0.000e+00)  DirAnchor: 0.000e+00 (0.000e+00)  BinReg: 0.000e+00 (0.000e+00)  SelBinAnchor: 0.000e+00 (0.000e+00)  ActBinMargin: 0.000e+00 (0.000e+00)  Time: 0.243s, 2107.92/s  (0.233s, 2196.78/s)  LR: 8.365e-06  RefW: 0.000e+00  AnchorRefW: 0.000e+00  Data: 0.006 (0.007)
Train: 18 [ 500/2502 ( 20%)]  Loss: 51.425468 (51.4123)  BaseLoss: 51.425468 (51.4123)  RefAttnKL: 0.000e+00 (0.000e+00)  RefLogitKL: 0.000e+00 (0.000e+00)  AnchorRefAttnKL: 0.000e+00 (0.000e+00)  TeacherAttnKL: 0.000e+00 (0.000e+00)  TeacherRel: 0.000e+00 (0.000e+00)  TeacherAttnOut: 0.000e+00 (0.000e+00)  TeacherFeatOut: 0.000e+00 (0.000e+00)  ActScaleAnchor: 0.000e+00 (0.000e+00)  VarTrust: 0.000e+00 (0.000e+00)  DirAnchor: 0.000e+00 (0.000e+00)  BinReg: 0.000e+00 (0.000e+00)  SelBinAnchor: 0.000e+00 (0.000e+00)  ActBinMargin: 0.000e+00 (0.000e+00)  Time: 0.243s, 2108.92/s  (0.233s, 2199.04/s)  LR: 8.356e-06  RefW: 0.000e+00  AnchorRefW: 0.000e+00  Data: 0.006 (0.007)
Train: 18 [ 550/2502 ( 22%)]  Loss: 51.444107 (51.4149)  BaseLoss: 51.444107 (51.4149)  RefAttnKL: 0.000e+00 (0.000e+00)  RefLogitKL: 0.000e+00 (0.000e+00)  AnchorRefAttnKL: 0.000e+00 (0.000e+00)  TeacherAttnKL: 0.000e+00 (0.000e+00)  TeacherRel: 0.000e+00 (0.000e+00)  TeacherAttnOut: 0.000e+00 (0.000e+00)  TeacherFeatOut: 0.000e+00 (0.000e+00)  ActScaleAnchor: 0.000e+00 (0.000e+00)  VarTrust: 0.000e+00 (0.000e+00)  DirAnchor: 0.000e+00 (0.000e+00)  BinReg: 0.000e+00 (0.000e+00)  SelBinAnchor: 0.000e+00 (0.000e+00)  ActBinMargin: 0.000e+00 (0.000e+00)  Time: 0.242s, 2111.79/s  (0.233s, 2199.39/s)  LR: 8.346e-06  RefW: 0.000e+00  AnchorRefW: 0.000e+00  Data: 0.007 (0.007)
Train: 18 [ 600/2502 ( 24%)]  Loss: 51.354374 (51.4103)  BaseLoss: 51.354374 (51.4103)  RefAttnKL: 0.000e+00 (0.000e+00)  RefLogitKL: 0.000e+00 (0.000e+00)  AnchorRefAttnKL: 0.000e+00 (0.000e+00)  TeacherAttnKL: 0.000e+00 (0.000e+00)  TeacherRel: 0.000e+00 (0.000e+00)  TeacherAttnOut: 0.000e+00 (0.000e+00)  TeacherFeatOut: 0.000e+00 (0.000e+00)  ActScaleAnchor: 0.000e+00 (0.000e+00)  VarTrust: 0.000e+00 (0.000e+00)  DirAnchor: 0.000e+00 (0.000e+00)  BinReg: 0.000e+00 (0.000e+00)  SelBinAnchor: 0.000e+00 (0.000e+00)  ActBinMargin: 0.000e+00 (0.000e+00)  Time: 0.244s, 2099.57/s  (0.233s, 2200.87/s)  LR: 8.336e-06  RefW: 0.000e+00  AnchorRefW: 0.000e+00  Data: 0.006 (0.007)
Train: 18 [ 650/2502 ( 26%)]  Loss: 51.421398 (51.4111)  BaseLoss: 51.421398 (51.4111)  RefAttnKL: 0.000e+00 (0.000e+00)  RefLogitKL: 0.000e+00 (0.000e+00)  AnchorRefAttnKL: 0.000e+00 (0.000e+00)  TeacherAttnKL: 0.000e+00 (0.000e+00)  TeacherRel: 0.000e+00 (0.000e+00)  TeacherAttnOut: 0.000e+00 (0.000e+00)  TeacherFeatOut: 0.000e+00 (0.000e+00)  ActScaleAnchor: 0.000e+00 (0.000e+00)  VarTrust: 0.000e+00 (0.000e+00)  DirAnchor: 0.000e+00 (0.000e+00)  BinReg: 0.000e+00 (0.000e+00)  SelBinAnchor: 0.000e+00 (0.000e+00)  ActBinMargin: 0.000e+00 (0.000e+00)  Time: 0.244s, 2094.61/s  (0.232s, 2202.26/s)  LR: 8.326e-06  RefW: 0.000e+00  AnchorRefW: 0.000e+00  Data: 0.005 (0.007)
Train: 18 [ 700/2502 ( 28%)]  Loss: 51.358559 (51.4076)  BaseLoss: 51.358559 (51.4076)  RefAttnKL: 0.000e+00 (0.000e+00)  RefLogitKL: 0.000e+00 (0.000e+00)  AnchorRefAttnKL: 0.000e+00 (0.000e+00)  TeacherAttnKL: 0.000e+00 (0.000e+00)  TeacherRel: 0.000e+00 (0.000e+00)  TeacherAttnOut: 0.000e+00 (0.000e+00)  TeacherFeatOut: 0.000e+00 (0.000e+00)  ActScaleAnchor: 0.000e+00 (0.000e+00)  VarTrust: 0.000e+00 (0.000e+00)  DirAnchor: 0.000e+00 (0.000e+00)  BinReg: 0.000e+00 (0.000e+00)  SelBinAnchor: 0.000e+00 (0.000e+00)  ActBinMargin: 0.000e+00 (0.000e+00)  Time: 0.242s, 2111.77/s  (0.232s, 2203.15/s)  LR: 8.316e-06  RefW: 0.000e+00  AnchorRefW: 0.000e+00  Data: 0.006 (0.007)
Train: 18 [ 750/2502 ( 30%)]  Loss: 51.347054 (51.4038)  BaseLoss: 51.347054 (51.4038)  RefAttnKL: 0.000e+00 (0.000e+00)  RefLogitKL: 0.000e+00 (0.000e+00)  AnchorRefAttnKL: 0.000e+00 (0.000e+00)  TeacherAttnKL: 0.000e+00 (0.000e+00)  TeacherRel: 0.000e+00 (0.000e+00)  TeacherAttnOut: 0.000e+00 (0.000e+00)  TeacherFeatOut: 0.000e+00 (0.000e+00)  ActScaleAnchor: 0.000e+00 (0.000e+00)  VarTrust: 0.000e+00 (0.000e+00)  DirAnchor: 0.000e+00 (0.000e+00)  BinReg: 0.000e+00 (0.000e+00)  SelBinAnchor: 0.000e+00 (0.000e+00)  ActBinMargin: 0.000e+00 (0.000e+00)  Time: 0.248s, 2066.24/s  (0.232s, 2203.42/s)  LR: 8.306e-06  RefW: 0.000e+00  AnchorRefW: 0.000e+00  Data: 0.005 (0.007)
Train: 18 [ 800/2502 ( 32%)]  Loss: 51.391148 (51.4030)  BaseLoss: 51.391148 (51.4030)  RefAttnKL: 0.000e+00 (0.000e+00)  RefLogitKL: 0.000e+00 (0.000e+00)  AnchorRefAttnKL: 0.000e+00 (0.000e+00)  TeacherAttnKL: 0.000e+00 (0.000e+00)  TeacherRel: 0.000e+00 (0.000e+00)  TeacherAttnOut: 0.000e+00 (0.000e+00)  TeacherFeatOut: 0.000e+00 (0.000e+00)  ActScaleAnchor: 0.000e+00 (0.000e+00)  VarTrust: 0.000e+00 (0.000e+00)  DirAnchor: 0.000e+00 (0.000e+00)  BinReg: 0.000e+00 (0.000e+00)  SelBinAnchor: 0.000e+00 (0.000e+00)  ActBinMargin: 0.000e+00 (0.000e+00)  Time: 0.242s, 2116.90/s  (0.232s, 2204.72/s)  LR: 8.296e-06  RefW: 0.000e+00  AnchorRefW: 0.000e+00  Data: 0.006 (0.006)
Train: 18 [ 850/2502 ( 34%)]  Loss: 51.357925 (51.4005)  BaseLoss: 51.357925 (51.4005)  RefAttnKL: 0.000e+00 (0.000e+00)  RefLogitKL: 0.000e+00 (0.000e+00)  AnchorRefAttnKL: 0.000e+00 (0.000e+00)  TeacherAttnKL: 0.000e+00 (0.000e+00)  TeacherRel: 0.000e+00 (0.000e+00)  TeacherAttnOut: 0.000e+00 (0.000e+00)  TeacherFeatOut: 0.000e+00 (0.000e+00)  ActScaleAnchor: 0.000e+00 (0.000e+00)  VarTrust: 0.000e+00 (0.000e+00)  DirAnchor: 0.000e+00 (0.000e+00)  BinReg: 0.000e+00 (0.000e+00)  SelBinAnchor: 0.000e+00 (0.000e+00)  ActBinMargin: 0.000e+00 (0.000e+00)  Time: 0.245s, 2088.10/s  (0.232s, 2205.61/s)  LR: 8.287e-06  RefW: 0.000e+00  AnchorRefW: 0.000e+00  Data: 0.005 (0.006)
Train: 18 [ 900/2502 ( 36%)]  Loss: 51.397812 (51.4004)  BaseLoss: 51.397812 (51.4004)  RefAttnKL: 0.000e+00 (0.000e+00)  RefLogitKL: 0.000e+00 (0.000e+00)  AnchorRefAttnKL: 0.000e+00 (0.000e+00)  TeacherAttnKL: 0.000e+00 (0.000e+00)  TeacherRel: 0.000e+00 (0.000e+00)  TeacherAttnOut: 0.000e+00 (0.000e+00)  TeacherFeatOut: 0.000e+00 (0.000e+00)  ActScaleAnchor: 0.000e+00 (0.000e+00)  VarTrust: 0.000e+00 (0.000e+00)  DirAnchor: 0.000e+00 (0.000e+00)  BinReg: 0.000e+00 (0.000e+00)  SelBinAnchor: 0.000e+00 (0.000e+00)  ActBinMargin: 0.000e+00 (0.000e+00)  Time: 0.243s, 2105.61/s  (0.232s, 2206.54/s)  LR: 8.277e-06  RefW: 0.000e+00  AnchorRefW: 0.000e+00  Data: 0.006 (0.006)
Train: 18 [ 950/2502 ( 38%)]  Loss: 51.381779 (51.3995)  BaseLoss: 51.381779 (51.3995)  RefAttnKL: 0.000e+00 (0.000e+00)  RefLogitKL: 0.000e+00 (0.000e+00)  AnchorRefAttnKL: 0.000e+00 (0.000e+00)  TeacherAttnKL: 0.000e+00 (0.000e+00)  TeacherRel: 0.000e+00 (0.000e+00)  TeacherAttnOut: 0.000e+00 (0.000e+00)  TeacherFeatOut: 0.000e+00 (0.000e+00)  ActScaleAnchor: 0.000e+00 (0.000e+00)  VarTrust: 0.000e+00 (0.000e+00)  DirAnchor: 0.000e+00 (0.000e+00)  BinReg: 0.000e+00 (0.000e+00)  SelBinAnchor: 0.000e+00 (0.000e+00)  ActBinMargin: 0.000e+00 (0.000e+00)  Time: 0.242s, 2117.23/s  (0.232s, 2207.47/s)  LR: 8.267e-06  RefW: 0.000e+00  AnchorRefW: 0.000e+00  Data: 0.006 (0.006)
Train: 18 [1000/2502 ( 40%)]  Loss: 51.416172 (51.4003)  BaseLoss: 51.416172 (51.4003)  RefAttnKL: 0.000e+00 (0.000e+00)  RefLogitKL: 0.000e+00 (0.000e+00)  AnchorRefAttnKL: 0.000e+00 (0.000e+00)  TeacherAttnKL: 0.000e+00 (0.000e+00)  TeacherRel: 0.000e+00 (0.000e+00)  TeacherAttnOut: 0.000e+00 (0.000e+00)  TeacherFeatOut: 0.000e+00 (0.000e+00)  ActScaleAnchor: 0.000e+00 (0.000e+00)  VarTrust: 0.000e+00 (0.000e+00)  DirAnchor: 0.000e+00 (0.000e+00)  BinReg: 0.000e+00 (0.000e+00)  SelBinAnchor: 0.000e+00 (0.000e+00)  ActBinMargin: 0.000e+00 (0.000e+00)  Time: 0.244s, 2099.84/s  (0.232s, 2207.99/s)  LR: 8.257e-06  RefW: 0.000e+00  AnchorRefW: 0.000e+00  Data: 0.005 (0.006)
Train: 18 [1050/2502 ( 42%)]  Loss: 51.404167 (51.4004)  BaseLoss: 51.404167 (51.4004)  RefAttnKL: 0.000e+00 (0.000e+00)  RefLogitKL: 0.000e+00 (0.000e+00)  AnchorRefAttnKL: 0.000e+00 (0.000e+00)  TeacherAttnKL: 0.000e+00 (0.000e+00)  TeacherRel: 0.000e+00 (0.000e+00)  TeacherAttnOut: 0.000e+00 (0.000e+00)  TeacherFeatOut: 0.000e+00 (0.000e+00)  ActScaleAnchor: 0.000e+00 (0.000e+00)  VarTrust: 0.000e+00 (0.000e+00)  DirAnchor: 0.000e+00 (0.000e+00)  BinReg: 0.000e+00 (0.000e+00)  SelBinAnchor: 0.000e+00 (0.000e+00)  ActBinMargin: 0.000e+00 (0.000e+00)  Time: 0.243s, 2110.80/s  (0.232s, 2208.62/s)  LR: 8.247e-06  RefW: 0.000e+00  AnchorRefW: 0.000e+00  Data: 0.006 (0.006)
Train: 18 [1100/2502 ( 44%)]  Loss: 51.353119 (51.3984)  BaseLoss: 51.353119 (51.3984)  RefAttnKL: 0.000e+00 (0.000e+00)  RefLogitKL: 0.000e+00 (0.000e+00)  AnchorRefAttnKL: 0.000e+00 (0.000e+00)  TeacherAttnKL: 0.000e+00 (0.000e+00)  TeacherRel: 0.000e+00 (0.000e+00)  TeacherAttnOut: 0.000e+00 (0.000e+00)  TeacherFeatOut: 0.000e+00 (0.000e+00)  ActScaleAnchor: 0.000e+00 (0.000e+00)  VarTrust: 0.000e+00 (0.000e+00)  DirAnchor: 0.000e+00 (0.000e+00)  BinReg: 0.000e+00 (0.000e+00)  SelBinAnchor: 0.000e+00 (0.000e+00)  ActBinMargin: 0.000e+00 (0.000e+00)  Time: 0.243s, 2110.09/s  (0.232s, 2209.15/s)  LR: 8.238e-06  RefW: 0.000e+00  AnchorRefW: 0.000e+00  Data: 0.006 (0.006)
Train: 18 [1150/2502 ( 46%)]  Loss: 51.406876 (51.3987)  BaseLoss: 51.406876 (51.3987)  RefAttnKL: 0.000e+00 (0.000e+00)  RefLogitKL: 0.000e+00 (0.000e+00)  AnchorRefAttnKL: 0.000e+00 (0.000e+00)  TeacherAttnKL: 0.000e+00 (0.000e+00)  TeacherRel: 0.000e+00 (0.000e+00)  TeacherAttnOut: 0.000e+00 (0.000e+00)  TeacherFeatOut: 0.000e+00 (0.000e+00)  ActScaleAnchor: 0.000e+00 (0.000e+00)  VarTrust: 0.000e+00 (0.000e+00)  DirAnchor: 0.000e+00 (0.000e+00)  BinReg: 0.000e+00 (0.000e+00)  SelBinAnchor: 0.000e+00 (0.000e+00)  ActBinMargin: 0.000e+00 (0.000e+00)  Time: 0.242s, 2112.18/s  (0.232s, 2209.40/s)  LR: 8.228e-06  RefW: 0.000e+00  AnchorRefW: 0.000e+00  Data: 0.005 (0.006)
Train: 18 [1200/2502 ( 48%)]  Loss: 51.375832 (51.3978)  BaseLoss: 51.375832 (51.3978)  RefAttnKL: 0.000e+00 (0.000e+00)  RefLogitKL: 0.000e+00 (0.000e+00)  AnchorRefAttnKL: 0.000e+00 (0.000e+00)  TeacherAttnKL: 0.000e+00 (0.000e+00)  TeacherRel: 0.000e+00 (0.000e+00)  TeacherAttnOut: 0.000e+00 (0.000e+00)  TeacherFeatOut: 0.000e+00 (0.000e+00)  ActScaleAnchor: 0.000e+00 (0.000e+00)  VarTrust: 0.000e+00 (0.000e+00)  DirAnchor: 0.000e+00 (0.000e+00)  BinReg: 0.000e+00 (0.000e+00)  SelBinAnchor: 0.000e+00 (0.000e+00)  ActBinMargin: 0.000e+00 (0.000e+00)  Time: 0.243s, 2102.98/s  (0.232s, 2209.92/s)  LR: 8.218e-06  RefW: 0.000e+00  AnchorRefW: 0.000e+00  Data: 0.005 (0.006)
Train: 18 [1250/2502 ( 50%)]  Loss: 51.418613 (51.3986)  BaseLoss: 51.418613 (51.3986)  RefAttnKL: 0.000e+00 (0.000e+00)  RefLogitKL: 0.000e+00 (0.000e+00)  AnchorRefAttnKL: 0.000e+00 (0.000e+00)  TeacherAttnKL: 0.000e+00 (0.000e+00)  TeacherRel: 0.000e+00 (0.000e+00)  TeacherAttnOut: 0.000e+00 (0.000e+00)  TeacherFeatOut: 0.000e+00 (0.000e+00)  ActScaleAnchor: 0.000e+00 (0.000e+00)  VarTrust: 0.000e+00 (0.000e+00)  DirAnchor: 0.000e+00 (0.000e+00)  BinReg: 0.000e+00 (0.000e+00)  SelBinAnchor: 0.000e+00 (0.000e+00)  ActBinMargin: 0.000e+00 (0.000e+00)  Time: 0.244s, 2098.22/s  (0.232s, 2210.49/s)  LR: 8.208e-06  RefW: 0.000e+00  AnchorRefW: 0.000e+00  Data: 0.005 (0.006)
Train: 18 [1300/2502 ( 52%)]  Loss: 51.416046 (51.3993)  BaseLoss: 51.416046 (51.3993)  RefAttnKL: 0.000e+00 (0.000e+00)  RefLogitKL: 0.000e+00 (0.000e+00)  AnchorRefAttnKL: 0.000e+00 (0.000e+00)  TeacherAttnKL: 0.000e+00 (0.000e+00)  TeacherRel: 0.000e+00 (0.000e+00)  TeacherAttnOut: 0.000e+00 (0.000e+00)  TeacherFeatOut: 0.000e+00 (0.000e+00)  ActScaleAnchor: 0.000e+00 (0.000e+00)  VarTrust: 0.000e+00 (0.000e+00)  DirAnchor: 0.000e+00 (0.000e+00)  BinReg: 0.000e+00 (0.000e+00)  SelBinAnchor: 0.000e+00 (0.000e+00)  ActBinMargin: 0.000e+00 (0.000e+00)  Time: 0.242s, 2119.93/s  (0.232s, 2210.41/s)  LR: 8.198e-06  RefW: 0.000e+00  AnchorRefW: 0.000e+00  Data: 0.006 (0.006)
Train: 18 [1350/2502 ( 54%)]  Loss: 51.416897 (51.3999)  BaseLoss: 51.416897 (51.3999)  RefAttnKL: 0.000e+00 (0.000e+00)  RefLogitKL: 0.000e+00 (0.000e+00)  AnchorRefAttnKL: 0.000e+00 (0.000e+00)  TeacherAttnKL: 0.000e+00 (0.000e+00)  TeacherRel: 0.000e+00 (0.000e+00)  TeacherAttnOut: 0.000e+00 (0.000e+00)  TeacherFeatOut: 0.000e+00 (0.000e+00)  ActScaleAnchor: 0.000e+00 (0.000e+00)  VarTrust: 0.000e+00 (0.000e+00)  DirAnchor: 0.000e+00 (0.000e+00)  BinReg: 0.000e+00 (0.000e+00)  SelBinAnchor: 0.000e+00 (0.000e+00)  ActBinMargin: 0.000e+00 (0.000e+00)  Time: 0.245s, 2085.81/s  (0.232s, 2210.61/s)  LR: 8.189e-06  RefW: 0.000e+00  AnchorRefW: 0.000e+00  Data: 0.005 (0.006)
Train: 18 [1400/2502 ( 56%)]  Loss: 51.418945 (51.4005)  BaseLoss: 51.418945 (51.4005)  RefAttnKL: 0.000e+00 (0.000e+00)  RefLogitKL: 0.000e+00 (0.000e+00)  AnchorRefAttnKL: 0.000e+00 (0.000e+00)  TeacherAttnKL: 0.000e+00 (0.000e+00)  TeacherRel: 0.000e+00 (0.000e+00)  TeacherAttnOut: 0.000e+00 (0.000e+00)  TeacherFeatOut: 0.000e+00 (0.000e+00)  ActScaleAnchor: 0.000e+00 (0.000e+00)  VarTrust: 0.000e+00 (0.000e+00)  DirAnchor: 0.000e+00 (0.000e+00)  BinReg: 0.000e+00 (0.000e+00)  SelBinAnchor: 0.000e+00 (0.000e+00)  ActBinMargin: 0.000e+00 (0.000e+00)  Time: 0.241s, 2120.46/s  (0.232s, 2210.53/s)  LR: 8.179e-06  RefW: 0.000e+00  AnchorRefW: 0.000e+00  Data: 0.006 (0.006)
Train: 18 [1450/2502 ( 58%)]  Loss: 51.419373 (51.4012)  BaseLoss: 51.419373 (51.4012)  RefAttnKL: 0.000e+00 (0.000e+00)  RefLogitKL: 0.000e+00 (0.000e+00)  AnchorRefAttnKL: 0.000e+00 (0.000e+00)  TeacherAttnKL: 0.000e+00 (0.000e+00)  TeacherRel: 0.000e+00 (0.000e+00)  TeacherAttnOut: 0.000e+00 (0.000e+00)  TeacherFeatOut: 0.000e+00 (0.000e+00)  ActScaleAnchor: 0.000e+00 (0.000e+00)  VarTrust: 0.000e+00 (0.000e+00)  DirAnchor: 0.000e+00 (0.000e+00)  BinReg: 0.000e+00 (0.000e+00)  SelBinAnchor: 0.000e+00 (0.000e+00)  ActBinMargin: 0.000e+00 (0.000e+00)  Time: 0.244s, 2100.39/s  (0.232s, 2210.82/s)  LR: 8.169e-06  RefW: 0.000e+00  AnchorRefW: 0.000e+00  Data: 0.005 (0.006)
Train: 18 [1500/2502 ( 60%)]  Loss: 51.404270 (51.4013)  BaseLoss: 51.404270 (51.4013)  RefAttnKL: 0.000e+00 (0.000e+00)  RefLogitKL: 0.000e+00 (0.000e+00)  AnchorRefAttnKL: 0.000e+00 (0.000e+00)  TeacherAttnKL: 0.000e+00 (0.000e+00)  TeacherRel: 0.000e+00 (0.000e+00)  TeacherAttnOut: 0.000e+00 (0.000e+00)  TeacherFeatOut: 0.000e+00 (0.000e+00)  ActScaleAnchor: 0.000e+00 (0.000e+00)  VarTrust: 0.000e+00 (0.000e+00)  DirAnchor: 0.000e+00 (0.000e+00)  BinReg: 0.000e+00 (0.000e+00)  SelBinAnchor: 0.000e+00 (0.000e+00)  ActBinMargin: 0.000e+00 (0.000e+00)  Time: 0.242s, 2114.88/s  (0.232s, 2211.02/s)  LR: 8.159e-06  RefW: 0.000e+00  AnchorRefW: 0.000e+00  Data: 0.006 (0.006)
Train: 18 [1550/2502 ( 62%)]  Loss: 51.398449 (51.4012)  BaseLoss: 51.398449 (51.4012)  RefAttnKL: 0.000e+00 (0.000e+00)  RefLogitKL: 0.000e+00 (0.000e+00)  AnchorRefAttnKL: 0.000e+00 (0.000e+00)  TeacherAttnKL: 0.000e+00 (0.000e+00)  TeacherRel: 0.000e+00 (0.000e+00)  TeacherAttnOut: 0.000e+00 (0.000e+00)  TeacherFeatOut: 0.000e+00 (0.000e+00)  ActScaleAnchor: 0.000e+00 (0.000e+00)  VarTrust: 0.000e+00 (0.000e+00)  DirAnchor: 0.000e+00 (0.000e+00)  BinReg: 0.000e+00 (0.000e+00)  SelBinAnchor: 0.000e+00 (0.000e+00)  ActBinMargin: 0.000e+00 (0.000e+00)  Time: 0.242s, 2111.47/s  (0.232s, 2211.32/s)  LR: 8.150e-06  RefW: 0.000e+00  AnchorRefW: 0.000e+00  Data: 0.005 (0.006)
Train: 18 [1600/2502 ( 64%)]  Loss: 51.383766 (51.4007)  BaseLoss: 51.383766 (51.4007)  RefAttnKL: 0.000e+00 (0.000e+00)  RefLogitKL: 0.000e+00 (0.000e+00)  AnchorRefAttnKL: 0.000e+00 (0.000e+00)  TeacherAttnKL: 0.000e+00 (0.000e+00)  TeacherRel: 0.000e+00 (0.000e+00)  TeacherAttnOut: 0.000e+00 (0.000e+00)  TeacherFeatOut: 0.000e+00 (0.000e+00)  ActScaleAnchor: 0.000e+00 (0.000e+00)  VarTrust: 0.000e+00 (0.000e+00)  DirAnchor: 0.000e+00 (0.000e+00)  BinReg: 0.000e+00 (0.000e+00)  SelBinAnchor: 0.000e+00 (0.000e+00)  ActBinMargin: 0.000e+00 (0.000e+00)  Time: 0.256s, 1997.13/s  (0.232s, 2211.32/s)  LR: 8.140e-06  RefW: 0.000e+00  AnchorRefW: 0.000e+00  Data: 0.005 (0.006)
Train: 18 [1650/2502 ( 66%)]  Loss: 51.423340 (51.4013)  BaseLoss: 51.423340 (51.4013)  RefAttnKL: 0.000e+00 (0.000e+00)  RefLogitKL: 0.000e+00 (0.000e+00)  AnchorRefAttnKL: 0.000e+00 (0.000e+00)  TeacherAttnKL: 0.000e+00 (0.000e+00)  TeacherRel: 0.000e+00 (0.000e+00)  TeacherAttnOut: 0.000e+00 (0.000e+00)  TeacherFeatOut: 0.000e+00 (0.000e+00)  ActScaleAnchor: 0.000e+00 (0.000e+00)  VarTrust: 0.000e+00 (0.000e+00)  DirAnchor: 0.000e+00 (0.000e+00)  BinReg: 0.000e+00 (0.000e+00)  SelBinAnchor: 0.000e+00 (0.000e+00)  ActBinMargin: 0.000e+00 (0.000e+00)  Time: 0.243s, 2103.99/s  (0.232s, 2211.41/s)  LR: 8.130e-06  RefW: 0.000e+00  AnchorRefW: 0.000e+00  Data: 0.005 (0.006)
Train: 18 [1700/2502 ( 68%)]  Loss: 51.406342 (51.4015)  BaseLoss: 51.406342 (51.4015)  RefAttnKL: 0.000e+00 (0.000e+00)  RefLogitKL: 0.000e+00 (0.000e+00)  AnchorRefAttnKL: 0.000e+00 (0.000e+00)  TeacherAttnKL: 0.000e+00 (0.000e+00)  TeacherRel: 0.000e+00 (0.000e+00)  TeacherAttnOut: 0.000e+00 (0.000e+00)  TeacherFeatOut: 0.000e+00 (0.000e+00)  ActScaleAnchor: 0.000e+00 (0.000e+00)  VarTrust: 0.000e+00 (0.000e+00)  DirAnchor: 0.000e+00 (0.000e+00)  BinReg: 0.000e+00 (0.000e+00)  SelBinAnchor: 0.000e+00 (0.000e+00)  ActBinMargin: 0.000e+00 (0.000e+00)  Time: 0.244s, 2101.75/s  (0.231s, 2211.68/s)  LR: 8.121e-06  RefW: 0.000e+00  AnchorRefW: 0.000e+00  Data: 0.005 (0.006)
Train: 18 [1750/2502 ( 70%)]  Loss: 51.405338 (51.4016)  BaseLoss: 51.405338 (51.4016)  RefAttnKL: 0.000e+00 (0.000e+00)  RefLogitKL: 0.000e+00 (0.000e+00)  AnchorRefAttnKL: 0.000e+00 (0.000e+00)  TeacherAttnKL: 0.000e+00 (0.000e+00)  TeacherRel: 0.000e+00 (0.000e+00)  TeacherAttnOut: 0.000e+00 (0.000e+00)  TeacherFeatOut: 0.000e+00 (0.000e+00)  ActScaleAnchor: 0.000e+00 (0.000e+00)  VarTrust: 0.000e+00 (0.000e+00)  DirAnchor: 0.000e+00 (0.000e+00)  BinReg: 0.000e+00 (0.000e+00)  SelBinAnchor: 0.000e+00 (0.000e+00)  ActBinMargin: 0.000e+00 (0.000e+00)  Time: 0.242s, 2112.88/s  (0.231s, 2211.93/s)  LR: 8.111e-06  RefW: 0.000e+00  AnchorRefW: 0.000e+00  Data: 0.006 (0.006)
Train: 18 [1800/2502 ( 72%)]  Loss: 51.431274 (51.4024)  BaseLoss: 51.431274 (51.4024)  RefAttnKL: 0.000e+00 (0.000e+00)  RefLogitKL: 0.000e+00 (0.000e+00)  AnchorRefAttnKL: 0.000e+00 (0.000e+00)  TeacherAttnKL: 0.000e+00 (0.000e+00)  TeacherRel: 0.000e+00 (0.000e+00)  TeacherAttnOut: 0.000e+00 (0.000e+00)  TeacherFeatOut: 0.000e+00 (0.000e+00)  ActScaleAnchor: 0.000e+00 (0.000e+00)  VarTrust: 0.000e+00 (0.000e+00)  DirAnchor: 0.000e+00 (0.000e+00)  BinReg: 0.000e+00 (0.000e+00)  SelBinAnchor: 0.000e+00 (0.000e+00)  ActBinMargin: 0.000e+00 (0.000e+00)  Time: 0.254s, 2012.39/s  (0.231s, 2212.10/s)  LR: 8.101e-06  RefW: 0.000e+00  AnchorRefW: 0.000e+00  Data: 0.005 (0.006)
Train: 18 [1850/2502 ( 74%)]  Loss: 51.405190 (51.4025)  BaseLoss: 51.405190 (51.4025)  RefAttnKL: 0.000e+00 (0.000e+00)  RefLogitKL: 0.000e+00 (0.000e+00)  AnchorRefAttnKL: 0.000e+00 (0.000e+00)  TeacherAttnKL: 0.000e+00 (0.000e+00)  TeacherRel: 0.000e+00 (0.000e+00)  TeacherAttnOut: 0.000e+00 (0.000e+00)  TeacherFeatOut: 0.000e+00 (0.000e+00)  ActScaleAnchor: 0.000e+00 (0.000e+00)  VarTrust: 0.000e+00 (0.000e+00)  DirAnchor: 0.000e+00 (0.000e+00)  BinReg: 0.000e+00 (0.000e+00)  SelBinAnchor: 0.000e+00 (0.000e+00)  ActBinMargin: 0.000e+00 (0.000e+00)  Time: 0.243s, 2104.80/s  (0.231s, 2212.08/s)  LR: 8.092e-06  RefW: 0.000e+00  AnchorRefW: 0.000e+00  Data: 0.005 (0.006)
Train: 18 [1900/2502 ( 76%)]  Loss: 51.432117 (51.4032)  BaseLoss: 51.432117 (51.4032)  RefAttnKL: 0.000e+00 (0.000e+00)  RefLogitKL: 0.000e+00 (0.000e+00)  AnchorRefAttnKL: 0.000e+00 (0.000e+00)  TeacherAttnKL: 0.000e+00 (0.000e+00)  TeacherRel: 0.000e+00 (0.000e+00)  TeacherAttnOut: 0.000e+00 (0.000e+00)  TeacherFeatOut: 0.000e+00 (0.000e+00)  ActScaleAnchor: 0.000e+00 (0.000e+00)  VarTrust: 0.000e+00 (0.000e+00)  DirAnchor: 0.000e+00 (0.000e+00)  BinReg: 0.000e+00 (0.000e+00)  SelBinAnchor: 0.000e+00 (0.000e+00)  ActBinMargin: 0.000e+00 (0.000e+00)  Time: 0.244s, 2098.01/s  (0.231s, 2212.23/s)  LR: 8.082e-06  RefW: 0.000e+00  AnchorRefW: 0.000e+00  Data: 0.006 (0.006)
Train: 18 [1950/2502 ( 78%)]  Loss: 51.450760 (51.4044)  BaseLoss: 51.450760 (51.4044)  RefAttnKL: 0.000e+00 (0.000e+00)  RefLogitKL: 0.000e+00 (0.000e+00)  AnchorRefAttnKL: 0.000e+00 (0.000e+00)  TeacherAttnKL: 0.000e+00 (0.000e+00)  TeacherRel: 0.000e+00 (0.000e+00)  TeacherAttnOut: 0.000e+00 (0.000e+00)  TeacherFeatOut: 0.000e+00 (0.000e+00)  ActScaleAnchor: 0.000e+00 (0.000e+00)  VarTrust: 0.000e+00 (0.000e+00)  DirAnchor: 0.000e+00 (0.000e+00)  BinReg: 0.000e+00 (0.000e+00)  SelBinAnchor: 0.000e+00 (0.000e+00)  ActBinMargin: 0.000e+00 (0.000e+00)  Time: 0.244s, 2094.51/s  (0.231s, 2212.21/s)  LR: 8.072e-06  RefW: 0.000e+00  AnchorRefW: 0.000e+00  Data: 0.006 (0.006)
Train: 18 [2000/2502 ( 80%)]  Loss: 51.419926 (51.4048)  BaseLoss: 51.419926 (51.4048)  RefAttnKL: 0.000e+00 (0.000e+00)  RefLogitKL: 0.000e+00 (0.000e+00)  AnchorRefAttnKL: 0.000e+00 (0.000e+00)  TeacherAttnKL: 0.000e+00 (0.000e+00)  TeacherRel: 0.000e+00 (0.000e+00)  TeacherAttnOut: 0.000e+00 (0.000e+00)  TeacherFeatOut: 0.000e+00 (0.000e+00)  ActScaleAnchor: 0.000e+00 (0.000e+00)  VarTrust: 0.000e+00 (0.000e+00)  DirAnchor: 0.000e+00 (0.000e+00)  BinReg: 0.000e+00 (0.000e+00)  SelBinAnchor: 0.000e+00 (0.000e+00)  ActBinMargin: 0.000e+00 (0.000e+00)  Time: 0.245s, 2086.47/s  (0.231s, 2212.27/s)  LR: 8.063e-06  RefW: 0.000e+00  AnchorRefW: 0.000e+00  Data: 0.005 (0.006)
Train: 18 [2050/2502 ( 82%)]  Loss: 51.363216 (51.4038)  BaseLoss: 51.363216 (51.4038)  RefAttnKL: 0.000e+00 (0.000e+00)  RefLogitKL: 0.000e+00 (0.000e+00)  AnchorRefAttnKL: 0.000e+00 (0.000e+00)  TeacherAttnKL: 0.000e+00 (0.000e+00)  TeacherRel: 0.000e+00 (0.000e+00)  TeacherAttnOut: 0.000e+00 (0.000e+00)  TeacherFeatOut: 0.000e+00 (0.000e+00)  ActScaleAnchor: 0.000e+00 (0.000e+00)  VarTrust: 0.000e+00 (0.000e+00)  DirAnchor: 0.000e+00 (0.000e+00)  BinReg: 0.000e+00 (0.000e+00)  SelBinAnchor: 0.000e+00 (0.000e+00)  ActBinMargin: 0.000e+00 (0.000e+00)  Time: 0.262s, 1956.89/s  (0.231s, 2212.28/s)  LR: 8.053e-06  RefW: 0.000e+00  AnchorRefW: 0.000e+00  Data: 0.006 (0.006)
Train: 18 [2100/2502 ( 84%)]  Loss: 51.372917 (51.4031)  BaseLoss: 51.372917 (51.4031)  RefAttnKL: 0.000e+00 (0.000e+00)  RefLogitKL: 0.000e+00 (0.000e+00)  AnchorRefAttnKL: 0.000e+00 (0.000e+00)  TeacherAttnKL: 0.000e+00 (0.000e+00)  TeacherRel: 0.000e+00 (0.000e+00)  TeacherAttnOut: 0.000e+00 (0.000e+00)  TeacherFeatOut: 0.000e+00 (0.000e+00)  ActScaleAnchor: 0.000e+00 (0.000e+00)  VarTrust: 0.000e+00 (0.000e+00)  DirAnchor: 0.000e+00 (0.000e+00)  BinReg: 0.000e+00 (0.000e+00)  SelBinAnchor: 0.000e+00 (0.000e+00)  ActBinMargin: 0.000e+00 (0.000e+00)  Time: 0.244s, 2099.69/s  (0.231s, 2212.28/s)  LR: 8.043e-06  RefW: 0.000e+00  AnchorRefW: 0.000e+00  Data: 0.006 (0.006)
Train: 18 [2150/2502 ( 86%)]  Loss: 51.392433 (51.4028)  BaseLoss: 51.392433 (51.4028)  RefAttnKL: 0.000e+00 (0.000e+00)  RefLogitKL: 0.000e+00 (0.000e+00)  AnchorRefAttnKL: 0.000e+00 (0.000e+00)  TeacherAttnKL: 0.000e+00 (0.000e+00)  TeacherRel: 0.000e+00 (0.000e+00)  TeacherAttnOut: 0.000e+00 (0.000e+00)  TeacherFeatOut: 0.000e+00 (0.000e+00)  ActScaleAnchor: 0.000e+00 (0.000e+00)  VarTrust: 0.000e+00 (0.000e+00)  DirAnchor: 0.000e+00 (0.000e+00)  BinReg: 0.000e+00 (0.000e+00)  SelBinAnchor: 0.000e+00 (0.000e+00)  ActBinMargin: 0.000e+00 (0.000e+00)  Time: 0.243s, 2109.11/s  (0.231s, 2212.35/s)  LR: 8.034e-06  RefW: 0.000e+00  AnchorRefW: 0.000e+00  Data: 0.006 (0.006)
Train: 18 [2200/2502 ( 88%)]  Loss: 51.411209 (51.4030)  BaseLoss: 51.411209 (51.4030)  RefAttnKL: 0.000e+00 (0.000e+00)  RefLogitKL: 0.000e+00 (0.000e+00)  AnchorRefAttnKL: 0.000e+00 (0.000e+00)  TeacherAttnKL: 0.000e+00 (0.000e+00)  TeacherRel: 0.000e+00 (0.000e+00)  TeacherAttnOut: 0.000e+00 (0.000e+00)  TeacherFeatOut: 0.000e+00 (0.000e+00)  ActScaleAnchor: 0.000e+00 (0.000e+00)  VarTrust: 0.000e+00 (0.000e+00)  DirAnchor: 0.000e+00 (0.000e+00)  BinReg: 0.000e+00 (0.000e+00)  SelBinAnchor: 0.000e+00 (0.000e+00)  ActBinMargin: 0.000e+00 (0.000e+00)  Time: 0.244s, 2102.59/s  (0.231s, 2212.42/s)  LR: 8.024e-06  RefW: 0.000e+00  AnchorRefW: 0.000e+00  Data: 0.006 (0.006)
Train: 18 [2250/2502 ( 90%)]  Loss: 51.415474 (51.4033)  BaseLoss: 51.415474 (51.4033)  RefAttnKL: 0.000e+00 (0.000e+00)  RefLogitKL: 0.000e+00 (0.000e+00)  AnchorRefAttnKL: 0.000e+00 (0.000e+00)  TeacherAttnKL: 0.000e+00 (0.000e+00)  TeacherRel: 0.000e+00 (0.000e+00)  TeacherAttnOut: 0.000e+00 (0.000e+00)  TeacherFeatOut: 0.000e+00 (0.000e+00)  ActScaleAnchor: 0.000e+00 (0.000e+00)  VarTrust: 0.000e+00 (0.000e+00)  DirAnchor: 0.000e+00 (0.000e+00)  BinReg: 0.000e+00 (0.000e+00)  SelBinAnchor: 0.000e+00 (0.000e+00)  ActBinMargin: 0.000e+00 (0.000e+00)  Time: 0.243s, 2104.59/s  (0.231s, 2212.50/s)  LR: 8.014e-06  RefW: 0.000e+00  AnchorRefW: 0.000e+00  Data: 0.006 (0.006)
Train: 18 [2300/2502 ( 92%)]  Loss: 51.428543 (51.4038)  BaseLoss: 51.428543 (51.4038)  RefAttnKL: 0.000e+00 (0.000e+00)  RefLogitKL: 0.000e+00 (0.000e+00)  AnchorRefAttnKL: 0.000e+00 (0.000e+00)  TeacherAttnKL: 0.000e+00 (0.000e+00)  TeacherRel: 0.000e+00 (0.000e+00)  TeacherAttnOut: 0.000e+00 (0.000e+00)  TeacherFeatOut: 0.000e+00 (0.000e+00)  ActScaleAnchor: 0.000e+00 (0.000e+00)  VarTrust: 0.000e+00 (0.000e+00)  DirAnchor: 0.000e+00 (0.000e+00)  BinReg: 0.000e+00 (0.000e+00)  SelBinAnchor: 0.000e+00 (0.000e+00)  ActBinMargin: 0.000e+00 (0.000e+00)  Time: 0.243s, 2104.26/s  (0.231s, 2212.40/s)  LR: 8.005e-06  RefW: 0.000e+00  AnchorRefW: 0.000e+00  Data: 0.006 (0.006)
Train: 18 [2350/2502 ( 94%)]  Loss: 51.429863 (51.4044)  BaseLoss: 51.429863 (51.4044)  RefAttnKL: 0.000e+00 (0.000e+00)  RefLogitKL: 0.000e+00 (0.000e+00)  AnchorRefAttnKL: 0.000e+00 (0.000e+00)  TeacherAttnKL: 0.000e+00 (0.000e+00)  TeacherRel: 0.000e+00 (0.000e+00)  TeacherAttnOut: 0.000e+00 (0.000e+00)  TeacherFeatOut: 0.000e+00 (0.000e+00)  ActScaleAnchor: 0.000e+00 (0.000e+00)  VarTrust: 0.000e+00 (0.000e+00)  DirAnchor: 0.000e+00 (0.000e+00)  BinReg: 0.000e+00 (0.000e+00)  SelBinAnchor: 0.000e+00 (0.000e+00)  ActBinMargin: 0.000e+00 (0.000e+00)  Time: 0.244s, 2098.52/s  (0.231s, 2212.60/s)  LR: 7.995e-06  RefW: 0.000e+00  AnchorRefW: 0.000e+00  Data: 0.006 (0.006)
Train: 18 [2400/2502 ( 96%)]  Loss: 51.393349 (51.4041)  BaseLoss: 51.393349 (51.4041)  RefAttnKL: 0.000e+00 (0.000e+00)  RefLogitKL: 0.000e+00 (0.000e+00)  AnchorRefAttnKL: 0.000e+00 (0.000e+00)  TeacherAttnKL: 0.000e+00 (0.000e+00)  TeacherRel: 0.000e+00 (0.000e+00)  TeacherAttnOut: 0.000e+00 (0.000e+00)  TeacherFeatOut: 0.000e+00 (0.000e+00)  ActScaleAnchor: 0.000e+00 (0.000e+00)  VarTrust: 0.000e+00 (0.000e+00)  DirAnchor: 0.000e+00 (0.000e+00)  BinReg: 0.000e+00 (0.000e+00)  SelBinAnchor: 0.000e+00 (0.000e+00)  ActBinMargin: 0.000e+00 (0.000e+00)  Time: 0.243s, 2106.42/s  (0.231s, 2212.75/s)  LR: 7.986e-06  RefW: 0.000e+00  AnchorRefW: 0.000e+00  Data: 0.005 (0.006)
Train: 18 [2450/2502 ( 98%)]  Loss: 51.423462 (51.4045)  BaseLoss: 51.423462 (51.4045)  RefAttnKL: 0.000e+00 (0.000e+00)  RefLogitKL: 0.000e+00 (0.000e+00)  AnchorRefAttnKL: 0.000e+00 (0.000e+00)  TeacherAttnKL: 0.000e+00 (0.000e+00)  TeacherRel: 0.000e+00 (0.000e+00)  TeacherAttnOut: 0.000e+00 (0.000e+00)  TeacherFeatOut: 0.000e+00 (0.000e+00)  ActScaleAnchor: 0.000e+00 (0.000e+00)  VarTrust: 0.000e+00 (0.000e+00)  DirAnchor: 0.000e+00 (0.000e+00)  BinReg: 0.000e+00 (0.000e+00)  SelBinAnchor: 0.000e+00 (0.000e+00)  ActBinMargin: 0.000e+00 (0.000e+00)  Time: 0.243s, 2110.17/s  (0.231s, 2212.87/s)  LR: 7.976e-06  RefW: 0.000e+00  AnchorRefW: 0.000e+00  Data: 0.005 (0.006)
TrainSummary: epoch=18 updates=2496 avg_step_time=0.231345s samples_per_step=512 samples_per_sec=2213.14
epoch:  18 g['lr']:  7.96746388077736e-06
model eval
TestLocal: [   0/97]  Time: 1.022 (1.022)  Loss:  0.7174  Acc@1: 84.3750  Acc@5: 95.3125  Samples: 64
TestLocal: [  50/97]  Time: 0.093 (0.111)  Loss:  0.8183  Acc@1: 81.1581  Acc@5: 95.1900  Samples: 3264
TestLocal: [  97/97]  Time: 0.047 (0.101)  Loss:  0.8138  Acc@1: 80.9724  Acc@5: 95.3809  Samples: 6170
TestLocal: [ 100/97]  Time: 0.047 (0.100)  Loss:  0.8139  Acc@1: 80.9662  Acc@5: 95.3784  Samples: 6210
Test: [distributed-summary]  Time: 10.418s  Loss: 0.8372  Acc@1: 80.3780  Acc@5: 95.2760  Samples: 50000
Trainable parameter policy: epoch=19, quant_only=False, policy=all, trainable=28608256, frozen=0
AOQ explore scale ratio update: epoch=19, update=0, active=False, base_ratio=1.0, threshold_ratio=0.0, base_layers=(), selective_margin=0.0, base_quantizers=0, layer_ratios={}, layer_quantizers=0, layer_counts={}, quality_mode=none, quality_layers=(), quality_start_update=0, quality_min_frac=0.0, start_update=0, end_update=0
Trainable parameter update policy: epoch=19, update=0, mode=requires_grad, policy=all, trainable=28608256, frozen=0
Train: 19 [   0/2502 (  0%)]  Loss: 51.426579 (51.4266)  BaseLoss: 51.426579 (51.4266)  RefAttnKL: 0.000e+00 (0.000e+00)  RefLogitKL: 0.000e+00 (0.000e+00)  AnchorRefAttnKL: 0.000e+00 (0.000e+00)  TeacherAttnKL: 0.000e+00 (0.000e+00)  TeacherRel: 0.000e+00 (0.000e+00)  TeacherAttnOut: 0.000e+00 (0.000e+00)  TeacherFeatOut: 0.000e+00 (0.000e+00)  ActScaleAnchor: 0.000e+00 (0.000e+00)  VarTrust: 0.000e+00 (0.000e+00)  DirAnchor: 0.000e+00 (0.000e+00)  BinReg: 0.000e+00 (0.000e+00)  SelBinAnchor: 0.000e+00 (0.000e+00)  ActBinMargin: 0.000e+00 (0.000e+00)  Time: 0.934s,  548.43/s  (0.934s,  548.43/s)  LR: 7.966e-06  RefW: 0.000e+00  AnchorRefW: 0.000e+00  Data: 0.679 (0.679)
Train: 19 [  50/2502 (  2%)]  Loss: 51.388805 (51.4077)  BaseLoss: 51.388805 (51.4077)  RefAttnKL: 0.000e+00 (0.000e+00)  RefLogitKL: 0.000e+00 (0.000e+00)  AnchorRefAttnKL: 0.000e+00 (0.000e+00)  TeacherAttnKL: 0.000e+00 (0.000e+00)  TeacherRel: 0.000e+00 (0.000e+00)  TeacherAttnOut: 0.000e+00 (0.000e+00)  TeacherFeatOut: 0.000e+00 (0.000e+00)  ActScaleAnchor: 0.000e+00 (0.000e+00)  VarTrust: 0.000e+00 (0.000e+00)  DirAnchor: 0.000e+00 (0.000e+00)  BinReg: 0.000e+00 (0.000e+00)  SelBinAnchor: 0.000e+00 (0.000e+00)  ActBinMargin: 0.000e+00 (0.000e+00)  Time: 0.243s, 2108.88/s  (0.246s, 2077.60/s)  LR: 7.957e-06  RefW: 0.000e+00  AnchorRefW: 0.000e+00  Data: 0.006 (0.019)
Train: 19 [ 100/2502 (  4%)]  Loss: 51.413898 (51.4098)  BaseLoss: 51.413898 (51.4098)  RefAttnKL: 0.000e+00 (0.000e+00)  RefLogitKL: 0.000e+00 (0.000e+00)  AnchorRefAttnKL: 0.000e+00 (0.000e+00)  TeacherAttnKL: 0.000e+00 (0.000e+00)  TeacherRel: 0.000e+00 (0.000e+00)  TeacherAttnOut: 0.000e+00 (0.000e+00)  TeacherFeatOut: 0.000e+00 (0.000e+00)  ActScaleAnchor: 0.000e+00 (0.000e+00)  VarTrust: 0.000e+00 (0.000e+00)  DirAnchor: 0.000e+00 (0.000e+00)  BinReg: 0.000e+00 (0.000e+00)  SelBinAnchor: 0.000e+00 (0.000e+00)  ActBinMargin: 0.000e+00 (0.000e+00)  Time: 0.244s, 2096.86/s  (0.239s, 2142.17/s)  LR: 7.947e-06  RefW: 0.000e+00  AnchorRefW: 0.000e+00  Data: 0.006 (0.012)
Train: 19 [ 150/2502 (  6%)]  Loss: 51.404518 (51.4085)  BaseLoss: 51.404518 (51.4085)  RefAttnKL: 0.000e+00 (0.000e+00)  RefLogitKL: 0.000e+00 (0.000e+00)  AnchorRefAttnKL: 0.000e+00 (0.000e+00)  TeacherAttnKL: 0.000e+00 (0.000e+00)  TeacherRel: 0.000e+00 (0.000e+00)  TeacherAttnOut: 0.000e+00 (0.000e+00)  TeacherFeatOut: 0.000e+00 (0.000e+00)  ActScaleAnchor: 0.000e+00 (0.000e+00)  VarTrust: 0.000e+00 (0.000e+00)  DirAnchor: 0.000e+00 (0.000e+00)  BinReg: 0.000e+00 (0.000e+00)  SelBinAnchor: 0.000e+00 (0.000e+00)  ActBinMargin: 0.000e+00 (0.000e+00)  Time: 0.242s, 2114.33/s  (0.236s, 2165.20/s)  LR: 7.937e-06  RefW: 0.000e+00  AnchorRefW: 0.000e+00  Data: 0.005 (0.010)
Train: 19 [ 200/2502 (  8%)]  Loss: 51.408188 (51.4084)  BaseLoss: 51.408188 (51.4084)  RefAttnKL: 0.000e+00 (0.000e+00)  RefLogitKL: 0.000e+00 (0.000e+00)  AnchorRefAttnKL: 0.000e+00 (0.000e+00)  TeacherAttnKL: 0.000e+00 (0.000e+00)  TeacherRel: 0.000e+00 (0.000e+00)  TeacherAttnOut: 0.000e+00 (0.000e+00)  TeacherFeatOut: 0.000e+00 (0.000e+00)  ActScaleAnchor: 0.000e+00 (0.000e+00)  VarTrust: 0.000e+00 (0.000e+00)  DirAnchor: 0.000e+00 (0.000e+00)  BinReg: 0.000e+00 (0.000e+00)  SelBinAnchor: 0.000e+00 (0.000e+00)  ActBinMargin: 0.000e+00 (0.000e+00)  Time: 0.244s, 2101.86/s  (0.235s, 2175.71/s)  LR: 7.928e-06  RefW: 0.000e+00  AnchorRefW: 0.000e+00  Data: 0.005 (0.009)
Train: 19 [ 250/2502 ( 10%)]  Loss: 51.450390 (51.4154)  BaseLoss: 51.450390 (51.4154)  RefAttnKL: 0.000e+00 (0.000e+00)  RefLogitKL: 0.000e+00 (0.000e+00)  AnchorRefAttnKL: 0.000e+00 (0.000e+00)  TeacherAttnKL: 0.000e+00 (0.000e+00)  TeacherRel: 0.000e+00 (0.000e+00)  TeacherAttnOut: 0.000e+00 (0.000e+00)  TeacherFeatOut: 0.000e+00 (0.000e+00)  ActScaleAnchor: 0.000e+00 (0.000e+00)  VarTrust: 0.000e+00 (0.000e+00)  DirAnchor: 0.000e+00 (0.000e+00)  BinReg: 0.000e+00 (0.000e+00)  SelBinAnchor: 0.000e+00 (0.000e+00)  ActBinMargin: 0.000e+00 (0.000e+00)  Time: 0.244s, 2099.45/s  (0.235s, 2183.16/s)  LR: 7.918e-06  RefW: 0.000e+00  AnchorRefW: 0.000e+00  Data: 0.006 (0.008)
Train: 19 [ 300/2502 ( 12%)]  Loss: 51.389343 (51.4117)  BaseLoss: 51.389343 (51.4117)  RefAttnKL: 0.000e+00 (0.000e+00)  RefLogitKL: 0.000e+00 (0.000e+00)  AnchorRefAttnKL: 0.000e+00 (0.000e+00)  TeacherAttnKL: 0.000e+00 (0.000e+00)  TeacherRel: 0.000e+00 (0.000e+00)  TeacherAttnOut: 0.000e+00 (0.000e+00)  TeacherFeatOut: 0.000e+00 (0.000e+00)  ActScaleAnchor: 0.000e+00 (0.000e+00)  VarTrust: 0.000e+00 (0.000e+00)  DirAnchor: 0.000e+00 (0.000e+00)  BinReg: 0.000e+00 (0.000e+00)  SelBinAnchor: 0.000e+00 (0.000e+00)  ActBinMargin: 0.000e+00 (0.000e+00)  Time: 0.243s, 2108.34/s  (0.234s, 2188.77/s)  LR: 7.909e-06  RefW: 0.000e+00  AnchorRefW: 0.000e+00  Data: 0.006 (0.008)
Train: 19 [ 350/2502 ( 14%)]  Loss: 51.433590 (51.4144)  BaseLoss: 51.433590 (51.4144)  RefAttnKL: 0.000e+00 (0.000e+00)  RefLogitKL: 0.000e+00 (0.000e+00)  AnchorRefAttnKL: 0.000e+00 (0.000e+00)  TeacherAttnKL: 0.000e+00 (0.000e+00)  TeacherRel: 0.000e+00 (0.000e+00)  TeacherAttnOut: 0.000e+00 (0.000e+00)  TeacherFeatOut: 0.000e+00 (0.000e+00)  ActScaleAnchor: 0.000e+00 (0.000e+00)  VarTrust: 0.000e+00 (0.000e+00)  DirAnchor: 0.000e+00 (0.000e+00)  BinReg: 0.000e+00 (0.000e+00)  SelBinAnchor: 0.000e+00 (0.000e+00)  ActBinMargin: 0.000e+00 (0.000e+00)  Time: 0.243s, 2108.42/s  (0.234s, 2192.37/s)  LR: 7.899e-06  RefW: 0.000e+00  AnchorRefW: 0.000e+00  Data: 0.005 (0.008)
Train: 19 [ 400/2502 ( 16%)]  Loss: 51.415657 (51.4146)  BaseLoss: 51.415657 (51.4146)  RefAttnKL: 0.000e+00 (0.000e+00)  RefLogitKL: 0.000e+00 (0.000e+00)  AnchorRefAttnKL: 0.000e+00 (0.000e+00)  TeacherAttnKL: 0.000e+00 (0.000e+00)  TeacherRel: 0.000e+00 (0.000e+00)  TeacherAttnOut: 0.000e+00 (0.000e+00)  TeacherFeatOut: 0.000e+00 (0.000e+00)  ActScaleAnchor: 0.000e+00 (0.000e+00)  VarTrust: 0.000e+00 (0.000e+00)  DirAnchor: 0.000e+00 (0.000e+00)  BinReg: 0.000e+00 (0.000e+00)  SelBinAnchor: 0.000e+00 (0.000e+00)  ActBinMargin: 0.000e+00 (0.000e+00)  Time: 0.243s, 2109.92/s  (0.233s, 2195.06/s)  LR: 7.890e-06  RefW: 0.000e+00  AnchorRefW: 0.000e+00  Data: 0.006 (0.007)
Train: 19 [ 450/2502 ( 18%)]  Loss: 51.422298 (51.4153)  BaseLoss: 51.422298 (51.4153)  RefAttnKL: 0.000e+00 (0.000e+00)  RefLogitKL: 0.000e+00 (0.000e+00)  AnchorRefAttnKL: 0.000e+00 (0.000e+00)  TeacherAttnKL: 0.000e+00 (0.000e+00)  TeacherRel: 0.000e+00 (0.000e+00)  TeacherAttnOut: 0.000e+00 (0.000e+00)  TeacherFeatOut: 0.000e+00 (0.000e+00)  ActScaleAnchor: 0.000e+00 (0.000e+00)  VarTrust: 0.000e+00 (0.000e+00)  DirAnchor: 0.000e+00 (0.000e+00)  BinReg: 0.000e+00 (0.000e+00)  SelBinAnchor: 0.000e+00 (0.000e+00)  ActBinMargin: 0.000e+00 (0.000e+00)  Time: 0.244s, 2098.36/s  (0.233s, 2196.17/s)  LR: 7.880e-06  RefW: 0.000e+00  AnchorRefW: 0.000e+00  Data: 0.006 (0.007)
Train: 19 [ 500/2502 ( 20%)]  Loss: 51.448524 (51.4183)  BaseLoss: 51.448524 (51.4183)  RefAttnKL: 0.000e+00 (0.000e+00)  RefLogitKL: 0.000e+00 (0.000e+00)  AnchorRefAttnKL: 0.000e+00 (0.000e+00)  TeacherAttnKL: 0.000e+00 (0.000e+00)  TeacherRel: 0.000e+00 (0.000e+00)  TeacherAttnOut: 0.000e+00 (0.000e+00)  TeacherFeatOut: 0.000e+00 (0.000e+00)  ActScaleAnchor: 0.000e+00 (0.000e+00)  VarTrust: 0.000e+00 (0.000e+00)  DirAnchor: 0.000e+00 (0.000e+00)  BinReg: 0.000e+00 (0.000e+00)  SelBinAnchor: 0.000e+00 (0.000e+00)  ActBinMargin: 0.000e+00 (0.000e+00)  Time: 0.243s, 2103.67/s  (0.233s, 2198.26/s)  LR: 7.871e-06  RefW: 0.000e+00  AnchorRefW: 0.000e+00  Data: 0.006 (0.007)
Train: 19 [ 550/2502 ( 22%)]  Loss: 51.425819 (51.4190)  BaseLoss: 51.425819 (51.4190)  RefAttnKL: 0.000e+00 (0.000e+00)  RefLogitKL: 0.000e+00 (0.000e+00)  AnchorRefAttnKL: 0.000e+00 (0.000e+00)  TeacherAttnKL: 0.000e+00 (0.000e+00)  TeacherRel: 0.000e+00 (0.000e+00)  TeacherAttnOut: 0.000e+00 (0.000e+00)  TeacherFeatOut: 0.000e+00 (0.000e+00)  ActScaleAnchor: 0.000e+00 (0.000e+00)  VarTrust: 0.000e+00 (0.000e+00)  DirAnchor: 0.000e+00 (0.000e+00)  BinReg: 0.000e+00 (0.000e+00)  SelBinAnchor: 0.000e+00 (0.000e+00)  ActBinMargin: 0.000e+00 (0.000e+00)  Time: 0.242s, 2119.69/s  (0.233s, 2199.68/s)  LR: 7.862e-06  RefW: 0.000e+00  AnchorRefW: 0.000e+00  Data: 0.005 (0.007)
Train: 19 [ 600/2502 ( 24%)]  Loss: 51.355511 (51.4141)  BaseLoss: 51.355511 (51.4141)  RefAttnKL: 0.000e+00 (0.000e+00)  RefLogitKL: 0.000e+00 (0.000e+00)  AnchorRefAttnKL: 0.000e+00 (0.000e+00)  TeacherAttnKL: 0.000e+00 (0.000e+00)  TeacherRel: 0.000e+00 (0.000e+00)  TeacherAttnOut: 0.000e+00 (0.000e+00)  TeacherFeatOut: 0.000e+00 (0.000e+00)  ActScaleAnchor: 0.000e+00 (0.000e+00)  VarTrust: 0.000e+00 (0.000e+00)  DirAnchor: 0.000e+00 (0.000e+00)  BinReg: 0.000e+00 (0.000e+00)  SelBinAnchor: 0.000e+00 (0.000e+00)  ActBinMargin: 0.000e+00 (0.000e+00)  Time: 0.244s, 2101.89/s  (0.233s, 2201.73/s)  LR: 7.852e-06  RefW: 0.000e+00  AnchorRefW: 0.000e+00  Data: 0.005 (0.007)
Train: 19 [ 650/2502 ( 26%)]  Loss: 51.422203 (51.4147)  BaseLoss: 51.422203 (51.4147)  RefAttnKL: 0.000e+00 (0.000e+00)  RefLogitKL: 0.000e+00 (0.000e+00)  AnchorRefAttnKL: 0.000e+00 (0.000e+00)  TeacherAttnKL: 0.000e+00 (0.000e+00)  TeacherRel: 0.000e+00 (0.000e+00)  TeacherAttnOut: 0.000e+00 (0.000e+00)  TeacherFeatOut: 0.000e+00 (0.000e+00)  ActScaleAnchor: 0.000e+00 (0.000e+00)  VarTrust: 0.000e+00 (0.000e+00)  DirAnchor: 0.000e+00 (0.000e+00)  BinReg: 0.000e+00 (0.000e+00)  SelBinAnchor: 0.000e+00 (0.000e+00)  ActBinMargin: 0.000e+00 (0.000e+00)  Time: 0.242s, 2116.77/s  (0.232s, 2202.90/s)  LR: 7.843e-06  RefW: 0.000e+00  AnchorRefW: 0.000e+00  Data: 0.006 (0.007)
Train: 19 [ 700/2502 ( 28%)]  Loss: 51.355442 (51.4107)  BaseLoss: 51.355442 (51.4107)  RefAttnKL: 0.000e+00 (0.000e+00)  RefLogitKL: 0.000e+00 (0.000e+00)  AnchorRefAttnKL: 0.000e+00 (0.000e+00)  TeacherAttnKL: 0.000e+00 (0.000e+00)  TeacherRel: 0.000e+00 (0.000e+00)  TeacherAttnOut: 0.000e+00 (0.000e+00)  TeacherFeatOut: 0.000e+00 (0.000e+00)  ActScaleAnchor: 0.000e+00 (0.000e+00)  VarTrust: 0.000e+00 (0.000e+00)  DirAnchor: 0.000e+00 (0.000e+00)  BinReg: 0.000e+00 (0.000e+00)  SelBinAnchor: 0.000e+00 (0.000e+00)  ActBinMargin: 0.000e+00 (0.000e+00)  Time: 0.247s, 2076.67/s  (0.232s, 2203.70/s)  LR: 7.833e-06  RefW: 0.000e+00  AnchorRefW: 0.000e+00  Data: 0.006 (0.007)
Train: 19 [ 750/2502 ( 30%)]  Loss: 51.357685 (51.4074)  BaseLoss: 51.357685 (51.4074)  RefAttnKL: 0.000e+00 (0.000e+00)  RefLogitKL: 0.000e+00 (0.000e+00)  AnchorRefAttnKL: 0.000e+00 (0.000e+00)  TeacherAttnKL: 0.000e+00 (0.000e+00)  TeacherRel: 0.000e+00 (0.000e+00)  TeacherAttnOut: 0.000e+00 (0.000e+00)  TeacherFeatOut: 0.000e+00 (0.000e+00)  ActScaleAnchor: 0.000e+00 (0.000e+00)  VarTrust: 0.000e+00 (0.000e+00)  DirAnchor: 0.000e+00 (0.000e+00)  BinReg: 0.000e+00 (0.000e+00)  SelBinAnchor: 0.000e+00 (0.000e+00)  ActBinMargin: 0.000e+00 (0.000e+00)  Time: 0.246s, 2083.63/s  (0.232s, 2204.49/s)  LR: 7.824e-06  RefW: 0.000e+00  AnchorRefW: 0.000e+00  Data: 0.006 (0.007)
Train: 19 [ 800/2502 ( 32%)]  Loss: 51.403717 (51.4072)  BaseLoss: 51.403717 (51.4072)  RefAttnKL: 0.000e+00 (0.000e+00)  RefLogitKL: 0.000e+00 (0.000e+00)  AnchorRefAttnKL: 0.000e+00 (0.000e+00)  TeacherAttnKL: 0.000e+00 (0.000e+00)  TeacherRel: 0.000e+00 (0.000e+00)  TeacherAttnOut: 0.000e+00 (0.000e+00)  TeacherFeatOut: 0.000e+00 (0.000e+00)  ActScaleAnchor: 0.000e+00 (0.000e+00)  VarTrust: 0.000e+00 (0.000e+00)  DirAnchor: 0.000e+00 (0.000e+00)  BinReg: 0.000e+00 (0.000e+00)  SelBinAnchor: 0.000e+00 (0.000e+00)  ActBinMargin: 0.000e+00 (0.000e+00)  Time: 0.243s, 2105.49/s  (0.232s, 2206.01/s)  LR: 7.814e-06  RefW: 0.000e+00  AnchorRefW: 0.000e+00  Data: 0.007 (0.007)
Train: 19 [ 850/2502 ( 34%)]  Loss: 51.368652 (51.4050)  BaseLoss: 51.368652 (51.4050)  RefAttnKL: 0.000e+00 (0.000e+00)  RefLogitKL: 0.000e+00 (0.000e+00)  AnchorRefAttnKL: 0.000e+00 (0.000e+00)  TeacherAttnKL: 0.000e+00 (0.000e+00)  TeacherRel: 0.000e+00 (0.000e+00)  TeacherAttnOut: 0.000e+00 (0.000e+00)  TeacherFeatOut: 0.000e+00 (0.000e+00)  ActScaleAnchor: 0.000e+00 (0.000e+00)  VarTrust: 0.000e+00 (0.000e+00)  DirAnchor: 0.000e+00 (0.000e+00)  BinReg: 0.000e+00 (0.000e+00)  SelBinAnchor: 0.000e+00 (0.000e+00)  ActBinMargin: 0.000e+00 (0.000e+00)  Time: 0.245s, 2093.03/s  (0.232s, 2207.14/s)  LR: 7.805e-06  RefW: 0.000e+00  AnchorRefW: 0.000e+00  Data: 0.006 (0.006)
Train: 19 [ 900/2502 ( 36%)]  Loss: 51.375904 (51.4035)  BaseLoss: 51.375904 (51.4035)  RefAttnKL: 0.000e+00 (0.000e+00)  RefLogitKL: 0.000e+00 (0.000e+00)  AnchorRefAttnKL: 0.000e+00 (0.000e+00)  TeacherAttnKL: 0.000e+00 (0.000e+00)  TeacherRel: 0.000e+00 (0.000e+00)  TeacherAttnOut: 0.000e+00 (0.000e+00)  TeacherFeatOut: 0.000e+00 (0.000e+00)  ActScaleAnchor: 0.000e+00 (0.000e+00)  VarTrust: 0.000e+00 (0.000e+00)  DirAnchor: 0.000e+00 (0.000e+00)  BinReg: 0.000e+00 (0.000e+00)  SelBinAnchor: 0.000e+00 (0.000e+00)  ActBinMargin: 0.000e+00 (0.000e+00)  Time: 0.243s, 2104.68/s  (0.232s, 2207.84/s)  LR: 7.796e-06  RefW: 0.000e+00  AnchorRefW: 0.000e+00  Data: 0.006 (0.006)
Train: 19 [ 950/2502 ( 38%)]  Loss: 51.375549 (51.4021)  BaseLoss: 51.375549 (51.4021)  RefAttnKL: 0.000e+00 (0.000e+00)  RefLogitKL: 0.000e+00 (0.000e+00)  AnchorRefAttnKL: 0.000e+00 (0.000e+00)  TeacherAttnKL: 0.000e+00 (0.000e+00)  TeacherRel: 0.000e+00 (0.000e+00)  TeacherAttnOut: 0.000e+00 (0.000e+00)  TeacherFeatOut: 0.000e+00 (0.000e+00)  ActScaleAnchor: 0.000e+00 (0.000e+00)  VarTrust: 0.000e+00 (0.000e+00)  DirAnchor: 0.000e+00 (0.000e+00)  BinReg: 0.000e+00 (0.000e+00)  SelBinAnchor: 0.000e+00 (0.000e+00)  ActBinMargin: 0.000e+00 (0.000e+00)  Time: 0.243s, 2108.68/s  (0.232s, 2208.61/s)  LR: 7.786e-06  RefW: 0.000e+00  AnchorRefW: 0.000e+00  Data: 0.005 (0.006)
Train: 19 [1000/2502 ( 40%)]  Loss: 51.411865 (51.4026)  BaseLoss: 51.411865 (51.4026)  RefAttnKL: 0.000e+00 (0.000e+00)  RefLogitKL: 0.000e+00 (0.000e+00)  AnchorRefAttnKL: 0.000e+00 (0.000e+00)  TeacherAttnKL: 0.000e+00 (0.000e+00)  TeacherRel: 0.000e+00 (0.000e+00)  TeacherAttnOut: 0.000e+00 (0.000e+00)  TeacherFeatOut: 0.000e+00 (0.000e+00)  ActScaleAnchor: 0.000e+00 (0.000e+00)  VarTrust: 0.000e+00 (0.000e+00)  DirAnchor: 0.000e+00 (0.000e+00)  BinReg: 0.000e+00 (0.000e+00)  SelBinAnchor: 0.000e+00 (0.000e+00)  ActBinMargin: 0.000e+00 (0.000e+00)  Time: 0.242s, 2114.75/s  (0.232s, 2209.04/s)  LR: 7.777e-06  RefW: 0.000e+00  AnchorRefW: 0.000e+00  Data: 0.006 (0.006)
Train: 19 [1050/2502 ( 42%)]  Loss: 51.399940 (51.4025)  BaseLoss: 51.399940 (51.4025)  RefAttnKL: 0.000e+00 (0.000e+00)  RefLogitKL: 0.000e+00 (0.000e+00)  AnchorRefAttnKL: 0.000e+00 (0.000e+00)  TeacherAttnKL: 0.000e+00 (0.000e+00)  TeacherRel: 0.000e+00 (0.000e+00)  TeacherAttnOut: 0.000e+00 (0.000e+00)  TeacherFeatOut: 0.000e+00 (0.000e+00)  ActScaleAnchor: 0.000e+00 (0.000e+00)  VarTrust: 0.000e+00 (0.000e+00)  DirAnchor: 0.000e+00 (0.000e+00)  BinReg: 0.000e+00 (0.000e+00)  SelBinAnchor: 0.000e+00 (0.000e+00)  ActBinMargin: 0.000e+00 (0.000e+00)  Time: 0.241s, 2120.97/s  (0.232s, 2209.77/s)  LR: 7.767e-06  RefW: 0.000e+00  AnchorRefW: 0.000e+00  Data: 0.005 (0.006)
Train: 19 [1100/2502 ( 44%)]  Loss: 51.342705 (51.3999)  BaseLoss: 51.342705 (51.3999)  RefAttnKL: 0.000e+00 (0.000e+00)  RefLogitKL: 0.000e+00 (0.000e+00)  AnchorRefAttnKL: 0.000e+00 (0.000e+00)  TeacherAttnKL: 0.000e+00 (0.000e+00)  TeacherRel: 0.000e+00 (0.000e+00)  TeacherAttnOut: 0.000e+00 (0.000e+00)  TeacherFeatOut: 0.000e+00 (0.000e+00)  ActScaleAnchor: 0.000e+00 (0.000e+00)  VarTrust: 0.000e+00 (0.000e+00)  DirAnchor: 0.000e+00 (0.000e+00)  BinReg: 0.000e+00 (0.000e+00)  SelBinAnchor: 0.000e+00 (0.000e+00)  ActBinMargin: 0.000e+00 (0.000e+00)  Time: 0.243s, 2104.31/s  (0.232s, 2210.11/s)  LR: 7.758e-06  RefW: 0.000e+00  AnchorRefW: 0.000e+00  Data: 0.006 (0.006)
Train: 19 [1150/2502 ( 46%)]  Loss: 51.382961 (51.3992)  BaseLoss: 51.382961 (51.3992)  RefAttnKL: 0.000e+00 (0.000e+00)  RefLogitKL: 0.000e+00 (0.000e+00)  AnchorRefAttnKL: 0.000e+00 (0.000e+00)  TeacherAttnKL: 0.000e+00 (0.000e+00)  TeacherRel: 0.000e+00 (0.000e+00)  TeacherAttnOut: 0.000e+00 (0.000e+00)  TeacherFeatOut: 0.000e+00 (0.000e+00)  ActScaleAnchor: 0.000e+00 (0.000e+00)  VarTrust: 0.000e+00 (0.000e+00)  DirAnchor: 0.000e+00 (0.000e+00)  BinReg: 0.000e+00 (0.000e+00)  SelBinAnchor: 0.000e+00 (0.000e+00)  ActBinMargin: 0.000e+00 (0.000e+00)  Time: 0.241s, 2124.90/s  (0.232s, 2210.56/s)  LR: 7.749e-06  RefW: 0.000e+00  AnchorRefW: 0.000e+00  Data: 0.005 (0.006)
Train: 19 [1200/2502 ( 48%)]  Loss: 51.383286 (51.3985)  BaseLoss: 51.383286 (51.3985)  RefAttnKL: 0.000e+00 (0.000e+00)  RefLogitKL: 0.000e+00 (0.000e+00)  AnchorRefAttnKL: 0.000e+00 (0.000e+00)  TeacherAttnKL: 0.000e+00 (0.000e+00)  TeacherRel: 0.000e+00 (0.000e+00)  TeacherAttnOut: 0.000e+00 (0.000e+00)  TeacherFeatOut: 0.000e+00 (0.000e+00)  ActScaleAnchor: 0.000e+00 (0.000e+00)  VarTrust: 0.000e+00 (0.000e+00)  DirAnchor: 0.000e+00 (0.000e+00)  BinReg: 0.000e+00 (0.000e+00)  SelBinAnchor: 0.000e+00 (0.000e+00)  ActBinMargin: 0.000e+00 (0.000e+00)  Time: 0.242s, 2112.16/s  (0.232s, 2211.09/s)  LR: 7.739e-06  RefW: 0.000e+00  AnchorRefW: 0.000e+00  Data: 0.006 (0.006)
Train: 19 [1250/2502 ( 50%)]  Loss: 51.406872 (51.3988)  BaseLoss: 51.406872 (51.3988)  RefAttnKL: 0.000e+00 (0.000e+00)  RefLogitKL: 0.000e+00 (0.000e+00)  AnchorRefAttnKL: 0.000e+00 (0.000e+00)  TeacherAttnKL: 0.000e+00 (0.000e+00)  TeacherRel: 0.000e+00 (0.000e+00)  TeacherAttnOut: 0.000e+00 (0.000e+00)  TeacherFeatOut: 0.000e+00 (0.000e+00)  ActScaleAnchor: 0.000e+00 (0.000e+00)  VarTrust: 0.000e+00 (0.000e+00)  DirAnchor: 0.000e+00 (0.000e+00)  BinReg: 0.000e+00 (0.000e+00)  SelBinAnchor: 0.000e+00 (0.000e+00)  ActBinMargin: 0.000e+00 (0.000e+00)  Time: 0.243s, 2108.15/s  (0.232s, 2211.28/s)  LR: 7.730e-06  RefW: 0.000e+00  AnchorRefW: 0.000e+00  Data: 0.005 (0.006)
Train: 19 [1300/2502 ( 52%)]  Loss: 51.408688 (51.3992)  BaseLoss: 51.408688 (51.3992)  RefAttnKL: 0.000e+00 (0.000e+00)  RefLogitKL: 0.000e+00 (0.000e+00)  AnchorRefAttnKL: 0.000e+00 (0.000e+00)  TeacherAttnKL: 0.000e+00 (0.000e+00)  TeacherRel: 0.000e+00 (0.000e+00)  TeacherAttnOut: 0.000e+00 (0.000e+00)  TeacherFeatOut: 0.000e+00 (0.000e+00)  ActScaleAnchor: 0.000e+00 (0.000e+00)  VarTrust: 0.000e+00 (0.000e+00)  DirAnchor: 0.000e+00 (0.000e+00)  BinReg: 0.000e+00 (0.000e+00)  SelBinAnchor: 0.000e+00 (0.000e+00)  ActBinMargin: 0.000e+00 (0.000e+00)  Time: 0.244s, 2098.30/s  (0.232s, 2211.11/s)  LR: 7.721e-06  RefW: 0.000e+00  AnchorRefW: 0.000e+00  Data: 0.006 (0.006)
Train: 19 [1350/2502 ( 54%)]  Loss: 51.399803 (51.3992)  BaseLoss: 51.399803 (51.3992)  RefAttnKL: 0.000e+00 (0.000e+00)  RefLogitKL: 0.000e+00 (0.000e+00)  AnchorRefAttnKL: 0.000e+00 (0.000e+00)  TeacherAttnKL: 0.000e+00 (0.000e+00)  TeacherRel: 0.000e+00 (0.000e+00)  TeacherAttnOut: 0.000e+00 (0.000e+00)  TeacherFeatOut: 0.000e+00 (0.000e+00)  ActScaleAnchor: 0.000e+00 (0.000e+00)  VarTrust: 0.000e+00 (0.000e+00)  DirAnchor: 0.000e+00 (0.000e+00)  BinReg: 0.000e+00 (0.000e+00)  SelBinAnchor: 0.000e+00 (0.000e+00)  ActBinMargin: 0.000e+00 (0.000e+00)  Time: 0.243s, 2110.95/s  (0.232s, 2211.58/s)  LR: 7.711e-06  RefW: 0.000e+00  AnchorRefW: 0.000e+00  Data: 0.006 (0.006)
Train: 19 [1400/2502 ( 56%)]  Loss: 51.412483 (51.3997)  BaseLoss: 51.412483 (51.3997)  RefAttnKL: 0.000e+00 (0.000e+00)  RefLogitKL: 0.000e+00 (0.000e+00)  AnchorRefAttnKL: 0.000e+00 (0.000e+00)  TeacherAttnKL: 0.000e+00 (0.000e+00)  TeacherRel: 0.000e+00 (0.000e+00)  TeacherAttnOut: 0.000e+00 (0.000e+00)  TeacherFeatOut: 0.000e+00 (0.000e+00)  ActScaleAnchor: 0.000e+00 (0.000e+00)  VarTrust: 0.000e+00 (0.000e+00)  DirAnchor: 0.000e+00 (0.000e+00)  BinReg: 0.000e+00 (0.000e+00)  SelBinAnchor: 0.000e+00 (0.000e+00)  ActBinMargin: 0.000e+00 (0.000e+00)  Time: 0.248s, 2063.77/s  (0.232s, 2211.66/s)  LR: 7.702e-06  RefW: 0.000e+00  AnchorRefW: 0.000e+00  Data: 0.006 (0.006)
Train: 19 [1450/2502 ( 58%)]  Loss: 51.439884 (51.4010)  BaseLoss: 51.439884 (51.4010)  RefAttnKL: 0.000e+00 (0.000e+00)  RefLogitKL: 0.000e+00 (0.000e+00)  AnchorRefAttnKL: 0.000e+00 (0.000e+00)  TeacherAttnKL: 0.000e+00 (0.000e+00)  TeacherRel: 0.000e+00 (0.000e+00)  TeacherAttnOut: 0.000e+00 (0.000e+00)  TeacherFeatOut: 0.000e+00 (0.000e+00)  ActScaleAnchor: 0.000e+00 (0.000e+00)  VarTrust: 0.000e+00 (0.000e+00)  DirAnchor: 0.000e+00 (0.000e+00)  BinReg: 0.000e+00 (0.000e+00)  SelBinAnchor: 0.000e+00 (0.000e+00)  ActBinMargin: 0.000e+00 (0.000e+00)  Time: 0.229s, 2232.80/s  (0.231s, 2211.76/s)  LR: 7.693e-06  RefW: 0.000e+00  AnchorRefW: 0.000e+00  Data: 0.005 (0.006)
Train: 19 [1500/2502 ( 60%)]  Loss: 51.438049 (51.4022)  BaseLoss: 51.438049 (51.4022)  RefAttnKL: 0.000e+00 (0.000e+00)  RefLogitKL: 0.000e+00 (0.000e+00)  AnchorRefAttnKL: 0.000e+00 (0.000e+00)  TeacherAttnKL: 0.000e+00 (0.000e+00)  TeacherRel: 0.000e+00 (0.000e+00)  TeacherAttnOut: 0.000e+00 (0.000e+00)  TeacherFeatOut: 0.000e+00 (0.000e+00)  ActScaleAnchor: 0.000e+00 (0.000e+00)  VarTrust: 0.000e+00 (0.000e+00)  DirAnchor: 0.000e+00 (0.000e+00)  BinReg: 0.000e+00 (0.000e+00)  SelBinAnchor: 0.000e+00 (0.000e+00)  ActBinMargin: 0.000e+00 (0.000e+00)  Time: 0.243s, 2109.93/s  (0.231s, 2211.99/s)  LR: 7.684e-06  RefW: 0.000e+00  AnchorRefW: 0.000e+00  Data: 0.006 (0.006)
Train: 19 [1550/2502 ( 62%)]  Loss: 51.406200 (51.4023)  BaseLoss: 51.406200 (51.4023)  RefAttnKL: 0.000e+00 (0.000e+00)  RefLogitKL: 0.000e+00 (0.000e+00)  AnchorRefAttnKL: 0.000e+00 (0.000e+00)  TeacherAttnKL: 0.000e+00 (0.000e+00)  TeacherRel: 0.000e+00 (0.000e+00)  TeacherAttnOut: 0.000e+00 (0.000e+00)  TeacherFeatOut: 0.000e+00 (0.000e+00)  ActScaleAnchor: 0.000e+00 (0.000e+00)  VarTrust: 0.000e+00 (0.000e+00)  DirAnchor: 0.000e+00 (0.000e+00)  BinReg: 0.000e+00 (0.000e+00)  SelBinAnchor: 0.000e+00 (0.000e+00)  ActBinMargin: 0.000e+00 (0.000e+00)  Time: 0.243s, 2103.89/s  (0.231s, 2212.15/s)  LR: 7.674e-06  RefW: 0.000e+00  AnchorRefW: 0.000e+00  Data: 0.006 (0.006)
Train: 19 [1600/2502 ( 64%)]  Loss: 51.377148 (51.4016)  BaseLoss: 51.377148 (51.4016)  RefAttnKL: 0.000e+00 (0.000e+00)  RefLogitKL: 0.000e+00 (0.000e+00)  AnchorRefAttnKL: 0.000e+00 (0.000e+00)  TeacherAttnKL: 0.000e+00 (0.000e+00)  TeacherRel: 0.000e+00 (0.000e+00)  TeacherAttnOut: 0.000e+00 (0.000e+00)  TeacherFeatOut: 0.000e+00 (0.000e+00)  ActScaleAnchor: 0.000e+00 (0.000e+00)  VarTrust: 0.000e+00 (0.000e+00)  DirAnchor: 0.000e+00 (0.000e+00)  BinReg: 0.000e+00 (0.000e+00)  SelBinAnchor: 0.000e+00 (0.000e+00)  ActBinMargin: 0.000e+00 (0.000e+00)  Time: 0.242s, 2118.41/s  (0.231s, 2212.45/s)  LR: 7.665e-06  RefW: 0.000e+00  AnchorRefW: 0.000e+00  Data: 0.006 (0.006)
Train: 19 [1650/2502 ( 66%)]  Loss: 51.441124 (51.4027)  BaseLoss: 51.441124 (51.4027)  RefAttnKL: 0.000e+00 (0.000e+00)  RefLogitKL: 0.000e+00 (0.000e+00)  AnchorRefAttnKL: 0.000e+00 (0.000e+00)  TeacherAttnKL: 0.000e+00 (0.000e+00)  TeacherRel: 0.000e+00 (0.000e+00)  TeacherAttnOut: 0.000e+00 (0.000e+00)  TeacherFeatOut: 0.000e+00 (0.000e+00)  ActScaleAnchor: 0.000e+00 (0.000e+00)  VarTrust: 0.000e+00 (0.000e+00)  DirAnchor: 0.000e+00 (0.000e+00)  BinReg: 0.000e+00 (0.000e+00)  SelBinAnchor: 0.000e+00 (0.000e+00)  ActBinMargin: 0.000e+00 (0.000e+00)  Time: 0.243s, 2107.80/s  (0.231s, 2212.42/s)  LR: 7.656e-06  RefW: 0.000e+00  AnchorRefW: 0.000e+00  Data: 0.006 (0.006)
Train: 19 [1700/2502 ( 68%)]  Loss: 51.398468 (51.4026)  BaseLoss: 51.398468 (51.4026)  RefAttnKL: 0.000e+00 (0.000e+00)  RefLogitKL: 0.000e+00 (0.000e+00)  AnchorRefAttnKL: 0.000e+00 (0.000e+00)  TeacherAttnKL: 0.000e+00 (0.000e+00)  TeacherRel: 0.000e+00 (0.000e+00)  TeacherAttnOut: 0.000e+00 (0.000e+00)  TeacherFeatOut: 0.000e+00 (0.000e+00)  ActScaleAnchor: 0.000e+00 (0.000e+00)  VarTrust: 0.000e+00 (0.000e+00)  DirAnchor: 0.000e+00 (0.000e+00)  BinReg: 0.000e+00 (0.000e+00)  SelBinAnchor: 0.000e+00 (0.000e+00)  ActBinMargin: 0.000e+00 (0.000e+00)  Time: 0.243s, 2107.41/s  (0.231s, 2212.41/s)  LR: 7.647e-06  RefW: 0.000e+00  AnchorRefW: 0.000e+00  Data: 0.006 (0.006)
Train: 19 [1750/2502 ( 70%)]  Loss: 51.418972 (51.4031)  BaseLoss: 51.418972 (51.4031)  RefAttnKL: 0.000e+00 (0.000e+00)  RefLogitKL: 0.000e+00 (0.000e+00)  AnchorRefAttnKL: 0.000e+00 (0.000e+00)  TeacherAttnKL: 0.000e+00 (0.000e+00)  TeacherRel: 0.000e+00 (0.000e+00)  TeacherAttnOut: 0.000e+00 (0.000e+00)  TeacherFeatOut: 0.000e+00 (0.000e+00)  ActScaleAnchor: 0.000e+00 (0.000e+00)  VarTrust: 0.000e+00 (0.000e+00)  DirAnchor: 0.000e+00 (0.000e+00)  BinReg: 0.000e+00 (0.000e+00)  SelBinAnchor: 0.000e+00 (0.000e+00)  ActBinMargin: 0.000e+00 (0.000e+00)  Time: 0.245s, 2091.90/s  (0.231s, 2212.45/s)  LR: 7.637e-06  RefW: 0.000e+00  AnchorRefW: 0.000e+00  Data: 0.005 (0.006)
Train: 19 [1800/2502 ( 72%)]  Loss: 51.398029 (51.4029)  BaseLoss: 51.398029 (51.4029)  RefAttnKL: 0.000e+00 (0.000e+00)  RefLogitKL: 0.000e+00 (0.000e+00)  AnchorRefAttnKL: 0.000e+00 (0.000e+00)  TeacherAttnKL: 0.000e+00 (0.000e+00)  TeacherRel: 0.000e+00 (0.000e+00)  TeacherAttnOut: 0.000e+00 (0.000e+00)  TeacherFeatOut: 0.000e+00 (0.000e+00)  ActScaleAnchor: 0.000e+00 (0.000e+00)  VarTrust: 0.000e+00 (0.000e+00)  DirAnchor: 0.000e+00 (0.000e+00)  BinReg: 0.000e+00 (0.000e+00)  SelBinAnchor: 0.000e+00 (0.000e+00)  ActBinMargin: 0.000e+00 (0.000e+00)  Time: 0.247s, 2073.21/s  (0.231s, 2212.61/s)  LR: 7.628e-06  RefW: 0.000e+00  AnchorRefW: 0.000e+00  Data: 0.006 (0.006)
Train: 19 [1850/2502 ( 74%)]  Loss: 51.387691 (51.4025)  BaseLoss: 51.387691 (51.4025)  RefAttnKL: 0.000e+00 (0.000e+00)  RefLogitKL: 0.000e+00 (0.000e+00)  AnchorRefAttnKL: 0.000e+00 (0.000e+00)  TeacherAttnKL: 0.000e+00 (0.000e+00)  TeacherRel: 0.000e+00 (0.000e+00)  TeacherAttnOut: 0.000e+00 (0.000e+00)  TeacherFeatOut: 0.000e+00 (0.000e+00)  ActScaleAnchor: 0.000e+00 (0.000e+00)  VarTrust: 0.000e+00 (0.000e+00)  DirAnchor: 0.000e+00 (0.000e+00)  BinReg: 0.000e+00 (0.000e+00)  SelBinAnchor: 0.000e+00 (0.000e+00)  ActBinMargin: 0.000e+00 (0.000e+00)  Time: 0.242s, 2116.42/s  (0.231s, 2212.32/s)  LR: 7.619e-06  RefW: 0.000e+00  AnchorRefW: 0.000e+00  Data: 0.005 (0.006)
Train: 19 [1900/2502 ( 76%)]  Loss: 51.420803 (51.4030)  BaseLoss: 51.420803 (51.4030)  RefAttnKL: 0.000e+00 (0.000e+00)  RefLogitKL: 0.000e+00 (0.000e+00)  AnchorRefAttnKL: 0.000e+00 (0.000e+00)  TeacherAttnKL: 0.000e+00 (0.000e+00)  TeacherRel: 0.000e+00 (0.000e+00)  TeacherAttnOut: 0.000e+00 (0.000e+00)  TeacherFeatOut: 0.000e+00 (0.000e+00)  ActScaleAnchor: 0.000e+00 (0.000e+00)  VarTrust: 0.000e+00 (0.000e+00)  DirAnchor: 0.000e+00 (0.000e+00)  BinReg: 0.000e+00 (0.000e+00)  SelBinAnchor: 0.000e+00 (0.000e+00)  ActBinMargin: 0.000e+00 (0.000e+00)  Time: 0.245s, 2088.78/s  (0.231s, 2212.34/s)  LR: 7.610e-06  RefW: 0.000e+00  AnchorRefW: 0.000e+00  Data: 0.007 (0.006)
Train: 19 [1950/2502 ( 78%)]  Loss: 51.424263 (51.4035)  BaseLoss: 51.424263 (51.4035)  RefAttnKL: 0.000e+00 (0.000e+00)  RefLogitKL: 0.000e+00 (0.000e+00)  AnchorRefAttnKL: 0.000e+00 (0.000e+00)  TeacherAttnKL: 0.000e+00 (0.000e+00)  TeacherRel: 0.000e+00 (0.000e+00)  TeacherAttnOut: 0.000e+00 (0.000e+00)  TeacherFeatOut: 0.000e+00 (0.000e+00)  ActScaleAnchor: 0.000e+00 (0.000e+00)  VarTrust: 0.000e+00 (0.000e+00)  DirAnchor: 0.000e+00 (0.000e+00)  BinReg: 0.000e+00 (0.000e+00)  SelBinAnchor: 0.000e+00 (0.000e+00)  ActBinMargin: 0.000e+00 (0.000e+00)  Time: 0.245s, 2091.75/s  (0.231s, 2212.34/s)  LR: 7.601e-06  RefW: 0.000e+00  AnchorRefW: 0.000e+00  Data: 0.005 (0.006)
Train: 19 [2000/2502 ( 80%)]  Loss: 51.407108 (51.4036)  BaseLoss: 51.407108 (51.4036)  RefAttnKL: 0.000e+00 (0.000e+00)  RefLogitKL: 0.000e+00 (0.000e+00)  AnchorRefAttnKL: 0.000e+00 (0.000e+00)  TeacherAttnKL: 0.000e+00 (0.000e+00)  TeacherRel: 0.000e+00 (0.000e+00)  TeacherAttnOut: 0.000e+00 (0.000e+00)  TeacherFeatOut: 0.000e+00 (0.000e+00)  ActScaleAnchor: 0.000e+00 (0.000e+00)  VarTrust: 0.000e+00 (0.000e+00)  DirAnchor: 0.000e+00 (0.000e+00)  BinReg: 0.000e+00 (0.000e+00)  SelBinAnchor: 0.000e+00 (0.000e+00)  ActBinMargin: 0.000e+00 (0.000e+00)  Time: 0.249s, 2059.95/s  (0.231s, 2212.55/s)  LR: 7.591e-06  RefW: 0.000e+00  AnchorRefW: 0.000e+00  Data: 0.006 (0.006)
Train: 19 [2050/2502 ( 82%)]  Loss: 51.369297 (51.4028)  BaseLoss: 51.369297 (51.4028)  RefAttnKL: 0.000e+00 (0.000e+00)  RefLogitKL: 0.000e+00 (0.000e+00)  AnchorRefAttnKL: 0.000e+00 (0.000e+00)  TeacherAttnKL: 0.000e+00 (0.000e+00)  TeacherRel: 0.000e+00 (0.000e+00)  TeacherAttnOut: 0.000e+00 (0.000e+00)  TeacherFeatOut: 0.000e+00 (0.000e+00)  ActScaleAnchor: 0.000e+00 (0.000e+00)  VarTrust: 0.000e+00 (0.000e+00)  DirAnchor: 0.000e+00 (0.000e+00)  BinReg: 0.000e+00 (0.000e+00)  SelBinAnchor: 0.000e+00 (0.000e+00)  ActBinMargin: 0.000e+00 (0.000e+00)  Time: 0.246s, 2081.32/s  (0.231s, 2212.77/s)  LR: 7.582e-06  RefW: 0.000e+00  AnchorRefW: 0.000e+00  Data: 0.006 (0.006)
Train: 19 [2100/2502 ( 84%)]  Loss: 51.393829 (51.4026)  BaseLoss: 51.393829 (51.4026)  RefAttnKL: 0.000e+00 (0.000e+00)  RefLogitKL: 0.000e+00 (0.000e+00)  AnchorRefAttnKL: 0.000e+00 (0.000e+00)  TeacherAttnKL: 0.000e+00 (0.000e+00)  TeacherRel: 0.000e+00 (0.000e+00)  TeacherAttnOut: 0.000e+00 (0.000e+00)  TeacherFeatOut: 0.000e+00 (0.000e+00)  ActScaleAnchor: 0.000e+00 (0.000e+00)  VarTrust: 0.000e+00 (0.000e+00)  DirAnchor: 0.000e+00 (0.000e+00)  BinReg: 0.000e+00 (0.000e+00)  SelBinAnchor: 0.000e+00 (0.000e+00)  ActBinMargin: 0.000e+00 (0.000e+00)  Time: 0.244s, 2101.74/s  (0.231s, 2212.88/s)  LR: 7.573e-06  RefW: 0.000e+00  AnchorRefW: 0.000e+00  Data: 0.006 (0.006)
Train: 19 [2150/2502 ( 86%)]  Loss: 51.402111 (51.4026)  BaseLoss: 51.402111 (51.4026)  RefAttnKL: 0.000e+00 (0.000e+00)  RefLogitKL: 0.000e+00 (0.000e+00)  AnchorRefAttnKL: 0.000e+00 (0.000e+00)  TeacherAttnKL: 0.000e+00 (0.000e+00)  TeacherRel: 0.000e+00 (0.000e+00)  TeacherAttnOut: 0.000e+00 (0.000e+00)  TeacherFeatOut: 0.000e+00 (0.000e+00)  ActScaleAnchor: 0.000e+00 (0.000e+00)  VarTrust: 0.000e+00 (0.000e+00)  DirAnchor: 0.000e+00 (0.000e+00)  BinReg: 0.000e+00 (0.000e+00)  SelBinAnchor: 0.000e+00 (0.000e+00)  ActBinMargin: 0.000e+00 (0.000e+00)  Time: 0.244s, 2100.07/s  (0.231s, 2212.94/s)  LR: 7.564e-06  RefW: 0.000e+00  AnchorRefW: 0.000e+00  Data: 0.006 (0.006)
Train: 19 [2200/2502 ( 88%)]  Loss: 51.388603 (51.4023)  BaseLoss: 51.388603 (51.4023)  RefAttnKL: 0.000e+00 (0.000e+00)  RefLogitKL: 0.000e+00 (0.000e+00)  AnchorRefAttnKL: 0.000e+00 (0.000e+00)  TeacherAttnKL: 0.000e+00 (0.000e+00)  TeacherRel: 0.000e+00 (0.000e+00)  TeacherAttnOut: 0.000e+00 (0.000e+00)  TeacherFeatOut: 0.000e+00 (0.000e+00)  ActScaleAnchor: 0.000e+00 (0.000e+00)  VarTrust: 0.000e+00 (0.000e+00)  DirAnchor: 0.000e+00 (0.000e+00)  BinReg: 0.000e+00 (0.000e+00)  SelBinAnchor: 0.000e+00 (0.000e+00)  ActBinMargin: 0.000e+00 (0.000e+00)  Time: 0.244s, 2101.11/s  (0.231s, 2212.87/s)  LR: 7.555e-06  RefW: 0.000e+00  AnchorRefW: 0.000e+00  Data: 0.005 (0.006)
Train: 19 [2250/2502 ( 90%)]  Loss: 51.390064 (51.4020)  BaseLoss: 51.390064 (51.4020)  RefAttnKL: 0.000e+00 (0.000e+00)  RefLogitKL: 0.000e+00 (0.000e+00)  AnchorRefAttnKL: 0.000e+00 (0.000e+00)  TeacherAttnKL: 0.000e+00 (0.000e+00)  TeacherRel: 0.000e+00 (0.000e+00)  TeacherAttnOut: 0.000e+00 (0.000e+00)  TeacherFeatOut: 0.000e+00 (0.000e+00)  ActScaleAnchor: 0.000e+00 (0.000e+00)  VarTrust: 0.000e+00 (0.000e+00)  DirAnchor: 0.000e+00 (0.000e+00)  BinReg: 0.000e+00 (0.000e+00)  SelBinAnchor: 0.000e+00 (0.000e+00)  ActBinMargin: 0.000e+00 (0.000e+00)  Time: 0.244s, 2100.99/s  (0.231s, 2212.86/s)  LR: 7.546e-06  RefW: 0.000e+00  AnchorRefW: 0.000e+00  Data: 0.006 (0.006)
Train: 19 [2300/2502 ( 92%)]  Loss: 51.436256 (51.4027)  BaseLoss: 51.436256 (51.4027)  RefAttnKL: 0.000e+00 (0.000e+00)  RefLogitKL: 0.000e+00 (0.000e+00)  AnchorRefAttnKL: 0.000e+00 (0.000e+00)  TeacherAttnKL: 0.000e+00 (0.000e+00)  TeacherRel: 0.000e+00 (0.000e+00)  TeacherAttnOut: 0.000e+00 (0.000e+00)  TeacherFeatOut: 0.000e+00 (0.000e+00)  ActScaleAnchor: 0.000e+00 (0.000e+00)  VarTrust: 0.000e+00 (0.000e+00)  DirAnchor: 0.000e+00 (0.000e+00)  BinReg: 0.000e+00 (0.000e+00)  SelBinAnchor: 0.000e+00 (0.000e+00)  ActBinMargin: 0.000e+00 (0.000e+00)  Time: 0.253s, 2021.61/s  (0.231s, 2212.86/s)  LR: 7.537e-06  RefW: 0.000e+00  AnchorRefW: 0.000e+00  Data: 0.006 (0.006)
Train: 19 [2350/2502 ( 94%)]  Loss: 51.428345 (51.4033)  BaseLoss: 51.428345 (51.4033)  RefAttnKL: 0.000e+00 (0.000e+00)  RefLogitKL: 0.000e+00 (0.000e+00)  AnchorRefAttnKL: 0.000e+00 (0.000e+00)  TeacherAttnKL: 0.000e+00 (0.000e+00)  TeacherRel: 0.000e+00 (0.000e+00)  TeacherAttnOut: 0.000e+00 (0.000e+00)  TeacherFeatOut: 0.000e+00 (0.000e+00)  ActScaleAnchor: 0.000e+00 (0.000e+00)  VarTrust: 0.000e+00 (0.000e+00)  DirAnchor: 0.000e+00 (0.000e+00)  BinReg: 0.000e+00 (0.000e+00)  SelBinAnchor: 0.000e+00 (0.000e+00)  ActBinMargin: 0.000e+00 (0.000e+00)  Time: 0.243s, 2104.36/s  (0.231s, 2213.04/s)  LR: 7.527e-06  RefW: 0.000e+00  AnchorRefW: 0.000e+00  Data: 0.005 (0.006)
Train: 19 [2400/2502 ( 96%)]  Loss: 51.388454 (51.4030)  BaseLoss: 51.388454 (51.4030)  RefAttnKL: 0.000e+00 (0.000e+00)  RefLogitKL: 0.000e+00 (0.000e+00)  AnchorRefAttnKL: 0.000e+00 (0.000e+00)  TeacherAttnKL: 0.000e+00 (0.000e+00)  TeacherRel: 0.000e+00 (0.000e+00)  TeacherAttnOut: 0.000e+00 (0.000e+00)  TeacherFeatOut: 0.000e+00 (0.000e+00)  ActScaleAnchor: 0.000e+00 (0.000e+00)  VarTrust: 0.000e+00 (0.000e+00)  DirAnchor: 0.000e+00 (0.000e+00)  BinReg: 0.000e+00 (0.000e+00)  SelBinAnchor: 0.000e+00 (0.000e+00)  ActBinMargin: 0.000e+00 (0.000e+00)  Time: 0.247s, 2069.74/s  (0.231s, 2212.91/s)  LR: 7.518e-06  RefW: 0.000e+00  AnchorRefW: 0.000e+00  Data: 0.006 (0.006)
Train: 19 [2450/2502 ( 98%)]  Loss: 51.425583 (51.4034)  BaseLoss: 51.425583 (51.4034)  RefAttnKL: 0.000e+00 (0.000e+00)  RefLogitKL: 0.000e+00 (0.000e+00)  AnchorRefAttnKL: 0.000e+00 (0.000e+00)  TeacherAttnKL: 0.000e+00 (0.000e+00)  TeacherRel: 0.000e+00 (0.000e+00)  TeacherAttnOut: 0.000e+00 (0.000e+00)  TeacherFeatOut: 0.000e+00 (0.000e+00)  ActScaleAnchor: 0.000e+00 (0.000e+00)  VarTrust: 0.000e+00 (0.000e+00)  DirAnchor: 0.000e+00 (0.000e+00)  BinReg: 0.000e+00 (0.000e+00)  SelBinAnchor: 0.000e+00 (0.000e+00)  ActBinMargin: 0.000e+00 (0.000e+00)  Time: 0.244s, 2095.59/s  (0.231s, 2213.06/s)  LR: 7.509e-06  RefW: 0.000e+00  AnchorRefW: 0.000e+00  Data: 0.005 (0.006)
TrainSummary: epoch=19 updates=2496 avg_step_time=0.231336s samples_per_step=512 samples_per_sec=2213.23
epoch:  19 g['lr']:  7.501087933778763e-06
model eval
TestLocal: [   0/97]  Time: 0.988 (0.988)  Loss:  0.7636  Acc@1: 82.8125  Acc@5: 93.7500  Samples: 64
TestLocal: [  50/97]  Time: 0.093 (0.110)  Loss:  0.8174  Acc@1: 81.1275  Acc@5: 95.3431  Samples: 3264
TestLocal: [  97/97]  Time: 0.048 (0.101)  Loss:  0.8142  Acc@1: 80.9887  Acc@5: 95.4133  Samples: 6170
TestLocal: [ 100/97]  Time: 0.049 (0.099)  Loss:  0.8145  Acc@1: 80.9823  Acc@5: 95.4106  Samples: 6210
Test: [distributed-summary]  Time: 10.399s  Loss: 0.8372  Acc@1: 80.4100  Acc@5: 95.3220  Samples: 50000
Trainable parameter policy: epoch=20, quant_only=False, policy=all, trainable=28608256, frozen=0
AOQ explore scale ratio update: epoch=20, update=0, active=False, base_ratio=1.0, threshold_ratio=0.0, base_layers=(), selective_margin=0.0, base_quantizers=0, layer_ratios={}, layer_quantizers=0, layer_counts={}, quality_mode=none, quality_layers=(), quality_start_update=0, quality_min_frac=0.0, start_update=0, end_update=0
Trainable parameter update policy: epoch=20, update=0, mode=requires_grad, policy=all, trainable=28608256, frozen=0
Train: 20 [   0/2502 (  0%)]  Loss: 51.424011 (51.4240)  BaseLoss: 51.424011 (51.4240)  RefAttnKL: 0.000e+00 (0.000e+00)  RefLogitKL: 0.000e+00 (0.000e+00)  AnchorRefAttnKL: 0.000e+00 (0.000e+00)  TeacherAttnKL: 0.000e+00 (0.000e+00)  TeacherRel: 0.000e+00 (0.000e+00)  TeacherAttnOut: 0.000e+00 (0.000e+00)  TeacherFeatOut: 0.000e+00 (0.000e+00)  ActScaleAnchor: 0.000e+00 (0.000e+00)  VarTrust: 0.000e+00 (0.000e+00)  DirAnchor: 0.000e+00 (0.000e+00)  BinReg: 0.000e+00 (0.000e+00)  SelBinAnchor: 0.000e+00 (0.000e+00)  ActBinMargin: 0.000e+00 (0.000e+00)  Time: 1.016s,  504.01/s  (1.016s,  504.01/s)  LR: 7.500e-06  RefW: 0.000e+00  AnchorRefW: 0.000e+00  Data: 0.795 (0.795)
Train: 20 [  50/2502 (  2%)]  Loss: 51.404793 (51.4144)  BaseLoss: 51.404793 (51.4144)  RefAttnKL: 0.000e+00 (0.000e+00)  RefLogitKL: 0.000e+00 (0.000e+00)  AnchorRefAttnKL: 0.000e+00 (0.000e+00)  TeacherAttnKL: 0.000e+00 (0.000e+00)  TeacherRel: 0.000e+00 (0.000e+00)  TeacherAttnOut: 0.000e+00 (0.000e+00)  TeacherFeatOut: 0.000e+00 (0.000e+00)  ActScaleAnchor: 0.000e+00 (0.000e+00)  VarTrust: 0.000e+00 (0.000e+00)  DirAnchor: 0.000e+00 (0.000e+00)  BinReg: 0.000e+00 (0.000e+00)  SelBinAnchor: 0.000e+00 (0.000e+00)  ActBinMargin: 0.000e+00 (0.000e+00)  Time: 0.243s, 2106.11/s  (0.247s, 2076.36/s)  LR: 7.491e-06  RefW: 0.000e+00  AnchorRefW: 0.000e+00  Data: 0.005 (0.021)
Train: 20 [ 100/2502 (  4%)]  Loss: 51.402039 (51.4103)  BaseLoss: 51.402039 (51.4103)  RefAttnKL: 0.000e+00 (0.000e+00)  RefLogitKL: 0.000e+00 (0.000e+00)  AnchorRefAttnKL: 0.000e+00 (0.000e+00)  TeacherAttnKL: 0.000e+00 (0.000e+00)  TeacherRel: 0.000e+00 (0.000e+00)  TeacherAttnOut: 0.000e+00 (0.000e+00)  TeacherFeatOut: 0.000e+00 (0.000e+00)  ActScaleAnchor: 0.000e+00 (0.000e+00)  VarTrust: 0.000e+00 (0.000e+00)  DirAnchor: 0.000e+00 (0.000e+00)  BinReg: 0.000e+00 (0.000e+00)  SelBinAnchor: 0.000e+00 (0.000e+00)  ActBinMargin: 0.000e+00 (0.000e+00)  Time: 0.243s, 2109.95/s  (0.239s, 2138.94/s)  LR: 7.482e-06  RefW: 0.000e+00  AnchorRefW: 0.000e+00  Data: 0.005 (0.013)
Train: 20 [ 150/2502 (  6%)]  Loss: 51.399830 (51.4077)  BaseLoss: 51.399830 (51.4077)  RefAttnKL: 0.000e+00 (0.000e+00)  RefLogitKL: 0.000e+00 (0.000e+00)  AnchorRefAttnKL: 0.000e+00 (0.000e+00)  TeacherAttnKL: 0.000e+00 (0.000e+00)  TeacherRel: 0.000e+00 (0.000e+00)  TeacherAttnOut: 0.000e+00 (0.000e+00)  TeacherFeatOut: 0.000e+00 (0.000e+00)  ActScaleAnchor: 0.000e+00 (0.000e+00)  VarTrust: 0.000e+00 (0.000e+00)  DirAnchor: 0.000e+00 (0.000e+00)  BinReg: 0.000e+00 (0.000e+00)  SelBinAnchor: 0.000e+00 (0.000e+00)  ActBinMargin: 0.000e+00 (0.000e+00)  Time: 0.243s, 2106.08/s  (0.237s, 2160.76/s)  LR: 7.473e-06  RefW: 0.000e+00  AnchorRefW: 0.000e+00  Data: 0.005 (0.011)
Train: 20 [ 200/2502 (  8%)]  Loss: 51.403954 (51.4069)  BaseLoss: 51.403954 (51.4069)  RefAttnKL: 0.000e+00 (0.000e+00)  RefLogitKL: 0.000e+00 (0.000e+00)  AnchorRefAttnKL: 0.000e+00 (0.000e+00)  TeacherAttnKL: 0.000e+00 (0.000e+00)  TeacherRel: 0.000e+00 (0.000e+00)  TeacherAttnOut: 0.000e+00 (0.000e+00)  TeacherFeatOut: 0.000e+00 (0.000e+00)  ActScaleAnchor: 0.000e+00 (0.000e+00)  VarTrust: 0.000e+00 (0.000e+00)  DirAnchor: 0.000e+00 (0.000e+00)  BinReg: 0.000e+00 (0.000e+00)  SelBinAnchor: 0.000e+00 (0.000e+00)  ActBinMargin: 0.000e+00 (0.000e+00)  Time: 0.246s, 2078.93/s  (0.236s, 2169.15/s)  LR: 7.464e-06  RefW: 0.000e+00  AnchorRefW: 0.000e+00  Data: 0.006 (0.009)
Train: 20 [ 250/2502 ( 10%)]  Loss: 51.434273 (51.4115)  BaseLoss: 51.434273 (51.4115)  RefAttnKL: 0.000e+00 (0.000e+00)  RefLogitKL: 0.000e+00 (0.000e+00)  AnchorRefAttnKL: 0.000e+00 (0.000e+00)  TeacherAttnKL: 0.000e+00 (0.000e+00)  TeacherRel: 0.000e+00 (0.000e+00)  TeacherAttnOut: 0.000e+00 (0.000e+00)  TeacherFeatOut: 0.000e+00 (0.000e+00)  ActScaleAnchor: 0.000e+00 (0.000e+00)  VarTrust: 0.000e+00 (0.000e+00)  DirAnchor: 0.000e+00 (0.000e+00)  BinReg: 0.000e+00 (0.000e+00)  SelBinAnchor: 0.000e+00 (0.000e+00)  ActBinMargin: 0.000e+00 (0.000e+00)  Time: 0.248s, 2068.39/s  (0.235s, 2174.99/s)  LR: 7.455e-06  RefW: 0.000e+00  AnchorRefW: 0.000e+00  Data: 0.006 (0.009)
Train: 20 [ 300/2502 ( 12%)]  Loss: 51.407024 (51.4108)  BaseLoss: 51.407024 (51.4108)  RefAttnKL: 0.000e+00 (0.000e+00)  RefLogitKL: 0.000e+00 (0.000e+00)  AnchorRefAttnKL: 0.000e+00 (0.000e+00)  TeacherAttnKL: 0.000e+00 (0.000e+00)  TeacherRel: 0.000e+00 (0.000e+00)  TeacherAttnOut: 0.000e+00 (0.000e+00)  TeacherFeatOut: 0.000e+00 (0.000e+00)  ActScaleAnchor: 0.000e+00 (0.000e+00)  VarTrust: 0.000e+00 (0.000e+00)  DirAnchor: 0.000e+00 (0.000e+00)  BinReg: 0.000e+00 (0.000e+00)  SelBinAnchor: 0.000e+00 (0.000e+00)  ActBinMargin: 0.000e+00 (0.000e+00)  Time: 0.247s, 2074.90/s  (0.235s, 2179.51/s)  LR: 7.446e-06  RefW: 0.000e+00  AnchorRefW: 0.000e+00  Data: 0.006 (0.008)
Train: 20 [ 350/2502 ( 14%)]  Loss: 51.418663 (51.4118)  BaseLoss: 51.418663 (51.4118)  RefAttnKL: 0.000e+00 (0.000e+00)  RefLogitKL: 0.000e+00 (0.000e+00)  AnchorRefAttnKL: 0.000e+00 (0.000e+00)  TeacherAttnKL: 0.000e+00 (0.000e+00)  TeacherRel: 0.000e+00 (0.000e+00)  TeacherAttnOut: 0.000e+00 (0.000e+00)  TeacherFeatOut: 0.000e+00 (0.000e+00)  ActScaleAnchor: 0.000e+00 (0.000e+00)  VarTrust: 0.000e+00 (0.000e+00)  DirAnchor: 0.000e+00 (0.000e+00)  BinReg: 0.000e+00 (0.000e+00)  SelBinAnchor: 0.000e+00 (0.000e+00)  ActBinMargin: 0.000e+00 (0.000e+00)  Time: 0.243s, 2110.93/s  (0.235s, 2182.24/s)  LR: 7.437e-06  RefW: 0.000e+00  AnchorRefW: 0.000e+00  Data: 0.006 (0.008)
Train: 20 [ 400/2502 ( 16%)]  Loss: 51.425274 (51.4133)  BaseLoss: 51.425274 (51.4133)  RefAttnKL: 0.000e+00 (0.000e+00)  RefLogitKL: 0.000e+00 (0.000e+00)  AnchorRefAttnKL: 0.000e+00 (0.000e+00)  TeacherAttnKL: 0.000e+00 (0.000e+00)  TeacherRel: 0.000e+00 (0.000e+00)  TeacherAttnOut: 0.000e+00 (0.000e+00)  TeacherFeatOut: 0.000e+00 (0.000e+00)  ActScaleAnchor: 0.000e+00 (0.000e+00)  VarTrust: 0.000e+00 (0.000e+00)  DirAnchor: 0.000e+00 (0.000e+00)  BinReg: 0.000e+00 (0.000e+00)  SelBinAnchor: 0.000e+00 (0.000e+00)  ActBinMargin: 0.000e+00 (0.000e+00)  Time: 0.243s, 2108.58/s  (0.234s, 2186.13/s)  LR: 7.428e-06  RefW: 0.000e+00  AnchorRefW: 0.000e+00  Data: 0.006 (0.008)
Train: 20 [ 450/2502 ( 18%)]  Loss: 51.420994 (51.4141)  BaseLoss: 51.420994 (51.4141)  RefAttnKL: 0.000e+00 (0.000e+00)  RefLogitKL: 0.000e+00 (0.000e+00)  AnchorRefAttnKL: 0.000e+00 (0.000e+00)  TeacherAttnKL: 0.000e+00 (0.000e+00)  TeacherRel: 0.000e+00 (0.000e+00)  TeacherAttnOut: 0.000e+00 (0.000e+00)  TeacherFeatOut: 0.000e+00 (0.000e+00)  ActScaleAnchor: 0.000e+00 (0.000e+00)  VarTrust: 0.000e+00 (0.000e+00)  DirAnchor: 0.000e+00 (0.000e+00)  BinReg: 0.000e+00 (0.000e+00)  SelBinAnchor: 0.000e+00 (0.000e+00)  ActBinMargin: 0.000e+00 (0.000e+00)  Time: 0.246s, 2078.58/s  (0.234s, 2186.75/s)  LR: 7.419e-06  RefW: 0.000e+00  AnchorRefW: 0.000e+00  Data: 0.006 (0.007)
Train: 20 [ 500/2502 ( 20%)]  Loss: 51.444691 (51.4169)  BaseLoss: 51.444691 (51.4169)  RefAttnKL: 0.000e+00 (0.000e+00)  RefLogitKL: 0.000e+00 (0.000e+00)  AnchorRefAttnKL: 0.000e+00 (0.000e+00)  TeacherAttnKL: 0.000e+00 (0.000e+00)  TeacherRel: 0.000e+00 (0.000e+00)  TeacherAttnOut: 0.000e+00 (0.000e+00)  TeacherFeatOut: 0.000e+00 (0.000e+00)  ActScaleAnchor: 0.000e+00 (0.000e+00)  VarTrust: 0.000e+00 (0.000e+00)  DirAnchor: 0.000e+00 (0.000e+00)  BinReg: 0.000e+00 (0.000e+00)  SelBinAnchor: 0.000e+00 (0.000e+00)  ActBinMargin: 0.000e+00 (0.000e+00)  Time: 0.244s, 2102.57/s  (0.234s, 2189.60/s)  LR: 7.410e-06  RefW: 0.000e+00  AnchorRefW: 0.000e+00  Data: 0.005 (0.007)
Train: 20 [ 550/2502 ( 22%)]  Loss: 51.447163 (51.4194)  BaseLoss: 51.447163 (51.4194)  RefAttnKL: 0.000e+00 (0.000e+00)  RefLogitKL: 0.000e+00 (0.000e+00)  AnchorRefAttnKL: 0.000e+00 (0.000e+00)  TeacherAttnKL: 0.000e+00 (0.000e+00)  TeacherRel: 0.000e+00 (0.000e+00)  TeacherAttnOut: 0.000e+00 (0.000e+00)  TeacherFeatOut: 0.000e+00 (0.000e+00)  ActScaleAnchor: 0.000e+00 (0.000e+00)  VarTrust: 0.000e+00 (0.000e+00)  DirAnchor: 0.000e+00 (0.000e+00)  BinReg: 0.000e+00 (0.000e+00)  SelBinAnchor: 0.000e+00 (0.000e+00)  ActBinMargin: 0.000e+00 (0.000e+00)  Time: 0.244s, 2101.24/s  (0.234s, 2191.62/s)  LR: 7.401e-06  RefW: 0.000e+00  AnchorRefW: 0.000e+00  Data: 0.006 (0.007)
Train: 20 [ 600/2502 ( 24%)]  Loss: 51.350132 (51.4141)  BaseLoss: 51.350132 (51.4141)  RefAttnKL: 0.000e+00 (0.000e+00)  RefLogitKL: 0.000e+00 (0.000e+00)  AnchorRefAttnKL: 0.000e+00 (0.000e+00)  TeacherAttnKL: 0.000e+00 (0.000e+00)  TeacherRel: 0.000e+00 (0.000e+00)  TeacherAttnOut: 0.000e+00 (0.000e+00)  TeacherFeatOut: 0.000e+00 (0.000e+00)  ActScaleAnchor: 0.000e+00 (0.000e+00)  VarTrust: 0.000e+00 (0.000e+00)  DirAnchor: 0.000e+00 (0.000e+00)  BinReg: 0.000e+00 (0.000e+00)  SelBinAnchor: 0.000e+00 (0.000e+00)  ActBinMargin: 0.000e+00 (0.000e+00)  Time: 0.243s, 2110.53/s  (0.234s, 2192.70/s)  LR: 7.392e-06  RefW: 0.000e+00  AnchorRefW: 0.000e+00  Data: 0.006 (0.007)
Train: 20 [ 650/2502 ( 26%)]  Loss: 51.427696 (51.4150)  BaseLoss: 51.427696 (51.4150)  RefAttnKL: 0.000e+00 (0.000e+00)  RefLogitKL: 0.000e+00 (0.000e+00)  AnchorRefAttnKL: 0.000e+00 (0.000e+00)  TeacherAttnKL: 0.000e+00 (0.000e+00)  TeacherRel: 0.000e+00 (0.000e+00)  TeacherAttnOut: 0.000e+00 (0.000e+00)  TeacherFeatOut: 0.000e+00 (0.000e+00)  ActScaleAnchor: 0.000e+00 (0.000e+00)  VarTrust: 0.000e+00 (0.000e+00)  DirAnchor: 0.000e+00 (0.000e+00)  BinReg: 0.000e+00 (0.000e+00)  SelBinAnchor: 0.000e+00 (0.000e+00)  ActBinMargin: 0.000e+00 (0.000e+00)  Time: 0.243s, 2107.58/s  (0.233s, 2193.61/s)  LR: 7.383e-06  RefW: 0.000e+00  AnchorRefW: 0.000e+00  Data: 0.006 (0.007)
Train: 20 [ 700/2502 ( 28%)]  Loss: 51.355698 (51.4111)  BaseLoss: 51.355698 (51.4111)  RefAttnKL: 0.000e+00 (0.000e+00)  RefLogitKL: 0.000e+00 (0.000e+00)  AnchorRefAttnKL: 0.000e+00 (0.000e+00)  TeacherAttnKL: 0.000e+00 (0.000e+00)  TeacherRel: 0.000e+00 (0.000e+00)  TeacherAttnOut: 0.000e+00 (0.000e+00)  TeacherFeatOut: 0.000e+00 (0.000e+00)  ActScaleAnchor: 0.000e+00 (0.000e+00)  VarTrust: 0.000e+00 (0.000e+00)  DirAnchor: 0.000e+00 (0.000e+00)  BinReg: 0.000e+00 (0.000e+00)  SelBinAnchor: 0.000e+00 (0.000e+00)  ActBinMargin: 0.000e+00 (0.000e+00)  Time: 0.243s, 2103.56/s  (0.233s, 2195.11/s)  LR: 7.374e-06  RefW: 0.000e+00  AnchorRefW: 0.000e+00  Data: 0.005 (0.007)
Train: 20 [ 750/2502 ( 30%)]  Loss: 51.345036 (51.4070)  BaseLoss: 51.345036 (51.4070)  RefAttnKL: 0.000e+00 (0.000e+00)  RefLogitKL: 0.000e+00 (0.000e+00)  AnchorRefAttnKL: 0.000e+00 (0.000e+00)  TeacherAttnKL: 0.000e+00 (0.000e+00)  TeacherRel: 0.000e+00 (0.000e+00)  TeacherAttnOut: 0.000e+00 (0.000e+00)  TeacherFeatOut: 0.000e+00 (0.000e+00)  ActScaleAnchor: 0.000e+00 (0.000e+00)  VarTrust: 0.000e+00 (0.000e+00)  DirAnchor: 0.000e+00 (0.000e+00)  BinReg: 0.000e+00 (0.000e+00)  SelBinAnchor: 0.000e+00 (0.000e+00)  ActBinMargin: 0.000e+00 (0.000e+00)  Time: 0.244s, 2095.40/s  (0.233s, 2195.87/s)  LR: 7.365e-06  RefW: 0.000e+00  AnchorRefW: 0.000e+00  Data: 0.006 (0.007)
Train: 20 [ 800/2502 ( 32%)]  Loss: 51.379292 (51.4053)  BaseLoss: 51.379292 (51.4053)  RefAttnKL: 0.000e+00 (0.000e+00)  RefLogitKL: 0.000e+00 (0.000e+00)  AnchorRefAttnKL: 0.000e+00 (0.000e+00)  TeacherAttnKL: 0.000e+00 (0.000e+00)  TeacherRel: 0.000e+00 (0.000e+00)  TeacherAttnOut: 0.000e+00 (0.000e+00)  TeacherFeatOut: 0.000e+00 (0.000e+00)  ActScaleAnchor: 0.000e+00 (0.000e+00)  VarTrust: 0.000e+00 (0.000e+00)  DirAnchor: 0.000e+00 (0.000e+00)  BinReg: 0.000e+00 (0.000e+00)  SelBinAnchor: 0.000e+00 (0.000e+00)  ActBinMargin: 0.000e+00 (0.000e+00)  Time: 0.243s, 2105.67/s  (0.233s, 2197.58/s)  LR: 7.356e-06  RefW: 0.000e+00  AnchorRefW: 0.000e+00  Data: 0.006 (0.007)
Train: 20 [ 850/2502 ( 34%)]  Loss: 51.383881 (51.4041)  BaseLoss: 51.383881 (51.4041)  RefAttnKL: 0.000e+00 (0.000e+00)  RefLogitKL: 0.000e+00 (0.000e+00)  AnchorRefAttnKL: 0.000e+00 (0.000e+00)  TeacherAttnKL: 0.000e+00 (0.000e+00)  TeacherRel: 0.000e+00 (0.000e+00)  TeacherAttnOut: 0.000e+00 (0.000e+00)  TeacherFeatOut: 0.000e+00 (0.000e+00)  ActScaleAnchor: 0.000e+00 (0.000e+00)  VarTrust: 0.000e+00 (0.000e+00)  DirAnchor: 0.000e+00 (0.000e+00)  BinReg: 0.000e+00 (0.000e+00)  SelBinAnchor: 0.000e+00 (0.000e+00)  ActBinMargin: 0.000e+00 (0.000e+00)  Time: 0.248s, 2067.77/s  (0.233s, 2197.78/s)  LR: 7.347e-06  RefW: 0.000e+00  AnchorRefW: 0.000e+00  Data: 0.006 (0.007)
Train: 20 [ 900/2502 ( 36%)]  Loss: 51.382175 (51.4030)  BaseLoss: 51.382175 (51.4030)  RefAttnKL: 0.000e+00 (0.000e+00)  RefLogitKL: 0.000e+00 (0.000e+00)  AnchorRefAttnKL: 0.000e+00 (0.000e+00)  TeacherAttnKL: 0.000e+00 (0.000e+00)  TeacherRel: 0.000e+00 (0.000e+00)  TeacherAttnOut: 0.000e+00 (0.000e+00)  TeacherFeatOut: 0.000e+00 (0.000e+00)  ActScaleAnchor: 0.000e+00 (0.000e+00)  VarTrust: 0.000e+00 (0.000e+00)  DirAnchor: 0.000e+00 (0.000e+00)  BinReg: 0.000e+00 (0.000e+00)  SelBinAnchor: 0.000e+00 (0.000e+00)  ActBinMargin: 0.000e+00 (0.000e+00)  Time: 0.245s, 2093.30/s  (0.233s, 2198.31/s)  LR: 7.339e-06  RefW: 0.000e+00  AnchorRefW: 0.000e+00  Data: 0.007 (0.007)
Train: 20 [ 950/2502 ( 38%)]  Loss: 51.384094 (51.4020)  BaseLoss: 51.384094 (51.4020)  RefAttnKL: 0.000e+00 (0.000e+00)  RefLogitKL: 0.000e+00 (0.000e+00)  AnchorRefAttnKL: 0.000e+00 (0.000e+00)  TeacherAttnKL: 0.000e+00 (0.000e+00)  TeacherRel: 0.000e+00 (0.000e+00)  TeacherAttnOut: 0.000e+00 (0.000e+00)  TeacherFeatOut: 0.000e+00 (0.000e+00)  ActScaleAnchor: 0.000e+00 (0.000e+00)  VarTrust: 0.000e+00 (0.000e+00)  DirAnchor: 0.000e+00 (0.000e+00)  BinReg: 0.000e+00 (0.000e+00)  SelBinAnchor: 0.000e+00 (0.000e+00)  ActBinMargin: 0.000e+00 (0.000e+00)  Time: 0.243s, 2102.79/s  (0.233s, 2198.66/s)  LR: 7.330e-06  RefW: 0.000e+00  AnchorRefW: 0.000e+00  Data: 0.006 (0.007)
Train: 20 [1000/2502 ( 40%)]  Loss: 51.436817 (51.4037)  BaseLoss: 51.436817 (51.4037)  RefAttnKL: 0.000e+00 (0.000e+00)  RefLogitKL: 0.000e+00 (0.000e+00)  AnchorRefAttnKL: 0.000e+00 (0.000e+00)  TeacherAttnKL: 0.000e+00 (0.000e+00)  TeacherRel: 0.000e+00 (0.000e+00)  TeacherAttnOut: 0.000e+00 (0.000e+00)  TeacherFeatOut: 0.000e+00 (0.000e+00)  ActScaleAnchor: 0.000e+00 (0.000e+00)  VarTrust: 0.000e+00 (0.000e+00)  DirAnchor: 0.000e+00 (0.000e+00)  BinReg: 0.000e+00 (0.000e+00)  SelBinAnchor: 0.000e+00 (0.000e+00)  ActBinMargin: 0.000e+00 (0.000e+00)  Time: 0.243s, 2107.84/s  (0.233s, 2198.77/s)  LR: 7.321e-06  RefW: 0.000e+00  AnchorRefW: 0.000e+00  Data: 0.005 (0.006)
Train: 20 [1050/2502 ( 42%)]  Loss: 51.398178 (51.4034)  BaseLoss: 51.398178 (51.4034)  RefAttnKL: 0.000e+00 (0.000e+00)  RefLogitKL: 0.000e+00 (0.000e+00)  AnchorRefAttnKL: 0.000e+00 (0.000e+00)  TeacherAttnKL: 0.000e+00 (0.000e+00)  TeacherRel: 0.000e+00 (0.000e+00)  TeacherAttnOut: 0.000e+00 (0.000e+00)  TeacherFeatOut: 0.000e+00 (0.000e+00)  ActScaleAnchor: 0.000e+00 (0.000e+00)  VarTrust: 0.000e+00 (0.000e+00)  DirAnchor: 0.000e+00 (0.000e+00)  BinReg: 0.000e+00 (0.000e+00)  SelBinAnchor: 0.000e+00 (0.000e+00)  ActBinMargin: 0.000e+00 (0.000e+00)  Time: 0.243s, 2107.11/s  (0.233s, 2199.53/s)  LR: 7.312e-06  RefW: 0.000e+00  AnchorRefW: 0.000e+00  Data: 0.005 (0.006)
Train: 20 [1100/2502 ( 44%)]  Loss: 51.344948 (51.4009)  BaseLoss: 51.344948 (51.4009)  RefAttnKL: 0.000e+00 (0.000e+00)  RefLogitKL: 0.000e+00 (0.000e+00)  AnchorRefAttnKL: 0.000e+00 (0.000e+00)  TeacherAttnKL: 0.000e+00 (0.000e+00)  TeacherRel: 0.000e+00 (0.000e+00)  TeacherAttnOut: 0.000e+00 (0.000e+00)  TeacherFeatOut: 0.000e+00 (0.000e+00)  ActScaleAnchor: 0.000e+00 (0.000e+00)  VarTrust: 0.000e+00 (0.000e+00)  DirAnchor: 0.000e+00 (0.000e+00)  BinReg: 0.000e+00 (0.000e+00)  SelBinAnchor: 0.000e+00 (0.000e+00)  ActBinMargin: 0.000e+00 (0.000e+00)  Time: 0.243s, 2110.43/s  (0.233s, 2199.58/s)  LR: 7.303e-06  RefW: 0.000e+00  AnchorRefW: 0.000e+00  Data: 0.006 (0.006)
Train: 20 [1150/2502 ( 46%)]  Loss: 51.421848 (51.4018)  BaseLoss: 51.421848 (51.4018)  RefAttnKL: 0.000e+00 (0.000e+00)  RefLogitKL: 0.000e+00 (0.000e+00)  AnchorRefAttnKL: 0.000e+00 (0.000e+00)  TeacherAttnKL: 0.000e+00 (0.000e+00)  TeacherRel: 0.000e+00 (0.000e+00)  TeacherAttnOut: 0.000e+00 (0.000e+00)  TeacherFeatOut: 0.000e+00 (0.000e+00)  ActScaleAnchor: 0.000e+00 (0.000e+00)  VarTrust: 0.000e+00 (0.000e+00)  DirAnchor: 0.000e+00 (0.000e+00)  BinReg: 0.000e+00 (0.000e+00)  SelBinAnchor: 0.000e+00 (0.000e+00)  ActBinMargin: 0.000e+00 (0.000e+00)  Time: 0.244s, 2097.88/s  (0.233s, 2200.32/s)  LR: 7.294e-06  RefW: 0.000e+00  AnchorRefW: 0.000e+00  Data: 0.005 (0.006)
Train: 20 [1200/2502 ( 48%)]  Loss: 51.389290 (51.4013)  BaseLoss: 51.389290 (51.4013)  RefAttnKL: 0.000e+00 (0.000e+00)  RefLogitKL: 0.000e+00 (0.000e+00)  AnchorRefAttnKL: 0.000e+00 (0.000e+00)  TeacherAttnKL: 0.000e+00 (0.000e+00)  TeacherRel: 0.000e+00 (0.000e+00)  TeacherAttnOut: 0.000e+00 (0.000e+00)  TeacherFeatOut: 0.000e+00 (0.000e+00)  ActScaleAnchor: 0.000e+00 (0.000e+00)  VarTrust: 0.000e+00 (0.000e+00)  DirAnchor: 0.000e+00 (0.000e+00)  BinReg: 0.000e+00 (0.000e+00)  SelBinAnchor: 0.000e+00 (0.000e+00)  ActBinMargin: 0.000e+00 (0.000e+00)  Time: 0.246s, 2078.07/s  (0.233s, 2200.78/s)  LR: 7.286e-06  RefW: 0.000e+00  AnchorRefW: 0.000e+00  Data: 0.006 (0.006)
Train: 20 [1250/2502 ( 50%)]  Loss: 51.414230 (51.4018)  BaseLoss: 51.414230 (51.4018)  RefAttnKL: 0.000e+00 (0.000e+00)  RefLogitKL: 0.000e+00 (0.000e+00)  AnchorRefAttnKL: 0.000e+00 (0.000e+00)  TeacherAttnKL: 0.000e+00 (0.000e+00)  TeacherRel: 0.000e+00 (0.000e+00)  TeacherAttnOut: 0.000e+00 (0.000e+00)  TeacherFeatOut: 0.000e+00 (0.000e+00)  ActScaleAnchor: 0.000e+00 (0.000e+00)  VarTrust: 0.000e+00 (0.000e+00)  DirAnchor: 0.000e+00 (0.000e+00)  BinReg: 0.000e+00 (0.000e+00)  SelBinAnchor: 0.000e+00 (0.000e+00)  ActBinMargin: 0.000e+00 (0.000e+00)  Time: 0.242s, 2116.05/s  (0.233s, 2201.22/s)  LR: 7.277e-06  RefW: 0.000e+00  AnchorRefW: 0.000e+00  Data: 0.006 (0.006)
Train: 20 [1300/2502 ( 52%)]  Loss: 51.408569 (51.4020)  BaseLoss: 51.408569 (51.4020)  RefAttnKL: 0.000e+00 (0.000e+00)  RefLogitKL: 0.000e+00 (0.000e+00)  AnchorRefAttnKL: 0.000e+00 (0.000e+00)  TeacherAttnKL: 0.000e+00 (0.000e+00)  TeacherRel: 0.000e+00 (0.000e+00)  TeacherAttnOut: 0.000e+00 (0.000e+00)  TeacherFeatOut: 0.000e+00 (0.000e+00)  ActScaleAnchor: 0.000e+00 (0.000e+00)  VarTrust: 0.000e+00 (0.000e+00)  DirAnchor: 0.000e+00 (0.000e+00)  BinReg: 0.000e+00 (0.000e+00)  SelBinAnchor: 0.000e+00 (0.000e+00)  ActBinMargin: 0.000e+00 (0.000e+00)  Time: 0.243s, 2103.35/s  (0.233s, 2201.29/s)  LR: 7.268e-06  RefW: 0.000e+00  AnchorRefW: 0.000e+00  Data: 0.007 (0.006)
Train: 20 [1350/2502 ( 54%)]  Loss: 51.398125 (51.4019)  BaseLoss: 51.398125 (51.4019)  RefAttnKL: 0.000e+00 (0.000e+00)  RefLogitKL: 0.000e+00 (0.000e+00)  AnchorRefAttnKL: 0.000e+00 (0.000e+00)  TeacherAttnKL: 0.000e+00 (0.000e+00)  TeacherRel: 0.000e+00 (0.000e+00)  TeacherAttnOut: 0.000e+00 (0.000e+00)  TeacherFeatOut: 0.000e+00 (0.000e+00)  ActScaleAnchor: 0.000e+00 (0.000e+00)  VarTrust: 0.000e+00 (0.000e+00)  DirAnchor: 0.000e+00 (0.000e+00)  BinReg: 0.000e+00 (0.000e+00)  SelBinAnchor: 0.000e+00 (0.000e+00)  ActBinMargin: 0.000e+00 (0.000e+00)  Time: 0.243s, 2111.08/s  (0.233s, 2201.97/s)  LR: 7.259e-06  RefW: 0.000e+00  AnchorRefW: 0.000e+00  Data: 0.006 (0.006)
Train: 20 [1400/2502 ( 56%)]  Loss: 51.392326 (51.4016)  BaseLoss: 51.392326 (51.4016)  RefAttnKL: 0.000e+00 (0.000e+00)  RefLogitKL: 0.000e+00 (0.000e+00)  AnchorRefAttnKL: 0.000e+00 (0.000e+00)  TeacherAttnKL: 0.000e+00 (0.000e+00)  TeacherRel: 0.000e+00 (0.000e+00)  TeacherAttnOut: 0.000e+00 (0.000e+00)  TeacherFeatOut: 0.000e+00 (0.000e+00)  ActScaleAnchor: 0.000e+00 (0.000e+00)  VarTrust: 0.000e+00 (0.000e+00)  DirAnchor: 0.000e+00 (0.000e+00)  BinReg: 0.000e+00 (0.000e+00)  SelBinAnchor: 0.000e+00 (0.000e+00)  ActBinMargin: 0.000e+00 (0.000e+00)  Time: 0.243s, 2108.91/s  (0.232s, 2202.51/s)  LR: 7.251e-06  RefW: 0.000e+00  AnchorRefW: 0.000e+00  Data: 0.006 (0.006)
Train: 20 [1450/2502 ( 58%)]  Loss: 51.425610 (51.4024)  BaseLoss: 51.425610 (51.4024)  RefAttnKL: 0.000e+00 (0.000e+00)  RefLogitKL: 0.000e+00 (0.000e+00)  AnchorRefAttnKL: 0.000e+00 (0.000e+00)  TeacherAttnKL: 0.000e+00 (0.000e+00)  TeacherRel: 0.000e+00 (0.000e+00)  TeacherAttnOut: 0.000e+00 (0.000e+00)  TeacherFeatOut: 0.000e+00 (0.000e+00)  ActScaleAnchor: 0.000e+00 (0.000e+00)  VarTrust: 0.000e+00 (0.000e+00)  DirAnchor: 0.000e+00 (0.000e+00)  BinReg: 0.000e+00 (0.000e+00)  SelBinAnchor: 0.000e+00 (0.000e+00)  ActBinMargin: 0.000e+00 (0.000e+00)  Time: 0.246s, 2078.40/s  (0.232s, 2202.71/s)  LR: 7.242e-06  RefW: 0.000e+00  AnchorRefW: 0.000e+00  Data: 0.006 (0.006)
Train: 20 [1500/2502 ( 60%)]  Loss: 51.417225 (51.4028)  BaseLoss: 51.417225 (51.4028)  RefAttnKL: 0.000e+00 (0.000e+00)  RefLogitKL: 0.000e+00 (0.000e+00)  AnchorRefAttnKL: 0.000e+00 (0.000e+00)  TeacherAttnKL: 0.000e+00 (0.000e+00)  TeacherRel: 0.000e+00 (0.000e+00)  TeacherAttnOut: 0.000e+00 (0.000e+00)  TeacherFeatOut: 0.000e+00 (0.000e+00)  ActScaleAnchor: 0.000e+00 (0.000e+00)  VarTrust: 0.000e+00 (0.000e+00)  DirAnchor: 0.000e+00 (0.000e+00)  BinReg: 0.000e+00 (0.000e+00)  SelBinAnchor: 0.000e+00 (0.000e+00)  ActBinMargin: 0.000e+00 (0.000e+00)  Time: 0.243s, 2108.71/s  (0.232s, 2203.11/s)  LR: 7.233e-06  RefW: 0.000e+00  AnchorRefW: 0.000e+00  Data: 0.006 (0.006)
Train: 20 [1550/2502 ( 62%)]  Loss: 51.430542 (51.4037)  BaseLoss: 51.430542 (51.4037)  RefAttnKL: 0.000e+00 (0.000e+00)  RefLogitKL: 0.000e+00 (0.000e+00)  AnchorRefAttnKL: 0.000e+00 (0.000e+00)  TeacherAttnKL: 0.000e+00 (0.000e+00)  TeacherRel: 0.000e+00 (0.000e+00)  TeacherAttnOut: 0.000e+00 (0.000e+00)  TeacherFeatOut: 0.000e+00 (0.000e+00)  ActScaleAnchor: 0.000e+00 (0.000e+00)  VarTrust: 0.000e+00 (0.000e+00)  DirAnchor: 0.000e+00 (0.000e+00)  BinReg: 0.000e+00 (0.000e+00)  SelBinAnchor: 0.000e+00 (0.000e+00)  ActBinMargin: 0.000e+00 (0.000e+00)  Time: 0.243s, 2104.60/s  (0.232s, 2203.14/s)  LR: 7.224e-06  RefW: 0.000e+00  AnchorRefW: 0.000e+00  Data: 0.006 (0.006)
Train: 20 [1600/2502 ( 64%)]  Loss: 51.391193 (51.4033)  BaseLoss: 51.391193 (51.4033)  RefAttnKL: 0.000e+00 (0.000e+00)  RefLogitKL: 0.000e+00 (0.000e+00)  AnchorRefAttnKL: 0.000e+00 (0.000e+00)  TeacherAttnKL: 0.000e+00 (0.000e+00)  TeacherRel: 0.000e+00 (0.000e+00)  TeacherAttnOut: 0.000e+00 (0.000e+00)  TeacherFeatOut: 0.000e+00 (0.000e+00)  ActScaleAnchor: 0.000e+00 (0.000e+00)  VarTrust: 0.000e+00 (0.000e+00)  DirAnchor: 0.000e+00 (0.000e+00)  BinReg: 0.000e+00 (0.000e+00)  SelBinAnchor: 0.000e+00 (0.000e+00)  ActBinMargin: 0.000e+00 (0.000e+00)  Time: 0.248s, 2064.49/s  (0.232s, 2203.08/s)  LR: 7.216e-06  RefW: 0.000e+00  AnchorRefW: 0.000e+00  Data: 0.006 (0.006)
Train: 20 [1650/2502 ( 66%)]  Loss: 51.433300 (51.4042)  BaseLoss: 51.433300 (51.4042)  RefAttnKL: 0.000e+00 (0.000e+00)  RefLogitKL: 0.000e+00 (0.000e+00)  AnchorRefAttnKL: 0.000e+00 (0.000e+00)  TeacherAttnKL: 0.000e+00 (0.000e+00)  TeacherRel: 0.000e+00 (0.000e+00)  TeacherAttnOut: 0.000e+00 (0.000e+00)  TeacherFeatOut: 0.000e+00 (0.000e+00)  ActScaleAnchor: 0.000e+00 (0.000e+00)  VarTrust: 0.000e+00 (0.000e+00)  DirAnchor: 0.000e+00 (0.000e+00)  BinReg: 0.000e+00 (0.000e+00)  SelBinAnchor: 0.000e+00 (0.000e+00)  ActBinMargin: 0.000e+00 (0.000e+00)  Time: 0.247s, 2074.39/s  (0.233s, 2202.05/s)  LR: 7.207e-06  RefW: 0.000e+00  AnchorRefW: 0.000e+00  Data: 0.006 (0.006)
Train: 20 [1700/2502 ( 68%)]  Loss: 51.409893 (51.4044)  BaseLoss: 51.409893 (51.4044)  RefAttnKL: 0.000e+00 (0.000e+00)  RefLogitKL: 0.000e+00 (0.000e+00)  AnchorRefAttnKL: 0.000e+00 (0.000e+00)  TeacherAttnKL: 0.000e+00 (0.000e+00)  TeacherRel: 0.000e+00 (0.000e+00)  TeacherAttnOut: 0.000e+00 (0.000e+00)  TeacherFeatOut: 0.000e+00 (0.000e+00)  ActScaleAnchor: 0.000e+00 (0.000e+00)  VarTrust: 0.000e+00 (0.000e+00)  DirAnchor: 0.000e+00 (0.000e+00)  BinReg: 0.000e+00 (0.000e+00)  SelBinAnchor: 0.000e+00 (0.000e+00)  ActBinMargin: 0.000e+00 (0.000e+00)  Time: 0.243s, 2110.75/s  (0.232s, 2202.31/s)  LR: 7.198e-06  RefW: 0.000e+00  AnchorRefW: 0.000e+00  Data: 0.006 (0.006)
Train: 20 [1750/2502 ( 70%)]  Loss: 51.399033 (51.4042)  BaseLoss: 51.399033 (51.4042)  RefAttnKL: 0.000e+00 (0.000e+00)  RefLogitKL: 0.000e+00 (0.000e+00)  AnchorRefAttnKL: 0.000e+00 (0.000e+00)  TeacherAttnKL: 0.000e+00 (0.000e+00)  TeacherRel: 0.000e+00 (0.000e+00)  TeacherAttnOut: 0.000e+00 (0.000e+00)  TeacherFeatOut: 0.000e+00 (0.000e+00)  ActScaleAnchor: 0.000e+00 (0.000e+00)  VarTrust: 0.000e+00 (0.000e+00)  DirAnchor: 0.000e+00 (0.000e+00)  BinReg: 0.000e+00 (0.000e+00)  SelBinAnchor: 0.000e+00 (0.000e+00)  ActBinMargin: 0.000e+00 (0.000e+00)  Time: 0.247s, 2072.67/s  (0.232s, 2202.36/s)  LR: 7.190e-06  RefW: 0.000e+00  AnchorRefW: 0.000e+00  Data: 0.007 (0.006)
Train: 20 [1800/2502 ( 72%)]  Loss: 51.409389 (51.4044)  BaseLoss: 51.409389 (51.4044)  RefAttnKL: 0.000e+00 (0.000e+00)  RefLogitKL: 0.000e+00 (0.000e+00)  AnchorRefAttnKL: 0.000e+00 (0.000e+00)  TeacherAttnKL: 0.000e+00 (0.000e+00)  TeacherRel: 0.000e+00 (0.000e+00)  TeacherAttnOut: 0.000e+00 (0.000e+00)  TeacherFeatOut: 0.000e+00 (0.000e+00)  ActScaleAnchor: 0.000e+00 (0.000e+00)  VarTrust: 0.000e+00 (0.000e+00)  DirAnchor: 0.000e+00 (0.000e+00)  BinReg: 0.000e+00 (0.000e+00)  SelBinAnchor: 0.000e+00 (0.000e+00)  ActBinMargin: 0.000e+00 (0.000e+00)  Time: 0.244s, 2100.51/s  (0.232s, 2202.62/s)  LR: 7.181e-06  RefW: 0.000e+00  AnchorRefW: 0.000e+00  Data: 0.006 (0.006)
Train: 20 [1850/2502 ( 74%)]  Loss: 51.365482 (51.4033)  BaseLoss: 51.365482 (51.4033)  RefAttnKL: 0.000e+00 (0.000e+00)  RefLogitKL: 0.000e+00 (0.000e+00)  AnchorRefAttnKL: 0.000e+00 (0.000e+00)  TeacherAttnKL: 0.000e+00 (0.000e+00)  TeacherRel: 0.000e+00 (0.000e+00)  TeacherAttnOut: 0.000e+00 (0.000e+00)  TeacherFeatOut: 0.000e+00 (0.000e+00)  ActScaleAnchor: 0.000e+00 (0.000e+00)  VarTrust: 0.000e+00 (0.000e+00)  DirAnchor: 0.000e+00 (0.000e+00)  BinReg: 0.000e+00 (0.000e+00)  SelBinAnchor: 0.000e+00 (0.000e+00)  ActBinMargin: 0.000e+00 (0.000e+00)  Time: 0.242s, 2116.51/s  (0.232s, 2202.76/s)  LR: 7.172e-06  RefW: 0.000e+00  AnchorRefW: 0.000e+00  Data: 0.005 (0.006)
Train: 20 [1900/2502 ( 76%)]  Loss: 51.424156 (51.4039)  BaseLoss: 51.424156 (51.4039)  RefAttnKL: 0.000e+00 (0.000e+00)  RefLogitKL: 0.000e+00 (0.000e+00)  AnchorRefAttnKL: 0.000e+00 (0.000e+00)  TeacherAttnKL: 0.000e+00 (0.000e+00)  TeacherRel: 0.000e+00 (0.000e+00)  TeacherAttnOut: 0.000e+00 (0.000e+00)  TeacherFeatOut: 0.000e+00 (0.000e+00)  ActScaleAnchor: 0.000e+00 (0.000e+00)  VarTrust: 0.000e+00 (0.000e+00)  DirAnchor: 0.000e+00 (0.000e+00)  BinReg: 0.000e+00 (0.000e+00)  SelBinAnchor: 0.000e+00 (0.000e+00)  ActBinMargin: 0.000e+00 (0.000e+00)  Time: 0.244s, 2096.71/s  (0.232s, 2203.03/s)  LR: 7.164e-06  RefW: 0.000e+00  AnchorRefW: 0.000e+00  Data: 0.007 (0.006)
Train: 20 [1950/2502 ( 78%)]  Loss: 51.421440 (51.4043)  BaseLoss: 51.421440 (51.4043)  RefAttnKL: 0.000e+00 (0.000e+00)  RefLogitKL: 0.000e+00 (0.000e+00)  AnchorRefAttnKL: 0.000e+00 (0.000e+00)  TeacherAttnKL: 0.000e+00 (0.000e+00)  TeacherRel: 0.000e+00 (0.000e+00)  TeacherAttnOut: 0.000e+00 (0.000e+00)  TeacherFeatOut: 0.000e+00 (0.000e+00)  ActScaleAnchor: 0.000e+00 (0.000e+00)  VarTrust: 0.000e+00 (0.000e+00)  DirAnchor: 0.000e+00 (0.000e+00)  BinReg: 0.000e+00 (0.000e+00)  SelBinAnchor: 0.000e+00 (0.000e+00)  ActBinMargin: 0.000e+00 (0.000e+00)  Time: 0.244s, 2095.53/s  (0.232s, 2203.18/s)  LR: 7.155e-06  RefW: 0.000e+00  AnchorRefW: 0.000e+00  Data: 0.006 (0.006)
Train: 20 [2000/2502 ( 80%)]  Loss: 51.412689 (51.4045)  BaseLoss: 51.412689 (51.4045)  RefAttnKL: 0.000e+00 (0.000e+00)  RefLogitKL: 0.000e+00 (0.000e+00)  AnchorRefAttnKL: 0.000e+00 (0.000e+00)  TeacherAttnKL: 0.000e+00 (0.000e+00)  TeacherRel: 0.000e+00 (0.000e+00)  TeacherAttnOut: 0.000e+00 (0.000e+00)  TeacherFeatOut: 0.000e+00 (0.000e+00)  ActScaleAnchor: 0.000e+00 (0.000e+00)  VarTrust: 0.000e+00 (0.000e+00)  DirAnchor: 0.000e+00 (0.000e+00)  BinReg: 0.000e+00 (0.000e+00)  SelBinAnchor: 0.000e+00 (0.000e+00)  ActBinMargin: 0.000e+00 (0.000e+00)  Time: 0.244s, 2102.13/s  (0.232s, 2203.46/s)  LR: 7.147e-06  RefW: 0.000e+00  AnchorRefW: 0.000e+00  Data: 0.006 (0.006)
Train: 20 [2050/2502 ( 82%)]  Loss: 51.357880 (51.4034)  BaseLoss: 51.357880 (51.4034)  RefAttnKL: 0.000e+00 (0.000e+00)  RefLogitKL: 0.000e+00 (0.000e+00)  AnchorRefAttnKL: 0.000e+00 (0.000e+00)  TeacherAttnKL: 0.000e+00 (0.000e+00)  TeacherRel: 0.000e+00 (0.000e+00)  TeacherAttnOut: 0.000e+00 (0.000e+00)  TeacherFeatOut: 0.000e+00 (0.000e+00)  ActScaleAnchor: 0.000e+00 (0.000e+00)  VarTrust: 0.000e+00 (0.000e+00)  DirAnchor: 0.000e+00 (0.000e+00)  BinReg: 0.000e+00 (0.000e+00)  SelBinAnchor: 0.000e+00 (0.000e+00)  ActBinMargin: 0.000e+00 (0.000e+00)  Time: 0.249s, 2057.69/s  (0.232s, 2203.54/s)  LR: 7.138e-06  RefW: 0.000e+00  AnchorRefW: 0.000e+00  Data: 0.005 (0.006)
Train: 20 [2100/2502 ( 84%)]  Loss: 51.368057 (51.4026)  BaseLoss: 51.368057 (51.4026)  RefAttnKL: 0.000e+00 (0.000e+00)  RefLogitKL: 0.000e+00 (0.000e+00)  AnchorRefAttnKL: 0.000e+00 (0.000e+00)  TeacherAttnKL: 0.000e+00 (0.000e+00)  TeacherRel: 0.000e+00 (0.000e+00)  TeacherAttnOut: 0.000e+00 (0.000e+00)  TeacherFeatOut: 0.000e+00 (0.000e+00)  ActScaleAnchor: 0.000e+00 (0.000e+00)  VarTrust: 0.000e+00 (0.000e+00)  DirAnchor: 0.000e+00 (0.000e+00)  BinReg: 0.000e+00 (0.000e+00)  SelBinAnchor: 0.000e+00 (0.000e+00)  ActBinMargin: 0.000e+00 (0.000e+00)  Time: 0.242s, 2111.66/s  (0.232s, 2203.87/s)  LR: 7.129e-06  RefW: 0.000e+00  AnchorRefW: 0.000e+00  Data: 0.006 (0.006)
Train: 20 [2150/2502 ( 86%)]  Loss: 51.401726 (51.4026)  BaseLoss: 51.401726 (51.4026)  RefAttnKL: 0.000e+00 (0.000e+00)  RefLogitKL: 0.000e+00 (0.000e+00)  AnchorRefAttnKL: 0.000e+00 (0.000e+00)  TeacherAttnKL: 0.000e+00 (0.000e+00)  TeacherRel: 0.000e+00 (0.000e+00)  TeacherAttnOut: 0.000e+00 (0.000e+00)  TeacherFeatOut: 0.000e+00 (0.000e+00)  ActScaleAnchor: 0.000e+00 (0.000e+00)  VarTrust: 0.000e+00 (0.000e+00)  DirAnchor: 0.000e+00 (0.000e+00)  BinReg: 0.000e+00 (0.000e+00)  SelBinAnchor: 0.000e+00 (0.000e+00)  ActBinMargin: 0.000e+00 (0.000e+00)  Time: 0.243s, 2108.85/s  (0.232s, 2204.23/s)  LR: 7.121e-06  RefW: 0.000e+00  AnchorRefW: 0.000e+00  Data: 0.006 (0.006)
Train: 20 [2200/2502 ( 88%)]  Loss: 51.386894 (51.4022)  BaseLoss: 51.386894 (51.4022)  RefAttnKL: 0.000e+00 (0.000e+00)  RefLogitKL: 0.000e+00 (0.000e+00)  AnchorRefAttnKL: 0.000e+00 (0.000e+00)  TeacherAttnKL: 0.000e+00 (0.000e+00)  TeacherRel: 0.000e+00 (0.000e+00)  TeacherAttnOut: 0.000e+00 (0.000e+00)  TeacherFeatOut: 0.000e+00 (0.000e+00)  ActScaleAnchor: 0.000e+00 (0.000e+00)  VarTrust: 0.000e+00 (0.000e+00)  DirAnchor: 0.000e+00 (0.000e+00)  BinReg: 0.000e+00 (0.000e+00)  SelBinAnchor: 0.000e+00 (0.000e+00)  ActBinMargin: 0.000e+00 (0.000e+00)  Time: 0.243s, 2109.17/s  (0.232s, 2204.51/s)  LR: 7.112e-06  RefW: 0.000e+00  AnchorRefW: 0.000e+00  Data: 0.006 (0.006)
Train: 20 [2250/2502 ( 90%)]  Loss: 51.380215 (51.4017)  BaseLoss: 51.380215 (51.4017)  RefAttnKL: 0.000e+00 (0.000e+00)  RefLogitKL: 0.000e+00 (0.000e+00)  AnchorRefAttnKL: 0.000e+00 (0.000e+00)  TeacherAttnKL: 0.000e+00 (0.000e+00)  TeacherRel: 0.000e+00 (0.000e+00)  TeacherAttnOut: 0.000e+00 (0.000e+00)  TeacherFeatOut: 0.000e+00 (0.000e+00)  ActScaleAnchor: 0.000e+00 (0.000e+00)  VarTrust: 0.000e+00 (0.000e+00)  DirAnchor: 0.000e+00 (0.000e+00)  BinReg: 0.000e+00 (0.000e+00)  SelBinAnchor: 0.000e+00 (0.000e+00)  ActBinMargin: 0.000e+00 (0.000e+00)  Time: 0.242s, 2114.53/s  (0.232s, 2204.82/s)  LR: 7.104e-06  RefW: 0.000e+00  AnchorRefW: 0.000e+00  Data: 0.006 (0.006)
Train: 20 [2300/2502 ( 92%)]  Loss: 51.407578 (51.4019)  BaseLoss: 51.407578 (51.4019)  RefAttnKL: 0.000e+00 (0.000e+00)  RefLogitKL: 0.000e+00 (0.000e+00)  AnchorRefAttnKL: 0.000e+00 (0.000e+00)  TeacherAttnKL: 0.000e+00 (0.000e+00)  TeacherRel: 0.000e+00 (0.000e+00)  TeacherAttnOut: 0.000e+00 (0.000e+00)  TeacherFeatOut: 0.000e+00 (0.000e+00)  ActScaleAnchor: 0.000e+00 (0.000e+00)  VarTrust: 0.000e+00 (0.000e+00)  DirAnchor: 0.000e+00 (0.000e+00)  BinReg: 0.000e+00 (0.000e+00)  SelBinAnchor: 0.000e+00 (0.000e+00)  ActBinMargin: 0.000e+00 (0.000e+00)  Time: 0.257s, 1993.37/s  (0.232s, 2204.83/s)  LR: 7.095e-06  RefW: 0.000e+00  AnchorRefW: 0.000e+00  Data: 0.006 (0.006)
Train: 20 [2350/2502 ( 94%)]  Loss: 51.420784 (51.4023)  BaseLoss: 51.420784 (51.4023)  RefAttnKL: 0.000e+00 (0.000e+00)  RefLogitKL: 0.000e+00 (0.000e+00)  AnchorRefAttnKL: 0.000e+00 (0.000e+00)  TeacherAttnKL: 0.000e+00 (0.000e+00)  TeacherRel: 0.000e+00 (0.000e+00)  TeacherAttnOut: 0.000e+00 (0.000e+00)  TeacherFeatOut: 0.000e+00 (0.000e+00)  ActScaleAnchor: 0.000e+00 (0.000e+00)  VarTrust: 0.000e+00 (0.000e+00)  DirAnchor: 0.000e+00 (0.000e+00)  BinReg: 0.000e+00 (0.000e+00)  SelBinAnchor: 0.000e+00 (0.000e+00)  ActBinMargin: 0.000e+00 (0.000e+00)  Time: 0.247s, 2075.66/s  (0.232s, 2204.68/s)  LR: 7.087e-06  RefW: 0.000e+00  AnchorRefW: 0.000e+00  Data: 0.005 (0.006)
Train: 20 [2400/2502 ( 96%)]  Loss: 51.402462 (51.4023)  BaseLoss: 51.402462 (51.4023)  RefAttnKL: 0.000e+00 (0.000e+00)  RefLogitKL: 0.000e+00 (0.000e+00)  AnchorRefAttnKL: 0.000e+00 (0.000e+00)  TeacherAttnKL: 0.000e+00 (0.000e+00)  TeacherRel: 0.000e+00 (0.000e+00)  TeacherAttnOut: 0.000e+00 (0.000e+00)  TeacherFeatOut: 0.000e+00 (0.000e+00)  ActScaleAnchor: 0.000e+00 (0.000e+00)  VarTrust: 0.000e+00 (0.000e+00)  DirAnchor: 0.000e+00 (0.000e+00)  BinReg: 0.000e+00 (0.000e+00)  SelBinAnchor: 0.000e+00 (0.000e+00)  ActBinMargin: 0.000e+00 (0.000e+00)  Time: 0.243s, 2109.81/s  (0.232s, 2204.58/s)  LR: 7.078e-06  RefW: 0.000e+00  AnchorRefW: 0.000e+00  Data: 0.005 (0.006)
Train: 20 [2450/2502 ( 98%)]  Loss: 51.441429 (51.4030)  BaseLoss: 51.441429 (51.4030)  RefAttnKL: 0.000e+00 (0.000e+00)  RefLogitKL: 0.000e+00 (0.000e+00)  AnchorRefAttnKL: 0.000e+00 (0.000e+00)  TeacherAttnKL: 0.000e+00 (0.000e+00)  TeacherRel: 0.000e+00 (0.000e+00)  TeacherAttnOut: 0.000e+00 (0.000e+00)  TeacherFeatOut: 0.000e+00 (0.000e+00)  ActScaleAnchor: 0.000e+00 (0.000e+00)  VarTrust: 0.000e+00 (0.000e+00)  DirAnchor: 0.000e+00 (0.000e+00)  BinReg: 0.000e+00 (0.000e+00)  SelBinAnchor: 0.000e+00 (0.000e+00)  ActBinMargin: 0.000e+00 (0.000e+00)  Time: 0.243s, 2108.28/s  (0.232s, 2204.71/s)  LR: 7.070e-06  RefW: 0.000e+00  AnchorRefW: 0.000e+00  Data: 0.006 (0.006)
TrainSummary: epoch=20 updates=2496 avg_step_time=0.232199s samples_per_step=512 samples_per_sec=2205.00
epoch:  20 g['lr']:  7.062089741230011e-06
model eval
TestLocal: [   0/97]  Time: 1.018 (1.018)  Loss:  0.7622  Acc@1: 79.6875  Acc@5: 93.7500  Samples: 64
TestLocal: [  50/97]  Time: 0.093 (0.111)  Loss:  0.8258  Acc@1: 81.2194  Acc@5: 95.4044  Samples: 3264
TestLocal: [  97/97]  Time: 0.047 (0.101)  Loss:  0.8188  Acc@1: 80.9238  Acc@5: 95.4295  Samples: 6170
TestLocal: [ 100/97]  Time: 0.047 (0.099)  Loss:  0.8188  Acc@1: 80.9340  Acc@5: 95.4267  Samples: 6210
Test: [distributed-summary]  Time: 10.430s  Loss: 0.8406  Acc@1: 80.3400  Acc@5: 95.3480  Samples: 50000
Trainable parameter policy: epoch=21, quant_only=False, policy=all, trainable=28608256, frozen=0
AOQ explore scale ratio update: epoch=21, update=0, active=False, base_ratio=1.0, threshold_ratio=0.0, base_layers=(), selective_margin=0.0, base_quantizers=0, layer_ratios={}, layer_quantizers=0, layer_counts={}, quality_mode=none, quality_layers=(), quality_start_update=0, quality_min_frac=0.0, start_update=0, end_update=0
Trainable parameter update policy: epoch=21, update=0, mode=requires_grad, policy=all, trainable=28608256, frozen=0
Train: 21 [   0/2502 (  0%)]  Loss: 51.405029 (51.4050)  BaseLoss: 51.405029 (51.4050)  RefAttnKL: 0.000e+00 (0.000e+00)  RefLogitKL: 0.000e+00 (0.000e+00)  AnchorRefAttnKL: 0.000e+00 (0.000e+00)  TeacherAttnKL: 0.000e+00 (0.000e+00)  TeacherRel: 0.000e+00 (0.000e+00)  TeacherAttnOut: 0.000e+00 (0.000e+00)  TeacherFeatOut: 0.000e+00 (0.000e+00)  ActScaleAnchor: 0.000e+00 (0.000e+00)  VarTrust: 0.000e+00 (0.000e+00)  DirAnchor: 0.000e+00 (0.000e+00)  BinReg: 0.000e+00 (0.000e+00)  SelBinAnchor: 0.000e+00 (0.000e+00)  ActBinMargin: 0.000e+00 (0.000e+00)  Time: 0.983s,  521.03/s  (0.983s,  521.03/s)  LR: 7.061e-06  RefW: 0.000e+00  AnchorRefW: 0.000e+00  Data: 0.769 (0.769)
Train: 21 [  50/2502 (  2%)]  Loss: 51.385445 (51.3952)  BaseLoss: 51.385445 (51.3952)  RefAttnKL: 0.000e+00 (0.000e+00)  RefLogitKL: 0.000e+00 (0.000e+00)  AnchorRefAttnKL: 0.000e+00 (0.000e+00)  TeacherAttnKL: 0.000e+00 (0.000e+00)  TeacherRel: 0.000e+00 (0.000e+00)  TeacherAttnOut: 0.000e+00 (0.000e+00)  TeacherFeatOut: 0.000e+00 (0.000e+00)  ActScaleAnchor: 0.000e+00 (0.000e+00)  VarTrust: 0.000e+00 (0.000e+00)  DirAnchor: 0.000e+00 (0.000e+00)  BinReg: 0.000e+00 (0.000e+00)  SelBinAnchor: 0.000e+00 (0.000e+00)  ActBinMargin: 0.000e+00 (0.000e+00)  Time: 0.242s, 2113.54/s  (0.246s, 2083.76/s)  LR: 7.052e-06  RefW: 0.000e+00  AnchorRefW: 0.000e+00  Data: 0.006 (0.021)
Train: 21 [ 100/2502 (  4%)]  Loss: 51.420219 (51.4036)  BaseLoss: 51.420219 (51.4036)  RefAttnKL: 0.000e+00 (0.000e+00)  RefLogitKL: 0.000e+00 (0.000e+00)  AnchorRefAttnKL: 0.000e+00 (0.000e+00)  TeacherAttnKL: 0.000e+00 (0.000e+00)  TeacherRel: 0.000e+00 (0.000e+00)  TeacherAttnOut: 0.000e+00 (0.000e+00)  TeacherFeatOut: 0.000e+00 (0.000e+00)  ActScaleAnchor: 0.000e+00 (0.000e+00)  VarTrust: 0.000e+00 (0.000e+00)  DirAnchor: 0.000e+00 (0.000e+00)  BinReg: 0.000e+00 (0.000e+00)  SelBinAnchor: 0.000e+00 (0.000e+00)  ActBinMargin: 0.000e+00 (0.000e+00)  Time: 0.241s, 2121.21/s  (0.238s, 2149.34/s)  LR: 7.044e-06  RefW: 0.000e+00  AnchorRefW: 0.000e+00  Data: 0.006 (0.013)
Train: 21 [ 150/2502 (  6%)]  Loss: 51.411503 (51.4055)  BaseLoss: 51.411503 (51.4055)  RefAttnKL: 0.000e+00 (0.000e+00)  RefLogitKL: 0.000e+00 (0.000e+00)  AnchorRefAttnKL: 0.000e+00 (0.000e+00)  TeacherAttnKL: 0.000e+00 (0.000e+00)  TeacherRel: 0.000e+00 (0.000e+00)  TeacherAttnOut: 0.000e+00 (0.000e+00)  TeacherFeatOut: 0.000e+00 (0.000e+00)  ActScaleAnchor: 0.000e+00 (0.000e+00)  VarTrust: 0.000e+00 (0.000e+00)  DirAnchor: 0.000e+00 (0.000e+00)  BinReg: 0.000e+00 (0.000e+00)  SelBinAnchor: 0.000e+00 (0.000e+00)  ActBinMargin: 0.000e+00 (0.000e+00)  Time: 0.243s, 2107.70/s  (0.236s, 2172.10/s)  LR: 7.036e-06  RefW: 0.000e+00  AnchorRefW: 0.000e+00  Data: 0.006 (0.011)
Train: 21 [ 200/2502 (  8%)]  Loss: 51.395805 (51.4036)  BaseLoss: 51.395805 (51.4036)  RefAttnKL: 0.000e+00 (0.000e+00)  RefLogitKL: 0.000e+00 (0.000e+00)  AnchorRefAttnKL: 0.000e+00 (0.000e+00)  TeacherAttnKL: 0.000e+00 (0.000e+00)  TeacherRel: 0.000e+00 (0.000e+00)  TeacherAttnOut: 0.000e+00 (0.000e+00)  TeacherFeatOut: 0.000e+00 (0.000e+00)  ActScaleAnchor: 0.000e+00 (0.000e+00)  VarTrust: 0.000e+00 (0.000e+00)  DirAnchor: 0.000e+00 (0.000e+00)  BinReg: 0.000e+00 (0.000e+00)  SelBinAnchor: 0.000e+00 (0.000e+00)  ActBinMargin: 0.000e+00 (0.000e+00)  Time: 0.254s, 2014.77/s  (0.234s, 2183.71/s)  LR: 7.027e-06  RefW: 0.000e+00  AnchorRefW: 0.000e+00  Data: 0.006 (0.010)
Train: 21 [ 250/2502 ( 10%)]  Loss: 51.440960 (51.4098)  BaseLoss: 51.440960 (51.4098)  RefAttnKL: 0.000e+00 (0.000e+00)  RefLogitKL: 0.000e+00 (0.000e+00)  AnchorRefAttnKL: 0.000e+00 (0.000e+00)  TeacherAttnKL: 0.000e+00 (0.000e+00)  TeacherRel: 0.000e+00 (0.000e+00)  TeacherAttnOut: 0.000e+00 (0.000e+00)  TeacherFeatOut: 0.000e+00 (0.000e+00)  ActScaleAnchor: 0.000e+00 (0.000e+00)  VarTrust: 0.000e+00 (0.000e+00)  DirAnchor: 0.000e+00 (0.000e+00)  BinReg: 0.000e+00 (0.000e+00)  SelBinAnchor: 0.000e+00 (0.000e+00)  ActBinMargin: 0.000e+00 (0.000e+00)  Time: 0.243s, 2110.73/s  (0.234s, 2188.30/s)  LR: 7.019e-06  RefW: 0.000e+00  AnchorRefW: 0.000e+00  Data: 0.006 (0.009)
Train: 21 [ 300/2502 ( 12%)]  Loss: 51.395191 (51.4077)  BaseLoss: 51.395191 (51.4077)  RefAttnKL: 0.000e+00 (0.000e+00)  RefLogitKL: 0.000e+00 (0.000e+00)  AnchorRefAttnKL: 0.000e+00 (0.000e+00)  TeacherAttnKL: 0.000e+00 (0.000e+00)  TeacherRel: 0.000e+00 (0.000e+00)  TeacherAttnOut: 0.000e+00 (0.000e+00)  TeacherFeatOut: 0.000e+00 (0.000e+00)  ActScaleAnchor: 0.000e+00 (0.000e+00)  VarTrust: 0.000e+00 (0.000e+00)  DirAnchor: 0.000e+00 (0.000e+00)  BinReg: 0.000e+00 (0.000e+00)  SelBinAnchor: 0.000e+00 (0.000e+00)  ActBinMargin: 0.000e+00 (0.000e+00)  Time: 0.242s, 2112.66/s  (0.233s, 2193.23/s)  LR: 7.010e-06  RefW: 0.000e+00  AnchorRefW: 0.000e+00  Data: 0.006 (0.008)
Train: 21 [ 350/2502 ( 14%)]  Loss: 51.435863 (51.4113)  BaseLoss: 51.435863 (51.4113)  RefAttnKL: 0.000e+00 (0.000e+00)  RefLogitKL: 0.000e+00 (0.000e+00)  AnchorRefAttnKL: 0.000e+00 (0.000e+00)  TeacherAttnKL: 0.000e+00 (0.000e+00)  TeacherRel: 0.000e+00 (0.000e+00)  TeacherAttnOut: 0.000e+00 (0.000e+00)  TeacherFeatOut: 0.000e+00 (0.000e+00)  ActScaleAnchor: 0.000e+00 (0.000e+00)  VarTrust: 0.000e+00 (0.000e+00)  DirAnchor: 0.000e+00 (0.000e+00)  BinReg: 0.000e+00 (0.000e+00)  SelBinAnchor: 0.000e+00 (0.000e+00)  ActBinMargin: 0.000e+00 (0.000e+00)  Time: 0.243s, 2111.29/s  (0.233s, 2195.67/s)  LR: 7.002e-06  RefW: 0.000e+00  AnchorRefW: 0.000e+00  Data: 0.006 (0.008)
Train: 21 [ 400/2502 ( 16%)]  Loss: 51.439354 (51.4144)  BaseLoss: 51.439354 (51.4144)  RefAttnKL: 0.000e+00 (0.000e+00)  RefLogitKL: 0.000e+00 (0.000e+00)  AnchorRefAttnKL: 0.000e+00 (0.000e+00)  TeacherAttnKL: 0.000e+00 (0.000e+00)  TeacherRel: 0.000e+00 (0.000e+00)  TeacherAttnOut: 0.000e+00 (0.000e+00)  TeacherFeatOut: 0.000e+00 (0.000e+00)  ActScaleAnchor: 0.000e+00 (0.000e+00)  VarTrust: 0.000e+00 (0.000e+00)  DirAnchor: 0.000e+00 (0.000e+00)  BinReg: 0.000e+00 (0.000e+00)  SelBinAnchor: 0.000e+00 (0.000e+00)  ActBinMargin: 0.000e+00 (0.000e+00)  Time: 0.243s, 2110.42/s  (0.233s, 2199.08/s)  LR: 6.994e-06  RefW: 0.000e+00  AnchorRefW: 0.000e+00  Data: 0.005 (0.008)
Train: 21 [ 450/2502 ( 18%)]  Loss: 51.411423 (51.4141)  BaseLoss: 51.411423 (51.4141)  RefAttnKL: 0.000e+00 (0.000e+00)  RefLogitKL: 0.000e+00 (0.000e+00)  AnchorRefAttnKL: 0.000e+00 (0.000e+00)  TeacherAttnKL: 0.000e+00 (0.000e+00)  TeacherRel: 0.000e+00 (0.000e+00)  TeacherAttnOut: 0.000e+00 (0.000e+00)  TeacherFeatOut: 0.000e+00 (0.000e+00)  ActScaleAnchor: 0.000e+00 (0.000e+00)  VarTrust: 0.000e+00 (0.000e+00)  DirAnchor: 0.000e+00 (0.000e+00)  BinReg: 0.000e+00 (0.000e+00)  SelBinAnchor: 0.000e+00 (0.000e+00)  ActBinMargin: 0.000e+00 (0.000e+00)  Time: 0.243s, 2108.06/s  (0.233s, 2200.38/s)  LR: 6.985e-06  RefW: 0.000e+00  AnchorRefW: 0.000e+00  Data: 0.006 (0.008)
Train: 21 [ 500/2502 ( 20%)]  Loss: 51.438778 (51.4163)  BaseLoss: 51.438778 (51.4163)  RefAttnKL: 0.000e+00 (0.000e+00)  RefLogitKL: 0.000e+00 (0.000e+00)  AnchorRefAttnKL: 0.000e+00 (0.000e+00)  TeacherAttnKL: 0.000e+00 (0.000e+00)  TeacherRel: 0.000e+00 (0.000e+00)  TeacherAttnOut: 0.000e+00 (0.000e+00)  TeacherFeatOut: 0.000e+00 (0.000e+00)  ActScaleAnchor: 0.000e+00 (0.000e+00)  VarTrust: 0.000e+00 (0.000e+00)  DirAnchor: 0.000e+00 (0.000e+00)  BinReg: 0.000e+00 (0.000e+00)  SelBinAnchor: 0.000e+00 (0.000e+00)  ActBinMargin: 0.000e+00 (0.000e+00)  Time: 0.244s, 2100.63/s  (0.232s, 2202.47/s)  LR: 6.977e-06  RefW: 0.000e+00  AnchorRefW: 0.000e+00  Data: 0.006 (0.007)
Train: 21 [ 550/2502 ( 22%)]  Loss: 51.441063 (51.4184)  BaseLoss: 51.441063 (51.4184)  RefAttnKL: 0.000e+00 (0.000e+00)  RefLogitKL: 0.000e+00 (0.000e+00)  AnchorRefAttnKL: 0.000e+00 (0.000e+00)  TeacherAttnKL: 0.000e+00 (0.000e+00)  TeacherRel: 0.000e+00 (0.000e+00)  TeacherAttnOut: 0.000e+00 (0.000e+00)  TeacherFeatOut: 0.000e+00 (0.000e+00)  ActScaleAnchor: 0.000e+00 (0.000e+00)  VarTrust: 0.000e+00 (0.000e+00)  DirAnchor: 0.000e+00 (0.000e+00)  BinReg: 0.000e+00 (0.000e+00)  SelBinAnchor: 0.000e+00 (0.000e+00)  ActBinMargin: 0.000e+00 (0.000e+00)  Time: 0.243s, 2111.02/s  (0.232s, 2202.57/s)  LR: 6.969e-06  RefW: 0.000e+00  AnchorRefW: 0.000e+00  Data: 0.005 (0.007)
Train: 21 [ 600/2502 ( 24%)]  Loss: 51.378632 (51.4153)  BaseLoss: 51.378632 (51.4153)  RefAttnKL: 0.000e+00 (0.000e+00)  RefLogitKL: 0.000e+00 (0.000e+00)  AnchorRefAttnKL: 0.000e+00 (0.000e+00)  TeacherAttnKL: 0.000e+00 (0.000e+00)  TeacherRel: 0.000e+00 (0.000e+00)  TeacherAttnOut: 0.000e+00 (0.000e+00)  TeacherFeatOut: 0.000e+00 (0.000e+00)  ActScaleAnchor: 0.000e+00 (0.000e+00)  VarTrust: 0.000e+00 (0.000e+00)  DirAnchor: 0.000e+00 (0.000e+00)  BinReg: 0.000e+00 (0.000e+00)  SelBinAnchor: 0.000e+00 (0.000e+00)  ActBinMargin: 0.000e+00 (0.000e+00)  Time: 0.243s, 2109.24/s  (0.232s, 2204.06/s)  LR: 6.960e-06  RefW: 0.000e+00  AnchorRefW: 0.000e+00  Data: 0.006 (0.007)
Train: 21 [ 650/2502 ( 26%)]  Loss: 51.397270 (51.4140)  BaseLoss: 51.397270 (51.4140)  RefAttnKL: 0.000e+00 (0.000e+00)  RefLogitKL: 0.000e+00 (0.000e+00)  AnchorRefAttnKL: 0.000e+00 (0.000e+00)  TeacherAttnKL: 0.000e+00 (0.000e+00)  TeacherRel: 0.000e+00 (0.000e+00)  TeacherAttnOut: 0.000e+00 (0.000e+00)  TeacherFeatOut: 0.000e+00 (0.000e+00)  ActScaleAnchor: 0.000e+00 (0.000e+00)  VarTrust: 0.000e+00 (0.000e+00)  DirAnchor: 0.000e+00 (0.000e+00)  BinReg: 0.000e+00 (0.000e+00)  SelBinAnchor: 0.000e+00 (0.000e+00)  ActBinMargin: 0.000e+00 (0.000e+00)  Time: 0.244s, 2096.62/s  (0.232s, 2204.89/s)  LR: 6.952e-06  RefW: 0.000e+00  AnchorRefW: 0.000e+00  Data: 0.006 (0.007)
Train: 21 [ 700/2502 ( 28%)]  Loss: 51.350830 (51.4098)  BaseLoss: 51.350830 (51.4098)  RefAttnKL: 0.000e+00 (0.000e+00)  RefLogitKL: 0.000e+00 (0.000e+00)  AnchorRefAttnKL: 0.000e+00 (0.000e+00)  TeacherAttnKL: 0.000e+00 (0.000e+00)  TeacherRel: 0.000e+00 (0.000e+00)  TeacherAttnOut: 0.000e+00 (0.000e+00)  TeacherFeatOut: 0.000e+00 (0.000e+00)  ActScaleAnchor: 0.000e+00 (0.000e+00)  VarTrust: 0.000e+00 (0.000e+00)  DirAnchor: 0.000e+00 (0.000e+00)  BinReg: 0.000e+00 (0.000e+00)  SelBinAnchor: 0.000e+00 (0.000e+00)  ActBinMargin: 0.000e+00 (0.000e+00)  Time: 0.243s, 2107.42/s  (0.232s, 2206.00/s)  LR: 6.944e-06  RefW: 0.000e+00  AnchorRefW: 0.000e+00  Data: 0.006 (0.007)
Train: 21 [ 750/2502 ( 30%)]  Loss: 51.355656 (51.4064)  BaseLoss: 51.355656 (51.4064)  RefAttnKL: 0.000e+00 (0.000e+00)  RefLogitKL: 0.000e+00 (0.000e+00)  AnchorRefAttnKL: 0.000e+00 (0.000e+00)  TeacherAttnKL: 0.000e+00 (0.000e+00)  TeacherRel: 0.000e+00 (0.000e+00)  TeacherAttnOut: 0.000e+00 (0.000e+00)  TeacherFeatOut: 0.000e+00 (0.000e+00)  ActScaleAnchor: 0.000e+00 (0.000e+00)  VarTrust: 0.000e+00 (0.000e+00)  DirAnchor: 0.000e+00 (0.000e+00)  BinReg: 0.000e+00 (0.000e+00)  SelBinAnchor: 0.000e+00 (0.000e+00)  ActBinMargin: 0.000e+00 (0.000e+00)  Time: 0.246s, 2081.47/s  (0.232s, 2206.68/s)  LR: 6.935e-06  RefW: 0.000e+00  AnchorRefW: 0.000e+00  Data: 0.006 (0.007)
Train: 21 [ 800/2502 ( 32%)]  Loss: 51.414391 (51.4069)  BaseLoss: 51.414391 (51.4069)  RefAttnKL: 0.000e+00 (0.000e+00)  RefLogitKL: 0.000e+00 (0.000e+00)  AnchorRefAttnKL: 0.000e+00 (0.000e+00)  TeacherAttnKL: 0.000e+00 (0.000e+00)  TeacherRel: 0.000e+00 (0.000e+00)  TeacherAttnOut: 0.000e+00 (0.000e+00)  TeacherFeatOut: 0.000e+00 (0.000e+00)  ActScaleAnchor: 0.000e+00 (0.000e+00)  VarTrust: 0.000e+00 (0.000e+00)  DirAnchor: 0.000e+00 (0.000e+00)  BinReg: 0.000e+00 (0.000e+00)  SelBinAnchor: 0.000e+00 (0.000e+00)  ActBinMargin: 0.000e+00 (0.000e+00)  Time: 0.243s, 2107.43/s  (0.232s, 2207.25/s)  LR: 6.927e-06  RefW: 0.000e+00  AnchorRefW: 0.000e+00  Data: 0.006 (0.007)
Train: 21 [ 850/2502 ( 34%)]  Loss: 51.385544 (51.4057)  BaseLoss: 51.385544 (51.4057)  RefAttnKL: 0.000e+00 (0.000e+00)  RefLogitKL: 0.000e+00 (0.000e+00)  AnchorRefAttnKL: 0.000e+00 (0.000e+00)  TeacherAttnKL: 0.000e+00 (0.000e+00)  TeacherRel: 0.000e+00 (0.000e+00)  TeacherAttnOut: 0.000e+00 (0.000e+00)  TeacherFeatOut: 0.000e+00 (0.000e+00)  ActScaleAnchor: 0.000e+00 (0.000e+00)  VarTrust: 0.000e+00 (0.000e+00)  DirAnchor: 0.000e+00 (0.000e+00)  BinReg: 0.000e+00 (0.000e+00)  SelBinAnchor: 0.000e+00 (0.000e+00)  ActBinMargin: 0.000e+00 (0.000e+00)  Time: 0.271s, 1890.43/s  (0.232s, 2207.24/s)  LR: 6.919e-06  RefW: 0.000e+00  AnchorRefW: 0.000e+00  Data: 0.006 (0.007)
Train: 21 [ 900/2502 ( 36%)]  Loss: 51.400795 (51.4055)  BaseLoss: 51.400795 (51.4055)  RefAttnKL: 0.000e+00 (0.000e+00)  RefLogitKL: 0.000e+00 (0.000e+00)  AnchorRefAttnKL: 0.000e+00 (0.000e+00)  TeacherAttnKL: 0.000e+00 (0.000e+00)  TeacherRel: 0.000e+00 (0.000e+00)  TeacherAttnOut: 0.000e+00 (0.000e+00)  TeacherFeatOut: 0.000e+00 (0.000e+00)  ActScaleAnchor: 0.000e+00 (0.000e+00)  VarTrust: 0.000e+00 (0.000e+00)  DirAnchor: 0.000e+00 (0.000e+00)  BinReg: 0.000e+00 (0.000e+00)  SelBinAnchor: 0.000e+00 (0.000e+00)  ActBinMargin: 0.000e+00 (0.000e+00)  Time: 0.243s, 2106.45/s  (0.232s, 2207.73/s)  LR: 6.911e-06  RefW: 0.000e+00  AnchorRefW: 0.000e+00  Data: 0.007 (0.007)
Train: 21 [ 950/2502 ( 38%)]  Loss: 51.390533 (51.4047)  BaseLoss: 51.390533 (51.4047)  RefAttnKL: 0.000e+00 (0.000e+00)  RefLogitKL: 0.000e+00 (0.000e+00)  AnchorRefAttnKL: 0.000e+00 (0.000e+00)  TeacherAttnKL: 0.000e+00 (0.000e+00)  TeacherRel: 0.000e+00 (0.000e+00)  TeacherAttnOut: 0.000e+00 (0.000e+00)  TeacherFeatOut: 0.000e+00 (0.000e+00)  ActScaleAnchor: 0.000e+00 (0.000e+00)  VarTrust: 0.000e+00 (0.000e+00)  DirAnchor: 0.000e+00 (0.000e+00)  BinReg: 0.000e+00 (0.000e+00)  SelBinAnchor: 0.000e+00 (0.000e+00)  ActBinMargin: 0.000e+00 (0.000e+00)  Time: 0.242s, 2111.50/s  (0.232s, 2208.19/s)  LR: 6.902e-06  RefW: 0.000e+00  AnchorRefW: 0.000e+00  Data: 0.006 (0.007)
Train: 21 [1000/2502 ( 40%)]  Loss: 51.415890 (51.4052)  BaseLoss: 51.415890 (51.4052)  RefAttnKL: 0.000e+00 (0.000e+00)  RefLogitKL: 0.000e+00 (0.000e+00)  AnchorRefAttnKL: 0.000e+00 (0.000e+00)  TeacherAttnKL: 0.000e+00 (0.000e+00)  TeacherRel: 0.000e+00 (0.000e+00)  TeacherAttnOut: 0.000e+00 (0.000e+00)  TeacherFeatOut: 0.000e+00 (0.000e+00)  ActScaleAnchor: 0.000e+00 (0.000e+00)  VarTrust: 0.000e+00 (0.000e+00)  DirAnchor: 0.000e+00 (0.000e+00)  BinReg: 0.000e+00 (0.000e+00)  SelBinAnchor: 0.000e+00 (0.000e+00)  ActBinMargin: 0.000e+00 (0.000e+00)  Time: 0.243s, 2104.88/s  (0.232s, 2208.08/s)  LR: 6.894e-06  RefW: 0.000e+00  AnchorRefW: 0.000e+00  Data: 0.006 (0.007)
Train: 21 [1050/2502 ( 42%)]  Loss: 51.378410 (51.4040)  BaseLoss: 51.378410 (51.4040)  RefAttnKL: 0.000e+00 (0.000e+00)  RefLogitKL: 0.000e+00 (0.000e+00)  AnchorRefAttnKL: 0.000e+00 (0.000e+00)  TeacherAttnKL: 0.000e+00 (0.000e+00)  TeacherRel: 0.000e+00 (0.000e+00)  TeacherAttnOut: 0.000e+00 (0.000e+00)  TeacherFeatOut: 0.000e+00 (0.000e+00)  ActScaleAnchor: 0.000e+00 (0.000e+00)  VarTrust: 0.000e+00 (0.000e+00)  DirAnchor: 0.000e+00 (0.000e+00)  BinReg: 0.000e+00 (0.000e+00)  SelBinAnchor: 0.000e+00 (0.000e+00)  ActBinMargin: 0.000e+00 (0.000e+00)  Time: 0.243s, 2106.91/s  (0.232s, 2208.42/s)  LR: 6.886e-06  RefW: 0.000e+00  AnchorRefW: 0.000e+00  Data: 0.006 (0.007)
Train: 21 [1100/2502 ( 44%)]  Loss: 51.346252 (51.4015)  BaseLoss: 51.346252 (51.4015)  RefAttnKL: 0.000e+00 (0.000e+00)  RefLogitKL: 0.000e+00 (0.000e+00)  AnchorRefAttnKL: 0.000e+00 (0.000e+00)  TeacherAttnKL: 0.000e+00 (0.000e+00)  TeacherRel: 0.000e+00 (0.000e+00)  TeacherAttnOut: 0.000e+00 (0.000e+00)  TeacherFeatOut: 0.000e+00 (0.000e+00)  ActScaleAnchor: 0.000e+00 (0.000e+00)  VarTrust: 0.000e+00 (0.000e+00)  DirAnchor: 0.000e+00 (0.000e+00)  BinReg: 0.000e+00 (0.000e+00)  SelBinAnchor: 0.000e+00 (0.000e+00)  ActBinMargin: 0.000e+00 (0.000e+00)  Time: 0.247s, 2074.61/s  (0.232s, 2207.65/s)  LR: 6.878e-06  RefW: 0.000e+00  AnchorRefW: 0.000e+00  Data: 0.006 (0.007)
Train: 21 [1150/2502 ( 46%)]  Loss: 51.402969 (51.4016)  BaseLoss: 51.402969 (51.4016)  RefAttnKL: 0.000e+00 (0.000e+00)  RefLogitKL: 0.000e+00 (0.000e+00)  AnchorRefAttnKL: 0.000e+00 (0.000e+00)  TeacherAttnKL: 0.000e+00 (0.000e+00)  TeacherRel: 0.000e+00 (0.000e+00)  TeacherAttnOut: 0.000e+00 (0.000e+00)  TeacherFeatOut: 0.000e+00 (0.000e+00)  ActScaleAnchor: 0.000e+00 (0.000e+00)  VarTrust: 0.000e+00 (0.000e+00)  DirAnchor: 0.000e+00 (0.000e+00)  BinReg: 0.000e+00 (0.000e+00)  SelBinAnchor: 0.000e+00 (0.000e+00)  ActBinMargin: 0.000e+00 (0.000e+00)  Time: 0.243s, 2109.62/s  (0.232s, 2206.82/s)  LR: 6.870e-06  RefW: 0.000e+00  AnchorRefW: 0.000e+00  Data: 0.006 (0.007)
Train: 21 [1200/2502 ( 48%)]  Loss: 51.380116 (51.4007)  BaseLoss: 51.380116 (51.4007)  RefAttnKL: 0.000e+00 (0.000e+00)  RefLogitKL: 0.000e+00 (0.000e+00)  AnchorRefAttnKL: 0.000e+00 (0.000e+00)  TeacherAttnKL: 0.000e+00 (0.000e+00)  TeacherRel: 0.000e+00 (0.000e+00)  TeacherAttnOut: 0.000e+00 (0.000e+00)  TeacherFeatOut: 0.000e+00 (0.000e+00)  ActScaleAnchor: 0.000e+00 (0.000e+00)  VarTrust: 0.000e+00 (0.000e+00)  DirAnchor: 0.000e+00 (0.000e+00)  BinReg: 0.000e+00 (0.000e+00)  SelBinAnchor: 0.000e+00 (0.000e+00)  ActBinMargin: 0.000e+00 (0.000e+00)  Time: 0.243s, 2110.29/s  (0.232s, 2207.00/s)  LR: 6.862e-06  RefW: 0.000e+00  AnchorRefW: 0.000e+00  Data: 0.006 (0.006)
Train: 21 [1250/2502 ( 50%)]  Loss: 51.424397 (51.4016)  BaseLoss: 51.424397 (51.4016)  RefAttnKL: 0.000e+00 (0.000e+00)  RefLogitKL: 0.000e+00 (0.000e+00)  AnchorRefAttnKL: 0.000e+00 (0.000e+00)  TeacherAttnKL: 0.000e+00 (0.000e+00)  TeacherRel: 0.000e+00 (0.000e+00)  TeacherAttnOut: 0.000e+00 (0.000e+00)  TeacherFeatOut: 0.000e+00 (0.000e+00)  ActScaleAnchor: 0.000e+00 (0.000e+00)  VarTrust: 0.000e+00 (0.000e+00)  DirAnchor: 0.000e+00 (0.000e+00)  BinReg: 0.000e+00 (0.000e+00)  SelBinAnchor: 0.000e+00 (0.000e+00)  ActBinMargin: 0.000e+00 (0.000e+00)  Time: 0.241s, 2122.05/s  (0.232s, 2207.67/s)  LR: 6.853e-06  RefW: 0.000e+00  AnchorRefW: 0.000e+00  Data: 0.006 (0.006)
Train: 21 [1300/2502 ( 52%)]  Loss: 51.427460 (51.4026)  BaseLoss: 51.427460 (51.4026)  RefAttnKL: 0.000e+00 (0.000e+00)  RefLogitKL: 0.000e+00 (0.000e+00)  AnchorRefAttnKL: 0.000e+00 (0.000e+00)  TeacherAttnKL: 0.000e+00 (0.000e+00)  TeacherRel: 0.000e+00 (0.000e+00)  TeacherAttnOut: 0.000e+00 (0.000e+00)  TeacherFeatOut: 0.000e+00 (0.000e+00)  ActScaleAnchor: 0.000e+00 (0.000e+00)  VarTrust: 0.000e+00 (0.000e+00)  DirAnchor: 0.000e+00 (0.000e+00)  BinReg: 0.000e+00 (0.000e+00)  SelBinAnchor: 0.000e+00 (0.000e+00)  ActBinMargin: 0.000e+00 (0.000e+00)  Time: 0.244s, 2097.39/s  (0.232s, 2207.47/s)  LR: 6.845e-06  RefW: 0.000e+00  AnchorRefW: 0.000e+00  Data: 0.006 (0.006)
Train: 21 [1350/2502 ( 54%)]  Loss: 51.426704 (51.4034)  BaseLoss: 51.426704 (51.4034)  RefAttnKL: 0.000e+00 (0.000e+00)  RefLogitKL: 0.000e+00 (0.000e+00)  AnchorRefAttnKL: 0.000e+00 (0.000e+00)  TeacherAttnKL: 0.000e+00 (0.000e+00)  TeacherRel: 0.000e+00 (0.000e+00)  TeacherAttnOut: 0.000e+00 (0.000e+00)  TeacherFeatOut: 0.000e+00 (0.000e+00)  ActScaleAnchor: 0.000e+00 (0.000e+00)  VarTrust: 0.000e+00 (0.000e+00)  DirAnchor: 0.000e+00 (0.000e+00)  BinReg: 0.000e+00 (0.000e+00)  SelBinAnchor: 0.000e+00 (0.000e+00)  ActBinMargin: 0.000e+00 (0.000e+00)  Time: 0.244s, 2102.28/s  (0.232s, 2207.95/s)  LR: 6.837e-06  RefW: 0.000e+00  AnchorRefW: 0.000e+00  Data: 0.006 (0.006)
Train: 21 [1400/2502 ( 56%)]  Loss: 51.419296 (51.4040)  BaseLoss: 51.419296 (51.4040)  RefAttnKL: 0.000e+00 (0.000e+00)  RefLogitKL: 0.000e+00 (0.000e+00)  AnchorRefAttnKL: 0.000e+00 (0.000e+00)  TeacherAttnKL: 0.000e+00 (0.000e+00)  TeacherRel: 0.000e+00 (0.000e+00)  TeacherAttnOut: 0.000e+00 (0.000e+00)  TeacherFeatOut: 0.000e+00 (0.000e+00)  ActScaleAnchor: 0.000e+00 (0.000e+00)  VarTrust: 0.000e+00 (0.000e+00)  DirAnchor: 0.000e+00 (0.000e+00)  BinReg: 0.000e+00 (0.000e+00)  SelBinAnchor: 0.000e+00 (0.000e+00)  ActBinMargin: 0.000e+00 (0.000e+00)  Time: 0.233s, 2192.74/s  (0.232s, 2208.30/s)  LR: 6.829e-06  RefW: 0.000e+00  AnchorRefW: 0.000e+00  Data: 0.005 (0.006)
Train: 21 [1450/2502 ( 58%)]  Loss: 51.415703 (51.4044)  BaseLoss: 51.415703 (51.4044)  RefAttnKL: 0.000e+00 (0.000e+00)  RefLogitKL: 0.000e+00 (0.000e+00)  AnchorRefAttnKL: 0.000e+00 (0.000e+00)  TeacherAttnKL: 0.000e+00 (0.000e+00)  TeacherRel: 0.000e+00 (0.000e+00)  TeacherAttnOut: 0.000e+00 (0.000e+00)  TeacherFeatOut: 0.000e+00 (0.000e+00)  ActScaleAnchor: 0.000e+00 (0.000e+00)  VarTrust: 0.000e+00 (0.000e+00)  DirAnchor: 0.000e+00 (0.000e+00)  BinReg: 0.000e+00 (0.000e+00)  SelBinAnchor: 0.000e+00 (0.000e+00)  ActBinMargin: 0.000e+00 (0.000e+00)  Time: 0.243s, 2110.25/s  (0.232s, 2208.69/s)  LR: 6.821e-06  RefW: 0.000e+00  AnchorRefW: 0.000e+00  Data: 0.006 (0.006)
Train: 21 [1500/2502 ( 60%)]  Loss: 51.413250 (51.4047)  BaseLoss: 51.413250 (51.4047)  RefAttnKL: 0.000e+00 (0.000e+00)  RefLogitKL: 0.000e+00 (0.000e+00)  AnchorRefAttnKL: 0.000e+00 (0.000e+00)  TeacherAttnKL: 0.000e+00 (0.000e+00)  TeacherRel: 0.000e+00 (0.000e+00)  TeacherAttnOut: 0.000e+00 (0.000e+00)  TeacherFeatOut: 0.000e+00 (0.000e+00)  ActScaleAnchor: 0.000e+00 (0.000e+00)  VarTrust: 0.000e+00 (0.000e+00)  DirAnchor: 0.000e+00 (0.000e+00)  BinReg: 0.000e+00 (0.000e+00)  SelBinAnchor: 0.000e+00 (0.000e+00)  ActBinMargin: 0.000e+00 (0.000e+00)  Time: 0.242s, 2117.79/s  (0.232s, 2209.11/s)  LR: 6.813e-06  RefW: 0.000e+00  AnchorRefW: 0.000e+00  Data: 0.006 (0.006)
Train: 21 [1550/2502 ( 62%)]  Loss: 51.420189 (51.4052)  BaseLoss: 51.420189 (51.4052)  RefAttnKL: 0.000e+00 (0.000e+00)  RefLogitKL: 0.000e+00 (0.000e+00)  AnchorRefAttnKL: 0.000e+00 (0.000e+00)  TeacherAttnKL: 0.000e+00 (0.000e+00)  TeacherRel: 0.000e+00 (0.000e+00)  TeacherAttnOut: 0.000e+00 (0.000e+00)  TeacherFeatOut: 0.000e+00 (0.000e+00)  ActScaleAnchor: 0.000e+00 (0.000e+00)  VarTrust: 0.000e+00 (0.000e+00)  DirAnchor: 0.000e+00 (0.000e+00)  BinReg: 0.000e+00 (0.000e+00)  SelBinAnchor: 0.000e+00 (0.000e+00)  ActBinMargin: 0.000e+00 (0.000e+00)  Time: 0.243s, 2106.63/s  (0.232s, 2208.85/s)  LR: 6.805e-06  RefW: 0.000e+00  AnchorRefW: 0.000e+00  Data: 0.005 (0.006)
Train: 21 [1600/2502 ( 64%)]  Loss: 51.400703 (51.4050)  BaseLoss: 51.400703 (51.4050)  RefAttnKL: 0.000e+00 (0.000e+00)  RefLogitKL: 0.000e+00 (0.000e+00)  AnchorRefAttnKL: 0.000e+00 (0.000e+00)  TeacherAttnKL: 0.000e+00 (0.000e+00)  TeacherRel: 0.000e+00 (0.000e+00)  TeacherAttnOut: 0.000e+00 (0.000e+00)  TeacherFeatOut: 0.000e+00 (0.000e+00)  ActScaleAnchor: 0.000e+00 (0.000e+00)  VarTrust: 0.000e+00 (0.000e+00)  DirAnchor: 0.000e+00 (0.000e+00)  BinReg: 0.000e+00 (0.000e+00)  SelBinAnchor: 0.000e+00 (0.000e+00)  ActBinMargin: 0.000e+00 (0.000e+00)  Time: 0.245s, 2094.03/s  (0.232s, 2209.07/s)  LR: 6.797e-06  RefW: 0.000e+00  AnchorRefW: 0.000e+00  Data: 0.006 (0.006)
Train: 21 [1650/2502 ( 66%)]  Loss: 51.439217 (51.4060)  BaseLoss: 51.439217 (51.4060)  RefAttnKL: 0.000e+00 (0.000e+00)  RefLogitKL: 0.000e+00 (0.000e+00)  AnchorRefAttnKL: 0.000e+00 (0.000e+00)  TeacherAttnKL: 0.000e+00 (0.000e+00)  TeacherRel: 0.000e+00 (0.000e+00)  TeacherAttnOut: 0.000e+00 (0.000e+00)  TeacherFeatOut: 0.000e+00 (0.000e+00)  ActScaleAnchor: 0.000e+00 (0.000e+00)  VarTrust: 0.000e+00 (0.000e+00)  DirAnchor: 0.000e+00 (0.000e+00)  BinReg: 0.000e+00 (0.000e+00)  SelBinAnchor: 0.000e+00 (0.000e+00)  ActBinMargin: 0.000e+00 (0.000e+00)  Time: 0.246s, 2083.00/s  (0.232s, 2208.89/s)  LR: 6.789e-06  RefW: 0.000e+00  AnchorRefW: 0.000e+00  Data: 0.005 (0.006)
Train: 21 [1700/2502 ( 68%)]  Loss: 51.413422 (51.4062)  BaseLoss: 51.413422 (51.4062)  RefAttnKL: 0.000e+00 (0.000e+00)  RefLogitKL: 0.000e+00 (0.000e+00)  AnchorRefAttnKL: 0.000e+00 (0.000e+00)  TeacherAttnKL: 0.000e+00 (0.000e+00)  TeacherRel: 0.000e+00 (0.000e+00)  TeacherAttnOut: 0.000e+00 (0.000e+00)  TeacherFeatOut: 0.000e+00 (0.000e+00)  ActScaleAnchor: 0.000e+00 (0.000e+00)  VarTrust: 0.000e+00 (0.000e+00)  DirAnchor: 0.000e+00 (0.000e+00)  BinReg: 0.000e+00 (0.000e+00)  SelBinAnchor: 0.000e+00 (0.000e+00)  ActBinMargin: 0.000e+00 (0.000e+00)  Time: 0.242s, 2116.69/s  (0.232s, 2209.02/s)  LR: 6.781e-06  RefW: 0.000e+00  AnchorRefW: 0.000e+00  Data: 0.006 (0.006)
Train: 21 [1750/2502 ( 70%)]  Loss: 51.382462 (51.4056)  BaseLoss: 51.382462 (51.4056)  RefAttnKL: 0.000e+00 (0.000e+00)  RefLogitKL: 0.000e+00 (0.000e+00)  AnchorRefAttnKL: 0.000e+00 (0.000e+00)  TeacherAttnKL: 0.000e+00 (0.000e+00)  TeacherRel: 0.000e+00 (0.000e+00)  TeacherAttnOut: 0.000e+00 (0.000e+00)  TeacherFeatOut: 0.000e+00 (0.000e+00)  ActScaleAnchor: 0.000e+00 (0.000e+00)  VarTrust: 0.000e+00 (0.000e+00)  DirAnchor: 0.000e+00 (0.000e+00)  BinReg: 0.000e+00 (0.000e+00)  SelBinAnchor: 0.000e+00 (0.000e+00)  ActBinMargin: 0.000e+00 (0.000e+00)  Time: 0.243s, 2111.13/s  (0.232s, 2209.11/s)  LR: 6.773e-06  RefW: 0.000e+00  AnchorRefW: 0.000e+00  Data: 0.006 (0.006)
Train: 21 [1800/2502 ( 72%)]  Loss: 51.438553 (51.4065)  BaseLoss: 51.438553 (51.4065)  RefAttnKL: 0.000e+00 (0.000e+00)  RefLogitKL: 0.000e+00 (0.000e+00)  AnchorRefAttnKL: 0.000e+00 (0.000e+00)  TeacherAttnKL: 0.000e+00 (0.000e+00)  TeacherRel: 0.000e+00 (0.000e+00)  TeacherAttnOut: 0.000e+00 (0.000e+00)  TeacherFeatOut: 0.000e+00 (0.000e+00)  ActScaleAnchor: 0.000e+00 (0.000e+00)  VarTrust: 0.000e+00 (0.000e+00)  DirAnchor: 0.000e+00 (0.000e+00)  BinReg: 0.000e+00 (0.000e+00)  SelBinAnchor: 0.000e+00 (0.000e+00)  ActBinMargin: 0.000e+00 (0.000e+00)  Time: 0.242s, 2118.71/s  (0.232s, 2209.41/s)  LR: 6.765e-06  RefW: 0.000e+00  AnchorRefW: 0.000e+00  Data: 0.006 (0.006)
Train: 21 [1850/2502 ( 74%)]  Loss: 51.368553 (51.4055)  BaseLoss: 51.368553 (51.4055)  RefAttnKL: 0.000e+00 (0.000e+00)  RefLogitKL: 0.000e+00 (0.000e+00)  AnchorRefAttnKL: 0.000e+00 (0.000e+00)  TeacherAttnKL: 0.000e+00 (0.000e+00)  TeacherRel: 0.000e+00 (0.000e+00)  TeacherAttnOut: 0.000e+00 (0.000e+00)  TeacherFeatOut: 0.000e+00 (0.000e+00)  ActScaleAnchor: 0.000e+00 (0.000e+00)  VarTrust: 0.000e+00 (0.000e+00)  DirAnchor: 0.000e+00 (0.000e+00)  BinReg: 0.000e+00 (0.000e+00)  SelBinAnchor: 0.000e+00 (0.000e+00)  ActBinMargin: 0.000e+00 (0.000e+00)  Time: 0.244s, 2101.99/s  (0.232s, 2209.41/s)  LR: 6.757e-06  RefW: 0.000e+00  AnchorRefW: 0.000e+00  Data: 0.005 (0.006)
Train: 21 [1900/2502 ( 76%)]  Loss: 51.425697 (51.4060)  BaseLoss: 51.425697 (51.4060)  RefAttnKL: 0.000e+00 (0.000e+00)  RefLogitKL: 0.000e+00 (0.000e+00)  AnchorRefAttnKL: 0.000e+00 (0.000e+00)  TeacherAttnKL: 0.000e+00 (0.000e+00)  TeacherRel: 0.000e+00 (0.000e+00)  TeacherAttnOut: 0.000e+00 (0.000e+00)  TeacherFeatOut: 0.000e+00 (0.000e+00)  ActScaleAnchor: 0.000e+00 (0.000e+00)  VarTrust: 0.000e+00 (0.000e+00)  DirAnchor: 0.000e+00 (0.000e+00)  BinReg: 0.000e+00 (0.000e+00)  SelBinAnchor: 0.000e+00 (0.000e+00)  ActBinMargin: 0.000e+00 (0.000e+00)  Time: 0.243s, 2105.88/s  (0.232s, 2209.76/s)  LR: 6.749e-06  RefW: 0.000e+00  AnchorRefW: 0.000e+00  Data: 0.006 (0.006)
Train: 21 [1950/2502 ( 78%)]  Loss: 51.429493 (51.4066)  BaseLoss: 51.429493 (51.4066)  RefAttnKL: 0.000e+00 (0.000e+00)  RefLogitKL: 0.000e+00 (0.000e+00)  AnchorRefAttnKL: 0.000e+00 (0.000e+00)  TeacherAttnKL: 0.000e+00 (0.000e+00)  TeacherRel: 0.000e+00 (0.000e+00)  TeacherAttnOut: 0.000e+00 (0.000e+00)  TeacherFeatOut: 0.000e+00 (0.000e+00)  ActScaleAnchor: 0.000e+00 (0.000e+00)  VarTrust: 0.000e+00 (0.000e+00)  DirAnchor: 0.000e+00 (0.000e+00)  BinReg: 0.000e+00 (0.000e+00)  SelBinAnchor: 0.000e+00 (0.000e+00)  ActBinMargin: 0.000e+00 (0.000e+00)  Time: 0.244s, 2095.23/s  (0.232s, 2209.90/s)  LR: 6.741e-06  RefW: 0.000e+00  AnchorRefW: 0.000e+00  Data: 0.005 (0.006)
Train: 21 [2000/2502 ( 80%)]  Loss: 51.408741 (51.4066)  BaseLoss: 51.408741 (51.4066)  RefAttnKL: 0.000e+00 (0.000e+00)  RefLogitKL: 0.000e+00 (0.000e+00)  AnchorRefAttnKL: 0.000e+00 (0.000e+00)  TeacherAttnKL: 0.000e+00 (0.000e+00)  TeacherRel: 0.000e+00 (0.000e+00)  TeacherAttnOut: 0.000e+00 (0.000e+00)  TeacherFeatOut: 0.000e+00 (0.000e+00)  ActScaleAnchor: 0.000e+00 (0.000e+00)  VarTrust: 0.000e+00 (0.000e+00)  DirAnchor: 0.000e+00 (0.000e+00)  BinReg: 0.000e+00 (0.000e+00)  SelBinAnchor: 0.000e+00 (0.000e+00)  ActBinMargin: 0.000e+00 (0.000e+00)  Time: 0.242s, 2111.80/s  (0.232s, 2210.21/s)  LR: 6.733e-06  RefW: 0.000e+00  AnchorRefW: 0.000e+00  Data: 0.006 (0.006)
Train: 21 [2050/2502 ( 82%)]  Loss: 51.367313 (51.4057)  BaseLoss: 51.367313 (51.4057)  RefAttnKL: 0.000e+00 (0.000e+00)  RefLogitKL: 0.000e+00 (0.000e+00)  AnchorRefAttnKL: 0.000e+00 (0.000e+00)  TeacherAttnKL: 0.000e+00 (0.000e+00)  TeacherRel: 0.000e+00 (0.000e+00)  TeacherAttnOut: 0.000e+00 (0.000e+00)  TeacherFeatOut: 0.000e+00 (0.000e+00)  ActScaleAnchor: 0.000e+00 (0.000e+00)  VarTrust: 0.000e+00 (0.000e+00)  DirAnchor: 0.000e+00 (0.000e+00)  BinReg: 0.000e+00 (0.000e+00)  SelBinAnchor: 0.000e+00 (0.000e+00)  ActBinMargin: 0.000e+00 (0.000e+00)  Time: 0.245s, 2091.73/s  (0.232s, 2210.40/s)  LR: 6.725e-06  RefW: 0.000e+00  AnchorRefW: 0.000e+00  Data: 0.006 (0.006)
Train: 21 [2100/2502 ( 84%)]  Loss: 51.393372 (51.4054)  BaseLoss: 51.393372 (51.4054)  RefAttnKL: 0.000e+00 (0.000e+00)  RefLogitKL: 0.000e+00 (0.000e+00)  AnchorRefAttnKL: 0.000e+00 (0.000e+00)  TeacherAttnKL: 0.000e+00 (0.000e+00)  TeacherRel: 0.000e+00 (0.000e+00)  TeacherAttnOut: 0.000e+00 (0.000e+00)  TeacherFeatOut: 0.000e+00 (0.000e+00)  ActScaleAnchor: 0.000e+00 (0.000e+00)  VarTrust: 0.000e+00 (0.000e+00)  DirAnchor: 0.000e+00 (0.000e+00)  BinReg: 0.000e+00 (0.000e+00)  SelBinAnchor: 0.000e+00 (0.000e+00)  ActBinMargin: 0.000e+00 (0.000e+00)  Time: 0.243s, 2108.55/s  (0.232s, 2210.54/s)  LR: 6.717e-06  RefW: 0.000e+00  AnchorRefW: 0.000e+00  Data: 0.006 (0.006)
Train: 21 [2150/2502 ( 86%)]  Loss: 51.390087 (51.4051)  BaseLoss: 51.390087 (51.4051)  RefAttnKL: 0.000e+00 (0.000e+00)  RefLogitKL: 0.000e+00 (0.000e+00)  AnchorRefAttnKL: 0.000e+00 (0.000e+00)  TeacherAttnKL: 0.000e+00 (0.000e+00)  TeacherRel: 0.000e+00 (0.000e+00)  TeacherAttnOut: 0.000e+00 (0.000e+00)  TeacherFeatOut: 0.000e+00 (0.000e+00)  ActScaleAnchor: 0.000e+00 (0.000e+00)  VarTrust: 0.000e+00 (0.000e+00)  DirAnchor: 0.000e+00 (0.000e+00)  BinReg: 0.000e+00 (0.000e+00)  SelBinAnchor: 0.000e+00 (0.000e+00)  ActBinMargin: 0.000e+00 (0.000e+00)  Time: 0.243s, 2108.12/s  (0.232s, 2210.77/s)  LR: 6.709e-06  RefW: 0.000e+00  AnchorRefW: 0.000e+00  Data: 0.005 (0.006)
Train: 21 [2200/2502 ( 88%)]  Loss: 51.397930 (51.4049)  BaseLoss: 51.397930 (51.4049)  RefAttnKL: 0.000e+00 (0.000e+00)  RefLogitKL: 0.000e+00 (0.000e+00)  AnchorRefAttnKL: 0.000e+00 (0.000e+00)  TeacherAttnKL: 0.000e+00 (0.000e+00)  TeacherRel: 0.000e+00 (0.000e+00)  TeacherAttnOut: 0.000e+00 (0.000e+00)  TeacherFeatOut: 0.000e+00 (0.000e+00)  ActScaleAnchor: 0.000e+00 (0.000e+00)  VarTrust: 0.000e+00 (0.000e+00)  DirAnchor: 0.000e+00 (0.000e+00)  BinReg: 0.000e+00 (0.000e+00)  SelBinAnchor: 0.000e+00 (0.000e+00)  ActBinMargin: 0.000e+00 (0.000e+00)  Time: 0.243s, 2109.52/s  (0.232s, 2210.66/s)  LR: 6.701e-06  RefW: 0.000e+00  AnchorRefW: 0.000e+00  Data: 0.006 (0.006)
Train: 21 [2250/2502 ( 90%)]  Loss: 51.395245 (51.4047)  BaseLoss: 51.395245 (51.4047)  RefAttnKL: 0.000e+00 (0.000e+00)  RefLogitKL: 0.000e+00 (0.000e+00)  AnchorRefAttnKL: 0.000e+00 (0.000e+00)  TeacherAttnKL: 0.000e+00 (0.000e+00)  TeacherRel: 0.000e+00 (0.000e+00)  TeacherAttnOut: 0.000e+00 (0.000e+00)  TeacherFeatOut: 0.000e+00 (0.000e+00)  ActScaleAnchor: 0.000e+00 (0.000e+00)  VarTrust: 0.000e+00 (0.000e+00)  DirAnchor: 0.000e+00 (0.000e+00)  BinReg: 0.000e+00 (0.000e+00)  SelBinAnchor: 0.000e+00 (0.000e+00)  ActBinMargin: 0.000e+00 (0.000e+00)  Time: 0.242s, 2119.65/s  (0.232s, 2210.87/s)  LR: 6.694e-06  RefW: 0.000e+00  AnchorRefW: 0.000e+00  Data: 0.006 (0.006)
Train: 21 [2300/2502 ( 92%)]  Loss: 51.411678 (51.4048)  BaseLoss: 51.411678 (51.4048)  RefAttnKL: 0.000e+00 (0.000e+00)  RefLogitKL: 0.000e+00 (0.000e+00)  AnchorRefAttnKL: 0.000e+00 (0.000e+00)  TeacherAttnKL: 0.000e+00 (0.000e+00)  TeacherRel: 0.000e+00 (0.000e+00)  TeacherAttnOut: 0.000e+00 (0.000e+00)  TeacherFeatOut: 0.000e+00 (0.000e+00)  ActScaleAnchor: 0.000e+00 (0.000e+00)  VarTrust: 0.000e+00 (0.000e+00)  DirAnchor: 0.000e+00 (0.000e+00)  BinReg: 0.000e+00 (0.000e+00)  SelBinAnchor: 0.000e+00 (0.000e+00)  ActBinMargin: 0.000e+00 (0.000e+00)  Time: 0.245s, 2092.61/s  (0.232s, 2210.96/s)  LR: 6.686e-06  RefW: 0.000e+00  AnchorRefW: 0.000e+00  Data: 0.008 (0.006)
Train: 21 [2350/2502 ( 94%)]  Loss: 51.411530 (51.4050)  BaseLoss: 51.411530 (51.4050)  RefAttnKL: 0.000e+00 (0.000e+00)  RefLogitKL: 0.000e+00 (0.000e+00)  AnchorRefAttnKL: 0.000e+00 (0.000e+00)  TeacherAttnKL: 0.000e+00 (0.000e+00)  TeacherRel: 0.000e+00 (0.000e+00)  TeacherAttnOut: 0.000e+00 (0.000e+00)  TeacherFeatOut: 0.000e+00 (0.000e+00)  ActScaleAnchor: 0.000e+00 (0.000e+00)  VarTrust: 0.000e+00 (0.000e+00)  DirAnchor: 0.000e+00 (0.000e+00)  BinReg: 0.000e+00 (0.000e+00)  SelBinAnchor: 0.000e+00 (0.000e+00)  ActBinMargin: 0.000e+00 (0.000e+00)  Time: 0.241s, 2120.22/s  (0.232s, 2211.09/s)  LR: 6.678e-06  RefW: 0.000e+00  AnchorRefW: 0.000e+00  Data: 0.006 (0.006)
Train: 21 [2400/2502 ( 96%)]  Loss: 51.388489 (51.4046)  BaseLoss: 51.388489 (51.4046)  RefAttnKL: 0.000e+00 (0.000e+00)  RefLogitKL: 0.000e+00 (0.000e+00)  AnchorRefAttnKL: 0.000e+00 (0.000e+00)  TeacherAttnKL: 0.000e+00 (0.000e+00)  TeacherRel: 0.000e+00 (0.000e+00)  TeacherAttnOut: 0.000e+00 (0.000e+00)  TeacherFeatOut: 0.000e+00 (0.000e+00)  ActScaleAnchor: 0.000e+00 (0.000e+00)  VarTrust: 0.000e+00 (0.000e+00)  DirAnchor: 0.000e+00 (0.000e+00)  BinReg: 0.000e+00 (0.000e+00)  SelBinAnchor: 0.000e+00 (0.000e+00)  ActBinMargin: 0.000e+00 (0.000e+00)  Time: 0.242s, 2116.88/s  (0.232s, 2211.21/s)  LR: 6.670e-06  RefW: 0.000e+00  AnchorRefW: 0.000e+00  Data: 0.006 (0.006)
Train: 21 [2450/2502 ( 98%)]  Loss: 51.404339 (51.4046)  BaseLoss: 51.404339 (51.4046)  RefAttnKL: 0.000e+00 (0.000e+00)  RefLogitKL: 0.000e+00 (0.000e+00)  AnchorRefAttnKL: 0.000e+00 (0.000e+00)  TeacherAttnKL: 0.000e+00 (0.000e+00)  TeacherRel: 0.000e+00 (0.000e+00)  TeacherAttnOut: 0.000e+00 (0.000e+00)  TeacherFeatOut: 0.000e+00 (0.000e+00)  ActScaleAnchor: 0.000e+00 (0.000e+00)  VarTrust: 0.000e+00 (0.000e+00)  DirAnchor: 0.000e+00 (0.000e+00)  BinReg: 0.000e+00 (0.000e+00)  SelBinAnchor: 0.000e+00 (0.000e+00)  ActBinMargin: 0.000e+00 (0.000e+00)  Time: 0.242s, 2119.26/s  (0.232s, 2211.44/s)  LR: 6.662e-06  RefW: 0.000e+00  AnchorRefW: 0.000e+00  Data: 0.006 (0.006)
TrainSummary: epoch=21 updates=2496 avg_step_time=0.231488s samples_per_step=512 samples_per_sec=2211.78
epoch:  21 g['lr']:  6.6552805900573735e-06
model eval
TestLocal: [   0/97]  Time: 0.977 (0.977)  Loss:  0.7849  Acc@1: 84.3750  Acc@5: 95.3125  Samples: 64
TestLocal: [  50/97]  Time: 0.093 (0.110)  Loss:  0.8273  Acc@1: 80.9130  Acc@5: 95.2206  Samples: 3264
TestLocal: [  97/97]  Time: 0.048 (0.101)  Loss:  0.8190  Acc@1: 81.0697  Acc@5: 95.4133  Samples: 6170
TestLocal: [ 100/97]  Time: 0.048 (0.099)  Loss:  0.8193  Acc@1: 81.0628  Acc@5: 95.4106  Samples: 6210
Test: [distributed-summary]  Time: 10.418s  Loss: 0.8409  Acc@1: 80.4220  Acc@5: 95.2920  Samples: 50000
Trainable parameter policy: epoch=22, quant_only=False, policy=all, trainable=28608256, frozen=0
AOQ explore scale ratio update: epoch=22, update=0, active=False, base_ratio=1.0, threshold_ratio=0.0, base_layers=(), selective_margin=0.0, base_quantizers=0, layer_ratios={}, layer_quantizers=0, layer_counts={}, quality_mode=none, quality_layers=(), quality_start_update=0, quality_min_frac=0.0, start_update=0, end_update=0
Trainable parameter update policy: epoch=22, update=0, mode=requires_grad, policy=all, trainable=28608256, frozen=0
Train: 22 [   0/2502 (  0%)]  Loss: 51.413818 (51.4138)  BaseLoss: 51.413818 (51.4138)  RefAttnKL: 0.000e+00 (0.000e+00)  RefLogitKL: 0.000e+00 (0.000e+00)  AnchorRefAttnKL: 0.000e+00 (0.000e+00)  TeacherAttnKL: 0.000e+00 (0.000e+00)  TeacherRel: 0.000e+00 (0.000e+00)  TeacherAttnOut: 0.000e+00 (0.000e+00)  TeacherFeatOut: 0.000e+00 (0.000e+00)  ActScaleAnchor: 0.000e+00 (0.000e+00)  VarTrust: 0.000e+00 (0.000e+00)  DirAnchor: 0.000e+00 (0.000e+00)  BinReg: 0.000e+00 (0.000e+00)  SelBinAnchor: 0.000e+00 (0.000e+00)  ActBinMargin: 0.000e+00 (0.000e+00)  Time: 1.097s,  466.85/s  (1.097s,  466.85/s)  LR: 6.654e-06  RefW: 0.000e+00  AnchorRefW: 0.000e+00  Data: 0.748 (0.748)
Train: 22 [  50/2502 (  2%)]  Loss: 51.357708 (51.3858)  BaseLoss: 51.357708 (51.3858)  RefAttnKL: 0.000e+00 (0.000e+00)  RefLogitKL: 0.000e+00 (0.000e+00)  AnchorRefAttnKL: 0.000e+00 (0.000e+00)  TeacherAttnKL: 0.000e+00 (0.000e+00)  TeacherRel: 0.000e+00 (0.000e+00)  TeacherAttnOut: 0.000e+00 (0.000e+00)  TeacherFeatOut: 0.000e+00 (0.000e+00)  ActScaleAnchor: 0.000e+00 (0.000e+00)  VarTrust: 0.000e+00 (0.000e+00)  DirAnchor: 0.000e+00 (0.000e+00)  BinReg: 0.000e+00 (0.000e+00)  SelBinAnchor: 0.000e+00 (0.000e+00)  ActBinMargin: 0.000e+00 (0.000e+00)  Time: 0.242s, 2114.80/s  (0.248s, 2061.84/s)  LR: 6.646e-06  RefW: 0.000e+00  AnchorRefW: 0.000e+00  Data: 0.005 (0.020)
Train: 22 [ 100/2502 (  4%)]  Loss: 51.430561 (51.4007)  BaseLoss: 51.430561 (51.4007)  RefAttnKL: 0.000e+00 (0.000e+00)  RefLogitKL: 0.000e+00 (0.000e+00)  AnchorRefAttnKL: 0.000e+00 (0.000e+00)  TeacherAttnKL: 0.000e+00 (0.000e+00)  TeacherRel: 0.000e+00 (0.000e+00)  TeacherAttnOut: 0.000e+00 (0.000e+00)  TeacherFeatOut: 0.000e+00 (0.000e+00)  ActScaleAnchor: 0.000e+00 (0.000e+00)  VarTrust: 0.000e+00 (0.000e+00)  DirAnchor: 0.000e+00 (0.000e+00)  BinReg: 0.000e+00 (0.000e+00)  SelBinAnchor: 0.000e+00 (0.000e+00)  ActBinMargin: 0.000e+00 (0.000e+00)  Time: 0.230s, 2223.51/s  (0.240s, 2133.24/s)  LR: 6.639e-06  RefW: 0.000e+00  AnchorRefW: 0.000e+00  Data: 0.005 (0.013)
Train: 22 [ 150/2502 (  6%)]  Loss: 51.409622 (51.4029)  BaseLoss: 51.409622 (51.4029)  RefAttnKL: 0.000e+00 (0.000e+00)  RefLogitKL: 0.000e+00 (0.000e+00)  AnchorRefAttnKL: 0.000e+00 (0.000e+00)  TeacherAttnKL: 0.000e+00 (0.000e+00)  TeacherRel: 0.000e+00 (0.000e+00)  TeacherAttnOut: 0.000e+00 (0.000e+00)  TeacherFeatOut: 0.000e+00 (0.000e+00)  ActScaleAnchor: 0.000e+00 (0.000e+00)  VarTrust: 0.000e+00 (0.000e+00)  DirAnchor: 0.000e+00 (0.000e+00)  BinReg: 0.000e+00 (0.000e+00)  SelBinAnchor: 0.000e+00 (0.000e+00)  ActBinMargin: 0.000e+00 (0.000e+00)  Time: 0.246s, 2080.67/s  (0.237s, 2159.27/s)  LR: 6.631e-06  RefW: 0.000e+00  AnchorRefW: 0.000e+00  Data: 0.005 (0.010)
Train: 22 [ 200/2502 (  8%)]  Loss: 51.397762 (51.4019)  BaseLoss: 51.397762 (51.4019)  RefAttnKL: 0.000e+00 (0.000e+00)  RefLogitKL: 0.000e+00 (0.000e+00)  AnchorRefAttnKL: 0.000e+00 (0.000e+00)  TeacherAttnKL: 0.000e+00 (0.000e+00)  TeacherRel: 0.000e+00 (0.000e+00)  TeacherAttnOut: 0.000e+00 (0.000e+00)  TeacherFeatOut: 0.000e+00 (0.000e+00)  ActScaleAnchor: 0.000e+00 (0.000e+00)  VarTrust: 0.000e+00 (0.000e+00)  DirAnchor: 0.000e+00 (0.000e+00)  BinReg: 0.000e+00 (0.000e+00)  SelBinAnchor: 0.000e+00 (0.000e+00)  ActBinMargin: 0.000e+00 (0.000e+00)  Time: 0.244s, 2100.29/s  (0.236s, 2172.77/s)  LR: 6.623e-06  RefW: 0.000e+00  AnchorRefW: 0.000e+00  Data: 0.005 (0.009)
Train: 22 [ 250/2502 ( 10%)]  Loss: 51.461967 (51.4119)  BaseLoss: 51.461967 (51.4119)  RefAttnKL: 0.000e+00 (0.000e+00)  RefLogitKL: 0.000e+00 (0.000e+00)  AnchorRefAttnKL: 0.000e+00 (0.000e+00)  TeacherAttnKL: 0.000e+00 (0.000e+00)  TeacherRel: 0.000e+00 (0.000e+00)  TeacherAttnOut: 0.000e+00 (0.000e+00)  TeacherFeatOut: 0.000e+00 (0.000e+00)  ActScaleAnchor: 0.000e+00 (0.000e+00)  VarTrust: 0.000e+00 (0.000e+00)  DirAnchor: 0.000e+00 (0.000e+00)  BinReg: 0.000e+00 (0.000e+00)  SelBinAnchor: 0.000e+00 (0.000e+00)  ActBinMargin: 0.000e+00 (0.000e+00)  Time: 0.243s, 2103.49/s  (0.235s, 2180.06/s)  LR: 6.615e-06  RefW: 0.000e+00  AnchorRefW: 0.000e+00  Data: 0.006 (0.009)
Train: 22 [ 300/2502 ( 12%)]  Loss: 51.396187 (51.4097)  BaseLoss: 51.396187 (51.4097)  RefAttnKL: 0.000e+00 (0.000e+00)  RefLogitKL: 0.000e+00 (0.000e+00)  AnchorRefAttnKL: 0.000e+00 (0.000e+00)  TeacherAttnKL: 0.000e+00 (0.000e+00)  TeacherRel: 0.000e+00 (0.000e+00)  TeacherAttnOut: 0.000e+00 (0.000e+00)  TeacherFeatOut: 0.000e+00 (0.000e+00)  ActScaleAnchor: 0.000e+00 (0.000e+00)  VarTrust: 0.000e+00 (0.000e+00)  DirAnchor: 0.000e+00 (0.000e+00)  BinReg: 0.000e+00 (0.000e+00)  SelBinAnchor: 0.000e+00 (0.000e+00)  ActBinMargin: 0.000e+00 (0.000e+00)  Time: 0.243s, 2105.67/s  (0.234s, 2186.33/s)  LR: 6.608e-06  RefW: 0.000e+00  AnchorRefW: 0.000e+00  Data: 0.006 (0.008)
Train: 22 [ 350/2502 ( 14%)]  Loss: 51.445133 (51.4141)  BaseLoss: 51.445133 (51.4141)  RefAttnKL: 0.000e+00 (0.000e+00)  RefLogitKL: 0.000e+00 (0.000e+00)  AnchorRefAttnKL: 0.000e+00 (0.000e+00)  TeacherAttnKL: 0.000e+00 (0.000e+00)  TeacherRel: 0.000e+00 (0.000e+00)  TeacherAttnOut: 0.000e+00 (0.000e+00)  TeacherFeatOut: 0.000e+00 (0.000e+00)  ActScaleAnchor: 0.000e+00 (0.000e+00)  VarTrust: 0.000e+00 (0.000e+00)  DirAnchor: 0.000e+00 (0.000e+00)  BinReg: 0.000e+00 (0.000e+00)  SelBinAnchor: 0.000e+00 (0.000e+00)  ActBinMargin: 0.000e+00 (0.000e+00)  Time: 0.243s, 2109.45/s  (0.234s, 2190.86/s)  LR: 6.600e-06  RefW: 0.000e+00  AnchorRefW: 0.000e+00  Data: 0.006 (0.008)
Train: 22 [ 400/2502 ( 16%)]  Loss: 51.424469 (51.4152)  BaseLoss: 51.424469 (51.4152)  RefAttnKL: 0.000e+00 (0.000e+00)  RefLogitKL: 0.000e+00 (0.000e+00)  AnchorRefAttnKL: 0.000e+00 (0.000e+00)  TeacherAttnKL: 0.000e+00 (0.000e+00)  TeacherRel: 0.000e+00 (0.000e+00)  TeacherAttnOut: 0.000e+00 (0.000e+00)  TeacherFeatOut: 0.000e+00 (0.000e+00)  ActScaleAnchor: 0.000e+00 (0.000e+00)  VarTrust: 0.000e+00 (0.000e+00)  DirAnchor: 0.000e+00 (0.000e+00)  BinReg: 0.000e+00 (0.000e+00)  SelBinAnchor: 0.000e+00 (0.000e+00)  ActBinMargin: 0.000e+00 (0.000e+00)  Time: 0.245s, 2091.22/s  (0.233s, 2195.11/s)  LR: 6.592e-06  RefW: 0.000e+00  AnchorRefW: 0.000e+00  Data: 0.006 (0.008)
Train: 22 [ 450/2502 ( 18%)]  Loss: 51.437981 (51.4175)  BaseLoss: 51.437981 (51.4175)  RefAttnKL: 0.000e+00 (0.000e+00)  RefLogitKL: 0.000e+00 (0.000e+00)  AnchorRefAttnKL: 0.000e+00 (0.000e+00)  TeacherAttnKL: 0.000e+00 (0.000e+00)  TeacherRel: 0.000e+00 (0.000e+00)  TeacherAttnOut: 0.000e+00 (0.000e+00)  TeacherFeatOut: 0.000e+00 (0.000e+00)  ActScaleAnchor: 0.000e+00 (0.000e+00)  VarTrust: 0.000e+00 (0.000e+00)  DirAnchor: 0.000e+00 (0.000e+00)  BinReg: 0.000e+00 (0.000e+00)  SelBinAnchor: 0.000e+00 (0.000e+00)  ActBinMargin: 0.000e+00 (0.000e+00)  Time: 0.244s, 2100.86/s  (0.233s, 2196.70/s)  LR: 6.585e-06  RefW: 0.000e+00  AnchorRefW: 0.000e+00  Data: 0.005 (0.007)
Train: 22 [ 500/2502 ( 20%)]  Loss: 51.432186 (51.4189)  BaseLoss: 51.432186 (51.4189)  RefAttnKL: 0.000e+00 (0.000e+00)  RefLogitKL: 0.000e+00 (0.000e+00)  AnchorRefAttnKL: 0.000e+00 (0.000e+00)  TeacherAttnKL: 0.000e+00 (0.000e+00)  TeacherRel: 0.000e+00 (0.000e+00)  TeacherAttnOut: 0.000e+00 (0.000e+00)  TeacherFeatOut: 0.000e+00 (0.000e+00)  ActScaleAnchor: 0.000e+00 (0.000e+00)  VarTrust: 0.000e+00 (0.000e+00)  DirAnchor: 0.000e+00 (0.000e+00)  BinReg: 0.000e+00 (0.000e+00)  SelBinAnchor: 0.000e+00 (0.000e+00)  ActBinMargin: 0.000e+00 (0.000e+00)  Time: 0.244s, 2102.05/s  (0.233s, 2198.60/s)  LR: 6.577e-06  RefW: 0.000e+00  AnchorRefW: 0.000e+00  Data: 0.006 (0.007)
Train: 22 [ 550/2502 ( 22%)]  Loss: 51.448700 (51.4213)  BaseLoss: 51.448700 (51.4213)  RefAttnKL: 0.000e+00 (0.000e+00)  RefLogitKL: 0.000e+00 (0.000e+00)  AnchorRefAttnKL: 0.000e+00 (0.000e+00)  TeacherAttnKL: 0.000e+00 (0.000e+00)  TeacherRel: 0.000e+00 (0.000e+00)  TeacherAttnOut: 0.000e+00 (0.000e+00)  TeacherFeatOut: 0.000e+00 (0.000e+00)  ActScaleAnchor: 0.000e+00 (0.000e+00)  VarTrust: 0.000e+00 (0.000e+00)  DirAnchor: 0.000e+00 (0.000e+00)  BinReg: 0.000e+00 (0.000e+00)  SelBinAnchor: 0.000e+00 (0.000e+00)  ActBinMargin: 0.000e+00 (0.000e+00)  Time: 0.244s, 2096.57/s  (0.233s, 2199.28/s)  LR: 6.570e-06  RefW: 0.000e+00  AnchorRefW: 0.000e+00  Data: 0.006 (0.007)
Train: 22 [ 600/2502 ( 24%)]  Loss: 51.351757 (51.4160)  BaseLoss: 51.351757 (51.4160)  RefAttnKL: 0.000e+00 (0.000e+00)  RefLogitKL: 0.000e+00 (0.000e+00)  AnchorRefAttnKL: 0.000e+00 (0.000e+00)  TeacherAttnKL: 0.000e+00 (0.000e+00)  TeacherRel: 0.000e+00 (0.000e+00)  TeacherAttnOut: 0.000e+00 (0.000e+00)  TeacherFeatOut: 0.000e+00 (0.000e+00)  ActScaleAnchor: 0.000e+00 (0.000e+00)  VarTrust: 0.000e+00 (0.000e+00)  DirAnchor: 0.000e+00 (0.000e+00)  BinReg: 0.000e+00 (0.000e+00)  SelBinAnchor: 0.000e+00 (0.000e+00)  ActBinMargin: 0.000e+00 (0.000e+00)  Time: 0.243s, 2103.92/s  (0.233s, 2200.44/s)  LR: 6.562e-06  RefW: 0.000e+00  AnchorRefW: 0.000e+00  Data: 0.006 (0.007)
Train: 22 [ 650/2502 ( 26%)]  Loss: 51.421974 (51.4164)  BaseLoss: 51.421974 (51.4164)  RefAttnKL: 0.000e+00 (0.000e+00)  RefLogitKL: 0.000e+00 (0.000e+00)  AnchorRefAttnKL: 0.000e+00 (0.000e+00)  TeacherAttnKL: 0.000e+00 (0.000e+00)  TeacherRel: 0.000e+00 (0.000e+00)  TeacherAttnOut: 0.000e+00 (0.000e+00)  TeacherFeatOut: 0.000e+00 (0.000e+00)  ActScaleAnchor: 0.000e+00 (0.000e+00)  VarTrust: 0.000e+00 (0.000e+00)  DirAnchor: 0.000e+00 (0.000e+00)  BinReg: 0.000e+00 (0.000e+00)  SelBinAnchor: 0.000e+00 (0.000e+00)  ActBinMargin: 0.000e+00 (0.000e+00)  Time: 0.244s, 2101.23/s  (0.233s, 2201.66/s)  LR: 6.554e-06  RefW: 0.000e+00  AnchorRefW: 0.000e+00  Data: 0.005 (0.007)
Train: 22 [ 700/2502 ( 28%)]  Loss: 51.346848 (51.4118)  BaseLoss: 51.346848 (51.4118)  RefAttnKL: 0.000e+00 (0.000e+00)  RefLogitKL: 0.000e+00 (0.000e+00)  AnchorRefAttnKL: 0.000e+00 (0.000e+00)  TeacherAttnKL: 0.000e+00 (0.000e+00)  TeacherRel: 0.000e+00 (0.000e+00)  TeacherAttnOut: 0.000e+00 (0.000e+00)  TeacherFeatOut: 0.000e+00 (0.000e+00)  ActScaleAnchor: 0.000e+00 (0.000e+00)  VarTrust: 0.000e+00 (0.000e+00)  DirAnchor: 0.000e+00 (0.000e+00)  BinReg: 0.000e+00 (0.000e+00)  SelBinAnchor: 0.000e+00 (0.000e+00)  ActBinMargin: 0.000e+00 (0.000e+00)  Time: 0.243s, 2107.63/s  (0.232s, 2202.59/s)  LR: 6.547e-06  RefW: 0.000e+00  AnchorRefW: 0.000e+00  Data: 0.006 (0.007)
Train: 22 [ 750/2502 ( 30%)]  Loss: 51.348015 (51.4078)  BaseLoss: 51.348015 (51.4078)  RefAttnKL: 0.000e+00 (0.000e+00)  RefLogitKL: 0.000e+00 (0.000e+00)  AnchorRefAttnKL: 0.000e+00 (0.000e+00)  TeacherAttnKL: 0.000e+00 (0.000e+00)  TeacherRel: 0.000e+00 (0.000e+00)  TeacherAttnOut: 0.000e+00 (0.000e+00)  TeacherFeatOut: 0.000e+00 (0.000e+00)  ActScaleAnchor: 0.000e+00 (0.000e+00)  VarTrust: 0.000e+00 (0.000e+00)  DirAnchor: 0.000e+00 (0.000e+00)  BinReg: 0.000e+00 (0.000e+00)  SelBinAnchor: 0.000e+00 (0.000e+00)  ActBinMargin: 0.000e+00 (0.000e+00)  Time: 0.254s, 2016.85/s  (0.232s, 2202.74/s)  LR: 6.539e-06  RefW: 0.000e+00  AnchorRefW: 0.000e+00  Data: 0.006 (0.007)
Train: 22 [ 800/2502 ( 32%)]  Loss: 51.382965 (51.4063)  BaseLoss: 51.382965 (51.4063)  RefAttnKL: 0.000e+00 (0.000e+00)  RefLogitKL: 0.000e+00 (0.000e+00)  AnchorRefAttnKL: 0.000e+00 (0.000e+00)  TeacherAttnKL: 0.000e+00 (0.000e+00)  TeacherRel: 0.000e+00 (0.000e+00)  TeacherAttnOut: 0.000e+00 (0.000e+00)  TeacherFeatOut: 0.000e+00 (0.000e+00)  ActScaleAnchor: 0.000e+00 (0.000e+00)  VarTrust: 0.000e+00 (0.000e+00)  DirAnchor: 0.000e+00 (0.000e+00)  BinReg: 0.000e+00 (0.000e+00)  SelBinAnchor: 0.000e+00 (0.000e+00)  ActBinMargin: 0.000e+00 (0.000e+00)  Time: 0.243s, 2106.02/s  (0.232s, 2203.64/s)  LR: 6.532e-06  RefW: 0.000e+00  AnchorRefW: 0.000e+00  Data: 0.005 (0.007)
Train: 22 [ 850/2502 ( 34%)]  Loss: 51.383480 (51.4051)  BaseLoss: 51.383480 (51.4051)  RefAttnKL: 0.000e+00 (0.000e+00)  RefLogitKL: 0.000e+00 (0.000e+00)  AnchorRefAttnKL: 0.000e+00 (0.000e+00)  TeacherAttnKL: 0.000e+00 (0.000e+00)  TeacherRel: 0.000e+00 (0.000e+00)  TeacherAttnOut: 0.000e+00 (0.000e+00)  TeacherFeatOut: 0.000e+00 (0.000e+00)  ActScaleAnchor: 0.000e+00 (0.000e+00)  VarTrust: 0.000e+00 (0.000e+00)  DirAnchor: 0.000e+00 (0.000e+00)  BinReg: 0.000e+00 (0.000e+00)  SelBinAnchor: 0.000e+00 (0.000e+00)  ActBinMargin: 0.000e+00 (0.000e+00)  Time: 0.249s, 2055.84/s  (0.232s, 2204.42/s)  LR: 6.524e-06  RefW: 0.000e+00  AnchorRefW: 0.000e+00  Data: 0.006 (0.007)
Train: 22 [ 900/2502 ( 36%)]  Loss: 51.394100 (51.4045)  BaseLoss: 51.394100 (51.4045)  RefAttnKL: 0.000e+00 (0.000e+00)  RefLogitKL: 0.000e+00 (0.000e+00)  AnchorRefAttnKL: 0.000e+00 (0.000e+00)  TeacherAttnKL: 0.000e+00 (0.000e+00)  TeacherRel: 0.000e+00 (0.000e+00)  TeacherAttnOut: 0.000e+00 (0.000e+00)  TeacherFeatOut: 0.000e+00 (0.000e+00)  ActScaleAnchor: 0.000e+00 (0.000e+00)  VarTrust: 0.000e+00 (0.000e+00)  DirAnchor: 0.000e+00 (0.000e+00)  BinReg: 0.000e+00 (0.000e+00)  SelBinAnchor: 0.000e+00 (0.000e+00)  ActBinMargin: 0.000e+00 (0.000e+00)  Time: 0.243s, 2109.30/s  (0.232s, 2205.31/s)  LR: 6.517e-06  RefW: 0.000e+00  AnchorRefW: 0.000e+00  Data: 0.006 (0.007)
Train: 22 [ 950/2502 ( 38%)]  Loss: 51.394337 (51.4040)  BaseLoss: 51.394337 (51.4040)  RefAttnKL: 0.000e+00 (0.000e+00)  RefLogitKL: 0.000e+00 (0.000e+00)  AnchorRefAttnKL: 0.000e+00 (0.000e+00)  TeacherAttnKL: 0.000e+00 (0.000e+00)  TeacherRel: 0.000e+00 (0.000e+00)  TeacherAttnOut: 0.000e+00 (0.000e+00)  TeacherFeatOut: 0.000e+00 (0.000e+00)  ActScaleAnchor: 0.000e+00 (0.000e+00)  VarTrust: 0.000e+00 (0.000e+00)  DirAnchor: 0.000e+00 (0.000e+00)  BinReg: 0.000e+00 (0.000e+00)  SelBinAnchor: 0.000e+00 (0.000e+00)  ActBinMargin: 0.000e+00 (0.000e+00)  Time: 0.243s, 2111.08/s  (0.232s, 2205.88/s)  LR: 6.509e-06  RefW: 0.000e+00  AnchorRefW: 0.000e+00  Data: 0.006 (0.007)
Train: 22 [1000/2502 ( 40%)]  Loss: 51.405983 (51.4041)  BaseLoss: 51.405983 (51.4041)  RefAttnKL: 0.000e+00 (0.000e+00)  RefLogitKL: 0.000e+00 (0.000e+00)  AnchorRefAttnKL: 0.000e+00 (0.000e+00)  TeacherAttnKL: 0.000e+00 (0.000e+00)  TeacherRel: 0.000e+00 (0.000e+00)  TeacherAttnOut: 0.000e+00 (0.000e+00)  TeacherFeatOut: 0.000e+00 (0.000e+00)  ActScaleAnchor: 0.000e+00 (0.000e+00)  VarTrust: 0.000e+00 (0.000e+00)  DirAnchor: 0.000e+00 (0.000e+00)  BinReg: 0.000e+00 (0.000e+00)  SelBinAnchor: 0.000e+00 (0.000e+00)  ActBinMargin: 0.000e+00 (0.000e+00)  Time: 0.243s, 2106.79/s  (0.232s, 2205.71/s)  LR: 6.502e-06  RefW: 0.000e+00  AnchorRefW: 0.000e+00  Data: 0.005 (0.007)
Train: 22 [1050/2502 ( 42%)]  Loss: 51.396454 (51.4037)  BaseLoss: 51.396454 (51.4037)  RefAttnKL: 0.000e+00 (0.000e+00)  RefLogitKL: 0.000e+00 (0.000e+00)  AnchorRefAttnKL: 0.000e+00 (0.000e+00)  TeacherAttnKL: 0.000e+00 (0.000e+00)  TeacherRel: 0.000e+00 (0.000e+00)  TeacherAttnOut: 0.000e+00 (0.000e+00)  TeacherFeatOut: 0.000e+00 (0.000e+00)  ActScaleAnchor: 0.000e+00 (0.000e+00)  VarTrust: 0.000e+00 (0.000e+00)  DirAnchor: 0.000e+00 (0.000e+00)  BinReg: 0.000e+00 (0.000e+00)  SelBinAnchor: 0.000e+00 (0.000e+00)  ActBinMargin: 0.000e+00 (0.000e+00)  Time: 0.244s, 2101.01/s  (0.232s, 2206.19/s)  LR: 6.494e-06  RefW: 0.000e+00  AnchorRefW: 0.000e+00  Data: 0.006 (0.007)
Train: 22 [1100/2502 ( 44%)]  Loss: 51.366150 (51.4021)  BaseLoss: 51.366150 (51.4021)  RefAttnKL: 0.000e+00 (0.000e+00)  RefLogitKL: 0.000e+00 (0.000e+00)  AnchorRefAttnKL: 0.000e+00 (0.000e+00)  TeacherAttnKL: 0.000e+00 (0.000e+00)  TeacherRel: 0.000e+00 (0.000e+00)  TeacherAttnOut: 0.000e+00 (0.000e+00)  TeacherFeatOut: 0.000e+00 (0.000e+00)  ActScaleAnchor: 0.000e+00 (0.000e+00)  VarTrust: 0.000e+00 (0.000e+00)  DirAnchor: 0.000e+00 (0.000e+00)  BinReg: 0.000e+00 (0.000e+00)  SelBinAnchor: 0.000e+00 (0.000e+00)  ActBinMargin: 0.000e+00 (0.000e+00)  Time: 0.244s, 2096.85/s  (0.232s, 2206.44/s)  LR: 6.487e-06  RefW: 0.000e+00  AnchorRefW: 0.000e+00  Data: 0.006 (0.006)
Train: 22 [1150/2502 ( 46%)]  Loss: 51.427490 (51.4032)  BaseLoss: 51.427490 (51.4032)  RefAttnKL: 0.000e+00 (0.000e+00)  RefLogitKL: 0.000e+00 (0.000e+00)  AnchorRefAttnKL: 0.000e+00 (0.000e+00)  TeacherAttnKL: 0.000e+00 (0.000e+00)  TeacherRel: 0.000e+00 (0.000e+00)  TeacherAttnOut: 0.000e+00 (0.000e+00)  TeacherFeatOut: 0.000e+00 (0.000e+00)  ActScaleAnchor: 0.000e+00 (0.000e+00)  VarTrust: 0.000e+00 (0.000e+00)  DirAnchor: 0.000e+00 (0.000e+00)  BinReg: 0.000e+00 (0.000e+00)  SelBinAnchor: 0.000e+00 (0.000e+00)  ActBinMargin: 0.000e+00 (0.000e+00)  Time: 0.244s, 2101.21/s  (0.232s, 2206.97/s)  LR: 6.479e-06  RefW: 0.000e+00  AnchorRefW: 0.000e+00  Data: 0.006 (0.006)
Train: 22 [1200/2502 ( 48%)]  Loss: 51.382980 (51.4023)  BaseLoss: 51.382980 (51.4023)  RefAttnKL: 0.000e+00 (0.000e+00)  RefLogitKL: 0.000e+00 (0.000e+00)  AnchorRefAttnKL: 0.000e+00 (0.000e+00)  TeacherAttnKL: 0.000e+00 (0.000e+00)  TeacherRel: 0.000e+00 (0.000e+00)  TeacherAttnOut: 0.000e+00 (0.000e+00)  TeacherFeatOut: 0.000e+00 (0.000e+00)  ActScaleAnchor: 0.000e+00 (0.000e+00)  VarTrust: 0.000e+00 (0.000e+00)  DirAnchor: 0.000e+00 (0.000e+00)  BinReg: 0.000e+00 (0.000e+00)  SelBinAnchor: 0.000e+00 (0.000e+00)  ActBinMargin: 0.000e+00 (0.000e+00)  Time: 0.243s, 2109.54/s  (0.232s, 2207.29/s)  LR: 6.472e-06  RefW: 0.000e+00  AnchorRefW: 0.000e+00  Data: 0.005 (0.006)
Train: 22 [1250/2502 ( 50%)]  Loss: 51.411152 (51.4027)  BaseLoss: 51.411152 (51.4027)  RefAttnKL: 0.000e+00 (0.000e+00)  RefLogitKL: 0.000e+00 (0.000e+00)  AnchorRefAttnKL: 0.000e+00 (0.000e+00)  TeacherAttnKL: 0.000e+00 (0.000e+00)  TeacherRel: 0.000e+00 (0.000e+00)  TeacherAttnOut: 0.000e+00 (0.000e+00)  TeacherFeatOut: 0.000e+00 (0.000e+00)  ActScaleAnchor: 0.000e+00 (0.000e+00)  VarTrust: 0.000e+00 (0.000e+00)  DirAnchor: 0.000e+00 (0.000e+00)  BinReg: 0.000e+00 (0.000e+00)  SelBinAnchor: 0.000e+00 (0.000e+00)  ActBinMargin: 0.000e+00 (0.000e+00)  Time: 0.247s, 2069.61/s  (0.232s, 2207.62/s)  LR: 6.464e-06  RefW: 0.000e+00  AnchorRefW: 0.000e+00  Data: 0.006 (0.006)
Train: 22 [1300/2502 ( 52%)]  Loss: 51.409828 (51.4029)  BaseLoss: 51.409828 (51.4029)  RefAttnKL: 0.000e+00 (0.000e+00)  RefLogitKL: 0.000e+00 (0.000e+00)  AnchorRefAttnKL: 0.000e+00 (0.000e+00)  TeacherAttnKL: 0.000e+00 (0.000e+00)  TeacherRel: 0.000e+00 (0.000e+00)  TeacherAttnOut: 0.000e+00 (0.000e+00)  TeacherFeatOut: 0.000e+00 (0.000e+00)  ActScaleAnchor: 0.000e+00 (0.000e+00)  VarTrust: 0.000e+00 (0.000e+00)  DirAnchor: 0.000e+00 (0.000e+00)  BinReg: 0.000e+00 (0.000e+00)  SelBinAnchor: 0.000e+00 (0.000e+00)  ActBinMargin: 0.000e+00 (0.000e+00)  Time: 0.235s, 2176.32/s  (0.232s, 2207.44/s)  LR: 6.457e-06  RefW: 0.000e+00  AnchorRefW: 0.000e+00  Data: 0.006 (0.006)
Train: 22 [1350/2502 ( 54%)]  Loss: 51.416073 (51.4034)  BaseLoss: 51.416073 (51.4034)  RefAttnKL: 0.000e+00 (0.000e+00)  RefLogitKL: 0.000e+00 (0.000e+00)  AnchorRefAttnKL: 0.000e+00 (0.000e+00)  TeacherAttnKL: 0.000e+00 (0.000e+00)  TeacherRel: 0.000e+00 (0.000e+00)  TeacherAttnOut: 0.000e+00 (0.000e+00)  TeacherFeatOut: 0.000e+00 (0.000e+00)  ActScaleAnchor: 0.000e+00 (0.000e+00)  VarTrust: 0.000e+00 (0.000e+00)  DirAnchor: 0.000e+00 (0.000e+00)  BinReg: 0.000e+00 (0.000e+00)  SelBinAnchor: 0.000e+00 (0.000e+00)  ActBinMargin: 0.000e+00 (0.000e+00)  Time: 0.242s, 2113.75/s  (0.232s, 2207.51/s)  LR: 6.450e-06  RefW: 0.000e+00  AnchorRefW: 0.000e+00  Data: 0.006 (0.006)
Train: 22 [1400/2502 ( 56%)]  Loss: 51.403847 (51.4034)  BaseLoss: 51.403847 (51.4034)  RefAttnKL: 0.000e+00 (0.000e+00)  RefLogitKL: 0.000e+00 (0.000e+00)  AnchorRefAttnKL: 0.000e+00 (0.000e+00)  TeacherAttnKL: 0.000e+00 (0.000e+00)  TeacherRel: 0.000e+00 (0.000e+00)  TeacherAttnOut: 0.000e+00 (0.000e+00)  TeacherFeatOut: 0.000e+00 (0.000e+00)  ActScaleAnchor: 0.000e+00 (0.000e+00)  VarTrust: 0.000e+00 (0.000e+00)  DirAnchor: 0.000e+00 (0.000e+00)  BinReg: 0.000e+00 (0.000e+00)  SelBinAnchor: 0.000e+00 (0.000e+00)  ActBinMargin: 0.000e+00 (0.000e+00)  Time: 0.244s, 2096.67/s  (0.232s, 2207.56/s)  LR: 6.442e-06  RefW: 0.000e+00  AnchorRefW: 0.000e+00  Data: 0.006 (0.006)
Train: 22 [1450/2502 ( 58%)]  Loss: 51.437012 (51.4046)  BaseLoss: 51.437012 (51.4046)  RefAttnKL: 0.000e+00 (0.000e+00)  RefLogitKL: 0.000e+00 (0.000e+00)  AnchorRefAttnKL: 0.000e+00 (0.000e+00)  TeacherAttnKL: 0.000e+00 (0.000e+00)  TeacherRel: 0.000e+00 (0.000e+00)  TeacherAttnOut: 0.000e+00 (0.000e+00)  TeacherFeatOut: 0.000e+00 (0.000e+00)  ActScaleAnchor: 0.000e+00 (0.000e+00)  VarTrust: 0.000e+00 (0.000e+00)  DirAnchor: 0.000e+00 (0.000e+00)  BinReg: 0.000e+00 (0.000e+00)  SelBinAnchor: 0.000e+00 (0.000e+00)  ActBinMargin: 0.000e+00 (0.000e+00)  Time: 0.243s, 2106.73/s  (0.232s, 2207.95/s)  LR: 6.435e-06  RefW: 0.000e+00  AnchorRefW: 0.000e+00  Data: 0.005 (0.006)
Train: 22 [1500/2502 ( 60%)]  Loss: 51.417992 (51.4050)  BaseLoss: 51.417992 (51.4050)  RefAttnKL: 0.000e+00 (0.000e+00)  RefLogitKL: 0.000e+00 (0.000e+00)  AnchorRefAttnKL: 0.000e+00 (0.000e+00)  TeacherAttnKL: 0.000e+00 (0.000e+00)  TeacherRel: 0.000e+00 (0.000e+00)  TeacherAttnOut: 0.000e+00 (0.000e+00)  TeacherFeatOut: 0.000e+00 (0.000e+00)  ActScaleAnchor: 0.000e+00 (0.000e+00)  VarTrust: 0.000e+00 (0.000e+00)  DirAnchor: 0.000e+00 (0.000e+00)  BinReg: 0.000e+00 (0.000e+00)  SelBinAnchor: 0.000e+00 (0.000e+00)  ActBinMargin: 0.000e+00 (0.000e+00)  Time: 0.242s, 2119.99/s  (0.232s, 2208.29/s)  LR: 6.428e-06  RefW: 0.000e+00  AnchorRefW: 0.000e+00  Data: 0.006 (0.006)
Train: 22 [1550/2502 ( 62%)]  Loss: 51.408714 (51.4051)  BaseLoss: 51.408714 (51.4051)  RefAttnKL: 0.000e+00 (0.000e+00)  RefLogitKL: 0.000e+00 (0.000e+00)  AnchorRefAttnKL: 0.000e+00 (0.000e+00)  TeacherAttnKL: 0.000e+00 (0.000e+00)  TeacherRel: 0.000e+00 (0.000e+00)  TeacherAttnOut: 0.000e+00 (0.000e+00)  TeacherFeatOut: 0.000e+00 (0.000e+00)  ActScaleAnchor: 0.000e+00 (0.000e+00)  VarTrust: 0.000e+00 (0.000e+00)  DirAnchor: 0.000e+00 (0.000e+00)  BinReg: 0.000e+00 (0.000e+00)  SelBinAnchor: 0.000e+00 (0.000e+00)  ActBinMargin: 0.000e+00 (0.000e+00)  Time: 0.243s, 2111.19/s  (0.232s, 2208.39/s)  LR: 6.420e-06  RefW: 0.000e+00  AnchorRefW: 0.000e+00  Data: 0.006 (0.006)
Train: 22 [1600/2502 ( 64%)]  Loss: 51.393276 (51.4047)  BaseLoss: 51.393276 (51.4047)  RefAttnKL: 0.000e+00 (0.000e+00)  RefLogitKL: 0.000e+00 (0.000e+00)  AnchorRefAttnKL: 0.000e+00 (0.000e+00)  TeacherAttnKL: 0.000e+00 (0.000e+00)  TeacherRel: 0.000e+00 (0.000e+00)  TeacherAttnOut: 0.000e+00 (0.000e+00)  TeacherFeatOut: 0.000e+00 (0.000e+00)  ActScaleAnchor: 0.000e+00 (0.000e+00)  VarTrust: 0.000e+00 (0.000e+00)  DirAnchor: 0.000e+00 (0.000e+00)  BinReg: 0.000e+00 (0.000e+00)  SelBinAnchor: 0.000e+00 (0.000e+00)  ActBinMargin: 0.000e+00 (0.000e+00)  Time: 0.243s, 2110.51/s  (0.232s, 2208.60/s)  LR: 6.413e-06  RefW: 0.000e+00  AnchorRefW: 0.000e+00  Data: 0.006 (0.006)
Train: 22 [1650/2502 ( 66%)]  Loss: 51.443600 (51.4059)  BaseLoss: 51.443600 (51.4059)  RefAttnKL: 0.000e+00 (0.000e+00)  RefLogitKL: 0.000e+00 (0.000e+00)  AnchorRefAttnKL: 0.000e+00 (0.000e+00)  TeacherAttnKL: 0.000e+00 (0.000e+00)  TeacherRel: 0.000e+00 (0.000e+00)  TeacherAttnOut: 0.000e+00 (0.000e+00)  TeacherFeatOut: 0.000e+00 (0.000e+00)  ActScaleAnchor: 0.000e+00 (0.000e+00)  VarTrust: 0.000e+00 (0.000e+00)  DirAnchor: 0.000e+00 (0.000e+00)  BinReg: 0.000e+00 (0.000e+00)  SelBinAnchor: 0.000e+00 (0.000e+00)  ActBinMargin: 0.000e+00 (0.000e+00)  Time: 0.244s, 2098.43/s  (0.232s, 2208.63/s)  LR: 6.406e-06  RefW: 0.000e+00  AnchorRefW: 0.000e+00  Data: 0.005 (0.006)
Train: 22 [1700/2502 ( 68%)]  Loss: 51.416954 (51.4062)  BaseLoss: 51.416954 (51.4062)  RefAttnKL: 0.000e+00 (0.000e+00)  RefLogitKL: 0.000e+00 (0.000e+00)  AnchorRefAttnKL: 0.000e+00 (0.000e+00)  TeacherAttnKL: 0.000e+00 (0.000e+00)  TeacherRel: 0.000e+00 (0.000e+00)  TeacherAttnOut: 0.000e+00 (0.000e+00)  TeacherFeatOut: 0.000e+00 (0.000e+00)  ActScaleAnchor: 0.000e+00 (0.000e+00)  VarTrust: 0.000e+00 (0.000e+00)  DirAnchor: 0.000e+00 (0.000e+00)  BinReg: 0.000e+00 (0.000e+00)  SelBinAnchor: 0.000e+00 (0.000e+00)  ActBinMargin: 0.000e+00 (0.000e+00)  Time: 0.242s, 2117.39/s  (0.232s, 2208.95/s)  LR: 6.399e-06  RefW: 0.000e+00  AnchorRefW: 0.000e+00  Data: 0.006 (0.006)
Train: 22 [1750/2502 ( 70%)]  Loss: 51.407024 (51.4062)  BaseLoss: 51.407024 (51.4062)  RefAttnKL: 0.000e+00 (0.000e+00)  RefLogitKL: 0.000e+00 (0.000e+00)  AnchorRefAttnKL: 0.000e+00 (0.000e+00)  TeacherAttnKL: 0.000e+00 (0.000e+00)  TeacherRel: 0.000e+00 (0.000e+00)  TeacherAttnOut: 0.000e+00 (0.000e+00)  TeacherFeatOut: 0.000e+00 (0.000e+00)  ActScaleAnchor: 0.000e+00 (0.000e+00)  VarTrust: 0.000e+00 (0.000e+00)  DirAnchor: 0.000e+00 (0.000e+00)  BinReg: 0.000e+00 (0.000e+00)  SelBinAnchor: 0.000e+00 (0.000e+00)  ActBinMargin: 0.000e+00 (0.000e+00)  Time: 0.243s, 2110.05/s  (0.232s, 2209.32/s)  LR: 6.391e-06  RefW: 0.000e+00  AnchorRefW: 0.000e+00  Data: 0.005 (0.006)
Train: 22 [1800/2502 ( 72%)]  Loss: 51.385601 (51.4057)  BaseLoss: 51.385601 (51.4057)  RefAttnKL: 0.000e+00 (0.000e+00)  RefLogitKL: 0.000e+00 (0.000e+00)  AnchorRefAttnKL: 0.000e+00 (0.000e+00)  TeacherAttnKL: 0.000e+00 (0.000e+00)  TeacherRel: 0.000e+00 (0.000e+00)  TeacherAttnOut: 0.000e+00 (0.000e+00)  TeacherFeatOut: 0.000e+00 (0.000e+00)  ActScaleAnchor: 0.000e+00 (0.000e+00)  VarTrust: 0.000e+00 (0.000e+00)  DirAnchor: 0.000e+00 (0.000e+00)  BinReg: 0.000e+00 (0.000e+00)  SelBinAnchor: 0.000e+00 (0.000e+00)  ActBinMargin: 0.000e+00 (0.000e+00)  Time: 0.245s, 2091.10/s  (0.232s, 2209.54/s)  LR: 6.384e-06  RefW: 0.000e+00  AnchorRefW: 0.000e+00  Data: 0.005 (0.006)
Train: 22 [1850/2502 ( 74%)]  Loss: 51.384007 (51.4051)  BaseLoss: 51.384007 (51.4051)  RefAttnKL: 0.000e+00 (0.000e+00)  RefLogitKL: 0.000e+00 (0.000e+00)  AnchorRefAttnKL: 0.000e+00 (0.000e+00)  TeacherAttnKL: 0.000e+00 (0.000e+00)  TeacherRel: 0.000e+00 (0.000e+00)  TeacherAttnOut: 0.000e+00 (0.000e+00)  TeacherFeatOut: 0.000e+00 (0.000e+00)  ActScaleAnchor: 0.000e+00 (0.000e+00)  VarTrust: 0.000e+00 (0.000e+00)  DirAnchor: 0.000e+00 (0.000e+00)  BinReg: 0.000e+00 (0.000e+00)  SelBinAnchor: 0.000e+00 (0.000e+00)  ActBinMargin: 0.000e+00 (0.000e+00)  Time: 0.242s, 2119.61/s  (0.232s, 2209.45/s)  LR: 6.377e-06  RefW: 0.000e+00  AnchorRefW: 0.000e+00  Data: 0.005 (0.006)
Train: 22 [1900/2502 ( 76%)]  Loss: 51.413353 (51.4053)  BaseLoss: 51.413353 (51.4053)  RefAttnKL: 0.000e+00 (0.000e+00)  RefLogitKL: 0.000e+00 (0.000e+00)  AnchorRefAttnKL: 0.000e+00 (0.000e+00)  TeacherAttnKL: 0.000e+00 (0.000e+00)  TeacherRel: 0.000e+00 (0.000e+00)  TeacherAttnOut: 0.000e+00 (0.000e+00)  TeacherFeatOut: 0.000e+00 (0.000e+00)  ActScaleAnchor: 0.000e+00 (0.000e+00)  VarTrust: 0.000e+00 (0.000e+00)  DirAnchor: 0.000e+00 (0.000e+00)  BinReg: 0.000e+00 (0.000e+00)  SelBinAnchor: 0.000e+00 (0.000e+00)  ActBinMargin: 0.000e+00 (0.000e+00)  Time: 0.244s, 2100.75/s  (0.232s, 2209.70/s)  LR: 6.370e-06  RefW: 0.000e+00  AnchorRefW: 0.000e+00  Data: 0.006 (0.006)
Train: 22 [1950/2502 ( 78%)]  Loss: 51.438587 (51.4061)  BaseLoss: 51.438587 (51.4061)  RefAttnKL: 0.000e+00 (0.000e+00)  RefLogitKL: 0.000e+00 (0.000e+00)  AnchorRefAttnKL: 0.000e+00 (0.000e+00)  TeacherAttnKL: 0.000e+00 (0.000e+00)  TeacherRel: 0.000e+00 (0.000e+00)  TeacherAttnOut: 0.000e+00 (0.000e+00)  TeacherFeatOut: 0.000e+00 (0.000e+00)  ActScaleAnchor: 0.000e+00 (0.000e+00)  VarTrust: 0.000e+00 (0.000e+00)  DirAnchor: 0.000e+00 (0.000e+00)  BinReg: 0.000e+00 (0.000e+00)  SelBinAnchor: 0.000e+00 (0.000e+00)  ActBinMargin: 0.000e+00 (0.000e+00)  Time: 0.261s, 1962.30/s  (0.232s, 2209.86/s)  LR: 6.362e-06  RefW: 0.000e+00  AnchorRefW: 0.000e+00  Data: 0.005 (0.006)
Train: 22 [2000/2502 ( 80%)]  Loss: 51.419098 (51.4065)  BaseLoss: 51.419098 (51.4065)  RefAttnKL: 0.000e+00 (0.000e+00)  RefLogitKL: 0.000e+00 (0.000e+00)  AnchorRefAttnKL: 0.000e+00 (0.000e+00)  TeacherAttnKL: 0.000e+00 (0.000e+00)  TeacherRel: 0.000e+00 (0.000e+00)  TeacherAttnOut: 0.000e+00 (0.000e+00)  TeacherFeatOut: 0.000e+00 (0.000e+00)  ActScaleAnchor: 0.000e+00 (0.000e+00)  VarTrust: 0.000e+00 (0.000e+00)  DirAnchor: 0.000e+00 (0.000e+00)  BinReg: 0.000e+00 (0.000e+00)  SelBinAnchor: 0.000e+00 (0.000e+00)  ActBinMargin: 0.000e+00 (0.000e+00)  Time: 0.243s, 2108.34/s  (0.232s, 2210.08/s)  LR: 6.355e-06  RefW: 0.000e+00  AnchorRefW: 0.000e+00  Data: 0.006 (0.006)
Train: 22 [2050/2502 ( 82%)]  Loss: 51.383919 (51.4059)  BaseLoss: 51.383919 (51.4059)  RefAttnKL: 0.000e+00 (0.000e+00)  RefLogitKL: 0.000e+00 (0.000e+00)  AnchorRefAttnKL: 0.000e+00 (0.000e+00)  TeacherAttnKL: 0.000e+00 (0.000e+00)  TeacherRel: 0.000e+00 (0.000e+00)  TeacherAttnOut: 0.000e+00 (0.000e+00)  TeacherFeatOut: 0.000e+00 (0.000e+00)  ActScaleAnchor: 0.000e+00 (0.000e+00)  VarTrust: 0.000e+00 (0.000e+00)  DirAnchor: 0.000e+00 (0.000e+00)  BinReg: 0.000e+00 (0.000e+00)  SelBinAnchor: 0.000e+00 (0.000e+00)  ActBinMargin: 0.000e+00 (0.000e+00)  Time: 0.243s, 2103.23/s  (0.232s, 2210.21/s)  LR: 6.348e-06  RefW: 0.000e+00  AnchorRefW: 0.000e+00  Data: 0.006 (0.006)
Train: 22 [2100/2502 ( 84%)]  Loss: 51.387325 (51.4055)  BaseLoss: 51.387325 (51.4055)  RefAttnKL: 0.000e+00 (0.000e+00)  RefLogitKL: 0.000e+00 (0.000e+00)  AnchorRefAttnKL: 0.000e+00 (0.000e+00)  TeacherAttnKL: 0.000e+00 (0.000e+00)  TeacherRel: 0.000e+00 (0.000e+00)  TeacherAttnOut: 0.000e+00 (0.000e+00)  TeacherFeatOut: 0.000e+00 (0.000e+00)  ActScaleAnchor: 0.000e+00 (0.000e+00)  VarTrust: 0.000e+00 (0.000e+00)  DirAnchor: 0.000e+00 (0.000e+00)  BinReg: 0.000e+00 (0.000e+00)  SelBinAnchor: 0.000e+00 (0.000e+00)  ActBinMargin: 0.000e+00 (0.000e+00)  Time: 0.243s, 2108.53/s  (0.232s, 2210.31/s)  LR: 6.341e-06  RefW: 0.000e+00  AnchorRefW: 0.000e+00  Data: 0.006 (0.006)
Train: 22 [2150/2502 ( 86%)]  Loss: 51.406441 (51.4055)  BaseLoss: 51.406441 (51.4055)  RefAttnKL: 0.000e+00 (0.000e+00)  RefLogitKL: 0.000e+00 (0.000e+00)  AnchorRefAttnKL: 0.000e+00 (0.000e+00)  TeacherAttnKL: 0.000e+00 (0.000e+00)  TeacherRel: 0.000e+00 (0.000e+00)  TeacherAttnOut: 0.000e+00 (0.000e+00)  TeacherFeatOut: 0.000e+00 (0.000e+00)  ActScaleAnchor: 0.000e+00 (0.000e+00)  VarTrust: 0.000e+00 (0.000e+00)  DirAnchor: 0.000e+00 (0.000e+00)  BinReg: 0.000e+00 (0.000e+00)  SelBinAnchor: 0.000e+00 (0.000e+00)  ActBinMargin: 0.000e+00 (0.000e+00)  Time: 0.244s, 2098.77/s  (0.232s, 2210.50/s)  LR: 6.334e-06  RefW: 0.000e+00  AnchorRefW: 0.000e+00  Data: 0.006 (0.006)
Train: 22 [2200/2502 ( 88%)]  Loss: 51.391747 (51.4052)  BaseLoss: 51.391747 (51.4052)  RefAttnKL: 0.000e+00 (0.000e+00)  RefLogitKL: 0.000e+00 (0.000e+00)  AnchorRefAttnKL: 0.000e+00 (0.000e+00)  TeacherAttnKL: 0.000e+00 (0.000e+00)  TeacherRel: 0.000e+00 (0.000e+00)  TeacherAttnOut: 0.000e+00 (0.000e+00)  TeacherFeatOut: 0.000e+00 (0.000e+00)  ActScaleAnchor: 0.000e+00 (0.000e+00)  VarTrust: 0.000e+00 (0.000e+00)  DirAnchor: 0.000e+00 (0.000e+00)  BinReg: 0.000e+00 (0.000e+00)  SelBinAnchor: 0.000e+00 (0.000e+00)  ActBinMargin: 0.000e+00 (0.000e+00)  Time: 0.243s, 2104.30/s  (0.232s, 2210.57/s)  LR: 6.327e-06  RefW: 0.000e+00  AnchorRefW: 0.000e+00  Data: 0.005 (0.006)
Train: 22 [2250/2502 ( 90%)]  Loss: 51.397282 (51.4050)  BaseLoss: 51.397282 (51.4050)  RefAttnKL: 0.000e+00 (0.000e+00)  RefLogitKL: 0.000e+00 (0.000e+00)  AnchorRefAttnKL: 0.000e+00 (0.000e+00)  TeacherAttnKL: 0.000e+00 (0.000e+00)  TeacherRel: 0.000e+00 (0.000e+00)  TeacherAttnOut: 0.000e+00 (0.000e+00)  TeacherFeatOut: 0.000e+00 (0.000e+00)  ActScaleAnchor: 0.000e+00 (0.000e+00)  VarTrust: 0.000e+00 (0.000e+00)  DirAnchor: 0.000e+00 (0.000e+00)  BinReg: 0.000e+00 (0.000e+00)  SelBinAnchor: 0.000e+00 (0.000e+00)  ActBinMargin: 0.000e+00 (0.000e+00)  Time: 0.242s, 2113.84/s  (0.232s, 2210.79/s)  LR: 6.320e-06  RefW: 0.000e+00  AnchorRefW: 0.000e+00  Data: 0.006 (0.006)
Train: 22 [2300/2502 ( 92%)]  Loss: 51.406139 (51.4051)  BaseLoss: 51.406139 (51.4051)  RefAttnKL: 0.000e+00 (0.000e+00)  RefLogitKL: 0.000e+00 (0.000e+00)  AnchorRefAttnKL: 0.000e+00 (0.000e+00)  TeacherAttnKL: 0.000e+00 (0.000e+00)  TeacherRel: 0.000e+00 (0.000e+00)  TeacherAttnOut: 0.000e+00 (0.000e+00)  TeacherFeatOut: 0.000e+00 (0.000e+00)  ActScaleAnchor: 0.000e+00 (0.000e+00)  VarTrust: 0.000e+00 (0.000e+00)  DirAnchor: 0.000e+00 (0.000e+00)  BinReg: 0.000e+00 (0.000e+00)  SelBinAnchor: 0.000e+00 (0.000e+00)  ActBinMargin: 0.000e+00 (0.000e+00)  Time: 0.242s, 2115.45/s  (0.232s, 2210.90/s)  LR: 6.313e-06  RefW: 0.000e+00  AnchorRefW: 0.000e+00  Data: 0.005 (0.006)
Train: 22 [2350/2502 ( 94%)]  Loss: 51.431904 (51.4056)  BaseLoss: 51.431904 (51.4056)  RefAttnKL: 0.000e+00 (0.000e+00)  RefLogitKL: 0.000e+00 (0.000e+00)  AnchorRefAttnKL: 0.000e+00 (0.000e+00)  TeacherAttnKL: 0.000e+00 (0.000e+00)  TeacherRel: 0.000e+00 (0.000e+00)  TeacherAttnOut: 0.000e+00 (0.000e+00)  TeacherFeatOut: 0.000e+00 (0.000e+00)  ActScaleAnchor: 0.000e+00 (0.000e+00)  VarTrust: 0.000e+00 (0.000e+00)  DirAnchor: 0.000e+00 (0.000e+00)  BinReg: 0.000e+00 (0.000e+00)  SelBinAnchor: 0.000e+00 (0.000e+00)  ActBinMargin: 0.000e+00 (0.000e+00)  Time: 0.242s, 2114.44/s  (0.232s, 2211.16/s)  LR: 6.305e-06  RefW: 0.000e+00  AnchorRefW: 0.000e+00  Data: 0.006 (0.006)
Train: 22 [2400/2502 ( 96%)]  Loss: 51.376762 (51.4050)  BaseLoss: 51.376762 (51.4050)  RefAttnKL: 0.000e+00 (0.000e+00)  RefLogitKL: 0.000e+00 (0.000e+00)  AnchorRefAttnKL: 0.000e+00 (0.000e+00)  TeacherAttnKL: 0.000e+00 (0.000e+00)  TeacherRel: 0.000e+00 (0.000e+00)  TeacherAttnOut: 0.000e+00 (0.000e+00)  TeacherFeatOut: 0.000e+00 (0.000e+00)  ActScaleAnchor: 0.000e+00 (0.000e+00)  VarTrust: 0.000e+00 (0.000e+00)  DirAnchor: 0.000e+00 (0.000e+00)  BinReg: 0.000e+00 (0.000e+00)  SelBinAnchor: 0.000e+00 (0.000e+00)  ActBinMargin: 0.000e+00 (0.000e+00)  Time: 0.243s, 2110.57/s  (0.232s, 2211.27/s)  LR: 6.298e-06  RefW: 0.000e+00  AnchorRefW: 0.000e+00  Data: 0.005 (0.006)
Train: 22 [2450/2502 ( 98%)]  Loss: 51.419281 (51.4053)  BaseLoss: 51.419281 (51.4053)  RefAttnKL: 0.000e+00 (0.000e+00)  RefLogitKL: 0.000e+00 (0.000e+00)  AnchorRefAttnKL: 0.000e+00 (0.000e+00)  TeacherAttnKL: 0.000e+00 (0.000e+00)  TeacherRel: 0.000e+00 (0.000e+00)  TeacherAttnOut: 0.000e+00 (0.000e+00)  TeacherFeatOut: 0.000e+00 (0.000e+00)  ActScaleAnchor: 0.000e+00 (0.000e+00)  VarTrust: 0.000e+00 (0.000e+00)  DirAnchor: 0.000e+00 (0.000e+00)  BinReg: 0.000e+00 (0.000e+00)  SelBinAnchor: 0.000e+00 (0.000e+00)  ActBinMargin: 0.000e+00 (0.000e+00)  Time: 0.242s, 2112.64/s  (0.232s, 2211.31/s)  LR: 6.291e-06  RefW: 0.000e+00  AnchorRefW: 0.000e+00  Data: 0.005 (0.006)
TrainSummary: epoch=22 updates=2496 avg_step_time=0.231510s samples_per_step=512 samples_per_sec=2211.57
epoch:  22 g['lr']:  6.285116076469422e-06
model eval
TestLocal: [   0/97]  Time: 1.019 (1.019)  Loss:  0.7800  Acc@1: 84.3750  Acc@5: 93.7500  Samples: 64
TestLocal: [  50/97]  Time: 0.093 (0.111)  Loss:  0.8244  Acc@1: 81.1887  Acc@5: 95.1287  Samples: 3264
TestLocal: [  97/97]  Time: 0.048 (0.101)  Loss:  0.8153  Acc@1: 81.2966  Acc@5: 95.3323  Samples: 6170
TestLocal: [ 100/97]  Time: 0.048 (0.100)  Loss:  0.8153  Acc@1: 81.2882  Acc@5: 95.3301  Samples: 6210
Test: [distributed-summary]  Time: 10.376s  Loss: 0.8385  Acc@1: 80.4660  Acc@5: 95.3020  Samples: 50000
Trainable parameter policy: epoch=23, quant_only=False, policy=all, trainable=28608256, frozen=0
AOQ explore scale ratio update: epoch=23, update=0, active=False, base_ratio=1.0, threshold_ratio=0.0, base_layers=(), selective_margin=0.0, base_quantizers=0, layer_ratios={}, layer_quantizers=0, layer_counts={}, quality_mode=none, quality_layers=(), quality_start_update=0, quality_min_frac=0.0, start_update=0, end_update=0
Trainable parameter update policy: epoch=23, update=0, mode=requires_grad, policy=all, trainable=28608256, frozen=0
Train: 23 [   0/2502 (  0%)]  Loss: 51.419685 (51.4197)  BaseLoss: 51.415668 (51.4157)  RefAttnKL: 2.010e+01 (2.010e+01)  RefLogitKL: 0.000e+00 (0.000e+00)  AnchorRefAttnKL: 0.000e+00 (0.000e+00)  TeacherAttnKL: 0.000e+00 (0.000e+00)  TeacherRel: 0.000e+00 (0.000e+00)  TeacherAttnOut: 0.000e+00 (0.000e+00)  TeacherFeatOut: 0.000e+00 (0.000e+00)  ActScaleAnchor: 0.000e+00 (0.000e+00)  VarTrust: 0.000e+00 (0.000e+00)  DirAnchor: 0.000e+00 (0.000e+00)  BinReg: 0.000e+00 (0.000e+00)  SelBinAnchor: 0.000e+00 (0.000e+00)  ActBinMargin: 0.000e+00 (0.000e+00)  Time: 1.105s,  463.45/s  (1.105s,  463.45/s)  LR: 6.284e-06  RefW: 2.000e-04  AnchorRefW: 0.000e+00  Data: 0.705 (0.705)
Train: 23 [  50/2502 (  2%)]  Loss: 51.393284 (51.4065)  BaseLoss: 51.387196 (51.4014)  RefAttnKL: 3.044e+01 (2.527e+01)  RefLogitKL: 0.000e+00 (0.000e+00)  AnchorRefAttnKL: 0.000e+00 (0.000e+00)  TeacherAttnKL: 0.000e+00 (0.000e+00)  TeacherRel: 0.000e+00 (0.000e+00)  TeacherAttnOut: 0.000e+00 (0.000e+00)  TeacherFeatOut: 0.000e+00 (0.000e+00)  ActScaleAnchor: 0.000e+00 (0.000e+00)  VarTrust: 0.000e+00 (0.000e+00)  DirAnchor: 0.000e+00 (0.000e+00)  BinReg: 0.000e+00 (0.000e+00)  SelBinAnchor: 0.000e+00 (0.000e+00)  ActBinMargin: 0.000e+00 (0.000e+00)  Time: 0.336s, 1525.47/s  (0.337s, 1518.84/s)  LR: 6.277e-06  RefW: 2.000e-04  AnchorRefW: 0.000e+00  Data: 0.005 (0.019)
Train: 23 [ 100/2502 (  4%)]  Loss: 51.426441 (51.4131)  BaseLoss: 51.422504 (51.4085)  RefAttnKL: 1.967e+01 (2.340e+01)  RefLogitKL: 0.000e+00 (0.000e+00)  AnchorRefAttnKL: 0.000e+00 (0.000e+00)  TeacherAttnKL: 0.000e+00 (0.000e+00)  TeacherRel: 0.000e+00 (0.000e+00)  TeacherAttnOut: 0.000e+00 (0.000e+00)  TeacherFeatOut: 0.000e+00 (0.000e+00)  ActScaleAnchor: 0.000e+00 (0.000e+00)  VarTrust: 0.000e+00 (0.000e+00)  DirAnchor: 0.000e+00 (0.000e+00)  BinReg: 0.000e+00 (0.000e+00)  SelBinAnchor: 0.000e+00 (0.000e+00)  ActBinMargin: 0.000e+00 (0.000e+00)  Time: 0.335s, 1528.11/s  (0.330s, 1551.24/s)  LR: 6.270e-06  RefW: 2.000e-04  AnchorRefW: 0.000e+00  Data: 0.005 (0.013)
Train: 23 [ 150/2502 (  6%)]  Loss: 51.418964 (51.4146)  BaseLoss: 51.412922 (51.4096)  RefAttnKL: 3.023e+01 (2.511e+01)  RefLogitKL: 0.000e+00 (0.000e+00)  AnchorRefAttnKL: 0.000e+00 (0.000e+00)  TeacherAttnKL: 0.000e+00 (0.000e+00)  TeacherRel: 0.000e+00 (0.000e+00)  TeacherAttnOut: 0.000e+00 (0.000e+00)  TeacherFeatOut: 0.000e+00 (0.000e+00)  ActScaleAnchor: 0.000e+00 (0.000e+00)  VarTrust: 0.000e+00 (0.000e+00)  DirAnchor: 0.000e+00 (0.000e+00)  BinReg: 0.000e+00 (0.000e+00)  SelBinAnchor: 0.000e+00 (0.000e+00)  ActBinMargin: 0.000e+00 (0.000e+00)  Time: 0.337s, 1520.41/s  (0.328s, 1563.26/s)  LR: 6.263e-06  RefW: 2.000e-04  AnchorRefW: 0.000e+00  Data: 0.005 (0.010)
Train: 23 [ 200/2502 (  8%)]  Loss: 51.410027 (51.4137)  BaseLoss: 51.408058 (51.4093)  RefAttnKL: 9.825e+00 (2.205e+01)  RefLogitKL: 0.000e+00 (0.000e+00)  AnchorRefAttnKL: 0.000e+00 (0.000e+00)  TeacherAttnKL: 0.000e+00 (0.000e+00)  TeacherRel: 0.000e+00 (0.000e+00)  TeacherAttnOut: 0.000e+00 (0.000e+00)  TeacherFeatOut: 0.000e+00 (0.000e+00)  ActScaleAnchor: 0.000e+00 (0.000e+00)  VarTrust: 0.000e+00 (0.000e+00)  DirAnchor: 0.000e+00 (0.000e+00)  BinReg: 0.000e+00 (0.000e+00)  SelBinAnchor: 0.000e+00 (0.000e+00)  ActBinMargin: 0.000e+00 (0.000e+00)  Time: 0.335s, 1529.37/s  (0.327s, 1566.48/s)  LR: 6.256e-06  RefW: 2.000e-04  AnchorRefW: 0.000e+00  Data: 0.005 (0.009)
Train: 23 [ 250/2502 ( 10%)]  Loss: 51.454231 (51.4204)  BaseLoss: 51.450279 (51.4161)  RefAttnKL: 1.977e+01 (2.167e+01)  RefLogitKL: 0.000e+00 (0.000e+00)  AnchorRefAttnKL: 0.000e+00 (0.000e+00)  TeacherAttnKL: 0.000e+00 (0.000e+00)  TeacherRel: 0.000e+00 (0.000e+00)  TeacherAttnOut: 0.000e+00 (0.000e+00)  TeacherFeatOut: 0.000e+00 (0.000e+00)  ActScaleAnchor: 0.000e+00 (0.000e+00)  VarTrust: 0.000e+00 (0.000e+00)  DirAnchor: 0.000e+00 (0.000e+00)  BinReg: 0.000e+00 (0.000e+00)  SelBinAnchor: 0.000e+00 (0.000e+00)  ActBinMargin: 0.000e+00 (0.000e+00)  Time: 0.334s, 1531.79/s  (0.326s, 1569.57/s)  LR: 6.249e-06  RefW: 2.000e-04  AnchorRefW: 0.000e+00  Data: 0.006 (0.008)
Train: 23 [ 300/2502 ( 12%)]  Loss: 51.377750 (51.4143)  BaseLoss: 51.369789 (51.4095)  RefAttnKL: 3.980e+01 (2.426e+01)  RefLogitKL: 0.000e+00 (0.000e+00)  AnchorRefAttnKL: 0.000e+00 (0.000e+00)  TeacherAttnKL: 0.000e+00 (0.000e+00)  TeacherRel: 0.000e+00 (0.000e+00)  TeacherAttnOut: 0.000e+00 (0.000e+00)  TeacherFeatOut: 0.000e+00 (0.000e+00)  ActScaleAnchor: 0.000e+00 (0.000e+00)  VarTrust: 0.000e+00 (0.000e+00)  DirAnchor: 0.000e+00 (0.000e+00)  BinReg: 0.000e+00 (0.000e+00)  SelBinAnchor: 0.000e+00 (0.000e+00)  ActBinMargin: 0.000e+00 (0.000e+00)  Time: 0.334s, 1534.10/s  (0.325s, 1573.06/s)  LR: 6.242e-06  RefW: 2.000e-04  AnchorRefW: 0.000e+00  Data: 0.006 (0.008)
Train: 23 [ 350/2502 ( 14%)]  Loss: 51.431320 (51.4165)  BaseLoss: 51.429329 (51.4120)  RefAttnKL: 9.932e+00 (2.247e+01)  RefLogitKL: 0.000e+00 (0.000e+00)  AnchorRefAttnKL: 0.000e+00 (0.000e+00)  TeacherAttnKL: 0.000e+00 (0.000e+00)  TeacherRel: 0.000e+00 (0.000e+00)  TeacherAttnOut: 0.000e+00 (0.000e+00)  TeacherFeatOut: 0.000e+00 (0.000e+00)  ActScaleAnchor: 0.000e+00 (0.000e+00)  VarTrust: 0.000e+00 (0.000e+00)  DirAnchor: 0.000e+00 (0.000e+00)  BinReg: 0.000e+00 (0.000e+00)  SelBinAnchor: 0.000e+00 (0.000e+00)  ActBinMargin: 0.000e+00 (0.000e+00)  Time: 0.346s, 1480.74/s  (0.325s, 1574.77/s)  LR: 6.236e-06  RefW: 2.000e-04  AnchorRefW: 0.000e+00  Data: 0.006 (0.008)
Train: 23 [ 400/2502 ( 16%)]  Loss: 51.420788 (51.4169)  BaseLoss: 51.416946 (51.4125)  RefAttnKL: 1.922e+01 (2.211e+01)  RefLogitKL: 0.000e+00 (0.000e+00)  AnchorRefAttnKL: 0.000e+00 (0.000e+00)  TeacherAttnKL: 0.000e+00 (0.000e+00)  TeacherRel: 0.000e+00 (0.000e+00)  TeacherAttnOut: 0.000e+00 (0.000e+00)  TeacherFeatOut: 0.000e+00 (0.000e+00)  ActScaleAnchor: 0.000e+00 (0.000e+00)  VarTrust: 0.000e+00 (0.000e+00)  DirAnchor: 0.000e+00 (0.000e+00)  BinReg: 0.000e+00 (0.000e+00)  SelBinAnchor: 0.000e+00 (0.000e+00)  ActBinMargin: 0.000e+00 (0.000e+00)  Time: 0.334s, 1532.29/s  (0.325s, 1576.32/s)  LR: 6.229e-06  RefW: 2.000e-04  AnchorRefW: 0.000e+00  Data: 0.006 (0.008)
Train: 23 [ 450/2502 ( 18%)]  Loss: 51.437469 (51.4190)  BaseLoss: 51.433598 (51.4146)  RefAttnKL: 1.935e+01 (2.183e+01)  RefLogitKL: 0.000e+00 (0.000e+00)  AnchorRefAttnKL: 0.000e+00 (0.000e+00)  TeacherAttnKL: 0.000e+00 (0.000e+00)  TeacherRel: 0.000e+00 (0.000e+00)  TeacherAttnOut: 0.000e+00 (0.000e+00)  TeacherFeatOut: 0.000e+00 (0.000e+00)  ActScaleAnchor: 0.000e+00 (0.000e+00)  VarTrust: 0.000e+00 (0.000e+00)  DirAnchor: 0.000e+00 (0.000e+00)  BinReg: 0.000e+00 (0.000e+00)  SelBinAnchor: 0.000e+00 (0.000e+00)  ActBinMargin: 0.000e+00 (0.000e+00)  Time: 0.335s, 1529.57/s  (0.325s, 1576.79/s)  LR: 6.222e-06  RefW: 2.000e-04  AnchorRefW: 0.000e+00  Data: 0.005 (0.007)
Train: 23 [ 500/2502 ( 20%)]  Loss: 51.436680 (51.4206)  BaseLoss: 51.436680 (51.4166)  RefAttnKL: 0.000e+00 (1.985e+01)  RefLogitKL: 0.000e+00 (0.000e+00)  AnchorRefAttnKL: 0.000e+00 (0.000e+00)  TeacherAttnKL: 0.000e+00 (0.000e+00)  TeacherRel: 0.000e+00 (0.000e+00)  TeacherAttnOut: 0.000e+00 (0.000e+00)  TeacherFeatOut: 0.000e+00 (0.000e+00)  ActScaleAnchor: 0.000e+00 (0.000e+00)  VarTrust: 0.000e+00 (0.000e+00)  DirAnchor: 0.000e+00 (0.000e+00)  BinReg: 0.000e+00 (0.000e+00)  SelBinAnchor: 0.000e+00 (0.000e+00)  ActBinMargin: 0.000e+00 (0.000e+00)  Time: 0.334s, 1534.13/s  (0.324s, 1577.88/s)  LR: 6.215e-06  RefW: 2.000e-04  AnchorRefW: 0.000e+00  Data: 0.006 (0.007)
Train: 23 [ 550/2502 ( 22%)]  Loss: 51.427254 (51.4212)  BaseLoss: 51.423363 (51.4172)  RefAttnKL: 1.943e+01 (1.981e+01)  RefLogitKL: 0.000e+00 (0.000e+00)  AnchorRefAttnKL: 0.000e+00 (0.000e+00)  TeacherAttnKL: 0.000e+00 (0.000e+00)  TeacherRel: 0.000e+00 (0.000e+00)  TeacherAttnOut: 0.000e+00 (0.000e+00)  TeacherFeatOut: 0.000e+00 (0.000e+00)  ActScaleAnchor: 0.000e+00 (0.000e+00)  VarTrust: 0.000e+00 (0.000e+00)  DirAnchor: 0.000e+00 (0.000e+00)  BinReg: 0.000e+00 (0.000e+00)  SelBinAnchor: 0.000e+00 (0.000e+00)  ActBinMargin: 0.000e+00 (0.000e+00)  Time: 0.340s, 1504.52/s  (0.324s, 1578.95/s)  LR: 6.208e-06  RefW: 2.000e-04  AnchorRefW: 0.000e+00  Data: 0.006 (0.007)
Train: 23 [ 600/2502 ( 24%)]  Loss: 51.376312 (51.4177)  BaseLoss: 51.370338 (51.4136)  RefAttnKL: 2.985e+01 (2.059e+01)  RefLogitKL: 0.000e+00 (0.000e+00)  AnchorRefAttnKL: 0.000e+00 (0.000e+00)  TeacherAttnKL: 0.000e+00 (0.000e+00)  TeacherRel: 0.000e+00 (0.000e+00)  TeacherAttnOut: 0.000e+00 (0.000e+00)  TeacherFeatOut: 0.000e+00 (0.000e+00)  ActScaleAnchor: 0.000e+00 (0.000e+00)  VarTrust: 0.000e+00 (0.000e+00)  DirAnchor: 0.000e+00 (0.000e+00)  BinReg: 0.000e+00 (0.000e+00)  SelBinAnchor: 0.000e+00 (0.000e+00)  ActBinMargin: 0.000e+00 (0.000e+00)  Time: 0.334s, 1533.69/s  (0.324s, 1579.48/s)  LR: 6.201e-06  RefW: 2.000e-04  AnchorRefW: 0.000e+00  Data: 0.006 (0.007)
Train: 23 [ 650/2502 ( 26%)]  Loss: 51.396648 (51.4162)  BaseLoss: 51.392776 (51.4121)  RefAttnKL: 1.935e+01 (2.050e+01)  RefLogitKL: 0.000e+00 (0.000e+00)  AnchorRefAttnKL: 0.000e+00 (0.000e+00)  TeacherAttnKL: 0.000e+00 (0.000e+00)  TeacherRel: 0.000e+00 (0.000e+00)  TeacherAttnOut: 0.000e+00 (0.000e+00)  TeacherFeatOut: 0.000e+00 (0.000e+00)  ActScaleAnchor: 0.000e+00 (0.000e+00)  VarTrust: 0.000e+00 (0.000e+00)  DirAnchor: 0.000e+00 (0.000e+00)  BinReg: 0.000e+00 (0.000e+00)  SelBinAnchor: 0.000e+00 (0.000e+00)  ActBinMargin: 0.000e+00 (0.000e+00)  Time: 0.334s, 1532.04/s  (0.324s, 1580.22/s)  LR: 6.195e-06  RefW: 2.000e-04  AnchorRefW: 0.000e+00  Data: 0.006 (0.007)
Train: 23 [ 700/2502 ( 28%)]  Loss: 51.341629 (51.4112)  BaseLoss: 51.335793 (51.4070)  RefAttnKL: 2.917e+01 (2.108e+01)  RefLogitKL: 0.000e+00 (0.000e+00)  AnchorRefAttnKL: 0.000e+00 (0.000e+00)  TeacherAttnKL: 0.000e+00 (0.000e+00)  TeacherRel: 0.000e+00 (0.000e+00)  TeacherAttnOut: 0.000e+00 (0.000e+00)  TeacherFeatOut: 0.000e+00 (0.000e+00)  ActScaleAnchor: 0.000e+00 (0.000e+00)  VarTrust: 0.000e+00 (0.000e+00)  DirAnchor: 0.000e+00 (0.000e+00)  BinReg: 0.000e+00 (0.000e+00)  SelBinAnchor: 0.000e+00 (0.000e+00)  ActBinMargin: 0.000e+00 (0.000e+00)  Time: 0.334s, 1532.96/s  (0.324s, 1580.87/s)  LR: 6.188e-06  RefW: 2.000e-04  AnchorRefW: 0.000e+00  Data: 0.006 (0.007)
Train: 23 [ 750/2502 ( 30%)]  Loss: 51.356640 (51.4078)  BaseLoss: 51.352757 (51.4036)  RefAttnKL: 1.940e+01 (2.097e+01)  RefLogitKL: 0.000e+00 (0.000e+00)  AnchorRefAttnKL: 0.000e+00 (0.000e+00)  TeacherAttnKL: 0.000e+00 (0.000e+00)  TeacherRel: 0.000e+00 (0.000e+00)  TeacherAttnOut: 0.000e+00 (0.000e+00)  TeacherFeatOut: 0.000e+00 (0.000e+00)  ActScaleAnchor: 0.000e+00 (0.000e+00)  VarTrust: 0.000e+00 (0.000e+00)  DirAnchor: 0.000e+00 (0.000e+00)  BinReg: 0.000e+00 (0.000e+00)  SelBinAnchor: 0.000e+00 (0.000e+00)  ActBinMargin: 0.000e+00 (0.000e+00)  Time: 0.335s, 1528.09/s  (0.324s, 1581.62/s)  LR: 6.181e-06  RefW: 2.000e-04  AnchorRefW: 0.000e+00  Data: 0.006 (0.007)
Train: 23 [ 800/2502 ( 32%)]  Loss: 51.399601 (51.4073)  BaseLoss: 51.395741 (51.4032)  RefAttnKL: 1.930e+01 (2.087e+01)  RefLogitKL: 0.000e+00 (0.000e+00)  AnchorRefAttnKL: 0.000e+00 (0.000e+00)  TeacherAttnKL: 0.000e+00 (0.000e+00)  TeacherRel: 0.000e+00 (0.000e+00)  TeacherAttnOut: 0.000e+00 (0.000e+00)  TeacherFeatOut: 0.000e+00 (0.000e+00)  ActScaleAnchor: 0.000e+00 (0.000e+00)  VarTrust: 0.000e+00 (0.000e+00)  DirAnchor: 0.000e+00 (0.000e+00)  BinReg: 0.000e+00 (0.000e+00)  SelBinAnchor: 0.000e+00 (0.000e+00)  ActBinMargin: 0.000e+00 (0.000e+00)  Time: 0.334s, 1534.68/s  (0.324s, 1582.28/s)  LR: 6.174e-06  RefW: 2.000e-04  AnchorRefW: 0.000e+00  Data: 0.006 (0.007)
Train: 23 [ 850/2502 ( 34%)]  Loss: 51.363014 (51.4049)  BaseLoss: 51.359196 (51.4007)  RefAttnKL: 1.910e+01 (2.077e+01)  RefLogitKL: 0.000e+00 (0.000e+00)  AnchorRefAttnKL: 0.000e+00 (0.000e+00)  TeacherAttnKL: 0.000e+00 (0.000e+00)  TeacherRel: 0.000e+00 (0.000e+00)  TeacherAttnOut: 0.000e+00 (0.000e+00)  TeacherFeatOut: 0.000e+00 (0.000e+00)  ActScaleAnchor: 0.000e+00 (0.000e+00)  VarTrust: 0.000e+00 (0.000e+00)  DirAnchor: 0.000e+00 (0.000e+00)  BinReg: 0.000e+00 (0.000e+00)  SelBinAnchor: 0.000e+00 (0.000e+00)  ActBinMargin: 0.000e+00 (0.000e+00)  Time: 0.334s, 1532.39/s  (0.324s, 1582.51/s)  LR: 6.167e-06  RefW: 2.000e-04  AnchorRefW: 0.000e+00  Data: 0.006 (0.007)
Train: 23 [ 900/2502 ( 36%)]  Loss: 51.379440 (51.4035)  BaseLoss: 51.375671 (51.3994)  RefAttnKL: 1.886e+01 (2.067e+01)  RefLogitKL: 0.000e+00 (0.000e+00)  AnchorRefAttnKL: 0.000e+00 (0.000e+00)  TeacherAttnKL: 0.000e+00 (0.000e+00)  TeacherRel: 0.000e+00 (0.000e+00)  TeacherAttnOut: 0.000e+00 (0.000e+00)  TeacherFeatOut: 0.000e+00 (0.000e+00)  ActScaleAnchor: 0.000e+00 (0.000e+00)  VarTrust: 0.000e+00 (0.000e+00)  DirAnchor: 0.000e+00 (0.000e+00)  BinReg: 0.000e+00 (0.000e+00)  SelBinAnchor: 0.000e+00 (0.000e+00)  ActBinMargin: 0.000e+00 (0.000e+00)  Time: 0.335s, 1528.39/s  (0.323s, 1582.92/s)  LR: 6.161e-06  RefW: 2.000e-04  AnchorRefW: 0.000e+00  Data: 0.006 (0.007)
Train: 23 [ 950/2502 ( 38%)]  Loss: 51.395912 (51.4032)  BaseLoss: 51.388039 (51.3988)  RefAttnKL: 3.938e+01 (2.161e+01)  RefLogitKL: 0.000e+00 (0.000e+00)  AnchorRefAttnKL: 0.000e+00 (0.000e+00)  TeacherAttnKL: 0.000e+00 (0.000e+00)  TeacherRel: 0.000e+00 (0.000e+00)  TeacherAttnOut: 0.000e+00 (0.000e+00)  TeacherFeatOut: 0.000e+00 (0.000e+00)  ActScaleAnchor: 0.000e+00 (0.000e+00)  VarTrust: 0.000e+00 (0.000e+00)  DirAnchor: 0.000e+00 (0.000e+00)  BinReg: 0.000e+00 (0.000e+00)  SelBinAnchor: 0.000e+00 (0.000e+00)  ActBinMargin: 0.000e+00 (0.000e+00)  Time: 0.334s, 1530.67/s  (0.323s, 1583.28/s)  LR: 6.154e-06  RefW: 2.000e-04  AnchorRefW: 0.000e+00  Data: 0.006 (0.007)
Train: 23 [1000/2502 ( 40%)]  Loss: 51.416794 (51.4038)  BaseLoss: 51.411053 (51.3994)  RefAttnKL: 2.873e+01 (2.195e+01)  RefLogitKL: 0.000e+00 (0.000e+00)  AnchorRefAttnKL: 0.000e+00 (0.000e+00)  TeacherAttnKL: 0.000e+00 (0.000e+00)  TeacherRel: 0.000e+00 (0.000e+00)  TeacherAttnOut: 0.000e+00 (0.000e+00)  TeacherFeatOut: 0.000e+00 (0.000e+00)  ActScaleAnchor: 0.000e+00 (0.000e+00)  VarTrust: 0.000e+00 (0.000e+00)  DirAnchor: 0.000e+00 (0.000e+00)  BinReg: 0.000e+00 (0.000e+00)  SelBinAnchor: 0.000e+00 (0.000e+00)  ActBinMargin: 0.000e+00 (0.000e+00)  Time: 0.335s, 1526.33/s  (0.323s, 1583.54/s)  LR: 6.147e-06  RefW: 2.000e-04  AnchorRefW: 0.000e+00  Data: 0.005 (0.006)
Train: 23 [1050/2502 ( 42%)]  Loss: 51.387844 (51.4031)  BaseLoss: 51.380089 (51.3985)  RefAttnKL: 3.880e+01 (2.271e+01)  RefLogitKL: 0.000e+00 (0.000e+00)  AnchorRefAttnKL: 0.000e+00 (0.000e+00)  TeacherAttnKL: 0.000e+00 (0.000e+00)  TeacherRel: 0.000e+00 (0.000e+00)  TeacherAttnOut: 0.000e+00 (0.000e+00)  TeacherFeatOut: 0.000e+00 (0.000e+00)  ActScaleAnchor: 0.000e+00 (0.000e+00)  VarTrust: 0.000e+00 (0.000e+00)  DirAnchor: 0.000e+00 (0.000e+00)  BinReg: 0.000e+00 (0.000e+00)  SelBinAnchor: 0.000e+00 (0.000e+00)  ActBinMargin: 0.000e+00 (0.000e+00)  Time: 0.334s, 1532.68/s  (0.323s, 1583.83/s)  LR: 6.141e-06  RefW: 2.000e-04  AnchorRefW: 0.000e+00  Data: 0.006 (0.006)
Train: 23 [1100/2502 ( 44%)]  Loss: 51.346096 (51.4006)  BaseLoss: 51.342285 (51.3961)  RefAttnKL: 1.903e+01 (2.255e+01)  RefLogitKL: 0.000e+00 (0.000e+00)  AnchorRefAttnKL: 0.000e+00 (0.000e+00)  TeacherAttnKL: 0.000e+00 (0.000e+00)  TeacherRel: 0.000e+00 (0.000e+00)  TeacherAttnOut: 0.000e+00 (0.000e+00)  TeacherFeatOut: 0.000e+00 (0.000e+00)  ActScaleAnchor: 0.000e+00 (0.000e+00)  VarTrust: 0.000e+00 (0.000e+00)  DirAnchor: 0.000e+00 (0.000e+00)  BinReg: 0.000e+00 (0.000e+00)  SelBinAnchor: 0.000e+00 (0.000e+00)  ActBinMargin: 0.000e+00 (0.000e+00)  Time: 0.336s, 1526.03/s  (0.323s, 1583.78/s)  LR: 6.134e-06  RefW: 2.000e-04  AnchorRefW: 0.000e+00  Data: 0.006 (0.006)
Train: 23 [1150/2502 ( 46%)]  Loss: 51.421185 (51.4015)  BaseLoss: 51.413246 (51.3968)  RefAttnKL: 3.969e+01 (2.327e+01)  RefLogitKL: 0.000e+00 (0.000e+00)  AnchorRefAttnKL: 0.000e+00 (0.000e+00)  TeacherAttnKL: 0.000e+00 (0.000e+00)  TeacherRel: 0.000e+00 (0.000e+00)  TeacherAttnOut: 0.000e+00 (0.000e+00)  TeacherFeatOut: 0.000e+00 (0.000e+00)  ActScaleAnchor: 0.000e+00 (0.000e+00)  VarTrust: 0.000e+00 (0.000e+00)  DirAnchor: 0.000e+00 (0.000e+00)  BinReg: 0.000e+00 (0.000e+00)  SelBinAnchor: 0.000e+00 (0.000e+00)  ActBinMargin: 0.000e+00 (0.000e+00)  Time: 0.333s, 1536.79/s  (0.323s, 1584.08/s)  LR: 6.127e-06  RefW: 2.000e-04  AnchorRefW: 0.000e+00  Data: 0.006 (0.006)
Train: 23 [1200/2502 ( 48%)]  Loss: 51.393200 (51.4011)  BaseLoss: 51.391285 (51.3966)  RefAttnKL: 9.582e+00 (2.272e+01)  RefLogitKL: 0.000e+00 (0.000e+00)  AnchorRefAttnKL: 0.000e+00 (0.000e+00)  TeacherAttnKL: 0.000e+00 (0.000e+00)  TeacherRel: 0.000e+00 (0.000e+00)  TeacherAttnOut: 0.000e+00 (0.000e+00)  TeacherFeatOut: 0.000e+00 (0.000e+00)  ActScaleAnchor: 0.000e+00 (0.000e+00)  VarTrust: 0.000e+00 (0.000e+00)  DirAnchor: 0.000e+00 (0.000e+00)  BinReg: 0.000e+00 (0.000e+00)  SelBinAnchor: 0.000e+00 (0.000e+00)  ActBinMargin: 0.000e+00 (0.000e+00)  Time: 0.333s, 1535.73/s  (0.323s, 1584.09/s)  LR: 6.121e-06  RefW: 2.000e-04  AnchorRefW: 0.000e+00  Data: 0.006 (0.006)
Train: 23 [1250/2502 ( 50%)]  Loss: 51.413864 (51.4016)  BaseLoss: 51.406227 (51.3970)  RefAttnKL: 3.822e+01 (2.332e+01)  RefLogitKL: 0.000e+00 (0.000e+00)  AnchorRefAttnKL: 0.000e+00 (0.000e+00)  TeacherAttnKL: 0.000e+00 (0.000e+00)  TeacherRel: 0.000e+00 (0.000e+00)  TeacherAttnOut: 0.000e+00 (0.000e+00)  TeacherFeatOut: 0.000e+00 (0.000e+00)  ActScaleAnchor: 0.000e+00 (0.000e+00)  VarTrust: 0.000e+00 (0.000e+00)  DirAnchor: 0.000e+00 (0.000e+00)  BinReg: 0.000e+00 (0.000e+00)  SelBinAnchor: 0.000e+00 (0.000e+00)  ActBinMargin: 0.000e+00 (0.000e+00)  Time: 0.335s, 1528.76/s  (0.323s, 1584.25/s)  LR: 6.114e-06  RefW: 2.000e-04  AnchorRefW: 0.000e+00  Data: 0.005 (0.006)
Train: 23 [1300/2502 ( 52%)]  Loss: 51.421551 (51.4024)  BaseLoss: 51.415661 (51.3976)  RefAttnKL: 2.945e+01 (2.354e+01)  RefLogitKL: 0.000e+00 (0.000e+00)  AnchorRefAttnKL: 0.000e+00 (0.000e+00)  TeacherAttnKL: 0.000e+00 (0.000e+00)  TeacherRel: 0.000e+00 (0.000e+00)  TeacherAttnOut: 0.000e+00 (0.000e+00)  TeacherFeatOut: 0.000e+00 (0.000e+00)  ActScaleAnchor: 0.000e+00 (0.000e+00)  VarTrust: 0.000e+00 (0.000e+00)  DirAnchor: 0.000e+00 (0.000e+00)  BinReg: 0.000e+00 (0.000e+00)  SelBinAnchor: 0.000e+00 (0.000e+00)  ActBinMargin: 0.000e+00 (0.000e+00)  Time: 0.336s, 1524.09/s  (0.323s, 1584.24/s)  LR: 6.108e-06  RefW: 2.000e-04  AnchorRefW: 0.000e+00  Data: 0.006 (0.006)
Train: 23 [1350/2502 ( 54%)]  Loss: 51.423985 (51.4031)  BaseLoss: 51.420078 (51.3984)  RefAttnKL: 1.952e+01 (2.340e+01)  RefLogitKL: 0.000e+00 (0.000e+00)  AnchorRefAttnKL: 0.000e+00 (0.000e+00)  TeacherAttnKL: 0.000e+00 (0.000e+00)  TeacherRel: 0.000e+00 (0.000e+00)  TeacherAttnOut: 0.000e+00 (0.000e+00)  TeacherFeatOut: 0.000e+00 (0.000e+00)  ActScaleAnchor: 0.000e+00 (0.000e+00)  VarTrust: 0.000e+00 (0.000e+00)  DirAnchor: 0.000e+00 (0.000e+00)  BinReg: 0.000e+00 (0.000e+00)  SelBinAnchor: 0.000e+00 (0.000e+00)  ActBinMargin: 0.000e+00 (0.000e+00)  Time: 0.335s, 1529.33/s  (0.323s, 1584.29/s)  LR: 6.101e-06  RefW: 2.000e-04  AnchorRefW: 0.000e+00  Data: 0.006 (0.006)
Train: 23 [1400/2502 ( 56%)]  Loss: 51.391354 (51.4027)  BaseLoss: 51.389458 (51.3981)  RefAttnKL: 9.490e+00 (2.292e+01)  RefLogitKL: 0.000e+00 (0.000e+00)  AnchorRefAttnKL: 0.000e+00 (0.000e+00)  TeacherAttnKL: 0.000e+00 (0.000e+00)  TeacherRel: 0.000e+00 (0.000e+00)  TeacherAttnOut: 0.000e+00 (0.000e+00)  TeacherFeatOut: 0.000e+00 (0.000e+00)  ActScaleAnchor: 0.000e+00 (0.000e+00)  VarTrust: 0.000e+00 (0.000e+00)  DirAnchor: 0.000e+00 (0.000e+00)  BinReg: 0.000e+00 (0.000e+00)  SelBinAnchor: 0.000e+00 (0.000e+00)  ActBinMargin: 0.000e+00 (0.000e+00)  Time: 0.334s, 1531.37/s  (0.323s, 1584.40/s)  LR: 6.095e-06  RefW: 2.000e-04  AnchorRefW: 0.000e+00  Data: 0.005 (0.006)
Train: 23 [1450/2502 ( 58%)]  Loss: 51.421707 (51.4034)  BaseLoss: 51.415840 (51.3987)  RefAttnKL: 2.931e+01 (2.313e+01)  RefLogitKL: 0.000e+00 (0.000e+00)  AnchorRefAttnKL: 0.000e+00 (0.000e+00)  TeacherAttnKL: 0.000e+00 (0.000e+00)  TeacherRel: 0.000e+00 (0.000e+00)  TeacherAttnOut: 0.000e+00 (0.000e+00)  TeacherFeatOut: 0.000e+00 (0.000e+00)  ActScaleAnchor: 0.000e+00 (0.000e+00)  VarTrust: 0.000e+00 (0.000e+00)  DirAnchor: 0.000e+00 (0.000e+00)  BinReg: 0.000e+00 (0.000e+00)  SelBinAnchor: 0.000e+00 (0.000e+00)  ActBinMargin: 0.000e+00 (0.000e+00)  Time: 0.334s, 1531.94/s  (0.323s, 1584.65/s)  LR: 6.088e-06  RefW: 2.000e-04  AnchorRefW: 0.000e+00  Data: 0.006 (0.006)
Train: 23 [1500/2502 ( 60%)]  Loss: 51.433598 (51.4043)  BaseLoss: 51.429768 (51.3997)  RefAttnKL: 1.915e+01 (2.300e+01)  RefLogitKL: 0.000e+00 (0.000e+00)  AnchorRefAttnKL: 0.000e+00 (0.000e+00)  TeacherAttnKL: 0.000e+00 (0.000e+00)  TeacherRel: 0.000e+00 (0.000e+00)  TeacherAttnOut: 0.000e+00 (0.000e+00)  TeacherFeatOut: 0.000e+00 (0.000e+00)  ActScaleAnchor: 0.000e+00 (0.000e+00)  VarTrust: 0.000e+00 (0.000e+00)  DirAnchor: 0.000e+00 (0.000e+00)  BinReg: 0.000e+00 (0.000e+00)  SelBinAnchor: 0.000e+00 (0.000e+00)  ActBinMargin: 0.000e+00 (0.000e+00)  Time: 0.335s, 1530.23/s  (0.323s, 1584.83/s)  LR: 6.082e-06  RefW: 2.000e-04  AnchorRefW: 0.000e+00  Data: 0.006 (0.006)
Train: 23 [1550/2502 ( 62%)]  Loss: 51.422058 (51.4049)  BaseLoss: 51.414509 (51.4002)  RefAttnKL: 3.773e+01 (2.346e+01)  RefLogitKL: 0.000e+00 (0.000e+00)  AnchorRefAttnKL: 0.000e+00 (0.000e+00)  TeacherAttnKL: 0.000e+00 (0.000e+00)  TeacherRel: 0.000e+00 (0.000e+00)  TeacherAttnOut: 0.000e+00 (0.000e+00)  TeacherFeatOut: 0.000e+00 (0.000e+00)  ActScaleAnchor: 0.000e+00 (0.000e+00)  VarTrust: 0.000e+00 (0.000e+00)  DirAnchor: 0.000e+00 (0.000e+00)  BinReg: 0.000e+00 (0.000e+00)  SelBinAnchor: 0.000e+00 (0.000e+00)  ActBinMargin: 0.000e+00 (0.000e+00)  Time: 0.333s, 1539.55/s  (0.323s, 1584.78/s)  LR: 6.075e-06  RefW: 2.000e-04  AnchorRefW: 0.000e+00  Data: 0.006 (0.006)
Train: 23 [1600/2502 ( 64%)]  Loss: 51.388790 (51.4044)  BaseLoss: 51.386898 (51.3998)  RefAttnKL: 9.443e+00 (2.304e+01)  RefLogitKL: 0.000e+00 (0.000e+00)  AnchorRefAttnKL: 0.000e+00 (0.000e+00)  TeacherAttnKL: 0.000e+00 (0.000e+00)  TeacherRel: 0.000e+00 (0.000e+00)  TeacherAttnOut: 0.000e+00 (0.000e+00)  TeacherFeatOut: 0.000e+00 (0.000e+00)  ActScaleAnchor: 0.000e+00 (0.000e+00)  VarTrust: 0.000e+00 (0.000e+00)  DirAnchor: 0.000e+00 (0.000e+00)  BinReg: 0.000e+00 (0.000e+00)  SelBinAnchor: 0.000e+00 (0.000e+00)  ActBinMargin: 0.000e+00 (0.000e+00)  Time: 0.334s, 1534.39/s  (0.323s, 1585.00/s)  LR: 6.069e-06  RefW: 2.000e-04  AnchorRefW: 0.000e+00  Data: 0.005 (0.006)
Train: 23 [1650/2502 ( 66%)]  Loss: 51.430130 (51.4052)  BaseLoss: 51.428215 (51.4006)  RefAttnKL: 9.552e+00 (2.264e+01)  RefLogitKL: 0.000e+00 (0.000e+00)  AnchorRefAttnKL: 0.000e+00 (0.000e+00)  TeacherAttnKL: 0.000e+00 (0.000e+00)  TeacherRel: 0.000e+00 (0.000e+00)  TeacherAttnOut: 0.000e+00 (0.000e+00)  TeacherFeatOut: 0.000e+00 (0.000e+00)  ActScaleAnchor: 0.000e+00 (0.000e+00)  VarTrust: 0.000e+00 (0.000e+00)  DirAnchor: 0.000e+00 (0.000e+00)  BinReg: 0.000e+00 (0.000e+00)  SelBinAnchor: 0.000e+00 (0.000e+00)  ActBinMargin: 0.000e+00 (0.000e+00)  Time: 0.334s, 1531.22/s  (0.323s, 1585.13/s)  LR: 6.062e-06  RefW: 2.000e-04  AnchorRefW: 0.000e+00  Data: 0.006 (0.006)
Train: 23 [1700/2502 ( 68%)]  Loss: 51.426479 (51.4058)  BaseLoss: 51.422565 (51.4013)  RefAttnKL: 1.956e+01 (2.256e+01)  RefLogitKL: 0.000e+00 (0.000e+00)  AnchorRefAttnKL: 0.000e+00 (0.000e+00)  TeacherAttnKL: 0.000e+00 (0.000e+00)  TeacherRel: 0.000e+00 (0.000e+00)  TeacherAttnOut: 0.000e+00 (0.000e+00)  TeacherFeatOut: 0.000e+00 (0.000e+00)  ActScaleAnchor: 0.000e+00 (0.000e+00)  VarTrust: 0.000e+00 (0.000e+00)  DirAnchor: 0.000e+00 (0.000e+00)  BinReg: 0.000e+00 (0.000e+00)  SelBinAnchor: 0.000e+00 (0.000e+00)  ActBinMargin: 0.000e+00 (0.000e+00)  Time: 0.335s, 1526.99/s  (0.323s, 1585.34/s)  LR: 6.056e-06  RefW: 2.000e-04  AnchorRefW: 0.000e+00  Data: 0.006 (0.006)
Train: 23 [1750/2502 ( 70%)]  Loss: 51.397911 (51.4055)  BaseLoss: 51.394135 (51.4011)  RefAttnKL: 1.888e+01 (2.245e+01)  RefLogitKL: 0.000e+00 (0.000e+00)  AnchorRefAttnKL: 0.000e+00 (0.000e+00)  TeacherAttnKL: 0.000e+00 (0.000e+00)  TeacherRel: 0.000e+00 (0.000e+00)  TeacherAttnOut: 0.000e+00 (0.000e+00)  TeacherFeatOut: 0.000e+00 (0.000e+00)  ActScaleAnchor: 0.000e+00 (0.000e+00)  VarTrust: 0.000e+00 (0.000e+00)  DirAnchor: 0.000e+00 (0.000e+00)  BinReg: 0.000e+00 (0.000e+00)  SelBinAnchor: 0.000e+00 (0.000e+00)  ActBinMargin: 0.000e+00 (0.000e+00)  Time: 0.333s, 1536.59/s  (0.323s, 1585.25/s)  LR: 6.049e-06  RefW: 2.000e-04  AnchorRefW: 0.000e+00  Data: 0.006 (0.006)
Train: 23 [1800/2502 ( 72%)]  Loss: 51.419590 (51.4059)  BaseLoss: 51.417694 (51.4015)  RefAttnKL: 9.479e+00 (2.210e+01)  RefLogitKL: 0.000e+00 (0.000e+00)  AnchorRefAttnKL: 0.000e+00 (0.000e+00)  TeacherAttnKL: 0.000e+00 (0.000e+00)  TeacherRel: 0.000e+00 (0.000e+00)  TeacherAttnOut: 0.000e+00 (0.000e+00)  TeacherFeatOut: 0.000e+00 (0.000e+00)  ActScaleAnchor: 0.000e+00 (0.000e+00)  VarTrust: 0.000e+00 (0.000e+00)  DirAnchor: 0.000e+00 (0.000e+00)  BinReg: 0.000e+00 (0.000e+00)  SelBinAnchor: 0.000e+00 (0.000e+00)  ActBinMargin: 0.000e+00 (0.000e+00)  Time: 0.333s, 1538.84/s  (0.323s, 1585.41/s)  LR: 6.043e-06  RefW: 2.000e-04  AnchorRefW: 0.000e+00  Data: 0.006 (0.006)
Train: 23 [1850/2502 ( 74%)]  Loss: 51.386925 (51.4054)  BaseLoss: 51.386925 (51.4011)  RefAttnKL: 0.000e+00 (2.152e+01)  RefLogitKL: 0.000e+00 (0.000e+00)  AnchorRefAttnKL: 0.000e+00 (0.000e+00)  TeacherAttnKL: 0.000e+00 (0.000e+00)  TeacherRel: 0.000e+00 (0.000e+00)  TeacherAttnOut: 0.000e+00 (0.000e+00)  TeacherFeatOut: 0.000e+00 (0.000e+00)  ActScaleAnchor: 0.000e+00 (0.000e+00)  VarTrust: 0.000e+00 (0.000e+00)  DirAnchor: 0.000e+00 (0.000e+00)  BinReg: 0.000e+00 (0.000e+00)  SelBinAnchor: 0.000e+00 (0.000e+00)  ActBinMargin: 0.000e+00 (0.000e+00)  Time: 0.333s, 1535.44/s  (0.323s, 1585.48/s)  LR: 6.036e-06  RefW: 2.000e-04  AnchorRefW: 0.000e+00  Data: 0.005 (0.006)
Train: 23 [1900/2502 ( 76%)]  Loss: 51.423347 (51.4059)  BaseLoss: 51.419426 (51.4016)  RefAttnKL: 1.962e+01 (2.147e+01)  RefLogitKL: 0.000e+00 (0.000e+00)  AnchorRefAttnKL: 0.000e+00 (0.000e+00)  TeacherAttnKL: 0.000e+00 (0.000e+00)  TeacherRel: 0.000e+00 (0.000e+00)  TeacherAttnOut: 0.000e+00 (0.000e+00)  TeacherFeatOut: 0.000e+00 (0.000e+00)  ActScaleAnchor: 0.000e+00 (0.000e+00)  VarTrust: 0.000e+00 (0.000e+00)  DirAnchor: 0.000e+00 (0.000e+00)  BinReg: 0.000e+00 (0.000e+00)  SelBinAnchor: 0.000e+00 (0.000e+00)  ActBinMargin: 0.000e+00 (0.000e+00)  Time: 0.333s, 1536.78/s  (0.323s, 1585.60/s)  LR: 6.030e-06  RefW: 2.000e-04  AnchorRefW: 0.000e+00  Data: 0.006 (0.006)
Train: 23 [1950/2502 ( 78%)]  Loss: 51.439754 (51.4067)  BaseLoss: 51.439754 (51.4025)  RefAttnKL: 0.000e+00 (2.094e+01)  RefLogitKL: 0.000e+00 (0.000e+00)  AnchorRefAttnKL: 0.000e+00 (0.000e+00)  TeacherAttnKL: 0.000e+00 (0.000e+00)  TeacherRel: 0.000e+00 (0.000e+00)  TeacherAttnOut: 0.000e+00 (0.000e+00)  TeacherFeatOut: 0.000e+00 (0.000e+00)  ActScaleAnchor: 0.000e+00 (0.000e+00)  VarTrust: 0.000e+00 (0.000e+00)  DirAnchor: 0.000e+00 (0.000e+00)  BinReg: 0.000e+00 (0.000e+00)  SelBinAnchor: 0.000e+00 (0.000e+00)  ActBinMargin: 0.000e+00 (0.000e+00)  Time: 0.335s, 1528.60/s  (0.323s, 1585.74/s)  LR: 6.024e-06  RefW: 2.000e-04  AnchorRefW: 0.000e+00  Data: 0.007 (0.006)
Train: 23 [2000/2502 ( 80%)]  Loss: 51.421173 (51.4071)  BaseLoss: 51.417450 (51.4029)  RefAttnKL: 1.862e+01 (2.088e+01)  RefLogitKL: 0.000e+00 (0.000e+00)  AnchorRefAttnKL: 0.000e+00 (0.000e+00)  TeacherAttnKL: 0.000e+00 (0.000e+00)  TeacherRel: 0.000e+00 (0.000e+00)  TeacherAttnOut: 0.000e+00 (0.000e+00)  TeacherFeatOut: 0.000e+00 (0.000e+00)  ActScaleAnchor: 0.000e+00 (0.000e+00)  VarTrust: 0.000e+00 (0.000e+00)  DirAnchor: 0.000e+00 (0.000e+00)  BinReg: 0.000e+00 (0.000e+00)  SelBinAnchor: 0.000e+00 (0.000e+00)  ActBinMargin: 0.000e+00 (0.000e+00)  Time: 0.351s, 1458.03/s  (0.323s, 1585.79/s)  LR: 6.017e-06  RefW: 2.000e-04  AnchorRefW: 0.000e+00  Data: 0.007 (0.006)
Train: 23 [2050/2502 ( 82%)]  Loss: 51.350559 (51.4057)  BaseLoss: 51.348652 (51.4016)  RefAttnKL: 9.544e+00 (2.061e+01)  RefLogitKL: 0.000e+00 (0.000e+00)  AnchorRefAttnKL: 0.000e+00 (0.000e+00)  TeacherAttnKL: 0.000e+00 (0.000e+00)  TeacherRel: 0.000e+00 (0.000e+00)  TeacherAttnOut: 0.000e+00 (0.000e+00)  TeacherFeatOut: 0.000e+00 (0.000e+00)  ActScaleAnchor: 0.000e+00 (0.000e+00)  VarTrust: 0.000e+00 (0.000e+00)  DirAnchor: 0.000e+00 (0.000e+00)  BinReg: 0.000e+00 (0.000e+00)  SelBinAnchor: 0.000e+00 (0.000e+00)  ActBinMargin: 0.000e+00 (0.000e+00)  Time: 0.340s, 1503.76/s  (0.323s, 1585.73/s)  LR: 6.011e-06  RefW: 2.000e-04  AnchorRefW: 0.000e+00  Data: 0.007 (0.006)
Train: 23 [2100/2502 ( 84%)]  Loss: 51.380394 (51.4051)  BaseLoss: 51.374676 (51.4010)  RefAttnKL: 2.860e+01 (2.079e+01)  RefLogitKL: 0.000e+00 (0.000e+00)  AnchorRefAttnKL: 0.000e+00 (0.000e+00)  TeacherAttnKL: 0.000e+00 (0.000e+00)  TeacherRel: 0.000e+00 (0.000e+00)  TeacherAttnOut: 0.000e+00 (0.000e+00)  TeacherFeatOut: 0.000e+00 (0.000e+00)  ActScaleAnchor: 0.000e+00 (0.000e+00)  VarTrust: 0.000e+00 (0.000e+00)  DirAnchor: 0.000e+00 (0.000e+00)  BinReg: 0.000e+00 (0.000e+00)  SelBinAnchor: 0.000e+00 (0.000e+00)  ActBinMargin: 0.000e+00 (0.000e+00)  Time: 0.334s, 1533.61/s  (0.323s, 1585.79/s)  LR: 6.005e-06  RefW: 2.000e-04  AnchorRefW: 0.000e+00  Data: 0.007 (0.006)
Train: 23 [2150/2502 ( 86%)]  Loss: 51.400867 (51.4051)  BaseLoss: 51.397179 (51.4009)  RefAttnKL: 1.843e+01 (2.074e+01)  RefLogitKL: 0.000e+00 (0.000e+00)  AnchorRefAttnKL: 0.000e+00 (0.000e+00)  TeacherAttnKL: 0.000e+00 (0.000e+00)  TeacherRel: 0.000e+00 (0.000e+00)  TeacherAttnOut: 0.000e+00 (0.000e+00)  TeacherFeatOut: 0.000e+00 (0.000e+00)  ActScaleAnchor: 0.000e+00 (0.000e+00)  VarTrust: 0.000e+00 (0.000e+00)  DirAnchor: 0.000e+00 (0.000e+00)  BinReg: 0.000e+00 (0.000e+00)  SelBinAnchor: 0.000e+00 (0.000e+00)  ActBinMargin: 0.000e+00 (0.000e+00)  Time: 0.333s, 1539.20/s  (0.323s, 1585.92/s)  LR: 5.999e-06  RefW: 2.000e-04  AnchorRefW: 0.000e+00  Data: 0.006 (0.006)
Train: 23 [2200/2502 ( 88%)]  Loss: 51.397717 (51.4049)  BaseLoss: 51.391899 (51.4007)  RefAttnKL: 2.907e+01 (2.093e+01)  RefLogitKL: 0.000e+00 (0.000e+00)  AnchorRefAttnKL: 0.000e+00 (0.000e+00)  TeacherAttnKL: 0.000e+00 (0.000e+00)  TeacherRel: 0.000e+00 (0.000e+00)  TeacherAttnOut: 0.000e+00 (0.000e+00)  TeacherFeatOut: 0.000e+00 (0.000e+00)  ActScaleAnchor: 0.000e+00 (0.000e+00)  VarTrust: 0.000e+00 (0.000e+00)  DirAnchor: 0.000e+00 (0.000e+00)  BinReg: 0.000e+00 (0.000e+00)  SelBinAnchor: 0.000e+00 (0.000e+00)  ActBinMargin: 0.000e+00 (0.000e+00)  Time: 0.349s, 1465.45/s  (0.323s, 1585.90/s)  LR: 5.992e-06  RefW: 2.000e-04  AnchorRefW: 0.000e+00  Data: 0.006 (0.006)
Train: 23 [2250/2502 ( 90%)]  Loss: 51.411579 (51.4050)  BaseLoss: 51.403931 (51.4008)  RefAttnKL: 3.823e+01 (2.130e+01)  RefLogitKL: 0.000e+00 (0.000e+00)  AnchorRefAttnKL: 0.000e+00 (0.000e+00)  TeacherAttnKL: 0.000e+00 (0.000e+00)  TeacherRel: 0.000e+00 (0.000e+00)  TeacherAttnOut: 0.000e+00 (0.000e+00)  TeacherFeatOut: 0.000e+00 (0.000e+00)  ActScaleAnchor: 0.000e+00 (0.000e+00)  VarTrust: 0.000e+00 (0.000e+00)  DirAnchor: 0.000e+00 (0.000e+00)  BinReg: 0.000e+00 (0.000e+00)  SelBinAnchor: 0.000e+00 (0.000e+00)  ActBinMargin: 0.000e+00 (0.000e+00)  Time: 0.334s, 1533.07/s  (0.323s, 1585.94/s)  LR: 5.986e-06  RefW: 2.000e-04  AnchorRefW: 0.000e+00  Data: 0.006 (0.006)
Train: 23 [2300/2502 ( 92%)]  Loss: 51.449104 (51.4060)  BaseLoss: 51.447155 (51.4018)  RefAttnKL: 9.756e+00 (2.106e+01)  RefLogitKL: 0.000e+00 (0.000e+00)  AnchorRefAttnKL: 0.000e+00 (0.000e+00)  TeacherAttnKL: 0.000e+00 (0.000e+00)  TeacherRel: 0.000e+00 (0.000e+00)  TeacherAttnOut: 0.000e+00 (0.000e+00)  TeacherFeatOut: 0.000e+00 (0.000e+00)  ActScaleAnchor: 0.000e+00 (0.000e+00)  VarTrust: 0.000e+00 (0.000e+00)  DirAnchor: 0.000e+00 (0.000e+00)  BinReg: 0.000e+00 (0.000e+00)  SelBinAnchor: 0.000e+00 (0.000e+00)  ActBinMargin: 0.000e+00 (0.000e+00)  Time: 0.334s, 1535.01/s  (0.323s, 1585.81/s)  LR: 5.980e-06  RefW: 2.000e-04  AnchorRefW: 0.000e+00  Data: 0.006 (0.006)
Train: 23 [2350/2502 ( 94%)]  Loss: 51.429401 (51.4065)  BaseLoss: 51.423729 (51.4022)  RefAttnKL: 2.836e+01 (2.121e+01)  RefLogitKL: 0.000e+00 (0.000e+00)  AnchorRefAttnKL: 0.000e+00 (0.000e+00)  TeacherAttnKL: 0.000e+00 (0.000e+00)  TeacherRel: 0.000e+00 (0.000e+00)  TeacherAttnOut: 0.000e+00 (0.000e+00)  TeacherFeatOut: 0.000e+00 (0.000e+00)  ActScaleAnchor: 0.000e+00 (0.000e+00)  VarTrust: 0.000e+00 (0.000e+00)  DirAnchor: 0.000e+00 (0.000e+00)  BinReg: 0.000e+00 (0.000e+00)  SelBinAnchor: 0.000e+00 (0.000e+00)  ActBinMargin: 0.000e+00 (0.000e+00)  Time: 0.336s, 1523.21/s  (0.323s, 1585.85/s)  LR: 5.974e-06  RefW: 2.000e-04  AnchorRefW: 0.000e+00  Data: 0.007 (0.006)
Train: 23 [2400/2502 ( 96%)]  Loss: 51.405987 (51.4064)  BaseLoss: 51.400330 (51.4022)  RefAttnKL: 2.830e+01 (2.135e+01)  RefLogitKL: 0.000e+00 (0.000e+00)  AnchorRefAttnKL: 0.000e+00 (0.000e+00)  TeacherAttnKL: 0.000e+00 (0.000e+00)  TeacherRel: 0.000e+00 (0.000e+00)  TeacherAttnOut: 0.000e+00 (0.000e+00)  TeacherFeatOut: 0.000e+00 (0.000e+00)  ActScaleAnchor: 0.000e+00 (0.000e+00)  VarTrust: 0.000e+00 (0.000e+00)  DirAnchor: 0.000e+00 (0.000e+00)  BinReg: 0.000e+00 (0.000e+00)  SelBinAnchor: 0.000e+00 (0.000e+00)  ActBinMargin: 0.000e+00 (0.000e+00)  Time: 0.334s, 1534.64/s  (0.323s, 1585.87/s)  LR: 5.967e-06  RefW: 2.000e-04  AnchorRefW: 0.000e+00  Data: 0.006 (0.006)
Train: 23 [2450/2502 ( 98%)]  Loss: 51.435253 (51.4070)  BaseLoss: 51.431499 (51.4028)  RefAttnKL: 1.877e+01 (2.130e+01)  RefLogitKL: 0.000e+00 (0.000e+00)  AnchorRefAttnKL: 0.000e+00 (0.000e+00)  TeacherAttnKL: 0.000e+00 (0.000e+00)  TeacherRel: 0.000e+00 (0.000e+00)  TeacherAttnOut: 0.000e+00 (0.000e+00)  TeacherFeatOut: 0.000e+00 (0.000e+00)  ActScaleAnchor: 0.000e+00 (0.000e+00)  VarTrust: 0.000e+00 (0.000e+00)  DirAnchor: 0.000e+00 (0.000e+00)  BinReg: 0.000e+00 (0.000e+00)  SelBinAnchor: 0.000e+00 (0.000e+00)  ActBinMargin: 0.000e+00 (0.000e+00)  Time: 0.334s, 1534.59/s  (0.323s, 1585.97/s)  LR: 5.961e-06  RefW: 2.000e-04  AnchorRefW: 0.000e+00  Data: 0.006 (0.006)
TrainSummary: epoch=23 updates=2496 avg_step_time=0.322800s samples_per_step=512 samples_per_sec=1586.12
epoch:  23 g['lr']:  5.955653488636017e-06
model eval
TestLocal: [   0/97]  Time: 0.930 (0.930)  Loss:  0.7818  Acc@1: 81.2500  Acc@5: 93.7500  Samples: 64
TestLocal: [  50/97]  Time: 0.093 (0.109)  Loss:  0.8237  Acc@1: 81.4645  Acc@5: 95.4350  Samples: 3264
TestLocal: [  97/97]  Time: 0.048 (0.100)  Loss:  0.8157  Acc@1: 80.9724  Acc@5: 95.4457  Samples: 6170
TestLocal: [ 100/97]  Time: 0.048 (0.099)  Loss:  0.8159  Acc@1: 80.9662  Acc@5: 95.4267  Samples: 6210
Test: [distributed-summary]  Time: 10.486s  Loss: 0.8390  Acc@1: 80.4460  Acc@5: 95.3100  Samples: 50000
Trainable parameter policy: epoch=24, quant_only=False, policy=all, trainable=28608256, frozen=0
AOQ explore scale ratio update: epoch=24, update=0, active=False, base_ratio=1.0, threshold_ratio=0.0, base_layers=(), selective_margin=0.0, base_quantizers=0, layer_ratios={}, layer_quantizers=0, layer_counts={}, quality_mode=none, quality_layers=(), quality_start_update=0, quality_min_frac=0.0, start_update=0, end_update=0
Trainable parameter update policy: epoch=24, update=0, mode=requires_grad, policy=all, trainable=28608256, frozen=0
Train: 24 [   0/2502 (  0%)]  Loss: 51.401535 (51.4015)  BaseLoss: 51.401535 (51.4015)  RefAttnKL: 0.000e+00 (0.000e+00)  RefLogitKL: 0.000e+00 (0.000e+00)  AnchorRefAttnKL: 0.000e+00 (0.000e+00)  TeacherAttnKL: 0.000e+00 (0.000e+00)  TeacherRel: 0.000e+00 (0.000e+00)  TeacherAttnOut: 0.000e+00 (0.000e+00)  TeacherFeatOut: 0.000e+00 (0.000e+00)  ActScaleAnchor: 0.000e+00 (0.000e+00)  VarTrust: 0.000e+00 (0.000e+00)  DirAnchor: 0.000e+00 (0.000e+00)  BinReg: 0.000e+00 (0.000e+00)  SelBinAnchor: 0.000e+00 (0.000e+00)  ActBinMargin: 0.000e+00 (0.000e+00)  Time: 0.791s,  647.02/s  (0.791s,  647.02/s)  LR: 5.955e-06  RefW: 0.000e+00  AnchorRefW: 0.000e+00  Data: 0.556 (0.556)
Train: 24 [  50/2502 (  2%)]  Loss: 51.393677 (51.3976)  BaseLoss: 51.393677 (51.3976)  RefAttnKL: 0.000e+00 (0.000e+00)  RefLogitKL: 0.000e+00 (0.000e+00)  AnchorRefAttnKL: 0.000e+00 (0.000e+00)  TeacherAttnKL: 0.000e+00 (0.000e+00)  TeacherRel: 0.000e+00 (0.000e+00)  TeacherAttnOut: 0.000e+00 (0.000e+00)  TeacherFeatOut: 0.000e+00 (0.000e+00)  ActScaleAnchor: 0.000e+00 (0.000e+00)  VarTrust: 0.000e+00 (0.000e+00)  DirAnchor: 0.000e+00 (0.000e+00)  BinReg: 0.000e+00 (0.000e+00)  SelBinAnchor: 0.000e+00 (0.000e+00)  ActBinMargin: 0.000e+00 (0.000e+00)  Time: 0.243s, 2106.69/s  (0.242s, 2118.05/s)  LR: 5.949e-06  RefW: 0.000e+00  AnchorRefW: 0.000e+00  Data: 0.006 (0.016)
Train: 24 [ 100/2502 (  4%)]  Loss: 51.408535 (51.4012)  BaseLoss: 51.408535 (51.4012)  RefAttnKL: 0.000e+00 (0.000e+00)  RefLogitKL: 0.000e+00 (0.000e+00)  AnchorRefAttnKL: 0.000e+00 (0.000e+00)  TeacherAttnKL: 0.000e+00 (0.000e+00)  TeacherRel: 0.000e+00 (0.000e+00)  TeacherAttnOut: 0.000e+00 (0.000e+00)  TeacherFeatOut: 0.000e+00 (0.000e+00)  ActScaleAnchor: 0.000e+00 (0.000e+00)  VarTrust: 0.000e+00 (0.000e+00)  DirAnchor: 0.000e+00 (0.000e+00)  BinReg: 0.000e+00 (0.000e+00)  SelBinAnchor: 0.000e+00 (0.000e+00)  ActBinMargin: 0.000e+00 (0.000e+00)  Time: 0.242s, 2114.17/s  (0.237s, 2164.01/s)  LR: 5.943e-06  RefW: 0.000e+00  AnchorRefW: 0.000e+00  Data: 0.006 (0.011)
Train: 24 [ 150/2502 (  6%)]  Loss: 51.413780 (51.4044)  BaseLoss: 51.413780 (51.4044)  RefAttnKL: 0.000e+00 (0.000e+00)  RefLogitKL: 0.000e+00 (0.000e+00)  AnchorRefAttnKL: 0.000e+00 (0.000e+00)  TeacherAttnKL: 0.000e+00 (0.000e+00)  TeacherRel: 0.000e+00 (0.000e+00)  TeacherAttnOut: 0.000e+00 (0.000e+00)  TeacherFeatOut: 0.000e+00 (0.000e+00)  ActScaleAnchor: 0.000e+00 (0.000e+00)  VarTrust: 0.000e+00 (0.000e+00)  DirAnchor: 0.000e+00 (0.000e+00)  BinReg: 0.000e+00 (0.000e+00)  SelBinAnchor: 0.000e+00 (0.000e+00)  ActBinMargin: 0.000e+00 (0.000e+00)  Time: 0.243s, 2107.83/s  (0.235s, 2181.01/s)  LR: 5.936e-06  RefW: 0.000e+00  AnchorRefW: 0.000e+00  Data: 0.006 (0.009)
Train: 24 [ 200/2502 (  8%)]  Loss: 51.401741 (51.4039)  BaseLoss: 51.401741 (51.4039)  RefAttnKL: 0.000e+00 (0.000e+00)  RefLogitKL: 0.000e+00 (0.000e+00)  AnchorRefAttnKL: 0.000e+00 (0.000e+00)  TeacherAttnKL: 0.000e+00 (0.000e+00)  TeacherRel: 0.000e+00 (0.000e+00)  TeacherAttnOut: 0.000e+00 (0.000e+00)  TeacherFeatOut: 0.000e+00 (0.000e+00)  ActScaleAnchor: 0.000e+00 (0.000e+00)  VarTrust: 0.000e+00 (0.000e+00)  DirAnchor: 0.000e+00 (0.000e+00)  BinReg: 0.000e+00 (0.000e+00)  SelBinAnchor: 0.000e+00 (0.000e+00)  ActBinMargin: 0.000e+00 (0.000e+00)  Time: 0.246s, 2079.09/s  (0.234s, 2190.28/s)  LR: 5.930e-06  RefW: 0.000e+00  AnchorRefW: 0.000e+00  Data: 0.006 (0.008)
Train: 24 [ 250/2502 ( 10%)]  Loss: 51.449512 (51.4115)  BaseLoss: 51.449512 (51.4115)  RefAttnKL: 0.000e+00 (0.000e+00)  RefLogitKL: 0.000e+00 (0.000e+00)  AnchorRefAttnKL: 0.000e+00 (0.000e+00)  TeacherAttnKL: 0.000e+00 (0.000e+00)  TeacherRel: 0.000e+00 (0.000e+00)  TeacherAttnOut: 0.000e+00 (0.000e+00)  TeacherFeatOut: 0.000e+00 (0.000e+00)  ActScaleAnchor: 0.000e+00 (0.000e+00)  VarTrust: 0.000e+00 (0.000e+00)  DirAnchor: 0.000e+00 (0.000e+00)  BinReg: 0.000e+00 (0.000e+00)  SelBinAnchor: 0.000e+00 (0.000e+00)  ActBinMargin: 0.000e+00 (0.000e+00)  Time: 0.243s, 2104.58/s  (0.233s, 2195.40/s)  LR: 5.924e-06  RefW: 0.000e+00  AnchorRefW: 0.000e+00  Data: 0.006 (0.008)
Train: 24 [ 300/2502 ( 12%)]  Loss: 51.395721 (51.4092)  BaseLoss: 51.395721 (51.4092)  RefAttnKL: 0.000e+00 (0.000e+00)  RefLogitKL: 0.000e+00 (0.000e+00)  AnchorRefAttnKL: 0.000e+00 (0.000e+00)  TeacherAttnKL: 0.000e+00 (0.000e+00)  TeacherRel: 0.000e+00 (0.000e+00)  TeacherAttnOut: 0.000e+00 (0.000e+00)  TeacherFeatOut: 0.000e+00 (0.000e+00)  ActScaleAnchor: 0.000e+00 (0.000e+00)  VarTrust: 0.000e+00 (0.000e+00)  DirAnchor: 0.000e+00 (0.000e+00)  BinReg: 0.000e+00 (0.000e+00)  SelBinAnchor: 0.000e+00 (0.000e+00)  ActBinMargin: 0.000e+00 (0.000e+00)  Time: 0.244s, 2102.63/s  (0.233s, 2199.55/s)  LR: 5.918e-06  RefW: 0.000e+00  AnchorRefW: 0.000e+00  Data: 0.006 (0.008)
Train: 24 [ 350/2502 ( 14%)]  Loss: 51.428562 (51.4116)  BaseLoss: 51.428562 (51.4116)  RefAttnKL: 0.000e+00 (0.000e+00)  RefLogitKL: 0.000e+00 (0.000e+00)  AnchorRefAttnKL: 0.000e+00 (0.000e+00)  TeacherAttnKL: 0.000e+00 (0.000e+00)  TeacherRel: 0.000e+00 (0.000e+00)  TeacherAttnOut: 0.000e+00 (0.000e+00)  TeacherFeatOut: 0.000e+00 (0.000e+00)  ActScaleAnchor: 0.000e+00 (0.000e+00)  VarTrust: 0.000e+00 (0.000e+00)  DirAnchor: 0.000e+00 (0.000e+00)  BinReg: 0.000e+00 (0.000e+00)  SelBinAnchor: 0.000e+00 (0.000e+00)  ActBinMargin: 0.000e+00 (0.000e+00)  Time: 0.243s, 2104.21/s  (0.233s, 2201.07/s)  LR: 5.912e-06  RefW: 0.000e+00  AnchorRefW: 0.000e+00  Data: 0.006 (0.007)
Train: 24 [ 400/2502 ( 16%)]  Loss: 51.428371 (51.4135)  BaseLoss: 51.428371 (51.4135)  RefAttnKL: 0.000e+00 (0.000e+00)  RefLogitKL: 0.000e+00 (0.000e+00)  AnchorRefAttnKL: 0.000e+00 (0.000e+00)  TeacherAttnKL: 0.000e+00 (0.000e+00)  TeacherRel: 0.000e+00 (0.000e+00)  TeacherAttnOut: 0.000e+00 (0.000e+00)  TeacherFeatOut: 0.000e+00 (0.000e+00)  ActScaleAnchor: 0.000e+00 (0.000e+00)  VarTrust: 0.000e+00 (0.000e+00)  DirAnchor: 0.000e+00 (0.000e+00)  BinReg: 0.000e+00 (0.000e+00)  SelBinAnchor: 0.000e+00 (0.000e+00)  ActBinMargin: 0.000e+00 (0.000e+00)  Time: 0.242s, 2115.22/s  (0.232s, 2203.32/s)  LR: 5.906e-06  RefW: 0.000e+00  AnchorRefW: 0.000e+00  Data: 0.006 (0.007)
Train: 24 [ 450/2502 ( 18%)]  Loss: 51.430370 (51.4152)  BaseLoss: 51.430370 (51.4152)  RefAttnKL: 0.000e+00 (0.000e+00)  RefLogitKL: 0.000e+00 (0.000e+00)  AnchorRefAttnKL: 0.000e+00 (0.000e+00)  TeacherAttnKL: 0.000e+00 (0.000e+00)  TeacherRel: 0.000e+00 (0.000e+00)  TeacherAttnOut: 0.000e+00 (0.000e+00)  TeacherFeatOut: 0.000e+00 (0.000e+00)  ActScaleAnchor: 0.000e+00 (0.000e+00)  VarTrust: 0.000e+00 (0.000e+00)  DirAnchor: 0.000e+00 (0.000e+00)  BinReg: 0.000e+00 (0.000e+00)  SelBinAnchor: 0.000e+00 (0.000e+00)  ActBinMargin: 0.000e+00 (0.000e+00)  Time: 0.243s, 2103.56/s  (0.232s, 2203.80/s)  LR: 5.900e-06  RefW: 0.000e+00  AnchorRefW: 0.000e+00  Data: 0.006 (0.007)
Train: 24 [ 500/2502 ( 20%)]  Loss: 51.448193 (51.4182)  BaseLoss: 51.448193 (51.4182)  RefAttnKL: 0.000e+00 (0.000e+00)  RefLogitKL: 0.000e+00 (0.000e+00)  AnchorRefAttnKL: 0.000e+00 (0.000e+00)  TeacherAttnKL: 0.000e+00 (0.000e+00)  TeacherRel: 0.000e+00 (0.000e+00)  TeacherAttnOut: 0.000e+00 (0.000e+00)  TeacherFeatOut: 0.000e+00 (0.000e+00)  ActScaleAnchor: 0.000e+00 (0.000e+00)  VarTrust: 0.000e+00 (0.000e+00)  DirAnchor: 0.000e+00 (0.000e+00)  BinReg: 0.000e+00 (0.000e+00)  SelBinAnchor: 0.000e+00 (0.000e+00)  ActBinMargin: 0.000e+00 (0.000e+00)  Time: 0.243s, 2107.57/s  (0.232s, 2205.55/s)  LR: 5.894e-06  RefW: 0.000e+00  AnchorRefW: 0.000e+00  Data: 0.006 (0.007)
Train: 24 [ 550/2502 ( 22%)]  Loss: 51.445202 (51.4204)  BaseLoss: 51.445202 (51.4204)  RefAttnKL: 0.000e+00 (0.000e+00)  RefLogitKL: 0.000e+00 (0.000e+00)  AnchorRefAttnKL: 0.000e+00 (0.000e+00)  TeacherAttnKL: 0.000e+00 (0.000e+00)  TeacherRel: 0.000e+00 (0.000e+00)  TeacherAttnOut: 0.000e+00 (0.000e+00)  TeacherFeatOut: 0.000e+00 (0.000e+00)  ActScaleAnchor: 0.000e+00 (0.000e+00)  VarTrust: 0.000e+00 (0.000e+00)  DirAnchor: 0.000e+00 (0.000e+00)  BinReg: 0.000e+00 (0.000e+00)  SelBinAnchor: 0.000e+00 (0.000e+00)  ActBinMargin: 0.000e+00 (0.000e+00)  Time: 0.242s, 2116.29/s  (0.232s, 2205.83/s)  LR: 5.888e-06  RefW: 0.000e+00  AnchorRefW: 0.000e+00  Data: 0.006 (0.007)
Train: 24 [ 600/2502 ( 24%)]  Loss: 51.366055 (51.4163)  BaseLoss: 51.366055 (51.4163)  RefAttnKL: 0.000e+00 (0.000e+00)  RefLogitKL: 0.000e+00 (0.000e+00)  AnchorRefAttnKL: 0.000e+00 (0.000e+00)  TeacherAttnKL: 0.000e+00 (0.000e+00)  TeacherRel: 0.000e+00 (0.000e+00)  TeacherAttnOut: 0.000e+00 (0.000e+00)  TeacherFeatOut: 0.000e+00 (0.000e+00)  ActScaleAnchor: 0.000e+00 (0.000e+00)  VarTrust: 0.000e+00 (0.000e+00)  DirAnchor: 0.000e+00 (0.000e+00)  BinReg: 0.000e+00 (0.000e+00)  SelBinAnchor: 0.000e+00 (0.000e+00)  ActBinMargin: 0.000e+00 (0.000e+00)  Time: 0.243s, 2103.98/s  (0.232s, 2207.02/s)  LR: 5.882e-06  RefW: 0.000e+00  AnchorRefW: 0.000e+00  Data: 0.006 (0.007)
Train: 24 [ 650/2502 ( 26%)]  Loss: 51.406357 (51.4155)  BaseLoss: 51.406357 (51.4155)  RefAttnKL: 0.000e+00 (0.000e+00)  RefLogitKL: 0.000e+00 (0.000e+00)  AnchorRefAttnKL: 0.000e+00 (0.000e+00)  TeacherAttnKL: 0.000e+00 (0.000e+00)  TeacherRel: 0.000e+00 (0.000e+00)  TeacherAttnOut: 0.000e+00 (0.000e+00)  TeacherFeatOut: 0.000e+00 (0.000e+00)  ActScaleAnchor: 0.000e+00 (0.000e+00)  VarTrust: 0.000e+00 (0.000e+00)  DirAnchor: 0.000e+00 (0.000e+00)  BinReg: 0.000e+00 (0.000e+00)  SelBinAnchor: 0.000e+00 (0.000e+00)  ActBinMargin: 0.000e+00 (0.000e+00)  Time: 0.257s, 1989.10/s  (0.232s, 2207.61/s)  LR: 5.876e-06  RefW: 0.000e+00  AnchorRefW: 0.000e+00  Data: 0.005 (0.007)
Train: 24 [ 700/2502 ( 28%)]  Loss: 51.376247 (51.4129)  BaseLoss: 51.376247 (51.4129)  RefAttnKL: 0.000e+00 (0.000e+00)  RefLogitKL: 0.000e+00 (0.000e+00)  AnchorRefAttnKL: 0.000e+00 (0.000e+00)  TeacherAttnKL: 0.000e+00 (0.000e+00)  TeacherRel: 0.000e+00 (0.000e+00)  TeacherAttnOut: 0.000e+00 (0.000e+00)  TeacherFeatOut: 0.000e+00 (0.000e+00)  ActScaleAnchor: 0.000e+00 (0.000e+00)  VarTrust: 0.000e+00 (0.000e+00)  DirAnchor: 0.000e+00 (0.000e+00)  BinReg: 0.000e+00 (0.000e+00)  SelBinAnchor: 0.000e+00 (0.000e+00)  ActBinMargin: 0.000e+00 (0.000e+00)  Time: 0.242s, 2112.80/s  (0.232s, 2208.13/s)  LR: 5.870e-06  RefW: 0.000e+00  AnchorRefW: 0.000e+00  Data: 0.006 (0.007)
Train: 24 [ 750/2502 ( 30%)]  Loss: 51.366798 (51.4100)  BaseLoss: 51.366798 (51.4100)  RefAttnKL: 0.000e+00 (0.000e+00)  RefLogitKL: 0.000e+00 (0.000e+00)  AnchorRefAttnKL: 0.000e+00 (0.000e+00)  TeacherAttnKL: 0.000e+00 (0.000e+00)  TeacherRel: 0.000e+00 (0.000e+00)  TeacherAttnOut: 0.000e+00 (0.000e+00)  TeacherFeatOut: 0.000e+00 (0.000e+00)  ActScaleAnchor: 0.000e+00 (0.000e+00)  VarTrust: 0.000e+00 (0.000e+00)  DirAnchor: 0.000e+00 (0.000e+00)  BinReg: 0.000e+00 (0.000e+00)  SelBinAnchor: 0.000e+00 (0.000e+00)  ActBinMargin: 0.000e+00 (0.000e+00)  Time: 0.244s, 2094.46/s  (0.232s, 2208.35/s)  LR: 5.865e-06  RefW: 0.000e+00  AnchorRefW: 0.000e+00  Data: 0.006 (0.007)
Train: 24 [ 800/2502 ( 32%)]  Loss: 51.388531 (51.4088)  BaseLoss: 51.388531 (51.4088)  RefAttnKL: 0.000e+00 (0.000e+00)  RefLogitKL: 0.000e+00 (0.000e+00)  AnchorRefAttnKL: 0.000e+00 (0.000e+00)  TeacherAttnKL: 0.000e+00 (0.000e+00)  TeacherRel: 0.000e+00 (0.000e+00)  TeacherAttnOut: 0.000e+00 (0.000e+00)  TeacherFeatOut: 0.000e+00 (0.000e+00)  ActScaleAnchor: 0.000e+00 (0.000e+00)  VarTrust: 0.000e+00 (0.000e+00)  DirAnchor: 0.000e+00 (0.000e+00)  BinReg: 0.000e+00 (0.000e+00)  SelBinAnchor: 0.000e+00 (0.000e+00)  ActBinMargin: 0.000e+00 (0.000e+00)  Time: 0.242s, 2114.50/s  (0.232s, 2208.88/s)  LR: 5.859e-06  RefW: 0.000e+00  AnchorRefW: 0.000e+00  Data: 0.005 (0.007)
Train: 24 [ 850/2502 ( 34%)]  Loss: 51.364346 (51.4063)  BaseLoss: 51.364346 (51.4063)  RefAttnKL: 0.000e+00 (0.000e+00)  RefLogitKL: 0.000e+00 (0.000e+00)  AnchorRefAttnKL: 0.000e+00 (0.000e+00)  TeacherAttnKL: 0.000e+00 (0.000e+00)  TeacherRel: 0.000e+00 (0.000e+00)  TeacherAttnOut: 0.000e+00 (0.000e+00)  TeacherFeatOut: 0.000e+00 (0.000e+00)  ActScaleAnchor: 0.000e+00 (0.000e+00)  VarTrust: 0.000e+00 (0.000e+00)  DirAnchor: 0.000e+00 (0.000e+00)  BinReg: 0.000e+00 (0.000e+00)  SelBinAnchor: 0.000e+00 (0.000e+00)  ActBinMargin: 0.000e+00 (0.000e+00)  Time: 0.245s, 2087.71/s  (0.232s, 2209.37/s)  LR: 5.853e-06  RefW: 0.000e+00  AnchorRefW: 0.000e+00  Data: 0.006 (0.007)
Train: 24 [ 900/2502 ( 36%)]  Loss: 51.391571 (51.4055)  BaseLoss: 51.391571 (51.4055)  RefAttnKL: 0.000e+00 (0.000e+00)  RefLogitKL: 0.000e+00 (0.000e+00)  AnchorRefAttnKL: 0.000e+00 (0.000e+00)  TeacherAttnKL: 0.000e+00 (0.000e+00)  TeacherRel: 0.000e+00 (0.000e+00)  TeacherAttnOut: 0.000e+00 (0.000e+00)  TeacherFeatOut: 0.000e+00 (0.000e+00)  ActScaleAnchor: 0.000e+00 (0.000e+00)  VarTrust: 0.000e+00 (0.000e+00)  DirAnchor: 0.000e+00 (0.000e+00)  BinReg: 0.000e+00 (0.000e+00)  SelBinAnchor: 0.000e+00 (0.000e+00)  ActBinMargin: 0.000e+00 (0.000e+00)  Time: 0.243s, 2110.13/s  (0.232s, 2210.04/s)  LR: 5.847e-06  RefW: 0.000e+00  AnchorRefW: 0.000e+00  Data: 0.007 (0.006)
Train: 24 [ 950/2502 ( 38%)]  Loss: 51.391022 (51.4048)  BaseLoss: 51.391022 (51.4048)  RefAttnKL: 0.000e+00 (0.000e+00)  RefLogitKL: 0.000e+00 (0.000e+00)  AnchorRefAttnKL: 0.000e+00 (0.000e+00)  TeacherAttnKL: 0.000e+00 (0.000e+00)  TeacherRel: 0.000e+00 (0.000e+00)  TeacherAttnOut: 0.000e+00 (0.000e+00)  TeacherFeatOut: 0.000e+00 (0.000e+00)  ActScaleAnchor: 0.000e+00 (0.000e+00)  VarTrust: 0.000e+00 (0.000e+00)  DirAnchor: 0.000e+00 (0.000e+00)  BinReg: 0.000e+00 (0.000e+00)  SelBinAnchor: 0.000e+00 (0.000e+00)  ActBinMargin: 0.000e+00 (0.000e+00)  Time: 0.242s, 2112.84/s  (0.232s, 2210.61/s)  LR: 5.841e-06  RefW: 0.000e+00  AnchorRefW: 0.000e+00  Data: 0.006 (0.006)
Train: 24 [1000/2502 ( 40%)]  Loss: 51.411644 (51.4051)  BaseLoss: 51.411644 (51.4051)  RefAttnKL: 0.000e+00 (0.000e+00)  RefLogitKL: 0.000e+00 (0.000e+00)  AnchorRefAttnKL: 0.000e+00 (0.000e+00)  TeacherAttnKL: 0.000e+00 (0.000e+00)  TeacherRel: 0.000e+00 (0.000e+00)  TeacherAttnOut: 0.000e+00 (0.000e+00)  TeacherFeatOut: 0.000e+00 (0.000e+00)  ActScaleAnchor: 0.000e+00 (0.000e+00)  VarTrust: 0.000e+00 (0.000e+00)  DirAnchor: 0.000e+00 (0.000e+00)  BinReg: 0.000e+00 (0.000e+00)  SelBinAnchor: 0.000e+00 (0.000e+00)  ActBinMargin: 0.000e+00 (0.000e+00)  Time: 0.243s, 2104.44/s  (0.232s, 2211.11/s)  LR: 5.835e-06  RefW: 0.000e+00  AnchorRefW: 0.000e+00  Data: 0.005 (0.006)
Train: 24 [1050/2502 ( 42%)]  Loss: 51.391941 (51.4045)  BaseLoss: 51.391941 (51.4045)  RefAttnKL: 0.000e+00 (0.000e+00)  RefLogitKL: 0.000e+00 (0.000e+00)  AnchorRefAttnKL: 0.000e+00 (0.000e+00)  TeacherAttnKL: 0.000e+00 (0.000e+00)  TeacherRel: 0.000e+00 (0.000e+00)  TeacherAttnOut: 0.000e+00 (0.000e+00)  TeacherFeatOut: 0.000e+00 (0.000e+00)  ActScaleAnchor: 0.000e+00 (0.000e+00)  VarTrust: 0.000e+00 (0.000e+00)  DirAnchor: 0.000e+00 (0.000e+00)  BinReg: 0.000e+00 (0.000e+00)  SelBinAnchor: 0.000e+00 (0.000e+00)  ActBinMargin: 0.000e+00 (0.000e+00)  Time: 0.242s, 2115.27/s  (0.232s, 2211.64/s)  LR: 5.830e-06  RefW: 0.000e+00  AnchorRefW: 0.000e+00  Data: 0.006 (0.006)
Train: 24 [1100/2502 ( 44%)]  Loss: 51.357166 (51.4025)  BaseLoss: 51.357166 (51.4025)  RefAttnKL: 0.000e+00 (0.000e+00)  RefLogitKL: 0.000e+00 (0.000e+00)  AnchorRefAttnKL: 0.000e+00 (0.000e+00)  TeacherAttnKL: 0.000e+00 (0.000e+00)  TeacherRel: 0.000e+00 (0.000e+00)  TeacherAttnOut: 0.000e+00 (0.000e+00)  TeacherFeatOut: 0.000e+00 (0.000e+00)  ActScaleAnchor: 0.000e+00 (0.000e+00)  VarTrust: 0.000e+00 (0.000e+00)  DirAnchor: 0.000e+00 (0.000e+00)  BinReg: 0.000e+00 (0.000e+00)  SelBinAnchor: 0.000e+00 (0.000e+00)  ActBinMargin: 0.000e+00 (0.000e+00)  Time: 0.243s, 2105.79/s  (0.231s, 2211.76/s)  LR: 5.824e-06  RefW: 0.000e+00  AnchorRefW: 0.000e+00  Data: 0.006 (0.006)
Train: 24 [1150/2502 ( 46%)]  Loss: 51.394283 (51.4021)  BaseLoss: 51.394283 (51.4021)  RefAttnKL: 0.000e+00 (0.000e+00)  RefLogitKL: 0.000e+00 (0.000e+00)  AnchorRefAttnKL: 0.000e+00 (0.000e+00)  TeacherAttnKL: 0.000e+00 (0.000e+00)  TeacherRel: 0.000e+00 (0.000e+00)  TeacherAttnOut: 0.000e+00 (0.000e+00)  TeacherFeatOut: 0.000e+00 (0.000e+00)  ActScaleAnchor: 0.000e+00 (0.000e+00)  VarTrust: 0.000e+00 (0.000e+00)  DirAnchor: 0.000e+00 (0.000e+00)  BinReg: 0.000e+00 (0.000e+00)  SelBinAnchor: 0.000e+00 (0.000e+00)  ActBinMargin: 0.000e+00 (0.000e+00)  Time: 0.243s, 2108.93/s  (0.231s, 2211.97/s)  LR: 5.818e-06  RefW: 0.000e+00  AnchorRefW: 0.000e+00  Data: 0.006 (0.006)
Train: 24 [1200/2502 ( 48%)]  Loss: 51.391914 (51.4017)  BaseLoss: 51.391914 (51.4017)  RefAttnKL: 0.000e+00 (0.000e+00)  RefLogitKL: 0.000e+00 (0.000e+00)  AnchorRefAttnKL: 0.000e+00 (0.000e+00)  TeacherAttnKL: 0.000e+00 (0.000e+00)  TeacherRel: 0.000e+00 (0.000e+00)  TeacherAttnOut: 0.000e+00 (0.000e+00)  TeacherFeatOut: 0.000e+00 (0.000e+00)  ActScaleAnchor: 0.000e+00 (0.000e+00)  VarTrust: 0.000e+00 (0.000e+00)  DirAnchor: 0.000e+00 (0.000e+00)  BinReg: 0.000e+00 (0.000e+00)  SelBinAnchor: 0.000e+00 (0.000e+00)  ActBinMargin: 0.000e+00 (0.000e+00)  Time: 0.248s, 2063.13/s  (0.231s, 2211.99/s)  LR: 5.812e-06  RefW: 0.000e+00  AnchorRefW: 0.000e+00  Data: 0.005 (0.006)
Train: 24 [1250/2502 ( 50%)]  Loss: 51.409351 (51.4020)  BaseLoss: 51.409351 (51.4020)  RefAttnKL: 0.000e+00 (0.000e+00)  RefLogitKL: 0.000e+00 (0.000e+00)  AnchorRefAttnKL: 0.000e+00 (0.000e+00)  TeacherAttnKL: 0.000e+00 (0.000e+00)  TeacherRel: 0.000e+00 (0.000e+00)  TeacherAttnOut: 0.000e+00 (0.000e+00)  TeacherFeatOut: 0.000e+00 (0.000e+00)  ActScaleAnchor: 0.000e+00 (0.000e+00)  VarTrust: 0.000e+00 (0.000e+00)  DirAnchor: 0.000e+00 (0.000e+00)  BinReg: 0.000e+00 (0.000e+00)  SelBinAnchor: 0.000e+00 (0.000e+00)  ActBinMargin: 0.000e+00 (0.000e+00)  Time: 0.242s, 2111.53/s  (0.231s, 2212.20/s)  LR: 5.807e-06  RefW: 0.000e+00  AnchorRefW: 0.000e+00  Data: 0.005 (0.006)
Train: 24 [1300/2502 ( 52%)]  Loss: 51.419216 (51.4027)  BaseLoss: 51.419216 (51.4027)  RefAttnKL: 0.000e+00 (0.000e+00)  RefLogitKL: 0.000e+00 (0.000e+00)  AnchorRefAttnKL: 0.000e+00 (0.000e+00)  TeacherAttnKL: 0.000e+00 (0.000e+00)  TeacherRel: 0.000e+00 (0.000e+00)  TeacherAttnOut: 0.000e+00 (0.000e+00)  TeacherFeatOut: 0.000e+00 (0.000e+00)  ActScaleAnchor: 0.000e+00 (0.000e+00)  VarTrust: 0.000e+00 (0.000e+00)  DirAnchor: 0.000e+00 (0.000e+00)  BinReg: 0.000e+00 (0.000e+00)  SelBinAnchor: 0.000e+00 (0.000e+00)  ActBinMargin: 0.000e+00 (0.000e+00)  Time: 0.243s, 2109.77/s  (0.232s, 2211.43/s)  LR: 5.801e-06  RefW: 0.000e+00  AnchorRefW: 0.000e+00  Data: 0.006 (0.006)
Train: 24 [1350/2502 ( 54%)]  Loss: 51.398071 (51.4025)  BaseLoss: 51.398071 (51.4025)  RefAttnKL: 0.000e+00 (0.000e+00)  RefLogitKL: 0.000e+00 (0.000e+00)  AnchorRefAttnKL: 0.000e+00 (0.000e+00)  TeacherAttnKL: 0.000e+00 (0.000e+00)  TeacherRel: 0.000e+00 (0.000e+00)  TeacherAttnOut: 0.000e+00 (0.000e+00)  TeacherFeatOut: 0.000e+00 (0.000e+00)  ActScaleAnchor: 0.000e+00 (0.000e+00)  VarTrust: 0.000e+00 (0.000e+00)  DirAnchor: 0.000e+00 (0.000e+00)  BinReg: 0.000e+00 (0.000e+00)  SelBinAnchor: 0.000e+00 (0.000e+00)  ActBinMargin: 0.000e+00 (0.000e+00)  Time: 0.243s, 2110.50/s  (0.231s, 2211.69/s)  LR: 5.795e-06  RefW: 0.000e+00  AnchorRefW: 0.000e+00  Data: 0.005 (0.006)
Train: 24 [1400/2502 ( 56%)]  Loss: 51.415974 (51.4030)  BaseLoss: 51.415974 (51.4030)  RefAttnKL: 0.000e+00 (0.000e+00)  RefLogitKL: 0.000e+00 (0.000e+00)  AnchorRefAttnKL: 0.000e+00 (0.000e+00)  TeacherAttnKL: 0.000e+00 (0.000e+00)  TeacherRel: 0.000e+00 (0.000e+00)  TeacherAttnOut: 0.000e+00 (0.000e+00)  TeacherFeatOut: 0.000e+00 (0.000e+00)  ActScaleAnchor: 0.000e+00 (0.000e+00)  VarTrust: 0.000e+00 (0.000e+00)  DirAnchor: 0.000e+00 (0.000e+00)  BinReg: 0.000e+00 (0.000e+00)  SelBinAnchor: 0.000e+00 (0.000e+00)  ActBinMargin: 0.000e+00 (0.000e+00)  Time: 0.242s, 2118.54/s  (0.231s, 2211.68/s)  LR: 5.790e-06  RefW: 0.000e+00  AnchorRefW: 0.000e+00  Data: 0.006 (0.006)
Train: 24 [1450/2502 ( 58%)]  Loss: 51.395290 (51.4027)  BaseLoss: 51.395290 (51.4027)  RefAttnKL: 0.000e+00 (0.000e+00)  RefLogitKL: 0.000e+00 (0.000e+00)  AnchorRefAttnKL: 0.000e+00 (0.000e+00)  TeacherAttnKL: 0.000e+00 (0.000e+00)  TeacherRel: 0.000e+00 (0.000e+00)  TeacherAttnOut: 0.000e+00 (0.000e+00)  TeacherFeatOut: 0.000e+00 (0.000e+00)  ActScaleAnchor: 0.000e+00 (0.000e+00)  VarTrust: 0.000e+00 (0.000e+00)  DirAnchor: 0.000e+00 (0.000e+00)  BinReg: 0.000e+00 (0.000e+00)  SelBinAnchor: 0.000e+00 (0.000e+00)  ActBinMargin: 0.000e+00 (0.000e+00)  Time: 0.243s, 2102.73/s  (0.232s, 2211.28/s)  LR: 5.784e-06  RefW: 0.000e+00  AnchorRefW: 0.000e+00  Data: 0.006 (0.006)
Train: 24 [1500/2502 ( 60%)]  Loss: 51.414749 (51.4031)  BaseLoss: 51.414749 (51.4031)  RefAttnKL: 0.000e+00 (0.000e+00)  RefLogitKL: 0.000e+00 (0.000e+00)  AnchorRefAttnKL: 0.000e+00 (0.000e+00)  TeacherAttnKL: 0.000e+00 (0.000e+00)  TeacherRel: 0.000e+00 (0.000e+00)  TeacherAttnOut: 0.000e+00 (0.000e+00)  TeacherFeatOut: 0.000e+00 (0.000e+00)  ActScaleAnchor: 0.000e+00 (0.000e+00)  VarTrust: 0.000e+00 (0.000e+00)  DirAnchor: 0.000e+00 (0.000e+00)  BinReg: 0.000e+00 (0.000e+00)  SelBinAnchor: 0.000e+00 (0.000e+00)  ActBinMargin: 0.000e+00 (0.000e+00)  Time: 0.243s, 2108.11/s  (0.232s, 2211.34/s)  LR: 5.778e-06  RefW: 0.000e+00  AnchorRefW: 0.000e+00  Data: 0.006 (0.006)
Train: 24 [1550/2502 ( 62%)]  Loss: 51.410698 (51.4033)  BaseLoss: 51.410698 (51.4033)  RefAttnKL: 0.000e+00 (0.000e+00)  RefLogitKL: 0.000e+00 (0.000e+00)  AnchorRefAttnKL: 0.000e+00 (0.000e+00)  TeacherAttnKL: 0.000e+00 (0.000e+00)  TeacherRel: 0.000e+00 (0.000e+00)  TeacherAttnOut: 0.000e+00 (0.000e+00)  TeacherFeatOut: 0.000e+00 (0.000e+00)  ActScaleAnchor: 0.000e+00 (0.000e+00)  VarTrust: 0.000e+00 (0.000e+00)  DirAnchor: 0.000e+00 (0.000e+00)  BinReg: 0.000e+00 (0.000e+00)  SelBinAnchor: 0.000e+00 (0.000e+00)  ActBinMargin: 0.000e+00 (0.000e+00)  Time: 0.244s, 2101.02/s  (0.232s, 2211.19/s)  LR: 5.773e-06  RefW: 0.000e+00  AnchorRefW: 0.000e+00  Data: 0.006 (0.006)
Train: 24 [1600/2502 ( 64%)]  Loss: 51.400906 (51.4033)  BaseLoss: 51.400906 (51.4033)  RefAttnKL: 0.000e+00 (0.000e+00)  RefLogitKL: 0.000e+00 (0.000e+00)  AnchorRefAttnKL: 0.000e+00 (0.000e+00)  TeacherAttnKL: 0.000e+00 (0.000e+00)  TeacherRel: 0.000e+00 (0.000e+00)  TeacherAttnOut: 0.000e+00 (0.000e+00)  TeacherFeatOut: 0.000e+00 (0.000e+00)  ActScaleAnchor: 0.000e+00 (0.000e+00)  VarTrust: 0.000e+00 (0.000e+00)  DirAnchor: 0.000e+00 (0.000e+00)  BinReg: 0.000e+00 (0.000e+00)  SelBinAnchor: 0.000e+00 (0.000e+00)  ActBinMargin: 0.000e+00 (0.000e+00)  Time: 0.243s, 2108.01/s  (0.232s, 2211.22/s)  LR: 5.767e-06  RefW: 0.000e+00  AnchorRefW: 0.000e+00  Data: 0.006 (0.006)
Train: 24 [1650/2502 ( 66%)]  Loss: 51.431927 (51.4041)  BaseLoss: 51.431927 (51.4041)  RefAttnKL: 0.000e+00 (0.000e+00)  RefLogitKL: 0.000e+00 (0.000e+00)  AnchorRefAttnKL: 0.000e+00 (0.000e+00)  TeacherAttnKL: 0.000e+00 (0.000e+00)  TeacherRel: 0.000e+00 (0.000e+00)  TeacherAttnOut: 0.000e+00 (0.000e+00)  TeacherFeatOut: 0.000e+00 (0.000e+00)  ActScaleAnchor: 0.000e+00 (0.000e+00)  VarTrust: 0.000e+00 (0.000e+00)  DirAnchor: 0.000e+00 (0.000e+00)  BinReg: 0.000e+00 (0.000e+00)  SelBinAnchor: 0.000e+00 (0.000e+00)  ActBinMargin: 0.000e+00 (0.000e+00)  Time: 0.243s, 2107.35/s  (0.232s, 2211.15/s)  LR: 5.762e-06  RefW: 0.000e+00  AnchorRefW: 0.000e+00  Data: 0.006 (0.006)
Train: 24 [1700/2502 ( 68%)]  Loss: 51.397285 (51.4039)  BaseLoss: 51.397285 (51.4039)  RefAttnKL: 0.000e+00 (0.000e+00)  RefLogitKL: 0.000e+00 (0.000e+00)  AnchorRefAttnKL: 0.000e+00 (0.000e+00)  TeacherAttnKL: 0.000e+00 (0.000e+00)  TeacherRel: 0.000e+00 (0.000e+00)  TeacherAttnOut: 0.000e+00 (0.000e+00)  TeacherFeatOut: 0.000e+00 (0.000e+00)  ActScaleAnchor: 0.000e+00 (0.000e+00)  VarTrust: 0.000e+00 (0.000e+00)  DirAnchor: 0.000e+00 (0.000e+00)  BinReg: 0.000e+00 (0.000e+00)  SelBinAnchor: 0.000e+00 (0.000e+00)  ActBinMargin: 0.000e+00 (0.000e+00)  Time: 0.243s, 2110.33/s  (0.232s, 2211.37/s)  LR: 5.756e-06  RefW: 0.000e+00  AnchorRefW: 0.000e+00  Data: 0.006 (0.006)
Train: 24 [1750/2502 ( 70%)]  Loss: 51.391422 (51.4036)  BaseLoss: 51.391422 (51.4036)  RefAttnKL: 0.000e+00 (0.000e+00)  RefLogitKL: 0.000e+00 (0.000e+00)  AnchorRefAttnKL: 0.000e+00 (0.000e+00)  TeacherAttnKL: 0.000e+00 (0.000e+00)  TeacherRel: 0.000e+00 (0.000e+00)  TeacherAttnOut: 0.000e+00 (0.000e+00)  TeacherFeatOut: 0.000e+00 (0.000e+00)  ActScaleAnchor: 0.000e+00 (0.000e+00)  VarTrust: 0.000e+00 (0.000e+00)  DirAnchor: 0.000e+00 (0.000e+00)  BinReg: 0.000e+00 (0.000e+00)  SelBinAnchor: 0.000e+00 (0.000e+00)  ActBinMargin: 0.000e+00 (0.000e+00)  Time: 0.243s, 2110.64/s  (0.232s, 2211.36/s)  LR: 5.751e-06  RefW: 0.000e+00  AnchorRefW: 0.000e+00  Data: 0.006 (0.006)
Train: 24 [1800/2502 ( 72%)]  Loss: 51.404438 (51.4036)  BaseLoss: 51.404438 (51.4036)  RefAttnKL: 0.000e+00 (0.000e+00)  RefLogitKL: 0.000e+00 (0.000e+00)  AnchorRefAttnKL: 0.000e+00 (0.000e+00)  TeacherAttnKL: 0.000e+00 (0.000e+00)  TeacherRel: 0.000e+00 (0.000e+00)  TeacherAttnOut: 0.000e+00 (0.000e+00)  TeacherFeatOut: 0.000e+00 (0.000e+00)  ActScaleAnchor: 0.000e+00 (0.000e+00)  VarTrust: 0.000e+00 (0.000e+00)  DirAnchor: 0.000e+00 (0.000e+00)  BinReg: 0.000e+00 (0.000e+00)  SelBinAnchor: 0.000e+00 (0.000e+00)  ActBinMargin: 0.000e+00 (0.000e+00)  Time: 0.243s, 2102.76/s  (0.232s, 2211.61/s)  LR: 5.745e-06  RefW: 0.000e+00  AnchorRefW: 0.000e+00  Data: 0.006 (0.006)
Train: 24 [1850/2502 ( 74%)]  Loss: 51.360432 (51.4024)  BaseLoss: 51.360432 (51.4024)  RefAttnKL: 0.000e+00 (0.000e+00)  RefLogitKL: 0.000e+00 (0.000e+00)  AnchorRefAttnKL: 0.000e+00 (0.000e+00)  TeacherAttnKL: 0.000e+00 (0.000e+00)  TeacherRel: 0.000e+00 (0.000e+00)  TeacherAttnOut: 0.000e+00 (0.000e+00)  TeacherFeatOut: 0.000e+00 (0.000e+00)  ActScaleAnchor: 0.000e+00 (0.000e+00)  VarTrust: 0.000e+00 (0.000e+00)  DirAnchor: 0.000e+00 (0.000e+00)  BinReg: 0.000e+00 (0.000e+00)  SelBinAnchor: 0.000e+00 (0.000e+00)  ActBinMargin: 0.000e+00 (0.000e+00)  Time: 0.243s, 2107.51/s  (0.232s, 2211.56/s)  LR: 5.740e-06  RefW: 0.000e+00  AnchorRefW: 0.000e+00  Data: 0.005 (0.006)
Train: 24 [1900/2502 ( 76%)]  Loss: 51.438244 (51.4034)  BaseLoss: 51.438244 (51.4034)  RefAttnKL: 0.000e+00 (0.000e+00)  RefLogitKL: 0.000e+00 (0.000e+00)  AnchorRefAttnKL: 0.000e+00 (0.000e+00)  TeacherAttnKL: 0.000e+00 (0.000e+00)  TeacherRel: 0.000e+00 (0.000e+00)  TeacherAttnOut: 0.000e+00 (0.000e+00)  TeacherFeatOut: 0.000e+00 (0.000e+00)  ActScaleAnchor: 0.000e+00 (0.000e+00)  VarTrust: 0.000e+00 (0.000e+00)  DirAnchor: 0.000e+00 (0.000e+00)  BinReg: 0.000e+00 (0.000e+00)  SelBinAnchor: 0.000e+00 (0.000e+00)  ActBinMargin: 0.000e+00 (0.000e+00)  Time: 0.245s, 2089.92/s  (0.232s, 2211.04/s)  LR: 5.734e-06  RefW: 0.000e+00  AnchorRefW: 0.000e+00  Data: 0.006 (0.006)
Train: 24 [1950/2502 ( 78%)]  Loss: 51.431808 (51.4041)  BaseLoss: 51.431808 (51.4041)  RefAttnKL: 0.000e+00 (0.000e+00)  RefLogitKL: 0.000e+00 (0.000e+00)  AnchorRefAttnKL: 0.000e+00 (0.000e+00)  TeacherAttnKL: 0.000e+00 (0.000e+00)  TeacherRel: 0.000e+00 (0.000e+00)  TeacherAttnOut: 0.000e+00 (0.000e+00)  TeacherFeatOut: 0.000e+00 (0.000e+00)  ActScaleAnchor: 0.000e+00 (0.000e+00)  VarTrust: 0.000e+00 (0.000e+00)  DirAnchor: 0.000e+00 (0.000e+00)  BinReg: 0.000e+00 (0.000e+00)  SelBinAnchor: 0.000e+00 (0.000e+00)  ActBinMargin: 0.000e+00 (0.000e+00)  Time: 0.246s, 2081.68/s  (0.232s, 2210.63/s)  LR: 5.729e-06  RefW: 0.000e+00  AnchorRefW: 0.000e+00  Data: 0.006 (0.006)
Train: 24 [2000/2502 ( 80%)]  Loss: 51.400528 (51.4040)  BaseLoss: 51.400528 (51.4040)  RefAttnKL: 0.000e+00 (0.000e+00)  RefLogitKL: 0.000e+00 (0.000e+00)  AnchorRefAttnKL: 0.000e+00 (0.000e+00)  TeacherAttnKL: 0.000e+00 (0.000e+00)  TeacherRel: 0.000e+00 (0.000e+00)  TeacherAttnOut: 0.000e+00 (0.000e+00)  TeacherFeatOut: 0.000e+00 (0.000e+00)  ActScaleAnchor: 0.000e+00 (0.000e+00)  VarTrust: 0.000e+00 (0.000e+00)  DirAnchor: 0.000e+00 (0.000e+00)  BinReg: 0.000e+00 (0.000e+00)  SelBinAnchor: 0.000e+00 (0.000e+00)  ActBinMargin: 0.000e+00 (0.000e+00)  Time: 0.243s, 2111.25/s  (0.232s, 2210.82/s)  LR: 5.723e-06  RefW: 0.000e+00  AnchorRefW: 0.000e+00  Data: 0.005 (0.006)
Train: 24 [2050/2502 ( 82%)]  Loss: 51.373928 (51.4033)  BaseLoss: 51.373928 (51.4033)  RefAttnKL: 0.000e+00 (0.000e+00)  RefLogitKL: 0.000e+00 (0.000e+00)  AnchorRefAttnKL: 0.000e+00 (0.000e+00)  TeacherAttnKL: 0.000e+00 (0.000e+00)  TeacherRel: 0.000e+00 (0.000e+00)  TeacherAttnOut: 0.000e+00 (0.000e+00)  TeacherFeatOut: 0.000e+00 (0.000e+00)  ActScaleAnchor: 0.000e+00 (0.000e+00)  VarTrust: 0.000e+00 (0.000e+00)  DirAnchor: 0.000e+00 (0.000e+00)  BinReg: 0.000e+00 (0.000e+00)  SelBinAnchor: 0.000e+00 (0.000e+00)  ActBinMargin: 0.000e+00 (0.000e+00)  Time: 0.245s, 2091.28/s  (0.232s, 2211.03/s)  LR: 5.718e-06  RefW: 0.000e+00  AnchorRefW: 0.000e+00  Data: 0.006 (0.006)
Train: 24 [2100/2502 ( 84%)]  Loss: 51.354946 (51.4021)  BaseLoss: 51.354946 (51.4021)  RefAttnKL: 0.000e+00 (0.000e+00)  RefLogitKL: 0.000e+00 (0.000e+00)  AnchorRefAttnKL: 0.000e+00 (0.000e+00)  TeacherAttnKL: 0.000e+00 (0.000e+00)  TeacherRel: 0.000e+00 (0.000e+00)  TeacherAttnOut: 0.000e+00 (0.000e+00)  TeacherFeatOut: 0.000e+00 (0.000e+00)  ActScaleAnchor: 0.000e+00 (0.000e+00)  VarTrust: 0.000e+00 (0.000e+00)  DirAnchor: 0.000e+00 (0.000e+00)  BinReg: 0.000e+00 (0.000e+00)  SelBinAnchor: 0.000e+00 (0.000e+00)  ActBinMargin: 0.000e+00 (0.000e+00)  Time: 0.243s, 2106.62/s  (0.232s, 2210.92/s)  LR: 5.712e-06  RefW: 0.000e+00  AnchorRefW: 0.000e+00  Data: 0.006 (0.006)
Train: 24 [2150/2502 ( 86%)]  Loss: 51.385151 (51.4018)  BaseLoss: 51.385151 (51.4018)  RefAttnKL: 0.000e+00 (0.000e+00)  RefLogitKL: 0.000e+00 (0.000e+00)  AnchorRefAttnKL: 0.000e+00 (0.000e+00)  TeacherAttnKL: 0.000e+00 (0.000e+00)  TeacherRel: 0.000e+00 (0.000e+00)  TeacherAttnOut: 0.000e+00 (0.000e+00)  TeacherFeatOut: 0.000e+00 (0.000e+00)  ActScaleAnchor: 0.000e+00 (0.000e+00)  VarTrust: 0.000e+00 (0.000e+00)  DirAnchor: 0.000e+00 (0.000e+00)  BinReg: 0.000e+00 (0.000e+00)  SelBinAnchor: 0.000e+00 (0.000e+00)  ActBinMargin: 0.000e+00 (0.000e+00)  Time: 0.242s, 2112.34/s  (0.232s, 2211.07/s)  LR: 5.707e-06  RefW: 0.000e+00  AnchorRefW: 0.000e+00  Data: 0.006 (0.006)
Train: 24 [2200/2502 ( 88%)]  Loss: 51.392670 (51.4016)  BaseLoss: 51.392670 (51.4016)  RefAttnKL: 0.000e+00 (0.000e+00)  RefLogitKL: 0.000e+00 (0.000e+00)  AnchorRefAttnKL: 0.000e+00 (0.000e+00)  TeacherAttnKL: 0.000e+00 (0.000e+00)  TeacherRel: 0.000e+00 (0.000e+00)  TeacherAttnOut: 0.000e+00 (0.000e+00)  TeacherFeatOut: 0.000e+00 (0.000e+00)  ActScaleAnchor: 0.000e+00 (0.000e+00)  VarTrust: 0.000e+00 (0.000e+00)  DirAnchor: 0.000e+00 (0.000e+00)  BinReg: 0.000e+00 (0.000e+00)  SelBinAnchor: 0.000e+00 (0.000e+00)  ActBinMargin: 0.000e+00 (0.000e+00)  Time: 0.244s, 2095.75/s  (0.232s, 2211.21/s)  LR: 5.702e-06  RefW: 0.000e+00  AnchorRefW: 0.000e+00  Data: 0.006 (0.006)
Train: 24 [2250/2502 ( 90%)]  Loss: 51.414593 (51.4018)  BaseLoss: 51.414593 (51.4018)  RefAttnKL: 0.000e+00 (0.000e+00)  RefLogitKL: 0.000e+00 (0.000e+00)  AnchorRefAttnKL: 0.000e+00 (0.000e+00)  TeacherAttnKL: 0.000e+00 (0.000e+00)  TeacherRel: 0.000e+00 (0.000e+00)  TeacherAttnOut: 0.000e+00 (0.000e+00)  TeacherFeatOut: 0.000e+00 (0.000e+00)  ActScaleAnchor: 0.000e+00 (0.000e+00)  VarTrust: 0.000e+00 (0.000e+00)  DirAnchor: 0.000e+00 (0.000e+00)  BinReg: 0.000e+00 (0.000e+00)  SelBinAnchor: 0.000e+00 (0.000e+00)  ActBinMargin: 0.000e+00 (0.000e+00)  Time: 0.243s, 2104.22/s  (0.232s, 2211.38/s)  LR: 5.696e-06  RefW: 0.000e+00  AnchorRefW: 0.000e+00  Data: 0.006 (0.006)
Train: 24 [2300/2502 ( 92%)]  Loss: 51.437408 (51.4026)  BaseLoss: 51.437408 (51.4026)  RefAttnKL: 0.000e+00 (0.000e+00)  RefLogitKL: 0.000e+00 (0.000e+00)  AnchorRefAttnKL: 0.000e+00 (0.000e+00)  TeacherAttnKL: 0.000e+00 (0.000e+00)  TeacherRel: 0.000e+00 (0.000e+00)  TeacherAttnOut: 0.000e+00 (0.000e+00)  TeacherFeatOut: 0.000e+00 (0.000e+00)  ActScaleAnchor: 0.000e+00 (0.000e+00)  VarTrust: 0.000e+00 (0.000e+00)  DirAnchor: 0.000e+00 (0.000e+00)  BinReg: 0.000e+00 (0.000e+00)  SelBinAnchor: 0.000e+00 (0.000e+00)  ActBinMargin: 0.000e+00 (0.000e+00)  Time: 0.243s, 2109.41/s  (0.232s, 2211.41/s)  LR: 5.691e-06  RefW: 0.000e+00  AnchorRefW: 0.000e+00  Data: 0.006 (0.006)
Train: 24 [2350/2502 ( 94%)]  Loss: 51.432339 (51.4032)  BaseLoss: 51.432339 (51.4032)  RefAttnKL: 0.000e+00 (0.000e+00)  RefLogitKL: 0.000e+00 (0.000e+00)  AnchorRefAttnKL: 0.000e+00 (0.000e+00)  TeacherAttnKL: 0.000e+00 (0.000e+00)  TeacherRel: 0.000e+00 (0.000e+00)  TeacherAttnOut: 0.000e+00 (0.000e+00)  TeacherFeatOut: 0.000e+00 (0.000e+00)  ActScaleAnchor: 0.000e+00 (0.000e+00)  VarTrust: 0.000e+00 (0.000e+00)  DirAnchor: 0.000e+00 (0.000e+00)  BinReg: 0.000e+00 (0.000e+00)  SelBinAnchor: 0.000e+00 (0.000e+00)  ActBinMargin: 0.000e+00 (0.000e+00)  Time: 0.242s, 2113.19/s  (0.232s, 2211.64/s)  LR: 5.686e-06  RefW: 0.000e+00  AnchorRefW: 0.000e+00  Data: 0.006 (0.006)
Train: 24 [2400/2502 ( 96%)]  Loss: 51.377571 (51.4027)  BaseLoss: 51.377571 (51.4027)  RefAttnKL: 0.000e+00 (0.000e+00)  RefLogitKL: 0.000e+00 (0.000e+00)  AnchorRefAttnKL: 0.000e+00 (0.000e+00)  TeacherAttnKL: 0.000e+00 (0.000e+00)  TeacherRel: 0.000e+00 (0.000e+00)  TeacherAttnOut: 0.000e+00 (0.000e+00)  TeacherFeatOut: 0.000e+00 (0.000e+00)  ActScaleAnchor: 0.000e+00 (0.000e+00)  VarTrust: 0.000e+00 (0.000e+00)  DirAnchor: 0.000e+00 (0.000e+00)  BinReg: 0.000e+00 (0.000e+00)  SelBinAnchor: 0.000e+00 (0.000e+00)  ActBinMargin: 0.000e+00 (0.000e+00)  Time: 0.244s, 2102.27/s  (0.232s, 2211.60/s)  LR: 5.680e-06  RefW: 0.000e+00  AnchorRefW: 0.000e+00  Data: 0.005 (0.006)
Train: 24 [2450/2502 ( 98%)]  Loss: 51.422215 (51.4031)  BaseLoss: 51.422215 (51.4031)  RefAttnKL: 0.000e+00 (0.000e+00)  RefLogitKL: 0.000e+00 (0.000e+00)  AnchorRefAttnKL: 0.000e+00 (0.000e+00)  TeacherAttnKL: 0.000e+00 (0.000e+00)  TeacherRel: 0.000e+00 (0.000e+00)  TeacherAttnOut: 0.000e+00 (0.000e+00)  TeacherFeatOut: 0.000e+00 (0.000e+00)  ActScaleAnchor: 0.000e+00 (0.000e+00)  VarTrust: 0.000e+00 (0.000e+00)  DirAnchor: 0.000e+00 (0.000e+00)  BinReg: 0.000e+00 (0.000e+00)  SelBinAnchor: 0.000e+00 (0.000e+00)  ActBinMargin: 0.000e+00 (0.000e+00)  Time: 0.242s, 2118.52/s  (0.231s, 2211.74/s)  LR: 5.675e-06  RefW: 0.000e+00  AnchorRefW: 0.000e+00  Data: 0.006 (0.006)
TrainSummary: epoch=24 updates=2496 avg_step_time=0.231474s samples_per_step=512 samples_per_sec=2211.92
epoch:  24 g['lr']:  5.670500993728638e-06
model eval
TestLocal: [   0/97]  Time: 0.972 (0.972)  Loss:  0.7739  Acc@1: 82.8125  Acc@5: 95.3125  Samples: 64
TestLocal: [  50/97]  Time: 0.094 (0.111)  Loss:  0.8270  Acc@1: 81.6176  Acc@5: 95.3125  Samples: 3264
TestLocal: [  97/97]  Time: 0.046 (0.101)  Loss:  0.8196  Acc@1: 81.2804  Acc@5: 95.4943  Samples: 6170
TestLocal: [ 100/97]  Time: 0.047 (0.100)  Loss:  0.8197  Acc@1: 81.2560  Acc@5: 95.4911  Samples: 6210
Test: [distributed-summary]  Time: 10.419s  Loss: 0.8409  Acc@1: 80.4760  Acc@5: 95.3160  Samples: 50000
Trainable parameter policy: epoch=25, quant_only=False, policy=all, trainable=28608256, frozen=0
AOQ explore scale ratio update: epoch=25, update=0, active=False, base_ratio=1.0, threshold_ratio=0.0, base_layers=(), selective_margin=0.0, base_quantizers=0, layer_ratios={}, layer_quantizers=0, layer_counts={}, quality_mode=none, quality_layers=(), quality_start_update=0, quality_min_frac=0.0, start_update=0, end_update=0
Trainable parameter update policy: epoch=25, update=0, mode=requires_grad, policy=all, trainable=28608256, frozen=0
Train: 25 [   0/2502 (  0%)]  Loss: 51.411812 (51.4118)  BaseLoss: 51.397007 (51.3970)  RefAttnKL: 2.961e+01 (2.961e+01)  RefLogitKL: 0.000e+00 (0.000e+00)  AnchorRefAttnKL: 0.000e+00 (0.000e+00)  TeacherAttnKL: 0.000e+00 (0.000e+00)  TeacherRel: 0.000e+00 (0.000e+00)  TeacherAttnOut: 0.000e+00 (0.000e+00)  TeacherFeatOut: 0.000e+00 (0.000e+00)  ActScaleAnchor: 0.000e+00 (0.000e+00)  VarTrust: 0.000e+00 (0.000e+00)  DirAnchor: 0.000e+00 (0.000e+00)  BinReg: 0.000e+00 (0.000e+00)  SelBinAnchor: 0.000e+00 (0.000e+00)  ActBinMargin: 0.000e+00 (0.000e+00)  Time: 0.929s,  551.05/s  (0.929s,  551.05/s)  LR: 5.670e-06  RefW: 5.000e-04  AnchorRefW: 0.000e+00  Data: 0.603 (0.603)
Train: 25 [  50/2502 (  2%)]  Loss: 51.419163 (51.4155)  BaseLoss: 51.399086 (51.3980)  RefAttnKL: 4.015e+01 (3.488e+01)  RefLogitKL: 0.000e+00 (0.000e+00)  AnchorRefAttnKL: 0.000e+00 (0.000e+00)  TeacherAttnKL: 0.000e+00 (0.000e+00)  TeacherRel: 0.000e+00 (0.000e+00)  TeacherAttnOut: 0.000e+00 (0.000e+00)  TeacherFeatOut: 0.000e+00 (0.000e+00)  ActScaleAnchor: 0.000e+00 (0.000e+00)  VarTrust: 0.000e+00 (0.000e+00)  DirAnchor: 0.000e+00 (0.000e+00)  BinReg: 0.000e+00 (0.000e+00)  SelBinAnchor: 0.000e+00 (0.000e+00)  ActBinMargin: 0.000e+00 (0.000e+00)  Time: 0.334s, 1532.09/s  (0.334s, 1533.62/s)  LR: 5.665e-06  RefW: 5.000e-04  AnchorRefW: 0.000e+00  Data: 0.006 (0.017)
Train: 25 [ 100/2502 (  4%)]  Loss: 51.409191 (51.4134)  BaseLoss: 51.394257 (51.3968)  RefAttnKL: 2.987e+01 (3.321e+01)  RefLogitKL: 0.000e+00 (0.000e+00)  AnchorRefAttnKL: 0.000e+00 (0.000e+00)  TeacherAttnKL: 0.000e+00 (0.000e+00)  TeacherRel: 0.000e+00 (0.000e+00)  TeacherAttnOut: 0.000e+00 (0.000e+00)  TeacherFeatOut: 0.000e+00 (0.000e+00)  ActScaleAnchor: 0.000e+00 (0.000e+00)  VarTrust: 0.000e+00 (0.000e+00)  DirAnchor: 0.000e+00 (0.000e+00)  BinReg: 0.000e+00 (0.000e+00)  SelBinAnchor: 0.000e+00 (0.000e+00)  ActBinMargin: 0.000e+00 (0.000e+00)  Time: 0.333s, 1536.04/s  (0.328s, 1559.79/s)  LR: 5.659e-06  RefW: 5.000e-04  AnchorRefW: 0.000e+00  Data: 0.006 (0.012)
Train: 25 [ 150/2502 (  6%)]  Loss: 51.408173 (51.4121)  BaseLoss: 51.393543 (51.3960)  RefAttnKL: 2.926e+01 (3.222e+01)  RefLogitKL: 0.000e+00 (0.000e+00)  AnchorRefAttnKL: 0.000e+00 (0.000e+00)  TeacherAttnKL: 0.000e+00 (0.000e+00)  TeacherRel: 0.000e+00 (0.000e+00)  TeacherAttnOut: 0.000e+00 (0.000e+00)  TeacherFeatOut: 0.000e+00 (0.000e+00)  ActScaleAnchor: 0.000e+00 (0.000e+00)  VarTrust: 0.000e+00 (0.000e+00)  DirAnchor: 0.000e+00 (0.000e+00)  BinReg: 0.000e+00 (0.000e+00)  SelBinAnchor: 0.000e+00 (0.000e+00)  ActBinMargin: 0.000e+00 (0.000e+00)  Time: 0.333s, 1535.89/s  (0.326s, 1569.62/s)  LR: 5.654e-06  RefW: 5.000e-04  AnchorRefW: 0.000e+00  Data: 0.005 (0.010)
Train: 25 [ 200/2502 (  8%)]  Loss: 51.412586 (51.4122)  BaseLoss: 51.402889 (51.3974)  RefAttnKL: 1.939e+01 (2.966e+01)  RefLogitKL: 0.000e+00 (0.000e+00)  AnchorRefAttnKL: 0.000e+00 (0.000e+00)  TeacherAttnKL: 0.000e+00 (0.000e+00)  TeacherRel: 0.000e+00 (0.000e+00)  TeacherAttnOut: 0.000e+00 (0.000e+00)  TeacherFeatOut: 0.000e+00 (0.000e+00)  ActScaleAnchor: 0.000e+00 (0.000e+00)  VarTrust: 0.000e+00 (0.000e+00)  DirAnchor: 0.000e+00 (0.000e+00)  BinReg: 0.000e+00 (0.000e+00)  SelBinAnchor: 0.000e+00 (0.000e+00)  ActBinMargin: 0.000e+00 (0.000e+00)  Time: 0.335s, 1530.62/s  (0.325s, 1574.80/s)  LR: 5.649e-06  RefW: 5.000e-04  AnchorRefW: 0.000e+00  Data: 0.006 (0.009)
Train: 25 [ 250/2502 ( 10%)]  Loss: 51.441982 (51.4172)  BaseLoss: 51.441982 (51.4048)  RefAttnKL: 0.000e+00 (2.471e+01)  RefLogitKL: 0.000e+00 (0.000e+00)  AnchorRefAttnKL: 0.000e+00 (0.000e+00)  TeacherAttnKL: 0.000e+00 (0.000e+00)  TeacherRel: 0.000e+00 (0.000e+00)  TeacherAttnOut: 0.000e+00 (0.000e+00)  TeacherFeatOut: 0.000e+00 (0.000e+00)  ActScaleAnchor: 0.000e+00 (0.000e+00)  VarTrust: 0.000e+00 (0.000e+00)  DirAnchor: 0.000e+00 (0.000e+00)  BinReg: 0.000e+00 (0.000e+00)  SelBinAnchor: 0.000e+00 (0.000e+00)  ActBinMargin: 0.000e+00 (0.000e+00)  Time: 0.333s, 1535.41/s  (0.324s, 1577.86/s)  LR: 5.644e-06  RefW: 5.000e-04  AnchorRefW: 0.000e+00  Data: 0.006 (0.008)
Train: 25 [ 300/2502 ( 12%)]  Loss: 51.409744 (51.4161)  BaseLoss: 51.399864 (51.4041)  RefAttnKL: 1.977e+01 (2.401e+01)  RefLogitKL: 0.000e+00 (0.000e+00)  AnchorRefAttnKL: 0.000e+00 (0.000e+00)  TeacherAttnKL: 0.000e+00 (0.000e+00)  TeacherRel: 0.000e+00 (0.000e+00)  TeacherAttnOut: 0.000e+00 (0.000e+00)  TeacherFeatOut: 0.000e+00 (0.000e+00)  ActScaleAnchor: 0.000e+00 (0.000e+00)  VarTrust: 0.000e+00 (0.000e+00)  DirAnchor: 0.000e+00 (0.000e+00)  BinReg: 0.000e+00 (0.000e+00)  SelBinAnchor: 0.000e+00 (0.000e+00)  ActBinMargin: 0.000e+00 (0.000e+00)  Time: 0.335s, 1526.76/s  (0.324s, 1580.14/s)  LR: 5.639e-06  RefW: 5.000e-04  AnchorRefW: 0.000e+00  Data: 0.006 (0.008)
Train: 25 [ 350/2502 ( 14%)]  Loss: 51.438507 (51.4189)  BaseLoss: 51.433777 (51.4078)  RefAttnKL: 9.459e+00 (2.219e+01)  RefLogitKL: 0.000e+00 (0.000e+00)  AnchorRefAttnKL: 0.000e+00 (0.000e+00)  TeacherAttnKL: 0.000e+00 (0.000e+00)  TeacherRel: 0.000e+00 (0.000e+00)  TeacherAttnOut: 0.000e+00 (0.000e+00)  TeacherFeatOut: 0.000e+00 (0.000e+00)  ActScaleAnchor: 0.000e+00 (0.000e+00)  VarTrust: 0.000e+00 (0.000e+00)  DirAnchor: 0.000e+00 (0.000e+00)  BinReg: 0.000e+00 (0.000e+00)  SelBinAnchor: 0.000e+00 (0.000e+00)  ActBinMargin: 0.000e+00 (0.000e+00)  Time: 0.334s, 1535.14/s  (0.324s, 1581.15/s)  LR: 5.634e-06  RefW: 5.000e-04  AnchorRefW: 0.000e+00  Data: 0.006 (0.007)
Train: 25 [ 400/2502 ( 16%)]  Loss: 51.422512 (51.4193)  BaseLoss: 51.417835 (51.4089)  RefAttnKL: 9.349e+00 (2.076e+01)  RefLogitKL: 0.000e+00 (0.000e+00)  AnchorRefAttnKL: 0.000e+00 (0.000e+00)  TeacherAttnKL: 0.000e+00 (0.000e+00)  TeacherRel: 0.000e+00 (0.000e+00)  TeacherAttnOut: 0.000e+00 (0.000e+00)  TeacherFeatOut: 0.000e+00 (0.000e+00)  ActScaleAnchor: 0.000e+00 (0.000e+00)  VarTrust: 0.000e+00 (0.000e+00)  DirAnchor: 0.000e+00 (0.000e+00)  BinReg: 0.000e+00 (0.000e+00)  SelBinAnchor: 0.000e+00 (0.000e+00)  ActBinMargin: 0.000e+00 (0.000e+00)  Time: 0.335s, 1527.71/s  (0.324s, 1581.90/s)  LR: 5.629e-06  RefW: 5.000e-04  AnchorRefW: 0.000e+00  Data: 0.006 (0.007)
Train: 25 [ 450/2502 ( 18%)]  Loss: 51.444492 (51.4218)  BaseLoss: 51.430218 (51.4110)  RefAttnKL: 2.856e+01 (2.154e+01)  RefLogitKL: 0.000e+00 (0.000e+00)  AnchorRefAttnKL: 0.000e+00 (0.000e+00)  TeacherAttnKL: 0.000e+00 (0.000e+00)  TeacherRel: 0.000e+00 (0.000e+00)  TeacherAttnOut: 0.000e+00 (0.000e+00)  TeacherFeatOut: 0.000e+00 (0.000e+00)  ActScaleAnchor: 0.000e+00 (0.000e+00)  VarTrust: 0.000e+00 (0.000e+00)  DirAnchor: 0.000e+00 (0.000e+00)  BinReg: 0.000e+00 (0.000e+00)  SelBinAnchor: 0.000e+00 (0.000e+00)  ActBinMargin: 0.000e+00 (0.000e+00)  Time: 0.335s, 1527.74/s  (0.324s, 1582.54/s)  LR: 5.623e-06  RefW: 5.000e-04  AnchorRefW: 0.000e+00  Data: 0.005 (0.007)
Train: 25 [ 500/2502 ( 20%)]  Loss: 51.451992 (51.4246)  BaseLoss: 51.442860 (51.4139)  RefAttnKL: 1.826e+01 (2.124e+01)  RefLogitKL: 0.000e+00 (0.000e+00)  AnchorRefAttnKL: 0.000e+00 (0.000e+00)  TeacherAttnKL: 0.000e+00 (0.000e+00)  TeacherRel: 0.000e+00 (0.000e+00)  TeacherAttnOut: 0.000e+00 (0.000e+00)  TeacherFeatOut: 0.000e+00 (0.000e+00)  ActScaleAnchor: 0.000e+00 (0.000e+00)  VarTrust: 0.000e+00 (0.000e+00)  DirAnchor: 0.000e+00 (0.000e+00)  BinReg: 0.000e+00 (0.000e+00)  SelBinAnchor: 0.000e+00 (0.000e+00)  ActBinMargin: 0.000e+00 (0.000e+00)  Time: 0.334s, 1531.63/s  (0.323s, 1583.20/s)  LR: 5.618e-06  RefW: 5.000e-04  AnchorRefW: 0.000e+00  Data: 0.006 (0.007)
Train: 25 [ 550/2502 ( 22%)]  Loss: 51.429226 (51.4249)  BaseLoss: 51.415012 (51.4140)  RefAttnKL: 2.842e+01 (2.184e+01)  RefLogitKL: 0.000e+00 (0.000e+00)  AnchorRefAttnKL: 0.000e+00 (0.000e+00)  TeacherAttnKL: 0.000e+00 (0.000e+00)  TeacherRel: 0.000e+00 (0.000e+00)  TeacherAttnOut: 0.000e+00 (0.000e+00)  TeacherFeatOut: 0.000e+00 (0.000e+00)  ActScaleAnchor: 0.000e+00 (0.000e+00)  VarTrust: 0.000e+00 (0.000e+00)  DirAnchor: 0.000e+00 (0.000e+00)  BinReg: 0.000e+00 (0.000e+00)  SelBinAnchor: 0.000e+00 (0.000e+00)  ActBinMargin: 0.000e+00 (0.000e+00)  Time: 0.350s, 1462.16/s  (0.323s, 1583.33/s)  LR: 5.613e-06  RefW: 5.000e-04  AnchorRefW: 0.000e+00  Data: 0.005 (0.007)
Train: 25 [ 600/2502 ( 24%)]  Loss: 51.386909 (51.4220)  BaseLoss: 51.368065 (51.4105)  RefAttnKL: 3.769e+01 (2.306e+01)  RefLogitKL: 0.000e+00 (0.000e+00)  AnchorRefAttnKL: 0.000e+00 (0.000e+00)  TeacherAttnKL: 0.000e+00 (0.000e+00)  TeacherRel: 0.000e+00 (0.000e+00)  TeacherAttnOut: 0.000e+00 (0.000e+00)  TeacherFeatOut: 0.000e+00 (0.000e+00)  ActScaleAnchor: 0.000e+00 (0.000e+00)  VarTrust: 0.000e+00 (0.000e+00)  DirAnchor: 0.000e+00 (0.000e+00)  BinReg: 0.000e+00 (0.000e+00)  SelBinAnchor: 0.000e+00 (0.000e+00)  ActBinMargin: 0.000e+00 (0.000e+00)  Time: 0.334s, 1531.27/s  (0.323s, 1583.84/s)  LR: 5.608e-06  RefW: 5.000e-04  AnchorRefW: 0.000e+00  Data: 0.006 (0.007)
Train: 25 [ 650/2502 ( 26%)]  Loss: 51.412369 (51.4213)  BaseLoss: 51.407928 (51.4103)  RefAttnKL: 8.878e+00 (2.205e+01)  RefLogitKL: 0.000e+00 (0.000e+00)  AnchorRefAttnKL: 0.000e+00 (0.000e+00)  TeacherAttnKL: 0.000e+00 (0.000e+00)  TeacherRel: 0.000e+00 (0.000e+00)  TeacherAttnOut: 0.000e+00 (0.000e+00)  TeacherFeatOut: 0.000e+00 (0.000e+00)  ActScaleAnchor: 0.000e+00 (0.000e+00)  VarTrust: 0.000e+00 (0.000e+00)  DirAnchor: 0.000e+00 (0.000e+00)  BinReg: 0.000e+00 (0.000e+00)  SelBinAnchor: 0.000e+00 (0.000e+00)  ActBinMargin: 0.000e+00 (0.000e+00)  Time: 0.335s, 1528.38/s  (0.323s, 1583.94/s)  LR: 5.603e-06  RefW: 5.000e-04  AnchorRefW: 0.000e+00  Data: 0.006 (0.007)
Train: 25 [ 700/2502 ( 28%)]  Loss: 51.371471 (51.4180)  BaseLoss: 51.361988 (51.4071)  RefAttnKL: 1.897e+01 (2.184e+01)  RefLogitKL: 0.000e+00 (0.000e+00)  AnchorRefAttnKL: 0.000e+00 (0.000e+00)  TeacherAttnKL: 0.000e+00 (0.000e+00)  TeacherRel: 0.000e+00 (0.000e+00)  TeacherAttnOut: 0.000e+00 (0.000e+00)  TeacherFeatOut: 0.000e+00 (0.000e+00)  ActScaleAnchor: 0.000e+00 (0.000e+00)  VarTrust: 0.000e+00 (0.000e+00)  DirAnchor: 0.000e+00 (0.000e+00)  BinReg: 0.000e+00 (0.000e+00)  SelBinAnchor: 0.000e+00 (0.000e+00)  ActBinMargin: 0.000e+00 (0.000e+00)  Time: 0.335s, 1528.66/s  (0.323s, 1584.40/s)  LR: 5.598e-06  RefW: 5.000e-04  AnchorRefW: 0.000e+00  Data: 0.006 (0.007)
Train: 25 [ 750/2502 ( 30%)]  Loss: 51.361568 (51.4145)  BaseLoss: 51.352283 (51.4037)  RefAttnKL: 1.858e+01 (2.164e+01)  RefLogitKL: 0.000e+00 (0.000e+00)  AnchorRefAttnKL: 0.000e+00 (0.000e+00)  TeacherAttnKL: 0.000e+00 (0.000e+00)  TeacherRel: 0.000e+00 (0.000e+00)  TeacherAttnOut: 0.000e+00 (0.000e+00)  TeacherFeatOut: 0.000e+00 (0.000e+00)  ActScaleAnchor: 0.000e+00 (0.000e+00)  VarTrust: 0.000e+00 (0.000e+00)  DirAnchor: 0.000e+00 (0.000e+00)  BinReg: 0.000e+00 (0.000e+00)  SelBinAnchor: 0.000e+00 (0.000e+00)  ActBinMargin: 0.000e+00 (0.000e+00)  Time: 0.335s, 1526.15/s  (0.323s, 1584.63/s)  LR: 5.593e-06  RefW: 5.000e-04  AnchorRefW: 0.000e+00  Data: 0.005 (0.007)
Train: 25 [ 800/2502 ( 32%)]  Loss: 51.403252 (51.4138)  BaseLoss: 51.398689 (51.4034)  RefAttnKL: 9.133e+00 (2.090e+01)  RefLogitKL: 0.000e+00 (0.000e+00)  AnchorRefAttnKL: 0.000e+00 (0.000e+00)  TeacherAttnKL: 0.000e+00 (0.000e+00)  TeacherRel: 0.000e+00 (0.000e+00)  TeacherAttnOut: 0.000e+00 (0.000e+00)  TeacherFeatOut: 0.000e+00 (0.000e+00)  ActScaleAnchor: 0.000e+00 (0.000e+00)  VarTrust: 0.000e+00 (0.000e+00)  DirAnchor: 0.000e+00 (0.000e+00)  BinReg: 0.000e+00 (0.000e+00)  SelBinAnchor: 0.000e+00 (0.000e+00)  ActBinMargin: 0.000e+00 (0.000e+00)  Time: 0.334s, 1530.70/s  (0.323s, 1584.98/s)  LR: 5.589e-06  RefW: 5.000e-04  AnchorRefW: 0.000e+00  Data: 0.006 (0.007)
Train: 25 [ 850/2502 ( 34%)]  Loss: 51.373432 (51.4116)  BaseLoss: 51.355095 (51.4007)  RefAttnKL: 3.669e+01 (2.178e+01)  RefLogitKL: 0.000e+00 (0.000e+00)  AnchorRefAttnKL: 0.000e+00 (0.000e+00)  TeacherAttnKL: 0.000e+00 (0.000e+00)  TeacherRel: 0.000e+00 (0.000e+00)  TeacherAttnOut: 0.000e+00 (0.000e+00)  TeacherFeatOut: 0.000e+00 (0.000e+00)  ActScaleAnchor: 0.000e+00 (0.000e+00)  VarTrust: 0.000e+00 (0.000e+00)  DirAnchor: 0.000e+00 (0.000e+00)  BinReg: 0.000e+00 (0.000e+00)  SelBinAnchor: 0.000e+00 (0.000e+00)  ActBinMargin: 0.000e+00 (0.000e+00)  Time: 0.337s, 1518.05/s  (0.323s, 1585.18/s)  LR: 5.584e-06  RefW: 5.000e-04  AnchorRefW: 0.000e+00  Data: 0.006 (0.006)
Train: 25 [ 900/2502 ( 36%)]  Loss: 51.404484 (51.4112)  BaseLoss: 51.390724 (51.4002)  RefAttnKL: 2.751e+01 (2.208e+01)  RefLogitKL: 0.000e+00 (0.000e+00)  AnchorRefAttnKL: 0.000e+00 (0.000e+00)  TeacherAttnKL: 0.000e+00 (0.000e+00)  TeacherRel: 0.000e+00 (0.000e+00)  TeacherAttnOut: 0.000e+00 (0.000e+00)  TeacherFeatOut: 0.000e+00 (0.000e+00)  ActScaleAnchor: 0.000e+00 (0.000e+00)  VarTrust: 0.000e+00 (0.000e+00)  DirAnchor: 0.000e+00 (0.000e+00)  BinReg: 0.000e+00 (0.000e+00)  SelBinAnchor: 0.000e+00 (0.000e+00)  ActBinMargin: 0.000e+00 (0.000e+00)  Time: 0.334s, 1533.08/s  (0.323s, 1585.40/s)  LR: 5.579e-06  RefW: 5.000e-04  AnchorRefW: 0.000e+00  Data: 0.007 (0.006)
Train: 25 [ 950/2502 ( 38%)]  Loss: 51.376110 (51.4094)  BaseLoss: 51.371624 (51.3987)  RefAttnKL: 8.969e+00 (2.143e+01)  RefLogitKL: 0.000e+00 (0.000e+00)  AnchorRefAttnKL: 0.000e+00 (0.000e+00)  TeacherAttnKL: 0.000e+00 (0.000e+00)  TeacherRel: 0.000e+00 (0.000e+00)  TeacherAttnOut: 0.000e+00 (0.000e+00)  TeacherFeatOut: 0.000e+00 (0.000e+00)  ActScaleAnchor: 0.000e+00 (0.000e+00)  VarTrust: 0.000e+00 (0.000e+00)  DirAnchor: 0.000e+00 (0.000e+00)  BinReg: 0.000e+00 (0.000e+00)  SelBinAnchor: 0.000e+00 (0.000e+00)  ActBinMargin: 0.000e+00 (0.000e+00)  Time: 0.335s, 1528.20/s  (0.323s, 1585.60/s)  LR: 5.574e-06  RefW: 5.000e-04  AnchorRefW: 0.000e+00  Data: 0.006 (0.006)
Train: 25 [1000/2502 ( 40%)]  Loss: 51.434864 (51.4107)  BaseLoss: 51.425373 (51.4000)  RefAttnKL: 1.899e+01 (2.131e+01)  RefLogitKL: 0.000e+00 (0.000e+00)  AnchorRefAttnKL: 0.000e+00 (0.000e+00)  TeacherAttnKL: 0.000e+00 (0.000e+00)  TeacherRel: 0.000e+00 (0.000e+00)  TeacherAttnOut: 0.000e+00 (0.000e+00)  TeacherFeatOut: 0.000e+00 (0.000e+00)  ActScaleAnchor: 0.000e+00 (0.000e+00)  VarTrust: 0.000e+00 (0.000e+00)  DirAnchor: 0.000e+00 (0.000e+00)  BinReg: 0.000e+00 (0.000e+00)  SelBinAnchor: 0.000e+00 (0.000e+00)  ActBinMargin: 0.000e+00 (0.000e+00)  Time: 0.334s, 1533.73/s  (0.323s, 1585.76/s)  LR: 5.569e-06  RefW: 5.000e-04  AnchorRefW: 0.000e+00  Data: 0.006 (0.006)
Train: 25 [1050/2502 ( 42%)]  Loss: 51.402969 (51.4103)  BaseLoss: 51.389156 (51.3995)  RefAttnKL: 2.762e+01 (2.160e+01)  RefLogitKL: 0.000e+00 (0.000e+00)  AnchorRefAttnKL: 0.000e+00 (0.000e+00)  TeacherAttnKL: 0.000e+00 (0.000e+00)  TeacherRel: 0.000e+00 (0.000e+00)  TeacherAttnOut: 0.000e+00 (0.000e+00)  TeacherFeatOut: 0.000e+00 (0.000e+00)  ActScaleAnchor: 0.000e+00 (0.000e+00)  VarTrust: 0.000e+00 (0.000e+00)  DirAnchor: 0.000e+00 (0.000e+00)  BinReg: 0.000e+00 (0.000e+00)  SelBinAnchor: 0.000e+00 (0.000e+00)  ActBinMargin: 0.000e+00 (0.000e+00)  Time: 0.334s, 1532.83/s  (0.323s, 1586.09/s)  LR: 5.564e-06  RefW: 5.000e-04  AnchorRefW: 0.000e+00  Data: 0.005 (0.006)
Train: 25 [1100/2502 ( 44%)]  Loss: 51.367702 (51.4085)  BaseLoss: 51.349407 (51.3973)  RefAttnKL: 3.660e+01 (2.225e+01)  RefLogitKL: 0.000e+00 (0.000e+00)  AnchorRefAttnKL: 0.000e+00 (0.000e+00)  TeacherAttnKL: 0.000e+00 (0.000e+00)  TeacherRel: 0.000e+00 (0.000e+00)  TeacherAttnOut: 0.000e+00 (0.000e+00)  TeacherFeatOut: 0.000e+00 (0.000e+00)  ActScaleAnchor: 0.000e+00 (0.000e+00)  VarTrust: 0.000e+00 (0.000e+00)  DirAnchor: 0.000e+00 (0.000e+00)  BinReg: 0.000e+00 (0.000e+00)  SelBinAnchor: 0.000e+00 (0.000e+00)  ActBinMargin: 0.000e+00 (0.000e+00)  Time: 0.334s, 1531.58/s  (0.323s, 1586.21/s)  LR: 5.559e-06  RefW: 5.000e-04  AnchorRefW: 0.000e+00  Data: 0.005 (0.006)
Train: 25 [1150/2502 ( 46%)]  Loss: 51.405136 (51.4083)  BaseLoss: 51.395626 (51.3973)  RefAttnKL: 1.903e+01 (2.211e+01)  RefLogitKL: 0.000e+00 (0.000e+00)  AnchorRefAttnKL: 0.000e+00 (0.000e+00)  TeacherAttnKL: 0.000e+00 (0.000e+00)  TeacherRel: 0.000e+00 (0.000e+00)  TeacherAttnOut: 0.000e+00 (0.000e+00)  TeacherFeatOut: 0.000e+00 (0.000e+00)  ActScaleAnchor: 0.000e+00 (0.000e+00)  VarTrust: 0.000e+00 (0.000e+00)  DirAnchor: 0.000e+00 (0.000e+00)  BinReg: 0.000e+00 (0.000e+00)  SelBinAnchor: 0.000e+00 (0.000e+00)  ActBinMargin: 0.000e+00 (0.000e+00)  Time: 0.335s, 1529.17/s  (0.323s, 1586.45/s)  LR: 5.555e-06  RefW: 5.000e-04  AnchorRefW: 0.000e+00  Data: 0.005 (0.006)
Train: 25 [1200/2502 ( 48%)]  Loss: 51.388592 (51.4075)  BaseLoss: 51.374947 (51.3964)  RefAttnKL: 2.729e+01 (2.232e+01)  RefLogitKL: 0.000e+00 (0.000e+00)  AnchorRefAttnKL: 0.000e+00 (0.000e+00)  TeacherAttnKL: 0.000e+00 (0.000e+00)  TeacherRel: 0.000e+00 (0.000e+00)  TeacherAttnOut: 0.000e+00 (0.000e+00)  TeacherFeatOut: 0.000e+00 (0.000e+00)  ActScaleAnchor: 0.000e+00 (0.000e+00)  VarTrust: 0.000e+00 (0.000e+00)  DirAnchor: 0.000e+00 (0.000e+00)  BinReg: 0.000e+00 (0.000e+00)  SelBinAnchor: 0.000e+00 (0.000e+00)  ActBinMargin: 0.000e+00 (0.000e+00)  Time: 0.334s, 1533.30/s  (0.323s, 1586.60/s)  LR: 5.550e-06  RefW: 5.000e-04  AnchorRefW: 0.000e+00  Data: 0.005 (0.006)
Train: 25 [1250/2502 ( 50%)]  Loss: 51.424664 (51.4082)  BaseLoss: 51.415638 (51.3971)  RefAttnKL: 1.805e+01 (2.216e+01)  RefLogitKL: 0.000e+00 (0.000e+00)  AnchorRefAttnKL: 0.000e+00 (0.000e+00)  TeacherAttnKL: 0.000e+00 (0.000e+00)  TeacherRel: 0.000e+00 (0.000e+00)  TeacherAttnOut: 0.000e+00 (0.000e+00)  TeacherFeatOut: 0.000e+00 (0.000e+00)  ActScaleAnchor: 0.000e+00 (0.000e+00)  VarTrust: 0.000e+00 (0.000e+00)  DirAnchor: 0.000e+00 (0.000e+00)  BinReg: 0.000e+00 (0.000e+00)  SelBinAnchor: 0.000e+00 (0.000e+00)  ActBinMargin: 0.000e+00 (0.000e+00)  Time: 0.333s, 1538.34/s  (0.323s, 1586.65/s)  LR: 5.545e-06  RefW: 5.000e-04  AnchorRefW: 0.000e+00  Data: 0.005 (0.006)
Train: 25 [1300/2502 ( 52%)]  Loss: 51.423454 (51.4088)  BaseLoss: 51.409683 (51.3976)  RefAttnKL: 2.754e+01 (2.236e+01)  RefLogitKL: 0.000e+00 (0.000e+00)  AnchorRefAttnKL: 0.000e+00 (0.000e+00)  TeacherAttnKL: 0.000e+00 (0.000e+00)  TeacherRel: 0.000e+00 (0.000e+00)  TeacherAttnOut: 0.000e+00 (0.000e+00)  TeacherFeatOut: 0.000e+00 (0.000e+00)  ActScaleAnchor: 0.000e+00 (0.000e+00)  VarTrust: 0.000e+00 (0.000e+00)  DirAnchor: 0.000e+00 (0.000e+00)  BinReg: 0.000e+00 (0.000e+00)  SelBinAnchor: 0.000e+00 (0.000e+00)  ActBinMargin: 0.000e+00 (0.000e+00)  Time: 0.333s, 1536.87/s  (0.323s, 1586.87/s)  LR: 5.540e-06  RefW: 5.000e-04  AnchorRefW: 0.000e+00  Data: 0.006 (0.006)
Train: 25 [1350/2502 ( 54%)]  Loss: 51.419327 (51.4091)  BaseLoss: 51.419327 (51.3984)  RefAttnKL: 0.000e+00 (2.156e+01)  RefLogitKL: 0.000e+00 (0.000e+00)  AnchorRefAttnKL: 0.000e+00 (0.000e+00)  TeacherAttnKL: 0.000e+00 (0.000e+00)  TeacherRel: 0.000e+00 (0.000e+00)  TeacherAttnOut: 0.000e+00 (0.000e+00)  TeacherFeatOut: 0.000e+00 (0.000e+00)  ActScaleAnchor: 0.000e+00 (0.000e+00)  VarTrust: 0.000e+00 (0.000e+00)  DirAnchor: 0.000e+00 (0.000e+00)  BinReg: 0.000e+00 (0.000e+00)  SelBinAnchor: 0.000e+00 (0.000e+00)  ActBinMargin: 0.000e+00 (0.000e+00)  Time: 0.333s, 1537.37/s  (0.323s, 1587.21/s)  LR: 5.536e-06  RefW: 5.000e-04  AnchorRefW: 0.000e+00  Data: 0.005 (0.006)
Train: 25 [1400/2502 ( 56%)]  Loss: 51.432800 (51.4099)  BaseLoss: 51.423786 (51.3992)  RefAttnKL: 1.803e+01 (2.144e+01)  RefLogitKL: 0.000e+00 (0.000e+00)  AnchorRefAttnKL: 0.000e+00 (0.000e+00)  TeacherAttnKL: 0.000e+00 (0.000e+00)  TeacherRel: 0.000e+00 (0.000e+00)  TeacherAttnOut: 0.000e+00 (0.000e+00)  TeacherFeatOut: 0.000e+00 (0.000e+00)  ActScaleAnchor: 0.000e+00 (0.000e+00)  VarTrust: 0.000e+00 (0.000e+00)  DirAnchor: 0.000e+00 (0.000e+00)  BinReg: 0.000e+00 (0.000e+00)  SelBinAnchor: 0.000e+00 (0.000e+00)  ActBinMargin: 0.000e+00 (0.000e+00)  Time: 0.333s, 1538.82/s  (0.323s, 1587.47/s)  LR: 5.531e-06  RefW: 5.000e-04  AnchorRefW: 0.000e+00  Data: 0.005 (0.006)
Train: 25 [1450/2502 ( 58%)]  Loss: 51.424721 (51.4104)  BaseLoss: 51.415501 (51.3998)  RefAttnKL: 1.844e+01 (2.134e+01)  RefLogitKL: 0.000e+00 (0.000e+00)  AnchorRefAttnKL: 0.000e+00 (0.000e+00)  TeacherAttnKL: 0.000e+00 (0.000e+00)  TeacherRel: 0.000e+00 (0.000e+00)  TeacherAttnOut: 0.000e+00 (0.000e+00)  TeacherFeatOut: 0.000e+00 (0.000e+00)  ActScaleAnchor: 0.000e+00 (0.000e+00)  VarTrust: 0.000e+00 (0.000e+00)  DirAnchor: 0.000e+00 (0.000e+00)  BinReg: 0.000e+00 (0.000e+00)  SelBinAnchor: 0.000e+00 (0.000e+00)  ActBinMargin: 0.000e+00 (0.000e+00)  Time: 0.333s, 1538.67/s  (0.322s, 1587.61/s)  LR: 5.526e-06  RefW: 5.000e-04  AnchorRefW: 0.000e+00  Data: 0.005 (0.006)
Train: 25 [1500/2502 ( 60%)]  Loss: 51.430893 (51.4111)  BaseLoss: 51.426453 (51.4006)  RefAttnKL: 8.885e+00 (2.093e+01)  RefLogitKL: 0.000e+00 (0.000e+00)  AnchorRefAttnKL: 0.000e+00 (0.000e+00)  TeacherAttnKL: 0.000e+00 (0.000e+00)  TeacherRel: 0.000e+00 (0.000e+00)  TeacherAttnOut: 0.000e+00 (0.000e+00)  TeacherFeatOut: 0.000e+00 (0.000e+00)  ActScaleAnchor: 0.000e+00 (0.000e+00)  VarTrust: 0.000e+00 (0.000e+00)  DirAnchor: 0.000e+00 (0.000e+00)  BinReg: 0.000e+00 (0.000e+00)  SelBinAnchor: 0.000e+00 (0.000e+00)  ActBinMargin: 0.000e+00 (0.000e+00)  Time: 0.335s, 1530.64/s  (0.322s, 1587.90/s)  LR: 5.521e-06  RefW: 5.000e-04  AnchorRefW: 0.000e+00  Data: 0.006 (0.006)
Train: 25 [1550/2502 ( 62%)]  Loss: 51.412327 (51.4111)  BaseLoss: 51.412327 (51.4010)  RefAttnKL: 0.000e+00 (2.028e+01)  RefLogitKL: 0.000e+00 (0.000e+00)  AnchorRefAttnKL: 0.000e+00 (0.000e+00)  TeacherAttnKL: 0.000e+00 (0.000e+00)  TeacherRel: 0.000e+00 (0.000e+00)  TeacherAttnOut: 0.000e+00 (0.000e+00)  TeacherFeatOut: 0.000e+00 (0.000e+00)  ActScaleAnchor: 0.000e+00 (0.000e+00)  VarTrust: 0.000e+00 (0.000e+00)  DirAnchor: 0.000e+00 (0.000e+00)  BinReg: 0.000e+00 (0.000e+00)  SelBinAnchor: 0.000e+00 (0.000e+00)  ActBinMargin: 0.000e+00 (0.000e+00)  Time: 0.333s, 1537.65/s  (0.322s, 1587.90/s)  LR: 5.517e-06  RefW: 5.000e-04  AnchorRefW: 0.000e+00  Data: 0.006 (0.006)
Train: 25 [1600/2502 ( 64%)]  Loss: 51.413345 (51.4112)  BaseLoss: 51.408958 (51.4012)  RefAttnKL: 8.776e+00 (1.993e+01)  RefLogitKL: 0.000e+00 (0.000e+00)  AnchorRefAttnKL: 0.000e+00 (0.000e+00)  TeacherAttnKL: 0.000e+00 (0.000e+00)  TeacherRel: 0.000e+00 (0.000e+00)  TeacherAttnOut: 0.000e+00 (0.000e+00)  TeacherFeatOut: 0.000e+00 (0.000e+00)  ActScaleAnchor: 0.000e+00 (0.000e+00)  VarTrust: 0.000e+00 (0.000e+00)  DirAnchor: 0.000e+00 (0.000e+00)  BinReg: 0.000e+00 (0.000e+00)  SelBinAnchor: 0.000e+00 (0.000e+00)  ActBinMargin: 0.000e+00 (0.000e+00)  Time: 0.333s, 1538.42/s  (0.322s, 1588.10/s)  LR: 5.512e-06  RefW: 5.000e-04  AnchorRefW: 0.000e+00  Data: 0.006 (0.006)
Train: 25 [1650/2502 ( 66%)]  Loss: 51.451855 (51.4124)  BaseLoss: 51.447510 (51.4026)  RefAttnKL: 8.690e+00 (1.960e+01)  RefLogitKL: 0.000e+00 (0.000e+00)  AnchorRefAttnKL: 0.000e+00 (0.000e+00)  TeacherAttnKL: 0.000e+00 (0.000e+00)  TeacherRel: 0.000e+00 (0.000e+00)  TeacherAttnOut: 0.000e+00 (0.000e+00)  TeacherFeatOut: 0.000e+00 (0.000e+00)  ActScaleAnchor: 0.000e+00 (0.000e+00)  VarTrust: 0.000e+00 (0.000e+00)  DirAnchor: 0.000e+00 (0.000e+00)  BinReg: 0.000e+00 (0.000e+00)  SelBinAnchor: 0.000e+00 (0.000e+00)  ActBinMargin: 0.000e+00 (0.000e+00)  Time: 0.333s, 1538.66/s  (0.322s, 1588.18/s)  LR: 5.508e-06  RefW: 5.000e-04  AnchorRefW: 0.000e+00  Data: 0.006 (0.006)
Train: 25 [1700/2502 ( 68%)]  Loss: 51.421894 (51.4127)  BaseLoss: 51.408558 (51.4028)  RefAttnKL: 2.668e+01 (1.980e+01)  RefLogitKL: 0.000e+00 (0.000e+00)  AnchorRefAttnKL: 0.000e+00 (0.000e+00)  TeacherAttnKL: 0.000e+00 (0.000e+00)  TeacherRel: 0.000e+00 (0.000e+00)  TeacherAttnOut: 0.000e+00 (0.000e+00)  TeacherFeatOut: 0.000e+00 (0.000e+00)  ActScaleAnchor: 0.000e+00 (0.000e+00)  VarTrust: 0.000e+00 (0.000e+00)  DirAnchor: 0.000e+00 (0.000e+00)  BinReg: 0.000e+00 (0.000e+00)  SelBinAnchor: 0.000e+00 (0.000e+00)  ActBinMargin: 0.000e+00 (0.000e+00)  Time: 0.334s, 1532.97/s  (0.322s, 1588.43/s)  LR: 5.503e-06  RefW: 5.000e-04  AnchorRefW: 0.000e+00  Data: 0.007 (0.006)
Train: 25 [1750/2502 ( 70%)]  Loss: 51.434353 (51.4133)  BaseLoss: 51.421021 (51.4033)  RefAttnKL: 2.667e+01 (1.999e+01)  RefLogitKL: 0.000e+00 (0.000e+00)  AnchorRefAttnKL: 0.000e+00 (0.000e+00)  TeacherAttnKL: 0.000e+00 (0.000e+00)  TeacherRel: 0.000e+00 (0.000e+00)  TeacherAttnOut: 0.000e+00 (0.000e+00)  TeacherFeatOut: 0.000e+00 (0.000e+00)  ActScaleAnchor: 0.000e+00 (0.000e+00)  VarTrust: 0.000e+00 (0.000e+00)  DirAnchor: 0.000e+00 (0.000e+00)  BinReg: 0.000e+00 (0.000e+00)  SelBinAnchor: 0.000e+00 (0.000e+00)  ActBinMargin: 0.000e+00 (0.000e+00)  Time: 0.334s, 1532.31/s  (0.322s, 1588.59/s)  LR: 5.498e-06  RefW: 5.000e-04  AnchorRefW: 0.000e+00  Data: 0.006 (0.006)
Train: 25 [1800/2502 ( 72%)]  Loss: 51.414978 (51.4133)  BaseLoss: 51.410645 (51.4035)  RefAttnKL: 8.671e+00 (1.969e+01)  RefLogitKL: 0.000e+00 (0.000e+00)  AnchorRefAttnKL: 0.000e+00 (0.000e+00)  TeacherAttnKL: 0.000e+00 (0.000e+00)  TeacherRel: 0.000e+00 (0.000e+00)  TeacherAttnOut: 0.000e+00 (0.000e+00)  TeacherFeatOut: 0.000e+00 (0.000e+00)  ActScaleAnchor: 0.000e+00 (0.000e+00)  VarTrust: 0.000e+00 (0.000e+00)  DirAnchor: 0.000e+00 (0.000e+00)  BinReg: 0.000e+00 (0.000e+00)  SelBinAnchor: 0.000e+00 (0.000e+00)  ActBinMargin: 0.000e+00 (0.000e+00)  Time: 0.331s, 1546.72/s  (0.322s, 1588.73/s)  LR: 5.494e-06  RefW: 5.000e-04  AnchorRefW: 0.000e+00  Data: 0.006 (0.006)
Train: 25 [1850/2502 ( 74%)]  Loss: 51.387581 (51.4126)  BaseLoss: 51.378521 (51.4028)  RefAttnKL: 1.813e+01 (1.965e+01)  RefLogitKL: 0.000e+00 (0.000e+00)  AnchorRefAttnKL: 0.000e+00 (0.000e+00)  TeacherAttnKL: 0.000e+00 (0.000e+00)  TeacherRel: 0.000e+00 (0.000e+00)  TeacherAttnOut: 0.000e+00 (0.000e+00)  TeacherFeatOut: 0.000e+00 (0.000e+00)  ActScaleAnchor: 0.000e+00 (0.000e+00)  VarTrust: 0.000e+00 (0.000e+00)  DirAnchor: 0.000e+00 (0.000e+00)  BinReg: 0.000e+00 (0.000e+00)  SelBinAnchor: 0.000e+00 (0.000e+00)  ActBinMargin: 0.000e+00 (0.000e+00)  Time: 0.333s, 1536.39/s  (0.322s, 1588.79/s)  LR: 5.489e-06  RefW: 5.000e-04  AnchorRefW: 0.000e+00  Data: 0.006 (0.006)
Train: 25 [1900/2502 ( 76%)]  Loss: 51.431927 (51.4131)  BaseLoss: 51.427410 (51.4035)  RefAttnKL: 9.021e+00 (1.937e+01)  RefLogitKL: 0.000e+00 (0.000e+00)  AnchorRefAttnKL: 0.000e+00 (0.000e+00)  TeacherAttnKL: 0.000e+00 (0.000e+00)  TeacherRel: 0.000e+00 (0.000e+00)  TeacherAttnOut: 0.000e+00 (0.000e+00)  TeacherFeatOut: 0.000e+00 (0.000e+00)  ActScaleAnchor: 0.000e+00 (0.000e+00)  VarTrust: 0.000e+00 (0.000e+00)  DirAnchor: 0.000e+00 (0.000e+00)  BinReg: 0.000e+00 (0.000e+00)  SelBinAnchor: 0.000e+00 (0.000e+00)  ActBinMargin: 0.000e+00 (0.000e+00)  Time: 0.335s, 1529.88/s  (0.322s, 1588.91/s)  LR: 5.485e-06  RefW: 5.000e-04  AnchorRefW: 0.000e+00  Data: 0.006 (0.006)
Train: 25 [1950/2502 ( 78%)]  Loss: 51.457161 (51.4142)  BaseLoss: 51.443291 (51.4044)  RefAttnKL: 2.775e+01 (1.958e+01)  RefLogitKL: 0.000e+00 (0.000e+00)  AnchorRefAttnKL: 0.000e+00 (0.000e+00)  TeacherAttnKL: 0.000e+00 (0.000e+00)  TeacherRel: 0.000e+00 (0.000e+00)  TeacherAttnOut: 0.000e+00 (0.000e+00)  TeacherFeatOut: 0.000e+00 (0.000e+00)  ActScaleAnchor: 0.000e+00 (0.000e+00)  VarTrust: 0.000e+00 (0.000e+00)  DirAnchor: 0.000e+00 (0.000e+00)  BinReg: 0.000e+00 (0.000e+00)  SelBinAnchor: 0.000e+00 (0.000e+00)  ActBinMargin: 0.000e+00 (0.000e+00)  Time: 0.334s, 1531.70/s  (0.322s, 1589.00/s)  LR: 5.480e-06  RefW: 5.000e-04  AnchorRefW: 0.000e+00  Data: 0.006 (0.006)
Train: 25 [2000/2502 ( 80%)]  Loss: 51.428688 (51.4146)  BaseLoss: 51.424076 (51.4049)  RefAttnKL: 9.225e+00 (1.933e+01)  RefLogitKL: 0.000e+00 (0.000e+00)  AnchorRefAttnKL: 0.000e+00 (0.000e+00)  TeacherAttnKL: 0.000e+00 (0.000e+00)  TeacherRel: 0.000e+00 (0.000e+00)  TeacherAttnOut: 0.000e+00 (0.000e+00)  TeacherFeatOut: 0.000e+00 (0.000e+00)  ActScaleAnchor: 0.000e+00 (0.000e+00)  VarTrust: 0.000e+00 (0.000e+00)  DirAnchor: 0.000e+00 (0.000e+00)  BinReg: 0.000e+00 (0.000e+00)  SelBinAnchor: 0.000e+00 (0.000e+00)  ActBinMargin: 0.000e+00 (0.000e+00)  Time: 0.333s, 1539.62/s  (0.322s, 1589.15/s)  LR: 5.476e-06  RefW: 5.000e-04  AnchorRefW: 0.000e+00  Data: 0.005 (0.006)
Train: 25 [2050/2502 ( 82%)]  Loss: 51.378674 (51.4137)  BaseLoss: 51.369545 (51.4041)  RefAttnKL: 1.825e+01 (1.931e+01)  RefLogitKL: 0.000e+00 (0.000e+00)  AnchorRefAttnKL: 0.000e+00 (0.000e+00)  TeacherAttnKL: 0.000e+00 (0.000e+00)  TeacherRel: 0.000e+00 (0.000e+00)  TeacherAttnOut: 0.000e+00 (0.000e+00)  TeacherFeatOut: 0.000e+00 (0.000e+00)  ActScaleAnchor: 0.000e+00 (0.000e+00)  VarTrust: 0.000e+00 (0.000e+00)  DirAnchor: 0.000e+00 (0.000e+00)  BinReg: 0.000e+00 (0.000e+00)  SelBinAnchor: 0.000e+00 (0.000e+00)  ActBinMargin: 0.000e+00 (0.000e+00)  Time: 0.314s, 1630.30/s  (0.322s, 1589.26/s)  LR: 5.471e-06  RefW: 5.000e-04  AnchorRefW: 0.000e+00  Data: 0.005 (0.006)
Train: 25 [2100/2502 ( 84%)]  Loss: 51.395222 (51.4133)  BaseLoss: 51.390820 (51.4038)  RefAttnKL: 8.804e+00 (1.906e+01)  RefLogitKL: 0.000e+00 (0.000e+00)  AnchorRefAttnKL: 0.000e+00 (0.000e+00)  TeacherAttnKL: 0.000e+00 (0.000e+00)  TeacherRel: 0.000e+00 (0.000e+00)  TeacherAttnOut: 0.000e+00 (0.000e+00)  TeacherFeatOut: 0.000e+00 (0.000e+00)  ActScaleAnchor: 0.000e+00 (0.000e+00)  VarTrust: 0.000e+00 (0.000e+00)  DirAnchor: 0.000e+00 (0.000e+00)  BinReg: 0.000e+00 (0.000e+00)  SelBinAnchor: 0.000e+00 (0.000e+00)  ActBinMargin: 0.000e+00 (0.000e+00)  Time: 0.333s, 1539.05/s  (0.322s, 1589.43/s)  LR: 5.467e-06  RefW: 5.000e-04  AnchorRefW: 0.000e+00  Data: 0.006 (0.006)
Train: 25 [2150/2502 ( 86%)]  Loss: 51.397137 (51.4129)  BaseLoss: 51.388302 (51.4034)  RefAttnKL: 1.767e+01 (1.903e+01)  RefLogitKL: 0.000e+00 (0.000e+00)  AnchorRefAttnKL: 0.000e+00 (0.000e+00)  TeacherAttnKL: 0.000e+00 (0.000e+00)  TeacherRel: 0.000e+00 (0.000e+00)  TeacherAttnOut: 0.000e+00 (0.000e+00)  TeacherFeatOut: 0.000e+00 (0.000e+00)  ActScaleAnchor: 0.000e+00 (0.000e+00)  VarTrust: 0.000e+00 (0.000e+00)  DirAnchor: 0.000e+00 (0.000e+00)  BinReg: 0.000e+00 (0.000e+00)  SelBinAnchor: 0.000e+00 (0.000e+00)  ActBinMargin: 0.000e+00 (0.000e+00)  Time: 0.333s, 1536.60/s  (0.322s, 1589.61/s)  LR: 5.463e-06  RefW: 5.000e-04  AnchorRefW: 0.000e+00  Data: 0.005 (0.006)
Train: 25 [2200/2502 ( 88%)]  Loss: 51.410507 (51.4129)  BaseLoss: 51.401535 (51.4034)  RefAttnKL: 1.794e+01 (1.901e+01)  RefLogitKL: 0.000e+00 (0.000e+00)  AnchorRefAttnKL: 0.000e+00 (0.000e+00)  TeacherAttnKL: 0.000e+00 (0.000e+00)  TeacherRel: 0.000e+00 (0.000e+00)  TeacherAttnOut: 0.000e+00 (0.000e+00)  TeacherFeatOut: 0.000e+00 (0.000e+00)  ActScaleAnchor: 0.000e+00 (0.000e+00)  VarTrust: 0.000e+00 (0.000e+00)  DirAnchor: 0.000e+00 (0.000e+00)  BinReg: 0.000e+00 (0.000e+00)  SelBinAnchor: 0.000e+00 (0.000e+00)  ActBinMargin: 0.000e+00 (0.000e+00)  Time: 0.333s, 1536.23/s  (0.322s, 1589.69/s)  LR: 5.458e-06  RefW: 5.000e-04  AnchorRefW: 0.000e+00  Data: 0.005 (0.006)
Train: 25 [2250/2502 ( 90%)]  Loss: 51.397663 (51.4126)  BaseLoss: 51.384098 (51.4030)  RefAttnKL: 2.712e+01 (1.918e+01)  RefLogitKL: 0.000e+00 (0.000e+00)  AnchorRefAttnKL: 0.000e+00 (0.000e+00)  TeacherAttnKL: 0.000e+00 (0.000e+00)  TeacherRel: 0.000e+00 (0.000e+00)  TeacherAttnOut: 0.000e+00 (0.000e+00)  TeacherFeatOut: 0.000e+00 (0.000e+00)  ActScaleAnchor: 0.000e+00 (0.000e+00)  VarTrust: 0.000e+00 (0.000e+00)  DirAnchor: 0.000e+00 (0.000e+00)  BinReg: 0.000e+00 (0.000e+00)  SelBinAnchor: 0.000e+00 (0.000e+00)  ActBinMargin: 0.000e+00 (0.000e+00)  Time: 0.334s, 1534.33/s  (0.322s, 1589.78/s)  LR: 5.454e-06  RefW: 5.000e-04  AnchorRefW: 0.000e+00  Data: 0.006 (0.006)
Train: 25 [2300/2502 ( 92%)]  Loss: 51.414974 (51.4126)  BaseLoss: 51.410351 (51.4031)  RefAttnKL: 9.239e+00 (1.897e+01)  RefLogitKL: 0.000e+00 (0.000e+00)  AnchorRefAttnKL: 0.000e+00 (0.000e+00)  TeacherAttnKL: 0.000e+00 (0.000e+00)  TeacherRel: 0.000e+00 (0.000e+00)  TeacherAttnOut: 0.000e+00 (0.000e+00)  TeacherFeatOut: 0.000e+00 (0.000e+00)  ActScaleAnchor: 0.000e+00 (0.000e+00)  VarTrust: 0.000e+00 (0.000e+00)  DirAnchor: 0.000e+00 (0.000e+00)  BinReg: 0.000e+00 (0.000e+00)  SelBinAnchor: 0.000e+00 (0.000e+00)  ActBinMargin: 0.000e+00 (0.000e+00)  Time: 0.331s, 1544.91/s  (0.322s, 1589.90/s)  LR: 5.450e-06  RefW: 5.000e-04  AnchorRefW: 0.000e+00  Data: 0.007 (0.006)
Train: 25 [2350/2502 ( 94%)]  Loss: 51.447212 (51.4133)  BaseLoss: 51.434086 (51.4038)  RefAttnKL: 2.625e+01 (1.912e+01)  RefLogitKL: 0.000e+00 (0.000e+00)  AnchorRefAttnKL: 0.000e+00 (0.000e+00)  TeacherAttnKL: 0.000e+00 (0.000e+00)  TeacherRel: 0.000e+00 (0.000e+00)  TeacherAttnOut: 0.000e+00 (0.000e+00)  TeacherFeatOut: 0.000e+00 (0.000e+00)  ActScaleAnchor: 0.000e+00 (0.000e+00)  VarTrust: 0.000e+00 (0.000e+00)  DirAnchor: 0.000e+00 (0.000e+00)  BinReg: 0.000e+00 (0.000e+00)  SelBinAnchor: 0.000e+00 (0.000e+00)  ActBinMargin: 0.000e+00 (0.000e+00)  Time: 0.332s, 1540.63/s  (0.322s, 1590.06/s)  LR: 5.445e-06  RefW: 5.000e-04  AnchorRefW: 0.000e+00  Data: 0.006 (0.006)
Train: 25 [2400/2502 ( 96%)]  Loss: 51.394032 (51.4129)  BaseLoss: 51.380730 (51.4033)  RefAttnKL: 2.660e+01 (1.928e+01)  RefLogitKL: 0.000e+00 (0.000e+00)  AnchorRefAttnKL: 0.000e+00 (0.000e+00)  TeacherAttnKL: 0.000e+00 (0.000e+00)  TeacherRel: 0.000e+00 (0.000e+00)  TeacherAttnOut: 0.000e+00 (0.000e+00)  TeacherFeatOut: 0.000e+00 (0.000e+00)  ActScaleAnchor: 0.000e+00 (0.000e+00)  VarTrust: 0.000e+00 (0.000e+00)  DirAnchor: 0.000e+00 (0.000e+00)  BinReg: 0.000e+00 (0.000e+00)  SelBinAnchor: 0.000e+00 (0.000e+00)  ActBinMargin: 0.000e+00 (0.000e+00)  Time: 0.334s, 1533.56/s  (0.322s, 1590.01/s)  LR: 5.441e-06  RefW: 5.000e-04  AnchorRefW: 0.000e+00  Data: 0.006 (0.006)
Train: 25 [2450/2502 ( 98%)]  Loss: 51.442616 (51.4135)  BaseLoss: 51.424618 (51.4037)  RefAttnKL: 3.599e+01 (1.961e+01)  RefLogitKL: 0.000e+00 (0.000e+00)  AnchorRefAttnKL: 0.000e+00 (0.000e+00)  TeacherAttnKL: 0.000e+00 (0.000e+00)  TeacherRel: 0.000e+00 (0.000e+00)  TeacherAttnOut: 0.000e+00 (0.000e+00)  TeacherFeatOut: 0.000e+00 (0.000e+00)  ActScaleAnchor: 0.000e+00 (0.000e+00)  VarTrust: 0.000e+00 (0.000e+00)  DirAnchor: 0.000e+00 (0.000e+00)  BinReg: 0.000e+00 (0.000e+00)  SelBinAnchor: 0.000e+00 (0.000e+00)  ActBinMargin: 0.000e+00 (0.000e+00)  Time: 0.334s, 1534.24/s  (0.322s, 1590.02/s)  LR: 5.437e-06  RefW: 5.000e-04  AnchorRefW: 0.000e+00  Data: 0.006 (0.006)
TrainSummary: epoch=25 updates=2496 avg_step_time=0.321982s samples_per_step=512 samples_per_sec=1590.15
epoch:  25 g['lr']:  5.432783663272858e-06
model eval
TestLocal: [   0/97]  Time: 0.909 (0.909)  Loss:  0.7818  Acc@1: 81.2500  Acc@5: 93.7500  Samples: 64
TestLocal: [  50/97]  Time: 0.093 (0.109)  Loss:  0.8252  Acc@1: 81.4645  Acc@5: 95.2512  Samples: 3264
TestLocal: [  97/97]  Time: 0.047 (0.100)  Loss:  0.8184  Acc@1: 81.2642  Acc@5: 95.3160  Samples: 6170
TestLocal: [ 100/97]  Time: 0.047 (0.099)  Loss:  0.8187  Acc@1: 81.2560  Acc@5: 95.3140  Samples: 6210
Test: [distributed-summary]  Time: 10.449s  Loss: 0.8391  Acc@1: 80.4840  Acc@5: 95.3280  Samples: 50000
Trainable parameter policy: epoch=26, quant_only=False, policy=all, trainable=28608256, frozen=0
AOQ explore scale ratio update: epoch=26, update=0, active=False, base_ratio=1.0, threshold_ratio=0.0, base_layers=(), selective_margin=0.0, base_quantizers=0, layer_ratios={}, layer_quantizers=0, layer_counts={}, quality_mode=none, quality_layers=(), quality_start_update=0, quality_min_frac=0.0, start_update=0, end_update=0
Trainable parameter update policy: epoch=26, update=0, mode=requires_grad, policy=all, trainable=28608256, frozen=0
Train: 26 [   0/2502 (  0%)]  Loss: 51.409122 (51.4091)  BaseLoss: 51.409122 (51.4091)  RefAttnKL: 0.000e+00 (0.000e+00)  RefLogitKL: 0.000e+00 (0.000e+00)  AnchorRefAttnKL: 0.000e+00 (0.000e+00)  TeacherAttnKL: 0.000e+00 (0.000e+00)  TeacherRel: 0.000e+00 (0.000e+00)  TeacherAttnOut: 0.000e+00 (0.000e+00)  TeacherFeatOut: 0.000e+00 (0.000e+00)  ActScaleAnchor: 0.000e+00 (0.000e+00)  VarTrust: 0.000e+00 (0.000e+00)  DirAnchor: 0.000e+00 (0.000e+00)  BinReg: 0.000e+00 (0.000e+00)  SelBinAnchor: 0.000e+00 (0.000e+00)  ActBinMargin: 0.000e+00 (0.000e+00)  Time: 0.880s,  581.64/s  (0.880s,  581.64/s)  LR: 5.432e-06  RefW: 0.000e+00  AnchorRefW: 0.000e+00  Data: 0.534 (0.534)
Train: 26 [  50/2502 (  2%)]  Loss: 51.395912 (51.4025)  BaseLoss: 51.395912 (51.4025)  RefAttnKL: 0.000e+00 (0.000e+00)  RefLogitKL: 0.000e+00 (0.000e+00)  AnchorRefAttnKL: 0.000e+00 (0.000e+00)  TeacherAttnKL: 0.000e+00 (0.000e+00)  TeacherRel: 0.000e+00 (0.000e+00)  TeacherAttnOut: 0.000e+00 (0.000e+00)  TeacherFeatOut: 0.000e+00 (0.000e+00)  ActScaleAnchor: 0.000e+00 (0.000e+00)  VarTrust: 0.000e+00 (0.000e+00)  DirAnchor: 0.000e+00 (0.000e+00)  BinReg: 0.000e+00 (0.000e+00)  SelBinAnchor: 0.000e+00 (0.000e+00)  ActBinMargin: 0.000e+00 (0.000e+00)  Time: 0.248s, 2068.54/s  (0.245s, 2093.91/s)  LR: 5.428e-06  RefW: 0.000e+00  AnchorRefW: 0.000e+00  Data: 0.006 (0.016)
Train: 26 [ 100/2502 (  4%)]  Loss: 51.418861 (51.4080)  BaseLoss: 51.418861 (51.4080)  RefAttnKL: 0.000e+00 (0.000e+00)  RefLogitKL: 0.000e+00 (0.000e+00)  AnchorRefAttnKL: 0.000e+00 (0.000e+00)  TeacherAttnKL: 0.000e+00 (0.000e+00)  TeacherRel: 0.000e+00 (0.000e+00)  TeacherAttnOut: 0.000e+00 (0.000e+00)  TeacherFeatOut: 0.000e+00 (0.000e+00)  ActScaleAnchor: 0.000e+00 (0.000e+00)  VarTrust: 0.000e+00 (0.000e+00)  DirAnchor: 0.000e+00 (0.000e+00)  BinReg: 0.000e+00 (0.000e+00)  SelBinAnchor: 0.000e+00 (0.000e+00)  ActBinMargin: 0.000e+00 (0.000e+00)  Time: 0.242s, 2115.29/s  (0.238s, 2150.76/s)  LR: 5.424e-06  RefW: 0.000e+00  AnchorRefW: 0.000e+00  Data: 0.007 (0.011)
Train: 26 [ 150/2502 (  6%)]  Loss: 51.412331 (51.4091)  BaseLoss: 51.412331 (51.4091)  RefAttnKL: 0.000e+00 (0.000e+00)  RefLogitKL: 0.000e+00 (0.000e+00)  AnchorRefAttnKL: 0.000e+00 (0.000e+00)  TeacherAttnKL: 0.000e+00 (0.000e+00)  TeacherRel: 0.000e+00 (0.000e+00)  TeacherAttnOut: 0.000e+00 (0.000e+00)  TeacherFeatOut: 0.000e+00 (0.000e+00)  ActScaleAnchor: 0.000e+00 (0.000e+00)  VarTrust: 0.000e+00 (0.000e+00)  DirAnchor: 0.000e+00 (0.000e+00)  BinReg: 0.000e+00 (0.000e+00)  SelBinAnchor: 0.000e+00 (0.000e+00)  ActBinMargin: 0.000e+00 (0.000e+00)  Time: 0.244s, 2094.21/s  (0.236s, 2172.23/s)  LR: 5.420e-06  RefW: 0.000e+00  AnchorRefW: 0.000e+00  Data: 0.006 (0.010)
Train: 26 [ 200/2502 (  8%)]  Loss: 51.395878 (51.4064)  BaseLoss: 51.395878 (51.4064)  RefAttnKL: 0.000e+00 (0.000e+00)  RefLogitKL: 0.000e+00 (0.000e+00)  AnchorRefAttnKL: 0.000e+00 (0.000e+00)  TeacherAttnKL: 0.000e+00 (0.000e+00)  TeacherRel: 0.000e+00 (0.000e+00)  TeacherAttnOut: 0.000e+00 (0.000e+00)  TeacherFeatOut: 0.000e+00 (0.000e+00)  ActScaleAnchor: 0.000e+00 (0.000e+00)  VarTrust: 0.000e+00 (0.000e+00)  DirAnchor: 0.000e+00 (0.000e+00)  BinReg: 0.000e+00 (0.000e+00)  SelBinAnchor: 0.000e+00 (0.000e+00)  ActBinMargin: 0.000e+00 (0.000e+00)  Time: 0.244s, 2095.33/s  (0.234s, 2184.70/s)  LR: 5.415e-06  RefW: 0.000e+00  AnchorRefW: 0.000e+00  Data: 0.006 (0.009)
Train: 26 [ 250/2502 ( 10%)]  Loss: 51.435280 (51.4112)  BaseLoss: 51.435280 (51.4112)  RefAttnKL: 0.000e+00 (0.000e+00)  RefLogitKL: 0.000e+00 (0.000e+00)  AnchorRefAttnKL: 0.000e+00 (0.000e+00)  TeacherAttnKL: 0.000e+00 (0.000e+00)  TeacherRel: 0.000e+00 (0.000e+00)  TeacherAttnOut: 0.000e+00 (0.000e+00)  TeacherFeatOut: 0.000e+00 (0.000e+00)  ActScaleAnchor: 0.000e+00 (0.000e+00)  VarTrust: 0.000e+00 (0.000e+00)  DirAnchor: 0.000e+00 (0.000e+00)  BinReg: 0.000e+00 (0.000e+00)  SelBinAnchor: 0.000e+00 (0.000e+00)  ActBinMargin: 0.000e+00 (0.000e+00)  Time: 0.241s, 2120.23/s  (0.234s, 2190.34/s)  LR: 5.411e-06  RefW: 0.000e+00  AnchorRefW: 0.000e+00  Data: 0.007 (0.008)
Train: 26 [ 300/2502 ( 12%)]  Loss: 51.385490 (51.4076)  BaseLoss: 51.385490 (51.4076)  RefAttnKL: 0.000e+00 (0.000e+00)  RefLogitKL: 0.000e+00 (0.000e+00)  AnchorRefAttnKL: 0.000e+00 (0.000e+00)  TeacherAttnKL: 0.000e+00 (0.000e+00)  TeacherRel: 0.000e+00 (0.000e+00)  TeacherAttnOut: 0.000e+00 (0.000e+00)  TeacherFeatOut: 0.000e+00 (0.000e+00)  ActScaleAnchor: 0.000e+00 (0.000e+00)  VarTrust: 0.000e+00 (0.000e+00)  DirAnchor: 0.000e+00 (0.000e+00)  BinReg: 0.000e+00 (0.000e+00)  SelBinAnchor: 0.000e+00 (0.000e+00)  ActBinMargin: 0.000e+00 (0.000e+00)  Time: 0.240s, 2130.94/s  (0.233s, 2194.95/s)  LR: 5.407e-06  RefW: 0.000e+00  AnchorRefW: 0.000e+00  Data: 0.007 (0.008)
Train: 26 [ 350/2502 ( 14%)]  Loss: 51.448456 (51.4127)  BaseLoss: 51.448456 (51.4127)  RefAttnKL: 0.000e+00 (0.000e+00)  RefLogitKL: 0.000e+00 (0.000e+00)  AnchorRefAttnKL: 0.000e+00 (0.000e+00)  TeacherAttnKL: 0.000e+00 (0.000e+00)  TeacherRel: 0.000e+00 (0.000e+00)  TeacherAttnOut: 0.000e+00 (0.000e+00)  TeacherFeatOut: 0.000e+00 (0.000e+00)  ActScaleAnchor: 0.000e+00 (0.000e+00)  VarTrust: 0.000e+00 (0.000e+00)  DirAnchor: 0.000e+00 (0.000e+00)  BinReg: 0.000e+00 (0.000e+00)  SelBinAnchor: 0.000e+00 (0.000e+00)  ActBinMargin: 0.000e+00 (0.000e+00)  Time: 0.243s, 2110.11/s  (0.233s, 2197.09/s)  LR: 5.403e-06  RefW: 0.000e+00  AnchorRefW: 0.000e+00  Data: 0.006 (0.008)
Train: 26 [ 400/2502 ( 16%)]  Loss: 51.432606 (51.4149)  BaseLoss: 51.432606 (51.4149)  RefAttnKL: 0.000e+00 (0.000e+00)  RefLogitKL: 0.000e+00 (0.000e+00)  AnchorRefAttnKL: 0.000e+00 (0.000e+00)  TeacherAttnKL: 0.000e+00 (0.000e+00)  TeacherRel: 0.000e+00 (0.000e+00)  TeacherAttnOut: 0.000e+00 (0.000e+00)  TeacherFeatOut: 0.000e+00 (0.000e+00)  ActScaleAnchor: 0.000e+00 (0.000e+00)  VarTrust: 0.000e+00 (0.000e+00)  DirAnchor: 0.000e+00 (0.000e+00)  BinReg: 0.000e+00 (0.000e+00)  SelBinAnchor: 0.000e+00 (0.000e+00)  ActBinMargin: 0.000e+00 (0.000e+00)  Time: 0.243s, 2104.94/s  (0.233s, 2200.07/s)  LR: 5.399e-06  RefW: 0.000e+00  AnchorRefW: 0.000e+00  Data: 0.006 (0.008)
Train: 26 [ 450/2502 ( 18%)]  Loss: 51.431080 (51.4165)  BaseLoss: 51.431080 (51.4165)  RefAttnKL: 0.000e+00 (0.000e+00)  RefLogitKL: 0.000e+00 (0.000e+00)  AnchorRefAttnKL: 0.000e+00 (0.000e+00)  TeacherAttnKL: 0.000e+00 (0.000e+00)  TeacherRel: 0.000e+00 (0.000e+00)  TeacherAttnOut: 0.000e+00 (0.000e+00)  TeacherFeatOut: 0.000e+00 (0.000e+00)  ActScaleAnchor: 0.000e+00 (0.000e+00)  VarTrust: 0.000e+00 (0.000e+00)  DirAnchor: 0.000e+00 (0.000e+00)  BinReg: 0.000e+00 (0.000e+00)  SelBinAnchor: 0.000e+00 (0.000e+00)  ActBinMargin: 0.000e+00 (0.000e+00)  Time: 0.251s, 2040.79/s  (0.233s, 2200.77/s)  LR: 5.395e-06  RefW: 0.000e+00  AnchorRefW: 0.000e+00  Data: 0.007 (0.007)
Train: 26 [ 500/2502 ( 20%)]  Loss: 51.453129 (51.4198)  BaseLoss: 51.453129 (51.4198)  RefAttnKL: 0.000e+00 (0.000e+00)  RefLogitKL: 0.000e+00 (0.000e+00)  AnchorRefAttnKL: 0.000e+00 (0.000e+00)  TeacherAttnKL: 0.000e+00 (0.000e+00)  TeacherRel: 0.000e+00 (0.000e+00)  TeacherAttnOut: 0.000e+00 (0.000e+00)  TeacherFeatOut: 0.000e+00 (0.000e+00)  ActScaleAnchor: 0.000e+00 (0.000e+00)  VarTrust: 0.000e+00 (0.000e+00)  DirAnchor: 0.000e+00 (0.000e+00)  BinReg: 0.000e+00 (0.000e+00)  SelBinAnchor: 0.000e+00 (0.000e+00)  ActBinMargin: 0.000e+00 (0.000e+00)  Time: 0.241s, 2122.28/s  (0.232s, 2203.11/s)  LR: 5.391e-06  RefW: 0.000e+00  AnchorRefW: 0.000e+00  Data: 0.007 (0.007)
Train: 26 [ 550/2502 ( 22%)]  Loss: 51.436813 (51.4212)  BaseLoss: 51.436813 (51.4212)  RefAttnKL: 0.000e+00 (0.000e+00)  RefLogitKL: 0.000e+00 (0.000e+00)  AnchorRefAttnKL: 0.000e+00 (0.000e+00)  TeacherAttnKL: 0.000e+00 (0.000e+00)  TeacherRel: 0.000e+00 (0.000e+00)  TeacherAttnOut: 0.000e+00 (0.000e+00)  TeacherFeatOut: 0.000e+00 (0.000e+00)  ActScaleAnchor: 0.000e+00 (0.000e+00)  VarTrust: 0.000e+00 (0.000e+00)  DirAnchor: 0.000e+00 (0.000e+00)  BinReg: 0.000e+00 (0.000e+00)  SelBinAnchor: 0.000e+00 (0.000e+00)  ActBinMargin: 0.000e+00 (0.000e+00)  Time: 0.243s, 2104.77/s  (0.232s, 2203.29/s)  LR: 5.387e-06  RefW: 0.000e+00  AnchorRefW: 0.000e+00  Data: 0.006 (0.007)
