===== Public-family OFQ resume checkpoint-10 to checkpoint-30 2026-07-09 07:23:40 =====
QATS=/mlx_devbox/users/quyanyi/playground/QATs
DATA=/tmp/imagenet1k_full_parquet
OUT=/mlx_devbox/users/quyanyi/playground/qat_public_repro/ofq_public_resume10_to30_20260709
LOG=/mlx_devbox/users/quyanyi/playground/train_ofq_public_resume10_to30_20260709.log
CKPT=/mlx_devbox/users/quyanyi/playground/qat_public_repro/recipe10ep_e_featnorm_aug_fixed_qkr_softkd_t275_rebuild_20260706/checkpoint-10.pth.tar
TEACHER=/home/tiger/.cache/torch/hub/checkpoints/swin_t-704ceda3.pth
DEVICES=0,1,2,3,4,5,6,7
MASTER_PORT=31531
-rw-r--r-- 2 tiger tiger 329M Jul  6 04:20 /mlx_devbox/users/quyanyi/playground/qat_public_repro/recipe10ep_e_featnorm_aug_fixed_qkr_softkd_t275_rebuild_20260706/checkpoint-10.pth.tar
-rw-r--r-- 1 tiger tiger 109M May 18 13:32 /home/tiger/.cache/torch/hub/checkpoints/swin_t-704ceda3.pth
train_shards=294
validation_shards=14
549141c
gpu-device-present
0, NVIDIA H100 80GB HBM3, 7, 81559, 0
1, NVIDIA H100 80GB HBM3, 7, 81559, 0
2, NVIDIA H100 80GB HBM3, 7, 81559, 0
3, NVIDIA H100 80GB HBM3, 7, 81559, 0
4, NVIDIA H100 80GB HBM3, 7, 81559, 0
5, NVIDIA H100 80GB HBM3, 7, 81559, 0
6, NVIDIA H100 80GB HBM3, 7, 81559, 0
7, NVIDIA H100 80GB HBM3, 7, 81559, 0

/usr/local/lib/python3.11/dist-packages/requests/__init__.py:113: RequestsDependencyWarning: urllib3 (1.26.20) or chardet (7.4.3)/charset_normalizer (3.4.4) doesn't match a supported version!
  warnings.warn(
/usr/local/lib/python3.11/dist-packages/wandb/apis/public.py:3075: UserWarning: pkg_resources is deprecated as an API. See https://setuptools.pypa.io/en/latest/pkg_resources.html. The pkg_resources package is slated for removal as early as 2025-11-30. Refrain from using this package or pin to Setuptools<81.
  from pkg_resources import parse_version
[QATs] method=ofq
[QATs] cwd=/mlx_devbox/users/quyanyi/playground/QATs/third_party/OFQ
[QATs] command=/usr/bin/python3 train.py -c /mlx_devbox/users/quyanyi/playground/QATs/third_party/OFQ/configs/swin_t_imagenet.attn_q.yml --model swin_t /tmp/imagenet1k_full_parquet --dataset hf-parquet-imagenet --output /mlx_devbox/users/quyanyi/playground/qat_public_repro --experiment ofq_public_resume10_to30_20260709 --visible_gpu 0,1,2,3,4,5,6,7 --world_size 8 --tcp_port 31531 --model_type swin --teacher swin_t --teacher_type swin --epochs 30 --scheduler-epochs 30 --batch-size 64 --workers 8 --lr 1.5e-05 --weight-decay 0.0 --min-lr 5e-06 --resume /mlx_devbox/users/quyanyi/playground/qat_public_repro/recipe10ep_e_featnorm_aug_fixed_qkr_softkd_t275_rebuild_20260706/checkpoint-10.pth.tar --no-resume-opt --checkpoint-hist 30 --epoch-checkpoint-interval 1 --wq-bitw 4 --wq-enable --aq-bitw 4 --aq-enable --wq-mode statsq --aq-mode lsq --wq-per-channel --aq-per-channel --aq_clip_learnable --pretrained --pretrained_initialized --use-kd --kd_hard_and_soft 0 --teacher_pretrained --teacher-checkpoint /home/tiger/.cache/torch/hub/checkpoints/swin_t-704ceda3.pth --quantized --qk_reparam --qk_reparam_type 0 --teacher-soft-temperature 2.75 --static-graph --smoothing 0.1 --mixup 0.0 --cutmix 0.0 --aa rand-m9-mstd0.5-inc1 --color-jitter 0.4 --reprob 0.25 --log-interval 50 --seed 42
/usr/local/lib/python3.11/dist-packages/requests/__init__.py:113: RequestsDependencyWarning: urllib3 (1.26.20) or chardet (7.4.3)/charset_normalizer (3.4.4) doesn't match a supported version!
  warnings.warn(
/usr/local/lib/python3.11/dist-packages/requests/__init__.py:113: RequestsDependencyWarning: urllib3 (1.26.20) or chardet (7.4.3)/charset_normalizer (3.4.4) doesn't match a supported version!
  warnings.warn(
/usr/local/lib/python3.11/dist-packages/requests/__init__.py:113: RequestsDependencyWarning: urllib3 (1.26.20) or chardet (7.4.3)/charset_normalizer (3.4.4) doesn't match a supported version!
  warnings.warn(
/usr/local/lib/python3.11/dist-packages/requests/__init__.py:113: RequestsDependencyWarning: urllib3 (1.26.20) or chardet (7.4.3)/charset_normalizer (3.4.4) doesn't match a supported version!
  warnings.warn(
/usr/local/lib/python3.11/dist-packages/requests/__init__.py:113: RequestsDependencyWarning: urllib3 (1.26.20) or chardet (7.4.3)/charset_normalizer (3.4.4) doesn't match a supported version!
  warnings.warn(
/usr/local/lib/python3.11/dist-packages/requests/__init__.py:113: RequestsDependencyWarning: urllib3 (1.26.20) or chardet (7.4.3)/charset_normalizer (3.4.4) doesn't match a supported version!
  warnings.warn(
/usr/local/lib/python3.11/dist-packages/requests/__init__.py:113: RequestsDependencyWarning: urllib3 (1.26.20) or chardet (7.4.3)/charset_normalizer (3.4.4) doesn't match a supported version!
  warnings.warn(
/usr/local/lib/python3.11/dist-packages/requests/__init__.py:113: RequestsDependencyWarning: urllib3 (1.26.20) or chardet (7.4.3)/charset_normalizer (3.4.4) doesn't match a supported version!
  warnings.warn(
/usr/local/lib/python3.11/dist-packages/wandb/apis/public.py:3075: UserWarning: pkg_resources is deprecated as an API. See https://setuptools.pypa.io/en/latest/pkg_resources.html. The pkg_resources package is slated for removal as early as 2025-11-30. Refrain from using this package or pin to Setuptools<81.
  from pkg_resources import parse_version
/usr/local/lib/python3.11/dist-packages/wandb/apis/public.py:3075: UserWarning: pkg_resources is deprecated as an API. See https://setuptools.pypa.io/en/latest/pkg_resources.html. The pkg_resources package is slated for removal as early as 2025-11-30. Refrain from using this package or pin to Setuptools<81.
  from pkg_resources import parse_version
/usr/local/lib/python3.11/dist-packages/wandb/apis/public.py:3075: UserWarning: pkg_resources is deprecated as an API. See https://setuptools.pypa.io/en/latest/pkg_resources.html. The pkg_resources package is slated for removal as early as 2025-11-30. Refrain from using this package or pin to Setuptools<81.
  from pkg_resources import parse_version
/usr/local/lib/python3.11/dist-packages/wandb/apis/public.py:3075: UserWarning: pkg_resources is deprecated as an API. See https://setuptools.pypa.io/en/latest/pkg_resources.html. The pkg_resources package is slated for removal as early as 2025-11-30. Refrain from using this package or pin to Setuptools<81.
  from pkg_resources import parse_version
/usr/local/lib/python3.11/dist-packages/wandb/apis/public.py:3075: UserWarning: pkg_resources is deprecated as an API. See https://setuptools.pypa.io/en/latest/pkg_resources.html. The pkg_resources package is slated for removal as early as 2025-11-30. Refrain from using this package or pin to Setuptools<81.
  from pkg_resources import parse_version
/usr/local/lib/python3.11/dist-packages/wandb/apis/public.py:3075: UserWarning: pkg_resources is deprecated as an API. See https://setuptools.pypa.io/en/latest/pkg_resources.html. The pkg_resources package is slated for removal as early as 2025-11-30. Refrain from using this package or pin to Setuptools<81.
  from pkg_resources import parse_version
/usr/local/lib/python3.11/dist-packages/wandb/apis/public.py:3075: UserWarning: pkg_resources is deprecated as an API. See https://setuptools.pypa.io/en/latest/pkg_resources.html. The pkg_resources package is slated for removal as early as 2025-11-30. Refrain from using this package or pin to Setuptools<81.
  from pkg_resources import parse_version
/usr/local/lib/python3.11/dist-packages/wandb/apis/public.py:3075: UserWarning: pkg_resources is deprecated as an API. See https://setuptools.pypa.io/en/latest/pkg_resources.html. The pkg_resources package is slated for removal as early as 2025-11-30. Refrain from using this package or pin to Setuptools<81.
  from pkg_resources import parse_version
load pretrained
load pretrained
load pretrained
load pretrained
load pretrained
load pretrained
load pretrained
load pretrained
load pretrained
Loaded state_dict from checkpoint '/home/tiger/.cache/torch/hub/checkpoints/swin_t-704ceda3.pth'
create teacher model
load pretrained
Loaded state_dict from checkpoint '/home/tiger/.cache/torch/hub/checkpoints/swin_t-704ceda3.pth'
load pretrained
Loaded state_dict from checkpoint '/home/tiger/.cache/torch/hub/checkpoints/swin_t-704ceda3.pth'
load pretrained
load pretrained
load pretrained
load pretrained
load pretrained
Loaded state_dict from checkpoint '/home/tiger/.cache/torch/hub/checkpoints/swin_t-704ceda3.pth'
Loaded state_dict from checkpoint '/home/tiger/.cache/torch/hub/checkpoints/swin_t-704ceda3.pth'
Loaded state_dict from checkpoint '/home/tiger/.cache/torch/hub/checkpoints/swin_t-704ceda3.pth'
Loaded state_dict from checkpoint '/home/tiger/.cache/torch/hub/checkpoints/swin_t-704ceda3.pth'
Loaded state_dict from checkpoint '/home/tiger/.cache/torch/hub/checkpoints/swin_t-704ceda3.pth'
Using OFQ CUDA AMP dtype=bf16, loss_scaler=disabled
Data processing configuration for current model + dataset:
	input_size: (3, 224, 224)
	interpolation: bicubic
	mean: (0.485, 0.456, 0.406)
	std: (0.229, 0.224, 0.225)
	crop_pct: 0.9
160146
6250
setup alpha batches=1
/usr/local/lib/python3.11/dist-packages/requests/__init__.py:113: RequestsDependencyWarning: urllib3 (1.26.20) or chardet (7.4.3)/charset_normalizer (3.4.4) doesn't match a supported version!
  warnings.warn(
/usr/local/lib/python3.11/dist-packages/requests/__init__.py:113: RequestsDependencyWarning: urllib3 (1.26.20) or chardet (7.4.3)/charset_normalizer (3.4.4) doesn't match a supported version!
  warnings.warn(
/usr/local/lib/python3.11/dist-packages/requests/__init__.py:113: RequestsDependencyWarning: urllib3 (1.26.20) or chardet (7.4.3)/charset_normalizer (3.4.4) doesn't match a supported version!
  warnings.warn(
/usr/local/lib/python3.11/dist-packages/requests/__init__.py:113: RequestsDependencyWarning: urllib3 (1.26.20) or chardet (7.4.3)/charset_normalizer (3.4.4) doesn't match a supported version!
  warnings.warn(
/usr/local/lib/python3.11/dist-packages/requests/__init__.py:113: RequestsDependencyWarning: urllib3 (1.26.20) or chardet (7.4.3)/charset_normalizer (3.4.4) doesn't match a supported version!
  warnings.warn(
/usr/local/lib/python3.11/dist-packages/requests/__init__.py:113: RequestsDependencyWarning: urllib3 (1.26.20) or chardet (7.4.3)/charset_normalizer (3.4.4) doesn't match a supported version!
  warnings.warn(
/usr/local/lib/python3.11/dist-packages/requests/__init__.py:113: RequestsDependencyWarning: urllib3 (1.26.20) or chardet (7.4.3)/charset_normalizer (3.4.4) doesn't match a supported version!
  warnings.warn(
/usr/local/lib/python3.11/dist-packages/requests/__init__.py:113: RequestsDependencyWarning: urllib3 (1.26.20) or chardet (7.4.3)/charset_normalizer (3.4.4) doesn't match a supported version!
  warnings.warn(
/usr/local/lib/python3.11/dist-packages/requests/__init__.py:113: RequestsDependencyWarning: urllib3 (1.26.20) or chardet (7.4.3)/charset_normalizer (3.4.4) doesn't match a supported version!
  warnings.warn(
/usr/local/lib/python3.11/dist-packages/requests/__init__.py:113: RequestsDependencyWarning: urllib3 (1.26.20) or chardet (7.4.3)/charset_normalizer (3.4.4) doesn't match a supported version!
  warnings.warn(
/usr/local/lib/python3.11/dist-packages/requests/__init__.py:113: RequestsDependencyWarning: urllib3 (1.26.20) or chardet (7.4.3)/charset_normalizer (3.4.4) doesn't match a supported version!
  warnings.warn(
/usr/local/lib/python3.11/dist-packages/requests/__init__.py:113: RequestsDependencyWarning: urllib3 (1.26.20) or chardet (7.4.3)/charset_normalizer (3.4.4) doesn't match a supported version!
  warnings.warn(
/usr/local/lib/python3.11/dist-packages/requests/__init__.py:113: RequestsDependencyWarning: urllib3 (1.26.20) or chardet (7.4.3)/charset_normalizer (3.4.4) doesn't match a supported version!
  warnings.warn(
/usr/local/lib/python3.11/dist-packages/requests/__init__.py:113: RequestsDependencyWarning: urllib3 (1.26.20) or chardet (7.4.3)/charset_normalizer (3.4.4) doesn't match a supported version!
  warnings.warn(
/usr/local/lib/python3.11/dist-packages/requests/__init__.py:113: RequestsDependencyWarning: urllib3 (1.26.20) or chardet (7.4.3)/charset_normalizer (3.4.4) doesn't match a supported version!
  warnings.warn(
/usr/local/lib/python3.11/dist-packages/requests/__init__.py:113: RequestsDependencyWarning: urllib3 (1.26.20) or chardet (7.4.3)/charset_normalizer (3.4.4) doesn't match a supported version!
  warnings.warn(
/usr/local/lib/python3.11/dist-packages/requests/__init__.py:113: RequestsDependencyWarning: urllib3 (1.26.20) or chardet (7.4.3)/charset_normalizer (3.4.4) doesn't match a supported version!
  warnings.warn(
/usr/local/lib/python3.11/dist-packages/requests/__init__.py:113: RequestsDependencyWarning: urllib3 (1.26.20) or chardet (7.4.3)/charset_normalizer (3.4.4) doesn't match a supported version!
  warnings.warn(
/usr/local/lib/python3.11/dist-packages/requests/__init__.py:113: RequestsDependencyWarning: urllib3 (1.26.20) or chardet (7.4.3)/charset_normalizer (3.4.4) doesn't match a supported version!
  warnings.warn(
/usr/local/lib/python3.11/dist-packages/requests/__init__.py:113: RequestsDependencyWarning: urllib3 (1.26.20) or chardet (7.4.3)/charset_normalizer (3.4.4) doesn't match a supported version!
  warnings.warn(
/usr/local/lib/python3.11/dist-packages/requests/__init__.py:113: RequestsDependencyWarning: urllib3 (1.26.20) or chardet (7.4.3)/charset_normalizer (3.4.4) doesn't match a supported version!
  warnings.warn(
/usr/local/lib/python3.11/dist-packages/requests/__init__.py:113: RequestsDependencyWarning: urllib3 (1.26.20) or chardet (7.4.3)/charset_normalizer (3.4.4) doesn't match a supported version!
  warnings.warn(
/usr/local/lib/python3.11/dist-packages/requests/__init__.py:113: RequestsDependencyWarning: urllib3 (1.26.20) or chardet (7.4.3)/charset_normalizer (3.4.4) doesn't match a supported version!
  warnings.warn(
/usr/local/lib/python3.11/dist-packages/requests/__init__.py:113: RequestsDependencyWarning: urllib3 (1.26.20) or chardet (7.4.3)/charset_normalizer (3.4.4) doesn't match a supported version!
  warnings.warn(
/usr/local/lib/python3.11/dist-packages/requests/__init__.py:113: RequestsDependencyWarning: urllib3 (1.26.20) or chardet (7.4.3)/charset_normalizer (3.4.4) doesn't match a supported version!
  warnings.warn(
/usr/local/lib/python3.11/dist-packages/requests/__init__.py:113: RequestsDependencyWarning: urllib3 (1.26.20) or chardet (7.4.3)/charset_normalizer (3.4.4) doesn't match a supported version!
  warnings.warn(
/usr/local/lib/python3.11/dist-packages/requests/__init__.py:113: RequestsDependencyWarning: urllib3 (1.26.20) or chardet (7.4.3)/charset_normalizer (3.4.4) doesn't match a supported version!
  warnings.warn(
/usr/local/lib/python3.11/dist-packages/requests/__init__.py:113: RequestsDependencyWarning: urllib3 (1.26.20) or chardet (7.4.3)/charset_normalizer (3.4.4) doesn't match a supported version!
  warnings.warn(
/usr/local/lib/python3.11/dist-packages/requests/__init__.py:113: RequestsDependencyWarning: urllib3 (1.26.20) or chardet (7.4.3)/charset_normalizer (3.4.4) doesn't match a supported version!
  warnings.warn(
/usr/local/lib/python3.11/dist-packages/requests/__init__.py:113: RequestsDependencyWarning: urllib3 (1.26.20) or chardet (7.4.3)/charset_normalizer (3.4.4) doesn't match a supported version!
  warnings.warn(
/usr/local/lib/python3.11/dist-packages/requests/__init__.py:113: RequestsDependencyWarning: urllib3 (1.26.20) or chardet (7.4.3)/charset_normalizer (3.4.4) doesn't match a supported version!
  warnings.warn(
/usr/local/lib/python3.11/dist-packages/requests/__init__.py:113: RequestsDependencyWarning: urllib3 (1.26.20) or chardet (7.4.3)/charset_normalizer (3.4.4) doesn't match a supported version!
  warnings.warn(
/usr/local/lib/python3.11/dist-packages/requests/__init__.py:113: RequestsDependencyWarning: urllib3 (1.26.20) or chardet (7.4.3)/charset_normalizer (3.4.4) doesn't match a supported version!
  warnings.warn(
/usr/local/lib/python3.11/dist-packages/requests/__init__.py:113: RequestsDependencyWarning: urllib3 (1.26.20) or chardet (7.4.3)/charset_normalizer (3.4.4) doesn't match a supported version!
  warnings.warn(
/usr/local/lib/python3.11/dist-packages/requests/__init__.py:113: RequestsDependencyWarning: urllib3 (1.26.20) or chardet (7.4.3)/charset_normalizer (3.4.4) doesn't match a supported version!
  warnings.warn(
/usr/local/lib/python3.11/dist-packages/requests/__init__.py:113: RequestsDependencyWarning: urllib3 (1.26.20) or chardet (7.4.3)/charset_normalizer (3.4.4) doesn't match a supported version!
  warnings.warn(
/usr/local/lib/python3.11/dist-packages/requests/__init__.py:113: RequestsDependencyWarning: urllib3 (1.26.20) or chardet (7.4.3)/charset_normalizer (3.4.4) doesn't match a supported version!
  warnings.warn(
/usr/local/lib/python3.11/dist-packages/requests/__init__.py:113: RequestsDependencyWarning: urllib3 (1.26.20) or chardet (7.4.3)/charset_normalizer (3.4.4) doesn't match a supported version!
  warnings.warn(
/usr/local/lib/python3.11/dist-packages/requests/__init__.py:113: RequestsDependencyWarning: urllib3 (1.26.20) or chardet (7.4.3)/charset_normalizer (3.4.4) doesn't match a supported version!
  warnings.warn(
/usr/local/lib/python3.11/dist-packages/requests/__init__.py:113: RequestsDependencyWarning: urllib3 (1.26.20) or chardet (7.4.3)/charset_normalizer (3.4.4) doesn't match a supported version!
  warnings.warn(
/usr/local/lib/python3.11/dist-packages/requests/__init__.py:113: RequestsDependencyWarning: urllib3 (1.26.20) or chardet (7.4.3)/charset_normalizer (3.4.4) doesn't match a supported version!
  warnings.warn(
/usr/local/lib/python3.11/dist-packages/requests/__init__.py:113: RequestsDependencyWarning: urllib3 (1.26.20) or chardet (7.4.3)/charset_normalizer (3.4.4) doesn't match a supported version!
  warnings.warn(
/usr/local/lib/python3.11/dist-packages/requests/__init__.py:113: RequestsDependencyWarning: urllib3 (1.26.20) or chardet (7.4.3)/charset_normalizer (3.4.4) doesn't match a supported version!
  warnings.warn(
/usr/local/lib/python3.11/dist-packages/requests/__init__.py:113: RequestsDependencyWarning: urllib3 (1.26.20) or chardet (7.4.3)/charset_normalizer (3.4.4) doesn't match a supported version!
  warnings.warn(
/usr/local/lib/python3.11/dist-packages/requests/__init__.py:113: RequestsDependencyWarning: urllib3 (1.26.20) or chardet (7.4.3)/charset_normalizer (3.4.4) doesn't match a supported version!
  warnings.warn(
/usr/local/lib/python3.11/dist-packages/requests/__init__.py:113: RequestsDependencyWarning: urllib3 (1.26.20) or chardet (7.4.3)/charset_normalizer (3.4.4) doesn't match a supported version!
  warnings.warn(
/usr/local/lib/python3.11/dist-packages/requests/__init__.py:113: RequestsDependencyWarning: urllib3 (1.26.20) or chardet (7.4.3)/charset_normalizer (3.4.4) doesn't match a supported version!
  warnings.warn(
/usr/local/lib/python3.11/dist-packages/requests/__init__.py:113: RequestsDependencyWarning: urllib3 (1.26.20) or chardet (7.4.3)/charset_normalizer (3.4.4) doesn't match a supported version!
  warnings.warn(
/usr/local/lib/python3.11/dist-packages/requests/__init__.py:113: RequestsDependencyWarning: urllib3 (1.26.20) or chardet (7.4.3)/charset_normalizer (3.4.4) doesn't match a supported version!
  warnings.warn(
/usr/local/lib/python3.11/dist-packages/requests/__init__.py:113: RequestsDependencyWarning: urllib3 (1.26.20) or chardet (7.4.3)/charset_normalizer (3.4.4) doesn't match a supported version!
  warnings.warn(
/usr/local/lib/python3.11/dist-packages/requests/__init__.py:113: RequestsDependencyWarning: urllib3 (1.26.20) or chardet (7.4.3)/charset_normalizer (3.4.4) doesn't match a supported version!
  warnings.warn(
/usr/local/lib/python3.11/dist-packages/requests/__init__.py:113: RequestsDependencyWarning: urllib3 (1.26.20) or chardet (7.4.3)/charset_normalizer (3.4.4) doesn't match a supported version!
  warnings.warn(
/usr/local/lib/python3.11/dist-packages/requests/__init__.py:113: RequestsDependencyWarning: urllib3 (1.26.20) or chardet (7.4.3)/charset_normalizer (3.4.4) doesn't match a supported version!
  warnings.warn(
/usr/local/lib/python3.11/dist-packages/requests/__init__.py:113: RequestsDependencyWarning: urllib3 (1.26.20) or chardet (7.4.3)/charset_normalizer (3.4.4) doesn't match a supported version!
  warnings.warn(
/usr/local/lib/python3.11/dist-packages/requests/__init__.py:113: RequestsDependencyWarning: urllib3 (1.26.20) or chardet (7.4.3)/charset_normalizer (3.4.4) doesn't match a supported version!
  warnings.warn(
/usr/local/lib/python3.11/dist-packages/requests/__init__.py:113: RequestsDependencyWarning: urllib3 (1.26.20) or chardet (7.4.3)/charset_normalizer (3.4.4) doesn't match a supported version!
  warnings.warn(
/usr/local/lib/python3.11/dist-packages/requests/__init__.py:113: RequestsDependencyWarning: urllib3 (1.26.20) or chardet (7.4.3)/charset_normalizer (3.4.4) doesn't match a supported version!
  warnings.warn(
/usr/local/lib/python3.11/dist-packages/requests/__init__.py:113: RequestsDependencyWarning: urllib3 (1.26.20) or chardet (7.4.3)/charset_normalizer (3.4.4) doesn't match a supported version!
  warnings.warn(
/usr/local/lib/python3.11/dist-packages/requests/__init__.py:113: RequestsDependencyWarning: urllib3 (1.26.20) or chardet (7.4.3)/charset_normalizer (3.4.4) doesn't match a supported version!
  warnings.warn(
/usr/local/lib/python3.11/dist-packages/requests/__init__.py:113: RequestsDependencyWarning: urllib3 (1.26.20) or chardet (7.4.3)/charset_normalizer (3.4.4) doesn't match a supported version!
  warnings.warn(
/usr/local/lib/python3.11/dist-packages/requests/__init__.py:113: RequestsDependencyWarning: urllib3 (1.26.20) or chardet (7.4.3)/charset_normalizer (3.4.4) doesn't match a supported version!
  warnings.warn(
/usr/local/lib/python3.11/dist-packages/requests/__init__.py:113: RequestsDependencyWarning: urllib3 (1.26.20) or chardet (7.4.3)/charset_normalizer (3.4.4) doesn't match a supported version!
  warnings.warn(
/usr/local/lib/python3.11/dist-packages/requests/__init__.py:113: RequestsDependencyWarning: urllib3 (1.26.20) or chardet (7.4.3)/charset_normalizer (3.4.4) doesn't match a supported version!
  warnings.warn(
/usr/local/lib/python3.11/dist-packages/requests/__init__.py:113: RequestsDependencyWarning: urllib3 (1.26.20) or chardet (7.4.3)/charset_normalizer (3.4.4) doesn't match a supported version!
  warnings.warn(
/usr/local/lib/python3.11/dist-packages/wandb/apis/public.py:3075: UserWarning: pkg_resources is deprecated as an API. See https://setuptools.pypa.io/en/latest/pkg_resources.html. The pkg_resources package is slated for removal as early as 2025-11-30. Refrain from using this package or pin to Setuptools<81.
  from pkg_resources import parse_version
/usr/local/lib/python3.11/dist-packages/wandb/apis/public.py:3075: UserWarning: pkg_resources is deprecated as an API. See https://setuptools.pypa.io/en/latest/pkg_resources.html. The pkg_resources package is slated for removal as early as 2025-11-30. Refrain from using this package or pin to Setuptools<81.
  from pkg_resources import parse_version
/usr/local/lib/python3.11/dist-packages/wandb/apis/public.py:3075: UserWarning: pkg_resources is deprecated as an API. See https://setuptools.pypa.io/en/latest/pkg_resources.html. The pkg_resources package is slated for removal as early as 2025-11-30. Refrain from using this package or pin to Setuptools<81.
  from pkg_resources import parse_version
/usr/local/lib/python3.11/dist-packages/wandb/apis/public.py:3075: UserWarning: pkg_resources is deprecated as an API. See https://setuptools.pypa.io/en/latest/pkg_resources.html. The pkg_resources package is slated for removal as early as 2025-11-30. Refrain from using this package or pin to Setuptools<81.
  from pkg_resources import parse_version
/usr/local/lib/python3.11/dist-packages/wandb/apis/public.py:3075: UserWarning: pkg_resources is deprecated as an API. See https://setuptools.pypa.io/en/latest/pkg_resources.html. The pkg_resources package is slated for removal as early as 2025-11-30. Refrain from using this package or pin to Setuptools<81.
  from pkg_resources import parse_version
/usr/local/lib/python3.11/dist-packages/wandb/apis/public.py:3075: UserWarning: pkg_resources is deprecated as an API. See https://setuptools.pypa.io/en/latest/pkg_resources.html. The pkg_resources package is slated for removal as early as 2025-11-30. Refrain from using this package or pin to Setuptools<81.
  from pkg_resources import parse_version
/usr/local/lib/python3.11/dist-packages/wandb/apis/public.py:3075: UserWarning: pkg_resources is deprecated as an API. See https://setuptools.pypa.io/en/latest/pkg_resources.html. The pkg_resources package is slated for removal as early as 2025-11-30. Refrain from using this package or pin to Setuptools<81.
  from pkg_resources import parse_version
/usr/local/lib/python3.11/dist-packages/wandb/apis/public.py:3075: UserWarning: pkg_resources is deprecated as an API. See https://setuptools.pypa.io/en/latest/pkg_resources.html. The pkg_resources package is slated for removal as early as 2025-11-30. Refrain from using this package or pin to Setuptools<81.
  from pkg_resources import parse_version
/usr/local/lib/python3.11/dist-packages/wandb/apis/public.py:3075: UserWarning: pkg_resources is deprecated as an API. See https://setuptools.pypa.io/en/latest/pkg_resources.html. The pkg_resources package is slated for removal as early as 2025-11-30. Refrain from using this package or pin to Setuptools<81.
  from pkg_resources import parse_version
/usr/local/lib/python3.11/dist-packages/wandb/apis/public.py:3075: UserWarning: pkg_resources is deprecated as an API. See https://setuptools.pypa.io/en/latest/pkg_resources.html. The pkg_resources package is slated for removal as early as 2025-11-30. Refrain from using this package or pin to Setuptools<81.
  from pkg_resources import parse_version
/usr/local/lib/python3.11/dist-packages/wandb/apis/public.py:3075: UserWarning: pkg_resources is deprecated as an API. See https://setuptools.pypa.io/en/latest/pkg_resources.html. The pkg_resources package is slated for removal as early as 2025-11-30. Refrain from using this package or pin to Setuptools<81.
  from pkg_resources import parse_version
/usr/local/lib/python3.11/dist-packages/wandb/apis/public.py:3075: UserWarning: pkg_resources is deprecated as an API. See https://setuptools.pypa.io/en/latest/pkg_resources.html. The pkg_resources package is slated for removal as early as 2025-11-30. Refrain from using this package or pin to Setuptools<81.
  from pkg_resources import parse_version
/usr/local/lib/python3.11/dist-packages/wandb/apis/public.py:3075: UserWarning: pkg_resources is deprecated as an API. See https://setuptools.pypa.io/en/latest/pkg_resources.html. The pkg_resources package is slated for removal as early as 2025-11-30. Refrain from using this package or pin to Setuptools<81.
  from pkg_resources import parse_version
/usr/local/lib/python3.11/dist-packages/wandb/apis/public.py:3075: UserWarning: pkg_resources is deprecated as an API. See https://setuptools.pypa.io/en/latest/pkg_resources.html. The pkg_resources package is slated for removal as early as 2025-11-30. Refrain from using this package or pin to Setuptools<81.
  from pkg_resources import parse_version
/usr/local/lib/python3.11/dist-packages/wandb/apis/public.py:3075: UserWarning: pkg_resources is deprecated as an API. See https://setuptools.pypa.io/en/latest/pkg_resources.html. The pkg_resources package is slated for removal as early as 2025-11-30. Refrain from using this package or pin to Setuptools<81.
  from pkg_resources import parse_version
/usr/local/lib/python3.11/dist-packages/wandb/apis/public.py:3075: UserWarning: pkg_resources is deprecated as an API. See https://setuptools.pypa.io/en/latest/pkg_resources.html. The pkg_resources package is slated for removal as early as 2025-11-30. Refrain from using this package or pin to Setuptools<81.
  from pkg_resources import parse_version
/usr/local/lib/python3.11/dist-packages/wandb/apis/public.py:3075: UserWarning: pkg_resources is deprecated as an API. See https://setuptools.pypa.io/en/latest/pkg_resources.html. The pkg_resources package is slated for removal as early as 2025-11-30. Refrain from using this package or pin to Setuptools<81.
  from pkg_resources import parse_version
/usr/local/lib/python3.11/dist-packages/wandb/apis/public.py:3075: UserWarning: pkg_resources is deprecated as an API. See https://setuptools.pypa.io/en/latest/pkg_resources.html. The pkg_resources package is slated for removal as early as 2025-11-30. Refrain from using this package or pin to Setuptools<81.
  from pkg_resources import parse_version
/usr/local/lib/python3.11/dist-packages/wandb/apis/public.py:3075: UserWarning: pkg_resources is deprecated as an API. See https://setuptools.pypa.io/en/latest/pkg_resources.html. The pkg_resources package is slated for removal as early as 2025-11-30. Refrain from using this package or pin to Setuptools<81.
  from pkg_resources import parse_version
/usr/local/lib/python3.11/dist-packages/wandb/apis/public.py:3075: UserWarning: pkg_resources is deprecated as an API. See https://setuptools.pypa.io/en/latest/pkg_resources.html. The pkg_resources package is slated for removal as early as 2025-11-30. Refrain from using this package or pin to Setuptools<81.
  from pkg_resources import parse_version
/usr/local/lib/python3.11/dist-packages/wandb/apis/public.py:3075: UserWarning: pkg_resources is deprecated as an API. See https://setuptools.pypa.io/en/latest/pkg_resources.html. The pkg_resources package is slated for removal as early as 2025-11-30. Refrain from using this package or pin to Setuptools<81.
  from pkg_resources import parse_version
/usr/local/lib/python3.11/dist-packages/wandb/apis/public.py:3075: UserWarning: pkg_resources is deprecated as an API. See https://setuptools.pypa.io/en/latest/pkg_resources.html. The pkg_resources package is slated for removal as early as 2025-11-30. Refrain from using this package or pin to Setuptools<81.
  from pkg_resources import parse_version
/usr/local/lib/python3.11/dist-packages/wandb/apis/public.py:3075: UserWarning: pkg_resources is deprecated as an API. See https://setuptools.pypa.io/en/latest/pkg_resources.html. The pkg_resources package is slated for removal as early as 2025-11-30. Refrain from using this package or pin to Setuptools<81.
  from pkg_resources import parse_version
/usr/local/lib/python3.11/dist-packages/wandb/apis/public.py:3075: UserWarning: pkg_resources is deprecated as an API. See https://setuptools.pypa.io/en/latest/pkg_resources.html. The pkg_resources package is slated for removal as early as 2025-11-30. Refrain from using this package or pin to Setuptools<81.
  from pkg_resources import parse_version
/usr/local/lib/python3.11/dist-packages/wandb/apis/public.py:3075: UserWarning: pkg_resources is deprecated as an API. See https://setuptools.pypa.io/en/latest/pkg_resources.html. The pkg_resources package is slated for removal as early as 2025-11-30. Refrain from using this package or pin to Setuptools<81.
  from pkg_resources import parse_version
/usr/local/lib/python3.11/dist-packages/wandb/apis/public.py:3075: UserWarning: pkg_resources is deprecated as an API. See https://setuptools.pypa.io/en/latest/pkg_resources.html. The pkg_resources package is slated for removal as early as 2025-11-30. Refrain from using this package or pin to Setuptools<81.
  from pkg_resources import parse_version
/usr/local/lib/python3.11/dist-packages/wandb/apis/public.py:3075: UserWarning: pkg_resources is deprecated as an API. See https://setuptools.pypa.io/en/latest/pkg_resources.html. The pkg_resources package is slated for removal as early as 2025-11-30. Refrain from using this package or pin to Setuptools<81.
  from pkg_resources import parse_version
/usr/local/lib/python3.11/dist-packages/wandb/apis/public.py:3075: UserWarning: pkg_resources is deprecated as an API. See https://setuptools.pypa.io/en/latest/pkg_resources.html. The pkg_resources package is slated for removal as early as 2025-11-30. Refrain from using this package or pin to Setuptools<81.
  from pkg_resources import parse_version
/usr/local/lib/python3.11/dist-packages/wandb/apis/public.py:3075: UserWarning: pkg_resources is deprecated as an API. See https://setuptools.pypa.io/en/latest/pkg_resources.html. The pkg_resources package is slated for removal as early as 2025-11-30. Refrain from using this package or pin to Setuptools<81.
  from pkg_resources import parse_version
/usr/local/lib/python3.11/dist-packages/wandb/apis/public.py:3075: UserWarning: pkg_resources is deprecated as an API. See https://setuptools.pypa.io/en/latest/pkg_resources.html. The pkg_resources package is slated for removal as early as 2025-11-30. Refrain from using this package or pin to Setuptools<81.
  from pkg_resources import parse_version
/usr/local/lib/python3.11/dist-packages/wandb/apis/public.py:3075: UserWarning: pkg_resources is deprecated as an API. See https://setuptools.pypa.io/en/latest/pkg_resources.html. The pkg_resources package is slated for removal as early as 2025-11-30. Refrain from using this package or pin to Setuptools<81.
  from pkg_resources import parse_version
/usr/local/lib/python3.11/dist-packages/wandb/apis/public.py:3075: UserWarning: pkg_resources is deprecated as an API. See https://setuptools.pypa.io/en/latest/pkg_resources.html. The pkg_resources package is slated for removal as early as 2025-11-30. Refrain from using this package or pin to Setuptools<81.
  from pkg_resources import parse_version
/usr/local/lib/python3.11/dist-packages/wandb/apis/public.py:3075: UserWarning: pkg_resources is deprecated as an API. See https://setuptools.pypa.io/en/latest/pkg_resources.html. The pkg_resources package is slated for removal as early as 2025-11-30. Refrain from using this package or pin to Setuptools<81.
  from pkg_resources import parse_version
/usr/local/lib/python3.11/dist-packages/wandb/apis/public.py:3075: UserWarning: pkg_resources is deprecated as an API. See https://setuptools.pypa.io/en/latest/pkg_resources.html. The pkg_resources package is slated for removal as early as 2025-11-30. Refrain from using this package or pin to Setuptools<81.
  from pkg_resources import parse_version
/usr/local/lib/python3.11/dist-packages/wandb/apis/public.py:3075: UserWarning: pkg_resources is deprecated as an API. See https://setuptools.pypa.io/en/latest/pkg_resources.html. The pkg_resources package is slated for removal as early as 2025-11-30. Refrain from using this package or pin to Setuptools<81.
  from pkg_resources import parse_version
/usr/local/lib/python3.11/dist-packages/wandb/apis/public.py:3075: UserWarning: pkg_resources is deprecated as an API. See https://setuptools.pypa.io/en/latest/pkg_resources.html. The pkg_resources package is slated for removal as early as 2025-11-30. Refrain from using this package or pin to Setuptools<81.
  from pkg_resources import parse_version
/usr/local/lib/python3.11/dist-packages/wandb/apis/public.py:3075: UserWarning: pkg_resources is deprecated as an API. See https://setuptools.pypa.io/en/latest/pkg_resources.html. The pkg_resources package is slated for removal as early as 2025-11-30. Refrain from using this package or pin to Setuptools<81.
  from pkg_resources import parse_version
/usr/local/lib/python3.11/dist-packages/wandb/apis/public.py:3075: UserWarning: pkg_resources is deprecated as an API. See https://setuptools.pypa.io/en/latest/pkg_resources.html. The pkg_resources package is slated for removal as early as 2025-11-30. Refrain from using this package or pin to Setuptools<81.
  from pkg_resources import parse_version
/usr/local/lib/python3.11/dist-packages/wandb/apis/public.py:3075: UserWarning: pkg_resources is deprecated as an API. See https://setuptools.pypa.io/en/latest/pkg_resources.html. The pkg_resources package is slated for removal as early as 2025-11-30. Refrain from using this package or pin to Setuptools<81.
  from pkg_resources import parse_version
/usr/local/lib/python3.11/dist-packages/wandb/apis/public.py:3075: UserWarning: pkg_resources is deprecated as an API. See https://setuptools.pypa.io/en/latest/pkg_resources.html. The pkg_resources package is slated for removal as early as 2025-11-30. Refrain from using this package or pin to Setuptools<81.
  from pkg_resources import parse_version
/usr/local/lib/python3.11/dist-packages/wandb/apis/public.py:3075: UserWarning: pkg_resources is deprecated as an API. See https://setuptools.pypa.io/en/latest/pkg_resources.html. The pkg_resources package is slated for removal as early as 2025-11-30. Refrain from using this package or pin to Setuptools<81.
  from pkg_resources import parse_version
/usr/local/lib/python3.11/dist-packages/wandb/apis/public.py:3075: UserWarning: pkg_resources is deprecated as an API. See https://setuptools.pypa.io/en/latest/pkg_resources.html. The pkg_resources package is slated for removal as early as 2025-11-30. Refrain from using this package or pin to Setuptools<81.
  from pkg_resources import parse_version
/usr/local/lib/python3.11/dist-packages/wandb/apis/public.py:3075: UserWarning: pkg_resources is deprecated as an API. See https://setuptools.pypa.io/en/latest/pkg_resources.html. The pkg_resources package is slated for removal as early as 2025-11-30. Refrain from using this package or pin to Setuptools<81.
  from pkg_resources import parse_version
/usr/local/lib/python3.11/dist-packages/wandb/apis/public.py:3075: UserWarning: pkg_resources is deprecated as an API. See https://setuptools.pypa.io/en/latest/pkg_resources.html. The pkg_resources package is slated for removal as early as 2025-11-30. Refrain from using this package or pin to Setuptools<81.
  from pkg_resources import parse_version
/usr/local/lib/python3.11/dist-packages/wandb/apis/public.py:3075: UserWarning: pkg_resources is deprecated as an API. See https://setuptools.pypa.io/en/latest/pkg_resources.html. The pkg_resources package is slated for removal as early as 2025-11-30. Refrain from using this package or pin to Setuptools<81.
  from pkg_resources import parse_version
/usr/local/lib/python3.11/dist-packages/wandb/apis/public.py:3075: UserWarning: pkg_resources is deprecated as an API. See https://setuptools.pypa.io/en/latest/pkg_resources.html. The pkg_resources package is slated for removal as early as 2025-11-30. Refrain from using this package or pin to Setuptools<81.
  from pkg_resources import parse_version
/usr/local/lib/python3.11/dist-packages/wandb/apis/public.py:3075: UserWarning: pkg_resources is deprecated as an API. See https://setuptools.pypa.io/en/latest/pkg_resources.html. The pkg_resources package is slated for removal as early as 2025-11-30. Refrain from using this package or pin to Setuptools<81.
  from pkg_resources import parse_version
/usr/local/lib/python3.11/dist-packages/wandb/apis/public.py:3075: UserWarning: pkg_resources is deprecated as an API. See https://setuptools.pypa.io/en/latest/pkg_resources.html. The pkg_resources package is slated for removal as early as 2025-11-30. Refrain from using this package or pin to Setuptools<81.
  from pkg_resources import parse_version
/usr/local/lib/python3.11/dist-packages/wandb/apis/public.py:3075: UserWarning: pkg_resources is deprecated as an API. See https://setuptools.pypa.io/en/latest/pkg_resources.html. The pkg_resources package is slated for removal as early as 2025-11-30. Refrain from using this package or pin to Setuptools<81.
  from pkg_resources import parse_version
/usr/local/lib/python3.11/dist-packages/wandb/apis/public.py:3075: UserWarning: pkg_resources is deprecated as an API. See https://setuptools.pypa.io/en/latest/pkg_resources.html. The pkg_resources package is slated for removal as early as 2025-11-30. Refrain from using this package or pin to Setuptools<81.
  from pkg_resources import parse_version
/usr/local/lib/python3.11/dist-packages/wandb/apis/public.py:3075: UserWarning: pkg_resources is deprecated as an API. See https://setuptools.pypa.io/en/latest/pkg_resources.html. The pkg_resources package is slated for removal as early as 2025-11-30. Refrain from using this package or pin to Setuptools<81.
  from pkg_resources import parse_version
/usr/local/lib/python3.11/dist-packages/wandb/apis/public.py:3075: UserWarning: pkg_resources is deprecated as an API. See https://setuptools.pypa.io/en/latest/pkg_resources.html. The pkg_resources package is slated for removal as early as 2025-11-30. Refrain from using this package or pin to Setuptools<81.
  from pkg_resources import parse_version
/usr/local/lib/python3.11/dist-packages/wandb/apis/public.py:3075: UserWarning: pkg_resources is deprecated as an API. See https://setuptools.pypa.io/en/latest/pkg_resources.html. The pkg_resources package is slated for removal as early as 2025-11-30. Refrain from using this package or pin to Setuptools<81.
  from pkg_resources import parse_version
/usr/local/lib/python3.11/dist-packages/wandb/apis/public.py:3075: UserWarning: pkg_resources is deprecated as an API. See https://setuptools.pypa.io/en/latest/pkg_resources.html. The pkg_resources package is slated for removal as early as 2025-11-30. Refrain from using this package or pin to Setuptools<81.
  from pkg_resources import parse_version
/usr/local/lib/python3.11/dist-packages/wandb/apis/public.py:3075: UserWarning: pkg_resources is deprecated as an API. See https://setuptools.pypa.io/en/latest/pkg_resources.html. The pkg_resources package is slated for removal as early as 2025-11-30. Refrain from using this package or pin to Setuptools<81.
  from pkg_resources import parse_version
/usr/local/lib/python3.11/dist-packages/wandb/apis/public.py:3075: UserWarning: pkg_resources is deprecated as an API. See https://setuptools.pypa.io/en/latest/pkg_resources.html. The pkg_resources package is slated for removal as early as 2025-11-30. Refrain from using this package or pin to Setuptools<81.
  from pkg_resources import parse_version
/usr/local/lib/python3.11/dist-packages/wandb/apis/public.py:3075: UserWarning: pkg_resources is deprecated as an API. See https://setuptools.pypa.io/en/latest/pkg_resources.html. The pkg_resources package is slated for removal as early as 2025-11-30. Refrain from using this package or pin to Setuptools<81.
  from pkg_resources import parse_version
/usr/local/lib/python3.11/dist-packages/wandb/apis/public.py:3075: UserWarning: pkg_resources is deprecated as an API. See https://setuptools.pypa.io/en/latest/pkg_resources.html. The pkg_resources package is slated for removal as early as 2025-11-30. Refrain from using this package or pin to Setuptools<81.
  from pkg_resources import parse_version
/usr/local/lib/python3.11/dist-packages/wandb/apis/public.py:3075: UserWarning: pkg_resources is deprecated as an API. See https://setuptools.pypa.io/en/latest/pkg_resources.html. The pkg_resources package is slated for removal as early as 2025-11-30. Refrain from using this package or pin to Setuptools<81.
  from pkg_resources import parse_version
/usr/local/lib/python3.11/dist-packages/wandb/apis/public.py:3075: UserWarning: pkg_resources is deprecated as an API. See https://setuptools.pypa.io/en/latest/pkg_resources.html. The pkg_resources package is slated for removal as early as 2025-11-30. Refrain from using this package or pin to Setuptools<81.
  from pkg_resources import parse_version
/usr/local/lib/python3.11/dist-packages/wandb/apis/public.py:3075: UserWarning: pkg_resources is deprecated as an API. See https://setuptools.pypa.io/en/latest/pkg_resources.html. The pkg_resources package is slated for removal as early as 2025-11-30. Refrain from using this package or pin to Setuptools<81.
  from pkg_resources import parse_version
/usr/local/lib/python3.11/dist-packages/wandb/apis/public.py:3075: UserWarning: pkg_resources is deprecated as an API. See https://setuptools.pypa.io/en/latest/pkg_resources.html. The pkg_resources package is slated for removal as early as 2025-11-30. Refrain from using this package or pin to Setuptools<81.
  from pkg_resources import parse_version
/usr/local/lib/python3.11/dist-packages/wandb/apis/public.py:3075: UserWarning: pkg_resources is deprecated as an API. See https://setuptools.pypa.io/en/latest/pkg_resources.html. The pkg_resources package is slated for removal as early as 2025-11-30. Refrain from using this package or pin to Setuptools<81.
  from pkg_resources import parse_version
/usr/local/lib/python3.11/dist-packages/wandb/apis/public.py:3075: UserWarning: pkg_resources is deprecated as an API. See https://setuptools.pypa.io/en/latest/pkg_resources.html. The pkg_resources package is slated for removal as early as 2025-11-30. Refrain from using this package or pin to Setuptools<81.
  from pkg_resources import parse_version
Strict resume: loaded model from /mlx_devbox/users/quyanyi/playground/qat_public_repro/recipe10ep_e_featnorm_aug_fixed_qkr_softkd_t275_rebuild_20260706/checkpoint-10.pth.tar; missing=0, unexpected=0
Strict resume: --no-resume-opt set; optimizer/scheduler/scaler/RNG intentionally not restored.
NCCL version 2.27.5+cuda12.9
Model swin_t created, param count:28608256
Scheduled epochs: 30
Effective batch alignment: per_gpu_effective_batch=64, loader_batch=64, accum=1, world_size=8, global_effective_batch=512
Trainable parameter policy: epoch=10, quant_only=False, policy=all, trainable=28608256, frozen=0
AOQ explore scale ratio update: epoch=10, update=0, active=False, base_ratio=1.0, threshold_ratio=0.0, base_layers=(), selective_margin=0.0, base_quantizers=0, layer_ratios={}, layer_quantizers=0, layer_counts={}, quality_mode=none, quality_layers=(), quality_start_update=0, quality_min_frac=0.0, start_update=0, end_update=0
Trainable parameter update policy: epoch=10, update=0, mode=requires_grad, policy=all, trainable=28608256, frozen=0
Train: 10 [   0/2502 (  0%)]  Loss: 51.392193 (51.3922)  BaseLoss: 51.392193 (51.3922)  RefAttnKL: 0.000e+00 (0.000e+00)  RefLogitKL: 0.000e+00 (0.000e+00)  AnchorRefAttnKL: 0.000e+00 (0.000e+00)  TeacherAttnKL: 0.000e+00 (0.000e+00)  TeacherRel: 0.000e+00 (0.000e+00)  TeacherAttnOut: 0.000e+00 (0.000e+00)  TeacherFeatOut: 0.000e+00 (0.000e+00)  ActScaleAnchor: 0.000e+00 (0.000e+00)  VarTrust: 0.000e+00 (0.000e+00)  DirAnchor: 0.000e+00 (0.000e+00)  BinReg: 0.000e+00 (0.000e+00)  SelBinAnchor: 0.000e+00 (0.000e+00)  ActBinMargin: 0.000e+00 (0.000e+00)  Time: 1.423s,  359.87/s  (1.423s,  359.87/s)  LR: 1.250e-05  RefW: 0.000e+00  AnchorRefW: 0.000e+00  Data: 0.818 (0.818)
Train: 10 [  50/2502 (  2%)]  Loss: 51.376919 (51.3846)  BaseLoss: 51.376919 (51.3846)  RefAttnKL: 0.000e+00 (0.000e+00)  RefLogitKL: 0.000e+00 (0.000e+00)  AnchorRefAttnKL: 0.000e+00 (0.000e+00)  TeacherAttnKL: 0.000e+00 (0.000e+00)  TeacherRel: 0.000e+00 (0.000e+00)  TeacherAttnOut: 0.000e+00 (0.000e+00)  TeacherFeatOut: 0.000e+00 (0.000e+00)  ActScaleAnchor: 0.000e+00 (0.000e+00)  VarTrust: 0.000e+00 (0.000e+00)  DirAnchor: 0.000e+00 (0.000e+00)  BinReg: 0.000e+00 (0.000e+00)  SelBinAnchor: 0.000e+00 (0.000e+00)  ActBinMargin: 0.000e+00 (0.000e+00)  Time: 0.223s, 2293.43/s  (0.246s, 2078.50/s)  LR: 1.249e-05  RefW: 0.000e+00  AnchorRefW: 0.000e+00  Data: 0.005 (0.022)
Train: 10 [ 100/2502 (  4%)]  Loss: 51.386845 (51.3853)  BaseLoss: 51.386845 (51.3853)  RefAttnKL: 0.000e+00 (0.000e+00)  RefLogitKL: 0.000e+00 (0.000e+00)  AnchorRefAttnKL: 0.000e+00 (0.000e+00)  TeacherAttnKL: 0.000e+00 (0.000e+00)  TeacherRel: 0.000e+00 (0.000e+00)  TeacherAttnOut: 0.000e+00 (0.000e+00)  TeacherFeatOut: 0.000e+00 (0.000e+00)  ActScaleAnchor: 0.000e+00 (0.000e+00)  VarTrust: 0.000e+00 (0.000e+00)  DirAnchor: 0.000e+00 (0.000e+00)  BinReg: 0.000e+00 (0.000e+00)  SelBinAnchor: 0.000e+00 (0.000e+00)  ActBinMargin: 0.000e+00 (0.000e+00)  Time: 0.224s, 2280.81/s  (0.235s, 2174.99/s)  LR: 1.248e-05  RefW: 0.000e+00  AnchorRefW: 0.000e+00  Data: 0.006 (0.014)
Train: 10 [ 150/2502 (  6%)]  Loss: 51.406559 (51.3906)  BaseLoss: 51.406559 (51.3906)  RefAttnKL: 0.000e+00 (0.000e+00)  RefLogitKL: 0.000e+00 (0.000e+00)  AnchorRefAttnKL: 0.000e+00 (0.000e+00)  TeacherAttnKL: 0.000e+00 (0.000e+00)  TeacherRel: 0.000e+00 (0.000e+00)  TeacherAttnOut: 0.000e+00 (0.000e+00)  TeacherFeatOut: 0.000e+00 (0.000e+00)  ActScaleAnchor: 0.000e+00 (0.000e+00)  VarTrust: 0.000e+00 (0.000e+00)  DirAnchor: 0.000e+00 (0.000e+00)  BinReg: 0.000e+00 (0.000e+00)  SelBinAnchor: 0.000e+00 (0.000e+00)  ActBinMargin: 0.000e+00 (0.000e+00)  Time: 0.223s, 2292.85/s  (0.231s, 2214.29/s)  LR: 1.247e-05  RefW: 0.000e+00  AnchorRefW: 0.000e+00  Data: 0.006 (0.011)
Train: 10 [ 200/2502 (  8%)]  Loss: 51.411388 (51.3948)  BaseLoss: 51.411388 (51.3948)  RefAttnKL: 0.000e+00 (0.000e+00)  RefLogitKL: 0.000e+00 (0.000e+00)  AnchorRefAttnKL: 0.000e+00 (0.000e+00)  TeacherAttnKL: 0.000e+00 (0.000e+00)  TeacherRel: 0.000e+00 (0.000e+00)  TeacherAttnOut: 0.000e+00 (0.000e+00)  TeacherFeatOut: 0.000e+00 (0.000e+00)  ActScaleAnchor: 0.000e+00 (0.000e+00)  VarTrust: 0.000e+00 (0.000e+00)  DirAnchor: 0.000e+00 (0.000e+00)  BinReg: 0.000e+00 (0.000e+00)  SelBinAnchor: 0.000e+00 (0.000e+00)  ActBinMargin: 0.000e+00 (0.000e+00)  Time: 0.224s, 2281.09/s  (0.229s, 2234.91/s)  LR: 1.246e-05  RefW: 0.000e+00  AnchorRefW: 0.000e+00  Data: 0.006 (0.010)
Train: 10 [ 250/2502 ( 10%)]  Loss: 51.441978 (51.4026)  BaseLoss: 51.441978 (51.4026)  RefAttnKL: 0.000e+00 (0.000e+00)  RefLogitKL: 0.000e+00 (0.000e+00)  AnchorRefAttnKL: 0.000e+00 (0.000e+00)  TeacherAttnKL: 0.000e+00 (0.000e+00)  TeacherRel: 0.000e+00 (0.000e+00)  TeacherAttnOut: 0.000e+00 (0.000e+00)  TeacherFeatOut: 0.000e+00 (0.000e+00)  ActScaleAnchor: 0.000e+00 (0.000e+00)  VarTrust: 0.000e+00 (0.000e+00)  DirAnchor: 0.000e+00 (0.000e+00)  BinReg: 0.000e+00 (0.000e+00)  SelBinAnchor: 0.000e+00 (0.000e+00)  ActBinMargin: 0.000e+00 (0.000e+00)  Time: 0.223s, 2294.60/s  (0.228s, 2246.04/s)  LR: 1.245e-05  RefW: 0.000e+00  AnchorRefW: 0.000e+00  Data: 0.006 (0.009)
Train: 10 [ 300/2502 ( 12%)]  Loss: 51.419910 (51.4051)  BaseLoss: 51.419910 (51.4051)  RefAttnKL: 0.000e+00 (0.000e+00)  RefLogitKL: 0.000e+00 (0.000e+00)  AnchorRefAttnKL: 0.000e+00 (0.000e+00)  TeacherAttnKL: 0.000e+00 (0.000e+00)  TeacherRel: 0.000e+00 (0.000e+00)  TeacherAttnOut: 0.000e+00 (0.000e+00)  TeacherFeatOut: 0.000e+00 (0.000e+00)  ActScaleAnchor: 0.000e+00 (0.000e+00)  VarTrust: 0.000e+00 (0.000e+00)  DirAnchor: 0.000e+00 (0.000e+00)  BinReg: 0.000e+00 (0.000e+00)  SelBinAnchor: 0.000e+00 (0.000e+00)  ActBinMargin: 0.000e+00 (0.000e+00)  Time: 0.224s, 2286.11/s  (0.227s, 2254.79/s)  LR: 1.245e-05  RefW: 0.000e+00  AnchorRefW: 0.000e+00  Data: 0.006 (0.009)
Train: 10 [ 350/2502 ( 14%)]  Loss: 51.432446 (51.4085)  BaseLoss: 51.432446 (51.4085)  RefAttnKL: 0.000e+00 (0.000e+00)  RefLogitKL: 0.000e+00 (0.000e+00)  AnchorRefAttnKL: 0.000e+00 (0.000e+00)  TeacherAttnKL: 0.000e+00 (0.000e+00)  TeacherRel: 0.000e+00 (0.000e+00)  TeacherAttnOut: 0.000e+00 (0.000e+00)  TeacherFeatOut: 0.000e+00 (0.000e+00)  ActScaleAnchor: 0.000e+00 (0.000e+00)  VarTrust: 0.000e+00 (0.000e+00)  DirAnchor: 0.000e+00 (0.000e+00)  BinReg: 0.000e+00 (0.000e+00)  SelBinAnchor: 0.000e+00 (0.000e+00)  ActBinMargin: 0.000e+00 (0.000e+00)  Time: 0.224s, 2289.32/s  (0.226s, 2260.65/s)  LR: 1.244e-05  RefW: 0.000e+00  AnchorRefW: 0.000e+00  Data: 0.005 (0.009)
Train: 10 [ 400/2502 ( 16%)]  Loss: 51.421684 (51.4100)  BaseLoss: 51.421684 (51.4100)  RefAttnKL: 0.000e+00 (0.000e+00)  RefLogitKL: 0.000e+00 (0.000e+00)  AnchorRefAttnKL: 0.000e+00 (0.000e+00)  TeacherAttnKL: 0.000e+00 (0.000e+00)  TeacherRel: 0.000e+00 (0.000e+00)  TeacherAttnOut: 0.000e+00 (0.000e+00)  TeacherFeatOut: 0.000e+00 (0.000e+00)  ActScaleAnchor: 0.000e+00 (0.000e+00)  VarTrust: 0.000e+00 (0.000e+00)  DirAnchor: 0.000e+00 (0.000e+00)  BinReg: 0.000e+00 (0.000e+00)  SelBinAnchor: 0.000e+00 (0.000e+00)  ActBinMargin: 0.000e+00 (0.000e+00)  Time: 0.225s, 2279.92/s  (0.226s, 2265.43/s)  LR: 1.243e-05  RefW: 0.000e+00  AnchorRefW: 0.000e+00  Data: 0.006 (0.008)
Train: 10 [ 450/2502 ( 18%)]  Loss: 51.423317 (51.4113)  BaseLoss: 51.423317 (51.4113)  RefAttnKL: 0.000e+00 (0.000e+00)  RefLogitKL: 0.000e+00 (0.000e+00)  AnchorRefAttnKL: 0.000e+00 (0.000e+00)  TeacherAttnKL: 0.000e+00 (0.000e+00)  TeacherRel: 0.000e+00 (0.000e+00)  TeacherAttnOut: 0.000e+00 (0.000e+00)  TeacherFeatOut: 0.000e+00 (0.000e+00)  ActScaleAnchor: 0.000e+00 (0.000e+00)  VarTrust: 0.000e+00 (0.000e+00)  DirAnchor: 0.000e+00 (0.000e+00)  BinReg: 0.000e+00 (0.000e+00)  SelBinAnchor: 0.000e+00 (0.000e+00)  ActBinMargin: 0.000e+00 (0.000e+00)  Time: 0.223s, 2292.41/s  (0.226s, 2268.36/s)  LR: 1.242e-05  RefW: 0.000e+00  AnchorRefW: 0.000e+00  Data: 0.008 (0.008)
Train: 10 [ 500/2502 ( 20%)]  Loss: 51.448769 (51.4147)  BaseLoss: 51.448769 (51.4147)  RefAttnKL: 0.000e+00 (0.000e+00)  RefLogitKL: 0.000e+00 (0.000e+00)  AnchorRefAttnKL: 0.000e+00 (0.000e+00)  TeacherAttnKL: 0.000e+00 (0.000e+00)  TeacherRel: 0.000e+00 (0.000e+00)  TeacherAttnOut: 0.000e+00 (0.000e+00)  TeacherFeatOut: 0.000e+00 (0.000e+00)  ActScaleAnchor: 0.000e+00 (0.000e+00)  VarTrust: 0.000e+00 (0.000e+00)  DirAnchor: 0.000e+00 (0.000e+00)  BinReg: 0.000e+00 (0.000e+00)  SelBinAnchor: 0.000e+00 (0.000e+00)  ActBinMargin: 0.000e+00 (0.000e+00)  Time: 0.224s, 2287.62/s  (0.225s, 2271.51/s)  LR: 1.241e-05  RefW: 0.000e+00  AnchorRefW: 0.000e+00  Data: 0.007 (0.008)
Train: 10 [ 550/2502 ( 22%)]  Loss: 51.439400 (51.4168)  BaseLoss: 51.439400 (51.4168)  RefAttnKL: 0.000e+00 (0.000e+00)  RefLogitKL: 0.000e+00 (0.000e+00)  AnchorRefAttnKL: 0.000e+00 (0.000e+00)  TeacherAttnKL: 0.000e+00 (0.000e+00)  TeacherRel: 0.000e+00 (0.000e+00)  TeacherAttnOut: 0.000e+00 (0.000e+00)  TeacherFeatOut: 0.000e+00 (0.000e+00)  ActScaleAnchor: 0.000e+00 (0.000e+00)  VarTrust: 0.000e+00 (0.000e+00)  DirAnchor: 0.000e+00 (0.000e+00)  BinReg: 0.000e+00 (0.000e+00)  SelBinAnchor: 0.000e+00 (0.000e+00)  ActBinMargin: 0.000e+00 (0.000e+00)  Time: 0.223s, 2293.94/s  (0.225s, 2273.99/s)  LR: 1.240e-05  RefW: 0.000e+00  AnchorRefW: 0.000e+00  Data: 0.006 (0.008)
Train: 10 [ 600/2502 ( 24%)]  Loss: 51.367477 (51.4130)  BaseLoss: 51.367477 (51.4130)  RefAttnKL: 0.000e+00 (0.000e+00)  RefLogitKL: 0.000e+00 (0.000e+00)  AnchorRefAttnKL: 0.000e+00 (0.000e+00)  TeacherAttnKL: 0.000e+00 (0.000e+00)  TeacherRel: 0.000e+00 (0.000e+00)  TeacherAttnOut: 0.000e+00 (0.000e+00)  TeacherFeatOut: 0.000e+00 (0.000e+00)  ActScaleAnchor: 0.000e+00 (0.000e+00)  VarTrust: 0.000e+00 (0.000e+00)  DirAnchor: 0.000e+00 (0.000e+00)  BinReg: 0.000e+00 (0.000e+00)  SelBinAnchor: 0.000e+00 (0.000e+00)  ActBinMargin: 0.000e+00 (0.000e+00)  Time: 0.224s, 2282.50/s  (0.225s, 2275.84/s)  LR: 1.239e-05  RefW: 0.000e+00  AnchorRefW: 0.000e+00  Data: 0.005 (0.008)
Train: 10 [ 650/2502 ( 26%)]  Loss: 51.403290 (51.4123)  BaseLoss: 51.403290 (51.4123)  RefAttnKL: 0.000e+00 (0.000e+00)  RefLogitKL: 0.000e+00 (0.000e+00)  AnchorRefAttnKL: 0.000e+00 (0.000e+00)  TeacherAttnKL: 0.000e+00 (0.000e+00)  TeacherRel: 0.000e+00 (0.000e+00)  TeacherAttnOut: 0.000e+00 (0.000e+00)  TeacherFeatOut: 0.000e+00 (0.000e+00)  ActScaleAnchor: 0.000e+00 (0.000e+00)  VarTrust: 0.000e+00 (0.000e+00)  DirAnchor: 0.000e+00 (0.000e+00)  BinReg: 0.000e+00 (0.000e+00)  SelBinAnchor: 0.000e+00 (0.000e+00)  ActBinMargin: 0.000e+00 (0.000e+00)  Time: 0.224s, 2285.53/s  (0.225s, 2277.04/s)  LR: 1.238e-05  RefW: 0.000e+00  AnchorRefW: 0.000e+00  Data: 0.007 (0.008)
Train: 10 [ 700/2502 ( 28%)]  Loss: 51.360207 (51.4088)  BaseLoss: 51.360207 (51.4088)  RefAttnKL: 0.000e+00 (0.000e+00)  RefLogitKL: 0.000e+00 (0.000e+00)  AnchorRefAttnKL: 0.000e+00 (0.000e+00)  TeacherAttnKL: 0.000e+00 (0.000e+00)  TeacherRel: 0.000e+00 (0.000e+00)  TeacherAttnOut: 0.000e+00 (0.000e+00)  TeacherFeatOut: 0.000e+00 (0.000e+00)  ActScaleAnchor: 0.000e+00 (0.000e+00)  VarTrust: 0.000e+00 (0.000e+00)  DirAnchor: 0.000e+00 (0.000e+00)  BinReg: 0.000e+00 (0.000e+00)  SelBinAnchor: 0.000e+00 (0.000e+00)  ActBinMargin: 0.000e+00 (0.000e+00)  Time: 0.231s, 2221.07/s  (0.225s, 2278.44/s)  LR: 1.237e-05  RefW: 0.000e+00  AnchorRefW: 0.000e+00  Data: 0.006 (0.008)
Train: 10 [ 750/2502 ( 30%)]  Loss: 51.370682 (51.4064)  BaseLoss: 51.370682 (51.4064)  RefAttnKL: 0.000e+00 (0.000e+00)  RefLogitKL: 0.000e+00 (0.000e+00)  AnchorRefAttnKL: 0.000e+00 (0.000e+00)  TeacherAttnKL: 0.000e+00 (0.000e+00)  TeacherRel: 0.000e+00 (0.000e+00)  TeacherAttnOut: 0.000e+00 (0.000e+00)  TeacherFeatOut: 0.000e+00 (0.000e+00)  ActScaleAnchor: 0.000e+00 (0.000e+00)  VarTrust: 0.000e+00 (0.000e+00)  DirAnchor: 0.000e+00 (0.000e+00)  BinReg: 0.000e+00 (0.000e+00)  SelBinAnchor: 0.000e+00 (0.000e+00)  ActBinMargin: 0.000e+00 (0.000e+00)  Time: 0.223s, 2292.38/s  (0.225s, 2279.68/s)  LR: 1.236e-05  RefW: 0.000e+00  AnchorRefW: 0.000e+00  Data: 0.006 (0.008)
Train: 10 [ 800/2502 ( 32%)]  Loss: 51.402813 (51.4062)  BaseLoss: 51.402813 (51.4062)  RefAttnKL: 0.000e+00 (0.000e+00)  RefLogitKL: 0.000e+00 (0.000e+00)  AnchorRefAttnKL: 0.000e+00 (0.000e+00)  TeacherAttnKL: 0.000e+00 (0.000e+00)  TeacherRel: 0.000e+00 (0.000e+00)  TeacherAttnOut: 0.000e+00 (0.000e+00)  TeacherFeatOut: 0.000e+00 (0.000e+00)  ActScaleAnchor: 0.000e+00 (0.000e+00)  VarTrust: 0.000e+00 (0.000e+00)  DirAnchor: 0.000e+00 (0.000e+00)  BinReg: 0.000e+00 (0.000e+00)  SelBinAnchor: 0.000e+00 (0.000e+00)  ActBinMargin: 0.000e+00 (0.000e+00)  Time: 0.224s, 2280.88/s  (0.224s, 2280.69/s)  LR: 1.235e-05  RefW: 0.000e+00  AnchorRefW: 0.000e+00  Data: 0.006 (0.008)
Train: 10 [ 850/2502 ( 34%)]  Loss: 51.363487 (51.4039)  BaseLoss: 51.363487 (51.4039)  RefAttnKL: 0.000e+00 (0.000e+00)  RefLogitKL: 0.000e+00 (0.000e+00)  AnchorRefAttnKL: 0.000e+00 (0.000e+00)  TeacherAttnKL: 0.000e+00 (0.000e+00)  TeacherRel: 0.000e+00 (0.000e+00)  TeacherAttnOut: 0.000e+00 (0.000e+00)  TeacherFeatOut: 0.000e+00 (0.000e+00)  ActScaleAnchor: 0.000e+00 (0.000e+00)  VarTrust: 0.000e+00 (0.000e+00)  DirAnchor: 0.000e+00 (0.000e+00)  BinReg: 0.000e+00 (0.000e+00)  SelBinAnchor: 0.000e+00 (0.000e+00)  ActBinMargin: 0.000e+00 (0.000e+00)  Time: 0.223s, 2294.08/s  (0.224s, 2281.84/s)  LR: 1.234e-05  RefW: 0.000e+00  AnchorRefW: 0.000e+00  Data: 0.008 (0.007)
Train: 10 [ 900/2502 ( 36%)]  Loss: 51.402241 (51.4038)  BaseLoss: 51.402241 (51.4038)  RefAttnKL: 0.000e+00 (0.000e+00)  RefLogitKL: 0.000e+00 (0.000e+00)  AnchorRefAttnKL: 0.000e+00 (0.000e+00)  TeacherAttnKL: 0.000e+00 (0.000e+00)  TeacherRel: 0.000e+00 (0.000e+00)  TeacherAttnOut: 0.000e+00 (0.000e+00)  TeacherFeatOut: 0.000e+00 (0.000e+00)  ActScaleAnchor: 0.000e+00 (0.000e+00)  VarTrust: 0.000e+00 (0.000e+00)  DirAnchor: 0.000e+00 (0.000e+00)  BinReg: 0.000e+00 (0.000e+00)  SelBinAnchor: 0.000e+00 (0.000e+00)  ActBinMargin: 0.000e+00 (0.000e+00)  Time: 0.225s, 2275.84/s  (0.224s, 2282.83/s)  LR: 1.233e-05  RefW: 0.000e+00  AnchorRefW: 0.000e+00  Data: 0.007 (0.007)
Train: 10 [ 950/2502 ( 38%)]  Loss: 51.400566 (51.4036)  BaseLoss: 51.400566 (51.4036)  RefAttnKL: 0.000e+00 (0.000e+00)  RefLogitKL: 0.000e+00 (0.000e+00)  AnchorRefAttnKL: 0.000e+00 (0.000e+00)  TeacherAttnKL: 0.000e+00 (0.000e+00)  TeacherRel: 0.000e+00 (0.000e+00)  TeacherAttnOut: 0.000e+00 (0.000e+00)  TeacherFeatOut: 0.000e+00 (0.000e+00)  ActScaleAnchor: 0.000e+00 (0.000e+00)  VarTrust: 0.000e+00 (0.000e+00)  DirAnchor: 0.000e+00 (0.000e+00)  BinReg: 0.000e+00 (0.000e+00)  SelBinAnchor: 0.000e+00 (0.000e+00)  ActBinMargin: 0.000e+00 (0.000e+00)  Time: 0.223s, 2297.76/s  (0.224s, 2283.75/s)  LR: 1.233e-05  RefW: 0.000e+00  AnchorRefW: 0.000e+00  Data: 0.005 (0.007)
Train: 10 [1000/2502 ( 40%)]  Loss: 51.416878 (51.4042)  BaseLoss: 51.416878 (51.4042)  RefAttnKL: 0.000e+00 (0.000e+00)  RefLogitKL: 0.000e+00 (0.000e+00)  AnchorRefAttnKL: 0.000e+00 (0.000e+00)  TeacherAttnKL: 0.000e+00 (0.000e+00)  TeacherRel: 0.000e+00 (0.000e+00)  TeacherAttnOut: 0.000e+00 (0.000e+00)  TeacherFeatOut: 0.000e+00 (0.000e+00)  ActScaleAnchor: 0.000e+00 (0.000e+00)  VarTrust: 0.000e+00 (0.000e+00)  DirAnchor: 0.000e+00 (0.000e+00)  BinReg: 0.000e+00 (0.000e+00)  SelBinAnchor: 0.000e+00 (0.000e+00)  ActBinMargin: 0.000e+00 (0.000e+00)  Time: 0.224s, 2280.89/s  (0.224s, 2283.99/s)  LR: 1.232e-05  RefW: 0.000e+00  AnchorRefW: 0.000e+00  Data: 0.006 (0.007)
Train: 10 [1050/2502 ( 42%)]  Loss: 51.389786 (51.4036)  BaseLoss: 51.389786 (51.4036)  RefAttnKL: 0.000e+00 (0.000e+00)  RefLogitKL: 0.000e+00 (0.000e+00)  AnchorRefAttnKL: 0.000e+00 (0.000e+00)  TeacherAttnKL: 0.000e+00 (0.000e+00)  TeacherRel: 0.000e+00 (0.000e+00)  TeacherAttnOut: 0.000e+00 (0.000e+00)  TeacherFeatOut: 0.000e+00 (0.000e+00)  ActScaleAnchor: 0.000e+00 (0.000e+00)  VarTrust: 0.000e+00 (0.000e+00)  DirAnchor: 0.000e+00 (0.000e+00)  BinReg: 0.000e+00 (0.000e+00)  SelBinAnchor: 0.000e+00 (0.000e+00)  ActBinMargin: 0.000e+00 (0.000e+00)  Time: 0.223s, 2291.07/s  (0.224s, 2284.72/s)  LR: 1.231e-05  RefW: 0.000e+00  AnchorRefW: 0.000e+00  Data: 0.007 (0.007)
Train: 10 [1100/2502 ( 44%)]  Loss: 51.354420 (51.4014)  BaseLoss: 51.354420 (51.4014)  RefAttnKL: 0.000e+00 (0.000e+00)  RefLogitKL: 0.000e+00 (0.000e+00)  AnchorRefAttnKL: 0.000e+00 (0.000e+00)  TeacherAttnKL: 0.000e+00 (0.000e+00)  TeacherRel: 0.000e+00 (0.000e+00)  TeacherAttnOut: 0.000e+00 (0.000e+00)  TeacherFeatOut: 0.000e+00 (0.000e+00)  ActScaleAnchor: 0.000e+00 (0.000e+00)  VarTrust: 0.000e+00 (0.000e+00)  DirAnchor: 0.000e+00 (0.000e+00)  BinReg: 0.000e+00 (0.000e+00)  SelBinAnchor: 0.000e+00 (0.000e+00)  ActBinMargin: 0.000e+00 (0.000e+00)  Time: 0.224s, 2285.30/s  (0.224s, 2285.29/s)  LR: 1.230e-05  RefW: 0.000e+00  AnchorRefW: 0.000e+00  Data: 0.006 (0.007)
Train: 10 [1150/2502 ( 46%)]  Loss: 51.409325 (51.4018)  BaseLoss: 51.409325 (51.4018)  RefAttnKL: 0.000e+00 (0.000e+00)  RefLogitKL: 0.000e+00 (0.000e+00)  AnchorRefAttnKL: 0.000e+00 (0.000e+00)  TeacherAttnKL: 0.000e+00 (0.000e+00)  TeacherRel: 0.000e+00 (0.000e+00)  TeacherAttnOut: 0.000e+00 (0.000e+00)  TeacherFeatOut: 0.000e+00 (0.000e+00)  ActScaleAnchor: 0.000e+00 (0.000e+00)  VarTrust: 0.000e+00 (0.000e+00)  DirAnchor: 0.000e+00 (0.000e+00)  BinReg: 0.000e+00 (0.000e+00)  SelBinAnchor: 0.000e+00 (0.000e+00)  ActBinMargin: 0.000e+00 (0.000e+00)  Time: 0.223s, 2291.72/s  (0.224s, 2285.87/s)  LR: 1.229e-05  RefW: 0.000e+00  AnchorRefW: 0.000e+00  Data: 0.006 (0.007)
Train: 10 [1200/2502 ( 48%)]  Loss: 51.383408 (51.4010)  BaseLoss: 51.383408 (51.4010)  RefAttnKL: 0.000e+00 (0.000e+00)  RefLogitKL: 0.000e+00 (0.000e+00)  AnchorRefAttnKL: 0.000e+00 (0.000e+00)  TeacherAttnKL: 0.000e+00 (0.000e+00)  TeacherRel: 0.000e+00 (0.000e+00)  TeacherAttnOut: 0.000e+00 (0.000e+00)  TeacherFeatOut: 0.000e+00 (0.000e+00)  ActScaleAnchor: 0.000e+00 (0.000e+00)  VarTrust: 0.000e+00 (0.000e+00)  DirAnchor: 0.000e+00 (0.000e+00)  BinReg: 0.000e+00 (0.000e+00)  SelBinAnchor: 0.000e+00 (0.000e+00)  ActBinMargin: 0.000e+00 (0.000e+00)  Time: 0.225s, 2270.99/s  (0.224s, 2286.14/s)  LR: 1.228e-05  RefW: 0.000e+00  AnchorRefW: 0.000e+00  Data: 0.005 (0.007)
Train: 10 [1250/2502 ( 50%)]  Loss: 51.419090 (51.4017)  BaseLoss: 51.419090 (51.4017)  RefAttnKL: 0.000e+00 (0.000e+00)  RefLogitKL: 0.000e+00 (0.000e+00)  AnchorRefAttnKL: 0.000e+00 (0.000e+00)  TeacherAttnKL: 0.000e+00 (0.000e+00)  TeacherRel: 0.000e+00 (0.000e+00)  TeacherAttnOut: 0.000e+00 (0.000e+00)  TeacherFeatOut: 0.000e+00 (0.000e+00)  ActScaleAnchor: 0.000e+00 (0.000e+00)  VarTrust: 0.000e+00 (0.000e+00)  DirAnchor: 0.000e+00 (0.000e+00)  BinReg: 0.000e+00 (0.000e+00)  SelBinAnchor: 0.000e+00 (0.000e+00)  ActBinMargin: 0.000e+00 (0.000e+00)  Time: 0.224s, 2289.31/s  (0.224s, 2286.69/s)  LR: 1.227e-05  RefW: 0.000e+00  AnchorRefW: 0.000e+00  Data: 0.008 (0.007)
Train: 10 [1300/2502 ( 52%)]  Loss: 51.405895 (51.4019)  BaseLoss: 51.405895 (51.4019)  RefAttnKL: 0.000e+00 (0.000e+00)  RefLogitKL: 0.000e+00 (0.000e+00)  AnchorRefAttnKL: 0.000e+00 (0.000e+00)  TeacherAttnKL: 0.000e+00 (0.000e+00)  TeacherRel: 0.000e+00 (0.000e+00)  TeacherAttnOut: 0.000e+00 (0.000e+00)  TeacherFeatOut: 0.000e+00 (0.000e+00)  ActScaleAnchor: 0.000e+00 (0.000e+00)  VarTrust: 0.000e+00 (0.000e+00)  DirAnchor: 0.000e+00 (0.000e+00)  BinReg: 0.000e+00 (0.000e+00)  SelBinAnchor: 0.000e+00 (0.000e+00)  ActBinMargin: 0.000e+00 (0.000e+00)  Time: 0.224s, 2287.31/s  (0.224s, 2287.21/s)  LR: 1.226e-05  RefW: 0.000e+00  AnchorRefW: 0.000e+00  Data: 0.006 (0.007)
Train: 10 [1350/2502 ( 54%)]  Loss: 51.427475 (51.4028)  BaseLoss: 51.427475 (51.4028)  RefAttnKL: 0.000e+00 (0.000e+00)  RefLogitKL: 0.000e+00 (0.000e+00)  AnchorRefAttnKL: 0.000e+00 (0.000e+00)  TeacherAttnKL: 0.000e+00 (0.000e+00)  TeacherRel: 0.000e+00 (0.000e+00)  TeacherAttnOut: 0.000e+00 (0.000e+00)  TeacherFeatOut: 0.000e+00 (0.000e+00)  ActScaleAnchor: 0.000e+00 (0.000e+00)  VarTrust: 0.000e+00 (0.000e+00)  DirAnchor: 0.000e+00 (0.000e+00)  BinReg: 0.000e+00 (0.000e+00)  SelBinAnchor: 0.000e+00 (0.000e+00)  ActBinMargin: 0.000e+00 (0.000e+00)  Time: 0.223s, 2291.47/s  (0.224s, 2287.61/s)  LR: 1.225e-05  RefW: 0.000e+00  AnchorRefW: 0.000e+00  Data: 0.005 (0.007)
Train: 10 [1400/2502 ( 56%)]  Loss: 51.406219 (51.4029)  BaseLoss: 51.406219 (51.4029)  RefAttnKL: 0.000e+00 (0.000e+00)  RefLogitKL: 0.000e+00 (0.000e+00)  AnchorRefAttnKL: 0.000e+00 (0.000e+00)  TeacherAttnKL: 0.000e+00 (0.000e+00)  TeacherRel: 0.000e+00 (0.000e+00)  TeacherAttnOut: 0.000e+00 (0.000e+00)  TeacherFeatOut: 0.000e+00 (0.000e+00)  ActScaleAnchor: 0.000e+00 (0.000e+00)  VarTrust: 0.000e+00 (0.000e+00)  DirAnchor: 0.000e+00 (0.000e+00)  BinReg: 0.000e+00 (0.000e+00)  SelBinAnchor: 0.000e+00 (0.000e+00)  ActBinMargin: 0.000e+00 (0.000e+00)  Time: 0.232s, 2205.37/s  (0.224s, 2287.91/s)  LR: 1.224e-05  RefW: 0.000e+00  AnchorRefW: 0.000e+00  Data: 0.006 (0.007)
Train: 10 [1450/2502 ( 58%)]  Loss: 51.419632 (51.4035)  BaseLoss: 51.419632 (51.4035)  RefAttnKL: 0.000e+00 (0.000e+00)  RefLogitKL: 0.000e+00 (0.000e+00)  AnchorRefAttnKL: 0.000e+00 (0.000e+00)  TeacherAttnKL: 0.000e+00 (0.000e+00)  TeacherRel: 0.000e+00 (0.000e+00)  TeacherAttnOut: 0.000e+00 (0.000e+00)  TeacherFeatOut: 0.000e+00 (0.000e+00)  ActScaleAnchor: 0.000e+00 (0.000e+00)  VarTrust: 0.000e+00 (0.000e+00)  DirAnchor: 0.000e+00 (0.000e+00)  BinReg: 0.000e+00 (0.000e+00)  SelBinAnchor: 0.000e+00 (0.000e+00)  ActBinMargin: 0.000e+00 (0.000e+00)  Time: 0.224s, 2285.87/s  (0.224s, 2288.34/s)  LR: 1.223e-05  RefW: 0.000e+00  AnchorRefW: 0.000e+00  Data: 0.008 (0.007)
Train: 10 [1500/2502 ( 60%)]  Loss: 51.427509 (51.4043)  BaseLoss: 51.427509 (51.4043)  RefAttnKL: 0.000e+00 (0.000e+00)  RefLogitKL: 0.000e+00 (0.000e+00)  AnchorRefAttnKL: 0.000e+00 (0.000e+00)  TeacherAttnKL: 0.000e+00 (0.000e+00)  TeacherRel: 0.000e+00 (0.000e+00)  TeacherAttnOut: 0.000e+00 (0.000e+00)  TeacherFeatOut: 0.000e+00 (0.000e+00)  ActScaleAnchor: 0.000e+00 (0.000e+00)  VarTrust: 0.000e+00 (0.000e+00)  DirAnchor: 0.000e+00 (0.000e+00)  BinReg: 0.000e+00 (0.000e+00)  SelBinAnchor: 0.000e+00 (0.000e+00)  ActBinMargin: 0.000e+00 (0.000e+00)  Time: 0.224s, 2286.05/s  (0.224s, 2288.76/s)  LR: 1.222e-05  RefW: 0.000e+00  AnchorRefW: 0.000e+00  Data: 0.007 (0.007)
Train: 10 [1550/2502 ( 62%)]  Loss: 51.407658 (51.4044)  BaseLoss: 51.407658 (51.4044)  RefAttnKL: 0.000e+00 (0.000e+00)  RefLogitKL: 0.000e+00 (0.000e+00)  AnchorRefAttnKL: 0.000e+00 (0.000e+00)  TeacherAttnKL: 0.000e+00 (0.000e+00)  TeacherRel: 0.000e+00 (0.000e+00)  TeacherAttnOut: 0.000e+00 (0.000e+00)  TeacherFeatOut: 0.000e+00 (0.000e+00)  ActScaleAnchor: 0.000e+00 (0.000e+00)  VarTrust: 0.000e+00 (0.000e+00)  DirAnchor: 0.000e+00 (0.000e+00)  BinReg: 0.000e+00 (0.000e+00)  SelBinAnchor: 0.000e+00 (0.000e+00)  ActBinMargin: 0.000e+00 (0.000e+00)  Time: 0.223s, 2292.82/s  (0.224s, 2288.91/s)  LR: 1.221e-05  RefW: 0.000e+00  AnchorRefW: 0.000e+00  Data: 0.006 (0.007)
Train: 10 [1600/2502 ( 64%)]  Loss: 51.412682 (51.4046)  BaseLoss: 51.412682 (51.4046)  RefAttnKL: 0.000e+00 (0.000e+00)  RefLogitKL: 0.000e+00 (0.000e+00)  AnchorRefAttnKL: 0.000e+00 (0.000e+00)  TeacherAttnKL: 0.000e+00 (0.000e+00)  TeacherRel: 0.000e+00 (0.000e+00)  TeacherAttnOut: 0.000e+00 (0.000e+00)  TeacherFeatOut: 0.000e+00 (0.000e+00)  ActScaleAnchor: 0.000e+00 (0.000e+00)  VarTrust: 0.000e+00 (0.000e+00)  DirAnchor: 0.000e+00 (0.000e+00)  BinReg: 0.000e+00 (0.000e+00)  SelBinAnchor: 0.000e+00 (0.000e+00)  ActBinMargin: 0.000e+00 (0.000e+00)  Time: 0.224s, 2286.84/s  (0.224s, 2289.24/s)  LR: 1.220e-05  RefW: 0.000e+00  AnchorRefW: 0.000e+00  Data: 0.005 (0.007)
Train: 10 [1650/2502 ( 66%)]  Loss: 51.431793 (51.4054)  BaseLoss: 51.431793 (51.4054)  RefAttnKL: 0.000e+00 (0.000e+00)  RefLogitKL: 0.000e+00 (0.000e+00)  AnchorRefAttnKL: 0.000e+00 (0.000e+00)  TeacherAttnKL: 0.000e+00 (0.000e+00)  TeacherRel: 0.000e+00 (0.000e+00)  TeacherAttnOut: 0.000e+00 (0.000e+00)  TeacherFeatOut: 0.000e+00 (0.000e+00)  ActScaleAnchor: 0.000e+00 (0.000e+00)  VarTrust: 0.000e+00 (0.000e+00)  DirAnchor: 0.000e+00 (0.000e+00)  BinReg: 0.000e+00 (0.000e+00)  SelBinAnchor: 0.000e+00 (0.000e+00)  ActBinMargin: 0.000e+00 (0.000e+00)  Time: 0.225s, 2276.16/s  (0.224s, 2289.49/s)  LR: 1.220e-05  RefW: 0.000e+00  AnchorRefW: 0.000e+00  Data: 0.008 (0.007)
Train: 10 [1700/2502 ( 68%)]  Loss: 51.412453 (51.4056)  BaseLoss: 51.412453 (51.4056)  RefAttnKL: 0.000e+00 (0.000e+00)  RefLogitKL: 0.000e+00 (0.000e+00)  AnchorRefAttnKL: 0.000e+00 (0.000e+00)  TeacherAttnKL: 0.000e+00 (0.000e+00)  TeacherRel: 0.000e+00 (0.000e+00)  TeacherAttnOut: 0.000e+00 (0.000e+00)  TeacherFeatOut: 0.000e+00 (0.000e+00)  ActScaleAnchor: 0.000e+00 (0.000e+00)  VarTrust: 0.000e+00 (0.000e+00)  DirAnchor: 0.000e+00 (0.000e+00)  BinReg: 0.000e+00 (0.000e+00)  SelBinAnchor: 0.000e+00 (0.000e+00)  ActBinMargin: 0.000e+00 (0.000e+00)  Time: 0.224s, 2283.52/s  (0.224s, 2289.73/s)  LR: 1.219e-05  RefW: 0.000e+00  AnchorRefW: 0.000e+00  Data: 0.006 (0.007)
Train: 10 [1750/2502 ( 70%)]  Loss: 51.398010 (51.4054)  BaseLoss: 51.398010 (51.4054)  RefAttnKL: 0.000e+00 (0.000e+00)  RefLogitKL: 0.000e+00 (0.000e+00)  AnchorRefAttnKL: 0.000e+00 (0.000e+00)  TeacherAttnKL: 0.000e+00 (0.000e+00)  TeacherRel: 0.000e+00 (0.000e+00)  TeacherAttnOut: 0.000e+00 (0.000e+00)  TeacherFeatOut: 0.000e+00 (0.000e+00)  ActScaleAnchor: 0.000e+00 (0.000e+00)  VarTrust: 0.000e+00 (0.000e+00)  DirAnchor: 0.000e+00 (0.000e+00)  BinReg: 0.000e+00 (0.000e+00)  SelBinAnchor: 0.000e+00 (0.000e+00)  ActBinMargin: 0.000e+00 (0.000e+00)  Time: 0.223s, 2292.63/s  (0.224s, 2289.80/s)  LR: 1.218e-05  RefW: 0.000e+00  AnchorRefW: 0.000e+00  Data: 0.006 (0.007)
Train: 10 [1800/2502 ( 72%)]  Loss: 51.418251 (51.4057)  BaseLoss: 51.418251 (51.4057)  RefAttnKL: 0.000e+00 (0.000e+00)  RefLogitKL: 0.000e+00 (0.000e+00)  AnchorRefAttnKL: 0.000e+00 (0.000e+00)  TeacherAttnKL: 0.000e+00 (0.000e+00)  TeacherRel: 0.000e+00 (0.000e+00)  TeacherAttnOut: 0.000e+00 (0.000e+00)  TeacherFeatOut: 0.000e+00 (0.000e+00)  ActScaleAnchor: 0.000e+00 (0.000e+00)  VarTrust: 0.000e+00 (0.000e+00)  DirAnchor: 0.000e+00 (0.000e+00)  BinReg: 0.000e+00 (0.000e+00)  SelBinAnchor: 0.000e+00 (0.000e+00)  ActBinMargin: 0.000e+00 (0.000e+00)  Time: 0.224s, 2284.10/s  (0.224s, 2290.06/s)  LR: 1.217e-05  RefW: 0.000e+00  AnchorRefW: 0.000e+00  Data: 0.006 (0.007)
Train: 10 [1850/2502 ( 74%)]  Loss: 51.380844 (51.4051)  BaseLoss: 51.380844 (51.4051)  RefAttnKL: 0.000e+00 (0.000e+00)  RefLogitKL: 0.000e+00 (0.000e+00)  AnchorRefAttnKL: 0.000e+00 (0.000e+00)  TeacherAttnKL: 0.000e+00 (0.000e+00)  TeacherRel: 0.000e+00 (0.000e+00)  TeacherAttnOut: 0.000e+00 (0.000e+00)  TeacherFeatOut: 0.000e+00 (0.000e+00)  ActScaleAnchor: 0.000e+00 (0.000e+00)  VarTrust: 0.000e+00 (0.000e+00)  DirAnchor: 0.000e+00 (0.000e+00)  BinReg: 0.000e+00 (0.000e+00)  SelBinAnchor: 0.000e+00 (0.000e+00)  ActBinMargin: 0.000e+00 (0.000e+00)  Time: 0.224s, 2288.17/s  (0.224s, 2290.14/s)  LR: 1.216e-05  RefW: 0.000e+00  AnchorRefW: 0.000e+00  Data: 0.008 (0.007)
Train: 10 [1900/2502 ( 76%)]  Loss: 51.432823 (51.4058)  BaseLoss: 51.432823 (51.4058)  RefAttnKL: 0.000e+00 (0.000e+00)  RefLogitKL: 0.000e+00 (0.000e+00)  AnchorRefAttnKL: 0.000e+00 (0.000e+00)  TeacherAttnKL: 0.000e+00 (0.000e+00)  TeacherRel: 0.000e+00 (0.000e+00)  TeacherAttnOut: 0.000e+00 (0.000e+00)  TeacherFeatOut: 0.000e+00 (0.000e+00)  ActScaleAnchor: 0.000e+00 (0.000e+00)  VarTrust: 0.000e+00 (0.000e+00)  DirAnchor: 0.000e+00 (0.000e+00)  BinReg: 0.000e+00 (0.000e+00)  SelBinAnchor: 0.000e+00 (0.000e+00)  ActBinMargin: 0.000e+00 (0.000e+00)  Time: 0.224s, 2284.40/s  (0.224s, 2290.41/s)  LR: 1.215e-05  RefW: 0.000e+00  AnchorRefW: 0.000e+00  Data: 0.006 (0.007)
Train: 10 [1950/2502 ( 78%)]  Loss: 51.451180 (51.4069)  BaseLoss: 51.451180 (51.4069)  RefAttnKL: 0.000e+00 (0.000e+00)  RefLogitKL: 0.000e+00 (0.000e+00)  AnchorRefAttnKL: 0.000e+00 (0.000e+00)  TeacherAttnKL: 0.000e+00 (0.000e+00)  TeacherRel: 0.000e+00 (0.000e+00)  TeacherAttnOut: 0.000e+00 (0.000e+00)  TeacherFeatOut: 0.000e+00 (0.000e+00)  ActScaleAnchor: 0.000e+00 (0.000e+00)  VarTrust: 0.000e+00 (0.000e+00)  DirAnchor: 0.000e+00 (0.000e+00)  BinReg: 0.000e+00 (0.000e+00)  SelBinAnchor: 0.000e+00 (0.000e+00)  ActBinMargin: 0.000e+00 (0.000e+00)  Time: 0.223s, 2293.57/s  (0.224s, 2290.66/s)  LR: 1.214e-05  RefW: 0.000e+00  AnchorRefW: 0.000e+00  Data: 0.007 (0.007)
Train: 10 [2000/2502 ( 80%)]  Loss: 51.407982 (51.4070)  BaseLoss: 51.407982 (51.4070)  RefAttnKL: 0.000e+00 (0.000e+00)  RefLogitKL: 0.000e+00 (0.000e+00)  AnchorRefAttnKL: 0.000e+00 (0.000e+00)  TeacherAttnKL: 0.000e+00 (0.000e+00)  TeacherRel: 0.000e+00 (0.000e+00)  TeacherAttnOut: 0.000e+00 (0.000e+00)  TeacherFeatOut: 0.000e+00 (0.000e+00)  ActScaleAnchor: 0.000e+00 (0.000e+00)  VarTrust: 0.000e+00 (0.000e+00)  DirAnchor: 0.000e+00 (0.000e+00)  BinReg: 0.000e+00 (0.000e+00)  SelBinAnchor: 0.000e+00 (0.000e+00)  ActBinMargin: 0.000e+00 (0.000e+00)  Time: 0.224s, 2280.69/s  (0.223s, 2290.90/s)  LR: 1.213e-05  RefW: 0.000e+00  AnchorRefW: 0.000e+00  Data: 0.006 (0.007)
Train: 10 [2050/2502 ( 82%)]  Loss: 51.377934 (51.4063)  BaseLoss: 51.377934 (51.4063)  RefAttnKL: 0.000e+00 (0.000e+00)  RefLogitKL: 0.000e+00 (0.000e+00)  AnchorRefAttnKL: 0.000e+00 (0.000e+00)  TeacherAttnKL: 0.000e+00 (0.000e+00)  TeacherRel: 0.000e+00 (0.000e+00)  TeacherAttnOut: 0.000e+00 (0.000e+00)  TeacherFeatOut: 0.000e+00 (0.000e+00)  ActScaleAnchor: 0.000e+00 (0.000e+00)  VarTrust: 0.000e+00 (0.000e+00)  DirAnchor: 0.000e+00 (0.000e+00)  BinReg: 0.000e+00 (0.000e+00)  SelBinAnchor: 0.000e+00 (0.000e+00)  ActBinMargin: 0.000e+00 (0.000e+00)  Time: 0.251s, 2042.55/s  (0.223s, 2290.93/s)  LR: 1.212e-05  RefW: 0.000e+00  AnchorRefW: 0.000e+00  Data: 0.008 (0.007)
Train: 10 [2100/2502 ( 84%)]  Loss: 51.398586 (51.4061)  BaseLoss: 51.398586 (51.4061)  RefAttnKL: 0.000e+00 (0.000e+00)  RefLogitKL: 0.000e+00 (0.000e+00)  AnchorRefAttnKL: 0.000e+00 (0.000e+00)  TeacherAttnKL: 0.000e+00 (0.000e+00)  TeacherRel: 0.000e+00 (0.000e+00)  TeacherAttnOut: 0.000e+00 (0.000e+00)  TeacherFeatOut: 0.000e+00 (0.000e+00)  ActScaleAnchor: 0.000e+00 (0.000e+00)  VarTrust: 0.000e+00 (0.000e+00)  DirAnchor: 0.000e+00 (0.000e+00)  BinReg: 0.000e+00 (0.000e+00)  SelBinAnchor: 0.000e+00 (0.000e+00)  ActBinMargin: 0.000e+00 (0.000e+00)  Time: 0.223s, 2293.75/s  (0.223s, 2291.04/s)  LR: 1.211e-05  RefW: 0.000e+00  AnchorRefW: 0.000e+00  Data: 0.006 (0.007)
Train: 10 [2150/2502 ( 86%)]  Loss: 51.413284 (51.4063)  BaseLoss: 51.413284 (51.4063)  RefAttnKL: 0.000e+00 (0.000e+00)  RefLogitKL: 0.000e+00 (0.000e+00)  AnchorRefAttnKL: 0.000e+00 (0.000e+00)  TeacherAttnKL: 0.000e+00 (0.000e+00)  TeacherRel: 0.000e+00 (0.000e+00)  TeacherAttnOut: 0.000e+00 (0.000e+00)  TeacherFeatOut: 0.000e+00 (0.000e+00)  ActScaleAnchor: 0.000e+00 (0.000e+00)  VarTrust: 0.000e+00 (0.000e+00)  DirAnchor: 0.000e+00 (0.000e+00)  BinReg: 0.000e+00 (0.000e+00)  SelBinAnchor: 0.000e+00 (0.000e+00)  ActBinMargin: 0.000e+00 (0.000e+00)  Time: 0.223s, 2296.19/s  (0.223s, 2291.26/s)  LR: 1.210e-05  RefW: 0.000e+00  AnchorRefW: 0.000e+00  Data: 0.007 (0.007)
Train: 10 [2200/2502 ( 88%)]  Loss: 51.404549 (51.4062)  BaseLoss: 51.404549 (51.4062)  RefAttnKL: 0.000e+00 (0.000e+00)  RefLogitKL: 0.000e+00 (0.000e+00)  AnchorRefAttnKL: 0.000e+00 (0.000e+00)  TeacherAttnKL: 0.000e+00 (0.000e+00)  TeacherRel: 0.000e+00 (0.000e+00)  TeacherAttnOut: 0.000e+00 (0.000e+00)  TeacherFeatOut: 0.000e+00 (0.000e+00)  ActScaleAnchor: 0.000e+00 (0.000e+00)  VarTrust: 0.000e+00 (0.000e+00)  DirAnchor: 0.000e+00 (0.000e+00)  BinReg: 0.000e+00 (0.000e+00)  SelBinAnchor: 0.000e+00 (0.000e+00)  ActBinMargin: 0.000e+00 (0.000e+00)  Time: 0.225s, 2274.74/s  (0.223s, 2291.46/s)  LR: 1.209e-05  RefW: 0.000e+00  AnchorRefW: 0.000e+00  Data: 0.005 (0.007)
Train: 10 [2250/2502 ( 90%)]  Loss: 51.393021 (51.4059)  BaseLoss: 51.393021 (51.4059)  RefAttnKL: 0.000e+00 (0.000e+00)  RefLogitKL: 0.000e+00 (0.000e+00)  AnchorRefAttnKL: 0.000e+00 (0.000e+00)  TeacherAttnKL: 0.000e+00 (0.000e+00)  TeacherRel: 0.000e+00 (0.000e+00)  TeacherAttnOut: 0.000e+00 (0.000e+00)  TeacherFeatOut: 0.000e+00 (0.000e+00)  ActScaleAnchor: 0.000e+00 (0.000e+00)  VarTrust: 0.000e+00 (0.000e+00)  DirAnchor: 0.000e+00 (0.000e+00)  BinReg: 0.000e+00 (0.000e+00)  SelBinAnchor: 0.000e+00 (0.000e+00)  ActBinMargin: 0.000e+00 (0.000e+00)  Time: 0.224s, 2284.75/s  (0.223s, 2291.66/s)  LR: 1.208e-05  RefW: 0.000e+00  AnchorRefW: 0.000e+00  Data: 0.008 (0.007)
Train: 10 [2300/2502 ( 92%)]  Loss: 51.419487 (51.4062)  BaseLoss: 51.419487 (51.4062)  RefAttnKL: 0.000e+00 (0.000e+00)  RefLogitKL: 0.000e+00 (0.000e+00)  AnchorRefAttnKL: 0.000e+00 (0.000e+00)  TeacherAttnKL: 0.000e+00 (0.000e+00)  TeacherRel: 0.000e+00 (0.000e+00)  TeacherAttnOut: 0.000e+00 (0.000e+00)  TeacherFeatOut: 0.000e+00 (0.000e+00)  ActScaleAnchor: 0.000e+00 (0.000e+00)  VarTrust: 0.000e+00 (0.000e+00)  DirAnchor: 0.000e+00 (0.000e+00)  BinReg: 0.000e+00 (0.000e+00)  SelBinAnchor: 0.000e+00 (0.000e+00)  ActBinMargin: 0.000e+00 (0.000e+00)  Time: 0.223s, 2291.44/s  (0.223s, 2291.76/s)  LR: 1.207e-05  RefW: 0.000e+00  AnchorRefW: 0.000e+00  Data: 0.007 (0.007)
Train: 10 [2350/2502 ( 94%)]  Loss: 51.426216 (51.4066)  BaseLoss: 51.426216 (51.4066)  RefAttnKL: 0.000e+00 (0.000e+00)  RefLogitKL: 0.000e+00 (0.000e+00)  AnchorRefAttnKL: 0.000e+00 (0.000e+00)  TeacherAttnKL: 0.000e+00 (0.000e+00)  TeacherRel: 0.000e+00 (0.000e+00)  TeacherAttnOut: 0.000e+00 (0.000e+00)  TeacherFeatOut: 0.000e+00 (0.000e+00)  ActScaleAnchor: 0.000e+00 (0.000e+00)  VarTrust: 0.000e+00 (0.000e+00)  DirAnchor: 0.000e+00 (0.000e+00)  BinReg: 0.000e+00 (0.000e+00)  SelBinAnchor: 0.000e+00 (0.000e+00)  ActBinMargin: 0.000e+00 (0.000e+00)  Time: 0.223s, 2294.29/s  (0.223s, 2291.78/s)  LR: 1.206e-05  RefW: 0.000e+00  AnchorRefW: 0.000e+00  Data: 0.006 (0.007)
Train: 10 [2400/2502 ( 96%)]  Loss: 51.413162 (51.4068)  BaseLoss: 51.413162 (51.4068)  RefAttnKL: 0.000e+00 (0.000e+00)  RefLogitKL: 0.000e+00 (0.000e+00)  AnchorRefAttnKL: 0.000e+00 (0.000e+00)  TeacherAttnKL: 0.000e+00 (0.000e+00)  TeacherRel: 0.000e+00 (0.000e+00)  TeacherAttnOut: 0.000e+00 (0.000e+00)  TeacherFeatOut: 0.000e+00 (0.000e+00)  ActScaleAnchor: 0.000e+00 (0.000e+00)  VarTrust: 0.000e+00 (0.000e+00)  DirAnchor: 0.000e+00 (0.000e+00)  BinReg: 0.000e+00 (0.000e+00)  SelBinAnchor: 0.000e+00 (0.000e+00)  ActBinMargin: 0.000e+00 (0.000e+00)  Time: 0.221s, 2314.07/s  (0.223s, 2291.88/s)  LR: 1.205e-05  RefW: 0.000e+00  AnchorRefW: 0.000e+00  Data: 0.005 (0.007)
Train: 10 [2450/2502 ( 98%)]  Loss: 51.419205 (51.4070)  BaseLoss: 51.419205 (51.4070)  RefAttnKL: 0.000e+00 (0.000e+00)  RefLogitKL: 0.000e+00 (0.000e+00)  AnchorRefAttnKL: 0.000e+00 (0.000e+00)  TeacherAttnKL: 0.000e+00 (0.000e+00)  TeacherRel: 0.000e+00 (0.000e+00)  TeacherAttnOut: 0.000e+00 (0.000e+00)  TeacherFeatOut: 0.000e+00 (0.000e+00)  ActScaleAnchor: 0.000e+00 (0.000e+00)  VarTrust: 0.000e+00 (0.000e+00)  DirAnchor: 0.000e+00 (0.000e+00)  BinReg: 0.000e+00 (0.000e+00)  SelBinAnchor: 0.000e+00 (0.000e+00)  ActBinMargin: 0.000e+00 (0.000e+00)  Time: 0.223s, 2295.80/s  (0.223s, 2292.06/s)  LR: 1.204e-05  RefW: 0.000e+00  AnchorRefW: 0.000e+00  Data: 0.007 (0.007)
TrainSummary: epoch=10 updates=2496 avg_step_time=0.223361s samples_per_step=512 samples_per_sec=2292.25
epoch:  10 g['lr']:  1.2034830302000045e-05
/usr/local/lib/python3.11/dist-packages/torch/distributed/distributed_c10d.py:4876: UserWarning: barrier(): using the device under current context. You can specify `device_id` in `init_process_group` to mute this warning.
  warnings.warn(  # warn only once
model eval
/usr/local/lib/python3.11/dist-packages/requests/__init__.py:113: RequestsDependencyWarning: urllib3 (1.26.20) or chardet (7.4.3)/charset_normalizer (3.4.4) doesn't match a supported version!
  warnings.warn(
/usr/local/lib/python3.11/dist-packages/requests/__init__.py:113: RequestsDependencyWarning: urllib3 (1.26.20) or chardet (7.4.3)/charset_normalizer (3.4.4) doesn't match a supported version!
  warnings.warn(
/usr/local/lib/python3.11/dist-packages/requests/__init__.py:113: RequestsDependencyWarning: urllib3 (1.26.20) or chardet (7.4.3)/charset_normalizer (3.4.4) doesn't match a supported version!
  warnings.warn(
/usr/local/lib/python3.11/dist-packages/requests/__init__.py:113: RequestsDependencyWarning: urllib3 (1.26.20) or chardet (7.4.3)/charset_normalizer (3.4.4) doesn't match a supported version!
  warnings.warn(
/usr/local/lib/python3.11/dist-packages/requests/__init__.py:113: RequestsDependencyWarning: urllib3 (1.26.20) or chardet (7.4.3)/charset_normalizer (3.4.4) doesn't match a supported version!
  warnings.warn(
/usr/local/lib/python3.11/dist-packages/requests/__init__.py:113: RequestsDependencyWarning: urllib3 (1.26.20) or chardet (7.4.3)/charset_normalizer (3.4.4) doesn't match a supported version!
  warnings.warn(
/usr/local/lib/python3.11/dist-packages/requests/__init__.py:113: RequestsDependencyWarning: urllib3 (1.26.20) or chardet (7.4.3)/charset_normalizer (3.4.4) doesn't match a supported version!
  warnings.warn(
/usr/local/lib/python3.11/dist-packages/requests/__init__.py:113: RequestsDependencyWarning: urllib3 (1.26.20) or chardet (7.4.3)/charset_normalizer (3.4.4) doesn't match a supported version!
  warnings.warn(
/usr/local/lib/python3.11/dist-packages/requests/__init__.py:113: RequestsDependencyWarning: urllib3 (1.26.20) or chardet (7.4.3)/charset_normalizer (3.4.4) doesn't match a supported version!
  warnings.warn(
/usr/local/lib/python3.11/dist-packages/requests/__init__.py:113: RequestsDependencyWarning: urllib3 (1.26.20) or chardet (7.4.3)/charset_normalizer (3.4.4) doesn't match a supported version!
  warnings.warn(
/usr/local/lib/python3.11/dist-packages/requests/__init__.py:113: RequestsDependencyWarning: urllib3 (1.26.20) or chardet (7.4.3)/charset_normalizer (3.4.4) doesn't match a supported version!
  warnings.warn(
/usr/local/lib/python3.11/dist-packages/requests/__init__.py:113: RequestsDependencyWarning: urllib3 (1.26.20) or chardet (7.4.3)/charset_normalizer (3.4.4) doesn't match a supported version!
  warnings.warn(
/usr/local/lib/python3.11/dist-packages/requests/__init__.py:113: RequestsDependencyWarning: urllib3 (1.26.20) or chardet (7.4.3)/charset_normalizer (3.4.4) doesn't match a supported version!
  warnings.warn(
/usr/local/lib/python3.11/dist-packages/requests/__init__.py:113: RequestsDependencyWarning: urllib3 (1.26.20) or chardet (7.4.3)/charset_normalizer (3.4.4) doesn't match a supported version!
  warnings.warn(
/usr/local/lib/python3.11/dist-packages/requests/__init__.py:113: RequestsDependencyWarning: urllib3 (1.26.20) or chardet (7.4.3)/charset_normalizer (3.4.4) doesn't match a supported version!
  warnings.warn(
/usr/local/lib/python3.11/dist-packages/requests/__init__.py:113: RequestsDependencyWarning: urllib3 (1.26.20) or chardet (7.4.3)/charset_normalizer (3.4.4) doesn't match a supported version!
  warnings.warn(
/usr/local/lib/python3.11/dist-packages/requests/__init__.py:113: RequestsDependencyWarning: urllib3 (1.26.20) or chardet (7.4.3)/charset_normalizer (3.4.4) doesn't match a supported version!
  warnings.warn(
/usr/local/lib/python3.11/dist-packages/requests/__init__.py:113: RequestsDependencyWarning: urllib3 (1.26.20) or chardet (7.4.3)/charset_normalizer (3.4.4) doesn't match a supported version!
  warnings.warn(
/usr/local/lib/python3.11/dist-packages/requests/__init__.py:113: RequestsDependencyWarning: urllib3 (1.26.20) or chardet (7.4.3)/charset_normalizer (3.4.4) doesn't match a supported version!
  warnings.warn(
/usr/local/lib/python3.11/dist-packages/requests/__init__.py:113: RequestsDependencyWarning: urllib3 (1.26.20) or chardet (7.4.3)/charset_normalizer (3.4.4) doesn't match a supported version!
  warnings.warn(
/usr/local/lib/python3.11/dist-packages/requests/__init__.py:113: RequestsDependencyWarning: urllib3 (1.26.20) or chardet (7.4.3)/charset_normalizer (3.4.4) doesn't match a supported version!
  warnings.warn(
/usr/local/lib/python3.11/dist-packages/requests/__init__.py:113: RequestsDependencyWarning: urllib3 (1.26.20) or chardet (7.4.3)/charset_normalizer (3.4.4) doesn't match a supported version!
  warnings.warn(
/usr/local/lib/python3.11/dist-packages/requests/__init__.py:113: RequestsDependencyWarning: urllib3 (1.26.20) or chardet (7.4.3)/charset_normalizer (3.4.4) doesn't match a supported version!
  warnings.warn(
/usr/local/lib/python3.11/dist-packages/requests/__init__.py:113: RequestsDependencyWarning: urllib3 (1.26.20) or chardet (7.4.3)/charset_normalizer (3.4.4) doesn't match a supported version!
  warnings.warn(
/usr/local/lib/python3.11/dist-packages/requests/__init__.py:113: RequestsDependencyWarning: urllib3 (1.26.20) or chardet (7.4.3)/charset_normalizer (3.4.4) doesn't match a supported version!
  warnings.warn(
/usr/local/lib/python3.11/dist-packages/requests/__init__.py:113: RequestsDependencyWarning: urllib3 (1.26.20) or chardet (7.4.3)/charset_normalizer (3.4.4) doesn't match a supported version!
  warnings.warn(
/usr/local/lib/python3.11/dist-packages/requests/__init__.py:113: RequestsDependencyWarning: urllib3 (1.26.20) or chardet (7.4.3)/charset_normalizer (3.4.4) doesn't match a supported version!
  warnings.warn(
/usr/local/lib/python3.11/dist-packages/requests/__init__.py:113: RequestsDependencyWarning: urllib3 (1.26.20) or chardet (7.4.3)/charset_normalizer (3.4.4) doesn't match a supported version!
  warnings.warn(
/usr/local/lib/python3.11/dist-packages/requests/__init__.py:113: RequestsDependencyWarning: urllib3 (1.26.20) or chardet (7.4.3)/charset_normalizer (3.4.4) doesn't match a supported version!
  warnings.warn(
/usr/local/lib/python3.11/dist-packages/requests/__init__.py:113: RequestsDependencyWarning: urllib3 (1.26.20) or chardet (7.4.3)/charset_normalizer (3.4.4) doesn't match a supported version!
  warnings.warn(
/usr/local/lib/python3.11/dist-packages/requests/__init__.py:113: RequestsDependencyWarning: urllib3 (1.26.20) or chardet (7.4.3)/charset_normalizer (3.4.4) doesn't match a supported version!
  warnings.warn(
/usr/local/lib/python3.11/dist-packages/requests/__init__.py:113: RequestsDependencyWarning: urllib3 (1.26.20) or chardet (7.4.3)/charset_normalizer (3.4.4) doesn't match a supported version!
  warnings.warn(
/usr/local/lib/python3.11/dist-packages/requests/__init__.py:113: RequestsDependencyWarning: urllib3 (1.26.20) or chardet (7.4.3)/charset_normalizer (3.4.4) doesn't match a supported version!
  warnings.warn(
/usr/local/lib/python3.11/dist-packages/requests/__init__.py:113: RequestsDependencyWarning: urllib3 (1.26.20) or chardet (7.4.3)/charset_normalizer (3.4.4) doesn't match a supported version!
  warnings.warn(
/usr/local/lib/python3.11/dist-packages/requests/__init__.py:113: RequestsDependencyWarning: urllib3 (1.26.20) or chardet (7.4.3)/charset_normalizer (3.4.4) doesn't match a supported version!
  warnings.warn(
/usr/local/lib/python3.11/dist-packages/requests/__init__.py:113: RequestsDependencyWarning: urllib3 (1.26.20) or chardet (7.4.3)/charset_normalizer (3.4.4) doesn't match a supported version!
  warnings.warn(
/usr/local/lib/python3.11/dist-packages/requests/__init__.py:113: RequestsDependencyWarning: urllib3 (1.26.20) or chardet (7.4.3)/charset_normalizer (3.4.4) doesn't match a supported version!
  warnings.warn(
/usr/local/lib/python3.11/dist-packages/requests/__init__.py:113: RequestsDependencyWarning: urllib3 (1.26.20) or chardet (7.4.3)/charset_normalizer (3.4.4) doesn't match a supported version!
  warnings.warn(
/usr/local/lib/python3.11/dist-packages/requests/__init__.py:113: RequestsDependencyWarning: urllib3 (1.26.20) or chardet (7.4.3)/charset_normalizer (3.4.4) doesn't match a supported version!
  warnings.warn(
/usr/local/lib/python3.11/dist-packages/requests/__init__.py:113: RequestsDependencyWarning: urllib3 (1.26.20) or chardet (7.4.3)/charset_normalizer (3.4.4) doesn't match a supported version!
  warnings.warn(
/usr/local/lib/python3.11/dist-packages/requests/__init__.py:113: RequestsDependencyWarning: urllib3 (1.26.20) or chardet (7.4.3)/charset_normalizer (3.4.4) doesn't match a supported version!
  warnings.warn(
/usr/local/lib/python3.11/dist-packages/requests/__init__.py:113: RequestsDependencyWarning: urllib3 (1.26.20) or chardet (7.4.3)/charset_normalizer (3.4.4) doesn't match a supported version!
  warnings.warn(
/usr/local/lib/python3.11/dist-packages/requests/__init__.py:113: RequestsDependencyWarning: urllib3 (1.26.20) or chardet (7.4.3)/charset_normalizer (3.4.4) doesn't match a supported version!
  warnings.warn(
/usr/local/lib/python3.11/dist-packages/requests/__init__.py:113: RequestsDependencyWarning: urllib3 (1.26.20) or chardet (7.4.3)/charset_normalizer (3.4.4) doesn't match a supported version!
  warnings.warn(
/usr/local/lib/python3.11/dist-packages/requests/__init__.py:113: RequestsDependencyWarning: urllib3 (1.26.20) or chardet (7.4.3)/charset_normalizer (3.4.4) doesn't match a supported version!
  warnings.warn(
/usr/local/lib/python3.11/dist-packages/requests/__init__.py:113: RequestsDependencyWarning: urllib3 (1.26.20) or chardet (7.4.3)/charset_normalizer (3.4.4) doesn't match a supported version!
  warnings.warn(
/usr/local/lib/python3.11/dist-packages/requests/__init__.py:113: RequestsDependencyWarning: urllib3 (1.26.20) or chardet (7.4.3)/charset_normalizer (3.4.4) doesn't match a supported version!
  warnings.warn(
/usr/local/lib/python3.11/dist-packages/requests/__init__.py:113: RequestsDependencyWarning: urllib3 (1.26.20) or chardet (7.4.3)/charset_normalizer (3.4.4) doesn't match a supported version!
  warnings.warn(
/usr/local/lib/python3.11/dist-packages/requests/__init__.py:113: RequestsDependencyWarning: urllib3 (1.26.20) or chardet (7.4.3)/charset_normalizer (3.4.4) doesn't match a supported version!
  warnings.warn(
/usr/local/lib/python3.11/dist-packages/requests/__init__.py:113: RequestsDependencyWarning: urllib3 (1.26.20) or chardet (7.4.3)/charset_normalizer (3.4.4) doesn't match a supported version!
  warnings.warn(
/usr/local/lib/python3.11/dist-packages/requests/__init__.py:113: RequestsDependencyWarning: urllib3 (1.26.20) or chardet (7.4.3)/charset_normalizer (3.4.4) doesn't match a supported version!
  warnings.warn(
/usr/local/lib/python3.11/dist-packages/requests/__init__.py:113: RequestsDependencyWarning: urllib3 (1.26.20) or chardet (7.4.3)/charset_normalizer (3.4.4) doesn't match a supported version!
  warnings.warn(
/usr/local/lib/python3.11/dist-packages/requests/__init__.py:113: RequestsDependencyWarning: urllib3 (1.26.20) or chardet (7.4.3)/charset_normalizer (3.4.4) doesn't match a supported version!
  warnings.warn(
/usr/local/lib/python3.11/dist-packages/requests/__init__.py:113: RequestsDependencyWarning: urllib3 (1.26.20) or chardet (7.4.3)/charset_normalizer (3.4.4) doesn't match a supported version!
  warnings.warn(
/usr/local/lib/python3.11/dist-packages/requests/__init__.py:113: RequestsDependencyWarning: urllib3 (1.26.20) or chardet (7.4.3)/charset_normalizer (3.4.4) doesn't match a supported version!
  warnings.warn(
/usr/local/lib/python3.11/dist-packages/requests/__init__.py:113: RequestsDependencyWarning: urllib3 (1.26.20) or chardet (7.4.3)/charset_normalizer (3.4.4) doesn't match a supported version!
  warnings.warn(
/usr/local/lib/python3.11/dist-packages/requests/__init__.py:113: RequestsDependencyWarning: urllib3 (1.26.20) or chardet (7.4.3)/charset_normalizer (3.4.4) doesn't match a supported version!
  warnings.warn(
/usr/local/lib/python3.11/dist-packages/requests/__init__.py:113: RequestsDependencyWarning: urllib3 (1.26.20) or chardet (7.4.3)/charset_normalizer (3.4.4) doesn't match a supported version!
  warnings.warn(
/usr/local/lib/python3.11/dist-packages/requests/__init__.py:113: RequestsDependencyWarning: urllib3 (1.26.20) or chardet (7.4.3)/charset_normalizer (3.4.4) doesn't match a supported version!
  warnings.warn(
/usr/local/lib/python3.11/dist-packages/requests/__init__.py:113: RequestsDependencyWarning: urllib3 (1.26.20) or chardet (7.4.3)/charset_normalizer (3.4.4) doesn't match a supported version!
  warnings.warn(
/usr/local/lib/python3.11/dist-packages/requests/__init__.py:113: RequestsDependencyWarning: urllib3 (1.26.20) or chardet (7.4.3)/charset_normalizer (3.4.4) doesn't match a supported version!
  warnings.warn(
/usr/local/lib/python3.11/dist-packages/requests/__init__.py:113: RequestsDependencyWarning: urllib3 (1.26.20) or chardet (7.4.3)/charset_normalizer (3.4.4) doesn't match a supported version!
  warnings.warn(
/usr/local/lib/python3.11/dist-packages/requests/__init__.py:113: RequestsDependencyWarning: urllib3 (1.26.20) or chardet (7.4.3)/charset_normalizer (3.4.4) doesn't match a supported version!
  warnings.warn(
/usr/local/lib/python3.11/dist-packages/requests/__init__.py:113: RequestsDependencyWarning: urllib3 (1.26.20) or chardet (7.4.3)/charset_normalizer (3.4.4) doesn't match a supported version!
  warnings.warn(
/usr/local/lib/python3.11/dist-packages/wandb/apis/public.py:3075: UserWarning: pkg_resources is deprecated as an API. See https://setuptools.pypa.io/en/latest/pkg_resources.html. The pkg_resources package is slated for removal as early as 2025-11-30. Refrain from using this package or pin to Setuptools<81.
  from pkg_resources import parse_version
/usr/local/lib/python3.11/dist-packages/wandb/apis/public.py:3075: UserWarning: pkg_resources is deprecated as an API. See https://setuptools.pypa.io/en/latest/pkg_resources.html. The pkg_resources package is slated for removal as early as 2025-11-30. Refrain from using this package or pin to Setuptools<81.
  from pkg_resources import parse_version
/usr/local/lib/python3.11/dist-packages/wandb/apis/public.py:3075: UserWarning: pkg_resources is deprecated as an API. See https://setuptools.pypa.io/en/latest/pkg_resources.html. The pkg_resources package is slated for removal as early as 2025-11-30. Refrain from using this package or pin to Setuptools<81.
  from pkg_resources import parse_version
/usr/local/lib/python3.11/dist-packages/wandb/apis/public.py:3075: UserWarning: pkg_resources is deprecated as an API. See https://setuptools.pypa.io/en/latest/pkg_resources.html. The pkg_resources package is slated for removal as early as 2025-11-30. Refrain from using this package or pin to Setuptools<81.
  from pkg_resources import parse_version
/usr/local/lib/python3.11/dist-packages/wandb/apis/public.py:3075: UserWarning: pkg_resources is deprecated as an API. See https://setuptools.pypa.io/en/latest/pkg_resources.html. The pkg_resources package is slated for removal as early as 2025-11-30. Refrain from using this package or pin to Setuptools<81.
  from pkg_resources import parse_version
/usr/local/lib/python3.11/dist-packages/wandb/apis/public.py:3075: UserWarning: pkg_resources is deprecated as an API. See https://setuptools.pypa.io/en/latest/pkg_resources.html. The pkg_resources package is slated for removal as early as 2025-11-30. Refrain from using this package or pin to Setuptools<81.
  from pkg_resources import parse_version
/usr/local/lib/python3.11/dist-packages/wandb/apis/public.py:3075: UserWarning: pkg_resources is deprecated as an API. See https://setuptools.pypa.io/en/latest/pkg_resources.html. The pkg_resources package is slated for removal as early as 2025-11-30. Refrain from using this package or pin to Setuptools<81.
  from pkg_resources import parse_version
/usr/local/lib/python3.11/dist-packages/wandb/apis/public.py:3075: UserWarning: pkg_resources is deprecated as an API. See https://setuptools.pypa.io/en/latest/pkg_resources.html. The pkg_resources package is slated for removal as early as 2025-11-30. Refrain from using this package or pin to Setuptools<81.
  from pkg_resources import parse_version
/usr/local/lib/python3.11/dist-packages/wandb/apis/public.py:3075: UserWarning: pkg_resources is deprecated as an API. See https://setuptools.pypa.io/en/latest/pkg_resources.html. The pkg_resources package is slated for removal as early as 2025-11-30. Refrain from using this package or pin to Setuptools<81.
  from pkg_resources import parse_version
/usr/local/lib/python3.11/dist-packages/wandb/apis/public.py:3075: UserWarning: pkg_resources is deprecated as an API. See https://setuptools.pypa.io/en/latest/pkg_resources.html. The pkg_resources package is slated for removal as early as 2025-11-30. Refrain from using this package or pin to Setuptools<81.
  from pkg_resources import parse_version
/usr/local/lib/python3.11/dist-packages/wandb/apis/public.py:3075: UserWarning: pkg_resources is deprecated as an API. See https://setuptools.pypa.io/en/latest/pkg_resources.html. The pkg_resources package is slated for removal as early as 2025-11-30. Refrain from using this package or pin to Setuptools<81.
  from pkg_resources import parse_version
/usr/local/lib/python3.11/dist-packages/wandb/apis/public.py:3075: UserWarning: pkg_resources is deprecated as an API. See https://setuptools.pypa.io/en/latest/pkg_resources.html. The pkg_resources package is slated for removal as early as 2025-11-30. Refrain from using this package or pin to Setuptools<81.
  from pkg_resources import parse_version
/usr/local/lib/python3.11/dist-packages/wandb/apis/public.py:3075: UserWarning: pkg_resources is deprecated as an API. See https://setuptools.pypa.io/en/latest/pkg_resources.html. The pkg_resources package is slated for removal as early as 2025-11-30. Refrain from using this package or pin to Setuptools<81.
  from pkg_resources import parse_version
/usr/local/lib/python3.11/dist-packages/wandb/apis/public.py:3075: UserWarning: pkg_resources is deprecated as an API. See https://setuptools.pypa.io/en/latest/pkg_resources.html. The pkg_resources package is slated for removal as early as 2025-11-30. Refrain from using this package or pin to Setuptools<81.
  from pkg_resources import parse_version
/usr/local/lib/python3.11/dist-packages/wandb/apis/public.py:3075: UserWarning: pkg_resources is deprecated as an API. See https://setuptools.pypa.io/en/latest/pkg_resources.html. The pkg_resources package is slated for removal as early as 2025-11-30. Refrain from using this package or pin to Setuptools<81.
  from pkg_resources import parse_version
/usr/local/lib/python3.11/dist-packages/wandb/apis/public.py:3075: UserWarning: pkg_resources is deprecated as an API. See https://setuptools.pypa.io/en/latest/pkg_resources.html. The pkg_resources package is slated for removal as early as 2025-11-30. Refrain from using this package or pin to Setuptools<81.
  from pkg_resources import parse_version
/usr/local/lib/python3.11/dist-packages/wandb/apis/public.py:3075: UserWarning: pkg_resources is deprecated as an API. See https://setuptools.pypa.io/en/latest/pkg_resources.html. The pkg_resources package is slated for removal as early as 2025-11-30. Refrain from using this package or pin to Setuptools<81.
  from pkg_resources import parse_version
/usr/local/lib/python3.11/dist-packages/wandb/apis/public.py:3075: UserWarning: pkg_resources is deprecated as an API. See https://setuptools.pypa.io/en/latest/pkg_resources.html. The pkg_resources package is slated for removal as early as 2025-11-30. Refrain from using this package or pin to Setuptools<81.
  from pkg_resources import parse_version
/usr/local/lib/python3.11/dist-packages/wandb/apis/public.py:3075: UserWarning: pkg_resources is deprecated as an API. See https://setuptools.pypa.io/en/latest/pkg_resources.html. The pkg_resources package is slated for removal as early as 2025-11-30. Refrain from using this package or pin to Setuptools<81.
  from pkg_resources import parse_version
/usr/local/lib/python3.11/dist-packages/wandb/apis/public.py:3075: UserWarning: pkg_resources is deprecated as an API. See https://setuptools.pypa.io/en/latest/pkg_resources.html. The pkg_resources package is slated for removal as early as 2025-11-30. Refrain from using this package or pin to Setuptools<81.
  from pkg_resources import parse_version
/usr/local/lib/python3.11/dist-packages/wandb/apis/public.py:3075: UserWarning: pkg_resources is deprecated as an API. See https://setuptools.pypa.io/en/latest/pkg_resources.html. The pkg_resources package is slated for removal as early as 2025-11-30. Refrain from using this package or pin to Setuptools<81.
  from pkg_resources import parse_version
/usr/local/lib/python3.11/dist-packages/wandb/apis/public.py:3075: UserWarning: pkg_resources is deprecated as an API. See https://setuptools.pypa.io/en/latest/pkg_resources.html. The pkg_resources package is slated for removal as early as 2025-11-30. Refrain from using this package or pin to Setuptools<81.
  from pkg_resources import parse_version
/usr/local/lib/python3.11/dist-packages/wandb/apis/public.py:3075: UserWarning: pkg_resources is deprecated as an API. See https://setuptools.pypa.io/en/latest/pkg_resources.html. The pkg_resources package is slated for removal as early as 2025-11-30. Refrain from using this package or pin to Setuptools<81.
  from pkg_resources import parse_version
/usr/local/lib/python3.11/dist-packages/wandb/apis/public.py:3075: UserWarning: pkg_resources is deprecated as an API. See https://setuptools.pypa.io/en/latest/pkg_resources.html. The pkg_resources package is slated for removal as early as 2025-11-30. Refrain from using this package or pin to Setuptools<81.
  from pkg_resources import parse_version
/usr/local/lib/python3.11/dist-packages/wandb/apis/public.py:3075: UserWarning: pkg_resources is deprecated as an API. See https://setuptools.pypa.io/en/latest/pkg_resources.html. The pkg_resources package is slated for removal as early as 2025-11-30. Refrain from using this package or pin to Setuptools<81.
  from pkg_resources import parse_version
/usr/local/lib/python3.11/dist-packages/wandb/apis/public.py:3075: UserWarning: pkg_resources is deprecated as an API. See https://setuptools.pypa.io/en/latest/pkg_resources.html. The pkg_resources package is slated for removal as early as 2025-11-30. Refrain from using this package or pin to Setuptools<81.
  from pkg_resources import parse_version
/usr/local/lib/python3.11/dist-packages/wandb/apis/public.py:3075: UserWarning: pkg_resources is deprecated as an API. See https://setuptools.pypa.io/en/latest/pkg_resources.html. The pkg_resources package is slated for removal as early as 2025-11-30. Refrain from using this package or pin to Setuptools<81.
  from pkg_resources import parse_version
/usr/local/lib/python3.11/dist-packages/wandb/apis/public.py:3075: UserWarning: pkg_resources is deprecated as an API. See https://setuptools.pypa.io/en/latest/pkg_resources.html. The pkg_resources package is slated for removal as early as 2025-11-30. Refrain from using this package or pin to Setuptools<81.
  from pkg_resources import parse_version
/usr/local/lib/python3.11/dist-packages/wandb/apis/public.py:3075: UserWarning: pkg_resources is deprecated as an API. See https://setuptools.pypa.io/en/latest/pkg_resources.html. The pkg_resources package is slated for removal as early as 2025-11-30. Refrain from using this package or pin to Setuptools<81.
  from pkg_resources import parse_version
/usr/local/lib/python3.11/dist-packages/wandb/apis/public.py:3075: UserWarning: pkg_resources is deprecated as an API. See https://setuptools.pypa.io/en/latest/pkg_resources.html. The pkg_resources package is slated for removal as early as 2025-11-30. Refrain from using this package or pin to Setuptools<81.
  from pkg_resources import parse_version
/usr/local/lib/python3.11/dist-packages/wandb/apis/public.py:3075: UserWarning: pkg_resources is deprecated as an API. See https://setuptools.pypa.io/en/latest/pkg_resources.html. The pkg_resources package is slated for removal as early as 2025-11-30. Refrain from using this package or pin to Setuptools<81.
  from pkg_resources import parse_version
/usr/local/lib/python3.11/dist-packages/wandb/apis/public.py:3075: UserWarning: pkg_resources is deprecated as an API. See https://setuptools.pypa.io/en/latest/pkg_resources.html. The pkg_resources package is slated for removal as early as 2025-11-30. Refrain from using this package or pin to Setuptools<81.
  from pkg_resources import parse_version
/usr/local/lib/python3.11/dist-packages/wandb/apis/public.py:3075: UserWarning: pkg_resources is deprecated as an API. See https://setuptools.pypa.io/en/latest/pkg_resources.html. The pkg_resources package is slated for removal as early as 2025-11-30. Refrain from using this package or pin to Setuptools<81.
  from pkg_resources import parse_version
/usr/local/lib/python3.11/dist-packages/wandb/apis/public.py:3075: UserWarning: pkg_resources is deprecated as an API. See https://setuptools.pypa.io/en/latest/pkg_resources.html. The pkg_resources package is slated for removal as early as 2025-11-30. Refrain from using this package or pin to Setuptools<81.
  from pkg_resources import parse_version
/usr/local/lib/python3.11/dist-packages/wandb/apis/public.py:3075: UserWarning: pkg_resources is deprecated as an API. See https://setuptools.pypa.io/en/latest/pkg_resources.html. The pkg_resources package is slated for removal as early as 2025-11-30. Refrain from using this package or pin to Setuptools<81.
  from pkg_resources import parse_version
/usr/local/lib/python3.11/dist-packages/wandb/apis/public.py:3075: UserWarning: pkg_resources is deprecated as an API. See https://setuptools.pypa.io/en/latest/pkg_resources.html. The pkg_resources package is slated for removal as early as 2025-11-30. Refrain from using this package or pin to Setuptools<81.
  from pkg_resources import parse_version
/usr/local/lib/python3.11/dist-packages/wandb/apis/public.py:3075: UserWarning: pkg_resources is deprecated as an API. See https://setuptools.pypa.io/en/latest/pkg_resources.html. The pkg_resources package is slated for removal as early as 2025-11-30. Refrain from using this package or pin to Setuptools<81.
  from pkg_resources import parse_version
/usr/local/lib/python3.11/dist-packages/wandb/apis/public.py:3075: UserWarning: pkg_resources is deprecated as an API. See https://setuptools.pypa.io/en/latest/pkg_resources.html. The pkg_resources package is slated for removal as early as 2025-11-30. Refrain from using this package or pin to Setuptools<81.
  from pkg_resources import parse_version
/usr/local/lib/python3.11/dist-packages/wandb/apis/public.py:3075: UserWarning: pkg_resources is deprecated as an API. See https://setuptools.pypa.io/en/latest/pkg_resources.html. The pkg_resources package is slated for removal as early as 2025-11-30. Refrain from using this package or pin to Setuptools<81.
  from pkg_resources import parse_version
/usr/local/lib/python3.11/dist-packages/wandb/apis/public.py:3075: UserWarning: pkg_resources is deprecated as an API. See https://setuptools.pypa.io/en/latest/pkg_resources.html. The pkg_resources package is slated for removal as early as 2025-11-30. Refrain from using this package or pin to Setuptools<81.
  from pkg_resources import parse_version
/usr/local/lib/python3.11/dist-packages/wandb/apis/public.py:3075: UserWarning: pkg_resources is deprecated as an API. See https://setuptools.pypa.io/en/latest/pkg_resources.html. The pkg_resources package is slated for removal as early as 2025-11-30. Refrain from using this package or pin to Setuptools<81.
  from pkg_resources import parse_version
/usr/local/lib/python3.11/dist-packages/wandb/apis/public.py:3075: UserWarning: pkg_resources is deprecated as an API. See https://setuptools.pypa.io/en/latest/pkg_resources.html. The pkg_resources package is slated for removal as early as 2025-11-30. Refrain from using this package or pin to Setuptools<81.
  from pkg_resources import parse_version
/usr/local/lib/python3.11/dist-packages/wandb/apis/public.py:3075: UserWarning: pkg_resources is deprecated as an API. See https://setuptools.pypa.io/en/latest/pkg_resources.html. The pkg_resources package is slated for removal as early as 2025-11-30. Refrain from using this package or pin to Setuptools<81.
  from pkg_resources import parse_version
/usr/local/lib/python3.11/dist-packages/wandb/apis/public.py:3075: UserWarning: pkg_resources is deprecated as an API. See https://setuptools.pypa.io/en/latest/pkg_resources.html. The pkg_resources package is slated for removal as early as 2025-11-30. Refrain from using this package or pin to Setuptools<81.
  from pkg_resources import parse_version
/usr/local/lib/python3.11/dist-packages/wandb/apis/public.py:3075: UserWarning: pkg_resources is deprecated as an API. See https://setuptools.pypa.io/en/latest/pkg_resources.html. The pkg_resources package is slated for removal as early as 2025-11-30. Refrain from using this package or pin to Setuptools<81.
  from pkg_resources import parse_version
/usr/local/lib/python3.11/dist-packages/wandb/apis/public.py:3075: UserWarning: pkg_resources is deprecated as an API. See https://setuptools.pypa.io/en/latest/pkg_resources.html. The pkg_resources package is slated for removal as early as 2025-11-30. Refrain from using this package or pin to Setuptools<81.
  from pkg_resources import parse_version
/usr/local/lib/python3.11/dist-packages/wandb/apis/public.py:3075: UserWarning: pkg_resources is deprecated as an API. See https://setuptools.pypa.io/en/latest/pkg_resources.html. The pkg_resources package is slated for removal as early as 2025-11-30. Refrain from using this package or pin to Setuptools<81.
  from pkg_resources import parse_version
/usr/local/lib/python3.11/dist-packages/wandb/apis/public.py:3075: UserWarning: pkg_resources is deprecated as an API. See https://setuptools.pypa.io/en/latest/pkg_resources.html. The pkg_resources package is slated for removal as early as 2025-11-30. Refrain from using this package or pin to Setuptools<81.
  from pkg_resources import parse_version
/usr/local/lib/python3.11/dist-packages/wandb/apis/public.py:3075: UserWarning: pkg_resources is deprecated as an API. See https://setuptools.pypa.io/en/latest/pkg_resources.html. The pkg_resources package is slated for removal as early as 2025-11-30. Refrain from using this package or pin to Setuptools<81.
  from pkg_resources import parse_version
/usr/local/lib/python3.11/dist-packages/wandb/apis/public.py:3075: UserWarning: pkg_resources is deprecated as an API. See https://setuptools.pypa.io/en/latest/pkg_resources.html. The pkg_resources package is slated for removal as early as 2025-11-30. Refrain from using this package or pin to Setuptools<81.
  from pkg_resources import parse_version
/usr/local/lib/python3.11/dist-packages/wandb/apis/public.py:3075: UserWarning: pkg_resources is deprecated as an API. See https://setuptools.pypa.io/en/latest/pkg_resources.html. The pkg_resources package is slated for removal as early as 2025-11-30. Refrain from using this package or pin to Setuptools<81.
  from pkg_resources import parse_version
/usr/local/lib/python3.11/dist-packages/wandb/apis/public.py:3075: UserWarning: pkg_resources is deprecated as an API. See https://setuptools.pypa.io/en/latest/pkg_resources.html. The pkg_resources package is slated for removal as early as 2025-11-30. Refrain from using this package or pin to Setuptools<81.
  from pkg_resources import parse_version
/usr/local/lib/python3.11/dist-packages/wandb/apis/public.py:3075: UserWarning: pkg_resources is deprecated as an API. See https://setuptools.pypa.io/en/latest/pkg_resources.html. The pkg_resources package is slated for removal as early as 2025-11-30. Refrain from using this package or pin to Setuptools<81.
  from pkg_resources import parse_version
/usr/local/lib/python3.11/dist-packages/wandb/apis/public.py:3075: UserWarning: pkg_resources is deprecated as an API. See https://setuptools.pypa.io/en/latest/pkg_resources.html. The pkg_resources package is slated for removal as early as 2025-11-30. Refrain from using this package or pin to Setuptools<81.
  from pkg_resources import parse_version
/usr/local/lib/python3.11/dist-packages/wandb/apis/public.py:3075: UserWarning: pkg_resources is deprecated as an API. See https://setuptools.pypa.io/en/latest/pkg_resources.html. The pkg_resources package is slated for removal as early as 2025-11-30. Refrain from using this package or pin to Setuptools<81.
  from pkg_resources import parse_version
/usr/local/lib/python3.11/dist-packages/wandb/apis/public.py:3075: UserWarning: pkg_resources is deprecated as an API. See https://setuptools.pypa.io/en/latest/pkg_resources.html. The pkg_resources package is slated for removal as early as 2025-11-30. Refrain from using this package or pin to Setuptools<81.
  from pkg_resources import parse_version
/usr/local/lib/python3.11/dist-packages/wandb/apis/public.py:3075: UserWarning: pkg_resources is deprecated as an API. See https://setuptools.pypa.io/en/latest/pkg_resources.html. The pkg_resources package is slated for removal as early as 2025-11-30. Refrain from using this package or pin to Setuptools<81.
  from pkg_resources import parse_version
/usr/local/lib/python3.11/dist-packages/wandb/apis/public.py:3075: UserWarning: pkg_resources is deprecated as an API. See https://setuptools.pypa.io/en/latest/pkg_resources.html. The pkg_resources package is slated for removal as early as 2025-11-30. Refrain from using this package or pin to Setuptools<81.
  from pkg_resources import parse_version
/usr/local/lib/python3.11/dist-packages/wandb/apis/public.py:3075: UserWarning: pkg_resources is deprecated as an API. See https://setuptools.pypa.io/en/latest/pkg_resources.html. The pkg_resources package is slated for removal as early as 2025-11-30. Refrain from using this package or pin to Setuptools<81.
  from pkg_resources import parse_version
/usr/local/lib/python3.11/dist-packages/wandb/apis/public.py:3075: UserWarning: pkg_resources is deprecated as an API. See https://setuptools.pypa.io/en/latest/pkg_resources.html. The pkg_resources package is slated for removal as early as 2025-11-30. Refrain from using this package or pin to Setuptools<81.
  from pkg_resources import parse_version
/usr/local/lib/python3.11/dist-packages/wandb/apis/public.py:3075: UserWarning: pkg_resources is deprecated as an API. See https://setuptools.pypa.io/en/latest/pkg_resources.html. The pkg_resources package is slated for removal as early as 2025-11-30. Refrain from using this package or pin to Setuptools<81.
  from pkg_resources import parse_version
/usr/local/lib/python3.11/dist-packages/wandb/apis/public.py:3075: UserWarning: pkg_resources is deprecated as an API. See https://setuptools.pypa.io/en/latest/pkg_resources.html. The pkg_resources package is slated for removal as early as 2025-11-30. Refrain from using this package or pin to Setuptools<81.
  from pkg_resources import parse_version
/usr/local/lib/python3.11/dist-packages/wandb/apis/public.py:3075: UserWarning: pkg_resources is deprecated as an API. See https://setuptools.pypa.io/en/latest/pkg_resources.html. The pkg_resources package is slated for removal as early as 2025-11-30. Refrain from using this package or pin to Setuptools<81.
  from pkg_resources import parse_version
/usr/local/lib/python3.11/dist-packages/wandb/apis/public.py:3075: UserWarning: pkg_resources is deprecated as an API. See https://setuptools.pypa.io/en/latest/pkg_resources.html. The pkg_resources package is slated for removal as early as 2025-11-30. Refrain from using this package or pin to Setuptools<81.
  from pkg_resources import parse_version
TestLocal: [   0/97]  Time: 25.760 (25.760)  Loss:  0.7617  Acc@1: 81.2500  Acc@5: 96.8750  Samples: 64
TestLocal: [  50/97]  Time: 0.091 (0.594)  Loss:  0.8368  Acc@1: 81.2500  Acc@5: 95.3431  Samples: 3264
TestLocal: [  97/97]  Time: 0.046 (0.352)  Loss:  0.8324  Acc@1: 81.0373  Acc@5: 95.4295  Samples: 6170
TestLocal: [ 100/97]  Time: 0.046 (0.343)  Loss:  0.8326  Acc@1: 81.0306  Acc@5: 95.4267  Samples: 6210
Test: [distributed-summary]  Time: 35.047s  Loss: 0.8494  Acc@1: 80.3840  Acc@5: 95.3220  Samples: 50000
Trainable parameter policy: epoch=11, quant_only=False, policy=all, trainable=28608256, frozen=0
AOQ explore scale ratio update: epoch=11, update=0, active=False, base_ratio=1.0, threshold_ratio=0.0, base_layers=(), selective_margin=0.0, base_quantizers=0, layer_ratios={}, layer_quantizers=0, layer_counts={}, quality_mode=none, quality_layers=(), quality_start_update=0, quality_min_frac=0.0, start_update=0, end_update=0
Trainable parameter update policy: epoch=11, update=0, mode=requires_grad, policy=all, trainable=28608256, frozen=0
Train: 11 [   0/2502 (  0%)]  Loss: 51.425598 (51.4256)  BaseLoss: 51.425598 (51.4256)  RefAttnKL: 0.000e+00 (0.000e+00)  RefLogitKL: 0.000e+00 (0.000e+00)  AnchorRefAttnKL: 0.000e+00 (0.000e+00)  TeacherAttnKL: 0.000e+00 (0.000e+00)  TeacherRel: 0.000e+00 (0.000e+00)  TeacherAttnOut: 0.000e+00 (0.000e+00)  TeacherFeatOut: 0.000e+00 (0.000e+00)  ActScaleAnchor: 0.000e+00 (0.000e+00)  VarTrust: 0.000e+00 (0.000e+00)  DirAnchor: 0.000e+00 (0.000e+00)  BinReg: 0.000e+00 (0.000e+00)  SelBinAnchor: 0.000e+00 (0.000e+00)  ActBinMargin: 0.000e+00 (0.000e+00)  Time: 1.186s,  431.62/s  (1.186s,  431.62/s)  LR: 1.203e-05  RefW: 0.000e+00  AnchorRefW: 0.000e+00  Data: 0.954 (0.954)
Train: 11 [  50/2502 (  2%)]  Loss: 51.394032 (51.4098)  BaseLoss: 51.394032 (51.4098)  RefAttnKL: 0.000e+00 (0.000e+00)  RefLogitKL: 0.000e+00 (0.000e+00)  AnchorRefAttnKL: 0.000e+00 (0.000e+00)  TeacherAttnKL: 0.000e+00 (0.000e+00)  TeacherRel: 0.000e+00 (0.000e+00)  TeacherAttnOut: 0.000e+00 (0.000e+00)  TeacherFeatOut: 0.000e+00 (0.000e+00)  ActScaleAnchor: 0.000e+00 (0.000e+00)  VarTrust: 0.000e+00 (0.000e+00)  DirAnchor: 0.000e+00 (0.000e+00)  BinReg: 0.000e+00 (0.000e+00)  SelBinAnchor: 0.000e+00 (0.000e+00)  ActBinMargin: 0.000e+00 (0.000e+00)  Time: 0.224s, 2284.31/s  (0.242s, 2119.55/s)  LR: 1.202e-05  RefW: 0.000e+00  AnchorRefW: 0.000e+00  Data: 0.008 (0.025)
Train: 11 [ 100/2502 (  4%)]  Loss: 51.425156 (51.4149)  BaseLoss: 51.425156 (51.4149)  RefAttnKL: 0.000e+00 (0.000e+00)  RefLogitKL: 0.000e+00 (0.000e+00)  AnchorRefAttnKL: 0.000e+00 (0.000e+00)  TeacherAttnKL: 0.000e+00 (0.000e+00)  TeacherRel: 0.000e+00 (0.000e+00)  TeacherAttnOut: 0.000e+00 (0.000e+00)  TeacherFeatOut: 0.000e+00 (0.000e+00)  ActScaleAnchor: 0.000e+00 (0.000e+00)  VarTrust: 0.000e+00 (0.000e+00)  DirAnchor: 0.000e+00 (0.000e+00)  BinReg: 0.000e+00 (0.000e+00)  SelBinAnchor: 0.000e+00 (0.000e+00)  ActBinMargin: 0.000e+00 (0.000e+00)  Time: 0.223s, 2292.25/s  (0.232s, 2203.25/s)  LR: 1.201e-05  RefW: 0.000e+00  AnchorRefW: 0.000e+00  Data: 0.007 (0.016)
Train: 11 [ 150/2502 (  6%)]  Loss: 51.422756 (51.4169)  BaseLoss: 51.422756 (51.4169)  RefAttnKL: 0.000e+00 (0.000e+00)  RefLogitKL: 0.000e+00 (0.000e+00)  AnchorRefAttnKL: 0.000e+00 (0.000e+00)  TeacherAttnKL: 0.000e+00 (0.000e+00)  TeacherRel: 0.000e+00 (0.000e+00)  TeacherAttnOut: 0.000e+00 (0.000e+00)  TeacherFeatOut: 0.000e+00 (0.000e+00)  ActScaleAnchor: 0.000e+00 (0.000e+00)  VarTrust: 0.000e+00 (0.000e+00)  DirAnchor: 0.000e+00 (0.000e+00)  BinReg: 0.000e+00 (0.000e+00)  SelBinAnchor: 0.000e+00 (0.000e+00)  ActBinMargin: 0.000e+00 (0.000e+00)  Time: 0.223s, 2290.91/s  (0.229s, 2233.50/s)  LR: 1.200e-05  RefW: 0.000e+00  AnchorRefW: 0.000e+00  Data: 0.006 (0.013)
Train: 11 [ 200/2502 (  8%)]  Loss: 51.413654 (51.4162)  BaseLoss: 51.413654 (51.4162)  RefAttnKL: 0.000e+00 (0.000e+00)  RefLogitKL: 0.000e+00 (0.000e+00)  AnchorRefAttnKL: 0.000e+00 (0.000e+00)  TeacherAttnKL: 0.000e+00 (0.000e+00)  TeacherRel: 0.000e+00 (0.000e+00)  TeacherAttnOut: 0.000e+00 (0.000e+00)  TeacherFeatOut: 0.000e+00 (0.000e+00)  ActScaleAnchor: 0.000e+00 (0.000e+00)  VarTrust: 0.000e+00 (0.000e+00)  DirAnchor: 0.000e+00 (0.000e+00)  BinReg: 0.000e+00 (0.000e+00)  SelBinAnchor: 0.000e+00 (0.000e+00)  ActBinMargin: 0.000e+00 (0.000e+00)  Time: 0.224s, 2288.20/s  (0.228s, 2248.84/s)  LR: 1.200e-05  RefW: 0.000e+00  AnchorRefW: 0.000e+00  Data: 0.006 (0.011)
Train: 11 [ 250/2502 ( 10%)]  Loss: 51.450531 (51.4220)  BaseLoss: 51.450531 (51.4220)  RefAttnKL: 0.000e+00 (0.000e+00)  RefLogitKL: 0.000e+00 (0.000e+00)  AnchorRefAttnKL: 0.000e+00 (0.000e+00)  TeacherAttnKL: 0.000e+00 (0.000e+00)  TeacherRel: 0.000e+00 (0.000e+00)  TeacherAttnOut: 0.000e+00 (0.000e+00)  TeacherFeatOut: 0.000e+00 (0.000e+00)  ActScaleAnchor: 0.000e+00 (0.000e+00)  VarTrust: 0.000e+00 (0.000e+00)  DirAnchor: 0.000e+00 (0.000e+00)  BinReg: 0.000e+00 (0.000e+00)  SelBinAnchor: 0.000e+00 (0.000e+00)  ActBinMargin: 0.000e+00 (0.000e+00)  Time: 0.222s, 2304.66/s  (0.227s, 2258.85/s)  LR: 1.199e-05  RefW: 0.000e+00  AnchorRefW: 0.000e+00  Data: 0.008 (0.010)
Train: 11 [ 300/2502 ( 12%)]  Loss: 51.386230 (51.4169)  BaseLoss: 51.386230 (51.4169)  RefAttnKL: 0.000e+00 (0.000e+00)  RefLogitKL: 0.000e+00 (0.000e+00)  AnchorRefAttnKL: 0.000e+00 (0.000e+00)  TeacherAttnKL: 0.000e+00 (0.000e+00)  TeacherRel: 0.000e+00 (0.000e+00)  TeacherAttnOut: 0.000e+00 (0.000e+00)  TeacherFeatOut: 0.000e+00 (0.000e+00)  ActScaleAnchor: 0.000e+00 (0.000e+00)  VarTrust: 0.000e+00 (0.000e+00)  DirAnchor: 0.000e+00 (0.000e+00)  BinReg: 0.000e+00 (0.000e+00)  SelBinAnchor: 0.000e+00 (0.000e+00)  ActBinMargin: 0.000e+00 (0.000e+00)  Time: 0.223s, 2296.37/s  (0.226s, 2265.58/s)  LR: 1.198e-05  RefW: 0.000e+00  AnchorRefW: 0.000e+00  Data: 0.007 (0.010)
Train: 11 [ 350/2502 ( 14%)]  Loss: 51.438923 (51.4196)  BaseLoss: 51.438923 (51.4196)  RefAttnKL: 0.000e+00 (0.000e+00)  RefLogitKL: 0.000e+00 (0.000e+00)  AnchorRefAttnKL: 0.000e+00 (0.000e+00)  TeacherAttnKL: 0.000e+00 (0.000e+00)  TeacherRel: 0.000e+00 (0.000e+00)  TeacherAttnOut: 0.000e+00 (0.000e+00)  TeacherFeatOut: 0.000e+00 (0.000e+00)  ActScaleAnchor: 0.000e+00 (0.000e+00)  VarTrust: 0.000e+00 (0.000e+00)  DirAnchor: 0.000e+00 (0.000e+00)  BinReg: 0.000e+00 (0.000e+00)  SelBinAnchor: 0.000e+00 (0.000e+00)  ActBinMargin: 0.000e+00 (0.000e+00)  Time: 0.224s, 2290.42/s  (0.226s, 2269.65/s)  LR: 1.197e-05  RefW: 0.000e+00  AnchorRefW: 0.000e+00  Data: 0.006 (0.009)
Train: 11 [ 400/2502 ( 16%)]  Loss: 51.441971 (51.4221)  BaseLoss: 51.441971 (51.4221)  RefAttnKL: 0.000e+00 (0.000e+00)  RefLogitKL: 0.000e+00 (0.000e+00)  AnchorRefAttnKL: 0.000e+00 (0.000e+00)  TeacherAttnKL: 0.000e+00 (0.000e+00)  TeacherRel: 0.000e+00 (0.000e+00)  TeacherAttnOut: 0.000e+00 (0.000e+00)  TeacherFeatOut: 0.000e+00 (0.000e+00)  ActScaleAnchor: 0.000e+00 (0.000e+00)  VarTrust: 0.000e+00 (0.000e+00)  DirAnchor: 0.000e+00 (0.000e+00)  BinReg: 0.000e+00 (0.000e+00)  SelBinAnchor: 0.000e+00 (0.000e+00)  ActBinMargin: 0.000e+00 (0.000e+00)  Time: 0.223s, 2290.84/s  (0.225s, 2273.30/s)  LR: 1.196e-05  RefW: 0.000e+00  AnchorRefW: 0.000e+00  Data: 0.006 (0.009)
Train: 11 [ 450/2502 ( 18%)]  Loss: 51.426430 (51.4225)  BaseLoss: 51.426430 (51.4225)  RefAttnKL: 0.000e+00 (0.000e+00)  RefLogitKL: 0.000e+00 (0.000e+00)  AnchorRefAttnKL: 0.000e+00 (0.000e+00)  TeacherAttnKL: 0.000e+00 (0.000e+00)  TeacherRel: 0.000e+00 (0.000e+00)  TeacherAttnOut: 0.000e+00 (0.000e+00)  TeacherFeatOut: 0.000e+00 (0.000e+00)  ActScaleAnchor: 0.000e+00 (0.000e+00)  VarTrust: 0.000e+00 (0.000e+00)  DirAnchor: 0.000e+00 (0.000e+00)  BinReg: 0.000e+00 (0.000e+00)  SelBinAnchor: 0.000e+00 (0.000e+00)  ActBinMargin: 0.000e+00 (0.000e+00)  Time: 0.223s, 2294.37/s  (0.225s, 2275.53/s)  LR: 1.195e-05  RefW: 0.000e+00  AnchorRefW: 0.000e+00  Data: 0.008 (0.009)
Train: 11 [ 500/2502 ( 20%)]  Loss: 51.427982 (51.4230)  BaseLoss: 51.427982 (51.4230)  RefAttnKL: 0.000e+00 (0.000e+00)  RefLogitKL: 0.000e+00 (0.000e+00)  AnchorRefAttnKL: 0.000e+00 (0.000e+00)  TeacherAttnKL: 0.000e+00 (0.000e+00)  TeacherRel: 0.000e+00 (0.000e+00)  TeacherAttnOut: 0.000e+00 (0.000e+00)  TeacherFeatOut: 0.000e+00 (0.000e+00)  ActScaleAnchor: 0.000e+00 (0.000e+00)  VarTrust: 0.000e+00 (0.000e+00)  DirAnchor: 0.000e+00 (0.000e+00)  BinReg: 0.000e+00 (0.000e+00)  SelBinAnchor: 0.000e+00 (0.000e+00)  ActBinMargin: 0.000e+00 (0.000e+00)  Time: 0.223s, 2294.29/s  (0.225s, 2277.92/s)  LR: 1.194e-05  RefW: 0.000e+00  AnchorRefW: 0.000e+00  Data: 0.006 (0.009)
Train: 11 [ 550/2502 ( 22%)]  Loss: 51.432541 (51.4238)  BaseLoss: 51.432541 (51.4238)  RefAttnKL: 0.000e+00 (0.000e+00)  RefLogitKL: 0.000e+00 (0.000e+00)  AnchorRefAttnKL: 0.000e+00 (0.000e+00)  TeacherAttnKL: 0.000e+00 (0.000e+00)  TeacherRel: 0.000e+00 (0.000e+00)  TeacherAttnOut: 0.000e+00 (0.000e+00)  TeacherFeatOut: 0.000e+00 (0.000e+00)  ActScaleAnchor: 0.000e+00 (0.000e+00)  VarTrust: 0.000e+00 (0.000e+00)  DirAnchor: 0.000e+00 (0.000e+00)  BinReg: 0.000e+00 (0.000e+00)  SelBinAnchor: 0.000e+00 (0.000e+00)  ActBinMargin: 0.000e+00 (0.000e+00)  Time: 0.223s, 2293.83/s  (0.225s, 2279.01/s)  LR: 1.193e-05  RefW: 0.000e+00  AnchorRefW: 0.000e+00  Data: 0.006 (0.008)
Train: 11 [ 600/2502 ( 24%)]  Loss: 51.369648 (51.4197)  BaseLoss: 51.369648 (51.4197)  RefAttnKL: 0.000e+00 (0.000e+00)  RefLogitKL: 0.000e+00 (0.000e+00)  AnchorRefAttnKL: 0.000e+00 (0.000e+00)  TeacherAttnKL: 0.000e+00 (0.000e+00)  TeacherRel: 0.000e+00 (0.000e+00)  TeacherAttnOut: 0.000e+00 (0.000e+00)  TeacherFeatOut: 0.000e+00 (0.000e+00)  ActScaleAnchor: 0.000e+00 (0.000e+00)  VarTrust: 0.000e+00 (0.000e+00)  DirAnchor: 0.000e+00 (0.000e+00)  BinReg: 0.000e+00 (0.000e+00)  SelBinAnchor: 0.000e+00 (0.000e+00)  ActBinMargin: 0.000e+00 (0.000e+00)  Time: 0.224s, 2285.34/s  (0.224s, 2280.64/s)  LR: 1.192e-05  RefW: 0.000e+00  AnchorRefW: 0.000e+00  Data: 0.006 (0.008)
Train: 11 [ 650/2502 ( 26%)]  Loss: 51.410378 (51.4190)  BaseLoss: 51.410378 (51.4190)  RefAttnKL: 0.000e+00 (0.000e+00)  RefLogitKL: 0.000e+00 (0.000e+00)  AnchorRefAttnKL: 0.000e+00 (0.000e+00)  TeacherAttnKL: 0.000e+00 (0.000e+00)  TeacherRel: 0.000e+00 (0.000e+00)  TeacherAttnOut: 0.000e+00 (0.000e+00)  TeacherFeatOut: 0.000e+00 (0.000e+00)  ActScaleAnchor: 0.000e+00 (0.000e+00)  VarTrust: 0.000e+00 (0.000e+00)  DirAnchor: 0.000e+00 (0.000e+00)  BinReg: 0.000e+00 (0.000e+00)  SelBinAnchor: 0.000e+00 (0.000e+00)  ActBinMargin: 0.000e+00 (0.000e+00)  Time: 0.223s, 2292.64/s  (0.224s, 2281.21/s)  LR: 1.191e-05  RefW: 0.000e+00  AnchorRefW: 0.000e+00  Data: 0.007 (0.008)
Train: 11 [ 700/2502 ( 28%)]  Loss: 51.373543 (51.4160)  BaseLoss: 51.373543 (51.4160)  RefAttnKL: 0.000e+00 (0.000e+00)  RefLogitKL: 0.000e+00 (0.000e+00)  AnchorRefAttnKL: 0.000e+00 (0.000e+00)  TeacherAttnKL: 0.000e+00 (0.000e+00)  TeacherRel: 0.000e+00 (0.000e+00)  TeacherAttnOut: 0.000e+00 (0.000e+00)  TeacherFeatOut: 0.000e+00 (0.000e+00)  ActScaleAnchor: 0.000e+00 (0.000e+00)  VarTrust: 0.000e+00 (0.000e+00)  DirAnchor: 0.000e+00 (0.000e+00)  BinReg: 0.000e+00 (0.000e+00)  SelBinAnchor: 0.000e+00 (0.000e+00)  ActBinMargin: 0.000e+00 (0.000e+00)  Time: 0.222s, 2303.55/s  (0.224s, 2282.51/s)  LR: 1.190e-05  RefW: 0.000e+00  AnchorRefW: 0.000e+00  Data: 0.006 (0.008)
Train: 11 [ 750/2502 ( 30%)]  Loss: 51.368004 (51.4130)  BaseLoss: 51.368004 (51.4130)  RefAttnKL: 0.000e+00 (0.000e+00)  RefLogitKL: 0.000e+00 (0.000e+00)  AnchorRefAttnKL: 0.000e+00 (0.000e+00)  TeacherAttnKL: 0.000e+00 (0.000e+00)  TeacherRel: 0.000e+00 (0.000e+00)  TeacherAttnOut: 0.000e+00 (0.000e+00)  TeacherFeatOut: 0.000e+00 (0.000e+00)  ActScaleAnchor: 0.000e+00 (0.000e+00)  VarTrust: 0.000e+00 (0.000e+00)  DirAnchor: 0.000e+00 (0.000e+00)  BinReg: 0.000e+00 (0.000e+00)  SelBinAnchor: 0.000e+00 (0.000e+00)  ActBinMargin: 0.000e+00 (0.000e+00)  Time: 0.223s, 2293.95/s  (0.224s, 2283.50/s)  LR: 1.189e-05  RefW: 0.000e+00  AnchorRefW: 0.000e+00  Data: 0.006 (0.008)
Train: 11 [ 800/2502 ( 32%)]  Loss: 51.396503 (51.4120)  BaseLoss: 51.396503 (51.4120)  RefAttnKL: 0.000e+00 (0.000e+00)  RefLogitKL: 0.000e+00 (0.000e+00)  AnchorRefAttnKL: 0.000e+00 (0.000e+00)  TeacherAttnKL: 0.000e+00 (0.000e+00)  TeacherRel: 0.000e+00 (0.000e+00)  TeacherAttnOut: 0.000e+00 (0.000e+00)  TeacherFeatOut: 0.000e+00 (0.000e+00)  ActScaleAnchor: 0.000e+00 (0.000e+00)  VarTrust: 0.000e+00 (0.000e+00)  DirAnchor: 0.000e+00 (0.000e+00)  BinReg: 0.000e+00 (0.000e+00)  SelBinAnchor: 0.000e+00 (0.000e+00)  ActBinMargin: 0.000e+00 (0.000e+00)  Time: 0.223s, 2296.70/s  (0.224s, 2284.35/s)  LR: 1.188e-05  RefW: 0.000e+00  AnchorRefW: 0.000e+00  Data: 0.006 (0.008)
Train: 11 [ 850/2502 ( 34%)]  Loss: 51.354523 (51.4088)  BaseLoss: 51.354523 (51.4088)  RefAttnKL: 0.000e+00 (0.000e+00)  RefLogitKL: 0.000e+00 (0.000e+00)  AnchorRefAttnKL: 0.000e+00 (0.000e+00)  TeacherAttnKL: 0.000e+00 (0.000e+00)  TeacherRel: 0.000e+00 (0.000e+00)  TeacherAttnOut: 0.000e+00 (0.000e+00)  TeacherFeatOut: 0.000e+00 (0.000e+00)  ActScaleAnchor: 0.000e+00 (0.000e+00)  VarTrust: 0.000e+00 (0.000e+00)  DirAnchor: 0.000e+00 (0.000e+00)  BinReg: 0.000e+00 (0.000e+00)  SelBinAnchor: 0.000e+00 (0.000e+00)  ActBinMargin: 0.000e+00 (0.000e+00)  Time: 0.224s, 2290.29/s  (0.224s, 2285.17/s)  LR: 1.187e-05  RefW: 0.000e+00  AnchorRefW: 0.000e+00  Data: 0.008 (0.008)
Train: 11 [ 900/2502 ( 36%)]  Loss: 51.373123 (51.4069)  BaseLoss: 51.373123 (51.4069)  RefAttnKL: 0.000e+00 (0.000e+00)  RefLogitKL: 0.000e+00 (0.000e+00)  AnchorRefAttnKL: 0.000e+00 (0.000e+00)  TeacherAttnKL: 0.000e+00 (0.000e+00)  TeacherRel: 0.000e+00 (0.000e+00)  TeacherAttnOut: 0.000e+00 (0.000e+00)  TeacherFeatOut: 0.000e+00 (0.000e+00)  ActScaleAnchor: 0.000e+00 (0.000e+00)  VarTrust: 0.000e+00 (0.000e+00)  DirAnchor: 0.000e+00 (0.000e+00)  BinReg: 0.000e+00 (0.000e+00)  SelBinAnchor: 0.000e+00 (0.000e+00)  ActBinMargin: 0.000e+00 (0.000e+00)  Time: 0.224s, 2286.80/s  (0.224s, 2285.91/s)  LR: 1.186e-05  RefW: 0.000e+00  AnchorRefW: 0.000e+00  Data: 0.006 (0.008)
Train: 11 [ 950/2502 ( 38%)]  Loss: 51.401131 (51.4066)  BaseLoss: 51.401131 (51.4066)  RefAttnKL: 0.000e+00 (0.000e+00)  RefLogitKL: 0.000e+00 (0.000e+00)  AnchorRefAttnKL: 0.000e+00 (0.000e+00)  TeacherAttnKL: 0.000e+00 (0.000e+00)  TeacherRel: 0.000e+00 (0.000e+00)  TeacherAttnOut: 0.000e+00 (0.000e+00)  TeacherFeatOut: 0.000e+00 (0.000e+00)  ActScaleAnchor: 0.000e+00 (0.000e+00)  VarTrust: 0.000e+00 (0.000e+00)  DirAnchor: 0.000e+00 (0.000e+00)  BinReg: 0.000e+00 (0.000e+00)  SelBinAnchor: 0.000e+00 (0.000e+00)  ActBinMargin: 0.000e+00 (0.000e+00)  Time: 0.223s, 2297.25/s  (0.224s, 2286.59/s)  LR: 1.185e-05  RefW: 0.000e+00  AnchorRefW: 0.000e+00  Data: 0.006 (0.008)
Train: 11 [1000/2502 ( 40%)]  Loss: 51.397812 (51.4062)  BaseLoss: 51.397812 (51.4062)  RefAttnKL: 0.000e+00 (0.000e+00)  RefLogitKL: 0.000e+00 (0.000e+00)  AnchorRefAttnKL: 0.000e+00 (0.000e+00)  TeacherAttnKL: 0.000e+00 (0.000e+00)  TeacherRel: 0.000e+00 (0.000e+00)  TeacherAttnOut: 0.000e+00 (0.000e+00)  TeacherFeatOut: 0.000e+00 (0.000e+00)  ActScaleAnchor: 0.000e+00 (0.000e+00)  VarTrust: 0.000e+00 (0.000e+00)  DirAnchor: 0.000e+00 (0.000e+00)  BinReg: 0.000e+00 (0.000e+00)  SelBinAnchor: 0.000e+00 (0.000e+00)  ActBinMargin: 0.000e+00 (0.000e+00)  Time: 0.223s, 2294.33/s  (0.224s, 2286.88/s)  LR: 1.184e-05  RefW: 0.000e+00  AnchorRefW: 0.000e+00  Data: 0.006 (0.008)
Train: 11 [1050/2502 ( 42%)]  Loss: 51.380329 (51.4050)  BaseLoss: 51.380329 (51.4050)  RefAttnKL: 0.000e+00 (0.000e+00)  RefLogitKL: 0.000e+00 (0.000e+00)  AnchorRefAttnKL: 0.000e+00 (0.000e+00)  TeacherAttnKL: 0.000e+00 (0.000e+00)  TeacherRel: 0.000e+00 (0.000e+00)  TeacherAttnOut: 0.000e+00 (0.000e+00)  TeacherFeatOut: 0.000e+00 (0.000e+00)  ActScaleAnchor: 0.000e+00 (0.000e+00)  VarTrust: 0.000e+00 (0.000e+00)  DirAnchor: 0.000e+00 (0.000e+00)  BinReg: 0.000e+00 (0.000e+00)  SelBinAnchor: 0.000e+00 (0.000e+00)  ActBinMargin: 0.000e+00 (0.000e+00)  Time: 0.223s, 2292.67/s  (0.224s, 2287.48/s)  LR: 1.183e-05  RefW: 0.000e+00  AnchorRefW: 0.000e+00  Data: 0.008 (0.008)
Train: 11 [1100/2502 ( 44%)]  Loss: 51.335979 (51.4020)  BaseLoss: 51.335979 (51.4020)  RefAttnKL: 0.000e+00 (0.000e+00)  RefLogitKL: 0.000e+00 (0.000e+00)  AnchorRefAttnKL: 0.000e+00 (0.000e+00)  TeacherAttnKL: 0.000e+00 (0.000e+00)  TeacherRel: 0.000e+00 (0.000e+00)  TeacherAttnOut: 0.000e+00 (0.000e+00)  TeacherFeatOut: 0.000e+00 (0.000e+00)  ActScaleAnchor: 0.000e+00 (0.000e+00)  VarTrust: 0.000e+00 (0.000e+00)  DirAnchor: 0.000e+00 (0.000e+00)  BinReg: 0.000e+00 (0.000e+00)  SelBinAnchor: 0.000e+00 (0.000e+00)  ActBinMargin: 0.000e+00 (0.000e+00)  Time: 0.223s, 2294.54/s  (0.224s, 2288.03/s)  LR: 1.182e-05  RefW: 0.000e+00  AnchorRefW: 0.000e+00  Data: 0.007 (0.008)
Train: 11 [1150/2502 ( 46%)]  Loss: 51.421143 (51.4028)  BaseLoss: 51.421143 (51.4028)  RefAttnKL: 0.000e+00 (0.000e+00)  RefLogitKL: 0.000e+00 (0.000e+00)  AnchorRefAttnKL: 0.000e+00 (0.000e+00)  TeacherAttnKL: 0.000e+00 (0.000e+00)  TeacherRel: 0.000e+00 (0.000e+00)  TeacherAttnOut: 0.000e+00 (0.000e+00)  TeacherFeatOut: 0.000e+00 (0.000e+00)  ActScaleAnchor: 0.000e+00 (0.000e+00)  VarTrust: 0.000e+00 (0.000e+00)  DirAnchor: 0.000e+00 (0.000e+00)  BinReg: 0.000e+00 (0.000e+00)  SelBinAnchor: 0.000e+00 (0.000e+00)  ActBinMargin: 0.000e+00 (0.000e+00)  Time: 0.223s, 2292.44/s  (0.224s, 2288.53/s)  LR: 1.181e-05  RefW: 0.000e+00  AnchorRefW: 0.000e+00  Data: 0.005 (0.008)
Train: 11 [1200/2502 ( 48%)]  Loss: 51.382790 (51.4020)  BaseLoss: 51.382790 (51.4020)  RefAttnKL: 0.000e+00 (0.000e+00)  RefLogitKL: 0.000e+00 (0.000e+00)  AnchorRefAttnKL: 0.000e+00 (0.000e+00)  TeacherAttnKL: 0.000e+00 (0.000e+00)  TeacherRel: 0.000e+00 (0.000e+00)  TeacherAttnOut: 0.000e+00 (0.000e+00)  TeacherFeatOut: 0.000e+00 (0.000e+00)  ActScaleAnchor: 0.000e+00 (0.000e+00)  VarTrust: 0.000e+00 (0.000e+00)  DirAnchor: 0.000e+00 (0.000e+00)  BinReg: 0.000e+00 (0.000e+00)  SelBinAnchor: 0.000e+00 (0.000e+00)  ActBinMargin: 0.000e+00 (0.000e+00)  Time: 0.223s, 2293.12/s  (0.224s, 2288.64/s)  LR: 1.180e-05  RefW: 0.000e+00  AnchorRefW: 0.000e+00  Data: 0.006 (0.007)
Train: 11 [1250/2502 ( 50%)]  Loss: 51.423828 (51.4029)  BaseLoss: 51.423828 (51.4029)  RefAttnKL: 0.000e+00 (0.000e+00)  RefLogitKL: 0.000e+00 (0.000e+00)  AnchorRefAttnKL: 0.000e+00 (0.000e+00)  TeacherAttnKL: 0.000e+00 (0.000e+00)  TeacherRel: 0.000e+00 (0.000e+00)  TeacherAttnOut: 0.000e+00 (0.000e+00)  TeacherFeatOut: 0.000e+00 (0.000e+00)  ActScaleAnchor: 0.000e+00 (0.000e+00)  VarTrust: 0.000e+00 (0.000e+00)  DirAnchor: 0.000e+00 (0.000e+00)  BinReg: 0.000e+00 (0.000e+00)  SelBinAnchor: 0.000e+00 (0.000e+00)  ActBinMargin: 0.000e+00 (0.000e+00)  Time: 0.224s, 2289.23/s  (0.224s, 2289.04/s)  LR: 1.179e-05  RefW: 0.000e+00  AnchorRefW: 0.000e+00  Data: 0.008 (0.007)
Train: 11 [1300/2502 ( 52%)]  Loss: 51.416336 (51.4034)  BaseLoss: 51.416336 (51.4034)  RefAttnKL: 0.000e+00 (0.000e+00)  RefLogitKL: 0.000e+00 (0.000e+00)  AnchorRefAttnKL: 0.000e+00 (0.000e+00)  TeacherAttnKL: 0.000e+00 (0.000e+00)  TeacherRel: 0.000e+00 (0.000e+00)  TeacherAttnOut: 0.000e+00 (0.000e+00)  TeacherFeatOut: 0.000e+00 (0.000e+00)  ActScaleAnchor: 0.000e+00 (0.000e+00)  VarTrust: 0.000e+00 (0.000e+00)  DirAnchor: 0.000e+00 (0.000e+00)  BinReg: 0.000e+00 (0.000e+00)  SelBinAnchor: 0.000e+00 (0.000e+00)  ActBinMargin: 0.000e+00 (0.000e+00)  Time: 0.222s, 2303.80/s  (0.224s, 2289.34/s)  LR: 1.178e-05  RefW: 0.000e+00  AnchorRefW: 0.000e+00  Data: 0.006 (0.007)
Train: 11 [1350/2502 ( 54%)]  Loss: 51.411449 (51.4037)  BaseLoss: 51.411449 (51.4037)  RefAttnKL: 0.000e+00 (0.000e+00)  RefLogitKL: 0.000e+00 (0.000e+00)  AnchorRefAttnKL: 0.000e+00 (0.000e+00)  TeacherAttnKL: 0.000e+00 (0.000e+00)  TeacherRel: 0.000e+00 (0.000e+00)  TeacherAttnOut: 0.000e+00 (0.000e+00)  TeacherFeatOut: 0.000e+00 (0.000e+00)  ActScaleAnchor: 0.000e+00 (0.000e+00)  VarTrust: 0.000e+00 (0.000e+00)  DirAnchor: 0.000e+00 (0.000e+00)  BinReg: 0.000e+00 (0.000e+00)  SelBinAnchor: 0.000e+00 (0.000e+00)  ActBinMargin: 0.000e+00 (0.000e+00)  Time: 0.224s, 2290.54/s  (0.224s, 2289.68/s)  LR: 1.177e-05  RefW: 0.000e+00  AnchorRefW: 0.000e+00  Data: 0.005 (0.007)
Train: 11 [1400/2502 ( 56%)]  Loss: 51.394016 (51.4033)  BaseLoss: 51.394016 (51.4033)  RefAttnKL: 0.000e+00 (0.000e+00)  RefLogitKL: 0.000e+00 (0.000e+00)  AnchorRefAttnKL: 0.000e+00 (0.000e+00)  TeacherAttnKL: 0.000e+00 (0.000e+00)  TeacherRel: 0.000e+00 (0.000e+00)  TeacherAttnOut: 0.000e+00 (0.000e+00)  TeacherFeatOut: 0.000e+00 (0.000e+00)  ActScaleAnchor: 0.000e+00 (0.000e+00)  VarTrust: 0.000e+00 (0.000e+00)  DirAnchor: 0.000e+00 (0.000e+00)  BinReg: 0.000e+00 (0.000e+00)  SelBinAnchor: 0.000e+00 (0.000e+00)  ActBinMargin: 0.000e+00 (0.000e+00)  Time: 0.223s, 2293.27/s  (0.224s, 2289.94/s)  LR: 1.176e-05  RefW: 0.000e+00  AnchorRefW: 0.000e+00  Data: 0.006 (0.007)
Train: 11 [1450/2502 ( 58%)]  Loss: 51.410866 (51.4036)  BaseLoss: 51.410866 (51.4036)  RefAttnKL: 0.000e+00 (0.000e+00)  RefLogitKL: 0.000e+00 (0.000e+00)  AnchorRefAttnKL: 0.000e+00 (0.000e+00)  TeacherAttnKL: 0.000e+00 (0.000e+00)  TeacherRel: 0.000e+00 (0.000e+00)  TeacherAttnOut: 0.000e+00 (0.000e+00)  TeacherFeatOut: 0.000e+00 (0.000e+00)  ActScaleAnchor: 0.000e+00 (0.000e+00)  VarTrust: 0.000e+00 (0.000e+00)  DirAnchor: 0.000e+00 (0.000e+00)  BinReg: 0.000e+00 (0.000e+00)  SelBinAnchor: 0.000e+00 (0.000e+00)  ActBinMargin: 0.000e+00 (0.000e+00)  Time: 0.224s, 2285.31/s  (0.224s, 2290.24/s)  LR: 1.175e-05  RefW: 0.000e+00  AnchorRefW: 0.000e+00  Data: 0.008 (0.007)
Train: 11 [1500/2502 ( 60%)]  Loss: 51.419731 (51.4041)  BaseLoss: 51.419731 (51.4041)  RefAttnKL: 0.000e+00 (0.000e+00)  RefLogitKL: 0.000e+00 (0.000e+00)  AnchorRefAttnKL: 0.000e+00 (0.000e+00)  TeacherAttnKL: 0.000e+00 (0.000e+00)  TeacherRel: 0.000e+00 (0.000e+00)  TeacherAttnOut: 0.000e+00 (0.000e+00)  TeacherFeatOut: 0.000e+00 (0.000e+00)  ActScaleAnchor: 0.000e+00 (0.000e+00)  VarTrust: 0.000e+00 (0.000e+00)  DirAnchor: 0.000e+00 (0.000e+00)  BinReg: 0.000e+00 (0.000e+00)  SelBinAnchor: 0.000e+00 (0.000e+00)  ActBinMargin: 0.000e+00 (0.000e+00)  Time: 0.223s, 2294.34/s  (0.224s, 2290.55/s)  LR: 1.174e-05  RefW: 0.000e+00  AnchorRefW: 0.000e+00  Data: 0.007 (0.007)
Train: 11 [1550/2502 ( 62%)]  Loss: 51.415520 (51.4045)  BaseLoss: 51.415520 (51.4045)  RefAttnKL: 0.000e+00 (0.000e+00)  RefLogitKL: 0.000e+00 (0.000e+00)  AnchorRefAttnKL: 0.000e+00 (0.000e+00)  TeacherAttnKL: 0.000e+00 (0.000e+00)  TeacherRel: 0.000e+00 (0.000e+00)  TeacherAttnOut: 0.000e+00 (0.000e+00)  TeacherFeatOut: 0.000e+00 (0.000e+00)  ActScaleAnchor: 0.000e+00 (0.000e+00)  VarTrust: 0.000e+00 (0.000e+00)  DirAnchor: 0.000e+00 (0.000e+00)  BinReg: 0.000e+00 (0.000e+00)  SelBinAnchor: 0.000e+00 (0.000e+00)  ActBinMargin: 0.000e+00 (0.000e+00)  Time: 0.223s, 2295.32/s  (0.224s, 2290.80/s)  LR: 1.173e-05  RefW: 0.000e+00  AnchorRefW: 0.000e+00  Data: 0.005 (0.007)
Train: 11 [1600/2502 ( 64%)]  Loss: 51.400795 (51.4043)  BaseLoss: 51.400795 (51.4043)  RefAttnKL: 0.000e+00 (0.000e+00)  RefLogitKL: 0.000e+00 (0.000e+00)  AnchorRefAttnKL: 0.000e+00 (0.000e+00)  TeacherAttnKL: 0.000e+00 (0.000e+00)  TeacherRel: 0.000e+00 (0.000e+00)  TeacherAttnOut: 0.000e+00 (0.000e+00)  TeacherFeatOut: 0.000e+00 (0.000e+00)  ActScaleAnchor: 0.000e+00 (0.000e+00)  VarTrust: 0.000e+00 (0.000e+00)  DirAnchor: 0.000e+00 (0.000e+00)  BinReg: 0.000e+00 (0.000e+00)  SelBinAnchor: 0.000e+00 (0.000e+00)  ActBinMargin: 0.000e+00 (0.000e+00)  Time: 0.223s, 2298.51/s  (0.223s, 2291.10/s)  LR: 1.172e-05  RefW: 0.000e+00  AnchorRefW: 0.000e+00  Data: 0.006 (0.007)
Train: 11 [1650/2502 ( 66%)]  Loss: 51.424385 (51.4049)  BaseLoss: 51.424385 (51.4049)  RefAttnKL: 0.000e+00 (0.000e+00)  RefLogitKL: 0.000e+00 (0.000e+00)  AnchorRefAttnKL: 0.000e+00 (0.000e+00)  TeacherAttnKL: 0.000e+00 (0.000e+00)  TeacherRel: 0.000e+00 (0.000e+00)  TeacherAttnOut: 0.000e+00 (0.000e+00)  TeacherFeatOut: 0.000e+00 (0.000e+00)  ActScaleAnchor: 0.000e+00 (0.000e+00)  VarTrust: 0.000e+00 (0.000e+00)  DirAnchor: 0.000e+00 (0.000e+00)  BinReg: 0.000e+00 (0.000e+00)  SelBinAnchor: 0.000e+00 (0.000e+00)  ActBinMargin: 0.000e+00 (0.000e+00)  Time: 0.223s, 2292.50/s  (0.223s, 2291.35/s)  LR: 1.171e-05  RefW: 0.000e+00  AnchorRefW: 0.000e+00  Data: 0.008 (0.007)
Train: 11 [1700/2502 ( 68%)]  Loss: 51.423225 (51.4055)  BaseLoss: 51.423225 (51.4055)  RefAttnKL: 0.000e+00 (0.000e+00)  RefLogitKL: 0.000e+00 (0.000e+00)  AnchorRefAttnKL: 0.000e+00 (0.000e+00)  TeacherAttnKL: 0.000e+00 (0.000e+00)  TeacherRel: 0.000e+00 (0.000e+00)  TeacherAttnOut: 0.000e+00 (0.000e+00)  TeacherFeatOut: 0.000e+00 (0.000e+00)  ActScaleAnchor: 0.000e+00 (0.000e+00)  VarTrust: 0.000e+00 (0.000e+00)  DirAnchor: 0.000e+00 (0.000e+00)  BinReg: 0.000e+00 (0.000e+00)  SelBinAnchor: 0.000e+00 (0.000e+00)  ActBinMargin: 0.000e+00 (0.000e+00)  Time: 0.223s, 2291.45/s  (0.223s, 2291.61/s)  LR: 1.170e-05  RefW: 0.000e+00  AnchorRefW: 0.000e+00  Data: 0.006 (0.007)
Train: 11 [1750/2502 ( 70%)]  Loss: 51.409103 (51.4056)  BaseLoss: 51.409103 (51.4056)  RefAttnKL: 0.000e+00 (0.000e+00)  RefLogitKL: 0.000e+00 (0.000e+00)  AnchorRefAttnKL: 0.000e+00 (0.000e+00)  TeacherAttnKL: 0.000e+00 (0.000e+00)  TeacherRel: 0.000e+00 (0.000e+00)  TeacherAttnOut: 0.000e+00 (0.000e+00)  TeacherFeatOut: 0.000e+00 (0.000e+00)  ActScaleAnchor: 0.000e+00 (0.000e+00)  VarTrust: 0.000e+00 (0.000e+00)  DirAnchor: 0.000e+00 (0.000e+00)  BinReg: 0.000e+00 (0.000e+00)  SelBinAnchor: 0.000e+00 (0.000e+00)  ActBinMargin: 0.000e+00 (0.000e+00)  Time: 0.224s, 2288.87/s  (0.223s, 2291.74/s)  LR: 1.169e-05  RefW: 0.000e+00  AnchorRefW: 0.000e+00  Data: 0.006 (0.007)
Train: 11 [1800/2502 ( 72%)]  Loss: 51.401764 (51.4055)  BaseLoss: 51.401764 (51.4055)  RefAttnKL: 0.000e+00 (0.000e+00)  RefLogitKL: 0.000e+00 (0.000e+00)  AnchorRefAttnKL: 0.000e+00 (0.000e+00)  TeacherAttnKL: 0.000e+00 (0.000e+00)  TeacherRel: 0.000e+00 (0.000e+00)  TeacherAttnOut: 0.000e+00 (0.000e+00)  TeacherFeatOut: 0.000e+00 (0.000e+00)  ActScaleAnchor: 0.000e+00 (0.000e+00)  VarTrust: 0.000e+00 (0.000e+00)  DirAnchor: 0.000e+00 (0.000e+00)  BinReg: 0.000e+00 (0.000e+00)  SelBinAnchor: 0.000e+00 (0.000e+00)  ActBinMargin: 0.000e+00 (0.000e+00)  Time: 0.223s, 2299.46/s  (0.223s, 2291.99/s)  LR: 1.168e-05  RefW: 0.000e+00  AnchorRefW: 0.000e+00  Data: 0.006 (0.007)
Train: 11 [1850/2502 ( 74%)]  Loss: 51.382107 (51.4048)  BaseLoss: 51.382107 (51.4048)  RefAttnKL: 0.000e+00 (0.000e+00)  RefLogitKL: 0.000e+00 (0.000e+00)  AnchorRefAttnKL: 0.000e+00 (0.000e+00)  TeacherAttnKL: 0.000e+00 (0.000e+00)  TeacherRel: 0.000e+00 (0.000e+00)  TeacherAttnOut: 0.000e+00 (0.000e+00)  TeacherFeatOut: 0.000e+00 (0.000e+00)  ActScaleAnchor: 0.000e+00 (0.000e+00)  VarTrust: 0.000e+00 (0.000e+00)  DirAnchor: 0.000e+00 (0.000e+00)  BinReg: 0.000e+00 (0.000e+00)  SelBinAnchor: 0.000e+00 (0.000e+00)  ActBinMargin: 0.000e+00 (0.000e+00)  Time: 0.223s, 2290.94/s  (0.223s, 2291.90/s)  LR: 1.167e-05  RefW: 0.000e+00  AnchorRefW: 0.000e+00  Data: 0.008 (0.007)
Train: 11 [1900/2502 ( 76%)]  Loss: 51.410343 (51.4050)  BaseLoss: 51.410343 (51.4050)  RefAttnKL: 0.000e+00 (0.000e+00)  RefLogitKL: 0.000e+00 (0.000e+00)  AnchorRefAttnKL: 0.000e+00 (0.000e+00)  TeacherAttnKL: 0.000e+00 (0.000e+00)  TeacherRel: 0.000e+00 (0.000e+00)  TeacherAttnOut: 0.000e+00 (0.000e+00)  TeacherFeatOut: 0.000e+00 (0.000e+00)  ActScaleAnchor: 0.000e+00 (0.000e+00)  VarTrust: 0.000e+00 (0.000e+00)  DirAnchor: 0.000e+00 (0.000e+00)  BinReg: 0.000e+00 (0.000e+00)  SelBinAnchor: 0.000e+00 (0.000e+00)  ActBinMargin: 0.000e+00 (0.000e+00)  Time: 0.224s, 2289.13/s  (0.223s, 2292.11/s)  LR: 1.166e-05  RefW: 0.000e+00  AnchorRefW: 0.000e+00  Data: 0.007 (0.007)
Train: 11 [1950/2502 ( 78%)]  Loss: 51.439575 (51.4058)  BaseLoss: 51.439575 (51.4058)  RefAttnKL: 0.000e+00 (0.000e+00)  RefLogitKL: 0.000e+00 (0.000e+00)  AnchorRefAttnKL: 0.000e+00 (0.000e+00)  TeacherAttnKL: 0.000e+00 (0.000e+00)  TeacherRel: 0.000e+00 (0.000e+00)  TeacherAttnOut: 0.000e+00 (0.000e+00)  TeacherFeatOut: 0.000e+00 (0.000e+00)  ActScaleAnchor: 0.000e+00 (0.000e+00)  VarTrust: 0.000e+00 (0.000e+00)  DirAnchor: 0.000e+00 (0.000e+00)  BinReg: 0.000e+00 (0.000e+00)  SelBinAnchor: 0.000e+00 (0.000e+00)  ActBinMargin: 0.000e+00 (0.000e+00)  Time: 0.251s, 2042.98/s  (0.223s, 2292.12/s)  LR: 1.165e-05  RefW: 0.000e+00  AnchorRefW: 0.000e+00  Data: 0.005 (0.007)
Train: 11 [2000/2502 ( 80%)]  Loss: 51.406651 (51.4059)  BaseLoss: 51.406651 (51.4059)  RefAttnKL: 0.000e+00 (0.000e+00)  RefLogitKL: 0.000e+00 (0.000e+00)  AnchorRefAttnKL: 0.000e+00 (0.000e+00)  TeacherAttnKL: 0.000e+00 (0.000e+00)  TeacherRel: 0.000e+00 (0.000e+00)  TeacherAttnOut: 0.000e+00 (0.000e+00)  TeacherFeatOut: 0.000e+00 (0.000e+00)  ActScaleAnchor: 0.000e+00 (0.000e+00)  VarTrust: 0.000e+00 (0.000e+00)  DirAnchor: 0.000e+00 (0.000e+00)  BinReg: 0.000e+00 (0.000e+00)  SelBinAnchor: 0.000e+00 (0.000e+00)  ActBinMargin: 0.000e+00 (0.000e+00)  Time: 0.223s, 2294.29/s  (0.223s, 2292.33/s)  LR: 1.164e-05  RefW: 0.000e+00  AnchorRefW: 0.000e+00  Data: 0.006 (0.007)
Train: 11 [2050/2502 ( 82%)]  Loss: 51.365898 (51.4049)  BaseLoss: 51.365898 (51.4049)  RefAttnKL: 0.000e+00 (0.000e+00)  RefLogitKL: 0.000e+00 (0.000e+00)  AnchorRefAttnKL: 0.000e+00 (0.000e+00)  TeacherAttnKL: 0.000e+00 (0.000e+00)  TeacherRel: 0.000e+00 (0.000e+00)  TeacherAttnOut: 0.000e+00 (0.000e+00)  TeacherFeatOut: 0.000e+00 (0.000e+00)  ActScaleAnchor: 0.000e+00 (0.000e+00)  VarTrust: 0.000e+00 (0.000e+00)  DirAnchor: 0.000e+00 (0.000e+00)  BinReg: 0.000e+00 (0.000e+00)  SelBinAnchor: 0.000e+00 (0.000e+00)  ActBinMargin: 0.000e+00 (0.000e+00)  Time: 0.224s, 2282.07/s  (0.223s, 2292.48/s)  LR: 1.163e-05  RefW: 0.000e+00  AnchorRefW: 0.000e+00  Data: 0.009 (0.007)
Train: 11 [2100/2502 ( 84%)]  Loss: 51.387878 (51.4045)  BaseLoss: 51.387878 (51.4045)  RefAttnKL: 0.000e+00 (0.000e+00)  RefLogitKL: 0.000e+00 (0.000e+00)  AnchorRefAttnKL: 0.000e+00 (0.000e+00)  TeacherAttnKL: 0.000e+00 (0.000e+00)  TeacherRel: 0.000e+00 (0.000e+00)  TeacherAttnOut: 0.000e+00 (0.000e+00)  TeacherFeatOut: 0.000e+00 (0.000e+00)  ActScaleAnchor: 0.000e+00 (0.000e+00)  VarTrust: 0.000e+00 (0.000e+00)  DirAnchor: 0.000e+00 (0.000e+00)  BinReg: 0.000e+00 (0.000e+00)  SelBinAnchor: 0.000e+00 (0.000e+00)  ActBinMargin: 0.000e+00 (0.000e+00)  Time: 0.224s, 2288.57/s  (0.223s, 2292.52/s)  LR: 1.162e-05  RefW: 0.000e+00  AnchorRefW: 0.000e+00  Data: 0.006 (0.007)
Train: 11 [2150/2502 ( 86%)]  Loss: 51.390263 (51.4042)  BaseLoss: 51.390263 (51.4042)  RefAttnKL: 0.000e+00 (0.000e+00)  RefLogitKL: 0.000e+00 (0.000e+00)  AnchorRefAttnKL: 0.000e+00 (0.000e+00)  TeacherAttnKL: 0.000e+00 (0.000e+00)  TeacherRel: 0.000e+00 (0.000e+00)  TeacherAttnOut: 0.000e+00 (0.000e+00)  TeacherFeatOut: 0.000e+00 (0.000e+00)  ActScaleAnchor: 0.000e+00 (0.000e+00)  VarTrust: 0.000e+00 (0.000e+00)  DirAnchor: 0.000e+00 (0.000e+00)  BinReg: 0.000e+00 (0.000e+00)  SelBinAnchor: 0.000e+00 (0.000e+00)  ActBinMargin: 0.000e+00 (0.000e+00)  Time: 0.223s, 2292.06/s  (0.223s, 2292.70/s)  LR: 1.161e-05  RefW: 0.000e+00  AnchorRefW: 0.000e+00  Data: 0.005 (0.007)
Train: 11 [2200/2502 ( 88%)]  Loss: 51.401531 (51.4041)  BaseLoss: 51.401531 (51.4041)  RefAttnKL: 0.000e+00 (0.000e+00)  RefLogitKL: 0.000e+00 (0.000e+00)  AnchorRefAttnKL: 0.000e+00 (0.000e+00)  TeacherAttnKL: 0.000e+00 (0.000e+00)  TeacherRel: 0.000e+00 (0.000e+00)  TeacherAttnOut: 0.000e+00 (0.000e+00)  TeacherFeatOut: 0.000e+00 (0.000e+00)  ActScaleAnchor: 0.000e+00 (0.000e+00)  VarTrust: 0.000e+00 (0.000e+00)  DirAnchor: 0.000e+00 (0.000e+00)  BinReg: 0.000e+00 (0.000e+00)  SelBinAnchor: 0.000e+00 (0.000e+00)  ActBinMargin: 0.000e+00 (0.000e+00)  Time: 0.224s, 2287.38/s  (0.223s, 2292.61/s)  LR: 1.160e-05  RefW: 0.000e+00  AnchorRefW: 0.000e+00  Data: 0.006 (0.007)
Train: 11 [2250/2502 ( 90%)]  Loss: 51.381950 (51.4037)  BaseLoss: 51.381950 (51.4037)  RefAttnKL: 0.000e+00 (0.000e+00)  RefLogitKL: 0.000e+00 (0.000e+00)  AnchorRefAttnKL: 0.000e+00 (0.000e+00)  TeacherAttnKL: 0.000e+00 (0.000e+00)  TeacherRel: 0.000e+00 (0.000e+00)  TeacherAttnOut: 0.000e+00 (0.000e+00)  TeacherFeatOut: 0.000e+00 (0.000e+00)  ActScaleAnchor: 0.000e+00 (0.000e+00)  VarTrust: 0.000e+00 (0.000e+00)  DirAnchor: 0.000e+00 (0.000e+00)  BinReg: 0.000e+00 (0.000e+00)  SelBinAnchor: 0.000e+00 (0.000e+00)  ActBinMargin: 0.000e+00 (0.000e+00)  Time: 0.224s, 2289.91/s  (0.223s, 2292.76/s)  LR: 1.159e-05  RefW: 0.000e+00  AnchorRefW: 0.000e+00  Data: 0.008 (0.007)
Train: 11 [2300/2502 ( 92%)]  Loss: 51.431664 (51.4042)  BaseLoss: 51.431664 (51.4042)  RefAttnKL: 0.000e+00 (0.000e+00)  RefLogitKL: 0.000e+00 (0.000e+00)  AnchorRefAttnKL: 0.000e+00 (0.000e+00)  TeacherAttnKL: 0.000e+00 (0.000e+00)  TeacherRel: 0.000e+00 (0.000e+00)  TeacherAttnOut: 0.000e+00 (0.000e+00)  TeacherFeatOut: 0.000e+00 (0.000e+00)  ActScaleAnchor: 0.000e+00 (0.000e+00)  VarTrust: 0.000e+00 (0.000e+00)  DirAnchor: 0.000e+00 (0.000e+00)  BinReg: 0.000e+00 (0.000e+00)  SelBinAnchor: 0.000e+00 (0.000e+00)  ActBinMargin: 0.000e+00 (0.000e+00)  Time: 0.223s, 2298.71/s  (0.223s, 2292.89/s)  LR: 1.159e-05  RefW: 0.000e+00  AnchorRefW: 0.000e+00  Data: 0.007 (0.007)
Train: 11 [2350/2502 ( 94%)]  Loss: 51.424160 (51.4047)  BaseLoss: 51.424160 (51.4047)  RefAttnKL: 0.000e+00 (0.000e+00)  RefLogitKL: 0.000e+00 (0.000e+00)  AnchorRefAttnKL: 0.000e+00 (0.000e+00)  TeacherAttnKL: 0.000e+00 (0.000e+00)  TeacherRel: 0.000e+00 (0.000e+00)  TeacherAttnOut: 0.000e+00 (0.000e+00)  TeacherFeatOut: 0.000e+00 (0.000e+00)  ActScaleAnchor: 0.000e+00 (0.000e+00)  VarTrust: 0.000e+00 (0.000e+00)  DirAnchor: 0.000e+00 (0.000e+00)  BinReg: 0.000e+00 (0.000e+00)  SelBinAnchor: 0.000e+00 (0.000e+00)  ActBinMargin: 0.000e+00 (0.000e+00)  Time: 0.224s, 2286.90/s  (0.223s, 2293.03/s)  LR: 1.158e-05  RefW: 0.000e+00  AnchorRefW: 0.000e+00  Data: 0.005 (0.007)
Train: 11 [2400/2502 ( 96%)]  Loss: 51.382309 (51.4042)  BaseLoss: 51.382309 (51.4042)  RefAttnKL: 0.000e+00 (0.000e+00)  RefLogitKL: 0.000e+00 (0.000e+00)  AnchorRefAttnKL: 0.000e+00 (0.000e+00)  TeacherAttnKL: 0.000e+00 (0.000e+00)  TeacherRel: 0.000e+00 (0.000e+00)  TeacherAttnOut: 0.000e+00 (0.000e+00)  TeacherFeatOut: 0.000e+00 (0.000e+00)  ActScaleAnchor: 0.000e+00 (0.000e+00)  VarTrust: 0.000e+00 (0.000e+00)  DirAnchor: 0.000e+00 (0.000e+00)  BinReg: 0.000e+00 (0.000e+00)  SelBinAnchor: 0.000e+00 (0.000e+00)  ActBinMargin: 0.000e+00 (0.000e+00)  Time: 0.223s, 2294.56/s  (0.223s, 2293.06/s)  LR: 1.157e-05  RefW: 0.000e+00  AnchorRefW: 0.000e+00  Data: 0.006 (0.007)
Train: 11 [2450/2502 ( 98%)]  Loss: 51.416668 (51.4045)  BaseLoss: 51.416668 (51.4045)  RefAttnKL: 0.000e+00 (0.000e+00)  RefLogitKL: 0.000e+00 (0.000e+00)  AnchorRefAttnKL: 0.000e+00 (0.000e+00)  TeacherAttnKL: 0.000e+00 (0.000e+00)  TeacherRel: 0.000e+00 (0.000e+00)  TeacherAttnOut: 0.000e+00 (0.000e+00)  TeacherFeatOut: 0.000e+00 (0.000e+00)  ActScaleAnchor: 0.000e+00 (0.000e+00)  VarTrust: 0.000e+00 (0.000e+00)  DirAnchor: 0.000e+00 (0.000e+00)  BinReg: 0.000e+00 (0.000e+00)  SelBinAnchor: 0.000e+00 (0.000e+00)  ActBinMargin: 0.000e+00 (0.000e+00)  Time: 0.223s, 2292.03/s  (0.223s, 2293.18/s)  LR: 1.156e-05  RefW: 0.000e+00  AnchorRefW: 0.000e+00  Data: 0.008 (0.007)
TrainSummary: epoch=11 updates=2496 avg_step_time=0.223257s samples_per_step=512 samples_per_sec=2293.32
epoch:  11 g['lr']:  1.1546279191970826e-05
model eval
TestLocal: [   0/97]  Time: 0.909 (0.909)  Loss:  0.7885  Acc@1: 81.2500  Acc@5: 95.3125  Samples: 64
TestLocal: [  50/97]  Time: 0.090 (0.106)  Loss:  0.8350  Acc@1: 81.3113  Acc@5: 95.0368  Samples: 3264
TestLocal: [  97/97]  Time: 0.049 (0.098)  Loss:  0.8253  Acc@1: 81.1507  Acc@5: 95.3485  Samples: 6170
TestLocal: [ 100/97]  Time: 0.049 (0.096)  Loss:  0.8253  Acc@1: 81.1272  Acc@5: 95.3462  Samples: 6210
Test: [distributed-summary]  Time: 10.155s  Loss: 0.8444  Acc@1: 80.4540  Acc@5: 95.3280  Samples: 50000
Trainable parameter policy: epoch=12, quant_only=False, policy=all, trainable=28608256, frozen=0
AOQ explore scale ratio update: epoch=12, update=0, active=False, base_ratio=1.0, threshold_ratio=0.0, base_layers=(), selective_margin=0.0, base_quantizers=0, layer_ratios={}, layer_quantizers=0, layer_counts={}, quality_mode=none, quality_layers=(), quality_start_update=0, quality_min_frac=0.0, start_update=0, end_update=0
Trainable parameter update policy: epoch=12, update=0, mode=requires_grad, policy=all, trainable=28608256, frozen=0
Train: 12 [   0/2502 (  0%)]  Loss: 51.396992 (51.3970)  BaseLoss: 51.396992 (51.3970)  RefAttnKL: 0.000e+00 (0.000e+00)  RefLogitKL: 0.000e+00 (0.000e+00)  AnchorRefAttnKL: 0.000e+00 (0.000e+00)  TeacherAttnKL: 0.000e+00 (0.000e+00)  TeacherRel: 0.000e+00 (0.000e+00)  TeacherAttnOut: 0.000e+00 (0.000e+00)  TeacherFeatOut: 0.000e+00 (0.000e+00)  ActScaleAnchor: 0.000e+00 (0.000e+00)  VarTrust: 0.000e+00 (0.000e+00)  DirAnchor: 0.000e+00 (0.000e+00)  BinReg: 0.000e+00 (0.000e+00)  SelBinAnchor: 0.000e+00 (0.000e+00)  ActBinMargin: 0.000e+00 (0.000e+00)  Time: 1.079s,  474.34/s  (1.079s,  474.34/s)  LR: 1.154e-05  RefW: 0.000e+00  AnchorRefW: 0.000e+00  Data: 0.850 (0.850)
Train: 12 [  50/2502 (  2%)]  Loss: 51.389870 (51.3934)  BaseLoss: 51.389870 (51.3934)  RefAttnKL: 0.000e+00 (0.000e+00)  RefLogitKL: 0.000e+00 (0.000e+00)  AnchorRefAttnKL: 0.000e+00 (0.000e+00)  TeacherAttnKL: 0.000e+00 (0.000e+00)  TeacherRel: 0.000e+00 (0.000e+00)  TeacherAttnOut: 0.000e+00 (0.000e+00)  TeacherFeatOut: 0.000e+00 (0.000e+00)  ActScaleAnchor: 0.000e+00 (0.000e+00)  VarTrust: 0.000e+00 (0.000e+00)  DirAnchor: 0.000e+00 (0.000e+00)  BinReg: 0.000e+00 (0.000e+00)  SelBinAnchor: 0.000e+00 (0.000e+00)  ActBinMargin: 0.000e+00 (0.000e+00)  Time: 0.223s, 2297.95/s  (0.240s, 2136.92/s)  LR: 1.153e-05  RefW: 0.000e+00  AnchorRefW: 0.000e+00  Data: 0.005 (0.023)
Train: 12 [ 100/2502 (  4%)]  Loss: 51.408691 (51.3985)  BaseLoss: 51.408691 (51.3985)  RefAttnKL: 0.000e+00 (0.000e+00)  RefLogitKL: 0.000e+00 (0.000e+00)  AnchorRefAttnKL: 0.000e+00 (0.000e+00)  TeacherAttnKL: 0.000e+00 (0.000e+00)  TeacherRel: 0.000e+00 (0.000e+00)  TeacherAttnOut: 0.000e+00 (0.000e+00)  TeacherFeatOut: 0.000e+00 (0.000e+00)  ActScaleAnchor: 0.000e+00 (0.000e+00)  VarTrust: 0.000e+00 (0.000e+00)  DirAnchor: 0.000e+00 (0.000e+00)  BinReg: 0.000e+00 (0.000e+00)  SelBinAnchor: 0.000e+00 (0.000e+00)  ActBinMargin: 0.000e+00 (0.000e+00)  Time: 0.223s, 2292.10/s  (0.231s, 2213.82/s)  LR: 1.152e-05  RefW: 0.000e+00  AnchorRefW: 0.000e+00  Data: 0.006 (0.014)
Train: 12 [ 150/2502 (  6%)]  Loss: 51.414005 (51.4024)  BaseLoss: 51.414005 (51.4024)  RefAttnKL: 0.000e+00 (0.000e+00)  RefLogitKL: 0.000e+00 (0.000e+00)  AnchorRefAttnKL: 0.000e+00 (0.000e+00)  TeacherAttnKL: 0.000e+00 (0.000e+00)  TeacherRel: 0.000e+00 (0.000e+00)  TeacherAttnOut: 0.000e+00 (0.000e+00)  TeacherFeatOut: 0.000e+00 (0.000e+00)  ActScaleAnchor: 0.000e+00 (0.000e+00)  VarTrust: 0.000e+00 (0.000e+00)  DirAnchor: 0.000e+00 (0.000e+00)  BinReg: 0.000e+00 (0.000e+00)  SelBinAnchor: 0.000e+00 (0.000e+00)  ActBinMargin: 0.000e+00 (0.000e+00)  Time: 0.224s, 2287.21/s  (0.228s, 2241.70/s)  LR: 1.152e-05  RefW: 0.000e+00  AnchorRefW: 0.000e+00  Data: 0.005 (0.012)
Train: 12 [ 200/2502 (  8%)]  Loss: 51.375973 (51.3971)  BaseLoss: 51.375973 (51.3971)  RefAttnKL: 0.000e+00 (0.000e+00)  RefLogitKL: 0.000e+00 (0.000e+00)  AnchorRefAttnKL: 0.000e+00 (0.000e+00)  TeacherAttnKL: 0.000e+00 (0.000e+00)  TeacherRel: 0.000e+00 (0.000e+00)  TeacherAttnOut: 0.000e+00 (0.000e+00)  TeacherFeatOut: 0.000e+00 (0.000e+00)  ActScaleAnchor: 0.000e+00 (0.000e+00)  VarTrust: 0.000e+00 (0.000e+00)  DirAnchor: 0.000e+00 (0.000e+00)  BinReg: 0.000e+00 (0.000e+00)  SelBinAnchor: 0.000e+00 (0.000e+00)  ActBinMargin: 0.000e+00 (0.000e+00)  Time: 0.224s, 2289.81/s  (0.227s, 2256.00/s)  LR: 1.151e-05  RefW: 0.000e+00  AnchorRefW: 0.000e+00  Data: 0.007 (0.011)
Train: 12 [ 250/2502 ( 10%)]  Loss: 51.430840 (51.4027)  BaseLoss: 51.430840 (51.4027)  RefAttnKL: 0.000e+00 (0.000e+00)  RefLogitKL: 0.000e+00 (0.000e+00)  AnchorRefAttnKL: 0.000e+00 (0.000e+00)  TeacherAttnKL: 0.000e+00 (0.000e+00)  TeacherRel: 0.000e+00 (0.000e+00)  TeacherAttnOut: 0.000e+00 (0.000e+00)  TeacherFeatOut: 0.000e+00 (0.000e+00)  ActScaleAnchor: 0.000e+00 (0.000e+00)  VarTrust: 0.000e+00 (0.000e+00)  DirAnchor: 0.000e+00 (0.000e+00)  BinReg: 0.000e+00 (0.000e+00)  SelBinAnchor: 0.000e+00 (0.000e+00)  ActBinMargin: 0.000e+00 (0.000e+00)  Time: 0.223s, 2293.40/s  (0.226s, 2264.49/s)  LR: 1.150e-05  RefW: 0.000e+00  AnchorRefW: 0.000e+00  Data: 0.006 (0.010)
Train: 12 [ 300/2502 ( 12%)]  Loss: 51.400688 (51.4024)  BaseLoss: 51.400688 (51.4024)  RefAttnKL: 0.000e+00 (0.000e+00)  RefLogitKL: 0.000e+00 (0.000e+00)  AnchorRefAttnKL: 0.000e+00 (0.000e+00)  TeacherAttnKL: 0.000e+00 (0.000e+00)  TeacherRel: 0.000e+00 (0.000e+00)  TeacherAttnOut: 0.000e+00 (0.000e+00)  TeacherFeatOut: 0.000e+00 (0.000e+00)  ActScaleAnchor: 0.000e+00 (0.000e+00)  VarTrust: 0.000e+00 (0.000e+00)  DirAnchor: 0.000e+00 (0.000e+00)  BinReg: 0.000e+00 (0.000e+00)  SelBinAnchor: 0.000e+00 (0.000e+00)  ActBinMargin: 0.000e+00 (0.000e+00)  Time: 0.223s, 2293.61/s  (0.226s, 2270.32/s)  LR: 1.149e-05  RefW: 0.000e+00  AnchorRefW: 0.000e+00  Data: 0.007 (0.009)
Train: 12 [ 350/2502 ( 14%)]  Loss: 51.449448 (51.4083)  BaseLoss: 51.449448 (51.4083)  RefAttnKL: 0.000e+00 (0.000e+00)  RefLogitKL: 0.000e+00 (0.000e+00)  AnchorRefAttnKL: 0.000e+00 (0.000e+00)  TeacherAttnKL: 0.000e+00 (0.000e+00)  TeacherRel: 0.000e+00 (0.000e+00)  TeacherAttnOut: 0.000e+00 (0.000e+00)  TeacherFeatOut: 0.000e+00 (0.000e+00)  ActScaleAnchor: 0.000e+00 (0.000e+00)  VarTrust: 0.000e+00 (0.000e+00)  DirAnchor: 0.000e+00 (0.000e+00)  BinReg: 0.000e+00 (0.000e+00)  SelBinAnchor: 0.000e+00 (0.000e+00)  ActBinMargin: 0.000e+00 (0.000e+00)  Time: 0.223s, 2294.91/s  (0.225s, 2273.66/s)  LR: 1.148e-05  RefW: 0.000e+00  AnchorRefW: 0.000e+00  Data: 0.005 (0.009)
Train: 12 [ 400/2502 ( 16%)]  Loss: 51.425518 (51.4102)  BaseLoss: 51.425518 (51.4102)  RefAttnKL: 0.000e+00 (0.000e+00)  RefLogitKL: 0.000e+00 (0.000e+00)  AnchorRefAttnKL: 0.000e+00 (0.000e+00)  TeacherAttnKL: 0.000e+00 (0.000e+00)  TeacherRel: 0.000e+00 (0.000e+00)  TeacherAttnOut: 0.000e+00 (0.000e+00)  TeacherFeatOut: 0.000e+00 (0.000e+00)  ActScaleAnchor: 0.000e+00 (0.000e+00)  VarTrust: 0.000e+00 (0.000e+00)  DirAnchor: 0.000e+00 (0.000e+00)  BinReg: 0.000e+00 (0.000e+00)  SelBinAnchor: 0.000e+00 (0.000e+00)  ActBinMargin: 0.000e+00 (0.000e+00)  Time: 0.223s, 2291.60/s  (0.225s, 2276.85/s)  LR: 1.147e-05  RefW: 0.000e+00  AnchorRefW: 0.000e+00  Data: 0.006 (0.008)
Train: 12 [ 450/2502 ( 18%)]  Loss: 51.416309 (51.4108)  BaseLoss: 51.416309 (51.4108)  RefAttnKL: 0.000e+00 (0.000e+00)  RefLogitKL: 0.000e+00 (0.000e+00)  AnchorRefAttnKL: 0.000e+00 (0.000e+00)  TeacherAttnKL: 0.000e+00 (0.000e+00)  TeacherRel: 0.000e+00 (0.000e+00)  TeacherAttnOut: 0.000e+00 (0.000e+00)  TeacherFeatOut: 0.000e+00 (0.000e+00)  ActScaleAnchor: 0.000e+00 (0.000e+00)  VarTrust: 0.000e+00 (0.000e+00)  DirAnchor: 0.000e+00 (0.000e+00)  BinReg: 0.000e+00 (0.000e+00)  SelBinAnchor: 0.000e+00 (0.000e+00)  ActBinMargin: 0.000e+00 (0.000e+00)  Time: 0.224s, 2288.88/s  (0.225s, 2278.71/s)  LR: 1.146e-05  RefW: 0.000e+00  AnchorRefW: 0.000e+00  Data: 0.006 (0.008)
Train: 12 [ 500/2502 ( 20%)]  Loss: 51.441784 (51.4136)  BaseLoss: 51.441784 (51.4136)  RefAttnKL: 0.000e+00 (0.000e+00)  RefLogitKL: 0.000e+00 (0.000e+00)  AnchorRefAttnKL: 0.000e+00 (0.000e+00)  TeacherAttnKL: 0.000e+00 (0.000e+00)  TeacherRel: 0.000e+00 (0.000e+00)  TeacherAttnOut: 0.000e+00 (0.000e+00)  TeacherFeatOut: 0.000e+00 (0.000e+00)  ActScaleAnchor: 0.000e+00 (0.000e+00)  VarTrust: 0.000e+00 (0.000e+00)  DirAnchor: 0.000e+00 (0.000e+00)  BinReg: 0.000e+00 (0.000e+00)  SelBinAnchor: 0.000e+00 (0.000e+00)  ActBinMargin: 0.000e+00 (0.000e+00)  Time: 0.224s, 2290.68/s  (0.224s, 2280.76/s)  LR: 1.145e-05  RefW: 0.000e+00  AnchorRefW: 0.000e+00  Data: 0.006 (0.008)
Train: 12 [ 550/2502 ( 22%)]  Loss: 51.433331 (51.4153)  BaseLoss: 51.433331 (51.4153)  RefAttnKL: 0.000e+00 (0.000e+00)  RefLogitKL: 0.000e+00 (0.000e+00)  AnchorRefAttnKL: 0.000e+00 (0.000e+00)  TeacherAttnKL: 0.000e+00 (0.000e+00)  TeacherRel: 0.000e+00 (0.000e+00)  TeacherAttnOut: 0.000e+00 (0.000e+00)  TeacherFeatOut: 0.000e+00 (0.000e+00)  ActScaleAnchor: 0.000e+00 (0.000e+00)  VarTrust: 0.000e+00 (0.000e+00)  DirAnchor: 0.000e+00 (0.000e+00)  BinReg: 0.000e+00 (0.000e+00)  SelBinAnchor: 0.000e+00 (0.000e+00)  ActBinMargin: 0.000e+00 (0.000e+00)  Time: 0.223s, 2292.68/s  (0.224s, 2281.95/s)  LR: 1.144e-05  RefW: 0.000e+00  AnchorRefW: 0.000e+00  Data: 0.006 (0.008)
Train: 12 [ 600/2502 ( 24%)]  Loss: 51.356998 (51.4108)  BaseLoss: 51.356998 (51.4108)  RefAttnKL: 0.000e+00 (0.000e+00)  RefLogitKL: 0.000e+00 (0.000e+00)  AnchorRefAttnKL: 0.000e+00 (0.000e+00)  TeacherAttnKL: 0.000e+00 (0.000e+00)  TeacherRel: 0.000e+00 (0.000e+00)  TeacherAttnOut: 0.000e+00 (0.000e+00)  TeacherFeatOut: 0.000e+00 (0.000e+00)  ActScaleAnchor: 0.000e+00 (0.000e+00)  VarTrust: 0.000e+00 (0.000e+00)  DirAnchor: 0.000e+00 (0.000e+00)  BinReg: 0.000e+00 (0.000e+00)  SelBinAnchor: 0.000e+00 (0.000e+00)  ActBinMargin: 0.000e+00 (0.000e+00)  Time: 0.224s, 2290.14/s  (0.224s, 2283.43/s)  LR: 1.142e-05  RefW: 0.000e+00  AnchorRefW: 0.000e+00  Data: 0.006 (0.008)
Train: 12 [ 650/2502 ( 26%)]  Loss: 51.424103 (51.4118)  BaseLoss: 51.424103 (51.4118)  RefAttnKL: 0.000e+00 (0.000e+00)  RefLogitKL: 0.000e+00 (0.000e+00)  AnchorRefAttnKL: 0.000e+00 (0.000e+00)  TeacherAttnKL: 0.000e+00 (0.000e+00)  TeacherRel: 0.000e+00 (0.000e+00)  TeacherAttnOut: 0.000e+00 (0.000e+00)  TeacherFeatOut: 0.000e+00 (0.000e+00)  ActScaleAnchor: 0.000e+00 (0.000e+00)  VarTrust: 0.000e+00 (0.000e+00)  DirAnchor: 0.000e+00 (0.000e+00)  BinReg: 0.000e+00 (0.000e+00)  SelBinAnchor: 0.000e+00 (0.000e+00)  ActBinMargin: 0.000e+00 (0.000e+00)  Time: 0.223s, 2294.50/s  (0.224s, 2284.29/s)  LR: 1.141e-05  RefW: 0.000e+00  AnchorRefW: 0.000e+00  Data: 0.006 (0.008)
Train: 12 [ 700/2502 ( 28%)]  Loss: 51.376804 (51.4094)  BaseLoss: 51.376804 (51.4094)  RefAttnKL: 0.000e+00 (0.000e+00)  RefLogitKL: 0.000e+00 (0.000e+00)  AnchorRefAttnKL: 0.000e+00 (0.000e+00)  TeacherAttnKL: 0.000e+00 (0.000e+00)  TeacherRel: 0.000e+00 (0.000e+00)  TeacherAttnOut: 0.000e+00 (0.000e+00)  TeacherFeatOut: 0.000e+00 (0.000e+00)  ActScaleAnchor: 0.000e+00 (0.000e+00)  VarTrust: 0.000e+00 (0.000e+00)  DirAnchor: 0.000e+00 (0.000e+00)  BinReg: 0.000e+00 (0.000e+00)  SelBinAnchor: 0.000e+00 (0.000e+00)  ActBinMargin: 0.000e+00 (0.000e+00)  Time: 0.223s, 2291.78/s  (0.224s, 2285.27/s)  LR: 1.140e-05  RefW: 0.000e+00  AnchorRefW: 0.000e+00  Data: 0.006 (0.008)
Train: 12 [ 750/2502 ( 30%)]  Loss: 51.369759 (51.4069)  BaseLoss: 51.369759 (51.4069)  RefAttnKL: 0.000e+00 (0.000e+00)  RefLogitKL: 0.000e+00 (0.000e+00)  AnchorRefAttnKL: 0.000e+00 (0.000e+00)  TeacherAttnKL: 0.000e+00 (0.000e+00)  TeacherRel: 0.000e+00 (0.000e+00)  TeacherAttnOut: 0.000e+00 (0.000e+00)  TeacherFeatOut: 0.000e+00 (0.000e+00)  ActScaleAnchor: 0.000e+00 (0.000e+00)  VarTrust: 0.000e+00 (0.000e+00)  DirAnchor: 0.000e+00 (0.000e+00)  BinReg: 0.000e+00 (0.000e+00)  SelBinAnchor: 0.000e+00 (0.000e+00)  ActBinMargin: 0.000e+00 (0.000e+00)  Time: 0.224s, 2286.73/s  (0.224s, 2286.19/s)  LR: 1.139e-05  RefW: 0.000e+00  AnchorRefW: 0.000e+00  Data: 0.005 (0.008)
Train: 12 [ 800/2502 ( 32%)]  Loss: 51.401306 (51.4066)  BaseLoss: 51.401306 (51.4066)  RefAttnKL: 0.000e+00 (0.000e+00)  RefLogitKL: 0.000e+00 (0.000e+00)  AnchorRefAttnKL: 0.000e+00 (0.000e+00)  TeacherAttnKL: 0.000e+00 (0.000e+00)  TeacherRel: 0.000e+00 (0.000e+00)  TeacherAttnOut: 0.000e+00 (0.000e+00)  TeacherFeatOut: 0.000e+00 (0.000e+00)  ActScaleAnchor: 0.000e+00 (0.000e+00)  VarTrust: 0.000e+00 (0.000e+00)  DirAnchor: 0.000e+00 (0.000e+00)  BinReg: 0.000e+00 (0.000e+00)  SelBinAnchor: 0.000e+00 (0.000e+00)  ActBinMargin: 0.000e+00 (0.000e+00)  Time: 0.223s, 2291.02/s  (0.224s, 2286.94/s)  LR: 1.138e-05  RefW: 0.000e+00  AnchorRefW: 0.000e+00  Data: 0.006 (0.007)
Train: 12 [ 850/2502 ( 34%)]  Loss: 51.371990 (51.4047)  BaseLoss: 51.371990 (51.4047)  RefAttnKL: 0.000e+00 (0.000e+00)  RefLogitKL: 0.000e+00 (0.000e+00)  AnchorRefAttnKL: 0.000e+00 (0.000e+00)  TeacherAttnKL: 0.000e+00 (0.000e+00)  TeacherRel: 0.000e+00 (0.000e+00)  TeacherAttnOut: 0.000e+00 (0.000e+00)  TeacherFeatOut: 0.000e+00 (0.000e+00)  ActScaleAnchor: 0.000e+00 (0.000e+00)  VarTrust: 0.000e+00 (0.000e+00)  DirAnchor: 0.000e+00 (0.000e+00)  BinReg: 0.000e+00 (0.000e+00)  SelBinAnchor: 0.000e+00 (0.000e+00)  ActBinMargin: 0.000e+00 (0.000e+00)  Time: 0.234s, 2183.61/s  (0.224s, 2287.40/s)  LR: 1.137e-05  RefW: 0.000e+00  AnchorRefW: 0.000e+00  Data: 0.006 (0.007)
Train: 12 [ 900/2502 ( 36%)]  Loss: 51.379002 (51.4033)  BaseLoss: 51.379002 (51.4033)  RefAttnKL: 0.000e+00 (0.000e+00)  RefLogitKL: 0.000e+00 (0.000e+00)  AnchorRefAttnKL: 0.000e+00 (0.000e+00)  TeacherAttnKL: 0.000e+00 (0.000e+00)  TeacherRel: 0.000e+00 (0.000e+00)  TeacherAttnOut: 0.000e+00 (0.000e+00)  TeacherFeatOut: 0.000e+00 (0.000e+00)  ActScaleAnchor: 0.000e+00 (0.000e+00)  VarTrust: 0.000e+00 (0.000e+00)  DirAnchor: 0.000e+00 (0.000e+00)  BinReg: 0.000e+00 (0.000e+00)  SelBinAnchor: 0.000e+00 (0.000e+00)  ActBinMargin: 0.000e+00 (0.000e+00)  Time: 0.224s, 2288.49/s  (0.224s, 2287.63/s)  LR: 1.136e-05  RefW: 0.000e+00  AnchorRefW: 0.000e+00  Data: 0.007 (0.007)
Train: 12 [ 950/2502 ( 38%)]  Loss: 51.396706 (51.4030)  BaseLoss: 51.396706 (51.4030)  RefAttnKL: 0.000e+00 (0.000e+00)  RefLogitKL: 0.000e+00 (0.000e+00)  AnchorRefAttnKL: 0.000e+00 (0.000e+00)  TeacherAttnKL: 0.000e+00 (0.000e+00)  TeacherRel: 0.000e+00 (0.000e+00)  TeacherAttnOut: 0.000e+00 (0.000e+00)  TeacherFeatOut: 0.000e+00 (0.000e+00)  ActScaleAnchor: 0.000e+00 (0.000e+00)  VarTrust: 0.000e+00 (0.000e+00)  DirAnchor: 0.000e+00 (0.000e+00)  BinReg: 0.000e+00 (0.000e+00)  SelBinAnchor: 0.000e+00 (0.000e+00)  ActBinMargin: 0.000e+00 (0.000e+00)  Time: 0.223s, 2296.03/s  (0.224s, 2288.20/s)  LR: 1.135e-05  RefW: 0.000e+00  AnchorRefW: 0.000e+00  Data: 0.006 (0.007)
Train: 12 [1000/2502 ( 40%)]  Loss: 51.410477 (51.4034)  BaseLoss: 51.410477 (51.4034)  RefAttnKL: 0.000e+00 (0.000e+00)  RefLogitKL: 0.000e+00 (0.000e+00)  AnchorRefAttnKL: 0.000e+00 (0.000e+00)  TeacherAttnKL: 0.000e+00 (0.000e+00)  TeacherRel: 0.000e+00 (0.000e+00)  TeacherAttnOut: 0.000e+00 (0.000e+00)  TeacherFeatOut: 0.000e+00 (0.000e+00)  ActScaleAnchor: 0.000e+00 (0.000e+00)  VarTrust: 0.000e+00 (0.000e+00)  DirAnchor: 0.000e+00 (0.000e+00)  BinReg: 0.000e+00 (0.000e+00)  SelBinAnchor: 0.000e+00 (0.000e+00)  ActBinMargin: 0.000e+00 (0.000e+00)  Time: 0.223s, 2293.55/s  (0.224s, 2288.52/s)  LR: 1.134e-05  RefW: 0.000e+00  AnchorRefW: 0.000e+00  Data: 0.006 (0.007)
Train: 12 [1050/2502 ( 42%)]  Loss: 51.396091 (51.4030)  BaseLoss: 51.396091 (51.4030)  RefAttnKL: 0.000e+00 (0.000e+00)  RefLogitKL: 0.000e+00 (0.000e+00)  AnchorRefAttnKL: 0.000e+00 (0.000e+00)  TeacherAttnKL: 0.000e+00 (0.000e+00)  TeacherRel: 0.000e+00 (0.000e+00)  TeacherAttnOut: 0.000e+00 (0.000e+00)  TeacherFeatOut: 0.000e+00 (0.000e+00)  ActScaleAnchor: 0.000e+00 (0.000e+00)  VarTrust: 0.000e+00 (0.000e+00)  DirAnchor: 0.000e+00 (0.000e+00)  BinReg: 0.000e+00 (0.000e+00)  SelBinAnchor: 0.000e+00 (0.000e+00)  ActBinMargin: 0.000e+00 (0.000e+00)  Time: 0.223s, 2295.51/s  (0.224s, 2287.21/s)  LR: 1.133e-05  RefW: 0.000e+00  AnchorRefW: 0.000e+00  Data: 0.006 (0.007)
Train: 12 [1100/2502 ( 44%)]  Loss: 51.371010 (51.4016)  BaseLoss: 51.371010 (51.4016)  RefAttnKL: 0.000e+00 (0.000e+00)  RefLogitKL: 0.000e+00 (0.000e+00)  AnchorRefAttnKL: 0.000e+00 (0.000e+00)  TeacherAttnKL: 0.000e+00 (0.000e+00)  TeacherRel: 0.000e+00 (0.000e+00)  TeacherAttnOut: 0.000e+00 (0.000e+00)  TeacherFeatOut: 0.000e+00 (0.000e+00)  ActScaleAnchor: 0.000e+00 (0.000e+00)  VarTrust: 0.000e+00 (0.000e+00)  DirAnchor: 0.000e+00 (0.000e+00)  BinReg: 0.000e+00 (0.000e+00)  SelBinAnchor: 0.000e+00 (0.000e+00)  ActBinMargin: 0.000e+00 (0.000e+00)  Time: 0.224s, 2290.79/s  (0.224s, 2287.72/s)  LR: 1.132e-05  RefW: 0.000e+00  AnchorRefW: 0.000e+00  Data: 0.007 (0.007)
Train: 12 [1150/2502 ( 46%)]  Loss: 51.403469 (51.4017)  BaseLoss: 51.403469 (51.4017)  RefAttnKL: 0.000e+00 (0.000e+00)  RefLogitKL: 0.000e+00 (0.000e+00)  AnchorRefAttnKL: 0.000e+00 (0.000e+00)  TeacherAttnKL: 0.000e+00 (0.000e+00)  TeacherRel: 0.000e+00 (0.000e+00)  TeacherAttnOut: 0.000e+00 (0.000e+00)  TeacherFeatOut: 0.000e+00 (0.000e+00)  ActScaleAnchor: 0.000e+00 (0.000e+00)  VarTrust: 0.000e+00 (0.000e+00)  DirAnchor: 0.000e+00 (0.000e+00)  BinReg: 0.000e+00 (0.000e+00)  SelBinAnchor: 0.000e+00 (0.000e+00)  ActBinMargin: 0.000e+00 (0.000e+00)  Time: 0.223s, 2291.97/s  (0.224s, 2288.25/s)  LR: 1.131e-05  RefW: 0.000e+00  AnchorRefW: 0.000e+00  Data: 0.006 (0.007)
Train: 12 [1200/2502 ( 48%)]  Loss: 51.379219 (51.4008)  BaseLoss: 51.379219 (51.4008)  RefAttnKL: 0.000e+00 (0.000e+00)  RefLogitKL: 0.000e+00 (0.000e+00)  AnchorRefAttnKL: 0.000e+00 (0.000e+00)  TeacherAttnKL: 0.000e+00 (0.000e+00)  TeacherRel: 0.000e+00 (0.000e+00)  TeacherAttnOut: 0.000e+00 (0.000e+00)  TeacherFeatOut: 0.000e+00 (0.000e+00)  ActScaleAnchor: 0.000e+00 (0.000e+00)  VarTrust: 0.000e+00 (0.000e+00)  DirAnchor: 0.000e+00 (0.000e+00)  BinReg: 0.000e+00 (0.000e+00)  SelBinAnchor: 0.000e+00 (0.000e+00)  ActBinMargin: 0.000e+00 (0.000e+00)  Time: 0.224s, 2283.38/s  (0.224s, 2288.62/s)  LR: 1.130e-05  RefW: 0.000e+00  AnchorRefW: 0.000e+00  Data: 0.006 (0.007)
Train: 12 [1250/2502 ( 50%)]  Loss: 51.404022 (51.4009)  BaseLoss: 51.404022 (51.4009)  RefAttnKL: 0.000e+00 (0.000e+00)  RefLogitKL: 0.000e+00 (0.000e+00)  AnchorRefAttnKL: 0.000e+00 (0.000e+00)  TeacherAttnKL: 0.000e+00 (0.000e+00)  TeacherRel: 0.000e+00 (0.000e+00)  TeacherAttnOut: 0.000e+00 (0.000e+00)  TeacherFeatOut: 0.000e+00 (0.000e+00)  ActScaleAnchor: 0.000e+00 (0.000e+00)  VarTrust: 0.000e+00 (0.000e+00)  DirAnchor: 0.000e+00 (0.000e+00)  BinReg: 0.000e+00 (0.000e+00)  SelBinAnchor: 0.000e+00 (0.000e+00)  ActBinMargin: 0.000e+00 (0.000e+00)  Time: 0.223s, 2292.61/s  (0.224s, 2289.07/s)  LR: 1.129e-05  RefW: 0.000e+00  AnchorRefW: 0.000e+00  Data: 0.006 (0.007)
Train: 12 [1300/2502 ( 52%)]  Loss: 51.430202 (51.4020)  BaseLoss: 51.430202 (51.4020)  RefAttnKL: 0.000e+00 (0.000e+00)  RefLogitKL: 0.000e+00 (0.000e+00)  AnchorRefAttnKL: 0.000e+00 (0.000e+00)  TeacherAttnKL: 0.000e+00 (0.000e+00)  TeacherRel: 0.000e+00 (0.000e+00)  TeacherAttnOut: 0.000e+00 (0.000e+00)  TeacherFeatOut: 0.000e+00 (0.000e+00)  ActScaleAnchor: 0.000e+00 (0.000e+00)  VarTrust: 0.000e+00 (0.000e+00)  DirAnchor: 0.000e+00 (0.000e+00)  BinReg: 0.000e+00 (0.000e+00)  SelBinAnchor: 0.000e+00 (0.000e+00)  ActBinMargin: 0.000e+00 (0.000e+00)  Time: 0.223s, 2295.95/s  (0.224s, 2289.49/s)  LR: 1.128e-05  RefW: 0.000e+00  AnchorRefW: 0.000e+00  Data: 0.007 (0.007)
Train: 12 [1350/2502 ( 54%)]  Loss: 51.403320 (51.4021)  BaseLoss: 51.403320 (51.4021)  RefAttnKL: 0.000e+00 (0.000e+00)  RefLogitKL: 0.000e+00 (0.000e+00)  AnchorRefAttnKL: 0.000e+00 (0.000e+00)  TeacherAttnKL: 0.000e+00 (0.000e+00)  TeacherRel: 0.000e+00 (0.000e+00)  TeacherAttnOut: 0.000e+00 (0.000e+00)  TeacherFeatOut: 0.000e+00 (0.000e+00)  ActScaleAnchor: 0.000e+00 (0.000e+00)  VarTrust: 0.000e+00 (0.000e+00)  DirAnchor: 0.000e+00 (0.000e+00)  BinReg: 0.000e+00 (0.000e+00)  SelBinAnchor: 0.000e+00 (0.000e+00)  ActBinMargin: 0.000e+00 (0.000e+00)  Time: 0.224s, 2288.41/s  (0.224s, 2289.78/s)  LR: 1.127e-05  RefW: 0.000e+00  AnchorRefW: 0.000e+00  Data: 0.006 (0.007)
Train: 12 [1400/2502 ( 56%)]  Loss: 51.414543 (51.4025)  BaseLoss: 51.414543 (51.4025)  RefAttnKL: 0.000e+00 (0.000e+00)  RefLogitKL: 0.000e+00 (0.000e+00)  AnchorRefAttnKL: 0.000e+00 (0.000e+00)  TeacherAttnKL: 0.000e+00 (0.000e+00)  TeacherRel: 0.000e+00 (0.000e+00)  TeacherAttnOut: 0.000e+00 (0.000e+00)  TeacherFeatOut: 0.000e+00 (0.000e+00)  ActScaleAnchor: 0.000e+00 (0.000e+00)  VarTrust: 0.000e+00 (0.000e+00)  DirAnchor: 0.000e+00 (0.000e+00)  BinReg: 0.000e+00 (0.000e+00)  SelBinAnchor: 0.000e+00 (0.000e+00)  ActBinMargin: 0.000e+00 (0.000e+00)  Time: 0.226s, 2261.28/s  (0.224s, 2290.06/s)  LR: 1.126e-05  RefW: 0.000e+00  AnchorRefW: 0.000e+00  Data: 0.006 (0.007)
Train: 12 [1450/2502 ( 58%)]  Loss: 51.428406 (51.4034)  BaseLoss: 51.428406 (51.4034)  RefAttnKL: 0.000e+00 (0.000e+00)  RefLogitKL: 0.000e+00 (0.000e+00)  AnchorRefAttnKL: 0.000e+00 (0.000e+00)  TeacherAttnKL: 0.000e+00 (0.000e+00)  TeacherRel: 0.000e+00 (0.000e+00)  TeacherAttnOut: 0.000e+00 (0.000e+00)  TeacherFeatOut: 0.000e+00 (0.000e+00)  ActScaleAnchor: 0.000e+00 (0.000e+00)  VarTrust: 0.000e+00 (0.000e+00)  DirAnchor: 0.000e+00 (0.000e+00)  BinReg: 0.000e+00 (0.000e+00)  SelBinAnchor: 0.000e+00 (0.000e+00)  ActBinMargin: 0.000e+00 (0.000e+00)  Time: 0.224s, 2284.80/s  (0.224s, 2290.39/s)  LR: 1.125e-05  RefW: 0.000e+00  AnchorRefW: 0.000e+00  Data: 0.005 (0.007)
Train: 12 [1500/2502 ( 60%)]  Loss: 51.422108 (51.4040)  BaseLoss: 51.422108 (51.4040)  RefAttnKL: 0.000e+00 (0.000e+00)  RefLogitKL: 0.000e+00 (0.000e+00)  AnchorRefAttnKL: 0.000e+00 (0.000e+00)  TeacherAttnKL: 0.000e+00 (0.000e+00)  TeacherRel: 0.000e+00 (0.000e+00)  TeacherAttnOut: 0.000e+00 (0.000e+00)  TeacherFeatOut: 0.000e+00 (0.000e+00)  ActScaleAnchor: 0.000e+00 (0.000e+00)  VarTrust: 0.000e+00 (0.000e+00)  DirAnchor: 0.000e+00 (0.000e+00)  BinReg: 0.000e+00 (0.000e+00)  SelBinAnchor: 0.000e+00 (0.000e+00)  ActBinMargin: 0.000e+00 (0.000e+00)  Time: 0.223s, 2295.45/s  (0.224s, 2290.72/s)  LR: 1.124e-05  RefW: 0.000e+00  AnchorRefW: 0.000e+00  Data: 0.007 (0.007)
Train: 12 [1550/2502 ( 62%)]  Loss: 51.416256 (51.4044)  BaseLoss: 51.416256 (51.4044)  RefAttnKL: 0.000e+00 (0.000e+00)  RefLogitKL: 0.000e+00 (0.000e+00)  AnchorRefAttnKL: 0.000e+00 (0.000e+00)  TeacherAttnKL: 0.000e+00 (0.000e+00)  TeacherRel: 0.000e+00 (0.000e+00)  TeacherAttnOut: 0.000e+00 (0.000e+00)  TeacherFeatOut: 0.000e+00 (0.000e+00)  ActScaleAnchor: 0.000e+00 (0.000e+00)  VarTrust: 0.000e+00 (0.000e+00)  DirAnchor: 0.000e+00 (0.000e+00)  BinReg: 0.000e+00 (0.000e+00)  SelBinAnchor: 0.000e+00 (0.000e+00)  ActBinMargin: 0.000e+00 (0.000e+00)  Time: 0.223s, 2293.47/s  (0.223s, 2291.01/s)  LR: 1.123e-05  RefW: 0.000e+00  AnchorRefW: 0.000e+00  Data: 0.006 (0.007)
Train: 12 [1600/2502 ( 64%)]  Loss: 51.388939 (51.4039)  BaseLoss: 51.388939 (51.4039)  RefAttnKL: 0.000e+00 (0.000e+00)  RefLogitKL: 0.000e+00 (0.000e+00)  AnchorRefAttnKL: 0.000e+00 (0.000e+00)  TeacherAttnKL: 0.000e+00 (0.000e+00)  TeacherRel: 0.000e+00 (0.000e+00)  TeacherAttnOut: 0.000e+00 (0.000e+00)  TeacherFeatOut: 0.000e+00 (0.000e+00)  ActScaleAnchor: 0.000e+00 (0.000e+00)  VarTrust: 0.000e+00 (0.000e+00)  DirAnchor: 0.000e+00 (0.000e+00)  BinReg: 0.000e+00 (0.000e+00)  SelBinAnchor: 0.000e+00 (0.000e+00)  ActBinMargin: 0.000e+00 (0.000e+00)  Time: 0.223s, 2295.04/s  (0.223s, 2291.30/s)  LR: 1.122e-05  RefW: 0.000e+00  AnchorRefW: 0.000e+00  Data: 0.006 (0.007)
Train: 12 [1650/2502 ( 66%)]  Loss: 51.435905 (51.4048)  BaseLoss: 51.435905 (51.4048)  RefAttnKL: 0.000e+00 (0.000e+00)  RefLogitKL: 0.000e+00 (0.000e+00)  AnchorRefAttnKL: 0.000e+00 (0.000e+00)  TeacherAttnKL: 0.000e+00 (0.000e+00)  TeacherRel: 0.000e+00 (0.000e+00)  TeacherAttnOut: 0.000e+00 (0.000e+00)  TeacherFeatOut: 0.000e+00 (0.000e+00)  ActScaleAnchor: 0.000e+00 (0.000e+00)  VarTrust: 0.000e+00 (0.000e+00)  DirAnchor: 0.000e+00 (0.000e+00)  BinReg: 0.000e+00 (0.000e+00)  SelBinAnchor: 0.000e+00 (0.000e+00)  ActBinMargin: 0.000e+00 (0.000e+00)  Time: 0.224s, 2288.26/s  (0.223s, 2291.53/s)  LR: 1.121e-05  RefW: 0.000e+00  AnchorRefW: 0.000e+00  Data: 0.005 (0.007)
Train: 12 [1700/2502 ( 68%)]  Loss: 51.415726 (51.4051)  BaseLoss: 51.415726 (51.4051)  RefAttnKL: 0.000e+00 (0.000e+00)  RefLogitKL: 0.000e+00 (0.000e+00)  AnchorRefAttnKL: 0.000e+00 (0.000e+00)  TeacherAttnKL: 0.000e+00 (0.000e+00)  TeacherRel: 0.000e+00 (0.000e+00)  TeacherAttnOut: 0.000e+00 (0.000e+00)  TeacherFeatOut: 0.000e+00 (0.000e+00)  ActScaleAnchor: 0.000e+00 (0.000e+00)  VarTrust: 0.000e+00 (0.000e+00)  DirAnchor: 0.000e+00 (0.000e+00)  BinReg: 0.000e+00 (0.000e+00)  SelBinAnchor: 0.000e+00 (0.000e+00)  ActBinMargin: 0.000e+00 (0.000e+00)  Time: 0.223s, 2291.77/s  (0.223s, 2291.62/s)  LR: 1.120e-05  RefW: 0.000e+00  AnchorRefW: 0.000e+00  Data: 0.007 (0.007)
Train: 12 [1750/2502 ( 70%)]  Loss: 51.392620 (51.4048)  BaseLoss: 51.392620 (51.4048)  RefAttnKL: 0.000e+00 (0.000e+00)  RefLogitKL: 0.000e+00 (0.000e+00)  AnchorRefAttnKL: 0.000e+00 (0.000e+00)  TeacherAttnKL: 0.000e+00 (0.000e+00)  TeacherRel: 0.000e+00 (0.000e+00)  TeacherAttnOut: 0.000e+00 (0.000e+00)  TeacherFeatOut: 0.000e+00 (0.000e+00)  ActScaleAnchor: 0.000e+00 (0.000e+00)  VarTrust: 0.000e+00 (0.000e+00)  DirAnchor: 0.000e+00 (0.000e+00)  BinReg: 0.000e+00 (0.000e+00)  SelBinAnchor: 0.000e+00 (0.000e+00)  ActBinMargin: 0.000e+00 (0.000e+00)  Time: 0.224s, 2287.69/s  (0.223s, 2291.80/s)  LR: 1.119e-05  RefW: 0.000e+00  AnchorRefW: 0.000e+00  Data: 0.006 (0.007)
Train: 12 [1800/2502 ( 72%)]  Loss: 51.422623 (51.4053)  BaseLoss: 51.422623 (51.4053)  RefAttnKL: 0.000e+00 (0.000e+00)  RefLogitKL: 0.000e+00 (0.000e+00)  AnchorRefAttnKL: 0.000e+00 (0.000e+00)  TeacherAttnKL: 0.000e+00 (0.000e+00)  TeacherRel: 0.000e+00 (0.000e+00)  TeacherAttnOut: 0.000e+00 (0.000e+00)  TeacherFeatOut: 0.000e+00 (0.000e+00)  ActScaleAnchor: 0.000e+00 (0.000e+00)  VarTrust: 0.000e+00 (0.000e+00)  DirAnchor: 0.000e+00 (0.000e+00)  BinReg: 0.000e+00 (0.000e+00)  SelBinAnchor: 0.000e+00 (0.000e+00)  ActBinMargin: 0.000e+00 (0.000e+00)  Time: 0.223s, 2295.86/s  (0.223s, 2292.02/s)  LR: 1.118e-05  RefW: 0.000e+00  AnchorRefW: 0.000e+00  Data: 0.005 (0.007)
Train: 12 [1850/2502 ( 74%)]  Loss: 51.389816 (51.4049)  BaseLoss: 51.389816 (51.4049)  RefAttnKL: 0.000e+00 (0.000e+00)  RefLogitKL: 0.000e+00 (0.000e+00)  AnchorRefAttnKL: 0.000e+00 (0.000e+00)  TeacherAttnKL: 0.000e+00 (0.000e+00)  TeacherRel: 0.000e+00 (0.000e+00)  TeacherAttnOut: 0.000e+00 (0.000e+00)  TeacherFeatOut: 0.000e+00 (0.000e+00)  ActScaleAnchor: 0.000e+00 (0.000e+00)  VarTrust: 0.000e+00 (0.000e+00)  DirAnchor: 0.000e+00 (0.000e+00)  BinReg: 0.000e+00 (0.000e+00)  SelBinAnchor: 0.000e+00 (0.000e+00)  ActBinMargin: 0.000e+00 (0.000e+00)  Time: 0.224s, 2290.72/s  (0.223s, 2291.91/s)  LR: 1.117e-05  RefW: 0.000e+00  AnchorRefW: 0.000e+00  Data: 0.006 (0.007)
Train: 12 [1900/2502 ( 76%)]  Loss: 51.395927 (51.4046)  BaseLoss: 51.395927 (51.4046)  RefAttnKL: 0.000e+00 (0.000e+00)  RefLogitKL: 0.000e+00 (0.000e+00)  AnchorRefAttnKL: 0.000e+00 (0.000e+00)  TeacherAttnKL: 0.000e+00 (0.000e+00)  TeacherRel: 0.000e+00 (0.000e+00)  TeacherAttnOut: 0.000e+00 (0.000e+00)  TeacherFeatOut: 0.000e+00 (0.000e+00)  ActScaleAnchor: 0.000e+00 (0.000e+00)  VarTrust: 0.000e+00 (0.000e+00)  DirAnchor: 0.000e+00 (0.000e+00)  BinReg: 0.000e+00 (0.000e+00)  SelBinAnchor: 0.000e+00 (0.000e+00)  ActBinMargin: 0.000e+00 (0.000e+00)  Time: 0.224s, 2283.98/s  (0.223s, 2291.95/s)  LR: 1.116e-05  RefW: 0.000e+00  AnchorRefW: 0.000e+00  Data: 0.007 (0.007)
Train: 12 [1950/2502 ( 78%)]  Loss: 51.441563 (51.4056)  BaseLoss: 51.441563 (51.4056)  RefAttnKL: 0.000e+00 (0.000e+00)  RefLogitKL: 0.000e+00 (0.000e+00)  AnchorRefAttnKL: 0.000e+00 (0.000e+00)  TeacherAttnKL: 0.000e+00 (0.000e+00)  TeacherRel: 0.000e+00 (0.000e+00)  TeacherAttnOut: 0.000e+00 (0.000e+00)  TeacherFeatOut: 0.000e+00 (0.000e+00)  ActScaleAnchor: 0.000e+00 (0.000e+00)  VarTrust: 0.000e+00 (0.000e+00)  DirAnchor: 0.000e+00 (0.000e+00)  BinReg: 0.000e+00 (0.000e+00)  SelBinAnchor: 0.000e+00 (0.000e+00)  ActBinMargin: 0.000e+00 (0.000e+00)  Time: 0.223s, 2299.69/s  (0.223s, 2291.90/s)  LR: 1.115e-05  RefW: 0.000e+00  AnchorRefW: 0.000e+00  Data: 0.006 (0.007)
Train: 12 [2000/2502 ( 80%)]  Loss: 51.426636 (51.4061)  BaseLoss: 51.426636 (51.4061)  RefAttnKL: 0.000e+00 (0.000e+00)  RefLogitKL: 0.000e+00 (0.000e+00)  AnchorRefAttnKL: 0.000e+00 (0.000e+00)  TeacherAttnKL: 0.000e+00 (0.000e+00)  TeacherRel: 0.000e+00 (0.000e+00)  TeacherAttnOut: 0.000e+00 (0.000e+00)  TeacherFeatOut: 0.000e+00 (0.000e+00)  ActScaleAnchor: 0.000e+00 (0.000e+00)  VarTrust: 0.000e+00 (0.000e+00)  DirAnchor: 0.000e+00 (0.000e+00)  BinReg: 0.000e+00 (0.000e+00)  SelBinAnchor: 0.000e+00 (0.000e+00)  ActBinMargin: 0.000e+00 (0.000e+00)  Time: 0.223s, 2295.99/s  (0.223s, 2292.05/s)  LR: 1.114e-05  RefW: 0.000e+00  AnchorRefW: 0.000e+00  Data: 0.006 (0.007)
Train: 12 [2050/2502 ( 82%)]  Loss: 51.363430 (51.4051)  BaseLoss: 51.363430 (51.4051)  RefAttnKL: 0.000e+00 (0.000e+00)  RefLogitKL: 0.000e+00 (0.000e+00)  AnchorRefAttnKL: 0.000e+00 (0.000e+00)  TeacherAttnKL: 0.000e+00 (0.000e+00)  TeacherRel: 0.000e+00 (0.000e+00)  TeacherAttnOut: 0.000e+00 (0.000e+00)  TeacherFeatOut: 0.000e+00 (0.000e+00)  ActScaleAnchor: 0.000e+00 (0.000e+00)  VarTrust: 0.000e+00 (0.000e+00)  DirAnchor: 0.000e+00 (0.000e+00)  BinReg: 0.000e+00 (0.000e+00)  SelBinAnchor: 0.000e+00 (0.000e+00)  ActBinMargin: 0.000e+00 (0.000e+00)  Time: 0.224s, 2281.79/s  (0.223s, 2292.11/s)  LR: 1.113e-05  RefW: 0.000e+00  AnchorRefW: 0.000e+00  Data: 0.005 (0.007)
Train: 12 [2100/2502 ( 84%)]  Loss: 51.382988 (51.4045)  BaseLoss: 51.382988 (51.4045)  RefAttnKL: 0.000e+00 (0.000e+00)  RefLogitKL: 0.000e+00 (0.000e+00)  AnchorRefAttnKL: 0.000e+00 (0.000e+00)  TeacherAttnKL: 0.000e+00 (0.000e+00)  TeacherRel: 0.000e+00 (0.000e+00)  TeacherAttnOut: 0.000e+00 (0.000e+00)  TeacherFeatOut: 0.000e+00 (0.000e+00)  ActScaleAnchor: 0.000e+00 (0.000e+00)  VarTrust: 0.000e+00 (0.000e+00)  DirAnchor: 0.000e+00 (0.000e+00)  BinReg: 0.000e+00 (0.000e+00)  SelBinAnchor: 0.000e+00 (0.000e+00)  ActBinMargin: 0.000e+00 (0.000e+00)  Time: 0.224s, 2289.55/s  (0.223s, 2292.22/s)  LR: 1.112e-05  RefW: 0.000e+00  AnchorRefW: 0.000e+00  Data: 0.007 (0.007)
Train: 12 [2150/2502 ( 86%)]  Loss: 51.392979 (51.4043)  BaseLoss: 51.392979 (51.4043)  RefAttnKL: 0.000e+00 (0.000e+00)  RefLogitKL: 0.000e+00 (0.000e+00)  AnchorRefAttnKL: 0.000e+00 (0.000e+00)  TeacherAttnKL: 0.000e+00 (0.000e+00)  TeacherRel: 0.000e+00 (0.000e+00)  TeacherAttnOut: 0.000e+00 (0.000e+00)  TeacherFeatOut: 0.000e+00 (0.000e+00)  ActScaleAnchor: 0.000e+00 (0.000e+00)  VarTrust: 0.000e+00 (0.000e+00)  DirAnchor: 0.000e+00 (0.000e+00)  BinReg: 0.000e+00 (0.000e+00)  SelBinAnchor: 0.000e+00 (0.000e+00)  ActBinMargin: 0.000e+00 (0.000e+00)  Time: 0.223s, 2291.38/s  (0.223s, 2292.34/s)  LR: 1.111e-05  RefW: 0.000e+00  AnchorRefW: 0.000e+00  Data: 0.005 (0.007)
Train: 12 [2200/2502 ( 88%)]  Loss: 51.392342 (51.4040)  BaseLoss: 51.392342 (51.4040)  RefAttnKL: 0.000e+00 (0.000e+00)  RefLogitKL: 0.000e+00 (0.000e+00)  AnchorRefAttnKL: 0.000e+00 (0.000e+00)  TeacherAttnKL: 0.000e+00 (0.000e+00)  TeacherRel: 0.000e+00 (0.000e+00)  TeacherAttnOut: 0.000e+00 (0.000e+00)  TeacherFeatOut: 0.000e+00 (0.000e+00)  ActScaleAnchor: 0.000e+00 (0.000e+00)  VarTrust: 0.000e+00 (0.000e+00)  DirAnchor: 0.000e+00 (0.000e+00)  BinReg: 0.000e+00 (0.000e+00)  SelBinAnchor: 0.000e+00 (0.000e+00)  ActBinMargin: 0.000e+00 (0.000e+00)  Time: 0.224s, 2285.06/s  (0.223s, 2292.50/s)  LR: 1.110e-05  RefW: 0.000e+00  AnchorRefW: 0.000e+00  Data: 0.006 (0.007)
Train: 12 [2250/2502 ( 90%)]  Loss: 51.383732 (51.4036)  BaseLoss: 51.383732 (51.4036)  RefAttnKL: 0.000e+00 (0.000e+00)  RefLogitKL: 0.000e+00 (0.000e+00)  AnchorRefAttnKL: 0.000e+00 (0.000e+00)  TeacherAttnKL: 0.000e+00 (0.000e+00)  TeacherRel: 0.000e+00 (0.000e+00)  TeacherAttnOut: 0.000e+00 (0.000e+00)  TeacherFeatOut: 0.000e+00 (0.000e+00)  ActScaleAnchor: 0.000e+00 (0.000e+00)  VarTrust: 0.000e+00 (0.000e+00)  DirAnchor: 0.000e+00 (0.000e+00)  BinReg: 0.000e+00 (0.000e+00)  SelBinAnchor: 0.000e+00 (0.000e+00)  ActBinMargin: 0.000e+00 (0.000e+00)  Time: 0.223s, 2292.28/s  (0.223s, 2292.67/s)  LR: 1.109e-05  RefW: 0.000e+00  AnchorRefW: 0.000e+00  Data: 0.006 (0.007)
Train: 12 [2300/2502 ( 92%)]  Loss: 51.438797 (51.4043)  BaseLoss: 51.438797 (51.4043)  RefAttnKL: 0.000e+00 (0.000e+00)  RefLogitKL: 0.000e+00 (0.000e+00)  AnchorRefAttnKL: 0.000e+00 (0.000e+00)  TeacherAttnKL: 0.000e+00 (0.000e+00)  TeacherRel: 0.000e+00 (0.000e+00)  TeacherAttnOut: 0.000e+00 (0.000e+00)  TeacherFeatOut: 0.000e+00 (0.000e+00)  ActScaleAnchor: 0.000e+00 (0.000e+00)  VarTrust: 0.000e+00 (0.000e+00)  DirAnchor: 0.000e+00 (0.000e+00)  BinReg: 0.000e+00 (0.000e+00)  SelBinAnchor: 0.000e+00 (0.000e+00)  ActBinMargin: 0.000e+00 (0.000e+00)  Time: 0.223s, 2299.90/s  (0.223s, 2292.80/s)  LR: 1.108e-05  RefW: 0.000e+00  AnchorRefW: 0.000e+00  Data: 0.007 (0.007)
Train: 12 [2350/2502 ( 94%)]  Loss: 51.421085 (51.4047)  BaseLoss: 51.421085 (51.4047)  RefAttnKL: 0.000e+00 (0.000e+00)  RefLogitKL: 0.000e+00 (0.000e+00)  AnchorRefAttnKL: 0.000e+00 (0.000e+00)  TeacherAttnKL: 0.000e+00 (0.000e+00)  TeacherRel: 0.000e+00 (0.000e+00)  TeacherAttnOut: 0.000e+00 (0.000e+00)  TeacherFeatOut: 0.000e+00 (0.000e+00)  ActScaleAnchor: 0.000e+00 (0.000e+00)  VarTrust: 0.000e+00 (0.000e+00)  DirAnchor: 0.000e+00 (0.000e+00)  BinReg: 0.000e+00 (0.000e+00)  SelBinAnchor: 0.000e+00 (0.000e+00)  ActBinMargin: 0.000e+00 (0.000e+00)  Time: 0.224s, 2286.27/s  (0.223s, 2292.96/s)  LR: 1.107e-05  RefW: 0.000e+00  AnchorRefW: 0.000e+00  Data: 0.006 (0.007)
Train: 12 [2400/2502 ( 96%)]  Loss: 51.361809 (51.4038)  BaseLoss: 51.361809 (51.4038)  RefAttnKL: 0.000e+00 (0.000e+00)  RefLogitKL: 0.000e+00 (0.000e+00)  AnchorRefAttnKL: 0.000e+00 (0.000e+00)  TeacherAttnKL: 0.000e+00 (0.000e+00)  TeacherRel: 0.000e+00 (0.000e+00)  TeacherAttnOut: 0.000e+00 (0.000e+00)  TeacherFeatOut: 0.000e+00 (0.000e+00)  ActScaleAnchor: 0.000e+00 (0.000e+00)  VarTrust: 0.000e+00 (0.000e+00)  DirAnchor: 0.000e+00 (0.000e+00)  BinReg: 0.000e+00 (0.000e+00)  SelBinAnchor: 0.000e+00 (0.000e+00)  ActBinMargin: 0.000e+00 (0.000e+00)  Time: 0.223s, 2293.98/s  (0.223s, 2293.11/s)  LR: 1.106e-05  RefW: 0.000e+00  AnchorRefW: 0.000e+00  Data: 0.006 (0.007)
Train: 12 [2450/2502 ( 98%)]  Loss: 51.404663 (51.4038)  BaseLoss: 51.404663 (51.4038)  RefAttnKL: 0.000e+00 (0.000e+00)  RefLogitKL: 0.000e+00 (0.000e+00)  AnchorRefAttnKL: 0.000e+00 (0.000e+00)  TeacherAttnKL: 0.000e+00 (0.000e+00)  TeacherRel: 0.000e+00 (0.000e+00)  TeacherAttnOut: 0.000e+00 (0.000e+00)  TeacherFeatOut: 0.000e+00 (0.000e+00)  ActScaleAnchor: 0.000e+00 (0.000e+00)  VarTrust: 0.000e+00 (0.000e+00)  DirAnchor: 0.000e+00 (0.000e+00)  BinReg: 0.000e+00 (0.000e+00)  SelBinAnchor: 0.000e+00 (0.000e+00)  ActBinMargin: 0.000e+00 (0.000e+00)  Time: 0.223s, 2297.56/s  (0.223s, 2293.25/s)  LR: 1.105e-05  RefW: 0.000e+00  AnchorRefW: 0.000e+00  Data: 0.006 (0.007)
TrainSummary: epoch=12 updates=2496 avg_step_time=0.223248s samples_per_step=512 samples_per_sec=2293.41
epoch:  12 g['lr']:  1.1040786653757094e-05
model eval
TestLocal: [   0/97]  Time: 0.881 (0.881)  Loss:  0.7848  Acc@1: 78.1250  Acc@5: 93.7500  Samples: 64
TestLocal: [  50/97]  Time: 0.091 (0.106)  Loss:  0.8299  Acc@1: 81.1275  Acc@5: 95.2819  Samples: 3264
TestLocal: [  97/97]  Time: 0.051 (0.097)  Loss:  0.8259  Acc@1: 80.8590  Acc@5: 95.3809  Samples: 6170
TestLocal: [ 100/97]  Time: 0.049 (0.096)  Loss:  0.8258  Acc@1: 80.8535  Acc@5: 95.3784  Samples: 6210
Test: [distributed-summary]  Time: 10.060s  Loss: 0.8431  Acc@1: 80.2400  Acc@5: 95.2960  Samples: 50000
Trainable parameter policy: epoch=13, quant_only=False, policy=all, trainable=28608256, frozen=0
AOQ explore scale ratio update: epoch=13, update=0, active=False, base_ratio=1.0, threshold_ratio=0.0, base_layers=(), selective_margin=0.0, base_quantizers=0, layer_ratios={}, layer_quantizers=0, layer_counts={}, quality_mode=none, quality_layers=(), quality_start_update=0, quality_min_frac=0.0, start_update=0, end_update=0
Trainable parameter update policy: epoch=13, update=0, mode=requires_grad, policy=all, trainable=28608256, frozen=0
Train: 13 [   0/2502 (  0%)]  Loss: 51.421356 (51.4214)  BaseLoss: 51.421356 (51.4214)  RefAttnKL: 0.000e+00 (0.000e+00)  RefLogitKL: 0.000e+00 (0.000e+00)  AnchorRefAttnKL: 0.000e+00 (0.000e+00)  TeacherAttnKL: 0.000e+00 (0.000e+00)  TeacherRel: 0.000e+00 (0.000e+00)  TeacherAttnOut: 0.000e+00 (0.000e+00)  TeacherFeatOut: 0.000e+00 (0.000e+00)  ActScaleAnchor: 0.000e+00 (0.000e+00)  VarTrust: 0.000e+00 (0.000e+00)  DirAnchor: 0.000e+00 (0.000e+00)  BinReg: 0.000e+00 (0.000e+00)  SelBinAnchor: 0.000e+00 (0.000e+00)  ActBinMargin: 0.000e+00 (0.000e+00)  Time: 0.899s,  569.36/s  (0.899s,  569.36/s)  LR: 1.104e-05  RefW: 0.000e+00  AnchorRefW: 0.000e+00  Data: 0.660 (0.660)
Train: 13 [  50/2502 (  2%)]  Loss: 51.389015 (51.4052)  BaseLoss: 51.389015 (51.4052)  RefAttnKL: 0.000e+00 (0.000e+00)  RefLogitKL: 0.000e+00 (0.000e+00)  AnchorRefAttnKL: 0.000e+00 (0.000e+00)  TeacherAttnKL: 0.000e+00 (0.000e+00)  TeacherRel: 0.000e+00 (0.000e+00)  TeacherAttnOut: 0.000e+00 (0.000e+00)  TeacherFeatOut: 0.000e+00 (0.000e+00)  ActScaleAnchor: 0.000e+00 (0.000e+00)  VarTrust: 0.000e+00 (0.000e+00)  DirAnchor: 0.000e+00 (0.000e+00)  BinReg: 0.000e+00 (0.000e+00)  SelBinAnchor: 0.000e+00 (0.000e+00)  ActBinMargin: 0.000e+00 (0.000e+00)  Time: 0.221s, 2318.38/s  (0.236s, 2169.62/s)  LR: 1.103e-05  RefW: 0.000e+00  AnchorRefW: 0.000e+00  Data: 0.005 (0.018)
Train: 13 [ 100/2502 (  4%)]  Loss: 51.421185 (51.4105)  BaseLoss: 51.421185 (51.4105)  RefAttnKL: 0.000e+00 (0.000e+00)  RefLogitKL: 0.000e+00 (0.000e+00)  AnchorRefAttnKL: 0.000e+00 (0.000e+00)  TeacherAttnKL: 0.000e+00 (0.000e+00)  TeacherRel: 0.000e+00 (0.000e+00)  TeacherAttnOut: 0.000e+00 (0.000e+00)  TeacherFeatOut: 0.000e+00 (0.000e+00)  ActScaleAnchor: 0.000e+00 (0.000e+00)  VarTrust: 0.000e+00 (0.000e+00)  DirAnchor: 0.000e+00 (0.000e+00)  BinReg: 0.000e+00 (0.000e+00)  SelBinAnchor: 0.000e+00 (0.000e+00)  ActBinMargin: 0.000e+00 (0.000e+00)  Time: 0.219s, 2339.53/s  (0.230s, 2227.98/s)  LR: 1.102e-05  RefW: 0.000e+00  AnchorRefW: 0.000e+00  Data: 0.005 (0.012)
Train: 13 [ 150/2502 (  6%)]  Loss: 51.403362 (51.4087)  BaseLoss: 51.403362 (51.4087)  RefAttnKL: 0.000e+00 (0.000e+00)  RefLogitKL: 0.000e+00 (0.000e+00)  AnchorRefAttnKL: 0.000e+00 (0.000e+00)  TeacherAttnKL: 0.000e+00 (0.000e+00)  TeacherRel: 0.000e+00 (0.000e+00)  TeacherAttnOut: 0.000e+00 (0.000e+00)  TeacherFeatOut: 0.000e+00 (0.000e+00)  ActScaleAnchor: 0.000e+00 (0.000e+00)  VarTrust: 0.000e+00 (0.000e+00)  DirAnchor: 0.000e+00 (0.000e+00)  BinReg: 0.000e+00 (0.000e+00)  SelBinAnchor: 0.000e+00 (0.000e+00)  ActBinMargin: 0.000e+00 (0.000e+00)  Time: 0.224s, 2290.51/s  (0.227s, 2251.45/s)  LR: 1.101e-05  RefW: 0.000e+00  AnchorRefW: 0.000e+00  Data: 0.005 (0.010)
Train: 13 [ 200/2502 (  8%)]  Loss: 51.413631 (51.4097)  BaseLoss: 51.413631 (51.4097)  RefAttnKL: 0.000e+00 (0.000e+00)  RefLogitKL: 0.000e+00 (0.000e+00)  AnchorRefAttnKL: 0.000e+00 (0.000e+00)  TeacherAttnKL: 0.000e+00 (0.000e+00)  TeacherRel: 0.000e+00 (0.000e+00)  TeacherAttnOut: 0.000e+00 (0.000e+00)  TeacherFeatOut: 0.000e+00 (0.000e+00)  ActScaleAnchor: 0.000e+00 (0.000e+00)  VarTrust: 0.000e+00 (0.000e+00)  DirAnchor: 0.000e+00 (0.000e+00)  BinReg: 0.000e+00 (0.000e+00)  SelBinAnchor: 0.000e+00 (0.000e+00)  ActBinMargin: 0.000e+00 (0.000e+00)  Time: 0.223s, 2298.99/s  (0.226s, 2263.11/s)  LR: 1.100e-05  RefW: 0.000e+00  AnchorRefW: 0.000e+00  Data: 0.006 (0.009)
Train: 13 [ 250/2502 ( 10%)]  Loss: 51.443245 (51.4153)  BaseLoss: 51.443245 (51.4153)  RefAttnKL: 0.000e+00 (0.000e+00)  RefLogitKL: 0.000e+00 (0.000e+00)  AnchorRefAttnKL: 0.000e+00 (0.000e+00)  TeacherAttnKL: 0.000e+00 (0.000e+00)  TeacherRel: 0.000e+00 (0.000e+00)  TeacherAttnOut: 0.000e+00 (0.000e+00)  TeacherFeatOut: 0.000e+00 (0.000e+00)  ActScaleAnchor: 0.000e+00 (0.000e+00)  VarTrust: 0.000e+00 (0.000e+00)  DirAnchor: 0.000e+00 (0.000e+00)  BinReg: 0.000e+00 (0.000e+00)  SelBinAnchor: 0.000e+00 (0.000e+00)  ActBinMargin: 0.000e+00 (0.000e+00)  Time: 0.223s, 2295.88/s  (0.226s, 2270.12/s)  LR: 1.099e-05  RefW: 0.000e+00  AnchorRefW: 0.000e+00  Data: 0.005 (0.009)
Train: 13 [ 300/2502 ( 12%)]  Loss: 51.393337 (51.4122)  BaseLoss: 51.393337 (51.4122)  RefAttnKL: 0.000e+00 (0.000e+00)  RefLogitKL: 0.000e+00 (0.000e+00)  AnchorRefAttnKL: 0.000e+00 (0.000e+00)  TeacherAttnKL: 0.000e+00 (0.000e+00)  TeacherRel: 0.000e+00 (0.000e+00)  TeacherAttnOut: 0.000e+00 (0.000e+00)  TeacherFeatOut: 0.000e+00 (0.000e+00)  ActScaleAnchor: 0.000e+00 (0.000e+00)  VarTrust: 0.000e+00 (0.000e+00)  DirAnchor: 0.000e+00 (0.000e+00)  BinReg: 0.000e+00 (0.000e+00)  SelBinAnchor: 0.000e+00 (0.000e+00)  ActBinMargin: 0.000e+00 (0.000e+00)  Time: 0.223s, 2291.69/s  (0.225s, 2275.12/s)  LR: 1.098e-05  RefW: 0.000e+00  AnchorRefW: 0.000e+00  Data: 0.007 (0.008)
Train: 13 [ 350/2502 ( 14%)]  Loss: 51.459694 (51.4181)  BaseLoss: 51.459694 (51.4181)  RefAttnKL: 0.000e+00 (0.000e+00)  RefLogitKL: 0.000e+00 (0.000e+00)  AnchorRefAttnKL: 0.000e+00 (0.000e+00)  TeacherAttnKL: 0.000e+00 (0.000e+00)  TeacherRel: 0.000e+00 (0.000e+00)  TeacherAttnOut: 0.000e+00 (0.000e+00)  TeacherFeatOut: 0.000e+00 (0.000e+00)  ActScaleAnchor: 0.000e+00 (0.000e+00)  VarTrust: 0.000e+00 (0.000e+00)  DirAnchor: 0.000e+00 (0.000e+00)  BinReg: 0.000e+00 (0.000e+00)  SelBinAnchor: 0.000e+00 (0.000e+00)  ActBinMargin: 0.000e+00 (0.000e+00)  Time: 0.223s, 2295.34/s  (0.225s, 2278.50/s)  LR: 1.097e-05  RefW: 0.000e+00  AnchorRefW: 0.000e+00  Data: 0.006 (0.008)
Train: 13 [ 400/2502 ( 16%)]  Loss: 51.425945 (51.4190)  BaseLoss: 51.425945 (51.4190)  RefAttnKL: 0.000e+00 (0.000e+00)  RefLogitKL: 0.000e+00 (0.000e+00)  AnchorRefAttnKL: 0.000e+00 (0.000e+00)  TeacherAttnKL: 0.000e+00 (0.000e+00)  TeacherRel: 0.000e+00 (0.000e+00)  TeacherAttnOut: 0.000e+00 (0.000e+00)  TeacherFeatOut: 0.000e+00 (0.000e+00)  ActScaleAnchor: 0.000e+00 (0.000e+00)  VarTrust: 0.000e+00 (0.000e+00)  DirAnchor: 0.000e+00 (0.000e+00)  BinReg: 0.000e+00 (0.000e+00)  SelBinAnchor: 0.000e+00 (0.000e+00)  ActBinMargin: 0.000e+00 (0.000e+00)  Time: 0.223s, 2292.89/s  (0.224s, 2281.24/s)  LR: 1.096e-05  RefW: 0.000e+00  AnchorRefW: 0.000e+00  Data: 0.006 (0.008)
Train: 13 [ 450/2502 ( 18%)]  Loss: 51.420410 (51.4191)  BaseLoss: 51.420410 (51.4191)  RefAttnKL: 0.000e+00 (0.000e+00)  RefLogitKL: 0.000e+00 (0.000e+00)  AnchorRefAttnKL: 0.000e+00 (0.000e+00)  TeacherAttnKL: 0.000e+00 (0.000e+00)  TeacherRel: 0.000e+00 (0.000e+00)  TeacherAttnOut: 0.000e+00 (0.000e+00)  TeacherFeatOut: 0.000e+00 (0.000e+00)  ActScaleAnchor: 0.000e+00 (0.000e+00)  VarTrust: 0.000e+00 (0.000e+00)  DirAnchor: 0.000e+00 (0.000e+00)  BinReg: 0.000e+00 (0.000e+00)  SelBinAnchor: 0.000e+00 (0.000e+00)  ActBinMargin: 0.000e+00 (0.000e+00)  Time: 0.223s, 2293.34/s  (0.224s, 2283.30/s)  LR: 1.095e-05  RefW: 0.000e+00  AnchorRefW: 0.000e+00  Data: 0.006 (0.008)
Train: 13 [ 500/2502 ( 20%)]  Loss: 51.428768 (51.4200)  BaseLoss: 51.428768 (51.4200)  RefAttnKL: 0.000e+00 (0.000e+00)  RefLogitKL: 0.000e+00 (0.000e+00)  AnchorRefAttnKL: 0.000e+00 (0.000e+00)  TeacherAttnKL: 0.000e+00 (0.000e+00)  TeacherRel: 0.000e+00 (0.000e+00)  TeacherAttnOut: 0.000e+00 (0.000e+00)  TeacherFeatOut: 0.000e+00 (0.000e+00)  ActScaleAnchor: 0.000e+00 (0.000e+00)  VarTrust: 0.000e+00 (0.000e+00)  DirAnchor: 0.000e+00 (0.000e+00)  BinReg: 0.000e+00 (0.000e+00)  SelBinAnchor: 0.000e+00 (0.000e+00)  ActBinMargin: 0.000e+00 (0.000e+00)  Time: 0.223s, 2296.31/s  (0.224s, 2285.00/s)  LR: 1.094e-05  RefW: 0.000e+00  AnchorRefW: 0.000e+00  Data: 0.007 (0.007)
Train: 13 [ 550/2502 ( 22%)]  Loss: 51.435577 (51.4213)  BaseLoss: 51.435577 (51.4213)  RefAttnKL: 0.000e+00 (0.000e+00)  RefLogitKL: 0.000e+00 (0.000e+00)  AnchorRefAttnKL: 0.000e+00 (0.000e+00)  TeacherAttnKL: 0.000e+00 (0.000e+00)  TeacherRel: 0.000e+00 (0.000e+00)  TeacherAttnOut: 0.000e+00 (0.000e+00)  TeacherFeatOut: 0.000e+00 (0.000e+00)  ActScaleAnchor: 0.000e+00 (0.000e+00)  VarTrust: 0.000e+00 (0.000e+00)  DirAnchor: 0.000e+00 (0.000e+00)  BinReg: 0.000e+00 (0.000e+00)  SelBinAnchor: 0.000e+00 (0.000e+00)  ActBinMargin: 0.000e+00 (0.000e+00)  Time: 0.224s, 2290.22/s  (0.224s, 2286.38/s)  LR: 1.093e-05  RefW: 0.000e+00  AnchorRefW: 0.000e+00  Data: 0.007 (0.007)
Train: 13 [ 600/2502 ( 24%)]  Loss: 51.350533 (51.4159)  BaseLoss: 51.350533 (51.4159)  RefAttnKL: 0.000e+00 (0.000e+00)  RefLogitKL: 0.000e+00 (0.000e+00)  AnchorRefAttnKL: 0.000e+00 (0.000e+00)  TeacherAttnKL: 0.000e+00 (0.000e+00)  TeacherRel: 0.000e+00 (0.000e+00)  TeacherAttnOut: 0.000e+00 (0.000e+00)  TeacherFeatOut: 0.000e+00 (0.000e+00)  ActScaleAnchor: 0.000e+00 (0.000e+00)  VarTrust: 0.000e+00 (0.000e+00)  DirAnchor: 0.000e+00 (0.000e+00)  BinReg: 0.000e+00 (0.000e+00)  SelBinAnchor: 0.000e+00 (0.000e+00)  ActBinMargin: 0.000e+00 (0.000e+00)  Time: 0.223s, 2292.16/s  (0.224s, 2287.55/s)  LR: 1.092e-05  RefW: 0.000e+00  AnchorRefW: 0.000e+00  Data: 0.005 (0.007)
Train: 13 [ 650/2502 ( 26%)]  Loss: 51.411785 (51.4156)  BaseLoss: 51.411785 (51.4156)  RefAttnKL: 0.000e+00 (0.000e+00)  RefLogitKL: 0.000e+00 (0.000e+00)  AnchorRefAttnKL: 0.000e+00 (0.000e+00)  TeacherAttnKL: 0.000e+00 (0.000e+00)  TeacherRel: 0.000e+00 (0.000e+00)  TeacherAttnOut: 0.000e+00 (0.000e+00)  TeacherFeatOut: 0.000e+00 (0.000e+00)  ActScaleAnchor: 0.000e+00 (0.000e+00)  VarTrust: 0.000e+00 (0.000e+00)  DirAnchor: 0.000e+00 (0.000e+00)  BinReg: 0.000e+00 (0.000e+00)  SelBinAnchor: 0.000e+00 (0.000e+00)  ActBinMargin: 0.000e+00 (0.000e+00)  Time: 0.224s, 2285.05/s  (0.224s, 2288.35/s)  LR: 1.091e-05  RefW: 0.000e+00  AnchorRefW: 0.000e+00  Data: 0.006 (0.007)
Train: 13 [ 700/2502 ( 28%)]  Loss: 51.359592 (51.4118)  BaseLoss: 51.359592 (51.4118)  RefAttnKL: 0.000e+00 (0.000e+00)  RefLogitKL: 0.000e+00 (0.000e+00)  AnchorRefAttnKL: 0.000e+00 (0.000e+00)  TeacherAttnKL: 0.000e+00 (0.000e+00)  TeacherRel: 0.000e+00 (0.000e+00)  TeacherAttnOut: 0.000e+00 (0.000e+00)  TeacherFeatOut: 0.000e+00 (0.000e+00)  ActScaleAnchor: 0.000e+00 (0.000e+00)  VarTrust: 0.000e+00 (0.000e+00)  DirAnchor: 0.000e+00 (0.000e+00)  BinReg: 0.000e+00 (0.000e+00)  SelBinAnchor: 0.000e+00 (0.000e+00)  ActBinMargin: 0.000e+00 (0.000e+00)  Time: 0.224s, 2287.78/s  (0.224s, 2289.19/s)  LR: 1.090e-05  RefW: 0.000e+00  AnchorRefW: 0.000e+00  Data: 0.007 (0.007)
Train: 13 [ 750/2502 ( 30%)]  Loss: 51.334835 (51.4070)  BaseLoss: 51.334835 (51.4070)  RefAttnKL: 0.000e+00 (0.000e+00)  RefLogitKL: 0.000e+00 (0.000e+00)  AnchorRefAttnKL: 0.000e+00 (0.000e+00)  TeacherAttnKL: 0.000e+00 (0.000e+00)  TeacherRel: 0.000e+00 (0.000e+00)  TeacherAttnOut: 0.000e+00 (0.000e+00)  TeacherFeatOut: 0.000e+00 (0.000e+00)  ActScaleAnchor: 0.000e+00 (0.000e+00)  VarTrust: 0.000e+00 (0.000e+00)  DirAnchor: 0.000e+00 (0.000e+00)  BinReg: 0.000e+00 (0.000e+00)  SelBinAnchor: 0.000e+00 (0.000e+00)  ActBinMargin: 0.000e+00 (0.000e+00)  Time: 0.223s, 2291.05/s  (0.224s, 2289.90/s)  LR: 1.089e-05  RefW: 0.000e+00  AnchorRefW: 0.000e+00  Data: 0.006 (0.007)
Train: 13 [ 800/2502 ( 32%)]  Loss: 51.409451 (51.4072)  BaseLoss: 51.409451 (51.4072)  RefAttnKL: 0.000e+00 (0.000e+00)  RefLogitKL: 0.000e+00 (0.000e+00)  AnchorRefAttnKL: 0.000e+00 (0.000e+00)  TeacherAttnKL: 0.000e+00 (0.000e+00)  TeacherRel: 0.000e+00 (0.000e+00)  TeacherAttnOut: 0.000e+00 (0.000e+00)  TeacherFeatOut: 0.000e+00 (0.000e+00)  ActScaleAnchor: 0.000e+00 (0.000e+00)  VarTrust: 0.000e+00 (0.000e+00)  DirAnchor: 0.000e+00 (0.000e+00)  BinReg: 0.000e+00 (0.000e+00)  SelBinAnchor: 0.000e+00 (0.000e+00)  ActBinMargin: 0.000e+00 (0.000e+00)  Time: 0.223s, 2293.10/s  (0.224s, 2290.56/s)  LR: 1.088e-05  RefW: 0.000e+00  AnchorRefW: 0.000e+00  Data: 0.006 (0.007)
Train: 13 [ 850/2502 ( 34%)]  Loss: 51.367477 (51.4050)  BaseLoss: 51.367477 (51.4050)  RefAttnKL: 0.000e+00 (0.000e+00)  RefLogitKL: 0.000e+00 (0.000e+00)  AnchorRefAttnKL: 0.000e+00 (0.000e+00)  TeacherAttnKL: 0.000e+00 (0.000e+00)  TeacherRel: 0.000e+00 (0.000e+00)  TeacherAttnOut: 0.000e+00 (0.000e+00)  TeacherFeatOut: 0.000e+00 (0.000e+00)  ActScaleAnchor: 0.000e+00 (0.000e+00)  VarTrust: 0.000e+00 (0.000e+00)  DirAnchor: 0.000e+00 (0.000e+00)  BinReg: 0.000e+00 (0.000e+00)  SelBinAnchor: 0.000e+00 (0.000e+00)  ActBinMargin: 0.000e+00 (0.000e+00)  Time: 0.226s, 2264.68/s  (0.224s, 2290.78/s)  LR: 1.086e-05  RefW: 0.000e+00  AnchorRefW: 0.000e+00  Data: 0.005 (0.007)
Train: 13 [ 900/2502 ( 36%)]  Loss: 51.371105 (51.4032)  BaseLoss: 51.371105 (51.4032)  RefAttnKL: 0.000e+00 (0.000e+00)  RefLogitKL: 0.000e+00 (0.000e+00)  AnchorRefAttnKL: 0.000e+00 (0.000e+00)  TeacherAttnKL: 0.000e+00 (0.000e+00)  TeacherRel: 0.000e+00 (0.000e+00)  TeacherAttnOut: 0.000e+00 (0.000e+00)  TeacherFeatOut: 0.000e+00 (0.000e+00)  ActScaleAnchor: 0.000e+00 (0.000e+00)  VarTrust: 0.000e+00 (0.000e+00)  DirAnchor: 0.000e+00 (0.000e+00)  BinReg: 0.000e+00 (0.000e+00)  SelBinAnchor: 0.000e+00 (0.000e+00)  ActBinMargin: 0.000e+00 (0.000e+00)  Time: 0.223s, 2291.30/s  (0.223s, 2290.86/s)  LR: 1.085e-05  RefW: 0.000e+00  AnchorRefW: 0.000e+00  Data: 0.007 (0.007)
Train: 13 [ 950/2502 ( 38%)]  Loss: 51.401066 (51.4031)  BaseLoss: 51.401066 (51.4031)  RefAttnKL: 0.000e+00 (0.000e+00)  RefLogitKL: 0.000e+00 (0.000e+00)  AnchorRefAttnKL: 0.000e+00 (0.000e+00)  TeacherAttnKL: 0.000e+00 (0.000e+00)  TeacherRel: 0.000e+00 (0.000e+00)  TeacherAttnOut: 0.000e+00 (0.000e+00)  TeacherFeatOut: 0.000e+00 (0.000e+00)  ActScaleAnchor: 0.000e+00 (0.000e+00)  VarTrust: 0.000e+00 (0.000e+00)  DirAnchor: 0.000e+00 (0.000e+00)  BinReg: 0.000e+00 (0.000e+00)  SelBinAnchor: 0.000e+00 (0.000e+00)  ActBinMargin: 0.000e+00 (0.000e+00)  Time: 0.223s, 2294.04/s  (0.223s, 2291.35/s)  LR: 1.084e-05  RefW: 0.000e+00  AnchorRefW: 0.000e+00  Data: 0.006 (0.007)
Train: 13 [1000/2502 ( 40%)]  Loss: 51.407589 (51.4033)  BaseLoss: 51.407589 (51.4033)  RefAttnKL: 0.000e+00 (0.000e+00)  RefLogitKL: 0.000e+00 (0.000e+00)  AnchorRefAttnKL: 0.000e+00 (0.000e+00)  TeacherAttnKL: 0.000e+00 (0.000e+00)  TeacherRel: 0.000e+00 (0.000e+00)  TeacherAttnOut: 0.000e+00 (0.000e+00)  TeacherFeatOut: 0.000e+00 (0.000e+00)  ActScaleAnchor: 0.000e+00 (0.000e+00)  VarTrust: 0.000e+00 (0.000e+00)  DirAnchor: 0.000e+00 (0.000e+00)  BinReg: 0.000e+00 (0.000e+00)  SelBinAnchor: 0.000e+00 (0.000e+00)  ActBinMargin: 0.000e+00 (0.000e+00)  Time: 0.223s, 2293.51/s  (0.223s, 2291.27/s)  LR: 1.083e-05  RefW: 0.000e+00  AnchorRefW: 0.000e+00  Data: 0.007 (0.007)
Train: 13 [1050/2502 ( 42%)]  Loss: 51.388214 (51.4026)  BaseLoss: 51.388214 (51.4026)  RefAttnKL: 0.000e+00 (0.000e+00)  RefLogitKL: 0.000e+00 (0.000e+00)  AnchorRefAttnKL: 0.000e+00 (0.000e+00)  TeacherAttnKL: 0.000e+00 (0.000e+00)  TeacherRel: 0.000e+00 (0.000e+00)  TeacherAttnOut: 0.000e+00 (0.000e+00)  TeacherFeatOut: 0.000e+00 (0.000e+00)  ActScaleAnchor: 0.000e+00 (0.000e+00)  VarTrust: 0.000e+00 (0.000e+00)  DirAnchor: 0.000e+00 (0.000e+00)  BinReg: 0.000e+00 (0.000e+00)  SelBinAnchor: 0.000e+00 (0.000e+00)  ActBinMargin: 0.000e+00 (0.000e+00)  Time: 0.223s, 2293.21/s  (0.223s, 2291.67/s)  LR: 1.082e-05  RefW: 0.000e+00  AnchorRefW: 0.000e+00  Data: 0.006 (0.007)
Train: 13 [1100/2502 ( 44%)]  Loss: 51.345879 (51.4001)  BaseLoss: 51.345879 (51.4001)  RefAttnKL: 0.000e+00 (0.000e+00)  RefLogitKL: 0.000e+00 (0.000e+00)  AnchorRefAttnKL: 0.000e+00 (0.000e+00)  TeacherAttnKL: 0.000e+00 (0.000e+00)  TeacherRel: 0.000e+00 (0.000e+00)  TeacherAttnOut: 0.000e+00 (0.000e+00)  TeacherFeatOut: 0.000e+00 (0.000e+00)  ActScaleAnchor: 0.000e+00 (0.000e+00)  VarTrust: 0.000e+00 (0.000e+00)  DirAnchor: 0.000e+00 (0.000e+00)  BinReg: 0.000e+00 (0.000e+00)  SelBinAnchor: 0.000e+00 (0.000e+00)  ActBinMargin: 0.000e+00 (0.000e+00)  Time: 0.223s, 2291.30/s  (0.223s, 2292.04/s)  LR: 1.081e-05  RefW: 0.000e+00  AnchorRefW: 0.000e+00  Data: 0.007 (0.007)
Train: 13 [1150/2502 ( 46%)]  Loss: 51.412769 (51.4007)  BaseLoss: 51.412769 (51.4007)  RefAttnKL: 0.000e+00 (0.000e+00)  RefLogitKL: 0.000e+00 (0.000e+00)  AnchorRefAttnKL: 0.000e+00 (0.000e+00)  TeacherAttnKL: 0.000e+00 (0.000e+00)  TeacherRel: 0.000e+00 (0.000e+00)  TeacherAttnOut: 0.000e+00 (0.000e+00)  TeacherFeatOut: 0.000e+00 (0.000e+00)  ActScaleAnchor: 0.000e+00 (0.000e+00)  VarTrust: 0.000e+00 (0.000e+00)  DirAnchor: 0.000e+00 (0.000e+00)  BinReg: 0.000e+00 (0.000e+00)  SelBinAnchor: 0.000e+00 (0.000e+00)  ActBinMargin: 0.000e+00 (0.000e+00)  Time: 0.223s, 2292.77/s  (0.224s, 2288.14/s)  LR: 1.080e-05  RefW: 0.000e+00  AnchorRefW: 0.000e+00  Data: 0.006 (0.007)
Train: 13 [1200/2502 ( 48%)]  Loss: 51.359127 (51.3990)  BaseLoss: 51.359127 (51.3990)  RefAttnKL: 0.000e+00 (0.000e+00)  RefLogitKL: 0.000e+00 (0.000e+00)  AnchorRefAttnKL: 0.000e+00 (0.000e+00)  TeacherAttnKL: 0.000e+00 (0.000e+00)  TeacherRel: 0.000e+00 (0.000e+00)  TeacherAttnOut: 0.000e+00 (0.000e+00)  TeacherFeatOut: 0.000e+00 (0.000e+00)  ActScaleAnchor: 0.000e+00 (0.000e+00)  VarTrust: 0.000e+00 (0.000e+00)  DirAnchor: 0.000e+00 (0.000e+00)  BinReg: 0.000e+00 (0.000e+00)  SelBinAnchor: 0.000e+00 (0.000e+00)  ActBinMargin: 0.000e+00 (0.000e+00)  Time: 0.223s, 2293.45/s  (0.224s, 2287.50/s)  LR: 1.079e-05  RefW: 0.000e+00  AnchorRefW: 0.000e+00  Data: 0.006 (0.007)
Train: 13 [1250/2502 ( 50%)]  Loss: 51.415569 (51.3996)  BaseLoss: 51.415569 (51.3996)  RefAttnKL: 0.000e+00 (0.000e+00)  RefLogitKL: 0.000e+00 (0.000e+00)  AnchorRefAttnKL: 0.000e+00 (0.000e+00)  TeacherAttnKL: 0.000e+00 (0.000e+00)  TeacherRel: 0.000e+00 (0.000e+00)  TeacherAttnOut: 0.000e+00 (0.000e+00)  TeacherFeatOut: 0.000e+00 (0.000e+00)  ActScaleAnchor: 0.000e+00 (0.000e+00)  VarTrust: 0.000e+00 (0.000e+00)  DirAnchor: 0.000e+00 (0.000e+00)  BinReg: 0.000e+00 (0.000e+00)  SelBinAnchor: 0.000e+00 (0.000e+00)  ActBinMargin: 0.000e+00 (0.000e+00)  Time: 0.224s, 2289.60/s  (0.224s, 2287.99/s)  LR: 1.078e-05  RefW: 0.000e+00  AnchorRefW: 0.000e+00  Data: 0.006 (0.007)
Train: 13 [1300/2502 ( 52%)]  Loss: 51.401966 (51.3997)  BaseLoss: 51.401966 (51.3997)  RefAttnKL: 0.000e+00 (0.000e+00)  RefLogitKL: 0.000e+00 (0.000e+00)  AnchorRefAttnKL: 0.000e+00 (0.000e+00)  TeacherAttnKL: 0.000e+00 (0.000e+00)  TeacherRel: 0.000e+00 (0.000e+00)  TeacherAttnOut: 0.000e+00 (0.000e+00)  TeacherFeatOut: 0.000e+00 (0.000e+00)  ActScaleAnchor: 0.000e+00 (0.000e+00)  VarTrust: 0.000e+00 (0.000e+00)  DirAnchor: 0.000e+00 (0.000e+00)  BinReg: 0.000e+00 (0.000e+00)  SelBinAnchor: 0.000e+00 (0.000e+00)  ActBinMargin: 0.000e+00 (0.000e+00)  Time: 0.223s, 2292.32/s  (0.224s, 2288.29/s)  LR: 1.077e-05  RefW: 0.000e+00  AnchorRefW: 0.000e+00  Data: 0.007 (0.007)
Train: 13 [1350/2502 ( 54%)]  Loss: 51.397709 (51.3996)  BaseLoss: 51.397709 (51.3996)  RefAttnKL: 0.000e+00 (0.000e+00)  RefLogitKL: 0.000e+00 (0.000e+00)  AnchorRefAttnKL: 0.000e+00 (0.000e+00)  TeacherAttnKL: 0.000e+00 (0.000e+00)  TeacherRel: 0.000e+00 (0.000e+00)  TeacherAttnOut: 0.000e+00 (0.000e+00)  TeacherFeatOut: 0.000e+00 (0.000e+00)  ActScaleAnchor: 0.000e+00 (0.000e+00)  VarTrust: 0.000e+00 (0.000e+00)  DirAnchor: 0.000e+00 (0.000e+00)  BinReg: 0.000e+00 (0.000e+00)  SelBinAnchor: 0.000e+00 (0.000e+00)  ActBinMargin: 0.000e+00 (0.000e+00)  Time: 0.224s, 2286.95/s  (0.224s, 2288.70/s)  LR: 1.076e-05  RefW: 0.000e+00  AnchorRefW: 0.000e+00  Data: 0.006 (0.007)
Train: 13 [1400/2502 ( 56%)]  Loss: 51.415806 (51.4002)  BaseLoss: 51.415806 (51.4002)  RefAttnKL: 0.000e+00 (0.000e+00)  RefLogitKL: 0.000e+00 (0.000e+00)  AnchorRefAttnKL: 0.000e+00 (0.000e+00)  TeacherAttnKL: 0.000e+00 (0.000e+00)  TeacherRel: 0.000e+00 (0.000e+00)  TeacherAttnOut: 0.000e+00 (0.000e+00)  TeacherFeatOut: 0.000e+00 (0.000e+00)  ActScaleAnchor: 0.000e+00 (0.000e+00)  VarTrust: 0.000e+00 (0.000e+00)  DirAnchor: 0.000e+00 (0.000e+00)  BinReg: 0.000e+00 (0.000e+00)  SelBinAnchor: 0.000e+00 (0.000e+00)  ActBinMargin: 0.000e+00 (0.000e+00)  Time: 0.223s, 2293.25/s  (0.224s, 2289.13/s)  LR: 1.075e-05  RefW: 0.000e+00  AnchorRefW: 0.000e+00  Data: 0.006 (0.007)
Train: 13 [1450/2502 ( 58%)]  Loss: 51.439217 (51.4015)  BaseLoss: 51.439217 (51.4015)  RefAttnKL: 0.000e+00 (0.000e+00)  RefLogitKL: 0.000e+00 (0.000e+00)  AnchorRefAttnKL: 0.000e+00 (0.000e+00)  TeacherAttnKL: 0.000e+00 (0.000e+00)  TeacherRel: 0.000e+00 (0.000e+00)  TeacherAttnOut: 0.000e+00 (0.000e+00)  TeacherFeatOut: 0.000e+00 (0.000e+00)  ActScaleAnchor: 0.000e+00 (0.000e+00)  VarTrust: 0.000e+00 (0.000e+00)  DirAnchor: 0.000e+00 (0.000e+00)  BinReg: 0.000e+00 (0.000e+00)  SelBinAnchor: 0.000e+00 (0.000e+00)  ActBinMargin: 0.000e+00 (0.000e+00)  Time: 0.224s, 2281.28/s  (0.224s, 2289.51/s)  LR: 1.074e-05  RefW: 0.000e+00  AnchorRefW: 0.000e+00  Data: 0.006 (0.007)
Train: 13 [1500/2502 ( 60%)]  Loss: 51.426903 (51.4023)  BaseLoss: 51.426903 (51.4023)  RefAttnKL: 0.000e+00 (0.000e+00)  RefLogitKL: 0.000e+00 (0.000e+00)  AnchorRefAttnKL: 0.000e+00 (0.000e+00)  TeacherAttnKL: 0.000e+00 (0.000e+00)  TeacherRel: 0.000e+00 (0.000e+00)  TeacherAttnOut: 0.000e+00 (0.000e+00)  TeacherFeatOut: 0.000e+00 (0.000e+00)  ActScaleAnchor: 0.000e+00 (0.000e+00)  VarTrust: 0.000e+00 (0.000e+00)  DirAnchor: 0.000e+00 (0.000e+00)  BinReg: 0.000e+00 (0.000e+00)  SelBinAnchor: 0.000e+00 (0.000e+00)  ActBinMargin: 0.000e+00 (0.000e+00)  Time: 0.223s, 2295.28/s  (0.224s, 2289.88/s)  LR: 1.073e-05  RefW: 0.000e+00  AnchorRefW: 0.000e+00  Data: 0.007 (0.007)
Train: 13 [1550/2502 ( 62%)]  Loss: 51.412621 (51.4026)  BaseLoss: 51.412621 (51.4026)  RefAttnKL: 0.000e+00 (0.000e+00)  RefLogitKL: 0.000e+00 (0.000e+00)  AnchorRefAttnKL: 0.000e+00 (0.000e+00)  TeacherAttnKL: 0.000e+00 (0.000e+00)  TeacherRel: 0.000e+00 (0.000e+00)  TeacherAttnOut: 0.000e+00 (0.000e+00)  TeacherFeatOut: 0.000e+00 (0.000e+00)  ActScaleAnchor: 0.000e+00 (0.000e+00)  VarTrust: 0.000e+00 (0.000e+00)  DirAnchor: 0.000e+00 (0.000e+00)  BinReg: 0.000e+00 (0.000e+00)  SelBinAnchor: 0.000e+00 (0.000e+00)  ActBinMargin: 0.000e+00 (0.000e+00)  Time: 0.223s, 2291.67/s  (0.224s, 2290.03/s)  LR: 1.072e-05  RefW: 0.000e+00  AnchorRefW: 0.000e+00  Data: 0.006 (0.007)
Train: 13 [1600/2502 ( 64%)]  Loss: 51.391876 (51.4023)  BaseLoss: 51.391876 (51.4023)  RefAttnKL: 0.000e+00 (0.000e+00)  RefLogitKL: 0.000e+00 (0.000e+00)  AnchorRefAttnKL: 0.000e+00 (0.000e+00)  TeacherAttnKL: 0.000e+00 (0.000e+00)  TeacherRel: 0.000e+00 (0.000e+00)  TeacherAttnOut: 0.000e+00 (0.000e+00)  TeacherFeatOut: 0.000e+00 (0.000e+00)  ActScaleAnchor: 0.000e+00 (0.000e+00)  VarTrust: 0.000e+00 (0.000e+00)  DirAnchor: 0.000e+00 (0.000e+00)  BinReg: 0.000e+00 (0.000e+00)  SelBinAnchor: 0.000e+00 (0.000e+00)  ActBinMargin: 0.000e+00 (0.000e+00)  Time: 0.223s, 2296.85/s  (0.224s, 2290.37/s)  LR: 1.071e-05  RefW: 0.000e+00  AnchorRefW: 0.000e+00  Data: 0.006 (0.007)
Train: 13 [1650/2502 ( 66%)]  Loss: 51.434166 (51.4033)  BaseLoss: 51.434166 (51.4033)  RefAttnKL: 0.000e+00 (0.000e+00)  RefLogitKL: 0.000e+00 (0.000e+00)  AnchorRefAttnKL: 0.000e+00 (0.000e+00)  TeacherAttnKL: 0.000e+00 (0.000e+00)  TeacherRel: 0.000e+00 (0.000e+00)  TeacherAttnOut: 0.000e+00 (0.000e+00)  TeacherFeatOut: 0.000e+00 (0.000e+00)  ActScaleAnchor: 0.000e+00 (0.000e+00)  VarTrust: 0.000e+00 (0.000e+00)  DirAnchor: 0.000e+00 (0.000e+00)  BinReg: 0.000e+00 (0.000e+00)  SelBinAnchor: 0.000e+00 (0.000e+00)  ActBinMargin: 0.000e+00 (0.000e+00)  Time: 0.223s, 2297.31/s  (0.224s, 2290.66/s)  LR: 1.070e-05  RefW: 0.000e+00  AnchorRefW: 0.000e+00  Data: 0.006 (0.007)
Train: 13 [1700/2502 ( 68%)]  Loss: 51.424259 (51.4039)  BaseLoss: 51.424259 (51.4039)  RefAttnKL: 0.000e+00 (0.000e+00)  RefLogitKL: 0.000e+00 (0.000e+00)  AnchorRefAttnKL: 0.000e+00 (0.000e+00)  TeacherAttnKL: 0.000e+00 (0.000e+00)  TeacherRel: 0.000e+00 (0.000e+00)  TeacherAttnOut: 0.000e+00 (0.000e+00)  TeacherFeatOut: 0.000e+00 (0.000e+00)  ActScaleAnchor: 0.000e+00 (0.000e+00)  VarTrust: 0.000e+00 (0.000e+00)  DirAnchor: 0.000e+00 (0.000e+00)  BinReg: 0.000e+00 (0.000e+00)  SelBinAnchor: 0.000e+00 (0.000e+00)  ActBinMargin: 0.000e+00 (0.000e+00)  Time: 0.223s, 2298.79/s  (0.223s, 2290.96/s)  LR: 1.069e-05  RefW: 0.000e+00  AnchorRefW: 0.000e+00  Data: 0.007 (0.007)
Train: 13 [1750/2502 ( 70%)]  Loss: 51.395409 (51.4036)  BaseLoss: 51.395409 (51.4036)  RefAttnKL: 0.000e+00 (0.000e+00)  RefLogitKL: 0.000e+00 (0.000e+00)  AnchorRefAttnKL: 0.000e+00 (0.000e+00)  TeacherAttnKL: 0.000e+00 (0.000e+00)  TeacherRel: 0.000e+00 (0.000e+00)  TeacherAttnOut: 0.000e+00 (0.000e+00)  TeacherFeatOut: 0.000e+00 (0.000e+00)  ActScaleAnchor: 0.000e+00 (0.000e+00)  VarTrust: 0.000e+00 (0.000e+00)  DirAnchor: 0.000e+00 (0.000e+00)  BinReg: 0.000e+00 (0.000e+00)  SelBinAnchor: 0.000e+00 (0.000e+00)  ActBinMargin: 0.000e+00 (0.000e+00)  Time: 0.224s, 2283.89/s  (0.223s, 2291.16/s)  LR: 1.068e-05  RefW: 0.000e+00  AnchorRefW: 0.000e+00  Data: 0.006 (0.007)
Train: 13 [1800/2502 ( 72%)]  Loss: 51.395340 (51.4034)  BaseLoss: 51.395340 (51.4034)  RefAttnKL: 0.000e+00 (0.000e+00)  RefLogitKL: 0.000e+00 (0.000e+00)  AnchorRefAttnKL: 0.000e+00 (0.000e+00)  TeacherAttnKL: 0.000e+00 (0.000e+00)  TeacherRel: 0.000e+00 (0.000e+00)  TeacherAttnOut: 0.000e+00 (0.000e+00)  TeacherFeatOut: 0.000e+00 (0.000e+00)  ActScaleAnchor: 0.000e+00 (0.000e+00)  VarTrust: 0.000e+00 (0.000e+00)  DirAnchor: 0.000e+00 (0.000e+00)  BinReg: 0.000e+00 (0.000e+00)  SelBinAnchor: 0.000e+00 (0.000e+00)  ActBinMargin: 0.000e+00 (0.000e+00)  Time: 0.224s, 2288.71/s  (0.223s, 2291.42/s)  LR: 1.067e-05  RefW: 0.000e+00  AnchorRefW: 0.000e+00  Data: 0.006 (0.007)
Train: 13 [1850/2502 ( 74%)]  Loss: 51.391258 (51.4031)  BaseLoss: 51.391258 (51.4031)  RefAttnKL: 0.000e+00 (0.000e+00)  RefLogitKL: 0.000e+00 (0.000e+00)  AnchorRefAttnKL: 0.000e+00 (0.000e+00)  TeacherAttnKL: 0.000e+00 (0.000e+00)  TeacherRel: 0.000e+00 (0.000e+00)  TeacherAttnOut: 0.000e+00 (0.000e+00)  TeacherFeatOut: 0.000e+00 (0.000e+00)  ActScaleAnchor: 0.000e+00 (0.000e+00)  VarTrust: 0.000e+00 (0.000e+00)  DirAnchor: 0.000e+00 (0.000e+00)  BinReg: 0.000e+00 (0.000e+00)  SelBinAnchor: 0.000e+00 (0.000e+00)  ActBinMargin: 0.000e+00 (0.000e+00)  Time: 0.223s, 2291.24/s  (0.223s, 2291.44/s)  LR: 1.066e-05  RefW: 0.000e+00  AnchorRefW: 0.000e+00  Data: 0.006 (0.007)
Train: 13 [1900/2502 ( 76%)]  Loss: 51.427441 (51.4037)  BaseLoss: 51.427441 (51.4037)  RefAttnKL: 0.000e+00 (0.000e+00)  RefLogitKL: 0.000e+00 (0.000e+00)  AnchorRefAttnKL: 0.000e+00 (0.000e+00)  TeacherAttnKL: 0.000e+00 (0.000e+00)  TeacherRel: 0.000e+00 (0.000e+00)  TeacherAttnOut: 0.000e+00 (0.000e+00)  TeacherFeatOut: 0.000e+00 (0.000e+00)  ActScaleAnchor: 0.000e+00 (0.000e+00)  VarTrust: 0.000e+00 (0.000e+00)  DirAnchor: 0.000e+00 (0.000e+00)  BinReg: 0.000e+00 (0.000e+00)  SelBinAnchor: 0.000e+00 (0.000e+00)  ActBinMargin: 0.000e+00 (0.000e+00)  Time: 0.223s, 2293.20/s  (0.223s, 2291.50/s)  LR: 1.065e-05  RefW: 0.000e+00  AnchorRefW: 0.000e+00  Data: 0.007 (0.007)
Train: 13 [1950/2502 ( 78%)]  Loss: 51.457809 (51.4051)  BaseLoss: 51.457809 (51.4051)  RefAttnKL: 0.000e+00 (0.000e+00)  RefLogitKL: 0.000e+00 (0.000e+00)  AnchorRefAttnKL: 0.000e+00 (0.000e+00)  TeacherAttnKL: 0.000e+00 (0.000e+00)  TeacherRel: 0.000e+00 (0.000e+00)  TeacherAttnOut: 0.000e+00 (0.000e+00)  TeacherFeatOut: 0.000e+00 (0.000e+00)  ActScaleAnchor: 0.000e+00 (0.000e+00)  VarTrust: 0.000e+00 (0.000e+00)  DirAnchor: 0.000e+00 (0.000e+00)  BinReg: 0.000e+00 (0.000e+00)  SelBinAnchor: 0.000e+00 (0.000e+00)  ActBinMargin: 0.000e+00 (0.000e+00)  Time: 0.222s, 2304.21/s  (0.223s, 2291.71/s)  LR: 1.064e-05  RefW: 0.000e+00  AnchorRefW: 0.000e+00  Data: 0.007 (0.007)
Train: 13 [2000/2502 ( 80%)]  Loss: 51.407574 (51.4051)  BaseLoss: 51.407574 (51.4051)  RefAttnKL: 0.000e+00 (0.000e+00)  RefLogitKL: 0.000e+00 (0.000e+00)  AnchorRefAttnKL: 0.000e+00 (0.000e+00)  TeacherAttnKL: 0.000e+00 (0.000e+00)  TeacherRel: 0.000e+00 (0.000e+00)  TeacherAttnOut: 0.000e+00 (0.000e+00)  TeacherFeatOut: 0.000e+00 (0.000e+00)  ActScaleAnchor: 0.000e+00 (0.000e+00)  VarTrust: 0.000e+00 (0.000e+00)  DirAnchor: 0.000e+00 (0.000e+00)  BinReg: 0.000e+00 (0.000e+00)  SelBinAnchor: 0.000e+00 (0.000e+00)  ActBinMargin: 0.000e+00 (0.000e+00)  Time: 0.223s, 2294.22/s  (0.223s, 2291.91/s)  LR: 1.063e-05  RefW: 0.000e+00  AnchorRefW: 0.000e+00  Data: 0.006 (0.007)
Train: 13 [2050/2502 ( 82%)]  Loss: 51.353607 (51.4039)  BaseLoss: 51.353607 (51.4039)  RefAttnKL: 0.000e+00 (0.000e+00)  RefLogitKL: 0.000e+00 (0.000e+00)  AnchorRefAttnKL: 0.000e+00 (0.000e+00)  TeacherAttnKL: 0.000e+00 (0.000e+00)  TeacherRel: 0.000e+00 (0.000e+00)  TeacherAttnOut: 0.000e+00 (0.000e+00)  TeacherFeatOut: 0.000e+00 (0.000e+00)  ActScaleAnchor: 0.000e+00 (0.000e+00)  VarTrust: 0.000e+00 (0.000e+00)  DirAnchor: 0.000e+00 (0.000e+00)  BinReg: 0.000e+00 (0.000e+00)  SelBinAnchor: 0.000e+00 (0.000e+00)  ActBinMargin: 0.000e+00 (0.000e+00)  Time: 0.244s, 2097.91/s  (0.223s, 2291.87/s)  LR: 1.062e-05  RefW: 0.000e+00  AnchorRefW: 0.000e+00  Data: 0.006 (0.007)
Train: 13 [2100/2502 ( 84%)]  Loss: 51.371532 (51.4031)  BaseLoss: 51.371532 (51.4031)  RefAttnKL: 0.000e+00 (0.000e+00)  RefLogitKL: 0.000e+00 (0.000e+00)  AnchorRefAttnKL: 0.000e+00 (0.000e+00)  TeacherAttnKL: 0.000e+00 (0.000e+00)  TeacherRel: 0.000e+00 (0.000e+00)  TeacherAttnOut: 0.000e+00 (0.000e+00)  TeacherFeatOut: 0.000e+00 (0.000e+00)  ActScaleAnchor: 0.000e+00 (0.000e+00)  VarTrust: 0.000e+00 (0.000e+00)  DirAnchor: 0.000e+00 (0.000e+00)  BinReg: 0.000e+00 (0.000e+00)  SelBinAnchor: 0.000e+00 (0.000e+00)  ActBinMargin: 0.000e+00 (0.000e+00)  Time: 0.223s, 2292.24/s  (0.223s, 2291.68/s)  LR: 1.061e-05  RefW: 0.000e+00  AnchorRefW: 0.000e+00  Data: 0.007 (0.007)
Train: 13 [2150/2502 ( 86%)]  Loss: 51.379505 (51.4026)  BaseLoss: 51.379505 (51.4026)  RefAttnKL: 0.000e+00 (0.000e+00)  RefLogitKL: 0.000e+00 (0.000e+00)  AnchorRefAttnKL: 0.000e+00 (0.000e+00)  TeacherAttnKL: 0.000e+00 (0.000e+00)  TeacherRel: 0.000e+00 (0.000e+00)  TeacherAttnOut: 0.000e+00 (0.000e+00)  TeacherFeatOut: 0.000e+00 (0.000e+00)  ActScaleAnchor: 0.000e+00 (0.000e+00)  VarTrust: 0.000e+00 (0.000e+00)  DirAnchor: 0.000e+00 (0.000e+00)  BinReg: 0.000e+00 (0.000e+00)  SelBinAnchor: 0.000e+00 (0.000e+00)  ActBinMargin: 0.000e+00 (0.000e+00)  Time: 0.224s, 2289.57/s  (0.223s, 2291.87/s)  LR: 1.060e-05  RefW: 0.000e+00  AnchorRefW: 0.000e+00  Data: 0.006 (0.007)
Train: 13 [2200/2502 ( 88%)]  Loss: 51.396481 (51.4025)  BaseLoss: 51.396481 (51.4025)  RefAttnKL: 0.000e+00 (0.000e+00)  RefLogitKL: 0.000e+00 (0.000e+00)  AnchorRefAttnKL: 0.000e+00 (0.000e+00)  TeacherAttnKL: 0.000e+00 (0.000e+00)  TeacherRel: 0.000e+00 (0.000e+00)  TeacherAttnOut: 0.000e+00 (0.000e+00)  TeacherFeatOut: 0.000e+00 (0.000e+00)  ActScaleAnchor: 0.000e+00 (0.000e+00)  VarTrust: 0.000e+00 (0.000e+00)  DirAnchor: 0.000e+00 (0.000e+00)  BinReg: 0.000e+00 (0.000e+00)  SelBinAnchor: 0.000e+00 (0.000e+00)  ActBinMargin: 0.000e+00 (0.000e+00)  Time: 0.224s, 2290.22/s  (0.223s, 2291.75/s)  LR: 1.059e-05  RefW: 0.000e+00  AnchorRefW: 0.000e+00  Data: 0.006 (0.007)
Train: 13 [2250/2502 ( 90%)]  Loss: 51.410309 (51.4026)  BaseLoss: 51.410309 (51.4026)  RefAttnKL: 0.000e+00 (0.000e+00)  RefLogitKL: 0.000e+00 (0.000e+00)  AnchorRefAttnKL: 0.000e+00 (0.000e+00)  TeacherAttnKL: 0.000e+00 (0.000e+00)  TeacherRel: 0.000e+00 (0.000e+00)  TeacherAttnOut: 0.000e+00 (0.000e+00)  TeacherFeatOut: 0.000e+00 (0.000e+00)  ActScaleAnchor: 0.000e+00 (0.000e+00)  VarTrust: 0.000e+00 (0.000e+00)  DirAnchor: 0.000e+00 (0.000e+00)  BinReg: 0.000e+00 (0.000e+00)  SelBinAnchor: 0.000e+00 (0.000e+00)  ActBinMargin: 0.000e+00 (0.000e+00)  Time: 0.224s, 2288.18/s  (0.223s, 2291.89/s)  LR: 1.057e-05  RefW: 0.000e+00  AnchorRefW: 0.000e+00  Data: 0.005 (0.007)
Train: 13 [2300/2502 ( 92%)]  Loss: 51.425549 (51.4031)  BaseLoss: 51.425549 (51.4031)  RefAttnKL: 0.000e+00 (0.000e+00)  RefLogitKL: 0.000e+00 (0.000e+00)  AnchorRefAttnKL: 0.000e+00 (0.000e+00)  TeacherAttnKL: 0.000e+00 (0.000e+00)  TeacherRel: 0.000e+00 (0.000e+00)  TeacherAttnOut: 0.000e+00 (0.000e+00)  TeacherFeatOut: 0.000e+00 (0.000e+00)  ActScaleAnchor: 0.000e+00 (0.000e+00)  VarTrust: 0.000e+00 (0.000e+00)  DirAnchor: 0.000e+00 (0.000e+00)  BinReg: 0.000e+00 (0.000e+00)  SelBinAnchor: 0.000e+00 (0.000e+00)  ActBinMargin: 0.000e+00 (0.000e+00)  Time: 0.223s, 2300.91/s  (0.223s, 2292.01/s)  LR: 1.056e-05  RefW: 0.000e+00  AnchorRefW: 0.000e+00  Data: 0.007 (0.007)
Train: 13 [2350/2502 ( 94%)]  Loss: 51.435501 (51.4038)  BaseLoss: 51.435501 (51.4038)  RefAttnKL: 0.000e+00 (0.000e+00)  RefLogitKL: 0.000e+00 (0.000e+00)  AnchorRefAttnKL: 0.000e+00 (0.000e+00)  TeacherAttnKL: 0.000e+00 (0.000e+00)  TeacherRel: 0.000e+00 (0.000e+00)  TeacherAttnOut: 0.000e+00 (0.000e+00)  TeacherFeatOut: 0.000e+00 (0.000e+00)  ActScaleAnchor: 0.000e+00 (0.000e+00)  VarTrust: 0.000e+00 (0.000e+00)  DirAnchor: 0.000e+00 (0.000e+00)  BinReg: 0.000e+00 (0.000e+00)  SelBinAnchor: 0.000e+00 (0.000e+00)  ActBinMargin: 0.000e+00 (0.000e+00)  Time: 0.223s, 2293.26/s  (0.223s, 2292.16/s)  LR: 1.055e-05  RefW: 0.000e+00  AnchorRefW: 0.000e+00  Data: 0.006 (0.007)
Train: 13 [2400/2502 ( 96%)]  Loss: 51.391808 (51.4036)  BaseLoss: 51.391808 (51.4036)  RefAttnKL: 0.000e+00 (0.000e+00)  RefLogitKL: 0.000e+00 (0.000e+00)  AnchorRefAttnKL: 0.000e+00 (0.000e+00)  TeacherAttnKL: 0.000e+00 (0.000e+00)  TeacherRel: 0.000e+00 (0.000e+00)  TeacherAttnOut: 0.000e+00 (0.000e+00)  TeacherFeatOut: 0.000e+00 (0.000e+00)  ActScaleAnchor: 0.000e+00 (0.000e+00)  VarTrust: 0.000e+00 (0.000e+00)  DirAnchor: 0.000e+00 (0.000e+00)  BinReg: 0.000e+00 (0.000e+00)  SelBinAnchor: 0.000e+00 (0.000e+00)  ActBinMargin: 0.000e+00 (0.000e+00)  Time: 0.228s, 2244.94/s  (0.223s, 2292.19/s)  LR: 1.054e-05  RefW: 0.000e+00  AnchorRefW: 0.000e+00  Data: 0.006 (0.007)
Train: 13 [2450/2502 ( 98%)]  Loss: 51.421371 (51.4039)  BaseLoss: 51.421371 (51.4039)  RefAttnKL: 0.000e+00 (0.000e+00)  RefLogitKL: 0.000e+00 (0.000e+00)  AnchorRefAttnKL: 0.000e+00 (0.000e+00)  TeacherAttnKL: 0.000e+00 (0.000e+00)  TeacherRel: 0.000e+00 (0.000e+00)  TeacherAttnOut: 0.000e+00 (0.000e+00)  TeacherFeatOut: 0.000e+00 (0.000e+00)  ActScaleAnchor: 0.000e+00 (0.000e+00)  VarTrust: 0.000e+00 (0.000e+00)  DirAnchor: 0.000e+00 (0.000e+00)  BinReg: 0.000e+00 (0.000e+00)  SelBinAnchor: 0.000e+00 (0.000e+00)  ActBinMargin: 0.000e+00 (0.000e+00)  Time: 0.223s, 2300.40/s  (0.223s, 2292.35/s)  LR: 1.053e-05  RefW: 0.000e+00  AnchorRefW: 0.000e+00  Data: 0.006 (0.007)
TrainSummary: epoch=13 updates=2496 avg_step_time=0.223337s samples_per_step=512 samples_per_sec=2292.50
epoch:  13 g['lr']:  1.0523891076445579e-05
model eval
TestLocal: [   0/97]  Time: 0.891 (0.891)  Loss:  0.7667  Acc@1: 82.8125  Acc@5: 93.7500  Samples: 64
TestLocal: [  50/97]  Time: 0.091 (0.106)  Loss:  0.8237  Acc@1: 81.4645  Acc@5: 95.1593  Samples: 3264
TestLocal: [  97/97]  Time: 0.049 (0.098)  Loss:  0.8225  Acc@1: 81.1831  Acc@5: 95.2026  Samples: 6170
TestLocal: [ 100/97]  Time: 0.048 (0.096)  Loss:  0.8226  Acc@1: 81.1916  Acc@5: 95.2013  Samples: 6210
Test: [distributed-summary]  Time: 10.091s  Loss: 0.8431  Acc@1: 80.4500  Acc@5: 95.2680  Samples: 50000
Trainable parameter policy: epoch=14, quant_only=False, policy=all, trainable=28608256, frozen=0
AOQ explore scale ratio update: epoch=14, update=0, active=False, base_ratio=1.0, threshold_ratio=0.0, base_layers=(), selective_margin=0.0, base_quantizers=0, layer_ratios={}, layer_quantizers=0, layer_counts={}, quality_mode=none, quality_layers=(), quality_start_update=0, quality_min_frac=0.0, start_update=0, end_update=0
Trainable parameter update policy: epoch=14, update=0, mode=requires_grad, policy=all, trainable=28608256, frozen=0
Train: 14 [   0/2502 (  0%)]  Loss: 51.398075 (51.3981)  BaseLoss: 51.398075 (51.3981)  RefAttnKL: 0.000e+00 (0.000e+00)  RefLogitKL: 0.000e+00 (0.000e+00)  AnchorRefAttnKL: 0.000e+00 (0.000e+00)  TeacherAttnKL: 0.000e+00 (0.000e+00)  TeacherRel: 0.000e+00 (0.000e+00)  TeacherAttnOut: 0.000e+00 (0.000e+00)  TeacherFeatOut: 0.000e+00 (0.000e+00)  ActScaleAnchor: 0.000e+00 (0.000e+00)  VarTrust: 0.000e+00 (0.000e+00)  DirAnchor: 0.000e+00 (0.000e+00)  BinReg: 0.000e+00 (0.000e+00)  SelBinAnchor: 0.000e+00 (0.000e+00)  ActBinMargin: 0.000e+00 (0.000e+00)  Time: 0.903s,  566.91/s  (0.903s,  566.91/s)  LR: 1.052e-05  RefW: 0.000e+00  AnchorRefW: 0.000e+00  Data: 0.666 (0.666)
Train: 14 [  50/2502 (  2%)]  Loss: 51.376091 (51.3871)  BaseLoss: 51.376091 (51.3871)  RefAttnKL: 0.000e+00 (0.000e+00)  RefLogitKL: 0.000e+00 (0.000e+00)  AnchorRefAttnKL: 0.000e+00 (0.000e+00)  TeacherAttnKL: 0.000e+00 (0.000e+00)  TeacherRel: 0.000e+00 (0.000e+00)  TeacherAttnOut: 0.000e+00 (0.000e+00)  TeacherFeatOut: 0.000e+00 (0.000e+00)  ActScaleAnchor: 0.000e+00 (0.000e+00)  VarTrust: 0.000e+00 (0.000e+00)  DirAnchor: 0.000e+00 (0.000e+00)  BinReg: 0.000e+00 (0.000e+00)  SelBinAnchor: 0.000e+00 (0.000e+00)  ActBinMargin: 0.000e+00 (0.000e+00)  Time: 0.224s, 2289.04/s  (0.236s, 2167.61/s)  LR: 1.051e-05  RefW: 0.000e+00  AnchorRefW: 0.000e+00  Data: 0.005 (0.019)
Train: 14 [ 100/2502 (  4%)]  Loss: 51.405605 (51.3933)  BaseLoss: 51.405605 (51.3933)  RefAttnKL: 0.000e+00 (0.000e+00)  RefLogitKL: 0.000e+00 (0.000e+00)  AnchorRefAttnKL: 0.000e+00 (0.000e+00)  TeacherAttnKL: 0.000e+00 (0.000e+00)  TeacherRel: 0.000e+00 (0.000e+00)  TeacherAttnOut: 0.000e+00 (0.000e+00)  TeacherFeatOut: 0.000e+00 (0.000e+00)  ActScaleAnchor: 0.000e+00 (0.000e+00)  VarTrust: 0.000e+00 (0.000e+00)  DirAnchor: 0.000e+00 (0.000e+00)  BinReg: 0.000e+00 (0.000e+00)  SelBinAnchor: 0.000e+00 (0.000e+00)  ActBinMargin: 0.000e+00 (0.000e+00)  Time: 0.224s, 2290.36/s  (0.230s, 2228.86/s)  LR: 1.050e-05  RefW: 0.000e+00  AnchorRefW: 0.000e+00  Data: 0.006 (0.012)
Train: 14 [ 150/2502 (  6%)]  Loss: 51.399563 (51.3948)  BaseLoss: 51.399563 (51.3948)  RefAttnKL: 0.000e+00 (0.000e+00)  RefLogitKL: 0.000e+00 (0.000e+00)  AnchorRefAttnKL: 0.000e+00 (0.000e+00)  TeacherAttnKL: 0.000e+00 (0.000e+00)  TeacherRel: 0.000e+00 (0.000e+00)  TeacherAttnOut: 0.000e+00 (0.000e+00)  TeacherFeatOut: 0.000e+00 (0.000e+00)  ActScaleAnchor: 0.000e+00 (0.000e+00)  VarTrust: 0.000e+00 (0.000e+00)  DirAnchor: 0.000e+00 (0.000e+00)  BinReg: 0.000e+00 (0.000e+00)  SelBinAnchor: 0.000e+00 (0.000e+00)  ActBinMargin: 0.000e+00 (0.000e+00)  Time: 0.223s, 2293.14/s  (0.227s, 2251.92/s)  LR: 1.049e-05  RefW: 0.000e+00  AnchorRefW: 0.000e+00  Data: 0.005 (0.010)
Train: 14 [ 200/2502 (  8%)]  Loss: 51.410233 (51.3979)  BaseLoss: 51.410233 (51.3979)  RefAttnKL: 0.000e+00 (0.000e+00)  RefLogitKL: 0.000e+00 (0.000e+00)  AnchorRefAttnKL: 0.000e+00 (0.000e+00)  TeacherAttnKL: 0.000e+00 (0.000e+00)  TeacherRel: 0.000e+00 (0.000e+00)  TeacherAttnOut: 0.000e+00 (0.000e+00)  TeacherFeatOut: 0.000e+00 (0.000e+00)  ActScaleAnchor: 0.000e+00 (0.000e+00)  VarTrust: 0.000e+00 (0.000e+00)  DirAnchor: 0.000e+00 (0.000e+00)  BinReg: 0.000e+00 (0.000e+00)  SelBinAnchor: 0.000e+00 (0.000e+00)  ActBinMargin: 0.000e+00 (0.000e+00)  Time: 0.224s, 2288.55/s  (0.226s, 2263.41/s)  LR: 1.048e-05  RefW: 0.000e+00  AnchorRefW: 0.000e+00  Data: 0.006 (0.009)
Train: 14 [ 250/2502 ( 10%)]  Loss: 51.433197 (51.4038)  BaseLoss: 51.433197 (51.4038)  RefAttnKL: 0.000e+00 (0.000e+00)  RefLogitKL: 0.000e+00 (0.000e+00)  AnchorRefAttnKL: 0.000e+00 (0.000e+00)  TeacherAttnKL: 0.000e+00 (0.000e+00)  TeacherRel: 0.000e+00 (0.000e+00)  TeacherAttnOut: 0.000e+00 (0.000e+00)  TeacherFeatOut: 0.000e+00 (0.000e+00)  ActScaleAnchor: 0.000e+00 (0.000e+00)  VarTrust: 0.000e+00 (0.000e+00)  DirAnchor: 0.000e+00 (0.000e+00)  BinReg: 0.000e+00 (0.000e+00)  SelBinAnchor: 0.000e+00 (0.000e+00)  ActBinMargin: 0.000e+00 (0.000e+00)  Time: 0.223s, 2298.33/s  (0.226s, 2270.05/s)  LR: 1.047e-05  RefW: 0.000e+00  AnchorRefW: 0.000e+00  Data: 0.006 (0.009)
Train: 14 [ 300/2502 ( 12%)]  Loss: 51.406540 (51.4042)  BaseLoss: 51.406540 (51.4042)  RefAttnKL: 0.000e+00 (0.000e+00)  RefLogitKL: 0.000e+00 (0.000e+00)  AnchorRefAttnKL: 0.000e+00 (0.000e+00)  TeacherAttnKL: 0.000e+00 (0.000e+00)  TeacherRel: 0.000e+00 (0.000e+00)  TeacherAttnOut: 0.000e+00 (0.000e+00)  TeacherFeatOut: 0.000e+00 (0.000e+00)  ActScaleAnchor: 0.000e+00 (0.000e+00)  VarTrust: 0.000e+00 (0.000e+00)  DirAnchor: 0.000e+00 (0.000e+00)  BinReg: 0.000e+00 (0.000e+00)  SelBinAnchor: 0.000e+00 (0.000e+00)  ActBinMargin: 0.000e+00 (0.000e+00)  Time: 0.223s, 2295.00/s  (0.225s, 2275.02/s)  LR: 1.046e-05  RefW: 0.000e+00  AnchorRefW: 0.000e+00  Data: 0.007 (0.008)
Train: 14 [ 350/2502 ( 14%)]  Loss: 51.431782 (51.4076)  BaseLoss: 51.431782 (51.4076)  RefAttnKL: 0.000e+00 (0.000e+00)  RefLogitKL: 0.000e+00 (0.000e+00)  AnchorRefAttnKL: 0.000e+00 (0.000e+00)  TeacherAttnKL: 0.000e+00 (0.000e+00)  TeacherRel: 0.000e+00 (0.000e+00)  TeacherAttnOut: 0.000e+00 (0.000e+00)  TeacherFeatOut: 0.000e+00 (0.000e+00)  ActScaleAnchor: 0.000e+00 (0.000e+00)  VarTrust: 0.000e+00 (0.000e+00)  DirAnchor: 0.000e+00 (0.000e+00)  BinReg: 0.000e+00 (0.000e+00)  SelBinAnchor: 0.000e+00 (0.000e+00)  ActBinMargin: 0.000e+00 (0.000e+00)  Time: 0.223s, 2292.24/s  (0.225s, 2278.51/s)  LR: 1.045e-05  RefW: 0.000e+00  AnchorRefW: 0.000e+00  Data: 0.006 (0.008)
Train: 14 [ 400/2502 ( 16%)]  Loss: 51.442711 (51.4115)  BaseLoss: 51.442711 (51.4115)  RefAttnKL: 0.000e+00 (0.000e+00)  RefLogitKL: 0.000e+00 (0.000e+00)  AnchorRefAttnKL: 0.000e+00 (0.000e+00)  TeacherAttnKL: 0.000e+00 (0.000e+00)  TeacherRel: 0.000e+00 (0.000e+00)  TeacherAttnOut: 0.000e+00 (0.000e+00)  TeacherFeatOut: 0.000e+00 (0.000e+00)  ActScaleAnchor: 0.000e+00 (0.000e+00)  VarTrust: 0.000e+00 (0.000e+00)  DirAnchor: 0.000e+00 (0.000e+00)  BinReg: 0.000e+00 (0.000e+00)  SelBinAnchor: 0.000e+00 (0.000e+00)  ActBinMargin: 0.000e+00 (0.000e+00)  Time: 0.223s, 2290.96/s  (0.224s, 2281.25/s)  LR: 1.044e-05  RefW: 0.000e+00  AnchorRefW: 0.000e+00  Data: 0.006 (0.008)
Train: 14 [ 450/2502 ( 18%)]  Loss: 51.413345 (51.4117)  BaseLoss: 51.413345 (51.4117)  RefAttnKL: 0.000e+00 (0.000e+00)  RefLogitKL: 0.000e+00 (0.000e+00)  AnchorRefAttnKL: 0.000e+00 (0.000e+00)  TeacherAttnKL: 0.000e+00 (0.000e+00)  TeacherRel: 0.000e+00 (0.000e+00)  TeacherAttnOut: 0.000e+00 (0.000e+00)  TeacherFeatOut: 0.000e+00 (0.000e+00)  ActScaleAnchor: 0.000e+00 (0.000e+00)  VarTrust: 0.000e+00 (0.000e+00)  DirAnchor: 0.000e+00 (0.000e+00)  BinReg: 0.000e+00 (0.000e+00)  SelBinAnchor: 0.000e+00 (0.000e+00)  ActBinMargin: 0.000e+00 (0.000e+00)  Time: 0.223s, 2291.99/s  (0.224s, 2283.23/s)  LR: 1.043e-05  RefW: 0.000e+00  AnchorRefW: 0.000e+00  Data: 0.006 (0.008)
Train: 14 [ 500/2502 ( 20%)]  Loss: 51.450455 (51.4152)  BaseLoss: 51.450455 (51.4152)  RefAttnKL: 0.000e+00 (0.000e+00)  RefLogitKL: 0.000e+00 (0.000e+00)  AnchorRefAttnKL: 0.000e+00 (0.000e+00)  TeacherAttnKL: 0.000e+00 (0.000e+00)  TeacherRel: 0.000e+00 (0.000e+00)  TeacherAttnOut: 0.000e+00 (0.000e+00)  TeacherFeatOut: 0.000e+00 (0.000e+00)  ActScaleAnchor: 0.000e+00 (0.000e+00)  VarTrust: 0.000e+00 (0.000e+00)  DirAnchor: 0.000e+00 (0.000e+00)  BinReg: 0.000e+00 (0.000e+00)  SelBinAnchor: 0.000e+00 (0.000e+00)  ActBinMargin: 0.000e+00 (0.000e+00)  Time: 0.223s, 2291.06/s  (0.224s, 2284.85/s)  LR: 1.042e-05  RefW: 0.000e+00  AnchorRefW: 0.000e+00  Data: 0.007 (0.007)
Train: 14 [ 550/2502 ( 22%)]  Loss: 51.466694 (51.4195)  BaseLoss: 51.466694 (51.4195)  RefAttnKL: 0.000e+00 (0.000e+00)  RefLogitKL: 0.000e+00 (0.000e+00)  AnchorRefAttnKL: 0.000e+00 (0.000e+00)  TeacherAttnKL: 0.000e+00 (0.000e+00)  TeacherRel: 0.000e+00 (0.000e+00)  TeacherAttnOut: 0.000e+00 (0.000e+00)  TeacherFeatOut: 0.000e+00 (0.000e+00)  ActScaleAnchor: 0.000e+00 (0.000e+00)  VarTrust: 0.000e+00 (0.000e+00)  DirAnchor: 0.000e+00 (0.000e+00)  BinReg: 0.000e+00 (0.000e+00)  SelBinAnchor: 0.000e+00 (0.000e+00)  ActBinMargin: 0.000e+00 (0.000e+00)  Time: 0.224s, 2290.66/s  (0.224s, 2286.15/s)  LR: 1.041e-05  RefW: 0.000e+00  AnchorRefW: 0.000e+00  Data: 0.006 (0.007)
Train: 14 [ 600/2502 ( 24%)]  Loss: 51.368286 (51.4156)  BaseLoss: 51.368286 (51.4156)  RefAttnKL: 0.000e+00 (0.000e+00)  RefLogitKL: 0.000e+00 (0.000e+00)  AnchorRefAttnKL: 0.000e+00 (0.000e+00)  TeacherAttnKL: 0.000e+00 (0.000e+00)  TeacherRel: 0.000e+00 (0.000e+00)  TeacherAttnOut: 0.000e+00 (0.000e+00)  TeacherFeatOut: 0.000e+00 (0.000e+00)  ActScaleAnchor: 0.000e+00 (0.000e+00)  VarTrust: 0.000e+00 (0.000e+00)  DirAnchor: 0.000e+00 (0.000e+00)  BinReg: 0.000e+00 (0.000e+00)  SelBinAnchor: 0.000e+00 (0.000e+00)  ActBinMargin: 0.000e+00 (0.000e+00)  Time: 0.223s, 2296.02/s  (0.224s, 2287.27/s)  LR: 1.040e-05  RefW: 0.000e+00  AnchorRefW: 0.000e+00  Data: 0.005 (0.007)
Train: 14 [ 650/2502 ( 26%)]  Loss: 51.404877 (51.4148)  BaseLoss: 51.404877 (51.4148)  RefAttnKL: 0.000e+00 (0.000e+00)  RefLogitKL: 0.000e+00 (0.000e+00)  AnchorRefAttnKL: 0.000e+00 (0.000e+00)  TeacherAttnKL: 0.000e+00 (0.000e+00)  TeacherRel: 0.000e+00 (0.000e+00)  TeacherAttnOut: 0.000e+00 (0.000e+00)  TeacherFeatOut: 0.000e+00 (0.000e+00)  ActScaleAnchor: 0.000e+00 (0.000e+00)  VarTrust: 0.000e+00 (0.000e+00)  DirAnchor: 0.000e+00 (0.000e+00)  BinReg: 0.000e+00 (0.000e+00)  SelBinAnchor: 0.000e+00 (0.000e+00)  ActBinMargin: 0.000e+00 (0.000e+00)  Time: 0.223s, 2293.37/s  (0.224s, 2287.80/s)  LR: 1.039e-05  RefW: 0.000e+00  AnchorRefW: 0.000e+00  Data: 0.006 (0.007)
Train: 14 [ 700/2502 ( 28%)]  Loss: 51.366051 (51.4116)  BaseLoss: 51.366051 (51.4116)  RefAttnKL: 0.000e+00 (0.000e+00)  RefLogitKL: 0.000e+00 (0.000e+00)  AnchorRefAttnKL: 0.000e+00 (0.000e+00)  TeacherAttnKL: 0.000e+00 (0.000e+00)  TeacherRel: 0.000e+00 (0.000e+00)  TeacherAttnOut: 0.000e+00 (0.000e+00)  TeacherFeatOut: 0.000e+00 (0.000e+00)  ActScaleAnchor: 0.000e+00 (0.000e+00)  VarTrust: 0.000e+00 (0.000e+00)  DirAnchor: 0.000e+00 (0.000e+00)  BinReg: 0.000e+00 (0.000e+00)  SelBinAnchor: 0.000e+00 (0.000e+00)  ActBinMargin: 0.000e+00 (0.000e+00)  Time: 0.223s, 2292.21/s  (0.224s, 2288.68/s)  LR: 1.038e-05  RefW: 0.000e+00  AnchorRefW: 0.000e+00  Data: 0.007 (0.007)
Train: 14 [ 750/2502 ( 30%)]  Loss: 51.349674 (51.4077)  BaseLoss: 51.349674 (51.4077)  RefAttnKL: 0.000e+00 (0.000e+00)  RefLogitKL: 0.000e+00 (0.000e+00)  AnchorRefAttnKL: 0.000e+00 (0.000e+00)  TeacherAttnKL: 0.000e+00 (0.000e+00)  TeacherRel: 0.000e+00 (0.000e+00)  TeacherAttnOut: 0.000e+00 (0.000e+00)  TeacherFeatOut: 0.000e+00 (0.000e+00)  ActScaleAnchor: 0.000e+00 (0.000e+00)  VarTrust: 0.000e+00 (0.000e+00)  DirAnchor: 0.000e+00 (0.000e+00)  BinReg: 0.000e+00 (0.000e+00)  SelBinAnchor: 0.000e+00 (0.000e+00)  ActBinMargin: 0.000e+00 (0.000e+00)  Time: 0.222s, 2308.38/s  (0.224s, 2289.39/s)  LR: 1.037e-05  RefW: 0.000e+00  AnchorRefW: 0.000e+00  Data: 0.007 (0.007)
Train: 14 [ 800/2502 ( 32%)]  Loss: 51.394642 (51.4069)  BaseLoss: 51.394642 (51.4069)  RefAttnKL: 0.000e+00 (0.000e+00)  RefLogitKL: 0.000e+00 (0.000e+00)  AnchorRefAttnKL: 0.000e+00 (0.000e+00)  TeacherAttnKL: 0.000e+00 (0.000e+00)  TeacherRel: 0.000e+00 (0.000e+00)  TeacherAttnOut: 0.000e+00 (0.000e+00)  TeacherFeatOut: 0.000e+00 (0.000e+00)  ActScaleAnchor: 0.000e+00 (0.000e+00)  VarTrust: 0.000e+00 (0.000e+00)  DirAnchor: 0.000e+00 (0.000e+00)  BinReg: 0.000e+00 (0.000e+00)  SelBinAnchor: 0.000e+00 (0.000e+00)  ActBinMargin: 0.000e+00 (0.000e+00)  Time: 0.223s, 2293.68/s  (0.224s, 2290.05/s)  LR: 1.036e-05  RefW: 0.000e+00  AnchorRefW: 0.000e+00  Data: 0.007 (0.007)
Train: 14 [ 850/2502 ( 34%)]  Loss: 51.375355 (51.4052)  BaseLoss: 51.375355 (51.4052)  RefAttnKL: 0.000e+00 (0.000e+00)  RefLogitKL: 0.000e+00 (0.000e+00)  AnchorRefAttnKL: 0.000e+00 (0.000e+00)  TeacherAttnKL: 0.000e+00 (0.000e+00)  TeacherRel: 0.000e+00 (0.000e+00)  TeacherAttnOut: 0.000e+00 (0.000e+00)  TeacherFeatOut: 0.000e+00 (0.000e+00)  ActScaleAnchor: 0.000e+00 (0.000e+00)  VarTrust: 0.000e+00 (0.000e+00)  DirAnchor: 0.000e+00 (0.000e+00)  BinReg: 0.000e+00 (0.000e+00)  SelBinAnchor: 0.000e+00 (0.000e+00)  ActBinMargin: 0.000e+00 (0.000e+00)  Time: 0.224s, 2290.46/s  (0.224s, 2290.50/s)  LR: 1.035e-05  RefW: 0.000e+00  AnchorRefW: 0.000e+00  Data: 0.006 (0.007)
Train: 14 [ 900/2502 ( 36%)]  Loss: 51.401268 (51.4050)  BaseLoss: 51.401268 (51.4050)  RefAttnKL: 0.000e+00 (0.000e+00)  RefLogitKL: 0.000e+00 (0.000e+00)  AnchorRefAttnKL: 0.000e+00 (0.000e+00)  TeacherAttnKL: 0.000e+00 (0.000e+00)  TeacherRel: 0.000e+00 (0.000e+00)  TeacherAttnOut: 0.000e+00 (0.000e+00)  TeacherFeatOut: 0.000e+00 (0.000e+00)  ActScaleAnchor: 0.000e+00 (0.000e+00)  VarTrust: 0.000e+00 (0.000e+00)  DirAnchor: 0.000e+00 (0.000e+00)  BinReg: 0.000e+00 (0.000e+00)  SelBinAnchor: 0.000e+00 (0.000e+00)  ActBinMargin: 0.000e+00 (0.000e+00)  Time: 0.223s, 2299.70/s  (0.224s, 2290.40/s)  LR: 1.033e-05  RefW: 0.000e+00  AnchorRefW: 0.000e+00  Data: 0.006 (0.007)
Train: 14 [ 950/2502 ( 38%)]  Loss: 51.399410 (51.4047)  BaseLoss: 51.399410 (51.4047)  RefAttnKL: 0.000e+00 (0.000e+00)  RefLogitKL: 0.000e+00 (0.000e+00)  AnchorRefAttnKL: 0.000e+00 (0.000e+00)  TeacherAttnKL: 0.000e+00 (0.000e+00)  TeacherRel: 0.000e+00 (0.000e+00)  TeacherAttnOut: 0.000e+00 (0.000e+00)  TeacherFeatOut: 0.000e+00 (0.000e+00)  ActScaleAnchor: 0.000e+00 (0.000e+00)  VarTrust: 0.000e+00 (0.000e+00)  DirAnchor: 0.000e+00 (0.000e+00)  BinReg: 0.000e+00 (0.000e+00)  SelBinAnchor: 0.000e+00 (0.000e+00)  ActBinMargin: 0.000e+00 (0.000e+00)  Time: 0.223s, 2295.03/s  (0.223s, 2290.91/s)  LR: 1.032e-05  RefW: 0.000e+00  AnchorRefW: 0.000e+00  Data: 0.006 (0.007)
Train: 14 [1000/2502 ( 40%)]  Loss: 51.413830 (51.4051)  BaseLoss: 51.413830 (51.4051)  RefAttnKL: 0.000e+00 (0.000e+00)  RefLogitKL: 0.000e+00 (0.000e+00)  AnchorRefAttnKL: 0.000e+00 (0.000e+00)  TeacherAttnKL: 0.000e+00 (0.000e+00)  TeacherRel: 0.000e+00 (0.000e+00)  TeacherAttnOut: 0.000e+00 (0.000e+00)  TeacherFeatOut: 0.000e+00 (0.000e+00)  ActScaleAnchor: 0.000e+00 (0.000e+00)  VarTrust: 0.000e+00 (0.000e+00)  DirAnchor: 0.000e+00 (0.000e+00)  BinReg: 0.000e+00 (0.000e+00)  SelBinAnchor: 0.000e+00 (0.000e+00)  ActBinMargin: 0.000e+00 (0.000e+00)  Time: 0.224s, 2287.93/s  (0.223s, 2291.28/s)  LR: 1.031e-05  RefW: 0.000e+00  AnchorRefW: 0.000e+00  Data: 0.007 (0.007)
Train: 14 [1050/2502 ( 42%)]  Loss: 51.396080 (51.4047)  BaseLoss: 51.396080 (51.4047)  RefAttnKL: 0.000e+00 (0.000e+00)  RefLogitKL: 0.000e+00 (0.000e+00)  AnchorRefAttnKL: 0.000e+00 (0.000e+00)  TeacherAttnKL: 0.000e+00 (0.000e+00)  TeacherRel: 0.000e+00 (0.000e+00)  TeacherAttnOut: 0.000e+00 (0.000e+00)  TeacherFeatOut: 0.000e+00 (0.000e+00)  ActScaleAnchor: 0.000e+00 (0.000e+00)  VarTrust: 0.000e+00 (0.000e+00)  DirAnchor: 0.000e+00 (0.000e+00)  BinReg: 0.000e+00 (0.000e+00)  SelBinAnchor: 0.000e+00 (0.000e+00)  ActBinMargin: 0.000e+00 (0.000e+00)  Time: 0.223s, 2299.67/s  (0.223s, 2291.70/s)  LR: 1.030e-05  RefW: 0.000e+00  AnchorRefW: 0.000e+00  Data: 0.006 (0.007)
Train: 14 [1100/2502 ( 44%)]  Loss: 51.361183 (51.4028)  BaseLoss: 51.361183 (51.4028)  RefAttnKL: 0.000e+00 (0.000e+00)  RefLogitKL: 0.000e+00 (0.000e+00)  AnchorRefAttnKL: 0.000e+00 (0.000e+00)  TeacherAttnKL: 0.000e+00 (0.000e+00)  TeacherRel: 0.000e+00 (0.000e+00)  TeacherAttnOut: 0.000e+00 (0.000e+00)  TeacherFeatOut: 0.000e+00 (0.000e+00)  ActScaleAnchor: 0.000e+00 (0.000e+00)  VarTrust: 0.000e+00 (0.000e+00)  DirAnchor: 0.000e+00 (0.000e+00)  BinReg: 0.000e+00 (0.000e+00)  SelBinAnchor: 0.000e+00 (0.000e+00)  ActBinMargin: 0.000e+00 (0.000e+00)  Time: 0.223s, 2293.93/s  (0.223s, 2291.90/s)  LR: 1.029e-05  RefW: 0.000e+00  AnchorRefW: 0.000e+00  Data: 0.007 (0.007)
Train: 14 [1150/2502 ( 46%)]  Loss: 51.412563 (51.4032)  BaseLoss: 51.412563 (51.4032)  RefAttnKL: 0.000e+00 (0.000e+00)  RefLogitKL: 0.000e+00 (0.000e+00)  AnchorRefAttnKL: 0.000e+00 (0.000e+00)  TeacherAttnKL: 0.000e+00 (0.000e+00)  TeacherRel: 0.000e+00 (0.000e+00)  TeacherAttnOut: 0.000e+00 (0.000e+00)  TeacherFeatOut: 0.000e+00 (0.000e+00)  ActScaleAnchor: 0.000e+00 (0.000e+00)  VarTrust: 0.000e+00 (0.000e+00)  DirAnchor: 0.000e+00 (0.000e+00)  BinReg: 0.000e+00 (0.000e+00)  SelBinAnchor: 0.000e+00 (0.000e+00)  ActBinMargin: 0.000e+00 (0.000e+00)  Time: 0.223s, 2291.50/s  (0.223s, 2292.23/s)  LR: 1.028e-05  RefW: 0.000e+00  AnchorRefW: 0.000e+00  Data: 0.006 (0.007)
Train: 14 [1200/2502 ( 48%)]  Loss: 51.367867 (51.4018)  BaseLoss: 51.367867 (51.4018)  RefAttnKL: 0.000e+00 (0.000e+00)  RefLogitKL: 0.000e+00 (0.000e+00)  AnchorRefAttnKL: 0.000e+00 (0.000e+00)  TeacherAttnKL: 0.000e+00 (0.000e+00)  TeacherRel: 0.000e+00 (0.000e+00)  TeacherAttnOut: 0.000e+00 (0.000e+00)  TeacherFeatOut: 0.000e+00 (0.000e+00)  ActScaleAnchor: 0.000e+00 (0.000e+00)  VarTrust: 0.000e+00 (0.000e+00)  DirAnchor: 0.000e+00 (0.000e+00)  BinReg: 0.000e+00 (0.000e+00)  SelBinAnchor: 0.000e+00 (0.000e+00)  ActBinMargin: 0.000e+00 (0.000e+00)  Time: 0.224s, 2290.09/s  (0.223s, 2292.57/s)  LR: 1.027e-05  RefW: 0.000e+00  AnchorRefW: 0.000e+00  Data: 0.006 (0.007)
Train: 14 [1250/2502 ( 50%)]  Loss: 51.426800 (51.4028)  BaseLoss: 51.426800 (51.4028)  RefAttnKL: 0.000e+00 (0.000e+00)  RefLogitKL: 0.000e+00 (0.000e+00)  AnchorRefAttnKL: 0.000e+00 (0.000e+00)  TeacherAttnKL: 0.000e+00 (0.000e+00)  TeacherRel: 0.000e+00 (0.000e+00)  TeacherAttnOut: 0.000e+00 (0.000e+00)  TeacherFeatOut: 0.000e+00 (0.000e+00)  ActScaleAnchor: 0.000e+00 (0.000e+00)  VarTrust: 0.000e+00 (0.000e+00)  DirAnchor: 0.000e+00 (0.000e+00)  BinReg: 0.000e+00 (0.000e+00)  SelBinAnchor: 0.000e+00 (0.000e+00)  ActBinMargin: 0.000e+00 (0.000e+00)  Time: 0.224s, 2286.29/s  (0.223s, 2292.87/s)  LR: 1.026e-05  RefW: 0.000e+00  AnchorRefW: 0.000e+00  Data: 0.007 (0.007)
Train: 14 [1300/2502 ( 52%)]  Loss: 51.412800 (51.4031)  BaseLoss: 51.412800 (51.4031)  RefAttnKL: 0.000e+00 (0.000e+00)  RefLogitKL: 0.000e+00 (0.000e+00)  AnchorRefAttnKL: 0.000e+00 (0.000e+00)  TeacherAttnKL: 0.000e+00 (0.000e+00)  TeacherRel: 0.000e+00 (0.000e+00)  TeacherAttnOut: 0.000e+00 (0.000e+00)  TeacherFeatOut: 0.000e+00 (0.000e+00)  ActScaleAnchor: 0.000e+00 (0.000e+00)  VarTrust: 0.000e+00 (0.000e+00)  DirAnchor: 0.000e+00 (0.000e+00)  BinReg: 0.000e+00 (0.000e+00)  SelBinAnchor: 0.000e+00 (0.000e+00)  ActBinMargin: 0.000e+00 (0.000e+00)  Time: 0.223s, 2295.72/s  (0.223s, 2293.07/s)  LR: 1.025e-05  RefW: 0.000e+00  AnchorRefW: 0.000e+00  Data: 0.007 (0.007)
Train: 14 [1350/2502 ( 54%)]  Loss: 51.403240 (51.4032)  BaseLoss: 51.403240 (51.4032)  RefAttnKL: 0.000e+00 (0.000e+00)  RefLogitKL: 0.000e+00 (0.000e+00)  AnchorRefAttnKL: 0.000e+00 (0.000e+00)  TeacherAttnKL: 0.000e+00 (0.000e+00)  TeacherRel: 0.000e+00 (0.000e+00)  TeacherAttnOut: 0.000e+00 (0.000e+00)  TeacherFeatOut: 0.000e+00 (0.000e+00)  ActScaleAnchor: 0.000e+00 (0.000e+00)  VarTrust: 0.000e+00 (0.000e+00)  DirAnchor: 0.000e+00 (0.000e+00)  BinReg: 0.000e+00 (0.000e+00)  SelBinAnchor: 0.000e+00 (0.000e+00)  ActBinMargin: 0.000e+00 (0.000e+00)  Time: 0.223s, 2294.28/s  (0.223s, 2293.32/s)  LR: 1.024e-05  RefW: 0.000e+00  AnchorRefW: 0.000e+00  Data: 0.007 (0.007)
Train: 14 [1400/2502 ( 56%)]  Loss: 51.408295 (51.4033)  BaseLoss: 51.408295 (51.4033)  RefAttnKL: 0.000e+00 (0.000e+00)  RefLogitKL: 0.000e+00 (0.000e+00)  AnchorRefAttnKL: 0.000e+00 (0.000e+00)  TeacherAttnKL: 0.000e+00 (0.000e+00)  TeacherRel: 0.000e+00 (0.000e+00)  TeacherAttnOut: 0.000e+00 (0.000e+00)  TeacherFeatOut: 0.000e+00 (0.000e+00)  ActScaleAnchor: 0.000e+00 (0.000e+00)  VarTrust: 0.000e+00 (0.000e+00)  DirAnchor: 0.000e+00 (0.000e+00)  BinReg: 0.000e+00 (0.000e+00)  SelBinAnchor: 0.000e+00 (0.000e+00)  ActBinMargin: 0.000e+00 (0.000e+00)  Time: 0.224s, 2282.70/s  (0.223s, 2293.56/s)  LR: 1.023e-05  RefW: 0.000e+00  AnchorRefW: 0.000e+00  Data: 0.007 (0.007)
Train: 14 [1450/2502 ( 58%)]  Loss: 51.450890 (51.4049)  BaseLoss: 51.450890 (51.4049)  RefAttnKL: 0.000e+00 (0.000e+00)  RefLogitKL: 0.000e+00 (0.000e+00)  AnchorRefAttnKL: 0.000e+00 (0.000e+00)  TeacherAttnKL: 0.000e+00 (0.000e+00)  TeacherRel: 0.000e+00 (0.000e+00)  TeacherAttnOut: 0.000e+00 (0.000e+00)  TeacherFeatOut: 0.000e+00 (0.000e+00)  ActScaleAnchor: 0.000e+00 (0.000e+00)  VarTrust: 0.000e+00 (0.000e+00)  DirAnchor: 0.000e+00 (0.000e+00)  BinReg: 0.000e+00 (0.000e+00)  SelBinAnchor: 0.000e+00 (0.000e+00)  ActBinMargin: 0.000e+00 (0.000e+00)  Time: 0.224s, 2286.41/s  (0.223s, 2293.78/s)  LR: 1.022e-05  RefW: 0.000e+00  AnchorRefW: 0.000e+00  Data: 0.006 (0.007)
Train: 14 [1500/2502 ( 60%)]  Loss: 51.440163 (51.4061)  BaseLoss: 51.440163 (51.4061)  RefAttnKL: 0.000e+00 (0.000e+00)  RefLogitKL: 0.000e+00 (0.000e+00)  AnchorRefAttnKL: 0.000e+00 (0.000e+00)  TeacherAttnKL: 0.000e+00 (0.000e+00)  TeacherRel: 0.000e+00 (0.000e+00)  TeacherAttnOut: 0.000e+00 (0.000e+00)  TeacherFeatOut: 0.000e+00 (0.000e+00)  ActScaleAnchor: 0.000e+00 (0.000e+00)  VarTrust: 0.000e+00 (0.000e+00)  DirAnchor: 0.000e+00 (0.000e+00)  BinReg: 0.000e+00 (0.000e+00)  SelBinAnchor: 0.000e+00 (0.000e+00)  ActBinMargin: 0.000e+00 (0.000e+00)  Time: 0.223s, 2299.02/s  (0.223s, 2294.00/s)  LR: 1.021e-05  RefW: 0.000e+00  AnchorRefW: 0.000e+00  Data: 0.007 (0.007)
Train: 14 [1550/2502 ( 62%)]  Loss: 51.391548 (51.4056)  BaseLoss: 51.391548 (51.4056)  RefAttnKL: 0.000e+00 (0.000e+00)  RefLogitKL: 0.000e+00 (0.000e+00)  AnchorRefAttnKL: 0.000e+00 (0.000e+00)  TeacherAttnKL: 0.000e+00 (0.000e+00)  TeacherRel: 0.000e+00 (0.000e+00)  TeacherAttnOut: 0.000e+00 (0.000e+00)  TeacherFeatOut: 0.000e+00 (0.000e+00)  ActScaleAnchor: 0.000e+00 (0.000e+00)  VarTrust: 0.000e+00 (0.000e+00)  DirAnchor: 0.000e+00 (0.000e+00)  BinReg: 0.000e+00 (0.000e+00)  SelBinAnchor: 0.000e+00 (0.000e+00)  ActBinMargin: 0.000e+00 (0.000e+00)  Time: 0.224s, 2290.28/s  (0.223s, 2294.06/s)  LR: 1.020e-05  RefW: 0.000e+00  AnchorRefW: 0.000e+00  Data: 0.006 (0.007)
Train: 14 [1600/2502 ( 64%)]  Loss: 51.395306 (51.4053)  BaseLoss: 51.395306 (51.4053)  RefAttnKL: 0.000e+00 (0.000e+00)  RefLogitKL: 0.000e+00 (0.000e+00)  AnchorRefAttnKL: 0.000e+00 (0.000e+00)  TeacherAttnKL: 0.000e+00 (0.000e+00)  TeacherRel: 0.000e+00 (0.000e+00)  TeacherAttnOut: 0.000e+00 (0.000e+00)  TeacherFeatOut: 0.000e+00 (0.000e+00)  ActScaleAnchor: 0.000e+00 (0.000e+00)  VarTrust: 0.000e+00 (0.000e+00)  DirAnchor: 0.000e+00 (0.000e+00)  BinReg: 0.000e+00 (0.000e+00)  SelBinAnchor: 0.000e+00 (0.000e+00)  ActBinMargin: 0.000e+00 (0.000e+00)  Time: 0.223s, 2298.91/s  (0.223s, 2294.26/s)  LR: 1.019e-05  RefW: 0.000e+00  AnchorRefW: 0.000e+00  Data: 0.007 (0.007)
Train: 14 [1650/2502 ( 66%)]  Loss: 51.429905 (51.4060)  BaseLoss: 51.429905 (51.4060)  RefAttnKL: 0.000e+00 (0.000e+00)  RefLogitKL: 0.000e+00 (0.000e+00)  AnchorRefAttnKL: 0.000e+00 (0.000e+00)  TeacherAttnKL: 0.000e+00 (0.000e+00)  TeacherRel: 0.000e+00 (0.000e+00)  TeacherAttnOut: 0.000e+00 (0.000e+00)  TeacherFeatOut: 0.000e+00 (0.000e+00)  ActScaleAnchor: 0.000e+00 (0.000e+00)  VarTrust: 0.000e+00 (0.000e+00)  DirAnchor: 0.000e+00 (0.000e+00)  BinReg: 0.000e+00 (0.000e+00)  SelBinAnchor: 0.000e+00 (0.000e+00)  ActBinMargin: 0.000e+00 (0.000e+00)  Time: 0.224s, 2290.74/s  (0.223s, 2294.43/s)  LR: 1.018e-05  RefW: 0.000e+00  AnchorRefW: 0.000e+00  Data: 0.006 (0.007)
Train: 14 [1700/2502 ( 68%)]  Loss: 51.403793 (51.4059)  BaseLoss: 51.403793 (51.4059)  RefAttnKL: 0.000e+00 (0.000e+00)  RefLogitKL: 0.000e+00 (0.000e+00)  AnchorRefAttnKL: 0.000e+00 (0.000e+00)  TeacherAttnKL: 0.000e+00 (0.000e+00)  TeacherRel: 0.000e+00 (0.000e+00)  TeacherAttnOut: 0.000e+00 (0.000e+00)  TeacherFeatOut: 0.000e+00 (0.000e+00)  ActScaleAnchor: 0.000e+00 (0.000e+00)  VarTrust: 0.000e+00 (0.000e+00)  DirAnchor: 0.000e+00 (0.000e+00)  BinReg: 0.000e+00 (0.000e+00)  SelBinAnchor: 0.000e+00 (0.000e+00)  ActBinMargin: 0.000e+00 (0.000e+00)  Time: 0.223s, 2292.72/s  (0.223s, 2294.60/s)  LR: 1.017e-05  RefW: 0.000e+00  AnchorRefW: 0.000e+00  Data: 0.007 (0.007)
Train: 14 [1750/2502 ( 70%)]  Loss: 51.399788 (51.4058)  BaseLoss: 51.399788 (51.4058)  RefAttnKL: 0.000e+00 (0.000e+00)  RefLogitKL: 0.000e+00 (0.000e+00)  AnchorRefAttnKL: 0.000e+00 (0.000e+00)  TeacherAttnKL: 0.000e+00 (0.000e+00)  TeacherRel: 0.000e+00 (0.000e+00)  TeacherAttnOut: 0.000e+00 (0.000e+00)  TeacherFeatOut: 0.000e+00 (0.000e+00)  ActScaleAnchor: 0.000e+00 (0.000e+00)  VarTrust: 0.000e+00 (0.000e+00)  DirAnchor: 0.000e+00 (0.000e+00)  BinReg: 0.000e+00 (0.000e+00)  SelBinAnchor: 0.000e+00 (0.000e+00)  ActBinMargin: 0.000e+00 (0.000e+00)  Time: 0.224s, 2285.37/s  (0.223s, 2294.74/s)  LR: 1.016e-05  RefW: 0.000e+00  AnchorRefW: 0.000e+00  Data: 0.007 (0.007)
Train: 14 [1800/2502 ( 72%)]  Loss: 51.401604 (51.4057)  BaseLoss: 51.401604 (51.4057)  RefAttnKL: 0.000e+00 (0.000e+00)  RefLogitKL: 0.000e+00 (0.000e+00)  AnchorRefAttnKL: 0.000e+00 (0.000e+00)  TeacherAttnKL: 0.000e+00 (0.000e+00)  TeacherRel: 0.000e+00 (0.000e+00)  TeacherAttnOut: 0.000e+00 (0.000e+00)  TeacherFeatOut: 0.000e+00 (0.000e+00)  ActScaleAnchor: 0.000e+00 (0.000e+00)  VarTrust: 0.000e+00 (0.000e+00)  DirAnchor: 0.000e+00 (0.000e+00)  BinReg: 0.000e+00 (0.000e+00)  SelBinAnchor: 0.000e+00 (0.000e+00)  ActBinMargin: 0.000e+00 (0.000e+00)  Time: 0.223s, 2296.20/s  (0.223s, 2294.90/s)  LR: 1.015e-05  RefW: 0.000e+00  AnchorRefW: 0.000e+00  Data: 0.007 (0.007)
Train: 14 [1850/2502 ( 74%)]  Loss: 51.397316 (51.4054)  BaseLoss: 51.397316 (51.4054)  RefAttnKL: 0.000e+00 (0.000e+00)  RefLogitKL: 0.000e+00 (0.000e+00)  AnchorRefAttnKL: 0.000e+00 (0.000e+00)  TeacherAttnKL: 0.000e+00 (0.000e+00)  TeacherRel: 0.000e+00 (0.000e+00)  TeacherAttnOut: 0.000e+00 (0.000e+00)  TeacherFeatOut: 0.000e+00 (0.000e+00)  ActScaleAnchor: 0.000e+00 (0.000e+00)  VarTrust: 0.000e+00 (0.000e+00)  DirAnchor: 0.000e+00 (0.000e+00)  BinReg: 0.000e+00 (0.000e+00)  SelBinAnchor: 0.000e+00 (0.000e+00)  ActBinMargin: 0.000e+00 (0.000e+00)  Time: 0.223s, 2292.11/s  (0.223s, 2294.92/s)  LR: 1.014e-05  RefW: 0.000e+00  AnchorRefW: 0.000e+00  Data: 0.007 (0.007)
Train: 14 [1900/2502 ( 76%)]  Loss: 51.408577 (51.4055)  BaseLoss: 51.408577 (51.4055)  RefAttnKL: 0.000e+00 (0.000e+00)  RefLogitKL: 0.000e+00 (0.000e+00)  AnchorRefAttnKL: 0.000e+00 (0.000e+00)  TeacherAttnKL: 0.000e+00 (0.000e+00)  TeacherRel: 0.000e+00 (0.000e+00)  TeacherAttnOut: 0.000e+00 (0.000e+00)  TeacherFeatOut: 0.000e+00 (0.000e+00)  ActScaleAnchor: 0.000e+00 (0.000e+00)  VarTrust: 0.000e+00 (0.000e+00)  DirAnchor: 0.000e+00 (0.000e+00)  BinReg: 0.000e+00 (0.000e+00)  SelBinAnchor: 0.000e+00 (0.000e+00)  ActBinMargin: 0.000e+00 (0.000e+00)  Time: 0.223s, 2291.99/s  (0.223s, 2294.92/s)  LR: 1.013e-05  RefW: 0.000e+00  AnchorRefW: 0.000e+00  Data: 0.007 (0.007)
Train: 14 [1950/2502 ( 78%)]  Loss: 51.450726 (51.4067)  BaseLoss: 51.450726 (51.4067)  RefAttnKL: 0.000e+00 (0.000e+00)  RefLogitKL: 0.000e+00 (0.000e+00)  AnchorRefAttnKL: 0.000e+00 (0.000e+00)  TeacherAttnKL: 0.000e+00 (0.000e+00)  TeacherRel: 0.000e+00 (0.000e+00)  TeacherAttnOut: 0.000e+00 (0.000e+00)  TeacherFeatOut: 0.000e+00 (0.000e+00)  ActScaleAnchor: 0.000e+00 (0.000e+00)  VarTrust: 0.000e+00 (0.000e+00)  DirAnchor: 0.000e+00 (0.000e+00)  BinReg: 0.000e+00 (0.000e+00)  SelBinAnchor: 0.000e+00 (0.000e+00)  ActBinMargin: 0.000e+00 (0.000e+00)  Time: 0.223s, 2293.42/s  (0.223s, 2295.02/s)  LR: 1.012e-05  RefW: 0.000e+00  AnchorRefW: 0.000e+00  Data: 0.007 (0.007)
Train: 14 [2000/2502 ( 80%)]  Loss: 51.430614 (51.4072)  BaseLoss: 51.430614 (51.4072)  RefAttnKL: 0.000e+00 (0.000e+00)  RefLogitKL: 0.000e+00 (0.000e+00)  AnchorRefAttnKL: 0.000e+00 (0.000e+00)  TeacherAttnKL: 0.000e+00 (0.000e+00)  TeacherRel: 0.000e+00 (0.000e+00)  TeacherAttnOut: 0.000e+00 (0.000e+00)  TeacherFeatOut: 0.000e+00 (0.000e+00)  ActScaleAnchor: 0.000e+00 (0.000e+00)  VarTrust: 0.000e+00 (0.000e+00)  DirAnchor: 0.000e+00 (0.000e+00)  BinReg: 0.000e+00 (0.000e+00)  SelBinAnchor: 0.000e+00 (0.000e+00)  ActBinMargin: 0.000e+00 (0.000e+00)  Time: 0.223s, 2292.35/s  (0.223s, 2295.14/s)  LR: 1.010e-05  RefW: 0.000e+00  AnchorRefW: 0.000e+00  Data: 0.007 (0.007)
Train: 14 [2050/2502 ( 82%)]  Loss: 51.366791 (51.4063)  BaseLoss: 51.366791 (51.4063)  RefAttnKL: 0.000e+00 (0.000e+00)  RefLogitKL: 0.000e+00 (0.000e+00)  AnchorRefAttnKL: 0.000e+00 (0.000e+00)  TeacherAttnKL: 0.000e+00 (0.000e+00)  TeacherRel: 0.000e+00 (0.000e+00)  TeacherAttnOut: 0.000e+00 (0.000e+00)  TeacherFeatOut: 0.000e+00 (0.000e+00)  ActScaleAnchor: 0.000e+00 (0.000e+00)  VarTrust: 0.000e+00 (0.000e+00)  DirAnchor: 0.000e+00 (0.000e+00)  BinReg: 0.000e+00 (0.000e+00)  SelBinAnchor: 0.000e+00 (0.000e+00)  ActBinMargin: 0.000e+00 (0.000e+00)  Time: 0.224s, 2281.69/s  (0.223s, 2295.25/s)  LR: 1.009e-05  RefW: 0.000e+00  AnchorRefW: 0.000e+00  Data: 0.006 (0.007)
Train: 14 [2100/2502 ( 84%)]  Loss: 51.392982 (51.4060)  BaseLoss: 51.392982 (51.4060)  RefAttnKL: 0.000e+00 (0.000e+00)  RefLogitKL: 0.000e+00 (0.000e+00)  AnchorRefAttnKL: 0.000e+00 (0.000e+00)  TeacherAttnKL: 0.000e+00 (0.000e+00)  TeacherRel: 0.000e+00 (0.000e+00)  TeacherAttnOut: 0.000e+00 (0.000e+00)  TeacherFeatOut: 0.000e+00 (0.000e+00)  ActScaleAnchor: 0.000e+00 (0.000e+00)  VarTrust: 0.000e+00 (0.000e+00)  DirAnchor: 0.000e+00 (0.000e+00)  BinReg: 0.000e+00 (0.000e+00)  SelBinAnchor: 0.000e+00 (0.000e+00)  ActBinMargin: 0.000e+00 (0.000e+00)  Time: 0.223s, 2292.80/s  (0.223s, 2295.36/s)  LR: 1.008e-05  RefW: 0.000e+00  AnchorRefW: 0.000e+00  Data: 0.007 (0.007)
Train: 14 [2150/2502 ( 86%)]  Loss: 51.396210 (51.4057)  BaseLoss: 51.396210 (51.4057)  RefAttnKL: 0.000e+00 (0.000e+00)  RefLogitKL: 0.000e+00 (0.000e+00)  AnchorRefAttnKL: 0.000e+00 (0.000e+00)  TeacherAttnKL: 0.000e+00 (0.000e+00)  TeacherRel: 0.000e+00 (0.000e+00)  TeacherAttnOut: 0.000e+00 (0.000e+00)  TeacherFeatOut: 0.000e+00 (0.000e+00)  ActScaleAnchor: 0.000e+00 (0.000e+00)  VarTrust: 0.000e+00 (0.000e+00)  DirAnchor: 0.000e+00 (0.000e+00)  BinReg: 0.000e+00 (0.000e+00)  SelBinAnchor: 0.000e+00 (0.000e+00)  ActBinMargin: 0.000e+00 (0.000e+00)  Time: 0.223s, 2298.68/s  (0.223s, 2295.46/s)  LR: 1.007e-05  RefW: 0.000e+00  AnchorRefW: 0.000e+00  Data: 0.006 (0.007)
Train: 14 [2200/2502 ( 88%)]  Loss: 51.385212 (51.4053)  BaseLoss: 51.385212 (51.4053)  RefAttnKL: 0.000e+00 (0.000e+00)  RefLogitKL: 0.000e+00 (0.000e+00)  AnchorRefAttnKL: 0.000e+00 (0.000e+00)  TeacherAttnKL: 0.000e+00 (0.000e+00)  TeacherRel: 0.000e+00 (0.000e+00)  TeacherAttnOut: 0.000e+00 (0.000e+00)  TeacherFeatOut: 0.000e+00 (0.000e+00)  ActScaleAnchor: 0.000e+00 (0.000e+00)  VarTrust: 0.000e+00 (0.000e+00)  DirAnchor: 0.000e+00 (0.000e+00)  BinReg: 0.000e+00 (0.000e+00)  SelBinAnchor: 0.000e+00 (0.000e+00)  ActBinMargin: 0.000e+00 (0.000e+00)  Time: 0.224s, 2287.54/s  (0.223s, 2295.57/s)  LR: 1.006e-05  RefW: 0.000e+00  AnchorRefW: 0.000e+00  Data: 0.007 (0.007)
Train: 14 [2250/2502 ( 90%)]  Loss: 51.400955 (51.4052)  BaseLoss: 51.400955 (51.4052)  RefAttnKL: 0.000e+00 (0.000e+00)  RefLogitKL: 0.000e+00 (0.000e+00)  AnchorRefAttnKL: 0.000e+00 (0.000e+00)  TeacherAttnKL: 0.000e+00 (0.000e+00)  TeacherRel: 0.000e+00 (0.000e+00)  TeacherAttnOut: 0.000e+00 (0.000e+00)  TeacherFeatOut: 0.000e+00 (0.000e+00)  ActScaleAnchor: 0.000e+00 (0.000e+00)  VarTrust: 0.000e+00 (0.000e+00)  DirAnchor: 0.000e+00 (0.000e+00)  BinReg: 0.000e+00 (0.000e+00)  SelBinAnchor: 0.000e+00 (0.000e+00)  ActBinMargin: 0.000e+00 (0.000e+00)  Time: 0.224s, 2288.07/s  (0.223s, 2295.67/s)  LR: 1.005e-05  RefW: 0.000e+00  AnchorRefW: 0.000e+00  Data: 0.006 (0.007)
Train: 14 [2300/2502 ( 92%)]  Loss: 51.428131 (51.4057)  BaseLoss: 51.428131 (51.4057)  RefAttnKL: 0.000e+00 (0.000e+00)  RefLogitKL: 0.000e+00 (0.000e+00)  AnchorRefAttnKL: 0.000e+00 (0.000e+00)  TeacherAttnKL: 0.000e+00 (0.000e+00)  TeacherRel: 0.000e+00 (0.000e+00)  TeacherAttnOut: 0.000e+00 (0.000e+00)  TeacherFeatOut: 0.000e+00 (0.000e+00)  ActScaleAnchor: 0.000e+00 (0.000e+00)  VarTrust: 0.000e+00 (0.000e+00)  DirAnchor: 0.000e+00 (0.000e+00)  BinReg: 0.000e+00 (0.000e+00)  SelBinAnchor: 0.000e+00 (0.000e+00)  ActBinMargin: 0.000e+00 (0.000e+00)  Time: 0.222s, 2305.50/s  (0.223s, 2295.76/s)  LR: 1.004e-05  RefW: 0.000e+00  AnchorRefW: 0.000e+00  Data: 0.006 (0.007)
Train: 14 [2350/2502 ( 94%)]  Loss: 51.426170 (51.4061)  BaseLoss: 51.426170 (51.4061)  RefAttnKL: 0.000e+00 (0.000e+00)  RefLogitKL: 0.000e+00 (0.000e+00)  AnchorRefAttnKL: 0.000e+00 (0.000e+00)  TeacherAttnKL: 0.000e+00 (0.000e+00)  TeacherRel: 0.000e+00 (0.000e+00)  TeacherAttnOut: 0.000e+00 (0.000e+00)  TeacherFeatOut: 0.000e+00 (0.000e+00)  ActScaleAnchor: 0.000e+00 (0.000e+00)  VarTrust: 0.000e+00 (0.000e+00)  DirAnchor: 0.000e+00 (0.000e+00)  BinReg: 0.000e+00 (0.000e+00)  SelBinAnchor: 0.000e+00 (0.000e+00)  ActBinMargin: 0.000e+00 (0.000e+00)  Time: 0.224s, 2289.98/s  (0.223s, 2295.86/s)  LR: 1.003e-05  RefW: 0.000e+00  AnchorRefW: 0.000e+00  Data: 0.007 (0.007)
Train: 14 [2400/2502 ( 96%)]  Loss: 51.401909 (51.4060)  BaseLoss: 51.401909 (51.4060)  RefAttnKL: 0.000e+00 (0.000e+00)  RefLogitKL: 0.000e+00 (0.000e+00)  AnchorRefAttnKL: 0.000e+00 (0.000e+00)  TeacherAttnKL: 0.000e+00 (0.000e+00)  TeacherRel: 0.000e+00 (0.000e+00)  TeacherAttnOut: 0.000e+00 (0.000e+00)  TeacherFeatOut: 0.000e+00 (0.000e+00)  ActScaleAnchor: 0.000e+00 (0.000e+00)  VarTrust: 0.000e+00 (0.000e+00)  DirAnchor: 0.000e+00 (0.000e+00)  BinReg: 0.000e+00 (0.000e+00)  SelBinAnchor: 0.000e+00 (0.000e+00)  ActBinMargin: 0.000e+00 (0.000e+00)  Time: 0.223s, 2293.82/s  (0.223s, 2295.91/s)  LR: 1.002e-05  RefW: 0.000e+00  AnchorRefW: 0.000e+00  Data: 0.007 (0.007)
Train: 14 [2450/2502 ( 98%)]  Loss: 51.414963 (51.4062)  BaseLoss: 51.414963 (51.4062)  RefAttnKL: 0.000e+00 (0.000e+00)  RefLogitKL: 0.000e+00 (0.000e+00)  AnchorRefAttnKL: 0.000e+00 (0.000e+00)  TeacherAttnKL: 0.000e+00 (0.000e+00)  TeacherRel: 0.000e+00 (0.000e+00)  TeacherAttnOut: 0.000e+00 (0.000e+00)  TeacherFeatOut: 0.000e+00 (0.000e+00)  ActScaleAnchor: 0.000e+00 (0.000e+00)  VarTrust: 0.000e+00 (0.000e+00)  DirAnchor: 0.000e+00 (0.000e+00)  BinReg: 0.000e+00 (0.000e+00)  SelBinAnchor: 0.000e+00 (0.000e+00)  ActBinMargin: 0.000e+00 (0.000e+00)  Time: 0.223s, 2300.97/s  (0.223s, 2295.98/s)  LR: 1.001e-05  RefW: 0.000e+00  AnchorRefW: 0.000e+00  Data: 0.006 (0.007)
TrainSummary: epoch=14 updates=2496 avg_step_time=0.222992s samples_per_step=512 samples_per_sec=2296.05
epoch:  14 g['lr']:  1.000125565129565e-05
model eval
TestLocal: [   0/97]  Time: 0.911 (0.911)  Loss:  0.7386  Acc@1: 79.6875  Acc@5: 95.3125  Samples: 64
TestLocal: [  50/97]  Time: 0.090 (0.107)  Loss:  0.8173  Acc@1: 81.0968  Acc@5: 95.3431  Samples: 3264
TestLocal: [  97/97]  Time: 0.049 (0.098)  Loss:  0.8162  Acc@1: 80.9724  Acc@5: 95.3809  Samples: 6170
TestLocal: [ 100/97]  Time: 0.049 (0.097)  Loss:  0.8164  Acc@1: 80.9662  Acc@5: 95.3784  Samples: 6210
Test: [distributed-summary]  Time: 10.085s  Loss: 0.8399  Acc@1: 80.2780  Acc@5: 95.3400  Samples: 50000
Trainable parameter policy: epoch=15, quant_only=False, policy=all, trainable=28608256, frozen=0
AOQ explore scale ratio update: epoch=15, update=0, active=False, base_ratio=1.0, threshold_ratio=0.0, base_layers=(), selective_margin=0.0, base_quantizers=0, layer_ratios={}, layer_quantizers=0, layer_counts={}, quality_mode=none, quality_layers=(), quality_start_update=0, quality_min_frac=0.0, start_update=0, end_update=0
Trainable parameter update policy: epoch=15, update=0, mode=requires_grad, policy=all, trainable=28608256, frozen=0
Train: 15 [   0/2502 (  0%)]  Loss: 51.403698 (51.4037)  BaseLoss: 51.403698 (51.4037)  RefAttnKL: 0.000e+00 (0.000e+00)  RefLogitKL: 0.000e+00 (0.000e+00)  AnchorRefAttnKL: 0.000e+00 (0.000e+00)  TeacherAttnKL: 0.000e+00 (0.000e+00)  TeacherRel: 0.000e+00 (0.000e+00)  TeacherAttnOut: 0.000e+00 (0.000e+00)  TeacherFeatOut: 0.000e+00 (0.000e+00)  ActScaleAnchor: 0.000e+00 (0.000e+00)  VarTrust: 0.000e+00 (0.000e+00)  DirAnchor: 0.000e+00 (0.000e+00)  BinReg: 0.000e+00 (0.000e+00)  SelBinAnchor: 0.000e+00 (0.000e+00)  ActBinMargin: 0.000e+00 (0.000e+00)  Time: 1.064s,  481.37/s  (1.064s,  481.37/s)  LR: 1.000e-05  RefW: 0.000e+00  AnchorRefW: 0.000e+00  Data: 0.740 (0.740)
Train: 15 [  50/2502 (  2%)]  Loss: 51.396275 (51.4000)  BaseLoss: 51.396275 (51.4000)  RefAttnKL: 0.000e+00 (0.000e+00)  RefLogitKL: 0.000e+00 (0.000e+00)  AnchorRefAttnKL: 0.000e+00 (0.000e+00)  TeacherAttnKL: 0.000e+00 (0.000e+00)  TeacherRel: 0.000e+00 (0.000e+00)  TeacherAttnOut: 0.000e+00 (0.000e+00)  TeacherFeatOut: 0.000e+00 (0.000e+00)  ActScaleAnchor: 0.000e+00 (0.000e+00)  VarTrust: 0.000e+00 (0.000e+00)  DirAnchor: 0.000e+00 (0.000e+00)  BinReg: 0.000e+00 (0.000e+00)  SelBinAnchor: 0.000e+00 (0.000e+00)  ActBinMargin: 0.000e+00 (0.000e+00)  Time: 0.224s, 2286.14/s  (0.240s, 2137.18/s)  LR: 9.989e-06  RefW: 0.000e+00  AnchorRefW: 0.000e+00  Data: 0.006 (0.020)
Train: 15 [ 100/2502 (  4%)]  Loss: 51.394287 (51.3981)  BaseLoss: 51.394287 (51.3981)  RefAttnKL: 0.000e+00 (0.000e+00)  RefLogitKL: 0.000e+00 (0.000e+00)  AnchorRefAttnKL: 0.000e+00 (0.000e+00)  TeacherAttnKL: 0.000e+00 (0.000e+00)  TeacherRel: 0.000e+00 (0.000e+00)  TeacherAttnOut: 0.000e+00 (0.000e+00)  TeacherFeatOut: 0.000e+00 (0.000e+00)  ActScaleAnchor: 0.000e+00 (0.000e+00)  VarTrust: 0.000e+00 (0.000e+00)  DirAnchor: 0.000e+00 (0.000e+00)  BinReg: 0.000e+00 (0.000e+00)  SelBinAnchor: 0.000e+00 (0.000e+00)  ActBinMargin: 0.000e+00 (0.000e+00)  Time: 0.223s, 2293.85/s  (0.231s, 2213.34/s)  LR: 9.979e-06  RefW: 0.000e+00  AnchorRefW: 0.000e+00  Data: 0.006 (0.013)
Train: 15 [ 150/2502 (  6%)]  Loss: 51.383244 (51.3944)  BaseLoss: 51.383244 (51.3944)  RefAttnKL: 0.000e+00 (0.000e+00)  RefLogitKL: 0.000e+00 (0.000e+00)  AnchorRefAttnKL: 0.000e+00 (0.000e+00)  TeacherAttnKL: 0.000e+00 (0.000e+00)  TeacherRel: 0.000e+00 (0.000e+00)  TeacherAttnOut: 0.000e+00 (0.000e+00)  TeacherFeatOut: 0.000e+00 (0.000e+00)  ActScaleAnchor: 0.000e+00 (0.000e+00)  VarTrust: 0.000e+00 (0.000e+00)  DirAnchor: 0.000e+00 (0.000e+00)  BinReg: 0.000e+00 (0.000e+00)  SelBinAnchor: 0.000e+00 (0.000e+00)  ActBinMargin: 0.000e+00 (0.000e+00)  Time: 0.224s, 2290.37/s  (0.229s, 2239.76/s)  LR: 9.968e-06  RefW: 0.000e+00  AnchorRefW: 0.000e+00  Data: 0.006 (0.011)
Train: 15 [ 200/2502 (  8%)]  Loss: 51.380547 (51.3916)  BaseLoss: 51.380547 (51.3916)  RefAttnKL: 0.000e+00 (0.000e+00)  RefLogitKL: 0.000e+00 (0.000e+00)  AnchorRefAttnKL: 0.000e+00 (0.000e+00)  TeacherAttnKL: 0.000e+00 (0.000e+00)  TeacherRel: 0.000e+00 (0.000e+00)  TeacherAttnOut: 0.000e+00 (0.000e+00)  TeacherFeatOut: 0.000e+00 (0.000e+00)  ActScaleAnchor: 0.000e+00 (0.000e+00)  VarTrust: 0.000e+00 (0.000e+00)  DirAnchor: 0.000e+00 (0.000e+00)  BinReg: 0.000e+00 (0.000e+00)  SelBinAnchor: 0.000e+00 (0.000e+00)  ActBinMargin: 0.000e+00 (0.000e+00)  Time: 0.224s, 2288.75/s  (0.227s, 2254.23/s)  LR: 9.958e-06  RefW: 0.000e+00  AnchorRefW: 0.000e+00  Data: 0.007 (0.010)
Train: 15 [ 250/2502 ( 10%)]  Loss: 51.424534 (51.3971)  BaseLoss: 51.424534 (51.3971)  RefAttnKL: 0.000e+00 (0.000e+00)  RefLogitKL: 0.000e+00 (0.000e+00)  AnchorRefAttnKL: 0.000e+00 (0.000e+00)  TeacherAttnKL: 0.000e+00 (0.000e+00)  TeacherRel: 0.000e+00 (0.000e+00)  TeacherAttnOut: 0.000e+00 (0.000e+00)  TeacherFeatOut: 0.000e+00 (0.000e+00)  ActScaleAnchor: 0.000e+00 (0.000e+00)  VarTrust: 0.000e+00 (0.000e+00)  DirAnchor: 0.000e+00 (0.000e+00)  BinReg: 0.000e+00 (0.000e+00)  SelBinAnchor: 0.000e+00 (0.000e+00)  ActBinMargin: 0.000e+00 (0.000e+00)  Time: 0.223s, 2299.79/s  (0.226s, 2263.22/s)  LR: 9.947e-06  RefW: 0.000e+00  AnchorRefW: 0.000e+00  Data: 0.006 (0.009)
Train: 15 [ 300/2502 ( 12%)]  Loss: 51.377026 (51.3942)  BaseLoss: 51.377026 (51.3942)  RefAttnKL: 0.000e+00 (0.000e+00)  RefLogitKL: 0.000e+00 (0.000e+00)  AnchorRefAttnKL: 0.000e+00 (0.000e+00)  TeacherAttnKL: 0.000e+00 (0.000e+00)  TeacherRel: 0.000e+00 (0.000e+00)  TeacherAttnOut: 0.000e+00 (0.000e+00)  TeacherFeatOut: 0.000e+00 (0.000e+00)  ActScaleAnchor: 0.000e+00 (0.000e+00)  VarTrust: 0.000e+00 (0.000e+00)  DirAnchor: 0.000e+00 (0.000e+00)  BinReg: 0.000e+00 (0.000e+00)  SelBinAnchor: 0.000e+00 (0.000e+00)  ActBinMargin: 0.000e+00 (0.000e+00)  Time: 0.223s, 2292.14/s  (0.226s, 2269.31/s)  LR: 9.937e-06  RefW: 0.000e+00  AnchorRefW: 0.000e+00  Data: 0.007 (0.009)
Train: 15 [ 350/2502 ( 14%)]  Loss: 51.438789 (51.3998)  BaseLoss: 51.438789 (51.3998)  RefAttnKL: 0.000e+00 (0.000e+00)  RefLogitKL: 0.000e+00 (0.000e+00)  AnchorRefAttnKL: 0.000e+00 (0.000e+00)  TeacherAttnKL: 0.000e+00 (0.000e+00)  TeacherRel: 0.000e+00 (0.000e+00)  TeacherAttnOut: 0.000e+00 (0.000e+00)  TeacherFeatOut: 0.000e+00 (0.000e+00)  ActScaleAnchor: 0.000e+00 (0.000e+00)  VarTrust: 0.000e+00 (0.000e+00)  DirAnchor: 0.000e+00 (0.000e+00)  BinReg: 0.000e+00 (0.000e+00)  SelBinAnchor: 0.000e+00 (0.000e+00)  ActBinMargin: 0.000e+00 (0.000e+00)  Time: 0.223s, 2294.58/s  (0.225s, 2273.55/s)  LR: 9.927e-06  RefW: 0.000e+00  AnchorRefW: 0.000e+00  Data: 0.006 (0.008)
Train: 15 [ 400/2502 ( 16%)]  Loss: 51.427284 (51.4029)  BaseLoss: 51.427284 (51.4029)  RefAttnKL: 0.000e+00 (0.000e+00)  RefLogitKL: 0.000e+00 (0.000e+00)  AnchorRefAttnKL: 0.000e+00 (0.000e+00)  TeacherAttnKL: 0.000e+00 (0.000e+00)  TeacherRel: 0.000e+00 (0.000e+00)  TeacherAttnOut: 0.000e+00 (0.000e+00)  TeacherFeatOut: 0.000e+00 (0.000e+00)  ActScaleAnchor: 0.000e+00 (0.000e+00)  VarTrust: 0.000e+00 (0.000e+00)  DirAnchor: 0.000e+00 (0.000e+00)  BinReg: 0.000e+00 (0.000e+00)  SelBinAnchor: 0.000e+00 (0.000e+00)  ActBinMargin: 0.000e+00 (0.000e+00)  Time: 0.224s, 2286.45/s  (0.225s, 2276.85/s)  LR: 9.916e-06  RefW: 0.000e+00  AnchorRefW: 0.000e+00  Data: 0.005 (0.008)
Train: 15 [ 450/2502 ( 18%)]  Loss: 51.424931 (51.4051)  BaseLoss: 51.424931 (51.4051)  RefAttnKL: 0.000e+00 (0.000e+00)  RefLogitKL: 0.000e+00 (0.000e+00)  AnchorRefAttnKL: 0.000e+00 (0.000e+00)  TeacherAttnKL: 0.000e+00 (0.000e+00)  TeacherRel: 0.000e+00 (0.000e+00)  TeacherAttnOut: 0.000e+00 (0.000e+00)  TeacherFeatOut: 0.000e+00 (0.000e+00)  ActScaleAnchor: 0.000e+00 (0.000e+00)  VarTrust: 0.000e+00 (0.000e+00)  DirAnchor: 0.000e+00 (0.000e+00)  BinReg: 0.000e+00 (0.000e+00)  SelBinAnchor: 0.000e+00 (0.000e+00)  ActBinMargin: 0.000e+00 (0.000e+00)  Time: 0.224s, 2290.41/s  (0.225s, 2279.10/s)  LR: 9.906e-06  RefW: 0.000e+00  AnchorRefW: 0.000e+00  Data: 0.005 (0.008)
Train: 15 [ 500/2502 ( 20%)]  Loss: 51.454567 (51.4096)  BaseLoss: 51.454567 (51.4096)  RefAttnKL: 0.000e+00 (0.000e+00)  RefLogitKL: 0.000e+00 (0.000e+00)  AnchorRefAttnKL: 0.000e+00 (0.000e+00)  TeacherAttnKL: 0.000e+00 (0.000e+00)  TeacherRel: 0.000e+00 (0.000e+00)  TeacherAttnOut: 0.000e+00 (0.000e+00)  TeacherFeatOut: 0.000e+00 (0.000e+00)  ActScaleAnchor: 0.000e+00 (0.000e+00)  VarTrust: 0.000e+00 (0.000e+00)  DirAnchor: 0.000e+00 (0.000e+00)  BinReg: 0.000e+00 (0.000e+00)  SelBinAnchor: 0.000e+00 (0.000e+00)  ActBinMargin: 0.000e+00 (0.000e+00)  Time: 0.223s, 2293.42/s  (0.224s, 2281.16/s)  LR: 9.895e-06  RefW: 0.000e+00  AnchorRefW: 0.000e+00  Data: 0.006 (0.008)
Train: 15 [ 550/2502 ( 22%)]  Loss: 51.442661 (51.4123)  BaseLoss: 51.442661 (51.4123)  RefAttnKL: 0.000e+00 (0.000e+00)  RefLogitKL: 0.000e+00 (0.000e+00)  AnchorRefAttnKL: 0.000e+00 (0.000e+00)  TeacherAttnKL: 0.000e+00 (0.000e+00)  TeacherRel: 0.000e+00 (0.000e+00)  TeacherAttnOut: 0.000e+00 (0.000e+00)  TeacherFeatOut: 0.000e+00 (0.000e+00)  ActScaleAnchor: 0.000e+00 (0.000e+00)  VarTrust: 0.000e+00 (0.000e+00)  DirAnchor: 0.000e+00 (0.000e+00)  BinReg: 0.000e+00 (0.000e+00)  SelBinAnchor: 0.000e+00 (0.000e+00)  ActBinMargin: 0.000e+00 (0.000e+00)  Time: 0.223s, 2290.92/s  (0.224s, 2282.74/s)  LR: 9.885e-06  RefW: 0.000e+00  AnchorRefW: 0.000e+00  Data: 0.006 (0.008)
Train: 15 [ 600/2502 ( 24%)]  Loss: 51.381958 (51.4100)  BaseLoss: 51.381958 (51.4100)  RefAttnKL: 0.000e+00 (0.000e+00)  RefLogitKL: 0.000e+00 (0.000e+00)  AnchorRefAttnKL: 0.000e+00 (0.000e+00)  TeacherAttnKL: 0.000e+00 (0.000e+00)  TeacherRel: 0.000e+00 (0.000e+00)  TeacherAttnOut: 0.000e+00 (0.000e+00)  TeacherFeatOut: 0.000e+00 (0.000e+00)  ActScaleAnchor: 0.000e+00 (0.000e+00)  VarTrust: 0.000e+00 (0.000e+00)  DirAnchor: 0.000e+00 (0.000e+00)  BinReg: 0.000e+00 (0.000e+00)  SelBinAnchor: 0.000e+00 (0.000e+00)  ActBinMargin: 0.000e+00 (0.000e+00)  Time: 0.224s, 2289.19/s  (0.224s, 2284.13/s)  LR: 9.874e-06  RefW: 0.000e+00  AnchorRefW: 0.000e+00  Data: 0.006 (0.007)
Train: 15 [ 650/2502 ( 26%)]  Loss: 51.400948 (51.4093)  BaseLoss: 51.400948 (51.4093)  RefAttnKL: 0.000e+00 (0.000e+00)  RefLogitKL: 0.000e+00 (0.000e+00)  AnchorRefAttnKL: 0.000e+00 (0.000e+00)  TeacherAttnKL: 0.000e+00 (0.000e+00)  TeacherRel: 0.000e+00 (0.000e+00)  TeacherAttnOut: 0.000e+00 (0.000e+00)  TeacherFeatOut: 0.000e+00 (0.000e+00)  ActScaleAnchor: 0.000e+00 (0.000e+00)  VarTrust: 0.000e+00 (0.000e+00)  DirAnchor: 0.000e+00 (0.000e+00)  BinReg: 0.000e+00 (0.000e+00)  SelBinAnchor: 0.000e+00 (0.000e+00)  ActBinMargin: 0.000e+00 (0.000e+00)  Time: 0.224s, 2282.49/s  (0.224s, 2284.94/s)  LR: 9.864e-06  RefW: 0.000e+00  AnchorRefW: 0.000e+00  Data: 0.006 (0.007)
Train: 15 [ 700/2502 ( 28%)]  Loss: 51.378178 (51.4073)  BaseLoss: 51.378178 (51.4073)  RefAttnKL: 0.000e+00 (0.000e+00)  RefLogitKL: 0.000e+00 (0.000e+00)  AnchorRefAttnKL: 0.000e+00 (0.000e+00)  TeacherAttnKL: 0.000e+00 (0.000e+00)  TeacherRel: 0.000e+00 (0.000e+00)  TeacherAttnOut: 0.000e+00 (0.000e+00)  TeacherFeatOut: 0.000e+00 (0.000e+00)  ActScaleAnchor: 0.000e+00 (0.000e+00)  VarTrust: 0.000e+00 (0.000e+00)  DirAnchor: 0.000e+00 (0.000e+00)  BinReg: 0.000e+00 (0.000e+00)  SelBinAnchor: 0.000e+00 (0.000e+00)  ActBinMargin: 0.000e+00 (0.000e+00)  Time: 0.223s, 2296.64/s  (0.224s, 2286.00/s)  LR: 9.853e-06  RefW: 0.000e+00  AnchorRefW: 0.000e+00  Data: 0.006 (0.007)
Train: 15 [ 750/2502 ( 30%)]  Loss: 51.358421 (51.4042)  BaseLoss: 51.358421 (51.4042)  RefAttnKL: 0.000e+00 (0.000e+00)  RefLogitKL: 0.000e+00 (0.000e+00)  AnchorRefAttnKL: 0.000e+00 (0.000e+00)  TeacherAttnKL: 0.000e+00 (0.000e+00)  TeacherRel: 0.000e+00 (0.000e+00)  TeacherAttnOut: 0.000e+00 (0.000e+00)  TeacherFeatOut: 0.000e+00 (0.000e+00)  ActScaleAnchor: 0.000e+00 (0.000e+00)  VarTrust: 0.000e+00 (0.000e+00)  DirAnchor: 0.000e+00 (0.000e+00)  BinReg: 0.000e+00 (0.000e+00)  SelBinAnchor: 0.000e+00 (0.000e+00)  ActBinMargin: 0.000e+00 (0.000e+00)  Time: 0.223s, 2297.76/s  (0.224s, 2286.67/s)  LR: 9.843e-06  RefW: 0.000e+00  AnchorRefW: 0.000e+00  Data: 0.006 (0.007)
Train: 15 [ 800/2502 ( 32%)]  Loss: 51.408360 (51.4045)  BaseLoss: 51.408360 (51.4045)  RefAttnKL: 0.000e+00 (0.000e+00)  RefLogitKL: 0.000e+00 (0.000e+00)  AnchorRefAttnKL: 0.000e+00 (0.000e+00)  TeacherAttnKL: 0.000e+00 (0.000e+00)  TeacherRel: 0.000e+00 (0.000e+00)  TeacherAttnOut: 0.000e+00 (0.000e+00)  TeacherFeatOut: 0.000e+00 (0.000e+00)  ActScaleAnchor: 0.000e+00 (0.000e+00)  VarTrust: 0.000e+00 (0.000e+00)  DirAnchor: 0.000e+00 (0.000e+00)  BinReg: 0.000e+00 (0.000e+00)  SelBinAnchor: 0.000e+00 (0.000e+00)  ActBinMargin: 0.000e+00 (0.000e+00)  Time: 0.223s, 2291.24/s  (0.224s, 2287.40/s)  LR: 9.832e-06  RefW: 0.000e+00  AnchorRefW: 0.000e+00  Data: 0.006 (0.007)
Train: 15 [ 850/2502 ( 34%)]  Loss: 51.372795 (51.4027)  BaseLoss: 51.372795 (51.4027)  RefAttnKL: 0.000e+00 (0.000e+00)  RefLogitKL: 0.000e+00 (0.000e+00)  AnchorRefAttnKL: 0.000e+00 (0.000e+00)  TeacherAttnKL: 0.000e+00 (0.000e+00)  TeacherRel: 0.000e+00 (0.000e+00)  TeacherAttnOut: 0.000e+00 (0.000e+00)  TeacherFeatOut: 0.000e+00 (0.000e+00)  ActScaleAnchor: 0.000e+00 (0.000e+00)  VarTrust: 0.000e+00 (0.000e+00)  DirAnchor: 0.000e+00 (0.000e+00)  BinReg: 0.000e+00 (0.000e+00)  SelBinAnchor: 0.000e+00 (0.000e+00)  ActBinMargin: 0.000e+00 (0.000e+00)  Time: 0.224s, 2290.44/s  (0.224s, 2287.98/s)  LR: 9.822e-06  RefW: 0.000e+00  AnchorRefW: 0.000e+00  Data: 0.007 (0.007)
Train: 15 [ 900/2502 ( 36%)]  Loss: 51.383186 (51.4017)  BaseLoss: 51.383186 (51.4017)  RefAttnKL: 0.000e+00 (0.000e+00)  RefLogitKL: 0.000e+00 (0.000e+00)  AnchorRefAttnKL: 0.000e+00 (0.000e+00)  TeacherAttnKL: 0.000e+00 (0.000e+00)  TeacherRel: 0.000e+00 (0.000e+00)  TeacherAttnOut: 0.000e+00 (0.000e+00)  TeacherFeatOut: 0.000e+00 (0.000e+00)  ActScaleAnchor: 0.000e+00 (0.000e+00)  VarTrust: 0.000e+00 (0.000e+00)  DirAnchor: 0.000e+00 (0.000e+00)  BinReg: 0.000e+00 (0.000e+00)  SelBinAnchor: 0.000e+00 (0.000e+00)  ActBinMargin: 0.000e+00 (0.000e+00)  Time: 0.224s, 2288.81/s  (0.224s, 2288.39/s)  LR: 9.811e-06  RefW: 0.000e+00  AnchorRefW: 0.000e+00  Data: 0.006 (0.007)
Train: 15 [ 950/2502 ( 38%)]  Loss: 51.374340 (51.4003)  BaseLoss: 51.374340 (51.4003)  RefAttnKL: 0.000e+00 (0.000e+00)  RefLogitKL: 0.000e+00 (0.000e+00)  AnchorRefAttnKL: 0.000e+00 (0.000e+00)  TeacherAttnKL: 0.000e+00 (0.000e+00)  TeacherRel: 0.000e+00 (0.000e+00)  TeacherAttnOut: 0.000e+00 (0.000e+00)  TeacherFeatOut: 0.000e+00 (0.000e+00)  ActScaleAnchor: 0.000e+00 (0.000e+00)  VarTrust: 0.000e+00 (0.000e+00)  DirAnchor: 0.000e+00 (0.000e+00)  BinReg: 0.000e+00 (0.000e+00)  SelBinAnchor: 0.000e+00 (0.000e+00)  ActBinMargin: 0.000e+00 (0.000e+00)  Time: 0.223s, 2296.70/s  (0.224s, 2288.99/s)  LR: 9.801e-06  RefW: 0.000e+00  AnchorRefW: 0.000e+00  Data: 0.006 (0.007)
Train: 15 [1000/2502 ( 40%)]  Loss: 51.425335 (51.4015)  BaseLoss: 51.425335 (51.4015)  RefAttnKL: 0.000e+00 (0.000e+00)  RefLogitKL: 0.000e+00 (0.000e+00)  AnchorRefAttnKL: 0.000e+00 (0.000e+00)  TeacherAttnKL: 0.000e+00 (0.000e+00)  TeacherRel: 0.000e+00 (0.000e+00)  TeacherAttnOut: 0.000e+00 (0.000e+00)  TeacherFeatOut: 0.000e+00 (0.000e+00)  ActScaleAnchor: 0.000e+00 (0.000e+00)  VarTrust: 0.000e+00 (0.000e+00)  DirAnchor: 0.000e+00 (0.000e+00)  BinReg: 0.000e+00 (0.000e+00)  SelBinAnchor: 0.000e+00 (0.000e+00)  ActBinMargin: 0.000e+00 (0.000e+00)  Time: 0.224s, 2289.54/s  (0.224s, 2289.56/s)  LR: 9.791e-06  RefW: 0.000e+00  AnchorRefW: 0.000e+00  Data: 0.006 (0.007)
Train: 15 [1050/2502 ( 42%)]  Loss: 51.395874 (51.4012)  BaseLoss: 51.395874 (51.4012)  RefAttnKL: 0.000e+00 (0.000e+00)  RefLogitKL: 0.000e+00 (0.000e+00)  AnchorRefAttnKL: 0.000e+00 (0.000e+00)  TeacherAttnKL: 0.000e+00 (0.000e+00)  TeacherRel: 0.000e+00 (0.000e+00)  TeacherAttnOut: 0.000e+00 (0.000e+00)  TeacherFeatOut: 0.000e+00 (0.000e+00)  ActScaleAnchor: 0.000e+00 (0.000e+00)  VarTrust: 0.000e+00 (0.000e+00)  DirAnchor: 0.000e+00 (0.000e+00)  BinReg: 0.000e+00 (0.000e+00)  SelBinAnchor: 0.000e+00 (0.000e+00)  ActBinMargin: 0.000e+00 (0.000e+00)  Time: 0.223s, 2299.16/s  (0.224s, 2290.06/s)  LR: 9.780e-06  RefW: 0.000e+00  AnchorRefW: 0.000e+00  Data: 0.006 (0.007)
Train: 15 [1100/2502 ( 44%)]  Loss: 51.357784 (51.3993)  BaseLoss: 51.357784 (51.3993)  RefAttnKL: 0.000e+00 (0.000e+00)  RefLogitKL: 0.000e+00 (0.000e+00)  AnchorRefAttnKL: 0.000e+00 (0.000e+00)  TeacherAttnKL: 0.000e+00 (0.000e+00)  TeacherRel: 0.000e+00 (0.000e+00)  TeacherAttnOut: 0.000e+00 (0.000e+00)  TeacherFeatOut: 0.000e+00 (0.000e+00)  ActScaleAnchor: 0.000e+00 (0.000e+00)  VarTrust: 0.000e+00 (0.000e+00)  DirAnchor: 0.000e+00 (0.000e+00)  BinReg: 0.000e+00 (0.000e+00)  SelBinAnchor: 0.000e+00 (0.000e+00)  ActBinMargin: 0.000e+00 (0.000e+00)  Time: 0.223s, 2292.42/s  (0.224s, 2290.46/s)  LR: 9.770e-06  RefW: 0.000e+00  AnchorRefW: 0.000e+00  Data: 0.007 (0.007)
Train: 15 [1150/2502 ( 46%)]  Loss: 51.416958 (51.4001)  BaseLoss: 51.416958 (51.4001)  RefAttnKL: 0.000e+00 (0.000e+00)  RefLogitKL: 0.000e+00 (0.000e+00)  AnchorRefAttnKL: 0.000e+00 (0.000e+00)  TeacherAttnKL: 0.000e+00 (0.000e+00)  TeacherRel: 0.000e+00 (0.000e+00)  TeacherAttnOut: 0.000e+00 (0.000e+00)  TeacherFeatOut: 0.000e+00 (0.000e+00)  ActScaleAnchor: 0.000e+00 (0.000e+00)  VarTrust: 0.000e+00 (0.000e+00)  DirAnchor: 0.000e+00 (0.000e+00)  BinReg: 0.000e+00 (0.000e+00)  SelBinAnchor: 0.000e+00 (0.000e+00)  ActBinMargin: 0.000e+00 (0.000e+00)  Time: 0.223s, 2292.82/s  (0.223s, 2290.87/s)  LR: 9.759e-06  RefW: 0.000e+00  AnchorRefW: 0.000e+00  Data: 0.006 (0.007)
Train: 15 [1200/2502 ( 48%)]  Loss: 51.375031 (51.3991)  BaseLoss: 51.375031 (51.3991)  RefAttnKL: 0.000e+00 (0.000e+00)  RefLogitKL: 0.000e+00 (0.000e+00)  AnchorRefAttnKL: 0.000e+00 (0.000e+00)  TeacherAttnKL: 0.000e+00 (0.000e+00)  TeacherRel: 0.000e+00 (0.000e+00)  TeacherAttnOut: 0.000e+00 (0.000e+00)  TeacherFeatOut: 0.000e+00 (0.000e+00)  ActScaleAnchor: 0.000e+00 (0.000e+00)  VarTrust: 0.000e+00 (0.000e+00)  DirAnchor: 0.000e+00 (0.000e+00)  BinReg: 0.000e+00 (0.000e+00)  SelBinAnchor: 0.000e+00 (0.000e+00)  ActBinMargin: 0.000e+00 (0.000e+00)  Time: 0.224s, 2285.77/s  (0.223s, 2291.26/s)  LR: 9.749e-06  RefW: 0.000e+00  AnchorRefW: 0.000e+00  Data: 0.006 (0.007)
Train: 15 [1250/2502 ( 50%)]  Loss: 51.405930 (51.3993)  BaseLoss: 51.405930 (51.3993)  RefAttnKL: 0.000e+00 (0.000e+00)  RefLogitKL: 0.000e+00 (0.000e+00)  AnchorRefAttnKL: 0.000e+00 (0.000e+00)  TeacherAttnKL: 0.000e+00 (0.000e+00)  TeacherRel: 0.000e+00 (0.000e+00)  TeacherAttnOut: 0.000e+00 (0.000e+00)  TeacherFeatOut: 0.000e+00 (0.000e+00)  ActScaleAnchor: 0.000e+00 (0.000e+00)  VarTrust: 0.000e+00 (0.000e+00)  DirAnchor: 0.000e+00 (0.000e+00)  BinReg: 0.000e+00 (0.000e+00)  SelBinAnchor: 0.000e+00 (0.000e+00)  ActBinMargin: 0.000e+00 (0.000e+00)  Time: 0.223s, 2295.26/s  (0.223s, 2291.61/s)  LR: 9.738e-06  RefW: 0.000e+00  AnchorRefW: 0.000e+00  Data: 0.006 (0.007)
Train: 15 [1300/2502 ( 52%)]  Loss: 51.408760 (51.3997)  BaseLoss: 51.408760 (51.3997)  RefAttnKL: 0.000e+00 (0.000e+00)  RefLogitKL: 0.000e+00 (0.000e+00)  AnchorRefAttnKL: 0.000e+00 (0.000e+00)  TeacherAttnKL: 0.000e+00 (0.000e+00)  TeacherRel: 0.000e+00 (0.000e+00)  TeacherAttnOut: 0.000e+00 (0.000e+00)  TeacherFeatOut: 0.000e+00 (0.000e+00)  ActScaleAnchor: 0.000e+00 (0.000e+00)  VarTrust: 0.000e+00 (0.000e+00)  DirAnchor: 0.000e+00 (0.000e+00)  BinReg: 0.000e+00 (0.000e+00)  SelBinAnchor: 0.000e+00 (0.000e+00)  ActBinMargin: 0.000e+00 (0.000e+00)  Time: 0.223s, 2296.88/s  (0.223s, 2291.72/s)  LR: 9.728e-06  RefW: 0.000e+00  AnchorRefW: 0.000e+00  Data: 0.006 (0.007)
Train: 15 [1350/2502 ( 54%)]  Loss: 51.406990 (51.4000)  BaseLoss: 51.406990 (51.4000)  RefAttnKL: 0.000e+00 (0.000e+00)  RefLogitKL: 0.000e+00 (0.000e+00)  AnchorRefAttnKL: 0.000e+00 (0.000e+00)  TeacherAttnKL: 0.000e+00 (0.000e+00)  TeacherRel: 0.000e+00 (0.000e+00)  TeacherAttnOut: 0.000e+00 (0.000e+00)  TeacherFeatOut: 0.000e+00 (0.000e+00)  ActScaleAnchor: 0.000e+00 (0.000e+00)  VarTrust: 0.000e+00 (0.000e+00)  DirAnchor: 0.000e+00 (0.000e+00)  BinReg: 0.000e+00 (0.000e+00)  SelBinAnchor: 0.000e+00 (0.000e+00)  ActBinMargin: 0.000e+00 (0.000e+00)  Time: 0.224s, 2288.58/s  (0.223s, 2292.03/s)  LR: 9.717e-06  RefW: 0.000e+00  AnchorRefW: 0.000e+00  Data: 0.006 (0.007)
Train: 15 [1400/2502 ( 56%)]  Loss: 51.398357 (51.3999)  BaseLoss: 51.398357 (51.3999)  RefAttnKL: 0.000e+00 (0.000e+00)  RefLogitKL: 0.000e+00 (0.000e+00)  AnchorRefAttnKL: 0.000e+00 (0.000e+00)  TeacherAttnKL: 0.000e+00 (0.000e+00)  TeacherRel: 0.000e+00 (0.000e+00)  TeacherAttnOut: 0.000e+00 (0.000e+00)  TeacherFeatOut: 0.000e+00 (0.000e+00)  ActScaleAnchor: 0.000e+00 (0.000e+00)  VarTrust: 0.000e+00 (0.000e+00)  DirAnchor: 0.000e+00 (0.000e+00)  BinReg: 0.000e+00 (0.000e+00)  SelBinAnchor: 0.000e+00 (0.000e+00)  ActBinMargin: 0.000e+00 (0.000e+00)  Time: 0.224s, 2289.25/s  (0.223s, 2292.34/s)  LR: 9.707e-06  RefW: 0.000e+00  AnchorRefW: 0.000e+00  Data: 0.006 (0.007)
Train: 15 [1450/2502 ( 58%)]  Loss: 51.426174 (51.4008)  BaseLoss: 51.426174 (51.4008)  RefAttnKL: 0.000e+00 (0.000e+00)  RefLogitKL: 0.000e+00 (0.000e+00)  AnchorRefAttnKL: 0.000e+00 (0.000e+00)  TeacherAttnKL: 0.000e+00 (0.000e+00)  TeacherRel: 0.000e+00 (0.000e+00)  TeacherAttnOut: 0.000e+00 (0.000e+00)  TeacherFeatOut: 0.000e+00 (0.000e+00)  ActScaleAnchor: 0.000e+00 (0.000e+00)  VarTrust: 0.000e+00 (0.000e+00)  DirAnchor: 0.000e+00 (0.000e+00)  BinReg: 0.000e+00 (0.000e+00)  SelBinAnchor: 0.000e+00 (0.000e+00)  ActBinMargin: 0.000e+00 (0.000e+00)  Time: 0.224s, 2287.83/s  (0.223s, 2292.56/s)  LR: 9.697e-06  RefW: 0.000e+00  AnchorRefW: 0.000e+00  Data: 0.006 (0.007)
Train: 15 [1500/2502 ( 60%)]  Loss: 51.420300 (51.4014)  BaseLoss: 51.420300 (51.4014)  RefAttnKL: 0.000e+00 (0.000e+00)  RefLogitKL: 0.000e+00 (0.000e+00)  AnchorRefAttnKL: 0.000e+00 (0.000e+00)  TeacherAttnKL: 0.000e+00 (0.000e+00)  TeacherRel: 0.000e+00 (0.000e+00)  TeacherAttnOut: 0.000e+00 (0.000e+00)  TeacherFeatOut: 0.000e+00 (0.000e+00)  ActScaleAnchor: 0.000e+00 (0.000e+00)  VarTrust: 0.000e+00 (0.000e+00)  DirAnchor: 0.000e+00 (0.000e+00)  BinReg: 0.000e+00 (0.000e+00)  SelBinAnchor: 0.000e+00 (0.000e+00)  ActBinMargin: 0.000e+00 (0.000e+00)  Time: 0.223s, 2295.97/s  (0.223s, 2292.82/s)  LR: 9.686e-06  RefW: 0.000e+00  AnchorRefW: 0.000e+00  Data: 0.006 (0.007)
Train: 15 [1550/2502 ( 62%)]  Loss: 51.413383 (51.4018)  BaseLoss: 51.413383 (51.4018)  RefAttnKL: 0.000e+00 (0.000e+00)  RefLogitKL: 0.000e+00 (0.000e+00)  AnchorRefAttnKL: 0.000e+00 (0.000e+00)  TeacherAttnKL: 0.000e+00 (0.000e+00)  TeacherRel: 0.000e+00 (0.000e+00)  TeacherAttnOut: 0.000e+00 (0.000e+00)  TeacherFeatOut: 0.000e+00 (0.000e+00)  ActScaleAnchor: 0.000e+00 (0.000e+00)  VarTrust: 0.000e+00 (0.000e+00)  DirAnchor: 0.000e+00 (0.000e+00)  BinReg: 0.000e+00 (0.000e+00)  SelBinAnchor: 0.000e+00 (0.000e+00)  ActBinMargin: 0.000e+00 (0.000e+00)  Time: 0.224s, 2290.78/s  (0.223s, 2292.84/s)  LR: 9.676e-06  RefW: 0.000e+00  AnchorRefW: 0.000e+00  Data: 0.006 (0.007)
Train: 15 [1600/2502 ( 64%)]  Loss: 51.391651 (51.4015)  BaseLoss: 51.391651 (51.4015)  RefAttnKL: 0.000e+00 (0.000e+00)  RefLogitKL: 0.000e+00 (0.000e+00)  AnchorRefAttnKL: 0.000e+00 (0.000e+00)  TeacherAttnKL: 0.000e+00 (0.000e+00)  TeacherRel: 0.000e+00 (0.000e+00)  TeacherAttnOut: 0.000e+00 (0.000e+00)  TeacherFeatOut: 0.000e+00 (0.000e+00)  ActScaleAnchor: 0.000e+00 (0.000e+00)  VarTrust: 0.000e+00 (0.000e+00)  DirAnchor: 0.000e+00 (0.000e+00)  BinReg: 0.000e+00 (0.000e+00)  SelBinAnchor: 0.000e+00 (0.000e+00)  ActBinMargin: 0.000e+00 (0.000e+00)  Time: 0.223s, 2295.72/s  (0.223s, 2293.09/s)  LR: 9.665e-06  RefW: 0.000e+00  AnchorRefW: 0.000e+00  Data: 0.006 (0.007)
Train: 15 [1650/2502 ( 66%)]  Loss: 51.443634 (51.4027)  BaseLoss: 51.443634 (51.4027)  RefAttnKL: 0.000e+00 (0.000e+00)  RefLogitKL: 0.000e+00 (0.000e+00)  AnchorRefAttnKL: 0.000e+00 (0.000e+00)  TeacherAttnKL: 0.000e+00 (0.000e+00)  TeacherRel: 0.000e+00 (0.000e+00)  TeacherAttnOut: 0.000e+00 (0.000e+00)  TeacherFeatOut: 0.000e+00 (0.000e+00)  ActScaleAnchor: 0.000e+00 (0.000e+00)  VarTrust: 0.000e+00 (0.000e+00)  DirAnchor: 0.000e+00 (0.000e+00)  BinReg: 0.000e+00 (0.000e+00)  SelBinAnchor: 0.000e+00 (0.000e+00)  ActBinMargin: 0.000e+00 (0.000e+00)  Time: 0.223s, 2294.03/s  (0.223s, 2293.31/s)  LR: 9.655e-06  RefW: 0.000e+00  AnchorRefW: 0.000e+00  Data: 0.006 (0.007)
Train: 15 [1700/2502 ( 68%)]  Loss: 51.407829 (51.4029)  BaseLoss: 51.407829 (51.4029)  RefAttnKL: 0.000e+00 (0.000e+00)  RefLogitKL: 0.000e+00 (0.000e+00)  AnchorRefAttnKL: 0.000e+00 (0.000e+00)  TeacherAttnKL: 0.000e+00 (0.000e+00)  TeacherRel: 0.000e+00 (0.000e+00)  TeacherAttnOut: 0.000e+00 (0.000e+00)  TeacherFeatOut: 0.000e+00 (0.000e+00)  ActScaleAnchor: 0.000e+00 (0.000e+00)  VarTrust: 0.000e+00 (0.000e+00)  DirAnchor: 0.000e+00 (0.000e+00)  BinReg: 0.000e+00 (0.000e+00)  SelBinAnchor: 0.000e+00 (0.000e+00)  ActBinMargin: 0.000e+00 (0.000e+00)  Time: 0.223s, 2295.11/s  (0.223s, 2293.46/s)  LR: 9.644e-06  RefW: 0.000e+00  AnchorRefW: 0.000e+00  Data: 0.007 (0.007)
Train: 15 [1750/2502 ( 70%)]  Loss: 51.401665 (51.4028)  BaseLoss: 51.401665 (51.4028)  RefAttnKL: 0.000e+00 (0.000e+00)  RefLogitKL: 0.000e+00 (0.000e+00)  AnchorRefAttnKL: 0.000e+00 (0.000e+00)  TeacherAttnKL: 0.000e+00 (0.000e+00)  TeacherRel: 0.000e+00 (0.000e+00)  TeacherAttnOut: 0.000e+00 (0.000e+00)  TeacherFeatOut: 0.000e+00 (0.000e+00)  ActScaleAnchor: 0.000e+00 (0.000e+00)  VarTrust: 0.000e+00 (0.000e+00)  DirAnchor: 0.000e+00 (0.000e+00)  BinReg: 0.000e+00 (0.000e+00)  SelBinAnchor: 0.000e+00 (0.000e+00)  ActBinMargin: 0.000e+00 (0.000e+00)  Time: 0.224s, 2288.76/s  (0.223s, 2293.61/s)  LR: 9.634e-06  RefW: 0.000e+00  AnchorRefW: 0.000e+00  Data: 0.006 (0.007)
Train: 15 [1800/2502 ( 72%)]  Loss: 51.402889 (51.4028)  BaseLoss: 51.402889 (51.4028)  RefAttnKL: 0.000e+00 (0.000e+00)  RefLogitKL: 0.000e+00 (0.000e+00)  AnchorRefAttnKL: 0.000e+00 (0.000e+00)  TeacherAttnKL: 0.000e+00 (0.000e+00)  TeacherRel: 0.000e+00 (0.000e+00)  TeacherAttnOut: 0.000e+00 (0.000e+00)  TeacherFeatOut: 0.000e+00 (0.000e+00)  ActScaleAnchor: 0.000e+00 (0.000e+00)  VarTrust: 0.000e+00 (0.000e+00)  DirAnchor: 0.000e+00 (0.000e+00)  BinReg: 0.000e+00 (0.000e+00)  SelBinAnchor: 0.000e+00 (0.000e+00)  ActBinMargin: 0.000e+00 (0.000e+00)  Time: 0.223s, 2297.91/s  (0.223s, 2293.80/s)  LR: 9.623e-06  RefW: 0.000e+00  AnchorRefW: 0.000e+00  Data: 0.006 (0.007)
Train: 15 [1850/2502 ( 74%)]  Loss: 51.389908 (51.4025)  BaseLoss: 51.389908 (51.4025)  RefAttnKL: 0.000e+00 (0.000e+00)  RefLogitKL: 0.000e+00 (0.000e+00)  AnchorRefAttnKL: 0.000e+00 (0.000e+00)  TeacherAttnKL: 0.000e+00 (0.000e+00)  TeacherRel: 0.000e+00 (0.000e+00)  TeacherAttnOut: 0.000e+00 (0.000e+00)  TeacherFeatOut: 0.000e+00 (0.000e+00)  ActScaleAnchor: 0.000e+00 (0.000e+00)  VarTrust: 0.000e+00 (0.000e+00)  DirAnchor: 0.000e+00 (0.000e+00)  BinReg: 0.000e+00 (0.000e+00)  SelBinAnchor: 0.000e+00 (0.000e+00)  ActBinMargin: 0.000e+00 (0.000e+00)  Time: 0.224s, 2287.47/s  (0.223s, 2293.88/s)  LR: 9.613e-06  RefW: 0.000e+00  AnchorRefW: 0.000e+00  Data: 0.006 (0.007)
Train: 15 [1900/2502 ( 76%)]  Loss: 51.412766 (51.4027)  BaseLoss: 51.412766 (51.4027)  RefAttnKL: 0.000e+00 (0.000e+00)  RefLogitKL: 0.000e+00 (0.000e+00)  AnchorRefAttnKL: 0.000e+00 (0.000e+00)  TeacherAttnKL: 0.000e+00 (0.000e+00)  TeacherRel: 0.000e+00 (0.000e+00)  TeacherAttnOut: 0.000e+00 (0.000e+00)  TeacherFeatOut: 0.000e+00 (0.000e+00)  ActScaleAnchor: 0.000e+00 (0.000e+00)  VarTrust: 0.000e+00 (0.000e+00)  DirAnchor: 0.000e+00 (0.000e+00)  BinReg: 0.000e+00 (0.000e+00)  SelBinAnchor: 0.000e+00 (0.000e+00)  ActBinMargin: 0.000e+00 (0.000e+00)  Time: 0.224s, 2289.51/s  (0.223s, 2294.04/s)  LR: 9.603e-06  RefW: 0.000e+00  AnchorRefW: 0.000e+00  Data: 0.006 (0.007)
Train: 15 [1950/2502 ( 78%)]  Loss: 51.438953 (51.4037)  BaseLoss: 51.438953 (51.4037)  RefAttnKL: 0.000e+00 (0.000e+00)  RefLogitKL: 0.000e+00 (0.000e+00)  AnchorRefAttnKL: 0.000e+00 (0.000e+00)  TeacherAttnKL: 0.000e+00 (0.000e+00)  TeacherRel: 0.000e+00 (0.000e+00)  TeacherAttnOut: 0.000e+00 (0.000e+00)  TeacherFeatOut: 0.000e+00 (0.000e+00)  ActScaleAnchor: 0.000e+00 (0.000e+00)  VarTrust: 0.000e+00 (0.000e+00)  DirAnchor: 0.000e+00 (0.000e+00)  BinReg: 0.000e+00 (0.000e+00)  SelBinAnchor: 0.000e+00 (0.000e+00)  ActBinMargin: 0.000e+00 (0.000e+00)  Time: 0.250s, 2047.53/s  (0.223s, 2293.92/s)  LR: 9.592e-06  RefW: 0.000e+00  AnchorRefW: 0.000e+00  Data: 0.006 (0.007)
Train: 15 [2000/2502 ( 80%)]  Loss: 51.416878 (51.4040)  BaseLoss: 51.416878 (51.4040)  RefAttnKL: 0.000e+00 (0.000e+00)  RefLogitKL: 0.000e+00 (0.000e+00)  AnchorRefAttnKL: 0.000e+00 (0.000e+00)  TeacherAttnKL: 0.000e+00 (0.000e+00)  TeacherRel: 0.000e+00 (0.000e+00)  TeacherAttnOut: 0.000e+00 (0.000e+00)  TeacherFeatOut: 0.000e+00 (0.000e+00)  ActScaleAnchor: 0.000e+00 (0.000e+00)  VarTrust: 0.000e+00 (0.000e+00)  DirAnchor: 0.000e+00 (0.000e+00)  BinReg: 0.000e+00 (0.000e+00)  SelBinAnchor: 0.000e+00 (0.000e+00)  ActBinMargin: 0.000e+00 (0.000e+00)  Time: 0.224s, 2285.75/s  (0.223s, 2294.07/s)  LR: 9.582e-06  RefW: 0.000e+00  AnchorRefW: 0.000e+00  Data: 0.006 (0.007)
Train: 15 [2050/2502 ( 82%)]  Loss: 51.356956 (51.4029)  BaseLoss: 51.356956 (51.4029)  RefAttnKL: 0.000e+00 (0.000e+00)  RefLogitKL: 0.000e+00 (0.000e+00)  AnchorRefAttnKL: 0.000e+00 (0.000e+00)  TeacherAttnKL: 0.000e+00 (0.000e+00)  TeacherRel: 0.000e+00 (0.000e+00)  TeacherAttnOut: 0.000e+00 (0.000e+00)  TeacherFeatOut: 0.000e+00 (0.000e+00)  ActScaleAnchor: 0.000e+00 (0.000e+00)  VarTrust: 0.000e+00 (0.000e+00)  DirAnchor: 0.000e+00 (0.000e+00)  BinReg: 0.000e+00 (0.000e+00)  SelBinAnchor: 0.000e+00 (0.000e+00)  ActBinMargin: 0.000e+00 (0.000e+00)  Time: 0.240s, 2131.69/s  (0.223s, 2294.11/s)  LR: 9.571e-06  RefW: 0.000e+00  AnchorRefW: 0.000e+00  Data: 0.006 (0.007)
Train: 15 [2100/2502 ( 84%)]  Loss: 51.392761 (51.4026)  BaseLoss: 51.392761 (51.4026)  RefAttnKL: 0.000e+00 (0.000e+00)  RefLogitKL: 0.000e+00 (0.000e+00)  AnchorRefAttnKL: 0.000e+00 (0.000e+00)  TeacherAttnKL: 0.000e+00 (0.000e+00)  TeacherRel: 0.000e+00 (0.000e+00)  TeacherAttnOut: 0.000e+00 (0.000e+00)  TeacherFeatOut: 0.000e+00 (0.000e+00)  ActScaleAnchor: 0.000e+00 (0.000e+00)  VarTrust: 0.000e+00 (0.000e+00)  DirAnchor: 0.000e+00 (0.000e+00)  BinReg: 0.000e+00 (0.000e+00)  SelBinAnchor: 0.000e+00 (0.000e+00)  ActBinMargin: 0.000e+00 (0.000e+00)  Time: 0.223s, 2294.85/s  (0.223s, 2294.20/s)  LR: 9.561e-06  RefW: 0.000e+00  AnchorRefW: 0.000e+00  Data: 0.006 (0.007)
Train: 15 [2150/2502 ( 86%)]  Loss: 51.398628 (51.4025)  BaseLoss: 51.398628 (51.4025)  RefAttnKL: 0.000e+00 (0.000e+00)  RefLogitKL: 0.000e+00 (0.000e+00)  AnchorRefAttnKL: 0.000e+00 (0.000e+00)  TeacherAttnKL: 0.000e+00 (0.000e+00)  TeacherRel: 0.000e+00 (0.000e+00)  TeacherAttnOut: 0.000e+00 (0.000e+00)  TeacherFeatOut: 0.000e+00 (0.000e+00)  ActScaleAnchor: 0.000e+00 (0.000e+00)  VarTrust: 0.000e+00 (0.000e+00)  DirAnchor: 0.000e+00 (0.000e+00)  BinReg: 0.000e+00 (0.000e+00)  SelBinAnchor: 0.000e+00 (0.000e+00)  ActBinMargin: 0.000e+00 (0.000e+00)  Time: 0.223s, 2293.44/s  (0.223s, 2294.33/s)  LR: 9.550e-06  RefW: 0.000e+00  AnchorRefW: 0.000e+00  Data: 0.006 (0.007)
Train: 15 [2200/2502 ( 88%)]  Loss: 51.366985 (51.4017)  BaseLoss: 51.366985 (51.4017)  RefAttnKL: 0.000e+00 (0.000e+00)  RefLogitKL: 0.000e+00 (0.000e+00)  AnchorRefAttnKL: 0.000e+00 (0.000e+00)  TeacherAttnKL: 0.000e+00 (0.000e+00)  TeacherRel: 0.000e+00 (0.000e+00)  TeacherAttnOut: 0.000e+00 (0.000e+00)  TeacherFeatOut: 0.000e+00 (0.000e+00)  ActScaleAnchor: 0.000e+00 (0.000e+00)  VarTrust: 0.000e+00 (0.000e+00)  DirAnchor: 0.000e+00 (0.000e+00)  BinReg: 0.000e+00 (0.000e+00)  SelBinAnchor: 0.000e+00 (0.000e+00)  ActBinMargin: 0.000e+00 (0.000e+00)  Time: 0.224s, 2283.05/s  (0.223s, 2294.20/s)  LR: 9.540e-06  RefW: 0.000e+00  AnchorRefW: 0.000e+00  Data: 0.006 (0.007)
Train: 15 [2250/2502 ( 90%)]  Loss: 51.409409 (51.4019)  BaseLoss: 51.409409 (51.4019)  RefAttnKL: 0.000e+00 (0.000e+00)  RefLogitKL: 0.000e+00 (0.000e+00)  AnchorRefAttnKL: 0.000e+00 (0.000e+00)  TeacherAttnKL: 0.000e+00 (0.000e+00)  TeacherRel: 0.000e+00 (0.000e+00)  TeacherAttnOut: 0.000e+00 (0.000e+00)  TeacherFeatOut: 0.000e+00 (0.000e+00)  ActScaleAnchor: 0.000e+00 (0.000e+00)  VarTrust: 0.000e+00 (0.000e+00)  DirAnchor: 0.000e+00 (0.000e+00)  BinReg: 0.000e+00 (0.000e+00)  SelBinAnchor: 0.000e+00 (0.000e+00)  ActBinMargin: 0.000e+00 (0.000e+00)  Time: 0.223s, 2292.11/s  (0.223s, 2294.33/s)  LR: 9.530e-06  RefW: 0.000e+00  AnchorRefW: 0.000e+00  Data: 0.006 (0.007)
Train: 15 [2300/2502 ( 92%)]  Loss: 51.439316 (51.4027)  BaseLoss: 51.439316 (51.4027)  RefAttnKL: 0.000e+00 (0.000e+00)  RefLogitKL: 0.000e+00 (0.000e+00)  AnchorRefAttnKL: 0.000e+00 (0.000e+00)  TeacherAttnKL: 0.000e+00 (0.000e+00)  TeacherRel: 0.000e+00 (0.000e+00)  TeacherAttnOut: 0.000e+00 (0.000e+00)  TeacherFeatOut: 0.000e+00 (0.000e+00)  ActScaleAnchor: 0.000e+00 (0.000e+00)  VarTrust: 0.000e+00 (0.000e+00)  DirAnchor: 0.000e+00 (0.000e+00)  BinReg: 0.000e+00 (0.000e+00)  SelBinAnchor: 0.000e+00 (0.000e+00)  ActBinMargin: 0.000e+00 (0.000e+00)  Time: 0.222s, 2304.77/s  (0.223s, 2294.42/s)  LR: 9.519e-06  RefW: 0.000e+00  AnchorRefW: 0.000e+00  Data: 0.007 (0.007)
Train: 15 [2350/2502 ( 94%)]  Loss: 51.435154 (51.4034)  BaseLoss: 51.435154 (51.4034)  RefAttnKL: 0.000e+00 (0.000e+00)  RefLogitKL: 0.000e+00 (0.000e+00)  AnchorRefAttnKL: 0.000e+00 (0.000e+00)  TeacherAttnKL: 0.000e+00 (0.000e+00)  TeacherRel: 0.000e+00 (0.000e+00)  TeacherAttnOut: 0.000e+00 (0.000e+00)  TeacherFeatOut: 0.000e+00 (0.000e+00)  ActScaleAnchor: 0.000e+00 (0.000e+00)  VarTrust: 0.000e+00 (0.000e+00)  DirAnchor: 0.000e+00 (0.000e+00)  BinReg: 0.000e+00 (0.000e+00)  SelBinAnchor: 0.000e+00 (0.000e+00)  ActBinMargin: 0.000e+00 (0.000e+00)  Time: 0.224s, 2290.28/s  (0.223s, 2294.46/s)  LR: 9.509e-06  RefW: 0.000e+00  AnchorRefW: 0.000e+00  Data: 0.005 (0.007)
Train: 15 [2400/2502 ( 96%)]  Loss: 51.382133 (51.4029)  BaseLoss: 51.382133 (51.4029)  RefAttnKL: 0.000e+00 (0.000e+00)  RefLogitKL: 0.000e+00 (0.000e+00)  AnchorRefAttnKL: 0.000e+00 (0.000e+00)  TeacherAttnKL: 0.000e+00 (0.000e+00)  TeacherRel: 0.000e+00 (0.000e+00)  TeacherAttnOut: 0.000e+00 (0.000e+00)  TeacherFeatOut: 0.000e+00 (0.000e+00)  ActScaleAnchor: 0.000e+00 (0.000e+00)  VarTrust: 0.000e+00 (0.000e+00)  DirAnchor: 0.000e+00 (0.000e+00)  BinReg: 0.000e+00 (0.000e+00)  SelBinAnchor: 0.000e+00 (0.000e+00)  ActBinMargin: 0.000e+00 (0.000e+00)  Time: 0.223s, 2293.16/s  (0.223s, 2294.53/s)  LR: 9.498e-06  RefW: 0.000e+00  AnchorRefW: 0.000e+00  Data: 0.006 (0.007)
Train: 15 [2450/2502 ( 98%)]  Loss: 51.420898 (51.4033)  BaseLoss: 51.420898 (51.4033)  RefAttnKL: 0.000e+00 (0.000e+00)  RefLogitKL: 0.000e+00 (0.000e+00)  AnchorRefAttnKL: 0.000e+00 (0.000e+00)  TeacherAttnKL: 0.000e+00 (0.000e+00)  TeacherRel: 0.000e+00 (0.000e+00)  TeacherAttnOut: 0.000e+00 (0.000e+00)  TeacherFeatOut: 0.000e+00 (0.000e+00)  ActScaleAnchor: 0.000e+00 (0.000e+00)  VarTrust: 0.000e+00 (0.000e+00)  DirAnchor: 0.000e+00 (0.000e+00)  BinReg: 0.000e+00 (0.000e+00)  SelBinAnchor: 0.000e+00 (0.000e+00)  ActBinMargin: 0.000e+00 (0.000e+00)  Time: 0.224s, 2290.39/s  (0.223s, 2294.64/s)  LR: 9.488e-06  RefW: 0.000e+00  AnchorRefW: 0.000e+00  Data: 0.006 (0.007)
TrainSummary: epoch=15 updates=2496 avg_step_time=0.223117s samples_per_step=512 samples_per_sec=2294.76
epoch:  15 g['lr']:  9.478606469929218e-06
model eval
TestLocal: [   0/97]  Time: 1.037 (1.037)  Loss:  0.7837  Acc@1: 84.3750  Acc@5: 95.3125  Samples: 64
TestLocal: [  50/97]  Time: 0.091 (0.109)  Loss:  0.8313  Acc@1: 81.3419  Acc@5: 95.1900  Samples: 3264
TestLocal: [  97/97]  Time: 0.049 (0.099)  Loss:  0.8219  Acc@1: 81.2642  Acc@5: 95.3971  Samples: 6170
TestLocal: [ 100/97]  Time: 0.049 (0.098)  Loss:  0.8223  Acc@1: 81.2560  Acc@5: 95.3945  Samples: 6210
Test: [distributed-summary]  Time: 10.185s  Loss: 0.8435  Acc@1: 80.4480  Acc@5: 95.2680  Samples: 50000
Trainable parameter policy: epoch=16, quant_only=False, policy=all, trainable=28608256, frozen=0
AOQ explore scale ratio update: epoch=16, update=0, active=False, base_ratio=1.0, threshold_ratio=0.0, base_layers=(), selective_margin=0.0, base_quantizers=0, layer_ratios={}, layer_quantizers=0, layer_counts={}, quality_mode=none, quality_layers=(), quality_start_update=0, quality_min_frac=0.0, start_update=0, end_update=0
Trainable parameter update policy: epoch=16, update=0, mode=requires_grad, policy=all, trainable=28608256, frozen=0
Train: 16 [   0/2502 (  0%)]  Loss: 51.397816 (51.3978)  BaseLoss: 51.397816 (51.3978)  RefAttnKL: 0.000e+00 (0.000e+00)  RefLogitKL: 0.000e+00 (0.000e+00)  AnchorRefAttnKL: 0.000e+00 (0.000e+00)  TeacherAttnKL: 0.000e+00 (0.000e+00)  TeacherRel: 0.000e+00 (0.000e+00)  TeacherAttnOut: 0.000e+00 (0.000e+00)  TeacherFeatOut: 0.000e+00 (0.000e+00)  ActScaleAnchor: 0.000e+00 (0.000e+00)  VarTrust: 0.000e+00 (0.000e+00)  DirAnchor: 0.000e+00 (0.000e+00)  BinReg: 0.000e+00 (0.000e+00)  SelBinAnchor: 0.000e+00 (0.000e+00)  ActBinMargin: 0.000e+00 (0.000e+00)  Time: 0.937s,  546.41/s  (0.937s,  546.41/s)  LR: 9.477e-06  RefW: 0.000e+00  AnchorRefW: 0.000e+00  Data: 0.725 (0.725)
Train: 16 [  50/2502 (  2%)]  Loss: 51.359272 (51.3785)  BaseLoss: 51.359272 (51.3785)  RefAttnKL: 0.000e+00 (0.000e+00)  RefLogitKL: 0.000e+00 (0.000e+00)  AnchorRefAttnKL: 0.000e+00 (0.000e+00)  TeacherAttnKL: 0.000e+00 (0.000e+00)  TeacherRel: 0.000e+00 (0.000e+00)  TeacherAttnOut: 0.000e+00 (0.000e+00)  TeacherFeatOut: 0.000e+00 (0.000e+00)  ActScaleAnchor: 0.000e+00 (0.000e+00)  VarTrust: 0.000e+00 (0.000e+00)  DirAnchor: 0.000e+00 (0.000e+00)  BinReg: 0.000e+00 (0.000e+00)  SelBinAnchor: 0.000e+00 (0.000e+00)  ActBinMargin: 0.000e+00 (0.000e+00)  Time: 0.224s, 2285.39/s  (0.237s, 2162.41/s)  LR: 9.467e-06  RefW: 0.000e+00  AnchorRefW: 0.000e+00  Data: 0.006 (0.020)
Train: 16 [ 100/2502 (  4%)]  Loss: 51.420151 (51.3924)  BaseLoss: 51.420151 (51.3924)  RefAttnKL: 0.000e+00 (0.000e+00)  RefLogitKL: 0.000e+00 (0.000e+00)  AnchorRefAttnKL: 0.000e+00 (0.000e+00)  TeacherAttnKL: 0.000e+00 (0.000e+00)  TeacherRel: 0.000e+00 (0.000e+00)  TeacherAttnOut: 0.000e+00 (0.000e+00)  TeacherFeatOut: 0.000e+00 (0.000e+00)  ActScaleAnchor: 0.000e+00 (0.000e+00)  VarTrust: 0.000e+00 (0.000e+00)  DirAnchor: 0.000e+00 (0.000e+00)  BinReg: 0.000e+00 (0.000e+00)  SelBinAnchor: 0.000e+00 (0.000e+00)  ActBinMargin: 0.000e+00 (0.000e+00)  Time: 0.223s, 2293.44/s  (0.230s, 2225.85/s)  LR: 9.456e-06  RefW: 0.000e+00  AnchorRefW: 0.000e+00  Data: 0.006 (0.013)
Train: 16 [ 150/2502 (  6%)]  Loss: 51.424152 (51.4003)  BaseLoss: 51.424152 (51.4003)  RefAttnKL: 0.000e+00 (0.000e+00)  RefLogitKL: 0.000e+00 (0.000e+00)  AnchorRefAttnKL: 0.000e+00 (0.000e+00)  TeacherAttnKL: 0.000e+00 (0.000e+00)  TeacherRel: 0.000e+00 (0.000e+00)  TeacherAttnOut: 0.000e+00 (0.000e+00)  TeacherFeatOut: 0.000e+00 (0.000e+00)  ActScaleAnchor: 0.000e+00 (0.000e+00)  VarTrust: 0.000e+00 (0.000e+00)  DirAnchor: 0.000e+00 (0.000e+00)  BinReg: 0.000e+00 (0.000e+00)  SelBinAnchor: 0.000e+00 (0.000e+00)  ActBinMargin: 0.000e+00 (0.000e+00)  Time: 0.223s, 2290.92/s  (0.228s, 2249.12/s)  LR: 9.446e-06  RefW: 0.000e+00  AnchorRefW: 0.000e+00  Data: 0.006 (0.011)
Train: 16 [ 200/2502 (  8%)]  Loss: 51.409557 (51.4022)  BaseLoss: 51.409557 (51.4022)  RefAttnKL: 0.000e+00 (0.000e+00)  RefLogitKL: 0.000e+00 (0.000e+00)  AnchorRefAttnKL: 0.000e+00 (0.000e+00)  TeacherAttnKL: 0.000e+00 (0.000e+00)  TeacherRel: 0.000e+00 (0.000e+00)  TeacherAttnOut: 0.000e+00 (0.000e+00)  TeacherFeatOut: 0.000e+00 (0.000e+00)  ActScaleAnchor: 0.000e+00 (0.000e+00)  VarTrust: 0.000e+00 (0.000e+00)  DirAnchor: 0.000e+00 (0.000e+00)  BinReg: 0.000e+00 (0.000e+00)  SelBinAnchor: 0.000e+00 (0.000e+00)  ActBinMargin: 0.000e+00 (0.000e+00)  Time: 0.223s, 2299.72/s  (0.226s, 2260.81/s)  LR: 9.436e-06  RefW: 0.000e+00  AnchorRefW: 0.000e+00  Data: 0.006 (0.010)
Train: 16 [ 250/2502 ( 10%)]  Loss: 51.432175 (51.4072)  BaseLoss: 51.432175 (51.4072)  RefAttnKL: 0.000e+00 (0.000e+00)  RefLogitKL: 0.000e+00 (0.000e+00)  AnchorRefAttnKL: 0.000e+00 (0.000e+00)  TeacherAttnKL: 0.000e+00 (0.000e+00)  TeacherRel: 0.000e+00 (0.000e+00)  TeacherAttnOut: 0.000e+00 (0.000e+00)  TeacherFeatOut: 0.000e+00 (0.000e+00)  ActScaleAnchor: 0.000e+00 (0.000e+00)  VarTrust: 0.000e+00 (0.000e+00)  DirAnchor: 0.000e+00 (0.000e+00)  BinReg: 0.000e+00 (0.000e+00)  SelBinAnchor: 0.000e+00 (0.000e+00)  ActBinMargin: 0.000e+00 (0.000e+00)  Time: 0.223s, 2296.94/s  (0.226s, 2267.90/s)  LR: 9.425e-06  RefW: 0.000e+00  AnchorRefW: 0.000e+00  Data: 0.007 (0.009)
Train: 16 [ 300/2502 ( 12%)]  Loss: 51.374336 (51.4025)  BaseLoss: 51.374336 (51.4025)  RefAttnKL: 0.000e+00 (0.000e+00)  RefLogitKL: 0.000e+00 (0.000e+00)  AnchorRefAttnKL: 0.000e+00 (0.000e+00)  TeacherAttnKL: 0.000e+00 (0.000e+00)  TeacherRel: 0.000e+00 (0.000e+00)  TeacherAttnOut: 0.000e+00 (0.000e+00)  TeacherFeatOut: 0.000e+00 (0.000e+00)  ActScaleAnchor: 0.000e+00 (0.000e+00)  VarTrust: 0.000e+00 (0.000e+00)  DirAnchor: 0.000e+00 (0.000e+00)  BinReg: 0.000e+00 (0.000e+00)  SelBinAnchor: 0.000e+00 (0.000e+00)  ActBinMargin: 0.000e+00 (0.000e+00)  Time: 0.223s, 2296.07/s  (0.225s, 2273.17/s)  LR: 9.415e-06  RefW: 0.000e+00  AnchorRefW: 0.000e+00  Data: 0.006 (0.008)
Train: 16 [ 350/2502 ( 14%)]  Loss: 51.424152 (51.4052)  BaseLoss: 51.424152 (51.4052)  RefAttnKL: 0.000e+00 (0.000e+00)  RefLogitKL: 0.000e+00 (0.000e+00)  AnchorRefAttnKL: 0.000e+00 (0.000e+00)  TeacherAttnKL: 0.000e+00 (0.000e+00)  TeacherRel: 0.000e+00 (0.000e+00)  TeacherAttnOut: 0.000e+00 (0.000e+00)  TeacherFeatOut: 0.000e+00 (0.000e+00)  ActScaleAnchor: 0.000e+00 (0.000e+00)  VarTrust: 0.000e+00 (0.000e+00)  DirAnchor: 0.000e+00 (0.000e+00)  BinReg: 0.000e+00 (0.000e+00)  SelBinAnchor: 0.000e+00 (0.000e+00)  ActBinMargin: 0.000e+00 (0.000e+00)  Time: 0.223s, 2293.54/s  (0.225s, 2276.96/s)  LR: 9.404e-06  RefW: 0.000e+00  AnchorRefW: 0.000e+00  Data: 0.006 (0.008)
Train: 16 [ 400/2502 ( 16%)]  Loss: 51.422592 (51.4071)  BaseLoss: 51.422592 (51.4071)  RefAttnKL: 0.000e+00 (0.000e+00)  RefLogitKL: 0.000e+00 (0.000e+00)  AnchorRefAttnKL: 0.000e+00 (0.000e+00)  TeacherAttnKL: 0.000e+00 (0.000e+00)  TeacherRel: 0.000e+00 (0.000e+00)  TeacherAttnOut: 0.000e+00 (0.000e+00)  TeacherFeatOut: 0.000e+00 (0.000e+00)  ActScaleAnchor: 0.000e+00 (0.000e+00)  VarTrust: 0.000e+00 (0.000e+00)  DirAnchor: 0.000e+00 (0.000e+00)  BinReg: 0.000e+00 (0.000e+00)  SelBinAnchor: 0.000e+00 (0.000e+00)  ActBinMargin: 0.000e+00 (0.000e+00)  Time: 0.224s, 2290.14/s  (0.225s, 2279.88/s)  LR: 9.394e-06  RefW: 0.000e+00  AnchorRefW: 0.000e+00  Data: 0.006 (0.008)
Train: 16 [ 450/2502 ( 18%)]  Loss: 51.418701 (51.4083)  BaseLoss: 51.418701 (51.4083)  RefAttnKL: 0.000e+00 (0.000e+00)  RefLogitKL: 0.000e+00 (0.000e+00)  AnchorRefAttnKL: 0.000e+00 (0.000e+00)  TeacherAttnKL: 0.000e+00 (0.000e+00)  TeacherRel: 0.000e+00 (0.000e+00)  TeacherAttnOut: 0.000e+00 (0.000e+00)  TeacherFeatOut: 0.000e+00 (0.000e+00)  ActScaleAnchor: 0.000e+00 (0.000e+00)  VarTrust: 0.000e+00 (0.000e+00)  DirAnchor: 0.000e+00 (0.000e+00)  BinReg: 0.000e+00 (0.000e+00)  SelBinAnchor: 0.000e+00 (0.000e+00)  ActBinMargin: 0.000e+00 (0.000e+00)  Time: 0.223s, 2297.10/s  (0.224s, 2282.03/s)  LR: 9.384e-06  RefW: 0.000e+00  AnchorRefW: 0.000e+00  Data: 0.006 (0.008)
Train: 16 [ 500/2502 ( 20%)]  Loss: 51.438667 (51.4111)  BaseLoss: 51.438667 (51.4111)  RefAttnKL: 0.000e+00 (0.000e+00)  RefLogitKL: 0.000e+00 (0.000e+00)  AnchorRefAttnKL: 0.000e+00 (0.000e+00)  TeacherAttnKL: 0.000e+00 (0.000e+00)  TeacherRel: 0.000e+00 (0.000e+00)  TeacherAttnOut: 0.000e+00 (0.000e+00)  TeacherFeatOut: 0.000e+00 (0.000e+00)  ActScaleAnchor: 0.000e+00 (0.000e+00)  VarTrust: 0.000e+00 (0.000e+00)  DirAnchor: 0.000e+00 (0.000e+00)  BinReg: 0.000e+00 (0.000e+00)  SelBinAnchor: 0.000e+00 (0.000e+00)  ActBinMargin: 0.000e+00 (0.000e+00)  Time: 0.223s, 2296.02/s  (0.224s, 2283.70/s)  LR: 9.373e-06  RefW: 0.000e+00  AnchorRefW: 0.000e+00  Data: 0.006 (0.008)
Train: 16 [ 550/2502 ( 22%)]  Loss: 51.422314 (51.4120)  BaseLoss: 51.422314 (51.4120)  RefAttnKL: 0.000e+00 (0.000e+00)  RefLogitKL: 0.000e+00 (0.000e+00)  AnchorRefAttnKL: 0.000e+00 (0.000e+00)  TeacherAttnKL: 0.000e+00 (0.000e+00)  TeacherRel: 0.000e+00 (0.000e+00)  TeacherAttnOut: 0.000e+00 (0.000e+00)  TeacherFeatOut: 0.000e+00 (0.000e+00)  ActScaleAnchor: 0.000e+00 (0.000e+00)  VarTrust: 0.000e+00 (0.000e+00)  DirAnchor: 0.000e+00 (0.000e+00)  BinReg: 0.000e+00 (0.000e+00)  SelBinAnchor: 0.000e+00 (0.000e+00)  ActBinMargin: 0.000e+00 (0.000e+00)  Time: 0.224s, 2290.76/s  (0.224s, 2285.16/s)  LR: 9.363e-06  RefW: 0.000e+00  AnchorRefW: 0.000e+00  Data: 0.006 (0.007)
Train: 16 [ 600/2502 ( 24%)]  Loss: 51.370987 (51.4088)  BaseLoss: 51.370987 (51.4088)  RefAttnKL: 0.000e+00 (0.000e+00)  RefLogitKL: 0.000e+00 (0.000e+00)  AnchorRefAttnKL: 0.000e+00 (0.000e+00)  TeacherAttnKL: 0.000e+00 (0.000e+00)  TeacherRel: 0.000e+00 (0.000e+00)  TeacherAttnOut: 0.000e+00 (0.000e+00)  TeacherFeatOut: 0.000e+00 (0.000e+00)  ActScaleAnchor: 0.000e+00 (0.000e+00)  VarTrust: 0.000e+00 (0.000e+00)  DirAnchor: 0.000e+00 (0.000e+00)  BinReg: 0.000e+00 (0.000e+00)  SelBinAnchor: 0.000e+00 (0.000e+00)  ActBinMargin: 0.000e+00 (0.000e+00)  Time: 0.223s, 2295.40/s  (0.224s, 2286.42/s)  LR: 9.352e-06  RefW: 0.000e+00  AnchorRefW: 0.000e+00  Data: 0.006 (0.007)
Train: 16 [ 650/2502 ( 26%)]  Loss: 51.421665 (51.4098)  BaseLoss: 51.421665 (51.4098)  RefAttnKL: 0.000e+00 (0.000e+00)  RefLogitKL: 0.000e+00 (0.000e+00)  AnchorRefAttnKL: 0.000e+00 (0.000e+00)  TeacherAttnKL: 0.000e+00 (0.000e+00)  TeacherRel: 0.000e+00 (0.000e+00)  TeacherAttnOut: 0.000e+00 (0.000e+00)  TeacherFeatOut: 0.000e+00 (0.000e+00)  ActScaleAnchor: 0.000e+00 (0.000e+00)  VarTrust: 0.000e+00 (0.000e+00)  DirAnchor: 0.000e+00 (0.000e+00)  BinReg: 0.000e+00 (0.000e+00)  SelBinAnchor: 0.000e+00 (0.000e+00)  ActBinMargin: 0.000e+00 (0.000e+00)  Time: 0.223s, 2292.82/s  (0.224s, 2286.94/s)  LR: 9.342e-06  RefW: 0.000e+00  AnchorRefW: 0.000e+00  Data: 0.006 (0.007)
Train: 16 [ 700/2502 ( 28%)]  Loss: 51.378925 (51.4077)  BaseLoss: 51.378925 (51.4077)  RefAttnKL: 0.000e+00 (0.000e+00)  RefLogitKL: 0.000e+00 (0.000e+00)  AnchorRefAttnKL: 0.000e+00 (0.000e+00)  TeacherAttnKL: 0.000e+00 (0.000e+00)  TeacherRel: 0.000e+00 (0.000e+00)  TeacherAttnOut: 0.000e+00 (0.000e+00)  TeacherFeatOut: 0.000e+00 (0.000e+00)  ActScaleAnchor: 0.000e+00 (0.000e+00)  VarTrust: 0.000e+00 (0.000e+00)  DirAnchor: 0.000e+00 (0.000e+00)  BinReg: 0.000e+00 (0.000e+00)  SelBinAnchor: 0.000e+00 (0.000e+00)  ActBinMargin: 0.000e+00 (0.000e+00)  Time: 0.223s, 2293.31/s  (0.224s, 2287.61/s)  LR: 9.332e-06  RefW: 0.000e+00  AnchorRefW: 0.000e+00  Data: 0.007 (0.007)
Train: 16 [ 750/2502 ( 30%)]  Loss: 51.353455 (51.4043)  BaseLoss: 51.353455 (51.4043)  RefAttnKL: 0.000e+00 (0.000e+00)  RefLogitKL: 0.000e+00 (0.000e+00)  AnchorRefAttnKL: 0.000e+00 (0.000e+00)  TeacherAttnKL: 0.000e+00 (0.000e+00)  TeacherRel: 0.000e+00 (0.000e+00)  TeacherAttnOut: 0.000e+00 (0.000e+00)  TeacherFeatOut: 0.000e+00 (0.000e+00)  ActScaleAnchor: 0.000e+00 (0.000e+00)  VarTrust: 0.000e+00 (0.000e+00)  DirAnchor: 0.000e+00 (0.000e+00)  BinReg: 0.000e+00 (0.000e+00)  SelBinAnchor: 0.000e+00 (0.000e+00)  ActBinMargin: 0.000e+00 (0.000e+00)  Time: 0.223s, 2294.13/s  (0.224s, 2288.29/s)  LR: 9.321e-06  RefW: 0.000e+00  AnchorRefW: 0.000e+00  Data: 0.006 (0.007)
Train: 16 [ 800/2502 ( 32%)]  Loss: 51.412781 (51.4048)  BaseLoss: 51.412781 (51.4048)  RefAttnKL: 0.000e+00 (0.000e+00)  RefLogitKL: 0.000e+00 (0.000e+00)  AnchorRefAttnKL: 0.000e+00 (0.000e+00)  TeacherAttnKL: 0.000e+00 (0.000e+00)  TeacherRel: 0.000e+00 (0.000e+00)  TeacherAttnOut: 0.000e+00 (0.000e+00)  TeacherFeatOut: 0.000e+00 (0.000e+00)  ActScaleAnchor: 0.000e+00 (0.000e+00)  VarTrust: 0.000e+00 (0.000e+00)  DirAnchor: 0.000e+00 (0.000e+00)  BinReg: 0.000e+00 (0.000e+00)  SelBinAnchor: 0.000e+00 (0.000e+00)  ActBinMargin: 0.000e+00 (0.000e+00)  Time: 0.224s, 2289.14/s  (0.224s, 2289.06/s)  LR: 9.311e-06  RefW: 0.000e+00  AnchorRefW: 0.000e+00  Data: 0.006 (0.007)
Train: 16 [ 850/2502 ( 34%)]  Loss: 51.371838 (51.4030)  BaseLoss: 51.371838 (51.4030)  RefAttnKL: 0.000e+00 (0.000e+00)  RefLogitKL: 0.000e+00 (0.000e+00)  AnchorRefAttnKL: 0.000e+00 (0.000e+00)  TeacherAttnKL: 0.000e+00 (0.000e+00)  TeacherRel: 0.000e+00 (0.000e+00)  TeacherAttnOut: 0.000e+00 (0.000e+00)  TeacherFeatOut: 0.000e+00 (0.000e+00)  ActScaleAnchor: 0.000e+00 (0.000e+00)  VarTrust: 0.000e+00 (0.000e+00)  DirAnchor: 0.000e+00 (0.000e+00)  BinReg: 0.000e+00 (0.000e+00)  SelBinAnchor: 0.000e+00 (0.000e+00)  ActBinMargin: 0.000e+00 (0.000e+00)  Time: 0.226s, 2264.23/s  (0.224s, 2289.69/s)  LR: 9.301e-06  RefW: 0.000e+00  AnchorRefW: 0.000e+00  Data: 0.006 (0.007)
Train: 16 [ 900/2502 ( 36%)]  Loss: 51.394363 (51.4025)  BaseLoss: 51.394363 (51.4025)  RefAttnKL: 0.000e+00 (0.000e+00)  RefLogitKL: 0.000e+00 (0.000e+00)  AnchorRefAttnKL: 0.000e+00 (0.000e+00)  TeacherAttnKL: 0.000e+00 (0.000e+00)  TeacherRel: 0.000e+00 (0.000e+00)  TeacherAttnOut: 0.000e+00 (0.000e+00)  TeacherFeatOut: 0.000e+00 (0.000e+00)  ActScaleAnchor: 0.000e+00 (0.000e+00)  VarTrust: 0.000e+00 (0.000e+00)  DirAnchor: 0.000e+00 (0.000e+00)  BinReg: 0.000e+00 (0.000e+00)  SelBinAnchor: 0.000e+00 (0.000e+00)  ActBinMargin: 0.000e+00 (0.000e+00)  Time: 0.224s, 2289.29/s  (0.224s, 2289.80/s)  LR: 9.290e-06  RefW: 0.000e+00  AnchorRefW: 0.000e+00  Data: 0.006 (0.007)
Train: 16 [ 950/2502 ( 38%)]  Loss: 51.384197 (51.4016)  BaseLoss: 51.384197 (51.4016)  RefAttnKL: 0.000e+00 (0.000e+00)  RefLogitKL: 0.000e+00 (0.000e+00)  AnchorRefAttnKL: 0.000e+00 (0.000e+00)  TeacherAttnKL: 0.000e+00 (0.000e+00)  TeacherRel: 0.000e+00 (0.000e+00)  TeacherAttnOut: 0.000e+00 (0.000e+00)  TeacherFeatOut: 0.000e+00 (0.000e+00)  ActScaleAnchor: 0.000e+00 (0.000e+00)  VarTrust: 0.000e+00 (0.000e+00)  DirAnchor: 0.000e+00 (0.000e+00)  BinReg: 0.000e+00 (0.000e+00)  SelBinAnchor: 0.000e+00 (0.000e+00)  ActBinMargin: 0.000e+00 (0.000e+00)  Time: 0.223s, 2296.94/s  (0.224s, 2290.27/s)  LR: 9.280e-06  RefW: 0.000e+00  AnchorRefW: 0.000e+00  Data: 0.006 (0.007)
Train: 16 [1000/2502 ( 40%)]  Loss: 51.407139 (51.4019)  BaseLoss: 51.407139 (51.4019)  RefAttnKL: 0.000e+00 (0.000e+00)  RefLogitKL: 0.000e+00 (0.000e+00)  AnchorRefAttnKL: 0.000e+00 (0.000e+00)  TeacherAttnKL: 0.000e+00 (0.000e+00)  TeacherRel: 0.000e+00 (0.000e+00)  TeacherAttnOut: 0.000e+00 (0.000e+00)  TeacherFeatOut: 0.000e+00 (0.000e+00)  ActScaleAnchor: 0.000e+00 (0.000e+00)  VarTrust: 0.000e+00 (0.000e+00)  DirAnchor: 0.000e+00 (0.000e+00)  BinReg: 0.000e+00 (0.000e+00)  SelBinAnchor: 0.000e+00 (0.000e+00)  ActBinMargin: 0.000e+00 (0.000e+00)  Time: 0.223s, 2293.21/s  (0.224s, 2290.48/s)  LR: 9.270e-06  RefW: 0.000e+00  AnchorRefW: 0.000e+00  Data: 0.006 (0.007)
Train: 16 [1050/2502 ( 42%)]  Loss: 51.403023 (51.4019)  BaseLoss: 51.403023 (51.4019)  RefAttnKL: 0.000e+00 (0.000e+00)  RefLogitKL: 0.000e+00 (0.000e+00)  AnchorRefAttnKL: 0.000e+00 (0.000e+00)  TeacherAttnKL: 0.000e+00 (0.000e+00)  TeacherRel: 0.000e+00 (0.000e+00)  TeacherAttnOut: 0.000e+00 (0.000e+00)  TeacherFeatOut: 0.000e+00 (0.000e+00)  ActScaleAnchor: 0.000e+00 (0.000e+00)  VarTrust: 0.000e+00 (0.000e+00)  DirAnchor: 0.000e+00 (0.000e+00)  BinReg: 0.000e+00 (0.000e+00)  SelBinAnchor: 0.000e+00 (0.000e+00)  ActBinMargin: 0.000e+00 (0.000e+00)  Time: 0.223s, 2293.98/s  (0.223s, 2290.95/s)  LR: 9.259e-06  RefW: 0.000e+00  AnchorRefW: 0.000e+00  Data: 0.006 (0.007)
Train: 16 [1100/2502 ( 44%)]  Loss: 51.336742 (51.3991)  BaseLoss: 51.336742 (51.3991)  RefAttnKL: 0.000e+00 (0.000e+00)  RefLogitKL: 0.000e+00 (0.000e+00)  AnchorRefAttnKL: 0.000e+00 (0.000e+00)  TeacherAttnKL: 0.000e+00 (0.000e+00)  TeacherRel: 0.000e+00 (0.000e+00)  TeacherAttnOut: 0.000e+00 (0.000e+00)  TeacherFeatOut: 0.000e+00 (0.000e+00)  ActScaleAnchor: 0.000e+00 (0.000e+00)  VarTrust: 0.000e+00 (0.000e+00)  DirAnchor: 0.000e+00 (0.000e+00)  BinReg: 0.000e+00 (0.000e+00)  SelBinAnchor: 0.000e+00 (0.000e+00)  ActBinMargin: 0.000e+00 (0.000e+00)  Time: 0.227s, 2257.16/s  (0.223s, 2291.22/s)  LR: 9.249e-06  RefW: 0.000e+00  AnchorRefW: 0.000e+00  Data: 0.006 (0.007)
Train: 16 [1150/2502 ( 46%)]  Loss: 51.390148 (51.3987)  BaseLoss: 51.390148 (51.3987)  RefAttnKL: 0.000e+00 (0.000e+00)  RefLogitKL: 0.000e+00 (0.000e+00)  AnchorRefAttnKL: 0.000e+00 (0.000e+00)  TeacherAttnKL: 0.000e+00 (0.000e+00)  TeacherRel: 0.000e+00 (0.000e+00)  TeacherAttnOut: 0.000e+00 (0.000e+00)  TeacherFeatOut: 0.000e+00 (0.000e+00)  ActScaleAnchor: 0.000e+00 (0.000e+00)  VarTrust: 0.000e+00 (0.000e+00)  DirAnchor: 0.000e+00 (0.000e+00)  BinReg: 0.000e+00 (0.000e+00)  SelBinAnchor: 0.000e+00 (0.000e+00)  ActBinMargin: 0.000e+00 (0.000e+00)  Time: 0.223s, 2294.63/s  (0.223s, 2291.62/s)  LR: 9.239e-06  RefW: 0.000e+00  AnchorRefW: 0.000e+00  Data: 0.006 (0.007)
Train: 16 [1200/2502 ( 48%)]  Loss: 51.376499 (51.3978)  BaseLoss: 51.376499 (51.3978)  RefAttnKL: 0.000e+00 (0.000e+00)  RefLogitKL: 0.000e+00 (0.000e+00)  AnchorRefAttnKL: 0.000e+00 (0.000e+00)  TeacherAttnKL: 0.000e+00 (0.000e+00)  TeacherRel: 0.000e+00 (0.000e+00)  TeacherAttnOut: 0.000e+00 (0.000e+00)  TeacherFeatOut: 0.000e+00 (0.000e+00)  ActScaleAnchor: 0.000e+00 (0.000e+00)  VarTrust: 0.000e+00 (0.000e+00)  DirAnchor: 0.000e+00 (0.000e+00)  BinReg: 0.000e+00 (0.000e+00)  SelBinAnchor: 0.000e+00 (0.000e+00)  ActBinMargin: 0.000e+00 (0.000e+00)  Time: 0.225s, 2276.02/s  (0.223s, 2291.69/s)  LR: 9.228e-06  RefW: 0.000e+00  AnchorRefW: 0.000e+00  Data: 0.006 (0.007)
Train: 16 [1250/2502 ( 50%)]  Loss: 51.412491 (51.3984)  BaseLoss: 51.412491 (51.3984)  RefAttnKL: 0.000e+00 (0.000e+00)  RefLogitKL: 0.000e+00 (0.000e+00)  AnchorRefAttnKL: 0.000e+00 (0.000e+00)  TeacherAttnKL: 0.000e+00 (0.000e+00)  TeacherRel: 0.000e+00 (0.000e+00)  TeacherAttnOut: 0.000e+00 (0.000e+00)  TeacherFeatOut: 0.000e+00 (0.000e+00)  ActScaleAnchor: 0.000e+00 (0.000e+00)  VarTrust: 0.000e+00 (0.000e+00)  DirAnchor: 0.000e+00 (0.000e+00)  BinReg: 0.000e+00 (0.000e+00)  SelBinAnchor: 0.000e+00 (0.000e+00)  ActBinMargin: 0.000e+00 (0.000e+00)  Time: 0.223s, 2295.48/s  (0.223s, 2292.05/s)  LR: 9.218e-06  RefW: 0.000e+00  AnchorRefW: 0.000e+00  Data: 0.005 (0.007)
Train: 16 [1300/2502 ( 52%)]  Loss: 51.427193 (51.3995)  BaseLoss: 51.427193 (51.3995)  RefAttnKL: 0.000e+00 (0.000e+00)  RefLogitKL: 0.000e+00 (0.000e+00)  AnchorRefAttnKL: 0.000e+00 (0.000e+00)  TeacherAttnKL: 0.000e+00 (0.000e+00)  TeacherRel: 0.000e+00 (0.000e+00)  TeacherAttnOut: 0.000e+00 (0.000e+00)  TeacherFeatOut: 0.000e+00 (0.000e+00)  ActScaleAnchor: 0.000e+00 (0.000e+00)  VarTrust: 0.000e+00 (0.000e+00)  DirAnchor: 0.000e+00 (0.000e+00)  BinReg: 0.000e+00 (0.000e+00)  SelBinAnchor: 0.000e+00 (0.000e+00)  ActBinMargin: 0.000e+00 (0.000e+00)  Time: 0.223s, 2291.44/s  (0.223s, 2292.24/s)  LR: 9.207e-06  RefW: 0.000e+00  AnchorRefW: 0.000e+00  Data: 0.006 (0.007)
Train: 16 [1350/2502 ( 54%)]  Loss: 51.407295 (51.3997)  BaseLoss: 51.407295 (51.3997)  RefAttnKL: 0.000e+00 (0.000e+00)  RefLogitKL: 0.000e+00 (0.000e+00)  AnchorRefAttnKL: 0.000e+00 (0.000e+00)  TeacherAttnKL: 0.000e+00 (0.000e+00)  TeacherRel: 0.000e+00 (0.000e+00)  TeacherAttnOut: 0.000e+00 (0.000e+00)  TeacherFeatOut: 0.000e+00 (0.000e+00)  ActScaleAnchor: 0.000e+00 (0.000e+00)  VarTrust: 0.000e+00 (0.000e+00)  DirAnchor: 0.000e+00 (0.000e+00)  BinReg: 0.000e+00 (0.000e+00)  SelBinAnchor: 0.000e+00 (0.000e+00)  ActBinMargin: 0.000e+00 (0.000e+00)  Time: 0.223s, 2294.90/s  (0.223s, 2292.54/s)  LR: 9.197e-06  RefW: 0.000e+00  AnchorRefW: 0.000e+00  Data: 0.006 (0.007)
Train: 16 [1400/2502 ( 56%)]  Loss: 51.400810 (51.3998)  BaseLoss: 51.400810 (51.3998)  RefAttnKL: 0.000e+00 (0.000e+00)  RefLogitKL: 0.000e+00 (0.000e+00)  AnchorRefAttnKL: 0.000e+00 (0.000e+00)  TeacherAttnKL: 0.000e+00 (0.000e+00)  TeacherRel: 0.000e+00 (0.000e+00)  TeacherAttnOut: 0.000e+00 (0.000e+00)  TeacherFeatOut: 0.000e+00 (0.000e+00)  ActScaleAnchor: 0.000e+00 (0.000e+00)  VarTrust: 0.000e+00 (0.000e+00)  DirAnchor: 0.000e+00 (0.000e+00)  BinReg: 0.000e+00 (0.000e+00)  SelBinAnchor: 0.000e+00 (0.000e+00)  ActBinMargin: 0.000e+00 (0.000e+00)  Time: 0.223s, 2293.15/s  (0.223s, 2292.83/s)  LR: 9.187e-06  RefW: 0.000e+00  AnchorRefW: 0.000e+00  Data: 0.006 (0.007)
Train: 16 [1450/2502 ( 58%)]  Loss: 51.438759 (51.4011)  BaseLoss: 51.438759 (51.4011)  RefAttnKL: 0.000e+00 (0.000e+00)  RefLogitKL: 0.000e+00 (0.000e+00)  AnchorRefAttnKL: 0.000e+00 (0.000e+00)  TeacherAttnKL: 0.000e+00 (0.000e+00)  TeacherRel: 0.000e+00 (0.000e+00)  TeacherAttnOut: 0.000e+00 (0.000e+00)  TeacherFeatOut: 0.000e+00 (0.000e+00)  ActScaleAnchor: 0.000e+00 (0.000e+00)  VarTrust: 0.000e+00 (0.000e+00)  DirAnchor: 0.000e+00 (0.000e+00)  BinReg: 0.000e+00 (0.000e+00)  SelBinAnchor: 0.000e+00 (0.000e+00)  ActBinMargin: 0.000e+00 (0.000e+00)  Time: 0.224s, 2283.77/s  (0.223s, 2292.95/s)  LR: 9.177e-06  RefW: 0.000e+00  AnchorRefW: 0.000e+00  Data: 0.006 (0.007)
Train: 16 [1500/2502 ( 60%)]  Loss: 51.432121 (51.4021)  BaseLoss: 51.432121 (51.4021)  RefAttnKL: 0.000e+00 (0.000e+00)  RefLogitKL: 0.000e+00 (0.000e+00)  AnchorRefAttnKL: 0.000e+00 (0.000e+00)  TeacherAttnKL: 0.000e+00 (0.000e+00)  TeacherRel: 0.000e+00 (0.000e+00)  TeacherAttnOut: 0.000e+00 (0.000e+00)  TeacherFeatOut: 0.000e+00 (0.000e+00)  ActScaleAnchor: 0.000e+00 (0.000e+00)  VarTrust: 0.000e+00 (0.000e+00)  DirAnchor: 0.000e+00 (0.000e+00)  BinReg: 0.000e+00 (0.000e+00)  SelBinAnchor: 0.000e+00 (0.000e+00)  ActBinMargin: 0.000e+00 (0.000e+00)  Time: 0.223s, 2291.12/s  (0.223s, 2293.20/s)  LR: 9.166e-06  RefW: 0.000e+00  AnchorRefW: 0.000e+00  Data: 0.006 (0.007)
Train: 16 [1550/2502 ( 62%)]  Loss: 51.400551 (51.4020)  BaseLoss: 51.400551 (51.4020)  RefAttnKL: 0.000e+00 (0.000e+00)  RefLogitKL: 0.000e+00 (0.000e+00)  AnchorRefAttnKL: 0.000e+00 (0.000e+00)  TeacherAttnKL: 0.000e+00 (0.000e+00)  TeacherRel: 0.000e+00 (0.000e+00)  TeacherAttnOut: 0.000e+00 (0.000e+00)  TeacherFeatOut: 0.000e+00 (0.000e+00)  ActScaleAnchor: 0.000e+00 (0.000e+00)  VarTrust: 0.000e+00 (0.000e+00)  DirAnchor: 0.000e+00 (0.000e+00)  BinReg: 0.000e+00 (0.000e+00)  SelBinAnchor: 0.000e+00 (0.000e+00)  ActBinMargin: 0.000e+00 (0.000e+00)  Time: 0.223s, 2295.39/s  (0.223s, 2293.43/s)  LR: 9.156e-06  RefW: 0.000e+00  AnchorRefW: 0.000e+00  Data: 0.006 (0.007)
Train: 16 [1600/2502 ( 64%)]  Loss: 51.378960 (51.4013)  BaseLoss: 51.378960 (51.4013)  RefAttnKL: 0.000e+00 (0.000e+00)  RefLogitKL: 0.000e+00 (0.000e+00)  AnchorRefAttnKL: 0.000e+00 (0.000e+00)  TeacherAttnKL: 0.000e+00 (0.000e+00)  TeacherRel: 0.000e+00 (0.000e+00)  TeacherAttnOut: 0.000e+00 (0.000e+00)  TeacherFeatOut: 0.000e+00 (0.000e+00)  ActScaleAnchor: 0.000e+00 (0.000e+00)  VarTrust: 0.000e+00 (0.000e+00)  DirAnchor: 0.000e+00 (0.000e+00)  BinReg: 0.000e+00 (0.000e+00)  SelBinAnchor: 0.000e+00 (0.000e+00)  ActBinMargin: 0.000e+00 (0.000e+00)  Time: 0.223s, 2295.17/s  (0.223s, 2293.67/s)  LR: 9.146e-06  RefW: 0.000e+00  AnchorRefW: 0.000e+00  Data: 0.006 (0.006)
Train: 16 [1650/2502 ( 66%)]  Loss: 51.431850 (51.4022)  BaseLoss: 51.431850 (51.4022)  RefAttnKL: 0.000e+00 (0.000e+00)  RefLogitKL: 0.000e+00 (0.000e+00)  AnchorRefAttnKL: 0.000e+00 (0.000e+00)  TeacherAttnKL: 0.000e+00 (0.000e+00)  TeacherRel: 0.000e+00 (0.000e+00)  TeacherAttnOut: 0.000e+00 (0.000e+00)  TeacherFeatOut: 0.000e+00 (0.000e+00)  ActScaleAnchor: 0.000e+00 (0.000e+00)  VarTrust: 0.000e+00 (0.000e+00)  DirAnchor: 0.000e+00 (0.000e+00)  BinReg: 0.000e+00 (0.000e+00)  SelBinAnchor: 0.000e+00 (0.000e+00)  ActBinMargin: 0.000e+00 (0.000e+00)  Time: 0.223s, 2293.42/s  (0.223s, 2293.67/s)  LR: 9.135e-06  RefW: 0.000e+00  AnchorRefW: 0.000e+00  Data: 0.006 (0.006)
Train: 16 [1700/2502 ( 68%)]  Loss: 51.401585 (51.4022)  BaseLoss: 51.401585 (51.4022)  RefAttnKL: 0.000e+00 (0.000e+00)  RefLogitKL: 0.000e+00 (0.000e+00)  AnchorRefAttnKL: 0.000e+00 (0.000e+00)  TeacherAttnKL: 0.000e+00 (0.000e+00)  TeacherRel: 0.000e+00 (0.000e+00)  TeacherAttnOut: 0.000e+00 (0.000e+00)  TeacherFeatOut: 0.000e+00 (0.000e+00)  ActScaleAnchor: 0.000e+00 (0.000e+00)  VarTrust: 0.000e+00 (0.000e+00)  DirAnchor: 0.000e+00 (0.000e+00)  BinReg: 0.000e+00 (0.000e+00)  SelBinAnchor: 0.000e+00 (0.000e+00)  ActBinMargin: 0.000e+00 (0.000e+00)  Time: 0.223s, 2294.19/s  (0.223s, 2293.88/s)  LR: 9.125e-06  RefW: 0.000e+00  AnchorRefW: 0.000e+00  Data: 0.006 (0.006)
Train: 16 [1750/2502 ( 70%)]  Loss: 51.416153 (51.4026)  BaseLoss: 51.416153 (51.4026)  RefAttnKL: 0.000e+00 (0.000e+00)  RefLogitKL: 0.000e+00 (0.000e+00)  AnchorRefAttnKL: 0.000e+00 (0.000e+00)  TeacherAttnKL: 0.000e+00 (0.000e+00)  TeacherRel: 0.000e+00 (0.000e+00)  TeacherAttnOut: 0.000e+00 (0.000e+00)  TeacherFeatOut: 0.000e+00 (0.000e+00)  ActScaleAnchor: 0.000e+00 (0.000e+00)  VarTrust: 0.000e+00 (0.000e+00)  DirAnchor: 0.000e+00 (0.000e+00)  BinReg: 0.000e+00 (0.000e+00)  SelBinAnchor: 0.000e+00 (0.000e+00)  ActBinMargin: 0.000e+00 (0.000e+00)  Time: 0.224s, 2290.01/s  (0.223s, 2294.01/s)  LR: 9.115e-06  RefW: 0.000e+00  AnchorRefW: 0.000e+00  Data: 0.005 (0.006)
Train: 16 [1800/2502 ( 72%)]  Loss: 51.413033 (51.4029)  BaseLoss: 51.413033 (51.4029)  RefAttnKL: 0.000e+00 (0.000e+00)  RefLogitKL: 0.000e+00 (0.000e+00)  AnchorRefAttnKL: 0.000e+00 (0.000e+00)  TeacherAttnKL: 0.000e+00 (0.000e+00)  TeacherRel: 0.000e+00 (0.000e+00)  TeacherAttnOut: 0.000e+00 (0.000e+00)  TeacherFeatOut: 0.000e+00 (0.000e+00)  ActScaleAnchor: 0.000e+00 (0.000e+00)  VarTrust: 0.000e+00 (0.000e+00)  DirAnchor: 0.000e+00 (0.000e+00)  BinReg: 0.000e+00 (0.000e+00)  SelBinAnchor: 0.000e+00 (0.000e+00)  ActBinMargin: 0.000e+00 (0.000e+00)  Time: 0.223s, 2298.96/s  (0.223s, 2294.06/s)  LR: 9.104e-06  RefW: 0.000e+00  AnchorRefW: 0.000e+00  Data: 0.006 (0.006)
Train: 16 [1850/2502 ( 74%)]  Loss: 51.369961 (51.4020)  BaseLoss: 51.369961 (51.4020)  RefAttnKL: 0.000e+00 (0.000e+00)  RefLogitKL: 0.000e+00 (0.000e+00)  AnchorRefAttnKL: 0.000e+00 (0.000e+00)  TeacherAttnKL: 0.000e+00 (0.000e+00)  TeacherRel: 0.000e+00 (0.000e+00)  TeacherAttnOut: 0.000e+00 (0.000e+00)  TeacherFeatOut: 0.000e+00 (0.000e+00)  ActScaleAnchor: 0.000e+00 (0.000e+00)  VarTrust: 0.000e+00 (0.000e+00)  DirAnchor: 0.000e+00 (0.000e+00)  BinReg: 0.000e+00 (0.000e+00)  SelBinAnchor: 0.000e+00 (0.000e+00)  ActBinMargin: 0.000e+00 (0.000e+00)  Time: 0.224s, 2289.22/s  (0.223s, 2294.18/s)  LR: 9.094e-06  RefW: 0.000e+00  AnchorRefW: 0.000e+00  Data: 0.005 (0.006)
Train: 16 [1900/2502 ( 76%)]  Loss: 51.418617 (51.4024)  BaseLoss: 51.418617 (51.4024)  RefAttnKL: 0.000e+00 (0.000e+00)  RefLogitKL: 0.000e+00 (0.000e+00)  AnchorRefAttnKL: 0.000e+00 (0.000e+00)  TeacherAttnKL: 0.000e+00 (0.000e+00)  TeacherRel: 0.000e+00 (0.000e+00)  TeacherAttnOut: 0.000e+00 (0.000e+00)  TeacherFeatOut: 0.000e+00 (0.000e+00)  ActScaleAnchor: 0.000e+00 (0.000e+00)  VarTrust: 0.000e+00 (0.000e+00)  DirAnchor: 0.000e+00 (0.000e+00)  BinReg: 0.000e+00 (0.000e+00)  SelBinAnchor: 0.000e+00 (0.000e+00)  ActBinMargin: 0.000e+00 (0.000e+00)  Time: 0.224s, 2287.40/s  (0.223s, 2294.33/s)  LR: 9.084e-06  RefW: 0.000e+00  AnchorRefW: 0.000e+00  Data: 0.007 (0.006)
Train: 16 [1950/2502 ( 78%)]  Loss: 51.436073 (51.4033)  BaseLoss: 51.436073 (51.4033)  RefAttnKL: 0.000e+00 (0.000e+00)  RefLogitKL: 0.000e+00 (0.000e+00)  AnchorRefAttnKL: 0.000e+00 (0.000e+00)  TeacherAttnKL: 0.000e+00 (0.000e+00)  TeacherRel: 0.000e+00 (0.000e+00)  TeacherAttnOut: 0.000e+00 (0.000e+00)  TeacherFeatOut: 0.000e+00 (0.000e+00)  ActScaleAnchor: 0.000e+00 (0.000e+00)  VarTrust: 0.000e+00 (0.000e+00)  DirAnchor: 0.000e+00 (0.000e+00)  BinReg: 0.000e+00 (0.000e+00)  SelBinAnchor: 0.000e+00 (0.000e+00)  ActBinMargin: 0.000e+00 (0.000e+00)  Time: 0.224s, 2281.06/s  (0.223s, 2294.46/s)  LR: 9.073e-06  RefW: 0.000e+00  AnchorRefW: 0.000e+00  Data: 0.006 (0.006)
Train: 16 [2000/2502 ( 80%)]  Loss: 51.426041 (51.4038)  BaseLoss: 51.426041 (51.4038)  RefAttnKL: 0.000e+00 (0.000e+00)  RefLogitKL: 0.000e+00 (0.000e+00)  AnchorRefAttnKL: 0.000e+00 (0.000e+00)  TeacherAttnKL: 0.000e+00 (0.000e+00)  TeacherRel: 0.000e+00 (0.000e+00)  TeacherAttnOut: 0.000e+00 (0.000e+00)  TeacherFeatOut: 0.000e+00 (0.000e+00)  ActScaleAnchor: 0.000e+00 (0.000e+00)  VarTrust: 0.000e+00 (0.000e+00)  DirAnchor: 0.000e+00 (0.000e+00)  BinReg: 0.000e+00 (0.000e+00)  SelBinAnchor: 0.000e+00 (0.000e+00)  ActBinMargin: 0.000e+00 (0.000e+00)  Time: 0.223s, 2296.22/s  (0.223s, 2294.62/s)  LR: 9.063e-06  RefW: 0.000e+00  AnchorRefW: 0.000e+00  Data: 0.006 (0.006)
Train: 16 [2050/2502 ( 82%)]  Loss: 51.355110 (51.4027)  BaseLoss: 51.355110 (51.4027)  RefAttnKL: 0.000e+00 (0.000e+00)  RefLogitKL: 0.000e+00 (0.000e+00)  AnchorRefAttnKL: 0.000e+00 (0.000e+00)  TeacherAttnKL: 0.000e+00 (0.000e+00)  TeacherRel: 0.000e+00 (0.000e+00)  TeacherAttnOut: 0.000e+00 (0.000e+00)  TeacherFeatOut: 0.000e+00 (0.000e+00)  ActScaleAnchor: 0.000e+00 (0.000e+00)  VarTrust: 0.000e+00 (0.000e+00)  DirAnchor: 0.000e+00 (0.000e+00)  BinReg: 0.000e+00 (0.000e+00)  SelBinAnchor: 0.000e+00 (0.000e+00)  ActBinMargin: 0.000e+00 (0.000e+00)  Time: 0.224s, 2282.38/s  (0.223s, 2294.75/s)  LR: 9.053e-06  RefW: 0.000e+00  AnchorRefW: 0.000e+00  Data: 0.006 (0.006)
Train: 16 [2100/2502 ( 84%)]  Loss: 51.379440 (51.4021)  BaseLoss: 51.379440 (51.4021)  RefAttnKL: 0.000e+00 (0.000e+00)  RefLogitKL: 0.000e+00 (0.000e+00)  AnchorRefAttnKL: 0.000e+00 (0.000e+00)  TeacherAttnKL: 0.000e+00 (0.000e+00)  TeacherRel: 0.000e+00 (0.000e+00)  TeacherAttnOut: 0.000e+00 (0.000e+00)  TeacherFeatOut: 0.000e+00 (0.000e+00)  ActScaleAnchor: 0.000e+00 (0.000e+00)  VarTrust: 0.000e+00 (0.000e+00)  DirAnchor: 0.000e+00 (0.000e+00)  BinReg: 0.000e+00 (0.000e+00)  SelBinAnchor: 0.000e+00 (0.000e+00)  ActBinMargin: 0.000e+00 (0.000e+00)  Time: 0.223s, 2294.20/s  (0.223s, 2294.70/s)  LR: 9.043e-06  RefW: 0.000e+00  AnchorRefW: 0.000e+00  Data: 0.007 (0.006)
Train: 16 [2150/2502 ( 86%)]  Loss: 51.393700 (51.4019)  BaseLoss: 51.393700 (51.4019)  RefAttnKL: 0.000e+00 (0.000e+00)  RefLogitKL: 0.000e+00 (0.000e+00)  AnchorRefAttnKL: 0.000e+00 (0.000e+00)  TeacherAttnKL: 0.000e+00 (0.000e+00)  TeacherRel: 0.000e+00 (0.000e+00)  TeacherAttnOut: 0.000e+00 (0.000e+00)  TeacherFeatOut: 0.000e+00 (0.000e+00)  ActScaleAnchor: 0.000e+00 (0.000e+00)  VarTrust: 0.000e+00 (0.000e+00)  DirAnchor: 0.000e+00 (0.000e+00)  BinReg: 0.000e+00 (0.000e+00)  SelBinAnchor: 0.000e+00 (0.000e+00)  ActBinMargin: 0.000e+00 (0.000e+00)  Time: 0.224s, 2290.38/s  (0.223s, 2294.83/s)  LR: 9.032e-06  RefW: 0.000e+00  AnchorRefW: 0.000e+00  Data: 0.006 (0.006)
Train: 16 [2200/2502 ( 88%)]  Loss: 51.391994 (51.4017)  BaseLoss: 51.391994 (51.4017)  RefAttnKL: 0.000e+00 (0.000e+00)  RefLogitKL: 0.000e+00 (0.000e+00)  AnchorRefAttnKL: 0.000e+00 (0.000e+00)  TeacherAttnKL: 0.000e+00 (0.000e+00)  TeacherRel: 0.000e+00 (0.000e+00)  TeacherAttnOut: 0.000e+00 (0.000e+00)  TeacherFeatOut: 0.000e+00 (0.000e+00)  ActScaleAnchor: 0.000e+00 (0.000e+00)  VarTrust: 0.000e+00 (0.000e+00)  DirAnchor: 0.000e+00 (0.000e+00)  BinReg: 0.000e+00 (0.000e+00)  SelBinAnchor: 0.000e+00 (0.000e+00)  ActBinMargin: 0.000e+00 (0.000e+00)  Time: 0.224s, 2286.60/s  (0.223s, 2294.91/s)  LR: 9.022e-06  RefW: 0.000e+00  AnchorRefW: 0.000e+00  Data: 0.006 (0.006)
Train: 16 [2250/2502 ( 90%)]  Loss: 51.392620 (51.4015)  BaseLoss: 51.392620 (51.4015)  RefAttnKL: 0.000e+00 (0.000e+00)  RefLogitKL: 0.000e+00 (0.000e+00)  AnchorRefAttnKL: 0.000e+00 (0.000e+00)  TeacherAttnKL: 0.000e+00 (0.000e+00)  TeacherRel: 0.000e+00 (0.000e+00)  TeacherAttnOut: 0.000e+00 (0.000e+00)  TeacherFeatOut: 0.000e+00 (0.000e+00)  ActScaleAnchor: 0.000e+00 (0.000e+00)  VarTrust: 0.000e+00 (0.000e+00)  DirAnchor: 0.000e+00 (0.000e+00)  BinReg: 0.000e+00 (0.000e+00)  SelBinAnchor: 0.000e+00 (0.000e+00)  ActBinMargin: 0.000e+00 (0.000e+00)  Time: 0.224s, 2288.65/s  (0.223s, 2295.04/s)  LR: 9.012e-06  RefW: 0.000e+00  AnchorRefW: 0.000e+00  Data: 0.006 (0.006)
Train: 16 [2300/2502 ( 92%)]  Loss: 51.434193 (51.4022)  BaseLoss: 51.434193 (51.4022)  RefAttnKL: 0.000e+00 (0.000e+00)  RefLogitKL: 0.000e+00 (0.000e+00)  AnchorRefAttnKL: 0.000e+00 (0.000e+00)  TeacherAttnKL: 0.000e+00 (0.000e+00)  TeacherRel: 0.000e+00 (0.000e+00)  TeacherAttnOut: 0.000e+00 (0.000e+00)  TeacherFeatOut: 0.000e+00 (0.000e+00)  ActScaleAnchor: 0.000e+00 (0.000e+00)  VarTrust: 0.000e+00 (0.000e+00)  DirAnchor: 0.000e+00 (0.000e+00)  BinReg: 0.000e+00 (0.000e+00)  SelBinAnchor: 0.000e+00 (0.000e+00)  ActBinMargin: 0.000e+00 (0.000e+00)  Time: 0.223s, 2299.94/s  (0.223s, 2295.16/s)  LR: 9.002e-06  RefW: 0.000e+00  AnchorRefW: 0.000e+00  Data: 0.006 (0.006)
Train: 16 [2350/2502 ( 94%)]  Loss: 51.405720 (51.4023)  BaseLoss: 51.405720 (51.4023)  RefAttnKL: 0.000e+00 (0.000e+00)  RefLogitKL: 0.000e+00 (0.000e+00)  AnchorRefAttnKL: 0.000e+00 (0.000e+00)  TeacherAttnKL: 0.000e+00 (0.000e+00)  TeacherRel: 0.000e+00 (0.000e+00)  TeacherAttnOut: 0.000e+00 (0.000e+00)  TeacherFeatOut: 0.000e+00 (0.000e+00)  ActScaleAnchor: 0.000e+00 (0.000e+00)  VarTrust: 0.000e+00 (0.000e+00)  DirAnchor: 0.000e+00 (0.000e+00)  BinReg: 0.000e+00 (0.000e+00)  SelBinAnchor: 0.000e+00 (0.000e+00)  ActBinMargin: 0.000e+00 (0.000e+00)  Time: 0.225s, 2276.19/s  (0.223s, 2295.22/s)  LR: 8.991e-06  RefW: 0.000e+00  AnchorRefW: 0.000e+00  Data: 0.007 (0.006)
Train: 16 [2400/2502 ( 96%)]  Loss: 51.369240 (51.4016)  BaseLoss: 51.369240 (51.4016)  RefAttnKL: 0.000e+00 (0.000e+00)  RefLogitKL: 0.000e+00 (0.000e+00)  AnchorRefAttnKL: 0.000e+00 (0.000e+00)  TeacherAttnKL: 0.000e+00 (0.000e+00)  TeacherRel: 0.000e+00 (0.000e+00)  TeacherAttnOut: 0.000e+00 (0.000e+00)  TeacherFeatOut: 0.000e+00 (0.000e+00)  ActScaleAnchor: 0.000e+00 (0.000e+00)  VarTrust: 0.000e+00 (0.000e+00)  DirAnchor: 0.000e+00 (0.000e+00)  BinReg: 0.000e+00 (0.000e+00)  SelBinAnchor: 0.000e+00 (0.000e+00)  ActBinMargin: 0.000e+00 (0.000e+00)  Time: 0.223s, 2292.28/s  (0.223s, 2295.33/s)  LR: 8.981e-06  RefW: 0.000e+00  AnchorRefW: 0.000e+00  Data: 0.006 (0.006)
Train: 16 [2450/2502 ( 98%)]  Loss: 51.419552 (51.4020)  BaseLoss: 51.419552 (51.4020)  RefAttnKL: 0.000e+00 (0.000e+00)  RefLogitKL: 0.000e+00 (0.000e+00)  AnchorRefAttnKL: 0.000e+00 (0.000e+00)  TeacherAttnKL: 0.000e+00 (0.000e+00)  TeacherRel: 0.000e+00 (0.000e+00)  TeacherAttnOut: 0.000e+00 (0.000e+00)  TeacherFeatOut: 0.000e+00 (0.000e+00)  ActScaleAnchor: 0.000e+00 (0.000e+00)  VarTrust: 0.000e+00 (0.000e+00)  DirAnchor: 0.000e+00 (0.000e+00)  BinReg: 0.000e+00 (0.000e+00)  SelBinAnchor: 0.000e+00 (0.000e+00)  ActBinMargin: 0.000e+00 (0.000e+00)  Time: 0.223s, 2292.86/s  (0.223s, 2295.44/s)  LR: 8.971e-06  RefW: 0.000e+00  AnchorRefW: 0.000e+00  Data: 0.006 (0.006)
TrainSummary: epoch=16 updates=2496 avg_step_time=0.223039s samples_per_step=512 samples_per_sec=2295.56
epoch:  16 g['lr']:  8.961669728159904e-06
model eval
TestLocal: [   0/97]  Time: 0.889 (0.889)  Loss:  0.7511  Acc@1: 79.6875  Acc@5: 96.8750  Samples: 64
TestLocal: [  50/97]  Time: 0.091 (0.106)  Loss:  0.8242  Acc@1: 81.5257  Acc@5: 95.3431  Samples: 3264
TestLocal: [  97/97]  Time: 0.048 (0.098)  Loss:  0.8164  Acc@1: 81.2480  Acc@5: 95.4619  Samples: 6170
TestLocal: [ 100/97]  Time: 0.048 (0.096)  Loss:  0.8167  Acc@1: 81.2399  Acc@5: 95.4589  Samples: 6210
Test: [distributed-summary]  Time: 10.195s  Loss: 0.8424  Acc@1: 80.4380  Acc@5: 95.3080  Samples: 50000
Trainable parameter policy: epoch=17, quant_only=False, policy=all, trainable=28608256, frozen=0
AOQ explore scale ratio update: epoch=17, update=0, active=False, base_ratio=1.0, threshold_ratio=0.0, base_layers=(), selective_margin=0.0, base_quantizers=0, layer_ratios={}, layer_quantizers=0, layer_counts={}, quality_mode=none, quality_layers=(), quality_start_update=0, quality_min_frac=0.0, start_update=0, end_update=0
Trainable parameter update policy: epoch=17, update=0, mode=requires_grad, policy=all, trainable=28608256, frozen=0
Train: 17 [   0/2502 (  0%)]  Loss: 51.399799 (51.3998)  BaseLoss: 51.399799 (51.3998)  RefAttnKL: 0.000e+00 (0.000e+00)  RefLogitKL: 0.000e+00 (0.000e+00)  AnchorRefAttnKL: 0.000e+00 (0.000e+00)  TeacherAttnKL: 0.000e+00 (0.000e+00)  TeacherRel: 0.000e+00 (0.000e+00)  TeacherAttnOut: 0.000e+00 (0.000e+00)  TeacherFeatOut: 0.000e+00 (0.000e+00)  ActScaleAnchor: 0.000e+00 (0.000e+00)  VarTrust: 0.000e+00 (0.000e+00)  DirAnchor: 0.000e+00 (0.000e+00)  BinReg: 0.000e+00 (0.000e+00)  SelBinAnchor: 0.000e+00 (0.000e+00)  ActBinMargin: 0.000e+00 (0.000e+00)  Time: 0.907s,  564.78/s  (0.907s,  564.78/s)  LR: 8.960e-06  RefW: 0.000e+00  AnchorRefW: 0.000e+00  Data: 0.692 (0.692)
Train: 17 [  50/2502 (  2%)]  Loss: 51.397041 (51.3984)  BaseLoss: 51.397041 (51.3984)  RefAttnKL: 0.000e+00 (0.000e+00)  RefLogitKL: 0.000e+00 (0.000e+00)  AnchorRefAttnKL: 0.000e+00 (0.000e+00)  TeacherAttnKL: 0.000e+00 (0.000e+00)  TeacherRel: 0.000e+00 (0.000e+00)  TeacherAttnOut: 0.000e+00 (0.000e+00)  TeacherFeatOut: 0.000e+00 (0.000e+00)  ActScaleAnchor: 0.000e+00 (0.000e+00)  VarTrust: 0.000e+00 (0.000e+00)  DirAnchor: 0.000e+00 (0.000e+00)  BinReg: 0.000e+00 (0.000e+00)  SelBinAnchor: 0.000e+00 (0.000e+00)  ActBinMargin: 0.000e+00 (0.000e+00)  Time: 0.224s, 2287.58/s  (0.236s, 2168.18/s)  LR: 8.950e-06  RefW: 0.000e+00  AnchorRefW: 0.000e+00  Data: 0.005 (0.019)
Train: 17 [ 100/2502 (  4%)]  Loss: 51.401897 (51.3996)  BaseLoss: 51.401897 (51.3996)  RefAttnKL: 0.000e+00 (0.000e+00)  RefLogitKL: 0.000e+00 (0.000e+00)  AnchorRefAttnKL: 0.000e+00 (0.000e+00)  TeacherAttnKL: 0.000e+00 (0.000e+00)  TeacherRel: 0.000e+00 (0.000e+00)  TeacherAttnOut: 0.000e+00 (0.000e+00)  TeacherFeatOut: 0.000e+00 (0.000e+00)  ActScaleAnchor: 0.000e+00 (0.000e+00)  VarTrust: 0.000e+00 (0.000e+00)  DirAnchor: 0.000e+00 (0.000e+00)  BinReg: 0.000e+00 (0.000e+00)  SelBinAnchor: 0.000e+00 (0.000e+00)  ActBinMargin: 0.000e+00 (0.000e+00)  Time: 0.224s, 2288.56/s  (0.230s, 2228.40/s)  LR: 8.940e-06  RefW: 0.000e+00  AnchorRefW: 0.000e+00  Data: 0.006 (0.012)
Train: 17 [ 150/2502 (  6%)]  Loss: 51.393490 (51.3981)  BaseLoss: 51.393490 (51.3981)  RefAttnKL: 0.000e+00 (0.000e+00)  RefLogitKL: 0.000e+00 (0.000e+00)  AnchorRefAttnKL: 0.000e+00 (0.000e+00)  TeacherAttnKL: 0.000e+00 (0.000e+00)  TeacherRel: 0.000e+00 (0.000e+00)  TeacherAttnOut: 0.000e+00 (0.000e+00)  TeacherFeatOut: 0.000e+00 (0.000e+00)  ActScaleAnchor: 0.000e+00 (0.000e+00)  VarTrust: 0.000e+00 (0.000e+00)  DirAnchor: 0.000e+00 (0.000e+00)  BinReg: 0.000e+00 (0.000e+00)  SelBinAnchor: 0.000e+00 (0.000e+00)  ActBinMargin: 0.000e+00 (0.000e+00)  Time: 0.223s, 2294.21/s  (0.227s, 2251.13/s)  LR: 8.930e-06  RefW: 0.000e+00  AnchorRefW: 0.000e+00  Data: 0.005 (0.010)
Train: 17 [ 200/2502 (  8%)]  Loss: 51.404732 (51.3994)  BaseLoss: 51.404732 (51.3994)  RefAttnKL: 0.000e+00 (0.000e+00)  RefLogitKL: 0.000e+00 (0.000e+00)  AnchorRefAttnKL: 0.000e+00 (0.000e+00)  TeacherAttnKL: 0.000e+00 (0.000e+00)  TeacherRel: 0.000e+00 (0.000e+00)  TeacherAttnOut: 0.000e+00 (0.000e+00)  TeacherFeatOut: 0.000e+00 (0.000e+00)  ActScaleAnchor: 0.000e+00 (0.000e+00)  VarTrust: 0.000e+00 (0.000e+00)  DirAnchor: 0.000e+00 (0.000e+00)  BinReg: 0.000e+00 (0.000e+00)  SelBinAnchor: 0.000e+00 (0.000e+00)  ActBinMargin: 0.000e+00 (0.000e+00)  Time: 0.226s, 2262.92/s  (0.226s, 2263.02/s)  LR: 8.919e-06  RefW: 0.000e+00  AnchorRefW: 0.000e+00  Data: 0.006 (0.009)
Train: 17 [ 250/2502 ( 10%)]  Loss: 51.437996 (51.4058)  BaseLoss: 51.437996 (51.4058)  RefAttnKL: 0.000e+00 (0.000e+00)  RefLogitKL: 0.000e+00 (0.000e+00)  AnchorRefAttnKL: 0.000e+00 (0.000e+00)  TeacherAttnKL: 0.000e+00 (0.000e+00)  TeacherRel: 0.000e+00 (0.000e+00)  TeacherAttnOut: 0.000e+00 (0.000e+00)  TeacherFeatOut: 0.000e+00 (0.000e+00)  ActScaleAnchor: 0.000e+00 (0.000e+00)  VarTrust: 0.000e+00 (0.000e+00)  DirAnchor: 0.000e+00 (0.000e+00)  BinReg: 0.000e+00 (0.000e+00)  SelBinAnchor: 0.000e+00 (0.000e+00)  ActBinMargin: 0.000e+00 (0.000e+00)  Time: 0.222s, 2303.78/s  (0.226s, 2270.22/s)  LR: 8.909e-06  RefW: 0.000e+00  AnchorRefW: 0.000e+00  Data: 0.006 (0.008)
Train: 17 [ 300/2502 ( 12%)]  Loss: 51.398987 (51.4048)  BaseLoss: 51.398987 (51.4048)  RefAttnKL: 0.000e+00 (0.000e+00)  RefLogitKL: 0.000e+00 (0.000e+00)  AnchorRefAttnKL: 0.000e+00 (0.000e+00)  TeacherAttnKL: 0.000e+00 (0.000e+00)  TeacherRel: 0.000e+00 (0.000e+00)  TeacherAttnOut: 0.000e+00 (0.000e+00)  TeacherFeatOut: 0.000e+00 (0.000e+00)  ActScaleAnchor: 0.000e+00 (0.000e+00)  VarTrust: 0.000e+00 (0.000e+00)  DirAnchor: 0.000e+00 (0.000e+00)  BinReg: 0.000e+00 (0.000e+00)  SelBinAnchor: 0.000e+00 (0.000e+00)  ActBinMargin: 0.000e+00 (0.000e+00)  Time: 0.223s, 2293.79/s  (0.225s, 2275.21/s)  LR: 8.899e-06  RefW: 0.000e+00  AnchorRefW: 0.000e+00  Data: 0.006 (0.008)
Train: 17 [ 350/2502 ( 14%)]  Loss: 51.427483 (51.4077)  BaseLoss: 51.427483 (51.4077)  RefAttnKL: 0.000e+00 (0.000e+00)  RefLogitKL: 0.000e+00 (0.000e+00)  AnchorRefAttnKL: 0.000e+00 (0.000e+00)  TeacherAttnKL: 0.000e+00 (0.000e+00)  TeacherRel: 0.000e+00 (0.000e+00)  TeacherAttnOut: 0.000e+00 (0.000e+00)  TeacherFeatOut: 0.000e+00 (0.000e+00)  ActScaleAnchor: 0.000e+00 (0.000e+00)  VarTrust: 0.000e+00 (0.000e+00)  DirAnchor: 0.000e+00 (0.000e+00)  BinReg: 0.000e+00 (0.000e+00)  SelBinAnchor: 0.000e+00 (0.000e+00)  ActBinMargin: 0.000e+00 (0.000e+00)  Time: 0.223s, 2294.18/s  (0.225s, 2278.43/s)  LR: 8.889e-06  RefW: 0.000e+00  AnchorRefW: 0.000e+00  Data: 0.006 (0.008)
Train: 17 [ 400/2502 ( 16%)]  Loss: 51.414459 (51.4084)  BaseLoss: 51.414459 (51.4084)  RefAttnKL: 0.000e+00 (0.000e+00)  RefLogitKL: 0.000e+00 (0.000e+00)  AnchorRefAttnKL: 0.000e+00 (0.000e+00)  TeacherAttnKL: 0.000e+00 (0.000e+00)  TeacherRel: 0.000e+00 (0.000e+00)  TeacherAttnOut: 0.000e+00 (0.000e+00)  TeacherFeatOut: 0.000e+00 (0.000e+00)  ActScaleAnchor: 0.000e+00 (0.000e+00)  VarTrust: 0.000e+00 (0.000e+00)  DirAnchor: 0.000e+00 (0.000e+00)  BinReg: 0.000e+00 (0.000e+00)  SelBinAnchor: 0.000e+00 (0.000e+00)  ActBinMargin: 0.000e+00 (0.000e+00)  Time: 0.225s, 2277.81/s  (0.225s, 2280.39/s)  LR: 8.879e-06  RefW: 0.000e+00  AnchorRefW: 0.000e+00  Data: 0.005 (0.007)
Train: 17 [ 450/2502 ( 18%)]  Loss: 51.426636 (51.4103)  BaseLoss: 51.426636 (51.4103)  RefAttnKL: 0.000e+00 (0.000e+00)  RefLogitKL: 0.000e+00 (0.000e+00)  AnchorRefAttnKL: 0.000e+00 (0.000e+00)  TeacherAttnKL: 0.000e+00 (0.000e+00)  TeacherRel: 0.000e+00 (0.000e+00)  TeacherAttnOut: 0.000e+00 (0.000e+00)  TeacherFeatOut: 0.000e+00 (0.000e+00)  ActScaleAnchor: 0.000e+00 (0.000e+00)  VarTrust: 0.000e+00 (0.000e+00)  DirAnchor: 0.000e+00 (0.000e+00)  BinReg: 0.000e+00 (0.000e+00)  SelBinAnchor: 0.000e+00 (0.000e+00)  ActBinMargin: 0.000e+00 (0.000e+00)  Time: 0.223s, 2297.58/s  (0.224s, 2282.45/s)  LR: 8.868e-06  RefW: 0.000e+00  AnchorRefW: 0.000e+00  Data: 0.006 (0.007)
Train: 17 [ 500/2502 ( 20%)]  Loss: 51.432503 (51.4123)  BaseLoss: 51.432503 (51.4123)  RefAttnKL: 0.000e+00 (0.000e+00)  RefLogitKL: 0.000e+00 (0.000e+00)  AnchorRefAttnKL: 0.000e+00 (0.000e+00)  TeacherAttnKL: 0.000e+00 (0.000e+00)  TeacherRel: 0.000e+00 (0.000e+00)  TeacherAttnOut: 0.000e+00 (0.000e+00)  TeacherFeatOut: 0.000e+00 (0.000e+00)  ActScaleAnchor: 0.000e+00 (0.000e+00)  VarTrust: 0.000e+00 (0.000e+00)  DirAnchor: 0.000e+00 (0.000e+00)  BinReg: 0.000e+00 (0.000e+00)  SelBinAnchor: 0.000e+00 (0.000e+00)  ActBinMargin: 0.000e+00 (0.000e+00)  Time: 0.223s, 2292.57/s  (0.224s, 2284.19/s)  LR: 8.858e-06  RefW: 0.000e+00  AnchorRefW: 0.000e+00  Data: 0.007 (0.007)
Train: 17 [ 550/2502 ( 22%)]  Loss: 51.453850 (51.4157)  BaseLoss: 51.453850 (51.4157)  RefAttnKL: 0.000e+00 (0.000e+00)  RefLogitKL: 0.000e+00 (0.000e+00)  AnchorRefAttnKL: 0.000e+00 (0.000e+00)  TeacherAttnKL: 0.000e+00 (0.000e+00)  TeacherRel: 0.000e+00 (0.000e+00)  TeacherAttnOut: 0.000e+00 (0.000e+00)  TeacherFeatOut: 0.000e+00 (0.000e+00)  ActScaleAnchor: 0.000e+00 (0.000e+00)  VarTrust: 0.000e+00 (0.000e+00)  DirAnchor: 0.000e+00 (0.000e+00)  BinReg: 0.000e+00 (0.000e+00)  SelBinAnchor: 0.000e+00 (0.000e+00)  ActBinMargin: 0.000e+00 (0.000e+00)  Time: 0.223s, 2295.79/s  (0.224s, 2284.29/s)  LR: 8.848e-06  RefW: 0.000e+00  AnchorRefW: 0.000e+00  Data: 0.006 (0.007)
Train: 17 [ 600/2502 ( 24%)]  Loss: 51.374565 (51.4126)  BaseLoss: 51.374565 (51.4126)  RefAttnKL: 0.000e+00 (0.000e+00)  RefLogitKL: 0.000e+00 (0.000e+00)  AnchorRefAttnKL: 0.000e+00 (0.000e+00)  TeacherAttnKL: 0.000e+00 (0.000e+00)  TeacherRel: 0.000e+00 (0.000e+00)  TeacherAttnOut: 0.000e+00 (0.000e+00)  TeacherFeatOut: 0.000e+00 (0.000e+00)  ActScaleAnchor: 0.000e+00 (0.000e+00)  VarTrust: 0.000e+00 (0.000e+00)  DirAnchor: 0.000e+00 (0.000e+00)  BinReg: 0.000e+00 (0.000e+00)  SelBinAnchor: 0.000e+00 (0.000e+00)  ActBinMargin: 0.000e+00 (0.000e+00)  Time: 0.223s, 2292.52/s  (0.224s, 2285.60/s)  LR: 8.838e-06  RefW: 0.000e+00  AnchorRefW: 0.000e+00  Data: 0.006 (0.007)
Train: 17 [ 650/2502 ( 26%)]  Loss: 51.414597 (51.4127)  BaseLoss: 51.414597 (51.4127)  RefAttnKL: 0.000e+00 (0.000e+00)  RefLogitKL: 0.000e+00 (0.000e+00)  AnchorRefAttnKL: 0.000e+00 (0.000e+00)  TeacherAttnKL: 0.000e+00 (0.000e+00)  TeacherRel: 0.000e+00 (0.000e+00)  TeacherAttnOut: 0.000e+00 (0.000e+00)  TeacherFeatOut: 0.000e+00 (0.000e+00)  ActScaleAnchor: 0.000e+00 (0.000e+00)  VarTrust: 0.000e+00 (0.000e+00)  DirAnchor: 0.000e+00 (0.000e+00)  BinReg: 0.000e+00 (0.000e+00)  SelBinAnchor: 0.000e+00 (0.000e+00)  ActBinMargin: 0.000e+00 (0.000e+00)  Time: 0.230s, 2229.40/s  (0.224s, 2285.55/s)  LR: 8.828e-06  RefW: 0.000e+00  AnchorRefW: 0.000e+00  Data: 0.006 (0.007)
Train: 17 [ 700/2502 ( 28%)]  Loss: 51.352020 (51.4087)  BaseLoss: 51.352020 (51.4087)  RefAttnKL: 0.000e+00 (0.000e+00)  RefLogitKL: 0.000e+00 (0.000e+00)  AnchorRefAttnKL: 0.000e+00 (0.000e+00)  TeacherAttnKL: 0.000e+00 (0.000e+00)  TeacherRel: 0.000e+00 (0.000e+00)  TeacherAttnOut: 0.000e+00 (0.000e+00)  TeacherFeatOut: 0.000e+00 (0.000e+00)  ActScaleAnchor: 0.000e+00 (0.000e+00)  VarTrust: 0.000e+00 (0.000e+00)  DirAnchor: 0.000e+00 (0.000e+00)  BinReg: 0.000e+00 (0.000e+00)  SelBinAnchor: 0.000e+00 (0.000e+00)  ActBinMargin: 0.000e+00 (0.000e+00)  Time: 0.224s, 2287.75/s  (0.224s, 2286.55/s)  LR: 8.817e-06  RefW: 0.000e+00  AnchorRefW: 0.000e+00  Data: 0.006 (0.007)
Train: 17 [ 750/2502 ( 30%)]  Loss: 51.341557 (51.4045)  BaseLoss: 51.341557 (51.4045)  RefAttnKL: 0.000e+00 (0.000e+00)  RefLogitKL: 0.000e+00 (0.000e+00)  AnchorRefAttnKL: 0.000e+00 (0.000e+00)  TeacherAttnKL: 0.000e+00 (0.000e+00)  TeacherRel: 0.000e+00 (0.000e+00)  TeacherAttnOut: 0.000e+00 (0.000e+00)  TeacherFeatOut: 0.000e+00 (0.000e+00)  ActScaleAnchor: 0.000e+00 (0.000e+00)  VarTrust: 0.000e+00 (0.000e+00)  DirAnchor: 0.000e+00 (0.000e+00)  BinReg: 0.000e+00 (0.000e+00)  SelBinAnchor: 0.000e+00 (0.000e+00)  ActBinMargin: 0.000e+00 (0.000e+00)  Time: 0.226s, 2268.99/s  (0.224s, 2287.42/s)  LR: 8.807e-06  RefW: 0.000e+00  AnchorRefW: 0.000e+00  Data: 0.006 (0.007)
Train: 17 [ 800/2502 ( 32%)]  Loss: 51.412479 (51.4049)  BaseLoss: 51.412479 (51.4049)  RefAttnKL: 0.000e+00 (0.000e+00)  RefLogitKL: 0.000e+00 (0.000e+00)  AnchorRefAttnKL: 0.000e+00 (0.000e+00)  TeacherAttnKL: 0.000e+00 (0.000e+00)  TeacherRel: 0.000e+00 (0.000e+00)  TeacherAttnOut: 0.000e+00 (0.000e+00)  TeacherFeatOut: 0.000e+00 (0.000e+00)  ActScaleAnchor: 0.000e+00 (0.000e+00)  VarTrust: 0.000e+00 (0.000e+00)  DirAnchor: 0.000e+00 (0.000e+00)  BinReg: 0.000e+00 (0.000e+00)  SelBinAnchor: 0.000e+00 (0.000e+00)  ActBinMargin: 0.000e+00 (0.000e+00)  Time: 0.223s, 2294.76/s  (0.224s, 2288.11/s)  LR: 8.797e-06  RefW: 0.000e+00  AnchorRefW: 0.000e+00  Data: 0.005 (0.007)
Train: 17 [ 850/2502 ( 34%)]  Loss: 51.389954 (51.4041)  BaseLoss: 51.389954 (51.4041)  RefAttnKL: 0.000e+00 (0.000e+00)  RefLogitKL: 0.000e+00 (0.000e+00)  AnchorRefAttnKL: 0.000e+00 (0.000e+00)  TeacherAttnKL: 0.000e+00 (0.000e+00)  TeacherRel: 0.000e+00 (0.000e+00)  TeacherAttnOut: 0.000e+00 (0.000e+00)  TeacherFeatOut: 0.000e+00 (0.000e+00)  ActScaleAnchor: 0.000e+00 (0.000e+00)  VarTrust: 0.000e+00 (0.000e+00)  DirAnchor: 0.000e+00 (0.000e+00)  BinReg: 0.000e+00 (0.000e+00)  SelBinAnchor: 0.000e+00 (0.000e+00)  ActBinMargin: 0.000e+00 (0.000e+00)  Time: 0.229s, 2239.54/s  (0.224s, 2288.39/s)  LR: 8.787e-06  RefW: 0.000e+00  AnchorRefW: 0.000e+00  Data: 0.007 (0.007)
Train: 17 [ 900/2502 ( 36%)]  Loss: 51.389687 (51.4034)  BaseLoss: 51.389687 (51.4034)  RefAttnKL: 0.000e+00 (0.000e+00)  RefLogitKL: 0.000e+00 (0.000e+00)  AnchorRefAttnKL: 0.000e+00 (0.000e+00)  TeacherAttnKL: 0.000e+00 (0.000e+00)  TeacherRel: 0.000e+00 (0.000e+00)  TeacherAttnOut: 0.000e+00 (0.000e+00)  TeacherFeatOut: 0.000e+00 (0.000e+00)  ActScaleAnchor: 0.000e+00 (0.000e+00)  VarTrust: 0.000e+00 (0.000e+00)  DirAnchor: 0.000e+00 (0.000e+00)  BinReg: 0.000e+00 (0.000e+00)  SelBinAnchor: 0.000e+00 (0.000e+00)  ActBinMargin: 0.000e+00 (0.000e+00)  Time: 0.224s, 2290.04/s  (0.224s, 2289.04/s)  LR: 8.777e-06  RefW: 0.000e+00  AnchorRefW: 0.000e+00  Data: 0.007 (0.007)
Train: 17 [ 950/2502 ( 38%)]  Loss: 51.398140 (51.4031)  BaseLoss: 51.398140 (51.4031)  RefAttnKL: 0.000e+00 (0.000e+00)  RefLogitKL: 0.000e+00 (0.000e+00)  AnchorRefAttnKL: 0.000e+00 (0.000e+00)  TeacherAttnKL: 0.000e+00 (0.000e+00)  TeacherRel: 0.000e+00 (0.000e+00)  TeacherAttnOut: 0.000e+00 (0.000e+00)  TeacherFeatOut: 0.000e+00 (0.000e+00)  ActScaleAnchor: 0.000e+00 (0.000e+00)  VarTrust: 0.000e+00 (0.000e+00)  DirAnchor: 0.000e+00 (0.000e+00)  BinReg: 0.000e+00 (0.000e+00)  SelBinAnchor: 0.000e+00 (0.000e+00)  ActBinMargin: 0.000e+00 (0.000e+00)  Time: 0.223s, 2298.80/s  (0.224s, 2289.41/s)  LR: 8.767e-06  RefW: 0.000e+00  AnchorRefW: 0.000e+00  Data: 0.005 (0.007)
Train: 17 [1000/2502 ( 40%)]  Loss: 51.414650 (51.4036)  BaseLoss: 51.414650 (51.4036)  RefAttnKL: 0.000e+00 (0.000e+00)  RefLogitKL: 0.000e+00 (0.000e+00)  AnchorRefAttnKL: 0.000e+00 (0.000e+00)  TeacherAttnKL: 0.000e+00 (0.000e+00)  TeacherRel: 0.000e+00 (0.000e+00)  TeacherAttnOut: 0.000e+00 (0.000e+00)  TeacherFeatOut: 0.000e+00 (0.000e+00)  ActScaleAnchor: 0.000e+00 (0.000e+00)  VarTrust: 0.000e+00 (0.000e+00)  DirAnchor: 0.000e+00 (0.000e+00)  BinReg: 0.000e+00 (0.000e+00)  SelBinAnchor: 0.000e+00 (0.000e+00)  ActBinMargin: 0.000e+00 (0.000e+00)  Time: 0.223s, 2296.12/s  (0.224s, 2289.76/s)  LR: 8.757e-06  RefW: 0.000e+00  AnchorRefW: 0.000e+00  Data: 0.007 (0.007)
Train: 17 [1050/2502 ( 42%)]  Loss: 51.406601 (51.4038)  BaseLoss: 51.406601 (51.4038)  RefAttnKL: 0.000e+00 (0.000e+00)  RefLogitKL: 0.000e+00 (0.000e+00)  AnchorRefAttnKL: 0.000e+00 (0.000e+00)  TeacherAttnKL: 0.000e+00 (0.000e+00)  TeacherRel: 0.000e+00 (0.000e+00)  TeacherAttnOut: 0.000e+00 (0.000e+00)  TeacherFeatOut: 0.000e+00 (0.000e+00)  ActScaleAnchor: 0.000e+00 (0.000e+00)  VarTrust: 0.000e+00 (0.000e+00)  DirAnchor: 0.000e+00 (0.000e+00)  BinReg: 0.000e+00 (0.000e+00)  SelBinAnchor: 0.000e+00 (0.000e+00)  ActBinMargin: 0.000e+00 (0.000e+00)  Time: 0.223s, 2296.35/s  (0.224s, 2290.26/s)  LR: 8.746e-06  RefW: 0.000e+00  AnchorRefW: 0.000e+00  Data: 0.006 (0.007)
Train: 17 [1100/2502 ( 44%)]  Loss: 51.340828 (51.4010)  BaseLoss: 51.340828 (51.4010)  RefAttnKL: 0.000e+00 (0.000e+00)  RefLogitKL: 0.000e+00 (0.000e+00)  AnchorRefAttnKL: 0.000e+00 (0.000e+00)  TeacherAttnKL: 0.000e+00 (0.000e+00)  TeacherRel: 0.000e+00 (0.000e+00)  TeacherAttnOut: 0.000e+00 (0.000e+00)  TeacherFeatOut: 0.000e+00 (0.000e+00)  ActScaleAnchor: 0.000e+00 (0.000e+00)  VarTrust: 0.000e+00 (0.000e+00)  DirAnchor: 0.000e+00 (0.000e+00)  BinReg: 0.000e+00 (0.000e+00)  SelBinAnchor: 0.000e+00 (0.000e+00)  ActBinMargin: 0.000e+00 (0.000e+00)  Time: 0.223s, 2300.28/s  (0.224s, 2290.42/s)  LR: 8.736e-06  RefW: 0.000e+00  AnchorRefW: 0.000e+00  Data: 0.005 (0.007)
Train: 17 [1150/2502 ( 46%)]  Loss: 51.394268 (51.4008)  BaseLoss: 51.394268 (51.4008)  RefAttnKL: 0.000e+00 (0.000e+00)  RefLogitKL: 0.000e+00 (0.000e+00)  AnchorRefAttnKL: 0.000e+00 (0.000e+00)  TeacherAttnKL: 0.000e+00 (0.000e+00)  TeacherRel: 0.000e+00 (0.000e+00)  TeacherAttnOut: 0.000e+00 (0.000e+00)  TeacherFeatOut: 0.000e+00 (0.000e+00)  ActScaleAnchor: 0.000e+00 (0.000e+00)  VarTrust: 0.000e+00 (0.000e+00)  DirAnchor: 0.000e+00 (0.000e+00)  BinReg: 0.000e+00 (0.000e+00)  SelBinAnchor: 0.000e+00 (0.000e+00)  ActBinMargin: 0.000e+00 (0.000e+00)  Time: 0.223s, 2293.68/s  (0.223s, 2290.85/s)  LR: 8.726e-06  RefW: 0.000e+00  AnchorRefW: 0.000e+00  Data: 0.006 (0.007)
Train: 17 [1200/2502 ( 48%)]  Loss: 51.388855 (51.4003)  BaseLoss: 51.388855 (51.4003)  RefAttnKL: 0.000e+00 (0.000e+00)  RefLogitKL: 0.000e+00 (0.000e+00)  AnchorRefAttnKL: 0.000e+00 (0.000e+00)  TeacherAttnKL: 0.000e+00 (0.000e+00)  TeacherRel: 0.000e+00 (0.000e+00)  TeacherAttnOut: 0.000e+00 (0.000e+00)  TeacherFeatOut: 0.000e+00 (0.000e+00)  ActScaleAnchor: 0.000e+00 (0.000e+00)  VarTrust: 0.000e+00 (0.000e+00)  DirAnchor: 0.000e+00 (0.000e+00)  BinReg: 0.000e+00 (0.000e+00)  SelBinAnchor: 0.000e+00 (0.000e+00)  ActBinMargin: 0.000e+00 (0.000e+00)  Time: 0.218s, 2345.09/s  (0.223s, 2291.25/s)  LR: 8.716e-06  RefW: 0.000e+00  AnchorRefW: 0.000e+00  Data: 0.005 (0.007)
Train: 17 [1250/2502 ( 50%)]  Loss: 51.416279 (51.4009)  BaseLoss: 51.416279 (51.4009)  RefAttnKL: 0.000e+00 (0.000e+00)  RefLogitKL: 0.000e+00 (0.000e+00)  AnchorRefAttnKL: 0.000e+00 (0.000e+00)  TeacherAttnKL: 0.000e+00 (0.000e+00)  TeacherRel: 0.000e+00 (0.000e+00)  TeacherAttnOut: 0.000e+00 (0.000e+00)  TeacherFeatOut: 0.000e+00 (0.000e+00)  ActScaleAnchor: 0.000e+00 (0.000e+00)  VarTrust: 0.000e+00 (0.000e+00)  DirAnchor: 0.000e+00 (0.000e+00)  BinReg: 0.000e+00 (0.000e+00)  SelBinAnchor: 0.000e+00 (0.000e+00)  ActBinMargin: 0.000e+00 (0.000e+00)  Time: 0.223s, 2295.35/s  (0.223s, 2291.57/s)  LR: 8.706e-06  RefW: 0.000e+00  AnchorRefW: 0.000e+00  Data: 0.006 (0.007)
Train: 17 [1300/2502 ( 52%)]  Loss: 51.411221 (51.4013)  BaseLoss: 51.411221 (51.4013)  RefAttnKL: 0.000e+00 (0.000e+00)  RefLogitKL: 0.000e+00 (0.000e+00)  AnchorRefAttnKL: 0.000e+00 (0.000e+00)  TeacherAttnKL: 0.000e+00 (0.000e+00)  TeacherRel: 0.000e+00 (0.000e+00)  TeacherAttnOut: 0.000e+00 (0.000e+00)  TeacherFeatOut: 0.000e+00 (0.000e+00)  ActScaleAnchor: 0.000e+00 (0.000e+00)  VarTrust: 0.000e+00 (0.000e+00)  DirAnchor: 0.000e+00 (0.000e+00)  BinReg: 0.000e+00 (0.000e+00)  SelBinAnchor: 0.000e+00 (0.000e+00)  ActBinMargin: 0.000e+00 (0.000e+00)  Time: 0.223s, 2293.17/s  (0.223s, 2291.61/s)  LR: 8.696e-06  RefW: 0.000e+00  AnchorRefW: 0.000e+00  Data: 0.006 (0.007)
Train: 17 [1350/2502 ( 54%)]  Loss: 51.417950 (51.4019)  BaseLoss: 51.417950 (51.4019)  RefAttnKL: 0.000e+00 (0.000e+00)  RefLogitKL: 0.000e+00 (0.000e+00)  AnchorRefAttnKL: 0.000e+00 (0.000e+00)  TeacherAttnKL: 0.000e+00 (0.000e+00)  TeacherRel: 0.000e+00 (0.000e+00)  TeacherAttnOut: 0.000e+00 (0.000e+00)  TeacherFeatOut: 0.000e+00 (0.000e+00)  ActScaleAnchor: 0.000e+00 (0.000e+00)  VarTrust: 0.000e+00 (0.000e+00)  DirAnchor: 0.000e+00 (0.000e+00)  BinReg: 0.000e+00 (0.000e+00)  SelBinAnchor: 0.000e+00 (0.000e+00)  ActBinMargin: 0.000e+00 (0.000e+00)  Time: 0.224s, 2285.23/s  (0.223s, 2291.93/s)  LR: 8.686e-06  RefW: 0.000e+00  AnchorRefW: 0.000e+00  Data: 0.007 (0.007)
Train: 17 [1400/2502 ( 56%)]  Loss: 51.393642 (51.4016)  BaseLoss: 51.393642 (51.4016)  RefAttnKL: 0.000e+00 (0.000e+00)  RefLogitKL: 0.000e+00 (0.000e+00)  AnchorRefAttnKL: 0.000e+00 (0.000e+00)  TeacherAttnKL: 0.000e+00 (0.000e+00)  TeacherRel: 0.000e+00 (0.000e+00)  TeacherAttnOut: 0.000e+00 (0.000e+00)  TeacherFeatOut: 0.000e+00 (0.000e+00)  ActScaleAnchor: 0.000e+00 (0.000e+00)  VarTrust: 0.000e+00 (0.000e+00)  DirAnchor: 0.000e+00 (0.000e+00)  BinReg: 0.000e+00 (0.000e+00)  SelBinAnchor: 0.000e+00 (0.000e+00)  ActBinMargin: 0.000e+00 (0.000e+00)  Time: 0.223s, 2298.24/s  (0.223s, 2292.24/s)  LR: 8.676e-06  RefW: 0.000e+00  AnchorRefW: 0.000e+00  Data: 0.006 (0.007)
Train: 17 [1450/2502 ( 58%)]  Loss: 51.409035 (51.4018)  BaseLoss: 51.409035 (51.4018)  RefAttnKL: 0.000e+00 (0.000e+00)  RefLogitKL: 0.000e+00 (0.000e+00)  AnchorRefAttnKL: 0.000e+00 (0.000e+00)  TeacherAttnKL: 0.000e+00 (0.000e+00)  TeacherRel: 0.000e+00 (0.000e+00)  TeacherAttnOut: 0.000e+00 (0.000e+00)  TeacherFeatOut: 0.000e+00 (0.000e+00)  ActScaleAnchor: 0.000e+00 (0.000e+00)  VarTrust: 0.000e+00 (0.000e+00)  DirAnchor: 0.000e+00 (0.000e+00)  BinReg: 0.000e+00 (0.000e+00)  SelBinAnchor: 0.000e+00 (0.000e+00)  ActBinMargin: 0.000e+00 (0.000e+00)  Time: 0.223s, 2292.22/s  (0.223s, 2292.52/s)  LR: 8.666e-06  RefW: 0.000e+00  AnchorRefW: 0.000e+00  Data: 0.006 (0.007)
Train: 17 [1500/2502 ( 60%)]  Loss: 51.413189 (51.4022)  BaseLoss: 51.413189 (51.4022)  RefAttnKL: 0.000e+00 (0.000e+00)  RefLogitKL: 0.000e+00 (0.000e+00)  AnchorRefAttnKL: 0.000e+00 (0.000e+00)  TeacherAttnKL: 0.000e+00 (0.000e+00)  TeacherRel: 0.000e+00 (0.000e+00)  TeacherAttnOut: 0.000e+00 (0.000e+00)  TeacherFeatOut: 0.000e+00 (0.000e+00)  ActScaleAnchor: 0.000e+00 (0.000e+00)  VarTrust: 0.000e+00 (0.000e+00)  DirAnchor: 0.000e+00 (0.000e+00)  BinReg: 0.000e+00 (0.000e+00)  SelBinAnchor: 0.000e+00 (0.000e+00)  ActBinMargin: 0.000e+00 (0.000e+00)  Time: 0.224s, 2290.19/s  (0.223s, 2292.75/s)  LR: 8.655e-06  RefW: 0.000e+00  AnchorRefW: 0.000e+00  Data: 0.007 (0.007)
Train: 17 [1550/2502 ( 62%)]  Loss: 51.447605 (51.4036)  BaseLoss: 51.447605 (51.4036)  RefAttnKL: 0.000e+00 (0.000e+00)  RefLogitKL: 0.000e+00 (0.000e+00)  AnchorRefAttnKL: 0.000e+00 (0.000e+00)  TeacherAttnKL: 0.000e+00 (0.000e+00)  TeacherRel: 0.000e+00 (0.000e+00)  TeacherAttnOut: 0.000e+00 (0.000e+00)  TeacherFeatOut: 0.000e+00 (0.000e+00)  ActScaleAnchor: 0.000e+00 (0.000e+00)  VarTrust: 0.000e+00 (0.000e+00)  DirAnchor: 0.000e+00 (0.000e+00)  BinReg: 0.000e+00 (0.000e+00)  SelBinAnchor: 0.000e+00 (0.000e+00)  ActBinMargin: 0.000e+00 (0.000e+00)  Time: 0.223s, 2293.79/s  (0.223s, 2292.87/s)  LR: 8.645e-06  RefW: 0.000e+00  AnchorRefW: 0.000e+00  Data: 0.007 (0.007)
Train: 17 [1600/2502 ( 64%)]  Loss: 51.381920 (51.4030)  BaseLoss: 51.381920 (51.4030)  RefAttnKL: 0.000e+00 (0.000e+00)  RefLogitKL: 0.000e+00 (0.000e+00)  AnchorRefAttnKL: 0.000e+00 (0.000e+00)  TeacherAttnKL: 0.000e+00 (0.000e+00)  TeacherRel: 0.000e+00 (0.000e+00)  TeacherAttnOut: 0.000e+00 (0.000e+00)  TeacherFeatOut: 0.000e+00 (0.000e+00)  ActScaleAnchor: 0.000e+00 (0.000e+00)  VarTrust: 0.000e+00 (0.000e+00)  DirAnchor: 0.000e+00 (0.000e+00)  BinReg: 0.000e+00 (0.000e+00)  SelBinAnchor: 0.000e+00 (0.000e+00)  ActBinMargin: 0.000e+00 (0.000e+00)  Time: 0.222s, 2302.60/s  (0.223s, 2293.10/s)  LR: 8.635e-06  RefW: 0.000e+00  AnchorRefW: 0.000e+00  Data: 0.006 (0.007)
Train: 17 [1650/2502 ( 66%)]  Loss: 51.429604 (51.4038)  BaseLoss: 51.429604 (51.4038)  RefAttnKL: 0.000e+00 (0.000e+00)  RefLogitKL: 0.000e+00 (0.000e+00)  AnchorRefAttnKL: 0.000e+00 (0.000e+00)  TeacherAttnKL: 0.000e+00 (0.000e+00)  TeacherRel: 0.000e+00 (0.000e+00)  TeacherAttnOut: 0.000e+00 (0.000e+00)  TeacherFeatOut: 0.000e+00 (0.000e+00)  ActScaleAnchor: 0.000e+00 (0.000e+00)  VarTrust: 0.000e+00 (0.000e+00)  DirAnchor: 0.000e+00 (0.000e+00)  BinReg: 0.000e+00 (0.000e+00)  SelBinAnchor: 0.000e+00 (0.000e+00)  ActBinMargin: 0.000e+00 (0.000e+00)  Time: 0.224s, 2289.62/s  (0.223s, 2293.31/s)  LR: 8.625e-06  RefW: 0.000e+00  AnchorRefW: 0.000e+00  Data: 0.006 (0.007)
Train: 17 [1700/2502 ( 68%)]  Loss: 51.417023 (51.4041)  BaseLoss: 51.417023 (51.4041)  RefAttnKL: 0.000e+00 (0.000e+00)  RefLogitKL: 0.000e+00 (0.000e+00)  AnchorRefAttnKL: 0.000e+00 (0.000e+00)  TeacherAttnKL: 0.000e+00 (0.000e+00)  TeacherRel: 0.000e+00 (0.000e+00)  TeacherAttnOut: 0.000e+00 (0.000e+00)  TeacherFeatOut: 0.000e+00 (0.000e+00)  ActScaleAnchor: 0.000e+00 (0.000e+00)  VarTrust: 0.000e+00 (0.000e+00)  DirAnchor: 0.000e+00 (0.000e+00)  BinReg: 0.000e+00 (0.000e+00)  SelBinAnchor: 0.000e+00 (0.000e+00)  ActBinMargin: 0.000e+00 (0.000e+00)  Time: 0.229s, 2232.80/s  (0.223s, 2293.49/s)  LR: 8.615e-06  RefW: 0.000e+00  AnchorRefW: 0.000e+00  Data: 0.007 (0.007)
Train: 17 [1750/2502 ( 70%)]  Loss: 51.411667 (51.4043)  BaseLoss: 51.411667 (51.4043)  RefAttnKL: 0.000e+00 (0.000e+00)  RefLogitKL: 0.000e+00 (0.000e+00)  AnchorRefAttnKL: 0.000e+00 (0.000e+00)  TeacherAttnKL: 0.000e+00 (0.000e+00)  TeacherRel: 0.000e+00 (0.000e+00)  TeacherAttnOut: 0.000e+00 (0.000e+00)  TeacherFeatOut: 0.000e+00 (0.000e+00)  ActScaleAnchor: 0.000e+00 (0.000e+00)  VarTrust: 0.000e+00 (0.000e+00)  DirAnchor: 0.000e+00 (0.000e+00)  BinReg: 0.000e+00 (0.000e+00)  SelBinAnchor: 0.000e+00 (0.000e+00)  ActBinMargin: 0.000e+00 (0.000e+00)  Time: 0.223s, 2291.11/s  (0.223s, 2293.64/s)  LR: 8.605e-06  RefW: 0.000e+00  AnchorRefW: 0.000e+00  Data: 0.007 (0.007)
Train: 17 [1800/2502 ( 72%)]  Loss: 51.403175 (51.4043)  BaseLoss: 51.403175 (51.4043)  RefAttnKL: 0.000e+00 (0.000e+00)  RefLogitKL: 0.000e+00 (0.000e+00)  AnchorRefAttnKL: 0.000e+00 (0.000e+00)  TeacherAttnKL: 0.000e+00 (0.000e+00)  TeacherRel: 0.000e+00 (0.000e+00)  TeacherAttnOut: 0.000e+00 (0.000e+00)  TeacherFeatOut: 0.000e+00 (0.000e+00)  ActScaleAnchor: 0.000e+00 (0.000e+00)  VarTrust: 0.000e+00 (0.000e+00)  DirAnchor: 0.000e+00 (0.000e+00)  BinReg: 0.000e+00 (0.000e+00)  SelBinAnchor: 0.000e+00 (0.000e+00)  ActBinMargin: 0.000e+00 (0.000e+00)  Time: 0.223s, 2298.64/s  (0.223s, 2293.82/s)  LR: 8.595e-06  RefW: 0.000e+00  AnchorRefW: 0.000e+00  Data: 0.007 (0.007)
Train: 17 [1850/2502 ( 74%)]  Loss: 51.384315 (51.4038)  BaseLoss: 51.384315 (51.4038)  RefAttnKL: 0.000e+00 (0.000e+00)  RefLogitKL: 0.000e+00 (0.000e+00)  AnchorRefAttnKL: 0.000e+00 (0.000e+00)  TeacherAttnKL: 0.000e+00 (0.000e+00)  TeacherRel: 0.000e+00 (0.000e+00)  TeacherAttnOut: 0.000e+00 (0.000e+00)  TeacherFeatOut: 0.000e+00 (0.000e+00)  ActScaleAnchor: 0.000e+00 (0.000e+00)  VarTrust: 0.000e+00 (0.000e+00)  DirAnchor: 0.000e+00 (0.000e+00)  BinReg: 0.000e+00 (0.000e+00)  SelBinAnchor: 0.000e+00 (0.000e+00)  ActBinMargin: 0.000e+00 (0.000e+00)  Time: 0.224s, 2289.57/s  (0.223s, 2293.89/s)  LR: 8.585e-06  RefW: 0.000e+00  AnchorRefW: 0.000e+00  Data: 0.006 (0.007)
Train: 17 [1900/2502 ( 76%)]  Loss: 51.419117 (51.4042)  BaseLoss: 51.419117 (51.4042)  RefAttnKL: 0.000e+00 (0.000e+00)  RefLogitKL: 0.000e+00 (0.000e+00)  AnchorRefAttnKL: 0.000e+00 (0.000e+00)  TeacherAttnKL: 0.000e+00 (0.000e+00)  TeacherRel: 0.000e+00 (0.000e+00)  TeacherAttnOut: 0.000e+00 (0.000e+00)  TeacherFeatOut: 0.000e+00 (0.000e+00)  ActScaleAnchor: 0.000e+00 (0.000e+00)  VarTrust: 0.000e+00 (0.000e+00)  DirAnchor: 0.000e+00 (0.000e+00)  BinReg: 0.000e+00 (0.000e+00)  SelBinAnchor: 0.000e+00 (0.000e+00)  ActBinMargin: 0.000e+00 (0.000e+00)  Time: 0.224s, 2287.74/s  (0.223s, 2294.05/s)  LR: 8.575e-06  RefW: 0.000e+00  AnchorRefW: 0.000e+00  Data: 0.007 (0.007)
Train: 17 [1950/2502 ( 78%)]  Loss: 51.453495 (51.4054)  BaseLoss: 51.453495 (51.4054)  RefAttnKL: 0.000e+00 (0.000e+00)  RefLogitKL: 0.000e+00 (0.000e+00)  AnchorRefAttnKL: 0.000e+00 (0.000e+00)  TeacherAttnKL: 0.000e+00 (0.000e+00)  TeacherRel: 0.000e+00 (0.000e+00)  TeacherAttnOut: 0.000e+00 (0.000e+00)  TeacherFeatOut: 0.000e+00 (0.000e+00)  ActScaleAnchor: 0.000e+00 (0.000e+00)  VarTrust: 0.000e+00 (0.000e+00)  DirAnchor: 0.000e+00 (0.000e+00)  BinReg: 0.000e+00 (0.000e+00)  SelBinAnchor: 0.000e+00 (0.000e+00)  ActBinMargin: 0.000e+00 (0.000e+00)  Time: 0.224s, 2288.55/s  (0.223s, 2294.07/s)  LR: 8.565e-06  RefW: 0.000e+00  AnchorRefW: 0.000e+00  Data: 0.006 (0.007)
Train: 17 [2000/2502 ( 80%)]  Loss: 51.401192 (51.4053)  BaseLoss: 51.401192 (51.4053)  RefAttnKL: 0.000e+00 (0.000e+00)  RefLogitKL: 0.000e+00 (0.000e+00)  AnchorRefAttnKL: 0.000e+00 (0.000e+00)  TeacherAttnKL: 0.000e+00 (0.000e+00)  TeacherRel: 0.000e+00 (0.000e+00)  TeacherAttnOut: 0.000e+00 (0.000e+00)  TeacherFeatOut: 0.000e+00 (0.000e+00)  ActScaleAnchor: 0.000e+00 (0.000e+00)  VarTrust: 0.000e+00 (0.000e+00)  DirAnchor: 0.000e+00 (0.000e+00)  BinReg: 0.000e+00 (0.000e+00)  SelBinAnchor: 0.000e+00 (0.000e+00)  ActBinMargin: 0.000e+00 (0.000e+00)  Time: 0.223s, 2298.14/s  (0.223s, 2294.23/s)  LR: 8.555e-06  RefW: 0.000e+00  AnchorRefW: 0.000e+00  Data: 0.006 (0.007)
Train: 17 [2050/2502 ( 82%)]  Loss: 51.374660 (51.4046)  BaseLoss: 51.374660 (51.4046)  RefAttnKL: 0.000e+00 (0.000e+00)  RefLogitKL: 0.000e+00 (0.000e+00)  AnchorRefAttnKL: 0.000e+00 (0.000e+00)  TeacherAttnKL: 0.000e+00 (0.000e+00)  TeacherRel: 0.000e+00 (0.000e+00)  TeacherAttnOut: 0.000e+00 (0.000e+00)  TeacherFeatOut: 0.000e+00 (0.000e+00)  ActScaleAnchor: 0.000e+00 (0.000e+00)  VarTrust: 0.000e+00 (0.000e+00)  DirAnchor: 0.000e+00 (0.000e+00)  BinReg: 0.000e+00 (0.000e+00)  SelBinAnchor: 0.000e+00 (0.000e+00)  ActBinMargin: 0.000e+00 (0.000e+00)  Time: 0.238s, 2154.31/s  (0.223s, 2294.29/s)  LR: 8.545e-06  RefW: 0.000e+00  AnchorRefW: 0.000e+00  Data: 0.006 (0.007)
Train: 17 [2100/2502 ( 84%)]  Loss: 51.380005 (51.4040)  BaseLoss: 51.380005 (51.4040)  RefAttnKL: 0.000e+00 (0.000e+00)  RefLogitKL: 0.000e+00 (0.000e+00)  AnchorRefAttnKL: 0.000e+00 (0.000e+00)  TeacherAttnKL: 0.000e+00 (0.000e+00)  TeacherRel: 0.000e+00 (0.000e+00)  TeacherAttnOut: 0.000e+00 (0.000e+00)  TeacherFeatOut: 0.000e+00 (0.000e+00)  ActScaleAnchor: 0.000e+00 (0.000e+00)  VarTrust: 0.000e+00 (0.000e+00)  DirAnchor: 0.000e+00 (0.000e+00)  BinReg: 0.000e+00 (0.000e+00)  SelBinAnchor: 0.000e+00 (0.000e+00)  ActBinMargin: 0.000e+00 (0.000e+00)  Time: 0.223s, 2294.31/s  (0.223s, 2294.07/s)  LR: 8.535e-06  RefW: 0.000e+00  AnchorRefW: 0.000e+00  Data: 0.007 (0.007)
Train: 17 [2150/2502 ( 86%)]  Loss: 51.394222 (51.4038)  BaseLoss: 51.394222 (51.4038)  RefAttnKL: 0.000e+00 (0.000e+00)  RefLogitKL: 0.000e+00 (0.000e+00)  AnchorRefAttnKL: 0.000e+00 (0.000e+00)  TeacherAttnKL: 0.000e+00 (0.000e+00)  TeacherRel: 0.000e+00 (0.000e+00)  TeacherAttnOut: 0.000e+00 (0.000e+00)  TeacherFeatOut: 0.000e+00 (0.000e+00)  ActScaleAnchor: 0.000e+00 (0.000e+00)  VarTrust: 0.000e+00 (0.000e+00)  DirAnchor: 0.000e+00 (0.000e+00)  BinReg: 0.000e+00 (0.000e+00)  SelBinAnchor: 0.000e+00 (0.000e+00)  ActBinMargin: 0.000e+00 (0.000e+00)  Time: 0.223s, 2291.84/s  (0.223s, 2294.22/s)  LR: 8.525e-06  RefW: 0.000e+00  AnchorRefW: 0.000e+00  Data: 0.006 (0.007)
Train: 17 [2200/2502 ( 88%)]  Loss: 51.405739 (51.4038)  BaseLoss: 51.405739 (51.4038)  RefAttnKL: 0.000e+00 (0.000e+00)  RefLogitKL: 0.000e+00 (0.000e+00)  AnchorRefAttnKL: 0.000e+00 (0.000e+00)  TeacherAttnKL: 0.000e+00 (0.000e+00)  TeacherRel: 0.000e+00 (0.000e+00)  TeacherAttnOut: 0.000e+00 (0.000e+00)  TeacherFeatOut: 0.000e+00 (0.000e+00)  ActScaleAnchor: 0.000e+00 (0.000e+00)  VarTrust: 0.000e+00 (0.000e+00)  DirAnchor: 0.000e+00 (0.000e+00)  BinReg: 0.000e+00 (0.000e+00)  SelBinAnchor: 0.000e+00 (0.000e+00)  ActBinMargin: 0.000e+00 (0.000e+00)  Time: 0.224s, 2288.10/s  (0.223s, 2294.20/s)  LR: 8.515e-06  RefW: 0.000e+00  AnchorRefW: 0.000e+00  Data: 0.007 (0.007)
Train: 17 [2250/2502 ( 90%)]  Loss: 51.386581 (51.4035)  BaseLoss: 51.386581 (51.4035)  RefAttnKL: 0.000e+00 (0.000e+00)  RefLogitKL: 0.000e+00 (0.000e+00)  AnchorRefAttnKL: 0.000e+00 (0.000e+00)  TeacherAttnKL: 0.000e+00 (0.000e+00)  TeacherRel: 0.000e+00 (0.000e+00)  TeacherAttnOut: 0.000e+00 (0.000e+00)  TeacherFeatOut: 0.000e+00 (0.000e+00)  ActScaleAnchor: 0.000e+00 (0.000e+00)  VarTrust: 0.000e+00 (0.000e+00)  DirAnchor: 0.000e+00 (0.000e+00)  BinReg: 0.000e+00 (0.000e+00)  SelBinAnchor: 0.000e+00 (0.000e+00)  ActBinMargin: 0.000e+00 (0.000e+00)  Time: 0.224s, 2287.50/s  (0.223s, 2294.32/s)  LR: 8.505e-06  RefW: 0.000e+00  AnchorRefW: 0.000e+00  Data: 0.006 (0.007)
Train: 17 [2300/2502 ( 92%)]  Loss: 51.421795 (51.4038)  BaseLoss: 51.421795 (51.4038)  RefAttnKL: 0.000e+00 (0.000e+00)  RefLogitKL: 0.000e+00 (0.000e+00)  AnchorRefAttnKL: 0.000e+00 (0.000e+00)  TeacherAttnKL: 0.000e+00 (0.000e+00)  TeacherRel: 0.000e+00 (0.000e+00)  TeacherAttnOut: 0.000e+00 (0.000e+00)  TeacherFeatOut: 0.000e+00 (0.000e+00)  ActScaleAnchor: 0.000e+00 (0.000e+00)  VarTrust: 0.000e+00 (0.000e+00)  DirAnchor: 0.000e+00 (0.000e+00)  BinReg: 0.000e+00 (0.000e+00)  SelBinAnchor: 0.000e+00 (0.000e+00)  ActBinMargin: 0.000e+00 (0.000e+00)  Time: 0.223s, 2300.81/s  (0.223s, 2294.42/s)  LR: 8.495e-06  RefW: 0.000e+00  AnchorRefW: 0.000e+00  Data: 0.007 (0.007)
Train: 17 [2350/2502 ( 94%)]  Loss: 51.417805 (51.4041)  BaseLoss: 51.417805 (51.4041)  RefAttnKL: 0.000e+00 (0.000e+00)  RefLogitKL: 0.000e+00 (0.000e+00)  AnchorRefAttnKL: 0.000e+00 (0.000e+00)  TeacherAttnKL: 0.000e+00 (0.000e+00)  TeacherRel: 0.000e+00 (0.000e+00)  TeacherAttnOut: 0.000e+00 (0.000e+00)  TeacherFeatOut: 0.000e+00 (0.000e+00)  ActScaleAnchor: 0.000e+00 (0.000e+00)  VarTrust: 0.000e+00 (0.000e+00)  DirAnchor: 0.000e+00 (0.000e+00)  BinReg: 0.000e+00 (0.000e+00)  SelBinAnchor: 0.000e+00 (0.000e+00)  ActBinMargin: 0.000e+00 (0.000e+00)  Time: 0.223s, 2292.11/s  (0.223s, 2294.54/s)  LR: 8.485e-06  RefW: 0.000e+00  AnchorRefW: 0.000e+00  Data: 0.007 (0.007)
Train: 17 [2400/2502 ( 96%)]  Loss: 51.379139 (51.4036)  BaseLoss: 51.379139 (51.4036)  RefAttnKL: 0.000e+00 (0.000e+00)  RefLogitKL: 0.000e+00 (0.000e+00)  AnchorRefAttnKL: 0.000e+00 (0.000e+00)  TeacherAttnKL: 0.000e+00 (0.000e+00)  TeacherRel: 0.000e+00 (0.000e+00)  TeacherAttnOut: 0.000e+00 (0.000e+00)  TeacherFeatOut: 0.000e+00 (0.000e+00)  ActScaleAnchor: 0.000e+00 (0.000e+00)  VarTrust: 0.000e+00 (0.000e+00)  DirAnchor: 0.000e+00 (0.000e+00)  BinReg: 0.000e+00 (0.000e+00)  SelBinAnchor: 0.000e+00 (0.000e+00)  ActBinMargin: 0.000e+00 (0.000e+00)  Time: 0.223s, 2294.31/s  (0.223s, 2294.65/s)  LR: 8.475e-06  RefW: 0.000e+00  AnchorRefW: 0.000e+00  Data: 0.007 (0.007)
Train: 17 [2450/2502 ( 98%)]  Loss: 51.420807 (51.4040)  BaseLoss: 51.420807 (51.4040)  RefAttnKL: 0.000e+00 (0.000e+00)  RefLogitKL: 0.000e+00 (0.000e+00)  AnchorRefAttnKL: 0.000e+00 (0.000e+00)  TeacherAttnKL: 0.000e+00 (0.000e+00)  TeacherRel: 0.000e+00 (0.000e+00)  TeacherAttnOut: 0.000e+00 (0.000e+00)  TeacherFeatOut: 0.000e+00 (0.000e+00)  ActScaleAnchor: 0.000e+00 (0.000e+00)  VarTrust: 0.000e+00 (0.000e+00)  DirAnchor: 0.000e+00 (0.000e+00)  BinReg: 0.000e+00 (0.000e+00)  SelBinAnchor: 0.000e+00 (0.000e+00)  ActBinMargin: 0.000e+00 (0.000e+00)  Time: 0.224s, 2288.97/s  (0.223s, 2294.74/s)  LR: 8.465e-06  RefW: 0.000e+00  AnchorRefW: 0.000e+00  Data: 0.007 (0.007)
TrainSummary: epoch=17 updates=2496 avg_step_time=0.223107s samples_per_step=512 samples_per_sec=2294.87
epoch:  17 g['lr']:  8.456109166145324e-06
model eval
TestLocal: [   0/97]  Time: 0.927 (0.927)  Loss:  0.7315  Acc@1: 81.2500  Acc@5: 96.8750  Samples: 64
TestLocal: [  50/97]  Time: 0.091 (0.107)  Loss:  0.8234  Acc@1: 81.2194  Acc@5: 95.2512  Samples: 3264
TestLocal: [  97/97]  Time: 0.049 (0.098)  Loss:  0.8161  Acc@1: 81.1021  Acc@5: 95.2350  Samples: 6170
TestLocal: [ 100/97]  Time: 0.049 (0.097)  Loss:  0.8164  Acc@1: 81.1111  Acc@5: 95.2335  Samples: 6210
Test: [distributed-summary]  Time: 10.271s  Loss: 0.8391  Acc@1: 80.3180  Acc@5: 95.2560  Samples: 50000
Trainable parameter policy: epoch=18, quant_only=False, policy=all, trainable=28608256, frozen=0
AOQ explore scale ratio update: epoch=18, update=0, active=False, base_ratio=1.0, threshold_ratio=0.0, base_layers=(), selective_margin=0.0, base_quantizers=0, layer_ratios={}, layer_quantizers=0, layer_counts={}, quality_mode=none, quality_layers=(), quality_start_update=0, quality_min_frac=0.0, start_update=0, end_update=0
Trainable parameter update policy: epoch=18, update=0, mode=requires_grad, policy=all, trainable=28608256, frozen=0
Train: 18 [   0/2502 (  0%)]  Loss: 51.405811 (51.4058)  BaseLoss: 51.405811 (51.4058)  RefAttnKL: 0.000e+00 (0.000e+00)  RefLogitKL: 0.000e+00 (0.000e+00)  AnchorRefAttnKL: 0.000e+00 (0.000e+00)  TeacherAttnKL: 0.000e+00 (0.000e+00)  TeacherRel: 0.000e+00 (0.000e+00)  TeacherAttnOut: 0.000e+00 (0.000e+00)  TeacherFeatOut: 0.000e+00 (0.000e+00)  ActScaleAnchor: 0.000e+00 (0.000e+00)  VarTrust: 0.000e+00 (0.000e+00)  DirAnchor: 0.000e+00 (0.000e+00)  BinReg: 0.000e+00 (0.000e+00)  SelBinAnchor: 0.000e+00 (0.000e+00)  ActBinMargin: 0.000e+00 (0.000e+00)  Time: 0.914s,  560.25/s  (0.914s,  560.25/s)  LR: 8.455e-06  RefW: 0.000e+00  AnchorRefW: 0.000e+00  Data: 0.665 (0.665)
Train: 18 [  50/2502 (  2%)]  Loss: 51.372864 (51.3893)  BaseLoss: 51.372864 (51.3893)  RefAttnKL: 0.000e+00 (0.000e+00)  RefLogitKL: 0.000e+00 (0.000e+00)  AnchorRefAttnKL: 0.000e+00 (0.000e+00)  TeacherAttnKL: 0.000e+00 (0.000e+00)  TeacherRel: 0.000e+00 (0.000e+00)  TeacherAttnOut: 0.000e+00 (0.000e+00)  TeacherFeatOut: 0.000e+00 (0.000e+00)  ActScaleAnchor: 0.000e+00 (0.000e+00)  VarTrust: 0.000e+00 (0.000e+00)  DirAnchor: 0.000e+00 (0.000e+00)  BinReg: 0.000e+00 (0.000e+00)  SelBinAnchor: 0.000e+00 (0.000e+00)  ActBinMargin: 0.000e+00 (0.000e+00)  Time: 0.223s, 2296.00/s  (0.236s, 2167.23/s)  LR: 8.445e-06  RefW: 0.000e+00  AnchorRefW: 0.000e+00  Data: 0.006 (0.019)
Train: 18 [ 100/2502 (  4%)]  Loss: 51.423172 (51.4006)  BaseLoss: 51.423172 (51.4006)  RefAttnKL: 0.000e+00 (0.000e+00)  RefLogitKL: 0.000e+00 (0.000e+00)  AnchorRefAttnKL: 0.000e+00 (0.000e+00)  TeacherAttnKL: 0.000e+00 (0.000e+00)  TeacherRel: 0.000e+00 (0.000e+00)  TeacherAttnOut: 0.000e+00 (0.000e+00)  TeacherFeatOut: 0.000e+00 (0.000e+00)  ActScaleAnchor: 0.000e+00 (0.000e+00)  VarTrust: 0.000e+00 (0.000e+00)  DirAnchor: 0.000e+00 (0.000e+00)  BinReg: 0.000e+00 (0.000e+00)  SelBinAnchor: 0.000e+00 (0.000e+00)  ActBinMargin: 0.000e+00 (0.000e+00)  Time: 0.224s, 2288.88/s  (0.230s, 2230.81/s)  LR: 8.435e-06  RefW: 0.000e+00  AnchorRefW: 0.000e+00  Data: 0.007 (0.013)
Train: 18 [ 150/2502 (  6%)]  Loss: 51.383327 (51.3963)  BaseLoss: 51.383327 (51.3963)  RefAttnKL: 0.000e+00 (0.000e+00)  RefLogitKL: 0.000e+00 (0.000e+00)  AnchorRefAttnKL: 0.000e+00 (0.000e+00)  TeacherAttnKL: 0.000e+00 (0.000e+00)  TeacherRel: 0.000e+00 (0.000e+00)  TeacherAttnOut: 0.000e+00 (0.000e+00)  TeacherFeatOut: 0.000e+00 (0.000e+00)  ActScaleAnchor: 0.000e+00 (0.000e+00)  VarTrust: 0.000e+00 (0.000e+00)  DirAnchor: 0.000e+00 (0.000e+00)  BinReg: 0.000e+00 (0.000e+00)  SelBinAnchor: 0.000e+00 (0.000e+00)  ActBinMargin: 0.000e+00 (0.000e+00)  Time: 0.224s, 2289.64/s  (0.227s, 2253.29/s)  LR: 8.425e-06  RefW: 0.000e+00  AnchorRefW: 0.000e+00  Data: 0.005 (0.010)
Train: 18 [ 200/2502 (  8%)]  Loss: 51.393448 (51.3957)  BaseLoss: 51.393448 (51.3957)  RefAttnKL: 0.000e+00 (0.000e+00)  RefLogitKL: 0.000e+00 (0.000e+00)  AnchorRefAttnKL: 0.000e+00 (0.000e+00)  TeacherAttnKL: 0.000e+00 (0.000e+00)  TeacherRel: 0.000e+00 (0.000e+00)  TeacherAttnOut: 0.000e+00 (0.000e+00)  TeacherFeatOut: 0.000e+00 (0.000e+00)  ActScaleAnchor: 0.000e+00 (0.000e+00)  VarTrust: 0.000e+00 (0.000e+00)  DirAnchor: 0.000e+00 (0.000e+00)  BinReg: 0.000e+00 (0.000e+00)  SelBinAnchor: 0.000e+00 (0.000e+00)  ActBinMargin: 0.000e+00 (0.000e+00)  Time: 0.223s, 2294.29/s  (0.226s, 2264.90/s)  LR: 8.415e-06  RefW: 0.000e+00  AnchorRefW: 0.000e+00  Data: 0.006 (0.009)
Train: 18 [ 250/2502 ( 10%)]  Loss: 51.439461 (51.4030)  BaseLoss: 51.439461 (51.4030)  RefAttnKL: 0.000e+00 (0.000e+00)  RefLogitKL: 0.000e+00 (0.000e+00)  AnchorRefAttnKL: 0.000e+00 (0.000e+00)  TeacherAttnKL: 0.000e+00 (0.000e+00)  TeacherRel: 0.000e+00 (0.000e+00)  TeacherAttnOut: 0.000e+00 (0.000e+00)  TeacherFeatOut: 0.000e+00 (0.000e+00)  ActScaleAnchor: 0.000e+00 (0.000e+00)  VarTrust: 0.000e+00 (0.000e+00)  DirAnchor: 0.000e+00 (0.000e+00)  BinReg: 0.000e+00 (0.000e+00)  SelBinAnchor: 0.000e+00 (0.000e+00)  ActBinMargin: 0.000e+00 (0.000e+00)  Time: 0.222s, 2301.36/s  (0.225s, 2271.63/s)  LR: 8.405e-06  RefW: 0.000e+00  AnchorRefW: 0.000e+00  Data: 0.006 (0.009)
Train: 18 [ 300/2502 ( 12%)]  Loss: 51.417122 (51.4050)  BaseLoss: 51.417122 (51.4050)  RefAttnKL: 0.000e+00 (0.000e+00)  RefLogitKL: 0.000e+00 (0.000e+00)  AnchorRefAttnKL: 0.000e+00 (0.000e+00)  TeacherAttnKL: 0.000e+00 (0.000e+00)  TeacherRel: 0.000e+00 (0.000e+00)  TeacherAttnOut: 0.000e+00 (0.000e+00)  TeacherFeatOut: 0.000e+00 (0.000e+00)  ActScaleAnchor: 0.000e+00 (0.000e+00)  VarTrust: 0.000e+00 (0.000e+00)  DirAnchor: 0.000e+00 (0.000e+00)  BinReg: 0.000e+00 (0.000e+00)  SelBinAnchor: 0.000e+00 (0.000e+00)  ActBinMargin: 0.000e+00 (0.000e+00)  Time: 0.224s, 2288.81/s  (0.225s, 2276.37/s)  LR: 8.395e-06  RefW: 0.000e+00  AnchorRefW: 0.000e+00  Data: 0.007 (0.008)
Train: 18 [ 350/2502 ( 14%)]  Loss: 51.433651 (51.4086)  BaseLoss: 51.433651 (51.4086)  RefAttnKL: 0.000e+00 (0.000e+00)  RefLogitKL: 0.000e+00 (0.000e+00)  AnchorRefAttnKL: 0.000e+00 (0.000e+00)  TeacherAttnKL: 0.000e+00 (0.000e+00)  TeacherRel: 0.000e+00 (0.000e+00)  TeacherAttnOut: 0.000e+00 (0.000e+00)  TeacherFeatOut: 0.000e+00 (0.000e+00)  ActScaleAnchor: 0.000e+00 (0.000e+00)  VarTrust: 0.000e+00 (0.000e+00)  DirAnchor: 0.000e+00 (0.000e+00)  BinReg: 0.000e+00 (0.000e+00)  SelBinAnchor: 0.000e+00 (0.000e+00)  ActBinMargin: 0.000e+00 (0.000e+00)  Time: 0.223s, 2299.56/s  (0.225s, 2279.75/s)  LR: 8.385e-06  RefW: 0.000e+00  AnchorRefW: 0.000e+00  Data: 0.006 (0.008)
Train: 18 [ 400/2502 ( 16%)]  Loss: 51.420399 (51.4099)  BaseLoss: 51.420399 (51.4099)  RefAttnKL: 0.000e+00 (0.000e+00)  RefLogitKL: 0.000e+00 (0.000e+00)  AnchorRefAttnKL: 0.000e+00 (0.000e+00)  TeacherAttnKL: 0.000e+00 (0.000e+00)  TeacherRel: 0.000e+00 (0.000e+00)  TeacherAttnOut: 0.000e+00 (0.000e+00)  TeacherFeatOut: 0.000e+00 (0.000e+00)  ActScaleAnchor: 0.000e+00 (0.000e+00)  VarTrust: 0.000e+00 (0.000e+00)  DirAnchor: 0.000e+00 (0.000e+00)  BinReg: 0.000e+00 (0.000e+00)  SelBinAnchor: 0.000e+00 (0.000e+00)  ActBinMargin: 0.000e+00 (0.000e+00)  Time: 0.223s, 2293.84/s  (0.224s, 2282.36/s)  LR: 8.375e-06  RefW: 0.000e+00  AnchorRefW: 0.000e+00  Data: 0.007 (0.008)
Train: 18 [ 450/2502 ( 18%)]  Loss: 51.420353 (51.4110)  BaseLoss: 51.420353 (51.4110)  RefAttnKL: 0.000e+00 (0.000e+00)  RefLogitKL: 0.000e+00 (0.000e+00)  AnchorRefAttnKL: 0.000e+00 (0.000e+00)  TeacherAttnKL: 0.000e+00 (0.000e+00)  TeacherRel: 0.000e+00 (0.000e+00)  TeacherAttnOut: 0.000e+00 (0.000e+00)  TeacherFeatOut: 0.000e+00 (0.000e+00)  ActScaleAnchor: 0.000e+00 (0.000e+00)  VarTrust: 0.000e+00 (0.000e+00)  DirAnchor: 0.000e+00 (0.000e+00)  BinReg: 0.000e+00 (0.000e+00)  SelBinAnchor: 0.000e+00 (0.000e+00)  ActBinMargin: 0.000e+00 (0.000e+00)  Time: 0.223s, 2297.34/s  (0.224s, 2284.16/s)  LR: 8.365e-06  RefW: 0.000e+00  AnchorRefW: 0.000e+00  Data: 0.006 (0.008)
Train: 18 [ 500/2502 ( 20%)]  Loss: 51.425468 (51.4123)  BaseLoss: 51.425468 (51.4123)  RefAttnKL: 0.000e+00 (0.000e+00)  RefLogitKL: 0.000e+00 (0.000e+00)  AnchorRefAttnKL: 0.000e+00 (0.000e+00)  TeacherAttnKL: 0.000e+00 (0.000e+00)  TeacherRel: 0.000e+00 (0.000e+00)  TeacherAttnOut: 0.000e+00 (0.000e+00)  TeacherFeatOut: 0.000e+00 (0.000e+00)  ActScaleAnchor: 0.000e+00 (0.000e+00)  VarTrust: 0.000e+00 (0.000e+00)  DirAnchor: 0.000e+00 (0.000e+00)  BinReg: 0.000e+00 (0.000e+00)  SelBinAnchor: 0.000e+00 (0.000e+00)  ActBinMargin: 0.000e+00 (0.000e+00)  Time: 0.223s, 2292.26/s  (0.224s, 2285.77/s)  LR: 8.356e-06  RefW: 0.000e+00  AnchorRefW: 0.000e+00  Data: 0.007 (0.008)
Train: 18 [ 550/2502 ( 22%)]  Loss: 51.444107 (51.4149)  BaseLoss: 51.444107 (51.4149)  RefAttnKL: 0.000e+00 (0.000e+00)  RefLogitKL: 0.000e+00 (0.000e+00)  AnchorRefAttnKL: 0.000e+00 (0.000e+00)  TeacherAttnKL: 0.000e+00 (0.000e+00)  TeacherRel: 0.000e+00 (0.000e+00)  TeacherAttnOut: 0.000e+00 (0.000e+00)  TeacherFeatOut: 0.000e+00 (0.000e+00)  ActScaleAnchor: 0.000e+00 (0.000e+00)  VarTrust: 0.000e+00 (0.000e+00)  DirAnchor: 0.000e+00 (0.000e+00)  BinReg: 0.000e+00 (0.000e+00)  SelBinAnchor: 0.000e+00 (0.000e+00)  ActBinMargin: 0.000e+00 (0.000e+00)  Time: 0.223s, 2292.01/s  (0.224s, 2286.97/s)  LR: 8.346e-06  RefW: 0.000e+00  AnchorRefW: 0.000e+00  Data: 0.007 (0.007)
Train: 18 [ 600/2502 ( 24%)]  Loss: 51.354374 (51.4103)  BaseLoss: 51.354374 (51.4103)  RefAttnKL: 0.000e+00 (0.000e+00)  RefLogitKL: 0.000e+00 (0.000e+00)  AnchorRefAttnKL: 0.000e+00 (0.000e+00)  TeacherAttnKL: 0.000e+00 (0.000e+00)  TeacherRel: 0.000e+00 (0.000e+00)  TeacherAttnOut: 0.000e+00 (0.000e+00)  TeacherFeatOut: 0.000e+00 (0.000e+00)  ActScaleAnchor: 0.000e+00 (0.000e+00)  VarTrust: 0.000e+00 (0.000e+00)  DirAnchor: 0.000e+00 (0.000e+00)  BinReg: 0.000e+00 (0.000e+00)  SelBinAnchor: 0.000e+00 (0.000e+00)  ActBinMargin: 0.000e+00 (0.000e+00)  Time: 0.222s, 2301.30/s  (0.224s, 2288.13/s)  LR: 8.336e-06  RefW: 0.000e+00  AnchorRefW: 0.000e+00  Data: 0.007 (0.007)
Train: 18 [ 650/2502 ( 26%)]  Loss: 51.421398 (51.4111)  BaseLoss: 51.421398 (51.4111)  RefAttnKL: 0.000e+00 (0.000e+00)  RefLogitKL: 0.000e+00 (0.000e+00)  AnchorRefAttnKL: 0.000e+00 (0.000e+00)  TeacherAttnKL: 0.000e+00 (0.000e+00)  TeacherRel: 0.000e+00 (0.000e+00)  TeacherAttnOut: 0.000e+00 (0.000e+00)  TeacherFeatOut: 0.000e+00 (0.000e+00)  ActScaleAnchor: 0.000e+00 (0.000e+00)  VarTrust: 0.000e+00 (0.000e+00)  DirAnchor: 0.000e+00 (0.000e+00)  BinReg: 0.000e+00 (0.000e+00)  SelBinAnchor: 0.000e+00 (0.000e+00)  ActBinMargin: 0.000e+00 (0.000e+00)  Time: 0.223s, 2295.77/s  (0.224s, 2289.05/s)  LR: 8.326e-06  RefW: 0.000e+00  AnchorRefW: 0.000e+00  Data: 0.006 (0.007)
Train: 18 [ 700/2502 ( 28%)]  Loss: 51.358559 (51.4076)  BaseLoss: 51.358559 (51.4076)  RefAttnKL: 0.000e+00 (0.000e+00)  RefLogitKL: 0.000e+00 (0.000e+00)  AnchorRefAttnKL: 0.000e+00 (0.000e+00)  TeacherAttnKL: 0.000e+00 (0.000e+00)  TeacherRel: 0.000e+00 (0.000e+00)  TeacherAttnOut: 0.000e+00 (0.000e+00)  TeacherFeatOut: 0.000e+00 (0.000e+00)  ActScaleAnchor: 0.000e+00 (0.000e+00)  VarTrust: 0.000e+00 (0.000e+00)  DirAnchor: 0.000e+00 (0.000e+00)  BinReg: 0.000e+00 (0.000e+00)  SelBinAnchor: 0.000e+00 (0.000e+00)  ActBinMargin: 0.000e+00 (0.000e+00)  Time: 0.224s, 2283.03/s  (0.224s, 2289.83/s)  LR: 8.316e-06  RefW: 0.000e+00  AnchorRefW: 0.000e+00  Data: 0.006 (0.007)
Train: 18 [ 750/2502 ( 30%)]  Loss: 51.347054 (51.4038)  BaseLoss: 51.347054 (51.4038)  RefAttnKL: 0.000e+00 (0.000e+00)  RefLogitKL: 0.000e+00 (0.000e+00)  AnchorRefAttnKL: 0.000e+00 (0.000e+00)  TeacherAttnKL: 0.000e+00 (0.000e+00)  TeacherRel: 0.000e+00 (0.000e+00)  TeacherAttnOut: 0.000e+00 (0.000e+00)  TeacherFeatOut: 0.000e+00 (0.000e+00)  ActScaleAnchor: 0.000e+00 (0.000e+00)  VarTrust: 0.000e+00 (0.000e+00)  DirAnchor: 0.000e+00 (0.000e+00)  BinReg: 0.000e+00 (0.000e+00)  SelBinAnchor: 0.000e+00 (0.000e+00)  ActBinMargin: 0.000e+00 (0.000e+00)  Time: 0.223s, 2297.30/s  (0.224s, 2290.53/s)  LR: 8.306e-06  RefW: 0.000e+00  AnchorRefW: 0.000e+00  Data: 0.006 (0.007)
Train: 18 [ 800/2502 ( 32%)]  Loss: 51.391148 (51.4030)  BaseLoss: 51.391148 (51.4030)  RefAttnKL: 0.000e+00 (0.000e+00)  RefLogitKL: 0.000e+00 (0.000e+00)  AnchorRefAttnKL: 0.000e+00 (0.000e+00)  TeacherAttnKL: 0.000e+00 (0.000e+00)  TeacherRel: 0.000e+00 (0.000e+00)  TeacherAttnOut: 0.000e+00 (0.000e+00)  TeacherFeatOut: 0.000e+00 (0.000e+00)  ActScaleAnchor: 0.000e+00 (0.000e+00)  VarTrust: 0.000e+00 (0.000e+00)  DirAnchor: 0.000e+00 (0.000e+00)  BinReg: 0.000e+00 (0.000e+00)  SelBinAnchor: 0.000e+00 (0.000e+00)  ActBinMargin: 0.000e+00 (0.000e+00)  Time: 0.223s, 2294.96/s  (0.223s, 2291.14/s)  LR: 8.296e-06  RefW: 0.000e+00  AnchorRefW: 0.000e+00  Data: 0.007 (0.007)
Train: 18 [ 850/2502 ( 34%)]  Loss: 51.357925 (51.4005)  BaseLoss: 51.357925 (51.4005)  RefAttnKL: 0.000e+00 (0.000e+00)  RefLogitKL: 0.000e+00 (0.000e+00)  AnchorRefAttnKL: 0.000e+00 (0.000e+00)  TeacherAttnKL: 0.000e+00 (0.000e+00)  TeacherRel: 0.000e+00 (0.000e+00)  TeacherAttnOut: 0.000e+00 (0.000e+00)  TeacherFeatOut: 0.000e+00 (0.000e+00)  ActScaleAnchor: 0.000e+00 (0.000e+00)  VarTrust: 0.000e+00 (0.000e+00)  DirAnchor: 0.000e+00 (0.000e+00)  BinReg: 0.000e+00 (0.000e+00)  SelBinAnchor: 0.000e+00 (0.000e+00)  ActBinMargin: 0.000e+00 (0.000e+00)  Time: 0.248s, 2065.39/s  (0.223s, 2291.27/s)  LR: 8.287e-06  RefW: 0.000e+00  AnchorRefW: 0.000e+00  Data: 0.007 (0.007)
Train: 18 [ 900/2502 ( 36%)]  Loss: 51.397812 (51.4004)  BaseLoss: 51.397812 (51.4004)  RefAttnKL: 0.000e+00 (0.000e+00)  RefLogitKL: 0.000e+00 (0.000e+00)  AnchorRefAttnKL: 0.000e+00 (0.000e+00)  TeacherAttnKL: 0.000e+00 (0.000e+00)  TeacherRel: 0.000e+00 (0.000e+00)  TeacherAttnOut: 0.000e+00 (0.000e+00)  TeacherFeatOut: 0.000e+00 (0.000e+00)  ActScaleAnchor: 0.000e+00 (0.000e+00)  VarTrust: 0.000e+00 (0.000e+00)  DirAnchor: 0.000e+00 (0.000e+00)  BinReg: 0.000e+00 (0.000e+00)  SelBinAnchor: 0.000e+00 (0.000e+00)  ActBinMargin: 0.000e+00 (0.000e+00)  Time: 0.223s, 2293.07/s  (0.223s, 2291.55/s)  LR: 8.277e-06  RefW: 0.000e+00  AnchorRefW: 0.000e+00  Data: 0.007 (0.007)
Train: 18 [ 950/2502 ( 38%)]  Loss: 51.381779 (51.3995)  BaseLoss: 51.381779 (51.3995)  RefAttnKL: 0.000e+00 (0.000e+00)  RefLogitKL: 0.000e+00 (0.000e+00)  AnchorRefAttnKL: 0.000e+00 (0.000e+00)  TeacherAttnKL: 0.000e+00 (0.000e+00)  TeacherRel: 0.000e+00 (0.000e+00)  TeacherAttnOut: 0.000e+00 (0.000e+00)  TeacherFeatOut: 0.000e+00 (0.000e+00)  ActScaleAnchor: 0.000e+00 (0.000e+00)  VarTrust: 0.000e+00 (0.000e+00)  DirAnchor: 0.000e+00 (0.000e+00)  BinReg: 0.000e+00 (0.000e+00)  SelBinAnchor: 0.000e+00 (0.000e+00)  ActBinMargin: 0.000e+00 (0.000e+00)  Time: 0.223s, 2300.68/s  (0.223s, 2291.88/s)  LR: 8.267e-06  RefW: 0.000e+00  AnchorRefW: 0.000e+00  Data: 0.006 (0.007)
Train: 18 [1000/2502 ( 40%)]  Loss: 51.416172 (51.4003)  BaseLoss: 51.416172 (51.4003)  RefAttnKL: 0.000e+00 (0.000e+00)  RefLogitKL: 0.000e+00 (0.000e+00)  AnchorRefAttnKL: 0.000e+00 (0.000e+00)  TeacherAttnKL: 0.000e+00 (0.000e+00)  TeacherRel: 0.000e+00 (0.000e+00)  TeacherAttnOut: 0.000e+00 (0.000e+00)  TeacherFeatOut: 0.000e+00 (0.000e+00)  ActScaleAnchor: 0.000e+00 (0.000e+00)  VarTrust: 0.000e+00 (0.000e+00)  DirAnchor: 0.000e+00 (0.000e+00)  BinReg: 0.000e+00 (0.000e+00)  SelBinAnchor: 0.000e+00 (0.000e+00)  ActBinMargin: 0.000e+00 (0.000e+00)  Time: 0.223s, 2291.54/s  (0.223s, 2291.95/s)  LR: 8.257e-06  RefW: 0.000e+00  AnchorRefW: 0.000e+00  Data: 0.006 (0.007)
Train: 18 [1050/2502 ( 42%)]  Loss: 51.404167 (51.4004)  BaseLoss: 51.404167 (51.4004)  RefAttnKL: 0.000e+00 (0.000e+00)  RefLogitKL: 0.000e+00 (0.000e+00)  AnchorRefAttnKL: 0.000e+00 (0.000e+00)  TeacherAttnKL: 0.000e+00 (0.000e+00)  TeacherRel: 0.000e+00 (0.000e+00)  TeacherAttnOut: 0.000e+00 (0.000e+00)  TeacherFeatOut: 0.000e+00 (0.000e+00)  ActScaleAnchor: 0.000e+00 (0.000e+00)  VarTrust: 0.000e+00 (0.000e+00)  DirAnchor: 0.000e+00 (0.000e+00)  BinReg: 0.000e+00 (0.000e+00)  SelBinAnchor: 0.000e+00 (0.000e+00)  ActBinMargin: 0.000e+00 (0.000e+00)  Time: 0.223s, 2297.32/s  (0.223s, 2292.35/s)  LR: 8.247e-06  RefW: 0.000e+00  AnchorRefW: 0.000e+00  Data: 0.006 (0.007)
Train: 18 [1100/2502 ( 44%)]  Loss: 51.353119 (51.3984)  BaseLoss: 51.353119 (51.3984)  RefAttnKL: 0.000e+00 (0.000e+00)  RefLogitKL: 0.000e+00 (0.000e+00)  AnchorRefAttnKL: 0.000e+00 (0.000e+00)  TeacherAttnKL: 0.000e+00 (0.000e+00)  TeacherRel: 0.000e+00 (0.000e+00)  TeacherAttnOut: 0.000e+00 (0.000e+00)  TeacherFeatOut: 0.000e+00 (0.000e+00)  ActScaleAnchor: 0.000e+00 (0.000e+00)  VarTrust: 0.000e+00 (0.000e+00)  DirAnchor: 0.000e+00 (0.000e+00)  BinReg: 0.000e+00 (0.000e+00)  SelBinAnchor: 0.000e+00 (0.000e+00)  ActBinMargin: 0.000e+00 (0.000e+00)  Time: 0.224s, 2290.60/s  (0.223s, 2292.65/s)  LR: 8.238e-06  RefW: 0.000e+00  AnchorRefW: 0.000e+00  Data: 0.007 (0.007)
Train: 18 [1150/2502 ( 46%)]  Loss: 51.406876 (51.3987)  BaseLoss: 51.406876 (51.3987)  RefAttnKL: 0.000e+00 (0.000e+00)  RefLogitKL: 0.000e+00 (0.000e+00)  AnchorRefAttnKL: 0.000e+00 (0.000e+00)  TeacherAttnKL: 0.000e+00 (0.000e+00)  TeacherRel: 0.000e+00 (0.000e+00)  TeacherAttnOut: 0.000e+00 (0.000e+00)  TeacherFeatOut: 0.000e+00 (0.000e+00)  ActScaleAnchor: 0.000e+00 (0.000e+00)  VarTrust: 0.000e+00 (0.000e+00)  DirAnchor: 0.000e+00 (0.000e+00)  BinReg: 0.000e+00 (0.000e+00)  SelBinAnchor: 0.000e+00 (0.000e+00)  ActBinMargin: 0.000e+00 (0.000e+00)  Time: 0.223s, 2295.30/s  (0.223s, 2292.99/s)  LR: 8.228e-06  RefW: 0.000e+00  AnchorRefW: 0.000e+00  Data: 0.005 (0.007)
Train: 18 [1200/2502 ( 48%)]  Loss: 51.375832 (51.3978)  BaseLoss: 51.375832 (51.3978)  RefAttnKL: 0.000e+00 (0.000e+00)  RefLogitKL: 0.000e+00 (0.000e+00)  AnchorRefAttnKL: 0.000e+00 (0.000e+00)  TeacherAttnKL: 0.000e+00 (0.000e+00)  TeacherRel: 0.000e+00 (0.000e+00)  TeacherAttnOut: 0.000e+00 (0.000e+00)  TeacherFeatOut: 0.000e+00 (0.000e+00)  ActScaleAnchor: 0.000e+00 (0.000e+00)  VarTrust: 0.000e+00 (0.000e+00)  DirAnchor: 0.000e+00 (0.000e+00)  BinReg: 0.000e+00 (0.000e+00)  SelBinAnchor: 0.000e+00 (0.000e+00)  ActBinMargin: 0.000e+00 (0.000e+00)  Time: 0.223s, 2292.93/s  (0.223s, 2292.94/s)  LR: 8.218e-06  RefW: 0.000e+00  AnchorRefW: 0.000e+00  Data: 0.007 (0.007)
Train: 18 [1250/2502 ( 50%)]  Loss: 51.418613 (51.3986)  BaseLoss: 51.418613 (51.3986)  RefAttnKL: 0.000e+00 (0.000e+00)  RefLogitKL: 0.000e+00 (0.000e+00)  AnchorRefAttnKL: 0.000e+00 (0.000e+00)  TeacherAttnKL: 0.000e+00 (0.000e+00)  TeacherRel: 0.000e+00 (0.000e+00)  TeacherAttnOut: 0.000e+00 (0.000e+00)  TeacherFeatOut: 0.000e+00 (0.000e+00)  ActScaleAnchor: 0.000e+00 (0.000e+00)  VarTrust: 0.000e+00 (0.000e+00)  DirAnchor: 0.000e+00 (0.000e+00)  BinReg: 0.000e+00 (0.000e+00)  SelBinAnchor: 0.000e+00 (0.000e+00)  ActBinMargin: 0.000e+00 (0.000e+00)  Time: 0.223s, 2296.14/s  (0.223s, 2293.26/s)  LR: 8.208e-06  RefW: 0.000e+00  AnchorRefW: 0.000e+00  Data: 0.006 (0.007)
Train: 18 [1300/2502 ( 52%)]  Loss: 51.416046 (51.3993)  BaseLoss: 51.416046 (51.3993)  RefAttnKL: 0.000e+00 (0.000e+00)  RefLogitKL: 0.000e+00 (0.000e+00)  AnchorRefAttnKL: 0.000e+00 (0.000e+00)  TeacherAttnKL: 0.000e+00 (0.000e+00)  TeacherRel: 0.000e+00 (0.000e+00)  TeacherAttnOut: 0.000e+00 (0.000e+00)  TeacherFeatOut: 0.000e+00 (0.000e+00)  ActScaleAnchor: 0.000e+00 (0.000e+00)  VarTrust: 0.000e+00 (0.000e+00)  DirAnchor: 0.000e+00 (0.000e+00)  BinReg: 0.000e+00 (0.000e+00)  SelBinAnchor: 0.000e+00 (0.000e+00)  ActBinMargin: 0.000e+00 (0.000e+00)  Time: 0.223s, 2292.70/s  (0.223s, 2293.28/s)  LR: 8.198e-06  RefW: 0.000e+00  AnchorRefW: 0.000e+00  Data: 0.007 (0.007)
Train: 18 [1350/2502 ( 54%)]  Loss: 51.416897 (51.3999)  BaseLoss: 51.416897 (51.3999)  RefAttnKL: 0.000e+00 (0.000e+00)  RefLogitKL: 0.000e+00 (0.000e+00)  AnchorRefAttnKL: 0.000e+00 (0.000e+00)  TeacherAttnKL: 0.000e+00 (0.000e+00)  TeacherRel: 0.000e+00 (0.000e+00)  TeacherAttnOut: 0.000e+00 (0.000e+00)  TeacherFeatOut: 0.000e+00 (0.000e+00)  ActScaleAnchor: 0.000e+00 (0.000e+00)  VarTrust: 0.000e+00 (0.000e+00)  DirAnchor: 0.000e+00 (0.000e+00)  BinReg: 0.000e+00 (0.000e+00)  SelBinAnchor: 0.000e+00 (0.000e+00)  ActBinMargin: 0.000e+00 (0.000e+00)  Time: 0.223s, 2293.32/s  (0.223s, 2293.55/s)  LR: 8.189e-06  RefW: 0.000e+00  AnchorRefW: 0.000e+00  Data: 0.006 (0.007)
Train: 18 [1400/2502 ( 56%)]  Loss: 51.418945 (51.4005)  BaseLoss: 51.418945 (51.4005)  RefAttnKL: 0.000e+00 (0.000e+00)  RefLogitKL: 0.000e+00 (0.000e+00)  AnchorRefAttnKL: 0.000e+00 (0.000e+00)  TeacherAttnKL: 0.000e+00 (0.000e+00)  TeacherRel: 0.000e+00 (0.000e+00)  TeacherAttnOut: 0.000e+00 (0.000e+00)  TeacherFeatOut: 0.000e+00 (0.000e+00)  ActScaleAnchor: 0.000e+00 (0.000e+00)  VarTrust: 0.000e+00 (0.000e+00)  DirAnchor: 0.000e+00 (0.000e+00)  BinReg: 0.000e+00 (0.000e+00)  SelBinAnchor: 0.000e+00 (0.000e+00)  ActBinMargin: 0.000e+00 (0.000e+00)  Time: 0.223s, 2294.49/s  (0.223s, 2293.71/s)  LR: 8.179e-06  RefW: 0.000e+00  AnchorRefW: 0.000e+00  Data: 0.007 (0.007)
Train: 18 [1450/2502 ( 58%)]  Loss: 51.419373 (51.4012)  BaseLoss: 51.419373 (51.4012)  RefAttnKL: 0.000e+00 (0.000e+00)  RefLogitKL: 0.000e+00 (0.000e+00)  AnchorRefAttnKL: 0.000e+00 (0.000e+00)  TeacherAttnKL: 0.000e+00 (0.000e+00)  TeacherRel: 0.000e+00 (0.000e+00)  TeacherAttnOut: 0.000e+00 (0.000e+00)  TeacherFeatOut: 0.000e+00 (0.000e+00)  ActScaleAnchor: 0.000e+00 (0.000e+00)  VarTrust: 0.000e+00 (0.000e+00)  DirAnchor: 0.000e+00 (0.000e+00)  BinReg: 0.000e+00 (0.000e+00)  SelBinAnchor: 0.000e+00 (0.000e+00)  ActBinMargin: 0.000e+00 (0.000e+00)  Time: 0.223s, 2292.92/s  (0.223s, 2293.77/s)  LR: 8.169e-06  RefW: 0.000e+00  AnchorRefW: 0.000e+00  Data: 0.006 (0.007)
Train: 18 [1500/2502 ( 60%)]  Loss: 51.404270 (51.4013)  BaseLoss: 51.404270 (51.4013)  RefAttnKL: 0.000e+00 (0.000e+00)  RefLogitKL: 0.000e+00 (0.000e+00)  AnchorRefAttnKL: 0.000e+00 (0.000e+00)  TeacherAttnKL: 0.000e+00 (0.000e+00)  TeacherRel: 0.000e+00 (0.000e+00)  TeacherAttnOut: 0.000e+00 (0.000e+00)  TeacherFeatOut: 0.000e+00 (0.000e+00)  ActScaleAnchor: 0.000e+00 (0.000e+00)  VarTrust: 0.000e+00 (0.000e+00)  DirAnchor: 0.000e+00 (0.000e+00)  BinReg: 0.000e+00 (0.000e+00)  SelBinAnchor: 0.000e+00 (0.000e+00)  ActBinMargin: 0.000e+00 (0.000e+00)  Time: 0.223s, 2294.31/s  (0.223s, 2294.01/s)  LR: 8.159e-06  RefW: 0.000e+00  AnchorRefW: 0.000e+00  Data: 0.007 (0.007)
Train: 18 [1550/2502 ( 62%)]  Loss: 51.398449 (51.4012)  BaseLoss: 51.398449 (51.4012)  RefAttnKL: 0.000e+00 (0.000e+00)  RefLogitKL: 0.000e+00 (0.000e+00)  AnchorRefAttnKL: 0.000e+00 (0.000e+00)  TeacherAttnKL: 0.000e+00 (0.000e+00)  TeacherRel: 0.000e+00 (0.000e+00)  TeacherAttnOut: 0.000e+00 (0.000e+00)  TeacherFeatOut: 0.000e+00 (0.000e+00)  ActScaleAnchor: 0.000e+00 (0.000e+00)  VarTrust: 0.000e+00 (0.000e+00)  DirAnchor: 0.000e+00 (0.000e+00)  BinReg: 0.000e+00 (0.000e+00)  SelBinAnchor: 0.000e+00 (0.000e+00)  ActBinMargin: 0.000e+00 (0.000e+00)  Time: 0.223s, 2294.15/s  (0.223s, 2294.15/s)  LR: 8.150e-06  RefW: 0.000e+00  AnchorRefW: 0.000e+00  Data: 0.006 (0.007)
Train: 18 [1600/2502 ( 64%)]  Loss: 51.383766 (51.4007)  BaseLoss: 51.383766 (51.4007)  RefAttnKL: 0.000e+00 (0.000e+00)  RefLogitKL: 0.000e+00 (0.000e+00)  AnchorRefAttnKL: 0.000e+00 (0.000e+00)  TeacherAttnKL: 0.000e+00 (0.000e+00)  TeacherRel: 0.000e+00 (0.000e+00)  TeacherAttnOut: 0.000e+00 (0.000e+00)  TeacherFeatOut: 0.000e+00 (0.000e+00)  ActScaleAnchor: 0.000e+00 (0.000e+00)  VarTrust: 0.000e+00 (0.000e+00)  DirAnchor: 0.000e+00 (0.000e+00)  BinReg: 0.000e+00 (0.000e+00)  SelBinAnchor: 0.000e+00 (0.000e+00)  ActBinMargin: 0.000e+00 (0.000e+00)  Time: 0.223s, 2294.36/s  (0.223s, 2294.33/s)  LR: 8.140e-06  RefW: 0.000e+00  AnchorRefW: 0.000e+00  Data: 0.006 (0.007)
Train: 18 [1650/2502 ( 66%)]  Loss: 51.423340 (51.4013)  BaseLoss: 51.423340 (51.4013)  RefAttnKL: 0.000e+00 (0.000e+00)  RefLogitKL: 0.000e+00 (0.000e+00)  AnchorRefAttnKL: 0.000e+00 (0.000e+00)  TeacherAttnKL: 0.000e+00 (0.000e+00)  TeacherRel: 0.000e+00 (0.000e+00)  TeacherAttnOut: 0.000e+00 (0.000e+00)  TeacherFeatOut: 0.000e+00 (0.000e+00)  ActScaleAnchor: 0.000e+00 (0.000e+00)  VarTrust: 0.000e+00 (0.000e+00)  DirAnchor: 0.000e+00 (0.000e+00)  BinReg: 0.000e+00 (0.000e+00)  SelBinAnchor: 0.000e+00 (0.000e+00)  ActBinMargin: 0.000e+00 (0.000e+00)  Time: 0.223s, 2296.00/s  (0.223s, 2294.47/s)  LR: 8.130e-06  RefW: 0.000e+00  AnchorRefW: 0.000e+00  Data: 0.006 (0.007)
Train: 18 [1700/2502 ( 68%)]  Loss: 51.406342 (51.4015)  BaseLoss: 51.406342 (51.4015)  RefAttnKL: 0.000e+00 (0.000e+00)  RefLogitKL: 0.000e+00 (0.000e+00)  AnchorRefAttnKL: 0.000e+00 (0.000e+00)  TeacherAttnKL: 0.000e+00 (0.000e+00)  TeacherRel: 0.000e+00 (0.000e+00)  TeacherAttnOut: 0.000e+00 (0.000e+00)  TeacherFeatOut: 0.000e+00 (0.000e+00)  ActScaleAnchor: 0.000e+00 (0.000e+00)  VarTrust: 0.000e+00 (0.000e+00)  DirAnchor: 0.000e+00 (0.000e+00)  BinReg: 0.000e+00 (0.000e+00)  SelBinAnchor: 0.000e+00 (0.000e+00)  ActBinMargin: 0.000e+00 (0.000e+00)  Time: 0.223s, 2294.19/s  (0.223s, 2294.66/s)  LR: 8.121e-06  RefW: 0.000e+00  AnchorRefW: 0.000e+00  Data: 0.007 (0.007)
Train: 18 [1750/2502 ( 70%)]  Loss: 51.405338 (51.4016)  BaseLoss: 51.405338 (51.4016)  RefAttnKL: 0.000e+00 (0.000e+00)  RefLogitKL: 0.000e+00 (0.000e+00)  AnchorRefAttnKL: 0.000e+00 (0.000e+00)  TeacherAttnKL: 0.000e+00 (0.000e+00)  TeacherRel: 0.000e+00 (0.000e+00)  TeacherAttnOut: 0.000e+00 (0.000e+00)  TeacherFeatOut: 0.000e+00 (0.000e+00)  ActScaleAnchor: 0.000e+00 (0.000e+00)  VarTrust: 0.000e+00 (0.000e+00)  DirAnchor: 0.000e+00 (0.000e+00)  BinReg: 0.000e+00 (0.000e+00)  SelBinAnchor: 0.000e+00 (0.000e+00)  ActBinMargin: 0.000e+00 (0.000e+00)  Time: 0.224s, 2288.61/s  (0.223s, 2294.45/s)  LR: 8.111e-06  RefW: 0.000e+00  AnchorRefW: 0.000e+00  Data: 0.006 (0.007)
Train: 18 [1800/2502 ( 72%)]  Loss: 51.431274 (51.4024)  BaseLoss: 51.431274 (51.4024)  RefAttnKL: 0.000e+00 (0.000e+00)  RefLogitKL: 0.000e+00 (0.000e+00)  AnchorRefAttnKL: 0.000e+00 (0.000e+00)  TeacherAttnKL: 0.000e+00 (0.000e+00)  TeacherRel: 0.000e+00 (0.000e+00)  TeacherAttnOut: 0.000e+00 (0.000e+00)  TeacherFeatOut: 0.000e+00 (0.000e+00)  ActScaleAnchor: 0.000e+00 (0.000e+00)  VarTrust: 0.000e+00 (0.000e+00)  DirAnchor: 0.000e+00 (0.000e+00)  BinReg: 0.000e+00 (0.000e+00)  SelBinAnchor: 0.000e+00 (0.000e+00)  ActBinMargin: 0.000e+00 (0.000e+00)  Time: 0.223s, 2296.95/s  (0.223s, 2294.63/s)  LR: 8.101e-06  RefW: 0.000e+00  AnchorRefW: 0.000e+00  Data: 0.006 (0.007)
Train: 18 [1850/2502 ( 74%)]  Loss: 51.405190 (51.4025)  BaseLoss: 51.405190 (51.4025)  RefAttnKL: 0.000e+00 (0.000e+00)  RefLogitKL: 0.000e+00 (0.000e+00)  AnchorRefAttnKL: 0.000e+00 (0.000e+00)  TeacherAttnKL: 0.000e+00 (0.000e+00)  TeacherRel: 0.000e+00 (0.000e+00)  TeacherAttnOut: 0.000e+00 (0.000e+00)  TeacherFeatOut: 0.000e+00 (0.000e+00)  ActScaleAnchor: 0.000e+00 (0.000e+00)  VarTrust: 0.000e+00 (0.000e+00)  DirAnchor: 0.000e+00 (0.000e+00)  BinReg: 0.000e+00 (0.000e+00)  SelBinAnchor: 0.000e+00 (0.000e+00)  ActBinMargin: 0.000e+00 (0.000e+00)  Time: 0.224s, 2290.61/s  (0.223s, 2294.69/s)  LR: 8.092e-06  RefW: 0.000e+00  AnchorRefW: 0.000e+00  Data: 0.006 (0.007)
Train: 18 [1900/2502 ( 76%)]  Loss: 51.432117 (51.4032)  BaseLoss: 51.432117 (51.4032)  RefAttnKL: 0.000e+00 (0.000e+00)  RefLogitKL: 0.000e+00 (0.000e+00)  AnchorRefAttnKL: 0.000e+00 (0.000e+00)  TeacherAttnKL: 0.000e+00 (0.000e+00)  TeacherRel: 0.000e+00 (0.000e+00)  TeacherAttnOut: 0.000e+00 (0.000e+00)  TeacherFeatOut: 0.000e+00 (0.000e+00)  ActScaleAnchor: 0.000e+00 (0.000e+00)  VarTrust: 0.000e+00 (0.000e+00)  DirAnchor: 0.000e+00 (0.000e+00)  BinReg: 0.000e+00 (0.000e+00)  SelBinAnchor: 0.000e+00 (0.000e+00)  ActBinMargin: 0.000e+00 (0.000e+00)  Time: 0.224s, 2283.97/s  (0.223s, 2294.84/s)  LR: 8.082e-06  RefW: 0.000e+00  AnchorRefW: 0.000e+00  Data: 0.007 (0.007)
Train: 18 [1950/2502 ( 78%)]  Loss: 51.450760 (51.4044)  BaseLoss: 51.450760 (51.4044)  RefAttnKL: 0.000e+00 (0.000e+00)  RefLogitKL: 0.000e+00 (0.000e+00)  AnchorRefAttnKL: 0.000e+00 (0.000e+00)  TeacherAttnKL: 0.000e+00 (0.000e+00)  TeacherRel: 0.000e+00 (0.000e+00)  TeacherAttnOut: 0.000e+00 (0.000e+00)  TeacherFeatOut: 0.000e+00 (0.000e+00)  ActScaleAnchor: 0.000e+00 (0.000e+00)  VarTrust: 0.000e+00 (0.000e+00)  DirAnchor: 0.000e+00 (0.000e+00)  BinReg: 0.000e+00 (0.000e+00)  SelBinAnchor: 0.000e+00 (0.000e+00)  ActBinMargin: 0.000e+00 (0.000e+00)  Time: 0.223s, 2293.00/s  (0.223s, 2294.92/s)  LR: 8.072e-06  RefW: 0.000e+00  AnchorRefW: 0.000e+00  Data: 0.006 (0.007)
Train: 18 [2000/2502 ( 80%)]  Loss: 51.419926 (51.4048)  BaseLoss: 51.419926 (51.4048)  RefAttnKL: 0.000e+00 (0.000e+00)  RefLogitKL: 0.000e+00 (0.000e+00)  AnchorRefAttnKL: 0.000e+00 (0.000e+00)  TeacherAttnKL: 0.000e+00 (0.000e+00)  TeacherRel: 0.000e+00 (0.000e+00)  TeacherAttnOut: 0.000e+00 (0.000e+00)  TeacherFeatOut: 0.000e+00 (0.000e+00)  ActScaleAnchor: 0.000e+00 (0.000e+00)  VarTrust: 0.000e+00 (0.000e+00)  DirAnchor: 0.000e+00 (0.000e+00)  BinReg: 0.000e+00 (0.000e+00)  SelBinAnchor: 0.000e+00 (0.000e+00)  ActBinMargin: 0.000e+00 (0.000e+00)  Time: 0.223s, 2294.18/s  (0.223s, 2295.08/s)  LR: 8.063e-06  RefW: 0.000e+00  AnchorRefW: 0.000e+00  Data: 0.007 (0.007)
Train: 18 [2050/2502 ( 82%)]  Loss: 51.363216 (51.4038)  BaseLoss: 51.363216 (51.4038)  RefAttnKL: 0.000e+00 (0.000e+00)  RefLogitKL: 0.000e+00 (0.000e+00)  AnchorRefAttnKL: 0.000e+00 (0.000e+00)  TeacherAttnKL: 0.000e+00 (0.000e+00)  TeacherRel: 0.000e+00 (0.000e+00)  TeacherAttnOut: 0.000e+00 (0.000e+00)  TeacherFeatOut: 0.000e+00 (0.000e+00)  ActScaleAnchor: 0.000e+00 (0.000e+00)  VarTrust: 0.000e+00 (0.000e+00)  DirAnchor: 0.000e+00 (0.000e+00)  BinReg: 0.000e+00 (0.000e+00)  SelBinAnchor: 0.000e+00 (0.000e+00)  ActBinMargin: 0.000e+00 (0.000e+00)  Time: 0.224s, 2288.75/s  (0.223s, 2295.21/s)  LR: 8.053e-06  RefW: 0.000e+00  AnchorRefW: 0.000e+00  Data: 0.006 (0.007)
Train: 18 [2100/2502 ( 84%)]  Loss: 51.372917 (51.4031)  BaseLoss: 51.372917 (51.4031)  RefAttnKL: 0.000e+00 (0.000e+00)  RefLogitKL: 0.000e+00 (0.000e+00)  AnchorRefAttnKL: 0.000e+00 (0.000e+00)  TeacherAttnKL: 0.000e+00 (0.000e+00)  TeacherRel: 0.000e+00 (0.000e+00)  TeacherAttnOut: 0.000e+00 (0.000e+00)  TeacherFeatOut: 0.000e+00 (0.000e+00)  ActScaleAnchor: 0.000e+00 (0.000e+00)  VarTrust: 0.000e+00 (0.000e+00)  DirAnchor: 0.000e+00 (0.000e+00)  BinReg: 0.000e+00 (0.000e+00)  SelBinAnchor: 0.000e+00 (0.000e+00)  ActBinMargin: 0.000e+00 (0.000e+00)  Time: 0.223s, 2296.46/s  (0.223s, 2295.21/s)  LR: 8.043e-06  RefW: 0.000e+00  AnchorRefW: 0.000e+00  Data: 0.007 (0.007)
Train: 18 [2150/2502 ( 86%)]  Loss: 51.392433 (51.4028)  BaseLoss: 51.392433 (51.4028)  RefAttnKL: 0.000e+00 (0.000e+00)  RefLogitKL: 0.000e+00 (0.000e+00)  AnchorRefAttnKL: 0.000e+00 (0.000e+00)  TeacherAttnKL: 0.000e+00 (0.000e+00)  TeacherRel: 0.000e+00 (0.000e+00)  TeacherAttnOut: 0.000e+00 (0.000e+00)  TeacherFeatOut: 0.000e+00 (0.000e+00)  ActScaleAnchor: 0.000e+00 (0.000e+00)  VarTrust: 0.000e+00 (0.000e+00)  DirAnchor: 0.000e+00 (0.000e+00)  BinReg: 0.000e+00 (0.000e+00)  SelBinAnchor: 0.000e+00 (0.000e+00)  ActBinMargin: 0.000e+00 (0.000e+00)  Time: 0.223s, 2292.04/s  (0.223s, 2295.31/s)  LR: 8.034e-06  RefW: 0.000e+00  AnchorRefW: 0.000e+00  Data: 0.006 (0.007)
Train: 18 [2200/2502 ( 88%)]  Loss: 51.411209 (51.4030)  BaseLoss: 51.411209 (51.4030)  RefAttnKL: 0.000e+00 (0.000e+00)  RefLogitKL: 0.000e+00 (0.000e+00)  AnchorRefAttnKL: 0.000e+00 (0.000e+00)  TeacherAttnKL: 0.000e+00 (0.000e+00)  TeacherRel: 0.000e+00 (0.000e+00)  TeacherAttnOut: 0.000e+00 (0.000e+00)  TeacherFeatOut: 0.000e+00 (0.000e+00)  ActScaleAnchor: 0.000e+00 (0.000e+00)  VarTrust: 0.000e+00 (0.000e+00)  DirAnchor: 0.000e+00 (0.000e+00)  BinReg: 0.000e+00 (0.000e+00)  SelBinAnchor: 0.000e+00 (0.000e+00)  ActBinMargin: 0.000e+00 (0.000e+00)  Time: 0.224s, 2284.93/s  (0.223s, 2295.38/s)  LR: 8.024e-06  RefW: 0.000e+00  AnchorRefW: 0.000e+00  Data: 0.006 (0.007)
Train: 18 [2250/2502 ( 90%)]  Loss: 51.415474 (51.4033)  BaseLoss: 51.415474 (51.4033)  RefAttnKL: 0.000e+00 (0.000e+00)  RefLogitKL: 0.000e+00 (0.000e+00)  AnchorRefAttnKL: 0.000e+00 (0.000e+00)  TeacherAttnKL: 0.000e+00 (0.000e+00)  TeacherRel: 0.000e+00 (0.000e+00)  TeacherAttnOut: 0.000e+00 (0.000e+00)  TeacherFeatOut: 0.000e+00 (0.000e+00)  ActScaleAnchor: 0.000e+00 (0.000e+00)  VarTrust: 0.000e+00 (0.000e+00)  DirAnchor: 0.000e+00 (0.000e+00)  BinReg: 0.000e+00 (0.000e+00)  SelBinAnchor: 0.000e+00 (0.000e+00)  ActBinMargin: 0.000e+00 (0.000e+00)  Time: 0.224s, 2290.00/s  (0.223s, 2295.44/s)  LR: 8.014e-06  RefW: 0.000e+00  AnchorRefW: 0.000e+00  Data: 0.006 (0.007)
Train: 18 [2300/2502 ( 92%)]  Loss: 51.428543 (51.4038)  BaseLoss: 51.428543 (51.4038)  RefAttnKL: 0.000e+00 (0.000e+00)  RefLogitKL: 0.000e+00 (0.000e+00)  AnchorRefAttnKL: 0.000e+00 (0.000e+00)  TeacherAttnKL: 0.000e+00 (0.000e+00)  TeacherRel: 0.000e+00 (0.000e+00)  TeacherAttnOut: 0.000e+00 (0.000e+00)  TeacherFeatOut: 0.000e+00 (0.000e+00)  ActScaleAnchor: 0.000e+00 (0.000e+00)  VarTrust: 0.000e+00 (0.000e+00)  DirAnchor: 0.000e+00 (0.000e+00)  BinReg: 0.000e+00 (0.000e+00)  SelBinAnchor: 0.000e+00 (0.000e+00)  ActBinMargin: 0.000e+00 (0.000e+00)  Time: 0.222s, 2303.69/s  (0.223s, 2295.56/s)  LR: 8.005e-06  RefW: 0.000e+00  AnchorRefW: 0.000e+00  Data: 0.007 (0.007)
Train: 18 [2350/2502 ( 94%)]  Loss: 51.429863 (51.4044)  BaseLoss: 51.429863 (51.4044)  RefAttnKL: 0.000e+00 (0.000e+00)  RefLogitKL: 0.000e+00 (0.000e+00)  AnchorRefAttnKL: 0.000e+00 (0.000e+00)  TeacherAttnKL: 0.000e+00 (0.000e+00)  TeacherRel: 0.000e+00 (0.000e+00)  TeacherAttnOut: 0.000e+00 (0.000e+00)  TeacherFeatOut: 0.000e+00 (0.000e+00)  ActScaleAnchor: 0.000e+00 (0.000e+00)  VarTrust: 0.000e+00 (0.000e+00)  DirAnchor: 0.000e+00 (0.000e+00)  BinReg: 0.000e+00 (0.000e+00)  SelBinAnchor: 0.000e+00 (0.000e+00)  ActBinMargin: 0.000e+00 (0.000e+00)  Time: 0.223s, 2291.42/s  (0.223s, 2295.66/s)  LR: 7.995e-06  RefW: 0.000e+00  AnchorRefW: 0.000e+00  Data: 0.006 (0.007)
Train: 18 [2400/2502 ( 96%)]  Loss: 51.393349 (51.4041)  BaseLoss: 51.393349 (51.4041)  RefAttnKL: 0.000e+00 (0.000e+00)  RefLogitKL: 0.000e+00 (0.000e+00)  AnchorRefAttnKL: 0.000e+00 (0.000e+00)  TeacherAttnKL: 0.000e+00 (0.000e+00)  TeacherRel: 0.000e+00 (0.000e+00)  TeacherAttnOut: 0.000e+00 (0.000e+00)  TeacherFeatOut: 0.000e+00 (0.000e+00)  ActScaleAnchor: 0.000e+00 (0.000e+00)  VarTrust: 0.000e+00 (0.000e+00)  DirAnchor: 0.000e+00 (0.000e+00)  BinReg: 0.000e+00 (0.000e+00)  SelBinAnchor: 0.000e+00 (0.000e+00)  ActBinMargin: 0.000e+00 (0.000e+00)  Time: 0.223s, 2293.28/s  (0.223s, 2295.74/s)  LR: 7.986e-06  RefW: 0.000e+00  AnchorRefW: 0.000e+00  Data: 0.007 (0.007)
Train: 18 [2450/2502 ( 98%)]  Loss: 51.423462 (51.4045)  BaseLoss: 51.423462 (51.4045)  RefAttnKL: 0.000e+00 (0.000e+00)  RefLogitKL: 0.000e+00 (0.000e+00)  AnchorRefAttnKL: 0.000e+00 (0.000e+00)  TeacherAttnKL: 0.000e+00 (0.000e+00)  TeacherRel: 0.000e+00 (0.000e+00)  TeacherAttnOut: 0.000e+00 (0.000e+00)  TeacherFeatOut: 0.000e+00 (0.000e+00)  ActScaleAnchor: 0.000e+00 (0.000e+00)  VarTrust: 0.000e+00 (0.000e+00)  DirAnchor: 0.000e+00 (0.000e+00)  BinReg: 0.000e+00 (0.000e+00)  SelBinAnchor: 0.000e+00 (0.000e+00)  ActBinMargin: 0.000e+00 (0.000e+00)  Time: 0.222s, 2306.02/s  (0.223s, 2295.84/s)  LR: 7.976e-06  RefW: 0.000e+00  AnchorRefW: 0.000e+00  Data: 0.005 (0.007)
TrainSummary: epoch=18 updates=2496 avg_step_time=0.223001s samples_per_step=512 samples_per_sec=2295.95
epoch:  18 g['lr']:  7.96746388077736e-06
model eval
TestLocal: [   0/97]  Time: 0.907 (0.907)  Loss:  0.7174  Acc@1: 84.3750  Acc@5: 95.3125  Samples: 64
TestLocal: [  50/97]  Time: 0.090 (0.107)  Loss:  0.8183  Acc@1: 81.1581  Acc@5: 95.1900  Samples: 3264
TestLocal: [  97/97]  Time: 0.047 (0.098)  Loss:  0.8138  Acc@1: 80.9724  Acc@5: 95.3809  Samples: 6170
TestLocal: [ 100/97]  Time: 0.047 (0.096)  Loss:  0.8139  Acc@1: 80.9662  Acc@5: 95.3784  Samples: 6210
Test: [distributed-summary]  Time: 10.150s  Loss: 0.8372  Acc@1: 80.3780  Acc@5: 95.2760  Samples: 50000
Trainable parameter policy: epoch=19, quant_only=False, policy=all, trainable=28608256, frozen=0
AOQ explore scale ratio update: epoch=19, update=0, active=False, base_ratio=1.0, threshold_ratio=0.0, base_layers=(), selective_margin=0.0, base_quantizers=0, layer_ratios={}, layer_quantizers=0, layer_counts={}, quality_mode=none, quality_layers=(), quality_start_update=0, quality_min_frac=0.0, start_update=0, end_update=0
Trainable parameter update policy: epoch=19, update=0, mode=requires_grad, policy=all, trainable=28608256, frozen=0
Train: 19 [   0/2502 (  0%)]  Loss: 51.426579 (51.4266)  BaseLoss: 51.426579 (51.4266)  RefAttnKL: 0.000e+00 (0.000e+00)  RefLogitKL: 0.000e+00 (0.000e+00)  AnchorRefAttnKL: 0.000e+00 (0.000e+00)  TeacherAttnKL: 0.000e+00 (0.000e+00)  TeacherRel: 0.000e+00 (0.000e+00)  TeacherAttnOut: 0.000e+00 (0.000e+00)  TeacherFeatOut: 0.000e+00 (0.000e+00)  ActScaleAnchor: 0.000e+00 (0.000e+00)  VarTrust: 0.000e+00 (0.000e+00)  DirAnchor: 0.000e+00 (0.000e+00)  BinReg: 0.000e+00 (0.000e+00)  SelBinAnchor: 0.000e+00 (0.000e+00)  ActBinMargin: 0.000e+00 (0.000e+00)  Time: 0.956s,  535.37/s  (0.956s,  535.37/s)  LR: 7.966e-06  RefW: 0.000e+00  AnchorRefW: 0.000e+00  Data: 0.723 (0.723)
Train: 19 [  50/2502 (  2%)]  Loss: 51.388805 (51.4077)  BaseLoss: 51.388805 (51.4077)  RefAttnKL: 0.000e+00 (0.000e+00)  RefLogitKL: 0.000e+00 (0.000e+00)  AnchorRefAttnKL: 0.000e+00 (0.000e+00)  TeacherAttnKL: 0.000e+00 (0.000e+00)  TeacherRel: 0.000e+00 (0.000e+00)  TeacherAttnOut: 0.000e+00 (0.000e+00)  TeacherFeatOut: 0.000e+00 (0.000e+00)  ActScaleAnchor: 0.000e+00 (0.000e+00)  VarTrust: 0.000e+00 (0.000e+00)  DirAnchor: 0.000e+00 (0.000e+00)  BinReg: 0.000e+00 (0.000e+00)  SelBinAnchor: 0.000e+00 (0.000e+00)  ActBinMargin: 0.000e+00 (0.000e+00)  Time: 0.229s, 2232.15/s  (0.237s, 2157.05/s)  LR: 7.957e-06  RefW: 0.000e+00  AnchorRefW: 0.000e+00  Data: 0.006 (0.020)
Train: 19 [ 100/2502 (  4%)]  Loss: 51.413898 (51.4098)  BaseLoss: 51.413898 (51.4098)  RefAttnKL: 0.000e+00 (0.000e+00)  RefLogitKL: 0.000e+00 (0.000e+00)  AnchorRefAttnKL: 0.000e+00 (0.000e+00)  TeacherAttnKL: 0.000e+00 (0.000e+00)  TeacherRel: 0.000e+00 (0.000e+00)  TeacherAttnOut: 0.000e+00 (0.000e+00)  TeacherFeatOut: 0.000e+00 (0.000e+00)  ActScaleAnchor: 0.000e+00 (0.000e+00)  VarTrust: 0.000e+00 (0.000e+00)  DirAnchor: 0.000e+00 (0.000e+00)  BinReg: 0.000e+00 (0.000e+00)  SelBinAnchor: 0.000e+00 (0.000e+00)  ActBinMargin: 0.000e+00 (0.000e+00)  Time: 0.223s, 2292.25/s  (0.231s, 2220.59/s)  LR: 7.947e-06  RefW: 0.000e+00  AnchorRefW: 0.000e+00  Data: 0.007 (0.013)
Train: 19 [ 150/2502 (  6%)]  Loss: 51.404518 (51.4085)  BaseLoss: 51.404518 (51.4085)  RefAttnKL: 0.000e+00 (0.000e+00)  RefLogitKL: 0.000e+00 (0.000e+00)  AnchorRefAttnKL: 0.000e+00 (0.000e+00)  TeacherAttnKL: 0.000e+00 (0.000e+00)  TeacherRel: 0.000e+00 (0.000e+00)  TeacherAttnOut: 0.000e+00 (0.000e+00)  TeacherFeatOut: 0.000e+00 (0.000e+00)  ActScaleAnchor: 0.000e+00 (0.000e+00)  VarTrust: 0.000e+00 (0.000e+00)  DirAnchor: 0.000e+00 (0.000e+00)  BinReg: 0.000e+00 (0.000e+00)  SelBinAnchor: 0.000e+00 (0.000e+00)  ActBinMargin: 0.000e+00 (0.000e+00)  Time: 0.223s, 2293.80/s  (0.228s, 2246.06/s)  LR: 7.937e-06  RefW: 0.000e+00  AnchorRefW: 0.000e+00  Data: 0.005 (0.011)
Train: 19 [ 200/2502 (  8%)]  Loss: 51.408188 (51.4084)  BaseLoss: 51.408188 (51.4084)  RefAttnKL: 0.000e+00 (0.000e+00)  RefLogitKL: 0.000e+00 (0.000e+00)  AnchorRefAttnKL: 0.000e+00 (0.000e+00)  TeacherAttnKL: 0.000e+00 (0.000e+00)  TeacherRel: 0.000e+00 (0.000e+00)  TeacherAttnOut: 0.000e+00 (0.000e+00)  TeacherFeatOut: 0.000e+00 (0.000e+00)  ActScaleAnchor: 0.000e+00 (0.000e+00)  VarTrust: 0.000e+00 (0.000e+00)  DirAnchor: 0.000e+00 (0.000e+00)  BinReg: 0.000e+00 (0.000e+00)  SelBinAnchor: 0.000e+00 (0.000e+00)  ActBinMargin: 0.000e+00 (0.000e+00)  Time: 0.231s, 2221.06/s  (0.227s, 2258.92/s)  LR: 7.928e-06  RefW: 0.000e+00  AnchorRefW: 0.000e+00  Data: 0.006 (0.010)
Train: 19 [ 250/2502 ( 10%)]  Loss: 51.450390 (51.4154)  BaseLoss: 51.450390 (51.4154)  RefAttnKL: 0.000e+00 (0.000e+00)  RefLogitKL: 0.000e+00 (0.000e+00)  AnchorRefAttnKL: 0.000e+00 (0.000e+00)  TeacherAttnKL: 0.000e+00 (0.000e+00)  TeacherRel: 0.000e+00 (0.000e+00)  TeacherAttnOut: 0.000e+00 (0.000e+00)  TeacherFeatOut: 0.000e+00 (0.000e+00)  ActScaleAnchor: 0.000e+00 (0.000e+00)  VarTrust: 0.000e+00 (0.000e+00)  DirAnchor: 0.000e+00 (0.000e+00)  BinReg: 0.000e+00 (0.000e+00)  SelBinAnchor: 0.000e+00 (0.000e+00)  ActBinMargin: 0.000e+00 (0.000e+00)  Time: 0.223s, 2300.95/s  (0.226s, 2267.06/s)  LR: 7.918e-06  RefW: 0.000e+00  AnchorRefW: 0.000e+00  Data: 0.006 (0.009)
Train: 19 [ 300/2502 ( 12%)]  Loss: 51.389343 (51.4117)  BaseLoss: 51.389343 (51.4117)  RefAttnKL: 0.000e+00 (0.000e+00)  RefLogitKL: 0.000e+00 (0.000e+00)  AnchorRefAttnKL: 0.000e+00 (0.000e+00)  TeacherAttnKL: 0.000e+00 (0.000e+00)  TeacherRel: 0.000e+00 (0.000e+00)  TeacherAttnOut: 0.000e+00 (0.000e+00)  TeacherFeatOut: 0.000e+00 (0.000e+00)  ActScaleAnchor: 0.000e+00 (0.000e+00)  VarTrust: 0.000e+00 (0.000e+00)  DirAnchor: 0.000e+00 (0.000e+00)  BinReg: 0.000e+00 (0.000e+00)  SelBinAnchor: 0.000e+00 (0.000e+00)  ActBinMargin: 0.000e+00 (0.000e+00)  Time: 0.223s, 2296.86/s  (0.225s, 2272.64/s)  LR: 7.909e-06  RefW: 0.000e+00  AnchorRefW: 0.000e+00  Data: 0.007 (0.009)
Train: 19 [ 350/2502 ( 14%)]  Loss: 51.433590 (51.4144)  BaseLoss: 51.433590 (51.4144)  RefAttnKL: 0.000e+00 (0.000e+00)  RefLogitKL: 0.000e+00 (0.000e+00)  AnchorRefAttnKL: 0.000e+00 (0.000e+00)  TeacherAttnKL: 0.000e+00 (0.000e+00)  TeacherRel: 0.000e+00 (0.000e+00)  TeacherAttnOut: 0.000e+00 (0.000e+00)  TeacherFeatOut: 0.000e+00 (0.000e+00)  ActScaleAnchor: 0.000e+00 (0.000e+00)  VarTrust: 0.000e+00 (0.000e+00)  DirAnchor: 0.000e+00 (0.000e+00)  BinReg: 0.000e+00 (0.000e+00)  SelBinAnchor: 0.000e+00 (0.000e+00)  ActBinMargin: 0.000e+00 (0.000e+00)  Time: 0.223s, 2300.18/s  (0.225s, 2276.49/s)  LR: 7.899e-06  RefW: 0.000e+00  AnchorRefW: 0.000e+00  Data: 0.006 (0.008)
Train: 19 [ 400/2502 ( 16%)]  Loss: 51.415657 (51.4146)  BaseLoss: 51.415657 (51.4146)  RefAttnKL: 0.000e+00 (0.000e+00)  RefLogitKL: 0.000e+00 (0.000e+00)  AnchorRefAttnKL: 0.000e+00 (0.000e+00)  TeacherAttnKL: 0.000e+00 (0.000e+00)  TeacherRel: 0.000e+00 (0.000e+00)  TeacherAttnOut: 0.000e+00 (0.000e+00)  TeacherFeatOut: 0.000e+00 (0.000e+00)  ActScaleAnchor: 0.000e+00 (0.000e+00)  VarTrust: 0.000e+00 (0.000e+00)  DirAnchor: 0.000e+00 (0.000e+00)  BinReg: 0.000e+00 (0.000e+00)  SelBinAnchor: 0.000e+00 (0.000e+00)  ActBinMargin: 0.000e+00 (0.000e+00)  Time: 0.223s, 2294.02/s  (0.225s, 2279.48/s)  LR: 7.890e-06  RefW: 0.000e+00  AnchorRefW: 0.000e+00  Data: 0.006 (0.008)
Train: 19 [ 450/2502 ( 18%)]  Loss: 51.422298 (51.4153)  BaseLoss: 51.422298 (51.4153)  RefAttnKL: 0.000e+00 (0.000e+00)  RefLogitKL: 0.000e+00 (0.000e+00)  AnchorRefAttnKL: 0.000e+00 (0.000e+00)  TeacherAttnKL: 0.000e+00 (0.000e+00)  TeacherRel: 0.000e+00 (0.000e+00)  TeacherAttnOut: 0.000e+00 (0.000e+00)  TeacherFeatOut: 0.000e+00 (0.000e+00)  ActScaleAnchor: 0.000e+00 (0.000e+00)  VarTrust: 0.000e+00 (0.000e+00)  DirAnchor: 0.000e+00 (0.000e+00)  BinReg: 0.000e+00 (0.000e+00)  SelBinAnchor: 0.000e+00 (0.000e+00)  ActBinMargin: 0.000e+00 (0.000e+00)  Time: 0.223s, 2298.59/s  (0.224s, 2281.34/s)  LR: 7.880e-06  RefW: 0.000e+00  AnchorRefW: 0.000e+00  Data: 0.006 (0.008)
Train: 19 [ 500/2502 ( 20%)]  Loss: 51.448524 (51.4183)  BaseLoss: 51.448524 (51.4183)  RefAttnKL: 0.000e+00 (0.000e+00)  RefLogitKL: 0.000e+00 (0.000e+00)  AnchorRefAttnKL: 0.000e+00 (0.000e+00)  TeacherAttnKL: 0.000e+00 (0.000e+00)  TeacherRel: 0.000e+00 (0.000e+00)  TeacherAttnOut: 0.000e+00 (0.000e+00)  TeacherFeatOut: 0.000e+00 (0.000e+00)  ActScaleAnchor: 0.000e+00 (0.000e+00)  VarTrust: 0.000e+00 (0.000e+00)  DirAnchor: 0.000e+00 (0.000e+00)  BinReg: 0.000e+00 (0.000e+00)  SelBinAnchor: 0.000e+00 (0.000e+00)  ActBinMargin: 0.000e+00 (0.000e+00)  Time: 0.223s, 2291.16/s  (0.224s, 2283.30/s)  LR: 7.871e-06  RefW: 0.000e+00  AnchorRefW: 0.000e+00  Data: 0.007 (0.008)
Train: 19 [ 550/2502 ( 22%)]  Loss: 51.425819 (51.4190)  BaseLoss: 51.425819 (51.4190)  RefAttnKL: 0.000e+00 (0.000e+00)  RefLogitKL: 0.000e+00 (0.000e+00)  AnchorRefAttnKL: 0.000e+00 (0.000e+00)  TeacherAttnKL: 0.000e+00 (0.000e+00)  TeacherRel: 0.000e+00 (0.000e+00)  TeacherAttnOut: 0.000e+00 (0.000e+00)  TeacherFeatOut: 0.000e+00 (0.000e+00)  ActScaleAnchor: 0.000e+00 (0.000e+00)  VarTrust: 0.000e+00 (0.000e+00)  DirAnchor: 0.000e+00 (0.000e+00)  BinReg: 0.000e+00 (0.000e+00)  SelBinAnchor: 0.000e+00 (0.000e+00)  ActBinMargin: 0.000e+00 (0.000e+00)  Time: 0.223s, 2297.49/s  (0.224s, 2284.27/s)  LR: 7.862e-06  RefW: 0.000e+00  AnchorRefW: 0.000e+00  Data: 0.006 (0.008)
Train: 19 [ 600/2502 ( 24%)]  Loss: 51.355511 (51.4141)  BaseLoss: 51.355511 (51.4141)  RefAttnKL: 0.000e+00 (0.000e+00)  RefLogitKL: 0.000e+00 (0.000e+00)  AnchorRefAttnKL: 0.000e+00 (0.000e+00)  TeacherAttnKL: 0.000e+00 (0.000e+00)  TeacherRel: 0.000e+00 (0.000e+00)  TeacherAttnOut: 0.000e+00 (0.000e+00)  TeacherFeatOut: 0.000e+00 (0.000e+00)  ActScaleAnchor: 0.000e+00 (0.000e+00)  VarTrust: 0.000e+00 (0.000e+00)  DirAnchor: 0.000e+00 (0.000e+00)  BinReg: 0.000e+00 (0.000e+00)  SelBinAnchor: 0.000e+00 (0.000e+00)  ActBinMargin: 0.000e+00 (0.000e+00)  Time: 0.223s, 2295.55/s  (0.224s, 2285.43/s)  LR: 7.852e-06  RefW: 0.000e+00  AnchorRefW: 0.000e+00  Data: 0.006 (0.007)
Train: 19 [ 650/2502 ( 26%)]  Loss: 51.422203 (51.4147)  BaseLoss: 51.422203 (51.4147)  RefAttnKL: 0.000e+00 (0.000e+00)  RefLogitKL: 0.000e+00 (0.000e+00)  AnchorRefAttnKL: 0.000e+00 (0.000e+00)  TeacherAttnKL: 0.000e+00 (0.000e+00)  TeacherRel: 0.000e+00 (0.000e+00)  TeacherAttnOut: 0.000e+00 (0.000e+00)  TeacherFeatOut: 0.000e+00 (0.000e+00)  ActScaleAnchor: 0.000e+00 (0.000e+00)  VarTrust: 0.000e+00 (0.000e+00)  DirAnchor: 0.000e+00 (0.000e+00)  BinReg: 0.000e+00 (0.000e+00)  SelBinAnchor: 0.000e+00 (0.000e+00)  ActBinMargin: 0.000e+00 (0.000e+00)  Time: 0.224s, 2290.79/s  (0.224s, 2286.56/s)  LR: 7.843e-06  RefW: 0.000e+00  AnchorRefW: 0.000e+00  Data: 0.006 (0.007)
Train: 19 [ 700/2502 ( 28%)]  Loss: 51.355442 (51.4107)  BaseLoss: 51.355442 (51.4107)  RefAttnKL: 0.000e+00 (0.000e+00)  RefLogitKL: 0.000e+00 (0.000e+00)  AnchorRefAttnKL: 0.000e+00 (0.000e+00)  TeacherAttnKL: 0.000e+00 (0.000e+00)  TeacherRel: 0.000e+00 (0.000e+00)  TeacherAttnOut: 0.000e+00 (0.000e+00)  TeacherFeatOut: 0.000e+00 (0.000e+00)  ActScaleAnchor: 0.000e+00 (0.000e+00)  VarTrust: 0.000e+00 (0.000e+00)  DirAnchor: 0.000e+00 (0.000e+00)  BinReg: 0.000e+00 (0.000e+00)  SelBinAnchor: 0.000e+00 (0.000e+00)  ActBinMargin: 0.000e+00 (0.000e+00)  Time: 0.224s, 2290.15/s  (0.224s, 2287.56/s)  LR: 7.833e-06  RefW: 0.000e+00  AnchorRefW: 0.000e+00  Data: 0.006 (0.007)
Train: 19 [ 750/2502 ( 30%)]  Loss: 51.357685 (51.4074)  BaseLoss: 51.357685 (51.4074)  RefAttnKL: 0.000e+00 (0.000e+00)  RefLogitKL: 0.000e+00 (0.000e+00)  AnchorRefAttnKL: 0.000e+00 (0.000e+00)  TeacherAttnKL: 0.000e+00 (0.000e+00)  TeacherRel: 0.000e+00 (0.000e+00)  TeacherAttnOut: 0.000e+00 (0.000e+00)  TeacherFeatOut: 0.000e+00 (0.000e+00)  ActScaleAnchor: 0.000e+00 (0.000e+00)  VarTrust: 0.000e+00 (0.000e+00)  DirAnchor: 0.000e+00 (0.000e+00)  BinReg: 0.000e+00 (0.000e+00)  SelBinAnchor: 0.000e+00 (0.000e+00)  ActBinMargin: 0.000e+00 (0.000e+00)  Time: 0.223s, 2297.75/s  (0.224s, 2288.34/s)  LR: 7.824e-06  RefW: 0.000e+00  AnchorRefW: 0.000e+00  Data: 0.006 (0.007)
Train: 19 [ 800/2502 ( 32%)]  Loss: 51.403717 (51.4072)  BaseLoss: 51.403717 (51.4072)  RefAttnKL: 0.000e+00 (0.000e+00)  RefLogitKL: 0.000e+00 (0.000e+00)  AnchorRefAttnKL: 0.000e+00 (0.000e+00)  TeacherAttnKL: 0.000e+00 (0.000e+00)  TeacherRel: 0.000e+00 (0.000e+00)  TeacherAttnOut: 0.000e+00 (0.000e+00)  TeacherFeatOut: 0.000e+00 (0.000e+00)  ActScaleAnchor: 0.000e+00 (0.000e+00)  VarTrust: 0.000e+00 (0.000e+00)  DirAnchor: 0.000e+00 (0.000e+00)  BinReg: 0.000e+00 (0.000e+00)  SelBinAnchor: 0.000e+00 (0.000e+00)  ActBinMargin: 0.000e+00 (0.000e+00)  Time: 0.224s, 2290.64/s  (0.224s, 2289.11/s)  LR: 7.814e-06  RefW: 0.000e+00  AnchorRefW: 0.000e+00  Data: 0.005 (0.007)
Train: 19 [ 850/2502 ( 34%)]  Loss: 51.368652 (51.4050)  BaseLoss: 51.368652 (51.4050)  RefAttnKL: 0.000e+00 (0.000e+00)  RefLogitKL: 0.000e+00 (0.000e+00)  AnchorRefAttnKL: 0.000e+00 (0.000e+00)  TeacherAttnKL: 0.000e+00 (0.000e+00)  TeacherRel: 0.000e+00 (0.000e+00)  TeacherAttnOut: 0.000e+00 (0.000e+00)  TeacherFeatOut: 0.000e+00 (0.000e+00)  ActScaleAnchor: 0.000e+00 (0.000e+00)  VarTrust: 0.000e+00 (0.000e+00)  DirAnchor: 0.000e+00 (0.000e+00)  BinReg: 0.000e+00 (0.000e+00)  SelBinAnchor: 0.000e+00 (0.000e+00)  ActBinMargin: 0.000e+00 (0.000e+00)  Time: 0.256s, 1998.60/s  (0.224s, 2289.32/s)  LR: 7.805e-06  RefW: 0.000e+00  AnchorRefW: 0.000e+00  Data: 0.006 (0.007)
Train: 19 [ 900/2502 ( 36%)]  Loss: 51.375904 (51.4035)  BaseLoss: 51.375904 (51.4035)  RefAttnKL: 0.000e+00 (0.000e+00)  RefLogitKL: 0.000e+00 (0.000e+00)  AnchorRefAttnKL: 0.000e+00 (0.000e+00)  TeacherAttnKL: 0.000e+00 (0.000e+00)  TeacherRel: 0.000e+00 (0.000e+00)  TeacherAttnOut: 0.000e+00 (0.000e+00)  TeacherFeatOut: 0.000e+00 (0.000e+00)  ActScaleAnchor: 0.000e+00 (0.000e+00)  VarTrust: 0.000e+00 (0.000e+00)  DirAnchor: 0.000e+00 (0.000e+00)  BinReg: 0.000e+00 (0.000e+00)  SelBinAnchor: 0.000e+00 (0.000e+00)  ActBinMargin: 0.000e+00 (0.000e+00)  Time: 0.223s, 2292.49/s  (0.224s, 2289.38/s)  LR: 7.796e-06  RefW: 0.000e+00  AnchorRefW: 0.000e+00  Data: 0.008 (0.007)
Train: 19 [ 950/2502 ( 38%)]  Loss: 51.375549 (51.4021)  BaseLoss: 51.375549 (51.4021)  RefAttnKL: 0.000e+00 (0.000e+00)  RefLogitKL: 0.000e+00 (0.000e+00)  AnchorRefAttnKL: 0.000e+00 (0.000e+00)  TeacherAttnKL: 0.000e+00 (0.000e+00)  TeacherRel: 0.000e+00 (0.000e+00)  TeacherAttnOut: 0.000e+00 (0.000e+00)  TeacherFeatOut: 0.000e+00 (0.000e+00)  ActScaleAnchor: 0.000e+00 (0.000e+00)  VarTrust: 0.000e+00 (0.000e+00)  DirAnchor: 0.000e+00 (0.000e+00)  BinReg: 0.000e+00 (0.000e+00)  SelBinAnchor: 0.000e+00 (0.000e+00)  ActBinMargin: 0.000e+00 (0.000e+00)  Time: 0.223s, 2298.77/s  (0.224s, 2289.90/s)  LR: 7.786e-06  RefW: 0.000e+00  AnchorRefW: 0.000e+00  Data: 0.006 (0.007)
Train: 19 [1000/2502 ( 40%)]  Loss: 51.411865 (51.4026)  BaseLoss: 51.411865 (51.4026)  RefAttnKL: 0.000e+00 (0.000e+00)  RefLogitKL: 0.000e+00 (0.000e+00)  AnchorRefAttnKL: 0.000e+00 (0.000e+00)  TeacherAttnKL: 0.000e+00 (0.000e+00)  TeacherRel: 0.000e+00 (0.000e+00)  TeacherAttnOut: 0.000e+00 (0.000e+00)  TeacherFeatOut: 0.000e+00 (0.000e+00)  ActScaleAnchor: 0.000e+00 (0.000e+00)  VarTrust: 0.000e+00 (0.000e+00)  DirAnchor: 0.000e+00 (0.000e+00)  BinReg: 0.000e+00 (0.000e+00)  SelBinAnchor: 0.000e+00 (0.000e+00)  ActBinMargin: 0.000e+00 (0.000e+00)  Time: 0.223s, 2293.52/s  (0.224s, 2290.35/s)  LR: 7.777e-06  RefW: 0.000e+00  AnchorRefW: 0.000e+00  Data: 0.006 (0.007)
Train: 19 [1050/2502 ( 42%)]  Loss: 51.399940 (51.4025)  BaseLoss: 51.399940 (51.4025)  RefAttnKL: 0.000e+00 (0.000e+00)  RefLogitKL: 0.000e+00 (0.000e+00)  AnchorRefAttnKL: 0.000e+00 (0.000e+00)  TeacherAttnKL: 0.000e+00 (0.000e+00)  TeacherRel: 0.000e+00 (0.000e+00)  TeacherAttnOut: 0.000e+00 (0.000e+00)  TeacherFeatOut: 0.000e+00 (0.000e+00)  ActScaleAnchor: 0.000e+00 (0.000e+00)  VarTrust: 0.000e+00 (0.000e+00)  DirAnchor: 0.000e+00 (0.000e+00)  BinReg: 0.000e+00 (0.000e+00)  SelBinAnchor: 0.000e+00 (0.000e+00)  ActBinMargin: 0.000e+00 (0.000e+00)  Time: 0.224s, 2284.47/s  (0.224s, 2290.79/s)  LR: 7.767e-06  RefW: 0.000e+00  AnchorRefW: 0.000e+00  Data: 0.006 (0.007)
Train: 19 [1100/2502 ( 44%)]  Loss: 51.342705 (51.3999)  BaseLoss: 51.342705 (51.3999)  RefAttnKL: 0.000e+00 (0.000e+00)  RefLogitKL: 0.000e+00 (0.000e+00)  AnchorRefAttnKL: 0.000e+00 (0.000e+00)  TeacherAttnKL: 0.000e+00 (0.000e+00)  TeacherRel: 0.000e+00 (0.000e+00)  TeacherAttnOut: 0.000e+00 (0.000e+00)  TeacherFeatOut: 0.000e+00 (0.000e+00)  ActScaleAnchor: 0.000e+00 (0.000e+00)  VarTrust: 0.000e+00 (0.000e+00)  DirAnchor: 0.000e+00 (0.000e+00)  BinReg: 0.000e+00 (0.000e+00)  SelBinAnchor: 0.000e+00 (0.000e+00)  ActBinMargin: 0.000e+00 (0.000e+00)  Time: 0.224s, 2288.23/s  (0.223s, 2291.19/s)  LR: 7.758e-06  RefW: 0.000e+00  AnchorRefW: 0.000e+00  Data: 0.007 (0.007)
Train: 19 [1150/2502 ( 46%)]  Loss: 51.382961 (51.3992)  BaseLoss: 51.382961 (51.3992)  RefAttnKL: 0.000e+00 (0.000e+00)  RefLogitKL: 0.000e+00 (0.000e+00)  AnchorRefAttnKL: 0.000e+00 (0.000e+00)  TeacherAttnKL: 0.000e+00 (0.000e+00)  TeacherRel: 0.000e+00 (0.000e+00)  TeacherAttnOut: 0.000e+00 (0.000e+00)  TeacherFeatOut: 0.000e+00 (0.000e+00)  ActScaleAnchor: 0.000e+00 (0.000e+00)  VarTrust: 0.000e+00 (0.000e+00)  DirAnchor: 0.000e+00 (0.000e+00)  BinReg: 0.000e+00 (0.000e+00)  SelBinAnchor: 0.000e+00 (0.000e+00)  ActBinMargin: 0.000e+00 (0.000e+00)  Time: 0.223s, 2298.30/s  (0.223s, 2291.41/s)  LR: 7.749e-06  RefW: 0.000e+00  AnchorRefW: 0.000e+00  Data: 0.006 (0.007)
Train: 19 [1200/2502 ( 48%)]  Loss: 51.383286 (51.3985)  BaseLoss: 51.383286 (51.3985)  RefAttnKL: 0.000e+00 (0.000e+00)  RefLogitKL: 0.000e+00 (0.000e+00)  AnchorRefAttnKL: 0.000e+00 (0.000e+00)  TeacherAttnKL: 0.000e+00 (0.000e+00)  TeacherRel: 0.000e+00 (0.000e+00)  TeacherAttnOut: 0.000e+00 (0.000e+00)  TeacherFeatOut: 0.000e+00 (0.000e+00)  ActScaleAnchor: 0.000e+00 (0.000e+00)  VarTrust: 0.000e+00 (0.000e+00)  DirAnchor: 0.000e+00 (0.000e+00)  BinReg: 0.000e+00 (0.000e+00)  SelBinAnchor: 0.000e+00 (0.000e+00)  ActBinMargin: 0.000e+00 (0.000e+00)  Time: 0.223s, 2294.84/s  (0.223s, 2291.19/s)  LR: 7.739e-06  RefW: 0.000e+00  AnchorRefW: 0.000e+00  Data: 0.006 (0.007)
Train: 19 [1250/2502 ( 50%)]  Loss: 51.406872 (51.3988)  BaseLoss: 51.406872 (51.3988)  RefAttnKL: 0.000e+00 (0.000e+00)  RefLogitKL: 0.000e+00 (0.000e+00)  AnchorRefAttnKL: 0.000e+00 (0.000e+00)  TeacherAttnKL: 0.000e+00 (0.000e+00)  TeacherRel: 0.000e+00 (0.000e+00)  TeacherAttnOut: 0.000e+00 (0.000e+00)  TeacherFeatOut: 0.000e+00 (0.000e+00)  ActScaleAnchor: 0.000e+00 (0.000e+00)  VarTrust: 0.000e+00 (0.000e+00)  DirAnchor: 0.000e+00 (0.000e+00)  BinReg: 0.000e+00 (0.000e+00)  SelBinAnchor: 0.000e+00 (0.000e+00)  ActBinMargin: 0.000e+00 (0.000e+00)  Time: 0.223s, 2294.06/s  (0.223s, 2291.57/s)  LR: 7.730e-06  RefW: 0.000e+00  AnchorRefW: 0.000e+00  Data: 0.006 (0.007)
Train: 19 [1300/2502 ( 52%)]  Loss: 51.408688 (51.3992)  BaseLoss: 51.408688 (51.3992)  RefAttnKL: 0.000e+00 (0.000e+00)  RefLogitKL: 0.000e+00 (0.000e+00)  AnchorRefAttnKL: 0.000e+00 (0.000e+00)  TeacherAttnKL: 0.000e+00 (0.000e+00)  TeacherRel: 0.000e+00 (0.000e+00)  TeacherAttnOut: 0.000e+00 (0.000e+00)  TeacherFeatOut: 0.000e+00 (0.000e+00)  ActScaleAnchor: 0.000e+00 (0.000e+00)  VarTrust: 0.000e+00 (0.000e+00)  DirAnchor: 0.000e+00 (0.000e+00)  BinReg: 0.000e+00 (0.000e+00)  SelBinAnchor: 0.000e+00 (0.000e+00)  ActBinMargin: 0.000e+00 (0.000e+00)  Time: 0.224s, 2289.99/s  (0.223s, 2291.57/s)  LR: 7.721e-06  RefW: 0.000e+00  AnchorRefW: 0.000e+00  Data: 0.007 (0.007)
Train: 19 [1350/2502 ( 54%)]  Loss: 51.399803 (51.3992)  BaseLoss: 51.399803 (51.3992)  RefAttnKL: 0.000e+00 (0.000e+00)  RefLogitKL: 0.000e+00 (0.000e+00)  AnchorRefAttnKL: 0.000e+00 (0.000e+00)  TeacherAttnKL: 0.000e+00 (0.000e+00)  TeacherRel: 0.000e+00 (0.000e+00)  TeacherAttnOut: 0.000e+00 (0.000e+00)  TeacherFeatOut: 0.000e+00 (0.000e+00)  ActScaleAnchor: 0.000e+00 (0.000e+00)  VarTrust: 0.000e+00 (0.000e+00)  DirAnchor: 0.000e+00 (0.000e+00)  BinReg: 0.000e+00 (0.000e+00)  SelBinAnchor: 0.000e+00 (0.000e+00)  ActBinMargin: 0.000e+00 (0.000e+00)  Time: 0.223s, 2293.89/s  (0.223s, 2291.90/s)  LR: 7.711e-06  RefW: 0.000e+00  AnchorRefW: 0.000e+00  Data: 0.006 (0.007)
Train: 19 [1400/2502 ( 56%)]  Loss: 51.412483 (51.3997)  BaseLoss: 51.412483 (51.3997)  RefAttnKL: 0.000e+00 (0.000e+00)  RefLogitKL: 0.000e+00 (0.000e+00)  AnchorRefAttnKL: 0.000e+00 (0.000e+00)  TeacherAttnKL: 0.000e+00 (0.000e+00)  TeacherRel: 0.000e+00 (0.000e+00)  TeacherAttnOut: 0.000e+00 (0.000e+00)  TeacherFeatOut: 0.000e+00 (0.000e+00)  ActScaleAnchor: 0.000e+00 (0.000e+00)  VarTrust: 0.000e+00 (0.000e+00)  DirAnchor: 0.000e+00 (0.000e+00)  BinReg: 0.000e+00 (0.000e+00)  SelBinAnchor: 0.000e+00 (0.000e+00)  ActBinMargin: 0.000e+00 (0.000e+00)  Time: 0.223s, 2293.86/s  (0.223s, 2292.22/s)  LR: 7.702e-06  RefW: 0.000e+00  AnchorRefW: 0.000e+00  Data: 0.006 (0.007)
Train: 19 [1450/2502 ( 58%)]  Loss: 51.439884 (51.4010)  BaseLoss: 51.439884 (51.4010)  RefAttnKL: 0.000e+00 (0.000e+00)  RefLogitKL: 0.000e+00 (0.000e+00)  AnchorRefAttnKL: 0.000e+00 (0.000e+00)  TeacherAttnKL: 0.000e+00 (0.000e+00)  TeacherRel: 0.000e+00 (0.000e+00)  TeacherAttnOut: 0.000e+00 (0.000e+00)  TeacherFeatOut: 0.000e+00 (0.000e+00)  ActScaleAnchor: 0.000e+00 (0.000e+00)  VarTrust: 0.000e+00 (0.000e+00)  DirAnchor: 0.000e+00 (0.000e+00)  BinReg: 0.000e+00 (0.000e+00)  SelBinAnchor: 0.000e+00 (0.000e+00)  ActBinMargin: 0.000e+00 (0.000e+00)  Time: 0.224s, 2286.61/s  (0.223s, 2292.49/s)  LR: 7.693e-06  RefW: 0.000e+00  AnchorRefW: 0.000e+00  Data: 0.006 (0.007)
Train: 19 [1500/2502 ( 60%)]  Loss: 51.438049 (51.4022)  BaseLoss: 51.438049 (51.4022)  RefAttnKL: 0.000e+00 (0.000e+00)  RefLogitKL: 0.000e+00 (0.000e+00)  AnchorRefAttnKL: 0.000e+00 (0.000e+00)  TeacherAttnKL: 0.000e+00 (0.000e+00)  TeacherRel: 0.000e+00 (0.000e+00)  TeacherAttnOut: 0.000e+00 (0.000e+00)  TeacherFeatOut: 0.000e+00 (0.000e+00)  ActScaleAnchor: 0.000e+00 (0.000e+00)  VarTrust: 0.000e+00 (0.000e+00)  DirAnchor: 0.000e+00 (0.000e+00)  BinReg: 0.000e+00 (0.000e+00)  SelBinAnchor: 0.000e+00 (0.000e+00)  ActBinMargin: 0.000e+00 (0.000e+00)  Time: 0.223s, 2295.12/s  (0.223s, 2292.78/s)  LR: 7.684e-06  RefW: 0.000e+00  AnchorRefW: 0.000e+00  Data: 0.007 (0.007)
Train: 19 [1550/2502 ( 62%)]  Loss: 51.406200 (51.4023)  BaseLoss: 51.406200 (51.4023)  RefAttnKL: 0.000e+00 (0.000e+00)  RefLogitKL: 0.000e+00 (0.000e+00)  AnchorRefAttnKL: 0.000e+00 (0.000e+00)  TeacherAttnKL: 0.000e+00 (0.000e+00)  TeacherRel: 0.000e+00 (0.000e+00)  TeacherAttnOut: 0.000e+00 (0.000e+00)  TeacherFeatOut: 0.000e+00 (0.000e+00)  ActScaleAnchor: 0.000e+00 (0.000e+00)  VarTrust: 0.000e+00 (0.000e+00)  DirAnchor: 0.000e+00 (0.000e+00)  BinReg: 0.000e+00 (0.000e+00)  SelBinAnchor: 0.000e+00 (0.000e+00)  ActBinMargin: 0.000e+00 (0.000e+00)  Time: 0.224s, 2290.08/s  (0.223s, 2292.83/s)  LR: 7.674e-06  RefW: 0.000e+00  AnchorRefW: 0.000e+00  Data: 0.006 (0.007)
Train: 19 [1600/2502 ( 64%)]  Loss: 51.377148 (51.4016)  BaseLoss: 51.377148 (51.4016)  RefAttnKL: 0.000e+00 (0.000e+00)  RefLogitKL: 0.000e+00 (0.000e+00)  AnchorRefAttnKL: 0.000e+00 (0.000e+00)  TeacherAttnKL: 0.000e+00 (0.000e+00)  TeacherRel: 0.000e+00 (0.000e+00)  TeacherAttnOut: 0.000e+00 (0.000e+00)  TeacherFeatOut: 0.000e+00 (0.000e+00)  ActScaleAnchor: 0.000e+00 (0.000e+00)  VarTrust: 0.000e+00 (0.000e+00)  DirAnchor: 0.000e+00 (0.000e+00)  BinReg: 0.000e+00 (0.000e+00)  SelBinAnchor: 0.000e+00 (0.000e+00)  ActBinMargin: 0.000e+00 (0.000e+00)  Time: 0.223s, 2290.85/s  (0.223s, 2293.04/s)  LR: 7.665e-06  RefW: 0.000e+00  AnchorRefW: 0.000e+00  Data: 0.006 (0.007)
Train: 19 [1650/2502 ( 66%)]  Loss: 51.441124 (51.4027)  BaseLoss: 51.441124 (51.4027)  RefAttnKL: 0.000e+00 (0.000e+00)  RefLogitKL: 0.000e+00 (0.000e+00)  AnchorRefAttnKL: 0.000e+00 (0.000e+00)  TeacherAttnKL: 0.000e+00 (0.000e+00)  TeacherRel: 0.000e+00 (0.000e+00)  TeacherAttnOut: 0.000e+00 (0.000e+00)  TeacherFeatOut: 0.000e+00 (0.000e+00)  ActScaleAnchor: 0.000e+00 (0.000e+00)  VarTrust: 0.000e+00 (0.000e+00)  DirAnchor: 0.000e+00 (0.000e+00)  BinReg: 0.000e+00 (0.000e+00)  SelBinAnchor: 0.000e+00 (0.000e+00)  ActBinMargin: 0.000e+00 (0.000e+00)  Time: 0.224s, 2288.13/s  (0.223s, 2293.25/s)  LR: 7.656e-06  RefW: 0.000e+00  AnchorRefW: 0.000e+00  Data: 0.006 (0.007)
Train: 19 [1700/2502 ( 68%)]  Loss: 51.398468 (51.4026)  BaseLoss: 51.398468 (51.4026)  RefAttnKL: 0.000e+00 (0.000e+00)  RefLogitKL: 0.000e+00 (0.000e+00)  AnchorRefAttnKL: 0.000e+00 (0.000e+00)  TeacherAttnKL: 0.000e+00 (0.000e+00)  TeacherRel: 0.000e+00 (0.000e+00)  TeacherAttnOut: 0.000e+00 (0.000e+00)  TeacherFeatOut: 0.000e+00 (0.000e+00)  ActScaleAnchor: 0.000e+00 (0.000e+00)  VarTrust: 0.000e+00 (0.000e+00)  DirAnchor: 0.000e+00 (0.000e+00)  BinReg: 0.000e+00 (0.000e+00)  SelBinAnchor: 0.000e+00 (0.000e+00)  ActBinMargin: 0.000e+00 (0.000e+00)  Time: 0.223s, 2294.68/s  (0.223s, 2293.48/s)  LR: 7.647e-06  RefW: 0.000e+00  AnchorRefW: 0.000e+00  Data: 0.007 (0.007)
Train: 19 [1750/2502 ( 70%)]  Loss: 51.418972 (51.4031)  BaseLoss: 51.418972 (51.4031)  RefAttnKL: 0.000e+00 (0.000e+00)  RefLogitKL: 0.000e+00 (0.000e+00)  AnchorRefAttnKL: 0.000e+00 (0.000e+00)  TeacherAttnKL: 0.000e+00 (0.000e+00)  TeacherRel: 0.000e+00 (0.000e+00)  TeacherAttnOut: 0.000e+00 (0.000e+00)  TeacherFeatOut: 0.000e+00 (0.000e+00)  ActScaleAnchor: 0.000e+00 (0.000e+00)  VarTrust: 0.000e+00 (0.000e+00)  DirAnchor: 0.000e+00 (0.000e+00)  BinReg: 0.000e+00 (0.000e+00)  SelBinAnchor: 0.000e+00 (0.000e+00)  ActBinMargin: 0.000e+00 (0.000e+00)  Time: 0.224s, 2287.45/s  (0.223s, 2293.66/s)  LR: 7.637e-06  RefW: 0.000e+00  AnchorRefW: 0.000e+00  Data: 0.005 (0.007)
Train: 19 [1800/2502 ( 72%)]  Loss: 51.398029 (51.4029)  BaseLoss: 51.398029 (51.4029)  RefAttnKL: 0.000e+00 (0.000e+00)  RefLogitKL: 0.000e+00 (0.000e+00)  AnchorRefAttnKL: 0.000e+00 (0.000e+00)  TeacherAttnKL: 0.000e+00 (0.000e+00)  TeacherRel: 0.000e+00 (0.000e+00)  TeacherAttnOut: 0.000e+00 (0.000e+00)  TeacherFeatOut: 0.000e+00 (0.000e+00)  ActScaleAnchor: 0.000e+00 (0.000e+00)  VarTrust: 0.000e+00 (0.000e+00)  DirAnchor: 0.000e+00 (0.000e+00)  BinReg: 0.000e+00 (0.000e+00)  SelBinAnchor: 0.000e+00 (0.000e+00)  ActBinMargin: 0.000e+00 (0.000e+00)  Time: 0.223s, 2295.83/s  (0.223s, 2293.86/s)  LR: 7.628e-06  RefW: 0.000e+00  AnchorRefW: 0.000e+00  Data: 0.006 (0.007)
Train: 19 [1850/2502 ( 74%)]  Loss: 51.387691 (51.4025)  BaseLoss: 51.387691 (51.4025)  RefAttnKL: 0.000e+00 (0.000e+00)  RefLogitKL: 0.000e+00 (0.000e+00)  AnchorRefAttnKL: 0.000e+00 (0.000e+00)  TeacherAttnKL: 0.000e+00 (0.000e+00)  TeacherRel: 0.000e+00 (0.000e+00)  TeacherAttnOut: 0.000e+00 (0.000e+00)  TeacherFeatOut: 0.000e+00 (0.000e+00)  ActScaleAnchor: 0.000e+00 (0.000e+00)  VarTrust: 0.000e+00 (0.000e+00)  DirAnchor: 0.000e+00 (0.000e+00)  BinReg: 0.000e+00 (0.000e+00)  SelBinAnchor: 0.000e+00 (0.000e+00)  ActBinMargin: 0.000e+00 (0.000e+00)  Time: 0.224s, 2289.88/s  (0.223s, 2293.97/s)  LR: 7.619e-06  RefW: 0.000e+00  AnchorRefW: 0.000e+00  Data: 0.006 (0.007)
Train: 19 [1900/2502 ( 76%)]  Loss: 51.420803 (51.4030)  BaseLoss: 51.420803 (51.4030)  RefAttnKL: 0.000e+00 (0.000e+00)  RefLogitKL: 0.000e+00 (0.000e+00)  AnchorRefAttnKL: 0.000e+00 (0.000e+00)  TeacherAttnKL: 0.000e+00 (0.000e+00)  TeacherRel: 0.000e+00 (0.000e+00)  TeacherAttnOut: 0.000e+00 (0.000e+00)  TeacherFeatOut: 0.000e+00 (0.000e+00)  ActScaleAnchor: 0.000e+00 (0.000e+00)  VarTrust: 0.000e+00 (0.000e+00)  DirAnchor: 0.000e+00 (0.000e+00)  BinReg: 0.000e+00 (0.000e+00)  SelBinAnchor: 0.000e+00 (0.000e+00)  ActBinMargin: 0.000e+00 (0.000e+00)  Time: 0.224s, 2288.39/s  (0.223s, 2294.14/s)  LR: 7.610e-06  RefW: 0.000e+00  AnchorRefW: 0.000e+00  Data: 0.006 (0.007)
Train: 19 [1950/2502 ( 78%)]  Loss: 51.424263 (51.4035)  BaseLoss: 51.424263 (51.4035)  RefAttnKL: 0.000e+00 (0.000e+00)  RefLogitKL: 0.000e+00 (0.000e+00)  AnchorRefAttnKL: 0.000e+00 (0.000e+00)  TeacherAttnKL: 0.000e+00 (0.000e+00)  TeacherRel: 0.000e+00 (0.000e+00)  TeacherAttnOut: 0.000e+00 (0.000e+00)  TeacherFeatOut: 0.000e+00 (0.000e+00)  ActScaleAnchor: 0.000e+00 (0.000e+00)  VarTrust: 0.000e+00 (0.000e+00)  DirAnchor: 0.000e+00 (0.000e+00)  BinReg: 0.000e+00 (0.000e+00)  SelBinAnchor: 0.000e+00 (0.000e+00)  ActBinMargin: 0.000e+00 (0.000e+00)  Time: 0.223s, 2294.81/s  (0.223s, 2294.29/s)  LR: 7.601e-06  RefW: 0.000e+00  AnchorRefW: 0.000e+00  Data: 0.006 (0.007)
Train: 19 [2000/2502 ( 80%)]  Loss: 51.407108 (51.4036)  BaseLoss: 51.407108 (51.4036)  RefAttnKL: 0.000e+00 (0.000e+00)  RefLogitKL: 0.000e+00 (0.000e+00)  AnchorRefAttnKL: 0.000e+00 (0.000e+00)  TeacherAttnKL: 0.000e+00 (0.000e+00)  TeacherRel: 0.000e+00 (0.000e+00)  TeacherAttnOut: 0.000e+00 (0.000e+00)  TeacherFeatOut: 0.000e+00 (0.000e+00)  ActScaleAnchor: 0.000e+00 (0.000e+00)  VarTrust: 0.000e+00 (0.000e+00)  DirAnchor: 0.000e+00 (0.000e+00)  BinReg: 0.000e+00 (0.000e+00)  SelBinAnchor: 0.000e+00 (0.000e+00)  ActBinMargin: 0.000e+00 (0.000e+00)  Time: 0.223s, 2291.31/s  (0.223s, 2294.43/s)  LR: 7.591e-06  RefW: 0.000e+00  AnchorRefW: 0.000e+00  Data: 0.006 (0.007)
Train: 19 [2050/2502 ( 82%)]  Loss: 51.369297 (51.4028)  BaseLoss: 51.369297 (51.4028)  RefAttnKL: 0.000e+00 (0.000e+00)  RefLogitKL: 0.000e+00 (0.000e+00)  AnchorRefAttnKL: 0.000e+00 (0.000e+00)  TeacherAttnKL: 0.000e+00 (0.000e+00)  TeacherRel: 0.000e+00 (0.000e+00)  TeacherAttnOut: 0.000e+00 (0.000e+00)  TeacherFeatOut: 0.000e+00 (0.000e+00)  ActScaleAnchor: 0.000e+00 (0.000e+00)  VarTrust: 0.000e+00 (0.000e+00)  DirAnchor: 0.000e+00 (0.000e+00)  BinReg: 0.000e+00 (0.000e+00)  SelBinAnchor: 0.000e+00 (0.000e+00)  ActBinMargin: 0.000e+00 (0.000e+00)  Time: 0.224s, 2285.78/s  (0.223s, 2294.54/s)  LR: 7.582e-06  RefW: 0.000e+00  AnchorRefW: 0.000e+00  Data: 0.006 (0.007)
Train: 19 [2100/2502 ( 84%)]  Loss: 51.393829 (51.4026)  BaseLoss: 51.393829 (51.4026)  RefAttnKL: 0.000e+00 (0.000e+00)  RefLogitKL: 0.000e+00 (0.000e+00)  AnchorRefAttnKL: 0.000e+00 (0.000e+00)  TeacherAttnKL: 0.000e+00 (0.000e+00)  TeacherRel: 0.000e+00 (0.000e+00)  TeacherAttnOut: 0.000e+00 (0.000e+00)  TeacherFeatOut: 0.000e+00 (0.000e+00)  ActScaleAnchor: 0.000e+00 (0.000e+00)  VarTrust: 0.000e+00 (0.000e+00)  DirAnchor: 0.000e+00 (0.000e+00)  BinReg: 0.000e+00 (0.000e+00)  SelBinAnchor: 0.000e+00 (0.000e+00)  ActBinMargin: 0.000e+00 (0.000e+00)  Time: 0.223s, 2297.38/s  (0.223s, 2294.51/s)  LR: 7.573e-06  RefW: 0.000e+00  AnchorRefW: 0.000e+00  Data: 0.008 (0.007)
Train: 19 [2150/2502 ( 86%)]  Loss: 51.402111 (51.4026)  BaseLoss: 51.402111 (51.4026)  RefAttnKL: 0.000e+00 (0.000e+00)  RefLogitKL: 0.000e+00 (0.000e+00)  AnchorRefAttnKL: 0.000e+00 (0.000e+00)  TeacherAttnKL: 0.000e+00 (0.000e+00)  TeacherRel: 0.000e+00 (0.000e+00)  TeacherAttnOut: 0.000e+00 (0.000e+00)  TeacherFeatOut: 0.000e+00 (0.000e+00)  ActScaleAnchor: 0.000e+00 (0.000e+00)  VarTrust: 0.000e+00 (0.000e+00)  DirAnchor: 0.000e+00 (0.000e+00)  BinReg: 0.000e+00 (0.000e+00)  SelBinAnchor: 0.000e+00 (0.000e+00)  ActBinMargin: 0.000e+00 (0.000e+00)  Time: 0.223s, 2294.85/s  (0.223s, 2294.64/s)  LR: 7.564e-06  RefW: 0.000e+00  AnchorRefW: 0.000e+00  Data: 0.006 (0.007)
Train: 19 [2200/2502 ( 88%)]  Loss: 51.388603 (51.4023)  BaseLoss: 51.388603 (51.4023)  RefAttnKL: 0.000e+00 (0.000e+00)  RefLogitKL: 0.000e+00 (0.000e+00)  AnchorRefAttnKL: 0.000e+00 (0.000e+00)  TeacherAttnKL: 0.000e+00 (0.000e+00)  TeacherRel: 0.000e+00 (0.000e+00)  TeacherAttnOut: 0.000e+00 (0.000e+00)  TeacherFeatOut: 0.000e+00 (0.000e+00)  ActScaleAnchor: 0.000e+00 (0.000e+00)  VarTrust: 0.000e+00 (0.000e+00)  DirAnchor: 0.000e+00 (0.000e+00)  BinReg: 0.000e+00 (0.000e+00)  SelBinAnchor: 0.000e+00 (0.000e+00)  ActBinMargin: 0.000e+00 (0.000e+00)  Time: 0.226s, 2263.38/s  (0.223s, 2294.76/s)  LR: 7.555e-06  RefW: 0.000e+00  AnchorRefW: 0.000e+00  Data: 0.006 (0.007)
Train: 19 [2250/2502 ( 90%)]  Loss: 51.390064 (51.4020)  BaseLoss: 51.390064 (51.4020)  RefAttnKL: 0.000e+00 (0.000e+00)  RefLogitKL: 0.000e+00 (0.000e+00)  AnchorRefAttnKL: 0.000e+00 (0.000e+00)  TeacherAttnKL: 0.000e+00 (0.000e+00)  TeacherRel: 0.000e+00 (0.000e+00)  TeacherAttnOut: 0.000e+00 (0.000e+00)  TeacherFeatOut: 0.000e+00 (0.000e+00)  ActScaleAnchor: 0.000e+00 (0.000e+00)  VarTrust: 0.000e+00 (0.000e+00)  DirAnchor: 0.000e+00 (0.000e+00)  BinReg: 0.000e+00 (0.000e+00)  SelBinAnchor: 0.000e+00 (0.000e+00)  ActBinMargin: 0.000e+00 (0.000e+00)  Time: 0.223s, 2291.88/s  (0.223s, 2294.89/s)  LR: 7.546e-06  RefW: 0.000e+00  AnchorRefW: 0.000e+00  Data: 0.006 (0.007)
Train: 19 [2300/2502 ( 92%)]  Loss: 51.436256 (51.4027)  BaseLoss: 51.436256 (51.4027)  RefAttnKL: 0.000e+00 (0.000e+00)  RefLogitKL: 0.000e+00 (0.000e+00)  AnchorRefAttnKL: 0.000e+00 (0.000e+00)  TeacherAttnKL: 0.000e+00 (0.000e+00)  TeacherRel: 0.000e+00 (0.000e+00)  TeacherAttnOut: 0.000e+00 (0.000e+00)  TeacherFeatOut: 0.000e+00 (0.000e+00)  ActScaleAnchor: 0.000e+00 (0.000e+00)  VarTrust: 0.000e+00 (0.000e+00)  DirAnchor: 0.000e+00 (0.000e+00)  BinReg: 0.000e+00 (0.000e+00)  SelBinAnchor: 0.000e+00 (0.000e+00)  ActBinMargin: 0.000e+00 (0.000e+00)  Time: 0.222s, 2301.63/s  (0.223s, 2294.85/s)  LR: 7.537e-06  RefW: 0.000e+00  AnchorRefW: 0.000e+00  Data: 0.007 (0.007)
Train: 19 [2350/2502 ( 94%)]  Loss: 51.428345 (51.4033)  BaseLoss: 51.428345 (51.4033)  RefAttnKL: 0.000e+00 (0.000e+00)  RefLogitKL: 0.000e+00 (0.000e+00)  AnchorRefAttnKL: 0.000e+00 (0.000e+00)  TeacherAttnKL: 0.000e+00 (0.000e+00)  TeacherRel: 0.000e+00 (0.000e+00)  TeacherAttnOut: 0.000e+00 (0.000e+00)  TeacherFeatOut: 0.000e+00 (0.000e+00)  ActScaleAnchor: 0.000e+00 (0.000e+00)  VarTrust: 0.000e+00 (0.000e+00)  DirAnchor: 0.000e+00 (0.000e+00)  BinReg: 0.000e+00 (0.000e+00)  SelBinAnchor: 0.000e+00 (0.000e+00)  ActBinMargin: 0.000e+00 (0.000e+00)  Time: 0.223s, 2297.25/s  (0.223s, 2294.93/s)  LR: 7.527e-06  RefW: 0.000e+00  AnchorRefW: 0.000e+00  Data: 0.006 (0.007)
Train: 19 [2400/2502 ( 96%)]  Loss: 51.388454 (51.4030)  BaseLoss: 51.388454 (51.4030)  RefAttnKL: 0.000e+00 (0.000e+00)  RefLogitKL: 0.000e+00 (0.000e+00)  AnchorRefAttnKL: 0.000e+00 (0.000e+00)  TeacherAttnKL: 0.000e+00 (0.000e+00)  TeacherRel: 0.000e+00 (0.000e+00)  TeacherAttnOut: 0.000e+00 (0.000e+00)  TeacherFeatOut: 0.000e+00 (0.000e+00)  ActScaleAnchor: 0.000e+00 (0.000e+00)  VarTrust: 0.000e+00 (0.000e+00)  DirAnchor: 0.000e+00 (0.000e+00)  BinReg: 0.000e+00 (0.000e+00)  SelBinAnchor: 0.000e+00 (0.000e+00)  ActBinMargin: 0.000e+00 (0.000e+00)  Time: 0.224s, 2289.69/s  (0.223s, 2294.98/s)  LR: 7.518e-06  RefW: 0.000e+00  AnchorRefW: 0.000e+00  Data: 0.006 (0.007)
Train: 19 [2450/2502 ( 98%)]  Loss: 51.425583 (51.4034)  BaseLoss: 51.425583 (51.4034)  RefAttnKL: 0.000e+00 (0.000e+00)  RefLogitKL: 0.000e+00 (0.000e+00)  AnchorRefAttnKL: 0.000e+00 (0.000e+00)  TeacherAttnKL: 0.000e+00 (0.000e+00)  TeacherRel: 0.000e+00 (0.000e+00)  TeacherAttnOut: 0.000e+00 (0.000e+00)  TeacherFeatOut: 0.000e+00 (0.000e+00)  ActScaleAnchor: 0.000e+00 (0.000e+00)  VarTrust: 0.000e+00 (0.000e+00)  DirAnchor: 0.000e+00 (0.000e+00)  BinReg: 0.000e+00 (0.000e+00)  SelBinAnchor: 0.000e+00 (0.000e+00)  ActBinMargin: 0.000e+00 (0.000e+00)  Time: 0.223s, 2293.01/s  (0.223s, 2295.10/s)  LR: 7.509e-06  RefW: 0.000e+00  AnchorRefW: 0.000e+00  Data: 0.006 (0.007)
TrainSummary: epoch=19 updates=2496 avg_step_time=0.223073s samples_per_step=512 samples_per_sec=2295.22
epoch:  19 g['lr']:  7.501087933778763e-06
model eval
TestLocal: [   0/97]  Time: 0.909 (0.909)  Loss:  0.7636  Acc@1: 82.8125  Acc@5: 93.7500  Samples: 64
TestLocal: [  50/97]  Time: 0.091 (0.107)  Loss:  0.8174  Acc@1: 81.1275  Acc@5: 95.3431  Samples: 3264
TestLocal: [  97/97]  Time: 0.050 (0.098)  Loss:  0.8142  Acc@1: 80.9887  Acc@5: 95.4133  Samples: 6170
TestLocal: [ 100/97]  Time: 0.050 (0.097)  Loss:  0.8145  Acc@1: 80.9823  Acc@5: 95.4106  Samples: 6210
Test: [distributed-summary]  Time: 10.187s  Loss: 0.8372  Acc@1: 80.4100  Acc@5: 95.3220  Samples: 50000
Trainable parameter policy: epoch=20, quant_only=False, policy=all, trainable=28608256, frozen=0
AOQ explore scale ratio update: epoch=20, update=0, active=False, base_ratio=1.0, threshold_ratio=0.0, base_layers=(), selective_margin=0.0, base_quantizers=0, layer_ratios={}, layer_quantizers=0, layer_counts={}, quality_mode=none, quality_layers=(), quality_start_update=0, quality_min_frac=0.0, start_update=0, end_update=0
Trainable parameter update policy: epoch=20, update=0, mode=requires_grad, policy=all, trainable=28608256, frozen=0
Train: 20 [   0/2502 (  0%)]  Loss: 51.424011 (51.4240)  BaseLoss: 51.424011 (51.4240)  RefAttnKL: 0.000e+00 (0.000e+00)  RefLogitKL: 0.000e+00 (0.000e+00)  AnchorRefAttnKL: 0.000e+00 (0.000e+00)  TeacherAttnKL: 0.000e+00 (0.000e+00)  TeacherRel: 0.000e+00 (0.000e+00)  TeacherAttnOut: 0.000e+00 (0.000e+00)  TeacherFeatOut: 0.000e+00 (0.000e+00)  ActScaleAnchor: 0.000e+00 (0.000e+00)  VarTrust: 0.000e+00 (0.000e+00)  DirAnchor: 0.000e+00 (0.000e+00)  BinReg: 0.000e+00 (0.000e+00)  SelBinAnchor: 0.000e+00 (0.000e+00)  ActBinMargin: 0.000e+00 (0.000e+00)  Time: 0.651s,  786.73/s  (0.651s,  786.73/s)  LR: 7.500e-06  RefW: 0.000e+00  AnchorRefW: 0.000e+00  Data: 0.449 (0.449)
Train: 20 [  50/2502 (  2%)]  Loss: 51.404793 (51.4144)  BaseLoss: 51.404793 (51.4144)  RefAttnKL: 0.000e+00 (0.000e+00)  RefLogitKL: 0.000e+00 (0.000e+00)  AnchorRefAttnKL: 0.000e+00 (0.000e+00)  TeacherAttnKL: 0.000e+00 (0.000e+00)  TeacherRel: 0.000e+00 (0.000e+00)  TeacherAttnOut: 0.000e+00 (0.000e+00)  TeacherFeatOut: 0.000e+00 (0.000e+00)  ActScaleAnchor: 0.000e+00 (0.000e+00)  VarTrust: 0.000e+00 (0.000e+00)  DirAnchor: 0.000e+00 (0.000e+00)  BinReg: 0.000e+00 (0.000e+00)  SelBinAnchor: 0.000e+00 (0.000e+00)  ActBinMargin: 0.000e+00 (0.000e+00)  Time: 0.224s, 2289.96/s  (0.231s, 2216.25/s)  LR: 7.491e-06  RefW: 0.000e+00  AnchorRefW: 0.000e+00  Data: 0.005 (0.015)
Train: 20 [ 100/2502 (  4%)]  Loss: 51.402039 (51.4103)  BaseLoss: 51.402039 (51.4103)  RefAttnKL: 0.000e+00 (0.000e+00)  RefLogitKL: 0.000e+00 (0.000e+00)  AnchorRefAttnKL: 0.000e+00 (0.000e+00)  TeacherAttnKL: 0.000e+00 (0.000e+00)  TeacherRel: 0.000e+00 (0.000e+00)  TeacherAttnOut: 0.000e+00 (0.000e+00)  TeacherFeatOut: 0.000e+00 (0.000e+00)  ActScaleAnchor: 0.000e+00 (0.000e+00)  VarTrust: 0.000e+00 (0.000e+00)  DirAnchor: 0.000e+00 (0.000e+00)  BinReg: 0.000e+00 (0.000e+00)  SelBinAnchor: 0.000e+00 (0.000e+00)  ActBinMargin: 0.000e+00 (0.000e+00)  Time: 0.223s, 2295.47/s  (0.227s, 2257.04/s)  LR: 7.482e-06  RefW: 0.000e+00  AnchorRefW: 0.000e+00  Data: 0.006 (0.010)
Train: 20 [ 150/2502 (  6%)]  Loss: 51.399830 (51.4077)  BaseLoss: 51.399830 (51.4077)  RefAttnKL: 0.000e+00 (0.000e+00)  RefLogitKL: 0.000e+00 (0.000e+00)  AnchorRefAttnKL: 0.000e+00 (0.000e+00)  TeacherAttnKL: 0.000e+00 (0.000e+00)  TeacherRel: 0.000e+00 (0.000e+00)  TeacherAttnOut: 0.000e+00 (0.000e+00)  TeacherFeatOut: 0.000e+00 (0.000e+00)  ActScaleAnchor: 0.000e+00 (0.000e+00)  VarTrust: 0.000e+00 (0.000e+00)  DirAnchor: 0.000e+00 (0.000e+00)  BinReg: 0.000e+00 (0.000e+00)  SelBinAnchor: 0.000e+00 (0.000e+00)  ActBinMargin: 0.000e+00 (0.000e+00)  Time: 0.223s, 2294.50/s  (0.225s, 2271.39/s)  LR: 7.473e-06  RefW: 0.000e+00  AnchorRefW: 0.000e+00  Data: 0.006 (0.009)
Train: 20 [ 200/2502 (  8%)]  Loss: 51.403954 (51.4069)  BaseLoss: 51.403954 (51.4069)  RefAttnKL: 0.000e+00 (0.000e+00)  RefLogitKL: 0.000e+00 (0.000e+00)  AnchorRefAttnKL: 0.000e+00 (0.000e+00)  TeacherAttnKL: 0.000e+00 (0.000e+00)  TeacherRel: 0.000e+00 (0.000e+00)  TeacherAttnOut: 0.000e+00 (0.000e+00)  TeacherFeatOut: 0.000e+00 (0.000e+00)  ActScaleAnchor: 0.000e+00 (0.000e+00)  VarTrust: 0.000e+00 (0.000e+00)  DirAnchor: 0.000e+00 (0.000e+00)  BinReg: 0.000e+00 (0.000e+00)  SelBinAnchor: 0.000e+00 (0.000e+00)  ActBinMargin: 0.000e+00 (0.000e+00)  Time: 0.223s, 2292.80/s  (0.225s, 2278.61/s)  LR: 7.464e-06  RefW: 0.000e+00  AnchorRefW: 0.000e+00  Data: 0.006 (0.008)
Train: 20 [ 250/2502 ( 10%)]  Loss: 51.434273 (51.4115)  BaseLoss: 51.434273 (51.4115)  RefAttnKL: 0.000e+00 (0.000e+00)  RefLogitKL: 0.000e+00 (0.000e+00)  AnchorRefAttnKL: 0.000e+00 (0.000e+00)  TeacherAttnKL: 0.000e+00 (0.000e+00)  TeacherRel: 0.000e+00 (0.000e+00)  TeacherAttnOut: 0.000e+00 (0.000e+00)  TeacherFeatOut: 0.000e+00 (0.000e+00)  ActScaleAnchor: 0.000e+00 (0.000e+00)  VarTrust: 0.000e+00 (0.000e+00)  DirAnchor: 0.000e+00 (0.000e+00)  BinReg: 0.000e+00 (0.000e+00)  SelBinAnchor: 0.000e+00 (0.000e+00)  ActBinMargin: 0.000e+00 (0.000e+00)  Time: 0.222s, 2304.56/s  (0.224s, 2282.95/s)  LR: 7.455e-06  RefW: 0.000e+00  AnchorRefW: 0.000e+00  Data: 0.005 (0.008)
Train: 20 [ 300/2502 ( 12%)]  Loss: 51.407024 (51.4108)  BaseLoss: 51.407024 (51.4108)  RefAttnKL: 0.000e+00 (0.000e+00)  RefLogitKL: 0.000e+00 (0.000e+00)  AnchorRefAttnKL: 0.000e+00 (0.000e+00)  TeacherAttnKL: 0.000e+00 (0.000e+00)  TeacherRel: 0.000e+00 (0.000e+00)  TeacherAttnOut: 0.000e+00 (0.000e+00)  TeacherFeatOut: 0.000e+00 (0.000e+00)  ActScaleAnchor: 0.000e+00 (0.000e+00)  VarTrust: 0.000e+00 (0.000e+00)  DirAnchor: 0.000e+00 (0.000e+00)  BinReg: 0.000e+00 (0.000e+00)  SelBinAnchor: 0.000e+00 (0.000e+00)  ActBinMargin: 0.000e+00 (0.000e+00)  Time: 0.223s, 2293.40/s  (0.224s, 2285.90/s)  LR: 7.446e-06  RefW: 0.000e+00  AnchorRefW: 0.000e+00  Data: 0.006 (0.007)
Train: 20 [ 350/2502 ( 14%)]  Loss: 51.418663 (51.4118)  BaseLoss: 51.418663 (51.4118)  RefAttnKL: 0.000e+00 (0.000e+00)  RefLogitKL: 0.000e+00 (0.000e+00)  AnchorRefAttnKL: 0.000e+00 (0.000e+00)  TeacherAttnKL: 0.000e+00 (0.000e+00)  TeacherRel: 0.000e+00 (0.000e+00)  TeacherAttnOut: 0.000e+00 (0.000e+00)  TeacherFeatOut: 0.000e+00 (0.000e+00)  ActScaleAnchor: 0.000e+00 (0.000e+00)  VarTrust: 0.000e+00 (0.000e+00)  DirAnchor: 0.000e+00 (0.000e+00)  BinReg: 0.000e+00 (0.000e+00)  SelBinAnchor: 0.000e+00 (0.000e+00)  ActBinMargin: 0.000e+00 (0.000e+00)  Time: 0.223s, 2292.54/s  (0.224s, 2286.82/s)  LR: 7.437e-06  RefW: 0.000e+00  AnchorRefW: 0.000e+00  Data: 0.006 (0.007)
Train: 20 [ 400/2502 ( 16%)]  Loss: 51.425274 (51.4133)  BaseLoss: 51.425274 (51.4133)  RefAttnKL: 0.000e+00 (0.000e+00)  RefLogitKL: 0.000e+00 (0.000e+00)  AnchorRefAttnKL: 0.000e+00 (0.000e+00)  TeacherAttnKL: 0.000e+00 (0.000e+00)  TeacherRel: 0.000e+00 (0.000e+00)  TeacherAttnOut: 0.000e+00 (0.000e+00)  TeacherFeatOut: 0.000e+00 (0.000e+00)  ActScaleAnchor: 0.000e+00 (0.000e+00)  VarTrust: 0.000e+00 (0.000e+00)  DirAnchor: 0.000e+00 (0.000e+00)  BinReg: 0.000e+00 (0.000e+00)  SelBinAnchor: 0.000e+00 (0.000e+00)  ActBinMargin: 0.000e+00 (0.000e+00)  Time: 0.224s, 2287.89/s  (0.224s, 2288.55/s)  LR: 7.428e-06  RefW: 0.000e+00  AnchorRefW: 0.000e+00  Data: 0.006 (0.007)
Train: 20 [ 450/2502 ( 18%)]  Loss: 51.420994 (51.4141)  BaseLoss: 51.420994 (51.4141)  RefAttnKL: 0.000e+00 (0.000e+00)  RefLogitKL: 0.000e+00 (0.000e+00)  AnchorRefAttnKL: 0.000e+00 (0.000e+00)  TeacherAttnKL: 0.000e+00 (0.000e+00)  TeacherRel: 0.000e+00 (0.000e+00)  TeacherAttnOut: 0.000e+00 (0.000e+00)  TeacherFeatOut: 0.000e+00 (0.000e+00)  ActScaleAnchor: 0.000e+00 (0.000e+00)  VarTrust: 0.000e+00 (0.000e+00)  DirAnchor: 0.000e+00 (0.000e+00)  BinReg: 0.000e+00 (0.000e+00)  SelBinAnchor: 0.000e+00 (0.000e+00)  ActBinMargin: 0.000e+00 (0.000e+00)  Time: 0.223s, 2291.96/s  (0.224s, 2289.36/s)  LR: 7.419e-06  RefW: 0.000e+00  AnchorRefW: 0.000e+00  Data: 0.006 (0.007)
Train: 20 [ 500/2502 ( 20%)]  Loss: 51.444691 (51.4169)  BaseLoss: 51.444691 (51.4169)  RefAttnKL: 0.000e+00 (0.000e+00)  RefLogitKL: 0.000e+00 (0.000e+00)  AnchorRefAttnKL: 0.000e+00 (0.000e+00)  TeacherAttnKL: 0.000e+00 (0.000e+00)  TeacherRel: 0.000e+00 (0.000e+00)  TeacherAttnOut: 0.000e+00 (0.000e+00)  TeacherFeatOut: 0.000e+00 (0.000e+00)  ActScaleAnchor: 0.000e+00 (0.000e+00)  VarTrust: 0.000e+00 (0.000e+00)  DirAnchor: 0.000e+00 (0.000e+00)  BinReg: 0.000e+00 (0.000e+00)  SelBinAnchor: 0.000e+00 (0.000e+00)  ActBinMargin: 0.000e+00 (0.000e+00)  Time: 0.223s, 2293.95/s  (0.224s, 2290.50/s)  LR: 7.410e-06  RefW: 0.000e+00  AnchorRefW: 0.000e+00  Data: 0.006 (0.007)
Train: 20 [ 550/2502 ( 22%)]  Loss: 51.447163 (51.4194)  BaseLoss: 51.447163 (51.4194)  RefAttnKL: 0.000e+00 (0.000e+00)  RefLogitKL: 0.000e+00 (0.000e+00)  AnchorRefAttnKL: 0.000e+00 (0.000e+00)  TeacherAttnKL: 0.000e+00 (0.000e+00)  TeacherRel: 0.000e+00 (0.000e+00)  TeacherAttnOut: 0.000e+00 (0.000e+00)  TeacherFeatOut: 0.000e+00 (0.000e+00)  ActScaleAnchor: 0.000e+00 (0.000e+00)  VarTrust: 0.000e+00 (0.000e+00)  DirAnchor: 0.000e+00 (0.000e+00)  BinReg: 0.000e+00 (0.000e+00)  SelBinAnchor: 0.000e+00 (0.000e+00)  ActBinMargin: 0.000e+00 (0.000e+00)  Time: 0.223s, 2292.45/s  (0.223s, 2291.39/s)  LR: 7.401e-06  RefW: 0.000e+00  AnchorRefW: 0.000e+00  Data: 0.006 (0.007)
Train: 20 [ 600/2502 ( 24%)]  Loss: 51.350132 (51.4141)  BaseLoss: 51.350132 (51.4141)  RefAttnKL: 0.000e+00 (0.000e+00)  RefLogitKL: 0.000e+00 (0.000e+00)  AnchorRefAttnKL: 0.000e+00 (0.000e+00)  TeacherAttnKL: 0.000e+00 (0.000e+00)  TeacherRel: 0.000e+00 (0.000e+00)  TeacherAttnOut: 0.000e+00 (0.000e+00)  TeacherFeatOut: 0.000e+00 (0.000e+00)  ActScaleAnchor: 0.000e+00 (0.000e+00)  VarTrust: 0.000e+00 (0.000e+00)  DirAnchor: 0.000e+00 (0.000e+00)  BinReg: 0.000e+00 (0.000e+00)  SelBinAnchor: 0.000e+00 (0.000e+00)  ActBinMargin: 0.000e+00 (0.000e+00)  Time: 0.223s, 2296.59/s  (0.223s, 2292.19/s)  LR: 7.392e-06  RefW: 0.000e+00  AnchorRefW: 0.000e+00  Data: 0.006 (0.007)
Train: 20 [ 650/2502 ( 26%)]  Loss: 51.427696 (51.4150)  BaseLoss: 51.427696 (51.4150)  RefAttnKL: 0.000e+00 (0.000e+00)  RefLogitKL: 0.000e+00 (0.000e+00)  AnchorRefAttnKL: 0.000e+00 (0.000e+00)  TeacherAttnKL: 0.000e+00 (0.000e+00)  TeacherRel: 0.000e+00 (0.000e+00)  TeacherAttnOut: 0.000e+00 (0.000e+00)  TeacherFeatOut: 0.000e+00 (0.000e+00)  ActScaleAnchor: 0.000e+00 (0.000e+00)  VarTrust: 0.000e+00 (0.000e+00)  DirAnchor: 0.000e+00 (0.000e+00)  BinReg: 0.000e+00 (0.000e+00)  SelBinAnchor: 0.000e+00 (0.000e+00)  ActBinMargin: 0.000e+00 (0.000e+00)  Time: 0.224s, 2287.69/s  (0.223s, 2292.79/s)  LR: 7.383e-06  RefW: 0.000e+00  AnchorRefW: 0.000e+00  Data: 0.006 (0.007)
Train: 20 [ 700/2502 ( 28%)]  Loss: 51.355698 (51.4111)  BaseLoss: 51.355698 (51.4111)  RefAttnKL: 0.000e+00 (0.000e+00)  RefLogitKL: 0.000e+00 (0.000e+00)  AnchorRefAttnKL: 0.000e+00 (0.000e+00)  TeacherAttnKL: 0.000e+00 (0.000e+00)  TeacherRel: 0.000e+00 (0.000e+00)  TeacherAttnOut: 0.000e+00 (0.000e+00)  TeacherFeatOut: 0.000e+00 (0.000e+00)  ActScaleAnchor: 0.000e+00 (0.000e+00)  VarTrust: 0.000e+00 (0.000e+00)  DirAnchor: 0.000e+00 (0.000e+00)  BinReg: 0.000e+00 (0.000e+00)  SelBinAnchor: 0.000e+00 (0.000e+00)  ActBinMargin: 0.000e+00 (0.000e+00)  Time: 0.223s, 2293.71/s  (0.223s, 2293.38/s)  LR: 7.374e-06  RefW: 0.000e+00  AnchorRefW: 0.000e+00  Data: 0.006 (0.007)
Train: 20 [ 750/2502 ( 30%)]  Loss: 51.345036 (51.4070)  BaseLoss: 51.345036 (51.4070)  RefAttnKL: 0.000e+00 (0.000e+00)  RefLogitKL: 0.000e+00 (0.000e+00)  AnchorRefAttnKL: 0.000e+00 (0.000e+00)  TeacherAttnKL: 0.000e+00 (0.000e+00)  TeacherRel: 0.000e+00 (0.000e+00)  TeacherAttnOut: 0.000e+00 (0.000e+00)  TeacherFeatOut: 0.000e+00 (0.000e+00)  ActScaleAnchor: 0.000e+00 (0.000e+00)  VarTrust: 0.000e+00 (0.000e+00)  DirAnchor: 0.000e+00 (0.000e+00)  BinReg: 0.000e+00 (0.000e+00)  SelBinAnchor: 0.000e+00 (0.000e+00)  ActBinMargin: 0.000e+00 (0.000e+00)  Time: 0.224s, 2287.58/s  (0.223s, 2293.76/s)  LR: 7.365e-06  RefW: 0.000e+00  AnchorRefW: 0.000e+00  Data: 0.005 (0.007)
Train: 20 [ 800/2502 ( 32%)]  Loss: 51.379292 (51.4053)  BaseLoss: 51.379292 (51.4053)  RefAttnKL: 0.000e+00 (0.000e+00)  RefLogitKL: 0.000e+00 (0.000e+00)  AnchorRefAttnKL: 0.000e+00 (0.000e+00)  TeacherAttnKL: 0.000e+00 (0.000e+00)  TeacherRel: 0.000e+00 (0.000e+00)  TeacherAttnOut: 0.000e+00 (0.000e+00)  TeacherFeatOut: 0.000e+00 (0.000e+00)  ActScaleAnchor: 0.000e+00 (0.000e+00)  VarTrust: 0.000e+00 (0.000e+00)  DirAnchor: 0.000e+00 (0.000e+00)  BinReg: 0.000e+00 (0.000e+00)  SelBinAnchor: 0.000e+00 (0.000e+00)  ActBinMargin: 0.000e+00 (0.000e+00)  Time: 0.223s, 2292.12/s  (0.223s, 2294.20/s)  LR: 7.356e-06  RefW: 0.000e+00  AnchorRefW: 0.000e+00  Data: 0.006 (0.007)
Train: 20 [ 850/2502 ( 34%)]  Loss: 51.383881 (51.4041)  BaseLoss: 51.383881 (51.4041)  RefAttnKL: 0.000e+00 (0.000e+00)  RefLogitKL: 0.000e+00 (0.000e+00)  AnchorRefAttnKL: 0.000e+00 (0.000e+00)  TeacherAttnKL: 0.000e+00 (0.000e+00)  TeacherRel: 0.000e+00 (0.000e+00)  TeacherAttnOut: 0.000e+00 (0.000e+00)  TeacherFeatOut: 0.000e+00 (0.000e+00)  ActScaleAnchor: 0.000e+00 (0.000e+00)  VarTrust: 0.000e+00 (0.000e+00)  DirAnchor: 0.000e+00 (0.000e+00)  BinReg: 0.000e+00 (0.000e+00)  SelBinAnchor: 0.000e+00 (0.000e+00)  ActBinMargin: 0.000e+00 (0.000e+00)  Time: 0.246s, 2081.26/s  (0.223s, 2294.13/s)  LR: 7.347e-06  RefW: 0.000e+00  AnchorRefW: 0.000e+00  Data: 0.006 (0.007)
Train: 20 [ 900/2502 ( 36%)]  Loss: 51.382175 (51.4030)  BaseLoss: 51.382175 (51.4030)  RefAttnKL: 0.000e+00 (0.000e+00)  RefLogitKL: 0.000e+00 (0.000e+00)  AnchorRefAttnKL: 0.000e+00 (0.000e+00)  TeacherAttnKL: 0.000e+00 (0.000e+00)  TeacherRel: 0.000e+00 (0.000e+00)  TeacherAttnOut: 0.000e+00 (0.000e+00)  TeacherFeatOut: 0.000e+00 (0.000e+00)  ActScaleAnchor: 0.000e+00 (0.000e+00)  VarTrust: 0.000e+00 (0.000e+00)  DirAnchor: 0.000e+00 (0.000e+00)  BinReg: 0.000e+00 (0.000e+00)  SelBinAnchor: 0.000e+00 (0.000e+00)  ActBinMargin: 0.000e+00 (0.000e+00)  Time: 0.224s, 2289.10/s  (0.223s, 2293.77/s)  LR: 7.339e-06  RefW: 0.000e+00  AnchorRefW: 0.000e+00  Data: 0.006 (0.006)
Train: 20 [ 950/2502 ( 38%)]  Loss: 51.384094 (51.4020)  BaseLoss: 51.384094 (51.4020)  RefAttnKL: 0.000e+00 (0.000e+00)  RefLogitKL: 0.000e+00 (0.000e+00)  AnchorRefAttnKL: 0.000e+00 (0.000e+00)  TeacherAttnKL: 0.000e+00 (0.000e+00)  TeacherRel: 0.000e+00 (0.000e+00)  TeacherAttnOut: 0.000e+00 (0.000e+00)  TeacherFeatOut: 0.000e+00 (0.000e+00)  ActScaleAnchor: 0.000e+00 (0.000e+00)  VarTrust: 0.000e+00 (0.000e+00)  DirAnchor: 0.000e+00 (0.000e+00)  BinReg: 0.000e+00 (0.000e+00)  SelBinAnchor: 0.000e+00 (0.000e+00)  ActBinMargin: 0.000e+00 (0.000e+00)  Time: 0.223s, 2294.59/s  (0.223s, 2294.13/s)  LR: 7.330e-06  RefW: 0.000e+00  AnchorRefW: 0.000e+00  Data: 0.005 (0.006)
Train: 20 [1000/2502 ( 40%)]  Loss: 51.436817 (51.4037)  BaseLoss: 51.436817 (51.4037)  RefAttnKL: 0.000e+00 (0.000e+00)  RefLogitKL: 0.000e+00 (0.000e+00)  AnchorRefAttnKL: 0.000e+00 (0.000e+00)  TeacherAttnKL: 0.000e+00 (0.000e+00)  TeacherRel: 0.000e+00 (0.000e+00)  TeacherAttnOut: 0.000e+00 (0.000e+00)  TeacherFeatOut: 0.000e+00 (0.000e+00)  ActScaleAnchor: 0.000e+00 (0.000e+00)  VarTrust: 0.000e+00 (0.000e+00)  DirAnchor: 0.000e+00 (0.000e+00)  BinReg: 0.000e+00 (0.000e+00)  SelBinAnchor: 0.000e+00 (0.000e+00)  ActBinMargin: 0.000e+00 (0.000e+00)  Time: 0.223s, 2292.47/s  (0.223s, 2294.08/s)  LR: 7.321e-06  RefW: 0.000e+00  AnchorRefW: 0.000e+00  Data: 0.006 (0.006)
Train: 20 [1050/2502 ( 42%)]  Loss: 51.398178 (51.4034)  BaseLoss: 51.398178 (51.4034)  RefAttnKL: 0.000e+00 (0.000e+00)  RefLogitKL: 0.000e+00 (0.000e+00)  AnchorRefAttnKL: 0.000e+00 (0.000e+00)  TeacherAttnKL: 0.000e+00 (0.000e+00)  TeacherRel: 0.000e+00 (0.000e+00)  TeacherAttnOut: 0.000e+00 (0.000e+00)  TeacherFeatOut: 0.000e+00 (0.000e+00)  ActScaleAnchor: 0.000e+00 (0.000e+00)  VarTrust: 0.000e+00 (0.000e+00)  DirAnchor: 0.000e+00 (0.000e+00)  BinReg: 0.000e+00 (0.000e+00)  SelBinAnchor: 0.000e+00 (0.000e+00)  ActBinMargin: 0.000e+00 (0.000e+00)  Time: 0.223s, 2295.26/s  (0.223s, 2294.38/s)  LR: 7.312e-06  RefW: 0.000e+00  AnchorRefW: 0.000e+00  Data: 0.006 (0.006)
Train: 20 [1100/2502 ( 44%)]  Loss: 51.344948 (51.4009)  BaseLoss: 51.344948 (51.4009)  RefAttnKL: 0.000e+00 (0.000e+00)  RefLogitKL: 0.000e+00 (0.000e+00)  AnchorRefAttnKL: 0.000e+00 (0.000e+00)  TeacherAttnKL: 0.000e+00 (0.000e+00)  TeacherRel: 0.000e+00 (0.000e+00)  TeacherAttnOut: 0.000e+00 (0.000e+00)  TeacherFeatOut: 0.000e+00 (0.000e+00)  ActScaleAnchor: 0.000e+00 (0.000e+00)  VarTrust: 0.000e+00 (0.000e+00)  DirAnchor: 0.000e+00 (0.000e+00)  BinReg: 0.000e+00 (0.000e+00)  SelBinAnchor: 0.000e+00 (0.000e+00)  ActBinMargin: 0.000e+00 (0.000e+00)  Time: 0.223s, 2293.94/s  (0.223s, 2294.64/s)  LR: 7.303e-06  RefW: 0.000e+00  AnchorRefW: 0.000e+00  Data: 0.006 (0.006)
Train: 20 [1150/2502 ( 46%)]  Loss: 51.421848 (51.4018)  BaseLoss: 51.421848 (51.4018)  RefAttnKL: 0.000e+00 (0.000e+00)  RefLogitKL: 0.000e+00 (0.000e+00)  AnchorRefAttnKL: 0.000e+00 (0.000e+00)  TeacherAttnKL: 0.000e+00 (0.000e+00)  TeacherRel: 0.000e+00 (0.000e+00)  TeacherAttnOut: 0.000e+00 (0.000e+00)  TeacherFeatOut: 0.000e+00 (0.000e+00)  ActScaleAnchor: 0.000e+00 (0.000e+00)  VarTrust: 0.000e+00 (0.000e+00)  DirAnchor: 0.000e+00 (0.000e+00)  BinReg: 0.000e+00 (0.000e+00)  SelBinAnchor: 0.000e+00 (0.000e+00)  ActBinMargin: 0.000e+00 (0.000e+00)  Time: 0.223s, 2293.72/s  (0.223s, 2294.89/s)  LR: 7.294e-06  RefW: 0.000e+00  AnchorRefW: 0.000e+00  Data: 0.006 (0.006)
Train: 20 [1200/2502 ( 48%)]  Loss: 51.389290 (51.4013)  BaseLoss: 51.389290 (51.4013)  RefAttnKL: 0.000e+00 (0.000e+00)  RefLogitKL: 0.000e+00 (0.000e+00)  AnchorRefAttnKL: 0.000e+00 (0.000e+00)  TeacherAttnKL: 0.000e+00 (0.000e+00)  TeacherRel: 0.000e+00 (0.000e+00)  TeacherAttnOut: 0.000e+00 (0.000e+00)  TeacherFeatOut: 0.000e+00 (0.000e+00)  ActScaleAnchor: 0.000e+00 (0.000e+00)  VarTrust: 0.000e+00 (0.000e+00)  DirAnchor: 0.000e+00 (0.000e+00)  BinReg: 0.000e+00 (0.000e+00)  SelBinAnchor: 0.000e+00 (0.000e+00)  ActBinMargin: 0.000e+00 (0.000e+00)  Time: 0.224s, 2290.72/s  (0.223s, 2295.10/s)  LR: 7.286e-06  RefW: 0.000e+00  AnchorRefW: 0.000e+00  Data: 0.006 (0.006)
Train: 20 [1250/2502 ( 50%)]  Loss: 51.414230 (51.4018)  BaseLoss: 51.414230 (51.4018)  RefAttnKL: 0.000e+00 (0.000e+00)  RefLogitKL: 0.000e+00 (0.000e+00)  AnchorRefAttnKL: 0.000e+00 (0.000e+00)  TeacherAttnKL: 0.000e+00 (0.000e+00)  TeacherRel: 0.000e+00 (0.000e+00)  TeacherAttnOut: 0.000e+00 (0.000e+00)  TeacherFeatOut: 0.000e+00 (0.000e+00)  ActScaleAnchor: 0.000e+00 (0.000e+00)  VarTrust: 0.000e+00 (0.000e+00)  DirAnchor: 0.000e+00 (0.000e+00)  BinReg: 0.000e+00 (0.000e+00)  SelBinAnchor: 0.000e+00 (0.000e+00)  ActBinMargin: 0.000e+00 (0.000e+00)  Time: 0.221s, 2321.01/s  (0.223s, 2295.32/s)  LR: 7.277e-06  RefW: 0.000e+00  AnchorRefW: 0.000e+00  Data: 0.005 (0.006)
Train: 20 [1300/2502 ( 52%)]  Loss: 51.408569 (51.4020)  BaseLoss: 51.408569 (51.4020)  RefAttnKL: 0.000e+00 (0.000e+00)  RefLogitKL: 0.000e+00 (0.000e+00)  AnchorRefAttnKL: 0.000e+00 (0.000e+00)  TeacherAttnKL: 0.000e+00 (0.000e+00)  TeacherRel: 0.000e+00 (0.000e+00)  TeacherAttnOut: 0.000e+00 (0.000e+00)  TeacherFeatOut: 0.000e+00 (0.000e+00)  ActScaleAnchor: 0.000e+00 (0.000e+00)  VarTrust: 0.000e+00 (0.000e+00)  DirAnchor: 0.000e+00 (0.000e+00)  BinReg: 0.000e+00 (0.000e+00)  SelBinAnchor: 0.000e+00 (0.000e+00)  ActBinMargin: 0.000e+00 (0.000e+00)  Time: 0.227s, 2252.40/s  (0.223s, 2295.37/s)  LR: 7.268e-06  RefW: 0.000e+00  AnchorRefW: 0.000e+00  Data: 0.006 (0.006)
Train: 20 [1350/2502 ( 54%)]  Loss: 51.398125 (51.4019)  BaseLoss: 51.398125 (51.4019)  RefAttnKL: 0.000e+00 (0.000e+00)  RefLogitKL: 0.000e+00 (0.000e+00)  AnchorRefAttnKL: 0.000e+00 (0.000e+00)  TeacherAttnKL: 0.000e+00 (0.000e+00)  TeacherRel: 0.000e+00 (0.000e+00)  TeacherAttnOut: 0.000e+00 (0.000e+00)  TeacherFeatOut: 0.000e+00 (0.000e+00)  ActScaleAnchor: 0.000e+00 (0.000e+00)  VarTrust: 0.000e+00 (0.000e+00)  DirAnchor: 0.000e+00 (0.000e+00)  BinReg: 0.000e+00 (0.000e+00)  SelBinAnchor: 0.000e+00 (0.000e+00)  ActBinMargin: 0.000e+00 (0.000e+00)  Time: 0.223s, 2295.00/s  (0.223s, 2295.48/s)  LR: 7.259e-06  RefW: 0.000e+00  AnchorRefW: 0.000e+00  Data: 0.005 (0.006)
Train: 20 [1400/2502 ( 56%)]  Loss: 51.392326 (51.4016)  BaseLoss: 51.392326 (51.4016)  RefAttnKL: 0.000e+00 (0.000e+00)  RefLogitKL: 0.000e+00 (0.000e+00)  AnchorRefAttnKL: 0.000e+00 (0.000e+00)  TeacherAttnKL: 0.000e+00 (0.000e+00)  TeacherRel: 0.000e+00 (0.000e+00)  TeacherAttnOut: 0.000e+00 (0.000e+00)  TeacherFeatOut: 0.000e+00 (0.000e+00)  ActScaleAnchor: 0.000e+00 (0.000e+00)  VarTrust: 0.000e+00 (0.000e+00)  DirAnchor: 0.000e+00 (0.000e+00)  BinReg: 0.000e+00 (0.000e+00)  SelBinAnchor: 0.000e+00 (0.000e+00)  ActBinMargin: 0.000e+00 (0.000e+00)  Time: 0.219s, 2333.31/s  (0.223s, 2295.43/s)  LR: 7.251e-06  RefW: 0.000e+00  AnchorRefW: 0.000e+00  Data: 0.006 (0.006)
Train: 20 [1450/2502 ( 58%)]  Loss: 51.425610 (51.4024)  BaseLoss: 51.425610 (51.4024)  RefAttnKL: 0.000e+00 (0.000e+00)  RefLogitKL: 0.000e+00 (0.000e+00)  AnchorRefAttnKL: 0.000e+00 (0.000e+00)  TeacherAttnKL: 0.000e+00 (0.000e+00)  TeacherRel: 0.000e+00 (0.000e+00)  TeacherAttnOut: 0.000e+00 (0.000e+00)  TeacherFeatOut: 0.000e+00 (0.000e+00)  ActScaleAnchor: 0.000e+00 (0.000e+00)  VarTrust: 0.000e+00 (0.000e+00)  DirAnchor: 0.000e+00 (0.000e+00)  BinReg: 0.000e+00 (0.000e+00)  SelBinAnchor: 0.000e+00 (0.000e+00)  ActBinMargin: 0.000e+00 (0.000e+00)  Time: 0.224s, 2285.01/s  (0.223s, 2295.59/s)  LR: 7.242e-06  RefW: 0.000e+00  AnchorRefW: 0.000e+00  Data: 0.005 (0.006)
Train: 20 [1500/2502 ( 60%)]  Loss: 51.417225 (51.4028)  BaseLoss: 51.417225 (51.4028)  RefAttnKL: 0.000e+00 (0.000e+00)  RefLogitKL: 0.000e+00 (0.000e+00)  AnchorRefAttnKL: 0.000e+00 (0.000e+00)  TeacherAttnKL: 0.000e+00 (0.000e+00)  TeacherRel: 0.000e+00 (0.000e+00)  TeacherAttnOut: 0.000e+00 (0.000e+00)  TeacherFeatOut: 0.000e+00 (0.000e+00)  ActScaleAnchor: 0.000e+00 (0.000e+00)  VarTrust: 0.000e+00 (0.000e+00)  DirAnchor: 0.000e+00 (0.000e+00)  BinReg: 0.000e+00 (0.000e+00)  SelBinAnchor: 0.000e+00 (0.000e+00)  ActBinMargin: 0.000e+00 (0.000e+00)  Time: 0.223s, 2294.37/s  (0.223s, 2295.76/s)  LR: 7.233e-06  RefW: 0.000e+00  AnchorRefW: 0.000e+00  Data: 0.006 (0.006)
Train: 20 [1550/2502 ( 62%)]  Loss: 51.430542 (51.4037)  BaseLoss: 51.430542 (51.4037)  RefAttnKL: 0.000e+00 (0.000e+00)  RefLogitKL: 0.000e+00 (0.000e+00)  AnchorRefAttnKL: 0.000e+00 (0.000e+00)  TeacherAttnKL: 0.000e+00 (0.000e+00)  TeacherRel: 0.000e+00 (0.000e+00)  TeacherAttnOut: 0.000e+00 (0.000e+00)  TeacherFeatOut: 0.000e+00 (0.000e+00)  ActScaleAnchor: 0.000e+00 (0.000e+00)  VarTrust: 0.000e+00 (0.000e+00)  DirAnchor: 0.000e+00 (0.000e+00)  BinReg: 0.000e+00 (0.000e+00)  SelBinAnchor: 0.000e+00 (0.000e+00)  ActBinMargin: 0.000e+00 (0.000e+00)  Time: 0.223s, 2297.99/s  (0.223s, 2295.90/s)  LR: 7.224e-06  RefW: 0.000e+00  AnchorRefW: 0.000e+00  Data: 0.006 (0.006)
Train: 20 [1600/2502 ( 64%)]  Loss: 51.391193 (51.4033)  BaseLoss: 51.391193 (51.4033)  RefAttnKL: 0.000e+00 (0.000e+00)  RefLogitKL: 0.000e+00 (0.000e+00)  AnchorRefAttnKL: 0.000e+00 (0.000e+00)  TeacherAttnKL: 0.000e+00 (0.000e+00)  TeacherRel: 0.000e+00 (0.000e+00)  TeacherAttnOut: 0.000e+00 (0.000e+00)  TeacherFeatOut: 0.000e+00 (0.000e+00)  ActScaleAnchor: 0.000e+00 (0.000e+00)  VarTrust: 0.000e+00 (0.000e+00)  DirAnchor: 0.000e+00 (0.000e+00)  BinReg: 0.000e+00 (0.000e+00)  SelBinAnchor: 0.000e+00 (0.000e+00)  ActBinMargin: 0.000e+00 (0.000e+00)  Time: 0.223s, 2291.70/s  (0.223s, 2295.91/s)  LR: 7.216e-06  RefW: 0.000e+00  AnchorRefW: 0.000e+00  Data: 0.006 (0.006)
Train: 20 [1650/2502 ( 66%)]  Loss: 51.433300 (51.4042)  BaseLoss: 51.433300 (51.4042)  RefAttnKL: 0.000e+00 (0.000e+00)  RefLogitKL: 0.000e+00 (0.000e+00)  AnchorRefAttnKL: 0.000e+00 (0.000e+00)  TeacherAttnKL: 0.000e+00 (0.000e+00)  TeacherRel: 0.000e+00 (0.000e+00)  TeacherAttnOut: 0.000e+00 (0.000e+00)  TeacherFeatOut: 0.000e+00 (0.000e+00)  ActScaleAnchor: 0.000e+00 (0.000e+00)  VarTrust: 0.000e+00 (0.000e+00)  DirAnchor: 0.000e+00 (0.000e+00)  BinReg: 0.000e+00 (0.000e+00)  SelBinAnchor: 0.000e+00 (0.000e+00)  ActBinMargin: 0.000e+00 (0.000e+00)  Time: 0.223s, 2291.75/s  (0.223s, 2295.94/s)  LR: 7.207e-06  RefW: 0.000e+00  AnchorRefW: 0.000e+00  Data: 0.006 (0.006)
Train: 20 [1700/2502 ( 68%)]  Loss: 51.409893 (51.4044)  BaseLoss: 51.409893 (51.4044)  RefAttnKL: 0.000e+00 (0.000e+00)  RefLogitKL: 0.000e+00 (0.000e+00)  AnchorRefAttnKL: 0.000e+00 (0.000e+00)  TeacherAttnKL: 0.000e+00 (0.000e+00)  TeacherRel: 0.000e+00 (0.000e+00)  TeacherAttnOut: 0.000e+00 (0.000e+00)  TeacherFeatOut: 0.000e+00 (0.000e+00)  ActScaleAnchor: 0.000e+00 (0.000e+00)  VarTrust: 0.000e+00 (0.000e+00)  DirAnchor: 0.000e+00 (0.000e+00)  BinReg: 0.000e+00 (0.000e+00)  SelBinAnchor: 0.000e+00 (0.000e+00)  ActBinMargin: 0.000e+00 (0.000e+00)  Time: 0.223s, 2295.19/s  (0.223s, 2296.03/s)  LR: 7.198e-06  RefW: 0.000e+00  AnchorRefW: 0.000e+00  Data: 0.006 (0.006)
Train: 20 [1750/2502 ( 70%)]  Loss: 51.399033 (51.4042)  BaseLoss: 51.399033 (51.4042)  RefAttnKL: 0.000e+00 (0.000e+00)  RefLogitKL: 0.000e+00 (0.000e+00)  AnchorRefAttnKL: 0.000e+00 (0.000e+00)  TeacherAttnKL: 0.000e+00 (0.000e+00)  TeacherRel: 0.000e+00 (0.000e+00)  TeacherAttnOut: 0.000e+00 (0.000e+00)  TeacherFeatOut: 0.000e+00 (0.000e+00)  ActScaleAnchor: 0.000e+00 (0.000e+00)  VarTrust: 0.000e+00 (0.000e+00)  DirAnchor: 0.000e+00 (0.000e+00)  BinReg: 0.000e+00 (0.000e+00)  SelBinAnchor: 0.000e+00 (0.000e+00)  ActBinMargin: 0.000e+00 (0.000e+00)  Time: 0.224s, 2287.69/s  (0.223s, 2296.08/s)  LR: 7.190e-06  RefW: 0.000e+00  AnchorRefW: 0.000e+00  Data: 0.006 (0.006)
Train: 20 [1800/2502 ( 72%)]  Loss: 51.409389 (51.4044)  BaseLoss: 51.409389 (51.4044)  RefAttnKL: 0.000e+00 (0.000e+00)  RefLogitKL: 0.000e+00 (0.000e+00)  AnchorRefAttnKL: 0.000e+00 (0.000e+00)  TeacherAttnKL: 0.000e+00 (0.000e+00)  TeacherRel: 0.000e+00 (0.000e+00)  TeacherAttnOut: 0.000e+00 (0.000e+00)  TeacherFeatOut: 0.000e+00 (0.000e+00)  ActScaleAnchor: 0.000e+00 (0.000e+00)  VarTrust: 0.000e+00 (0.000e+00)  DirAnchor: 0.000e+00 (0.000e+00)  BinReg: 0.000e+00 (0.000e+00)  SelBinAnchor: 0.000e+00 (0.000e+00)  ActBinMargin: 0.000e+00 (0.000e+00)  Time: 0.223s, 2299.46/s  (0.223s, 2296.21/s)  LR: 7.181e-06  RefW: 0.000e+00  AnchorRefW: 0.000e+00  Data: 0.006 (0.006)
Train: 20 [1850/2502 ( 74%)]  Loss: 51.365482 (51.4033)  BaseLoss: 51.365482 (51.4033)  RefAttnKL: 0.000e+00 (0.000e+00)  RefLogitKL: 0.000e+00 (0.000e+00)  AnchorRefAttnKL: 0.000e+00 (0.000e+00)  TeacherAttnKL: 0.000e+00 (0.000e+00)  TeacherRel: 0.000e+00 (0.000e+00)  TeacherAttnOut: 0.000e+00 (0.000e+00)  TeacherFeatOut: 0.000e+00 (0.000e+00)  ActScaleAnchor: 0.000e+00 (0.000e+00)  VarTrust: 0.000e+00 (0.000e+00)  DirAnchor: 0.000e+00 (0.000e+00)  BinReg: 0.000e+00 (0.000e+00)  SelBinAnchor: 0.000e+00 (0.000e+00)  ActBinMargin: 0.000e+00 (0.000e+00)  Time: 0.223s, 2292.04/s  (0.223s, 2296.11/s)  LR: 7.172e-06  RefW: 0.000e+00  AnchorRefW: 0.000e+00  Data: 0.005 (0.006)
Train: 20 [1900/2502 ( 76%)]  Loss: 51.424156 (51.4039)  BaseLoss: 51.424156 (51.4039)  RefAttnKL: 0.000e+00 (0.000e+00)  RefLogitKL: 0.000e+00 (0.000e+00)  AnchorRefAttnKL: 0.000e+00 (0.000e+00)  TeacherAttnKL: 0.000e+00 (0.000e+00)  TeacherRel: 0.000e+00 (0.000e+00)  TeacherAttnOut: 0.000e+00 (0.000e+00)  TeacherFeatOut: 0.000e+00 (0.000e+00)  ActScaleAnchor: 0.000e+00 (0.000e+00)  VarTrust: 0.000e+00 (0.000e+00)  DirAnchor: 0.000e+00 (0.000e+00)  BinReg: 0.000e+00 (0.000e+00)  SelBinAnchor: 0.000e+00 (0.000e+00)  ActBinMargin: 0.000e+00 (0.000e+00)  Time: 0.223s, 2292.87/s  (0.223s, 2296.23/s)  LR: 7.164e-06  RefW: 0.000e+00  AnchorRefW: 0.000e+00  Data: 0.006 (0.006)
Train: 20 [1950/2502 ( 78%)]  Loss: 51.421440 (51.4043)  BaseLoss: 51.421440 (51.4043)  RefAttnKL: 0.000e+00 (0.000e+00)  RefLogitKL: 0.000e+00 (0.000e+00)  AnchorRefAttnKL: 0.000e+00 (0.000e+00)  TeacherAttnKL: 0.000e+00 (0.000e+00)  TeacherRel: 0.000e+00 (0.000e+00)  TeacherAttnOut: 0.000e+00 (0.000e+00)  TeacherFeatOut: 0.000e+00 (0.000e+00)  ActScaleAnchor: 0.000e+00 (0.000e+00)  VarTrust: 0.000e+00 (0.000e+00)  DirAnchor: 0.000e+00 (0.000e+00)  BinReg: 0.000e+00 (0.000e+00)  SelBinAnchor: 0.000e+00 (0.000e+00)  ActBinMargin: 0.000e+00 (0.000e+00)  Time: 0.223s, 2292.42/s  (0.223s, 2296.19/s)  LR: 7.155e-06  RefW: 0.000e+00  AnchorRefW: 0.000e+00  Data: 0.005 (0.006)
Train: 20 [2000/2502 ( 80%)]  Loss: 51.412689 (51.4045)  BaseLoss: 51.412689 (51.4045)  RefAttnKL: 0.000e+00 (0.000e+00)  RefLogitKL: 0.000e+00 (0.000e+00)  AnchorRefAttnKL: 0.000e+00 (0.000e+00)  TeacherAttnKL: 0.000e+00 (0.000e+00)  TeacherRel: 0.000e+00 (0.000e+00)  TeacherAttnOut: 0.000e+00 (0.000e+00)  TeacherFeatOut: 0.000e+00 (0.000e+00)  ActScaleAnchor: 0.000e+00 (0.000e+00)  VarTrust: 0.000e+00 (0.000e+00)  DirAnchor: 0.000e+00 (0.000e+00)  BinReg: 0.000e+00 (0.000e+00)  SelBinAnchor: 0.000e+00 (0.000e+00)  ActBinMargin: 0.000e+00 (0.000e+00)  Time: 0.223s, 2291.22/s  (0.223s, 2296.30/s)  LR: 7.147e-06  RefW: 0.000e+00  AnchorRefW: 0.000e+00  Data: 0.006 (0.006)
Train: 20 [2050/2502 ( 82%)]  Loss: 51.357880 (51.4034)  BaseLoss: 51.357880 (51.4034)  RefAttnKL: 0.000e+00 (0.000e+00)  RefLogitKL: 0.000e+00 (0.000e+00)  AnchorRefAttnKL: 0.000e+00 (0.000e+00)  TeacherAttnKL: 0.000e+00 (0.000e+00)  TeacherRel: 0.000e+00 (0.000e+00)  TeacherAttnOut: 0.000e+00 (0.000e+00)  TeacherFeatOut: 0.000e+00 (0.000e+00)  ActScaleAnchor: 0.000e+00 (0.000e+00)  VarTrust: 0.000e+00 (0.000e+00)  DirAnchor: 0.000e+00 (0.000e+00)  BinReg: 0.000e+00 (0.000e+00)  SelBinAnchor: 0.000e+00 (0.000e+00)  ActBinMargin: 0.000e+00 (0.000e+00)  Time: 0.227s, 2252.09/s  (0.223s, 2296.37/s)  LR: 7.138e-06  RefW: 0.000e+00  AnchorRefW: 0.000e+00  Data: 0.006 (0.006)
Train: 20 [2100/2502 ( 84%)]  Loss: 51.368057 (51.4026)  BaseLoss: 51.368057 (51.4026)  RefAttnKL: 0.000e+00 (0.000e+00)  RefLogitKL: 0.000e+00 (0.000e+00)  AnchorRefAttnKL: 0.000e+00 (0.000e+00)  TeacherAttnKL: 0.000e+00 (0.000e+00)  TeacherRel: 0.000e+00 (0.000e+00)  TeacherAttnOut: 0.000e+00 (0.000e+00)  TeacherFeatOut: 0.000e+00 (0.000e+00)  ActScaleAnchor: 0.000e+00 (0.000e+00)  VarTrust: 0.000e+00 (0.000e+00)  DirAnchor: 0.000e+00 (0.000e+00)  BinReg: 0.000e+00 (0.000e+00)  SelBinAnchor: 0.000e+00 (0.000e+00)  ActBinMargin: 0.000e+00 (0.000e+00)  Time: 0.223s, 2291.15/s  (0.223s, 2296.44/s)  LR: 7.129e-06  RefW: 0.000e+00  AnchorRefW: 0.000e+00  Data: 0.006 (0.006)
Train: 20 [2150/2502 ( 86%)]  Loss: 51.401726 (51.4026)  BaseLoss: 51.401726 (51.4026)  RefAttnKL: 0.000e+00 (0.000e+00)  RefLogitKL: 0.000e+00 (0.000e+00)  AnchorRefAttnKL: 0.000e+00 (0.000e+00)  TeacherAttnKL: 0.000e+00 (0.000e+00)  TeacherRel: 0.000e+00 (0.000e+00)  TeacherAttnOut: 0.000e+00 (0.000e+00)  TeacherFeatOut: 0.000e+00 (0.000e+00)  ActScaleAnchor: 0.000e+00 (0.000e+00)  VarTrust: 0.000e+00 (0.000e+00)  DirAnchor: 0.000e+00 (0.000e+00)  BinReg: 0.000e+00 (0.000e+00)  SelBinAnchor: 0.000e+00 (0.000e+00)  ActBinMargin: 0.000e+00 (0.000e+00)  Time: 0.223s, 2292.26/s  (0.223s, 2296.45/s)  LR: 7.121e-06  RefW: 0.000e+00  AnchorRefW: 0.000e+00  Data: 0.006 (0.006)
Train: 20 [2200/2502 ( 88%)]  Loss: 51.386894 (51.4022)  BaseLoss: 51.386894 (51.4022)  RefAttnKL: 0.000e+00 (0.000e+00)  RefLogitKL: 0.000e+00 (0.000e+00)  AnchorRefAttnKL: 0.000e+00 (0.000e+00)  TeacherAttnKL: 0.000e+00 (0.000e+00)  TeacherRel: 0.000e+00 (0.000e+00)  TeacherAttnOut: 0.000e+00 (0.000e+00)  TeacherFeatOut: 0.000e+00 (0.000e+00)  ActScaleAnchor: 0.000e+00 (0.000e+00)  VarTrust: 0.000e+00 (0.000e+00)  DirAnchor: 0.000e+00 (0.000e+00)  BinReg: 0.000e+00 (0.000e+00)  SelBinAnchor: 0.000e+00 (0.000e+00)  ActBinMargin: 0.000e+00 (0.000e+00)  Time: 0.224s, 2285.10/s  (0.223s, 2296.46/s)  LR: 7.112e-06  RefW: 0.000e+00  AnchorRefW: 0.000e+00  Data: 0.006 (0.006)
Train: 20 [2250/2502 ( 90%)]  Loss: 51.380215 (51.4017)  BaseLoss: 51.380215 (51.4017)  RefAttnKL: 0.000e+00 (0.000e+00)  RefLogitKL: 0.000e+00 (0.000e+00)  AnchorRefAttnKL: 0.000e+00 (0.000e+00)  TeacherAttnKL: 0.000e+00 (0.000e+00)  TeacherRel: 0.000e+00 (0.000e+00)  TeacherAttnOut: 0.000e+00 (0.000e+00)  TeacherFeatOut: 0.000e+00 (0.000e+00)  ActScaleAnchor: 0.000e+00 (0.000e+00)  VarTrust: 0.000e+00 (0.000e+00)  DirAnchor: 0.000e+00 (0.000e+00)  BinReg: 0.000e+00 (0.000e+00)  SelBinAnchor: 0.000e+00 (0.000e+00)  ActBinMargin: 0.000e+00 (0.000e+00)  Time: 0.224s, 2289.67/s  (0.223s, 2296.54/s)  LR: 7.104e-06  RefW: 0.000e+00  AnchorRefW: 0.000e+00  Data: 0.006 (0.006)
Train: 20 [2300/2502 ( 92%)]  Loss: 51.407578 (51.4019)  BaseLoss: 51.407578 (51.4019)  RefAttnKL: 0.000e+00 (0.000e+00)  RefLogitKL: 0.000e+00 (0.000e+00)  AnchorRefAttnKL: 0.000e+00 (0.000e+00)  TeacherAttnKL: 0.000e+00 (0.000e+00)  TeacherRel: 0.000e+00 (0.000e+00)  TeacherAttnOut: 0.000e+00 (0.000e+00)  TeacherFeatOut: 0.000e+00 (0.000e+00)  ActScaleAnchor: 0.000e+00 (0.000e+00)  VarTrust: 0.000e+00 (0.000e+00)  DirAnchor: 0.000e+00 (0.000e+00)  BinReg: 0.000e+00 (0.000e+00)  SelBinAnchor: 0.000e+00 (0.000e+00)  ActBinMargin: 0.000e+00 (0.000e+00)  Time: 0.222s, 2302.51/s  (0.223s, 2296.41/s)  LR: 7.095e-06  RefW: 0.000e+00  AnchorRefW: 0.000e+00  Data: 0.005 (0.006)
Train: 20 [2350/2502 ( 94%)]  Loss: 51.420784 (51.4023)  BaseLoss: 51.420784 (51.4023)  RefAttnKL: 0.000e+00 (0.000e+00)  RefLogitKL: 0.000e+00 (0.000e+00)  AnchorRefAttnKL: 0.000e+00 (0.000e+00)  TeacherAttnKL: 0.000e+00 (0.000e+00)  TeacherRel: 0.000e+00 (0.000e+00)  TeacherAttnOut: 0.000e+00 (0.000e+00)  TeacherFeatOut: 0.000e+00 (0.000e+00)  ActScaleAnchor: 0.000e+00 (0.000e+00)  VarTrust: 0.000e+00 (0.000e+00)  DirAnchor: 0.000e+00 (0.000e+00)  BinReg: 0.000e+00 (0.000e+00)  SelBinAnchor: 0.000e+00 (0.000e+00)  ActBinMargin: 0.000e+00 (0.000e+00)  Time: 0.223s, 2293.70/s  (0.223s, 2296.50/s)  LR: 7.087e-06  RefW: 0.000e+00  AnchorRefW: 0.000e+00  Data: 0.006 (0.006)
Train: 20 [2400/2502 ( 96%)]  Loss: 51.402462 (51.4023)  BaseLoss: 51.402462 (51.4023)  RefAttnKL: 0.000e+00 (0.000e+00)  RefLogitKL: 0.000e+00 (0.000e+00)  AnchorRefAttnKL: 0.000e+00 (0.000e+00)  TeacherAttnKL: 0.000e+00 (0.000e+00)  TeacherRel: 0.000e+00 (0.000e+00)  TeacherAttnOut: 0.000e+00 (0.000e+00)  TeacherFeatOut: 0.000e+00 (0.000e+00)  ActScaleAnchor: 0.000e+00 (0.000e+00)  VarTrust: 0.000e+00 (0.000e+00)  DirAnchor: 0.000e+00 (0.000e+00)  BinReg: 0.000e+00 (0.000e+00)  SelBinAnchor: 0.000e+00 (0.000e+00)  ActBinMargin: 0.000e+00 (0.000e+00)  Time: 0.224s, 2290.69/s  (0.223s, 2296.54/s)  LR: 7.078e-06  RefW: 0.000e+00  AnchorRefW: 0.000e+00  Data: 0.006 (0.006)
Train: 20 [2450/2502 ( 98%)]  Loss: 51.441429 (51.4030)  BaseLoss: 51.441429 (51.4030)  RefAttnKL: 0.000e+00 (0.000e+00)  RefLogitKL: 0.000e+00 (0.000e+00)  AnchorRefAttnKL: 0.000e+00 (0.000e+00)  TeacherAttnKL: 0.000e+00 (0.000e+00)  TeacherRel: 0.000e+00 (0.000e+00)  TeacherAttnOut: 0.000e+00 (0.000e+00)  TeacherFeatOut: 0.000e+00 (0.000e+00)  ActScaleAnchor: 0.000e+00 (0.000e+00)  VarTrust: 0.000e+00 (0.000e+00)  DirAnchor: 0.000e+00 (0.000e+00)  BinReg: 0.000e+00 (0.000e+00)  SelBinAnchor: 0.000e+00 (0.000e+00)  ActBinMargin: 0.000e+00 (0.000e+00)  Time: 0.223s, 2293.72/s  (0.223s, 2296.60/s)  LR: 7.070e-06  RefW: 0.000e+00  AnchorRefW: 0.000e+00  Data: 0.006 (0.006)
TrainSummary: epoch=20 updates=2496 avg_step_time=0.222928s samples_per_step=512 samples_per_sec=2296.70
epoch:  20 g['lr']:  7.062089741230011e-06
model eval
TestLocal: [   0/97]  Time: 0.932 (0.932)  Loss:  0.7622  Acc@1: 79.6875  Acc@5: 93.7500  Samples: 64
TestLocal: [  50/97]  Time: 0.091 (0.107)  Loss:  0.8258  Acc@1: 81.2194  Acc@5: 95.4044  Samples: 3264
TestLocal: [  97/97]  Time: 0.048 (0.098)  Loss:  0.8188  Acc@1: 80.9238  Acc@5: 95.4295  Samples: 6170
TestLocal: [ 100/97]  Time: 0.048 (0.097)  Loss:  0.8188  Acc@1: 80.9340  Acc@5: 95.4267  Samples: 6210
Test: [distributed-summary]  Time: 10.163s  Loss: 0.8406  Acc@1: 80.3400  Acc@5: 95.3480  Samples: 50000
Trainable parameter policy: epoch=21, quant_only=False, policy=all, trainable=28608256, frozen=0
AOQ explore scale ratio update: epoch=21, update=0, active=False, base_ratio=1.0, threshold_ratio=0.0, base_layers=(), selective_margin=0.0, base_quantizers=0, layer_ratios={}, layer_quantizers=0, layer_counts={}, quality_mode=none, quality_layers=(), quality_start_update=0, quality_min_frac=0.0, start_update=0, end_update=0
Trainable parameter update policy: epoch=21, update=0, mode=requires_grad, policy=all, trainable=28608256, frozen=0
Train: 21 [   0/2502 (  0%)]  Loss: 51.405029 (51.4050)  BaseLoss: 51.405029 (51.4050)  RefAttnKL: 0.000e+00 (0.000e+00)  RefLogitKL: 0.000e+00 (0.000e+00)  AnchorRefAttnKL: 0.000e+00 (0.000e+00)  TeacherAttnKL: 0.000e+00 (0.000e+00)  TeacherRel: 0.000e+00 (0.000e+00)  TeacherAttnOut: 0.000e+00 (0.000e+00)  TeacherFeatOut: 0.000e+00 (0.000e+00)  ActScaleAnchor: 0.000e+00 (0.000e+00)  VarTrust: 0.000e+00 (0.000e+00)  DirAnchor: 0.000e+00 (0.000e+00)  BinReg: 0.000e+00 (0.000e+00)  SelBinAnchor: 0.000e+00 (0.000e+00)  ActBinMargin: 0.000e+00 (0.000e+00)  Time: 0.701s,  730.41/s  (0.701s,  730.41/s)  LR: 7.061e-06  RefW: 0.000e+00  AnchorRefW: 0.000e+00  Data: 0.475 (0.475)
Train: 21 [  50/2502 (  2%)]  Loss: 51.385445 (51.3952)  BaseLoss: 51.385445 (51.3952)  RefAttnKL: 0.000e+00 (0.000e+00)  RefLogitKL: 0.000e+00 (0.000e+00)  AnchorRefAttnKL: 0.000e+00 (0.000e+00)  TeacherAttnKL: 0.000e+00 (0.000e+00)  TeacherRel: 0.000e+00 (0.000e+00)  TeacherAttnOut: 0.000e+00 (0.000e+00)  TeacherFeatOut: 0.000e+00 (0.000e+00)  ActScaleAnchor: 0.000e+00 (0.000e+00)  VarTrust: 0.000e+00 (0.000e+00)  DirAnchor: 0.000e+00 (0.000e+00)  BinReg: 0.000e+00 (0.000e+00)  SelBinAnchor: 0.000e+00 (0.000e+00)  ActBinMargin: 0.000e+00 (0.000e+00)  Time: 0.224s, 2289.89/s  (0.232s, 2205.24/s)  LR: 7.052e-06  RefW: 0.000e+00  AnchorRefW: 0.000e+00  Data: 0.005 (0.015)
Train: 21 [ 100/2502 (  4%)]  Loss: 51.420219 (51.4036)  BaseLoss: 51.420219 (51.4036)  RefAttnKL: 0.000e+00 (0.000e+00)  RefLogitKL: 0.000e+00 (0.000e+00)  AnchorRefAttnKL: 0.000e+00 (0.000e+00)  TeacherAttnKL: 0.000e+00 (0.000e+00)  TeacherRel: 0.000e+00 (0.000e+00)  TeacherAttnOut: 0.000e+00 (0.000e+00)  TeacherFeatOut: 0.000e+00 (0.000e+00)  ActScaleAnchor: 0.000e+00 (0.000e+00)  VarTrust: 0.000e+00 (0.000e+00)  DirAnchor: 0.000e+00 (0.000e+00)  BinReg: 0.000e+00 (0.000e+00)  SelBinAnchor: 0.000e+00 (0.000e+00)  ActBinMargin: 0.000e+00 (0.000e+00)  Time: 0.224s, 2288.43/s  (0.227s, 2251.06/s)  LR: 7.044e-06  RefW: 0.000e+00  AnchorRefW: 0.000e+00  Data: 0.005 (0.010)
Train: 21 [ 150/2502 (  6%)]  Loss: 51.411503 (51.4055)  BaseLoss: 51.411503 (51.4055)  RefAttnKL: 0.000e+00 (0.000e+00)  RefLogitKL: 0.000e+00 (0.000e+00)  AnchorRefAttnKL: 0.000e+00 (0.000e+00)  TeacherAttnKL: 0.000e+00 (0.000e+00)  TeacherRel: 0.000e+00 (0.000e+00)  TeacherAttnOut: 0.000e+00 (0.000e+00)  TeacherFeatOut: 0.000e+00 (0.000e+00)  ActScaleAnchor: 0.000e+00 (0.000e+00)  VarTrust: 0.000e+00 (0.000e+00)  DirAnchor: 0.000e+00 (0.000e+00)  BinReg: 0.000e+00 (0.000e+00)  SelBinAnchor: 0.000e+00 (0.000e+00)  ActBinMargin: 0.000e+00 (0.000e+00)  Time: 0.223s, 2295.74/s  (0.226s, 2267.20/s)  LR: 7.036e-06  RefW: 0.000e+00  AnchorRefW: 0.000e+00  Data: 0.006 (0.009)
Train: 21 [ 200/2502 (  8%)]  Loss: 51.395805 (51.4036)  BaseLoss: 51.395805 (51.4036)  RefAttnKL: 0.000e+00 (0.000e+00)  RefLogitKL: 0.000e+00 (0.000e+00)  AnchorRefAttnKL: 0.000e+00 (0.000e+00)  TeacherAttnKL: 0.000e+00 (0.000e+00)  TeacherRel: 0.000e+00 (0.000e+00)  TeacherAttnOut: 0.000e+00 (0.000e+00)  TeacherFeatOut: 0.000e+00 (0.000e+00)  ActScaleAnchor: 0.000e+00 (0.000e+00)  VarTrust: 0.000e+00 (0.000e+00)  DirAnchor: 0.000e+00 (0.000e+00)  BinReg: 0.000e+00 (0.000e+00)  SelBinAnchor: 0.000e+00 (0.000e+00)  ActBinMargin: 0.000e+00 (0.000e+00)  Time: 0.223s, 2295.83/s  (0.225s, 2274.87/s)  LR: 7.027e-06  RefW: 0.000e+00  AnchorRefW: 0.000e+00  Data: 0.006 (0.008)
Train: 21 [ 250/2502 ( 10%)]  Loss: 51.440960 (51.4098)  BaseLoss: 51.440960 (51.4098)  RefAttnKL: 0.000e+00 (0.000e+00)  RefLogitKL: 0.000e+00 (0.000e+00)  AnchorRefAttnKL: 0.000e+00 (0.000e+00)  TeacherAttnKL: 0.000e+00 (0.000e+00)  TeacherRel: 0.000e+00 (0.000e+00)  TeacherAttnOut: 0.000e+00 (0.000e+00)  TeacherFeatOut: 0.000e+00 (0.000e+00)  ActScaleAnchor: 0.000e+00 (0.000e+00)  VarTrust: 0.000e+00 (0.000e+00)  DirAnchor: 0.000e+00 (0.000e+00)  BinReg: 0.000e+00 (0.000e+00)  SelBinAnchor: 0.000e+00 (0.000e+00)  ActBinMargin: 0.000e+00 (0.000e+00)  Time: 0.223s, 2297.81/s  (0.225s, 2279.30/s)  LR: 7.019e-06  RefW: 0.000e+00  AnchorRefW: 0.000e+00  Data: 0.006 (0.008)
Train: 21 [ 300/2502 ( 12%)]  Loss: 51.395191 (51.4077)  BaseLoss: 51.395191 (51.4077)  RefAttnKL: 0.000e+00 (0.000e+00)  RefLogitKL: 0.000e+00 (0.000e+00)  AnchorRefAttnKL: 0.000e+00 (0.000e+00)  TeacherAttnKL: 0.000e+00 (0.000e+00)  TeacherRel: 0.000e+00 (0.000e+00)  TeacherAttnOut: 0.000e+00 (0.000e+00)  TeacherFeatOut: 0.000e+00 (0.000e+00)  ActScaleAnchor: 0.000e+00 (0.000e+00)  VarTrust: 0.000e+00 (0.000e+00)  DirAnchor: 0.000e+00 (0.000e+00)  BinReg: 0.000e+00 (0.000e+00)  SelBinAnchor: 0.000e+00 (0.000e+00)  ActBinMargin: 0.000e+00 (0.000e+00)  Time: 0.223s, 2294.89/s  (0.224s, 2282.87/s)  LR: 7.010e-06  RefW: 0.000e+00  AnchorRefW: 0.000e+00  Data: 0.005 (0.007)
Train: 21 [ 350/2502 ( 14%)]  Loss: 51.435863 (51.4113)  BaseLoss: 51.435863 (51.4113)  RefAttnKL: 0.000e+00 (0.000e+00)  RefLogitKL: 0.000e+00 (0.000e+00)  AnchorRefAttnKL: 0.000e+00 (0.000e+00)  TeacherAttnKL: 0.000e+00 (0.000e+00)  TeacherRel: 0.000e+00 (0.000e+00)  TeacherAttnOut: 0.000e+00 (0.000e+00)  TeacherFeatOut: 0.000e+00 (0.000e+00)  ActScaleAnchor: 0.000e+00 (0.000e+00)  VarTrust: 0.000e+00 (0.000e+00)  DirAnchor: 0.000e+00 (0.000e+00)  BinReg: 0.000e+00 (0.000e+00)  SelBinAnchor: 0.000e+00 (0.000e+00)  ActBinMargin: 0.000e+00 (0.000e+00)  Time: 0.223s, 2299.87/s  (0.224s, 2283.64/s)  LR: 7.002e-06  RefW: 0.000e+00  AnchorRefW: 0.000e+00  Data: 0.005 (0.007)
Train: 21 [ 400/2502 ( 16%)]  Loss: 51.439354 (51.4144)  BaseLoss: 51.439354 (51.4144)  RefAttnKL: 0.000e+00 (0.000e+00)  RefLogitKL: 0.000e+00 (0.000e+00)  AnchorRefAttnKL: 0.000e+00 (0.000e+00)  TeacherAttnKL: 0.000e+00 (0.000e+00)  TeacherRel: 0.000e+00 (0.000e+00)  TeacherAttnOut: 0.000e+00 (0.000e+00)  TeacherFeatOut: 0.000e+00 (0.000e+00)  ActScaleAnchor: 0.000e+00 (0.000e+00)  VarTrust: 0.000e+00 (0.000e+00)  DirAnchor: 0.000e+00 (0.000e+00)  BinReg: 0.000e+00 (0.000e+00)  SelBinAnchor: 0.000e+00 (0.000e+00)  ActBinMargin: 0.000e+00 (0.000e+00)  Time: 0.223s, 2292.33/s  (0.224s, 2285.81/s)  LR: 6.994e-06  RefW: 0.000e+00  AnchorRefW: 0.000e+00  Data: 0.006 (0.007)
Train: 21 [ 450/2502 ( 18%)]  Loss: 51.411423 (51.4141)  BaseLoss: 51.411423 (51.4141)  RefAttnKL: 0.000e+00 (0.000e+00)  RefLogitKL: 0.000e+00 (0.000e+00)  AnchorRefAttnKL: 0.000e+00 (0.000e+00)  TeacherAttnKL: 0.000e+00 (0.000e+00)  TeacherRel: 0.000e+00 (0.000e+00)  TeacherAttnOut: 0.000e+00 (0.000e+00)  TeacherFeatOut: 0.000e+00 (0.000e+00)  ActScaleAnchor: 0.000e+00 (0.000e+00)  VarTrust: 0.000e+00 (0.000e+00)  DirAnchor: 0.000e+00 (0.000e+00)  BinReg: 0.000e+00 (0.000e+00)  SelBinAnchor: 0.000e+00 (0.000e+00)  ActBinMargin: 0.000e+00 (0.000e+00)  Time: 0.232s, 2210.35/s  (0.224s, 2286.74/s)  LR: 6.985e-06  RefW: 0.000e+00  AnchorRefW: 0.000e+00  Data: 0.006 (0.007)
Train: 21 [ 500/2502 ( 20%)]  Loss: 51.438778 (51.4163)  BaseLoss: 51.438778 (51.4163)  RefAttnKL: 0.000e+00 (0.000e+00)  RefLogitKL: 0.000e+00 (0.000e+00)  AnchorRefAttnKL: 0.000e+00 (0.000e+00)  TeacherAttnKL: 0.000e+00 (0.000e+00)  TeacherRel: 0.000e+00 (0.000e+00)  TeacherAttnOut: 0.000e+00 (0.000e+00)  TeacherFeatOut: 0.000e+00 (0.000e+00)  ActScaleAnchor: 0.000e+00 (0.000e+00)  VarTrust: 0.000e+00 (0.000e+00)  DirAnchor: 0.000e+00 (0.000e+00)  BinReg: 0.000e+00 (0.000e+00)  SelBinAnchor: 0.000e+00 (0.000e+00)  ActBinMargin: 0.000e+00 (0.000e+00)  Time: 0.224s, 2290.23/s  (0.224s, 2288.10/s)  LR: 6.977e-06  RefW: 0.000e+00  AnchorRefW: 0.000e+00  Data: 0.006 (0.007)
Train: 21 [ 550/2502 ( 22%)]  Loss: 51.441063 (51.4184)  BaseLoss: 51.441063 (51.4184)  RefAttnKL: 0.000e+00 (0.000e+00)  RefLogitKL: 0.000e+00 (0.000e+00)  AnchorRefAttnKL: 0.000e+00 (0.000e+00)  TeacherAttnKL: 0.000e+00 (0.000e+00)  TeacherRel: 0.000e+00 (0.000e+00)  TeacherAttnOut: 0.000e+00 (0.000e+00)  TeacherFeatOut: 0.000e+00 (0.000e+00)  ActScaleAnchor: 0.000e+00 (0.000e+00)  VarTrust: 0.000e+00 (0.000e+00)  DirAnchor: 0.000e+00 (0.000e+00)  BinReg: 0.000e+00 (0.000e+00)  SelBinAnchor: 0.000e+00 (0.000e+00)  ActBinMargin: 0.000e+00 (0.000e+00)  Time: 0.223s, 2293.30/s  (0.224s, 2288.61/s)  LR: 6.969e-06  RefW: 0.000e+00  AnchorRefW: 0.000e+00  Data: 0.006 (0.007)
Train: 21 [ 600/2502 ( 24%)]  Loss: 51.378632 (51.4153)  BaseLoss: 51.378632 (51.4153)  RefAttnKL: 0.000e+00 (0.000e+00)  RefLogitKL: 0.000e+00 (0.000e+00)  AnchorRefAttnKL: 0.000e+00 (0.000e+00)  TeacherAttnKL: 0.000e+00 (0.000e+00)  TeacherRel: 0.000e+00 (0.000e+00)  TeacherAttnOut: 0.000e+00 (0.000e+00)  TeacherFeatOut: 0.000e+00 (0.000e+00)  ActScaleAnchor: 0.000e+00 (0.000e+00)  VarTrust: 0.000e+00 (0.000e+00)  DirAnchor: 0.000e+00 (0.000e+00)  BinReg: 0.000e+00 (0.000e+00)  SelBinAnchor: 0.000e+00 (0.000e+00)  ActBinMargin: 0.000e+00 (0.000e+00)  Time: 0.223s, 2299.96/s  (0.224s, 2289.30/s)  LR: 6.960e-06  RefW: 0.000e+00  AnchorRefW: 0.000e+00  Data: 0.006 (0.006)
Train: 21 [ 650/2502 ( 26%)]  Loss: 51.397270 (51.4140)  BaseLoss: 51.397270 (51.4140)  RefAttnKL: 0.000e+00 (0.000e+00)  RefLogitKL: 0.000e+00 (0.000e+00)  AnchorRefAttnKL: 0.000e+00 (0.000e+00)  TeacherAttnKL: 0.000e+00 (0.000e+00)  TeacherRel: 0.000e+00 (0.000e+00)  TeacherAttnOut: 0.000e+00 (0.000e+00)  TeacherFeatOut: 0.000e+00 (0.000e+00)  ActScaleAnchor: 0.000e+00 (0.000e+00)  VarTrust: 0.000e+00 (0.000e+00)  DirAnchor: 0.000e+00 (0.000e+00)  BinReg: 0.000e+00 (0.000e+00)  SelBinAnchor: 0.000e+00 (0.000e+00)  ActBinMargin: 0.000e+00 (0.000e+00)  Time: 0.228s, 2241.04/s  (0.224s, 2288.78/s)  LR: 6.952e-06  RefW: 0.000e+00  AnchorRefW: 0.000e+00  Data: 0.005 (0.006)
Train: 21 [ 700/2502 ( 28%)]  Loss: 51.350830 (51.4098)  BaseLoss: 51.350830 (51.4098)  RefAttnKL: 0.000e+00 (0.000e+00)  RefLogitKL: 0.000e+00 (0.000e+00)  AnchorRefAttnKL: 0.000e+00 (0.000e+00)  TeacherAttnKL: 0.000e+00 (0.000e+00)  TeacherRel: 0.000e+00 (0.000e+00)  TeacherAttnOut: 0.000e+00 (0.000e+00)  TeacherFeatOut: 0.000e+00 (0.000e+00)  ActScaleAnchor: 0.000e+00 (0.000e+00)  VarTrust: 0.000e+00 (0.000e+00)  DirAnchor: 0.000e+00 (0.000e+00)  BinReg: 0.000e+00 (0.000e+00)  SelBinAnchor: 0.000e+00 (0.000e+00)  ActBinMargin: 0.000e+00 (0.000e+00)  Time: 0.223s, 2299.30/s  (0.224s, 2289.53/s)  LR: 6.944e-06  RefW: 0.000e+00  AnchorRefW: 0.000e+00  Data: 0.006 (0.006)
Train: 21 [ 750/2502 ( 30%)]  Loss: 51.355656 (51.4064)  BaseLoss: 51.355656 (51.4064)  RefAttnKL: 0.000e+00 (0.000e+00)  RefLogitKL: 0.000e+00 (0.000e+00)  AnchorRefAttnKL: 0.000e+00 (0.000e+00)  TeacherAttnKL: 0.000e+00 (0.000e+00)  TeacherRel: 0.000e+00 (0.000e+00)  TeacherAttnOut: 0.000e+00 (0.000e+00)  TeacherFeatOut: 0.000e+00 (0.000e+00)  ActScaleAnchor: 0.000e+00 (0.000e+00)  VarTrust: 0.000e+00 (0.000e+00)  DirAnchor: 0.000e+00 (0.000e+00)  BinReg: 0.000e+00 (0.000e+00)  SelBinAnchor: 0.000e+00 (0.000e+00)  ActBinMargin: 0.000e+00 (0.000e+00)  Time: 0.223s, 2291.92/s  (0.224s, 2290.23/s)  LR: 6.935e-06  RefW: 0.000e+00  AnchorRefW: 0.000e+00  Data: 0.005 (0.006)
Train: 21 [ 800/2502 ( 32%)]  Loss: 51.414391 (51.4069)  BaseLoss: 51.414391 (51.4069)  RefAttnKL: 0.000e+00 (0.000e+00)  RefLogitKL: 0.000e+00 (0.000e+00)  AnchorRefAttnKL: 0.000e+00 (0.000e+00)  TeacherAttnKL: 0.000e+00 (0.000e+00)  TeacherRel: 0.000e+00 (0.000e+00)  TeacherAttnOut: 0.000e+00 (0.000e+00)  TeacherFeatOut: 0.000e+00 (0.000e+00)  ActScaleAnchor: 0.000e+00 (0.000e+00)  VarTrust: 0.000e+00 (0.000e+00)  DirAnchor: 0.000e+00 (0.000e+00)  BinReg: 0.000e+00 (0.000e+00)  SelBinAnchor: 0.000e+00 (0.000e+00)  ActBinMargin: 0.000e+00 (0.000e+00)  Time: 0.222s, 2303.76/s  (0.224s, 2290.51/s)  LR: 6.927e-06  RefW: 0.000e+00  AnchorRefW: 0.000e+00  Data: 0.007 (0.006)
Train: 21 [ 850/2502 ( 34%)]  Loss: 51.385544 (51.4057)  BaseLoss: 51.385544 (51.4057)  RefAttnKL: 0.000e+00 (0.000e+00)  RefLogitKL: 0.000e+00 (0.000e+00)  AnchorRefAttnKL: 0.000e+00 (0.000e+00)  TeacherAttnKL: 0.000e+00 (0.000e+00)  TeacherRel: 0.000e+00 (0.000e+00)  TeacherAttnOut: 0.000e+00 (0.000e+00)  TeacherFeatOut: 0.000e+00 (0.000e+00)  ActScaleAnchor: 0.000e+00 (0.000e+00)  VarTrust: 0.000e+00 (0.000e+00)  DirAnchor: 0.000e+00 (0.000e+00)  BinReg: 0.000e+00 (0.000e+00)  SelBinAnchor: 0.000e+00 (0.000e+00)  ActBinMargin: 0.000e+00 (0.000e+00)  Time: 0.229s, 2240.06/s  (0.224s, 2290.70/s)  LR: 6.919e-06  RefW: 0.000e+00  AnchorRefW: 0.000e+00  Data: 0.006 (0.006)
Train: 21 [ 900/2502 ( 36%)]  Loss: 51.400795 (51.4055)  BaseLoss: 51.400795 (51.4055)  RefAttnKL: 0.000e+00 (0.000e+00)  RefLogitKL: 0.000e+00 (0.000e+00)  AnchorRefAttnKL: 0.000e+00 (0.000e+00)  TeacherAttnKL: 0.000e+00 (0.000e+00)  TeacherRel: 0.000e+00 (0.000e+00)  TeacherAttnOut: 0.000e+00 (0.000e+00)  TeacherFeatOut: 0.000e+00 (0.000e+00)  ActScaleAnchor: 0.000e+00 (0.000e+00)  VarTrust: 0.000e+00 (0.000e+00)  DirAnchor: 0.000e+00 (0.000e+00)  BinReg: 0.000e+00 (0.000e+00)  SelBinAnchor: 0.000e+00 (0.000e+00)  ActBinMargin: 0.000e+00 (0.000e+00)  Time: 0.224s, 2288.15/s  (0.224s, 2290.74/s)  LR: 6.911e-06  RefW: 0.000e+00  AnchorRefW: 0.000e+00  Data: 0.006 (0.006)
Train: 21 [ 950/2502 ( 38%)]  Loss: 51.390533 (51.4047)  BaseLoss: 51.390533 (51.4047)  RefAttnKL: 0.000e+00 (0.000e+00)  RefLogitKL: 0.000e+00 (0.000e+00)  AnchorRefAttnKL: 0.000e+00 (0.000e+00)  TeacherAttnKL: 0.000e+00 (0.000e+00)  TeacherRel: 0.000e+00 (0.000e+00)  TeacherAttnOut: 0.000e+00 (0.000e+00)  TeacherFeatOut: 0.000e+00 (0.000e+00)  ActScaleAnchor: 0.000e+00 (0.000e+00)  VarTrust: 0.000e+00 (0.000e+00)  DirAnchor: 0.000e+00 (0.000e+00)  BinReg: 0.000e+00 (0.000e+00)  SelBinAnchor: 0.000e+00 (0.000e+00)  ActBinMargin: 0.000e+00 (0.000e+00)  Time: 0.238s, 2152.19/s  (0.223s, 2290.95/s)  LR: 6.902e-06  RefW: 0.000e+00  AnchorRefW: 0.000e+00  Data: 0.005 (0.006)
Train: 21 [1000/2502 ( 40%)]  Loss: 51.415890 (51.4052)  BaseLoss: 51.415890 (51.4052)  RefAttnKL: 0.000e+00 (0.000e+00)  RefLogitKL: 0.000e+00 (0.000e+00)  AnchorRefAttnKL: 0.000e+00 (0.000e+00)  TeacherAttnKL: 0.000e+00 (0.000e+00)  TeacherRel: 0.000e+00 (0.000e+00)  TeacherAttnOut: 0.000e+00 (0.000e+00)  TeacherFeatOut: 0.000e+00 (0.000e+00)  ActScaleAnchor: 0.000e+00 (0.000e+00)  VarTrust: 0.000e+00 (0.000e+00)  DirAnchor: 0.000e+00 (0.000e+00)  BinReg: 0.000e+00 (0.000e+00)  SelBinAnchor: 0.000e+00 (0.000e+00)  ActBinMargin: 0.000e+00 (0.000e+00)  Time: 0.224s, 2289.71/s  (0.223s, 2291.12/s)  LR: 6.894e-06  RefW: 0.000e+00  AnchorRefW: 0.000e+00  Data: 0.006 (0.006)
Train: 21 [1050/2502 ( 42%)]  Loss: 51.378410 (51.4040)  BaseLoss: 51.378410 (51.4040)  RefAttnKL: 0.000e+00 (0.000e+00)  RefLogitKL: 0.000e+00 (0.000e+00)  AnchorRefAttnKL: 0.000e+00 (0.000e+00)  TeacherAttnKL: 0.000e+00 (0.000e+00)  TeacherRel: 0.000e+00 (0.000e+00)  TeacherAttnOut: 0.000e+00 (0.000e+00)  TeacherFeatOut: 0.000e+00 (0.000e+00)  ActScaleAnchor: 0.000e+00 (0.000e+00)  VarTrust: 0.000e+00 (0.000e+00)  DirAnchor: 0.000e+00 (0.000e+00)  BinReg: 0.000e+00 (0.000e+00)  SelBinAnchor: 0.000e+00 (0.000e+00)  ActBinMargin: 0.000e+00 (0.000e+00)  Time: 0.223s, 2295.67/s  (0.223s, 2291.56/s)  LR: 6.886e-06  RefW: 0.000e+00  AnchorRefW: 0.000e+00  Data: 0.006 (0.006)
Train: 21 [1100/2502 ( 44%)]  Loss: 51.346252 (51.4015)  BaseLoss: 51.346252 (51.4015)  RefAttnKL: 0.000e+00 (0.000e+00)  RefLogitKL: 0.000e+00 (0.000e+00)  AnchorRefAttnKL: 0.000e+00 (0.000e+00)  TeacherAttnKL: 0.000e+00 (0.000e+00)  TeacherRel: 0.000e+00 (0.000e+00)  TeacherAttnOut: 0.000e+00 (0.000e+00)  TeacherFeatOut: 0.000e+00 (0.000e+00)  ActScaleAnchor: 0.000e+00 (0.000e+00)  VarTrust: 0.000e+00 (0.000e+00)  DirAnchor: 0.000e+00 (0.000e+00)  BinReg: 0.000e+00 (0.000e+00)  SelBinAnchor: 0.000e+00 (0.000e+00)  ActBinMargin: 0.000e+00 (0.000e+00)  Time: 0.223s, 2292.52/s  (0.223s, 2291.38/s)  LR: 6.878e-06  RefW: 0.000e+00  AnchorRefW: 0.000e+00  Data: 0.005 (0.006)
Train: 21 [1150/2502 ( 46%)]  Loss: 51.402969 (51.4016)  BaseLoss: 51.402969 (51.4016)  RefAttnKL: 0.000e+00 (0.000e+00)  RefLogitKL: 0.000e+00 (0.000e+00)  AnchorRefAttnKL: 0.000e+00 (0.000e+00)  TeacherAttnKL: 0.000e+00 (0.000e+00)  TeacherRel: 0.000e+00 (0.000e+00)  TeacherAttnOut: 0.000e+00 (0.000e+00)  TeacherFeatOut: 0.000e+00 (0.000e+00)  ActScaleAnchor: 0.000e+00 (0.000e+00)  VarTrust: 0.000e+00 (0.000e+00)  DirAnchor: 0.000e+00 (0.000e+00)  BinReg: 0.000e+00 (0.000e+00)  SelBinAnchor: 0.000e+00 (0.000e+00)  ActBinMargin: 0.000e+00 (0.000e+00)  Time: 0.223s, 2294.34/s  (0.223s, 2291.76/s)  LR: 6.870e-06  RefW: 0.000e+00  AnchorRefW: 0.000e+00  Data: 0.006 (0.006)
Train: 21 [1200/2502 ( 48%)]  Loss: 51.380116 (51.4007)  BaseLoss: 51.380116 (51.4007)  RefAttnKL: 0.000e+00 (0.000e+00)  RefLogitKL: 0.000e+00 (0.000e+00)  AnchorRefAttnKL: 0.000e+00 (0.000e+00)  TeacherAttnKL: 0.000e+00 (0.000e+00)  TeacherRel: 0.000e+00 (0.000e+00)  TeacherAttnOut: 0.000e+00 (0.000e+00)  TeacherFeatOut: 0.000e+00 (0.000e+00)  ActScaleAnchor: 0.000e+00 (0.000e+00)  VarTrust: 0.000e+00 (0.000e+00)  DirAnchor: 0.000e+00 (0.000e+00)  BinReg: 0.000e+00 (0.000e+00)  SelBinAnchor: 0.000e+00 (0.000e+00)  ActBinMargin: 0.000e+00 (0.000e+00)  Time: 0.230s, 2226.98/s  (0.223s, 2291.84/s)  LR: 6.862e-06  RefW: 0.000e+00  AnchorRefW: 0.000e+00  Data: 0.006 (0.006)
Train: 21 [1250/2502 ( 50%)]  Loss: 51.424397 (51.4016)  BaseLoss: 51.424397 (51.4016)  RefAttnKL: 0.000e+00 (0.000e+00)  RefLogitKL: 0.000e+00 (0.000e+00)  AnchorRefAttnKL: 0.000e+00 (0.000e+00)  TeacherAttnKL: 0.000e+00 (0.000e+00)  TeacherRel: 0.000e+00 (0.000e+00)  TeacherAttnOut: 0.000e+00 (0.000e+00)  TeacherFeatOut: 0.000e+00 (0.000e+00)  ActScaleAnchor: 0.000e+00 (0.000e+00)  VarTrust: 0.000e+00 (0.000e+00)  DirAnchor: 0.000e+00 (0.000e+00)  BinReg: 0.000e+00 (0.000e+00)  SelBinAnchor: 0.000e+00 (0.000e+00)  ActBinMargin: 0.000e+00 (0.000e+00)  Time: 0.223s, 2297.46/s  (0.223s, 2292.17/s)  LR: 6.853e-06  RefW: 0.000e+00  AnchorRefW: 0.000e+00  Data: 0.005 (0.006)
Train: 21 [1300/2502 ( 52%)]  Loss: 51.427460 (51.4026)  BaseLoss: 51.427460 (51.4026)  RefAttnKL: 0.000e+00 (0.000e+00)  RefLogitKL: 0.000e+00 (0.000e+00)  AnchorRefAttnKL: 0.000e+00 (0.000e+00)  TeacherAttnKL: 0.000e+00 (0.000e+00)  TeacherRel: 0.000e+00 (0.000e+00)  TeacherAttnOut: 0.000e+00 (0.000e+00)  TeacherFeatOut: 0.000e+00 (0.000e+00)  ActScaleAnchor: 0.000e+00 (0.000e+00)  VarTrust: 0.000e+00 (0.000e+00)  DirAnchor: 0.000e+00 (0.000e+00)  BinReg: 0.000e+00 (0.000e+00)  SelBinAnchor: 0.000e+00 (0.000e+00)  ActBinMargin: 0.000e+00 (0.000e+00)  Time: 0.223s, 2291.25/s  (0.223s, 2292.47/s)  LR: 6.845e-06  RefW: 0.000e+00  AnchorRefW: 0.000e+00  Data: 0.006 (0.006)
Train: 21 [1350/2502 ( 54%)]  Loss: 51.426704 (51.4034)  BaseLoss: 51.426704 (51.4034)  RefAttnKL: 0.000e+00 (0.000e+00)  RefLogitKL: 0.000e+00 (0.000e+00)  AnchorRefAttnKL: 0.000e+00 (0.000e+00)  TeacherAttnKL: 0.000e+00 (0.000e+00)  TeacherRel: 0.000e+00 (0.000e+00)  TeacherAttnOut: 0.000e+00 (0.000e+00)  TeacherFeatOut: 0.000e+00 (0.000e+00)  ActScaleAnchor: 0.000e+00 (0.000e+00)  VarTrust: 0.000e+00 (0.000e+00)  DirAnchor: 0.000e+00 (0.000e+00)  BinReg: 0.000e+00 (0.000e+00)  SelBinAnchor: 0.000e+00 (0.000e+00)  ActBinMargin: 0.000e+00 (0.000e+00)  Time: 0.223s, 2292.81/s  (0.223s, 2292.70/s)  LR: 6.837e-06  RefW: 0.000e+00  AnchorRefW: 0.000e+00  Data: 0.006 (0.006)
Train: 21 [1400/2502 ( 56%)]  Loss: 51.419296 (51.4040)  BaseLoss: 51.419296 (51.4040)  RefAttnKL: 0.000e+00 (0.000e+00)  RefLogitKL: 0.000e+00 (0.000e+00)  AnchorRefAttnKL: 0.000e+00 (0.000e+00)  TeacherAttnKL: 0.000e+00 (0.000e+00)  TeacherRel: 0.000e+00 (0.000e+00)  TeacherAttnOut: 0.000e+00 (0.000e+00)  TeacherFeatOut: 0.000e+00 (0.000e+00)  ActScaleAnchor: 0.000e+00 (0.000e+00)  VarTrust: 0.000e+00 (0.000e+00)  DirAnchor: 0.000e+00 (0.000e+00)  BinReg: 0.000e+00 (0.000e+00)  SelBinAnchor: 0.000e+00 (0.000e+00)  ActBinMargin: 0.000e+00 (0.000e+00)  Time: 0.224s, 2290.51/s  (0.223s, 2292.85/s)  LR: 6.829e-06  RefW: 0.000e+00  AnchorRefW: 0.000e+00  Data: 0.006 (0.006)
Train: 21 [1450/2502 ( 58%)]  Loss: 51.415703 (51.4044)  BaseLoss: 51.415703 (51.4044)  RefAttnKL: 0.000e+00 (0.000e+00)  RefLogitKL: 0.000e+00 (0.000e+00)  AnchorRefAttnKL: 0.000e+00 (0.000e+00)  TeacherAttnKL: 0.000e+00 (0.000e+00)  TeacherRel: 0.000e+00 (0.000e+00)  TeacherAttnOut: 0.000e+00 (0.000e+00)  TeacherFeatOut: 0.000e+00 (0.000e+00)  ActScaleAnchor: 0.000e+00 (0.000e+00)  VarTrust: 0.000e+00 (0.000e+00)  DirAnchor: 0.000e+00 (0.000e+00)  BinReg: 0.000e+00 (0.000e+00)  SelBinAnchor: 0.000e+00 (0.000e+00)  ActBinMargin: 0.000e+00 (0.000e+00)  Time: 0.224s, 2285.55/s  (0.223s, 2293.11/s)  LR: 6.821e-06  RefW: 0.000e+00  AnchorRefW: 0.000e+00  Data: 0.006 (0.006)
Train: 21 [1500/2502 ( 60%)]  Loss: 51.413250 (51.4047)  BaseLoss: 51.413250 (51.4047)  RefAttnKL: 0.000e+00 (0.000e+00)  RefLogitKL: 0.000e+00 (0.000e+00)  AnchorRefAttnKL: 0.000e+00 (0.000e+00)  TeacherAttnKL: 0.000e+00 (0.000e+00)  TeacherRel: 0.000e+00 (0.000e+00)  TeacherAttnOut: 0.000e+00 (0.000e+00)  TeacherFeatOut: 0.000e+00 (0.000e+00)  ActScaleAnchor: 0.000e+00 (0.000e+00)  VarTrust: 0.000e+00 (0.000e+00)  DirAnchor: 0.000e+00 (0.000e+00)  BinReg: 0.000e+00 (0.000e+00)  SelBinAnchor: 0.000e+00 (0.000e+00)  ActBinMargin: 0.000e+00 (0.000e+00)  Time: 0.223s, 2293.20/s  (0.223s, 2293.37/s)  LR: 6.813e-06  RefW: 0.000e+00  AnchorRefW: 0.000e+00  Data: 0.006 (0.006)
Train: 21 [1550/2502 ( 62%)]  Loss: 51.420189 (51.4052)  BaseLoss: 51.420189 (51.4052)  RefAttnKL: 0.000e+00 (0.000e+00)  RefLogitKL: 0.000e+00 (0.000e+00)  AnchorRefAttnKL: 0.000e+00 (0.000e+00)  TeacherAttnKL: 0.000e+00 (0.000e+00)  TeacherRel: 0.000e+00 (0.000e+00)  TeacherAttnOut: 0.000e+00 (0.000e+00)  TeacherFeatOut: 0.000e+00 (0.000e+00)  ActScaleAnchor: 0.000e+00 (0.000e+00)  VarTrust: 0.000e+00 (0.000e+00)  DirAnchor: 0.000e+00 (0.000e+00)  BinReg: 0.000e+00 (0.000e+00)  SelBinAnchor: 0.000e+00 (0.000e+00)  ActBinMargin: 0.000e+00 (0.000e+00)  Time: 0.223s, 2296.87/s  (0.223s, 2293.38/s)  LR: 6.805e-06  RefW: 0.000e+00  AnchorRefW: 0.000e+00  Data: 0.005 (0.006)
Train: 21 [1600/2502 ( 64%)]  Loss: 51.400703 (51.4050)  BaseLoss: 51.400703 (51.4050)  RefAttnKL: 0.000e+00 (0.000e+00)  RefLogitKL: 0.000e+00 (0.000e+00)  AnchorRefAttnKL: 0.000e+00 (0.000e+00)  TeacherAttnKL: 0.000e+00 (0.000e+00)  TeacherRel: 0.000e+00 (0.000e+00)  TeacherAttnOut: 0.000e+00 (0.000e+00)  TeacherFeatOut: 0.000e+00 (0.000e+00)  ActScaleAnchor: 0.000e+00 (0.000e+00)  VarTrust: 0.000e+00 (0.000e+00)  DirAnchor: 0.000e+00 (0.000e+00)  BinReg: 0.000e+00 (0.000e+00)  SelBinAnchor: 0.000e+00 (0.000e+00)  ActBinMargin: 0.000e+00 (0.000e+00)  Time: 0.223s, 2293.15/s  (0.223s, 2293.41/s)  LR: 6.797e-06  RefW: 0.000e+00  AnchorRefW: 0.000e+00  Data: 0.007 (0.006)
Train: 21 [1650/2502 ( 66%)]  Loss: 51.439217 (51.4060)  BaseLoss: 51.439217 (51.4060)  RefAttnKL: 0.000e+00 (0.000e+00)  RefLogitKL: 0.000e+00 (0.000e+00)  AnchorRefAttnKL: 0.000e+00 (0.000e+00)  TeacherAttnKL: 0.000e+00 (0.000e+00)  TeacherRel: 0.000e+00 (0.000e+00)  TeacherAttnOut: 0.000e+00 (0.000e+00)  TeacherFeatOut: 0.000e+00 (0.000e+00)  ActScaleAnchor: 0.000e+00 (0.000e+00)  VarTrust: 0.000e+00 (0.000e+00)  DirAnchor: 0.000e+00 (0.000e+00)  BinReg: 0.000e+00 (0.000e+00)  SelBinAnchor: 0.000e+00 (0.000e+00)  ActBinMargin: 0.000e+00 (0.000e+00)  Time: 0.224s, 2290.30/s  (0.223s, 2293.34/s)  LR: 6.789e-06  RefW: 0.000e+00  AnchorRefW: 0.000e+00  Data: 0.006 (0.006)
Train: 21 [1700/2502 ( 68%)]  Loss: 51.413422 (51.4062)  BaseLoss: 51.413422 (51.4062)  RefAttnKL: 0.000e+00 (0.000e+00)  RefLogitKL: 0.000e+00 (0.000e+00)  AnchorRefAttnKL: 0.000e+00 (0.000e+00)  TeacherAttnKL: 0.000e+00 (0.000e+00)  TeacherRel: 0.000e+00 (0.000e+00)  TeacherAttnOut: 0.000e+00 (0.000e+00)  TeacherFeatOut: 0.000e+00 (0.000e+00)  ActScaleAnchor: 0.000e+00 (0.000e+00)  VarTrust: 0.000e+00 (0.000e+00)  DirAnchor: 0.000e+00 (0.000e+00)  BinReg: 0.000e+00 (0.000e+00)  SelBinAnchor: 0.000e+00 (0.000e+00)  ActBinMargin: 0.000e+00 (0.000e+00)  Time: 0.224s, 2288.12/s  (0.223s, 2293.53/s)  LR: 6.781e-06  RefW: 0.000e+00  AnchorRefW: 0.000e+00  Data: 0.006 (0.006)
Train: 21 [1750/2502 ( 70%)]  Loss: 51.382462 (51.4056)  BaseLoss: 51.382462 (51.4056)  RefAttnKL: 0.000e+00 (0.000e+00)  RefLogitKL: 0.000e+00 (0.000e+00)  AnchorRefAttnKL: 0.000e+00 (0.000e+00)  TeacherAttnKL: 0.000e+00 (0.000e+00)  TeacherRel: 0.000e+00 (0.000e+00)  TeacherAttnOut: 0.000e+00 (0.000e+00)  TeacherFeatOut: 0.000e+00 (0.000e+00)  ActScaleAnchor: 0.000e+00 (0.000e+00)  VarTrust: 0.000e+00 (0.000e+00)  DirAnchor: 0.000e+00 (0.000e+00)  BinReg: 0.000e+00 (0.000e+00)  SelBinAnchor: 0.000e+00 (0.000e+00)  ActBinMargin: 0.000e+00 (0.000e+00)  Time: 0.224s, 2287.92/s  (0.223s, 2293.62/s)  LR: 6.773e-06  RefW: 0.000e+00  AnchorRefW: 0.000e+00  Data: 0.006 (0.006)
Train: 21 [1800/2502 ( 72%)]  Loss: 51.438553 (51.4065)  BaseLoss: 51.438553 (51.4065)  RefAttnKL: 0.000e+00 (0.000e+00)  RefLogitKL: 0.000e+00 (0.000e+00)  AnchorRefAttnKL: 0.000e+00 (0.000e+00)  TeacherAttnKL: 0.000e+00 (0.000e+00)  TeacherRel: 0.000e+00 (0.000e+00)  TeacherAttnOut: 0.000e+00 (0.000e+00)  TeacherFeatOut: 0.000e+00 (0.000e+00)  ActScaleAnchor: 0.000e+00 (0.000e+00)  VarTrust: 0.000e+00 (0.000e+00)  DirAnchor: 0.000e+00 (0.000e+00)  BinReg: 0.000e+00 (0.000e+00)  SelBinAnchor: 0.000e+00 (0.000e+00)  ActBinMargin: 0.000e+00 (0.000e+00)  Time: 0.223s, 2298.50/s  (0.223s, 2293.81/s)  LR: 6.765e-06  RefW: 0.000e+00  AnchorRefW: 0.000e+00  Data: 0.006 (0.006)
Train: 21 [1850/2502 ( 74%)]  Loss: 51.368553 (51.4055)  BaseLoss: 51.368553 (51.4055)  RefAttnKL: 0.000e+00 (0.000e+00)  RefLogitKL: 0.000e+00 (0.000e+00)  AnchorRefAttnKL: 0.000e+00 (0.000e+00)  TeacherAttnKL: 0.000e+00 (0.000e+00)  TeacherRel: 0.000e+00 (0.000e+00)  TeacherAttnOut: 0.000e+00 (0.000e+00)  TeacherFeatOut: 0.000e+00 (0.000e+00)  ActScaleAnchor: 0.000e+00 (0.000e+00)  VarTrust: 0.000e+00 (0.000e+00)  DirAnchor: 0.000e+00 (0.000e+00)  BinReg: 0.000e+00 (0.000e+00)  SelBinAnchor: 0.000e+00 (0.000e+00)  ActBinMargin: 0.000e+00 (0.000e+00)  Time: 0.230s, 2228.58/s  (0.223s, 2293.73/s)  LR: 6.757e-06  RefW: 0.000e+00  AnchorRefW: 0.000e+00  Data: 0.006 (0.006)
Train: 21 [1900/2502 ( 76%)]  Loss: 51.425697 (51.4060)  BaseLoss: 51.425697 (51.4060)  RefAttnKL: 0.000e+00 (0.000e+00)  RefLogitKL: 0.000e+00 (0.000e+00)  AnchorRefAttnKL: 0.000e+00 (0.000e+00)  TeacherAttnKL: 0.000e+00 (0.000e+00)  TeacherRel: 0.000e+00 (0.000e+00)  TeacherAttnOut: 0.000e+00 (0.000e+00)  TeacherFeatOut: 0.000e+00 (0.000e+00)  ActScaleAnchor: 0.000e+00 (0.000e+00)  VarTrust: 0.000e+00 (0.000e+00)  DirAnchor: 0.000e+00 (0.000e+00)  BinReg: 0.000e+00 (0.000e+00)  SelBinAnchor: 0.000e+00 (0.000e+00)  ActBinMargin: 0.000e+00 (0.000e+00)  Time: 0.224s, 2288.45/s  (0.223s, 2293.86/s)  LR: 6.749e-06  RefW: 0.000e+00  AnchorRefW: 0.000e+00  Data: 0.006 (0.006)
Train: 21 [1950/2502 ( 78%)]  Loss: 51.429493 (51.4066)  BaseLoss: 51.429493 (51.4066)  RefAttnKL: 0.000e+00 (0.000e+00)  RefLogitKL: 0.000e+00 (0.000e+00)  AnchorRefAttnKL: 0.000e+00 (0.000e+00)  TeacherAttnKL: 0.000e+00 (0.000e+00)  TeacherRel: 0.000e+00 (0.000e+00)  TeacherAttnOut: 0.000e+00 (0.000e+00)  TeacherFeatOut: 0.000e+00 (0.000e+00)  ActScaleAnchor: 0.000e+00 (0.000e+00)  VarTrust: 0.000e+00 (0.000e+00)  DirAnchor: 0.000e+00 (0.000e+00)  BinReg: 0.000e+00 (0.000e+00)  SelBinAnchor: 0.000e+00 (0.000e+00)  ActBinMargin: 0.000e+00 (0.000e+00)  Time: 0.223s, 2292.45/s  (0.223s, 2293.88/s)  LR: 6.741e-06  RefW: 0.000e+00  AnchorRefW: 0.000e+00  Data: 0.006 (0.006)
Train: 21 [2000/2502 ( 80%)]  Loss: 51.408741 (51.4066)  BaseLoss: 51.408741 (51.4066)  RefAttnKL: 0.000e+00 (0.000e+00)  RefLogitKL: 0.000e+00 (0.000e+00)  AnchorRefAttnKL: 0.000e+00 (0.000e+00)  TeacherAttnKL: 0.000e+00 (0.000e+00)  TeacherRel: 0.000e+00 (0.000e+00)  TeacherAttnOut: 0.000e+00 (0.000e+00)  TeacherFeatOut: 0.000e+00 (0.000e+00)  ActScaleAnchor: 0.000e+00 (0.000e+00)  VarTrust: 0.000e+00 (0.000e+00)  DirAnchor: 0.000e+00 (0.000e+00)  BinReg: 0.000e+00 (0.000e+00)  SelBinAnchor: 0.000e+00 (0.000e+00)  ActBinMargin: 0.000e+00 (0.000e+00)  Time: 0.224s, 2286.43/s  (0.223s, 2294.01/s)  LR: 6.733e-06  RefW: 0.000e+00  AnchorRefW: 0.000e+00  Data: 0.007 (0.006)
Train: 21 [2050/2502 ( 82%)]  Loss: 51.367313 (51.4057)  BaseLoss: 51.367313 (51.4057)  RefAttnKL: 0.000e+00 (0.000e+00)  RefLogitKL: 0.000e+00 (0.000e+00)  AnchorRefAttnKL: 0.000e+00 (0.000e+00)  TeacherAttnKL: 0.000e+00 (0.000e+00)  TeacherRel: 0.000e+00 (0.000e+00)  TeacherAttnOut: 0.000e+00 (0.000e+00)  TeacherFeatOut: 0.000e+00 (0.000e+00)  ActScaleAnchor: 0.000e+00 (0.000e+00)  VarTrust: 0.000e+00 (0.000e+00)  DirAnchor: 0.000e+00 (0.000e+00)  BinReg: 0.000e+00 (0.000e+00)  SelBinAnchor: 0.000e+00 (0.000e+00)  ActBinMargin: 0.000e+00 (0.000e+00)  Time: 0.224s, 2284.75/s  (0.223s, 2294.10/s)  LR: 6.725e-06  RefW: 0.000e+00  AnchorRefW: 0.000e+00  Data: 0.007 (0.006)
Train: 21 [2100/2502 ( 84%)]  Loss: 51.393372 (51.4054)  BaseLoss: 51.393372 (51.4054)  RefAttnKL: 0.000e+00 (0.000e+00)  RefLogitKL: 0.000e+00 (0.000e+00)  AnchorRefAttnKL: 0.000e+00 (0.000e+00)  TeacherAttnKL: 0.000e+00 (0.000e+00)  TeacherRel: 0.000e+00 (0.000e+00)  TeacherAttnOut: 0.000e+00 (0.000e+00)  TeacherFeatOut: 0.000e+00 (0.000e+00)  ActScaleAnchor: 0.000e+00 (0.000e+00)  VarTrust: 0.000e+00 (0.000e+00)  DirAnchor: 0.000e+00 (0.000e+00)  BinReg: 0.000e+00 (0.000e+00)  SelBinAnchor: 0.000e+00 (0.000e+00)  ActBinMargin: 0.000e+00 (0.000e+00)  Time: 0.224s, 2288.77/s  (0.223s, 2294.24/s)  LR: 6.717e-06  RefW: 0.000e+00  AnchorRefW: 0.000e+00  Data: 0.006 (0.006)
Train: 21 [2150/2502 ( 86%)]  Loss: 51.390087 (51.4051)  BaseLoss: 51.390087 (51.4051)  RefAttnKL: 0.000e+00 (0.000e+00)  RefLogitKL: 0.000e+00 (0.000e+00)  AnchorRefAttnKL: 0.000e+00 (0.000e+00)  TeacherAttnKL: 0.000e+00 (0.000e+00)  TeacherRel: 0.000e+00 (0.000e+00)  TeacherAttnOut: 0.000e+00 (0.000e+00)  TeacherFeatOut: 0.000e+00 (0.000e+00)  ActScaleAnchor: 0.000e+00 (0.000e+00)  VarTrust: 0.000e+00 (0.000e+00)  DirAnchor: 0.000e+00 (0.000e+00)  BinReg: 0.000e+00 (0.000e+00)  SelBinAnchor: 0.000e+00 (0.000e+00)  ActBinMargin: 0.000e+00 (0.000e+00)  Time: 0.224s, 2288.78/s  (0.223s, 2294.38/s)  LR: 6.709e-06  RefW: 0.000e+00  AnchorRefW: 0.000e+00  Data: 0.005 (0.006)
Train: 21 [2200/2502 ( 88%)]  Loss: 51.397930 (51.4049)  BaseLoss: 51.397930 (51.4049)  RefAttnKL: 0.000e+00 (0.000e+00)  RefLogitKL: 0.000e+00 (0.000e+00)  AnchorRefAttnKL: 0.000e+00 (0.000e+00)  TeacherAttnKL: 0.000e+00 (0.000e+00)  TeacherRel: 0.000e+00 (0.000e+00)  TeacherAttnOut: 0.000e+00 (0.000e+00)  TeacherFeatOut: 0.000e+00 (0.000e+00)  ActScaleAnchor: 0.000e+00 (0.000e+00)  VarTrust: 0.000e+00 (0.000e+00)  DirAnchor: 0.000e+00 (0.000e+00)  BinReg: 0.000e+00 (0.000e+00)  SelBinAnchor: 0.000e+00 (0.000e+00)  ActBinMargin: 0.000e+00 (0.000e+00)  Time: 0.224s, 2289.48/s  (0.223s, 2294.26/s)  LR: 6.701e-06  RefW: 0.000e+00  AnchorRefW: 0.000e+00  Data: 0.006 (0.006)
Train: 21 [2250/2502 ( 90%)]  Loss: 51.395245 (51.4047)  BaseLoss: 51.395245 (51.4047)  RefAttnKL: 0.000e+00 (0.000e+00)  RefLogitKL: 0.000e+00 (0.000e+00)  AnchorRefAttnKL: 0.000e+00 (0.000e+00)  TeacherAttnKL: 0.000e+00 (0.000e+00)  TeacherRel: 0.000e+00 (0.000e+00)  TeacherAttnOut: 0.000e+00 (0.000e+00)  TeacherFeatOut: 0.000e+00 (0.000e+00)  ActScaleAnchor: 0.000e+00 (0.000e+00)  VarTrust: 0.000e+00 (0.000e+00)  DirAnchor: 0.000e+00 (0.000e+00)  BinReg: 0.000e+00 (0.000e+00)  SelBinAnchor: 0.000e+00 (0.000e+00)  ActBinMargin: 0.000e+00 (0.000e+00)  Time: 0.226s, 2264.66/s  (0.223s, 2294.35/s)  LR: 6.694e-06  RefW: 0.000e+00  AnchorRefW: 0.000e+00  Data: 0.007 (0.006)
Train: 21 [2300/2502 ( 92%)]  Loss: 51.411678 (51.4048)  BaseLoss: 51.411678 (51.4048)  RefAttnKL: 0.000e+00 (0.000e+00)  RefLogitKL: 0.000e+00 (0.000e+00)  AnchorRefAttnKL: 0.000e+00 (0.000e+00)  TeacherAttnKL: 0.000e+00 (0.000e+00)  TeacherRel: 0.000e+00 (0.000e+00)  TeacherAttnOut: 0.000e+00 (0.000e+00)  TeacherFeatOut: 0.000e+00 (0.000e+00)  ActScaleAnchor: 0.000e+00 (0.000e+00)  VarTrust: 0.000e+00 (0.000e+00)  DirAnchor: 0.000e+00 (0.000e+00)  BinReg: 0.000e+00 (0.000e+00)  SelBinAnchor: 0.000e+00 (0.000e+00)  ActBinMargin: 0.000e+00 (0.000e+00)  Time: 0.223s, 2298.50/s  (0.223s, 2294.27/s)  LR: 6.686e-06  RefW: 0.000e+00  AnchorRefW: 0.000e+00  Data: 0.006 (0.006)
Train: 21 [2350/2502 ( 94%)]  Loss: 51.411530 (51.4050)  BaseLoss: 51.411530 (51.4050)  RefAttnKL: 0.000e+00 (0.000e+00)  RefLogitKL: 0.000e+00 (0.000e+00)  AnchorRefAttnKL: 0.000e+00 (0.000e+00)  TeacherAttnKL: 0.000e+00 (0.000e+00)  TeacherRel: 0.000e+00 (0.000e+00)  TeacherAttnOut: 0.000e+00 (0.000e+00)  TeacherFeatOut: 0.000e+00 (0.000e+00)  ActScaleAnchor: 0.000e+00 (0.000e+00)  VarTrust: 0.000e+00 (0.000e+00)  DirAnchor: 0.000e+00 (0.000e+00)  BinReg: 0.000e+00 (0.000e+00)  SelBinAnchor: 0.000e+00 (0.000e+00)  ActBinMargin: 0.000e+00 (0.000e+00)  Time: 0.223s, 2292.36/s  (0.223s, 2294.39/s)  LR: 6.678e-06  RefW: 0.000e+00  AnchorRefW: 0.000e+00  Data: 0.006 (0.006)
Train: 21 [2400/2502 ( 96%)]  Loss: 51.388489 (51.4046)  BaseLoss: 51.388489 (51.4046)  RefAttnKL: 0.000e+00 (0.000e+00)  RefLogitKL: 0.000e+00 (0.000e+00)  AnchorRefAttnKL: 0.000e+00 (0.000e+00)  TeacherAttnKL: 0.000e+00 (0.000e+00)  TeacherRel: 0.000e+00 (0.000e+00)  TeacherAttnOut: 0.000e+00 (0.000e+00)  TeacherFeatOut: 0.000e+00 (0.000e+00)  ActScaleAnchor: 0.000e+00 (0.000e+00)  VarTrust: 0.000e+00 (0.000e+00)  DirAnchor: 0.000e+00 (0.000e+00)  BinReg: 0.000e+00 (0.000e+00)  SelBinAnchor: 0.000e+00 (0.000e+00)  ActBinMargin: 0.000e+00 (0.000e+00)  Time: 0.225s, 2272.82/s  (0.223s, 2294.21/s)  LR: 6.670e-06  RefW: 0.000e+00  AnchorRefW: 0.000e+00  Data: 0.006 (0.006)
Train: 21 [2450/2502 ( 98%)]  Loss: 51.404339 (51.4046)  BaseLoss: 51.404339 (51.4046)  RefAttnKL: 0.000e+00 (0.000e+00)  RefLogitKL: 0.000e+00 (0.000e+00)  AnchorRefAttnKL: 0.000e+00 (0.000e+00)  TeacherAttnKL: 0.000e+00 (0.000e+00)  TeacherRel: 0.000e+00 (0.000e+00)  TeacherAttnOut: 0.000e+00 (0.000e+00)  TeacherFeatOut: 0.000e+00 (0.000e+00)  ActScaleAnchor: 0.000e+00 (0.000e+00)  VarTrust: 0.000e+00 (0.000e+00)  DirAnchor: 0.000e+00 (0.000e+00)  BinReg: 0.000e+00 (0.000e+00)  SelBinAnchor: 0.000e+00 (0.000e+00)  ActBinMargin: 0.000e+00 (0.000e+00)  Time: 0.223s, 2294.22/s  (0.223s, 2294.31/s)  LR: 6.662e-06  RefW: 0.000e+00  AnchorRefW: 0.000e+00  Data: 0.006 (0.006)
TrainSummary: epoch=21 updates=2496 avg_step_time=0.223149s samples_per_step=512 samples_per_sec=2294.43
epoch:  21 g['lr']:  6.6552805900573735e-06
model eval
TestLocal: [   0/97]  Time: 0.964 (0.964)  Loss:  0.7849  Acc@1: 84.3750  Acc@5: 95.3125  Samples: 64
TestLocal: [  50/97]  Time: 0.092 (0.108)  Loss:  0.8273  Acc@1: 80.9130  Acc@5: 95.2206  Samples: 3264
TestLocal: [  97/97]  Time: 0.049 (0.099)  Loss:  0.8190  Acc@1: 81.0697  Acc@5: 95.4133  Samples: 6170
TestLocal: [ 100/97]  Time: 0.049 (0.097)  Loss:  0.8193  Acc@1: 81.0628  Acc@5: 95.4106  Samples: 6210
Test: [distributed-summary]  Time: 10.255s  Loss: 0.8409  Acc@1: 80.4220  Acc@5: 95.2920  Samples: 50000
Trainable parameter policy: epoch=22, quant_only=False, policy=all, trainable=28608256, frozen=0
AOQ explore scale ratio update: epoch=22, update=0, active=False, base_ratio=1.0, threshold_ratio=0.0, base_layers=(), selective_margin=0.0, base_quantizers=0, layer_ratios={}, layer_quantizers=0, layer_counts={}, quality_mode=none, quality_layers=(), quality_start_update=0, quality_min_frac=0.0, start_update=0, end_update=0
Trainable parameter update policy: epoch=22, update=0, mode=requires_grad, policy=all, trainable=28608256, frozen=0
Train: 22 [   0/2502 (  0%)]  Loss: 51.413818 (51.4138)  BaseLoss: 51.413818 (51.4138)  RefAttnKL: 0.000e+00 (0.000e+00)  RefLogitKL: 0.000e+00 (0.000e+00)  AnchorRefAttnKL: 0.000e+00 (0.000e+00)  TeacherAttnKL: 0.000e+00 (0.000e+00)  TeacherRel: 0.000e+00 (0.000e+00)  TeacherAttnOut: 0.000e+00 (0.000e+00)  TeacherFeatOut: 0.000e+00 (0.000e+00)  ActScaleAnchor: 0.000e+00 (0.000e+00)  VarTrust: 0.000e+00 (0.000e+00)  DirAnchor: 0.000e+00 (0.000e+00)  BinReg: 0.000e+00 (0.000e+00)  SelBinAnchor: 0.000e+00 (0.000e+00)  ActBinMargin: 0.000e+00 (0.000e+00)  Time: 0.725s,  706.43/s  (0.725s,  706.43/s)  LR: 6.654e-06  RefW: 0.000e+00  AnchorRefW: 0.000e+00  Data: 0.509 (0.509)
Train: 22 [  50/2502 (  2%)]  Loss: 51.357708 (51.3858)  BaseLoss: 51.357708 (51.3858)  RefAttnKL: 0.000e+00 (0.000e+00)  RefLogitKL: 0.000e+00 (0.000e+00)  AnchorRefAttnKL: 0.000e+00 (0.000e+00)  TeacherAttnKL: 0.000e+00 (0.000e+00)  TeacherRel: 0.000e+00 (0.000e+00)  TeacherAttnOut: 0.000e+00 (0.000e+00)  TeacherFeatOut: 0.000e+00 (0.000e+00)  ActScaleAnchor: 0.000e+00 (0.000e+00)  VarTrust: 0.000e+00 (0.000e+00)  DirAnchor: 0.000e+00 (0.000e+00)  BinReg: 0.000e+00 (0.000e+00)  SelBinAnchor: 0.000e+00 (0.000e+00)  ActBinMargin: 0.000e+00 (0.000e+00)  Time: 0.224s, 2290.21/s  (0.233s, 2201.09/s)  LR: 6.646e-06  RefW: 0.000e+00  AnchorRefW: 0.000e+00  Data: 0.006 (0.016)
Train: 22 [ 100/2502 (  4%)]  Loss: 51.430561 (51.4007)  BaseLoss: 51.430561 (51.4007)  RefAttnKL: 0.000e+00 (0.000e+00)  RefLogitKL: 0.000e+00 (0.000e+00)  AnchorRefAttnKL: 0.000e+00 (0.000e+00)  TeacherAttnKL: 0.000e+00 (0.000e+00)  TeacherRel: 0.000e+00 (0.000e+00)  TeacherAttnOut: 0.000e+00 (0.000e+00)  TeacherFeatOut: 0.000e+00 (0.000e+00)  ActScaleAnchor: 0.000e+00 (0.000e+00)  VarTrust: 0.000e+00 (0.000e+00)  DirAnchor: 0.000e+00 (0.000e+00)  BinReg: 0.000e+00 (0.000e+00)  SelBinAnchor: 0.000e+00 (0.000e+00)  ActBinMargin: 0.000e+00 (0.000e+00)  Time: 0.223s, 2295.68/s  (0.228s, 2248.51/s)  LR: 6.639e-06  RefW: 0.000e+00  AnchorRefW: 0.000e+00  Data: 0.007 (0.011)
Train: 22 [ 150/2502 (  6%)]  Loss: 51.409622 (51.4029)  BaseLoss: 51.409622 (51.4029)  RefAttnKL: 0.000e+00 (0.000e+00)  RefLogitKL: 0.000e+00 (0.000e+00)  AnchorRefAttnKL: 0.000e+00 (0.000e+00)  TeacherAttnKL: 0.000e+00 (0.000e+00)  TeacherRel: 0.000e+00 (0.000e+00)  TeacherAttnOut: 0.000e+00 (0.000e+00)  TeacherFeatOut: 0.000e+00 (0.000e+00)  ActScaleAnchor: 0.000e+00 (0.000e+00)  VarTrust: 0.000e+00 (0.000e+00)  DirAnchor: 0.000e+00 (0.000e+00)  BinReg: 0.000e+00 (0.000e+00)  SelBinAnchor: 0.000e+00 (0.000e+00)  ActBinMargin: 0.000e+00 (0.000e+00)  Time: 0.223s, 2294.83/s  (0.226s, 2265.52/s)  LR: 6.631e-06  RefW: 0.000e+00  AnchorRefW: 0.000e+00  Data: 0.006 (0.009)
Train: 22 [ 200/2502 (  8%)]  Loss: 51.397762 (51.4019)  BaseLoss: 51.397762 (51.4019)  RefAttnKL: 0.000e+00 (0.000e+00)  RefLogitKL: 0.000e+00 (0.000e+00)  AnchorRefAttnKL: 0.000e+00 (0.000e+00)  TeacherAttnKL: 0.000e+00 (0.000e+00)  TeacherRel: 0.000e+00 (0.000e+00)  TeacherAttnOut: 0.000e+00 (0.000e+00)  TeacherFeatOut: 0.000e+00 (0.000e+00)  ActScaleAnchor: 0.000e+00 (0.000e+00)  VarTrust: 0.000e+00 (0.000e+00)  DirAnchor: 0.000e+00 (0.000e+00)  BinReg: 0.000e+00 (0.000e+00)  SelBinAnchor: 0.000e+00 (0.000e+00)  ActBinMargin: 0.000e+00 (0.000e+00)  Time: 0.223s, 2291.90/s  (0.225s, 2274.19/s)  LR: 6.623e-06  RefW: 0.000e+00  AnchorRefW: 0.000e+00  Data: 0.007 (0.009)
Train: 22 [ 250/2502 ( 10%)]  Loss: 51.461967 (51.4119)  BaseLoss: 51.461967 (51.4119)  RefAttnKL: 0.000e+00 (0.000e+00)  RefLogitKL: 0.000e+00 (0.000e+00)  AnchorRefAttnKL: 0.000e+00 (0.000e+00)  TeacherAttnKL: 0.000e+00 (0.000e+00)  TeacherRel: 0.000e+00 (0.000e+00)  TeacherAttnOut: 0.000e+00 (0.000e+00)  TeacherFeatOut: 0.000e+00 (0.000e+00)  ActScaleAnchor: 0.000e+00 (0.000e+00)  VarTrust: 0.000e+00 (0.000e+00)  DirAnchor: 0.000e+00 (0.000e+00)  BinReg: 0.000e+00 (0.000e+00)  SelBinAnchor: 0.000e+00 (0.000e+00)  ActBinMargin: 0.000e+00 (0.000e+00)  Time: 0.223s, 2300.34/s  (0.225s, 2279.11/s)  LR: 6.615e-06  RefW: 0.000e+00  AnchorRefW: 0.000e+00  Data: 0.006 (0.008)
Train: 22 [ 300/2502 ( 12%)]  Loss: 51.396187 (51.4097)  BaseLoss: 51.396187 (51.4097)  RefAttnKL: 0.000e+00 (0.000e+00)  RefLogitKL: 0.000e+00 (0.000e+00)  AnchorRefAttnKL: 0.000e+00 (0.000e+00)  TeacherAttnKL: 0.000e+00 (0.000e+00)  TeacherRel: 0.000e+00 (0.000e+00)  TeacherAttnOut: 0.000e+00 (0.000e+00)  TeacherFeatOut: 0.000e+00 (0.000e+00)  ActScaleAnchor: 0.000e+00 (0.000e+00)  VarTrust: 0.000e+00 (0.000e+00)  DirAnchor: 0.000e+00 (0.000e+00)  BinReg: 0.000e+00 (0.000e+00)  SelBinAnchor: 0.000e+00 (0.000e+00)  ActBinMargin: 0.000e+00 (0.000e+00)  Time: 0.223s, 2296.87/s  (0.224s, 2282.74/s)  LR: 6.608e-06  RefW: 0.000e+00  AnchorRefW: 0.000e+00  Data: 0.007 (0.008)
Train: 22 [ 350/2502 ( 14%)]  Loss: 51.445133 (51.4141)  BaseLoss: 51.445133 (51.4141)  RefAttnKL: 0.000e+00 (0.000e+00)  RefLogitKL: 0.000e+00 (0.000e+00)  AnchorRefAttnKL: 0.000e+00 (0.000e+00)  TeacherAttnKL: 0.000e+00 (0.000e+00)  TeacherRel: 0.000e+00 (0.000e+00)  TeacherAttnOut: 0.000e+00 (0.000e+00)  TeacherFeatOut: 0.000e+00 (0.000e+00)  ActScaleAnchor: 0.000e+00 (0.000e+00)  VarTrust: 0.000e+00 (0.000e+00)  DirAnchor: 0.000e+00 (0.000e+00)  BinReg: 0.000e+00 (0.000e+00)  SelBinAnchor: 0.000e+00 (0.000e+00)  ActBinMargin: 0.000e+00 (0.000e+00)  Time: 0.223s, 2296.87/s  (0.224s, 2284.72/s)  LR: 6.600e-06  RefW: 0.000e+00  AnchorRefW: 0.000e+00  Data: 0.007 (0.008)
Train: 22 [ 400/2502 ( 16%)]  Loss: 51.424469 (51.4152)  BaseLoss: 51.424469 (51.4152)  RefAttnKL: 0.000e+00 (0.000e+00)  RefLogitKL: 0.000e+00 (0.000e+00)  AnchorRefAttnKL: 0.000e+00 (0.000e+00)  TeacherAttnKL: 0.000e+00 (0.000e+00)  TeacherRel: 0.000e+00 (0.000e+00)  TeacherAttnOut: 0.000e+00 (0.000e+00)  TeacherFeatOut: 0.000e+00 (0.000e+00)  ActScaleAnchor: 0.000e+00 (0.000e+00)  VarTrust: 0.000e+00 (0.000e+00)  DirAnchor: 0.000e+00 (0.000e+00)  BinReg: 0.000e+00 (0.000e+00)  SelBinAnchor: 0.000e+00 (0.000e+00)  ActBinMargin: 0.000e+00 (0.000e+00)  Time: 0.223s, 2293.35/s  (0.224s, 2286.43/s)  LR: 6.592e-06  RefW: 0.000e+00  AnchorRefW: 0.000e+00  Data: 0.007 (0.007)
Train: 22 [ 450/2502 ( 18%)]  Loss: 51.437981 (51.4175)  BaseLoss: 51.437981 (51.4175)  RefAttnKL: 0.000e+00 (0.000e+00)  RefLogitKL: 0.000e+00 (0.000e+00)  AnchorRefAttnKL: 0.000e+00 (0.000e+00)  TeacherAttnKL: 0.000e+00 (0.000e+00)  TeacherRel: 0.000e+00 (0.000e+00)  TeacherAttnOut: 0.000e+00 (0.000e+00)  TeacherFeatOut: 0.000e+00 (0.000e+00)  ActScaleAnchor: 0.000e+00 (0.000e+00)  VarTrust: 0.000e+00 (0.000e+00)  DirAnchor: 0.000e+00 (0.000e+00)  BinReg: 0.000e+00 (0.000e+00)  SelBinAnchor: 0.000e+00 (0.000e+00)  ActBinMargin: 0.000e+00 (0.000e+00)  Time: 0.223s, 2295.88/s  (0.224s, 2287.68/s)  LR: 6.585e-06  RefW: 0.000e+00  AnchorRefW: 0.000e+00  Data: 0.006 (0.007)
Train: 22 [ 500/2502 ( 20%)]  Loss: 51.432186 (51.4189)  BaseLoss: 51.432186 (51.4189)  RefAttnKL: 0.000e+00 (0.000e+00)  RefLogitKL: 0.000e+00 (0.000e+00)  AnchorRefAttnKL: 0.000e+00 (0.000e+00)  TeacherAttnKL: 0.000e+00 (0.000e+00)  TeacherRel: 0.000e+00 (0.000e+00)  TeacherAttnOut: 0.000e+00 (0.000e+00)  TeacherFeatOut: 0.000e+00 (0.000e+00)  ActScaleAnchor: 0.000e+00 (0.000e+00)  VarTrust: 0.000e+00 (0.000e+00)  DirAnchor: 0.000e+00 (0.000e+00)  BinReg: 0.000e+00 (0.000e+00)  SelBinAnchor: 0.000e+00 (0.000e+00)  ActBinMargin: 0.000e+00 (0.000e+00)  Time: 0.223s, 2292.18/s  (0.224s, 2288.91/s)  LR: 6.577e-06  RefW: 0.000e+00  AnchorRefW: 0.000e+00  Data: 0.007 (0.007)
Train: 22 [ 550/2502 ( 22%)]  Loss: 51.448700 (51.4213)  BaseLoss: 51.448700 (51.4213)  RefAttnKL: 0.000e+00 (0.000e+00)  RefLogitKL: 0.000e+00 (0.000e+00)  AnchorRefAttnKL: 0.000e+00 (0.000e+00)  TeacherAttnKL: 0.000e+00 (0.000e+00)  TeacherRel: 0.000e+00 (0.000e+00)  TeacherAttnOut: 0.000e+00 (0.000e+00)  TeacherFeatOut: 0.000e+00 (0.000e+00)  ActScaleAnchor: 0.000e+00 (0.000e+00)  VarTrust: 0.000e+00 (0.000e+00)  DirAnchor: 0.000e+00 (0.000e+00)  BinReg: 0.000e+00 (0.000e+00)  SelBinAnchor: 0.000e+00 (0.000e+00)  ActBinMargin: 0.000e+00 (0.000e+00)  Time: 0.223s, 2293.00/s  (0.224s, 2289.80/s)  LR: 6.570e-06  RefW: 0.000e+00  AnchorRefW: 0.000e+00  Data: 0.007 (0.007)
Train: 22 [ 600/2502 ( 24%)]  Loss: 51.351757 (51.4160)  BaseLoss: 51.351757 (51.4160)  RefAttnKL: 0.000e+00 (0.000e+00)  RefLogitKL: 0.000e+00 (0.000e+00)  AnchorRefAttnKL: 0.000e+00 (0.000e+00)  TeacherAttnKL: 0.000e+00 (0.000e+00)  TeacherRel: 0.000e+00 (0.000e+00)  TeacherAttnOut: 0.000e+00 (0.000e+00)  TeacherFeatOut: 0.000e+00 (0.000e+00)  ActScaleAnchor: 0.000e+00 (0.000e+00)  VarTrust: 0.000e+00 (0.000e+00)  DirAnchor: 0.000e+00 (0.000e+00)  BinReg: 0.000e+00 (0.000e+00)  SelBinAnchor: 0.000e+00 (0.000e+00)  ActBinMargin: 0.000e+00 (0.000e+00)  Time: 0.223s, 2291.05/s  (0.224s, 2290.59/s)  LR: 6.562e-06  RefW: 0.000e+00  AnchorRefW: 0.000e+00  Data: 0.007 (0.007)
Train: 22 [ 650/2502 ( 26%)]  Loss: 51.421974 (51.4164)  BaseLoss: 51.421974 (51.4164)  RefAttnKL: 0.000e+00 (0.000e+00)  RefLogitKL: 0.000e+00 (0.000e+00)  AnchorRefAttnKL: 0.000e+00 (0.000e+00)  TeacherAttnKL: 0.000e+00 (0.000e+00)  TeacherRel: 0.000e+00 (0.000e+00)  TeacherAttnOut: 0.000e+00 (0.000e+00)  TeacherFeatOut: 0.000e+00 (0.000e+00)  ActScaleAnchor: 0.000e+00 (0.000e+00)  VarTrust: 0.000e+00 (0.000e+00)  DirAnchor: 0.000e+00 (0.000e+00)  BinReg: 0.000e+00 (0.000e+00)  SelBinAnchor: 0.000e+00 (0.000e+00)  ActBinMargin: 0.000e+00 (0.000e+00)  Time: 0.229s, 2234.49/s  (0.223s, 2291.05/s)  LR: 6.554e-06  RefW: 0.000e+00  AnchorRefW: 0.000e+00  Data: 0.006 (0.007)
Train: 22 [ 700/2502 ( 28%)]  Loss: 51.346848 (51.4118)  BaseLoss: 51.346848 (51.4118)  RefAttnKL: 0.000e+00 (0.000e+00)  RefLogitKL: 0.000e+00 (0.000e+00)  AnchorRefAttnKL: 0.000e+00 (0.000e+00)  TeacherAttnKL: 0.000e+00 (0.000e+00)  TeacherRel: 0.000e+00 (0.000e+00)  TeacherAttnOut: 0.000e+00 (0.000e+00)  TeacherFeatOut: 0.000e+00 (0.000e+00)  ActScaleAnchor: 0.000e+00 (0.000e+00)  VarTrust: 0.000e+00 (0.000e+00)  DirAnchor: 0.000e+00 (0.000e+00)  BinReg: 0.000e+00 (0.000e+00)  SelBinAnchor: 0.000e+00 (0.000e+00)  ActBinMargin: 0.000e+00 (0.000e+00)  Time: 0.224s, 2287.61/s  (0.223s, 2291.66/s)  LR: 6.547e-06  RefW: 0.000e+00  AnchorRefW: 0.000e+00  Data: 0.006 (0.007)
Train: 22 [ 750/2502 ( 30%)]  Loss: 51.348015 (51.4078)  BaseLoss: 51.348015 (51.4078)  RefAttnKL: 0.000e+00 (0.000e+00)  RefLogitKL: 0.000e+00 (0.000e+00)  AnchorRefAttnKL: 0.000e+00 (0.000e+00)  TeacherAttnKL: 0.000e+00 (0.000e+00)  TeacherRel: 0.000e+00 (0.000e+00)  TeacherAttnOut: 0.000e+00 (0.000e+00)  TeacherFeatOut: 0.000e+00 (0.000e+00)  ActScaleAnchor: 0.000e+00 (0.000e+00)  VarTrust: 0.000e+00 (0.000e+00)  DirAnchor: 0.000e+00 (0.000e+00)  BinReg: 0.000e+00 (0.000e+00)  SelBinAnchor: 0.000e+00 (0.000e+00)  ActBinMargin: 0.000e+00 (0.000e+00)  Time: 0.212s, 2418.08/s  (0.223s, 2291.96/s)  LR: 6.539e-06  RefW: 0.000e+00  AnchorRefW: 0.000e+00  Data: 0.005 (0.007)
Train: 22 [ 800/2502 ( 32%)]  Loss: 51.382965 (51.4063)  BaseLoss: 51.382965 (51.4063)  RefAttnKL: 0.000e+00 (0.000e+00)  RefLogitKL: 0.000e+00 (0.000e+00)  AnchorRefAttnKL: 0.000e+00 (0.000e+00)  TeacherAttnKL: 0.000e+00 (0.000e+00)  TeacherRel: 0.000e+00 (0.000e+00)  TeacherAttnOut: 0.000e+00 (0.000e+00)  TeacherFeatOut: 0.000e+00 (0.000e+00)  ActScaleAnchor: 0.000e+00 (0.000e+00)  VarTrust: 0.000e+00 (0.000e+00)  DirAnchor: 0.000e+00 (0.000e+00)  BinReg: 0.000e+00 (0.000e+00)  SelBinAnchor: 0.000e+00 (0.000e+00)  ActBinMargin: 0.000e+00 (0.000e+00)  Time: 0.223s, 2293.63/s  (0.223s, 2292.15/s)  LR: 6.532e-06  RefW: 0.000e+00  AnchorRefW: 0.000e+00  Data: 0.007 (0.007)
Train: 22 [ 850/2502 ( 34%)]  Loss: 51.383480 (51.4051)  BaseLoss: 51.383480 (51.4051)  RefAttnKL: 0.000e+00 (0.000e+00)  RefLogitKL: 0.000e+00 (0.000e+00)  AnchorRefAttnKL: 0.000e+00 (0.000e+00)  TeacherAttnKL: 0.000e+00 (0.000e+00)  TeacherRel: 0.000e+00 (0.000e+00)  TeacherAttnOut: 0.000e+00 (0.000e+00)  TeacherFeatOut: 0.000e+00 (0.000e+00)  ActScaleAnchor: 0.000e+00 (0.000e+00)  VarTrust: 0.000e+00 (0.000e+00)  DirAnchor: 0.000e+00 (0.000e+00)  BinReg: 0.000e+00 (0.000e+00)  SelBinAnchor: 0.000e+00 (0.000e+00)  ActBinMargin: 0.000e+00 (0.000e+00)  Time: 0.228s, 2244.84/s  (0.223s, 2292.48/s)  LR: 6.524e-06  RefW: 0.000e+00  AnchorRefW: 0.000e+00  Data: 0.006 (0.007)
Train: 22 [ 900/2502 ( 36%)]  Loss: 51.394100 (51.4045)  BaseLoss: 51.394100 (51.4045)  RefAttnKL: 0.000e+00 (0.000e+00)  RefLogitKL: 0.000e+00 (0.000e+00)  AnchorRefAttnKL: 0.000e+00 (0.000e+00)  TeacherAttnKL: 0.000e+00 (0.000e+00)  TeacherRel: 0.000e+00 (0.000e+00)  TeacherAttnOut: 0.000e+00 (0.000e+00)  TeacherFeatOut: 0.000e+00 (0.000e+00)  ActScaleAnchor: 0.000e+00 (0.000e+00)  VarTrust: 0.000e+00 (0.000e+00)  DirAnchor: 0.000e+00 (0.000e+00)  BinReg: 0.000e+00 (0.000e+00)  SelBinAnchor: 0.000e+00 (0.000e+00)  ActBinMargin: 0.000e+00 (0.000e+00)  Time: 0.223s, 2291.10/s  (0.223s, 2292.86/s)  LR: 6.517e-06  RefW: 0.000e+00  AnchorRefW: 0.000e+00  Data: 0.007 (0.007)
Train: 22 [ 950/2502 ( 38%)]  Loss: 51.394337 (51.4040)  BaseLoss: 51.394337 (51.4040)  RefAttnKL: 0.000e+00 (0.000e+00)  RefLogitKL: 0.000e+00 (0.000e+00)  AnchorRefAttnKL: 0.000e+00 (0.000e+00)  TeacherAttnKL: 0.000e+00 (0.000e+00)  TeacherRel: 0.000e+00 (0.000e+00)  TeacherAttnOut: 0.000e+00 (0.000e+00)  TeacherFeatOut: 0.000e+00 (0.000e+00)  ActScaleAnchor: 0.000e+00 (0.000e+00)  VarTrust: 0.000e+00 (0.000e+00)  DirAnchor: 0.000e+00 (0.000e+00)  BinReg: 0.000e+00 (0.000e+00)  SelBinAnchor: 0.000e+00 (0.000e+00)  ActBinMargin: 0.000e+00 (0.000e+00)  Time: 0.223s, 2294.10/s  (0.223s, 2293.19/s)  LR: 6.509e-06  RefW: 0.000e+00  AnchorRefW: 0.000e+00  Data: 0.007 (0.007)
Train: 22 [1000/2502 ( 40%)]  Loss: 51.405983 (51.4041)  BaseLoss: 51.405983 (51.4041)  RefAttnKL: 0.000e+00 (0.000e+00)  RefLogitKL: 0.000e+00 (0.000e+00)  AnchorRefAttnKL: 0.000e+00 (0.000e+00)  TeacherAttnKL: 0.000e+00 (0.000e+00)  TeacherRel: 0.000e+00 (0.000e+00)  TeacherAttnOut: 0.000e+00 (0.000e+00)  TeacherFeatOut: 0.000e+00 (0.000e+00)  ActScaleAnchor: 0.000e+00 (0.000e+00)  VarTrust: 0.000e+00 (0.000e+00)  DirAnchor: 0.000e+00 (0.000e+00)  BinReg: 0.000e+00 (0.000e+00)  SelBinAnchor: 0.000e+00 (0.000e+00)  ActBinMargin: 0.000e+00 (0.000e+00)  Time: 0.224s, 2287.85/s  (0.223s, 2293.16/s)  LR: 6.502e-06  RefW: 0.000e+00  AnchorRefW: 0.000e+00  Data: 0.007 (0.007)
Train: 22 [1050/2502 ( 42%)]  Loss: 51.396454 (51.4037)  BaseLoss: 51.396454 (51.4037)  RefAttnKL: 0.000e+00 (0.000e+00)  RefLogitKL: 0.000e+00 (0.000e+00)  AnchorRefAttnKL: 0.000e+00 (0.000e+00)  TeacherAttnKL: 0.000e+00 (0.000e+00)  TeacherRel: 0.000e+00 (0.000e+00)  TeacherAttnOut: 0.000e+00 (0.000e+00)  TeacherFeatOut: 0.000e+00 (0.000e+00)  ActScaleAnchor: 0.000e+00 (0.000e+00)  VarTrust: 0.000e+00 (0.000e+00)  DirAnchor: 0.000e+00 (0.000e+00)  BinReg: 0.000e+00 (0.000e+00)  SelBinAnchor: 0.000e+00 (0.000e+00)  ActBinMargin: 0.000e+00 (0.000e+00)  Time: 0.223s, 2294.74/s  (0.223s, 2293.45/s)  LR: 6.494e-06  RefW: 0.000e+00  AnchorRefW: 0.000e+00  Data: 0.006 (0.007)
Train: 22 [1100/2502 ( 44%)]  Loss: 51.366150 (51.4021)  BaseLoss: 51.366150 (51.4021)  RefAttnKL: 0.000e+00 (0.000e+00)  RefLogitKL: 0.000e+00 (0.000e+00)  AnchorRefAttnKL: 0.000e+00 (0.000e+00)  TeacherAttnKL: 0.000e+00 (0.000e+00)  TeacherRel: 0.000e+00 (0.000e+00)  TeacherAttnOut: 0.000e+00 (0.000e+00)  TeacherFeatOut: 0.000e+00 (0.000e+00)  ActScaleAnchor: 0.000e+00 (0.000e+00)  VarTrust: 0.000e+00 (0.000e+00)  DirAnchor: 0.000e+00 (0.000e+00)  BinReg: 0.000e+00 (0.000e+00)  SelBinAnchor: 0.000e+00 (0.000e+00)  ActBinMargin: 0.000e+00 (0.000e+00)  Time: 0.224s, 2290.66/s  (0.223s, 2293.63/s)  LR: 6.487e-06  RefW: 0.000e+00  AnchorRefW: 0.000e+00  Data: 0.006 (0.007)
Train: 22 [1150/2502 ( 46%)]  Loss: 51.427490 (51.4032)  BaseLoss: 51.427490 (51.4032)  RefAttnKL: 0.000e+00 (0.000e+00)  RefLogitKL: 0.000e+00 (0.000e+00)  AnchorRefAttnKL: 0.000e+00 (0.000e+00)  TeacherAttnKL: 0.000e+00 (0.000e+00)  TeacherRel: 0.000e+00 (0.000e+00)  TeacherAttnOut: 0.000e+00 (0.000e+00)  TeacherFeatOut: 0.000e+00 (0.000e+00)  ActScaleAnchor: 0.000e+00 (0.000e+00)  VarTrust: 0.000e+00 (0.000e+00)  DirAnchor: 0.000e+00 (0.000e+00)  BinReg: 0.000e+00 (0.000e+00)  SelBinAnchor: 0.000e+00 (0.000e+00)  ActBinMargin: 0.000e+00 (0.000e+00)  Time: 0.224s, 2288.51/s  (0.223s, 2293.61/s)  LR: 6.479e-06  RefW: 0.000e+00  AnchorRefW: 0.000e+00  Data: 0.007 (0.007)
Train: 22 [1200/2502 ( 48%)]  Loss: 51.382980 (51.4023)  BaseLoss: 51.382980 (51.4023)  RefAttnKL: 0.000e+00 (0.000e+00)  RefLogitKL: 0.000e+00 (0.000e+00)  AnchorRefAttnKL: 0.000e+00 (0.000e+00)  TeacherAttnKL: 0.000e+00 (0.000e+00)  TeacherRel: 0.000e+00 (0.000e+00)  TeacherAttnOut: 0.000e+00 (0.000e+00)  TeacherFeatOut: 0.000e+00 (0.000e+00)  ActScaleAnchor: 0.000e+00 (0.000e+00)  VarTrust: 0.000e+00 (0.000e+00)  DirAnchor: 0.000e+00 (0.000e+00)  BinReg: 0.000e+00 (0.000e+00)  SelBinAnchor: 0.000e+00 (0.000e+00)  ActBinMargin: 0.000e+00 (0.000e+00)  Time: 0.224s, 2289.18/s  (0.223s, 2293.43/s)  LR: 6.472e-06  RefW: 0.000e+00  AnchorRefW: 0.000e+00  Data: 0.007 (0.007)
Train: 22 [1250/2502 ( 50%)]  Loss: 51.411152 (51.4027)  BaseLoss: 51.411152 (51.4027)  RefAttnKL: 0.000e+00 (0.000e+00)  RefLogitKL: 0.000e+00 (0.000e+00)  AnchorRefAttnKL: 0.000e+00 (0.000e+00)  TeacherAttnKL: 0.000e+00 (0.000e+00)  TeacherRel: 0.000e+00 (0.000e+00)  TeacherAttnOut: 0.000e+00 (0.000e+00)  TeacherFeatOut: 0.000e+00 (0.000e+00)  ActScaleAnchor: 0.000e+00 (0.000e+00)  VarTrust: 0.000e+00 (0.000e+00)  DirAnchor: 0.000e+00 (0.000e+00)  BinReg: 0.000e+00 (0.000e+00)  SelBinAnchor: 0.000e+00 (0.000e+00)  ActBinMargin: 0.000e+00 (0.000e+00)  Time: 0.224s, 2290.28/s  (0.223s, 2293.68/s)  LR: 6.464e-06  RefW: 0.000e+00  AnchorRefW: 0.000e+00  Data: 0.006 (0.007)
Train: 22 [1300/2502 ( 52%)]  Loss: 51.409828 (51.4029)  BaseLoss: 51.409828 (51.4029)  RefAttnKL: 0.000e+00 (0.000e+00)  RefLogitKL: 0.000e+00 (0.000e+00)  AnchorRefAttnKL: 0.000e+00 (0.000e+00)  TeacherAttnKL: 0.000e+00 (0.000e+00)  TeacherRel: 0.000e+00 (0.000e+00)  TeacherAttnOut: 0.000e+00 (0.000e+00)  TeacherFeatOut: 0.000e+00 (0.000e+00)  ActScaleAnchor: 0.000e+00 (0.000e+00)  VarTrust: 0.000e+00 (0.000e+00)  DirAnchor: 0.000e+00 (0.000e+00)  BinReg: 0.000e+00 (0.000e+00)  SelBinAnchor: 0.000e+00 (0.000e+00)  ActBinMargin: 0.000e+00 (0.000e+00)  Time: 0.223s, 2294.00/s  (0.223s, 2293.67/s)  LR: 6.457e-06  RefW: 0.000e+00  AnchorRefW: 0.000e+00  Data: 0.006 (0.007)
Train: 22 [1350/2502 ( 54%)]  Loss: 51.416073 (51.4034)  BaseLoss: 51.416073 (51.4034)  RefAttnKL: 0.000e+00 (0.000e+00)  RefLogitKL: 0.000e+00 (0.000e+00)  AnchorRefAttnKL: 0.000e+00 (0.000e+00)  TeacherAttnKL: 0.000e+00 (0.000e+00)  TeacherRel: 0.000e+00 (0.000e+00)  TeacherAttnOut: 0.000e+00 (0.000e+00)  TeacherFeatOut: 0.000e+00 (0.000e+00)  ActScaleAnchor: 0.000e+00 (0.000e+00)  VarTrust: 0.000e+00 (0.000e+00)  DirAnchor: 0.000e+00 (0.000e+00)  BinReg: 0.000e+00 (0.000e+00)  SelBinAnchor: 0.000e+00 (0.000e+00)  ActBinMargin: 0.000e+00 (0.000e+00)  Time: 0.224s, 2289.54/s  (0.223s, 2293.88/s)  LR: 6.450e-06  RefW: 0.000e+00  AnchorRefW: 0.000e+00  Data: 0.007 (0.007)
Train: 22 [1400/2502 ( 56%)]  Loss: 51.403847 (51.4034)  BaseLoss: 51.403847 (51.4034)  RefAttnKL: 0.000e+00 (0.000e+00)  RefLogitKL: 0.000e+00 (0.000e+00)  AnchorRefAttnKL: 0.000e+00 (0.000e+00)  TeacherAttnKL: 0.000e+00 (0.000e+00)  TeacherRel: 0.000e+00 (0.000e+00)  TeacherAttnOut: 0.000e+00 (0.000e+00)  TeacherFeatOut: 0.000e+00 (0.000e+00)  ActScaleAnchor: 0.000e+00 (0.000e+00)  VarTrust: 0.000e+00 (0.000e+00)  DirAnchor: 0.000e+00 (0.000e+00)  BinReg: 0.000e+00 (0.000e+00)  SelBinAnchor: 0.000e+00 (0.000e+00)  ActBinMargin: 0.000e+00 (0.000e+00)  Time: 0.223s, 2297.64/s  (0.223s, 2294.10/s)  LR: 6.442e-06  RefW: 0.000e+00  AnchorRefW: 0.000e+00  Data: 0.007 (0.007)
Train: 22 [1450/2502 ( 58%)]  Loss: 51.437012 (51.4046)  BaseLoss: 51.437012 (51.4046)  RefAttnKL: 0.000e+00 (0.000e+00)  RefLogitKL: 0.000e+00 (0.000e+00)  AnchorRefAttnKL: 0.000e+00 (0.000e+00)  TeacherAttnKL: 0.000e+00 (0.000e+00)  TeacherRel: 0.000e+00 (0.000e+00)  TeacherAttnOut: 0.000e+00 (0.000e+00)  TeacherFeatOut: 0.000e+00 (0.000e+00)  ActScaleAnchor: 0.000e+00 (0.000e+00)  VarTrust: 0.000e+00 (0.000e+00)  DirAnchor: 0.000e+00 (0.000e+00)  BinReg: 0.000e+00 (0.000e+00)  SelBinAnchor: 0.000e+00 (0.000e+00)  ActBinMargin: 0.000e+00 (0.000e+00)  Time: 0.224s, 2285.39/s  (0.223s, 2294.20/s)  LR: 6.435e-06  RefW: 0.000e+00  AnchorRefW: 0.000e+00  Data: 0.005 (0.007)
Train: 22 [1500/2502 ( 60%)]  Loss: 51.417992 (51.4050)  BaseLoss: 51.417992 (51.4050)  RefAttnKL: 0.000e+00 (0.000e+00)  RefLogitKL: 0.000e+00 (0.000e+00)  AnchorRefAttnKL: 0.000e+00 (0.000e+00)  TeacherAttnKL: 0.000e+00 (0.000e+00)  TeacherRel: 0.000e+00 (0.000e+00)  TeacherAttnOut: 0.000e+00 (0.000e+00)  TeacherFeatOut: 0.000e+00 (0.000e+00)  ActScaleAnchor: 0.000e+00 (0.000e+00)  VarTrust: 0.000e+00 (0.000e+00)  DirAnchor: 0.000e+00 (0.000e+00)  BinReg: 0.000e+00 (0.000e+00)  SelBinAnchor: 0.000e+00 (0.000e+00)  ActBinMargin: 0.000e+00 (0.000e+00)  Time: 0.223s, 2293.18/s  (0.223s, 2294.39/s)  LR: 6.428e-06  RefW: 0.000e+00  AnchorRefW: 0.000e+00  Data: 0.006 (0.007)
Train: 22 [1550/2502 ( 62%)]  Loss: 51.408714 (51.4051)  BaseLoss: 51.408714 (51.4051)  RefAttnKL: 0.000e+00 (0.000e+00)  RefLogitKL: 0.000e+00 (0.000e+00)  AnchorRefAttnKL: 0.000e+00 (0.000e+00)  TeacherAttnKL: 0.000e+00 (0.000e+00)  TeacherRel: 0.000e+00 (0.000e+00)  TeacherAttnOut: 0.000e+00 (0.000e+00)  TeacherFeatOut: 0.000e+00 (0.000e+00)  ActScaleAnchor: 0.000e+00 (0.000e+00)  VarTrust: 0.000e+00 (0.000e+00)  DirAnchor: 0.000e+00 (0.000e+00)  BinReg: 0.000e+00 (0.000e+00)  SelBinAnchor: 0.000e+00 (0.000e+00)  ActBinMargin: 0.000e+00 (0.000e+00)  Time: 0.224s, 2289.27/s  (0.223s, 2294.34/s)  LR: 6.420e-06  RefW: 0.000e+00  AnchorRefW: 0.000e+00  Data: 0.007 (0.007)
Train: 22 [1600/2502 ( 64%)]  Loss: 51.393276 (51.4047)  BaseLoss: 51.393276 (51.4047)  RefAttnKL: 0.000e+00 (0.000e+00)  RefLogitKL: 0.000e+00 (0.000e+00)  AnchorRefAttnKL: 0.000e+00 (0.000e+00)  TeacherAttnKL: 0.000e+00 (0.000e+00)  TeacherRel: 0.000e+00 (0.000e+00)  TeacherAttnOut: 0.000e+00 (0.000e+00)  TeacherFeatOut: 0.000e+00 (0.000e+00)  ActScaleAnchor: 0.000e+00 (0.000e+00)  VarTrust: 0.000e+00 (0.000e+00)  DirAnchor: 0.000e+00 (0.000e+00)  BinReg: 0.000e+00 (0.000e+00)  SelBinAnchor: 0.000e+00 (0.000e+00)  ActBinMargin: 0.000e+00 (0.000e+00)  Time: 0.223s, 2297.77/s  (0.223s, 2294.41/s)  LR: 6.413e-06  RefW: 0.000e+00  AnchorRefW: 0.000e+00  Data: 0.007 (0.007)
Train: 22 [1650/2502 ( 66%)]  Loss: 51.443600 (51.4059)  BaseLoss: 51.443600 (51.4059)  RefAttnKL: 0.000e+00 (0.000e+00)  RefLogitKL: 0.000e+00 (0.000e+00)  AnchorRefAttnKL: 0.000e+00 (0.000e+00)  TeacherAttnKL: 0.000e+00 (0.000e+00)  TeacherRel: 0.000e+00 (0.000e+00)  TeacherAttnOut: 0.000e+00 (0.000e+00)  TeacherFeatOut: 0.000e+00 (0.000e+00)  ActScaleAnchor: 0.000e+00 (0.000e+00)  VarTrust: 0.000e+00 (0.000e+00)  DirAnchor: 0.000e+00 (0.000e+00)  BinReg: 0.000e+00 (0.000e+00)  SelBinAnchor: 0.000e+00 (0.000e+00)  ActBinMargin: 0.000e+00 (0.000e+00)  Time: 0.224s, 2285.90/s  (0.223s, 2294.56/s)  LR: 6.406e-06  RefW: 0.000e+00  AnchorRefW: 0.000e+00  Data: 0.006 (0.007)
Train: 22 [1700/2502 ( 68%)]  Loss: 51.416954 (51.4062)  BaseLoss: 51.416954 (51.4062)  RefAttnKL: 0.000e+00 (0.000e+00)  RefLogitKL: 0.000e+00 (0.000e+00)  AnchorRefAttnKL: 0.000e+00 (0.000e+00)  TeacherAttnKL: 0.000e+00 (0.000e+00)  TeacherRel: 0.000e+00 (0.000e+00)  TeacherAttnOut: 0.000e+00 (0.000e+00)  TeacherFeatOut: 0.000e+00 (0.000e+00)  ActScaleAnchor: 0.000e+00 (0.000e+00)  VarTrust: 0.000e+00 (0.000e+00)  DirAnchor: 0.000e+00 (0.000e+00)  BinReg: 0.000e+00 (0.000e+00)  SelBinAnchor: 0.000e+00 (0.000e+00)  ActBinMargin: 0.000e+00 (0.000e+00)  Time: 0.223s, 2293.66/s  (0.223s, 2294.35/s)  LR: 6.399e-06  RefW: 0.000e+00  AnchorRefW: 0.000e+00  Data: 0.006 (0.007)
Train: 22 [1750/2502 ( 70%)]  Loss: 51.407024 (51.4062)  BaseLoss: 51.407024 (51.4062)  RefAttnKL: 0.000e+00 (0.000e+00)  RefLogitKL: 0.000e+00 (0.000e+00)  AnchorRefAttnKL: 0.000e+00 (0.000e+00)  TeacherAttnKL: 0.000e+00 (0.000e+00)  TeacherRel: 0.000e+00 (0.000e+00)  TeacherAttnOut: 0.000e+00 (0.000e+00)  TeacherFeatOut: 0.000e+00 (0.000e+00)  ActScaleAnchor: 0.000e+00 (0.000e+00)  VarTrust: 0.000e+00 (0.000e+00)  DirAnchor: 0.000e+00 (0.000e+00)  BinReg: 0.000e+00 (0.000e+00)  SelBinAnchor: 0.000e+00 (0.000e+00)  ActBinMargin: 0.000e+00 (0.000e+00)  Time: 0.224s, 2287.85/s  (0.223s, 2294.39/s)  LR: 6.391e-06  RefW: 0.000e+00  AnchorRefW: 0.000e+00  Data: 0.006 (0.006)
Train: 22 [1800/2502 ( 72%)]  Loss: 51.385601 (51.4057)  BaseLoss: 51.385601 (51.4057)  RefAttnKL: 0.000e+00 (0.000e+00)  RefLogitKL: 0.000e+00 (0.000e+00)  AnchorRefAttnKL: 0.000e+00 (0.000e+00)  TeacherAttnKL: 0.000e+00 (0.000e+00)  TeacherRel: 0.000e+00 (0.000e+00)  TeacherAttnOut: 0.000e+00 (0.000e+00)  TeacherFeatOut: 0.000e+00 (0.000e+00)  ActScaleAnchor: 0.000e+00 (0.000e+00)  VarTrust: 0.000e+00 (0.000e+00)  DirAnchor: 0.000e+00 (0.000e+00)  BinReg: 0.000e+00 (0.000e+00)  SelBinAnchor: 0.000e+00 (0.000e+00)  ActBinMargin: 0.000e+00 (0.000e+00)  Time: 0.223s, 2296.80/s  (0.223s, 2294.55/s)  LR: 6.384e-06  RefW: 0.000e+00  AnchorRefW: 0.000e+00  Data: 0.008 (0.006)
Train: 22 [1850/2502 ( 74%)]  Loss: 51.384007 (51.4051)  BaseLoss: 51.384007 (51.4051)  RefAttnKL: 0.000e+00 (0.000e+00)  RefLogitKL: 0.000e+00 (0.000e+00)  AnchorRefAttnKL: 0.000e+00 (0.000e+00)  TeacherAttnKL: 0.000e+00 (0.000e+00)  TeacherRel: 0.000e+00 (0.000e+00)  TeacherAttnOut: 0.000e+00 (0.000e+00)  TeacherFeatOut: 0.000e+00 (0.000e+00)  ActScaleAnchor: 0.000e+00 (0.000e+00)  VarTrust: 0.000e+00 (0.000e+00)  DirAnchor: 0.000e+00 (0.000e+00)  BinReg: 0.000e+00 (0.000e+00)  SelBinAnchor: 0.000e+00 (0.000e+00)  ActBinMargin: 0.000e+00 (0.000e+00)  Time: 0.224s, 2289.31/s  (0.223s, 2294.58/s)  LR: 6.377e-06  RefW: 0.000e+00  AnchorRefW: 0.000e+00  Data: 0.005 (0.006)
Train: 22 [1900/2502 ( 76%)]  Loss: 51.413353 (51.4053)  BaseLoss: 51.413353 (51.4053)  RefAttnKL: 0.000e+00 (0.000e+00)  RefLogitKL: 0.000e+00 (0.000e+00)  AnchorRefAttnKL: 0.000e+00 (0.000e+00)  TeacherAttnKL: 0.000e+00 (0.000e+00)  TeacherRel: 0.000e+00 (0.000e+00)  TeacherAttnOut: 0.000e+00 (0.000e+00)  TeacherFeatOut: 0.000e+00 (0.000e+00)  ActScaleAnchor: 0.000e+00 (0.000e+00)  VarTrust: 0.000e+00 (0.000e+00)  DirAnchor: 0.000e+00 (0.000e+00)  BinReg: 0.000e+00 (0.000e+00)  SelBinAnchor: 0.000e+00 (0.000e+00)  ActBinMargin: 0.000e+00 (0.000e+00)  Time: 0.223s, 2290.96/s  (0.223s, 2294.70/s)  LR: 6.370e-06  RefW: 0.000e+00  AnchorRefW: 0.000e+00  Data: 0.006 (0.006)
Train: 22 [1950/2502 ( 78%)]  Loss: 51.438587 (51.4061)  BaseLoss: 51.438587 (51.4061)  RefAttnKL: 0.000e+00 (0.000e+00)  RefLogitKL: 0.000e+00 (0.000e+00)  AnchorRefAttnKL: 0.000e+00 (0.000e+00)  TeacherAttnKL: 0.000e+00 (0.000e+00)  TeacherRel: 0.000e+00 (0.000e+00)  TeacherAttnOut: 0.000e+00 (0.000e+00)  TeacherFeatOut: 0.000e+00 (0.000e+00)  ActScaleAnchor: 0.000e+00 (0.000e+00)  VarTrust: 0.000e+00 (0.000e+00)  DirAnchor: 0.000e+00 (0.000e+00)  BinReg: 0.000e+00 (0.000e+00)  SelBinAnchor: 0.000e+00 (0.000e+00)  ActBinMargin: 0.000e+00 (0.000e+00)  Time: 0.228s, 2242.20/s  (0.223s, 2294.79/s)  LR: 6.362e-06  RefW: 0.000e+00  AnchorRefW: 0.000e+00  Data: 0.006 (0.006)
Train: 22 [2000/2502 ( 80%)]  Loss: 51.419098 (51.4065)  BaseLoss: 51.419098 (51.4065)  RefAttnKL: 0.000e+00 (0.000e+00)  RefLogitKL: 0.000e+00 (0.000e+00)  AnchorRefAttnKL: 0.000e+00 (0.000e+00)  TeacherAttnKL: 0.000e+00 (0.000e+00)  TeacherRel: 0.000e+00 (0.000e+00)  TeacherAttnOut: 0.000e+00 (0.000e+00)  TeacherFeatOut: 0.000e+00 (0.000e+00)  ActScaleAnchor: 0.000e+00 (0.000e+00)  VarTrust: 0.000e+00 (0.000e+00)  DirAnchor: 0.000e+00 (0.000e+00)  BinReg: 0.000e+00 (0.000e+00)  SelBinAnchor: 0.000e+00 (0.000e+00)  ActBinMargin: 0.000e+00 (0.000e+00)  Time: 0.223s, 2293.74/s  (0.223s, 2294.91/s)  LR: 6.355e-06  RefW: 0.000e+00  AnchorRefW: 0.000e+00  Data: 0.007 (0.006)
Train: 22 [2050/2502 ( 82%)]  Loss: 51.383919 (51.4059)  BaseLoss: 51.383919 (51.4059)  RefAttnKL: 0.000e+00 (0.000e+00)  RefLogitKL: 0.000e+00 (0.000e+00)  AnchorRefAttnKL: 0.000e+00 (0.000e+00)  TeacherAttnKL: 0.000e+00 (0.000e+00)  TeacherRel: 0.000e+00 (0.000e+00)  TeacherAttnOut: 0.000e+00 (0.000e+00)  TeacherFeatOut: 0.000e+00 (0.000e+00)  ActScaleAnchor: 0.000e+00 (0.000e+00)  VarTrust: 0.000e+00 (0.000e+00)  DirAnchor: 0.000e+00 (0.000e+00)  BinReg: 0.000e+00 (0.000e+00)  SelBinAnchor: 0.000e+00 (0.000e+00)  ActBinMargin: 0.000e+00 (0.000e+00)  Time: 0.224s, 2288.92/s  (0.223s, 2294.84/s)  LR: 6.348e-06  RefW: 0.000e+00  AnchorRefW: 0.000e+00  Data: 0.006 (0.006)
Train: 22 [2100/2502 ( 84%)]  Loss: 51.387325 (51.4055)  BaseLoss: 51.387325 (51.4055)  RefAttnKL: 0.000e+00 (0.000e+00)  RefLogitKL: 0.000e+00 (0.000e+00)  AnchorRefAttnKL: 0.000e+00 (0.000e+00)  TeacherAttnKL: 0.000e+00 (0.000e+00)  TeacherRel: 0.000e+00 (0.000e+00)  TeacherAttnOut: 0.000e+00 (0.000e+00)  TeacherFeatOut: 0.000e+00 (0.000e+00)  ActScaleAnchor: 0.000e+00 (0.000e+00)  VarTrust: 0.000e+00 (0.000e+00)  DirAnchor: 0.000e+00 (0.000e+00)  BinReg: 0.000e+00 (0.000e+00)  SelBinAnchor: 0.000e+00 (0.000e+00)  ActBinMargin: 0.000e+00 (0.000e+00)  Time: 0.223s, 2290.93/s  (0.223s, 2294.98/s)  LR: 6.341e-06  RefW: 0.000e+00  AnchorRefW: 0.000e+00  Data: 0.006 (0.006)
Train: 22 [2150/2502 ( 86%)]  Loss: 51.406441 (51.4055)  BaseLoss: 51.406441 (51.4055)  RefAttnKL: 0.000e+00 (0.000e+00)  RefLogitKL: 0.000e+00 (0.000e+00)  AnchorRefAttnKL: 0.000e+00 (0.000e+00)  TeacherAttnKL: 0.000e+00 (0.000e+00)  TeacherRel: 0.000e+00 (0.000e+00)  TeacherAttnOut: 0.000e+00 (0.000e+00)  TeacherFeatOut: 0.000e+00 (0.000e+00)  ActScaleAnchor: 0.000e+00 (0.000e+00)  VarTrust: 0.000e+00 (0.000e+00)  DirAnchor: 0.000e+00 (0.000e+00)  BinReg: 0.000e+00 (0.000e+00)  SelBinAnchor: 0.000e+00 (0.000e+00)  ActBinMargin: 0.000e+00 (0.000e+00)  Time: 0.224s, 2290.22/s  (0.223s, 2295.10/s)  LR: 6.334e-06  RefW: 0.000e+00  AnchorRefW: 0.000e+00  Data: 0.007 (0.006)
Train: 22 [2200/2502 ( 88%)]  Loss: 51.391747 (51.4052)  BaseLoss: 51.391747 (51.4052)  RefAttnKL: 0.000e+00 (0.000e+00)  RefLogitKL: 0.000e+00 (0.000e+00)  AnchorRefAttnKL: 0.000e+00 (0.000e+00)  TeacherAttnKL: 0.000e+00 (0.000e+00)  TeacherRel: 0.000e+00 (0.000e+00)  TeacherAttnOut: 0.000e+00 (0.000e+00)  TeacherFeatOut: 0.000e+00 (0.000e+00)  ActScaleAnchor: 0.000e+00 (0.000e+00)  VarTrust: 0.000e+00 (0.000e+00)  DirAnchor: 0.000e+00 (0.000e+00)  BinReg: 0.000e+00 (0.000e+00)  SelBinAnchor: 0.000e+00 (0.000e+00)  ActBinMargin: 0.000e+00 (0.000e+00)  Time: 0.222s, 2305.03/s  (0.223s, 2295.14/s)  LR: 6.327e-06  RefW: 0.000e+00  AnchorRefW: 0.000e+00  Data: 0.007 (0.006)
Train: 22 [2250/2502 ( 90%)]  Loss: 51.397282 (51.4050)  BaseLoss: 51.397282 (51.4050)  RefAttnKL: 0.000e+00 (0.000e+00)  RefLogitKL: 0.000e+00 (0.000e+00)  AnchorRefAttnKL: 0.000e+00 (0.000e+00)  TeacherAttnKL: 0.000e+00 (0.000e+00)  TeacherRel: 0.000e+00 (0.000e+00)  TeacherAttnOut: 0.000e+00 (0.000e+00)  TeacherFeatOut: 0.000e+00 (0.000e+00)  ActScaleAnchor: 0.000e+00 (0.000e+00)  VarTrust: 0.000e+00 (0.000e+00)  DirAnchor: 0.000e+00 (0.000e+00)  BinReg: 0.000e+00 (0.000e+00)  SelBinAnchor: 0.000e+00 (0.000e+00)  ActBinMargin: 0.000e+00 (0.000e+00)  Time: 0.224s, 2289.00/s  (0.223s, 2295.23/s)  LR: 6.320e-06  RefW: 0.000e+00  AnchorRefW: 0.000e+00  Data: 0.006 (0.006)
Train: 22 [2300/2502 ( 92%)]  Loss: 51.406139 (51.4051)  BaseLoss: 51.406139 (51.4051)  RefAttnKL: 0.000e+00 (0.000e+00)  RefLogitKL: 0.000e+00 (0.000e+00)  AnchorRefAttnKL: 0.000e+00 (0.000e+00)  TeacherAttnKL: 0.000e+00 (0.000e+00)  TeacherRel: 0.000e+00 (0.000e+00)  TeacherAttnOut: 0.000e+00 (0.000e+00)  TeacherFeatOut: 0.000e+00 (0.000e+00)  ActScaleAnchor: 0.000e+00 (0.000e+00)  VarTrust: 0.000e+00 (0.000e+00)  DirAnchor: 0.000e+00 (0.000e+00)  BinReg: 0.000e+00 (0.000e+00)  SelBinAnchor: 0.000e+00 (0.000e+00)  ActBinMargin: 0.000e+00 (0.000e+00)  Time: 0.222s, 2301.53/s  (0.223s, 2295.33/s)  LR: 6.313e-06  RefW: 0.000e+00  AnchorRefW: 0.000e+00  Data: 0.006 (0.006)
Train: 22 [2350/2502 ( 94%)]  Loss: 51.431904 (51.4056)  BaseLoss: 51.431904 (51.4056)  RefAttnKL: 0.000e+00 (0.000e+00)  RefLogitKL: 0.000e+00 (0.000e+00)  AnchorRefAttnKL: 0.000e+00 (0.000e+00)  TeacherAttnKL: 0.000e+00 (0.000e+00)  TeacherRel: 0.000e+00 (0.000e+00)  TeacherAttnOut: 0.000e+00 (0.000e+00)  TeacherFeatOut: 0.000e+00 (0.000e+00)  ActScaleAnchor: 0.000e+00 (0.000e+00)  VarTrust: 0.000e+00 (0.000e+00)  DirAnchor: 0.000e+00 (0.000e+00)  BinReg: 0.000e+00 (0.000e+00)  SelBinAnchor: 0.000e+00 (0.000e+00)  ActBinMargin: 0.000e+00 (0.000e+00)  Time: 0.223s, 2292.56/s  (0.223s, 2295.38/s)  LR: 6.305e-06  RefW: 0.000e+00  AnchorRefW: 0.000e+00  Data: 0.006 (0.006)
Train: 22 [2400/2502 ( 96%)]  Loss: 51.376762 (51.4050)  BaseLoss: 51.376762 (51.4050)  RefAttnKL: 0.000e+00 (0.000e+00)  RefLogitKL: 0.000e+00 (0.000e+00)  AnchorRefAttnKL: 0.000e+00 (0.000e+00)  TeacherAttnKL: 0.000e+00 (0.000e+00)  TeacherRel: 0.000e+00 (0.000e+00)  TeacherAttnOut: 0.000e+00 (0.000e+00)  TeacherFeatOut: 0.000e+00 (0.000e+00)  ActScaleAnchor: 0.000e+00 (0.000e+00)  VarTrust: 0.000e+00 (0.000e+00)  DirAnchor: 0.000e+00 (0.000e+00)  BinReg: 0.000e+00 (0.000e+00)  SelBinAnchor: 0.000e+00 (0.000e+00)  ActBinMargin: 0.000e+00 (0.000e+00)  Time: 0.223s, 2293.43/s  (0.223s, 2295.33/s)  LR: 6.298e-06  RefW: 0.000e+00  AnchorRefW: 0.000e+00  Data: 0.006 (0.006)
Train: 22 [2450/2502 ( 98%)]  Loss: 51.419281 (51.4053)  BaseLoss: 51.419281 (51.4053)  RefAttnKL: 0.000e+00 (0.000e+00)  RefLogitKL: 0.000e+00 (0.000e+00)  AnchorRefAttnKL: 0.000e+00 (0.000e+00)  TeacherAttnKL: 0.000e+00 (0.000e+00)  TeacherRel: 0.000e+00 (0.000e+00)  TeacherAttnOut: 0.000e+00 (0.000e+00)  TeacherFeatOut: 0.000e+00 (0.000e+00)  ActScaleAnchor: 0.000e+00 (0.000e+00)  VarTrust: 0.000e+00 (0.000e+00)  DirAnchor: 0.000e+00 (0.000e+00)  BinReg: 0.000e+00 (0.000e+00)  SelBinAnchor: 0.000e+00 (0.000e+00)  ActBinMargin: 0.000e+00 (0.000e+00)  Time: 0.223s, 2295.20/s  (0.223s, 2295.43/s)  LR: 6.291e-06  RefW: 0.000e+00  AnchorRefW: 0.000e+00  Data: 0.006 (0.006)
TrainSummary: epoch=22 updates=2496 avg_step_time=0.223050s samples_per_step=512 samples_per_sec=2295.45
epoch:  22 g['lr']:  6.285116076469422e-06
model eval
TestLocal: [   0/97]  Time: 0.969 (0.969)  Loss:  0.7800  Acc@1: 84.3750  Acc@5: 93.7500  Samples: 64
TestLocal: [  50/97]  Time: 0.091 (0.108)  Loss:  0.8244  Acc@1: 81.1887  Acc@5: 95.1287  Samples: 3264
TestLocal: [  97/97]  Time: 0.049 (0.099)  Loss:  0.8153  Acc@1: 81.2966  Acc@5: 95.3323  Samples: 6170
TestLocal: [ 100/97]  Time: 0.049 (0.097)  Loss:  0.8153  Acc@1: 81.2882  Acc@5: 95.3301  Samples: 6210
Test: [distributed-summary]  Time: 10.162s  Loss: 0.8385  Acc@1: 80.4660  Acc@5: 95.3020  Samples: 50000
Trainable parameter policy: epoch=23, quant_only=False, policy=all, trainable=28608256, frozen=0
AOQ explore scale ratio update: epoch=23, update=0, active=False, base_ratio=1.0, threshold_ratio=0.0, base_layers=(), selective_margin=0.0, base_quantizers=0, layer_ratios={}, layer_quantizers=0, layer_counts={}, quality_mode=none, quality_layers=(), quality_start_update=0, quality_min_frac=0.0, start_update=0, end_update=0
Trainable parameter update policy: epoch=23, update=0, mode=requires_grad, policy=all, trainable=28608256, frozen=0
Train: 23 [   0/2502 (  0%)]  Loss: 51.415668 (51.4157)  BaseLoss: 51.415668 (51.4157)  RefAttnKL: 0.000e+00 (0.000e+00)  RefLogitKL: 0.000e+00 (0.000e+00)  AnchorRefAttnKL: 0.000e+00 (0.000e+00)  TeacherAttnKL: 0.000e+00 (0.000e+00)  TeacherRel: 0.000e+00 (0.000e+00)  TeacherAttnOut: 0.000e+00 (0.000e+00)  TeacherFeatOut: 0.000e+00 (0.000e+00)  ActScaleAnchor: 0.000e+00 (0.000e+00)  VarTrust: 0.000e+00 (0.000e+00)  DirAnchor: 0.000e+00 (0.000e+00)  BinReg: 0.000e+00 (0.000e+00)  SelBinAnchor: 0.000e+00 (0.000e+00)  ActBinMargin: 0.000e+00 (0.000e+00)  Time: 0.757s,  676.23/s  (0.757s,  676.23/s)  LR: 6.284e-06  RefW: 0.000e+00  AnchorRefW: 0.000e+00  Data: 0.544 (0.544)
Train: 23 [  50/2502 (  2%)]  Loss: 51.388069 (51.4019)  BaseLoss: 51.388069 (51.4019)  RefAttnKL: 0.000e+00 (0.000e+00)  RefLogitKL: 0.000e+00 (0.000e+00)  AnchorRefAttnKL: 0.000e+00 (0.000e+00)  TeacherAttnKL: 0.000e+00 (0.000e+00)  TeacherRel: 0.000e+00 (0.000e+00)  TeacherAttnOut: 0.000e+00 (0.000e+00)  TeacherFeatOut: 0.000e+00 (0.000e+00)  ActScaleAnchor: 0.000e+00 (0.000e+00)  VarTrust: 0.000e+00 (0.000e+00)  DirAnchor: 0.000e+00 (0.000e+00)  BinReg: 0.000e+00 (0.000e+00)  SelBinAnchor: 0.000e+00 (0.000e+00)  ActBinMargin: 0.000e+00 (0.000e+00)  Time: 0.223s, 2292.06/s  (0.233s, 2196.02/s)  LR: 6.277e-06  RefW: 0.000e+00  AnchorRefW: 0.000e+00  Data: 0.006 (0.016)
Train: 23 [ 100/2502 (  4%)]  Loss: 51.421406 (51.4084)  BaseLoss: 51.421406 (51.4084)  RefAttnKL: 0.000e+00 (0.000e+00)  RefLogitKL: 0.000e+00 (0.000e+00)  AnchorRefAttnKL: 0.000e+00 (0.000e+00)  TeacherAttnKL: 0.000e+00 (0.000e+00)  TeacherRel: 0.000e+00 (0.000e+00)  TeacherAttnOut: 0.000e+00 (0.000e+00)  TeacherFeatOut: 0.000e+00 (0.000e+00)  ActScaleAnchor: 0.000e+00 (0.000e+00)  VarTrust: 0.000e+00 (0.000e+00)  DirAnchor: 0.000e+00 (0.000e+00)  BinReg: 0.000e+00 (0.000e+00)  SelBinAnchor: 0.000e+00 (0.000e+00)  ActBinMargin: 0.000e+00 (0.000e+00)  Time: 0.224s, 2290.27/s  (0.228s, 2243.79/s)  LR: 6.270e-06  RefW: 0.000e+00  AnchorRefW: 0.000e+00  Data: 0.006 (0.011)
Train: 23 [ 150/2502 (  6%)]  Loss: 51.411846 (51.4092)  BaseLoss: 51.411846 (51.4092)  RefAttnKL: 0.000e+00 (0.000e+00)  RefLogitKL: 0.000e+00 (0.000e+00)  AnchorRefAttnKL: 0.000e+00 (0.000e+00)  TeacherAttnKL: 0.000e+00 (0.000e+00)  TeacherRel: 0.000e+00 (0.000e+00)  TeacherAttnOut: 0.000e+00 (0.000e+00)  TeacherFeatOut: 0.000e+00 (0.000e+00)  ActScaleAnchor: 0.000e+00 (0.000e+00)  VarTrust: 0.000e+00 (0.000e+00)  DirAnchor: 0.000e+00 (0.000e+00)  BinReg: 0.000e+00 (0.000e+00)  SelBinAnchor: 0.000e+00 (0.000e+00)  ActBinMargin: 0.000e+00 (0.000e+00)  Time: 0.223s, 2291.13/s  (0.226s, 2261.82/s)  LR: 6.263e-06  RefW: 0.000e+00  AnchorRefW: 0.000e+00  Data: 0.006 (0.009)
Train: 23 [ 200/2502 (  8%)]  Loss: 51.408482 (51.4091)  BaseLoss: 51.408482 (51.4091)  RefAttnKL: 0.000e+00 (0.000e+00)  RefLogitKL: 0.000e+00 (0.000e+00)  AnchorRefAttnKL: 0.000e+00 (0.000e+00)  TeacherAttnKL: 0.000e+00 (0.000e+00)  TeacherRel: 0.000e+00 (0.000e+00)  TeacherAttnOut: 0.000e+00 (0.000e+00)  TeacherFeatOut: 0.000e+00 (0.000e+00)  ActScaleAnchor: 0.000e+00 (0.000e+00)  VarTrust: 0.000e+00 (0.000e+00)  DirAnchor: 0.000e+00 (0.000e+00)  BinReg: 0.000e+00 (0.000e+00)  SelBinAnchor: 0.000e+00 (0.000e+00)  ActBinMargin: 0.000e+00 (0.000e+00)  Time: 0.224s, 2289.68/s  (0.225s, 2271.19/s)  LR: 6.256e-06  RefW: 0.000e+00  AnchorRefW: 0.000e+00  Data: 0.006 (0.008)
Train: 23 [ 250/2502 ( 10%)]  Loss: 51.450802 (51.4160)  BaseLoss: 51.450802 (51.4160)  RefAttnKL: 0.000e+00 (0.000e+00)  RefLogitKL: 0.000e+00 (0.000e+00)  AnchorRefAttnKL: 0.000e+00 (0.000e+00)  TeacherAttnKL: 0.000e+00 (0.000e+00)  TeacherRel: 0.000e+00 (0.000e+00)  TeacherAttnOut: 0.000e+00 (0.000e+00)  TeacherFeatOut: 0.000e+00 (0.000e+00)  ActScaleAnchor: 0.000e+00 (0.000e+00)  VarTrust: 0.000e+00 (0.000e+00)  DirAnchor: 0.000e+00 (0.000e+00)  BinReg: 0.000e+00 (0.000e+00)  SelBinAnchor: 0.000e+00 (0.000e+00)  ActBinMargin: 0.000e+00 (0.000e+00)  Time: 0.223s, 2298.24/s  (0.225s, 2276.87/s)  LR: 6.249e-06  RefW: 0.000e+00  AnchorRefW: 0.000e+00  Data: 0.006 (0.008)
Train: 23 [ 300/2502 ( 12%)]  Loss: 51.370331 (51.4095)  BaseLoss: 51.370331 (51.4095)  RefAttnKL: 0.000e+00 (0.000e+00)  RefLogitKL: 0.000e+00 (0.000e+00)  AnchorRefAttnKL: 0.000e+00 (0.000e+00)  TeacherAttnKL: 0.000e+00 (0.000e+00)  TeacherRel: 0.000e+00 (0.000e+00)  TeacherAttnOut: 0.000e+00 (0.000e+00)  TeacherFeatOut: 0.000e+00 (0.000e+00)  ActScaleAnchor: 0.000e+00 (0.000e+00)  VarTrust: 0.000e+00 (0.000e+00)  DirAnchor: 0.000e+00 (0.000e+00)  BinReg: 0.000e+00 (0.000e+00)  SelBinAnchor: 0.000e+00 (0.000e+00)  ActBinMargin: 0.000e+00 (0.000e+00)  Time: 0.223s, 2296.56/s  (0.224s, 2280.70/s)  LR: 6.242e-06  RefW: 0.000e+00  AnchorRefW: 0.000e+00  Data: 0.006 (0.007)
Train: 23 [ 350/2502 ( 14%)]  Loss: 51.430283 (51.4121)  BaseLoss: 51.430283 (51.4121)  RefAttnKL: 0.000e+00 (0.000e+00)  RefLogitKL: 0.000e+00 (0.000e+00)  AnchorRefAttnKL: 0.000e+00 (0.000e+00)  TeacherAttnKL: 0.000e+00 (0.000e+00)  TeacherRel: 0.000e+00 (0.000e+00)  TeacherAttnOut: 0.000e+00 (0.000e+00)  TeacherFeatOut: 0.000e+00 (0.000e+00)  ActScaleAnchor: 0.000e+00 (0.000e+00)  VarTrust: 0.000e+00 (0.000e+00)  DirAnchor: 0.000e+00 (0.000e+00)  BinReg: 0.000e+00 (0.000e+00)  SelBinAnchor: 0.000e+00 (0.000e+00)  ActBinMargin: 0.000e+00 (0.000e+00)  Time: 0.223s, 2294.13/s  (0.224s, 2281.85/s)  LR: 6.236e-06  RefW: 0.000e+00  AnchorRefW: 0.000e+00  Data: 0.005 (0.007)
Train: 23 [ 400/2502 ( 16%)]  Loss: 51.416965 (51.4127)  BaseLoss: 51.416965 (51.4127)  RefAttnKL: 0.000e+00 (0.000e+00)  RefLogitKL: 0.000e+00 (0.000e+00)  AnchorRefAttnKL: 0.000e+00 (0.000e+00)  TeacherAttnKL: 0.000e+00 (0.000e+00)  TeacherRel: 0.000e+00 (0.000e+00)  TeacherAttnOut: 0.000e+00 (0.000e+00)  TeacherFeatOut: 0.000e+00 (0.000e+00)  ActScaleAnchor: 0.000e+00 (0.000e+00)  VarTrust: 0.000e+00 (0.000e+00)  DirAnchor: 0.000e+00 (0.000e+00)  BinReg: 0.000e+00 (0.000e+00)  SelBinAnchor: 0.000e+00 (0.000e+00)  ActBinMargin: 0.000e+00 (0.000e+00)  Time: 0.224s, 2288.63/s  (0.224s, 2284.14/s)  LR: 6.229e-06  RefW: 0.000e+00  AnchorRefW: 0.000e+00  Data: 0.007 (0.007)
Train: 23 [ 450/2502 ( 18%)]  Loss: 51.433514 (51.4147)  BaseLoss: 51.433514 (51.4147)  RefAttnKL: 0.000e+00 (0.000e+00)  RefLogitKL: 0.000e+00 (0.000e+00)  AnchorRefAttnKL: 0.000e+00 (0.000e+00)  TeacherAttnKL: 0.000e+00 (0.000e+00)  TeacherRel: 0.000e+00 (0.000e+00)  TeacherAttnOut: 0.000e+00 (0.000e+00)  TeacherFeatOut: 0.000e+00 (0.000e+00)  ActScaleAnchor: 0.000e+00 (0.000e+00)  VarTrust: 0.000e+00 (0.000e+00)  DirAnchor: 0.000e+00 (0.000e+00)  BinReg: 0.000e+00 (0.000e+00)  SelBinAnchor: 0.000e+00 (0.000e+00)  ActBinMargin: 0.000e+00 (0.000e+00)  Time: 0.223s, 2295.93/s  (0.224s, 2284.87/s)  LR: 6.222e-06  RefW: 0.000e+00  AnchorRefW: 0.000e+00  Data: 0.006 (0.007)
Train: 23 [ 500/2502 ( 20%)]  Loss: 51.438408 (51.4169)  BaseLoss: 51.438408 (51.4169)  RefAttnKL: 0.000e+00 (0.000e+00)  RefLogitKL: 0.000e+00 (0.000e+00)  AnchorRefAttnKL: 0.000e+00 (0.000e+00)  TeacherAttnKL: 0.000e+00 (0.000e+00)  TeacherRel: 0.000e+00 (0.000e+00)  TeacherAttnOut: 0.000e+00 (0.000e+00)  TeacherFeatOut: 0.000e+00 (0.000e+00)  ActScaleAnchor: 0.000e+00 (0.000e+00)  VarTrust: 0.000e+00 (0.000e+00)  DirAnchor: 0.000e+00 (0.000e+00)  BinReg: 0.000e+00 (0.000e+00)  SelBinAnchor: 0.000e+00 (0.000e+00)  ActBinMargin: 0.000e+00 (0.000e+00)  Time: 0.224s, 2290.59/s  (0.224s, 2285.90/s)  LR: 6.215e-06  RefW: 0.000e+00  AnchorRefW: 0.000e+00  Data: 0.007 (0.007)
Train: 23 [ 550/2502 ( 22%)]  Loss: 51.422997 (51.4174)  BaseLoss: 51.422997 (51.4174)  RefAttnKL: 0.000e+00 (0.000e+00)  RefLogitKL: 0.000e+00 (0.000e+00)  AnchorRefAttnKL: 0.000e+00 (0.000e+00)  TeacherAttnKL: 0.000e+00 (0.000e+00)  TeacherRel: 0.000e+00 (0.000e+00)  TeacherAttnOut: 0.000e+00 (0.000e+00)  TeacherFeatOut: 0.000e+00 (0.000e+00)  ActScaleAnchor: 0.000e+00 (0.000e+00)  VarTrust: 0.000e+00 (0.000e+00)  DirAnchor: 0.000e+00 (0.000e+00)  BinReg: 0.000e+00 (0.000e+00)  SelBinAnchor: 0.000e+00 (0.000e+00)  ActBinMargin: 0.000e+00 (0.000e+00)  Time: 0.224s, 2287.07/s  (0.224s, 2285.80/s)  LR: 6.208e-06  RefW: 0.000e+00  AnchorRefW: 0.000e+00  Data: 0.005 (0.007)
Train: 23 [ 600/2502 ( 24%)]  Loss: 51.371155 (51.4138)  BaseLoss: 51.371155 (51.4138)  RefAttnKL: 0.000e+00 (0.000e+00)  RefLogitKL: 0.000e+00 (0.000e+00)  AnchorRefAttnKL: 0.000e+00 (0.000e+00)  TeacherAttnKL: 0.000e+00 (0.000e+00)  TeacherRel: 0.000e+00 (0.000e+00)  TeacherAttnOut: 0.000e+00 (0.000e+00)  TeacherFeatOut: 0.000e+00 (0.000e+00)  ActScaleAnchor: 0.000e+00 (0.000e+00)  VarTrust: 0.000e+00 (0.000e+00)  DirAnchor: 0.000e+00 (0.000e+00)  BinReg: 0.000e+00 (0.000e+00)  SelBinAnchor: 0.000e+00 (0.000e+00)  ActBinMargin: 0.000e+00 (0.000e+00)  Time: 0.224s, 2290.32/s  (0.224s, 2286.82/s)  LR: 6.201e-06  RefW: 0.000e+00  AnchorRefW: 0.000e+00  Data: 0.007 (0.007)
Train: 23 [ 650/2502 ( 26%)]  Loss: 51.394035 (51.4124)  BaseLoss: 51.394035 (51.4124)  RefAttnKL: 0.000e+00 (0.000e+00)  RefLogitKL: 0.000e+00 (0.000e+00)  AnchorRefAttnKL: 0.000e+00 (0.000e+00)  TeacherAttnKL: 0.000e+00 (0.000e+00)  TeacherRel: 0.000e+00 (0.000e+00)  TeacherAttnOut: 0.000e+00 (0.000e+00)  TeacherFeatOut: 0.000e+00 (0.000e+00)  ActScaleAnchor: 0.000e+00 (0.000e+00)  VarTrust: 0.000e+00 (0.000e+00)  DirAnchor: 0.000e+00 (0.000e+00)  BinReg: 0.000e+00 (0.000e+00)  SelBinAnchor: 0.000e+00 (0.000e+00)  ActBinMargin: 0.000e+00 (0.000e+00)  Time: 0.224s, 2280.84/s  (0.224s, 2287.43/s)  LR: 6.195e-06  RefW: 0.000e+00  AnchorRefW: 0.000e+00  Data: 0.006 (0.007)
Train: 23 [ 700/2502 ( 28%)]  Loss: 51.337463 (51.4074)  BaseLoss: 51.337463 (51.4074)  RefAttnKL: 0.000e+00 (0.000e+00)  RefLogitKL: 0.000e+00 (0.000e+00)  AnchorRefAttnKL: 0.000e+00 (0.000e+00)  TeacherAttnKL: 0.000e+00 (0.000e+00)  TeacherRel: 0.000e+00 (0.000e+00)  TeacherAttnOut: 0.000e+00 (0.000e+00)  TeacherFeatOut: 0.000e+00 (0.000e+00)  ActScaleAnchor: 0.000e+00 (0.000e+00)  VarTrust: 0.000e+00 (0.000e+00)  DirAnchor: 0.000e+00 (0.000e+00)  BinReg: 0.000e+00 (0.000e+00)  SelBinAnchor: 0.000e+00 (0.000e+00)  ActBinMargin: 0.000e+00 (0.000e+00)  Time: 0.223s, 2296.55/s  (0.224s, 2288.29/s)  LR: 6.188e-06  RefW: 0.000e+00  AnchorRefW: 0.000e+00  Data: 0.006 (0.007)
Train: 23 [ 750/2502 ( 30%)]  Loss: 51.349686 (51.4038)  BaseLoss: 51.349686 (51.4038)  RefAttnKL: 0.000e+00 (0.000e+00)  RefLogitKL: 0.000e+00 (0.000e+00)  AnchorRefAttnKL: 0.000e+00 (0.000e+00)  TeacherAttnKL: 0.000e+00 (0.000e+00)  TeacherRel: 0.000e+00 (0.000e+00)  TeacherAttnOut: 0.000e+00 (0.000e+00)  TeacherFeatOut: 0.000e+00 (0.000e+00)  ActScaleAnchor: 0.000e+00 (0.000e+00)  VarTrust: 0.000e+00 (0.000e+00)  DirAnchor: 0.000e+00 (0.000e+00)  BinReg: 0.000e+00 (0.000e+00)  SelBinAnchor: 0.000e+00 (0.000e+00)  ActBinMargin: 0.000e+00 (0.000e+00)  Time: 0.223s, 2293.32/s  (0.224s, 2288.77/s)  LR: 6.181e-06  RefW: 0.000e+00  AnchorRefW: 0.000e+00  Data: 0.006 (0.007)
Train: 23 [ 800/2502 ( 32%)]  Loss: 51.396095 (51.4034)  BaseLoss: 51.396095 (51.4034)  RefAttnKL: 0.000e+00 (0.000e+00)  RefLogitKL: 0.000e+00 (0.000e+00)  AnchorRefAttnKL: 0.000e+00 (0.000e+00)  TeacherAttnKL: 0.000e+00 (0.000e+00)  TeacherRel: 0.000e+00 (0.000e+00)  TeacherAttnOut: 0.000e+00 (0.000e+00)  TeacherFeatOut: 0.000e+00 (0.000e+00)  ActScaleAnchor: 0.000e+00 (0.000e+00)  VarTrust: 0.000e+00 (0.000e+00)  DirAnchor: 0.000e+00 (0.000e+00)  BinReg: 0.000e+00 (0.000e+00)  SelBinAnchor: 0.000e+00 (0.000e+00)  ActBinMargin: 0.000e+00 (0.000e+00)  Time: 0.224s, 2290.13/s  (0.224s, 2289.45/s)  LR: 6.174e-06  RefW: 0.000e+00  AnchorRefW: 0.000e+00  Data: 0.007 (0.006)
Train: 23 [ 850/2502 ( 34%)]  Loss: 51.361794 (51.4011)  BaseLoss: 51.361794 (51.4011)  RefAttnKL: 0.000e+00 (0.000e+00)  RefLogitKL: 0.000e+00 (0.000e+00)  AnchorRefAttnKL: 0.000e+00 (0.000e+00)  TeacherAttnKL: 0.000e+00 (0.000e+00)  TeacherRel: 0.000e+00 (0.000e+00)  TeacherAttnOut: 0.000e+00 (0.000e+00)  TeacherFeatOut: 0.000e+00 (0.000e+00)  ActScaleAnchor: 0.000e+00 (0.000e+00)  VarTrust: 0.000e+00 (0.000e+00)  DirAnchor: 0.000e+00 (0.000e+00)  BinReg: 0.000e+00 (0.000e+00)  SelBinAnchor: 0.000e+00 (0.000e+00)  ActBinMargin: 0.000e+00 (0.000e+00)  Time: 0.224s, 2285.95/s  (0.224s, 2290.00/s)  LR: 6.167e-06  RefW: 0.000e+00  AnchorRefW: 0.000e+00  Data: 0.006 (0.006)
Train: 23 [ 900/2502 ( 36%)]  Loss: 51.373909 (51.3996)  BaseLoss: 51.373909 (51.3996)  RefAttnKL: 0.000e+00 (0.000e+00)  RefLogitKL: 0.000e+00 (0.000e+00)  AnchorRefAttnKL: 0.000e+00 (0.000e+00)  TeacherAttnKL: 0.000e+00 (0.000e+00)  TeacherRel: 0.000e+00 (0.000e+00)  TeacherAttnOut: 0.000e+00 (0.000e+00)  TeacherFeatOut: 0.000e+00 (0.000e+00)  ActScaleAnchor: 0.000e+00 (0.000e+00)  VarTrust: 0.000e+00 (0.000e+00)  DirAnchor: 0.000e+00 (0.000e+00)  BinReg: 0.000e+00 (0.000e+00)  SelBinAnchor: 0.000e+00 (0.000e+00)  ActBinMargin: 0.000e+00 (0.000e+00)  Time: 0.224s, 2284.43/s  (0.224s, 2289.81/s)  LR: 6.161e-06  RefW: 0.000e+00  AnchorRefW: 0.000e+00  Data: 0.006 (0.006)
Train: 23 [ 950/2502 ( 38%)]  Loss: 51.385883 (51.3989)  BaseLoss: 51.385883 (51.3989)  RefAttnKL: 0.000e+00 (0.000e+00)  RefLogitKL: 0.000e+00 (0.000e+00)  AnchorRefAttnKL: 0.000e+00 (0.000e+00)  TeacherAttnKL: 0.000e+00 (0.000e+00)  TeacherRel: 0.000e+00 (0.000e+00)  TeacherAttnOut: 0.000e+00 (0.000e+00)  TeacherFeatOut: 0.000e+00 (0.000e+00)  ActScaleAnchor: 0.000e+00 (0.000e+00)  VarTrust: 0.000e+00 (0.000e+00)  DirAnchor: 0.000e+00 (0.000e+00)  BinReg: 0.000e+00 (0.000e+00)  SelBinAnchor: 0.000e+00 (0.000e+00)  ActBinMargin: 0.000e+00 (0.000e+00)  Time: 0.222s, 2302.56/s  (0.224s, 2290.26/s)  LR: 6.154e-06  RefW: 0.000e+00  AnchorRefW: 0.000e+00  Data: 0.006 (0.006)
Train: 23 [1000/2502 ( 40%)]  Loss: 51.413380 (51.3996)  BaseLoss: 51.413380 (51.3996)  RefAttnKL: 0.000e+00 (0.000e+00)  RefLogitKL: 0.000e+00 (0.000e+00)  AnchorRefAttnKL: 0.000e+00 (0.000e+00)  TeacherAttnKL: 0.000e+00 (0.000e+00)  TeacherRel: 0.000e+00 (0.000e+00)  TeacherAttnOut: 0.000e+00 (0.000e+00)  TeacherFeatOut: 0.000e+00 (0.000e+00)  ActScaleAnchor: 0.000e+00 (0.000e+00)  VarTrust: 0.000e+00 (0.000e+00)  DirAnchor: 0.000e+00 (0.000e+00)  BinReg: 0.000e+00 (0.000e+00)  SelBinAnchor: 0.000e+00 (0.000e+00)  ActBinMargin: 0.000e+00 (0.000e+00)  Time: 0.224s, 2288.70/s  (0.224s, 2290.73/s)  LR: 6.147e-06  RefW: 0.000e+00  AnchorRefW: 0.000e+00  Data: 0.007 (0.006)
Train: 23 [1050/2502 ( 42%)]  Loss: 51.383331 (51.3989)  BaseLoss: 51.383331 (51.3989)  RefAttnKL: 0.000e+00 (0.000e+00)  RefLogitKL: 0.000e+00 (0.000e+00)  AnchorRefAttnKL: 0.000e+00 (0.000e+00)  TeacherAttnKL: 0.000e+00 (0.000e+00)  TeacherRel: 0.000e+00 (0.000e+00)  TeacherAttnOut: 0.000e+00 (0.000e+00)  TeacherFeatOut: 0.000e+00 (0.000e+00)  ActScaleAnchor: 0.000e+00 (0.000e+00)  VarTrust: 0.000e+00 (0.000e+00)  DirAnchor: 0.000e+00 (0.000e+00)  BinReg: 0.000e+00 (0.000e+00)  SelBinAnchor: 0.000e+00 (0.000e+00)  ActBinMargin: 0.000e+00 (0.000e+00)  Time: 0.223s, 2295.58/s  (0.223s, 2291.11/s)  LR: 6.141e-06  RefW: 0.000e+00  AnchorRefW: 0.000e+00  Data: 0.006 (0.006)
Train: 23 [1100/2502 ( 44%)]  Loss: 51.342888 (51.3965)  BaseLoss: 51.342888 (51.3965)  RefAttnKL: 0.000e+00 (0.000e+00)  RefLogitKL: 0.000e+00 (0.000e+00)  AnchorRefAttnKL: 0.000e+00 (0.000e+00)  TeacherAttnKL: 0.000e+00 (0.000e+00)  TeacherRel: 0.000e+00 (0.000e+00)  TeacherAttnOut: 0.000e+00 (0.000e+00)  TeacherFeatOut: 0.000e+00 (0.000e+00)  ActScaleAnchor: 0.000e+00 (0.000e+00)  VarTrust: 0.000e+00 (0.000e+00)  DirAnchor: 0.000e+00 (0.000e+00)  BinReg: 0.000e+00 (0.000e+00)  SelBinAnchor: 0.000e+00 (0.000e+00)  ActBinMargin: 0.000e+00 (0.000e+00)  Time: 0.223s, 2294.04/s  (0.223s, 2290.96/s)  LR: 6.134e-06  RefW: 0.000e+00  AnchorRefW: 0.000e+00  Data: 0.007 (0.006)
Train: 23 [1150/2502 ( 46%)]  Loss: 51.415649 (51.3973)  BaseLoss: 51.415649 (51.3973)  RefAttnKL: 0.000e+00 (0.000e+00)  RefLogitKL: 0.000e+00 (0.000e+00)  AnchorRefAttnKL: 0.000e+00 (0.000e+00)  TeacherAttnKL: 0.000e+00 (0.000e+00)  TeacherRel: 0.000e+00 (0.000e+00)  TeacherAttnOut: 0.000e+00 (0.000e+00)  TeacherFeatOut: 0.000e+00 (0.000e+00)  ActScaleAnchor: 0.000e+00 (0.000e+00)  VarTrust: 0.000e+00 (0.000e+00)  DirAnchor: 0.000e+00 (0.000e+00)  BinReg: 0.000e+00 (0.000e+00)  SelBinAnchor: 0.000e+00 (0.000e+00)  ActBinMargin: 0.000e+00 (0.000e+00)  Time: 0.223s, 2295.74/s  (0.223s, 2291.22/s)  LR: 6.127e-06  RefW: 0.000e+00  AnchorRefW: 0.000e+00  Data: 0.006 (0.006)
Train: 23 [1200/2502 ( 48%)]  Loss: 51.388504 (51.3969)  BaseLoss: 51.388504 (51.3969)  RefAttnKL: 0.000e+00 (0.000e+00)  RefLogitKL: 0.000e+00 (0.000e+00)  AnchorRefAttnKL: 0.000e+00 (0.000e+00)  TeacherAttnKL: 0.000e+00 (0.000e+00)  TeacherRel: 0.000e+00 (0.000e+00)  TeacherAttnOut: 0.000e+00 (0.000e+00)  TeacherFeatOut: 0.000e+00 (0.000e+00)  ActScaleAnchor: 0.000e+00 (0.000e+00)  VarTrust: 0.000e+00 (0.000e+00)  DirAnchor: 0.000e+00 (0.000e+00)  BinReg: 0.000e+00 (0.000e+00)  SelBinAnchor: 0.000e+00 (0.000e+00)  ActBinMargin: 0.000e+00 (0.000e+00)  Time: 0.224s, 2288.32/s  (0.223s, 2291.23/s)  LR: 6.121e-06  RefW: 0.000e+00  AnchorRefW: 0.000e+00  Data: 0.007 (0.006)
Train: 23 [1250/2502 ( 50%)]  Loss: 51.406750 (51.3973)  BaseLoss: 51.406750 (51.3973)  RefAttnKL: 0.000e+00 (0.000e+00)  RefLogitKL: 0.000e+00 (0.000e+00)  AnchorRefAttnKL: 0.000e+00 (0.000e+00)  TeacherAttnKL: 0.000e+00 (0.000e+00)  TeacherRel: 0.000e+00 (0.000e+00)  TeacherAttnOut: 0.000e+00 (0.000e+00)  TeacherFeatOut: 0.000e+00 (0.000e+00)  ActScaleAnchor: 0.000e+00 (0.000e+00)  VarTrust: 0.000e+00 (0.000e+00)  DirAnchor: 0.000e+00 (0.000e+00)  BinReg: 0.000e+00 (0.000e+00)  SelBinAnchor: 0.000e+00 (0.000e+00)  ActBinMargin: 0.000e+00 (0.000e+00)  Time: 0.224s, 2290.50/s  (0.223s, 2291.57/s)  LR: 6.114e-06  RefW: 0.000e+00  AnchorRefW: 0.000e+00  Data: 0.006 (0.006)
Train: 23 [1300/2502 ( 52%)]  Loss: 51.414742 (51.3979)  BaseLoss: 51.414742 (51.3979)  RefAttnKL: 0.000e+00 (0.000e+00)  RefLogitKL: 0.000e+00 (0.000e+00)  AnchorRefAttnKL: 0.000e+00 (0.000e+00)  TeacherAttnKL: 0.000e+00 (0.000e+00)  TeacherRel: 0.000e+00 (0.000e+00)  TeacherAttnOut: 0.000e+00 (0.000e+00)  TeacherFeatOut: 0.000e+00 (0.000e+00)  ActScaleAnchor: 0.000e+00 (0.000e+00)  VarTrust: 0.000e+00 (0.000e+00)  DirAnchor: 0.000e+00 (0.000e+00)  BinReg: 0.000e+00 (0.000e+00)  SelBinAnchor: 0.000e+00 (0.000e+00)  ActBinMargin: 0.000e+00 (0.000e+00)  Time: 0.223s, 2293.06/s  (0.223s, 2291.80/s)  LR: 6.108e-06  RefW: 0.000e+00  AnchorRefW: 0.000e+00  Data: 0.006 (0.006)
Train: 23 [1350/2502 ( 54%)]  Loss: 51.423458 (51.3988)  BaseLoss: 51.423458 (51.3988)  RefAttnKL: 0.000e+00 (0.000e+00)  RefLogitKL: 0.000e+00 (0.000e+00)  AnchorRefAttnKL: 0.000e+00 (0.000e+00)  TeacherAttnKL: 0.000e+00 (0.000e+00)  TeacherRel: 0.000e+00 (0.000e+00)  TeacherAttnOut: 0.000e+00 (0.000e+00)  TeacherFeatOut: 0.000e+00 (0.000e+00)  ActScaleAnchor: 0.000e+00 (0.000e+00)  VarTrust: 0.000e+00 (0.000e+00)  DirAnchor: 0.000e+00 (0.000e+00)  BinReg: 0.000e+00 (0.000e+00)  SelBinAnchor: 0.000e+00 (0.000e+00)  ActBinMargin: 0.000e+00 (0.000e+00)  Time: 0.224s, 2287.73/s  (0.223s, 2292.10/s)  LR: 6.101e-06  RefW: 0.000e+00  AnchorRefW: 0.000e+00  Data: 0.006 (0.006)
Train: 23 [1400/2502 ( 56%)]  Loss: 51.391644 (51.3986)  BaseLoss: 51.391644 (51.3986)  RefAttnKL: 0.000e+00 (0.000e+00)  RefLogitKL: 0.000e+00 (0.000e+00)  AnchorRefAttnKL: 0.000e+00 (0.000e+00)  TeacherAttnKL: 0.000e+00 (0.000e+00)  TeacherRel: 0.000e+00 (0.000e+00)  TeacherAttnOut: 0.000e+00 (0.000e+00)  TeacherFeatOut: 0.000e+00 (0.000e+00)  ActScaleAnchor: 0.000e+00 (0.000e+00)  VarTrust: 0.000e+00 (0.000e+00)  DirAnchor: 0.000e+00 (0.000e+00)  BinReg: 0.000e+00 (0.000e+00)  SelBinAnchor: 0.000e+00 (0.000e+00)  ActBinMargin: 0.000e+00 (0.000e+00)  Time: 0.223s, 2295.15/s  (0.223s, 2292.33/s)  LR: 6.095e-06  RefW: 0.000e+00  AnchorRefW: 0.000e+00  Data: 0.006 (0.006)
Train: 23 [1450/2502 ( 58%)]  Loss: 51.416336 (51.3992)  BaseLoss: 51.416336 (51.3992)  RefAttnKL: 0.000e+00 (0.000e+00)  RefLogitKL: 0.000e+00 (0.000e+00)  AnchorRefAttnKL: 0.000e+00 (0.000e+00)  TeacherAttnKL: 0.000e+00 (0.000e+00)  TeacherRel: 0.000e+00 (0.000e+00)  TeacherAttnOut: 0.000e+00 (0.000e+00)  TeacherFeatOut: 0.000e+00 (0.000e+00)  ActScaleAnchor: 0.000e+00 (0.000e+00)  VarTrust: 0.000e+00 (0.000e+00)  DirAnchor: 0.000e+00 (0.000e+00)  BinReg: 0.000e+00 (0.000e+00)  SelBinAnchor: 0.000e+00 (0.000e+00)  ActBinMargin: 0.000e+00 (0.000e+00)  Time: 0.224s, 2284.80/s  (0.223s, 2292.52/s)  LR: 6.088e-06  RefW: 0.000e+00  AnchorRefW: 0.000e+00  Data: 0.006 (0.006)
Train: 23 [1500/2502 ( 60%)]  Loss: 51.426888 (51.4001)  BaseLoss: 51.426888 (51.4001)  RefAttnKL: 0.000e+00 (0.000e+00)  RefLogitKL: 0.000e+00 (0.000e+00)  AnchorRefAttnKL: 0.000e+00 (0.000e+00)  TeacherAttnKL: 0.000e+00 (0.000e+00)  TeacherRel: 0.000e+00 (0.000e+00)  TeacherAttnOut: 0.000e+00 (0.000e+00)  TeacherFeatOut: 0.000e+00 (0.000e+00)  ActScaleAnchor: 0.000e+00 (0.000e+00)  VarTrust: 0.000e+00 (0.000e+00)  DirAnchor: 0.000e+00 (0.000e+00)  BinReg: 0.000e+00 (0.000e+00)  SelBinAnchor: 0.000e+00 (0.000e+00)  ActBinMargin: 0.000e+00 (0.000e+00)  Time: 0.224s, 2289.12/s  (0.223s, 2292.78/s)  LR: 6.082e-06  RefW: 0.000e+00  AnchorRefW: 0.000e+00  Data: 0.006 (0.006)
Train: 23 [1550/2502 ( 62%)]  Loss: 51.414745 (51.4005)  BaseLoss: 51.414745 (51.4005)  RefAttnKL: 0.000e+00 (0.000e+00)  RefLogitKL: 0.000e+00 (0.000e+00)  AnchorRefAttnKL: 0.000e+00 (0.000e+00)  TeacherAttnKL: 0.000e+00 (0.000e+00)  TeacherRel: 0.000e+00 (0.000e+00)  TeacherAttnOut: 0.000e+00 (0.000e+00)  TeacherFeatOut: 0.000e+00 (0.000e+00)  ActScaleAnchor: 0.000e+00 (0.000e+00)  VarTrust: 0.000e+00 (0.000e+00)  DirAnchor: 0.000e+00 (0.000e+00)  BinReg: 0.000e+00 (0.000e+00)  SelBinAnchor: 0.000e+00 (0.000e+00)  ActBinMargin: 0.000e+00 (0.000e+00)  Time: 0.223s, 2295.90/s  (0.223s, 2292.96/s)  LR: 6.075e-06  RefW: 0.000e+00  AnchorRefW: 0.000e+00  Data: 0.005 (0.006)
Train: 23 [1600/2502 ( 64%)]  Loss: 51.388660 (51.4002)  BaseLoss: 51.388660 (51.4002)  RefAttnKL: 0.000e+00 (0.000e+00)  RefLogitKL: 0.000e+00 (0.000e+00)  AnchorRefAttnKL: 0.000e+00 (0.000e+00)  TeacherAttnKL: 0.000e+00 (0.000e+00)  TeacherRel: 0.000e+00 (0.000e+00)  TeacherAttnOut: 0.000e+00 (0.000e+00)  TeacherFeatOut: 0.000e+00 (0.000e+00)  ActScaleAnchor: 0.000e+00 (0.000e+00)  VarTrust: 0.000e+00 (0.000e+00)  DirAnchor: 0.000e+00 (0.000e+00)  BinReg: 0.000e+00 (0.000e+00)  SelBinAnchor: 0.000e+00 (0.000e+00)  ActBinMargin: 0.000e+00 (0.000e+00)  Time: 0.223s, 2291.50/s  (0.223s, 2292.99/s)  LR: 6.069e-06  RefW: 0.000e+00  AnchorRefW: 0.000e+00  Data: 0.007 (0.006)
Train: 23 [1650/2502 ( 66%)]  Loss: 51.429558 (51.4010)  BaseLoss: 51.429558 (51.4010)  RefAttnKL: 0.000e+00 (0.000e+00)  RefLogitKL: 0.000e+00 (0.000e+00)  AnchorRefAttnKL: 0.000e+00 (0.000e+00)  TeacherAttnKL: 0.000e+00 (0.000e+00)  TeacherRel: 0.000e+00 (0.000e+00)  TeacherAttnOut: 0.000e+00 (0.000e+00)  TeacherFeatOut: 0.000e+00 (0.000e+00)  ActScaleAnchor: 0.000e+00 (0.000e+00)  VarTrust: 0.000e+00 (0.000e+00)  DirAnchor: 0.000e+00 (0.000e+00)  BinReg: 0.000e+00 (0.000e+00)  SelBinAnchor: 0.000e+00 (0.000e+00)  ActBinMargin: 0.000e+00 (0.000e+00)  Time: 0.223s, 2295.53/s  (0.223s, 2293.16/s)  LR: 6.062e-06  RefW: 0.000e+00  AnchorRefW: 0.000e+00  Data: 0.005 (0.006)
Train: 23 [1700/2502 ( 68%)]  Loss: 51.422424 (51.4016)  BaseLoss: 51.422424 (51.4016)  RefAttnKL: 0.000e+00 (0.000e+00)  RefLogitKL: 0.000e+00 (0.000e+00)  AnchorRefAttnKL: 0.000e+00 (0.000e+00)  TeacherAttnKL: 0.000e+00 (0.000e+00)  TeacherRel: 0.000e+00 (0.000e+00)  TeacherAttnOut: 0.000e+00 (0.000e+00)  TeacherFeatOut: 0.000e+00 (0.000e+00)  ActScaleAnchor: 0.000e+00 (0.000e+00)  VarTrust: 0.000e+00 (0.000e+00)  DirAnchor: 0.000e+00 (0.000e+00)  BinReg: 0.000e+00 (0.000e+00)  SelBinAnchor: 0.000e+00 (0.000e+00)  ActBinMargin: 0.000e+00 (0.000e+00)  Time: 0.223s, 2293.59/s  (0.223s, 2293.35/s)  LR: 6.056e-06  RefW: 0.000e+00  AnchorRefW: 0.000e+00  Data: 0.006 (0.006)
Train: 23 [1750/2502 ( 70%)]  Loss: 51.395809 (51.4015)  BaseLoss: 51.395809 (51.4015)  RefAttnKL: 0.000e+00 (0.000e+00)  RefLogitKL: 0.000e+00 (0.000e+00)  AnchorRefAttnKL: 0.000e+00 (0.000e+00)  TeacherAttnKL: 0.000e+00 (0.000e+00)  TeacherRel: 0.000e+00 (0.000e+00)  TeacherAttnOut: 0.000e+00 (0.000e+00)  TeacherFeatOut: 0.000e+00 (0.000e+00)  ActScaleAnchor: 0.000e+00 (0.000e+00)  VarTrust: 0.000e+00 (0.000e+00)  DirAnchor: 0.000e+00 (0.000e+00)  BinReg: 0.000e+00 (0.000e+00)  SelBinAnchor: 0.000e+00 (0.000e+00)  ActBinMargin: 0.000e+00 (0.000e+00)  Time: 0.224s, 2285.38/s  (0.223s, 2293.51/s)  LR: 6.049e-06  RefW: 0.000e+00  AnchorRefW: 0.000e+00  Data: 0.006 (0.006)
Train: 23 [1800/2502 ( 72%)]  Loss: 51.416912 (51.4019)  BaseLoss: 51.416912 (51.4019)  RefAttnKL: 0.000e+00 (0.000e+00)  RefLogitKL: 0.000e+00 (0.000e+00)  AnchorRefAttnKL: 0.000e+00 (0.000e+00)  TeacherAttnKL: 0.000e+00 (0.000e+00)  TeacherRel: 0.000e+00 (0.000e+00)  TeacherAttnOut: 0.000e+00 (0.000e+00)  TeacherFeatOut: 0.000e+00 (0.000e+00)  ActScaleAnchor: 0.000e+00 (0.000e+00)  VarTrust: 0.000e+00 (0.000e+00)  DirAnchor: 0.000e+00 (0.000e+00)  BinReg: 0.000e+00 (0.000e+00)  SelBinAnchor: 0.000e+00 (0.000e+00)  ActBinMargin: 0.000e+00 (0.000e+00)  Time: 0.223s, 2296.25/s  (0.223s, 2293.68/s)  LR: 6.043e-06  RefW: 0.000e+00  AnchorRefW: 0.000e+00  Data: 0.006 (0.006)
Train: 23 [1850/2502 ( 74%)]  Loss: 51.388214 (51.4015)  BaseLoss: 51.388214 (51.4015)  RefAttnKL: 0.000e+00 (0.000e+00)  RefLogitKL: 0.000e+00 (0.000e+00)  AnchorRefAttnKL: 0.000e+00 (0.000e+00)  TeacherAttnKL: 0.000e+00 (0.000e+00)  TeacherRel: 0.000e+00 (0.000e+00)  TeacherAttnOut: 0.000e+00 (0.000e+00)  TeacherFeatOut: 0.000e+00 (0.000e+00)  ActScaleAnchor: 0.000e+00 (0.000e+00)  VarTrust: 0.000e+00 (0.000e+00)  DirAnchor: 0.000e+00 (0.000e+00)  BinReg: 0.000e+00 (0.000e+00)  SelBinAnchor: 0.000e+00 (0.000e+00)  ActBinMargin: 0.000e+00 (0.000e+00)  Time: 0.223s, 2291.75/s  (0.223s, 2293.85/s)  LR: 6.036e-06  RefW: 0.000e+00  AnchorRefW: 0.000e+00  Data: 0.006 (0.006)
Train: 23 [1900/2502 ( 76%)]  Loss: 51.417473 (51.4020)  BaseLoss: 51.417473 (51.4020)  RefAttnKL: 0.000e+00 (0.000e+00)  RefLogitKL: 0.000e+00 (0.000e+00)  AnchorRefAttnKL: 0.000e+00 (0.000e+00)  TeacherAttnKL: 0.000e+00 (0.000e+00)  TeacherRel: 0.000e+00 (0.000e+00)  TeacherAttnOut: 0.000e+00 (0.000e+00)  TeacherFeatOut: 0.000e+00 (0.000e+00)  ActScaleAnchor: 0.000e+00 (0.000e+00)  VarTrust: 0.000e+00 (0.000e+00)  DirAnchor: 0.000e+00 (0.000e+00)  BinReg: 0.000e+00 (0.000e+00)  SelBinAnchor: 0.000e+00 (0.000e+00)  ActBinMargin: 0.000e+00 (0.000e+00)  Time: 0.224s, 2290.75/s  (0.223s, 2294.01/s)  LR: 6.030e-06  RefW: 0.000e+00  AnchorRefW: 0.000e+00  Data: 0.007 (0.006)
Train: 23 [1950/2502 ( 78%)]  Loss: 51.440903 (51.4029)  BaseLoss: 51.440903 (51.4029)  RefAttnKL: 0.000e+00 (0.000e+00)  RefLogitKL: 0.000e+00 (0.000e+00)  AnchorRefAttnKL: 0.000e+00 (0.000e+00)  TeacherAttnKL: 0.000e+00 (0.000e+00)  TeacherRel: 0.000e+00 (0.000e+00)  TeacherAttnOut: 0.000e+00 (0.000e+00)  TeacherFeatOut: 0.000e+00 (0.000e+00)  ActScaleAnchor: 0.000e+00 (0.000e+00)  VarTrust: 0.000e+00 (0.000e+00)  DirAnchor: 0.000e+00 (0.000e+00)  BinReg: 0.000e+00 (0.000e+00)  SelBinAnchor: 0.000e+00 (0.000e+00)  ActBinMargin: 0.000e+00 (0.000e+00)  Time: 0.225s, 2276.57/s  (0.223s, 2294.09/s)  LR: 6.024e-06  RefW: 0.000e+00  AnchorRefW: 0.000e+00  Data: 0.006 (0.006)
Train: 23 [2000/2502 ( 80%)]  Loss: 51.419895 (51.4033)  BaseLoss: 51.419895 (51.4033)  RefAttnKL: 0.000e+00 (0.000e+00)  RefLogitKL: 0.000e+00 (0.000e+00)  AnchorRefAttnKL: 0.000e+00 (0.000e+00)  TeacherAttnKL: 0.000e+00 (0.000e+00)  TeacherRel: 0.000e+00 (0.000e+00)  TeacherAttnOut: 0.000e+00 (0.000e+00)  TeacherFeatOut: 0.000e+00 (0.000e+00)  ActScaleAnchor: 0.000e+00 (0.000e+00)  VarTrust: 0.000e+00 (0.000e+00)  DirAnchor: 0.000e+00 (0.000e+00)  BinReg: 0.000e+00 (0.000e+00)  SelBinAnchor: 0.000e+00 (0.000e+00)  ActBinMargin: 0.000e+00 (0.000e+00)  Time: 0.224s, 2290.36/s  (0.223s, 2294.21/s)  LR: 6.017e-06  RefW: 0.000e+00  AnchorRefW: 0.000e+00  Data: 0.007 (0.006)
Train: 23 [2050/2502 ( 82%)]  Loss: 51.348019 (51.4020)  BaseLoss: 51.348019 (51.4020)  RefAttnKL: 0.000e+00 (0.000e+00)  RefLogitKL: 0.000e+00 (0.000e+00)  AnchorRefAttnKL: 0.000e+00 (0.000e+00)  TeacherAttnKL: 0.000e+00 (0.000e+00)  TeacherRel: 0.000e+00 (0.000e+00)  TeacherAttnOut: 0.000e+00 (0.000e+00)  TeacherFeatOut: 0.000e+00 (0.000e+00)  ActScaleAnchor: 0.000e+00 (0.000e+00)  VarTrust: 0.000e+00 (0.000e+00)  DirAnchor: 0.000e+00 (0.000e+00)  BinReg: 0.000e+00 (0.000e+00)  SelBinAnchor: 0.000e+00 (0.000e+00)  ActBinMargin: 0.000e+00 (0.000e+00)  Time: 0.225s, 2277.37/s  (0.223s, 2294.33/s)  LR: 6.011e-06  RefW: 0.000e+00  AnchorRefW: 0.000e+00  Data: 0.007 (0.006)
Train: 23 [2100/2502 ( 84%)]  Loss: 51.373016 (51.4013)  BaseLoss: 51.373016 (51.4013)  RefAttnKL: 0.000e+00 (0.000e+00)  RefLogitKL: 0.000e+00 (0.000e+00)  AnchorRefAttnKL: 0.000e+00 (0.000e+00)  TeacherAttnKL: 0.000e+00 (0.000e+00)  TeacherRel: 0.000e+00 (0.000e+00)  TeacherAttnOut: 0.000e+00 (0.000e+00)  TeacherFeatOut: 0.000e+00 (0.000e+00)  ActScaleAnchor: 0.000e+00 (0.000e+00)  VarTrust: 0.000e+00 (0.000e+00)  DirAnchor: 0.000e+00 (0.000e+00)  BinReg: 0.000e+00 (0.000e+00)  SelBinAnchor: 0.000e+00 (0.000e+00)  ActBinMargin: 0.000e+00 (0.000e+00)  Time: 0.223s, 2293.09/s  (0.223s, 2294.34/s)  LR: 6.005e-06  RefW: 0.000e+00  AnchorRefW: 0.000e+00  Data: 0.006 (0.006)
Train: 23 [2150/2502 ( 86%)]  Loss: 51.394363 (51.4012)  BaseLoss: 51.394363 (51.4012)  RefAttnKL: 0.000e+00 (0.000e+00)  RefLogitKL: 0.000e+00 (0.000e+00)  AnchorRefAttnKL: 0.000e+00 (0.000e+00)  TeacherAttnKL: 0.000e+00 (0.000e+00)  TeacherRel: 0.000e+00 (0.000e+00)  TeacherAttnOut: 0.000e+00 (0.000e+00)  TeacherFeatOut: 0.000e+00 (0.000e+00)  ActScaleAnchor: 0.000e+00 (0.000e+00)  VarTrust: 0.000e+00 (0.000e+00)  DirAnchor: 0.000e+00 (0.000e+00)  BinReg: 0.000e+00 (0.000e+00)  SelBinAnchor: 0.000e+00 (0.000e+00)  ActBinMargin: 0.000e+00 (0.000e+00)  Time: 0.223s, 2293.52/s  (0.223s, 2294.43/s)  LR: 5.999e-06  RefW: 0.000e+00  AnchorRefW: 0.000e+00  Data: 0.006 (0.006)
Train: 23 [2200/2502 ( 88%)]  Loss: 51.392624 (51.4010)  BaseLoss: 51.392624 (51.4010)  RefAttnKL: 0.000e+00 (0.000e+00)  RefLogitKL: 0.000e+00 (0.000e+00)  AnchorRefAttnKL: 0.000e+00 (0.000e+00)  TeacherAttnKL: 0.000e+00 (0.000e+00)  TeacherRel: 0.000e+00 (0.000e+00)  TeacherAttnOut: 0.000e+00 (0.000e+00)  TeacherFeatOut: 0.000e+00 (0.000e+00)  ActScaleAnchor: 0.000e+00 (0.000e+00)  VarTrust: 0.000e+00 (0.000e+00)  DirAnchor: 0.000e+00 (0.000e+00)  BinReg: 0.000e+00 (0.000e+00)  SelBinAnchor: 0.000e+00 (0.000e+00)  ActBinMargin: 0.000e+00 (0.000e+00)  Time: 0.224s, 2285.53/s  (0.223s, 2294.46/s)  LR: 5.992e-06  RefW: 0.000e+00  AnchorRefW: 0.000e+00  Data: 0.007 (0.006)
Train: 23 [2250/2502 ( 90%)]  Loss: 51.404072 (51.4011)  BaseLoss: 51.404072 (51.4011)  RefAttnKL: 0.000e+00 (0.000e+00)  RefLogitKL: 0.000e+00 (0.000e+00)  AnchorRefAttnKL: 0.000e+00 (0.000e+00)  TeacherAttnKL: 0.000e+00 (0.000e+00)  TeacherRel: 0.000e+00 (0.000e+00)  TeacherAttnOut: 0.000e+00 (0.000e+00)  TeacherFeatOut: 0.000e+00 (0.000e+00)  ActScaleAnchor: 0.000e+00 (0.000e+00)  VarTrust: 0.000e+00 (0.000e+00)  DirAnchor: 0.000e+00 (0.000e+00)  BinReg: 0.000e+00 (0.000e+00)  SelBinAnchor: 0.000e+00 (0.000e+00)  ActBinMargin: 0.000e+00 (0.000e+00)  Time: 0.224s, 2287.37/s  (0.223s, 2294.53/s)  LR: 5.986e-06  RefW: 0.000e+00  AnchorRefW: 0.000e+00  Data: 0.007 (0.006)
Train: 23 [2300/2502 ( 92%)]  Loss: 51.445477 (51.4020)  BaseLoss: 51.445477 (51.4020)  RefAttnKL: 0.000e+00 (0.000e+00)  RefLogitKL: 0.000e+00 (0.000e+00)  AnchorRefAttnKL: 0.000e+00 (0.000e+00)  TeacherAttnKL: 0.000e+00 (0.000e+00)  TeacherRel: 0.000e+00 (0.000e+00)  TeacherAttnOut: 0.000e+00 (0.000e+00)  TeacherFeatOut: 0.000e+00 (0.000e+00)  ActScaleAnchor: 0.000e+00 (0.000e+00)  VarTrust: 0.000e+00 (0.000e+00)  DirAnchor: 0.000e+00 (0.000e+00)  BinReg: 0.000e+00 (0.000e+00)  SelBinAnchor: 0.000e+00 (0.000e+00)  ActBinMargin: 0.000e+00 (0.000e+00)  Time: 0.223s, 2295.20/s  (0.223s, 2294.56/s)  LR: 5.980e-06  RefW: 0.000e+00  AnchorRefW: 0.000e+00  Data: 0.006 (0.006)
Train: 23 [2350/2502 ( 94%)]  Loss: 51.421890 (51.4024)  BaseLoss: 51.421890 (51.4024)  RefAttnKL: 0.000e+00 (0.000e+00)  RefLogitKL: 0.000e+00 (0.000e+00)  AnchorRefAttnKL: 0.000e+00 (0.000e+00)  TeacherAttnKL: 0.000e+00 (0.000e+00)  TeacherRel: 0.000e+00 (0.000e+00)  TeacherAttnOut: 0.000e+00 (0.000e+00)  TeacherFeatOut: 0.000e+00 (0.000e+00)  ActScaleAnchor: 0.000e+00 (0.000e+00)  VarTrust: 0.000e+00 (0.000e+00)  DirAnchor: 0.000e+00 (0.000e+00)  BinReg: 0.000e+00 (0.000e+00)  SelBinAnchor: 0.000e+00 (0.000e+00)  ActBinMargin: 0.000e+00 (0.000e+00)  Time: 0.224s, 2290.46/s  (0.223s, 2294.68/s)  LR: 5.974e-06  RefW: 0.000e+00  AnchorRefW: 0.000e+00  Data: 0.007 (0.006)
Train: 23 [2400/2502 ( 96%)]  Loss: 51.400135 (51.4024)  BaseLoss: 51.400135 (51.4024)  RefAttnKL: 0.000e+00 (0.000e+00)  RefLogitKL: 0.000e+00 (0.000e+00)  AnchorRefAttnKL: 0.000e+00 (0.000e+00)  TeacherAttnKL: 0.000e+00 (0.000e+00)  TeacherRel: 0.000e+00 (0.000e+00)  TeacherAttnOut: 0.000e+00 (0.000e+00)  TeacherFeatOut: 0.000e+00 (0.000e+00)  ActScaleAnchor: 0.000e+00 (0.000e+00)  VarTrust: 0.000e+00 (0.000e+00)  DirAnchor: 0.000e+00 (0.000e+00)  BinReg: 0.000e+00 (0.000e+00)  SelBinAnchor: 0.000e+00 (0.000e+00)  ActBinMargin: 0.000e+00 (0.000e+00)  Time: 0.223s, 2292.65/s  (0.223s, 2294.78/s)  LR: 5.967e-06  RefW: 0.000e+00  AnchorRefW: 0.000e+00  Data: 0.007 (0.006)
Train: 23 [2450/2502 ( 98%)]  Loss: 51.429008 (51.4029)  BaseLoss: 51.429008 (51.4029)  RefAttnKL: 0.000e+00 (0.000e+00)  RefLogitKL: 0.000e+00 (0.000e+00)  AnchorRefAttnKL: 0.000e+00 (0.000e+00)  TeacherAttnKL: 0.000e+00 (0.000e+00)  TeacherRel: 0.000e+00 (0.000e+00)  TeacherAttnOut: 0.000e+00 (0.000e+00)  TeacherFeatOut: 0.000e+00 (0.000e+00)  ActScaleAnchor: 0.000e+00 (0.000e+00)  VarTrust: 0.000e+00 (0.000e+00)  DirAnchor: 0.000e+00 (0.000e+00)  BinReg: 0.000e+00 (0.000e+00)  SelBinAnchor: 0.000e+00 (0.000e+00)  ActBinMargin: 0.000e+00 (0.000e+00)  Time: 0.223s, 2296.08/s  (0.223s, 2294.86/s)  LR: 5.961e-06  RefW: 0.000e+00  AnchorRefW: 0.000e+00  Data: 0.006 (0.006)
TrainSummary: epoch=23 updates=2496 avg_step_time=0.223103s samples_per_step=512 samples_per_sec=2294.90
epoch:  23 g['lr']:  5.955653488636017e-06
model eval
TestLocal: [   0/97]  Time: 0.999 (0.999)  Loss:  0.7956  Acc@1: 82.8125  Acc@5: 93.7500  Samples: 64
TestLocal: [  50/97]  Time: 0.091 (0.108)  Loss:  0.8250  Acc@1: 81.4338  Acc@5: 95.3125  Samples: 3264
TestLocal: [  97/97]  Time: 0.049 (0.099)  Loss:  0.8154  Acc@1: 81.2804  Acc@5: 95.3647  Samples: 6170
TestLocal: [ 100/97]  Time: 0.049 (0.097)  Loss:  0.8155  Acc@1: 81.2721  Acc@5: 95.3623  Samples: 6210
Test: [distributed-summary]  Time: 10.172s  Loss: 0.8371  Acc@1: 80.5080  Acc@5: 95.3220  Samples: 50000
Trainable parameter policy: epoch=24, quant_only=False, policy=all, trainable=28608256, frozen=0
AOQ explore scale ratio update: epoch=24, update=0, active=False, base_ratio=1.0, threshold_ratio=0.0, base_layers=(), selective_margin=0.0, base_quantizers=0, layer_ratios={}, layer_quantizers=0, layer_counts={}, quality_mode=none, quality_layers=(), quality_start_update=0, quality_min_frac=0.0, start_update=0, end_update=0
Trainable parameter update policy: epoch=24, update=0, mode=requires_grad, policy=all, trainable=28608256, frozen=0
Train: 24 [   0/2502 (  0%)]  Loss: 51.401291 (51.4013)  BaseLoss: 51.401291 (51.4013)  RefAttnKL: 0.000e+00 (0.000e+00)  RefLogitKL: 0.000e+00 (0.000e+00)  AnchorRefAttnKL: 0.000e+00 (0.000e+00)  TeacherAttnKL: 0.000e+00 (0.000e+00)  TeacherRel: 0.000e+00 (0.000e+00)  TeacherAttnOut: 0.000e+00 (0.000e+00)  TeacherFeatOut: 0.000e+00 (0.000e+00)  ActScaleAnchor: 0.000e+00 (0.000e+00)  VarTrust: 0.000e+00 (0.000e+00)  DirAnchor: 0.000e+00 (0.000e+00)  BinReg: 0.000e+00 (0.000e+00)  SelBinAnchor: 0.000e+00 (0.000e+00)  ActBinMargin: 0.000e+00 (0.000e+00)  Time: 0.791s,  647.17/s  (0.791s,  647.17/s)  LR: 5.955e-06  RefW: 0.000e+00  AnchorRefW: 0.000e+00  Data: 0.559 (0.559)
Train: 24 [  50/2502 (  2%)]  Loss: 51.390244 (51.3958)  BaseLoss: 51.390244 (51.3958)  RefAttnKL: 0.000e+00 (0.000e+00)  RefLogitKL: 0.000e+00 (0.000e+00)  AnchorRefAttnKL: 0.000e+00 (0.000e+00)  TeacherAttnKL: 0.000e+00 (0.000e+00)  TeacherRel: 0.000e+00 (0.000e+00)  TeacherAttnOut: 0.000e+00 (0.000e+00)  TeacherFeatOut: 0.000e+00 (0.000e+00)  ActScaleAnchor: 0.000e+00 (0.000e+00)  VarTrust: 0.000e+00 (0.000e+00)  DirAnchor: 0.000e+00 (0.000e+00)  BinReg: 0.000e+00 (0.000e+00)  SelBinAnchor: 0.000e+00 (0.000e+00)  ActBinMargin: 0.000e+00 (0.000e+00)  Time: 0.232s, 2202.93/s  (0.235s, 2182.78/s)  LR: 5.949e-06  RefW: 0.000e+00  AnchorRefW: 0.000e+00  Data: 0.007 (0.017)
Train: 24 [ 100/2502 (  4%)]  Loss: 51.407349 (51.3996)  BaseLoss: 51.407349 (51.3996)  RefAttnKL: 0.000e+00 (0.000e+00)  RefLogitKL: 0.000e+00 (0.000e+00)  AnchorRefAttnKL: 0.000e+00 (0.000e+00)  TeacherAttnKL: 0.000e+00 (0.000e+00)  TeacherRel: 0.000e+00 (0.000e+00)  TeacherAttnOut: 0.000e+00 (0.000e+00)  TeacherFeatOut: 0.000e+00 (0.000e+00)  ActScaleAnchor: 0.000e+00 (0.000e+00)  VarTrust: 0.000e+00 (0.000e+00)  DirAnchor: 0.000e+00 (0.000e+00)  BinReg: 0.000e+00 (0.000e+00)  SelBinAnchor: 0.000e+00 (0.000e+00)  ActBinMargin: 0.000e+00 (0.000e+00)  Time: 0.224s, 2287.56/s  (0.229s, 2234.15/s)  LR: 5.943e-06  RefW: 0.000e+00  AnchorRefW: 0.000e+00  Data: 0.006 (0.011)
Train: 24 [ 150/2502 (  6%)]  Loss: 51.414371 (51.4033)  BaseLoss: 51.414371 (51.4033)  RefAttnKL: 0.000e+00 (0.000e+00)  RefLogitKL: 0.000e+00 (0.000e+00)  AnchorRefAttnKL: 0.000e+00 (0.000e+00)  TeacherAttnKL: 0.000e+00 (0.000e+00)  TeacherRel: 0.000e+00 (0.000e+00)  TeacherAttnOut: 0.000e+00 (0.000e+00)  TeacherFeatOut: 0.000e+00 (0.000e+00)  ActScaleAnchor: 0.000e+00 (0.000e+00)  VarTrust: 0.000e+00 (0.000e+00)  DirAnchor: 0.000e+00 (0.000e+00)  BinReg: 0.000e+00 (0.000e+00)  SelBinAnchor: 0.000e+00 (0.000e+00)  ActBinMargin: 0.000e+00 (0.000e+00)  Time: 0.223s, 2291.30/s  (0.227s, 2255.38/s)  LR: 5.936e-06  RefW: 0.000e+00  AnchorRefW: 0.000e+00  Data: 0.006 (0.010)
Train: 24 [ 200/2502 (  8%)]  Loss: 51.402073 (51.4031)  BaseLoss: 51.402073 (51.4031)  RefAttnKL: 0.000e+00 (0.000e+00)  RefLogitKL: 0.000e+00 (0.000e+00)  AnchorRefAttnKL: 0.000e+00 (0.000e+00)  TeacherAttnKL: 0.000e+00 (0.000e+00)  TeacherRel: 0.000e+00 (0.000e+00)  TeacherAttnOut: 0.000e+00 (0.000e+00)  TeacherFeatOut: 0.000e+00 (0.000e+00)  ActScaleAnchor: 0.000e+00 (0.000e+00)  VarTrust: 0.000e+00 (0.000e+00)  DirAnchor: 0.000e+00 (0.000e+00)  BinReg: 0.000e+00 (0.000e+00)  SelBinAnchor: 0.000e+00 (0.000e+00)  ActBinMargin: 0.000e+00 (0.000e+00)  Time: 0.208s, 2464.84/s  (0.226s, 2266.22/s)  LR: 5.930e-06  RefW: 0.000e+00  AnchorRefW: 0.000e+00  Data: 0.005 (0.009)
Train: 24 [ 250/2502 ( 10%)]  Loss: 51.451283 (51.4111)  BaseLoss: 51.451283 (51.4111)  RefAttnKL: 0.000e+00 (0.000e+00)  RefLogitKL: 0.000e+00 (0.000e+00)  AnchorRefAttnKL: 0.000e+00 (0.000e+00)  TeacherAttnKL: 0.000e+00 (0.000e+00)  TeacherRel: 0.000e+00 (0.000e+00)  TeacherAttnOut: 0.000e+00 (0.000e+00)  TeacherFeatOut: 0.000e+00 (0.000e+00)  ActScaleAnchor: 0.000e+00 (0.000e+00)  VarTrust: 0.000e+00 (0.000e+00)  DirAnchor: 0.000e+00 (0.000e+00)  BinReg: 0.000e+00 (0.000e+00)  SelBinAnchor: 0.000e+00 (0.000e+00)  ActBinMargin: 0.000e+00 (0.000e+00)  Time: 0.223s, 2298.24/s  (0.225s, 2271.65/s)  LR: 5.924e-06  RefW: 0.000e+00  AnchorRefW: 0.000e+00  Data: 0.006 (0.008)
Train: 24 [ 300/2502 ( 12%)]  Loss: 51.396675 (51.4090)  BaseLoss: 51.396675 (51.4090)  RefAttnKL: 0.000e+00 (0.000e+00)  RefLogitKL: 0.000e+00 (0.000e+00)  AnchorRefAttnKL: 0.000e+00 (0.000e+00)  TeacherAttnKL: 0.000e+00 (0.000e+00)  TeacherRel: 0.000e+00 (0.000e+00)  TeacherAttnOut: 0.000e+00 (0.000e+00)  TeacherFeatOut: 0.000e+00 (0.000e+00)  ActScaleAnchor: 0.000e+00 (0.000e+00)  VarTrust: 0.000e+00 (0.000e+00)  DirAnchor: 0.000e+00 (0.000e+00)  BinReg: 0.000e+00 (0.000e+00)  SelBinAnchor: 0.000e+00 (0.000e+00)  ActBinMargin: 0.000e+00 (0.000e+00)  Time: 0.224s, 2290.59/s  (0.225s, 2276.22/s)  LR: 5.918e-06  RefW: 0.000e+00  AnchorRefW: 0.000e+00  Data: 0.006 (0.008)
Train: 24 [ 350/2502 ( 14%)]  Loss: 51.430607 (51.4117)  BaseLoss: 51.430607 (51.4117)  RefAttnKL: 0.000e+00 (0.000e+00)  RefLogitKL: 0.000e+00 (0.000e+00)  AnchorRefAttnKL: 0.000e+00 (0.000e+00)  TeacherAttnKL: 0.000e+00 (0.000e+00)  TeacherRel: 0.000e+00 (0.000e+00)  TeacherAttnOut: 0.000e+00 (0.000e+00)  TeacherFeatOut: 0.000e+00 (0.000e+00)  ActScaleAnchor: 0.000e+00 (0.000e+00)  VarTrust: 0.000e+00 (0.000e+00)  DirAnchor: 0.000e+00 (0.000e+00)  BinReg: 0.000e+00 (0.000e+00)  SelBinAnchor: 0.000e+00 (0.000e+00)  ActBinMargin: 0.000e+00 (0.000e+00)  Time: 0.223s, 2297.03/s  (0.225s, 2279.15/s)  LR: 5.912e-06  RefW: 0.000e+00  AnchorRefW: 0.000e+00  Data: 0.006 (0.008)
Train: 24 [ 400/2502 ( 16%)]  Loss: 51.428520 (51.4136)  BaseLoss: 51.428520 (51.4136)  RefAttnKL: 0.000e+00 (0.000e+00)  RefLogitKL: 0.000e+00 (0.000e+00)  AnchorRefAttnKL: 0.000e+00 (0.000e+00)  TeacherAttnKL: 0.000e+00 (0.000e+00)  TeacherRel: 0.000e+00 (0.000e+00)  TeacherAttnOut: 0.000e+00 (0.000e+00)  TeacherFeatOut: 0.000e+00 (0.000e+00)  ActScaleAnchor: 0.000e+00 (0.000e+00)  VarTrust: 0.000e+00 (0.000e+00)  DirAnchor: 0.000e+00 (0.000e+00)  BinReg: 0.000e+00 (0.000e+00)  SelBinAnchor: 0.000e+00 (0.000e+00)  ActBinMargin: 0.000e+00 (0.000e+00)  Time: 0.224s, 2285.44/s  (0.224s, 2281.60/s)  LR: 5.906e-06  RefW: 0.000e+00  AnchorRefW: 0.000e+00  Data: 0.007 (0.007)
Train: 24 [ 450/2502 ( 18%)]  Loss: 51.428368 (51.4151)  BaseLoss: 51.428368 (51.4151)  RefAttnKL: 0.000e+00 (0.000e+00)  RefLogitKL: 0.000e+00 (0.000e+00)  AnchorRefAttnKL: 0.000e+00 (0.000e+00)  TeacherAttnKL: 0.000e+00 (0.000e+00)  TeacherRel: 0.000e+00 (0.000e+00)  TeacherAttnOut: 0.000e+00 (0.000e+00)  TeacherFeatOut: 0.000e+00 (0.000e+00)  ActScaleAnchor: 0.000e+00 (0.000e+00)  VarTrust: 0.000e+00 (0.000e+00)  DirAnchor: 0.000e+00 (0.000e+00)  BinReg: 0.000e+00 (0.000e+00)  SelBinAnchor: 0.000e+00 (0.000e+00)  ActBinMargin: 0.000e+00 (0.000e+00)  Time: 0.224s, 2289.80/s  (0.224s, 2283.65/s)  LR: 5.900e-06  RefW: 0.000e+00  AnchorRefW: 0.000e+00  Data: 0.007 (0.007)
Train: 24 [ 500/2502 ( 20%)]  Loss: 51.449188 (51.4182)  BaseLoss: 51.449188 (51.4182)  RefAttnKL: 0.000e+00 (0.000e+00)  RefLogitKL: 0.000e+00 (0.000e+00)  AnchorRefAttnKL: 0.000e+00 (0.000e+00)  TeacherAttnKL: 0.000e+00 (0.000e+00)  TeacherRel: 0.000e+00 (0.000e+00)  TeacherAttnOut: 0.000e+00 (0.000e+00)  TeacherFeatOut: 0.000e+00 (0.000e+00)  ActScaleAnchor: 0.000e+00 (0.000e+00)  VarTrust: 0.000e+00 (0.000e+00)  DirAnchor: 0.000e+00 (0.000e+00)  BinReg: 0.000e+00 (0.000e+00)  SelBinAnchor: 0.000e+00 (0.000e+00)  ActBinMargin: 0.000e+00 (0.000e+00)  Time: 0.224s, 2288.27/s  (0.224s, 2285.16/s)  LR: 5.894e-06  RefW: 0.000e+00  AnchorRefW: 0.000e+00  Data: 0.006 (0.007)
Train: 24 [ 550/2502 ( 22%)]  Loss: 51.445385 (51.4204)  BaseLoss: 51.445385 (51.4204)  RefAttnKL: 0.000e+00 (0.000e+00)  RefLogitKL: 0.000e+00 (0.000e+00)  AnchorRefAttnKL: 0.000e+00 (0.000e+00)  TeacherAttnKL: 0.000e+00 (0.000e+00)  TeacherRel: 0.000e+00 (0.000e+00)  TeacherAttnOut: 0.000e+00 (0.000e+00)  TeacherFeatOut: 0.000e+00 (0.000e+00)  ActScaleAnchor: 0.000e+00 (0.000e+00)  VarTrust: 0.000e+00 (0.000e+00)  DirAnchor: 0.000e+00 (0.000e+00)  BinReg: 0.000e+00 (0.000e+00)  SelBinAnchor: 0.000e+00 (0.000e+00)  ActBinMargin: 0.000e+00 (0.000e+00)  Time: 0.223s, 2293.32/s  (0.224s, 2286.16/s)  LR: 5.888e-06  RefW: 0.000e+00  AnchorRefW: 0.000e+00  Data: 0.006 (0.007)
Train: 24 [ 600/2502 ( 24%)]  Loss: 51.368233 (51.4164)  BaseLoss: 51.368233 (51.4164)  RefAttnKL: 0.000e+00 (0.000e+00)  RefLogitKL: 0.000e+00 (0.000e+00)  AnchorRefAttnKL: 0.000e+00 (0.000e+00)  TeacherAttnKL: 0.000e+00 (0.000e+00)  TeacherRel: 0.000e+00 (0.000e+00)  TeacherAttnOut: 0.000e+00 (0.000e+00)  TeacherFeatOut: 0.000e+00 (0.000e+00)  ActScaleAnchor: 0.000e+00 (0.000e+00)  VarTrust: 0.000e+00 (0.000e+00)  DirAnchor: 0.000e+00 (0.000e+00)  BinReg: 0.000e+00 (0.000e+00)  SelBinAnchor: 0.000e+00 (0.000e+00)  ActBinMargin: 0.000e+00 (0.000e+00)  Time: 0.224s, 2289.89/s  (0.224s, 2287.30/s)  LR: 5.882e-06  RefW: 0.000e+00  AnchorRefW: 0.000e+00  Data: 0.007 (0.007)
Train: 24 [ 650/2502 ( 26%)]  Loss: 51.404465 (51.4156)  BaseLoss: 51.404465 (51.4156)  RefAttnKL: 0.000e+00 (0.000e+00)  RefLogitKL: 0.000e+00 (0.000e+00)  AnchorRefAttnKL: 0.000e+00 (0.000e+00)  TeacherAttnKL: 0.000e+00 (0.000e+00)  TeacherRel: 0.000e+00 (0.000e+00)  TeacherAttnOut: 0.000e+00 (0.000e+00)  TeacherFeatOut: 0.000e+00 (0.000e+00)  ActScaleAnchor: 0.000e+00 (0.000e+00)  VarTrust: 0.000e+00 (0.000e+00)  DirAnchor: 0.000e+00 (0.000e+00)  BinReg: 0.000e+00 (0.000e+00)  SelBinAnchor: 0.000e+00 (0.000e+00)  ActBinMargin: 0.000e+00 (0.000e+00)  Time: 0.224s, 2288.49/s  (0.224s, 2287.78/s)  LR: 5.876e-06  RefW: 0.000e+00  AnchorRefW: 0.000e+00  Data: 0.006 (0.007)
Train: 24 [ 700/2502 ( 28%)]  Loss: 51.376583 (51.4130)  BaseLoss: 51.376583 (51.4130)  RefAttnKL: 0.000e+00 (0.000e+00)  RefLogitKL: 0.000e+00 (0.000e+00)  AnchorRefAttnKL: 0.000e+00 (0.000e+00)  TeacherAttnKL: 0.000e+00 (0.000e+00)  TeacherRel: 0.000e+00 (0.000e+00)  TeacherAttnOut: 0.000e+00 (0.000e+00)  TeacherFeatOut: 0.000e+00 (0.000e+00)  ActScaleAnchor: 0.000e+00 (0.000e+00)  VarTrust: 0.000e+00 (0.000e+00)  DirAnchor: 0.000e+00 (0.000e+00)  BinReg: 0.000e+00 (0.000e+00)  SelBinAnchor: 0.000e+00 (0.000e+00)  ActBinMargin: 0.000e+00 (0.000e+00)  Time: 0.224s, 2288.76/s  (0.224s, 2288.49/s)  LR: 5.870e-06  RefW: 0.000e+00  AnchorRefW: 0.000e+00  Data: 0.006 (0.007)
Train: 24 [ 750/2502 ( 30%)]  Loss: 51.366245 (51.4101)  BaseLoss: 51.366245 (51.4101)  RefAttnKL: 0.000e+00 (0.000e+00)  RefLogitKL: 0.000e+00 (0.000e+00)  AnchorRefAttnKL: 0.000e+00 (0.000e+00)  TeacherAttnKL: 0.000e+00 (0.000e+00)  TeacherRel: 0.000e+00 (0.000e+00)  TeacherAttnOut: 0.000e+00 (0.000e+00)  TeacherFeatOut: 0.000e+00 (0.000e+00)  ActScaleAnchor: 0.000e+00 (0.000e+00)  VarTrust: 0.000e+00 (0.000e+00)  DirAnchor: 0.000e+00 (0.000e+00)  BinReg: 0.000e+00 (0.000e+00)  SelBinAnchor: 0.000e+00 (0.000e+00)  ActBinMargin: 0.000e+00 (0.000e+00)  Time: 0.224s, 2289.38/s  (0.224s, 2289.08/s)  LR: 5.865e-06  RefW: 0.000e+00  AnchorRefW: 0.000e+00  Data: 0.006 (0.007)
Train: 24 [ 800/2502 ( 32%)]  Loss: 51.387856 (51.4087)  BaseLoss: 51.387856 (51.4087)  RefAttnKL: 0.000e+00 (0.000e+00)  RefLogitKL: 0.000e+00 (0.000e+00)  AnchorRefAttnKL: 0.000e+00 (0.000e+00)  TeacherAttnKL: 0.000e+00 (0.000e+00)  TeacherRel: 0.000e+00 (0.000e+00)  TeacherAttnOut: 0.000e+00 (0.000e+00)  TeacherFeatOut: 0.000e+00 (0.000e+00)  ActScaleAnchor: 0.000e+00 (0.000e+00)  VarTrust: 0.000e+00 (0.000e+00)  DirAnchor: 0.000e+00 (0.000e+00)  BinReg: 0.000e+00 (0.000e+00)  SelBinAnchor: 0.000e+00 (0.000e+00)  ActBinMargin: 0.000e+00 (0.000e+00)  Time: 0.223s, 2294.10/s  (0.224s, 2289.71/s)  LR: 5.859e-06  RefW: 0.000e+00  AnchorRefW: 0.000e+00  Data: 0.007 (0.007)
Train: 24 [ 850/2502 ( 34%)]  Loss: 51.362892 (51.4062)  BaseLoss: 51.362892 (51.4062)  RefAttnKL: 0.000e+00 (0.000e+00)  RefLogitKL: 0.000e+00 (0.000e+00)  AnchorRefAttnKL: 0.000e+00 (0.000e+00)  TeacherAttnKL: 0.000e+00 (0.000e+00)  TeacherRel: 0.000e+00 (0.000e+00)  TeacherAttnOut: 0.000e+00 (0.000e+00)  TeacherFeatOut: 0.000e+00 (0.000e+00)  ActScaleAnchor: 0.000e+00 (0.000e+00)  VarTrust: 0.000e+00 (0.000e+00)  DirAnchor: 0.000e+00 (0.000e+00)  BinReg: 0.000e+00 (0.000e+00)  SelBinAnchor: 0.000e+00 (0.000e+00)  ActBinMargin: 0.000e+00 (0.000e+00)  Time: 0.224s, 2289.17/s  (0.224s, 2290.28/s)  LR: 5.853e-06  RefW: 0.000e+00  AnchorRefW: 0.000e+00  Data: 0.006 (0.007)
Train: 24 [ 900/2502 ( 36%)]  Loss: 51.390354 (51.4054)  BaseLoss: 51.390354 (51.4054)  RefAttnKL: 0.000e+00 (0.000e+00)  RefLogitKL: 0.000e+00 (0.000e+00)  AnchorRefAttnKL: 0.000e+00 (0.000e+00)  TeacherAttnKL: 0.000e+00 (0.000e+00)  TeacherRel: 0.000e+00 (0.000e+00)  TeacherAttnOut: 0.000e+00 (0.000e+00)  TeacherFeatOut: 0.000e+00 (0.000e+00)  ActScaleAnchor: 0.000e+00 (0.000e+00)  VarTrust: 0.000e+00 (0.000e+00)  DirAnchor: 0.000e+00 (0.000e+00)  BinReg: 0.000e+00 (0.000e+00)  SelBinAnchor: 0.000e+00 (0.000e+00)  ActBinMargin: 0.000e+00 (0.000e+00)  Time: 0.224s, 2290.65/s  (0.224s, 2290.78/s)  LR: 5.847e-06  RefW: 0.000e+00  AnchorRefW: 0.000e+00  Data: 0.006 (0.007)
Train: 24 [ 950/2502 ( 38%)]  Loss: 51.391655 (51.4047)  BaseLoss: 51.391655 (51.4047)  RefAttnKL: 0.000e+00 (0.000e+00)  RefLogitKL: 0.000e+00 (0.000e+00)  AnchorRefAttnKL: 0.000e+00 (0.000e+00)  TeacherAttnKL: 0.000e+00 (0.000e+00)  TeacherRel: 0.000e+00 (0.000e+00)  TeacherAttnOut: 0.000e+00 (0.000e+00)  TeacherFeatOut: 0.000e+00 (0.000e+00)  ActScaleAnchor: 0.000e+00 (0.000e+00)  VarTrust: 0.000e+00 (0.000e+00)  DirAnchor: 0.000e+00 (0.000e+00)  BinReg: 0.000e+00 (0.000e+00)  SelBinAnchor: 0.000e+00 (0.000e+00)  ActBinMargin: 0.000e+00 (0.000e+00)  Time: 0.223s, 2300.45/s  (0.223s, 2291.28/s)  LR: 5.841e-06  RefW: 0.000e+00  AnchorRefW: 0.000e+00  Data: 0.006 (0.007)
Train: 24 [1000/2502 ( 40%)]  Loss: 51.410133 (51.4049)  BaseLoss: 51.410133 (51.4049)  RefAttnKL: 0.000e+00 (0.000e+00)  RefLogitKL: 0.000e+00 (0.000e+00)  AnchorRefAttnKL: 0.000e+00 (0.000e+00)  TeacherAttnKL: 0.000e+00 (0.000e+00)  TeacherRel: 0.000e+00 (0.000e+00)  TeacherAttnOut: 0.000e+00 (0.000e+00)  TeacherFeatOut: 0.000e+00 (0.000e+00)  ActScaleAnchor: 0.000e+00 (0.000e+00)  VarTrust: 0.000e+00 (0.000e+00)  DirAnchor: 0.000e+00 (0.000e+00)  BinReg: 0.000e+00 (0.000e+00)  SelBinAnchor: 0.000e+00 (0.000e+00)  ActBinMargin: 0.000e+00 (0.000e+00)  Time: 0.223s, 2293.04/s  (0.223s, 2291.56/s)  LR: 5.835e-06  RefW: 0.000e+00  AnchorRefW: 0.000e+00  Data: 0.007 (0.007)
Train: 24 [1050/2502 ( 42%)]  Loss: 51.394169 (51.4045)  BaseLoss: 51.394169 (51.4045)  RefAttnKL: 0.000e+00 (0.000e+00)  RefLogitKL: 0.000e+00 (0.000e+00)  AnchorRefAttnKL: 0.000e+00 (0.000e+00)  TeacherAttnKL: 0.000e+00 (0.000e+00)  TeacherRel: 0.000e+00 (0.000e+00)  TeacherAttnOut: 0.000e+00 (0.000e+00)  TeacherFeatOut: 0.000e+00 (0.000e+00)  ActScaleAnchor: 0.000e+00 (0.000e+00)  VarTrust: 0.000e+00 (0.000e+00)  DirAnchor: 0.000e+00 (0.000e+00)  BinReg: 0.000e+00 (0.000e+00)  SelBinAnchor: 0.000e+00 (0.000e+00)  ActBinMargin: 0.000e+00 (0.000e+00)  Time: 0.223s, 2294.20/s  (0.223s, 2291.98/s)  LR: 5.830e-06  RefW: 0.000e+00  AnchorRefW: 0.000e+00  Data: 0.007 (0.007)
Train: 24 [1100/2502 ( 44%)]  Loss: 51.359444 (51.4025)  BaseLoss: 51.359444 (51.4025)  RefAttnKL: 0.000e+00 (0.000e+00)  RefLogitKL: 0.000e+00 (0.000e+00)  AnchorRefAttnKL: 0.000e+00 (0.000e+00)  TeacherAttnKL: 0.000e+00 (0.000e+00)  TeacherRel: 0.000e+00 (0.000e+00)  TeacherAttnOut: 0.000e+00 (0.000e+00)  TeacherFeatOut: 0.000e+00 (0.000e+00)  ActScaleAnchor: 0.000e+00 (0.000e+00)  VarTrust: 0.000e+00 (0.000e+00)  DirAnchor: 0.000e+00 (0.000e+00)  BinReg: 0.000e+00 (0.000e+00)  SelBinAnchor: 0.000e+00 (0.000e+00)  ActBinMargin: 0.000e+00 (0.000e+00)  Time: 0.224s, 2286.86/s  (0.223s, 2292.32/s)  LR: 5.824e-06  RefW: 0.000e+00  AnchorRefW: 0.000e+00  Data: 0.006 (0.007)
Train: 24 [1150/2502 ( 46%)]  Loss: 51.393509 (51.4021)  BaseLoss: 51.393509 (51.4021)  RefAttnKL: 0.000e+00 (0.000e+00)  RefLogitKL: 0.000e+00 (0.000e+00)  AnchorRefAttnKL: 0.000e+00 (0.000e+00)  TeacherAttnKL: 0.000e+00 (0.000e+00)  TeacherRel: 0.000e+00 (0.000e+00)  TeacherAttnOut: 0.000e+00 (0.000e+00)  TeacherFeatOut: 0.000e+00 (0.000e+00)  ActScaleAnchor: 0.000e+00 (0.000e+00)  VarTrust: 0.000e+00 (0.000e+00)  DirAnchor: 0.000e+00 (0.000e+00)  BinReg: 0.000e+00 (0.000e+00)  SelBinAnchor: 0.000e+00 (0.000e+00)  ActBinMargin: 0.000e+00 (0.000e+00)  Time: 0.224s, 2289.57/s  (0.223s, 2292.57/s)  LR: 5.818e-06  RefW: 0.000e+00  AnchorRefW: 0.000e+00  Data: 0.007 (0.007)
Train: 24 [1200/2502 ( 48%)]  Loss: 51.391903 (51.4017)  BaseLoss: 51.391903 (51.4017)  RefAttnKL: 0.000e+00 (0.000e+00)  RefLogitKL: 0.000e+00 (0.000e+00)  AnchorRefAttnKL: 0.000e+00 (0.000e+00)  TeacherAttnKL: 0.000e+00 (0.000e+00)  TeacherRel: 0.000e+00 (0.000e+00)  TeacherAttnOut: 0.000e+00 (0.000e+00)  TeacherFeatOut: 0.000e+00 (0.000e+00)  ActScaleAnchor: 0.000e+00 (0.000e+00)  VarTrust: 0.000e+00 (0.000e+00)  DirAnchor: 0.000e+00 (0.000e+00)  BinReg: 0.000e+00 (0.000e+00)  SelBinAnchor: 0.000e+00 (0.000e+00)  ActBinMargin: 0.000e+00 (0.000e+00)  Time: 0.224s, 2284.38/s  (0.223s, 2292.82/s)  LR: 5.812e-06  RefW: 0.000e+00  AnchorRefW: 0.000e+00  Data: 0.007 (0.007)
Train: 24 [1250/2502 ( 50%)]  Loss: 51.407021 (51.4019)  BaseLoss: 51.407021 (51.4019)  RefAttnKL: 0.000e+00 (0.000e+00)  RefLogitKL: 0.000e+00 (0.000e+00)  AnchorRefAttnKL: 0.000e+00 (0.000e+00)  TeacherAttnKL: 0.000e+00 (0.000e+00)  TeacherRel: 0.000e+00 (0.000e+00)  TeacherAttnOut: 0.000e+00 (0.000e+00)  TeacherFeatOut: 0.000e+00 (0.000e+00)  ActScaleAnchor: 0.000e+00 (0.000e+00)  VarTrust: 0.000e+00 (0.000e+00)  DirAnchor: 0.000e+00 (0.000e+00)  BinReg: 0.000e+00 (0.000e+00)  SelBinAnchor: 0.000e+00 (0.000e+00)  ActBinMargin: 0.000e+00 (0.000e+00)  Time: 0.224s, 2289.25/s  (0.223s, 2293.07/s)  LR: 5.807e-06  RefW: 0.000e+00  AnchorRefW: 0.000e+00  Data: 0.006 (0.007)
Train: 24 [1300/2502 ( 52%)]  Loss: 51.419106 (51.4026)  BaseLoss: 51.419106 (51.4026)  RefAttnKL: 0.000e+00 (0.000e+00)  RefLogitKL: 0.000e+00 (0.000e+00)  AnchorRefAttnKL: 0.000e+00 (0.000e+00)  TeacherAttnKL: 0.000e+00 (0.000e+00)  TeacherRel: 0.000e+00 (0.000e+00)  TeacherAttnOut: 0.000e+00 (0.000e+00)  TeacherFeatOut: 0.000e+00 (0.000e+00)  ActScaleAnchor: 0.000e+00 (0.000e+00)  VarTrust: 0.000e+00 (0.000e+00)  DirAnchor: 0.000e+00 (0.000e+00)  BinReg: 0.000e+00 (0.000e+00)  SelBinAnchor: 0.000e+00 (0.000e+00)  ActBinMargin: 0.000e+00 (0.000e+00)  Time: 0.224s, 2289.04/s  (0.223s, 2293.21/s)  LR: 5.801e-06  RefW: 0.000e+00  AnchorRefW: 0.000e+00  Data: 0.006 (0.007)
Train: 24 [1350/2502 ( 54%)]  Loss: 51.395988 (51.4023)  BaseLoss: 51.395988 (51.4023)  RefAttnKL: 0.000e+00 (0.000e+00)  RefLogitKL: 0.000e+00 (0.000e+00)  AnchorRefAttnKL: 0.000e+00 (0.000e+00)  TeacherAttnKL: 0.000e+00 (0.000e+00)  TeacherRel: 0.000e+00 (0.000e+00)  TeacherAttnOut: 0.000e+00 (0.000e+00)  TeacherFeatOut: 0.000e+00 (0.000e+00)  ActScaleAnchor: 0.000e+00 (0.000e+00)  VarTrust: 0.000e+00 (0.000e+00)  DirAnchor: 0.000e+00 (0.000e+00)  BinReg: 0.000e+00 (0.000e+00)  SelBinAnchor: 0.000e+00 (0.000e+00)  ActBinMargin: 0.000e+00 (0.000e+00)  Time: 0.223s, 2298.18/s  (0.223s, 2293.36/s)  LR: 5.795e-06  RefW: 0.000e+00  AnchorRefW: 0.000e+00  Data: 0.007 (0.007)
Train: 24 [1400/2502 ( 56%)]  Loss: 51.418098 (51.4029)  BaseLoss: 51.418098 (51.4029)  RefAttnKL: 0.000e+00 (0.000e+00)  RefLogitKL: 0.000e+00 (0.000e+00)  AnchorRefAttnKL: 0.000e+00 (0.000e+00)  TeacherAttnKL: 0.000e+00 (0.000e+00)  TeacherRel: 0.000e+00 (0.000e+00)  TeacherAttnOut: 0.000e+00 (0.000e+00)  TeacherFeatOut: 0.000e+00 (0.000e+00)  ActScaleAnchor: 0.000e+00 (0.000e+00)  VarTrust: 0.000e+00 (0.000e+00)  DirAnchor: 0.000e+00 (0.000e+00)  BinReg: 0.000e+00 (0.000e+00)  SelBinAnchor: 0.000e+00 (0.000e+00)  ActBinMargin: 0.000e+00 (0.000e+00)  Time: 0.223s, 2295.14/s  (0.223s, 2293.55/s)  LR: 5.790e-06  RefW: 0.000e+00  AnchorRefW: 0.000e+00  Data: 0.007 (0.007)
Train: 24 [1450/2502 ( 58%)]  Loss: 51.396000 (51.4026)  BaseLoss: 51.396000 (51.4026)  RefAttnKL: 0.000e+00 (0.000e+00)  RefLogitKL: 0.000e+00 (0.000e+00)  AnchorRefAttnKL: 0.000e+00 (0.000e+00)  TeacherAttnKL: 0.000e+00 (0.000e+00)  TeacherRel: 0.000e+00 (0.000e+00)  TeacherAttnOut: 0.000e+00 (0.000e+00)  TeacherFeatOut: 0.000e+00 (0.000e+00)  ActScaleAnchor: 0.000e+00 (0.000e+00)  VarTrust: 0.000e+00 (0.000e+00)  DirAnchor: 0.000e+00 (0.000e+00)  BinReg: 0.000e+00 (0.000e+00)  SelBinAnchor: 0.000e+00 (0.000e+00)  ActBinMargin: 0.000e+00 (0.000e+00)  Time: 0.225s, 2280.07/s  (0.223s, 2293.77/s)  LR: 5.784e-06  RefW: 0.000e+00  AnchorRefW: 0.000e+00  Data: 0.006 (0.007)
Train: 24 [1500/2502 ( 60%)]  Loss: 51.415730 (51.4031)  BaseLoss: 51.415730 (51.4031)  RefAttnKL: 0.000e+00 (0.000e+00)  RefLogitKL: 0.000e+00 (0.000e+00)  AnchorRefAttnKL: 0.000e+00 (0.000e+00)  TeacherAttnKL: 0.000e+00 (0.000e+00)  TeacherRel: 0.000e+00 (0.000e+00)  TeacherAttnOut: 0.000e+00 (0.000e+00)  TeacherFeatOut: 0.000e+00 (0.000e+00)  ActScaleAnchor: 0.000e+00 (0.000e+00)  VarTrust: 0.000e+00 (0.000e+00)  DirAnchor: 0.000e+00 (0.000e+00)  BinReg: 0.000e+00 (0.000e+00)  SelBinAnchor: 0.000e+00 (0.000e+00)  ActBinMargin: 0.000e+00 (0.000e+00)  Time: 0.223s, 2291.40/s  (0.223s, 2293.94/s)  LR: 5.778e-06  RefW: 0.000e+00  AnchorRefW: 0.000e+00  Data: 0.006 (0.007)
Train: 24 [1550/2502 ( 62%)]  Loss: 51.407906 (51.4032)  BaseLoss: 51.407906 (51.4032)  RefAttnKL: 0.000e+00 (0.000e+00)  RefLogitKL: 0.000e+00 (0.000e+00)  AnchorRefAttnKL: 0.000e+00 (0.000e+00)  TeacherAttnKL: 0.000e+00 (0.000e+00)  TeacherRel: 0.000e+00 (0.000e+00)  TeacherAttnOut: 0.000e+00 (0.000e+00)  TeacherFeatOut: 0.000e+00 (0.000e+00)  ActScaleAnchor: 0.000e+00 (0.000e+00)  VarTrust: 0.000e+00 (0.000e+00)  DirAnchor: 0.000e+00 (0.000e+00)  BinReg: 0.000e+00 (0.000e+00)  SelBinAnchor: 0.000e+00 (0.000e+00)  ActBinMargin: 0.000e+00 (0.000e+00)  Time: 0.223s, 2296.31/s  (0.223s, 2293.64/s)  LR: 5.773e-06  RefW: 0.000e+00  AnchorRefW: 0.000e+00  Data: 0.007 (0.007)
Train: 24 [1600/2502 ( 64%)]  Loss: 51.402821 (51.4032)  BaseLoss: 51.402821 (51.4032)  RefAttnKL: 0.000e+00 (0.000e+00)  RefLogitKL: 0.000e+00 (0.000e+00)  AnchorRefAttnKL: 0.000e+00 (0.000e+00)  TeacherAttnKL: 0.000e+00 (0.000e+00)  TeacherRel: 0.000e+00 (0.000e+00)  TeacherAttnOut: 0.000e+00 (0.000e+00)  TeacherFeatOut: 0.000e+00 (0.000e+00)  ActScaleAnchor: 0.000e+00 (0.000e+00)  VarTrust: 0.000e+00 (0.000e+00)  DirAnchor: 0.000e+00 (0.000e+00)  BinReg: 0.000e+00 (0.000e+00)  SelBinAnchor: 0.000e+00 (0.000e+00)  ActBinMargin: 0.000e+00 (0.000e+00)  Time: 0.223s, 2295.07/s  (0.223s, 2293.63/s)  LR: 5.767e-06  RefW: 0.000e+00  AnchorRefW: 0.000e+00  Data: 0.007 (0.007)
Train: 24 [1650/2502 ( 66%)]  Loss: 51.431122 (51.4040)  BaseLoss: 51.431122 (51.4040)  RefAttnKL: 0.000e+00 (0.000e+00)  RefLogitKL: 0.000e+00 (0.000e+00)  AnchorRefAttnKL: 0.000e+00 (0.000e+00)  TeacherAttnKL: 0.000e+00 (0.000e+00)  TeacherRel: 0.000e+00 (0.000e+00)  TeacherAttnOut: 0.000e+00 (0.000e+00)  TeacherFeatOut: 0.000e+00 (0.000e+00)  ActScaleAnchor: 0.000e+00 (0.000e+00)  VarTrust: 0.000e+00 (0.000e+00)  DirAnchor: 0.000e+00 (0.000e+00)  BinReg: 0.000e+00 (0.000e+00)  SelBinAnchor: 0.000e+00 (0.000e+00)  ActBinMargin: 0.000e+00 (0.000e+00)  Time: 0.224s, 2284.59/s  (0.223s, 2293.79/s)  LR: 5.762e-06  RefW: 0.000e+00  AnchorRefW: 0.000e+00  Data: 0.006 (0.007)
Train: 24 [1700/2502 ( 68%)]  Loss: 51.395256 (51.4038)  BaseLoss: 51.395256 (51.4038)  RefAttnKL: 0.000e+00 (0.000e+00)  RefLogitKL: 0.000e+00 (0.000e+00)  AnchorRefAttnKL: 0.000e+00 (0.000e+00)  TeacherAttnKL: 0.000e+00 (0.000e+00)  TeacherRel: 0.000e+00 (0.000e+00)  TeacherAttnOut: 0.000e+00 (0.000e+00)  TeacherFeatOut: 0.000e+00 (0.000e+00)  ActScaleAnchor: 0.000e+00 (0.000e+00)  VarTrust: 0.000e+00 (0.000e+00)  DirAnchor: 0.000e+00 (0.000e+00)  BinReg: 0.000e+00 (0.000e+00)  SelBinAnchor: 0.000e+00 (0.000e+00)  ActBinMargin: 0.000e+00 (0.000e+00)  Time: 0.224s, 2289.06/s  (0.223s, 2293.94/s)  LR: 5.756e-06  RefW: 0.000e+00  AnchorRefW: 0.000e+00  Data: 0.006 (0.007)
Train: 24 [1750/2502 ( 70%)]  Loss: 51.388958 (51.4034)  BaseLoss: 51.388958 (51.4034)  RefAttnKL: 0.000e+00 (0.000e+00)  RefLogitKL: 0.000e+00 (0.000e+00)  AnchorRefAttnKL: 0.000e+00 (0.000e+00)  TeacherAttnKL: 0.000e+00 (0.000e+00)  TeacherRel: 0.000e+00 (0.000e+00)  TeacherAttnOut: 0.000e+00 (0.000e+00)  TeacherFeatOut: 0.000e+00 (0.000e+00)  ActScaleAnchor: 0.000e+00 (0.000e+00)  VarTrust: 0.000e+00 (0.000e+00)  DirAnchor: 0.000e+00 (0.000e+00)  BinReg: 0.000e+00 (0.000e+00)  SelBinAnchor: 0.000e+00 (0.000e+00)  ActBinMargin: 0.000e+00 (0.000e+00)  Time: 0.223s, 2291.99/s  (0.223s, 2293.99/s)  LR: 5.751e-06  RefW: 0.000e+00  AnchorRefW: 0.000e+00  Data: 0.006 (0.007)
Train: 24 [1800/2502 ( 72%)]  Loss: 51.406990 (51.4035)  BaseLoss: 51.406990 (51.4035)  RefAttnKL: 0.000e+00 (0.000e+00)  RefLogitKL: 0.000e+00 (0.000e+00)  AnchorRefAttnKL: 0.000e+00 (0.000e+00)  TeacherAttnKL: 0.000e+00 (0.000e+00)  TeacherRel: 0.000e+00 (0.000e+00)  TeacherAttnOut: 0.000e+00 (0.000e+00)  TeacherFeatOut: 0.000e+00 (0.000e+00)  ActScaleAnchor: 0.000e+00 (0.000e+00)  VarTrust: 0.000e+00 (0.000e+00)  DirAnchor: 0.000e+00 (0.000e+00)  BinReg: 0.000e+00 (0.000e+00)  SelBinAnchor: 0.000e+00 (0.000e+00)  ActBinMargin: 0.000e+00 (0.000e+00)  Time: 0.223s, 2295.64/s  (0.223s, 2294.15/s)  LR: 5.745e-06  RefW: 0.000e+00  AnchorRefW: 0.000e+00  Data: 0.007 (0.007)
Train: 24 [1850/2502 ( 74%)]  Loss: 51.359390 (51.4023)  BaseLoss: 51.359390 (51.4023)  RefAttnKL: 0.000e+00 (0.000e+00)  RefLogitKL: 0.000e+00 (0.000e+00)  AnchorRefAttnKL: 0.000e+00 (0.000e+00)  TeacherAttnKL: 0.000e+00 (0.000e+00)  TeacherRel: 0.000e+00 (0.000e+00)  TeacherAttnOut: 0.000e+00 (0.000e+00)  TeacherFeatOut: 0.000e+00 (0.000e+00)  ActScaleAnchor: 0.000e+00 (0.000e+00)  VarTrust: 0.000e+00 (0.000e+00)  DirAnchor: 0.000e+00 (0.000e+00)  BinReg: 0.000e+00 (0.000e+00)  SelBinAnchor: 0.000e+00 (0.000e+00)  ActBinMargin: 0.000e+00 (0.000e+00)  Time: 0.223s, 2291.04/s  (0.223s, 2294.22/s)  LR: 5.740e-06  RefW: 0.000e+00  AnchorRefW: 0.000e+00  Data: 0.006 (0.007)
Train: 24 [1900/2502 ( 76%)]  Loss: 51.438068 (51.4032)  BaseLoss: 51.438068 (51.4032)  RefAttnKL: 0.000e+00 (0.000e+00)  RefLogitKL: 0.000e+00 (0.000e+00)  AnchorRefAttnKL: 0.000e+00 (0.000e+00)  TeacherAttnKL: 0.000e+00 (0.000e+00)  TeacherRel: 0.000e+00 (0.000e+00)  TeacherAttnOut: 0.000e+00 (0.000e+00)  TeacherFeatOut: 0.000e+00 (0.000e+00)  ActScaleAnchor: 0.000e+00 (0.000e+00)  VarTrust: 0.000e+00 (0.000e+00)  DirAnchor: 0.000e+00 (0.000e+00)  BinReg: 0.000e+00 (0.000e+00)  SelBinAnchor: 0.000e+00 (0.000e+00)  ActBinMargin: 0.000e+00 (0.000e+00)  Time: 0.224s, 2289.08/s  (0.223s, 2294.34/s)  LR: 5.734e-06  RefW: 0.000e+00  AnchorRefW: 0.000e+00  Data: 0.006 (0.006)
Train: 24 [1950/2502 ( 78%)]  Loss: 51.432453 (51.4039)  BaseLoss: 51.432453 (51.4039)  RefAttnKL: 0.000e+00 (0.000e+00)  RefLogitKL: 0.000e+00 (0.000e+00)  AnchorRefAttnKL: 0.000e+00 (0.000e+00)  TeacherAttnKL: 0.000e+00 (0.000e+00)  TeacherRel: 0.000e+00 (0.000e+00)  TeacherAttnOut: 0.000e+00 (0.000e+00)  TeacherFeatOut: 0.000e+00 (0.000e+00)  ActScaleAnchor: 0.000e+00 (0.000e+00)  VarTrust: 0.000e+00 (0.000e+00)  DirAnchor: 0.000e+00 (0.000e+00)  BinReg: 0.000e+00 (0.000e+00)  SelBinAnchor: 0.000e+00 (0.000e+00)  ActBinMargin: 0.000e+00 (0.000e+00)  Time: 0.223s, 2298.13/s  (0.223s, 2294.40/s)  LR: 5.729e-06  RefW: 0.000e+00  AnchorRefW: 0.000e+00  Data: 0.005 (0.006)
Train: 24 [2000/2502 ( 80%)]  Loss: 51.399414 (51.4038)  BaseLoss: 51.399414 (51.4038)  RefAttnKL: 0.000e+00 (0.000e+00)  RefLogitKL: 0.000e+00 (0.000e+00)  AnchorRefAttnKL: 0.000e+00 (0.000e+00)  TeacherAttnKL: 0.000e+00 (0.000e+00)  TeacherRel: 0.000e+00 (0.000e+00)  TeacherAttnOut: 0.000e+00 (0.000e+00)  TeacherFeatOut: 0.000e+00 (0.000e+00)  ActScaleAnchor: 0.000e+00 (0.000e+00)  VarTrust: 0.000e+00 (0.000e+00)  DirAnchor: 0.000e+00 (0.000e+00)  BinReg: 0.000e+00 (0.000e+00)  SelBinAnchor: 0.000e+00 (0.000e+00)  ActBinMargin: 0.000e+00 (0.000e+00)  Time: 0.223s, 2292.86/s  (0.223s, 2294.54/s)  LR: 5.723e-06  RefW: 0.000e+00  AnchorRefW: 0.000e+00  Data: 0.007 (0.006)
Train: 24 [2050/2502 ( 82%)]  Loss: 51.373238 (51.4031)  BaseLoss: 51.373238 (51.4031)  RefAttnKL: 0.000e+00 (0.000e+00)  RefLogitKL: 0.000e+00 (0.000e+00)  AnchorRefAttnKL: 0.000e+00 (0.000e+00)  TeacherAttnKL: 0.000e+00 (0.000e+00)  TeacherRel: 0.000e+00 (0.000e+00)  TeacherAttnOut: 0.000e+00 (0.000e+00)  TeacherFeatOut: 0.000e+00 (0.000e+00)  ActScaleAnchor: 0.000e+00 (0.000e+00)  VarTrust: 0.000e+00 (0.000e+00)  DirAnchor: 0.000e+00 (0.000e+00)  BinReg: 0.000e+00 (0.000e+00)  SelBinAnchor: 0.000e+00 (0.000e+00)  ActBinMargin: 0.000e+00 (0.000e+00)  Time: 0.223s, 2297.90/s  (0.223s, 2294.61/s)  LR: 5.718e-06  RefW: 0.000e+00  AnchorRefW: 0.000e+00  Data: 0.005 (0.006)
Train: 24 [2100/2502 ( 84%)]  Loss: 51.356377 (51.4020)  BaseLoss: 51.356377 (51.4020)  RefAttnKL: 0.000e+00 (0.000e+00)  RefLogitKL: 0.000e+00 (0.000e+00)  AnchorRefAttnKL: 0.000e+00 (0.000e+00)  TeacherAttnKL: 0.000e+00 (0.000e+00)  TeacherRel: 0.000e+00 (0.000e+00)  TeacherAttnOut: 0.000e+00 (0.000e+00)  TeacherFeatOut: 0.000e+00 (0.000e+00)  ActScaleAnchor: 0.000e+00 (0.000e+00)  VarTrust: 0.000e+00 (0.000e+00)  DirAnchor: 0.000e+00 (0.000e+00)  BinReg: 0.000e+00 (0.000e+00)  SelBinAnchor: 0.000e+00 (0.000e+00)  ActBinMargin: 0.000e+00 (0.000e+00)  Time: 0.224s, 2287.53/s  (0.223s, 2294.70/s)  LR: 5.712e-06  RefW: 0.000e+00  AnchorRefW: 0.000e+00  Data: 0.006 (0.006)
Train: 24 [2150/2502 ( 86%)]  Loss: 51.384403 (51.4016)  BaseLoss: 51.384403 (51.4016)  RefAttnKL: 0.000e+00 (0.000e+00)  RefLogitKL: 0.000e+00 (0.000e+00)  AnchorRefAttnKL: 0.000e+00 (0.000e+00)  TeacherAttnKL: 0.000e+00 (0.000e+00)  TeacherRel: 0.000e+00 (0.000e+00)  TeacherAttnOut: 0.000e+00 (0.000e+00)  TeacherFeatOut: 0.000e+00 (0.000e+00)  ActScaleAnchor: 0.000e+00 (0.000e+00)  VarTrust: 0.000e+00 (0.000e+00)  DirAnchor: 0.000e+00 (0.000e+00)  BinReg: 0.000e+00 (0.000e+00)  SelBinAnchor: 0.000e+00 (0.000e+00)  ActBinMargin: 0.000e+00 (0.000e+00)  Time: 0.223s, 2291.89/s  (0.223s, 2294.83/s)  LR: 5.707e-06  RefW: 0.000e+00  AnchorRefW: 0.000e+00  Data: 0.007 (0.006)
Train: 24 [2200/2502 ( 88%)]  Loss: 51.391754 (51.4014)  BaseLoss: 51.391754 (51.4014)  RefAttnKL: 0.000e+00 (0.000e+00)  RefLogitKL: 0.000e+00 (0.000e+00)  AnchorRefAttnKL: 0.000e+00 (0.000e+00)  TeacherAttnKL: 0.000e+00 (0.000e+00)  TeacherRel: 0.000e+00 (0.000e+00)  TeacherAttnOut: 0.000e+00 (0.000e+00)  TeacherFeatOut: 0.000e+00 (0.000e+00)  ActScaleAnchor: 0.000e+00 (0.000e+00)  VarTrust: 0.000e+00 (0.000e+00)  DirAnchor: 0.000e+00 (0.000e+00)  BinReg: 0.000e+00 (0.000e+00)  SelBinAnchor: 0.000e+00 (0.000e+00)  ActBinMargin: 0.000e+00 (0.000e+00)  Time: 0.225s, 2277.12/s  (0.223s, 2294.91/s)  LR: 5.702e-06  RefW: 0.000e+00  AnchorRefW: 0.000e+00  Data: 0.007 (0.006)
Train: 24 [2250/2502 ( 90%)]  Loss: 51.415581 (51.4017)  BaseLoss: 51.415581 (51.4017)  RefAttnKL: 0.000e+00 (0.000e+00)  RefLogitKL: 0.000e+00 (0.000e+00)  AnchorRefAttnKL: 0.000e+00 (0.000e+00)  TeacherAttnKL: 0.000e+00 (0.000e+00)  TeacherRel: 0.000e+00 (0.000e+00)  TeacherAttnOut: 0.000e+00 (0.000e+00)  TeacherFeatOut: 0.000e+00 (0.000e+00)  ActScaleAnchor: 0.000e+00 (0.000e+00)  VarTrust: 0.000e+00 (0.000e+00)  DirAnchor: 0.000e+00 (0.000e+00)  BinReg: 0.000e+00 (0.000e+00)  SelBinAnchor: 0.000e+00 (0.000e+00)  ActBinMargin: 0.000e+00 (0.000e+00)  Time: 0.224s, 2287.15/s  (0.223s, 2295.03/s)  LR: 5.696e-06  RefW: 0.000e+00  AnchorRefW: 0.000e+00  Data: 0.006 (0.006)
Train: 24 [2300/2502 ( 92%)]  Loss: 51.437271 (51.4025)  BaseLoss: 51.437271 (51.4025)  RefAttnKL: 0.000e+00 (0.000e+00)  RefLogitKL: 0.000e+00 (0.000e+00)  AnchorRefAttnKL: 0.000e+00 (0.000e+00)  TeacherAttnKL: 0.000e+00 (0.000e+00)  TeacherRel: 0.000e+00 (0.000e+00)  TeacherAttnOut: 0.000e+00 (0.000e+00)  TeacherFeatOut: 0.000e+00 (0.000e+00)  ActScaleAnchor: 0.000e+00 (0.000e+00)  VarTrust: 0.000e+00 (0.000e+00)  DirAnchor: 0.000e+00 (0.000e+00)  BinReg: 0.000e+00 (0.000e+00)  SelBinAnchor: 0.000e+00 (0.000e+00)  ActBinMargin: 0.000e+00 (0.000e+00)  Time: 0.222s, 2302.25/s  (0.223s, 2294.99/s)  LR: 5.691e-06  RefW: 0.000e+00  AnchorRefW: 0.000e+00  Data: 0.006 (0.006)
Train: 24 [2350/2502 ( 94%)]  Loss: 51.431362 (51.4031)  BaseLoss: 51.431362 (51.4031)  RefAttnKL: 0.000e+00 (0.000e+00)  RefLogitKL: 0.000e+00 (0.000e+00)  AnchorRefAttnKL: 0.000e+00 (0.000e+00)  TeacherAttnKL: 0.000e+00 (0.000e+00)  TeacherRel: 0.000e+00 (0.000e+00)  TeacherAttnOut: 0.000e+00 (0.000e+00)  TeacherFeatOut: 0.000e+00 (0.000e+00)  ActScaleAnchor: 0.000e+00 (0.000e+00)  VarTrust: 0.000e+00 (0.000e+00)  DirAnchor: 0.000e+00 (0.000e+00)  BinReg: 0.000e+00 (0.000e+00)  SelBinAnchor: 0.000e+00 (0.000e+00)  ActBinMargin: 0.000e+00 (0.000e+00)  Time: 0.223s, 2294.40/s  (0.223s, 2294.98/s)  LR: 5.686e-06  RefW: 0.000e+00  AnchorRefW: 0.000e+00  Data: 0.006 (0.006)
Train: 24 [2400/2502 ( 96%)]  Loss: 51.376701 (51.4025)  BaseLoss: 51.376701 (51.4025)  RefAttnKL: 0.000e+00 (0.000e+00)  RefLogitKL: 0.000e+00 (0.000e+00)  AnchorRefAttnKL: 0.000e+00 (0.000e+00)  TeacherAttnKL: 0.000e+00 (0.000e+00)  TeacherRel: 0.000e+00 (0.000e+00)  TeacherAttnOut: 0.000e+00 (0.000e+00)  TeacherFeatOut: 0.000e+00 (0.000e+00)  ActScaleAnchor: 0.000e+00 (0.000e+00)  VarTrust: 0.000e+00 (0.000e+00)  DirAnchor: 0.000e+00 (0.000e+00)  BinReg: 0.000e+00 (0.000e+00)  SelBinAnchor: 0.000e+00 (0.000e+00)  ActBinMargin: 0.000e+00 (0.000e+00)  Time: 0.224s, 2288.58/s  (0.223s, 2295.03/s)  LR: 5.680e-06  RefW: 0.000e+00  AnchorRefW: 0.000e+00  Data: 0.007 (0.006)
Train: 24 [2450/2502 ( 98%)]  Loss: 51.420338 (51.4029)  BaseLoss: 51.420338 (51.4029)  RefAttnKL: 0.000e+00 (0.000e+00)  RefLogitKL: 0.000e+00 (0.000e+00)  AnchorRefAttnKL: 0.000e+00 (0.000e+00)  TeacherAttnKL: 0.000e+00 (0.000e+00)  TeacherRel: 0.000e+00 (0.000e+00)  TeacherAttnOut: 0.000e+00 (0.000e+00)  TeacherFeatOut: 0.000e+00 (0.000e+00)  ActScaleAnchor: 0.000e+00 (0.000e+00)  VarTrust: 0.000e+00 (0.000e+00)  DirAnchor: 0.000e+00 (0.000e+00)  BinReg: 0.000e+00 (0.000e+00)  SelBinAnchor: 0.000e+00 (0.000e+00)  ActBinMargin: 0.000e+00 (0.000e+00)  Time: 0.224s, 2286.10/s  (0.223s, 2295.07/s)  LR: 5.675e-06  RefW: 0.000e+00  AnchorRefW: 0.000e+00  Data: 0.006 (0.006)
TrainSummary: epoch=24 updates=2496 avg_step_time=0.223078s samples_per_step=512 samples_per_sec=2295.16
epoch:  24 g['lr']:  5.670500993728638e-06
model eval
TestLocal: [   0/97]  Time: 0.969 (0.969)  Loss:  0.7479  Acc@1: 81.2500  Acc@5: 95.3125  Samples: 64
TestLocal: [  50/97]  Time: 0.091 (0.108)  Loss:  0.8197  Acc@1: 81.4338  Acc@5: 95.2819  Samples: 3264
TestLocal: [  97/97]  Time: 0.047 (0.099)  Loss:  0.8164  Acc@1: 81.1994  Acc@5: 95.3809  Samples: 6170
TestLocal: [ 100/97]  Time: 0.048 (0.097)  Loss:  0.8163  Acc@1: 81.2077  Acc@5: 95.3784  Samples: 6210
Test: [distributed-summary]  Time: 10.135s  Loss: 0.8399  Acc@1: 80.5140  Acc@5: 95.3380  Samples: 50000
Trainable parameter policy: epoch=25, quant_only=False, policy=all, trainable=28608256, frozen=0
AOQ explore scale ratio update: epoch=25, update=0, active=False, base_ratio=1.0, threshold_ratio=0.0, base_layers=(), selective_margin=0.0, base_quantizers=0, layer_ratios={}, layer_quantizers=0, layer_counts={}, quality_mode=none, quality_layers=(), quality_start_update=0, quality_min_frac=0.0, start_update=0, end_update=0
Trainable parameter update policy: epoch=25, update=0, mode=requires_grad, policy=all, trainable=28608256, frozen=0
Train: 25 [   0/2502 (  0%)]  Loss: 51.395664 (51.3957)  BaseLoss: 51.395664 (51.3957)  RefAttnKL: 0.000e+00 (0.000e+00)  RefLogitKL: 0.000e+00 (0.000e+00)  AnchorRefAttnKL: 0.000e+00 (0.000e+00)  TeacherAttnKL: 0.000e+00 (0.000e+00)  TeacherRel: 0.000e+00 (0.000e+00)  TeacherAttnOut: 0.000e+00 (0.000e+00)  TeacherFeatOut: 0.000e+00 (0.000e+00)  ActScaleAnchor: 0.000e+00 (0.000e+00)  VarTrust: 0.000e+00 (0.000e+00)  DirAnchor: 0.000e+00 (0.000e+00)  BinReg: 0.000e+00 (0.000e+00)  SelBinAnchor: 0.000e+00 (0.000e+00)  ActBinMargin: 0.000e+00 (0.000e+00)  Time: 0.860s,  595.12/s  (0.860s,  595.12/s)  LR: 5.670e-06  RefW: 0.000e+00  AnchorRefW: 0.000e+00  Data: 0.612 (0.612)
Train: 25 [  50/2502 (  2%)]  Loss: 51.398281 (51.3970)  BaseLoss: 51.398281 (51.3970)  RefAttnKL: 0.000e+00 (0.000e+00)  RefLogitKL: 0.000e+00 (0.000e+00)  AnchorRefAttnKL: 0.000e+00 (0.000e+00)  TeacherAttnKL: 0.000e+00 (0.000e+00)  TeacherRel: 0.000e+00 (0.000e+00)  TeacherAttnOut: 0.000e+00 (0.000e+00)  TeacherFeatOut: 0.000e+00 (0.000e+00)  ActScaleAnchor: 0.000e+00 (0.000e+00)  VarTrust: 0.000e+00 (0.000e+00)  DirAnchor: 0.000e+00 (0.000e+00)  BinReg: 0.000e+00 (0.000e+00)  SelBinAnchor: 0.000e+00 (0.000e+00)  ActBinMargin: 0.000e+00 (0.000e+00)  Time: 0.224s, 2288.58/s  (0.235s, 2177.41/s)  LR: 5.665e-06  RefW: 0.000e+00  AnchorRefW: 0.000e+00  Data: 0.006 (0.018)
Train: 25 [ 100/2502 (  4%)]  Loss: 51.395206 (51.3964)  BaseLoss: 51.395206 (51.3964)  RefAttnKL: 0.000e+00 (0.000e+00)  RefLogitKL: 0.000e+00 (0.000e+00)  AnchorRefAttnKL: 0.000e+00 (0.000e+00)  TeacherAttnKL: 0.000e+00 (0.000e+00)  TeacherRel: 0.000e+00 (0.000e+00)  TeacherAttnOut: 0.000e+00 (0.000e+00)  TeacherFeatOut: 0.000e+00 (0.000e+00)  ActScaleAnchor: 0.000e+00 (0.000e+00)  VarTrust: 0.000e+00 (0.000e+00)  DirAnchor: 0.000e+00 (0.000e+00)  BinReg: 0.000e+00 (0.000e+00)  SelBinAnchor: 0.000e+00 (0.000e+00)  ActBinMargin: 0.000e+00 (0.000e+00)  Time: 0.224s, 2289.43/s  (0.229s, 2233.54/s)  LR: 5.659e-06  RefW: 0.000e+00  AnchorRefW: 0.000e+00  Data: 0.006 (0.012)
Train: 25 [ 150/2502 (  6%)]  Loss: 51.394516 (51.3959)  BaseLoss: 51.394516 (51.3959)  RefAttnKL: 0.000e+00 (0.000e+00)  RefLogitKL: 0.000e+00 (0.000e+00)  AnchorRefAttnKL: 0.000e+00 (0.000e+00)  TeacherAttnKL: 0.000e+00 (0.000e+00)  TeacherRel: 0.000e+00 (0.000e+00)  TeacherAttnOut: 0.000e+00 (0.000e+00)  TeacherFeatOut: 0.000e+00 (0.000e+00)  ActScaleAnchor: 0.000e+00 (0.000e+00)  VarTrust: 0.000e+00 (0.000e+00)  DirAnchor: 0.000e+00 (0.000e+00)  BinReg: 0.000e+00 (0.000e+00)  SelBinAnchor: 0.000e+00 (0.000e+00)  ActBinMargin: 0.000e+00 (0.000e+00)  Time: 0.223s, 2296.64/s  (0.227s, 2254.66/s)  LR: 5.654e-06  RefW: 0.000e+00  AnchorRefW: 0.000e+00  Data: 0.007 (0.010)
Train: 25 [ 200/2502 (  8%)]  Loss: 51.403400 (51.3974)  BaseLoss: 51.403400 (51.3974)  RefAttnKL: 0.000e+00 (0.000e+00)  RefLogitKL: 0.000e+00 (0.000e+00)  AnchorRefAttnKL: 0.000e+00 (0.000e+00)  TeacherAttnKL: 0.000e+00 (0.000e+00)  TeacherRel: 0.000e+00 (0.000e+00)  TeacherAttnOut: 0.000e+00 (0.000e+00)  TeacherFeatOut: 0.000e+00 (0.000e+00)  ActScaleAnchor: 0.000e+00 (0.000e+00)  VarTrust: 0.000e+00 (0.000e+00)  DirAnchor: 0.000e+00 (0.000e+00)  BinReg: 0.000e+00 (0.000e+00)  SelBinAnchor: 0.000e+00 (0.000e+00)  ActBinMargin: 0.000e+00 (0.000e+00)  Time: 0.223s, 2294.52/s  (0.226s, 2265.41/s)  LR: 5.649e-06  RefW: 0.000e+00  AnchorRefW: 0.000e+00  Data: 0.006 (0.009)
Train: 25 [ 250/2502 ( 10%)]  Loss: 51.440022 (51.4045)  BaseLoss: 51.440022 (51.4045)  RefAttnKL: 0.000e+00 (0.000e+00)  RefLogitKL: 0.000e+00 (0.000e+00)  AnchorRefAttnKL: 0.000e+00 (0.000e+00)  TeacherAttnKL: 0.000e+00 (0.000e+00)  TeacherRel: 0.000e+00 (0.000e+00)  TeacherAttnOut: 0.000e+00 (0.000e+00)  TeacherFeatOut: 0.000e+00 (0.000e+00)  ActScaleAnchor: 0.000e+00 (0.000e+00)  VarTrust: 0.000e+00 (0.000e+00)  DirAnchor: 0.000e+00 (0.000e+00)  BinReg: 0.000e+00 (0.000e+00)  SelBinAnchor: 0.000e+00 (0.000e+00)  ActBinMargin: 0.000e+00 (0.000e+00)  Time: 0.228s, 2248.45/s  (0.225s, 2271.48/s)  LR: 5.644e-06  RefW: 0.000e+00  AnchorRefW: 0.000e+00  Data: 0.005 (0.008)
Train: 25 [ 300/2502 ( 12%)]  Loss: 51.397957 (51.4036)  BaseLoss: 51.397957 (51.4036)  RefAttnKL: 0.000e+00 (0.000e+00)  RefLogitKL: 0.000e+00 (0.000e+00)  AnchorRefAttnKL: 0.000e+00 (0.000e+00)  TeacherAttnKL: 0.000e+00 (0.000e+00)  TeacherRel: 0.000e+00 (0.000e+00)  TeacherAttnOut: 0.000e+00 (0.000e+00)  TeacherFeatOut: 0.000e+00 (0.000e+00)  ActScaleAnchor: 0.000e+00 (0.000e+00)  VarTrust: 0.000e+00 (0.000e+00)  DirAnchor: 0.000e+00 (0.000e+00)  BinReg: 0.000e+00 (0.000e+00)  SelBinAnchor: 0.000e+00 (0.000e+00)  ActBinMargin: 0.000e+00 (0.000e+00)  Time: 0.222s, 2301.18/s  (0.225s, 2276.18/s)  LR: 5.639e-06  RefW: 0.000e+00  AnchorRefW: 0.000e+00  Data: 0.007 (0.008)
Train: 25 [ 350/2502 ( 14%)]  Loss: 51.433197 (51.4073)  BaseLoss: 51.433197 (51.4073)  RefAttnKL: 0.000e+00 (0.000e+00)  RefLogitKL: 0.000e+00 (0.000e+00)  AnchorRefAttnKL: 0.000e+00 (0.000e+00)  TeacherAttnKL: 0.000e+00 (0.000e+00)  TeacherRel: 0.000e+00 (0.000e+00)  TeacherAttnOut: 0.000e+00 (0.000e+00)  TeacherFeatOut: 0.000e+00 (0.000e+00)  ActScaleAnchor: 0.000e+00 (0.000e+00)  VarTrust: 0.000e+00 (0.000e+00)  DirAnchor: 0.000e+00 (0.000e+00)  BinReg: 0.000e+00 (0.000e+00)  SelBinAnchor: 0.000e+00 (0.000e+00)  ActBinMargin: 0.000e+00 (0.000e+00)  Time: 0.223s, 2301.00/s  (0.225s, 2279.35/s)  LR: 5.634e-06  RefW: 0.000e+00  AnchorRefW: 0.000e+00  Data: 0.006 (0.008)
Train: 25 [ 400/2502 ( 16%)]  Loss: 51.418568 (51.4085)  BaseLoss: 51.418568 (51.4085)  RefAttnKL: 0.000e+00 (0.000e+00)  RefLogitKL: 0.000e+00 (0.000e+00)  AnchorRefAttnKL: 0.000e+00 (0.000e+00)  TeacherAttnKL: 0.000e+00 (0.000e+00)  TeacherRel: 0.000e+00 (0.000e+00)  TeacherAttnOut: 0.000e+00 (0.000e+00)  TeacherFeatOut: 0.000e+00 (0.000e+00)  ActScaleAnchor: 0.000e+00 (0.000e+00)  VarTrust: 0.000e+00 (0.000e+00)  DirAnchor: 0.000e+00 (0.000e+00)  BinReg: 0.000e+00 (0.000e+00)  SelBinAnchor: 0.000e+00 (0.000e+00)  ActBinMargin: 0.000e+00 (0.000e+00)  Time: 0.223s, 2292.58/s  (0.224s, 2281.86/s)  LR: 5.629e-06  RefW: 0.000e+00  AnchorRefW: 0.000e+00  Data: 0.006 (0.008)
Train: 25 [ 450/2502 ( 18%)]  Loss: 51.430965 (51.4108)  BaseLoss: 51.430965 (51.4108)  RefAttnKL: 0.000e+00 (0.000e+00)  RefLogitKL: 0.000e+00 (0.000e+00)  AnchorRefAttnKL: 0.000e+00 (0.000e+00)  TeacherAttnKL: 0.000e+00 (0.000e+00)  TeacherRel: 0.000e+00 (0.000e+00)  TeacherAttnOut: 0.000e+00 (0.000e+00)  TeacherFeatOut: 0.000e+00 (0.000e+00)  ActScaleAnchor: 0.000e+00 (0.000e+00)  VarTrust: 0.000e+00 (0.000e+00)  DirAnchor: 0.000e+00 (0.000e+00)  BinReg: 0.000e+00 (0.000e+00)  SelBinAnchor: 0.000e+00 (0.000e+00)  ActBinMargin: 0.000e+00 (0.000e+00)  Time: 0.223s, 2292.35/s  (0.224s, 2283.57/s)  LR: 5.623e-06  RefW: 0.000e+00  AnchorRefW: 0.000e+00  Data: 0.006 (0.007)
Train: 25 [ 500/2502 ( 20%)]  Loss: 51.443146 (51.4137)  BaseLoss: 51.443146 (51.4137)  RefAttnKL: 0.000e+00 (0.000e+00)  RefLogitKL: 0.000e+00 (0.000e+00)  AnchorRefAttnKL: 0.000e+00 (0.000e+00)  TeacherAttnKL: 0.000e+00 (0.000e+00)  TeacherRel: 0.000e+00 (0.000e+00)  TeacherAttnOut: 0.000e+00 (0.000e+00)  TeacherFeatOut: 0.000e+00 (0.000e+00)  ActScaleAnchor: 0.000e+00 (0.000e+00)  VarTrust: 0.000e+00 (0.000e+00)  DirAnchor: 0.000e+00 (0.000e+00)  BinReg: 0.000e+00 (0.000e+00)  SelBinAnchor: 0.000e+00 (0.000e+00)  ActBinMargin: 0.000e+00 (0.000e+00)  Time: 0.223s, 2295.15/s  (0.224s, 2285.25/s)  LR: 5.618e-06  RefW: 0.000e+00  AnchorRefW: 0.000e+00  Data: 0.006 (0.007)
Train: 25 [ 550/2502 ( 22%)]  Loss: 51.413574 (51.4137)  BaseLoss: 51.413574 (51.4137)  RefAttnKL: 0.000e+00 (0.000e+00)  RefLogitKL: 0.000e+00 (0.000e+00)  AnchorRefAttnKL: 0.000e+00 (0.000e+00)  TeacherAttnKL: 0.000e+00 (0.000e+00)  TeacherRel: 0.000e+00 (0.000e+00)  TeacherAttnOut: 0.000e+00 (0.000e+00)  TeacherFeatOut: 0.000e+00 (0.000e+00)  ActScaleAnchor: 0.000e+00 (0.000e+00)  VarTrust: 0.000e+00 (0.000e+00)  DirAnchor: 0.000e+00 (0.000e+00)  BinReg: 0.000e+00 (0.000e+00)  SelBinAnchor: 0.000e+00 (0.000e+00)  ActBinMargin: 0.000e+00 (0.000e+00)  Time: 0.224s, 2288.85/s  (0.224s, 2286.25/s)  LR: 5.613e-06  RefW: 0.000e+00  AnchorRefW: 0.000e+00  Data: 0.007 (0.007)
Train: 25 [ 600/2502 ( 24%)]  Loss: 51.370136 (51.4104)  BaseLoss: 51.370136 (51.4104)  RefAttnKL: 0.000e+00 (0.000e+00)  RefLogitKL: 0.000e+00 (0.000e+00)  AnchorRefAttnKL: 0.000e+00 (0.000e+00)  TeacherAttnKL: 0.000e+00 (0.000e+00)  TeacherRel: 0.000e+00 (0.000e+00)  TeacherAttnOut: 0.000e+00 (0.000e+00)  TeacherFeatOut: 0.000e+00 (0.000e+00)  ActScaleAnchor: 0.000e+00 (0.000e+00)  VarTrust: 0.000e+00 (0.000e+00)  DirAnchor: 0.000e+00 (0.000e+00)  BinReg: 0.000e+00 (0.000e+00)  SelBinAnchor: 0.000e+00 (0.000e+00)  ActBinMargin: 0.000e+00 (0.000e+00)  Time: 0.223s, 2294.33/s  (0.224s, 2287.43/s)  LR: 5.608e-06  RefW: 0.000e+00  AnchorRefW: 0.000e+00  Data: 0.006 (0.007)
Train: 25 [ 650/2502 ( 26%)]  Loss: 51.409451 (51.4103)  BaseLoss: 51.409451 (51.4103)  RefAttnKL: 0.000e+00 (0.000e+00)  RefLogitKL: 0.000e+00 (0.000e+00)  AnchorRefAttnKL: 0.000e+00 (0.000e+00)  TeacherAttnKL: 0.000e+00 (0.000e+00)  TeacherRel: 0.000e+00 (0.000e+00)  TeacherAttnOut: 0.000e+00 (0.000e+00)  TeacherFeatOut: 0.000e+00 (0.000e+00)  ActScaleAnchor: 0.000e+00 (0.000e+00)  VarTrust: 0.000e+00 (0.000e+00)  DirAnchor: 0.000e+00 (0.000e+00)  BinReg: 0.000e+00 (0.000e+00)  SelBinAnchor: 0.000e+00 (0.000e+00)  ActBinMargin: 0.000e+00 (0.000e+00)  Time: 0.224s, 2290.04/s  (0.224s, 2288.42/s)  LR: 5.603e-06  RefW: 0.000e+00  AnchorRefW: 0.000e+00  Data: 0.006 (0.007)
Train: 25 [ 700/2502 ( 28%)]  Loss: 51.363495 (51.4072)  BaseLoss: 51.363495 (51.4072)  RefAttnKL: 0.000e+00 (0.000e+00)  RefLogitKL: 0.000e+00 (0.000e+00)  AnchorRefAttnKL: 0.000e+00 (0.000e+00)  TeacherAttnKL: 0.000e+00 (0.000e+00)  TeacherRel: 0.000e+00 (0.000e+00)  TeacherAttnOut: 0.000e+00 (0.000e+00)  TeacherFeatOut: 0.000e+00 (0.000e+00)  ActScaleAnchor: 0.000e+00 (0.000e+00)  VarTrust: 0.000e+00 (0.000e+00)  DirAnchor: 0.000e+00 (0.000e+00)  BinReg: 0.000e+00 (0.000e+00)  SelBinAnchor: 0.000e+00 (0.000e+00)  ActBinMargin: 0.000e+00 (0.000e+00)  Time: 0.224s, 2286.88/s  (0.224s, 2289.29/s)  LR: 5.598e-06  RefW: 0.000e+00  AnchorRefW: 0.000e+00  Data: 0.006 (0.007)
Train: 25 [ 750/2502 ( 30%)]  Loss: 51.352169 (51.4037)  BaseLoss: 51.352169 (51.4037)  RefAttnKL: 0.000e+00 (0.000e+00)  RefLogitKL: 0.000e+00 (0.000e+00)  AnchorRefAttnKL: 0.000e+00 (0.000e+00)  TeacherAttnKL: 0.000e+00 (0.000e+00)  TeacherRel: 0.000e+00 (0.000e+00)  TeacherAttnOut: 0.000e+00 (0.000e+00)  TeacherFeatOut: 0.000e+00 (0.000e+00)  ActScaleAnchor: 0.000e+00 (0.000e+00)  VarTrust: 0.000e+00 (0.000e+00)  DirAnchor: 0.000e+00 (0.000e+00)  BinReg: 0.000e+00 (0.000e+00)  SelBinAnchor: 0.000e+00 (0.000e+00)  ActBinMargin: 0.000e+00 (0.000e+00)  Time: 0.223s, 2295.14/s  (0.224s, 2289.96/s)  LR: 5.593e-06  RefW: 0.000e+00  AnchorRefW: 0.000e+00  Data: 0.006 (0.007)
Train: 25 [ 800/2502 ( 32%)]  Loss: 51.397320 (51.4034)  BaseLoss: 51.397320 (51.4034)  RefAttnKL: 0.000e+00 (0.000e+00)  RefLogitKL: 0.000e+00 (0.000e+00)  AnchorRefAttnKL: 0.000e+00 (0.000e+00)  TeacherAttnKL: 0.000e+00 (0.000e+00)  TeacherRel: 0.000e+00 (0.000e+00)  TeacherAttnOut: 0.000e+00 (0.000e+00)  TeacherFeatOut: 0.000e+00 (0.000e+00)  ActScaleAnchor: 0.000e+00 (0.000e+00)  VarTrust: 0.000e+00 (0.000e+00)  DirAnchor: 0.000e+00 (0.000e+00)  BinReg: 0.000e+00 (0.000e+00)  SelBinAnchor: 0.000e+00 (0.000e+00)  ActBinMargin: 0.000e+00 (0.000e+00)  Time: 0.223s, 2291.15/s  (0.224s, 2290.63/s)  LR: 5.589e-06  RefW: 0.000e+00  AnchorRefW: 0.000e+00  Data: 0.006 (0.007)
Train: 25 [ 850/2502 ( 34%)]  Loss: 51.357918 (51.4008)  BaseLoss: 51.357918 (51.4008)  RefAttnKL: 0.000e+00 (0.000e+00)  RefLogitKL: 0.000e+00 (0.000e+00)  AnchorRefAttnKL: 0.000e+00 (0.000e+00)  TeacherAttnKL: 0.000e+00 (0.000e+00)  TeacherRel: 0.000e+00 (0.000e+00)  TeacherAttnOut: 0.000e+00 (0.000e+00)  TeacherFeatOut: 0.000e+00 (0.000e+00)  ActScaleAnchor: 0.000e+00 (0.000e+00)  VarTrust: 0.000e+00 (0.000e+00)  DirAnchor: 0.000e+00 (0.000e+00)  BinReg: 0.000e+00 (0.000e+00)  SelBinAnchor: 0.000e+00 (0.000e+00)  ActBinMargin: 0.000e+00 (0.000e+00)  Time: 0.224s, 2286.38/s  (0.223s, 2291.04/s)  LR: 5.584e-06  RefW: 0.000e+00  AnchorRefW: 0.000e+00  Data: 0.006 (0.007)
Train: 25 [ 900/2502 ( 36%)]  Loss: 51.390945 (51.4003)  BaseLoss: 51.390945 (51.4003)  RefAttnKL: 0.000e+00 (0.000e+00)  RefLogitKL: 0.000e+00 (0.000e+00)  AnchorRefAttnKL: 0.000e+00 (0.000e+00)  TeacherAttnKL: 0.000e+00 (0.000e+00)  TeacherRel: 0.000e+00 (0.000e+00)  TeacherAttnOut: 0.000e+00 (0.000e+00)  TeacherFeatOut: 0.000e+00 (0.000e+00)  ActScaleAnchor: 0.000e+00 (0.000e+00)  VarTrust: 0.000e+00 (0.000e+00)  DirAnchor: 0.000e+00 (0.000e+00)  BinReg: 0.000e+00 (0.000e+00)  SelBinAnchor: 0.000e+00 (0.000e+00)  ActBinMargin: 0.000e+00 (0.000e+00)  Time: 0.224s, 2287.38/s  (0.223s, 2291.45/s)  LR: 5.579e-06  RefW: 0.000e+00  AnchorRefW: 0.000e+00  Data: 0.006 (0.007)
Train: 25 [ 950/2502 ( 38%)]  Loss: 51.371391 (51.3989)  BaseLoss: 51.371391 (51.3989)  RefAttnKL: 0.000e+00 (0.000e+00)  RefLogitKL: 0.000e+00 (0.000e+00)  AnchorRefAttnKL: 0.000e+00 (0.000e+00)  TeacherAttnKL: 0.000e+00 (0.000e+00)  TeacherRel: 0.000e+00 (0.000e+00)  TeacherAttnOut: 0.000e+00 (0.000e+00)  TeacherFeatOut: 0.000e+00 (0.000e+00)  ActScaleAnchor: 0.000e+00 (0.000e+00)  VarTrust: 0.000e+00 (0.000e+00)  DirAnchor: 0.000e+00 (0.000e+00)  BinReg: 0.000e+00 (0.000e+00)  SelBinAnchor: 0.000e+00 (0.000e+00)  ActBinMargin: 0.000e+00 (0.000e+00)  Time: 0.223s, 2298.89/s  (0.223s, 2291.80/s)  LR: 5.574e-06  RefW: 0.000e+00  AnchorRefW: 0.000e+00  Data: 0.007 (0.007)
Train: 25 [1000/2502 ( 40%)]  Loss: 51.424881 (51.4001)  BaseLoss: 51.424881 (51.4001)  RefAttnKL: 0.000e+00 (0.000e+00)  RefLogitKL: 0.000e+00 (0.000e+00)  AnchorRefAttnKL: 0.000e+00 (0.000e+00)  TeacherAttnKL: 0.000e+00 (0.000e+00)  TeacherRel: 0.000e+00 (0.000e+00)  TeacherAttnOut: 0.000e+00 (0.000e+00)  TeacherFeatOut: 0.000e+00 (0.000e+00)  ActScaleAnchor: 0.000e+00 (0.000e+00)  VarTrust: 0.000e+00 (0.000e+00)  DirAnchor: 0.000e+00 (0.000e+00)  BinReg: 0.000e+00 (0.000e+00)  SelBinAnchor: 0.000e+00 (0.000e+00)  ActBinMargin: 0.000e+00 (0.000e+00)  Time: 0.223s, 2292.25/s  (0.223s, 2292.01/s)  LR: 5.569e-06  RefW: 0.000e+00  AnchorRefW: 0.000e+00  Data: 0.006 (0.007)
Train: 25 [1050/2502 ( 42%)]  Loss: 51.389454 (51.3996)  BaseLoss: 51.389454 (51.3996)  RefAttnKL: 0.000e+00 (0.000e+00)  RefLogitKL: 0.000e+00 (0.000e+00)  AnchorRefAttnKL: 0.000e+00 (0.000e+00)  TeacherAttnKL: 0.000e+00 (0.000e+00)  TeacherRel: 0.000e+00 (0.000e+00)  TeacherAttnOut: 0.000e+00 (0.000e+00)  TeacherFeatOut: 0.000e+00 (0.000e+00)  ActScaleAnchor: 0.000e+00 (0.000e+00)  VarTrust: 0.000e+00 (0.000e+00)  DirAnchor: 0.000e+00 (0.000e+00)  BinReg: 0.000e+00 (0.000e+00)  SelBinAnchor: 0.000e+00 (0.000e+00)  ActBinMargin: 0.000e+00 (0.000e+00)  Time: 0.224s, 2288.36/s  (0.223s, 2292.39/s)  LR: 5.564e-06  RefW: 0.000e+00  AnchorRefW: 0.000e+00  Data: 0.006 (0.007)
Train: 25 [1100/2502 ( 44%)]  Loss: 51.350334 (51.3975)  BaseLoss: 51.350334 (51.3975)  RefAttnKL: 0.000e+00 (0.000e+00)  RefLogitKL: 0.000e+00 (0.000e+00)  AnchorRefAttnKL: 0.000e+00 (0.000e+00)  TeacherAttnKL: 0.000e+00 (0.000e+00)  TeacherRel: 0.000e+00 (0.000e+00)  TeacherAttnOut: 0.000e+00 (0.000e+00)  TeacherFeatOut: 0.000e+00 (0.000e+00)  ActScaleAnchor: 0.000e+00 (0.000e+00)  VarTrust: 0.000e+00 (0.000e+00)  DirAnchor: 0.000e+00 (0.000e+00)  BinReg: 0.000e+00 (0.000e+00)  SelBinAnchor: 0.000e+00 (0.000e+00)  ActBinMargin: 0.000e+00 (0.000e+00)  Time: 0.224s, 2280.80/s  (0.223s, 2292.72/s)  LR: 5.559e-06  RefW: 0.000e+00  AnchorRefW: 0.000e+00  Data: 0.006 (0.007)
Train: 25 [1150/2502 ( 46%)]  Loss: 51.395676 (51.3974)  BaseLoss: 51.395676 (51.3974)  RefAttnKL: 0.000e+00 (0.000e+00)  RefLogitKL: 0.000e+00 (0.000e+00)  AnchorRefAttnKL: 0.000e+00 (0.000e+00)  TeacherAttnKL: 0.000e+00 (0.000e+00)  TeacherRel: 0.000e+00 (0.000e+00)  TeacherAttnOut: 0.000e+00 (0.000e+00)  TeacherFeatOut: 0.000e+00 (0.000e+00)  ActScaleAnchor: 0.000e+00 (0.000e+00)  VarTrust: 0.000e+00 (0.000e+00)  DirAnchor: 0.000e+00 (0.000e+00)  BinReg: 0.000e+00 (0.000e+00)  SelBinAnchor: 0.000e+00 (0.000e+00)  ActBinMargin: 0.000e+00 (0.000e+00)  Time: 0.223s, 2291.31/s  (0.223s, 2293.06/s)  LR: 5.555e-06  RefW: 0.000e+00  AnchorRefW: 0.000e+00  Data: 0.007 (0.007)
Train: 25 [1200/2502 ( 48%)]  Loss: 51.374615 (51.3965)  BaseLoss: 51.374615 (51.3965)  RefAttnKL: 0.000e+00 (0.000e+00)  RefLogitKL: 0.000e+00 (0.000e+00)  AnchorRefAttnKL: 0.000e+00 (0.000e+00)  TeacherAttnKL: 0.000e+00 (0.000e+00)  TeacherRel: 0.000e+00 (0.000e+00)  TeacherAttnOut: 0.000e+00 (0.000e+00)  TeacherFeatOut: 0.000e+00 (0.000e+00)  ActScaleAnchor: 0.000e+00 (0.000e+00)  VarTrust: 0.000e+00 (0.000e+00)  DirAnchor: 0.000e+00 (0.000e+00)  BinReg: 0.000e+00 (0.000e+00)  SelBinAnchor: 0.000e+00 (0.000e+00)  ActBinMargin: 0.000e+00 (0.000e+00)  Time: 0.224s, 2289.79/s  (0.223s, 2293.34/s)  LR: 5.550e-06  RefW: 0.000e+00  AnchorRefW: 0.000e+00  Data: 0.006 (0.007)
Train: 25 [1250/2502 ( 50%)]  Loss: 51.415352 (51.3972)  BaseLoss: 51.415352 (51.3972)  RefAttnKL: 0.000e+00 (0.000e+00)  RefLogitKL: 0.000e+00 (0.000e+00)  AnchorRefAttnKL: 0.000e+00 (0.000e+00)  TeacherAttnKL: 0.000e+00 (0.000e+00)  TeacherRel: 0.000e+00 (0.000e+00)  TeacherAttnOut: 0.000e+00 (0.000e+00)  TeacherFeatOut: 0.000e+00 (0.000e+00)  ActScaleAnchor: 0.000e+00 (0.000e+00)  VarTrust: 0.000e+00 (0.000e+00)  DirAnchor: 0.000e+00 (0.000e+00)  BinReg: 0.000e+00 (0.000e+00)  SelBinAnchor: 0.000e+00 (0.000e+00)  ActBinMargin: 0.000e+00 (0.000e+00)  Time: 0.224s, 2289.42/s  (0.223s, 2293.63/s)  LR: 5.545e-06  RefW: 0.000e+00  AnchorRefW: 0.000e+00  Data: 0.006 (0.007)
Train: 25 [1300/2502 ( 52%)]  Loss: 51.411354 (51.3977)  BaseLoss: 51.411354 (51.3977)  RefAttnKL: 0.000e+00 (0.000e+00)  RefLogitKL: 0.000e+00 (0.000e+00)  AnchorRefAttnKL: 0.000e+00 (0.000e+00)  TeacherAttnKL: 0.000e+00 (0.000e+00)  TeacherRel: 0.000e+00 (0.000e+00)  TeacherAttnOut: 0.000e+00 (0.000e+00)  TeacherFeatOut: 0.000e+00 (0.000e+00)  ActScaleAnchor: 0.000e+00 (0.000e+00)  VarTrust: 0.000e+00 (0.000e+00)  DirAnchor: 0.000e+00 (0.000e+00)  BinReg: 0.000e+00 (0.000e+00)  SelBinAnchor: 0.000e+00 (0.000e+00)  ActBinMargin: 0.000e+00 (0.000e+00)  Time: 0.223s, 2295.82/s  (0.223s, 2293.89/s)  LR: 5.540e-06  RefW: 0.000e+00  AnchorRefW: 0.000e+00  Data: 0.006 (0.007)
Train: 25 [1350/2502 ( 54%)]  Loss: 51.420403 (51.3985)  BaseLoss: 51.420403 (51.3985)  RefAttnKL: 0.000e+00 (0.000e+00)  RefLogitKL: 0.000e+00 (0.000e+00)  AnchorRefAttnKL: 0.000e+00 (0.000e+00)  TeacherAttnKL: 0.000e+00 (0.000e+00)  TeacherRel: 0.000e+00 (0.000e+00)  TeacherAttnOut: 0.000e+00 (0.000e+00)  TeacherFeatOut: 0.000e+00 (0.000e+00)  ActScaleAnchor: 0.000e+00 (0.000e+00)  VarTrust: 0.000e+00 (0.000e+00)  DirAnchor: 0.000e+00 (0.000e+00)  BinReg: 0.000e+00 (0.000e+00)  SelBinAnchor: 0.000e+00 (0.000e+00)  ActBinMargin: 0.000e+00 (0.000e+00)  Time: 0.224s, 2289.48/s  (0.223s, 2294.09/s)  LR: 5.536e-06  RefW: 0.000e+00  AnchorRefW: 0.000e+00  Data: 0.007 (0.007)
Train: 25 [1400/2502 ( 56%)]  Loss: 51.422028 (51.3994)  BaseLoss: 51.422028 (51.3994)  RefAttnKL: 0.000e+00 (0.000e+00)  RefLogitKL: 0.000e+00 (0.000e+00)  AnchorRefAttnKL: 0.000e+00 (0.000e+00)  TeacherAttnKL: 0.000e+00 (0.000e+00)  TeacherRel: 0.000e+00 (0.000e+00)  TeacherAttnOut: 0.000e+00 (0.000e+00)  TeacherFeatOut: 0.000e+00 (0.000e+00)  ActScaleAnchor: 0.000e+00 (0.000e+00)  VarTrust: 0.000e+00 (0.000e+00)  DirAnchor: 0.000e+00 (0.000e+00)  BinReg: 0.000e+00 (0.000e+00)  SelBinAnchor: 0.000e+00 (0.000e+00)  ActBinMargin: 0.000e+00 (0.000e+00)  Time: 0.224s, 2290.20/s  (0.223s, 2294.30/s)  LR: 5.531e-06  RefW: 0.000e+00  AnchorRefW: 0.000e+00  Data: 0.006 (0.007)
Train: 25 [1450/2502 ( 58%)]  Loss: 51.417629 (51.4000)  BaseLoss: 51.417629 (51.4000)  RefAttnKL: 0.000e+00 (0.000e+00)  RefLogitKL: 0.000e+00 (0.000e+00)  AnchorRefAttnKL: 0.000e+00 (0.000e+00)  TeacherAttnKL: 0.000e+00 (0.000e+00)  TeacherRel: 0.000e+00 (0.000e+00)  TeacherAttnOut: 0.000e+00 (0.000e+00)  TeacherFeatOut: 0.000e+00 (0.000e+00)  ActScaleAnchor: 0.000e+00 (0.000e+00)  VarTrust: 0.000e+00 (0.000e+00)  DirAnchor: 0.000e+00 (0.000e+00)  BinReg: 0.000e+00 (0.000e+00)  SelBinAnchor: 0.000e+00 (0.000e+00)  ActBinMargin: 0.000e+00 (0.000e+00)  Time: 0.224s, 2282.30/s  (0.223s, 2294.50/s)  LR: 5.526e-06  RefW: 0.000e+00  AnchorRefW: 0.000e+00  Data: 0.006 (0.007)
Train: 25 [1500/2502 ( 60%)]  Loss: 51.423817 (51.4007)  BaseLoss: 51.423817 (51.4007)  RefAttnKL: 0.000e+00 (0.000e+00)  RefLogitKL: 0.000e+00 (0.000e+00)  AnchorRefAttnKL: 0.000e+00 (0.000e+00)  TeacherAttnKL: 0.000e+00 (0.000e+00)  TeacherRel: 0.000e+00 (0.000e+00)  TeacherAttnOut: 0.000e+00 (0.000e+00)  TeacherFeatOut: 0.000e+00 (0.000e+00)  ActScaleAnchor: 0.000e+00 (0.000e+00)  VarTrust: 0.000e+00 (0.000e+00)  DirAnchor: 0.000e+00 (0.000e+00)  BinReg: 0.000e+00 (0.000e+00)  SelBinAnchor: 0.000e+00 (0.000e+00)  ActBinMargin: 0.000e+00 (0.000e+00)  Time: 0.223s, 2299.63/s  (0.223s, 2294.70/s)  LR: 5.521e-06  RefW: 0.000e+00  AnchorRefW: 0.000e+00  Data: 0.006 (0.007)
Train: 25 [1550/2502 ( 62%)]  Loss: 51.412987 (51.4011)  BaseLoss: 51.412987 (51.4011)  RefAttnKL: 0.000e+00 (0.000e+00)  RefLogitKL: 0.000e+00 (0.000e+00)  AnchorRefAttnKL: 0.000e+00 (0.000e+00)  TeacherAttnKL: 0.000e+00 (0.000e+00)  TeacherRel: 0.000e+00 (0.000e+00)  TeacherAttnOut: 0.000e+00 (0.000e+00)  TeacherFeatOut: 0.000e+00 (0.000e+00)  ActScaleAnchor: 0.000e+00 (0.000e+00)  VarTrust: 0.000e+00 (0.000e+00)  DirAnchor: 0.000e+00 (0.000e+00)  BinReg: 0.000e+00 (0.000e+00)  SelBinAnchor: 0.000e+00 (0.000e+00)  ActBinMargin: 0.000e+00 (0.000e+00)  Time: 0.224s, 2290.65/s  (0.223s, 2294.85/s)  LR: 5.517e-06  RefW: 0.000e+00  AnchorRefW: 0.000e+00  Data: 0.007 (0.007)
Train: 25 [1600/2502 ( 64%)]  Loss: 51.411335 (51.4014)  BaseLoss: 51.411335 (51.4014)  RefAttnKL: 0.000e+00 (0.000e+00)  RefLogitKL: 0.000e+00 (0.000e+00)  AnchorRefAttnKL: 0.000e+00 (0.000e+00)  TeacherAttnKL: 0.000e+00 (0.000e+00)  TeacherRel: 0.000e+00 (0.000e+00)  TeacherAttnOut: 0.000e+00 (0.000e+00)  TeacherFeatOut: 0.000e+00 (0.000e+00)  ActScaleAnchor: 0.000e+00 (0.000e+00)  VarTrust: 0.000e+00 (0.000e+00)  DirAnchor: 0.000e+00 (0.000e+00)  BinReg: 0.000e+00 (0.000e+00)  SelBinAnchor: 0.000e+00 (0.000e+00)  ActBinMargin: 0.000e+00 (0.000e+00)  Time: 0.223s, 2297.10/s  (0.223s, 2295.03/s)  LR: 5.512e-06  RefW: 0.000e+00  AnchorRefW: 0.000e+00  Data: 0.006 (0.007)
Train: 25 [1650/2502 ( 66%)]  Loss: 51.449154 (51.4028)  BaseLoss: 51.449154 (51.4028)  RefAttnKL: 0.000e+00 (0.000e+00)  RefLogitKL: 0.000e+00 (0.000e+00)  AnchorRefAttnKL: 0.000e+00 (0.000e+00)  TeacherAttnKL: 0.000e+00 (0.000e+00)  TeacherRel: 0.000e+00 (0.000e+00)  TeacherAttnOut: 0.000e+00 (0.000e+00)  TeacherFeatOut: 0.000e+00 (0.000e+00)  ActScaleAnchor: 0.000e+00 (0.000e+00)  VarTrust: 0.000e+00 (0.000e+00)  DirAnchor: 0.000e+00 (0.000e+00)  BinReg: 0.000e+00 (0.000e+00)  SelBinAnchor: 0.000e+00 (0.000e+00)  ActBinMargin: 0.000e+00 (0.000e+00)  Time: 0.224s, 2287.39/s  (0.223s, 2295.10/s)  LR: 5.508e-06  RefW: 0.000e+00  AnchorRefW: 0.000e+00  Data: 0.005 (0.007)
Train: 25 [1700/2502 ( 68%)]  Loss: 51.410805 (51.4031)  BaseLoss: 51.410805 (51.4031)  RefAttnKL: 0.000e+00 (0.000e+00)  RefLogitKL: 0.000e+00 (0.000e+00)  AnchorRefAttnKL: 0.000e+00 (0.000e+00)  TeacherAttnKL: 0.000e+00 (0.000e+00)  TeacherRel: 0.000e+00 (0.000e+00)  TeacherAttnOut: 0.000e+00 (0.000e+00)  TeacherFeatOut: 0.000e+00 (0.000e+00)  ActScaleAnchor: 0.000e+00 (0.000e+00)  VarTrust: 0.000e+00 (0.000e+00)  DirAnchor: 0.000e+00 (0.000e+00)  BinReg: 0.000e+00 (0.000e+00)  SelBinAnchor: 0.000e+00 (0.000e+00)  ActBinMargin: 0.000e+00 (0.000e+00)  Time: 0.223s, 2292.73/s  (0.223s, 2295.25/s)  LR: 5.503e-06  RefW: 0.000e+00  AnchorRefW: 0.000e+00  Data: 0.007 (0.007)
Train: 25 [1750/2502 ( 70%)]  Loss: 51.418678 (51.4035)  BaseLoss: 51.418678 (51.4035)  RefAttnKL: 0.000e+00 (0.000e+00)  RefLogitKL: 0.000e+00 (0.000e+00)  AnchorRefAttnKL: 0.000e+00 (0.000e+00)  TeacherAttnKL: 0.000e+00 (0.000e+00)  TeacherRel: 0.000e+00 (0.000e+00)  TeacherAttnOut: 0.000e+00 (0.000e+00)  TeacherFeatOut: 0.000e+00 (0.000e+00)  ActScaleAnchor: 0.000e+00 (0.000e+00)  VarTrust: 0.000e+00 (0.000e+00)  DirAnchor: 0.000e+00 (0.000e+00)  BinReg: 0.000e+00 (0.000e+00)  SelBinAnchor: 0.000e+00 (0.000e+00)  ActBinMargin: 0.000e+00 (0.000e+00)  Time: 0.224s, 2288.80/s  (0.223s, 2295.39/s)  LR: 5.498e-06  RefW: 0.000e+00  AnchorRefW: 0.000e+00  Data: 0.007 (0.007)
Train: 25 [1800/2502 ( 72%)]  Loss: 51.411179 (51.4037)  BaseLoss: 51.411179 (51.4037)  RefAttnKL: 0.000e+00 (0.000e+00)  RefLogitKL: 0.000e+00 (0.000e+00)  AnchorRefAttnKL: 0.000e+00 (0.000e+00)  TeacherAttnKL: 0.000e+00 (0.000e+00)  TeacherRel: 0.000e+00 (0.000e+00)  TeacherAttnOut: 0.000e+00 (0.000e+00)  TeacherFeatOut: 0.000e+00 (0.000e+00)  ActScaleAnchor: 0.000e+00 (0.000e+00)  VarTrust: 0.000e+00 (0.000e+00)  DirAnchor: 0.000e+00 (0.000e+00)  BinReg: 0.000e+00 (0.000e+00)  SelBinAnchor: 0.000e+00 (0.000e+00)  ActBinMargin: 0.000e+00 (0.000e+00)  Time: 0.223s, 2296.64/s  (0.223s, 2295.52/s)  LR: 5.494e-06  RefW: 0.000e+00  AnchorRefW: 0.000e+00  Data: 0.006 (0.007)
Train: 25 [1850/2502 ( 74%)]  Loss: 51.383995 (51.4032)  BaseLoss: 51.383995 (51.4032)  RefAttnKL: 0.000e+00 (0.000e+00)  RefLogitKL: 0.000e+00 (0.000e+00)  AnchorRefAttnKL: 0.000e+00 (0.000e+00)  TeacherAttnKL: 0.000e+00 (0.000e+00)  TeacherRel: 0.000e+00 (0.000e+00)  TeacherAttnOut: 0.000e+00 (0.000e+00)  TeacherFeatOut: 0.000e+00 (0.000e+00)  ActScaleAnchor: 0.000e+00 (0.000e+00)  VarTrust: 0.000e+00 (0.000e+00)  DirAnchor: 0.000e+00 (0.000e+00)  BinReg: 0.000e+00 (0.000e+00)  SelBinAnchor: 0.000e+00 (0.000e+00)  ActBinMargin: 0.000e+00 (0.000e+00)  Time: 0.224s, 2287.57/s  (0.223s, 2295.61/s)  LR: 5.489e-06  RefW: 0.000e+00  AnchorRefW: 0.000e+00  Data: 0.006 (0.007)
Train: 25 [1900/2502 ( 76%)]  Loss: 51.429562 (51.4039)  BaseLoss: 51.429562 (51.4039)  RefAttnKL: 0.000e+00 (0.000e+00)  RefLogitKL: 0.000e+00 (0.000e+00)  AnchorRefAttnKL: 0.000e+00 (0.000e+00)  TeacherAttnKL: 0.000e+00 (0.000e+00)  TeacherRel: 0.000e+00 (0.000e+00)  TeacherAttnOut: 0.000e+00 (0.000e+00)  TeacherFeatOut: 0.000e+00 (0.000e+00)  ActScaleAnchor: 0.000e+00 (0.000e+00)  VarTrust: 0.000e+00 (0.000e+00)  DirAnchor: 0.000e+00 (0.000e+00)  BinReg: 0.000e+00 (0.000e+00)  SelBinAnchor: 0.000e+00 (0.000e+00)  ActBinMargin: 0.000e+00 (0.000e+00)  Time: 0.227s, 2257.92/s  (0.223s, 2295.70/s)  LR: 5.485e-06  RefW: 0.000e+00  AnchorRefW: 0.000e+00  Data: 0.006 (0.007)
Train: 25 [1950/2502 ( 78%)]  Loss: 51.441498 (51.4048)  BaseLoss: 51.441498 (51.4048)  RefAttnKL: 0.000e+00 (0.000e+00)  RefLogitKL: 0.000e+00 (0.000e+00)  AnchorRefAttnKL: 0.000e+00 (0.000e+00)  TeacherAttnKL: 0.000e+00 (0.000e+00)  TeacherRel: 0.000e+00 (0.000e+00)  TeacherAttnOut: 0.000e+00 (0.000e+00)  TeacherFeatOut: 0.000e+00 (0.000e+00)  ActScaleAnchor: 0.000e+00 (0.000e+00)  VarTrust: 0.000e+00 (0.000e+00)  DirAnchor: 0.000e+00 (0.000e+00)  BinReg: 0.000e+00 (0.000e+00)  SelBinAnchor: 0.000e+00 (0.000e+00)  ActBinMargin: 0.000e+00 (0.000e+00)  Time: 0.226s, 2266.35/s  (0.223s, 2295.72/s)  LR: 5.480e-06  RefW: 0.000e+00  AnchorRefW: 0.000e+00  Data: 0.007 (0.007)
Train: 25 [2000/2502 ( 80%)]  Loss: 51.420448 (51.4052)  BaseLoss: 51.420448 (51.4052)  RefAttnKL: 0.000e+00 (0.000e+00)  RefLogitKL: 0.000e+00 (0.000e+00)  AnchorRefAttnKL: 0.000e+00 (0.000e+00)  TeacherAttnKL: 0.000e+00 (0.000e+00)  TeacherRel: 0.000e+00 (0.000e+00)  TeacherAttnOut: 0.000e+00 (0.000e+00)  TeacherFeatOut: 0.000e+00 (0.000e+00)  ActScaleAnchor: 0.000e+00 (0.000e+00)  VarTrust: 0.000e+00 (0.000e+00)  DirAnchor: 0.000e+00 (0.000e+00)  BinReg: 0.000e+00 (0.000e+00)  SelBinAnchor: 0.000e+00 (0.000e+00)  ActBinMargin: 0.000e+00 (0.000e+00)  Time: 0.223s, 2291.84/s  (0.223s, 2295.79/s)  LR: 5.476e-06  RefW: 0.000e+00  AnchorRefW: 0.000e+00  Data: 0.006 (0.007)
Train: 25 [2050/2502 ( 82%)]  Loss: 51.368847 (51.4043)  BaseLoss: 51.368847 (51.4043)  RefAttnKL: 0.000e+00 (0.000e+00)  RefLogitKL: 0.000e+00 (0.000e+00)  AnchorRefAttnKL: 0.000e+00 (0.000e+00)  TeacherAttnKL: 0.000e+00 (0.000e+00)  TeacherRel: 0.000e+00 (0.000e+00)  TeacherAttnOut: 0.000e+00 (0.000e+00)  TeacherFeatOut: 0.000e+00 (0.000e+00)  ActScaleAnchor: 0.000e+00 (0.000e+00)  VarTrust: 0.000e+00 (0.000e+00)  DirAnchor: 0.000e+00 (0.000e+00)  BinReg: 0.000e+00 (0.000e+00)  SelBinAnchor: 0.000e+00 (0.000e+00)  ActBinMargin: 0.000e+00 (0.000e+00)  Time: 0.224s, 2281.98/s  (0.223s, 2295.89/s)  LR: 5.471e-06  RefW: 0.000e+00  AnchorRefW: 0.000e+00  Data: 0.006 (0.007)
Train: 25 [2100/2502 ( 84%)]  Loss: 51.392242 (51.4040)  BaseLoss: 51.392242 (51.4040)  RefAttnKL: 0.000e+00 (0.000e+00)  RefLogitKL: 0.000e+00 (0.000e+00)  AnchorRefAttnKL: 0.000e+00 (0.000e+00)  TeacherAttnKL: 0.000e+00 (0.000e+00)  TeacherRel: 0.000e+00 (0.000e+00)  TeacherAttnOut: 0.000e+00 (0.000e+00)  TeacherFeatOut: 0.000e+00 (0.000e+00)  ActScaleAnchor: 0.000e+00 (0.000e+00)  VarTrust: 0.000e+00 (0.000e+00)  DirAnchor: 0.000e+00 (0.000e+00)  BinReg: 0.000e+00 (0.000e+00)  SelBinAnchor: 0.000e+00 (0.000e+00)  ActBinMargin: 0.000e+00 (0.000e+00)  Time: 0.223s, 2295.80/s  (0.223s, 2295.86/s)  LR: 5.467e-06  RefW: 0.000e+00  AnchorRefW: 0.000e+00  Data: 0.007 (0.007)
Train: 25 [2150/2502 ( 86%)]  Loss: 51.388294 (51.4037)  BaseLoss: 51.388294 (51.4037)  RefAttnKL: 0.000e+00 (0.000e+00)  RefLogitKL: 0.000e+00 (0.000e+00)  AnchorRefAttnKL: 0.000e+00 (0.000e+00)  TeacherAttnKL: 0.000e+00 (0.000e+00)  TeacherRel: 0.000e+00 (0.000e+00)  TeacherAttnOut: 0.000e+00 (0.000e+00)  TeacherFeatOut: 0.000e+00 (0.000e+00)  ActScaleAnchor: 0.000e+00 (0.000e+00)  VarTrust: 0.000e+00 (0.000e+00)  DirAnchor: 0.000e+00 (0.000e+00)  BinReg: 0.000e+00 (0.000e+00)  SelBinAnchor: 0.000e+00 (0.000e+00)  ActBinMargin: 0.000e+00 (0.000e+00)  Time: 0.223s, 2294.83/s  (0.223s, 2295.94/s)  LR: 5.463e-06  RefW: 0.000e+00  AnchorRefW: 0.000e+00  Data: 0.006 (0.007)
Train: 25 [2200/2502 ( 88%)]  Loss: 51.401550 (51.4036)  BaseLoss: 51.401550 (51.4036)  RefAttnKL: 0.000e+00 (0.000e+00)  RefLogitKL: 0.000e+00 (0.000e+00)  AnchorRefAttnKL: 0.000e+00 (0.000e+00)  TeacherAttnKL: 0.000e+00 (0.000e+00)  TeacherRel: 0.000e+00 (0.000e+00)  TeacherAttnOut: 0.000e+00 (0.000e+00)  TeacherFeatOut: 0.000e+00 (0.000e+00)  ActScaleAnchor: 0.000e+00 (0.000e+00)  VarTrust: 0.000e+00 (0.000e+00)  DirAnchor: 0.000e+00 (0.000e+00)  BinReg: 0.000e+00 (0.000e+00)  SelBinAnchor: 0.000e+00 (0.000e+00)  ActBinMargin: 0.000e+00 (0.000e+00)  Time: 0.224s, 2284.43/s  (0.223s, 2296.02/s)  LR: 5.458e-06  RefW: 0.000e+00  AnchorRefW: 0.000e+00  Data: 0.006 (0.007)
Train: 25 [2250/2502 ( 90%)]  Loss: 51.385708 (51.4032)  BaseLoss: 51.385708 (51.4032)  RefAttnKL: 0.000e+00 (0.000e+00)  RefLogitKL: 0.000e+00 (0.000e+00)  AnchorRefAttnKL: 0.000e+00 (0.000e+00)  TeacherAttnKL: 0.000e+00 (0.000e+00)  TeacherRel: 0.000e+00 (0.000e+00)  TeacherAttnOut: 0.000e+00 (0.000e+00)  TeacherFeatOut: 0.000e+00 (0.000e+00)  ActScaleAnchor: 0.000e+00 (0.000e+00)  VarTrust: 0.000e+00 (0.000e+00)  DirAnchor: 0.000e+00 (0.000e+00)  BinReg: 0.000e+00 (0.000e+00)  SelBinAnchor: 0.000e+00 (0.000e+00)  ActBinMargin: 0.000e+00 (0.000e+00)  Time: 0.224s, 2283.12/s  (0.223s, 2296.12/s)  LR: 5.454e-06  RefW: 0.000e+00  AnchorRefW: 0.000e+00  Data: 0.006 (0.007)
Train: 25 [2300/2502 ( 92%)]  Loss: 51.408073 (51.4033)  BaseLoss: 51.408073 (51.4033)  RefAttnKL: 0.000e+00 (0.000e+00)  RefLogitKL: 0.000e+00 (0.000e+00)  AnchorRefAttnKL: 0.000e+00 (0.000e+00)  TeacherAttnKL: 0.000e+00 (0.000e+00)  TeacherRel: 0.000e+00 (0.000e+00)  TeacherAttnOut: 0.000e+00 (0.000e+00)  TeacherFeatOut: 0.000e+00 (0.000e+00)  ActScaleAnchor: 0.000e+00 (0.000e+00)  VarTrust: 0.000e+00 (0.000e+00)  DirAnchor: 0.000e+00 (0.000e+00)  BinReg: 0.000e+00 (0.000e+00)  SelBinAnchor: 0.000e+00 (0.000e+00)  ActBinMargin: 0.000e+00 (0.000e+00)  Time: 0.222s, 2306.31/s  (0.223s, 2296.11/s)  LR: 5.450e-06  RefW: 0.000e+00  AnchorRefW: 0.000e+00  Data: 0.007 (0.007)
Train: 25 [2350/2502 ( 94%)]  Loss: 51.433380 (51.4040)  BaseLoss: 51.433380 (51.4040)  RefAttnKL: 0.000e+00 (0.000e+00)  RefLogitKL: 0.000e+00 (0.000e+00)  AnchorRefAttnKL: 0.000e+00 (0.000e+00)  TeacherAttnKL: 0.000e+00 (0.000e+00)  TeacherRel: 0.000e+00 (0.000e+00)  TeacherAttnOut: 0.000e+00 (0.000e+00)  TeacherFeatOut: 0.000e+00 (0.000e+00)  ActScaleAnchor: 0.000e+00 (0.000e+00)  VarTrust: 0.000e+00 (0.000e+00)  DirAnchor: 0.000e+00 (0.000e+00)  BinReg: 0.000e+00 (0.000e+00)  SelBinAnchor: 0.000e+00 (0.000e+00)  ActBinMargin: 0.000e+00 (0.000e+00)  Time: 0.224s, 2288.82/s  (0.223s, 2296.18/s)  LR: 5.445e-06  RefW: 0.000e+00  AnchorRefW: 0.000e+00  Data: 0.007 (0.007)
Train: 25 [2400/2502 ( 96%)]  Loss: 51.381584 (51.4035)  BaseLoss: 51.381584 (51.4035)  RefAttnKL: 0.000e+00 (0.000e+00)  RefLogitKL: 0.000e+00 (0.000e+00)  AnchorRefAttnKL: 0.000e+00 (0.000e+00)  TeacherAttnKL: 0.000e+00 (0.000e+00)  TeacherRel: 0.000e+00 (0.000e+00)  TeacherAttnOut: 0.000e+00 (0.000e+00)  TeacherFeatOut: 0.000e+00 (0.000e+00)  ActScaleAnchor: 0.000e+00 (0.000e+00)  VarTrust: 0.000e+00 (0.000e+00)  DirAnchor: 0.000e+00 (0.000e+00)  BinReg: 0.000e+00 (0.000e+00)  SelBinAnchor: 0.000e+00 (0.000e+00)  ActBinMargin: 0.000e+00 (0.000e+00)  Time: 0.223s, 2294.80/s  (0.223s, 2296.25/s)  LR: 5.441e-06  RefW: 0.000e+00  AnchorRefW: 0.000e+00  Data: 0.006 (0.007)
Train: 25 [2450/2502 ( 98%)]  Loss: 51.429119 (51.4040)  BaseLoss: 51.429119 (51.4040)  RefAttnKL: 0.000e+00 (0.000e+00)  RefLogitKL: 0.000e+00 (0.000e+00)  AnchorRefAttnKL: 0.000e+00 (0.000e+00)  TeacherAttnKL: 0.000e+00 (0.000e+00)  TeacherRel: 0.000e+00 (0.000e+00)  TeacherAttnOut: 0.000e+00 (0.000e+00)  TeacherFeatOut: 0.000e+00 (0.000e+00)  ActScaleAnchor: 0.000e+00 (0.000e+00)  VarTrust: 0.000e+00 (0.000e+00)  DirAnchor: 0.000e+00 (0.000e+00)  BinReg: 0.000e+00 (0.000e+00)  SelBinAnchor: 0.000e+00 (0.000e+00)  ActBinMargin: 0.000e+00 (0.000e+00)  Time: 0.225s, 2275.94/s  (0.223s, 2296.32/s)  LR: 5.437e-06  RefW: 0.000e+00  AnchorRefW: 0.000e+00  Data: 0.006 (0.007)
TrainSummary: epoch=25 updates=2496 avg_step_time=0.222962s samples_per_step=512 samples_per_sec=2296.35
epoch:  25 g['lr']:  5.432783663272858e-06
model eval
TestLocal: [   0/97]  Time: 0.935 (0.935)  Loss:  0.7377  Acc@1: 82.8125  Acc@5: 95.3125  Samples: 64
TestLocal: [  50/97]  Time: 0.092 (0.108)  Loss:  0.8215  Acc@1: 81.6483  Acc@5: 95.3738  Samples: 3264
TestLocal: [  97/97]  Time: 0.050 (0.099)  Loss:  0.8154  Acc@1: 81.3128  Acc@5: 95.5105  Samples: 6170
TestLocal: [ 100/97]  Time: 0.049 (0.097)  Loss:  0.8155  Acc@1: 81.3043  Acc@5: 95.5072  Samples: 6210
Test: [distributed-summary]  Time: 10.194s  Loss: 0.8379  Acc@1: 80.4740  Acc@5: 95.2480  Samples: 50000
Trainable parameter policy: epoch=26, quant_only=False, policy=all, trainable=28608256, frozen=0
AOQ explore scale ratio update: epoch=26, update=0, active=False, base_ratio=1.0, threshold_ratio=0.0, base_layers=(), selective_margin=0.0, base_quantizers=0, layer_ratios={}, layer_quantizers=0, layer_counts={}, quality_mode=none, quality_layers=(), quality_start_update=0, quality_min_frac=0.0, start_update=0, end_update=0
Trainable parameter update policy: epoch=26, update=0, mode=requires_grad, policy=all, trainable=28608256, frozen=0
Train: 26 [   0/2502 (  0%)]  Loss: 51.411549 (51.4115)  BaseLoss: 51.411549 (51.4115)  RefAttnKL: 0.000e+00 (0.000e+00)  RefLogitKL: 0.000e+00 (0.000e+00)  AnchorRefAttnKL: 0.000e+00 (0.000e+00)  TeacherAttnKL: 0.000e+00 (0.000e+00)  TeacherRel: 0.000e+00 (0.000e+00)  TeacherAttnOut: 0.000e+00 (0.000e+00)  TeacherFeatOut: 0.000e+00 (0.000e+00)  ActScaleAnchor: 0.000e+00 (0.000e+00)  VarTrust: 0.000e+00 (0.000e+00)  DirAnchor: 0.000e+00 (0.000e+00)  BinReg: 0.000e+00 (0.000e+00)  SelBinAnchor: 0.000e+00 (0.000e+00)  ActBinMargin: 0.000e+00 (0.000e+00)  Time: 0.851s,  601.75/s  (0.851s,  601.75/s)  LR: 5.432e-06  RefW: 0.000e+00  AnchorRefW: 0.000e+00  Data: 0.607 (0.607)
Train: 26 [  50/2502 (  2%)]  Loss: 51.396141 (51.4038)  BaseLoss: 51.396141 (51.4038)  RefAttnKL: 0.000e+00 (0.000e+00)  RefLogitKL: 0.000e+00 (0.000e+00)  AnchorRefAttnKL: 0.000e+00 (0.000e+00)  TeacherAttnKL: 0.000e+00 (0.000e+00)  TeacherRel: 0.000e+00 (0.000e+00)  TeacherAttnOut: 0.000e+00 (0.000e+00)  TeacherFeatOut: 0.000e+00 (0.000e+00)  ActScaleAnchor: 0.000e+00 (0.000e+00)  VarTrust: 0.000e+00 (0.000e+00)  DirAnchor: 0.000e+00 (0.000e+00)  BinReg: 0.000e+00 (0.000e+00)  SelBinAnchor: 0.000e+00 (0.000e+00)  ActBinMargin: 0.000e+00 (0.000e+00)  Time: 0.223s, 2291.71/s  (0.235s, 2178.25/s)  LR: 5.428e-06  RefW: 0.000e+00  AnchorRefW: 0.000e+00  Data: 0.006 (0.018)
Train: 26 [ 100/2502 (  4%)]  Loss: 51.419407 (51.4090)  BaseLoss: 51.419407 (51.4090)  RefAttnKL: 0.000e+00 (0.000e+00)  RefLogitKL: 0.000e+00 (0.000e+00)  AnchorRefAttnKL: 0.000e+00 (0.000e+00)  TeacherAttnKL: 0.000e+00 (0.000e+00)  TeacherRel: 0.000e+00 (0.000e+00)  TeacherAttnOut: 0.000e+00 (0.000e+00)  TeacherFeatOut: 0.000e+00 (0.000e+00)  ActScaleAnchor: 0.000e+00 (0.000e+00)  VarTrust: 0.000e+00 (0.000e+00)  DirAnchor: 0.000e+00 (0.000e+00)  BinReg: 0.000e+00 (0.000e+00)  SelBinAnchor: 0.000e+00 (0.000e+00)  ActBinMargin: 0.000e+00 (0.000e+00)  Time: 0.223s, 2291.50/s  (0.229s, 2235.22/s)  LR: 5.424e-06  RefW: 0.000e+00  AnchorRefW: 0.000e+00  Data: 0.006 (0.012)
Train: 26 [ 150/2502 (  6%)]  Loss: 51.412041 (51.4098)  BaseLoss: 51.412041 (51.4098)  RefAttnKL: 0.000e+00 (0.000e+00)  RefLogitKL: 0.000e+00 (0.000e+00)  AnchorRefAttnKL: 0.000e+00 (0.000e+00)  TeacherAttnKL: 0.000e+00 (0.000e+00)  TeacherRel: 0.000e+00 (0.000e+00)  TeacherAttnOut: 0.000e+00 (0.000e+00)  TeacherFeatOut: 0.000e+00 (0.000e+00)  ActScaleAnchor: 0.000e+00 (0.000e+00)  VarTrust: 0.000e+00 (0.000e+00)  DirAnchor: 0.000e+00 (0.000e+00)  BinReg: 0.000e+00 (0.000e+00)  SelBinAnchor: 0.000e+00 (0.000e+00)  ActBinMargin: 0.000e+00 (0.000e+00)  Time: 0.223s, 2293.20/s  (0.227s, 2255.17/s)  LR: 5.420e-06  RefW: 0.000e+00  AnchorRefW: 0.000e+00  Data: 0.006 (0.010)
Train: 26 [ 200/2502 (  8%)]  Loss: 51.395676 (51.4070)  BaseLoss: 51.395676 (51.4070)  RefAttnKL: 0.000e+00 (0.000e+00)  RefLogitKL: 0.000e+00 (0.000e+00)  AnchorRefAttnKL: 0.000e+00 (0.000e+00)  TeacherAttnKL: 0.000e+00 (0.000e+00)  TeacherRel: 0.000e+00 (0.000e+00)  TeacherAttnOut: 0.000e+00 (0.000e+00)  TeacherFeatOut: 0.000e+00 (0.000e+00)  ActScaleAnchor: 0.000e+00 (0.000e+00)  VarTrust: 0.000e+00 (0.000e+00)  DirAnchor: 0.000e+00 (0.000e+00)  BinReg: 0.000e+00 (0.000e+00)  SelBinAnchor: 0.000e+00 (0.000e+00)  ActBinMargin: 0.000e+00 (0.000e+00)  Time: 0.223s, 2296.55/s  (0.226s, 2265.00/s)  LR: 5.415e-06  RefW: 0.000e+00  AnchorRefW: 0.000e+00  Data: 0.005 (0.009)
Train: 26 [ 250/2502 ( 10%)]  Loss: 51.435829 (51.4118)  BaseLoss: 51.435829 (51.4118)  RefAttnKL: 0.000e+00 (0.000e+00)  RefLogitKL: 0.000e+00 (0.000e+00)  AnchorRefAttnKL: 0.000e+00 (0.000e+00)  TeacherAttnKL: 0.000e+00 (0.000e+00)  TeacherRel: 0.000e+00 (0.000e+00)  TeacherAttnOut: 0.000e+00 (0.000e+00)  TeacherFeatOut: 0.000e+00 (0.000e+00)  ActScaleAnchor: 0.000e+00 (0.000e+00)  VarTrust: 0.000e+00 (0.000e+00)  DirAnchor: 0.000e+00 (0.000e+00)  BinReg: 0.000e+00 (0.000e+00)  SelBinAnchor: 0.000e+00 (0.000e+00)  ActBinMargin: 0.000e+00 (0.000e+00)  Time: 0.223s, 2292.91/s  (0.225s, 2271.79/s)  LR: 5.411e-06  RefW: 0.000e+00  AnchorRefW: 0.000e+00  Data: 0.006 (0.008)
Train: 26 [ 300/2502 ( 12%)]  Loss: 51.383232 (51.4077)  BaseLoss: 51.383232 (51.4077)  RefAttnKL: 0.000e+00 (0.000e+00)  RefLogitKL: 0.000e+00 (0.000e+00)  AnchorRefAttnKL: 0.000e+00 (0.000e+00)  TeacherAttnKL: 0.000e+00 (0.000e+00)  TeacherRel: 0.000e+00 (0.000e+00)  TeacherAttnOut: 0.000e+00 (0.000e+00)  TeacherFeatOut: 0.000e+00 (0.000e+00)  ActScaleAnchor: 0.000e+00 (0.000e+00)  VarTrust: 0.000e+00 (0.000e+00)  DirAnchor: 0.000e+00 (0.000e+00)  BinReg: 0.000e+00 (0.000e+00)  SelBinAnchor: 0.000e+00 (0.000e+00)  ActBinMargin: 0.000e+00 (0.000e+00)  Time: 0.223s, 2293.99/s  (0.225s, 2275.63/s)  LR: 5.407e-06  RefW: 0.000e+00  AnchorRefW: 0.000e+00  Data: 0.006 (0.008)
Train: 26 [ 350/2502 ( 14%)]  Loss: 51.449139 (51.4129)  BaseLoss: 51.449139 (51.4129)  RefAttnKL: 0.000e+00 (0.000e+00)  RefLogitKL: 0.000e+00 (0.000e+00)  AnchorRefAttnKL: 0.000e+00 (0.000e+00)  TeacherAttnKL: 0.000e+00 (0.000e+00)  TeacherRel: 0.000e+00 (0.000e+00)  TeacherAttnOut: 0.000e+00 (0.000e+00)  TeacherFeatOut: 0.000e+00 (0.000e+00)  ActScaleAnchor: 0.000e+00 (0.000e+00)  VarTrust: 0.000e+00 (0.000e+00)  DirAnchor: 0.000e+00 (0.000e+00)  BinReg: 0.000e+00 (0.000e+00)  SelBinAnchor: 0.000e+00 (0.000e+00)  ActBinMargin: 0.000e+00 (0.000e+00)  Time: 0.223s, 2294.26/s  (0.225s, 2278.74/s)  LR: 5.403e-06  RefW: 0.000e+00  AnchorRefW: 0.000e+00  Data: 0.006 (0.008)
Train: 26 [ 400/2502 ( 16%)]  Loss: 51.432335 (51.4150)  BaseLoss: 51.432335 (51.4150)  RefAttnKL: 0.000e+00 (0.000e+00)  RefLogitKL: 0.000e+00 (0.000e+00)  AnchorRefAttnKL: 0.000e+00 (0.000e+00)  TeacherAttnKL: 0.000e+00 (0.000e+00)  TeacherRel: 0.000e+00 (0.000e+00)  TeacherAttnOut: 0.000e+00 (0.000e+00)  TeacherFeatOut: 0.000e+00 (0.000e+00)  ActScaleAnchor: 0.000e+00 (0.000e+00)  VarTrust: 0.000e+00 (0.000e+00)  DirAnchor: 0.000e+00 (0.000e+00)  BinReg: 0.000e+00 (0.000e+00)  SelBinAnchor: 0.000e+00 (0.000e+00)  ActBinMargin: 0.000e+00 (0.000e+00)  Time: 0.224s, 2290.43/s  (0.224s, 2281.31/s)  LR: 5.399e-06  RefW: 0.000e+00  AnchorRefW: 0.000e+00  Data: 0.006 (0.008)
Train: 26 [ 450/2502 ( 18%)]  Loss: 51.434616 (51.4170)  BaseLoss: 51.434616 (51.4170)  RefAttnKL: 0.000e+00 (0.000e+00)  RefLogitKL: 0.000e+00 (0.000e+00)  AnchorRefAttnKL: 0.000e+00 (0.000e+00)  TeacherAttnKL: 0.000e+00 (0.000e+00)  TeacherRel: 0.000e+00 (0.000e+00)  TeacherAttnOut: 0.000e+00 (0.000e+00)  TeacherFeatOut: 0.000e+00 (0.000e+00)  ActScaleAnchor: 0.000e+00 (0.000e+00)  VarTrust: 0.000e+00 (0.000e+00)  DirAnchor: 0.000e+00 (0.000e+00)  BinReg: 0.000e+00 (0.000e+00)  SelBinAnchor: 0.000e+00 (0.000e+00)  ActBinMargin: 0.000e+00 (0.000e+00)  Time: 0.223s, 2291.44/s  (0.224s, 2282.66/s)  LR: 5.395e-06  RefW: 0.000e+00  AnchorRefW: 0.000e+00  Data: 0.006 (0.007)
Train: 26 [ 500/2502 ( 20%)]  Loss: 51.451672 (51.4201)  BaseLoss: 51.451672 (51.4201)  RefAttnKL: 0.000e+00 (0.000e+00)  RefLogitKL: 0.000e+00 (0.000e+00)  AnchorRefAttnKL: 0.000e+00 (0.000e+00)  TeacherAttnKL: 0.000e+00 (0.000e+00)  TeacherRel: 0.000e+00 (0.000e+00)  TeacherAttnOut: 0.000e+00 (0.000e+00)  TeacherFeatOut: 0.000e+00 (0.000e+00)  ActScaleAnchor: 0.000e+00 (0.000e+00)  VarTrust: 0.000e+00 (0.000e+00)  DirAnchor: 0.000e+00 (0.000e+00)  BinReg: 0.000e+00 (0.000e+00)  SelBinAnchor: 0.000e+00 (0.000e+00)  ActBinMargin: 0.000e+00 (0.000e+00)  Time: 0.223s, 2297.70/s  (0.224s, 2284.26/s)  LR: 5.391e-06  RefW: 0.000e+00  AnchorRefW: 0.000e+00  Data: 0.007 (0.007)
Train: 26 [ 550/2502 ( 22%)]  Loss: 51.435272 (51.4214)  BaseLoss: 51.435272 (51.4214)  RefAttnKL: 0.000e+00 (0.000e+00)  RefLogitKL: 0.000e+00 (0.000e+00)  AnchorRefAttnKL: 0.000e+00 (0.000e+00)  TeacherAttnKL: 0.000e+00 (0.000e+00)  TeacherRel: 0.000e+00 (0.000e+00)  TeacherAttnOut: 0.000e+00 (0.000e+00)  TeacherFeatOut: 0.000e+00 (0.000e+00)  ActScaleAnchor: 0.000e+00 (0.000e+00)  VarTrust: 0.000e+00 (0.000e+00)  DirAnchor: 0.000e+00 (0.000e+00)  BinReg: 0.000e+00 (0.000e+00)  SelBinAnchor: 0.000e+00 (0.000e+00)  ActBinMargin: 0.000e+00 (0.000e+00)  Time: 0.224s, 2286.26/s  (0.224s, 2285.06/s)  LR: 5.387e-06  RefW: 0.000e+00  AnchorRefW: 0.000e+00  Data: 0.006 (0.007)
Train: 26 [ 600/2502 ( 24%)]  Loss: 51.370197 (51.4175)  BaseLoss: 51.370197 (51.4175)  RefAttnKL: 0.000e+00 (0.000e+00)  RefLogitKL: 0.000e+00 (0.000e+00)  AnchorRefAttnKL: 0.000e+00 (0.000e+00)  TeacherAttnKL: 0.000e+00 (0.000e+00)  TeacherRel: 0.000e+00 (0.000e+00)  TeacherAttnOut: 0.000e+00 (0.000e+00)  TeacherFeatOut: 0.000e+00 (0.000e+00)  ActScaleAnchor: 0.000e+00 (0.000e+00)  VarTrust: 0.000e+00 (0.000e+00)  DirAnchor: 0.000e+00 (0.000e+00)  BinReg: 0.000e+00 (0.000e+00)  SelBinAnchor: 0.000e+00 (0.000e+00)  ActBinMargin: 0.000e+00 (0.000e+00)  Time: 0.223s, 2293.56/s  (0.224s, 2285.95/s)  LR: 5.383e-06  RefW: 0.000e+00  AnchorRefW: 0.000e+00  Data: 0.006 (0.007)
Train: 26 [ 650/2502 ( 26%)]  Loss: 51.398285 (51.4161)  BaseLoss: 51.398285 (51.4161)  RefAttnKL: 0.000e+00 (0.000e+00)  RefLogitKL: 0.000e+00 (0.000e+00)  AnchorRefAttnKL: 0.000e+00 (0.000e+00)  TeacherAttnKL: 0.000e+00 (0.000e+00)  TeacherRel: 0.000e+00 (0.000e+00)  TeacherAttnOut: 0.000e+00 (0.000e+00)  TeacherFeatOut: 0.000e+00 (0.000e+00)  ActScaleAnchor: 0.000e+00 (0.000e+00)  VarTrust: 0.000e+00 (0.000e+00)  DirAnchor: 0.000e+00 (0.000e+00)  BinReg: 0.000e+00 (0.000e+00)  SelBinAnchor: 0.000e+00 (0.000e+00)  ActBinMargin: 0.000e+00 (0.000e+00)  Time: 0.224s, 2286.96/s  (0.224s, 2286.95/s)  LR: 5.379e-06  RefW: 0.000e+00  AnchorRefW: 0.000e+00  Data: 0.006 (0.007)
Train: 26 [ 700/2502 ( 28%)]  Loss: 51.368362 (51.4129)  BaseLoss: 51.368362 (51.4129)  RefAttnKL: 0.000e+00 (0.000e+00)  RefLogitKL: 0.000e+00 (0.000e+00)  AnchorRefAttnKL: 0.000e+00 (0.000e+00)  TeacherAttnKL: 0.000e+00 (0.000e+00)  TeacherRel: 0.000e+00 (0.000e+00)  TeacherAttnOut: 0.000e+00 (0.000e+00)  TeacherFeatOut: 0.000e+00 (0.000e+00)  ActScaleAnchor: 0.000e+00 (0.000e+00)  VarTrust: 0.000e+00 (0.000e+00)  DirAnchor: 0.000e+00 (0.000e+00)  BinReg: 0.000e+00 (0.000e+00)  SelBinAnchor: 0.000e+00 (0.000e+00)  ActBinMargin: 0.000e+00 (0.000e+00)  Time: 0.224s, 2289.35/s  (0.224s, 2287.80/s)  LR: 5.375e-06  RefW: 0.000e+00  AnchorRefW: 0.000e+00  Data: 0.007 (0.007)
Train: 26 [ 750/2502 ( 30%)]  Loss: 51.366791 (51.4100)  BaseLoss: 51.366791 (51.4100)  RefAttnKL: 0.000e+00 (0.000e+00)  RefLogitKL: 0.000e+00 (0.000e+00)  AnchorRefAttnKL: 0.000e+00 (0.000e+00)  TeacherAttnKL: 0.000e+00 (0.000e+00)  TeacherRel: 0.000e+00 (0.000e+00)  TeacherAttnOut: 0.000e+00 (0.000e+00)  TeacherFeatOut: 0.000e+00 (0.000e+00)  ActScaleAnchor: 0.000e+00 (0.000e+00)  VarTrust: 0.000e+00 (0.000e+00)  DirAnchor: 0.000e+00 (0.000e+00)  BinReg: 0.000e+00 (0.000e+00)  SelBinAnchor: 0.000e+00 (0.000e+00)  ActBinMargin: 0.000e+00 (0.000e+00)  Time: 0.241s, 2123.58/s  (0.224s, 2288.28/s)  LR: 5.371e-06  RefW: 0.000e+00  AnchorRefW: 0.000e+00  Data: 0.006 (0.007)
Train: 26 [ 800/2502 ( 32%)]  Loss: 51.396736 (51.4093)  BaseLoss: 51.396736 (51.4093)  RefAttnKL: 0.000e+00 (0.000e+00)  RefLogitKL: 0.000e+00 (0.000e+00)  AnchorRefAttnKL: 0.000e+00 (0.000e+00)  TeacherAttnKL: 0.000e+00 (0.000e+00)  TeacherRel: 0.000e+00 (0.000e+00)  TeacherAttnOut: 0.000e+00 (0.000e+00)  TeacherFeatOut: 0.000e+00 (0.000e+00)  ActScaleAnchor: 0.000e+00 (0.000e+00)  VarTrust: 0.000e+00 (0.000e+00)  DirAnchor: 0.000e+00 (0.000e+00)  BinReg: 0.000e+00 (0.000e+00)  SelBinAnchor: 0.000e+00 (0.000e+00)  ActBinMargin: 0.000e+00 (0.000e+00)  Time: 0.223s, 2291.18/s  (0.224s, 2288.96/s)  LR: 5.367e-06  RefW: 0.000e+00  AnchorRefW: 0.000e+00  Data: 0.007 (0.007)
Train: 26 [ 850/2502 ( 34%)]  Loss: 51.362255 (51.4066)  BaseLoss: 51.362255 (51.4066)  RefAttnKL: 0.000e+00 (0.000e+00)  RefLogitKL: 0.000e+00 (0.000e+00)  AnchorRefAttnKL: 0.000e+00 (0.000e+00)  TeacherAttnKL: 0.000e+00 (0.000e+00)  TeacherRel: 0.000e+00 (0.000e+00)  TeacherAttnOut: 0.000e+00 (0.000e+00)  TeacherFeatOut: 0.000e+00 (0.000e+00)  ActScaleAnchor: 0.000e+00 (0.000e+00)  VarTrust: 0.000e+00 (0.000e+00)  DirAnchor: 0.000e+00 (0.000e+00)  BinReg: 0.000e+00 (0.000e+00)  SelBinAnchor: 0.000e+00 (0.000e+00)  ActBinMargin: 0.000e+00 (0.000e+00)  Time: 0.224s, 2285.30/s  (0.224s, 2289.57/s)  LR: 5.363e-06  RefW: 0.000e+00  AnchorRefW: 0.000e+00  Data: 0.006 (0.007)
Train: 26 [ 900/2502 ( 36%)]  Loss: 51.384964 (51.4055)  BaseLoss: 51.384964 (51.4055)  RefAttnKL: 0.000e+00 (0.000e+00)  RefLogitKL: 0.000e+00 (0.000e+00)  AnchorRefAttnKL: 0.000e+00 (0.000e+00)  TeacherAttnKL: 0.000e+00 (0.000e+00)  TeacherRel: 0.000e+00 (0.000e+00)  TeacherAttnOut: 0.000e+00 (0.000e+00)  TeacherFeatOut: 0.000e+00 (0.000e+00)  ActScaleAnchor: 0.000e+00 (0.000e+00)  VarTrust: 0.000e+00 (0.000e+00)  DirAnchor: 0.000e+00 (0.000e+00)  BinReg: 0.000e+00 (0.000e+00)  SelBinAnchor: 0.000e+00 (0.000e+00)  ActBinMargin: 0.000e+00 (0.000e+00)  Time: 0.223s, 2293.86/s  (0.224s, 2290.08/s)  LR: 5.359e-06  RefW: 0.000e+00  AnchorRefW: 0.000e+00  Data: 0.006 (0.007)
Train: 26 [ 950/2502 ( 38%)]  Loss: 51.387260 (51.4046)  BaseLoss: 51.387260 (51.4046)  RefAttnKL: 0.000e+00 (0.000e+00)  RefLogitKL: 0.000e+00 (0.000e+00)  AnchorRefAttnKL: 0.000e+00 (0.000e+00)  TeacherAttnKL: 0.000e+00 (0.000e+00)  TeacherRel: 0.000e+00 (0.000e+00)  TeacherAttnOut: 0.000e+00 (0.000e+00)  TeacherFeatOut: 0.000e+00 (0.000e+00)  ActScaleAnchor: 0.000e+00 (0.000e+00)  VarTrust: 0.000e+00 (0.000e+00)  DirAnchor: 0.000e+00 (0.000e+00)  BinReg: 0.000e+00 (0.000e+00)  SelBinAnchor: 0.000e+00 (0.000e+00)  ActBinMargin: 0.000e+00 (0.000e+00)  Time: 0.222s, 2302.30/s  (0.224s, 2290.53/s)  LR: 5.355e-06  RefW: 0.000e+00  AnchorRefW: 0.000e+00  Data: 0.006 (0.007)
Train: 26 [1000/2502 ( 40%)]  Loss: 51.401642 (51.4044)  BaseLoss: 51.401642 (51.4044)  RefAttnKL: 0.000e+00 (0.000e+00)  RefLogitKL: 0.000e+00 (0.000e+00)  AnchorRefAttnKL: 0.000e+00 (0.000e+00)  TeacherAttnKL: 0.000e+00 (0.000e+00)  TeacherRel: 0.000e+00 (0.000e+00)  TeacherAttnOut: 0.000e+00 (0.000e+00)  TeacherFeatOut: 0.000e+00 (0.000e+00)  ActScaleAnchor: 0.000e+00 (0.000e+00)  VarTrust: 0.000e+00 (0.000e+00)  DirAnchor: 0.000e+00 (0.000e+00)  BinReg: 0.000e+00 (0.000e+00)  SelBinAnchor: 0.000e+00 (0.000e+00)  ActBinMargin: 0.000e+00 (0.000e+00)  Time: 0.223s, 2292.69/s  (0.223s, 2290.96/s)  LR: 5.351e-06  RefW: 0.000e+00  AnchorRefW: 0.000e+00  Data: 0.006 (0.007)
Train: 26 [1050/2502 ( 42%)]  Loss: 51.410362 (51.4047)  BaseLoss: 51.410362 (51.4047)  RefAttnKL: 0.000e+00 (0.000e+00)  RefLogitKL: 0.000e+00 (0.000e+00)  AnchorRefAttnKL: 0.000e+00 (0.000e+00)  TeacherAttnKL: 0.000e+00 (0.000e+00)  TeacherRel: 0.000e+00 (0.000e+00)  TeacherAttnOut: 0.000e+00 (0.000e+00)  TeacherFeatOut: 0.000e+00 (0.000e+00)  ActScaleAnchor: 0.000e+00 (0.000e+00)  VarTrust: 0.000e+00 (0.000e+00)  DirAnchor: 0.000e+00 (0.000e+00)  BinReg: 0.000e+00 (0.000e+00)  SelBinAnchor: 0.000e+00 (0.000e+00)  ActBinMargin: 0.000e+00 (0.000e+00)  Time: 0.224s, 2289.99/s  (0.223s, 2291.28/s)  LR: 5.347e-06  RefW: 0.000e+00  AnchorRefW: 0.000e+00  Data: 0.006 (0.007)
Train: 26 [1100/2502 ( 44%)]  Loss: 51.365749 (51.4030)  BaseLoss: 51.365749 (51.4030)  RefAttnKL: 0.000e+00 (0.000e+00)  RefLogitKL: 0.000e+00 (0.000e+00)  AnchorRefAttnKL: 0.000e+00 (0.000e+00)  TeacherAttnKL: 0.000e+00 (0.000e+00)  TeacherRel: 0.000e+00 (0.000e+00)  TeacherAttnOut: 0.000e+00 (0.000e+00)  TeacherFeatOut: 0.000e+00 (0.000e+00)  ActScaleAnchor: 0.000e+00 (0.000e+00)  VarTrust: 0.000e+00 (0.000e+00)  DirAnchor: 0.000e+00 (0.000e+00)  BinReg: 0.000e+00 (0.000e+00)  SelBinAnchor: 0.000e+00 (0.000e+00)  ActBinMargin: 0.000e+00 (0.000e+00)  Time: 0.231s, 2221.16/s  (0.223s, 2291.22/s)  LR: 5.343e-06  RefW: 0.000e+00  AnchorRefW: 0.000e+00  Data: 0.006 (0.007)
Train: 26 [1150/2502 ( 46%)]  Loss: 51.405106 (51.4031)  BaseLoss: 51.405106 (51.4031)  RefAttnKL: 0.000e+00 (0.000e+00)  RefLogitKL: 0.000e+00 (0.000e+00)  AnchorRefAttnKL: 0.000e+00 (0.000e+00)  TeacherAttnKL: 0.000e+00 (0.000e+00)  TeacherRel: 0.000e+00 (0.000e+00)  TeacherAttnOut: 0.000e+00 (0.000e+00)  TeacherFeatOut: 0.000e+00 (0.000e+00)  ActScaleAnchor: 0.000e+00 (0.000e+00)  VarTrust: 0.000e+00 (0.000e+00)  DirAnchor: 0.000e+00 (0.000e+00)  BinReg: 0.000e+00 (0.000e+00)  SelBinAnchor: 0.000e+00 (0.000e+00)  ActBinMargin: 0.000e+00 (0.000e+00)  Time: 0.223s, 2300.90/s  (0.223s, 2291.51/s)  LR: 5.340e-06  RefW: 0.000e+00  AnchorRefW: 0.000e+00  Data: 0.006 (0.007)
Train: 26 [1200/2502 ( 48%)]  Loss: 51.383965 (51.4023)  BaseLoss: 51.383965 (51.4023)  RefAttnKL: 0.000e+00 (0.000e+00)  RefLogitKL: 0.000e+00 (0.000e+00)  AnchorRefAttnKL: 0.000e+00 (0.000e+00)  TeacherAttnKL: 0.000e+00 (0.000e+00)  TeacherRel: 0.000e+00 (0.000e+00)  TeacherAttnOut: 0.000e+00 (0.000e+00)  TeacherFeatOut: 0.000e+00 (0.000e+00)  ActScaleAnchor: 0.000e+00 (0.000e+00)  VarTrust: 0.000e+00 (0.000e+00)  DirAnchor: 0.000e+00 (0.000e+00)  BinReg: 0.000e+00 (0.000e+00)  SelBinAnchor: 0.000e+00 (0.000e+00)  ActBinMargin: 0.000e+00 (0.000e+00)  Time: 0.224s, 2288.48/s  (0.224s, 2290.75/s)  LR: 5.336e-06  RefW: 0.000e+00  AnchorRefW: 0.000e+00  Data: 0.007 (0.007)
Train: 26 [1250/2502 ( 50%)]  Loss: 51.390987 (51.4019)  BaseLoss: 51.390987 (51.4019)  RefAttnKL: 0.000e+00 (0.000e+00)  RefLogitKL: 0.000e+00 (0.000e+00)  AnchorRefAttnKL: 0.000e+00 (0.000e+00)  TeacherAttnKL: 0.000e+00 (0.000e+00)  TeacherRel: 0.000e+00 (0.000e+00)  TeacherAttnOut: 0.000e+00 (0.000e+00)  TeacherFeatOut: 0.000e+00 (0.000e+00)  ActScaleAnchor: 0.000e+00 (0.000e+00)  VarTrust: 0.000e+00 (0.000e+00)  DirAnchor: 0.000e+00 (0.000e+00)  BinReg: 0.000e+00 (0.000e+00)  SelBinAnchor: 0.000e+00 (0.000e+00)  ActBinMargin: 0.000e+00 (0.000e+00)  Time: 0.223s, 2291.58/s  (0.223s, 2291.11/s)  LR: 5.332e-06  RefW: 0.000e+00  AnchorRefW: 0.000e+00  Data: 0.007 (0.007)
Train: 26 [1300/2502 ( 52%)]  Loss: 51.410160 (51.4022)  BaseLoss: 51.410160 (51.4022)  RefAttnKL: 0.000e+00 (0.000e+00)  RefLogitKL: 0.000e+00 (0.000e+00)  AnchorRefAttnKL: 0.000e+00 (0.000e+00)  TeacherAttnKL: 0.000e+00 (0.000e+00)  TeacherRel: 0.000e+00 (0.000e+00)  TeacherAttnOut: 0.000e+00 (0.000e+00)  TeacherFeatOut: 0.000e+00 (0.000e+00)  ActScaleAnchor: 0.000e+00 (0.000e+00)  VarTrust: 0.000e+00 (0.000e+00)  DirAnchor: 0.000e+00 (0.000e+00)  BinReg: 0.000e+00 (0.000e+00)  SelBinAnchor: 0.000e+00 (0.000e+00)  ActBinMargin: 0.000e+00 (0.000e+00)  Time: 0.224s, 2290.35/s  (0.223s, 2291.35/s)  LR: 5.328e-06  RefW: 0.000e+00  AnchorRefW: 0.000e+00  Data: 0.006 (0.007)
Train: 26 [1350/2502 ( 54%)]  Loss: 51.409916 (51.4025)  BaseLoss: 51.409916 (51.4025)  RefAttnKL: 0.000e+00 (0.000e+00)  RefLogitKL: 0.000e+00 (0.000e+00)  AnchorRefAttnKL: 0.000e+00 (0.000e+00)  TeacherAttnKL: 0.000e+00 (0.000e+00)  TeacherRel: 0.000e+00 (0.000e+00)  TeacherAttnOut: 0.000e+00 (0.000e+00)  TeacherFeatOut: 0.000e+00 (0.000e+00)  ActScaleAnchor: 0.000e+00 (0.000e+00)  VarTrust: 0.000e+00 (0.000e+00)  DirAnchor: 0.000e+00 (0.000e+00)  BinReg: 0.000e+00 (0.000e+00)  SelBinAnchor: 0.000e+00 (0.000e+00)  ActBinMargin: 0.000e+00 (0.000e+00)  Time: 0.223s, 2294.45/s  (0.223s, 2291.62/s)  LR: 5.325e-06  RefW: 0.000e+00  AnchorRefW: 0.000e+00  Data: 0.006 (0.007)
Train: 26 [1400/2502 ( 56%)]  Loss: 51.419643 (51.4031)  BaseLoss: 51.419643 (51.4031)  RefAttnKL: 0.000e+00 (0.000e+00)  RefLogitKL: 0.000e+00 (0.000e+00)  AnchorRefAttnKL: 0.000e+00 (0.000e+00)  TeacherAttnKL: 0.000e+00 (0.000e+00)  TeacherRel: 0.000e+00 (0.000e+00)  TeacherAttnOut: 0.000e+00 (0.000e+00)  TeacherFeatOut: 0.000e+00 (0.000e+00)  ActScaleAnchor: 0.000e+00 (0.000e+00)  VarTrust: 0.000e+00 (0.000e+00)  DirAnchor: 0.000e+00 (0.000e+00)  BinReg: 0.000e+00 (0.000e+00)  SelBinAnchor: 0.000e+00 (0.000e+00)  ActBinMargin: 0.000e+00 (0.000e+00)  Time: 0.223s, 2293.06/s  (0.223s, 2291.89/s)  LR: 5.321e-06  RefW: 0.000e+00  AnchorRefW: 0.000e+00  Data: 0.007 (0.007)
Train: 26 [1450/2502 ( 58%)]  Loss: 51.437889 (51.4042)  BaseLoss: 51.437889 (51.4042)  RefAttnKL: 0.000e+00 (0.000e+00)  RefLogitKL: 0.000e+00 (0.000e+00)  AnchorRefAttnKL: 0.000e+00 (0.000e+00)  TeacherAttnKL: 0.000e+00 (0.000e+00)  TeacherRel: 0.000e+00 (0.000e+00)  TeacherAttnOut: 0.000e+00 (0.000e+00)  TeacherFeatOut: 0.000e+00 (0.000e+00)  ActScaleAnchor: 0.000e+00 (0.000e+00)  VarTrust: 0.000e+00 (0.000e+00)  DirAnchor: 0.000e+00 (0.000e+00)  BinReg: 0.000e+00 (0.000e+00)  SelBinAnchor: 0.000e+00 (0.000e+00)  ActBinMargin: 0.000e+00 (0.000e+00)  Time: 0.224s, 2288.39/s  (0.223s, 2292.12/s)  LR: 5.317e-06  RefW: 0.000e+00  AnchorRefW: 0.000e+00  Data: 0.006 (0.007)
Train: 26 [1500/2502 ( 60%)]  Loss: 51.415531 (51.4046)  BaseLoss: 51.415531 (51.4046)  RefAttnKL: 0.000e+00 (0.000e+00)  RefLogitKL: 0.000e+00 (0.000e+00)  AnchorRefAttnKL: 0.000e+00 (0.000e+00)  TeacherAttnKL: 0.000e+00 (0.000e+00)  TeacherRel: 0.000e+00 (0.000e+00)  TeacherAttnOut: 0.000e+00 (0.000e+00)  TeacherFeatOut: 0.000e+00 (0.000e+00)  ActScaleAnchor: 0.000e+00 (0.000e+00)  VarTrust: 0.000e+00 (0.000e+00)  DirAnchor: 0.000e+00 (0.000e+00)  BinReg: 0.000e+00 (0.000e+00)  SelBinAnchor: 0.000e+00 (0.000e+00)  ActBinMargin: 0.000e+00 (0.000e+00)  Time: 0.223s, 2296.96/s  (0.223s, 2292.38/s)  LR: 5.314e-06  RefW: 0.000e+00  AnchorRefW: 0.000e+00  Data: 0.007 (0.007)
Train: 26 [1550/2502 ( 62%)]  Loss: 51.403725 (51.4046)  BaseLoss: 51.403725 (51.4046)  RefAttnKL: 0.000e+00 (0.000e+00)  RefLogitKL: 0.000e+00 (0.000e+00)  AnchorRefAttnKL: 0.000e+00 (0.000e+00)  TeacherAttnKL: 0.000e+00 (0.000e+00)  TeacherRel: 0.000e+00 (0.000e+00)  TeacherAttnOut: 0.000e+00 (0.000e+00)  TeacherFeatOut: 0.000e+00 (0.000e+00)  ActScaleAnchor: 0.000e+00 (0.000e+00)  VarTrust: 0.000e+00 (0.000e+00)  DirAnchor: 0.000e+00 (0.000e+00)  BinReg: 0.000e+00 (0.000e+00)  SelBinAnchor: 0.000e+00 (0.000e+00)  ActBinMargin: 0.000e+00 (0.000e+00)  Time: 0.223s, 2293.91/s  (0.223s, 2292.63/s)  LR: 5.310e-06  RefW: 0.000e+00  AnchorRefW: 0.000e+00  Data: 0.006 (0.007)
Train: 26 [1600/2502 ( 64%)]  Loss: 51.388668 (51.4041)  BaseLoss: 51.388668 (51.4041)  RefAttnKL: 0.000e+00 (0.000e+00)  RefLogitKL: 0.000e+00 (0.000e+00)  AnchorRefAttnKL: 0.000e+00 (0.000e+00)  TeacherAttnKL: 0.000e+00 (0.000e+00)  TeacherRel: 0.000e+00 (0.000e+00)  TeacherAttnOut: 0.000e+00 (0.000e+00)  TeacherFeatOut: 0.000e+00 (0.000e+00)  ActScaleAnchor: 0.000e+00 (0.000e+00)  VarTrust: 0.000e+00 (0.000e+00)  DirAnchor: 0.000e+00 (0.000e+00)  BinReg: 0.000e+00 (0.000e+00)  SelBinAnchor: 0.000e+00 (0.000e+00)  ActBinMargin: 0.000e+00 (0.000e+00)  Time: 0.223s, 2301.02/s  (0.223s, 2292.86/s)  LR: 5.306e-06  RefW: 0.000e+00  AnchorRefW: 0.000e+00  Data: 0.006 (0.007)
Train: 26 [1650/2502 ( 66%)]  Loss: 51.438892 (51.4051)  BaseLoss: 51.438892 (51.4051)  RefAttnKL: 0.000e+00 (0.000e+00)  RefLogitKL: 0.000e+00 (0.000e+00)  AnchorRefAttnKL: 0.000e+00 (0.000e+00)  TeacherAttnKL: 0.000e+00 (0.000e+00)  TeacherRel: 0.000e+00 (0.000e+00)  TeacherAttnOut: 0.000e+00 (0.000e+00)  TeacherFeatOut: 0.000e+00 (0.000e+00)  ActScaleAnchor: 0.000e+00 (0.000e+00)  VarTrust: 0.000e+00 (0.000e+00)  DirAnchor: 0.000e+00 (0.000e+00)  BinReg: 0.000e+00 (0.000e+00)  SelBinAnchor: 0.000e+00 (0.000e+00)  ActBinMargin: 0.000e+00 (0.000e+00)  Time: 0.232s, 2211.42/s  (0.223s, 2292.85/s)  LR: 5.303e-06  RefW: 0.000e+00  AnchorRefW: 0.000e+00  Data: 0.006 (0.007)
Train: 26 [1700/2502 ( 68%)]  Loss: 51.425312 (51.4057)  BaseLoss: 51.425312 (51.4057)  RefAttnKL: 0.000e+00 (0.000e+00)  RefLogitKL: 0.000e+00 (0.000e+00)  AnchorRefAttnKL: 0.000e+00 (0.000e+00)  TeacherAttnKL: 0.000e+00 (0.000e+00)  TeacherRel: 0.000e+00 (0.000e+00)  TeacherAttnOut: 0.000e+00 (0.000e+00)  TeacherFeatOut: 0.000e+00 (0.000e+00)  ActScaleAnchor: 0.000e+00 (0.000e+00)  VarTrust: 0.000e+00 (0.000e+00)  DirAnchor: 0.000e+00 (0.000e+00)  BinReg: 0.000e+00 (0.000e+00)  SelBinAnchor: 0.000e+00 (0.000e+00)  ActBinMargin: 0.000e+00 (0.000e+00)  Time: 0.223s, 2291.44/s  (0.223s, 2292.94/s)  LR: 5.299e-06  RefW: 0.000e+00  AnchorRefW: 0.000e+00  Data: 0.007 (0.007)
Train: 26 [1750/2502 ( 70%)]  Loss: 51.401649 (51.4056)  BaseLoss: 51.401649 (51.4056)  RefAttnKL: 0.000e+00 (0.000e+00)  RefLogitKL: 0.000e+00 (0.000e+00)  AnchorRefAttnKL: 0.000e+00 (0.000e+00)  TeacherAttnKL: 0.000e+00 (0.000e+00)  TeacherRel: 0.000e+00 (0.000e+00)  TeacherAttnOut: 0.000e+00 (0.000e+00)  TeacherFeatOut: 0.000e+00 (0.000e+00)  ActScaleAnchor: 0.000e+00 (0.000e+00)  VarTrust: 0.000e+00 (0.000e+00)  DirAnchor: 0.000e+00 (0.000e+00)  BinReg: 0.000e+00 (0.000e+00)  SelBinAnchor: 0.000e+00 (0.000e+00)  ActBinMargin: 0.000e+00 (0.000e+00)  Time: 0.224s, 2286.20/s  (0.223s, 2293.11/s)  LR: 5.296e-06  RefW: 0.000e+00  AnchorRefW: 0.000e+00  Data: 0.006 (0.007)
Train: 26 [1800/2502 ( 72%)]  Loss: 51.406132 (51.4056)  BaseLoss: 51.406132 (51.4056)  RefAttnKL: 0.000e+00 (0.000e+00)  RefLogitKL: 0.000e+00 (0.000e+00)  AnchorRefAttnKL: 0.000e+00 (0.000e+00)  TeacherAttnKL: 0.000e+00 (0.000e+00)  TeacherRel: 0.000e+00 (0.000e+00)  TeacherAttnOut: 0.000e+00 (0.000e+00)  TeacherFeatOut: 0.000e+00 (0.000e+00)  ActScaleAnchor: 0.000e+00 (0.000e+00)  VarTrust: 0.000e+00 (0.000e+00)  DirAnchor: 0.000e+00 (0.000e+00)  BinReg: 0.000e+00 (0.000e+00)  SelBinAnchor: 0.000e+00 (0.000e+00)  ActBinMargin: 0.000e+00 (0.000e+00)  Time: 0.223s, 2297.69/s  (0.223s, 2293.28/s)  LR: 5.292e-06  RefW: 0.000e+00  AnchorRefW: 0.000e+00  Data: 0.007 (0.007)
Train: 26 [1850/2502 ( 74%)]  Loss: 51.388138 (51.4051)  BaseLoss: 51.388138 (51.4051)  RefAttnKL: 0.000e+00 (0.000e+00)  RefLogitKL: 0.000e+00 (0.000e+00)  AnchorRefAttnKL: 0.000e+00 (0.000e+00)  TeacherAttnKL: 0.000e+00 (0.000e+00)  TeacherRel: 0.000e+00 (0.000e+00)  TeacherAttnOut: 0.000e+00 (0.000e+00)  TeacherFeatOut: 0.000e+00 (0.000e+00)  ActScaleAnchor: 0.000e+00 (0.000e+00)  VarTrust: 0.000e+00 (0.000e+00)  DirAnchor: 0.000e+00 (0.000e+00)  BinReg: 0.000e+00 (0.000e+00)  SelBinAnchor: 0.000e+00 (0.000e+00)  ActBinMargin: 0.000e+00 (0.000e+00)  Time: 0.224s, 2285.33/s  (0.223s, 2293.44/s)  LR: 5.289e-06  RefW: 0.000e+00  AnchorRefW: 0.000e+00  Data: 0.007 (0.007)
Train: 26 [1900/2502 ( 76%)]  Loss: 51.430286 (51.4058)  BaseLoss: 51.430286 (51.4058)  RefAttnKL: 0.000e+00 (0.000e+00)  RefLogitKL: 0.000e+00 (0.000e+00)  AnchorRefAttnKL: 0.000e+00 (0.000e+00)  TeacherAttnKL: 0.000e+00 (0.000e+00)  TeacherRel: 0.000e+00 (0.000e+00)  TeacherAttnOut: 0.000e+00 (0.000e+00)  TeacherFeatOut: 0.000e+00 (0.000e+00)  ActScaleAnchor: 0.000e+00 (0.000e+00)  VarTrust: 0.000e+00 (0.000e+00)  DirAnchor: 0.000e+00 (0.000e+00)  BinReg: 0.000e+00 (0.000e+00)  SelBinAnchor: 0.000e+00 (0.000e+00)  ActBinMargin: 0.000e+00 (0.000e+00)  Time: 0.220s, 2331.37/s  (0.223s, 2293.61/s)  LR: 5.285e-06  RefW: 0.000e+00  AnchorRefW: 0.000e+00  Data: 0.005 (0.007)
Train: 26 [1950/2502 ( 78%)]  Loss: 51.449688 (51.4069)  BaseLoss: 51.449688 (51.4069)  RefAttnKL: 0.000e+00 (0.000e+00)  RefLogitKL: 0.000e+00 (0.000e+00)  AnchorRefAttnKL: 0.000e+00 (0.000e+00)  TeacherAttnKL: 0.000e+00 (0.000e+00)  TeacherRel: 0.000e+00 (0.000e+00)  TeacherAttnOut: 0.000e+00 (0.000e+00)  TeacherFeatOut: 0.000e+00 (0.000e+00)  ActScaleAnchor: 0.000e+00 (0.000e+00)  VarTrust: 0.000e+00 (0.000e+00)  DirAnchor: 0.000e+00 (0.000e+00)  BinReg: 0.000e+00 (0.000e+00)  SelBinAnchor: 0.000e+00 (0.000e+00)  ActBinMargin: 0.000e+00 (0.000e+00)  Time: 0.225s, 2276.24/s  (0.223s, 2293.63/s)  LR: 5.282e-06  RefW: 0.000e+00  AnchorRefW: 0.000e+00  Data: 0.006 (0.007)
Train: 26 [2000/2502 ( 80%)]  Loss: 51.410881 (51.4070)  BaseLoss: 51.410881 (51.4070)  RefAttnKL: 0.000e+00 (0.000e+00)  RefLogitKL: 0.000e+00 (0.000e+00)  AnchorRefAttnKL: 0.000e+00 (0.000e+00)  TeacherAttnKL: 0.000e+00 (0.000e+00)  TeacherRel: 0.000e+00 (0.000e+00)  TeacherAttnOut: 0.000e+00 (0.000e+00)  TeacherFeatOut: 0.000e+00 (0.000e+00)  ActScaleAnchor: 0.000e+00 (0.000e+00)  VarTrust: 0.000e+00 (0.000e+00)  DirAnchor: 0.000e+00 (0.000e+00)  BinReg: 0.000e+00 (0.000e+00)  SelBinAnchor: 0.000e+00 (0.000e+00)  ActBinMargin: 0.000e+00 (0.000e+00)  Time: 0.224s, 2285.35/s  (0.223s, 2293.77/s)  LR: 5.278e-06  RefW: 0.000e+00  AnchorRefW: 0.000e+00  Data: 0.007 (0.007)
Train: 26 [2050/2502 ( 82%)]  Loss: 51.372963 (51.4062)  BaseLoss: 51.372963 (51.4062)  RefAttnKL: 0.000e+00 (0.000e+00)  RefLogitKL: 0.000e+00 (0.000e+00)  AnchorRefAttnKL: 0.000e+00 (0.000e+00)  TeacherAttnKL: 0.000e+00 (0.000e+00)  TeacherRel: 0.000e+00 (0.000e+00)  TeacherAttnOut: 0.000e+00 (0.000e+00)  TeacherFeatOut: 0.000e+00 (0.000e+00)  ActScaleAnchor: 0.000e+00 (0.000e+00)  VarTrust: 0.000e+00 (0.000e+00)  DirAnchor: 0.000e+00 (0.000e+00)  BinReg: 0.000e+00 (0.000e+00)  SelBinAnchor: 0.000e+00 (0.000e+00)  ActBinMargin: 0.000e+00 (0.000e+00)  Time: 0.224s, 2284.31/s  (0.223s, 2293.81/s)  LR: 5.275e-06  RefW: 0.000e+00  AnchorRefW: 0.000e+00  Data: 0.006 (0.007)
Train: 26 [2100/2502 ( 84%)]  Loss: 51.371643 (51.4054)  BaseLoss: 51.371643 (51.4054)  RefAttnKL: 0.000e+00 (0.000e+00)  RefLogitKL: 0.000e+00 (0.000e+00)  AnchorRefAttnKL: 0.000e+00 (0.000e+00)  TeacherAttnKL: 0.000e+00 (0.000e+00)  TeacherRel: 0.000e+00 (0.000e+00)  TeacherAttnOut: 0.000e+00 (0.000e+00)  TeacherFeatOut: 0.000e+00 (0.000e+00)  ActScaleAnchor: 0.000e+00 (0.000e+00)  VarTrust: 0.000e+00 (0.000e+00)  DirAnchor: 0.000e+00 (0.000e+00)  BinReg: 0.000e+00 (0.000e+00)  SelBinAnchor: 0.000e+00 (0.000e+00)  ActBinMargin: 0.000e+00 (0.000e+00)  Time: 0.223s, 2291.69/s  (0.223s, 2293.71/s)  LR: 5.271e-06  RefW: 0.000e+00  AnchorRefW: 0.000e+00  Data: 0.006 (0.007)
Train: 26 [2150/2502 ( 86%)]  Loss: 51.391663 (51.4051)  BaseLoss: 51.391663 (51.4051)  RefAttnKL: 0.000e+00 (0.000e+00)  RefLogitKL: 0.000e+00 (0.000e+00)  AnchorRefAttnKL: 0.000e+00 (0.000e+00)  TeacherAttnKL: 0.000e+00 (0.000e+00)  TeacherRel: 0.000e+00 (0.000e+00)  TeacherAttnOut: 0.000e+00 (0.000e+00)  TeacherFeatOut: 0.000e+00 (0.000e+00)  ActScaleAnchor: 0.000e+00 (0.000e+00)  VarTrust: 0.000e+00 (0.000e+00)  DirAnchor: 0.000e+00 (0.000e+00)  BinReg: 0.000e+00 (0.000e+00)  SelBinAnchor: 0.000e+00 (0.000e+00)  ActBinMargin: 0.000e+00 (0.000e+00)  Time: 0.223s, 2294.13/s  (0.223s, 2293.78/s)  LR: 5.268e-06  RefW: 0.000e+00  AnchorRefW: 0.000e+00  Data: 0.007 (0.007)
Train: 26 [2200/2502 ( 88%)]  Loss: 51.388718 (51.4047)  BaseLoss: 51.388718 (51.4047)  RefAttnKL: 0.000e+00 (0.000e+00)  RefLogitKL: 0.000e+00 (0.000e+00)  AnchorRefAttnKL: 0.000e+00 (0.000e+00)  TeacherAttnKL: 0.000e+00 (0.000e+00)  TeacherRel: 0.000e+00 (0.000e+00)  TeacherAttnOut: 0.000e+00 (0.000e+00)  TeacherFeatOut: 0.000e+00 (0.000e+00)  ActScaleAnchor: 0.000e+00 (0.000e+00)  VarTrust: 0.000e+00 (0.000e+00)  DirAnchor: 0.000e+00 (0.000e+00)  BinReg: 0.000e+00 (0.000e+00)  SelBinAnchor: 0.000e+00 (0.000e+00)  ActBinMargin: 0.000e+00 (0.000e+00)  Time: 0.224s, 2287.43/s  (0.223s, 2293.87/s)  LR: 5.265e-06  RefW: 0.000e+00  AnchorRefW: 0.000e+00  Data: 0.007 (0.007)
Train: 26 [2250/2502 ( 90%)]  Loss: 51.389374 (51.4044)  BaseLoss: 51.389374 (51.4044)  RefAttnKL: 0.000e+00 (0.000e+00)  RefLogitKL: 0.000e+00 (0.000e+00)  AnchorRefAttnKL: 0.000e+00 (0.000e+00)  TeacherAttnKL: 0.000e+00 (0.000e+00)  TeacherRel: 0.000e+00 (0.000e+00)  TeacherAttnOut: 0.000e+00 (0.000e+00)  TeacherFeatOut: 0.000e+00 (0.000e+00)  ActScaleAnchor: 0.000e+00 (0.000e+00)  VarTrust: 0.000e+00 (0.000e+00)  DirAnchor: 0.000e+00 (0.000e+00)  BinReg: 0.000e+00 (0.000e+00)  SelBinAnchor: 0.000e+00 (0.000e+00)  ActBinMargin: 0.000e+00 (0.000e+00)  Time: 0.223s, 2293.77/s  (0.223s, 2294.02/s)  LR: 5.261e-06  RefW: 0.000e+00  AnchorRefW: 0.000e+00  Data: 0.006 (0.007)
Train: 26 [2300/2502 ( 92%)]  Loss: 51.436852 (51.4050)  BaseLoss: 51.436852 (51.4050)  RefAttnKL: 0.000e+00 (0.000e+00)  RefLogitKL: 0.000e+00 (0.000e+00)  AnchorRefAttnKL: 0.000e+00 (0.000e+00)  TeacherAttnKL: 0.000e+00 (0.000e+00)  TeacherRel: 0.000e+00 (0.000e+00)  TeacherAttnOut: 0.000e+00 (0.000e+00)  TeacherFeatOut: 0.000e+00 (0.000e+00)  ActScaleAnchor: 0.000e+00 (0.000e+00)  VarTrust: 0.000e+00 (0.000e+00)  DirAnchor: 0.000e+00 (0.000e+00)  BinReg: 0.000e+00 (0.000e+00)  SelBinAnchor: 0.000e+00 (0.000e+00)  ActBinMargin: 0.000e+00 (0.000e+00)  Time: 0.223s, 2299.86/s  (0.223s, 2294.06/s)  LR: 5.258e-06  RefW: 0.000e+00  AnchorRefW: 0.000e+00  Data: 0.006 (0.007)
Train: 26 [2350/2502 ( 94%)]  Loss: 51.430439 (51.4056)  BaseLoss: 51.430439 (51.4056)  RefAttnKL: 0.000e+00 (0.000e+00)  RefLogitKL: 0.000e+00 (0.000e+00)  AnchorRefAttnKL: 0.000e+00 (0.000e+00)  TeacherAttnKL: 0.000e+00 (0.000e+00)  TeacherRel: 0.000e+00 (0.000e+00)  TeacherAttnOut: 0.000e+00 (0.000e+00)  TeacherFeatOut: 0.000e+00 (0.000e+00)  ActScaleAnchor: 0.000e+00 (0.000e+00)  VarTrust: 0.000e+00 (0.000e+00)  DirAnchor: 0.000e+00 (0.000e+00)  BinReg: 0.000e+00 (0.000e+00)  SelBinAnchor: 0.000e+00 (0.000e+00)  ActBinMargin: 0.000e+00 (0.000e+00)  Time: 0.223s, 2299.51/s  (0.223s, 2294.19/s)  LR: 5.255e-06  RefW: 0.000e+00  AnchorRefW: 0.000e+00  Data: 0.006 (0.007)
Train: 26 [2400/2502 ( 96%)]  Loss: 51.387661 (51.4052)  BaseLoss: 51.387661 (51.4052)  RefAttnKL: 0.000e+00 (0.000e+00)  RefLogitKL: 0.000e+00 (0.000e+00)  AnchorRefAttnKL: 0.000e+00 (0.000e+00)  TeacherAttnKL: 0.000e+00 (0.000e+00)  TeacherRel: 0.000e+00 (0.000e+00)  TeacherAttnOut: 0.000e+00 (0.000e+00)  TeacherFeatOut: 0.000e+00 (0.000e+00)  ActScaleAnchor: 0.000e+00 (0.000e+00)  VarTrust: 0.000e+00 (0.000e+00)  DirAnchor: 0.000e+00 (0.000e+00)  BinReg: 0.000e+00 (0.000e+00)  SelBinAnchor: 0.000e+00 (0.000e+00)  ActBinMargin: 0.000e+00 (0.000e+00)  Time: 0.224s, 2288.74/s  (0.223s, 2294.28/s)  LR: 5.251e-06  RefW: 0.000e+00  AnchorRefW: 0.000e+00  Data: 0.007 (0.007)
Train: 26 [2450/2502 ( 98%)]  Loss: 51.403191 (51.4052)  BaseLoss: 51.403191 (51.4052)  RefAttnKL: 0.000e+00 (0.000e+00)  RefLogitKL: 0.000e+00 (0.000e+00)  AnchorRefAttnKL: 0.000e+00 (0.000e+00)  TeacherAttnKL: 0.000e+00 (0.000e+00)  TeacherRel: 0.000e+00 (0.000e+00)  TeacherAttnOut: 0.000e+00 (0.000e+00)  TeacherFeatOut: 0.000e+00 (0.000e+00)  ActScaleAnchor: 0.000e+00 (0.000e+00)  VarTrust: 0.000e+00 (0.000e+00)  DirAnchor: 0.000e+00 (0.000e+00)  BinReg: 0.000e+00 (0.000e+00)  SelBinAnchor: 0.000e+00 (0.000e+00)  ActBinMargin: 0.000e+00 (0.000e+00)  Time: 0.223s, 2297.75/s  (0.223s, 2294.40/s)  LR: 5.248e-06  RefW: 0.000e+00  AnchorRefW: 0.000e+00  Data: 0.007 (0.007)
TrainSummary: epoch=26 updates=2496 avg_step_time=0.223140s samples_per_step=512 samples_per_sec=2294.52
epoch:  26 g['lr']:  5.245105624198914e-06
model eval
TestLocal: [   0/97]  Time: 0.902 (0.902)  Loss:  0.7576  Acc@1: 81.2500  Acc@5: 96.8750  Samples: 64
TestLocal: [  50/97]  Time: 0.091 (0.107)  Loss:  0.8245  Acc@1: 81.5564  Acc@5: 95.3125  Samples: 3264
TestLocal: [  97/97]  Time: 0.052 (0.098)  Loss:  0.8178  Acc@1: 81.3614  Acc@5: 95.4457  Samples: 6170
TestLocal: [ 100/97]  Time: 0.049 (0.097)  Loss:  0.8180  Acc@1: 81.3688  Acc@5: 95.4428  Samples: 6210
Test: [distributed-summary]  Time: 10.142s  Loss: 0.8404  Acc@1: 80.5980  Acc@5: 95.3560  Samples: 50000
Trainable parameter policy: epoch=27, quant_only=False, policy=all, trainable=28608256, frozen=0
AOQ explore scale ratio update: epoch=27, update=0, active=False, base_ratio=1.0, threshold_ratio=0.0, base_layers=(), selective_margin=0.0, base_quantizers=0, layer_ratios={}, layer_quantizers=0, layer_counts={}, quality_mode=none, quality_layers=(), quality_start_update=0, quality_min_frac=0.0, start_update=0, end_update=0
Trainable parameter update policy: epoch=27, update=0, mode=requires_grad, policy=all, trainable=28608256, frozen=0
Train: 27 [   0/2502 (  0%)]  Loss: 51.402943 (51.4029)  BaseLoss: 51.402943 (51.4029)  RefAttnKL: 0.000e+00 (0.000e+00)  RefLogitKL: 0.000e+00 (0.000e+00)  AnchorRefAttnKL: 0.000e+00 (0.000e+00)  TeacherAttnKL: 0.000e+00 (0.000e+00)  TeacherRel: 0.000e+00 (0.000e+00)  TeacherAttnOut: 0.000e+00 (0.000e+00)  TeacherFeatOut: 0.000e+00 (0.000e+00)  ActScaleAnchor: 0.000e+00 (0.000e+00)  VarTrust: 0.000e+00 (0.000e+00)  DirAnchor: 0.000e+00 (0.000e+00)  BinReg: 0.000e+00 (0.000e+00)  SelBinAnchor: 0.000e+00 (0.000e+00)  ActBinMargin: 0.000e+00 (0.000e+00)  Time: 0.774s,  661.23/s  (0.774s,  661.23/s)  LR: 5.245e-06  RefW: 0.000e+00  AnchorRefW: 0.000e+00  Data: 0.534 (0.534)
Train: 27 [  50/2502 (  2%)]  Loss: 51.377296 (51.3901)  BaseLoss: 51.377296 (51.3901)  RefAttnKL: 0.000e+00 (0.000e+00)  RefLogitKL: 0.000e+00 (0.000e+00)  AnchorRefAttnKL: 0.000e+00 (0.000e+00)  TeacherAttnKL: 0.000e+00 (0.000e+00)  TeacherRel: 0.000e+00 (0.000e+00)  TeacherAttnOut: 0.000e+00 (0.000e+00)  TeacherFeatOut: 0.000e+00 (0.000e+00)  ActScaleAnchor: 0.000e+00 (0.000e+00)  VarTrust: 0.000e+00 (0.000e+00)  DirAnchor: 0.000e+00 (0.000e+00)  BinReg: 0.000e+00 (0.000e+00)  SelBinAnchor: 0.000e+00 (0.000e+00)  ActBinMargin: 0.000e+00 (0.000e+00)  Time: 0.224s, 2287.58/s  (0.234s, 2191.97/s)  LR: 5.241e-06  RefW: 0.000e+00  AnchorRefW: 0.000e+00  Data: 0.007 (0.016)
Train: 27 [ 100/2502 (  4%)]  Loss: 51.386787 (51.3890)  BaseLoss: 51.386787 (51.3890)  RefAttnKL: 0.000e+00 (0.000e+00)  RefLogitKL: 0.000e+00 (0.000e+00)  AnchorRefAttnKL: 0.000e+00 (0.000e+00)  TeacherAttnKL: 0.000e+00 (0.000e+00)  TeacherRel: 0.000e+00 (0.000e+00)  TeacherAttnOut: 0.000e+00 (0.000e+00)  TeacherFeatOut: 0.000e+00 (0.000e+00)  ActScaleAnchor: 0.000e+00 (0.000e+00)  VarTrust: 0.000e+00 (0.000e+00)  DirAnchor: 0.000e+00 (0.000e+00)  BinReg: 0.000e+00 (0.000e+00)  SelBinAnchor: 0.000e+00 (0.000e+00)  ActBinMargin: 0.000e+00 (0.000e+00)  Time: 0.225s, 2275.95/s  (0.228s, 2241.26/s)  LR: 5.238e-06  RefW: 0.000e+00  AnchorRefW: 0.000e+00  Data: 0.007 (0.011)
Train: 27 [ 150/2502 (  6%)]  Loss: 51.401657 (51.3922)  BaseLoss: 51.401657 (51.3922)  RefAttnKL: 0.000e+00 (0.000e+00)  RefLogitKL: 0.000e+00 (0.000e+00)  AnchorRefAttnKL: 0.000e+00 (0.000e+00)  TeacherAttnKL: 0.000e+00 (0.000e+00)  TeacherRel: 0.000e+00 (0.000e+00)  TeacherAttnOut: 0.000e+00 (0.000e+00)  TeacherFeatOut: 0.000e+00 (0.000e+00)  ActScaleAnchor: 0.000e+00 (0.000e+00)  VarTrust: 0.000e+00 (0.000e+00)  DirAnchor: 0.000e+00 (0.000e+00)  BinReg: 0.000e+00 (0.000e+00)  SelBinAnchor: 0.000e+00 (0.000e+00)  ActBinMargin: 0.000e+00 (0.000e+00)  Time: 0.223s, 2295.78/s  (0.227s, 2260.41/s)  LR: 5.235e-06  RefW: 0.000e+00  AnchorRefW: 0.000e+00  Data: 0.006 (0.010)
Train: 27 [ 200/2502 (  8%)]  Loss: 51.410271 (51.3958)  BaseLoss: 51.410271 (51.3958)  RefAttnKL: 0.000e+00 (0.000e+00)  RefLogitKL: 0.000e+00 (0.000e+00)  AnchorRefAttnKL: 0.000e+00 (0.000e+00)  TeacherAttnKL: 0.000e+00 (0.000e+00)  TeacherRel: 0.000e+00 (0.000e+00)  TeacherAttnOut: 0.000e+00 (0.000e+00)  TeacherFeatOut: 0.000e+00 (0.000e+00)  ActScaleAnchor: 0.000e+00 (0.000e+00)  VarTrust: 0.000e+00 (0.000e+00)  DirAnchor: 0.000e+00 (0.000e+00)  BinReg: 0.000e+00 (0.000e+00)  SelBinAnchor: 0.000e+00 (0.000e+00)  ActBinMargin: 0.000e+00 (0.000e+00)  Time: 0.224s, 2288.66/s  (0.226s, 2269.97/s)  LR: 5.232e-06  RefW: 0.000e+00  AnchorRefW: 0.000e+00  Data: 0.007 (0.009)
Train: 27 [ 250/2502 ( 10%)]  Loss: 51.449123 (51.4047)  BaseLoss: 51.449123 (51.4047)  RefAttnKL: 0.000e+00 (0.000e+00)  RefLogitKL: 0.000e+00 (0.000e+00)  AnchorRefAttnKL: 0.000e+00 (0.000e+00)  TeacherAttnKL: 0.000e+00 (0.000e+00)  TeacherRel: 0.000e+00 (0.000e+00)  TeacherAttnOut: 0.000e+00 (0.000e+00)  TeacherFeatOut: 0.000e+00 (0.000e+00)  ActScaleAnchor: 0.000e+00 (0.000e+00)  VarTrust: 0.000e+00 (0.000e+00)  DirAnchor: 0.000e+00 (0.000e+00)  BinReg: 0.000e+00 (0.000e+00)  SelBinAnchor: 0.000e+00 (0.000e+00)  ActBinMargin: 0.000e+00 (0.000e+00)  Time: 0.223s, 2300.25/s  (0.225s, 2275.38/s)  LR: 5.229e-06  RefW: 0.000e+00  AnchorRefW: 0.000e+00  Data: 0.007 (0.008)
Train: 27 [ 300/2502 ( 12%)]  Loss: 51.377789 (51.4008)  BaseLoss: 51.377789 (51.4008)  RefAttnKL: 0.000e+00 (0.000e+00)  RefLogitKL: 0.000e+00 (0.000e+00)  AnchorRefAttnKL: 0.000e+00 (0.000e+00)  TeacherAttnKL: 0.000e+00 (0.000e+00)  TeacherRel: 0.000e+00 (0.000e+00)  TeacherAttnOut: 0.000e+00 (0.000e+00)  TeacherFeatOut: 0.000e+00 (0.000e+00)  ActScaleAnchor: 0.000e+00 (0.000e+00)  VarTrust: 0.000e+00 (0.000e+00)  DirAnchor: 0.000e+00 (0.000e+00)  BinReg: 0.000e+00 (0.000e+00)  SelBinAnchor: 0.000e+00 (0.000e+00)  ActBinMargin: 0.000e+00 (0.000e+00)  Time: 0.223s, 2295.83/s  (0.225s, 2279.39/s)  LR: 5.226e-06  RefW: 0.000e+00  AnchorRefW: 0.000e+00  Data: 0.007 (0.008)
Train: 27 [ 350/2502 ( 14%)]  Loss: 51.437759 (51.4055)  BaseLoss: 51.437759 (51.4055)  RefAttnKL: 0.000e+00 (0.000e+00)  RefLogitKL: 0.000e+00 (0.000e+00)  AnchorRefAttnKL: 0.000e+00 (0.000e+00)  TeacherAttnKL: 0.000e+00 (0.000e+00)  TeacherRel: 0.000e+00 (0.000e+00)  TeacherAttnOut: 0.000e+00 (0.000e+00)  TeacherFeatOut: 0.000e+00 (0.000e+00)  ActScaleAnchor: 0.000e+00 (0.000e+00)  VarTrust: 0.000e+00 (0.000e+00)  DirAnchor: 0.000e+00 (0.000e+00)  BinReg: 0.000e+00 (0.000e+00)  SelBinAnchor: 0.000e+00 (0.000e+00)  ActBinMargin: 0.000e+00 (0.000e+00)  Time: 0.223s, 2296.24/s  (0.224s, 2281.54/s)  LR: 5.223e-06  RefW: 0.000e+00  AnchorRefW: 0.000e+00  Data: 0.006 (0.008)
Train: 27 [ 400/2502 ( 16%)]  Loss: 51.423653 (51.4075)  BaseLoss: 51.423653 (51.4075)  RefAttnKL: 0.000e+00 (0.000e+00)  RefLogitKL: 0.000e+00 (0.000e+00)  AnchorRefAttnKL: 0.000e+00 (0.000e+00)  TeacherAttnKL: 0.000e+00 (0.000e+00)  TeacherRel: 0.000e+00 (0.000e+00)  TeacherAttnOut: 0.000e+00 (0.000e+00)  TeacherFeatOut: 0.000e+00 (0.000e+00)  ActScaleAnchor: 0.000e+00 (0.000e+00)  VarTrust: 0.000e+00 (0.000e+00)  DirAnchor: 0.000e+00 (0.000e+00)  BinReg: 0.000e+00 (0.000e+00)  SelBinAnchor: 0.000e+00 (0.000e+00)  ActBinMargin: 0.000e+00 (0.000e+00)  Time: 0.223s, 2297.84/s  (0.224s, 2283.72/s)  LR: 5.219e-06  RefW: 0.000e+00  AnchorRefW: 0.000e+00  Data: 0.006 (0.008)
Train: 27 [ 450/2502 ( 18%)]  Loss: 51.416550 (51.4084)  BaseLoss: 51.416550 (51.4084)  RefAttnKL: 0.000e+00 (0.000e+00)  RefLogitKL: 0.000e+00 (0.000e+00)  AnchorRefAttnKL: 0.000e+00 (0.000e+00)  TeacherAttnKL: 0.000e+00 (0.000e+00)  TeacherRel: 0.000e+00 (0.000e+00)  TeacherAttnOut: 0.000e+00 (0.000e+00)  TeacherFeatOut: 0.000e+00 (0.000e+00)  ActScaleAnchor: 0.000e+00 (0.000e+00)  VarTrust: 0.000e+00 (0.000e+00)  DirAnchor: 0.000e+00 (0.000e+00)  BinReg: 0.000e+00 (0.000e+00)  SelBinAnchor: 0.000e+00 (0.000e+00)  ActBinMargin: 0.000e+00 (0.000e+00)  Time: 0.223s, 2293.52/s  (0.224s, 2285.08/s)  LR: 5.216e-06  RefW: 0.000e+00  AnchorRefW: 0.000e+00  Data: 0.006 (0.007)
Train: 27 [ 500/2502 ( 20%)]  Loss: 51.441181 (51.4114)  BaseLoss: 51.441181 (51.4114)  RefAttnKL: 0.000e+00 (0.000e+00)  RefLogitKL: 0.000e+00 (0.000e+00)  AnchorRefAttnKL: 0.000e+00 (0.000e+00)  TeacherAttnKL: 0.000e+00 (0.000e+00)  TeacherRel: 0.000e+00 (0.000e+00)  TeacherAttnOut: 0.000e+00 (0.000e+00)  TeacherFeatOut: 0.000e+00 (0.000e+00)  ActScaleAnchor: 0.000e+00 (0.000e+00)  VarTrust: 0.000e+00 (0.000e+00)  DirAnchor: 0.000e+00 (0.000e+00)  BinReg: 0.000e+00 (0.000e+00)  SelBinAnchor: 0.000e+00 (0.000e+00)  ActBinMargin: 0.000e+00 (0.000e+00)  Time: 0.224s, 2287.88/s  (0.224s, 2286.39/s)  LR: 5.213e-06  RefW: 0.000e+00  AnchorRefW: 0.000e+00  Data: 0.006 (0.007)
Train: 27 [ 550/2502 ( 22%)]  Loss: 51.442841 (51.4140)  BaseLoss: 51.442841 (51.4140)  RefAttnKL: 0.000e+00 (0.000e+00)  RefLogitKL: 0.000e+00 (0.000e+00)  AnchorRefAttnKL: 0.000e+00 (0.000e+00)  TeacherAttnKL: 0.000e+00 (0.000e+00)  TeacherRel: 0.000e+00 (0.000e+00)  TeacherAttnOut: 0.000e+00 (0.000e+00)  TeacherFeatOut: 0.000e+00 (0.000e+00)  ActScaleAnchor: 0.000e+00 (0.000e+00)  VarTrust: 0.000e+00 (0.000e+00)  DirAnchor: 0.000e+00 (0.000e+00)  BinReg: 0.000e+00 (0.000e+00)  SelBinAnchor: 0.000e+00 (0.000e+00)  ActBinMargin: 0.000e+00 (0.000e+00)  Time: 0.234s, 2190.09/s  (0.224s, 2286.56/s)  LR: 5.210e-06  RefW: 0.000e+00  AnchorRefW: 0.000e+00  Data: 0.007 (0.007)
Train: 27 [ 600/2502 ( 24%)]  Loss: 51.367340 (51.4104)  BaseLoss: 51.367340 (51.4104)  RefAttnKL: 0.000e+00 (0.000e+00)  RefLogitKL: 0.000e+00 (0.000e+00)  AnchorRefAttnKL: 0.000e+00 (0.000e+00)  TeacherAttnKL: 0.000e+00 (0.000e+00)  TeacherRel: 0.000e+00 (0.000e+00)  TeacherAttnOut: 0.000e+00 (0.000e+00)  TeacherFeatOut: 0.000e+00 (0.000e+00)  ActScaleAnchor: 0.000e+00 (0.000e+00)  VarTrust: 0.000e+00 (0.000e+00)  DirAnchor: 0.000e+00 (0.000e+00)  BinReg: 0.000e+00 (0.000e+00)  SelBinAnchor: 0.000e+00 (0.000e+00)  ActBinMargin: 0.000e+00 (0.000e+00)  Time: 0.224s, 2283.28/s  (0.224s, 2287.13/s)  LR: 5.207e-06  RefW: 0.000e+00  AnchorRefW: 0.000e+00  Data: 0.007 (0.007)
Train: 27 [ 650/2502 ( 26%)]  Loss: 51.411129 (51.4105)  BaseLoss: 51.411129 (51.4105)  RefAttnKL: 0.000e+00 (0.000e+00)  RefLogitKL: 0.000e+00 (0.000e+00)  AnchorRefAttnKL: 0.000e+00 (0.000e+00)  TeacherAttnKL: 0.000e+00 (0.000e+00)  TeacherRel: 0.000e+00 (0.000e+00)  TeacherAttnOut: 0.000e+00 (0.000e+00)  TeacherFeatOut: 0.000e+00 (0.000e+00)  ActScaleAnchor: 0.000e+00 (0.000e+00)  VarTrust: 0.000e+00 (0.000e+00)  DirAnchor: 0.000e+00 (0.000e+00)  BinReg: 0.000e+00 (0.000e+00)  SelBinAnchor: 0.000e+00 (0.000e+00)  ActBinMargin: 0.000e+00 (0.000e+00)  Time: 0.224s, 2288.14/s  (0.224s, 2287.96/s)  LR: 5.204e-06  RefW: 0.000e+00  AnchorRefW: 0.000e+00  Data: 0.006 (0.007)
Train: 27 [ 700/2502 ( 28%)]  Loss: 51.356613 (51.4069)  BaseLoss: 51.356613 (51.4069)  RefAttnKL: 0.000e+00 (0.000e+00)  RefLogitKL: 0.000e+00 (0.000e+00)  AnchorRefAttnKL: 0.000e+00 (0.000e+00)  TeacherAttnKL: 0.000e+00 (0.000e+00)  TeacherRel: 0.000e+00 (0.000e+00)  TeacherAttnOut: 0.000e+00 (0.000e+00)  TeacherFeatOut: 0.000e+00 (0.000e+00)  ActScaleAnchor: 0.000e+00 (0.000e+00)  VarTrust: 0.000e+00 (0.000e+00)  DirAnchor: 0.000e+00 (0.000e+00)  BinReg: 0.000e+00 (0.000e+00)  SelBinAnchor: 0.000e+00 (0.000e+00)  ActBinMargin: 0.000e+00 (0.000e+00)  Time: 0.224s, 2288.42/s  (0.224s, 2288.70/s)  LR: 5.201e-06  RefW: 0.000e+00  AnchorRefW: 0.000e+00  Data: 0.006 (0.007)
Train: 27 [ 750/2502 ( 30%)]  Loss: 51.360256 (51.4039)  BaseLoss: 51.360256 (51.4039)  RefAttnKL: 0.000e+00 (0.000e+00)  RefLogitKL: 0.000e+00 (0.000e+00)  AnchorRefAttnKL: 0.000e+00 (0.000e+00)  TeacherAttnKL: 0.000e+00 (0.000e+00)  TeacherRel: 0.000e+00 (0.000e+00)  TeacherAttnOut: 0.000e+00 (0.000e+00)  TeacherFeatOut: 0.000e+00 (0.000e+00)  ActScaleAnchor: 0.000e+00 (0.000e+00)  VarTrust: 0.000e+00 (0.000e+00)  DirAnchor: 0.000e+00 (0.000e+00)  BinReg: 0.000e+00 (0.000e+00)  SelBinAnchor: 0.000e+00 (0.000e+00)  ActBinMargin: 0.000e+00 (0.000e+00)  Time: 0.223s, 2293.37/s  (0.224s, 2288.95/s)  LR: 5.199e-06  RefW: 0.000e+00  AnchorRefW: 0.000e+00  Data: 0.005 (0.007)
Train: 27 [ 800/2502 ( 32%)]  Loss: 51.397697 (51.4036)  BaseLoss: 51.397697 (51.4036)  RefAttnKL: 0.000e+00 (0.000e+00)  RefLogitKL: 0.000e+00 (0.000e+00)  AnchorRefAttnKL: 0.000e+00 (0.000e+00)  TeacherAttnKL: 0.000e+00 (0.000e+00)  TeacherRel: 0.000e+00 (0.000e+00)  TeacherAttnOut: 0.000e+00 (0.000e+00)  TeacherFeatOut: 0.000e+00 (0.000e+00)  ActScaleAnchor: 0.000e+00 (0.000e+00)  VarTrust: 0.000e+00 (0.000e+00)  DirAnchor: 0.000e+00 (0.000e+00)  BinReg: 0.000e+00 (0.000e+00)  SelBinAnchor: 0.000e+00 (0.000e+00)  ActBinMargin: 0.000e+00 (0.000e+00)  Time: 0.224s, 2288.41/s  (0.224s, 2289.58/s)  LR: 5.196e-06  RefW: 0.000e+00  AnchorRefW: 0.000e+00  Data: 0.007 (0.007)
Train: 27 [ 850/2502 ( 34%)]  Loss: 51.367767 (51.4016)  BaseLoss: 51.367767 (51.4016)  RefAttnKL: 0.000e+00 (0.000e+00)  RefLogitKL: 0.000e+00 (0.000e+00)  AnchorRefAttnKL: 0.000e+00 (0.000e+00)  TeacherAttnKL: 0.000e+00 (0.000e+00)  TeacherRel: 0.000e+00 (0.000e+00)  TeacherAttnOut: 0.000e+00 (0.000e+00)  TeacherFeatOut: 0.000e+00 (0.000e+00)  ActScaleAnchor: 0.000e+00 (0.000e+00)  VarTrust: 0.000e+00 (0.000e+00)  DirAnchor: 0.000e+00 (0.000e+00)  BinReg: 0.000e+00 (0.000e+00)  SelBinAnchor: 0.000e+00 (0.000e+00)  ActBinMargin: 0.000e+00 (0.000e+00)  Time: 0.224s, 2287.06/s  (0.224s, 2290.15/s)  LR: 5.193e-06  RefW: 0.000e+00  AnchorRefW: 0.000e+00  Data: 0.006 (0.007)
Train: 27 [ 900/2502 ( 36%)]  Loss: 51.366909 (51.3998)  BaseLoss: 51.366909 (51.3998)  RefAttnKL: 0.000e+00 (0.000e+00)  RefLogitKL: 0.000e+00 (0.000e+00)  AnchorRefAttnKL: 0.000e+00 (0.000e+00)  TeacherAttnKL: 0.000e+00 (0.000e+00)  TeacherRel: 0.000e+00 (0.000e+00)  TeacherAttnOut: 0.000e+00 (0.000e+00)  TeacherFeatOut: 0.000e+00 (0.000e+00)  ActScaleAnchor: 0.000e+00 (0.000e+00)  VarTrust: 0.000e+00 (0.000e+00)  DirAnchor: 0.000e+00 (0.000e+00)  BinReg: 0.000e+00 (0.000e+00)  SelBinAnchor: 0.000e+00 (0.000e+00)  ActBinMargin: 0.000e+00 (0.000e+00)  Time: 0.227s, 2260.22/s  (0.224s, 2290.59/s)  LR: 5.190e-06  RefW: 0.000e+00  AnchorRefW: 0.000e+00  Data: 0.007 (0.007)
Train: 27 [ 950/2502 ( 38%)]  Loss: 51.381454 (51.3989)  BaseLoss: 51.381454 (51.3989)  RefAttnKL: 0.000e+00 (0.000e+00)  RefLogitKL: 0.000e+00 (0.000e+00)  AnchorRefAttnKL: 0.000e+00 (0.000e+00)  TeacherAttnKL: 0.000e+00 (0.000e+00)  TeacherRel: 0.000e+00 (0.000e+00)  TeacherAttnOut: 0.000e+00 (0.000e+00)  TeacherFeatOut: 0.000e+00 (0.000e+00)  ActScaleAnchor: 0.000e+00 (0.000e+00)  VarTrust: 0.000e+00 (0.000e+00)  DirAnchor: 0.000e+00 (0.000e+00)  BinReg: 0.000e+00 (0.000e+00)  SelBinAnchor: 0.000e+00 (0.000e+00)  ActBinMargin: 0.000e+00 (0.000e+00)  Time: 0.223s, 2296.94/s  (0.223s, 2291.09/s)  LR: 5.187e-06  RefW: 0.000e+00  AnchorRefW: 0.000e+00  Data: 0.006 (0.007)
Train: 27 [1000/2502 ( 40%)]  Loss: 51.423771 (51.4000)  BaseLoss: 51.423771 (51.4000)  RefAttnKL: 0.000e+00 (0.000e+00)  RefLogitKL: 0.000e+00 (0.000e+00)  AnchorRefAttnKL: 0.000e+00 (0.000e+00)  TeacherAttnKL: 0.000e+00 (0.000e+00)  TeacherRel: 0.000e+00 (0.000e+00)  TeacherAttnOut: 0.000e+00 (0.000e+00)  TeacherFeatOut: 0.000e+00 (0.000e+00)  ActScaleAnchor: 0.000e+00 (0.000e+00)  VarTrust: 0.000e+00 (0.000e+00)  DirAnchor: 0.000e+00 (0.000e+00)  BinReg: 0.000e+00 (0.000e+00)  SelBinAnchor: 0.000e+00 (0.000e+00)  ActBinMargin: 0.000e+00 (0.000e+00)  Time: 0.224s, 2289.15/s  (0.223s, 2291.29/s)  LR: 5.184e-06  RefW: 0.000e+00  AnchorRefW: 0.000e+00  Data: 0.006 (0.007)
Train: 27 [1050/2502 ( 42%)]  Loss: 51.395039 (51.3998)  BaseLoss: 51.395039 (51.3998)  RefAttnKL: 0.000e+00 (0.000e+00)  RefLogitKL: 0.000e+00 (0.000e+00)  AnchorRefAttnKL: 0.000e+00 (0.000e+00)  TeacherAttnKL: 0.000e+00 (0.000e+00)  TeacherRel: 0.000e+00 (0.000e+00)  TeacherAttnOut: 0.000e+00 (0.000e+00)  TeacherFeatOut: 0.000e+00 (0.000e+00)  ActScaleAnchor: 0.000e+00 (0.000e+00)  VarTrust: 0.000e+00 (0.000e+00)  DirAnchor: 0.000e+00 (0.000e+00)  BinReg: 0.000e+00 (0.000e+00)  SelBinAnchor: 0.000e+00 (0.000e+00)  ActBinMargin: 0.000e+00 (0.000e+00)  Time: 0.223s, 2295.04/s  (0.223s, 2291.69/s)  LR: 5.181e-06  RefW: 0.000e+00  AnchorRefW: 0.000e+00  Data: 0.006 (0.007)
Train: 27 [1100/2502 ( 44%)]  Loss: 51.360142 (51.3981)  BaseLoss: 51.360142 (51.3981)  RefAttnKL: 0.000e+00 (0.000e+00)  RefLogitKL: 0.000e+00 (0.000e+00)  AnchorRefAttnKL: 0.000e+00 (0.000e+00)  TeacherAttnKL: 0.000e+00 (0.000e+00)  TeacherRel: 0.000e+00 (0.000e+00)  TeacherAttnOut: 0.000e+00 (0.000e+00)  TeacherFeatOut: 0.000e+00 (0.000e+00)  ActScaleAnchor: 0.000e+00 (0.000e+00)  VarTrust: 0.000e+00 (0.000e+00)  DirAnchor: 0.000e+00 (0.000e+00)  BinReg: 0.000e+00 (0.000e+00)  SelBinAnchor: 0.000e+00 (0.000e+00)  ActBinMargin: 0.000e+00 (0.000e+00)  Time: 0.224s, 2290.43/s  (0.223s, 2292.03/s)  LR: 5.179e-06  RefW: 0.000e+00  AnchorRefW: 0.000e+00  Data: 0.006 (0.007)
Train: 27 [1150/2502 ( 46%)]  Loss: 51.419674 (51.3990)  BaseLoss: 51.419674 (51.3990)  RefAttnKL: 0.000e+00 (0.000e+00)  RefLogitKL: 0.000e+00 (0.000e+00)  AnchorRefAttnKL: 0.000e+00 (0.000e+00)  TeacherAttnKL: 0.000e+00 (0.000e+00)  TeacherRel: 0.000e+00 (0.000e+00)  TeacherAttnOut: 0.000e+00 (0.000e+00)  TeacherFeatOut: 0.000e+00 (0.000e+00)  ActScaleAnchor: 0.000e+00 (0.000e+00)  VarTrust: 0.000e+00 (0.000e+00)  DirAnchor: 0.000e+00 (0.000e+00)  BinReg: 0.000e+00 (0.000e+00)  SelBinAnchor: 0.000e+00 (0.000e+00)  ActBinMargin: 0.000e+00 (0.000e+00)  Time: 0.223s, 2294.62/s  (0.223s, 2292.39/s)  LR: 5.176e-06  RefW: 0.000e+00  AnchorRefW: 0.000e+00  Data: 0.006 (0.007)
Train: 27 [1200/2502 ( 48%)]  Loss: 51.371948 (51.3979)  BaseLoss: 51.371948 (51.3979)  RefAttnKL: 0.000e+00 (0.000e+00)  RefLogitKL: 0.000e+00 (0.000e+00)  AnchorRefAttnKL: 0.000e+00 (0.000e+00)  TeacherAttnKL: 0.000e+00 (0.000e+00)  TeacherRel: 0.000e+00 (0.000e+00)  TeacherAttnOut: 0.000e+00 (0.000e+00)  TeacherFeatOut: 0.000e+00 (0.000e+00)  ActScaleAnchor: 0.000e+00 (0.000e+00)  VarTrust: 0.000e+00 (0.000e+00)  DirAnchor: 0.000e+00 (0.000e+00)  BinReg: 0.000e+00 (0.000e+00)  SelBinAnchor: 0.000e+00 (0.000e+00)  ActBinMargin: 0.000e+00 (0.000e+00)  Time: 0.224s, 2288.77/s  (0.223s, 2292.29/s)  LR: 5.173e-06  RefW: 0.000e+00  AnchorRefW: 0.000e+00  Data: 0.007 (0.007)
Train: 27 [1250/2502 ( 50%)]  Loss: 51.415615 (51.3986)  BaseLoss: 51.415615 (51.3986)  RefAttnKL: 0.000e+00 (0.000e+00)  RefLogitKL: 0.000e+00 (0.000e+00)  AnchorRefAttnKL: 0.000e+00 (0.000e+00)  TeacherAttnKL: 0.000e+00 (0.000e+00)  TeacherRel: 0.000e+00 (0.000e+00)  TeacherAttnOut: 0.000e+00 (0.000e+00)  TeacherFeatOut: 0.000e+00 (0.000e+00)  ActScaleAnchor: 0.000e+00 (0.000e+00)  VarTrust: 0.000e+00 (0.000e+00)  DirAnchor: 0.000e+00 (0.000e+00)  BinReg: 0.000e+00 (0.000e+00)  SelBinAnchor: 0.000e+00 (0.000e+00)  ActBinMargin: 0.000e+00 (0.000e+00)  Time: 0.224s, 2289.28/s  (0.223s, 2292.59/s)  LR: 5.170e-06  RefW: 0.000e+00  AnchorRefW: 0.000e+00  Data: 0.006 (0.007)
Train: 27 [1300/2502 ( 52%)]  Loss: 51.420353 (51.3994)  BaseLoss: 51.420353 (51.3994)  RefAttnKL: 0.000e+00 (0.000e+00)  RefLogitKL: 0.000e+00 (0.000e+00)  AnchorRefAttnKL: 0.000e+00 (0.000e+00)  TeacherAttnKL: 0.000e+00 (0.000e+00)  TeacherRel: 0.000e+00 (0.000e+00)  TeacherAttnOut: 0.000e+00 (0.000e+00)  TeacherFeatOut: 0.000e+00 (0.000e+00)  ActScaleAnchor: 0.000e+00 (0.000e+00)  VarTrust: 0.000e+00 (0.000e+00)  DirAnchor: 0.000e+00 (0.000e+00)  BinReg: 0.000e+00 (0.000e+00)  SelBinAnchor: 0.000e+00 (0.000e+00)  ActBinMargin: 0.000e+00 (0.000e+00)  Time: 0.224s, 2288.83/s  (0.223s, 2292.85/s)  LR: 5.168e-06  RefW: 0.000e+00  AnchorRefW: 0.000e+00  Data: 0.007 (0.007)
Train: 27 [1350/2502 ( 54%)]  Loss: 51.392586 (51.3991)  BaseLoss: 51.392586 (51.3991)  RefAttnKL: 0.000e+00 (0.000e+00)  RefLogitKL: 0.000e+00 (0.000e+00)  AnchorRefAttnKL: 0.000e+00 (0.000e+00)  TeacherAttnKL: 0.000e+00 (0.000e+00)  TeacherRel: 0.000e+00 (0.000e+00)  TeacherAttnOut: 0.000e+00 (0.000e+00)  TeacherFeatOut: 0.000e+00 (0.000e+00)  ActScaleAnchor: 0.000e+00 (0.000e+00)  VarTrust: 0.000e+00 (0.000e+00)  DirAnchor: 0.000e+00 (0.000e+00)  BinReg: 0.000e+00 (0.000e+00)  SelBinAnchor: 0.000e+00 (0.000e+00)  ActBinMargin: 0.000e+00 (0.000e+00)  Time: 0.224s, 2285.34/s  (0.223s, 2293.12/s)  LR: 5.165e-06  RefW: 0.000e+00  AnchorRefW: 0.000e+00  Data: 0.006 (0.007)
Train: 27 [1400/2502 ( 56%)]  Loss: 51.423344 (51.4000)  BaseLoss: 51.423344 (51.4000)  RefAttnKL: 0.000e+00 (0.000e+00)  RefLogitKL: 0.000e+00 (0.000e+00)  AnchorRefAttnKL: 0.000e+00 (0.000e+00)  TeacherAttnKL: 0.000e+00 (0.000e+00)  TeacherRel: 0.000e+00 (0.000e+00)  TeacherAttnOut: 0.000e+00 (0.000e+00)  TeacherFeatOut: 0.000e+00 (0.000e+00)  ActScaleAnchor: 0.000e+00 (0.000e+00)  VarTrust: 0.000e+00 (0.000e+00)  DirAnchor: 0.000e+00 (0.000e+00)  BinReg: 0.000e+00 (0.000e+00)  SelBinAnchor: 0.000e+00 (0.000e+00)  ActBinMargin: 0.000e+00 (0.000e+00)  Time: 0.223s, 2296.00/s  (0.223s, 2293.28/s)  LR: 5.162e-06  RefW: 0.000e+00  AnchorRefW: 0.000e+00  Data: 0.007 (0.007)
Train: 27 [1450/2502 ( 58%)]  Loss: 51.417366 (51.4006)  BaseLoss: 51.417366 (51.4006)  RefAttnKL: 0.000e+00 (0.000e+00)  RefLogitKL: 0.000e+00 (0.000e+00)  AnchorRefAttnKL: 0.000e+00 (0.000e+00)  TeacherAttnKL: 0.000e+00 (0.000e+00)  TeacherRel: 0.000e+00 (0.000e+00)  TeacherAttnOut: 0.000e+00 (0.000e+00)  TeacherFeatOut: 0.000e+00 (0.000e+00)  ActScaleAnchor: 0.000e+00 (0.000e+00)  VarTrust: 0.000e+00 (0.000e+00)  DirAnchor: 0.000e+00 (0.000e+00)  BinReg: 0.000e+00 (0.000e+00)  SelBinAnchor: 0.000e+00 (0.000e+00)  ActBinMargin: 0.000e+00 (0.000e+00)  Time: 0.224s, 2287.50/s  (0.223s, 2293.51/s)  LR: 5.160e-06  RefW: 0.000e+00  AnchorRefW: 0.000e+00  Data: 0.006 (0.007)
Train: 27 [1500/2502 ( 60%)]  Loss: 51.437103 (51.4017)  BaseLoss: 51.437103 (51.4017)  RefAttnKL: 0.000e+00 (0.000e+00)  RefLogitKL: 0.000e+00 (0.000e+00)  AnchorRefAttnKL: 0.000e+00 (0.000e+00)  TeacherAttnKL: 0.000e+00 (0.000e+00)  TeacherRel: 0.000e+00 (0.000e+00)  TeacherAttnOut: 0.000e+00 (0.000e+00)  TeacherFeatOut: 0.000e+00 (0.000e+00)  ActScaleAnchor: 0.000e+00 (0.000e+00)  VarTrust: 0.000e+00 (0.000e+00)  DirAnchor: 0.000e+00 (0.000e+00)  BinReg: 0.000e+00 (0.000e+00)  SelBinAnchor: 0.000e+00 (0.000e+00)  ActBinMargin: 0.000e+00 (0.000e+00)  Time: 0.223s, 2291.45/s  (0.223s, 2293.52/s)  LR: 5.157e-06  RefW: 0.000e+00  AnchorRefW: 0.000e+00  Data: 0.007 (0.007)
Train: 27 [1550/2502 ( 62%)]  Loss: 51.417191 (51.4022)  BaseLoss: 51.417191 (51.4022)  RefAttnKL: 0.000e+00 (0.000e+00)  RefLogitKL: 0.000e+00 (0.000e+00)  AnchorRefAttnKL: 0.000e+00 (0.000e+00)  TeacherAttnKL: 0.000e+00 (0.000e+00)  TeacherRel: 0.000e+00 (0.000e+00)  TeacherAttnOut: 0.000e+00 (0.000e+00)  TeacherFeatOut: 0.000e+00 (0.000e+00)  ActScaleAnchor: 0.000e+00 (0.000e+00)  VarTrust: 0.000e+00 (0.000e+00)  DirAnchor: 0.000e+00 (0.000e+00)  BinReg: 0.000e+00 (0.000e+00)  SelBinAnchor: 0.000e+00 (0.000e+00)  ActBinMargin: 0.000e+00 (0.000e+00)  Time: 0.224s, 2289.45/s  (0.223s, 2293.65/s)  LR: 5.155e-06  RefW: 0.000e+00  AnchorRefW: 0.000e+00  Data: 0.006 (0.007)
Train: 27 [1600/2502 ( 64%)]  Loss: 51.394955 (51.4020)  BaseLoss: 51.394955 (51.4020)  RefAttnKL: 0.000e+00 (0.000e+00)  RefLogitKL: 0.000e+00 (0.000e+00)  AnchorRefAttnKL: 0.000e+00 (0.000e+00)  TeacherAttnKL: 0.000e+00 (0.000e+00)  TeacherRel: 0.000e+00 (0.000e+00)  TeacherAttnOut: 0.000e+00 (0.000e+00)  TeacherFeatOut: 0.000e+00 (0.000e+00)  ActScaleAnchor: 0.000e+00 (0.000e+00)  VarTrust: 0.000e+00 (0.000e+00)  DirAnchor: 0.000e+00 (0.000e+00)  BinReg: 0.000e+00 (0.000e+00)  SelBinAnchor: 0.000e+00 (0.000e+00)  ActBinMargin: 0.000e+00 (0.000e+00)  Time: 0.223s, 2293.82/s  (0.223s, 2293.84/s)  LR: 5.152e-06  RefW: 0.000e+00  AnchorRefW: 0.000e+00  Data: 0.006 (0.007)
Train: 27 [1650/2502 ( 66%)]  Loss: 51.437462 (51.4030)  BaseLoss: 51.437462 (51.4030)  RefAttnKL: 0.000e+00 (0.000e+00)  RefLogitKL: 0.000e+00 (0.000e+00)  AnchorRefAttnKL: 0.000e+00 (0.000e+00)  TeacherAttnKL: 0.000e+00 (0.000e+00)  TeacherRel: 0.000e+00 (0.000e+00)  TeacherAttnOut: 0.000e+00 (0.000e+00)  TeacherFeatOut: 0.000e+00 (0.000e+00)  ActScaleAnchor: 0.000e+00 (0.000e+00)  VarTrust: 0.000e+00 (0.000e+00)  DirAnchor: 0.000e+00 (0.000e+00)  BinReg: 0.000e+00 (0.000e+00)  SelBinAnchor: 0.000e+00 (0.000e+00)  ActBinMargin: 0.000e+00 (0.000e+00)  Time: 0.224s, 2289.92/s  (0.223s, 2293.95/s)  LR: 5.149e-06  RefW: 0.000e+00  AnchorRefW: 0.000e+00  Data: 0.006 (0.007)
Train: 27 [1700/2502 ( 68%)]  Loss: 51.417881 (51.4035)  BaseLoss: 51.417881 (51.4035)  RefAttnKL: 0.000e+00 (0.000e+00)  RefLogitKL: 0.000e+00 (0.000e+00)  AnchorRefAttnKL: 0.000e+00 (0.000e+00)  TeacherAttnKL: 0.000e+00 (0.000e+00)  TeacherRel: 0.000e+00 (0.000e+00)  TeacherAttnOut: 0.000e+00 (0.000e+00)  TeacherFeatOut: 0.000e+00 (0.000e+00)  ActScaleAnchor: 0.000e+00 (0.000e+00)  VarTrust: 0.000e+00 (0.000e+00)  DirAnchor: 0.000e+00 (0.000e+00)  BinReg: 0.000e+00 (0.000e+00)  SelBinAnchor: 0.000e+00 (0.000e+00)  ActBinMargin: 0.000e+00 (0.000e+00)  Time: 0.223s, 2292.69/s  (0.223s, 2294.12/s)  LR: 5.147e-06  RefW: 0.000e+00  AnchorRefW: 0.000e+00  Data: 0.007 (0.007)
Train: 27 [1750/2502 ( 70%)]  Loss: 51.386078 (51.4030)  BaseLoss: 51.386078 (51.4030)  RefAttnKL: 0.000e+00 (0.000e+00)  RefLogitKL: 0.000e+00 (0.000e+00)  AnchorRefAttnKL: 0.000e+00 (0.000e+00)  TeacherAttnKL: 0.000e+00 (0.000e+00)  TeacherRel: 0.000e+00 (0.000e+00)  TeacherAttnOut: 0.000e+00 (0.000e+00)  TeacherFeatOut: 0.000e+00 (0.000e+00)  ActScaleAnchor: 0.000e+00 (0.000e+00)  VarTrust: 0.000e+00 (0.000e+00)  DirAnchor: 0.000e+00 (0.000e+00)  BinReg: 0.000e+00 (0.000e+00)  SelBinAnchor: 0.000e+00 (0.000e+00)  ActBinMargin: 0.000e+00 (0.000e+00)  Time: 0.224s, 2287.77/s  (0.223s, 2294.25/s)  LR: 5.144e-06  RefW: 0.000e+00  AnchorRefW: 0.000e+00  Data: 0.006 (0.007)
Train: 27 [1800/2502 ( 72%)]  Loss: 51.440399 (51.4040)  BaseLoss: 51.440399 (51.4040)  RefAttnKL: 0.000e+00 (0.000e+00)  RefLogitKL: 0.000e+00 (0.000e+00)  AnchorRefAttnKL: 0.000e+00 (0.000e+00)  TeacherAttnKL: 0.000e+00 (0.000e+00)  TeacherRel: 0.000e+00 (0.000e+00)  TeacherAttnOut: 0.000e+00 (0.000e+00)  TeacherFeatOut: 0.000e+00 (0.000e+00)  ActScaleAnchor: 0.000e+00 (0.000e+00)  VarTrust: 0.000e+00 (0.000e+00)  DirAnchor: 0.000e+00 (0.000e+00)  BinReg: 0.000e+00 (0.000e+00)  SelBinAnchor: 0.000e+00 (0.000e+00)  ActBinMargin: 0.000e+00 (0.000e+00)  Time: 0.223s, 2295.66/s  (0.223s, 2294.40/s)  LR: 5.142e-06  RefW: 0.000e+00  AnchorRefW: 0.000e+00  Data: 0.006 (0.007)
Train: 27 [1850/2502 ( 74%)]  Loss: 51.377373 (51.4033)  BaseLoss: 51.377373 (51.4033)  RefAttnKL: 0.000e+00 (0.000e+00)  RefLogitKL: 0.000e+00 (0.000e+00)  AnchorRefAttnKL: 0.000e+00 (0.000e+00)  TeacherAttnKL: 0.000e+00 (0.000e+00)  TeacherRel: 0.000e+00 (0.000e+00)  TeacherAttnOut: 0.000e+00 (0.000e+00)  TeacherFeatOut: 0.000e+00 (0.000e+00)  ActScaleAnchor: 0.000e+00 (0.000e+00)  VarTrust: 0.000e+00 (0.000e+00)  DirAnchor: 0.000e+00 (0.000e+00)  BinReg: 0.000e+00 (0.000e+00)  SelBinAnchor: 0.000e+00 (0.000e+00)  ActBinMargin: 0.000e+00 (0.000e+00)  Time: 0.223s, 2294.20/s  (0.223s, 2294.45/s)  LR: 5.139e-06  RefW: 0.000e+00  AnchorRefW: 0.000e+00  Data: 0.006 (0.007)
Train: 27 [1900/2502 ( 76%)]  Loss: 51.407959 (51.4034)  BaseLoss: 51.407959 (51.4034)  RefAttnKL: 0.000e+00 (0.000e+00)  RefLogitKL: 0.000e+00 (0.000e+00)  AnchorRefAttnKL: 0.000e+00 (0.000e+00)  TeacherAttnKL: 0.000e+00 (0.000e+00)  TeacherRel: 0.000e+00 (0.000e+00)  TeacherAttnOut: 0.000e+00 (0.000e+00)  TeacherFeatOut: 0.000e+00 (0.000e+00)  ActScaleAnchor: 0.000e+00 (0.000e+00)  VarTrust: 0.000e+00 (0.000e+00)  DirAnchor: 0.000e+00 (0.000e+00)  BinReg: 0.000e+00 (0.000e+00)  SelBinAnchor: 0.000e+00 (0.000e+00)  ActBinMargin: 0.000e+00 (0.000e+00)  Time: 0.223s, 2291.49/s  (0.223s, 2294.59/s)  LR: 5.137e-06  RefW: 0.000e+00  AnchorRefW: 0.000e+00  Data: 0.007 (0.007)
Train: 27 [1950/2502 ( 78%)]  Loss: 51.415359 (51.4037)  BaseLoss: 51.415359 (51.4037)  RefAttnKL: 0.000e+00 (0.000e+00)  RefLogitKL: 0.000e+00 (0.000e+00)  AnchorRefAttnKL: 0.000e+00 (0.000e+00)  TeacherAttnKL: 0.000e+00 (0.000e+00)  TeacherRel: 0.000e+00 (0.000e+00)  TeacherAttnOut: 0.000e+00 (0.000e+00)  TeacherFeatOut: 0.000e+00 (0.000e+00)  ActScaleAnchor: 0.000e+00 (0.000e+00)  VarTrust: 0.000e+00 (0.000e+00)  DirAnchor: 0.000e+00 (0.000e+00)  BinReg: 0.000e+00 (0.000e+00)  SelBinAnchor: 0.000e+00 (0.000e+00)  ActBinMargin: 0.000e+00 (0.000e+00)  Time: 0.225s, 2280.40/s  (0.223s, 2294.56/s)  LR: 5.135e-06  RefW: 0.000e+00  AnchorRefW: 0.000e+00  Data: 0.005 (0.006)
Train: 27 [2000/2502 ( 80%)]  Loss: 51.426414 (51.4043)  BaseLoss: 51.426414 (51.4043)  RefAttnKL: 0.000e+00 (0.000e+00)  RefLogitKL: 0.000e+00 (0.000e+00)  AnchorRefAttnKL: 0.000e+00 (0.000e+00)  TeacherAttnKL: 0.000e+00 (0.000e+00)  TeacherRel: 0.000e+00 (0.000e+00)  TeacherAttnOut: 0.000e+00 (0.000e+00)  TeacherFeatOut: 0.000e+00 (0.000e+00)  ActScaleAnchor: 0.000e+00 (0.000e+00)  VarTrust: 0.000e+00 (0.000e+00)  DirAnchor: 0.000e+00 (0.000e+00)  BinReg: 0.000e+00 (0.000e+00)  SelBinAnchor: 0.000e+00 (0.000e+00)  ActBinMargin: 0.000e+00 (0.000e+00)  Time: 0.223s, 2293.09/s  (0.223s, 2294.68/s)  LR: 5.132e-06  RefW: 0.000e+00  AnchorRefW: 0.000e+00  Data: 0.006 (0.006)
Train: 27 [2050/2502 ( 82%)]  Loss: 51.355526 (51.4031)  BaseLoss: 51.355526 (51.4031)  RefAttnKL: 0.000e+00 (0.000e+00)  RefLogitKL: 0.000e+00 (0.000e+00)  AnchorRefAttnKL: 0.000e+00 (0.000e+00)  TeacherAttnKL: 0.000e+00 (0.000e+00)  TeacherRel: 0.000e+00 (0.000e+00)  TeacherAttnOut: 0.000e+00 (0.000e+00)  TeacherFeatOut: 0.000e+00 (0.000e+00)  ActScaleAnchor: 0.000e+00 (0.000e+00)  VarTrust: 0.000e+00 (0.000e+00)  DirAnchor: 0.000e+00 (0.000e+00)  BinReg: 0.000e+00 (0.000e+00)  SelBinAnchor: 0.000e+00 (0.000e+00)  ActBinMargin: 0.000e+00 (0.000e+00)  Time: 0.225s, 2277.13/s  (0.223s, 2294.78/s)  LR: 5.130e-06  RefW: 0.000e+00  AnchorRefW: 0.000e+00  Data: 0.006 (0.006)
Train: 27 [2100/2502 ( 84%)]  Loss: 51.398262 (51.4030)  BaseLoss: 51.398262 (51.4030)  RefAttnKL: 0.000e+00 (0.000e+00)  RefLogitKL: 0.000e+00 (0.000e+00)  AnchorRefAttnKL: 0.000e+00 (0.000e+00)  TeacherAttnKL: 0.000e+00 (0.000e+00)  TeacherRel: 0.000e+00 (0.000e+00)  TeacherAttnOut: 0.000e+00 (0.000e+00)  TeacherFeatOut: 0.000e+00 (0.000e+00)  ActScaleAnchor: 0.000e+00 (0.000e+00)  VarTrust: 0.000e+00 (0.000e+00)  DirAnchor: 0.000e+00 (0.000e+00)  BinReg: 0.000e+00 (0.000e+00)  SelBinAnchor: 0.000e+00 (0.000e+00)  ActBinMargin: 0.000e+00 (0.000e+00)  Time: 0.223s, 2292.05/s  (0.223s, 2294.59/s)  LR: 5.127e-06  RefW: 0.000e+00  AnchorRefW: 0.000e+00  Data: 0.006 (0.006)
Train: 27 [2150/2502 ( 86%)]  Loss: 51.389904 (51.4027)  BaseLoss: 51.389904 (51.4027)  RefAttnKL: 0.000e+00 (0.000e+00)  RefLogitKL: 0.000e+00 (0.000e+00)  AnchorRefAttnKL: 0.000e+00 (0.000e+00)  TeacherAttnKL: 0.000e+00 (0.000e+00)  TeacherRel: 0.000e+00 (0.000e+00)  TeacherAttnOut: 0.000e+00 (0.000e+00)  TeacherFeatOut: 0.000e+00 (0.000e+00)  ActScaleAnchor: 0.000e+00 (0.000e+00)  VarTrust: 0.000e+00 (0.000e+00)  DirAnchor: 0.000e+00 (0.000e+00)  BinReg: 0.000e+00 (0.000e+00)  SelBinAnchor: 0.000e+00 (0.000e+00)  ActBinMargin: 0.000e+00 (0.000e+00)  Time: 0.223s, 2291.99/s  (0.223s, 2294.70/s)  LR: 5.125e-06  RefW: 0.000e+00  AnchorRefW: 0.000e+00  Data: 0.006 (0.006)
Train: 27 [2200/2502 ( 88%)]  Loss: 51.399090 (51.4026)  BaseLoss: 51.399090 (51.4026)  RefAttnKL: 0.000e+00 (0.000e+00)  RefLogitKL: 0.000e+00 (0.000e+00)  AnchorRefAttnKL: 0.000e+00 (0.000e+00)  TeacherAttnKL: 0.000e+00 (0.000e+00)  TeacherRel: 0.000e+00 (0.000e+00)  TeacherAttnOut: 0.000e+00 (0.000e+00)  TeacherFeatOut: 0.000e+00 (0.000e+00)  ActScaleAnchor: 0.000e+00 (0.000e+00)  VarTrust: 0.000e+00 (0.000e+00)  DirAnchor: 0.000e+00 (0.000e+00)  BinReg: 0.000e+00 (0.000e+00)  SelBinAnchor: 0.000e+00 (0.000e+00)  ActBinMargin: 0.000e+00 (0.000e+00)  Time: 0.220s, 2325.34/s  (0.223s, 2294.71/s)  LR: 5.123e-06  RefW: 0.000e+00  AnchorRefW: 0.000e+00  Data: 0.006 (0.006)
Train: 27 [2250/2502 ( 90%)]  Loss: 51.377098 (51.4021)  BaseLoss: 51.377098 (51.4021)  RefAttnKL: 0.000e+00 (0.000e+00)  RefLogitKL: 0.000e+00 (0.000e+00)  AnchorRefAttnKL: 0.000e+00 (0.000e+00)  TeacherAttnKL: 0.000e+00 (0.000e+00)  TeacherRel: 0.000e+00 (0.000e+00)  TeacherAttnOut: 0.000e+00 (0.000e+00)  TeacherFeatOut: 0.000e+00 (0.000e+00)  ActScaleAnchor: 0.000e+00 (0.000e+00)  VarTrust: 0.000e+00 (0.000e+00)  DirAnchor: 0.000e+00 (0.000e+00)  BinReg: 0.000e+00 (0.000e+00)  SelBinAnchor: 0.000e+00 (0.000e+00)  ActBinMargin: 0.000e+00 (0.000e+00)  Time: 0.226s, 2264.49/s  (0.223s, 2294.82/s)  LR: 5.120e-06  RefW: 0.000e+00  AnchorRefW: 0.000e+00  Data: 0.006 (0.006)
Train: 27 [2300/2502 ( 92%)]  Loss: 51.418560 (51.4024)  BaseLoss: 51.418560 (51.4024)  RefAttnKL: 0.000e+00 (0.000e+00)  RefLogitKL: 0.000e+00 (0.000e+00)  AnchorRefAttnKL: 0.000e+00 (0.000e+00)  TeacherAttnKL: 0.000e+00 (0.000e+00)  TeacherRel: 0.000e+00 (0.000e+00)  TeacherAttnOut: 0.000e+00 (0.000e+00)  TeacherFeatOut: 0.000e+00 (0.000e+00)  ActScaleAnchor: 0.000e+00 (0.000e+00)  VarTrust: 0.000e+00 (0.000e+00)  DirAnchor: 0.000e+00 (0.000e+00)  BinReg: 0.000e+00 (0.000e+00)  SelBinAnchor: 0.000e+00 (0.000e+00)  ActBinMargin: 0.000e+00 (0.000e+00)  Time: 0.223s, 2300.27/s  (0.223s, 2294.77/s)  LR: 5.118e-06  RefW: 0.000e+00  AnchorRefW: 0.000e+00  Data: 0.007 (0.006)
Train: 27 [2350/2502 ( 94%)]  Loss: 51.424667 (51.4029)  BaseLoss: 51.424667 (51.4029)  RefAttnKL: 0.000e+00 (0.000e+00)  RefLogitKL: 0.000e+00 (0.000e+00)  AnchorRefAttnKL: 0.000e+00 (0.000e+00)  TeacherAttnKL: 0.000e+00 (0.000e+00)  TeacherRel: 0.000e+00 (0.000e+00)  TeacherAttnOut: 0.000e+00 (0.000e+00)  TeacherFeatOut: 0.000e+00 (0.000e+00)  ActScaleAnchor: 0.000e+00 (0.000e+00)  VarTrust: 0.000e+00 (0.000e+00)  DirAnchor: 0.000e+00 (0.000e+00)  BinReg: 0.000e+00 (0.000e+00)  SelBinAnchor: 0.000e+00 (0.000e+00)  ActBinMargin: 0.000e+00 (0.000e+00)  Time: 0.223s, 2291.86/s  (0.223s, 2294.89/s)  LR: 5.116e-06  RefW: 0.000e+00  AnchorRefW: 0.000e+00  Data: 0.006 (0.006)
Train: 27 [2400/2502 ( 96%)]  Loss: 51.386814 (51.4025)  BaseLoss: 51.386814 (51.4025)  RefAttnKL: 0.000e+00 (0.000e+00)  RefLogitKL: 0.000e+00 (0.000e+00)  AnchorRefAttnKL: 0.000e+00 (0.000e+00)  TeacherAttnKL: 0.000e+00 (0.000e+00)  TeacherRel: 0.000e+00 (0.000e+00)  TeacherAttnOut: 0.000e+00 (0.000e+00)  TeacherFeatOut: 0.000e+00 (0.000e+00)  ActScaleAnchor: 0.000e+00 (0.000e+00)  VarTrust: 0.000e+00 (0.000e+00)  DirAnchor: 0.000e+00 (0.000e+00)  BinReg: 0.000e+00 (0.000e+00)  SelBinAnchor: 0.000e+00 (0.000e+00)  ActBinMargin: 0.000e+00 (0.000e+00)  Time: 0.224s, 2290.19/s  (0.223s, 2294.96/s)  LR: 5.114e-06  RefW: 0.000e+00  AnchorRefW: 0.000e+00  Data: 0.007 (0.006)
Train: 27 [2450/2502 ( 98%)]  Loss: 51.414845 (51.4028)  BaseLoss: 51.414845 (51.4028)  RefAttnKL: 0.000e+00 (0.000e+00)  RefLogitKL: 0.000e+00 (0.000e+00)  AnchorRefAttnKL: 0.000e+00 (0.000e+00)  TeacherAttnKL: 0.000e+00 (0.000e+00)  TeacherRel: 0.000e+00 (0.000e+00)  TeacherAttnOut: 0.000e+00 (0.000e+00)  TeacherFeatOut: 0.000e+00 (0.000e+00)  ActScaleAnchor: 0.000e+00 (0.000e+00)  VarTrust: 0.000e+00 (0.000e+00)  DirAnchor: 0.000e+00 (0.000e+00)  BinReg: 0.000e+00 (0.000e+00)  SelBinAnchor: 0.000e+00 (0.000e+00)  ActBinMargin: 0.000e+00 (0.000e+00)  Time: 0.219s, 2340.50/s  (0.223s, 2295.04/s)  LR: 5.111e-06  RefW: 0.000e+00  AnchorRefW: 0.000e+00  Data: 0.005 (0.006)
TrainSummary: epoch=27 updates=2496 avg_step_time=0.223081s samples_per_step=512 samples_per_sec=2295.13
epoch:  27 g['lr']:  5.109523236751557e-06
model eval
TestLocal: [   0/97]  Time: 1.031 (1.031)  Loss:  0.7291  Acc@1: 82.8125  Acc@5: 95.3125  Samples: 64
TestLocal: [  50/97]  Time: 0.091 (0.110)  Loss:  0.8177  Acc@1: 81.4951  Acc@5: 95.0980  Samples: 3264
TestLocal: [  97/97]  Time: 0.051 (0.100)  Loss:  0.8116  Acc@1: 81.3452  Acc@5: 95.1702  Samples: 6170
TestLocal: [ 100/97]  Time: 0.050 (0.098)  Loss:  0.8116  Acc@1: 81.3366  Acc@5: 95.1691  Samples: 6210
Test: [distributed-summary]  Time: 10.191s  Loss: 0.8342  Acc@1: 80.5380  Acc@5: 95.3080  Samples: 50000
Trainable parameter policy: epoch=28, quant_only=False, policy=all, trainable=28608256, frozen=0
AOQ explore scale ratio update: epoch=28, update=0, active=False, base_ratio=1.0, threshold_ratio=0.0, base_layers=(), selective_margin=0.0, base_quantizers=0, layer_ratios={}, layer_quantizers=0, layer_counts={}, quality_mode=none, quality_layers=(), quality_start_update=0, quality_min_frac=0.0, start_update=0, end_update=0
Trainable parameter update policy: epoch=28, update=0, mode=requires_grad, policy=all, trainable=28608256, frozen=0
Train: 28 [   0/2502 (  0%)]  Loss: 51.429810 (51.4298)  BaseLoss: 51.429810 (51.4298)  RefAttnKL: 0.000e+00 (0.000e+00)  RefLogitKL: 0.000e+00 (0.000e+00)  AnchorRefAttnKL: 0.000e+00 (0.000e+00)  TeacherAttnKL: 0.000e+00 (0.000e+00)  TeacherRel: 0.000e+00 (0.000e+00)  TeacherAttnOut: 0.000e+00 (0.000e+00)  TeacherFeatOut: 0.000e+00 (0.000e+00)  ActScaleAnchor: 0.000e+00 (0.000e+00)  VarTrust: 0.000e+00 (0.000e+00)  DirAnchor: 0.000e+00 (0.000e+00)  BinReg: 0.000e+00 (0.000e+00)  SelBinAnchor: 0.000e+00 (0.000e+00)  ActBinMargin: 0.000e+00 (0.000e+00)  Time: 0.800s,  639.98/s  (0.800s,  639.98/s)  LR: 5.109e-06  RefW: 0.000e+00  AnchorRefW: 0.000e+00  Data: 0.573 (0.573)
Train: 28 [  50/2502 (  2%)]  Loss: 51.354424 (51.3921)  BaseLoss: 51.354424 (51.3921)  RefAttnKL: 0.000e+00 (0.000e+00)  RefLogitKL: 0.000e+00 (0.000e+00)  AnchorRefAttnKL: 0.000e+00 (0.000e+00)  TeacherAttnKL: 0.000e+00 (0.000e+00)  TeacherRel: 0.000e+00 (0.000e+00)  TeacherAttnOut: 0.000e+00 (0.000e+00)  TeacherFeatOut: 0.000e+00 (0.000e+00)  ActScaleAnchor: 0.000e+00 (0.000e+00)  VarTrust: 0.000e+00 (0.000e+00)  DirAnchor: 0.000e+00 (0.000e+00)  BinReg: 0.000e+00 (0.000e+00)  SelBinAnchor: 0.000e+00 (0.000e+00)  ActBinMargin: 0.000e+00 (0.000e+00)  Time: 0.224s, 2288.76/s  (0.234s, 2188.16/s)  LR: 5.107e-06  RefW: 0.000e+00  AnchorRefW: 0.000e+00  Data: 0.006 (0.017)
Train: 28 [ 100/2502 (  4%)]  Loss: 51.401604 (51.3953)  BaseLoss: 51.401604 (51.3953)  RefAttnKL: 0.000e+00 (0.000e+00)  RefLogitKL: 0.000e+00 (0.000e+00)  AnchorRefAttnKL: 0.000e+00 (0.000e+00)  TeacherAttnKL: 0.000e+00 (0.000e+00)  TeacherRel: 0.000e+00 (0.000e+00)  TeacherAttnOut: 0.000e+00 (0.000e+00)  TeacherFeatOut: 0.000e+00 (0.000e+00)  ActScaleAnchor: 0.000e+00 (0.000e+00)  VarTrust: 0.000e+00 (0.000e+00)  DirAnchor: 0.000e+00 (0.000e+00)  BinReg: 0.000e+00 (0.000e+00)  SelBinAnchor: 0.000e+00 (0.000e+00)  ActBinMargin: 0.000e+00 (0.000e+00)  Time: 0.224s, 2286.46/s  (0.229s, 2239.53/s)  LR: 5.105e-06  RefW: 0.000e+00  AnchorRefW: 0.000e+00  Data: 0.007 (0.012)
Train: 28 [ 150/2502 (  6%)]  Loss: 51.406906 (51.3982)  BaseLoss: 51.406906 (51.3982)  RefAttnKL: 0.000e+00 (0.000e+00)  RefLogitKL: 0.000e+00 (0.000e+00)  AnchorRefAttnKL: 0.000e+00 (0.000e+00)  TeacherAttnKL: 0.000e+00 (0.000e+00)  TeacherRel: 0.000e+00 (0.000e+00)  TeacherAttnOut: 0.000e+00 (0.000e+00)  TeacherFeatOut: 0.000e+00 (0.000e+00)  ActScaleAnchor: 0.000e+00 (0.000e+00)  VarTrust: 0.000e+00 (0.000e+00)  DirAnchor: 0.000e+00 (0.000e+00)  BinReg: 0.000e+00 (0.000e+00)  SelBinAnchor: 0.000e+00 (0.000e+00)  ActBinMargin: 0.000e+00 (0.000e+00)  Time: 0.224s, 2290.37/s  (0.227s, 2259.45/s)  LR: 5.103e-06  RefW: 0.000e+00  AnchorRefW: 0.000e+00  Data: 0.007 (0.010)
Train: 28 [ 200/2502 (  8%)]  Loss: 51.412388 (51.4010)  BaseLoss: 51.412388 (51.4010)  RefAttnKL: 0.000e+00 (0.000e+00)  RefLogitKL: 0.000e+00 (0.000e+00)  AnchorRefAttnKL: 0.000e+00 (0.000e+00)  TeacherAttnKL: 0.000e+00 (0.000e+00)  TeacherRel: 0.000e+00 (0.000e+00)  TeacherAttnOut: 0.000e+00 (0.000e+00)  TeacherFeatOut: 0.000e+00 (0.000e+00)  ActScaleAnchor: 0.000e+00 (0.000e+00)  VarTrust: 0.000e+00 (0.000e+00)  DirAnchor: 0.000e+00 (0.000e+00)  BinReg: 0.000e+00 (0.000e+00)  SelBinAnchor: 0.000e+00 (0.000e+00)  ActBinMargin: 0.000e+00 (0.000e+00)  Time: 0.223s, 2294.34/s  (0.226s, 2269.51/s)  LR: 5.101e-06  RefW: 0.000e+00  AnchorRefW: 0.000e+00  Data: 0.006 (0.009)
Train: 28 [ 250/2502 ( 10%)]  Loss: 51.419357 (51.4041)  BaseLoss: 51.419357 (51.4041)  RefAttnKL: 0.000e+00 (0.000e+00)  RefLogitKL: 0.000e+00 (0.000e+00)  AnchorRefAttnKL: 0.000e+00 (0.000e+00)  TeacherAttnKL: 0.000e+00 (0.000e+00)  TeacherRel: 0.000e+00 (0.000e+00)  TeacherAttnOut: 0.000e+00 (0.000e+00)  TeacherFeatOut: 0.000e+00 (0.000e+00)  ActScaleAnchor: 0.000e+00 (0.000e+00)  VarTrust: 0.000e+00 (0.000e+00)  DirAnchor: 0.000e+00 (0.000e+00)  BinReg: 0.000e+00 (0.000e+00)  SelBinAnchor: 0.000e+00 (0.000e+00)  ActBinMargin: 0.000e+00 (0.000e+00)  Time: 0.223s, 2298.62/s  (0.225s, 2275.09/s)  LR: 5.099e-06  RefW: 0.000e+00  AnchorRefW: 0.000e+00  Data: 0.007 (0.009)
Train: 28 [ 300/2502 ( 12%)]  Loss: 51.418995 (51.4062)  BaseLoss: 51.418995 (51.4062)  RefAttnKL: 0.000e+00 (0.000e+00)  RefLogitKL: 0.000e+00 (0.000e+00)  AnchorRefAttnKL: 0.000e+00 (0.000e+00)  TeacherAttnKL: 0.000e+00 (0.000e+00)  TeacherRel: 0.000e+00 (0.000e+00)  TeacherAttnOut: 0.000e+00 (0.000e+00)  TeacherFeatOut: 0.000e+00 (0.000e+00)  ActScaleAnchor: 0.000e+00 (0.000e+00)  VarTrust: 0.000e+00 (0.000e+00)  DirAnchor: 0.000e+00 (0.000e+00)  BinReg: 0.000e+00 (0.000e+00)  SelBinAnchor: 0.000e+00 (0.000e+00)  ActBinMargin: 0.000e+00 (0.000e+00)  Time: 0.224s, 2289.99/s  (0.225s, 2279.13/s)  LR: 5.097e-06  RefW: 0.000e+00  AnchorRefW: 0.000e+00  Data: 0.007 (0.008)
Train: 28 [ 350/2502 ( 14%)]  Loss: 51.417740 (51.4077)  BaseLoss: 51.417740 (51.4077)  RefAttnKL: 0.000e+00 (0.000e+00)  RefLogitKL: 0.000e+00 (0.000e+00)  AnchorRefAttnKL: 0.000e+00 (0.000e+00)  TeacherAttnKL: 0.000e+00 (0.000e+00)  TeacherRel: 0.000e+00 (0.000e+00)  TeacherAttnOut: 0.000e+00 (0.000e+00)  TeacherFeatOut: 0.000e+00 (0.000e+00)  ActScaleAnchor: 0.000e+00 (0.000e+00)  VarTrust: 0.000e+00 (0.000e+00)  DirAnchor: 0.000e+00 (0.000e+00)  BinReg: 0.000e+00 (0.000e+00)  SelBinAnchor: 0.000e+00 (0.000e+00)  ActBinMargin: 0.000e+00 (0.000e+00)  Time: 0.223s, 2293.58/s  (0.224s, 2281.62/s)  LR: 5.095e-06  RefW: 0.000e+00  AnchorRefW: 0.000e+00  Data: 0.006 (0.008)
Train: 28 [ 400/2502 ( 16%)]  Loss: 51.447723 (51.4121)  BaseLoss: 51.447723 (51.4121)  RefAttnKL: 0.000e+00 (0.000e+00)  RefLogitKL: 0.000e+00 (0.000e+00)  AnchorRefAttnKL: 0.000e+00 (0.000e+00)  TeacherAttnKL: 0.000e+00 (0.000e+00)  TeacherRel: 0.000e+00 (0.000e+00)  TeacherAttnOut: 0.000e+00 (0.000e+00)  TeacherFeatOut: 0.000e+00 (0.000e+00)  ActScaleAnchor: 0.000e+00 (0.000e+00)  VarTrust: 0.000e+00 (0.000e+00)  DirAnchor: 0.000e+00 (0.000e+00)  BinReg: 0.000e+00 (0.000e+00)  SelBinAnchor: 0.000e+00 (0.000e+00)  ActBinMargin: 0.000e+00 (0.000e+00)  Time: 0.224s, 2290.05/s  (0.224s, 2283.92/s)  LR: 5.093e-06  RefW: 0.000e+00  AnchorRefW: 0.000e+00  Data: 0.007 (0.008)
Train: 28 [ 450/2502 ( 18%)]  Loss: 51.426968 (51.4136)  BaseLoss: 51.426968 (51.4136)  RefAttnKL: 0.000e+00 (0.000e+00)  RefLogitKL: 0.000e+00 (0.000e+00)  AnchorRefAttnKL: 0.000e+00 (0.000e+00)  TeacherAttnKL: 0.000e+00 (0.000e+00)  TeacherRel: 0.000e+00 (0.000e+00)  TeacherAttnOut: 0.000e+00 (0.000e+00)  TeacherFeatOut: 0.000e+00 (0.000e+00)  ActScaleAnchor: 0.000e+00 (0.000e+00)  VarTrust: 0.000e+00 (0.000e+00)  DirAnchor: 0.000e+00 (0.000e+00)  BinReg: 0.000e+00 (0.000e+00)  SelBinAnchor: 0.000e+00 (0.000e+00)  ActBinMargin: 0.000e+00 (0.000e+00)  Time: 0.223s, 2297.20/s  (0.224s, 2285.72/s)  LR: 5.091e-06  RefW: 0.000e+00  AnchorRefW: 0.000e+00  Data: 0.006 (0.008)
Train: 28 [ 500/2502 ( 20%)]  Loss: 51.450390 (51.4169)  BaseLoss: 51.450390 (51.4169)  RefAttnKL: 0.000e+00 (0.000e+00)  RefLogitKL: 0.000e+00 (0.000e+00)  AnchorRefAttnKL: 0.000e+00 (0.000e+00)  TeacherAttnKL: 0.000e+00 (0.000e+00)  TeacherRel: 0.000e+00 (0.000e+00)  TeacherAttnOut: 0.000e+00 (0.000e+00)  TeacherFeatOut: 0.000e+00 (0.000e+00)  ActScaleAnchor: 0.000e+00 (0.000e+00)  VarTrust: 0.000e+00 (0.000e+00)  DirAnchor: 0.000e+00 (0.000e+00)  BinReg: 0.000e+00 (0.000e+00)  SelBinAnchor: 0.000e+00 (0.000e+00)  ActBinMargin: 0.000e+00 (0.000e+00)  Time: 0.223s, 2293.77/s  (0.224s, 2287.15/s)  LR: 5.089e-06  RefW: 0.000e+00  AnchorRefW: 0.000e+00  Data: 0.006 (0.007)
Train: 28 [ 550/2502 ( 22%)]  Loss: 51.427422 (51.4178)  BaseLoss: 51.427422 (51.4178)  RefAttnKL: 0.000e+00 (0.000e+00)  RefLogitKL: 0.000e+00 (0.000e+00)  AnchorRefAttnKL: 0.000e+00 (0.000e+00)  TeacherAttnKL: 0.000e+00 (0.000e+00)  TeacherRel: 0.000e+00 (0.000e+00)  TeacherAttnOut: 0.000e+00 (0.000e+00)  TeacherFeatOut: 0.000e+00 (0.000e+00)  ActScaleAnchor: 0.000e+00 (0.000e+00)  VarTrust: 0.000e+00 (0.000e+00)  DirAnchor: 0.000e+00 (0.000e+00)  BinReg: 0.000e+00 (0.000e+00)  SelBinAnchor: 0.000e+00 (0.000e+00)  ActBinMargin: 0.000e+00 (0.000e+00)  Time: 0.224s, 2289.60/s  (0.224s, 2287.27/s)  LR: 5.087e-06  RefW: 0.000e+00  AnchorRefW: 0.000e+00  Data: 0.006 (0.007)
Train: 28 [ 600/2502 ( 24%)]  Loss: 51.352726 (51.4128)  BaseLoss: 51.352726 (51.4128)  RefAttnKL: 0.000e+00 (0.000e+00)  RefLogitKL: 0.000e+00 (0.000e+00)  AnchorRefAttnKL: 0.000e+00 (0.000e+00)  TeacherAttnKL: 0.000e+00 (0.000e+00)  TeacherRel: 0.000e+00 (0.000e+00)  TeacherAttnOut: 0.000e+00 (0.000e+00)  TeacherFeatOut: 0.000e+00 (0.000e+00)  ActScaleAnchor: 0.000e+00 (0.000e+00)  VarTrust: 0.000e+00 (0.000e+00)  DirAnchor: 0.000e+00 (0.000e+00)  BinReg: 0.000e+00 (0.000e+00)  SelBinAnchor: 0.000e+00 (0.000e+00)  ActBinMargin: 0.000e+00 (0.000e+00)  Time: 0.224s, 2290.33/s  (0.224s, 2288.23/s)  LR: 5.085e-06  RefW: 0.000e+00  AnchorRefW: 0.000e+00  Data: 0.006 (0.007)
Train: 28 [ 650/2502 ( 26%)]  Loss: 51.388710 (51.4111)  BaseLoss: 51.388710 (51.4111)  RefAttnKL: 0.000e+00 (0.000e+00)  RefLogitKL: 0.000e+00 (0.000e+00)  AnchorRefAttnKL: 0.000e+00 (0.000e+00)  TeacherAttnKL: 0.000e+00 (0.000e+00)  TeacherRel: 0.000e+00 (0.000e+00)  TeacherAttnOut: 0.000e+00 (0.000e+00)  TeacherFeatOut: 0.000e+00 (0.000e+00)  ActScaleAnchor: 0.000e+00 (0.000e+00)  VarTrust: 0.000e+00 (0.000e+00)  DirAnchor: 0.000e+00 (0.000e+00)  BinReg: 0.000e+00 (0.000e+00)  SelBinAnchor: 0.000e+00 (0.000e+00)  ActBinMargin: 0.000e+00 (0.000e+00)  Time: 0.224s, 2286.60/s  (0.224s, 2288.43/s)  LR: 5.083e-06  RefW: 0.000e+00  AnchorRefW: 0.000e+00  Data: 0.007 (0.007)
Train: 28 [ 700/2502 ( 28%)]  Loss: 51.360062 (51.4077)  BaseLoss: 51.360062 (51.4077)  RefAttnKL: 0.000e+00 (0.000e+00)  RefLogitKL: 0.000e+00 (0.000e+00)  AnchorRefAttnKL: 0.000e+00 (0.000e+00)  TeacherAttnKL: 0.000e+00 (0.000e+00)  TeacherRel: 0.000e+00 (0.000e+00)  TeacherAttnOut: 0.000e+00 (0.000e+00)  TeacherFeatOut: 0.000e+00 (0.000e+00)  ActScaleAnchor: 0.000e+00 (0.000e+00)  VarTrust: 0.000e+00 (0.000e+00)  DirAnchor: 0.000e+00 (0.000e+00)  BinReg: 0.000e+00 (0.000e+00)  SelBinAnchor: 0.000e+00 (0.000e+00)  ActBinMargin: 0.000e+00 (0.000e+00)  Time: 0.223s, 2290.99/s  (0.224s, 2289.18/s)  LR: 5.081e-06  RefW: 0.000e+00  AnchorRefW: 0.000e+00  Data: 0.007 (0.007)
Train: 28 [ 750/2502 ( 30%)]  Loss: 51.362850 (51.4049)  BaseLoss: 51.362850 (51.4049)  RefAttnKL: 0.000e+00 (0.000e+00)  RefLogitKL: 0.000e+00 (0.000e+00)  AnchorRefAttnKL: 0.000e+00 (0.000e+00)  TeacherAttnKL: 0.000e+00 (0.000e+00)  TeacherRel: 0.000e+00 (0.000e+00)  TeacherAttnOut: 0.000e+00 (0.000e+00)  TeacherFeatOut: 0.000e+00 (0.000e+00)  ActScaleAnchor: 0.000e+00 (0.000e+00)  VarTrust: 0.000e+00 (0.000e+00)  DirAnchor: 0.000e+00 (0.000e+00)  BinReg: 0.000e+00 (0.000e+00)  SelBinAnchor: 0.000e+00 (0.000e+00)  ActBinMargin: 0.000e+00 (0.000e+00)  Time: 0.234s, 2185.91/s  (0.224s, 2289.55/s)  LR: 5.079e-06  RefW: 0.000e+00  AnchorRefW: 0.000e+00  Data: 0.006 (0.007)
Train: 28 [ 800/2502 ( 32%)]  Loss: 51.389889 (51.4040)  BaseLoss: 51.389889 (51.4040)  RefAttnKL: 0.000e+00 (0.000e+00)  RefLogitKL: 0.000e+00 (0.000e+00)  AnchorRefAttnKL: 0.000e+00 (0.000e+00)  TeacherAttnKL: 0.000e+00 (0.000e+00)  TeacherRel: 0.000e+00 (0.000e+00)  TeacherAttnOut: 0.000e+00 (0.000e+00)  TeacherFeatOut: 0.000e+00 (0.000e+00)  ActScaleAnchor: 0.000e+00 (0.000e+00)  VarTrust: 0.000e+00 (0.000e+00)  DirAnchor: 0.000e+00 (0.000e+00)  BinReg: 0.000e+00 (0.000e+00)  SelBinAnchor: 0.000e+00 (0.000e+00)  ActBinMargin: 0.000e+00 (0.000e+00)  Time: 0.223s, 2296.34/s  (0.224s, 2290.21/s)  LR: 5.077e-06  RefW: 0.000e+00  AnchorRefW: 0.000e+00  Data: 0.006 (0.007)
Train: 28 [ 850/2502 ( 34%)]  Loss: 51.380356 (51.4027)  BaseLoss: 51.380356 (51.4027)  RefAttnKL: 0.000e+00 (0.000e+00)  RefLogitKL: 0.000e+00 (0.000e+00)  AnchorRefAttnKL: 0.000e+00 (0.000e+00)  TeacherAttnKL: 0.000e+00 (0.000e+00)  TeacherRel: 0.000e+00 (0.000e+00)  TeacherAttnOut: 0.000e+00 (0.000e+00)  TeacherFeatOut: 0.000e+00 (0.000e+00)  ActScaleAnchor: 0.000e+00 (0.000e+00)  VarTrust: 0.000e+00 (0.000e+00)  DirAnchor: 0.000e+00 (0.000e+00)  BinReg: 0.000e+00 (0.000e+00)  SelBinAnchor: 0.000e+00 (0.000e+00)  ActBinMargin: 0.000e+00 (0.000e+00)  Time: 0.224s, 2286.78/s  (0.224s, 2290.53/s)  LR: 5.075e-06  RefW: 0.000e+00  AnchorRefW: 0.000e+00  Data: 0.008 (0.007)
Train: 28 [ 900/2502 ( 36%)]  Loss: 51.401787 (51.4026)  BaseLoss: 51.401787 (51.4026)  RefAttnKL: 0.000e+00 (0.000e+00)  RefLogitKL: 0.000e+00 (0.000e+00)  AnchorRefAttnKL: 0.000e+00 (0.000e+00)  TeacherAttnKL: 0.000e+00 (0.000e+00)  TeacherRel: 0.000e+00 (0.000e+00)  TeacherAttnOut: 0.000e+00 (0.000e+00)  TeacherFeatOut: 0.000e+00 (0.000e+00)  ActScaleAnchor: 0.000e+00 (0.000e+00)  VarTrust: 0.000e+00 (0.000e+00)  DirAnchor: 0.000e+00 (0.000e+00)  BinReg: 0.000e+00 (0.000e+00)  SelBinAnchor: 0.000e+00 (0.000e+00)  ActBinMargin: 0.000e+00 (0.000e+00)  Time: 0.224s, 2290.66/s  (0.223s, 2291.04/s)  LR: 5.074e-06  RefW: 0.000e+00  AnchorRefW: 0.000e+00  Data: 0.006 (0.007)
Train: 28 [ 950/2502 ( 38%)]  Loss: 51.382572 (51.4016)  BaseLoss: 51.382572 (51.4016)  RefAttnKL: 0.000e+00 (0.000e+00)  RefLogitKL: 0.000e+00 (0.000e+00)  AnchorRefAttnKL: 0.000e+00 (0.000e+00)  TeacherAttnKL: 0.000e+00 (0.000e+00)  TeacherRel: 0.000e+00 (0.000e+00)  TeacherAttnOut: 0.000e+00 (0.000e+00)  TeacherFeatOut: 0.000e+00 (0.000e+00)  ActScaleAnchor: 0.000e+00 (0.000e+00)  VarTrust: 0.000e+00 (0.000e+00)  DirAnchor: 0.000e+00 (0.000e+00)  BinReg: 0.000e+00 (0.000e+00)  SelBinAnchor: 0.000e+00 (0.000e+00)  ActBinMargin: 0.000e+00 (0.000e+00)  Time: 0.224s, 2286.71/s  (0.223s, 2291.52/s)  LR: 5.072e-06  RefW: 0.000e+00  AnchorRefW: 0.000e+00  Data: 0.006 (0.007)
Train: 28 [1000/2502 ( 40%)]  Loss: 51.406372 (51.4019)  BaseLoss: 51.406372 (51.4019)  RefAttnKL: 0.000e+00 (0.000e+00)  RefLogitKL: 0.000e+00 (0.000e+00)  AnchorRefAttnKL: 0.000e+00 (0.000e+00)  TeacherAttnKL: 0.000e+00 (0.000e+00)  TeacherRel: 0.000e+00 (0.000e+00)  TeacherAttnOut: 0.000e+00 (0.000e+00)  TeacherFeatOut: 0.000e+00 (0.000e+00)  ActScaleAnchor: 0.000e+00 (0.000e+00)  VarTrust: 0.000e+00 (0.000e+00)  DirAnchor: 0.000e+00 (0.000e+00)  BinReg: 0.000e+00 (0.000e+00)  SelBinAnchor: 0.000e+00 (0.000e+00)  ActBinMargin: 0.000e+00 (0.000e+00)  Time: 0.223s, 2292.14/s  (0.223s, 2291.75/s)  LR: 5.070e-06  RefW: 0.000e+00  AnchorRefW: 0.000e+00  Data: 0.005 (0.007)
Train: 28 [1050/2502 ( 42%)]  Loss: 51.392895 (51.4015)  BaseLoss: 51.392895 (51.4015)  RefAttnKL: 0.000e+00 (0.000e+00)  RefLogitKL: 0.000e+00 (0.000e+00)  AnchorRefAttnKL: 0.000e+00 (0.000e+00)  TeacherAttnKL: 0.000e+00 (0.000e+00)  TeacherRel: 0.000e+00 (0.000e+00)  TeacherAttnOut: 0.000e+00 (0.000e+00)  TeacherFeatOut: 0.000e+00 (0.000e+00)  ActScaleAnchor: 0.000e+00 (0.000e+00)  VarTrust: 0.000e+00 (0.000e+00)  DirAnchor: 0.000e+00 (0.000e+00)  BinReg: 0.000e+00 (0.000e+00)  SelBinAnchor: 0.000e+00 (0.000e+00)  ActBinMargin: 0.000e+00 (0.000e+00)  Time: 0.223s, 2291.94/s  (0.223s, 2292.17/s)  LR: 5.068e-06  RefW: 0.000e+00  AnchorRefW: 0.000e+00  Data: 0.007 (0.007)
Train: 28 [1100/2502 ( 44%)]  Loss: 51.354836 (51.3994)  BaseLoss: 51.354836 (51.3994)  RefAttnKL: 0.000e+00 (0.000e+00)  RefLogitKL: 0.000e+00 (0.000e+00)  AnchorRefAttnKL: 0.000e+00 (0.000e+00)  TeacherAttnKL: 0.000e+00 (0.000e+00)  TeacherRel: 0.000e+00 (0.000e+00)  TeacherAttnOut: 0.000e+00 (0.000e+00)  TeacherFeatOut: 0.000e+00 (0.000e+00)  ActScaleAnchor: 0.000e+00 (0.000e+00)  VarTrust: 0.000e+00 (0.000e+00)  DirAnchor: 0.000e+00 (0.000e+00)  BinReg: 0.000e+00 (0.000e+00)  SelBinAnchor: 0.000e+00 (0.000e+00)  ActBinMargin: 0.000e+00 (0.000e+00)  Time: 0.223s, 2294.97/s  (0.223s, 2292.47/s)  LR: 5.067e-06  RefW: 0.000e+00  AnchorRefW: 0.000e+00  Data: 0.006 (0.007)
Train: 28 [1150/2502 ( 46%)]  Loss: 51.419731 (51.4003)  BaseLoss: 51.419731 (51.4003)  RefAttnKL: 0.000e+00 (0.000e+00)  RefLogitKL: 0.000e+00 (0.000e+00)  AnchorRefAttnKL: 0.000e+00 (0.000e+00)  TeacherAttnKL: 0.000e+00 (0.000e+00)  TeacherRel: 0.000e+00 (0.000e+00)  TeacherAttnOut: 0.000e+00 (0.000e+00)  TeacherFeatOut: 0.000e+00 (0.000e+00)  ActScaleAnchor: 0.000e+00 (0.000e+00)  VarTrust: 0.000e+00 (0.000e+00)  DirAnchor: 0.000e+00 (0.000e+00)  BinReg: 0.000e+00 (0.000e+00)  SelBinAnchor: 0.000e+00 (0.000e+00)  ActBinMargin: 0.000e+00 (0.000e+00)  Time: 0.223s, 2291.23/s  (0.223s, 2292.83/s)  LR: 5.065e-06  RefW: 0.000e+00  AnchorRefW: 0.000e+00  Data: 0.006 (0.007)
Train: 28 [1200/2502 ( 48%)]  Loss: 51.381905 (51.3995)  BaseLoss: 51.381905 (51.3995)  RefAttnKL: 0.000e+00 (0.000e+00)  RefLogitKL: 0.000e+00 (0.000e+00)  AnchorRefAttnKL: 0.000e+00 (0.000e+00)  TeacherAttnKL: 0.000e+00 (0.000e+00)  TeacherRel: 0.000e+00 (0.000e+00)  TeacherAttnOut: 0.000e+00 (0.000e+00)  TeacherFeatOut: 0.000e+00 (0.000e+00)  ActScaleAnchor: 0.000e+00 (0.000e+00)  VarTrust: 0.000e+00 (0.000e+00)  DirAnchor: 0.000e+00 (0.000e+00)  BinReg: 0.000e+00 (0.000e+00)  SelBinAnchor: 0.000e+00 (0.000e+00)  ActBinMargin: 0.000e+00 (0.000e+00)  Time: 0.224s, 2287.65/s  (0.223s, 2293.10/s)  LR: 5.063e-06  RefW: 0.000e+00  AnchorRefW: 0.000e+00  Data: 0.007 (0.007)
Train: 28 [1250/2502 ( 50%)]  Loss: 51.418949 (51.4003)  BaseLoss: 51.418949 (51.4003)  RefAttnKL: 0.000e+00 (0.000e+00)  RefLogitKL: 0.000e+00 (0.000e+00)  AnchorRefAttnKL: 0.000e+00 (0.000e+00)  TeacherAttnKL: 0.000e+00 (0.000e+00)  TeacherRel: 0.000e+00 (0.000e+00)  TeacherAttnOut: 0.000e+00 (0.000e+00)  TeacherFeatOut: 0.000e+00 (0.000e+00)  ActScaleAnchor: 0.000e+00 (0.000e+00)  VarTrust: 0.000e+00 (0.000e+00)  DirAnchor: 0.000e+00 (0.000e+00)  BinReg: 0.000e+00 (0.000e+00)  SelBinAnchor: 0.000e+00 (0.000e+00)  ActBinMargin: 0.000e+00 (0.000e+00)  Time: 0.223s, 2290.94/s  (0.223s, 2293.41/s)  LR: 5.062e-06  RefW: 0.000e+00  AnchorRefW: 0.000e+00  Data: 0.007 (0.007)
Train: 28 [1300/2502 ( 52%)]  Loss: 51.403564 (51.4004)  BaseLoss: 51.403564 (51.4004)  RefAttnKL: 0.000e+00 (0.000e+00)  RefLogitKL: 0.000e+00 (0.000e+00)  AnchorRefAttnKL: 0.000e+00 (0.000e+00)  TeacherAttnKL: 0.000e+00 (0.000e+00)  TeacherRel: 0.000e+00 (0.000e+00)  TeacherAttnOut: 0.000e+00 (0.000e+00)  TeacherFeatOut: 0.000e+00 (0.000e+00)  ActScaleAnchor: 0.000e+00 (0.000e+00)  VarTrust: 0.000e+00 (0.000e+00)  DirAnchor: 0.000e+00 (0.000e+00)  BinReg: 0.000e+00 (0.000e+00)  SelBinAnchor: 0.000e+00 (0.000e+00)  ActBinMargin: 0.000e+00 (0.000e+00)  Time: 0.223s, 2295.40/s  (0.223s, 2293.63/s)  LR: 5.060e-06  RefW: 0.000e+00  AnchorRefW: 0.000e+00  Data: 0.007 (0.007)
Train: 28 [1350/2502 ( 54%)]  Loss: 51.411068 (51.4008)  BaseLoss: 51.411068 (51.4008)  RefAttnKL: 0.000e+00 (0.000e+00)  RefLogitKL: 0.000e+00 (0.000e+00)  AnchorRefAttnKL: 0.000e+00 (0.000e+00)  TeacherAttnKL: 0.000e+00 (0.000e+00)  TeacherRel: 0.000e+00 (0.000e+00)  TeacherAttnOut: 0.000e+00 (0.000e+00)  TeacherFeatOut: 0.000e+00 (0.000e+00)  ActScaleAnchor: 0.000e+00 (0.000e+00)  VarTrust: 0.000e+00 (0.000e+00)  DirAnchor: 0.000e+00 (0.000e+00)  BinReg: 0.000e+00 (0.000e+00)  SelBinAnchor: 0.000e+00 (0.000e+00)  ActBinMargin: 0.000e+00 (0.000e+00)  Time: 0.224s, 2285.56/s  (0.223s, 2293.84/s)  LR: 5.058e-06  RefW: 0.000e+00  AnchorRefW: 0.000e+00  Data: 0.006 (0.007)
Train: 28 [1400/2502 ( 56%)]  Loss: 51.417282 (51.4014)  BaseLoss: 51.417282 (51.4014)  RefAttnKL: 0.000e+00 (0.000e+00)  RefLogitKL: 0.000e+00 (0.000e+00)  AnchorRefAttnKL: 0.000e+00 (0.000e+00)  TeacherAttnKL: 0.000e+00 (0.000e+00)  TeacherRel: 0.000e+00 (0.000e+00)  TeacherAttnOut: 0.000e+00 (0.000e+00)  TeacherFeatOut: 0.000e+00 (0.000e+00)  ActScaleAnchor: 0.000e+00 (0.000e+00)  VarTrust: 0.000e+00 (0.000e+00)  DirAnchor: 0.000e+00 (0.000e+00)  BinReg: 0.000e+00 (0.000e+00)  SelBinAnchor: 0.000e+00 (0.000e+00)  ActBinMargin: 0.000e+00 (0.000e+00)  Time: 0.223s, 2292.94/s  (0.223s, 2294.05/s)  LR: 5.057e-06  RefW: 0.000e+00  AnchorRefW: 0.000e+00  Data: 0.007 (0.007)
Train: 28 [1450/2502 ( 58%)]  Loss: 51.414356 (51.4018)  BaseLoss: 51.414356 (51.4018)  RefAttnKL: 0.000e+00 (0.000e+00)  RefLogitKL: 0.000e+00 (0.000e+00)  AnchorRefAttnKL: 0.000e+00 (0.000e+00)  TeacherAttnKL: 0.000e+00 (0.000e+00)  TeacherRel: 0.000e+00 (0.000e+00)  TeacherAttnOut: 0.000e+00 (0.000e+00)  TeacherFeatOut: 0.000e+00 (0.000e+00)  ActScaleAnchor: 0.000e+00 (0.000e+00)  VarTrust: 0.000e+00 (0.000e+00)  DirAnchor: 0.000e+00 (0.000e+00)  BinReg: 0.000e+00 (0.000e+00)  SelBinAnchor: 0.000e+00 (0.000e+00)  ActBinMargin: 0.000e+00 (0.000e+00)  Time: 0.224s, 2282.86/s  (0.223s, 2294.28/s)  LR: 5.055e-06  RefW: 0.000e+00  AnchorRefW: 0.000e+00  Data: 0.007 (0.007)
Train: 28 [1500/2502 ( 60%)]  Loss: 51.433266 (51.4028)  BaseLoss: 51.433266 (51.4028)  RefAttnKL: 0.000e+00 (0.000e+00)  RefLogitKL: 0.000e+00 (0.000e+00)  AnchorRefAttnKL: 0.000e+00 (0.000e+00)  TeacherAttnKL: 0.000e+00 (0.000e+00)  TeacherRel: 0.000e+00 (0.000e+00)  TeacherAttnOut: 0.000e+00 (0.000e+00)  TeacherFeatOut: 0.000e+00 (0.000e+00)  ActScaleAnchor: 0.000e+00 (0.000e+00)  VarTrust: 0.000e+00 (0.000e+00)  DirAnchor: 0.000e+00 (0.000e+00)  BinReg: 0.000e+00 (0.000e+00)  SelBinAnchor: 0.000e+00 (0.000e+00)  ActBinMargin: 0.000e+00 (0.000e+00)  Time: 0.231s, 2216.44/s  (0.223s, 2294.32/s)  LR: 5.054e-06  RefW: 0.000e+00  AnchorRefW: 0.000e+00  Data: 0.007 (0.007)
Train: 28 [1550/2502 ( 62%)]  Loss: 51.411629 (51.4031)  BaseLoss: 51.411629 (51.4031)  RefAttnKL: 0.000e+00 (0.000e+00)  RefLogitKL: 0.000e+00 (0.000e+00)  AnchorRefAttnKL: 0.000e+00 (0.000e+00)  TeacherAttnKL: 0.000e+00 (0.000e+00)  TeacherRel: 0.000e+00 (0.000e+00)  TeacherAttnOut: 0.000e+00 (0.000e+00)  TeacherFeatOut: 0.000e+00 (0.000e+00)  ActScaleAnchor: 0.000e+00 (0.000e+00)  VarTrust: 0.000e+00 (0.000e+00)  DirAnchor: 0.000e+00 (0.000e+00)  BinReg: 0.000e+00 (0.000e+00)  SelBinAnchor: 0.000e+00 (0.000e+00)  ActBinMargin: 0.000e+00 (0.000e+00)  Time: 0.223s, 2292.28/s  (0.223s, 2294.50/s)  LR: 5.052e-06  RefW: 0.000e+00  AnchorRefW: 0.000e+00  Data: 0.006 (0.007)
Train: 28 [1600/2502 ( 64%)]  Loss: 51.383598 (51.4025)  BaseLoss: 51.383598 (51.4025)  RefAttnKL: 0.000e+00 (0.000e+00)  RefLogitKL: 0.000e+00 (0.000e+00)  AnchorRefAttnKL: 0.000e+00 (0.000e+00)  TeacherAttnKL: 0.000e+00 (0.000e+00)  TeacherRel: 0.000e+00 (0.000e+00)  TeacherAttnOut: 0.000e+00 (0.000e+00)  TeacherFeatOut: 0.000e+00 (0.000e+00)  ActScaleAnchor: 0.000e+00 (0.000e+00)  VarTrust: 0.000e+00 (0.000e+00)  DirAnchor: 0.000e+00 (0.000e+00)  BinReg: 0.000e+00 (0.000e+00)  SelBinAnchor: 0.000e+00 (0.000e+00)  ActBinMargin: 0.000e+00 (0.000e+00)  Time: 0.223s, 2297.45/s  (0.223s, 2294.69/s)  LR: 5.051e-06  RefW: 0.000e+00  AnchorRefW: 0.000e+00  Data: 0.006 (0.007)
Train: 28 [1650/2502 ( 66%)]  Loss: 51.421486 (51.4030)  BaseLoss: 51.421486 (51.4030)  RefAttnKL: 0.000e+00 (0.000e+00)  RefLogitKL: 0.000e+00 (0.000e+00)  AnchorRefAttnKL: 0.000e+00 (0.000e+00)  TeacherAttnKL: 0.000e+00 (0.000e+00)  TeacherRel: 0.000e+00 (0.000e+00)  TeacherAttnOut: 0.000e+00 (0.000e+00)  TeacherFeatOut: 0.000e+00 (0.000e+00)  ActScaleAnchor: 0.000e+00 (0.000e+00)  VarTrust: 0.000e+00 (0.000e+00)  DirAnchor: 0.000e+00 (0.000e+00)  BinReg: 0.000e+00 (0.000e+00)  SelBinAnchor: 0.000e+00 (0.000e+00)  ActBinMargin: 0.000e+00 (0.000e+00)  Time: 0.224s, 2290.69/s  (0.223s, 2294.74/s)  LR: 5.049e-06  RefW: 0.000e+00  AnchorRefW: 0.000e+00  Data: 0.007 (0.007)
Train: 28 [1700/2502 ( 68%)]  Loss: 51.416656 (51.4034)  BaseLoss: 51.416656 (51.4034)  RefAttnKL: 0.000e+00 (0.000e+00)  RefLogitKL: 0.000e+00 (0.000e+00)  AnchorRefAttnKL: 0.000e+00 (0.000e+00)  TeacherAttnKL: 0.000e+00 (0.000e+00)  TeacherRel: 0.000e+00 (0.000e+00)  TeacherAttnOut: 0.000e+00 (0.000e+00)  TeacherFeatOut: 0.000e+00 (0.000e+00)  ActScaleAnchor: 0.000e+00 (0.000e+00)  VarTrust: 0.000e+00 (0.000e+00)  DirAnchor: 0.000e+00 (0.000e+00)  BinReg: 0.000e+00 (0.000e+00)  SelBinAnchor: 0.000e+00 (0.000e+00)  ActBinMargin: 0.000e+00 (0.000e+00)  Time: 0.223s, 2291.46/s  (0.223s, 2294.90/s)  LR: 5.048e-06  RefW: 0.000e+00  AnchorRefW: 0.000e+00  Data: 0.007 (0.007)
Train: 28 [1750/2502 ( 70%)]  Loss: 51.405304 (51.4035)  BaseLoss: 51.405304 (51.4035)  RefAttnKL: 0.000e+00 (0.000e+00)  RefLogitKL: 0.000e+00 (0.000e+00)  AnchorRefAttnKL: 0.000e+00 (0.000e+00)  TeacherAttnKL: 0.000e+00 (0.000e+00)  TeacherRel: 0.000e+00 (0.000e+00)  TeacherAttnOut: 0.000e+00 (0.000e+00)  TeacherFeatOut: 0.000e+00 (0.000e+00)  ActScaleAnchor: 0.000e+00 (0.000e+00)  VarTrust: 0.000e+00 (0.000e+00)  DirAnchor: 0.000e+00 (0.000e+00)  BinReg: 0.000e+00 (0.000e+00)  SelBinAnchor: 0.000e+00 (0.000e+00)  ActBinMargin: 0.000e+00 (0.000e+00)  Time: 0.224s, 2288.06/s  (0.223s, 2295.06/s)  LR: 5.046e-06  RefW: 0.000e+00  AnchorRefW: 0.000e+00  Data: 0.006 (0.007)
Train: 28 [1800/2502 ( 72%)]  Loss: 51.415253 (51.4038)  BaseLoss: 51.415253 (51.4038)  RefAttnKL: 0.000e+00 (0.000e+00)  RefLogitKL: 0.000e+00 (0.000e+00)  AnchorRefAttnKL: 0.000e+00 (0.000e+00)  TeacherAttnKL: 0.000e+00 (0.000e+00)  TeacherRel: 0.000e+00 (0.000e+00)  TeacherAttnOut: 0.000e+00 (0.000e+00)  TeacherFeatOut: 0.000e+00 (0.000e+00)  ActScaleAnchor: 0.000e+00 (0.000e+00)  VarTrust: 0.000e+00 (0.000e+00)  DirAnchor: 0.000e+00 (0.000e+00)  BinReg: 0.000e+00 (0.000e+00)  SelBinAnchor: 0.000e+00 (0.000e+00)  ActBinMargin: 0.000e+00 (0.000e+00)  Time: 0.223s, 2292.75/s  (0.223s, 2295.20/s)  LR: 5.045e-06  RefW: 0.000e+00  AnchorRefW: 0.000e+00  Data: 0.007 (0.007)
Train: 28 [1850/2502 ( 74%)]  Loss: 51.359219 (51.4026)  BaseLoss: 51.359219 (51.4026)  RefAttnKL: 0.000e+00 (0.000e+00)  RefLogitKL: 0.000e+00 (0.000e+00)  AnchorRefAttnKL: 0.000e+00 (0.000e+00)  TeacherAttnKL: 0.000e+00 (0.000e+00)  TeacherRel: 0.000e+00 (0.000e+00)  TeacherAttnOut: 0.000e+00 (0.000e+00)  TeacherFeatOut: 0.000e+00 (0.000e+00)  ActScaleAnchor: 0.000e+00 (0.000e+00)  VarTrust: 0.000e+00 (0.000e+00)  DirAnchor: 0.000e+00 (0.000e+00)  BinReg: 0.000e+00 (0.000e+00)  SelBinAnchor: 0.000e+00 (0.000e+00)  ActBinMargin: 0.000e+00 (0.000e+00)  Time: 0.223s, 2291.97/s  (0.223s, 2295.28/s)  LR: 5.043e-06  RefW: 0.000e+00  AnchorRefW: 0.000e+00  Data: 0.007 (0.007)
Train: 28 [1900/2502 ( 76%)]  Loss: 51.417377 (51.4030)  BaseLoss: 51.417377 (51.4030)  RefAttnKL: 0.000e+00 (0.000e+00)  RefLogitKL: 0.000e+00 (0.000e+00)  AnchorRefAttnKL: 0.000e+00 (0.000e+00)  TeacherAttnKL: 0.000e+00 (0.000e+00)  TeacherRel: 0.000e+00 (0.000e+00)  TeacherAttnOut: 0.000e+00 (0.000e+00)  TeacherFeatOut: 0.000e+00 (0.000e+00)  ActScaleAnchor: 0.000e+00 (0.000e+00)  VarTrust: 0.000e+00 (0.000e+00)  DirAnchor: 0.000e+00 (0.000e+00)  BinReg: 0.000e+00 (0.000e+00)  SelBinAnchor: 0.000e+00 (0.000e+00)  ActBinMargin: 0.000e+00 (0.000e+00)  Time: 0.224s, 2288.14/s  (0.223s, 2295.37/s)  LR: 5.042e-06  RefW: 0.000e+00  AnchorRefW: 0.000e+00  Data: 0.008 (0.007)
Train: 28 [1950/2502 ( 78%)]  Loss: 51.433716 (51.4038)  BaseLoss: 51.433716 (51.4038)  RefAttnKL: 0.000e+00 (0.000e+00)  RefLogitKL: 0.000e+00 (0.000e+00)  AnchorRefAttnKL: 0.000e+00 (0.000e+00)  TeacherAttnKL: 0.000e+00 (0.000e+00)  TeacherRel: 0.000e+00 (0.000e+00)  TeacherAttnOut: 0.000e+00 (0.000e+00)  TeacherFeatOut: 0.000e+00 (0.000e+00)  ActScaleAnchor: 0.000e+00 (0.000e+00)  VarTrust: 0.000e+00 (0.000e+00)  DirAnchor: 0.000e+00 (0.000e+00)  BinReg: 0.000e+00 (0.000e+00)  SelBinAnchor: 0.000e+00 (0.000e+00)  ActBinMargin: 0.000e+00 (0.000e+00)  Time: 0.223s, 2294.29/s  (0.223s, 2295.50/s)  LR: 5.041e-06  RefW: 0.000e+00  AnchorRefW: 0.000e+00  Data: 0.007 (0.007)
Train: 28 [2000/2502 ( 80%)]  Loss: 51.414642 (51.4040)  BaseLoss: 51.414642 (51.4040)  RefAttnKL: 0.000e+00 (0.000e+00)  RefLogitKL: 0.000e+00 (0.000e+00)  AnchorRefAttnKL: 0.000e+00 (0.000e+00)  TeacherAttnKL: 0.000e+00 (0.000e+00)  TeacherRel: 0.000e+00 (0.000e+00)  TeacherAttnOut: 0.000e+00 (0.000e+00)  TeacherFeatOut: 0.000e+00 (0.000e+00)  ActScaleAnchor: 0.000e+00 (0.000e+00)  VarTrust: 0.000e+00 (0.000e+00)  DirAnchor: 0.000e+00 (0.000e+00)  BinReg: 0.000e+00 (0.000e+00)  SelBinAnchor: 0.000e+00 (0.000e+00)  ActBinMargin: 0.000e+00 (0.000e+00)  Time: 0.223s, 2291.14/s  (0.223s, 2295.62/s)  LR: 5.039e-06  RefW: 0.000e+00  AnchorRefW: 0.000e+00  Data: 0.007 (0.007)
Train: 28 [2050/2502 ( 82%)]  Loss: 51.369854 (51.4032)  BaseLoss: 51.369854 (51.4032)  RefAttnKL: 0.000e+00 (0.000e+00)  RefLogitKL: 0.000e+00 (0.000e+00)  AnchorRefAttnKL: 0.000e+00 (0.000e+00)  TeacherAttnKL: 0.000e+00 (0.000e+00)  TeacherRel: 0.000e+00 (0.000e+00)  TeacherAttnOut: 0.000e+00 (0.000e+00)  TeacherFeatOut: 0.000e+00 (0.000e+00)  ActScaleAnchor: 0.000e+00 (0.000e+00)  VarTrust: 0.000e+00 (0.000e+00)  DirAnchor: 0.000e+00 (0.000e+00)  BinReg: 0.000e+00 (0.000e+00)  SelBinAnchor: 0.000e+00 (0.000e+00)  ActBinMargin: 0.000e+00 (0.000e+00)  Time: 0.224s, 2281.82/s  (0.223s, 2295.74/s)  LR: 5.038e-06  RefW: 0.000e+00  AnchorRefW: 0.000e+00  Data: 0.007 (0.007)
Train: 28 [2100/2502 ( 84%)]  Loss: 51.407932 (51.4033)  BaseLoss: 51.407932 (51.4033)  RefAttnKL: 0.000e+00 (0.000e+00)  RefLogitKL: 0.000e+00 (0.000e+00)  AnchorRefAttnKL: 0.000e+00 (0.000e+00)  TeacherAttnKL: 0.000e+00 (0.000e+00)  TeacherRel: 0.000e+00 (0.000e+00)  TeacherAttnOut: 0.000e+00 (0.000e+00)  TeacherFeatOut: 0.000e+00 (0.000e+00)  ActScaleAnchor: 0.000e+00 (0.000e+00)  VarTrust: 0.000e+00 (0.000e+00)  DirAnchor: 0.000e+00 (0.000e+00)  BinReg: 0.000e+00 (0.000e+00)  SelBinAnchor: 0.000e+00 (0.000e+00)  ActBinMargin: 0.000e+00 (0.000e+00)  Time: 0.223s, 2298.19/s  (0.223s, 2295.74/s)  LR: 5.037e-06  RefW: 0.000e+00  AnchorRefW: 0.000e+00  Data: 0.008 (0.007)
Train: 28 [2150/2502 ( 86%)]  Loss: 51.381126 (51.4028)  BaseLoss: 51.381126 (51.4028)  RefAttnKL: 0.000e+00 (0.000e+00)  RefLogitKL: 0.000e+00 (0.000e+00)  AnchorRefAttnKL: 0.000e+00 (0.000e+00)  TeacherAttnKL: 0.000e+00 (0.000e+00)  TeacherRel: 0.000e+00 (0.000e+00)  TeacherAttnOut: 0.000e+00 (0.000e+00)  TeacherFeatOut: 0.000e+00 (0.000e+00)  ActScaleAnchor: 0.000e+00 (0.000e+00)  VarTrust: 0.000e+00 (0.000e+00)  DirAnchor: 0.000e+00 (0.000e+00)  BinReg: 0.000e+00 (0.000e+00)  SelBinAnchor: 0.000e+00 (0.000e+00)  ActBinMargin: 0.000e+00 (0.000e+00)  Time: 0.223s, 2296.66/s  (0.223s, 2295.86/s)  LR: 5.036e-06  RefW: 0.000e+00  AnchorRefW: 0.000e+00  Data: 0.007 (0.007)
Train: 28 [2200/2502 ( 88%)]  Loss: 51.394802 (51.4027)  BaseLoss: 51.394802 (51.4027)  RefAttnKL: 0.000e+00 (0.000e+00)  RefLogitKL: 0.000e+00 (0.000e+00)  AnchorRefAttnKL: 0.000e+00 (0.000e+00)  TeacherAttnKL: 0.000e+00 (0.000e+00)  TeacherRel: 0.000e+00 (0.000e+00)  TeacherAttnOut: 0.000e+00 (0.000e+00)  TeacherFeatOut: 0.000e+00 (0.000e+00)  ActScaleAnchor: 0.000e+00 (0.000e+00)  VarTrust: 0.000e+00 (0.000e+00)  DirAnchor: 0.000e+00 (0.000e+00)  BinReg: 0.000e+00 (0.000e+00)  SelBinAnchor: 0.000e+00 (0.000e+00)  ActBinMargin: 0.000e+00 (0.000e+00)  Time: 0.224s, 2285.16/s  (0.223s, 2295.76/s)  LR: 5.034e-06  RefW: 0.000e+00  AnchorRefW: 0.000e+00  Data: 0.006 (0.007)
Train: 28 [2250/2502 ( 90%)]  Loss: 51.399094 (51.4026)  BaseLoss: 51.399094 (51.4026)  RefAttnKL: 0.000e+00 (0.000e+00)  RefLogitKL: 0.000e+00 (0.000e+00)  AnchorRefAttnKL: 0.000e+00 (0.000e+00)  TeacherAttnKL: 0.000e+00 (0.000e+00)  TeacherRel: 0.000e+00 (0.000e+00)  TeacherAttnOut: 0.000e+00 (0.000e+00)  TeacherFeatOut: 0.000e+00 (0.000e+00)  ActScaleAnchor: 0.000e+00 (0.000e+00)  VarTrust: 0.000e+00 (0.000e+00)  DirAnchor: 0.000e+00 (0.000e+00)  BinReg: 0.000e+00 (0.000e+00)  SelBinAnchor: 0.000e+00 (0.000e+00)  ActBinMargin: 0.000e+00 (0.000e+00)  Time: 0.224s, 2287.47/s  (0.223s, 2295.83/s)  LR: 5.033e-06  RefW: 0.000e+00  AnchorRefW: 0.000e+00  Data: 0.007 (0.007)
Train: 28 [2300/2502 ( 92%)]  Loss: 51.436176 (51.4033)  BaseLoss: 51.436176 (51.4033)  RefAttnKL: 0.000e+00 (0.000e+00)  RefLogitKL: 0.000e+00 (0.000e+00)  AnchorRefAttnKL: 0.000e+00 (0.000e+00)  TeacherAttnKL: 0.000e+00 (0.000e+00)  TeacherRel: 0.000e+00 (0.000e+00)  TeacherAttnOut: 0.000e+00 (0.000e+00)  TeacherFeatOut: 0.000e+00 (0.000e+00)  ActScaleAnchor: 0.000e+00 (0.000e+00)  VarTrust: 0.000e+00 (0.000e+00)  DirAnchor: 0.000e+00 (0.000e+00)  BinReg: 0.000e+00 (0.000e+00)  SelBinAnchor: 0.000e+00 (0.000e+00)  ActBinMargin: 0.000e+00 (0.000e+00)  Time: 0.224s, 2281.08/s  (0.223s, 2295.88/s)  LR: 5.032e-06  RefW: 0.000e+00  AnchorRefW: 0.000e+00  Data: 0.007 (0.007)
Train: 28 [2350/2502 ( 94%)]  Loss: 51.415512 (51.4035)  BaseLoss: 51.415512 (51.4035)  RefAttnKL: 0.000e+00 (0.000e+00)  RefLogitKL: 0.000e+00 (0.000e+00)  AnchorRefAttnKL: 0.000e+00 (0.000e+00)  TeacherAttnKL: 0.000e+00 (0.000e+00)  TeacherRel: 0.000e+00 (0.000e+00)  TeacherAttnOut: 0.000e+00 (0.000e+00)  TeacherFeatOut: 0.000e+00 (0.000e+00)  ActScaleAnchor: 0.000e+00 (0.000e+00)  VarTrust: 0.000e+00 (0.000e+00)  DirAnchor: 0.000e+00 (0.000e+00)  BinReg: 0.000e+00 (0.000e+00)  SelBinAnchor: 0.000e+00 (0.000e+00)  ActBinMargin: 0.000e+00 (0.000e+00)  Time: 0.223s, 2296.72/s  (0.223s, 2295.99/s)  LR: 5.031e-06  RefW: 0.000e+00  AnchorRefW: 0.000e+00  Data: 0.006 (0.007)
Train: 28 [2400/2502 ( 96%)]  Loss: 51.384380 (51.4032)  BaseLoss: 51.384380 (51.4032)  RefAttnKL: 0.000e+00 (0.000e+00)  RefLogitKL: 0.000e+00 (0.000e+00)  AnchorRefAttnKL: 0.000e+00 (0.000e+00)  TeacherAttnKL: 0.000e+00 (0.000e+00)  TeacherRel: 0.000e+00 (0.000e+00)  TeacherAttnOut: 0.000e+00 (0.000e+00)  TeacherFeatOut: 0.000e+00 (0.000e+00)  ActScaleAnchor: 0.000e+00 (0.000e+00)  VarTrust: 0.000e+00 (0.000e+00)  DirAnchor: 0.000e+00 (0.000e+00)  BinReg: 0.000e+00 (0.000e+00)  SelBinAnchor: 0.000e+00 (0.000e+00)  ActBinMargin: 0.000e+00 (0.000e+00)  Time: 0.223s, 2297.46/s  (0.223s, 2296.06/s)  LR: 5.030e-06  RefW: 0.000e+00  AnchorRefW: 0.000e+00  Data: 0.006 (0.007)
Train: 28 [2450/2502 ( 98%)]  Loss: 51.422836 (51.4035)  BaseLoss: 51.422836 (51.4035)  RefAttnKL: 0.000e+00 (0.000e+00)  RefLogitKL: 0.000e+00 (0.000e+00)  AnchorRefAttnKL: 0.000e+00 (0.000e+00)  TeacherAttnKL: 0.000e+00 (0.000e+00)  TeacherRel: 0.000e+00 (0.000e+00)  TeacherAttnOut: 0.000e+00 (0.000e+00)  TeacherFeatOut: 0.000e+00 (0.000e+00)  ActScaleAnchor: 0.000e+00 (0.000e+00)  VarTrust: 0.000e+00 (0.000e+00)  DirAnchor: 0.000e+00 (0.000e+00)  BinReg: 0.000e+00 (0.000e+00)  SelBinAnchor: 0.000e+00 (0.000e+00)  ActBinMargin: 0.000e+00 (0.000e+00)  Time: 0.223s, 2294.58/s  (0.223s, 2296.08/s)  LR: 5.029e-06  RefW: 0.000e+00  AnchorRefW: 0.000e+00  Data: 0.006 (0.007)
TrainSummary: epoch=28 updates=2496 avg_step_time=0.222981s samples_per_step=512 samples_per_sec=2296.16
epoch:  28 g['lr']:  5.02752184867859e-06
model eval
TestLocal: [   0/97]  Time: 1.062 (1.062)  Loss:  0.7810  Acc@1: 82.8125  Acc@5: 95.3125  Samples: 64
TestLocal: [  50/97]  Time: 0.091 (0.110)  Loss:  0.8231  Acc@1: 81.3113  Acc@5: 95.3431  Samples: 3264
TestLocal: [  97/97]  Time: 0.050 (0.100)  Loss:  0.8187  Acc@1: 81.3290  Acc@5: 95.3809  Samples: 6170
TestLocal: [ 100/97]  Time: 0.050 (0.098)  Loss:  0.8189  Acc@1: 81.3205  Acc@5: 95.3784  Samples: 6210
Test: [distributed-summary]  Time: 10.179s  Loss: 0.8421  Acc@1: 80.3940  Acc@5: 95.3540  Samples: 50000
Trainable parameter policy: epoch=29, quant_only=False, policy=all, trainable=28608256, frozen=0
AOQ explore scale ratio update: epoch=29, update=0, active=False, base_ratio=1.0, threshold_ratio=0.0, base_layers=(), selective_margin=0.0, base_quantizers=0, layer_ratios={}, layer_quantizers=0, layer_counts={}, quality_mode=none, quality_layers=(), quality_start_update=0, quality_min_frac=0.0, start_update=0, end_update=0
Trainable parameter update policy: epoch=29, update=0, mode=requires_grad, policy=all, trainable=28608256, frozen=0
Train: 29 [   0/2502 (  0%)]  Loss: 51.406849 (51.4068)  BaseLoss: 51.406849 (51.4068)  RefAttnKL: 0.000e+00 (0.000e+00)  RefLogitKL: 0.000e+00 (0.000e+00)  AnchorRefAttnKL: 0.000e+00 (0.000e+00)  TeacherAttnKL: 0.000e+00 (0.000e+00)  TeacherRel: 0.000e+00 (0.000e+00)  TeacherAttnOut: 0.000e+00 (0.000e+00)  TeacherFeatOut: 0.000e+00 (0.000e+00)  ActScaleAnchor: 0.000e+00 (0.000e+00)  VarTrust: 0.000e+00 (0.000e+00)  DirAnchor: 0.000e+00 (0.000e+00)  BinReg: 0.000e+00 (0.000e+00)  SelBinAnchor: 0.000e+00 (0.000e+00)  ActBinMargin: 0.000e+00 (0.000e+00)  Time: 0.829s,  617.96/s  (0.829s,  617.96/s)  LR: 5.027e-06  RefW: 0.000e+00  AnchorRefW: 0.000e+00  Data: 0.564 (0.564)
Train: 29 [  50/2502 (  2%)]  Loss: 51.388927 (51.3979)  BaseLoss: 51.388927 (51.3979)  RefAttnKL: 0.000e+00 (0.000e+00)  RefLogitKL: 0.000e+00 (0.000e+00)  AnchorRefAttnKL: 0.000e+00 (0.000e+00)  TeacherAttnKL: 0.000e+00 (0.000e+00)  TeacherRel: 0.000e+00 (0.000e+00)  TeacherAttnOut: 0.000e+00 (0.000e+00)  TeacherFeatOut: 0.000e+00 (0.000e+00)  ActScaleAnchor: 0.000e+00 (0.000e+00)  VarTrust: 0.000e+00 (0.000e+00)  DirAnchor: 0.000e+00 (0.000e+00)  BinReg: 0.000e+00 (0.000e+00)  SelBinAnchor: 0.000e+00 (0.000e+00)  ActBinMargin: 0.000e+00 (0.000e+00)  Time: 0.224s, 2290.59/s  (0.235s, 2181.62/s)  LR: 5.026e-06  RefW: 0.000e+00  AnchorRefW: 0.000e+00  Data: 0.008 (0.017)
Train: 29 [ 100/2502 (  4%)]  Loss: 51.408890 (51.4016)  BaseLoss: 51.408890 (51.4016)  RefAttnKL: 0.000e+00 (0.000e+00)  RefLogitKL: 0.000e+00 (0.000e+00)  AnchorRefAttnKL: 0.000e+00 (0.000e+00)  TeacherAttnKL: 0.000e+00 (0.000e+00)  TeacherRel: 0.000e+00 (0.000e+00)  TeacherAttnOut: 0.000e+00 (0.000e+00)  TeacherFeatOut: 0.000e+00 (0.000e+00)  ActScaleAnchor: 0.000e+00 (0.000e+00)  VarTrust: 0.000e+00 (0.000e+00)  DirAnchor: 0.000e+00 (0.000e+00)  BinReg: 0.000e+00 (0.000e+00)  SelBinAnchor: 0.000e+00 (0.000e+00)  ActBinMargin: 0.000e+00 (0.000e+00)  Time: 0.223s, 2293.43/s  (0.229s, 2236.49/s)  LR: 5.025e-06  RefW: 0.000e+00  AnchorRefW: 0.000e+00  Data: 0.006 (0.012)
Train: 29 [ 150/2502 (  6%)]  Loss: 51.376720 (51.3953)  BaseLoss: 51.376720 (51.3953)  RefAttnKL: 0.000e+00 (0.000e+00)  RefLogitKL: 0.000e+00 (0.000e+00)  AnchorRefAttnKL: 0.000e+00 (0.000e+00)  TeacherAttnKL: 0.000e+00 (0.000e+00)  TeacherRel: 0.000e+00 (0.000e+00)  TeacherAttnOut: 0.000e+00 (0.000e+00)  TeacherFeatOut: 0.000e+00 (0.000e+00)  ActScaleAnchor: 0.000e+00 (0.000e+00)  VarTrust: 0.000e+00 (0.000e+00)  DirAnchor: 0.000e+00 (0.000e+00)  BinReg: 0.000e+00 (0.000e+00)  SelBinAnchor: 0.000e+00 (0.000e+00)  ActBinMargin: 0.000e+00 (0.000e+00)  Time: 0.223s, 2296.89/s  (0.227s, 2257.27/s)  LR: 5.024e-06  RefW: 0.000e+00  AnchorRefW: 0.000e+00  Data: 0.006 (0.010)
Train: 29 [ 200/2502 (  8%)]  Loss: 51.406414 (51.3976)  BaseLoss: 51.406414 (51.3976)  RefAttnKL: 0.000e+00 (0.000e+00)  RefLogitKL: 0.000e+00 (0.000e+00)  AnchorRefAttnKL: 0.000e+00 (0.000e+00)  TeacherAttnKL: 0.000e+00 (0.000e+00)  TeacherRel: 0.000e+00 (0.000e+00)  TeacherAttnOut: 0.000e+00 (0.000e+00)  TeacherFeatOut: 0.000e+00 (0.000e+00)  ActScaleAnchor: 0.000e+00 (0.000e+00)  VarTrust: 0.000e+00 (0.000e+00)  DirAnchor: 0.000e+00 (0.000e+00)  BinReg: 0.000e+00 (0.000e+00)  SelBinAnchor: 0.000e+00 (0.000e+00)  ActBinMargin: 0.000e+00 (0.000e+00)  Time: 0.223s, 2294.97/s  (0.226s, 2267.80/s)  LR: 5.023e-06  RefW: 0.000e+00  AnchorRefW: 0.000e+00  Data: 0.006 (0.009)
Train: 29 [ 250/2502 ( 10%)]  Loss: 51.437889 (51.4043)  BaseLoss: 51.437889 (51.4043)  RefAttnKL: 0.000e+00 (0.000e+00)  RefLogitKL: 0.000e+00 (0.000e+00)  AnchorRefAttnKL: 0.000e+00 (0.000e+00)  TeacherAttnKL: 0.000e+00 (0.000e+00)  TeacherRel: 0.000e+00 (0.000e+00)  TeacherAttnOut: 0.000e+00 (0.000e+00)  TeacherFeatOut: 0.000e+00 (0.000e+00)  ActScaleAnchor: 0.000e+00 (0.000e+00)  VarTrust: 0.000e+00 (0.000e+00)  DirAnchor: 0.000e+00 (0.000e+00)  BinReg: 0.000e+00 (0.000e+00)  SelBinAnchor: 0.000e+00 (0.000e+00)  ActBinMargin: 0.000e+00 (0.000e+00)  Time: 0.223s, 2298.06/s  (0.225s, 2273.31/s)  LR: 5.022e-06  RefW: 0.000e+00  AnchorRefW: 0.000e+00  Data: 0.007 (0.008)
Train: 29 [ 300/2502 ( 12%)]  Loss: 51.380295 (51.4009)  BaseLoss: 51.380295 (51.4009)  RefAttnKL: 0.000e+00 (0.000e+00)  RefLogitKL: 0.000e+00 (0.000e+00)  AnchorRefAttnKL: 0.000e+00 (0.000e+00)  TeacherAttnKL: 0.000e+00 (0.000e+00)  TeacherRel: 0.000e+00 (0.000e+00)  TeacherAttnOut: 0.000e+00 (0.000e+00)  TeacherFeatOut: 0.000e+00 (0.000e+00)  ActScaleAnchor: 0.000e+00 (0.000e+00)  VarTrust: 0.000e+00 (0.000e+00)  DirAnchor: 0.000e+00 (0.000e+00)  BinReg: 0.000e+00 (0.000e+00)  SelBinAnchor: 0.000e+00 (0.000e+00)  ActBinMargin: 0.000e+00 (0.000e+00)  Time: 0.223s, 2298.83/s  (0.225s, 2277.74/s)  LR: 5.021e-06  RefW: 0.000e+00  AnchorRefW: 0.000e+00  Data: 0.006 (0.008)
Train: 29 [ 350/2502 ( 14%)]  Loss: 51.460415 (51.4083)  BaseLoss: 51.460415 (51.4083)  RefAttnKL: 0.000e+00 (0.000e+00)  RefLogitKL: 0.000e+00 (0.000e+00)  AnchorRefAttnKL: 0.000e+00 (0.000e+00)  TeacherAttnKL: 0.000e+00 (0.000e+00)  TeacherRel: 0.000e+00 (0.000e+00)  TeacherAttnOut: 0.000e+00 (0.000e+00)  TeacherFeatOut: 0.000e+00 (0.000e+00)  ActScaleAnchor: 0.000e+00 (0.000e+00)  VarTrust: 0.000e+00 (0.000e+00)  DirAnchor: 0.000e+00 (0.000e+00)  BinReg: 0.000e+00 (0.000e+00)  SelBinAnchor: 0.000e+00 (0.000e+00)  ActBinMargin: 0.000e+00 (0.000e+00)  Time: 0.223s, 2296.50/s  (0.225s, 2280.32/s)  LR: 5.020e-06  RefW: 0.000e+00  AnchorRefW: 0.000e+00  Data: 0.006 (0.008)
Train: 29 [ 400/2502 ( 16%)]  Loss: 51.418449 (51.4094)  BaseLoss: 51.418449 (51.4094)  RefAttnKL: 0.000e+00 (0.000e+00)  RefLogitKL: 0.000e+00 (0.000e+00)  AnchorRefAttnKL: 0.000e+00 (0.000e+00)  TeacherAttnKL: 0.000e+00 (0.000e+00)  TeacherRel: 0.000e+00 (0.000e+00)  TeacherAttnOut: 0.000e+00 (0.000e+00)  TeacherFeatOut: 0.000e+00 (0.000e+00)  ActScaleAnchor: 0.000e+00 (0.000e+00)  VarTrust: 0.000e+00 (0.000e+00)  DirAnchor: 0.000e+00 (0.000e+00)  BinReg: 0.000e+00 (0.000e+00)  SelBinAnchor: 0.000e+00 (0.000e+00)  ActBinMargin: 0.000e+00 (0.000e+00)  Time: 0.224s, 2288.77/s  (0.224s, 2282.76/s)  LR: 5.019e-06  RefW: 0.000e+00  AnchorRefW: 0.000e+00  Data: 0.007 (0.008)
Train: 29 [ 450/2502 ( 18%)]  Loss: 51.422062 (51.4107)  BaseLoss: 51.422062 (51.4107)  RefAttnKL: 0.000e+00 (0.000e+00)  RefLogitKL: 0.000e+00 (0.000e+00)  AnchorRefAttnKL: 0.000e+00 (0.000e+00)  TeacherAttnKL: 0.000e+00 (0.000e+00)  TeacherRel: 0.000e+00 (0.000e+00)  TeacherAttnOut: 0.000e+00 (0.000e+00)  TeacherFeatOut: 0.000e+00 (0.000e+00)  ActScaleAnchor: 0.000e+00 (0.000e+00)  VarTrust: 0.000e+00 (0.000e+00)  DirAnchor: 0.000e+00 (0.000e+00)  BinReg: 0.000e+00 (0.000e+00)  SelBinAnchor: 0.000e+00 (0.000e+00)  ActBinMargin: 0.000e+00 (0.000e+00)  Time: 0.223s, 2295.01/s  (0.224s, 2283.87/s)  LR: 5.018e-06  RefW: 0.000e+00  AnchorRefW: 0.000e+00  Data: 0.008 (0.008)
Train: 29 [ 500/2502 ( 20%)]  Loss: 51.447708 (51.4141)  BaseLoss: 51.447708 (51.4141)  RefAttnKL: 0.000e+00 (0.000e+00)  RefLogitKL: 0.000e+00 (0.000e+00)  AnchorRefAttnKL: 0.000e+00 (0.000e+00)  TeacherAttnKL: 0.000e+00 (0.000e+00)  TeacherRel: 0.000e+00 (0.000e+00)  TeacherAttnOut: 0.000e+00 (0.000e+00)  TeacherFeatOut: 0.000e+00 (0.000e+00)  ActScaleAnchor: 0.000e+00 (0.000e+00)  VarTrust: 0.000e+00 (0.000e+00)  DirAnchor: 0.000e+00 (0.000e+00)  BinReg: 0.000e+00 (0.000e+00)  SelBinAnchor: 0.000e+00 (0.000e+00)  ActBinMargin: 0.000e+00 (0.000e+00)  Time: 0.223s, 2294.32/s  (0.224s, 2285.48/s)  LR: 5.018e-06  RefW: 0.000e+00  AnchorRefW: 0.000e+00  Data: 0.006 (0.007)
Train: 29 [ 550/2502 ( 22%)]  Loss: 51.439133 (51.4161)  BaseLoss: 51.439133 (51.4161)  RefAttnKL: 0.000e+00 (0.000e+00)  RefLogitKL: 0.000e+00 (0.000e+00)  AnchorRefAttnKL: 0.000e+00 (0.000e+00)  TeacherAttnKL: 0.000e+00 (0.000e+00)  TeacherRel: 0.000e+00 (0.000e+00)  TeacherAttnOut: 0.000e+00 (0.000e+00)  TeacherFeatOut: 0.000e+00 (0.000e+00)  ActScaleAnchor: 0.000e+00 (0.000e+00)  VarTrust: 0.000e+00 (0.000e+00)  DirAnchor: 0.000e+00 (0.000e+00)  BinReg: 0.000e+00 (0.000e+00)  SelBinAnchor: 0.000e+00 (0.000e+00)  ActBinMargin: 0.000e+00 (0.000e+00)  Time: 0.223s, 2293.21/s  (0.224s, 2286.68/s)  LR: 5.017e-06  RefW: 0.000e+00  AnchorRefW: 0.000e+00  Data: 0.006 (0.007)
Train: 29 [ 600/2502 ( 24%)]  Loss: 51.373032 (51.4128)  BaseLoss: 51.373032 (51.4128)  RefAttnKL: 0.000e+00 (0.000e+00)  RefLogitKL: 0.000e+00 (0.000e+00)  AnchorRefAttnKL: 0.000e+00 (0.000e+00)  TeacherAttnKL: 0.000e+00 (0.000e+00)  TeacherRel: 0.000e+00 (0.000e+00)  TeacherAttnOut: 0.000e+00 (0.000e+00)  TeacherFeatOut: 0.000e+00 (0.000e+00)  ActScaleAnchor: 0.000e+00 (0.000e+00)  VarTrust: 0.000e+00 (0.000e+00)  DirAnchor: 0.000e+00 (0.000e+00)  BinReg: 0.000e+00 (0.000e+00)  SelBinAnchor: 0.000e+00 (0.000e+00)  ActBinMargin: 0.000e+00 (0.000e+00)  Time: 0.223s, 2295.69/s  (0.224s, 2287.83/s)  LR: 5.016e-06  RefW: 0.000e+00  AnchorRefW: 0.000e+00  Data: 0.007 (0.007)
Train: 29 [ 650/2502 ( 26%)]  Loss: 51.393456 (51.4114)  BaseLoss: 51.393456 (51.4114)  RefAttnKL: 0.000e+00 (0.000e+00)  RefLogitKL: 0.000e+00 (0.000e+00)  AnchorRefAttnKL: 0.000e+00 (0.000e+00)  TeacherAttnKL: 0.000e+00 (0.000e+00)  TeacherRel: 0.000e+00 (0.000e+00)  TeacherAttnOut: 0.000e+00 (0.000e+00)  TeacherFeatOut: 0.000e+00 (0.000e+00)  ActScaleAnchor: 0.000e+00 (0.000e+00)  VarTrust: 0.000e+00 (0.000e+00)  DirAnchor: 0.000e+00 (0.000e+00)  BinReg: 0.000e+00 (0.000e+00)  SelBinAnchor: 0.000e+00 (0.000e+00)  ActBinMargin: 0.000e+00 (0.000e+00)  Time: 0.223s, 2291.60/s  (0.224s, 2288.71/s)  LR: 5.015e-06  RefW: 0.000e+00  AnchorRefW: 0.000e+00  Data: 0.008 (0.007)
Train: 29 [ 700/2502 ( 28%)]  Loss: 51.382915 (51.4095)  BaseLoss: 51.382915 (51.4095)  RefAttnKL: 0.000e+00 (0.000e+00)  RefLogitKL: 0.000e+00 (0.000e+00)  AnchorRefAttnKL: 0.000e+00 (0.000e+00)  TeacherAttnKL: 0.000e+00 (0.000e+00)  TeacherRel: 0.000e+00 (0.000e+00)  TeacherAttnOut: 0.000e+00 (0.000e+00)  TeacherFeatOut: 0.000e+00 (0.000e+00)  ActScaleAnchor: 0.000e+00 (0.000e+00)  VarTrust: 0.000e+00 (0.000e+00)  DirAnchor: 0.000e+00 (0.000e+00)  BinReg: 0.000e+00 (0.000e+00)  SelBinAnchor: 0.000e+00 (0.000e+00)  ActBinMargin: 0.000e+00 (0.000e+00)  Time: 0.224s, 2284.13/s  (0.224s, 2289.46/s)  LR: 5.014e-06  RefW: 0.000e+00  AnchorRefW: 0.000e+00  Data: 0.007 (0.007)
Train: 29 [ 750/2502 ( 30%)]  Loss: 51.335381 (51.4049)  BaseLoss: 51.335381 (51.4049)  RefAttnKL: 0.000e+00 (0.000e+00)  RefLogitKL: 0.000e+00 (0.000e+00)  AnchorRefAttnKL: 0.000e+00 (0.000e+00)  TeacherAttnKL: 0.000e+00 (0.000e+00)  TeacherRel: 0.000e+00 (0.000e+00)  TeacherAttnOut: 0.000e+00 (0.000e+00)  TeacherFeatOut: 0.000e+00 (0.000e+00)  ActScaleAnchor: 0.000e+00 (0.000e+00)  VarTrust: 0.000e+00 (0.000e+00)  DirAnchor: 0.000e+00 (0.000e+00)  BinReg: 0.000e+00 (0.000e+00)  SelBinAnchor: 0.000e+00 (0.000e+00)  ActBinMargin: 0.000e+00 (0.000e+00)  Time: 0.223s, 2298.34/s  (0.224s, 2289.95/s)  LR: 5.013e-06  RefW: 0.000e+00  AnchorRefW: 0.000e+00  Data: 0.006 (0.007)
Train: 29 [ 800/2502 ( 32%)]  Loss: 51.407150 (51.4050)  BaseLoss: 51.407150 (51.4050)  RefAttnKL: 0.000e+00 (0.000e+00)  RefLogitKL: 0.000e+00 (0.000e+00)  AnchorRefAttnKL: 0.000e+00 (0.000e+00)  TeacherAttnKL: 0.000e+00 (0.000e+00)  TeacherRel: 0.000e+00 (0.000e+00)  TeacherAttnOut: 0.000e+00 (0.000e+00)  TeacherFeatOut: 0.000e+00 (0.000e+00)  ActScaleAnchor: 0.000e+00 (0.000e+00)  VarTrust: 0.000e+00 (0.000e+00)  DirAnchor: 0.000e+00 (0.000e+00)  BinReg: 0.000e+00 (0.000e+00)  SelBinAnchor: 0.000e+00 (0.000e+00)  ActBinMargin: 0.000e+00 (0.000e+00)  Time: 0.224s, 2290.79/s  (0.224s, 2290.48/s)  LR: 5.013e-06  RefW: 0.000e+00  AnchorRefW: 0.000e+00  Data: 0.007 (0.007)
Train: 29 [ 850/2502 ( 34%)]  Loss: 51.358639 (51.4025)  BaseLoss: 51.358639 (51.4025)  RefAttnKL: 0.000e+00 (0.000e+00)  RefLogitKL: 0.000e+00 (0.000e+00)  AnchorRefAttnKL: 0.000e+00 (0.000e+00)  TeacherAttnKL: 0.000e+00 (0.000e+00)  TeacherRel: 0.000e+00 (0.000e+00)  TeacherAttnOut: 0.000e+00 (0.000e+00)  TeacherFeatOut: 0.000e+00 (0.000e+00)  ActScaleAnchor: 0.000e+00 (0.000e+00)  VarTrust: 0.000e+00 (0.000e+00)  DirAnchor: 0.000e+00 (0.000e+00)  BinReg: 0.000e+00 (0.000e+00)  SelBinAnchor: 0.000e+00 (0.000e+00)  ActBinMargin: 0.000e+00 (0.000e+00)  Time: 0.224s, 2287.47/s  (0.223s, 2291.05/s)  LR: 5.012e-06  RefW: 0.000e+00  AnchorRefW: 0.000e+00  Data: 0.007 (0.007)
Train: 29 [ 900/2502 ( 36%)]  Loss: 51.401344 (51.4024)  BaseLoss: 51.401344 (51.4024)  RefAttnKL: 0.000e+00 (0.000e+00)  RefLogitKL: 0.000e+00 (0.000e+00)  AnchorRefAttnKL: 0.000e+00 (0.000e+00)  TeacherAttnKL: 0.000e+00 (0.000e+00)  TeacherRel: 0.000e+00 (0.000e+00)  TeacherAttnOut: 0.000e+00 (0.000e+00)  TeacherFeatOut: 0.000e+00 (0.000e+00)  ActScaleAnchor: 0.000e+00 (0.000e+00)  VarTrust: 0.000e+00 (0.000e+00)  DirAnchor: 0.000e+00 (0.000e+00)  BinReg: 0.000e+00 (0.000e+00)  SelBinAnchor: 0.000e+00 (0.000e+00)  ActBinMargin: 0.000e+00 (0.000e+00)  Time: 0.224s, 2288.52/s  (0.223s, 2291.08/s)  LR: 5.011e-06  RefW: 0.000e+00  AnchorRefW: 0.000e+00  Data: 0.006 (0.007)
Train: 29 [ 950/2502 ( 38%)]  Loss: 51.364700 (51.4005)  BaseLoss: 51.364700 (51.4005)  RefAttnKL: 0.000e+00 (0.000e+00)  RefLogitKL: 0.000e+00 (0.000e+00)  AnchorRefAttnKL: 0.000e+00 (0.000e+00)  TeacherAttnKL: 0.000e+00 (0.000e+00)  TeacherRel: 0.000e+00 (0.000e+00)  TeacherAttnOut: 0.000e+00 (0.000e+00)  TeacherFeatOut: 0.000e+00 (0.000e+00)  ActScaleAnchor: 0.000e+00 (0.000e+00)  VarTrust: 0.000e+00 (0.000e+00)  DirAnchor: 0.000e+00 (0.000e+00)  BinReg: 0.000e+00 (0.000e+00)  SelBinAnchor: 0.000e+00 (0.000e+00)  ActBinMargin: 0.000e+00 (0.000e+00)  Time: 0.223s, 2295.45/s  (0.223s, 2291.57/s)  LR: 5.011e-06  RefW: 0.000e+00  AnchorRefW: 0.000e+00  Data: 0.006 (0.007)
Train: 29 [1000/2502 ( 40%)]  Loss: 51.416527 (51.4013)  BaseLoss: 51.416527 (51.4013)  RefAttnKL: 0.000e+00 (0.000e+00)  RefLogitKL: 0.000e+00 (0.000e+00)  AnchorRefAttnKL: 0.000e+00 (0.000e+00)  TeacherAttnKL: 0.000e+00 (0.000e+00)  TeacherRel: 0.000e+00 (0.000e+00)  TeacherAttnOut: 0.000e+00 (0.000e+00)  TeacherFeatOut: 0.000e+00 (0.000e+00)  ActScaleAnchor: 0.000e+00 (0.000e+00)  VarTrust: 0.000e+00 (0.000e+00)  DirAnchor: 0.000e+00 (0.000e+00)  BinReg: 0.000e+00 (0.000e+00)  SelBinAnchor: 0.000e+00 (0.000e+00)  ActBinMargin: 0.000e+00 (0.000e+00)  Time: 0.223s, 2294.41/s  (0.223s, 2291.65/s)  LR: 5.010e-06  RefW: 0.000e+00  AnchorRefW: 0.000e+00  Data: 0.006 (0.007)
Train: 29 [1050/2502 ( 42%)]  Loss: 51.395840 (51.4010)  BaseLoss: 51.395840 (51.4010)  RefAttnKL: 0.000e+00 (0.000e+00)  RefLogitKL: 0.000e+00 (0.000e+00)  AnchorRefAttnKL: 0.000e+00 (0.000e+00)  TeacherAttnKL: 0.000e+00 (0.000e+00)  TeacherRel: 0.000e+00 (0.000e+00)  TeacherAttnOut: 0.000e+00 (0.000e+00)  TeacherFeatOut: 0.000e+00 (0.000e+00)  ActScaleAnchor: 0.000e+00 (0.000e+00)  VarTrust: 0.000e+00 (0.000e+00)  DirAnchor: 0.000e+00 (0.000e+00)  BinReg: 0.000e+00 (0.000e+00)  SelBinAnchor: 0.000e+00 (0.000e+00)  ActBinMargin: 0.000e+00 (0.000e+00)  Time: 0.223s, 2296.01/s  (0.223s, 2292.02/s)  LR: 5.009e-06  RefW: 0.000e+00  AnchorRefW: 0.000e+00  Data: 0.007 (0.007)
Train: 29 [1100/2502 ( 44%)]  Loss: 51.347996 (51.3987)  BaseLoss: 51.347996 (51.3987)  RefAttnKL: 0.000e+00 (0.000e+00)  RefLogitKL: 0.000e+00 (0.000e+00)  AnchorRefAttnKL: 0.000e+00 (0.000e+00)  TeacherAttnKL: 0.000e+00 (0.000e+00)  TeacherRel: 0.000e+00 (0.000e+00)  TeacherAttnOut: 0.000e+00 (0.000e+00)  TeacherFeatOut: 0.000e+00 (0.000e+00)  ActScaleAnchor: 0.000e+00 (0.000e+00)  VarTrust: 0.000e+00 (0.000e+00)  DirAnchor: 0.000e+00 (0.000e+00)  BinReg: 0.000e+00 (0.000e+00)  SelBinAnchor: 0.000e+00 (0.000e+00)  ActBinMargin: 0.000e+00 (0.000e+00)  Time: 0.223s, 2295.53/s  (0.223s, 2292.06/s)  LR: 5.009e-06  RefW: 0.000e+00  AnchorRefW: 0.000e+00  Data: 0.007 (0.007)
Train: 29 [1150/2502 ( 46%)]  Loss: 51.407269 (51.3991)  BaseLoss: 51.407269 (51.3991)  RefAttnKL: 0.000e+00 (0.000e+00)  RefLogitKL: 0.000e+00 (0.000e+00)  AnchorRefAttnKL: 0.000e+00 (0.000e+00)  TeacherAttnKL: 0.000e+00 (0.000e+00)  TeacherRel: 0.000e+00 (0.000e+00)  TeacherAttnOut: 0.000e+00 (0.000e+00)  TeacherFeatOut: 0.000e+00 (0.000e+00)  ActScaleAnchor: 0.000e+00 (0.000e+00)  VarTrust: 0.000e+00 (0.000e+00)  DirAnchor: 0.000e+00 (0.000e+00)  BinReg: 0.000e+00 (0.000e+00)  SelBinAnchor: 0.000e+00 (0.000e+00)  ActBinMargin: 0.000e+00 (0.000e+00)  Time: 0.223s, 2295.60/s  (0.223s, 2292.43/s)  LR: 5.008e-06  RefW: 0.000e+00  AnchorRefW: 0.000e+00  Data: 0.006 (0.007)
Train: 29 [1200/2502 ( 48%)]  Loss: 51.382332 (51.3984)  BaseLoss: 51.382332 (51.3984)  RefAttnKL: 0.000e+00 (0.000e+00)  RefLogitKL: 0.000e+00 (0.000e+00)  AnchorRefAttnKL: 0.000e+00 (0.000e+00)  TeacherAttnKL: 0.000e+00 (0.000e+00)  TeacherRel: 0.000e+00 (0.000e+00)  TeacherAttnOut: 0.000e+00 (0.000e+00)  TeacherFeatOut: 0.000e+00 (0.000e+00)  ActScaleAnchor: 0.000e+00 (0.000e+00)  VarTrust: 0.000e+00 (0.000e+00)  DirAnchor: 0.000e+00 (0.000e+00)  BinReg: 0.000e+00 (0.000e+00)  SelBinAnchor: 0.000e+00 (0.000e+00)  ActBinMargin: 0.000e+00 (0.000e+00)  Time: 0.224s, 2287.73/s  (0.223s, 2292.65/s)  LR: 5.007e-06  RefW: 0.000e+00  AnchorRefW: 0.000e+00  Data: 0.007 (0.007)
Train: 29 [1250/2502 ( 50%)]  Loss: 51.426968 (51.3995)  BaseLoss: 51.426968 (51.3995)  RefAttnKL: 0.000e+00 (0.000e+00)  RefLogitKL: 0.000e+00 (0.000e+00)  AnchorRefAttnKL: 0.000e+00 (0.000e+00)  TeacherAttnKL: 0.000e+00 (0.000e+00)  TeacherRel: 0.000e+00 (0.000e+00)  TeacherAttnOut: 0.000e+00 (0.000e+00)  TeacherFeatOut: 0.000e+00 (0.000e+00)  ActScaleAnchor: 0.000e+00 (0.000e+00)  VarTrust: 0.000e+00 (0.000e+00)  DirAnchor: 0.000e+00 (0.000e+00)  BinReg: 0.000e+00 (0.000e+00)  SelBinAnchor: 0.000e+00 (0.000e+00)  ActBinMargin: 0.000e+00 (0.000e+00)  Time: 0.224s, 2288.21/s  (0.223s, 2292.89/s)  LR: 5.007e-06  RefW: 0.000e+00  AnchorRefW: 0.000e+00  Data: 0.008 (0.007)
Train: 29 [1300/2502 ( 52%)]  Loss: 51.404667 (51.3997)  BaseLoss: 51.404667 (51.3997)  RefAttnKL: 0.000e+00 (0.000e+00)  RefLogitKL: 0.000e+00 (0.000e+00)  AnchorRefAttnKL: 0.000e+00 (0.000e+00)  TeacherAttnKL: 0.000e+00 (0.000e+00)  TeacherRel: 0.000e+00 (0.000e+00)  TeacherAttnOut: 0.000e+00 (0.000e+00)  TeacherFeatOut: 0.000e+00 (0.000e+00)  ActScaleAnchor: 0.000e+00 (0.000e+00)  VarTrust: 0.000e+00 (0.000e+00)  DirAnchor: 0.000e+00 (0.000e+00)  BinReg: 0.000e+00 (0.000e+00)  SelBinAnchor: 0.000e+00 (0.000e+00)  ActBinMargin: 0.000e+00 (0.000e+00)  Time: 0.223s, 2294.17/s  (0.223s, 2293.12/s)  LR: 5.006e-06  RefW: 0.000e+00  AnchorRefW: 0.000e+00  Data: 0.006 (0.007)
Train: 29 [1350/2502 ( 54%)]  Loss: 51.402122 (51.3998)  BaseLoss: 51.402122 (51.3998)  RefAttnKL: 0.000e+00 (0.000e+00)  RefLogitKL: 0.000e+00 (0.000e+00)  AnchorRefAttnKL: 0.000e+00 (0.000e+00)  TeacherAttnKL: 0.000e+00 (0.000e+00)  TeacherRel: 0.000e+00 (0.000e+00)  TeacherAttnOut: 0.000e+00 (0.000e+00)  TeacherFeatOut: 0.000e+00 (0.000e+00)  ActScaleAnchor: 0.000e+00 (0.000e+00)  VarTrust: 0.000e+00 (0.000e+00)  DirAnchor: 0.000e+00 (0.000e+00)  BinReg: 0.000e+00 (0.000e+00)  SelBinAnchor: 0.000e+00 (0.000e+00)  ActBinMargin: 0.000e+00 (0.000e+00)  Time: 0.224s, 2290.08/s  (0.223s, 2293.40/s)  LR: 5.006e-06  RefW: 0.000e+00  AnchorRefW: 0.000e+00  Data: 0.006 (0.007)
Train: 29 [1400/2502 ( 56%)]  Loss: 51.402489 (51.3999)  BaseLoss: 51.402489 (51.3999)  RefAttnKL: 0.000e+00 (0.000e+00)  RefLogitKL: 0.000e+00 (0.000e+00)  AnchorRefAttnKL: 0.000e+00 (0.000e+00)  TeacherAttnKL: 0.000e+00 (0.000e+00)  TeacherRel: 0.000e+00 (0.000e+00)  TeacherAttnOut: 0.000e+00 (0.000e+00)  TeacherFeatOut: 0.000e+00 (0.000e+00)  ActScaleAnchor: 0.000e+00 (0.000e+00)  VarTrust: 0.000e+00 (0.000e+00)  DirAnchor: 0.000e+00 (0.000e+00)  BinReg: 0.000e+00 (0.000e+00)  SelBinAnchor: 0.000e+00 (0.000e+00)  ActBinMargin: 0.000e+00 (0.000e+00)  Time: 0.224s, 2290.73/s  (0.223s, 2293.64/s)  LR: 5.005e-06  RefW: 0.000e+00  AnchorRefW: 0.000e+00  Data: 0.006 (0.007)
Train: 29 [1450/2502 ( 58%)]  Loss: 51.441151 (51.4013)  BaseLoss: 51.441151 (51.4013)  RefAttnKL: 0.000e+00 (0.000e+00)  RefLogitKL: 0.000e+00 (0.000e+00)  AnchorRefAttnKL: 0.000e+00 (0.000e+00)  TeacherAttnKL: 0.000e+00 (0.000e+00)  TeacherRel: 0.000e+00 (0.000e+00)  TeacherAttnOut: 0.000e+00 (0.000e+00)  TeacherFeatOut: 0.000e+00 (0.000e+00)  ActScaleAnchor: 0.000e+00 (0.000e+00)  VarTrust: 0.000e+00 (0.000e+00)  DirAnchor: 0.000e+00 (0.000e+00)  BinReg: 0.000e+00 (0.000e+00)  SelBinAnchor: 0.000e+00 (0.000e+00)  ActBinMargin: 0.000e+00 (0.000e+00)  Time: 0.224s, 2283.81/s  (0.223s, 2293.87/s)  LR: 5.005e-06  RefW: 0.000e+00  AnchorRefW: 0.000e+00  Data: 0.008 (0.007)
Train: 29 [1500/2502 ( 60%)]  Loss: 51.426277 (51.4021)  BaseLoss: 51.426277 (51.4021)  RefAttnKL: 0.000e+00 (0.000e+00)  RefLogitKL: 0.000e+00 (0.000e+00)  AnchorRefAttnKL: 0.000e+00 (0.000e+00)  TeacherAttnKL: 0.000e+00 (0.000e+00)  TeacherRel: 0.000e+00 (0.000e+00)  TeacherAttnOut: 0.000e+00 (0.000e+00)  TeacherFeatOut: 0.000e+00 (0.000e+00)  ActScaleAnchor: 0.000e+00 (0.000e+00)  VarTrust: 0.000e+00 (0.000e+00)  DirAnchor: 0.000e+00 (0.000e+00)  BinReg: 0.000e+00 (0.000e+00)  SelBinAnchor: 0.000e+00 (0.000e+00)  ActBinMargin: 0.000e+00 (0.000e+00)  Time: 0.226s, 2262.83/s  (0.223s, 2294.03/s)  LR: 5.004e-06  RefW: 0.000e+00  AnchorRefW: 0.000e+00  Data: 0.006 (0.007)
Train: 29 [1550/2502 ( 62%)]  Loss: 51.392380 (51.4018)  BaseLoss: 51.392380 (51.4018)  RefAttnKL: 0.000e+00 (0.000e+00)  RefLogitKL: 0.000e+00 (0.000e+00)  AnchorRefAttnKL: 0.000e+00 (0.000e+00)  TeacherAttnKL: 0.000e+00 (0.000e+00)  TeacherRel: 0.000e+00 (0.000e+00)  TeacherAttnOut: 0.000e+00 (0.000e+00)  TeacherFeatOut: 0.000e+00 (0.000e+00)  ActScaleAnchor: 0.000e+00 (0.000e+00)  VarTrust: 0.000e+00 (0.000e+00)  DirAnchor: 0.000e+00 (0.000e+00)  BinReg: 0.000e+00 (0.000e+00)  SelBinAnchor: 0.000e+00 (0.000e+00)  ActBinMargin: 0.000e+00 (0.000e+00)  Time: 0.223s, 2293.08/s  (0.223s, 2293.96/s)  LR: 5.004e-06  RefW: 0.000e+00  AnchorRefW: 0.000e+00  Data: 0.006 (0.007)
Train: 29 [1600/2502 ( 64%)]  Loss: 51.391525 (51.4015)  BaseLoss: 51.391525 (51.4015)  RefAttnKL: 0.000e+00 (0.000e+00)  RefLogitKL: 0.000e+00 (0.000e+00)  AnchorRefAttnKL: 0.000e+00 (0.000e+00)  TeacherAttnKL: 0.000e+00 (0.000e+00)  TeacherRel: 0.000e+00 (0.000e+00)  TeacherAttnOut: 0.000e+00 (0.000e+00)  TeacherFeatOut: 0.000e+00 (0.000e+00)  ActScaleAnchor: 0.000e+00 (0.000e+00)  VarTrust: 0.000e+00 (0.000e+00)  DirAnchor: 0.000e+00 (0.000e+00)  BinReg: 0.000e+00 (0.000e+00)  SelBinAnchor: 0.000e+00 (0.000e+00)  ActBinMargin: 0.000e+00 (0.000e+00)  Time: 0.223s, 2300.58/s  (0.223s, 2294.14/s)  LR: 5.004e-06  RefW: 0.000e+00  AnchorRefW: 0.000e+00  Data: 0.006 (0.007)
Train: 29 [1650/2502 ( 66%)]  Loss: 51.426582 (51.4022)  BaseLoss: 51.426582 (51.4022)  RefAttnKL: 0.000e+00 (0.000e+00)  RefLogitKL: 0.000e+00 (0.000e+00)  AnchorRefAttnKL: 0.000e+00 (0.000e+00)  TeacherAttnKL: 0.000e+00 (0.000e+00)  TeacherRel: 0.000e+00 (0.000e+00)  TeacherAttnOut: 0.000e+00 (0.000e+00)  TeacherFeatOut: 0.000e+00 (0.000e+00)  ActScaleAnchor: 0.000e+00 (0.000e+00)  VarTrust: 0.000e+00 (0.000e+00)  DirAnchor: 0.000e+00 (0.000e+00)  BinReg: 0.000e+00 (0.000e+00)  SelBinAnchor: 0.000e+00 (0.000e+00)  ActBinMargin: 0.000e+00 (0.000e+00)  Time: 0.224s, 2288.01/s  (0.223s, 2294.23/s)  LR: 5.003e-06  RefW: 0.000e+00  AnchorRefW: 0.000e+00  Data: 0.007 (0.007)
Train: 29 [1700/2502 ( 68%)]  Loss: 51.407158 (51.4023)  BaseLoss: 51.407158 (51.4023)  RefAttnKL: 0.000e+00 (0.000e+00)  RefLogitKL: 0.000e+00 (0.000e+00)  AnchorRefAttnKL: 0.000e+00 (0.000e+00)  TeacherAttnKL: 0.000e+00 (0.000e+00)  TeacherRel: 0.000e+00 (0.000e+00)  TeacherAttnOut: 0.000e+00 (0.000e+00)  TeacherFeatOut: 0.000e+00 (0.000e+00)  ActScaleAnchor: 0.000e+00 (0.000e+00)  VarTrust: 0.000e+00 (0.000e+00)  DirAnchor: 0.000e+00 (0.000e+00)  BinReg: 0.000e+00 (0.000e+00)  SelBinAnchor: 0.000e+00 (0.000e+00)  ActBinMargin: 0.000e+00 (0.000e+00)  Time: 0.223s, 2295.48/s  (0.223s, 2294.40/s)  LR: 5.003e-06  RefW: 0.000e+00  AnchorRefW: 0.000e+00  Data: 0.007 (0.007)
Train: 29 [1750/2502 ( 70%)]  Loss: 51.420029 (51.4028)  BaseLoss: 51.420029 (51.4028)  RefAttnKL: 0.000e+00 (0.000e+00)  RefLogitKL: 0.000e+00 (0.000e+00)  AnchorRefAttnKL: 0.000e+00 (0.000e+00)  TeacherAttnKL: 0.000e+00 (0.000e+00)  TeacherRel: 0.000e+00 (0.000e+00)  TeacherAttnOut: 0.000e+00 (0.000e+00)  TeacherFeatOut: 0.000e+00 (0.000e+00)  ActScaleAnchor: 0.000e+00 (0.000e+00)  VarTrust: 0.000e+00 (0.000e+00)  DirAnchor: 0.000e+00 (0.000e+00)  BinReg: 0.000e+00 (0.000e+00)  SelBinAnchor: 0.000e+00 (0.000e+00)  ActBinMargin: 0.000e+00 (0.000e+00)  Time: 0.224s, 2287.37/s  (0.223s, 2294.44/s)  LR: 5.002e-06  RefW: 0.000e+00  AnchorRefW: 0.000e+00  Data: 0.006 (0.007)
Train: 29 [1800/2502 ( 72%)]  Loss: 51.402882 (51.4028)  BaseLoss: 51.402882 (51.4028)  RefAttnKL: 0.000e+00 (0.000e+00)  RefLogitKL: 0.000e+00 (0.000e+00)  AnchorRefAttnKL: 0.000e+00 (0.000e+00)  TeacherAttnKL: 0.000e+00 (0.000e+00)  TeacherRel: 0.000e+00 (0.000e+00)  TeacherAttnOut: 0.000e+00 (0.000e+00)  TeacherFeatOut: 0.000e+00 (0.000e+00)  ActScaleAnchor: 0.000e+00 (0.000e+00)  VarTrust: 0.000e+00 (0.000e+00)  DirAnchor: 0.000e+00 (0.000e+00)  BinReg: 0.000e+00 (0.000e+00)  SelBinAnchor: 0.000e+00 (0.000e+00)  ActBinMargin: 0.000e+00 (0.000e+00)  Time: 0.223s, 2294.80/s  (0.223s, 2294.59/s)  LR: 5.002e-06  RefW: 0.000e+00  AnchorRefW: 0.000e+00  Data: 0.007 (0.007)
Train: 29 [1850/2502 ( 74%)]  Loss: 51.363380 (51.4018)  BaseLoss: 51.363380 (51.4018)  RefAttnKL: 0.000e+00 (0.000e+00)  RefLogitKL: 0.000e+00 (0.000e+00)  AnchorRefAttnKL: 0.000e+00 (0.000e+00)  TeacherAttnKL: 0.000e+00 (0.000e+00)  TeacherRel: 0.000e+00 (0.000e+00)  TeacherAttnOut: 0.000e+00 (0.000e+00)  TeacherFeatOut: 0.000e+00 (0.000e+00)  ActScaleAnchor: 0.000e+00 (0.000e+00)  VarTrust: 0.000e+00 (0.000e+00)  DirAnchor: 0.000e+00 (0.000e+00)  BinReg: 0.000e+00 (0.000e+00)  SelBinAnchor: 0.000e+00 (0.000e+00)  ActBinMargin: 0.000e+00 (0.000e+00)  Time: 0.223s, 2296.65/s  (0.223s, 2294.68/s)  LR: 5.002e-06  RefW: 0.000e+00  AnchorRefW: 0.000e+00  Data: 0.007 (0.007)
Train: 29 [1900/2502 ( 76%)]  Loss: 51.418457 (51.4022)  BaseLoss: 51.418457 (51.4022)  RefAttnKL: 0.000e+00 (0.000e+00)  RefLogitKL: 0.000e+00 (0.000e+00)  AnchorRefAttnKL: 0.000e+00 (0.000e+00)  TeacherAttnKL: 0.000e+00 (0.000e+00)  TeacherRel: 0.000e+00 (0.000e+00)  TeacherAttnOut: 0.000e+00 (0.000e+00)  TeacherFeatOut: 0.000e+00 (0.000e+00)  ActScaleAnchor: 0.000e+00 (0.000e+00)  VarTrust: 0.000e+00 (0.000e+00)  DirAnchor: 0.000e+00 (0.000e+00)  BinReg: 0.000e+00 (0.000e+00)  SelBinAnchor: 0.000e+00 (0.000e+00)  ActBinMargin: 0.000e+00 (0.000e+00)  Time: 0.223s, 2291.06/s  (0.223s, 2294.82/s)  LR: 5.002e-06  RefW: 0.000e+00  AnchorRefW: 0.000e+00  Data: 0.006 (0.007)
Train: 29 [1950/2502 ( 78%)]  Loss: 51.450600 (51.4034)  BaseLoss: 51.450600 (51.4034)  RefAttnKL: 0.000e+00 (0.000e+00)  RefLogitKL: 0.000e+00 (0.000e+00)  AnchorRefAttnKL: 0.000e+00 (0.000e+00)  TeacherAttnKL: 0.000e+00 (0.000e+00)  TeacherRel: 0.000e+00 (0.000e+00)  TeacherAttnOut: 0.000e+00 (0.000e+00)  TeacherFeatOut: 0.000e+00 (0.000e+00)  ActScaleAnchor: 0.000e+00 (0.000e+00)  VarTrust: 0.000e+00 (0.000e+00)  DirAnchor: 0.000e+00 (0.000e+00)  BinReg: 0.000e+00 (0.000e+00)  SelBinAnchor: 0.000e+00 (0.000e+00)  ActBinMargin: 0.000e+00 (0.000e+00)  Time: 0.251s, 2043.24/s  (0.223s, 2294.53/s)  LR: 5.001e-06  RefW: 0.000e+00  AnchorRefW: 0.000e+00  Data: 0.006 (0.007)
Train: 29 [2000/2502 ( 80%)]  Loss: 51.439453 (51.4043)  BaseLoss: 51.439453 (51.4043)  RefAttnKL: 0.000e+00 (0.000e+00)  RefLogitKL: 0.000e+00 (0.000e+00)  AnchorRefAttnKL: 0.000e+00 (0.000e+00)  TeacherAttnKL: 0.000e+00 (0.000e+00)  TeacherRel: 0.000e+00 (0.000e+00)  TeacherAttnOut: 0.000e+00 (0.000e+00)  TeacherFeatOut: 0.000e+00 (0.000e+00)  ActScaleAnchor: 0.000e+00 (0.000e+00)  VarTrust: 0.000e+00 (0.000e+00)  DirAnchor: 0.000e+00 (0.000e+00)  BinReg: 0.000e+00 (0.000e+00)  SelBinAnchor: 0.000e+00 (0.000e+00)  ActBinMargin: 0.000e+00 (0.000e+00)  Time: 0.224s, 2289.90/s  (0.223s, 2294.67/s)  LR: 5.001e-06  RefW: 0.000e+00  AnchorRefW: 0.000e+00  Data: 0.007 (0.007)
Train: 29 [2050/2502 ( 82%)]  Loss: 51.366291 (51.4034)  BaseLoss: 51.366291 (51.4034)  RefAttnKL: 0.000e+00 (0.000e+00)  RefLogitKL: 0.000e+00 (0.000e+00)  AnchorRefAttnKL: 0.000e+00 (0.000e+00)  TeacherAttnKL: 0.000e+00 (0.000e+00)  TeacherRel: 0.000e+00 (0.000e+00)  TeacherAttnOut: 0.000e+00 (0.000e+00)  TeacherFeatOut: 0.000e+00 (0.000e+00)  ActScaleAnchor: 0.000e+00 (0.000e+00)  VarTrust: 0.000e+00 (0.000e+00)  DirAnchor: 0.000e+00 (0.000e+00)  BinReg: 0.000e+00 (0.000e+00)  SelBinAnchor: 0.000e+00 (0.000e+00)  ActBinMargin: 0.000e+00 (0.000e+00)  Time: 0.224s, 2284.50/s  (0.223s, 2294.62/s)  LR: 5.001e-06  RefW: 0.000e+00  AnchorRefW: 0.000e+00  Data: 0.008 (0.007)
Train: 29 [2100/2502 ( 84%)]  Loss: 51.370148 (51.4026)  BaseLoss: 51.370148 (51.4026)  RefAttnKL: 0.000e+00 (0.000e+00)  RefLogitKL: 0.000e+00 (0.000e+00)  AnchorRefAttnKL: 0.000e+00 (0.000e+00)  TeacherAttnKL: 0.000e+00 (0.000e+00)  TeacherRel: 0.000e+00 (0.000e+00)  TeacherAttnOut: 0.000e+00 (0.000e+00)  TeacherFeatOut: 0.000e+00 (0.000e+00)  ActScaleAnchor: 0.000e+00 (0.000e+00)  VarTrust: 0.000e+00 (0.000e+00)  DirAnchor: 0.000e+00 (0.000e+00)  BinReg: 0.000e+00 (0.000e+00)  SelBinAnchor: 0.000e+00 (0.000e+00)  ActBinMargin: 0.000e+00 (0.000e+00)  Time: 0.224s, 2289.80/s  (0.223s, 2294.73/s)  LR: 5.001e-06  RefW: 0.000e+00  AnchorRefW: 0.000e+00  Data: 0.006 (0.007)
Train: 29 [2150/2502 ( 86%)]  Loss: 51.373627 (51.4020)  BaseLoss: 51.373627 (51.4020)  RefAttnKL: 0.000e+00 (0.000e+00)  RefLogitKL: 0.000e+00 (0.000e+00)  AnchorRefAttnKL: 0.000e+00 (0.000e+00)  TeacherAttnKL: 0.000e+00 (0.000e+00)  TeacherRel: 0.000e+00 (0.000e+00)  TeacherAttnOut: 0.000e+00 (0.000e+00)  TeacherFeatOut: 0.000e+00 (0.000e+00)  ActScaleAnchor: 0.000e+00 (0.000e+00)  VarTrust: 0.000e+00 (0.000e+00)  DirAnchor: 0.000e+00 (0.000e+00)  BinReg: 0.000e+00 (0.000e+00)  SelBinAnchor: 0.000e+00 (0.000e+00)  ActBinMargin: 0.000e+00 (0.000e+00)  Time: 0.223s, 2298.06/s  (0.223s, 2294.82/s)  LR: 5.001e-06  RefW: 0.000e+00  AnchorRefW: 0.000e+00  Data: 0.006 (0.007)
Train: 29 [2200/2502 ( 88%)]  Loss: 51.403908 (51.4020)  BaseLoss: 51.403908 (51.4020)  RefAttnKL: 0.000e+00 (0.000e+00)  RefLogitKL: 0.000e+00 (0.000e+00)  AnchorRefAttnKL: 0.000e+00 (0.000e+00)  TeacherAttnKL: 0.000e+00 (0.000e+00)  TeacherRel: 0.000e+00 (0.000e+00)  TeacherAttnOut: 0.000e+00 (0.000e+00)  TeacherFeatOut: 0.000e+00 (0.000e+00)  ActScaleAnchor: 0.000e+00 (0.000e+00)  VarTrust: 0.000e+00 (0.000e+00)  DirAnchor: 0.000e+00 (0.000e+00)  BinReg: 0.000e+00 (0.000e+00)  SelBinAnchor: 0.000e+00 (0.000e+00)  ActBinMargin: 0.000e+00 (0.000e+00)  Time: 0.224s, 2288.98/s  (0.223s, 2294.82/s)  LR: 5.000e-06  RefW: 0.000e+00  AnchorRefW: 0.000e+00  Data: 0.007 (0.007)
Train: 29 [2250/2502 ( 90%)]  Loss: 51.391273 (51.4018)  BaseLoss: 51.391273 (51.4018)  RefAttnKL: 0.000e+00 (0.000e+00)  RefLogitKL: 0.000e+00 (0.000e+00)  AnchorRefAttnKL: 0.000e+00 (0.000e+00)  TeacherAttnKL: 0.000e+00 (0.000e+00)  TeacherRel: 0.000e+00 (0.000e+00)  TeacherAttnOut: 0.000e+00 (0.000e+00)  TeacherFeatOut: 0.000e+00 (0.000e+00)  ActScaleAnchor: 0.000e+00 (0.000e+00)  VarTrust: 0.000e+00 (0.000e+00)  DirAnchor: 0.000e+00 (0.000e+00)  BinReg: 0.000e+00 (0.000e+00)  SelBinAnchor: 0.000e+00 (0.000e+00)  ActBinMargin: 0.000e+00 (0.000e+00)  Time: 0.224s, 2287.37/s  (0.223s, 2294.93/s)  LR: 5.000e-06  RefW: 0.000e+00  AnchorRefW: 0.000e+00  Data: 0.008 (0.007)
Train: 29 [2300/2502 ( 92%)]  Loss: 51.413975 (51.4020)  BaseLoss: 51.413975 (51.4020)  RefAttnKL: 0.000e+00 (0.000e+00)  RefLogitKL: 0.000e+00 (0.000e+00)  AnchorRefAttnKL: 0.000e+00 (0.000e+00)  TeacherAttnKL: 0.000e+00 (0.000e+00)  TeacherRel: 0.000e+00 (0.000e+00)  TeacherAttnOut: 0.000e+00 (0.000e+00)  TeacherFeatOut: 0.000e+00 (0.000e+00)  ActScaleAnchor: 0.000e+00 (0.000e+00)  VarTrust: 0.000e+00 (0.000e+00)  DirAnchor: 0.000e+00 (0.000e+00)  BinReg: 0.000e+00 (0.000e+00)  SelBinAnchor: 0.000e+00 (0.000e+00)  ActBinMargin: 0.000e+00 (0.000e+00)  Time: 0.222s, 2304.44/s  (0.223s, 2295.00/s)  LR: 5.000e-06  RefW: 0.000e+00  AnchorRefW: 0.000e+00  Data: 0.006 (0.007)
Train: 29 [2350/2502 ( 94%)]  Loss: 51.421574 (51.4024)  BaseLoss: 51.421574 (51.4024)  RefAttnKL: 0.000e+00 (0.000e+00)  RefLogitKL: 0.000e+00 (0.000e+00)  AnchorRefAttnKL: 0.000e+00 (0.000e+00)  TeacherAttnKL: 0.000e+00 (0.000e+00)  TeacherRel: 0.000e+00 (0.000e+00)  TeacherAttnOut: 0.000e+00 (0.000e+00)  TeacherFeatOut: 0.000e+00 (0.000e+00)  ActScaleAnchor: 0.000e+00 (0.000e+00)  VarTrust: 0.000e+00 (0.000e+00)  DirAnchor: 0.000e+00 (0.000e+00)  BinReg: 0.000e+00 (0.000e+00)  SelBinAnchor: 0.000e+00 (0.000e+00)  ActBinMargin: 0.000e+00 (0.000e+00)  Time: 0.223s, 2296.43/s  (0.223s, 2295.12/s)  LR: 5.000e-06  RefW: 0.000e+00  AnchorRefW: 0.000e+00  Data: 0.007 (0.007)
Train: 29 [2400/2502 ( 96%)]  Loss: 51.374142 (51.4019)  BaseLoss: 51.374142 (51.4019)  RefAttnKL: 0.000e+00 (0.000e+00)  RefLogitKL: 0.000e+00 (0.000e+00)  AnchorRefAttnKL: 0.000e+00 (0.000e+00)  TeacherAttnKL: 0.000e+00 (0.000e+00)  TeacherRel: 0.000e+00 (0.000e+00)  TeacherAttnOut: 0.000e+00 (0.000e+00)  TeacherFeatOut: 0.000e+00 (0.000e+00)  ActScaleAnchor: 0.000e+00 (0.000e+00)  VarTrust: 0.000e+00 (0.000e+00)  DirAnchor: 0.000e+00 (0.000e+00)  BinReg: 0.000e+00 (0.000e+00)  SelBinAnchor: 0.000e+00 (0.000e+00)  ActBinMargin: 0.000e+00 (0.000e+00)  Time: 0.223s, 2300.81/s  (0.223s, 2295.18/s)  LR: 5.000e-06  RefW: 0.000e+00  AnchorRefW: 0.000e+00  Data: 0.006 (0.007)
Train: 29 [2450/2502 ( 98%)]  Loss: 51.429596 (51.4024)  BaseLoss: 51.429596 (51.4024)  RefAttnKL: 0.000e+00 (0.000e+00)  RefLogitKL: 0.000e+00 (0.000e+00)  AnchorRefAttnKL: 0.000e+00 (0.000e+00)  TeacherAttnKL: 0.000e+00 (0.000e+00)  TeacherRel: 0.000e+00 (0.000e+00)  TeacherAttnOut: 0.000e+00 (0.000e+00)  TeacherFeatOut: 0.000e+00 (0.000e+00)  ActScaleAnchor: 0.000e+00 (0.000e+00)  VarTrust: 0.000e+00 (0.000e+00)  DirAnchor: 0.000e+00 (0.000e+00)  BinReg: 0.000e+00 (0.000e+00)  SelBinAnchor: 0.000e+00 (0.000e+00)  ActBinMargin: 0.000e+00 (0.000e+00)  Time: 0.223s, 2293.99/s  (0.223s, 2295.28/s)  LR: 5.000e-06  RefW: 0.000e+00  AnchorRefW: 0.000e+00  Data: 0.007 (0.007)
TrainSummary: epoch=29 updates=2496 avg_step_time=0.223056s samples_per_step=512 samples_per_sec=2295.39
epoch:  29 g['lr']:  5e-06
model eval
TestLocal: [   0/97]  Time: 0.988 (0.988)  Loss:  0.7760  Acc@1: 84.3750  Acc@5: 95.3125  Samples: 64
TestLocal: [  50/97]  Time: 0.091 (0.108)  Loss:  0.8229  Acc@1: 81.1887  Acc@5: 95.3738  Samples: 3264
TestLocal: [  97/97]  Time: 0.050 (0.099)  Loss:  0.8149  Acc@1: 81.0697  Acc@5: 95.3160  Samples: 6170
TestLocal: [ 100/97]  Time: 0.050 (0.097)  Loss:  0.8149  Acc@1: 81.0628  Acc@5: 95.3140  Samples: 6210
Test: [distributed-summary]  Time: 10.208s  Loss: 0.8385  Acc@1: 80.4200  Acc@5: 95.3300  Samples: 50000
[qat_launch] skip dist.destroy_process_group() for NCCL to avoid teardown hang on process exit[qat_launch] skip dist.destroy_process_group() for NCCL to avoid teardown hang on process exit
[qat_launch] skip dist.destroy_process_group() for NCCL to avoid teardown hang on process exit

[qat_launch] skip dist.destroy_process_group() for NCCL to avoid teardown hang on process exit
[qat_launch] skip dist.destroy_process_group() for NCCL to avoid teardown hang on process exit
[qat_launch] skip dist.destroy_process_group() for NCCL to avoid teardown hang on process exit
[qat_launch] skip dist.destroy_process_group() for NCCL to avoid teardown hang on process exit
[qat_launch] skip dist.destroy_process_group() for NCCL to avoid teardown hang on process exit
[rank0]:[W709 10:35:48.290920641 ProcessGroupNCCL.cpp:1524] Warning: WARNING: destroy_process_group() was not called before program exit, which can leak resources. For more info, please see https://pytorch.org/docs/stable/distributed.html#shutdown (function operator())
[rank1]:[W709 10:35:49.808870974 TCPStore.cpp:125] [c10d] recvValue failed on SocketImpl(fd=10, addr=[localhost]:54608, remote=[localhost]:31531): Failed to recv, got 0 bytes. Connection was likely closed. Did the remote server shutdown or crash?
Exception raised from recvBytes at /opt/tiger/compile_path/src/code.byted.org/pytorch/pytorch/torch/csrc/distributed/c10d/Utils.hpp:682 (most recent call first):
frame #0: c10::Error::Error(c10::SourceLocation, std::__cxx11::basic_string<char, std::char_traits<char>, std::allocator<char> >) + 0x80 (0x7f789f3ab450 in /usr/local/lib/python3.11/dist-packages/torch/lib/libc10.so)
frame #1: <unknown function> + 0x5d7c871 (0x7f78db168871 in /usr/local/lib/python3.11/dist-packages/torch/lib/libtorch_cpu.so)
frame #2: <unknown function> + 0x5d7dc6d (0x7f78db169c6d in /usr/local/lib/python3.11/dist-packages/torch/lib/libtorch_cpu.so)
frame #3: <unknown function> + 0x5d7e7ca (0x7f78db16a7ca in /usr/local/lib/python3.11/dist-packages/torch/lib/libtorch_cpu.so)
frame #4: c10d::TCPStore::check(std::vector<std::__cxx11::basic_string<char, std::char_traits<char>, std::allocator<char> >, std::allocator<std::__cxx11::basic_string<char, std::char_traits<char>, std::allocator<char> > > > const&) + 0x28f (0x7f78db165dff in /usr/local/lib/python3.11/dist-packages/torch/lib/libtorch_cpu.so)
frame #5: c10d::ProcessGroupNCCL::HeartbeatMonitor::runLoop() + 0x3d6 (0x7f78a02ebf66 in /usr/local/lib/python3.11/dist-packages/torch/lib/libtorch_cuda.so)
frame #6: <unknown function> + 0xd44a3 (0x7f799371f4a3 in /lib/x86_64-linux-gnu/libstdc++.so.6)
frame #7: <unknown function> + 0x891f5 (0x7f7999bf71f5 in /lib/x86_64-linux-gnu/libc.so.6)
frame #8: <unknown function> + 0x10989c (0x7f7999c7789c in /lib/x86_64-linux-gnu/libc.so.6)

[rank1]:[W709 10:35:49.815795643 ProcessGroupNCCL.cpp:1771] [PG ID 0 PG GUID 0(default_pg) Rank 1] Failed to check the "should dump" flag on TCPStore, (maybe TCPStore server has shut down too early), with error: Failed to recv, got 0 bytes. Connection was likely closed. Did the remote server shutdown or crash?
wall_seconds=11531
train_log=/mlx_devbox/users/quyanyi/playground/train_ofq_public_resume10_to30_20260709.log
output=/mlx_devbox/users/quyanyi/playground/qat_public_repro/ofq_public_resume10_to30_20260709
