pair	class	total	ref_correct	cmp_correct	delta_correct	ref_acc	cmp_acc	avg_true_prob_delta	avg_margin_delta
phase2w_vs_phase2s	969	50	27	23	-4	54.0	46.0	-0.02064349874854088	0.0032476140186190605
phase2w_vs_phase2s	241	50	40	37	-3	80.0	74.0	-0.025265557691454887	-0.06542262434959412
phase2w_vs_phase2s	441	50	42	39	-3	84.0	78.0	-0.009658291935920715	-0.10202053934335709
phase2w_vs_phase2s	358	50	33	30	-3	66.0	60.0	-0.00305286911316216	-0.026927823200821877
phase2w_vs_phase2s	943	50	40	37	-3	80.0	74.0	-0.002453249180689454	-0.06464644521474838
phase2w_vs_phase2s	383	50	35	32	-3	70.0	64.0	0.00022620796517003328	0.02512759156525135
phase2w_vs_phase2s	238	50	39	36	-3	78.0	72.0	0.003037911606952548	0.011842727661132812
phase2w_vs_phase2s	367	50	46	44	-2	92.0	88.0	-0.02740156650543213	-0.2819136381149292
phase2w_vs_phase2s	390	50	36	34	-2	72.0	68.0	-0.02588060311973095	-0.15833312273025513
phase2w_vs_phase2s	741	50	38	36	-2	76.0	72.0	-0.024336354807019234	-0.17169170081615448
phase2w_vs_phase2s	242	50	42	40	-2	84.0	80.0	-0.020415836945176125	-0.06586635857820511
phase2w_vs_phase2s	784	50	24	22	-2	48.0	44.0	-0.01787056028842926	-0.08073809742927551
phase2w_vs_phase2s	290	50	41	39	-2	82.0	78.0	-0.015747390687465668	-0.10483476519584656
phase2w_vs_phase2s	200	50	38	36	-2	76.0	72.0	-0.015728408470749855	-0.041679076850414276
phase2w_vs_phase2s	567	50	28	26	-2	56.0	52.0	-0.014612398110330105	-0.024464864283800125
phase2w_vs_phase2s	524	50	25	23	-2	50.0	46.0	-0.013870632275938988	0.029369402676820755
phase2w_vs_phase2s	543	50	37	35	-2	74.0	70.0	-0.012201531790196896	0.02345857582986355
phase2w_vs_phase2s	155	50	39	37	-2	78.0	74.0	-0.012106204405426979	-0.04274991154670715
phase2w_vs_phase2s	860	50	25	23	-2	50.0	46.0	-0.009927012957632542	-0.040102340281009674
phase2w_vs_phase2s	824	50	35	33	-2	70.0	66.0	-0.009231798350811005	-0.044039346277713776
phase2w_vs_phase2s	907	50	31	29	-2	62.0	58.0	-0.009016321040689945	0.009163512848317623
phase2w_vs_phase2s	794	50	37	35	-2	74.0	70.0	-0.006641099229454994	0.00133116717915982
phase2w_vs_phase2s	686	50	41	39	-2	82.0	78.0	-0.006466452963650227	-0.09185920655727386
phase2w_vs_phase2s	405	50	40	38	-2	80.0	76.0	-0.005598480813205242	-0.0705275908112526
phase2w_vs_phase2s	718	50	36	34	-2	72.0	68.0	-0.0010342934401705861	0.01609630510210991
phase2w_vs_phase2s	883	50	29	27	-2	58.0	54.0	-0.0006911445525474846	0.06485775858163834
phase2w_vs_phase2s	930	50	34	32	-2	68.0	64.0	-0.00029849723796360195	-0.02378895692527294
phase2w_vs_phase2s	639	50	20	18	-2	40.0	36.0	-0.00010112792369909585	-0.0122222900390625
phase2w_vs_phase2s	43	50	45	43	-2	90.0	86.0	0.0035167706664651632	0.012192278169095516
phase2w_vs_phase2s	809	50	36	34	-2	72.0	68.0	0.003670508973300457	0.014776353724300861
phase2w_vs_phase2s	504	50	32	30	-2	64.0	60.0	0.003790774615481496	0.009549837559461594
phase2w_vs_phase2s	521	50	46	44	-2	92.0	88.0	0.004138663411140442	-0.005266733001917601
phase2w_vs_phase2s	756	50	43	41	-2	86.0	82.0	0.0050419713370501995	0.003024454228579998
phase2w_vs_phase2s	517	50	44	42	-2	88.0	84.0	0.0059336163103580475	0.008849811740219593
phase2w_vs_phase2s	631	50	33	31	-2	66.0	62.0	0.006045510992407799	0.07039736956357956
phase2w_vs_phase2s	758	50	42	40	-2	84.0	80.0	0.007487376220524311	0.009192219004034996
phase2w_vs_phase2s	463	50	30	28	-2	60.0	56.0	0.00779352430254221	0.14800629019737244
phase2w_vs_phase2s	960	50	34	32	-2	68.0	64.0	0.008207070641219616	0.06979259848594666
phase2w_vs_phase2s	635	50	35	33	-2	70.0	66.0	0.009792877361178398	0.0662812739610672
phase2w_vs_phase2s	987	50	22	20	-2	44.0	40.0	0.010022389702498913	-0.014766578562557697
phase2w_vs_phase2s	447	50	35	33	-2	70.0	66.0	0.011538079008460045	0.06349756568670273
phase2w_vs_phase2s	315	50	45	43	-2	90.0	86.0	0.015091969631612301	0.08191756904125214
phase2w_vs_phase2s	720	50	44	42	-2	88.0	84.0	0.015102453529834747	0.09503480792045593
phase2w_vs_phase2s	454	50	33	31	-2	66.0	62.0	0.019019342958927155	0.06746388226747513
phase2w_vs_phase2s	778	50	41	40	-1	82.0	80.0	-0.026885781437158585	-0.22122764587402344
phase2w_vs_phase2s	489	50	42	41	-1	84.0	82.0	-0.02474246546626091	-0.1566483974456787
phase2w_vs_phase2s	665	50	40	39	-1	80.0	78.0	-0.020002668723464012	-0.01115511916577816
phase2w_vs_phase2s	751	50	40	39	-1	80.0	78.0	-0.018330546095967293	-0.0879737064242363
phase2w_vs_phase2s	882	50	40	39	-1	80.0	78.0	-0.017834022641181946	-0.11719372868537903
phase2w_vs_phase2s	33	50	44	43	-1	88.0	86.0	-0.01755739189684391	-0.10304185748100281
phase2w_vs_phase2s	921	50	37	36	-1	74.0	72.0	-0.017440175637602806	-0.04720456153154373
phase2w_vs_phase2s	731	50	32	31	-1	64.0	62.0	-0.016989339143037796	-0.10805913805961609
phase2w_vs_phase2s	740	50	26	25	-1	52.0	50.0	-0.016006270423531532	-0.05209597572684288
phase2w_vs_phase2s	473	50	40	39	-1	80.0	78.0	-0.015092041343450546	-0.10004203766584396
phase2w_vs_phase2s	35	50	36	35	-1	72.0	70.0	-0.014891398139297962	-0.0637444481253624
phase2w_vs_phase2s	707	50	44	43	-1	88.0	86.0	-0.01414494775235653	-0.10958167910575867
phase2w_vs_phase2s	887	50	35	34	-1	70.0	68.0	-0.014019816182553768	-0.043981801718473434
phase2w_vs_phase2s	909	50	33	32	-1	66.0	64.0	-0.012609783560037613	-0.00023012161545921117
phase2w_vs_phase2s	542	50	37	36	-1	74.0	72.0	-0.012391413561999798	-0.06753093749284744
phase2w_vs_phase2s	40	50	34	33	-1	68.0	66.0	-0.012297234497964382	-0.03767316788434982
phase2w_vs_phase2s	762	50	27	26	-1	54.0	52.0	-0.011950578540563583	-0.015539417043328285
phase2w_vs_phase2s	677	50	37	36	-1	74.0	72.0	-0.011919870041310787	0.0072691249661147594
phase2w_vs_phase2s	830	50	34	33	-1	68.0	66.0	-0.011797460727393627	-0.05076809972524643
phase2w_vs_phase2s	983	50	47	46	-1	94.0	92.0	-0.011776468716561794	-0.007539338897913694
phase2w_vs_phase2s	423	50	36	35	-1	72.0	70.0	-0.011770573444664478	-0.00787375494837761
phase2w_vs_phase2s	541	50	28	27	-1	56.0	54.0	-0.011655908077955246	-0.025679606944322586
phase2w_vs_phase2s	282	50	14	13	-1	28.0	26.0	-0.01145894080400467	0.0025127315893769264
phase2w_vs_phase2s	749	50	45	44	-1	90.0	88.0	-0.011246266774833202	0.03311986103653908
phase2w_vs_phase2s	799	50	27	26	-1	54.0	52.0	-0.011153562925755978	-0.026694193482398987
phase2w_vs_phase2s	522	50	48	47	-1	96.0	94.0	-0.011015478521585464	-0.05435912311077118
phase2w_vs_phase2s	840	50	45	44	-1	90.0	88.0	-0.01058223471045494	-0.06014367938041687
phase2w_vs_phase2s	724	50	43	42	-1	86.0	84.0	-0.01051119901239872	-0.016417454928159714
phase2w_vs_phase2s	67	50	43	42	-1	86.0	84.0	-0.010262724943459034	-0.06593098491430283
phase2w_vs_phase2s	979	50	43	42	-1	86.0	84.0	-0.010223419405519962	-0.017133226618170738
phase2w_vs_phase2s	714	50	40	39	-1	80.0	78.0	-0.010222744196653366	-0.0815851092338562
phase2w_vs_phase2s	164	50	47	46	-1	94.0	92.0	-0.009818577207624912	-0.14111340045928955
phase2w_vs_phase2s	537	50	47	46	-1	94.0	92.0	-0.00955240335315466	-0.0963982567191124
phase2w_vs_phase2s	176	50	43	42	-1	86.0	84.0	-0.009049130603671074	-0.03332403302192688
phase2w_vs_phase2s	966	50	34	33	-1	68.0	66.0	-0.008925134316086769	-0.048893023282289505
phase2w_vs_phase2s	415	50	27	26	-1	54.0	52.0	-0.008533190935850143	-0.056519802659749985
phase2w_vs_phase2s	486	50	46	45	-1	92.0	90.0	-0.008494395762681961	-0.02751249261200428
phase2w_vs_phase2s	823	50	40	39	-1	80.0	78.0	-0.008424892090260983	-0.02484736405313015
phase2w_vs_phase2s	233	50	42	41	-1	84.0	82.0	-0.00734548456966877	-0.010502595454454422
phase2w_vs_phase2s	4	50	46	45	-1	92.0	90.0	-0.006974480580538511	-0.147356778383255
phase2w_vs_phase2s	193	50	25	24	-1	50.0	48.0	-0.006788194645196199	0.045814111828804016
phase2w_vs_phase2s	601	50	40	39	-1	80.0	78.0	-0.006633174605667591	-0.006158418487757444
phase2w_vs_phase2s	822	50	46	45	-1	92.0	90.0	-0.006569484248757362	-0.03298557177186012
phase2w_vs_phase2s	456	50	42	41	-1	84.0	82.0	-0.006529065314680338	-0.041656091809272766
phase2w_vs_phase2s	669	50	49	48	-1	98.0	96.0	-0.006384432315826416	0.017178373411297798
phase2w_vs_phase2s	413	50	29	28	-1	58.0	56.0	-0.006301083602011204	-0.013428907841444016
phase2w_vs_phase2s	899	50	17	16	-1	34.0	32.0	-0.0062677813693881035	0.06823655217885971
phase2w_vs_phase2s	220	50	37	36	-1	74.0	72.0	-0.0062542203813791275	-0.11113554239273071
phase2w_vs_phase2s	107	50	47	46	-1	94.0	92.0	-0.006128149572759867	-0.0305966567248106
phase2w_vs_phase2s	798	50	40	39	-1	80.0	78.0	-0.006034833379089832	-0.10052897781133652
phase2w_vs_phase2s	389	50	44	43	-1	88.0	86.0	-0.005976987071335316	0.01237509772181511
phase2w_vs_phase2s	896	50	46	45	-1	92.0	90.0	-0.0059064882807433605	-0.020177077502012253
phase2w_vs_phase2s	306	50	45	44	-1	90.0	88.0	-0.005669744685292244	-0.009082632139325142
phase2w_vs_phase2s	770	50	42	41	-1	84.0	82.0	-0.005045145284384489	-0.03210103139281273
phase2w_vs_phase2s	228	50	47	46	-1	94.0	92.0	-0.0045511056669056416	0.008499412797391415
phase2w_vs_phase2s	505	50	36	35	-1	72.0	70.0	-0.00435920525342226	-0.018610572442412376
phase2w_vs_phase2s	650	50	30	29	-1	60.0	58.0	-0.004065372049808502	0.06665018200874329
phase2w_vs_phase2s	880	50	47	46	-1	94.0	92.0	-0.004042202606797218	0.028033437207341194
phase2w_vs_phase2s	431	50	41	40	-1	82.0	80.0	-0.0037312968634068966	-0.060596171766519547
phase2w_vs_phase2s	12	50	48	47	-1	96.0	94.0	-0.003717056242749095	0.00910437572747469
phase2w_vs_phase2s	670	50	45	44	-1	90.0	88.0	-0.0035705924965441227	0.05510672554373741
phase2w_vs_phase2s	201	50	34	33	-1	68.0	66.0	-0.003372000763192773	0.013627510517835617
phase2w_vs_phase2s	641	50	45	44	-1	90.0	88.0	-0.0032359061297029257	0.05310872197151184
phase2w_vs_phase2s	61	50	43	42	-1	86.0	84.0	-0.003126687603071332	-0.05164220929145813
phase2w_vs_phase2s	235	50	42	41	-1	84.0	82.0	-0.0030800902750343084	0.01281786896288395
phase2w_vs_phase2s	682	50	43	42	-1	86.0	84.0	-0.002920471364632249	0.11335921287536621
phase2w_vs_phase2s	437	50	38	37	-1	76.0	74.0	-0.002876982791349292	-0.03377263993024826
phase2w_vs_phase2s	280	50	38	37	-1	76.0	74.0	-0.0027751356828957796	-0.07386189699172974
phase2w_vs_phase2s	50	50	45	44	-1	90.0	88.0	-0.002586472313851118	-0.018861636519432068
phase2w_vs_phase2s	529	50	41	40	-1	82.0	80.0	-0.002548996126279235	-0.0033830166794359684
phase2w_vs_phase2s	459	50	34	33	-1	68.0	66.0	-0.0023965968284755945	-0.0432608425617218
phase2w_vs_phase2s	695	50	39	38	-1	78.0	76.0	-0.002315937541425228	-0.048221636563539505
phase2w_vs_phase2s	825	50	42	41	-1	84.0	82.0	-0.002291640266776085	0.02398291602730751
phase2w_vs_phase2s	571	50	47	46	-1	94.0	92.0	-0.002151488559320569	0.01721384935081005
phase2w_vs_phase2s	629	50	42	41	-1	84.0	82.0	-0.002088727429509163	0.015553445555269718
phase2w_vs_phase2s	950	50	39	38	-1	78.0	76.0	-0.0019271494820713997	0.041299618780612946
phase2w_vs_phase2s	171	50	47	46	-1	94.0	92.0	-0.0017346091335639358	-0.028972521424293518
phase2w_vs_phase2s	137	50	44	43	-1	88.0	86.0	-0.001611410640180111	0.05703144893050194
phase2w_vs_phase2s	550	50	41	40	-1	82.0	80.0	-0.0014730840921401978	-0.022046241909265518
phase2w_vs_phase2s	826	50	35	34	-1	70.0	68.0	-0.0014426872367039323	0.011155996471643448
phase2w_vs_phase2s	30	50	42	41	-1	84.0	82.0	-0.0013270616764202714	-0.03698992729187012
phase2w_vs_phase2s	17	50	47	46	-1	94.0	92.0	-0.0011801519431173801	-0.021437883377075195
phase2w_vs_phase2s	563	50	46	45	-1	92.0	90.0	-0.0009515884448774159	0.010831222869455814
phase2w_vs_phase2s	344	50	49	48	-1	98.0	96.0	-0.0008860358502715826	-0.062668077647686
phase2w_vs_phase2s	34	50	38	37	-1	76.0	74.0	-0.0008727511740289629	0.04256846383213997
phase2w_vs_phase2s	964	50	41	40	-1	82.0	80.0	-0.0008425159612670541	-0.020551785826683044
phase2w_vs_phase2s	918	50	46	45	-1	92.0	90.0	-0.0006826890748925507	-0.029353609308600426
phase2w_vs_phase2s	646	50	44	43	-1	88.0	86.0	-0.0006139999604783952	0.008284606970846653
phase2w_vs_phase2s	651	50	35	34	-1	70.0	68.0	-0.0004900267813354731	-0.009886570274829865
phase2w_vs_phase2s	527	50	34	33	-1	68.0	66.0	-0.0004819859459530562	0.004733839072287083
phase2w_vs_phase2s	802	50	48	47	-1	96.0	94.0	-0.00045210361713543534	0.06474075466394424
phase2w_vs_phase2s	761	50	42	41	-1	84.0	82.0	-0.00034153045271523297	-0.0580553263425827
phase2w_vs_phase2s	817	50	34	33	-1	68.0	66.0	-0.0002837131905835122	-0.02739891968667507
phase2w_vs_phase2s	566	50	42	41	-1	84.0	82.0	-0.0001692032819846645	-0.02141786552965641
phase2w_vs_phase2s	879	50	39	38	-1	78.0	76.0	-6.116375152487308e-05	0.0296490378677845
phase2w_vs_phase2s	154	50	45	44	-1	90.0	88.0	2.4036318791331723e-05	-0.02374223619699478
phase2w_vs_phase2s	162	50	44	43	-1	88.0	86.0	8.4888786659576e-05	-0.07710259407758713
phase2w_vs_phase2s	996	50	48	47	-1	96.0	94.0	0.00027445226442068815	-0.004950232338160276
phase2w_vs_phase2s	519	50	32	31	-1	64.0	62.0	0.00031071677221916616	0.017992200329899788
phase2w_vs_phase2s	885	50	16	15	-1	32.0	30.0	0.0004385841020848602	0.04718068242073059
phase2w_vs_phase2s	673	50	24	23	-1	48.0	46.0	0.0006120192119851708	-0.04689145088195801
phase2w_vs_phase2s	64	50	34	33	-1	68.0	66.0	0.000654711271636188	-0.013337945565581322
phase2w_vs_phase2s	65	50	43	42	-1	86.0	84.0	0.000850892043672502	0.05599428340792656
phase2w_vs_phase2s	295	50	46	45	-1	92.0	90.0	0.0009262752719223499	0.025677023455500603
phase2w_vs_phase2s	331	50	47	46	-1	94.0	92.0	0.0010826088255271316	-0.00875119213014841
phase2w_vs_phase2s	474	50	40	39	-1	80.0	78.0	0.001165197347290814	0.04177553206682205
phase2w_vs_phase2s	452	50	39	38	-1	78.0	76.0	0.0016646698350086808	-0.09016800671815872
phase2w_vs_phase2s	508	50	40	39	-1	80.0	78.0	0.001712385448627174	0.017298230901360512
phase2w_vs_phase2s	851	50	38	37	-1	76.0	74.0	0.0019719325937330723	0.03594357520341873
phase2w_vs_phase2s	786	50	45	44	-1	90.0	88.0	0.002434417838230729	-0.019221773371100426
phase2w_vs_phase2s	426	50	46	45	-1	92.0	90.0	0.0025153893511742353	0.055080920457839966
phase2w_vs_phase2s	920	50	42	41	-1	84.0	82.0	0.002558792242780328	0.0982041284441948
phase2w_vs_phase2s	836	50	11	10	-1	22.0	20.0	0.0026953958440572023	-0.03619854897260666
phase2w_vs_phase2s	68	50	16	15	-1	32.0	30.0	0.0028901132754981518	-0.03568146750330925
phase2w_vs_phase2s	701	50	49	48	-1	98.0	96.0	0.0031013560947030783	0.11564008891582489
phase2w_vs_phase2s	847	50	41	40	-1	82.0	80.0	0.003301273100078106	-0.008732290007174015
phase2w_vs_phase2s	229	50	49	48	-1	98.0	96.0	0.0034086850937455893	0.024059496819972992
phase2w_vs_phase2s	652	50	40	39	-1	80.0	78.0	0.003421218367293477	-0.02548091858625412
phase2w_vs_phase2s	596	50	38	37	-1	76.0	74.0	0.003422470297664404	0.021830692887306213
phase2w_vs_phase2s	821	50	46	45	-1	92.0	90.0	0.0034572172444313765	-0.02030608244240284
phase2w_vs_phase2s	967	50	37	36	-1	74.0	72.0	0.003932344727218151	-0.013339748606085777
phase2w_vs_phase2s	185	50	35	34	-1	70.0	68.0	0.004024328663945198	0.06277359277009964
phase2w_vs_phase2s	270	50	48	47	-1	96.0	94.0	0.0042894380167126656	-0.016321001574397087
phase2w_vs_phase2s	265	50	35	34	-1	70.0	68.0	0.004356887191534042	-0.04284878820180893
phase2w_vs_phase2s	941	50	41	40	-1	82.0	80.0	0.004513980820775032	-0.06036655604839325
phase2w_vs_phase2s	359	50	36	35	-1	72.0	70.0	0.004679244011640549	0.0236470028758049
phase2w_vs_phase2s	772	50	36	35	-1	72.0	70.0	0.004929743241518736	0.06673683971166611
phase2w_vs_phase2s	445	50	31	30	-1	62.0	60.0	0.005312781315296888	-0.006723146419972181
phase2w_vs_phase2s	466	50	49	48	-1	98.0	96.0	0.005587965715676546	0.05585925281047821
phase2w_vs_phase2s	538	50	40	39	-1	80.0	78.0	0.00564306415617466	0.032751597464084625
phase2w_vs_phase2s	535	50	49	48	-1	98.0	96.0	0.005945845972746611	0.03778110444545746
phase2w_vs_phase2s	73	50	25	24	-1	50.0	48.0	0.006006943061947823	-0.010028600692749023
phase2w_vs_phase2s	1	50	49	48	-1	98.0	96.0	0.006011477671563625	0.1103232130408287
phase2w_vs_phase2s	499	50	26	25	-1	52.0	50.0	0.006234232801944017	0.01894965209066868
phase2w_vs_phase2s	558	50	24	23	-1	48.0	46.0	0.006599735468626022	0.10544858872890472
phase2w_vs_phase2s	83	50	49	48	-1	98.0	96.0	0.007007491774857044	0.042326267808675766
phase2w_vs_phase2s	962	50	38	37	-1	76.0	74.0	0.007038838695734739	0.03865301236510277
phase2w_vs_phase2s	732	50	44	43	-1	88.0	86.0	0.007076362147927284	0.12184219062328339
phase2w_vs_phase2s	481	50	33	32	-1	66.0	64.0	0.007141872774809599	0.07328444719314575
phase2w_vs_phase2s	902	50	43	42	-1	86.0	84.0	0.007448151241987944	0.06727637350559235
phase2w_vs_phase2s	402	50	32	31	-1	64.0	62.0	0.007530731614679098	0.04182199388742447
phase2w_vs_phase2s	141	50	47	46	-1	94.0	92.0	0.007839571684598923	0.023225707933306694
phase2w_vs_phase2s	503	50	32	31	-1	64.0	62.0	0.00803394801914692	-0.030365504324436188
phase2w_vs_phase2s	661	50	46	45	-1	92.0	90.0	0.008643701672554016	0.04323936626315117
phase2w_vs_phase2s	873	50	48	47	-1	96.0	94.0	0.009095265530049801	0.09066185355186462
phase2w_vs_phase2s	513	50	38	37	-1	76.0	74.0	0.009606560692191124	0.09384217858314514
phase2w_vs_phase2s	195	50	45	44	-1	90.0	88.0	0.009611798450350761	0.0963091179728508
phase2w_vs_phase2s	97	50	48	47	-1	96.0	94.0	0.009743808768689632	0.0865311548113823
phase2w_vs_phase2s	197	50	44	43	-1	88.0	86.0	0.010123338550329208	0.06670273095369339
phase2w_vs_phase2s	187	50	37	36	-1	74.0	72.0	0.0101430369541049	-0.013360452838242054
phase2w_vs_phase2s	77	50	37	36	-1	74.0	72.0	0.010545103810727596	0.09006316214799881
phase2w_vs_phase2s	501	50	20	19	-1	40.0	38.0	0.01064376626163721	0.004832630045711994
phase2w_vs_phase2s	768	50	45	44	-1	90.0	88.0	0.010729148052632809	0.050540998578071594
phase2w_vs_phase2s	121	50	45	44	-1	90.0	88.0	0.010949241928756237	0.07302192598581314
phase2w_vs_phase2s	637	50	42	41	-1	84.0	82.0	0.010950985364615917	-0.0026974105276167393
phase2w_vs_phase2s	252	50	45	44	-1	90.0	88.0	0.012135370634496212	0.055602770298719406
phase2w_vs_phase2s	721	50	44	43	-1	88.0	86.0	0.01302232127636671	0.12798742949962616
phase2w_vs_phase2s	807	50	42	41	-1	84.0	82.0	0.013172933831810951	0.12314776331186295
phase2w_vs_phase2s	572	50	36	35	-1	72.0	70.0	0.013415209949016571	0.1281522810459137
phase2w_vs_phase2s	497	50	37	36	-1	74.0	72.0	0.013521527871489525	0.052793778479099274
phase2w_vs_phase2s	406	50	38	37	-1	76.0	74.0	0.014320706017315388	0.004315776750445366
phase2w_vs_phase2s	624	50	32	31	-1	64.0	62.0	0.014389649964869022	-0.00945452693849802
phase2w_vs_phase2s	161	50	42	41	-1	84.0	82.0	0.014721252955496311	0.057424403727054596
phase2w_vs_phase2s	254	50	49	48	-1	98.0	96.0	0.015583083964884281	0.13131505250930786
phase2w_vs_phase2s	59	50	36	35	-1	72.0	70.0	0.016170552000403404	0.0931406021118164
phase2w_vs_phase2s	500	50	46	45	-1	92.0	90.0	0.016237743198871613	0.05618399754166603
phase2w_vs_phase2s	614	50	46	45	-1	92.0	90.0	0.016422197222709656	0.06398988515138626
phase2w_vs_phase2s	703	50	40	39	-1	80.0	78.0	0.016829701140522957	0.15848584473133087
phase2w_vs_phase2s	680	50	42	41	-1	84.0	82.0	0.017025478184223175	0.05953679233789444
phase2w_vs_phase2s	480	50	42	41	-1	84.0	82.0	0.019824359565973282	0.08922263234853745
phase2w_vs_phase2s	582	50	35	34	-1	70.0	68.0	0.019997313618659973	0.10604031383991241
phase2w_vs_phase2s	692	50	31	30	-1	62.0	60.0	0.020341932773590088	0.11463318020105362
phase2w_vs_phase2s	777	50	44	43	-1	88.0	86.0	0.020618906244635582	0.19588707387447357
phase2w_vs_phase2s	808	50	36	36	0	72.0	72.0	-0.033821992576122284	-0.18310898542404175
phase2w_vs_phase2s	787	50	34	34	0	68.0	68.0	-0.027909863740205765	-0.17187567055225372
phase2w_vs_phase2s	803	50	49	49	0	98.0	98.0	-0.026228418573737144	-0.13310246169567108
phase2w_vs_phase2s	763	50	47	47	0	94.0	94.0	-0.02305552549660206	-0.1506050080060959
phase2w_vs_phase2s	910	50	39	39	0	78.0	78.0	-0.020108530297875404	-0.1027013286948204
phase2w_vs_phase2s	365	50	46	46	0	92.0	92.0	-0.019717061892151833	-0.16929283738136292
phase2w_vs_phase2s	418	50	36	36	0	72.0	72.0	-0.018364116549491882	-0.07652496546506882
phase2w_vs_phase2s	494	50	39	39	0	78.0	78.0	-0.017643198370933533	-0.014334697276353836
phase2w_vs_phase2s	674	50	46	46	0	92.0	92.0	-0.017030730843544006	-0.18798595666885376
phase2w_vs_phase2s	712	50	40	40	0	80.0	80.0	-0.01646910235285759	-0.1289036124944687
phase2w_vs_phase2s	395	50	41	41	0	82.0	82.0	-0.01579098030924797	-0.06386582553386688
phase2w_vs_phase2s	56	50	46	46	0	92.0	92.0	-0.015138037502765656	-0.1436202973127365
phase2w_vs_phase2s	589	50	40	40	0	80.0	80.0	-0.015066147781908512	-0.12429957091808319
phase2w_vs_phase2s	767	50	33	33	0	66.0	66.0	-0.014958350919187069	-0.15327754616737366
phase2w_vs_phase2s	334	50	46	46	0	92.0	92.0	-0.014558850787580013	-0.09667223691940308
phase2w_vs_phase2s	219	50	43	43	0	86.0	86.0	-0.014269337989389896	-0.07658082991838455
phase2w_vs_phase2s	998	50	25	25	0	50.0	50.0	-0.014233109541237354	0.023029232397675514
phase2w_vs_phase2s	610	50	45	45	0	90.0	90.0	-0.013584740459918976	-0.0868077203631401
phase2w_vs_phase2s	662	50	37	37	0	74.0	74.0	-0.013424788601696491	-0.04004000499844551
phase2w_vs_phase2s	172	50	41	41	0	82.0	82.0	-0.01339410524815321	-0.015827111899852753
phase2w_vs_phase2s	852	50	43	43	0	86.0	86.0	-0.013300296850502491	-0.11818572133779526
phase2w_vs_phase2s	245	50	45	45	0	90.0	90.0	-0.013206711038947105	-0.0913090929389
phase2w_vs_phase2s	485	50	35	35	0	70.0	70.0	-0.012909647077322006	-0.04750046879053116
phase2w_vs_phase2s	976	50	30	30	0	60.0	60.0	-0.012715700082480907	-0.0018138408195227385
phase2w_vs_phase2s	311	50	35	35	0	70.0	70.0	-0.012450868263840675	-0.017451677471399307
phase2w_vs_phase2s	250	50	38	38	0	76.0	76.0	-0.012395253404974937	-0.021209631115198135
phase2w_vs_phase2s	831	50	40	40	0	80.0	80.0	-0.012295050546526909	-0.02318459562957287
phase2w_vs_phase2s	795	50	43	43	0	86.0	86.0	-0.012019511312246323	-0.06599840521812439
phase2w_vs_phase2s	919	50	39	39	0	78.0	78.0	-0.011918637901544571	-0.13119487464427948
phase2w_vs_phase2s	978	50	24	24	0	48.0	48.0	-0.011754444800317287	4.382133556646295e-05
phase2w_vs_phase2s	766	50	44	44	0	88.0	88.0	-0.011589468456804752	-0.08043543994426727
phase2w_vs_phase2s	603	50	46	46	0	92.0	92.0	-0.011357240378856659	-0.06322870403528214
phase2w_vs_phase2s	293	50	48	48	0	96.0	96.0	-0.011354079470038414	-0.12937501072883606
phase2w_vs_phase2s	897	50	44	44	0	88.0	88.0	-0.011253505945205688	-0.09258987754583359
phase2w_vs_phase2s	868	50	33	33	0	66.0	66.0	-0.011191806755959988	-0.10557855665683746
phase2w_vs_phase2s	754	50	33	33	0	66.0	66.0	-0.011112895794212818	-0.06269750744104385
phase2w_vs_phase2s	790	50	34	34	0	68.0	68.0	-0.011081996373832226	-0.003556795185431838
phase2w_vs_phase2s	730	50	41	41	0	82.0	82.0	-0.011072207242250443	-0.056688643991947174
phase2w_vs_phase2s	271	50	30	30	0	60.0	60.0	-0.010927841998636723	-0.10156562179327011
phase2w_vs_phase2s	102	50	50	50	0	100.0	100.0	-0.010495862923562527	-0.032187510281801224
phase2w_vs_phase2s	409	50	34	34	0	68.0	68.0	-0.010314080864191055	0.027412472292780876
phase2w_vs_phase2s	828	50	33	33	0	66.0	66.0	-0.009790378622710705	-0.0011129570193588734
phase2w_vs_phase2s	267	50	43	43	0	86.0	86.0	-0.0097467340528965	-0.12576605379581451
phase2w_vs_phase2s	820	50	49	49	0	98.0	98.0	-0.009524284861981869	-0.056949738413095474
phase2w_vs_phase2s	421	50	42	42	0	84.0	84.0	-0.009259895421564579	-0.08470474183559418
phase2w_vs_phase2s	69	50	49	49	0	98.0	98.0	-0.009164887480437756	-0.09582195430994034
phase2w_vs_phase2s	246	50	41	41	0	82.0	82.0	-0.008874664083123207	0.000797271728515625
phase2w_vs_phase2s	417	50	46	46	0	92.0	92.0	-0.008637423627078533	-0.12437501549720764
phase2w_vs_phase2s	440	50	42	42	0	84.0	84.0	-0.008576844818890095	-0.0508098304271698
phase2w_vs_phase2s	619	50	31	31	0	62.0	62.0	-0.008546719327569008	-0.027617665007710457
phase2w_vs_phase2s	515	50	37	37	0	74.0	74.0	-0.008370958268642426	0.021509503945708275
phase2w_vs_phase2s	805	50	46	46	0	92.0	92.0	-0.008209184743463993	-0.08539757877588272
phase2w_vs_phase2s	114	50	42	42	0	84.0	84.0	-0.008196868002414703	-0.051398295909166336
phase2w_vs_phase2s	700	50	41	41	0	82.0	82.0	-0.008050050586462021	0.012666101567447186
phase2w_vs_phase2s	685	50	48	48	0	96.0	96.0	-0.00804843194782734	-0.062173403799533844
phase2w_vs_phase2s	725	50	28	28	0	56.0	56.0	-0.00792786106467247	0.011443166993558407
phase2w_vs_phase2s	892	50	36	36	0	72.0	72.0	-0.007784954272210598	0.05762621760368347
phase2w_vs_phase2s	335	50	44	44	0	88.0	88.0	-0.007593630347400904	-0.0007650613551959395
phase2w_vs_phase2s	973	50	38	38	0	76.0	76.0	-0.007574077229946852	0.021608563140034676
phase2w_vs_phase2s	177	50	45	45	0	90.0	90.0	-0.0075010862201452255	-0.029911432415246964
phase2w_vs_phase2s	906	50	18	18	0	36.0	36.0	-0.007456805557012558	0.03164685145020485
phase2w_vs_phase2s	916	50	49	49	0	98.0	98.0	-0.007451187819242477	-0.023751897737383842
phase2w_vs_phase2s	181	50	47	47	0	94.0	94.0	-0.00744944391772151	-0.010194921866059303
phase2w_vs_phase2s	223	50	45	45	0	90.0	90.0	-0.0074449158273637295	-0.10371990501880646
phase2w_vs_phase2s	353	50	36	36	0	72.0	72.0	-0.007422581780701876	-0.051249999552965164
phase2w_vs_phase2s	863	50	48	48	0	96.0	96.0	-0.007394248154014349	-0.07797599583864212
phase2w_vs_phase2s	379	50	45	45	0	90.0	90.0	-0.007220049388706684	-0.05850818753242493
phase2w_vs_phase2s	285	50	32	32	0	64.0	64.0	-0.006989458575844765	-0.0017893027979880571
phase2w_vs_phase2s	403	50	43	43	0	86.0	86.0	-0.006767544895410538	0.0668754130601883
phase2w_vs_phase2s	444	50	44	44	0	88.0	88.0	-0.006697314325720072	-0.11501374840736389
phase2w_vs_phase2s	716	50	45	45	0	90.0	90.0	-0.006664627697318792	-0.07346027344465256
phase2w_vs_phase2s	106	50	41	41	0	82.0	82.0	-0.006634416524320841	-0.05268010124564171
phase2w_vs_phase2s	31	50	46	46	0	92.0	92.0	-0.006622527725994587	-0.04909275099635124
phase2w_vs_phase2s	104	50	44	44	0	88.0	88.0	-0.006618541665375233	-0.09281732887029648
phase2w_vs_phase2s	630	50	47	47	0	94.0	94.0	-0.006483003962785006	-0.047225311398506165
phase2w_vs_phase2s	189	50	42	42	0	84.0	84.0	-0.006448000203818083	-0.03603992611169815
phase2w_vs_phase2s	788	50	47	47	0	94.0	94.0	-0.006425261963158846	-0.07031208276748657
phase2w_vs_phase2s	958	50	47	47	0	94.0	94.0	-0.006421755533665419	-0.05538715422153473
phase2w_vs_phase2s	753	50	41	41	0	82.0	82.0	-0.006050430703908205	-0.013478479348123074
phase2w_vs_phase2s	999	50	26	26	0	52.0	52.0	-0.006040346808731556	-0.0032854080200195312
phase2w_vs_phase2s	853	50	46	46	0	92.0	92.0	-0.005985571537166834	-0.003391847712919116
phase2w_vs_phase2s	297	50	38	38	0	76.0	76.0	-0.005897868424654007	0.034174736589193344
phase2w_vs_phase2s	299	50	48	48	0	96.0	96.0	-0.005608636885881424	-0.04781249910593033
phase2w_vs_phase2s	345	50	32	32	0	64.0	64.0	-0.0056085181422531605	0.026715651154518127
phase2w_vs_phase2s	148	50	50	50	0	100.0	100.0	-0.005432950332760811	-0.02968749962747097
phase2w_vs_phase2s	533	50	47	47	0	94.0	94.0	-0.00532672181725502	-0.03712349012494087
phase2w_vs_phase2s	157	50	48	48	0	96.0	96.0	-0.005248833913356066	-0.09475313127040863
phase2w_vs_phase2s	850	50	44	44	0	88.0	88.0	-0.005198697559535503	-0.02657027170062065
phase2w_vs_phase2s	989	50	50	50	0	100.0	100.0	-0.005144546739757061	-0.044001806527376175
phase2w_vs_phase2s	726	50	45	45	0	90.0	90.0	-0.005115823820233345	-0.07599745690822601
phase2w_vs_phase2s	643	50	35	35	0	70.0	70.0	-0.0050035687163472176	-0.061607349663972855
phase2w_vs_phase2s	776	50	37	37	0	74.0	74.0	-0.004975321236997843	-0.05755976587533951
phase2w_vs_phase2s	487	50	41	41	0	82.0	82.0	-0.004965935833752155	-0.06271957606077194
phase2w_vs_phase2s	872	50	40	40	0	80.0	80.0	-0.004907612688839436	0.006308040581643581
phase2w_vs_phase2s	118	50	42	42	0	84.0	84.0	-0.0048841265961527824	-0.012142782099545002
phase2w_vs_phase2s	398	50	43	43	0	86.0	86.0	-0.004848011303693056	-0.02212393842637539
phase2w_vs_phase2s	829	50	46	46	0	92.0	92.0	-0.0048330617137253284	0.004128722939640284
phase2w_vs_phase2s	704	50	45	45	0	90.0	90.0	-0.004589929711073637	0.03231589496135712
phase2w_vs_phase2s	132	50	47	47	0	94.0	94.0	-0.00458186399191618	-0.03937278687953949
phase2w_vs_phase2s	435	50	28	28	0	56.0	56.0	-0.00455946009606123	-0.045911673456430435
phase2w_vs_phase2s	648	50	34	34	0	68.0	68.0	-0.004388842731714249	-0.007197828497737646
phase2w_vs_phase2s	47	50	44	44	0	88.0	88.0	-0.004359870683401823	-0.030407465994358063
phase2w_vs_phase2s	147	50	47	47	0	94.0	94.0	-0.0043329703621566296	0.010451908223330975
phase2w_vs_phase2s	664	50	18	18	0	36.0	36.0	-0.004331652540713549	-0.010107717476785183
phase2w_vs_phase2s	592	50	44	44	0	88.0	88.0	-0.0042229872196912766	-0.008267011493444443
phase2w_vs_phase2s	977	50	32	32	0	64.0	64.0	-0.004205334931612015	0.017414141446352005
phase2w_vs_phase2s	547	50	46	46	0	92.0	92.0	-0.004197956528514624	-0.04516733065247536
phase2w_vs_phase2s	163	50	29	29	0	58.0	58.0	-0.004095584154129028	-0.07767356187105179
phase2w_vs_phase2s	18	50	48	48	0	96.0	96.0	-0.003998769447207451	-0.07374058663845062
phase2w_vs_phase2s	675	50	29	29	0	58.0	58.0	-0.00393969239667058	0.019622839987277985
phase2w_vs_phase2s	320	50	45	45	0	90.0	90.0	-0.003933544736355543	0.061250001192092896
phase2w_vs_phase2s	343	50	48	48	0	96.0	96.0	-0.003902019001543522	-0.12191846966743469
phase2w_vs_phase2s	785	50	46	46	0	92.0	92.0	-0.0038782882038503885	-0.05812199413776398
phase2w_vs_phase2s	21	50	43	43	0	86.0	86.0	-0.0038670736830681562	-0.10511679947376251
phase2w_vs_phase2s	88	50	49	49	0	98.0	98.0	-0.003797316225245595	0.0656357854604721
phase2w_vs_phase2s	564	50	43	43	0	86.0	86.0	-0.0037211107555776834	-0.009980716742575169
phase2w_vs_phase2s	408	50	38	38	0	76.0	76.0	-0.003641895018517971	0.005688839126378298
phase2w_vs_phase2s	16	50	46	46	0	92.0	92.0	-0.0035962206311523914	-0.0883234441280365
phase2w_vs_phase2s	225	50	47	47	0	94.0	94.0	-0.0035755939316004515	0.019708098843693733
phase2w_vs_phase2s	294	50	47	47	0	94.0	94.0	-0.0035318853333592415	-0.03482336178421974
phase2w_vs_phase2s	51	50	49	49	0	98.0	98.0	-0.0034435244742780924	-0.03907310962677002
phase2w_vs_phase2s	552	50	45	45	0	90.0	90.0	-0.0033805223647505045	-0.05119377002120018
phase2w_vs_phase2s	948	50	46	46	0	92.0	92.0	-0.003337596543133259	0.0009668064303696156
phase2w_vs_phase2s	10	50	48	48	0	96.0	96.0	-0.0033347064163535833	0.042880669236183167
phase2w_vs_phase2s	917	50	43	43	0	86.0	86.0	-0.0033139639999717474	-0.07140281796455383
phase2w_vs_phase2s	296	50	47	47	0	94.0	94.0	-0.003288906766101718	-0.02585010603070259
phase2w_vs_phase2s	63	50	44	44	0	88.0	88.0	-0.0032868003472685814	-0.05646181106567383
phase2w_vs_phase2s	381	50	24	24	0	48.0	48.0	-0.003217639634385705	-0.015997858718037605
phase2w_vs_phase2s	414	50	22	22	0	44.0	44.0	-0.0032012993469834328	-0.0379178524017334
phase2w_vs_phase2s	791	50	42	42	0	84.0	84.0	-0.0031898359302431345	0.05205288901925087
phase2w_vs_phase2s	771	50	45	45	0	90.0	90.0	-0.003149270312860608	0.00264084804803133
phase2w_vs_phase2s	554	50	49	49	0	98.0	98.0	-0.0031406604684889317	0.00888375286012888
phase2w_vs_phase2s	565	50	50	50	0	100.0	100.0	-0.0031277965754270554	-0.02584610879421234
phase2w_vs_phase2s	71	50	47	47	0	94.0	94.0	-0.0030888032633811235	-0.06719975173473358
phase2w_vs_phase2s	933	50	48	48	0	96.0	96.0	-0.0030202162452042103	-0.07471752911806107
phase2w_vs_phase2s	915	50	49	49	0	98.0	98.0	-0.0030024379957467318	-0.03757155314087868
phase2w_vs_phase2s	936	50	46	46	0	92.0	92.0	-0.0028889693785458803	0.02740379422903061
phase2w_vs_phase2s	368	50	41	41	0	82.0	82.0	-0.002871572971343994	-0.05380105972290039
phase2w_vs_phase2s	672	50	47	47	0	94.0	94.0	-0.002857212210074067	-0.02117856964468956
phase2w_vs_phase2s	520	50	38	38	0	76.0	76.0	-0.0027961386367678642	-0.0705472081899643
phase2w_vs_phase2s	62	50	30	30	0	60.0	60.0	-0.0027956718113273382	0.009873228147625923
phase2w_vs_phase2s	329	50	39	39	0	78.0	78.0	-0.0027876985259354115	-0.055513352155685425
phase2w_vs_phase2s	957	50	47	47	0	94.0	94.0	-0.00276133487932384	-0.06418442726135254
phase2w_vs_phase2s	420	50	49	49	0	98.0	98.0	-0.002694181865081191	-0.06595566868782043
phase2w_vs_phase2s	477	50	38	38	0	76.0	76.0	-0.002598711522296071	0.021115275099873543
phase2w_vs_phase2s	708	50	31	31	0	62.0	62.0	-0.0024872152134776115	-0.02248121239244938
phase2w_vs_phase2s	612	50	47	47	0	94.0	94.0	-0.0023781126365065575	0.029844827950000763
phase2w_vs_phase2s	174	50	45	45	0	90.0	90.0	-0.0023458313662558794	-0.027669191360473633
phase2w_vs_phase2s	453	50	38	38	0	76.0	76.0	-0.002325992565602064	-0.04410749301314354
phase2w_vs_phase2s	46	50	28	28	0	56.0	56.0	-0.0022871503606438637	-0.04749241843819618
phase2w_vs_phase2s	854	50	44	44	0	88.0	88.0	-0.0022751793731004	0.01101105660200119
phase2w_vs_phase2s	642	50	44	44	0	88.0	88.0	-0.0022583305835723877	-0.06905154883861542
phase2w_vs_phase2s	870	50	44	44	0	88.0	88.0	-0.00225493754260242	-0.001820898032747209
phase2w_vs_phase2s	970	50	30	30	0	60.0	60.0	-0.0021515481639653444	-0.01517176628112793
phase2w_vs_phase2s	192	50	43	43	0	86.0	86.0	-0.0021435616072267294	-0.014975804835557938
phase2w_vs_phase2s	208	50	44	44	0	88.0	88.0	-0.002135635120794177	0.0494435578584671
phase2w_vs_phase2s	37	50	45	45	0	90.0	90.0	-0.0020977852400392294	0.04878051578998566
phase2w_vs_phase2s	263	50	48	48	0	96.0	96.0	-0.001968702068552375	0.010387773625552654
phase2w_vs_phase2s	620	50	14	14	0	28.0	28.0	-0.0019324253080412745	-0.024113425984978676
phase2w_vs_phase2s	8	50	45	45	0	90.0	90.0	-0.0019183708354830742	-0.024193687364459038
phase2w_vs_phase2s	191	50	44	44	0	88.0	88.0	-0.0019042189233005047	0.06931149214506149
phase2w_vs_phase2s	908	50	33	33	0	66.0	66.0	-0.0018972085090354085	-0.036965809762477875
phase2w_vs_phase2s	782	50	9	9	0	18.0	18.0	-0.001895627356134355	0.040562745183706284
phase2w_vs_phase2s	621	50	45	45	0	90.0	90.0	-0.001855880138464272	0.0668846145272255
phase2w_vs_phase2s	123	50	43	43	0	86.0	86.0	-0.0018327109282836318	0.025121092796325684
phase2w_vs_phase2s	318	50	43	43	0	86.0	86.0	-0.0016519161872565746	0.0045046997256577015
phase2w_vs_phase2s	286	50	47	47	0	94.0	94.0	-0.0016263503348454833	-0.030274858698248863
phase2w_vs_phase2s	234	50	46	46	0	92.0	92.0	-0.0015717892674729228	-0.06414903700351715
phase2w_vs_phase2s	874	50	50	50	0	100.0	100.0	-0.0015508299693465233	-0.06083456054329872
phase2w_vs_phase2s	971	50	45	45	0	90.0	90.0	-0.001189031871035695	-0.02369128167629242
phase2w_vs_phase2s	317	50	46	46	0	92.0	92.0	-0.0011110423365607858	0.03908982127904892
phase2w_vs_phase2s	867	50	45	45	0	90.0	90.0	-0.0010195368668064475	-0.011714753694832325
phase2w_vs_phase2s	579	50	38	38	0	76.0	76.0	-0.0010160746751353145	-0.025441979989409447
phase2w_vs_phase2s	133	50	48	48	0	96.0	96.0	-0.0009510974632576108	-0.044861916452646255
phase2w_vs_phase2s	183	50	46	46	0	92.0	92.0	-0.0009042376186698675	-0.05481363460421562
phase2w_vs_phase2s	396	50	48	48	0	96.0	96.0	-0.0008948330651037395	0.03421361744403839
phase2w_vs_phase2s	458	50	48	48	0	96.0	96.0	-0.0008773226873017848	-0.04664502292871475
phase2w_vs_phase2s	944	50	44	44	0	88.0	88.0	-0.0008721876074559987	-0.05092987045645714
phase2w_vs_phase2s	585	50	27	27	0	54.0	54.0	-0.0008458775118924677	0.011798677034676075
phase2w_vs_phase2s	22	50	50	50	0	100.0	100.0	-0.0008212751126848161	-0.004062499850988388
phase2w_vs_phase2s	986	50	50	50	0	100.0	100.0	-0.000810824625659734	-0.030355805531144142
phase2w_vs_phase2s	256	50	46	46	0	92.0	92.0	-0.0008021953981369734	-0.04478222876787186
phase2w_vs_phase2s	623	50	18	18	0	36.0	36.0	-0.0007219010731205344	0.01582466997206211
phase2w_vs_phase2s	42	50	42	42	0	84.0	84.0	-0.0006727006402797997	0.015441789291799068
phase2w_vs_phase2s	710	50	38	38	0	76.0	76.0	-0.0006712305475957692	-0.027173776179552078
phase2w_vs_phase2s	262	50	49	49	0	98.0	98.0	-0.0006364020518958569	0.001335248933173716
phase2w_vs_phase2s	705	50	30	30	0	60.0	60.0	-0.0006294381455518305	0.0024555588606745005
phase2w_vs_phase2s	678	50	37	37	0	74.0	74.0	-0.0005440315580926836	-0.06449273228645325
phase2w_vs_phase2s	82	50	43	43	0	86.0	86.0	-0.0005073490901850164	-0.01324351318180561
phase2w_vs_phase2s	316	50	48	48	0	96.0	96.0	-0.0004373028932604939	-0.012188520282506943
phase2w_vs_phase2s	605	50	44	44	0	88.0	88.0	-0.00025711863418109715	0.020056333392858505
phase2w_vs_phase2s	57	50	47	47	0	94.0	94.0	-0.00017254888371098787	-0.06860644370317459
phase2w_vs_phase2s	900	50	48	48	0	96.0	96.0	-0.00012522228644229472	-0.02524626813828945
phase2w_vs_phase2s	98	50	47	47	0	94.0	94.0	-0.00010557055793469772	0.03756155073642731
phase2w_vs_phase2s	451	50	42	42	0	84.0	84.0	-0.00010476969328010455	0.09955810755491257
phase2w_vs_phase2s	676	50	38	38	0	76.0	76.0	-9.457171108806506e-05	0.034270741045475006
phase2w_vs_phase2s	657	50	15	15	0	30.0	30.0	2.7739553843275644e-05	-0.011039619334042072
phase2w_vs_phase2s	595	50	43	43	0	86.0	86.0	5.131706711836159e-05	0.021246185526251793
phase2w_vs_phase2s	963	50	43	43	0	86.0	86.0	6.107673107180744e-05	-0.034464627504348755
phase2w_vs_phase2s	7	50	38	38	0	76.0	76.0	0.00024227141693700105	0.05228240787982941
phase2w_vs_phase2s	287	50	38	38	0	76.0	76.0	0.00038065723492763937	-0.02046526037156582
phase2w_vs_phase2s	855	50	38	38	0	76.0	76.0	0.00044853598228655756	-0.018155870959162712
phase2w_vs_phase2s	313	50	40	40	0	80.0	80.0	0.0004679429403040558	-0.01933417282998562
phase2w_vs_phase2s	937	50	46	46	0	92.0	92.0	0.0004755452391691506	0.00428073899820447
phase2w_vs_phase2s	26	50	31	31	0	62.0	62.0	0.0004802416660822928	-0.03355400264263153
phase2w_vs_phase2s	446	50	35	35	0	70.0	70.0	0.0004855605075135827	-0.021346941590309143
phase2w_vs_phase2s	277	50	34	34	0	68.0	68.0	0.0005011794273741543	-0.025312500074505806
phase2w_vs_phase2s	124	50	39	39	0	78.0	78.0	0.0007664957665838301	0.02277236059308052
phase2w_vs_phase2s	308	50	44	44	0	88.0	88.0	0.0007697300752624869	0.01569311134517193
phase2w_vs_phase2s	321	50	50	50	0	100.0	100.0	0.0007795077399350703	0.024428052827715874
phase2w_vs_phase2s	690	50	47	47	0	94.0	94.0	0.000794258841779083	-0.0002461242547724396
phase2w_vs_phase2s	688	50	47	47	0	94.0	94.0	0.0007983754621818662	-0.015577116049826145
phase2w_vs_phase2s	371	50	35	35	0	70.0	70.0	0.0008386221597902477	-0.049438972026109695
phase2w_vs_phase2s	125	50	46	46	0	92.0	92.0	0.0008959823753684759	-0.0005961323040537536
phase2w_vs_phase2s	352	50	45	45	0	90.0	90.0	0.0009259542566724122	0.023125000298023224
phase2w_vs_phase2s	736	50	45	45	0	90.0	90.0	0.0009828548645600677	0.020545082166790962
phase2w_vs_phase2s	800	50	46	46	0	92.0	92.0	0.0010393739212304354	0.09051931649446487
phase2w_vs_phase2s	901	50	34	34	0	68.0	68.0	0.001069722231477499	0.035139333456754684
phase2w_vs_phase2s	158	50	31	31	0	62.0	62.0	0.0011093843495473266	0.05350689962506294
phase2w_vs_phase2s	493	50	15	15	0	30.0	30.0	0.0011158623965457082	0.033412590622901917
phase2w_vs_phase2s	130	50	49	49	0	98.0	98.0	0.001132315956056118	0.006453571375459433
phase2w_vs_phase2s	691	50	30	30	0	60.0	60.0	0.0011730706319212914	-0.04826504737138748
phase2w_vs_phase2s	993	50	49	49	0	98.0	98.0	0.0011953276116400957	0.08441679179668427
phase2w_vs_phase2s	347	50	45	45	0	90.0	90.0	0.0012017925037071109	0.0640430897474289
phase2w_vs_phase2s	134	50	38	38	0	76.0	76.0	0.0012448979541659355	-0.05085249990224838
phase2w_vs_phase2s	955	50	49	49	0	98.0	98.0	0.0012504601618275046	-0.009510040283203125
phase2w_vs_phase2s	947	50	21	21	0	42.0	42.0	0.0012548846425488591	0.06071925163269043
phase2w_vs_phase2s	671	50	39	39	0	78.0	78.0	0.0012909156503155828	-0.025394020602107048
phase2w_vs_phase2s	866	50	46	46	0	92.0	92.0	0.0012973165139555931	0.02031865157186985
phase2w_vs_phase2s	611	50	48	48	0	96.0	96.0	0.0013328930363059044	-0.025276049971580505
phase2w_vs_phase2s	531	50	31	31	0	62.0	62.0	0.0013656772207468748	0.02342785894870758
phase2w_vs_phase2s	959	50	45	45	0	90.0	90.0	0.001373293693177402	-0.006106462329626083
phase2w_vs_phase2s	388	50	47	47	0	94.0	94.0	0.001399227068759501	-0.03763668239116669
phase2w_vs_phase2s	72	50	48	48	0	96.0	96.0	0.0014292442938312888	0.0043750000186264515
phase2w_vs_phase2s	835	50	42	42	0	84.0	84.0	0.0014425324043259025	-0.1235186830163002
phase2w_vs_phase2s	748	50	29	29	0	58.0	58.0	0.0015371590852737427	0.03439141437411308
phase2w_vs_phase2s	243	50	43	43	0	86.0	86.0	0.0015393138164654374	-0.0196489617228508
phase2w_vs_phase2s	622	50	32	32	0	64.0	64.0	0.0015595442382618785	-0.026654090732336044
phase2w_vs_phase2s	140	50	47	47	0	94.0	94.0	0.0015669817803427577	-0.021884679794311523
phase2w_vs_phase2s	275	50	50	50	0	100.0	100.0	0.001618473557755351	-0.051249999552965164
phase2w_vs_phase2s	300	50	48	48	0	96.0	96.0	0.0016444227658212185	-0.058601122349500656
phase2w_vs_phase2s	341	50	31	31	0	62.0	62.0	0.0016516319010406733	0.04037768393754959
phase2w_vs_phase2s	128	50	46	46	0	92.0	92.0	0.0017070509493350983	0.04455334693193436
phase2w_vs_phase2s	175	50	36	36	0	72.0	72.0	0.0017151881475001574	-0.0849228948354721
phase2w_vs_phase2s	634	50	39	39	0	78.0	78.0	0.0017459769733250141	0.03154619038105011
phase2w_vs_phase2s	995	50	50	50	0	100.0	100.0	0.0017914241179823875	0.001796236028894782
phase2w_vs_phase2s	951	50	40	40	0	80.0	80.0	0.0018026098841801286	0.01497466117143631
phase2w_vs_phase2s	337	50	41	41	0	82.0	82.0	0.0018090668600052595	-0.059872016310691833
phase2w_vs_phase2s	116	50	45	45	0	90.0	90.0	0.0018415311351418495	0.04889991879463196
phase2w_vs_phase2s	557	50	42	42	0	84.0	84.0	0.0019013634882867336	0.01371845230460167
phase2w_vs_phase2s	25	50	49	49	0	98.0	98.0	0.00196767202578485	0.014375000260770321
phase2w_vs_phase2s	729	50	32	32	0	64.0	64.0	0.0020096462685614824	-0.013772611506283283
phase2w_vs_phase2s	889	50	39	39	0	78.0	78.0	0.002052267547696829	0.01225423812866211
phase2w_vs_phase2s	364	50	50	50	0	100.0	100.0	0.0020595716778188944	-0.018615273758769035
phase2w_vs_phase2s	0	50	49	49	0	98.0	98.0	0.0021191430278122425	0.060654640197753906
phase2w_vs_phase2s	783	50	49	49	0	98.0	98.0	0.0021321887616068125	-0.0374167338013649
phase2w_vs_phase2s	307	50	43	43	0	86.0	86.0	0.002143888035789132	-0.025878095999360085
phase2w_vs_phase2s	586	50	45	45	0	90.0	90.0	0.0023130786139518023	0.0533924400806427
phase2w_vs_phase2s	659	50	42	42	0	84.0	84.0	0.0023653043899685144	0.062498148530721664
phase2w_vs_phase2s	645	50	50	50	0	100.0	100.0	0.0024978280998766422	-0.02889443375170231
phase2w_vs_phase2s	556	50	32	32	0	64.0	64.0	0.002520231530070305	0.043945036828517914
phase2w_vs_phase2s	746	50	46	46	0	92.0	92.0	0.0025342865847051144	0.05132422596216202
phase2w_vs_phase2s	877	50	44	44	0	88.0	88.0	0.00254634115844965	0.00827215239405632
phase2w_vs_phase2s	86	50	44	44	0	88.0	88.0	0.002566005103290081	0.0007114124018698931
phase2w_vs_phase2s	510	50	46	46	0	92.0	92.0	0.0025829256046563387	-0.00854586623609066
phase2w_vs_phase2s	780	50	39	39	0	78.0	78.0	0.002584322588518262	0.012634086422622204
phase2w_vs_phase2s	87	50	49	49	0	98.0	98.0	0.0025853789411485195	0.056740209460258484
phase2w_vs_phase2s	305	50	44	44	0	88.0	88.0	0.0026308149099349976	-0.02740226686000824
phase2w_vs_phase2s	361	50	48	48	0	96.0	96.0	0.002688080770894885	0.013505000621080399
phase2w_vs_phase2s	109	50	48	48	0	96.0	96.0	0.002714750822633505	0.041250020265579224
phase2w_vs_phase2s	385	50	31	31	0	62.0	62.0	0.0027166532818228006	0.014784212224185467
phase2w_vs_phase2s	301	50	47	47	0	94.0	94.0	0.0027331144083291292	0.050075750797986984
phase2w_vs_phase2s	113	50	44	44	0	88.0	88.0	0.002826969139277935	0.04180474206805229
phase2w_vs_phase2s	927	50	48	48	0	96.0	96.0	0.0028430481906980276	0.016564225777983665
phase2w_vs_phase2s	363	50	47	47	0	94.0	94.0	0.002871498465538025	0.01628066971898079
phase2w_vs_phase2s	992	50	43	43	0	86.0	86.0	0.0028860876336693764	0.04592566564679146
phase2w_vs_phase2s	525	50	40	40	0	80.0	80.0	0.002974502509459853	0.009004678577184677
phase2w_vs_phase2s	138	50	48	48	0	96.0	96.0	0.0029952209442853928	0.03374547138810158
phase2w_vs_phase2s	84	50	48	48	0	96.0	96.0	0.003041198942810297	0.042524490505456924
phase2w_vs_phase2s	85	50	47	47	0	94.0	94.0	0.0030414655338972807	0.013790006749331951
phase2w_vs_phase2s	302	50	35	35	0	70.0	70.0	0.003100273199379444	-0.033065423369407654
phase2w_vs_phase2s	48	50	48	48	0	96.0	96.0	0.0031004284974187613	-0.055692292749881744
phase2w_vs_phase2s	384	50	47	47	0	94.0	94.0	0.003125089453533292	0.02722657285630703
phase2w_vs_phase2s	706	50	33	33	0	66.0	66.0	0.003149799769744277	0.009143104776740074
phase2w_vs_phase2s	89	50	49	49	0	98.0	98.0	0.003202470950782299	0.024537740275263786
phase2w_vs_phase2s	438	50	30	30	0	60.0	60.0	0.003250311128795147	0.023342018947005272
phase2w_vs_phase2s	186	50	39	39	0	78.0	78.0	0.0032887079287320375	0.028407955542206764
phase2w_vs_phase2s	568	50	44	44	0	88.0	88.0	0.00330583518370986	-0.010821285657584667
phase2w_vs_phase2s	871	50	42	42	0	84.0	84.0	0.003346378216519952	0.02712913602590561
phase2w_vs_phase2s	640	50	48	48	0	96.0	96.0	0.0033675897866487503	-0.01742100715637207
phase2w_vs_phase2s	283	50	46	46	0	92.0	92.0	0.0033935443498194218	0.09085774421691895
phase2w_vs_phase2s	774	50	41	41	0	82.0	82.0	0.003422682173550129	0.018800316378474236
phase2w_vs_phase2s	9	50	50	50	0	100.0	100.0	0.003478752449154854	0.0815448984503746
phase2w_vs_phase2s	573	50	50	50	0	100.0	100.0	0.0035203939769417048	0.016897259280085564
phase2w_vs_phase2s	759	50	42	42	0	84.0	84.0	0.003562592202797532	0.025669308379292488
phase2w_vs_phase2s	607	50	49	49	0	98.0	98.0	0.0036436778027564287	0.028889799490571022
phase2w_vs_phase2s	588	50	37	37	0	74.0	74.0	0.003712648758664727	0.03467075526714325
phase2w_vs_phase2s	28	50	46	46	0	92.0	92.0	0.003712906502187252	0.0046076965518295765
phase2w_vs_phase2s	934	50	46	46	0	92.0	92.0	0.0037323629949241877	0.0011100101983174682
phase2w_vs_phase2s	625	50	47	47	0	94.0	94.0	0.003757256781682372	0.030687741935253143
phase2w_vs_phase2s	6	50	46	46	0	92.0	92.0	0.003783688647672534	-0.003750019008293748
phase2w_vs_phase2s	244	50	47	47	0	94.0	94.0	0.003784477710723877	-0.011631965637207031
phase2w_vs_phase2s	269	50	41	41	0	82.0	82.0	0.003794250078499317	-0.03121786192059517
phase2w_vs_phase2s	940	50	47	47	0	94.0	94.0	0.003810094902291894	0.05189012363553047
phase2w_vs_phase2s	41	50	47	47	0	94.0	94.0	0.0038571187760680914	-0.02139763906598091
phase2w_vs_phase2s	448	50	46	46	0	92.0	92.0	0.0038580852560698986	-0.009700565598905087
phase2w_vs_phase2s	806	50	34	34	0	68.0	68.0	0.003861993784084916	0.03953481838107109
phase2w_vs_phase2s	20	50	44	44	0	88.0	88.0	0.00389289204031229	0.022047577425837517
phase2w_vs_phase2s	411	50	39	39	0	78.0	78.0	0.003932309802621603	0.027278603985905647
phase2w_vs_phase2s	340	50	48	48	0	96.0	96.0	0.003964906558394432	0.030367298051714897
phase2w_vs_phase2s	202	50	40	40	0	80.0	80.0	0.003984689712524414	-0.03498164191842079
phase2w_vs_phase2s	66	50	30	30	0	60.0	60.0	0.003986647352576256	-0.03441016376018524
phase2w_vs_phase2s	224	50	39	39	0	78.0	78.0	0.004001682624220848	-0.03049725480377674
phase2w_vs_phase2s	814	50	49	49	0	98.0	98.0	0.004026878625154495	0.0033392191398888826
phase2w_vs_phase2s	699	50	42	42	0	84.0	84.0	0.004029369913041592	0.02691826783120632
phase2w_vs_phase2s	386	50	34	34	0	68.0	68.0	0.004048546776175499	0.021625423803925514
phase2w_vs_phase2s	617	50	42	42	0	84.0	84.0	0.004078168421983719	0.0022199726663529873
phase2w_vs_phase2s	351	50	47	47	0	94.0	94.0	0.004112473223358393	0.04861075431108475
phase2w_vs_phase2s	922	50	43	43	0	86.0	86.0	0.004122845362871885	0.03533545508980751
phase2w_vs_phase2s	560	50	48	48	0	96.0	96.0	0.00419966783374548	0.005068197380751371
phase2w_vs_phase2s	562	50	47	47	0	94.0	94.0	0.004217548295855522	0.027933616191148758
phase2w_vs_phase2s	205	50	39	39	0	78.0	78.0	0.004322381690144539	-0.0032632160000503063
phase2w_vs_phase2s	434	50	30	30	0	60.0	60.0	0.004365226253867149	-0.010880965739488602
phase2w_vs_phase2s	932	50	42	42	0	84.0	84.0	0.004377385601401329	-0.006071576848626137
phase2w_vs_phase2s	832	50	46	46	0	92.0	92.0	0.00446713250130415	0.030939236283302307
phase2w_vs_phase2s	606	50	47	47	0	94.0	94.0	0.004473396111279726	0.0551627054810524
phase2w_vs_phase2s	120	50	37	37	0	74.0	74.0	0.004481680691242218	0.033319082111120224
phase2w_vs_phase2s	476	50	49	49	0	98.0	98.0	0.00450731860473752	-0.021009521558880806
phase2w_vs_phase2s	946	50	47	47	0	94.0	94.0	0.004529131576418877	-0.009260234422981739
phase2w_vs_phase2s	129	50	50	50	0	100.0	100.0	0.004645446315407753	-0.0009079551673494279
phase2w_vs_phase2s	647	50	44	44	0	88.0	88.0	0.004793648142367601	-0.027158059179782867
phase2w_vs_phase2s	886	50	47	47	0	94.0	94.0	0.004814812447875738	0.015635499730706215
phase2w_vs_phase2s	545	50	44	44	0	88.0	88.0	0.004816401284188032	0.05264495313167572
phase2w_vs_phase2s	733	50	25	25	0	50.0	50.0	0.004839086439460516	-0.010676555335521698
phase2w_vs_phase2s	170	50	35	35	0	70.0	70.0	0.004903271794319153	0.01792157255113125
phase2w_vs_phase2s	878	50	43	43	0	86.0	86.0	0.004912908188998699	0.003750019008293748
phase2w_vs_phase2s	666	50	44	44	0	88.0	88.0	0.004919703118503094	0.023683642968535423
phase2w_vs_phase2s	815	50	36	36	0	72.0	72.0	0.0049315039068460464	-0.005229845177382231
phase2w_vs_phase2s	422	50	32	32	0	64.0	64.0	0.004935013595968485	0.07740268111228943
phase2w_vs_phase2s	615	50	40	40	0	80.0	80.0	0.004968968220055103	-0.04832527041435242
phase2w_vs_phase2s	53	50	47	47	0	94.0	94.0	0.004971531219780445	0.017768917605280876
phase2w_vs_phase2s	429	50	42	42	0	84.0	84.0	0.00497782789170742	0.0193350687623024
phase2w_vs_phase2s	310	50	40	40	0	80.0	80.0	0.00498709874227643	0.07292481511831284
phase2w_vs_phase2s	711	50	38	38	0	76.0	76.0	0.005010790191590786	-0.00847051665186882
phase2w_vs_phase2s	27	50	37	37	0	74.0	74.0	0.0050118775106966496	0.028750000521540642
phase2w_vs_phase2s	298	50	39	39	0	78.0	78.0	0.005056822206825018	0.01797681301832199
phase2w_vs_phase2s	658	50	36	36	0	72.0	72.0	0.0050580548122525215	-0.0015878677368164062
phase2w_vs_phase2s	616	50	45	45	0	90.0	90.0	0.0050583090633153915	0.05981220304965973
phase2w_vs_phase2s	323	50	49	49	0	98.0	98.0	0.005139840301126242	0.019823169335722923
phase2w_vs_phase2s	139	50	50	50	0	100.0	100.0	0.0051480503752827644	0.04599549248814583
phase2w_vs_phase2s	942	50	41	41	0	82.0	82.0	0.005327652674168348	0.08221812546253204
phase2w_vs_phase2s	812	50	48	48	0	96.0	96.0	0.005502371117472649	-0.020594606176018715
phase2w_vs_phase2s	222	50	37	37	0	74.0	74.0	0.005536018405109644	-0.025172920897603035
phase2w_vs_phase2s	70	50	47	47	0	94.0	94.0	0.005543299950659275	0.0510345920920372
phase2w_vs_phase2s	471	50	45	45	0	90.0	90.0	0.005565705709159374	0.007040233816951513
phase2w_vs_phase2s	597	50	37	37	0	74.0	74.0	0.005565791856497526	0.10295833647251129
phase2w_vs_phase2s	626	50	42	42	0	84.0	84.0	0.005591738037765026	0.0040796659886837006
phase2w_vs_phase2s	375	50	45	45	0	90.0	90.0	0.0056497748009860516	0.011255282908678055
phase2w_vs_phase2s	146	50	50	50	0	100.0	100.0	0.005658106878399849	-0.009889107197523117
phase2w_vs_phase2s	990	50	50	50	0	100.0	100.0	0.00568809499964118	0.08720438182353973
phase2w_vs_phase2s	577	50	46	46	0	92.0	92.0	0.005701539106667042	0.021649599075317383
phase2w_vs_phase2s	93	50	49	49	0	98.0	98.0	0.005709618330001831	-0.019428424537181854
phase2w_vs_phase2s	100	50	49	49	0	98.0	98.0	0.005719114560633898	0.06499999761581421
phase2w_vs_phase2s	923	50	25	25	0	50.0	50.0	0.005744325928390026	0.028201980516314507
phase2w_vs_phase2s	95	50	47	47	0	94.0	94.0	0.0057585532777011395	0.1380711942911148
phase2w_vs_phase2s	5	50	43	43	0	86.0	86.0	0.005818862933665514	0.013054447248578072
phase2w_vs_phase2s	425	50	47	47	0	94.0	94.0	0.005923870950937271	0.0092038344591856
phase2w_vs_phase2s	152	50	42	42	0	84.0	84.0	0.005936034489423037	0.04196573421359062
phase2w_vs_phase2s	126	50	39	39	0	78.0	78.0	0.006028671283274889	0.052398815751075745
phase2w_vs_phase2s	627	50	41	41	0	82.0	82.0	0.006032286211848259	0.04819103330373764
phase2w_vs_phase2s	342	50	45	45	0	90.0	90.0	0.006037015933543444	-0.011033429764211178
phase2w_vs_phase2s	644	50	38	38	0	76.0	76.0	0.006102242507040501	-0.008165350183844566
phase2w_vs_phase2s	518	50	48	48	0	96.0	96.0	0.006140563637018204	0.02870059944689274
phase2w_vs_phase2s	180	50	29	29	0	58.0	58.0	0.0062164985574781895	0.09249213337898254
phase2w_vs_phase2s	961	50	25	25	0	50.0	50.0	0.006220890209078789	-0.025146685540676117
phase2w_vs_phase2s	801	50	46	46	0	92.0	92.0	0.006230174098163843	0.09343504905700684
phase2w_vs_phase2s	362	50	44	44	0	88.0	88.0	0.0062806918285787106	0.027831630781292915
phase2w_vs_phase2s	382	50	42	42	0	84.0	84.0	0.0062987529672682285	0.00897858664393425
phase2w_vs_phase2s	131	50	43	43	0	86.0	86.0	0.006353280507028103	0.034871481359004974
phase2w_vs_phase2s	210	50	46	46	0	92.0	92.0	0.006361063569784164	0.17552077770233154
phase2w_vs_phase2s	719	50	47	47	0	94.0	94.0	0.006631975062191486	0.04357876628637314
phase2w_vs_phase2s	974	50	48	48	0	96.0	96.0	0.006654481869190931	0.024000054225325584
phase2w_vs_phase2s	239	50	49	49	0	98.0	98.0	0.0066793449223041534	0.0052911569364368916
phase2w_vs_phase2s	911	50	22	22	0	44.0	44.0	0.00669650686904788	0.030483141541481018
phase2w_vs_phase2s	178	50	47	47	0	94.0	94.0	0.006777147762477398	0.060456398874521255
phase2w_vs_phase2s	314	50	43	43	0	86.0	86.0	0.006836988963186741	0.1512109488248825
phase2w_vs_phase2s	881	50	42	42	0	84.0	84.0	0.006907047238200903	0.11376520246267319
phase2w_vs_phase2s	436	50	35	35	0	70.0	70.0	0.006939585320651531	0.011217594146728516
phase2w_vs_phase2s	24	50	48	48	0	96.0	96.0	0.006943303160369396	0.11572203785181046
phase2w_vs_phase2s	594	50	49	49	0	98.0	98.0	0.0069756400771439075	0.010268106125295162
phase2w_vs_phase2s	898	50	35	35	0	70.0	70.0	0.007058837916702032	-0.0010996342170983553
phase2w_vs_phase2s	372	50	47	47	0	94.0	94.0	0.007122055161744356	0.00785190612077713
phase2w_vs_phase2s	143	50	49	49	0	98.0	98.0	0.007159393280744553	0.040931347757577896
phase2w_vs_phase2s	373	50	41	41	0	82.0	82.0	0.007206454873085022	-0.007484693545848131
phase2w_vs_phase2s	727	50	45	45	0	90.0	90.0	0.0072295181453228	0.10299083590507507
phase2w_vs_phase2s	76	50	49	49	0	98.0	98.0	0.007298637647181749	0.01975877769291401
phase2w_vs_phase2s	13	50	50	50	0	100.0	100.0	0.007319629192352295	0.014330368489027023
phase2w_vs_phase2s	29	50	47	47	0	94.0	94.0	0.007339873351156712	0.0881136804819107
phase2w_vs_phase2s	376	50	50	50	0	100.0	100.0	0.00738782761618495	0.022274503484368324
phase2w_vs_phase2s	600	50	19	19	0	38.0	38.0	0.007415586616843939	-0.0006769275642000139
phase2w_vs_phase2s	333	50	50	50	0	100.0	100.0	0.007422242313623428	0.09741281718015671
phase2w_vs_phase2s	194	50	42	42	0	84.0	84.0	0.0075613665394485	0.006230602040886879
phase2w_vs_phase2s	581	50	41	41	0	82.0	82.0	0.00756189227104187	0.022390451282262802
phase2w_vs_phase2s	325	50	49	49	0	98.0	98.0	0.007589757442474365	0.06277060508728027
phase2w_vs_phase2s	15	50	48	48	0	96.0	96.0	0.007629130035638809	0.013191452249884605
phase2w_vs_phase2s	587	50	35	35	0	70.0	70.0	0.007629942148923874	0.031156130135059357
phase2w_vs_phase2s	49	50	40	40	0	80.0	80.0	0.007654557004570961	-0.014985217712819576
phase2w_vs_phase2s	818	50	18	18	0	36.0	36.0	0.007720059249550104	0.11529319733381271
phase2w_vs_phase2s	291	50	50	50	0	100.0	100.0	0.007749993819743395	0.10020849853754044
phase2w_vs_phase2s	80	50	44	44	0	88.0	88.0	0.007800054736435413	0.01709086447954178
phase2w_vs_phase2s	739	50	48	48	0	96.0	96.0	0.007832243107259274	0.06284232437610626
phase2w_vs_phase2s	924	50	44	44	0	88.0	88.0	0.007836814969778061	0.055178526788949966
phase2w_vs_phase2s	401	50	45	45	0	90.0	90.0	0.007889735512435436	0.010373497381806374
phase2w_vs_phase2s	575	50	42	42	0	84.0	84.0	0.007955868728458881	0.07195346802473068
phase2w_vs_phase2s	540	50	43	43	0	86.0	86.0	0.00796128623187542	0.053011730313301086
phase2w_vs_phase2s	509	50	32	32	0	64.0	64.0	0.008102918043732643	0.025516070425510406
phase2w_vs_phase2s	583	50	46	46	0	92.0	92.0	0.008284748531877995	0.040919046849012375
phase2w_vs_phase2s	980	50	44	44	0	88.0	88.0	0.00835389643907547	0.07886644452810287
phase2w_vs_phase2s	216	50	48	48	0	96.0	96.0	0.00836725253611803	0.04976789653301239
phase2w_vs_phase2s	613	50	47	47	0	94.0	94.0	0.008447935804724693	0.10860820859670639
phase2w_vs_phase2s	135	50	50	50	0	100.0	100.0	0.008482900448143482	0.04867427796125412
phase2w_vs_phase2s	991	50	49	49	0	98.0	98.0	0.008522862568497658	0.04924362152814865
phase2w_vs_phase2s	442	50	37	37	0	74.0	74.0	0.008540050126612186	0.02529156766831875
phase2w_vs_phase2s	356	50	22	22	0	44.0	44.0	0.008617689833045006	0.049460381269454956
phase2w_vs_phase2s	734	50	44	44	0	88.0	88.0	0.008623655885457993	0.037047699093818665
phase2w_vs_phase2s	981	50	42	42	0	84.0	84.0	0.008624954149127007	0.05735711008310318
phase2w_vs_phase2s	94	50	48	48	0	96.0	96.0	0.008672183379530907	-0.03519510105252266
phase2w_vs_phase2s	380	50	32	32	0	64.0	64.0	0.008723094128072262	0.03663075342774391
phase2w_vs_phase2s	698	50	37	37	0	74.0	74.0	0.00882778037339449	0.05442555248737335
phase2w_vs_phase2s	355	50	48	48	0	96.0	96.0	0.0088520348072052	-0.0021793365012854338
phase2w_vs_phase2s	112	50	42	42	0	84.0	84.0	0.008877751417458057	0.08665002137422562
phase2w_vs_phase2s	117	50	45	45	0	90.0	90.0	0.00890367105603218	0.06893472373485565
phase2w_vs_phase2s	514	50	38	38	0	76.0	76.0	0.009009117260575294	0.042916420847177505
phase2w_vs_phase2s	935	50	36	36	0	72.0	72.0	0.009053072892129421	0.06788533180952072
phase2w_vs_phase2s	23	50	49	49	0	98.0	98.0	0.00906287133693695	0.06123417988419533
phase2w_vs_phase2s	237	50	42	42	0	84.0	84.0	0.009110736660659313	0.08254493772983551
phase2w_vs_phase2s	954	50	45	45	0	90.0	90.0	0.009151017293334007	0.04156887158751488
phase2w_vs_phase2s	904	50	33	33	0	66.0	66.0	0.009215142577886581	0.0015366554725915194
phase2w_vs_phase2s	553	50	42	42	0	84.0	84.0	0.009232261218130589	0.10101915150880814
phase2w_vs_phase2s	649	50	46	46	0	92.0	92.0	0.009236888028681278	0.024496154859662056
phase2w_vs_phase2s	370	50	44	44	0	88.0	88.0	0.009353584609925747	0.06836553663015366
phase2w_vs_phase2s	90	50	50	50	0	100.0	100.0	0.009422188624739647	0.07050280272960663
phase2w_vs_phase2s	45	50	42	42	0	84.0	84.0	0.00949627161026001	0.0771879181265831
phase2w_vs_phase2s	136	50	49	49	0	98.0	98.0	0.009545897133648396	0.06938648223876953
phase2w_vs_phase2s	257	50	41	41	0	82.0	82.0	0.009649420157074928	0.037288617342710495
phase2w_vs_phase2s	576	50	49	49	0	98.0	98.0	0.009672329761087894	0.1315990686416626
phase2w_vs_phase2s	591	50	40	40	0	80.0	80.0	0.009701317176222801	0.03645952045917511
phase2w_vs_phase2s	276	50	47	47	0	94.0	94.0	0.009735464118421078	0.06403116881847382
phase2w_vs_phase2s	253	50	47	47	0	94.0	94.0	0.009792989119887352	0.045930031687021255
phase2w_vs_phase2s	387	50	47	47	0	94.0	94.0	0.009910193271934986	0.16402283310890198
phase2w_vs_phase2s	891	50	43	43	0	86.0	86.0	0.00992569699883461	0.07049764692783356
phase2w_vs_phase2s	339	50	49	49	0	98.0	98.0	0.00997512973845005	0.14768874645233154
phase2w_vs_phase2s	354	50	48	48	0	96.0	96.0	0.010159640572965145	0.09222694486379623
phase2w_vs_phase2s	110	50	45	45	0	90.0	90.0	0.010174496099352837	0.07343751192092896
phase2w_vs_phase2s	289	50	45	45	0	90.0	90.0	0.010209952481091022	0.054373275488615036
phase2w_vs_phase2s	842	50	33	33	0	66.0	66.0	0.010363059118390083	0.1063842698931694
phase2w_vs_phase2s	478	50	29	29	0	58.0	58.0	0.01036596205085516	0.0689830407500267
phase2w_vs_phase2s	11	50	49	49	0	98.0	98.0	0.010482891462743282	0.046582795679569244
phase2w_vs_phase2s	484	50	34	34	0	68.0	68.0	0.010544607415795326	0.01962553896009922
phase2w_vs_phase2s	169	50	49	49	0	98.0	98.0	0.010544810444116592	0.012041750364005566
phase2w_vs_phase2s	684	50	45	45	0	90.0	90.0	0.010644172318279743	0.0892215371131897
phase2w_vs_phase2s	750	50	37	37	0	74.0	74.0	0.010740700177848339	0.041387129575014114
phase2w_vs_phase2s	190	50	45	45	0	90.0	90.0	0.010792556218802929	0.007775611709803343
phase2w_vs_phase2s	430	50	49	49	0	98.0	98.0	0.010837474837899208	0.10401482880115509
phase2w_vs_phase2s	608	50	37	37	0	74.0	74.0	0.010946494527161121	0.045808352530002594
phase2w_vs_phase2s	483	50	40	40	0	80.0	80.0	0.010962455533444881	0.06321735680103302
phase2w_vs_phase2s	683	50	35	35	0	70.0	70.0	0.010991431772708893	0.04470730945467949
phase2w_vs_phase2s	144	50	48	48	0	96.0	96.0	0.011011228896677494	0.10772314667701721
phase2w_vs_phase2s	984	50	48	48	0	96.0	96.0	0.011089460924267769	0.12640582025051117
phase2w_vs_phase2s	255	50	50	50	0	100.0	100.0	0.011106260120868683	0.11187917739152908
phase2w_vs_phase2s	742	50	25	25	0	50.0	50.0	0.011125365272164345	0.010267124511301517
phase2w_vs_phase2s	760	50	42	42	0	84.0	84.0	0.01113114319741726	0.09293579310178757
phase2w_vs_phase2s	532	50	41	41	0	82.0	82.0	0.011184627190232277	0.07937349379062653
phase2w_vs_phase2s	142	50	45	45	0	90.0	90.0	0.011233164928853512	0.09218749403953552
phase2w_vs_phase2s	52	50	41	41	0	82.0	82.0	0.011285305954515934	0.07320860028266907
phase2w_vs_phase2s	559	50	40	40	0	80.0	80.0	0.011297350749373436	-0.018988771364092827
phase2w_vs_phase2s	258	50	49	49	0	98.0	98.0	0.011308848857879639	0.025323962792754173
phase2w_vs_phase2s	574	50	47	47	0	94.0	94.0	0.011408459395170212	0.054633304476737976
phase2w_vs_phase2s	953	50	49	49	0	98.0	98.0	0.011417792178690434	0.05573835223913193
phase2w_vs_phase2s	838	50	26	26	0	52.0	52.0	0.011468830518424511	0.03319113701581955
phase2w_vs_phase2s	604	50	49	49	0	98.0	98.0	0.011569426394999027	0.11615893989801407
phase2w_vs_phase2s	516	50	26	26	0	52.0	52.0	0.011732811108231544	-0.025608567520976067
phase2w_vs_phase2s	773	50	34	34	0	68.0	68.0	0.011736095882952213	0.05456627905368805
phase2w_vs_phase2s	982	50	41	41	0	82.0	82.0	0.011776561848819256	0.08205004036426544
phase2w_vs_phase2s	793	50	42	42	0	84.0	84.0	0.011815340258181095	0.026115112006664276
phase2w_vs_phase2s	884	50	40	40	0	80.0	80.0	0.011827986687421799	0.09536715596914291
phase2w_vs_phase2s	274	50	47	47	0	94.0	94.0	0.011895122937858105	0.13919368386268616
phase2w_vs_phase2s	179	50	36	36	0	72.0	72.0	0.012019077315926552	0.04838406667113304
phase2w_vs_phase2s	797	50	35	35	0	70.0	70.0	0.012112854979932308	0.07208114862442017
phase2w_vs_phase2s	530	50	33	33	0	66.0	66.0	0.012168191373348236	0.050059232860803604
phase2w_vs_phase2s	196	50	36	36	0	72.0	72.0	0.012200594879686832	0.047965165227651596
phase2w_vs_phase2s	490	50	39	39	0	78.0	78.0	0.012273039668798447	0.05838596448302269
phase2w_vs_phase2s	857	50	37	37	0	74.0	74.0	0.012299666181206703	0.0875011458992958
phase2w_vs_phase2s	19	50	50	50	0	100.0	100.0	0.01256345584988594	0.18194679915905
phase2w_vs_phase2s	261	50	48	48	0	96.0	96.0	0.01262216828763485	0.07615914195775986
phase2w_vs_phase2s	391	50	42	42	0	84.0	84.0	0.01264893263578415	0.050965890288352966
phase2w_vs_phase2s	273	50	40	40	0	80.0	80.0	0.012654555961489677	0.04642300680279732
phase2w_vs_phase2s	769	50	41	41	0	82.0	82.0	0.012689067050814629	0.09829210489988327
phase2w_vs_phase2s	156	50	47	47	0	94.0	94.0	0.012868002988398075	0.04608789458870888
phase2w_vs_phase2s	432	50	42	42	0	84.0	84.0	0.012899062596261501	0.0825970247387886
phase2w_vs_phase2s	227	50	32	32	0	64.0	64.0	0.012929127551615238	0.09319112449884415
phase2w_vs_phase2s	145	50	49	49	0	98.0	98.0	0.012987261638045311	0.11483513563871384
phase2w_vs_phase2s	811	50	33	33	0	66.0	66.0	0.013225402683019638	0.03664454445242882
phase2w_vs_phase2s	988	50	50	50	0	100.0	100.0	0.013326543383300304	0.13206949830055237
phase2w_vs_phase2s	849	50	42	42	0	84.0	84.0	0.013461470603942871	0.09285984188318253
phase2w_vs_phase2s	668	50	48	48	0	96.0	96.0	0.013608203269541264	0.044126443564891815
phase2w_vs_phase2s	214	50	46	46	0	92.0	92.0	0.013664220459759235	0.07922663539648056
phase2w_vs_phase2s	994	50	45	45	0	90.0	90.0	0.013682808727025986	0.07953555881977081
phase2w_vs_phase2s	869	50	32	32	0	64.0	64.0	0.013731904327869415	0.11404383927583694
phase2w_vs_phase2s	221	50	45	45	0	90.0	90.0	0.013772393576800823	0.061004638671875
phase2w_vs_phase2s	330	50	40	40	0	80.0	80.0	0.013862811028957367	0.05563702434301376
phase2w_vs_phase2s	687	50	44	44	0	88.0	88.0	0.013988240621984005	0.08789961040019989
phase2w_vs_phase2s	312	50	35	35	0	70.0	70.0	0.014022699557244778	0.04633864387869835
phase2w_vs_phase2s	561	50	47	47	0	94.0	94.0	0.014211543835699558	0.07794161885976791
phase2w_vs_phase2s	346	50	45	45	0	90.0	90.0	0.01456516981124878	0.011193018406629562
phase2w_vs_phase2s	328	50	46	46	0	92.0	92.0	0.01466604508459568	0.08531757444143295
phase2w_vs_phase2s	127	50	46	46	0	92.0	92.0	0.014956926926970482	0.05468999966979027
phase2w_vs_phase2s	377	50	41	41	0	82.0	82.0	0.015134572051465511	0.027959059923887253
phase2w_vs_phase2s	251	50	49	49	0	98.0	98.0	0.015189200639724731	0.09006788581609726
phase2w_vs_phase2s	360	50	41	41	0	82.0	82.0	0.015493828803300858	0.024318905547261238
phase2w_vs_phase2s	502	50	33	33	0	66.0	66.0	0.01563728041946888	0.049478016793727875
phase2w_vs_phase2s	890	50	48	48	0	96.0	96.0	0.015677262097597122	0.11132072657346725
phase2w_vs_phase2s	215	50	49	49	0	98.0	98.0	0.015727806836366653	0.09390884637832642
phase2w_vs_phase2s	292	50	48	48	0	96.0	96.0	0.015890559181571007	0.07999999821186066
phase2w_vs_phase2s	81	50	45	45	0	90.0	90.0	0.01591125875711441	0.07582984119653702
phase2w_vs_phase2s	203	50	47	47	0	94.0	94.0	0.015951668843626976	0.01067397091537714
phase2w_vs_phase2s	693	50	40	40	0	80.0	80.0	0.016025351360440254	0.07818324863910675
phase2w_vs_phase2s	217	50	47	47	0	94.0	94.0	0.016089079901576042	0.06223411485552788
phase2w_vs_phase2s	397	50	46	46	0	92.0	92.0	0.016388097777962685	0.2420143485069275
phase2w_vs_phase2s	816	50	48	48	0	96.0	96.0	0.01667053811252117	0.15431083738803864
phase2w_vs_phase2s	268	50	46	46	0	92.0	92.0	0.016681630164384842	0.12287576496601105
phase2w_vs_phase2s	737	50	34	34	0	68.0	68.0	0.016755081713199615	0.08064549416303635
phase2w_vs_phase2s	309	50	43	43	0	86.0	86.0	0.01685205101966858	0.09947164356708527
phase2w_vs_phase2s	39	50	45	45	0	90.0	90.0	0.01694645546376705	0.03897891938686371
phase2w_vs_phase2s	260	50	45	45	0	90.0	90.0	0.017226330935955048	0.04156892001628876
phase2w_vs_phase2s	985	50	49	49	0	98.0	98.0	0.01741398125886917	0.05342705547809601
phase2w_vs_phase2s	460	50	36	36	0	72.0	72.0	0.017549870535731316	0.07952816784381866
phase2w_vs_phase2s	36	50	25	25	0	50.0	50.0	0.01761973835527897	0.10874999314546585
phase2w_vs_phase2s	247	50	47	47	0	94.0	94.0	0.01768401823937893	0.13177862763404846
phase2w_vs_phase2s	199	50	38	38	0	76.0	76.0	0.01809084601700306	0.06636814773082733
phase2w_vs_phase2s	392	50	49	49	0	98.0	98.0	0.018238741904497147	0.2107561081647873
phase2w_vs_phase2s	789	50	40	40	0	80.0	80.0	0.018303297460079193	0.07595082372426987
phase2w_vs_phase2s	570	50	47	47	0	94.0	94.0	0.019294969737529755	0.11334068328142166
phase2w_vs_phase2s	416	50	47	47	0	94.0	94.0	0.01947028376162052	0.11591539531946182
phase2w_vs_phase2s	450	50	48	48	0	96.0	96.0	0.019575096666812897	0.2273581624031067
phase2w_vs_phase2s	79	50	42	42	0	84.0	84.0	0.02000657469034195	0.10738503187894821
phase2w_vs_phase2s	122	50	45	45	0	90.0	90.0	0.02002670243382454	0.0547192208468914
phase2w_vs_phase2s	496	50	47	47	0	94.0	94.0	0.02005106396973133	0.15122343599796295
phase2w_vs_phase2s	103	50	40	40	0	80.0	80.0	0.02026788890361786	0.0379430390894413
phase2w_vs_phase2s	96	50	46	46	0	92.0	92.0	0.02033805660903454	0.067943274974823
phase2w_vs_phase2s	91	50	46	46	0	92.0	92.0	0.02062148042023182	0.12297157943248749
phase2w_vs_phase2s	599	50	40	40	0	80.0	80.0	0.020639337599277496	0.04050266370177269
phase2w_vs_phase2s	467	50	43	43	0	86.0	86.0	0.02067956142127514	0.04341553524136543
phase2w_vs_phase2s	332	50	50	50	0	100.0	100.0	0.021063489839434624	0.09972992539405823
phase2w_vs_phase2s	184	50	38	38	0	76.0	76.0	0.021481303498148918	0.16680967807769775
phase2w_vs_phase2s	939	50	42	42	0	84.0	84.0	0.021610667929053307	0.08926919102668762
phase2w_vs_phase2s	92	50	49	49	0	98.0	98.0	0.021668048575520515	0.1613345593214035
phase2w_vs_phase2s	528	50	48	48	0	96.0	96.0	0.02198156528174877	0.16500000655651093
phase2w_vs_phase2s	259	50	48	48	0	96.0	96.0	0.022056961432099342	0.0890689566731453
phase2w_vs_phase2s	449	50	47	47	0	94.0	94.0	0.022730752825737	0.13337473571300507
phase2w_vs_phase2s	858	50	41	41	0	82.0	82.0	0.023519504815340042	0.1560991108417511
phase2w_vs_phase2s	488	50	17	17	0	34.0	34.0	0.025245094671845436	0.04190240800380707
phase2w_vs_phase2s	433	50	42	42	0	84.0	84.0	0.025456232950091362	0.1584714949131012
phase2w_vs_phase2s	926	50	43	43	0	86.0	86.0	0.02547444775700569	0.16134414076805115
phase2w_vs_phase2s	357	50	47	47	0	94.0	94.0	0.02553929015994072	0.11056294292211533
phase2w_vs_phase2s	218	50	46	46	0	92.0	92.0	0.026519279927015305	0.20121902227401733
phase2w_vs_phase2s	578	50	37	37	0	74.0	74.0	0.02701469138264656	0.17507873475551605
phase2w_vs_phase2s	512	50	49	49	0	98.0	98.0	0.02709910459816456	0.20011872053146362
phase2w_vs_phase2s	655	50	41	41	0	82.0	82.0	0.02725876495242119	0.16235458850860596
phase2w_vs_phase2s	609	50	39	39	0	78.0	78.0	0.028583195060491562	0.11246395856142044
phase2w_vs_phase2s	279	50	50	50	0	100.0	100.0	0.03027663752436638	0.28113245964050293
phase2w_vs_phase2s	580	50	46	46	0	92.0	92.0	0.03210712969303131	0.19529376924037933
phase2w_vs_phase2s	159	50	41	41	0	82.0	82.0	0.03674198314547539	0.06381139904260635
phase2w_vs_phase2s	404	50	47	48	1	94.0	96.0	-0.01372487936168909	-0.06504546105861664
phase2w_vs_phase2s	965	50	42	43	1	84.0	86.0	-0.012574941851198673	-0.017725467681884766
phase2w_vs_phase2s	636	50	33	34	1	66.0	68.0	-0.012400797568261623	-0.07733626663684845
phase2w_vs_phase2s	696	50	41	42	1	82.0	84.0	-0.01094550359994173	-0.0648544579744339
phase2w_vs_phase2s	827	50	36	37	1	72.0	74.0	-0.00885863695293665	-0.0033043576404452324
phase2w_vs_phase2s	319	50	42	43	1	84.0	86.0	-0.008063937537372112	-0.011741142719984055
phase2w_vs_phase2s	848	50	23	24	1	46.0	48.0	-0.007164116017520428	-0.06414203345775604
phase2w_vs_phase2s	412	50	36	37	1	72.0	74.0	-0.0066948519088327885	-0.11353199928998947
phase2w_vs_phase2s	304	50	35	36	1	70.0	72.0	-0.0062804752960801125	-0.008985919877886772
phase2w_vs_phase2s	956	50	48	49	1	96.0	98.0	-0.0061182547360658646	-0.07443790137767792
phase2w_vs_phase2s	468	50	36	37	1	72.0	74.0	-0.005927262827754021	-0.027497978881001472
phase2w_vs_phase2s	523	50	32	33	1	64.0	66.0	-0.005598223302513361	-0.1224336251616478
phase2w_vs_phase2s	844	50	36	37	1	72.0	74.0	-0.005128151271492243	-0.07095016539096832
phase2w_vs_phase2s	728	50	28	29	1	56.0	58.0	-0.004758152179419994	-0.0274424459785223
phase2w_vs_phase2s	952	50	46	47	1	92.0	94.0	-0.004420451819896698	-0.06172266975045204
phase2w_vs_phase2s	350	50	48	49	1	96.0	98.0	-0.004087589681148529	-0.04890013858675957
phase2w_vs_phase2s	182	50	46	47	1	92.0	94.0	-0.004057498183101416	-0.012347660027444363
phase2w_vs_phase2s	226	50	30	31	1	60.0	62.0	-0.0035861146170645952	0.11057483404874802
phase2w_vs_phase2s	160	50	49	50	1	98.0	100.0	-0.003320026211440563	-0.03621549531817436
phase2w_vs_phase2s	492	50	44	45	1	88.0	90.0	-0.003016080940142274	0.0037884616758674383
phase2w_vs_phase2s	78	50	38	39	1	76.0	78.0	-0.0028561961371451616	-0.02147364616394043
phase2w_vs_phase2s	779	50	47	48	1	94.0	96.0	-0.0022886611986905336	-0.017591791227459908
phase2w_vs_phase2s	150	50	46	47	1	92.0	94.0	-0.0022053613793104887	-0.00933433510363102
phase2w_vs_phase2s	399	50	43	44	1	86.0	88.0	-0.002138546435162425	-0.06717804074287415
phase2w_vs_phase2s	757	50	43	44	1	86.0	88.0	-0.0021010437048971653	-0.05918620154261589
phase2w_vs_phase2s	479	50	21	22	1	42.0	44.0	-0.0019479983020573854	0.03358742594718933
phase2w_vs_phase2s	628	50	46	47	1	92.0	94.0	-0.0018206482054665685	0.004674243740737438
phase2w_vs_phase2s	544	50	39	40	1	78.0	80.0	-0.0017550381598994136	-0.04079188406467438
phase2w_vs_phase2s	747	50	36	37	1	72.0	74.0	-0.001728392788209021	-0.02277810126543045
phase2w_vs_phase2s	209	50	46	47	1	92.0	94.0	-0.0015603783540427685	-0.08708732575178146
phase2w_vs_phase2s	336	50	47	48	1	94.0	96.0	-0.0015501618618145585	-0.03933531790971756
phase2w_vs_phase2s	689	50	16	17	1	32.0	34.0	-0.0013549306895583868	0.01590413972735405
phase2w_vs_phase2s	548	50	46	47	1	92.0	94.0	-0.001039473689161241	-0.004736042115837336
phase2w_vs_phase2s	569	50	47	48	1	94.0	96.0	-0.0009847074979916215	0.0223553366959095
phase2w_vs_phase2s	744	50	17	18	1	34.0	36.0	-0.0008682590560056269	-0.04128369316458702
phase2w_vs_phase2s	322	50	46	47	1	92.0	94.0	-0.0006243285606615245	-0.023075437173247337
phase2w_vs_phase2s	913	50	47	48	1	94.0	96.0	-0.0005097490502521396	-0.0025771046057343483
phase2w_vs_phase2s	875	50	41	42	1	82.0	84.0	-0.00043425828334875405	-0.0236414335668087
phase2w_vs_phase2s	74	50	29	30	1	58.0	60.0	-0.0003362908901181072	-0.035399626940488815
phase2w_vs_phase2s	653	50	35	36	1	70.0	72.0	-0.00014189556532073766	-0.01895357109606266
phase2w_vs_phase2s	841	50	20	21	1	40.0	42.0	-7.136166095733643e-05	0.0407320111989975
phase2w_vs_phase2s	457	50	40	41	1	80.0	82.0	6.28565248916857e-05	-0.05667893588542938
phase2w_vs_phase2s	461	50	26	27	1	52.0	54.0	9.282015525968745e-05	0.019440021365880966
phase2w_vs_phase2s	38	50	45	46	1	90.0	92.0	0.0001464524830225855	0.06014501675963402
phase2w_vs_phase2s	912	50	37	38	1	74.0	76.0	0.00025089114205911756	0.025042423978447914
phase2w_vs_phase2s	775	50	36	37	1	72.0	74.0	0.00027168483939021826	-0.00913301482796669
phase2w_vs_phase2s	810	50	19	20	1	38.0	40.0	0.0002732811844907701	-0.009378786198794842
phase2w_vs_phase2s	722	50	44	45	1	88.0	90.0	0.0008131424547173083	0.02321823127567768
phase2w_vs_phase2s	632	50	30	31	1	60.0	62.0	0.0012436885153874755	-0.061910342425107956
phase2w_vs_phase2s	105	50	45	46	1	90.0	92.0	0.0012582502095028758	0.01952977105975151
phase2w_vs_phase2s	475	50	46	47	1	92.0	94.0	0.0015951826935634017	-0.019674349576234818
phase2w_vs_phase2s	472	50	48	49	1	96.0	98.0	0.002098608063533902	-0.043670035898685455
phase2w_vs_phase2s	905	50	36	37	1	72.0	74.0	0.0021511968225240707	0.017736978828907013
phase2w_vs_phase2s	539	50	38	39	1	76.0	78.0	0.002230349462479353	0.07753263413906097
phase2w_vs_phase2s	165	50	29	30	1	58.0	60.0	0.0025105690583586693	-0.014687194488942623
phase2w_vs_phase2s	249	50	41	42	1	82.0	84.0	0.002565565751865506	0.023136157542467117
phase2w_vs_phase2s	230	50	41	42	1	82.0	84.0	0.002819228218868375	0.008378849364817142
phase2w_vs_phase2s	167	50	19	20	1	38.0	40.0	0.003371267346665263	-0.015385341830551624
phase2w_vs_phase2s	394	50	44	45	1	88.0	90.0	0.003557542571797967	-0.025847386568784714
phase2w_vs_phase2s	679	50	48	49	1	96.0	98.0	0.0037284260615706444	-0.02449466660618782
phase2w_vs_phase2s	735	50	33	34	1	66.0	68.0	0.003957309294492006	0.001947908429428935
phase2w_vs_phase2s	281	50	37	38	1	74.0	76.0	0.004190921783447266	0.04695099964737892
phase2w_vs_phase2s	469	50	34	35	1	68.0	70.0	0.004207998979836702	-0.042239341884851456
phase2w_vs_phase2s	378	50	44	45	1	88.0	90.0	0.0044712829403579235	-0.02141064591705799
phase2w_vs_phase2s	374	50	37	38	1	74.0	76.0	0.00450066989287734	-0.016512442380189896
phase2w_vs_phase2s	470	50	35	36	1	70.0	72.0	0.00452065747231245	-0.004938421305269003
phase2w_vs_phase2s	424	50	33	34	1	66.0	68.0	0.004557127133011818	0.013718022964894772
phase2w_vs_phase2s	715	50	40	41	1	80.0	82.0	0.0047766659408807755	0.013954472728073597
phase2w_vs_phase2s	119	50	36	37	1	72.0	74.0	0.0050607286393642426	0.0352872833609581
phase2w_vs_phase2s	938	50	47	48	1	94.0	96.0	0.005064882803708315	0.07785585522651672
phase2w_vs_phase2s	551	50	43	44	1	86.0	88.0	0.00509613286703825	0.022178545594215393
phase2w_vs_phase2s	745	50	36	37	1	72.0	74.0	0.005099694710224867	0.022238168865442276
phase2w_vs_phase2s	482	50	12	13	1	24.0	26.0	0.005465647671371698	0.011011810041964054
phase2w_vs_phase2s	507	50	41	42	1	82.0	84.0	0.00568569079041481	0.027476711198687553
phase2w_vs_phase2s	945	50	46	47	1	92.0	94.0	0.005778132006525993	0.0320650115609169
phase2w_vs_phase2s	506	50	37	38	1	74.0	76.0	0.0059329066425561905	-0.03686976432800293
phase2w_vs_phase2s	498	50	36	37	1	72.0	74.0	0.005963391158729792	0.03030875138938427
phase2w_vs_phase2s	54	50	33	34	1	66.0	68.0	0.006025077775120735	0.05703134462237358
phase2w_vs_phase2s	846	50	29	30	1	58.0	60.0	0.00614501116797328	0.0127977654337883
phase2w_vs_phase2s	663	50	33	34	1	66.0	68.0	0.006311397068202496	0.05868753418326378
phase2w_vs_phase2s	111	50	46	47	1	92.0	94.0	0.006692439317703247	0.10570219904184341
phase2w_vs_phase2s	324	50	47	48	1	94.0	96.0	0.006924991495907307	0.03186151385307312
phase2w_vs_phase2s	326	50	48	49	1	96.0	98.0	0.007265457417815924	0.04254363849759102
phase2w_vs_phase2s	928	50	39	40	1	78.0	80.0	0.007321810815483332	0.025110997259616852
phase2w_vs_phase2s	369	50	40	41	1	80.0	82.0	0.007669168058782816	0.09524881094694138
phase2w_vs_phase2s	590	50	26	27	1	52.0	54.0	0.007830536924302578	-0.039636287838220596
phase2w_vs_phase2s	204	50	35	36	1	70.0	72.0	0.007935471832752228	0.0834888443350792
phase2w_vs_phase2s	738	50	42	43	1	84.0	86.0	0.007937829941511154	-0.00873561855405569
phase2w_vs_phase2s	903	50	45	46	1	90.0	92.0	0.00818637479096651	0.08968012034893036
phase2w_vs_phase2s	407	50	47	48	1	94.0	96.0	0.008221680298447609	-0.0332501046359539
phase2w_vs_phase2s	366	50	42	43	1	84.0	86.0	0.008255340158939362	0.15115204453468323
phase2w_vs_phase2s	99	50	43	44	1	86.0	88.0	0.008278923109173775	-0.040652599185705185
phase2w_vs_phase2s	2	50	41	42	1	82.0	84.0	0.008385369554162025	0.04103327915072441
phase2w_vs_phase2s	58	50	42	43	1	84.0	86.0	0.008718603290617466	0.0723903626203537
phase2w_vs_phase2s	266	50	29	30	1	58.0	60.0	0.008990459144115448	0.019175147637724876
phase2w_vs_phase2s	115	50	47	48	1	94.0	96.0	0.009352891705930233	-0.016138210892677307
phase2w_vs_phase2s	536	50	28	29	1	56.0	58.0	0.009552390314638615	0.044798821210861206
phase2w_vs_phase2s	188	50	42	43	1	84.0	86.0	0.009632008150219917	0.048241253942251205
phase2w_vs_phase2s	236	50	39	40	1	78.0	80.0	0.00972533505409956	0.018439635634422302
phase2w_vs_phase2s	428	50	41	42	1	82.0	84.0	0.00976900476962328	0.04872037097811699
phase2w_vs_phase2s	231	50	21	22	1	42.0	44.0	0.009842264465987682	0.014995422214269638
phase2w_vs_phase2s	491	50	47	48	1	94.0	96.0	0.00988865178078413	0.07078573107719421
phase2w_vs_phase2s	248	50	26	27	1	52.0	54.0	0.010005283169448376	0.010579061694443226
phase2w_vs_phase2s	198	50	45	46	1	90.0	92.0	0.010007495060563087	-0.008060493506491184
phase2w_vs_phase2s	14	50	48	49	1	96.0	98.0	0.010124490596354008	0.11233453452587128
phase2w_vs_phase2s	207	50	45	46	1	90.0	92.0	0.010259742848575115	-0.026920786127448082
phase2w_vs_phase2s	713	50	47	48	1	94.0	96.0	0.010462386533617973	0.03855365887284279
phase2w_vs_phase2s	439	50	47	48	1	94.0	96.0	0.010473606176674366	0.048003777861595154
phase2w_vs_phase2s	861	50	37	38	1	74.0	76.0	0.010522467084228992	0.06462675333023071
phase2w_vs_phase2s	929	50	41	42	1	82.0	84.0	0.010832100175321102	0.03207622468471527
phase2w_vs_phase2s	534	50	31	32	1	62.0	64.0	0.010879193432629108	0.1242481991648674
phase2w_vs_phase2s	752	50	41	42	1	82.0	84.0	0.011125696823000908	0.08846741914749146
phase2w_vs_phase2s	348	50	33	34	1	66.0	68.0	0.011486942879855633	0.046243276447057724
phase2w_vs_phase2s	393	50	47	48	1	94.0	96.0	0.011511866003274918	0.009214954450726509
phase2w_vs_phase2s	697	50	35	36	1	70.0	72.0	0.011648392304778099	0.02420169860124588
phase2w_vs_phase2s	743	50	36	37	1	72.0	74.0	0.011910651810467243	0.060738857835531235
phase2w_vs_phase2s	864	50	37	38	1	74.0	76.0	0.012134697288274765	0.07524227350950241
phase2w_vs_phase2s	792	50	34	35	1	68.0	70.0	0.012300711125135422	0.06680192798376083
phase2w_vs_phase2s	549	50	29	30	1	58.0	60.0	0.012529334984719753	0.055412035435438156
phase2w_vs_phase2s	895	50	39	40	1	78.0	80.0	0.012771724723279476	0.019634122028946877
phase2w_vs_phase2s	455	50	40	41	1	80.0	82.0	0.01278118509799242	0.032825689762830734
phase2w_vs_phase2s	755	50	46	47	1	92.0	94.0	0.01292844396084547	0.10537195950746536
phase2w_vs_phase2s	888	50	41	42	1	82.0	84.0	0.0130936149507761	0.08462224900722504
phase2w_vs_phase2s	702	50	41	42	1	82.0	84.0	0.013324604369699955	0.06518758088350296
phase2w_vs_phase2s	3	50	38	39	1	76.0	78.0	0.013326933607459068	0.07590706646442413
phase2w_vs_phase2s	949	50	34	35	1	68.0	70.0	0.013451654464006424	0.057154130190610886
phase2w_vs_phase2s	151	50	33	34	1	66.0	68.0	0.013631854206323624	0.049879513680934906
phase2w_vs_phase2s	602	50	39	40	1	78.0	80.0	0.014173257164657116	0.05148010328412056
phase2w_vs_phase2s	153	50	42	43	1	84.0	86.0	0.014263990335166454	0.13595333695411682
phase2w_vs_phase2s	894	50	38	39	1	76.0	78.0	0.014265405014157295	0.00149255758151412
phase2w_vs_phase2s	284	50	47	48	1	94.0	96.0	0.014373854734003544	0.01731894537806511
phase2w_vs_phase2s	443	50	36	37	1	72.0	74.0	0.014830432832241058	0.0866670161485672
phase2w_vs_phase2s	327	50	44	45	1	88.0	90.0	0.014933076687157154	0.12178735435009003
phase2w_vs_phase2s	555	50	44	45	1	88.0	90.0	0.015132534317672253	0.15851262211799622
phase2w_vs_phase2s	837	50	18	19	1	36.0	38.0	0.015380770899355412	-0.033654745668172836
phase2w_vs_phase2s	997	50	38	39	1	76.0	78.0	0.015907002612948418	0.055205393582582474
phase2w_vs_phase2s	149	50	44	45	1	88.0	90.0	0.01609579473733902	0.1817447990179062
phase2w_vs_phase2s	60	50	25	26	1	50.0	52.0	0.016751738265156746	0.06599350273609161
phase2w_vs_phase2s	212	50	44	45	1	88.0	90.0	0.017415765672922134	0.06276875734329224
phase2w_vs_phase2s	213	50	42	43	1	84.0	86.0	0.017641976475715637	0.14289510250091553
phase2w_vs_phase2s	495	50	43	44	1	86.0	88.0	0.01769808679819107	0.023990821093320847
phase2w_vs_phase2s	410	50	45	46	1	90.0	92.0	0.017852000892162323	0.07477487623691559
phase2w_vs_phase2s	717	50	35	36	1	70.0	72.0	0.018154649063944817	0.07024949789047241
phase2w_vs_phase2s	839	50	35	36	1	70.0	72.0	0.018927190452814102	0.0543757900595665
phase2w_vs_phase2s	796	50	40	41	1	80.0	82.0	0.018965769559144974	0.08130618184804916
phase2w_vs_phase2s	75	50	44	45	1	88.0	90.0	0.018970441073179245	0.10590407997369766
phase2w_vs_phase2s	232	50	44	45	1	88.0	90.0	0.01931784860789776	0.03211827203631401
phase2w_vs_phase2s	972	50	36	37	1	72.0	74.0	0.01938762702047825	0.10277437418699265
phase2w_vs_phase2s	419	50	42	43	1	84.0	86.0	0.019443586468696594	0.10655035823583603
phase2w_vs_phase2s	272	50	31	32	1	62.0	64.0	0.01947113312780857	0.03533102199435234
phase2w_vs_phase2s	660	50	35	36	1	70.0	72.0	0.019886508584022522	0.09733176231384277
phase2w_vs_phase2s	108	50	33	34	1	66.0	68.0	0.020815830677747726	0.0077227880246937275
phase2w_vs_phase2s	638	50	16	17	1	32.0	34.0	0.02170741558074951	-0.019433345645666122
phase2w_vs_phase2s	288	50	40	41	1	80.0	82.0	0.023109417408704758	0.10846595466136932
phase2w_vs_phase2s	843	50	45	46	1	90.0	92.0	0.023664424195885658	0.05630940571427345
phase2w_vs_phase2s	931	50	35	36	1	70.0	72.0	0.02622242458164692	0.09489049762487411
phase2w_vs_phase2s	709	50	42	43	1	84.0	86.0	0.02987729012966156	0.10742801427841187
phase2w_vs_phase2s	166	50	35	36	1	70.0	72.0	0.030826054513454437	0.0686696246266365
phase2w_vs_phase2s	598	50	37	39	2	74.0	78.0	-0.01498362049460411	-0.07972271740436554
phase2w_vs_phase2s	618	50	21	23	2	42.0	46.0	-0.009131458587944508	-0.06108323112130165
phase2w_vs_phase2s	856	50	30	32	2	60.0	64.0	-0.00689956359565258	0.030644254758954048
phase2w_vs_phase2s	781	50	44	46	2	88.0	92.0	-0.004079300910234451	-0.09727965295314789
phase2w_vs_phase2s	975	50	30	32	2	60.0	64.0	-0.0037517587188631296	0.007775230333209038
phase2w_vs_phase2s	349	50	36	38	2	72.0	76.0	-0.0033785731066018343	-0.030344104394316673
phase2w_vs_phase2s	593	50	41	43	2	82.0	86.0	-0.001437949831597507	-0.05164787173271179
phase2w_vs_phase2s	656	50	27	29	2	54.0	58.0	0.00012608469114638865	-0.032440852373838425
phase2w_vs_phase2s	694	50	46	48	2	92.0	96.0	0.0008570648496970534	0.06929145753383636
phase2w_vs_phase2s	584	50	27	29	2	54.0	58.0	0.0019359523430466652	0.017440710216760635
phase2w_vs_phase2s	32	50	23	25	2	46.0	50.0	0.0021365468855947256	-0.012314663268625736
phase2w_vs_phase2s	968	50	24	26	2	48.0	52.0	0.0025203912518918514	-0.07089866697788239
phase2w_vs_phase2s	859	50	34	36	2	68.0	72.0	0.002681349404156208	-0.09867804497480392
phase2w_vs_phase2s	546	50	38	40	2	76.0	80.0	0.0029664284083992243	-0.012342032976448536
phase2w_vs_phase2s	865	50	31	33	2	62.0	66.0	0.003066751640290022	0.03178665041923523
phase2w_vs_phase2s	681	50	12	14	2	24.0	28.0	0.003296344308182597	0.009067697450518608
phase2w_vs_phase2s	667	50	33	35	2	66.0	70.0	0.005562576465308666	-0.001580953598022461
phase2w_vs_phase2s	511	50	41	43	2	82.0	86.0	0.006462131626904011	0.040305327624082565
phase2w_vs_phase2s	427	50	32	34	2	64.0	68.0	0.006620624102652073	0.0011410046136006713
phase2w_vs_phase2s	400	50	20	22	2	40.0	44.0	0.006887379102408886	0.04335540905594826
phase2w_vs_phase2s	845	50	35	37	2	70.0	74.0	0.0071176886558532715	0.0018941593589261174
phase2w_vs_phase2s	465	50	31	33	2	62.0	66.0	0.007298798765987158	0.009902086108922958
phase2w_vs_phase2s	462	50	35	37	2	70.0	74.0	0.008679299615323544	0.048641957342624664
phase2w_vs_phase2s	804	50	34	36	2	68.0	72.0	0.009171510115265846	-0.03938181698322296
phase2w_vs_phase2s	819	50	39	41	2	78.0	82.0	0.009942285716533661	0.03321360424160957
phase2w_vs_phase2s	303	50	41	43	2	82.0	86.0	0.009962127543985844	0.017801761627197266
phase2w_vs_phase2s	633	50	28	30	2	56.0	60.0	0.01095037441700697	-0.010999899357557297
phase2w_vs_phase2s	55	50	33	35	2	66.0	70.0	0.011728686280548573	-0.042461756616830826
phase2w_vs_phase2s	914	50	37	39	2	74.0	78.0	0.013592465780675411	0.11180543899536133
phase2w_vs_phase2s	278	50	35	37	2	70.0	74.0	0.014242582023143768	0.03567666932940483
phase2w_vs_phase2s	44	50	36	38	2	72.0	76.0	0.014652329497039318	0.1367223709821701
phase2w_vs_phase2s	206	50	44	46	2	88.0	92.0	0.014658382162451744	0.15536491572856903
phase2w_vs_phase2s	765	50	37	39	2	74.0	78.0	0.014938343316316605	0.038230668753385544
phase2w_vs_phase2s	876	50	16	18	2	32.0	36.0	0.015548250637948513	0.02573525346815586
phase2w_vs_phase2s	264	50	34	36	2	68.0	72.0	0.015635954216122627	0.040502309799194336
phase2w_vs_phase2s	464	50	32	34	2	64.0	68.0	0.016701819375157356	0.08084122836589813
phase2w_vs_phase2s	862	50	39	41	2	78.0	82.0	0.02402561902999878	0.1656734049320221
phase2w_vs_phase2s	723	50	45	47	2	90.0	94.0	0.026264574378728867	0.1322193294763565
phase2w_vs_phase2s	168	50	43	45	2	86.0	90.0	0.036588869988918304	0.1739780604839325
phase2w_vs_phase2s	764	50	29	32	3	58.0	64.0	-0.0032963454723358154	0.004218092188239098
phase2w_vs_phase2s	654	50	38	41	3	76.0	82.0	0.0009006874170154333	-0.022230662405490875
phase2w_vs_phase2s	813	50	25	28	3	50.0	56.0	0.003376098582521081	0.009706277400255203
phase2w_vs_phase2s	833	50	40	43	3	80.0	86.0	0.005569040309637785	0.06640617549419403
phase2w_vs_phase2s	101	50	34	37	3	68.0	74.0	0.010126955807209015	-0.002000875538215041
phase2w_vs_phase2s	338	50	44	47	3	88.0	94.0	0.010832143947482109	-0.02257419563829899
phase2w_vs_phase2s	925	50	30	33	3	60.0	66.0	0.0143222501501441	0.021172333508729935
phase2w_vs_phase2s	526	50	30	33	3	60.0	66.0	0.017875127494335175	0.020904483273625374
phase2w_vs_phase2s	834	50	27	30	3	54.0	60.0	0.022524604573845863	0.043797481805086136
phase2w_vs_phase2s	893	50	34	37	3	68.0	74.0	0.024169759824872017	0.06839864701032639
phase2w_vs_phase2s	240	50	18	21	3	36.0	42.0	0.025022514164447784	0.07155395299196243
phase2w_vs_phase2s	173	50	35	38	3	70.0	76.0	0.03198331966996193	0.1950826793909073
phase2w_vs_phase2s	211	50	42	45	3	84.0	90.0	0.03867172822356224	0.13939997553825378
phase2w_vs_nofeat	509	50	34	32	-2	68.0	64.0	-0.009162059985101223	-0.06724908947944641
phase2w_vs_nofeat	242	50	42	40	-2	84.0	80.0	-0.006500516086816788	-0.03262264281511307
phase2w_vs_nofeat	961	50	27	25	-2	54.0	50.0	-0.005554370116442442	-0.06948138028383255
phase2w_vs_nofeat	241	50	39	37	-2	78.0	74.0	-0.005510808899998665	-0.006796445697546005
phase2w_vs_nofeat	824	50	35	33	-2	70.0	66.0	-0.005354840774089098	-0.025026969611644745
phase2w_vs_nofeat	290	50	41	39	-2	82.0	78.0	-0.004927374422550201	-0.03783891722559929
phase2w_vs_nofeat	200	50	38	36	-2	76.0	72.0	-0.004509960301220417	-0.027104157954454422
phase2w_vs_nofeat	207	50	48	46	-2	96.0	92.0	-0.0041112438775599	-0.06998085230588913
phase2w_vs_nofeat	566	50	43	41	-2	86.0	82.0	-0.0028422398027032614	0.03227151930332184
phase2w_vs_nofeat	895	50	42	40	-2	84.0	80.0	-0.0019180051749572158	-0.00394018180668354
phase2w_vs_nofeat	238	50	38	36	-2	76.0	72.0	-0.0011391214793547988	0.0061838626861572266
phase2w_vs_nofeat	402	50	33	31	-2	66.0	62.0	-0.0010068920673802495	0.013334445655345917
phase2w_vs_nofeat	248	50	29	27	-2	58.0	54.0	-0.0008868031436577439	-0.030810004100203514
phase2w_vs_nofeat	720	50	44	42	-2	88.0	84.0	-0.0005212423857301474	-0.017079249024391174
phase2w_vs_nofeat	227	50	34	32	-2	68.0	64.0	9.774043974175584e-06	0.025885868817567825
phase2w_vs_nofeat	43	50	45	43	-2	90.0	86.0	0.0008415365009568632	0.0436609648168087
phase2w_vs_nofeat	335	50	46	44	-2	92.0	88.0	0.0013126048725098372	0.052861787378787994
phase2w_vs_nofeat	770	50	43	41	-2	86.0	82.0	0.0014638951979577541	0.026326818391680717
phase2w_vs_nofeat	919	50	41	39	-2	82.0	78.0	0.0018799814861267805	-0.010320892557501793
phase2w_vs_nofeat	870	50	46	44	-2	92.0	88.0	0.001992566976696253	0.0339534655213356
phase2w_vs_nofeat	756	50	43	41	-2	86.0	82.0	0.002179241506382823	0.02481183037161827
phase2w_vs_nofeat	768	50	46	44	-2	92.0	88.0	0.0027416818775236607	0.0007542324019595981
phase2w_vs_nofeat	923	50	27	25	-2	54.0	50.0	0.0028600392397493124	0.008013754151761532
phase2w_vs_nofeat	500	50	47	45	-2	94.0	90.0	0.00567940017208457	0.03753891959786415
phase2w_vs_nofeat	639	50	19	18	-1	38.0	36.0	-0.01182431448251009	0.0009987736120820045
phase2w_vs_nofeat	285	50	33	32	-1	66.0	64.0	-0.01178042683750391	-0.0034140395000576973
phase2w_vs_nofeat	711	50	39	38	-1	78.0	76.0	-0.011001496575772762	-0.040247842669487
phase2w_vs_nofeat	827	50	38	37	-1	76.0	74.0	-0.010826599784195423	-0.0421229749917984
phase2w_vs_nofeat	887	50	35	34	-1	70.0	68.0	-0.010821465402841568	-0.012685737572610378
phase2w_vs_nofeat	831	50	41	40	-1	82.0	80.0	-0.010718435049057007	0.003990211524069309
phase2w_vs_nofeat	17	50	47	46	-1	94.0	92.0	-0.010621538385748863	-0.05244775861501694
phase2w_vs_nofeat	731	50	32	31	-1	64.0	62.0	-0.010619359090924263	-0.02902509644627571
phase2w_vs_nofeat	865	50	34	33	-1	68.0	66.0	-0.010216460563242435	-0.03525110334157944
phase2w_vs_nofeat	964	50	41	40	-1	82.0	80.0	-0.010071604512631893	-0.05573076382279396
phase2w_vs_nofeat	853	50	47	46	-1	94.0	92.0	-0.010033850558102131	-0.040961675345897675
phase2w_vs_nofeat	800	50	47	46	-1	94.0	92.0	-0.010006413795053959	-0.01773700676858425
phase2w_vs_nofeat	543	50	36	35	-1	72.0	70.0	-0.009690791368484497	-0.02673787996172905
phase2w_vs_nofeat	652	50	40	39	-1	80.0	78.0	-0.009490426629781723	-0.03671790286898613
phase2w_vs_nofeat	389	50	44	43	-1	88.0	86.0	-0.00941170658916235	-0.049490634351968765
phase2w_vs_nofeat	966	50	34	33	-1	68.0	66.0	-0.00857576820999384	-0.04357238858938217
phase2w_vs_nofeat	463	50	29	28	-1	58.0	56.0	-0.00822970550507307	-0.0266624353826046
phase2w_vs_nofeat	196	50	37	36	-1	74.0	72.0	-0.007775360252708197	-0.05062932148575783
phase2w_vs_nofeat	499	50	26	25	-1	52.0	50.0	-0.006960780825465918	-0.05146830528974533
phase2w_vs_nofeat	969	50	24	23	-1	48.0	46.0	-0.006908861920237541	0.03560778498649597
phase2w_vs_nofeat	265	50	35	34	-1	70.0	68.0	-0.006868842989206314	0.01457901019603014
phase2w_vs_nofeat	119	50	38	37	-1	76.0	74.0	-0.006566487718373537	0.00786886177957058
phase2w_vs_nofeat	267	50	44	43	-1	88.0	86.0	-0.006493822205811739	-0.05576135590672493
phase2w_vs_nofeat	283	50	47	46	-1	94.0	92.0	-0.006384267937391996	0.005920152645558119
phase2w_vs_nofeat	524	50	24	23	-1	48.0	46.0	-0.006214057095348835	0.023190021514892578
phase2w_vs_nofeat	676	50	39	38	-1	78.0	76.0	-0.006136832293123007	0.010077905841171741
phase2w_vs_nofeat	753	50	42	41	-1	84.0	82.0	-0.006120475474745035	0.0023619364947080612
phase2w_vs_nofeat	861	50	39	38	-1	78.0	76.0	-0.006065011024475098	-0.02128351293504238
phase2w_vs_nofeat	426	50	46	45	-1	92.0	90.0	-0.005954500287771225	-0.00019199372036382556
phase2w_vs_nofeat	409	50	35	34	-1	70.0	68.0	-0.005659539718180895	0.010741310194134712
phase2w_vs_nofeat	896	50	46	45	-1	92.0	90.0	-0.005488124676048756	-0.035973720252513885
phase2w_vs_nofeat	559	50	41	40	-1	82.0	80.0	-0.0053797196596860886	-0.009884852916002274
phase2w_vs_nofeat	194	50	43	42	-1	86.0	84.0	-0.005315018352121115	-0.008221006020903587
phase2w_vs_nofeat	117	50	46	45	-1	92.0	90.0	-0.00515705207362771	-0.004849529359489679
phase2w_vs_nofeat	664	50	19	18	-1	38.0	36.0	-0.005152645520865917	-0.01935637556016445
phase2w_vs_nofeat	878	50	44	43	-1	88.0	86.0	-0.005098976660519838	-0.025011882185935974
phase2w_vs_nofeat	550	50	41	40	-1	82.0	80.0	-0.004997100215405226	-0.021482152864336967
phase2w_vs_nofeat	836	50	11	10	-1	22.0	20.0	-0.004794192500412464	-0.004249944817274809
phase2w_vs_nofeat	842	50	34	33	-1	68.0	66.0	-0.004737797658890486	-0.034689463675022125
phase2w_vs_nofeat	588	50	38	37	-1	76.0	74.0	-0.0046743168495595455	-0.019306106492877007
phase2w_vs_nofeat	77	50	37	36	-1	74.0	72.0	-0.0046519143506884575	0.03734860569238663
phase2w_vs_nofeat	897	50	45	44	-1	90.0	88.0	-0.004612005315721035	-0.02426622435450554
phase2w_vs_nofeat	455	50	42	41	-1	84.0	82.0	-0.004611642099916935	-0.039874762296676636
phase2w_vs_nofeat	736	50	46	45	-1	92.0	90.0	-0.0045848716981709	0.026297856122255325
phase2w_vs_nofeat	83	50	49	48	-1	98.0	96.0	-0.004539350979030132	-0.02954719588160515
phase2w_vs_nofeat	812	50	49	48	-1	98.0	96.0	-0.004535339307039976	-0.06579101830720901
phase2w_vs_nofeat	669	50	49	48	-1	98.0	96.0	-0.004490535706281662	-0.01834806427359581
phase2w_vs_nofeat	26	50	32	31	-1	64.0	62.0	-0.004364105872809887	-0.031422968953847885
phase2w_vs_nofeat	732	50	44	43	-1	88.0	86.0	-0.004249844700098038	-0.03874446079134941
phase2w_vs_nofeat	282	50	14	13	-1	28.0	26.0	-0.004221676383167505	0.0016726207686588168
phase2w_vs_nofeat	564	50	44	43	-1	88.0	86.0	-0.004070203751325607	0.0312592014670372
phase2w_vs_nofeat	749	50	45	44	-1	90.0	88.0	-0.004003541544079781	0.012542600743472576
phase2w_vs_nofeat	523	50	34	33	-1	68.0	66.0	-0.003933005966246128	-0.0820469781756401
phase2w_vs_nofeat	246	50	42	41	-1	84.0	82.0	-0.003865577047690749	-0.022929582744836807
phase2w_vs_nofeat	484	50	35	34	-1	70.0	68.0	-0.0038582184351980686	-0.028108196333050728
phase2w_vs_nofeat	142	50	46	45	-1	92.0	90.0	-0.0038274102844297886	0.054623786360025406
phase2w_vs_nofeat	858	50	42	41	-1	84.0	82.0	-0.0037688666488975286	0.006442022509872913
phase2w_vs_nofeat	481	50	33	32	-1	66.0	64.0	-0.0036592227406799793	-0.026564646512269974
phase2w_vs_nofeat	126	50	40	39	-1	80.0	78.0	-0.0034605353139340878	0.008010578341782093
phase2w_vs_nofeat	97	50	48	47	-1	96.0	94.0	-0.0034551704302430153	0.016779756173491478
phase2w_vs_nofeat	825	50	42	41	-1	84.0	82.0	-0.003446306101977825	-0.00734708784148097
phase2w_vs_nofeat	250	50	39	38	-1	78.0	76.0	-0.0034434839617460966	0.00032368660322390497
phase2w_vs_nofeat	631	50	32	31	-1	64.0	62.0	-0.0033411956392228603	0.025163060054183006
phase2w_vs_nofeat	95	50	48	47	-1	96.0	94.0	-0.0032646271865814924	-0.009268522262573242
phase2w_vs_nofeat	544	50	41	40	-1	82.0	80.0	-0.0032278322614729404	-0.02217721939086914
phase2w_vs_nofeat	186	50	40	39	-1	80.0	78.0	-0.003083212999626994	-0.04877125844359398
phase2w_vs_nofeat	12	50	48	47	-1	96.0	94.0	-0.003070881124585867	0.012218713760375977
phase2w_vs_nofeat	254	50	49	48	-1	98.0	96.0	-0.003037670161575079	-0.0401766300201416
phase2w_vs_nofeat	851	50	38	37	-1	76.0	74.0	-0.002835515420883894	-0.024496106430888176
phase2w_vs_nofeat	778	50	41	40	-1	82.0	80.0	-0.002658915240317583	-0.0015055942349135876
phase2w_vs_nofeat	391	50	43	42	-1	86.0	84.0	-0.0025216639041900635	-0.03859219700098038
phase2w_vs_nofeat	236	50	41	40	-1	82.0	80.0	-0.0022137092892080545	-0.0744437724351883
phase2w_vs_nofeat	948	50	47	46	-1	94.0	92.0	-0.002186682540923357	-0.007902640849351883
phase2w_vs_nofeat	405	50	39	38	-1	78.0	76.0	-0.0020805886015295982	-0.006700382102280855
phase2w_vs_nofeat	137	50	44	43	-1	88.0	86.0	-0.002048540860414505	-0.026387425139546394
phase2w_vs_nofeat	608	50	38	37	-1	76.0	74.0	-0.0019904717337340117	-0.04662634804844856
phase2w_vs_nofeat	187	50	37	36	-1	74.0	72.0	-0.0018452545627951622	-0.05330181121826172
phase2w_vs_nofeat	344	50	49	48	-1	98.0	96.0	-0.0018403768772259355	-0.05186762660741806
phase2w_vs_nofeat	873	50	48	47	-1	96.0	94.0	-0.0018066874472424388	0.003057145979255438
phase2w_vs_nofeat	36	50	26	25	-1	52.0	50.0	-0.0015855521196499467	0.03231000900268555
phase2w_vs_nofeat	767	50	34	33	-1	68.0	66.0	-0.001492894603870809	0.011032219044864178
phase2w_vs_nofeat	115	50	49	48	-1	98.0	96.0	-0.0014800956705585122	-0.027855414897203445
phase2w_vs_nofeat	306	50	45	44	-1	90.0	88.0	-0.0013728529447689652	-0.022516651079058647
phase2w_vs_nofeat	459	50	34	33	-1	68.0	66.0	-0.001182767329737544	-0.023306427523493767
phase2w_vs_nofeat	356	50	23	22	-1	46.0	44.0	-0.0011748054530471563	-0.004752664361149073
phase2w_vs_nofeat	506	50	39	38	-1	78.0	76.0	-0.0011717843590304255	0.011109733954071999
phase2w_vs_nofeat	707	50	44	43	-1	88.0	86.0	-0.0010034173028543591	-0.01806999184191227
phase2w_vs_nofeat	179	50	37	36	-1	74.0	72.0	-0.0008985029999166727	0.009935550391674042
phase2w_vs_nofeat	33	50	44	43	-1	88.0	86.0	-0.0008496048976667225	0.0020010184962302446
phase2w_vs_nofeat	928	50	41	40	-1	82.0	80.0	-0.0007648415630683303	0.024520568549633026
phase2w_vs_nofeat	331	50	47	46	-1	94.0	92.0	-0.000724811980035156	-0.0006404781597666442
phase2w_vs_nofeat	641	50	45	44	-1	90.0	88.0	-0.0006535270949825644	0.0047408961690962315
phase2w_vs_nofeat	714	50	40	39	-1	80.0	78.0	-0.0005984813906252384	0.0007746028713881969
phase2w_vs_nofeat	447	50	34	33	-1	68.0	66.0	-0.00034773029619827867	-0.020770035684108734
phase2w_vs_nofeat	735	50	35	34	-1	70.0	68.0	-0.00025296927196905017	0.07610199600458145
phase2w_vs_nofeat	519	50	32	31	-1	64.0	62.0	-0.00020608944760169834	-0.008744573220610619
phase2w_vs_nofeat	882	50	40	39	-1	80.0	78.0	-0.00017557546379975975	-0.0015751648461446166
phase2w_vs_nofeat	758	50	41	40	-1	82.0	80.0	-0.00012610480189323425	0.04208197072148323
phase2w_vs_nofeat	840	50	45	44	-1	90.0	88.0	4.009827898698859e-05	0.022445984184741974
phase2w_vs_nofeat	112	50	43	42	-1	86.0	84.0	5.7153290981659666e-05	0.022246388718485832
phase2w_vs_nofeat	456	50	42	41	-1	84.0	82.0	6.81335513945669e-05	0.07563816756010056
phase2w_vs_nofeat	839	50	37	36	-1	74.0	72.0	7.591665053041652e-05	-0.0013385963393375278
phase2w_vs_nofeat	406	50	38	37	-1	76.0	74.0	0.0001691533689154312	-0.006502675823867321
phase2w_vs_nofeat	231	50	23	22	-1	46.0	44.0	0.0003286066639702767	0.006413545459508896
phase2w_vs_nofeat	441	50	40	39	-1	80.0	78.0	0.00037161126965656877	-0.01721116155385971
phase2w_vs_nofeat	596	50	38	37	-1	76.0	74.0	0.0004005773225799203	0.048088189214468
phase2w_vs_nofeat	258	50	50	49	-1	100.0	98.0	0.000424150814069435	-0.0050354767590761185
phase2w_vs_nofeat	161	50	42	41	-1	84.0	82.0	0.000435466761700809	-0.046677663922309875
phase2w_vs_nofeat	780	50	40	39	-1	80.0	78.0	0.00047584823914803565	0.009221792221069336
phase2w_vs_nofeat	488	50	18	17	-1	36.0	34.0	0.0006000939174555242	-0.004641285166144371
phase2w_vs_nofeat	960	50	33	32	-1	66.0	64.0	0.0006115114665590227	-0.0665494054555893
phase2w_vs_nofeat	511	50	44	43	-1	88.0	86.0	0.0006229971186257899	0.019696474075317383
phase2w_vs_nofeat	899	50	17	16	-1	34.0	32.0	0.0006372226634994149	0.04523433744907379
phase2w_vs_nofeat	78	50	40	39	-1	80.0	78.0	0.0006519739981740713	-0.0062289428897202015
phase2w_vs_nofeat	650	50	30	29	-1	60.0	58.0	0.000706820166669786	-0.02040284126996994
phase2w_vs_nofeat	730	50	42	41	-1	84.0	82.0	0.0008133361698128283	-0.006979398895055056
phase2w_vs_nofeat	480	50	42	41	-1	84.0	82.0	0.000971741508692503	-0.031112270429730415
phase2w_vs_nofeat	60	50	27	26	-1	54.0	52.0	0.0009730154415592551	-0.041243478655815125
phase2w_vs_nofeat	847	50	41	40	-1	82.0	80.0	0.0011033584596589208	0.0034404373727738857
phase2w_vs_nofeat	817	50	34	33	-1	68.0	66.0	0.0012937641004100442	0.015055599622428417
phase2w_vs_nofeat	862	50	42	41	-1	84.0	82.0	0.0013039541663601995	-0.008971214294433594
phase2w_vs_nofeat	646	50	44	43	-1	88.0	86.0	0.001373928738757968	0.020107382908463478
phase2w_vs_nofeat	855	50	39	38	-1	78.0	76.0	0.00144466373603791	-0.002574911108240485
phase2w_vs_nofeat	626	50	43	42	-1	86.0	84.0	0.001448382274247706	-0.006060619372874498
phase2w_vs_nofeat	744	50	19	18	-1	38.0	36.0	0.0017242729663848877	-0.016373921185731888
phase2w_vs_nofeat	728	50	30	29	-1	60.0	58.0	0.0017776340246200562	0.07161330431699753
phase2w_vs_nofeat	359	50	36	35	-1	72.0	70.0	0.0018354400526732206	-0.009513978846371174
phase2w_vs_nofeat	614	50	46	45	-1	92.0	90.0	0.0019055935554206371	0.01826159469783306
phase2w_vs_nofeat	4	50	46	45	-1	92.0	90.0	0.0019056457094848156	-0.03968007117509842
phase2w_vs_nofeat	312	50	36	35	-1	72.0	70.0	0.002065901178866625	0.03140008822083473
phase2w_vs_nofeat	373	50	42	41	-1	84.0	82.0	0.002314381068572402	0.04041227325797081
phase2w_vs_nofeat	754	50	34	33	-1	68.0	66.0	0.0023588752374053	0.04602311924099922
phase2w_vs_nofeat	982	50	42	41	-1	84.0	82.0	0.002513451036065817	0.0170478243380785
phase2w_vs_nofeat	657	50	16	15	-1	32.0	30.0	0.002520107664167881	-0.0059615327045321465
phase2w_vs_nofeat	454	50	32	31	-1	64.0	62.0	0.0026472676545381546	-0.01602611504495144
phase2w_vs_nofeat	823	50	40	39	-1	80.0	78.0	0.0026552584022283554	0.06803359091281891
phase2w_vs_nofeat	501	50	20	19	-1	40.0	38.0	0.0026668584905564785	-0.007881536148488522
phase2w_vs_nofeat	61	50	43	42	-1	86.0	84.0	0.0026837505865842104	0.009924326092004776
phase2w_vs_nofeat	437	50	38	37	-1	76.0	74.0	0.002887437120079994	0.025515403598546982
phase2w_vs_nofeat	466	50	49	48	-1	98.0	96.0	0.002897843485698104	0.03192450478672981
phase2w_vs_nofeat	452	50	39	38	-1	78.0	76.0	0.002972708083689213	-0.022373342886567116
phase2w_vs_nofeat	120	50	38	37	-1	76.0	74.0	0.0033121888991445303	0.02937733568251133
phase2w_vs_nofeat	229	50	49	48	-1	98.0	96.0	0.003480704501271248	0.05855853855609894
phase2w_vs_nofeat	67	50	43	42	-1	86.0	84.0	0.0035931491293013096	-0.0010591030586510897
phase2w_vs_nofeat	708	50	32	31	-1	64.0	62.0	0.0037155302707105875	-0.036109600216150284
phase2w_vs_nofeat	624	50	32	31	-1	64.0	62.0	0.003725387156009674	0.022810030728578568
phase2w_vs_nofeat	798	50	40	39	-1	80.0	78.0	0.0039527821354568005	-0.04138651862740517
phase2w_vs_nofeat	24	50	49	48	-1	98.0	96.0	0.003955786116421223	0.06709794700145721
phase2w_vs_nofeat	674	50	47	46	-1	94.0	92.0	0.003989753313362598	0.0017723559867590666
phase2w_vs_nofeat	786	50	45	44	-1	90.0	88.0	0.004072553012520075	0.03966532647609711
phase2w_vs_nofeat	813	50	29	28	-1	58.0	56.0	0.004295750521123409	0.044361524283885956
phase2w_vs_nofeat	841	50	22	21	-1	44.0	42.0	0.004362557083368301	0.0499638095498085
phase2w_vs_nofeat	619	50	32	31	-1	64.0	62.0	0.0044209822081029415	0.06518452614545822
phase2w_vs_nofeat	776	50	38	37	-1	76.0	74.0	0.00451522134244442	-0.008190917782485485
phase2w_vs_nofeat	703	50	40	39	-1	80.0	78.0	0.004599238745868206	0.05377252399921417
phase2w_vs_nofeat	926	50	44	43	-1	88.0	86.0	0.0046368748880922794	0.05495966970920563
phase2w_vs_nofeat	587	50	36	35	-1	72.0	70.0	0.004786218516528606	0.005659675691276789
phase2w_vs_nofeat	622	50	33	32	-1	66.0	64.0	0.004792170599102974	0.023758448660373688
phase2w_vs_nofeat	522	50	48	47	-1	96.0	94.0	0.004837644286453724	0.06582047790288925
phase2w_vs_nofeat	637	50	42	41	-1	84.0	82.0	0.005811663810163736	0.03021174483001232
phase2w_vs_nofeat	558	50	24	23	-1	48.0	46.0	0.0059186480939388275	0.057484377175569534
phase2w_vs_nofeat	868	50	34	33	-1	68.0	66.0	0.00611767778173089	0.021169157698750496
phase2w_vs_nofeat	629	50	42	41	-1	84.0	82.0	0.00617598183453083	0.08859460800886154
phase2w_vs_nofeat	412	50	38	37	-1	76.0	74.0	0.00645391084253788	-0.041083917021751404
phase2w_vs_nofeat	165	50	31	30	-1	62.0	60.0	0.007521345745772123	-0.021024102345108986
phase2w_vs_nofeat	59	50	36	35	-1	72.0	70.0	0.00813895184546709	0.04892267286777496
phase2w_vs_nofeat	949	50	36	35	-1	72.0	70.0	0.008399208076298237	0.01418460812419653
phase2w_vs_nofeat	951	50	40	40	0	80.0	80.0	-0.012117535807192326	-0.02479315735399723
phase2w_vs_nofeat	240	50	21	21	0	42.0	42.0	-0.011637738905847073	0.043166741728782654
phase2w_vs_nofeat	857	50	37	37	0	74.0	74.0	-0.011561760678887367	-0.08401132375001907
phase2w_vs_nofeat	542	50	36	36	0	72.0	72.0	-0.011461642570793629	-0.08012840151786804
phase2w_vs_nofeat	787	50	34	34	0	68.0	68.0	-0.011203947477042675	-0.1116260513663292
phase2w_vs_nofeat	775	50	37	37	0	74.0	74.0	-0.011039946228265762	-0.06304065883159637
phase2w_vs_nofeat	439	50	48	48	0	96.0	96.0	-0.010986591689288616	-0.048491355031728745
phase2w_vs_nofeat	350	50	49	49	0	98.0	98.0	-0.010652502998709679	-0.11132223159074783
phase2w_vs_nofeat	885	50	15	15	0	30.0	30.0	-0.010427446104586124	-0.03427031636238098
phase2w_vs_nofeat	734	50	44	44	0	88.0	88.0	-0.009531538933515549	-0.11651310324668884
phase2w_vs_nofeat	440	50	42	42	0	84.0	84.0	-0.009335076436400414	-0.03231147676706314
phase2w_vs_nofeat	470	50	36	36	0	72.0	72.0	-0.009171247482299805	-0.052126407623291016
phase2w_vs_nofeat	820	50	49	49	0	98.0	98.0	-0.009047106839716434	-0.06317286193370819
phase2w_vs_nofeat	418	50	36	36	0	72.0	72.0	-0.008482025004923344	-0.0161245446652174
phase2w_vs_nofeat	22	50	50	50	0	100.0	100.0	-0.008263911120593548	-0.03796323761343956
phase2w_vs_nofeat	317	50	46	46	0	92.0	92.0	-0.008091740310192108	-0.03952367603778839
phase2w_vs_nofeat	202	50	40	40	0	80.0	80.0	-0.008059598505496979	-0.03168278560042381
phase2w_vs_nofeat	805	50	46	46	0	92.0	92.0	-0.007957970723509789	-0.04210618883371353
phase2w_vs_nofeat	239	50	49	49	0	98.0	98.0	-0.007823836989700794	-0.03763110190629959
phase2w_vs_nofeat	616	50	45	45	0	90.0	90.0	-0.007757700514048338	-0.052093420177698135
phase2w_vs_nofeat	104	50	44	44	0	88.0	88.0	-0.007678734138607979	-0.04263932257890701
phase2w_vs_nofeat	675	50	29	29	0	58.0	58.0	-0.00762456189841032	0.02221846580505371
phase2w_vs_nofeat	989	50	50	50	0	100.0	100.0	-0.007576776202768087	-0.022970465943217278
phase2w_vs_nofeat	286	50	47	47	0	94.0	94.0	-0.007467936724424362	-0.042674340307712555
phase2w_vs_nofeat	603	50	46	46	0	92.0	92.0	-0.00742447841912508	-0.02259763702750206
phase2w_vs_nofeat	172	50	41	41	0	82.0	82.0	-0.007382109761238098	-0.0140791991725564
phase2w_vs_nofeat	794	50	35	35	0	70.0	70.0	-0.0073591177351772785	-0.023212900385260582
phase2w_vs_nofeat	395	50	41	41	0	82.0	82.0	-0.007239958271384239	-0.026595573872327805
phase2w_vs_nofeat	762	50	26	26	0	52.0	52.0	-0.006912773475050926	0.0076951696537435055
phase2w_vs_nofeat	766	50	44	44	0	88.0	88.0	-0.006906716153025627	-0.028217801824212074
phase2w_vs_nofeat	430	50	49	49	0	98.0	98.0	-0.006885820534080267	-0.05506059527397156
phase2w_vs_nofeat	981	50	42	42	0	84.0	84.0	-0.006864035036414862	-0.040013886988162994
phase2w_vs_nofeat	548	50	47	47	0	94.0	94.0	-0.006812235340476036	-0.017070017755031586
phase2w_vs_nofeat	212	50	45	45	0	90.0	90.0	-0.006685062777251005	-0.04306403174996376
phase2w_vs_nofeat	869	50	32	32	0	64.0	64.0	-0.006505005527287722	-0.07145265489816666
phase2w_vs_nofeat	431	50	40	40	0	80.0	80.0	-0.006462144665420055	-0.036655914038419724
phase2w_vs_nofeat	746	50	46	46	0	92.0	92.0	-0.0064538512378931046	-0.004438352771103382
phase2w_vs_nofeat	16	50	46	46	0	92.0	92.0	-0.00644157687202096	-0.057386063039302826
phase2w_vs_nofeat	584	50	29	29	0	58.0	58.0	-0.0064224181696772575	0.011150731705129147
phase2w_vs_nofeat	390	50	34	34	0	68.0	68.0	-0.006313607562333345	-0.07467661052942276
phase2w_vs_nofeat	771	50	45	45	0	90.0	90.0	-0.006284486036747694	-0.04190850257873535
phase2w_vs_nofeat	538	50	39	39	0	78.0	78.0	-0.006264399271458387	-0.03585462644696236
phase2w_vs_nofeat	727	50	45	45	0	90.0	90.0	-0.006145830731838942	-0.006661415100097656
phase2w_vs_nofeat	472	50	49	49	0	98.0	98.0	-0.006084486376494169	-0.016249999403953552
phase2w_vs_nofeat	706	50	33	33	0	66.0	66.0	-0.005915643181651831	0.009078769944608212
phase2w_vs_nofeat	574	50	47	47	0	94.0	94.0	-0.005903163924813271	-0.017564382404088974
phase2w_vs_nofeat	907	50	29	29	0	58.0	58.0	-0.005875712260603905	-0.001250896486453712
phase2w_vs_nofeat	318	50	43	43	0	86.0	86.0	-0.005813830066472292	-0.0013081836514174938
phase2w_vs_nofeat	181	50	47	47	0	94.0	94.0	-0.005792968440800905	-0.03248398005962372
phase2w_vs_nofeat	10	50	48	48	0	96.0	96.0	-0.005770751275122166	-0.036466989666223526
phase2w_vs_nofeat	854	50	44	44	0	88.0	88.0	-0.00572206499055028	-0.030751008540391922
phase2w_vs_nofeat	750	50	37	37	0	74.0	74.0	-0.005721963010728359	-0.02696792595088482
phase2w_vs_nofeat	495	50	44	44	0	88.0	88.0	-0.00571517925709486	-0.07833688706159592
phase2w_vs_nofeat	739	50	48	48	0	96.0	96.0	-0.005644576624035835	-0.01823006570339203
phase2w_vs_nofeat	693	50	40	40	0	80.0	80.0	-0.005588599015027285	0.009468602947890759
phase2w_vs_nofeat	81	50	45	45	0	90.0	90.0	-0.005561517085880041	-0.04556944966316223
phase2w_vs_nofeat	192	50	43	43	0	86.0	86.0	-0.005550507456064224	0.020943250507116318
phase2w_vs_nofeat	113	50	44	44	0	88.0	88.0	-0.0054777092300355434	-0.026397017762064934
phase2w_vs_nofeat	65	50	42	42	0	84.0	84.0	-0.005465276073664427	-0.0016287422040477395
phase2w_vs_nofeat	303	50	43	43	0	86.0	86.0	-0.005409913137555122	-0.05971118062734604
phase2w_vs_nofeat	477	50	38	38	0	76.0	76.0	-0.005370738450437784	-0.0396135151386261
phase2w_vs_nofeat	649	50	46	46	0	92.0	92.0	-0.0053679458796978	-0.03214989975094795
phase2w_vs_nofeat	678	50	37	37	0	74.0	74.0	-0.005362512078136206	-0.040596283972263336
phase2w_vs_nofeat	295	50	45	45	0	90.0	90.0	-0.005266188178211451	0.009889688342809677
phase2w_vs_nofeat	533	50	47	47	0	94.0	94.0	-0.00525786355137825	-0.03635573387145996
phase2w_vs_nofeat	353	50	36	36	0	72.0	72.0	-0.005236921366304159	-0.04092921316623688
phase2w_vs_nofeat	197	50	43	43	0	86.0	86.0	-0.005182527471333742	-0.05600520223379135
phase2w_vs_nofeat	620	50	14	14	0	28.0	28.0	-0.005139299668371677	-0.003262758255004883
phase2w_vs_nofeat	210	50	46	46	0	92.0	92.0	-0.005131287965923548	-0.017695341259241104
phase2w_vs_nofeat	23	50	49	49	0	98.0	98.0	-0.005107379984110594	-0.009449920617043972
phase2w_vs_nofeat	436	50	35	35	0	70.0	70.0	-0.005101033486425877	0.0019461155170574784
phase2w_vs_nofeat	29	50	47	47	0	94.0	94.0	-0.005044381599873304	-0.017079772427678108
phase2w_vs_nofeat	52	50	41	41	0	82.0	82.0	-0.005041692405939102	-0.06280235946178436
phase2w_vs_nofeat	424	50	34	34	0	68.0	68.0	-0.004963467828929424	-0.027305899187922478
phase2w_vs_nofeat	740	50	25	25	0	50.0	50.0	-0.0049471426755189896	-0.13270756602287292
phase2w_vs_nofeat	936	50	46	46	0	92.0	92.0	-0.004936637822538614	-0.0017698478186503053
phase2w_vs_nofeat	293	50	48	48	0	96.0	96.0	-0.004923860542476177	-0.020142002031207085
phase2w_vs_nofeat	139	50	50	50	0	100.0	100.0	-0.004884571302682161	-0.05748244374990463
phase2w_vs_nofeat	163	50	29	29	0	58.0	58.0	-0.0048469738103449345	-0.03277359902858734
phase2w_vs_nofeat	627	50	41	41	0	82.0	82.0	-0.004816903732717037	-0.03671154007315636
phase2w_vs_nofeat	319	50	43	43	0	86.0	86.0	-0.004815047141164541	-0.023411264643073082
phase2w_vs_nofeat	667	50	35	35	0	70.0	70.0	-0.004810882732272148	0.027985239401459694
phase2w_vs_nofeat	321	50	50	50	0	100.0	100.0	-0.004737403243780136	-0.02491025999188423
phase2w_vs_nofeat	901	50	34	34	0	68.0	68.0	-0.004725995473563671	-0.025856418535113335
phase2w_vs_nofeat	983	50	46	46	0	92.0	92.0	-0.0046964422799646854	-0.028750000521540642
phase2w_vs_nofeat	20	50	44	44	0	88.0	88.0	-0.00464091170579195	-0.04854857549071312
phase2w_vs_nofeat	351	50	47	47	0	94.0	94.0	-0.004633447155356407	-0.026076745241880417
phase2w_vs_nofeat	88	50	49	49	0	98.0	98.0	-0.004595204722136259	-0.015104752033948898
phase2w_vs_nofeat	604	50	49	49	0	98.0	98.0	-0.004564756061881781	-0.015106783248484135
phase2w_vs_nofeat	640	50	48	48	0	96.0	96.0	-0.004540818277746439	-0.05771626532077789
phase2w_vs_nofeat	289	50	45	45	0	90.0	90.0	-0.004507769830524921	-0.006589240860193968
phase2w_vs_nofeat	572	50	35	35	0	70.0	70.0	-0.004482163116335869	-0.015622233971953392
phase2w_vs_nofeat	133	50	48	48	0	96.0	96.0	-0.004435155540704727	-0.07839840650558472
phase2w_vs_nofeat	371	50	35	35	0	70.0	70.0	-0.0043971361592411995	-0.02448596991598606
phase2w_vs_nofeat	512	50	49	49	0	98.0	98.0	-0.004381110891699791	-0.0009374999790452421
phase2w_vs_nofeat	195	50	44	44	0	88.0	88.0	-0.004370577167719603	-0.00839843787252903
phase2w_vs_nofeat	795	50	43	43	0	86.0	86.0	-0.004361616913229227	-0.051031600683927536
phase2w_vs_nofeat	232	50	45	45	0	90.0	90.0	-0.004338283557444811	-0.031074896454811096
phase2w_vs_nofeat	662	50	37	37	0	74.0	74.0	-0.004311849363148212	-0.049260273575782776
phase2w_vs_nofeat	950	50	38	38	0	76.0	76.0	-0.004298095591366291	0.0049822330474853516
phase2w_vs_nofeat	682	50	42	42	0	84.0	84.0	-0.004289194475859404	0.05094404146075249
phase2w_vs_nofeat	971	50	45	45	0	90.0	90.0	-0.004267166834324598	-0.04555431380867958
phase2w_vs_nofeat	700	50	41	41	0	82.0	82.0	-0.004215124528855085	-0.008657455444335938
phase2w_vs_nofeat	79	50	42	42	0	84.0	84.0	-0.004205584991723299	-0.031836386770009995
phase2w_vs_nofeat	755	50	47	47	0	94.0	94.0	-0.004200485534965992	-0.02834886498749256
phase2w_vs_nofeat	332	50	50	50	0	100.0	100.0	-0.004161347169429064	-0.04806048423051834
phase2w_vs_nofeat	954	50	45	45	0	90.0	90.0	-0.004159823525696993	-0.06794701516628265
phase2w_vs_nofeat	807	50	41	41	0	82.0	82.0	-0.004158257506787777	-0.028393836691975594
phase2w_vs_nofeat	291	50	50	50	0	100.0	100.0	-0.0041565559804439545	-0.05325059965252876
phase2w_vs_nofeat	386	50	34	34	0	68.0	68.0	-0.004154885187745094	0.010552988387644291
phase2w_vs_nofeat	565	50	50	50	0	100.0	100.0	-0.004153485409915447	-0.0545659065246582
phase2w_vs_nofeat	105	50	46	46	0	92.0	92.0	-0.004125040490180254	-0.005130128934979439
phase2w_vs_nofeat	87	50	49	49	0	98.0	98.0	-0.004092119168490171	-0.04073470085859299
phase2w_vs_nofeat	829	50	46	46	0	92.0	92.0	-0.00403712410479784	-0.03189327195286751
phase2w_vs_nofeat	417	50	46	46	0	92.0	92.0	-0.0040131001733243465	-0.06334996968507767
phase2w_vs_nofeat	967	50	36	36	0	72.0	72.0	-0.003958450630307198	-0.02037743479013443
phase2w_vs_nofeat	388	50	47	47	0	94.0	94.0	-0.003948740195482969	-0.03633672744035721
phase2w_vs_nofeat	148	50	50	50	0	100.0	100.0	-0.003939025569707155	-0.018124999478459358
phase2w_vs_nofeat	721	50	43	43	0	86.0	86.0	-0.003938531503081322	-0.001062583876773715
phase2w_vs_nofeat	15	50	48	48	0	96.0	96.0	-0.003913932014256716	-0.04062499850988388
phase2w_vs_nofeat	138	50	48	48	0	96.0	96.0	-0.003912824206054211	-0.04227978736162186
phase2w_vs_nofeat	46	50	28	28	0	56.0	56.0	-0.003907076548784971	-0.015280532650649548
phase2w_vs_nofeat	653	50	36	36	0	72.0	72.0	-0.003902724012732506	0.014275941997766495
phase2w_vs_nofeat	323	50	49	49	0	98.0	98.0	-0.003866224316880107	0.0037016677670180798
phase2w_vs_nofeat	760	50	42	42	0	84.0	84.0	-0.0038661069702357054	-0.04823934659361839
phase2w_vs_nofeat	518	50	48	48	0	96.0	96.0	-0.0038634829688817263	-0.02980423904955387
phase2w_vs_nofeat	47	50	44	44	0	88.0	88.0	-0.003828176762908697	0.01633192040026188
phase2w_vs_nofeat	99	50	44	44	0	88.0	88.0	-0.003824264043942094	-0.10985799133777618
phase2w_vs_nofeat	460	50	36	36	0	72.0	72.0	-0.0037137335166335106	-0.027459440752863884
phase2w_vs_nofeat	92	50	49	49	0	98.0	98.0	-0.0037068098317831755	0.014984807930886745
phase2w_vs_nofeat	362	50	44	44	0	88.0	88.0	-0.0037045811768621206	0.02266976423561573
phase2w_vs_nofeat	712	50	40	40	0	80.0	80.0	-0.0036897147074341774	-0.022602824494242668
phase2w_vs_nofeat	881	50	42	42	0	84.0	84.0	-0.0036822909023612738	-0.05080895498394966
phase2w_vs_nofeat	219	50	43	43	0	86.0	86.0	-0.0035989813040941954	-0.01332016009837389
phase2w_vs_nofeat	93	50	49	49	0	98.0	98.0	-0.003511713817715645	-0.029062509536743164
phase2w_vs_nofeat	116	50	45	45	0	90.0	90.0	-0.0035107871517539024	0.00196355814114213
phase2w_vs_nofeat	852	50	43	43	0	86.0	86.0	-0.003499139565974474	-0.0528084933757782
phase2w_vs_nofeat	475	50	47	47	0	94.0	94.0	-0.0034299984108656645	-0.05011266842484474
phase2w_vs_nofeat	54	50	34	34	0	68.0	68.0	-0.0034274866338819265	0.011542797088623047
phase2w_vs_nofeat	922	50	43	43	0	86.0	86.0	-0.0033857268281280994	-0.01577957160770893
phase2w_vs_nofeat	444	50	44	44	0	88.0	88.0	-0.0033732145093381405	0.011864891275763512
phase2w_vs_nofeat	369	50	41	41	0	82.0	82.0	-0.003359648399055004	-0.012576894834637642
phase2w_vs_nofeat	607	50	49	49	0	98.0	98.0	-0.003359125927090645	-0.055008258670568466
phase2w_vs_nofeat	944	50	44	44	0	88.0	88.0	-0.003315366804599762	-0.02828345261514187
phase2w_vs_nofeat	80	50	44	44	0	88.0	88.0	-0.003280252916738391	-0.04007558897137642
phase2w_vs_nofeat	832	50	46	46	0	92.0	92.0	-0.0032786247320473194	0.014074249193072319
phase2w_vs_nofeat	783	50	49	49	0	98.0	98.0	-0.0032779753673821688	-0.02801322005689144
phase2w_vs_nofeat	48	50	48	48	0	96.0	96.0	-0.0032290606759488583	-0.02670637145638466
phase2w_vs_nofeat	372	50	47	47	0	94.0	94.0	-0.0032250583171844482	-0.020881786942481995
phase2w_vs_nofeat	594	50	49	49	0	98.0	98.0	-0.0032117008231580257	-0.0028808212373405695
phase2w_vs_nofeat	502	50	33	33	0	66.0	66.0	-0.003208243753761053	-0.023144474253058434
phase2w_vs_nofeat	0	50	49	49	0	98.0	98.0	-0.0031289206817746162	-0.01871413178741932
phase2w_vs_nofeat	763	50	47	47	0	94.0	94.0	-0.0031118011102080345	-0.04279252886772156
phase2w_vs_nofeat	396	50	48	48	0	96.0	96.0	-0.0031018590088933706	-0.03439687564969063
phase2w_vs_nofeat	69	50	49	49	0	98.0	98.0	-0.00305577227845788	-0.019843759015202522
phase2w_vs_nofeat	671	50	39	39	0	78.0	78.0	-0.0030404841527342796	-0.04365232586860657
phase2w_vs_nofeat	174	50	45	45	0	90.0	90.0	-0.002926596673205495	-0.02077852189540863
phase2w_vs_nofeat	123	50	43	43	0	86.0	86.0	-0.0029189034830778837	0.01803358644247055
phase2w_vs_nofeat	280	50	37	37	0	74.0	74.0	-0.002908798400312662	-0.028320807963609695
phase2w_vs_nofeat	577	50	46	46	0	92.0	92.0	-0.0029050614684820175	-0.004688825458288193
phase2w_vs_nofeat	28	50	46	46	0	92.0	92.0	-0.002883439650759101	-0.038525067269802094
phase2w_vs_nofeat	733	50	25	25	0	50.0	50.0	-0.0028684306889772415	-0.031877994537353516
phase2w_vs_nofeat	875	50	42	42	0	84.0	84.0	-0.0028454787097871304	-0.013207473792135715
phase2w_vs_nofeat	288	50	41	41	0	82.0	82.0	-0.0028425510972738266	-0.09062498807907104
phase2w_vs_nofeat	920	50	41	41	0	82.0	82.0	-0.0028180342633277178	-0.0051468657329678535
phase2w_vs_nofeat	818	50	18	18	0	36.0	36.0	-0.002804315183311701	-0.029562950134277344
phase2w_vs_nofeat	906	50	18	18	0	36.0	36.0	-0.002791487844660878	0.0008280658512376249
phase2w_vs_nofeat	599	50	40	40	0	80.0	80.0	-0.002758567687124014	-0.0017259693704545498
phase2w_vs_nofeat	287	50	38	38	0	76.0	76.0	-0.002757229609414935	-0.049396563321352005
phase2w_vs_nofeat	886	50	47	47	0	94.0	94.0	-0.0027543366886675358	0.04664523899555206
phase2w_vs_nofeat	19	50	50	50	0	100.0	100.0	-0.0027473866939544678	-0.0389350987970829
phase2w_vs_nofeat	445	50	30	30	0	60.0	60.0	-0.0027473168447613716	-0.004010696429759264
phase2w_vs_nofeat	687	50	44	44	0	88.0	88.0	-0.002736045513302088	-0.011581029742956161
phase2w_vs_nofeat	644	50	38	38	0	76.0	76.0	-0.0026902032550424337	-0.020194273442029953
phase2w_vs_nofeat	661	50	45	45	0	90.0	90.0	-0.0026884444523602724	-0.04288998618721962
phase2w_vs_nofeat	42	50	42	42	0	84.0	84.0	-0.0026741705369204283	-0.03542281314730644
phase2w_vs_nofeat	370	50	44	44	0	88.0	88.0	-0.0026574814692139626	0.011562500149011612
phase2w_vs_nofeat	18	50	48	48	0	96.0	96.0	-0.002652736846357584	0.0038367081433534622
phase2w_vs_nofeat	234	50	46	46	0	92.0	92.0	-0.0026485412381589413	-0.02543545700609684
phase2w_vs_nofeat	686	50	39	39	0	78.0	78.0	-0.0026375388260930777	-0.03631284832954407
phase2w_vs_nofeat	576	50	49	49	0	98.0	98.0	-0.0026038705836981535	-0.024927224963903427
phase2w_vs_nofeat	955	50	49	49	0	98.0	98.0	-0.0026027404237538576	0.0249677374958992
phase2w_vs_nofeat	505	50	35	35	0	70.0	70.0	-0.002592641394585371	-0.0353255458176136
phase2w_vs_nofeat	9	50	50	50	0	100.0	100.0	-0.002548175398260355	-0.012812519446015358
phase2w_vs_nofeat	153	50	43	43	0	86.0	86.0	-0.0025468647945672274	-0.021190958097577095
phase2w_vs_nofeat	379	50	45	45	0	90.0	90.0	-0.002529133576899767	-0.06241978704929352
phase2w_vs_nofeat	990	50	50	50	0	100.0	100.0	-0.0025177227798849344	-0.03040269762277603
phase2w_vs_nofeat	90	50	50	50	0	100.0	100.0	-0.002510841004550457	-0.017907647415995598
phase2w_vs_nofeat	719	50	47	47	0	94.0	94.0	-0.0024799788370728493	-0.04113570228219032
phase2w_vs_nofeat	585	50	27	27	0	54.0	54.0	-0.0024639926850795746	0.0037527657113969326
phase2w_vs_nofeat	692	50	30	30	0	60.0	60.0	-0.0024504647590219975	-0.028691567480564117
phase2w_vs_nofeat	916	50	49	49	0	98.0	98.0	-0.002411482622846961	-0.00800542812794447
phase2w_vs_nofeat	595	50	43	43	0	86.0	86.0	-0.0024092677049338818	0.008695087395608425
phase2w_vs_nofeat	600	50	19	19	0	38.0	38.0	-0.0023998862598091364	0.034063223749399185
phase2w_vs_nofeat	535	50	48	48	0	96.0	96.0	-0.002398804062977433	-0.01745734177529812
phase2w_vs_nofeat	237	50	42	42	0	84.0	84.0	-0.002395343268290162	0.017988339066505432
phase2w_vs_nofeat	688	50	47	47	0	94.0	94.0	-0.002358473604544997	-0.014219227246940136
phase2w_vs_nofeat	645	50	50	50	0	100.0	100.0	-0.0023459161166101694	0.0059790704399347305
phase2w_vs_nofeat	663	50	34	34	0	68.0	68.0	-0.002222634619101882	-0.012863941490650177
phase2w_vs_nofeat	557	50	42	42	0	84.0	84.0	-0.0022123665548861027	-0.004452562425285578
phase2w_vs_nofeat	972	50	37	37	0	74.0	74.0	-0.0022105651441961527	0.027968626469373703
phase2w_vs_nofeat	333	50	50	50	0	100.0	100.0	-0.0022048568353056908	-0.0327879898250103
phase2w_vs_nofeat	221	50	45	45	0	90.0	90.0	-0.0021962670143693686	0.026317186653614044
phase2w_vs_nofeat	320	50	45	45	0	90.0	90.0	-0.002158597344532609	0.0024999999441206455
phase2w_vs_nofeat	94	50	48	48	0	96.0	96.0	-0.002131443005055189	-0.020071515813469887
phase2w_vs_nofeat	345	50	32	32	0	64.0	64.0	-0.0021177511662244797	0.00977043155580759
phase2w_vs_nofeat	416	50	47	47	0	94.0	94.0	-0.002097771968692541	-0.016927041113376617
phase2w_vs_nofeat	790	50	34	34	0	68.0	68.0	-0.0020763776265084743	0.01841728202998638
phase2w_vs_nofeat	154	50	44	44	0	88.0	88.0	-0.0020754020661115646	-0.018703298643231392
phase2w_vs_nofeat	31	50	46	46	0	92.0	92.0	-0.0020722257904708385	-0.007600345648825169
phase2w_vs_nofeat	53	50	47	47	0	94.0	94.0	-0.0020600443240255117	0.009939976036548615
phase2w_vs_nofeat	37	50	45	45	0	90.0	90.0	-0.0020443019457161427	-0.012916508130729198
phase2w_vs_nofeat	510	50	46	46	0	92.0	92.0	-0.002022730652242899	-0.019018907099962234
phase2w_vs_nofeat	292	50	48	48	0	96.0	96.0	-0.001991656143218279	-0.039374999701976776
phase2w_vs_nofeat	302	50	35	35	0	70.0	70.0	-0.0019717358518391848	-0.05064643919467926
phase2w_vs_nofeat	301	50	47	47	0	94.0	94.0	-0.0019703474827110767	0.013477525673806667
phase2w_vs_nofeat	993	50	49	49	0	98.0	98.0	-0.0019620356615632772	-0.00892750732600689
phase2w_vs_nofeat	465	50	33	33	0	66.0	66.0	-0.0019385871710255742	-0.05102628841996193
phase2w_vs_nofeat	387	50	47	47	0	94.0	94.0	-0.0019365355838090181	-0.016505537554621696
phase2w_vs_nofeat	244	50	47	47	0	94.0	94.0	-0.0019354239339008927	-0.009756965562701225
phase2w_vs_nofeat	56	50	46	46	0	92.0	92.0	-0.0019338771235197783	0.005753708072006702
phase2w_vs_nofeat	665	50	39	39	0	78.0	78.0	-0.001908760634250939	0.01882409118115902
phase2w_vs_nofeat	324	50	48	48	0	96.0	96.0	-0.0018800565740093589	-0.011796054430305958
phase2w_vs_nofeat	698	50	37	37	0	74.0	74.0	-0.0018665519310161471	-0.054956454783678055
phase2w_vs_nofeat	562	50	47	47	0	94.0	94.0	-0.0018545191269367933	-0.016276799142360687
phase2w_vs_nofeat	164	50	46	46	0	92.0	92.0	-0.0018138358136639	-0.01754239946603775
phase2w_vs_nofeat	334	50	46	46	0	92.0	92.0	-0.0017844954272732139	-0.039005450904369354
phase2w_vs_nofeat	680	50	41	41	0	82.0	82.0	-0.0017492298502475023	-0.052360907196998596
phase2w_vs_nofeat	701	50	48	48	0	96.0	96.0	-0.001702240901067853	-0.019471293315291405
phase2w_vs_nofeat	995	50	50	50	0	100.0	100.0	-0.0016927790129557252	-0.009677315130829811
phase2w_vs_nofeat	872	50	40	40	0	80.0	80.0	-0.001691431156359613	0.023025216534733772
phase2w_vs_nofeat	114	50	42	42	0	84.0	84.0	-0.0016653648344799876	0.003608264960348606
phase2w_vs_nofeat	275	50	50	50	0	100.0	100.0	-0.0016568434657528996	-0.009096193127334118
phase2w_vs_nofeat	193	50	24	24	0	48.0	48.0	-0.0016522390069440007	0.046216268092393875
phase2w_vs_nofeat	271	50	30	30	0	60.0	60.0	-0.0016497563337907195	-0.02194727025926113
phase2w_vs_nofeat	788	50	47	47	0	94.0	94.0	-0.0016222227131947875	-0.034678153693675995
phase2w_vs_nofeat	131	50	43	43	0	86.0	86.0	-0.0016155904158949852	-0.0041622924618422985
phase2w_vs_nofeat	434	50	30	30	0	60.0	60.0	-0.0016105801332741976	-0.05097761005163193
phase2w_vs_nofeat	8	50	45	45	0	90.0	90.0	-0.001588410697877407	-0.007871856912970543
phase2w_vs_nofeat	984	50	48	48	0	96.0	96.0	-0.0015803166897967458	0.013241061940789223
phase2w_vs_nofeat	411	50	39	39	0	78.0	78.0	-0.0015786811709403992	-0.007894448935985565
phase2w_vs_nofeat	939	50	42	42	0	84.0	84.0	-0.0015707772690802813	0.05456629768013954
phase2w_vs_nofeat	363	50	47	47	0	94.0	94.0	-0.00156879099085927	-0.019903602078557014
phase2w_vs_nofeat	493	50	15	15	0	30.0	30.0	-0.0015677448827773333	0.01452174223959446
phase2w_vs_nofeat	947	50	21	21	0	42.0	42.0	-0.0015671831788495183	-0.01889077201485634
phase2w_vs_nofeat	540	50	43	43	0	86.0	86.0	-0.0015168797690421343	0.009865074418485165
phase2w_vs_nofeat	699	50	42	42	0	84.0	84.0	-0.001516135293059051	-0.014253845438361168
phase2w_vs_nofeat	898	50	35	35	0	70.0	70.0	-0.0015105002094060183	-0.03481077030301094
phase2w_vs_nofeat	365	50	46	46	0	92.0	92.0	-0.0015045484760776162	0.019171971827745438
phase2w_vs_nofeat	340	50	48	48	0	96.0	96.0	-0.0015004368033260107	-0.014992265962064266
phase2w_vs_nofeat	201	50	33	33	0	66.0	66.0	-0.0014722247142344713	-0.02053971216082573
phase2w_vs_nofeat	666	50	44	44	0	88.0	88.0	-0.0014083099085837603	-0.04079876095056534
phase2w_vs_nofeat	109	50	48	48	0	96.0	96.0	-0.0014052600599825382	0.006836480926722288
phase2w_vs_nofeat	403	50	43	43	0	86.0	86.0	-0.0014009177684783936	0.02079750970005989
phase2w_vs_nofeat	432	50	42	42	0	84.0	84.0	-0.0013983392855152488	-0.006999549921602011
phase2w_vs_nofeat	385	50	31	31	0	62.0	62.0	-0.001390004064887762	-0.025877494364976883
phase2w_vs_nofeat	118	50	42	42	0	84.0	84.0	-0.0013864035718142986	0.023447217419743538
phase2w_vs_nofeat	589	50	40	40	0	80.0	80.0	-0.0013107511913403869	0.0010590744204819202
phase2w_vs_nofeat	789	50	40	40	0	80.0	80.0	-0.0013093752786517143	-0.012799177318811417
phase2w_vs_nofeat	932	50	42	42	0	84.0	84.0	-0.0012994918506592512	-0.03824630752205849
phase2w_vs_nofeat	647	50	44	44	0	88.0	88.0	-0.0012665536487475038	-0.04695483297109604
phase2w_vs_nofeat	377	50	41	41	0	82.0	82.0	-0.0012322008842602372	0.004115495830774307
phase2w_vs_nofeat	91	50	46	46	0	92.0	92.0	-0.0011774450540542603	0.004584197886288166
phase2w_vs_nofeat	552	50	45	45	0	90.0	90.0	-0.0010755396215245128	0.0075170802883803844
phase2w_vs_nofeat	806	50	34	34	0	68.0	68.0	-0.0010752570815384388	-0.03265239670872688
phase2w_vs_nofeat	785	50	46	46	0	92.0	92.0	-0.0010606208816170692	-0.005776328966021538
phase2w_vs_nofeat	76	50	49	49	0	98.0	98.0	-0.0010410266695544124	-0.026875000447034836
phase2w_vs_nofeat	722	50	45	45	0	90.0	90.0	-0.0010177785297855735	-0.02027704194188118
phase2w_vs_nofeat	911	50	22	22	0	44.0	44.0	-0.0009863912127912045	0.03803735598921776
phase2w_vs_nofeat	713	50	48	48	0	96.0	96.0	-0.0009729054290801287	0.04125000163912773
phase2w_vs_nofeat	888	50	42	42	0	84.0	84.0	-0.0009625618113204837	-0.005036859307438135
phase2w_vs_nofeat	190	50	45	45	0	90.0	90.0	-0.0009588710381649435	-0.036757174879312515
phase2w_vs_nofeat	952	50	47	47	0	94.0	94.0	-0.0009368397295475006	-0.018855208531022072
phase2w_vs_nofeat	642	50	44	44	0	88.0	88.0	-0.0009312547626905143	0.015579729340970516
phase2w_vs_nofeat	975	50	32	32	0	64.0	64.0	-0.0009097022702917457	0.025727005675435066
phase2w_vs_nofeat	946	50	47	47	0	94.0	94.0	-0.0009088137885555625	-0.0050042057409882545
phase2w_vs_nofeat	994	50	45	45	0	90.0	90.0	-0.0009037594427354634	-0.025463666766881943
phase2w_vs_nofeat	380	50	32	32	0	64.0	64.0	-0.0008968635811470449	-0.014825096353888512
phase2w_vs_nofeat	185	50	34	34	0	68.0	68.0	-0.0008925252477638423	0.02713753655552864
phase2w_vs_nofeat	268	50	46	46	0	92.0	92.0	-0.0008800386567600071	0.017169170081615448
phase2w_vs_nofeat	930	50	32	32	0	64.0	64.0	-0.0008476224611513317	-0.039987899363040924
phase2w_vs_nofeat	938	50	48	48	0	96.0	96.0	-0.0008407789282500744	0.04268575832247734
phase2w_vs_nofeat	50	50	44	44	0	88.0	88.0	-0.0008279976318590343	-0.020196743309497833
phase2w_vs_nofeat	247	50	47	47	0	94.0	94.0	-0.000821581925265491	-0.022174205631017685
phase2w_vs_nofeat	942	50	41	41	0	82.0	82.0	-0.0007881976780481637	0.0185378547757864
phase2w_vs_nofeat	541	50	27	27	0	54.0	54.0	-0.0007845796644687653	0.004833955783396959
phase2w_vs_nofeat	705	50	30	30	0	60.0	60.0	-0.000782550370786339	-0.01752053201198578
phase2w_vs_nofeat	398	50	43	43	0	86.0	86.0	-0.0007731151417829096	-0.007947120815515518
phase2w_vs_nofeat	384	50	47	47	0	94.0	94.0	-0.0007700935821048915	-0.025152530521154404
phase2w_vs_nofeat	130	50	49	49	0	98.0	98.0	-0.000749517697840929	0.0006914710975252092
phase2w_vs_nofeat	996	50	47	47	0	94.0	94.0	-0.0007188445306383073	0.0003124999930150807
phase2w_vs_nofeat	563	50	45	45	0	90.0	90.0	-0.0007077647605910897	0.002445440273731947
phase2w_vs_nofeat	528	50	48	48	0	96.0	96.0	-0.0006971264374442399	0.009193725883960724
phase2w_vs_nofeat	381	50	24	24	0	48.0	48.0	-0.0006665576947852969	0.003778314683586359
phase2w_vs_nofeat	41	50	47	47	0	94.0	94.0	-0.0006238797213882208	0.0046884058974683285
phase2w_vs_nofeat	737	50	34	34	0	68.0	68.0	-0.0006211996078491211	-0.006634397432208061
phase2w_vs_nofeat	173	50	38	38	0	76.0	76.0	-0.0006134128198027611	0.017666511237621307
phase2w_vs_nofeat	296	50	47	47	0	94.0	94.0	-0.0006095546414144337	-0.01797567307949066
phase2w_vs_nofeat	309	50	43	43	0	86.0	86.0	-0.0005779751227237284	-0.0273406021296978
phase2w_vs_nofeat	648	50	34	34	0	68.0	68.0	-0.0005769093404524028	-0.014909868128597736
phase2w_vs_nofeat	710	50	38	38	0	76.0	76.0	-0.0005717697786167264	0.005675134714692831
phase2w_vs_nofeat	156	50	47	47	0	94.0	94.0	-0.000541620422154665	-0.016640299931168556
phase2w_vs_nofeat	943	50	37	37	0	74.0	74.0	-0.0005302471108734608	-0.024428557604551315
phase2w_vs_nofeat	578	50	37	37	0	74.0	74.0	-0.0005210679955780506	0.011621656827628613
phase2w_vs_nofeat	89	50	49	49	0	98.0	98.0	-0.0004965128027833998	0.0038750600069761276
phase2w_vs_nofeat	25	50	49	49	0	98.0	98.0	-0.0004939988721162081	-0.014375000260770321
phase2w_vs_nofeat	132	50	47	47	0	94.0	94.0	-0.0004919369239360094	0.0004941272782161832
phase2w_vs_nofeat	761	50	41	41	0	82.0	82.0	-0.00047784685739316046	-0.05037646368145943
phase2w_vs_nofeat	539	50	39	39	0	78.0	78.0	-0.0004550476442091167	-0.023422442376613617
phase2w_vs_nofeat	367	50	44	44	0	88.0	88.0	-0.00040885896305553615	6.477355782408267e-05
phase2w_vs_nofeat	918	50	45	45	0	90.0	90.0	-0.0003777611127588898	-0.031999196857213974
phase2w_vs_nofeat	140	50	47	47	0	94.0	94.0	-0.00032433003070764244	0.004196634516119957
phase2w_vs_nofeat	35	50	35	35	0	70.0	70.0	-0.00031441659666597843	-0.013626908883452415
phase2w_vs_nofeat	49	50	40	40	0	80.0	80.0	-0.00030568375950679183	0.0034196663182228804
phase2w_vs_nofeat	85	50	47	47	0	94.0	94.0	-0.0002900215331465006	-0.03433499485254288
phase2w_vs_nofeat	471	50	45	45	0	90.0	90.0	-0.00028526486130431294	0.0033212946727871895
phase2w_vs_nofeat	491	50	48	48	0	96.0	96.0	-0.00027989328373223543	0.006345625035464764
phase2w_vs_nofeat	228	50	46	46	0	92.0	92.0	-0.0002633392869029194	0.003478479338809848
phase2w_vs_nofeat	143	50	49	49	0	98.0	98.0	-0.00024230257258750498	-0.03007594123482704
phase2w_vs_nofeat	482	50	13	13	0	26.0	26.0	-0.00023573741782456636	-0.013986025005578995
phase2w_vs_nofeat	169	50	49	49	0	98.0	98.0	-0.00023433341993950307	-0.0378628633916378
phase2w_vs_nofeat	691	50	30	30	0	60.0	60.0	-0.00022063375217840075	-0.016246099025011063
phase2w_vs_nofeat	520	50	38	38	0	76.0	76.0	-0.0002102854778058827	8.53347810334526e-05
phase2w_vs_nofeat	685	50	48	48	0	96.0	96.0	-0.00018979897140525281	-0.009557780809700489
phase2w_vs_nofeat	532	50	41	41	0	82.0	82.0	-0.00017857358034234494	-0.012944650836288929
phase2w_vs_nofeat	45	50	42	42	0	84.0	84.0	-0.0001579253003001213	-0.023150263354182243
phase2w_vs_nofeat	486	50	45	45	0	90.0	90.0	-0.000156689144205302	0.020959854125976562
phase2w_vs_nofeat	276	50	47	47	0	94.0	94.0	-0.0001540455996291712	-0.020310135558247566
phase2w_vs_nofeat	438	50	30	30	0	60.0	60.0	-0.00010543272219365463	-0.0004520511720329523
phase2w_vs_nofeat	122	50	45	45	0	90.0	90.0	-9.773597412277013e-05	0.024174537509679794
phase2w_vs_nofeat	13	50	50	50	0	100.0	100.0	-9.276032506022602e-05	0.011199217289686203
phase2w_vs_nofeat	672	50	47	47	0	94.0	94.0	-8.064285066211596e-05	-0.012417449615895748
phase2w_vs_nofeat	508	50	39	39	0	78.0	78.0	-7.434427971020341e-05	-0.02569197677075863
phase2w_vs_nofeat	974	50	48	48	0	96.0	96.0	-4.6649576688650995e-05	-0.04874240979552269
phase2w_vs_nofeat	252	50	44	44	0	88.0	88.0	-1.395836443407461e-05	-0.01930641196668148
phase2w_vs_nofeat	5	50	43	43	0	86.0	86.0	1.723345303616952e-05	-0.0040442850440740585
phase2w_vs_nofeat	547	50	46	46	0	92.0	92.0	5.743920701206662e-05	-0.029999999329447746
phase2w_vs_nofeat	479	50	22	22	0	44.0	44.0	8.787766273599118e-05	-0.009694747626781464
phase2w_vs_nofeat	71	50	47	47	0	94.0	94.0	0.00013535405742004514	-0.024393606930971146
phase2w_vs_nofeat	490	50	39	39	0	78.0	78.0	0.00014054223720449954	0.002030553761869669
phase2w_vs_nofeat	30	50	41	41	0	82.0	82.0	0.00016814909758977592	-9.327888255938888e-05
phase2w_vs_nofeat	451	50	42	42	0	84.0	84.0	0.00016913026047404855	0.02658548392355442
phase2w_vs_nofeat	677	50	36	36	0	72.0	72.0	0.00017884834960568696	0.022454634308815002
phase2w_vs_nofeat	177	50	45	45	0	90.0	90.0	0.00020482436229940504	-0.0002481269766576588
phase2w_vs_nofeat	304	50	36	36	0	72.0	72.0	0.00021438421390485018	0.004934749566018581
phase2w_vs_nofeat	894	50	39	39	0	78.0	78.0	0.0002153989626094699	-0.010655832476913929
phase2w_vs_nofeat	998	50	25	25	0	50.0	50.0	0.00022340637224260718	-0.02223038673400879
phase2w_vs_nofeat	726	50	45	45	0	90.0	90.0	0.00022715434897691011	0.00570056913420558
phase2w_vs_nofeat	615	50	40	40	0	80.0	80.0	0.0002616617130115628	-0.03269701078534126
phase2w_vs_nofeat	924	50	44	44	0	88.0	88.0	0.00026213808450847864	0.03332894295454025
phase2w_vs_nofeat	808	50	36	36	0	72.0	72.0	0.00027325027622282505	-0.06114145368337631
phase2w_vs_nofeat	985	50	49	49	0	98.0	98.0	0.00029881938826292753	0.01894202269613743
phase2w_vs_nofeat	310	50	40	40	0	80.0	80.0	0.0003489064401946962	0.005563525948673487
phase2w_vs_nofeat	526	50	33	33	0	66.0	66.0	0.0003500992024783045	-0.031015891581773758
phase2w_vs_nofeat	867	50	45	45	0	90.0	90.0	0.00035760889295488596	-0.006849012337625027
phase2w_vs_nofeat	815	50	36	36	0	72.0	72.0	0.0003607451799325645	0.009351005777716637
phase2w_vs_nofeat	57	50	47	47	0	94.0	94.0	0.000377301883418113	0.004777288530021906
phase2w_vs_nofeat	223	50	45	45	0	90.0	90.0	0.00039231733535416424	-0.03131909295916557
phase2w_vs_nofeat	804	50	36	36	0	72.0	72.0	0.00039459942490793765	-0.05944313108921051
phase2w_vs_nofeat	560	50	48	48	0	96.0	96.0	0.0004135491035412997	-0.013015994802117348
phase2w_vs_nofeat	959	50	45	45	0	90.0	90.0	0.0004154580819886178	0.012377005070447922
phase2w_vs_nofeat	556	50	32	32	0	64.0	64.0	0.0004183395649306476	0.019504928961396217
phase2w_vs_nofeat	347	50	45	45	0	90.0	90.0	0.00042912186472676694	-0.03384498506784439
phase2w_vs_nofeat	487	50	41	41	0	82.0	82.0	0.00043483913759700954	0.04308629035949707
phase2w_vs_nofeat	822	50	45	45	0	90.0	90.0	0.00043899790034629405	0.016260556876659393
phase2w_vs_nofeat	401	50	45	45	0	90.0	90.0	0.0004962197854183614	-0.03161163255572319
phase2w_vs_nofeat	274	50	47	47	0	94.0	94.0	0.0005059480317868292	0.0022123432718217373
phase2w_vs_nofeat	473	50	39	39	0	78.0	78.0	0.0005059617687948048	0.0009987927041947842
phase2w_vs_nofeat	792	50	35	35	0	70.0	70.0	0.0005363982636481524	-0.005542936269193888
phase2w_vs_nofeat	536	50	29	29	0	58.0	58.0	0.0005733843427151442	0.01521875336766243
phase2w_vs_nofeat	157	50	48	48	0	96.0	96.0	0.000576346239540726	-0.015690870583057404
phase2w_vs_nofeat	567	50	26	26	0	52.0	52.0	0.0005879938835278153	0.003794536693021655
phase2w_vs_nofeat	342	50	45	45	0	90.0	90.0	0.000602985150180757	-0.004158439580351114
phase2w_vs_nofeat	529	50	40	40	0	80.0	80.0	0.0006184582598507404	-0.02733203023672104
phase2w_vs_nofeat	338	50	47	47	0	94.0	94.0	0.0006357037927955389	-0.022649316117167473
phase2w_vs_nofeat	978	50	24	24	0	48.0	48.0	0.0006423811428248882	0.04864119365811348
phase2w_vs_nofeat	199	50	38	38	0	76.0	76.0	0.0006659784121438861	-0.02124292403459549
phase2w_vs_nofeat	553	50	42	42	0	84.0	84.0	0.0006682553794234991	-0.004082107450813055
phase2w_vs_nofeat	513	50	37	37	0	74.0	74.0	0.0006743326666764915	0.016954632475972176
phase2w_vs_nofeat	874	50	50	50	0	100.0	100.0	0.0007061803480610251	0.02037530019879341
phase2w_vs_nofeat	991	50	49	49	0	98.0	98.0	0.0007097709458321333	0.021250000223517418
phase2w_vs_nofeat	821	50	45	45	0	90.0	90.0	0.0007144707487896085	0.012886686250567436
phase2w_vs_nofeat	605	50	44	44	0	88.0	88.0	0.0007225523004308343	0.055599145591259
phase2w_vs_nofeat	545	50	44	44	0	88.0	88.0	0.0007281971047632396	-0.0034102534409612417
phase2w_vs_nofeat	209	50	47	47	0	94.0	94.0	0.0007601499673910439	0.013597221113741398
phase2w_vs_nofeat	270	50	47	47	0	94.0	94.0	0.0007687927572987974	0.0132931899279356
phase2w_vs_nofeat	516	50	26	26	0	52.0	52.0	0.0007789675728417933	-0.003546962747350335
phase2w_vs_nofeat	257	50	41	41	0	82.0	82.0	0.0007898572366684675	-0.02100810967385769
phase2w_vs_nofeat	70	50	47	47	0	94.0	94.0	0.0008150884532369673	0.00380115513689816
phase2w_vs_nofeat	602	50	40	40	0	80.0	80.0	0.0008187543135136366	-0.012159127742052078
phase2w_vs_nofeat	176	50	42	42	0	84.0	84.0	0.0008368033450096846	-0.0066752624697983265
phase2w_vs_nofeat	152	50	42	42	0	84.0	84.0	0.000838913896586746	-0.01146311778575182
phase2w_vs_nofeat	34	50	37	37	0	74.0	74.0	0.0008472600020468235	-0.03699130192399025
phase2w_vs_nofeat	111	50	47	47	0	94.0	94.0	0.0008509606122970581	0.023927325382828712
phase2w_vs_nofeat	213	50	43	43	0	86.0	86.0	0.0008655411074869335	-0.024038400501012802
phase2w_vs_nofeat	483	50	40	40	0	80.0	80.0	0.0009230264113284647	0.04400232434272766
phase2w_vs_nofeat	328	50	46	46	0	92.0	92.0	0.0009626629762351513	0.014162016101181507
phase2w_vs_nofeat	478	50	29	29	0	58.0	58.0	0.0009627065155655146	-0.0025189113803207874
phase2w_vs_nofeat	72	50	48	48	0	96.0	96.0	0.0009698250214569271	0.006732444744557142
phase2w_vs_nofeat	779	50	48	48	0	96.0	96.0	0.0010070200078189373	-0.03799651935696602
phase2w_vs_nofeat	892	50	36	36	0	72.0	72.0	0.0010091369040310383	0.00912852305918932
phase2w_vs_nofeat	273	50	40	40	0	80.0	80.0	0.0010311092482879758	-0.04107281565666199
phase2w_vs_nofeat	259	50	48	48	0	96.0	96.0	0.001061899121850729	-0.05113841965794563
phase2w_vs_nofeat	957	50	47	47	0	94.0	94.0	0.0010738227283582091	0.014530391432344913
phase2w_vs_nofeat	927	50	48	48	0	96.0	96.0	0.00108204479329288	-0.027655381709337234
phase2w_vs_nofeat	107	50	46	46	0	92.0	92.0	0.001146893366239965	0.03500012308359146
phase2w_vs_nofeat	11	50	49	49	0	98.0	98.0	0.001158841885626316	0.01199587807059288
phase2w_vs_nofeat	191	50	44	44	0	88.0	88.0	0.0011927959276363254	0.02943064644932747
phase2w_vs_nofeat	135	50	50	50	0	100.0	100.0	0.001195720979012549	-0.025152016431093216
phase2w_vs_nofeat	992	50	43	43	0	86.0	86.0	0.0012261222582310438	0.019050436094403267
phase2w_vs_nofeat	986	50	50	50	0	100.0	100.0	0.0012362253619357944	0.014837083406746387
phase2w_vs_nofeat	425	50	47	47	0	94.0	94.0	0.0012409192277118564	-0.020008869469165802
phase2w_vs_nofeat	145	50	49	49	0	98.0	98.0	0.00124656455591321	-0.0063012028113007545
phase2w_vs_nofeat	496	50	47	47	0	94.0	94.0	0.0012744206469506025	0.003157777711749077
phase2w_vs_nofeat	537	50	46	46	0	92.0	92.0	0.001294041983783245	-0.017254533246159554
phase2w_vs_nofeat	307	50	43	43	0	86.0	86.0	0.0013277753023430705	-0.02192969247698784
phase2w_vs_nofeat	98	50	47	47	0	94.0	94.0	0.0013390961103141308	0.044754840433597565
phase2w_vs_nofeat	883	50	27	27	0	54.0	54.0	0.001364419935271144	0.046027909964323044
phase2w_vs_nofeat	474	50	39	39	0	78.0	78.0	0.0013698849361389875	0.050281915813684464
phase2w_vs_nofeat	751	50	39	39	0	78.0	78.0	0.001371833961457014	-0.022812500596046448
phase2w_vs_nofeat	82	50	43	43	0	86.0	86.0	0.0013854498974978924	-0.0348845012485981
phase2w_vs_nofeat	329	50	39	39	0	78.0	78.0	0.0013938290067017078	-0.009079246781766415
phase2w_vs_nofeat	170	50	35	35	0	70.0	70.0	0.0014056527288630605	0.03353698551654816
phase2w_vs_nofeat	180	50	29	29	0	58.0	58.0	0.0014124516164883971	-0.0009642791701480746
phase2w_vs_nofeat	230	50	42	42	0	84.0	84.0	0.0014456391800194979	0.03177160397171974
phase2w_vs_nofeat	945	50	47	47	0	94.0	94.0	0.0014570328639820218	0.02730841562151909
phase2w_vs_nofeat	147	50	47	47	0	94.0	94.0	0.0014795053284615278	0.008843421936035156
phase2w_vs_nofeat	134	50	38	38	0	76.0	76.0	0.001482173684053123	-0.04368220269680023
phase2w_vs_nofeat	809	50	34	34	0	68.0	68.0	0.0015524382470175624	0.0424802303314209
phase2w_vs_nofeat	102	50	50	50	0	100.0	100.0	0.0015823543071746826	-0.02249998040497303
phase2w_vs_nofeat	376	50	50	50	0	100.0	100.0	0.0015931654488667846	-0.002147417049854994
phase2w_vs_nofeat	498	50	37	37	0	74.0	74.0	0.0016124435933306813	0.023319024592638016
phase2w_vs_nofeat	51	50	49	49	0	98.0	98.0	0.001629456877708435	0.022662010043859482
phase2w_vs_nofeat	6	50	46	46	0	92.0	92.0	0.0016499704215675592	0.04312498867511749
phase2w_vs_nofeat	941	50	40	40	0	80.0	80.0	0.0016565271653234959	-0.036122847348451614
phase2w_vs_nofeat	66	50	30	30	0	60.0	60.0	0.0016708180774003267	-0.004012804012745619
phase2w_vs_nofeat	514	50	38	38	0	76.0	76.0	0.0016786636551842093	-0.05497019737958908
phase2w_vs_nofeat	166	50	36	36	0	72.0	72.0	0.0016936989268288016	-0.02513391524553299
phase2w_vs_nofeat	325	50	49	49	0	98.0	98.0	0.00171970936935395	0.02968749962747097
phase2w_vs_nofeat	429	50	42	42	0	84.0	84.0	0.0017296028090640903	0.013268585316836834
phase2w_vs_nofeat	251	50	49	49	0	98.0	98.0	0.0017336225137114525	0.027416620403528214
phase2w_vs_nofeat	625	50	47	47	0	94.0	94.0	0.0017469280865043402	-0.016880597919225693
phase2w_vs_nofeat	110	50	45	45	0	90.0	90.0	0.0017511076293885708	-0.004062471445649862
phase2w_vs_nofeat	469	50	35	35	0	70.0	70.0	0.0018274348694831133	0.009007339365780354
phase2w_vs_nofeat	375	50	45	45	0	90.0	90.0	0.0018603656208142638	0.0012559795286506414
phase2w_vs_nofeat	330	50	40	40	0	80.0	80.0	0.0018619163893163204	0.013437500223517418
phase2w_vs_nofeat	136	50	49	49	0	98.0	98.0	0.0018682080553844571	0.0006310748867690563
phase2w_vs_nofeat	128	50	46	46	0	92.0	92.0	0.001873678294941783	0.03958906978368759
phase2w_vs_nofeat	904	50	33	33	0	66.0	66.0	0.001888458733446896	-0.011764517053961754
phase2w_vs_nofeat	96	50	46	46	0	92.0	92.0	0.001906336983665824	-0.02026977576315403
phase2w_vs_nofeat	742	50	25	25	0	50.0	50.0	0.0019071100978180766	-0.00046698571532033384
phase2w_vs_nofeat	178	50	47	47	0	94.0	94.0	0.0019146582344546914	-0.005470848176628351
phase2w_vs_nofeat	937	50	46	46	0	92.0	92.0	0.0019231443293392658	0.006468238774687052
phase2w_vs_nofeat	988	50	50	50	0	100.0	100.0	0.001962612383067608	-0.02032887376844883
phase2w_vs_nofeat	628	50	47	47	0	94.0	94.0	0.002000255510210991	0.042919646948575974
phase2w_vs_nofeat	224	50	39	39	0	78.0	78.0	0.002011681441217661	0.0013658142415806651
phase2w_vs_nofeat	890	50	48	48	0	96.0	96.0	0.0020595223177224398	0.04513877257704735
phase2w_vs_nofeat	527	50	33	33	0	66.0	66.0	0.0020706127397716045	0.004389991983771324
phase2w_vs_nofeat	124	50	39	39	0	78.0	78.0	0.002105544786900282	-0.007826576009392738
phase2w_vs_nofeat	909	50	32	32	0	64.0	64.0	0.0021114398259669542	-0.0005553627270273864
phase2w_vs_nofeat	316	50	48	48	0	96.0	96.0	0.0021211046259850264	0.0017763137584552169
phase2w_vs_nofeat	935	50	36	36	0	72.0	72.0	0.0021779423113912344	0.012391596101224422
phase2w_vs_nofeat	171	50	46	46	0	92.0	92.0	0.0021848613396286964	-0.0004240703710820526
phase2w_vs_nofeat	414	50	22	22	0	44.0	44.0	0.0022486653178930283	0.0326143354177475
phase2w_vs_nofeat	220	50	36	36	0	72.0	72.0	0.0022512224968522787	0.02812499925494194
phase2w_vs_nofeat	913	50	48	48	0	96.0	96.0	0.0022741048596799374	0.011610755696892738
phase2w_vs_nofeat	635	50	33	33	0	66.0	66.0	0.0023154444061219692	0.017465677112340927
phase2w_vs_nofeat	791	50	42	42	0	84.0	84.0	0.0023334920406341553	0.015143594704568386
phase2w_vs_nofeat	634	50	39	39	0	78.0	78.0	0.002338398015126586	0.02016843855381012
phase2w_vs_nofeat	900	50	48	48	0	96.0	96.0	0.0023448849096894264	-0.025751600041985512
phase2w_vs_nofeat	39	50	45	45	0	90.0	90.0	0.0023518854286521673	-0.028937052935361862
phase2w_vs_nofeat	476	50	49	49	0	98.0	98.0	0.002374148927628994	-0.02033686637878418
phase2w_vs_nofeat	448	50	46	46	0	92.0	92.0	0.002380853984504938	0.01771104894578457
phase2w_vs_nofeat	314	50	43	43	0	86.0	86.0	0.002390877576544881	0.06743819266557693
phase2w_vs_nofeat	571	50	46	46	0	92.0	92.0	0.002398750279098749	-0.004359664861112833
phase2w_vs_nofeat	446	50	35	35	0	70.0	70.0	0.0024038103874772787	-0.02149766869843006
phase2w_vs_nofeat	554	50	49	49	0	98.0	98.0	0.0024271244183182716	0.08078508079051971
phase2w_vs_nofeat	561	50	47	47	0	94.0	94.0	0.002500830916687846	0.040385570377111435
phase2w_vs_nofeat	205	50	39	39	0	78.0	78.0	0.0025395620614290237	0.021986035630106926
phase2w_vs_nofeat	962	50	37	37	0	74.0	74.0	0.0026096829678863287	0.043911438435316086
phase2w_vs_nofeat	343	50	48	48	0	96.0	96.0	0.002612298121675849	-0.00843987986445427
phase2w_vs_nofeat	718	50	34	34	0	68.0	68.0	0.002627694047987461	0.10024619847536087
phase2w_vs_nofeat	462	50	37	37	0	74.0	74.0	0.0026881517842411995	-0.009011592715978622
phase2w_vs_nofeat	695	50	38	38	0	76.0	76.0	0.0026969604659825563	0.010123786516487598
phase2w_vs_nofeat	503	50	31	31	0	62.0	62.0	0.002705513732507825	-0.04689238592982292
phase2w_vs_nofeat	383	50	32	32	0	64.0	64.0	0.002737525152042508	-0.011937971226871014
phase2w_vs_nofeat	450	50	48	48	0	96.0	96.0	0.0027586636133491993	0.032647665590047836
phase2w_vs_nofeat	300	50	48	48	0	96.0	96.0	0.0027642392087727785	0.025198422372341156
phase2w_vs_nofeat	575	50	42	42	0	84.0	84.0	0.0027667591348290443	0.013768644072115421
phase2w_vs_nofeat	305	50	44	44	0	88.0	88.0	0.0028221593238413334	0.039285317063331604
phase2w_vs_nofeat	879	50	38	38	0	76.0	76.0	0.00287313642911613	0.021970253437757492
phase2w_vs_nofeat	378	50	45	45	0	90.0	90.0	0.0028756982646882534	-0.002579116728156805
phase2w_vs_nofeat	811	50	33	33	0	66.0	66.0	0.0029230450745671988	0.006138286553323269
phase2w_vs_nofeat	127	50	46	46	0	92.0	92.0	0.002950193826109171	0.003964414820075035
phase2w_vs_nofeat	679	50	49	49	0	98.0	98.0	0.002950252266600728	0.02812499925494194
phase2w_vs_nofeat	361	50	48	48	0	96.0	96.0	0.003000960685312748	0.021690664812922478
phase2w_vs_nofeat	849	50	42	42	0	84.0	84.0	0.003033967223018408	-0.036963462829589844
phase2w_vs_nofeat	339	50	49	49	0	98.0	98.0	0.0030500066932290792	0.0060526179149746895
phase2w_vs_nofeat	7	50	38	38	0	76.0	76.0	0.003050565952435136	0.041875001043081284
phase2w_vs_nofeat	838	50	26	26	0	52.0	52.0	0.003113518003374338	-0.04589647427201271
phase2w_vs_nofeat	184	50	38	38	0	76.0	76.0	0.0031303921714425087	0.04292555898427963
phase2w_vs_nofeat	277	50	34	34	0	68.0	68.0	0.003146157832816243	-0.01718750037252903
phase2w_vs_nofeat	724	50	42	42	0	84.0	84.0	0.0032609093468636274	-0.005145607050508261
phase2w_vs_nofeat	597	50	37	37	0	74.0	74.0	0.0032752298284322023	0.03258697688579559
phase2w_vs_nofeat	40	50	33	33	0	66.0	66.0	0.0032934134360402822	0.01320306770503521
phase2w_vs_nofeat	357	50	47	47	0	94.0	94.0	0.00329646747559309	0.0010002136696130037
phase2w_vs_nofeat	590	50	27	27	0	54.0	54.0	0.003315264591947198	0.026390885934233665
phase2w_vs_nofeat	294	50	47	47	0	94.0	94.0	0.003355775261297822	0.02278045564889908
phase2w_vs_nofeat	263	50	48	48	0	96.0	96.0	0.003375403583049774	0.06248001009225845
phase2w_vs_nofeat	27	50	37	37	0	74.0	74.0	0.0033941001165658236	0.006521882954984903
phase2w_vs_nofeat	963	50	43	43	0	86.0	86.0	0.0034590596333146095	-0.0031505394726991653
phase2w_vs_nofeat	933	50	48	48	0	96.0	96.0	0.0034690177999436855	0.014715500175952911
phase2w_vs_nofeat	973	50	38	38	0	76.0	76.0	0.0035010473802685738	0.01333632506430149
phase2w_vs_nofeat	814	50	49	49	0	98.0	98.0	0.0035577567759901285	0.045106902718544006
phase2w_vs_nofeat	902	50	42	42	0	84.0	84.0	0.0036396014038473368	-0.01851641573011875
phase2w_vs_nofeat	716	50	45	45	0	90.0	90.0	0.003640705719590187	0.042850665748119354
phase2w_vs_nofeat	216	50	48	48	0	96.0	96.0	0.0036407557781785727	-0.0024271393194794655
phase2w_vs_nofeat	355	50	48	48	0	96.0	96.0	0.0036844622809439898	0.013726720586419106
phase2w_vs_nofeat	348	50	34	34	0	68.0	68.0	0.003699381835758686	-0.005551938898861408
phase2w_vs_nofeat	420	50	49	49	0	98.0	98.0	0.0037789884954690933	-0.015460576862096786
phase2w_vs_nofeat	773	50	34	34	0	68.0	68.0	0.003807209199294448	0.009459313936531544
phase2w_vs_nofeat	255	50	50	50	0	100.0	100.0	0.003818799275904894	0.03930310159921646
phase2w_vs_nofeat	442	50	37	37	0	74.0	74.0	0.003822264028713107	-0.02178383804857731
phase2w_vs_nofeat	573	50	50	50	0	100.0	100.0	0.0038614345248788595	0.005520658567547798
phase2w_vs_nofeat	485	50	35	35	0	70.0	70.0	0.0038774320855736732	-0.022281350567936897
phase2w_vs_nofeat	611	50	48	48	0	96.0	96.0	0.003939230926334858	0.04924730211496353
phase2w_vs_nofeat	880	50	46	46	0	92.0	92.0	0.003960757050663233	0.05836866423487663
phase2w_vs_nofeat	521	50	44	44	0	88.0	88.0	0.003974286839365959	-0.009709281846880913
phase2w_vs_nofeat	581	50	41	41	0	82.0	82.0	0.003975913394242525	-0.021905679255723953
phase2w_vs_nofeat	613	50	47	47	0	94.0	94.0	0.0039927600882947445	0.04035273566842079
phase2w_vs_nofeat	100	50	49	49	0	98.0	98.0	0.003999482840299606	0.04609375074505806
phase2w_vs_nofeat	987	50	20	20	0	40.0	40.0	0.004037884064018726	-0.03431088477373123
phase2w_vs_nofeat	183	50	46	46	0	92.0	92.0	0.004039735998958349	0.006914034020155668
phase2w_vs_nofeat	884	50	40	40	0	80.0	80.0	0.004065015818923712	0.010042095556855202
phase2w_vs_nofeat	752	50	42	42	0	84.0	84.0	0.004073860123753548	0.05955718085169792
phase2w_vs_nofeat	568	50	44	44	0	88.0	88.0	0.004074573516845703	0.02040216512978077
phase2w_vs_nofeat	497	50	36	36	0	72.0	72.0	0.004089128691703081	0.0229937843978405
phase2w_vs_nofeat	683	50	35	35	0	70.0	70.0	0.004105194937437773	0.04862269386649132
phase2w_vs_nofeat	419	50	43	43	0	86.0	86.0	0.004169987514615059	0.06892497837543488
phase2w_vs_nofeat	141	50	46	46	0	92.0	92.0	0.004180095624178648	0.059730272740125656
phase2w_vs_nofeat	801	50	46	46	0	92.0	92.0	0.004187080543488264	-0.015605983324348927
phase2w_vs_nofeat	84	50	48	48	0	96.0	96.0	0.004241856746375561	0.04805699363350868
phase2w_vs_nofeat	354	50	48	48	0	96.0	96.0	0.004279423039406538	0.007207078859210014
phase2w_vs_nofeat	534	50	32	32	0	64.0	64.0	0.004301238805055618	0.005792532116174698
phase2w_vs_nofeat	261	50	48	48	0	96.0	96.0	0.004375181160867214	0.04213300719857216
phase2w_vs_nofeat	934	50	46	46	0	92.0	92.0	0.004500783514231443	0.04368528351187706
phase2w_vs_nofeat	697	50	36	36	0	72.0	72.0	0.004534253850579262	0.005180254112929106
phase2w_vs_nofeat	382	50	42	42	0	84.0	84.0	0.004549070727080107	0.03187501057982445
phase2w_vs_nofeat	835	50	42	42	0	84.0	84.0	0.004599158186465502	-0.05621018260717392
phase2w_vs_nofeat	704	50	45	45	0	90.0	90.0	0.004663684405386448	0.041491612792015076
phase2w_vs_nofeat	346	50	45	45	0	90.0	90.0	0.004696880467236042	-0.020681971684098244
phase2w_vs_nofeat	759	50	42	42	0	84.0	84.0	0.004734167829155922	0.006772107910364866
phase2w_vs_nofeat	617	50	42	42	0	84.0	84.0	0.004740934353321791	0.04179662838578224
phase2w_vs_nofeat	525	50	40	40	0	80.0	80.0	0.004763316363096237	0.022923918440937996
phase2w_vs_nofeat	358	50	30	30	0	60.0	60.0	0.004794205538928509	-0.01567787118256092
phase2w_vs_nofeat	651	50	34	34	0	68.0	68.0	0.004804132040590048	0.010964231565594673
phase2w_vs_nofeat	837	50	19	19	0	38.0	38.0	0.004851286765187979	0.00033766747219488025
phase2w_vs_nofeat	144	50	48	48	0	96.0	96.0	0.004918497987091541	-0.027821436524391174
phase2w_vs_nofeat	530	50	33	33	0	66.0	66.0	0.005013803020119667	0.003072071122005582
phase2w_vs_nofeat	392	50	49	49	0	98.0	98.0	0.00516934460029006	0.012612628750503063
phase2w_vs_nofeat	162	50	43	43	0	86.0	86.0	0.005242079496383667	0.028169307857751846
phase2w_vs_nofeat	592	50	44	44	0	88.0	88.0	0.0053406055085361	0.05899648740887642
phase2w_vs_nofeat	203	50	47	47	0	94.0	94.0	0.005362642928957939	0.04790699854493141
phase2w_vs_nofeat	803	50	49	49	0	98.0	98.0	0.005420133471488953	0.04751132056117058
phase2w_vs_nofeat	725	50	28	28	0	56.0	56.0	0.005511387716978788	-0.00264880177564919
phase2w_vs_nofeat	632	50	31	31	0	62.0	62.0	0.005677342880517244	0.0002352047013118863
phase2w_vs_nofeat	549	50	30	30	0	60.0	60.0	0.005807367153465748	-0.007458467502146959
phase2w_vs_nofeat	449	50	47	47	0	94.0	94.0	0.006049077492207289	0.017649488523602486
phase2w_vs_nofeat	591	50	40	40	0	80.0	80.0	0.006078615318983793	0.001597337774001062
phase2w_vs_nofeat	908	50	33	33	0	66.0	66.0	0.006181851029396057	0.02391362190246582
phase2w_vs_nofeat	583	50	46	46	0	92.0	92.0	0.006197507958859205	-0.022624816745519638
phase2w_vs_nofeat	866	50	46	46	0	92.0	92.0	0.006217841058969498	0.03749527037143707
phase2w_vs_nofeat	668	50	48	48	0	96.0	96.0	0.006350464653223753	0.03742676600813866
phase2w_vs_nofeat	215	50	49	49	0	98.0	98.0	0.00641161622479558	0.054075270891189575
phase2w_vs_nofeat	531	50	31	31	0	62.0	62.0	0.006450876127928495	0.05889566242694855
phase2w_vs_nofeat	569	50	48	48	0	96.0	96.0	0.006500301416963339	0.04053083434700966
phase2w_vs_nofeat	360	50	41	41	0	82.0	82.0	0.00655613886192441	0.01727106049656868
phase2w_vs_nofeat	151	50	34	34	0	68.0	68.0	0.006700956728309393	0.019597291946411133
phase2w_vs_nofeat	997	50	39	39	0	78.0	78.0	0.006741412915289402	0.01933615654706955
phase2w_vs_nofeat	73	50	24	24	0	48.0	48.0	0.006852986756712198	-0.005604686681181192
phase2w_vs_nofeat	155	50	37	37	0	74.0	74.0	0.007338711991906166	0.006991252768784761
phase2w_vs_nofeat	298	50	39	39	0	78.0	78.0	0.007375767454504967	0.024995794519782066
phase2w_vs_nofeat	159	50	41	41	0	82.0	82.0	0.007447254844009876	-0.01648811250925064
phase2w_vs_nofeat	797	50	35	35	0	70.0	70.0	0.0074782343581318855	0.11980070173740387
phase2w_vs_nofeat	980	50	44	44	0	88.0	88.0	0.007552440278232098	0.0390283577144146
phase2w_vs_nofeat	621	50	45	45	0	90.0	90.0	0.0076743243262171745	0.08708401024341583
phase2w_vs_nofeat	504	50	30	30	0	60.0	60.0	0.007680649869143963	0.03582712262868881
phase2w_vs_nofeat	802	50	47	47	0	94.0	94.0	0.007981996051967144	0.018240023404359818
phase2w_vs_nofeat	467	50	43	43	0	86.0	86.0	0.008052552118897438	0.029648590832948685
phase2w_vs_nofeat	769	50	41	41	0	82.0	82.0	0.008364183828234673	0.08082777261734009
phase2w_vs_nofeat	816	50	48	48	0	96.0	96.0	0.008663192391395569	0.08620742708444595
phase2w_vs_nofeat	690	50	47	47	0	94.0	94.0	0.00874946266412735	0.02298283576965332
phase2w_vs_nofeat	364	50	50	50	0	100.0	100.0	0.009234015829861164	0.09245585650205612
phase2w_vs_nofeat	315	50	43	43	0	86.0	86.0	0.009657714515924454	0.04294412583112717
phase2w_vs_nofeat	743	50	37	37	0	74.0	74.0	0.009919334203004837	0.019080953672528267
phase2w_vs_nofeat	777	50	43	43	0	86.0	86.0	0.010052364319562912	0.06390027701854706
phase2w_vs_nofeat	684	50	45	45	0	90.0	90.0	0.010478765703737736	0.0873623862862587
phase2w_vs_nofeat	208	50	43	44	1	86.0	88.0	-0.009955231100320816	-0.024257173761725426
phase2w_vs_nofeat	889	50	38	39	1	76.0	78.0	-0.00892846379429102	-0.02363266982138157
phase2w_vs_nofeat	555	50	44	45	1	88.0	90.0	-0.007770359516143799	-0.03220450505614281
phase2w_vs_nofeat	859	50	35	36	1	70.0	72.0	-0.0075873881578445435	-0.07279365509748459
phase2w_vs_nofeat	826	50	33	34	1	66.0	68.0	-0.007441457360982895	-0.05570622533559799
phase2w_vs_nofeat	421	50	41	42	1	82.0	84.0	-0.006747424602508545	-0.03314938396215439
phase2w_vs_nofeat	636	50	33	34	1	66.0	68.0	-0.006501391064375639	-0.03340161219239235
phase2w_vs_nofeat	62	50	29	30	1	58.0	60.0	-0.0064649637788534164	-0.014629087410867214
phase2w_vs_nofeat	326	50	48	49	1	96.0	98.0	-0.006429275963455439	-0.057413309812545776
phase2w_vs_nofeat	772	50	34	35	1	68.0	70.0	-0.005770342890173197	-0.02941875532269478
phase2w_vs_nofeat	659	50	41	42	1	82.0	84.0	-0.00501413457095623	-0.041307639330625534
phase2w_vs_nofeat	660	50	35	36	1	70.0	72.0	-0.004423284437507391	-0.0011572933290153742
phase2w_vs_nofeat	3	50	38	39	1	76.0	78.0	-0.004280027933418751	-0.04700293391942978
phase2w_vs_nofeat	433	50	41	42	1	82.0	84.0	-0.0040417625568807125	0.009087648242712021
phase2w_vs_nofeat	618	50	22	23	1	44.0	46.0	-0.003929751925170422	0.04186147823929787
phase2w_vs_nofeat	352	50	44	45	1	88.0	90.0	-0.003759936196729541	0.004042244050651789
phase2w_vs_nofeat	427	50	33	34	1	66.0	68.0	-0.0036332535091787577	-0.005486192647367716
phase2w_vs_nofeat	833	50	42	43	1	84.0	86.0	-0.0033019124530255795	-0.022250967100262642
phase2w_vs_nofeat	374	50	37	38	1	74.0	76.0	-0.003050193889066577	0.004639863967895508
phase2w_vs_nofeat	243	50	42	43	1	84.0	86.0	-0.002932282630354166	-0.04590708762407303
phase2w_vs_nofeat	410	50	45	46	1	90.0	92.0	-0.00286862812936306	-0.01144220307469368
phase2w_vs_nofeat	863	50	47	48	1	94.0	96.0	-0.002765204291790724	-0.023376446217298508
phase2w_vs_nofeat	435	50	27	28	1	54.0	56.0	-0.0026471507735550404	-0.018914727494120598
phase2w_vs_nofeat	299	50	47	48	1	94.0	96.0	-0.0024534964468330145	-0.02199672721326351
phase2w_vs_nofeat	891	50	42	43	1	84.0	86.0	-0.002397227333858609	-0.00977303460240364
phase2w_vs_nofeat	21	50	42	43	1	84.0	86.0	-0.002349739894270897	-0.007511653937399387
phase2w_vs_nofeat	741	50	35	36	1	70.0	72.0	-0.002329390961676836	-0.05602315813302994
phase2w_vs_nofeat	253	50	46	47	1	92.0	94.0	-0.0022685674484819174	-0.023286743089556694
phase2w_vs_nofeat	877	50	43	44	1	86.0	88.0	-0.0021568695083260536	-0.003458318766206503
phase2w_vs_nofeat	198	50	45	46	1	90.0	92.0	-0.0020678071305155754	0.00812068022787571
phase2w_vs_nofeat	702	50	41	42	1	82.0	84.0	-0.001995477359741926	-0.007970113307237625
phase2w_vs_nofeat	953	50	48	49	1	96.0	98.0	-0.0019198381341993809	-0.03500492125749588
phase2w_vs_nofeat	819	50	40	41	1	80.0	82.0	-0.0018904549069702625	-0.03283507376909256
phase2w_vs_nofeat	393	50	47	48	1	94.0	96.0	-0.0018311792518943548	-0.028203438967466354
phase2w_vs_nofeat	606	50	46	47	1	92.0	94.0	-0.001681397552601993	-0.012966995127499104
phase2w_vs_nofeat	279	50	49	50	1	98.0	100.0	-0.00167109165340662	0.011491022072732449
phase2w_vs_nofeat	404	50	47	48	1	94.0	96.0	-0.0016187051078304648	-0.01567046158015728
phase2w_vs_nofeat	1	50	47	48	1	94.0	96.0	-0.0014547163154929876	0.03419957309961319
phase2w_vs_nofeat	146	50	49	50	1	98.0	100.0	-0.00141707097645849	-0.04261338338255882
phase2w_vs_nofeat	601	50	38	39	1	76.0	78.0	-0.0013567444402724504	0.008598756976425648
phase2w_vs_nofeat	830	50	32	33	1	64.0	66.0	-0.001356164924800396	-0.03822667896747589
phase2w_vs_nofeat	368	50	40	41	1	80.0	82.0	-0.001225829473696649	0.0002008724259212613
phase2w_vs_nofeat	160	50	49	50	1	98.0	100.0	-0.0011789235286414623	-0.015291185118258
phase2w_vs_nofeat	828	50	32	33	1	64.0	66.0	-0.0011337880278006196	0.016704119741916656
phase2w_vs_nofeat	723	50	46	47	1	92.0	94.0	-0.0011142543517053127	-0.04066835343837738
phase2w_vs_nofeat	182	50	46	47	1	92.0	94.0	-0.0010128134163096547	0.0011557579273357987
phase2w_vs_nofeat	311	50	34	35	1	68.0	70.0	-0.0008924147696234286	-0.01192258857190609
phase2w_vs_nofeat	129	50	49	50	1	98.0	100.0	-0.0008796608308330178	-0.027930784970521927
phase2w_vs_nofeat	266	50	29	30	1	58.0	60.0	-0.0008444962440989912	0.023768939077854156
phase2w_vs_nofeat	75	50	44	45	1	88.0	90.0	-0.000730878091417253	-0.04444694519042969
phase2w_vs_nofeat	850	50	43	44	1	86.0	88.0	-0.0007273544324561954	0.03547663614153862
phase2w_vs_nofeat	245	50	44	45	1	88.0	90.0	-0.0006723964470438659	-0.0015062808524817228
phase2w_vs_nofeat	55	50	34	35	1	68.0	70.0	-0.0006371845374815166	-0.035031937062740326
phase2w_vs_nofeat	106	50	40	41	1	80.0	82.0	-0.0006215044995769858	-0.009566068649291992
phase2w_vs_nofeat	921	50	35	36	1	70.0	72.0	-0.0005917809903621674	-0.03808484971523285
phase2w_vs_nofeat	914	50	38	39	1	76.0	78.0	-0.000507995777297765	-0.004898452665656805
phase2w_vs_nofeat	757	50	43	44	1	86.0	88.0	-0.000490524631459266	0.011100292205810547
phase2w_vs_nofeat	638	50	16	17	1	32.0	34.0	-0.0004741504671983421	0.03465607762336731
phase2w_vs_nofeat	63	50	43	44	1	86.0	88.0	-0.00044638291001319885	-0.027685366570949554
phase2w_vs_nofeat	633	50	29	30	1	58.0	60.0	-0.0004208420286886394	0.011252040974795818
phase2w_vs_nofeat	956	50	48	49	1	96.0	98.0	-0.00041165522998198867	-0.035881686955690384
phase2w_vs_nofeat	910	50	38	39	1	76.0	78.0	-0.00039226681110449135	-0.005055074580013752
phase2w_vs_nofeat	461	50	26	27	1	52.0	54.0	-0.00034949963446706533	0.023062363266944885
phase2w_vs_nofeat	189	50	41	42	1	82.0	84.0	-0.0002504904696252197	-0.031227417290210724
phase2w_vs_nofeat	226	50	30	31	1	60.0	62.0	-0.00015878018166404217	-0.034999169409275055
phase2w_vs_nofeat	940	50	46	47	1	92.0	94.0	-6.578725151484832e-05	0.005892820190638304
phase2w_vs_nofeat	468	50	36	37	1	72.0	74.0	1.1792630175477825e-05	0.002980775898322463
phase2w_vs_nofeat	610	50	44	45	1	88.0	90.0	7.408238889183849e-05	-0.026733046397566795
phase2w_vs_nofeat	233	50	40	41	1	80.0	82.0	0.00022897750022821128	3.567695603123866e-05
phase2w_vs_nofeat	125	50	45	46	1	90.0	92.0	0.0003610646817833185	0.036932315677404404
phase2w_vs_nofeat	44	50	37	38	1	74.0	76.0	0.00039468889008276165	0.024542683735489845
phase2w_vs_nofeat	747	50	36	37	1	72.0	74.0	0.000644657586235553	-0.019406909123063087
phase2w_vs_nofeat	225	50	46	47	1	92.0	94.0	0.0006713922484777868	0.00792586337774992
phase2w_vs_nofeat	64	50	32	33	1	64.0	66.0	0.0006869187345728278	-0.026586132124066353
phase2w_vs_nofeat	643	50	34	35	1	68.0	70.0	0.00070161372423172	-0.022741861641407013
phase2w_vs_nofeat	845	50	36	37	1	72.0	74.0	0.0007516512414440513	-0.014012069441378117
phase2w_vs_nofeat	834	50	29	30	1	58.0	60.0	0.0007815054268576205	0.00529260141775012
phase2w_vs_nofeat	782	50	8	9	1	16.0	18.0	0.0008058671373873949	0.007465782109647989
phase2w_vs_nofeat	729	50	31	32	1	62.0	64.0	0.0008704870124347508	0.012968845665454865
phase2w_vs_nofeat	582	50	33	34	1	66.0	68.0	0.0008760198834352195	0.017634067684412003
phase2w_vs_nofeat	322	50	46	47	1	92.0	94.0	0.0009170703706331551	-0.0274504367262125
phase2w_vs_nofeat	262	50	48	49	1	96.0	98.0	0.0009932101238518953	-0.00030239103944040835
phase2w_vs_nofeat	912	50	37	38	1	74.0	76.0	0.0012265908299013972	0.05674714595079422
phase2w_vs_nofeat	422	50	31	32	1	62.0	64.0	0.0012500920565798879	0.0013013648567721248
phase2w_vs_nofeat	68	50	14	15	1	28.0	30.0	0.0012750071473419666	0.027270374819636345
phase2w_vs_nofeat	965	50	42	43	1	84.0	86.0	0.0012842192081734538	0.005673265550285578
phase2w_vs_nofeat	14	50	48	49	1	96.0	98.0	0.0013019064208492637	0.018181057646870613
phase2w_vs_nofeat	399	50	43	44	1	86.0	88.0	0.0013332797680050135	-0.030445193871855736
phase2w_vs_nofeat	598	50	38	39	1	76.0	78.0	0.0014003489632159472	-0.0023613166995346546
phase2w_vs_nofeat	658	50	35	36	1	70.0	72.0	0.001409926451742649	0.04393390566110611
phase2w_vs_nofeat	893	50	36	37	1	72.0	74.0	0.0015025228494778275	-0.02332027442753315
phase2w_vs_nofeat	284	50	47	48	1	94.0	96.0	0.0015465626493096352	-0.014235753566026688
phase2w_vs_nofeat	586	50	44	45	1	88.0	90.0	0.0016320506110787392	-0.0024869346525520086
phase2w_vs_nofeat	846	50	29	30	1	58.0	60.0	0.001644954434596002	0.022647114470601082
phase2w_vs_nofeat	222	50	36	37	1	72.0	74.0	0.0016456948360428214	0.024178609251976013
phase2w_vs_nofeat	915	50	48	49	1	96.0	98.0	0.0017116022063419223	0.007564706727862358
phase2w_vs_nofeat	844	50	36	37	1	72.0	74.0	0.0017429179279133677	-0.025091877207159996
phase2w_vs_nofeat	630	50	46	47	1	92.0	94.0	0.001830619410611689	0.001979503547772765
phase2w_vs_nofeat	366	50	42	43	1	84.0	86.0	0.001843515783548355	0.005511426832526922
phase2w_vs_nofeat	860	50	22	23	1	44.0	46.0	0.001872162683866918	0.024153605103492737
phase2w_vs_nofeat	696	50	41	42	1	82.0	84.0	0.0018780966056510806	0.00900240894407034
phase2w_vs_nofeat	958	50	46	47	1	92.0	94.0	0.0019587604328989983	0.01013933215290308
phase2w_vs_nofeat	108	50	33	34	1	66.0	68.0	0.00199660356156528	-0.014478550292551517
phase2w_vs_nofeat	415	50	25	26	1	50.0	52.0	0.0020023726392537355	0.017869586125016212
phase2w_vs_nofeat	204	50	35	36	1	70.0	72.0	0.0020216740667819977	0.0016503524966537952
phase2w_vs_nofeat	979	50	41	42	1	82.0	84.0	0.0020323044154793024	0.014881353825330734
phase2w_vs_nofeat	796	50	40	41	1	80.0	82.0	0.0020473869517445564	0.02900044433772564
phase2w_vs_nofeat	458	50	47	48	1	94.0	96.0	0.0021148540545254946	0.0024026299361139536
phase2w_vs_nofeat	188	50	42	43	1	84.0	86.0	0.0021754642948508263	0.035971011966466904
phase2w_vs_nofeat	579	50	37	38	1	74.0	76.0	0.0023102317936718464	0.0026357746683061123
phase2w_vs_nofeat	673	50	22	23	1	44.0	46.0	0.00234688026830554	-0.006574726197868586
phase2w_vs_nofeat	269	50	40	41	1	80.0	82.0	0.002349909394979477	-0.02716957964003086
phase2w_vs_nofeat	103	50	39	40	1	78.0	80.0	0.002401659032329917	-0.023671474307775497
phase2w_vs_nofeat	297	50	37	38	1	74.0	76.0	0.002430843422189355	0.0026607131585478783
phase2w_vs_nofeat	570	50	46	47	1	92.0	94.0	0.0024903572630137205	-0.002523717936128378
phase2w_vs_nofeat	546	50	39	40	1	78.0	80.0	0.00252467580139637	0.01971200853586197
phase2w_vs_nofeat	507	50	41	42	1	82.0	84.0	0.0026176804676651955	0.013195238076150417
phase2w_vs_nofeat	308	50	43	44	1	86.0	88.0	0.00264953076839447	0.029451923444867134
phase2w_vs_nofeat	670	50	43	44	1	86.0	88.0	0.0026793540455400944	0.025473671033978462
phase2w_vs_nofeat	38	50	45	46	1	90.0	92.0	0.0028501416090875864	0.00915948860347271
phase2w_vs_nofeat	745	50	36	37	1	72.0	74.0	0.002902188804000616	-0.020469646900892258
phase2w_vs_nofeat	793	50	41	42	1	82.0	84.0	0.003032158827409148	0.04776696115732193
phase2w_vs_nofeat	593	50	42	43	1	84.0	86.0	0.0030450057238340378	-0.036939553916454315
phase2w_vs_nofeat	394	50	44	45	1	88.0	90.0	0.003093424951657653	-0.03241763263940811
phase2w_vs_nofeat	517	50	41	42	1	82.0	84.0	0.0031182365491986275	-0.020582236349582672
phase2w_vs_nofeat	235	50	40	41	1	80.0	82.0	0.0031279411632567644	-0.01640523038804531
phase2w_vs_nofeat	457	50	40	41	1	80.0	82.0	0.0031634944025427103	-0.01321487408131361
phase2w_vs_nofeat	121	50	43	44	1	86.0	88.0	0.003325820667669177	0.03954699635505676
phase2w_vs_nofeat	694	50	47	48	1	94.0	96.0	0.0033941303845494986	0.04621230065822601
phase2w_vs_nofeat	765	50	38	39	1	76.0	78.0	0.0034104252699762583	-0.003182468470185995
phase2w_vs_nofeat	917	50	42	43	1	84.0	86.0	0.003453462617471814	0.023669114336371422
phase2w_vs_nofeat	968	50	25	26	1	50.0	52.0	0.0034752048086375	0.0025531291030347347
phase2w_vs_nofeat	612	50	46	47	1	92.0	94.0	0.0035535083152353764	0.06505927443504333
phase2w_vs_nofeat	443	50	36	37	1	72.0	74.0	0.0038295984268188477	-0.042973536998033524
phase2w_vs_nofeat	217	50	46	47	1	92.0	94.0	0.00394656416028738	0.02088703215122223
phase2w_vs_nofeat	175	50	35	36	1	70.0	72.0	0.004009953234344721	-0.05804647505283356
phase2w_vs_nofeat	999	50	25	26	1	50.0	52.0	0.00402044365182519	0.036275263875722885
phase2w_vs_nofeat	336	50	47	48	1	94.0	96.0	0.004115213640034199	0.0329747311770916
phase2w_vs_nofeat	689	50	16	17	1	32.0	34.0	0.004368435125797987	0.011706934310495853
phase2w_vs_nofeat	453	50	37	38	1	74.0	76.0	0.00437662610784173	0.0011470317840576172
phase2w_vs_nofeat	929	50	41	42	1	82.0	84.0	0.004492498468607664	-0.04113118350505829
phase2w_vs_nofeat	408	50	37	38	1	74.0	76.0	0.004606595728546381	0.05064283311367035
phase2w_vs_nofeat	871	50	41	42	1	82.0	84.0	0.004706785082817078	0.024785270914435387
phase2w_vs_nofeat	654	50	40	41	1	80.0	82.0	0.004810180980712175	0.05502289906144142
phase2w_vs_nofeat	214	50	45	46	1	90.0	92.0	0.0049264137633144855	-0.004962120205163956
phase2w_vs_nofeat	407	50	47	48	1	94.0	96.0	0.005028971470892429	0.08597176522016525
phase2w_vs_nofeat	748	50	28	29	1	56.0	58.0	0.005072876811027527	0.03282715007662773
phase2w_vs_nofeat	149	50	44	45	1	88.0	90.0	0.005138753447681665	0.005963659379631281
phase2w_vs_nofeat	976	50	29	30	1	58.0	60.0	0.005183664616197348	0.019118614494800568
phase2w_vs_nofeat	428	50	41	42	1	82.0	84.0	0.005542175378650427	0.030715160071849823
phase2w_vs_nofeat	977	50	31	32	1	62.0	64.0	0.005563197657465935	-0.018701773136854172
phase2w_vs_nofeat	337	50	40	41	1	80.0	82.0	0.005600449629127979	0.01511791255325079
phase2w_vs_nofeat	970	50	29	30	1	58.0	60.0	0.005736370570957661	-0.0038976669311523438
phase2w_vs_nofeat	774	50	40	41	1	80.0	82.0	0.005880492273718119	0.04718293249607086
phase2w_vs_nofeat	264	50	35	36	1	70.0	72.0	0.006216775625944138	0.01680559106171131
phase2w_vs_nofeat	281	50	37	38	1	74.0	76.0	0.006326098460704088	0.05374257266521454
phase2w_vs_nofeat	168	50	44	45	1	88.0	90.0	0.006356160622090101	0.036058779805898666
phase2w_vs_nofeat	464	50	33	34	1	66.0	68.0	0.006356357131153345	-0.043178264051675797
phase2w_vs_nofeat	397	50	45	46	1	90.0	92.0	0.006400601472705603	0.06176919862627983
phase2w_vs_nofeat	58	50	42	43	1	84.0	86.0	0.006494615226984024	0.02887103147804737
phase2w_vs_nofeat	256	50	45	46	1	90.0	92.0	0.006812330335378647	0.027377653867006302
phase2w_vs_nofeat	2	50	41	42	1	82.0	84.0	0.006908898241817951	0.0004248619079589844
phase2w_vs_nofeat	260	50	44	45	1	88.0	90.0	0.007119428366422653	-0.005666217766702175
phase2w_vs_nofeat	86	50	43	44	1	86.0	88.0	0.00748814083635807	0.027752839028835297
phase2w_vs_nofeat	341	50	30	31	1	60.0	62.0	0.007648416794836521	0.028320398181676865
phase2w_vs_nofeat	515	50	36	37	1	72.0	74.0	0.008067254908382893	0.010758514516055584
phase2w_vs_nofeat	781	50	45	46	1	90.0	92.0	0.008264021016657352	-0.007470941636711359
phase2w_vs_nofeat	167	50	19	20	1	38.0	40.0	0.008413356728851795	0.019476022571325302
phase2w_vs_nofeat	327	50	44	45	1	88.0	90.0	0.008549587801098824	0.020283393561840057
phase2w_vs_nofeat	738	50	42	43	1	84.0	86.0	0.009823450818657875	0.015424013137817383
phase2w_vs_nofeat	313	50	39	40	1	78.0	80.0	0.010733703151345253	0.024030819535255432
phase2w_vs_nofeat	905	50	36	37	1	72.0	74.0	0.011034542694687843	0.0018443965818732977
phase2w_vs_nofeat	655	50	40	41	1	80.0	82.0	0.011513013392686844	0.05329912155866623
phase2w_vs_nofeat	843	50	45	46	1	90.0	92.0	0.012970740906894207	0.05198002979159355
phase2w_vs_nofeat	864	50	37	38	1	74.0	76.0	0.013163277879357338	0.0661260187625885
phase2w_vs_nofeat	931	50	35	36	1	70.0	72.0	0.013794910162687302	0.07311605662107468
phase2w_vs_nofeat	494	50	37	39	2	74.0	78.0	-0.007084038108587265	-0.025696564465761185
phase2w_vs_nofeat	715	50	39	41	2	78.0	82.0	-0.0038196260575205088	-0.020277656614780426
phase2w_vs_nofeat	101	50	35	37	2	70.0	74.0	-0.002971222158521414	-0.035822879523038864
phase2w_vs_nofeat	799	50	24	26	2	48.0	52.0	-0.0018409538315609097	-0.018204832449555397
phase2w_vs_nofeat	810	50	18	20	2	36.0	40.0	-0.0017417216440662742	0.004351215437054634
phase2w_vs_nofeat	856	50	30	32	2	60.0	64.0	-0.0015656650066375732	0.013990269042551517
phase2w_vs_nofeat	784	50	20	22	2	40.0	44.0	-0.0013455813750624657	0.020109063014388084
phase2w_vs_nofeat	272	50	30	32	2	60.0	64.0	0.00022499030455946922	-0.051471784710884094
phase2w_vs_nofeat	211	50	43	45	2	86.0	90.0	0.00023731663532089442	0.005659370217472315
phase2w_vs_nofeat	400	50	20	22	2	40.0	44.0	0.000648048531729728	-0.004331579431891441
phase2w_vs_nofeat	580	50	44	46	2	88.0	92.0	0.0006791461491957307	0.02617587149143219
phase2w_vs_nofeat	32	50	23	25	2	46.0	50.0	0.0014297995949164033	-0.0386015810072422
phase2w_vs_nofeat	551	50	42	44	2	84.0	88.0	0.002389627043157816	0.0002675056457519531
phase2w_vs_nofeat	709	50	41	43	2	82.0	86.0	0.002459999406710267	0.010537280701100826
phase2w_vs_nofeat	925	50	31	33	2	62.0	66.0	0.002886776579543948	-0.04342443495988846
phase2w_vs_nofeat	158	50	29	31	2	58.0	62.0	0.003424355760216713	0.011721649207174778
phase2w_vs_nofeat	423	50	33	35	2	66.0	70.0	0.0034790909849107265	0.018679438158869743
phase2w_vs_nofeat	876	50	16	18	2	32.0	36.0	0.003993734251707792	0.018128614872694016
phase2w_vs_nofeat	74	50	28	30	2	56.0	60.0	0.0041428059339523315	-0.011817865073680878
phase2w_vs_nofeat	903	50	44	46	2	88.0	92.0	0.004227960482239723	0.02314523607492447
phase2w_vs_nofeat	249	50	40	42	2	80.0	84.0	0.005189675837755203	0.03201158344745636
phase2w_vs_nofeat	623	50	16	18	2	32.0	36.0	0.005315164104104042	0.04283898323774338
phase2w_vs_nofeat	656	50	27	29	2	54.0	58.0	0.006187050137668848	0.02746731787919998
phase2w_vs_nofeat	609	50	37	39	2	74.0	78.0	0.007927137427031994	0.018028058111667633
phase2w_vs_nofeat	489	50	39	41	2	78.0	82.0	0.009427768178284168	0.02204728126525879
phase2w_vs_nofeat	717	50	34	36	2	68.0	72.0	0.010048986412584782	0.036813680082559586
phase2w_vs_nofeat	218	50	44	46	2	88.0	92.0	0.011160185560584068	0.0680394172668457
phase2w_vs_nofeat	848	50	21	24	3	42.0	48.0	-0.008459058590233326	-0.017851801589131355
phase2w_vs_nofeat	413	50	25	28	3	50.0	56.0	-0.005444863811135292	-0.03845582902431488
phase2w_vs_nofeat	349	50	35	38	3	70.0	76.0	-0.0009486275957897305	-0.017807865515351295
phase2w_vs_nofeat	206	50	43	46	3	86.0	92.0	0.00045400395174510777	0.006614341866225004
phase2w_vs_nofeat	150	50	44	47	3	88.0	94.0	0.0007362213218584657	0.025736313313245773
phase2w_vs_nofeat	278	50	34	37	3	68.0	74.0	0.0028807097114622593	-0.013585672713816166
phase2w_vs_nofeat	492	50	42	45	3	84.0	90.0	0.004950425587594509	0.07493956387042999
phase2w_vs_nofeat	764	50	29	32	3	58.0	64.0	0.006089359521865845	0.011167326010763645
phase2w_vs_nofeat	681	50	10	14	4	20.0	28.0	0.003966411575675011	-0.029094399884343147
