pair	sample_index	target	direction	ref_pred	cmp_pred	ref_conf	cmp_conf	ref_true_prob	cmp_true_prob	true_prob_delta	ref_margin	cmp_margin
phase2w_vs_phase2s	16175	213	improved	219	213	0.3728739023208618	0.5456739068031311	0.25736334919929504	0.5456739068031311	0.28831055760383606	0.37075138092041016	1.1604986190795898
phase2w_vs_phase2s	4516	44	improved	41	44	0.47511231899261475	0.47435715794563293	0.2206166535615921	0.47435715794563293	0.25374048948287964	0.7671246528625488	0.7016253471374512
phase2w_vs_phase2s	31230	602	improved	678	602	0.486097514629364	0.40944990515708923	0.1680213212966919	0.40944990515708923	0.24142858386039734	1.0623183250427246	0.4376816749572754
phase2w_vs_phase2s	24515	390	regressed	390	391	0.502493679523468	0.43456462025642395	0.502493679523468	0.2910720109939575	-0.2114216685295105	0.5054759979248047	0.4007740020751953
phase2w_vs_phase2s	41231	99	improved	127	99	0.5474395155906677	0.4335193336009979	0.22811809182167053	0.4335193336009979	0.2054012417793274	0.8753886222839355	0.31211185455322266
phase2w_vs_phase2s	36164	633	improved	643	633	0.3175066411495209	0.4918457269668579	0.29266098141670227	0.4918457269668579	0.19918474555015564	0.08148384094238281	1.0435161590576172
phase2w_vs_phase2s	3422	792	improved	734	792	0.32585158944129944	0.465044230222702	0.2666349411010742	0.465044230222702	0.1984092891216278	0.2005615234375	0.7681884765625
phase2w_vs_phase2s	39642	765	improved	559	765	0.4339633584022522	0.5569331049919128	0.3608499765396118	0.5569331049919128	0.19608312845230103	0.18449783325195312	0.5967516899108887
phase2w_vs_phase2s	5512	125	regressed	125	124	0.5943454504013062	0.4837287366390228	0.5943454504013062	0.3998592793941498	-0.19448617100715637	0.7470884323120117	0.19041156768798828
phase2w_vs_phase2s	6951	749	regressed	749	512	0.34395846724510193	0.5358604192733765	0.34395846724510193	0.14997221529483795	-0.19398625195026398	0.2578268051147461	1.273423671722412
phase2w_vs_phase2s	39552	389	regressed	389	391	0.5396261811256409	0.4313228726387024	0.5396261811256409	0.3481754660606384	-0.19145071506500244	0.6920995712280273	0.21415042877197266
phase2w_vs_phase2s	48622	338	improved	180	338	0.2822687029838562	0.32428810000419617	0.13299953937530518	0.32428810000419617	0.191288560628891	0.7525138854980469	0.5912361145019531
phase2w_vs_phase2s	42975	824	regressed	824	474	0.41826894879341125	0.2996949851512909	0.41826894879341125	0.22864383459091187	-0.1896251142024994	0.8167190551757812	0.2705998420715332
phase2w_vs_phase2s	9015	211	improved	173	211	0.431438684463501	0.5663636922836304	0.38038527965545654	0.5663636922836304	0.18597841262817383	0.12594079971313477	0.7178096771240234
phase2w_vs_phase2s	25596	173	improved	171	173	0.44338250160217285	0.42443913221359253	0.2386782020330429	0.42443913221359253	0.18576093018054962	0.619316577911377	0.693183422088623
phase2w_vs_phase2s	8613	455	improved	723	455	0.3566940426826477	0.5282599329948425	0.34477558732032776	0.5282599329948425	0.18348434567451477	0.03398466110229492	0.8097658157348633
phase2w_vs_phase2s	35422	367	regressed	367	369	0.45504406094551086	0.45158982276916504	0.45504406094551086	0.2715759575366974	-0.18346810340881348	0.4602174758911133	0.5085325241088867
phase2w_vs_phase2s	45379	593	improved	650	593	0.37930357456207275	0.4605271518230438	0.27788910269737244	0.4605271518230438	0.1826380491256714	0.3111147880554199	0.5013852119445801
phase2w_vs_phase2s	5010	228	regressed	228	202	0.37909945845603943	0.5019517540931702	0.37909945845603943	0.19985836744308472	-0.1792410910129547	0.07910490036010742	0.9208950996398926
phase2w_vs_phase2s	43546	784	regressed	784	600	0.30569320917129517	0.19173234701156616	0.30569320917129517	0.12900979816913605	-0.17668341100215912	1.041287899017334	0.396212100982666
phase2w_vs_phase2s	40158	949	improved	934	949	0.34335699677467346	0.47813472151756287	0.3021486699581146	0.47813472151756287	0.17598605155944824	0.1278514862060547	0.9346485137939453
phase2w_vs_phase2s	49891	3	improved	2	3	0.5518686771392822	0.5091148018836975	0.33324959874153137	0.5091148018836975	0.17586520314216614	0.5044183731079102	0.24558162689208984
phase2w_vs_phase2s	9507	61	regressed	61	59	0.47991660237312317	0.312368243932724	0.47991660237312317	0.30517005920410156	-0.1747465431690216	1.1016864776611328	0.023313522338867188
phase2w_vs_phase2s	46065	762	regressed	762	457	0.4201631546020508	0.44833213090896606	0.4201631546020508	0.24634668231010437	-0.1738164722919464	0.5574545860290527	0.5987944602966309
phase2w_vs_phase2s	34356	17	regressed	17	14	0.4738464057445526	0.422343909740448	0.4738464057445526	0.30870211124420166	-0.16514429450035095	0.5303068161010742	0.3134431838989258
phase2w_vs_phase2s	23052	535	regressed	535	488	0.5584971904754639	0.47768843173980713	0.5584971904754639	0.39338383078575134	-0.16511335968971252	0.7433271408081055	0.19417285919189453
phase2w_vs_phase2s	44292	747	regressed	747	560	0.3212997317314148	0.22316701710224152	0.3212997317314148	0.1570018082857132	-0.1642979234457016	0.7882580757141113	0.35166311264038086
phase2w_vs_phase2s	46238	541	regressed	541	819	0.28982895612716675	0.35451069474220276	0.28982895612716675	0.1255478411912918	-0.16428111493587494	0.08694839477539062	1.0380516052246094
phase2w_vs_phase2s	25492	108	improved	329	108	0.5099875926971436	0.3930160403251648	0.22914572060108185	0.3930160403251648	0.16387031972408295	0.8000283241271973	0.19997215270996094
phase2w_vs_phase2s	46112	489	regressed	489	858	0.4923495352268219	0.5031276345252991	0.4923495352268219	0.3317241668701172	-0.1606253683567047	0.39595985412597656	0.41654014587402344
phase2w_vs_phase2s	45796	361	improved	338	361	0.40884867310523987	0.49977466464042664	0.33970001339912415	0.49977466464042664	0.1600746512413025	0.18528223037719727	0.6897177696228027
phase2w_vs_phase2s	25866	465	improved	597	465	0.4347454309463501	0.5202804803848267	0.3656074106693268	0.5202804803848267	0.15467306971549988	0.1732006072998047	0.7017993927001953
phase2w_vs_phase2s	24545	665	regressed	665	671	0.5073038339614868	0.4233435392379761	0.5073038339614868	0.3532421290874481	-0.1540617048740387	0.4439697265625	0.1810302734375
phase2w_vs_phase2s	41006	845	improved	929	845	0.5334010720252991	0.5151272416114807	0.3619126081466675	0.5151272416114807	0.15321463346481323	0.38787078857421875	0.29962921142578125
phase2w_vs_phase2s	13061	709	improved	529	709	0.43090757727622986	0.4117281138896942	0.259036660194397	0.4117281138896942	0.15269145369529724	0.5089240074157715	0.2723259925842285
phase2w_vs_phase2s	30904	996	regressed	996	944	0.4225749969482422	0.441341370344162	0.4225749969482422	0.2702580690383911	-0.15231692790985107	0.44705867767333984	0.49044132232666016
phase2w_vs_phase2s	13729	64	regressed	64	55	0.45618870854377747	0.3836735486984253	0.45618870854377747	0.3039546608924866	-0.1522340476512909	0.7045865058898926	0.23291349411010742
phase2w_vs_phase2s	43047	206	improved	221	206	0.4319967031478882	0.4827980697154999	0.3311867415904999	0.4827980697154999	0.151611328125	0.2657356262207031	0.5467643737792969
phase2w_vs_phase2s	6645	338	improved	808	338	0.4096260070800781	0.3703467845916748	0.2190897911787033	0.3703467845916748	0.1512569934129715	0.625762939453125	0.655487060546875
phase2w_vs_phase2s	27614	243	improved	242	243	0.4834536910057068	0.4470537602901459	0.2989570200443268	0.4470537602901459	0.1480967402458191	0.4806556701660156	0.3630943298339844
phase2w_vs_phase2s	44878	723	improved	795	723	0.391134113073349	0.2604789733886719	0.11241316050291061	0.2604789733886719	0.14806580543518066	1.2468695640563965	0.034380435943603516
phase2w_vs_phase2s	10059	419	improved	542	419	0.27131903171539307	0.3707098662853241	0.22270725667476654	0.3707098662853241	0.14800260961055756	0.19743728637695312	0.7400627136230469
phase2w_vs_phase2s	20095	853	regressed	853	634	0.4494432210922241	0.3541851043701172	0.4494432210922241	0.30240127444267273	-0.1470419466495514	0.4356846809387207	0.1580648422241211
phase2w_vs_phase2s	11220	892	regressed	892	448	0.5704415440559387	0.4911009967327118	0.5704415440559387	0.42814740538597107	-0.14229413866996765	0.42531776428222656	0.13718223571777344
phase2w_vs_phase2s	18140	14	improved	379	14	0.1768786907196045	0.30126965045928955	0.1596757173538208	0.30126965045928955	0.14159393310546875	0.10231924057006836	0.46018075942993164
phase2w_vs_phase2s	7653	290	regressed	290	38	0.3417297899723053	0.23572544753551483	0.3417297899723053	0.2009499967098236	-0.1407797932624817	0.6477260589599609	0.15961170196533203
phase2w_vs_phase2s	42682	209	improved	676	209	0.35598576068878174	0.4545181691646576	0.31565988063812256	0.4545181691646576	0.13885828852653503	0.12022542953491211	0.5672745704650879
phase2w_vs_phase2s	45465	324	improved	325	324	0.4631824195384979	0.40785157680511475	0.2716624140739441	0.40785157680511475	0.13618916273117065	0.5335607528686523	0.060189247131347656
phase2w_vs_phase2s	4700	246	regressed	246	178	0.4517286717891693	0.5677087306976318	0.4517286717891693	0.3165843188762665	-0.13514435291290283	0.040981292724609375	0.5840187072753906
phase2w_vs_phase2s	46039	32	regressed	32	30	0.4511466324329376	0.5159545540809631	0.4511466324329376	0.3163454532623291	-0.13480117917060852	0.2295665740966797	0.4891839027404785
phase2w_vs_phase2s	36918	303	improved	304	303	0.40836796164512634	0.51481693983078	0.3800758421421051	0.51481693983078	0.13474109768867493	0.07179784774780273	0.6157026290893555
phase2w_vs_phase2s	15215	969	regressed	969	928	0.4150509536266327	0.49068042635917664	0.4150509536266327	0.281786173582077	-0.13326478004455566	0.19535541534423828	0.5546445846557617
phase2w_vs_phase2s	31934	499	regressed	499	909	0.40701380372047424	0.27990081906318665	0.40701380372047424	0.27383366227149963	-0.1331801414489746	0.6968350410461426	0.02191448211669922
phase2w_vs_phase2s	2554	240	improved	238	240	0.4090130925178528	0.3627152740955353	0.22971686720848083	0.3627152740955353	0.13299840688705444	0.576899528503418	0.11060047149658203
phase2w_vs_phase2s	6969	428	improved	516	428	0.258554607629776	0.3507864475250244	0.22037510573863983	0.3507864475250244	0.13041134178638458	0.1597757339477539	0.5902242660522461
phase2w_vs_phase2s	36598	784	improved	731	784	0.4009004533290863	0.37435245513916016	0.24424134194850922	0.37435245513916016	0.13011111319065094	0.4955563545227051	0.16069412231445312
phase2w_vs_phase2s	34791	713	improved	681	713	0.16464297473430634	0.281246155500412	0.15292933583259583	0.281246155500412	0.12831681966781616	0.07380342483520508	0.8011965751647949
phase2w_vs_phase2s	41767	654	improved	705	654	0.34602248668670654	0.44955942034721375	0.32149288058280945	0.44955942034721375	0.1280665397644043	0.07352828979492188	0.5514712333679199
phase2w_vs_phase2s	41585	703	regressed	703	912	0.47228649258613586	0.35898569226264954	0.47228649258613586	0.3446705937385559	-0.12761589884757996	0.6155567169189453	0.04069328308105469
phase2w_vs_phase2s	37940	55	improved	64	55	0.474612295627594	0.47979921102523804	0.35218697786331177	0.47979921102523804	0.12761223316192627	0.2983360290527344	0.3266634941101074
phase2w_vs_phase2s	9058	12	regressed	12	10	0.35998713970184326	0.4337494373321533	0.35998713970184326	0.23328526318073273	-0.12670187652111053	0.22354507446289062	0.6202049255371094
phase2w_vs_phase2s	45508	634	improved	778	634	0.4948664605617523	0.49899956583976746	0.37262895703315735	0.49899956583976746	0.1263706088066101	0.2837047576904297	0.4662952423095703
phase2w_vs_phase2s	5394	288	improved	290	288	0.4155732989311218	0.3962029218673706	0.27061113715171814	0.3962029218673706	0.12559178471565247	0.42897605895996094	0.22727394104003906
phase2w_vs_phase2s	29583	879	regressed	879	412	0.5562959313392639	0.5292205214500427	0.5562959313392639	0.4308120906352997	-0.12548384070396423	0.2942667007446289	0.2057332992553711
phase2w_vs_phase2s	22766	265	regressed	265	850	0.3207426369190216	0.3427698612213135	0.3207426369190216	0.19534079730510712	-0.1254018396139145	0.21893644332885742	0.5623135566711426
phase2w_vs_phase2s	7918	436	regressed	436	627	0.5197880268096924	0.42004072666168213	0.5197880268096924	0.39474380016326904	-0.12504422664642334	0.6566357612609863	0.062114715576171875
phase2w_vs_phase2s	10294	441	regressed	441	737	0.5237564444541931	0.4036991596221924	0.5237564444541931	0.39906996488571167	-0.12468647956848145	0.582216739654541	0.011533260345458984
phase2w_vs_phase2s	40174	686	regressed	686	592	0.5100448727607727	0.5033524036407471	0.5100448727607727	0.3858468234539032	-0.1241980493068695	0.2966499328613281	0.2658500671386719
phase2w_vs_phase2s	24056	137	regressed	137	131	0.28887060284614563	0.1754835844039917	0.28887060284614563	0.16559892892837524	-0.12327167391777039	0.7232732772827148	0.029375553131103516
phase2w_vs_phase2s	15466	873	regressed	873	698	0.47060060501098633	0.3778446316719055	0.47060060501098633	0.34792083501815796	-0.12267976999282837	0.5112419128417969	0.08250808715820312
phase2w_vs_phase2s	18828	817	improved	436	817	0.225375697016716	0.3391532599925995	0.2165450155735016	0.3391532599925995	0.1226082444190979	0.03997039794921875	0.678779125213623
phase2w_vs_phase2s	31448	186	improved	192	186	0.3959348797798157	0.45502209663391113	0.33283287286758423	0.45502209663391113	0.1221892237663269	0.17360925674438477	0.38889074325561523
phase2w_vs_phase2s	46347	60	improved	54	60	0.34292349219322205	0.4511432349681854	0.3292454481124878	0.4511432349681854	0.12189778685569763	0.040703773498535156	0.39679622650146484
phase2w_vs_phase2s	5536	211	improved	180	211	0.43233445286750793	0.38694438338279724	0.2660343050956726	0.38694438338279724	0.12091007828712463	0.48557424545288086	0.10817575454711914
phase2w_vs_phase2s	901	747	improved	955	747	0.26251137256622314	0.2565235495567322	0.13598690927028656	0.2565235495567322	0.12053664028644562	0.6577358245849609	0.24851417541503906
phase2w_vs_phase2s	2168	327	improved	65	327	0.280866414308548	0.39276760816574097	0.2730172574520111	0.39276760816574097	0.11975035071372986	0.028344154357910156	0.6904058456420898
phase2w_vs_phase2s	13900	206	improved	267	206	0.41377443075180054	0.41193822026252747	0.2932550013065338	0.41193822026252747	0.11868321895599365	0.34427833557128906	0.24947166442871094
phase2w_vs_phase2s	22556	282	regressed	282	287	0.33709436655044556	0.31267035007476807	0.33709436655044556	0.2185603827238083	-0.11853398382663727	0.7044129371643066	0.35808706283569336
phase2w_vs_phase2s	20463	345	regressed	345	339	0.38284727931022644	0.4203580319881439	0.38284727931022644	0.2646128237247467	-0.11823445558547974	0.09966087341308594	0.46283912658691406
phase2w_vs_phase2s	26028	925	improved	809	925	0.5184182524681091	0.4826655685901642	0.36481961607933044	0.4826655685901642	0.11784595251083374	0.35137939453125	0.14862060546875
phase2w_vs_phase2s	11748	555	improved	475	555	0.4031727910041809	0.41630834341049194	0.2988007366657257	0.41630834341049194	0.11750760674476624	0.2995882034301758	0.294161319732666
phase2w_vs_phase2s	4906	441	regressed	441	572	0.5598927736282349	0.45795419812202454	0.5598927736282349	0.4425938129425049	-0.11729896068572998	0.5283832550048828	0.03411674499511719
phase2w_vs_phase2s	25325	822	regressed	822	112	0.29957935214042664	0.2924986779689789	0.29957935214042664	0.18264588713645935	-0.11693346500396729	0.34158897399902344	0.47091102600097656
phase2w_vs_phase2s	5381	876	improved	706	876	0.35244280099868774	0.3864832818508148	0.27013787627220154	0.3864832818508148	0.11634540557861328	0.26595592498779297	0.26529407501220703
phase2w_vs_phase2s	2319	796	improved	570	796	0.3320099413394928	0.3059692680835724	0.1897011697292328	0.3059692680835724	0.1162680983543396	0.5597147941589355	0.5652852058410645
phase2w_vs_phase2s	15456	824	regressed	824	533	0.3762587308883667	0.28174954652786255	0.3762587308883667	0.2609686851501465	-0.11529004573822021	0.5483818054199219	0.07661819458007812
phase2w_vs_phase2s	3289	752	improved	171	752	0.057310283184051514	0.16951896250247955	0.05447034165263176	0.16951896250247955	0.1150486171245575	0.0011162757873535156	1.51167631149292
phase2w_vs_phase2s	8200	241	regressed	241	240	0.5318016409873962	0.4559256136417389	0.5318016409873962	0.4168320298194885	-0.11496961116790771	0.4728536605834961	0.0896463394165039
phase2w_vs_phase2s	29603	194	improved	204	194	0.24769411981105804	0.3089144229888916	0.19424499571323395	0.3089144229888916	0.11466942727565765	0.2430744171142578	0.6936240196228027
phase2w_vs_phase2s	39445	660	improved	705	660	0.48799392580986023	0.44967496395111084	0.33531492948532104	0.44967496395111084	0.1143600344657898	0.3752326965332031	0.24976682662963867
phase2w_vs_phase2s	1461	436	improved	627	436	0.4802533984184265	0.33429187536239624	0.21996086835861206	0.33429187536239624	0.11433100700378418	0.7808642387390137	0.03163623809814453
phase2w_vs_phase2s	45233	240	improved	241	240	0.42981666326522827	0.43723049759864807	0.3231137990951538	0.43723049759864807	0.11411669850349426	0.2853541374206543	0.2146463394165039
phase2w_vs_phase2s	1644	331	regressed	331	330	0.42535164952278137	0.3623301684856415	0.42535164952278137	0.31215205788612366	-0.11319959163665771	0.5696845054626465	0.14906549453735352
phase2w_vs_phase2s	6819	447	regressed	447	633	0.411454975605011	0.5175220370292664	0.411454975605011	0.2986750304698944	-0.11277994513511658	0.07530403137207031	0.5496959686279297
phase2w_vs_phase2s	24901	952	improved	470	952	0.21941854059696198	0.2879579961299896	0.1752128005027771	0.2879579961299896	0.11274519562721252	0.22497987747192383	0.6187701225280762
phase2w_vs_phase2s	6855	204	improved	155	204	0.45520925521850586	0.4894915223121643	0.3770795464515686	0.4894915223121643	0.1124119758605957	0.18830108642578125	0.31169843673706055
phase2w_vs_phase2s	40245	164	regressed	164	166	0.3165384531021118	0.3131601810455322	0.3165384531021118	0.2042209804058075	-0.11231747269630432	0.22873783111572266	0.42751216888427734
phase2w_vs_phase2s	23351	888	improved	821	888	0.3671915531158447	0.44513842463493347	0.33332186937332153	0.44513842463493347	0.11181655526161194	0.09677505493164062	0.4969749450683594
phase2w_vs_phase2s	34255	285	improved	283	285	0.2708290219306946	0.35622504353523254	0.24451780319213867	0.35622504353523254	0.11170724034309387	0.10219955444335938	0.8353004455566406
phase2w_vs_phase2s	7516	945	improved	949	945	0.34601008892059326	0.35863980650901794	0.24719703197479248	0.35863980650901794	0.11144277453422546	0.33628225326538086	0.19496774673461914
phase2w_vs_phase2s	4701	295	regressed	295	297	0.40741607546806335	0.5196626782417297	0.40741607546806335	0.2964117228984833	-0.11100435256958008	0.0010690689086914062	0.5614304542541504
phase2w_vs_phase2s	36956	478	improved	492	478	0.17592662572860718	0.2730594575405121	0.16223961114883423	0.2730594575405121	0.11081984639167786	0.0809926986694336	0.3877573013305664
phase2w_vs_phase2s	9244	822	improved	808	822	0.328156441450119	0.34050253033638	0.2297568917274475	0.34050253033638	0.1107456386089325	0.35646867752075195	0.518531322479248
phase2w_vs_phase2s	43861	631	regressed	631	470	0.28327473998069763	0.24685677886009216	0.28327473998069763	0.1728767603635788	-0.11039797961711884	0.4700789451599121	0.2638082504272461
phase2w_vs_phase2s	8117	75	improved	77	75	0.3559764623641968	0.3136928379535675	0.20330625772476196	0.3136928379535675	0.11038658022880554	0.5601511001586914	0.1273488998413086
phase2w_vs_phase2s	43024	241	regressed	241	240	0.43839845061302185	0.38363081216812134	0.43839845061302185	0.3294861614704132	-0.10891228914260864	0.3791041374206543	0.1521463394165039
phase2w_vs_phase2s	7386	151	improved	496	151	0.41397279500961304	0.39548829197883606	0.2869182527065277	0.39548829197883606	0.10857003927230835	0.36660289764404297	0.16464710235595703
phase2w_vs_phase2s	35707	378	improved	381	378	0.3697897493839264	0.36048153042793274	0.25271207094192505	0.36048153042793274	0.10776945948600769	0.38068389892578125	0.18181610107421875
phase2w_vs_phase2s	596	721	regressed	721	905	0.40065798163414	0.43954065442085266	0.40065798163414	0.2929913401603699	-0.10766664147377014	0.15691280364990234	0.40558719635009766
phase2w_vs_phase2s	37519	241	regressed	241	240	0.44158297777175903	0.46924105286598206	0.44158297777175903	0.33410999178886414	-0.1074729859828949	0.1916041374206543	0.3396463394165039
phase2w_vs_phase2s	37424	242	regressed	242	243	0.30381742119789124	0.28254881501197815	0.30381742119789124	0.19651857018470764	-0.1072988510131836	0.043155670166015625	0.3630943298339844
phase2w_vs_phase2s	44408	720	regressed	720	455	0.509773850440979	0.4497242867946625	0.509773850440979	0.4027705490589142	-0.10700330138206482	0.32723236083984375	0.11026763916015625
phase2w_vs_phase2s	8555	996	regressed	996	991	0.505910336971283	0.4899904429912567	0.505910336971283	0.39911460876464844	-0.10679572820663452	0.4823627471923828	0.2051372528076172
phase2w_vs_phase2s	26535	826	regressed	826	409	0.41115105152130127	0.41120707988739014	0.41115105152130127	0.3044182062149048	-0.10673284530639648	0.13680553436279297	0.30069446563720703
phase2w_vs_phase2s	24988	168	improved	159	168	0.29326674342155457	0.3964773118495941	0.2904745042324066	0.3964773118495941	0.1060028076171875	0.009566783905029297	0.3966832160949707
phase2w_vs_phase2s	37437	115	improved	991	115	0.2257513552904129	0.28864818811416626	0.18270695209503174	0.28864818811416626	0.10594123601913452	0.014629840850830078	0.5071992874145508
phase2w_vs_phase2s	9162	367	regressed	367	366	0.4702606797218323	0.4691721200942993	0.4702606797218323	0.36479517817497253	-0.10546550154685974	0.3108663558959961	0.2516336441040039
phase2w_vs_phase2s	47625	931	improved	932	931	0.3733784258365631	0.396076500415802	0.2913217544555664	0.396076500415802	0.1047547459602356	0.24816417694091797	0.12683582305908203
phase2w_vs_phase2s	9263	211	improved	208	211	0.24675573408603668	0.3219261169433594	0.21750576794147491	0.3219261169433594	0.10442034900188446	0.1261734962463379	0.6238265037536621
phase2w_vs_phase2s	37526	124	improved	118	124	0.3187206983566284	0.3974924683570862	0.2933105528354645	0.3974924683570862	0.1041819155216217	0.0830831527709961	0.4794168472290039
phase2w_vs_phase2s	2162	804	improved	711	804	0.44347602128982544	0.42421236634254456	0.32004615664482117	0.42421236634254456	0.10416620969772339	0.32617855072021484	0.17382144927978516
phase2w_vs_phase2s	3183	887	regressed	887	406	0.527592658996582	0.4558584988117218	0.527592658996582	0.42371755838394165	-0.10387510061264038	0.42688465118408203	0.07311534881591797
phase2w_vs_phase2s	15415	882	regressed	882	613	0.45202434062957764	0.35151737928390503	0.45202434062957764	0.3485449254512787	-0.10347941517829895	0.5852580070495605	0.008491992950439453
phase2w_vs_phase2s	43401	860	regressed	860	424	0.3706914484500885	0.36308321356773376	0.3706914484500885	0.26796039938926697	-0.10273104906082153	0.25870704650878906	0.30379295349121094
phase2w_vs_phase2s	44510	543	regressed	543	422	0.5429704785346985	0.5127812027931213	0.5429704785346985	0.44069427251815796	-0.10227620601654053	0.28600215911865234	0.15149784088134766
phase2w_vs_phase2s	13063	799	regressed	799	894	0.4628475308418274	0.5202754139900208	0.4628475308418274	0.3609751760959625	-0.10187235474586487	0.19695091247558594	0.36554908752441406
phase2w_vs_phase2s	8465	81	improved	82	81	0.36716148257255554	0.4442804157733917	0.34260913729667664	0.4442804157733917	0.10167127847671509	0.06921148300170898	0.399538516998291
phase2w_vs_phase2s	18083	194	regressed	194	200	0.41067561507225037	0.43653151392936707	0.41067561507225037	0.30905961990356445	-0.10161599516868591	0.21717357635498047	0.34532642364501953
phase2w_vs_phase2s	48106	436	regressed	436	609	0.39602699875831604	0.2978658974170685	0.39602699875831604	0.29453030228614807	-0.10149669647216797	0.8324885368347168	0.011261463165283203
phase2w_vs_phase2s	22897	772	regressed	772	600	0.44564080238342285	0.3482242226600647	0.44564080238342285	0.34527647495269775	-0.1003643274307251	0.4914989471435547	0.008501052856445312
phase2w_vs_phase2s	21203	506	improved	879	506	0.32076528668403625	0.41691282391548157	0.31656160950660706	0.41691282391548157	0.10035121440887451	0.013191699981689453	0.26805830001831055
phase2w_vs_phase2s	29750	170	regressed	170	876	0.3143288493156433	0.35889101028442383	0.3143288493156433	0.2141539454460144	-0.1001749038696289	0.014926433563232422	0.5163235664367676
phase2w_vs_phase2s	40754	284	improved	174	284	0.4339908957481384	0.36629563570022583	0.26627665758132935	0.36629563570022583	0.10001897811889648	0.48848772048950195	0.07401227951049805
phase2w_vs_phase2s	32627	280	regressed	280	277	0.3756391108036041	0.3916111886501312	0.3756391108036041	0.2764667570590973	-0.09917235374450684	0.15182113647460938	0.3481788635253906
phase2w_vs_phase2s	15925	141	regressed	141	142	0.4015148878097534	0.3801668584346771	0.4015148878097534	0.3043169677257538	-0.09719792008399963	0.49620962142944336	0.22254037857055664
phase2w_vs_phase2s	7590	853	improved	448	853	0.14130905270576477	0.234268456697464	0.13742484152317047	0.234268456697464	0.09684361517429352	0.027872085571289062	0.7221279144287109
phase2w_vs_phase2s	22011	618	improved	596	618	0.2695282995700836	0.22804078459739685	0.1314929723739624	0.22804078459739685	0.09654781222343445	0.7177200317382812	0.37602996826171875
phase2w_vs_phase2s	28049	1	regressed	1	393	0.27756065130233765	0.32540860772132874	0.27756065130233765	0.18108238279819489	-0.09647826850414276	0.28887033462524414	0.5861296653747559
phase2w_vs_phase2s	7442	811	improved	882	811	0.2444375604391098	0.2914799749851227	0.19515079259872437	0.2914799749851227	0.09632918238639832	0.2251873016357422	0.7435626983642578
phase2w_vs_phase2s	15442	818	regressed	818	619	0.5166065096855164	0.5167561769485474	0.5166065096855164	0.4203369915485382	-0.09626951813697815	0.1684856414794922	0.2065143585205078
phase2w_vs_phase2s	34868	2	improved	4	2	0.46197405457496643	0.361390620470047	0.2659252882003784	0.361390620470047	0.09546533226966858	0.5522933006286621	0.0727071762084961
phase2w_vs_phase2s	28199	150	regressed	150	295	0.1931992918252945	0.13322854042053223	0.1931992918252945	0.09779120981693268	-0.09540808200836182	0.3470187187194824	0.3092312812805176
phase2w_vs_phase2s	37933	393	improved	329	393	0.23762254416942596	0.3030739426612854	0.20863166451454163	0.3030739426612854	0.09444227814674377	0.1301131248474121	0.5886368751525879
phase2w_vs_phase2s	926	33	regressed	33	36	0.21010656654834747	0.21164143085479736	0.21010656654834747	0.11578764021396637	-0.0943189263343811	0.2718644142150879	0.5225176811218262
phase2w_vs_phase2s	12717	241	regressed	241	240	0.4783506691455841	0.46139106154441833	0.4783506691455841	0.3840795159339905	-0.09427115321159363	0.2228536605834961	0.1833963394165039
phase2w_vs_phase2s	36657	105	improved	84	105	0.16313080489635468	0.23502226173877716	0.14079025387763977	0.23502226173877716	0.09423200786113739	0.14728116989135742	0.7902188301086426
phase2w_vs_phase2s	11230	456	regressed	456	764	0.44994446635246277	0.3895931839942932	0.44994446635246277	0.3558664619922638	-0.09407800436019897	0.5657024383544922	0.09054756164550781
phase2w_vs_phase2s	41062	623	improved	563	623	0.343203604221344	0.3108525276184082	0.21678313612937927	0.3108525276184082	0.09406939148902893	0.4594264030456543	0.1030735969543457
phase2w_vs_phase2s	18205	968	improved	967	968	0.4490029513835907	0.46302980184555054	0.3695543110370636	0.46302980184555054	0.09347549080848694	0.1947317123413086	0.2427682876586914
phase2w_vs_phase2s	9476	65	regressed	65	390	0.42012378573417664	0.4120739996433258	0.42012378573417664	0.3270263969898224	-0.09309738874435425	0.20633792877197266	0.23116207122802734
phase2w_vs_phase2s	46328	534	improved	412	534	0.21818915009498596	0.30487531423568726	0.2117920219898224	0.30487531423568726	0.09308329224586487	0.02975749969482422	1.0014925003051758
phase2w_vs_phase2s	23560	717	improved	864	717	0.3494293987751007	0.37988805770874023	0.28703927993774414	0.37988805770874023	0.0928487777709961	0.19668245315551758	0.4283175468444824
phase2w_vs_phase2s	46780	777	regressed	777	893	0.28834059834480286	0.42189550399780273	0.28834059834480286	0.19565197825431824	-0.09268862009048462	0.012829780578613281	0.7684202194213867
phase2w_vs_phase2s	9089	843	improved	890	843	0.32843536138534546	0.36149996519088745	0.2688702940940857	0.36149996519088745	0.09262967109680176	0.20011091232299805	0.23738908767700195
phase2w_vs_phase2s	40639	200	regressed	200	204	0.405317485332489	0.4245685338973999	0.405317485332489	0.3132731318473816	-0.09204435348510742	0.2585020065307617	0.3039979934692383
phase2w_vs_phase2s	38574	400	improved	501	400	0.2075699269771576	0.1961253583431244	0.104679636657238	0.1961253583431244	0.09144572168588638	0.6845636367797852	0.0029363632202148438
phase2w_vs_phase2s	34105	52	improved	44	52	0.41041627526283264	0.3072146475315094	0.21590057015419006	0.3072146475315094	0.09131407737731934	0.6423540115356445	0.013895988464355469
phase2w_vs_phase2s	12328	231	improved	230	231	0.49104297161102295	0.47147825360298157	0.3802720606327057	0.47147825360298157	0.09120619297027588	0.2556447982788086	0.1193552017211914
phase2w_vs_phase2s	46571	524	regressed	524	461	0.45691049098968506	0.5166685581207275	0.45691049098968506	0.3657782971858978	-0.09113219380378723	0.15462589263916016	0.34537410736083984
phase2w_vs_phase2s	575	733	regressed	733	561	0.39572083950042725	0.34807080030441284	0.39572083950042725	0.30467841029167175	-0.0910424292087555	0.4606003761291504	0.1331491470336914
phase2w_vs_phase2s	10286	755	improved	807	755	0.4776099920272827	0.5203918814659119	0.42947056889533997	0.5203918814659119	0.0909213125705719	0.10624122619628906	0.33125877380371094
phase2w_vs_phase2s	45050	849	improved	968	849	0.20297543704509735	0.2653844654560089	0.17477181553840637	0.2653844654560089	0.09061264991760254	0.11499166488647461	0.25664615631103516
phase2w_vs_phase2s	8091	212	improved	215	212	0.47915998101234436	0.518379271030426	0.4282132089138031	0.518379271030426	0.09016606211662292	0.11241340637207031	0.2625865936279297
phase2w_vs_phase2s	9360	185	regressed	185	193	0.3483544886112213	0.4240291714668274	0.3483544886112213	0.25832852721214294	-0.09002596139907837	0.03567981719970703	0.49557018280029297
phase2w_vs_phase2s	25057	593	improved	819	593	0.3426204323768616	0.37986794114112854	0.29016876220703125	0.37986794114112854	0.08969917893409729	0.16616058349609375	0.39633941650390625
phase2w_vs_phase2s	17513	635	regressed	635	426	0.44230741262435913	0.49775585532188416	0.44230741262435913	0.3527817130088806	-0.08952569961547852	0.09323978424072266	0.34426021575927734
phase2w_vs_phase2s	17975	870	improved	444	870	0.3820198178291321	0.43876785039901733	0.34940341114997864	0.43876785039901733	0.0893644392490387	0.08924531936645508	0.5357546806335449
phase2w_vs_phase2s	11356	707	regressed	707	886	0.37319743633270264	0.34793198108673096	0.37319743633270264	0.2839142382144928	-0.08928319811820984	0.23416519165039062	0.20333480834960938
phase2w_vs_phase2s	2202	712	improved	455	712	0.24746622145175934	0.2787422239780426	0.19061283767223358	0.2787422239780426	0.08812938630580902	0.2610297203063965	0.3327202796936035
phase2w_vs_phase2s	31995	229	regressed	229	232	0.4593258798122406	0.39983221888542175	0.4593258798122406	0.37146469950675964	-0.08786118030548096	0.3326582908630371	0.07359123229980469
phase2w_vs_phase2s	12459	839	improved	718	839	0.48961305618286133	0.4634396433830261	0.3755902349948883	0.4634396433830261	0.08784940838813782	0.26511669158935547	0.04738330841064453
phase2w_vs_phase2s	38990	150	improved	390	150	0.4432881772518158	0.4177703857421875	0.32995015382766724	0.4177703857421875	0.08782023191452026	0.29527854919433594	0.14222145080566406
phase2w_vs_phase2s	4926	903	improved	689	903	0.24521617591381073	0.3215344250202179	0.23377668857574463	0.3215344250202179	0.08775773644447327	0.04777383804321289	0.7334761619567871
phase2w_vs_phase2s	49974	405	regressed	405	146	0.3369554579257965	0.2754519581794739	0.3369554579257965	0.2500757873058319	-0.0868796706199646	0.465850830078125	0.096649169921875
phase2w_vs_phase2s	12920	976	regressed	976	972	0.4938344657421112	0.43089085817337036	0.4938344657421112	0.4070005714893341	-0.0868338942527771	0.380460262298584	0.05704021453857422
phase2w_vs_phase2s	31745	584	improved	551	584	0.20028884708881378	0.2703965902328491	0.18414916098117828	0.2703965902328491	0.08624742925167084	0.0840144157409668	0.7597355842590332
phase2w_vs_phase2s	31446	338	improved	106	338	0.21186520159244537	0.221661776304245	0.13554279506206512	0.221661776304245	0.08611898124217987	0.44666290283203125	0.33710289001464844
phase2w_vs_phase2s	47953	248	regressed	248	249	0.43941858410835266	0.362185537815094	0.43941858410835266	0.35335397720336914	-0.08606460690498352	0.6315631866455078	0.024686336517333984
phase2w_vs_phase2s	34424	821	regressed	821	718	0.47152167558670044	0.46544745564460754	0.47152167558670044	0.3857094645500183	-0.08581221103668213	0.18708515167236328	0.18791484832763672
phase2w_vs_phase2s	13614	834	improved	391	834	0.3048208951950073	0.30547285079956055	0.21970193088054657	0.30547285079956055	0.08577091991901398	0.3274526596069336	0.3600473403930664
phase2w_vs_phase2s	18632	895	improved	908	895	0.4016913175582886	0.38062024116516113	0.29510143399238586	0.38062024116516113	0.08551880717277527	0.3083648681640625	0.0666351318359375
phase2w_vs_phase2s	39612	969	regressed	969	737	0.3131975829601288	0.3072246313095093	0.3131975829601288	0.22813062369823456	-0.08506695926189423	0.5563125610351562	0.29766082763671875
phase2w_vs_phase2s	46407	110	regressed	110	115	0.4755713641643524	0.47989705204963684	0.4755713641643524	0.3908611238002777	-0.08471024036407471	0.23228073120117188	0.20521926879882812
phase2w_vs_phase2s	14480	21	improved	18	21	0.30995050072669983	0.2956695854663849	0.21173162758350372	0.2956695854663849	0.08393795788288116	0.38109302520751953	0.27515697479248047
phase2w_vs_phase2s	22384	563	regressed	563	777	0.3899952471256256	0.4340134263038635	0.3899952471256256	0.3060634136199951	-0.0839318335056305	0.15071678161621094	0.34928321838378906
phase2w_vs_phase2s	41979	59	regressed	59	32	0.21447043120861053	0.29384845495224	0.21447043120861053	0.13064946234226227	-0.08382096886634827	0.2519536018371582	0.8105463981628418
phase2w_vs_phase2s	46168	107	regressed	107	574	0.2512030601501465	0.290743887424469	0.2512030601501465	0.16753971576690674	-0.08366334438323975	0.04252767562866211	0.5512223243713379
phase2w_vs_phase2s	6091	110	improved	115	110	0.4359329342842102	0.4385448098182678	0.3550539016723633	0.4385448098182678	0.08349090814590454	0.20521879196166992	0.10728120803833008
phase2w_vs_phase2s	5283	546	improved	819	546	0.4145253896713257	0.49376407265663147	0.41029033064842224	0.49376407265663147	0.08347374200820923	0.0102691650390625	0.2397308349609375
phase2w_vs_phase2s	47274	415	regressed	415	931	0.39779993891716003	0.4122563898563385	0.39779993891716003	0.31458383798599243	-0.0832161009311676	0.35460472106933594	0.27039480209350586
phase2w_vs_phase2s	42349	804	improved	711	804	0.44025105237960815	0.4429177939891815	0.36002251505851746	0.4429177939891815	0.08289527893066406	0.20117855072021484	0.17382144927978516
phase2w_vs_phase2s	26546	479	improved	867	479	0.19709211587905884	0.2746323049068451	0.1920209378004074	0.2746323049068451	0.08261136710643768	0.02606678009033203	0.4214439392089844
phase2w_vs_phase2s	29965	322	improved	945	322	0.1699521541595459	0.15549419820308685	0.07314195483922958	0.15549419820308685	0.08235224336385727	0.8431148529052734	0.34438514709472656
phase2w_vs_phase2s	18354	844	improved	778	844	0.38761037588119507	0.2470138818025589	0.16479867696762085	0.2470138818025589	0.08221520483493805	0.8552761077880859	0.08222389221191406
phase2w_vs_phase2s	2829	566	regressed	566	513	0.41850969195365906	0.40639492869377136	0.41850969195365906	0.33632606267929077	-0.08218362927436829	0.12325572967529297	0.18924427032470703
phase2w_vs_phase2s	15191	166	improved	162	166	0.4067080020904541	0.43003198504447937	0.3479272127151489	0.43003198504447937	0.08210477232933044	0.15610218048095703	0.21889781951904297
phase2w_vs_phase2s	29866	817	regressed	817	511	0.4814304709434509	0.4829397201538086	0.4814304709434509	0.3996283710002899	-0.08180209994316101	0.18564319610595703	0.18935680389404297
phase2w_vs_phase2s	28790	436	improved	468	436	0.40367889404296875	0.3502141535282135	0.2684268057346344	0.3502141535282135	0.0817873477935791	0.40804147720336914	0.02945852279663086
phase2w_vs_phase2s	43937	652	regressed	652	715	0.4712320864200592	0.41210049390792847	0.4712320864200592	0.38947057723999023	-0.08176150918006897	0.28727102279663086	0.05647897720336914
phase2w_vs_phase2s	40188	326	improved	322	326	0.41512373089790344	0.4436992406845093	0.3619912266731262	0.4436992406845093	0.08170801401138306	0.13695669174194336	0.33179330825805664
phase2w_vs_phase2s	20633	847	regressed	847	586	0.40979114174842834	0.3415904641151428	0.40979114174842834	0.32848039269447327	-0.08131074905395508	0.11711454391479492	0.03913545608520508
phase2w_vs_phase2s	20332	979	regressed	979	972	0.3660977780818939	0.4187440872192383	0.3660977780818939	0.2848232388496399	-0.08127453923225403	0.0208587646484375	0.3853912353515625
phase2w_vs_phase2s	7367	230	improved	231	230	0.5040353536605835	0.4515303373336792	0.3708476424217224	0.4515303373336792	0.08068269491195679	0.3068552017211914	0.0681447982788086
phase2w_vs_phase2s	7333	654	improved	757	654	0.3587707281112671	0.39535048604011536	0.31474873423576355	0.39535048604011536	0.0806017518043518	0.13090896606445312	0.3690910339355469
phase2w_vs_phase2s	37350	306	regressed	306	305	0.3747386932373047	0.3896944224834442	0.3747386932373047	0.2943047881126404	-0.0804339051246643	0.1880030632019043	0.2807469367980957
phase2w_vs_phase2s	43943	336	improved	299	336	0.41955170035362244	0.3829362988471985	0.3027650713920593	0.3829362988471985	0.08017122745513916	0.3262295722961426	0.11127042770385742
phase2w_vs_phase2s	39477	796	improved	658	796	0.29200035333633423	0.32227176427841187	0.24228328466415405	0.32227176427841187	0.07998847961425781	0.1866474151611328	0.3133525848388672
phase2w_vs_phase2s	19646	30	regressed	30	32	0.37708139419555664	0.35113251209259033	0.37708139419555664	0.29710859060287476	-0.07997280359268188	0.08293390274047852	0.16706609725952148
phase2w_vs_phase2s	42135	929	improved	96	929	0.35501012206077576	0.2810375392436981	0.2011868804693222	0.2810375392436981	0.07985065877437592	0.5679121017456055	0.08833789825439453
phase2w_vs_phase2s	4503	838	improved	593	838	0.3228859603404999	0.2526220977306366	0.17281652987003326	0.2526220977306366	0.07980556786060333	0.6250686645507812	0.12493133544921875
phase2w_vs_phase2s	7796	426	regressed	426	618	0.3271639943122864	0.2990478575229645	0.3271639943122864	0.24762967228889465	-0.07953432202339172	0.34258079528808594	0.18866920471191406
phase2w_vs_phase2s	28470	913	improved	724	913	0.48166123032569885	0.4537465274333954	0.3742227256298065	0.4537465274333954	0.07952380180358887	0.25238990783691406	0.18511009216308594
phase2w_vs_phase2s	46457	509	improved	582	509	0.41395026445388794	0.39144155383110046	0.31216195225715637	0.39144155383110046	0.07927960157394409	0.2822237014770508	0.09277629852294922
phase2w_vs_phase2s	30682	643	regressed	643	772	0.21047087013721466	0.20519901812076569	0.21047087013721466	0.13123489916324615	-0.0792359709739685	0.2717585563659668	0.4469914436340332
phase2w_vs_phase2s	25781	968	improved	464	968	0.24224130809307098	0.21251603960990906	0.13333936035633087	0.21251603960990906	0.07917667925357819	0.5970368385314941	0.30921316146850586
phase2w_vs_phase2s	48233	632	improved	550	632	0.28740376234054565	0.24851123988628387	0.16982999444007874	0.24851123988628387	0.07868124544620514	0.526090145111084	0.09890985488891602
phase2w_vs_phase2s	7344	466	regressed	466	705	0.30251216888427734	0.2574525773525238	0.30251216888427734	0.2239399254322052	-0.07857224345207214	0.04804229736328125	0.13945770263671875
phase2w_vs_phase2s	4772	538	regressed	538	497	0.44293665885925293	0.5041364431381226	0.44293665885925293	0.36448943614959717	-0.07844722270965576	0.050650596618652344	0.32434940338134766
phase2w_vs_phase2s	38180	885	regressed	885	434	0.2110370248556137	0.21790769696235657	0.2110370248556137	0.1325967013835907	-0.07844032347202301	0.28449058532714844	0.15810537338256836
phase2w_vs_phase2s	1409	825	regressed	825	519	0.39480069279670715	0.40572109818458557	0.39480069279670715	0.3167281746864319	-0.07807251811027527	0.18987798690795898	0.24762201309204102
phase2w_vs_phase2s	31435	636	improved	885	636	0.34241965413093567	0.27797016501426697	0.19993077218532562	0.27797016501426697	0.07803939282894135	0.5380659103393555	0.02443408966064453
phase2w_vs_phase2s	26439	543	regressed	543	631	0.17261110246181488	0.15543708205223083	0.17261110246181488	0.09479775279760361	-0.07781334966421127	0.2555046081542969	0.4944953918457031
phase2w_vs_phase2s	47735	34	regressed	34	360	0.25276660919189453	0.21348991990089417	0.25276660919189453	0.1750408411026001	-0.07772576808929443	0.6139297485351562	0.19857025146484375
phase2w_vs_phase2s	46743	722	improved	784	722	0.3575485050678253	0.34588971734046936	0.2688543200492859	0.34588971734046936	0.07703539729118347	0.28510141372680664	0.08989858627319336
phase2w_vs_phase2s	41328	689	improved	601	689	0.4765881896018982	0.5453668236732483	0.4684285819530487	0.5453668236732483	0.07693824172019958	0.017269134521484375	0.2952308654785156
phase2w_vs_phase2s	38301	907	regressed	907	834	0.2658299207687378	0.26160696148872375	0.2658299207687378	0.19004596769809723	-0.07578395307064056	0.16361331939697266	0.26444053649902344
phase2w_vs_phase2s	27786	907	regressed	907	966	0.4662346839904785	0.4164590537548065	0.4662346839904785	0.3904745280742645	-0.07576015591621399	0.341825008392334	0.06442546844482422
phase2w_vs_phase2s	38293	596	regressed	596	587	0.42289403080940247	0.47872716188430786	0.42289403080940247	0.3471900522708893	-0.07570397853851318	0.0849909782409668	0.321258544921875
phase2w_vs_phase2s	4146	928	improved	968	928	0.3096395432949066	0.3288699984550476	0.25350457429885864	0.3288699984550476	0.07536542415618896	0.2000269889831543	0.2999730110168457
phase2w_vs_phase2s	4600	303	improved	311	303	0.2482055276632309	0.3006220757961273	0.2253669649362564	0.3006220757961273	0.07525511085987091	0.096527099609375	0.309722900390625
phase2w_vs_phase2s	8644	696	improved	749	696	0.2154051959514618	0.22010919451713562	0.14505428075790405	0.22010919451713562	0.07505491375923157	0.3954129219055176	0.3545870780944824
phase2w_vs_phase2s	33404	176	regressed	176	173	0.42451342940330505	0.3702039420604706	0.42451342940330505	0.34974509477615356	-0.07476833462715149	0.34940052032470703	0.05684947967529297
phase2w_vs_phase2s	37795	480	regressed	480	534	0.17969468235969543	0.1833285242319107	0.17969468235969543	0.10506673157215118	-0.07462795078754425	0.16206598281860352	0.4458141326904297
phase2w_vs_phase2s	31567	252	regressed	252	183	0.23675750195980072	0.17675819993019104	0.23675750195980072	0.16230408847332	-0.07445341348648071	0.9146890640258789	0.0853109359741211
phase2w_vs_phase2s	42750	236	improved	234	236	0.5000329613685608	0.4618698060512543	0.38761162757873535	0.4618698060512543	0.07425817847251892	0.2546701431274414	0.1203298568725586
phase2w_vs_phase2s	28945	880	regressed	880	879	0.3561312258243561	0.2974512279033661	0.3561312258243561	0.282219260931015	-0.07391196489334106	0.1036839485168457	0.0525660514831543
phase2w_vs_phase2s	42114	631	improved	838	631	0.4644772708415985	0.5044006109237671	0.4305116832256317	0.5044006109237671	0.07388892769813538	0.07593822479248047	0.17406177520751953
phase2w_vs_phase2s	1339	462	improved	808	462	0.2626208961009979	0.2562239468097687	0.18236850202083588	0.2562239468097687	0.0738554447889328	0.3646821975708008	0.2603178024291992
phase2w_vs_phase2s	39567	834	improved	523	834	0.2717228829860687	0.22199681401252747	0.14854544401168823	0.22199681401252747	0.07345137000083923	0.6038918495178223	0.08360815048217773
phase2w_vs_phase2s	44750	119	improved	118	119	0.2954980432987213	0.36674100160598755	0.2932971715927124	0.36674100160598755	0.07344383001327515	0.007475852966308594	0.055024147033691406
phase2w_vs_phase2s	48616	315	regressed	315	312	0.34047409892082214	0.3276943862438202	0.34047409892082214	0.267133504152298	-0.07334059476852417	0.13941717147827148	0.20433282852172852
phase2w_vs_phase2s	34958	513	regressed	513	558	0.13469071686267853	0.14159634709358215	0.13469071686267853	0.06157393753528595	-0.07311677932739258	0.08507299423217773	0.07218408584594727
phase2w_vs_phase2s	40808	747	improved	417	747	0.4384706914424896	0.3509475886821747	0.27787449955940247	0.3509475886821747	0.07307308912277222	0.45612335205078125	0.13762664794921875
phase2w_vs_phase2s	19078	521	regressed	521	965	0.3621768355369568	0.36317360401153564	0.3621768355369568	0.28916120529174805	-0.07301563024520874	0.11585330963134766	0.22789669036865234
phase2w_vs_phase2s	41755	843	regressed	843	488	0.4140462279319763	0.49370402097702026	0.4140462279319763	0.3410339653491974	-0.07301226258277893	0.005045890808105469	0.36995410919189453
phase2w_vs_phase2s	35182	921	regressed	921	917	0.3999027609825134	0.43111884593963623	0.3999027609825134	0.32711610198020935	-0.07278665900230408	0.06768131256103516	0.27606868743896484
phase2w_vs_phase2s	44125	155	regressed	155	204	0.47423192858695984	0.42738863825798035	0.47423192858695984	0.4018162488937378	-0.07241567969322205	0.25080108642578125	0.06169891357421875
phase2w_vs_phase2s	7411	441	regressed	441	647	0.17708079516887665	0.13939541578292847	0.17708079516887665	0.1049518957734108	-0.07212889939546585	0.46895503997802734	0.2838125228881836
phase2w_vs_phase2s	99	238	regressed	238	240	0.4344325661659241	0.5196494460105896	0.4344325661659241	0.36232948303222656	-0.07210308313369751	0.014399528503417969	0.36060047149658203
phase2w_vs_phase2s	33914	930	regressed	930	931	0.2711038887500763	0.3230237066745758	0.2711038887500763	0.1991325318813324	-0.0719713568687439	0.07874488830566406	0.48375511169433594
phase2w_vs_phase2s	5029	43	regressed	43	42	0.28896549344062805	0.3662106990814209	0.28896549344062805	0.21701620519161224	-0.07194928824901581	0.10176324844360352	0.5232367515563965
phase2w_vs_phase2s	41443	697	improved	775	697	0.25296154618263245	0.31633496284484863	0.24452106654644012	0.31633496284484863	0.07181389629840851	0.0339360237121582	0.2785639762878418
phase2w_vs_phase2s	30041	249	improved	250	249	0.2941843867301941	0.2987903952598572	0.22717106342315674	0.2987903952598572	0.07161933183670044	0.0019397735595703125	0.08718633651733398
phase2w_vs_phase2s	43844	443	improved	434	443	0.19439561665058136	0.2449442595243454	0.17338217794895172	0.2449442595243454	0.07156208157539368	0.11439704895019531	0.5731029510498047
phase2w_vs_phase2s	15088	475	improved	711	475	0.21452216804027557	0.21909427642822266	0.1475413292646408	0.21909427642822266	0.07155294716358185	0.37430477142333984	0.537559986114502
phase2w_vs_phase2s	42331	943	regressed	943	939	0.4419083297252655	0.5456490516662598	0.4419083297252655	0.37049800157546997	-0.07141032814979553	0.05037212371826172	0.3871278762817383
phase2w_vs_phase2s	6581	264	improved	263	264	0.45136702060699463	0.40672120451927185	0.3353903591632843	0.40672120451927185	0.07133084535598755	0.2969856262207031	0.046764373779296875
phase2w_vs_phase2s	26641	536	improved	484	536	0.48097357153892517	0.4600994288921356	0.388847678899765	0.4600994288921356	0.0712517499923706	0.21262454986572266	0.09987545013427734
phase2w_vs_phase2s	16845	770	regressed	770	774	0.38900452852249146	0.42508500814437866	0.38900452852249146	0.3178480565547943	-0.07115647196769714	0.14678430557250977	0.29071569442749023
phase2w_vs_phase2s	6150	686	regressed	686	773	0.20826148986816406	0.19841378927230835	0.20826148986816406	0.13718795776367188	-0.07107353210449219	0.0684971809387207	0.09552001953125
phase2w_vs_phase2s	42971	431	regressed	431	797	0.19025300443172455	0.21035633981227875	0.19025300443172455	0.1192956268787384	-0.07095737755298615	0.3703017234802246	0.5671982765197754
phase2w_vs_phase2s	29207	423	regressed	423	424	0.5076647996902466	0.4920545518398285	0.5076647996902466	0.4369034171104431	-0.07076138257980347	0.13112258911132812	0.11887741088867188
phase2w_vs_phase2s	28623	242	regressed	242	243	0.4810059368610382	0.43159446120262146	0.4810059368610382	0.4103010296821594	-0.07070490717887878	0.19940471649169922	0.05059528350830078
phase2w_vs_phase2s	8746	839	improved	718	839	0.2743662893772125	0.3245425224304199	0.2538765072822571	0.3245425224304199	0.07066601514816284	0.07761621475219727	0.29738378524780273
phase2w_vs_phase2s	8022	689	improved	731	689	0.15116006135940552	0.17636190354824066	0.10590662062168121	0.17636190354824066	0.07045528292655945	0.35578155517578125	0.5504684448242188
phase2w_vs_phase2s	7863	197	regressed	197	189	0.2566200792789459	0.20616598427295685	0.2566200792789459	0.18683087825775146	-0.06978920102119446	0.12247848510742188	0.06470632553100586
phase2w_vs_phase2s	6201	238	regressed	238	240	0.371759295463562	0.34810006618499756	0.371759295463562	0.3020642101764679	-0.06969508528709412	0.32689952850341797	0.14185047149658203
phase2w_vs_phase2s	44073	55	improved	60	55	0.4445933997631073	0.39987465739250183	0.33033424615859985	0.39987465739250183	0.06954041123390198	0.2970552444458008	0.07794475555419922
phase2w_vs_phase2s	29654	748	improved	893	748	0.4210572838783264	0.4438508152961731	0.37436363101005554	0.4438508152961731	0.06948718428611755	0.11754131317138672	0.06995868682861328
phase2w_vs_phase2s	46351	899	regressed	899	725	0.49849435687065125	0.49211302399635315	0.49849435687065125	0.4291578233242035	-0.06933653354644775	0.23811626434326172	0.13688373565673828
phase2w_vs_phase2s	27083	798	regressed	798	769	0.4954410195350647	0.43803054094314575	0.4954410195350647	0.4263499677181244	-0.06909105181694031	0.28547191619873047	0.02702808380126953
phase2w_vs_phase2s	18512	285	regressed	285	281	0.35802263021469116	0.397757351398468	0.35802263021469116	0.2892844080924988	-0.06873822212219238	0.025318145751953125	0.3184318542480469
phase2w_vs_phase2s	14343	778	regressed	778	571	0.22279486060142517	0.19197602570056915	0.22279486060142517	0.15411223471164703	-0.06868262588977814	0.34281063079833984	0.21968936920166016
phase2w_vs_phase2s	44033	695	regressed	695	507	0.326771080493927	0.28230521082878113	0.326771080493927	0.2583836317062378	-0.06838744878768921	0.03645658493041992	0.08854341506958008
phase2w_vs_phase2s	14252	361	regressed	361	358	0.35996538400650024	0.39170193672180176	0.35996538400650024	0.2918940484523773	-0.06807133555412292	0.01838970184326172	0.2941102981567383
phase2w_vs_phase2s	46018	792	regressed	792	596	0.3286623954772949	0.2754896879196167	0.3286623954772949	0.26073265075683594	-0.06792974472045898	0.2886953353881836	0.055054664611816406
phase2w_vs_phase2s	4187	918	regressed	918	922	0.41330015659332275	0.47451552748680115	0.41330015659332275	0.34573301672935486	-0.0675671398639679	0.02712249755859375	0.31662750244140625
phase2w_vs_phase2s	48628	168	improved	159	168	0.34491148591041565	0.388195663690567	0.3209293484687805	0.388195663690567	0.0672663152217865	0.0720667839050293	0.2404332160949707
phase2w_vs_phase2s	14293	171	regressed	171	172	0.40945950150489807	0.4261837899684906	0.40945950150489807	0.342394083738327	-0.06706541776657104	0.031091690063476562	0.21890830993652344
phase2w_vs_phase2s	13738	517	regressed	517	733	0.1774582862854004	0.18870916962623596	0.1774582862854004	0.11087970435619354	-0.06657858192920685	0.31198883056640625	0.5317611694335938
phase2w_vs_phase2s	11159	963	regressed	963	930	0.2130015641450882	0.20760300755500793	0.2130015641450882	0.14653442800045013	-0.06646713614463806	0.02663278579711914	0.34836721420288086
phase2w_vs_phase2s	39502	369	improved	368	369	0.25382038950920105	0.317872554063797	0.2514445185661316	0.317872554063797	0.0664280354976654	0.009404659271240234	0.36559534072875977
phase2w_vs_phase2s	31314	819	improved	638	819	0.3785642385482788	0.41137242317199707	0.3452044725418091	0.41137242317199707	0.06616795063018799	0.09224891662597656	0.28275060653686523
phase2w_vs_phase2s	46873	469	improved	634	469	0.42881301045417786	0.3234374225139618	0.25731799006462097	0.3234374225139618	0.06611943244934082	0.5107083320617676	0.08304166793823242
phase2w_vs_phase2s	29959	849	regressed	849	899	0.26133838295936584	0.21004873514175415	0.26133838295936584	0.19529631733894348	-0.06604206562042236	0.36467838287353516	0.07282161712646484
phase2w_vs_phase2s	37163	742	improved	549	742	0.2064020335674286	0.2714821994304657	0.20582345128059387	0.2714821994304657	0.06565874814987183	0.002807140350341797	0.2159428596496582
phase2w_vs_phase2s	45008	975	improved	976	975	0.35857123136520386	0.34122416377067566	0.275565505027771	0.34122416377067566	0.06565865874290466	0.2633018493652344	0.11169815063476562
phase2w_vs_phase2s	30550	784	regressed	784	929	0.12389995902776718	0.10847131907939911	0.12389995902776718	0.058781035244464874	-0.06511892378330231	0.04358339309692383	0.3452773094177246
phase2w_vs_phase2s	15843	711	regressed	711	446	0.35564112663269043	0.31650593876838684	0.35564112663269043	0.29117268323898315	-0.06446844339370728	0.13532447814941406	0.08342552185058594
phase2w_vs_phase2s	1432	161	regressed	161	162	0.44847944378852844	0.3986804485321045	0.44847944378852844	0.38401177525520325	-0.0644676685333252	0.24376249313354492	0.037487030029296875
phase2w_vs_phase2s	19255	207	improved	239	207	0.2622448801994324	0.2792729437351227	0.21481458842754364	0.2792729437351227	0.06445835530757904	0.19950342178344727	0.30049657821655273
phase2w_vs_phase2s	38578	368	improved	375	368	0.27189356088638306	0.31889599561691284	0.2549576163291931	0.31889599561691284	0.06393837928771973	0.06431341171264648	0.5294365882873535
phase2w_vs_phase2s	33603	198	improved	196	198	0.4049155116081238	0.3993746042251587	0.33565059304237366	0.3993746042251587	0.06372401118278503	0.1876077651977539	0.062392234802246094
phase2w_vs_phase2s	14809	150	improved	460	150	0.3035014569759369	0.3561533987522125	0.29271847009658813	0.3561533987522125	0.06343492865562439	0.03617525100708008	0.24507474899291992
phase2w_vs_phase2s	45632	160	improved	226	160	0.3628652095794678	0.2807917594909668	0.21737471222877502	0.2807917594909668	0.06341704726219177	0.5124087333679199	0.11259126663208008
phase2w_vs_phase2s	21398	637	regressed	637	800	0.446914941072464	0.41610246896743774	0.446914941072464	0.3837287425994873	-0.06318619847297668	0.2315044403076172	0.08099555969238281
phase2w_vs_phase2s	29855	569	improved	595	569	0.2589520812034607	0.2960755228996277	0.2333759218454361	0.2960755228996277	0.06269960105419159	0.10399246215820312	0.3335075378417969
phase2w_vs_phase2s	1688	509	regressed	509	582	0.480147123336792	0.41819554567337036	0.480147123336792	0.41778895258903503	-0.06235817074775696	0.4365267753601074	0.000972747802734375
phase2w_vs_phase2s	6594	269	regressed	269	272	0.3770289123058319	0.3510180115699768	0.3770289123058319	0.3147750794887543	-0.06225383281707764	0.3597707748413086	0.1089792251586914
phase2w_vs_phase2s	49792	638	improved	639	638	0.43590861558914185	0.43988236784935	0.3777729272842407	0.43988236784935	0.06210944056510925	0.14313936233520508	0.04436016082763672
phase2w_vs_phase2s	28716	909	regressed	909	469	0.28985416889190674	0.2810363173484802	0.28985416889190674	0.22787760198116302	-0.06197656691074371	0.009074687957763672	0.20967531204223633
phase2w_vs_phase2s	48871	748	improved	636	748	0.33924728631973267	0.3550029993057251	0.2930418848991394	0.3550029993057251	0.06196111440658569	0.14641380310058594	0.16608619689941406
phase2w_vs_phase2s	32070	404	improved	908	404	0.46362945437431335	0.42835211753845215	0.3664775490760803	0.42835211753845215	0.061874568462371826	0.23514842987060547	0.07735157012939453
phase2w_vs_phase2s	45651	741	regressed	741	698	0.3099430501461029	0.30187299847602844	0.3099430501461029	0.24820397794246674	-0.06173907220363617	0.2729945182800293	0.1957554817199707
phase2w_vs_phase2s	39918	841	improved	894	841	0.3687114715576172	0.3629578649997711	0.3012528419494629	0.3629578649997711	0.06170502305030823	0.20206451416015625	0.17293548583984375
phase2w_vs_phase2s	28678	243	regressed	243	159	0.3616059720516205	0.45265641808509827	0.3616059720516205	0.30016088485717773	-0.06144508719444275	0.057935237884521484	0.4108147621154785
phase2w_vs_phase2s	25994	158	regressed	158	240	0.27668341994285583	0.3049117624759674	0.27668341994285583	0.21589307487010956	-0.06079034507274628	0.24851083755493164	0.34523916244506836
phase2w_vs_phase2s	37807	501	regressed	501	869	0.26047417521476746	0.2195703238248825	0.26047417521476746	0.19971325993537903	-0.06076091527938843	0.21771001815795898	0.09478998184204102
phase2w_vs_phase2s	21695	173	improved	172	173	0.40249624848365784	0.4530329406261444	0.39227432012557983	0.4530329406261444	0.060758620500564575	0.025724411010742188	0.2555251121520996
phase2w_vs_phase2s	198	862	improved	470	862	0.3085775673389435	0.2606847882270813	0.19993576407432556	0.2606847882270813	0.06074902415275574	0.4339771270751953	0.06602287292480469
phase2w_vs_phase2s	14828	823	regressed	823	617	0.31902822852134705	0.3191346824169159	0.31902822852134705	0.2583746314048767	-0.06065359711647034	0.16379737854003906	0.21120262145996094
phase2w_vs_phase2s	37165	394	improved	4	394	0.3960387706756592	0.3607824146747589	0.3002640902996063	0.3607824146747589	0.06051832437515259	0.27684974670410156	0.12940073013305664
phase2w_vs_phase2s	30410	702	improved	602	702	0.29793140292167664	0.29695791006088257	0.2364482432603836	0.29695791006088257	0.06050966680049896	0.23113393783569336	0.08136606216430664
phase2w_vs_phase2s	29161	983	regressed	983	801	0.3067720830440521	0.3398551940917969	0.3067720830440521	0.24635891616344452	-0.060413166880607605	0.05326986312866211	0.3217301368713379
phase2w_vs_phase2s	48569	895	regressed	895	744	0.33228999376296997	0.354295015335083	0.33228999376296997	0.2720005214214325	-0.060289472341537476	0.07942390441894531	0.2643260955810547
phase2w_vs_phase2s	4994	718	improved	460	718	0.1790362000465393	0.22729885578155518	0.1670428216457367	0.22729885578155518	0.06025603413581848	0.06933784484863281	0.3369121551513672
phase2w_vs_phase2s	25884	264	improved	263	264	0.4402329921722412	0.46684327721595764	0.40710392594337463	0.46684327721595764	0.05973935127258301	0.07823562622070312	0.17176437377929688
phase2w_vs_phase2s	15504	549	improved	816	549	0.4038122296333313	0.42007067799568176	0.3603571653366089	0.42007067799568176	0.059713512659072876	0.11385440826416016	0.16739606857299805
phase2w_vs_phase2s	31096	54	improved	63	54	0.27538084983825684	0.2558117210865021	0.19617058336734772	0.2558117210865021	0.05964113771915436	0.3391704559326172	0.1608295440673828
phase2w_vs_phase2s	10985	507	improved	681	507	0.23541131615638733	0.18730413913726807	0.1276831328868866	0.18730413913726807	0.05962100625038147	0.6117825508117676	0.04446744918823242
phase2w_vs_phase2s	41570	765	improved	857	765	0.39805957674980164	0.3251585364341736	0.26561322808265686	0.3251585364341736	0.059545308351516724	0.40456056594848633	0.03293943405151367
phase2w_vs_phase2s	34690	842	improved	638	842	0.17145764827728271	0.2294129580259323	0.16994303464889526	0.2294129580259323	0.05946992337703705	0.00887298583984375	0.6473770141601562
phase2w_vs_phase2s	24061	804	regressed	804	896	0.3854628801345825	0.42570024728775024	0.3854628801345825	0.3260171115398407	-0.05944576859474182	0.07696390151977539	0.2667856216430664
phase2w_vs_phase2s	18156	631	regressed	631	804	0.30393460392951965	0.3849073350429535	0.30393460392951965	0.24451108276844025	-0.05942352116107941	0.20250797271728516	0.45374202728271484
phase2w_vs_phase2s	34886	505	regressed	505	725	0.3277842402458191	0.3500322699546814	0.3277842402458191	0.26837918162345886	-0.05940505862236023	0.046875953674316406	0.2656245231628418
phase2w_vs_phase2s	8492	861	improved	653	861	0.12891870737075806	0.18289880454540253	0.12353119254112244	0.18289880454540253	0.05936761200428009	0.04268836975097656	0.45731163024902344
phase2w_vs_phase2s	19899	584	improved	523	584	0.2719641923904419	0.1517348736524582	0.09254003316164017	0.1517348736524582	0.059194840490818024	1.0780291557312012	0.5351395606994629
phase2w_vs_phase2s	14666	319	improved	320	319	0.41768723726272583	0.43633097410202026	0.37718185782432556	0.43633097410202026	0.0591491162776947	0.1020054817199707	0.1792445182800293
phase2w_vs_phase2s	4304	462	improved	746	462	0.3681234121322632	0.4237683117389679	0.3646838068962097	0.4237683117389679	0.05908450484275818	0.009387493133544922	0.24061250686645508
phase2w_vs_phase2s	26855	435	regressed	435	876	0.4849607050418854	0.5132886171340942	0.4849607050418854	0.4260225296020508	-0.058938175439834595	0.06365394592285156	0.18634605407714844
phase2w_vs_phase2s	29629	241	improved	238	241	0.4764121472835541	0.4882396161556244	0.4293350279331207	0.4882396161556244	0.05890458822250366	0.10404586791992188	0.14595413208007812
phase2w_vs_phase2s	4424	838	regressed	838	929	0.31628337502479553	0.4333886206150055	0.31628337502479553	0.2576265335083008	-0.05865684151649475	0.011126041412353516	0.5201239585876465
phase2w_vs_phase2s	12265	548	improved	598	548	0.4212978482246399	0.4045095145702362	0.34595346450805664	0.4045095145702362	0.058556050062179565	0.1970357894897461	0.1467142105102539
phase2w_vs_phase2s	39607	390	regressed	390	65	0.39044275879859924	0.4212510585784912	0.39044275879859924	0.3321680426597595	-0.05827471613883972	0.012412071228027344	0.23758792877197266
phase2w_vs_phase2s	31911	724	regressed	724	854	0.31021592020988464	0.269365519285202	0.31021592020988464	0.2519657015800476	-0.058250218629837036	0.4332237243652344	0.06677627563476562
phase2w_vs_phase2s	47192	650	regressed	650	818	0.2753129005432129	0.29186591506004333	0.2753129005432129	0.21725435554981232	-0.058058544993400574	0.1422743797302246	0.2952256202697754
phase2w_vs_phase2s	25102	833	improved	682	833	0.24928702414035797	0.1752377599477768	0.11721950769424438	0.1752377599477768	0.05801825225353241	0.7545566558837891	0.05794334411621094
phase2w_vs_phase2s	23723	424	improved	415	424	0.48717397451400757	0.4436393678188324	0.38563746213912964	0.4436393678188324	0.05800190567970276	0.23372364044189453	0.07877635955810547
phase2w_vs_phase2s	47219	943	regressed	943	939	0.4757902920246124	0.4792402684688568	0.4757902920246124	0.4178297817707062	-0.05796051025390625	0.17537212371826172	0.13712787628173828
phase2w_vs_phase2s	11627	445	regressed	445	433	0.36144834756851196	0.4501088261604309	0.36144834756851196	0.30372583866119385	-0.057722508907318115	0.012885570526123047	0.39336395263671875
phase2w_vs_phase2s	40160	966	regressed	966	572	0.3082488477230072	0.32622167468070984	0.3082488477230072	0.25065046548843384	-0.057598382234573364	0.1739821434020996	0.2635178565979004
phase2w_vs_phase2s	22104	35	regressed	35	36	0.45880836248397827	0.4665353000164032	0.45880836248397827	0.4013509452342987	-0.057457417249679565	0.0995025634765625	0.1504974365234375
phase2w_vs_phase2s	10500	227	improved	225	227	0.3082079291343689	0.30369025468826294	0.24667899310588837	0.30369025468826294	0.05701126158237457	0.222686767578125	0.058563232421875
phase2w_vs_phase2s	17273	265	regressed	265	266	0.4638301730155945	0.4436454176902771	0.4638301730155945	0.40683403611183167	-0.05699613690376282	0.16337966918945312	0.08662033081054688
phase2w_vs_phase2s	18198	558	regressed	558	513	0.23229512572288513	0.18877774477005005	0.23229512572288513	0.1753987818956375	-0.05689634382724762	0.48899173736572266	0.07350826263427734
phase2w_vs_phase2s	3016	889	regressed	889	486	0.26069122552871704	0.23992936313152313	0.26069122552871704	0.20406067371368408	-0.05663055181503296	0.0880727767944336	0.1619272232055664
phase2w_vs_phase2s	30237	173	improved	171	173	0.18818508088588715	0.2134808748960495	0.15690012276172638	0.2134808748960495	0.05658075213432312	0.18181657791137695	0.28693342208862305
phase2w_vs_phase2s	9202	622	regressed	622	759	0.28936055302619934	0.24011880159378052	0.28936055302619934	0.23278018832206726	-0.05658036470413208	0.12521076202392578	0.03103923797607422
phase2w_vs_phase2s	33923	186	regressed	186	852	0.4017229676246643	0.35867610573768616	0.4017229676246643	0.3452158570289612	-0.056507110595703125	0.21175003051757812	0.038249969482421875
phase2w_vs_phase2s	31978	67	regressed	67	995	0.23169931769371033	0.3025306761264801	0.23169931769371033	0.175372913479805	-0.056326404213905334	0.20473194122314453	0.5452680587768555
phase2w_vs_phase2s	13116	764	improved	413	764	0.45556893944740295	0.3726784586906433	0.3164530396461487	0.3726784586906433	0.05622541904449463	0.36437225341796875	0.01062774658203125
phase2w_vs_phase2s	36287	66	regressed	66	54	0.2931475043296814	0.25173312425613403	0.2931475043296814	0.23699909448623657	-0.056148409843444824	0.18968677520751953	0.06031322479248047
phase2w_vs_phase2s	33022	447	regressed	447	976	0.2708679437637329	0.23318643867969513	0.2708679437637329	0.21474388241767883	-0.05612406134605408	0.5113577842712402	0.08239221572875977
phase2w_vs_phase2s	34624	728	improved	281	728	0.22982142865657806	0.24861545860767365	0.19266657531261444	0.24861545860767365	0.055948883295059204	0.13093185424804688	0.07365846633911133
phase2w_vs_phase2s	26104	149	improved	6	149	0.33297592401504517	0.35224637389183044	0.2964571416378021	0.35224637389183044	0.05578923225402832	0.11616754531860352	0.07133245468139648
phase2w_vs_phase2s	35698	498	improved	867	498	0.28805971145629883	0.2719380259513855	0.2163386046886444	0.2719380259513855	0.05559942126274109	0.28632307052612305	0.24492692947387695
phase2w_vs_phase2s	49259	513	improved	650	513	0.4107346832752228	0.3739386796951294	0.3184450566768646	0.3739386796951294	0.05549362301826477	0.2544975280761719	0.15175247192382812
phase2w_vs_phase2s	2001	876	improved	598	876	0.2618432939052582	0.2925325632095337	0.23712557554244995	0.2925325632095337	0.05540698766708374	0.09915637969970703	0.24459362030029297
phase2w_vs_phase2s	16380	35	regressed	35	36	0.28526532649993896	0.2510968744754791	0.28526532649993896	0.22994527220726013	-0.05532005429267883	0.3495025634765625	0.0879974365234375
phase2w_vs_phase2s	6014	733	improved	645	733	0.35765495896339417	0.3832892179489136	0.32808372378349304	0.3832892179489136	0.05520549416542053	0.08629989624023438	0.3824501037597656
phase2w_vs_phase2s	1232	842	regressed	842	445	0.38755422830581665	0.34638217091560364	0.38755422830581665	0.33270007371902466	-0.05485415458679199	0.20969867706298828	0.04030132293701172
phase2w_vs_phase2s	41303	965	improved	909	965	0.15566223859786987	0.13925009965896606	0.08459122478961945	0.13925009965896606	0.05465887486934662	0.42648935317993164	0.20264196395874023
phase2w_vs_phase2s	19427	427	improved	738	427	0.4538591504096985	0.30103600025177	0.246499165892601	0.30103600025177	0.054536834359169006	0.6104283332824707	0.014571666717529297
phase2w_vs_phase2s	39690	735	improved	911	735	0.3474102318286896	0.3813572824001312	0.32716307044029236	0.3813572824001312	0.05419421195983887	0.06004762649536133	0.09620237350463867
phase2w_vs_phase2s	10161	624	regressed	624	454	0.44751042127609253	0.40001747012138367	0.44751042127609253	0.3937241733074188	-0.053786247968673706	0.17164230346679688	0.015857696533203125
phase2w_vs_phase2s	49372	423	improved	424	423	0.2585652768611908	0.190829336643219	0.24439145624637604	0.190829336643219	-0.05356211960315704	0.05637693405151367	0.03737306594848633
phase2w_vs_phase2s	19136	756	regressed	756	747	0.3684132993221283	0.3830500543117523	0.3684132993221283	0.31488728523254395	-0.05352601408958435	0.054049015045166016	0.19595098495483398
phase2w_vs_phase2s	37652	792	improved	802	792	0.2541709244251251	0.2276485562324524	0.17414212226867676	0.2276485562324524	0.053506433963775635	0.37813520431518555	0.12186479568481445
phase2w_vs_phase2s	20813	464	improved	877	464	0.11312952637672424	0.12473030388355255	0.07146523147821426	0.12473030388355255	0.05326507240533829	0.459322452545166	0.446927547454834
phase2w_vs_phase2s	23649	741	regressed	741	496	0.14234627783298492	0.16139738261699677	0.14234627783298492	0.0892796516418457	-0.05306662619113922	0.12665414810180664	0.004100799560546875
phase2w_vs_phase2s	44795	827	improved	909	827	0.21798187494277954	0.24740511178970337	0.19444751739501953	0.24740511178970337	0.05295759439468384	0.11424970626831055	0.5420002937316895
phase2w_vs_phase2s	23243	614	regressed	614	697	0.43820691108703613	0.44330644607543945	0.43820691108703613	0.38533851504325867	-0.052868396043777466	0.1411113739013672	0.14013910293579102
phase2w_vs_phase2s	10203	345	improved	690	345	0.4415341317653656	0.468339204788208	0.4157135784626007	0.468339204788208	0.0526256263256073	0.06025886535644531	0.1897411346435547
phase2w_vs_phase2s	49930	457	improved	735	457	0.22295960783958435	0.2474752962589264	0.19489054381847382	0.2474752962589264	0.052584752440452576	0.1345524787902832	0.0529475212097168
phase2w_vs_phase2s	36582	943	regressed	943	939	0.4881075620651245	0.4693720042705536	0.4881075620651245	0.43561887741088867	-0.05248868465423584	0.23787212371826172	0.07462787628173828
phase2w_vs_phase2s	11255	233	regressed	233	251	0.2088865041732788	0.19030900299549103	0.2088865041732788	0.15669134259223938	-0.05219516158103943	0.30562877655029297	0.19437122344970703
phase2w_vs_phase2s	2370	427	improved	756	427	0.4188331365585327	0.46728944778442383	0.4152415990829468	0.46728944778442383	0.05204784870147705	0.00861215591430664	0.17888832092285156
phase2w_vs_phase2s	37705	43	regressed	43	42	0.309358686208725	0.35997459292411804	0.309358686208725	0.25731387734413147	-0.052044808864593506	0.10176324844360352	0.3357367515563965
phase2w_vs_phase2s	46282	718	regressed	718	919	0.19801579415798187	0.18793363869190216	0.19801579415798187	0.14628465473651886	-0.05173113942146301	0.0932154655456543	0.2505345344543457
phase2w_vs_phase2s	10764	925	improved	910	925	0.20894931256771088	0.16159892082214355	0.10998371243476868	0.16159892082214355	0.05161520838737488	0.5397100448608398	0.014490604400634766
phase2w_vs_phase2s	6749	125	improved	119	125	0.45731526613235474	0.4241308867931366	0.3731030523777008	0.4241308867931366	0.05102783441543579	0.20351839065551758	0.04648113250732422
phase2w_vs_phase2s	35709	66	improved	68	66	0.38772454857826233	0.38839074969291687	0.3376027047634125	0.38839074969291687	0.050788044929504395	0.13842535018920898	0.017824649810791016
phase2w_vs_phase2s	7729	265	improved	153	265	0.37945684790611267	0.31918665766716003	0.2684359848499298	0.31918665766716003	0.050750672817230225	0.3461284637451172	0.028871536254882812
phase2w_vs_phase2s	15701	440	regressed	440	737	0.4288189709186554	0.4561030864715576	0.4288189709186554	0.3782208561897278	-0.05059811472892761	0.0627593994140625	0.1872406005859375
phase2w_vs_phase2s	12104	78	improved	302	78	0.37403833866119385	0.38128432631492615	0.33106356859207153	0.38128432631492615	0.050220757722854614	0.12204790115356445	0.28420209884643555
phase2w_vs_phase2s	42497	500	regressed	500	825	0.29294899106025696	0.2657773792743683	0.29294899106025696	0.2427380234003067	-0.050210967659950256	0.5343236923217773	0.09067630767822266
phase2w_vs_phase2s	15596	977	improved	814	977	0.375519335269928	0.3755103349685669	0.32559093832969666	0.3755103349685669	0.04991939663887024	0.1426682472229004	0.1385817527770996
phase2w_vs_phase2s	42605	969	regressed	969	659	0.13501565158367157	0.15738868713378906	0.13501565158367157	0.08516564220190048	-0.04985000938177109	0.0733795166015625	0.1666407585144043
phase2w_vs_phase2s	7150	513	regressed	513	776	0.2749011218547821	0.3517334461212158	0.2749011218547821	0.2251342087984085	-0.049766913056373596	0.026473522186279297	0.44617700576782227
phase2w_vs_phase2s	38524	235	regressed	235	227	0.16300825774669647	0.13214313983917236	0.16300825774669647	0.11334943771362305	-0.049658820033073425	0.5965895652770996	0.1534104347229004
phase2w_vs_phase2s	43976	468	improved	454	468	0.23967769742012024	0.15545113384723663	0.10601794719696045	0.15545113384723663	0.049433186650276184	0.7167844772338867	0.059313297271728516
phase2w_vs_phase2s	5739	517	regressed	517	488	0.39611655473709106	0.426584392786026	0.39611655473709106	0.3467661738395691	-0.04935038089752197	0.07409048080444336	0.20715951919555664
phase2w_vs_phase2s	24376	368	regressed	368	384	0.1600835919380188	0.2069084793329239	0.1600835919380188	0.11138036102056503	-0.048703230917453766	0.06817436218261719	0.5435128211975098
phase2w_vs_phase2s	23378	439	improved	652	439	0.28597915172576904	0.3057146966457367	0.25759732723236084	0.3057146966457367	0.048117369413375854	0.10452127456665039	0.2392287254333496
phase2w_vs_phase2s	42318	182	improved	193	182	0.22152704000473022	0.2596604824066162	0.211630180478096	0.2596604824066162	0.0480303019285202	0.04570436477661133	0.29804563522338867
phase2w_vs_phase2s	4914	859	improved	904	859	0.32908371090888977	0.2664090096950531	0.21839524805545807	0.2664090096950531	0.04801376163959503	0.4100055694580078	0.1524944305419922
phase2w_vs_phase2s	37460	511	improved	817	511	0.3803349435329437	0.35418781638145447	0.3061755299568176	0.35418781638145447	0.04801228642463684	0.21689367294311523	0.06435632705688477
phase2w_vs_phase2s	22337	546	improved	401	546	0.25083252787590027	0.2373536229133606	0.18937580287456512	0.2373536229133606	0.04797782003879547	0.1457839012145996	0.020981788635253906
phase2w_vs_phase2s	12528	843	improved	806	843	0.13333691656589508	0.1762721985578537	0.12829692661762238	0.1762721985578537	0.04797527194023132	0.03853178024291992	0.09015178680419922
phase2w_vs_phase2s	4089	463	regressed	463	469	0.28076907992362976	0.3738241195678711	0.28076907992362976	0.23286984860897064	-0.04789923131465912	0.026694297790527344	0.47330570220947266
phase2w_vs_phase2s	41447	473	regressed	473	512	0.4425724148750305	0.4383581280708313	0.4425724148750305	0.39469900727272034	-0.04787340760231018	0.17633771896362305	0.10491275787353516
phase2w_vs_phase2s	34934	495	improved	504	495	0.19656561315059662	0.17850321531295776	0.1307092308998108	0.17850321531295776	0.04779398441314697	0.4080209732055664	0.055999755859375
phase2w_vs_phase2s	13445	773	regressed	773	504	0.18919609487056732	0.18202611804008484	0.18919609487056732	0.14169147610664368	-0.047504618763923645	0.030751705169677734	0.25049829483032227
phase2w_vs_phase2s	16598	977	regressed	977	484	0.35450831055641174	0.32474055886268616	0.35450831055641174	0.3071330189704895	-0.04737529158592224	0.06925392150878906	0.055745601654052734
phase2w_vs_phase2s	22286	50	regressed	50	49	0.4583612084388733	0.4130500853061676	0.4583612084388733	0.41098737716674805	-0.047373831272125244	0.1512432098388672	0.005006313323974609
phase2w_vs_phase2s	15223	74	improved	73	74	0.28575095534324646	0.26954272389411926	0.22238408029079437	0.26954272389411926	0.04715864360332489	0.13706111907958984	0.030535221099853516
phase2w_vs_phase2s	26402	101	improved	386	101	0.449046790599823	0.417350172996521	0.3703133463859558	0.417350172996521	0.047036826610565186	0.1927776336669922	0.025972366333007812
phase2w_vs_phase2s	18853	731	regressed	731	416	0.09023705869913101	0.05435379222035408	0.09023705869913101	0.043215107172727585	-0.04702195152640343	0.7394256591796875	0.2293243408203125
phase2w_vs_phase2s	8566	165	improved	237	165	0.32910147309303284	0.3631660044193268	0.3162236511707306	0.3631660044193268	0.04694235324859619	0.0399165153503418	0.3038334846496582
phase2w_vs_phase2s	15124	656	improved	424	656	0.22434186935424805	0.24574966728687286	0.19885428249835968	0.24574966728687286	0.046895384788513184	0.12059879302978516	0.31690120697021484
phase2w_vs_phase2s	23928	623	regressed	623	813	0.3225308060646057	0.35717183351516724	0.3225308060646057	0.2756456434726715	-0.046885162591934204	0.20964908599853516	0.25910091400146484
phase2w_vs_phase2s	1396	960	regressed	960	928	0.5002533197402954	0.47919556498527527	0.5002533197402954	0.45354488492012024	-0.04670843482017517	0.13248538970947266	0.055014610290527344
phase2w_vs_phase2s	6274	811	regressed	811	753	0.43118324875831604	0.4161418676376343	0.43118324875831604	0.3844917416572571	-0.04669150710105896	0.23339605331420898	0.07910394668579102
phase2w_vs_phase2s	345	834	improved	457	834	0.2796646058559418	0.29144400358200073	0.24478712677955627	0.29144400358200073	0.04665687680244446	0.13320207595825195	0.27304792404174805
phase2w_vs_phase2s	30714	207	regressed	207	213	0.4443628787994385	0.4006567597389221	0.4443628787994385	0.3978215754032135	-0.046541303396224976	0.24289846420288086	0.007101535797119141
phase2w_vs_phase2s	44430	885	regressed	885	588	0.18885502219200134	0.1481003761291504	0.18885502219200134	0.14235056936740875	-0.04650445282459259	0.1479024887084961	0.039597511291503906
phase2w_vs_phase2s	11425	232	improved	231	232	0.4184030592441559	0.4501930773258209	0.4037068784236908	0.4501930773258209	0.04648619890213013	0.03575611114501953	0.08924388885498047
phase2w_vs_phase2s	34079	938	improved	987	938	0.17224791646003723	0.21320506930351257	0.16682538390159607	0.21320506930351257	0.046379685401916504	0.03198719024658203	0.28051280975341797
phase2w_vs_phase2s	33332	970	improved	979	970	0.38417503237724304	0.32387495040893555	0.27765077352523804	0.32387495040893555	0.04622417688369751	0.3247342109680176	0.019015789031982422
phase2w_vs_phase2s	40077	77	regressed	77	73	0.43126195669174194	0.3897905945777893	0.43126195669174194	0.3851175606250763	-0.04614439606666565	0.26918888092041016	0.012061119079589844
phase2w_vs_phase2s	5573	410	improved	112	410	0.11764291673898697	0.0860181376338005	0.039969552308321	0.0860181376338005	0.04604858532547951	0.68505859375	0.104736328125
phase2w_vs_phase2s	35502	758	regressed	758	391	0.1551380455493927	0.1781013309955597	0.1551380455493927	0.10917267948389053	-0.04596536606550217	0.041828155517578125	0.4894218444824219
phase2w_vs_phase2s	23196	748	regressed	748	893	0.3195776045322418	0.2803290784358978	0.3195776045322418	0.27373814582824707	-0.04583945870399475	0.4449577331542969	0.023792266845703125
phase2w_vs_phase2s	19841	153	improved	805	153	0.2033836990594864	0.17111912369728088	0.12565359473228455	0.17111912369728088	0.04546552896499634	0.3776125907897949	0.11218452453613281
phase2w_vs_phase2s	48415	504	regressed	504	968	0.3337806165218353	0.30320048332214355	0.3337806165218353	0.2883378267288208	-0.045442789793014526	0.1997385025024414	0.050261497497558594
phase2w_vs_phase2s	24362	474	regressed	474	735	0.407870888710022	0.4684341251850128	0.407870888710022	0.3624780476093292	-0.04539284110069275	0.05606842041015625	0.25643157958984375
phase2w_vs_phase2s	46650	764	improved	889	764	0.2751186788082123	0.32013368606567383	0.27481383085250854	0.32013368606567383	0.04531985521316528	0.0011086463928222656	0.28014135360717773
phase2w_vs_phase2s	10267	964	regressed	964	924	0.15504580736160278	0.15630006790161133	0.15504580736160278	0.10974269360303879	-0.045303113758563995	0.4901108741760254	0.3536391258239746
phase2w_vs_phase2s	3718	677	regressed	677	58	0.15431170165538788	0.12352505326271057	0.15431170165538788	0.10907760262489319	-0.04523409903049469	0.031865596771240234	0.12438440322875977
phase2w_vs_phase2s	21956	486	regressed	486	889	0.4488634467124939	0.46925780177116394	0.4488634467124939	0.40366262197494507	-0.04520082473754883	0.036927223205566406	0.1505727767944336
phase2w_vs_phase2s	10724	240	improved	241	240	0.4101712703704834	0.383662611246109	0.33865123987197876	0.383662611246109	0.04501137137413025	0.1916041374206543	0.058396339416503906
phase2w_vs_phase2s	3585	454	regressed	454	457	0.21800006926059723	0.17601913213729858	0.21800006926059723	0.1731618493795395	-0.04483821988105774	0.42113399505615234	0.016366004943847656
phase2w_vs_phase2s	3852	784	regressed	784	760	0.2125062346458435	0.18240545690059662	0.2125062346458435	0.16781195998191833	-0.04469427466392517	0.2291121482849121	0.08338785171508789
phase2w_vs_phase2s	8967	885	improved	584	885	0.29862046241760254	0.32641616463661194	0.28180524706840515	0.32641616463661194	0.04461091756820679	0.05795717239379883	0.37954282760620117
phase2w_vs_phase2s	8607	997	improved	993	997	0.13110417127609253	0.15348969399929047	0.10890109837055206	0.15348969399929047	0.0445885956287384	0.18555212020874023	0.28125572204589844
phase2w_vs_phase2s	6643	165	regressed	165	236	0.3162098228931427	0.27744150161743164	0.3162098228931427	0.2718639075756073	-0.0443459153175354	0.4171915054321289	0.020308494567871094
phase2w_vs_phase2s	26530	21	regressed	21	22	0.4419727921485901	0.42146968841552734	0.4419727921485901	0.3976437747478485	-0.04432901740074158	0.16055870056152344	0.05819129943847656
phase2w_vs_phase2s	30398	503	regressed	503	731	0.14112047851085663	0.1342582404613495	0.14112047851085663	0.09681995213031769	-0.04430052638053894	0.37369346618652344	0.1381053924560547
phase2w_vs_phase2s	5664	655	regressed	655	823	0.26568371057510376	0.2252078354358673	0.26568371057510376	0.22178810834884644	-0.043895602226257324	0.047199249267578125	0.015301227569580078
phase2w_vs_phase2s	20330	270	regressed	270	269	0.42674779891967773	0.4398089051246643	0.42674779891967773	0.38301941752433777	-0.043728381395339966	0.11174535751342773	0.13825464248657227
phase2w_vs_phase2s	15489	905	improved	799	905	0.2667109966278076	0.2955365777015686	0.25202634930610657	0.2955365777015686	0.043510228395462036	0.056632041931152344	0.13086795806884766
phase2w_vs_phase2s	15952	32	improved	26	32	0.2440856546163559	0.20973718166351318	0.16636855900287628	0.20973718166351318	0.0433686226606369	0.3833136558532715	0.022936344146728516
phase2w_vs_phase2s	43294	526	improved	553	526	0.35492637753486633	0.3729066550731659	0.3298504948616028	0.3729066550731659	0.04305616021156311	0.07327079772949219	0.2392292022705078
phase2w_vs_phase2s	45551	32	improved	31	32	0.3941092789173126	0.3979022204875946	0.35487616062164307	0.3979022204875946	0.04302605986595154	0.1048593521118164	0.1451406478881836
phase2w_vs_phase2s	49137	412	improved	637	412	0.43043455481529236	0.4389778971672058	0.3959963619709015	0.4389778971672058	0.04298153519630432	0.0833902359008789	0.1978597640991211
phase2w_vs_phase2s	1554	170	improved	228	170	0.2214650958776474	0.16151843965053558	0.1185690313577652	0.16151843965053558	0.042949408292770386	0.5184578895568848	0.00023031234741210938
phase2w_vs_phase2s	43557	681	improved	620	681	0.37473607063293457	0.4168282151222229	0.374074250459671	0.4168282151222229	0.04275396466255188	0.0017676353454589844	0.12323284149169922
phase2w_vs_phase2s	48323	38	improved	41	38	0.1483854502439499	0.17027656733989716	0.12776848673820496	0.17027656733989716	0.0425080806016922	0.14959335327148438	0.3504066467285156
phase2w_vs_phase2s	20586	902	regressed	902	455	0.24420373141765594	0.26805102825164795	0.24420373141765594	0.20177845656871796	-0.04242527484893799	0.34099292755126953	0.28400707244873047
phase2w_vs_phase2s	20992	44	improved	41	44	0.22118793427944183	0.2528972625732422	0.21074272692203522	0.2528972625732422	0.04215453565120697	0.04837465286254883	0.1882038116455078
phase2w_vs_phase2s	8182	646	regressed	646	448	0.172672301530838	0.15899881720542908	0.172672301530838	0.1307055652141571	-0.04196673631668091	0.5228004455566406	0.19594955444335938
phase2w_vs_phase2s	37351	757	improved	812	757	0.2097587287425995	0.2307538092136383	0.18879330158233643	0.2307538092136383	0.04196050763130188	0.10530519485473633	0.48844480514526367
phase2w_vs_phase2s	9204	52	regressed	52	111	0.35113993287086487	0.3789445459842682	0.35113993287086487	0.30956408381462097	-0.041575849056243896	0.0477752685546875	0.2022247314453125
phase2w_vs_phase2s	39824	272	improved	269	272	0.21877457201480865	0.23101603984832764	0.18999943137168884	0.23101603984832764	0.041016608476638794	0.1410207748413086	0.1402292251586914
phase2w_vs_phase2s	16099	930	regressed	930	415	0.4023892879486084	0.43391868472099304	0.4023892879486084	0.3616754710674286	-0.04071381688117981	0.09914016723632812	0.18210983276367188
phase2w_vs_phase2s	39713	962	regressed	962	935	0.48025476932525635	0.45180484652519226	0.48025476932525635	0.4398597180843353	-0.04039505124092102	0.16070556640625	0.02679443359375
phase2w_vs_phase2s	26737	883	regressed	883	725	0.2664172053337097	0.26395276188850403	0.2664172053337097	0.22621245682239532	-0.04020474851131439	0.06445455551147461	0.1542954444885254
phase2w_vs_phase2s	24883	680	regressed	680	784	0.19929876923561096	0.17515313625335693	0.19929876923561096	0.1591728925704956	-0.040125876665115356	0.4355802536010742	0.09566974639892578
phase2w_vs_phase2s	30728	643	improved	552	643	0.4160410463809967	0.38685306906700134	0.3468228876590729	0.38685306906700134	0.04003018140792847	0.18196964263916016	0.005530357360839844
phase2w_vs_phase2s	21859	654	improved	734	654	0.39718562364578247	0.4036034643650055	0.3635788559913635	0.4036034643650055	0.04002460837364197	0.08840751647949219	0.03659248352050781
phase2w_vs_phase2s	37232	925	improved	809	925	0.44315287470817566	0.4404491186141968	0.4004285931587219	0.4404491186141968	0.040020525455474854	0.10137939453125	0.02362060546875
phase2w_vs_phase2s	15722	883	regressed	883	504	0.21926210820674896	0.2725665867328644	0.21926210820674896	0.17928029596805573	-0.03998181223869324	0.17481756210327148	0.4189324378967285
phase2w_vs_phase2s	96	764	improved	541	764	0.13149607181549072	0.11487112194299698	0.0749322772026062	0.11487112194299698	0.03993884474039078	0.2466893196105957	0.13257551193237305
phase2w_vs_phase2s	40194	513	regressed	513	875	0.4412674009799957	0.47146210074424744	0.4412674009799957	0.4013414978981018	-0.03992590308189392	0.0264739990234375	0.1610260009765625
phase2w_vs_phase2s	5847	839	regressed	839	634	0.18528614938259125	0.14709822833538055	0.18528614938259125	0.14536499977111816	-0.039921149611473083	0.7693972587585449	0.011852741241455078
phase2w_vs_phase2s	3890	651	regressed	651	786	0.15335537493228912	0.13498535752296448	0.15335537493228912	0.11346041411161423	-0.039894960820674896	0.20128774642944336	0.17371225357055664
phase2w_vs_phase2s	1499	914	improved	780	914	0.42772945761680603	0.4145551025867462	0.3747682571411133	0.4145551025867462	0.039786845445632935	0.13218307495117188	0.11781692504882812
phase2w_vs_phase2s	3935	641	regressed	641	618	0.40619632601737976	0.3747960925102234	0.40619632601737976	0.3665931224822998	-0.039603203535079956	0.22787046432495117	0.022129535675048828
phase2w_vs_phase2s	33706	860	regressed	860	519	0.2019072324037552	0.23378358781337738	0.2019072324037552	0.16233664751052856	-0.039570584893226624	0.07277631759643555	0.36472368240356445
phase2w_vs_phase2s	24005	845	improved	674	845	0.24507784843444824	0.23631326854228973	0.19676077365875244	0.23631326854228973	0.03955249488353729	0.2195873260498047	0.3741626739501953
phase2w_vs_phase2s	26047	865	improved	860	865	0.2654803693294525	0.2781608998775482	0.23870252072811127	0.2781608998775482	0.03945837914943695	0.1063227653503418	0.3311772346496582
phase2w_vs_phase2s	36898	158	improved	171	158	0.2784086763858795	0.3104703724384308	0.271241694688797	0.3104703724384308	0.03922867774963379	0.026079654693603516	0.036420345306396484
phase2w_vs_phase2s	23154	987	regressed	987	925	0.2072712630033493	0.1812244951725006	0.2072712630033493	0.16819186508655548	-0.03907939791679382	0.2691187858581543	0.061409950256347656
phase2w_vs_phase2s	41499	83	regressed	83	138	0.1502988040447235	0.15194924175739288	0.1502988040447235	0.11141978204250336	-0.038879022002220154	0.5999178886413574	0.31024169921875
phase2w_vs_phase2s	27844	764	regressed	764	650	0.3005658686161041	0.31422245502471924	0.3005658686161041	0.26170113682746887	-0.038864731788635254	0.03585195541381836	0.18289804458618164
phase2w_vs_phase2s	1024	485	regressed	485	754	0.4222384989261627	0.41744011640548706	0.4222384989261627	0.3834659159183502	-0.0387725830078125	0.04010963439941406	0.08489036560058594
phase2w_vs_phase2s	26850	509	improved	415	509	0.3168588876724243	0.2697851359844208	0.3084836006164551	0.2697851359844208	-0.0386984646320343	0.026787757873535156	0.035712242126464844
phase2w_vs_phase2s	23509	572	regressed	572	711	0.13557492196559906	0.14649447798728943	0.13557492196559906	0.09693591296672821	-0.03863900899887085	0.024562358856201172	0.13455438613891602
phase2w_vs_phase2s	35806	846	improved	619	846	0.494107186794281	0.4578937590122223	0.41928336024284363	0.4578937590122223	0.03861039876937866	0.16420555114746094	0.023294448852539062
phase2w_vs_phase2s	48322	633	improved	769	633	0.14630666375160217	0.14785043895244598	0.10933905839920044	0.14785043895244598	0.038511380553245544	0.29125118255615234	0.48999881744384766
phase2w_vs_phase2s	36098	875	improved	513	875	0.4116552472114563	0.4393908679485321	0.40090009570121765	0.4393908679485321	0.03849077224731445	0.0264739990234375	0.2235260009765625
phase2w_vs_phase2s	28122	446	improved	868	446	0.275590717792511	0.2536633610725403	0.21525618433952332	0.2536633610725403	0.03840717673301697	0.24708795547485352	0.034162044525146484
phase2w_vs_phase2s	16816	226	improved	197	226	0.2676425278186798	0.2827457785606384	0.24441057443618774	0.2827457785606384	0.038335204124450684	0.09080266952514648	0.12794733047485352
phase2w_vs_phase2s	33573	818	improved	844	818	0.12250224500894547	0.15930305421352386	0.12102016061544418	0.15930305421352386	0.03828289359807968	0.012172222137451172	0.33157777786254883
phase2w_vs_phase2s	9156	639	regressed	639	879	0.33536210656166077	0.37639084458351135	0.33536210656166077	0.29708439111709595	-0.03827771544456482	0.01338815689086914	0.23661184310913086
phase2w_vs_phase2s	18412	492	improved	695	492	0.1854192316532135	0.1710934191942215	0.1329713612794876	0.1710934191942215	0.03812205791473389	0.3324856758117676	0.07376432418823242
phase2w_vs_phase2s	15537	58	improved	32	58	0.24283699691295624	0.23863129317760468	0.2005251795053482	0.23863129317760468	0.03810611367225647	0.010816097259521484	0.006865501403808594
phase2w_vs_phase2s	18612	472	improved	977	472	0.29090452194213867	0.32497331500053406	0.28696751594543457	0.32497331500053406	0.03800579905509949	0.0136260986328125	0.0801239013671875
phase2w_vs_phase2s	15967	975	improved	703	975	0.5016616582870483	0.483327180147171	0.4456079304218292	0.483327180147171	0.0377192497253418	0.11848640441894531	0.0065135955810546875
phase2w_vs_phase2s	41345	622	improved	245	622	0.37266045808792114	0.3536445200443268	0.3159850835800171	0.3536445200443268	0.03765943646430969	0.16497278213500977	0.08502721786499023
phase2w_vs_phase2s	26457	963	improved	945	963	0.2927147150039673	0.32589417695999146	0.2883699834346771	0.32589417695999146	0.03752419352531433	0.014954090118408203	0.3287959098815918
phase2w_vs_phase2s	12165	231	improved	230	231	0.4482787549495697	0.4560640752315521	0.41874849796295166	0.4560640752315521	0.037315577268600464	0.0681447982788086	0.056855201721191406
phase2w_vs_phase2s	39953	889	improved	486	889	0.0796082615852356	0.10917477309703827	0.0720738023519516	0.10917477309703827	0.03710097074508667	0.0994272232055664	0.1193227767944336
phase2w_vs_phase2s	15535	350	improved	353	350	0.43853381276130676	0.44025784730911255	0.4031608998775482	0.44025784730911255	0.03709694743156433	0.08410120010375977	0.10339879989624023
phase2w_vs_phase2s	17203	238	regressed	238	240	0.34480831027030945	0.3331368863582611	0.34480831027030945	0.30772390961647034	-0.03708440065383911	0.23314952850341797	0.07935047149658203
phase2w_vs_phase2s	39383	950	regressed	950	951	0.41519030928611755	0.3918175995349884	0.41519030928611755	0.37874576449394226	-0.03644454479217529	0.21606874465942383	0.03393125534057617
phase2w_vs_phase2s	6043	830	regressed	830	532	0.2398398220539093	0.20515362918376923	0.2398398220539093	0.20344656705856323	-0.03639325499534607	0.30414438247680664	0.00835561752319336
phase2w_vs_phase2s	42018	655	improved	836	655	0.07349339872598648	0.10855915397405624	0.0722491517663002	0.10855915397405624	0.03631000220775604	0.017075061798095703	0.1391749382019043
phase2w_vs_phase2s	13569	542	regressed	542	513	0.1938486546278	0.24426285922527313	0.1938486546278	0.158389613032341	-0.035459041595458984	0.06681299209594727	0.43318700790405273
phase2w_vs_phase2s	11322	504	regressed	504	968	0.4162663221359253	0.4262651205062866	0.4162663221359253	0.38080981373786926	-0.03545650839805603	0.0747385025024414	0.1127614974975586
phase2w_vs_nofeat	34356	17	regressed	17	14	0.5524170398712158	0.422343909740448	0.5524170398712158	0.30870211124420166	-0.24371492862701416	0.9990572929382324	0.3134431838989258
phase2w_vs_nofeat	37069	800	regressed	800	468	0.4738987982273102	0.4526077210903168	0.4738987982273102	0.24673040211200714	-0.22716839611530304	0.5495204925537109	0.6067295074462891
phase2w_vs_nofeat	15843	711	regressed	711	446	0.4934721887111664	0.31650593876838684	0.4934721887111664	0.29117268323898315	-0.20229950547218323	0.7915744781494141	0.08342552185058594
phase2w_vs_nofeat	39552	389	regressed	389	391	0.5485413074493408	0.4313228726387024	0.5485413074493408	0.3481754660606384	-0.2003658413887024	0.7233495712280273	0.21415042877197266
phase2w_vs_nofeat	2168	327	improved	65	327	0.3816649615764618	0.39276760816574097	0.19858138263225555	0.39276760816574097	0.1941862255334854	0.6533441543579102	0.6904058456420898
phase2w_vs_nofeat	28690	811	improved	770	811	0.3945856988430023	0.4876402020454407	0.2993699312210083	0.4876402020454407	0.18827027082443237	0.2761564254760742	0.536344051361084
phase2w_vs_nofeat	22107	612	improved	870	612	0.3888062834739685	0.5425815582275391	0.3616008460521698	0.5425815582275391	0.18098071217536926	0.072540283203125	0.7399592399597168
phase2w_vs_nofeat	29317	218	improved	215	218	0.36271968483924866	0.4719007611274719	0.29912492632865906	0.4719007611274719	0.17277583479881287	0.19276905059814453	0.5259809494018555
phase2w_vs_nofeat	1317	218	improved	156	218	0.39937442541122437	0.5399098992347717	0.37019428610801697	0.5399098992347717	0.16971561312675476	0.07587146759033203	0.8616280555725098
phase2w_vs_nofeat	4516	44	improved	41	44	0.36350128054618835	0.47435715794563293	0.3056401014328003	0.47435715794563293	0.16871705651283264	0.17337465286254883	0.7016253471374512
phase2w_vs_nofeat	24341	142	regressed	142	140	0.412229984998703	0.5639955997467041	0.412229984998703	0.24957330524921417	-0.16265667974948883	0.059706687927246094	0.8152937889099121
phase2w_vs_nofeat	28623	242	regressed	242	243	0.5717042684555054	0.43159446120262146	0.5717042684555054	0.4103010296821594	-0.16140323877334595	0.6681551933288574	0.05059528350830078
phase2w_vs_nofeat	33907	828	improved	452	828	0.44193872809410095	0.5571178197860718	0.4067472815513611	0.5571178197860718	0.1503705382347107	0.08297920227050781	0.6045207977294922
phase2w_vs_nofeat	40787	503	improved	505	503	0.4899981617927551	0.48465731739997864	0.3346392512321472	0.48465731739997864	0.15001806616783142	0.3813486099243164	0.3061513900756836
phase2w_vs_nofeat	29657	515	improved	652	515	0.3331233263015747	0.3678706884384155	0.2185671329498291	0.3678706884384155	0.14930355548858643	0.421419620513916	0.547330379486084
phase2w_vs_nofeat	4700	246	regressed	246	178	0.46501827239990234	0.5677087306976318	0.46501827239990234	0.3165843188762665	-0.14843395352363586	0.10348129272460938	0.5840187072753906
phase2w_vs_nofeat	6969	428	improved	516	428	0.30169886350631714	0.3507864475250244	0.2066245973110199	0.3507864475250244	0.14416185021400452	0.3785257339477539	0.5902242660522461
phase2w_vs_nofeat	16667	352	improved	351	352	0.3489956855773926	0.48997029662132263	0.3461044430732727	0.48997029662132263	0.14386585354804993	0.008318901062011719	0.9604310989379883
phase2w_vs_nofeat	9156	639	regressed	639	879	0.44036179780960083	0.37639084458351135	0.44036179780960083	0.29708439111709595	-0.14327740669250488	0.5758886337280273	0.23661184310913086
phase2w_vs_nofeat	15596	977	improved	814	977	0.44226163625717163	0.3755103349685669	0.2325797975063324	0.3755103349685669	0.1429305374622345	0.6426682472229004	0.1385817527770996
phase2w_vs_nofeat	20040	249	improved	248	249	0.35398223996162415	0.40000244975090027	0.25728467106819153	0.40000244975090027	0.14271777868270874	0.319063663482666	0.368436336517334
phase2w_vs_nofeat	2319	796	improved	570	796	0.23098845779895782	0.3059692680835724	0.16425219178199768	0.3059692680835724	0.1417170763015747	0.34096479415893555	0.5652852058410645
phase2w_vs_nofeat	46449	134	improved	136	134	0.45200374722480774	0.3615131676197052	0.22027002274990082	0.3615131676197052	0.14124314486980438	0.7188363075256348	0.15616369247436523
phase2w_vs_nofeat	32756	335	regressed	335	336	0.30432283878326416	0.3913581967353821	0.30432283878326416	0.16973072290420532	-0.13459211587905884	0.32083988189697266	0.8354101181030273
phase2w_vs_nofeat	3183	887	regressed	887	406	0.5576374530792236	0.4558584988117218	0.5576374530792236	0.42371755838394165	-0.13391989469528198	0.48938465118408203	0.07311534881591797
phase2w_vs_nofeat	31308	676	regressed	676	162	0.36180493235588074	0.36698225140571594	0.36180493235588074	0.22858870029449463	-0.1332162320613861	0.2141108512878418	0.4437375068664551
phase2w_vs_nofeat	29490	313	improved	70	313	0.43572133779525757	0.46577081084251404	0.3341798186302185	0.46577081084251404	0.13159099221229553	0.2653236389160156	0.3909263610839844
phase2w_vs_nofeat	43047	206	improved	221	206	0.38105344772338867	0.4827980697154999	0.35237783193588257	0.4827980697154999	0.1304202377796173	0.07823562622070312	0.5467643737792969
phase2w_vs_nofeat	41006	845	improved	929	845	0.5052255392074585	0.5151272416114807	0.38843822479248047	0.5151272416114807	0.12668901681900024	0.26287078857421875	0.29962921142578125
phase2w_vs_nofeat	7911	283	regressed	283	285	0.3336561620235443	0.4087010622024536	0.3336561620235443	0.20725159347057343	-0.1264045685529709	0.039699554443359375	0.6790504455566406
phase2w_vs_nofeat	9058	12	regressed	12	10	0.3593970537185669	0.4337494373321533	0.3593970537185669	0.23328526318073273	-0.12611179053783417	0.16104507446289062	0.6202049255371094
phase2w_vs_nofeat	4206	95	regressed	95	382	0.31810128688812256	0.21880534291267395	0.31810128688812256	0.19300960004329681	-0.12509168684482574	0.6937432289123535	0.037935733795166016
phase2w_vs_nofeat	32468	567	improved	909	567	0.3895614743232727	0.4214654564857483	0.29731205105781555	0.4214654564857483	0.12415340542793274	0.27023935317993164	0.32351064682006836
phase2w_vs_nofeat	14409	256	improved	983	256	0.18784955143928528	0.26247313618659973	0.1399657130241394	0.26247313618659973	0.12250742316246033	0.29424381256103516	0.8307561874389648
phase2w_vs_nofeat	20693	940	improved	719	940	0.35743841528892517	0.4147360026836395	0.2927398085594177	0.4147360026836395	0.1219961941242218	0.19967889785766602	0.831571102142334
phase2w_vs_nofeat	4593	306	regressed	306	302	0.4075516164302826	0.4548359215259552	0.4075516164302826	0.2861038148403168	-0.12144780158996582	0.25516796112060547	0.46358203887939453
phase2w_vs_nofeat	39445	660	improved	705	660	0.464158833026886	0.44967496395111084	0.3290611505508423	0.44967496395111084	0.12061381340026855	0.34398317337036133	0.24976682662963867
phase2w_vs_nofeat	48106	436	regressed	436	609	0.4146909713745117	0.2978658974170685	0.4146909713745117	0.29453030228614807	-0.12016066908836365	0.9262385368347168	0.011261463165283203
phase2w_vs_nofeat	22364	772	improved	455	772	0.38195857405662537	0.46362990140914917	0.3436139225959778	0.46362990140914917	0.12001597881317139	0.10579347610473633	0.7067065238952637
phase2w_vs_nofeat	29750	170	regressed	170	876	0.33400580286979675	0.35889101028442383	0.33400580286979675	0.2141539454460144	-0.11985185742378235	0.4836764335632324	0.5163235664367676
phase2w_vs_nofeat	41062	623	improved	563	623	0.3666802942752838	0.3108525276184082	0.19201315939426422	0.3108525276184082	0.11883936822414398	0.6469264030456543	0.1030735969543457
phase2w_vs_nofeat	45632	160	improved	226	160	0.32624998688697815	0.2807917594909668	0.16202571988105774	0.2807917594909668	0.11876603960990906	0.6999087333679199	0.11259126663208008
phase2w_vs_nofeat	41585	703	regressed	703	912	0.4631776213645935	0.35898569226264954	0.4631776213645935	0.3446705937385559	-0.1185070276260376	0.5218067169189453	0.04069328308105469
phase2w_vs_nofeat	36598	784	improved	731	784	0.382954865694046	0.37435245513916016	0.25623905658721924	0.37435245513916016	0.11811339855194092	0.4018063545227051	0.16069412231445312
phase2w_vs_nofeat	12920	976	regressed	976	972	0.5213655233383179	0.43089085817337036	0.5213655233383179	0.4070005714893341	-0.11436495184898376	0.4429597854614258	0.05704021453857422
phase2w_vs_nofeat	15701	440	regressed	440	737	0.49233925342559814	0.4561030864715576	0.49233925342559814	0.3782208561897278	-0.11411839723587036	0.3752593994140625	0.1872406005859375
phase2w_vs_nofeat	21398	637	regressed	637	800	0.4963724613189697	0.41610246896743774	0.4963724613189697	0.3837287425994873	-0.11264371871948242	0.3877544403076172	0.08099555969238281
phase2w_vs_nofeat	26026	189	improved	184	189	0.3182690441608429	0.3751220107078552	0.2628931999206543	0.3751220107078552	0.11222881078720093	0.19114923477172852	0.3713507652282715
phase2w_vs_nofeat	8398	822	improved	484	822	0.4218089282512665	0.48771679401397705	0.37703514099121094	0.48771679401397705	0.11068165302276611	0.1122140884399414	0.3252859115600586
phase2w_vs_nofeat	40077	77	regressed	77	73	0.495641827583313	0.3897905945777893	0.495641827583313	0.3851175606250763	-0.1105242669582367	0.519188404083252	0.012061119079589844
phase2w_vs_nofeat	9089	843	improved	890	843	0.25598669052124023	0.36149996519088745	0.2527787387371063	0.36149996519088745	0.10872122645378113	0.012610912322998047	0.23738908767700195
phase2w_vs_nofeat	26104	149	improved	6	149	0.3749329149723053	0.35224637389183044	0.2442224621772766	0.35224637389183044	0.10802391171455383	0.4286675453186035	0.07133245468139648
phase2w_vs_nofeat	26641	536	improved	484	536	0.5257617235183716	0.4600994288921356	0.3523847460746765	0.4600994288921356	0.1077146828174591	0.40012454986572266	0.09987545013427734
phase2w_vs_nofeat	15466	873	regressed	873	698	0.4556027948856354	0.3778446316719055	0.4556027948856354	0.34792083501815796	-0.10768195986747742	0.4799919128417969	0.08250808715820312
phase2w_vs_nofeat	42318	182	improved	193	182	0.27977126836776733	0.2596604824066162	0.15228718519210815	0.2596604824066162	0.10737329721450806	0.6082043647766113	0.29804563522338867
phase2w_vs_nofeat	26704	845	regressed	845	424	0.35691121220588684	0.35694918036460876	0.35691121220588684	0.2514166235923767	-0.10549458861351013	0.24326801300048828	0.3504819869995117
phase2w_vs_nofeat	7943	843	improved	489	843	0.31589508056640625	0.33109283447265625	0.2262740135192871	0.33109283447265625	0.10481882095336914	0.3336634635925293	0.2913365364074707
phase2w_vs_nofeat	8910	735	regressed	735	474	0.3784524202346802	0.39612653851509094	0.3784524202346802	0.27401021122932434	-0.10444220900535583	0.28768157958984375	0.36856842041015625
phase2w_vs_nofeat	37117	564	regressed	564	857	0.430352121591568	0.43778377771377563	0.430352121591568	0.3265214264392853	-0.10383069515228271	0.2067708969116211	0.2932295799255371
phase2w_vs_nofeat	1688	509	regressed	509	582	0.5215765237808228	0.41819554567337036	0.5215765237808228	0.41778895258903503	-0.10378757119178772	0.4990267753601074	0.000972747802734375
phase2w_vs_nofeat	15489	905	improved	799	905	0.29712173342704773	0.2955365777015686	0.19296519458293915	0.2955365777015686	0.10257138311862946	0.32878923416137695	0.13086795806884766
phase2w_vs_nofeat	14871	774	improved	423	774	0.22718624770641327	0.3167993426322937	0.21455731987953186	0.3167993426322937	0.10224202275276184	0.05719327926635742	0.6928067207336426
phase2w_vs_nofeat	12029	3	improved	2	3	0.5063439607620239	0.5197526812553406	0.4179232716560364	0.5197526812553406	0.1018294095993042	0.19191837310791016	0.24558162689208984
phase2w_vs_nofeat	45628	227	regressed	227	173	0.4259621798992157	0.43272310495376587	0.4259621798992157	0.3246176838874817	-0.10134449601173401	0.21255016326904297	0.28744983673095703
phase2w_vs_nofeat	6016	799	improved	789	799	0.38233891129493713	0.4440179765224457	0.3429540991783142	0.4440179765224457	0.10106387734413147	0.10871076583862305	0.42253923416137695
phase2w_vs_nofeat	5913	129	improved	144	129	0.3940541744232178	0.395989328622818	0.2956216633319855	0.395989328622818	0.10036766529083252	0.28740787506103516	0.21259212493896484
phase2w_vs_nofeat	26535	826	regressed	826	409	0.4045143127441406	0.41120707988739014	0.4045143127441406	0.3044182062149048	-0.10009610652923584	0.13680553436279297	0.30069446563720703
phase2w_vs_nofeat	19211	653	improved	756	653	0.5074482560157776	0.43049895763397217	0.3305579721927643	0.43049895763397217	0.09994098544120789	0.42861270904541016	0.07138729095458984
phase2w_vs_nofeat	28424	845	improved	720	845	0.4577227532863617	0.3768504559993744	0.27701500058174133	0.3768504559993744	0.09983545541763306	0.5021920204162598	0.060307979583740234
phase2w_vs_nofeat	25260	609	improved	717	609	0.3019424378871918	0.379617840051651	0.28152960538864136	0.379617840051651	0.09808823466300964	0.06999874114990234	0.36750125885009766
phase2w_vs_nofeat	37526	124	improved	118	124	0.33599501848220825	0.3974924683570862	0.29969438910484314	0.3974924683570862	0.09779807925224304	0.1143331527709961	0.4794168472290039
phase2w_vs_nofeat	31431	831	regressed	831	721	0.3867957592010498	0.392762154340744	0.3867957592010498	0.28906795382499695	-0.09772780537605286	0.09970760345458984	0.30654239654541016
phase2w_vs_nofeat	11247	297	improved	232	297	0.26431745290756226	0.3345314562320709	0.2369590848684311	0.3345314562320709	0.09757237136363983	0.10926342010498047	0.23448657989501953
phase2w_vs_nofeat	1011	222	improved	257	222	0.339731365442276	0.37267836928367615	0.27567821741104126	0.37267836928367615	0.09700015187263489	0.20892095565795898	0.291079044342041
phase2w_vs_nofeat	6581	264	improved	263	264	0.48844265937805176	0.40672120451927185	0.31043872237205505	0.40672120451927185	0.0962824821472168	0.4532356262207031	0.046764373779296875
phase2w_vs_nofeat	13061	709	improved	529	709	0.40912777185440063	0.4117281138896942	0.31579825282096863	0.4117281138896942	0.09592986106872559	0.2589240074157715	0.2723259925842285
phase2w_vs_nofeat	43401	860	regressed	860	424	0.3633420765399933	0.36308321356773376	0.3633420765399933	0.26796039938926697	-0.09538167715072632	0.32120704650878906	0.30379295349121094
phase2w_vs_nofeat	4014	864	improved	779	864	0.3870643973350525	0.3356023132801056	0.2404828667640686	0.3356023132801056	0.09511944651603699	0.47594213485717773	0.18030786514282227
phase2w_vs_nofeat	21233	522	regressed	522	575	0.4802418351173401	0.39134278893470764	0.4802418351173401	0.3856211304664612	-0.0946207046508789	0.6102714538574219	0.014728546142578125
phase2w_vs_nofeat	16116	770	regressed	770	842	0.4369446337223053	0.4612317383289337	0.4369446337223053	0.3430045545101166	-0.09394007921218872	0.2038431167602539	0.2961568832397461
phase2w_vs_nofeat	10603	245	improved	189	245	0.3261246383190155	0.356350302696228	0.2625545561313629	0.356350302696228	0.09379574656486511	0.21682071685791016	0.15817928314208984
phase2w_vs_nofeat	45002	395	regressed	395	63	0.24316437542438507	0.32891523838043213	0.24316437542438507	0.14987680315971375	-0.09328757226467133	0.05776357650756836	0.7859864234924316
phase2w_vs_nofeat	43937	652	regressed	652	715	0.482608824968338	0.41210049390792847	0.482608824968338	0.38947057723999023	-0.09313824772834778	0.38102102279663086	0.05647897720336914
phase2w_vs_nofeat	1438	406	regressed	406	497	0.48769161105155945	0.41064152121543884	0.48769161105155945	0.3954339325428009	-0.09225767850875854	0.3997631072998047	0.03773689270019531
phase2w_vs_nofeat	17728	489	improved	287	489	0.3904525339603424	0.3718291223049164	0.2799204885959625	0.3718291223049164	0.09190863370895386	0.33280086517333984	0.29219913482666016
phase2w_vs_nofeat	6091	110	improved	115	110	0.4828547239303589	0.4385448098182678	0.34705981612205505	0.4385448098182678	0.09148499369621277	0.3302187919616699	0.10728120803833008
phase2w_vs_nofeat	33022	447	regressed	447	976	0.3059645891189575	0.23318643867969513	0.3059645891189575	0.21474388241767883	-0.09122070670127869	0.5426077842712402	0.08239221572875977
phase2w_vs_nofeat	23243	614	regressed	614	697	0.47593480348587036	0.44330644607543945	0.47593480348587036	0.38533851504325867	-0.0905962884426117	0.2036113739013672	0.14013910293579102
phase2w_vs_nofeat	9263	211	improved	208	211	0.27989909052848816	0.3219261169433594	0.23177236318588257	0.3219261169433594	0.0901537537574768	0.1886734962463379	0.6238265037536621
phase2w_vs_nofeat	9507	61	regressed	61	59	0.3947555720806122	0.312368243932724	0.3947555720806122	0.30517005920410156	-0.08958551287651062	0.4766864776611328	0.023313522338867188
phase2w_vs_nofeat	27614	243	improved	242	243	0.39791423082351685	0.4470537602901459	0.35801711678504944	0.4470537602901459	0.08903664350509644	0.10565567016601562	0.3630943298339844
phase2w_vs_nofeat	47735	34	regressed	34	360	0.26407507061958313	0.21348991990089417	0.26407507061958313	0.1750408411026001	-0.08903422951698303	0.42642974853515625	0.19857025146484375
phase2w_vs_nofeat	22011	618	improved	596	618	0.2219090610742569	0.22804078459739685	0.1390102505683899	0.22804078459739685	0.08903053402900696	0.46772003173828125	0.37602996826171875
phase2w_vs_nofeat	4860	696	improved	794	696	0.49763864278793335	0.4681466221809387	0.379344642162323	0.4681466221809387	0.08880198001861572	0.27142906188964844	0.16607093811035156
phase2w_vs_nofeat	18338	630	improved	514	630	0.2232300341129303	0.283319890499115	0.19463683664798737	0.283319890499115	0.08868305385112762	0.13706731796264648	0.6441826820373535
phase2w_vs_nofeat	37424	242	regressed	242	243	0.28492721915245056	0.28254881501197815	0.28492721915245056	0.19651857018470764	-0.08840864896774292	0.07440567016601562	0.3630943298339844
phase2w_vs_nofeat	11220	892	regressed	892	448	0.5162821412086487	0.4911009967327118	0.5162821412086487	0.42814740538597107	-0.08813473582267761	0.23781776428222656	0.13718223571777344
phase2w_vs_nofeat	3454	412	regressed	412	621	0.2812971770763397	0.22831979393959045	0.2812971770763397	0.19336682558059692	-0.0879303514957428	0.33384180068969727	0.16615819931030273
phase2w_vs_nofeat	45285	134	regressed	134	99	0.4332345426082611	0.49115505814552307	0.4332345426082611	0.3453233242034912	-0.0879112184047699	0.0852212905883789	0.3522787094116211
phase2w_vs_nofeat	40808	747	improved	417	747	0.37827104330062866	0.3509475886821747	0.2632851302623749	0.3509475886821747	0.0876624584197998	0.36237335205078125	0.13762664794921875
phase2w_vs_nofeat	575	733	regressed	733	561	0.39200764894485474	0.34807080030441284	0.39200764894485474	0.30467841029167175	-0.08732923865318298	0.3668503761291504	0.1331491470336914
phase2w_vs_nofeat	25492	108	improved	329	108	0.41330787539482117	0.3930160403251648	0.3061774671077728	0.3930160403251648	0.08683857321739197	0.30002784729003906	0.19997215270996094
phase2w_vs_nofeat	367	728	regressed	728	636	0.3692413568496704	0.39264729619026184	0.3692413568496704	0.2825668454170227	-0.0866745114326477	0.07725334167480469	0.3289966583251953
phase2w_vs_nofeat	28197	665	improved	671	665	0.3994813859462738	0.46367740631103516	0.3777138292789459	0.46367740631103516	0.08596357703208923	0.0560302734375	0.2564697265625
phase2w_vs_nofeat	32677	891	improved	492	891	0.15339162945747375	0.16832223534584045	0.08302908390760422	0.16832223534584045	0.08529315143823624	0.03422212600708008	0.13916873931884766
phase2w_vs_nofeat	37619	421	improved	453	421	0.25956547260284424	0.3269759714603424	0.24226509034633636	0.3269759714603424	0.08471088111400604	0.06897640228271484	0.49352359771728516
phase2w_vs_nofeat	44408	720	regressed	720	455	0.4874078631401062	0.4497242867946625	0.4874078631401062	0.4027705490589142	-0.08463731408119202	0.20223236083984375	0.11026763916015625
phase2w_vs_nofeat	34105	52	improved	44	52	0.4241250455379486	0.3072146475315094	0.2231121063232422	0.3072146475315094	0.08410254120826721	0.6423540115356445	0.013895988464355469
phase2w_vs_nofeat	8117	75	improved	77	75	0.36616307497024536	0.3136928379535675	0.22967787086963654	0.3136928379535675	0.08401496708393097	0.4664011001586914	0.1273488998413086
phase2w_vs_nofeat	43844	443	improved	434	443	0.16516999900341034	0.2449442595243454	0.16179470717906952	0.2449442595243454	0.08314955234527588	0.020647048950195312	0.5731029510498047
phase2w_vs_nofeat	34785	120	regressed	120	119	0.3081478178501129	0.33552518486976624	0.3081478178501129	0.2256367951631546	-0.08251102268695831	0.009479522705078125	0.3967704772949219
phase2w_vs_nofeat	901	747	improved	955	747	0.29662707448005676	0.2565235495567322	0.17411914467811584	0.2565235495567322	0.08240440487861633	0.5327358245849609	0.24851417541503906
phase2w_vs_nofeat	25057	593	improved	819	593	0.3005080223083496	0.37986794114112854	0.2975445091724396	0.37986794114112854	0.08232343196868896	0.00991058349609375	0.39633941650390625
phase2w_vs_nofeat	198	862	improved	470	862	0.2507321834564209	0.2606847882270813	0.178423210978508	0.2606847882270813	0.0822615772485733	0.3402271270751953	0.06602287292480469
phase2w_vs_nofeat	32848	492	improved	921	492	0.1976974606513977	0.2585581839084625	0.17631341516971588	0.2585581839084625	0.08224476873874664	0.11447477340698242	0.5417752265930176
phase2w_vs_nofeat	30950	860	improved	498	860	0.3156294524669647	0.3921829164028168	0.31037890911102295	0.3921829164028168	0.08180400729179382	0.016775131225585938	0.29572486877441406
phase2w_vs_nofeat	21842	582	improved	898	582	0.3077276647090912	0.38051432371139526	0.2988766133785248	0.38051432371139526	0.08163771033287048	0.029184341430664062	0.47081565856933594
phase2w_vs_nofeat	17513	635	regressed	635	426	0.4342103898525238	0.49775585532188416	0.4342103898525238	0.3527817130088806	-0.08142867684364319	0.030739784240722656	0.34426021575927734
phase2w_vs_nofeat	40805	151	regressed	151	230	0.24519556760787964	0.2238548994064331	0.24519556760787964	0.16418980062007904	-0.0810057669878006	0.40877485275268555	0.30997514724731445
phase2w_vs_nofeat	14809	150	improved	460	150	0.32415175437927246	0.3561533987522125	0.2758994698524475	0.3561533987522125	0.08025392889976501	0.16117525100708008	0.24507474899291992
phase2w_vs_nofeat	16380	35	regressed	35	36	0.31013038754463196	0.2510968744754791	0.31013038754463196	0.22994527220726013	-0.08018511533737183	0.2245025634765625	0.0879974365234375
phase2w_vs_nofeat	7715	948	regressed	948	572	0.3267093300819397	0.3946586549282074	0.3267093300819397	0.24698425829410553	-0.07972507178783417	0.03130340576171875	0.46869659423828125
phase2w_vs_nofeat	7150	513	regressed	513	776	0.30439162254333496	0.3517334461212158	0.30439162254333496	0.2251342087984085	-0.07925741374492645	0.24132299423217773	0.44617700576782227
phase2w_vs_nofeat	48157	489	improved	310	489	0.30170533061027527	0.2837277352809906	0.20471645891666412	0.2837277352809906	0.07901127636432648	0.38782501220703125	0.11217498779296875
phase2w_vs_nofeat	15124	656	improved	424	656	0.22708529233932495	0.24574966728687286	0.16687199473381042	0.24574966728687286	0.07887767255306244	0.22668838500976562	0.31690120697021484
phase2w_vs_nofeat	22195	827	regressed	827	481	0.2076055109500885	0.15883618593215942	0.2076055109500885	0.12915606796741486	-0.07844944298267365	0.4309067726135254	0.07525873184204102
phase2w_vs_nofeat	3474	67	regressed	67	68	0.30733782052993774	0.317181259393692	0.30733782052993774	0.2289014309644699	-0.07843638956546783	0.11131811141967773	0.13842535018920898
phase2w_vs_nofeat	11275	733	improved	910	733	0.1573304682970047	0.19767452776432037	0.11961088329553604	0.19767452776432037	0.07806364446878433	0.27410459518432617	0.44464540481567383
phase2w_vs_nofeat	12	712	improved	622	712	0.4466472864151001	0.42775529623031616	0.34977197647094727	0.42775529623031616	0.0779833197593689	0.24448776245117188	0.28676271438598633
phase2w_vs_nofeat	49974	405	regressed	405	146	0.32805135846138	0.2754519581794739	0.32805135846138	0.2500757873058319	-0.0779755711555481	0.247100830078125	0.096649169921875
phase2w_vs_nofeat	99	238	regressed	238	240	0.4401654601097107	0.5196494460105896	0.4401654601097107	0.36232948303222656	-0.07783597707748413	0.014399528503417969	0.36060047149658203
phase2w_vs_nofeat	22180	501	regressed	501	885	0.32492882013320923	0.30719634890556335	0.32492882013320923	0.2476133555173874	-0.07731546461582184	0.12813138961791992	0.21561861038208008
phase2w_vs_nofeat	16845	770	regressed	770	774	0.39510035514831543	0.42508500814437866	0.39510035514831543	0.3178480565547943	-0.07725229859352112	0.20928430557250977	0.29071569442749023
phase2w_vs_nofeat	21257	26	regressed	26	32	0.31811419129371643	0.3941574692726135	0.31811419129371643	0.2410644143819809	-0.07704977691173553	0.039563655853271484	0.4916863441467285
phase2w_vs_nofeat	6587	115	regressed	115	973	0.24687133729457855	0.20686489343643188	0.24687133729457855	0.1698889583349228	-0.07698237895965576	0.17807912826538086	0.19692087173461914
phase2w_vs_nofeat	39897	337	improved	336	337	0.45018506050109863	0.5130216479301453	0.43622449040412903	0.5130216479301453	0.07679715752601624	0.03150177001953125	0.28099822998046875
phase2w_vs_nofeat	9900	977	improved	978	977	0.4854675233364105	0.46651554107666016	0.3904738426208496	0.46651554107666016	0.07604169845581055	0.21775150299072266	0.09474849700927734
phase2w_vs_nofeat	10257	455	regressed	455	626	0.2566581070423126	0.28127047419548035	0.2566581070423126	0.18111756443977356	-0.07554054260253906	0.2160797119140625	0.4401702880859375
phase2w_vs_nofeat	11230	456	regressed	456	764	0.4308798313140869	0.3895931839942932	0.4308798313140869	0.3558664619922638	-0.07501336932182312	0.4094529151916504	0.09054756164550781
phase2w_vs_nofeat	41755	843	regressed	843	488	0.4158455729484558	0.49370402097702026	0.4158455729484558	0.3410339653491974	-0.07481160759925842	0.06754589080810547	0.36995410919189453
phase2w_vs_nofeat	6749	125	improved	119	125	0.4853682518005371	0.4241308867931366	0.3494601547718048	0.4241308867931366	0.07467073202133179	0.3285183906555176	0.04648113250732422
phase2w_vs_nofeat	25557	754	regressed	754	688	0.4171983599662781	0.4418659806251526	0.4171983599662781	0.34272003173828125	-0.07447832822799683	0.18340778350830078	0.2540926933288574
phase2w_vs_nofeat	18512	285	regressed	285	281	0.36375734210014343	0.397757351398468	0.36375734210014343	0.2892844080924988	-0.07447293400764465	0.08781814575195312	0.3184318542480469
phase2w_vs_nofeat	29654	748	improved	893	748	0.44260773062705994	0.4438508152961731	0.36968177556991577	0.4438508152961731	0.07416903972625732	0.18004131317138672	0.06995868682861328
phase2w_vs_nofeat	7374	923	regressed	923	928	0.26643234491348267	0.28597959876060486	0.26643234491348267	0.1923767477273941	-0.07405559718608856	0.10353517532348633	0.39646482467651367
phase2w_vs_nofeat	30688	580	improved	738	580	0.19252721965312958	0.226856991648674	0.1528291553258896	0.226856991648674	0.07402783632278442	0.15032672882080078	0.08158302307128906
phase2w_vs_nofeat	31435	636	improved	885	636	0.3180990219116211	0.27797016501426697	0.2039850801229477	0.27797016501426697	0.07398508489131927	0.44431591033935547	0.02443408966064453
phase2w_vs_nofeat	38607	566	regressed	566	875	0.2272447645664215	0.2973909378051758	0.2272447645664215	0.15328168869018555	-0.07396307587623596	0.08722972869873047	0.5985264778137207
phase2w_vs_nofeat	24392	914	improved	780	914	0.43788886070251465	0.5086945295333862	0.43475475907325745	0.5086945295333862	0.07393977046012878	0.007183074951171875	0.36781740188598633
phase2w_vs_nofeat	17545	870	regressed	870	612	0.41051527857780457	0.4282875955104828	0.41051527857780457	0.33691656589508057	-0.073598712682724	0.291290283203125	0.239959716796875
phase2w_vs_nofeat	17405	260	improved	257	260	0.3492494821548462	0.4166804254055023	0.3432111144065857	0.4166804254055023	0.07346931099891663	0.0174407958984375	0.4200592041015625
phase2w_vs_nofeat	9001	921	improved	922	921	0.40763595700263977	0.46761369705200195	0.39414480328559875	0.46761369705200195	0.0734688937664032	0.03365612030029297	0.34134387969970703
phase2w_vs_nofeat	18083	194	regressed	194	200	0.38235822319984436	0.43653151392936707	0.38235822319984436	0.30905961990356445	-0.07329860329627991	0.06092357635498047	0.34532642364501953
phase2w_vs_nofeat	23560	717	improved	864	717	0.34002554416656494	0.37988805770874023	0.30676692724227905	0.37988805770874023	0.07312113046646118	0.10293245315551758	0.4283175468444824
phase2w_vs_nofeat	38578	368	improved	375	368	0.25406184792518616	0.31889599561691284	0.24579906463623047	0.31889599561691284	0.07309693098068237	0.033063411712646484	0.5294365882873535
phase2w_vs_nofeat	3935	641	regressed	641	618	0.4396493434906006	0.3747960925102234	0.4396493434906006	0.3665931224822998	-0.07305622100830078	0.44662046432495117	0.022129535675048828
phase2w_vs_nofeat	48216	915	improved	425	915	0.31580987572669983	0.3731842637062073	0.30039358139038086	0.3731842637062073	0.07279068231582642	0.05004692077636719	0.3249530792236328
phase2w_vs_nofeat	30375	74	improved	616	74	0.3651472330093384	0.31202831864356995	0.2398039996623993	0.31202831864356995	0.07222431898117065	0.42047882080078125	0.07952117919921875
phase2w_vs_nofeat	9948	366	improved	367	366	0.35483962297439575	0.3164568245410919	0.24427619576454163	0.3164568245410919	0.07218062877655029	0.3733663558959961	0.0641336441040039
phase2w_vs_nofeat	19704	463	regressed	463	653	0.2864985167980194	0.34914612770080566	0.2864985167980194	0.21452336013317108	-0.07197515666484833	0.13792800903320312	0.4870719909667969
phase2w_vs_nofeat	18965	931	improved	930	931	0.37944185733795166	0.43372583389282227	0.3618415892124176	0.43372583389282227	0.07188424468040466	0.04749488830566406	0.26500511169433594
phase2w_vs_nofeat	20095	853	regressed	853	634	0.37427034974098206	0.3541851043701172	0.37427034974098206	0.30240127444267273	-0.07186907529830933	0.3106851577758789	0.1580648422241211
phase2w_vs_nofeat	8987	155	improved	204	155	0.4260717034339905	0.3933543562889099	0.3218737244606018	0.3933543562889099	0.0714806318283081	0.28044843673706055	0.00080108642578125
phase2w_vs_nofeat	15645	488	regressed	488	494	0.30065181851387024	0.2708028554916382	0.30065181851387024	0.22926709055900574	-0.0713847279548645	0.1772465705871582	0.1665034294128418
phase2w_vs_nofeat	25420	708	regressed	708	873	0.3147827088832855	0.30594635009765625	0.3147827088832855	0.2438962459564209	-0.07088646292686462	0.08583307266235352	0.22666692733764648
phase2w_vs_nofeat	43033	59	regressed	59	40	0.2651764154434204	0.26230302453041077	0.2651764154434204	0.1943368911743164	-0.070839524269104	0.41884279251098633	0.24030447006225586
phase2w_vs_nofeat	32343	262	improved	237	262	0.2688020169734955	0.284430593252182	0.21378262341022491	0.284430593252182	0.07064796984195709	0.22901535034179688	0.4272346496582031
phase2w_vs_nofeat	37165	394	improved	4	394	0.40759339928627014	0.3607824146747589	0.2903015911579132	0.3607824146747589	0.0704808235168457	0.33934974670410156	0.12940073013305664
phase2w_vs_nofeat	20196	117	regressed	117	608	0.13532015681266785	0.17691341042518616	0.13532015681266785	0.06515609472990036	-0.07016406208276749	0.09487533569335938	0.9988746643066406
phase2w_vs_nofeat	27433	958	improved	515	958	0.44085970520973206	0.510444164276123	0.44033366441726685	0.510444164276123	0.0701104998588562	0.001194000244140625	0.3738059997558594
phase2w_vs_nofeat	23001	715	improved	652	715	0.5215350985527039	0.46117302775382996	0.39131230115890503	0.46117302775382996	0.06986072659492493	0.28727054595947266	0.025229454040527344
phase2w_vs_nofeat	27248	153	regressed	153	257	0.2618527114391327	0.23510372638702393	0.2618527114391327	0.19205155968666077	-0.06980115175247192	0.36023712158203125	0.20226287841796875
phase2w_vs_nofeat	40188	326	improved	322	326	0.3788309395313263	0.4436992406845093	0.3743283450603485	0.4436992406845093	0.06937089562416077	0.01195669174194336	0.33179330825805664
phase2w_vs_nofeat	15169	648	improved	794	648	0.3833305239677429	0.34961000084877014	0.2807547152042389	0.34961000084877014	0.06885528564453125	0.3114161491394043	0.0948338508605957
phase2w_vs_nofeat	1644	331	regressed	331	330	0.3809201419353485	0.3623301684856415	0.3809201419353485	0.31215205788612366	-0.06876808404922485	0.2884345054626465	0.14906549453735352
phase2w_vs_nofeat	2829	566	regressed	566	513	0.4048943817615509	0.40639492869377136	0.4048943817615509	0.33632606267929077	-0.06856831908226013	0.12325572967529297	0.18924427032470703
phase2w_vs_nofeat	46351	899	regressed	899	725	0.49770668148994446	0.49211302399635315	0.49770668148994446	0.4291578233242035	-0.06854885816574097	0.17561626434326172	0.13688373565673828
phase2w_vs_nofeat	16979	175	improved	194	175	0.38037073612213135	0.40416407585144043	0.33600425720214844	0.40416407585144043	0.06815981864929199	0.1240224838256836	0.4072275161743164
phase2w_vs_nofeat	37519	241	regressed	241	240	0.4020041525363922	0.46924105286598206	0.4020041525363922	0.33410999178886414	-0.06789416074752808	0.004104137420654297	0.3396463394165039
phase2w_vs_nofeat	11459	312	regressed	312	315	0.33079129457473755	0.41311022639274597	0.33079129457473755	0.26290616393089294	-0.0678851306438446	0.17308282852172852	0.4519171714782715
phase2w_vs_nofeat	1409	825	regressed	825	519	0.3844699263572693	0.40572109818458557	0.3844699263572693	0.3167281746864319	-0.0677417516708374	0.12737798690795898	0.24762201309204102
phase2w_vs_nofeat	49372	423	improved	424	423	0.26510530710220337	0.190829336643219	0.2585269808769226	0.190829336643219	-0.06769764423370361	0.025126934051513672	0.03737306594848633
phase2w_vs_nofeat	40519	798	regressed	798	426	0.4742984175682068	0.44938090443611145	0.4742984175682068	0.40687599778175354	-0.06742241978645325	0.21313762664794922	0.09936237335205078
phase2w_vs_nofeat	26002	206	improved	197	206	0.3970957398414612	0.45170342922210693	0.3845538794994354	0.45170342922210693	0.06714954972267151	0.03209352493286133	0.46790599822998047
phase2w_vs_nofeat	35502	758	regressed	758	391	0.17613963782787323	0.1781013309955597	0.17613963782787323	0.10917267948389053	-0.0669669583439827	0.10432815551757812	0.4894218444824219
phase2w_vs_nofeat	8826	610	improved	918	610	0.41177982091903687	0.36921700835227966	0.30313611030578613	0.36921700835227966	0.06608089804649353	0.3063068389892578	0.1311931610107422
phase2w_vs_nofeat	4994	718	improved	460	718	0.17877236008644104	0.22729885578155518	0.16166485846042633	0.22729885578155518	0.06563399732112885	0.10058784484863281	0.3369121551513672
phase2w_vs_nofeat	2370	427	improved	756	427	0.4180016815662384	0.46728944778442383	0.4016669690608978	0.46728944778442383	0.065622478723526	0.03986215591430664	0.17888832092285156
phase2w_vs_nofeat	8022	689	improved	731	689	0.15387387573719025	0.17636190354824066	0.11123018711805344	0.17636190354824066	0.06513171643018723	0.32453155517578125	0.5504684448242188
phase2w_vs_nofeat	2923	827	regressed	827	588	0.25333085656166077	0.3099544644355774	0.25333085656166077	0.18853113055229187	-0.0647997260093689	0.0653376579284668	0.4971623420715332
phase2w_vs_nofeat	6855	204	improved	155	204	0.4256085455417633	0.4894915223121643	0.4252677261829376	0.4894915223121643	0.06422379612922668	0.00080108642578125	0.31169843673706055
phase2w_vs_nofeat	48497	233	improved	197	233	0.2233831137418747	0.27663636207580566	0.2126026749610901	0.27663636207580566	0.06403368711471558	0.03156566619873047	0.013036727905273438
phase2w_vs_nofeat	7653	290	regressed	290	38	0.2649649381637573	0.23572544753551483	0.2649649381637573	0.2009499967098236	-0.06401494145393372	0.30397605895996094	0.15961170196533203
phase2w_vs_nofeat	35786	34	improved	49	34	0.17546522617340088	0.22213324904441833	0.15820005536079407	0.22213324904441833	0.06393319368362427	0.10358047485351562	0.7743306159973145
phase2w_vs_nofeat	10267	964	regressed	964	924	0.1735428273677826	0.15630006790161133	0.1735428273677826	0.10974269360303879	-0.0638001337647438	0.3026108741760254	0.3536391258239746
phase2w_vs_nofeat	40683	409	regressed	409	892	0.4689134359359741	0.4827475845813751	0.4689134359359741	0.40533387660980225	-0.06357955932617188	0.07521724700927734	0.17478275299072266
phase2w_vs_nofeat	24876	742	improved	713	742	0.42232832312583923	0.45848873257637024	0.39500561356544495	0.45848873257637024	0.06348311901092529	0.06688308715820312	0.21436691284179688
phase2w_vs_nofeat	31312	976	improved	460	976	0.33014094829559326	0.3850332200527191	0.3217111825942993	0.3850332200527191	0.0633220374584198	0.025865554809570312	0.4428844451904297
phase2w_vs_nofeat	44361	214	improved	212	214	0.28016817569732666	0.30694514513015747	0.2436363399028778	0.30694514513015747	0.06330880522727966	0.13971328735351562	0.07903671264648438
phase2w_vs_nofeat	6354	240	regressed	240	238	0.4247274398803711	0.4564390778541565	0.4247274398803711	0.361515611410141	-0.0632118284702301	0.07935094833374023	0.23315000534057617
phase2w_vs_nofeat	9554	179	regressed	179	180	0.39063403010368347	0.3833494484424591	0.39063403010368347	0.32744723558425903	-0.06318679451942444	0.15487957000732422	0.15761995315551758
phase2w_vs_nofeat	19699	826	improved	861	826	0.1448504626750946	0.16427136957645416	0.10111208260059357	0.16427136957645416	0.0631592869758606	0.35947227478027344	0.6940546035766602
phase2w_vs_nofeat	7796	426	regressed	426	618	0.3107019364833832	0.2990478575229645	0.3107019364833832	0.24762967228889465	-0.06307226419448853	0.21758079528808594	0.18866920471191406
phase2w_vs_nofeat	45050	849	improved	911	849	0.2096710056066513	0.2653844654560089	0.20253799855709076	0.2653844654560089	0.06284646689891815	0.034612178802490234	0.25664615631103516
phase2w_vs_nofeat	8356	253	improved	173	253	0.4434382915496826	0.4722508490085602	0.4095993936061859	0.4722508490085602	0.06265145540237427	0.07937908172607422	0.23312091827392578
phase2w_vs_nofeat	31718	200	regressed	200	155	0.3633789122104645	0.31854745745658875	0.3633789122104645	0.30156099796295166	-0.06181791424751282	0.25770044326782227	0.05479907989501953
phase2w_vs_nofeat	13779	231	regressed	231	230	0.4818195700645447	0.4789423942565918	0.4818195700645447	0.42028605937957764	-0.06153351068496704	0.1193552017211914	0.1306447982788086
phase2w_vs_nofeat	44003	830	improved	652	830	0.42095884680747986	0.39410561323165894	0.332710325717926	0.39410561323165894	0.06139528751373291	0.23526287078857422	0.04598712921142578
phase2w_vs_nofeat	40754	284	improved	174	284	0.37526383996009827	0.36629563570022583	0.3050243854522705	0.36629563570022583	0.06127125024795532	0.20723772048950195	0.07401227951049805
phase2w_vs_nofeat	41499	83	regressed	83	138	0.1726667732000351	0.15194924175739288	0.1726667732000351	0.11141978204250336	-0.06124699115753174	0.40850830078125	0.31024169921875
phase2w_vs_nofeat	42975	824	regressed	824	474	0.2898317575454712	0.2996949851512909	0.2898317575454712	0.22864383459091187	-0.061187922954559326	0.22296857833862305	0.2705998420715332
phase2w_vs_nofeat	12557	151	improved	158	151	0.37660303711891174	0.407224178314209	0.3461742103099823	0.407224178314209	0.061049968004226685	0.08424949645996094	0.16575050354003906
phase2w_vs_nofeat	18198	558	regressed	558	513	0.236423060297966	0.18877774477005005	0.236423060297966	0.1753987818956375	-0.06102427840232849	0.5827417373657227	0.07350826263427734
phase2w_vs_nofeat	38990	150	improved	390	150	0.3739318549633026	0.4177703857421875	0.35737836360931396	0.4177703857421875	0.060392022132873535	0.04527854919433594	0.14222145080566406
phase2w_vs_nofeat	43546	784	regressed	784	600	0.18923920392990112	0.19173234701156616	0.18923920392990112	0.12900979816913605	-0.060229405760765076	0.041287899017333984	0.396212100982666
phase2w_vs_nofeat	17797	586	improved	652	586	0.10393010824918747	0.14159293472766876	0.08162299543619156	0.14159293472766876	0.0599699392914772	0.241607666015625	0.133392333984375
phase2w_vs_nofeat	14098	200	regressed	200	226	0.37349382042884827	0.37470653653144836	0.37349382042884827	0.3136926293373108	-0.059801191091537476	0.07227039337158203	0.17772960662841797
phase2w_vs_nofeat	39918	841	improved	894	841	0.4212515652179718	0.3629578649997711	0.3037380576133728	0.3629578649997711	0.059219807386398315	0.32706451416015625	0.17293548583984375
phase2w_vs_nofeat	37163	742	improved	549	742	0.2414148598909378	0.2714821994304657	0.21245065331459045	0.2714821994304657	0.059031546115875244	0.1278071403503418	0.2159428596496582
phase2w_vs_nofeat	11135	923	improved	926	923	0.4387928247451782	0.4862055778503418	0.4273143708705902	0.4862055778503418	0.05889120697975159	0.02650737762451172	0.22349262237548828
phase2w_vs_nofeat	23079	64	improved	55	64	0.3499264717102051	0.36310315132141113	0.30446603894233704	0.36310315132141113	0.0586371123790741	0.13916349411010742	0.07958650588989258
phase2w_vs_nofeat	10824	793	improved	842	793	0.2893192172050476	0.3169822096824646	0.25837376713752747	0.3169822096824646	0.058608442544937134	0.11312341690063477	0.38687658309936523
phase2w_vs_nofeat	38526	453	improved	652	453	0.1969367265701294	0.2260168492794037	0.16750775277614594	0.2260168492794037	0.05850909650325775	0.14163446426391602	0.011031627655029297
phase2w_vs_nofeat	28879	714	regressed	714	776	0.15016472339630127	0.12190797924995422	0.15016472339630127	0.09166938066482544	-0.05849534273147583	0.2149219512939453	0.2850780487060547
phase2w_vs_nofeat	46599	484	regressed	484	871	0.4942959249019623	0.45340675115585327	0.4942959249019623	0.43585407733917236	-0.05844184756278992	0.21051788330078125	0.03948211669921875
phase2w_vs_nofeat	43518	655	improved	797	655	0.2534252405166626	0.29302871227264404	0.23566430807113647	0.29302871227264404	0.05736440420150757	0.07266044616699219	0.2710895538330078
phase2w_vs_nofeat	28750	725	improved	849	725	0.29474759101867676	0.2236849069595337	0.16642998158931732	0.2236849069595337	0.05725492537021637	0.5715446472167969	0.11595535278320312
phase2w_vs_nofeat	22008	865	regressed	865	788	0.24068555235862732	0.21573007106781006	0.24068555235862732	0.18365740776062012	-0.0570281445980072	0.21404409408569336	0.16095590591430664
phase2w_vs_nofeat	32574	764	improved	763	764	0.20649249851703644	0.22891788184642792	0.17199118435382843	0.22891788184642792	0.05692669749259949	0.18282079696655273	0.06717920303344727
phase2w_vs_nofeat	2546	967	regressed	967	969	0.40782782435417175	0.36922046542167664	0.40782782435417175	0.35100436210632324	-0.05682346224784851	0.2619047164916992	0.05059528350830078
phase2w_vs_nofeat	6201	238	regressed	238	240	0.35874053835868835	0.34810006618499756	0.35874053835868835	0.3020642101764679	-0.05667632818222046	0.17064952850341797	0.14185047149658203
phase2w_vs_nofeat	32764	917	improved	599	917	0.3780262768268585	0.39509373903274536	0.338424414396286	0.39509373903274536	0.05666932463645935	0.11066293716430664	0.13933658599853516
phase2w_vs_nofeat	19762	278	improved	273	278	0.3261285722255707	0.17549735307693481	0.11943299323320389	0.17549735307693481	0.056064359843730927	1.0045361518859863	0.05796384811401367
phase2w_vs_nofeat	7918	436	regressed	436	627	0.4507312476634979	0.42004072666168213	0.4507312476634979	0.39474380016326904	-0.05598744750022888	0.31288576126098633	0.062114715576171875
phase2w_vs_nofeat	5381	876	improved	706	876	0.33585304021835327	0.3864832818508148	0.33053672313690186	0.3864832818508148	0.055946558713912964	0.01595592498779297	0.26529407501220703
phase2w_vs_nofeat	49864	21	improved	23	21	0.34537309408187866	0.29875820875167847	0.2429332584142685	0.29875820875167847	0.05582495033740997	0.3518385887145996	0.02316141128540039
phase2w_vs_nofeat	40816	415	improved	498	415	0.32031410932540894	0.31848517060279846	0.26277390122413635	0.31848517060279846	0.05571126937866211	0.19800806045532227	0.051991939544677734
phase2w_vs_nofeat	29965	322	improved	945	322	0.17022636532783508	0.15549419820308685	0.10013449937105179	0.15549419820308685	0.055359698832035065	0.5306148529052734	0.34438514709472656
phase2w_vs_nofeat	21930	506	regressed	506	421	0.39581528306007385	0.3850997984409332	0.39581528306007385	0.340603768825531	-0.05521151423454285	0.0022172927856445312	0.12278270721435547
phase2w_vs_nofeat	34868	2	improved	4	2	0.38943156599998474	0.361390620470047	0.30640119314193726	0.361390620470047	0.05498942732810974	0.2397928237915039	0.0727071762084961
phase2w_vs_nofeat	6897	741	improved	539	741	0.35159358382225037	0.3396862745285034	0.28470635414123535	0.3396862745285034	0.054979920387268066	0.21101760864257812	0.038982391357421875
phase2w_vs_nofeat	18400	858	regressed	858	706	0.368854284286499	0.4496977925300598	0.368854284286499	0.313920795917511	-0.05493348836898804	0.0780649185180664	0.3594350814819336
phase2w_vs_nofeat	6274	811	regressed	811	753	0.4392958879470825	0.4161418676376343	0.4392958879470825	0.3844917416572571	-0.05480414628982544	0.1396465301513672	0.07910394668579102
phase2w_vs_nofeat	31995	229	regressed	229	232	0.4262063205242157	0.39983221888542175	0.4262063205242157	0.37146469950675964	-0.054741621017456055	0.2076587677001953	0.07359123229980469
phase2w_vs_nofeat	17242	606	improved	505	606	0.21030518412590027	0.23982438445091248	0.1852867603302002	0.23982438445091248	0.05453762412071228	0.12665510177612305	0.560844898223877
phase2w_vs_nofeat	30664	953	improved	706	953	0.24935010075569153	0.2203252762556076	0.16588348150253296	0.2203252762556076	0.054441794753074646	0.40757226943969727	0.09242773056030273
phase2w_vs_nofeat	7344	466	regressed	466	705	0.27817052602767944	0.2574525773525238	0.27817052602767944	0.2239399254322052	-0.05423060059547424	0.01679229736328125	0.13945770263671875
phase2w_vs_nofeat	39035	732	regressed	732	710	0.17070214450359344	0.1434912234544754	0.17070214450359344	0.1165081188082695	-0.054194025695323944	0.22918701171875	0.20831298828125
phase2w_vs_nofeat	5552	391	regressed	391	390	0.3667531907558441	0.42959165573120117	0.3667531907558441	0.31257960200309753	-0.05417358875274658	0.08827400207519531	0.3179759979248047
phase2w_vs_nofeat	19379	536	regressed	536	628	0.299095094203949	0.24872928857803345	0.299095094203949	0.2450825423002243	-0.05401255190372467	0.1727299690246582	0.014770030975341797
phase2w_vs_nofeat	44375	949	regressed	949	954	0.19980669021606445	0.20423802733421326	0.19980669021606445	0.14587661623954773	-0.053930073976516724	0.38222503662109375	0.33652496337890625
phase2w_vs_nofeat	25781	968	improved	464	968	0.18679040670394897	0.21251603960990906	0.159246027469635	0.21251603960990906	0.05327001214027405	0.15953683853149414	0.30921316146850586
phase2w_vs_nofeat	24366	718	regressed	718	694	0.3389755189418793	0.4562378525733948	0.3389755189418793	0.2857712507247925	-0.05320426821708679	0.0009279251098632812	0.4678225517272949
phase2w_vs_nofeat	20335	521	improved	960	521	0.3363294005393982	0.30052322149276733	0.2473798245191574	0.30052322149276733	0.053143396973609924	0.30716609954833984	0.22408390045166016
phase2w_vs_nofeat	5745	643	improved	552	643	0.29624950885772705	0.23928028345108032	0.18641629815101624	0.23928028345108032	0.05286398530006409	0.46321964263916016	0.005530357360839844
phase2w_vs_nofeat	49922	794	regressed	794	578	0.19338810443878174	0.19336099922657013	0.19338810443878174	0.14087443053722382	-0.05251367390155792	0.12081003189086914	0.31668996810913086
phase2w_vs_nofeat	19851	862	regressed	862	980	0.38983315229415894	0.3463643491268158	0.38983315229415894	0.3373587727546692	-0.052474379539489746	0.12990570068359375	0.02634429931640625
phase2w_vs_nofeat	21859	654	improved	734	654	0.4486021101474762	0.4036034643650055	0.35124316811561584	0.4036034643650055	0.05236029624938965	0.2446575164794922	0.03659248352050781
phase2w_vs_nofeat	28790	436	improved	468	436	0.4082886874675751	0.3502141535282135	0.29817572236061096	0.3502141535282135	0.05203843116760254	0.31429147720336914	0.02945852279663086
phase2w_vs_nofeat	6481	876	improved	435	876	0.46411800384521484	0.515381932258606	0.46358272433280945	0.515381932258606	0.05179920792579651	0.0011539459228515625	0.18634605407714844
phase2w_vs_nofeat	24056	137	regressed	137	131	0.2172415852546692	0.1754835844039917	0.2172415852546692	0.16559892892837524	-0.051642656326293945	0.19014883041381836	0.029375553131103516
phase2w_vs_nofeat	32376	267	regressed	267	266	0.3220723569393158	0.3038358688354492	0.3220723569393158	0.2705557942390442	-0.051516562700271606	0.07149076461791992	0.11600923538208008
phase2w_vs_nofeat	21712	856	improved	730	856	0.33386895060539246	0.29038485884666443	0.2391473352909088	0.29038485884666443	0.051237523555755615	0.33366870880126953	0.010081291198730469
phase2w_vs_nofeat	44074	736	regressed	736	532	0.17926359176635742	0.13259853422641754	0.17926359176635742	0.12807074189186096	-0.05119284987449646	0.1527566909790039	0.034743309020996094
phase2w_vs_nofeat	16126	910	improved	618	910	0.3292764127254486	0.3729480803012848	0.3218570947647095	0.3729480803012848	0.05109098553657532	0.022789955139160156	0.16471004486083984
phase2w_vs_nofeat	46180	935	improved	910	935	0.44781771302223206	0.4195127785205841	0.368480384349823	0.4195127785205841	0.05103239417076111	0.19499874114990234	0.023751258850097656
phase2w_vs_nofeat	18354	844	improved	778	844	0.28856387734413147	0.2470138818025589	0.19605404138565063	0.2470138818025589	0.050959840416908264	0.38652610778808594	0.08222389221191406
phase2w_vs_nofeat	19136	756	regressed	756	747	0.3658183217048645	0.3830500543117523	0.3658183217048645	0.31488728523254395	-0.05093103647232056	0.08529901504516602	0.19595098495483398
phase2w_vs_nofeat	13867	480	regressed	480	922	0.31694483757019043	0.27997878193855286	0.31694483757019043	0.26635077595710754	-0.050594061613082886	0.2626004219055176	0.04989957809448242
phase2w_vs_nofeat	46407	110	regressed	110	115	0.4408396780490875	0.47989705204963684	0.4408396780490875	0.3908611238002777	-0.049978554248809814	0.044780731201171875	0.20521926879882812
phase2w_vs_nofeat	9204	52	regressed	52	111	0.3588593304157257	0.3789445459842682	0.3588593304157257	0.30956408381462097	-0.049295246601104736	0.0790252685546875	0.2022247314453125
phase2w_vs_nofeat	37705	43	regressed	43	42	0.30635008215904236	0.35997459292411804	0.30635008215904236	0.25731387734413147	-0.04903620481491089	0.07051324844360352	0.3357367515563965
phase2w_vs_nofeat	30382	423	improved	424	423	0.509726881980896	0.44840872287750244	0.3994136452674866	0.44840872287750244	0.04899507761001587	0.24387741088867188	0.006122589111328125
phase2w_vs_nofeat	978	978	regressed	978	975	0.4302036464214325	0.3886866867542267	0.4302036464214325	0.3813680410385132	-0.04883560538291931	0.23099136352539062	0.019008636474609375
phase2w_vs_nofeat	31337	555	improved	717	555	0.2587674856185913	0.2613808214664459	0.21277208626270294	0.2613808214664459	0.04860873520374298	0.05331754684448242	0.054291725158691406
phase2w_vs_nofeat	49983	441	improved	903	441	0.1975509077310562	0.22425082325935364	0.17564520239830017	0.22425082325935364	0.04860562086105347	0.11753034591674805	0.16371965408325195
phase2w_vs_nofeat	15309	895	regressed	895	908	0.18588246405124664	0.18119566142559052	0.18588246405124664	0.1373404711484909	-0.04854199290275574	0.004135608673095703	0.03670358657836914
phase2w_vs_nofeat	48616	315	regressed	315	312	0.31553488969802856	0.3276943862438202	0.31553488969802856	0.267133504152298	-0.04840138554573059	0.10816717147827148	0.20433282852172852
phase2w_vs_nofeat	21875	43	regressed	43	39	0.34866446256637573	0.31363293528556824	0.34866446256637573	0.3002828359603882	-0.04838162660598755	0.05025196075439453	0.04349851608276367
phase2w_vs_nofeat	7367	230	improved	231	230	0.4835730791091919	0.4515303373336792	0.4031655490398407	0.4515303373336792	0.0483647882938385	0.1818552017211914	0.0681447982788086
phase2w_vs_nofeat	18140	14	improved	379	14	0.25526273250579834	0.30126965045928955	0.253084659576416	0.30126965045928955	0.048184990882873535	0.00856924057006836	0.46018075942993164
phase2w_vs_nofeat	47509	236	regressed	236	234	0.2950432300567627	0.30887070298194885	0.2950432300567627	0.24702812731266022	-0.04801510274410248	0.12032938003540039	0.2234206199645996
phase2w_vs_nofeat	12937	809	regressed	809	868	0.24385862052440643	0.24338288605213165	0.24385862052440643	0.19605953991413116	-0.04779908061027527	0.0650324821472168	0.07457494735717773
phase2w_vs_nofeat	22027	664	regressed	664	782	0.25280943512916565	0.2429266721010208	0.25280943512916565	0.2053287923336029	-0.047480642795562744	0.08185291290283203	0.16814708709716797
phase2w_vs_nofeat	27457	579	improved	582	579	0.43770548701286316	0.44068387150764465	0.39329808950424194	0.44068387150764465	0.04738578200340271	0.1069784164428711	0.0805215835571289
phase2w_vs_nofeat	39714	748	regressed	748	902	0.17421409487724304	0.1662392020225525	0.17421409487724304	0.12695437669754028	-0.04725971817970276	0.26165008544921875	0.26959991455078125
phase2w_vs_nofeat	41443	697	improved	775	697	0.3155461251735687	0.31633496284484863	0.2691769003868103	0.31633496284484863	0.04715806245803833	0.1589360237121582	0.2785639762878418
phase2w_vs_nofeat	15456	824	regressed	824	533	0.30795928835868835	0.28174954652786255	0.30795928835868835	0.2609686851501465	-0.04699060320854187	0.2671318054199219	0.07661819458007812
phase2w_vs_nofeat	6284	101	regressed	101	385	0.4582880437374115	0.4208553433418274	0.4582880437374115	0.4115443825721741	-0.04674366116523743	0.16512775421142578	0.02237224578857422
phase2w_vs_nofeat	10764	925	improved	910	925	0.1706213802099228	0.16159892082214355	0.11531731486320496	0.16159892082214355	0.0462816059589386	0.39175939559936523	0.014490604400634766
phase2w_vs_nofeat	20088	402	regressed	402	819	0.2713136672973633	0.2541833519935608	0.2713136672973633	0.22526894509792328	-0.04604472219944	0.22298908233642578	0.12076091766357422
phase2w_vs_nofeat	1368	408	improved	586	408	0.2959446609020233	0.3197011649608612	0.2739065885543823	0.3197011649608612	0.04579457640647888	0.07738542556762695	0.3680000305175781
phase2w_vs_nofeat	26402	101	improved	386	101	0.46533557772636414	0.417350172996521	0.3719395101070404	0.417350172996521	0.04541066288948059	0.2240276336669922	0.025972366333007812
phase2w_vs_nofeat	41570	765	improved	857	765	0.4062013030052185	0.3251585364341736	0.3704758584499359	0.3251585364341736	-0.04531732201576233	0.09206056594848633	0.03293943405151367
phase2w_vs_nofeat	21716	657	regressed	657	744	0.28875303268432617	0.2915574908256531	0.28875303268432617	0.2436295598745346	-0.045123472809791565	0.00791168212890625	0.17958831787109375
phase2w_vs_nofeat	42633	730	regressed	730	866	0.43007373809814453	0.3985265791416168	0.43007373809814453	0.3852795958518982	-0.04479414224624634	0.12244510650634766	0.033804893493652344
phase2w_vs_nofeat	10363	740	regressed	740	621	0.21333754062652588	0.192808598279953	0.21333754062652588	0.1686573177576065	-0.04468022286891937	0.022420883178710938	0.13382911682128906
phase2w_vs_nofeat	26966	457	improved	834	457	0.2938495874404907	0.3059302270412445	0.2614569664001465	0.3059302270412445	0.04447326064109802	0.11679840087890625	0.25820159912109375
phase2w_vs_nofeat	5573	410	improved	447	410	0.08204029500484467	0.0860181376338005	0.04170816019177437	0.0860181376338005	0.04430997744202614	0.06328630447387695	0.104736328125
phase2w_vs_nofeat	11158	184	regressed	184	192	0.22196850180625916	0.22315184772014618	0.22196850180625916	0.17786245048046112	-0.044106051325798035	0.523158073425293	0.22684192657470703
phase2w_vs_nofeat	11725	513	improved	566	513	0.26878249645233154	0.29670608043670654	0.25293847918510437	0.29670608043670654	0.04376760125160217	0.06075620651245117	0.12674379348754883
phase2w_vs_nofeat	24224	359	regressed	359	358	0.4088848829269409	0.37608540058135986	0.4088848829269409	0.3652147352695465	-0.04367014765739441	0.15816926956176758	0.029330730438232422
phase2w_vs_nofeat	11356	707	regressed	707	886	0.3272649943828583	0.34793198108673096	0.3272649943828583	0.2839142382144928	-0.04335075616836548	0.046665191650390625	0.20333480834960938
phase2w_vs_nofeat	21545	503	regressed	503	883	0.37419894337654114	0.33902451395988464	0.37419894337654114	0.3310089111328125	-0.04319003224372864	0.1635727882385254	0.02392721176147461
phase2w_vs_nofeat	40173	437	regressed	437	460	0.4361104965209961	0.417348176240921	0.4361104965209961	0.3929635286331177	-0.04314696788787842	0.15854597091674805	0.06020402908325195
phase2w_vs_nofeat	18135	62	improved	56	62	0.242379829287529	0.2773752808570862	0.23437993228435516	0.2773752808570862	0.04299534857273102	0.033562660217285156	0.24540281295776367
phase2w_vs_nofeat	20707	738	improved	949	738	0.4896761476993561	0.46136441826820374	0.418390691280365	0.46136441826820374	0.042973726987838745	0.15732860565185547	0.03017139434814453
phase2w_vs_nofeat	30041	249	improved	248	249	0.2828201949596405	0.2987903952598572	0.25582605600357056	0.2987903952598572	0.04296433925628662	0.06056022644042969	0.08718633651733398
phase2w_vs_nofeat	22556	282	regressed	282	287	0.2614099979400635	0.31267035007476807	0.2614099979400635	0.2185603827238083	-0.04284961521625519	0.17316293716430664	0.35808706283569336
phase2w_vs_nofeat	15573	961	regressed	961	909	0.13005542755126953	0.1409171223640442	0.13005542755126953	0.0874132364988327	-0.04264219105243683	0.05372476577758789	0.3095383644104004
phase2w_vs_nofeat	34302	258	regressed	258	259	0.41610753536224365	0.4300305247306824	0.41610753536224365	0.37352240085601807	-0.042585134506225586	0.07787179946899414	0.14087820053100586
phase2w_vs_nofeat	30630	230	regressed	230	231	0.4672676622867584	0.4495448172092438	0.4672676622867584	0.4246988892555237	-0.04256877303123474	0.1306447982788086	0.056855201721191406
phase2w_vs_nofeat	3052	315	improved	303	315	0.25012898445129395	0.28957563638687134	0.24722987413406372	0.28957563638687134	0.04234576225280762	0.011658191680908203	0.2383418083190918
phase2w_vs_nofeat	36819	999	improved	897	999	0.15620841085910797	0.1376851350069046	0.09535828977823257	0.1376851350069046	0.04232684522867203	0.49354982376098633	0.35020017623901367
phase2w_vs_nofeat	21657	227	regressed	227	179	0.30693507194519043	0.2967411279678345	0.30693507194519043	0.264646977186203	-0.04228809475898743	0.10428667068481445	0.11446332931518555
phase2w_vs_nofeat	12571	24	regressed	24	135	0.28688889741897583	0.3563026487827301	0.28688889741897583	0.24465294182300568	-0.042235955595970154	0.03031015396118164	0.37593984603881836
phase2w_vs_nofeat	14828	823	regressed	823	617	0.30058956146240234	0.3191346824169159	0.30058956146240234	0.2583746314048767	-0.042214930057525635	0.03879737854003906	0.21120262145996094
phase2w_vs_nofeat	13900	206	improved	267	206	0.38190609216690063	0.41193822026252747	0.36996057629585266	0.41193822026252747	0.041977643966674805	0.03177833557128906	0.24947166442871094
phase2w_vs_nofeat	21258	38	improved	47	38	0.27635136246681213	0.28224876523017883	0.24030576646327972	0.28224876523017883	0.04194299876689911	0.13976097106933594	0.5789890289306641
phase2w_vs_nofeat	42106	445	improved	459	445	0.14334073662757874	0.1501949280500412	0.10832124948501587	0.1501949280500412	0.04187367856502533	0.008072853088378906	0.032376766204833984
phase2w_vs_nofeat	26837	278	improved	277	278	0.4541926681995392	0.4288833439350128	0.38713809847831726	0.4288833439350128	0.04174524545669556	0.15973997116088867	0.027759552001953125
phase2w_vs_nofeat	28093	494	improved	758	494	0.08163082599639893	0.10895120352506638	0.06721877306699753	0.10895120352506638	0.04173243045806885	0.19425439834594727	0.49324560165405273
phase2w_vs_nofeat	48322	633	improved	769	633	0.13339479267597198	0.14785043895244598	0.10611908882856369	0.14785043895244598	0.041731350123882294	0.22875118255615234	0.48999881744384766
phase2w_vs_nofeat	26359	717	improved	511	717	0.15368029475212097	0.18082210421562195	0.13914251327514648	0.18082210421562195	0.041679590940475464	0.09937572479248047	0.05687427520751953
phase2w_vs_nofeat	19427	427	improved	738	427	0.40885695815086365	0.30103600025177	0.25961169600486755	0.30103600025177	0.041424304246902466	0.4541783332824707	0.014571666717529297
phase2w_vs_nofeat	40104	252	improved	208	252	0.22941717505455017	0.2603760063648224	0.21897059679031372	0.2603760063648224	0.04140540957450867	0.02874755859375	0.10964536666870117
phase2w_vs_nofeat	18334	609	improved	654	609	0.14139986038208008	0.18272057175636292	0.14133352041244507	0.18272057175636292	0.04138705134391785	0.000469207763671875	0.4682807922363281
phase2w_vs_nofeat	44510	543	regressed	543	422	0.48189806938171387	0.5127812027931213	0.48189806938171387	0.44069427251815796	-0.04120379686355591	0.036002159118652344	0.15149784088134766
phase2w_vs_nofeat	20633	847	regressed	847	586	0.36934396624565125	0.3415904641151428	0.36934396624565125	0.32848039269447327	-0.04086357355117798	0.023364543914794922	0.03913545608520508
phase2w_vs_nofeat	31347	882	regressed	882	559	0.14267495274543762	0.16605553030967712	0.14267495274543762	0.10192201286554337	-0.04075293987989426	0.0743856430053711	0.4722294807434082
phase2w_vs_nofeat	47953	248	regressed	248	249	0.39410534501075745	0.362185537815094	0.39410534501075745	0.35335397720336914	-0.040751367807388306	0.319063663482666	0.024686336517333984
phase2w_vs_nofeat	34830	976	improved	980	976	0.46562060713768005	0.4108201861381531	0.370129257440567	0.4108201861381531	0.04069092869758606	0.22951889038085938	0.020481109619140625
phase2w_vs_nofeat	37560	839	regressed	839	718	0.36806342005729675	0.3650282919406891	0.36806342005729675	0.32737576961517334	-0.04068765044212341	0.14113378524780273	0.10886621475219727
phase2w_vs_nofeat	32231	121	improved	122	121	0.2872444689273834	0.28199201822280884	0.24137943983078003	0.28199201822280884	0.04061257839202881	0.1739635467529297	0.1385364532470703
phase2w_vs_nofeat	14343	778	regressed	778	571	0.1945991963148117	0.19197602570056915	0.1945991963148117	0.15411223471164703	-0.04048696160316467	0.18656063079833984	0.21968936920166016
phase2w_vs_nofeat	48045	768	regressed	768	414	0.21763193607330322	0.19392049312591553	0.21763193607330322	0.17720825970172882	-0.0404236763715744	0.34737730026245117	0.09012269973754883
phase2w_vs_nofeat	42497	500	regressed	500	825	0.2829706370830536	0.2657773792743683	0.2829706370830536	0.2427380234003067	-0.04023261368274689	0.34682369232177734	0.09067630767822266
phase2w_vs_nofeat	19899	584	improved	523	584	0.1410084366798401	0.1517348736524582	0.11155755817890167	0.1517348736524582	0.04017731547355652	0.23427915573120117	0.5351395606994629
phase2w_vs_nofeat	17273	265	regressed	265	266	0.446625292301178	0.4436454176902771	0.446625292301178	0.40683403611183167	-0.039791256189346313	0.038379669189453125	0.08662033081054688
phase2w_vs_nofeat	15846	584	regressed	584	902	0.16667824983596802	0.14806780219078064	0.16667824983596802	0.12716777622699738	-0.03951047360897064	0.16033697128295898	0.15216302871704102
phase2w_vs_nofeat	47561	768	regressed	768	752	0.1936238706111908	0.18692374229431152	0.1936238706111908	0.15438184142112732	-0.03924202919006348	0.18372821807861328	0.19127178192138672
phase2w_vs_nofeat	18389	521	regressed	521	467	0.1197187677025795	0.10929317772388458	0.1197187677025795	0.08058339357376099	-0.03913537412881851	0.19525861740112305	0.054677486419677734
phase2w_vs_nofeat	32795	819	improved	642	819	0.2796053886413574	0.2030915766954422	0.16409273445606232	0.2030915766954422	0.03899884223937988	0.5329475402832031	0.029552459716796875
phase2w_vs_nofeat	14572	871	improved	484	871	0.4064071774482727	0.43606242537498474	0.3971593677997589	0.43606242537498474	0.03890305757522583	0.02301788330078125	0.16448211669921875
phase2w_vs_nofeat	30191	635	improved	426	635	0.4146626889705658	0.41624709963798523	0.37736210227012634	0.41624709963798523	0.03888499736785889	0.09426021575927734	0.12448978424072266
phase2w_vs_nofeat	4198	413	improved	465	413	0.32423320412635803	0.30088871717453003	0.26201584935188293	0.30088871717453003	0.038872867822647095	0.2130579948425293	0.0681920051574707
phase2w_vs_nofeat	1124	279	improved	366	279	0.12766243517398834	0.12901116907596588	0.0905587375164032	0.12901116907596588	0.03845243155956268	0.34339094161987305	0.34607791900634766
phase2w_vs_nofeat	43389	32	improved	31	32	0.3653799593448639	0.3997558653354645	0.36134329438209534	0.3997558653354645	0.03841257095336914	0.011109352111816406	0.1451406478881836
phase2w_vs_nofeat	42295	745	improved	786	745	0.2623419165611267	0.2516680061817169	0.2135453075170517	0.2516680061817169	0.03812269866466522	0.20579957962036133	0.04420042037963867
phase2w_vs_nofeat	13583	863	improved	733	863	0.44551214575767517	0.43970009684562683	0.40160253643989563	0.43970009684562683	0.0380975604057312	0.10376167297363281	0.08373880386352539
phase2w_vs_nofeat	4906	441	regressed	441	572	0.48066654801368713	0.45795419812202454	0.48066654801368713	0.4425938129425049	-0.03807273507118225	0.1533832550048828	0.03411674499511719
phase2w_vs_nofeat	21539	648	regressed	648	905	0.2592144012451172	0.2615124583244324	0.2592144012451172	0.2211533933877945	-0.03806100785732269	0.11362457275390625	0.16762542724609375
phase2w_vs_nofeat	39243	308	improved	304	308	0.10632119327783585	0.11547189205884933	0.07754257321357727	0.11547189205884933	0.037929318845272064	0.31563758850097656	0.21973562240600586
phase2w_vs_nofeat	27682	715	improved	652	715	0.4102099537849426	0.4456624388694763	0.4077474772930145	0.4456624388694763	0.03791496157646179	0.006021022796630859	0.11897945404052734
phase2w_vs_nofeat	38030	650	regressed	650	542	0.3422884941101074	0.34488189220428467	0.3422884941101074	0.30441322922706604	-0.03787526488304138	0.031434059143066406	0.1248159408569336
phase2w_vs_nofeat	19245	979	improved	975	979	0.3068760931491852	0.33438828587532043	0.2966771423816681	0.33438828587532043	0.037711143493652344	0.03379964828491211	0.09120035171508789
phase2w_vs_nofeat	49259	513	improved	650	513	0.35958021879196167	0.3739386796951294	0.3362785279750824	0.3739386796951294	0.037660151720047	0.06699752807617188	0.15175247192382812
phase2w_vs_nofeat	30156	544	regressed	544	521	0.30886560678482056	0.32630854845046997	0.30886560678482056	0.27131038904190063	-0.03755521774291992	0.19042015075683594	0.18457984924316406
phase2w_vs_nofeat	7605	653	regressed	653	505	0.21981218457221985	0.20975174009799957	0.21981218457221985	0.18248824775218964	-0.03732393682003021	0.14201116561889648	0.13923883438110352
phase2w_vs_nofeat	30388	278	improved	277	278	0.4245431423187256	0.4473363161087036	0.4100477993488312	0.4473363161087036	0.037288516759872437	0.03473997116088867	0.15275907516479492
phase2w_vs_nofeat	26449	742	regressed	742	713	0.4844873547554016	0.44919952750205994	0.4844873547554016	0.44723495841026306	-0.03725239634513855	0.18311691284179688	0.004383087158203125
phase2w_vs_nofeat	32663	618	improved	828	618	0.5110481977462769	0.4855761229991913	0.4483605921268463	0.4855761229991913	0.03721553087234497	0.13086605072021484	0.056633949279785156
phase2w_vs_nofeat	10988	124	regressed	124	125	0.2569347620010376	0.3092096745967865	0.2569347620010376	0.21990172564983368	-0.03703303635120392	0.06541109085083008	0.3408389091491699
phase2w_vs_nofeat	17120	862	regressed	862	733	0.08586937934160233	0.056435007601976395	0.08586937934160233	0.04884243756532669	-0.037026941776275635	0.23050975799560547	0.14449024200439453
phase2w_vs_nofeat	42302	813	regressed	813	567	0.40343284606933594	0.42443135380744934	0.40343284606933594	0.3666245639324188	-0.036808282136917114	0.041088104248046875	0.14641189575195312
phase2w_vs_nofeat	37218	207	regressed	207	219	0.44121313095092773	0.40584027767181396	0.44121313095092773	0.40468427538871765	-0.03652885556221008	0.2158975601196289	0.0028524398803710938
phase2w_vs_nofeat	23188	184	improved	191	184	0.3106421232223511	0.31668734550476074	0.28017565608024597	0.31668734550476074	0.03651168942451477	0.1032247543334961	0.1155252456665039
phase2w_vs_nofeat	17931	926	regressed	926	909	0.19625912606716156	0.1991787999868393	0.19625912606716156	0.15975996851921082	-0.036499157547950745	0.007294178009033203	0.19657468795776367
phase2w_vs_nofeat	19841	153	improved	805	153	0.2179355025291443	0.17111912369728088	0.13464392721652985	0.17111912369728088	0.03647519648075104	0.4815654754638672	0.11218452453613281
phase2w_vs_nofeat	13705	397	improved	983	397	0.30049315094947815	0.336085706949234	0.2997514307498932	0.336085706949234	0.03633427619934082	0.002471446990966797	0.0912785530090332
phase2w_vs_nofeat	726	187	regressed	187	201	0.3765687644481659	0.39152777194976807	0.3765687644481659	0.34029245376586914	-0.03627631068229675	0.07849884033203125	0.14025115966796875
phase2w_vs_nofeat	44878	723	improved	795	723	0.245517298579216	0.2604789733886719	0.22424693405628204	0.2604789733886719	0.03623203933238983	0.09061956405639648	0.034380435943603516
phase2w_vs_nofeat	40303	126	regressed	126	113	0.13153089582920074	0.16136331856250763	0.13153089582920074	0.09536397457122803	-0.03616692125797272	0.06779241561889648	0.4810323715209961
phase2w_vs_nofeat	5050	812	regressed	812	657	0.34517306089401245	0.3598178029060364	0.34517306089401245	0.30904847383499146	-0.036124587059020996	0.004150390625	0.152099609375
phase2w_vs_nofeat	39199	356	regressed	356	358	0.2923392355442047	0.3186950385570526	0.2923392355442047	0.25642165541648865	-0.035917580127716064	0.054065704345703125	0.21741151809692383
phase2w_vs_nofeat	6303	877	improved	905	877	0.3804590702056885	0.40635401010513306	0.37088239192962646	0.40635401010513306	0.03547161817550659	0.025493621826171875	0.3495063781738281
phase2w_vs_nofeat	10807	341	improved	342	341	0.41445019841194153	0.44809097051620483	0.4127509593963623	0.44809097051620483	0.03534001111984253	0.004108428955078125	0.18339157104492188
phase2w_vs_nofeat	25645	895	regressed	895	908	0.38107219338417053	0.4154074192047119	0.38107219338417053	0.3458118736743927	-0.03526031970977783	0.0666351318359375	0.1833648681640625
phase2w_vs_nofeat	2447	299	improved	298	299	0.41858869791030884	0.406190425157547	0.37116923928260803	0.406190425157547	0.035021185874938965	0.12023067474365234	0.12976932525634766
phase2w_vs_nofeat	2688	868	regressed	868	519	0.1871468722820282	0.1740119606256485	0.1871468722820282	0.15216326713562012	-0.03498360514640808	0.0533299446105957	0.1341700553894043
phase2w_vs_nofeat	43557	681	improved	620	681	0.4201689660549164	0.4168282151222229	0.38189277052879333	0.4168282151222229	0.034935444593429565	0.09551715850830078	0.12323284149169922
phase2w_vs_nofeat	18853	731	regressed	731	416	0.07799366861581802	0.05435379222035408	0.07799366861581802	0.043215107172727585	-0.03477856144309044	0.2706756591796875	0.2293243408203125
phase2w_vs_nofeat	28689	935	regressed	935	938	0.3729651868343353	0.34133848547935486	0.3729651868343353	0.3382391333580017	-0.03472605347633362	0.20962858200073242	0.009121417999267578
phase2w_vs_nofeat	166	813	improved	828	813	0.09786542505025864	0.10696575790643692	0.07228721678256989	0.10696575790643692	0.034678541123867035	0.3029460906982422	0.32791996002197266
phase2w_vs_nofeat	30530	670	improved	665	670	0.3333415985107422	0.36434346437454224	0.32968229055404663	0.36434346437454224	0.034661173820495605	0.01103830337524414	0.08271169662475586
phase2w_vs_nofeat	2843	517	improved	536	517	0.3498792350292206	0.34453168511390686	0.3100340664386749	0.34453168511390686	0.034497618675231934	0.12090587615966797	0.09784412384033203
phase2w_vs_nofeat	13116	764	improved	413	764	0.37954673171043396	0.3726784586906433	0.3385275602340698	0.3726784586906433	0.034150898456573486	0.11437225341796875	0.01062774658203125
phase2w_vs_nofeat	17435	119	regressed	119	124	0.07037243992090225	0.047778673470020294	0.07037243992090225	0.03654106333851814	-0.03383137658238411	0.0756072998046875	0.11548089981079102
phase2w_vs_nofeat	11595	413	improved	764	413	0.45840269327163696	0.4733853340148926	0.439602255821228	0.4733853340148926	0.03378307819366455	0.04187774658203125	0.08312225341796875
phase2w_vs_nofeat	39037	919	regressed	919	412	0.33903536200523376	0.3332633078098297	0.33903536200523376	0.30533847212791443	-0.033696889877319336	0.03748798370361328	0.08751201629638672
phase2w_vs_nofeat	37451	584	improved	641	584	0.15047942101955414	0.1350824385881424	0.10142295807600021	0.1350824385881424	0.03365948051214218	0.39452695846557617	0.13672304153442383
phase2w_vs_nofeat	15537	58	improved	30	58	0.28757861256599426	0.23863129317760468	0.20532864332199097	0.23863129317760468	0.03330264985561371	0.23918390274047852	0.006865501403808594
phase2w_vs_nofeat	11654	393	improved	108	393	0.46244317293167114	0.47360995411872864	0.44040200114250183	0.47360995411872864	0.03320795297622681	0.04883575439453125	0.07616424560546875
phase2w_vs_nofeat	13978	987	improved	962	987	0.232631653547287	0.16626746952533722	0.1332676261663437	0.16626746952533722	0.03299984335899353	0.41413354873657227	0.005403041839599609
phase2w_vs_nofeat	33603	198	improved	196	198	0.4025559425354004	0.3993746042251587	0.3664918541908264	0.3993746042251587	0.032882750034332275	0.0938577651977539	0.062392234802246094
phase2w_vs_nofeat	31327	608	regressed	608	502	0.17348159849643707	0.1477261483669281	0.17348159849643707	0.14067676663398743	-0.032804831862449646	0.18425273895263672	0.04889535903930664
phase2w_vs_nofeat	96	764	improved	456	764	0.1161189079284668	0.11487112194299698	0.08207732439041138	0.11487112194299698	0.0327937975525856	0.10452842712402344	0.13257551193237305
phase2w_vs_nofeat	43976	468	improved	454	468	0.1847589612007141	0.15545113384723663	0.12268442660570145	0.15545113384723663	0.03276670724153519	0.4094367027282715	0.059313297271728516
phase2w_vs_nofeat	18412	492	improved	695	492	0.19295579195022583	0.1710934191942215	0.1383761316537857	0.1710934191942215	0.03271728754043579	0.3324856758117676	0.07376432418823242
phase2w_vs_nofeat	28240	422	improved	543	422	0.43678876757621765	0.4410759508609772	0.40837976336479187	0.4410759508609772	0.0326961874961853	0.06725215911865234	0.057747840881347656
phase2w_vs_nofeat	12655	461	improved	524	461	0.4353088140487671	0.4296441972255707	0.3969976007938385	0.4296441972255707	0.03264659643173218	0.09212541580200195	0.09537506103515625
phase2w_vs_nofeat	42163	33	regressed	33	34	0.43771812319755554	0.4151304066181183	0.43771812319755554	0.4051520824432373	-0.03256604075431824	0.03816986083984375	0.02433013916015625
phase2w_vs_nofeat	45281	511	regressed	511	817	0.445935994386673	0.4393012225627899	0.445935994386673	0.41345226764678955	-0.03248372673988342	0.06435680389404297	0.06064319610595703
phase2w_vs_nofeat	7919	358	improved	356	358	0.378532737493515	0.4104763865470886	0.37802624702453613	0.4104763865470886	0.03245013952255249	0.001338958740234375	0.21741104125976562
phase2w_vs_nofeat	21640	217	improved	215	217	0.3910512626171112	0.4020932614803314	0.3697064220905304	0.4020932614803314	0.032386839389801025	0.05612945556640625	0.06887054443359375
phase2w_vs_nofeat	11762	809	improved	925	809	0.34194257855415344	0.3662208914756775	0.33396032452583313	0.3662208914756775	0.03226056694984436	0.02362060546875	0.16387939453125
phase2w_vs_nofeat	193	68	improved	66	68	0.40897679328918457	0.4215834140777588	0.38939088582992554	0.4215834140777588	0.03219252824783325	0.049074649810791016	0.07592535018920898
phase2w_vs_nofeat	4268	584	regressed	584	679	0.3495304584503174	0.330807089805603	0.3495304584503174	0.3174574673175812	-0.032072991132736206	0.27130842208862305	0.04119157791137695
phase2w_vs_nofeat	31375	860	improved	454	860	0.34379613399505615	0.32548433542251587	0.2935287058353424	0.32548433542251587	0.03195562958717346	0.15807342529296875	0.029427051544189453
phase2w_vs_nofeat	49759	855	regressed	855	968	0.22566427290439606	0.23651628196239471	0.22566427290439606	0.19374774396419525	-0.031916528940200806	0.20678997039794922	0.19946002960205078
phase2w_vs_nofeat	24545	665	regressed	665	671	0.38487717509269714	0.4233435392379761	0.38487717509269714	0.3532421290874481	-0.03163504600524902	0.0064697265625	0.1810302734375
phase2w_vs_nofeat	8851	720	regressed	720	686	0.17344023287296295	0.15840178728103638	0.17344023287296295	0.14207707345485687	-0.03136315941810608	0.5474848747253418	0.1087651252746582
phase2w_vs_nofeat	38842	481	regressed	481	453	0.3062115013599396	0.2848491668701172	0.3062115013599396	0.2748662829399109	-0.031345218420028687	0.089324951171875	0.035675048828125
phase2w_vs_nofeat	14544	837	regressed	837	877	0.17049798369407654	0.19504567980766296	0.17049798369407654	0.13915830850601196	-0.031339675188064575	0.025650501251220703	0.33762168884277344
phase2w_vs_nofeat	43387	680	improved	720	680	0.2527860999107361	0.24517686665058136	0.21403424441814423	0.24517686665058136	0.031142622232437134	0.16640758514404297	0.05234241485595703
phase2w_vs_nofeat	16617	970	improved	979	970	0.42124107480049133	0.4472598135471344	0.41611912846565247	0.4472598135471344	0.031140685081481934	0.012233734130859375	0.11276626586914062
phase2w_vs_nofeat	44836	878	regressed	878	810	0.46735483407974243	0.4792081117630005	0.46735483407974243	0.43645378947257996	-0.030901044607162476	0.03154754638671875	0.09345245361328125
phase2w_vs_nofeat	36898	158	improved	171	158	0.28724485635757446	0.3104703724384308	0.27985042333602905	0.3104703724384308	0.030619949102401733	0.026079654693603516	0.036420345306396484
phase2w_vs_nofeat	17884	519	regressed	519	737	0.3663589060306549	0.33820557594299316	0.3663589060306549	0.3361671566963196	-0.030191749334335327	0.15020465850830078	0.006045341491699219
phase2w_vs_nofeat	14452	619	regressed	619	846	0.44730669260025024	0.4548637270927429	0.44730669260025024	0.4174661636352539	-0.029840528964996338	0.03920555114746094	0.08579444885253906
phase2w_vs_nofeat	16342	781	improved	530	781	0.4482300877571106	0.4259730577468872	0.39616039395332336	0.4259730577468872	0.029812663793563843	0.12348747253417969	0.06401252746582031
phase2w_vs_nofeat	10294	441	regressed	441	737	0.42869848012924194	0.4036991596221924	0.42869848012924194	0.39906996488571167	-0.029628515243530273	0.05096721649169922	0.011533260345458984
phase2w_vs_nofeat	40167	740	improved	589	740	0.32990381121635437	0.339336633682251	0.309734970331192	0.339336633682251	0.02960166335105896	0.06308412551879883	0.12441587448120117
phase2w_vs_nofeat	39601	567	regressed	567	544	0.37033966183662415	0.41040968894958496	0.37033966183662415	0.3409551978111267	-0.029384464025497437	0.15834522247314453	0.18540477752685547
phase2w_vs_nofeat	43097	63	improved	52	63	0.21121391654014587	0.18962009251117706	0.16032488644123077	0.18962009251117706	0.02929520606994629	0.2756690979003906	0.005580902099609375
phase2w_vs_nofeat	36502	188	improved	155	188	0.39849525690078735	0.3874470293521881	0.3582483232021332	0.3874470293521881	0.02919870615005493	0.10646915435791016	0.018530845642089844
phase2w_vs_nofeat	40194	513	regressed	513	875	0.43053916096687317	0.47146210074424744	0.43053916096687317	0.4013414978981018	-0.029197663068771362	0.0264739990234375	0.1610260009765625
phase2w_vs_nofeat	29959	849	regressed	849	899	0.22445063292980194	0.21004873514175415	0.22445063292980194	0.19529631733894348	-0.02915431559085846	0.020928382873535156	0.07282161712646484
phase2w_vs_nofeat	39824	272	improved	269	272	0.21167472004890442	0.23101603984832764	0.20190149545669556	0.23101603984832764	0.02911454439163208	0.047270774841308594	0.1402292251586914
phase2w_vs_nofeat	38574	400	improved	501	400	0.20733024179935455	0.1961253583431244	0.16708442568778992	0.1961253583431244	0.029040932655334473	0.21581363677978516	0.0029363632202148438
phase2w_vs_nofeat	9084	841	regressed	841	785	0.11920256912708282	0.15127679705619812	0.11920256912708282	0.0903576910495758	-0.02884487807750702	0.16029024124145508	0.14437532424926758
phase2w_vs_nofeat	26941	912	improved	716	912	0.4817901849746704	0.4719901978969574	0.4432101547718048	0.4719901978969574	0.028780043125152588	0.0834646224975586	0.041535377502441406
phase2w_vs_nofeat	17093	4	regressed	4	3	0.3383166491985321	0.3114115297794342	0.3383166491985321	0.3096139132976532	-0.028702735900878906	0.05671072006225586	0.005789279937744141
phase2w_vs_nofeat	33436	965	improved	928	965	0.13962556421756744	0.14311839640140533	0.11468391865491867	0.14311839640140533	0.028434477746486664	0.10109138488769531	0.021965503692626953
phase2w_vs_nofeat	1432	161	regressed	161	162	0.4122668504714966	0.3986804485321045	0.4122668504714966	0.38401177525520325	-0.028255075216293335	0.08751296997070312	0.037487030029296875
phase2w_vs_nofeat	39943	756	regressed	756	427	0.20875361561775208	0.21586069464683533	0.20875361561775208	0.18050263822078705	-0.028250977396965027	0.07111215591430664	0.17888784408569336
phase2w_vs_nofeat	7994	400	improved	667	400	0.475798100233078	0.5026031136512756	0.47439444065093994	0.5026031136512756	0.028208673000335693	0.0029544830322265625	0.12204551696777344
phase2w_vs_nofeat	34521	402	regressed	402	420	0.28593575954437256	0.2718998193740845	0.28593575954437256	0.2578578591346741	-0.028077900409698486	0.2594747543334961	0.053025245666503906
phase2w_vs_nofeat	43591	767	regressed	767	680	0.11088593304157257	0.11807881295681	0.11088593304157257	0.08312411606311798	-0.02776181697845459	0.1343517303466797	0.09613180160522461
phase2w_vs_nofeat	29457	753	regressed	753	807	0.37596920132637024	0.36169159412384033	0.37596920132637024	0.34838980436325073	-0.027579396963119507	0.05628013610839844	0.03746986389160156
phase2w_vs_nofeat	36287	66	regressed	66	54	0.2644259035587311	0.25173312425613403	0.2644259035587311	0.23699909448623657	-0.027426809072494507	0.09593677520751953	0.06031322479248047
phase2w_vs_nofeat	28647	349	improved	348	349	0.4570792317390442	0.45052799582481384	0.4231123626232147	0.45052799582481384	0.02741563320159912	0.07721900939941406	0.04778099060058594
phase2w_vs_nofeat	30410	702	improved	602	702	0.27306774258613586	0.29695791006088257	0.26970693469047546	0.29695791006088257	0.027250975370407104	0.01238393783569336	0.08136606216430664
phase2w_vs_nofeat	38369	225	improved	262	225	0.29392334818840027	0.26324477791786194	0.2361096441745758	0.26324477791786194	0.027135133743286133	0.2190227508544922	0.06222724914550781
phase2w_vs_nofeat	11648	399	improved	452	399	0.23778708279132843	0.2121105194091797	0.18509916961193085	0.2121105194091797	0.02701134979724884	0.25048398971557617	0.06201601028442383
phase2w_vs_nofeat	44298	892	improved	409	892	0.28407177329063416	0.29027965664863586	0.2634885013103485	0.29027965664863586	0.026791155338287354	0.07521724700927734	0.018532752990722656
phase2w_vs_nofeat	9142	524	regressed	524	461	0.24891403317451477	0.275941401720047	0.24891403317451477	0.2754933536052704	0.026579320430755615	0.09212493896484375	0.00162506103515625
phase2w_vs_nofeat	23204	587	regressed	587	784	0.30362382531166077	0.29127737879753113	0.30362382531166077	0.2772018611431122	-0.026421964168548584	0.075469970703125	0.049530029296875
phase2w_vs_nofeat	36074	836	regressed	836	837	0.4257107377052307	0.45001012086868286	0.4257107377052307	0.3993626832962036	-0.0263480544090271	0.0055999755859375	0.1194000244140625
phase2w_vs_nofeat	31451	35	improved	316	35	0.17654497921466827	0.1763847917318344	0.15007324516773224	0.1763847917318344	0.026311546564102173	0.16245222091674805	0.055112361907958984
phase2w_vs_nofeat	6310	780	regressed	780	914	0.42393234372138977	0.4473971128463745	0.42393234372138977	0.3976726531982422	-0.026259690523147583	0.007182121276855469	0.11781740188598633
phase2w_vs_nofeat	16598	977	regressed	977	484	0.33316150307655334	0.32474055886268616	0.33316150307655334	0.3071330189704895	-0.026028484106063843	0.19425439834594727	0.055745601654052734
phase2w_vs_nofeat	46793	435	improved	943	435	0.13680970668792725	0.15828841924667358	0.13238723576068878	0.15828841924667358	0.025901183485984802	0.03285980224609375	0.40464019775390625
phase2w_vs_nofeat	4997	168	improved	159	168	0.3382061719894409	0.3502383530139923	0.3246796131134033	0.3502383530139923	0.02555873990058899	0.0408167839050293	0.0529332160949707
phase2w_vs_nofeat	11635	794	improved	905	794	0.20039305090904236	0.20564021170139313	0.1802007555961609	0.20564021170139313	0.02543945610523224	0.10620927810668945	0.08129072189331055
phase2w_vs_nofeat	37351	757	improved	812	757	0.22814200818538666	0.2307538092136383	0.20533916354179382	0.2307538092136383	0.025414645671844482	0.10530519485473633	0.48844480514526367
phase2w_vs_nofeat	45245	840	regressed	840	462	0.2113259732723236	0.18672767281532288	0.2113259732723236	0.18605682253837585	-0.025269150733947754	0.3089008331298828	0.0035991668701171875
phase2w_vs_nofeat	11125	923	regressed	923	928	0.40340861678123474	0.39867088198661804	0.40340861678123474	0.3781995177268982	-0.025209099054336548	0.13478565216064453	0.05271434783935547
phase2w_vs_nofeat	26471	764	regressed	764	413	0.2913273572921753	0.2717946767807007	0.2913273572921753	0.266247034072876	-0.025080323219299316	0.07312774658203125	0.02062225341796875
phase2w_vs_nofeat	12328	231	improved	230	231	0.4491659998893738	0.47147825360298157	0.44663766026496887	0.47147825360298157	0.024840593338012695	0.005644798278808594	0.1193552017211914
phase2w_vs_nofeat	19	817	regressed	817	751	0.3605470061302185	0.3637457489967346	0.3605470061302185	0.3358948528766632	-0.024652153253555298	0.07659292221069336	0.07965707778930664
phase2w_vs_nofeat	44125	155	regressed	155	204	0.4263833463191986	0.42738863825798035	0.4263833463191986	0.4018162488937378	-0.024567097425460815	0.00080108642578125	0.06169891357421875
phase2w_vs_nofeat	42219	681	improved	620	681	0.44092950224876404	0.4008788764476776	0.3764810860157013	0.4008788764476776	0.02439779043197632	0.15801715850830078	0.06073284149169922
phase2w_vs_nofeat	1148	358	regressed	358	359	0.43288516998291016	0.4095355272293091	0.43288516998291016	0.40875011682510376	-0.024135053157806396	0.12308025360107422	0.0019197463989257812
phase2w_vs_nofeat	6097	848	improved	482	848	0.334011435508728	0.3440794050693512	0.31996244192123413	0.3440794050693512	0.024116963148117065	0.04297161102294922	0.01952838897705078
phase2w_vs_nofeat	8200	241	regressed	241	240	0.44088125228881836	0.4559256136417389	0.44088125228881836	0.4168320298194885	-0.024049222469329834	0.035353660583496094	0.0896463394165039
phase2w_vs_nofeat	31934	499	regressed	499	909	0.24996352195739746	0.27990081906318665	0.24996352195739746	0.27383366227149963	0.023870140314102173	0.07183504104614258	0.02191448211669922
phase2w_vs_nofeat	24485	729	improved	534	729	0.14959080517292023	0.1653306633234024	0.14151138067245483	0.1653306633234024	0.02381928265094757	0.05552339553833008	0.006976604461669922
phase2w_vs_nofeat	17149	358	improved	359	358	0.4282606542110443	0.42535001039505005	0.401542067527771	0.42535001039505005	0.023807942867279053	0.06441974639892578	0.06058025360107422
phase2w_vs_nofeat	12459	839	improved	718	839	0.44638508558273315	0.4634396433830261	0.43968796730041504	0.4634396433830261	0.023751676082611084	0.015116691589355469	0.04738330841064453
phase2w_vs_nofeat	734	928	regressed	928	927	0.3864448666572571	0.41220971941947937	0.3864448666572571	0.36274558305740356	-0.023699283599853516	0.02841949462890625	0.12783050537109375
phase2w_vs_nofeat	2090	903	improved	459	903	0.30153217911720276	0.30464187264442444	0.2809857428073883	0.30464187264442444	0.023656129837036133	0.0705728530883789	0.0856771469116211
phase2w_vs_nofeat	47132	373	regressed	373	370	0.20898908376693726	0.22154220938682556	0.20898908376693726	0.18548378348350525	-0.023505300283432007	0.009854316711425781	0.17764568328857422
phase2w_vs_nofeat	49737	764	improved	413	764	0.39935505390167236	0.36778125166893005	0.39120379090309143	0.36778125166893005	-0.023422539234161377	0.02062225341796875	0.01062774658203125
phase2w_vs_nofeat	13690	903	improved	589	903	0.11171276122331619	0.10754068940877914	0.08412156254053116	0.10754068940877914	0.023419126868247986	0.28366804122924805	0.24758195877075195
phase2w_vs_nofeat	4324	848	improved	481	848	0.2682434618473053	0.2798481285572052	0.25669440627098083	0.2798481285572052	0.023153722286224365	0.032286643981933594	0.01952838897705078
phase2w_vs_nofeat	14480	21	improved	18	21	0.27421846985816956	0.2956695854663849	0.2725527286529541	0.2956695854663849	0.023116856813430786	0.006093025207519531	0.27515697479248047
phase2w_vs_nofeat	12362	492	improved	626	492	0.1721552014350891	0.18534228205680847	0.16264258325099945	0.18534228205680847	0.02269969880580902	0.056841373443603516	0.09940862655639648
phase2w_vs_nofeat	44795	827	improved	909	827	0.23672130703926086	0.24740511178970337	0.22478263080120087	0.24740511178970337	0.022622480988502502	0.05174970626831055	0.5420002937316895
phase2w_vs_nofeat	43943	336	improved	299	336	0.36532947421073914	0.3829362988471985	0.3603479564189911	0.3829362988471985	0.022588342428207397	0.013729572296142578	0.11127042770385742
phase2w_vs_nofeat	44169	235	improved	225	235	0.24142485857009888	0.26352059841156006	0.24116010963916779	0.26352059841156006	0.022360488772392273	0.0010972023010253906	0.12390279769897461
phase2w_vs_nofeat	1328	231	regressed	231	230	0.407858282327652	0.40025895833969116	0.407858282327652	0.3857605755329132	-0.02209770679473877	0.025605201721191406	0.036894798278808594
phase2w_vs_nofeat	6075	851	regressed	851	548	0.22869773209095	0.252754271030426	0.22869773209095	0.20662446320056915	-0.02207326889038086	0.07973527908325195	0.20151472091674805
phase2w_vs_nofeat	14777	680	regressed	680	631	0.18000836670398712	0.19423605501651764	0.18000836670398712	0.15807199478149414	-0.02193637192249298	0.012726306915283203	0.2060236930847168
phase2w_vs_nofeat	16247	21	regressed	21	912	0.3134578764438629	0.30640047788619995	0.3134578764438629	0.29157498478889465	-0.02188289165496826	0.07540416717529297	0.04959583282470703
phase2w_vs_nofeat	30340	967	improved	504	967	0.36988574266433716	0.3673965334892273	0.34574028849601746	0.3673965334892273	0.02165624499320984	0.06750631332397461	0.08874368667602539
phase2w_vs_nofeat	35874	709	improved	893	709	0.30148962140083313	0.31423768401145935	0.2926235496997833	0.31423768401145935	0.021614134311676025	0.029848575592041016	0.09515142440795898
phase2w_vs_nofeat	46609	966	regressed	966	907	0.2398877739906311	0.23930366337299347	0.2398877739906311	0.21830831468105316	-0.021579459309577942	0.033174991607666016	0.0018362998962402344
phase2w_vs_nofeat	40184	623	improved	563	623	0.36804085969924927	0.3597954213619232	0.3382439911365509	0.3597954213619232	0.021551430225372314	0.0844264030456543	0.009323596954345703
phase2w_vs_nofeat	1232	842	regressed	842	445	0.35390400886535645	0.34638217091560364	0.35390400886535645	0.33270007371902466	-0.021203935146331787	0.02219867706298828	0.04030132293701172
phase2w_vs_nofeat	1554	170	improved	267	170	0.20677314698696136	0.16151843965053558	0.1403389424085617	0.16151843965053558	0.021179497241973877	0.10654211044311523	0.00023031234741210938
phase2w_vs_nofeat	24164	335	regressed	335	103	0.2340863198041916	0.3084512948989868	0.2340863198041916	0.21291643381118774	-0.021169885993003845	0.16058588027954102	0.370664119720459
phase2w_vs_nofeat	38175	841	regressed	841	917	0.1984667330980301	0.18136762082576752	0.1984667330980301	0.17735160887241364	-0.021115124225616455	0.13385820388793945	0.022391796112060547
phase2w_vs_nofeat	28925	344	regressed	344	209	0.10224802792072296	0.10216806828975677	0.10224802792072296	0.08147160708904266	-0.020776420831680298	0.31201887130737305	0.2263646125793457
phase2w_vs_nofeat	15223	74	improved	73	74	0.282198965549469	0.26954272389411926	0.24886175990104675	0.26954272389411926	0.02068096399307251	0.10581111907958984	0.030535221099853516
phase2w_vs_nofeat	42135	929	improved	96	929	0.2968478798866272	0.2810375392436981	0.26055338978767395	0.2810375392436981	0.02048414945602417	0.13041210174560547	0.08833789825439453
phase2w_vs_nofeat	44990	861	regressed	861	896	0.2691502571105957	0.2632580101490021	0.2691502571105957	0.24877972900867462	-0.02037052810192108	0.005933284759521484	0.056566715240478516
phase2w_vs_nofeat	15393	146	improved	22	146	0.22855937480926514	0.2326488345861435	0.2123633474111557	0.2326488345861435	0.020285487174987793	0.07349729537963867	0.2034440040588379
phase2w_vs_nofeat	5108	961	regressed	961	69	0.1879890114068985	0.16915322840213776	0.1879890114068985	0.16778846085071564	-0.02020055055618286	0.3981490135192871	0.00810098648071289
phase2w_vs_nofeat	12385	395	improved	389	395	0.4368569850921631	0.4056669771671295	0.385550320148468	0.4056669771671295	0.0201166570186615	0.12493419647216797	0.03131580352783203
